time_s,state,x_m,y_m,z_down_m,yaw_deg,roll_deg,pitch_deg,yaw_ref_deg,vx_ms,vy_ms,vz_ms,range_front_m,range_back_m,range_left_m,range_right_m,range_up_m,target_x_m,target_y_m
0.239,,0.0,0.0,0.013,0.0,0.0,0.0,0.0,0.0,0.0,0.0,0.669,0.422,2.532,0.22,,,
0.243,,0.4987,1.3143,0.011,-0.69,-1.66,0.46,0.0,-0.0084,0.0036,0.0008,0.669,0.422,2.532,0.22,,,
0.246,,0.4993,1.3142,0.012,-0.69,-1.66,0.44,0.0,-0.0048,0.003,-0.0021,0.672,0.423,,0.22,,,
0.249,,0.4985,1.3136,0.012,-0.69,-1.64,0.46,0.0,-0.0079,0.0003,-0.0023,0.672,0.423,,0.22,,,
0.31,,0.4994,1.3141,0.012,-0.69,-1.66,0.43,0.0,-0.0042,0.0028,-0.0026,0.673,0.419,,0.229,,,
0.337,,0.4992,1.3146,0.012,-0.69,-1.67,0.43,0.0,-0.0048,0.0041,-0.0033,0.673,0.419,,0.229,,,
0.386,,0.4992,1.3146,0.012,-0.68,-1.67,0.43,0.0,-0.0052,0.0037,-0.0034,0.67,0.42,,0.221,,,
0.436,,0.4989,1.3143,0.012,-0.68,-1.66,0.43,0.0,-0.0058,0.0025,-0.0032,0.67,0.42,,0.221,,,
0.49,,0.4965,1.3142,0.013,-0.67,-1.66,0.52,0.0,-0.0169,0.0032,-0.003,0.67,0.422,,0.219,,,
0.544,,0.4992,1.3143,0.012,-0.68,-1.66,0.42,0.0,-0.0036,0.003,-0.0003,0.67,0.422,,0.219,,,
0.59,,0.4989,1.3143,0.012,-0.67,-1.65,0.43,0.0,-0.0054,0.0031,-0.0014,0.676,0.421,,0.221,,,
0.635,,0.4992,1.3146,0.012,-0.67,-1.67,0.43,0.0,-0.0046,0.0042,-0.0022,0.676,0.421,,0.221,,,
0.686,,0.4989,1.3146,0.012,-0.67,-1.66,0.43,0.0,-0.0052,0.0034,-0.0025,0.672,0.423,,0.222,,,
0.735,,0.4965,1.3146,0.012,-0.66,-1.67,0.52,0.0,-0.0168,0.0042,-0.0033,0.672,0.423,,0.222,,,
0.785,,0.4991,1.3147,0.011,-0.67,-1.66,0.42,0.0,-0.0035,0.0043,-0.0033,0.671,0.42,2.53,0.22,,,
0.835,,0.4988,1.3144,0.013,-0.67,-1.65,0.43,0.0,-0.0042,0.0027,-0.0049,0.671,0.42,2.53,0.22,,,
0.905,,0.499,1.3145,0.012,-0.66,-1.65,0.43,0.0,-0.0034,0.0034,-0.0017,0.669,0.424,,0.222,,,
0.945,,0.4987,1.3147,0.012,-0.66,-1.66,0.44,0.0,-0.0051,0.0048,-0.002,0.669,0.424,,0.222,,,
0.985,,0.499,1.3147,0.011,-0.66,-1.66,0.43,0.0,-0.0037,0.0038,-0.0025,0.67,0.422,,0.215,,,
1.035,,0.4986,1.3145,0.012,-0.66,-1.65,0.44,0.0,-0.0051,0.0023,-0.0046,0.67,0.422,,0.215,,,
1.086,,0.4986,1.3148,0.012,-0.65,-1.66,0.44,0.0,-0.0046,0.0038,-0.0037,0.671,0.416,,0.222,,,
1.139,,0.4986,1.3148,0.012,-0.65,-1.66,0.44,0.0,-0.0053,0.0042,-0.0023,0.671,0.416,,0.222,,,
1.205,,0.4989,1.3146,0.013,-0.65,-1.65,0.44,0.0,-0.004,0.0029,-0.0016,0.672,0.419,,0.221,,,
1.254,,0.4986,1.3148,0.012,-0.65,-1.66,0.44,0.0,-0.0053,0.0043,0.0005,0.672,0.419,,0.221,,,
1.286,,0.4987,1.315,0.011,-0.65,-1.66,0.44,0.0,-0.0047,0.0046,-0.001,0.669,0.42,,0.222,,,
1.335,,0.4988,1.3147,0.012,-0.64,-1.65,0.43,0.0,-0.0036,0.0029,-0.0031,0.669,0.42,,0.222,,,
1.41,,0.4985,1.3147,0.011,-0.64,-1.64,0.45,0.0,-0.0054,0.0027,-0.0032,0.671,0.42,,0.224,,,
1.452,,0.4963,1.3149,0.013,-0.63,-1.66,0.53,0.0,-0.0154,0.0038,-0.0054,0.671,0.42,,0.224,,,
1.516,,0.4988,1.3147,0.011,-0.64,-1.65,0.44,0.0,-0.0032,0.0026,-0.0022,0.671,0.422,,0.22,,,
1.536,,0.4961,1.315,0.013,-0.63,-1.66,0.53,0.0,-0.0156,0.0042,-0.0042,0.671,0.422,,0.22,,,
1.585,,0.4987,1.3152,0.011,-0.64,-1.66,0.45,0.0,-0.0041,0.0044,-0.0006,0.669,0.422,,0.223,,,
1.636,,0.4986,1.3149,0.012,-0.64,-1.65,0.45,0.0,-0.0051,0.0033,-0.0028,0.669,0.422,,0.223,,,
1.687,,0.4984,1.3154,0.013,-0.63,-1.67,0.45,0.0,-0.0058,0.0051,-0.0028,0.67,0.421,,0.221,,,
1.744,,0.4981,1.315,0.011,-0.63,-1.65,0.45,0.0,-0.0054,0.0031,0.0002,0.67,0.421,,0.221,,,
1.805,,0.4982,1.3136,0.013,-0.63,-1.61,0.44,0.0,-0.0055,-0.0029,-0.0026,0.676,0.422,,0.217,,,
1.835,,0.4978,1.3152,0.01,-0.62,-1.67,0.46,0.0,-0.0076,0.0048,-0.0002,0.676,0.422,,0.217,,,
1.886,,0.4986,1.3153,0.012,-0.62,-1.66,0.43,0.0,-0.0042,0.0046,-0.0056,0.674,0.422,,0.226,,,
1.959,,0.4987,1.3149,0.012,-0.62,-1.65,0.43,0.0,-0.004,0.0034,-0.0039,0.674,0.422,,0.226,,,
2.001,,0.4984,1.315,0.013,-0.62,-1.65,0.44,0.0,-0.0047,0.003,-0.0038,0.671,0.427,,0.222,,,
2.04,,0.4984,1.315,0.012,-0.62,-1.65,0.43,0.0,-0.0044,0.0035,-0.0011,0.671,0.427,,0.222,,,
2.085,,0.4986,1.315,0.009,-0.62,-1.65,0.43,0.0,-0.0034,0.0036,-0.0021,0.675,0.422,,0.22,,,
2.136,,0.4963,1.3149,0.01,-0.61,-1.65,0.51,0.0,-0.0142,0.0032,-0.0091,0.675,0.422,,0.22,,,
2.187,,0.4986,1.3153,0.009,-0.62,-1.65,0.43,0.0,-0.0035,0.0041,-0.0104,0.674,0.422,,0.224,,,
2.236,,0.4986,1.3131,0.01,-0.61,-1.57,0.43,0.0,-0.004,-0.0069,-0.0124,0.674,0.422,,0.224,,,
2.289,,0.4982,1.3145,0.009,-0.61,-1.62,0.45,0.0,-0.0057,0.0001,-0.0104,0.674,0.424,,0.218,,,
2.338,,0.4986,1.3151,0.008,-0.61,-1.65,0.44,0.0,-0.0047,0.0032,-0.0108,0.674,0.424,,0.218,,,
2.385,,0.4984,1.3155,0.011,-0.61,-1.66,0.45,0.0,-0.0055,0.0048,-0.0125,0.67,0.421,2.505,0.223,,,
2.434,,0.4981,1.3158,0.014,-0.61,-1.66,0.45,0.0,-0.0069,0.0051,-0.0058,0.67,0.421,2.505,0.223,,,
2.507,,0.498,1.3155,0.012,-0.6,-1.64,0.45,0.0,-0.0073,0.0039,0.0054,0.671,0.419,,0.217,,,
2.548,,0.0,-0.0,0.012,0.0,-0.08,-0.11,0.0,0.0029,-0.0046,-0.0006,0.671,0.419,,0.217,,,
2.587,,0.0002,-0.0003,0.011,0.0,-0.23,-0.14,0.0,0.0065,-0.0129,-0.0012,0.67,0.421,,0.223,,,
2.636,,0.0003,-0.0007,0.011,0.0,-0.5,0.0,0.0,0.0052,-0.0165,-0.0031,0.67,0.421,,0.223,,,
2.685,,0.0006,-0.0011,0.012,0.0,-0.67,-0.02,0.0,0.0085,-0.019,-0.0046,0.674,0.422,2.517,0.223,,,
2.735,,0.0007,-0.0011,0.012,0.0,-0.92,0.04,0.0,0.0082,-0.0162,-0.0021,0.674,0.422,2.517,0.223,,,
2.819,,0.0005,-0.0013,0.012,0.0,-1.04,0.14,0.0,0.0055,-0.0164,-0.0017,0.669,0.424,,0.222,,,
2.853,,0.0004,-0.0011,0.01,0.0,-1.2,0.2,0.0,0.004,-0.0118,-0.0013,0.669,0.424,,0.222,,,
2.884,,0.0007,-0.001,0.011,0.0,-1.3,0.21,0.0,0.0057,-0.0102,-0.0057,0.673,0.422,,0.219,,,
2.934,,0.0007,-0.0006,0.012,0.0,-1.4,0.23,0.0,0.0048,-0.006,-0.0054,0.673,0.422,,0.219,,,
2.985,,0.0008,-0.0006,0.013,0.0,-1.42,0.25,0.0,0.005,-0.0063,-0.003,0.672,0.422,,0.22,,,
3.053,,0.0004,-0.0011,0.012,-0.0,-1.42,0.31,0.0,0.0017,-0.0081,0.0007,0.672,0.422,,0.22,,,
3.106,,0.0007,-0.0004,0.012,-0.0,-1.49,0.3,0.0,0.0028,-0.0036,0.0002,0.673,0.42,,0.224,,,
3.144,,0.0008,-0.0009,0.013,0.0,-1.49,0.31,0.0,0.0021,-0.0057,-0.0008,0.673,0.42,,0.224,,,
3.185,,0.0008,-0.0008,0.013,0.0,-1.51,0.33,0.0,0.0015,-0.0055,0.0006,0.671,0.419,,0.225,,,
3.235,,0.0007,-0.0007,0.012,-0.0,-1.54,0.35,0.0,0.0006,-0.0039,0.0013,0.671,0.419,,0.225,,,
3.285,,0.0007,-0.0006,0.012,-0.0,-1.56,0.35,0.0,0.001,-0.003,-0.0015,0.671,0.42,,0.219,,,
3.371,,0.0003,-0.0005,0.012,-0.0,-1.58,0.36,0.0,-0.0011,-0.0011,-0.0029,0.671,0.42,,0.219,,,
3.402,,0.0006,-0.0004,0.013,0.0,-1.59,0.35,0.0,0.0006,0.0001,-0.0036,0.674,0.423,2.524,0.222,,,
3.435,,0.0003,-0.0004,0.013,0.0,-1.6,0.37,0.0,-0.0015,0.0009,-0.0011,0.674,0.423,2.524,0.222,,,
3.485,,0.0006,-0.0003,0.012,0.0,-1.61,0.37,0.0,-0.0006,0.0014,0.0002,0.673,0.42,,0.22,,,
3.535,,0.0005,-0.0003,0.012,0.0,-1.61,0.38,0.0,-0.001,0.0018,-0.0022,0.673,0.42,,0.22,,,
3.597,,0.0002,-0.0003,0.013,0.0,-1.62,0.4,0.0,-0.0025,0.0016,-0.0032,0.67,0.426,,0.219,,,
3.651,,0.0005,0.0001,0.011,0.0,-1.63,0.39,0.0,-0.0014,0.0035,-0.0012,0.67,0.426,,0.219,,,
3.689,,0.0005,0.0001,0.012,0.0,-1.63,0.41,0.0,-0.0015,0.0036,-0.0054,0.676,0.418,,0.217,,,
3.735,,0.0001,-0.0003,0.013,0.0,-1.62,0.42,0.0,-0.0034,0.002,-0.0043,0.676,0.418,,0.217,,,
3.785,,0.0005,-0.0002,0.012,0.0,-1.62,0.41,0.0,-0.0021,0.0018,-0.0013,0.67,0.419,,0.226,,,
3.835,,0.0005,0.0002,0.011,0.0,-1.64,0.42,0.0,-0.0025,0.0041,-0.0019,0.67,0.419,,0.226,,,
3.914,,0.0004,0.0002,0.01,0.01,-1.64,0.42,0.0,-0.0027,0.0035,-0.0046,0.671,0.419,,0.218,,,
3.95,,0.0004,-0.0002,0.014,0.01,-1.62,0.42,0.0,-0.0022,0.0015,-0.0077,0.671,0.419,,0.218,,,
3.984,,-0.0,-0.0001,0.013,0.01,-1.63,0.44,0.0,-0.0044,0.002,-0.0012,0.672,0.421,,0.221,,,
4.034,,0.0004,0.0002,0.011,0.01,-1.64,0.42,0.0,-0.0017,0.0035,0.0008,0.672,0.421,,0.221,,,
4.085,,0.0003,0.0003,0.013,0.01,-1.64,0.43,0.0,-0.003,0.0032,-0.0032,0.674,0.419,,0.222,,,
4.143,,0.0004,-0.0001,0.012,0.01,-1.63,0.43,0.0,-0.0027,0.0014,-0.0001,0.674,0.419,,0.222,,,
4.195,,0.0003,0.0004,0.01,0.01,-1.65,0.44,0.0,-0.0039,0.0036,-0.0019,0.671,0.419,,0.224,,,
4.241,,0.0004,-0.0001,0.011,0.01,-1.64,0.44,0.0,-0.0029,0.002,-0.0065,0.671,0.419,,0.224,,,
4.284,,0.0004,0.0002,0.011,0.01,-1.65,0.44,0.0,-0.0032,0.0036,-0.0064,0.674,0.422,,0.224,,,
4.334,,0.0001,-0.0001,0.011,0.0,-1.65,0.46,0.0,-0.0047,0.0025,-0.0064,0.674,0.422,,0.224,,,
4.384,,0.0004,-0.0001,0.009,0.0,-1.65,0.45,0.0,-0.0035,0.0023,-0.0062,0.672,0.417,,0.219,,,
4.461,,0.0004,-0.0002,0.011,0.0,-1.65,0.45,0.0,-0.0033,0.003,-0.0095,0.672,0.417,,0.219,,,
4.498,,0.0001,0.0001,0.013,0.0,-1.66,0.46,0.0,-0.0049,0.004,-0.0066,0.67,0.422,,0.221,,,
4.535,,-0.0023,-0.0002,0.013,-0.0,-1.66,0.55,0.0,-0.0165,0.0029,0.0005,0.67,0.422,,0.221,,,
4.584,,0.0001,-0.0002,0.01,-0.0,-1.65,0.45,0.0,-0.0046,0.0029,0.0046,0.674,0.421,,0.222,,,
4.634,,0.0001,-0.0002,0.012,-0.0,-1.65,0.45,0.0,-0.0042,0.0026,-0.0014,0.674,0.421,,0.222,,,
4.691,,0.0003,-0.0002,0.013,-0.0,-1.65,0.44,0.0,-0.0034,0.0026,-0.0001,0.67,0.42,,0.22,,,
4.745,,-0.0,-0.0002,0.011,-0.01,-1.65,0.44,0.0,-0.0048,0.0029,0.0024,0.67,0.42,,0.22,,,
4.784,,-0.0002,-0.0001,0.009,-0.01,-1.65,0.45,0.0,-0.0059,0.0027,-0.0016,0.671,0.42,,0.223,,,
4.835,,0.0001,-0.0001,0.012,-0.01,-1.65,0.44,0.0,-0.0039,0.0031,-0.0083,0.671,0.42,,0.223,,,
4.884,,-0.0002,0.0,0.011,-0.01,-1.65,0.45,0.0,-0.0054,0.0032,-0.0061,0.669,0.421,,0.221,,,
4.95,,-0.0031,0.0,0.009,-0.01,-1.64,0.56,0.0,-0.0197,0.003,-0.0059,0.669,0.421,,0.221,,,
5.005,,-0.0003,0.0005,0.012,-0.01,-1.65,0.45,0.0,-0.0052,0.0046,-0.0099,0.67,0.419,,0.221,,,
5.038,,-0.0008,0.0006,0.013,-0.01,-1.65,0.47,0.0,-0.0071,0.005,-0.0046,0.67,0.419,,0.221,,,
5.084,,-0.0037,0.0005,0.011,-0.01,-1.64,0.57,0.0,-0.0201,0.0042,0.0001,0.672,0.423,,0.225,,,
5.134,,-0.0002,0.0001,0.011,-0.02,-1.63,0.45,0.0,-0.0044,0.0028,-0.0014,0.672,0.423,,0.225,,,
5.184,,-0.0005,0.0001,0.009,-0.02,-1.63,0.45,0.0,-0.005,0.0024,-0.0025,0.67,0.423,2.446,0.219,,,
5.234,,-0.0002,0.0003,0.013,-0.02,-1.64,0.43,0.0,-0.0037,0.0038,-0.0083,0.67,0.423,2.446,0.219,,,
5.29,,-0.0004,0.0005,0.011,-0.02,-1.64,0.44,0.0,-0.0054,0.0041,-0.0023,0.671,0.418,,0.218,,,
5.334,,-0.0006,0.0001,0.009,-0.02,-1.62,0.45,0.0,-0.0065,0.0018,-0.0027,0.671,0.418,,0.218,,,
5.383,,-0.0004,0.0005,0.011,-0.02,-1.64,0.44,0.0,-0.0054,0.0033,-0.0072,0.67,0.419,,0.22,,,
5.434,,-0.0004,0.0002,0.013,-0.02,-1.62,0.43,0.0,-0.0052,0.0015,-0.0044,0.67,0.419,,0.22,,,
5.505,,-0.0036,0.0002,0.012,-0.02,-1.63,0.54,0.0,-0.0192,0.0019,0.0009,0.672,0.421,,0.221,,,
5.549,,-0.0004,0.0005,0.01,-0.02,-1.64,0.42,0.0,-0.0043,0.0033,0.0017,0.672,0.421,,0.221,,,
5.588,,-0.003,0.0002,0.012,-0.02,-1.63,0.5,0.0,-0.016,0.0016,-0.0023,0.672,0.421,,0.217,,,
5.634,,-0.003,0.0002,0.01,-0.02,-1.63,0.49,0.0,-0.0151,0.0016,-0.0007,0.672,0.421,,0.217,,,
5.684,,-0.0005,0.0005,0.012,-0.02,-1.64,0.4,0.0,-0.0032,0.0034,-0.0045,0.672,0.42,,0.216,,,
5.734,,-0.0005,0.0002,0.011,-0.02,-1.63,0.4,0.0,-0.0035,0.0021,-0.0017,0.672,0.42,,0.216,,,
5.819,,-0.0005,0.0005,0.012,-0.02,-1.64,0.4,0.0,-0.0026,0.0032,-0.0027,0.672,0.421,,0.219,,,
5.853,,-0.0006,0.0002,0.011,-0.02,-1.64,0.4,0.0,-0.0031,0.0024,-0.0013,0.672,0.421,,0.219,,,
5.885,,-0.0007,0.0007,0.012,-0.02,-1.64,0.42,0.0,-0.0032,0.0046,-0.0031,0.673,0.421,,0.22,,,
5.935,,-0.0007,0.0004,0.013,-0.03,-1.64,0.42,0.0,-0.0036,0.0042,-0.0017,0.673,0.421,,0.22,,,
5.985,,-0.0017,0.0007,0.01,-0.03,-1.65,0.46,0.0,-0.0069,0.0069,0.0008,0.669,0.421,,0.218,,,
6.051,,-0.0008,0.0003,0.011,-0.03,-1.62,0.43,0.0,-0.0004,0.0048,-0.0047,0.669,0.421,,0.218,,,
6.095,,-0.0008,0.0003,0.012,-0.03,-1.62,0.42,0.0,-0.0005,0.0044,-0.0057,0.672,0.419,,0.221,,,
6.135,,-0.0008,0.0004,0.012,-0.03,-1.61,0.43,0.0,-0.0002,0.0049,-0.0036,0.672,0.419,,0.221,,,
6.184,,-0.0012,0.0008,0.013,-0.03,-1.62,0.45,0.0,-0.0016,0.0069,-0.0026,0.673,0.419,,0.222,,,
6.234,,-0.002,0.0006,0.011,-0.06,-1.68,0.44,-0.0,-0.0075,0.0153,0.002,0.673,0.419,,0.222,,,
6.283,,-0.0037,0.001,0.009,-0.08,-1.67,0.56,-0.0,-0.0181,0.0269,-0.0027,0.674,0.427,,0.233,,,
6.334,,-0.0031,0.0123,0.001,-0.16,-1.17,0.44,-0.0,-0.0165,0.0821,0.0148,0.674,0.427,,0.233,,,
6.398,,-0.0085,0.0164,0.0,-0.19,0.26,0.39,-0.0,-0.041,0.086,0.0437,0.671,0.421,,0.186,,,
6.444,,-0.0145,0.0163,0.0,-0.23,0.68,0.09,-0.0,-0.0599,0.0647,0.0873,0.671,0.421,,0.186,,,
6.484,,-0.0237,0.0036,0.008,-0.22,1.78,0.1,-0.0,-0.0879,-0.0149,0.1127,0.674,0.426,,,,,
6.534,,-0.0218,0.0017,0.027,-0.32,1.41,-0.86,-0.0,-0.0574,-0.0354,0.1455,0.674,0.426,,,,,
6.607,,-0.018,0.0017,0.042,-0.38,0.64,-1.26,-0.0,-0.0168,-0.0369,0.1949,0.672,0.439,2.459,1.386,,,
6.648,,-0.0124,-0.0006,0.064,-0.4,0.51,-1.44,-0.0,0.0238,-0.0433,0.2202,0.672,0.439,2.459,1.386,,,
6.69,,-0.0165,0.0004,0.077,-0.35,-0.02,-0.71,-0.0,0.009,-0.0301,0.2607,0.672,,,1.383,,,
6.734,,-0.017,0.0016,0.089,-0.29,-0.29,-0.1,-0.0,0.0076,-0.0154,0.2508,0.672,,,1.383,,,
6.784,,-0.0144,0.0012,0.103,-0.24,-0.29,-0.49,-0.0,0.02,-0.0115,0.2528,0.666,,,1.394,,,
6.834,,-0.0109,-0.0022,0.119,-0.22,-0.1,-0.22,-0.0,0.0355,-0.0239,0.2445,0.666,,,1.394,,,
6.888,,-0.0072,-0.0064,0.133,-0.28,0.05,0.01,-0.0,0.0448,-0.038,0.2567,0.654,,2.425,1.381,,,
6.944,,-0.0038,-0.0108,0.136,-0.34,-0.04,0.34,-0.0,0.0492,-0.0497,0.251,0.654,,2.425,1.381,,,
7.013,,-0.0009,-0.0146,0.144,-0.38,-0.22,0.73,-0.0,0.0476,-0.055,0.2326,0.65,,2.44,1.379,,,
7.035,,0.0024,-0.0194,0.152,-0.51,-0.38,0.83,-0.0,0.0464,-0.0622,0.2237,0.65,,2.44,1.379,,,
7.085,,0.0049,-0.0229,0.163,-0.64,-0.57,0.93,-0.0,0.0403,-0.0606,0.2346,0.64,,2.417,1.369,,,
7.161,,0.0061,-0.027,0.176,-0.74,-0.8,1.01,-0.0,0.0292,-0.0597,0.2374,0.64,,2.417,1.369,,,
7.224,,0.0077,-0.0299,0.188,-0.86,-1.09,0.92,-0.0,0.0222,-0.0518,0.2505,0.632,,2.431,1.362,,,
7.238,,0.0095,-0.0327,0.205,-1.03,-1.13,0.76,-0.0,0.018,-0.0438,0.2478,0.632,,2.431,1.362,,,
7.286,,0.0105,-0.0358,0.217,-1.21,-0.96,0.62,-0.0,0.0133,-0.0386,0.2588,0.626,,,1.353,,,
7.334,,0.0122,-0.0379,0.233,-1.4,-0.84,0.6,-0.0,0.0125,-0.0321,0.2436,0.626,,,1.353,,,
7.384,,0.0121,-0.0426,0.245,-1.59,-0.7,0.54,-0.0,0.0059,-0.0365,0.2436,0.622,,,1.352,,,
7.438,,0.0118,-0.0444,0.257,-1.76,-0.77,0.32,-0.0,0.0005,-0.0309,0.2249,0.622,,,1.352,,,
7.497,,0.011,-0.0496,0.26,-1.88,-0.68,0.17,-0.0,-0.0038,-0.0366,0.21,0.619,,2.42,1.353,,,
7.576,,0.0108,-0.0516,0.273,-1.96,-0.59,0.08,-0.0,-0.0046,-0.0323,0.1721,0.619,,2.42,1.353,,,
7.599,,0.0107,-0.0543,0.279,-2.01,-0.73,0.08,-0.0,-0.0047,-0.0305,0.1731,0.614,,2.431,1.354,,,
7.633,,0.0152,-0.0491,0.29,-2.09,-0.9,-0.11,-0.0,0.0088,-0.0053,0.1504,0.614,,2.431,1.354,,,
7.693,,0.0155,-0.0425,0.295,-2.05,-0.93,-0.07,-0.0,0.0095,0.02,0.1429,0.616,,2.41,1.352,,,
7.759,,0.0152,-0.0427,0.303,-1.95,-0.52,-0.13,-0.0,0.0082,0.023,0.1238,0.616,,2.41,1.352,,,
7.801,,0.0174,-0.0413,0.308,-1.86,-0.17,-0.15,-0.0,0.0139,0.0262,0.1125,0.611,,2.43,1.352,,,
7.833,,0.0193,-0.0336,0.317,-1.81,-0.08,0.01,-0.0,0.0178,0.0428,0.096,0.611,,2.43,1.352,,,
7.883,,0.0219,-0.0319,0.32,-1.71,0.18,0.16,-0.0,0.0212,0.0418,0.0956,0.609,,2.408,1.356,,,
7.933,,0.0235,-0.0306,0.329,-1.65,0.39,0.24,-0.0,0.0207,0.038,0.0785,0.609,,2.408,1.356,,,
7.995,,0.0268,-0.0313,0.329,-1.54,0.56,0.35,-0.0,0.0235,0.0287,0.0794,0.605,,2.409,1.355,,,
8.056,,0.0298,-0.0302,0.332,-1.41,0.48,0.26,-0.0,0.0249,0.0241,0.0572,0.605,,2.409,1.355,,,
8.121,,0.0326,-0.0324,0.337,-1.25,0.56,0.3,-0.0,0.026,0.013,0.0452,0.605,,2.399,1.358,,,
8.141,,0.034,-0.0312,0.336,-1.12,0.51,0.42,-0.0,0.0232,0.01,0.0413,0.605,,2.399,1.358,,,
8.183,,0.0351,-0.0331,0.337,-0.97,0.42,0.45,-0.0,0.0195,0.0012,0.0222,0.601,,2.408,1.348,,,
8.234,,0.0378,-0.035,0.338,-0.88,0.15,0.45,-0.0,0.0192,-0.0049,0.0137,0.601,,2.408,1.348,,,
8.283,,0.0408,-0.0381,0.338,-0.81,0.05,0.43,-0.0,0.0195,-0.0112,0.0088,0.598,,2.406,1.343,,,
8.355,,0.0404,-0.0426,0.337,-0.75,-0.01,0.55,-0.0,0.0132,-0.0188,0.0008,0.598,,2.406,1.343,,,
8.383,,0.0421,-0.0448,0.341,-0.71,-0.07,0.51,-0.0,0.0108,-0.0207,-0.0035,0.594,,2.421,1.348,,,
8.433,,0.0448,-0.0453,0.342,-0.67,-0.22,0.38,-0.0,0.0108,-0.0186,0.0038,0.594,,2.421,1.348,,,
8.483,,0.0446,-0.0502,0.338,-0.67,-0.36,0.39,-0.0,0.0065,-0.0235,0.0036,0.591,,2.432,1.343,,,
8.551,,0.0482,-0.0551,0.341,-0.65,-0.38,0.36,-0.0,0.0095,-0.0273,-0.0111,0.591,,2.432,1.343,,,
8.593,ROTATION_SCAN,0.0485,-0.0583,0.339,-0.61,-0.46,0.33,-0.0,0.0064,-0.0271,-0.0017,0.587,,2.431,1.348,,,
8.661,ROTATION_SCAN,0.0516,-0.0564,0.34,-0.56,-0.61,0.26,-0.0,0.0089,-0.017,-0.0067,0.587,,2.431,1.348,,,
8.693,ROTATION_SCAN,0.0558,-0.055,0.338,-0.49,-0.55,0.17,15.0,0.0136,-0.0081,-0.0057,0.581,,2.417,1.344,,,
8.735,ROTATION_SCAN,0.0609,-0.0556,0.341,-0.3,-0.45,0.23,15.0,0.0198,-0.0042,-0.0092,0.581,,2.417,1.344,,,
8.783,ROTATION_SCAN,0.0685,-0.0509,0.337,0.01,-0.44,0.23,15.0,0.0293,0.0079,-0.0017,0.582,,2.395,1.342,,,
8.866,ROTATION_SCAN,0.0705,-0.0514,0.339,0.39,-0.2,0.36,15.0,0.0283,0.0095,-0.0123,0.582,,2.395,1.342,,,
8.894,ROTATION_SCAN,0.0764,-0.051,0.337,0.97,0.09,0.76,15.0,0.0316,0.0099,-0.0078,0.577,,2.423,1.355,,,
8.937,ROTATION_SCAN,0.08,-0.0473,0.339,1.62,0.26,0.92,15.0,0.0285,0.0139,-0.0086,0.577,,2.423,1.355,,,
9.019,ROTATION_SCAN,0.0858,-0.0456,0.337,2.34,0.29,1.13,15.0,0.0276,0.0128,-0.0044,0.572,,2.411,1.351,,,
9.034,ROTATION_SCAN,0.0928,-0.0425,0.339,3.08,0.29,1.24,15.0,0.0279,0.0142,-0.0095,0.572,,2.411,1.351,,,
9.082,ROTATION_SCAN,0.0957,-0.0402,0.339,3.86,0.42,1.52,15.0,0.0197,0.0135,-0.0046,0.571,,2.432,1.355,,,
9.134,ROTATION_SCAN,0.1005,-0.0417,0.335,4.63,0.46,1.69,15.0,0.0135,0.0053,-0.0045,0.571,,2.432,1.355,,,
9.196,ROTATION_SCAN,0.1029,-0.0403,0.341,5.46,0.57,1.83,15.0,0.0029,0.0019,-0.0164,0.571,,2.406,1.361,,,
9.238,ROTATION_SCAN,0.1069,-0.0385,0.342,6.31,0.48,1.87,15.0,-0.0052,-0.0013,0.0005,0.571,,2.406,1.361,,,
9.288,ROTATION_SCAN,0.1092,-0.0393,0.343,7.17,0.45,1.96,15.0,-0.0159,-0.008,0.0011,0.579,,2.441,1.359,,,
9.333,ROTATION_SCAN,0.1092,-0.0404,0.338,8.03,0.41,1.92,15.0,-0.0294,-0.0147,-0.0036,0.579,,2.441,1.359,,,
9.383,ROTATION_SCAN,0.1097,-0.0437,0.337,8.95,0.35,1.85,15.0,-0.0406,-0.0245,-0.0178,0.589,,2.433,1.363,,,
9.434,ROTATION_SCAN,0.1078,-0.0444,0.337,9.91,0.22,1.64,15.0,-0.0542,-0.0285,-0.0188,0.589,,2.433,1.363,,,
9.52,ROTATION_SCAN,0.1113,-0.0413,0.338,10.82,-0.03,1.29,15.0,-0.0553,-0.0238,-0.018,0.614,,2.463,1.371,,,
9.537,ROTATION_SCAN,0.1103,-0.0223,0.337,11.71,-0.34,1.05,15.0,-0.0624,0.0117,-0.013,0.614,,2.463,1.371,,,
9.598,ROTATION_SCAN,0.1135,-0.018,0.332,12.6,-0.16,0.91,15.0,-0.0598,0.0186,-0.0153,0.657,,2.479,1.398,,,
9.648,ROTATION_SCAN,0.1097,-0.0162,0.335,13.47,0.15,0.76,15.0,-0.0681,0.019,-0.0255,0.657,,2.479,1.398,,,
9.689,ROTATION_SCAN,0.1094,-0.015,0.335,14.36,0.67,0.77,15.0,-0.068,0.0149,-0.0137,,,2.513,1.406,,,
9.735,ROTATION_SCAN,0.1076,-0.0141,0.329,15.2,1.0,0.84,15.0,-0.0695,0.0071,-0.0093,,,2.513,1.406,,,
9.782,ROTATION_SCAN,0.1029,-0.0187,0.331,16.04,1.15,0.79,15.0,-0.0759,-0.0119,-0.0239,,,,,,,
9.849,ROTATION_SCAN,0.1011,-0.0221,0.334,16.84,1.11,0.72,15.0,-0.0756,-0.0279,-0.0161,,,,,,,
9.882,ROTATION_SCAN,0.1017,-0.0258,0.33,17.67,1.14,0.7,15.0,-0.0703,-0.0425,-0.0065,,,,,,,
9.967,ROTATION_SCAN,0.0993,-0.0324,0.333,18.46,0.92,0.64,15.0,-0.0709,-0.0607,-0.0157,,,,,,,
9.986,ROTATION_SCAN,0.0998,-0.0363,0.333,19.22,0.49,0.46,15.0,-0.0659,-0.0695,-0.0061,,,,,,,
10.034,ROTATION_SCAN,0.1008,-0.0403,0.331,20.01,0.15,0.34,15.0,-0.0601,-0.0743,-0.0046,,,,,,,
10.083,ROTATION_SCAN,0.1001,-0.0456,0.334,20.82,-0.12,0.23,15.0,-0.0579,-0.0782,-0.0127,,,,,,,
10.172,ROTATION_SCAN,0.1017,-0.0481,0.332,21.68,-0.35,0.21,15.0,-0.0518,-0.0747,-0.0036,,,,,,,
10.184,ROTATION_SCAN,0.1029,-0.0517,0.328,22.51,-0.73,0.13,15.0,-0.0475,-0.071,-0.0073,,,,,,,
10.243,ROTATION_SCAN,0.1027,-0.0557,0.328,23.3,-1.01,0.11,15.0,-0.0469,-0.0659,-0.0194,,,,,,,
10.298,ROTATION_SCAN,0.1036,-0.0598,0.33,24.13,-1.18,0.11,15.0,-0.0447,-0.0597,-0.0168,,,,,,,
10.341,ROTATION_SCAN,0.1043,-0.061,0.328,24.93,-1.25,0.1,15.0,-0.0441,-0.0472,-0.0085,,,,,,,
10.384,ROTATION_SCAN,0.1056,-0.0613,0.325,25.75,-1.21,0.23,15.0,-0.0424,-0.0344,-0.0145,,,,,,,
10.435,ROTATION_SCAN,0.1048,-0.0602,0.327,26.56,-1.13,0.28,15.0,-0.0457,-0.0211,-0.0195,,,,,,,
10.483,ROTATION_SCAN,0.1031,-0.0591,0.326,27.29,-1.11,0.29,15.0,-0.0509,-0.0095,-0.0093,,,,,,,
10.542,ROTATION_SCAN,0.1009,-0.058,0.327,27.96,-1.01,0.37,15.0,-0.0567,0.0004,-0.009,,,,,,,
10.582,ROTATION_SCAN,0.104,-0.0556,0.328,28.61,-0.85,0.3,15.0,-0.0508,0.0106,-0.01,,,,,,,
10.634,ROTATION_SCAN,0.1068,-0.0472,0.327,29.29,-0.63,0.39,15.0,-0.0456,0.0305,-0.0052,,,,,,,
10.683,ROTATION_SCAN,0.1076,-0.0428,0.329,29.99,-0.35,0.67,15.0,-0.045,0.0381,-0.0072,,,,,,,
10.743,ROTATION_SCAN,0.1069,-0.0384,0.328,30.68,0.04,0.88,15.0,-0.048,0.0411,-0.0041,,,,,,,
10.793,ROTATION_SCAN,0.1089,-0.0353,0.327,31.35,0.3,1.06,15.0,-0.0452,0.0383,-0.0086,,,,,,,
10.849,ROTATION_SCAN,0.1091,-0.0309,0.327,32.06,0.52,1.12,15.0,-0.0462,0.0357,-0.0112,,,,,,,
10.926,ROTATION_SCAN,0.1096,-0.0282,0.323,32.77,0.74,1.14,15.0,-0.0454,0.0288,-0.01,,,,,,,
10.954,ROTATION_SCAN,0.1096,-0.0257,0.324,33.5,0.9,1.36,15.0,-0.0456,0.0198,-0.0211,,,,,,,
10.983,ROTATION_SCAN,0.1102,-0.0234,0.327,34.25,0.97,1.51,15.0,-0.0451,0.0094,-0.0134,,,,,,,
11.034,ROTATION_SCAN,0.1093,-0.0233,0.324,34.99,0.98,1.62,15.0,-0.0485,-0.0053,-0.0029,,,,,,,
11.124,ROTATION_SCAN,0.1106,-0.0264,0.32,35.69,0.81,1.52,15.0,-0.0467,-0.0241,-0.0127,,,,,,,
11.132,ROTATION_SCAN,0.109,-0.0294,0.321,36.35,0.54,1.46,15.0,-0.0516,-0.0398,-0.0214,,,,,,,
11.198,ROTATION_SCAN,0.1083,-0.0332,0.321,36.99,0.36,1.31,15.0,-0.0546,-0.0534,-0.014,,,,,,,
11.233,ROTATION_SCAN,0.1147,-0.0317,0.322,37.72,0.13,1.07,15.0,-0.0424,-0.0527,-0.0118,,,,,,,
11.283,ROTATION_SCAN,0.1152,-0.0377,0.323,38.54,-0.19,0.8,15.0,-0.0432,-0.0638,-0.0102,,,,,,,
11.333,ROTATION_SCAN,0.1164,-0.0397,0.324,39.38,-0.56,0.63,15.0,-0.0426,-0.0629,-0.007,,,,,,,
11.387,ROTATION_SCAN,0.1173,-0.0416,0.32,40.21,-0.69,0.52,15.0,-0.0428,-0.0591,-0.0096,,,,,,,
11.448,ROTATION_SCAN,0.1163,-0.0442,0.319,41.02,-0.8,0.54,15.0,-0.0476,-0.0567,-0.0175,,,,,,,
11.482,ROTATION_SCAN,0.115,-0.0479,0.318,41.86,-0.94,0.51,15.0,-0.053,-0.0559,-0.017,,,,0.792,,,
11.554,ROTATION_SCAN,0.114,-0.0506,0.318,42.71,-0.97,0.54,15.0,-0.0579,-0.0527,-0.0187,,,,0.792,,,
11.582,ROTATION_SCAN,0.111,-0.0509,0.316,43.56,-0.98,0.3,15.0,-0.0663,-0.0447,-0.0165,,,,0.774,,,
11.634,ROTATION_SCAN,0.1089,-0.0493,0.316,44.38,-1.07,0.13,15.0,-0.0708,-0.032,-0.0198,,,,0.774,,,
11.683,ROTATION_SCAN,0.1071,-0.0476,0.315,45.19,-0.96,0.05,15.0,-0.0738,-0.0196,-0.0178,,,,0.77,,,
11.766,ROTATION_SCAN,0.1026,-0.0427,0.317,45.92,-0.78,0.14,15.0,-0.0812,-0.0029,-0.0154,,,,0.77,,,
11.782,ROTATION_SCAN,0.0976,-0.0389,0.314,46.66,-0.5,0.25,15.0,-0.088,0.008,-0.0085,,,,0.757,,,
11.834,ROTATION_SCAN,0.0972,-0.034,0.314,47.42,-0.16,0.31,15.0,-0.0836,0.0179,-0.013,,,,0.757,,,
11.882,ROTATION_SCAN,0.095,-0.0329,0.312,48.18,0.18,0.4,15.0,-0.0811,0.0163,-0.0111,,,,0.751,,,
11.932,ROTATION_SCAN,0.0927,-0.029,0.315,48.89,0.35,0.54,15.0,-0.0784,0.0187,-0.0144,,,,0.751,,,
11.983,ROTATION_SCAN,0.0909,-0.0256,0.315,49.59,0.58,0.75,15.0,-0.0745,0.0176,-0.0015,,,,0.738,,,
12.033,ROTATION_SCAN,0.09,-0.0243,0.313,50.22,0.69,0.95,15.0,-0.069,0.0103,-0.0017,,,,0.738,,,
12.084,ROTATION_SCAN,0.0899,-0.022,0.315,50.87,0.8,1.02,15.0,-0.0619,0.0042,-0.0105,,,,0.733,,,
12.144,ROTATION_SCAN,0.0892,-0.0208,0.315,51.43,0.93,1.12,15.0,-0.0581,-0.0048,-0.0036,,,,0.733,,,
12.183,ROTATION_SCAN,0.0863,-0.0213,0.314,52.11,0.75,1.02,15.0,-0.0581,-0.0165,-0.0029,,,,0.717,,,
12.233,ROTATION_SCAN,0.0828,-0.0225,0.314,52.99,0.75,0.91,15.0,-0.0582,-0.0268,-0.009,,,,0.717,,,
12.282,ROTATION_SCAN,0.0823,-0.0235,0.312,53.6,0.66,0.84,15.0,-0.0537,-0.0359,-0.0061,,,,0.71,,,
12.346,ROTATION_SCAN,0.085,-0.023,0.313,54.28,0.51,0.72,15.0,-0.0419,-0.0387,-0.0093,,,,0.71,,,
12.397,ROTATION_SCAN,0.0867,-0.0242,0.309,54.96,0.38,0.7,15.0,-0.0339,-0.044,-0.0067,,,,0.699,,,
12.447,ROTATION_SCAN,0.0934,-0.0245,0.312,55.66,0.27,0.56,15.0,-0.0168,-0.0461,-0.0141,,,,0.699,,,
12.494,ROTATION_SCAN,0.0923,-0.0262,0.309,56.38,-0.01,0.63,15.0,-0.0191,-0.0494,-0.0064,,,,0.691,,,
12.532,ROTATION_SCAN,0.0862,0.0108,0.313,57.12,-0.47,0.47,15.0,-0.0347,0.0309,-0.0085,,,,0.691,,,
12.582,ROTATION_SCAN,0.0864,0.0105,0.31,57.95,-0.24,0.92,15.0,-0.036,0.0237,0.0017,,,,0.682,,,
12.633,ROTATION_SCAN,0.0827,0.012,0.312,58.79,0.07,1.43,15.0,-0.0458,0.0158,-0.0034,,,,0.682,,,
12.706,ROTATION_SCAN,0.0809,0.0135,0.311,59.61,0.31,1.7,15.0,-0.0498,0.005,-0.0017,,,,0.674,,,
12.735,ROTATION_SCAN,0.0809,0.0117,0.313,60.44,0.52,1.77,15.0,-0.0484,-0.0137,-0.0042,,,,0.674,,,
12.785,ROTATION_SCAN,0.0834,0.0035,0.311,61.3,0.69,1.74,15.0,-0.0405,-0.0454,-0.0009,,,,0.662,,,
12.832,ROTATION_SCAN,0.0877,0.0037,0.313,62.1,0.61,1.39,15.0,-0.0285,-0.0539,-0.0046,,,,0.662,,,
12.883,ROTATION_SCAN,0.0891,0.0035,0.311,62.93,0.43,1.25,15.0,-0.0239,-0.0604,-0.0021,,,,0.65,,,
12.932,ROTATION_SCAN,0.0883,-0.006,0.312,63.73,0.21,1.24,15.0,-0.0253,-0.0839,-0.0077,,,,0.65,,,
13.017,ROTATION_SCAN,0.0906,-0.0104,0.31,64.52,-0.0,1.03,15.0,-0.0206,-0.0932,-0.0068,,,,0.637,,,
13.032,ROTATION_SCAN,0.0891,-0.0159,0.309,65.28,-0.31,0.82,15.0,-0.0261,-0.101,-0.0118,,,,0.637,,,
13.086,ROTATION_SCAN,0.0892,-0.0199,0.308,65.96,-0.45,0.5,15.0,-0.0281,-0.1023,-0.0131,,,,0.629,,,
13.132,ROTATION_SCAN,0.0883,-0.0224,0.314,66.62,-0.68,0.18,15.0,-0.0325,-0.0964,-0.0102,,,,0.629,,,
13.183,ROTATION_SCAN,0.0875,-0.0278,0.314,67.26,-0.81,-0.14,15.0,-0.0365,-0.0952,0.003,,,,0.625,,,
13.233,ROTATION_SCAN,0.0872,-0.0298,0.312,67.9,-0.78,-0.44,15.0,-0.0379,-0.0837,0.0007,,,,0.625,,,
13.282,ROTATION_SCAN,0.0851,-0.0348,0.314,68.55,-0.81,-0.54,15.0,-0.0427,-0.0796,-0.0096,,,,0.619,,,
13.344,ROTATION_SCAN,0.0817,-0.0373,0.312,69.24,-0.76,-0.54,15.0,-0.0501,-0.0695,-0.0046,,,,0.619,,,
13.403,ROTATION_SCAN,0.0788,-0.0399,0.313,69.87,-0.64,-0.66,15.0,-0.0548,-0.0605,-0.0116,,,,0.615,,,
13.432,ROTATION_SCAN,0.0762,-0.0396,0.31,70.55,-0.4,-0.65,15.0,-0.0564,-0.0459,-0.0116,,,,0.615,,,
13.483,ROTATION_SCAN,0.0727,-0.0366,0.309,71.29,-0.2,-0.6,15.0,-0.0581,-0.0272,-0.0205,,1.345,,0.618,,,
13.532,ROTATION_SCAN,0.0703,-0.0355,0.308,72.03,0.04,-0.44,15.0,-0.0562,-0.0168,-0.0192,,1.345,,0.618,,,
13.583,ROTATION_SCAN,0.066,-0.0328,0.307,72.83,0.17,-0.17,15.0,-0.0584,-0.0063,-0.0194,,1.347,,0.612,,,
13.664,ROTATION_SCAN,0.0647,-0.0291,0.309,73.55,0.3,0.14,15.0,-0.0526,0.003,-0.0187,,1.347,,0.612,,,
13.681,ROTATION_SCAN,0.0634,-0.0245,0.302,74.25,0.53,0.45,15.0,-0.0463,0.0103,-0.0122,,1.341,,0.611,,,
13.751,ROTATION_SCAN,0.0635,-0.0208,0.301,74.95,0.58,0.74,15.0,-0.037,0.0125,-0.0278,,1.341,,0.611,,,
13.781,ROTATION_SCAN,0.0621,-0.0162,0.301,75.66,0.66,0.95,15.0,-0.0327,0.0142,-0.0227,,1.343,,0.608,,,
13.832,ROTATION_SCAN,0.0616,-0.0135,0.304,76.41,0.69,1.24,15.0,-0.0263,0.0085,-0.0158,,1.343,,0.608,,,
13.882,ROTATION_SCAN,0.0613,-0.01,0.303,77.21,0.71,1.4,15.0,-0.0204,0.0042,-0.007,,1.34,,0.603,,,
13.933,ROTATION_SCAN,0.0626,-0.0056,0.302,78.05,0.67,1.48,15.0,-0.0115,0.0021,-0.0085,,1.34,,0.603,,,
13.988,ROTATION_SCAN,0.0622,-0.0045,0.302,78.92,0.6,1.6,15.0,-0.0084,-0.0086,-0.0082,,1.337,,0.611,,,
14.04,ROTATION_SCAN,0.0623,-0.0017,0.302,79.73,0.47,1.81,15.0,-0.0053,-0.0152,-0.0034,,1.337,,0.611,,,
14.108,ROTATION_SCAN,0.0648,-0.0001,0.303,80.61,0.38,1.93,15.0,0.0025,-0.0253,-0.001,,1.337,,0.611,,,
14.142,ROTATION_SCAN,0.0659,-0.0008,0.302,81.48,0.32,1.97,15.0,0.0057,-0.0402,0.0038,,1.337,,0.611,,,
14.181,ROTATION_SCAN,0.0674,-0.0021,0.304,82.36,0.16,1.83,15.0,0.0083,-0.0542,0.0009,,1.329,,0.606,,,
14.232,ROTATION_SCAN,0.0685,-0.0017,0.305,83.27,-0.02,1.48,15.0,0.0091,-0.06,0.0047,,1.329,,0.606,,,
14.314,ROTATION_SCAN,0.0685,-0.0018,0.3,84.14,-0.3,1.19,15.0,0.0052,-0.0632,0.0065,2.464,1.327,,0.603,,,
14.332,ROTATION_SCAN,0.0705,-0.0024,0.302,85.0,-0.52,0.9,15.0,0.0053,-0.0651,-0.0039,2.464,1.327,,0.603,,,
14.383,ROTATION_SCAN,0.0714,-0.0029,0.304,85.84,-0.62,0.78,15.0,0.0013,-0.0649,0.0037,2.462,1.317,,0.603,,,
14.431,ROTATION_SCAN,0.0701,-0.0048,0.303,86.68,-0.73,0.73,15.0,-0.008,-0.0674,0.01,2.462,1.317,,0.603,,,
14.482,ROTATION_SCAN,0.0668,-0.0105,0.306,87.47,-0.78,0.67,15.0,-0.0214,-0.0781,0.0037,2.472,1.317,,0.605,,,
14.533,ROTATION_SCAN,0.0631,-0.0112,0.306,88.22,-0.69,0.46,15.0,-0.034,-0.0749,0.01,2.472,1.317,,0.605,,,
14.582,ROTATION_SCAN,0.0558,-0.0161,0.304,88.95,-0.5,0.37,15.0,-0.0517,-0.0806,0.0055,2.472,1.314,,0.604,,,
14.674,NAV_TO_LANDING,0.0546,-0.0181,0.306,89.67,-0.1,0.2,15.0,-0.0507,-0.0785,-0.0043,2.472,1.314,,0.604,,,
14.743,NAV_TO_LANDING,0.0516,-0.0168,0.311,90.44,0.2,0.11,15.0,-0.0509,-0.068,0.0009,2.467,1.306,,0.609,,0.52,-0.7
14.749,NAV_TO_LANDING,0.0485,-0.0178,0.308,91.14,0.36,0.15,-0.0,-0.0498,-0.0642,0.0123,2.467,1.306,,0.609,,0.52,-0.7
14.783,NAV_TO_LANDING,0.0438,-0.0188,0.309,91.84,0.58,-0.12,-0.0,-0.0507,-0.059,-0.0046,2.487,1.304,,0.608,,0.52,-0.7
14.847,NAV_TO_LANDING,0.0408,-0.0208,0.304,92.46,0.71,-0.52,-0.0,-0.0463,-0.0536,-0.0021,2.487,1.304,,0.608,,0.52,-0.7
14.881,NAV_TO_LANDING,0.0372,-0.0185,0.306,92.95,2.04,1.0,-0.0,-0.0373,-0.0438,-0.0087,2.484,1.313,,0.614,,0.52,-0.7
14.934,NAV_TO_LANDING,0.0369,-0.0141,0.306,93.2,2.9,2.32,-0.0,-0.0113,-0.0439,-0.008,2.484,1.313,,0.614,,0.52,-0.7
14.996,NAV_TO_LANDING,0.0378,-0.0103,0.31,93.26,3.28,3.13,-0.0,0.0192,-0.0522,-0.0101,2.487,1.31,,0.612,,0.52,-0.7
15.037,NAV_TO_LANDING,0.0421,-0.0103,0.304,93.27,3.33,3.7,-0.0,0.056,-0.0737,-0.0026,2.487,1.31,,0.612,,0.52,-0.7
15.081,NAV_TO_LANDING,0.0486,-0.0111,0.306,93.24,3.19,3.83,-0.0,0.0927,-0.0969,-0.0179,2.465,1.31,,0.604,,0.52,-0.7
15.132,NAV_TO_LANDING,0.0543,-0.0124,0.305,93.22,2.75,3.73,-0.0,0.1214,-0.1189,-0.0106,2.465,1.31,,0.604,,0.52,-0.7
15.182,NAV_TO_LANDING,0.0647,-0.0156,0.305,93.17,2.39,3.65,-0.0,0.1542,-0.1423,-0.0115,2.479,1.306,,0.595,,0.52,-0.7
15.231,NAV_TO_LANDING,0.0721,-0.0198,0.303,93.09,1.77,3.4,-0.0,0.1719,-0.1636,-0.0124,2.479,1.306,,0.595,,0.52,-0.7
15.311,NAV_TO_LANDING,0.0812,-0.0276,0.301,92.97,1.16,3.16,-0.0,0.186,-0.1891,-0.015,2.476,1.297,,0.579,,0.52,-0.7
15.334,NAV_TO_LANDING,0.0912,-0.0363,0.303,92.89,0.57,2.71,-0.0,0.1954,-0.2112,-0.014,2.476,1.297,,0.579,,0.52,-0.7
15.402,NAV_TO_LANDING,0.1001,-0.0427,0.307,92.81,0.18,2.25,-0.0,0.1973,-0.2217,-0.0042,2.504,1.284,,0.567,,0.52,-0.7
15.434,NAV_TO_LANDING,0.1113,-0.0543,0.318,92.74,-0.09,1.76,-0.0,0.2014,-0.2387,0.006,2.504,1.284,,0.567,,0.52,-0.7
15.482,NAV_TO_LANDING,0.1183,-0.0644,0.327,92.75,-0.35,1.35,-0.0,0.1922,-0.2461,0.024,2.501,1.263,,0.552,,0.52,-0.7
15.531,NAV_TO_LANDING,0.127,-0.074,0.338,92.8,-0.51,0.92,-0.0,0.1866,-0.2481,0.0364,2.501,1.263,,0.552,,0.52,-0.7
15.581,NAV_TO_LANDING,0.136,-0.0842,0.352,92.91,-0.53,0.65,-0.0,0.182,-0.2481,0.0387,2.558,1.251,,0.537,,0.52,-0.7
15.634,NAV_TO_LANDING,0.1442,-0.0945,0.365,93.02,-0.54,0.36,-0.0,0.1755,-0.2462,0.0484,2.558,1.251,,0.537,,0.52,-0.7
15.705,NAV_TO_LANDING,0.1521,-0.1068,0.373,93.15,-0.51,0.29,-0.0,0.1693,-0.248,0.0411,2.535,1.229,,0.523,,0.52,-0.7
15.738,NAV_TO_LANDING,0.1601,-0.1168,0.37,93.23,-0.51,0.23,-0.0,0.1645,-0.2438,0.0263,2.535,1.229,,0.523,,0.52,-0.7
15.781,NAV_TO_LANDING,0.1674,-0.1273,0.362,93.39,-0.31,0.31,-0.0,0.1594,-0.2416,-0.0215,2.572,1.208,,0.51,,0.52,-0.7
15.832,NAV_TO_LANDING,0.1736,-0.1362,0.344,93.42,-0.26,0.19,-0.0,0.1532,-0.2357,-0.0653,2.572,1.208,,0.51,,0.52,-0.7
15.893,NAV_TO_LANDING,0.1799,-0.1447,0.338,93.47,-0.08,0.41,-0.0,0.1489,-0.2305,-0.1157,2.607,1.189,,0.489,,0.52,-0.7
15.946,NAV_TO_LANDING,0.1867,-0.1567,0.315,93.42,0.02,0.59,-0.0,0.1475,-0.2361,-0.1158,2.607,1.189,,0.489,,0.52,-0.7
15.991,NAV_TO_LANDING,0.1947,-0.1679,0.304,93.28,0.14,0.81,-0.0,0.1498,-0.2406,-0.1515,2.599,1.17,,0.473,,0.52,-0.7
16.031,NAV_TO_LANDING,0.2025,-0.1791,0.292,93.12,0.21,0.86,-0.0,0.1528,-0.2459,-0.1399,2.599,1.17,,0.473,,0.52,-0.7
16.081,NAV_TO_LANDING,0.2101,-0.1884,0.28,92.97,0.34,0.97,-0.0,0.1558,-0.2468,-0.1286,,1.151,,0.446,,0.52,-0.7
16.132,NAV_TO_LANDING,0.2179,-0.1967,0.27,92.81,0.31,0.94,-0.0,0.159,-0.2451,-0.1205,,1.151,,0.446,,0.52,-0.7
16.181,NAV_TO_LANDING,0.2253,-0.2062,0.262,92.69,0.26,0.98,-0.0,0.1606,-0.2472,-0.1008,2.669,1.129,,0.427,,0.52,-0.7
16.273,NAV_TO_LANDING,0.2337,-0.2154,0.259,92.57,0.12,0.84,-0.0,0.1635,-0.2475,-0.077,2.669,1.129,,0.427,,0.52,-0.7
16.281,NAV_TO_LANDING,0.2429,-0.2256,0.259,92.5,-0.01,0.79,-0.0,0.1663,-0.2492,-0.0504,,1.115,,0.408,,0.52,-0.7
16.348,NAV_TO_LANDING,0.2543,-0.2367,0.256,92.47,-0.01,0.76,-0.0,0.174,-0.2524,-0.021,,1.115,,0.408,,0.52,-0.7
16.389,NAV_TO_LANDING,0.2627,-0.2466,0.256,92.44,-0.11,0.66,-0.0,0.173,-0.2517,-0.0067,2.68,1.094,,0.392,,0.52,-0.7
16.431,NAV_TO_LANDING,0.2721,-0.2568,0.263,92.45,-0.11,0.56,-0.0,0.1745,-0.2507,0.0106,2.68,1.094,,0.392,,0.52,-0.7
16.482,NAV_TO_LANDING,0.2819,-0.2687,0.262,92.45,-0.21,0.63,-0.0,0.1759,-0.254,0.0395,,1.079,,0.381,,0.52,-0.7
16.535,NAV_TO_LANDING,0.2902,-0.2796,0.267,92.52,-0.24,0.52,-0.0,0.1726,-0.2537,0.0398,,1.079,,0.381,,0.52,-0.7
16.604,NAV_TO_LANDING,0.3009,-0.2919,0.268,92.61,-0.25,0.45,-0.0,0.176,-0.2566,0.0501,2.783,1.059,,0.371,,0.52,-0.7
16.631,NAV_TO_LANDING,0.3107,-0.3022,0.272,92.73,-0.24,0.54,-0.0,0.177,-0.2541,0.05,2.783,1.059,,0.371,,0.52,-0.7
16.689,NAV_TO_LANDING,0.3188,-0.3129,0.277,92.8,-0.23,0.56,-0.0,0.1731,-0.2533,0.0544,,1.038,,0.35,,0.52,-0.7
16.74,NAV_TO_LANDING,0.3279,-0.3245,0.28,92.88,-0.35,0.52,-0.0,0.1721,-0.2546,0.0579,,1.038,,0.35,,0.52,-0.7
16.781,NAV_TO_LANDING,0.3371,-0.3358,0.283,92.94,-0.34,0.36,-0.0,0.171,-0.2541,0.0547,,1.024,,0.319,,0.52,-0.7
16.832,NAV_TO_LANDING,0.346,-0.3467,0.285,92.97,-0.45,0.27,-0.0,0.1684,-0.2512,0.0498,,1.024,,0.319,,0.52,-0.7
16.914,NAV_TO_LANDING,0.356,-0.3597,0.289,92.98,-0.38,0.46,-0.0,0.1698,-0.2557,0.0441,2.87,0.997,,0.298,,0.52,-0.7
16.931,NAV_TO_LANDING,0.365,-0.37,0.289,92.93,-0.49,0.49,-0.0,0.168,-0.253,0.0432,2.87,0.997,,0.298,,0.52,-0.7
16.986,NAV_TO_LANDING,0.3739,-0.3814,0.295,92.85,-0.44,0.59,-0.0,0.1659,-0.2539,0.0334,,0.981,,0.282,,0.52,-0.7
17.031,NAV_TO_LANDING,0.3829,-0.392,0.294,92.72,-0.43,0.71,-0.0,0.1642,-0.2533,0.0374,,0.981,,0.282,,0.52,-0.7
17.081,NAV_TO_LANDING,0.3909,-0.4024,0.295,92.47,-0.48,0.7,-0.0,0.1602,-0.253,0.0263,,0.966,,0.264,,0.52,-0.7
17.132,NAV_TO_LANDING,0.3996,-0.4144,0.298,92.12,-0.59,0.73,-0.0,0.1579,-0.2568,0.0181,,0.966,,0.264,,0.52,-0.7
17.181,NAV_TO_LANDING,0.4084,-0.4257,0.298,91.69,-0.85,0.8,-0.0,0.154,-0.2589,0.0165,,0.945,,0.245,,0.52,-0.7
17.248,NAV_TO_LANDING,0.4179,-0.4374,0.301,91.2,-0.85,0.57,-0.0,0.1523,-0.261,0.0132,,0.945,,0.245,,0.52,-0.7
17.284,NAV_TO_LANDING,0.4253,-0.4485,0.299,90.76,-1.09,0.48,-0.0,0.1434,-0.2597,0.0178,,0.936,,0.233,,0.52,-0.7
17.333,NAV_TO_LANDING,0.4329,-0.4586,0.299,90.34,-1.2,0.51,-0.0,0.1353,-0.2559,0.0068,,0.936,,0.233,,0.52,-0.7
17.381,NAV_TO_LANDING,0.4387,-0.4706,0.299,90.06,-1.39,0.61,-0.0,0.1219,-0.259,0.0105,,0.912,,0.245,,0.52,-0.7
17.431,NAV_TO_LANDING,0.446,-0.4825,0.3,89.79,-1.29,0.67,-0.0,0.1137,-0.2611,0.0079,,0.912,,0.245,,0.52,-0.7
17.481,NAV_TO_LANDING,0.4512,-0.4941,0.298,89.62,-1.09,0.67,-0.0,0.1031,-0.263,0.0068,,0.891,,0.21,,0.52,-0.7
17.569,NAV_TO_LANDING,0.4557,-0.5056,0.299,89.61,-0.84,0.66,-0.0,0.0935,-0.2645,-0.0007,,0.891,,0.21,,0.52,-0.7
17.58,NAV_TO_LANDING,0.4604,-0.5164,0.302,89.68,-0.73,0.55,-0.0,0.087,-0.2628,0.0016,,0.878,,0.179,,0.52,-0.7
17.641,NAV_TO_LANDING,0.4637,-0.5274,0.302,89.8,-0.66,0.54,-0.0,0.0788,-0.2618,0.0158,,0.878,,0.179,,0.52,-0.7
17.681,NAV_TO_LANDING,0.4678,-0.5379,0.304,89.93,-0.56,0.67,-0.0,0.0738,-0.2596,0.0113,,0.864,,0.176,,0.52,-0.7
17.731,NAV_TO_LANDING,0.471,-0.5495,0.305,90.07,-0.14,0.6,-0.0,0.0698,-0.2614,0.0113,,0.864,,0.176,,0.52,-0.7
17.781,NAV_TO_LANDING,0.4745,-0.5607,0.304,90.16,0.24,0.74,-0.0,0.0708,-0.262,0.0083,,0.852,,0.174,,0.52,-0.7
17.837,NAV_TO_LANDING,0.4769,-0.5724,0.303,90.11,0.05,0.66,-0.0,0.0689,-0.2642,0.0098,,0.852,,0.174,,0.52,-0.7
17.903,NAV_TO_LANDING,0.4813,-0.5828,0.308,90.08,-0.32,0.66,-0.0,0.0698,-0.2622,0.0082,,,,0.183,,0.52,-0.7
17.934,NAV_TO_LANDING,0.4826,-0.5937,0.311,90.1,-0.48,0.8,-0.0,0.0606,-0.2624,0.0215,,,,0.183,,0.52,-0.7
17.988,NAV_TO_LANDING,0.485,-0.6053,0.311,90.15,-0.24,0.84,-0.0,0.0556,-0.2652,0.0178,3.292,,,0.157,,0.52,-0.7
18.031,NAV_TO_LANDING,0.4873,-0.6197,0.311,90.11,-0.12,0.79,-0.0,0.0536,-0.2748,0.0123,3.292,,,0.157,,0.52,-0.7
18.081,NAV_TO_LANDING,0.4889,-0.6312,0.311,90.12,0.28,0.9,-0.0,0.0512,-0.2762,0.0068,,,,0.171,,0.52,-0.7
18.131,NAV_TO_LANDING,0.4914,-0.6425,0.309,90.14,0.3,0.64,-0.0,0.0538,-0.2764,-0.0032,,,,0.171,,0.52,-0.7
18.209,NAV_TO_LANDING,0.4929,-0.6555,0.314,90.0,-0.02,-0.57,-0.0,0.0513,-0.2695,-0.0004,,,,0.191,,0.52,-0.7
18.234,NAV_TO_LANDING,0.494,-0.6694,0.313,89.81,-0.34,-2.22,-0.0,0.0465,-0.2591,0.0126,,,,0.191,,0.52,-0.7
18.282,NAV_TO_LANDING,0.4954,-0.6802,0.312,89.5,-0.58,-3.13,-0.0,0.0408,-0.2333,0.0042,,,,,,0.52,-0.7
18.331,NAV_TO_LANDING,0.4952,-0.6884,0.306,89.26,-0.62,-3.8,-0.0,0.0314,-0.1978,-0.0059,,,,,,0.52,-0.7
18.424,NAV_TO_LANDING,0.495,-0.6959,0.311,89.13,-0.87,-3.87,-0.0,0.022,-0.1607,-0.0177,,,,0.585,,2.18,-2.38
18.433,NAV_TO_LANDING,0.4941,-0.6997,0.311,89.12,-0.9,-3.78,-0.0,0.0103,-0.1192,-0.008,,,,0.585,,2.18,-2.38
18.522,NAV_TO_LANDING,0.4927,-0.7026,0.307,89.19,-0.61,-3.5,-0.0,0.0006,-0.0826,-0.0131,,,,,,2.18,-2.38
18.545,NAV_TO_LANDING,0.4918,-0.7047,0.305,89.45,0.17,-2.09,-0.0,-0.005,-0.0525,-0.0169,,,,,,2.18,-2.38
18.586,NAV_TO_LANDING,0.4867,-0.6996,0.303,89.64,1.62,-0.31,-0.0,-0.0087,-0.0238,-0.0222,,,,,,2.18,-2.38
18.631,NAV_TO_LANDING,0.4853,-0.6995,0.304,89.8,2.55,1.2,-0.0,0.0057,-0.0231,-0.0225,,,,,,2.18,-2.38
18.68,NAV_TO_LANDING,0.4841,-0.6988,0.306,90.16,3.16,2.31,-0.0,0.0258,-0.0325,-0.018,,,,,,2.18,-2.38
18.731,NAV_TO_LANDING,0.484,-0.6987,0.303,90.71,3.34,3.23,-0.0,0.0497,-0.0501,-0.0066,,,,,,2.18,-2.38
18.781,NAV_TO_LANDING,0.4881,-0.701,0.304,91.34,3.45,3.76,-0.0,0.0812,-0.0768,-0.0122,,,,,,2.18,-2.38
18.863,NAV_TO_LANDING,0.4906,-0.7048,0.304,92.05,3.37,3.74,-0.0,0.1066,-0.1062,-0.0086,,,,,,2.18,-2.38
18.884,NAV_TO_LANDING,0.4966,-0.7111,0.306,92.63,3.06,3.67,-0.0,0.1362,-0.1375,-0.0059,,,,0.501,,2.18,-2.38
18.931,NAV_TO_LANDING,0.5033,-0.7188,0.306,93.1,2.84,3.21,-0.0,0.1613,-0.166,-0.0035,,,,0.501,,2.18,-2.38
18.981,NAV_TO_LANDING,0.5111,-0.7275,0.309,93.44,2.27,2.79,-0.0,0.1829,-0.1901,-0.0034,,2.861,,0.59,,2.18,-2.38
19.03,NAV_TO_LANDING,0.5205,-0.7366,0.304,93.81,2.09,2.32,-0.0,0.2022,-0.2088,0.0024,,2.861,,0.59,,2.18,-2.38
19.08,NAV_TO_LANDING,0.5301,-0.7472,0.302,94.19,1.72,1.61,-0.0,0.2175,-0.224,-0.0154,,2.859,,0.634,,2.18,-2.38
19.13,NAV_TO_LANDING,0.5395,-0.7561,0.299,94.46,1.4,1.21,-0.0,0.2327,-0.234,-0.0176,,2.859,,0.634,,2.18,-2.38
19.184,NAV_TO_LANDING,0.5502,-0.7666,0.297,94.68,1.07,0.68,-0.0,0.2415,-0.2379,-0.0198,,,,0.695,,2.18,-2.38
19.254,NAV_TO_LANDING,0.5602,-0.7768,0.299,94.86,0.66,0.22,-0.0,0.2437,-0.2367,-0.0186,,,,0.695,,2.18,-2.38
19.281,NAV_TO_LANDING,0.571,-0.7869,0.3,94.99,0.5,-0.08,-0.0,0.2449,-0.2324,-0.0112,,2.744,,,,2.18,-2.38
19.331,NAV_TO_LANDING,0.583,-0.7972,0.299,95.1,0.37,-0.22,-0.0,0.248,-0.2273,-0.0,,2.744,,,,2.18,-2.38
19.38,NAV_TO_LANDING,0.5946,-0.8061,0.3,95.15,0.36,-0.33,-0.0,0.249,-0.2186,-0.0023,,2.735,,,,2.18,-2.38
19.459,NAV_TO_LANDING,0.609,-0.8151,0.301,95.15,0.23,-0.47,-0.0,0.256,-0.2098,0.0017,,2.735,,,,2.18,-2.38
19.493,NAV_TO_LANDING,0.6224,-0.8237,0.3,95.06,0.06,-0.45,-0.0,0.2587,-0.2012,0.0033,,2.675,,2.007,,2.18,-2.38
19.534,NAV_TO_LANDING,0.6346,-0.8315,0.3,94.9,-0.05,-0.28,-0.0,0.2566,-0.1927,0.0013,,2.675,,2.007,,2.18,-2.38
19.584,NAV_TO_LANDING,0.6472,-0.8386,0.303,94.66,-0.13,0.03,-0.0,0.2553,-0.1857,-0.0004,,2.679,,2.04,,2.18,-2.38
19.63,NAV_TO_LANDING,0.6591,-0.8458,0.304,94.34,-0.2,0.25,-0.0,0.252,-0.182,0.0054,,2.679,,2.04,,2.18,-2.38
19.68,NAV_TO_LANDING,0.6713,-0.8518,0.303,93.94,-0.39,0.33,-0.0,0.2482,-0.177,0.0024,,2.687,,2.053,,2.18,-2.38
19.732,NAV_TO_LANDING,0.6848,-0.8595,0.304,93.56,-0.42,0.57,-0.0,0.2478,-0.1779,-0.0061,,2.687,,2.053,,2.18,-2.38
19.814,NAV_TO_LANDING,0.6973,-0.8679,0.3,93.2,-0.42,0.77,-0.0,0.2451,-0.1829,-0.0069,0.17,2.664,,2.048,,2.18,-2.38
19.838,NAV_TO_LANDING,0.7095,-0.876,0.3,92.83,-0.33,0.9,-0.0,0.2424,-0.1872,-0.0183,0.17,2.664,,2.048,,2.18,-2.38
19.885,NAV_TO_LANDING,0.7208,-0.8834,0.303,92.55,-0.38,0.96,-0.0,0.2377,-0.1901,-0.0145,0.193,2.6,,2.01,,2.18,-2.38
19.93,NAV_TO_LANDING,0.732,-0.8924,0.299,92.29,-0.38,1.07,-0.0,0.2329,-0.1975,-0.0067,0.193,2.6,,2.01,,2.18,-2.38
19.98,NAV_TO_LANDING,0.7456,-0.9021,0.299,92.04,-0.28,1.05,-0.0,0.2358,-0.2058,-0.0199,0.218,2.622,,2.01,,2.18,-2.38
20.032,NAV_TO_LANDING,0.7572,-0.9122,0.299,91.87,-0.23,0.89,-0.0,0.2336,-0.2134,-0.0141,0.218,2.622,,2.01,,2.18,-2.38
20.08,NAV_TO_LANDING,0.7686,-0.9217,0.299,91.7,-0.35,0.79,-0.0,0.2306,-0.2174,-0.0118,0.235,2.545,,1.968,,2.18,-2.38
20.137,NAV_TO_LANDING,0.7806,-0.9308,0.299,91.54,-0.38,0.68,-0.0,0.2286,-0.2189,-0.0082,0.235,2.545,,1.968,,2.18,-2.38
20.194,NAV_TO_LANDING,0.7919,-0.9405,0.299,91.43,-0.46,0.59,-0.0,0.225,-0.2212,-0.0086,0.252,2.526,,1.884,,2.18,-2.38
20.238,NAV_TO_LANDING,0.8031,-0.9496,0.296,91.37,-0.59,0.51,-0.0,0.22,-0.2209,-0.009,0.252,2.526,,1.884,,2.18,-2.38
20.28,NAV_TO_LANDING,0.8155,-0.9613,0.296,91.34,-0.46,0.31,-0.0,0.2195,-0.2255,-0.0171,0.278,2.485,,1.771,,2.18,-2.38
20.331,NAV_TO_LANDING,0.8263,-0.9711,0.293,91.33,-0.45,0.23,-0.0,0.2153,-0.2243,-0.0145,0.278,2.485,,1.771,,2.18,-2.38
20.38,NAV_TO_LANDING,0.8358,-0.9805,0.295,91.32,-0.36,0.17,-0.0,0.2087,-0.2212,-0.0181,0.309,2.434,,,,2.18,-2.38
20.459,NAV_TO_LANDING,0.8457,-0.9903,0.294,91.38,-0.29,0.08,-0.0,0.2046,-0.2193,-0.01,0.309,2.434,,,,2.18,-2.38
20.486,NAV_TO_LANDING,0.8554,-0.9993,0.293,91.43,-0.13,0.16,-0.0,0.2014,-0.2151,-0.0097,0.352,2.439,,,,2.18,-2.38
20.556,NAV_TO_LANDING,0.8651,-1.0092,0.293,91.44,-0.06,0.24,-0.0,0.1994,-0.2144,-0.0102,0.352,2.439,,,,2.18,-2.38
20.583,NAV_TO_LANDING,0.8758,-1.0195,0.294,91.54,0.06,0.45,-0.0,0.2013,-0.2163,-0.0076,0.358,,,0.918,,2.18,-2.38
20.63,NAV_TO_LANDING,0.8858,-1.0295,0.293,91.58,0.18,0.3,-0.0,0.2027,-0.2174,0.0001,0.358,,,0.918,,2.18,-2.38
20.68,NAV_TO_LANDING,0.8946,-1.0387,0.295,91.68,0.19,0.44,-0.0,0.2008,-0.2162,-0.0014,0.362,2.313,,0.866,,2.18,-2.38
20.73,NAV_TO_LANDING,0.9045,-1.0478,0.297,91.7,0.27,0.42,-0.0,0.2021,-0.2155,0.0043,0.362,2.313,,0.866,,2.18,-2.38
20.779,NAV_TO_LANDING,0.9136,-1.058,0.297,91.8,0.18,0.37,-0.0,0.2014,-0.2168,0.0097,0.379,,,0.829,,2.18,-2.38
20.839,NAV_TO_LANDING,0.9246,-1.0676,0.297,91.81,0.1,0.31,-0.0,0.2048,-0.2161,0.0083,0.379,,,0.829,,2.18,-2.38
20.88,NAV_TO_LANDING,0.9355,-1.0767,0.299,91.81,0.15,0.47,-0.0,0.2076,-0.2153,0.007,0.382,2.192,,0.788,,2.18,-2.38
20.93,NAV_TO_LANDING,0.9465,-1.0858,0.299,91.76,0.13,0.46,-0.0,0.2107,-0.2147,0.0094,0.382,2.192,,0.788,,2.18,-2.38
20.982,NAV_TO_LANDING,0.9569,-1.0947,0.299,91.66,0.1,0.47,-0.0,0.2112,-0.2135,0.0079,0.401,2.182,,0.768,,2.18,-2.38
21.031,NAV_TO_LANDING,0.9672,-1.1041,0.3,91.6,0.15,0.5,-0.0,0.2116,-0.2141,0.0017,0.401,2.182,,0.768,,2.18,-2.38
21.102,NAV_TO_LANDING,0.9779,-1.114,0.298,91.6,0.09,0.52,-0.0,0.2126,-0.2163,0.0043,0.421,2.152,,0.732,,2.18,-2.38
21.13,NAV_TO_LANDING,0.991,-1.1241,0.299,91.6,0.15,0.57,-0.0,0.2205,-0.2191,-0.0011,0.421,2.152,,0.732,,2.18,-2.38
21.188,NAV_TO_LANDING,1.0007,-1.1324,0.303,91.56,0.16,0.48,-0.0,0.2185,-0.2163,0.0009,0.441,,,0.706,,2.18,-2.38
21.231,NAV_TO_LANDING,1.0111,-1.142,0.299,91.45,-0.08,0.44,-0.0,0.2173,-0.2169,0.0089,0.441,,,0.706,,2.18,-2.38
21.28,NAV_TO_LANDING,1.0226,-1.152,0.299,91.41,-0.05,0.36,-0.0,0.2182,-0.2177,-0.0041,0.461,2.087,,0.675,,2.18,-2.38
21.33,NAV_TO_LANDING,1.0337,-1.1622,0.301,91.38,-0.26,0.32,-0.0,0.2173,-0.2185,-0.0051,0.461,2.087,,0.675,,2.18,-2.38
21.388,NAV_TO_LANDING,1.044,-1.1728,0.299,91.27,-0.26,0.44,-0.0,0.2137,-0.2206,0.0022,0.475,,,0.65,,2.18,-2.38
21.432,NAV_TO_LANDING,1.0564,-1.1842,0.302,91.2,-0.35,0.46,-0.0,0.2159,-0.2258,-0.0037,0.475,,,0.65,,2.18,-2.38
21.48,NAV_TO_LANDING,1.0673,-1.1952,0.301,91.08,-0.33,0.47,-0.0,0.2133,-0.2292,0.0027,0.504,2.052,,0.633,,2.18,-2.38
21.53,NAV_TO_LANDING,1.078,-1.2053,0.3,90.99,-0.35,0.35,-0.0,0.2106,-0.2291,0.0018,0.504,2.052,,0.633,,2.18,-2.38
21.58,NAV_TO_LANDING,1.0892,-1.215,0.302,90.99,-0.45,0.28,-0.0,0.2088,-0.2274,-0.002,0.522,,,0.616,,2.18,-2.38
21.63,NAV_TO_LANDING,1.0987,-1.2253,0.3,91.07,-0.28,0.31,-0.0,0.2037,-0.2275,0.0032,0.522,,,0.616,,2.18,-2.38
21.717,NAV_TO_LANDING,1.1102,-1.2368,0.301,91.17,-0.41,0.35,-0.0,0.2041,-0.2305,-0.0037,0.542,,,0.597,,2.18,-2.38
21.731,NAV_TO_LANDING,1.1209,-1.2473,0.303,91.3,-0.26,0.42,-0.0,0.2028,-0.2317,-0.0011,0.542,,,0.597,,2.18,-2.38
21.795,NAV_TO_LANDING,1.1317,-1.257,0.299,91.43,-0.31,0.23,-0.0,0.2022,-0.2296,0.0038,0.559,2.105,,0.572,,2.18,-2.38
21.829,NAV_TO_LANDING,1.1419,-1.268,0.303,91.57,-0.21,0.19,-0.0,0.2004,-0.2299,-0.0106,0.559,2.105,,0.572,,2.18,-2.38
21.88,NAV_TO_LANDING,1.1518,-1.2781,0.3,91.72,-0.13,0.3,-0.0,0.1988,-0.2286,-0.0006,0.577,,,0.553,,2.18,-2.38
21.929,NAV_TO_LANDING,1.1621,-1.2878,0.302,91.92,-0.0,0.16,-0.0,0.1988,-0.2258,-0.0063,0.577,,,0.553,,2.18,-2.38
21.981,NAV_TO_LANDING,1.1742,-1.2993,0.3,92.16,-0.02,0.09,-0.0,0.2039,-0.2274,-0.0075,0.593,,,0.524,,2.18,-2.38
22.046,NAV_TO_LANDING,1.1838,-1.3089,0.301,92.44,0.08,0.05,-0.0,0.2028,-0.2237,-0.0104,0.593,,,0.524,,2.18,-2.38
22.101,NAV_TO_LANDING,1.1933,-1.3188,0.3,92.73,0.05,0.11,-0.0,0.2018,-0.2211,-0.0078,0.606,2.33,,0.505,,2.18,-2.38
22.162,NAV_TO_LANDING,1.2031,-1.3272,0.299,93.02,0.05,0.19,-0.0,0.2015,-0.2156,-0.0066,0.606,2.33,,0.505,,2.18,-2.38
22.195,NAV_TO_LANDING,1.2129,-1.3349,0.301,93.23,0.1,0.33,-0.0,0.2017,-0.2101,-0.009,0.628,2.364,0.788,0.483,,2.18,-2.38
22.23,NAV_TO_LANDING,1.2229,-1.344,0.3,93.36,0.11,0.38,-0.0,0.2023,-0.2096,-0.0023,0.628,2.364,0.788,0.483,,2.18,-2.38
22.279,NAV_TO_LANDING,1.2353,-1.3549,0.3,93.46,0.03,0.57,-0.0,0.2087,-0.2146,-0.0059,0.644,2.36,0.79,0.468,,2.18,-2.38
22.364,NAV_TO_LANDING,1.2457,-1.3639,0.298,93.58,0.11,0.53,-0.0,0.2093,-0.2152,-0.0038,0.644,2.36,0.79,0.468,,2.18,-2.38
22.38,NAV_TO_LANDING,1.2556,-1.3729,0.299,93.66,0.07,0.58,-0.0,0.2091,-0.2151,-0.0065,0.668,2.364,0.793,0.45,,2.18,-2.38
22.435,NAV_TO_LANDING,1.2657,-1.3833,0.296,93.76,0.14,0.54,-0.0,0.2091,-0.2189,-0.0012,0.668,2.364,0.793,0.45,,2.18,-2.38
22.48,NAV_TO_LANDING,1.2763,-1.392,0.297,93.85,0.09,0.55,-0.0,0.2109,-0.2175,-0.0048,0.691,2.357,0.804,0.431,,2.18,-2.38
22.529,NAV_TO_LANDING,1.2892,-1.4034,0.298,93.89,0.18,0.5,-0.0,0.2182,-0.2233,0.0002,0.691,2.357,0.804,0.431,,2.18,-2.38
22.579,NAV_TO_LANDING,1.3,-1.4126,0.298,94.0,0.22,0.47,-0.0,0.2206,-0.2223,0.0003,0.714,2.354,0.82,0.415,,2.18,-2.38
22.64,NAV_TO_LANDING,1.3108,-1.4223,0.299,94.01,0.07,0.31,-0.0,0.2209,-0.2219,0.0042,0.714,2.354,0.82,0.415,,2.18,-2.38
22.701,NAV_TO_LANDING,1.3219,-1.4332,0.298,94.03,0.21,0.29,-0.0,0.2227,-0.2234,0.0028,0.728,2.334,0.835,0.395,,2.18,-2.38
22.73,NAV_TO_LANDING,1.3332,-1.4408,0.301,93.92,0.13,0.31,-0.0,0.2245,-0.2172,-0.0002,0.728,2.334,0.835,0.395,,2.18,-2.38
22.786,NAV_TO_LANDING,1.3449,-1.451,0.3,93.79,0.14,0.56,-0.0,0.227,-0.2188,0.0036,0.74,2.317,0.858,0.374,,2.18,-2.38
22.829,NAV_TO_LANDING,1.359,-1.4612,0.302,93.57,-0.07,0.65,-0.0,0.2343,-0.2223,0.001,0.74,2.317,0.858,0.374,,2.18,-2.38
22.879,NAV_TO_LANDING,1.3716,-1.4699,0.299,93.31,-0.35,0.29,-0.0,0.2351,-0.22,0.008,0.753,2.306,0.874,0.339,,2.18,-2.38
22.929,NAV_TO_LANDING,1.3837,-1.4789,0.301,93.0,-0.65,0.32,-0.0,0.2316,-0.2175,0.0015,0.753,2.306,0.874,0.339,,2.18,-2.38
23.012,NAV_TO_LANDING,1.3952,-1.488,0.305,92.59,-0.73,0.27,-0.0,0.2253,-0.216,0.0071,0.767,2.288,0.894,0.312,,2.18,-2.38
23.033,NAV_TO_LANDING,1.4069,-1.4956,0.303,92.17,-0.78,0.3,-0.0,0.2203,-0.2107,0.016,0.767,2.288,0.894,0.312,,2.18,-2.38
23.097,NAV_TO_LANDING,1.4182,-1.5045,0.299,91.78,-0.92,0.35,-0.0,0.2139,-0.2093,0.0054,0.783,2.274,0.922,0.297,,2.18,-2.38
23.129,NAV_TO_LANDING,1.4302,-1.5135,0.302,91.4,-0.76,0.34,-0.0,0.2106,-0.2088,-0.009,0.783,2.274,0.922,0.297,,2.18,-2.38
23.18,NAV_TO_LANDING,1.441,-1.5222,0.303,91.05,-0.81,0.4,-0.0,0.2045,-0.2078,0.0045,0.807,2.254,0.944,0.278,,2.18,-2.38
23.229,NAV_TO_LANDING,1.4505,-1.5289,0.301,90.74,-0.81,0.71,-0.0,0.1959,-0.204,0.0063,0.807,2.254,0.944,0.278,,2.18,-2.38
23.279,NAV_TO_LANDING,1.4604,-1.5371,0.304,90.39,-0.78,0.79,-0.0,0.1896,-0.2055,-0.0036,0.842,2.233,0.957,0.252,,2.18,-2.38
23.334,NAV_TO_LANDING,1.4693,-1.5465,0.304,90.11,-0.73,0.73,-0.0,0.182,-0.2095,0.0033,0.842,2.233,0.957,0.252,,2.18,-2.38
23.388,NAV_TO_LANDING,1.4783,-1.5569,0.305,89.86,-0.55,0.81,-0.0,0.1765,-0.216,-0.0015,0.876,2.213,0.981,0.242,,2.18,-2.38
23.431,NAV_TO_LANDING,1.4855,-1.5674,0.306,89.67,-0.22,0.74,-0.0,0.1696,-0.2217,-0.0043,0.876,2.213,0.981,0.242,,2.18,-2.38
23.479,NAV_TO_LANDING,1.4941,-1.5763,0.304,89.53,-0.22,0.58,-0.0,0.1677,-0.222,-0.0024,0.928,2.205,0.998,0.233,,2.18,-2.38
23.529,NAV_TO_LANDING,1.5011,-1.5867,0.304,89.54,-0.26,0.37,-0.0,0.163,-0.2244,-0.0126,0.928,2.205,0.998,0.233,,2.18,-2.38
23.591,NAV_TO_LANDING,1.509,-1.5994,0.306,89.49,-1.51,-1.46,-0.0,0.1535,-0.2219,-0.011,1.002,2.189,1.016,0.244,,2.18,-2.38
23.645,NAV_TO_LANDING,1.5175,-1.609,0.305,89.47,-2.27,-2.53,-0.0,0.1395,-0.2005,-0.0123,1.002,2.189,1.016,0.244,,2.18,-2.38
23.682,NAV_TO_LANDING,1.526,-1.6191,0.304,89.46,-2.91,-3.25,-0.0,0.1216,-0.1757,-0.0125,,2.171,1.036,0.19,,2.18,-2.38
23.749,NAV_TO_LANDING,1.5308,-1.6279,0.304,89.46,-3.16,-3.45,-0.0,0.093,-0.1471,-0.0117,,2.171,1.036,0.19,,,
23.791,NAV_TO_LANDING,1.5342,-1.6327,0.303,89.35,-3.0,-3.45,-0.0,0.0644,-0.1122,-0.0094,,2.155,1.058,0.177,,1.58,-1.6
23.829,NAV_TO_LANDING,1.5365,-1.6377,0.299,89.1,-2.61,-3.4,-0.0,0.0397,-0.0819,-0.0095,,2.155,1.058,0.177,,1.58,-1.6
23.882,NAV_TO_LANDING,1.537,-1.6406,0.3,88.77,-2.14,-3.05,-0.0,0.0181,-0.0526,-0.0188,1.256,2.144,1.06,0.171,,1.58,-1.6
23.958,NAV_TO_LANDING,1.5354,-1.6418,0.299,88.41,-1.64,-2.43,-0.0,-0.0021,-0.0258,-0.0071,1.256,2.144,1.06,0.171,,1.58,-1.6
23.982,NAV_TO_LANDING,1.5324,-1.64,0.298,87.89,-0.92,-1.91,-0.0,-0.0179,-0.0004,-0.0114,,2.147,1.058,0.166,,1.58,-1.6
24.032,NAV_TO_LANDING,1.53,-1.6381,0.299,87.36,-0.37,-1.19,-0.0,-0.026,0.0169,-0.0069,,2.147,1.058,0.166,,1.58,-1.6
24.078,NAV_TO_LANDING,1.5279,-1.6361,0.296,86.8,0.19,-0.8,-0.0,-0.0269,0.027,-0.0001,,2.135,1.048,0.17,,1.58,-1.6
24.164,NAV_TO_LANDING,1.5286,-1.6334,0.299,86.3,0.41,-0.11,-0.0,-0.0201,0.0324,-0.0053,,2.135,1.048,0.17,,1.58,-1.6
24.179,NAV_TO_LANDING,1.528,-1.63,0.298,86.03,0.73,0.25,-0.0,-0.0144,0.0347,0.0026,,2.133,1.049,0.172,,1.58,-1.6
24.268,NAV_TO_LANDING,1.529,-1.6284,0.302,85.92,0.84,0.32,-0.0,-0.0042,0.0313,0.0057,,2.133,1.049,0.172,,1.58,-1.6
24.283,NAV_TO_LANDING,1.5305,-1.6267,0.301,85.88,1.01,0.43,-0.0,0.007,0.0274,0.014,,2.149,1.053,0.168,,1.58,-1.6
24.337,NAV_TO_LANDING,1.534,-1.6265,0.301,85.97,0.79,0.32,-0.0,0.0211,0.0208,0.0081,,2.149,1.053,0.168,,1.58,-1.6
24.38,NAV_TO_LANDING,1.5364,-1.6265,0.301,86.12,0.46,0.54,-0.0,0.0288,0.0142,0.0024,,2.143,1.052,0.163,,1.58,-1.6
24.436,NAV_TO_LANDING,1.54,-1.626,0.301,86.26,0.11,0.58,-0.0,0.0351,0.0088,0.002,,2.143,1.052,0.163,,1.58,-1.6
24.515,NAV_TO_LANDING,1.5438,-1.6269,0.303,86.32,-0.21,0.68,-0.0,0.0383,0.0005,-0.0046,,2.141,1.062,0.159,,,
24.552,NAV_TO_LANDING,1.5476,-1.6274,0.303,86.43,-0.54,0.77,-0.0,0.0393,-0.007,0.0039,,2.141,1.062,0.159,,1.58,-1.62
24.61,NAV_TO_LANDING,1.5512,-1.629,0.299,86.51,-0.79,0.52,-0.0,0.0368,-0.015,0.0032,,2.138,1.058,0.155,,1.58,-1.62
24.632,NAV_TO_LANDING,1.5541,-1.6303,0.3,86.62,-0.52,0.06,-0.0,0.034,-0.0181,-0.0075,,2.138,1.058,0.155,,1.58,-1.62
24.682,NAV_TO_LANDING,1.5562,-1.6316,0.304,86.8,-0.53,-0.23,-0.0,0.0309,-0.0172,-0.0047,,2.139,1.071,0.149,,1.58,-1.62
24.729,NAV_TO_LANDING,1.5593,-1.6332,0.306,86.84,-0.72,-0.11,-0.0,0.0292,-0.0169,0.0051,,2.139,1.071,0.149,,1.58,-1.62
24.779,NAV_TO_LANDING,1.5618,-1.634,0.306,86.81,-0.97,0.1,-0.0,0.0241,-0.0162,0.0136,,2.147,1.073,0.144,,1.58,-1.62
24.829,NAV_TO_LANDING,1.5637,-1.6347,0.305,86.88,-0.79,0.03,-0.0,0.0183,-0.0162,0.0065,,2.147,1.073,0.144,,1.58,-1.62
24.932,NAV_TO_LANDING,1.565,-1.6351,0.307,87.19,-0.64,0.1,-0.0,0.0139,-0.0153,0.0019,,2.137,1.076,0.155,,1.6,-1.62
24.973,NAV_TO_LANDING,1.5659,-1.6342,0.305,87.32,-0.53,0.38,-0.0,0.0095,-0.0135,-0.0055,,2.137,1.076,0.155,,1.6,-1.62
24.993,NAV_TO_LANDING,1.5666,-1.6356,0.302,87.47,-0.55,0.31,-0.0,0.0051,-0.0176,-0.0045,,2.155,1.083,0.138,,1.6,-1.62
25.039,NAV_TO_LANDING,1.5681,-1.636,0.304,87.62,-0.3,0.14,-0.0,0.0041,-0.0179,-0.0086,,2.155,1.083,0.138,,1.6,-1.62
25.082,NAV_TO_LANDING,1.5683,-1.6364,0.304,87.85,-0.14,0.06,-0.0,0.0031,-0.0173,-0.0052,,2.147,1.088,0.149,,1.6,-1.62
25.128,NAV_TO_LANDING,1.5689,-1.637,0.306,88.17,-0.25,0.14,-0.0,0.002,-0.0172,0.0023,,2.147,1.088,0.149,,1.6,-1.62
25.18,NAV_TO_LANDING,1.5688,-1.6364,0.304,88.44,-0.28,0.05,-0.0,-0.0007,-0.015,0.0055,,2.149,1.097,0.136,,1.6,-1.62
25.229,NAV_TO_LANDING,1.5689,-1.6366,0.307,88.82,-0.1,0.06,-0.0,-0.0019,-0.0142,-0.0004,,2.149,1.097,0.136,,1.6,-1.62
25.316,NAV_TO_LANDING,1.5708,-1.6363,0.307,89.24,-0.14,-0.05,-0.0,0.0019,-0.0119,0.0029,,2.148,1.083,0.148,,1.6,-1.62
25.373,NAV_TO_LANDING,1.5713,-1.6341,0.306,89.62,-0.01,0.05,-0.0,0.0026,-0.0057,-0.0017,,2.148,1.083,0.148,,1.6,-1.62
25.379,NAV_TO_LANDING,1.5709,-1.6327,0.305,90.01,0.21,0.17,-0.0,0.0026,-0.0035,-0.0101,,2.155,1.089,0.136,,1.6,-1.62
25.446,NAV_TO_LANDING,1.574,-1.6335,0.306,90.41,0.27,0.22,-0.0,0.0113,-0.0062,-0.0125,,2.155,1.089,0.136,,1.6,-1.62
25.478,NAV_TO_LANDING,1.5758,-1.6266,0.302,90.84,0.12,0.56,-0.0,0.0161,0.0053,-0.0115,,2.153,1.089,0.142,,1.6,-1.62
25.529,NAV_TO_LANDING,1.5787,-1.6259,0.301,91.4,0.11,0.63,-0.0,0.0216,0.0015,-0.0243,,2.153,1.089,0.142,,1.6,-1.62
25.58,NAV_TO_LANDING,1.5811,-1.6235,0.301,91.95,0.18,0.76,-0.0,0.026,0.0006,-0.0211,,2.148,1.106,0.146,,1.6,-1.62
25.696,NAV_TO_LANDING,1.5838,-1.6236,0.299,92.34,-0.08,0.81,-0.0,0.0295,-0.0067,-0.0133,,2.148,1.106,0.146,,1.6,-1.6
25.725,NAV_TO_LANDING,1.5875,-1.6229,0.298,92.65,-0.09,0.74,-0.0,0.0337,-0.0108,-0.0188,,2.152,1.102,0.148,,1.62,-1.6
25.734,NAV_TO_LANDING,1.5915,-1.6227,0.301,92.88,-0.27,0.44,-0.0,0.0372,-0.0137,-0.016,,2.152,1.102,0.148,,1.62,-1.6
25.782,NAV_TO_LANDING,1.5948,-1.6224,0.303,93.1,-0.32,0.38,-0.0,0.0378,-0.0151,-0.0047,,2.152,1.111,0.146,,1.62,-1.6
25.828,NAV_TO_LANDING,1.5975,-1.6216,0.299,93.22,-0.55,0.18,-0.0,0.0358,-0.0145,-0.0005,,2.152,1.111,0.146,,1.62,-1.6
25.879,NAV_TO_LANDING,1.6014,-1.6221,0.298,93.36,-0.58,0.03,-0.0,0.0358,-0.0146,-0.0116,,2.162,1.106,0.148,,1.62,-1.6
25.93,NAV_TO_LANDING,1.6053,-1.622,0.303,93.44,-0.56,-0.03,-0.0,0.0353,-0.013,-0.0121,,2.162,1.106,0.148,,1.62,-1.6
25.985,NAV_TO_LANDING,1.6078,-1.6222,0.299,93.53,-0.37,-0.19,-0.0,0.0336,-0.0112,0.0,,2.164,,0.158,,1.62,-1.6
26.057,NAV_TO_LANDING,1.6106,-1.6208,0.301,93.5,-0.49,-0.12,-0.0,0.0322,-0.0059,-0.0106,,2.164,,0.158,,,
26.111,NAV_TO_LANDING,1.6109,-1.6171,0.3,93.49,-0.57,-0.25,-0.0,0.026,0.0035,-0.0023,1.271,2.165,,0.184,,1.64,-1.6
26.143,NAV_TO_LANDING,1.6134,-1.6131,0.299,93.43,-0.55,-0.06,-0.0,0.0237,0.0127,-0.0061,1.271,2.165,,0.184,,1.64,-1.6
26.211,NAV_TO_LANDING,1.6134,-1.6071,0.297,93.39,-0.33,0.21,-0.0,0.0175,0.0229,-0.0144,,2.173,1.12,0.21,,1.64,-1.6
26.25,NAV_TO_LANDING,1.6131,-1.6027,0.293,93.37,-0.58,0.28,-0.0,0.0117,0.0278,-0.0157,,2.173,1.12,0.21,,1.64,-1.6
26.279,NAV_TO_LANDING,1.6134,-1.5978,0.298,93.48,-0.78,0.31,-0.0,0.0058,0.032,-0.0225,,2.173,1.128,0.216,,1.64,-1.6
26.357,NAV_TO_LANDING,1.6122,-1.5946,0.295,93.71,-0.61,0.34,-0.0,-0.0031,0.0325,-0.0036,,2.173,1.128,0.216,,1.64,-1.6
26.386,NAV_TO_LANDING,1.6117,-1.5898,0.298,94.0,-0.61,0.37,-0.0,-0.0089,0.0357,-0.0069,,2.19,1.116,0.151,,1.64,-1.6
26.448,NAV_TO_LANDING,1.6098,-1.5834,0.294,94.23,-0.41,0.51,-0.0,-0.016,0.0418,0.0001,,2.19,1.116,0.151,,1.58,-1.62
26.478,NAV_TO_LANDING,1.6098,-1.5787,0.294,94.31,-0.43,0.58,-0.0,-0.0174,0.0427,-0.009,,2.189,,0.132,,1.58,-1.62
26.529,NAV_TO_LANDING,1.6084,-1.5726,0.294,94.36,-0.45,0.81,-0.0,-0.0216,0.0461,-0.003,,2.189,,0.132,,1.58,-1.62
26.579,NAV_TO_LANDING,1.6063,-1.5677,0.297,94.49,-1.04,1.75,-0.0,-0.0286,0.0424,-0.0003,1.21,2.194,1.109,0.129,,1.58,-1.62
26.653,NAV_TO_LANDING,1.6047,-1.5622,0.297,94.69,-1.51,2.67,-0.0,-0.038,0.0321,0.0084,1.21,2.194,1.109,0.129,,1.58,-1.62
26.687,NAV_TO_LANDING,1.6032,-1.5584,0.297,94.88,-1.42,3.24,-0.0,-0.0471,0.0129,0.0024,1.136,2.203,1.106,0.125,,1.58,-1.62
26.729,NAV_TO_LANDING,1.5999,-1.5544,0.298,95.09,-1.32,3.7,-0.0,-0.0582,-0.0076,-0.0034,1.136,2.203,1.106,0.125,,1.58,-1.62
26.783,NAV_TO_LANDING,1.5948,-1.5541,0.297,95.22,-1.24,3.7,-0.0,-0.0717,-0.0369,-0.007,1.065,2.2,,0.142,,1.58,-1.62
26.829,NAV_TO_LANDING,1.5905,-1.5542,0.299,95.38,-1.07,3.43,-0.0,-0.081,-0.0626,-0.0053,1.065,2.2,,0.142,,1.58,-1.62
26.879,NAV_TO_LANDING,1.586,-1.5555,0.297,95.55,-0.64,3.58,-0.0,-0.0874,-0.0866,-0.0005,1.028,2.205,,0.155,,1.58,-1.62
26.928,NAV_TO_LANDING,1.583,-1.5583,0.296,95.71,0.18,3.52,-0.0,-0.0833,-0.111,-0.0089,1.028,2.205,,0.155,,1.58,-1.62
27.004,NAV_TO_LANDING,1.5796,-1.562,0.296,95.99,0.62,3.11,-0.0,-0.0752,-0.1323,-0.0141,0.99,2.211,1.085,0.144,,1.58,-1.62
27.029,NAV_TO_LANDING,1.5763,-1.5669,0.295,96.29,0.77,2.7,-0.0,-0.0659,-0.1508,-0.0118,0.99,2.211,1.085,0.144,,1.58,-1.62
27.089,NAV_TO_LANDING,1.574,-1.5729,0.291,96.45,0.89,2.11,-0.0,-0.0536,-0.1648,-0.0112,0.962,2.201,,0.16,,1.58,-1.62
27.128,NAV_TO_LANDING,1.5728,-1.5801,0.294,96.42,0.96,1.66,-0.0,-0.0398,-0.1757,-0.0175,0.962,2.201,,0.16,,1.58,-1.62
27.178,NAV_TO_LANDING,1.5711,-1.5871,0.295,96.3,1.04,1.25,-0.0,-0.0293,-0.1818,-0.0054,0.963,2.19,,0.168,,1.58,-1.62
27.229,NAV_TO_LANDING,1.5702,-1.5928,0.294,96.14,0.74,0.72,-0.0,-0.0182,-0.1795,0.0049,0.963,2.19,,0.168,,1.58,-1.64
27.323,NAV_TO_LANDING,1.5705,-1.5996,0.296,96.09,0.9,-0.12,-0.0,-0.0073,-0.1751,0.0025,0.976,2.174,,0.204,,1.58,-1.64
27.332,NAV_TO_LANDING,1.5706,-1.6049,0.295,95.96,0.59,-0.33,-0.0,0.0011,-0.1618,0.0123,0.976,2.174,,0.204,,1.58,-1.64
27.413,NAV_TO_LANDING,1.5719,-1.612,0.298,95.91,0.62,-0.27,-0.0,0.0096,-0.1562,0.0105,0.984,2.172,,0.219,,1.58,-1.66
27.43,NAV_TO_LANDING,1.5725,-1.616,0.298,95.81,0.38,-0.39,-0.0,0.0149,-0.1418,0.0178,0.984,2.172,,0.219,,1.58,-1.66
27.478,NAV_TO_LANDING,1.5735,-1.6202,0.3,95.68,0.3,-0.24,-0.0,0.0186,-0.1308,0.0147,0.998,2.163,,0.169,,1.58,-1.66
27.528,NAV_TO_LANDING,1.5757,-1.6222,0.302,95.39,0.21,-0.33,-0.0,0.0254,-0.1152,0.0136,0.998,2.163,,0.169,,1.58,-1.66
27.589,NAV_TO_LANDING,1.5777,-1.6249,0.302,94.96,-0.09,0.1,-0.0,0.0283,-0.1055,0.0181,1.01,2.158,,0.151,,1.58,-1.66
27.646,NAV_TO_LANDING,1.5801,-1.6288,0.3,94.41,0.04,0.11,-0.0,0.0308,-0.1031,0.0087,1.01,2.158,,0.151,,1.58,-1.66
27.685,NAV_TO_LANDING,1.5822,-1.6323,0.3,93.83,0.22,0.17,-0.0,0.0334,-0.0993,-0.0027,1.05,2.157,,0.143,,1.6,-1.68
27.73,NAV_TO_LANDING,1.5843,-1.6327,0.299,93.26,0.08,-0.07,-0.0,0.037,-0.0874,-0.007,1.05,2.157,,0.143,,1.6,-1.68
27.778,NAV_TO_LANDING,1.5885,-1.6349,0.302,92.68,-0.34,-0.28,-0.0,0.0419,-0.0801,0.0009,1.161,2.155,,0.136,,1.6,-1.68
27.829,NAV_TO_LANDING,1.5897,-1.6331,0.302,92.13,-0.5,0.35,-0.0,0.0371,-0.0643,0.0112,1.161,2.155,,0.136,,1.6,-1.68
27.878,NAV_TO_LANDING,1.592,-1.6327,0.299,91.71,-0.36,0.76,-0.0,0.0344,-0.0593,0.0063,1.332,2.142,1.106,0.129,,1.6,-1.68
27.968,NAV_TO_LANDING,1.5933,-1.632,0.299,91.47,-0.45,1.1,-0.0,0.0312,-0.0569,-0.0056,1.332,2.142,1.106,0.129,,1.6,-1.68
27.98,NAV_TO_LANDING,1.5955,-1.6331,0.304,91.25,-0.36,1.52,-0.0,0.0297,-0.0633,-0.0038,,2.147,1.109,0.124,,1.6,-1.68
28.033,NAV_TO_LANDING,1.598,-1.6332,0.304,91.09,-0.52,1.81,-0.0,0.0286,-0.0689,0.0142,,2.147,1.109,0.124,,1.6,-1.68
28.079,NAV_TO_LANDING,1.599,-1.6347,0.304,91.1,-0.64,1.75,-0.0,0.0239,-0.0792,0.0115,,2.141,1.11,0.135,,1.6,-1.68
28.128,NAV_TO_LANDING,1.6013,-1.6413,0.306,91.31,-0.39,1.53,-0.0,0.0222,-0.0982,0.0051,,2.141,1.11,0.135,,1.6,-1.68
28.179,NAV_TO_LANDING,1.6023,-1.6445,0.304,91.67,-0.92,1.43,-0.0,0.0179,-0.1065,0.0119,,2.143,1.121,0.122,,1.6,-1.68
28.231,NAV_TO_LANDING,1.6051,-1.6494,0.304,92.09,-0.84,1.06,-0.0,0.0151,-0.1159,0.001,,2.143,1.121,0.122,,1.6,-1.68
28.287,NAV_TO_LANDING,1.6047,-1.6529,0.308,92.51,-0.77,0.84,-0.0,0.0062,-0.1188,-0.0015,,2.13,,0.117,,1.62,-1.68
28.364,NAV_TO_LANDING,1.6056,-1.6584,0.306,92.87,-0.66,0.56,-0.0,0.0019,-0.1241,0.0071,,2.13,,0.117,,1.62,-1.68
28.382,NAV_TO_LANDING,1.6067,-1.6618,0.308,93.24,-0.56,0.22,-0.0,-0.0007,-0.1213,-0.0006,,2.122,1.134,0.113,,1.62,-1.68
28.428,NAV_TO_LANDING,1.6081,-1.6658,0.307,93.47,-0.28,-0.63,-0.0,-0.0014,-0.1163,0.0028,,2.122,1.134,0.113,,1.62,-1.68
28.48,NAV_TO_LANDING,1.6079,-1.6696,0.305,93.67,-0.11,-1.32,-0.0,-0.0035,-0.1041,-0.0056,,2.125,,0.114,,1.62,-1.68
28.528,NAV_TO_LANDING,1.6096,-1.6722,0.303,93.79,-0.0,-1.73,-0.0,-0.001,-0.0864,-0.0107,,2.125,,0.114,,1.62,-1.68
28.657,NAV_TO_LANDING,1.6098,-1.6757,0.307,93.84,0.07,-1.86,-0.0,-0.001,-0.0699,-0.0161,,2.117,,0.11,,,
28.671,NAV_TO_LANDING,1.6104,-1.6782,0.305,93.75,0.05,-1.73,-0.0,-0.0005,-0.0528,-0.0052,,2.117,,0.11,,1.64,-1.7
28.678,NAV_TO_LANDING,1.6107,-1.676,0.306,93.45,0.25,-1.57,-0.0,0.0004,-0.0287,-0.0119,1.316,2.117,,0.109,,1.64,-1.7
28.739,NAV_TO_LANDING,1.6112,-1.6742,0.304,93.11,0.12,-1.4,-0.0,0.0023,-0.009,-0.0055,1.316,2.117,,0.109,,1.64,-1.7
28.78,NAV_TO_LANDING,1.6131,-1.6711,0.303,92.64,0.12,-0.87,-0.0,0.0061,0.0086,-0.009,1.382,2.126,,0.109,,1.64,-1.7
28.829,NAV_TO_LANDING,1.6146,-1.6675,0.301,92.13,0.27,-0.47,-0.0,0.0097,0.0212,-0.0165,1.382,2.126,,0.109,,1.64,-1.7
28.915,NAV_TO_LANDING,1.6154,-1.6638,0.299,91.6,0.18,-0.17,-0.0,0.0122,0.03,-0.0176,1.453,2.124,1.134,0.108,,1.64,-1.7
28.927,NAV_TO_LANDING,1.6165,-1.6599,0.299,91.23,-0.19,-0.05,-0.0,0.0135,0.0365,-0.0156,1.453,2.124,1.134,0.108,,1.64,-1.7
29.022,NAV_TO_LANDING,1.6166,-1.6565,0.301,91.07,-0.6,0.11,-0.0,0.0092,0.0396,-0.005,,2.125,1.14,0.108,,,
29.041,NAV_TO_LANDING,1.6194,-1.6536,0.302,91.07,-0.73,0.38,-0.0,0.0081,0.0399,0.0018,,2.125,1.14,0.108,,1.58,-1.66
29.079,NAV_TO_LANDING,1.6197,-1.6503,0.303,91.07,-0.57,0.61,-0.0,0.0026,0.0389,0.0002,,2.129,1.124,0.107,,1.58,-1.66
29.128,NAV_TO_LANDING,1.6202,-1.6444,0.303,90.99,-0.41,0.96,-0.0,-0.0005,0.0421,-0.0041,,2.129,1.124,0.107,,1.58,-1.66
29.178,NAV_TO_LANDING,1.6205,-1.6423,0.302,90.76,-1.11,1.22,-0.0,-0.0049,0.0332,-0.0041,,2.141,1.132,0.102,,1.58,-1.66
29.243,NAV_TO_LANDING,1.6208,-1.6389,0.304,90.53,-1.5,1.69,-0.0,-0.0145,0.0261,-0.0071,,2.141,1.132,0.102,,1.58,-1.66
29.278,NAV_TO_LANDING,1.6196,-1.6364,0.303,90.31,-1.56,2.0,-0.0,-0.0279,0.0137,-0.0057,,2.136,1.126,0.106,,1.58,-1.66
29.33,NAV_TO_LANDING,1.617,-1.6362,0.305,90.15,-1.53,2.13,-0.0,-0.043,-0.0036,-0.008,,2.136,1.126,0.106,,1.58,-1.66
29.378,NAV_TO_LANDING,1.6141,-1.6376,0.303,90.08,-1.46,2.31,-0.0,-0.0566,-0.024,-0.0076,,2.138,1.124,0.107,,1.58,-1.66
29.427,NAV_TO_LANDING,1.61,-1.6414,0.301,90.04,-1.31,2.09,-0.0,-0.0708,-0.048,-0.0111,,2.138,1.124,0.107,,1.58,-1.66
29.477,NAV_TO_LANDING,1.6052,-1.6464,0.301,90.18,-1.18,1.75,-0.0,-0.0835,-0.0701,-0.0165,,2.133,1.119,0.112,,1.58,-1.68
29.569,NAV_TO_LANDING,1.6027,-1.6486,0.302,90.43,-0.71,1.22,-0.0,-0.088,-0.0793,-0.0136,,2.133,1.119,0.112,,1.58,-1.68
29.583,NAV_TO_LANDING,1.5986,-1.6531,0.299,90.65,-0.16,1.18,-0.0,-0.0908,-0.0898,-0.0153,,2.138,1.117,0.119,,1.58,-1.68
29.642,NAV_TO_LANDING,1.5953,-1.6575,0.298,90.67,0.21,0.99,-0.0,-0.0875,-0.0982,-0.0174,,2.138,1.117,0.119,,1.58,-1.7
29.678,NAV_TO_LANDING,1.5925,-1.663,0.299,90.67,0.28,0.72,-0.0,-0.081,-0.1065,-0.0144,,2.12,1.115,0.131,,1.58,-1.7
29.728,NAV_TO_LANDING,1.5887,-1.6682,0.298,90.69,0.45,0.55,-0.0,-0.0778,-0.1111,-0.0066,,2.12,1.115,0.131,,1.58,-1.7
29.779,NAV_TO_LANDING,1.586,-1.6735,0.299,90.69,0.61,0.71,-0.0,-0.0705,-0.1156,-0.009,,2.121,,0.135,,1.62,-1.7
29.83,NAV_TO_LANDING,1.5838,-1.6794,0.301,90.73,0.79,0.56,-0.0,-0.0614,-0.1211,-0.0021,,2.121,,0.135,,1.62,-1.7
29.877,NAV_TO_LANDING,1.5814,-1.6843,0.3,90.8,0.63,-0.03,-0.0,-0.0534,-0.1208,0.0074,,2.107,1.116,0.14,,1.62,-1.7
29.929,NAV_TO_LANDING,1.5802,-1.6891,0.3,90.98,0.96,-0.79,-0.0,-0.0441,-0.1146,0.0049,,2.107,1.116,0.14,,1.62,-1.7
29.978,NAV_TO_LANDING,1.5787,-1.6951,0.299,91.17,1.19,-1.2,-0.0,-0.0336,-0.1071,-0.0018,,2.113,,0.143,,1.62,-1.7
30.028,NAV_TO_LANDING,1.5779,-1.7013,0.299,91.42,0.89,-1.24,-0.0,-0.0234,-0.0995,-0.0025,,2.113,,0.143,,1.62,-1.7
30.12,NAV_TO_LANDING,1.5798,-1.7051,0.299,91.69,0.58,-1.52,-0.0,-0.0103,-0.0856,-0.003,,2.091,,0.142,,,
30.141,NAV_TO_LANDING,1.5823,-1.7065,0.299,91.87,0.31,-1.42,-0.0,0.0003,-0.0662,-0.001,,2.091,,0.142,,1.58,-1.74
30.207,NAV_TO_LANDING,1.5826,-1.7085,0.299,91.94,0.18,-1.5,-0.0,0.0032,-0.0514,-0.0001,,2.082,,0.139,,1.58,-1.74
30.233,NAV_TO_LANDING,1.5843,-1.7087,0.299,92.04,-0.3,-1.64,-0.0,0.0062,-0.0331,0.0049,,2.082,,0.139,,1.58,-1.74
30.295,NAV_TO_LANDING,1.5858,-1.7059,0.299,92.09,-0.26,-0.55,-0.0,0.0064,-0.0114,0.0034,,2.088,,0.14,,1.58,-1.74
30.351,NAV_TO_LANDING,1.5864,-1.7033,0.301,92.0,-0.1,0.4,-0.0,0.0058,-0.0028,0.0006,,2.088,,0.14,,1.58,-1.74
30.378,NAV_TO_LANDING,1.5863,-1.6995,0.302,91.87,-0.06,1.22,-0.0,0.0052,0.0012,0.0012,1.308,2.087,,0.137,,1.58,-1.74
30.428,NAV_TO_LANDING,1.589,-1.6984,0.299,91.72,-0.69,1.6,-0.0,0.0085,-0.0082,0.0078,1.308,2.087,,0.137,,1.58,-1.74
30.488,NAV_TO_LANDING,1.5907,-1.6973,0.299,91.65,-0.83,1.82,-0.0,0.006,-0.018,0.0023,,2.085,1.114,0.129,,1.58,-1.74
30.539,NAV_TO_LANDING,1.5929,-1.6974,0.3,91.58,-0.98,1.95,-0.0,0.0037,-0.0315,-0.002,,2.085,1.114,0.129,,1.58,-1.74
30.603,NAV_TO_LANDING,1.5942,-1.699,0.301,91.54,-1.01,2.14,-0.0,-0.0014,-0.048,0.002,,2.082,,0.127,,1.58,-1.74
30.634,NAV_TO_LANDING,1.5933,-1.7017,0.299,91.48,-0.82,2.19,-0.0,-0.0108,-0.0662,0.001,,2.082,,0.127,,1.58,-1.74
30.678,NAV_TO_LANDING,1.5932,-1.7048,0.302,91.45,-0.78,1.97,-0.0,-0.0152,-0.0828,-0.0076,,2.078,,0.132,,1.58,-1.74
30.728,NAV_TO_LANDING,1.5934,-1.7083,0.305,91.49,-0.8,1.84,-0.0,-0.0188,-0.0969,0.0025,,2.078,,0.132,,1.58,-1.74
30.79,NAV_TO_LANDING,1.5925,-1.7132,0.302,91.57,-0.5,1.62,-0.0,-0.0242,-0.1112,0.0045,,2.08,,0.133,,1.6,-1.76
30.845,NAV_TO_LANDING,1.5921,-1.7172,0.303,91.7,-0.25,1.15,-0.0,-0.0247,-0.1191,-0.0066,,2.08,,0.133,,1.6,-1.76
30.903,NAV_TO_LANDING,1.5916,-1.723,0.302,91.84,-0.23,0.92,-0.0,-0.0253,-0.1269,-0.0012,1.386,2.073,,0.132,,1.6,-1.76
30.937,NAV_TO_LANDING,1.591,-1.7268,0.302,91.97,0.36,1.0,-0.0,-0.023,-0.1288,-0.0038,1.386,2.073,,0.132,,1.6,-1.76
30.977,NAV_TO_LANDING,1.5907,-1.7304,0.303,92.02,0.35,0.84,-0.0,-0.0178,-0.1299,-0.0059,,2.064,,0.13,,1.6,-1.76
31.027,NAV_TO_LANDING,1.5894,-1.7348,0.3,92.01,0.62,0.41,-0.0,-0.0148,-0.1303,-0.0058,,2.064,,0.13,,1.62,-1.76
31.077,NAV_TO_LANDING,1.5897,-1.7418,0.299,91.98,0.53,-0.01,-0.0,-0.0076,-0.133,-0.0168,,2.059,,0.13,,1.62,-1.76
31.15,NAV_TO_LANDING,1.5901,-1.7471,0.302,91.89,0.56,-0.47,-0.0,-0.0013,-0.1285,-0.0189,,2.059,,0.13,,1.62,-1.76
31.182,NAV_TO_LANDING,1.5898,-1.752,0.297,91.81,0.43,-1.22,-0.0,0.0025,-0.1184,-0.0078,1.336,2.053,,0.13,,1.62,-1.76
31.227,NAV_TO_LANDING,1.5912,-1.7556,0.299,91.85,0.24,-1.8,-0.0,0.0083,-0.1011,-0.017,1.336,2.053,,0.13,,1.62,-1.76
31.278,NAV_TO_LANDING,1.5917,-1.7587,0.299,91.89,-0.05,-1.97,-0.0,0.0087,-0.0776,-0.0077,,2.045,,0.129,,1.62,-1.76
31.382,NAV_TO_LANDING,1.5936,-1.7613,0.299,91.84,-0.29,-1.79,-0.0,0.0107,-0.0619,-0.0031,,2.045,,0.129,,,
31.412,NAV_TO_LANDING,1.5944,-1.7608,0.297,91.79,-0.29,-1.54,-0.0,0.0076,-0.0375,-0.0067,,2.042,,0.126,,1.6,-1.8
31.476,NAV_TO_LANDING,1.5958,-1.7611,0.297,91.7,-0.5,-1.34,-0.0,0.0074,-0.0243,-0.0083,,2.042,,0.126,,1.6,-1.8
31.482,NAV_TO_LANDING,1.5967,-1.7595,0.299,91.72,-0.58,-0.99,-0.0,0.0025,-0.0065,-0.0011,,2.04,,0.131,,1.6,-1.8
31.55,NAV_TO_LANDING,1.5962,-1.7563,0.298,91.61,-0.57,-0.18,-0.0,-0.0025,0.0064,0.0058,,2.04,,0.131,,1.6,-1.8
31.582,NAV_TO_LANDING,1.5964,-1.7525,0.299,91.43,-0.39,1.43,-0.0,-0.0069,0.0077,0.0059,,2.043,,0.126,,1.6,-1.8
31.628,NAV_TO_LANDING,1.5968,-1.7497,0.298,91.17,-0.01,2.02,-0.0,-0.0063,0.0014,0.0044,,2.043,,0.126,,1.6,-1.8
31.677,NAV_TO_LANDING,1.5941,-1.7499,0.295,90.94,0.46,2.49,-0.0,-0.0084,-0.0211,0.0012,,2.039,,0.13,,1.6,-1.8
31.741,NAV_TO_LANDING,1.5944,-1.7504,0.303,90.68,0.43,2.74,-0.0,-0.0035,-0.0373,-0.0058,,2.039,,0.13,,1.6,-1.8
31.799,NAV_TO_LANDING,1.5957,-1.7515,0.299,90.35,0.33,2.85,-0.0,0.0041,-0.0638,0.0163,,2.038,,0.129,,1.6,-1.8
31.827,NAV_TO_LANDING,1.5958,-1.7545,0.299,90.07,0.47,2.64,-0.0,0.0066,-0.0811,0.0028,,2.038,,0.129,,1.6,-1.8
31.882,NAV_TO_LANDING,1.5954,-1.7588,0.3,89.96,0.49,2.62,-0.0,0.0096,-0.1072,-0.0002,,2.03,,0.129,,1.6,-1.8
31.927,NAV_TO_LANDING,1.5961,-1.7647,0.302,89.81,0.27,2.38,-0.0,0.0125,-0.1251,0.0037,,2.03,,0.129,,1.6,-1.8
31.978,NAV_TO_LANDING,1.597,-1.7713,0.303,89.69,0.12,1.88,-0.0,0.015,-0.1466,0.0071,,2.038,,0.125,,1.6,-1.82
32.027,NAV_TO_LANDING,1.5973,-1.7801,0.303,89.59,0.01,1.44,-0.0,0.0139,-0.1611,0.0071,,2.038,,0.125,,1.6,-1.82
32.114,NAV_TO_LANDING,1.5986,-1.7872,0.301,89.57,0.17,0.9,-0.0,0.016,-0.168,0.0006,,2.02,,0.142,,1.6,-1.82
32.127,NAV_TO_LANDING,1.5989,-1.7936,0.299,89.6,0.09,0.64,-0.0,0.0161,-0.1689,-0.0096,,2.02,,0.142,,1.6,-1.82
32.183,NAV_TO_LANDING,1.6,-1.8018,0.302,89.6,-0.22,0.25,-0.0,0.0163,-0.1723,-0.0093,,2.007,,0.167,,1.62,-1.84
32.227,NAV_TO_LANDING,1.6002,-1.8083,0.299,89.61,-0.05,-0.5,-0.0,0.0136,-0.1668,-0.002,,2.007,,0.167,,1.62,-1.84
32.278,NAV_TO_LANDING,1.5991,-1.8174,0.301,89.72,-0.25,-1.64,-0.0,0.0079,-0.1608,-0.0113,,1.99,,0.129,,1.62,-1.84
32.327,NAV_TO_LANDING,1.5986,-1.8234,0.304,89.8,-0.18,-2.26,-0.0,0.0037,-0.1401,-0.0053,,1.99,,0.129,,1.62,-1.84
32.377,NAV_TO_LANDING,1.5989,-1.8287,0.305,89.86,0.07,-2.62,-0.0,0.0037,-0.1166,-0.0017,,1.989,,0.108,,1.62,-1.84
32.427,NAV_TO_LANDING,1.5984,-1.8327,0.301,89.78,0.1,-2.61,-0.0,0.0027,-0.0911,-0.0024,,1.989,,0.108,,1.62,-1.84
32.508,NAV_TO_LANDING,1.5983,-1.8369,0.303,89.66,0.02,-2.28,-0.0,0.0029,-0.0706,-0.0146,,1.979,,0.121,,,
32.557,NAV_TO_LANDING,1.597,-1.8382,0.3,89.57,0.17,-1.9,-0.0,0.0005,-0.0476,-0.0111,,1.979,,0.121,,1.6,-1.88
32.58,NAV_TO_LANDING,1.5971,-1.8367,0.3,89.34,0.0,-1.33,-0.0,0.0018,-0.0243,-0.0144,,1.974,,0.121,,1.6,-1.88
32.629,NAV_TO_LANDING,1.5971,-1.8351,0.298,88.92,0.14,-1.03,-0.0,0.0019,-0.008,-0.0137,,1.974,,0.121,,1.6,-1.88
32.677,NAV_TO_LANDING,1.5965,-1.8335,0.298,88.45,0.29,-0.36,-0.0,0.0025,0.0043,-0.0113,,1.977,,0.118,,1.6,-1.88
32.753,NAV_TO_LANDING,1.5969,-1.8314,0.298,88.17,0.31,0.97,-0.0,0.0053,0.0069,-0.0139,,1.977,,0.118,,1.6,-1.88
32.779,NAV_TO_LANDING,1.5964,-1.8304,0.299,88.0,0.55,1.66,-0.0,0.007,-0.0018,-0.0165,,1.971,,0.119,,1.6,-1.88
32.839,NAV_TO_LANDING,1.5964,-1.8305,0.296,87.95,0.59,2.31,-0.0,0.0103,-0.0176,-0.0097,,1.971,,0.119,,1.6,-1.88
32.877,NAV_TO_LANDING,1.5969,-1.831,0.298,88.01,0.54,2.67,-0.0,0.0139,-0.0366,-0.0178,,1.977,,0.116,,1.6,-1.88
32.927,NAV_TO_LANDING,1.5979,-1.8347,0.294,88.14,0.56,2.74,-0.0,0.0184,-0.0636,-0.0081,,1.977,,0.116,,1.6,-1.88
32.978,NAV_TO_LANDING,1.5989,-1.8389,0.294,88.15,0.39,2.5,-0.0,0.0222,-0.0877,-0.0101,,1.968,,0.117,,1.6,-1.88
33.052,NAV_TO_LANDING,1.6006,-1.8451,0.292,88.17,0.17,1.77,-0.0,0.0255,-0.1103,-0.0043,,1.968,,0.117,,1.6,-1.88
33.088,NAV_TO_LANDING,1.6019,-1.8512,0.296,88.29,-0.22,1.35,-0.0,0.025,-0.1244,-0.0063,,1.956,,0.115,,1.6,-1.88
33.141,NAV_TO_LANDING,1.6027,-1.8585,0.296,88.61,-0.54,0.71,-0.0,0.0204,-0.1353,0.007,,1.956,,0.115,,1.6,-1.9
33.183,NAV_TO_LANDING,1.6051,-1.8669,0.294,88.97,-0.7,0.28,-0.0,0.019,-0.1434,0.0068,,1.939,,0.109,,1.6,-1.9
33.244,NAV_TO_LANDING,1.6054,-1.8745,0.3,89.38,-0.61,-0.07,-0.0,0.0121,-0.1454,-0.0065,,1.939,,0.109,,1.6,-1.92
33.277,NAV_TO_LANDING,1.6064,-1.881,0.296,89.66,-0.73,-0.26,-0.0,0.0079,-0.1424,0.0128,,1.926,,0.103,,1.6,-1.92
33.328,NAV_TO_LANDING,1.6067,-1.8859,0.299,89.81,-0.8,-0.65,-0.0,0.0013,-0.1333,0.0048,,1.926,,0.103,,1.6,-1.92
33.413,NAV_TO_LANDING,1.6062,-1.8918,0.301,89.85,-1.07,-0.35,-0.0,-0.0069,-0.127,0.0157,,1.919,,0.108,,1.62,-1.94
33.427,NAV_TO_LANDING,1.6069,-1.8994,0.302,89.93,-1.08,-0.1,-0.0,-0.0135,-0.1281,0.0257,,1.919,,0.108,,1.62,-1.94
33.49,NAV_TO_LANDING,1.6052,-1.9043,0.299,90.08,-0.6,0.01,-0.0,-0.0233,-0.1242,0.015,,1.911,,0.108,,1.62,-1.94
33.53,NAV_TO_LANDING,1.6037,-1.9099,0.299,90.21,-0.1,-0.06,-0.0,-0.0277,-0.1221,0.0021,,1.911,,0.108,,1.62,-1.94
33.577,NAV_TO_LANDING,1.6011,-1.9133,0.3,90.25,0.46,0.36,-0.0,-0.0299,-0.1167,-0.0,,1.903,,0.112,,1.62,-1.94
33.627,NAV_TO_LANDING,1.6011,-1.9182,0.303,90.32,0.62,0.01,-0.0,-0.0218,-0.117,0.0017,,1.903,,0.112,,1.62,-1.94
33.682,NAV_TO_LANDING,1.6002,-1.9239,0.303,90.47,0.49,-0.75,-0.0,-0.0166,-0.1134,0.0083,,1.898,,0.11,,1.62,-1.94
33.73,NAV_TO_LANDING,1.6005,-1.9295,0.3,90.67,0.35,-1.17,-0.0,-0.0109,-0.1058,0.0081,,1.898,,0.11,,1.62,-1.94
33.779,NAV_TO_LANDING,1.6013,-1.9339,0.306,90.99,0.64,-1.53,-0.0,-0.0042,-0.0933,-0.0081,,1.882,,0.11,,1.62,-1.94
33.875,NAV_TO_LANDING,1.6018,-1.9378,0.303,91.38,0.25,-1.45,-0.0,0.0021,-0.0785,0.0121,,1.882,,0.11,,1.6,-1.96
33.879,NAV_TO_LANDING,1.6025,-1.9406,0.303,91.75,0.15,-1.32,-0.0,0.0043,-0.0646,0.0069,,1.88,,0.11,,1.6,-1.98
33.93,NAV_TO_LANDING,1.6037,-1.9427,0.302,92.12,0.02,-1.34,-0.0,0.0069,-0.0515,-0.0059,,1.88,,0.11,,1.6,-1.98
33.985,NAV_TO_LANDING,1.6057,-1.9445,0.303,92.32,-0.13,-0.77,-0.0,0.0102,-0.0398,-0.0044,1.378,1.879,,0.107,,1.6,-1.98
34.045,NAV_TO_LANDING,1.6075,-1.9408,0.302,92.3,-0.29,0.35,-0.0,0.0115,-0.0237,-0.0017,1.378,1.879,,0.107,,1.6,-1.98
34.079,NAV_TO_LANDING,1.6083,-1.9399,0.302,92.19,-0.58,1.04,-0.0,0.0089,-0.0237,-0.0053,1.359,1.885,,0.105,,1.6,-1.98
34.129,NAV_TO_LANDING,1.6095,-1.9387,0.302,91.97,-0.9,1.5,-0.0,0.0052,-0.0285,-0.0059,1.359,1.885,,0.105,,1.6,-1.98
34.176,NAV_TO_LANDING,1.6106,-1.9378,0.304,91.81,-0.89,1.73,-0.0,0.0002,-0.036,-0.0075,,1.88,,0.107,,1.6,-1.98
34.227,NAV_TO_LANDING,1.611,-1.9381,0.303,91.64,-0.99,1.93,-0.0,-0.0058,-0.0475,-0.0027,,1.88,,0.107,,1.6,-1.98
34.278,NAV_TO_LANDING,1.6103,-1.9407,0.303,91.43,-0.91,1.76,-0.0,-0.0145,-0.0632,-0.0073,1.465,1.873,,0.109,,1.6,-1.98
34.372,NAV_TO_LANDING,1.6104,-1.9428,0.303,91.27,-0.71,1.68,-0.0,-0.0187,-0.0745,-0.0091,1.465,1.873,,0.109,,1.6,-1.98
34.379,NAV_TO_LANDING,1.6083,-1.9462,0.299,91.25,-0.69,1.61,-0.0,-0.0268,-0.0875,-0.0092,,1.872,,0.108,,1.6,-1.98
34.441,NAV_TO_LANDING,1.6077,-1.9489,0.302,91.29,-0.48,1.38,-0.0,-0.0298,-0.0961,-0.0155,,1.872,,0.108,,1.6,-1.98
34.477,NAV_TO_LANDING,1.6056,-1.9515,0.302,91.3,-0.41,1.11,-0.0,-0.0347,-0.1016,-0.0056,,1.865,,0.113,,1.6,-2.0
34.527,NAV_TO_LANDING,1.6044,-1.9587,0.299,91.33,-0.24,0.74,-0.0,-0.0359,-0.1142,-0.0039,,1.865,,0.113,,1.6,-2.0
34.576,NAV_TO_LANDING,1.6024,-1.9633,0.299,91.42,0.01,0.49,-0.0,-0.0371,-0.1163,-0.0121,1.447,1.857,,0.112,,1.6,-2.0
34.636,NAV_TO_LANDING,1.6005,-1.9668,0.299,91.52,0.13,0.55,-0.0,-0.0371,-0.1156,-0.01,1.447,1.857,,0.112,,1.6,-2.0
34.706,NAV_TO_LANDING,1.5982,-1.9717,0.298,91.62,0.26,0.42,-0.0,-0.0368,-0.1173,-0.0088,,1.847,,0.117,,1.6,-2.02
34.728,NAV_TO_LANDING,1.5968,-1.9768,0.299,91.77,0.45,0.48,-0.0,-0.0328,-0.119,-0.0101,,1.847,,0.117,,1.6,-2.02
34.815,NAV_TO_LANDING,1.5948,-1.9818,0.297,91.99,0.5,0.39,-0.0,-0.0297,-0.1204,-0.0054,,1.843,,0.134,,1.6,-2.02
34.83,NAV_TO_LANDING,1.5937,-1.9876,0.3,92.23,0.61,0.41,-0.0,-0.0243,-0.1228,-0.0079,,1.843,,0.134,,1.6,-2.02
34.876,NAV_TO_LANDING,1.5924,-1.9912,0.299,92.47,0.65,0.47,-0.0,-0.0188,-0.1205,-0.003,,1.841,,0.125,,1.62,-2.04
34.927,NAV_TO_LANDING,1.592,-1.9974,0.302,92.69,0.56,0.52,-0.0,-0.0125,-0.1245,-0.0002,,1.841,,0.125,,1.62,-2.04
35.014,NAV_TO_LANDING,1.5911,-2.0015,0.3,92.84,0.51,-0.1,-0.0,-0.0083,-0.1221,0.006,,1.831,,0.154,,1.62,-2.04
35.027,NAV_TO_LANDING,1.5914,-2.0057,0.3,92.91,0.31,-0.84,-0.0,-0.0033,-0.1138,0.0034,,1.831,,0.154,,1.62,-2.04
35.077,NAV_TO_LANDING,1.5915,-2.009,0.302,92.98,0.46,-1.35,-0.0,-0.0001,-0.0996,-0.0032,1.336,1.826,,0.164,,1.62,-2.04
35.126,NAV_TO_LANDING,1.5921,-2.0106,0.299,92.96,0.29,-1.57,-0.0,0.0046,-0.0794,0.0015,1.336,1.826,,0.164,,1.62,-2.04
35.229,NAV_TO_LANDING,1.5938,-2.0124,0.301,92.88,-0.08,-1.4,-0.0,0.0082,-0.0622,-0.0024,1.346,1.829,,0.177,,,
35.283,NAV_TO_LANDING,1.5947,-2.0143,0.299,92.77,-0.17,-1.46,-0.0,0.0079,-0.0481,-0.0018,1.346,1.829,,0.177,,1.6,-2.06
35.295,NAV_TO_LANDING,1.5959,-2.0147,0.297,92.66,-0.19,-1.47,-0.0,0.0077,-0.0318,-0.0086,1.335,1.827,,0.173,,1.6,-2.06
35.35,NAV_TO_LANDING,1.5946,-2.0124,0.296,92.52,-0.17,-1.12,-0.0,0.0028,-0.0118,-0.0133,1.335,1.827,,0.173,,1.6,-2.06
35.378,NAV_TO_LANDING,1.5953,-2.0092,0.299,92.28,-0.31,-0.65,-0.0,0.0018,0.0046,-0.0091,1.363,1.83,,0.144,,1.6,-2.06
35.443,NAV_TO_LANDING,1.5961,-2.0027,0.3,92.01,-0.38,0.64,-0.0,0.0004,0.02,0.0012,1.363,1.83,,0.144,,1.6,-2.06
35.476,NAV_TO_LANDING,1.5953,-1.9981,0.3,91.81,0.02,1.44,-0.0,-0.0026,0.0205,-0.0025,,1.822,,0.132,,1.6,-2.06
35.526,NAV_TO_LANDING,1.5939,-1.9947,0.299,91.58,0.05,2.47,-0.0,-0.0046,0.0111,-0.0031,,1.822,,0.132,,1.6,-2.06
35.576,NAV_TO_LANDING,1.5952,-1.9926,0.299,91.29,-0.06,3.24,-0.0,-0.0003,-0.008,-0.0041,,1.831,,0.134,,1.6,-2.06
35.692,NAV_TO_LANDING,1.5948,-1.9905,0.302,91.03,-0.17,3.77,-0.0,-0.0014,-0.0306,-0.0009,,1.831,,0.134,,1.6,-2.06
35.697,NAV_TO_LANDING,1.5946,-1.992,0.3,90.89,0.1,3.93,-0.0,-0.0021,-0.0613,-0.0025,1.421,1.832,,0.14,,1.6,-2.06
35.747,NAV_TO_LANDING,1.5946,-1.9968,0.299,90.88,0.31,3.71,-0.0,0.0002,-0.0958,-0.0107,1.421,1.832,,0.14,,1.6,-2.06
35.777,NAV_TO_LANDING,1.5945,-2.0017,0.3,90.96,0.15,3.49,-0.0,0.0023,-0.1254,-0.0102,1.427,1.826,,0.182,,1.6,-2.06
35.827,NAV_TO_LANDING,1.5947,-2.0079,0.301,91.18,0.14,3.12,-0.0,0.0041,-0.1525,-0.0085,1.427,1.826,,0.182,,1.6,-2.06
35.877,NAV_TO_LANDING,1.5953,-2.0158,0.3,91.46,0.37,2.61,-0.0,0.0077,-0.1759,-0.0068,,1.813,,0.271,,1.6,-2.06
35.927,NAV_TO_LANDING,1.5956,-2.0224,0.299,91.73,0.43,1.96,-0.0,0.0114,-0.19,-0.005,,1.813,,0.271,,1.6,-2.06
36.009,NAV_TO_LANDING,1.5955,-2.0317,0.298,91.94,0.43,1.13,-0.0,0.0134,-0.2025,-0.0061,,1.807,,,,1.62,-2.08
36.029,NAV_TO_LANDING,1.5969,-2.0424,0.299,92.05,0.28,0.44,-0.0,0.0188,-0.2104,-0.0028,,1.807,,,,1.62,-2.08
36.086,NAV_TO_LANDING,1.5988,-2.051,0.299,92.16,0.5,-0.06,-0.0,0.0244,-0.2075,0.003,1.395,1.79,,,,1.62,-2.08
36.13,NAV_TO_LANDING,1.5998,-2.0603,0.3,92.32,0.79,-0.36,-0.0,0.0291,-0.203,0.0033,1.395,1.79,,,,1.64,-2.08
36.176,NAV_TO_LANDING,1.6022,-2.0674,0.3,92.44,0.67,-0.72,-0.0,0.0377,-0.1918,0.0061,1.405,1.775,,,,1.64,-2.08
36.226,NAV_TO_LANDING,1.6044,-2.0743,0.299,92.61,0.91,-1.46,-0.0,0.0444,-0.1767,0.0047,1.405,1.775,,,,1.64,-2.08
36.276,NAV_TO_LANDING,1.6075,-2.0832,0.298,92.71,1.2,-1.75,-0.0,0.0543,-0.1631,0.0023,1.417,1.759,,,,1.64,-2.08
36.33,NAV_TO_LANDING,1.6118,-2.0896,0.3,92.65,1.31,-1.83,-0.0,0.0677,-0.1444,0.0014,1.417,1.759,,,,1.66,-2.08
36.391,NAV_TO_LANDING,1.6145,-2.0936,0.303,92.52,1.35,-2.19,-0.0,0.0771,-0.1197,0.0046,,1.754,,,,1.66,-2.08
36.456,NAV_TO_LANDING,1.619,-2.0956,0.302,92.36,0.99,-2.36,-0.0,0.0882,-0.0911,0.014,,1.754,,,,1.66,-2.08
36.489,NAV_TO_LANDING,1.6241,-2.0989,0.302,92.17,1.2,-2.24,-0.0,0.0975,-0.0691,0.0105,,1.749,,1.102,,1.66,-2.08
36.526,NAV_TO_LANDING,1.6306,-2.1001,0.307,91.97,1.03,-2.14,-0.0,0.1099,-0.0456,0.0031,,1.749,,1.102,,1.66,-2.08
36.589,NAV_TO_LANDING,1.6366,-2.0996,0.304,91.8,0.84,-2.0,-0.0,0.1185,-0.0216,0.0151,,1.744,,1.003,,1.66,-2.08
36.64,NAV_TO_LANDING,1.6413,-2.0984,0.304,91.59,0.43,-1.79,-0.0,0.1218,-0.0001,0.0033,,1.744,,1.003,,1.68,-2.1
36.692,NAV_TO_LANDING,1.647,-2.0965,0.306,91.43,-0.01,-1.58,-0.0,0.1228,0.0185,-0.0034,,1.743,,,,1.68,-2.1
36.725,NAV_TO_LANDING,1.6534,-2.0946,0.305,91.33,-0.38,-1.29,-0.0,0.122,0.0328,0.0002,,1.743,,,,1.68,-2.1
36.776,NAV_TO_LANDING,1.6592,-2.0922,0.303,91.3,-0.41,-0.43,-0.0,0.1177,0.0421,-0.004,,1.743,,,,1.7,-2.1
36.826,NAV_TO_LANDING,1.6634,-2.0886,0.306,91.25,-0.37,0.15,-0.0,0.1115,0.0476,-0.0138,,1.743,,,,1.7,-2.1
36.876,NAV_TO_LANDING,1.6697,-2.0845,0.306,91.33,-0.15,0.73,-0.0,0.1106,0.0484,-0.0087,,1.747,,,,1.7,-2.1
36.96,NAV_TO_LANDING,1.6745,-2.0812,0.304,91.4,-0.04,1.07,-0.0,0.1085,0.0436,-0.0084,,1.747,,,,1.7,-2.1
36.984,NAV_TO_LANDING,1.678,-2.0785,0.304,91.49,-0.12,1.46,-0.0,0.1039,0.0354,-0.0157,,1.748,,,,1.7,-2.1
37.067,NAV_TO_LANDING,1.683,-2.0771,0.305,91.57,-0.17,1.63,-0.0,0.103,0.0221,-0.0172,,1.748,,,,1.72,-2.12
37.086,NAV_TO_LANDING,1.6899,-2.0755,0.299,91.67,-0.35,1.7,-0.0,0.1051,0.0094,-0.0123,,1.758,,,,1.72,-2.12
37.127,NAV_TO_LANDING,1.6952,-2.0758,0.299,91.78,-0.31,1.83,-0.0,0.1029,-0.0058,-0.0262,,1.758,,,,1.72,-2.12
37.176,NAV_TO_LANDING,1.701,-2.075,0.303,91.82,-0.12,2.16,-0.0,0.1027,-0.0192,-0.0274,,1.76,,,,1.72,-2.12
37.225,NAV_TO_LANDING,1.7056,-2.0764,0.298,91.89,-0.15,2.38,-0.0,0.1012,-0.0389,-0.0083,,1.76,,,,1.72,-2.12
37.278,NAV_TO_LANDING,1.7105,-2.0785,0.3,91.97,-0.44,2.52,-0.0,0.099,-0.0591,-0.0154,,1.76,,,,1.72,-2.12
37.338,NAV_TO_LANDING,1.7156,-2.0817,0.298,92.01,-0.51,2.36,-0.0,0.096,-0.0798,-0.0093,,1.76,,,,1.72,-2.12
37.376,NAV_TO_LANDING,1.72,-2.0862,0.298,92.05,-0.62,2.06,-0.0,0.0912,-0.0991,-0.0122,,1.753,,,,1.72,-2.12
37.425,NAV_TO_LANDING,1.7247,-2.093,0.295,92.09,-0.8,1.69,-0.0,0.087,-0.1194,-0.014,,1.753,,,,1.74,-2.12
37.476,NAV_TO_LANDING,1.7289,-2.0988,0.299,92.13,-1.03,1.18,-0.0,0.0799,-0.131,-0.0169,,1.747,,,,1.76,-2.12
37.537,NAV_TO_LANDING,1.7321,-2.1055,0.299,92.12,-0.95,0.59,-0.0,0.0694,-0.1396,-0.004,,1.747,,,,1.76,-2.12
37.607,NAV_TO_LANDING,1.7354,-2.1118,0.297,92.17,-0.5,0.02,-0.0,0.0628,-0.141,-0.0007,0.086,1.726,,,,1.78,-2.12
37.632,NAV_TO_LANDING,1.7388,-2.1177,0.297,92.15,-0.17,-0.58,-0.0,0.0601,-0.1366,-0.01,0.086,1.726,,,,1.78,-2.12
37.68,NAV_TO_LANDING,1.7419,-2.1246,0.294,92.21,0.39,-1.15,-0.0,0.061,-0.13,-0.0086,0.093,1.719,,,,1.78,-2.12
37.726,NAV_TO_LANDING,1.7445,-2.1311,0.295,92.21,0.87,-1.62,-0.0,0.0641,-0.1187,-0.0125,0.093,1.719,,,,1.78,-2.12
37.775,NAV_TO_LANDING,1.7486,-2.1364,0.295,92.22,1.03,-1.9,-0.0,0.0736,-0.103,-0.0088,0.115,1.712,,,,1.78,-2.12
37.825,NAV_TO_LANDING,1.754,-2.1394,0.298,92.26,0.97,-2.04,-0.0,0.0851,-0.0815,-0.0005,0.115,1.712,,,,1.78,-2.12
37.911,NAV_TO_LANDING,1.7585,-2.1425,0.296,92.27,0.21,-1.97,-0.0,0.0915,-0.0616,0.0072,0.117,1.711,,,,1.78,-2.12
37.925,NAV_TO_LANDING,1.7649,-2.1436,0.296,92.24,-0.58,-1.71,-0.0,0.0934,-0.0423,0.0027,0.117,1.711,,,,1.78,-2.12
37.979,NAV_TO_LANDING,1.7708,-2.1455,0.298,92.15,-1.21,-1.36,-0.0,0.0889,-0.0288,0.0018,0.124,1.702,,,,1.78,-2.12
38.034,NAV_TO_LANDING,1.7777,-2.1442,0.299,92.02,-1.58,-0.67,-0.0,0.0827,-0.0145,0.0126,0.124,1.702,,,,1.78,-2.12
38.123,NAV_TO_LANDING,1.7824,-2.1431,0.297,91.82,-1.89,-0.15,-0.0,0.0692,-0.0067,0.015,0.123,1.705,,,,,
38.137,NAV_TO_LANDING,1.7864,-2.142,0.298,91.56,-1.99,0.24,-0.0,0.0549,-0.0039,0.0071,0.123,1.705,,,,1.82,-2.16
38.198,NAV_TO_LANDING,1.7887,-2.1418,0.299,91.21,-1.62,0.05,-0.0,0.0384,-0.0051,0.0061,0.127,1.706,,0.635,,1.82,-2.16
38.227,NAV_TO_LANDING,1.7897,-2.1433,0.298,90.89,-1.23,-0.07,-0.0,0.0246,-0.0077,0.005,0.127,1.706,,0.635,,1.82,-2.16
38.278,NAV_TO_LANDING,1.7913,-2.1436,0.299,90.67,-0.05,0.34,-0.0,0.0192,-0.0084,-0.0007,0.128,1.708,,0.64,,1.82,-2.16
38.325,NAV_TO_LANDING,1.791,-2.1416,0.299,90.52,0.69,0.81,-0.0,0.0181,-0.0063,-0.0001,0.128,1.708,,0.64,,1.82,-2.16
38.376,NAV_TO_LANDING,1.7912,-2.1413,0.3,90.41,1.16,1.04,-0.0,0.0232,-0.0125,0.0003,0.127,1.698,,0.646,,1.82,-2.16
38.425,NAV_TO_LANDING,1.7925,-2.1435,0.299,90.41,1.48,1.04,-0.0,0.0345,-0.0242,-0.0029,0.127,1.698,,0.646,,1.82,-2.16
38.487,NAV_TO_LANDING,1.7962,-2.1452,0.3,90.53,1.58,1.45,-0.0,0.0513,-0.0355,-0.001,0.131,1.695,,0.647,,1.84,-2.16
38.53,NAV_TO_LANDING,1.8011,-2.1479,0.299,90.77,1.28,1.12,-0.0,0.0691,-0.0478,-0.0028,0.131,1.695,,0.647,,1.84,-2.16
38.584,NAV_TO_LANDING,1.8074,-2.1513,0.299,90.97,1.05,0.95,-0.0,0.0858,-0.0584,-0.0026,0.128,1.693,,0.635,,1.84,-2.16
38.628,NAV_TO_LANDING,1.8133,-2.1546,0.296,91.2,1.12,0.51,-0.0,0.0989,-0.0658,-0.0037,0.128,1.693,,0.635,,1.86,-2.16
38.675,NAV_TO_LANDING,1.8182,-2.1583,0.301,91.4,0.8,0.16,-0.0,0.1072,-0.0692,-0.014,0.134,1.692,,0.611,,1.86,-2.16
38.726,NAV_TO_LANDING,1.8249,-2.1622,0.296,91.6,0.45,-0.25,-0.0,0.1156,-0.0704,-0.0016,0.134,1.692,,0.611,,1.86,-2.16
38.788,NAV_TO_LANDING,1.8315,-2.1655,0.301,91.77,0.3,-0.82,-0.0,0.1208,-0.0657,-0.0165,0.142,1.688,,0.594,,1.88,-2.16
38.854,NAV_TO_LANDING,1.8372,-2.1682,0.299,91.81,0.17,-0.7,-0.0,0.1215,-0.0574,-0.0022,0.142,1.688,,0.594,,1.88,-2.16
38.882,NAV_TO_LANDING,1.8439,-2.1715,0.297,91.84,0.4,-0.68,-0.0,0.1245,-0.0533,0.0039,0.148,1.68,,0.58,,1.88,-2.16
38.939,NAV_TO_LANDING,1.8515,-2.1731,0.298,91.82,0.72,-0.84,-0.0,0.1327,-0.0446,-0.0069,0.148,1.68,,0.58,,1.88,-2.16
38.983,NAV_TO_LANDING,1.86,-2.1751,0.299,91.86,0.69,-0.94,-0.0,0.143,-0.0371,0.0003,0.149,1.675,,0.563,,1.88,-2.16
39.025,NAV_TO_LANDING,1.8668,-2.177,0.299,91.96,-0.21,-1.08,-0.0,0.1451,-0.0287,0.0039,0.149,1.675,,0.563,,1.88,-2.16
39.075,NAV_TO_LANDING,1.8744,-2.1774,0.299,92.06,-1.3,-0.95,-0.0,0.1403,-0.018,0.0037,0.148,1.671,,0.542,,1.88,-2.16
39.155,NAV_TO_LANDING,1.8807,-2.1778,0.3,92.07,-1.81,-0.79,-0.0,0.126,-0.0099,0.0047,0.148,1.671,,0.542,,1.88,-2.16
39.178,NAV_TO_LANDING,1.8874,-2.1758,0.296,92.06,-2.21,-0.43,-0.0,0.1109,0.0006,0.0035,0.154,1.673,,0.521,,1.88,-2.16
39.28,NAV_TO_LANDING,1.8918,-2.1747,0.299,92.08,-2.43,-0.2,-0.0,0.0897,0.0053,-0.0097,0.154,1.673,,0.521,,,
39.304,NAV_TO_LANDING,1.897,-2.1729,0.297,92.06,-2.38,-0.01,-0.0,0.0715,0.0091,-0.0071,0.149,1.674,,0.516,,1.92,-2.16
39.326,NAV_TO_LANDING,1.9,-2.173,0.302,92.09,-2.42,0.28,-0.0,0.0512,0.0064,-0.0112,0.149,1.674,,0.516,,1.92,-2.16
39.375,NAV_TO_LANDING,1.9013,-2.1719,0.297,92.04,-2.12,0.34,-0.0,0.029,0.0048,0.005,0.152,1.672,,0.514,,1.92,-2.16
39.455,NAV_TO_LANDING,1.9013,-2.1704,0.299,92.01,-1.6,0.63,-0.0,0.0096,0.0034,-0.0015,0.152,1.672,,0.514,,1.92,-2.16
39.479,NAV_TO_LANDING,1.8999,-2.1703,0.299,91.97,-1.18,0.8,-0.0,-0.006,-0.0031,-0.0019,0.159,1.672,,0.517,,1.92,-2.16
39.527,NAV_TO_LANDING,1.898,-2.1703,0.299,92.02,-0.7,0.8,-0.0,-0.0181,-0.0094,0.0062,0.159,1.672,,0.517,,1.92,-2.16
39.575,NAV_TO_LANDING,1.8969,-2.1706,0.299,92.09,-0.26,0.72,-0.0,-0.0224,-0.0154,0.0041,0.155,1.676,,0.521,,1.92,-2.16
39.674,NAV_TO_LANDING,1.8957,-2.1698,0.302,92.15,0.19,0.67,-0.0,-0.0236,-0.0179,0.0048,0.155,1.676,,0.521,,1.92,-2.16
39.68,NAV_TO_LANDING,1.8929,-2.1716,0.301,92.21,0.54,0.58,-0.0,-0.0244,-0.0251,0.0153,0.151,1.675,,0.529,,1.94,-2.14
39.746,NAV_TO_LANDING,1.8922,-2.1731,0.3,92.21,0.76,0.25,-0.0,-0.0178,-0.0289,0.0058,0.151,1.675,,0.529,,1.94,-2.14
39.776,NAV_TO_LANDING,1.8913,-2.1754,0.305,92.16,0.83,0.15,-0.0,-0.0113,-0.0323,0.0021,0.15,1.675,,0.526,,1.94,-2.14
39.834,NAV_TO_LANDING,1.8919,-2.1771,0.304,92.07,0.88,0.09,-0.0,-0.0014,-0.0333,0.0127,0.15,1.675,,0.526,,1.94,-2.14
39.875,NAV_TO_LANDING,1.893,-2.1771,0.304,91.9,0.75,-0.21,-0.0,0.0082,-0.029,0.0074,0.154,1.673,,0.521,,1.94,-2.14
39.925,NAV_TO_LANDING,1.8978,-2.1788,0.303,91.73,0.36,-0.5,-0.0,0.0233,-0.0265,-0.0029,0.154,1.673,,0.521,,1.94,-2.14
39.991,NAV_TO_LANDING,1.9016,-2.1795,0.303,91.45,0.01,-0.55,-0.0,0.0309,-0.0205,-0.0038,0.168,1.673,,0.514,,,
40.088,NAV_TO_LANDING,1.9065,-2.1783,0.301,91.26,-0.14,-0.4,-0.0,0.0385,-0.0118,-0.0035,0.168,1.673,,0.514,,1.94,-2.16
40.131,NAV_TO_LANDING,1.9091,-2.1764,0.3,91.02,-0.4,-0.26,-0.0,0.0378,-0.0029,-0.0076,0.189,1.678,,0.503,,1.94,-2.16
40.136,NAV_TO_LANDING,1.9119,-2.1744,0.306,90.88,-0.48,0.01,-0.0,0.037,0.0029,-0.0086,0.189,1.678,,0.503,,1.94,-2.16
40.18,NAV_TO_LANDING,1.9149,-2.171,0.303,90.85,-0.56,0.15,-0.0,0.0352,0.0094,0.0061,0.262,1.674,,0.497,,1.94,-2.16
40.224,NAV_TO_LANDING,1.9179,-2.1691,0.305,91.02,-0.52,0.38,-0.0,0.0338,0.0107,-0.0016,0.262,1.674,,0.497,,1.94,-2.16
40.275,NAV_TO_LANDING,1.9201,-2.1673,0.304,91.17,-0.68,0.32,-0.0,0.0306,0.0105,-0.0017,0.28,1.68,,0.5,,1.94,-2.16
40.325,NAV_TO_LANDING,1.9234,-2.1643,0.305,91.17,-0.92,0.15,-0.0,0.0284,0.0138,-0.0046,0.28,1.68,,0.5,,1.94,-2.16
40.386,NAV_TO_LANDING,1.9263,-2.1622,0.306,91.14,-1.11,0.18,-0.0,0.0238,0.0154,-0.0058,0.313,1.681,,0.499,,1.94,-2.16
40.474,NAV_TO_LANDING,1.9281,-2.1598,0.303,91.13,-1.13,0.22,-0.0,0.0164,0.0175,-0.0047,0.313,1.681,,0.499,,1.96,-2.14
40.522,NAV_TO_LANDING,1.9285,-2.1571,0.302,91.1,-1.14,0.19,-0.0,0.0061,0.0196,-0.0123,0.324,1.683,,0.497,,1.96,-2.14
40.527,NAV_TO_LANDING,1.9298,-2.1525,0.3,91.1,-1.03,0.25,-0.0,-0.0008,0.0257,-0.0168,0.324,1.683,,0.497,,1.96,-2.14
40.58,NAV_TO_LANDING,1.93,-2.1493,0.301,91.11,-0.57,0.24,-0.0,-0.0078,0.0276,-0.0178,0.333,1.692,,0.509,,1.96,-2.14
40.645,NAV_TO_LANDING,1.9268,-2.1464,0.301,91.05,0.43,-0.02,-0.0,-0.0159,0.03,-0.0121,0.333,1.692,,0.509,,1.96,-2.14
40.677,NAV_TO_LANDING,1.9246,-2.1419,0.302,90.88,1.02,0.14,-0.0,-0.0137,0.0367,-0.0112,0.33,1.696,,0.525,,1.96,-2.14
40.725,NAV_TO_LANDING,1.925,-2.1371,0.299,90.65,1.32,0.19,-0.0,-0.0018,0.0423,-0.0076,0.33,1.696,,0.525,,1.96,-2.14
40.778,NAV_TO_LANDING,1.9261,-2.1328,0.299,90.39,1.46,0.2,-0.0,0.0122,0.0459,-0.0144,0.338,1.704,,0.54,,1.96,-2.14
40.828,NAV_TO_LANDING,1.9269,-2.1287,0.297,90.2,1.68,0.54,-0.0,0.0256,0.0475,-0.0099,0.338,1.704,,0.54,,1.96,-2.14
40.91,NAV_TO_LANDING,1.9307,-2.1252,0.301,90.05,1.7,1.0,-0.0,0.0454,0.0444,-0.0093,0.372,1.713,,0.551,,1.96,-2.14
40.928,NAV_TO_LANDING,1.9342,-2.1217,0.298,89.93,1.58,1.2,-0.0,0.0624,0.0388,0.001,0.372,1.713,,0.551,,1.96,-2.14
40.974,NAV_TO_LANDING,1.9384,-2.1188,0.298,89.87,1.32,1.35,-0.0,0.0771,0.031,-0.0035,0.413,1.713,,0.555,,1.96,-2.14
41.025,NAV_TO_LANDING,1.9436,-2.1166,0.301,89.84,0.97,1.55,-0.0,0.0902,0.0212,-0.0054,0.413,1.713,,0.555,,1.98,-2.12
41.089,NAV_TO_LANDING,1.9484,-2.1153,0.299,89.8,0.49,1.53,-0.0,0.0976,0.0092,0.0009,0.475,1.716,,,,1.98,-2.12
41.142,NAV_TO_LANDING,1.9554,-2.1141,0.299,89.77,0.03,1.41,-0.0,0.1051,-0.0008,-0.0077,0.475,1.716,,,,2.0,-2.1
41.178,NAV_TO_LANDING,1.9614,-2.113,0.298,89.69,-0.07,0.94,-0.0,0.1077,-0.0073,-0.0081,0.505,1.716,,,,2.0,-2.1
41.224,NAV_TO_LANDING,1.968,-2.1128,0.298,89.74,-0.31,0.66,-0.0,0.1101,-0.0122,-0.0102,0.505,1.716,,,,2.0,-2.1
41.275,NAV_TO_LANDING,1.9737,-2.113,0.297,89.85,-0.13,0.11,-0.0,0.1083,-0.0147,-0.0054,0.554,1.718,,,,2.0,-2.08
41.325,NAV_TO_LANDING,1.9784,-2.1125,0.297,90.07,-0.01,-0.23,-0.0,0.1065,-0.0114,-0.0057,0.554,1.718,,,,2.0,-2.08
41.375,NAV_TO_LANDING,1.9832,-2.1115,0.299,90.3,-0.35,-0.8,-0.0,0.1043,-0.0039,-0.0082,0.589,1.723,,,,2.0,-2.08
41.469,NAV_TO_LANDING,1.9879,-2.1107,0.296,90.59,-0.65,-1.26,-0.0,0.0992,0.0068,0.0014,0.589,1.723,,,,2.0,-2.08
41.476,NAV_TO_LANDING,1.9935,-2.1078,0.295,90.92,-0.85,-1.39,-0.0,0.0951,0.0234,-0.004,0.641,1.724,,,,2.0,-2.08
41.539,NAV_TO_LANDING,1.9977,-2.1047,0.297,91.14,-1.11,-1.36,-0.0,0.0857,0.0395,-0.0063,0.641,1.724,,,,2.0,-2.06
41.58,NAV_TO_LANDING,2.0019,-2.1005,0.298,91.32,-1.19,-1.21,-0.0,0.0757,0.0551,0.0002,,1.715,,,,2.0,-2.06
41.625,NAV_TO_LANDING,2.0053,-2.095,0.299,91.51,-1.23,-1.1,-0.0,0.0648,0.0708,0.0034,,1.715,,,,2.0,-2.06
41.675,NAV_TO_LANDING,2.0066,-2.0887,0.298,91.63,-1.42,-1.09,-0.0,0.0492,0.086,0.0045,,1.682,,,,2.02,-2.04
41.73,NAV_TO_LANDING,2.0079,-2.0832,0.299,91.72,-1.4,-0.99,-0.0,0.0349,0.0971,0.0034,,1.682,,,,2.02,-2.04
41.788,NAV_TO_LANDING,2.0084,-2.0749,0.296,91.83,-0.99,-0.94,-0.0,0.0211,0.1126,0.0057,,1.661,,,,2.02,-2.04
41.844,NAV_TO_LANDING,2.0086,-2.0676,0.298,91.84,-0.66,-0.65,-0.0,0.0118,0.1235,-0.0019,,1.661,,,,2.5,-0.98
41.874,NAV_TO_LANDING,2.0089,-2.0596,0.299,91.83,-0.36,-0.18,-0.0,0.0063,0.1312,0.0018,,1.646,,,,2.5,-0.98
41.925,NAV_TO_LANDING,2.0077,-2.0517,0.298,91.72,-0.07,0.16,-0.0,0.0009,0.1351,0.0063,,1.646,,,,2.5,-0.98
41.975,NAV_TO_LANDING,2.0081,-2.0439,0.299,91.6,0.65,-0.24,-0.0,0.0028,0.1363,0.0053,,1.655,,,,2.5,-0.98
42.024,NAV_TO_LANDING,2.0065,-2.0353,0.299,91.56,1.46,-1.11,-0.0,0.0065,0.1466,0.0062,,1.655,,,,2.5,-0.98
42.1,NAV_TO_LANDING,2.0054,-2.0271,0.3,91.58,1.84,-1.55,-0.0,0.0164,0.1601,0.0042,,1.693,,,,2.5,-0.98
42.128,NAV_TO_LANDING,2.006,-2.018,0.302,91.62,2.0,-1.84,-0.0,0.0309,0.177,0.0056,,1.693,,,,2.5,-0.98
42.175,NAV_TO_LANDING,2.0093,-2.0081,0.302,91.66,2.04,-1.83,-0.0,0.0509,0.1947,0.0083,,1.687,,,,2.5,-0.98
42.225,NAV_TO_LANDING,2.0108,-1.9974,0.302,91.69,1.82,-1.69,-0.0,0.0642,0.2121,0.0062,,1.687,,,,2.5,-0.98
42.274,NAV_TO_LANDING,2.0129,-1.9859,0.305,91.69,1.73,-1.3,-0.0,0.0759,0.2271,0.004,,1.616,0.067,,,2.5,-0.98
42.324,NAV_TO_LANDING,2.0176,-1.9711,0.301,91.66,1.5,-1.11,-0.0,0.0918,0.2465,0.0048,,1.616,0.067,,,2.5,-0.98
42.42,NAV_TO_LANDING,2.0222,-1.9574,0.299,91.6,1.09,-0.9,-0.0,0.1031,0.2586,-0.0086,,,0.097,,,2.5,-0.98
42.427,NAV_TO_LANDING,2.0264,-1.9448,0.301,91.52,0.8,-0.61,-0.0,0.1087,0.2652,-0.0121,,,0.097,,,2.5,-0.98
42.49,NAV_TO_LANDING,2.0305,-1.9311,0.3,91.45,0.58,-0.26,-0.0,0.1115,0.2704,-0.0061,,,0.109,,,2.5,-0.98
42.554,NAV_TO_LANDING,2.035,-1.917,0.299,91.32,0.43,0.01,-0.0,0.1134,0.2736,-0.0079,,,0.109,,,2.5,-0.98
42.579,NAV_TO_LANDING,2.0406,-1.903,0.3,91.19,0.38,0.04,-0.0,0.1166,0.2741,-0.0089,,0.824,0.117,,,2.5,-0.98
42.624,NAV_TO_LANDING,2.0461,-1.8875,0.298,91.11,0.27,0.1,-0.0,0.1195,0.2788,-0.0051,,0.824,0.117,,,2.5,-0.98
42.687,NAV_TO_LANDING,2.0514,-1.8743,0.299,90.98,0.25,0.09,-0.0,0.1198,0.2761,-0.007,,0.83,0.123,,,2.5,-0.98
42.74,NAV_TO_LANDING,2.056,-1.8587,0.299,90.79,0.09,0.23,-0.0,0.1182,0.28,-0.0071,,0.83,0.123,,,2.5,-0.98
42.781,NAV_TO_LANDING,2.0618,-1.8441,0.298,90.58,0.08,0.22,-0.0,0.1189,0.2797,-0.0067,,0.843,,,,2.5,-0.98
42.825,NAV_TO_LANDING,2.0663,-1.8312,0.3,90.42,0.08,0.27,-0.0,0.1158,0.2749,-0.0086,,0.843,,,,2.5,-0.98
42.875,NAV_TO_LANDING,2.0714,-1.8171,0.299,90.24,0.08,0.26,-0.0,0.1146,0.2739,0.0003,,0.864,0.136,,,2.5,-0.98
42.925,NAV_TO_LANDING,2.0773,-1.8014,0.299,90.02,0.26,0.41,-0.0,0.1163,0.2765,-0.0014,,0.864,0.136,,,2.5,-0.98
42.975,NAV_TO_LANDING,2.0824,-1.789,0.299,89.82,0.37,0.55,-0.0,0.117,0.2693,-0.0021,,0.883,0.145,,,2.5,-0.98
43.053,NAV_TO_LANDING,2.0876,-1.7755,0.298,89.54,0.41,0.56,-0.0,0.1186,0.2648,-0.0005,,0.883,0.145,,,2.5,-0.98
43.077,NAV_TO_LANDING,2.0925,-1.7621,0.297,89.22,0.32,0.58,-0.0,0.1188,0.2607,-0.0043,,0.905,0.173,,,2.5,-0.98
43.142,NAV_TO_LANDING,2.0981,-1.7504,0.296,88.97,0.37,0.46,-0.0,0.1205,0.2528,-0.0056,,0.905,0.173,,,2.5,-0.98
43.174,NAV_TO_LANDING,2.1039,-1.736,0.299,88.74,0.45,0.36,-0.0,0.123,0.2536,-0.0093,,0.933,0.185,,,2.5,-0.98
43.224,NAV_TO_LANDING,2.1097,-1.724,0.299,88.57,0.57,0.22,-0.0,0.1262,0.2492,-0.0015,,0.933,0.185,,,2.5,-0.98
43.276,NAV_TO_LANDING,2.116,-1.7119,0.299,88.46,0.63,0.04,-0.0,0.1307,0.2468,0.0003,,0.954,0.185,,,2.5,-0.98
43.376,NAV_TO_LANDING,2.1214,-1.6996,0.298,88.47,0.71,-0.09,-0.0,0.133,0.2466,0.0037,,0.954,0.185,,,2.5,-0.98
43.385,NAV_TO_LANDING,2.1276,-1.687,0.301,88.46,0.81,-0.15,-0.0,0.1378,0.2481,0.0028,,0.963,0.216,,,2.5,-0.98
43.429,NAV_TO_LANDING,2.1341,-1.6737,0.299,88.59,0.75,-0.26,-0.0,0.1427,0.2517,0.0073,,0.963,0.216,,,2.5,-0.98
43.476,NAV_TO_LANDING,2.1429,-1.659,0.299,88.79,0.59,-0.26,-0.0,0.1531,0.2595,0.0026,1.196,0.97,0.258,,,2.5,-0.98
43.524,NAV_TO_LANDING,2.1494,-1.648,0.299,89.09,0.45,-0.03,-0.0,0.1543,0.2552,-0.0016,1.196,0.97,0.258,,,2.5,-0.98
43.574,NAV_TO_LANDING,2.1589,-1.6343,0.299,89.32,0.06,-0.13,-0.0,0.1618,0.2586,-0.0038,,0.987,0.214,,,2.5,-0.98
43.624,NAV_TO_LANDING,2.1669,-1.6213,0.302,89.55,-0.04,-0.11,-0.0,0.161,0.2593,-0.0012,,0.987,0.214,,,2.5,-0.98
43.698,NAV_TO_LANDING,2.1751,-1.6077,0.305,89.82,-0.2,-0.06,-0.0,0.1602,0.2609,0.0047,1.118,0.997,0.222,,,2.5,-0.98
43.727,NAV_TO_LANDING,2.184,-1.5946,0.301,89.98,-0.18,-0.04,-0.0,0.1609,0.2613,0.0116,1.118,0.997,0.222,,,2.5,-0.98
43.778,NAV_TO_LANDING,2.1941,-1.5805,0.302,90.09,-0.21,0.11,-0.0,0.1651,0.2641,-0.0035,1.061,1.011,0.241,,,2.5,-0.98
43.825,NAV_TO_LANDING,2.2016,-1.567,0.304,90.06,-0.45,0.05,-0.0,0.1606,0.264,-0.0017,1.061,1.011,0.241,,,2.5,-0.98
43.874,NAV_TO_LANDING,2.2098,-1.5533,0.302,89.97,-0.55,0.17,-0.0,0.1573,0.2646,0.0021,1.015,1.033,0.266,2.724,,2.5,-0.98
43.926,NAV_TO_LANDING,2.2169,-1.5401,0.303,89.85,-0.55,0.18,-0.0,0.1506,0.2629,-0.0046,1.015,1.033,0.266,2.724,,2.5,-0.98
44.021,NAV_TO_LANDING,2.2252,-1.5269,0.3,89.71,-0.5,0.15,-0.0,0.1485,0.2619,-0.0042,0.964,1.06,0.284,,,2.5,-0.98
44.029,NAV_TO_LANDING,2.2325,-1.5137,0.303,89.54,-0.47,0.23,-0.0,0.1439,0.2606,-0.0104,0.964,1.06,0.284,,,2.5,-0.98
44.086,NAV_TO_LANDING,2.2409,-1.4981,0.3,89.38,-0.44,0.24,-0.0,0.1431,0.2648,-0.0018,0.919,1.082,0.297,,,2.5,-0.98
44.13,NAV_TO_LANDING,2.2481,-1.4842,0.302,89.23,-0.31,0.17,-0.0,0.1399,0.2649,-0.0081,0.919,1.082,0.297,,,2.5,-0.98
44.174,NAV_TO_LANDING,2.2549,-1.4716,0.3,89.12,-0.21,0.28,-0.0,0.1374,0.2616,-0.0022,0.883,1.108,0.317,,,2.5,-0.98
44.226,NAV_TO_LANDING,2.2619,-1.458,0.302,89.03,-0.12,0.26,-0.0,0.1362,0.2607,-0.0043,0.883,1.108,0.317,,,2.5,-0.98
44.287,NAV_TO_LANDING,2.2682,-1.444,0.3,88.95,0.03,0.33,-0.0,0.1342,0.2604,-0.0003,0.849,1.133,0.319,,,2.5,-0.98
44.357,NAV_TO_LANDING,2.276,-1.4301,0.301,88.96,0.19,0.38,-0.0,0.1377,0.2598,-0.0057,0.849,1.133,0.319,,,2.5,-0.98
44.38,NAV_TO_LANDING,2.2823,-1.4167,0.305,88.99,0.23,0.28,-0.0,0.1377,0.258,-0.0059,0.817,1.156,0.326,,,2.5,-0.98
44.436,NAV_TO_LANDING,2.2894,-1.4049,0.302,89.03,0.12,0.31,-0.0,0.1402,0.253,0.0047,0.817,1.156,0.326,,,2.5,-0.98
44.479,NAV_TO_LANDING,2.2969,-1.3918,0.304,89.06,0.07,0.17,-0.0,0.142,0.2521,-0.0044,0.788,1.181,0.347,,,2.5,-0.98
44.524,NAV_TO_LANDING,2.3044,-1.3794,0.303,89.18,-0.08,0.17,-0.0,0.143,0.2506,-0.0027,0.788,1.181,0.347,,,2.5,-0.98
44.574,NAV_TO_LANDING,2.3109,-1.3661,0.303,89.29,-0.13,0.12,-0.0,0.1401,0.2507,-0.0018,0.763,1.205,0.36,2.794,,2.5,-0.98
44.624,NAV_TO_LANDING,2.3197,-1.3522,0.302,89.47,-0.12,0.06,-0.0,0.1439,0.2535,-0.0051,0.763,1.205,0.36,2.794,,2.5,-0.98
44.682,NAV_TO_LANDING,2.3267,-1.3377,0.303,89.67,0.09,0.02,-0.0,0.1429,0.2578,-0.0086,0.734,1.22,0.372,2.816,,2.5,-0.98
44.744,NAV_TO_LANDING,2.3331,-1.3255,0.299,89.88,0.1,-0.01,-0.0,0.142,0.2563,-0.0085,0.734,1.22,0.372,2.816,,2.5,-0.98
44.774,NAV_TO_LANDING,2.3391,-1.3122,0.299,90.11,0.03,0.06,-0.0,0.1396,0.2568,-0.0169,0.708,1.224,0.401,,,2.5,-0.98
44.824,NAV_TO_LANDING,2.3471,-1.2977,0.299,90.39,-0.07,-0.02,-0.0,0.1421,0.2608,-0.0146,0.708,1.224,0.401,,,2.5,-0.98
44.875,NAV_TO_LANDING,2.3535,-1.2839,0.299,90.73,-0.16,0.02,-0.0,0.1394,0.2627,-0.0109,0.679,1.218,0.412,,,2.5,-0.98
44.925,NAV_TO_LANDING,2.3603,-1.2675,0.301,91.16,-0.36,0.23,-0.0,0.1368,0.2695,-0.0063,0.679,1.218,0.412,,,2.5,-0.98
45.004,NAV_TO_LANDING,2.3674,-1.2535,0.304,91.7,-0.26,0.3,-0.0,0.1352,0.2686,0.0008,0.652,1.191,0.417,,,2.5,-0.98
45.026,NAV_TO_LANDING,2.3743,-1.2399,0.303,92.31,-0.19,0.26,-0.0,0.1335,0.2667,0.0061,0.652,1.191,0.417,,,2.5,-0.98
45.08,NAV_TO_LANDING,2.3806,-1.2251,0.303,92.92,-0.19,0.32,-0.0,0.1312,0.2679,0.0032,0.627,1.146,0.427,,,2.5,-0.98
45.124,NAV_TO_LANDING,2.3873,-1.212,0.303,93.47,-0.43,0.3,-0.0,0.1294,0.2645,0.0,0.627,1.146,0.427,,,2.5,-0.98
45.175,NAV_TO_LANDING,2.3935,-1.196,0.305,94.06,-0.66,0.38,-0.0,0.1243,0.2683,0.0033,0.594,1.088,0.434,,,2.5,-0.98
45.225,NAV_TO_LANDING,2.3989,-1.1822,0.3,94.71,-0.79,0.39,-0.0,0.1169,0.2656,0.0061,0.594,1.088,0.434,,,2.5,-0.98
45.322,NAV_TO_LANDING,2.4041,-1.1681,0.302,95.32,-1.0,0.15,-0.0,0.1088,0.2646,-0.0093,0.573,1.06,0.448,,,2.5,-0.98
45.333,NAV_TO_LANDING,2.4078,-1.1549,0.301,95.76,-0.95,0.18,-0.0,0.0961,0.2627,-0.0019,0.573,1.06,0.448,,,2.5,-0.98
45.382,NAV_TO_LANDING,2.4114,-1.1392,0.303,96.09,-0.69,0.29,-0.0,0.0863,0.2661,-0.0023,0.547,1.057,0.452,,,2.5,-0.98
45.429,NAV_TO_LANDING,2.4138,-1.1235,0.302,96.26,-0.44,0.25,-0.0,0.0767,0.2683,0.0054,0.547,1.057,0.452,,,2.5,-0.98
45.475,NAV_TO_LANDING,2.4171,-1.1054,0.303,96.22,-0.4,0.33,-0.0,0.0719,0.2767,-0.0011,0.518,1.072,0.464,,,2.5,-0.98
45.524,NAV_TO_LANDING,2.4196,-1.0893,0.304,95.87,-0.14,0.24,-0.0,0.0667,0.2792,-0.0012,0.518,1.072,0.464,,,2.5,-0.98
45.586,NAV_TO_LANDING,2.4216,-1.0737,0.304,95.35,-0.0,0.41,-0.0,0.0627,0.2806,-0.0054,0.491,1.106,0.473,0.452,,2.5,-0.98
45.649,NAV_TO_LANDING,2.4235,-1.0577,0.303,94.72,0.58,0.51,-0.0,0.0612,0.2818,-0.0092,0.491,1.106,0.473,0.452,,2.5,-0.98
45.678,NAV_TO_LANDING,2.4241,-1.0416,0.3,93.98,1.03,0.87,-0.0,0.0615,0.2817,-0.0165,0.461,1.151,0.498,0.425,,2.5,-0.98
45.726,NAV_TO_LANDING,2.4248,-1.0231,0.3,93.22,1.38,1.11,-0.0,0.0656,0.2853,-0.0228,0.461,1.151,0.498,0.425,,2.5,-0.98
45.773,NAV_TO_LANDING,2.4267,-1.0078,0.303,92.39,1.4,1.25,-0.0,0.0735,0.2796,-0.0194,0.432,1.209,0.624,0.409,,2.5,-0.98
45.824,NAV_TO_LANDING,2.4296,-0.993,0.303,91.6,1.75,1.83,-0.0,0.0841,0.2703,-0.0069,0.432,1.209,0.624,0.409,,2.5,-0.98
45.875,NAV_TO_LANDING,2.4333,-0.9788,0.303,90.86,2.04,2.59,-0.0,0.098,0.255,-0.0132,0.406,1.277,,0.402,,2.5,-0.98
45.964,NAV_TO_LANDING,2.4364,-0.964,0.3,90.29,2.16,3.28,-0.0,0.1103,0.2373,-0.0153,0.406,1.277,,0.402,,2.5,-0.98
45.973,NAV_TO_LANDING,2.4402,-0.9513,0.299,89.86,2.18,4.02,-0.0,0.1234,0.2104,-0.0191,0.39,1.339,,0.395,,2.5,-0.98
46.031,NAV_TO_LANDING,2.4458,-0.9379,0.298,89.53,2.09,4.29,-0.0,0.1396,0.185,-0.0215,0.39,1.339,,0.395,,2.5,-0.98
46.073,NAV_TO_LANDING,2.4522,-0.929,0.298,89.29,1.79,4.34,-0.0,0.1541,0.1491,-0.0194,0.39,1.377,,0.384,,2.5,-0.98
46.125,NAV_TO_LANDING,2.4591,-0.9214,0.295,89.0,1.41,4.06,-0.0,0.1647,0.1139,-0.0083,0.39,1.377,,0.384,,2.5,-0.98
46.174,NAV_TO_LANDING,2.4661,-0.915,0.299,88.56,1.06,4.45,-0.0,0.1708,0.081,-0.0084,0.514,1.386,,0.378,,2.5,-0.98
46.253,NAV_TO_LANDING,2.4728,-0.9098,0.298,88.21,0.47,4.72,-0.0,0.1717,0.0453,0.0044,0.514,1.386,,0.378,,2.5,-0.98
46.328,NAV_TO_LANDING,2.4796,-0.9057,0.301,87.97,-0.06,4.88,-0.0,0.1673,0.01,0.0056,,1.4,1.117,0.364,,2.5,-0.98
46.333,NAV_TO_LANDING,2.4885,-0.9047,0.3,87.93,-0.5,4.88,-0.0,0.1657,-0.0266,0.0111,,1.4,1.117,0.364,,2.5,-0.98
46.387,NAV_TO_LANDING,2.4946,-0.9038,0.301,87.99,-0.82,4.57,-0.0,0.1533,-0.0604,0.0118,,1.395,1.111,0.353,,2.5,-0.98
46.459,NAV_TO_LANDING,2.5025,-0.9072,0.299,87.98,-0.9,4.44,-0.0,0.146,-0.0962,0.0063,,1.395,1.111,0.353,,2.5,-0.98
46.481,NAV_TO_LANDING,2.5086,-0.9099,0.302,87.92,-1.37,3.97,-0.0,0.1331,-0.1258,-0.002,,1.382,1.133,0.346,,2.5,-0.98
46.524,NAV_TO_LANDING,2.5145,-0.9149,0.3,87.75,-1.86,3.43,-0.0,0.1169,-0.1532,0.0091,,1.382,1.133,0.346,,2.5,-0.98
46.574,NAV_TO_LANDING,2.5199,-0.9204,0.301,87.56,-2.22,2.83,-0.0,0.0984,-0.1726,0.0033,,1.374,1.141,0.335,,2.5,-0.98
46.661,NAV_TO_LANDING,2.5219,-0.9253,0.298,87.46,-2.32,2.47,-0.0,0.0712,-0.1879,0.0034,,1.374,1.141,0.335,,2.5,-0.98
46.675,NAV_TO_LANDING,2.5245,-0.9304,0.302,87.46,-2.32,1.78,-0.0,0.0482,-0.1961,0.0008,,1.36,1.155,0.329,,2.5,-0.98
46.748,NAV_TO_LANDING,2.526,-0.936,0.302,87.62,-2.26,1.26,-0.0,0.0258,-0.1994,0.0113,,1.36,1.155,0.329,,2.5,-0.98
46.773,NAV_TO_LANDING,2.5264,-0.9423,0.302,87.94,-1.86,0.64,-0.0,0.0052,-0.1996,0.0109,,1.336,,0.326,,2.5,-0.98
46.824,NAV_TO_LANDING,2.5257,-0.9471,0.305,88.46,-1.31,0.24,-0.0,-0.011,-0.1927,0.0092,,1.336,,0.326,,2.5,-0.98
46.874,NAV_TO_LANDING,2.5243,-0.9527,0.305,89.07,-1.35,-0.37,-0.0,-0.0244,-0.1847,0.0136,,1.294,,0.327,,2.5,-0.98
46.925,LANDING_REGION_SCAN,2.5212,-0.9601,0.307,89.74,-1.13,-0.78,-0.0,-0.0394,-0.1767,0.0087,,1.294,,0.327,,3.5,-0.9601
46.98,LANDING_REGION_SCAN,2.5208,-0.9624,0.307,90.45,-0.69,-0.96,-0.0,-0.0445,-0.1567,0.0075,,1.256,,0.331,,3.5,-0.9601
47.044,LANDING_REGION_SCAN,2.5198,-0.9654,0.31,91.11,0.2,-1.09,-0.0,-0.0464,-0.139,0.0108,,1.256,,0.331,,3.5,-0.9601
47.074,LANDING_REGION_SCAN,2.5159,-0.9665,0.312,91.7,3.47,-1.56,-0.0,-0.0383,-0.1155,0.0172,,1.228,,0.33,,3.5,-0.9601
47.123,LANDING_REGION_SCAN,2.5157,-0.9665,0.311,92.22,5.16,-1.76,-0.0,-0.0018,-0.0885,0.0078,,1.228,,0.33,,3.5,-0.9601
47.174,LANDING_REGION_SCAN,2.5167,-0.9683,0.314,92.55,5.95,-1.67,-0.0,0.0441,-0.066,0.001,,1.212,,0.329,,3.5,-0.9601
47.224,LANDING_REGION_SCAN,2.5238,-0.9665,0.31,92.75,6.17,-1.28,-0.0,0.1035,-0.0404,-0.0006,,1.212,,0.329,,3.5,-0.9601
47.309,LANDING_REGION_SCAN,2.5335,-0.9624,0.308,92.78,5.68,-1.27,-0.0,0.1616,-0.013,-0.0169,,1.195,,0.318,,3.5,-0.9601
47.326,LANDING_REGION_SCAN,2.5469,-0.9581,0.307,92.75,4.94,-0.89,-0.0,0.2174,0.0094,-0.0178,,1.195,,0.318,,3.5,-0.9601
47.387,LANDING_REGION_SCAN,2.5612,-0.955,0.302,92.66,4.05,-0.42,-0.0,0.2627,0.0231,-0.0126,,1.194,,0.296,,3.5,-0.9601
47.427,LANDING_REGION_SCAN,2.5802,-0.9477,0.308,92.54,3.08,-0.09,-0.0,0.3063,0.0413,-0.0245,,1.194,,0.296,,3.5,-0.9601
47.473,LANDING_REGION_SCAN,2.5988,-0.9431,0.31,92.41,2.25,0.3,-0.0,0.3363,0.0482,-0.0148,,1.194,,0.259,,3.5,-0.9601
47.524,LANDING_REGION_SCAN,2.6193,-0.9389,0.304,92.23,1.03,0.93,-0.0,0.3591,0.0476,-0.0046,,1.194,,0.259,,3.5,-0.9601
47.574,LANDING_REGION_SCAN,2.638,-0.9349,0.3,91.87,-0.15,1.27,-0.0,0.3661,0.0443,-0.0162,,1.198,,0.225,,3.5,-0.9601
47.632,LANDING_REGION_SCAN,2.6548,-0.9324,0.302,91.4,-0.78,1.46,-0.0,0.3605,0.0355,-0.0267,,1.198,,0.225,,3.5,-0.9601
47.682,LANDING_REGION_SCAN,2.675,-0.9284,0.299,90.85,-1.11,1.58,-0.0,0.3578,0.0284,-0.0185,,1.208,,0.19,,3.5,-0.9601
47.726,LANDING_REGION_SCAN,2.694,-0.9245,0.3,90.21,-1.48,1.57,-0.0,0.3515,0.022,-0.0213,,1.208,,0.19,,3.5,-0.9601
47.773,LANDING_REGION_SCAN,2.7125,-0.9222,0.302,89.55,-3.4,1.27,-0.0,0.3353,0.0128,-0.0125,,1.222,,0.157,,3.5,-0.9601
47.824,LANDING_REGION_SCAN,2.7283,-0.9203,0.3,88.95,-4.77,1.01,-0.0,0.301,0.0065,-0.0045,,1.222,,0.157,,3.5,-0.9601
47.874,LANDING_REGION_SCAN,2.7412,-0.9201,0.301,88.39,-5.8,0.99,-0.0,0.253,-0.0001,-0.0036,,1.234,1.331,0.138,,3.5,-0.9601
47.945,LANDING_ON_PAD,2.7525,-0.9183,0.302,87.93,-6.04,0.56,-0.0,0.2016,-0.0018,-0.0007,,1.234,1.331,0.138,,2.7525,-0.9183
47.985,LANDING_ON_PAD,2.7589,-0.9189,0.301,87.39,-5.85,0.37,-0.0,0.144,-0.0036,0.004,,1.241,1.327,0.114,,2.7525,-0.9183
48.027,LANDING_ON_PAD,2.7662,-0.9169,0.302,86.8,-4.88,0.48,-0.0,0.0987,-0.0012,0.0047,,1.241,1.327,0.114,,2.7525,-0.9183
48.079,LANDING_ON_PAD,2.7678,-0.9159,0.299,86.09,-3.75,0.7,-0.0,0.0548,-0.0008,-0.0003,,1.247,1.326,0.1,,2.7525,-0.9183
48.123,LANDING_ON_PAD,2.7686,-0.9136,0.302,85.42,-2.83,0.8,-0.0,0.0223,-0.0009,-0.008,,1.247,1.326,0.1,,2.7525,-0.9183
48.175,LANDING_ON_PAD,2.7695,-0.9101,0.302,85.02,-2.28,0.98,-0.0,-0.0008,-0.0007,-0.0057,,1.252,1.329,0.101,,2.7525,-0.9183
48.259,LANDING_ON_PAD,2.7705,-0.9086,0.3,84.72,-1.43,0.46,-0.0,-0.0151,-0.0031,-0.0172,,1.252,1.329,0.101,,2.7525,-0.9183
48.274,LANDING_ON_PAD,2.7681,-0.9049,0.299,84.56,-0.54,0.39,-0.0,-0.0281,0.0011,-0.0448,,1.254,1.334,0.098,,2.7525,-0.9183
48.346,LANDING_ON_PAD,2.7661,-0.9038,0.296,84.43,-0.08,0.51,-0.0,-0.0328,-0.0002,-0.0578,,1.254,1.334,0.098,,2.7525,-0.9183
48.377,LANDING_ON_PAD,2.7653,-0.9017,0.293,84.28,0.12,0.48,-0.0,-0.0318,-0.0004,-0.0832,,1.257,1.345,0.101,,2.7525,-0.9183
48.423,LANDING_ON_PAD,2.7648,-0.9,0.289,84.26,0.58,0.27,-0.0,-0.0275,-0.0011,-0.0999,,1.257,1.345,0.101,,2.7525,-0.9183
48.473,LANDING_ON_PAD,2.7654,-0.8986,0.283,84.43,0.98,0.25,-0.0,-0.0176,-0.0009,-0.1189,,1.257,1.346,0.096,,2.7525,-0.9183
48.523,LANDING_ON_PAD,2.7652,-0.8977,0.275,84.87,0.71,0.55,-0.0,-0.0094,-0.0023,-0.1369,,1.257,1.346,0.096,,2.7525,-0.9183
48.572,LANDING_ON_PAD,2.7696,-0.8904,0.27,85.16,0.53,0.58,-0.0,0.0046,0.0063,-0.1548,,1.266,1.346,0.093,,2.7525,-0.9183
48.634,LANDING_ON_PAD,2.7723,-0.8904,0.258,85.28,0.96,0.34,-0.0,0.0151,0.0016,-0.1669,,1.266,1.346,0.093,,2.7525,-0.9183
48.684,LANDING_ON_PAD,2.7739,-0.8877,0.252,85.09,0.84,0.46,-0.0,0.0237,0.0036,-0.1989,,1.267,1.346,0.088,,2.7525,-0.9183
48.723,LANDING_ON_PAD,2.7818,-0.8868,0.24,84.75,0.42,0.55,-0.0,0.0438,-0.0001,-0.1949,,1.267,1.346,0.088,,2.7525,-0.9183
48.774,LANDING_ON_PAD,2.7886,-0.8843,0.23,84.32,0.41,0.24,-0.0,0.0571,0.0019,-0.209,,1.265,1.348,0.082,,2.7525,-0.9183
48.834,LANDING_ON_PAD,2.7958,-0.8835,0.217,83.99,-0.15,0.4,-0.0,0.0686,0.0016,-0.2223,,1.265,1.348,0.082,,2.7525,-0.9183
48.889,LANDING_ON_PAD,2.8027,-0.8827,0.209,83.83,-0.62,0.65,-0.0,0.0733,-0.0008,-0.2427,,1.272,1.376,0.07,,2.7525,-0.9183
48.931,LANDING_ON_PAD,2.809,-0.8814,0.193,83.85,-1.0,0.77,-0.0,0.0729,-0.0025,-0.2313,,1.272,1.376,0.07,,2.7525,-0.9183
48.974,LANDING_ON_PAD,2.8153,-0.8803,0.185,84.03,-1.12,0.47,-0.0,0.0703,-0.0036,-0.2454,,1.273,1.387,0.059,,2.7525,-0.9183
49.023,LANDING_ON_PAD,2.8207,-0.8784,0.17,84.46,-1.06,0.29,-0.0,0.0665,-0.0003,-0.2424,,1.273,1.387,0.059,,2.7525,-0.9183
49.073,LANDING_ON_PAD,2.8207,-0.8795,0.168,85.73,-2.5,1.13,-0.0,0.049,-0.0052,-0.2473,,1.274,1.395,0.06,,2.7525,-0.9183
49.123,LANDING_ON_PAD,2.8268,-0.8767,0.152,87.77,-2.56,0.98,-0.0,0.0285,-0.0082,-0.2016,,1.274,1.395,0.06,,2.7525,-0.9183
49.213,LANDING_ON_PAD,2.8215,-0.879,0.142,89.11,-0.69,0.62,-0.0,-0.0024,-0.0183,-0.2312,,1.278,1.386,0.056,,2.7525,-0.9183
49.223,LANDING_ON_PAD,2.8243,-0.877,0.125,90.21,-0.31,0.38,-0.0,0.0032,-0.0137,-0.2397,,1.278,1.386,0.056,,2.7525,-0.9183
49.284,LANDING_ON_PAD,2.8137,-0.8704,0.114,91.19,-0.24,0.06,-0.0,-0.0416,0.0075,-0.2528,,1.309,1.384,0.055,,2.7525,-0.9183
49.332,LANDING_ON_PAD,2.8139,-0.8655,0.099,91.91,0.35,0.4,-0.0,-0.0326,0.0248,-0.2525,,1.309,1.384,0.055,,2.7525,-0.9183
49.374,LANDING_ON_PAD,2.8121,-0.8701,0.088,92.43,1.03,0.95,-0.0,-0.031,-0.0077,-0.2611,,1.317,,0.054,,2.7525,-0.9183
49.424,LANDING_ON_PAD,2.8133,-0.871,0.071,91.56,-1.01,0.28,0.0,-0.0106,-0.0178,-0.2956,,1.317,,0.054,,2.7525,-0.9183
49.479,LANDING_ON_PAD,2.8173,-0.8733,0.047,88.6,-6.22,-1.87,0.0,0.0168,-0.0354,-0.5658,,1.3,,0.049,,2.7525,-0.9183
49.534,LANDING_ON_PAD,2.8123,-0.8732,0.0,86.1,-10.58,-3.33,0.0,-0.041,-0.0209,-0.8942,,1.3,,0.049,,2.7525,-0.9183
49.579,LANDING_ON_PAD,2.7873,-0.918,0.0,96.79,-10.72,0.1,0.0,-0.2644,-0.0946,0.0775,,,,0.053,,2.7525,-0.9183
49.631,LANDING_ON_PAD,2.77,-0.9153,0.004,109.21,-11.7,-0.22,0.0,-0.443,-0.0701,-0.1807,,,,0.053,,2.7525,-0.9183
49.674,LANDING_ON_PAD,2.742,-0.9397,0.005,123.7,-1.98,-2.9,0.0,-0.3781,-0.1126,-0.0182,,,,,,2.7525,-0.9183
49.723,LANDING_ON_PAD,2.7307,-0.9424,0.011,129.74,-1.35,-0.74,0.0,-0.3097,-0.1313,-0.0048,,,,,,2.7525,-0.9183
49.773,LANDING_ON_PAD,2.7035,-0.9735,0.014,132.93,-1.85,-0.55,0.0,-0.3527,-0.1709,-0.0132,0.477,0.351,1.007,0.155,,2.7525,-0.9183
49.842,LANDING_ON_PAD,2.6782,-0.9824,0.013,133.35,-2.11,-1.11,0.0,-0.4355,-0.1459,-0.0044,0.477,0.351,1.007,0.155,,2.7525,-0.9183
49.876,LANDING_ON_PAD,2.6745,-0.9534,0.013,134.44,-1.2,-0.75,0.0,-0.3457,-0.1249,0.0551,0.454,0.319,1.028,0.154,,2.7525,-0.9183
49.922,LANDING_ON_PAD,2.6626,-0.9501,0.013,134.52,-0.97,-0.64,0.0,-0.3245,-0.1183,0.0506,0.454,0.319,1.028,0.154,,2.7525,-0.9183
49.973,LANDING_ON_PAD,2.6525,-0.9463,0.015,134.27,-0.76,-0.55,0.0,-0.298,-0.107,0.0426,0.455,0.317,1.03,0.153,,2.7525,-0.9183
50.023,LANDING_ON_PAD,2.6445,-0.9413,0.015,134.04,-0.52,-0.42,0.0,-0.2647,-0.0971,0.0382,0.455,0.317,1.03,0.153,,2.7525,-0.9183
50.072,LANDING_ON_PAD,2.638,-0.9368,0.012,133.77,-0.31,-0.34,0.0,-0.2347,-0.0844,0.0305,0.457,0.318,1.043,0.151,,2.7525,-0.9183
50.158,LANDING_ON_PAD,2.6477,-0.9141,0.015,133.97,0.31,-0.04,0.0,-0.1423,-0.0551,0.0206,0.457,0.318,1.043,0.151,,2.7525,-0.9183
50.173,LANDING_ON_PAD,2.6444,-0.9128,0.014,133.55,0.4,0.02,0.0,-0.1183,-0.0488,0.0111,0.459,0.317,1.031,0.153,,2.7525,-0.9183
50.226,LANDING_ON_PAD,2.639,-0.9148,0.014,133.03,0.39,0.04,0.0,-0.1053,-0.0461,-0.0002,0.459,0.317,1.031,0.153,,2.7525,-0.9183
50.277,LANDING_ON_PAD,2.6416,-0.9082,0.013,132.7,0.62,0.11,0.0,-0.0631,-0.0292,-0.0046,0.458,0.317,1.032,0.153,,2.7525,-0.9183
50.323,LANDING_ON_PAD,2.6425,-0.9061,0.014,132.26,0.69,0.16,0.0,-0.036,-0.0233,-0.0107,0.458,0.317,1.032,0.153,,2.7525,-0.9183
50.373,LANDING_ON_PAD,2.6431,-0.9043,0.013,131.77,0.77,0.16,0.0,-0.0122,-0.0126,-0.0114,0.456,0.317,1.033,0.154,,2.7525,-0.9183
50.46,LANDING_ON_PAD,2.6445,-0.9037,0.012,131.28,0.78,0.19,0.0,0.0094,-0.0096,-0.0132,0.456,0.317,1.033,0.154,,2.7525,-0.9183
50.481,LANDING_ON_PAD,2.6439,-0.9047,0.011,130.72,0.76,0.16,0.0,0.0212,-0.0055,-0.0152,0.454,0.316,1.034,0.152,,2.7525,-0.9183
50.53,LANDING_ON_PAD,2.6441,-0.9054,0.017,130.16,0.74,0.15,0.0,0.0335,-0.0017,-0.0161,0.454,0.316,1.034,0.152,,2.7525,-0.9183
50.572,LANDING_ON_PAD,2.642,-0.9078,0.016,129.55,0.66,0.08,0.0,0.0351,0.0008,-0.0025,0.458,0.315,1.042,0.154,,2.7525,-0.9183
50.623,LANDING_ON_PAD,2.6413,-0.9096,0.014,128.98,0.58,0.05,0.0,0.0397,0.0004,0.0044,0.458,0.315,1.042,0.154,,2.7525,-0.9183
50.673,LANDING_ON_PAD,2.6429,-0.9101,0.016,128.46,0.55,0.05,0.0,0.0505,-0.0005,0.0029,0.452,0.316,1.032,0.153,,2.7525,-0.9183
50.734,LANDING_ON_PAD,2.6439,-0.9108,0.015,127.91,0.51,0.03,0.0,0.0587,0.0011,0.0065,0.452,0.316,1.032,0.153,,2.7525,-0.9183
50.798,LANDING_ON_PAD,2.6458,-0.9116,0.014,127.38,0.46,0.02,0.0,0.0671,-0.0006,0.0053,0.456,0.318,1.037,0.153,,2.7525,-0.9183
50.822,LANDING_ON_PAD,2.6418,-0.9146,0.015,126.75,0.31,-0.08,0.0,0.0546,0.0004,0.0018,0.456,0.318,1.037,0.153,,2.7525,-0.9183
50.877,LANDING_ON_PAD,2.6435,-0.9154,0.014,126.23,0.26,-0.08,0.0,0.0608,-0.0016,0.0017,0.455,0.316,1.035,0.153,,2.7525,-0.9183
50.923,LANDING_ON_PAD,2.6404,-0.9173,0.013,125.63,0.14,-0.18,0.0,0.0508,0.0004,-0.0004,0.455,0.316,1.035,0.153,,2.7525,-0.9183
50.974,LANDING_ON_PAD,2.6406,-0.9186,0.013,125.1,0.07,-0.19,0.0,0.0511,-0.0031,-0.0043,0.456,0.313,1.035,0.152,,2.7525,-0.9183
51.022,LANDING_ON_PAD,2.6414,-0.919,0.014,124.57,0.03,-0.22,0.0,0.0534,-0.0024,-0.0063,0.456,0.313,1.035,0.152,,2.7525,-0.9183
51.115,LANDING_ON_PAD,2.6424,-0.9194,0.015,124.04,-0.02,-0.24,0.0,0.0557,-0.0025,-0.0052,0.454,0.316,1.03,0.152,,2.7525,-0.9183
51.126,LANDING_ON_PAD,2.6416,-0.9203,0.013,123.51,-0.1,-0.28,0.0,0.0511,-0.0026,-0.0016,0.454,0.316,1.03,0.152,,2.7525,-0.9183
51.176,LANDING_ON_PAD,2.6398,-0.9218,0.013,122.97,-0.21,-0.31,0.0,0.0428,-0.0065,-0.0039,0.457,0.317,1.038,0.154,,2.7525,-0.9183
51.222,LANDING_ON_PAD,2.6373,-0.9222,0.014,122.44,-0.31,-0.38,0.0,0.033,-0.0041,-0.0043,0.457,0.317,1.038,0.154,,2.7525,-0.9183
51.273,LANDING_ON_PAD,2.6391,-0.9225,0.014,121.93,-0.32,-0.37,0.0,0.0386,-0.0061,-0.0031,0.455,0.317,1.024,0.153,,2.7525,-0.9183
51.322,LANDING_ON_PAD,2.6399,-0.9229,0.017,121.42,-0.36,-0.38,0.0,0.0388,-0.0075,-0.0013,0.455,0.317,1.024,0.153,,2.7525,-0.9183
51.377,LANDING_ON_PAD,2.6387,-0.9231,0.014,120.91,-0.43,-0.42,0.0,0.0317,-0.007,0.0058,0.455,0.317,1.034,0.155,,2.7525,-0.9183
51.439,LANDING_ON_PAD,2.639,-0.9233,0.015,120.41,-0.47,-0.44,0.0,0.0305,-0.0075,0.0025,0.455,0.317,1.034,0.155,,2.7525,-0.9183
51.487,LANDING_ON_PAD,2.6402,-0.9233,0.014,119.91,-0.48,-0.44,0.0,0.0336,-0.0077,0.0026,0.455,0.316,1.027,0.156,,2.7525,-0.9183
51.53,LANDING_ON_PAD,2.6396,-0.9234,0.016,119.4,-0.53,-0.47,0.0,0.0291,-0.008,0.0002,0.455,0.316,1.027,0.156,,2.7525,-0.9183
51.572,LANDING_ON_PAD,2.6382,-0.9238,0.013,118.9,-0.61,-0.49,0.0,0.0217,-0.0093,0.0027,0.456,0.317,1.028,0.152,,2.7525,-0.9183
51.623,LANDING_ON_PAD,2.6383,-0.9232,0.015,118.41,-0.63,-0.51,0.0,0.0206,-0.0076,-0.0029,0.456,0.317,1.028,0.152,,2.7525,-0.9183
51.673,LANDING_ON_PAD,2.638,-0.9234,0.015,117.92,-0.67,-0.53,0.0,0.0172,-0.0088,-0.0017,0.455,0.318,1.034,0.154,,2.7525,-0.9183
51.756,LANDING_ON_PAD,2.6387,-0.9241,0.013,117.43,-0.69,-0.51,0.0,0.0185,-0.0118,-0.0006,0.455,0.318,1.034,0.154,,2.7525,-0.9183
51.772,LANDING_ON_PAD,2.6389,-0.9233,0.017,116.95,-0.7,-0.54,0.0,0.0163,-0.009,-0.0045,0.455,0.317,1.031,0.152,,2.7525,-0.9183
51.828,LANDING_ON_PAD,2.6382,-0.9234,0.014,116.46,-0.75,-0.55,0.0,0.0113,-0.01,0.0024,0.455,0.317,1.031,0.152,,2.7525,-0.9183
51.872,LANDING_ON_PAD,2.6382,-0.923,0.014,115.98,-0.77,-0.56,0.0,0.009,-0.0098,-0.0002,0.455,0.313,1.036,0.156,,2.7525,-0.9183
51.922,LANDING_ON_PAD,2.6387,-0.9236,0.016,115.49,-0.78,-0.54,0.0,0.0101,-0.0128,-0.0028,0.455,0.313,1.036,0.156,,2.7525,-0.9183
51.972,LANDING_ON_PAD,2.6388,-0.9236,0.015,115.02,-0.79,-0.56,0.0,0.009,-0.0132,0.0004,0.455,0.316,1.034,0.151,,2.7525,-0.9183
52.043,LANDING_ON_PAD,2.6396,-0.9237,0.017,114.54,-0.79,-0.55,0.0,0.0113,-0.0136,0.0001,0.455,0.316,1.034,0.151,,2.7525,-0.9183
52.074,LANDING_ON_PAD,2.6392,-0.9239,0.014,114.06,-0.82,-0.56,0.0,0.0085,-0.0143,0.004,0.453,0.315,1.032,0.155,,2.7525,-0.9183
52.131,LANDING_ON_PAD,2.6394,-0.9239,0.014,113.58,-0.83,-0.56,0.0,0.0075,-0.0149,-0.0014,0.453,0.315,1.032,0.155,,2.7525,-0.9183
52.173,LANDING_ON_PAD,2.6395,-0.9237,0.014,113.11,-0.84,-0.57,0.0,0.0062,-0.0145,-0.0043,0.457,0.321,1.039,0.154,,2.7525,-0.9183
52.222,LANDING_ON_PAD,2.6397,-0.9245,0.015,112.64,-0.84,-0.54,0.0,0.0055,-0.0173,-0.0055,0.457,0.321,1.039,0.154,,2.7525,-0.9183
52.273,LANDING_ON_PAD,2.6401,-0.9255,0.015,112.16,-0.85,-0.52,0.0,0.0054,-0.0197,-0.0042,0.455,0.317,1.038,0.152,,2.7525,-0.9183
52.332,LANDING_ON_PAD,2.64,-0.9249,0.016,111.7,-0.86,-0.54,0.0,0.004,-0.0172,-0.0022,0.455,0.317,1.038,0.152,,2.7525,-0.9183
52.389,LANDING_ON_PAD,2.6402,-0.9258,0.016,111.22,-0.87,-0.53,0.0,0.0034,-0.0196,0.0011,0.455,0.317,1.03,0.155,,2.7525,-0.9183
52.425,LANDING_ON_PAD,2.6401,-0.9235,0.01,110.77,-0.87,-0.57,0.0,0.0004,-0.012,0.0031,0.455,0.317,1.03,0.155,,2.7525,-0.9183
52.472,LANDING_ON_PAD,2.6401,-0.9224,0.013,110.39,-0.87,-0.59,-0.0,-0.0022,-0.0083,-0.009,0.457,0.318,1.037,0.155,,2.7525,-0.9183
52.523,LANDING_ON_PAD,2.6403,-0.9226,0.012,110.32,-0.87,-0.6,-0.0,-0.0093,-0.0056,-0.0097,0.457,0.318,1.037,0.155,,2.7525,-0.9183
52.573,LANDING_ON_PAD,2.6364,-0.9226,0.012,110.04,-0.98,-0.62,-0.0,-0.0299,-0.0025,-0.0051,0.456,0.321,1.03,0.15,,2.7525,-0.9183
52.622,LANDING_ON_PAD,2.6316,-0.9139,0.002,110.08,-0.32,-0.42,-0.0,-0.0517,0.0265,0.0191,0.456,0.321,1.03,0.15,,2.7525,-0.9183
52.704,LANDING_ON_PAD,2.6289,-0.8995,0.0,110.08,0.61,0.1,-0.0,-0.0537,0.0741,0.0281,0.461,0.324,1.048,0.15,,2.7525,-0.9183
52.725,LANDING_ON_PAD,2.6322,-0.8907,0.0,110.07,0.93,0.93,-0.0,-0.0212,0.0979,0.0678,0.461,0.324,1.048,0.15,,2.7525,-0.9183
52.777,LANDING_ON_PAD,2.6358,-0.8861,0.011,110.02,0.79,1.35,-0.0,0.0092,0.0942,0.1032,0.472,0.311,1.063,0.151,,2.7525,-0.9183
52.822,LANDING_ON_PAD,2.6347,-0.8803,0.03,109.97,0.4,1.48,-0.0,0.0111,0.0876,0.1488,0.472,0.311,1.063,0.151,,2.7525,-0.9183
52.873,LANDING_ON_PAD,2.6423,-0.8802,0.046,109.89,0.2,1.61,-0.0,0.0461,0.0566,0.1926,0.484,0.268,1.075,0.143,,2.7525,-0.9183
52.922,LANDING_ON_PAD,2.6498,-0.8817,0.062,109.87,-0.1,1.27,-0.0,0.0774,0.0216,0.215,0.484,0.268,1.075,0.143,,2.7525,-0.9183
52.971,LANDING_ON_PAD,2.6591,-0.8859,0.071,109.81,-0.39,1.02,-0.0,0.1097,-0.0094,0.2414,0.492,0.211,1.085,0.132,,2.7525,-0.9183
53.038,LANDING_ON_PAD,2.6665,-0.8885,0.089,109.79,-0.99,0.72,-0.0,0.1184,-0.0258,0.2298,0.492,0.211,1.085,0.132,,2.7525,-0.9183
53.09,LANDING_ON_PAD,2.6741,-0.8921,0.097,109.71,-1.64,0.3,-0.0,0.1207,-0.04,0.2493,0.501,0.159,1.098,0.114,,2.7525,-0.9183
53.122,LANDING_ON_PAD,2.6814,-0.8966,0.11,109.55,-1.96,-0.35,-0.0,0.1181,-0.052,0.231,0.501,0.159,1.098,0.114,,2.7525,-0.9183
53.171,LANDING_ON_PAD,2.6861,-0.8994,0.116,109.34,-2.03,-0.58,-0.0,0.0955,-0.0574,0.2341,0.514,0.121,1.108,0.108,,2.7525,-0.9183
53.222,LANDING_ON_PAD,2.6898,-0.9021,0.121,108.9,-1.56,-1.06,-0.0,0.0757,-0.0576,0.2108,0.514,0.121,1.108,0.108,,2.7525,-0.9183
53.271,LANDING_ON_PAD,2.6903,-0.9012,0.132,109.13,-0.43,-0.68,-0.0,0.0461,-0.0444,0.195,0.524,0.104,1.11,0.091,,2.7525,-0.9183
53.366,LANDING_ON_PAD,2.6896,-0.8997,0.143,108.87,-0.51,-0.78,-0.0,0.0215,-0.0285,0.2344,0.524,0.104,1.11,0.091,,2.7525,-0.9183
53.372,LANDING_ON_PAD,2.6865,-0.897,0.159,108.74,-0.62,-1.2,-0.0,-0.0077,-0.007,0.2485,0.52,0.125,1.091,0.112,,2.7525,-0.9183
53.432,LANDING_ON_PAD,2.6831,-0.8932,0.168,108.68,-0.53,-0.85,-0.0,-0.0303,0.0152,0.2559,0.52,0.125,1.091,0.112,,2.7525,-0.9183
53.471,LANDING_ON_PAD,2.68,-0.8896,0.182,108.65,-0.13,-0.62,-0.0,-0.0432,0.0314,0.2562,0.505,0.145,1.07,0.131,,2.7525,-0.9183
53.521,LANDING_ON_PAD,2.6764,-0.8855,0.2,108.7,0.16,-0.19,-0.0,-0.051,0.0451,0.2469,0.505,0.145,1.07,0.131,,2.7525,-0.9183
53.571,LANDING_ON_PAD,2.6729,-0.8821,0.2,108.81,0.17,0.39,-0.0,-0.0531,0.0499,0.256,0.489,0.168,1.062,0.149,,2.7525,-0.9183
53.628,LANDING_ON_PAD,2.6695,-0.8776,0.212,108.96,0.38,0.69,-0.0,-0.0536,0.0548,0.2141,0.489,0.168,1.062,0.149,,2.7525,-0.9183
53.692,LANDING_ON_PAD,2.6662,-0.8737,0.222,109.09,0.57,1.08,-0.0,-0.0499,0.0544,0.2157,0.476,0.174,1.052,0.153,,2.7525,-0.9183
53.744,LANDING_ON_PAD,2.6624,-0.8696,0.237,109.08,0.5,1.05,-0.0,-0.0472,0.0538,0.2081,0.476,0.174,1.052,0.153,,2.7525,-0.9183
53.802,LANDING_ON_PAD,2.6589,-0.8662,0.245,109.14,0.46,0.97,-0.0,-0.045,0.0506,0.2132,0.461,0.187,1.042,0.165,,2.7525,-0.9183
53.822,LANDING_ON_PAD,2.6565,-0.8622,0.259,109.19,0.47,0.98,-0.0,-0.0388,0.0504,0.1953,0.461,0.187,1.042,0.165,,2.7525,-0.9183
53.877,LANDING_ON_PAD,2.6547,-0.8582,0.267,109.29,0.49,1.0,-0.0,-0.0322,0.0504,0.1945,0.451,0.193,1.032,0.172,,2.7525,-0.9183
53.923,LANDING_ON_PAD,2.6538,-0.8548,0.279,109.49,0.29,1.04,-0.0,-0.0238,0.0475,0.1721,0.451,0.193,1.032,0.172,,2.7525,-0.9183
54.012,LANDING_ON_PAD,2.6521,-0.8512,0.286,109.63,0.24,0.86,-0.0,-0.0202,0.0455,0.1694,0.439,0.198,1.028,0.185,,2.7525,-0.9183
54.021,LANDING_ON_PAD,2.6514,-0.8481,0.296,109.83,-0.1,0.46,-0.0,-0.0163,0.0437,0.1549,0.439,0.198,1.028,0.185,,2.7525,-0.9183
54.079,LANDING_ON_PAD,2.6514,-0.8457,0.302,110.12,-0.22,0.52,-0.0,-0.014,0.0409,0.1476,0.43,0.195,1.031,0.191,,2.7525,-0.9183
54.153,LANDING_ON_PAD,2.6501,-0.8416,0.311,110.41,-0.22,0.55,-0.0,-0.0154,0.0425,0.1229,0.43,0.195,1.031,0.191,,2.7525,-0.9183
54.177,LANDING_ON_PAD,2.6495,-0.8387,0.314,110.63,-0.19,0.83,-0.0,-0.0147,0.04,0.1102,0.421,0.194,1.031,0.196,,2.7525,-0.9183
54.222,LANDING_ON_PAD,2.6487,-0.835,0.319,110.71,-0.13,0.96,-0.0,-0.013,0.0376,0.0813,0.421,0.194,1.031,0.196,,2.7525,-0.9183
54.277,LANDING_ON_PAD,2.6483,-0.8314,0.32,110.78,-0.14,0.94,-0.0,-0.0105,0.0351,0.0661,0.412,0.201,1.031,0.207,,2.7525,-0.9183
54.325,LANDING_ON_PAD,2.6487,-0.8287,0.322,110.83,-0.27,1.04,-0.0,-0.0067,0.0298,0.0469,0.412,0.201,1.031,0.207,,2.7525,-0.9183
54.382,LANDING_ON_PAD,2.6485,-0.8272,0.327,110.81,-0.38,0.56,-0.0,-0.006,0.0228,0.0407,0.404,0.207,1.035,0.204,,2.7525,-0.9183
54.421,LANDING_ON_PAD,2.6506,-0.8237,0.327,110.79,-0.93,0.52,-0.0,-0.0033,0.023,0.0498,0.404,0.207,1.035,0.204,,2.7525,-0.9183
54.472,LANDING_ON_PAD,2.651,-0.8219,0.335,110.77,-0.97,0.22,-0.0,-0.0083,0.0193,0.0366,0.401,0.207,1.019,0.213,,2.7525,-0.9183
54.521,LANDING_ON_PAD,2.6516,-0.8193,0.335,110.91,-0.82,0.46,-0.0,-0.0122,0.0181,0.0435,0.401,0.207,1.019,0.213,,2.7525,-0.9183
54.584,LANDING_ON_PAD,2.6494,-0.8142,0.336,111.02,-0.31,0.55,-0.0,-0.0184,0.0212,0.0302,0.391,0.21,1.024,0.216,,2.7525,-0.9183
54.644,LANDING_ON_PAD,2.6493,-0.8114,0.336,111.11,-0.62,0.62,-0.0,-0.0181,0.0196,0.022,0.391,0.21,1.024,0.216,,2.7525,-0.9183
54.675,LANDING_ON_PAD,2.648,-0.8076,0.337,111.31,-0.34,0.49,-0.0,-0.0209,0.0193,0.0194,0.387,0.213,1.025,0.222,,2.7525,-0.9183
54.721,LANDING_ON_PAD,2.6457,-0.8039,0.335,111.48,-0.17,0.45,-0.0,-0.0241,0.0201,0.0189,0.387,0.213,1.025,0.222,,2.7525,-0.9183
54.771,LANDING_ON_PAD,2.6439,-0.7998,0.34,111.7,0.13,0.49,-0.0,-0.0243,0.0228,0.0019,0.381,0.213,1.035,0.226,,2.7525,-0.9183
54.821,ROTATION_SCAN,2.643,-0.7957,0.337,111.88,0.21,0.69,-0.0,-0.0205,0.0248,0.0075,0.381,0.213,1.035,0.226,,,
54.872,ROTATION_SCAN,2.6426,-0.791,0.341,112.09,0.22,0.81,15.0,-0.0155,0.0264,-0.0046,0.372,0.219,1.029,0.228,,,
54.952,ROTATION_SCAN,2.6431,-0.7869,0.343,112.21,0.3,0.65,15.0,-0.0087,0.0265,0.0066,0.372,0.219,1.029,0.228,,,
54.971,ROTATION_SCAN,2.6441,-0.7844,0.338,112.42,0.51,0.62,15.0,-0.0011,0.0259,0.0006,0.367,0.217,1.033,0.234,,,
55.03,ROTATION_SCAN,2.6457,-0.7817,0.339,112.65,0.42,0.87,15.0,0.0083,0.0244,-0.0176,0.367,0.217,1.033,0.234,,,
55.071,ROTATION_SCAN,2.6485,-0.7767,0.339,112.97,0.17,1.12,15.0,0.0185,0.025,-0.0103,0.362,0.218,1.042,0.235,,,
55.122,ROTATION_SCAN,2.6505,-0.7734,0.338,113.55,-0.25,1.32,15.0,0.0238,0.0188,-0.0125,0.362,0.218,1.042,0.235,,,
55.171,ROTATION_SCAN,2.6553,-0.7703,0.337,114.21,-0.31,0.98,15.0,0.0326,0.0138,-0.0174,0.361,0.22,1.066,0.234,,,
55.222,ROTATION_SCAN,2.659,-0.7689,0.333,114.92,-0.59,0.77,15.0,0.036,0.007,-0.0135,0.361,0.22,1.066,0.234,,,
55.295,ROTATION_SCAN,2.6639,-0.7683,0.338,115.83,-0.81,0.47,15.0,0.0382,0.0012,-0.0276,0.359,0.213,1.091,0.23,,,
55.328,ROTATION_SCAN,2.6689,-0.7652,0.333,116.91,-0.85,0.45,15.0,0.0396,0.0004,0.0026,0.359,0.213,1.091,0.23,,,
55.372,ROTATION_SCAN,2.6709,-0.7626,0.333,117.97,-1.08,0.5,15.0,0.0343,-0.002,-0.0012,0.359,0.209,1.135,0.241,,,
55.421,ROTATION_SCAN,2.6735,-0.7573,0.336,119.15,-1.06,0.5,15.0,0.03,-0.0004,-0.0025,0.359,0.209,1.135,0.241,,,
55.472,ROTATION_SCAN,2.6799,-0.7541,0.338,120.53,-1.62,0.24,15.0,0.0306,-0.002,0.0176,0.36,0.199,1.176,0.252,,,
55.521,ROTATION_SCAN,2.6818,-0.7528,0.337,122.07,-2.0,0.45,15.0,0.0193,-0.01,0.0207,0.36,0.199,1.176,0.252,,,
55.594,ROTATION_SCAN,2.6829,-0.7512,0.338,123.57,-1.85,0.62,15.0,0.0089,-0.019,0.0065,0.362,0.19,1.236,,,,
55.631,ROTATION_SCAN,2.6828,-0.7507,0.338,124.93,-1.9,0.33,15.0,-0.0019,-0.0282,0.0095,0.362,0.19,1.236,,,,
55.671,ROTATION_SCAN,2.6816,-0.7527,0.342,126.29,-2.18,-0.04,15.0,-0.0184,-0.0404,0.0113,0.375,0.184,1.323,,,,
55.729,ROTATION_SCAN,2.6776,-0.7548,0.341,127.47,-1.68,0.06,15.0,-0.0364,-0.0509,0.0095,0.375,0.184,1.323,,,,
55.771,ROTATION_SCAN,2.6755,-0.7588,0.339,128.23,-1.6,-0.31,15.0,-0.0477,-0.0607,0.0021,0.399,0.181,,,,,
55.821,ROTATION_SCAN,2.6729,-0.7596,0.339,128.65,-1.76,-0.62,15.0,-0.0624,-0.0625,-0.0077,0.399,0.181,,,,,
55.871,ROTATION_SCAN,2.6675,-0.7564,0.34,128.92,-1.43,-0.54,15.0,-0.0811,-0.0564,-0.0082,0.42,0.179,,,,,
55.952,ROTATION_SCAN,2.6639,-0.7549,0.344,129.18,-0.65,-0.39,15.0,-0.089,-0.0503,-0.0021,0.42,0.179,,,,,
55.973,ROTATION_SCAN,2.6629,-0.7516,0.339,129.5,-0.52,0.08,15.0,-0.0875,-0.0426,0.0048,0.431,0.187,,,,,
56.031,ROTATION_SCAN,2.6559,-0.7455,0.34,129.85,0.17,1.12,15.0,-0.0905,-0.0324,-0.0153,0.431,0.187,,,,,
56.072,ROTATION_SCAN,2.6541,-0.7447,0.338,129.99,0.23,1.44,15.0,-0.0764,-0.0357,0.0003,0.459,0.193,,,,,
56.121,ROTATION_SCAN,2.6484,-0.7435,0.342,130.21,0.41,1.35,15.0,-0.0706,-0.0373,-0.0089,0.459,0.193,,,,,
56.172,ROTATION_SCAN,2.6439,-0.7419,0.342,130.61,0.49,1.47,15.0,-0.0624,-0.0367,-0.001,0.478,0.2,,,,,
56.222,ROTATION_SCAN,2.6417,-0.7394,0.34,131.1,0.24,1.57,15.0,-0.0502,-0.0359,0.0071,0.478,0.2,,,,,
56.282,ROTATION_SCAN,2.6408,-0.7365,0.346,131.73,0.13,1.8,15.0,-0.0369,-0.036,-0.0027,0.527,0.204,,,,,
56.338,ROTATION_SCAN,2.6384,-0.7348,0.343,132.46,0.29,2.15,15.0,-0.0256,-0.0395,0.0019,0.527,0.204,,,,,
56.37,ROTATION_SCAN,2.6356,-0.7362,0.343,133.39,0.28,2.13,15.0,-0.0152,-0.0493,-0.0158,,0.205,,,,,
56.421,ROTATION_SCAN,2.6356,-0.7362,0.34,134.3,0.26,2.36,15.0,0.0011,-0.0555,-0.0191,,0.205,,,,,
56.472,ROTATION_SCAN,2.6362,-0.7394,0.339,135.31,0.21,2.12,15.0,0.0168,-0.068,-0.0289,1.481,0.2,,,,,
56.521,ROTATION_SCAN,2.637,-0.7394,0.335,136.3,0.06,1.48,15.0,0.0279,-0.0696,-0.0307,1.481,0.2,,,,,
56.613,ROTATION_SCAN,2.643,-0.7382,0.335,137.22,-0.14,0.91,15.0,0.0442,-0.0657,-0.0335,1.659,0.194,,,,,
56.625,ROTATION_SCAN,2.6463,-0.742,0.332,138.05,-0.45,0.54,15.0,0.0484,-0.0724,-0.0262,1.659,0.194,,,,,
56.691,ROTATION_SCAN,2.6488,-0.7441,0.331,138.74,-0.48,0.43,15.0,0.0492,-0.0747,-0.0336,1.69,0.19,1.936,,,,
56.72,ROTATION_SCAN,2.649,-0.7457,0.334,139.02,-0.71,0.16,15.0,0.0426,-0.0755,-0.0298,1.69,0.19,1.936,,,,
56.771,ROTATION_SCAN,2.6495,-0.7484,0.331,138.99,-1.1,-0.51,15.0,0.0327,-0.0779,0.0006,1.692,0.186,1.912,,,,
56.821,ROTATION_SCAN,2.6527,-0.7536,0.331,139.04,-1.64,-1.12,15.0,0.0221,-0.0845,0.0008,1.692,0.186,1.912,,,,
56.881,ROTATION_SCAN,2.6503,-0.7563,0.331,139.39,-1.57,-0.56,15.0,0.0006,-0.0871,-0.009,1.693,0.184,,,,,
56.972,ROTATION_SCAN,2.6458,-0.7607,0.331,139.71,-0.94,-0.23,15.0,-0.0173,-0.0932,-0.0176,1.693,0.184,,,,,
56.979,ROTATION_SCAN,2.6426,-0.7665,0.332,140.05,-0.29,-0.23,15.0,-0.0271,-0.098,-0.0137,1.651,0.186,1.824,,,,
57.032,ROTATION_SCAN,2.6384,-0.7737,0.329,140.45,0.25,-0.43,15.0,-0.0347,-0.1004,-0.0169,1.651,0.186,1.824,,,,
57.071,ROTATION_SCAN,2.634,-0.7779,0.327,141.12,0.96,-0.18,15.0,-0.039,-0.093,-0.0233,1.602,0.182,1.776,,,,
57.122,ROTATION_SCAN,2.6322,-0.7816,0.326,141.85,1.54,-0.01,15.0,-0.0323,-0.0819,-0.0248,1.602,0.182,1.776,,,,
57.172,ROTATION_SCAN,2.6293,-0.7842,0.325,142.4,1.7,0.17,15.0,-0.0262,-0.0685,-0.0255,1.468,0.186,1.693,,,,
57.233,ROTATION_SCAN,2.6268,-0.7871,0.327,142.87,1.83,0.12,15.0,-0.0187,-0.0561,-0.0257,1.468,0.186,1.693,,,,
57.285,ROTATION_SCAN,2.6259,-0.7906,0.32,143.44,1.75,0.09,15.0,-0.0089,-0.0461,-0.0178,1.378,0.187,1.643,,,,
57.328,ROTATION_SCAN,2.625,-0.7901,0.324,144.26,1.69,0.42,15.0,0.0002,-0.0299,-0.0251,1.378,0.187,1.643,,,,
57.371,ROTATION_SCAN,2.624,-0.7891,0.324,145.19,1.77,0.5,15.0,0.0102,-0.0137,-0.016,1.318,0.183,1.552,,,,
57.422,ROTATION_SCAN,2.6257,-0.7897,0.323,146.26,1.69,0.08,15.0,0.023,-0.0031,-0.0034,1.318,0.183,1.552,,,,
57.472,ROTATION_SCAN,2.6276,-0.7833,0.321,147.46,1.42,0.08,15.0,0.0318,0.0231,-0.0104,1.284,0.183,1.447,,,,
57.522,ROTATION_SCAN,2.6287,-0.7781,0.319,148.63,1.12,0.28,15.0,0.0382,0.0403,-0.0207,1.284,0.183,1.447,,,,
57.617,ROTATION_SCAN,2.6308,-0.7723,0.317,149.83,0.35,0.12,15.0,0.0431,0.0534,-0.0257,1.255,0.177,1.379,,,,
57.622,ROTATION_SCAN,2.6314,-0.7702,0.321,151.11,-0.49,0.25,15.0,0.0406,0.0504,-0.0185,1.255,0.177,1.379,,,,
57.695,ROTATION_SCAN,2.6316,-0.7655,0.32,152.45,-1.06,0.33,15.0,0.0359,0.0489,-0.0081,1.239,0.177,1.357,,,,
57.723,ROTATION_SCAN,2.6336,-0.7596,0.32,153.77,-1.59,0.25,15.0,0.0334,0.0452,-0.0148,1.239,0.177,1.357,,,,
57.771,ROTATION_SCAN,2.6339,-0.7553,0.316,154.83,-1.63,0.21,15.0,0.0264,0.0374,-0.0182,1.221,0.18,1.344,,,,
57.82,ROTATION_SCAN,2.6339,-0.7516,0.315,155.71,-1.71,0.44,15.0,0.0204,0.0282,-0.0275,1.221,0.18,1.344,,,,
57.878,ROTATION_SCAN,2.6335,-0.7477,0.312,156.32,-1.56,0.23,15.0,0.0142,0.0198,-0.0124,1.224,0.19,1.34,,,,
57.952,ROTATION_SCAN,2.6319,-0.7452,0.32,156.55,-1.71,0.19,15.0,0.0048,0.0098,-0.0105,1.224,0.19,1.34,,,,
57.97,ROTATION_SCAN,2.6311,-0.744,0.316,156.45,-1.63,0.1,15.0,-0.0025,-0.0019,0.007,1.224,0.192,1.34,,,,
58.061,ROTATION_SCAN,2.6301,-0.7429,0.32,156.38,-1.49,0.23,15.0,-0.0085,-0.0119,0.0022,1.224,0.192,1.34,,,,
58.071,ROTATION_SCAN,2.6261,-0.7419,0.319,156.35,-1.36,0.39,15.0,-0.0192,-0.0207,0.0118,1.232,0.197,1.347,,,,
58.12,ROTATION_SCAN,2.6214,-0.7424,0.315,156.49,-1.6,0.89,15.0,-0.0274,-0.0334,0.0104,1.232,0.197,1.347,,,,
58.171,ROTATION_SCAN,2.6179,-0.742,0.314,156.93,-1.51,0.96,15.0,-0.0309,-0.0442,0.0028,1.227,0.193,1.342,,,,
58.221,ROTATION_SCAN,2.6132,-0.7442,0.316,157.63,-1.34,1.47,15.0,-0.0328,-0.0598,0.0014,1.227,0.193,1.342,,,,
58.29,ROTATION_SCAN,2.6094,-0.7465,0.317,158.5,-0.72,1.94,15.0,-0.0275,-0.0721,-0.0013,1.251,0.199,1.334,,,,
58.321,ROTATION_SCAN,2.6059,-0.7532,0.316,159.31,-0.33,1.95,15.0,-0.0187,-0.0885,0.0008,1.251,0.199,1.334,,,,
58.378,ROTATION_SCAN,2.6051,-0.7567,0.32,160.15,0.02,2.05,15.0,-0.0034,-0.0932,0.0001,,0.199,1.341,,,,
58.426,ROTATION_SCAN,2.6028,-0.7613,0.318,161.09,0.21,1.72,15.0,0.0067,-0.0976,0.0092,,0.199,1.341,,,,
58.471,ROTATION_SCAN,2.6035,-0.765,0.317,162.02,0.13,1.38,15.0,0.0197,-0.097,0.0049,,0.196,1.357,,,,
58.521,ROTATION_SCAN,2.6036,-0.7701,0.319,163.12,0.04,1.12,15.0,0.0276,-0.1003,-0.0003,,0.196,1.357,,,,
58.596,ROTATION_SCAN,2.6044,-0.7744,0.317,164.34,0.29,0.71,15.0,0.0337,-0.0995,0.0092,,0.193,1.417,,,,
58.622,ROTATION_SCAN,2.606,-0.7805,0.32,165.53,0.79,0.23,15.0,0.0377,-0.0983,0.0064,,0.193,1.417,,,,
58.672,ROTATION_SCAN,2.6079,-0.7832,0.321,166.71,1.22,0.07,15.0,0.0411,-0.0845,0.0118,,0.191,2.685,,,,
58.72,ROTATION_SCAN,2.6099,-0.7858,0.323,167.77,1.06,-0.12,15.0,0.0426,-0.0712,0.0202,,0.191,2.685,,,,
58.77,ROTATION_SCAN,2.6099,-0.7897,0.324,168.69,1.34,0.0,15.0,0.039,-0.0618,0.018,,0.187,2.92,,,,
58.82,ROTATION_SCAN,2.61,-0.7917,0.324,169.53,1.16,0.27,15.0,0.0379,-0.0495,0.0078,,0.187,2.92,,,,
58.914,ROTATION_SCAN,2.6103,-0.7926,0.327,170.31,1.19,0.43,15.0,0.0397,-0.0362,0.0057,0.813,0.186,2.991,,,,
58.925,ROTATION_SCAN,2.6111,-0.7907,0.329,171.05,0.85,0.28,15.0,0.0412,-0.0193,0.0112,0.813,0.186,2.991,,,,
58.976,ROTATION_SCAN,2.6104,-0.7895,0.322,171.82,0.9,0.45,15.0,0.0393,-0.0072,0.0155,0.794,0.184,3.022,,,,
59.025,ROTATION_SCAN,2.6123,-0.7847,0.327,172.63,0.72,0.48,15.0,0.0435,0.0112,-0.0113,0.794,0.184,3.022,,,,
59.072,ROTATION_SCAN,2.6133,-0.7817,0.327,173.29,0.62,0.61,15.0,0.0467,0.022,0.0009,0.79,0.189,,0.768,,,
59.121,ROTATION_SCAN,2.6161,-0.7794,0.328,173.83,0.57,0.41,15.0,0.052,0.0292,-0.0015,0.79,0.189,,0.768,,,
59.193,ROTATION_SCAN,2.6172,-0.7738,0.328,174.17,0.1,0.44,15.0,0.0528,0.0409,-0.005,0.79,0.19,3.073,0.748,,,
59.276,ROTATION_SCAN,2.6191,-0.7699,0.324,174.38,-0.65,0.49,15.0,0.0546,0.0423,-0.0169,0.79,0.19,3.073,0.748,,,
59.285,ROTATION_SCAN,2.6217,-0.7663,0.323,174.25,-1.14,0.39,15.0,0.0569,0.0373,-0.0257,0.792,0.188,3.067,0.736,,,
59.342,ROTATION_SCAN,2.6235,-0.7647,0.326,174.09,-1.62,0.36,15.0,0.0567,0.0244,-0.0217,0.792,0.188,3.067,0.736,,,
59.387,ROTATION_SCAN,2.6261,-0.7623,0.321,174.12,-1.55,0.01,15.0,0.0558,0.0133,-0.0164,0.806,0.187,3.051,0.744,,,
59.42,ROTATION_SCAN,2.6313,-0.7624,0.32,174.39,-1.59,-0.24,15.0,0.0587,-0.001,-0.0265,0.806,0.187,3.051,0.744,,,
59.47,ROTATION_SCAN,2.6347,-0.7632,0.321,174.75,-1.81,-0.11,15.0,0.0568,-0.0166,-0.0288,0.808,0.187,3.076,0.739,,,
59.52,ROTATION_SCAN,2.6356,-0.7698,0.319,175.23,-1.6,-0.16,15.0,0.0509,-0.0435,-0.0164,0.808,0.187,3.076,0.739,,,
59.6,ROTATION_SCAN,2.6362,-0.7728,0.316,175.75,-1.05,-0.51,15.0,0.0424,-0.0558,-0.0233,0.802,0.182,3.087,0.731,,,
59.624,ROTATION_SCAN,2.6351,-0.7774,0.315,176.43,-0.55,-0.58,15.0,0.0303,-0.0659,-0.0279,0.802,0.182,3.087,0.731,,,
59.672,ROTATION_SCAN,2.6348,-0.7841,0.316,177.2,-0.23,-0.46,15.0,0.0225,-0.075,-0.0308,0.796,0.179,3.125,0.709,,,
59.719,ROTATION_SCAN,2.6317,-0.7907,0.315,178.02,0.02,-0.5,15.0,0.0098,-0.0816,-0.0237,0.796,0.179,3.125,0.709,,,
59.77,ROTATION_SCAN,2.6311,-0.7986,0.312,178.9,0.44,-0.62,15.0,0.0028,-0.0867,-0.0213,0.801,0.18,3.152,0.673,,,
59.82,ROTATION_SCAN,2.6288,-0.8,0.313,179.97,0.49,-0.46,15.0,-0.0069,-0.077,-0.028,0.801,0.18,3.152,0.673,,,
59.886,ROTATION_SCAN,2.6249,-0.8053,0.315,-178.93,0.84,-0.27,15.0,-0.0171,-0.075,-0.0165,0.804,0.186,3.169,0.624,,,
59.922,ROTATION_SCAN,2.6237,-0.8077,0.311,-177.93,1.64,-0.29,15.0,-0.0208,-0.0611,-0.0005,0.804,0.186,3.169,0.624,,,
59.98,ROTATION_SCAN,2.6186,-0.8085,0.31,-177.01,1.58,0.34,15.0,-0.029,-0.0427,-0.0092,0.807,0.19,3.227,0.582,,,
60.019,ROTATION_SCAN,2.6144,-0.8095,0.311,-175.95,1.51,0.51,15.0,-0.0319,-0.027,-0.009,0.807,0.19,3.227,0.582,,,
60.07,ROTATION_SCAN,2.609,-0.8089,0.309,-174.81,1.64,0.82,15.0,-0.0355,-0.0093,-0.0064,0.815,0.197,3.248,0.531,,,
60.12,ROTATION_SCAN,2.6054,-0.8073,0.311,-173.73,1.54,1.07,15.0,-0.0325,0.0096,-0.0119,0.815,0.197,3.248,0.531,,,
60.181,ROTATION_SCAN,2.6006,-0.8039,0.308,-172.79,1.02,1.67,15.0,-0.0286,0.0279,-0.0081,0.831,0.207,,0.481,,,
60.252,ROTATION_SCAN,2.5983,-0.8003,0.308,-171.88,0.35,2.1,15.0,-0.0153,0.0403,-0.0151,0.831,0.207,,0.481,,,
60.27,ROTATION_SCAN,2.5956,-0.7953,0.312,-170.98,0.02,2.42,15.0,0.0003,0.0515,-0.0098,0.846,0.22,,0.44,,,
60.325,ROTATION_SCAN,2.5961,-0.7906,0.311,-170.22,-0.32,2.24,15.0,0.0207,0.0585,-0.0028,0.846,0.22,,0.44,,,
60.37,ROTATION_SCAN,2.5973,-0.7853,0.311,-169.57,-0.53,2.16,15.0,0.0396,0.0635,-0.0088,0.859,0.227,,0.427,,,
60.422,ROTATION_SCAN,2.6012,-0.7806,0.312,-168.88,-0.48,1.9,15.0,0.0611,0.0657,-0.0012,0.859,0.227,,0.427,,,
60.47,ROTATION_SCAN,2.6058,-0.7753,0.31,-168.03,-0.82,1.37,15.0,0.0789,0.0684,0.0013,0.873,0.225,,0.412,,,
60.521,ROTATION_SCAN,2.6088,-0.773,0.311,-167.0,-0.95,0.71,15.0,0.0861,0.06,-0.0115,0.873,0.225,,0.412,,,
60.592,ROTATION_SCAN,2.6125,-0.7701,0.309,-166.05,-1.25,0.26,15.0,0.09,0.052,-0.0092,0.897,0.228,,0.399,,,
60.631,ROTATION_SCAN,2.6168,-0.7677,0.308,-164.99,-1.35,-0.18,15.0,0.0924,0.0403,-0.0146,0.897,0.228,,0.399,,,
60.677,ROTATION_SCAN,2.6188,-0.7666,0.31,-163.78,-1.48,-0.67,15.0,0.0854,0.0256,-0.0199,0.922,0.232,,0.391,,,
60.725,ROTATION_SCAN,2.6233,-0.7659,0.306,-162.43,-1.47,-0.66,15.0,0.0841,0.0106,-0.0167,0.922,0.232,,0.391,,,
60.77,ROTATION_SCAN,2.6275,-0.7648,0.305,-161.29,-1.52,-0.63,15.0,0.0832,-0.0011,-0.0221,0.972,0.232,,0.383,,,
60.893,NAV_TO_START,2.6317,-0.7669,0.303,-160.47,-1.16,-1.03,15.0,0.0803,-0.0192,-0.0124,0.972,0.232,,0.383,,,
60.959,NAV_TO_START,2.6364,-0.769,0.304,-159.82,-1.07,-1.27,15.0,0.0756,-0.0344,-0.0166,1.006,0.232,0.242,0.386,,,
61.008,NAV_TO_START,2.638,-0.7715,0.306,-159.05,-0.64,-1.1,-0.0,0.0629,-0.0467,-0.014,1.006,0.232,0.242,0.386,,2.6,-0.78
61.018,NAV_TO_START,2.639,-0.775,0.303,-158.39,0.24,-0.93,-0.0,0.05,-0.0539,-0.0078,1.041,0.231,0.219,0.389,,2.6,-0.78
61.026,NAV_TO_START,2.6405,-0.7779,0.304,-157.97,0.52,-0.94,-0.0,0.0388,-0.0544,-0.0191,1.041,0.231,0.219,0.389,,2.6,-0.78
61.107,NAV_TO_START,2.64,-0.7814,0.301,-157.91,0.89,-0.89,-0.0,0.0228,-0.0539,-0.0159,1.064,0.231,0.219,0.392,,2.6,-0.78
61.137,NAV_TO_START,2.6392,-0.7849,0.301,-157.97,1.33,-1.14,-0.0,0.007,-0.0507,-0.0207,1.064,0.231,0.219,0.392,,2.6,-0.78
61.172,NAV_TO_START,2.6398,-0.7876,0.304,-158.06,1.55,-1.72,-0.0,-0.0088,-0.0443,-0.0157,1.064,0.231,0.225,0.394,,2.6,-0.78
61.222,NAV_TO_START,2.6354,-0.7906,0.301,-158.37,1.67,-1.9,-0.0,-0.0384,-0.0395,-0.0016,1.064,0.231,0.225,0.394,,2.6,-0.78
61.27,NAV_TO_START,2.6305,-0.7929,0.302,-158.76,1.88,-1.99,-0.0,-0.0664,-0.0324,-0.012,1.051,0.234,0.235,0.398,,2.6,-0.78
61.326,NAV_TO_START,2.6257,-0.795,0.301,-159.14,1.78,-1.29,-0.0,-0.0878,-0.0237,-0.0072,1.051,0.234,0.235,0.398,,2.02,-0.72
61.389,NAV_TO_START,2.6178,-0.7952,0.301,-159.46,1.59,-0.47,-0.0,-0.1078,-0.0109,-0.0059,1.026,0.244,,0.397,,2.02,-0.72
61.42,NAV_TO_START,2.6091,-0.7956,0.299,-159.66,1.33,0.09,-0.0,-0.1206,0.0005,-0.0029,1.026,0.244,,0.397,,2.02,-0.72
61.47,NAV_TO_START,2.6028,-0.7948,0.299,-159.78,1.64,-0.89,-0.0,-0.1292,0.0123,-0.0046,1.002,0.256,,0.391,,2.02,-0.72
61.519,NAV_TO_START,2.5958,-0.7963,0.302,-159.93,1.8,-1.72,-0.0,-0.1465,0.0182,-0.0015,1.002,0.256,,0.391,,2.02,-0.72
61.57,NAV_TO_START,2.5876,-0.794,0.301,-160.0,1.21,-1.71,-0.0,-0.1666,0.0275,0.0019,0.983,0.272,,0.389,,2.02,-0.72
61.665,NAV_TO_START,2.5785,-0.7916,0.301,-159.8,1.0,-1.99,-0.0,-0.1859,0.0323,0.0028,0.983,0.272,,0.389,,2.02,-0.72
61.67,NAV_TO_START,2.5691,-0.7908,0.301,-159.44,1.09,-2.12,-0.0,-0.2053,0.0329,-0.0004,0.964,0.297,,0.385,,2.02,-0.72
61.765,NAV_TO_START,2.5593,-0.7892,0.301,-159.1,0.6,-1.8,-0.0,-0.2212,0.0333,-0.003,0.964,0.297,,0.385,,2.02,-0.72
61.785,NAV_TO_START,2.5476,-0.7871,0.301,-158.67,0.33,-1.6,-0.0,-0.2367,0.0325,-0.006,0.946,0.316,,0.394,,2.02,-0.72
61.819,NAV_TO_START,2.5344,-0.7868,0.301,-158.27,0.29,-1.46,-0.0,-0.252,0.0278,-0.009,0.946,0.316,,0.394,,2.02,-0.72
61.869,NAV_TO_START,2.5213,-0.7861,0.303,-157.91,-0.04,-1.24,-0.0,-0.2637,0.0231,-0.009,0.928,0.341,,0.408,,2.02,-0.72
61.92,NAV_TO_START,2.508,-0.7857,0.302,-157.69,-0.13,-1.01,-0.0,-0.2718,0.0172,-0.0013,0.928,0.341,,0.408,,2.02,-0.72
61.971,NAV_TO_START,2.4959,-0.7874,0.301,-157.57,-0.01,-0.71,-0.0,-0.2734,0.0086,-0.0045,0.903,0.371,,0.439,,2.02,-0.72
62.031,NAV_TO_START,2.4841,-0.7874,0.297,-157.56,0.1,-0.38,-0.0,-0.2722,0.0065,-0.0056,0.903,0.371,,0.439,,2.02,-0.72
62.07,NAV_TO_START,2.467,-0.7885,0.294,-157.55,0.16,-0.13,-0.0,-0.2833,0.0033,-0.0134,0.875,0.401,,0.55,,2.02,-0.72
62.121,NAV_TO_START,2.454,-0.7891,0.299,-157.54,0.37,-0.05,-0.0,-0.2817,0.0038,-0.0182,0.875,0.401,,0.55,,2.02,-0.72
62.169,NAV_TO_START,2.4394,-0.7888,0.299,-157.56,0.6,0.1,-0.0,-0.2842,0.0078,-0.0001,0.846,0.424,,,,2.02,-0.72
62.233,NAV_TO_START,2.4269,-0.7885,0.299,-157.59,0.76,0.19,-0.0,-0.281,0.0136,0.0027,0.846,0.424,,,,2.02,-0.72
62.303,NAV_TO_START,2.413,-0.7885,0.299,-157.67,0.88,0.23,-0.0,-0.2812,0.0188,0.0016,0.81,0.456,,,,2.02,-0.72
62.32,NAV_TO_START,2.4005,-0.7878,0.298,-157.73,0.95,0.24,-0.0,-0.278,0.0259,0.0041,0.81,0.456,,,,2.02,-0.72
62.388,NAV_TO_START,2.3839,-0.787,0.298,-157.8,1.01,0.11,-0.0,-0.2869,0.0326,0.0028,0.773,0.489,,,,2.02,-0.72
62.42,NAV_TO_START,2.3701,-0.7853,0.298,-157.86,0.91,0.08,-0.0,-0.2878,0.0406,0.0022,0.773,0.489,,,,2.02,-0.72
62.47,NAV_TO_START,2.3551,-0.7841,0.297,-157.93,0.76,-0.06,-0.0,-0.2921,0.0446,0.0021,0.732,0.527,,,,2.02,-0.72
62.521,NAV_TO_START,2.3404,-0.7821,0.298,-157.91,0.55,-0.05,-0.0,-0.2947,0.0486,0.0002,0.732,0.527,,,,2.02,-0.72
62.57,NAV_TO_START,2.325,-0.7804,0.299,-157.89,0.39,-0.06,-0.0,-0.2984,0.0497,0.0023,0.694,,,,,2.02,-0.72
62.642,NAV_TO_START,2.3095,-0.7782,0.299,-157.85,0.26,-0.07,-0.0,-0.3012,0.0511,0.004,0.694,,,,,2.02,-0.72
62.67,NAV_TO_START,2.2919,-0.7765,0.302,-157.8,0.22,-0.16,-0.0,-0.3098,0.0502,0.0034,0.648,,,,,2.02,-0.72
62.735,NAV_TO_START,2.2769,-0.7745,0.299,-157.72,0.07,-0.17,-0.0,-0.3104,0.0493,0.0085,0.648,,,,,2.02,-0.72
62.776,NAV_TO_START,2.2603,-0.7734,0.3,-157.63,0.12,-0.11,-0.0,-0.3146,0.0456,0.0011,0.608,,,1.27,,2.02,-0.72
62.82,NAV_TO_START,2.2444,-0.7714,0.302,-157.54,0.08,-0.07,-0.0,-0.3164,0.0453,0.0027,0.608,,,1.27,,2.02,-0.72
62.87,NAV_TO_START,2.2287,-0.7694,0.303,-157.51,0.22,0.07,-0.0,-0.3164,0.0456,0.007,0.563,,,1.238,,2.02,-0.72
62.96,NAV_TO_START,2.2115,-0.7677,0.302,-157.49,0.27,0.11,-0.0,-0.3201,0.0464,0.0047,0.563,,,1.238,,2.02,-0.72
62.969,NAV_TO_START,2.1919,-0.7654,0.302,-157.47,0.37,0.19,-0.0,-0.3293,0.0495,0.0007,0.52,,,1.237,,2.02,-0.72
63.041,NAV_TO_START,2.1733,-0.7632,0.302,-157.45,0.4,0.41,-0.0,-0.3337,0.0522,-0.0006,0.52,,,1.237,,2.02,-0.72
63.073,NAV_TO_START,2.1545,-0.762,0.303,-157.48,0.37,0.56,-0.0,-0.337,0.053,-0.0006,0.472,,,1.24,,2.02,-0.72
63.119,NAV_TO_START,2.1372,-0.7595,0.303,-157.48,0.38,0.8,-0.0,-0.3339,0.0574,-0.0007,0.472,,,1.24,,2.02,-0.72
63.169,NAV_TO_START,2.1188,-0.7576,0.305,-157.52,0.4,0.86,-0.0,-0.3334,0.0604,-0.0053,0.428,,,1.232,,2.02,-0.72
63.226,NAV_TO_START,2.0974,-0.7535,0.3,-157.53,0.37,0.96,-0.0,-0.3395,0.0693,-0.0005,0.428,,,1.232,,2.02,-0.72
63.281,NAV_TO_START,2.0788,-0.7507,0.3,-157.52,0.36,1.05,-0.0,-0.3373,0.0739,-0.0101,0.377,,,1.223,,2.02,-0.72
63.321,NAV_TO_START,2.0597,-0.7473,0.3,-157.46,0.18,1.3,-0.0,-0.335,0.0791,-0.0102,0.377,,,1.223,,2.02,-0.72
63.372,NAV_TO_START,2.0418,-0.7443,0.298,-157.37,-0.16,1.8,-0.0,-0.3261,0.0811,-0.0069,0.33,,,1.234,,2.02,-0.72
63.419,NAV_TO_START,2.0245,-0.7402,0.299,-157.21,-0.63,2.35,-0.0,-0.3109,0.0851,-0.0102,0.33,,,1.234,,1.94,-0.64
63.469,NAV_TO_START,2.0078,-0.7376,0.301,-157.06,-1.27,3.01,-0.0,-0.2901,0.0812,-0.0047,0.279,,,1.23,,1.94,-0.64
63.519,NAV_TO_START,1.9899,-0.7343,0.301,-156.92,-1.32,3.41,-0.0,-0.2686,0.079,0.0037,0.279,,,1.23,,1.94,-0.64
63.604,NAV_TO_START,1.9755,-0.731,0.302,-156.79,-0.11,3.17,-0.0,-0.2456,0.0832,-0.0015,0.232,,,1.2,,1.94,-0.64
63.621,NAV_TO_START,1.9621,-0.7272,0.303,-156.67,0.61,3.32,-0.0,-0.2253,0.095,-0.0014,0.232,,,1.2,,1.94,-0.64
63.673,NAV_TO_START,1.9496,-0.7242,0.302,-156.52,1.21,3.34,-0.0,-0.2075,0.108,-0.0039,0.179,,,,,1.94,-0.64
63.719,NAV_TO_START,1.9368,-0.7187,0.299,-156.43,1.65,3.14,-0.0,-0.1945,0.1297,-0.0123,0.179,,,,,1.94,-0.64
63.768,NAV_TO_START,1.9253,-0.7131,0.3,-156.41,1.62,3.25,-0.0,-0.1809,0.1504,-0.0202,0.136,,,,,1.94,-0.64
63.819,NAV_TO_START,1.9124,-0.7049,0.299,-156.53,1.34,3.57,-0.0,-0.1683,0.1755,-0.0158,0.136,,,,,1.94,-0.64
63.869,NAV_TO_START,1.901,-0.6957,0.298,-156.71,0.59,3.78,-0.0,-0.15,0.1965,-0.0205,0.094,0.624,,0.85,,1.94,-0.64
63.93,NAV_TO_START,1.8909,-0.6871,0.299,-156.96,-0.06,3.91,-0.0,-0.128,0.2074,-0.021,0.094,0.624,,0.85,,1.94,-0.64
63.99,NAV_TO_START,1.8823,-0.6772,0.296,-157.32,-1.05,4.07,-0.0,-0.1006,0.2143,-0.0162,0.06,0.613,,0.835,,1.94,-0.64
64.019,NAV_TO_START,1.8751,-0.6679,0.298,-157.76,-1.81,4.29,-0.0,-0.0693,0.2119,-0.0172,0.06,0.613,,0.835,,1.94,-0.64
64.07,NAV_TO_START,1.8682,-0.6579,0.3,-158.21,-2.36,4.3,-0.0,-0.0374,0.2071,-0.0082,0.074,0.608,,0.833,,1.94,-0.64
64.119,NAV_TO_START,1.8639,-0.648,0.3,-158.64,-2.8,4.3,-0.0,-0.0026,0.199,0.0008,0.074,0.608,,0.833,,1.94,-0.64
64.169,NAV_TO_START,1.8616,-0.6393,0.299,-159.04,-3.41,4.39,-0.0,0.034,0.1835,0.0011,0.093,0.602,,0.906,,1.94,-0.64
64.246,NAV_TO_START,1.8605,-0.6311,0.299,-159.29,-3.85,4.14,-0.0,0.0701,0.1646,-0.0,0.093,0.602,,0.906,,1.94,-0.64
64.271,NAV_TO_START,1.8609,-0.6246,0.296,-159.41,-4.01,3.79,-0.0,0.1026,0.1394,-0.0006,0.109,0.591,,0.963,,1.94,-0.64
64.322,NAV_TO_START,1.8639,-0.6179,0.301,-159.55,-4.01,3.3,-0.0,0.1351,0.1175,-0.0091,0.109,0.591,,0.963,,1.94,-0.64
64.368,NAV_TO_START,1.8686,-0.6136,0.296,-159.56,-3.87,2.77,-0.0,0.163,0.0896,0.005,0.129,0.579,,1.008,,1.94,-0.64
64.42,NAV_TO_START,1.8741,-0.61,0.296,-159.57,-3.65,2.19,-0.0,0.1841,0.0642,-0.0066,0.129,0.579,,1.008,,1.94,-0.64
64.47,NAV_TO_START,1.8803,-0.6079,0.297,-159.52,-3.46,1.45,-0.0,0.1992,0.037,-0.0038,0.138,0.574,,1.046,,1.94,-0.64
64.54,NAV_TO_START,1.8865,-0.6054,0.299,-159.45,-3.14,0.69,-0.0,0.2054,0.0146,0.0007,0.138,0.574,,1.046,,1.94,-0.64
64.587,NAV_TO_START,1.8935,-0.6057,0.299,-159.39,-2.81,0.03,-0.0,0.2066,-0.0118,0.0032,0.137,0.558,,1.075,,1.94,-0.64
64.623,NAV_TO_START,1.9002,-0.607,0.299,-159.3,-2.38,-0.59,-0.0,0.1999,-0.036,0.0039,0.137,0.558,,1.075,,1.94,-0.64
64.671,NAV_TO_START,1.9088,-0.6093,0.3,-159.25,-2.09,-0.89,-0.0,0.1964,-0.0572,0.0036,0.146,0.555,,1.083,,1.94,-0.64
64.718,NAV_TO_START,1.9138,-0.6134,0.299,-159.16,-1.63,-0.99,-0.0,0.1803,-0.0797,0.0073,0.146,0.555,,1.083,,1.94,-0.64
64.77,NAV_TO_START,1.9167,-0.6165,0.303,-159.02,-0.96,-1.1,-0.0,0.1589,-0.0927,0.0038,0.139,0.559,,1.098,,1.94,-0.64
64.82,NAV_TO_START,1.9217,-0.6201,0.301,-158.96,-0.23,-1.27,-0.0,0.1427,-0.0985,0.01,0.139,0.559,,1.098,,1.88,-0.6
64.89,NAV_TO_START,1.9245,-0.6241,0.302,-158.92,0.38,-1.28,-0.0,0.1207,-0.1007,0.0047,0.135,0.561,,1.11,,1.88,-0.6
64.924,NAV_TO_START,1.9264,-0.63,0.304,-158.92,1.37,-1.52,-0.0,0.0959,-0.1004,0.0024,0.135,0.561,,1.11,,1.88,-0.6
64.968,NAV_TO_START,1.9264,-0.6349,0.3,-159.02,1.96,-1.5,-0.0,0.0662,-0.0921,0.0041,0.136,0.573,,1.119,,1.88,-0.6
65.019,NAV_TO_START,1.9251,-0.6389,0.302,-159.13,2.19,-1.32,-0.0,0.0374,-0.0793,-0.0111,0.136,0.573,,1.119,,1.88,-0.6
65.069,NAV_TO_START,1.9221,-0.6416,0.304,-159.2,2.31,-0.82,-0.0,0.0099,-0.0625,-0.0025,0.126,0.59,,1.118,,1.88,-0.6
65.119,ROTATION_SCAN,1.9171,-0.6426,0.3,-159.25,2.02,-0.4,-0.0,-0.0151,-0.0432,0.0037,0.126,0.59,,1.118,,,
65.208,ROTATION_SCAN,1.9124,-0.6414,0.304,-159.28,1.72,0.22,15.0,-0.0308,-0.0221,-0.0085,0.118,0.598,,1.104,,,
65.223,ROTATION_SCAN,1.9056,-0.6407,0.3,-159.26,1.26,0.48,15.0,-0.0448,-0.0057,0.0008,0.118,0.598,,1.104,,,
65.275,ROTATION_SCAN,1.9,-0.6376,0.299,-159.09,0.84,0.65,15.0,-0.0521,0.0109,-0.0111,0.115,0.597,,1.082,,,
65.319,ROTATION_SCAN,1.8949,-0.6352,0.299,-158.73,0.31,0.86,15.0,-0.0539,0.0215,-0.0133,0.115,0.597,,1.082,,,
65.368,ROTATION_SCAN,1.89,-0.6329,0.301,-158.22,-0.09,0.97,15.0,-0.0523,0.0276,-0.0087,0.108,0.599,,1.014,,,
65.419,ROTATION_SCAN,1.8851,-0.6306,0.303,-157.55,-0.54,1.3,15.0,-0.0477,0.0306,0.0006,0.108,0.599,,1.014,,,
65.475,ROTATION_SCAN,1.8817,-0.6265,0.299,-156.73,-0.81,1.7,15.0,-0.0365,0.0356,0.0052,0.106,0.591,,0.859,,,
65.537,ROTATION_SCAN,1.8769,-0.6239,0.301,-155.91,-1.16,1.78,15.0,-0.0268,0.036,-0.0043,0.106,0.591,,0.859,,,
65.591,ROTATION_SCAN,1.8734,-0.62,0.302,-155.15,-1.51,1.87,15.0,-0.0132,0.0364,0.0051,0.102,0.58,,0.706,,,
65.619,ROTATION_SCAN,1.8719,-0.6163,0.302,-154.44,-1.71,1.74,15.0,0.0038,0.035,0.0083,0.102,0.58,,0.706,,,
65.669,ROTATION_SCAN,1.8707,-0.6131,0.301,-153.7,-1.78,1.58,15.0,0.0188,0.0314,0.0076,0.101,0.575,,0.653,,,
65.72,ROTATION_SCAN,1.8715,-0.6113,0.304,-152.95,-1.88,1.36,15.0,0.0362,0.0237,0.0029,0.101,0.575,,0.653,,,
65.769,ROTATION_SCAN,1.8716,-0.6105,0.302,-152.21,-1.9,1.0,15.0,0.0479,0.0133,0.0099,0.1,0.572,,0.619,,,
65.859,ROTATION_SCAN,1.8726,-0.6098,0.304,-151.47,-1.77,0.77,15.0,0.058,0.0037,0.0041,0.1,0.572,,0.619,,,
65.869,ROTATION_SCAN,1.8785,-0.6116,0.304,-150.79,-1.67,0.47,15.0,0.0762,-0.011,0.0065,0.1,0.576,,0.6,,,
65.935,ROTATION_SCAN,1.8799,-0.6118,0.308,-150.08,-1.41,0.2,15.0,0.0791,-0.0199,0.0038,0.1,0.576,,0.6,,,
65.981,ROTATION_SCAN,1.8821,-0.6143,0.308,-149.36,-1.11,-0.09,15.0,0.0802,-0.0322,0.0073,0.098,0.58,,0.593,,,
66.019,ROTATION_SCAN,1.8836,-0.6173,0.304,-148.64,-0.77,-0.16,15.0,0.0775,-0.042,0.004,0.098,0.58,,0.593,,,
66.069,ROTATION_SCAN,1.8827,-0.6206,0.304,-147.93,-0.35,-0.43,15.0,0.0663,-0.0502,-0.0096,0.092,0.58,,0.59,,,
66.128,ROTATION_SCAN,1.8836,-0.6239,0.304,-147.24,-0.1,-0.31,15.0,0.059,-0.055,-0.0089,0.092,0.58,,0.59,,,
66.185,ROTATION_SCAN,1.8837,-0.6277,0.305,-146.53,0.13,-0.22,15.0,0.0507,-0.0585,-0.0122,0.082,0.586,,0.592,,,
66.219,ROTATION_SCAN,1.8822,-0.6328,0.3,-145.84,0.17,-0.1,15.0,0.04,-0.0632,-0.0077,0.082,0.586,,0.592,,,
66.268,ROTATION_SCAN,1.8808,-0.6356,0.302,-145.07,0.23,0.12,15.0,0.0314,-0.061,-0.0196,0.077,0.595,,0.601,,,
66.319,ROTATION_SCAN,1.879,-0.6395,0.302,-144.21,0.3,0.33,15.0,0.0241,-0.0596,-0.0119,0.077,0.595,,0.601,,,
66.369,ROTATION_SCAN,1.8759,-0.6447,0.3,-143.39,0.25,0.58,15.0,0.0155,-0.0614,-0.01,0.064,0.61,,0.613,,,
66.419,ROTATION_SCAN,1.8741,-0.648,0.302,-141.41,0.16,1.33,15.0,0.014,-0.0563,-0.0159,0.064,0.61,,0.613,,,
66.501,ROTATION_SCAN,1.875,-0.6509,0.301,-139.71,0.24,1.26,15.0,0.0218,-0.0475,-0.0006,0.063,0.636,,0.642,,,
66.52,ROTATION_SCAN,1.8753,-0.6532,0.299,-138.44,0.21,1.42,15.0,0.0268,-0.039,-0.0052,0.063,0.636,,0.642,,,
66.569,ROTATION_SCAN,1.8746,-0.6543,0.299,-137.4,0.16,1.41,15.0,0.0296,-0.0283,-0.0113,0.058,0.684,,0.679,,,
66.618,ROTATION_SCAN,1.8722,-0.6536,0.299,-136.52,0.09,1.23,15.0,0.0278,-0.015,-0.0113,0.058,0.684,,0.679,,,
66.669,ROTATION_SCAN,1.8795,-0.6517,0.3,-135.71,-0.08,1.16,15.0,0.048,-0.0027,-0.0118,0.051,0.726,,0.726,,,
66.718,ROTATION_SCAN,1.8792,-0.652,0.298,-135.01,-0.27,0.94,15.0,0.0503,0.0025,-0.0072,0.051,0.726,,0.726,,,
66.768,ROTATION_SCAN,1.8616,-0.661,0.3,-134.4,-0.44,0.61,15.0,0.0134,-0.0141,-0.0122,0.05,0.759,,0.756,,,
66.835,ROTATION_SCAN,1.8619,-0.6611,0.298,-133.72,-0.64,0.63,15.0,0.0191,-0.0123,-0.0049,0.05,0.759,,0.756,,,
66.874,ROTATION_SCAN,1.8608,-0.662,0.297,-133.03,-0.56,0.97,15.0,0.0222,-0.0116,-0.011,0.052,0.786,,0.788,,,
66.919,ROTATION_SCAN,1.8608,-0.6647,0.297,-132.29,-0.57,1.18,15.0,0.0292,-0.013,-0.0105,0.052,0.786,,0.788,,,
66.969,ROTATION_SCAN,1.8633,-0.6652,0.299,-131.46,-0.52,1.37,15.0,0.0415,-0.008,-0.0068,0.052,0.809,,0.831,,,
67.019,ROTATION_SCAN,1.8655,-0.6656,0.298,-130.61,-0.35,1.45,15.0,0.0522,-0.0018,0.0005,0.052,0.809,,0.831,,,
67.069,ROTATION_SCAN,1.868,-0.6671,0.297,-129.79,-0.38,1.44,15.0,0.0617,0.0022,-0.0009,0.063,0.838,,0.859,,,
67.156,ROTATION_SCAN,1.8662,-0.6632,0.299,-128.96,-0.18,1.41,15.0,0.0607,0.0184,-0.0028,0.063,0.838,,0.859,,,
67.176,ROTATION_SCAN,1.8681,-0.6724,0.299,-128.16,-0.23,1.26,15.0,0.0667,0.004,0.0035,0.079,0.877,,0.901,,,
67.225,ROTATION_SCAN,1.8698,-0.6729,0.298,-127.41,-0.18,1.18,15.0,0.0704,0.0097,0.0046,0.079,0.877,,0.901,,,
67.295,ROTATION_SCAN,1.8718,-0.6719,0.3,-126.62,-0.15,1.2,15.0,0.0741,0.0179,-0.0,0.085,0.929,,,,,
67.318,ROTATION_SCAN,1.8755,-0.6699,0.299,-125.83,-0.12,1.14,15.0,0.0806,0.0275,0.0054,0.085,0.929,,,,,
67.369,ROTATION_SCAN,1.8793,-0.6671,0.299,-124.98,0.03,1.07,15.0,0.0858,0.0378,0.0037,0.116,0.973,,1.015,,,
67.418,ROTATION_SCAN,1.8811,-0.6654,0.301,-124.17,0.02,0.82,15.0,0.0847,0.0439,0.0038,0.116,0.973,,1.015,,,
67.49,ROTATION_SCAN,1.8831,-0.6639,0.303,-123.33,0.03,0.55,15.0,0.0832,0.0475,0.0071,0.144,1.003,,,,,
67.523,ROTATION_SCAN,1.886,-0.6618,0.299,-122.53,0.09,0.3,15.0,0.0821,0.05,0.0098,0.144,1.003,,,,,
67.568,ROTATION_SCAN,1.8881,-0.6589,0.299,-121.72,0.13,0.17,15.0,0.0781,0.0529,-0.0018,0.167,,,,,,
67.618,ROTATION_SCAN,1.8909,-0.6569,0.301,-120.98,0.17,0.06,15.0,0.0752,0.0532,-0.0016,0.167,,,,,,
67.668,ROTATION_SCAN,1.8942,-0.6549,0.301,-120.26,0.14,0.03,15.0,0.0732,0.0525,0.0036,0.197,,,,,,
67.719,ROTATION_SCAN,1.8969,-0.6531,0.301,-119.61,0.2,-0.08,15.0,0.0699,0.0517,0.0008,0.197,,,,,,
67.818,ROTATION_SCAN,1.8993,-0.6519,0.302,-118.97,0.17,-0.08,15.0,0.0658,0.0486,0.0009,0.233,,,,,,
67.827,ROTATION_SCAN,1.9008,-0.6511,0.3,-118.32,0.11,-0.09,15.0,0.0609,0.0452,0.0028,0.233,,,,,,
67.884,ROTATION_SCAN,1.9025,-0.6521,0.307,-117.63,0.04,-0.12,15.0,0.0569,0.0377,-0.0024,0.259,,,,,,
67.922,ROTATION_SCAN,1.903,-0.6516,0.304,-116.87,0.12,-0.23,15.0,0.0507,0.0338,0.0135,0.259,,,,,,
67.976,ROTATION_SCAN,1.9034,-0.6548,0.303,-116.1,0.2,-0.29,15.0,0.0444,0.0222,0.0035,0.28,,,,,,
68.017,ROTATION_SCAN,1.9033,-0.6567,0.299,-115.33,0.2,-0.25,15.0,0.0371,0.0144,-0.0049,0.28,,,,,,
68.082,ROTATION_SCAN,1.8973,-0.668,0.303,-114.59,0.21,-0.25,15.0,0.0185,-0.0118,-0.013,0.313,,,,,,
68.155,ROTATION_SCAN,1.8948,-0.6708,0.301,-113.83,0.18,0.02,15.0,0.0093,-0.017,-0.0003,0.313,,,,,,
68.168,ROTATION_SCAN,1.8913,-0.6761,0.303,-113.1,0.05,0.44,15.0,0.0008,-0.0246,-0.0061,0.364,,0.923,,,,
68.224,ROTATION_SCAN,1.8893,-0.6779,0.303,-112.36,-0.06,0.92,15.0,-0.0016,-0.0211,-0.0022,0.364,,0.923,,,,
68.278,ROTATION_SCAN,1.8874,-0.6809,0.303,-111.65,-0.12,1.19,15.0,-0.0017,-0.0177,-0.0023,0.488,,0.901,,,,
68.318,ROTATION_SCAN,1.8853,-0.6837,0.305,-110.89,-0.24,1.53,15.0,-0.0007,-0.0121,-0.0038,0.488,,0.901,,,,
68.369,ROTATION_SCAN,1.8846,-0.6849,0.303,-110.1,-0.34,1.71,15.0,0.0047,-0.0018,0.0013,,,0.883,,,,
68.42,ROTATION_SCAN,1.883,-0.6867,0.305,-109.35,-0.38,1.72,15.0,0.0082,0.0063,-0.007,,,0.883,,,,
68.489,ROTATION_SCAN,1.8823,-0.687,0.299,-108.65,-0.45,1.7,15.0,0.0134,0.017,-0.0043,1.504,,0.883,,,,
68.52,ROTATION_SCAN,1.8832,-0.6856,0.299,-107.97,-0.52,1.64,15.0,0.0216,0.0298,-0.0183,1.504,,0.883,,,,
68.576,ROTATION_SCAN,1.8835,-0.6826,0.301,-107.38,-0.5,1.52,15.0,0.0284,0.0445,-0.0134,1.593,,0.871,,,,
68.617,ROTATION_SCAN,1.8885,-0.6815,0.3,-106.8,-0.57,1.42,15.0,0.0434,0.0521,-0.0039,1.593,,0.871,,,,
68.668,ROTATION_SCAN,1.8895,-0.6823,0.299,-106.22,-0.47,1.11,15.0,0.0483,0.0532,-0.0056,1.6,,0.865,,,,
68.718,ROTATION_SCAN,1.891,-0.6853,0.304,-105.61,-0.3,0.8,15.0,0.0513,0.0473,-0.0039,1.6,,0.865,,,,
68.806,ROTATION_SCAN,1.8876,-0.6873,0.303,-105.01,0.0,0.55,15.0,0.0413,0.0427,0.0078,1.592,,0.862,,,,
68.817,ROTATION_SCAN,1.8983,-0.6826,0.302,-104.39,0.06,0.49,15.0,0.06,0.0514,0.0027,1.592,,0.862,,,,
68.891,ROTATION_SCAN,1.9009,-0.6809,0.301,-103.75,0.14,0.56,15.0,0.0594,0.0541,-0.0004,1.585,,0.861,,,,
68.931,ROTATION_SCAN,1.9045,-0.6802,0.302,-103.09,0.27,0.42,15.0,0.0601,0.0538,-0.004,1.585,,0.861,,,,
68.968,ROTATION_SCAN,1.9084,-0.6793,0.302,-102.45,0.35,0.34,15.0,0.0603,0.0534,-0.0047,1.576,,0.86,,,,
69.017,ROTATION_SCAN,1.9137,-0.6775,0.303,-101.82,0.54,0.29,15.0,0.0625,0.0545,-0.004,1.576,,0.86,,,,
69.069,ROTATION_SCAN,1.9157,-0.6754,0.301,-101.18,0.6,0.38,15.0,0.0561,0.0564,-0.0047,1.567,,0.858,,,,
69.124,ROTATION_SCAN,1.9181,-0.675,0.301,-100.58,0.77,0.32,15.0,0.0508,0.0552,-0.0088,1.567,,0.858,,,,
69.183,ROTATION_SCAN,1.9208,-0.6738,0.303,-99.97,0.92,0.33,15.0,0.0447,0.0555,-0.0067,1.558,,0.858,,,,
69.217,ROTATION_SCAN,1.9229,-0.6729,0.3,-99.33,1.03,0.32,15.0,0.0372,0.0555,-0.0005,1.558,,0.858,,,,
69.268,ROTATION_SCAN,1.9246,-0.6716,0.3,-98.64,1.11,0.27,15.0,0.0288,0.056,-0.0092,1.546,,0.864,1.577,,,
69.318,ROTATION_SCAN,1.924,-0.6713,0.301,-97.9,1.1,0.28,15.0,0.0158,0.0541,-0.0075,1.546,,0.864,1.577,,,
69.368,ROTATION_SCAN,1.922,-0.6691,0.301,-97.17,1.15,0.28,15.0,0.0009,0.0565,-0.0051,1.529,,0.866,,,,
69.445,ROTATION_SCAN,1.9192,-0.6719,0.299,-96.44,1.11,0.34,15.0,-0.0138,0.048,-0.0054,1.529,,0.866,,,,
69.471,ROTATION_SCAN,1.9182,-0.6726,0.3,-95.7,0.88,0.37,15.0,-0.0221,0.0455,-0.0101,1.495,,0.878,1.59,,,
69.521,ROTATION_SCAN,1.9136,-0.676,0.299,-95.0,0.46,0.29,15.0,-0.0348,0.0371,-0.0072,1.495,,0.878,1.59,,,
69.568,ROTATION_SCAN,1.9109,-0.6781,0.298,-94.25,0.14,0.53,15.0,-0.0388,0.0323,-0.0074,1.46,,0.887,,,,
69.618,ROTATION_SCAN,1.9037,-0.6783,0.3,-93.48,-0.07,0.53,15.0,-0.0506,0.033,-0.0101,1.46,,0.887,,,,
69.668,ROTATION_SCAN,1.8993,-0.6797,0.296,-92.74,-0.44,0.7,15.0,-0.0526,0.0312,-0.0051,1.431,,0.895,,,,
69.761,ROTATION_SCAN,1.8969,-0.6809,0.3,-92.05,-0.83,0.73,15.0,-0.0467,0.0308,-0.0137,1.431,,0.895,,,,
69.781,ROTATION_SCAN,1.8938,-0.6826,0.301,-91.35,-1.31,0.78,15.0,-0.0399,0.0293,0.0022,1.384,,0.901,0.188,,,
69.84,ROTATION_SCAN,1.8911,-0.6835,0.298,-90.67,-1.71,0.91,15.0,-0.0294,0.031,0.0066,1.384,,0.901,0.188,,,
69.867,ROTATION_SCAN,1.8893,-0.6821,0.299,-89.97,-1.57,0.9,15.0,-0.0166,0.038,-0.007,1.351,,0.907,0.164,,,
69.918,ROTATION_SCAN,1.8892,-0.6798,0.3,-89.28,-1.57,0.8,15.0,-0.0026,0.0458,-0.0021,1.351,,0.907,0.164,,,
69.967,ROTATION_SCAN,1.8895,-0.6785,0.299,-88.61,-1.63,0.92,15.0,0.0111,0.0508,0.0008,1.304,,0.916,0.159,,,
70.018,ROTATION_SCAN,1.8926,-0.679,0.299,-87.84,-1.36,0.74,15.0,0.0287,0.0507,-0.0042,1.304,,0.916,0.159,,,
70.096,ROTATION_SCAN,1.8936,-0.676,0.298,-87.05,-1.21,0.68,15.0,0.0381,0.0582,-0.0035,1.279,,0.921,0.152,,,
70.118,ROTATION_SCAN,1.8977,-0.6762,0.299,-86.22,-0.86,0.58,15.0,0.0512,0.0563,-0.0059,1.279,,0.921,0.152,,,
70.206,ROTATION_SCAN,1.9004,-0.6759,0.299,-85.38,-0.56,0.55,15.0,0.0569,0.0553,-0.0014,1.264,,0.925,0.147,,,
70.243,ROTATION_SCAN,1.9047,-0.6755,0.298,-84.52,-0.12,0.45,15.0,0.0624,0.0539,-0.0012,1.264,,0.925,0.147,,,
70.274,ROTATION_SCAN,1.9083,-0.6753,0.298,-83.67,0.14,0.49,15.0,0.0631,0.052,-0.0066,1.26,,0.926,0.155,,,
70.318,ROTATION_SCAN,1.91,-0.6746,0.298,-82.79,0.41,0.4,15.0,0.0569,0.0509,-0.0035,1.26,,0.926,0.155,,,
70.412,ROTATION_SCAN,1.9142,-0.6737,0.299,-81.95,0.51,0.46,15.0,0.0559,0.0499,-0.0014,1.273,,0.934,0.154,,,
70.436,ROTATION_SCAN,1.9181,-0.6714,0.297,-81.13,0.71,0.48,15.0,0.0533,0.0525,0.0004,1.273,,0.934,0.154,,,
70.468,ROTATION_SCAN,1.9212,-0.6692,0.299,-80.29,0.83,0.6,15.0,0.0475,0.0547,-0.0038,1.28,1.028,0.947,0.149,,,
70.524,ROTATION_SCAN,1.9233,-0.6683,0.298,-79.46,0.97,0.53,15.0,0.0391,0.0537,0.0032,1.28,1.028,0.947,0.149,,,
70.567,ROTATION_SCAN,1.9254,-0.6659,0.299,-78.63,0.98,0.61,15.0,0.0308,0.0557,-0.0008,1.309,1.026,,0.146,,,
70.617,ROTATION_SCAN,1.9253,-0.6626,0.299,-77.83,1.0,0.48,15.0,0.0184,0.0598,0.002,1.309,1.026,,0.146,,,
70.668,ROTATION_SCAN,1.9274,-0.6624,0.302,-77.01,0.95,0.33,15.0,0.0125,0.0547,-0.0002,1.358,1.03,,0.144,,,
70.754,ROTATION_SCAN,1.9245,-0.6628,0.302,-76.19,0.78,0.24,15.0,-0.0032,0.0483,0.0057,1.358,1.03,,0.144,,,
70.768,ROTATION_SCAN,1.9234,-0.6604,0.302,-75.4,0.66,0.13,15.0,-0.0113,0.0482,0.0042,,1.033,,0.146,,,
70.822,ROTATION_SCAN,1.9413,-0.6617,0.305,-74.68,0.18,0.0,15.0,0.0272,0.0404,0.0035,,1.033,,0.146,,,
70.867,ROTATION_SCAN,1.9416,-0.6606,0.301,-73.91,0.39,0.04,15.0,0.0224,0.0378,0.0099,1.483,1.041,,0.137,,,
70.918,ROTATION_SCAN,1.9422,-0.6601,0.3,-73.15,0.53,0.17,15.0,0.0177,0.0343,-0.0022,1.483,1.041,,0.137,,,
70.969,ROTATION_SCAN,1.9394,-0.6615,0.3,-72.3,0.77,0.29,15.0,0.0036,0.0276,-0.0082,,1.054,,0.129,,,
71.02,ROTATION_SCAN,1.9331,-0.6647,0.3,-71.48,0.82,0.33,15.0,-0.0184,0.0176,-0.0085,,1.054,,0.129,,,
71.082,ROTATION_SCAN,1.9286,-0.667,0.3,-70.74,0.57,0.44,15.0,-0.0328,0.0115,-0.0088,,1.071,,0.121,,,
71.172,ROTATION_SCAN,1.9235,-0.6694,0.302,-69.94,0.35,0.53,15.0,-0.0455,0.0073,-0.0071,,1.071,,0.121,,,
71.294,ROTATION_SCAN,1.9212,-0.671,0.302,-69.13,0.01,0.62,-0.0,-0.0488,0.0067,-0.0036,,1.08,0.615,0.107,,0.0485,-0.0583
71.322,ROTATION_SCAN,1.9171,-0.674,0.298,-68.45,-0.26,0.42,-0.0,-0.0534,0.0041,-0.0043,,1.08,0.615,0.107,,0.0485,-0.0583
71.334,ROTATION_SCAN,1.9136,-0.6765,0.299,-67.86,-0.5,0.16,-0.0,-0.0533,0.0017,-0.0149,,1.049,0.605,0.109,,0.0485,-0.0583
71.343,ROTATION_SCAN,1.9111,-0.6772,0.298,-67.34,-0.6,-0.0,-0.0,-0.0493,0.0024,-0.0089,,1.049,0.605,0.109,,0.0485,-0.0583
71.383,ROTATION_SCAN,1.907,-0.6786,0.299,-66.98,-0.74,-0.1,-0.0,-0.0477,0.0007,-0.0098,,0.988,0.596,0.1,,0.0485,-0.0583
71.431,ROTATION_SCAN,1.9043,-0.6805,0.299,-66.73,-0.8,-0.15,-0.0,-0.0424,-0.0023,-0.0063,,0.988,0.596,0.1,,0.0485,-0.0583
71.467,ROTATION_SCAN,1.9018,-0.681,0.302,-66.5,-0.86,0.03,-0.0,-0.0367,-0.001,-0.0044,,0.941,0.597,0.091,,0.0485,-0.0583
71.517,ROTATION_SCAN,1.8999,-0.6838,0.297,-66.34,-0.81,-0.05,-0.0,-0.031,-0.0048,0.0034,,0.941,0.597,0.091,,0.0485,-0.0583
71.567,ROTATION_SCAN,1.8985,-0.6859,0.297,-66.22,-0.93,0.0,-0.0,-0.0242,-0.0066,-0.0071,,0.88,0.597,0.082,,0.0485,-0.0583
71.617,ROTATION_SCAN,1.8986,-0.6881,0.299,-66.09,-0.95,0.03,-0.0,-0.0142,-0.008,-0.0032,,0.88,0.597,0.082,,,
71.713,ROTATION_SCAN,1.8989,-0.6898,0.299,-65.99,-0.86,0.08,15.0,-0.0051,-0.0073,0.0036,,0.853,0.597,0.075,,,
71.722,ROTATION_SCAN,1.9003,-0.6926,0.296,-65.86,-0.7,0.03,15.0,0.004,-0.0103,0.0027,,0.853,0.597,0.075,,,
71.775,ROTATION_SCAN,1.9018,-0.6957,0.3,-65.65,-0.64,0.05,15.0,0.0117,-0.0141,-0.0044,,0.837,0.6,0.07,,,
71.821,ROTATION_SCAN,1.905,-0.6991,0.3,-65.29,-0.42,0.21,15.0,0.021,-0.018,0.0073,,0.837,0.6,0.07,,,
71.867,ROTATION_SCAN,1.9065,-0.7013,0.303,-64.82,-0.26,0.39,15.0,0.0236,-0.0178,0.0059,,0.815,0.597,0.071,,,
71.917,ROTATION_SCAN,1.9091,-0.7035,0.303,-64.27,-0.13,0.62,15.0,0.0265,-0.0168,0.0122,,0.815,0.597,0.071,,,
71.982,ROTATION_SCAN,1.912,-0.7059,0.3,-63.63,-0.07,0.85,15.0,0.0279,-0.0151,0.0085,,0.765,0.592,0.062,,,
72.041,ROTATION_SCAN,1.9137,-0.7087,0.302,-62.98,0.02,1.08,15.0,0.0253,-0.0131,-0.0021,,0.765,0.592,0.062,,,
72.072,ROTATION_SCAN,1.9158,-0.7102,0.301,-62.29,0.17,1.26,15.0,0.0222,-0.0074,0.0035,,0.727,0.587,0.059,,,
72.118,ROTATION_SCAN,1.9183,-0.7118,0.305,-61.56,0.18,1.33,15.0,0.0195,-0.0019,-0.0004,,0.727,0.587,0.059,,,
72.167,ROTATION_SCAN,1.9208,-0.7141,0.306,-60.82,0.19,1.26,15.0,0.017,0.0011,0.0082,,0.696,0.577,0.06,,,
72.217,ROTATION_SCAN,1.9216,-0.7155,0.303,-60.09,0.34,1.35,15.0,0.0099,0.0055,0.0095,,0.696,0.577,0.06,,,
72.268,ROTATION_SCAN,1.9225,-0.7157,0.302,-59.33,0.3,1.41,15.0,0.0029,0.0123,-0.0043,,0.673,0.572,0.067,,,
72.369,ROTATION_SCAN,1.924,-0.7154,0.302,-58.57,0.37,1.48,15.0,-0.002,0.0202,-0.0055,,0.673,0.572,0.067,,,
72.376,ROTATION_SCAN,1.9237,-0.7148,0.301,-57.86,0.35,1.43,15.0,-0.0112,0.0279,-0.004,,0.657,0.566,0.067,,,
72.435,ROTATION_SCAN,1.9212,-0.7126,0.303,-57.18,0.28,1.33,15.0,-0.0238,0.0379,-0.0055,,0.657,0.566,0.067,,,
72.466,ROTATION_SCAN,1.9189,-0.7115,0.305,-56.46,0.29,1.15,15.0,-0.0338,0.0436,-0.0007,,0.645,0.565,0.068,,,
72.517,ROTATION_SCAN,1.9172,-0.7106,0.306,-55.76,0.17,0.86,15.0,-0.0403,0.0465,0.0023,,0.645,0.565,0.068,,,
72.567,ROTATION_SCAN,1.9165,-0.7088,0.307,-55.07,0.04,0.49,15.0,-0.0414,0.0494,0.0013,,0.637,0.567,0.067,,,
72.617,ROTATION_SCAN,1.9108,-0.7055,0.302,-54.37,0.04,0.37,15.0,-0.0516,0.0539,0.0029,,0.637,0.567,0.067,,,
72.694,ROTATION_SCAN,1.9076,-0.703,0.303,-53.64,-0.05,0.18,15.0,-0.0545,0.0556,-0.0116,,0.635,0.573,0.064,,,
72.719,ROTATION_SCAN,1.9052,-0.704,0.302,-52.91,-0.12,-0.11,15.0,-0.0535,0.048,-0.0094,,0.635,0.573,0.064,,,
72.77,ROTATION_SCAN,1.9029,-0.7036,0.302,-52.14,-0.17,-0.26,15.0,-0.0505,0.0432,-0.0094,,0.638,0.579,0.071,,,
72.816,ROTATION_SCAN,1.9048,-0.7038,0.302,-51.34,-0.29,-0.35,15.0,-0.0381,0.0372,-0.0078,,0.638,0.579,0.071,,,
72.867,ROTATION_SCAN,1.9053,-0.7045,0.299,-50.53,-0.27,-0.36,15.0,-0.0292,0.0309,-0.007,,0.647,0.588,0.075,,,
72.919,ROTATION_SCAN,1.9078,-0.707,0.302,-49.74,-0.27,-0.23,15.0,-0.0172,0.0215,-0.0117,,0.647,0.588,0.075,,,
72.967,ROTATION_SCAN,1.9136,-0.7085,0.3,-48.93,-0.24,-0.0,15.0,-0.0003,0.0165,-0.0038,,0.661,0.595,0.087,,,
73.017,ROTATION_SCAN,1.9254,-0.7092,0.301,-48.16,-0.34,0.24,15.0,0.027,0.0154,-0.0061,,0.661,0.595,0.087,,,
73.078,ROTATION_SCAN,1.9281,-0.7111,0.302,-47.33,-0.14,0.58,15.0,0.0292,0.0134,-0.0064,,0.681,0.608,0.111,,,
73.117,ROTATION_SCAN,1.9329,-0.713,0.301,-46.42,0.06,0.91,15.0,0.033,0.0119,-0.0027,,0.681,0.608,0.111,,,
73.166,ROTATION_SCAN,1.9345,-0.7143,0.305,-45.52,0.4,1.25,15.0,0.0261,0.0129,-0.007,,0.711,0.621,0.133,,,
73.216,ROTATION_SCAN,1.9373,-0.7164,0.302,-44.64,0.5,1.46,15.0,0.0191,0.0117,0.0023,,0.711,0.621,0.133,,,
73.277,ROTATION_SCAN,1.9385,-0.7173,0.303,-43.77,0.58,1.73,15.0,0.0074,0.0141,-0.0055,,0.752,0.645,0.153,,,
73.338,ROTATION_SCAN,1.9403,-0.7178,0.299,-42.96,0.57,1.83,15.0,-0.003,0.0179,-0.0064,,0.752,0.645,0.153,,,
73.373,ROTATION_SCAN,1.9411,-0.7183,0.302,-42.25,0.51,1.89,15.0,-0.0145,0.0216,-0.0138,,0.795,0.674,0.169,,,
73.416,ROTATION_SCAN,1.9418,-0.7192,0.301,-41.6,0.53,1.93,15.0,-0.0258,0.0247,-0.0071,,0.795,0.674,0.169,,,
73.466,ROTATION_SCAN,1.9385,-0.7184,0.296,-40.96,0.46,1.7,15.0,-0.0442,0.0302,-0.0091,,0.831,0.706,0.177,,,
73.516,ROTATION_SCAN,1.9376,-0.7187,0.298,-40.31,0.25,1.52,15.0,-0.0529,0.0324,-0.0239,,0.831,0.706,0.177,,,
73.566,ROTATION_SCAN,1.9352,-0.7172,0.299,-39.56,0.15,1.35,15.0,-0.0625,0.0386,-0.0094,,0.873,0.746,0.181,,,
73.666,ROTATION_SCAN,1.9321,-0.7174,0.298,-38.81,0.08,1.09,15.0,-0.0706,0.0396,-0.0022,,0.873,0.746,0.181,,,
73.676,ROTATION_SCAN,1.9306,-0.7161,0.298,-38.01,-0.05,0.61,15.0,-0.0719,0.0422,-0.0076,,0.907,0.784,0.188,,,
73.73,ROTATION_SCAN,1.928,-0.716,0.299,-37.21,-0.19,0.35,15.0,-0.0722,0.0409,-0.0049,,0.907,0.784,0.188,,,
73.776,ROTATION_SCAN,1.926,-0.7148,0.3,-36.43,-0.23,0.23,15.0,-0.0693,0.0417,-0.0008,,0.968,0.827,0.192,,,
73.823,ROTATION_SCAN,1.9227,-0.7131,0.299,-36.3,-0.43,0.21,15.0,-0.0681,0.0445,0.0032,,0.968,0.827,0.192,,,
73.866,ROTATION_SCAN,1.9245,-0.7106,0.298,-35.74,-0.13,0.04,15.0,-0.056,0.0477,0.0008,,,0.847,0.195,,,
73.93,ROTATION_SCAN,1.9226,-0.7077,0.296,-35.01,-0.2,-0.15,15.0,-0.053,0.0496,-0.0062,,,0.847,0.195,,,
73.992,ROTATION_SCAN,1.9242,-0.7064,0.299,-34.17,-0.06,-0.12,15.0,-0.0416,0.0473,-0.0089,,1.033,0.891,0.21,,,
74.021,ROTATION_SCAN,1.9256,-0.7037,0.298,-33.28,-0.07,-0.17,15.0,-0.0318,0.0479,0.0011,,1.033,0.891,0.21,,,
74.089,ROTATION_SCAN,1.9277,-0.7011,0.296,-32.37,0.12,-0.02,15.0,-0.0225,0.048,-0.0013,,,0.952,0.229,,,
74.116,ROTATION_SCAN,1.9294,-0.7004,0.298,-31.38,0.29,0.07,15.0,-0.017,0.0429,-0.0051,,,0.952,0.229,,,
74.167,ROTATION_SCAN,1.9307,-0.6998,0.296,-30.41,0.52,0.18,15.0,-0.0144,0.0373,-0.0003,,,,0.259,,,
74.217,ROTATION_SCAN,1.9337,-0.6994,0.3,-29.5,0.46,0.23,15.0,-0.0092,0.0314,-0.0038,,,,0.259,,,
74.289,ROTATION_SCAN,1.9366,-0.7022,0.299,-28.57,0.55,0.35,15.0,-0.0051,0.0187,0.0069,,,,0.287,,,
74.316,ROTATION_SCAN,1.9387,-0.7044,0.301,-27.71,0.56,0.69,15.0,-0.0052,0.0095,0.0044,,,,0.287,,,
74.389,ROTATION_SCAN,1.9411,-0.7056,0.299,-26.84,0.7,1.05,15.0,-0.0072,0.0043,0.0053,,,,0.341,,,
74.417,ROTATION_SCAN,1.9435,-0.7071,0.299,-26.05,0.46,1.29,15.0,-0.0115,-0.0002,-0.0031,,,,0.341,,,
74.466,ROTATION_SCAN,1.9432,-0.7105,0.297,-25.3,0.3,1.48,15.0,-0.0223,-0.0058,-0.0033,,,,0.425,,,
74.516,ROTATION_SCAN,1.942,-0.7128,0.301,-24.54,0.2,1.6,15.0,-0.0346,-0.0072,-0.0061,,,,0.425,,,
74.577,ROTATION_SCAN,1.941,-0.7149,0.301,-23.82,0.02,1.7,15.0,-0.0456,-0.0065,0.0022,,,,0.481,,,
74.623,ROTATION_SCAN,1.9428,-0.7128,0.302,-23.53,-0.19,1.73,15.0,-0.0484,0.0051,-0.0022,,,,0.481,,,
74.683,ROTATION_SCAN,1.9405,-0.7123,0.3,-22.95,-0.3,1.51,15.0,-0.0597,0.0131,0.0122,0.883,,,,,,
74.719,ROTATION_SCAN,1.9406,-0.7108,0.301,-22.26,-0.25,1.22,15.0,-0.062,0.0213,-0.0004,0.883,,,,,,
74.766,ROTATION_SCAN,1.9401,-0.7087,0.3,-21.5,-0.38,0.9,15.0,-0.0633,0.0289,-0.0032,0.87,,,0.769,,,
74.816,ROTATION_SCAN,1.9381,-0.7061,0.299,-20.71,-0.34,0.8,15.0,-0.0657,0.0368,-0.003,0.87,,,0.769,,,
74.865,ROTATION_SCAN,1.9387,-0.705,0.299,-19.94,-0.2,0.69,15.0,-0.0623,0.0393,-0.0063,0.86,,,1.503,,,
74.936,ROTATION_SCAN,1.9322,-0.701,0.299,-19.15,-0.0,0.6,15.0,-0.0739,0.0466,-0.0032,0.86,,,1.503,,,
74.971,ROTATION_SCAN,1.9324,-0.6998,0.301,-18.33,0.2,0.41,15.0,-0.0696,0.0447,-0.0042,0.851,,,1.568,,,
75.02,ROTATION_SCAN,1.9326,-0.698,0.302,-17.53,0.3,0.17,15.0,-0.0644,0.0426,-0.001,0.851,,,1.568,,,
75.066,ROTATION_SCAN,1.9316,-0.697,0.3,-16.68,0.29,0.08,15.0,-0.0614,0.0378,0.0017,0.854,,,1.591,,,
75.116,ROTATION_SCAN,1.9275,-0.697,0.303,-15.83,0.29,-0.06,15.0,-0.0644,0.0319,-0.0049,0.854,,,1.591,,,
75.166,ROTATION_SCAN,1.9255,-0.6952,0.301,-14.96,0.35,0.01,15.0,-0.0621,0.0297,0.0018,0.852,,,1.584,,,
75.282,ROTATION_SCAN,1.9222,-0.6941,0.3,-14.08,0.43,0.03,15.0,-0.0636,0.026,-0.0046,0.852,,,1.584,,,
75.291,ROTATION_SCAN,1.9224,-0.6956,0.299,-13.19,0.28,-0.15,15.0,-0.0565,0.0167,-0.0083,0.855,,,1.568,,,
75.33,ROTATION_SCAN,1.921,-0.6976,0.3,-12.33,0.2,-0.14,15.0,-0.0526,0.0088,-0.0103,0.855,,,1.568,,,
75.392,ROTATION_SCAN,1.9208,-0.6989,0.298,-11.53,0.13,-0.06,15.0,-0.0468,0.0032,-0.0089,0.859,,,1.559,,,
75.416,ROTATION_SCAN,1.9201,-0.7032,0.299,-10.71,0.01,-0.06,15.0,-0.0431,-0.0073,-0.013,0.859,,,1.559,,,
75.466,ROTATION_SCAN,1.9213,-0.7066,0.299,-9.94,-0.32,0.02,15.0,-0.0356,-0.013,-0.0072,0.864,,,1.543,,,
75.516,ROTATION_SCAN,1.923,-0.7096,0.299,-9.22,-0.49,0.25,15.0,-0.0283,-0.0148,-0.0053,0.864,,,1.543,,,
75.599,ROTATION_SCAN,1.9247,-0.7121,0.299,-8.51,-0.72,0.47,15.0,-0.0239,-0.0135,-0.0043,0.868,0.181,,1.528,,,
75.616,ROTATION_SCAN,1.926,-0.7156,0.299,-7.78,-0.93,0.71,15.0,-0.0225,-0.0126,-0.0018,0.868,0.181,,1.528,,,
75.678,ROTATION_SCAN,1.9276,-0.7185,0.299,-7.06,-1.09,0.83,15.0,-0.0219,-0.0088,-0.0009,0.871,0.155,,1.505,,,
75.72,ROTATION_SCAN,1.9266,-0.7202,0.3,-6.44,-1.15,0.89,-0.0,-0.0275,-0.0018,-0.0009,0.871,0.155,,1.505,,,
75.771,ROTATION_SCAN,1.9265,-0.7198,0.3,-5.86,-1.06,0.78,-0.0,-0.0311,0.0093,-0.0002,0.875,0.147,,1.48,,,
75.817,ROTATION_SCAN,1.9277,-0.7187,0.296,-5.38,-0.68,0.44,-0.0,-0.0296,0.018,-0.0097,0.875,0.147,,1.48,,,
75.876,ROTATION_SCAN,1.9267,-0.717,0.297,-5.02,-0.45,0.29,-0.0,-0.0311,0.0247,-0.0296,0.881,0.142,,1.45,,,
75.916,ROTATION_SCAN,1.9273,-0.7141,0.299,-4.82,-0.24,0.21,-0.0,-0.0286,0.0311,-0.036,0.881,0.142,,1.45,,,
75.973,ROTATION_SCAN,1.9286,-0.7115,0.294,-4.62,0.04,0.09,-0.0,-0.0239,0.0344,-0.0426,0.882,0.143,,1.439,,,
76.015,ROTATION_SCAN,1.9294,-0.7102,0.293,-4.51,0.26,-0.01,-0.0,-0.0201,0.0325,-0.0687,0.882,0.143,,1.439,,,
76.066,ROTATION_SCAN,1.93,-0.7069,0.284,-4.5,0.33,-0.08,-0.0,-0.0167,0.0338,-0.0808,0.883,0.146,,1.433,,,
76.117,ROTATION_SCAN,1.9304,-0.706,0.28,-4.5,0.35,-0.17,-0.0,-0.0132,0.0293,-0.1098,0.883,0.146,,1.433,,,
76.176,ROTATION_SCAN,1.9311,-0.7039,0.272,-4.57,0.36,-0.13,-0.0,-0.0095,0.0277,-0.123,0.883,0.147,,1.431,,,
76.236,ROTATION_SCAN,1.9341,-0.7022,0.266,-4.69,0.46,-0.1,-0.0,-0.0013,0.0252,-0.1401,0.883,0.147,,1.431,,,
76.27,ROTATION_SCAN,1.9389,-0.704,0.262,-4.74,0.61,0.08,-0.0,0.0088,0.0145,-0.1543,0.878,0.153,,1.431,,,
76.316,ROTATION_SCAN,1.9447,-0.7048,0.25,-4.84,0.63,0.14,-0.0,0.0186,0.0065,-0.1572,0.878,0.153,,1.431,,,
76.366,ROTATION_SCAN,1.9471,-0.7093,0.249,-4.9,0.38,0.39,-0.0,0.0195,-0.0078,-0.181,0.876,0.154,,1.434,,,
76.416,ROTATION_SCAN,1.9473,-0.7088,0.235,-5.02,0.14,0.44,-0.0,0.0141,-0.0078,-0.1705,0.876,0.154,,1.434,,,
76.467,ROTATION_SCAN,1.9523,-0.7167,0.231,-5.19,-0.02,0.5,-0.0,0.0197,-0.0242,-0.1937,0.87,0.154,,1.434,,,
76.553,ROTATION_SCAN,1.9548,-0.7186,0.22,-5.4,-0.07,0.67,-0.0,0.0183,-0.0246,-0.1888,0.87,0.154,,1.434,,,
76.572,ROTATION_SCAN,1.9632,-0.7046,0.21,-5.62,-0.35,0.74,-0.0,0.0303,0.0129,-0.1992,0.865,0.151,,1.433,,,
76.623,ROTATION_SCAN,1.9642,-0.7062,0.196,-5.83,-0.35,0.8,-0.0,0.0233,0.0112,-0.2133,0.865,0.151,,1.433,,,
76.667,ROTATION_SCAN,1.9581,-0.7053,0.186,-6.03,-0.15,0.96,-0.0,-0.0012,0.0148,-0.2239,0.863,0.154,,1.445,,,
76.715,ROTATION_SCAN,1.9488,-0.7093,0.175,-6.26,-0.13,0.96,-0.0,-0.0303,0.0057,-0.2245,0.863,0.154,,1.445,,,
76.766,ROTATION_SCAN,1.9553,-0.7122,0.17,-6.42,-0.06,0.37,-0.0,-0.0149,-0.0007,-0.2331,0.858,0.153,,1.449,,,
76.826,ROTATION_SCAN,1.9623,-0.7212,0.154,-6.57,0.01,0.03,-0.0,0.0046,-0.0233,-0.2177,0.858,0.153,,1.449,,,
76.903,ROTATION_SCAN,1.9606,-0.7228,0.14,-6.68,-0.1,0.07,-0.0,-0.001,-0.0241,-0.2312,0.855,0.152,,1.444,,,
76.923,ROTATION_SCAN,1.9735,-0.7262,0.13,-6.74,-0.2,0.08,-0.0,0.0342,-0.0287,-0.2421,0.855,0.152,,1.444,,,
76.987,ROTATION_SCAN,1.9727,-0.7139,0.118,-6.82,-0.55,0.54,-0.0,0.0257,0.0204,-0.2396,0.856,0.148,,1.441,,,
77.016,ROTATION_SCAN,1.9736,-0.7134,0.099,-6.91,-0.49,0.72,-0.0,0.0193,0.0243,-0.2307,0.856,0.148,,1.441,,,
77.068,ROTATION_SCAN,1.9787,-0.7058,0.091,-6.96,-0.11,0.56,0.0,0.031,0.0563,-0.2652,0.856,0.145,,1.431,,,
77.116,ROTATION_SCAN,1.9748,-0.7056,0.065,-7.18,0.59,0.78,0.0,0.0011,0.044,-0.4811,0.856,0.145,,1.431,,,
77.167,ROTATION_SCAN,1.9739,-0.7009,0.027,-7.46,1.19,1.49,0.0,-0.0122,0.057,-0.8223,0.851,0.144,,,,,
77.216,ROTATION_SCAN,1.9738,-0.6823,0.003,-8.12,-0.41,2.86,0.0,-0.0491,0.1996,0.0439,0.851,0.144,,,,,
77.273,ROTATION_SCAN,1.9594,-0.6571,0.019,-12.45,1.11,20.49,0.0,-0.2555,0.324,-0.3586,0.84,0.16,,0.277,,,
77.316,ROTATION_SCAN,1.9358,-0.6536,0.002,-19.76,-0.9,17.5,0.0,-0.3364,0.3655,-0.3276,0.84,0.16,,0.277,,,
77.366,ROTATION_SCAN,1.8925,-0.6862,0.0,-30.32,-0.4,0.73,0.0,-0.2969,0.3001,0.0239,0.877,0.101,,,,,
77.416,ROTATION_SCAN,1.8643,-0.7043,0.008,-35.53,-0.29,-1.25,0.0,-0.1749,0.1893,-0.0917,0.877,0.101,,,,,
77.474,ROTATION_SCAN,1.8549,-0.6996,0.009,-34.92,-0.79,-2.21,0.0,-0.0269,0.1555,-0.0351,,,,,,,
77.537,ROTATION_SCAN,1.8509,-0.6971,0.012,-35.43,-0.66,-2.5,0.0,0.0112,0.1082,0.0006,,,,,,,
