time_s,state,x_m,y_m,z_down_m,yaw_deg,roll_deg,pitch_deg,yaw_ref_deg,vx_ms,vy_ms,vz_ms,range_front_m,range_back_m,range_left_m,range_right_m,range_up_m,target_x_m,target_y_m,frontier_x_m,frontier_y_m
0.276,,0.0,0.0,0.015,0.0,0.0,0.0,0.0,0.0,0.0,0.0,0.69,0.409,,0.219,,,,,
0.28,,-0.0035,0.0003,0.015,0.03,-0.62,0.6,0.0,-0.0031,0.0027,-0.0006,0.689,0.409,,0.222,,,,,
0.284,,-0.0028,-0.0004,0.017,0.03,-0.59,0.57,0.0,-0.0025,0.0026,-0.0011,0.689,0.409,,0.222,,,,,
0.288,,-0.0033,0.0001,0.017,0.04,-0.61,0.59,0.0,-0.0013,0.0034,0.0026,0.691,0.406,,0.214,,,,,
0.294,,-0.0031,0.0003,0.017,0.03,-0.62,0.59,0.0,-0.0049,0.0034,0.0048,0.691,0.406,,0.214,,,,,
0.34,,-0.0049,-0.0006,0.017,0.04,-0.58,0.66,0.0,-0.0024,-0.0012,0.0061,0.688,0.408,2.446,0.217,,,,,
0.38,,-0.0025,-0.0007,0.016,0.04,-0.57,0.56,0.0,-0.0051,0.0025,0.0057,0.688,0.408,2.446,0.217,,,,,
0.429,,-0.0034,0.0003,0.016,0.04,-0.62,0.59,0.0,-0.0052,0.0044,0.003,0.688,0.407,,0.222,,,,,
0.491,,-0.0034,-0.0017,0.016,0.04,-0.53,0.59,0.0,-0.0016,0.0046,0.001,0.688,0.407,,0.222,,,,,
0.529,,-0.0034,-0.0005,0.016,0.04,-0.58,0.59,0.0,-0.0044,-0.0007,-0.0007,0.688,0.408,,0.216,,,,,
0.586,,-0.0041,0.0001,0.016,0.04,-0.61,0.61,0.0,-0.0014,0.0037,-0.0015,0.688,0.408,,0.216,,,,,
0.64,,-0.0035,0.0004,0.017,0.04,-0.61,0.59,0.0,-0.0015,0.0004,-0.0012,0.688,0.407,,0.219,,,,,
0.683,,-0.003,0.0004,0.018,0.04,-0.61,0.57,0.0,-0.0072,-0.0064,0.0014,0.688,0.407,,0.219,,,,,
0.729,,-0.0038,0.0005,0.016,0.04,-0.61,0.61,0.0,-0.0062,-0.0002,0.0054,0.689,0.409,,0.223,,,,,
0.791,,-0.0031,0.0004,0.017,0.04,-0.62,0.57,0.0,-0.0033,0.0003,0.0014,0.689,0.409,,0.223,,,,,
0.845,,-0.0031,-0.0002,0.015,0.04,-0.59,0.58,0.0,-0.0024,0.0015,0.0013,0.686,0.408,,0.218,,,,,
0.884,,-0.0031,-0.0004,0.018,0.05,-0.58,0.58,0.0,-0.0025,0.0025,-0.004,0.686,0.408,,0.218,,,,,
0.93,,-0.0041,-0.0012,0.016,0.05,-0.54,0.62,0.0,-0.0027,0.0017,0.0014,0.69,0.41,,0.223,,,,,
1.01,,-0.0033,-0.0002,0.017,0.05,-0.59,0.59,0.0,-0.003,0.0008,-0.0011,0.69,0.41,,0.223,,,,,
1.039,,-0.0032,-0.0002,0.014,0.05,-0.59,0.57,0.0,-0.0042,0.0054,-0.0008,0.685,0.408,,0.218,,,,,
1.101,,-0.0034,-0.0008,0.016,0.05,-0.56,0.58,0.0,-0.0028,-0.002,-0.0075,0.685,0.408,,0.218,,,,,
1.133,,-0.0032,0.0004,0.017,0.05,-0.63,0.57,0.0,-0.0062,-0.0053,-0.0056,0.685,0.408,,0.218,,,,,
1.18,,-0.0046,0.0004,0.015,0.05,-0.63,0.63,0.0,-0.0054,0.0008,-0.0014,0.685,0.408,,0.218,,,,,
1.229,,-0.0037,-0.0002,0.017,0.05,-0.59,0.58,0.0,-0.0038,0.0046,-0.0045,0.687,0.408,,0.222,,,,,
1.305,,-0.0035,-0.0012,0.015,0.05,-0.54,0.56,0.0,-0.0033,-0.004,-0.0009,0.687,0.408,,0.222,,,,,
1.336,,-0.0037,0.0003,0.017,0.05,-0.62,0.57,0.0,-0.0034,0.0008,-0.0031,0.685,0.406,2.464,0.222,,,,,
1.397,,-0.0033,-0.0001,0.018,0.05,-0.59,0.56,0.0,-0.0012,0.0003,0.0007,0.685,0.406,2.464,0.222,,,,,
1.431,,-0.0044,-0.0005,0.016,0.06,-0.57,0.62,0.0,-0.0049,0.0056,0.0051,0.692,0.408,,0.219,,,,,
1.479,,-0.0038,-0.0012,0.015,0.06,-0.54,0.58,0.0,0.0001,-0.0015,0.0017,0.692,0.408,,0.219,,,,,
1.529,,-0.0045,-0.0012,0.015,0.06,-0.54,0.62,0.0,-0.0077,0.0051,-0.0021,0.69,0.406,,0.218,,,,,
1.601,,-0.0021,-0.0012,0.015,0.06,-0.54,0.5,0.0,-0.0,0.0013,-0.0043,0.69,0.406,,0.218,,,,,
1.64,,-0.0034,-0.0003,0.018,0.06,-0.58,0.57,0.0,-0.0047,0.0012,-0.0053,0.69,0.409,,0.221,,,,,
1.7,,-0.004,-0.0012,0.017,0.06,-0.54,0.59,0.0,-0.0024,0.0043,0.0021,0.69,0.409,,0.221,,,,,
1.736,,-0.0037,0.0007,0.016,0.06,-0.62,0.58,0.0,-0.0022,0.0023,0.003,0.686,0.408,,0.215,,,,,
1.779,,-0.0032,0.0004,0.017,0.06,-0.61,0.55,0.0,-0.001,0.0007,0.001,0.686,0.408,,0.215,,,,,
1.831,,-0.0039,0.0006,0.016,0.06,-0.61,0.59,0.0,-0.0009,0.001,0.0016,0.685,0.408,,0.221,,,,,
1.895,,-0.0037,0.0007,0.018,0.06,-0.61,0.59,0.0,-0.006,0.0004,-0.0001,0.685,0.408,,0.221,,,,,
1.943,,-0.0038,0.0008,0.016,0.06,-0.61,0.59,0.0,-0.004,-0.0015,0.0036,0.688,0.411,,0.219,,,,,
2.002,,-0.0036,0.0008,0.015,0.06,-0.61,0.57,0.0,-0.0026,0.0037,0.0008,0.688,0.411,,0.219,,,,,
2.033,,-0.0033,0.0,0.015,0.06,-0.57,0.57,0.0,-0.0035,-0.0055,-0.0034,0.684,0.409,,0.219,,,,,
2.08,,-0.0047,0.0007,0.017,0.06,-0.6,0.62,0.0,-0.0019,-0.0023,-0.0054,0.684,0.409,,0.219,,,,,
2.13,,-0.0038,-0.0004,0.016,0.06,-0.55,0.58,0.0,-0.001,0.0016,-0.0017,0.686,0.408,,0.221,,,,,
2.19,,-0.0034,0.0007,0.017,0.06,-0.59,0.57,0.0,-0.0016,0.0013,-0.0015,0.686,0.408,,0.221,,,,,
2.245,,-0.0044,-0.0002,0.016,0.06,-0.55,0.62,0.0,-0.0031,0.0039,0.0006,0.688,0.408,2.471,0.212,,,,,
2.282,,-0.0048,0.0008,0.016,0.06,-0.6,0.63,0.0,-0.0052,-0.0027,-0.0005,0.688,0.408,2.471,0.212,,,,,
2.329,,-0.0044,0.0008,0.016,0.06,-0.6,0.61,0.0,-0.005,-0.0009,-0.0007,0.687,0.408,,0.218,,,,,
2.38,,-0.0048,-0.001,0.015,0.06,-0.53,0.61,0.0,-0.0049,0.0001,-0.0013,0.687,0.408,,0.218,,,,,
2.43,,-0.0037,0.0003,0.018,0.06,-0.59,0.56,0.0,-0.0023,0.0026,-0.004,0.689,0.408,,0.22,,,,,
2.484,,-0.0038,0.0008,0.018,0.06,-0.61,0.57,0.0,-0.0034,0.0045,0.0015,0.689,0.408,,0.22,,,,,
2.547,,-0.004,0.0009,0.017,0.06,-0.6,0.57,0.0,-0.0025,0.0018,0.004,0.687,0.408,,0.22,,,,,
2.587,,-0.0049,-0.001,0.016,0.07,-0.53,0.61,0.0,-0.0021,0.0009,0.0036,0.687,0.408,,0.22,,,,,
2.629,,-0.0036,-0.0,0.017,0.07,-0.57,0.55,0.0,-0.0055,0.0045,-0.0001,0.688,0.408,,0.223,,,,,
2.681,,-0.0045,-0.001,0.014,0.07,-0.53,0.58,0.0,-0.0054,-0.0018,-0.0,0.688,0.408,,0.223,,,,,
2.748,,-0.0039,0.0009,0.014,0.07,-0.61,0.55,0.0,-0.0056,-0.0049,-0.0066,0.688,0.407,,0.222,,,,,
2.798,,-0.0045,0.0009,0.017,0.07,-0.61,0.58,0.0,-0.0013,0.0009,-0.01,0.688,0.407,,0.222,,,,,
2.835,,-0.0043,0.0009,0.019,0.07,-0.61,0.57,0.0,-0.0038,0.0046,-0.0039,0.688,0.408,,0.219,,,,,
2.894,,-0.0037,0.0002,0.016,0.07,-0.58,0.54,0.0,-0.0031,0.0004,0.004,0.688,0.408,,0.219,,,,,
2.928,,-0.0046,0.0,0.016,0.07,-0.57,0.58,0.0,-0.0038,0.0046,0.0019,0.688,0.406,,0.219,,,,,
2.979,,-0.0039,0.0,0.018,0.07,-0.57,0.55,0.0,-0.0037,-0.0001,0.0002,0.688,0.406,,0.219,,,,,
3.064,,-0.004,-0.0002,0.014,0.07,-0.57,0.55,0.0,-0.0035,-0.0051,0.0036,0.689,0.407,2.462,0.22,,,,,
3.078,,-0.004,0.0007,0.016,0.07,-0.6,0.56,0.0,-0.0012,-0.0016,-0.0036,0.689,0.407,2.462,0.22,,,,,
3.131,,-0.004,0.0007,0.016,0.07,-0.61,0.56,0.0,-0.0025,0.0043,-0.0034,0.685,0.409,,0.22,,,,,
3.182,,-0.005,0.0003,0.016,0.07,-0.58,0.61,0.0,-0.0036,0.0031,-0.0027,0.685,0.409,,0.22,,,,,
3.229,,-0.0038,0.0009,0.016,0.07,-0.61,0.56,0.0,-0.0004,0.0014,-0.0027,0.685,0.408,,0.225,,,,,
3.279,,-0.0003,-0.0,0.015,-0.0,-0.02,0.12,0.0,-0.0022,-0.0045,-0.0003,0.685,0.408,,0.225,,,,,
3.359,,-0.0003,-0.0007,0.016,0.0,0.17,0.11,0.0,0.0066,-0.0064,-0.0009,0.685,0.405,2.459,0.218,,,,,
3.407,,0.0004,-0.0001,0.018,-0.0,-0.3,-0.1,0.0,0.0033,-0.0087,-0.0003,0.685,0.405,2.459,0.218,,,,,
3.433,,-0.0001,0.0001,0.016,0.0,-0.43,0.2,0.0,0.0038,-0.001,0.004,0.685,0.408,,0.219,,,,,
3.5,,-0.0006,0.0001,0.017,0.0,-0.45,0.37,0.0,0.0049,-0.0006,0.0019,0.685,0.408,,0.219,,,,,
3.528,,-0.0002,0.0001,0.017,0.0,-0.47,0.32,0.0,0.0051,-0.0003,0.0026,0.689,0.408,,0.223,,,,,
3.579,,0.0003,-0.0001,0.017,0.0,-0.45,0.29,0.0,0.0062,0.0002,0.0027,0.689,0.408,,0.223,,,,,
3.654,,0.0008,-0.0012,0.013,0.01,-0.34,0.28,0.0,0.0051,-0.0015,0.0023,0.687,0.407,,0.221,,,,,
3.695,,0.0003,0.0002,0.015,0.01,-0.52,0.37,0.0,0.0006,-0.0083,-0.008,0.687,0.407,,0.221,,,,,
3.746,,-0.0007,-0.0006,0.017,0.01,-0.45,0.49,0.0,0.0056,-0.0068,-0.0086,0.687,0.406,,0.22,,,,,
3.785,,0.0009,-0.0003,0.015,0.01,-0.5,0.39,0.0,0.0025,0.0008,-0.0036,0.687,0.406,,0.22,,,,,
3.828,,-0.0005,0.0003,0.015,0.01,-0.54,0.51,0.0,0.0045,-0.0049,-0.0046,0.689,0.408,2.464,0.218,,,,,
3.879,,0.0002,-0.0005,0.015,0.01,-0.5,0.47,0.0,0.003,-0.0033,-0.005,0.689,0.408,2.464,0.218,,,,,
3.95,,-0.0006,-0.001,0.016,0.01,-0.48,0.54,0.0,-0.0007,0.0005,-0.0048,0.689,0.409,2.44,0.219,,,,,
4.002,,0.0002,0.0003,0.016,0.01,-0.57,0.5,0.0,0.0018,-0.0021,-0.0012,0.689,0.409,2.44,0.219,,,,,
4.033,,-0.0006,0.0003,0.016,0.01,-0.57,0.55,0.0,-0.0013,0.0021,0.0004,0.685,0.408,,0.22,,,,,
4.092,,0.0001,0.0004,0.015,0.01,-0.56,0.52,0.0,-0.0005,0.0017,0.0014,0.685,0.408,,0.22,,,,,
4.128,,-0.0023,-0.0024,0.017,0.01,-0.43,0.64,0.0,-0.0052,-0.0001,-0.0002,0.684,0.406,2.466,0.219,,,,,
4.18,,0.0004,-0.0007,0.015,0.01,-0.52,0.52,0.0,0.0001,-0.0039,0.0033,0.684,0.406,2.466,0.219,,,,,
4.251,,-0.0005,-0.0007,0.015,0.01,-0.53,0.57,0.0,-0.0028,-0.0034,0.0008,0.689,0.407,,0.225,,,,,
4.297,,-0.0005,-0.0013,0.015,0.01,-0.52,0.56,0.0,-0.0019,-0.0018,-0.0008,0.689,0.407,,0.225,,,,,
4.332,,-0.0008,-0.0004,0.015,0.02,-0.56,0.58,0.0,-0.0018,0.0029,-0.0019,0.687,0.41,,0.218,,,,,
4.395,,-0.0002,-0.0009,0.017,0.02,-0.54,0.57,0.0,0.0004,-0.0012,-0.0025,0.687,0.41,,0.218,,,,,
4.428,,0.0003,0.0004,0.015,0.02,-0.6,0.56,0.0,-0.0032,-0.0057,0.0013,0.685,0.411,,0.218,,,,,
4.479,,0.0003,0.0004,0.014,0.02,-0.6,0.56,0.0,0.0005,0.0041,-0.0013,0.685,0.411,,0.218,,,,,
4.547,,0.0,0.0003,0.016,0.02,-0.59,0.57,0.0,-0.0012,0.0041,-0.0056,0.686,0.409,,0.22,,,,,
4.58,,-0.0007,-0.0006,0.015,0.02,-0.55,0.61,0.0,-0.0047,-0.0007,-0.0028,0.686,0.409,,0.22,,,,,
4.64,,-0.0003,0.0004,0.016,0.02,-0.6,0.6,0.0,-0.0028,0.0047,-0.0032,0.688,0.407,,0.223,,,,,
4.689,,-0.0003,0.0004,0.015,0.02,-0.6,0.6,0.0,-0.0037,0.0048,-0.0002,0.688,0.407,,0.223,,,,,
4.728,,0.0004,0.0003,0.016,0.02,-0.6,0.57,0.0,-0.0002,0.0043,-0.001,0.688,0.409,2.444,0.221,,,,,
4.778,,-0.0005,-0.0015,0.014,0.02,-0.52,0.6,0.0,-0.0047,-0.0049,0.0009,0.688,0.409,2.444,0.221,,,,,
4.841,,-0.0003,-0.0006,0.016,0.02,-0.56,0.59,0.0,-0.0038,0.0004,-0.0022,0.685,0.408,,0.221,,,,,
4.89,,-0.0001,-0.0003,0.015,0.02,-0.57,0.58,0.0,-0.0026,0.0011,0.0004,0.685,0.408,,0.221,,,,,
4.947,,-0.0005,-0.0003,0.015,0.02,-0.56,0.59,0.0,-0.0047,0.0007,0.0,0.686,0.406,,0.222,,,,,
4.984,,-0.0001,-0.0007,0.016,0.02,-0.55,0.58,0.0,-0.0027,-0.0008,-0.0004,0.686,0.406,,0.222,,,,,
5.038,,-0.0005,-0.0007,0.015,0.02,-0.56,0.6,0.0,-0.0046,-0.0006,0.0012,0.686,0.408,,0.224,,,,,
5.078,,-0.0008,0.0001,0.014,0.02,-0.59,0.61,0.0,-0.0018,0.0012,-0.0004,0.686,0.408,,0.224,,,,,
5.136,,-0.0004,0.0003,0.015,0.02,-0.6,0.59,0.0,-0.0034,-0.0049,-0.0032,0.688,0.41,,0.225,,,,,
5.195,,-0.0006,-0.0003,0.017,0.02,-0.57,0.6,0.0,-0.0045,-0.0002,-0.0026,0.688,0.41,,0.225,,,,,
5.229,,-0.0003,0.0003,0.016,0.02,-0.6,0.59,0.0,-0.0035,-0.0013,0.0025,0.688,0.408,,0.217,,,,,
5.278,,-0.0001,0.0003,0.015,0.02,-0.59,0.58,0.0,-0.0078,-0.0002,0.0028,0.688,0.408,,0.217,,,,,
5.328,,0.0017,-0.0005,0.013,0.02,-0.56,0.5,0.0,0.0148,0.0033,0.0006,0.682,0.408,,0.221,,,,,
5.408,,0.0013,0.0003,0.018,0.03,-0.59,0.55,0.0,0.0087,0.0079,-0.0053,0.682,0.408,,0.221,,,,,
5.435,,0.0022,-0.0004,0.016,0.03,-0.55,0.53,0.0,0.0071,0.0076,0.0023,0.686,0.408,,0.222,,,,,
5.493,,0.0013,0.0004,0.015,0.03,-0.58,0.59,0.0,0.01,0.0024,0.0024,0.686,0.408,,0.222,,,,,
5.534,,0.0031,-0.0002,0.016,0.03,-0.56,0.53,0.0,0.0068,0.0023,-0.0,0.689,0.405,,0.219,,,,,
5.578,,0.0013,0.0004,0.016,0.03,-0.58,0.62,0.0,0.0006,-0.002,0.0006,0.689,0.405,,0.219,,,,,
5.628,,0.0025,-0.0004,0.016,0.03,-0.55,0.58,0.0,-0.0008,-0.0014,0.0008,0.685,0.409,,0.218,,,,,
5.704,,0.0021,-0.0002,0.015,0.03,-0.56,0.6,0.0,0.0058,0.0082,0.0005,0.685,0.409,,0.218,,,,,
5.735,,0.0023,-0.0004,0.016,0.03,-0.55,0.61,0.0,-0.0003,-0.0017,-0.002,0.685,0.411,,0.22,,,,,
5.791,,0.0021,-0.0004,0.013,0.03,-0.55,0.63,0.0,0.0011,0.0034,-0.0015,0.685,0.411,,0.22,,,,,
5.832,,0.0019,0.0005,0.014,0.03,-0.59,0.64,0.0,-0.0007,0.0077,-0.0076,0.686,0.406,,0.224,,,,,
5.878,,0.0016,0.0005,0.015,0.03,-0.59,0.65,0.0,0.0004,-0.0025,-0.008,0.686,0.406,,0.224,,,,,
5.928,,0.0025,-0.0004,0.014,0.03,-0.55,0.62,0.0,-0.0013,-0.002,-0.0053,0.689,0.411,,0.222,,,,,
5.998,,0.0011,0.0005,0.016,0.04,-0.59,0.67,0.0,-0.0025,0.0043,-0.0052,0.689,0.411,,0.222,,,,,
6.031,,0.0015,-0.0001,0.017,0.04,-0.56,0.65,0.0,0.0022,-0.0014,0.0003,0.688,0.408,,0.222,,,,,
6.085,,0.0017,-0.0001,0.015,0.04,-0.56,0.64,0.0,-0.0055,0.0072,0.0057,0.688,0.408,,0.222,,,,,
6.131,,0.0017,0.0006,0.016,0.04,-0.59,0.65,0.0,-0.0068,-0.0014,0.0025,0.687,0.407,,0.22,,,,,
6.178,,0.001,0.0003,0.016,0.04,-0.58,0.67,0.0,-0.0093,-0.0024,0.0031,0.687,0.407,,0.22,,,,,
6.228,,0.0019,0.0004,0.018,0.04,-0.59,0.63,0.0,0.0004,0.0017,0.003,0.69,0.406,,0.221,,,,,
6.294,,0.001,0.0006,0.016,0.05,-0.6,0.67,0.0,-0.0011,0.0035,0.0073,0.69,0.406,,0.221,,,,,
6.344,,0.0022,-0.0,0.014,0.05,-0.57,0.6,0.0,-0.0024,0.0081,0.0046,0.686,0.406,,0.22,,,,,
6.405,,0.0008,0.0006,0.014,0.05,-0.59,0.66,0.0,-0.0024,-0.0023,-0.0027,0.686,0.406,,0.22,,,,,
6.433,,0.0026,0.0006,0.019,0.05,-0.59,0.57,0.0,-0.0019,-0.0009,-0.0061,0.684,0.409,,0.223,,,,,
6.478,,0.001,0.0007,0.015,0.05,-0.6,0.64,0.0,-0.0018,0.008,0.0041,0.684,0.409,,0.223,,,,,
6.528,,0.0023,0.0002,0.014,0.04,-0.58,0.58,0.0,-0.007,-0.0005,0.0001,0.689,0.406,,0.221,,,,,
6.587,,0.0021,-0.0003,0.017,0.04,-0.55,0.57,0.0,-0.0024,-0.0018,-0.0045,0.689,0.406,,0.221,,,,,
6.646,,0.0017,0.0016,0.014,0.04,-0.63,0.6,0.0,-0.0016,-0.0019,-0.0001,0.69,0.408,,0.219,,,,,
6.681,,0.0016,0.0005,0.015,0.04,-0.58,0.61,0.0,0.0014,-0.0014,-0.0045,0.69,0.408,,0.219,,,,,
6.727,,0.0009,-0.0002,0.016,0.04,-0.54,0.65,0.0,-0.0,0.002,-0.0041,0.688,0.411,,0.222,,,,,
6.778,,0.0016,0.0011,0.014,0.05,-0.6,0.63,0.0,-0.0079,-0.0012,-0.0009,0.688,0.411,,0.222,,,,,
6.827,,0.0021,-0.0002,0.016,0.05,-0.54,0.61,0.0,0.0005,0.0013,-0.0034,0.686,0.408,,0.223,,,,,
6.89,,0.0002,0.0003,0.016,0.05,-0.56,0.69,0.0,-0.0023,0.0015,-0.0006,0.686,0.408,,0.223,,,,,
6.935,,0.0013,0.0001,0.017,0.05,-0.54,0.65,-0.0,0.0048,0.0023,0.0016,0.684,0.407,,0.223,,,,,
6.991,,0.0003,0.0005,0.014,0.04,-0.57,0.68,-0.0,0.0008,0.0016,0.0062,0.684,0.407,,0.223,,,,,
7.028,,0.0036,-0.0004,0.015,-0.01,-0.53,0.64,-0.0,-0.0086,0.0055,-0.0013,0.686,0.41,,0.226,,,,,
7.077,,-0.0002,-0.0009,0.01,-0.04,-0.4,0.85,-0.0,-0.0075,-0.003,0.0029,0.686,0.41,,0.226,,,,,
7.128,,0.0015,-0.0048,0.003,-0.14,0.12,0.6,-0.0,-0.0145,-0.0141,0.0038,0.685,0.408,,0.218,,,,,
7.184,,0.0001,-0.0149,0.0,-0.21,0.43,0.25,-0.0,-0.0387,-0.0733,0.018,0.685,0.408,,0.218,,,,,
7.245,,-0.0059,-0.0181,0.0,-0.18,-0.28,0.51,-0.0,-0.061,-0.0965,0.0495,0.684,0.418,,,,,,,
7.281,,-0.0142,-0.0355,0.009,-0.2,0.12,0.11,-0.0,-0.0778,-0.1159,0.0802,0.684,0.418,,,,,,,
7.328,,-0.0148,-0.0346,0.024,-0.31,-1.02,-0.36,-0.0,-0.0626,-0.072,0.1161,0.685,0.424,,1.38,,,,,
7.378,,-0.0191,-0.0294,0.045,-0.49,-1.62,-0.66,-0.0,-0.0457,-0.0458,0.1618,0.685,0.424,,1.38,,,,,
7.428,,-0.018,-0.0293,0.056,-0.69,-1.54,-1.12,-0.0,-0.0305,-0.0043,0.2054,0.682,0.431,,1.391,,,,,
7.482,,-0.013,-0.0277,0.073,-0.84,-1.13,-1.53,-0.0,0.0074,0.0095,0.2103,0.682,0.431,,1.391,,,,,
7.564,,-0.0139,-0.0307,0.084,-0.93,-0.47,-0.88,-0.0,0.0168,-0.0001,0.2322,0.676,,,1.395,,,,,
7.584,,-0.0166,-0.0302,0.096,-1.03,-0.26,-0.24,-0.0,0.0086,-0.0038,0.2261,0.676,,,1.395,,,,,
7.637,,-0.019,-0.0318,0.105,-1.14,-0.07,-0.03,-0.0,-0.0069,-0.0012,0.2291,0.674,,,1.406,,,,,
7.677,,-0.0147,-0.031,0.12,-1.24,-0.26,-0.17,-0.0,0.0172,0.0069,0.2157,0.674,,,1.406,,,,,
7.768,,-0.0103,-0.0292,0.13,-1.31,-0.18,-0.32,-0.0,0.0386,0.0117,0.2246,0.668,,,1.404,,,,,
7.781,,-0.0046,-0.029,0.132,-1.41,-0.08,-0.21,-0.0,0.0518,0.0127,0.2249,0.668,,,1.404,,,,,
7.829,,0.0018,-0.028,0.141,-1.49,-0.1,-0.05,-0.0,0.0697,0.014,0.2104,0.66,,,1.41,,,,,
7.881,,0.0075,-0.0276,0.15,-1.57,0.05,0.29,-0.0,0.0825,0.0126,0.2204,0.66,,,1.41,,,,,
7.94,,0.0132,-0.0274,0.16,-1.7,0.19,0.6,-0.0,0.088,0.0121,0.2239,0.65,,,1.413,,,,,
7.976,,0.0194,-0.0274,0.176,-1.81,0.3,0.98,-0.0,0.0849,0.0065,0.2294,0.65,,,1.413,,,,,
8.059,,0.0246,-0.0285,0.185,-1.94,0.34,1.33,-0.0,0.081,-0.0016,0.2408,0.63,,2.383,1.413,,,,,
8.078,,0.0279,-0.03,0.199,-2.08,0.47,1.5,-0.0,0.0715,-0.011,0.2369,0.63,,2.383,1.413,,,,,
8.14,,0.0329,-0.0318,0.211,-2.15,0.35,1.44,-0.0,0.0624,-0.0188,0.2381,0.625,,2.383,1.413,,,,,
8.192,,0.0371,-0.0329,0.227,-2.15,0.11,1.37,-0.0,0.0543,-0.0226,0.237,0.625,,2.383,1.413,,,,,
8.227,,0.0394,-0.035,0.234,-2.11,-0.04,1.24,-0.0,0.0423,-0.0249,0.2359,0.617,,2.386,1.41,,,,,
8.278,,0.0413,-0.038,0.247,-2.08,-0.15,1.13,-0.0,0.0337,-0.0279,0.2165,0.617,,2.386,1.41,,,,,
8.365,,0.043,-0.0398,0.255,-1.99,-0.23,1.05,-0.0,0.0252,-0.028,0.2058,0.609,,2.375,1.405,,,,,
8.384,,0.0455,-0.0406,0.266,-1.92,-0.22,1.02,-0.0,0.022,-0.0239,0.1921,0.609,,2.375,1.405,,,,,
8.455,,0.051,-0.0375,0.271,-1.85,-0.4,0.79,-0.0,0.0264,-0.0104,0.1816,0.604,,2.409,1.395,3.779,,,,
8.484,,0.0515,-0.0395,0.281,-1.77,-0.31,0.7,-0.0,0.021,-0.0107,0.1589,0.604,,2.409,1.395,3.779,,,,
8.535,,0.0536,-0.04,0.287,-1.67,-0.24,0.55,-0.0,0.0143,-0.0133,0.1492,0.602,,2.406,1.395,,,,,
8.577,,0.0513,-0.0447,0.295,-1.57,-0.17,0.49,-0.0,0.005,-0.0185,0.1391,0.602,,2.406,1.395,,,,,
8.652,,0.0516,-0.0468,0.301,-1.49,-0.28,0.3,-0.0,0.0035,-0.0187,0.129,0.599,,2.378,1.391,,,,,
8.685,,0.052,-0.0495,0.308,-1.4,-0.24,0.16,-0.0,-0.0006,-0.0235,0.1196,0.599,,2.378,1.391,,,,,
8.733,,0.0488,-0.0554,0.314,-1.39,-0.25,0.01,-0.0,-0.008,-0.0312,0.1106,0.597,,2.37,1.386,,,,,
8.796,,0.0493,-0.0577,0.32,-1.44,-0.38,-0.12,-0.0,-0.0034,-0.0298,0.1011,0.597,,2.37,1.386,,,,,
8.827,,0.05,-0.0609,0.324,-1.43,-0.44,-0.15,-0.0,-0.0016,-0.0352,0.0931,0.596,,2.4,1.378,,,,,
8.878,,0.0506,-0.0652,0.33,-1.44,-0.49,-0.27,-0.0,-0.0025,-0.0362,0.0801,0.596,,2.4,1.378,,,,,
8.952,,0.0508,-0.0686,0.331,-1.45,-0.51,-0.33,-0.0,0.0037,-0.0336,0.0729,0.591,,2.378,1.379,,,,,
8.997,,0.0528,-0.0713,0.338,-1.43,-0.56,-0.28,-0.0,0.0115,-0.0307,0.0586,0.591,,2.378,1.379,,,,,
9.051,,0.0522,-0.0758,0.338,-1.44,-0.55,-0.18,-0.0,0.0123,-0.0352,0.055,0.589,,2.4,1.378,,,,,
9.103,,0.0541,-0.0797,0.339,-1.39,-0.5,0.06,-0.0,0.0157,-0.0334,0.0417,0.589,,2.4,1.378,,,,,
9.151,,0.0574,-0.0803,0.342,-1.35,-0.5,0.26,-0.0,0.0174,-0.0276,0.0282,0.584,,,1.371,,,,,
9.177,,0.0606,-0.0824,0.341,-1.26,-0.45,0.44,-0.0,0.0206,-0.0263,0.0264,0.584,,,1.371,,,,,
9.227,,0.062,-0.0852,0.347,-1.17,-0.4,0.4,-0.0,0.0169,-0.0244,0.0153,0.578,,2.39,1.369,,,,,
9.278,,0.0651,-0.0851,0.345,-1.03,-0.48,0.37,-0.0,0.0182,-0.0183,0.0208,0.578,,2.39,1.369,,,,,
9.346,ROTATION_SCAN,0.0679,-0.0856,0.348,-0.98,-0.53,0.44,-0.0,0.0189,-0.0132,0.0104,0.574,,2.379,1.366,,,,,
9.377,ROTATION_SCAN,0.0711,-0.0862,0.345,-0.94,-0.44,0.51,-0.0,0.0197,-0.0091,0.0099,0.574,,2.379,1.366,,,,,
9.428,ROTATION_SCAN,0.0767,-0.0864,0.345,-1.0,-0.4,0.52,15.0,0.0238,-0.0052,-0.0035,0.571,,2.393,1.362,,,,,
9.485,ROTATION_SCAN,0.0814,-0.0856,0.344,-0.94,-0.35,0.56,15.0,0.0269,-0.0007,-0.009,0.571,,2.393,1.362,,,,,
9.555,ROTATION_SCAN,0.0839,-0.0865,0.342,-0.78,-0.39,0.58,15.0,0.022,0.0031,-0.0107,0.567,,2.388,1.369,,,,,
9.59,ROTATION_SCAN,0.0862,-0.0842,0.341,-0.54,-0.33,0.69,15.0,0.0207,0.0074,-0.0161,0.567,,2.388,1.369,,,,,
9.645,ROTATION_SCAN,0.0885,-0.0857,0.342,-0.14,-0.23,0.82,15.0,0.0194,0.0111,-0.0173,0.567,,2.391,1.368,,,,,
9.68,ROTATION_SCAN,0.0917,-0.0821,0.343,0.4,-0.09,0.96,15.0,0.0119,0.0153,-0.0101,0.567,,2.391,1.368,,,,,
9.745,ROTATION_SCAN,0.0931,-0.0794,0.344,1.05,0.02,0.94,15.0,0.006,0.0177,-0.0081,0.57,,2.397,1.374,,,,,
9.782,ROTATION_SCAN,0.0944,-0.0786,0.345,1.83,0.17,1.03,15.0,0.0014,0.016,-0.0046,0.57,,2.397,1.374,,,,,
9.874,ROTATION_SCAN,0.0949,-0.0775,0.345,2.7,0.21,1.1,15.0,-0.0076,0.0162,-0.0013,0.577,,2.38,1.377,,,,,
9.883,ROTATION_SCAN,0.095,-0.0713,0.34,3.71,0.42,1.06,15.0,-0.016,0.0217,-0.0034,0.577,,2.38,1.377,,,,,
9.946,ROTATION_SCAN,0.094,-0.0703,0.342,4.73,0.47,1.02,15.0,-0.0248,0.0174,-0.0161,0.588,,2.392,1.379,,,,,
9.978,ROTATION_SCAN,0.0931,-0.0683,0.343,5.79,0.55,0.93,15.0,-0.0319,0.0141,-0.0095,0.588,,2.392,1.379,,,,,
10.036,ROTATION_SCAN,0.0901,-0.0686,0.34,6.76,0.53,0.91,15.0,-0.0428,0.0057,-0.0065,0.613,,2.382,1.372,,,,,
10.079,ROTATION_SCAN,0.0885,-0.0668,0.338,7.76,0.55,0.68,15.0,-0.0468,0.0044,-0.0132,0.613,,2.382,1.372,,,,,
10.139,ROTATION_SCAN,0.0904,-0.0711,0.339,8.67,0.59,0.51,15.0,-0.0438,-0.0083,-0.0147,0.671,,2.386,1.39,,,,,
10.223,ROTATION_SCAN,0.0815,-0.0791,0.343,9.53,0.49,0.4,15.0,-0.0579,-0.0264,-0.0108,0.671,,2.386,1.39,,,,,
10.228,ROTATION_SCAN,0.0796,-0.084,0.341,10.39,0.4,0.23,15.0,-0.0584,-0.0366,0.0006,0.765,,2.351,1.391,,,,,
10.306,ROTATION_SCAN,0.0753,-0.0844,0.342,11.21,0.16,0.05,15.0,-0.0613,-0.0368,-0.006,0.765,,2.351,1.391,,,,,
10.357,ROTATION_SCAN,0.0756,-0.0916,0.341,12.02,-0.07,-0.26,15.0,-0.0548,-0.0461,-0.0071,,,2.266,1.417,,,,,
10.399,ROTATION_SCAN,0.073,-0.0948,0.34,12.84,-0.24,-0.48,15.0,-0.052,-0.0457,-0.011,,,2.266,1.417,,,,,
10.437,ROTATION_SCAN,0.0739,-0.0992,0.337,13.64,-0.48,-0.68,15.0,-0.0422,-0.0453,-0.0132,2.055,,,1.413,,,,,
10.478,ROTATION_SCAN,0.0729,-0.1004,0.337,14.39,-0.68,-0.79,15.0,-0.0357,-0.0373,-0.0216,2.055,,,1.413,,,,,
10.534,ROTATION_SCAN,0.0726,-0.1047,0.335,15.2,-0.73,-0.75,15.0,-0.0283,-0.0344,-0.0213,2.084,,,,,,,,
10.599,ROTATION_SCAN,0.0727,-0.1076,0.334,15.98,-0.87,-0.89,15.0,-0.021,-0.0282,-0.0217,2.084,,,,,,,,
10.631,ROTATION_SCAN,0.0736,-0.1082,0.332,16.77,-0.99,-0.79,15.0,-0.013,-0.0176,-0.0219,,,,,,,,,
10.693,ROTATION_SCAN,0.0791,-0.1074,0.334,17.49,-1.13,-0.71,15.0,0.001,-0.0046,-0.0226,,,,,,,,,
10.731,ROTATION_SCAN,0.0884,-0.1021,0.333,18.23,-1.09,-0.46,15.0,0.019,0.0157,-0.0131,,,,,,,,,
10.778,ROTATION_SCAN,0.0909,-0.0995,0.334,19.04,-0.96,-0.14,15.0,0.0216,0.028,-0.011,,,,,,,,,
10.837,ROTATION_SCAN,0.0969,-0.0952,0.329,19.92,-0.82,0.11,15.0,0.0279,0.0401,-0.0072,,,,,,,,,
10.892,ROTATION_SCAN,0.1004,-0.09,0.331,20.85,-0.6,0.64,15.0,0.0278,0.05,-0.0178,,,,,,,,,
10.948,ROTATION_SCAN,0.1069,-0.0857,0.332,21.79,-0.48,1.05,15.0,0.0283,0.0539,-0.0081,,2.285,,,,,,,
10.988,ROTATION_SCAN,0.1129,-0.081,0.332,22.67,-0.27,1.35,15.0,0.0239,0.0561,-0.0027,,2.285,,,,,,,
11.029,ROTATION_SCAN,0.1141,-0.078,0.332,23.56,-0.08,1.74,15.0,0.0128,0.053,-0.003,,,,,,,,,
11.077,ROTATION_SCAN,0.1176,-0.0715,0.333,24.48,0.02,1.84,15.0,0.0062,0.0553,-0.0041,,,,,,,,,
11.164,ROTATION_SCAN,0.1205,-0.0659,0.332,25.39,0.06,1.85,15.0,-0.0042,0.053,-0.0004,,,1.091,,,,,,
11.177,ROTATION_SCAN,0.1232,-0.0627,0.331,26.31,0.21,1.99,15.0,-0.0122,0.0483,-0.0066,,,1.091,,,,,,
11.233,ROTATION_SCAN,0.1243,-0.0576,0.332,27.22,0.35,2.0,15.0,-0.0208,0.042,-0.0101,,,1.09,,,,,,
11.308,ROTATION_SCAN,0.124,-0.0543,0.328,28.11,0.48,1.91,15.0,-0.0321,0.0336,-0.0079,,,1.09,,,,,,
11.342,ROTATION_SCAN,0.1264,-0.0533,0.328,28.98,0.64,1.86,15.0,-0.0353,0.026,-0.0162,,,,,,,,,
11.391,ROTATION_SCAN,0.1266,-0.0497,0.327,29.88,0.69,1.78,15.0,-0.0416,0.0177,-0.0138,,,,,,,,,
11.436,ROTATION_SCAN,0.125,-0.0476,0.325,30.74,0.69,1.59,15.0,-0.0502,0.0072,-0.0139,,,1.078,,,,,,
11.477,ROTATION_SCAN,0.1236,-0.0471,0.325,31.58,0.64,1.35,15.0,-0.0536,0.0018,-0.0144,,,1.078,,,,,,
11.534,ROTATION_SCAN,0.123,-0.0453,0.325,32.34,0.49,1.1,15.0,-0.0581,-0.0103,-0.014,,,,,,,,,
11.608,ROTATION_SCAN,0.1225,-0.0468,0.321,33.07,0.47,1.0,15.0,-0.0567,-0.0189,-0.009,,,,,,,,,
11.638,ROTATION_SCAN,0.123,-0.0489,0.324,33.74,0.33,0.85,15.0,-0.0537,-0.0284,-0.0171,,,1.099,,,,,,
11.691,ROTATION_SCAN,0.1207,-0.0514,0.326,34.43,0.27,0.79,15.0,-0.0531,-0.0388,-0.0032,,,1.099,,,,,,
11.731,ROTATION_SCAN,0.125,-0.0522,0.33,35.13,0.17,0.65,15.0,-0.0452,-0.0392,0.0048,,,1.118,,,,,,
11.777,ROTATION_SCAN,0.1252,-0.0542,0.327,35.9,0.16,0.6,15.0,-0.043,-0.0431,0.0121,,,1.118,,,,,,
11.828,ROTATION_SCAN,0.1265,-0.0572,0.328,36.66,0.02,0.58,15.0,-0.0364,-0.0475,0.0051,,,1.111,,,,,,
11.907,ROTATION_SCAN,0.1289,-0.0591,0.326,37.44,-0.25,0.41,15.0,-0.0327,-0.0492,0.0011,,,1.111,,,,,,
11.929,ROTATION_SCAN,0.131,-0.0621,0.328,38.17,-0.5,0.42,15.0,-0.0245,-0.0501,-0.0053,,,,,,,,,
12.005,ROTATION_SCAN,0.1328,-0.0652,0.329,38.82,-0.63,0.51,15.0,-0.0235,-0.0454,-0.0033,,,,,,,,,
12.027,ROTATION_SCAN,0.1363,-0.0641,0.331,39.53,-0.75,0.67,15.0,-0.0224,-0.0421,-0.0015,,,,,,,,,
12.086,ROTATION_SCAN,0.1366,-0.0655,0.332,40.21,-0.78,0.69,15.0,-0.0291,-0.0387,-0.0005,,,,,,,,,
12.127,ROTATION_SCAN,0.1378,-0.0672,0.331,40.88,-0.82,0.66,15.0,-0.0279,-0.0337,-0.0021,,,,0.783,,,,,
12.194,ROTATION_SCAN,0.1393,-0.066,0.329,41.53,-0.78,0.56,15.0,-0.0328,-0.0288,-0.0099,,,,0.783,,,,,
12.241,ROTATION_SCAN,0.1372,-0.0631,0.329,42.18,-0.8,0.57,15.0,-0.0421,-0.0195,-0.0161,,,,0.774,,,,,
12.288,ROTATION_SCAN,0.1365,-0.0658,0.326,42.82,-0.59,0.81,15.0,-0.0429,-0.0121,-0.0157,,,,0.774,,,,,
12.344,ROTATION_SCAN,0.1407,-0.0576,0.325,43.41,-0.52,0.92,15.0,-0.0409,-0.0026,-0.0229,,,,0.76,,,,,
12.382,ROTATION_SCAN,0.1409,-0.0563,0.323,44.06,-0.47,1.05,15.0,-0.0441,-0.0006,-0.0251,,,,0.76,,,,,
12.427,ROTATION_SCAN,0.1402,-0.0543,0.321,44.69,-0.41,1.07,15.0,-0.0497,-0.0011,-0.028,,,,0.751,,,,,
12.497,ROTATION_SCAN,0.141,-0.0538,0.317,45.45,-0.34,1.25,15.0,-0.0496,-0.0011,-0.0274,,,,0.751,,,,,
12.528,ROTATION_SCAN,0.1422,-0.0516,0.32,46.29,-0.17,1.33,15.0,-0.058,-0.0055,-0.0328,,,,0.733,,,,,
12.583,ROTATION_SCAN,0.146,-0.045,0.314,47.22,-0.02,1.38,15.0,-0.049,0.0051,-0.0188,,,,0.733,,,,,
12.631,ROTATION_SCAN,0.1427,-0.0429,0.314,48.15,0.04,1.44,15.0,-0.057,-0.0026,-0.0268,,,,0.719,,,,,
12.686,ROTATION_SCAN,0.1383,-0.0424,0.314,49.1,0.1,1.51,15.0,-0.0679,-0.0109,-0.0207,,,,0.719,,,,,
12.726,ROTATION_SCAN,0.1357,-0.0444,0.311,50.01,0.22,1.44,15.0,-0.0729,-0.0231,-0.0125,,,,0.708,,,,,
12.798,ROTATION_SCAN,0.1389,-0.0419,0.312,50.88,0.25,1.2,15.0,-0.0643,-0.0275,-0.0145,,,,0.708,,,,,
12.859,ROTATION_SCAN,0.1352,-0.0459,0.314,51.75,0.12,1.18,15.0,-0.0707,-0.0405,-0.0061,,,,0.698,,,,,
12.915,ROTATION_SCAN,0.1314,-0.0547,0.311,52.58,0.07,1.11,15.0,-0.0748,-0.062,0.0056,,,,0.698,,,,,
12.93,ROTATION_SCAN,0.1313,-0.0576,0.314,53.31,0.07,0.92,15.0,-0.0738,-0.0689,0.0012,,,,0.695,,,,,
12.99,ROTATION_SCAN,0.1281,-0.0613,0.311,54.02,0.03,0.84,15.0,-0.072,-0.0748,0.0078,,,,0.695,,,,,
13.029,ROTATION_SCAN,0.1291,-0.0645,0.314,54.74,-0.09,0.62,15.0,-0.0694,-0.0808,0.0043,,,,0.685,,,,,
13.094,ROTATION_SCAN,0.1293,-0.0664,0.316,55.47,-0.23,0.31,15.0,-0.063,-0.0757,0.0099,,,,0.685,,,,,
13.125,ROTATION_SCAN,0.1286,-0.0682,0.315,56.22,-0.34,0.14,15.0,-0.0647,-0.0744,0.0149,,,,0.68,,,,,
13.18,ROTATION_SCAN,0.1245,-0.0752,0.315,57.04,-0.43,0.03,15.0,-0.0698,-0.0801,0.009,,,,0.68,,,,,
13.229,ROTATION_SCAN,0.1236,-0.0789,0.319,57.86,-0.57,-0.16,15.0,-0.0658,-0.0754,0.0083,,,,0.668,,,,,
13.287,ROTATION_SCAN,0.1215,-0.0813,0.319,58.67,-0.6,-0.3,15.0,-0.0678,-0.0702,0.0148,,,,0.668,,,,,
13.327,ROTATION_SCAN,0.1186,-0.0842,0.32,59.49,-0.64,-0.39,15.0,-0.0646,-0.0626,0.0121,1.204,,,0.654,,,,,
13.393,ROTATION_SCAN,0.1198,-0.0848,0.319,60.33,-0.64,-0.51,15.0,-0.065,-0.0485,0.0104,1.204,,,0.654,,,,,
13.442,ROTATION_SCAN,0.1199,-0.0818,0.32,61.19,-0.72,-0.61,15.0,-0.0589,-0.0352,0.0026,1.209,,,0.64,,,,,
13.48,ROTATION_SCAN,0.1158,-0.0819,0.318,62.05,-0.67,-0.57,15.0,-0.064,-0.0238,0.0013,1.209,,,0.64,,,,,
13.527,ROTATION_SCAN,0.1146,-0.0817,0.319,62.89,-0.62,-0.45,15.0,-0.062,-0.0152,-0.0058,1.208,,,0.631,,,,,
13.585,ROTATION_SCAN,0.1132,-0.0806,0.319,63.75,-0.6,-0.36,15.0,-0.0569,0.0052,-0.006,1.208,,,0.631,,,,,
13.625,ROTATION_SCAN,0.1138,-0.0793,0.32,64.63,-0.57,-0.14,15.0,-0.0568,-0.0033,-0.0065,1.195,,,0.623,,,,,
13.685,ROTATION_SCAN,0.1115,-0.0811,0.322,65.54,-0.53,0.13,15.0,-0.0605,-0.0011,-0.0067,1.195,,,0.623,,,,,
13.75,ROTATION_SCAN,0.1089,-0.078,0.316,66.43,-0.63,0.12,15.0,-0.0638,0.008,-0.0059,1.196,,,0.613,,,,,
13.781,ROTATION_SCAN,0.1086,-0.0712,0.317,67.3,-0.59,0.3,15.0,-0.0633,0.0199,-0.0211,1.196,,,0.613,,,,,
13.84,ROTATION_SCAN,0.1056,-0.0651,0.316,68.13,-0.59,0.39,15.0,-0.0645,0.0344,-0.0181,1.186,,,0.608,,,,,
13.876,ROTATION_SCAN,0.1051,-0.06,0.314,68.91,-0.45,0.58,15.0,-0.0686,0.0343,-0.0163,1.186,,,0.608,,,,,
13.925,ROTATION_SCAN,0.1034,-0.0553,0.316,69.62,-0.37,0.77,15.0,-0.0699,0.0366,-0.0201,1.185,,,0.61,,,,,
13.983,ROTATION_SCAN,0.1013,-0.0516,0.314,70.23,-0.27,0.96,15.0,-0.074,0.0371,-0.0127,1.185,,,0.61,,,,,
14.051,ROTATION_SCAN,0.0971,-0.0475,0.313,70.8,-0.07,1.18,15.0,-0.0796,0.0328,-0.0146,1.18,1.484,,0.611,,,,,
14.085,ROTATION_SCAN,0.0941,-0.0426,0.313,71.39,0.18,1.23,15.0,-0.0792,0.0308,-0.0134,1.18,1.484,,0.611,,,,,
14.144,ROTATION_SCAN,0.0895,-0.0403,0.314,71.96,0.35,1.31,15.0,-0.0809,0.022,-0.0104,1.177,,,0.611,,,,,
14.182,ROTATION_SCAN,0.0837,-0.038,0.312,72.52,0.4,1.41,15.0,-0.0853,0.013,-0.0077,1.177,,,0.611,,,,,
14.226,ROTATION_SCAN,0.08,-0.0364,0.316,73.04,0.54,1.42,15.0,-0.0829,0.0041,-0.0086,1.178,1.477,,0.613,,,,,
14.283,ROTATION_SCAN,0.0731,-0.0346,0.314,73.51,0.69,1.42,15.0,-0.0913,-0.0036,-0.0022,1.178,1.477,,0.613,,,,,
14.347,ROTATION_SCAN,0.0684,-0.0333,0.31,73.98,0.89,1.39,15.0,-0.0868,-0.0144,-0.0062,1.172,1.468,,0.616,,,,,
14.377,ROTATION_SCAN,0.065,-0.0319,0.312,74.48,1.18,1.25,15.0,-0.0812,-0.0206,-0.0201,1.172,1.468,,0.616,,,,,
14.443,ROTATION_SCAN,0.0608,-0.0304,0.311,74.97,1.42,1.22,15.0,-0.0718,-0.0292,-0.0131,1.177,1.476,,0.621,,,,,
14.477,ROTATION_SCAN,0.0573,-0.0312,0.308,75.47,1.52,1.19,15.0,-0.0628,-0.0373,-0.0116,1.177,1.476,,0.621,,,,,
14.526,ROTATION_SCAN,0.0536,-0.0315,0.311,75.99,1.57,0.97,15.0,-0.0546,-0.0473,-0.0168,1.188,1.462,,0.622,,,,,
14.587,ROTATION_SCAN,0.0497,-0.0337,0.309,76.58,1.57,0.58,15.0,-0.0436,-0.0549,-0.009,1.188,1.462,,0.622,,,,,
14.661,ROTATION_SCAN,0.0483,-0.0364,0.308,77.18,1.41,0.42,15.0,-0.0321,-0.0628,-0.0131,1.208,1.46,,0.623,,,,,
14.685,ROTATION_SCAN,0.0475,-0.0384,0.309,77.84,1.45,0.21,15.0,-0.0222,-0.0632,-0.013,1.208,1.46,,0.623,,,,,
14.742,ROTATION_SCAN,0.0446,-0.04,0.308,78.4,1.45,0.32,15.0,-0.0142,-0.0653,-0.0085,1.228,1.452,,0.621,,,,,
14.783,ROTATION_SCAN,0.0435,-0.0422,0.306,78.9,1.46,0.21,15.0,-0.0041,-0.0672,-0.011,1.228,1.452,,0.621,,,,,
14.825,ROTATION_SCAN,0.0441,-0.041,0.307,79.42,1.48,0.19,15.0,0.0095,-0.0601,-0.0164,,1.448,,0.618,,,,,
14.893,ROTATION_SCAN,0.0461,-0.0402,0.306,80.03,1.36,0.12,15.0,0.0244,-0.0542,-0.0076,,1.448,,0.618,,,,,
14.941,ROTATION_SCAN,0.0505,-0.0362,0.303,80.64,1.16,0.09,15.0,0.0419,-0.0378,-0.0087,,1.44,,0.608,,,,,
14.988,ROTATION_SCAN,0.0522,-0.0323,0.305,81.27,0.97,0.26,15.0,0.0496,-0.0271,-0.0116,,1.44,,0.608,,,,,
15.044,ROTATION_SCAN,0.0551,-0.0292,0.307,81.83,0.74,0.63,15.0,0.057,-0.0199,-0.0026,,1.444,,0.602,,,,,
15.078,ROTATION_SCAN,0.0597,-0.0254,0.305,82.39,0.39,0.94,15.0,0.0669,-0.0157,0.0047,,1.444,,0.602,,,,,
15.126,ROTATION_SCAN,0.0637,-0.0235,0.308,82.97,0.11,1.14,15.0,0.0696,-0.0192,-0.0004,2.209,1.445,,0.598,,,,,
15.204,ROTATION_SCAN,0.0681,-0.021,0.308,83.65,-0.12,1.2,15.0,0.0712,-0.0205,0.0066,2.209,1.445,,0.598,,,,,
15.234,ROTATION_SCAN,0.0734,-0.0199,0.305,84.29,-0.29,1.33,15.0,0.0722,-0.0245,0.0067,2.277,1.437,,0.596,,,,,
15.299,ROTATION_SCAN,0.0763,-0.0183,0.306,85.02,-0.46,1.49,15.0,0.0655,-0.0302,-0.0041,2.277,1.437,,0.596,,,,,
15.335,ROTATION_SCAN,0.079,-0.0174,0.308,85.78,-0.55,1.49,15.0,0.0594,-0.037,-0.0007,2.296,1.441,,0.598,,,,,
15.442,NAV_WAYPOINT,0.0825,-0.0164,0.304,86.54,-0.62,1.4,15.0,0.0572,-0.0422,0.003,2.296,1.441,,0.598,,0.08,-1.2,1.08,-1.2
15.455,NAV_WAYPOINT,0.0853,-0.0189,0.307,87.27,-0.9,1.33,-0.0,0.0522,-0.048,-0.0074,2.329,1.435,,0.604,,0.08,-1.2,1.08,-1.2
15.523,NAV_WAYPOINT,0.0886,-0.0179,0.305,88.02,-1.16,1.08,-0.0,0.0405,-0.0543,-0.0017,2.329,1.435,,0.604,,0.08,-1.2,1.08,-1.2
15.539,NAV_WAYPOINT,0.0892,-0.018,0.305,88.57,-1.1,0.25,-0.0,0.0288,-0.0546,-0.005,2.324,1.436,,0.612,,0.08,-1.2,1.08,-1.2
15.601,NAV_WAYPOINT,0.0892,-0.0171,0.302,89.12,-0.8,1.23,-0.0,0.0179,-0.0488,-0.0036,2.324,1.436,,0.612,,0.08,-1.2,1.08,-1.2
15.639,NAV_WAYPOINT,0.0881,-0.0153,0.304,89.65,-0.88,2.94,-0.0,0.0064,-0.055,-0.0111,2.338,1.431,,0.628,,0.08,-1.2,1.08,-1.2
15.681,NAV_WAYPOINT,0.0867,-0.0125,0.306,90.17,-0.48,3.7,-0.0,-0.0037,-0.0689,-0.0034,2.338,1.431,,0.628,,0.08,-1.2,1.08,-1.2
15.745,NAV_WAYPOINT,0.086,-0.0142,0.307,90.63,-0.26,4.22,-0.0,-0.0076,-0.0961,-0.0016,2.328,1.433,,0.648,,0.08,-1.2,1.08,-1.2
15.778,NAV_WAYPOINT,0.0843,-0.0187,0.308,91.12,-0.31,4.41,-0.0,-0.0123,-0.1298,-0.0037,2.328,1.433,,0.648,,0.08,-1.2,1.08,-1.2
15.826,NAV_WAYPOINT,0.0818,-0.0247,0.307,91.53,-0.28,4.26,-0.0,-0.0186,-0.1637,-0.0027,2.327,1.43,,0.657,,0.08,-1.2,1.08,-1.2
15.924,NAV_WAYPOINT,0.0796,-0.0306,0.305,91.91,-0.19,3.96,-0.0,-0.0225,-0.1911,-0.0096,2.327,1.43,,0.657,,0.08,-1.2,1.08,-1.2
15.931,NAV_WAYPOINT,0.0775,-0.0388,0.301,92.22,-0.07,3.49,-0.0,-0.0249,-0.2175,-0.0201,2.347,1.419,,0.639,,0.08,-1.2,1.08,-1.2
15.995,NAV_WAYPOINT,0.077,-0.0474,0.302,92.49,0.12,2.8,-0.0,-0.0222,-0.2381,-0.0262,2.347,1.419,,0.639,,0.08,-1.2,1.08,-1.2
16.034,NAV_WAYPOINT,0.0762,-0.0576,0.3,92.8,0.27,2.35,-0.0,-0.0188,-0.2548,-0.0209,2.358,1.403,,0.625,,0.08,-1.2,1.08,-1.2
16.094,NAV_WAYPOINT,0.075,-0.0673,0.302,93.07,0.38,1.98,-0.0,-0.016,-0.2649,-0.0188,2.358,1.403,,0.625,,0.08,-1.2,1.08,-1.2
16.142,NAV_WAYPOINT,0.0734,-0.0796,0.3,93.29,0.44,1.66,-0.0,-0.0136,-0.277,-0.0131,2.38,1.385,,0.614,,0.08,-1.2,1.08,-1.2
16.177,NAV_WAYPOINT,0.0722,-0.0905,0.3,93.39,0.34,1.34,-0.0,-0.0116,-0.2866,-0.0112,2.38,1.385,,0.614,,0.08,-1.2,1.08,-1.2
16.238,NAV_WAYPOINT,0.0716,-0.1031,0.301,93.43,0.2,1.1,-0.0,-0.0084,-0.2888,-0.0084,2.402,1.366,,0.599,,0.08,-1.2,1.08,-1.2
16.304,NAV_WAYPOINT,0.0719,-0.1152,0.299,93.46,0.22,0.85,-0.0,-0.0034,-0.2858,-0.0015,2.402,1.366,,0.599,,0.08,-1.2,1.08,-1.2
16.338,NAV_WAYPOINT,0.0739,-0.1261,0.297,93.46,0.3,0.81,-0.0,0.0029,-0.2856,-0.0051,2.413,1.343,,0.59,,0.08,-1.2,1.08,-1.2
16.378,NAV_WAYPOINT,0.0731,-0.1373,0.297,93.41,0.25,0.76,-0.0,0.0062,-0.2816,-0.009,2.413,1.343,,0.59,,0.08,-1.2,1.08,-1.2
16.43,NAV_WAYPOINT,0.0742,-0.148,0.298,93.36,0.24,0.71,-0.0,0.0076,-0.2823,-0.0058,2.453,1.318,,0.577,,0.08,-1.2,1.08,-1.2
16.476,NAV_WAYPOINT,0.0745,-0.1579,0.299,93.35,0.19,0.58,-0.0,0.0116,-0.2781,-0.0012,2.453,1.318,,0.577,,0.08,-1.2,1.08,-1.2
16.556,NAV_WAYPOINT,0.075,-0.1709,0.299,93.33,0.16,0.58,-0.0,0.012,-0.2772,0.0028,2.461,1.298,,0.584,,0.08,-1.2,1.08,-1.2
16.585,NAV_WAYPOINT,0.0748,-0.1797,0.299,93.28,0.14,0.6,-0.0,0.0099,-0.2701,0.0037,2.461,1.298,,0.584,,0.08,-1.2,1.08,-1.2
16.647,NAV_WAYPOINT,0.0745,-0.1923,0.304,93.24,0.09,0.74,-0.0,0.0111,-0.2738,0.0033,2.484,1.281,,0.585,,0.08,-1.2,1.08,-1.2
16.685,NAV_WAYPOINT,0.075,-0.2027,0.309,93.18,0.07,0.87,-0.0,0.0114,-0.2676,0.0124,2.484,1.281,,0.585,,0.08,-1.2,1.08,-1.2
16.743,NAV_WAYPOINT,0.0767,-0.2155,0.317,93.1,0.02,0.89,-0.0,0.0152,-0.2758,0.0254,2.505,1.256,,0.585,,0.08,-1.2,1.08,-1.2
16.782,NAV_WAYPOINT,0.0772,-0.2257,0.328,93.01,0.03,0.97,-0.0,0.018,-0.2748,0.0337,2.505,1.256,,0.585,,0.08,-1.2,1.08,-1.2
16.824,NAV_WAYPOINT,0.0794,-0.2411,0.341,92.93,-0.05,0.93,-0.0,0.0184,-0.2844,0.0493,2.52,1.234,,0.587,,0.08,-1.2,1.08,-1.2
16.881,NAV_WAYPOINT,0.0801,-0.2571,0.359,92.85,-0.1,0.81,-0.0,0.0189,-0.2902,0.0545,2.52,1.234,,0.587,,0.08,-1.2,1.08,-1.2
16.933,NAV_WAYPOINT,0.0814,-0.2702,0.376,92.83,-0.18,0.56,-0.0,0.0185,-0.2945,0.0776,2.549,1.212,,0.588,,0.08,-1.2,1.08,-1.2
16.981,NAV_WAYPOINT,0.083,-0.2835,0.379,92.82,-0.1,0.4,-0.0,0.0188,-0.2957,0.0822,2.549,1.212,,0.588,,0.08,-1.2,1.08,-1.2
17.038,NAV_WAYPOINT,0.0837,-0.297,0.366,92.85,-0.11,0.31,-0.0,0.0185,-0.2959,0.0567,2.574,1.192,,0.587,,0.08,-1.2,1.08,-1.2
17.09,NAV_WAYPOINT,0.0827,-0.3106,0.349,92.88,-0.13,0.35,-0.0,0.0121,-0.2894,-0.0395,2.574,1.192,,0.587,,0.08,-1.2,1.08,-1.2
17.15,NAV_WAYPOINT,0.0828,-0.3227,0.339,92.95,-0.2,0.38,-0.0,0.0083,-0.2855,-0.1079,2.599,1.167,,0.588,,0.08,-1.2,1.08,-1.2
17.182,NAV_WAYPOINT,0.0817,-0.3344,0.32,93.04,-0.32,0.42,-0.0,0.0042,-0.2849,-0.1171,2.599,1.167,,0.588,,0.08,-1.2,1.08,-1.2
17.248,NAV_WAYPOINT,0.0796,-0.3459,0.306,93.15,-0.35,0.53,-0.0,-0.0037,-0.2791,-0.1605,2.623,1.147,,0.583,,0.08,-1.2,1.08,-1.2
17.278,NAV_WAYPOINT,0.0781,-0.3573,0.29,93.27,-0.26,0.65,-0.0,-0.0088,-0.2849,-0.1543,2.623,1.147,,0.583,,0.08,-1.2,1.08,-1.2
17.342,NAV_WAYPOINT,0.0773,-0.3693,0.282,93.43,-0.18,0.69,-0.0,-0.0116,-0.2826,-0.1633,2.663,1.126,,0.582,,0.08,-1.2,1.08,-1.2
17.375,NAV_WAYPOINT,0.0748,-0.3813,0.272,93.58,-0.02,0.78,-0.0,-0.0167,-0.2806,-0.1262,2.663,1.126,,0.582,,0.08,-1.2,1.08,-1.2
17.442,NAV_WAYPOINT,0.0756,-0.3925,0.269,93.75,0.14,0.88,-0.0,-0.0123,-0.2782,-0.1155,2.671,1.098,,0.583,,0.08,-1.2,1.08,-1.2
17.475,NAV_WAYPOINT,0.0766,-0.4033,0.265,93.82,0.12,0.92,-0.0,-0.007,-0.2791,-0.0776,2.671,1.098,,0.583,,0.08,-1.2,1.08,-1.2
17.57,NAV_WAYPOINT,0.0764,-0.4141,0.266,93.84,0.02,0.89,-0.0,-0.0054,-0.2846,-0.0564,2.704,1.076,,0.588,,0.08,-1.2,1.08,-1.2
17.579,NAV_WAYPOINT,0.0775,-0.4253,0.262,93.84,-0.08,0.82,-0.0,-0.0022,-0.2861,-0.0242,2.704,1.076,,0.588,,0.08,-1.2,1.08,-1.2
17.642,NAV_WAYPOINT,0.0774,-0.4378,0.262,93.83,-0.26,0.76,-0.0,-0.004,-0.2843,-0.01,2.707,1.057,,0.587,,0.08,-1.2,1.08,-1.2
17.681,NAV_WAYPOINT,0.0771,-0.451,0.262,93.74,-0.26,0.72,-0.0,-0.0046,-0.2851,0.0059,2.707,1.057,,0.587,,0.08,-1.2,1.08,-1.2
17.737,NAV_WAYPOINT,0.0774,-0.4624,0.264,93.64,-0.15,0.99,-0.0,-0.0039,-0.2853,0.0219,2.748,1.032,,0.589,,0.08,-1.2,1.08,-1.2
17.777,NAV_WAYPOINT,0.0784,-0.4751,0.267,93.63,0.03,1.16,-0.0,-0.0026,-0.2905,0.0295,2.748,1.032,,0.589,,0.08,-1.2,1.08,-1.2
17.836,NAV_WAYPOINT,0.0788,-0.4882,0.27,93.68,0.16,1.12,-0.0,0.0009,-0.2981,0.0396,,1.007,,0.591,,0.08,-1.2,1.08,-1.2
17.88,NAV_WAYPOINT,0.0794,-0.5005,0.272,93.84,0.14,0.95,-0.0,0.0044,-0.3019,0.0458,,1.007,,0.591,,0.08,-1.2,1.08,-1.2
17.981,NAV_WAYPOINT,0.081,-0.517,0.274,94.01,0.19,0.82,-0.0,0.0095,-0.3069,0.0472,2.799,0.981,,0.581,,0.08,-1.2,1.08,-1.2
18.001,NAV_WAYPOINT,0.0819,-0.5312,0.275,94.19,0.15,0.67,-0.0,0.0127,-0.3094,0.0472,2.799,0.981,,0.581,,0.08,-1.2,1.08,-1.2
18.025,NAV_WAYPOINT,0.0833,-0.5453,0.278,94.33,0.13,0.49,-0.0,0.0173,-0.3095,0.0458,,0.956,,0.575,,0.08,-1.2,1.08,-1.2
18.089,NAV_WAYPOINT,0.0846,-0.559,0.278,94.36,0.07,0.38,-0.0,0.0202,-0.3111,0.0472,,0.956,,0.575,,0.08,-1.2,1.08,-1.2
18.142,NAV_WAYPOINT,0.0863,-0.573,0.282,94.35,0.02,0.25,-0.0,0.0247,-0.311,0.0425,2.847,0.925,,0.571,,0.08,-1.2,1.08,-1.2
18.175,NAV_WAYPOINT,0.0881,-0.5868,0.286,94.35,-0.16,0.03,-0.0,0.0262,-0.308,0.0471,2.847,0.925,,0.571,,0.08,-1.2,1.08,-1.2
18.262,NAV_WAYPOINT,0.0906,-0.6034,0.289,94.36,-0.23,0.11,-0.0,0.0245,-0.305,0.0506,,0.899,,0.571,,0.08,-1.2,1.08,-1.2
18.308,NAV_WAYPOINT,0.0922,-0.6165,0.291,94.38,-0.31,0.14,-0.0,0.0236,-0.3015,0.0447,,0.899,,0.571,,0.08,-1.2,1.08,-1.2
18.336,NAV_WAYPOINT,0.0937,-0.6309,0.292,94.43,-0.31,0.08,-0.0,0.0238,-0.2999,0.0402,,0.876,,0.572,,0.08,-1.2,1.08,-1.2
18.379,NAV_WAYPOINT,0.0957,-0.6434,0.298,94.56,-0.44,-0.17,-0.0,0.0222,-0.2998,0.0338,,0.876,,0.572,,0.08,-1.2,1.08,-1.2
18.441,NAV_WAYPOINT,0.0981,-0.6565,0.296,94.65,-0.35,-0.19,-0.0,0.0208,-0.2899,0.0411,,0.845,,0.566,,0.08,-1.2,1.08,-1.2
18.509,NAV_WAYPOINT,0.0992,-0.6704,0.299,94.7,-0.21,-0.08,-0.0,0.0199,-0.2817,0.0275,,0.845,,0.566,,0.08,-1.2,1.08,-1.2
18.539,NAV_WAYPOINT,0.1006,-0.6826,0.298,94.68,-0.12,0.04,-0.0,0.0211,-0.2791,0.0255,,0.82,,0.562,,0.08,-1.2,1.08,-1.2
18.589,NAV_WAYPOINT,0.1028,-0.6939,0.3,94.59,-0.19,0.09,-0.0,0.0243,-0.2721,0.0177,,0.82,,0.562,,0.08,-1.2,1.08,-1.2
18.641,NAV_WAYPOINT,0.1044,-0.7071,0.298,94.47,-0.3,0.23,-0.0,0.0205,-0.2732,0.0128,2.924,0.793,,0.556,,0.08,-1.2,1.08,-1.2
18.68,NAV_WAYPOINT,0.1059,-0.7185,0.3,94.37,-0.41,0.32,-0.0,0.0192,-0.2728,0.0068,2.924,0.793,,0.556,,0.08,-1.2,1.08,-1.2
18.726,NAV_WAYPOINT,0.1076,-0.7327,0.301,94.31,-0.49,0.48,-0.0,0.0172,-0.2727,0.0058,2.925,0.769,,0.546,,0.08,-1.2,1.08,-1.2
18.812,NAV_WAYPOINT,0.1093,-0.7447,0.3,94.25,-0.53,0.58,-0.0,0.0158,-0.273,0.0072,2.925,0.769,,0.546,,0.08,-1.2,1.08,-1.2
18.841,NAV_WAYPOINT,0.1113,-0.7566,0.3,94.2,-0.62,0.68,-0.0,0.0118,-0.2746,0.0013,,0.746,,0.543,,0.08,-1.2,1.08,-1.2
18.923,NAV_WAYPOINT,0.1116,-0.7698,0.305,94.17,-0.49,0.82,-0.0,0.0094,-0.2826,0.0005,,0.746,,0.543,,0.08,-1.2,1.08,-1.2
18.944,NAV_WAYPOINT,0.1123,-0.7818,0.303,94.17,-0.29,0.89,-0.0,0.008,-0.2826,0.0159,,0.722,,0.548,,0.08,-1.2,1.08,-1.2
18.977,NAV_WAYPOINT,0.1124,-0.7946,0.303,94.16,-0.2,0.74,-0.0,0.0056,-0.2856,0.007,,0.722,,0.548,,0.08,-1.2,1.08,-1.2
19.03,NAV_WAYPOINT,0.1138,-0.8092,0.304,93.94,-0.12,0.74,-0.0,0.0073,-0.2879,0.0036,,0.698,,0.555,,0.08,-1.2,1.08,-1.2
19.074,NAV_WAYPOINT,0.1147,-0.822,0.304,93.59,-0.06,0.63,-0.0,0.0082,-0.2891,0.0065,,0.698,,0.555,,0.08,-1.2,1.08,-1.2
19.148,NAV_WAYPOINT,0.1154,-0.8352,0.307,93.18,-0.15,0.6,-0.0,0.01,-0.292,0.0055,,0.669,,0.574,,0.08,-1.2,1.08,-1.2
19.177,NAV_WAYPOINT,0.1181,-0.8478,0.306,92.78,-0.2,0.57,-0.0,0.0142,-0.2952,0.0109,,0.669,,0.574,,0.08,-1.2,1.08,-1.2
19.243,NAV_WAYPOINT,0.1203,-0.861,0.308,92.33,-0.3,0.47,-0.0,0.0174,-0.2928,-0.0004,,0.643,,0.646,,0.08,-1.2,1.08,-1.2
19.278,NAV_WAYPOINT,0.1238,-0.8761,0.306,91.87,-0.4,0.57,-0.0,0.0183,-0.296,0.0006,,0.643,,0.646,,0.08,-1.2,1.08,-1.2
19.34,NAV_WAYPOINT,0.1261,-0.8887,0.307,91.35,-0.45,0.42,-0.0,0.019,-0.296,-0.0002,,0.62,,,,0.08,-1.2,1.08,-1.2
19.374,NAV_WAYPOINT,0.1291,-0.9031,0.307,90.84,-0.6,0.26,-0.0,0.0202,-0.2939,-0.0001,,0.62,,,,0.08,-1.2,1.08,-1.2
19.454,NAV_WAYPOINT,0.1308,-0.9146,0.309,90.34,-0.88,0.14,-0.0,0.0182,-0.2931,0.0018,,0.596,,,,0.08,-1.2,1.08,-1.2
19.484,NAV_WAYPOINT,0.1343,-0.9265,0.305,89.82,-1.0,0.08,-0.0,0.0159,-0.2896,0.0074,,0.596,,,,0.08,-1.2,1.08,-1.2
19.552,NAV_WAYPOINT,0.1374,-0.9388,0.305,89.34,-1.09,0.32,-0.0,0.013,-0.2842,-0.001,,0.576,,2.385,,0.08,-1.2,1.08,-1.2
19.583,NAV_WAYPOINT,0.1395,-0.9513,0.307,88.98,-1.23,0.44,-0.0,0.0091,-0.2803,-0.0019,,0.576,,2.385,,0.08,-1.2,1.08,-1.2
19.629,NAV_WAYPOINT,0.1421,-0.9641,0.305,88.52,-1.22,0.32,-0.0,0.0053,-0.2784,-0.0011,,0.551,,,,0.08,-1.2,1.08,-1.2
19.674,NAV_WAYPOINT,0.1453,-0.9772,0.306,88.01,-1.22,0.26,-0.0,-0.0015,-0.277,-0.0085,,0.551,,,,0.08,-1.2,1.08,-1.2
19.754,NAV_WAYPOINT,0.1477,-0.9881,0.304,87.57,-1.62,0.25,-0.0,-0.0037,-0.2742,-0.0095,,0.525,,,,0.08,-1.2,1.08,-1.2
19.785,NAV_WAYPOINT,0.1489,-1.0003,0.303,87.29,-1.77,0.38,-0.0,-0.0166,-0.2767,-0.0115,,0.525,,,,0.08,-1.2,1.08,-1.2
19.849,NAV_WAYPOINT,0.1495,-1.0135,0.302,87.13,-1.86,0.35,-0.0,-0.0269,-0.2716,-0.0175,2.419,0.501,,1.659,,0.08,-1.2,1.08,-1.2
19.883,NAV_WAYPOINT,0.1501,-1.0254,0.306,87.08,-1.87,0.46,-0.0,-0.0374,-0.2718,-0.016,2.419,0.501,,1.659,,0.08,-1.2,1.08,-1.2
19.943,NAV_WAYPOINT,0.1485,-1.0388,0.306,87.08,-1.76,0.61,-0.0,-0.0518,-0.2729,-0.0028,,0.481,,1.634,,0.08,-1.2,1.08,-1.2
19.974,NAV_WAYPOINT,0.147,-1.0519,0.306,87.02,-1.77,0.54,-0.0,-0.0649,-0.2828,-0.0023,,0.481,,1.634,,0.08,-1.2,1.08,-1.2
20.061,NAV_WAYPOINT,0.144,-1.0652,0.305,87.06,-1.84,0.4,-0.0,-0.0776,-0.2836,-0.0058,,0.459,,1.612,,0.08,-1.2,1.08,-1.2
20.091,NAV_WAYPOINT,0.1402,-1.0782,0.303,87.08,-1.92,0.29,-0.0,-0.0952,-0.2824,-0.0069,,0.459,,1.612,,0.08,-1.2,1.08,-1.2
20.146,NAV_WAYPOINT,0.1348,-1.0933,0.301,87.08,-1.97,0.32,-0.0,-0.1084,-0.2834,-0.0143,,0.435,,1.619,,0.08,-1.2,1.08,-1.2
20.196,NAV_WAYPOINT,0.13,-1.1071,0.304,87.14,-1.87,0.24,-0.0,-0.1262,-0.2806,-0.0175,,0.435,,1.619,,0.08,-1.2,1.08,-1.2
20.224,NAV_WAYPOINT,0.124,-1.1207,0.304,87.3,-1.67,0.11,-0.0,-0.1365,-0.2828,-0.0125,,0.408,,1.603,,0.08,-1.2,1.08,-1.2
20.274,NAV_WAYPOINT,0.1171,-1.1351,0.301,87.38,-1.41,-0.09,-0.0,-0.1526,-0.2879,-0.0114,,0.408,,1.603,,0.08,-1.2,1.08,-1.2
20.358,NAV_WAYPOINT,0.1107,-1.1484,0.298,87.44,-1.36,-0.16,-0.0,-0.1605,-0.2854,-0.0159,,0.384,,1.606,,0.08,-1.2,1.08,-1.2
20.388,NAV_WAYPOINT,0.1015,-1.1635,0.297,87.47,-0.96,-0.4,-0.0,-0.1719,-0.2779,-0.0189,,0.384,,1.606,,0.08,-1.2,1.08,-1.2
20.444,NAV_WAYPOINT,0.0934,-1.1751,0.295,87.51,-0.45,-0.84,-0.0,-0.1734,-0.2679,-0.0152,,0.353,,1.62,,1.08,-1.2,1.08,-1.2
20.489,NAV_WAYPOINT,0.0851,-1.1874,0.296,87.58,0.09,-1.22,-0.0,-0.1791,-0.2565,-0.0125,,0.353,,1.62,,1.08,-1.2,1.08,-1.2
20.527,NAV_WAYPOINT,0.0761,-1.1994,0.295,87.71,0.7,-1.65,-0.0,-0.1786,-0.2453,-0.0014,,0.324,,1.616,,1.08,-1.2,1.08,-1.2
20.574,NAV_WAYPOINT,0.0675,-1.2097,0.298,87.84,3.53,-2.64,-0.0,-0.1663,-0.2289,0.0083,,0.324,,1.616,,1.08,-1.2,1.08,-1.2
20.645,NAV_WAYPOINT,0.0549,-1.223,0.298,87.98,5.67,-3.34,-0.0,-0.1324,-0.2039,0.0078,,0.293,,1.627,,1.08,-1.2,1.08,-1.2
20.693,NAV_WAYPOINT,0.0505,-1.2296,0.298,88.14,6.9,-3.48,-0.0,-0.0737,-0.1718,0.0105,,0.293,,1.627,,1.08,-1.2,1.08,-1.2
20.736,NAV_WAYPOINT,0.0484,-1.2367,0.299,88.28,7.54,-3.63,-0.0,-0.0116,-0.1437,0.0081,,0.28,,1.62,,1.08,-1.2,1.08,-1.2
20.789,NAV_WAYPOINT,0.05,-1.2445,0.301,88.42,7.49,-3.34,-0.0,0.0555,-0.1145,0.0051,,0.28,,1.62,,1.08,-1.2,1.08,-1.2
20.828,NAV_WAYPOINT,0.0561,-1.2488,0.3,88.45,7.0,-3.1,-0.0,0.1254,-0.0879,0.0115,,0.269,,,,1.08,-1.2,1.08,-1.2
20.875,NAV_WAYPOINT,0.066,-1.2524,0.303,88.41,6.11,-2.79,-0.0,0.186,-0.0642,0.0109,,0.269,,,,1.08,-1.2,1.08,-1.2
20.924,NAV_WAYPOINT,0.0768,-1.2539,0.307,88.23,4.92,-2.42,-0.0,0.2389,-0.041,0.0168,,0.268,,1.606,,1.08,-1.2,1.08,-1.2
20.995,NAV_WAYPOINT,0.0922,-1.255,0.306,87.99,3.82,-2.09,-0.0,0.2787,-0.0213,0.0248,,0.268,,1.606,,1.08,-1.2,1.08,-1.2
21.057,NAV_WAYPOINT,0.1064,-1.255,0.308,87.8,2.45,-1.7,-0.0,0.3051,-0.0055,0.0173,,0.283,,1.596,,1.08,-1.2,1.08,-1.2
21.098,NAV_WAYPOINT,0.1211,-1.2554,0.309,87.68,1.41,-1.23,-0.0,0.3256,0.0084,0.0149,,0.283,,1.596,,1.08,-1.2,1.08,-1.2
21.129,NAV_WAYPOINT,0.1367,-1.253,0.308,87.55,0.59,-0.82,-0.0,0.3443,0.0195,0.0122,,0.276,,1.564,,1.08,-1.2,1.08,-1.2
21.174,NAV_WAYPOINT,0.157,-1.2514,0.308,87.48,-0.05,-0.36,-0.0,0.3426,0.0257,0.0058,,0.276,,1.564,,1.08,-1.2,1.08,-1.2
21.226,NAV_WAYPOINT,0.1724,-1.251,0.311,87.46,-0.55,0.17,-0.0,0.3365,0.0249,-0.0008,,0.259,,1.535,,1.08,-1.2,1.08,-1.2
21.292,NAV_WAYPOINT,0.1842,-1.2503,0.309,87.38,-0.66,0.52,-0.0,0.3201,0.0212,0.0034,,0.259,,1.535,,1.08,-1.2,1.08,-1.2
21.324,NAV_WAYPOINT,0.195,-1.2506,0.31,87.32,-0.62,0.72,-0.0,0.3022,0.0134,-0.002,,0.265,,1.5,,1.08,-1.2,1.08,-1.2
21.386,NAV_WAYPOINT,0.207,-1.2503,0.31,87.37,-0.46,0.56,-0.0,0.2901,0.0074,-0.0069,,0.265,,1.5,,1.08,-1.2,1.08,-1.2
21.431,NAV_WAYPOINT,0.2192,-1.2514,0.307,87.45,-0.28,0.35,-0.0,0.2811,0.0003,-0.0111,,0.268,,1.496,,1.08,-1.2,1.08,-1.2
21.502,NAV_WAYPOINT,0.2336,-1.253,0.31,87.52,0.05,0.31,-0.0,0.2769,-0.0082,-0.0165,,0.268,,1.496,,1.08,-1.2,1.08,-1.2
21.565,NAV_WAYPOINT,0.243,-1.2554,0.306,87.64,0.23,0.3,-0.0,0.2698,-0.015,-0.0076,,0.263,,1.471,,1.08,-1.2,1.08,-1.2
21.583,NAV_WAYPOINT,0.2539,-1.2579,0.305,87.82,0.4,0.31,-0.0,0.2662,-0.0202,-0.0126,,0.263,,1.471,,1.08,-1.2,1.08,-1.2
21.628,NAV_WAYPOINT,0.2647,-1.2607,0.304,88.21,0.61,0.18,-0.0,0.2648,-0.0293,-0.014,,0.26,,1.453,,1.08,-1.2,1.08,-1.2
21.701,NAV_WAYPOINT,0.2726,-1.2633,0.3,88.67,0.71,-0.05,-0.0,0.2594,-0.0325,-0.0152,,0.26,,1.453,,1.08,-1.2,1.08,-1.2
21.733,NAV_WAYPOINT,0.2845,-1.2668,0.303,89.13,0.73,-0.29,-0.0,0.2566,-0.036,-0.0222,,0.255,,1.445,,1.08,-1.2,1.08,-1.2
21.777,NAV_WAYPOINT,0.2935,-1.2711,0.301,89.64,0.78,-0.47,-0.0,0.2547,-0.0372,-0.0085,,0.255,,1.445,,1.08,-1.2,1.08,-1.2
21.857,NAV_WAYPOINT,0.303,-1.274,0.3,90.12,0.8,-0.64,-0.0,0.2501,-0.034,-0.0119,,0.261,,1.437,,1.08,-1.2,1.08,-1.2
21.884,NAV_WAYPOINT,0.3107,-1.2773,0.3,90.6,0.84,-0.71,-0.0,0.2535,-0.0357,-0.0157,,0.261,,1.437,,1.08,-1.2,1.08,-1.2
21.939,NAV_WAYPOINT,0.3207,-1.2791,0.301,91.1,0.96,-0.8,-0.0,0.2546,-0.0315,-0.0134,,0.266,,1.416,,1.08,-1.2,1.08,-1.2
21.996,NAV_WAYPOINT,0.3324,-1.2827,0.299,91.58,1.05,-0.75,-0.0,0.253,-0.0247,-0.0083,,0.266,,1.416,,1.08,-1.2,1.08,-1.2
22.027,NAV_WAYPOINT,0.3412,-1.2835,0.302,92.02,0.95,-0.88,-0.0,0.2545,-0.02,-0.014,,0.242,,1.411,,1.08,-1.2,1.08,-1.2
22.082,NAV_WAYPOINT,0.3528,-1.2868,0.299,92.4,0.97,-0.89,-0.0,0.2551,-0.0154,-0.0043,,0.242,,1.411,,1.08,-1.2,1.08,-1.2
22.13,NAV_WAYPOINT,0.3622,-1.2875,0.299,92.77,1.08,-0.91,-0.0,0.261,-0.0081,-0.0073,,0.229,,1.405,,1.08,-1.2,1.08,-1.2
22.189,NAV_WAYPOINT,0.3739,-1.2881,0.296,93.14,1.25,-0.8,-0.0,0.2646,-0.0005,-0.0058,,0.229,,1.405,,1.08,-1.2,1.08,-1.2
22.224,NAV_WAYPOINT,0.3832,-1.2882,0.297,93.46,1.34,-0.76,-0.0,0.2679,0.0059,-0.0103,,0.234,,1.387,,1.08,-1.2,1.08,-1.2
22.292,NAV_WAYPOINT,0.3968,-1.288,0.298,93.75,1.44,-0.6,-0.0,0.273,0.0118,-0.0049,,0.234,,1.387,,1.08,-1.2,1.08,-1.2
22.327,NAV_WAYPOINT,0.4073,-1.2869,0.302,94.01,1.43,-0.53,-0.0,0.2807,0.0181,0.0003,,0.236,,1.377,,1.08,-1.2,1.08,-1.2
22.389,NAV_WAYPOINT,0.4211,-1.2868,0.299,94.32,1.39,-0.47,-0.0,0.2871,0.0212,0.0092,,0.236,,1.377,,1.08,-1.2,1.08,-1.2
22.428,NAV_WAYPOINT,0.434,-1.2852,0.3,94.69,1.14,-0.58,-0.0,0.3003,0.0281,-0.0032,,0.233,,1.361,,1.08,-1.2,1.08,-1.2
22.488,NAV_WAYPOINT,0.4488,-1.2835,0.3,95.03,0.89,-0.51,-0.0,0.3079,0.033,-0.002,,0.233,,1.361,,1.08,-1.2,1.08,-1.2
22.526,NAV_WAYPOINT,0.4656,-1.2803,0.298,95.41,0.46,-0.46,-0.0,0.3119,0.0414,-0.0005,,0.245,,,,1.08,-1.2,1.08,-1.2
22.593,NAV_WAYPOINT,0.4806,-1.2769,0.299,95.78,0.03,-0.5,-0.0,0.3108,0.0481,-0.0049,,0.245,,,,1.08,-1.2,1.08,-1.2
22.657,NAV_WAYPOINT,0.4953,-1.2749,0.299,96.17,-0.24,-0.48,-0.0,0.309,0.0528,0.0005,,,,1.315,,1.08,-1.2,1.08,-1.2
22.708,NAV_WAYPOINT,0.5103,-1.2708,0.299,96.63,-0.52,-0.45,-0.0,0.3094,0.0592,0.003,,,,1.315,,1.08,-1.2,1.08,-1.2
22.727,NAV_WAYPOINT,0.5244,-1.268,0.302,97.03,-0.64,-0.41,-0.0,0.2997,0.063,0.003,,2.501,,1.302,,1.08,-1.2,1.08,-1.2
22.788,NAV_WAYPOINT,0.5373,-1.264,0.303,97.29,-0.77,-0.38,-0.0,0.2878,0.0692,0.0148,,2.501,,1.302,,1.08,-1.2,1.08,-1.2
22.827,NAV_WAYPOINT,0.5513,-1.2573,0.303,97.5,-0.61,-0.17,-0.0,0.2781,0.0759,0.0127,,2.479,,,,1.08,-1.2,1.08,-1.2
22.912,NAV_WAYPOINT,0.5638,-1.2531,0.3,97.51,-0.46,0.13,-0.0,0.2691,0.077,0.0076,,2.479,,,,1.08,-1.2,1.08,-1.2
22.947,NAV_WAYPOINT,0.5764,-1.2467,0.297,97.32,-0.12,0.39,-0.0,0.2652,0.0809,-0.0008,,2.47,,1.267,,1.08,-1.2,1.08,-1.2
23.004,NAV_WAYPOINT,0.5886,-1.2416,0.299,96.96,0.06,0.64,-0.0,0.2626,0.0816,-0.0073,,2.47,,1.267,,1.08,-1.2,1.08,-1.2
23.056,NAV_WAYPOINT,0.6003,-1.2357,0.299,96.49,0.22,0.99,-0.0,0.2649,0.0826,-0.004,,2.486,,1.227,,1.08,-1.2,1.08,-1.2
23.091,NAV_WAYPOINT,0.6144,-1.2276,0.299,96.0,0.44,1.32,-0.0,0.2635,0.0788,-0.0058,,2.486,,1.227,,1.08,-1.2,1.08,-1.2
23.128,NAV_WAYPOINT,0.6267,-1.2237,0.298,95.47,0.57,1.39,-0.0,0.2644,0.0715,-0.0076,,2.483,,1.202,,1.08,-1.2,1.08,-1.2
23.173,NAV_WAYPOINT,0.6392,-1.2179,0.298,95.01,0.64,1.4,-0.0,0.2686,0.0652,-0.0084,,2.483,,1.202,,1.08,-1.2,1.08,-1.2
23.254,NAV_WAYPOINT,0.6521,-1.2124,0.299,94.69,0.67,1.23,-0.0,0.2791,0.0596,-0.0058,,2.521,,,,1.08,-1.2,1.08,-1.2
23.282,NAV_WAYPOINT,0.6652,-1.2083,0.299,94.39,0.72,1.12,-0.0,0.2835,0.0548,0.0005,,2.521,,,,1.08,-1.2,1.08,-1.2
23.346,NAV_WAYPOINT,0.6818,-1.2031,0.299,94.09,0.8,1.0,-0.0,0.2883,0.0514,0.0005,,2.522,,1.129,,1.08,-1.2,1.08,-1.2
23.383,NAV_WAYPOINT,0.6962,-1.1997,0.301,93.84,0.73,0.77,-0.0,0.2955,0.0466,0.0019,,2.522,,1.129,,1.08,-1.2,1.08,-1.2
23.444,NAV_WAYPOINT,0.7111,-1.1961,0.3,93.62,0.49,0.66,-0.0,0.302,0.0466,0.0082,,2.536,,,,1.08,-1.2,1.08,-1.2
23.473,NAV_WAYPOINT,0.7258,-1.1921,0.301,93.42,0.24,0.5,-0.0,0.304,0.0442,0.0091,,2.536,,,,1.08,-1.2,1.08,-1.2
23.573,NAV_WAYPOINT,0.7406,-1.1879,0.303,93.23,0.13,0.54,-0.0,0.3108,0.0473,0.0073,0.385,2.538,,1.071,,1.08,-1.2,1.08,-1.2
23.586,NAV_WAYPOINT,0.7551,-1.1831,0.304,93.02,0.05,0.72,-0.0,0.3062,0.0509,0.0114,0.385,2.538,,1.071,,1.08,-1.2,1.08,-1.2
23.651,NAV_WAYPOINT,0.7709,-1.1775,0.3,92.84,-0.01,0.9,-0.0,0.3033,0.0494,0.0087,0.347,2.532,,1.033,,1.08,-1.2,1.08,-1.2
23.686,NAV_WAYPOINT,0.7851,-1.1725,0.306,92.68,-0.11,1.02,-0.0,0.299,0.048,-0.0027,0.347,2.532,,1.033,,1.08,-1.2,1.08,-1.2
23.726,NAV_WAYPOINT,0.7989,-1.1675,0.301,92.57,-0.05,1.22,-0.0,0.2981,0.046,0.0102,0.336,2.542,,,,1.08,-1.2,1.08,-1.2
23.774,NAV_WAYPOINT,0.8126,-1.1635,0.302,92.44,0.07,1.4,-0.0,0.2983,0.0428,-0.0016,0.336,2.542,,,,1.08,-1.2,1.08,-1.2
23.836,NAV_WAYPOINT,0.8268,-1.159,0.304,92.31,0.14,1.63,-0.0,0.2995,0.0342,-0.0026,0.331,2.517,,1.001,,1.08,-1.2,1.08,-1.2
23.878,NAV_WAYPOINT,0.8429,-1.1557,0.306,92.2,0.16,1.78,-0.0,0.298,0.0233,0.0033,0.331,2.517,,1.001,,1.08,-1.2,1.08,-1.2
23.948,NAV_WAYPOINT,0.8576,-1.1532,0.3,92.1,0.17,1.81,-0.0,0.299,0.0126,0.0042,0.328,2.511,,0.975,,1.08,-1.2,1.08,-1.2
23.985,NAV_WAYPOINT,0.8712,-1.1507,0.304,92.03,0.23,1.78,-0.0,0.2967,0.0059,-0.0144,0.328,2.511,,0.975,,1.08,-1.2,1.08,-1.2
24.028,NAV_WAYPOINT,0.8866,-1.1479,0.299,91.97,0.21,1.68,-0.0,0.305,-0.0021,-0.0033,0.321,2.511,,0.943,,1.08,-1.2,1.08,-1.2
24.082,NAV_WAYPOINT,0.9007,-1.146,0.301,91.94,0.25,1.62,-0.0,0.3054,-0.0111,-0.0108,0.321,2.511,,0.943,,1.08,-1.2,1.08,-1.2
24.127,NAV_WAYPOINT,0.9159,-1.1446,0.303,91.9,0.18,1.41,-0.0,0.3074,-0.0187,-0.008,0.342,2.492,,0.92,,1.08,-1.2,1.08,-1.2
24.174,NAV_WAYPOINT,0.9332,-1.1446,0.302,91.91,0.08,1.36,-0.0,0.3091,-0.0268,0.0011,0.342,2.492,,0.92,,1.08,-1.2,1.08,-1.2
24.255,NAV_WAYPOINT,0.9482,-1.1434,0.304,91.95,-0.14,1.24,-0.0,0.3082,-0.0315,-0.0059,0.35,2.499,,,,1.08,-1.2,1.08,-1.2
24.315,NAV_WAYPOINT,0.964,-1.1435,0.302,91.91,-0.26,1.27,-0.0,0.3082,-0.0377,0.0009,0.35,2.499,,,,1.08,-1.2,1.08,-1.2
24.36,NAV_WAYPOINT,0.9784,-1.143,0.307,91.8,-0.31,1.36,-0.0,0.3096,-0.0426,-0.003,0.326,2.467,,,,1.08,-1.2,1.08,-1.2
24.392,NAV_WAYPOINT,0.9931,-1.1436,0.3,91.63,-0.45,1.61,-0.0,0.3078,-0.0486,0.0058,0.326,2.467,,,,1.08,-1.2,1.08,-1.2
24.427,NAV_WAYPOINT,1.0117,-1.1438,0.301,91.44,-0.7,1.7,-0.0,0.3034,-0.0572,-0.0107,0.312,2.47,,0.815,,1.08,-1.2,1.08,-1.2
24.479,NAV_WAYPOINT,1.0263,-1.1442,0.299,91.16,-0.9,1.8,-0.0,0.2965,-0.0662,-0.0103,0.312,2.47,,0.815,,1.08,-1.2,1.08,-1.2
24.552,NAV_WAYPOINT,1.0402,-1.1453,0.298,90.86,-1.15,2.16,-0.0,0.2838,-0.0763,-0.0147,0.32,2.459,,0.771,,1.08,-1.2,1.08,-1.2
24.583,NAV_WAYPOINT,1.0541,-1.146,0.301,90.53,-1.57,2.32,-0.0,0.2774,-0.0873,-0.0171,0.32,2.459,,0.771,,1.08,-1.2,1.08,-1.2
24.632,NAV_WAYPOINT,1.067,-1.1488,0.3,90.2,-1.91,2.24,-0.0,0.2612,-0.1008,-0.0063,0.33,2.435,,0.728,,1.08,-1.2,1.08,-1.2
24.682,NAV_WAYPOINT,1.0794,-1.1521,0.301,89.94,-2.26,2.29,-0.0,0.2447,-0.1167,-0.0037,0.33,2.435,,0.728,,1.08,-1.2,1.08,-1.2
24.735,NAV_WAYPOINT,1.0931,-1.1577,0.302,89.66,-2.65,2.12,-0.0,0.2247,-0.1303,-0.0021,0.353,2.436,,0.687,,1.08,-1.2,1.08,-1.2
24.781,NAV_WAYPOINT,1.1034,-1.1636,0.296,89.47,-3.41,1.77,-0.0,0.201,-0.1468,0.0021,0.353,2.436,,0.687,,1.08,-1.2,1.08,-1.2
24.868,NAV_WAYPOINT,1.1126,-1.1701,0.299,89.3,-3.89,1.34,-0.0,0.1674,-0.1563,-0.0124,0.366,2.432,,0.66,,1.08,-1.2,1.08,-1.2
24.892,NAV_WAYPOINT,1.1209,-1.1763,0.3,89.12,-4.3,0.76,-0.0,0.1347,-0.1643,-0.0048,0.366,2.432,,0.66,,1.08,-1.2,1.08,-1.2
24.951,NAV_WAYPOINT,1.1266,-1.1833,0.299,88.96,-4.51,0.22,-0.0,0.094,-0.1657,0.0008,0.367,2.413,,0.642,,1.08,-1.2,1.08,-1.2
24.977,NAV_WAYPOINT,1.1296,-1.1912,0.301,88.9,-4.69,-0.28,-0.0,0.056,-0.1611,-0.0025,0.367,2.413,,0.642,,1.08,-1.2,1.08,-1.2
25.033,NAV_WAYPOINT,1.1327,-1.1973,0.3,88.86,-4.68,-0.77,-0.0,0.0152,-0.1542,0.0031,0.375,2.433,,0.627,,1.08,-1.2,1.08,-1.2
25.074,NAV_WAYPOINT,1.1321,-1.2026,0.296,88.71,-4.35,-1.24,-0.0,-0.0235,-0.1396,0.0005,0.375,2.433,,0.627,,1.08,-1.2,1.08,-1.2
25.132,NAV_WAYPOINT,1.1306,-1.2082,0.3,88.59,-3.93,-1.52,-0.0,-0.0605,-0.1253,-0.0085,0.381,2.424,,0.624,,1.08,-1.2,1.08,-1.2
25.209,NAV_WAYPOINT,1.1265,-1.2113,0.296,88.46,-3.45,-1.93,-0.0,-0.0954,-0.1063,0.0025,0.381,2.424,,0.624,,1.08,-1.2,1.08,-1.2
25.224,NAV_WAYPOINT,1.1218,-1.2144,0.299,88.32,-2.85,-2.22,-0.0,-0.1218,-0.0834,-0.0028,0.396,2.428,,0.63,,1.08,-1.2,1.08,-1.2
25.3,NAV_WAYPOINT,1.1146,-1.2165,0.3,88.18,-2.12,-2.24,-0.0,-0.14,-0.0579,0.0025,0.396,2.428,,0.63,,1.08,-1.2,1.08,-1.2
25.333,NAV_WAYPOINT,1.1082,-1.217,0.299,87.99,-1.35,-2.18,-0.0,-0.1541,-0.0347,0.0071,0.407,2.455,,0.646,,1.08,-1.2,1.08,-1.2
25.39,ROTATION_SCAN,1.1017,-1.2168,0.297,87.77,-0.41,-2.13,-0.0,-0.1575,-0.0141,0.0043,0.407,2.455,,0.646,,,,1.08,-1.2
25.426,ROTATION_SCAN,1.0955,-1.2158,0.298,87.58,0.35,-1.88,15.0,-0.1582,0.0081,-0.001,0.402,2.454,,0.658,,,,1.08,-1.2
25.514,ROTATION_SCAN,1.09,-1.2133,0.3,87.45,1.45,-1.17,15.0,-0.1482,0.0252,0.0026,0.402,2.454,,0.658,,,,1.08,-1.2
25.538,ROTATION_SCAN,1.0842,-1.2093,0.3,87.51,2.15,-0.56,15.0,-0.1247,0.0372,0.0056,0.41,2.471,,0.669,,,,1.08,-1.2
25.573,ROTATION_SCAN,1.0801,-1.2053,0.301,87.76,2.59,-0.05,15.0,-0.1029,0.0435,0.0069,0.41,2.471,,0.669,,,,1.08,-1.2
25.631,ROTATION_SCAN,1.0771,-1.2012,0.297,88.22,2.87,0.34,15.0,-0.0748,0.0448,0.0037,0.403,2.474,,0.68,,,,1.08,-1.2
25.675,ROTATION_SCAN,1.076,-1.198,0.299,88.92,2.85,0.75,15.0,-0.0483,0.046,-0.0068,0.403,2.474,,0.68,,,,1.08,-1.2
25.735,ROTATION_SCAN,1.0755,-1.1933,0.303,89.74,2.67,0.93,15.0,-0.0204,0.0434,-0.0018,0.394,2.438,,0.686,,,,1.08,-1.2
25.777,ROTATION_SCAN,1.0766,-1.1909,0.302,90.64,2.35,1.23,15.0,0.0053,0.0366,0.0089,0.394,2.438,,0.686,,,,1.08,-1.2
25.836,ROTATION_SCAN,1.0805,-1.1882,0.302,91.6,1.88,1.35,15.0,0.0309,0.027,0.0031,0.381,2.404,,0.697,,,,1.08,-1.2
25.907,ROTATION_SCAN,1.0835,-1.1865,0.304,92.63,1.28,1.51,15.0,0.0493,0.0158,0.0025,0.381,2.404,,0.697,,,,1.08,-1.2
25.932,ROTATION_SCAN,1.0879,-1.1855,0.3,93.66,0.66,1.57,15.0,0.0637,0.0059,0.0038,0.373,2.373,,0.708,,,,1.08,-1.2
25.991,ROTATION_SCAN,1.092,-1.1848,0.302,94.66,0.04,1.6,15.0,0.0721,-0.0037,-0.0059,0.373,2.373,,0.708,,,,1.08,-1.2
26.027,ROTATION_SCAN,1.097,-1.1846,0.302,95.66,-0.43,1.6,15.0,0.0751,-0.019,-0.0034,0.368,2.357,,0.733,,,,1.08,-1.2
26.073,ROTATION_SCAN,1.1025,-1.1862,0.304,96.59,-0.76,1.38,15.0,0.0734,-0.031,0.0006,0.368,2.357,,0.733,,,,1.08,-1.2
26.159,ROTATION_SCAN,1.1065,-1.1878,0.305,97.46,-0.9,1.19,15.0,0.0718,-0.0421,0.0024,0.371,2.372,,0.784,,,,1.08,-1.2
26.189,ROTATION_SCAN,1.111,-1.19,0.302,98.26,-1.06,0.94,15.0,0.0657,-0.0529,0.0063,0.371,2.372,,0.784,,,,1.08,-1.2
26.248,ROTATION_SCAN,1.1146,-1.1926,0.302,99.08,-1.17,0.62,15.0,0.0588,-0.0607,-0.0032,0.376,2.397,,0.934,,,,1.08,-1.2
26.285,ROTATION_SCAN,1.1169,-1.1952,0.304,99.96,-1.3,0.42,15.0,0.0483,-0.0653,-0.0042,0.376,2.397,,0.934,,,,1.08,-1.2
26.325,ROTATION_SCAN,1.1186,-1.197,0.305,100.82,-1.36,0.05,15.0,0.0366,-0.0658,0.0007,0.381,2.423,,1.605,,,,1.08,-1.2
26.381,ROTATION_SCAN,1.1194,-1.201,0.305,101.8,-1.26,-0.17,15.0,0.0235,-0.0695,0.0024,0.381,2.423,,1.605,,,,1.08,-1.2
26.448,ROTATION_SCAN,1.1192,-1.2035,0.301,102.78,-1.34,-0.43,15.0,0.0099,-0.0672,0.0001,0.385,2.547,,1.693,,,,1.08,-1.2
26.482,ROTATION_SCAN,1.1193,-1.2065,0.304,103.81,-1.14,-0.53,15.0,-0.0018,-0.0651,-0.0094,0.385,2.547,,1.693,,,,1.08,-1.2
26.538,ROTATION_SCAN,1.1173,-1.2099,0.301,104.81,-0.98,-0.74,15.0,-0.0158,-0.0629,-0.0065,0.389,2.624,,1.747,,,,1.08,-1.2
26.578,ROTATION_SCAN,1.1154,-1.2117,0.299,105.71,-0.67,-0.73,15.0,-0.0269,-0.0556,-0.0068,0.389,2.624,,1.747,,,,1.08,-1.2
26.644,ROTATION_SCAN,1.1117,-1.2116,0.299,106.59,-0.33,-0.69,15.0,-0.0381,-0.0448,-0.0128,0.394,2.713,,1.755,,,,1.08,-1.2
26.673,ROTATION_SCAN,1.1076,-1.2105,0.301,107.4,0.01,-0.61,15.0,-0.0461,-0.032,-0.0097,0.394,2.713,,1.755,,,,1.08,-1.2
26.759,ROTATION_SCAN,1.1039,-1.2091,0.3,108.24,0.29,-0.47,15.0,-0.0491,-0.0193,-0.003,0.404,2.772,,1.749,,,,1.08,-1.2
26.79,ROTATION_SCAN,1.1014,-1.2055,0.301,109.01,0.49,-0.32,15.0,-0.0478,-0.0061,-0.0043,0.404,2.772,,1.749,,,,1.08,-1.2
26.843,ROTATION_SCAN,1.0998,-1.2019,0.302,109.78,0.62,0.04,15.0,-0.0444,0.0062,-0.0031,0.407,2.79,0.981,1.705,,,,1.08,-1.2
26.885,ROTATION_SCAN,1.0964,-1.1987,0.302,110.58,0.7,0.47,15.0,-0.0394,0.0127,0.0004,0.407,2.79,0.981,1.705,,,,1.08,-1.2
26.924,ROTATION_SCAN,1.0946,-1.1943,0.302,111.39,0.68,0.82,15.0,-0.0316,0.0188,-0.0015,0.404,2.79,0.95,1.566,,,,1.08,-1.2
26.972,ROTATION_SCAN,1.0928,-1.1907,0.299,112.19,0.51,1.14,15.0,-0.0249,0.02,-0.0023,0.404,2.79,0.95,1.566,,,,1.08,-1.2
27.022,ROTATION_SCAN,1.0917,-1.1876,0.299,112.99,0.41,1.47,15.0,-0.018,0.0205,-0.0105,0.405,2.757,0.925,,,,,1.08,-1.2
27.095,ROTATION_SCAN,1.0914,-1.1838,0.299,113.74,0.37,1.6,15.0,-0.0073,0.014,-0.0106,0.405,2.757,0.925,,,,,1.08,-1.2
27.146,ROTATION_SCAN,1.091,-1.1794,0.299,114.44,0.22,1.7,15.0,0.0004,0.0114,-0.0087,0.408,2.763,0.895,1.355,,,,1.08,-1.2
27.174,ROTATION_SCAN,1.0913,-1.1775,0.299,115.2,0.05,1.64,15.0,0.0083,0.0029,-0.0087,0.408,2.763,0.895,1.355,,,,1.08,-1.2
27.234,ROTATION_SCAN,1.0942,-1.1756,0.298,116.01,-0.17,1.44,15.0,0.0195,-0.0031,-0.0071,0.406,2.711,0.849,1.356,,,,1.08,-1.2
27.275,ROTATION_SCAN,1.0954,-1.1732,0.298,116.85,-0.27,1.33,15.0,0.0236,-0.009,-0.0088,0.406,2.711,0.849,1.356,,,,1.08,-1.2
27.328,ROTATION_SCAN,1.0974,-1.1719,0.296,117.74,-0.43,1.28,15.0,0.0288,-0.014,-0.0068,0.408,,0.817,1.34,,,,1.08,-1.2
27.399,ROTATION_SCAN,1.0995,-1.1727,0.299,118.61,-0.53,1.17,15.0,0.0313,-0.0262,-0.0096,0.408,,0.817,1.34,,,,1.08,-1.2
27.444,ROTATION_SCAN,1.1014,-1.1735,0.299,119.5,-0.57,1.11,15.0,0.0357,-0.0337,-0.0028,0.416,,0.784,1.336,,,,1.08,-1.2
27.509,ROTATION_SCAN,1.1061,-1.174,0.299,120.38,-0.57,1.05,15.0,0.0401,-0.0421,0.0013,0.416,,0.784,1.336,,,,1.08,-1.2
27.528,ROTATION_SCAN,1.1099,-1.1727,0.297,121.26,-0.57,0.95,15.0,0.0449,-0.0402,0.0005,0.419,1.967,0.757,1.356,,,,1.08,-1.2
27.594,ROTATION_SCAN,1.1118,-1.1733,0.301,122.11,-0.68,0.83,15.0,0.044,-0.049,-0.0045,0.419,1.967,0.757,1.356,,,,1.08,-1.2
27.644,ROTATION_SCAN,1.1145,-1.1753,0.299,123.0,-0.74,0.71,15.0,0.0437,-0.0578,0.0045,0.421,,0.738,1.365,,,,1.08,-1.2
27.672,ROTATION_SCAN,1.1169,-1.1755,0.299,123.89,-0.76,0.44,15.0,0.0418,-0.0578,0.0006,0.421,,0.738,1.365,,,,1.08,-1.2
27.759,ROTATION_SCAN,1.1196,-1.1813,0.298,124.77,-0.88,0.09,15.0,0.039,-0.0696,-0.002,0.426,,0.718,1.386,,,,1.08,-1.2
27.806,ROTATION_SCAN,1.1205,-1.1838,0.298,125.63,-0.82,0.03,15.0,0.0314,-0.072,-0.0029,0.426,,0.718,1.386,,,,1.08,-1.2
27.861,ROTATION_SCAN,1.1197,-1.1874,0.299,126.42,-0.85,-0.08,15.0,0.0206,-0.0761,-0.0045,0.431,,0.704,1.401,,,,1.08,-1.2
27.879,ROTATION_SCAN,1.1173,-1.1894,0.299,127.18,-0.67,-0.18,15.0,0.0075,-0.0756,-0.0026,0.431,,0.704,1.401,,,,1.08,-1.2
27.937,ROTATION_SCAN,1.1119,-1.1913,0.299,128.0,-0.5,-0.24,15.0,-0.0093,-0.0737,-0.0029,0.433,,0.694,1.438,,,,1.08,-1.2
27.978,ROTATION_SCAN,1.1086,-1.1925,0.297,128.78,-0.35,-0.36,15.0,-0.0237,-0.067,-0.0028,0.433,,0.694,1.438,,,,1.08,-1.2
28.048,ROTATION_SCAN,1.104,-1.1918,0.298,129.53,-0.17,-0.32,15.0,-0.032,-0.0606,-0.0064,0.44,,0.686,1.445,,,,1.08,-1.2
28.076,ROTATION_SCAN,1.0992,-1.1902,0.293,130.25,0.09,-0.24,15.0,-0.0392,-0.0462,-0.003,0.44,,0.686,1.445,,,,1.08,-1.2
28.142,ROTATION_SCAN,1.096,-1.1864,0.296,130.96,0.33,-0.13,15.0,-0.0447,-0.0339,-0.0152,0.443,1.077,0.68,,,,,1.08,-1.2
28.173,ROTATION_SCAN,1.0931,-1.1851,0.297,131.68,0.46,0.21,15.0,-0.0433,-0.0225,-0.0047,0.443,1.077,0.68,,,,,1.08,-1.2
28.242,ROTATION_SCAN,1.0898,-1.1826,0.297,132.36,0.55,0.61,15.0,-0.0411,-0.0149,0.0022,0.45,1.051,0.683,,,,,1.08,-1.2
28.273,ROTATION_SCAN,1.0854,-1.1793,0.294,133.05,0.38,0.74,15.0,-0.0366,-0.0105,0.001,0.45,1.051,0.683,,,,,1.08,-1.2
28.382,ROTATION_SCAN,1.0818,-1.1756,0.299,133.8,0.36,0.9,15.0,-0.0341,-0.0044,-0.0077,0.455,1.032,0.681,0.556,,,,1.08,-1.2
28.389,ROTATION_SCAN,1.0797,-1.173,0.298,134.55,0.35,1.24,15.0,-0.0257,-0.0026,0.0089,0.455,1.032,0.681,0.556,,,,1.08,-1.2
28.46,ROTATION_SCAN,1.0783,-1.1709,0.299,135.38,0.24,1.45,15.0,-0.0188,-0.0033,0.0074,0.462,1.015,0.691,0.508,,,,1.08,-1.2
28.484,ROTATION_SCAN,1.0758,-1.1696,0.298,136.27,0.16,1.56,15.0,-0.0136,-0.0058,0.007,0.462,1.015,0.691,0.508,,,,1.08,-1.2
28.539,ROTATION_SCAN,1.074,-1.1678,0.299,137.16,0.04,1.65,15.0,-0.0046,-0.0106,0.0065,0.483,0.994,,0.481,,,,1.08,-1.2
28.579,ROTATION_SCAN,1.0736,-1.1661,0.298,138.03,-0.06,1.71,15.0,0.0063,-0.0157,0.0061,0.483,0.994,,0.481,,,,1.08,-1.2
28.622,ROTATION_SCAN,1.0756,-1.1661,0.299,138.94,-0.2,1.64,15.0,0.0211,-0.0256,0.0018,,0.968,,0.462,,,,1.08,-1.2
28.69,ROTATION_SCAN,1.0778,-1.1665,0.299,139.8,-0.35,1.61,15.0,0.0314,-0.0325,0.0061,,0.968,,0.462,,,,1.08,-1.2
28.753,ROTATION_SCAN,1.0808,-1.1704,0.299,140.7,-0.41,1.56,15.0,0.0441,-0.0436,0.0068,,0.941,,0.452,,,,1.08,-1.2
28.782,ROTATION_SCAN,1.0863,-1.165,0.299,141.52,-0.37,1.36,15.0,0.0576,-0.0397,0.0037,,0.941,,0.452,,,,1.08,-1.2
28.839,ROTATION_SCAN,1.0889,-1.1667,0.298,142.35,-0.5,1.19,15.0,0.063,-0.0481,0.0016,,0.916,,0.448,,,,1.08,-1.2
28.877,ROTATION_SCAN,1.0924,-1.1698,0.299,143.19,-0.6,0.89,15.0,0.068,-0.0584,0.0001,,0.916,,0.448,,,,1.08,-1.2
28.921,ROTATION_SCAN,1.0955,-1.173,0.301,144.0,-0.76,0.6,15.0,0.0687,-0.0668,0.0017,,0.886,,0.445,,,,1.08,-1.2
28.998,ROTATION_SCAN,1.0976,-1.1753,0.301,144.74,-0.86,0.23,15.0,0.065,-0.072,0.0063,,0.886,,0.445,,,,1.08,-1.2
29.029,ROTATION_SCAN,1.098,-1.178,0.3,145.49,-0.97,-0.17,15.0,0.0559,-0.0786,0.0045,,0.865,,0.448,,,,1.08,-1.2
29.094,ROTATION_SCAN,1.0998,-1.1815,0.302,146.23,-0.95,-0.44,15.0,0.0435,-0.0796,-0.0002,,0.865,,0.448,,,,1.08,-1.2
29.124,ROTATION_SCAN,1.1003,-1.187,0.301,147.04,-0.85,-0.45,15.0,0.032,-0.0883,0.0047,,0.849,,0.451,,,,1.08,-1.2
29.188,ROTATION_SCAN,1.098,-1.1903,0.3,147.86,-0.6,-0.45,15.0,0.0193,-0.0892,0.0031,,0.849,,0.451,,,,1.08,-1.2
29.222,ROTATION_SCAN,1.0956,-1.1957,0.299,148.69,-0.27,-0.4,15.0,0.0051,-0.0923,0.0002,,0.836,3.165,0.456,,,,1.08,-1.2
29.307,ROTATION_SCAN,1.0935,-1.1983,0.303,149.5,0.01,-0.32,15.0,-0.006,-0.0871,-0.0006,,0.836,3.165,0.456,,,,1.08,-1.2
29.324,ROTATION_SCAN,1.0898,-1.1999,0.304,150.3,0.23,-0.15,15.0,-0.0133,-0.0794,0.0092,,0.823,3.138,0.458,,,,1.08,-1.2
29.389,ROTATION_SCAN,1.0871,-1.2025,0.303,151.06,0.51,0.08,15.0,-0.0165,-0.0746,0.0115,,0.823,3.138,0.458,,,,1.08,-1.2
29.425,ROTATION_SCAN,1.084,-1.2043,0.306,151.82,0.63,0.27,15.0,-0.0179,-0.0661,0.005,,0.825,3.094,0.451,,,,1.08,-1.2
29.483,ROTATION_SCAN,1.0814,-1.2075,0.302,152.53,0.62,0.38,15.0,-0.0182,-0.0614,0.0092,,0.825,3.094,0.451,,,,1.08,-1.2
29.525,ROTATION_SCAN,1.0762,-1.2089,0.308,153.31,0.78,0.53,15.0,-0.0216,-0.0547,-0.0048,,0.814,3.039,0.445,,,,1.08,-1.2
29.583,ROTATION_SCAN,1.0734,-1.2099,0.3,154.1,0.85,0.65,15.0,-0.0185,-0.0474,0.0056,,0.814,3.039,0.445,,,,1.08,-1.2
29.628,ROTATION_SCAN,1.0706,-1.2112,0.303,154.9,0.86,0.8,15.0,-0.0163,-0.0391,-0.011,,0.805,2.982,0.44,,,,1.08,-1.2
29.695,ROTATION_SCAN,1.0674,-1.2119,0.301,155.66,0.85,0.96,15.0,-0.013,-0.0339,-0.0033,,0.805,2.982,0.44,,,,1.08,-1.2
29.725,ROTATION_SCAN,1.0638,-1.214,0.298,156.45,0.89,1.18,15.0,-0.0095,-0.0303,-0.005,,0.801,2.95,0.434,,,,1.08,-1.2
29.784,ROTATION_SCAN,1.0616,-1.2144,0.305,157.19,0.86,1.23,15.0,-0.0005,-0.0261,-0.0108,,0.801,2.95,0.434,,,,1.08,-1.2
29.823,ROTATION_SCAN,1.0599,-1.2149,0.3,157.87,0.81,1.31,15.0,0.004,-0.0197,0.0107,,0.79,2.94,0.427,,,,1.08,-1.2
29.872,ROTATION_SCAN,1.0573,-1.2147,0.302,158.55,0.73,1.44,15.0,0.0134,-0.0162,-0.001,,0.79,2.94,0.427,,,,1.08,-1.2
29.933,ROTATION_SCAN,1.0569,-1.216,0.3,159.16,0.57,1.5,15.0,0.0237,-0.0164,-0.0006,,0.783,2.892,0.427,,,,1.08,-1.2
29.997,ROTATION_SCAN,1.0568,-1.2164,0.306,159.81,0.45,1.49,15.0,0.0336,-0.0157,-0.002,,0.783,2.892,0.427,,,,1.08,-1.2
30.045,ROTATION_SCAN,1.0591,-1.2178,0.307,160.46,0.28,1.26,15.0,0.0438,-0.0202,0.0115,,0.776,2.855,0.422,,,,1.08,-1.2
30.092,ROTATION_SCAN,1.0591,-1.2201,0.305,161.15,0.3,1.17,15.0,0.0515,-0.0229,0.0142,,0.776,2.855,0.422,,,,1.08,-1.2
30.143,ROTATION_SCAN,1.0601,-1.2217,0.302,161.78,0.31,0.98,15.0,0.057,-0.0242,0.0022,,0.771,2.835,0.422,,,,1.08,-1.2
30.186,ROTATION_SCAN,1.0617,-1.226,0.307,162.42,0.42,0.84,15.0,0.0591,-0.031,-0.0077,,0.771,2.835,0.422,,,,1.08,-1.2
30.255,ROTATION_SCAN,1.0576,-1.2303,0.307,163.08,0.52,0.57,15.0,0.0505,-0.0355,0.0023,,0.765,2.823,0.42,,,,1.08,-1.2
30.285,ROTATION_SCAN,1.0564,-1.2329,0.306,163.81,0.67,0.48,15.0,0.0472,-0.0336,0.0018,,0.765,2.823,0.42,,,,1.08,-1.2
30.327,ROTATION_SCAN,1.0568,-1.2355,0.305,164.57,0.77,0.27,15.0,0.05,-0.031,-0.0056,,0.757,2.794,0.422,,,,1.08,-1.2
30.381,ROTATION_SCAN,1.0558,-1.2395,0.308,165.27,0.9,0.12,15.0,0.0437,-0.0331,-0.0093,,0.757,2.794,0.422,,,,1.08,-1.2
30.44,ROTATION_SCAN,1.0545,-1.2427,0.304,166.0,0.96,0.21,15.0,0.0414,-0.0267,-0.0034,,0.752,2.769,0.427,,,,1.08,-1.2
30.477,ROTATION_SCAN,1.0527,-1.2437,0.303,166.78,0.99,0.15,15.0,0.0367,-0.0184,-0.0132,,0.752,2.769,0.427,,,,1.08,-1.2
30.548,ROTATION_SCAN,1.0506,-1.2463,0.303,167.52,1.09,0.27,15.0,0.0322,-0.0141,-0.0167,,0.746,2.745,0.438,,,,1.08,-1.2
30.578,ROTATION_SCAN,1.0478,-1.2452,0.3,168.28,1.23,0.43,15.0,0.0273,-0.0035,-0.0135,,0.746,2.745,0.438,,,,1.08,-1.2
30.635,ROTATION_SCAN,1.0405,-1.2447,0.301,169.03,1.26,0.51,15.0,0.0164,0.0094,-0.0206,,0.745,2.725,0.443,,,,1.08,-1.2
30.698,ROTATION_SCAN,1.0391,-1.2441,0.299,169.81,1.3,0.63,15.0,0.0139,0.0188,-0.016,,0.745,2.725,0.443,,,,1.08,-1.2
30.749,ROTATION_SCAN,1.0348,-1.2435,0.299,170.59,1.19,0.92,15.0,0.0131,0.0295,-0.0159,,0.743,2.706,0.445,,,,1.08,-1.2
30.79,ROTATION_SCAN,1.0307,-1.2421,0.299,171.35,1.04,1.28,15.0,0.0148,0.0341,-0.012,,0.743,2.706,0.445,,,,1.08,-1.2
30.824,ROTATION_SCAN,1.0286,-1.24,0.299,172.07,0.78,1.5,15.0,0.0201,0.0405,-0.0091,,0.743,2.682,0.442,,,,1.08,-1.2
30.891,ROTATION_SCAN,1.0282,-1.2381,0.3,172.82,0.54,1.58,15.0,0.0295,0.0444,-0.0061,,0.743,2.682,0.442,,,,1.08,-1.2
30.943,ROTATION_SCAN,1.0261,-1.2357,0.299,173.51,0.35,1.5,15.0,0.0379,0.0504,-0.0017,,0.738,2.666,0.431,,,,1.08,-1.2
30.992,ROTATION_SCAN,1.0241,-1.2322,0.296,174.23,0.09,1.36,15.0,0.0428,0.0518,-0.0028,,0.738,2.666,0.431,,,,1.08,-1.2
31.029,ROTATION_SCAN,1.0252,-1.2286,0.298,174.95,0.06,1.33,15.0,0.0515,0.0537,-0.0119,,0.734,2.634,0.426,,,,1.08,-1.2
31.072,ROTATION_SCAN,1.0245,-1.2267,0.299,175.62,-0.14,1.21,15.0,0.057,0.0507,-0.0041,,0.734,2.634,0.426,,,,1.08,-1.2
31.123,ROTATION_SCAN,1.0255,-1.2243,0.3,176.32,-0.19,1.11,15.0,0.0606,0.0488,0.0003,,0.73,2.59,0.421,,,,1.08,-1.2
31.195,ROTATION_SCAN,1.0271,-1.2208,0.299,176.97,-0.28,0.93,15.0,0.0642,0.0493,0.0003,,0.73,2.59,0.421,,,,1.08,-1.2
31.224,ROTATION_SCAN,1.0299,-1.2181,0.297,177.62,-0.23,1.03,15.0,0.0696,0.0468,-0.0025,,0.726,2.573,0.412,,,,1.08,-1.2
31.287,ROTATION_SCAN,1.0313,-1.2168,0.295,178.24,-0.4,0.87,15.0,0.0724,0.0429,-0.007,,0.726,2.573,0.412,,,,1.08,-1.2
31.341,ROTATION_SCAN,1.0304,-1.2157,0.299,178.86,-0.47,0.82,15.0,0.0719,0.0359,-0.0091,,0.723,2.536,0.403,,,,1.08,-1.2
31.429,NAV_WAYPOINT,1.0311,-1.216,0.295,179.52,-0.5,0.79,15.0,0.0715,0.0285,-0.0013,,0.723,2.536,0.403,,1.54,-1.22,2.02,-0.98
31.476,NAV_WAYPOINT,1.0304,-1.2168,0.297,-179.82,-0.48,0.75,-0.0,0.0687,0.0185,-0.007,2.057,0.723,2.504,0.402,,1.54,-1.22,2.02,-0.98
31.489,NAV_WAYPOINT,1.0311,-1.2169,0.299,-179.25,-0.34,0.54,-0.0,0.0686,0.0123,-0.0005,2.057,0.723,2.504,0.402,,1.54,-1.22,2.02,-0.98
31.551,NAV_WAYPOINT,1.0324,-1.2172,0.298,-178.79,-0.41,0.3,-0.0,0.0665,0.0075,0.0097,,0.724,2.473,0.398,,1.54,-1.22,2.02,-0.98
31.581,NAV_WAYPOINT,1.0273,-1.2194,0.299,-178.42,-0.27,2.29,-0.0,0.0561,-0.0014,0.0097,,0.724,2.473,0.398,,1.54,-1.22,2.02,-0.98
31.639,NAV_WAYPOINT,1.0257,-1.2203,0.3,-178.12,-0.09,3.46,-0.0,0.0693,-0.0043,0.0064,2.077,0.724,2.456,0.402,,1.54,-1.22,2.02,-0.98
31.688,NAV_WAYPOINT,1.0263,-1.222,0.301,-177.92,-0.04,4.13,-0.0,0.0931,-0.0076,0.0055,2.077,0.724,2.456,0.402,,1.54,-1.22,2.02,-0.98
31.724,NAV_WAYPOINT,1.0288,-1.2246,0.3,-177.78,0.06,4.43,-0.0,0.1226,-0.0112,0.0022,2.014,0.724,2.433,0.399,,1.54,-1.22,2.02,-0.98
31.773,NAV_WAYPOINT,1.0325,-1.2259,0.298,-177.69,0.24,4.44,-0.0,0.1516,-0.0113,0.0007,2.014,0.724,2.433,0.399,,1.54,-1.22,2.02,-0.98
31.846,NAV_WAYPOINT,1.0393,-1.2276,0.3,-177.73,0.25,4.15,-0.0,0.1853,-0.0101,-0.0059,2.043,0.721,2.432,0.408,,1.54,-1.22,2.02,-0.98
31.877,NAV_WAYPOINT,1.0458,-1.2281,0.299,-177.86,0.34,3.8,-0.0,0.2102,-0.0063,0.0011,2.043,0.721,2.432,0.408,,1.54,-1.22,2.02,-0.98
31.946,NAV_WAYPOINT,1.0542,-1.229,0.299,-178.05,0.34,3.26,-0.0,0.2343,-0.0055,-0.0021,2.053,0.703,2.406,0.415,,1.54,-1.22,2.02,-0.98
31.984,NAV_WAYPOINT,1.0632,-1.23,0.302,-178.24,0.31,2.67,-0.0,0.2547,-0.0028,-0.0034,2.053,0.703,2.406,0.415,,1.54,-1.22,2.02,-0.98
32.048,NAV_WAYPOINT,1.0741,-1.2302,0.299,-178.38,0.33,2.11,-0.0,0.2695,-0.002,0.0033,2.063,0.681,2.419,0.421,,1.54,-1.22,2.02,-0.98
32.078,NAV_WAYPOINT,1.087,-1.2303,0.299,-178.5,0.23,1.61,-0.0,0.2798,0.0025,-0.0028,2.063,0.681,2.419,0.421,,1.54,-1.22,2.02,-0.98
32.143,NAV_WAYPOINT,1.0979,-1.2304,0.301,-178.62,0.26,1.17,-0.0,0.2806,0.0041,-0.0026,,0.657,2.411,0.43,,1.54,-1.22,2.02,-0.98
32.191,NAV_WAYPOINT,1.11,-1.23,0.301,-178.75,0.29,0.83,-0.0,0.2855,0.0067,0.0037,,0.657,2.411,0.43,,1.54,-1.22,2.02,-0.98
32.253,NAV_WAYPOINT,1.1207,-1.2304,0.299,-178.85,0.26,0.53,-0.0,0.2825,0.0072,-0.0009,2.169,0.638,2.409,0.418,,1.54,-1.22,2.02,-0.98
32.283,NAV_WAYPOINT,1.132,-1.2299,0.297,-178.92,0.2,0.4,-0.0,0.2829,0.0097,-0.0038,2.169,0.638,2.409,0.418,,1.54,-1.22,2.02,-0.98
32.326,NAV_WAYPOINT,1.1426,-1.2299,0.302,-179.0,0.15,0.5,-0.0,0.2757,0.009,-0.0081,,0.614,2.414,0.408,,1.54,-1.22,2.02,-0.98
32.383,NAV_WAYPOINT,1.1542,-1.2298,0.3,-179.06,0.14,0.71,-0.0,0.2717,0.0111,0.004,,0.614,2.414,0.408,,1.54,-1.22,2.02,-0.98
32.452,NAV_WAYPOINT,1.1645,-1.2283,0.299,-179.08,0.05,0.73,-0.0,0.2688,0.0132,-0.0013,,0.59,2.4,0.401,,1.54,-1.22,2.02,-0.98
32.484,NAV_WAYPOINT,1.1743,-1.2273,0.301,-179.1,-0.01,0.87,-0.0,0.2649,0.0141,-0.0066,,0.59,2.4,0.401,,1.54,-1.22,2.02,-0.98
32.547,NAV_WAYPOINT,1.1847,-1.2256,0.302,-179.17,-0.08,0.83,-0.0,0.2665,0.0159,0.0015,,0.572,2.398,0.394,,1.54,-1.22,2.02,-0.98
32.587,NAV_WAYPOINT,1.1941,-1.2252,0.3,-179.26,-0.25,0.84,-0.0,0.2642,0.0171,0.0042,,0.572,2.398,0.394,,1.54,-1.22,2.02,-0.98
32.624,NAV_WAYPOINT,1.2053,-1.2231,0.299,-179.32,-0.34,0.9,-0.0,0.2609,0.0145,-0.0033,2.197,0.556,2.4,0.392,,1.54,-1.22,2.02,-0.98
32.688,NAV_WAYPOINT,1.2149,-1.2213,0.302,-179.39,-0.44,0.97,-0.0,0.2617,0.0149,-0.0084,2.197,0.556,2.4,0.392,,1.54,-1.22,2.02,-0.98
32.722,NAV_WAYPOINT,1.2265,-1.2199,0.302,-179.43,-0.44,1.07,-0.0,0.2618,0.0127,-0.0003,,0.537,2.376,0.394,,1.54,-1.22,2.02,-0.98
32.79,NAV_WAYPOINT,1.2367,-1.2187,0.3,-179.45,-0.46,0.99,-0.0,0.2629,0.0106,-0.0012,,0.537,2.376,0.394,,1.54,-1.22,2.02,-0.98
32.844,NAV_WAYPOINT,1.2474,-1.2182,0.301,-179.44,-0.38,1.05,-0.0,0.2659,0.0094,-0.0091,,0.519,2.402,0.394,,1.54,-1.22,2.02,-0.98
32.873,NAV_WAYPOINT,1.2581,-1.2166,0.3,-179.45,-0.31,1.09,-0.0,0.2688,0.0081,-0.0068,,0.519,2.402,0.394,,1.54,-1.22,2.02,-0.98
32.924,NAV_WAYPOINT,1.2707,-1.2156,0.299,-179.48,-0.16,1.16,-0.0,0.2712,0.0068,-0.0075,,0.498,2.38,0.398,,1.54,-1.22,2.02,-0.98
32.971,NAV_WAYPOINT,1.2818,-1.2155,0.3,-179.58,-0.17,1.03,-0.0,0.2734,0.0071,-0.0098,,0.498,2.38,0.398,,1.54,-1.22,2.02,-0.98
33.021,NAV_WAYPOINT,1.2934,-1.2139,0.299,-179.67,-0.25,0.98,-0.0,0.274,0.0061,-0.0031,,0.483,2.394,0.4,,1.54,-1.22,2.02,-0.98
33.094,NAV_WAYPOINT,1.305,-1.2126,0.3,-179.83,-0.33,0.75,-0.0,0.2782,0.0067,-0.0005,,0.483,2.394,0.4,,1.54,-1.22,2.02,-0.98
33.149,NAV_WAYPOINT,1.3162,-1.2123,0.303,-179.88,-0.29,0.75,-0.0,0.2801,0.0036,0.004,,0.46,2.37,0.396,,1.54,-1.22,2.02,-0.98
33.172,NAV_WAYPOINT,1.3297,-1.2108,0.302,-179.86,-0.44,0.67,-0.0,0.2787,0.0042,0.0125,,0.46,2.37,0.396,,1.54,-1.22,2.02,-0.98
33.227,NAV_WAYPOINT,1.342,-1.211,0.301,-179.78,-0.47,0.66,-0.0,0.2774,0.0002,0.0088,,0.44,2.359,0.387,,1.54,-1.22,2.02,-0.98
33.273,NAV_WAYPOINT,1.3529,-1.2108,0.298,-179.63,-0.34,0.69,-0.0,0.2726,-0.0042,0.0043,,0.44,2.359,0.387,,1.54,-1.22,2.02,-0.98
33.325,NAV_WAYPOINT,1.3644,-1.2108,0.301,-179.43,-0.38,0.69,-0.0,0.2732,-0.006,-0.0036,,0.415,2.385,0.386,,1.54,-1.22,2.02,-0.98
33.387,NAV_WAYPOINT,1.3757,-1.2112,0.299,-179.22,-0.38,0.8,-0.0,0.2771,-0.0086,0.0041,,0.415,2.385,0.386,,1.54,-1.22,2.02,-0.98
33.435,NAV_WAYPOINT,1.3871,-1.2117,0.304,-178.96,-0.43,0.75,-0.0,0.2779,-0.0117,-0.0011,,0.398,2.371,0.384,,1.54,-1.22,2.02,-0.98
33.474,NAV_WAYPOINT,1.4003,-1.2121,0.303,-178.72,-0.31,0.8,-0.0,0.2738,-0.0175,0.01,,0.398,2.371,0.384,,1.54,-1.22,2.02,-0.98
33.529,NAV_WAYPOINT,1.4113,-1.2141,0.304,-178.5,-0.1,0.71,-0.0,0.277,-0.0189,0.0044,,0.372,2.399,0.39,,1.54,-1.22,2.02,-0.98
33.575,NAV_WAYPOINT,1.422,-1.2146,0.302,-178.3,-0.0,0.62,-0.0,0.2703,-0.0187,0.0027,,0.372,2.399,0.39,,1.54,-1.22,2.02,-0.98
33.623,NAV_WAYPOINT,1.4333,-1.2158,0.304,-178.15,0.19,0.56,-0.0,0.2726,-0.0213,-0.0027,,0.353,2.385,0.389,,1.54,-1.22,2.02,-0.98
33.698,NAV_WAYPOINT,1.4432,-1.2184,0.303,-178.1,0.31,0.65,-0.0,0.2678,-0.0224,-0.0022,,0.353,2.385,0.389,,1.54,-1.22,2.02,-0.98
33.729,NAV_WAYPOINT,1.455,-1.2193,0.301,-178.07,0.31,0.8,-0.0,0.2655,-0.0176,-0.0051,,0.337,2.419,0.392,,1.54,-1.22,2.02,-0.98
33.794,NAV_WAYPOINT,1.4648,-1.2209,0.302,-178.06,0.27,0.85,-0.0,0.2638,-0.0172,-0.0072,,0.337,2.419,0.392,,1.54,-1.22,2.02,-0.98
33.827,NAV_WAYPOINT,1.4753,-1.2224,0.299,-178.03,0.14,0.84,-0.0,0.2636,-0.0165,-0.0034,,0.32,2.424,0.402,,1.54,-1.22,2.02,-0.98
33.886,NAV_WAYPOINT,1.4865,-1.2234,0.302,-177.94,0.1,0.67,-0.0,0.2593,-0.0162,-0.0104,,0.32,2.424,0.402,,1.54,-1.22,2.02,-0.98
33.921,NAV_WAYPOINT,1.4966,-1.2244,0.3,-177.93,0.11,0.25,-0.0,0.261,-0.0148,-0.0033,,0.296,2.435,0.42,,1.54,-1.22,2.02,-0.98
34.014,NAV_WAYPOINT,1.5069,-1.2248,0.3,-177.94,0.2,-0.08,-0.0,0.2542,-0.0149,-0.0048,,0.296,2.435,0.42,,1.54,-1.22,2.02,-0.98
34.068,NAV_WAYPOINT,1.519,-1.2271,0.3,-177.91,0.15,-0.73,-0.0,0.2467,-0.0157,-0.0061,,0.28,2.439,0.454,,1.54,-1.22,2.02,-0.98
34.087,NAV_WAYPOINT,1.5285,-1.2279,0.303,-177.87,0.32,-1.32,-0.0,0.233,-0.014,-0.0033,,0.28,2.439,0.454,,1.54,-1.18,2.02,-0.98
34.145,NAV_WAYPOINT,1.5371,-1.2279,0.3,-177.81,0.38,-1.65,-0.0,0.2134,-0.0095,0.0013,,0.263,2.454,0.598,,1.54,-1.18,2.02,-0.98
34.178,NAV_WAYPOINT,1.5449,-1.2296,0.298,-177.85,0.54,-1.73,-0.0,0.1939,-0.0113,-0.0042,,0.263,2.454,0.598,,1.54,-1.18,2.02,-0.98
34.234,NAV_WAYPOINT,1.5516,-1.2301,0.298,-178.03,1.48,-1.89,-0.0,0.1708,-0.0056,-0.0084,,0.247,2.485,0.924,,1.54,-1.18,2.02,-0.98
34.279,NAV_WAYPOINT,1.558,-1.2327,0.3,-178.26,2.13,-2.07,-0.0,0.1484,0.0064,-0.0097,,0.247,2.485,0.924,,1.54,-1.18,2.02,-0.98
34.346,NAV_WAYPOINT,1.5636,-1.2327,0.3,-178.53,2.45,-2.32,-0.0,0.1286,0.0231,-0.0022,,0.238,2.484,,,1.54,-1.18,2.02,-0.98
34.395,NAV_WAYPOINT,1.5689,-1.2321,0.301,-178.74,2.52,-2.49,-0.0,0.1048,0.0422,-0.0024,,0.238,2.484,,,1.54,-1.18,2.02,-0.98
34.436,NAV_WAYPOINT,1.571,-1.2301,0.3,-178.86,2.44,-2.74,-0.0,0.076,0.0627,-0.0011,,0.229,2.474,,,1.54,-1.18,2.02,-0.98
34.477,NAV_WAYPOINT,1.5713,-1.2274,0.299,-178.88,2.22,-2.68,-0.0,0.0475,0.0842,-0.0038,,0.229,2.474,,,1.54,-1.18,2.02,-0.98
34.533,NAV_WAYPOINT,1.5717,-1.2209,0.299,-178.73,1.77,-2.65,-0.0,0.0209,0.1042,-0.0076,,0.223,2.49,,,1.54,-1.18,2.02,-0.98
34.573,NAV_WAYPOINT,1.5708,-1.2155,0.297,-178.52,1.43,-2.37,-0.0,-0.0044,0.1151,-0.0083,,0.223,2.49,,,1.54,-1.18,2.02,-0.98
34.646,NAV_WAYPOINT,1.5684,-1.2112,0.297,-178.26,1.04,-2.05,-0.0,-0.0273,0.123,-0.0136,,0.225,2.494,,,1.54,-1.18,2.02,-0.98
34.677,NAV_WAYPOINT,1.5653,-1.2051,0.297,-177.99,0.49,-1.77,-0.0,-0.0477,0.1294,-0.0084,,0.225,2.494,,,1.54,-1.18,2.02,-0.98
34.732,NAV_WAYPOINT,1.5608,-1.1994,0.297,-177.77,0.13,-1.14,-0.0,-0.0673,0.1308,-0.0114,,0.229,2.518,,,1.56,-1.16,2.02,-0.98
34.776,NAV_WAYPOINT,1.5561,-1.195,0.297,-177.62,-0.18,-0.59,-0.0,-0.0779,0.1273,-0.008,,0.229,2.518,,,1.56,-1.16,2.02,-0.98
34.838,NAV_WAYPOINT,1.5489,-1.1897,0.299,-177.48,-0.68,-0.19,-0.0,-0.0825,0.1204,-0.0065,,0.235,2.517,,,1.56,-1.16,2.02,-0.98
34.87,NAV_WAYPOINT,1.5428,-1.1865,0.3,-177.4,-0.72,0.55,-0.0,-0.0848,0.1089,-0.0007,,0.235,2.517,,,1.56,-1.16,2.02,-0.98
34.954,NAV_WAYPOINT,1.5384,-1.184,0.296,-177.34,-0.54,1.56,-0.0,-0.0803,0.0957,-0.0018,,0.248,2.546,,,1.56,-1.16,2.02,-0.98
34.977,NAV_WAYPOINT,1.5333,-1.1811,0.297,-177.37,-0.4,2.13,-0.0,-0.0697,0.0901,-0.0097,,0.248,2.546,,,1.56,-1.16,2.02,-0.98
35.044,NAV_WAYPOINT,1.5289,-1.1785,0.295,-177.46,-0.28,2.61,-0.0,-0.0515,0.0826,-0.0099,,0.259,2.517,,,1.56,-1.16,2.02,-0.98
35.077,NAV_WAYPOINT,1.5259,-1.176,0.295,-177.48,-0.16,2.83,-0.0,-0.0295,0.0795,-0.0151,,0.259,2.517,,,1.56,-1.16,2.02,-0.98
35.137,NAV_WAYPOINT,1.5256,-1.172,0.293,-177.54,-0.15,2.87,-0.0,-0.0072,0.0786,-0.0168,,0.26,2.526,0.496,,1.56,-1.16,2.02,-0.98
35.173,NAV_WAYPOINT,1.5238,-1.1691,0.291,-177.68,0.03,3.09,-0.0,0.0174,0.0755,-0.0181,,0.26,2.526,0.496,,1.56,-1.16,2.02,-0.98
35.23,NAV_WAYPOINT,1.5267,-1.1656,0.291,-177.91,-0.06,3.02,-0.0,0.0435,0.0764,-0.02,,0.263,2.528,0.545,,1.56,-1.16,2.02,-0.98
35.272,NAV_WAYPOINT,1.5295,-1.1634,0.29,-178.12,-0.25,2.55,-0.0,0.0731,0.0747,-0.0113,,0.263,2.528,0.545,,1.56,-1.16,2.02,-0.98
35.338,NAV_WAYPOINT,1.5352,-1.1609,0.292,-178.26,-0.57,1.98,-0.0,0.0951,0.0648,-0.0074,,0.258,2.514,0.81,,1.58,-1.16,2.02,-0.98
35.374,NAV_WAYPOINT,1.5412,-1.1597,0.289,-178.26,-0.67,1.53,-0.0,0.1096,0.0541,0.0041,,0.258,2.514,0.81,,1.58,-1.16,2.02,-0.98
35.434,NAV_WAYPOINT,1.5462,-1.158,0.29,-178.14,-0.85,1.07,-0.0,0.1194,0.0475,0.0007,,0.25,,0.881,,1.58,-1.16,2.02,-0.98
35.475,NAV_WAYPOINT,1.5511,-1.1571,0.292,-177.99,-0.87,0.86,-0.0,0.1266,0.0359,0.0075,,0.25,,0.881,,1.58,-1.12,2.02,-0.98
35.529,NAV_WAYPOINT,1.557,-1.1565,0.292,-177.77,-0.85,0.63,-0.0,0.1304,0.0251,0.015,,0.243,2.544,0.906,,1.58,-1.12,2.02,-0.98
35.57,NAV_WAYPOINT,1.5641,-1.1561,0.293,-177.54,-0.55,0.09,-0.0,0.1376,0.0167,0.0215,,0.243,2.544,0.906,,1.58,-1.12,2.02,-0.98
35.637,NAV_WAYPOINT,1.5697,-1.157,0.296,-177.33,0.53,-0.06,-0.0,0.132,0.0111,0.024,,0.23,2.554,,,1.58,-1.12,2.02,-0.98
35.688,NAV_WAYPOINT,1.5753,-1.157,0.293,-177.15,0.91,-0.42,-0.0,0.1261,0.014,0.0261,,0.23,2.554,,,1.58,-1.12,2.02,-0.98
35.729,NAV_WAYPOINT,1.5794,-1.157,0.299,-176.89,1.28,-0.93,-0.0,0.1161,0.0215,0.0206,,0.222,2.589,,,1.58,-1.12,2.02,-0.98
35.777,NAV_WAYPOINT,1.5847,-1.1574,0.299,-176.73,1.45,-1.11,-0.0,0.1061,0.0282,0.0292,,0.222,2.589,,,1.58,-1.12,2.02,-0.98
35.831,NAV_WAYPOINT,1.5884,-1.1549,0.298,-176.57,1.74,-1.3,-0.0,0.0931,0.0423,0.0252,,0.211,2.595,,,1.58,-1.12,2.02,-0.98
35.881,NAV_WAYPOINT,1.5921,-1.1532,0.303,-176.49,1.81,-1.54,-0.0,0.0785,0.0555,0.0152,,0.211,2.595,,,1.58,-1.12,2.02,-0.98
35.959,NAV_WAYPOINT,1.5951,-1.1491,0.303,-176.48,1.7,-1.55,-0.0,0.0606,0.0731,0.0248,,0.213,2.626,,,1.58,-1.12,2.02,-0.98
35.999,NAV_WAYPOINT,1.5969,-1.1439,0.302,-176.46,1.49,-1.57,-0.0,0.0464,0.0865,0.0194,,0.213,2.626,,,1.58,-1.12,2.02,-0.98
36.042,NAV_WAYPOINT,1.5971,-1.1402,0.305,-176.46,1.24,-1.45,-0.0,0.0274,0.0947,0.0117,,0.224,2.615,,,1.6,-1.1,2.02,-0.98
36.099,NAV_WAYPOINT,1.5954,-1.1347,0.308,-176.49,0.98,-1.33,-0.0,0.008,0.1071,0.0126,,0.224,2.615,,,1.6,-1.1,2.02,-0.98
36.13,NAV_WAYPOINT,1.5945,-1.1305,0.305,-176.6,0.58,-0.93,-0.0,-0.0059,0.1128,0.0111,,0.255,2.624,,,1.6,-1.1,2.02,-0.98
36.172,NAV_WAYPOINT,1.5906,-1.1242,0.306,-176.79,0.42,-0.26,-0.0,-0.017,0.1167,0.0001,,0.255,2.624,,,1.62,-1.1,2.02,-0.98
36.257,NAV_WAYPOINT,1.5891,-1.1183,0.305,-176.94,0.24,0.44,-0.0,-0.0201,0.1184,-0.0051,,,2.613,,,1.62,-1.1,2.02,-0.98
36.304,NAV_WAYPOINT,1.5871,-1.1129,0.306,-177.1,-0.34,1.14,-0.0,-0.0149,0.1183,-0.0141,,,2.613,,,1.62,-1.1,2.02,-0.98
36.34,NAV_WAYPOINT,1.5857,-1.1076,0.307,-177.26,-0.63,1.82,-0.0,-0.0081,0.1155,-0.0161,,1.213,2.601,,,1.62,-1.1,2.02,-0.98
36.374,NAV_WAYPOINT,1.5847,-1.1019,0.307,-177.35,-0.95,2.15,-0.0,0.008,0.1113,-0.0141,,1.213,2.601,,,1.62,-1.1,2.02,-0.98
36.443,NAV_WAYPOINT,1.5851,-1.0947,0.303,-177.51,-1.29,2.16,-0.0,0.0262,0.1048,-0.0145,,1.298,2.607,,,1.62,-1.1,2.02,-0.98
36.475,NAV_WAYPOINT,1.5861,-1.0895,0.3,-177.66,-1.61,2.15,-0.0,0.0433,0.0941,-0.0227,,1.298,2.607,,,1.62,-1.1,2.02,-0.98
36.525,NAV_WAYPOINT,1.588,-1.0847,0.301,-177.82,-2.02,1.95,-0.0,0.0602,0.0808,-0.0244,,1.314,2.596,,,1.62,-1.1,2.02,-0.98
36.593,NAV_WAYPOINT,1.5917,-1.083,0.301,-177.87,-2.33,1.56,-0.0,0.0738,0.0574,-0.0159,,1.314,2.596,,,1.62,-1.1,2.02,-0.98
36.648,NAV_WAYPOINT,1.5961,-1.0813,0.299,-177.88,-2.52,1.15,-0.0,0.0898,0.0356,-0.015,,1.3,2.6,,,1.62,-1.1,2.02,-0.98
36.699,NAV_WAYPOINT,1.6012,-1.0808,0.297,-177.94,-2.35,0.92,-0.0,0.1006,0.0132,-0.0202,,1.3,2.6,,,1.62,-1.08,2.02,-0.98
36.788,NAV_WAYPOINT,1.6057,-1.0809,0.299,-177.98,-2.16,0.55,-0.0,0.1059,-0.0071,-0.0223,,1.297,2.613,,,1.64,-1.08,2.02,-0.98
36.806,NAV_WAYPOINT,1.611,-1.0826,0.293,-177.93,-2.07,0.07,-0.0,0.1089,-0.0263,-0.0122,,1.297,2.613,,,1.64,-1.08,2.02,-0.98
36.831,NAV_WAYPOINT,1.6157,-1.0847,0.294,-177.83,-1.59,-0.59,-0.0,0.1066,-0.0453,-0.0238,,1.278,2.618,,,1.64,-1.06,2.02,-0.98
36.888,NAV_WAYPOINT,1.6215,-1.0873,0.295,-177.76,-0.91,-0.88,-0.0,0.1016,-0.0568,-0.0132,,1.278,2.618,,,1.64,-1.06,2.02,-0.98
36.923,NAV_WAYPOINT,1.6252,-1.091,0.293,-177.66,0.06,-0.27,-0.0,0.093,-0.0643,-0.0049,,1.273,2.635,,,1.64,-1.06,2.02,-0.98
36.984,NAV_WAYPOINT,1.6284,-1.0958,0.292,-177.54,1.01,-0.24,-0.0,0.0871,-0.065,-0.008,,1.273,2.635,,,1.64,-1.06,2.02,-0.98
37.037,NAV_WAYPOINT,1.6318,-1.0994,0.291,-177.48,1.93,-0.39,-0.0,0.0817,-0.0549,-0.0065,,1.272,2.655,,,1.64,-1.06,2.02,-0.98
37.077,NAV_WAYPOINT,1.6341,-1.1007,0.293,-177.51,2.81,-0.44,-0.0,0.0727,-0.0332,-0.005,,1.272,2.655,,,1.64,-1.06,2.02,-0.98
37.136,NAV_WAYPOINT,1.637,-1.1006,0.291,-177.65,3.43,-0.35,-0.0,0.0665,-0.0038,0.001,,1.259,2.658,,,1.64,-1.06,2.02,-0.98
37.175,NAV_WAYPOINT,1.6397,-1.0998,0.292,-177.75,3.58,-0.43,-0.0,0.0622,0.0289,-0.0001,,1.259,2.658,,,1.64,-1.06,2.02,-0.98
37.22,NAV_WAYPOINT,1.6412,-1.096,0.294,-177.89,3.37,-0.45,-0.0,0.0512,0.0641,0.0038,,1.259,2.678,,,1.64,-1.06,2.02,-0.98
37.279,NAV_WAYPOINT,1.6429,-1.0896,0.292,-178.09,3.02,-0.46,-0.0,0.0449,0.0946,0.0082,,1.259,2.678,,,1.68,-1.06,2.02,-0.98
37.345,NAV_WAYPOINT,1.6443,-1.0823,0.297,-178.38,2.39,-0.52,-0.0,0.0385,0.1235,0.0008,,1.257,2.669,,,1.68,-1.06,2.02,-0.98
37.375,NAV_WAYPOINT,1.6451,-1.0737,0.296,-178.72,1.75,-0.19,-0.0,0.0292,0.1471,0.0129,,1.257,2.669,,,1.68,-1.06,2.02,-0.98
37.437,NAV_WAYPOINT,1.6437,-1.0649,0.298,-179.02,0.96,0.66,-0.0,0.0241,0.1661,0.0098,,1.253,2.636,,,1.68,-1.06,2.02,-0.98
37.475,NAV_WAYPOINT,1.6435,-1.056,0.299,-179.23,0.2,1.01,-0.0,0.0301,0.173,0.0111,,1.253,2.636,,,1.68,-1.06,2.02,-0.98
37.521,NAV_WAYPOINT,1.6427,-1.0469,0.299,-179.47,-0.63,1.2,-0.0,0.0331,0.1734,0.0149,,1.261,2.649,,,1.68,-1.06,2.02,-0.98
37.612,NAV_WAYPOINT,1.6431,-1.0356,0.301,-179.78,-1.44,1.43,-0.0,0.041,0.1685,0.0169,,1.261,2.649,,,1.68,-1.06,2.02,-0.98
37.643,NAV_WAYPOINT,1.6437,-1.0271,0.302,179.87,-2.37,1.56,-0.0,0.0484,0.1529,0.0185,,1.26,2.628,,,1.68,-1.06,2.02,-0.98
37.697,NAV_WAYPOINT,1.6448,-1.02,0.302,179.49,-3.1,1.61,-0.0,0.0587,0.1311,0.019,,1.26,2.628,,,1.68,-1.06,2.02,-0.98
37.722,NAV_WAYPOINT,1.6478,-1.0158,0.301,179.16,-3.56,1.59,-0.0,0.0697,0.1036,0.0151,,1.253,2.61,,,1.68,-1.06,2.02,-0.98
37.774,NAV_WAYPOINT,1.6511,-1.0117,0.301,178.83,-3.72,1.47,-0.0,0.083,0.0671,0.0075,,1.253,2.61,,,1.68,-1.06,2.02,-0.98
37.821,NAV_WAYPOINT,1.6545,-1.0084,0.306,178.52,-3.93,1.4,-0.0,0.095,0.037,0.0071,,1.244,2.585,,,1.68,-1.06,2.02,-0.98
37.874,NAV_WAYPOINT,1.6584,-1.0076,0.301,178.23,-3.98,1.21,-0.0,0.0996,0.0016,0.0185,,1.244,2.585,,,1.68,-1.06,2.02,-0.98
37.923,NAV_WAYPOINT,1.6631,-1.0083,0.301,178.02,-3.85,0.75,-0.0,0.106,-0.033,0.0018,,1.253,2.613,,,1.68,-1.06,2.02,-0.98
37.989,NAV_WAYPOINT,1.6681,-1.0104,0.305,177.89,-3.6,0.37,-0.0,0.1089,-0.0686,0.0032,,1.253,2.613,,,1.68,-1.06,2.02,-0.98
38.025,NAV_WAYPOINT,1.6724,-1.0135,0.304,177.86,-3.09,0.11,-0.0,0.1056,-0.0976,0.0128,,1.247,2.605,,,1.68,-1.06,2.02,-0.98
38.081,NAV_WAYPOINT,1.6755,-1.0201,0.303,177.88,-2.54,-0.26,-0.0,0.0966,-0.1238,0.0069,,1.247,2.605,,,1.68,-1.06,2.02,-0.98
38.14,NAV_WAYPOINT,1.6787,-1.0271,0.304,177.92,-1.72,-0.38,-0.0,0.0869,-0.1403,0.005,,1.231,2.587,,,1.68,-1.06,2.02,-0.98
38.192,NAV_WAYPOINT,1.6808,-1.0322,0.305,178.02,-1.0,-0.57,-0.0,0.0759,-0.1501,0.0082,,1.231,2.587,,,1.68,-1.02,2.02,-0.98
38.221,NAV_WAYPOINT,1.6824,-1.0395,0.305,178.17,-0.21,-0.72,-0.0,0.0656,-0.1572,0.0101,,1.224,2.598,,,1.7,-1.0,2.02,-0.98
38.281,NAV_WAYPOINT,1.6845,-1.0473,0.305,178.34,0.34,-0.98,-0.0,0.0544,-0.1546,0.0094,,1.224,2.598,,,1.7,-1.0,2.02,-0.98
38.346,NAV_WAYPOINT,1.6865,-1.0533,0.307,178.5,1.48,-0.82,-0.0,0.045,-0.1463,0.0101,,1.227,2.596,,,1.7,-1.0,2.02,-0.98
38.381,NAV_WAYPOINT,1.6874,-1.0612,0.31,178.62,3.18,-0.3,-0.0,0.0391,-0.1219,0.0101,,1.227,2.596,,,1.7,-1.0,2.02,-0.98
38.438,NAV_WAYPOINT,1.6872,-1.0656,0.309,178.71,4.33,0.03,-0.0,0.0313,-0.0875,0.0107,,1.243,2.621,,,1.7,-1.0,2.02,-0.98
38.479,NAV_WAYPOINT,1.6864,-1.0682,0.308,178.74,5.06,0.18,-0.0,0.029,-0.0436,0.004,,1.243,2.621,,,1.7,-1.0,2.02,-0.98
38.519,NAV_WAYPOINT,1.6864,-1.069,0.312,178.8,5.19,0.39,-0.0,0.0291,0.0025,-0.0021,,1.237,2.634,,,1.7,-1.0,2.02,-0.98
38.574,NAV_WAYPOINT,1.6872,-1.0665,0.309,178.83,5.2,0.44,-0.0,0.0302,0.0555,0.0083,,1.237,2.634,,,1.7,-1.0,2.02,-0.98
38.64,NAV_WAYPOINT,1.687,-1.0592,0.31,178.77,4.8,0.55,-0.0,0.0302,0.1039,-0.0035,,1.24,2.628,,,1.7,-1.0,2.02,-0.98
38.695,NAV_WAYPOINT,1.686,-1.0521,0.312,178.71,4.08,0.56,-0.0,0.0321,0.1487,-0.0016,,1.24,2.628,,,1.7,-1.0,2.02,-0.98
38.721,NAV_WAYPOINT,1.6854,-1.0416,0.308,178.63,3.25,0.45,-0.0,0.0339,0.1836,0.0033,,1.234,2.641,,,1.7,-1.0,2.02,-0.98
38.777,NAV_WAYPOINT,1.6845,-1.0316,0.313,178.51,2.25,0.44,-0.0,0.0318,0.2167,-0.0094,,1.234,2.641,,,1.7,-1.0,2.02,-0.98
38.832,NAV_WAYPOINT,1.6842,-1.0202,0.309,178.35,1.22,0.5,-0.0,0.0298,0.2312,0.0011,,1.229,2.656,,,1.72,-1.0,2.02,-0.98
38.905,NAV_WAYPOINT,1.6847,-1.0079,0.308,178.17,0.26,0.45,-0.0,0.0333,0.2401,-0.0101,,1.229,2.656,,,1.72,-1.0,2.02,-0.98
38.937,NAV_WAYPOINT,1.6859,-0.9938,0.312,177.98,-1.01,0.39,-0.0,0.0359,0.2339,-0.0108,,1.216,2.64,,,1.72,-1.0,2.02,-0.98
39.002,NAV_WAYPOINT,1.6859,-0.9838,0.306,177.79,-1.9,1.19,-0.0,0.0373,0.2178,-0.0015,,1.216,2.64,,,1.72,-1.0,2.02,-0.98
39.038,NAV_WAYPOINT,1.6861,-0.9742,0.31,177.56,-2.67,1.47,-0.0,0.045,0.1966,-0.019,,1.219,2.641,,,1.72,-1.0,2.02,-0.98
39.073,NAV_WAYPOINT,1.6869,-0.9657,0.31,177.33,-3.38,1.53,-0.0,0.053,0.1726,-0.0083,,1.219,2.641,,,1.72,-1.0,2.02,-0.98
39.132,NAV_WAYPOINT,1.6886,-0.9576,0.309,177.0,-3.95,1.64,-0.0,0.0634,0.1352,-0.0093,,1.213,2.633,,,1.72,-1.0,2.02,-0.98
39.184,NAV_WAYPOINT,1.6901,-0.9523,0.307,176.69,-4.34,1.73,-0.0,0.0708,0.0972,-0.0106,,1.213,2.633,,,1.72,-1.0,2.02,-0.98
39.22,NAV_WAYPOINT,1.6927,-0.9484,0.308,176.39,-4.5,1.63,-0.0,0.0811,0.0556,-0.0145,,1.214,2.653,,,1.72,-1.0,2.02,-0.98
39.272,NAV_WAYPOINT,1.6962,-0.9464,0.306,176.15,-4.44,1.43,-0.0,0.0887,0.0164,-0.0094,,1.214,2.653,,,1.72,-1.0,2.02,-0.98
39.338,NAV_WAYPOINT,1.7005,-0.9469,0.301,175.91,-4.24,1.17,-0.0,0.0953,-0.026,-0.0171,,1.214,2.644,,,1.72,-1.0,2.02,-0.98
39.376,NAV_WAYPOINT,1.7044,-0.9497,0.304,175.79,-3.92,0.91,-0.0,0.1011,-0.0649,-0.0279,,1.214,2.644,,,1.72,-1.0,2.02,-0.98
39.444,NAV_WAYPOINT,1.7092,-0.955,0.303,175.71,-3.41,0.52,-0.0,0.1037,-0.1013,-0.0142,,1.21,2.641,,,1.72,-1.0,2.02,-0.98
39.49,NAV_WAYPOINT,1.7139,-0.9617,0.305,175.7,-2.92,0.09,-0.0,0.1017,-0.1328,-0.0111,,1.21,2.641,,,1.72,-1.0,2.02,-0.98
39.526,NAV_WAYPOINT,1.7177,-0.9695,0.3,175.79,-2.1,-0.21,-0.0,0.095,-0.1512,-0.0032,,1.195,2.641,,,1.72,-1.0,2.02,-0.98
39.569,NAV_WAYPOINT,1.7201,-0.9772,0.302,175.95,-1.34,-0.55,-0.0,0.0848,-0.1681,-0.0099,,1.195,2.641,,,1.84,-0.98,2.02,-0.98
39.634,NAV_WAYPOINT,1.7238,-0.9858,0.304,176.15,-0.59,-0.66,-0.0,0.0787,-0.1767,-0.0058,,1.191,2.656,,,1.84,-0.98,2.02,-0.98
39.689,NAV_WAYPOINT,1.7276,-0.9945,0.301,176.37,0.35,-0.64,-0.0,0.0716,-0.1773,0.0057,,1.191,2.656,,,1.84,-0.98,2.02,-0.98
39.735,NAV_WAYPOINT,1.7287,-1.0028,0.299,176.65,1.68,1.42,-0.0,0.0692,-0.164,-0.0034,,1.196,2.649,,,1.84,-0.98,2.02,-0.98
39.774,NAV_WAYPOINT,1.7305,-1.0094,0.302,176.99,2.25,2.9,-0.0,0.0867,-0.1486,-0.0112,,1.196,2.649,,,1.84,-0.98,2.02,-0.98
39.819,NAV_WAYPOINT,1.7344,-1.0154,0.303,177.33,2.95,3.64,-0.0,0.111,-0.121,-0.0037,,1.22,2.677,,,1.84,-0.98,2.02,-0.98
39.878,NAV_WAYPOINT,1.7377,-1.0194,0.302,177.68,3.36,3.98,-0.0,0.1447,-0.0916,-0.0001,,1.22,2.677,,,1.84,-0.98,2.02,-0.98
39.957,NAV_WAYPOINT,1.7453,-1.0223,0.304,178.01,3.44,3.99,-0.0,0.1759,-0.0593,-0.0042,,,2.687,,,1.84,-0.98,2.02,-0.98
39.979,NAV_WAYPOINT,1.7543,-1.0239,0.3,178.25,3.44,3.65,-0.0,0.2078,-0.0285,-0.0004,,,2.687,,,1.84,-0.98,2.02,-0.98
40.036,NAV_WAYPOINT,1.7654,-1.0234,0.302,178.45,3.22,3.11,-0.0,0.2385,0.0053,-0.0072,,1.186,2.687,,,1.84,-0.98,2.02,-0.98
40.075,NAV_WAYPOINT,1.776,-1.0215,0.299,178.66,2.9,2.48,-0.0,0.2552,0.0347,-0.0053,,1.186,2.687,,,1.84,-0.98,2.02,-0.98
40.121,NAV_WAYPOINT,1.7877,-1.0183,0.299,178.8,2.55,1.79,-0.0,0.2767,0.0621,-0.0099,,1.147,2.597,,,1.84,-0.98,2.02,-0.98
40.179,NAV_WAYPOINT,1.7973,-1.015,0.298,178.89,2.19,0.68,-0.0,0.284,0.0847,-0.0076,,1.147,2.597,,,1.84,-0.98,2.02,-0.98
40.26,NAV_WAYPOINT,1.8114,-1.0109,0.299,178.99,1.65,-0.17,-0.0,0.2799,0.1003,-0.0088,,1.105,,,,1.84,-0.98,2.02,-0.98
40.278,NAV_WAYPOINT,1.827,-1.0036,0.299,179.04,0.98,-0.89,-0.0,0.2728,0.1129,-0.0057,,1.105,,,,1.84,-0.98,2.02,-0.98
40.335,NAV_WAYPOINT,1.8383,-0.999,0.3,179.06,0.4,-1.66,-0.0,0.2561,0.1172,-0.0024,,1.075,,,,1.84,-0.96,2.02,-0.98
40.37,NAV_WAYPOINT,1.8483,-0.9936,0.301,179.13,0.12,-2.43,-0.0,0.2293,0.1156,0.0018,,1.075,,,,1.84,-0.96,2.02,-0.98
40.419,NAV_WAYPOINT,1.8583,-0.989,0.3,179.28,-0.1,-3.15,-0.0,0.2098,0.1192,0.0032,,1.047,0.103,,,1.84,-0.96,2.02,-0.98
40.486,NAV_WAYPOINT,1.8655,-0.9842,0.299,179.39,-0.1,-3.58,-0.0,0.1718,0.1152,-0.0019,,1.047,0.103,,,1.84,-0.96,2.02,-0.98
40.525,NAV_WAYPOINT,1.8723,-0.9799,0.303,179.46,-0.29,-3.91,-0.0,0.1351,0.108,-0.0057,,1.033,0.133,,,1.84,-0.96,2.02,-0.98
40.603,NAV_WAYPOINT,1.8768,-0.9757,0.3,179.44,-0.62,-4.01,-0.0,0.0965,0.1049,0.0004,,1.033,0.133,,,1.84,-0.96,2.02,-0.98
40.626,NAV_WAYPOINT,1.8776,-0.9716,0.299,179.4,-0.89,-3.97,-0.0,0.0564,0.0975,-0.0071,2.207,1.021,0.154,,,1.84,-0.96,2.02,-0.98
40.684,NAV_WAYPOINT,1.8791,-0.9685,0.301,179.35,-1.05,-3.69,-0.0,0.0194,0.0884,-0.0152,2.207,1.021,0.154,,,1.84,-0.96,2.02,-0.98
40.726,NAV_WAYPOINT,1.8775,-0.9634,0.301,179.36,-1.27,-3.29,-0.0,-0.0168,0.0762,-0.013,,1.024,0.162,,,1.84,-0.96,2.02,-0.98
40.82,NAV_WAYPOINT,1.874,-0.9616,0.298,179.56,-1.05,-2.99,-0.0,-0.0481,0.0624,-0.0088,,1.024,0.162,,,1.84,-0.96,2.02,-0.98
40.824,NAV_WAYPOINT,1.8678,-0.9608,0.299,179.78,-0.72,-2.58,-0.0,-0.0755,0.0526,-0.0133,,1.024,0.16,,,1.84,-0.96,2.02,-0.98
40.888,NAV_WAYPOINT,1.8621,-0.9617,0.299,179.88,-0.55,-1.96,-0.0,-0.0977,0.0409,-0.0029,,1.024,0.16,,,1.92,-0.96,2.02,-0.98
40.974,NAV_WAYPOINT,1.8553,-0.9611,0.298,179.92,-0.53,-1.07,-0.0,-0.1151,0.034,-0.0015,,1.035,0.167,,,1.92,-0.96,2.02,-0.98
41.011,NAV_WAYPOINT,1.8488,-0.9613,0.297,-179.94,-0.5,-0.14,-0.0,-0.1252,0.0272,0.0015,,1.035,0.167,,,1.92,-0.96,2.02,-0.98
41.036,NAV_WAYPOINT,1.8416,-0.9611,0.301,-179.71,-0.21,2.47,-0.0,-0.1142,0.0211,0.007,,1.048,0.181,,,1.92,-0.96,2.02,-0.98
41.075,NAV_WAYPOINT,1.8337,-0.9624,0.302,-179.56,0.09,4.08,-0.0,-0.0871,0.017,0.0172,,1.048,0.181,,,1.92,-0.96,2.02,-0.98
41.12,NAV_WAYPOINT,1.8308,-0.9629,0.3,-179.63,0.27,4.99,-0.0,-0.0435,0.0159,0.0184,,1.062,0.175,,,1.92,-0.96,2.02,-0.98
41.18,NAV_WAYPOINT,1.8305,-0.9628,0.303,-179.73,0.3,5.76,-0.0,0.0047,0.0163,0.0102,,1.062,0.175,,,1.92,-0.96,2.02,-0.98
41.253,NAV_WAYPOINT,1.8325,-0.9621,0.301,-179.93,0.09,6.23,-0.0,0.0611,0.0174,0.0118,,1.066,0.172,,,1.92,-0.96,2.02,-0.98
41.304,NAV_WAYPOINT,1.838,-0.9619,0.303,179.79,-0.15,6.17,-0.0,0.1222,0.0149,0.0045,,1.066,0.172,,,1.92,-0.96,2.02,-0.98
41.337,NAV_WAYPOINT,1.8467,-0.9623,0.302,179.54,-0.38,5.7,-0.0,0.1771,0.0101,0.0023,,1.054,0.155,,,1.92,-0.96,2.02,-0.98
41.374,NAV_WAYPOINT,1.861,-0.9623,0.302,179.3,-0.25,5.11,-0.0,0.2297,0.0059,-0.0009,,1.054,0.155,,,1.92,-0.96,2.02,-0.98
41.419,NAV_WAYPOINT,1.8741,-0.9627,0.299,178.96,-0.49,4.13,-0.0,0.2703,-0.0002,-0.0051,,1.035,0.152,,,1.92,-0.96,2.02,-0.98
41.484,NAV_WAYPOINT,1.8888,-0.963,0.303,178.63,-0.46,2.7,-0.0,0.3004,-0.0055,-0.0139,,1.035,0.152,,,1.92,-0.96,2.02,-0.98
41.542,NAV_WAYPOINT,1.9049,-0.9633,0.302,178.42,-0.44,1.27,-0.0,0.3182,-0.0095,-0.0014,,1.003,0.16,,,2.02,-0.98,2.02,-0.98
41.623,NAV_WAYPOINT,1.9204,-0.9644,0.305,178.28,-0.29,-0.29,-0.0,0.3193,-0.0151,-0.0016,,1.003,0.16,,,2.02,-0.98,2.02,-0.98
41.638,NAV_WAYPOINT,1.9393,-0.966,0.302,178.33,-0.29,-1.63,-0.0,0.3169,-0.0194,0.0026,,0.966,0.164,,,2.02,-0.98,2.02,-0.98
41.677,NAV_WAYPOINT,1.9528,-0.9677,0.301,178.56,-0.32,-1.78,-0.0,0.2958,-0.0239,-0.0106,,0.966,0.164,,,2.02,-0.98,2.02,-0.98
41.738,NAV_WAYPOINT,1.9641,-0.9688,0.298,178.78,-0.59,-1.17,-0.0,0.2754,-0.0279,-0.0083,,0.938,0.155,,,2.02,-0.98,2.02,-0.98
41.804,NAV_WAYPOINT,1.9754,-0.9701,0.299,179.08,-0.27,-0.84,-0.0,0.2622,-0.0313,-0.0073,,0.938,0.155,,,2.02,-0.98,2.02,-0.98
41.834,NAV_WAYPOINT,1.9855,-0.9723,0.301,179.31,0.01,-1.03,-0.0,0.2467,-0.034,-0.0045,,0.914,0.152,,,2.02,-0.98,2.02,-0.98
41.895,ROTATION_SCAN,1.9993,-0.9751,0.303,179.76,0.33,-1.27,-0.0,0.2332,-0.033,0.0055,,0.914,0.152,,,,,2.02,-0.98
41.938,ROTATION_SCAN,2.0084,-0.977,0.304,-179.99,0.45,-1.68,-0.0,0.2145,-0.0307,0.0057,,0.9,0.171,,,,,2.02,-0.98
41.976,ROTATION_SCAN,2.0165,-0.9784,0.3,-179.81,0.38,-2.07,15.0,0.1928,-0.0263,0.0075,,0.9,0.171,,,,,2.02,-0.98
42.02,ROTATION_SCAN,2.0235,-0.9785,0.306,-179.69,0.25,-2.91,15.0,0.1674,-0.0237,-0.004,,0.883,0.301,,,,,2.02,-0.98
42.104,ROTATION_SCAN,2.0293,-0.9801,0.302,-179.45,0.32,-3.32,15.0,0.1376,-0.0215,0.0051,,0.883,0.301,,,,,2.02,-0.98
42.131,ROTATION_SCAN,2.0335,-0.9803,0.301,-179.04,0.26,-3.35,15.0,0.1054,-0.0181,-0.0046,,0.867,0.35,,,,,2.02,-0.98
42.17,ROTATION_SCAN,2.0372,-0.9811,0.303,-178.37,0.19,-3.51,15.0,0.0742,-0.0162,-0.0126,,0.867,0.35,,,,,2.02,-0.98
42.226,ROTATION_SCAN,2.0372,-0.9822,0.302,-177.7,0.15,-3.4,15.0,0.037,-0.0168,-0.0092,,0.861,0.38,,,,,2.02,-0.98
42.286,ROTATION_SCAN,2.0355,-0.9842,0.299,-176.98,0.03,-2.96,15.0,0.0031,-0.0191,-0.0115,,0.861,0.38,,,,,2.02,-0.98
42.319,ROTATION_SCAN,2.0313,-0.9865,0.301,-176.24,-0.03,-2.51,15.0,-0.0321,-0.0223,-0.0193,,0.865,0.404,,,,,2.02,-0.98
42.37,ROTATION_SCAN,2.0263,-0.987,0.297,-175.43,-0.05,-2.03,15.0,-0.0564,-0.0247,-0.0139,,0.865,0.404,,,,,2.02,-0.98
42.422,ROTATION_SCAN,2.0204,-0.9892,0.296,-174.62,-0.06,-1.29,15.0,-0.0768,-0.0277,-0.02,,0.869,0.416,,,,,2.02,-0.98
42.487,ROTATION_SCAN,2.0138,-0.9916,0.297,-173.84,0.04,-0.55,15.0,-0.0908,-0.0304,-0.02,,0.869,0.416,,,,,2.02,-0.98
42.519,ROTATION_SCAN,2.0077,-0.9938,0.295,-173.28,0.06,0.07,15.0,-0.0995,-0.0325,-0.0133,,0.886,0.418,,,,,2.02,-0.98
42.58,ROTATION_SCAN,2.0005,-0.9975,0.294,-172.71,0.09,0.81,15.0,-0.1031,-0.0359,-0.0134,,0.886,0.418,,,,,2.02,-0.98
42.621,ROTATION_SCAN,1.9941,-0.9993,0.294,-172.33,0.13,1.09,15.0,-0.0948,-0.0344,-0.0148,,0.896,0.393,,,,,2.02,-0.98
42.681,ROTATION_SCAN,1.9891,-1.0013,0.294,-172.01,0.22,1.43,15.0,-0.088,-0.032,-0.0124,,0.896,0.393,,,,,2.02,-0.98
42.729,ROTATION_SCAN,1.9829,-1.0056,0.29,-171.72,0.3,1.8,15.0,-0.0768,-0.0316,-0.0072,,0.907,,,,,,2.02,-0.98
42.794,ROTATION_SCAN,1.9783,-1.008,0.29,-171.23,0.49,2.04,15.0,-0.0616,-0.0296,-0.0182,,0.907,,,,,,2.02,-0.98
42.829,ROTATION_SCAN,1.9758,-1.0118,0.291,-170.59,0.78,1.82,15.0,-0.0469,-0.0248,-0.0165,,0.917,0.159,,,,,2.02,-0.98
42.884,ROTATION_SCAN,1.9728,-1.0128,0.292,-169.94,0.97,2.04,15.0,-0.0315,-0.0171,-0.0046,,0.917,0.159,,,,,2.02,-0.98
42.925,ROTATION_SCAN,1.9716,-1.015,0.294,-169.4,1.04,2.13,15.0,-0.0189,-0.0094,-0.001,,0.926,0.139,,,,,2.02,-0.98
42.968,ROTATION_SCAN,1.9705,-1.0164,0.295,-168.86,1.03,2.01,15.0,-0.0026,0.0012,0.006,,0.926,0.139,,,,,2.02,-0.98
43.024,ROTATION_SCAN,1.9706,-1.0162,0.293,-168.27,0.96,1.86,15.0,0.0093,0.0126,0.0078,2.168,0.931,0.147,,,,,2.02,-0.98
43.088,ROTATION_SCAN,1.9697,-1.0152,0.295,-167.58,0.65,2.15,15.0,0.0193,0.0237,0.0012,2.168,0.931,0.147,,,,,2.02,-0.98
43.119,ROTATION_SCAN,1.9691,-1.0138,0.297,-166.56,0.51,2.05,15.0,0.0367,0.033,0.0015,,0.933,0.205,,,,,2.02,-0.98
43.185,ROTATION_SCAN,1.9711,-1.0132,0.291,-165.37,0.52,1.82,15.0,0.0501,0.0389,0.0077,,0.933,0.205,,,,,2.02,-0.98
43.222,ROTATION_SCAN,1.9714,-1.0112,0.289,-164.08,0.72,1.37,15.0,0.0533,0.0466,-0.0057,,0.936,1.643,,,,,2.02,-0.98
43.268,ROTATION_SCAN,1.9746,-1.0097,0.292,-162.62,0.8,0.98,15.0,0.0631,0.054,-0.0094,,0.936,1.643,,,,,2.02,-0.98
43.328,ROTATION_SCAN,1.9786,-1.0069,0.291,-161.1,0.77,0.89,15.0,0.0703,0.0629,0.0021,1.591,0.937,1.619,,,,,2.02,-0.98
43.391,ROTATION_SCAN,1.9858,-1.0036,0.293,-159.55,0.82,0.66,15.0,0.0769,0.0691,0.0015,1.591,0.937,1.619,,,,,2.02,-0.98
43.422,ROTATION_SCAN,1.9871,-1.0018,0.294,-158.1,0.62,0.22,15.0,0.0772,0.0727,0.0033,1.568,0.943,1.585,,,,,2.02,-0.98
43.482,ROTATION_SCAN,1.9895,-1.0002,0.293,-156.66,0.54,-0.19,15.0,0.0702,0.0737,0.0043,1.568,0.943,1.585,,,,,2.02,-0.98
43.559,ROTATION_SCAN,1.993,-0.9956,0.295,-155.32,0.25,-0.77,15.0,0.0663,0.0761,-0.0046,1.545,0.951,1.508,,,,,2.02,-0.98
43.57,ROTATION_SCAN,1.9956,-0.9936,0.292,-154.11,0.07,-0.82,15.0,0.0551,0.0677,-0.003,1.545,0.951,1.508,,,,,2.02,-0.98
43.626,ROTATION_SCAN,1.9943,-0.9927,0.293,-153.11,-0.34,-1.29,15.0,0.0425,0.0578,-0.0129,1.533,0.968,1.414,,,,,2.02,-0.98
43.706,ROTATION_SCAN,1.9947,-0.9929,0.293,-152.25,-0.36,-1.23,15.0,0.0285,0.043,-0.0076,1.533,0.968,1.414,,,,,2.02,-0.98
43.726,ROTATION_SCAN,1.9956,-0.9936,0.291,-151.54,-0.37,-0.98,15.0,0.0199,0.028,-0.0042,1.514,,1.383,,,,,2.02,-0.98
43.781,ROTATION_SCAN,1.9929,-0.995,0.292,-150.92,-0.31,-0.76,15.0,0.0059,0.0169,-0.0088,1.514,,1.383,,,,,2.02,-0.98
43.821,ROTATION_SCAN,1.9904,-0.9948,0.292,-150.31,0.01,-0.55,15.0,-0.0033,0.0114,-0.0044,1.511,,1.368,,,,,2.02,-0.98
43.868,ROTATION_SCAN,1.9884,-0.9965,0.292,-149.73,0.05,-0.2,15.0,-0.0105,-0.0036,-0.0056,1.511,,1.368,,,,,2.02,-0.98
43.924,ROTATION_SCAN,1.9852,-0.9993,0.293,-149.14,0.08,0.19,15.0,-0.019,-0.0053,-0.0059,1.493,,1.348,0.925,,,,2.02,-0.98
43.992,ROTATION_SCAN,1.982,-1.0008,0.288,-148.55,0.2,0.68,15.0,-0.0198,-0.0028,-0.0022,1.493,,1.348,0.925,,,,2.02,-0.98
44.023,ROTATION_SCAN,1.9795,-1.0028,0.289,-147.94,0.12,0.77,15.0,-0.0202,-0.0036,-0.0166,,,1.351,0.93,,,,2.02,-0.98
44.083,ROTATION_SCAN,1.9765,-1.0036,0.291,-147.38,0.09,0.93,15.0,-0.0196,0.0014,-0.0089,,,1.351,0.93,,,,2.02,-0.98
44.12,ROTATION_SCAN,1.9741,-1.0037,0.295,-146.79,0.13,0.82,15.0,-0.0187,0.0036,-0.0025,,,1.34,0.934,,,,2.02,-0.98
44.168,ROTATION_SCAN,1.9715,-1.0059,0.29,-146.2,0.22,1.16,15.0,-0.0145,0.0038,0.0044,,,1.34,0.934,,,,2.02,-0.98
44.234,ROTATION_SCAN,1.9694,-1.006,0.29,-145.57,0.11,1.49,15.0,-0.0114,0.0091,-0.0048,,,1.344,0.94,,,,2.02,-0.98
44.306,ROTATION_SCAN,1.9678,-1.0071,0.288,-144.93,0.13,1.45,15.0,-0.0049,0.0126,-0.0092,,,1.344,0.94,,,,2.02,-0.98
44.328,ROTATION_SCAN,1.9656,-1.0081,0.29,-144.31,-0.0,1.57,15.0,0.0026,0.0186,-0.0113,,,1.341,0.943,,,,2.02,-0.98
44.385,ROTATION_SCAN,1.9644,-1.0077,0.287,-143.68,-0.22,1.57,15.0,0.011,0.0241,0.0005,,,1.341,0.943,,,,2.02,-0.98
44.423,ROTATION_SCAN,1.9654,-1.0061,0.286,-143.13,-0.08,1.42,15.0,0.0226,0.0312,-0.0009,,,1.361,0.95,,,,2.02,-0.98
44.468,ROTATION_SCAN,1.9672,-1.0048,0.29,-142.47,0.06,1.5,15.0,0.0312,0.0339,0.0074,,,1.361,0.95,,,,2.02,-0.98
44.532,ROTATION_SCAN,1.9681,-1.0057,0.291,-141.74,0.21,1.58,15.0,0.0425,0.0411,0.0227,,,1.373,0.954,,,,2.02,-0.98
44.599,ROTATION_SCAN,1.9715,-1.0038,0.292,-140.89,0.4,1.45,15.0,0.0514,0.0488,0.0245,,,1.373,0.954,,,,2.02,-0.98
44.625,ROTATION_SCAN,1.9742,-1.0031,0.295,-139.87,0.47,1.1,15.0,0.0583,0.0546,0.0308,,0.603,1.397,0.968,,,,2.02,-0.98
44.698,ROTATION_SCAN,1.9763,-0.9966,0.296,-138.8,0.67,1.01,15.0,0.0587,0.0741,0.0355,,0.603,1.397,0.968,,,,2.02,-0.98
44.724,ROTATION_SCAN,1.9771,-0.9943,0.3,-137.69,0.7,0.68,15.0,0.0563,0.0786,0.034,0.189,,,0.99,,,,2.02,-0.98
44.777,ROTATION_SCAN,1.9793,-0.9926,0.298,-136.57,0.8,0.41,15.0,0.0526,0.0806,0.0388,0.189,,,0.99,,,,2.02,-0.98
44.844,ROTATION_SCAN,1.9789,-0.9913,0.299,-135.54,0.53,-0.11,15.0,0.0409,0.0771,0.0246,0.167,0.556,,1.011,,,,2.02,-0.98
44.878,ROTATION_SCAN,1.9782,-0.9886,0.304,-134.56,0.39,-0.17,15.0,0.0348,0.0752,0.024,0.167,0.556,,1.011,,,,2.02,-0.98
44.931,ROTATION_SCAN,1.9789,-0.9882,0.305,-133.69,0.39,0.07,15.0,0.0269,0.0712,0.0352,0.167,0.538,,1.037,,,,2.02,-0.98
44.975,ROTATION_SCAN,1.9777,-0.9849,0.306,-132.89,0.28,0.03,15.0,0.0188,0.0734,0.0251,0.167,0.538,,1.037,,,,2.02,-0.98
45.033,ROTATION_SCAN,1.9745,-0.9831,0.303,-132.17,0.07,-0.04,15.0,0.0114,0.0701,0.0161,0.167,0.541,,1.026,,,,2.02,-0.98
45.068,ROTATION_SCAN,1.9738,-0.9804,0.308,-131.44,-0.1,-0.04,15.0,0.0051,0.0633,0.0055,0.167,0.541,,1.026,,,,2.02,-0.98
45.171,ROTATION_SCAN,1.9699,-0.981,0.308,-130.82,-0.51,-0.01,15.0,0.0029,0.0535,0.01,0.17,0.537,,0.958,,,,2.02,-0.98
45.177,ROTATION_SCAN,1.9685,-0.9805,0.308,-130.27,-0.76,0.17,15.0,0.002,0.0485,0.012,0.17,0.537,,0.958,,,,2.02,-0.98
45.258,ROTATION_SCAN,1.9674,-0.9808,0.309,-129.69,-0.68,0.42,15.0,0.0041,0.041,0.0082,0.162,0.543,,,,,,2.02,-0.98
45.271,ROTATION_SCAN,1.9662,-0.9824,0.308,-129.06,-0.89,0.42,15.0,0.0089,0.0312,0.0057,0.162,0.543,,,,,,2.02,-0.98
45.329,ROTATION_SCAN,1.9651,-0.9822,0.313,-128.56,-1.04,0.4,15.0,0.0148,0.0251,0.0032,0.154,0.549,,0.687,,,,2.02,-0.98
45.378,ROTATION_SCAN,1.9656,-0.984,0.311,-128.06,-1.0,0.56,15.0,0.0238,0.0161,0.0137,0.154,0.549,,0.687,,,,2.02,-0.98
45.418,ROTATION_SCAN,1.9667,-0.9863,0.31,-127.57,-0.82,0.51,15.0,0.0312,0.0068,0.0033,0.149,0.55,,0.636,,,,2.02,-0.98
45.468,ROTATION_SCAN,1.9672,-0.9886,0.309,-126.91,-0.58,0.44,15.0,0.0357,-0.0013,-0.008,0.149,0.55,,0.636,,,,2.02,-0.98
45.531,ROTATION_SCAN,1.9697,-0.9916,0.308,-126.08,-0.19,0.47,15.0,0.0415,-0.0052,-0.0134,0.147,0.556,,0.606,,,,2.02,-0.98
45.57,ROTATION_SCAN,1.9725,-0.9938,0.308,-125.31,-0.07,0.53,15.0,0.0446,-0.0091,-0.0164,0.147,0.556,,0.606,,,,2.02,-0.98
45.626,ROTATION_SCAN,1.9734,-0.9966,0.304,-124.67,-0.15,0.62,15.0,0.0465,-0.0089,-0.0199,0.138,0.561,,0.578,,,,2.02,-0.98
45.671,ROTATION_SCAN,1.9752,-0.9986,0.304,-124.06,-0.13,0.47,15.0,0.0486,-0.0089,-0.0296,0.138,0.561,,0.578,,,,2.02,-0.98
45.728,ROTATION_SCAN,1.977,-0.9989,0.304,-123.45,-0.04,0.17,15.0,0.0519,-0.0078,-0.0275,0.139,0.567,,0.56,,,,2.02,-0.98
45.773,ROTATION_SCAN,1.9796,-1.0025,0.303,-122.76,0.16,0.25,15.0,0.0497,-0.0116,-0.0256,0.139,0.567,,0.56,,,,2.02,-0.98
45.854,ROTATION_SCAN,1.9816,-1.0039,0.301,-121.98,0.38,0.47,15.0,0.0451,-0.0111,-0.0143,0.147,0.571,,0.549,,,,2.02,-0.98
45.874,ROTATION_SCAN,1.9816,-1.0061,0.3,-121.14,0.71,0.97,15.0,0.0433,-0.0072,-0.0036,0.147,0.571,,0.549,,,,2.02,-0.98
45.93,ROTATION_SCAN,1.9813,-1.0098,0.304,-120.19,0.9,1.28,15.0,0.0359,-0.0028,-0.0043,0.136,0.587,,0.541,,,,2.02,-0.98
45.98,ROTATION_SCAN,1.9829,-1.0111,0.304,-119.2,0.87,1.66,15.0,0.0348,0.0104,0.0122,0.136,0.587,,0.541,,,,2.02,-0.98
46.022,ROTATION_SCAN,1.9842,-1.0119,0.302,-118.3,0.99,1.75,15.0,0.0336,0.0266,0.0102,0.132,0.609,,0.538,,,,2.02,-0.98
46.084,ROTATION_SCAN,1.9843,-1.0119,0.302,-117.43,1.11,1.52,15.0,0.0301,0.0393,0.002,0.132,0.609,,0.538,,,,2.02,-0.98
46.142,ROTATION_SCAN,1.9853,-1.0092,0.304,-116.66,0.77,1.48,15.0,0.0271,0.053,0.0021,0.133,0.639,,0.544,,,,2.02,-0.98
46.193,ROTATION_SCAN,1.9823,-1.0045,0.305,-115.95,0.56,1.3,15.0,0.0155,0.0662,0.0118,0.133,0.639,,0.544,,,,2.02,-0.98
46.233,ROTATION_SCAN,1.9837,-1.0019,0.304,-115.27,0.36,0.97,15.0,0.0195,0.0769,0.0127,0.127,0.673,,0.546,,,,2.02,-0.98
46.273,ROTATION_SCAN,1.9843,-0.996,0.306,-114.57,0.23,0.76,15.0,0.0178,0.0891,0.0099,0.127,0.673,,0.546,,,,2.02,-0.98
46.318,ROTATION_SCAN,1.983,-0.9919,0.307,-113.88,0.05,0.53,15.0,0.0158,0.0926,0.0134,0.132,0.706,,0.547,,,,2.02,-0.98
46.375,ROTATION_SCAN,1.9834,-0.9915,0.307,-113.25,-0.32,0.02,15.0,0.0141,0.0889,0.0126,0.132,0.706,,0.547,,,,2.02,-0.98
46.455,ROTATION_SCAN,1.9827,-0.9888,0.312,-112.6,-0.54,-0.36,15.0,0.0145,0.08,0.0106,0.137,0.729,,0.545,,,,2.02,-0.98
46.477,ROTATION_SCAN,1.9817,-0.9853,0.305,-111.9,-0.57,-0.57,15.0,0.013,0.0717,0.0186,0.137,0.729,,0.545,,,,2.02,-0.98
46.534,ROTATION_SCAN,1.9816,-0.9843,0.307,-111.23,-0.69,-0.57,15.0,0.016,0.0612,-0.0028,0.135,0.756,,0.547,,,,2.02,-0.98
46.572,ROTATION_SCAN,1.9816,-0.9834,0.313,-110.54,-0.6,-0.52,15.0,0.0174,0.0498,-0.0003,0.135,0.756,,0.547,,,,2.02,-0.98
46.618,ROTATION_SCAN,1.9822,-0.9831,0.308,-109.86,-0.49,-0.43,15.0,0.0199,0.04,0.0082,0.134,0.786,,0.565,,,,2.02,-0.98
46.704,ROTATION_SCAN,1.985,-0.986,0.312,-109.16,-0.27,-0.55,15.0,0.0254,0.0243,-0.014,0.134,0.786,,0.565,,,,2.02,-0.98
46.764,ROTATION_SCAN,1.987,-0.9889,0.309,-108.31,-0.35,-0.54,15.0,0.0279,0.0103,-0.0059,0.129,0.817,,0.585,,,,2.02,-0.98
46.791,ROTATION_SCAN,1.9833,-0.9956,0.309,-107.54,-0.56,0.11,15.0,0.0193,-0.0094,-0.003,0.129,0.817,,0.585,,,,2.02,-0.98
46.826,ROTATION_SCAN,1.9832,-1.0012,0.305,-106.79,-0.53,0.31,15.0,0.0227,-0.0199,-0.0136,0.124,0.867,,0.623,,,,2.02,-0.98
46.875,ROTATION_SCAN,1.9833,-1.0042,0.308,-105.89,-0.23,0.5,15.0,0.0248,-0.0257,-0.0226,0.124,0.867,,0.623,,,,2.02,-0.98
46.934,ROTATION_SCAN,1.9852,-1.0109,0.304,-104.93,0.0,0.9,15.0,0.0249,-0.0299,-0.0153,0.111,0.904,,0.685,,,,2.02,-0.98
47.016,ROTATION_SCAN,1.9857,-1.0141,0.304,-104.0,0.24,0.74,15.0,0.0248,-0.0296,-0.0294,0.111,0.904,,0.685,,,,2.02,-0.98
47.021,ROTATION_SCAN,1.9858,-1.0191,0.305,-102.99,-0.04,1.03,15.0,0.0225,-0.026,-0.0212,0.107,0.947,,0.756,,,,2.02,-0.98
47.101,ROTATION_SCAN,1.9857,-1.0222,0.301,-102.06,0.34,1.18,15.0,0.0218,-0.0238,-0.0136,0.107,0.947,,0.756,,,,2.02,-0.98
47.119,ROTATION_SCAN,1.9864,-1.0263,0.299,-101.15,0.49,1.18,15.0,0.0176,-0.0171,-0.0227,0.098,1.001,,0.834,,,,2.02,-0.98
47.182,ROTATION_SCAN,1.9849,-1.0293,0.3,-100.07,0.36,1.46,15.0,0.0122,-0.0109,-0.0192,0.098,1.001,,0.834,,,,2.02,-0.98
47.22,ROTATION_SCAN,1.9841,-1.032,0.303,-98.87,0.32,1.8,15.0,0.0081,-0.0019,-0.0075,0.094,,,0.946,,,,2.02,-0.98
47.271,ROTATION_SCAN,1.9839,-1.0331,0.3,-97.76,0.35,1.9,15.0,0.0068,0.013,0.0009,0.094,,,0.946,,,,2.02,-0.98
47.337,ROTATION_SCAN,1.9841,-1.0329,0.303,-96.79,0.3,2.15,15.0,0.0055,0.0267,-0.003,0.096,,,,,,,2.02,-0.98
47.385,ROTATION_SCAN,1.9835,-1.033,0.304,-95.92,0.22,2.26,15.0,0.002,0.0447,0.0042,0.096,,,,,,,2.02,-0.98
47.436,ROTATION_SCAN,1.9827,-1.0309,0.303,-95.16,0.2,2.04,15.0,0.0018,0.0604,0.007,0.092,,,,,,,2.02,-0.98
47.471,ROTATION_SCAN,1.9815,-1.0294,0.301,-94.41,0.1,1.66,15.0,-0.0006,0.0785,0.0009,0.092,,,,,,,2.02,-0.98
47.518,ROTATION_SCAN,1.9796,-1.0254,0.301,-93.74,0.01,1.44,15.0,-0.0038,0.0871,-0.0027,0.099,,,,,,,2.02,-0.98
47.568,ROTATION_SCAN,1.9786,-1.0191,0.303,-93.1,-0.06,1.23,15.0,-0.0052,0.1006,-0.0027,0.099,,,,,,,2.02,-0.98
47.635,ROTATION_SCAN,1.9774,-1.0131,0.301,-92.5,-0.2,0.98,15.0,-0.0052,0.111,0.0011,0.107,,,,,,,2.02,-0.98
47.689,ROTATION_SCAN,1.9754,-1.0095,0.304,-91.94,-0.36,0.5,15.0,-0.0063,0.1136,-0.0031,0.107,,,,,,,2.02,-0.98
47.737,ROTATION_SCAN,1.9753,-1.0054,0.299,-91.35,-0.56,0.1,15.0,-0.002,0.1124,0.0042,0.114,,,,,,,2.02,-0.98
47.774,ROTATION_SCAN,1.9745,-1.0008,0.305,-90.67,-0.71,-0.27,15.0,0.0003,0.1089,-0.0097,0.114,,,,,,,2.02,-0.98
47.818,ROTATION_SCAN,1.9743,-0.9967,0.3,-89.95,-0.73,-0.52,15.0,0.0053,0.1017,0.0031,0.124,,0.921,,,,,2.02,-0.98
47.912,ROTATION_SCAN,1.9738,-0.9938,0.303,-89.21,-0.77,-0.69,15.0,0.0094,0.0931,-0.0056,0.124,,0.921,,,,,2.02,-0.98
47.984,NAV_WAYPOINT,1.9746,-0.9904,0.3,-88.43,-0.77,-0.63,15.0,0.0165,0.0847,-0.0045,0.131,,0.91,,,2.5,-0.98,2.5,-0.98
48.021,NAV_WAYPOINT,1.9761,-0.9872,0.301,-87.66,-0.69,-0.62,-0.0,0.0262,0.0786,-0.0097,0.131,,0.91,,,2.5,-0.98,2.5,-0.98
48.048,NAV_WAYPOINT,1.9778,-0.9843,0.301,-86.91,-0.27,-0.97,-0.0,0.0316,0.0703,-0.0131,0.146,,0.903,,,2.5,-0.98,2.5,-0.98
48.1,NAV_WAYPOINT,1.9802,-0.9824,0.3,-86.25,-0.47,-1.09,-0.0,0.0375,0.0555,-0.0092,0.146,,0.903,,,2.5,-0.98,2.5,-0.98
48.122,NAV_WAYPOINT,1.9803,-0.9822,0.301,-85.69,-2.4,-0.97,-0.0,0.0415,0.0392,-0.0078,0.153,,0.905,,,2.5,-0.98,2.5,-0.98
48.19,NAV_WAYPOINT,1.9823,-0.9829,0.299,-85.23,-3.35,-0.95,-0.0,0.0635,0.0243,-0.0047,0.153,,0.905,,,2.5,-0.98,2.5,-0.98
48.225,NAV_WAYPOINT,1.9869,-0.9849,0.301,-84.84,-3.79,-0.89,-0.0,0.0941,0.0132,-0.0127,0.202,,0.894,,,2.5,-0.98,2.5,-0.98
48.276,NAV_WAYPOINT,1.9921,-0.9876,0.298,-84.42,-3.98,-0.76,-0.0,0.1286,-0.0017,-0.0071,0.202,,0.894,,,2.5,-0.98,2.5,-0.98
48.318,NAV_WAYPOINT,1.998,-0.9903,0.299,-84.04,-3.85,-0.56,-0.0,0.1641,-0.0115,-0.014,0.395,,0.886,,,2.5,-0.98,2.5,-0.98
48.4,NAV_WAYPOINT,2.0092,-0.9928,0.299,-83.76,-3.59,-0.51,-0.0,0.1931,-0.0174,-0.0136,0.395,,0.886,,,2.5,-0.98,2.5,-0.98
48.422,NAV_WAYPOINT,2.0209,-0.9954,0.301,-83.5,-3.2,-0.13,-0.0,0.2261,-0.0258,-0.0109,,,0.872,,,2.5,-0.98,2.5,-0.98
48.479,NAV_WAYPOINT,2.0335,-0.9993,0.299,-83.23,-2.77,0.17,-0.0,0.2503,-0.0289,-0.0056,,,0.872,,,2.5,-0.98,2.5,-0.98
48.519,NAV_WAYPOINT,2.0459,-1.0024,0.3,-83.03,-2.7,0.61,-0.0,0.2787,-0.0317,-0.0029,1.64,,0.848,,,2.5,-0.98,2.5,-0.98
48.577,NAV_WAYPOINT,2.0596,-1.0047,0.299,-82.94,-2.26,0.61,-0.0,0.2983,-0.0302,-0.0036,1.64,,0.848,,,2.5,-0.98,2.5,-0.98
48.621,NAV_WAYPOINT,2.0778,-1.0088,0.298,-82.87,-1.76,0.81,-0.0,0.3147,-0.031,-0.0066,1.655,,0.821,,,2.5,-0.98,2.5,-0.98
48.688,NAV_WAYPOINT,2.0931,-1.0114,0.297,-82.99,-1.14,1.09,-0.0,0.3227,-0.0213,-0.0045,1.655,,0.821,,,2.5,-0.98,2.5,-0.98
48.721,NAV_WAYPOINT,2.1073,-1.0131,0.3,-83.3,-0.54,1.41,-0.0,0.326,-0.0156,-0.0048,1.643,,0.797,,,2.5,-0.98,2.5,-0.98
48.78,NAV_WAYPOINT,2.1232,-1.0151,0.295,-83.71,-0.23,1.4,-0.0,0.3301,-0.0084,0.0038,1.643,,0.797,,,2.5,-0.98,2.5,-0.98
48.82,NAV_WAYPOINT,2.1381,-1.0166,0.297,-84.19,0.05,1.21,-0.0,0.326,0.0005,-0.0034,1.634,,0.773,,,2.5,-0.98,2.5,-0.98
48.876,NAV_WAYPOINT,2.1544,-1.0174,0.296,-84.71,0.17,1.14,-0.0,0.3208,0.0051,0.0003,1.634,,0.773,,,2.5,-0.98,2.5,-0.98
48.921,NAV_WAYPOINT,2.169,-1.0182,0.297,-85.25,0.27,1.05,-0.0,0.3121,0.0111,0.0013,1.623,,0.74,,,2.5,-0.98,2.5,-0.98
48.992,NAV_WAYPOINT,2.1829,-1.0184,0.298,-85.75,0.33,0.99,-0.0,0.3082,0.0179,0.0033,1.623,,0.74,,,2.5,-0.98,2.5,-0.98
49.067,NAV_WAYPOINT,2.1966,-1.0183,0.299,-86.2,0.38,0.97,-0.0,0.3025,0.022,0.0078,1.624,,0.718,,,2.5,-0.98,2.5,-0.98
49.091,NAV_WAYPOINT,2.2105,-1.0181,0.299,-86.66,0.34,1.01,-0.0,0.2966,0.027,0.0122,1.624,,0.718,,,2.5,-0.98,2.5,-0.98
49.127,NAV_WAYPOINT,2.2234,-1.02,0.301,-87.16,0.31,1.0,-0.0,0.2875,0.0289,0.0127,1.626,,0.697,,,2.5,-0.98,2.5,-0.98
49.168,NAV_WAYPOINT,2.2378,-1.0197,0.303,-87.63,0.21,0.95,-0.0,0.2798,0.0333,0.0144,1.626,,0.697,,,2.5,-0.98,2.5,-0.98
49.228,NAV_WAYPOINT,2.2512,-1.0189,0.301,-88.02,0.28,0.73,-0.0,0.2761,0.038,0.0153,1.613,,0.674,,,2.5,-0.98,2.5,-0.98
49.291,NAV_WAYPOINT,2.2634,-1.0193,0.303,-88.41,0.27,0.61,-0.0,0.2715,0.0414,0.0074,1.613,,0.674,,,2.5,-0.98,2.5,-0.98
49.323,NAV_WAYPOINT,2.2748,-1.0177,0.304,-88.75,0.07,0.55,-0.0,0.2687,0.0428,0.0085,1.608,,0.659,,,2.5,-0.98,2.5,-0.98
49.384,NAV_WAYPOINT,2.2874,-1.0175,0.304,-89.05,-0.18,0.41,-0.0,0.2654,0.0456,0.0108,1.608,,0.659,,,2.5,-0.98,2.5,-0.98
49.418,NAV_WAYPOINT,2.3008,-1.0169,0.302,-89.31,-0.27,0.34,-0.0,0.2634,0.041,0.0054,1.602,0.462,0.642,,,2.5,-0.98,2.5,-0.98
49.468,NAV_WAYPOINT,2.3122,-1.0161,0.303,-89.48,-0.34,0.27,-0.0,0.2623,0.0412,-0.0047,1.602,0.462,0.642,,,2.5,-0.98,2.5,-0.98
49.53,NAV_WAYPOINT,2.3244,-1.0164,0.3,-89.57,-0.37,0.23,-0.0,0.2626,0.038,-0.0044,1.596,0.433,0.612,,,2.5,-0.98,2.5,-0.98
49.6,NAV_WAYPOINT,2.3365,-1.0163,0.304,-89.63,-0.39,0.29,-0.0,0.2678,0.0362,-0.0107,1.596,0.433,0.612,,,2.5,-0.98,2.5,-0.98
49.63,NAV_WAYPOINT,2.3481,-1.016,0.301,-89.65,-0.29,0.42,-0.0,0.2665,0.0374,-0.0033,1.593,0.423,0.589,,,2.5,-0.98,2.5,-0.98
49.674,NAV_WAYPOINT,2.3604,-1.0153,0.303,-89.69,-0.26,0.63,-0.0,0.2659,0.0377,-0.0071,1.593,0.423,0.589,,,2.5,-0.98,2.5,-0.98
49.726,NAV_WAYPOINT,2.3735,-1.0141,0.304,-89.62,-0.22,0.86,-0.0,0.2613,0.0404,-0.0034,1.583,0.42,0.571,,,2.5,-0.98,2.5,-0.98
49.767,NAV_WAYPOINT,2.3857,-1.0121,0.305,-89.57,-0.27,1.07,-0.0,0.2608,0.049,-0.0019,1.583,0.42,0.571,,,2.5,-0.98,2.5,-0.98
49.847,NAV_WAYPOINT,2.3968,-1.0109,0.304,-89.55,-0.28,1.23,-0.0,0.2578,0.0543,-0.003,1.566,0.418,0.546,,,2.5,-0.98,2.5,-0.98
49.881,NAV_WAYPOINT,2.4089,-1.0097,0.304,-89.55,-0.32,1.15,-0.0,0.262,0.0632,-0.0055,1.566,0.418,0.546,,,2.5,-0.98,2.5,-0.98
49.932,NAV_WAYPOINT,2.419,-1.0068,0.299,-89.52,-0.15,1.25,-0.0,0.2598,0.073,-0.0071,1.549,0.418,0.521,,,2.5,-0.98,2.5,-0.98
49.984,NAV_WAYPOINT,2.4336,-1.0041,0.3,-89.48,-0.11,1.02,-0.0,0.2556,0.08,-0.0189,1.549,0.418,0.521,,,2.5,-0.98,2.5,-0.98
50.018,NAV_WAYPOINT,2.4442,-1.0001,0.301,-89.46,-0.09,0.92,-0.0,0.2518,0.0862,-0.0204,1.532,0.413,0.492,,,2.5,-0.98,2.5,-0.98
50.067,NAV_WAYPOINT,2.455,-0.9967,0.298,-89.58,0.22,0.75,-0.0,0.2476,0.0929,-0.0086,1.532,0.413,0.492,,,2.5,-0.98,2.5,-0.98
50.151,NAV_WAYPOINT,2.4653,-0.9926,0.297,-89.75,0.62,0.33,-0.0,0.2456,0.0981,-0.0153,1.507,0.411,0.47,,,2.5,-0.98,2.5,-0.98
50.182,ROTATION_SCAN,2.4761,-0.989,0.299,-89.8,1.03,-0.05,-0.0,0.2345,0.0981,-0.0155,1.507,0.411,0.47,,,,,2.5,-0.98
50.271,ROTATION_SCAN,2.4875,-0.9843,0.299,-89.9,1.47,-0.35,-0.0,0.221,0.0939,-0.0072,1.479,0.41,0.445,,,,,2.5,-0.98
50.285,ROTATION_SCAN,2.4972,-0.9801,0.297,-89.96,1.87,-0.51,15.0,0.2026,0.0881,-0.0042,1.479,0.41,0.445,,,,,2.5,-0.98
50.323,ROTATION_SCAN,2.5051,-0.977,0.299,-89.9,2.71,-0.75,15.0,0.1804,0.0827,-0.0093,1.457,0.41,0.428,,,,,2.5,-0.98
50.378,ROTATION_SCAN,2.5124,-0.9731,0.297,-89.64,3.25,-1.16,15.0,0.155,0.0727,-0.0024,1.457,0.41,0.428,,,,,2.5,-0.98
50.441,ROTATION_SCAN,2.5181,-0.9707,0.298,-89.28,3.47,-1.23,15.0,0.1216,0.0589,-0.0044,1.415,0.423,0.412,,,,,2.5,-0.98
50.497,ROTATION_SCAN,2.5222,-0.9693,0.299,-88.75,3.62,-1.25,15.0,0.0866,0.0471,-0.0053,1.415,0.423,0.412,,,,,2.5,-0.98
50.542,ROTATION_SCAN,2.5261,-0.9684,0.298,-88.03,3.6,-1.13,15.0,0.0592,0.0336,-0.0055,1.353,0.425,0.404,,,,,2.5,-0.98
50.576,ROTATION_SCAN,2.5272,-0.9673,0.297,-87.19,3.44,-0.91,15.0,0.0262,0.02,-0.0102,1.353,0.425,0.404,,,,,2.5,-0.98
50.64,ROTATION_SCAN,2.5259,-0.9699,0.296,-86.38,2.99,-0.71,15.0,-0.0048,0.0071,-0.0134,1.289,0.42,0.405,,,,,2.5,-0.98
50.673,ROTATION_SCAN,2.5225,-0.9707,0.294,-85.5,2.54,-0.38,15.0,-0.034,-0.0031,-0.0161,1.289,0.42,0.405,,,,,2.5,-0.98
50.747,ROTATION_SCAN,2.5206,-0.9722,0.295,-84.54,2.06,-0.21,15.0,-0.0608,-0.0107,-0.0195,1.243,0.405,0.405,,,,,2.5,-0.98
50.767,ROTATION_SCAN,2.5148,-0.975,0.295,-83.59,1.51,-0.03,15.0,-0.0744,-0.0153,-0.0151,1.243,0.405,0.405,,,,,2.5,-0.98
50.818,ROTATION_SCAN,2.5108,-0.9755,0.295,-82.63,0.87,0.21,15.0,-0.0835,-0.0153,-0.0095,1.213,0.393,0.408,,,,,2.5,-0.98
50.894,ROTATION_SCAN,2.5035,-0.9759,0.293,-81.62,0.38,0.24,15.0,-0.0976,-0.0155,-0.0086,1.213,0.393,0.408,,,,,2.5,-0.98
50.918,ROTATION_SCAN,2.5,-0.9775,0.291,-80.61,-0.07,0.15,15.0,-0.0979,-0.0137,-0.0124,1.192,0.392,0.417,,,,,2.5,-0.98
50.969,ROTATION_SCAN,2.4959,-0.9767,0.291,-79.61,-0.61,0.14,15.0,-0.0946,-0.0101,-0.0136,1.192,0.392,0.417,,,,,2.5,-0.98
51.017,ROTATION_SCAN,2.4906,-0.9769,0.289,-78.64,-1.01,0.15,15.0,-0.0853,-0.0058,-0.0083,1.181,0.388,0.425,,,,,2.5,-0.98
51.071,ROTATION_SCAN,2.4889,-0.9744,0.291,-77.69,-1.34,-0.1,15.0,-0.0731,0.0013,-0.0015,1.181,0.388,0.425,,,,,2.5,-0.98
51.14,ROTATION_SCAN,2.4863,-0.9737,0.292,-76.81,-1.27,-0.2,15.0,-0.0601,0.0039,0.0037,1.18,0.386,0.436,0.513,,,,2.5,-0.98
51.18,ROTATION_SCAN,2.4849,-0.9733,0.293,-75.9,-1.27,-0.22,15.0,-0.0451,0.0064,0.0115,1.18,0.386,0.436,0.513,,,,2.5,-0.98
51.217,ROTATION_SCAN,2.4854,-0.9716,0.291,-75.08,-1.15,-0.41,15.0,-0.0292,0.0124,0.016,1.185,0.384,0.436,0.504,,,,2.5,-0.98
51.27,ROTATION_SCAN,2.4878,-0.9692,0.291,-74.34,-1.07,-0.38,15.0,-0.0105,0.0129,0.0087,1.185,0.384,0.436,0.504,,,,2.5,-0.98
51.318,ROTATION_SCAN,2.491,-0.9676,0.297,-73.61,-0.86,-0.49,15.0,0.0066,0.0149,0.0068,1.199,0.386,0.435,0.505,,,,2.5,-0.98
51.387,ROTATION_SCAN,2.4955,-0.9657,0.297,-72.87,-0.5,-0.59,15.0,0.023,0.0158,0.0237,1.199,0.386,0.435,0.505,,,,2.5,-0.98
51.438,ROTATION_SCAN,2.4983,-0.9646,0.296,-72.18,-0.18,-0.53,15.0,0.0311,0.0135,0.0211,1.22,0.386,0.433,0.504,,,,2.5,-0.98
51.506,ROTATION_SCAN,2.5027,-0.9646,0.299,-71.46,0.19,-0.49,15.0,0.039,0.0082,0.0095,1.22,0.386,0.433,0.504,,,,2.5,-0.98
51.555,ROTATION_SCAN,2.5073,-0.9648,0.296,-70.71,0.6,-0.33,15.0,0.0434,0.0028,0.0164,1.241,0.388,0.433,0.509,,,,2.5,-0.98
51.587,ROTATION_SCAN,2.5127,-0.9652,0.296,-69.99,0.85,-0.18,15.0,0.046,-0.002,0.0026,1.241,0.388,0.433,0.509,,,,2.5,-0.98
51.621,ROTATION_SCAN,2.5172,-0.9648,0.299,-69.27,1.19,-0.2,15.0,0.0442,-0.0049,0.0005,,0.388,0.43,0.514,,,,2.5,-0.98
51.677,ROTATION_SCAN,2.5187,-0.966,0.296,-68.55,1.45,-0.08,15.0,0.0332,-0.0123,0.0084,,0.388,0.43,0.514,,,,2.5,-0.98
51.746,ROTATION_SCAN,2.5207,-0.966,0.297,-67.86,1.57,0.1,15.0,0.0226,-0.0154,0.0002,,0.388,0.433,0.512,,,,2.5,-0.98
51.775,ROTATION_SCAN,2.522,-0.9686,0.299,-67.15,1.59,0.19,15.0,0.0106,-0.0233,0.0021,,0.388,0.433,0.512,,,,2.5,-0.98
51.829,ROTATION_SCAN,2.5229,-0.9703,0.299,-66.38,1.67,0.38,15.0,-0.0015,-0.0278,0.0079,,0.394,0.435,0.516,,,,2.5,-0.98
51.872,ROTATION_SCAN,2.5229,-0.9742,0.298,-65.62,1.71,0.56,15.0,-0.0167,-0.0373,0.0041,,0.394,0.435,0.516,,,,2.5,-0.98
51.932,ROTATION_SCAN,2.5216,-0.9786,0.298,-64.8,1.62,0.84,15.0,-0.0322,-0.041,0.0016,2.978,0.404,0.438,0.52,,,,2.5,-0.98
51.966,ROTATION_SCAN,2.5196,-0.9802,0.301,-63.89,1.37,1.01,15.0,-0.0505,-0.0385,0.0026,2.978,0.404,0.438,0.52,,,,2.5,-0.98
52.044,ROTATION_SCAN,2.5171,-0.9831,0.3,-62.98,0.93,1.15,15.0,-0.0633,-0.0361,0.0082,,0.41,0.447,0.53,,,,2.5,-0.98
52.074,ROTATION_SCAN,2.5142,-0.9851,0.302,-62.08,0.68,1.2,15.0,-0.0713,-0.0298,0.0072,,0.41,0.447,0.53,,,,2.5,-0.98
52.137,ROTATION_SCAN,2.5078,-0.9865,0.301,-61.21,0.49,1.09,15.0,-0.0838,-0.0227,0.0091,3.116,0.419,0.458,0.531,,,,2.5,-0.98
52.174,ROTATION_SCAN,2.5044,-0.9869,0.303,-60.42,0.21,0.95,15.0,-0.0929,-0.0165,0.0073,3.116,0.419,0.458,0.531,,,,2.5,-0.98
52.242,ROTATION_SCAN,2.5009,-0.988,0.302,-59.71,-0.16,0.65,15.0,-0.0891,-0.0108,0.0104,3.154,0.444,0.469,0.534,,,,2.5,-0.98
52.27,ROTATION_SCAN,2.4971,-0.9888,0.305,-58.97,-0.37,0.41,15.0,-0.0879,-0.0069,0.0085,3.154,0.444,0.469,0.534,,,,2.5,-0.98
52.35,ROTATION_SCAN,2.4956,-0.989,0.304,-58.26,-0.49,0.29,15.0,-0.0818,-0.0034,0.0108,,,0.479,0.538,,,,2.5,-0.98
52.384,ROTATION_SCAN,2.4925,-0.9895,0.303,-57.5,-0.55,0.26,15.0,-0.0796,-0.0,0.0032,,,0.479,0.538,,,,2.5,-0.98
52.444,ROTATION_SCAN,2.489,-0.9893,0.306,-56.67,-0.59,0.02,15.0,-0.0711,0.0037,-0.0012,,,0.489,0.543,,,,2.5,-0.98
52.481,ROTATION_SCAN,2.4864,-0.9887,0.304,-55.83,-0.6,-0.18,15.0,-0.0657,0.0058,0.0056,,,0.489,0.543,,,,2.5,-0.98
52.536,ROTATION_SCAN,2.4844,-0.9891,0.304,-54.96,-0.49,-0.1,15.0,-0.0555,0.0068,-0.0035,3.28,,0.492,0.555,,,,2.5,-0.98
52.567,ROTATION_SCAN,2.4832,-0.9881,0.302,-54.06,-0.47,-0.1,15.0,-0.0523,0.0083,-0.0061,3.28,,0.492,0.555,,,,2.5,-0.98
52.617,ROTATION_SCAN,2.484,-0.9886,0.303,-53.17,-0.51,-0.21,15.0,-0.0357,0.0017,-0.0102,,,0.498,0.57,,,,2.5,-0.98
52.679,ROTATION_SCAN,2.4961,-0.9877,0.304,-52.32,-0.63,-0.15,15.0,-0.0094,0.0045,-0.0053,,,0.498,0.57,,,,2.5,-0.98
52.748,ROTATION_SCAN,2.497,-0.9886,0.304,-51.46,-0.62,-0.09,15.0,-0.0017,0.006,-0.0004,,,0.501,0.582,,,,2.5,-0.98
52.779,ROTATION_SCAN,2.5053,-0.9901,0.304,-50.59,-0.37,-0.01,15.0,0.0254,0.0006,-0.0002,,,0.501,0.582,,,,2.5,-0.98
52.82,ROTATION_SCAN,2.5082,-0.9923,0.304,-49.71,0.08,0.37,15.0,0.0332,-0.005,0.0,,,0.501,0.597,,,,2.5,-0.98
52.872,ROTATION_SCAN,2.5127,-0.9943,0.302,-48.83,0.49,0.67,15.0,0.0322,-0.0057,-0.0006,,,0.501,0.597,,,,2.5,-0.98
52.917,ROTATION_SCAN,2.5175,-0.9965,0.3,-48.0,0.55,0.93,15.0,0.0289,-0.0084,-0.0066,,,0.507,0.607,,,,2.5,-0.98
52.977,ROTATION_SCAN,2.5214,-0.9983,0.299,-47.21,0.65,1.25,15.0,0.0254,-0.0083,-0.0108,,,0.507,0.607,,,,2.5,-0.98
53.041,ROTATION_SCAN,2.5235,-1.0005,0.305,-46.4,0.63,1.56,15.0,0.0162,-0.0062,-0.0134,,,0.512,0.62,,,,2.5,-0.98
53.073,ROTATION_SCAN,2.5254,-1.002,0.305,-45.62,0.69,1.83,15.0,0.006,-0.0073,0.0053,,,0.512,0.62,,,,2.5,-0.98
53.132,ROTATION_SCAN,2.5264,-1.0038,0.305,-44.83,0.78,1.95,15.0,-0.0085,-0.0016,0.0058,,,0.515,0.636,,,,2.5,-0.98
53.173,ROTATION_SCAN,2.5262,-1.0051,0.304,-44.04,0.74,1.91,15.0,-0.023,0.0008,0.0001,,,0.515,0.636,,,,2.5,-0.98
53.216,ROTATION_SCAN,2.5242,-1.007,0.304,-43.24,0.52,1.7,15.0,-0.0381,0.0058,-0.0032,,,0.526,0.653,,,,2.5,-0.98
53.287,ROTATION_SCAN,2.5201,-1.0072,0.302,-42.48,0.31,1.48,15.0,-0.0525,0.0087,-0.0044,,,0.526,0.653,,,,2.5,-0.98
53.318,ROTATION_SCAN,2.5202,-1.0097,0.302,-41.71,0.23,1.53,15.0,-0.0565,0.0086,-0.0107,,,0.54,0.67,,,,2.5,-0.98
53.381,ROTATION_SCAN,2.5159,-1.0117,0.305,-40.97,0.16,1.41,15.0,-0.0729,0.0106,-0.0098,,,0.54,0.67,,,,2.5,-0.98
53.422,ROTATION_SCAN,2.5124,-1.0122,0.302,-40.19,0.02,1.13,15.0,-0.0789,0.0161,-0.003,,,0.567,0.686,,,,2.5,-0.98
53.478,ROTATION_SCAN,2.5108,-1.0121,0.3,-39.45,-0.21,0.78,15.0,-0.0819,0.0192,-0.0073,,,0.567,0.686,,,,2.5,-0.98
53.516,ROTATION_SCAN,2.5065,-1.0143,0.301,-38.77,-0.35,0.54,15.0,-0.0817,0.02,-0.0096,,1.308,,0.7,,,,2.5,-0.98
53.591,ROTATION_SCAN,2.5041,-1.0123,0.299,-38.03,-0.44,0.43,15.0,-0.0797,0.0245,-0.003,,1.308,,0.7,,,,2.5,-0.98
53.622,ROTATION_SCAN,2.5026,-1.0125,0.3,-37.26,-0.52,0.22,15.0,-0.0738,0.0228,-0.0076,,1.317,,0.714,,,,2.5,-0.98
53.686,ROTATION_SCAN,2.4993,-1.0115,0.304,-36.48,-0.49,0.05,15.0,-0.0737,0.0306,-0.0005,,1.317,,0.714,,,,2.5,-0.98
53.723,ROTATION_SCAN,2.4966,-1.0104,0.303,-35.68,-0.5,-0.06,15.0,-0.0686,0.0313,0.0099,,1.331,,0.733,,,,2.5,-0.98
53.778,ROTATION_SCAN,2.4954,-1.0098,0.303,-34.82,-0.43,-0.26,15.0,-0.0605,0.0311,0.0067,,1.331,,0.733,,,,2.5,-0.98
53.816,ROTATION_SCAN,2.4923,-1.0102,0.301,-34.01,-0.42,-0.27,15.0,-0.0518,0.0278,0.0045,,1.333,,0.762,,,,2.5,-0.98
53.894,ROTATION_SCAN,2.4936,-1.0098,0.305,-33.19,-0.33,-0.27,15.0,-0.0395,0.0294,-0.002,,1.333,,0.762,,,,2.5,-0.98
53.936,ROTATION_SCAN,2.4959,-1.0086,0.3,-32.4,-0.33,-0.26,15.0,-0.0288,0.0238,0.0021,,1.359,,0.788,,,,2.5,-0.98
53.998,ROTATION_SCAN,2.4991,-1.0093,0.303,-31.64,-0.21,-0.24,15.0,-0.0142,0.0189,-0.0094,,1.359,,0.788,,,,2.5,-0.98
54.037,ROTATION_SCAN,2.5035,-1.0108,0.3,-30.86,-0.07,-0.12,15.0,-0.0047,0.016,-0.0043,,1.393,,0.814,,,,2.5,-0.98
54.069,ROTATION_SCAN,2.5063,-1.0129,0.299,-30.02,-0.09,0.07,15.0,0.0059,0.0073,-0.007,,1.393,,0.814,,,,2.5,-0.98
54.145,ROTATION_SCAN,2.5114,-1.0143,0.3,-29.22,-0.14,0.28,15.0,0.0117,0.0036,-0.0118,,1.439,,0.847,,,,2.5,-0.98
54.186,ROTATION_SCAN,2.5152,-1.0167,0.299,-28.45,-0.2,0.65,15.0,0.0187,0.0011,-0.0025,,1.439,,0.847,,,,2.5,-0.98
54.221,ROTATION_SCAN,2.5186,-1.0186,0.299,-27.71,-0.19,1.03,15.0,0.0188,0.0011,-0.0028,,1.471,,0.878,,,,2.5,-0.98
54.287,ROTATION_SCAN,2.5226,-1.0204,0.301,-26.98,-0.21,1.32,15.0,0.0192,0.002,-0.003,,1.471,,0.878,,,,2.5,-0.98
54.351,ROTATION_SCAN,2.5255,-1.0224,0.301,-26.23,-0.25,1.42,15.0,0.0118,0.0046,0.0033,,1.492,,0.927,,,,2.5,-0.98
54.387,ROTATION_SCAN,2.5278,-1.0241,0.301,-25.49,-0.28,1.53,15.0,0.0066,0.0062,0.002,,1.492,,0.927,,,,2.5,-0.98
54.42,ROTATION_SCAN,2.5296,-1.0247,0.301,-24.77,-0.3,1.72,15.0,-0.0017,0.0123,0.0022,,1.468,,,,,,2.5,-0.98
54.47,ROTATION_SCAN,2.5302,-1.0262,0.3,-24.07,-0.22,1.78,15.0,-0.011,0.0167,0.0024,,1.468,,,,,,2.5,-0.98
54.545,ROTATION_SCAN,2.5307,-1.0244,0.303,-23.36,-0.17,1.89,15.0,-0.0227,0.0246,0.0003,,1.402,,1.005,,,,2.5,-0.98
54.58,ROTATION_SCAN,2.5285,-1.0232,0.3,-22.73,-0.13,1.88,15.0,-0.0356,0.0325,0.0068,,1.402,,1.005,,,,2.5,-0.98
54.635,ROTATION_SCAN,2.5275,-1.0216,0.305,-22.16,-0.09,1.78,15.0,-0.0469,0.0386,0.0011,,,,,,,,2.5,-0.98
54.687,ROTATION_SCAN,2.5252,-1.0207,0.308,-21.69,-0.02,1.59,15.0,-0.0614,0.0411,0.0123,,,,,,,,2.5,-0.98
54.73,ROTATION_SCAN,2.524,-1.0208,0.307,-21.32,-0.0,1.38,15.0,-0.0683,0.0402,0.0186,,1.236,,,,,,2.5,-0.98
54.771,ROTATION_SCAN,2.5186,-1.0171,0.304,-20.99,0.02,1.11,15.0,-0.0819,0.046,0.0078,,1.236,,,,,,2.5,-0.98
54.816,ROTATION_SCAN,2.5155,-1.0164,0.305,-20.7,-0.02,0.83,15.0,-0.0913,0.0487,-0.0021,,1.208,,,,,,2.5,-0.98
54.867,ROTATION_SCAN,2.5107,-1.0149,0.304,-20.42,0.01,0.49,15.0,-0.0922,0.0466,-0.0021,,1.208,,,,,,2.5,-0.98
54.933,ROTATION_SCAN,2.5087,-1.0145,0.308,-20.11,0.05,0.16,15.0,-0.091,0.0436,-0.0067,,1.161,,,,,,2.5,-0.98
54.971,ROTATION_SCAN,2.5054,-1.013,0.305,-19.73,0.02,-0.02,15.0,-0.0888,0.0424,0.0013,,1.161,,,,,,2.5,-0.98
55.029,ROTATION_SCAN,2.501,-1.0112,0.303,-19.3,0.0,-0.09,15.0,-0.0871,0.0408,-0.0055,,1.125,,,,,,2.5,-0.98
55.069,ROTATION_SCAN,2.4968,-1.0095,0.305,-18.75,-0.04,-0.24,15.0,-0.0855,0.0401,-0.0131,,1.125,,,,,,2.5,-0.98
55.121,ROTATION_SCAN,2.4933,-1.0079,0.302,-18.1,-0.11,-0.22,15.0,-0.0783,0.0398,-0.0091,,1.095,,,,,,2.5,-0.98
55.188,ROTATION_SCAN,2.495,-1.0089,0.303,-17.41,0.03,-0.41,15.0,-0.0673,0.0325,-0.013,,1.095,,,,,,2.5,-0.98
55.245,ROTATION_SCAN,2.492,-1.0076,0.304,-16.62,0.11,-0.47,15.0,-0.0602,0.0311,-0.0078,,1.075,,,,,,2.5,-0.98
55.302,ROTATION_SCAN,2.4939,-1.0081,0.302,-15.88,0.14,-0.51,15.0,-0.0448,0.0246,-0.0027,,1.075,,,,,,2.5,-0.98
55.324,ROTATION_SCAN,2.494,-1.007,0.305,-15.08,0.09,-0.31,15.0,-0.0216,0.019,-0.008,,1.047,,,,,,2.5,-0.98
55.384,ROTATION_SCAN,2.502,-1.0098,0.303,-14.19,0.03,-0.16,15.0,-0.0167,0.0121,-0.0009,,1.047,,,,,,2.5,-0.98
55.417,ROTATION_SCAN,2.5093,-1.0103,0.301,-13.3,-0.08,0.11,15.0,0.0044,0.0097,-0.0056,,1.043,,,,,,2.5,-0.98
55.481,ROTATION_SCAN,2.512,-1.0114,0.301,-12.33,-0.14,0.42,15.0,0.0079,0.0054,-0.0113,,1.043,,,,,,2.5,-0.98
55.531,ROTATION_SCAN,2.5151,-1.0136,0.301,-11.32,-0.26,0.83,15.0,0.0088,0.0055,-0.0113,,1.036,,,,,,2.5,-0.98
55.574,ROTATION_SCAN,2.5182,-1.0154,0.299,-10.3,-0.48,1.24,15.0,0.0054,0.003,-0.0098,,1.036,,,,,,2.5,-0.98
55.627,ROTATION_SCAN,2.5192,-1.0165,0.302,-9.22,-0.47,1.59,15.0,0.0008,0.0063,-0.0123,,1.032,,1.678,,,,2.5,-0.98
55.665,ROTATION_SCAN,2.5223,-1.0166,0.3,-8.09,-0.53,1.72,15.0,-0.0066,0.0137,-0.0061,,1.032,,1.678,,,,2.5,-0.98
55.716,ROTATION_SCAN,2.5233,-1.0153,0.302,-6.91,-0.55,1.86,15.0,-0.0189,0.0199,-0.0065,,1.045,,1.626,,,,2.5,-0.98
55.766,ROTATION_SCAN,2.5221,-1.0136,0.299,-5.81,-0.52,1.79,15.0,-0.0323,0.0284,-0.0016,,1.045,,1.626,,,,2.5,-0.98
55.831,ROTATION_SCAN,2.5196,-1.0123,0.3,-4.8,-0.46,1.67,15.0,-0.049,0.0325,-0.0055,,1.082,,1.614,,,,2.5,-0.98
55.87,ROTATION_SCAN,2.5185,-1.0105,0.3,-3.89,-0.37,1.49,15.0,-0.0554,0.0404,-0.0056,,1.082,,1.614,,,,2.5,-0.98
55.923,ROTATION_SCAN,2.5164,-1.0042,0.299,-3.11,-0.41,1.39,15.0,-0.0695,0.0505,-0.0026,0.443,1.17,,1.586,,,,2.5,-0.98
55.968,ROTATION_SCAN,2.5117,-1.0005,0.3,-2.45,-0.35,1.13,15.0,-0.0815,0.0563,-0.0047,0.443,1.17,,1.586,,,,2.5,-0.98
56.02,ROTATION_SCAN,2.5063,-0.9971,0.297,-1.78,-0.17,0.79,15.0,-0.0884,0.0594,-0.0021,0.432,,0.441,1.556,,,,2.5,-0.98
56.087,ROTATION_SCAN,2.5035,-0.9949,0.299,-1.16,0.13,0.42,15.0,-0.093,0.0607,-0.0101,0.432,,0.441,1.556,,,,2.5,-0.98
56.143,ROTATION_SCAN,2.5009,-0.9922,0.3,-0.5,0.34,0.06,15.0,-0.0892,0.058,-0.0049,0.43,,0.417,1.526,,,,2.5,-0.98
56.187,LANDING_REGION_SCAN,2.5003,-0.9896,0.299,0.17,0.59,-0.23,15.0,-0.0808,0.0526,-0.0033,0.43,,0.417,1.526,,,,,
56.267,SCAN_NAV_WAYPOINT,2.4986,-0.9864,0.299,0.92,0.73,-0.37,15.0,-0.0724,0.0485,-0.0051,0.433,,0.401,1.478,,2.5,-1.02,3.5,-0.98
56.287,SCAN_NAV_WAYPOINT,2.4979,-0.9843,0.298,1.72,0.75,-0.35,-0.0,-0.0647,0.042,-0.0054,0.433,,0.401,1.478,,2.5,-1.02,3.5,-0.98
56.331,SCAN_NAV_WAYPOINT,2.4962,-0.9812,0.298,2.48,0.82,-0.35,-0.0,-0.0581,0.0381,-0.006,0.433,,0.393,1.409,,2.5,-1.02,3.5,-0.98
56.37,SCAN_NAV_WAYPOINT,2.4945,-0.9788,0.299,3.07,0.91,-0.56,-0.0,-0.0514,0.0332,-0.0026,0.433,,0.393,1.409,,2.5,-1.02,3.5,-0.98
56.436,SCAN_NAV_WAYPOINT,2.4949,-0.9782,0.297,3.55,1.67,-0.6,-0.0,-0.0395,0.0216,0.0001,0.434,,0.391,1.367,,2.5,-1.02,3.5,-0.98
56.466,SCAN_NAV_WAYPOINT,2.4962,-0.9775,0.299,3.84,2.23,-0.68,-0.0,-0.0258,0.0061,-0.0037,0.434,,0.391,1.367,,2.5,-1.02,3.5,-0.98
56.529,SCAN_NAV_WAYPOINT,2.4988,-0.9786,0.295,4.0,2.64,-0.55,-0.0,-0.0105,-0.0154,-0.0019,0.432,,0.394,1.329,,2.5,-1.02,3.5,-0.98
56.568,SCAN_NAV_WAYPOINT,2.5023,-0.9809,0.297,3.99,2.65,-0.36,-0.0,0.0038,-0.0389,-0.0117,0.432,,0.394,1.329,,2.5,-1.02,3.5,-0.98
56.631,SCAN_NAV_WAYPOINT,2.5065,-0.9853,0.298,3.87,2.44,-0.1,-0.0,0.0165,-0.0638,-0.0091,0.431,,0.402,1.312,,2.5,-1.02,3.5,-0.98
56.665,SCAN_NAV_WAYPOINT,2.5112,-0.9906,0.297,3.63,2.03,0.17,-0.0,0.0266,-0.0852,-0.0021,0.431,,0.402,1.312,,2.5,-1.02,3.5,-0.98
56.744,SCAN_NAV_WAYPOINT,2.5137,-0.9964,0.297,3.37,1.58,0.38,-0.0,0.028,-0.1031,-0.0046,0.422,,0.418,1.321,,2.64,-1.02,3.5,-0.98
56.773,SCAN_NAV_WAYPOINT,2.5181,-1.0048,0.298,3.06,1.09,0.65,-0.0,0.0327,-0.1193,-0.0049,0.422,,0.418,1.321,,2.64,-1.02,3.5,-0.98
56.839,SCAN_NAV_WAYPOINT,2.5202,-1.0114,0.299,2.77,0.56,1.01,-0.0,0.0282,-0.1306,-0.0023,0.418,,0.433,1.31,,2.64,-1.02,3.5,-0.98
56.875,SCAN_NAV_WAYPOINT,2.5238,-1.0193,0.293,2.44,-0.13,-0.27,-0.0,0.0292,-0.1319,0.0029,0.418,,0.433,1.31,,2.64,-1.02,3.5,-0.98
56.919,SCAN_NAV_WAYPOINT,2.5254,-1.0261,0.298,2.19,-0.32,-2.27,-0.0,0.0341,-0.1323,-0.0108,0.421,,0.452,1.321,,2.64,-1.02,3.5,-0.98
56.966,SCAN_NAV_WAYPOINT,2.5285,-1.0315,0.296,1.97,-1.01,-3.38,-0.0,0.0617,-0.1218,-0.001,0.421,,0.452,1.321,,2.64,-1.02,3.5,-0.98
57.049,SCAN_NAV_WAYPOINT,2.5329,-1.0372,0.296,1.77,-1.53,-3.96,-0.0,0.0963,-0.1121,-0.0033,0.422,,0.482,1.305,,2.64,-1.02,3.5,-0.98
57.096,SCAN_NAV_WAYPOINT,2.5418,-1.0422,0.294,1.64,-1.86,-4.23,-0.0,0.1384,-0.0941,-0.0061,0.422,,0.482,1.305,,2.64,-1.02,3.5,-0.98
57.142,SCAN_NAV_WAYPOINT,2.5521,-1.0452,0.297,1.61,-2.15,-3.98,-0.0,0.1766,-0.071,-0.0112,0.407,,0.535,1.268,,2.64,-1.02,3.5,-0.98
57.179,SCAN_NAV_WAYPOINT,2.5643,-1.047,0.297,1.59,-2.27,-3.62,-0.0,0.2164,-0.0477,-0.0031,0.407,,0.535,1.268,,2.64,-1.02,3.5,-0.98
57.228,SCAN_NAV_WAYPOINT,2.5784,-1.0478,0.295,1.6,-2.12,-2.92,-0.0,0.2557,-0.0218,-0.0045,0.399,,,1.225,,2.64,-1.02,3.5,-0.98
57.291,SCAN_NAV_WAYPOINT,2.5931,-1.0474,0.294,1.68,-1.95,-1.91,-0.0,0.2822,-0.0013,-0.0096,0.399,,,1.225,,2.64,-1.02,3.5,-0.98
57.317,SCAN_NAV_WAYPOINT,2.6118,-1.0448,0.292,1.86,-1.89,-0.74,-0.0,0.2986,0.0198,-0.0093,0.373,,,1.173,,2.64,-1.02,3.5,-0.98
57.377,SCAN_NAV_WAYPOINT,2.6279,-1.0424,0.289,2.09,-1.56,0.47,-0.0,0.3034,0.039,-0.0087,0.373,,,1.173,,2.64,-1.1,3.5,-0.98
57.447,SCAN_NAV_WAYPOINT,2.645,-1.0394,0.294,2.35,-1.23,1.74,-0.0,0.2962,0.0502,-0.0138,0.346,,,1.143,,2.64,-1.1,3.5,-0.98
57.475,SCAN_NAV_WAYPOINT,2.6599,-1.0373,0.298,2.55,-0.73,2.98,-0.0,0.2872,0.0617,0.0089,0.346,,,1.143,,2.64,-1.1,3.5,-0.98
57.52,SCAN_NAV_WAYPOINT,2.6734,-1.0329,0.298,2.69,1.4,4.47,-0.0,0.2537,0.0667,0.0205,0.308,,,1.128,,2.64,-1.1,3.5,-0.98
57.577,SCAN_NAV_WAYPOINT,2.6852,-1.0281,0.299,2.77,2.91,5.35,-0.0,0.2172,0.0484,0.0144,0.308,,,1.128,,2.64,-1.1,3.5,-0.98
57.615,SCAN_NAV_WAYPOINT,2.6955,-1.0248,0.298,2.84,3.74,6.01,-0.0,0.164,0.0175,0.0146,0.285,,,1.119,,2.64,-1.1,3.5,-0.98
57.673,SCAN_NAV_WAYPOINT,2.7009,-1.0265,0.299,2.94,4.27,6.65,-0.0,0.1107,-0.0201,0.0057,0.285,,,1.119,,2.64,-1.1,3.5,-0.98
57.74,SCAN_NAV_WAYPOINT,2.7052,-1.0281,0.299,3.08,4.47,6.73,-0.0,0.0553,-0.0602,0.0051,0.278,,,1.116,,2.64,-1.1,3.5,-0.98
57.774,SCAN_NAV_WAYPOINT,2.7053,-1.0323,0.298,3.31,4.18,6.41,-0.0,-0.0056,-0.1063,0.0002,0.278,,,1.116,,2.64,-1.1,3.5,-0.98
57.832,SCAN_NAV_WAYPOINT,2.7029,-1.0396,0.296,3.42,3.65,5.94,-0.0,-0.0607,-0.1443,-0.0028,0.286,,,1.107,,2.64,-1.1,3.5,-0.98
57.871,SCAN_NAV_WAYPOINT,2.6958,-1.0497,0.296,3.51,2.98,5.39,-0.0,-0.1071,-0.1784,-0.0088,0.286,,,1.107,,2.64,-1.1,3.5,-0.98
57.915,SCAN_NAV_WAYPOINT,2.6878,-1.0584,0.296,3.64,2.19,4.36,-0.0,-0.1562,-0.2023,-0.0086,0.322,,,1.09,,2.64,-1.1,3.5,-0.98
57.974,SCAN_NAV_WAYPOINT,2.6767,-1.0686,0.295,3.72,1.2,3.25,-0.0,-0.1925,-0.2186,-0.0041,0.322,,,1.09,,2.64,-1.1,3.5,-0.98
58.053,SCAN_NAV_WAYPOINT,2.6679,-1.0776,0.292,3.72,0.08,1.84,-0.0,-0.2193,-0.2281,-0.0029,,0.649,,1.07,,2.64,-1.1,3.5,-0.98
58.079,SCAN_NAV_WAYPOINT,2.6581,-1.0837,0.293,3.59,-0.87,0.65,-0.0,-0.228,-0.2202,-0.0048,,0.649,,1.07,,2.64,-1.1,3.5,-0.98
58.132,SCAN_NAV_WAYPOINT,2.6453,-1.0953,0.295,3.36,-1.51,-0.47,-0.0,-0.2263,-0.2066,-0.0014,,0.612,,1.067,,2.66,-1.16,3.5,-0.98
58.171,SCAN_NAV_WAYPOINT,2.6363,-1.1035,0.295,3.11,-1.99,-1.53,-0.0,-0.2158,-0.1865,0.0097,,0.612,,1.067,,2.66,-1.16,3.5,-0.98
58.215,SCAN_NAV_WAYPOINT,2.6274,-1.11,0.297,2.7,-1.86,-2.44,-0.0,-0.1926,-0.1653,0.013,,0.584,,1.069,,2.66,-1.16,3.5,-0.98
58.297,SCAN_NAV_WAYPOINT,2.6217,-1.1142,0.297,2.25,-0.92,-3.57,-0.0,-0.1614,-0.1431,0.0139,,0.584,,1.069,,2.66,-1.16,3.5,-0.98
58.34,SCAN_NAV_WAYPOINT,2.6168,-1.119,0.299,1.82,-0.38,-4.11,-0.0,-0.1241,-0.1313,0.0115,,0.57,,1.084,,2.66,-1.16,3.5,-0.98
58.403,SCAN_NAV_WAYPOINT,2.6122,-1.1245,0.298,1.42,0.03,-4.49,-0.0,-0.0843,-0.1256,0.0129,,0.57,,1.084,,2.66,-1.16,3.5,-0.98
58.433,SCAN_NAV_WAYPOINT,2.6124,-1.1296,0.298,0.91,0.18,-4.53,-0.0,-0.037,-0.121,0.0081,,0.56,,1.095,,2.66,-1.16,3.5,-0.98
58.471,SCAN_NAV_WAYPOINT,2.6151,-1.1353,0.296,0.48,0.2,-4.26,-0.0,0.0072,-0.1252,0.005,,0.56,,1.095,,2.66,-1.16,3.5,-0.98
58.529,SCAN_NAV_WAYPOINT,2.6195,-1.1406,0.3,0.08,0.1,-3.96,-0.0,0.0534,-0.121,-0.0003,,0.564,,1.101,,2.66,-1.16,3.5,-0.98
58.596,SCAN_NAV_WAYPOINT,2.6262,-1.1454,0.299,-0.17,-0.13,-3.15,-0.0,0.0979,-0.1198,0.0089,,0.564,,1.101,,2.66,-1.16,3.5,-0.98
58.656,SCAN_NAV_WAYPOINT,2.6347,-1.1505,0.3,-0.33,-0.37,-2.22,-0.0,0.1311,-0.117,0.0061,,0.573,,1.082,,2.68,-1.16,3.5,-0.98
58.695,SCAN_NAV_WAYPOINT,2.6473,-1.1554,0.299,-0.41,-0.65,-1.21,-0.0,0.1551,-0.109,0.0026,,0.573,,1.082,,2.68,-1.16,3.5,-0.98
58.729,SCAN_NAV_WAYPOINT,2.6577,-1.16,0.301,-0.36,-0.89,-0.3,-0.0,0.1686,-0.0983,-0.001,,0.591,,1.048,,2.74,-1.18,3.5,-0.98
58.77,SCAN_NAV_WAYPOINT,2.6662,-1.1645,0.299,-0.36,-1.02,0.44,-0.0,0.1692,-0.0903,0.0022,,0.591,,1.048,,2.74,-1.18,3.5,-0.98
58.823,SCAN_NAV_WAYPOINT,2.6756,-1.1684,0.304,-0.36,-1.12,0.76,-0.0,0.1672,-0.0808,-0.004,,0.606,,1.023,,2.74,-1.18,3.5,-0.98
58.898,SCAN_NAV_WAYPOINT,2.684,-1.1716,0.303,-0.31,-0.94,0.25,-0.0,0.1626,-0.0694,0.0076,,0.606,,1.023,,2.74,-1.18,3.5,-0.98
58.928,SCAN_NAV_WAYPOINT,2.6917,-1.1742,0.303,-0.24,-0.63,-0.07,-0.0,0.1631,-0.0605,0.0028,,0.623,,0.998,,2.74,-1.18,3.5,-0.98
58.991,SCAN_NAV_WAYPOINT,2.7004,-1.1766,0.303,-0.09,-0.6,0.03,-0.0,0.1602,-0.0561,-0.0029,,0.623,,0.998,,2.74,-1.18,3.5,-0.98
59.028,SCAN_NAV_WAYPOINT,2.7083,-1.1796,0.303,0.1,-0.49,-0.02,-0.0,0.1594,-0.0491,-0.003,,0.636,,0.973,,2.74,-1.18,3.5,-0.98
59.079,SCAN_NAV_WAYPOINT,2.7164,-1.1812,0.298,0.23,-0.45,0.3,-0.0,0.1604,-0.0458,-0.0057,,0.636,,0.973,,2.74,-1.2,3.5,-0.98
59.126,SCAN_NAV_WAYPOINT,2.7236,-1.1834,0.299,0.37,-0.64,0.96,-0.0,0.1561,-0.041,-0.0159,,0.65,,0.96,,3.5,-1.2,3.5,-0.98
59.184,SCAN_NAV_WAYPOINT,2.7309,-1.1861,0.299,0.52,-0.47,1.45,-0.0,0.1457,-0.0359,-0.0077,,0.65,,0.96,,3.5,-1.2,3.5,-0.98
59.246,SCAN_NAV_WAYPOINT,2.7392,-1.1868,0.296,0.57,-0.62,0.72,-0.0,0.1363,-0.0318,-0.0032,,0.665,,0.952,,3.5,-1.2,3.5,-0.98
59.29,SCAN_NAV_WAYPOINT,2.7452,-1.1895,0.297,0.57,-0.76,-0.63,-0.0,0.1326,-0.0273,-0.0059,,0.665,,0.952,,3.5,-1.2,3.5,-0.98
59.325,SCAN_NAV_WAYPOINT,2.7511,-1.1909,0.297,0.64,-0.78,-1.57,-0.0,0.138,-0.0234,-0.0033,,0.674,,0.945,,3.5,-1.2,3.5,-0.98
59.374,SCAN_NAV_WAYPOINT,2.7578,-1.1931,0.298,0.78,-0.59,-2.17,-0.0,0.1532,-0.0153,-0.0002,,0.674,,0.945,,3.5,-1.2,3.5,-0.98
59.42,SCAN_NAV_WAYPOINT,2.7657,-1.1928,0.297,0.88,-0.49,-2.15,-0.0,0.1743,-0.0094,0.0054,,0.683,,0.938,,3.5,-1.2,3.5,-0.98
59.497,SCAN_NAV_WAYPOINT,2.7736,-1.1943,0.302,1.0,-0.33,-2.21,-0.0,0.191,-0.0063,0.0022,,0.683,,0.938,,3.5,-1.2,3.5,-0.98
59.526,SCAN_NAV_WAYPOINT,2.785,-1.194,0.299,1.14,-0.29,-2.11,-0.0,0.2067,-0.0036,0.0131,,0.702,,0.938,,3.5,-1.2,3.5,-0.98
59.581,SCAN_NAV_WAYPOINT,2.7954,-1.1938,0.3,1.31,-0.32,-1.81,-0.0,0.2243,-0.0003,0.0058,,0.702,,0.938,,3.5,-1.2,3.5,-0.98
59.628,SCAN_NAV_WAYPOINT,2.8057,-1.1944,0.303,1.5,-0.05,-1.54,-0.0,0.2379,0.0009,0.0011,,0.72,,0.939,,3.5,-1.2,3.5,-0.98
59.672,SCAN_NAV_WAYPOINT,2.819,-1.1939,0.305,1.66,-0.25,-1.27,-0.0,0.2554,0.0033,0.0075,,0.72,,0.939,,3.5,-1.2,3.5,-0.98
59.715,SCAN_NAV_WAYPOINT,2.8313,-1.1936,0.306,1.79,-0.36,-1.03,-0.0,0.2641,0.0059,0.0108,,0.743,,0.95,,3.5,-1.2,3.5,-0.98
59.806,SCAN_NAV_WAYPOINT,2.8451,-1.1929,0.306,1.83,-0.31,-0.89,-0.0,0.2685,0.0096,0.0105,,0.743,,0.95,,3.5,-1.2,3.5,-0.98
59.829,SCAN_NAV_WAYPOINT,2.8584,-1.192,0.3,1.8,-0.07,-0.42,-0.0,0.2715,0.0145,0.0049,,0.766,,0.957,,3.5,-1.2,3.5,-0.98
59.874,SCAN_NAV_WAYPOINT,2.8709,-1.191,0.303,1.65,-0.23,-0.2,-0.0,0.2706,0.0148,-0.0098,,0.766,,0.957,,3.5,-1.2,3.5,-0.98
59.943,SCAN_NAV_WAYPOINT,2.8817,-1.1906,0.299,1.42,-0.02,-0.17,-0.0,0.2652,0.0152,-0.0035,,0.793,,0.974,,3.5,-1.2,3.5,-0.98
59.972,SCAN_NAV_WAYPOINT,2.8931,-1.19,0.305,1.12,-0.0,-0.08,-0.0,0.2694,0.0158,-0.0059,,0.793,,0.974,,3.5,-1.2,3.5,-0.98
60.024,SCAN_NAV_WAYPOINT,2.905,-1.1886,0.304,0.96,-0.02,0.09,-0.0,0.2615,0.0168,0.0067,,0.816,,0.982,,3.5,-1.2,3.5,-0.98
60.071,SCAN_NAV_WAYPOINT,2.9176,-1.1872,0.303,0.85,0.21,-0.02,-0.0,0.2575,0.0182,0.0059,,0.816,,0.982,,3.5,-1.2,3.5,-0.98
60.114,SCAN_NAV_WAYPOINT,2.9284,-1.1855,0.302,0.86,0.53,-0.16,-0.0,0.2512,0.0154,-0.0031,,0.839,,0.993,,3.5,-1.2,3.5,-0.98
60.169,SCAN_NAV_WAYPOINT,2.9389,-1.1848,0.306,1.18,0.43,-0.46,-0.0,0.2532,0.0131,-0.0071,,0.839,,0.993,,3.5,-1.2,3.5,-0.98
60.234,SCAN_NAV_WAYPOINT,2.9513,-1.1845,0.304,1.61,0.42,-0.49,-0.0,0.2556,0.007,0.0047,,0.864,,,,3.5,-1.2,3.5,-0.98
60.268,SCAN_NAV_WAYPOINT,2.963,-1.1842,0.299,2.08,0.42,-0.56,-0.0,0.2574,0.0046,0.0058,,0.864,,,,3.5,-1.2,3.5,-0.98
60.335,SCAN_NAV_WAYPOINT,2.9749,-1.1836,0.302,2.35,0.43,-0.44,-0.0,0.2563,0.0041,-0.0125,,0.885,0.187,1.173,,3.5,-1.2,3.5,-0.98
60.39,SCAN_NAV_WAYPOINT,2.9859,-1.1822,0.304,2.44,0.17,-0.34,-0.0,0.2567,0.0018,-0.0043,,0.885,0.187,1.173,,3.5,-1.2,3.5,-0.98
60.415,SCAN_NAV_WAYPOINT,2.9971,-1.1822,0.304,2.4,0.18,-0.16,-0.0,0.2542,0.0007,0.0009,,0.908,0.153,,,3.5,-1.2,3.5,-0.98
60.469,SCAN_NAV_WAYPOINT,3.0079,-1.1818,0.306,2.28,0.04,-0.23,-0.0,0.2496,0.0008,0.0053,,0.908,0.153,,,3.5,-1.2,3.5,-0.98
60.547,SCAN_NAV_WAYPOINT,3.0192,-1.1822,0.305,1.97,-0.67,-0.2,-0.0,0.2526,0.0008,0.0269,,0.93,0.156,,,3.5,-1.2,3.5,-0.98
60.572,SCAN_NAV_WAYPOINT,3.0299,-1.1828,0.311,1.66,-0.72,-0.82,-0.0,0.2492,0.0076,0.0213,,0.93,0.156,,,3.5,-1.2,3.5,-0.98
60.628,SCAN_NAV_WAYPOINT,3.0419,-1.1812,0.311,1.29,-0.23,-1.03,-0.0,0.254,0.0122,0.0257,,0.95,0.164,,,3.5,-1.2,3.5,-0.98
60.676,SCAN_NAV_WAYPOINT,3.0522,-1.1802,0.308,0.79,0.21,-0.89,-0.0,0.2563,0.0159,0.0147,,0.95,0.164,,,3.5,-1.2,3.5,-0.98
60.72,SCAN_NAV_WAYPOINT,3.0635,-1.1776,0.307,0.41,0.54,-0.96,-0.0,0.2594,0.0157,-0.0027,,0.97,0.182,,,3.5,-1.2,3.5,-0.98
60.792,SCAN_NAV_WAYPOINT,3.0756,-1.1766,0.308,0.3,0.71,-0.8,-0.0,0.2686,0.011,-0.0081,,0.97,0.182,,,3.5,-1.2,3.5,-0.98
60.823,SCAN_NAV_WAYPOINT,3.0876,-1.1748,0.306,0.33,0.66,-0.75,-0.0,0.2765,0.0094,-0.0084,,1.002,0.172,,,3.5,-1.2,3.5,-0.98
60.878,SCAN_NAV_WAYPOINT,3.1039,-1.1746,0.304,0.38,0.46,-0.85,-0.0,0.2807,0.0038,-0.0125,,1.002,0.172,,,3.5,-1.2,3.5,-0.98
60.922,SCAN_NAV_WAYPOINT,3.1189,-1.1747,0.292,0.37,0.65,-1.04,-0.0,0.2881,-0.0003,-0.0216,,1.029,0.172,2.419,,3.5,-1.2,3.5,-0.98
60.968,SCAN_NAV_WAYPOINT,3.132,-1.1738,0.236,0.28,0.67,-0.92,-0.0,0.2926,-0.0034,-0.0464,,1.029,0.172,2.419,,3.5,-1.2,3.5,-0.98
61.02,SCAN_NAV_WAYPOINT,3.1445,-1.172,0.202,0.13,0.91,-0.86,-0.0,0.3012,-0.0038,-0.1576,,1.054,,2.476,,3.5,-1.2,3.5,-0.98
61.094,SCAN_NAV_WAYPOINT,3.1538,-1.1717,0.191,-0.11,1.07,-0.59,-0.0,0.299,-0.0109,-0.1797,,1.054,,2.476,,3.5,-1.2,3.5,-0.98
61.13,SCAN_NAV_WAYPOINT,3.1656,-1.1717,0.193,-0.43,1.15,-0.35,-0.0,0.2982,-0.021,-0.1504,,1.085,0.179,2.512,,3.5,-1.2,3.5,-0.98
61.195,SCAN_NAV_WAYPOINT,3.1783,-1.1708,0.211,-0.72,1.16,-0.2,-0.0,0.2814,-0.0266,-0.0464,,1.085,0.179,2.512,,3.5,-1.2,3.5,-0.98
61.23,SCAN_NAV_WAYPOINT,3.1854,-1.1709,0.232,-0.88,1.22,-0.35,-0.0,0.2735,-0.039,0.0366,,1.11,0.184,2.517,,3.5,-1.2,3.5,-0.98
61.267,SCAN_NAV_WAYPOINT,3.1941,-1.1696,0.25,-0.85,1.03,-0.54,-0.0,0.2631,-0.0445,0.126,,1.11,0.184,2.517,,3.5,-1.2,3.5,-0.98
61.323,SCAN_NAV_WAYPOINT,3.21,-1.1734,0.275,-0.7,0.97,-0.8,-0.0,0.2742,-0.0556,0.1791,,1.152,0.178,2.57,,3.5,-1.2,3.5,-0.98
61.4,SCAN_NAV_WAYPOINT,3.2256,-1.1776,0.312,-0.54,0.92,-0.75,-0.0,0.2846,-0.0656,0.2129,,1.152,0.178,2.57,,3.5,-1.2,3.5,-0.98
61.429,SCAN_NAV_WAYPOINT,3.244,-1.1835,0.342,-0.27,0.66,-0.5,-0.0,0.3002,-0.0759,0.281,,1.184,0.19,2.584,,3.5,-1.2,3.5,-0.98
61.489,SCAN_NAV_WAYPOINT,3.2597,-1.1885,0.381,0.21,-0.01,-0.48,-0.0,0.3053,-0.0797,0.2818,,1.184,0.19,2.584,,3.5,-1.2,3.5,-0.98
61.529,SCAN_NAV_WAYPOINT,3.2774,-1.1946,0.432,0.87,-0.37,-0.2,-0.0,0.3153,-0.0793,0.3112,,1.213,0.196,2.587,,3.5,-1.2,3.5,-0.98
61.566,SCAN_NAV_WAYPOINT,3.2947,-1.2025,0.47,1.54,-0.62,0.02,-0.0,0.3218,-0.0794,0.3218,,1.213,0.196,2.587,,3.5,-1.2,3.5,-0.98
61.614,SCAN_NAV_WAYPOINT,3.3122,-1.2101,0.476,2.06,-0.99,0.02,-0.0,0.3268,-0.0771,0.3318,,1.248,0.208,2.58,,3.5,-1.2,3.5,-0.98
61.698,SCAN_NAV_WAYPOINT,3.33,-1.2155,0.463,2.46,-1.18,0.15,-0.0,0.3312,-0.0716,0.2131,,1.248,0.208,2.58,,3.5,-1.2,3.5,-0.98
61.73,SCAN_NAV_WAYPOINT,3.3505,-1.2176,0.449,2.78,-1.53,0.43,-0.0,0.3405,-0.0617,0.0617,,1.286,0.216,2.577,,3.5,-1.2,3.5,-0.98
61.781,SCAN_NAV_WAYPOINT,3.3697,-1.2193,0.422,2.97,-2.05,0.74,-0.0,0.3416,-0.0504,-0.0875,,1.286,0.216,2.577,,3.5,-1.2,3.5,-0.98
61.832,SCAN_NAV_WAYPOINT,3.3882,-1.2195,0.399,3.01,-2.1,0.74,-0.0,0.3411,-0.0343,-0.2098,,1.32,,2.561,,3.5,-1.2,3.5,-0.98
61.869,SCAN_NAV_WAYPOINT,3.4082,-1.2182,0.365,2.99,-1.97,1.07,-0.0,0.337,-0.0162,-0.2656,,1.32,,2.561,,3.5,-1.2,3.5,-0.98
61.915,SCAN_NAV_WAYPOINT,3.4262,-1.2163,0.346,2.97,-1.7,1.61,-0.0,0.327,0.0,-0.3311,,1.367,,2.531,,3.5,-1.2,3.5,-0.98
61.965,SCAN_NAV_WAYPOINT,3.4479,-1.2146,0.332,3.02,-1.7,1.6,-0.0,0.3215,0.0138,-0.3098,,1.367,,2.531,,3.5,-1.2,3.5,-0.98
62.016,SCAN_NAV_WAYPOINT,3.4657,-1.214,0.317,2.98,-1.5,1.94,-0.0,0.3125,0.0264,-0.3029,,1.405,,2.542,,3.5,-1.2,3.5,-0.98
62.089,SCAN_NAV_WAYPOINT,3.4842,-1.2117,0.299,2.93,-1.45,2.12,-0.0,0.3002,0.0398,-0.2588,,1.405,,2.542,,3.5,-0.98,3.5,-0.98
62.118,SCAN_NAV_WAYPOINT,3.5051,-1.2072,0.29,2.78,-1.08,2.51,-0.0,0.2992,0.0502,-0.2467,,1.435,,2.52,,3.5,-0.98,3.5,-0.98
62.169,SCAN_NAV_WAYPOINT,3.5214,-1.2097,0.28,2.53,-0.82,3.18,-0.0,0.2778,0.0526,-0.192,,1.435,,2.52,,3.5,-0.98,3.5,-0.98
62.231,SCAN_NAV_WAYPOINT,3.5419,-1.2057,0.271,2.28,-1.89,3.86,-0.0,0.2536,0.0565,-0.1645,,1.463,,2.529,,3.5,-0.98,3.5,-0.98
62.271,SCAN_NAV_WAYPOINT,3.5571,-1.2075,0.262,2.13,-3.23,4.51,-0.0,0.2201,0.0672,-0.1285,,1.463,,2.529,,3.5,-0.98,3.5,-0.98
62.329,SCAN_NAV_WAYPOINT,3.5683,-1.2083,0.269,2.03,-3.99,5.13,-0.0,0.179,0.0917,-0.1077,,1.489,,2.539,,3.5,-0.98,3.5,-0.98
62.409,SCAN_NAV_WAYPOINT,3.5773,-1.2103,0.269,1.87,-4.22,5.34,-0.0,0.1385,0.1197,-0.0445,,1.489,,2.539,,3.5,-0.98,3.5,-0.98
62.44,SCAN_NAV_WAYPOINT,3.5846,-1.2045,0.267,1.72,-4.14,5.32,-0.0,0.0941,0.1549,-0.0176,,1.5,,2.542,,3.5,-0.98,3.5,-0.98
62.469,SCAN_NAV_WAYPOINT,3.5896,-1.1995,0.259,1.58,-3.68,5.02,-0.0,0.0486,0.1805,-0.0178,,1.5,,2.542,,3.5,-0.98,3.5,-0.98
62.526,SCAN_NAV_WAYPOINT,3.5928,-1.1915,0.257,1.47,-3.26,4.57,-0.0,0.0117,0.2039,-0.0208,,1.511,,2.567,,3.5,-0.98,3.5,-0.98
62.565,SCAN_NAV_WAYPOINT,3.5931,-1.1855,0.242,1.41,-2.86,3.9,-0.0,-0.0238,0.2206,-0.0111,,1.511,,2.567,,3.5,-0.98,3.5,-0.98
62.633,SCAN_NAV_WAYPOINT,3.5923,-1.1796,0.262,1.34,-2.3,3.42,-0.0,-0.0528,0.2332,-0.0358,,1.53,,2.558,,3.5,-0.98,3.5,-0.98
62.699,SCAN_NAV_WAYPOINT,3.5892,-1.174,0.263,1.25,-1.8,2.89,-0.0,-0.0814,0.2513,0.047,,1.53,,2.558,,3.5,-0.98,3.5,-0.98
62.743,SCAN_NAV_WAYPOINT,3.5871,-1.1638,0.267,1.22,-1.35,2.28,-0.0,-0.1006,0.2573,0.0576,,1.526,,,,3.5,-0.98,3.5,-0.98
62.765,SCAN_NAV_WAYPOINT,3.582,-1.1523,0.266,1.34,-0.98,1.9,-0.0,-0.1143,0.261,0.0449,,1.526,,,,3.5,-0.98,3.5,-0.98
62.835,SCAN_NAV_WAYPOINT,3.5782,-1.1424,0.267,1.56,-0.66,1.3,-0.0,-0.1223,0.2598,0.0499,,1.534,,2.603,,3.5,-0.98,3.5,-0.98
62.867,SCAN_NAV_WAYPOINT,3.5752,-1.1334,0.273,1.75,-0.3,0.89,-0.0,-0.1229,0.2581,0.0434,,1.534,,2.603,,3.5,-0.98,3.5,-0.98
62.935,SCAN_NAV_WAYPOINT,3.5701,-1.1219,0.276,1.93,-0.37,0.66,-0.0,-0.1268,0.2585,0.0521,,1.536,,2.623,,3.5,-0.98,3.5,-0.98
62.967,SCAN_NAV_WAYPOINT,3.5664,-1.1128,0.275,2.02,-0.2,0.43,-0.0,-0.1234,0.2545,0.0512,,1.536,,2.623,,3.5,-0.98,3.5,-0.98
63.03,SCAN_NAV_WAYPOINT,3.5621,-1.103,0.279,2.1,-0.18,0.35,-0.0,-0.1207,0.2491,0.036,,1.525,,2.653,,3.5,-0.98,3.5,-0.98
63.064,SCAN_NAV_WAYPOINT,3.5575,-1.09,0.274,2.17,-0.25,0.43,-0.0,-0.1199,0.2481,0.0405,,1.525,,2.653,,3.5,-0.98,3.5,-0.98
63.127,SCAN_NAV_WAYPOINT,3.5537,-1.0803,0.282,2.22,-0.2,0.46,-0.0,-0.1179,0.2435,0.0228,,1.528,,2.667,,3.5,-0.98,3.5,-0.98
63.163,SCAN_NAV_WAYPOINT,3.5499,-1.0703,0.289,2.3,-0.32,0.4,-0.0,-0.1135,0.2385,0.0396,,1.528,,2.667,,3.5,-0.98,3.5,-0.98
63.264,SCAN_NAV_WAYPOINT,3.5452,-1.0599,0.295,2.32,-0.33,0.69,-0.0,-0.1173,0.2423,0.0501,,1.517,,2.679,,3.5,-0.98,3.5,-0.98
63.285,SCAN_NAV_WAYPOINT,3.5405,-1.0489,0.298,2.31,-0.43,0.75,-0.0,-0.118,0.2393,0.0484,,1.517,,2.679,,3.5,-0.98,3.5,-0.98
63.345,SCAN_NAV_WAYPOINT,3.5358,-1.0376,0.298,2.34,-0.38,0.64,-0.0,-0.1183,0.2366,0.0487,,,,2.721,,3.5,-0.98,3.5,-0.98
63.371,SCAN_NAV_WAYPOINT,3.5314,-1.027,0.301,2.42,-0.3,0.71,-0.0,-0.1192,0.2385,0.0318,,,,2.721,,3.5,-0.98,3.5,-0.98
63.427,SCAN_NAV_WAYPOINT,3.527,-1.016,0.303,2.51,-0.18,0.75,-0.0,-0.1218,0.2378,0.0269,,,,2.725,,3.5,-0.98,3.5,-0.98
63.468,SCAN_NAV_WAYPOINT,3.5226,-1.0057,0.304,2.58,0.4,0.67,-0.0,-0.1253,0.2409,0.021,,,,2.725,,3.5,-0.98,3.5,-0.98
63.52,SCAN_NAV_WAYPOINT,3.5179,-0.9942,0.302,2.62,1.0,0.41,-0.0,-0.1235,0.2326,0.0116,,,,,,3.5,-0.98,3.5,-0.98
63.564,ROTATION_SCAN,3.5133,-0.984,0.298,2.74,1.49,0.06,-0.0,-0.1207,0.2188,-0.0022,,,,,,,,3.5,-0.98
63.629,ROTATION_SCAN,3.5089,-0.9733,0.296,2.81,1.94,-0.18,15.0,-0.1139,0.2032,-0.0166,,,,2.733,,,,3.5,-0.98
63.668,ROTATION_SCAN,3.5051,-0.9651,0.296,2.79,2.32,-0.5,15.0,-0.1052,0.1842,-0.0188,,,,2.733,,,,3.5,-0.98
63.723,ROTATION_SCAN,3.5007,-0.956,0.294,2.92,3.05,-1.09,15.0,-0.0954,0.1637,-0.0175,,0.096,,,,,,3.5,-0.98
63.767,ROTATION_SCAN,3.4978,-0.9491,0.293,3.12,3.4,-1.34,15.0,-0.0789,0.1401,-0.0215,,0.096,,,,,,3.5,-0.98
63.819,ROTATION_SCAN,3.4959,-0.9445,0.296,3.42,3.62,-1.52,15.0,-0.0606,0.1085,-0.0201,,0.104,,2.751,,,,3.5,-0.98
63.887,ROTATION_SCAN,3.4944,-0.9411,0.295,3.75,3.61,-1.39,15.0,-0.0435,0.079,-0.0072,,0.104,,2.751,,,,3.5,-0.98
63.926,ROTATION_SCAN,3.4928,-0.9376,0.296,4.08,3.38,-1.27,15.0,-0.026,0.0492,-0.0076,,0.106,,,,,,3.5,-0.98
63.982,ROTATION_SCAN,3.4931,-0.9372,0.293,4.48,3.15,-1.08,15.0,-0.0141,0.0205,-0.0032,,0.106,,,,,,3.5,-0.98
64.024,ROTATION_SCAN,3.4935,-0.9379,0.296,4.91,2.81,-0.78,15.0,0.0036,-0.0083,-0.004,,0.108,,2.788,,,,3.5,-0.98
64.065,ROTATION_SCAN,3.4968,-0.9413,0.294,5.44,2.18,-0.42,15.0,0.0153,-0.0316,0.0021,,0.108,,2.788,,,,3.5,-0.98
64.119,ROTATION_SCAN,3.4972,-0.943,0.292,6.18,1.64,-0.11,15.0,0.0233,-0.0459,-0.0014,,0.109,,2.781,,,,3.5,-0.98
64.18,ROTATION_SCAN,3.5002,-0.9472,0.294,6.97,1.13,0.06,15.0,0.0248,-0.0573,-0.006,,0.109,,2.781,,,,3.5,-0.98
64.226,ROTATION_SCAN,3.5025,-0.9503,0.292,7.77,0.59,0.13,15.0,0.0266,-0.0621,-0.0019,,0.113,,,,,,3.5,-0.98
64.28,ROTATION_SCAN,3.504,-0.9534,0.293,8.63,0.13,0.31,15.0,0.0268,-0.065,-0.0073,,0.113,,,,,,3.5,-0.98
64.319,ROTATION_SCAN,3.5062,-0.9562,0.293,9.6,-0.08,0.36,15.0,0.0259,-0.0603,-0.0045,,0.112,,2.821,,,,3.5,-0.98
64.364,ROTATION_SCAN,3.5091,-0.958,0.294,10.57,-0.25,0.42,15.0,0.0268,-0.0554,0.0009,,0.112,,2.821,,,,3.5,-0.98
64.423,ROTATION_SCAN,3.5111,-0.9603,0.292,11.53,-0.31,0.43,15.0,0.0245,-0.0491,0.0032,,0.123,,2.841,,,,3.5,-0.98
64.479,ROTATION_SCAN,3.5133,-0.9615,0.294,12.43,-0.48,0.44,15.0,0.0225,-0.0428,-0.0028,,0.123,,2.841,,,,3.5,-0.98
64.541,ROTATION_SCAN,3.5151,-0.9629,0.296,13.37,-0.4,0.37,15.0,0.0216,-0.0368,0.0058,,0.134,,,,,,3.5,-0.98
64.59,ROTATION_SCAN,3.5187,-0.9607,0.294,14.13,-0.23,0.16,15.0,0.0234,-0.0214,0.0146,,0.134,,,,,,3.5,-0.98
64.616,ROTATION_SCAN,3.5187,-0.9573,0.295,14.75,0.04,0.2,15.0,0.0197,-0.011,0.0095,,0.121,,2.853,,,,3.5,-0.98
64.672,ROTATION_SCAN,3.5218,-0.953,0.294,15.44,0.08,0.34,15.0,0.0215,0.001,0.0066,,0.121,,2.853,,,,3.5,-0.98
64.715,ROTATION_SCAN,3.5244,-0.9505,0.296,16.25,0.15,0.57,15.0,0.0193,0.0064,-0.0009,,0.12,,,,,,3.5,-0.98
64.784,ROTATION_SCAN,3.5251,-0.947,0.295,17.09,0.37,0.89,15.0,0.0145,0.0123,0.0036,,0.12,,,,,,3.5,-0.98
64.813,ROTATION_SCAN,3.5275,-0.9419,0.296,17.94,0.68,1.05,15.0,0.0151,0.0184,0.0024,,0.129,,,,,,3.5,-0.98
64.878,ROTATION_SCAN,3.5278,-0.9375,0.299,18.74,0.77,1.34,15.0,0.0058,0.0153,0.0015,,0.129,,,,,,3.5,-0.98
64.915,ROTATION_SCAN,3.5316,-0.9359,0.298,19.5,1.11,1.63,15.0,0.0062,0.0086,0.0089,,0.133,,,,,,3.5,-0.98
64.992,ROTATION_SCAN,3.5328,-0.9336,0.299,20.22,0.98,1.72,15.0,-0.0035,-0.002,0.0031,,0.133,,,,,,3.5,-0.98
65.017,ROTATION_SCAN,3.5333,-0.9321,0.298,20.98,1.3,1.42,15.0,-0.0103,-0.0099,0.0113,,0.132,,2.957,,,,3.5,-0.98
65.107,ROTATION_SCAN,3.5326,-0.9312,0.299,21.63,1.34,1.35,15.0,-0.0176,-0.0228,0.0071,,0.132,,2.957,,,,3.5,-0.98
65.137,ROTATION_SCAN,3.5332,-0.9321,0.298,22.31,1.26,1.13,15.0,-0.0211,-0.0361,0.0077,,0.14,,,,,,3.5,-0.98
65.175,ROTATION_SCAN,3.5309,-0.9331,0.3,23.11,1.19,1.02,15.0,-0.0273,-0.0474,0.006,,0.14,,,,,,3.5,-0.98
65.228,ROTATION_SCAN,3.5288,-0.9357,0.299,23.94,1.15,0.99,15.0,-0.0316,-0.0598,0.0081,,0.164,0.356,,,,,3.5,-0.98
65.265,ROTATION_SCAN,3.5313,-0.9416,0.302,24.85,0.93,0.93,15.0,-0.0274,-0.0763,0.0038,,0.164,0.356,,,,,3.5,-0.98
65.315,ROTATION_SCAN,3.5259,-0.9488,0.299,25.67,0.96,0.42,15.0,-0.0359,-0.092,0.0155,,,0.334,,,,,3.5,-0.98
65.368,ROTATION_SCAN,3.5269,-0.9484,0.302,26.44,0.38,0.19,15.0,-0.0296,-0.0903,0.004,,,0.334,,,,,3.5,-0.98
65.416,ROTATION_SCAN,3.5313,-0.9523,0.303,27.28,-0.29,0.25,15.0,-0.0178,-0.0886,0.0054,,1.59,0.319,,,,,3.5,-0.98
65.483,ROTATION_SCAN,3.5317,-0.9551,0.303,28.08,-0.36,-0.17,15.0,-0.0196,-0.0839,0.0118,,1.59,0.319,,,,,3.5,-0.98
65.535,ROTATION_SCAN,3.5349,-0.9561,0.303,28.78,-0.63,-0.14,15.0,-0.0113,-0.0737,0.0076,,1.635,0.314,,,,,3.5,-0.98
65.584,ROTATION_SCAN,3.5363,-0.9538,0.305,29.49,-0.99,0.11,15.0,-0.0066,-0.0561,-0.0002,,1.635,0.314,,,,,3.5,-0.98
65.618,ROTATION_SCAN,3.544,-0.9478,0.302,30.25,-1.32,0.49,15.0,-0.0003,-0.0337,-0.0027,2.937,1.645,0.31,,,,,3.5,-0.98
65.663,ROTATION_SCAN,3.5457,-0.9444,0.302,31.03,-1.03,0.63,15.0,-0.0056,-0.0155,-0.0111,2.937,1.645,0.31,,,,,3.5,-0.98
65.714,ROTATION_SCAN,3.5498,-0.9368,0.3,31.86,-0.95,1.03,15.0,-0.005,0.007,-0.0173,2.941,1.651,0.305,,,,,3.5,-0.98
65.779,ROTATION_SCAN,3.5517,-0.9261,0.3,32.54,-0.56,1.31,15.0,-0.0131,0.023,-0.0139,2.941,1.651,0.305,,,,,3.5,-0.98
65.818,ROTATION_SCAN,3.5535,-0.9157,0.3,33.24,-0.27,1.83,15.0,-0.0191,0.0305,-0.0159,,1.666,0.297,,,,,3.5,-0.98
65.87,ROTATION_SCAN,3.554,-0.908,0.298,34.04,0.24,2.06,15.0,-0.0298,0.0341,-0.0163,,1.666,0.297,,,,,3.5,-0.98
65.918,ROTATION_SCAN,3.5543,-0.901,0.298,34.91,0.9,2.13,15.0,-0.0365,0.0343,-0.0204,,1.694,0.289,,,,,3.5,-0.98
65.964,ROTATION_SCAN,3.5535,-0.8933,0.297,35.79,1.51,2.14,15.0,-0.0454,0.0231,-0.0108,,1.694,0.289,,,,,3.5,-0.98
66.058,ROTATION_SCAN,3.5534,-0.8878,0.297,36.6,1.74,2.06,15.0,-0.0477,0.0127,-0.0113,2.235,1.673,0.276,,,,,3.5,-0.98
66.07,ROTATION_SCAN,3.5507,-0.8835,0.299,37.24,1.82,2.09,15.0,-0.053,-0.0046,-0.0064,2.235,1.673,0.276,,,,,3.5,-0.98
66.145,ROTATION_SCAN,3.549,-0.8791,0.299,37.88,1.85,2.1,15.0,-0.0555,-0.0188,0.0042,,1.686,0.27,,,,,3.5,-0.98
66.194,ROTATION_SCAN,3.5472,-0.8801,0.297,38.69,1.54,2.2,15.0,-0.0586,-0.0402,0.0015,,1.686,0.27,,,,,3.5,-0.98
66.222,ROTATION_SCAN,3.5449,-0.8786,0.297,39.58,1.63,1.57,15.0,-0.0613,-0.0539,0.0037,,1.706,0.257,,,,,3.5,-0.98
66.283,ROTATION_SCAN,3.5455,-0.8798,0.298,40.46,1.32,1.28,15.0,-0.0547,-0.0667,0.0026,,1.706,0.257,,,,,3.5,-0.98
66.318,ROTATION_SCAN,3.5398,-0.8846,0.3,41.2,1.22,1.09,15.0,-0.0615,-0.085,0.0014,,1.771,0.249,,,,,3.5,-0.98
66.379,ROTATION_SCAN,3.5397,-0.8859,0.299,42.02,0.77,0.63,15.0,-0.0535,-0.0868,0.0031,,1.771,0.249,,,,,3.5,-0.98
66.445,ROTATION_SCAN,3.5382,-0.8882,0.299,42.78,0.7,0.23,15.0,-0.0509,-0.0914,0.0002,,,0.238,,,,,3.5,-0.98
66.474,ROTATION_SCAN,3.538,-0.8906,0.295,43.56,0.28,0.01,15.0,-0.0432,-0.09,-0.0057,,,0.238,,,,,3.5,-0.98
66.515,ROTATION_SCAN,3.5386,-0.8927,0.295,44.46,0.02,-0.04,15.0,-0.0358,-0.0848,-0.0148,,,0.237,,,,,3.5,-0.98
66.57,ROTATION_SCAN,3.5404,-0.8953,0.296,45.42,-0.12,0.15,15.0,-0.0278,-0.0809,-0.0167,,,0.237,,,,,3.5,-0.98
66.613,ROTATION_SCAN,3.54,-0.8979,0.297,46.4,0.11,-0.04,15.0,-0.0269,-0.0778,-0.0002,,,0.224,,,,,3.5,-0.98
66.678,ROTATION_SCAN,3.5389,-0.8984,0.299,47.32,0.22,-0.09,15.0,-0.0235,-0.0671,0.0112,,,0.224,,,,,3.5,-0.98
66.713,ROTATION_SCAN,3.5411,-0.8979,0.299,48.14,0.01,0.46,15.0,-0.0145,-0.0575,0.0104,,,0.218,,,,,3.5,-0.98
66.775,ROTATION_SCAN,3.5434,-0.8948,0.301,49.03,-0.29,0.91,15.0,-0.0117,-0.0493,0.0034,,,0.218,,,,,3.5,-0.98
66.818,ROTATION_SCAN,3.5464,-0.8931,0.299,50.18,0.18,0.78,15.0,-0.0115,-0.0468,0.0162,,,0.211,,,,,3.5,-0.98
66.874,ROTATION_SCAN,3.5458,-0.8925,0.299,51.22,0.56,1.41,15.0,-0.0108,-0.0458,0.0114,,,0.211,,,,,3.5,-0.98
66.913,ROTATION_SCAN,3.549,-0.8896,0.301,52.3,-0.02,1.88,15.0,-0.008,-0.0482,-0.0034,,,0.205,,,,,3.5,-0.98
66.99,ROTATION_SCAN,3.5493,-0.8902,0.301,53.4,0.18,1.78,15.0,-0.018,-0.0585,0.0146,,,0.205,,,,,3.5,-0.98
67.049,ROTATION_SCAN,3.5499,-0.8924,0.301,54.42,-0.28,1.43,15.0,-0.0178,-0.069,0.0072,,,0.199,,,,,3.5,-0.98
67.09,ROTATION_SCAN,3.5526,-0.8947,0.301,55.18,-0.35,0.94,15.0,-0.0152,-0.0745,0.0052,,,0.199,,,,,3.5,-0.98
67.119,ROTATION_SCAN,3.5548,-0.8976,0.303,55.67,-0.84,1.16,15.0,-0.0212,-0.0736,-0.0038,,1.506,0.196,,,,,3.5,-0.98
67.171,ROTATION_SCAN,3.5556,-0.8985,0.304,56.45,-0.81,1.29,15.0,-0.03,-0.0709,-0.0016,,1.506,0.196,,,,,3.5,-0.98
67.221,ROTATION_SCAN,3.5545,-0.9004,0.303,57.47,-0.54,0.98,15.0,-0.0368,-0.0724,0.0092,,1.489,0.202,,,,,3.5,-0.98
67.305,ROTATION_SCAN,3.553,-0.9013,0.304,58.27,-0.17,0.77,15.0,-0.0439,-0.0745,0.0118,,1.489,0.202,,,,,3.5,-0.98
67.314,ROTATION_SCAN,3.5523,-0.903,0.301,58.88,-0.12,0.79,15.0,-0.0451,-0.0747,0.0072,,1.478,0.19,,,,,3.5,-0.98
67.381,ROTATION_SCAN,3.5499,-0.9043,0.304,59.44,0.16,1.11,15.0,-0.0493,-0.0763,-0.0019,,1.478,0.19,,,,,3.5,-0.98
67.415,ROTATION_SCAN,3.5491,-0.9016,0.306,60.06,0.08,0.99,15.0,-0.0453,-0.0697,0.0106,,1.477,0.188,1.96,,,,3.5,-0.98
67.476,ROTATION_SCAN,3.5454,-0.9101,0.306,60.62,0.06,0.77,15.0,-0.0545,-0.0881,0.0107,,1.477,0.188,1.96,,,,3.5,-0.98
67.531,ROTATION_SCAN,3.5448,-0.9121,0.306,61.03,-0.19,0.65,15.0,-0.0526,-0.0879,0.0087,,1.48,0.184,,,,,3.5,-0.98
67.569,ROTATION_SCAN,3.5445,-0.9141,0.309,61.61,-0.43,0.83,15.0,-0.0522,-0.0874,-0.0014,,1.48,0.184,,,,,3.5,-0.98
67.633,ROTATION_SCAN,3.5433,-0.9162,0.303,62.5,-0.37,0.54,15.0,-0.0541,-0.0829,0.0018,,1.481,0.18,,,,,3.5,-0.98
67.662,ROTATION_SCAN,3.5399,-0.9144,0.305,63.67,0.0,0.28,15.0,-0.0596,-0.076,-0.0134,,1.481,0.18,,,,,3.5,-0.98
67.726,ROTATION_SCAN,3.5364,-0.917,0.303,64.79,-0.04,0.12,15.0,-0.0614,-0.0743,-0.0004,,1.476,0.169,,,,,3.5,-0.98
67.765,ROTATION_SCAN,3.5358,-0.9195,0.304,65.69,0.56,0.13,15.0,-0.0503,-0.0682,0.0045,,1.476,0.169,,,,,3.5,-0.98
67.833,ROTATION_SCAN,3.5288,-0.9165,0.305,66.47,0.81,0.08,15.0,-0.0599,-0.0628,0.0096,,1.488,0.166,,,,,3.5,-0.98
67.865,ROTATION_SCAN,3.5281,-0.9158,0.306,67.31,1.25,0.22,15.0,-0.045,-0.0562,0.0147,,1.488,0.166,,,,,3.5,-0.98
67.944,ROTATION_SCAN,3.5307,-0.9132,0.308,68.01,1.14,0.42,15.0,-0.0289,-0.0541,0.0044,,1.506,0.165,,,,,3.5,-0.98
67.981,ROTATION_SCAN,3.5351,-0.9135,0.308,68.68,1.2,0.45,15.0,-0.0091,-0.0568,0.0156,,1.506,0.165,,,,,3.5,-0.98
68.032,ROTATION_SCAN,3.5374,-0.9112,0.311,69.22,0.95,0.54,15.0,0.004,-0.0491,0.0155,,1.531,0.166,,,,,3.5,-0.98
68.083,ROTATION_SCAN,3.5413,-0.908,0.31,69.74,0.28,0.78,15.0,0.0203,-0.0443,0.0104,,1.531,0.166,,,,,3.5,-0.98
68.117,ROTATION_SCAN,3.5473,-0.9067,0.308,70.22,0.15,1.3,15.0,0.0254,-0.0453,0.007,,1.574,0.169,,,,,3.5,-0.98
68.178,ROTATION_SCAN,3.5507,-0.9051,0.31,70.55,-0.23,1.64,15.0,0.0273,-0.0483,-0.0106,,1.574,0.169,,,,,3.5,-0.98
68.214,ROTATION_SCAN,3.5545,-0.9065,0.31,71.01,-0.59,1.68,15.0,0.025,-0.0542,-0.0105,,1.586,0.176,,,,,3.5,-0.98
68.285,ROTATION_SCAN,3.557,-0.905,0.311,71.6,-0.92,1.76,15.0,0.0172,-0.059,-0.0077,,1.586,0.176,,,,,3.5,-0.98
68.329,ROTATION_SCAN,3.561,-0.9057,0.311,72.42,-1.34,1.89,15.0,0.0115,-0.0656,-0.0128,,1.658,0.179,,,,,3.5,-0.98
68.377,ROTATION_SCAN,3.5632,-0.9087,0.307,73.44,-1.51,1.78,15.0,-0.0008,-0.076,-0.0101,,1.658,0.179,,,,,3.5,-0.98
68.416,ROTATION_SCAN,3.5612,-0.9123,0.308,74.56,-1.1,1.63,15.0,-0.0207,-0.0843,-0.0069,,1.729,0.175,,,,,3.5,-0.98
68.468,ROTATION_SCAN,3.5575,-0.9112,0.304,75.54,-0.95,1.38,15.0,-0.033,-0.089,-0.0068,,1.729,0.175,,,,,3.5,-0.98
68.514,ROTATION_SCAN,3.5546,-0.915,0.308,76.27,-1.0,1.31,15.0,-0.0506,-0.0985,-0.0169,,1.945,0.167,,,,,3.5,-0.98
68.581,ROTATION_SCAN,3.5519,-0.9216,0.305,76.86,-0.99,1.11,15.0,-0.0609,-0.1008,-0.0111,,1.945,0.167,,,,,3.5,-0.98
68.633,ROTATION_SCAN,3.5494,-0.9217,0.303,77.67,-1.18,0.62,15.0,-0.0686,-0.099,-0.0259,,,0.161,,,,,3.5,-0.98
68.682,ROTATION_SCAN,3.5466,-0.9221,0.3,78.71,-0.95,0.34,15.0,-0.0817,-0.092,-0.0231,,,0.161,,,,,3.5,-0.98
68.719,ROTATION_SCAN,3.5404,-0.9216,0.302,79.72,-0.22,-0.21,15.0,-0.0898,-0.0816,-0.012,,,0.166,,,,,3.5,-0.98
68.764,ROTATION_SCAN,3.5362,-0.9213,0.303,80.7,0.06,-0.03,15.0,-0.0908,-0.0688,-0.0115,,,0.166,,,,,3.5,-0.98
68.812,ROTATION_SCAN,3.5315,-0.9192,0.3,81.77,0.48,0.16,15.0,-0.0895,-0.058,-0.0066,,,0.15,,,,,3.5,-0.98
68.881,ROTATION_SCAN,3.5239,-0.918,0.302,82.79,0.93,0.61,15.0,-0.0929,-0.0541,-0.0014,,,0.15,,,,,3.5,-0.98
68.927,ROTATION_SCAN,3.5202,-0.9161,0.302,83.54,1.38,0.88,15.0,-0.0803,-0.0511,0.0106,,,0.138,,,,,3.5,-0.98
68.981,ROTATION_SCAN,3.517,-0.9159,0.304,84.14,1.82,1.37,15.0,-0.0652,-0.0541,0.0054,,,0.138,,,,,3.5,-0.98
69.017,ROTATION_SCAN,3.514,-0.9173,0.3,84.64,1.74,1.34,15.0,-0.0518,-0.0653,-0.0029,,2.814,0.131,,,,,3.5,-0.98
69.064,ROTATION_SCAN,3.5118,-0.9202,0.302,85.16,1.5,1.0,15.0,-0.0388,-0.075,-0.0114,,2.814,0.131,,,,,3.5,-0.98
69.113,ROTATION_SCAN,3.5109,-0.9236,0.306,85.53,1.45,0.87,15.0,-0.0241,-0.0816,0.0015,,2.832,0.13,,,,,3.5,-0.98
69.203,ROTATION_SCAN,3.5109,-0.9262,0.302,85.89,1.21,0.72,15.0,-0.008,-0.0843,0.0169,,2.832,0.13,,,,,3.5,-0.98
69.233,ROTATION_SCAN,3.512,-0.9279,0.305,86.27,0.89,0.48,15.0,0.001,-0.0838,0.0007,,2.83,0.124,,,,,3.5,-0.98
69.283,ROTATION_SCAN,3.5128,-0.9301,0.306,86.73,0.85,0.75,15.0,0.0112,-0.0811,0.0121,,2.83,0.124,,,,,3.5,-0.98
69.325,ROTATION_SCAN,3.5149,-0.9301,0.306,87.44,0.71,0.8,15.0,0.0163,-0.0756,0.0044,,2.86,0.126,,,,,3.5,-0.98
69.367,ROTATION_SCAN,3.5168,-0.9315,0.302,88.14,0.18,0.81,15.0,0.0236,-0.0716,-0.0088,,2.86,0.126,,,,,3.5,-0.98
69.412,ROTATION_SCAN,3.5178,-0.9308,0.304,88.83,0.11,0.66,15.0,0.0249,-0.0723,-0.0075,,2.826,0.13,,,,,3.5,-0.98
69.465,ROTATION_SCAN,3.519,-0.9357,0.304,89.63,0.08,0.63,15.0,0.0289,-0.0796,-0.0002,,2.826,0.13,,,,,3.5,-0.98
69.514,ROTATION_SCAN,3.521,-0.9368,0.304,90.7,-0.26,0.73,15.0,0.0261,-0.0769,-0.0058,,2.833,0.13,,,,,3.5,-0.98
69.57,SCAN_NAV_WAYPOINT,3.5243,-0.9373,0.305,91.84,-0.63,0.49,15.0,0.0296,-0.0747,-0.0084,,2.833,0.13,,,3.7,-0.9373,3.5,-0.98
69.62,SCAN_NAV_WAYPOINT,3.5265,-0.9401,0.302,92.9,-0.64,0.5,-0.0,0.0262,-0.0761,-0.0025,,2.848,0.132,,,3.7,-0.9373,3.5,-0.98
69.668,SCAN_NAV_WAYPOINT,3.5288,-0.942,0.301,93.71,-0.39,0.53,-0.0,0.0212,-0.0783,-0.0099,,2.848,0.132,,,3.7,-0.9373,3.5,-0.98
69.724,SCAN_NAV_WAYPOINT,3.5285,-0.9439,0.3,94.29,1.69,0.11,-0.0,0.0214,-0.0721,-0.0105,,2.819,0.133,,,3.7,-0.9373,3.5,-0.98
69.781,SCAN_NAV_WAYPOINT,3.5261,-0.9453,0.301,94.58,3.22,-0.12,-0.0,0.0346,-0.0655,-0.0128,,2.819,0.133,,,3.7,-0.9373,3.5,-0.98
69.816,SCAN_NAV_WAYPOINT,3.5269,-0.9468,0.299,94.69,3.98,-0.54,-0.0,0.0614,-0.0571,-0.0104,,2.834,0.138,,,3.7,-0.9373,3.5,-0.98
69.882,SCAN_NAV_WAYPOINT,3.5317,-0.9474,0.299,94.75,4.46,-0.58,-0.0,0.0982,-0.0418,-0.0162,,2.834,0.138,,,3.7,-0.9373,3.5,-0.98
69.935,SCAN_NAV_WAYPOINT,3.5392,-0.9465,0.299,94.73,4.58,-0.77,-0.0,0.1404,-0.0259,-0.0158,,2.826,0.147,,,3.7,-0.9373,3.5,-0.98
69.98,SCAN_NAV_WAYPOINT,3.5461,-0.9453,0.299,94.68,4.28,-0.64,-0.0,0.1813,-0.0073,-0.013,,2.826,0.147,,,3.7,-0.9373,3.5,-0.98
70.013,SCAN_NAV_WAYPOINT,3.5558,-0.9442,0.299,94.55,3.64,-0.51,-0.0,0.2164,0.0089,-0.0174,,2.83,0.167,,,3.7,-0.9373,3.5,-0.98
70.062,SCAN_NAV_WAYPOINT,3.5702,-0.9398,0.299,94.25,2.92,-0.56,-0.0,0.2435,0.0257,-0.0139,,2.83,0.167,,,3.7,-0.9373,3.5,-0.98
70.113,SCAN_NAV_WAYPOINT,3.5807,-0.9374,0.297,93.81,2.3,-0.12,-0.0,0.2656,0.0387,-0.0082,,2.841,0.193,,,3.7,-0.9373,3.5,-0.98
70.185,SCAN_NAV_WAYPOINT,3.5932,-0.9339,0.295,93.38,1.49,0.34,-0.0,0.2753,0.0457,-0.0092,,2.841,0.193,,,3.7,-0.9373,3.5,-0.98
70.223,SCAN_NAV_WAYPOINT,3.6036,-0.9306,0.296,93.0,1.07,0.73,-0.0,0.2905,0.0526,-0.0115,,2.83,0.203,,,3.7,-0.9373,3.5,-0.98
70.28,SCAN_NAV_WAYPOINT,3.6174,-0.9268,0.296,92.58,0.85,1.11,-0.0,0.2918,0.0512,-0.012,,2.83,0.203,,,3.7,-0.9373,3.5,-0.98
70.317,SCAN_NAV_WAYPOINT,3.6326,-0.921,0.296,92.08,0.58,1.52,-0.0,0.2935,0.049,-0.0149,,2.847,0.229,,,3.7,-0.9373,3.5,-0.98
70.362,SCAN_NAV_WAYPOINT,3.6422,-0.9182,0.296,91.55,0.23,1.96,-0.0,0.2881,0.0401,-0.0102,,2.847,0.229,,,3.7,-0.9373,3.5,-0.98
70.417,SCAN_NAV_WAYPOINT,3.6556,-0.9148,0.298,91.17,-0.32,2.26,-0.0,0.2843,0.029,-0.0116,,2.822,0.254,,,3.7,-0.9373,3.5,-0.98
70.466,SCAN_NAV_WAYPOINT,3.6666,-0.9109,0.296,91.01,-1.09,2.38,-0.0,0.2778,0.019,-0.0062,,2.822,0.254,,,3.7,-0.9373,3.5,-0.98
70.54,SCAN_NAV_WAYPOINT,3.6773,-0.9089,0.299,90.99,-1.77,2.47,-0.0,0.2571,0.0016,-0.0076,,,0.28,,,3.7,-0.9373,3.5,-0.98
70.59,SCAN_NAV_WAYPOINT,3.686,-0.9071,0.297,91.12,-2.44,2.51,-0.0,0.2316,-0.0176,0.0001,,,0.28,,,3.7,-0.9373,3.5,-0.98
70.617,SCAN_NAV_WAYPOINT,3.6958,-0.9063,0.297,91.16,-2.72,2.34,-0.0,0.2028,-0.0354,-0.0025,,2.816,0.29,,,3.7,-0.9373,3.5,-0.98
70.676,SCAN_NAV_WAYPOINT,3.7028,-0.9064,0.298,91.17,-3.1,2.08,-0.0,0.172,-0.0514,-0.0008,,2.816,0.29,,,3.7,-0.9373,3.5,-0.98
70.719,SCAN_NAV_WAYPOINT,3.7082,-0.9083,0.296,91.14,-3.32,1.89,-0.0,0.1384,-0.0662,-0.0006,,2.826,0.3,,,3.7,-0.9373,3.5,-0.98
70.763,SCAN_NAV_WAYPOINT,3.7117,-0.9102,0.295,91.2,-3.12,1.73,-0.0,0.1053,-0.083,-0.0074,,2.826,0.3,,,3.7,-0.9373,3.5,-0.98
70.819,LANDING_REGION_SCAN,3.7134,-0.9125,0.293,91.17,-3.1,1.26,-0.0,0.0696,-0.0947,-0.0082,,,0.307,,,3.7,-2.1,,
70.883,LANDING_REGION_SCAN,3.7138,-0.9186,0.291,91.09,-2.82,1.24,-0.0,0.0383,-0.1084,-0.0109,,,0.307,,,3.7,-2.1,,
70.934,LANDING_REGION_SCAN,3.7123,-0.9215,0.289,91.07,-2.08,2.37,-0.0,0.0077,-0.1188,-0.006,,2.858,0.307,,,3.7,-2.1,,
70.976,LANDING_REGION_SCAN,3.7106,-0.9229,0.29,90.98,-1.68,3.1,-0.0,-0.0138,-0.1366,-0.0054,,2.858,0.307,,,3.7,-2.1,,
71.015,LANDING_REGION_SCAN,3.7057,-0.9266,0.286,90.81,-0.73,3.6,-0.0,-0.0392,-0.1625,0.0015,,2.785,0.3,,,3.7,-2.1,,
71.063,LANDING_REGION_SCAN,3.7027,-0.9324,0.293,90.56,0.02,3.62,-0.0,-0.046,-0.1953,-0.0056,,2.785,0.3,,,3.7,-2.1,,
71.136,LANDING_REGION_SCAN,3.6984,-0.942,0.29,90.36,0.71,3.35,-0.0,-0.0455,-0.2183,0.015,,,0.297,,,3.7,-2.1,,
71.167,LANDING_REGION_SCAN,3.6965,-0.95,0.292,90.15,1.34,2.99,-0.0,-0.0381,-0.239,0.0088,,,0.297,,,3.7,-2.1,,
71.23,LANDING_REGION_SCAN,3.6953,-0.9608,0.296,90.03,1.44,2.61,-0.0,-0.0269,-0.2612,0.0106,,2.751,0.292,,,3.7,-2.1,,
71.269,LANDING_REGION_SCAN,3.6936,-0.9735,0.295,89.86,1.42,2.01,-0.0,-0.0141,-0.2819,0.0168,,2.751,0.292,,,3.7,-2.1,,
71.331,LANDING_REGION_SCAN,3.6932,-0.9861,0.295,89.72,1.31,1.4,-0.0,-0.0031,-0.2922,0.0075,,2.77,0.287,,,3.7,-2.1,,
71.362,LANDING_REGION_SCAN,3.6934,-0.9999,0.293,89.56,1.12,1.2,-0.0,0.008,-0.3014,0.0046,,2.77,0.287,,,3.7,-2.1,,
71.435,LANDING_REGION_SCAN,3.6947,-1.0113,0.298,89.43,0.79,0.78,-0.0,0.0182,-0.3011,0.0003,,2.756,0.292,,,3.7,-2.1,,
71.464,LANDING_REGION_SCAN,3.6963,-1.0247,0.294,89.3,0.52,0.51,-0.0,0.0257,-0.3018,0.0129,,2.756,0.292,,,3.7,-2.1,,
71.519,LANDING_REGION_SCAN,3.6989,-1.0369,0.297,89.19,0.03,0.3,-0.0,0.0314,-0.2972,0.004,,2.74,0.32,,,3.7,-2.1,,
71.595,LANDING_REGION_SCAN,3.7005,-1.0495,0.295,89.24,0.02,0.41,-0.0,0.032,-0.2927,0.001,,2.74,0.32,,,3.7,-2.1,,
71.632,LANDING_REGION_SCAN,3.7028,-1.0617,0.299,89.29,-0.09,0.24,-0.0,0.0354,-0.2886,0.0007,,2.711,0.367,,,3.7,-2.1,,
71.67,LANDING_REGION_SCAN,3.705,-1.0745,0.3,89.43,-0.36,0.05,-0.0,0.0346,-0.2829,0.0082,,2.711,0.367,,,3.7,-2.1,,
71.752,LANDING_REGION_SCAN,3.7077,-1.0851,0.299,89.73,-0.41,-0.16,-0.0,0.0318,-0.2744,0.0124,,2.699,0.515,,,3.7,-2.1,,
71.783,LANDING_REGION_SCAN,3.7087,-1.0947,0.302,90.13,-0.47,-0.19,-0.0,0.0275,-0.2638,0.0012,,2.699,0.515,,,3.7,-2.1,,
71.836,LANDING_REGION_SCAN,3.7107,-1.1043,0.301,90.54,-0.67,0.19,-0.0,0.025,-0.2571,0.0035,,2.683,0.708,,,3.7,-2.1,,
71.881,LANDING_REGION_SCAN,3.7119,-1.114,0.301,90.82,-0.71,0.19,-0.0,0.0217,-0.2507,-0.0005,,2.683,0.708,,,3.7,-2.1,,
71.918,LANDING_REGION_SCAN,3.7139,-1.1231,0.3,91.03,-0.66,0.55,-0.0,0.0156,-0.2433,0.0027,,2.653,1.503,,,3.7,-2.1,,
71.963,LANDING_REGION_SCAN,3.7144,-1.1337,0.301,91.23,-0.59,0.83,-0.0,0.0095,-0.2438,-0.0002,,2.653,1.503,,,3.7,-2.1,,
72.013,LANDING_REGION_SCAN,3.7149,-1.1423,0.301,91.54,-0.69,1.36,-0.0,0.0048,-0.2422,-0.0031,,2.632,1.621,,,3.7,-2.1,,
72.081,LANDING_REGION_SCAN,3.7161,-1.1524,0.301,91.9,-0.48,1.48,-0.0,0.0017,-0.2524,-0.0063,,2.632,1.621,,,3.7,-2.1,,
72.112,LANDING_REGION_SCAN,3.7158,-1.1608,0.3,92.14,-0.16,1.49,-0.0,-0.0006,-0.2538,-0.0039,,2.627,1.666,,,3.7,-2.1,,
72.177,LANDING_REGION_SCAN,3.716,-1.1703,0.301,92.09,-0.22,1.51,-0.0,-0.0028,-0.2555,0.003,,2.627,1.666,,,3.7,-2.1,,
72.219,LANDING_REGION_SCAN,3.7165,-1.1779,0.3,91.88,0.17,1.39,-0.0,-0.0006,-0.2576,0.0068,,2.595,1.664,,,3.7,-2.1,,
72.27,LANDING_REGION_SCAN,3.717,-1.1872,0.302,91.6,0.56,1.15,-0.0,0.003,-0.2562,-0.0008,,2.595,1.664,,,3.7,-2.1,,
72.312,LANDING_REGION_SCAN,3.7178,-1.1953,0.3,91.52,0.27,1.21,-0.0,0.0095,-0.2588,0.0109,,2.596,1.656,,,3.7,-2.1,,
72.391,LANDING_REGION_SCAN,3.7182,-1.2049,0.302,91.54,-0.07,1.33,-0.0,0.0104,-0.2587,0.0049,,2.596,1.656,,,3.7,-2.1,,
72.446,LANDING_REGION_SCAN,3.7193,-1.2135,0.302,91.73,-0.35,1.64,-0.0,0.011,-0.2583,0.0136,,2.58,1.657,,,3.7,-2.1,,
72.496,LANDING_REGION_SCAN,3.721,-1.2236,0.307,92.07,-0.44,1.71,-0.0,0.0101,-0.2649,0.0082,,2.58,1.657,,,3.7,-2.1,,
72.526,LANDING_REGION_SCAN,3.7216,-1.2337,0.307,92.58,-0.64,1.63,-0.0,0.0072,-0.2727,0.0161,,2.533,1.646,,,3.7,-2.1,,
72.567,LANDING_REGION_SCAN,3.7225,-1.2452,0.308,93.16,-0.36,1.59,-0.0,0.0055,-0.2758,0.0079,,2.533,1.646,,,3.7,-2.1,,
72.623,LANDING_REGION_SCAN,3.7222,-1.2542,0.31,93.64,-0.06,1.69,-0.0,0.003,-0.2802,0.0014,,2.525,1.643,,,3.7,-2.1,,
72.689,LANDING_REGION_SCAN,3.7237,-1.2648,0.308,94.01,0.33,1.69,-0.0,0.0045,-0.2848,0.0073,,2.525,1.643,,,3.7,-2.1,,
72.718,LANDING_REGION_SCAN,3.7234,-1.2762,0.307,94.29,0.36,1.61,-0.0,0.0104,-0.2874,-0.0011,,2.515,1.637,,,3.7,-2.1,,
72.773,LANDING_REGION_SCAN,3.7241,-1.2873,0.307,94.33,0.23,1.14,-0.0,0.012,-0.2923,-0.0007,,2.515,1.637,,,3.7,-2.1,,
72.818,LANDING_REGION_SCAN,3.7252,-1.2983,0.307,93.99,0.28,0.98,-0.0,0.0168,-0.2896,0.004,,2.507,1.647,,,3.7,-2.1,,
72.881,LANDING_REGION_SCAN,3.7257,-1.31,0.306,93.42,0.02,0.85,-0.0,0.0213,-0.2944,0.0004,,2.507,1.647,,,3.7,-2.1,,
72.912,LANDING_REGION_SCAN,3.7264,-1.3212,0.302,92.92,-0.3,0.87,-0.0,0.0172,-0.2886,-0.0047,,2.492,1.639,,,3.7,-2.1,,
73.002,LANDING_REGION_SCAN,3.7269,-1.3347,0.304,92.49,-0.43,1.27,-0.0,0.0134,-0.292,-0.0153,,2.492,1.639,,,3.7,-2.1,,
73.022,LANDING_REGION_SCAN,3.727,-1.3467,0.305,91.96,-0.36,1.23,-0.0,0.0097,-0.2996,-0.0051,,2.459,1.655,,,3.7,-2.1,,
73.104,LANDING_REGION_SCAN,3.7271,-1.3605,0.308,91.39,-0.12,1.28,-0.0,0.0069,-0.3008,0.0019,,2.459,1.655,,,3.7,-2.1,,
73.121,LANDING_REGION_SCAN,3.7268,-1.3725,0.304,90.87,-0.1,1.3,-0.0,0.0026,-0.3094,0.0051,,2.426,1.643,,,3.7,-2.1,,
73.179,LANDING_REGION_SCAN,3.7261,-1.3867,0.305,90.51,-0.25,1.32,-0.0,0.0015,-0.3173,-0.0096,,2.426,1.643,,,3.7,-2.1,,
73.216,LANDING_REGION_SCAN,3.7261,-1.4056,0.272,90.49,-0.15,1.2,-0.0,-0.0007,-0.3286,-0.0068,,2.398,1.639,,,3.7,-2.1,,
73.262,LANDING_REGION_SCAN,3.7248,-1.4204,0.222,90.56,-0.3,1.11,-0.0,-0.004,-0.3347,-0.0856,,2.398,1.639,,,3.7,-2.1,,
73.331,LANDING_REGION_SCAN,3.7252,-1.4344,0.213,90.56,-0.35,0.85,-0.0,-0.0067,-0.3358,-0.1619,,2.38,1.645,,,3.7,-2.1,,
73.362,LANDING_REGION_SCAN,3.7255,-1.4491,0.214,90.54,-0.45,0.71,-0.0,-0.008,-0.3505,-0.1165,,2.38,1.645,,,3.7,-2.1,,
73.427,LANDING_REGION_SCAN,3.7258,-1.4648,0.234,90.47,-0.48,0.7,-0.0,-0.0103,-0.3526,-0.0519,,2.35,1.641,,,3.7,-2.1,,
73.47,LANDING_REGION_SCAN,3.7251,-1.481,0.252,90.4,-0.44,0.45,-0.0,-0.0132,-0.3547,0.041,,2.35,1.641,,,3.7,-2.1,,
73.526,LANDING_REGION_SCAN,3.725,-1.5038,0.264,90.34,-0.48,0.33,-0.0,-0.0166,-0.3615,0.1012,,2.322,1.635,,,3.7,-2.1,,
73.561,LANDING_REGION_SCAN,3.7252,-1.5222,0.284,90.34,-0.35,0.06,-0.0,-0.0177,-0.3624,0.1359,,2.322,1.635,,,3.7,-2.1,,
73.636,LANDING_REGION_SCAN,3.7252,-1.5408,0.297,90.4,-0.33,-0.27,-0.0,-0.0169,-0.3646,0.1684,,2.283,1.63,,,3.7,-2.1,,
73.666,LANDING_REGION_SCAN,3.7253,-1.5597,0.318,90.38,-0.29,-0.52,-0.0,-0.0185,-0.3694,0.1687,,2.283,1.63,,,3.7,-2.1,,
73.73,LANDING_REGION_SCAN,3.7263,-1.5782,0.328,90.35,-0.21,-0.56,-0.0,-0.0236,-0.3633,0.1843,,2.258,1.631,,,3.7,-2.1,,
73.763,LANDING_REGION_SCAN,3.7229,-1.5972,0.339,90.27,-0.24,-0.74,-0.0,-0.0269,-0.3546,0.1531,,2.258,1.631,,,3.7,-2.1,,
73.826,LANDING_REGION_SCAN,3.7191,-1.6131,0.348,90.24,-0.13,-0.72,-0.0,-0.0307,-0.3424,0.1352,,2.242,1.617,3.002,,3.7,-2.1,,
73.864,LANDING_REGION_SCAN,3.7169,-1.6293,0.351,90.19,0.09,-0.74,-0.0,-0.0332,-0.3342,0.1014,,2.242,1.617,3.002,,3.7,-2.1,,
73.929,LANDING_REGION_SCAN,3.716,-1.645,0.353,90.22,0.47,-0.55,-0.0,-0.0286,-0.3323,0.0679,,2.207,1.615,,,3.7,-2.1,,
73.977,LANDING_REGION_SCAN,3.7152,-1.6605,0.355,90.28,0.47,-0.56,-0.0,-0.0253,-0.3251,0.0263,,2.207,1.615,,,3.7,-2.1,,
74.023,LANDING_REGION_SCAN,3.7152,-1.6766,0.353,90.38,0.38,-0.36,-0.0,-0.0215,-0.3191,0.0025,,2.175,1.612,,,3.7,-2.1,,
74.072,LANDING_REGION_SCAN,3.7135,-1.6924,0.351,90.46,0.28,-0.01,-0.0,-0.0189,-0.3145,-0.0285,,2.175,1.612,,,3.7,-2.1,,
74.125,LANDING_REGION_SCAN,3.7105,-1.7066,0.347,90.48,0.22,0.15,-0.0,-0.0199,-0.3077,-0.0482,,2.156,1.604,,,3.7,-2.1,,
74.167,LANDING_REGION_SCAN,3.709,-1.7193,0.349,90.53,0.21,0.48,-0.0,-0.0198,-0.3093,-0.0658,,2.156,1.604,,,3.7,-2.1,,
74.237,LANDING_REGION_SCAN,3.7067,-1.7343,0.345,90.63,0.25,0.57,-0.0,-0.0196,-0.3094,-0.0683,,2.128,1.608,,,3.7,-2.1,,
74.269,LANDING_REGION_SCAN,3.7049,-1.7488,0.345,90.82,0.28,0.64,-0.0,-0.0186,-0.3144,-0.0736,,2.128,1.608,,,3.7,-2.1,,
74.332,LANDING_REGION_SCAN,3.7029,-1.7652,0.354,90.98,0.3,0.66,-0.0,-0.017,-0.3139,-0.0731,,2.096,1.606,,,3.7,-2.1,,
74.367,LANDING_REGION_SCAN,3.7033,-1.7811,0.364,91.04,0.46,0.53,-0.0,-0.0141,-0.3194,-0.0439,,2.096,1.606,,,3.7,-2.1,,
74.426,LANDING_REGION_SCAN,3.7017,-1.7971,0.381,91.05,0.47,0.44,-0.0,-0.0114,-0.3235,-0.026,,2.065,1.606,1.692,,3.7,-2.1,,
74.461,LANDING_REGION_SCAN,3.7002,-1.8147,0.397,91.02,0.54,0.44,-0.0,-0.0096,-0.3316,0.0068,,2.065,1.606,1.692,,3.7,-2.1,,
74.558,LANDING_REGION_SCAN,3.6985,-1.8339,0.393,91.01,0.58,0.18,-0.0,-0.0109,-0.3432,0.0198,,2.033,1.605,,,3.7,-2.1,,
74.579,LANDING_REGION_SCAN,3.6969,-1.8535,0.382,91.14,0.6,-0.03,-0.0,-0.0063,-0.3416,-0.0231,,2.033,1.605,,,3.7,-2.1,,
74.629,LANDING_REGION_SCAN,3.6966,-1.8698,0.367,91.25,0.5,-0.39,-0.0,-0.0023,-0.3367,-0.0713,,1.992,1.598,,,3.7,-2.1,,
74.662,LANDING_REGION_SCAN,3.6977,-1.8865,0.35,91.29,0.5,-0.43,-0.0,0.0038,-0.335,-0.1293,,1.992,1.598,,,3.7,-2.1,,
74.721,LANDING_REGION_SCAN,3.698,-1.9022,0.333,91.13,0.39,-0.52,-0.0,0.011,-0.3339,-0.1696,,1.969,1.593,,,3.7,-2.1,,
74.763,LANDING_REGION_SCAN,3.6985,-1.9173,0.312,90.92,0.22,-0.62,-0.0,0.0144,-0.3275,-0.1926,,1.969,1.593,,,3.7,-2.1,,
74.821,LANDING_REGION_SCAN,3.6996,-1.9332,0.297,90.66,0.13,-0.55,-0.0,0.0163,-0.32,-0.2141,,1.928,1.592,1.629,,3.7,-2.1,,
74.875,LANDING_REGION_SCAN,3.7018,-1.9511,0.28,90.46,-0.04,-0.36,-0.0,0.0158,-0.317,-0.2039,,1.928,1.592,1.629,,3.7,-2.1,,
74.955,LANDING_REGION_SCAN,3.7039,-1.9649,0.269,90.27,-0.25,-0.24,-0.0,0.0198,-0.3045,-0.1978,,1.906,1.6,,,3.7,-2.1,,
74.976,LANDING_REGION_SCAN,3.7052,-1.9769,0.258,90.16,-0.32,-0.05,-0.0,0.0169,-0.2978,-0.1657,,1.906,1.6,,,3.7,-2.1,,
75.031,LANDING_REGION_SCAN,3.7071,-1.9905,0.252,90.09,-0.45,0.15,-0.0,0.0175,-0.3032,-0.1395,,1.872,1.603,,,3.7,-2.1,,
75.077,LANDING_REGION_SCAN,3.7083,-2.0032,0.249,89.98,-0.7,0.32,-0.0,0.0126,-0.2983,-0.099,,1.872,1.603,,,3.7,-2.1,,
75.111,LANDING_REGION_SCAN,3.7101,-2.0199,0.247,89.95,-0.96,0.59,-0.0,0.0063,-0.2984,-0.07,,1.847,1.603,,,3.7,-2.1,,
75.169,LANDING_REGION_SCAN,3.7103,-2.0335,0.242,89.97,-1.27,0.61,-0.0,-0.0011,-0.3007,-0.0405,,1.847,1.603,,,3.7,-2.1,,
75.247,LANDING_REGION_SCAN,3.7109,-2.0476,0.245,90.07,-1.54,0.66,-0.0,-0.012,-0.304,-0.0252,,1.829,1.601,,,3.7,-2.1,,
75.269,LANDING_REGION_SCAN,3.7099,-2.0604,0.246,90.2,-1.45,0.41,-0.0,-0.0271,-0.3144,0.0005,,1.829,1.601,,,3.7,-2.1,,
75.33,SCAN_HIGH,3.7085,-2.0733,0.245,90.38,-1.24,-0.4,-0.0,-0.0399,-0.3142,0.0171,,1.79,1.604,,,,,,
75.364,SCAN_HIGH,3.7046,-2.0929,0.25,90.48,-0.8,-1.23,15.0,-0.0516,-0.3036,0.0187,,1.79,1.604,,,,,,
75.41,SCAN_HIGH,3.7013,-2.1064,0.25,90.61,-0.17,-2.45,15.0,-0.0593,-0.2872,0.043,,1.767,1.596,,,,,,
75.463,SCAN_HIGH,3.6972,-2.1186,0.252,90.88,0.64,-3.82,15.0,-0.06,-0.2577,0.0435,,1.767,1.596,,,,,,
75.528,SCAN_HIGH,3.6926,-2.1301,0.256,91.3,1.29,-4.54,15.0,-0.0563,-0.2226,0.0447,,1.748,1.595,,,,,,
75.566,SCAN_HIGH,3.6909,-2.1384,0.262,91.89,1.67,-5.03,15.0,-0.0465,-0.1773,0.0528,,1.748,1.595,,,,,,
75.618,SCAN_HIGH,3.6876,-2.1465,0.259,92.59,2.08,-5.18,15.0,-0.0334,-0.1293,0.0633,,1.739,1.51,,,,,,
75.664,SCAN_HIGH,3.685,-2.1517,0.263,93.37,2.52,-5.17,15.0,-0.0168,-0.0825,0.0524,,1.739,1.51,,,,,,
75.724,SCAN_HIGH,3.6841,-2.1547,0.267,94.22,2.62,-4.49,15.0,0.0007,-0.0371,0.0597,,1.73,,,,,,,
75.771,SCAN_HIGH,3.683,-2.1558,0.269,95.19,2.58,-3.58,15.0,0.0165,0.002,0.0678,,1.73,,,,,,,
75.853,SCAN_HIGH,3.6839,-2.154,0.274,96.18,1.99,-2.67,15.0,0.0359,0.038,0.063,,1.724,,1.609,,,,,
75.873,SCAN_HIGH,3.686,-2.1512,0.275,97.13,1.46,-1.87,15.0,0.0489,0.0604,0.0691,,1.724,,1.609,,,,,
75.94,SCAN_HIGH,3.6908,-2.1462,0.283,98.26,0.77,-1.18,15.0,0.0603,0.076,0.0645,,1.726,0.825,1.613,,,,,
75.97,SCAN_HIGH,3.6927,-2.1426,0.287,99.39,0.03,-0.85,15.0,0.0616,0.0862,0.0702,,1.726,0.825,1.613,,,,,
76.011,SCAN_HIGH,3.6972,-2.1372,0.29,100.69,-0.38,-0.41,15.0,0.0617,0.0922,0.0701,,1.744,0.806,,,,,,
76.088,SCAN_HIGH,3.7004,-2.1327,0.294,101.98,-0.52,-0.09,15.0,0.0579,0.0929,0.0629,,1.744,0.806,,,,,,
76.118,SCAN_HIGH,3.7018,-2.1294,0.3,103.12,-0.83,0.18,15.0,0.0497,0.0886,0.0583,1.104,1.749,0.797,,,,,,
76.183,SCAN_HIGH,3.705,-2.1236,0.301,104.15,-0.99,0.3,15.0,0.0446,0.0888,0.061,1.104,1.749,0.797,,,,,,
76.212,SCAN_HIGH,3.706,-2.1194,0.305,105.03,-1.05,0.71,15.0,0.0349,0.0833,0.048,1.097,1.776,0.802,,,,,,
76.277,SCAN_HIGH,3.7068,-2.1147,0.3,105.91,-0.97,0.83,15.0,0.0268,0.0768,0.0414,1.097,1.776,0.802,,,,,,
76.311,SCAN_HIGH,3.7089,-2.1114,0.306,106.77,-1.14,0.41,15.0,0.0225,0.0681,0.0241,1.097,1.786,0.805,,,,,,
76.395,SCAN_HIGH,3.7102,-2.1092,0.303,107.51,-1.21,0.21,15.0,0.0142,0.0598,0.0283,1.097,1.786,0.805,,,,,,
76.424,SCAN_HIGH,3.7099,-2.1066,0.309,108.25,-0.92,0.29,15.0,0.0039,0.054,0.016,1.085,1.801,0.808,,,,,,
76.476,SCAN_HIGH,3.7086,-2.1036,0.307,108.87,-0.76,0.33,15.0,-0.009,0.0466,0.0214,1.085,1.801,0.808,,,,,,
76.522,SCAN_HIGH,3.7057,-2.1031,0.308,109.44,-0.63,0.49,15.0,-0.0179,0.0385,0.0098,1.09,1.811,0.809,,,,,,
76.562,SCAN_HIGH,3.7037,-2.1022,0.305,109.86,-0.3,0.53,15.0,-0.0233,0.0301,0.0027,1.09,1.811,0.809,,,,,,
76.61,SCAN_HIGH,3.6997,-2.1028,0.306,110.24,0.07,0.46,15.0,-0.0312,0.0193,-0.0053,1.085,1.819,0.811,,,,,,
76.661,SCAN_HIGH,3.6967,-2.1031,0.31,110.62,0.43,0.49,15.0,-0.0325,0.012,-0.0061,1.085,1.819,0.811,,,,,,
76.739,SCAN_HIGH,3.6947,-2.1034,0.307,110.96,0.59,0.39,15.0,-0.0284,0.008,0.0028,1.083,1.829,0.808,,,,,,
76.768,SCAN_HIGH,3.6925,-2.1042,0.308,111.23,1.06,0.4,15.0,-0.0237,0.0039,-0.0008,1.083,1.829,0.808,,,,,,
76.834,SCAN_HIGH,3.6914,-2.1045,0.308,111.44,1.05,0.34,15.0,-0.0143,0.0015,-0.0049,1.089,1.83,0.807,,,,,,
76.888,SCAN_HIGH,3.6909,-2.1048,0.306,111.7,0.88,0.15,15.0,-0.0057,0.0025,-0.0069,1.089,1.83,0.807,,,,,,
76.917,SCAN_HIGH,3.6903,-2.1054,0.308,112.02,0.91,0.02,15.0,0.0001,0.0023,-0.0158,1.086,1.832,0.811,,,,,,
76.965,SCAN_HIGH,3.6905,-2.1052,0.304,112.39,0.88,-0.03,15.0,0.0049,0.0046,-0.0123,1.086,1.832,0.811,,,,,,
77.011,SCAN_HIGH,3.6892,-2.106,0.303,112.86,0.99,-0.13,15.0,0.0092,0.005,-0.0242,1.093,1.844,0.81,,,,,,
77.066,SCAN_HIGH,3.6887,-2.1048,0.303,113.37,1.04,-0.12,15.0,0.014,0.0109,-0.0222,1.093,1.844,0.81,,,,,,
77.146,SCAN_HIGH,3.6888,-2.1038,0.303,113.97,0.96,0.02,15.0,0.0202,0.0155,-0.0149,1.092,1.851,0.813,,,,,,
77.169,SCAN_HIGH,3.6909,-2.1014,0.301,114.62,0.67,0.06,15.0,0.0254,0.0251,-0.009,1.092,1.851,0.813,,,,,,
77.227,SCAN_HIGH,3.6889,-2.0966,0.299,115.23,0.6,0.06,15.0,0.0278,0.0313,-0.0122,1.097,1.874,0.823,,,,,,
77.265,SCAN_HIGH,3.6918,-2.1007,0.299,116.09,0.74,-0.26,15.0,0.0348,0.0172,-0.0141,1.097,1.874,0.823,,,,,,
77.321,SCAN_HIGH,3.6917,-2.1014,0.3,117.06,0.63,-0.37,15.0,0.0338,0.0227,-0.008,1.104,1.885,0.832,,,,,,
77.363,SCAN_HIGH,3.6915,-2.1023,0.298,118.13,0.69,-0.34,15.0,0.0302,0.0233,-0.0022,1.104,1.885,0.832,,,,,,
77.459,SCAN_HIGH,3.6925,-2.074,0.299,119.21,0.69,-0.5,15.0,0.039,0.0884,-0.0092,1.114,1.92,0.85,,,,,,
77.487,SCAN_HIGH,3.6936,-2.0698,0.301,120.32,0.27,-0.05,15.0,0.0391,0.0928,-0.0064,1.114,1.92,0.85,,,,,,
77.517,SCAN_HIGH,3.6951,-2.0657,0.3,121.36,-0.01,0.43,15.0,0.04,0.0891,-0.0004,1.127,1.959,0.882,,,,,,
77.56,SCAN_HIGH,3.6958,-2.0603,0.299,122.31,-0.35,1.0,15.0,0.0379,0.0831,-0.0024,1.127,1.959,0.882,,,,,,
77.617,SCAN_HIGH,3.6965,-2.0571,0.303,123.0,-0.66,1.54,15.0,0.0383,0.0706,-0.0007,1.144,1.98,0.916,,,,,,
77.677,SCAN_HIGH,3.6971,-2.0521,0.302,123.57,-0.71,1.8,15.0,0.0368,0.0563,0.008,1.144,1.98,0.916,,,,,,
77.724,SCAN_HIGH,3.6974,-2.0498,0.3,124.1,-0.79,2.07,15.0,0.0389,0.0384,0.0081,1.163,2.009,0.934,,,,,,
77.778,SCAN_HIGH,3.6995,-2.0484,0.301,124.66,-0.96,2.07,15.0,0.0439,0.0181,0.0054,1.163,2.009,0.934,,,,,,
77.813,SCAN_HIGH,3.7021,-2.0496,0.303,125.29,-0.9,1.99,15.0,0.0446,-0.0035,0.0066,1.176,2.029,0.958,,,,,,
77.876,SCAN_HIGH,3.7043,-2.0518,0.301,125.94,-0.99,1.3,15.0,0.0463,-0.0231,0.0086,1.176,2.029,0.958,,,,,,
77.915,SCAN_HIGH,3.7052,-2.0552,0.301,126.6,-0.6,0.78,15.0,0.044,-0.0406,0.0043,1.204,2.057,0.983,,,,,,
77.974,SCAN_HIGH,3.7088,-2.0589,0.304,127.03,-0.43,0.4,15.0,0.0448,-0.0483,0.0073,1.204,2.057,0.983,,,,,,
78.041,SCAN_HIGH,3.7086,-2.0607,0.303,127.5,-0.18,-0.03,15.0,0.0386,-0.0528,0.0137,1.225,2.072,1.005,,,,,,
78.076,SCAN_HIGH,3.7108,-2.0642,0.301,128.16,0.02,-0.26,15.0,0.0355,-0.051,0.0081,1.225,2.072,1.005,,,,,,
78.128,SCAN_HIGH,3.7117,-2.0662,0.303,129.06,0.22,-0.53,15.0,0.0343,-0.0484,-0.0058,1.241,2.104,1.029,,,,,,
78.168,SCAN_HIGH,3.7133,-2.0685,0.303,130.02,0.13,-0.53,15.0,0.0326,-0.0419,-0.0062,1.241,2.104,1.029,,,,,,
78.21,SCAN_HIGH,3.7158,-2.0683,0.305,130.99,0.04,-0.26,15.0,0.0329,-0.0354,-0.0073,1.31,2.14,1.039,,,,,,
78.298,SCAN_HIGH,3.7182,-2.0677,0.303,131.85,-0.05,-0.29,15.0,0.0344,-0.0259,-0.0049,1.31,2.14,1.039,,,,,,
78.329,SCAN_HIGH,3.7205,-2.0686,0.301,132.56,0.01,-0.28,15.0,0.0329,-0.0255,-0.0078,1.535,2.157,1.037,,,,,,
78.408,SCAN_HIGH,3.722,-2.0695,0.302,133.31,-0.32,-0.28,15.0,0.03,-0.0242,-0.0128,1.535,2.157,1.037,,,,,,
78.459,SCAN_HIGH,3.7241,-2.0678,0.303,134.2,-0.51,-0.31,15.0,0.0195,-0.0239,-0.0193,1.789,2.203,1.036,,,,,,
78.491,SCAN_HIGH,3.7294,-2.0715,0.299,135.1,-0.7,-0.33,15.0,0.0295,-0.024,-0.0147,1.789,2.203,1.036,,,,,,
78.531,SCAN_HIGH,3.7285,-2.0689,0.299,136.01,-0.94,-0.29,15.0,0.0146,-0.0181,-0.0248,1.912,2.243,1.048,,,,,,
78.565,SCAN_HIGH,3.7269,-2.0667,0.299,136.83,-0.84,-0.14,15.0,0.0049,-0.0193,-0.0197,1.912,2.243,1.048,,,,,,
78.627,SCAN_HIGH,3.7243,-2.0674,0.298,137.59,-0.79,-0.02,15.0,-0.0071,-0.0233,-0.02,1.983,2.276,1.06,,,,,,
78.69,SCAN_HIGH,3.7208,-2.0674,0.297,138.38,-0.34,-0.13,15.0,-0.0209,-0.028,-0.0176,1.983,2.276,1.06,,,,,,
78.72,SCAN_HIGH,3.7182,-2.0642,0.294,139.12,-0.15,-0.28,15.0,-0.0302,-0.0208,-0.0184,,2.309,1.071,,,,,,
78.779,SCAN_HIGH,3.7135,-2.0689,0.292,139.69,-0.11,-0.57,15.0,-0.035,-0.0206,-0.0241,,2.309,1.071,,,,,,
78.816,SCAN_HIGH,3.71,-2.0672,0.293,140.17,-0.19,-0.54,15.0,-0.0445,-0.0116,-0.0226,,2.318,1.09,,,,,,
78.86,SCAN_HIGH,3.7051,-2.0622,0.287,140.6,-0.05,-0.54,15.0,-0.0547,-0.0016,-0.0178,,2.318,1.09,,,,,,
78.932,SCAN_HIGH,3.7006,-2.0596,0.289,140.93,0.17,-0.38,15.0,-0.0627,0.0075,-0.027,,2.357,1.094,,,,,,
78.962,SCAN_HIGH,3.6957,-2.0558,0.292,141.34,0.53,-0.08,15.0,-0.0674,0.0155,-0.0137,,2.357,1.094,,,,,,
79.018,SCAN_HIGH,3.6907,-2.0514,0.292,141.73,0.72,0.47,15.0,-0.0646,0.029,0.0049,,2.376,1.095,,,,,,
79.065,SCAN_HIGH,3.6861,-2.0493,0.294,142.16,0.79,0.75,15.0,-0.0612,0.0328,0.0102,,2.376,1.095,,,,,,
79.122,SCAN_HIGH,3.6824,-2.0451,0.296,142.62,0.64,0.84,15.0,-0.0555,0.0388,0.015,,,1.11,,,,,,
79.16,SCAN_HIGH,3.6773,-2.0405,0.296,143.06,0.26,1.32,15.0,-0.0472,0.0415,0.0233,,,1.11,,,,,,
79.232,SCAN_HIGH,3.6729,-2.037,0.295,143.62,0.15,1.65,15.0,-0.0421,0.039,0.0209,,2.397,1.114,,,,,,
79.287,SCAN_HIGH,3.6682,-2.0317,0.292,144.34,0.2,1.94,15.0,-0.0349,0.0395,0.0151,,2.397,1.114,,,,,,
79.328,SCAN_HIGH,3.6655,-2.029,0.298,145.11,-0.11,2.19,15.0,-0.0259,0.0357,0.0062,2.687,,1.133,,,,,,
79.36,SCAN_HIGH,3.6615,-2.0251,0.299,145.83,-0.49,2.49,15.0,-0.0149,0.0274,0.0284,2.687,,1.133,,,,,,
79.419,SCAN_HIGH,3.6585,-2.0224,0.299,146.4,-0.74,2.54,15.0,-0.0038,0.0121,0.027,2.608,,1.164,,,,,,
79.463,SCAN_HIGH,3.657,-2.0221,0.301,147.07,-0.55,2.67,15.0,0.0066,-0.0046,0.0243,2.608,,1.164,,,,,,
79.524,SCAN_HIGH,3.6567,-2.0227,0.302,147.85,-0.38,2.38,15.0,0.0196,-0.0209,0.0272,2.493,,1.205,,,,,,
79.586,SCAN_HIGH,3.6579,-2.024,0.306,148.89,-0.32,2.15,15.0,0.0316,-0.0317,0.0223,2.493,,1.205,,,,,,
79.614,SCAN_HIGH,3.6572,-2.0244,0.305,150.06,-0.48,2.04,15.0,0.0391,-0.0414,0.0266,2.335,,1.27,,,,,,
79.661,SCAN_HIGH,3.658,-2.0256,0.304,151.37,-0.13,1.86,15.0,0.048,-0.0478,0.0126,2.335,,1.27,,,,,,
79.718,SCAN_HIGH,3.6549,-2.0276,0.306,152.72,-0.1,1.41,15.0,0.0395,-0.0592,0.0053,,,1.44,,,,,,
79.76,SCAN_HIGH,3.6538,-2.0296,0.306,153.94,-0.34,1.36,15.0,0.0445,-0.0656,0.009,,,1.44,,,,,,
79.85,SCAN_HIGH,3.654,-2.0323,0.308,155.05,-0.24,1.19,15.0,0.0472,-0.0719,0.002,,,1.864,,,,,,
79.88,SCAN_HIGH,3.6527,-2.0334,0.31,156.17,0.21,1.25,15.0,0.0453,-0.0705,0.0128,,,1.864,,,,,,
79.93,SCAN_HIGH,3.6542,-2.0381,0.31,157.33,0.59,1.39,15.0,0.0562,-0.0749,0.0145,1.755,,1.933,,,,,,
79.978,SCAN_HIGH,3.656,-2.0417,0.308,158.53,0.9,1.36,15.0,0.0662,-0.0736,0.005,1.755,,1.933,,,,,,
80.014,SCAN_HIGH,3.6586,-2.0436,0.308,159.81,1.07,1.19,15.0,0.0777,-0.0643,-0.0038,1.706,,1.959,,,,,,
80.059,SCAN_HIGH,3.6624,-2.0463,0.308,161.0,0.93,0.93,15.0,0.091,-0.058,-0.009,1.706,,1.959,,,,,,
80.112,SCAN_HIGH,3.6655,-2.0447,0.307,161.92,0.79,0.7,15.0,0.0936,-0.0391,-0.0131,1.678,,1.97,,,,,,
80.16,SCAN_HIGH,3.6644,-2.0419,0.306,162.61,0.44,0.78,15.0,0.0912,-0.0235,-0.0088,1.678,,1.97,,,,,,
80.21,SCAN_HIGH,3.6665,-2.0392,0.308,163.0,0.0,0.76,15.0,0.0939,-0.0167,-0.0109,1.659,,1.963,,,,,,
80.298,SCAN_HIGH,3.6693,-2.0376,0.306,163.29,-0.24,0.64,15.0,0.0912,-0.0122,-0.0049,1.659,,1.963,,,,,,
80.323,SCAN_HIGH,3.6716,-2.0371,0.307,163.6,-0.56,0.57,15.0,0.091,-0.0124,-0.0118,1.649,,1.961,,,,,,
80.372,SCAN_HIGH,3.6739,-2.037,0.308,163.98,-0.68,0.54,15.0,0.0905,-0.0207,-0.0067,1.649,,1.961,,,,,,
80.411,SCAN_HIGH,3.6747,-2.0381,0.306,164.37,-0.39,0.26,15.0,0.0843,-0.0247,-0.0039,1.652,,1.954,,,,,,
80.467,SCAN_HIGH,3.6768,-2.0394,0.302,164.91,-0.32,0.18,15.0,0.0811,-0.0288,-0.0142,1.652,,1.954,,,,,,
80.535,SCAN_HIGH,3.679,-2.0403,0.301,165.57,-0.34,0.05,15.0,0.0753,-0.0314,-0.027,1.646,,1.932,,,,,,
80.563,SCAN_HIGH,3.675,-2.0405,0.303,166.35,-0.26,0.27,15.0,0.0607,-0.0308,-0.0284,1.646,,1.932,,,,,,
80.622,SCAN_HIGH,3.676,-2.0445,0.301,167.16,-0.26,0.29,15.0,0.0509,-0.0349,-0.0201,1.625,,1.914,,,,,,
80.661,SCAN_HIGH,3.6737,-2.0442,0.3,167.99,-0.32,0.41,15.0,0.0478,-0.0394,-0.0132,1.625,,1.914,,,,,,
80.71,SCAN_HIGH,3.6728,-2.0462,0.302,168.87,-0.41,0.45,15.0,0.0449,-0.0422,-0.0119,1.608,,1.892,,,,,,
80.77,SCAN_HIGH,3.6704,-2.0516,0.303,169.67,-0.48,0.44,15.0,0.0376,-0.0412,-0.0016,1.608,,1.892,,,,,,
80.852,SCAN_HIGH,3.6688,-2.0544,0.298,170.31,-0.4,0.54,15.0,0.0312,-0.0558,-0.0022,1.601,,1.877,,,,,,
80.873,SCAN_HIGH,3.6651,-2.0563,0.3,170.95,-0.14,0.71,15.0,0.026,-0.059,-0.0155,1.601,,1.877,,,,,,
80.927,SCAN_HIGH,3.6635,-2.0587,0.298,171.64,0.11,0.76,15.0,0.0236,-0.0621,-0.0055,1.591,,1.864,,,,,,
80.964,SCAN_HIGH,3.6608,-2.0632,0.301,172.4,0.11,0.52,15.0,0.0227,-0.0629,-0.0066,1.591,,1.864,,,,,,
81.011,SCAN_HIGH,3.6581,-2.0681,0.3,173.25,0.3,0.54,15.0,0.0194,-0.065,0.0032,1.575,,1.847,,,,,,
81.078,SCAN_HIGH,3.6566,-2.0692,0.3,174.06,0.56,0.2,15.0,0.0168,-0.0573,0.0081,1.575,,1.847,,,,,,
81.142,SCAN_HIGH,3.6524,-2.0719,0.3,175.0,0.64,0.28,15.0,0.0084,-0.0515,0.0107,1.563,,1.84,,,,,,
81.171,SCAN_HIGH,3.6486,-2.0718,0.301,175.96,0.49,0.65,15.0,0.0028,-0.0419,0.0143,1.563,,1.84,,,,,,
81.219,SCAN_HIGH,3.6431,-2.072,0.3,176.81,0.58,1.06,15.0,-0.0015,-0.0335,0.0116,1.554,,1.82,,,,,,
81.269,SCAN_HIGH,3.6378,-2.0719,0.303,177.6,0.68,1.38,15.0,-0.0023,-0.0243,0.007,1.554,,1.82,,,,,,
81.315,SCAN_HIGH,3.6351,-2.0734,0.303,178.5,0.6,1.67,15.0,0.005,-0.0196,0.0141,1.542,,1.804,,,,,,
81.373,SCAN_HIGH,3.6311,-2.0732,0.308,179.36,0.41,2.03,15.0,0.0118,-0.0124,0.0153,1.542,,1.804,,,,,,
81.431,SCAN_HIGH,3.6293,-2.0724,0.307,-179.73,0.17,2.35,15.0,0.0254,-0.0063,0.0228,1.538,,1.798,,,,,,
81.489,SCAN_HIGH,3.629,-2.0717,0.308,-178.85,-0.07,2.3,15.0,0.0414,-0.0029,0.0161,1.538,,1.798,,,,,,
81.531,SCAN_HIGH,3.6313,-2.0718,0.31,-177.91,-0.17,2.24,15.0,0.0606,-0.0032,0.01,1.541,,1.782,,,,,,
81.572,SCAN_HIGH,3.6341,-2.0708,0.306,-176.86,-0.3,2.07,15.0,0.0754,-0.0006,0.0129,1.541,,1.782,,,,,,
81.611,SCAN_HIGH,3.6298,-2.0701,0.307,-176.22,-0.15,1.58,15.0,0.0886,0.0005,-0.0011,1.528,1.667,1.789,,,,,,
81.691,SCAN_HIGH,3.6359,-2.0704,0.309,-175.3,-0.05,0.94,15.0,0.0804,-0.001,-0.0139,1.528,1.667,1.789,,,,,,
81.749,SCAN_HIGH,3.6382,-2.0706,0.308,-174.79,0.0,0.52,15.0,0.091,-0.0017,-0.0159,1.481,,1.79,,,,,,
81.803,SCAN_HIGH,3.6408,-2.0715,0.309,-174.06,-0.08,0.17,15.0,0.0889,-0.0019,-0.0178,1.481,,1.79,,,,,,
81.817,SCAN_HIGH,3.6429,-2.0711,0.307,-173.41,0.0,0.18,15.0,0.0852,-0.0011,-0.0124,,,1.787,,,,,,
81.877,SCAN_HIGH,3.6461,-2.0728,0.304,-172.79,0.11,0.09,15.0,0.0841,-0.0028,-0.0116,,,1.787,,,,,,
81.915,SCAN_HIGH,3.6477,-2.0725,0.305,-172.16,0.19,0.16,15.0,0.0738,-0.002,-0.0092,,,1.791,,,,,,
81.986,SCAN_HIGH,3.6471,-2.0732,0.302,-171.42,0.1,0.34,15.0,0.0685,-0.0033,-0.0013,,,1.791,,,,,,
82.016,SCAN_HIGH,3.6477,-2.0739,0.302,-170.48,0.31,0.4,15.0,0.0672,-0.0008,-0.0055,0.823,,1.79,,,,,,
82.075,SCAN_HIGH,3.646,-2.0751,0.303,-169.62,0.31,0.41,15.0,0.0603,-0.0001,-0.0123,0.823,,1.79,,,,,,
82.112,SCAN_HIGH,3.6477,-2.0803,0.302,-168.32,0.23,0.65,15.0,0.0617,-0.0081,-0.0163,0.775,1.652,1.799,,,,,,
82.182,SCAN_HIGH,3.647,-2.0837,0.3,-167.02,0.39,0.54,15.0,0.0576,-0.0107,-0.0239,0.775,1.652,1.799,,,,,,
82.215,SCAN_HIGH,3.6461,-2.0849,0.301,-165.86,0.59,0.65,15.0,0.0487,-0.0093,-0.0275,0.759,,1.802,1.049,,,,,
82.284,SCAN_HIGH,3.643,-2.0873,0.298,-164.69,0.55,0.88,15.0,0.0459,-0.0044,-0.0197,0.759,,1.802,1.049,,,,,
82.314,SCAN_HIGH,3.6392,-2.0881,0.297,-163.54,0.59,1.18,15.0,0.0352,0.0007,-0.0233,0.752,,1.815,1.052,,,,,
82.398,SCAN_HIGH,3.6352,-2.0894,0.298,-162.35,0.49,1.32,15.0,0.0357,0.0069,-0.0239,0.752,,1.815,1.052,,,,,
82.415,SCAN_HIGH,3.6318,-2.0897,0.298,-161.2,0.16,1.19,15.0,0.0335,0.0111,-0.0198,0.754,,1.836,1.049,,,,,
82.473,SCAN_HIGH,3.6312,-2.0892,0.296,-160.17,0.08,1.36,15.0,0.036,0.0143,-0.0127,0.754,,1.836,1.049,,,,,
82.512,SCAN_HIGH,3.6284,-2.0903,0.295,-159.22,-0.11,1.45,15.0,0.0359,0.0158,-0.0164,0.757,,1.849,1.052,,,,,
82.576,SCAN_HIGH,3.6278,-2.09,0.293,-158.32,0.13,1.5,15.0,0.0446,0.0238,-0.0177,0.757,,1.849,1.052,,,,,
82.642,SCAN_HIGH,3.6213,-2.0909,0.291,-157.41,0.02,1.48,15.0,0.0382,0.0215,-0.0185,0.762,,1.865,1.052,,,,,
82.676,SCAN_HIGH,3.6227,-2.0887,0.291,-156.56,0.14,1.5,15.0,0.0478,0.0301,-0.0203,0.762,,1.865,1.052,,,,,
82.726,SCAN_HIGH,3.6226,-2.0864,0.291,-155.73,0.11,1.79,15.0,0.0527,0.0398,-0.0076,0.769,,1.885,1.054,,,,,
82.766,SCAN_HIGH,3.6249,-2.0836,0.293,-154.91,0.04,1.89,15.0,0.0693,0.0467,-0.0035,0.769,,1.885,1.054,,,,,
82.809,SCAN_HIGH,3.6261,-2.0792,0.292,-154.16,-0.18,1.57,15.0,0.0714,0.0646,0.0019,0.776,,1.903,1.061,,,,,
82.868,SCAN_HIGH,3.6245,-2.0749,0.292,-153.42,-0.28,1.19,15.0,0.0773,0.0621,0.0004,0.776,,1.903,1.061,,,,,
82.967,SCAN_HIGH,3.6272,-2.073,0.292,-152.59,-0.46,0.81,15.0,0.0818,0.0617,0.0002,0.792,,1.927,1.063,,,,,
82.996,SCAN_HIGH,3.6297,-2.0715,0.289,-151.77,-0.52,0.43,15.0,0.0815,0.0553,-0.0001,0.792,,1.927,1.063,,,,,
83.029,SCAN_HIGH,3.6335,-2.0695,0.291,-150.99,-0.68,-0.08,15.0,0.0856,0.0503,-0.0059,0.812,,1.948,1.073,,,,,
83.082,SCAN_HIGH,3.6351,-2.0678,0.289,-150.33,-0.76,-0.39,15.0,0.0799,0.0408,-0.0008,0.812,,1.948,1.073,,,,,
83.109,SCAN_HIGH,3.6377,-2.0668,0.291,-149.76,-0.52,-0.72,15.0,0.0742,0.0326,-0.0052,0.827,,1.97,1.079,,,,,
83.161,SCAN_HIGH,3.6398,-2.0671,0.289,-149.14,-0.31,-0.79,15.0,0.0676,0.0216,0.0026,0.827,,1.97,1.079,,,,,
83.231,SCAN_HIGH,3.6417,-2.0671,0.291,-148.42,-0.34,-0.42,15.0,0.0568,0.0117,0.0035,0.844,,1.982,1.089,,,,,
83.282,SCAN_HIGH,3.6399,-2.0688,0.294,-147.61,-0.37,-0.16,15.0,0.0457,0.0021,0.0071,0.844,,1.982,1.089,,,,,
83.32,SCAN_HIGH,3.6395,-2.0693,0.291,-146.7,-0.58,0.14,15.0,0.0392,-0.0052,0.0156,0.864,,2.009,1.113,,,,,
83.372,SCAN_HIGH,3.6369,-2.0713,0.294,-145.7,-0.76,0.39,15.0,0.0319,-0.0139,0.0109,0.864,,2.009,1.113,,,,,
83.423,SCAN_HIGH,3.6351,-2.0731,0.297,-144.84,-0.74,0.76,15.0,0.0337,-0.019,0.017,0.897,,2.037,1.144,,,,,
83.49,SCAN_HIGH,3.6347,-2.0755,0.293,-144.09,-0.65,1.0,15.0,0.0362,-0.0238,0.0219,0.897,,2.037,1.144,,,,,
83.519,SCAN_HIGH,3.6346,-2.0761,0.292,-143.46,-0.49,1.1,15.0,0.0414,-0.0232,0.0068,0.925,,2.067,1.173,,,,,
83.582,SCAN_HIGH,3.6346,-2.0787,0.296,-142.81,-0.42,1.26,15.0,0.0447,-0.0237,0.0047,0.925,,2.067,1.173,,,,,
83.617,SCAN_HIGH,3.6367,-2.0805,0.293,-142.25,-0.06,1.29,15.0,0.0503,-0.0192,0.0161,0.95,,2.09,1.199,,,,,
83.674,SCAN_HIGH,3.6389,-2.0828,0.296,-141.66,0.28,1.43,15.0,0.0593,-0.0159,0.0075,0.95,,2.09,1.199,,,,,
83.708,SCAN_HIGH,3.6404,-2.0843,0.296,-141.12,0.5,1.56,15.0,0.0634,-0.0084,0.0172,0.975,,2.117,1.224,,,,,
83.78,SCAN_HIGH,3.6431,-2.0854,0.299,-140.52,0.47,1.7,15.0,0.0704,0.0022,0.0172,0.975,,2.117,1.224,,,,,
83.817,SCAN_HIGH,3.6462,-2.0862,0.299,-139.94,0.74,1.68,15.0,0.0744,0.0143,0.0184,0.997,,2.136,1.242,,,,,
83.897,SCAN_HIGH,3.6475,-2.0835,0.304,-139.53,0.57,1.57,15.0,0.076,0.0321,0.0166,0.997,,2.136,1.242,,,,,
83.914,SCAN_HIGH,3.6486,-2.0806,0.301,-139.11,0.44,1.57,15.0,0.0773,0.0445,0.0252,1.003,,2.135,,,,,,
83.975,SCAN_HIGH,3.6505,-2.0782,0.302,-138.57,0.24,1.22,15.0,0.0786,0.0552,0.0128,1.003,,2.135,,,,,,
84.009,SCAN_HIGH,3.6519,-2.0761,0.305,-137.97,0.23,0.89,15.0,0.0792,0.062,0.0076,1.015,,2.182,1.37,,,,,
84.06,SCAN_HIGH,3.653,-2.0735,0.303,-137.41,-0.06,0.69,15.0,0.0769,0.0668,0.0068,1.015,,2.182,1.37,,,,,
84.151,SCAN_HIGH,3.6536,-2.0714,0.304,-136.86,-0.5,0.64,15.0,0.0756,0.0679,-0.004,1.02,,2.207,1.557,,,,,
84.181,SCAN_HIGH,3.6557,-2.0667,0.301,-136.22,-0.95,0.55,15.0,0.0787,0.0672,-0.0023,1.02,,2.207,1.557,,,,,
84.233,SCAN_HIGH,3.6568,-2.0633,0.305,-135.54,-1.44,0.26,15.0,0.0819,0.0622,-0.0067,1.026,,2.238,1.734,,,,,
84.276,SCAN_HIGH,3.6602,-2.0614,0.302,-134.73,-1.46,0.0,15.0,0.0893,0.0507,0.0036,1.026,,2.238,1.734,,,,,
84.317,SCAN_HIGH,3.6648,-2.0604,0.301,-133.87,-1.2,-0.02,15.0,0.0957,0.0366,-0.0039,1.034,,2.279,1.842,,,,,
84.373,SCAN_HIGH,3.6699,-2.0618,0.303,-133.08,-0.79,-0.02,15.0,0.1019,0.024,-0.0113,1.034,,2.279,1.842,,,,,
84.408,SCAN_HIGH,3.6727,-2.062,0.299,-132.33,-0.74,-0.53,15.0,0.0977,0.012,-0.0082,1.047,,2.316,,,,,,
84.473,SCAN_HIGH,3.6768,-2.064,0.301,-131.57,-0.4,-0.65,15.0,0.0951,0.0006,-0.0225,1.047,,2.316,,,,,,
84.524,SCAN_HIGH,3.6807,-2.0654,0.299,-130.79,-0.14,-0.51,15.0,0.0917,-0.0099,-0.0194,1.075,,2.355,,,,,,
84.597,SCAN_HIGH,3.6843,-2.0684,0.299,-130.21,0.09,-0.28,15.0,0.0867,-0.0191,-0.0214,1.075,,2.355,,,,,,
84.612,SCAN_HIGH,3.6865,-2.0717,0.299,-129.67,0.35,-0.26,15.0,0.0789,-0.0249,-0.025,1.105,,2.369,,,,,,
84.671,SCAN_HIGH,3.6897,-2.0746,0.294,-128.93,0.55,-0.34,15.0,0.0713,-0.0287,-0.0223,1.105,,2.369,,,,,,
84.736,SCAN_HIGH,3.6902,-2.0777,0.295,-128.0,0.55,-0.31,15.0,0.0613,-0.0313,-0.0285,1.135,,2.398,,,,,,
84.767,SCAN_HIGH,3.6921,-2.0807,0.293,-126.97,0.61,-0.02,15.0,0.0538,-0.032,-0.017,1.135,,2.398,,,,,,
84.832,SCAN_HIGH,3.6931,-2.0834,0.294,-125.92,0.87,0.43,15.0,0.0457,-0.0311,-0.0211,1.194,,2.472,,,,,,
84.866,SCAN_HIGH,3.6931,-2.0886,0.293,-124.92,0.85,0.73,15.0,0.0347,-0.0277,-0.0109,1.194,,2.472,,,,,,
84.924,SCAN_HIGH,3.6931,-2.0908,0.294,-123.94,0.81,0.54,15.0,0.0292,-0.0239,-0.007,1.258,,2.459,,,,,,
84.958,SCAN_HIGH,3.6924,-2.0947,0.293,-123.07,0.99,0.69,15.0,0.0229,-0.0214,0.0009,1.258,,2.459,,,,,,
85.04,SCAN_HIGH,3.6933,-2.0975,0.29,-122.32,1.24,0.38,15.0,0.0146,-0.0154,0.0045,1.332,,,,,,,,
85.075,SCAN_HIGH,3.6933,-2.101,0.295,-121.7,1.24,0.42,15.0,0.0054,-0.009,-0.0021,1.332,,,,,,,,
85.113,SCAN_HIGH,3.6904,-2.105,0.295,-121.27,0.94,0.78,15.0,-0.0042,-0.008,0.0136,1.43,,2.528,2.312,,,,,
85.178,SCAN_HIGH,3.6874,-2.1088,0.296,-120.88,0.49,1.33,15.0,-0.0112,-0.0067,0.0192,1.43,,2.528,2.312,,,,,
85.213,SCAN_HIGH,3.6844,-2.1112,0.296,-120.55,0.16,1.42,15.0,-0.0108,0.0011,0.0207,1.556,,2.556,,,,,,
85.287,SCAN_HIGH,3.6822,-2.1122,0.298,-120.27,-0.07,1.56,15.0,-0.0088,0.0092,0.0232,1.556,,2.556,,,,,,
85.313,SCAN_HIGH,3.6794,-2.1157,0.301,-120.02,-0.1,1.9,15.0,-0.0055,0.0164,0.0265,1.708,,,2.185,,,,,
85.373,SCAN_HIGH,3.678,-2.1159,0.299,-119.61,-0.39,2.13,15.0,0.0018,0.0269,0.0301,1.708,,,2.185,,,,,
85.446,SCAN_HIGH,3.6759,-2.1154,0.301,-119.08,-0.69,2.17,15.0,0.0097,0.0405,0.0228,1.807,,,2.023,,,,,
85.471,SCAN_HIGH,3.676,-2.114,0.301,-118.41,-0.67,1.85,15.0,0.0247,0.0502,0.0215,1.807,,,2.023,,,,,
85.529,SCAN_HIGH,3.6776,-2.1125,0.303,-117.57,-0.53,1.59,15.0,0.0331,0.057,0.0166,1.881,,,,,,,,
85.562,SCAN_HIGH,3.6781,-2.1121,0.304,-116.64,-0.4,1.1,15.0,0.0397,0.0593,0.0124,1.881,,,,,,,,
85.608,SCAN_HIGH,3.6798,-2.1083,0.305,-115.69,-0.31,0.89,15.0,0.0467,0.0638,0.011,1.929,,,1.853,,,,,
85.669,SCAN_HIGH,3.6849,-2.1063,0.307,-114.76,-0.21,0.68,15.0,0.0554,0.0694,0.008,1.929,,,1.853,,,,,
85.736,SCAN_HIGH,3.6866,-2.1054,0.307,-113.82,0.0,0.25,15.0,0.0541,0.0628,0.0073,1.952,,,1.828,,,,,
85.769,SCAN_HIGH,3.6879,-2.1053,0.306,-112.95,0.4,-0.14,15.0,0.0506,0.0582,0.0019,1.952,,,1.828,,,,,
85.823,SCAN_HIGH,3.6892,-2.1052,0.305,-112.28,0.29,-0.04,15.0,0.0431,0.0506,-0.0043,1.954,,,1.785,,,,,
85.865,SCAN_HIGH,3.6894,-2.1057,0.307,-111.63,0.08,0.24,15.0,0.0376,0.045,-0.0042,1.954,,,1.785,,,,,
85.909,SCAN_HIGH,3.6913,-2.1034,0.302,-110.95,0.0,0.44,15.0,0.0386,0.0482,-0.0025,1.956,,,1.752,,,,,
85.965,SCAN_HIGH,3.6915,-2.1055,0.306,-110.37,-0.01,0.46,15.0,0.0354,0.0409,-0.0164,1.956,,,1.752,,,,,
86.064,SCAN_HIGH,3.6899,-2.1075,0.302,-109.91,-0.23,0.38,15.0,0.0296,0.0359,-0.0063,1.943,,,1.742,,,,,
86.096,SCAN_HIGH,3.6917,-2.1102,0.304,-109.45,-0.22,0.48,15.0,0.0337,0.0269,-0.0124,1.943,,,1.742,,,,,
86.124,SCAN_HIGH,3.696,-2.1116,0.301,-108.87,-0.13,0.48,15.0,0.0422,0.0237,-0.0071,1.926,,,1.722,,,,,
86.165,SCAN_HIGH,3.6967,-2.1125,0.303,-108.18,-0.1,0.75,15.0,0.041,0.0234,-0.011,1.926,,,1.722,,,,,
86.208,SCAN_HIGH,3.6985,-2.1141,0.304,-107.43,-0.05,0.84,15.0,0.0433,0.0236,-0.0045,1.922,,,1.709,,,,,
86.261,SCAN_HIGH,3.6978,-2.1184,0.304,-106.57,0.02,0.75,15.0,0.0393,0.019,-0.0023,1.922,,,1.709,,,,,
86.328,SCAN_HIGH,3.6997,-2.1182,0.304,-105.58,0.27,0.64,15.0,0.0389,0.0218,-0.0008,1.891,,,1.689,,,,,
86.362,SCAN_HIGH,3.6977,-2.1246,0.304,-104.52,0.15,0.83,15.0,0.03,0.0117,-0.0014,1.891,,,1.689,,,,,
86.419,SCAN_HIGH,3.6974,-2.1259,0.303,-103.41,0.05,1.1,15.0,0.0276,0.0158,-0.0021,1.86,,,1.661,,,,,
86.459,SCAN_HIGH,3.6952,-2.1272,0.304,-102.12,-0.17,1.26,15.0,0.0228,0.0209,-0.0101,1.86,,,1.661,,,,,
86.52,SCAN_HIGH,3.6953,-2.1279,0.302,-100.75,-0.33,1.18,15.0,0.0247,0.0263,-0.0067,1.843,,,1.646,,,,,
86.574,SCAN_HIGH,3.6955,-2.1291,0.304,-99.26,-0.56,1.18,15.0,0.0284,0.0301,-0.0074,1.843,,,1.646,,,,,
86.641,SCAN_HIGH,3.7005,-2.1353,0.301,-97.79,-0.33,1.1,15.0,0.04,0.0207,-0.0031,1.814,,,1.629,,,,,
86.669,SCAN_HIGH,3.7034,-2.136,0.301,-96.45,0.15,1.19,15.0,0.0415,0.0253,-0.0098,1.814,,,1.629,,,,,
86.726,SCAN_HIGH,3.706,-2.1382,0.301,-95.28,0.63,1.56,15.0,0.0421,0.0308,-0.0058,1.786,,,1.613,,,,,
86.761,SCAN_HIGH,3.7097,-2.1374,0.299,-94.41,0.57,1.59,15.0,0.0405,0.0434,-0.0015,1.786,,,1.613,,,,,
86.808,SCAN_HIGH,3.7118,-2.1375,0.299,-93.79,0.68,1.81,15.0,0.0364,0.0532,-0.002,1.771,,,1.612,,,,,
86.882,SCAN_HIGH,3.7127,-2.1351,0.301,-93.35,0.65,1.65,15.0,0.0298,0.0676,0.0037,1.771,,,1.612,,,,,
86.913,SCAN_HIGH,3.7127,-2.1333,0.3,-93.02,0.4,1.49,15.0,0.0234,0.078,0.0109,1.775,,,1.609,,,,,
86.977,SCAN_HIGH,3.7119,-2.1315,0.303,-92.67,0.36,1.15,15.0,0.016,0.0832,0.0052,1.775,,,1.609,,,,,
87.009,SCAN_HIGH,3.7105,-2.1291,0.304,-92.14,0.38,0.74,15.0,0.0104,0.0884,0.0137,1.77,,,1.604,,,,,
87.069,SCAN_HIGH,3.7096,-2.1279,0.305,-91.29,0.18,0.14,15.0,0.0054,0.0854,0.0121,1.77,,,1.604,,,,,
87.123,SCAN_HIGH,3.7087,-2.1262,0.305,-90.3,0.15,0.17,15.0,0.0019,0.0823,0.006,1.764,,,1.604,,,,,
87.161,SCAN_HIGH,3.7087,-2.1259,0.305,-89.36,0.11,0.06,15.0,0.0012,0.0726,0.005,1.764,,,1.604,,,,,
87.228,SCAN_HIGH,3.7095,-2.1319,0.303,-88.45,0.63,-0.05,15.0,-0.002,0.0602,-0.0017,1.771,,,1.61,,,,,
87.258,SCAN_HIGH,3.7096,-2.1309,0.304,-87.63,0.92,0.16,15.0,-0.0069,0.0519,-0.0103,1.771,,,1.61,,,,,
87.319,SCAN_HIGH,3.7048,-2.131,0.304,-86.91,0.91,0.38,15.0,-0.0228,0.0435,-0.0083,1.768,,,1.579,,,,,
87.362,SCAN_HIGH,3.703,-2.139,0.305,-86.25,0.93,0.78,15.0,-0.0326,0.0317,-0.0086,1.768,,,1.579,,,,,
87.422,SCAN_HIGH,3.7014,-2.1389,0.304,-85.69,0.79,1.19,-0.0,-0.0388,0.0391,-0.0101,1.766,,1.559,,,,,,
87.458,SCAN_HIGH,3.6966,-2.1453,0.301,-85.35,0.76,1.42,-0.0,-0.0528,0.023,-0.0696,1.766,,1.559,,,,,,
87.508,SCAN_HIGH,3.6916,-2.1494,0.294,-85.32,0.46,0.97,-0.0,-0.0604,0.0235,-0.1902,1.767,,1.559,1.396,,,,,
87.568,SCAN_HIGH,3.6859,-2.1502,0.277,-85.41,0.05,0.72,-0.0,-0.0695,0.0279,-0.2573,1.767,,1.559,1.396,,,,,
87.63,SCAN_HIGH,3.6799,-2.151,0.263,-85.48,0.04,0.51,-0.0,-0.077,0.0244,-0.314,1.766,,1.574,1.452,,,,,
87.661,SCAN_HIGH,3.6693,-2.1526,0.246,-85.53,-0.11,0.34,-0.0,-0.087,0.0237,-0.3467,1.766,,1.574,1.452,,,,,
87.728,SCAN_HIGH,3.6672,-2.1534,0.224,-85.65,-0.35,0.17,-0.0,-0.0816,0.0214,-0.3695,1.762,,1.598,1.427,,,,,
87.763,SCAN_HIGH,3.6608,-2.1615,0.204,-85.72,-0.77,-0.03,-0.0,-0.0775,0.0035,-0.389,1.762,,1.598,1.427,,,,,
87.823,SCAN_HIGH,3.6636,-2.156,0.19,-85.72,-1.2,0.27,-0.0,-0.0535,0.0268,-0.3836,1.765,,,,,,,,
87.857,SCAN_HIGH,3.6664,-2.1493,0.168,-85.78,-1.5,0.62,-0.0,-0.0296,0.0349,-0.3626,1.765,,,,,,,,
87.936,SCAN_HIGH,3.6652,-2.1546,0.162,-85.96,-1.65,0.22,-0.0,-0.0475,0.0096,-0.3595,1.755,,,,,,,,
87.977,SCAN_HIGH,3.654,-2.1585,0.136,-86.19,-1.35,0.1,-0.0,-0.0367,0.0002,-0.3161,1.755,,,,,,,,
88.009,SCAN_HIGH,3.6463,-2.1619,0.12,-86.48,-1.25,-0.11,-0.0,-0.0517,-0.0175,-0.3114,1.753,,,0.321,,,,,
88.072,SCAN_HIGH,3.6389,-2.1606,0.104,-86.87,-1.2,0.04,-0.0,-0.0546,-0.0137,-0.2857,1.753,,,0.321,,,,,
88.124,SCAN_LOW,3.6349,-2.1615,0.09,-87.07,-1.52,0.22,-0.0,-0.0489,-0.0231,-0.2598,1.755,0.308,,0.312,,,,,
88.173,SCAN_LOW,3.6406,-2.1656,0.076,-87.2,-1.66,0.26,15.0,0.0078,-0.0283,-0.2232,1.755,0.308,,0.312,,,,,
88.227,SCAN_LOW,3.6385,-2.1704,0.073,-87.35,-1.18,0.54,15.0,0.0288,0.0028,-0.1915,1.755,0.299,,0.321,,,,,
88.258,SCAN_LOW,3.6409,-2.1699,0.059,-87.14,-0.97,0.92,15.0,0.0431,0.0104,-0.1338,1.755,0.299,,0.321,,,,,
88.326,SCAN_LOW,3.6402,-2.1711,0.057,-86.87,0.12,0.73,15.0,0.0047,0.0309,-0.1108,1.755,0.299,,0.319,,,,,
88.373,SCAN_LOW,3.6405,-2.1696,0.05,-86.32,0.48,1.02,15.0,0.0093,0.0377,-0.0761,1.755,0.299,,0.319,,,,,
88.421,SCAN_LOW,3.6408,-2.168,0.049,-85.72,0.28,1.38,15.0,0.0058,0.0585,-0.0534,1.757,0.308,1.618,0.322,,,,,
88.473,SCAN_LOW,3.641,-2.1653,0.049,-85.05,0.76,1.36,15.0,-0.0054,0.0759,-0.0333,1.757,0.308,1.618,0.322,,,,,
88.523,SCAN_LOW,3.6411,-2.1618,0.048,-84.38,0.74,1.25,15.0,-0.0204,0.0952,-0.0167,1.753,0.304,,0.318,,,,,
88.577,SCAN_LOW,3.6404,-2.1575,0.048,-83.86,0.63,0.9,15.0,-0.0412,0.1103,-0.0107,1.753,0.304,,0.318,,,,,
88.615,SCAN_LOW,3.6381,-2.1524,0.049,-83.33,0.31,0.23,15.0,-0.0548,0.1234,0.007,1.769,0.299,1.615,0.315,,,,,
88.661,SCAN_LOW,3.6363,-2.1457,0.054,-82.81,0.27,-0.82,15.0,-0.0653,0.124,0.021,1.769,0.299,1.615,0.315,,,,,
88.719,SCAN_LOW,3.6332,-2.1396,0.056,-82.31,-0.2,-1.42,15.0,-0.0727,0.1136,0.0307,1.756,0.298,1.628,0.312,,,,,
88.768,SCAN_LOW,3.6305,-2.1332,0.058,-81.73,-0.29,-2.25,15.0,-0.0685,0.0927,0.0307,1.756,0.298,1.628,0.312,,,,,
88.825,SCAN_LOW,3.6271,-2.1288,0.06,-81.12,-0.44,-2.63,15.0,-0.0624,0.0563,0.0354,1.739,0.294,,0.312,,,,,
88.869,SCAN_LOW,3.6236,-2.1272,0.061,-80.36,-0.55,-2.83,15.0,-0.0521,0.0192,0.0303,1.739,0.294,,0.312,,,,,
88.926,SCAN_LOW,3.6206,-2.128,0.065,-79.51,-0.81,-2.35,15.0,-0.0396,-0.021,0.0201,1.731,0.304,1.625,0.31,,,,,
88.964,SCAN_LOW,3.6184,-2.1309,0.065,-78.7,-1.16,-1.93,15.0,-0.0202,-0.0592,0.0253,1.731,0.304,1.625,0.31,,,,,
89.011,SCAN_LOW,3.6182,-2.134,0.063,-77.94,-1.32,-1.48,15.0,-0.0016,-0.0826,0.0219,1.766,0.333,1.627,0.311,,,,,
89.065,SCAN_LOW,3.6175,-2.1408,0.065,-77.28,-1.56,-0.92,15.0,0.0224,-0.097,0.0108,1.766,0.333,1.627,0.311,,,,,
89.113,SCAN_LOW,3.6178,-2.1483,0.064,-76.56,-1.66,-0.1,15.0,0.0428,-0.0989,0.006,1.788,0.382,,0.312,,,,,
89.181,SCAN_LOW,3.6194,-2.1553,0.059,-75.91,-1.69,0.64,15.0,0.0664,-0.0961,0.0001,1.788,0.382,,0.312,,,,,
89.217,SCAN_LOW,3.6226,-2.1604,0.063,-75.34,-1.35,1.22,15.0,0.086,-0.0819,-0.0119,1.793,0.432,,0.319,,,,,
89.274,SCAN_LOW,3.6276,-2.1644,0.062,-74.77,-0.68,1.88,15.0,0.098,-0.055,0.0026,1.793,0.432,,0.319,,,,,
89.324,SCAN_LOW,3.6324,-2.1665,0.063,-74.1,-0.06,1.82,15.0,0.1004,-0.0296,0.0007,1.799,0.447,,0.327,,,,,
89.367,SCAN_LOW,3.6375,-2.1664,0.062,-73.12,0.38,2.03,15.0,0.0941,-0.0041,-0.0002,1.799,0.447,,0.327,,,,,
89.411,SCAN_LOW,3.6419,-2.1648,0.061,-72.01,0.95,1.8,15.0,0.0828,0.0235,-0.0017,1.813,,,0.34,,,,,
89.458,SCAN_LOW,3.6455,-2.1621,0.061,-70.88,1.53,1.68,15.0,0.0634,0.0416,-0.0073,1.813,,,0.34,,,,,
89.519,SCAN_LOW,3.6474,-2.1589,0.057,-69.81,1.97,1.51,15.0,0.0346,0.0577,-0.0103,1.829,0.991,,0.347,,,,,
89.584,SCAN_LOW,3.6467,-2.156,0.061,-68.81,2.09,1.26,15.0,0.0035,0.0667,-0.013,1.829,0.991,,0.347,,,,,
89.621,SCAN_LOW,3.6455,-2.1513,0.057,-67.78,2.01,0.74,15.0,-0.0249,0.0684,-0.001,1.851,0.997,,0.349,,,,,
89.68,SCAN_LOW,3.6403,-2.1516,0.057,-66.91,1.79,-0.18,15.0,-0.0528,0.0605,-0.0166,1.851,0.997,,0.349,,,,,
89.723,SCAN_LOW,3.6331,-2.1549,0.057,-66.25,1.05,-0.67,15.0,-0.0769,0.0454,-0.0193,1.861,1.001,,0.345,,,,,
89.759,SCAN_LOW,3.6258,-2.1571,0.058,-65.65,0.49,-0.98,15.0,-0.0869,0.0268,-0.009,1.861,1.001,,0.345,,,,,
89.828,SCAN_LOW,3.6189,-2.1606,0.059,-65.1,0.18,-1.29,15.0,-0.0857,0.0068,-0.0012,1.864,0.989,,0.34,,,,,
89.895,SCAN_LOW,3.6133,-2.1633,0.062,-64.46,-0.45,-1.4,15.0,-0.0819,-0.0124,0.0089,1.864,0.989,,0.34,,,,,
89.908,SCAN_LOW,3.6091,-2.1671,0.063,-63.73,-1.39,-1.06,15.0,-0.0664,-0.0288,0.0211,1.869,0.974,,0.342,,,,,
89.965,SCAN_LOW,3.6069,-2.1708,0.066,-62.82,-1.76,-0.84,15.0,-0.0402,-0.0448,0.0146,1.869,0.974,,0.342,,,,,
90.027,SCAN_LOW,3.6075,-2.1747,0.06,-61.87,-2.03,-0.54,15.0,-0.0103,-0.0471,0.0146,1.902,0.916,,0.346,,,,,
90.061,SCAN_LOW,3.6113,-2.177,0.06,-60.9,-2.01,-0.38,15.0,0.0245,-0.0493,-0.0092,1.902,0.916,,0.346,,,,,
90.129,SCAN_LOW,3.6166,-2.1787,0.059,-59.92,-2.0,0.22,15.0,0.0549,-0.0446,-0.0115,1.948,0.821,,0.357,,,,,
90.17,SCAN_LOW,3.6244,-2.1786,0.06,-58.87,-1.64,0.89,15.0,0.0838,-0.0367,-0.0082,1.948,0.821,,0.357,,,,,
90.229,SCAN_LOW,3.6307,-2.1794,0.058,-57.89,-1.03,1.49,15.0,0.1054,-0.0185,-0.0104,1.982,0.708,,0.371,,,,,
90.261,SCAN_LOW,3.6393,-2.1776,0.055,-56.84,-0.67,1.9,15.0,0.1102,0.0013,-0.0078,1.982,0.708,,0.371,,,,,
90.318,SCAN_LOW,3.6449,-2.1768,0.059,-55.83,-0.25,2.37,15.0,0.1063,0.0237,-0.0122,2.017,0.654,,0.386,,,,,
90.381,SCAN_LOW,3.6536,-2.1711,0.055,-54.78,0.55,2.03,15.0,0.0956,0.0411,-0.0059,2.017,0.654,,0.386,,,,,
90.414,SCAN_LOW,3.6569,-2.1695,0.059,-53.96,0.83,2.24,15.0,0.0785,0.055,-0.0059,2.043,0.629,,0.399,,,,,
90.482,SCAN_LOW,3.6596,-2.167,0.054,-53.2,1.0,2.31,15.0,0.058,0.0678,-0.0027,2.043,0.629,,0.399,,,,,
90.516,SCAN_LOW,3.6604,-2.1629,0.058,-52.44,1.55,1.39,15.0,0.0298,0.0829,-0.0102,2.084,0.612,,0.406,,,,,
90.572,SCAN_LOW,3.6593,-2.1592,0.058,-51.7,1.87,1.39,15.0,-0.0001,0.0812,-0.001,2.084,0.612,,0.406,,,,,
90.609,SCAN_LOW,3.6545,-2.1574,0.057,-50.99,1.96,1.19,15.0,-0.0334,0.0749,0.0035,2.123,0.599,,0.413,,,,,
90.671,SCAN_LOW,3.6485,-2.1584,0.06,-50.4,2.24,0.51,15.0,-0.0612,0.0607,0.002,2.123,0.599,,0.413,,,,,
90.751,SCAN_LOW,3.6412,-2.1617,0.061,-50.0,1.93,0.13,15.0,-0.0844,0.0399,0.0099,2.139,0.579,,0.408,,,,,
90.771,SCAN_LOW,3.633,-2.1668,0.063,-49.71,1.32,-0.22,15.0,-0.1041,0.0182,0.0206,2.139,0.579,,0.408,,,,,
90.846,SCAN_LOW,3.6253,-2.1721,0.061,-49.41,0.52,-0.31,15.0,-0.1082,-0.0014,0.0206,2.14,0.559,,0.408,,,,,
90.864,SCAN_LOW,3.6188,-2.176,0.062,-48.93,-0.12,-0.46,15.0,-0.1065,-0.0112,0.0082,2.14,0.559,,0.408,,,,,
90.912,SCAN_LOW,3.6135,-2.1789,0.06,-48.27,-0.72,-0.96,15.0,-0.0916,-0.0195,0.0105,2.149,0.537,,0.411,,,,,
90.959,SCAN_LOW,3.6103,-2.1826,0.065,-47.49,-1.21,-1.29,15.0,-0.071,-0.0242,0.0102,2.149,0.537,,0.411,,,,,
91.029,SCAN_LOW,3.6091,-2.1856,0.063,-46.6,-1.72,-1.2,15.0,-0.0432,-0.0307,0.0103,2.133,0.517,,0.415,,,,,
91.064,SCAN_LOW,3.6104,-2.1886,0.064,-45.66,-1.87,-0.95,15.0,-0.0084,-0.0309,0.0001,2.133,0.517,,0.415,,,,,
91.164,SCAN_LOW,3.6126,-2.1911,0.062,-44.74,-2.03,-0.71,15.0,0.0224,-0.0247,-0.001,2.219,0.496,,0.428,,,,,
91.192,SCAN_LOW,3.6186,-2.1915,0.064,-43.69,-2.16,-0.06,15.0,0.057,-0.0163,0.0009,2.219,0.496,,0.428,,,,,
91.226,SCAN_LOW,3.6252,-2.1912,0.065,-42.53,-1.99,0.59,15.0,0.0856,0.0019,0.0072,2.264,0.481,,0.455,,,,,
91.275,SCAN_LOW,3.6328,-2.1897,0.063,-41.41,-1.62,1.0,15.0,0.1077,0.0294,0.0072,2.264,0.481,,0.455,,,,,
91.319,SCAN_LOW,3.6412,-2.186,0.062,-40.29,-1.24,1.43,15.0,0.1211,0.0475,-0.0015,2.355,0.478,,0.49,,,,,
91.357,SCAN_LOW,3.6489,-2.1817,0.068,-39.17,-0.69,1.69,15.0,0.1283,0.0754,-0.0049,2.355,0.478,,0.49,,,,,
91.411,SCAN_LOW,3.6585,-2.1743,0.068,-38.1,0.31,1.87,15.0,0.1207,0.0895,0.0096,,0.473,,0.524,,,,,
91.487,SCAN_LOW,3.6636,-2.1695,0.064,-37.12,1.11,1.8,15.0,0.1023,0.0978,0.0118,,0.473,,0.524,,,,,
91.553,SCAN_LOW,3.6672,-2.1657,0.064,-36.1,1.81,1.62,15.0,0.0791,0.0925,-0.0023,2.448,0.469,,0.559,,,,,
91.568,SCAN_LOW,3.6691,-2.1625,0.064,-35.04,2.53,1.75,15.0,0.0522,0.0866,-0.0022,2.448,0.469,,0.559,,,,,
91.652,SCAN_LOW,3.669,-2.1604,0.065,-34.03,2.8,1.77,15.0,0.0163,0.0678,-0.0042,2.397,0.461,,,,,,,
91.684,SCAN_LOW,3.6666,-2.1598,0.064,-33.06,3.08,1.58,15.0,-0.0206,0.0473,-0.0017,2.397,0.461,,,,,,,
91.729,SCAN_LOW,3.6615,-2.1631,0.061,-32.16,2.83,1.35,15.0,-0.056,0.0194,-0.0088,2.421,0.447,0.366,0.567,,,,,
91.763,SCAN_LOW,3.6546,-2.1667,0.062,-31.4,2.56,1.24,15.0,-0.0889,-0.0056,-0.0145,2.421,0.447,0.366,0.567,,,,,
91.84,SCAN_LOW,3.6464,-2.1734,0.064,-30.87,1.86,0.68,15.0,-0.1162,-0.032,-0.0002,,0.427,0.351,0.694,,,,,
91.881,SCAN_LOW,3.6381,-2.1777,0.066,-30.32,0.75,0.32,15.0,-0.1348,-0.0511,0.0107,,0.427,0.351,0.694,,,,,
91.913,SCAN_LOW,3.6295,-2.1854,0.067,-29.79,-0.45,-0.31,15.0,-0.1329,-0.0601,0.0156,,0.417,0.343,1.181,,,,,
91.976,SCAN_LOW,3.6223,-2.1902,0.068,-29.24,-1.27,-0.43,15.0,-0.1227,-0.0582,0.0196,,0.417,0.343,1.181,,,,,
92.011,SCAN_LOW,3.6173,-2.1941,0.07,-28.66,-1.78,-0.55,15.0,-0.1041,-0.0488,0.0141,,0.402,0.344,1.388,,,,,
92.079,SCAN_LOW,3.6142,-2.196,0.066,-27.99,-2.31,-1.0,15.0,-0.0755,-0.0326,0.0155,,0.402,0.344,1.388,,,,,
92.112,SCAN_LOW,3.6135,-2.1962,0.066,-27.28,-2.61,-0.97,15.0,-0.0481,-0.0159,-0.0036,,0.39,0.345,1.623,,,,,
92.157,SCAN_LOW,3.6142,-2.1952,0.066,-26.57,-2.51,-0.69,15.0,-0.0143,0.0104,-0.0027,,0.39,0.345,1.623,,,,,
92.224,SCAN_LOW,3.6163,-2.1928,0.069,-25.89,-2.53,-0.54,15.0,0.01,0.0345,-0.0057,1.992,0.384,0.345,,,,,,
92.261,SCAN_LOW,3.6197,-2.189,0.066,-25.2,-2.12,-0.43,15.0,0.037,0.06,0.0031,1.992,0.384,0.345,,,,,,
92.325,SCAN_LOW,3.6252,-2.183,0.067,-24.43,-1.59,-0.33,15.0,0.0618,0.0829,-0.005,,0.381,0.337,,,,,,
92.362,SCAN_LOW,3.6304,-2.1771,0.066,-23.76,-0.93,0.17,15.0,0.0828,0.1075,-0.0038,,0.381,0.337,,,,,,
92.427,SCAN_LOW,3.6355,-2.1709,0.065,-23.1,-0.17,0.84,15.0,0.0888,0.12,-0.0047,,0.383,0.323,1.532,,,,,
92.465,SCAN_LOW,3.641,-2.164,0.066,-22.41,0.31,1.07,15.0,0.0851,0.1246,-0.0039,,0.383,0.323,1.532,,,,,
92.507,SCAN_LOW,3.6455,-2.1562,0.065,-21.6,0.77,0.85,15.0,0.0775,0.1289,0.0011,,0.389,0.311,,,,,,
92.575,SCAN_LOW,3.649,-2.1503,0.066,-20.75,1.3,0.6,15.0,0.0678,0.123,0.0043,,0.389,0.311,,,,,,
92.621,SCAN_LOW,3.6519,-2.1435,0.071,-19.88,2.02,0.45,15.0,0.0588,0.1185,0.0057,,0.388,0.299,,,,,,
92.67,SCAN_LOW,3.6542,-2.1393,0.065,-18.92,2.53,0.78,15.0,0.0489,0.0959,0.0186,,0.388,0.299,,,,,,
92.707,SCAN_LOW,3.6556,-2.1374,0.07,-17.95,2.71,0.9,15.0,0.0307,0.0644,0.0077,,0.388,0.289,,,,,,
92.769,SCAN_LOW,3.656,-2.1369,0.068,-17.09,2.91,0.88,15.0,0.0154,0.0382,0.0109,,0.388,0.289,,,,,,
92.812,SCAN_LOW,3.6552,-2.1391,0.071,-16.27,2.46,1.5,15.0,-0.0039,0.0046,0.0069,,0.387,0.279,,,,,,
92.867,SCAN_LOW,3.6526,-2.1448,0.071,-15.4,2.3,1.47,15.0,-0.0228,-0.0238,0.0025,,0.387,0.279,,,,,,
92.918,SCAN_LOW,3.6494,-2.15,0.067,-14.64,2.15,1.02,15.0,-0.0425,-0.0518,-0.0026,,0.377,0.277,,,,,,
92.982,SCAN_LOW,3.6463,-2.1547,0.072,-14.12,1.09,0.93,15.0,-0.0578,-0.0734,-0.0069,,0.377,0.277,,,,,,
93.03,SCAN_LOW,3.6408,-2.1656,0.071,-13.78,0.24,0.72,15.0,-0.0631,-0.0857,0.0062,,0.371,0.283,1.29,,,,,
93.077,SCAN_LOW,3.6377,-2.1715,0.072,-13.31,-0.57,0.12,15.0,-0.0612,-0.0858,0.0057,,0.371,0.283,1.29,,,,,
93.129,SCAN_LOW,3.6357,-2.1752,0.072,-12.7,-1.28,-0.08,15.0,-0.0524,-0.0736,0.0047,,0.367,0.285,1.727,,,,,
93.177,SCAN_LOW,3.6349,-2.1772,0.072,-11.97,-1.81,-0.13,15.0,-0.0436,-0.0573,0.0055,,0.367,0.285,1.727,,,,,
93.217,SCAN_LOW,3.6333,-2.1791,0.071,-11.18,-1.8,-0.27,15.0,-0.0369,-0.0407,0.0062,,0.362,0.286,1.779,,,,,
93.265,SCAN_LOW,3.6336,-2.1777,0.072,-10.33,-1.84,-0.59,15.0,-0.02,-0.0109,0.0033,,0.362,0.286,1.779,,,,,
93.326,SCAN_LOW,3.6371,-2.1731,0.072,-9.26,-1.57,-0.86,15.0,0.0013,0.0132,0.0036,,0.366,0.283,1.753,,,,,
93.383,SCAN_LOW,3.6409,-2.1678,0.068,-8.12,-1.02,-0.71,15.0,0.0221,0.0379,0.0102,,0.366,0.283,1.753,,,,,
93.418,SCAN_LOW,3.6444,-2.1632,0.071,-6.98,-0.77,-0.5,15.0,0.0391,0.0538,-0.0026,,0.362,0.278,,,,,,
93.472,SCAN_LOW,3.6501,-2.1572,0.071,-5.96,-0.45,0.17,15.0,0.0555,0.0679,0.0038,,0.362,0.278,,,,,,
93.532,SCAN_LOW,3.6546,-2.152,0.073,-5.08,0.22,0.36,15.0,0.0589,0.0754,0.0109,,0.37,0.271,1.35,,,,,
93.587,SCAN_LOW,3.6589,-2.147,0.072,-4.45,1.14,0.83,15.0,0.0566,0.0716,0.017,,0.37,0.271,1.35,,,,,
93.621,SCAN_LOW,3.6623,-2.1439,0.077,-4.15,1.56,1.22,15.0,0.0497,0.0576,0.0152,,0.373,0.27,,,,,,
93.658,SCAN_LOW,3.6649,-2.142,0.075,-4.14,1.57,2.0,15.0,0.0382,0.0415,0.011,,0.373,0.27,,,,,,
93.712,SCAN_LOW,3.6664,-2.1419,0.079,-4.31,1.93,2.46,15.0,0.0211,0.0254,0.0082,,0.375,0.264,,,,,,
93.758,SCAN_LOW,3.6667,-2.1408,0.075,-4.31,2.17,2.78,15.0,-0.0036,0.0076,0.0126,,0.375,0.264,,,,,,
93.834,SCAN_LOW,3.6642,-2.1432,0.077,-4.22,1.97,2.54,15.0,-0.0332,-0.0163,-0.0045,,0.376,0.27,,,,,,
93.864,SCAN_LOW,3.6599,-2.1463,0.076,-3.88,1.69,1.88,15.0,-0.0625,-0.0368,-0.0021,,0.376,0.27,,,,,,
93.924,SCAN_LOW,3.655,-2.1497,0.075,-3.55,1.25,1.4,15.0,-0.0821,-0.0547,-0.0046,,0.366,0.27,,,,,,
93.956,SCAN_LOW,3.6497,-2.1553,0.075,-3.17,0.57,0.7,15.0,-0.0985,-0.0742,-0.0107,,0.366,0.27,,,,,,
94.014,SCAN_LOW,3.6435,-2.1605,0.072,-2.61,0.19,0.29,15.0,-0.1062,-0.0783,-0.0048,,0.366,0.272,1.411,,,,,
94.074,SCAN_LOW,3.6384,-2.1645,0.073,-1.99,-0.44,-0.09,15.0,-0.1063,-0.079,-0.0173,,0.366,0.272,1.411,,,,,
94.11,SCAN_LOW,3.6331,-2.1692,0.073,-1.31,-0.85,-0.61,15.0,-0.0992,-0.0731,-0.0131,1.603,0.355,0.269,1.671,,,,,
94.189,SCAN_LOW,3.629,-2.1721,0.074,-0.63,-1.3,-0.85,15.0,-0.0876,-0.061,-0.0033,1.603,0.355,0.269,1.671,,,,,
94.207,SCAN_LOW,3.626,-2.1736,0.07,0.01,-1.29,-0.99,15.0,-0.0735,-0.0421,0.0002,,0.349,0.274,1.721,,,,,
94.273,SCAN_LOW,3.6237,-2.1741,0.069,0.72,-1.26,-0.97,15.0,-0.0597,-0.024,-0.0052,,0.349,0.274,1.721,,,,,
94.341,SCAN_LOW,3.623,-2.1732,0.074,1.36,-1.15,-1.15,15.0,-0.042,-0.0033,-0.0133,1.584,0.343,0.275,1.717,,,,,
94.362,SCAN_LOW,3.6232,-2.1712,0.071,2.05,-0.76,-1.25,15.0,-0.0209,0.0145,0.0078,1.584,0.343,0.275,1.717,,,,,
94.411,SCAN_LOW,3.6246,-2.1687,0.074,2.87,-0.53,-1.11,15.0,-0.0012,0.0246,0.003,1.576,0.343,0.271,1.654,,,,,
94.462,SCAN_LOW,3.6272,-2.1657,0.072,3.83,-0.3,-0.99,15.0,0.017,0.0328,-0.0012,1.576,0.343,0.271,1.654,,,,,
94.524,SCAN_LOW,3.63,-2.1628,0.074,4.95,-0.02,-0.64,15.0,0.0367,0.0387,0.0045,1.574,0.342,0.271,1.656,,,,,
94.561,SCAN_LOW,3.6351,-2.1589,0.073,6.31,0.16,0.16,15.0,0.045,0.0368,0.0122,1.574,0.342,0.271,1.656,,,,,
94.617,SCAN_LOW,3.6383,-2.1567,0.074,7.62,0.29,0.24,15.0,0.0429,0.0332,0.009,1.583,0.352,0.269,,,,,,
94.697,SCAN_LOW,3.6419,-2.1548,0.073,8.72,0.27,0.38,15.0,0.0471,0.0276,0.0076,1.583,0.352,0.269,,,,,,
94.733,SCAN_LOW,3.645,-2.1537,0.075,9.91,0.65,1.15,15.0,0.0439,0.0187,0.0081,,0.353,0.268,,,,,,
94.763,SCAN_LOW,3.6473,-2.1538,0.072,11.16,0.87,1.6,15.0,0.0355,0.0054,0.0092,,0.353,0.268,,,,,,
94.82,SCAN_LOW,3.6485,-2.1549,0.079,12.27,0.9,1.53,15.0,0.0219,-0.0115,0.006,,0.362,0.28,,,,,,
94.857,SCAN_LOW,3.6489,-2.1577,0.081,13.22,0.73,1.38,15.0,0.0107,-0.0288,0.0207,,0.362,0.28,,,,,,
94.934,SCAN_LOW,3.6483,-2.1615,0.08,14.15,0.43,1.39,15.0,-0.0032,-0.0443,0.0323,,0.363,0.297,,,,,,
94.964,SCAN_LOW,3.6473,-2.165,0.081,14.84,0.27,1.17,15.0,-0.0147,-0.0525,0.014,,0.363,0.297,,,,,,
95.021,SCAN_LOW,3.646,-2.169,0.08,15.44,0.01,0.93,15.0,-0.0194,-0.0606,0.0018,,0.365,0.318,1.726,,,,,
95.089,SCAN_LOW,3.6448,-2.1733,0.08,15.96,-0.44,0.57,15.0,-0.0272,-0.0657,-0.0061,,0.365,0.318,1.726,,,,,
95.126,SCAN_LOW,3.6433,-2.1764,0.08,16.5,-1.22,0.44,15.0,-0.0317,-0.0586,-0.0088,,0.369,0.334,1.786,,,,,
95.158,SCAN_LOW,3.6419,-2.1776,0.076,17.07,-1.9,0.26,15.0,-0.0396,-0.0415,-0.006,,0.369,0.334,1.786,,,,,
95.215,SCAN_LOW,3.6404,-2.1773,0.076,17.69,-2.13,-0.14,15.0,-0.0448,-0.0184,-0.0153,3.091,0.361,0.355,1.819,,,,,
95.274,SCAN_LOW,3.6384,-2.1742,0.076,18.49,-2.01,-0.15,15.0,-0.0485,0.0101,-0.0129,3.091,0.361,0.355,1.819,,,,,
95.31,SCAN_LOW,3.6371,-2.1697,0.078,19.25,-1.67,-0.44,15.0,-0.0522,0.0379,-0.0082,,0.365,0.442,1.826,,,,,
95.372,SCAN_LOW,3.635,-2.1652,0.077,19.91,-0.95,-0.5,15.0,-0.0534,0.0636,-0.0038,,0.365,0.442,1.826,,,,,
95.428,SCAN_LOW,3.6329,-2.1599,0.077,20.41,-0.28,-0.31,15.0,-0.0495,0.075,-0.0087,,0.365,0.948,1.779,,,,,
95.474,SCAN_LOW,3.6311,-2.1544,0.077,20.8,0.16,-0.08,15.0,-0.0444,0.0802,-0.0113,,0.365,0.948,1.779,,,,,
95.523,SCAN_LOW,3.6304,-2.1492,0.076,21.13,0.84,-0.14,15.0,-0.0363,0.0765,-0.0134,,0.365,1.008,,,,,,
95.563,SCAN_LOW,3.6293,-2.1452,0.075,21.46,1.53,-0.17,15.0,-0.0309,0.0693,-0.0079,,0.365,1.008,,,,,,
95.611,SCAN_LOW,3.629,-2.1421,0.075,21.78,1.35,-0.14,15.0,-0.0194,0.0553,-0.0059,,0.362,1.019,,,,,,
95.657,SCAN_LOW,3.629,-2.1402,0.077,22.13,1.07,0.17,15.0,-0.0128,0.0448,-0.0008,,0.362,1.019,,,,,,
95.725,SCAN_LOW,3.6292,-2.1389,0.077,22.62,1.24,0.52,15.0,-0.0076,0.0322,0.0154,,0.363,1.021,,,,,,
95.788,SCAN_LOW,3.6289,-2.1375,0.074,23.24,1.24,0.38,15.0,-0.0091,0.0174,0.0105,,0.363,1.021,,,,,,
95.823,SCAN_LOW,3.6287,-2.1372,0.073,23.94,1.31,0.37,15.0,-0.0054,0.0031,0.0123,,0.368,1.02,,,,,,
95.862,SCAN_LOW,3.629,-2.1383,0.079,24.64,1.24,0.63,15.0,-0.0029,-0.0155,0.0117,,0.368,1.02,,,,,,
95.92,SCAN_LOW,3.629,-2.1393,0.081,25.32,1.43,0.21,15.0,0.0023,-0.0367,0.0195,,0.362,1.018,,,,,,
95.96,SCAN_LOW,3.6301,-2.144,0.085,25.99,1.55,-0.13,15.0,0.0096,-0.0546,0.0132,,0.362,1.018,,,,,,
96.028,SCAN_LOW,3.6312,-2.1482,0.085,26.72,1.17,-0.6,15.0,0.0174,-0.0667,0.0122,,0.369,1.02,,,,,,
96.06,SCAN_LOW,3.6328,-2.1525,0.085,27.46,0.58,-0.44,15.0,0.0274,-0.0762,-0.0001,,0.369,1.02,,,,,,
96.107,SCAN_LOW,3.6347,-2.1569,0.081,28.18,-0.29,-0.12,15.0,0.0337,-0.0767,-0.0053,,0.375,1.002,1.885,,,,,
96.172,SCAN_LOW,3.6362,-2.1603,0.081,28.96,-0.73,0.02,15.0,0.0324,-0.0697,-0.0145,,0.375,1.002,1.885,,,,,
96.214,SCAN_LOW,3.638,-2.1633,0.078,29.9,-1.27,0.17,15.0,0.0298,-0.0608,-0.02,,0.378,0.969,1.947,,,,,
96.277,SCAN_LOW,3.6388,-2.1651,0.076,30.84,-1.63,0.67,15.0,0.0167,-0.0429,-0.0192,,0.378,0.969,1.947,,,,,
96.313,SCAN_LOW,3.6383,-2.1663,0.079,31.75,-1.67,0.6,15.0,-0.0013,-0.0309,-0.0264,,0.387,0.907,1.97,,,,,
96.376,SCAN_LOW,3.6356,-2.1674,0.075,32.66,-1.15,0.13,15.0,-0.0192,-0.0178,-0.0086,,0.387,0.907,1.97,,,,,
96.41,SCAN_LOW,3.6333,-2.1666,0.076,33.59,-0.87,0.11,15.0,-0.0327,-0.0004,-0.0129,,0.393,0.85,1.938,,,,,
96.456,SCAN_LOW,3.6312,-2.1641,0.076,34.56,-0.4,-0.03,15.0,-0.0388,0.0126,-0.0057,,0.393,0.85,1.938,,,,,
96.526,SCAN_LOW,3.6286,-2.1613,0.072,35.44,0.1,-0.33,15.0,-0.0408,0.0252,0.0017,,0.397,0.777,,,,,,
96.558,SCAN_LOW,3.6265,-2.1581,0.077,36.3,0.5,-0.4,15.0,-0.0363,0.0318,-0.0022,,0.397,0.777,,,,,,
96.622,SCAN_LOW,3.625,-2.1552,0.076,37.31,0.81,-0.4,15.0,-0.0286,0.0349,0.0099,,0.403,,,,,,,
96.658,SCAN_LOW,3.625,-2.1524,0.075,38.37,0.66,-0.36,15.0,-0.0185,0.0354,0.0061,,0.403,,,,,,,
96.72,SCAN_LOW,3.6243,-2.1503,0.079,39.46,0.8,-0.53,15.0,-0.0095,0.0369,0.0003,,0.409,0.644,,,,,,
96.761,SCAN_LOW,3.6248,-2.1481,0.076,40.54,0.87,-0.3,15.0,0.0049,0.0362,0.0101,,0.409,0.644,,,,,,
96.807,SCAN_LOW,3.626,-2.1462,0.075,41.6,1.01,0.16,15.0,0.0154,0.0333,0.0025,,0.422,0.595,,,,,,
96.872,SCAN_LOW,3.6274,-2.1448,0.081,42.67,1.21,0.06,15.0,0.0255,0.0272,-0.0004,,0.422,0.595,,,,,,
96.927,SCAN_LOW,3.6297,-2.1442,0.083,43.66,1.19,0.29,15.0,0.04,0.0192,0.0096,,0.436,0.567,,,,,,
96.959,SCAN_LOW,3.6323,-2.1437,0.08,44.59,1.11,0.65,15.0,0.0478,0.0132,0.0073,,0.436,0.567,,,,,,
97.016,SCAN_LOW,3.635,-2.1436,0.079,45.5,0.87,0.79,15.0,0.0524,0.0034,-0.0041,,0.453,0.536,,,,,,
97.067,SCAN_LOW,3.638,-2.1443,0.077,46.4,0.57,1.01,15.0,0.0569,-0.0094,-0.0084,,0.453,0.536,,,,,,
97.108,SCAN_LOW,3.6412,-2.1462,0.076,47.17,0.28,1.27,15.0,0.0557,-0.0208,-0.016,,0.464,0.52,,,,,,
97.162,SCAN_LOW,3.6439,-2.1478,0.075,47.92,0.1,1.09,15.0,0.0499,-0.0282,-0.0101,,0.464,0.52,,,,,,
97.235,SCAN_LOW,3.6464,-2.1496,0.077,48.68,0.05,1.1,15.0,0.0454,-0.0368,-0.0124,0.368,0.483,0.501,,,,,,
97.265,SCAN_LOW,3.6485,-2.1512,0.081,49.52,-0.35,1.14,15.0,0.0399,-0.0431,-0.0031,0.368,0.483,0.501,,,,,,
97.33,SCAN_LOW,3.6507,-2.1539,0.08,50.46,-0.53,0.94,15.0,0.0358,-0.0478,0.0044,0.362,0.497,0.494,,,,,,
97.365,SCAN_LOW,3.653,-2.1545,0.08,51.56,-0.91,0.89,15.0,0.024,-0.0429,-0.0032,0.362,0.497,0.494,,,,,,
97.422,SCAN_LOW,3.6546,-2.1539,0.08,52.86,-0.76,1.15,15.0,0.0135,-0.0387,0.0092,0.346,0.525,0.471,,,,,,
97.466,SCAN_LOW,3.6553,-2.1537,0.077,54.03,-0.65,0.97,15.0,0.0042,-0.0365,0.0127,0.346,0.525,0.471,,,,,,
97.517,SCAN_LOW,3.6561,-2.1534,0.08,54.98,-0.74,0.9,15.0,-0.007,-0.0344,0.0043,0.339,0.571,0.456,,,,,,
97.564,SCAN_LOW,3.6561,-2.1535,0.078,55.73,-0.4,1.01,15.0,-0.0127,-0.0322,0.0109,0.339,0.571,0.456,,,,,,
97.621,SCAN_LOW,3.6575,-2.1526,0.077,56.32,-0.69,0.98,15.0,-0.0149,-0.0302,0.0041,0.333,0.627,0.447,,,,,,
97.686,SCAN_LOW,3.6557,-2.1547,0.08,56.72,-0.59,0.54,15.0,-0.0257,-0.0331,-0.0015,0.333,0.627,0.447,,,,,,
97.716,SCAN_LOW,3.656,-2.1536,0.08,57.27,-1.09,0.25,15.0,-0.0302,-0.0275,0.0069,0.33,0.702,0.443,,,,,,
97.79,SCAN_LOW,3.6552,-2.1505,0.079,57.94,-0.87,-0.09,15.0,-0.0407,-0.0073,0.0082,0.33,0.702,0.443,,,,,,
97.818,SCAN_LOW,3.6551,-2.146,0.081,58.63,-0.28,-0.25,15.0,-0.0404,0.0105,0.0085,0.323,0.968,0.438,,,,,,
97.858,SCAN_LOW,3.6547,-2.141,0.081,59.25,0.11,-0.33,15.0,-0.0346,0.0246,0.0079,0.323,0.968,0.438,,,,,,
97.911,SCAN_LOW,3.6552,-2.1358,0.083,59.85,0.35,-0.07,15.0,-0.0269,0.0368,0.0024,0.319,1.149,0.43,,,,,,
97.97,SCAN_LOW,3.6557,-2.1309,0.082,60.59,0.29,0.41,15.0,-0.0182,0.044,0.0038,0.319,1.149,0.43,,,,,,
98.034,SCAN_LOW,3.6559,-2.1275,0.082,61.43,0.43,1.02,15.0,-0.0129,0.0436,0.0085,0.311,1.23,0.423,,,,,,
98.064,SCAN_LOW,3.6562,-2.1245,0.083,62.27,0.56,1.26,15.0,-0.0078,0.0401,-0.0071,0.311,1.23,0.423,,,,,,
98.138,SCAN_LOW,3.6564,-2.1227,0.086,63.08,0.58,1.69,15.0,-0.0041,0.0309,-0.004,0.31,,0.415,,,,,,
98.195,SCAN_LOW,3.6568,-2.1213,0.084,63.78,0.54,2.27,15.0,-0.0031,0.0161,0.0059,0.31,,0.415,,,,,,
98.211,SCAN_LOW,3.6566,-2.1205,0.083,64.45,0.8,2.18,15.0,-0.007,-0.0005,-0.0035,0.308,1.147,0.414,,,,,,
98.262,SCAN_LOW,3.6565,-2.1214,0.084,65.17,0.94,2.11,15.0,-0.0024,-0.0181,-0.0072,0.308,1.147,0.414,,,,,,
98.307,SCAN_LOW,3.6566,-2.1236,0.083,65.91,0.97,1.73,15.0,0.001,-0.038,-0.0078,0.295,1.294,0.402,,,,,,
98.38,SCAN_LOW,3.6569,-2.1271,0.082,66.67,0.89,1.51,15.0,0.0075,-0.0538,-0.0131,0.295,1.294,0.402,,,,,,
98.415,SCAN_LOW,3.6576,-2.1315,0.083,67.37,0.82,1.33,15.0,0.016,-0.0632,-0.0173,0.291,1.474,0.399,,,,,,
98.474,SCAN_LOW,3.6589,-2.1364,0.079,68.17,0.63,1.35,15.0,0.0252,-0.074,-0.012,0.291,1.474,0.399,,,,,,
98.517,SCAN_LOW,3.6605,-2.1413,0.079,69.09,-0.11,1.47,15.0,0.0309,-0.0817,-0.0158,0.29,1.742,0.397,,,,,,
98.567,SCAN_LOW,3.6622,-2.1456,0.077,70.12,-0.65,0.99,15.0,0.0282,-0.0845,-0.0192,0.29,1.742,0.397,,,,,,
98.611,SCAN_LOW,3.6637,-2.149,0.078,71.17,-0.91,0.51,15.0,0.0227,-0.0866,-0.021,0.288,1.824,0.391,,,,,,
98.657,SCAN_LOW,3.665,-2.1517,0.078,72.23,-1.23,0.15,15.0,0.0131,-0.0779,-0.0099,0.288,1.824,0.391,,,,,,
98.727,SCAN_LOW,3.6664,-2.1548,0.076,73.19,-1.29,-0.11,15.0,0.0063,-0.071,-0.0051,0.285,1.823,0.388,,,,,,
98.764,SCAN_LOW,3.6673,-2.1555,0.075,74.06,-1.71,-0.22,15.0,-0.0052,-0.0576,-0.0039,0.285,1.823,0.388,,,,,,
98.828,SCAN_LOW,3.6668,-2.1536,0.078,74.88,-1.66,-0.32,15.0,-0.0227,-0.0379,-0.0011,0.282,1.839,0.381,,,,,,
98.864,SCAN_LOW,3.6654,-2.1511,0.078,75.67,-1.6,-0.1,15.0,-0.0391,-0.0211,0.0093,0.282,1.839,0.381,,,,,,
98.918,SCAN_LOW,3.6631,-2.1482,0.076,76.39,-1.28,0.17,15.0,-0.0601,-0.001,0.0075,0.285,1.776,0.377,,,,,,
98.973,SCAN_LOW,3.6598,-2.1447,0.076,77.02,-0.72,0.29,15.0,-0.0743,0.0081,-0.0014,0.285,1.776,0.377,,,,,,
99.01,SCAN_LOW,3.6556,-2.1408,0.076,77.49,-0.51,0.41,15.0,-0.0796,0.0142,0.0077,0.277,,0.37,,,,,,
99.064,SCAN_LOW,3.651,-2.1389,0.081,77.73,0.01,0.54,15.0,-0.0868,0.0163,0.0069,0.277,,0.37,,,,,,
99.108,SCAN_LOW,3.6476,-2.1369,0.078,77.98,0.64,0.37,15.0,-0.0829,0.0151,0.0152,0.275,1.697,0.365,,,,,,
99.171,SCAN_LOW,3.6443,-2.1346,0.081,78.29,1.01,0.6,15.0,-0.076,0.0189,0.0038,0.275,1.697,0.365,,,,,,
99.236,SCAN_LOW,3.6418,-2.1329,0.08,78.71,1.29,0.93,15.0,-0.0642,0.0126,0.0075,0.271,,0.358,,,,,,
99.277,SCAN_LOW,3.6394,-2.1322,0.082,79.2,1.47,1.21,15.0,-0.0481,0.0041,0.0133,0.271,,0.358,,,,,,
99.331,SCAN_LOW,3.6369,-2.1322,0.082,79.84,1.49,1.59,15.0,-0.0392,-0.0062,0.0146,0.268,,0.352,,,,,,
99.385,SCAN_LOW,3.6353,-2.1329,0.083,80.61,1.38,1.6,15.0,-0.0274,-0.0232,0.0127,0.268,,0.352,,,,,,
99.408,SCAN_LOW,3.6355,-2.135,0.079,81.46,0.95,1.5,15.0,-0.0138,-0.0429,0.0073,0.271,,0.35,,,,,,
99.469,SCAN_LOW,3.6356,-2.1377,0.081,82.31,0.87,0.97,15.0,-0.0059,-0.0547,-0.0077,0.271,,0.35,,,,,,
99.506,SCAN_LOW,3.636,-2.1411,0.083,83.17,0.95,0.65,15.0,0.0047,-0.0633,-0.0072,0.268,1.642,0.346,,,,,,
99.576,SCAN_LOW,3.6369,-2.1447,0.084,84.04,0.92,0.57,15.0,0.0125,-0.068,0.0003,0.268,1.642,0.346,,,,,,
99.646,SCAN_LOW,3.6373,-2.1482,0.082,84.87,0.76,0.1,15.0,0.0211,-0.0709,0.0039,0.271,1.723,0.344,,,,,,
99.688,SCAN_LOW,3.6386,-2.1517,0.084,85.7,0.48,-0.01,15.0,0.0289,-0.0682,-0.0045,0.271,1.723,0.344,,,,,,
99.72,SCAN_LOW,3.6403,-2.1549,0.082,86.5,0.02,-0.16,15.0,0.0336,-0.0636,-0.0045,0.274,1.74,0.343,,,,,,
99.758,SCAN_LOW,3.6418,-2.1574,0.082,87.5,-0.28,-0.27,15.0,0.034,-0.054,-0.0019,0.274,1.74,0.343,,,,,,
99.813,SCAN_LOW,3.642,-2.1592,0.085,88.48,-0.69,-0.21,15.0,0.029,-0.0438,-0.0007,0.28,1.734,0.339,,,,,,
99.86,SCAN_LOW,3.6426,-2.1602,0.085,89.45,-1.02,-0.36,15.0,0.0173,-0.0357,0.0072,0.28,1.734,0.339,,,,,,
99.905,SCAN_LOW,3.6424,-2.1606,0.084,90.28,-1.26,-0.23,15.0,0.0034,-0.0257,0.0082,0.274,1.735,0.339,,,,,,
99.98,SCAN_LOW,3.6411,-2.1612,0.082,90.86,-1.27,-0.2,15.0,-0.0128,-0.0192,-0.0047,0.274,1.735,0.339,,,,,,
100.008,SCAN_LOW,3.6387,-2.1615,0.079,91.25,-0.79,-0.28,15.0,-0.0331,-0.0126,-0.0115,0.277,1.719,0.336,,,,,,
100.075,SCAN_LOW,3.6354,-2.1615,0.079,91.57,-0.37,-0.17,15.0,-0.0406,-0.0049,-0.011,0.277,1.719,0.336,,,,,,
100.119,SCAN_LOW,3.6329,-2.1601,0.081,92.08,-0.14,0.05,15.0,-0.0458,-0.0011,-0.011,0.272,1.72,0.331,1.519,,,,,
100.191,SCAN_LOW,3.6299,-2.1595,0.079,92.69,0.39,0.05,15.0,-0.0461,0.0016,-0.0072,0.272,1.72,0.331,1.519,,,,,
100.251,SCAN_LOW,3.6277,-2.1589,0.078,93.47,0.85,0.3,-0.0,-0.0435,0.0052,-0.0105,0.275,1.732,0.331,,,,,,
100.269,SCAN_LOW,3.626,-2.1572,0.076,94.2,0.92,0.6,-0.0,-0.0354,0.0049,-0.0292,0.275,1.732,0.331,,,,,,
100.317,SCAN_LOW,3.6249,-2.1568,0.078,94.83,0.71,0.94,-0.0,-0.0276,0.0035,-0.0371,0.27,1.7,0.327,,,,,,
100.356,SCAN_LOW,3.623,-2.1565,0.072,95.4,0.74,1.3,-0.0,-0.0218,-0.0048,-0.0202,0.27,1.7,0.327,,,,,,
100.408,SCAN_LOW,3.6216,-2.1571,0.075,95.87,0.74,1.13,-0.0,-0.0176,-0.016,-0.0249,0.27,1.651,0.325,,,,,,
100.459,SCAN_LOW,3.6214,-2.1586,0.074,96.26,0.53,0.62,-0.0,-0.0079,-0.0266,-0.0081,0.27,1.651,0.325,,,,,,
100.527,SCAN_LOW,3.6214,-2.1603,0.08,96.55,0.46,0.6,-0.0,-0.0027,-0.033,0.0109,0.273,1.707,0.322,,,,,,
100.556,SCAN_LOW,3.6215,-2.1623,0.076,96.79,0.31,0.54,-0.0,-0.0003,-0.0399,0.0338,0.273,1.707,0.322,,,,,,
100.623,SCAN_LOW,3.6216,-2.1644,0.08,96.92,0.42,0.05,-0.0,0.0029,-0.0404,0.0332,0.278,1.703,0.326,,,,,,
100.655,SCAN_LOW,3.6214,-2.1662,0.081,96.91,0.23,-0.23,-0.0,0.0055,-0.04,0.0411,0.278,1.703,0.326,,,,,,
100.725,SCAN_LOW,3.6212,-2.1677,0.085,96.74,0.33,-0.24,-0.0,0.0053,-0.0346,0.0506,0.277,1.739,0.322,,,,,,
100.756,SCAN_LOW,3.6212,-2.169,0.085,96.59,0.21,-0.31,-0.0,0.0066,-0.0294,0.058,0.277,1.739,0.322,,,,,,
100.806,SCAN_LOW,3.6215,-2.1707,0.095,96.36,0.04,-0.21,-0.0,0.0072,-0.0283,0.0571,0.284,1.741,0.327,,,,,,
100.865,SCAN_LOW,3.6224,-2.1713,0.091,96.01,-0.28,-0.1,-0.0,0.008,-0.0244,0.0811,0.284,1.741,0.327,,,,,,
100.92,SCAN_LOW,3.6205,-2.1731,0.099,95.46,-0.15,0.11,-0.0,-0.0019,-0.0245,0.0753,0.29,1.748,0.326,,,,,,
100.97,SCAN_LOW,3.6148,-2.1748,0.099,94.75,-0.3,-0.02,-0.0,-0.0255,-0.0225,0.0832,0.29,1.748,0.326,,,,,,
101.046,SCAN_LOW,3.6145,-2.1747,0.101,94.13,0.15,-0.17,-0.0,-0.0222,-0.0179,0.0878,0.289,1.746,0.331,,,,,,
101.097,SCAN_LOW,3.6143,-2.1751,0.112,93.66,0.54,-0.01,-0.0,-0.0171,-0.0155,0.0904,0.289,1.746,0.331,,,,,,
101.113,SCAN_LOW,3.6127,-2.1742,0.116,93.28,0.71,0.07,-0.0,-0.0154,-0.008,0.1106,0.306,1.75,0.337,1.556,,,,,
101.18,SCAN_LOW,3.6122,-2.1747,0.123,92.97,1.14,0.18,-0.0,-0.005,-0.011,0.1088,0.306,1.75,0.337,1.556,,,,,
101.229,SCAN_LOW,3.6108,-2.1765,0.127,92.92,1.02,0.39,-0.0,-0.0033,-0.0161,0.1166,0.344,1.746,0.358,1.544,,,,,
101.267,SCAN_LOW,3.6098,-2.1749,0.135,93.15,0.73,0.53,-0.0,0.0045,-0.0074,0.114,0.344,1.746,0.358,1.544,,,,,
101.328,SCAN_LOW,3.6121,-2.1754,0.138,93.45,0.78,0.23,-0.0,0.0233,-0.0103,0.1145,,1.757,0.382,,,,,,
101.37,SCAN_LOW,3.6152,-2.1759,0.148,93.8,0.81,-0.03,-0.0,0.0352,-0.0106,0.1107,,1.757,0.382,,,,,,
101.408,SCAN_LOW,3.6188,-2.1764,0.152,94.21,0.72,0.14,-0.0,0.0491,-0.0108,0.1247,,1.77,0.442,1.565,,,,,
101.463,SCAN_LOW,3.6223,-2.1765,0.163,94.56,0.44,0.08,-0.0,0.0582,-0.01,0.1193,,1.77,0.442,1.565,,,,,
101.507,SCAN_LOW,3.6269,-2.1767,0.166,94.82,-0.09,0.08,-0.0,0.0641,-0.0091,0.137,,1.777,0.764,,,,,,
101.605,SCAN_LOW,3.6314,-2.1774,0.175,94.95,-0.52,0.45,-0.0,0.0641,-0.0114,0.1344,,1.777,0.764,,,,,,
101.624,SCAN_LOW,3.6352,-2.1771,0.185,94.98,-0.97,0.72,-0.0,0.0635,-0.0155,0.147,,1.774,,,,,,,
101.686,SCAN_LOW,3.639,-2.1775,0.191,95.03,-0.99,0.66,-0.0,0.0595,-0.0213,0.1584,,1.774,,,,,,,
101.721,SCAN_LOW,3.6428,-2.1788,0.19,95.03,-1.58,0.82,-0.0,0.0506,-0.0293,0.1657,,1.767,1.441,,,,,,
101.756,SCAN_LOW,3.6459,-2.1803,0.198,94.99,-1.43,0.97,-0.0,0.0407,-0.036,0.1385,,1.767,1.441,,,,,,
101.824,SCAN_LOW,3.6482,-2.1826,0.204,94.75,-1.44,1.0,-0.0,0.0302,-0.0485,0.1485,,1.772,1.484,1.568,,,,,
101.87,SCAN_LOW,3.6501,-2.1854,0.213,94.39,-1.26,0.56,-0.0,0.0223,-0.0531,0.155,,1.772,1.484,1.568,,,,,
101.934,SCAN_LOW,3.6512,-2.1874,0.221,94.02,-1.37,-0.06,-0.0,0.0128,-0.055,0.1585,,1.765,1.512,,,,,,
101.959,SCAN_LOW,3.6518,-2.1897,0.231,93.6,-0.75,-0.61,-0.0,0.0011,-0.0522,0.1584,,1.765,1.512,,,,,,
102.021,SCAN_LOW,3.6513,-2.1915,0.242,93.23,-0.24,-1.03,-0.0,-0.0042,-0.0445,0.1705,,1.766,1.546,1.57,,,,,
102.079,SCAN_LOW,3.6512,-2.1932,0.255,92.93,0.02,-0.88,-0.0,-0.006,-0.0293,0.1804,,1.766,1.546,1.57,,,,,
102.133,SCAN_LOW,3.6534,-2.1917,0.262,92.88,0.47,-0.66,-0.0,0.0021,-0.0204,0.197,,1.769,1.566,1.593,,,,,
102.175,SCAN_LOW,3.6565,-2.1907,0.266,92.89,0.56,-0.41,-0.0,0.0122,-0.0069,0.1843,,1.769,1.566,1.593,,,,,
102.21,SCAN_LOW,3.654,-2.2011,0.277,92.96,0.38,-0.26,-0.0,0.0122,-0.0344,0.1641,,1.765,1.558,1.572,,,,,
102.257,SCAN_LOW,3.6548,-2.2027,0.286,93.16,0.15,-0.48,-0.0,0.0153,-0.0313,0.1637,,1.765,1.558,1.572,,,,,
102.312,SCAN_LOW,3.6573,-2.2034,0.291,93.49,-0.48,-0.36,-0.0,0.0174,-0.0204,0.1547,,1.769,1.538,,,,,,
102.38,SCAN_LOW,3.6596,-2.2016,0.299,93.89,-0.72,-0.31,-0.0,0.0145,-0.0147,0.133,,1.769,1.538,,,,,,
102.414,SCAN_LOW,3.6598,-2.2012,0.31,94.29,-0.8,-0.19,-0.0,0.0078,-0.0116,0.1286,,1.766,1.49,,,,,,
102.477,SCAN_LOW,3.6597,-2.2003,0.312,94.67,-0.84,-0.08,-0.0,-0.0002,-0.0064,0.1236,,1.766,1.49,,,,,,
102.51,SCAN_LOW,3.6626,-2.2003,0.321,94.91,-0.83,0.11,-0.0,0.0,-0.0077,0.1066,,1.775,,,,,,,
102.574,SCAN_LOW,3.6613,-2.2013,0.326,95.07,-0.98,0.47,-0.0,-0.0129,-0.0118,0.1017,,1.775,,,,,,,
102.617,LAND_X_ALIGN,3.6607,-2.1932,0.328,95.29,-0.73,0.36,-0.0,-0.0187,0.0014,0.0972,,1.774,1.401,1.561,,3.7,-2.1932,,
102.676,LAND_X_ALIGN,3.6592,-2.1921,0.335,95.33,-0.57,0.74,-0.0,-0.0256,0.0013,0.0734,,1.774,1.401,1.561,,3.7,-2.1932,,
102.726,LAND_X_ALIGN,3.6576,-2.1911,0.335,95.21,-0.23,0.76,-0.0,-0.0282,-0.0041,0.0735,,1.77,1.409,1.574,,3.7,-2.1932,,
102.764,LAND_X_ALIGN,3.6553,-2.1889,0.341,95.07,1.03,0.52,-0.0,-0.0317,-0.0042,0.0534,,1.77,1.409,1.574,,3.7,-2.1932,,
102.828,LAND_X_ALIGN,3.6524,-2.1887,0.341,94.96,1.75,0.34,-0.0,-0.0215,-0.007,0.0447,,1.778,1.448,,,3.7,-2.1932,,
102.866,LAND_X_ALIGN,3.6504,-2.189,0.344,94.87,2.08,0.48,-0.0,-0.0072,-0.0083,0.0275,,1.778,1.448,,,3.7,-2.1932,,
102.949,LAND_X_ALIGN,3.6497,-2.1875,0.346,94.96,2.19,0.52,-0.0,0.0096,-0.0042,0.0218,,1.774,1.466,,,3.7,-2.1932,,
102.965,LAND_X_ALIGN,3.6499,-2.1862,0.346,95.23,2.35,0.41,-0.0,0.0266,-0.0034,0.0155,,1.774,1.466,,,3.7,-2.1932,,
103.033,LAND_X_ALIGN,3.6525,-2.1845,0.344,95.62,2.32,0.45,-0.0,0.0495,-0.0024,0.0078,,1.78,1.415,,,3.7,-2.1932,,
103.064,LAND_X_ALIGN,3.6569,-2.1829,0.345,96.1,2.12,0.42,-0.0,0.0774,0.0001,-0.0016,,1.78,1.415,,,3.7,-2.1932,,
103.148,LAND_X_ALIGN,3.661,-2.1815,0.345,96.61,1.87,0.5,-0.0,0.0948,0.0037,-0.0019,,1.779,,1.56,,3.7,-2.1932,,
103.166,LAND_X_ALIGN,3.6689,-2.1788,0.346,97.12,1.61,0.62,-0.0,0.1096,0.0046,0.0014,,1.779,,1.56,,3.7,-2.1932,,
103.207,LAND_X_ALIGN,3.6747,-2.1767,0.347,97.64,0.99,0.67,-0.0,0.1241,0.005,0.0011,,1.79,,1.57,,3.7,-2.1932,,
103.261,LAND_X_ALIGN,3.6839,-2.1767,0.345,98.04,0.57,0.88,-0.0,0.1365,0.0035,0.0029,,1.79,,1.57,,3.7,-2.1932,,
103.325,LAND_APPROACH,3.6896,-2.1746,0.344,98.24,0.21,1.16,-0.0,0.142,-0.0021,-0.0113,,1.786,,,,3.7,-1.88,,
103.354,LAND_APPROACH,3.6948,-2.1739,0.343,98.26,-0.28,1.23,-0.0,0.1394,-0.009,-0.0198,,1.786,,,,3.7,-1.88,,
103.421,LAND_APPROACH,3.7008,-2.1729,0.342,98.09,-0.75,0.67,-0.0,0.1325,-0.0163,-0.017,,1.793,0.937,,,3.7,-1.88,,
103.459,LAND_APPROACH,3.7064,-2.175,0.344,97.72,-1.27,-1.93,-0.0,0.1202,-0.016,-0.0213,,1.793,0.937,,,3.7,-1.88,,
103.513,LAND_APPROACH,3.7094,-2.1741,0.343,97.15,-1.67,-3.59,-0.0,0.1026,0.0074,-0.0164,,1.791,0.989,1.518,,3.7,-1.88,,
103.56,LAND_APPROACH,3.712,-2.172,0.344,96.61,-1.78,-4.55,-0.0,0.0802,0.0383,-0.0211,,1.791,0.989,1.518,,3.7,-1.88,,
103.624,LAND_APPROACH,3.7137,-2.169,0.338,96.02,-1.75,-4.73,-0.0,0.0596,0.079,-0.0227,,1.797,1.4,,,3.7,-1.88,,
103.664,LAND_APPROACH,3.7125,-2.1632,0.338,95.29,-1.73,-4.4,-0.0,0.034,0.1217,-0.0352,,1.797,1.4,,,3.7,-1.88,,
103.73,LAND_APPROACH,3.7102,-2.1517,0.336,94.63,-1.38,-3.91,-0.0,0.0083,0.1603,-0.0373,,1.81,1.582,1.519,,3.7,-1.88,,
103.754,LAND_APPROACH,3.7062,-2.1435,0.332,94.0,-1.19,-3.01,-0.0,-0.008,0.1902,-0.0343,,1.81,1.582,1.519,,3.7,-1.88,,
103.824,LAND_APPROACH,3.7014,-2.1343,0.327,93.45,-0.43,-2.79,-0.0,-0.0235,0.213,-0.0459,,1.821,1.617,,,3.7,-1.88,,
103.881,LAND_APPROACH,3.6966,-2.1242,0.33,92.96,0.1,-2.52,-0.0,-0.0348,0.24,-0.0496,,1.821,1.617,,,3.7,-1.88,,
103.934,LAND_APPROACH,3.6917,-2.1149,0.327,92.64,0.46,-2.13,-0.0,-0.0352,0.2586,-0.0337,,1.84,1.61,1.537,,3.7,-1.88,,
103.997,LAND_APPROACH,3.6897,-2.0984,0.324,92.58,0.7,-1.79,-0.0,-0.0354,0.275,-0.0317,,1.84,1.61,1.537,,3.7,-1.88,,
104.026,LAND_APPROACH,3.6861,-2.0875,0.323,92.63,0.88,-1.24,-0.0,-0.0306,0.2843,-0.0323,,1.864,1.598,,,3.7,-1.88,,
104.064,LAND_APPROACH,3.6834,-2.0756,0.322,92.74,0.95,-1.01,-0.0,-0.0222,0.2918,-0.0263,,1.864,1.598,,,3.7,-1.88,,
104.164,LAND_APPROACH,3.683,-2.0618,0.32,92.83,0.94,-0.64,-0.0,-0.0159,0.296,-0.0212,,1.887,1.603,,,3.7,-1.88,,
104.199,LAND_APPROACH,3.6819,-2.0481,0.319,92.77,0.89,-0.43,-0.0,-0.009,0.3056,-0.0209,,1.887,1.603,,,3.7,-1.88,,
104.254,LAND_APPROACH,3.6826,-2.0352,0.317,92.63,1.07,-0.15,-0.0,-0.0007,0.3049,-0.0151,,1.913,1.602,,,3.7,-1.88,,
104.271,LAND_APPROACH,3.6813,-2.0205,0.318,92.43,1.27,-0.02,-0.0,0.0083,0.3009,-0.012,,1.913,1.602,,,3.7,-1.88,,
104.339,LAND_APPROACH,3.6817,-2.0061,0.32,92.23,1.44,-0.01,-0.0,0.0188,0.296,-0.0062,,1.937,1.595,1.589,,3.7,-1.88,,
104.366,LAND_APPROACH,3.6834,-1.9939,0.317,92.14,1.41,-0.08,-0.0,0.0304,0.2897,0.001,,1.937,1.595,1.589,,3.7,-1.88,,
104.447,LAND_APPROACH,3.6853,-1.9813,0.319,92.14,1.01,0.16,-0.0,0.0421,0.2907,-0.0068,,1.962,1.614,,,3.7,-1.88,,
104.476,LAND_APPROACH,3.6874,-1.9683,0.318,92.25,0.62,0.16,-0.0,0.0499,0.2882,-0.007,,1.962,1.614,,,3.7,-1.88,,
104.507,LAND_APPROACH,3.6908,-1.9526,0.319,92.4,0.14,0.18,-0.0,0.0534,0.2871,-0.011,,1.989,1.613,,,3.7,-1.88,,
104.58,LAND_APPROACH,3.6933,-1.9362,0.322,92.56,-0.27,0.24,-0.0,0.054,0.2859,-0.0069,,1.989,1.613,,,3.7,-1.88,,
104.61,LAND_APPROACH,3.6949,-1.9232,0.316,92.67,-0.61,0.32,-0.0,0.046,0.281,0.0031,,2.012,1.622,,,3.7,-1.88,,
104.674,LAND_APPROACH,3.696,-1.9088,0.316,92.73,-0.97,0.41,-0.0,0.0394,0.2805,-0.0109,,2.012,1.622,,,3.7,-1.88,,
104.72,LAND_APPROACH,3.6975,-1.8943,0.299,92.63,-0.83,0.05,-0.0,0.0283,0.2806,-0.0136,,2.04,1.62,,,3.7,-1.88,,
104.772,LAND_APPROACH,3.6972,-1.8819,0.26,92.36,-0.74,-0.21,-0.0,0.0188,0.277,-0.0475,,2.04,1.62,,,3.7,-1.88,,
104.805,LAND_APPROACH,3.6975,-1.8655,0.241,92.08,-0.37,-0.14,-0.0,0.0097,0.2731,-0.1208,,2.063,1.625,,,3.7,-1.88,,
104.886,LAND_APPROACH,3.6963,-1.8535,0.232,91.75,-0.02,-0.12,-0.0,0.0036,0.2679,-0.112,,2.063,1.625,,,3.7,-1.88,,
104.906,LAND_APPROACH,3.6937,-1.8429,0.23,91.39,0.04,0.49,-0.0,-0.0037,0.2607,-0.0976,,2.082,1.627,,,3.7,-1.88,,
104.968,LAND_APPROACH,3.694,-1.8284,0.245,91.16,0.04,2.28,-0.0,-0.0036,0.2565,-0.0329,,2.082,1.627,,,3.7,-1.88,,
105.004,LAND_APPROACH,3.6936,-1.8166,0.26,91.01,0.15,3.28,-0.0,-0.0054,0.2353,0.0284,,2.103,1.624,,,3.7,-1.88,,
105.079,LAND_APPROACH,3.6917,-1.8006,0.282,90.97,0.2,3.85,-0.0,-0.0051,0.2045,0.0957,,2.103,1.624,,,3.7,-1.88,,
105.106,LAND_APPROACH,3.6926,-1.7918,0.298,90.98,0.34,4.09,-0.0,0.0013,0.169,0.1516,,2.132,1.616,,,3.7,-1.88,,
105.167,LAND_APPROACH,3.6932,-1.7845,0.316,91.1,0.59,4.06,-0.0,0.0061,0.1378,0.1695,,2.132,1.616,,,3.7,-1.88,,
105.227,LAND_APPROACH,3.693,-1.7764,0.329,91.37,0.6,3.87,-0.0,0.007,0.1037,0.1957,,2.14,1.611,,,3.7,-1.88,,
105.258,LAND_APPROACH,3.6927,-1.7691,0.343,91.69,0.63,3.4,-0.0,0.0063,0.0796,0.1753,,2.14,1.611,,,3.7,-1.88,,
105.328,LAND_APPROACH,3.6925,-1.7645,0.353,91.99,0.5,2.91,-0.0,0.0112,0.0571,0.1657,,2.153,1.617,,,3.7,-1.88,,
105.357,LAND_APPROACH,3.6927,-1.761,0.36,92.2,0.36,2.36,-0.0,0.0099,0.0384,0.1263,,2.153,1.617,,,3.7,-1.88,,
105.422,LAND_APPROACH,3.6925,-1.7579,0.358,92.34,0.35,1.82,0.0,0.0136,0.0221,0.0984,,2.164,1.603,,,3.7,-1.88,,
105.457,LAND_APPROACH,3.6921,-1.7557,0.361,92.45,0.32,1.22,0.0,0.0152,0.0081,0.0427,,2.164,1.603,,,3.7,-1.88,,
105.522,LAND_APPROACH,3.6937,-1.7572,0.363,92.48,0.32,0.72,0.0,0.0175,0.0011,0.0137,,2.171,1.6,,,3.7,-1.88,,
105.557,LAND_APPROACH,3.6939,-1.7567,0.365,92.45,0.24,0.38,0.0,0.0189,-0.0035,-0.0067,,2.171,1.6,,,3.7,-1.88,,
105.612,LAND_APPROACH,3.6933,-1.7545,0.362,92.4,0.2,0.18,0.0,0.0143,-0.0024,-0.0283,,2.18,1.603,,,3.7,-1.88,,
105.666,LAND_APPROACH,3.6957,-1.7521,0.357,92.21,0.34,0.19,0.0,0.0218,0.0058,-0.0477,,2.18,1.603,,,3.7,-1.88,,
105.725,LAND_APPROACH,3.6941,-1.7463,0.359,91.99,0.34,0.14,0.0,0.0167,0.0147,-0.0689,,2.18,1.599,,,3.7,-1.88,,
105.761,LAND_APPROACH,3.6946,-1.7424,0.353,91.63,0.21,0.0,0.0,0.0181,0.022,-0.0658,,2.18,1.599,,,3.7,-1.88,,
105.822,LAND_APPROACH,3.6947,-1.7364,0.348,91.31,0.09,0.01,0.0,0.0175,0.033,-0.0805,,2.189,1.603,,,3.7,-1.88,,
105.863,LAND_APPROACH,3.6929,-1.7309,0.344,91.18,0.0,-0.11,0.0,0.0111,0.0403,-0.0871,,2.189,1.603,,,3.7,-1.88,,
105.924,LAND_APPROACH,3.6946,-1.7258,0.339,91.09,0.12,-0.15,0.0,0.0144,0.0487,-0.0884,,2.2,1.599,,,3.7,-1.88,,
105.976,LAND_APPROACH,3.6926,-1.7194,0.335,91.14,0.08,-0.16,-0.0,0.0085,0.058,-0.066,,2.2,1.599,,,3.7,-1.88,,
106.028,LAND_APPROACH,3.6928,-1.7113,0.331,91.19,-0.08,0.27,-0.0,0.0083,0.0691,-0.0583,,2.2,1.607,,,3.7,-1.88,,
106.078,LAND_APPROACH,3.6948,-1.7063,0.331,91.28,-0.22,0.61,-0.0,0.0108,0.0694,-0.0518,,2.2,1.607,,,3.7,-1.88,,
106.105,LAND_APPROACH,3.697,-1.7017,0.325,91.48,-0.21,1.23,-0.0,0.0129,0.0646,-0.0453,,2.222,1.604,,,3.7,-1.88,,
106.159,LAND_APPROACH,3.6959,-1.6928,0.322,91.69,-0.22,1.39,-0.0,0.0055,0.0669,-0.0543,,2.222,1.604,,,3.7,-1.88,,
106.214,LAND_APPROACH,3.6951,-1.6877,0.323,91.9,-0.09,1.53,-0.0,0.0005,0.0569,-0.0605,,2.218,1.6,,,3.7,-1.88,,
106.276,LAND_APPROACH,3.6966,-1.683,0.314,92.03,0.05,1.67,-0.0,0.0018,0.0486,-0.05,,2.218,1.6,,,3.7,-1.88,,
106.33,LAND_APPROACH,3.6951,-1.6788,0.317,92.17,0.09,1.73,-0.0,-0.0023,0.0404,-0.0734,,2.239,1.607,,,3.7,-1.88,,
106.354,LAND_APPROACH,3.695,-1.6746,0.312,92.28,-0.04,1.74,-0.0,0.0043,0.0319,-0.0633,,2.239,1.607,,,3.7,-1.88,,
106.43,LAND_APPROACH,3.6934,-1.6705,0.307,92.33,0.01,1.71,-0.0,0.0009,0.021,-0.0719,,2.237,1.601,,,3.7,-1.88,,
106.473,LAND_APPROACH,3.6941,-1.6672,0.301,92.47,0.03,1.52,-0.0,0.007,0.0103,-0.0894,,2.237,1.601,,,3.7,-1.88,,
106.514,LAND_APPROACH,3.6915,-1.6641,0.297,92.58,0.02,1.31,-0.0,-0.0026,0.007,-0.1058,,2.237,1.603,,,3.7,-1.88,,
106.574,LAND_APPROACH,3.6913,-1.6613,0.292,92.68,0.26,1.13,-0.0,0.003,0.0012,-0.1086,,2.237,1.603,,,3.7,-1.88,,
106.612,LAND_APPROACH,3.692,-1.661,0.289,92.75,0.35,0.92,-0.0,0.0028,-0.0074,-0.1192,,2.247,1.605,,,3.7,-1.88,,
106.654,LAND_APPROACH,3.6806,-1.6509,0.28,92.77,0.17,0.73,-0.0,-0.0203,0.0059,-0.1216,,2.247,1.605,,,3.7,-1.88,,
106.705,LAND_APPROACH,3.6812,-1.6478,0.277,92.65,0.22,0.52,-0.0,-0.0111,0.0053,-0.1425,,2.248,1.606,,,3.7,-1.88,,
106.758,LAND_APPROACH,3.6851,-1.6475,0.264,92.49,0.3,0.54,-0.0,-0.0028,0.0032,-0.1433,,2.248,1.606,,,3.7,-1.88,,
106.821,LAND_APPROACH,3.6959,-1.6449,0.258,92.29,0.37,0.49,-0.0,0.0234,0.0069,-0.1691,,2.25,1.611,,,3.7,-1.88,,
106.87,LAND_APPROACH,3.695,-1.6403,0.249,92.15,0.26,0.45,-0.0,0.0243,0.012,-0.1743,,2.25,1.611,,,3.7,-1.88,,
106.919,LAND_APPROACH,3.6964,-1.6354,0.24,91.95,0.04,0.52,-0.0,0.0241,0.0163,-0.1869,,2.26,1.615,,,3.7,-1.88,,
106.96,LAND_APPROACH,3.6965,-1.6292,0.236,91.8,-0.13,0.58,-0.0,0.0177,0.0254,-0.1905,,2.26,1.615,,,3.7,-1.88,,
107.019,LAND_APPROACH,3.6961,-1.6273,0.222,91.64,-0.21,0.72,-0.0,0.0177,0.0198,-0.1849,,2.264,1.612,,,3.7,-1.88,,
107.068,LAND_APPROACH,3.6968,-1.623,0.21,91.52,-0.26,0.81,-0.0,0.014,0.0254,-0.2052,,2.264,1.612,,,3.7,-1.88,,
107.116,LAND_APPROACH,3.6921,-1.6184,0.2,91.54,-0.33,0.95,-0.0,-0.0008,0.0252,-0.222,,2.263,1.625,,,3.7,-1.88,,
107.169,LAND_APPROACH,3.692,-1.6173,0.187,91.54,-0.3,1.09,-0.0,-0.003,0.0157,-0.214,,2.263,1.625,,,3.7,-1.88,,
107.204,LAND_APPROACH,3.6922,-1.6163,0.176,91.53,-0.15,1.09,-0.0,-0.0094,0.0074,-0.2344,,2.266,1.616,,,3.7,-1.88,,
107.275,LAND_APPROACH,3.6842,-1.6055,0.166,91.6,-0.35,0.78,-0.0,-0.0243,0.025,-0.2343,,2.266,1.616,,,3.7,-1.88,,
107.339,LAND_APPROACH,3.6837,-1.6063,0.151,91.7,-0.25,1.0,-0.0,-0.0288,0.0143,-0.2379,,2.254,1.623,,,3.7,-1.88,,
107.376,LAND_APPROACH,3.7049,-1.6182,0.14,91.77,0.13,0.97,-0.0,0.0346,-0.028,-0.249,,2.254,1.623,,,3.7,-1.88,,
107.405,LAND_APPROACH,3.7001,-1.6182,0.127,91.87,-0.46,0.44,-0.0,0.0344,-0.0211,-0.2509,,2.261,1.625,,,3.7,-1.88,,
107.47,LAND_APPROACH,3.6908,-1.6194,0.119,91.83,-1.04,0.36,-0.0,-0.0211,-0.0311,-0.2427,,2.261,1.625,,,3.7,-1.88,,
107.519,LAND_APPROACH,3.6857,-1.6209,0.105,91.7,-1.15,0.16,-0.0,-0.0445,-0.0311,-0.232,,2.253,1.623,,,3.7,-1.88,,
107.567,LAND_APPROACH,3.6829,-1.6209,0.096,91.66,-0.88,-0.05,-0.0,-0.0563,-0.0246,-0.2257,,2.253,1.623,,,3.7,-1.88,,
107.632,LAND_APPROACH,3.6778,-1.62,0.085,91.66,-0.26,-0.08,-0.0,-0.0694,-0.0159,-0.2151,,2.258,1.613,,,3.7,-1.88,,
107.663,LAND_APPROACH,3.6726,-1.6211,0.065,91.66,0.21,-0.04,0.0,-0.0904,-0.0103,-0.2345,,2.258,1.613,,,3.7,-1.88,,
107.744,LAND_APPROACH,3.6683,-1.6208,0.039,91.44,1.03,-0.06,0.0,-0.0777,-0.0219,-0.4963,,2.237,1.606,,,3.7,-1.88,,
107.763,LAND_APPROACH,3.6624,-1.6257,0.004,91.0,1.11,0.15,0.0,-0.12,-0.0165,-0.8413,,2.237,1.606,,,3.7,-1.88,,
107.82,LAND_APPROACH,3.6618,-1.6208,0.0,91.03,2.43,-0.46,0.0,-0.0181,0.0521,0.2033,,,0.428,0.145,,3.7,-1.88,,
107.872,LAND_APPROACH,3.6573,-1.6274,0.0,90.55,5.52,-1.18,0.0,-0.0648,0.0805,-0.3024,,,0.428,0.145,,3.7,-1.88,,
107.915,LAND_APPROACH,3.6318,-1.6751,0.005,87.52,-1.1,-1.41,0.0,-0.3139,0.0994,-0.0696,,,,0.12,,3.7,-1.88,,
107.968,LAND_APPROACH,3.6094,-1.6863,0.013,84.15,-2.14,-1.39,0.0,-0.3185,0.1904,-0.0708,,,,0.12,,3.7,-1.88,,
108.006,LAND_APPROACH,3.5975,-1.6599,0.012,84.71,-1.64,-1.3,0.0,-0.2708,0.1697,0.0138,,,0.402,0.151,,3.7,-1.88,,
108.083,LAND_APPROACH,3.5879,-1.637,0.013,85.24,-1.12,-0.98,0.0,-0.2158,0.1453,0.0564,,,0.402,0.151,,3.7,-1.88,,
108.13,LAND_APPROACH,3.5805,-1.6195,0.013,85.65,-0.68,-0.73,0.0,-0.1795,0.1215,0.0705,,0.211,0.405,0.151,,3.7,-1.88,,
108.182,LAND_APPROACH,3.5746,-1.6067,0.01,85.86,-0.32,-0.51,0.0,-0.139,0.0975,0.067,,0.211,0.405,0.151,,3.7,-1.88,,
108.225,LAND_APPROACH,3.5708,-1.5966,0.014,85.72,0.03,-0.27,0.0,-0.1018,0.0719,0.0523,,0.21,0.405,0.15,,3.7,-1.88,,
108.276,LAND_APPROACH,3.568,-1.5901,0.011,85.48,0.26,-0.13,0.0,-0.0732,0.0506,0.0428,,0.21,0.405,0.15,,3.7,-1.88,,
108.303,LAND_APPROACH,3.5665,-1.5854,0.011,85.21,0.45,-0.02,0.0,-0.0521,0.0421,0.0268,,0.208,0.404,0.152,,3.7,-1.88,,
108.355,LAND_APPROACH,3.5646,-1.5833,0.009,84.84,0.5,0.06,0.0,-0.0372,0.031,0.0117,,0.208,0.404,0.152,,3.7,-1.88,,
108.407,LAND_APPROACH,3.5641,-1.5815,0.011,84.51,0.61,0.13,0.0,-0.0187,0.0194,-0.0007,,0.207,0.404,0.149,,3.7,-1.88,,
108.47,LAND_APPROACH,3.5636,-1.5806,0.009,84.14,0.64,0.17,0.0,-0.0113,0.0112,-0.0048,,0.207,0.404,0.149,,3.7,-1.88,,
108.524,LAND_APPROACH,3.5636,-1.5803,0.013,83.77,0.68,0.23,0.0,-0.0014,0.0008,-0.0108,,0.206,0.406,0.148,,3.7,-1.88,,
108.57,LAND_APPROACH,3.5636,-1.5802,0.009,83.38,0.66,0.22,0.0,0.0036,-0.0005,-0.004,,0.206,0.406,0.148,,3.7,-1.88,,
108.623,LAND_APPROACH,3.5642,-1.5804,0.012,83.0,0.68,0.22,0.0,0.0072,-0.0043,-0.0087,,0.209,0.403,0.151,,3.7,-1.88,,
108.666,LAND_APPROACH,3.5645,-1.5807,0.012,82.62,0.64,0.21,0.0,0.0142,-0.0079,-0.0036,,0.209,0.403,0.151,,3.7,-1.88,,
108.727,LAND_APPROACH,3.5644,-1.5807,0.013,82.25,0.57,0.21,0.0,0.0171,-0.0111,-0.0002,,0.204,0.406,0.148,,3.7,-1.88,,
108.763,LAND_APPROACH,3.5651,-1.5812,0.015,81.87,0.55,0.21,0.0,0.0204,-0.0133,0.0038,,0.204,0.406,0.148,,3.7,-1.88,,
108.823,LAND_APPROACH,3.5661,-1.5818,0.013,81.49,0.55,0.19,0.0,0.0197,-0.0171,0.0102,,0.207,0.403,0.148,,3.7,-1.88,,
108.86,LAND_APPROACH,3.5653,-1.5813,0.011,81.13,0.43,0.16,0.0,0.02,-0.0143,0.0081,,0.207,0.403,0.148,,3.7,-1.88,,
108.916,LAND_APPROACH,3.5666,-1.582,0.013,80.75,0.44,0.15,0.0,0.0175,-0.0148,0.0025,,0.207,0.404,0.149,,3.7,-1.88,,
108.978,LAND_APPROACH,3.566,-1.5819,0.014,80.39,0.35,0.14,0.0,0.0133,-0.0165,0.0024,,0.207,0.404,0.149,,3.7,-1.88,,
109.005,LAND_APPROACH,3.5664,-1.5827,0.013,80.03,0.33,0.15,0.0,0.0128,-0.0256,0.0042,,0.203,0.402,0.146,,3.7,-1.88,,
109.072,LAND_APPROACH,3.5669,-1.5823,0.015,79.65,0.3,0.09,0.0,0.0171,-0.0186,0.003,,0.203,0.402,0.146,,3.7,-1.88,,
109.105,LAND_APPROACH,3.5662,-1.5819,0.013,79.29,0.21,0.08,0.0,0.0151,-0.0141,0.0058,,0.205,0.403,0.147,,3.7,-1.88,,
109.16,LAND_APPROACH,3.5667,-1.5822,0.011,78.93,0.2,0.07,0.0,0.0114,-0.0174,0.0026,,0.205,0.403,0.147,,3.7,-1.88,,
109.202,LAND_APPROACH,3.5672,-1.5824,0.014,78.56,0.18,0.07,0.0,0.0129,-0.0145,-0.0035,,0.208,0.404,0.147,,3.7,-1.88,,
109.259,LAND_APPROACH,3.5671,-1.5824,0.012,78.2,0.14,0.06,0.0,0.0089,-0.0128,-0.0009,,0.208,0.404,0.147,,3.7,-1.88,,
109.303,LAND_APPROACH,3.5669,-1.5822,0.013,77.85,0.09,0.04,0.0,0.0112,-0.0128,-0.0033,,0.208,0.403,0.148,,3.7,-1.88,,
109.362,LAND_APPROACH,3.5659,-1.582,0.013,77.5,0.02,0.04,0.0,0.0084,-0.0123,-0.0019,,0.208,0.403,0.148,,3.7,-1.88,,
109.402,LAND_APPROACH,3.5673,-1.5822,0.012,77.14,0.05,0.03,0.0,0.0078,-0.0125,-0.0017,,0.207,0.403,0.149,,3.7,-1.88,,
109.456,LAND_APPROACH,3.5675,-1.5825,0.012,76.79,0.03,0.03,0.0,0.0078,-0.0128,-0.0034,,0.207,0.403,0.149,,3.7,-1.88,,
109.518,LAND_APPROACH,3.568,-1.5825,0.014,76.44,0.01,0.03,0.0,0.008,-0.0125,-0.0038,,0.203,0.406,0.146,,3.7,-1.88,,
109.583,LAND_APPROACH,3.5666,-1.5822,0.013,76.09,-0.07,0.02,0.0,0.0043,-0.011,0.0009,,0.203,0.406,0.146,,3.7,-1.88,,
109.613,LAND_APPROACH,3.5676,-1.5822,0.015,75.74,-0.05,0.0,0.0,0.0036,-0.0105,0.0006,,0.204,0.407,0.144,,3.7,-1.88,,
109.68,LAND_APPROACH,3.5669,-1.5824,0.012,75.39,-0.09,0.01,0.0,0.0036,-0.0111,0.0048,,0.204,0.407,0.144,,3.7,-1.88,,
109.711,LAND_APPROACH,3.5677,-1.5826,0.014,75.05,-0.07,0.0,0.0,0.0055,-0.0101,0.0005,,0.202,0.404,0.146,,3.7,-1.88,,
109.795,LAND_APPROACH,3.5672,-1.5823,0.012,74.71,-0.11,-0.01,0.0,0.0031,-0.0127,0.0018,,0.202,0.404,0.146,,3.7,-1.88,,
109.812,LAND_APPROACH,3.5683,-1.5821,0.014,74.37,-0.08,-0.02,0.0,-0.0005,-0.0071,-0.0023,,0.207,0.405,0.148,,3.7,-1.88,,
109.878,LAND_APPROACH,3.5671,-1.5818,0.012,74.03,-0.14,-0.02,0.0,-0.0008,-0.0076,0.0006,,0.207,0.405,0.148,,3.7,-1.88,,
109.905,LAND_APPROACH,3.5671,-1.5826,0.013,73.68,-0.14,0.0,0.0,0.003,-0.0093,-0.0023,,0.205,0.403,0.147,,3.7,-1.88,,
109.966,LAND_APPROACH,3.5686,-1.5824,0.012,73.35,-0.1,-0.02,0.0,-0.0006,-0.0105,-0.0016,,0.205,0.403,0.147,,3.7,-1.88,,
110.057,LAND_APPROACH,3.5684,-1.5816,0.014,73.02,-0.12,-0.04,0.0,-0.0039,-0.0151,-0.0039,,0.205,0.402,0.151,,3.7,-1.88,,
110.093,LAND_APPROACH,3.568,-1.5814,0.012,72.69,-0.15,-0.04,0.0,-0.0018,-0.0061,0.0005,,0.205,0.402,0.151,,3.7,-1.88,,
110.12,LAND_APPROACH,3.5675,-1.5812,0.012,72.35,-0.17,-0.04,0.0,-0.0019,-0.006,-0.0014,,0.208,0.403,0.147,,3.7,-1.88,,
110.157,LAND_APPROACH,3.5673,-1.5811,0.014,72.02,-0.19,-0.04,0.0,-0.0002,-0.0068,-0.0027,,0.208,0.403,0.147,,3.7,-1.88,,
110.219,LAND_APPROACH,3.5673,-1.5811,0.014,71.69,-0.19,-0.05,0.0,-0.0025,-0.0058,0.0014,,0.205,0.404,0.147,,3.7,-1.88,,
110.269,LAND_APPROACH,3.5665,-1.5808,0.014,71.36,-0.23,-0.05,0.0,-0.0021,-0.0055,0.0033,,0.205,0.404,0.147,,3.7,-1.88,,
110.316,LAND_APPROACH,3.5677,-1.5813,0.015,71.03,-0.18,-0.04,0.0,-0.0006,-0.0055,0.0045,,,0.405,0.15,,3.7,-1.88,,
110.364,LAND_APPROACH,3.5677,-1.5813,0.014,70.7,-0.18,-0.05,0.0,-0.0008,-0.0055,0.0069,,,0.405,0.15,,3.7,-1.88,,
110.411,LAND_APPROACH,3.5689,-1.5814,0.015,70.37,-0.13,-0.05,0.0,-0.0033,-0.005,0.0052,,0.204,0.404,0.148,,3.7,-1.88,,
110.472,LAND_APPROACH,3.5668,-1.5808,0.012,70.05,-0.22,-0.04,0.0,-0.0039,-0.0048,0.0054,,0.204,0.404,0.148,,3.7,-1.88,,
110.509,LAND_APPROACH,3.5678,-1.581,0.014,69.72,-0.18,-0.05,0.0,-0.003,-0.0043,-0.0014,,0.201,0.404,0.149,,3.7,-1.88,,
110.565,LAND_APPROACH,3.5655,-1.5802,0.015,69.39,-0.28,-0.05,0.0,-0.0083,-0.0052,-0.0012,,0.201,0.404,0.149,,3.7,-1.88,,
110.625,LAND_APPROACH,3.5667,-1.5813,0.012,69.07,-0.2,-0.03,0.0,-0.0106,0.0003,0.0012,,0.205,0.405,0.145,,3.7,-1.88,,
110.654,LAND_APPROACH,3.566,-1.5791,0.012,68.75,-0.25,-0.09,0.0,-0.0108,0.0056,-0.0043,,0.205,0.405,0.145,,3.7,-1.88,,
110.718,LAND_APPROACH,3.5664,-1.5812,0.013,68.42,-0.19,-0.03,0.0,-0.0071,-0.0047,-0.0068,,0.205,0.402,0.144,,3.7,-1.88,,
110.755,LAND_APPROACH,3.566,-1.5802,0.013,68.1,-0.21,-0.04,-0.0,-0.0092,-0.0001,-0.0054,,0.205,0.402,0.144,,3.7,-1.88,,
110.819,LAND_APPROACH,3.5664,-1.5791,0.014,67.91,-0.21,-0.13,-0.0,-0.0067,0.005,-0.0035,,0.205,0.404,0.145,,3.7,-1.88,,
110.852,LAND_APPROACH,3.5663,-1.5792,0.013,67.93,-0.16,-0.08,-0.0,-0.0071,0.0054,0.0025,,0.205,0.404,0.145,,3.7,-1.88,,
110.914,LAND_APPROACH,3.5689,-1.5769,0.012,68.0,-0.01,-0.03,-0.0,0.006,0.0152,-0.0012,,0.209,0.405,0.147,,3.7,-1.88,,
110.988,LAND_APPROACH,3.5737,-1.573,0.004,67.96,0.15,0.15,-0.0,0.0276,0.0293,0.0037,,0.209,0.405,0.147,,3.7,-1.88,,
111.015,LAND_APPROACH,3.5828,-1.5705,0.0,67.83,0.42,0.97,-0.0,0.0653,0.0312,0.0012,,0.189,0.408,0.151,,3.7,-1.88,,
111.052,LAND_APPROACH,3.5894,-1.5746,0.0,67.62,0.05,1.97,-0.0,0.0803,-0.0052,0.02,,0.189,0.408,0.151,,3.7,-1.88,,
111.106,LAND_APPROACH,3.5945,-1.593,0.0,67.34,-0.41,2.07,-0.0,0.0804,-0.1039,0.0374,,0.168,0.41,0.199,,3.7,-1.88,,
111.168,LAND_APPROACH,3.5958,-1.6067,0.012,67.21,-1.12,2.29,-0.0,0.0545,-0.1591,0.0853,,0.168,0.41,0.199,,3.7,-1.88,,
111.241,LAND_APPROACH,3.5948,-1.6229,0.026,67.04,-1.4,0.7,-0.0,0.0231,-0.2048,0.1272,,,0.415,,,3.7,-1.88,,
111.267,LAND_APPROACH,3.5977,-1.6287,0.042,66.95,-1.9,-1.03,-0.0,0.0166,-0.1834,0.1723,,,0.415,,,3.7,-1.88,,
111.347,LAND_APPROACH,3.5947,-1.637,0.055,66.91,-2.04,-1.94,-0.0,-0.0142,-0.1686,0.2095,,2.27,0.448,,,3.7,-1.88,,
111.369,LAND_APPROACH,3.5887,-1.6397,0.074,66.99,-1.97,-2.62,-0.0,-0.0507,-0.1242,0.2174,,2.27,0.448,,,3.7,-1.88,,
111.432,LAND_APPROACH,3.5849,-1.6344,0.081,67.15,-1.64,-3.26,-0.0,-0.0678,-0.0569,0.2466,,2.287,,,,3.7,-1.88,,
111.463,LAND_APPROACH,3.5787,-1.6324,0.096,67.16,-0.84,-3.22,-0.0,-0.0803,0.0047,0.2229,,2.287,,,,3.7,-1.88,,
111.528,LAND_APPROACH,3.5768,-1.6228,0.106,67.35,-0.16,-2.57,-0.0,-0.0695,0.0515,0.2385,,2.304,1.609,,,3.7,-1.88,,
111.558,LAND_APPROACH,3.5742,-1.6152,0.118,67.41,0.53,-1.74,-0.0,-0.0589,0.0906,0.2295,,2.304,1.609,,,3.7,-1.88,,
111.602,LAND_APPROACH,3.5736,-1.6061,0.127,67.56,1.06,-0.91,-0.0,-0.0402,0.1083,0.2301,,2.296,1.6,,,3.7,-1.88,,
111.656,LAND_APPROACH,3.574,-1.5978,0.137,67.67,1.46,-0.03,-0.0,-0.021,0.1198,0.2249,,2.296,1.6,,,3.7,-1.88,,
111.744,LAND_APPROACH,3.5745,-1.5905,0.145,67.71,1.52,0.6,-0.0,-0.003,0.1238,0.2306,,2.306,1.596,,,3.7,-1.88,,
111.774,LAND_APPROACH,3.5755,-1.5844,0.152,67.71,1.38,1.14,-0.0,0.0145,0.1178,0.2218,,2.306,1.596,,,3.7,-1.88,,
111.822,LAND_APPROACH,3.5773,-1.5788,0.161,67.71,1.22,1.67,-0.0,0.026,0.1063,0.2184,,2.312,1.59,,,3.7,-1.88,,
111.872,LAND_APPROACH,3.5799,-1.5746,0.171,67.57,1.01,1.88,-0.0,0.0312,0.085,0.2151,,2.312,1.59,,,3.7,-1.88,,
111.908,LAND_APPROACH,3.5825,-1.5712,0.18,67.44,0.63,1.91,-0.0,0.0381,0.0695,0.2133,,2.319,1.596,,,3.7,-1.88,,
111.972,LAND_APPROACH,3.5854,-1.5687,0.195,67.32,0.22,1.87,-0.0,0.0422,0.0576,0.2072,,2.319,1.596,,,3.7,-1.88,,
112.028,LAND_APPROACH,3.5873,-1.5662,0.2,67.31,-0.04,1.8,-0.0,0.0426,0.0367,0.2224,,2.332,1.598,,,3.7,-1.88,,
112.072,LAND_APPROACH,3.5901,-1.5674,0.217,67.26,-0.15,1.63,-0.0,0.036,0.022,0.2002,,2.332,1.598,,,3.7,-1.88,,
112.125,LAND_APPROACH,3.5922,-1.5666,0.229,67.28,-0.24,1.42,-0.0,0.0317,0.0113,0.2202,,2.336,1.595,,,3.7,-1.88,,
112.153,LAND_APPROACH,3.5953,-1.5709,0.239,67.26,-0.34,1.26,-0.0,0.0297,-0.0132,0.2159,,2.336,1.595,,,3.7,-1.88,,
112.203,LAND_APPROACH,3.5958,-1.571,0.252,67.37,-0.46,0.92,-0.0,0.0213,-0.0198,0.2049,,2.347,1.596,,,3.7,-1.88,,
112.269,LAND_APPROACH,3.5905,-1.5633,0.252,67.66,-0.69,0.44,-0.0,-0.0122,-0.0073,0.1971,,2.347,1.596,,,3.7,-1.88,,
112.322,LAND_APPROACH,3.5895,-1.5636,0.26,67.78,-0.59,0.09,-0.0,-0.0181,-0.0076,0.166,,2.366,1.595,,,3.7,-1.88,,
112.369,LAND_APPROACH,3.5877,-1.5628,0.273,67.9,-0.46,-0.13,-0.0,-0.0255,-0.0035,0.15,,2.366,1.595,,,3.7,-1.88,,
112.42,LAND_APPROACH,3.5825,-1.5587,0.279,68.03,-0.44,-0.1,-0.0,-0.0407,0.0061,0.1585,,2.369,1.6,,,3.7,-1.88,,
112.473,LAND_APPROACH,3.5812,-1.558,0.288,68.08,-0.11,-0.08,-0.0,-0.04,0.0091,0.1401,,2.369,1.6,,,3.7,-1.88,,
112.521,LAND_APPROACH,3.5807,-1.5577,0.298,68.17,0.19,-0.14,-0.0,-0.0328,0.0106,0.1343,,2.363,1.603,,,3.7,-1.88,,
112.57,LAND_APPROACH,3.5749,-1.5518,0.305,68.34,0.34,-0.07,-0.0,-0.0437,0.0211,0.1321,,2.363,1.603,,,3.7,-1.88,,
112.618,LAND_APPROACH,3.5729,-1.5492,0.311,68.51,0.65,-0.15,-0.0,-0.0367,0.0253,0.1235,,2.365,1.59,2.677,,3.7,-1.88,,
112.707,LAND_APPROACH,3.5729,-1.5472,0.317,68.66,0.81,-0.13,-0.0,-0.0254,0.0244,0.1073,,2.365,1.59,2.677,,3.7,-1.88,,
112.727,LAND_APPROACH,3.5744,-1.5479,0.322,68.71,0.79,-0.09,-0.0,-0.0185,0.0245,0.0982,,2.354,1.6,,,3.7,-1.88,,
112.759,LAND_APPROACH,3.5677,-1.5388,0.326,68.79,0.61,-0.07,-0.0,-0.0172,0.0326,0.084,,2.354,1.6,,,3.7,-1.88,,
112.83,LAND_APPROACH,3.5711,-1.5392,0.329,68.84,0.69,0.18,-0.0,-0.0066,0.0318,0.0747,,2.373,1.609,,,3.7,-1.88,,
112.87,LAND_APPROACH,3.5736,-1.5365,0.333,68.89,0.71,0.37,-0.0,0.0072,0.0259,0.0595,,2.373,1.609,,,3.7,-1.88,,
112.943,LAND_APPROACH,3.5808,-1.5373,0.334,68.94,0.61,0.46,-0.0,0.0232,0.0202,0.0528,,2.372,1.6,,,3.7,-1.88,,
112.97,LAND_APPROACH,3.586,-1.5366,0.335,69.03,0.42,0.53,-0.0,0.0326,0.0133,0.0396,,2.372,1.6,,,3.7,-1.88,,
113.023,LAND_APPROACH,3.592,-1.5401,0.338,69.15,0.1,0.56,-0.0,0.0419,0.0032,0.0306,,2.361,1.604,,,3.7,-1.88,,
113.091,LAND_APPROACH,3.5975,-1.5422,0.338,69.29,-0.29,0.44,-0.0,0.046,-0.006,0.0307,,2.361,1.604,,,3.7,-1.88,,
113.134,LAND_APPROACH,3.6026,-1.5429,0.341,69.47,-0.57,0.36,-0.0,0.0483,-0.0105,0.0228,,2.369,1.625,,,3.7,-1.88,,
113.164,LAND_APPROACH,3.6053,-1.542,0.342,69.64,-0.86,0.26,-0.0,0.0468,-0.0082,0.0217,,2.369,1.625,,,3.7,-1.88,,
113.218,ROTATION_SCAN,3.61,-1.5423,0.344,69.79,-0.99,0.17,-0.0,0.038,-0.0032,0.0205,,2.374,1.615,,,,,,
113.264,ROTATION_SCAN,3.6139,-1.5435,0.345,69.98,-0.92,0.25,15.0,0.0344,-0.0053,0.0201,,2.374,1.615,,,,,,
113.327,ROTATION_SCAN,3.6161,-1.5414,0.345,70.15,-0.81,0.13,15.0,0.0277,-0.0001,0.0208,,2.361,1.618,,,,,,
113.364,ROTATION_SCAN,3.6199,-1.5407,0.347,70.4,-0.72,0.11,15.0,0.0257,0.0049,0.0122,,2.361,1.618,,,,,,
113.407,ROTATION_SCAN,3.6209,-1.5386,0.347,70.76,-0.76,0.12,15.0,0.0195,0.0074,0.0126,,2.377,1.617,,,,,,
113.462,ROTATION_SCAN,3.6222,-1.5359,0.35,71.22,-0.76,-0.0,15.0,0.0137,0.0134,0.0096,,2.377,1.617,,,,,,
113.524,ROTATION_SCAN,3.6229,-1.5297,0.353,71.66,-0.77,0.04,15.0,0.0073,0.025,0.0093,,2.375,1.621,,,,,,
113.555,ROTATION_SCAN,3.6234,-1.525,0.355,72.15,-0.79,0.21,15.0,0.0005,0.0343,0.0127,,2.375,1.621,,,,,,
113.637,ROTATION_SCAN,3.6242,-1.5172,0.357,72.71,-0.6,0.49,15.0,-0.007,0.0443,0.0117,,2.373,1.604,,,,,,
113.674,ROTATION_SCAN,3.6222,-1.5097,0.357,73.32,-0.47,0.84,15.0,-0.0114,0.0461,0.0071,,2.373,1.604,,,,,,
113.736,ROTATION_SCAN,3.6219,-1.5047,0.36,73.89,-0.23,1.14,15.0,-0.0188,0.0434,0.0026,,2.374,1.602,,,,,,
113.774,ROTATION_SCAN,3.6188,-1.5004,0.36,74.49,-0.06,1.47,15.0,-0.0271,0.0361,0.0014,,2.374,1.602,,,,,,
113.832,ROTATION_SCAN,3.6166,-1.4942,0.36,75.17,0.09,1.53,15.0,-0.0284,0.033,-0.0044,,2.378,1.606,,,,,,
113.875,ROTATION_SCAN,3.6155,-1.4898,0.356,75.91,0.33,1.72,15.0,-0.0315,0.0237,-0.0107,,2.378,1.606,,,,,,
113.913,ROTATION_SCAN,3.614,-1.4862,0.358,76.73,0.56,1.84,15.0,-0.0311,0.0122,-0.0242,,2.384,1.606,,,,,,
113.952,ROTATION_SCAN,3.6115,-1.4862,0.353,77.55,0.64,1.95,15.0,-0.034,-0.0043,-0.017,,2.384,1.606,,,,,,
114.031,ROTATION_SCAN,3.6123,-1.4864,0.349,78.42,0.81,2.01,15.0,-0.0344,-0.0169,-0.0295,,2.387,1.603,,,,,,
114.061,ROTATION_SCAN,3.6052,-1.4831,0.343,79.29,0.92,1.85,15.0,-0.0315,-0.0307,-0.0362,,2.387,1.603,,,,,,
114.124,ROTATION_SCAN,3.6046,-1.4825,0.339,80.16,0.85,1.54,15.0,-0.0225,-0.0443,-0.0438,,2.39,1.594,,,,,,
114.153,ROTATION_SCAN,3.6025,-1.4818,0.333,81.0,0.8,1.28,15.0,-0.0201,-0.0524,-0.042,,2.39,1.594,,,,,,
114.222,ROTATION_SCAN,3.6021,-1.4852,0.329,81.86,0.81,1.14,15.0,-0.0135,-0.067,-0.0452,,2.398,1.606,,,,,,
114.257,ROTATION_SCAN,3.6019,-1.4902,0.323,82.68,0.82,1.0,15.0,-0.0076,-0.0782,-0.0375,,2.398,1.606,,,,,,
114.319,ROTATION_SCAN,3.604,-1.4912,0.322,83.53,0.74,0.63,15.0,0.0022,-0.0804,-0.0381,,2.392,1.605,,,,,,
114.353,ROTATION_SCAN,3.6039,-1.4941,0.319,84.4,0.54,0.32,15.0,0.0078,-0.0817,-0.0191,,2.392,1.605,,,,,,
114.417,ROTATION_SCAN,3.6067,-1.4964,0.324,85.26,0.43,0.13,15.0,0.0162,-0.0799,-0.0144,,2.403,1.614,,,,,,
114.456,ROTATION_SCAN,3.6073,-1.4986,0.326,86.07,0.32,0.05,15.0,0.0193,-0.0772,0.0095,,2.403,1.614,,,,,,
114.518,ROTATION_SCAN,3.6072,-1.4966,0.331,86.85,0.1,-0.14,15.0,0.0174,-0.0614,0.0215,,2.405,1.628,,,,,,
114.559,ROTATION_SCAN,3.6146,-1.4995,0.332,87.67,-0.05,-0.32,15.0,0.0296,-0.063,0.032,,2.405,1.628,,,,,,
114.609,ROTATION_SCAN,3.6179,-1.5017,0.335,88.47,-0.08,-0.23,15.0,0.0334,-0.0585,0.034,,2.42,1.636,,,,,,
114.665,ROTATION_SCAN,3.6182,-1.4998,0.34,89.28,-0.23,-0.15,15.0,0.0301,-0.0457,0.0325,,2.42,1.636,,,,,,
114.729,ROTATION_SCAN,3.6262,-1.4977,0.344,90.06,-0.31,-0.19,15.0,0.0385,-0.0357,0.039,,2.439,1.637,,,,,,
114.759,ROTATION_SCAN,3.6275,-1.4944,0.348,90.9,-0.37,0.04,15.0,0.0354,-0.0268,0.0349,,2.439,1.637,,,,,,
114.824,ROTATION_SCAN,3.6287,-1.4915,0.354,91.72,-0.47,0.16,15.0,0.0306,-0.0192,0.0336,,2.456,1.654,,,,,,
114.858,ROTATION_SCAN,3.6336,-1.4853,0.356,92.53,-0.7,0.24,15.0,0.0308,-0.0043,0.0346,,2.456,1.654,,,,,,
114.921,ROTATION_SCAN,3.6333,-1.4806,0.359,93.28,-0.73,0.66,15.0,0.0212,0.0005,0.0252,,2.481,1.648,,,,,,
114.962,ROTATION_SCAN,3.6317,-1.4755,0.361,94.0,-0.9,0.95,15.0,0.011,0.001,0.0163,,2.481,1.648,,,,,,
115.017,ROTATION_SCAN,3.6307,-1.4698,0.367,94.75,-0.97,1.19,15.0,0.0009,0.0034,0.0072,0.699,2.518,1.651,,,,,,
115.093,ROTATION_SCAN,3.6295,-1.4659,0.372,95.48,-1.03,1.31,15.0,-0.0128,0.0013,0.0074,0.699,2.518,1.651,,,,,,
115.131,ROTATION_SCAN,3.6284,-1.4621,0.377,96.21,-0.99,1.46,15.0,-0.0199,-0.0071,0.0073,0.664,2.525,1.649,,,,,,
115.161,ROTATION_SCAN,3.6259,-1.4599,0.372,96.96,-0.82,1.63,15.0,-0.0286,-0.0131,-0.0014,0.664,2.525,1.649,,,,,,
115.203,ROTATION_SCAN,3.6226,-1.4569,0.371,97.68,-0.61,1.58,15.0,-0.0349,-0.0207,-0.0196,0.63,2.558,1.66,,,,,,
115.252,ROTATION_SCAN,3.619,-1.4544,0.364,98.46,-0.48,1.49,15.0,-0.0407,-0.0278,-0.0385,0.63,2.558,1.66,,,,,,
115.31,ROTATION_SCAN,3.6149,-1.4524,0.356,99.22,-0.19,1.55,15.0,-0.0543,-0.0314,-0.0584,0.603,2.57,1.672,,,,,,
115.367,ROTATION_SCAN,3.6074,-1.4505,0.347,99.99,-0.09,1.46,15.0,-0.0533,-0.0354,-0.0759,0.603,2.57,1.672,,,,,,
115.434,ROTATION_SCAN,3.6058,-1.4493,0.337,100.79,0.05,1.35,15.0,-0.0514,-0.0431,-0.0919,0.566,2.613,,,,,,,
115.465,ROTATION_SCAN,3.5978,-1.4479,0.332,101.62,0.17,1.21,15.0,-0.0597,-0.0502,-0.0927,0.566,2.613,,,,,,,
115.533,ROTATION_SCAN,3.5932,-1.447,0.331,102.48,0.52,1.29,15.0,-0.0573,-0.0524,-0.0894,0.536,2.627,,,,,,,
115.565,ROTATION_SCAN,3.5913,-1.442,0.32,103.3,0.83,1.14,15.0,-0.0447,-0.0479,-0.0636,0.536,2.627,,,,,,,
115.601,ROTATION_SCAN,3.5916,-1.4396,0.319,104.2,1.1,1.04,15.0,-0.0321,-0.0448,-0.0721,0.505,2.666,,,,,,,
115.656,ROTATION_SCAN,3.5905,-1.4398,0.321,104.97,1.07,1.0,15.0,-0.0198,-0.0469,-0.0495,0.505,2.666,,,,,,,
115.723,ROTATION_SCAN,3.5907,-1.4383,0.323,105.74,1.1,0.99,15.0,-0.0087,-0.0441,-0.0292,0.49,2.69,,,,,,,
115.811,ROTATION_SCAN,3.5892,-1.4355,0.329,106.48,0.99,1.05,15.0,0.0025,-0.0401,-0.0125,0.49,2.69,,,,,,,
115.821,ROTATION_SCAN,3.5888,-1.4369,0.333,107.19,0.86,1.03,15.0,0.0114,-0.0455,0.007,0.481,2.713,,,,,,,
115.851,ROTATION_SCAN,3.5997,-1.4218,0.339,107.85,0.67,0.88,15.0,0.04,-0.015,0.0156,0.481,2.713,,,,,,,
115.905,ROTATION_SCAN,3.6016,-1.4183,0.341,108.46,0.28,1.0,15.0,0.0458,-0.0123,0.0265,0.473,2.735,,,,,,,
115.969,ROTATION_SCAN,3.6047,-1.4144,0.342,109.05,-0.03,1.18,15.0,0.0511,-0.0111,0.0173,0.473,2.735,,,,,,,
116.021,ROTATION_SCAN,3.6046,-1.4134,0.338,109.61,-0.39,1.31,15.0,0.0474,-0.0182,0.0108,0.467,,,,,,,,
116.09,ROTATION_SCAN,3.6053,-1.4092,0.34,110.19,-0.78,1.13,15.0,0.0428,-0.0184,-0.0103,0.467,,,,,,,,
116.101,ROTATION_SCAN,3.608,-1.4066,0.328,110.77,-0.98,1.09,15.0,0.0401,-0.0222,-0.0105,0.466,,,,,,,,
116.169,ROTATION_SCAN,3.6085,-1.4055,0.325,111.4,-1.01,1.15,15.0,0.0327,-0.0289,-0.0429,0.466,,,,,,,,
116.223,ROTATION_SCAN,3.6085,-1.4067,0.322,112.01,-0.94,1.29,15.0,0.0255,-0.0411,-0.0451,0.465,2.801,1.19,,,,,,
116.258,ROTATION_SCAN,3.6052,-1.4069,0.32,112.77,-0.6,1.56,15.0,0.0141,-0.0509,-0.0356,0.465,2.801,1.19,,,,,,
116.319,ROTATION_SCAN,3.6044,-1.4075,0.311,113.28,-0.34,1.46,15.0,0.0126,-0.0618,-0.0357,0.463,2.839,,,,,,,
116.359,ROTATION_SCAN,3.5963,-1.4086,0.309,114.07,-0.4,0.94,15.0,-0.004,-0.0684,-0.0453,0.463,2.839,,,,,,,
116.416,ROTATION_SCAN,3.5945,-1.4108,0.306,114.69,-0.19,0.9,15.0,-0.009,-0.0734,-0.0348,0.466,,1.17,,,,,,
116.451,ROTATION_SCAN,3.5931,-1.4118,0.306,115.37,-0.0,0.89,15.0,-0.0059,-0.0757,-0.0273,0.466,,1.17,,,,,,
116.517,ROTATION_SCAN,3.5906,-1.4148,0.304,116.07,-0.05,0.8,15.0,-0.0084,-0.0815,-0.0229,0.473,,,,,,,,
116.58,ROTATION_SCAN,3.5892,-1.418,0.303,116.68,0.06,0.77,15.0,-0.0078,-0.0854,-0.0177,0.473,,,,,,,,
116.61,ROTATION_SCAN,3.5865,-1.4224,0.293,117.23,0.49,0.79,15.0,-0.0107,-0.0884,-0.0136,0.478,,1.162,,,,,,
116.666,ROTATION_SCAN,3.5846,-1.4223,0.287,117.72,0.97,0.59,15.0,-0.0075,-0.0821,-0.0247,0.478,,1.162,,,,,,
116.715,ROTATION_SCAN,3.5837,-1.424,0.293,118.31,1.21,0.36,15.0,0.0056,-0.0782,-0.0194,0.492,,1.155,,,,,,
116.767,ROTATION_SCAN,3.5854,-1.4246,0.294,118.97,1.06,0.13,15.0,0.019,-0.0655,0.0139,0.492,,1.155,,,,,,
116.813,ROTATION_SCAN,3.5879,-1.4234,0.298,119.74,0.92,0.12,15.0,0.0292,-0.055,0.0168,0.499,,1.166,,,,,,
116.879,ROTATION_SCAN,3.5897,-1.4226,0.305,120.33,0.82,0.24,15.0,0.0377,-0.0432,0.0303,0.499,,1.166,,,,,,
116.928,ROTATION_SCAN,3.5941,-1.4216,0.311,120.89,0.74,0.66,15.0,0.0413,-0.0334,0.0482,0.51,,1.167,,,,,,
116.989,ROTATION_SCAN,3.5927,-1.4148,0.328,121.43,0.38,0.65,15.0,0.0477,-0.0168,0.0552,0.51,,1.167,,,,,,
117.018,ROTATION_SCAN,3.5939,-1.4127,0.323,121.91,0.09,0.81,15.0,0.0543,-0.0135,0.0832,0.516,,1.173,,,,,,
117.063,ROTATION_SCAN,3.5986,-1.4106,0.332,122.57,-0.33,0.97,15.0,0.0596,-0.0157,0.049,0.516,,1.173,,,,,,
117.104,ROTATION_SCAN,3.603,-1.4097,0.334,123.24,-0.64,0.98,15.0,0.0632,-0.0195,0.054,0.519,,1.184,,,,,,
117.159,ROTATION_SCAN,3.6064,-1.4079,0.333,123.96,-0.75,0.94,15.0,0.0638,-0.0228,0.0371,0.519,,1.184,,,,,,
117.219,ROTATION_SCAN,3.609,-1.4069,0.329,124.65,-0.97,0.6,15.0,0.0629,-0.0245,0.0108,0.527,,1.205,,,,,,
117.266,ROTATION_SCAN,3.613,-1.4055,0.328,125.44,-1.42,0.37,15.0,0.0563,-0.0275,-0.0146,0.527,,1.205,,,,,,
117.338,ROTATION_SCAN,3.6157,-1.4066,0.326,126.33,-1.56,0.45,15.0,0.0481,-0.0381,-0.022,0.538,,1.221,,,,,,
117.373,ROTATION_SCAN,3.6165,-1.4067,0.32,127.37,-1.66,0.39,15.0,0.0345,-0.0457,-0.0289,0.538,,1.221,,,,,,
117.428,ROTATION_SCAN,3.6176,-1.4095,0.317,128.45,-1.83,0.31,15.0,0.0241,-0.0571,-0.0467,0.558,,1.256,,,,,,
117.471,ROTATION_SCAN,3.6149,-1.4076,0.316,129.64,-1.71,0.43,15.0,0.0035,-0.0583,-0.0469,0.558,,1.256,,,,,,
117.524,ROTATION_SCAN,3.6102,-1.4087,0.314,130.78,-1.74,0.32,15.0,-0.0075,-0.0641,-0.0474,0.585,,1.304,,,,,,
117.57,ROTATION_SCAN,3.604,-1.4131,0.311,131.82,-1.7,0.32,15.0,-0.0421,-0.0795,-0.0409,0.585,,1.304,,,,,,
117.613,ROTATION_SCAN,3.5986,-1.4143,0.31,132.92,-1.11,0.66,15.0,-0.0506,-0.0874,-0.0342,0.608,,1.369,,,,,,
117.651,ROTATION_SCAN,3.5947,-1.4157,0.308,133.88,-0.74,1.21,15.0,-0.0545,-0.092,-0.0193,0.608,,1.369,,,,,,
117.704,ROTATION_SCAN,3.5908,-1.4208,0.309,134.69,-0.49,1.35,15.0,-0.0543,-0.1039,-0.0181,0.643,,1.427,,,,,,
117.76,ROTATION_SCAN,3.5847,-1.4257,0.295,135.41,-0.25,1.34,15.0,-0.0603,-0.1159,-0.0091,0.643,,1.427,,,,,,
117.805,ROTATION_SCAN,3.5817,-1.4293,0.283,136.11,0.49,1.51,15.0,-0.0497,-0.1186,-0.0315,0.68,,1.472,,,,,,
117.86,ROTATION_SCAN,3.5776,-1.4322,0.262,136.83,1.0,1.42,15.0,-0.0406,-0.117,-0.0428,0.68,,1.472,,,,,,
117.911,ROTATION_SCAN,3.5745,-1.4352,0.256,137.54,1.31,1.16,15.0,-0.0258,-0.1081,-0.073,0.733,,,,,,,,
118.008,ROTATION_SCAN,3.5729,-1.4385,0.247,138.15,1.39,1.02,15.0,-0.0091,-0.0994,-0.0416,0.733,,,,,,,,
118.027,ROTATION_SCAN,3.5725,-1.4407,0.257,138.65,1.45,1.07,15.0,0.0038,-0.0892,-0.0414,0.801,,1.616,,,,,,
118.072,ROTATION_SCAN,3.5703,-1.4435,0.272,139.01,1.49,1.19,15.0,0.016,-0.0826,0.0317,0.801,,1.616,,,,,,
118.11,ROTATION_SCAN,3.5703,-1.4446,0.278,139.57,1.33,1.06,15.0,0.0312,-0.0704,0.0724,,,,,,,,,
118.173,ROTATION_SCAN,3.5677,-1.4455,0.288,140.25,1.28,0.86,15.0,0.0308,-0.0572,0.0848,,,,,,,,,
118.215,ROTATION_SCAN,3.564,-1.4472,0.303,141.0,0.94,0.53,15.0,0.0322,-0.0481,0.1074,,,1.806,,,,,,
118.25,ROTATION_SCAN,3.561,-1.448,0.319,141.66,0.92,0.35,15.0,0.0244,-0.0372,0.1243,,,1.806,,,,,,
118.307,ROTATION_SCAN,3.563,-1.4489,0.327,142.27,0.66,0.53,15.0,0.0262,-0.0319,0.1395,,,2.15,,,,,,
118.372,ROTATION_SCAN,3.5623,-1.4492,0.342,142.8,0.73,0.82,15.0,0.031,-0.0236,0.1167,,,2.15,,,,,,
118.402,ROTATION_SCAN,3.5623,-1.4466,0.35,143.24,0.51,0.83,15.0,0.0508,-0.0148,0.119,2.351,1.592,2.373,,,,,,
118.471,ROTATION_SCAN,3.5694,-1.447,0.354,143.77,0.32,1.01,15.0,0.0592,-0.0136,0.0954,2.351,1.592,2.373,,,,,,
118.528,ROTATION_SCAN,3.5742,-1.4446,0.366,144.27,0.28,1.2,15.0,0.071,-0.0118,0.0719,2.383,1.572,2.415,,,,,,
118.577,ROTATION_SCAN,3.5784,-1.4439,0.376,144.85,0.05,1.28,15.0,0.0827,-0.0127,0.0568,2.383,1.572,2.415,,,,,,
118.628,ROTATION_SCAN,3.5818,-1.4418,0.371,145.48,-0.43,0.99,15.0,0.0854,-0.0096,0.0469,2.444,1.554,2.446,,,,,,
118.652,ROTATION_SCAN,3.5856,-1.4417,0.371,146.13,-0.78,0.62,15.0,0.0856,-0.0172,-0.0031,2.444,1.554,2.446,,,,,,
118.714,ROTATION_SCAN,3.5906,-1.442,0.369,146.84,-0.92,0.55,15.0,0.0884,-0.0233,-0.0256,2.404,1.548,2.47,,,,,,
118.75,ROTATION_SCAN,3.5958,-1.4426,0.361,147.51,-1.23,0.17,15.0,0.0872,-0.0294,-0.0498,2.404,1.548,2.47,,,,,,
118.867,ROTATION_SCAN,3.5996,-1.4434,0.358,148.16,-1.46,-0.13,15.0,0.0789,-0.0377,-0.0822,,1.544,2.482,,,,,,
118.885,ROTATION_SCAN,3.6054,-1.4452,0.347,148.86,-1.56,-0.23,15.0,0.0771,-0.0471,-0.0907,,1.544,2.482,,,,,,
118.901,ROTATION_SCAN,3.6081,-1.4478,0.346,149.66,-1.57,-0.18,15.0,0.0682,-0.0581,-0.1134,2.181,1.533,2.5,,,,,,
118.958,ROTATION_SCAN,3.6071,-1.4503,0.33,150.56,-1.5,-0.07,15.0,0.0465,-0.0647,-0.0965,2.181,1.533,2.5,,,,,,
119.013,ROTATION_SCAN,3.6114,-1.4529,0.32,151.6,-1.35,0.15,15.0,0.0353,-0.0706,-0.1218,1.947,1.549,2.494,,,,,,
119.05,ROTATION_SCAN,3.6009,-1.4557,0.3,152.66,-1.61,0.02,15.0,0.0105,-0.0876,-0.1171,1.947,1.549,2.494,,,,,,
119.12,ROTATION_SCAN,3.597,-1.457,0.284,153.6,-1.48,0.2,15.0,-0.0025,-0.0946,-0.1347,1.755,,2.47,,,,,,
119.154,ROTATION_SCAN,3.5931,-1.4612,0.271,154.43,-1.23,0.38,15.0,-0.0173,-0.1083,-0.1286,1.755,,2.47,,,,,,
119.219,ROTATION_SCAN,3.59,-1.4641,0.264,155.31,-0.82,0.61,15.0,-0.0241,-0.1132,-0.1201,1.692,,2.452,,,,,,
119.274,RET_WAYPOINT,3.5842,-1.4686,0.262,156.2,-0.5,0.68,15.0,-0.0274,-0.118,-0.0835,1.692,,2.452,,,2.58,-1.48,2.58,-1.04
119.317,RET_WAYPOINT,3.5798,-1.4738,0.261,156.99,-0.3,0.63,-0.0,-0.033,-0.125,-0.0615,1.645,,2.421,,,2.58,-1.48,2.58,-1.04
119.361,RET_WAYPOINT,3.5744,-1.4777,0.264,157.62,0.35,0.59,-0.0,-0.0394,-0.1196,-0.0232,1.645,,2.421,,,2.58,-1.48,2.58,-1.04
119.417,RET_WAYPOINT,3.5704,-1.4833,0.273,158.23,0.31,-1.32,-0.0,-0.0367,-0.115,0.0025,1.628,,2.41,,,2.58,-1.48,2.58,-1.04
119.455,RET_WAYPOINT,3.5677,-1.4862,0.281,158.78,0.33,-3.03,-0.0,-0.0613,-0.1036,0.0386,1.628,,2.41,,,2.58,-1.48,2.58,-1.04
119.501,RET_WAYPOINT,3.5657,-1.4948,0.288,159.25,0.28,-3.99,-0.0,-0.0865,-0.0926,0.0592,1.615,,2.386,,,2.58,-1.48,2.58,-1.04
119.551,RET_WAYPOINT,3.5581,-1.498,0.298,159.7,0.28,-4.45,-0.0,-0.1253,-0.0763,0.0662,1.615,,2.386,,,2.58,-1.48,2.58,-1.04
119.613,RET_WAYPOINT,3.5499,-1.5012,0.302,160.18,0.21,-4.42,-0.0,-0.1646,-0.0633,0.0816,1.605,,2.369,,,2.58,-1.48,2.58,-1.04
119.65,RET_WAYPOINT,3.5383,-1.5005,0.314,160.6,0.16,-4.15,-0.0,-0.2064,-0.0445,0.0729,1.605,,2.369,,,2.58,-1.48,2.58,-1.04
119.735,RET_WAYPOINT,3.5264,-1.4992,0.314,160.91,0.28,-3.52,-0.0,-0.241,-0.0243,0.0782,1.584,,2.353,,,2.58,-1.48,2.58,-1.04
119.752,RET_WAYPOINT,3.5124,-1.4981,0.32,161.04,0.41,-2.89,-0.0,-0.2696,-0.0103,0.0593,1.584,,2.353,,,2.58,-1.48,2.58,-1.04
119.834,RET_WAYPOINT,3.4943,-1.4974,0.322,161.03,0.52,-2.27,-0.0,-0.2923,0.0026,0.0489,1.558,,2.352,,,2.58,-1.48,2.58,-1.04
119.851,RET_WAYPOINT,3.479,-1.4971,0.336,160.98,0.52,-1.54,-0.0,-0.3065,0.0134,0.0374,1.558,,2.352,,,2.58,-1.48,2.58,-1.04
119.923,RET_WAYPOINT,3.464,-1.4965,0.343,160.92,0.4,-0.95,-0.0,-0.3157,0.0204,0.0493,1.521,,2.34,,,2.58,-1.48,2.58,-1.04
119.96,RET_WAYPOINT,3.4459,-1.4942,0.368,160.79,0.41,-0.37,-0.0,-0.3257,0.0228,0.0513,1.521,,2.34,,,2.58,-1.48,2.58,-1.04
120.037,RET_WAYPOINT,3.429,-1.4953,0.398,160.61,0.3,0.12,-0.0,-0.3255,0.0261,0.0753,1.498,,2.344,,,2.58,-1.48,2.58,-1.04
120.059,RET_WAYPOINT,3.4083,-1.4966,0.41,160.36,0.16,0.28,-0.0,-0.326,0.0252,0.1213,1.498,,2.344,,,2.58,-1.48,2.58,-1.04
120.122,RET_WAYPOINT,3.392,-1.4958,0.406,160.26,0.1,0.63,-0.0,-0.3223,0.0239,0.0979,1.46,,2.334,,,2.58,-1.48,2.58,-1.04
120.15,RET_WAYPOINT,3.3747,-1.4964,0.387,160.18,-0.04,0.64,-0.0,-0.3173,0.0194,0.0211,1.46,,2.334,,,2.58,-1.48,2.58,-1.04
120.221,RET_WAYPOINT,3.3598,-1.4947,0.372,160.15,-0.01,0.74,-0.0,-0.3126,0.0168,-0.058,1.435,,2.323,,,2.58,-1.48,2.58,-1.04
120.273,RET_WAYPOINT,3.3455,-1.4947,0.351,160.1,-0.03,0.83,-0.0,-0.3091,0.0136,-0.1204,1.435,,2.323,,,2.58,-1.48,2.58,-1.04
120.323,RET_WAYPOINT,3.3296,-1.495,0.343,160.02,-0.06,0.87,-0.0,-0.3059,0.0059,-0.1717,1.408,1.828,2.334,,,2.58,-1.48,2.58,-1.04
120.357,RET_WAYPOINT,3.3111,-1.4959,0.321,159.85,-0.04,0.9,-0.0,-0.2993,0.0015,-0.1594,1.408,1.828,2.334,,,2.58,-1.48,2.58,-1.04
120.416,RET_WAYPOINT,3.2983,-1.4971,0.309,159.78,0.08,1.49,-0.0,-0.2889,-0.0028,-0.1889,1.385,1.827,2.321,,,2.58,-1.48,2.58,-1.04
120.453,RET_WAYPOINT,3.2836,-1.4969,0.294,159.81,0.09,1.23,-0.0,-0.2722,-0.0108,-0.166,1.385,1.827,2.321,,,2.58,-1.48,2.58,-1.04
120.527,RET_WAYPOINT,3.2732,-1.499,0.283,160.05,0.2,1.21,-0.0,-0.2582,-0.0192,-0.1644,1.356,,2.31,,,2.58,-1.48,2.58,-1.04
120.552,RET_WAYPOINT,3.2623,-1.5016,0.274,160.26,0.44,0.7,-0.0,-0.2465,-0.0213,-0.1489,1.356,,2.31,,,2.58,-1.48,2.58,-1.04
120.626,RET_WAYPOINT,3.2547,-1.504,0.268,160.36,0.51,0.18,-0.0,-0.2282,-0.0255,-0.1291,1.335,,2.301,,,2.58,-1.48,2.58,-1.04
120.654,RET_WAYPOINT,3.2449,-1.5085,0.268,160.31,0.4,-0.09,-0.0,-0.2209,-0.026,-0.081,1.335,,2.301,,,2.58,-1.48,2.58,-1.04
120.736,RET_WAYPOINT,3.2367,-1.5104,0.262,159.95,0.0,-0.24,-0.0,-0.2174,-0.0263,-0.0413,1.32,1.886,2.29,,,2.58,-1.48,2.58,-1.04
120.763,RET_WAYPOINT,3.2291,-1.513,0.266,159.61,0.05,-0.64,-0.0,-0.2131,-0.0283,-0.0312,1.32,1.886,2.29,,,2.58,-1.48,2.58,-1.04
120.826,RET_WAYPOINT,3.2223,-1.5156,0.262,159.24,0.06,-1.31,-0.0,-0.2155,-0.0323,-0.0091,1.304,,2.282,0.54,,2.58,-1.48,2.58,-1.04
120.855,RET_WAYPOINT,3.2151,-1.5184,0.269,158.93,-0.14,-1.12,-0.0,-0.2168,-0.0281,0.0075,1.304,,2.282,0.54,,2.58,-1.48,2.58,-1.04
120.92,RET_WAYPOINT,3.2038,-1.5203,0.271,158.5,-0.67,-1.38,-0.0,-0.2245,-0.0299,0.0407,1.294,,2.262,0.544,,2.58,-1.48,2.58,-1.04
120.964,RET_WAYPOINT,3.194,-1.523,0.273,157.98,-0.2,-2.0,-0.0,-0.2367,-0.0327,0.0419,1.294,,2.262,0.544,,2.58,-1.48,2.58,-1.04
121.015,RET_WAYPOINT,3.1847,-1.5258,0.276,157.59,0.37,-2.22,-0.0,-0.249,-0.0251,0.0423,1.276,1.857,2.258,0.551,,2.58,-1.48,2.58,-1.04
121.063,RET_WAYPOINT,3.1726,-1.5269,0.278,157.3,0.48,-2.14,-0.0,-0.2669,-0.0178,0.0467,1.276,1.857,2.258,0.551,,2.58,-1.48,2.58,-1.04
121.114,RET_WAYPOINT,3.1587,-1.5284,0.282,157.04,0.63,-1.89,-0.0,-0.2786,-0.0071,0.0471,1.261,1.866,2.248,0.554,,2.58,-1.48,2.58,-1.04
121.177,RET_WAYPOINT,3.1453,-1.529,0.276,156.91,0.78,-1.9,-0.0,-0.2889,0.0037,0.0464,1.261,1.866,2.248,0.554,,2.58,-1.48,2.58,-1.04
121.248,RET_WAYPOINT,3.129,-1.5289,0.217,156.92,0.69,-1.67,-0.0,-0.3045,0.0155,0.0268,1.231,1.898,2.211,0.556,,2.58,-1.48,2.58,-1.04
121.278,RET_WAYPOINT,3.117,-1.5281,0.162,157.09,0.72,-1.34,-0.0,-0.3051,0.0265,-0.1128,1.231,1.898,2.211,0.556,,2.58,-1.48,2.58,-1.04
121.3,RET_WAYPOINT,3.1059,-1.5275,0.159,157.34,0.55,-0.87,-0.0,-0.3027,0.0351,-0.1751,1.199,1.93,2.202,0.556,,2.58,-1.48,2.58,-1.04
121.369,RET_WAYPOINT,3.1058,-1.5255,0.174,157.73,0.46,-0.15,-0.0,-0.2786,0.0396,-0.1048,1.199,1.93,2.202,0.556,,2.58,-1.48,2.58,-1.04
121.432,RET_WAYPOINT,3.0957,-1.5245,0.193,158.1,0.21,-0.13,-0.0,-0.2576,0.038,-0.0009,1.159,1.975,2.191,0.567,,2.58,-1.48,2.58,-1.04
121.46,RET_WAYPOINT,3.1021,-1.5226,0.227,158.5,-0.01,-0.25,-0.0,-0.2058,0.0258,0.0889,1.159,1.975,2.191,0.567,,2.58,-1.48,2.58,-1.04
121.518,RET_WAYPOINT,3.1,-1.5149,0.246,158.74,-0.24,-0.76,-0.0,-0.2076,0.0529,0.187,1.122,,2.146,0.571,,2.58,-1.48,2.58,-1.04
121.567,RET_WAYPOINT,3.0805,-1.5125,0.281,158.89,-0.64,-1.37,-0.0,-0.227,0.0529,0.2318,1.122,,2.146,0.571,,2.58,-1.48,2.58,-1.04
121.62,RET_WAYPOINT,3.0638,-1.5105,0.323,159.0,-0.76,-1.54,-0.0,-0.254,0.0514,0.2827,1.084,2.016,2.09,0.576,,2.58,-1.48,2.58,-1.04
121.666,RET_WAYPOINT,3.0464,-1.5085,0.367,159.18,-0.83,-1.58,-0.0,-0.2793,0.0509,0.3221,1.084,2.016,2.09,0.576,,2.58,-1.48,2.58,-1.04
121.721,RET_WAYPOINT,3.028,-1.507,0.421,159.38,-0.79,-1.33,-0.0,-0.303,0.0493,0.361,1.042,2.048,,0.581,,2.58,-1.48,2.58,-1.04
121.814,RET_WAYPOINT,3.0086,-1.5053,0.475,159.63,-0.74,-0.8,-0.0,-0.3226,0.0463,0.3856,1.042,2.048,,0.581,,2.58,-1.48,2.58,-1.04
121.85,RET_WAYPOINT,2.9879,-1.5042,0.478,159.9,-0.93,-0.58,-0.0,-0.3389,0.042,0.3934,0.994,2.089,,0.59,,2.58,-1.48,2.58,-1.04
121.881,RET_WAYPOINT,2.9682,-1.5023,0.473,160.2,-0.93,-0.16,-0.0,-0.3525,0.0371,0.2657,0.994,2.089,,0.59,,2.58,-1.48,2.58,-1.04
121.901,RET_WAYPOINT,2.9481,-1.501,0.458,160.39,-0.75,0.33,-0.0,-0.3663,0.0302,0.1173,0.946,2.15,,0.595,,2.58,-1.48,2.58,-1.04
121.951,RET_WAYPOINT,2.9276,-1.4998,0.429,160.58,-0.63,0.69,-0.0,-0.3758,0.0232,-0.0465,0.946,2.15,,0.595,,2.58,-1.48,2.58,-1.04
122.007,RET_WAYPOINT,2.904,-1.4981,0.408,160.77,-0.59,0.86,-0.0,-0.3815,0.0156,-0.1803,0.897,2.201,,0.61,,2.58,-1.48,2.58,-1.04
122.071,RET_WAYPOINT,2.881,-1.4969,0.385,160.94,-0.59,1.09,-0.0,-0.3904,0.0084,-0.2483,0.897,2.201,,0.61,,2.58,-1.48,2.58,-1.04
122.125,RET_WAYPOINT,2.8563,-1.4953,0.362,161.05,-0.43,1.36,-0.0,-0.4005,-0.0025,-0.2899,0.847,2.251,0.507,0.636,,2.58,-1.48,2.58,-1.04
122.153,RET_WAYPOINT,2.8308,-1.4957,0.342,161.09,-0.16,1.6,-0.0,-0.4112,-0.0089,-0.3081,0.847,2.251,0.507,0.636,,2.58,-1.48,2.58,-1.04
122.231,RET_WAYPOINT,2.8052,-1.4962,0.323,161.09,0.05,1.99,-0.0,-0.4114,-0.0201,-0.3122,0.804,,0.469,0.685,,2.58,-1.48,2.58,-1.04
122.251,RET_WAYPOINT,2.7811,-1.498,0.307,160.96,0.42,1.91,-0.0,-0.4084,-0.0267,-0.2913,0.804,,0.469,0.685,,2.58,-1.48,2.58,-1.04
122.332,RET_WAYPOINT,2.7523,-1.4994,0.292,160.83,0.51,1.77,-0.0,-0.404,-0.0276,-0.2589,0.762,2.331,0.458,,,2.58,-1.48,2.58,-1.04
122.352,RET_WAYPOINT,2.7278,-1.5003,0.283,160.59,0.85,1.75,-0.0,-0.3945,-0.0276,-0.225,0.762,2.331,0.458,,,2.58,-1.48,2.58,-1.04
122.43,RET_WAYPOINT,2.7032,-1.5014,0.274,160.4,0.97,1.66,-0.0,-0.3898,-0.025,-0.1849,0.719,,0.449,,,2.58,-1.48,2.58,-1.04
122.45,RET_WAYPOINT,2.6829,-1.504,0.268,160.24,1.2,1.56,-0.0,-0.3877,-0.0264,-0.148,0.719,,0.449,,,2.58,-1.48,2.58,-1.04
122.51,RET_WAYPOINT,2.6623,-1.5036,0.265,160.08,1.38,1.49,-0.0,-0.3709,-0.0167,-0.1154,0.688,,0.442,,,2.58,-1.48,2.58,-1.04
122.576,RET_WAYPOINT,2.6412,-1.5056,0.266,159.96,1.49,1.36,-0.0,-0.3536,-0.0104,-0.0765,0.688,,0.442,,,2.58,-1.48,2.58,-1.04
122.634,RET_WAYPOINT,2.6219,-1.5051,0.263,159.85,1.73,1.44,-0.0,-0.3425,0.0001,-0.0415,0.653,,0.432,,,2.58,-1.48,2.58,-1.04
122.684,RET_WAYPOINT,2.6074,-1.5058,0.257,159.8,2.06,1.65,-0.0,-0.3215,0.0089,-0.0243,0.653,,0.432,,,2.58,-1.48,2.58,-1.04
122.744,RET_WAYPOINT,2.5911,-1.5056,0.258,159.69,2.37,1.87,-0.0,-0.2984,0.0211,-0.0152,0.622,,0.44,,,2.58,-1.04,2.58,-1.04
122.76,RET_WAYPOINT,2.5763,-1.5052,0.26,159.58,2.59,2.35,-0.0,-0.278,0.0346,0.0017,0.622,,0.44,,,2.58,-1.04,2.58,-1.04
122.831,RET_WAYPOINT,2.5624,-1.5032,0.258,159.37,2.6,2.56,-0.0,-0.2509,0.0484,0.0142,0.59,,0.46,,,2.58,-1.04,2.58,-1.04
122.86,RET_WAYPOINT,2.5468,-1.5008,0.263,159.12,2.92,2.76,-0.0,-0.2235,0.0626,0.0195,0.59,,0.46,,,2.58,-1.04,2.58,-1.04
122.9,RET_WAYPOINT,2.5356,-1.498,0.264,158.94,4.49,2.7,-0.0,-0.1908,0.0813,0.0323,0.566,,0.545,,,2.58,-1.04,2.58,-1.04
122.963,RET_WAYPOINT,2.5265,-1.4935,0.271,158.7,5.12,2.62,-0.0,-0.1557,0.1121,0.0336,0.566,,0.545,,,2.58,-1.04,2.58,-1.04
123.016,RET_WAYPOINT,2.5189,-1.4874,0.275,158.52,5.35,2.36,-0.0,-0.1242,0.1499,0.0497,0.546,,0.706,,,2.58,-1.04,2.58,-1.04
123.078,RET_WAYPOINT,2.5116,-1.4788,0.274,158.26,5.38,2.31,-0.0,-0.0892,0.185,0.0524,0.546,,0.706,,,2.58,-1.04,2.58,-1.04
123.1,RET_WAYPOINT,2.5064,-1.4693,0.273,158.11,4.89,2.14,-0.0,-0.0602,0.2197,0.0403,0.532,,0.841,,,2.58,-1.04,2.58,-1.04
123.199,RET_WAYPOINT,2.5025,-1.4565,0.277,157.98,4.34,1.9,-0.0,-0.0298,0.2497,0.0337,0.532,,0.841,,,2.58,-1.04,2.58,-1.04
123.245,RET_WAYPOINT,2.5008,-1.4436,0.276,157.94,3.61,1.7,-0.0,-0.0081,0.2754,0.0383,0.518,,0.898,,,2.58,-1.04,2.58,-1.04
123.274,RET_WAYPOINT,2.4987,-1.4298,0.277,157.86,2.88,1.46,-0.0,0.0118,0.2966,0.03,0.518,,0.898,,,2.58,-1.04,2.58,-1.04
123.311,RET_WAYPOINT,2.4992,-1.4156,0.278,157.85,2.02,1.26,-0.0,0.0292,0.3146,0.0292,0.499,,0.933,,,2.58,-1.04,2.58,-1.04
123.376,RET_WAYPOINT,2.5001,-1.4008,0.278,157.75,1.32,1.13,-0.0,0.043,0.3185,0.0307,0.499,,0.933,,,2.58,-1.04,2.58,-1.04
123.406,RET_WAYPOINT,2.5001,-1.3846,0.282,157.6,0.69,1.06,-0.0,0.0484,0.3181,0.0277,0.486,,0.961,,,2.58,-1.04,2.58,-1.04
123.484,RET_WAYPOINT,2.502,-1.3699,0.286,157.56,0.3,0.98,-0.0,0.0554,0.3151,0.0352,0.486,,0.961,,,2.58,-1.04,2.58,-1.04
123.514,RET_WAYPOINT,2.5043,-1.3549,0.288,157.62,0.06,0.93,-0.0,0.0597,0.3106,0.0391,0.479,,0.994,,,2.58,-1.04,2.58,-1.04
123.55,RET_WAYPOINT,2.5058,-1.3409,0.291,157.74,-0.04,0.74,-0.0,0.0621,0.309,0.0353,0.479,,0.994,,,2.58,-1.04,2.58,-1.04
123.613,RET_WAYPOINT,2.5064,-1.3272,0.295,157.89,-0.07,0.61,-0.0,0.0609,0.3015,0.0355,0.478,,1.013,,,2.58,-1.04,2.58,-1.04
123.65,RET_WAYPOINT,2.5079,-1.3132,0.294,158.06,-0.14,0.6,-0.0,0.0639,0.2972,0.0353,0.478,,1.013,,,2.58,-1.04,2.58,-1.04
123.715,RET_WAYPOINT,2.5101,-1.2984,0.298,158.18,-0.04,0.73,-0.0,0.0619,0.2912,0.0233,0.477,,1.046,,,2.58,-1.04,2.58,-1.04
123.756,RET_WAYPOINT,2.5117,-1.285,0.296,158.28,-0.08,0.65,-0.0,0.065,0.2829,0.0241,0.477,,1.046,,,2.58,-1.04,2.58,-1.04
123.811,RET_WAYPOINT,2.5136,-1.2718,0.298,158.42,-0.15,0.46,-0.0,0.0612,0.2775,0.015,0.473,,1.064,,,2.58,-1.04,2.58,-1.04
123.873,RET_WAYPOINT,2.5136,-1.2593,0.297,158.63,-0.13,0.32,-0.0,0.0587,0.2751,0.0159,0.473,,1.064,,,2.58,-1.04,2.58,-1.04
123.917,RET_WAYPOINT,2.514,-1.247,0.3,158.88,-0.16,0.25,-0.0,0.0518,0.2691,0.0111,0.467,,1.09,,,2.58,-1.04,2.58,-1.04
123.984,RET_WAYPOINT,2.5149,-1.2336,0.299,159.13,0.13,0.36,-0.0,0.0492,0.2666,0.0118,0.467,,1.09,,,2.58,-1.04,2.58,-1.04
124.003,RET_WAYPOINT,2.515,-1.2209,0.302,159.25,0.42,0.49,-0.0,0.0465,0.2616,0.0052,0.464,,1.113,,,2.58,-1.04,2.58,-1.04
124.066,RET_WAYPOINT,2.5148,-1.2095,0.303,159.25,0.44,0.59,-0.0,0.0481,0.2617,0.0086,0.464,,1.113,,,2.58,-1.04,2.58,-1.04
124.111,RET_WAYPOINT,2.5149,-1.1981,0.3,159.14,0.53,0.71,-0.0,0.0461,0.2627,0.0059,0.451,,1.136,,,2.58,-1.04,2.58,-1.04
124.155,RET_WAYPOINT,2.5147,-1.1866,0.3,158.98,0.59,1.02,-0.0,0.0487,0.2606,-0.0027,0.451,,1.136,,,2.58,-1.04,2.58,-1.04
124.211,RET_WAYPOINT,2.5146,-1.1752,0.299,158.81,0.79,1.13,-0.0,0.0528,0.2572,-0.004,0.447,,1.164,,,2.58,-1.04,2.58,-1.04
124.254,RET_WAYPOINT,2.5143,-1.162,0.299,158.77,1.0,1.38,-0.0,0.0545,0.2565,-0.0111,0.447,,1.164,,,2.58,-1.04,2.58,-1.04
124.311,RET_WAYPOINT,2.5148,-1.1504,0.298,158.82,1.21,1.6,-0.0,0.0629,0.2597,-0.0133,0.443,,1.195,,,2.58,-1.04,2.58,-1.04
124.35,RET_WAYPOINT,2.5153,-1.1385,0.299,158.79,1.1,1.64,-0.0,0.0734,0.2592,-0.0104,0.443,,1.195,,,2.58,-1.04,2.58,-1.04
124.411,RET_WAYPOINT,2.5172,-1.126,0.295,158.74,0.82,1.7,-0.0,0.0875,0.2641,-0.0053,0.438,,1.218,,,2.58,-1.04,2.58,-1.04
124.466,RET_WAYPOINT,2.5194,-1.1138,0.296,158.88,0.56,1.47,-0.0,0.0943,0.2627,-0.0101,0.438,,1.218,,,2.58,-1.04,2.58,-1.04
124.503,RET_WAYPOINT,2.5224,-1.1004,0.296,159.19,0.41,1.54,-0.0,0.1013,0.2577,-0.0027,0.443,,1.237,,,2.58,-1.04,2.58,-1.04
124.571,RET_WAYPOINT,2.5253,-1.0877,0.298,159.6,0.25,1.67,-0.0,0.1068,0.2541,-0.0038,0.443,,1.237,,,2.58,-1.04,2.58,-1.04
124.602,RET_WAYPOINT,2.5264,-1.076,0.297,160.05,0.06,1.57,-0.0,0.1111,0.2492,-0.0,0.448,,1.26,,,2.58,-1.04,2.58,-1.04
124.679,RET_WAYPOINT,2.5296,-1.0643,0.299,160.39,0.03,1.44,-0.0,0.1184,0.2463,0.0013,0.448,,1.26,,,2.58,-1.04,2.58,-1.04
124.708,RET_WAYPOINT,2.5338,-1.0527,0.299,160.73,-0.3,1.48,-0.0,0.1238,0.2394,0.0064,0.452,,1.273,,,2.58,-1.04,2.58,-1.04
124.781,RET_WAYPOINT,2.537,-1.0423,0.301,161.1,-0.73,1.13,-0.0,0.1262,0.23,0.01,0.452,,1.273,,,2.58,-1.04,2.58,-1.04
124.853,RET_WAYPOINT,2.5404,-1.0292,0.298,161.48,-1.33,1.22,-0.0,0.1229,0.2152,0.0141,0.458,,1.291,,,2.58,-1.04,2.58,-1.04
124.862,RET_WAYPOINT,2.5431,-1.0176,0.299,161.84,-1.82,1.44,-0.0,0.1174,0.1984,0.003,0.458,,1.291,,,2.58,-1.04,2.58,-1.04
124.924,RET_WAYPOINT,2.5455,-1.0079,0.299,162.12,-2.46,1.52,-0.0,0.1162,0.1784,0.0055,0.447,,1.305,0.697,,2.58,-1.04,2.58,-1.04
124.961,RET_WAYPOINT,2.5473,-1.0003,0.3,162.29,-2.9,1.55,-0.0,0.1114,0.1545,0.0036,0.447,,1.305,0.697,,2.58,-1.04,2.58,-1.04
125.024,RET_WAYPOINT,2.549,-0.991,0.3,162.32,-3.44,1.64,-0.0,0.1051,0.1248,0.0064,0.446,,1.316,0.677,,2.58,-1.04,2.58,-1.04
125.054,RET_WAYPOINT,2.5511,-0.983,0.306,162.17,-4.06,1.45,-0.0,0.0991,0.0922,0.0075,0.446,,1.316,0.677,,2.58,-1.04,2.58,-1.04
125.119,RET_WAYPOINT,2.5541,-0.9776,0.305,161.94,-4.27,1.54,-0.0,0.0945,0.0562,0.0157,0.443,,1.339,0.672,,2.58,-1.04,2.58,-1.04
125.149,RET_WAYPOINT,2.556,-0.9746,0.304,161.63,-4.39,1.68,-0.0,0.09,0.0181,0.0082,0.443,,1.339,0.672,,2.58,-1.04,2.58,-1.04
125.207,RET_WAYPOINT,2.5593,-0.9722,0.305,161.32,-4.18,1.96,-0.0,0.087,-0.0187,-0.0033,0.446,,1.347,0.673,,2.58,-1.04,2.58,-1.04
125.256,RET_WAYPOINT,2.5608,-0.9737,0.304,160.96,-3.84,1.86,-0.0,0.0871,-0.0598,-0.0041,0.446,,1.347,0.673,,2.58,-1.04,2.58,-1.04
125.31,RET_WAYPOINT,2.5631,-0.9786,0.302,160.55,-3.59,1.68,-0.0,0.0816,-0.0924,-0.011,0.441,,1.351,,,2.58,-1.04,2.58,-1.04
125.354,RET_WAYPOINT,2.5629,-0.9808,0.301,160.26,-3.12,1.46,-0.0,0.0741,-0.122,-0.0155,0.441,,1.351,,,2.58,-1.04,2.58,-1.04
125.412,RET_WAYPOINT,2.5628,-0.9867,0.299,160.0,-2.58,1.13,-0.0,0.0676,-0.1462,-0.0155,0.45,2.252,1.354,,,2.58,-1.04,2.58,-1.04
125.455,RET_WAYPOINT,2.5635,-0.9923,0.301,159.71,-1.82,0.88,-0.0,0.062,-0.1622,-0.0168,0.45,2.252,1.354,,,2.58,-1.04,2.58,-1.04
125.518,RET_WAYPOINT,2.5641,-0.9979,0.299,159.46,-1.14,0.54,-0.0,0.0555,-0.1728,-0.0112,0.453,,1.36,,,2.58,-1.04,2.58,-1.04
125.548,RET_WAYPOINT,2.5642,-1.0016,0.298,159.3,-0.67,0.27,-0.0,0.0495,-0.175,-0.0118,0.453,,1.36,,,2.58,-1.04,2.58,-1.04
125.616,RET_WAYPOINT,2.5636,-1.0101,0.299,159.15,-0.17,0.2,-0.0,0.0426,-0.1721,-0.0118,0.458,,1.345,,,2.58,-1.04,2.58,-1.04
125.67,RET_WAYPOINT,2.5629,-1.0141,0.298,159.03,0.39,0.1,-0.0,0.0384,-0.1647,-0.0046,0.458,,1.345,,,2.58,-1.04,2.58,-1.04
125.714,ROTATION_SCAN,2.5623,-1.0189,0.299,158.94,0.81,0.14,-0.0,0.035,-0.1515,-0.0061,0.462,,1.338,,,,,2.58,-1.04
125.763,ROTATION_SCAN,2.5622,-1.0232,0.295,158.83,1.26,0.06,-0.0,0.0333,-0.1368,-0.0004,0.462,,1.338,,,,,2.58,-1.04
125.816,ROTATION_SCAN,2.5635,-1.0298,0.298,158.74,1.32,0.12,15.0,0.0356,-0.1265,-0.0076,0.462,,1.334,,,,,2.58,-1.04
125.856,ROTATION_SCAN,2.5629,-1.0335,0.295,158.78,1.65,-0.21,15.0,0.0378,-0.1083,0.0035,0.462,,1.334,,,,,2.58,-1.04
125.919,ROTATION_SCAN,2.5638,-1.0388,0.298,158.97,1.92,-0.51,15.0,0.0364,-0.0941,-0.0066,0.466,,1.328,,,,,2.58,-1.04
125.971,ROTATION_SCAN,2.5658,-1.0417,0.299,159.43,2.05,-0.48,15.0,0.0391,-0.0728,0.001,0.466,,1.328,,,,,2.58,-1.04
126.019,ROTATION_SCAN,2.5674,-1.0428,0.296,159.99,1.99,-0.69,15.0,0.0391,-0.0497,0.0028,0.47,,1.31,,,,,2.58,-1.04
126.057,ROTATION_SCAN,2.5681,-1.0426,0.296,160.69,1.83,-0.79,15.0,0.0358,-0.027,-0.0057,0.47,,1.31,,,,,2.58,-1.04
126.1,ROTATION_SCAN,2.5678,-1.0383,0.297,161.41,1.61,-0.76,15.0,0.0297,0.0016,-0.0021,0.467,,1.308,,,,,2.58,-1.04
126.174,ROTATION_SCAN,2.5678,-1.0334,0.299,162.21,1.41,-0.59,15.0,0.024,0.0316,0.0012,0.467,,1.308,,,,,2.58,-1.04
126.204,ROTATION_SCAN,2.5675,-1.0263,0.299,162.99,1.03,-0.57,15.0,0.0198,0.0496,0.0047,0.469,,1.303,,,,,2.58,-1.04
126.265,ROTATION_SCAN,2.5667,-1.0212,0.301,163.75,0.45,-0.35,15.0,0.014,0.0622,0.0059,0.469,,1.303,,,,,2.58,-1.04
126.329,ROTATION_SCAN,2.5649,-1.0151,0.302,164.43,0.04,-0.16,15.0,0.0073,0.0714,0.0088,0.465,,1.277,0.717,,,,2.58,-1.04
126.358,ROTATION_SCAN,2.5635,-1.0091,0.299,165.23,-0.59,-0.07,15.0,0.0026,0.0748,0.0124,0.465,,1.277,0.717,,,,2.58,-1.04
126.399,ROTATION_SCAN,2.5605,-1.0048,0.299,165.93,-1.12,0.15,15.0,-0.0057,0.069,0.0024,0.462,,1.255,0.695,,,,2.58,-1.04
126.462,ROTATION_SCAN,2.5588,-0.9994,0.3,166.6,-1.44,0.31,15.0,-0.0096,0.0623,-0.0011,0.462,,1.255,0.695,,,,2.58,-1.04
126.5,ROTATION_SCAN,2.5572,-0.9979,0.299,167.24,-1.66,0.5,15.0,-0.0123,0.046,-0.0014,0.46,,1.234,0.688,,,,2.58,-1.04
126.591,ROTATION_SCAN,2.5552,-0.9939,0.297,167.9,-1.82,0.57,15.0,-0.0133,0.0341,-0.0031,0.46,,1.234,0.688,,,,2.58,-1.04
126.602,ROTATION_SCAN,2.5522,-0.9933,0.299,168.51,-1.91,0.63,15.0,-0.0171,0.0162,-0.0071,0.453,,1.199,0.681,,,,2.58,-1.04
126.676,ROTATION_SCAN,2.55,-0.9928,0.301,169.22,-1.79,0.7,15.0,-0.0166,-0.001,-0.0031,0.453,,1.199,0.681,,,,2.58,-1.04
126.702,ROTATION_SCAN,2.549,-0.9942,0.298,170.03,-1.39,0.79,15.0,-0.0133,-0.0177,-0.001,0.447,,1.154,0.68,,,,2.58,-1.04
126.779,ROTATION_SCAN,2.5471,-0.9957,0.299,170.91,-1.19,0.72,15.0,-0.0119,-0.0303,-0.0086,0.447,,1.154,0.68,,,,2.58,-1.04
126.806,ROTATION_SCAN,2.5456,-0.9994,0.298,171.8,-0.95,0.77,15.0,-0.0081,-0.0455,-0.0057,0.436,,1.079,0.679,,,,2.58,-1.04
126.869,ROTATION_SCAN,2.5441,-1.0018,0.3,172.74,-0.6,0.97,15.0,-0.0046,-0.0519,-0.003,0.436,,1.079,0.679,,,,2.58,-1.04
126.899,ROTATION_SCAN,2.5426,-1.0057,0.299,173.74,-0.2,1.09,15.0,0.0001,-0.0616,0.0034,0.433,,0.986,0.687,,,,2.58,-1.04
126.96,ROTATION_SCAN,2.5432,-1.0104,0.299,174.72,0.09,1.15,15.0,0.0108,-0.0637,0.0019,0.433,,0.986,0.687,,,,2.58,-1.04
127.004,ROTATION_SCAN,2.5423,-1.0123,0.299,175.66,0.34,1.16,15.0,0.0161,-0.0587,0.0017,0.428,,0.929,0.69,,,,2.58,-1.04
127.07,ROTATION_SCAN,2.5423,-1.0161,0.301,176.66,0.59,1.03,15.0,0.0247,-0.0578,0.0053,0.428,,0.929,0.69,,,,2.58,-1.04
127.102,ROTATION_SCAN,2.543,-1.0177,0.3,177.64,0.77,0.78,15.0,0.035,-0.0477,0.0087,0.434,,0.889,0.701,,,,2.58,-1.04
127.171,ROTATION_SCAN,2.5463,-1.0189,0.299,178.58,0.88,0.64,15.0,0.0409,-0.0395,0.0058,0.434,,0.889,0.701,,,,2.58,-1.04
127.204,ROTATION_SCAN,2.5495,-1.0206,0.3,179.42,0.93,0.59,15.0,0.0546,-0.0304,0.0014,0.447,,0.87,0.708,,,,2.58,-1.04
127.269,ROTATION_SCAN,2.5543,-1.0224,0.299,-179.75,0.85,0.4,15.0,0.0584,-0.0249,0.0044,0.447,,0.87,0.708,,,,2.58,-1.04
127.298,ROTATION_SCAN,2.5582,-1.0226,0.3,-178.94,0.82,0.14,15.0,0.0623,-0.0157,0.0017,0.454,,0.858,0.718,,,,2.58,-1.04
127.355,ROTATION_SCAN,2.564,-1.0228,0.3,-178.19,0.9,-0.03,15.0,0.069,-0.0073,-0.0002,0.454,,0.858,0.718,,,,2.58,-1.04
127.412,ROTATION_SCAN,2.5672,-1.0215,0.302,-177.49,0.77,-0.31,15.0,0.0693,0.0034,-0.0004,0.465,,0.857,0.726,,,,2.58,-1.04
127.449,ROTATION_SCAN,2.5714,-1.0204,0.303,-176.73,0.76,-0.55,15.0,0.0655,0.0105,0.0035,0.465,,0.857,0.726,,,,2.58,-1.04
127.517,ROTATION_SCAN,2.5724,-1.019,0.302,-176.0,0.68,-0.87,15.0,0.0563,0.0207,0.0008,0.471,,0.862,,,,,2.58,-1.04
127.551,ROTATION_SCAN,2.5757,-1.0173,0.301,-175.28,0.51,-1.07,15.0,0.0476,0.0244,-0.0033,0.471,,0.862,,,,,2.58,-1.04
127.616,ROTATION_SCAN,2.5776,-1.0139,0.299,-174.52,0.27,-1.08,15.0,0.0349,0.0329,-0.0048,0.477,,0.874,,,,,2.58,-1.04
127.652,ROTATION_SCAN,2.5776,-1.0096,0.299,-173.7,0.12,-1.09,15.0,0.0224,0.0392,-0.0079,0.477,,0.874,,,,,2.58,-1.04
127.764,ROTATION_SCAN,2.5777,-1.0066,0.299,-172.85,-0.17,-1.02,15.0,0.0087,0.0397,-0.0034,0.484,,0.884,,,,,2.58,-1.04
127.792,ROTATION_SCAN,2.5763,-1.0041,0.299,-172.08,-0.48,-1.09,15.0,-0.0015,0.0405,-0.0009,0.484,,0.884,,,,,2.58,-1.04
127.802,ROTATION_SCAN,2.5742,-1.001,0.299,-171.27,-0.81,-1.11,15.0,-0.0134,0.0335,0.0014,0.488,,0.896,,,,,2.58,-1.04
127.864,ROTATION_SCAN,2.5729,-0.9998,0.3,-170.39,-0.9,-0.86,15.0,-0.0252,0.0218,0.0019,0.488,,0.896,,,,,2.58,-1.04
127.901,ROTATION_SCAN,2.5696,-1.0005,0.299,-169.56,-0.95,-0.77,15.0,-0.03,0.0088,0.0045,0.492,0.637,0.916,,,,,2.58,-1.04
127.961,ROTATION_SCAN,2.5654,-1.0003,0.299,-168.75,-0.9,-0.46,15.0,-0.0415,0.0012,0.0018,0.492,0.637,0.916,,,,,2.58,-1.04
128.002,ROTATION_SCAN,2.5629,-1.0002,0.3,-168.06,-0.91,-0.12,15.0,-0.0462,-0.0063,0.0007,0.498,0.61,0.933,,,,,2.58,-1.04
128.079,ROTATION_SCAN,2.5601,-1.0006,0.303,-167.42,-0.82,0.27,15.0,-0.0424,-0.0133,0.0034,0.498,0.61,0.933,,,,,2.58,-1.04
128.109,ROTATION_SCAN,2.5572,-1.0017,0.302,-166.65,-0.78,0.44,15.0,-0.0423,-0.0212,0.011,0.496,0.598,0.952,,,,,2.58,-1.04
128.162,ROTATION_SCAN,2.5537,-1.003,0.304,-165.75,-0.53,0.68,15.0,-0.0346,-0.0244,0.0064,0.496,0.598,0.952,,,,,2.58,-1.04
128.211,ROTATION_SCAN,2.5517,-1.0047,0.303,-164.76,-0.42,0.94,15.0,-0.0302,-0.0268,0.0113,0.498,0.593,,,,,,2.58,-1.04
128.266,ROTATION_SCAN,2.5494,-1.005,0.301,-163.85,-0.2,1.21,15.0,-0.0256,-0.027,0.0046,0.498,0.593,,,,,,2.58,-1.04
128.314,ROTATION_SCAN,2.5476,-1.0073,0.301,-162.89,-0.17,1.3,15.0,-0.0133,-0.0256,-0.0024,0.501,0.583,,,,,,2.58,-1.04
128.368,ROTATION_SCAN,2.5473,-1.009,0.303,-161.98,-0.13,1.19,15.0,-0.003,-0.0218,-0.0012,0.501,0.583,,,,,,2.58,-1.04
128.412,ROTATION_SCAN,2.547,-1.0091,0.303,-161.09,-0.09,1.24,15.0,0.0071,-0.0195,0.0042,0.505,0.571,,,,,,2.58,-1.04
128.466,ROTATION_SCAN,2.5481,-1.0102,0.302,-160.21,-0.09,1.19,15.0,0.0184,-0.0171,0.0021,0.505,0.571,,,,,,2.58,-1.04
128.497,ROTATION_SCAN,2.5505,-1.0097,0.302,-159.34,-0.09,1.19,15.0,0.0317,-0.0111,-0.0028,0.516,0.568,2.894,,,,,2.58,-1.04
128.553,ROTATION_SCAN,2.5532,-1.0088,0.3,-158.51,-0.03,0.93,15.0,0.0422,-0.0046,-0.0036,0.516,0.568,2.894,,,,,2.58,-1.04
128.601,ROTATION_SCAN,2.5545,-1.0079,0.301,-157.66,0.03,0.49,15.0,0.0395,0.0014,-0.0079,0.528,0.558,2.955,,,,,2.58,-1.04
128.665,ROTATION_SCAN,2.5554,-1.0058,0.305,-156.83,0.14,0.08,15.0,0.0475,0.009,0.0012,0.528,0.558,2.955,,,,,2.58,-1.04
128.716,ROTATION_SCAN,2.56,-1.0038,0.303,-156.01,0.22,-0.08,15.0,0.0486,0.012,0.014,0.54,0.557,2.979,,,,,2.58,-1.04
128.765,ROTATION_SCAN,2.5617,-1.0022,0.305,-155.19,0.28,-0.22,15.0,0.0436,0.0152,0.0102,0.54,0.557,2.979,,,,,2.58,-1.04
128.822,ROTATION_SCAN,2.5611,-1.0007,0.307,-154.45,0.18,-0.64,15.0,0.0356,0.0194,0.0127,0.554,0.562,,1.479,,,,2.58,-1.04
128.871,ROTATION_SCAN,2.5629,-0.9985,0.31,-153.76,0.01,-0.91,15.0,0.0289,0.0184,0.0139,0.554,0.562,,1.479,,,,2.58,-1.04
128.958,ROTATION_SCAN,2.5623,-0.9972,0.307,-153.06,0.1,-0.86,15.0,0.0142,0.0161,0.0144,0.563,0.569,,,,,,2.58,-1.04
128.997,ROTATION_SCAN,2.5576,-0.9947,0.306,-152.36,0.07,-0.76,15.0,-0.0013,0.017,0.0028,0.563,0.569,,,,,,2.58,-1.04
129.006,ROTATION_SCAN,2.553,-0.9933,0.304,-151.61,-0.25,-0.67,15.0,-0.0162,0.0134,-0.0068,0.571,0.585,3.126,,,,,2.58,-1.04
129.07,ROTATION_SCAN,2.5465,-0.9937,0.305,-150.86,-0.31,-0.44,15.0,-0.0309,0.0079,-0.0132,0.571,0.585,3.126,,,,,2.58,-1.04
129.102,ROTATION_SCAN,2.5398,-0.9927,0.302,-150.12,-0.52,-0.31,15.0,-0.0462,0.0032,-0.0117,0.578,0.607,,1.489,,,,2.58,-1.04
129.169,ROTATION_SCAN,2.5334,-0.9924,0.305,-149.35,-0.66,0.11,15.0,-0.0517,-0.0005,-0.0146,0.578,0.607,,1.489,,,,2.58,-1.04
129.211,ROTATION_SCAN,2.5266,-0.9924,0.302,-148.55,-0.89,0.55,15.0,-0.0541,-0.004,-0.0064,0.579,0.629,,1.515,,,,2.58,-1.04
129.261,ROTATION_SCAN,2.5203,-0.9926,0.301,-147.71,-1.08,0.74,15.0,-0.0558,-0.0098,-0.0121,0.579,0.629,,1.515,,,,2.58,-1.04
129.311,ROTATION_SCAN,2.5133,-0.992,0.305,-146.86,-1.3,0.93,15.0,-0.0502,-0.012,-0.014,0.583,0.659,,1.51,,,,2.58,-1.04
129.379,ROTATION_SCAN,2.5065,-0.9918,0.302,-145.97,-1.59,1.11,15.0,-0.0475,-0.0168,-0.0041,0.583,0.659,,1.51,,,,2.58,-1.04
129.414,ROTATION_SCAN,2.4999,-0.9944,0.307,-145.17,-1.76,1.15,15.0,-0.0424,-0.0254,-0.0108,0.593,0.682,,1.473,,,,2.58,-1.04
129.464,ROTATION_SCAN,2.4955,-0.996,0.307,-144.49,-1.82,1.36,15.0,-0.031,-0.0319,0.003,0.593,0.682,,1.473,,,,2.58,-1.04
129.512,ROTATION_SCAN,2.4906,-0.9979,0.304,-143.92,-1.85,1.66,15.0,-0.0181,-0.0387,0.004,0.596,0.702,,1.419,,,,2.58,-1.04
129.573,ROTATION_SCAN,2.4866,-1.0022,0.304,-143.45,-1.77,1.8,15.0,-0.0049,-0.0484,-0.0021,0.596,0.702,,1.419,,,,2.58,-1.04
129.632,ROTATION_SCAN,2.4836,-1.0049,0.304,-143.2,-1.52,1.94,15.0,0.0102,-0.0506,-0.0002,0.601,0.72,,1.359,,,,2.58,-1.04
129.671,ROTATION_SCAN,2.4832,-1.0072,0.303,-143.11,-1.46,2.01,15.0,0.0259,-0.0555,-0.001,0.601,0.72,,1.359,,,,2.58,-1.04
129.702,ROTATION_SCAN,2.4847,-1.0124,0.3,-143.03,-1.33,2.1,15.0,0.0481,-0.0566,-0.0074,0.597,0.72,,1.343,,,,2.58,-1.04
129.769,ROTATION_SCAN,2.4871,-1.0165,0.302,-143.02,-0.97,1.89,15.0,0.067,-0.0562,-0.0157,0.597,0.72,,1.343,,,,2.58,-1.04
129.799,ROTATION_SCAN,2.4899,-1.0201,0.302,-143.01,-0.64,1.59,15.0,0.0799,-0.0515,-0.0051,0.603,0.721,,,,,,2.58,-1.04
129.885,ROTATION_SCAN,2.4942,-1.0223,0.3,-143.06,-0.35,1.48,15.0,0.0911,-0.0498,-0.0023,0.603,0.721,,,,,,2.58,-1.04
129.915,ROTATION_SCAN,2.4974,-1.0252,0.3,-142.97,-0.13,1.38,15.0,0.0991,-0.046,-0.0034,0.605,0.711,,1.352,,,,2.58,-1.04
129.995,ROTATION_SCAN,2.5002,-1.0284,0.299,-142.67,0.24,1.26,15.0,0.1016,-0.0419,-0.001,0.605,0.711,,1.352,,,,2.58,-1.04
130.019,ROTATION_SCAN,2.5048,-1.031,0.301,-142.12,0.35,1.01,15.0,0.1074,-0.0349,-0.003,0.618,0.705,,,,,,2.58,-1.04
130.048,ROTATION_SCAN,2.5099,-1.0326,0.303,-141.35,0.46,0.83,15.0,0.1089,-0.0245,0.0032,0.618,0.705,,,,,,2.58,-1.04
130.11,ROTATION_SCAN,2.5153,-1.0345,0.305,-140.39,0.46,0.87,15.0,0.1131,-0.0208,0.0039,0.64,0.71,,,,,,2.58,-1.04
130.148,ROTATION_SCAN,2.521,-1.038,0.304,-139.33,0.37,0.65,15.0,0.1149,-0.0195,0.0055,0.64,0.71,,,,,,2.58,-1.04
130.236,ROTATION_SCAN,2.527,-1.0396,0.306,-138.2,0.5,0.41,15.0,0.1173,-0.0212,-0.0022,0.685,0.714,,1.216,,,,2.58,-1.04
130.257,ROTATION_SCAN,2.5314,-1.0421,0.304,-137.05,0.77,0.3,15.0,0.1142,-0.0197,-0.0024,0.685,0.714,,1.216,,,,2.58,-1.04
130.344,ROTATION_SCAN,2.5377,-1.0465,0.304,-135.95,0.91,0.03,15.0,0.1088,-0.0181,-0.0099,0.734,0.723,,1.196,,,,2.58,-1.04
130.375,ROTATION_SCAN,2.5427,-1.0491,0.304,-134.93,1.17,-0.05,15.0,0.1,-0.0172,-0.0097,0.734,0.723,,1.196,,,,2.58,-1.04
130.4,ROTATION_SCAN,2.5465,-1.0517,0.303,-133.95,1.28,-0.04,15.0,0.091,-0.014,-0.0109,0.8,0.735,,1.185,,,,2.58,-1.04
130.448,ROTATION_SCAN,2.5509,-1.0547,0.3,-133.01,1.44,0.02,15.0,0.0837,-0.0151,-0.015,0.8,0.735,,1.185,,,,2.58,-1.04
130.508,ROTATION_SCAN,2.5537,-1.0574,0.3,-132.02,1.56,0.15,15.0,0.0716,-0.0102,-0.0169,0.922,0.751,,,,,,2.58,-1.04
130.569,ROTATION_SCAN,2.5562,-1.0612,0.302,-131.07,1.86,0.15,15.0,0.0578,-0.0075,-0.0128,0.922,0.751,,,,,,2.58,-1.04
130.625,ROTATION_SCAN,2.5576,-1.064,0.298,-130.15,1.95,0.38,15.0,0.0433,-0.0002,-0.0082,,0.773,,,,,,2.58,-1.04
130.667,ROTATION_SCAN,2.5587,-1.0662,0.297,-129.18,1.88,0.6,15.0,0.032,0.0098,-0.0159,,0.773,,,,,,2.58,-1.04
130.72,ROTATION_SCAN,2.5575,-1.071,0.299,-128.2,1.83,0.74,15.0,0.017,0.0123,-0.0155,2.433,,,0.569,,,,2.58,-1.04
130.813,ROTATION_SCAN,2.5564,-1.0714,0.299,-127.15,1.62,0.9,15.0,0.0046,0.0245,-0.0065,2.433,,,0.569,,,,2.58,-1.04
130.849,ROTATION_SCAN,2.5547,-1.0713,0.297,-126.08,1.3,1.01,15.0,-0.0042,0.0332,-0.0069,2.487,,,0.523,,,,2.58,-1.04
130.88,ROTATION_SCAN,2.5533,-1.0716,0.299,-125.04,1.11,1.17,15.0,-0.0096,0.0451,-0.0053,2.487,,,0.523,,,,2.58,-1.04
130.914,ROTATION_SCAN,2.549,-1.0713,0.299,-124.06,0.87,1.29,15.0,-0.019,0.0545,0.0042,2.514,,,0.496,,,,2.58,-1.04
130.965,ROTATION_SCAN,2.5466,-1.0706,0.299,-123.14,0.56,1.33,15.0,-0.0215,0.0619,0.0075,2.514,,,0.496,,,,2.58,-1.04
130.999,ROTATION_SCAN,2.5431,-1.0687,0.301,-122.29,0.47,1.36,15.0,-0.0239,0.0722,0.0078,2.473,,,0.483,,,,2.58,-1.04
131.048,ROTATION_SCAN,2.5404,-1.0684,0.3,-121.55,0.13,1.4,15.0,-0.0209,0.0751,0.0131,2.473,,,0.483,,,,2.58,-1.04
131.106,ROTATION_SCAN,2.5394,-1.066,0.303,-120.74,-0.11,1.36,15.0,-0.0169,0.0825,0.0082,2.423,,,0.477,,,,2.58,-1.04
131.17,ROTATION_SCAN,2.5383,-1.0641,0.302,-119.91,-0.23,1.13,15.0,-0.011,0.0856,0.0155,2.423,,,0.477,,,,2.58,-1.04
131.223,ROTATION_SCAN,2.5368,-1.0626,0.304,-119.14,-0.56,0.99,15.0,-0.0058,0.0852,0.0112,1.98,,,0.466,,,,2.58,-1.04
131.247,ROTATION_SCAN,2.5365,-1.0584,0.304,-118.41,-0.46,0.79,15.0,0.0011,0.0891,0.013,1.98,,,0.466,,,,2.58,-1.04
131.328,ROTATION_SCAN,2.5369,-1.056,0.304,-117.77,-0.37,0.73,15.0,0.0078,0.0882,0.0077,,,,0.468,,,,2.58,-1.04
131.351,ROTATION_SCAN,2.5371,-1.0542,0.301,-117.1,-0.45,0.56,15.0,0.0128,0.0853,-0.0,,,,0.468,,,,2.58,-1.04
131.416,ROTATION_SCAN,2.5383,-1.0511,0.301,-116.31,-0.46,0.39,15.0,0.0192,0.0841,-0.0099,1.4,,,0.463,,,,2.58,-1.04
131.458,ROTATION_SCAN,2.539,-1.0491,0.299,-115.39,-0.29,0.15,15.0,0.022,0.079,-0.0064,1.4,,,0.463,,,,2.58,-1.04
131.534,ROTATION_SCAN,2.5401,-1.046,0.302,-114.37,-0.13,-0.01,15.0,0.0237,0.0767,-0.0093,1.346,,,0.462,,,,2.58,-1.04
131.579,ROTATION_SCAN,2.5412,-1.0402,0.304,-113.32,-0.03,-0.02,15.0,0.024,0.0811,-0.0007,1.346,,,0.462,,,,2.58,-1.04
131.637,ROTATION_SCAN,2.5426,-1.0362,0.306,-112.24,-0.01,-0.12,15.0,0.0233,0.0792,0.005,1.316,,2.046,0.46,,,,2.58,-1.04
131.654,ROTATION_SCAN,2.543,-1.0371,0.302,-111.19,-0.01,-0.39,15.0,0.0169,0.0655,0.0077,1.316,,2.046,0.46,,,,2.58,-1.04
131.734,ROTATION_SCAN,2.5422,-1.0354,0.303,-110.21,0.13,-0.41,15.0,0.0135,0.0584,-0.0019,1.296,,2.048,0.459,,,,2.58,-1.04
131.798,ROTATION_SCAN,2.5399,-1.0356,0.301,-109.31,0.07,-0.42,15.0,0.0066,0.0494,-0.0007,1.296,,2.048,0.459,,,,1.52,-0.28
131.867,RET_WAYPOINT,2.5396,-1.035,0.299,-108.46,-0.06,-0.37,-0.0,0.004,0.0419,-0.0066,1.29,,2.06,0.456,,2.26,-1.04,1.52,-0.28
131.889,RET_WAYPOINT,2.5386,-1.0357,0.302,-107.73,-0.12,-0.21,-0.0,0.0014,0.0343,-0.0118,1.29,,2.06,0.456,,2.26,-1.04,1.52,-0.28
131.921,RET_WAYPOINT,2.5312,-1.0391,0.3,-107.16,0.08,-0.34,-0.0,-0.0235,0.0202,-0.0031,1.268,,2.046,0.459,,2.26,-1.04,1.52,-0.28
131.976,RET_WAYPOINT,2.5264,-1.0392,0.301,-106.82,0.25,-0.37,-0.0,-0.03,0.0112,-0.0,1.268,,2.046,0.459,,2.26,-1.04,1.52,-0.28
132.005,RET_WAYPOINT,2.5244,-1.0426,0.301,-106.58,1.96,-1.04,-0.0,-0.038,0.0037,0.0024,1.259,0.739,2.05,0.452,,2.26,-1.04,1.52,-0.28
132.061,RET_WAYPOINT,2.5243,-1.0432,0.303,-106.53,3.07,-1.29,-0.0,-0.0566,-0.0041,0.0014,1.259,0.739,2.05,0.452,,2.26,-1.04,1.52,-0.28
132.11,RET_WAYPOINT,2.5203,-1.0462,0.302,-106.56,3.81,-1.31,-0.0,-0.093,-0.0134,0.0083,1.259,0.739,2.03,0.451,,2.26,-1.04,1.52,-0.28
132.161,RET_WAYPOINT,2.5148,-1.0506,0.304,-106.69,4.3,-1.06,-0.0,-0.1338,-0.0187,0.0042,1.259,0.739,2.03,0.451,,2.26,-1.04,1.52,-0.28
132.209,RET_WAYPOINT,2.5059,-1.0532,0.304,-106.74,4.25,-0.78,-0.0,-0.1784,-0.0191,0.0062,1.259,0.742,2.043,0.433,,2.26,-1.04,1.52,-0.28
132.272,RET_WAYPOINT,2.4923,-1.057,0.305,-106.75,3.97,-0.5,-0.0,-0.2155,-0.0165,0.0066,1.259,0.742,2.043,0.433,,2.26,-1.04,1.52,-0.28
132.311,RET_WAYPOINT,2.4797,-1.0583,0.309,-106.79,3.33,-0.13,-0.0,-0.246,-0.0118,0.0045,1.256,0.747,2.062,0.411,,2.26,-1.04,1.52,-0.28
132.36,RET_WAYPOINT,2.4666,-1.0589,0.303,-107.01,2.62,0.08,-0.0,-0.2704,-0.0081,0.0119,1.256,0.747,2.062,0.411,,2.26,-1.04,1.52,-0.28
132.398,RET_WAYPOINT,2.4523,-1.0606,0.304,-107.3,1.92,0.56,-0.0,-0.2972,-0.0032,-0.0133,1.25,0.75,2.09,0.38,,2.26,-1.04,1.52,-0.28
132.471,RET_WAYPOINT,2.4382,-1.0613,0.305,-107.68,1.38,0.87,-0.0,-0.2983,0.0051,-0.0111,1.25,0.75,2.09,0.38,,2.26,-1.04,1.52,-0.28
132.504,RET_WAYPOINT,2.4209,-1.0629,0.302,-108.05,0.83,1.0,-0.0,-0.3097,0.0096,-0.0054,1.255,0.757,2.13,0.351,,2.26,-1.04,1.52,-0.28
132.563,RET_WAYPOINT,2.4063,-1.0644,0.302,-108.47,0.39,0.99,-0.0,-0.3105,0.0164,-0.0166,1.255,0.757,2.13,0.351,,2.26,-1.04,1.52,-0.28
132.617,RET_WAYPOINT,2.3931,-1.0641,0.303,-108.95,0.06,1.1,-0.0,-0.3026,0.0227,-0.0181,1.265,0.768,,0.325,,2.26,-1.04,1.52,-0.28
132.669,RET_WAYPOINT,2.3791,-1.0636,0.3,-109.55,-0.15,1.13,-0.0,-0.298,0.0312,-0.0118,1.265,0.768,,0.325,,2.26,-1.04,1.52,-0.28
132.72,RET_WAYPOINT,2.3663,-1.0632,0.301,-110.19,-0.41,0.99,-0.0,-0.2896,0.0331,-0.0208,1.295,0.774,,0.298,,2.26,-1.04,1.52,-0.28
132.767,RET_WAYPOINT,2.3542,-1.0628,0.298,-110.77,-0.41,0.95,-0.0,-0.2761,0.0388,-0.0126,1.295,0.774,,0.298,,2.26,-1.04,1.52,-0.28
132.826,RET_WAYPOINT,2.3406,-1.0633,0.299,-111.28,-0.26,0.77,-0.0,-0.2671,0.038,-0.0161,1.365,0.785,,0.275,,2.26,-1.04,1.52,-0.28
132.869,RET_WAYPOINT,2.3293,-1.0623,0.296,-111.69,-0.15,0.6,-0.0,-0.2611,0.0406,-0.0114,1.365,0.785,,0.275,,2.26,-1.04,1.52,-0.28
132.924,RET_WAYPOINT,2.3182,-1.0611,0.296,-112.03,0.08,0.62,-0.0,-0.2504,0.043,-0.0129,,0.788,,0.252,,2.26,-1.04,1.52,-0.28
132.947,RET_WAYPOINT,2.3078,-1.0591,0.294,-112.31,-0.08,0.68,-0.0,-0.2463,0.0485,-0.009,,0.788,,0.252,,2.26,-1.04,1.52,-0.28
133.004,RET_WAYPOINT,2.2972,-1.0573,0.298,-112.54,-0.18,0.68,-0.0,-0.2397,0.0504,-0.0073,2.362,0.793,,0.23,,2.26,-1.04,1.52,-0.28
133.059,RET_WAYPOINT,2.2866,-1.056,0.298,-112.67,-0.7,0.79,-0.0,-0.2308,0.0512,0.0059,2.362,0.793,,0.23,,2.26,-1.04,1.52,-0.28
133.096,RET_WAYPOINT,2.2763,-1.0533,0.299,-112.73,-0.98,0.78,-0.0,-0.2155,0.054,0.0112,2.419,0.801,,0.208,,2.26,-1.04,1.52,-0.28
133.161,RET_WAYPOINT,2.2681,-1.051,0.298,-112.68,-1.31,0.79,-0.0,-0.2014,0.0558,0.0075,2.419,0.801,,0.208,,2.26,-0.74,1.52,-0.28
133.201,RET_WAYPOINT,2.2591,-1.0486,0.3,-112.49,-1.64,0.89,-0.0,-0.1813,0.0559,0.0036,2.433,0.806,,0.193,,2.26,-0.74,1.52,-0.28
133.269,RET_WAYPOINT,2.2514,-1.0462,0.298,-112.24,-1.41,2.11,-0.0,-0.166,0.059,0.0074,2.433,0.806,,0.193,,2.26,-0.74,1.52,-0.28
133.3,RET_WAYPOINT,2.2456,-1.0447,0.301,-111.97,-1.52,3.44,-0.0,-0.1414,0.0672,-0.0013,2.438,0.819,,0.178,,2.26,-0.74,1.52,-0.28
133.364,RET_WAYPOINT,2.2398,-1.0425,0.304,-111.61,-1.55,4.32,-0.0,-0.1136,0.0876,0.002,2.438,0.819,,0.178,,2.26,-0.74,1.52,-0.28
133.401,RET_WAYPOINT,2.2354,-1.0385,0.301,-111.3,-1.74,4.84,-0.0,-0.0869,0.1167,0.0097,2.433,0.824,,0.165,,2.26,-0.74,1.52,-0.28
133.465,RET_WAYPOINT,2.2317,-1.0322,0.3,-111.26,-1.71,4.88,-0.0,-0.0567,0.1505,0.0003,2.433,0.824,,0.165,,2.26,-0.74,1.52,-0.28
133.5,RET_WAYPOINT,2.2304,-1.0212,0.302,-111.42,-1.56,4.87,-0.0,-0.0247,0.1916,-0.0088,2.428,0.825,,0.156,,2.26,-0.74,1.52,-0.28
133.563,RET_WAYPOINT,2.2304,-1.0117,0.305,-111.55,-1.16,4.24,-0.0,0.0029,0.2245,-0.0005,2.428,0.825,,0.156,,2.26,-0.74,1.52,-0.28
133.596,RET_WAYPOINT,2.2331,-0.9988,0.302,-111.76,-0.7,3.68,-0.0,0.0253,0.2498,0.0039,2.405,0.813,,0.167,,2.26,-0.74,1.52,-0.28
133.697,RET_WAYPOINT,2.2344,-0.9862,0.301,-112.04,-0.62,2.93,-0.0,0.0418,0.274,-0.0011,2.405,0.813,,0.167,,2.26,-0.74,1.52,-0.28
133.736,RET_WAYPOINT,2.238,-0.973,0.302,-112.27,-0.46,2.16,-0.0,0.0569,0.2889,-0.0004,,0.788,,0.246,,2.26,-0.74,1.52,-0.28
133.79,RET_WAYPOINT,2.2423,-0.9595,0.301,-112.51,-0.25,1.51,-0.0,0.0708,0.3033,0.0071,,0.788,,0.246,,2.26,-0.74,1.52,-0.28
133.811,RET_WAYPOINT,2.2464,-0.9465,0.299,-112.82,-0.09,1.09,-0.0,0.0754,0.3079,0.007,,0.759,,0.158,,2.26,-0.74,1.52,-0.28
133.919,RET_WAYPOINT,2.2503,-0.9327,0.301,-113.22,-0.23,0.82,-0.0,0.0801,0.3087,0.0007,,0.759,,0.158,,2.26,-0.74,1.52,-0.28
133.948,RET_WAYPOINT,2.2537,-0.9175,0.305,-113.6,0.17,0.52,-0.0,0.0799,0.3085,0.0077,,0.732,,0.156,,2.26,-0.74,1.52,-0.28
133.977,RET_WAYPOINT,2.2575,-0.9046,0.303,-113.79,0.7,-0.05,-0.0,0.0775,0.3047,0.0166,,0.732,,0.156,,2.26,-0.74,1.52,-0.28
134.02,RET_WAYPOINT,2.2612,-0.8917,0.305,-113.8,1.04,-0.33,-0.0,0.0711,0.2995,0.001,0.672,0.707,,0.166,,2.26,-0.74,1.52,-0.28
134.057,RET_WAYPOINT,2.2641,-0.8792,0.307,-113.56,1.22,-0.5,-0.0,0.0598,0.2976,0.0025,0.672,0.707,,0.166,,2.26,-0.74,1.52,-0.28
134.113,RET_WAYPOINT,2.2658,-0.8675,0.307,-113.16,1.25,-0.35,-0.0,0.0446,0.2882,0.0058,0.679,0.685,,0.166,,2.26,-0.74,1.52,-0.28
134.167,RET_WAYPOINT,2.2666,-0.8556,0.305,-112.77,1.21,0.13,-0.0,0.0304,0.2823,0.0034,0.679,0.685,,0.166,,2.26,-0.74,1.52,-0.28
134.199,RET_WAYPOINT,2.2664,-0.8449,0.307,-112.57,1.29,0.5,-0.0,0.0208,0.2801,0.001,0.694,0.671,,0.163,,2.26,-0.74,1.52,-0.28
134.283,RET_WAYPOINT,2.2672,-0.834,0.306,-112.5,1.64,0.43,-0.0,0.0083,0.2791,-0.0035,0.694,0.671,,0.163,,2.26,-0.74,1.52,-0.28
134.316,RET_WAYPOINT,2.266,-0.824,0.306,-112.49,1.69,0.59,-0.0,-0.0061,0.2825,-0.0121,0.682,0.665,,0.169,,2.26,-0.74,1.52,-0.28
134.378,RET_WAYPOINT,2.2642,-0.8118,0.302,-112.67,1.34,0.21,-0.0,-0.017,0.2862,-0.0212,0.682,0.665,,0.169,,2.26,-0.74,1.52,-0.28
134.409,RET_WAYPOINT,2.2624,-0.7987,0.307,-112.95,1.23,-0.45,-0.0,-0.029,0.282,-0.0308,0.651,0.657,,0.151,,2.26,-0.74,1.52,-0.28
134.471,RET_WAYPOINT,2.2593,-0.7871,0.3,-113.29,0.17,-0.49,-0.0,-0.0409,0.2731,-0.0117,0.651,0.657,,0.151,,2.26,-0.74,1.52,-0.28
134.513,RET_WAYPOINT,2.2564,-0.7772,0.299,-113.73,-0.63,-0.8,-0.0,-0.042,0.2594,-0.024,0.601,0.654,,0.184,,2.26,-0.74,1.52,-0.28
134.568,RET_WAYPOINT,2.2564,-0.7677,0.299,-114.15,-1.12,-1.1,-0.0,-0.0373,0.2461,-0.0289,0.601,0.654,,0.184,,2.24,-0.74,1.52,-0.28
134.618,RET_WAYPOINT,2.2557,-0.7585,0.299,-114.46,-1.91,-1.22,-0.0,-0.026,0.2245,-0.0157,0.558,0.646,,,,2.24,-0.74,1.52,-0.28
134.669,RET_WAYPOINT,2.2553,-0.7505,0.299,-114.84,-2.36,-1.0,-0.0,-0.0125,0.2004,-0.0116,0.558,0.646,,,,2.24,-0.68,1.52,-0.28
134.717,RET_WAYPOINT,2.2569,-0.7427,0.299,-114.82,-1.87,-0.9,-0.0,0.0043,0.1797,0.0023,0.516,0.641,,,,2.24,-0.68,1.52,-0.28
134.772,RET_WAYPOINT,2.2597,-0.7363,0.299,-114.36,-0.64,-0.56,-0.0,0.0189,0.1623,0.0011,0.516,0.641,,,,2.24,-0.68,1.52,-0.28
134.798,RET_WAYPOINT,2.2621,-0.7314,0.301,-113.73,0.16,0.01,-0.0,0.0256,0.151,0.0017,0.53,0.651,,,,2.24,-0.68,1.52,-0.28
134.859,RET_WAYPOINT,2.2656,-0.726,0.298,-113.13,0.73,0.22,-0.0,0.0277,0.1507,0.0054,0.53,0.651,,,,2.24,-0.68,1.52,-0.28
134.912,RET_WAYPOINT,2.2682,-0.7205,0.297,-112.43,1.49,0.06,-0.0,0.0247,0.1516,-0.0148,0.59,0.696,,,,2.24,-0.68,1.52,-0.28
134.953,RET_WAYPOINT,2.2719,-0.7135,0.299,-111.55,1.83,0.15,-0.0,0.0161,0.1523,-0.0135,0.59,0.696,,,,2.24,-0.68,1.52,-0.28
135.004,RET_WAYPOINT,2.2742,-0.7065,0.297,-110.69,1.84,0.1,-0.0,0.0055,0.1566,-0.0099,0.661,0.761,,,,2.24,-0.68,1.52,-0.28
135.076,RET_WAYPOINT,2.2742,-0.7004,0.298,-109.8,1.97,-0.19,-0.0,-0.0081,0.1584,-0.0172,0.661,0.761,,,,2.24,-0.68,1.52,-0.28
135.11,RET_WAYPOINT,2.275,-0.6937,0.295,-109.08,1.84,-0.24,-0.0,-0.023,0.1621,-0.0046,0.744,0.807,2.329,,,2.24,-0.68,1.52,-0.28
135.147,RET_WAYPOINT,2.275,-0.688,0.298,-108.44,1.83,-0.66,-0.0,-0.0354,0.1593,-0.0082,0.744,0.807,2.329,,,2.24,-0.68,1.52,-0.28
135.209,RET_WAYPOINT,2.2728,-0.6818,0.295,-107.86,1.95,-0.97,-0.0,-0.0513,0.1523,-0.0038,,0.873,2.326,,,2.24,-0.68,1.52,-0.28
135.246,RET_WAYPOINT,2.2696,-0.6745,0.298,-107.54,1.59,-1.4,-0.0,-0.0694,0.146,0.0,,0.873,2.326,,,2.24,-0.68,1.52,-0.28
135.313,RET_WAYPOINT,2.267,-0.6688,0.296,-107.39,1.51,-1.99,-0.0,-0.0838,0.1322,-0.0058,,,,,,2.22,-0.68,1.52,-0.28
135.349,RET_WAYPOINT,2.2613,-0.6653,0.294,-107.35,1.14,-2.07,-0.0,-0.1022,0.111,-0.0076,,,,,,2.22,-0.68,1.52,-0.28
135.413,RET_WAYPOINT,2.2556,-0.6621,0.295,-107.36,0.3,-2.17,-0.0,-0.1181,0.0947,-0.0109,,,,,,2.22,-0.68,1.52,-0.28
135.446,RET_WAYPOINT,2.2499,-0.6591,0.291,-107.42,0.07,-2.07,-0.0,-0.1241,0.0729,-0.002,,,,,,2.22,-0.68,1.52,-0.28
135.503,RET_WAYPOINT,2.242,-0.6565,0.291,-107.56,-0.17,-1.94,-0.0,-0.1311,0.0523,-0.0107,,,,,,2.22,-0.68,1.52,-0.28
135.567,RET_WAYPOINT,2.2351,-0.657,0.293,-107.73,-0.55,-1.94,-0.0,-0.1331,0.0316,-0.0074,,,,,,2.2,-0.66,1.52,-0.28
135.602,RET_WAYPOINT,2.2264,-0.6567,0.292,-107.76,-0.81,-1.89,-0.0,-0.1376,0.0089,0.0013,,,,,,2.2,-0.66,1.52,-0.28
135.675,RET_WAYPOINT,2.219,-0.6585,0.296,-107.77,-1.24,-1.21,-0.0,-0.1391,-0.0119,-0.0004,,,,,,2.18,-0.64,1.52,-0.28
135.704,RET_WAYPOINT,2.212,-0.6612,0.292,-107.89,-1.27,-0.48,-0.0,-0.1307,-0.0255,0.0144,0.528,,,,,2.18,-0.64,1.52,-0.28
135.776,RET_WAYPOINT,2.2055,-0.6635,0.294,-108.0,-0.83,0.06,-0.0,-0.122,-0.0337,0.0059,0.528,,,,,2.18,-0.64,1.52,-0.28
135.805,RET_WAYPOINT,2.2003,-0.667,0.293,-108.02,-0.07,0.73,-0.0,-0.1164,-0.0357,0.0025,0.476,,,,,2.18,-0.64,1.52,-0.28
135.879,RET_WAYPOINT,2.1942,-0.6705,0.296,-108.04,0.4,1.25,-0.0,-0.1128,-0.0323,0.0024,0.476,,,,,2.18,-0.64,1.52,-0.28
135.911,RET_WAYPOINT,2.1889,-0.6727,0.296,-108.1,0.49,1.77,-0.0,-0.1137,-0.0196,0.005,0.436,,,,,2.18,-0.64,1.52,-0.28
135.946,RET_WAYPOINT,2.1817,-0.6745,0.296,-108.14,0.57,2.0,-0.0,-0.1168,-0.0092,0.0014,0.436,,,,,2.18,-0.64,1.52,-0.28
136.013,RET_WAYPOINT,2.1755,-0.6754,0.295,-108.23,0.37,2.25,-0.0,-0.1157,0.0084,0.0001,0.37,,,,,2.18,-0.64,1.52,-0.28
136.046,RET_WAYPOINT,2.1692,-0.6759,0.296,-108.35,0.12,2.54,-0.0,-0.1135,0.0259,0.0005,0.37,,,,,2.18,-0.64,1.52,-0.28
136.104,RET_WAYPOINT,2.1628,-0.6735,0.298,-108.5,-0.43,2.56,-0.0,-0.1077,0.0471,0.0025,0.303,,,,,2.18,-0.64,1.52,-0.28
136.159,RET_WAYPOINT,2.1573,-0.6717,0.294,-108.67,-0.89,2.66,-0.0,-0.0959,0.0628,0.0109,0.303,,,,,2.18,-0.64,1.52,-0.28
136.197,RET_WAYPOINT,2.1527,-0.6685,0.295,-108.97,-1.37,2.5,-0.0,-0.0811,0.0809,-0.0002,0.268,,,,,2.18,-0.64,1.52,-0.28
136.28,RET_WAYPOINT,2.1489,-0.665,0.299,-109.24,-1.76,2.22,-0.0,-0.063,0.0963,0.0014,0.268,,,,,2.18,-0.64,1.52,-0.28
136.299,RET_WAYPOINT,2.1442,-0.6597,0.299,-109.56,-2.06,1.79,-0.0,-0.0464,0.106,0.0134,0.24,,,,,2.18,-0.64,1.52,-0.28
136.363,RET_WAYPOINT,2.1427,-0.6537,0.297,-109.8,-2.22,1.44,-0.0,-0.0242,0.1145,0.0124,0.24,,,,,2.18,-0.64,1.52,-0.28
136.399,RET_WAYPOINT,2.1408,-0.6486,0.298,-110.05,-2.34,1.04,-0.0,-0.0053,0.1166,0.0057,0.206,,,,,2.18,-0.64,1.52,-0.28
136.47,RET_WAYPOINT,2.1408,-0.6441,0.299,-110.17,-2.53,0.65,-0.0,0.0162,0.1134,0.0083,0.206,,,,,2.18,-0.64,1.52,-0.28
136.5,RET_WAYPOINT,2.1409,-0.6396,0.299,-110.28,-2.52,0.12,-0.0,0.0351,0.1064,0.0096,0.181,,,,,2.18,-0.64,1.52,-0.28
136.564,RET_WAYPOINT,2.1416,-0.6356,0.298,-110.32,-2.41,-0.33,-0.0,0.0512,0.0959,0.006,0.181,,,,,2.18,-0.64,1.52,-0.28
136.615,RET_WAYPOINT,2.143,-0.6322,0.299,-110.31,-2.2,-0.6,-0.0,0.0649,0.0825,0.001,0.175,,,,,2.18,-0.64,1.52,-0.28
136.646,RET_WAYPOINT,2.1463,-0.6291,0.3,-110.37,-1.98,-0.66,-0.0,0.0794,0.069,0.0031,0.175,,,,,2.18,-0.64,1.52,-0.28
136.726,RET_WAYPOINT,2.1493,-0.6283,0.299,-110.41,-1.8,-0.89,-0.0,0.09,0.0513,0.0042,0.183,,,,,2.18,-0.64,1.52,-0.28
136.752,RET_WAYPOINT,2.1506,-0.6284,0.302,-110.43,-1.41,-1.07,-0.0,0.0953,0.0276,0.0013,0.183,,,,,2.18,-0.64,1.52,-0.28
136.82,RET_WAYPOINT,2.1551,-0.6295,0.302,-110.43,-1.02,-1.17,-0.0,0.099,0.0141,0.0061,0.195,,,,,2.14,-0.6,1.52,-0.28
136.849,RET_WAYPOINT,2.1591,-0.6324,0.299,-110.43,-0.7,-1.23,-0.0,0.0994,-0.0082,0.0036,0.195,,,,,2.14,-0.6,1.52,-0.28
136.914,RET_WAYPOINT,2.16,-0.635,0.306,-110.45,0.2,-0.91,-0.0,0.0881,-0.0216,-0.0045,0.216,,,,,2.14,-0.6,1.52,-0.28
136.952,RET_WAYPOINT,2.1603,-0.6384,0.303,-110.43,1.59,-0.22,-0.0,0.0719,-0.0292,0.0111,0.216,,,,,2.14,-0.6,1.52,-0.28
137.009,RET_WAYPOINT,2.1612,-0.6424,0.3,-110.46,2.48,0.41,-0.0,0.0472,-0.0306,-0.0001,0.223,,,,,2.14,-0.6,1.52,-0.28
137.097,RET_WAYPOINT,2.1594,-0.6456,0.302,-110.51,3.05,0.99,-0.0,0.0176,-0.0221,-0.0086,0.223,,,,,2.14,-0.6,1.52,-0.28
137.148,RET_WAYPOINT,2.1569,-0.6503,0.303,-110.6,3.16,1.59,-0.0,-0.0114,-0.0064,-0.0034,0.216,,,,,2.14,-0.6,1.52,-0.28
137.162,RET_WAYPOINT,2.1519,-0.6519,0.303,-110.75,3.14,1.95,-0.0,-0.0371,0.0112,-0.0038,0.216,,,,,2.14,-0.6,1.52,-0.28
137.196,RET_WAYPOINT,2.1462,-0.6525,0.3,-110.8,2.77,2.05,-0.0,-0.0667,0.0348,-0.0065,0.184,,,,,2.14,-0.6,1.52,-0.28
137.251,RET_WAYPOINT,2.1394,-0.6501,0.299,-110.76,2.32,2.28,-0.0,-0.0892,0.0601,-0.0166,0.184,,,,,2.14,-0.6,1.52,-0.28
137.301,RET_WAYPOINT,2.133,-0.6486,0.299,-110.72,1.66,2.35,-0.0,-0.1051,0.0817,-0.0164,0.115,,,,,2.14,-0.6,1.52,-0.28
137.361,RET_WAYPOINT,2.1235,-0.6453,0.299,-110.7,0.79,2.4,-0.0,-0.115,0.0963,-0.0151,0.115,,,,,2.14,-0.6,1.52,-0.28
137.427,RET_WAYPOINT,2.1154,-0.641,0.296,-110.69,-0.13,2.48,-0.0,-0.1173,0.1148,-0.0138,0.025,,,,,2.14,-0.6,1.52,-0.28
137.453,RET_WAYPOINT,2.107,-0.636,0.297,-110.73,-1.04,2.45,-0.0,-0.1126,0.1284,-0.0186,0.025,,,,,2.14,-0.6,1.52,-0.28
137.519,RET_WAYPOINT,2.1013,-0.6303,0.299,-110.7,-1.98,2.34,-0.0,-0.1009,0.1426,-0.0112,0.062,,,,,2.14,-0.6,1.52,-0.28
137.558,RET_WAYPOINT,2.0949,-0.624,0.296,-110.7,-2.49,2.12,-0.0,-0.0799,0.1499,-0.0024,0.062,,,,,2.14,-0.6,1.52,-0.28
137.613,RET_WAYPOINT,2.09,-0.6172,0.299,-110.71,-3.07,1.84,-0.0,-0.0538,0.157,-0.0125,0.075,,,,,2.14,-0.6,1.52,-0.28
137.662,RET_WAYPOINT,2.0867,-0.6103,0.299,-110.64,-3.62,1.53,-0.0,-0.0258,0.1595,-0.0008,0.075,,,,,2.14,-0.6,1.52,-0.28
137.713,RET_WAYPOINT,2.0851,-0.6031,0.299,-110.63,-3.87,1.0,-0.0,0.0047,0.154,-0.001,0.085,,,,,2.14,-0.6,1.52,-0.28
137.761,RET_WAYPOINT,2.0861,-0.5976,0.299,-110.57,-4.19,0.46,-0.0,0.0383,0.1433,-0.0012,0.085,,,,,2.14,-0.6,1.52,-0.28
137.815,RET_WAYPOINT,2.0879,-0.5924,0.297,-110.59,-4.17,-0.07,-0.0,0.0737,0.1283,0.0003,0.096,,,,,2.14,-0.6,1.52,-0.28
137.847,RET_WAYPOINT,2.0921,-0.5895,0.295,-110.53,-4.0,-0.7,-0.0,0.1049,0.103,-0.0067,0.096,,,,,2.14,-0.6,1.52,-0.28
137.898,RET_WAYPOINT,2.0982,-0.588,0.297,-110.49,-3.58,-1.02,-0.0,0.1334,0.0762,-0.0111,0.102,,,,,2.14,-0.6,1.52,-0.28
137.952,RET_WAYPOINT,2.1054,-0.5889,0.294,-110.45,-3.04,-1.21,-0.0,0.1583,0.0477,0.0021,0.102,,,,,2.14,-0.6,1.52,-0.28
138.017,RET_WAYPOINT,2.1136,-0.5901,0.297,-110.44,-2.34,-1.47,-0.0,0.1741,0.0206,-0.0059,0.096,,,,,1.52,-0.6,1.52,-0.28
138.062,RET_WAYPOINT,2.1218,-0.5931,0.297,-110.37,-1.4,-1.62,-0.0,0.1904,-0.0079,0.0056,0.096,,,,,1.52,-0.6,1.52,-0.28
138.1,RET_WAYPOINT,2.1292,-0.5959,0.296,-110.4,0.29,-1.63,-0.0,0.1921,-0.0297,0.0126,0.094,,,,,1.52,-0.6,1.52,-0.28
138.177,RET_WAYPOINT,2.1418,-0.6023,0.299,-110.44,3.78,-2.25,-0.0,0.1731,-0.049,0.0091,0.094,,,,,1.52,-0.6,1.52,-0.28
138.211,RET_WAYPOINT,2.1485,-0.6059,0.299,-110.41,5.81,-2.43,-0.0,0.1285,-0.0574,0.0093,0.106,,,,,1.52,-0.6,1.52,-0.28
138.26,RET_WAYPOINT,2.1512,-0.6111,0.299,-110.36,6.97,-2.4,-0.0,0.0665,-0.0623,0.0045,0.106,,,,,1.52,-0.6,1.52,-0.28
138.314,RET_WAYPOINT,2.1513,-0.6158,0.301,-110.35,7.48,-2.24,-0.0,-0.0034,-0.066,-0.0004,0.142,,,,,1.52,-0.6,1.52,-0.28
138.361,RET_WAYPOINT,2.1484,-0.6209,0.299,-110.38,7.31,-1.83,-0.0,-0.0765,-0.0648,0.0008,0.142,,,,,1.52,-0.6,1.52,-0.28
138.4,RET_WAYPOINT,2.1384,-0.6267,0.299,-110.45,6.78,-1.27,-0.0,-0.1451,-0.0608,-0.0079,0.124,,,,,1.52,-0.6,1.52,-0.28
138.459,RET_WAYPOINT,2.1269,-0.629,0.297,-110.3,5.77,-0.63,-0.0,-0.2048,-0.0501,-0.0109,0.124,,,,,1.52,-0.6,1.52,-0.28
138.511,RET_WAYPOINT,2.114,-0.6325,0.294,-110.22,4.85,0.0,-0.0,-0.2559,-0.0396,-0.0138,0.04,,,,,1.52,-0.6,1.52,-0.28
138.549,RET_WAYPOINT,2.0991,-0.6358,0.294,-110.05,3.77,0.63,-0.0,-0.3031,-0.0259,-0.0204,0.04,,,,,1.52,-0.6,1.52,-0.28
138.629,RET_WAYPOINT,2.0808,-0.6334,0.299,-101.11,2.77,3.76,-0.0,-0.3173,0.0046,-0.0021,0.047,,,,,1.52,-0.6,1.52,-0.28
138.656,RET_WAYPOINT,2.0704,-0.629,0.298,-97.3,3.68,4.69,-0.0,-0.338,0.0507,0.0503,0.047,,,,,1.52,-0.6,1.52,-0.28
138.719,RET_WAYPOINT,2.049,-0.6206,0.3,-95.78,0.97,1.9,-0.0,-0.3496,0.0987,0.0532,0.047,,0.962,,,1.52,-0.6,1.52,-0.28
138.748,RET_WAYPOINT,2.0338,-0.6101,0.302,-95.83,-0.89,-0.14,-0.0,-0.3424,0.119,0.0519,0.047,,0.962,,,1.52,-0.6,1.52,-0.28
138.82,RET_WAYPOINT,2.0208,-0.6017,0.304,-96.92,-1.13,-0.43,-0.0,-0.3208,0.1207,0.0431,0.074,,0.983,,,1.52,-0.6,1.52,-0.28
138.849,RET_WAYPOINT,2.0082,-0.5948,0.308,-98.63,-1.45,-0.92,-0.0,-0.3069,0.119,0.0321,0.074,,0.983,,,1.52,-0.6,1.52,-0.28
138.918,RET_WAYPOINT,1.9966,-0.5879,0.306,-100.58,-1.56,-1.24,-0.0,-0.2893,0.1109,0.0297,0.084,,1.01,,,1.52,-0.6,1.52,-0.28
138.947,RET_WAYPOINT,1.9843,-0.5812,0.306,-102.66,-1.4,-1.3,-0.0,-0.2688,0.0979,0.0099,0.084,,1.01,,,1.52,-0.6,1.52,-0.28
139.016,RET_WAYPOINT,1.973,-0.5765,0.305,-104.79,-1.25,-1.47,-0.0,-0.2546,0.087,-0.0014,0.094,,,,,1.52,-0.6,1.52,-0.28
139.045,RET_WAYPOINT,1.9653,-0.5736,0.31,-106.8,-0.86,-1.51,-0.0,-0.2358,0.068,-0.0064,0.094,,,,,1.52,-0.6,1.52,-0.28
139.144,RET_WAYPOINT,1.9547,-0.5707,0.311,-108.6,-0.67,-1.52,-0.0,-0.2323,0.0539,-0.0012,,,,,,1.52,-0.6,1.52,-0.28
139.148,RET_WAYPOINT,1.9459,-0.5689,0.308,-110.14,-0.34,-1.7,-0.0,-0.2264,0.0389,-0.0002,,,,,,1.52,-0.6,1.52,-0.28
139.219,RET_WAYPOINT,1.9361,-0.5688,0.308,-111.35,0.08,-1.72,-0.0,-0.2254,0.0223,-0.0108,,,,,,1.52,-0.6,1.52,-0.28
139.251,RET_WAYPOINT,1.9276,-0.5683,0.303,-112.29,0.29,-1.5,-0.0,-0.2245,0.0069,-0.013,,,,,,1.52,-0.6,1.52,-0.28
139.313,RET_WAYPOINT,1.9184,-0.5696,0.308,-112.95,0.55,-1.29,-0.0,-0.2256,-0.0051,-0.0216,2.587,,,,,1.52,-0.6,1.52,-0.28
139.347,RET_WAYPOINT,1.9088,-0.5707,0.305,-113.31,0.92,-0.97,-0.0,-0.234,-0.0155,-0.0078,2.587,,,,,1.52,-0.6,1.52,-0.28
139.411,RET_WAYPOINT,1.8995,-0.571,0.304,-113.53,1.08,-0.69,-0.0,-0.2396,-0.0176,-0.0099,2.588,,,,,1.52,-0.6,1.52,-0.28
139.451,RET_WAYPOINT,1.8906,-0.5718,0.305,-113.64,1.14,-0.44,-0.0,-0.2438,-0.0195,-0.0116,2.588,,,,,1.52,-0.6,1.52,-0.28
139.513,RET_WAYPOINT,1.8775,-0.5743,0.305,-113.66,1.18,-0.4,-0.0,-0.2553,-0.02,-0.0067,2.573,,,,,1.52,-0.6,1.52,-0.28
139.556,RET_WAYPOINT,1.865,-0.5754,0.303,-113.68,1.22,-0.3,-0.0,-0.26,-0.0211,-0.0062,2.573,,,,,1.52,-0.6,1.52,-0.28
139.597,RET_WAYPOINT,1.853,-0.5768,0.303,-113.61,1.17,-0.28,-0.0,-0.2691,-0.0166,-0.0075,2.559,,,,,1.52,-0.6,1.52,-0.28
139.674,RET_WAYPOINT,1.8399,-0.577,0.305,-113.46,1.04,-0.1,-0.0,-0.2804,-0.0144,-0.0076,2.559,,,,,1.52,-0.6,1.52,-0.28
139.712,RET_WAYPOINT,1.8268,-0.5779,0.303,-113.27,0.86,-0.26,-0.0,-0.2851,-0.011,-0.0027,2.55,,0.21,,,1.52,-0.6,1.52,-0.28
139.769,RET_WAYPOINT,1.8136,-0.5777,0.303,-113.02,0.78,-0.15,-0.0,-0.2868,-0.0099,-0.0046,2.55,,0.21,,,1.52,-0.6,1.52,-0.28
139.805,RET_WAYPOINT,1.7997,-0.5782,0.306,-112.69,0.69,-0.29,-0.0,-0.2922,-0.0103,-0.0056,2.564,,0.203,,,1.52,-0.6,1.52,-0.28
139.859,RET_WAYPOINT,1.7859,-0.5788,0.303,-112.33,0.62,-0.21,-0.0,-0.295,-0.0094,0.0047,2.564,,0.203,,,1.52,-0.6,1.52,-0.28
139.908,RET_WAYPOINT,1.7731,-0.5786,0.302,-112.05,0.52,-0.36,-0.0,-0.3002,-0.0095,-0.0036,2.534,1.812,0.198,1.884,,1.52,-0.6,1.52,-0.28
139.993,RET_WAYPOINT,1.7579,-0.5793,0.301,-111.73,0.29,-0.48,-0.0,-0.3056,-0.0108,-0.0095,2.534,1.812,0.198,1.884,,1.52,-0.6,1.52,-0.28
140.023,RET_WAYPOINT,1.7427,-0.5794,0.299,-111.4,0.16,-0.35,-0.0,-0.3034,-0.0128,-0.0101,2.527,1.816,0.188,,,1.52,-0.6,1.52,-0.28
140.056,RET_WAYPOINT,1.7288,-0.5794,0.301,-111.0,0.02,-0.21,-0.0,-0.3023,-0.0135,-0.0144,2.527,1.816,0.188,,,1.52,-0.6,1.52,-0.28
140.12,RET_WAYPOINT,1.7141,-0.5793,0.3,-110.6,0.0,-0.15,-0.0,-0.3012,-0.0115,-0.0101,2.507,1.81,0.203,,,1.52,-0.6,1.52,-0.28
140.156,RET_WAYPOINT,1.6999,-0.5784,0.302,-110.22,-0.01,0.04,-0.0,-0.3031,-0.0099,-0.0086,2.507,1.81,0.203,,,1.52,-0.6,1.52,-0.28
140.21,RET_WAYPOINT,1.687,-0.5787,0.299,-109.86,-0.14,-0.01,-0.0,-0.3019,-0.0094,-0.0078,2.522,1.81,0.223,,,1.52,-0.6,1.52,-0.28
140.245,RET_WAYPOINT,1.6723,-0.5789,0.299,-109.55,-0.26,-0.19,-0.0,-0.2969,-0.0085,-0.0121,2.522,1.81,0.223,,,1.52,-0.6,1.52,-0.28
140.305,RET_WAYPOINT,1.6554,-0.5788,0.301,-109.3,-0.25,-0.21,-0.0,-0.2944,-0.0113,-0.0116,2.483,1.851,0.252,,,1.52,-0.6,1.52,-0.28
140.358,RET_WAYPOINT,1.6411,-0.5791,0.299,-109.19,-0.41,-0.18,-0.0,-0.2909,-0.0134,-0.0015,2.483,1.851,0.252,,,1.52,-0.6,1.52,-0.28
140.41,RET_WAYPOINT,1.6268,-0.5804,0.299,-109.15,-0.55,-0.17,-0.0,-0.2871,-0.0155,-0.0047,2.472,1.87,0.274,,,1.52,-0.6,1.52,-0.28
140.473,RET_WAYPOINT,1.6145,-0.581,0.295,-109.15,-0.52,-0.3,-0.0,-0.2865,-0.0188,-0.005,2.472,1.87,0.274,,,1.52,-0.6,1.52,-0.28
140.509,RET_WAYPOINT,1.6008,-0.5816,0.298,-109.22,-0.53,-0.37,-0.0,-0.2774,-0.0217,-0.0103,2.471,1.841,0.299,,,1.52,-0.6,1.52,-0.28
140.549,RET_WAYPOINT,1.5868,-0.5825,0.299,-109.37,-0.51,-0.43,-0.0,-0.2719,-0.0265,-0.0022,2.471,1.841,0.299,,,1.52,-0.6,1.52,-0.28
140.612,RET_WAYPOINT,1.5751,-0.5846,0.298,-109.53,-0.6,-0.51,-0.0,-0.2679,-0.0319,0.0038,2.479,,0.325,,,1.52,-0.6,1.52,-0.28
140.65,RET_WAYPOINT,1.5612,-0.5865,0.299,-109.62,-0.66,-0.48,-0.0,-0.2626,-0.0383,-0.002,2.479,,0.325,,,1.52,-0.6,1.52,-0.28
140.713,RET_WAYPOINT,1.5494,-0.5901,0.299,-109.68,-1.18,-0.2,-0.0,-0.2623,-0.0496,0.002,2.462,0.364,0.352,,,1.52,-0.6,1.52,-0.28
140.75,RET_WAYPOINT,1.5357,-0.5935,0.297,-109.76,-1.64,0.18,-0.0,-0.2497,-0.0559,0.0051,2.462,0.364,0.352,,,1.52,-0.28,1.52,-0.28
140.817,RET_WAYPOINT,1.5229,-0.5989,0.297,-109.85,-2.06,0.77,-0.0,-0.2327,-0.0617,-0.0029,2.469,0.348,0.366,,,1.52,-0.28,1.52,-0.28
140.847,RET_WAYPOINT,1.513,-0.6018,0.3,-109.96,-2.53,1.39,-0.0,-0.2054,-0.0601,0.0032,2.469,0.348,0.366,,,1.52,-0.28,1.52,-0.28
140.913,RET_WAYPOINT,1.5038,-0.6064,0.3,-109.95,-2.39,4.23,-0.0,-0.1795,-0.0524,0.0136,2.502,0.353,0.383,,,1.52,-0.28,1.52,-0.28
140.977,RET_WAYPOINT,1.4964,-0.6105,0.301,-109.97,-2.1,5.7,-0.0,-0.1455,-0.03,0.0062,2.502,0.353,0.383,,,1.52,-0.28,1.52,-0.28
141.006,RET_WAYPOINT,1.4903,-0.6125,0.3,-109.97,-1.78,6.53,-0.0,-0.1091,0.0152,0.004,2.523,0.364,0.399,,,1.52,-0.28,1.52,-0.28
141.067,RET_WAYPOINT,1.486,-0.6108,0.302,-109.95,-1.29,6.9,-0.0,-0.076,0.0631,-0.0029,2.523,0.364,0.399,,,1.52,-0.28,1.52,-0.28
141.116,RET_WAYPOINT,1.4844,-0.6051,0.3,-109.84,-0.96,6.62,-0.0,-0.0436,0.1175,-0.0049,2.522,0.366,0.408,,,1.52,-0.28,1.52,-0.28
141.168,RET_WAYPOINT,1.4834,-0.5967,0.299,-109.66,-0.7,5.95,-0.0,-0.0175,0.1691,-0.0084,2.522,0.366,0.408,,,1.52,-0.28,1.52,-0.28
141.217,RET_WAYPOINT,1.484,-0.5895,0.3,-109.34,-0.49,5.06,-0.0,0.0075,0.2085,-0.0134,2.539,0.353,0.409,,,1.52,-0.28,1.52,-0.28
141.271,RET_WAYPOINT,1.4842,-0.5794,0.298,-109.07,-0.06,4.25,-0.0,0.0225,0.2432,-0.0107,2.539,0.353,0.409,,,1.52,-0.28,1.52,-0.28
141.316,RET_WAYPOINT,1.4855,-0.5679,0.297,-108.76,0.18,3.27,-0.0,0.0328,0.2715,-0.0142,2.553,0.332,0.412,,,1.52,-0.28,1.52,-0.28
141.368,RET_WAYPOINT,1.4874,-0.5523,0.298,-108.57,0.45,2.38,-0.0,0.0382,0.2987,-0.0133,2.553,0.332,0.412,,,1.52,-0.28,1.52,-0.28
141.405,RET_WAYPOINT,1.4877,-0.5396,0.296,-108.37,0.66,1.56,-0.0,0.0355,0.3104,-0.0084,2.519,0.312,0.418,1.718,,1.52,-0.28,1.52,-0.28
141.445,RET_WAYPOINT,1.4886,-0.5265,0.297,-108.26,0.81,1.07,-0.0,0.0307,0.3148,-0.0116,2.519,0.312,0.418,1.718,,1.52,-0.28,1.52,-0.28
141.506,RET_WAYPOINT,1.4879,-0.5122,0.297,-108.31,0.68,0.67,-0.0,0.0215,0.3216,-0.009,2.548,0.289,0.429,,,1.52,-0.28,1.52,-0.28
141.559,RET_WAYPOINT,1.4867,-0.4985,0.297,-108.43,0.58,0.24,-0.0,0.0119,0.3218,-0.0044,2.548,0.289,0.429,,,1.52,-0.28,1.52,-0.28
141.597,RET_WAYPOINT,1.485,-0.4844,0.299,-108.68,0.38,0.08,-0.0,-0.0013,0.3141,-0.0017,2.567,0.265,0.442,,,1.52,-0.28,1.52,-0.28
141.667,RET_WAYPOINT,1.4822,-0.4699,0.301,-108.99,0.19,0.03,-0.0,-0.0094,0.3097,0.0043,2.567,0.265,0.442,,,1.52,-0.28,1.52,-0.28
141.719,RET_WAYPOINT,1.4801,-0.4577,0.298,-109.22,-0.18,-0.17,-0.0,-0.0133,0.3025,0.0119,2.622,0.245,0.465,,,1.52,-0.28,1.52,-0.28
141.758,RET_WAYPOINT,1.4767,-0.4452,0.297,-109.44,-0.54,-0.14,-0.0,-0.0203,0.2941,0.0036,2.622,0.245,0.465,,,1.52,-0.28,1.52,-0.28
141.808,RET_WAYPOINT,1.4737,-0.4341,0.296,-109.69,-0.86,-0.01,-0.0,-0.0224,0.2867,-0.0006,2.644,0.223,0.489,,,1.52,-0.28,1.52,-0.28
141.856,RET_WAYPOINT,1.4701,-0.4238,0.297,-109.83,-1.18,0.22,-0.0,-0.0184,0.2741,-0.0,2.644,0.223,0.489,,,1.52,-0.28,1.52,-0.28
141.91,RET_WAYPOINT,1.4664,-0.4119,0.297,-109.88,-1.25,0.68,-0.0,-0.0138,0.2661,0.0004,2.697,0.197,0.531,,,1.52,-0.28,1.52,-0.28
141.959,RET_WAYPOINT,1.4647,-0.4017,0.299,-109.88,-1.4,0.95,-0.0,-0.0055,0.2604,0.0007,2.697,0.197,0.531,,,1.52,-0.28,1.52,-0.28
141.996,RET_WAYPOINT,1.4619,-0.3923,0.299,-109.9,-1.69,1.07,-0.0,0.0035,0.2564,0.0075,2.728,0.179,0.592,,,1.52,-0.28,1.52,-0.28
142.044,RET_WAYPOINT,1.4601,-0.3804,0.3,-110.05,-1.78,1.24,-0.0,0.014,0.2613,0.008,2.728,0.179,0.592,,,1.52,-0.28,1.52,-0.28
142.114,RET_WAYPOINT,1.4587,-0.3708,0.3,-110.21,-2.04,1.11,-0.0,0.027,0.2553,0.0101,2.75,0.161,0.687,,,1.52,-0.28,1.52,-0.28
142.145,RET_WAYPOINT,1.4584,-0.3603,0.302,-110.39,-2.33,1.17,-0.0,0.0434,0.2495,0.0085,2.75,0.161,0.687,,,1.52,-0.28,1.52,-0.28
142.236,RET_WAYPOINT,1.4595,-0.3518,0.303,-110.52,-2.6,1.33,-0.0,0.0618,0.2427,0.0052,2.799,0.139,0.836,,,1.52,-0.28,1.52,-0.28
142.244,RET_WAYPOINT,1.4604,-0.3428,0.301,-110.6,-2.59,0.97,-0.0,0.0823,0.236,0.0069,2.799,0.139,0.836,,,1.52,-0.28,1.52,-0.28
142.319,RET_WAYPOINT,1.4634,-0.3341,0.299,-110.8,-2.3,0.85,-0.0,0.1018,0.2315,-0.0025,2.83,0.121,,,,1.52,-0.28,1.52,-0.28
142.347,RET_WAYPOINT,1.4663,-0.3273,0.301,-110.95,-2.3,0.79,-0.0,0.1155,0.2208,-0.0203,2.83,0.121,,,,1.52,-0.28,1.52,-0.28
142.417,RET_WAYPOINT,1.4702,-0.3198,0.299,-111.12,-1.98,0.26,-0.0,0.1308,0.2119,-0.0106,2.87,0.115,,0.446,,1.52,-0.28,1.52,-0.28
142.445,RET_WAYPOINT,1.4771,-0.3116,0.302,-111.43,-0.94,-1.69,-0.0,0.1404,0.1941,-0.0095,2.87,0.115,,0.446,,1.52,-0.28,1.52,-0.28
142.513,RET_WAYPOINT,1.482,-0.3047,0.301,-111.62,-0.07,-2.73,-0.0,0.1323,0.1691,-0.0032,2.87,0.089,,0.404,,1.52,-0.28,1.52,-0.28
142.554,RET_WAYPOINT,1.4861,-0.3008,0.302,-111.86,0.71,-3.28,-0.0,0.1174,0.1389,-0.0003,2.87,0.089,,0.404,,1.52,-0.28,1.52,-0.28
142.675,RET_WAYPOINT,1.4888,-0.2973,0.297,-112.12,1.24,-3.43,-0.0,0.0952,0.108,-0.0032,2.895,0.083,,0.374,,1.48,-0.48,0.48,-0.48
142.718,RET_WAYPOINT,1.492,-0.2956,0.299,-112.54,1.76,-3.12,-0.0,0.0708,0.0802,-0.0161,2.895,0.083,,0.374,,1.48,-0.48,0.48,-0.48
142.727,RET_WAYPOINT,1.4927,-0.2937,0.299,-112.95,1.56,-2.76,-0.0,0.0424,0.0583,-0.014,2.921,0.083,,0.352,,1.48,-0.48,0.48,-0.48
142.746,RET_WAYPOINT,1.4906,-0.2937,0.297,-113.36,1.29,-2.08,-0.0,0.0142,0.0341,-0.008,2.921,0.083,,0.352,,1.48,-0.48,0.48,-0.48
142.795,RET_WAYPOINT,1.4879,-0.2951,0.294,-113.75,0.81,-1.87,-0.0,-0.0091,0.0154,-0.0107,2.955,0.083,,0.342,,1.48,-0.48,0.48,-0.48
142.85,RET_WAYPOINT,1.4844,-0.2959,0.297,-114.06,-0.16,-3.38,-0.0,-0.0305,-0.0017,-0.0141,2.955,0.083,,0.342,,1.48,-0.48,0.48,-0.48
142.915,RET_WAYPOINT,1.4804,-0.2974,0.298,-114.38,-0.72,-4.09,-0.0,-0.04,-0.0344,-0.0062,2.978,0.088,,0.338,,1.48,-0.48,0.48,-0.48
142.968,RET_WAYPOINT,1.4756,-0.3013,0.299,-114.69,-1.35,-4.26,-0.0,-0.0522,-0.0722,0.002,2.978,0.088,,0.338,,1.48,-0.48,0.48,-0.48
143.01,RET_WAYPOINT,1.4714,-0.3074,0.295,-114.93,-1.85,-4.25,-0.0,-0.0575,-0.112,0.0088,2.987,0.093,,0.353,,1.48,-0.48,0.48,-0.48
143.106,RET_WAYPOINT,1.4679,-0.3149,0.296,-115.11,-1.96,-3.7,-0.0,-0.0606,-0.1553,-0.002,2.987,0.093,,0.353,,1.48,-0.48,0.48,-0.48
143.16,RET_WAYPOINT,1.4634,-0.3238,0.299,-115.19,-2.04,-2.99,-0.0,-0.0626,-0.1932,-0.0015,2.987,0.113,,0.376,,1.48,-0.48,0.48,-0.48
143.169,RET_WAYPOINT,1.4579,-0.3339,0.299,-115.21,-2.08,-2.37,-0.0,-0.0594,-0.2202,0.0127,2.987,0.113,,0.376,,1.48,-0.48,0.48,-0.48
143.196,RET_WAYPOINT,1.4553,-0.3451,0.295,-115.22,-2.05,-1.78,-0.0,-0.0511,-0.2413,0.0122,2.998,0.131,0.586,0.416,,1.48,-0.48,0.48,-0.48
143.259,RET_WAYPOINT,1.4516,-0.3579,0.297,-115.08,-1.83,-1.11,-0.0,-0.0418,-0.2561,-0.0003,2.998,0.131,0.586,0.416,,1.48,-0.48,0.48,-0.48
143.322,RET_WAYPOINT,1.4488,-0.3687,0.3,-114.81,-1.76,-0.65,-0.0,-0.0318,-0.2616,0.0052,2.966,0.149,0.553,0.475,,1.48,-0.48,0.48,-0.48
143.352,RET_WAYPOINT,1.4461,-0.3808,0.3,-114.48,-1.81,-0.24,-0.0,-0.0235,-0.2667,0.0161,2.966,0.149,0.553,0.475,,1.48,-0.48,0.48,-0.48
143.401,RET_WAYPOINT,1.4457,-0.3917,0.299,-114.15,-1.85,0.1,-0.0,-0.0114,-0.2753,0.0138,2.942,0.18,0.528,,,1.48,-0.48,0.48,-0.48
143.452,RET_WAYPOINT,1.4454,-0.4046,0.301,-113.75,-1.83,0.45,-0.0,0.0067,-0.2766,0.0085,2.942,0.18,0.528,,,1.48,-0.48,0.48,-0.48
143.508,RET_WAYPOINT,1.4448,-0.4186,0.302,-113.3,-1.87,0.69,-0.0,0.0209,-0.2718,0.012,2.908,0.21,0.504,,,1.48,-0.48,0.48,-0.48
143.544,RET_WAYPOINT,1.4473,-0.4292,0.302,-112.89,-1.66,1.0,-0.0,0.0379,-0.2644,0.014,2.908,0.21,0.504,,,1.48,-0.48,0.48,-0.48
143.615,RET_WAYPOINT,1.4498,-0.4404,0.304,-112.43,-1.36,1.31,-0.0,0.0526,-0.2575,0.0119,2.829,0.217,0.485,,,1.48,-0.48,0.48,-0.48
143.656,RET_WAYPOINT,1.4515,-0.4507,0.303,-111.97,-1.15,1.53,-0.0,0.065,-0.249,0.0128,2.829,0.217,0.485,,,1.48,-0.48,0.48,-0.48
143.712,RET_WAYPOINT,1.4534,-0.4618,0.305,-111.56,-0.72,1.81,-0.0,0.0779,-0.2357,0.0074,2.803,0.236,0.47,,,1.48,-0.48,0.48,-0.48
143.753,RET_WAYPOINT,1.4571,-0.4713,0.305,-111.13,-0.3,2.15,-0.0,0.0865,-0.2187,0.0102,2.803,0.236,0.47,,,0.48,-0.48,0.48,-0.48
143.816,RET_WAYPOINT,1.4614,-0.4824,0.304,-110.72,0.18,2.48,-0.0,0.0874,-0.1954,0.0065,2.773,0.258,0.455,,,0.48,-0.48,0.48,-0.48
143.868,RET_WAYPOINT,1.4646,-0.4882,0.306,-110.37,1.2,2.79,-0.0,0.0871,-0.1675,0.0033,2.773,0.258,0.455,,,0.48,-0.48,0.48,-0.48
143.921,RET_WAYPOINT,1.4692,-0.494,0.308,-109.89,4.26,2.22,-0.0,0.08,-0.1347,0.0039,2.71,0.266,0.446,1.66,,0.48,-0.48,0.48,-0.48
143.956,RET_WAYPOINT,1.473,-0.4982,0.308,-109.42,5.86,1.67,-0.0,0.0473,-0.1014,0.0002,2.71,0.266,0.446,1.66,,0.48,-0.48,0.48,-0.48
143.995,RET_WAYPOINT,1.473,-0.501,0.307,-109.06,6.65,1.19,-0.0,-0.0023,-0.0692,-0.0031,2.67,0.272,0.442,1.653,,0.48,-0.48,0.48,-0.48
144.073,RET_WAYPOINT,1.4702,-0.5023,0.306,-108.74,6.88,0.69,-0.0,-0.0554,-0.0387,-0.0131,2.67,0.272,0.442,1.653,,0.48,-0.48,0.48,-0.48
144.102,RET_WAYPOINT,1.4641,-0.5009,0.304,-108.44,6.48,0.16,-0.0,-0.1165,-0.0119,-0.0198,2.6,0.276,0.451,1.625,,0.48,-0.48,0.48,-0.48
144.165,RET_WAYPOINT,1.4553,-0.5005,0.302,-108.24,5.77,-0.28,-0.0,-0.1723,0.0066,-0.0211,2.6,0.276,0.451,1.625,,0.48,-0.48,0.48,-0.48
144.195,RET_WAYPOINT,1.4427,-0.4984,0.305,-108.13,5.03,-0.54,-0.0,-0.2302,0.0229,-0.0245,2.604,0.281,0.465,1.647,,0.48,-0.48,0.48,-0.48
144.254,RET_WAYPOINT,1.4287,-0.4964,0.3,-108.07,3.96,-0.6,-0.0,-0.277,0.0308,-0.0098,2.604,0.281,0.465,1.647,,0.48,-0.48,0.48,-0.48
144.303,RET_WAYPOINT,1.4098,-0.4927,0.299,-108.07,3.03,-0.51,-0.0,-0.3106,0.0369,-0.0099,2.572,0.287,0.485,,,0.48,-0.48,0.48,-0.48
144.366,RET_WAYPOINT,1.3929,-0.4908,0.299,-108.02,2.06,-0.38,-0.0,-0.3374,0.0416,-0.0102,2.572,0.287,0.485,,,0.48,-0.48,0.48,-0.48
144.405,RET_WAYPOINT,1.3746,-0.4883,0.299,-107.98,1.14,-0.35,-0.0,-0.3518,0.0417,-0.0065,2.585,0.306,0.515,1.608,,0.48,-0.48,0.48,-0.48
144.461,RET_WAYPOINT,1.357,-0.4869,0.3,-108.02,0.28,-0.22,-0.0,-0.369,0.0399,-0.0036,2.585,0.306,0.515,1.608,,0.48,-0.48,0.48,-0.48
144.506,RET_WAYPOINT,1.3401,-0.486,0.299,-108.02,-0.31,-0.14,-0.0,-0.3664,0.0389,0.0,2.612,0.31,0.544,,,0.48,-0.48,0.48,-0.48
144.567,RET_WAYPOINT,1.323,-0.4844,0.298,-107.87,-0.8,-0.14,-0.0,-0.36,0.0322,-0.0007,2.612,0.31,0.544,,,0.48,-0.48,0.48,-0.48
144.594,RET_WAYPOINT,1.3051,-0.4838,0.299,-107.74,-1.16,-0.08,-0.0,-0.3449,0.0284,-0.0041,2.614,0.296,0.573,,,0.48,-0.48,0.48,-0.48
144.655,RET_WAYPOINT,1.2908,-0.4841,0.298,-107.56,-1.34,0.03,-0.0,-0.3278,0.0181,-0.0002,2.614,0.296,0.573,,,0.48,-0.48,0.48,-0.48
144.716,RET_WAYPOINT,1.2761,-0.4856,0.299,-107.3,-1.36,0.04,-0.0,-0.3122,0.0086,0.0006,2.631,0.301,0.602,,,0.48,-0.48,0.48,-0.48
144.749,RET_WAYPOINT,1.2628,-0.4878,0.299,-106.97,-1.29,-0.02,-0.0,-0.3027,0.0008,0.005,2.631,0.301,0.602,,,0.48,-0.48,0.48,-0.48
144.816,RET_WAYPOINT,1.2498,-0.4896,0.302,-106.68,-1.17,-0.13,-0.0,-0.2865,-0.0097,0.0076,2.602,0.308,0.624,,,0.48,-0.48,0.48,-0.48
144.871,RET_WAYPOINT,1.2366,-0.4935,0.304,-106.5,-0.92,-0.06,-0.0,-0.2734,-0.0186,0.013,2.602,0.308,0.624,,,0.48,-0.48,0.48,-0.48
144.898,RET_WAYPOINT,1.2237,-0.4968,0.302,-106.35,-0.79,-0.05,-0.0,-0.2633,-0.026,0.0178,2.605,0.324,0.646,,,0.48,-0.48,0.48,-0.48
144.946,RET_WAYPOINT,1.2127,-0.501,0.302,-106.33,-0.63,-0.08,-0.0,-0.2523,-0.0349,0.009,2.605,0.324,0.646,,,0.48,-0.48,0.48,-0.48
145.025,RET_WAYPOINT,1.202,-0.5046,0.303,-106.37,-0.37,0.23,-0.0,-0.2473,-0.0426,0.004,2.617,0.352,0.67,,,0.48,-0.48,0.48,-0.48
145.051,RET_WAYPOINT,1.1914,-0.5101,0.306,-106.36,-0.2,0.27,-0.0,-0.2396,-0.047,0.0057,2.617,0.352,0.67,,,0.48,-0.48,0.48,-0.48
145.111,RET_WAYPOINT,1.1795,-0.5148,0.301,-106.37,0.1,0.55,-0.0,-0.2379,-0.0493,0.0102,2.602,0.374,0.693,,,0.48,-0.48,0.48,-0.48
145.168,RET_WAYPOINT,1.1687,-0.5206,0.303,-106.36,0.38,0.57,-0.0,-0.2313,-0.0521,-0.0033,2.602,0.374,0.693,,,0.48,-0.48,0.48,-0.48
145.211,RET_WAYPOINT,1.1578,-0.5267,0.304,-106.35,0.65,0.72,-0.0,-0.2311,-0.054,-0.002,2.621,0.394,0.714,,,0.48,-0.48,0.48,-0.48
145.261,RET_WAYPOINT,1.1479,-0.5321,0.306,-106.38,0.8,0.8,-0.0,-0.2315,-0.052,0.0026,2.621,0.394,0.714,,,0.48,-0.48,0.48,-0.48
145.296,RET_WAYPOINT,1.1367,-0.5363,0.302,-106.44,0.9,0.79,-0.0,-0.2382,-0.0484,0.0049,2.625,0.401,0.738,,,0.48,-0.48,0.48,-0.48
145.348,RET_WAYPOINT,1.1243,-0.5408,0.301,-106.56,1.0,0.83,-0.0,-0.2419,-0.0462,-0.0074,2.625,0.401,0.738,,,0.48,-0.48,0.48,-0.48
145.406,RET_WAYPOINT,1.112,-0.5463,0.304,-106.75,1.11,0.92,-0.0,-0.2454,-0.0432,-0.0119,2.622,0.408,0.761,,,0.48,-0.48,0.48,-0.48
145.444,RET_WAYPOINT,1.1,-0.5501,0.304,-106.94,1.1,1.1,-0.0,-0.249,-0.0375,-0.0026,2.622,0.408,0.761,,,0.48,-0.48,0.48,-0.48
145.527,RET_WAYPOINT,1.0894,-0.5546,0.303,-107.07,1.03,1.13,-0.0,-0.2518,-0.0322,-0.0046,2.643,0.41,0.785,,,0.48,-0.48,0.48,-0.48
145.567,RET_WAYPOINT,1.0773,-0.5586,0.303,-107.23,1.01,1.13,-0.0,-0.2593,-0.0285,-0.0074,2.643,0.41,0.785,,,0.48,-0.48,0.48,-0.48
145.603,RET_WAYPOINT,1.0653,-0.5621,0.303,-107.44,1.04,1.28,-0.0,-0.2603,-0.0226,-0.0072,2.653,0.416,0.805,,,0.48,-0.48,0.48,-0.48
145.645,RET_WAYPOINT,1.0529,-0.5662,0.302,-107.71,1.07,1.32,-0.0,-0.2625,-0.0142,-0.0085,2.653,0.416,0.805,,,0.48,-0.48,0.48,-0.48
145.71,RET_WAYPOINT,1.0392,-0.5701,0.299,-107.95,1.06,1.24,-0.0,-0.2647,-0.0078,-0.0127,2.651,0.422,0.83,,,0.48,-0.48,0.48,-0.48
145.76,RET_WAYPOINT,1.0275,-0.5727,0.3,-108.23,0.99,1.18,-0.0,-0.2655,-0.004,-0.0184,2.651,0.422,0.83,,,0.48,-0.48,0.48,-0.48
145.809,RET_WAYPOINT,1.0149,-0.5746,0.299,-108.5,0.97,1.27,-0.0,-0.2655,0.0031,-0.0151,2.654,0.435,0.858,,,0.48,-0.48,0.48,-0.48
145.863,RET_WAYPOINT,1.0028,-0.5783,0.299,-108.75,1.11,1.31,-0.0,-0.273,0.0083,-0.0118,2.654,0.435,0.858,,,0.48,-0.48,0.48,-0.48
145.894,RET_WAYPOINT,0.9904,-0.5803,0.301,-108.98,0.94,1.24,-0.0,-0.2734,0.0134,-0.0114,2.653,0.45,0.874,,,0.48,-0.48,0.48,-0.48
145.964,RET_WAYPOINT,0.9761,-0.5825,0.299,-109.19,0.89,1.23,-0.0,-0.2746,0.0197,-0.0027,2.653,0.45,0.874,,,0.48,-0.48,0.48,-0.48
145.993,RET_WAYPOINT,0.9646,-0.5841,0.299,-109.32,0.78,1.09,-0.0,-0.2751,0.0247,-0.0051,2.641,0.464,0.902,,,0.48,-0.48,0.48,-0.48
146.057,RET_WAYPOINT,0.9515,-0.5852,0.296,-109.49,0.75,1.1,-0.0,-0.2755,0.0312,-0.0053,2.641,0.464,0.902,,,0.48,-0.48,0.48,-0.48
146.136,RET_WAYPOINT,0.9385,-0.5859,0.295,-109.62,0.67,0.95,-0.0,-0.2794,0.0347,-0.0095,2.637,0.484,0.93,,,0.48,-0.48,0.48,-0.48
146.151,RET_WAYPOINT,0.9258,-0.5873,0.299,-109.76,0.63,0.81,-0.0,-0.2767,0.0347,-0.0089,2.637,0.484,0.93,,,0.48,-0.48,0.48,-0.48
146.195,RET_WAYPOINT,0.9119,-0.5878,0.299,-109.87,0.71,0.86,-0.0,-0.2763,0.0364,0.0005,2.634,0.487,0.957,,,0.48,-0.48,0.48,-0.48
146.286,RET_WAYPOINT,0.8994,-0.5892,0.299,-109.92,0.68,0.76,-0.0,-0.2735,0.0377,0.002,2.634,0.487,0.957,,,0.48,-0.48,0.48,-0.48
146.303,RET_WAYPOINT,0.8865,-0.5897,0.295,-109.97,0.68,0.72,-0.0,-0.279,0.0413,-0.0002,2.634,0.493,0.98,,,0.48,-0.48,0.48,-0.48
146.371,RET_WAYPOINT,0.8748,-0.5914,0.299,-110.02,0.66,0.73,-0.0,-0.2763,0.0401,-0.008,2.634,0.493,0.98,,,0.48,-0.48,0.48,-0.48
146.417,RET_WAYPOINT,0.8615,-0.5929,0.299,-110.04,0.57,0.65,-0.0,-0.2775,0.0388,-0.0006,2.634,0.496,1.006,,,0.48,-0.48,0.48,-0.48
146.468,RET_WAYPOINT,0.8496,-0.5932,0.296,-110.01,0.6,0.86,-0.0,-0.2745,0.0404,0.0015,2.634,0.496,1.006,,,0.48,-0.48,0.48,-0.48
146.522,RET_WAYPOINT,0.8349,-0.5956,0.298,-110.01,0.63,0.85,-0.0,-0.2791,0.0378,-0.0056,2.613,0.495,1.024,,,0.48,-0.48,0.48,-0.48
146.547,RET_WAYPOINT,0.8223,-0.5966,0.297,-109.98,0.62,0.85,-0.0,-0.2742,0.0395,0.0018,2.613,0.495,1.024,,,0.48,-0.48,0.48,-0.48
146.618,RET_WAYPOINT,0.8101,-0.5975,0.297,-109.97,0.69,1.06,-0.0,-0.276,0.0401,0.001,2.617,0.498,1.049,,,0.48,-0.48,0.48,-0.48
146.67,RET_WAYPOINT,0.7963,-0.5987,0.297,-109.95,0.64,1.09,-0.0,-0.2773,0.0432,0.0006,2.617,0.498,1.049,,,0.48,-0.48,0.48,-0.48
146.71,RET_WAYPOINT,0.7838,-0.5992,0.297,-109.91,0.68,1.2,-0.0,-0.2778,0.0448,0.0029,2.619,0.503,1.073,,,0.48,-0.48,0.48,-0.48
146.781,RET_WAYPOINT,0.7694,-0.5992,0.299,-109.94,0.67,1.4,-0.0,-0.2768,0.0519,0.0027,2.619,0.503,1.073,,,0.48,-0.48,0.48,-0.48
146.812,RET_WAYPOINT,0.7567,-0.5994,0.299,-109.93,0.52,1.37,-0.0,-0.2737,0.0558,0.0065,2.606,0.509,1.1,,,0.48,-0.48,0.48,-0.48
146.846,RET_WAYPOINT,0.7443,-0.5998,0.298,-109.83,0.54,1.5,-0.0,-0.2699,0.061,0.0089,2.606,0.509,1.1,,,0.48,-0.48,0.48,-0.48
146.91,RET_WAYPOINT,0.7322,-0.6002,0.3,-109.85,0.49,1.48,-0.0,-0.2699,0.064,0.0051,2.598,0.528,1.123,,,0.48,-0.48,0.48,-0.48
146.946,RET_WAYPOINT,0.7198,-0.5988,0.299,-109.91,0.49,1.47,-0.0,-0.2672,0.072,0.0082,2.598,0.528,1.123,,,0.48,-0.48,0.48,-0.48
147.014,RET_WAYPOINT,0.7075,-0.5987,0.294,-109.89,0.64,1.5,-0.0,-0.2638,0.0811,0.0044,2.59,0.543,1.153,,,0.48,-0.48,0.48,-0.48
147.083,RET_WAYPOINT,0.6936,-0.5973,0.299,-109.93,0.75,1.49,-0.0,-0.2623,0.086,-0.0105,2.59,0.543,1.153,,,0.48,-0.48,0.48,-0.48
147.12,RET_WAYPOINT,0.681,-0.5959,0.299,-109.97,0.82,1.54,-0.0,-0.2628,0.0916,-0.0002,,0.568,1.173,,,0.48,-0.48,0.48,-0.48
147.151,RET_WAYPOINT,0.6691,-0.596,0.304,-110.0,0.88,1.58,-0.0,-0.2636,0.097,0.0028,,0.568,1.173,,,0.48,-0.48,0.48,-0.48
147.218,RET_WAYPOINT,0.6561,-0.5932,0.307,-109.98,0.78,1.54,-0.0,-0.2666,0.1026,0.0119,,0.606,1.198,,,0.48,-0.48,0.48,-0.48
147.269,RET_WAYPOINT,0.6426,-0.5919,0.304,-110.02,0.56,1.2,-0.0,-0.2705,0.1088,0.0185,,0.606,1.198,,,0.48,-0.48,0.48,-0.48
147.307,RET_WAYPOINT,0.6277,-0.5884,0.303,-110.16,0.45,1.25,-0.0,-0.27,0.1136,0.0098,0.241,0.697,1.223,,,0.48,-0.48,0.48,-0.48
147.381,RET_WAYPOINT,0.6145,-0.5838,0.301,-110.38,0.47,1.32,-0.0,-0.2651,0.1185,0.0031,0.241,0.697,1.223,,,0.48,-0.48,0.48,-0.48
147.414,RET_WAYPOINT,0.602,-0.5812,0.3,-110.55,0.47,1.39,-0.0,-0.2664,0.121,-0.0046,0.192,0.788,1.248,,,0.48,-0.48,0.48,-0.48
147.46,RET_WAYPOINT,0.59,-0.5787,0.298,-110.7,0.37,1.3,-0.0,-0.2656,0.1254,-0.0061,0.192,0.788,1.248,,,0.48,-0.48,0.48,-0.48
147.505,RET_WAYPOINT,0.5775,-0.5754,0.3,-110.85,0.32,1.43,-0.0,-0.2625,0.131,-0.008,0.187,0.847,1.276,,,0.48,-0.48,0.48,-0.48
147.585,RET_WAYPOINT,0.565,-0.5733,0.299,-111.07,0.31,1.56,-0.0,-0.2612,0.1353,0.0014,0.187,0.847,1.276,,,0.48,-0.48,0.48,-0.48
147.614,RET_WAYPOINT,0.5511,-0.5679,0.302,-111.29,0.21,1.8,-0.0,-0.2546,0.1424,0.0008,0.199,0.897,1.305,,,0.48,-0.48,0.48,-0.48
147.676,RET_WAYPOINT,0.5391,-0.5635,0.301,-111.51,0.01,1.89,-0.0,-0.2477,0.1511,0.0083,0.199,0.897,1.305,,,0.48,-0.48,0.48,-0.48
147.705,RET_WAYPOINT,0.5274,-0.558,0.301,-111.68,-0.05,1.94,-0.0,-0.2379,0.1579,0.0032,0.201,0.949,1.327,,,0.48,-0.48,0.48,-0.48
147.744,RET_WAYPOINT,0.5167,-0.5533,0.302,-111.8,-0.02,1.94,-0.0,-0.2308,0.1673,-0.0004,0.201,0.949,1.327,,,0.48,-0.48,0.48,-0.48
147.801,RET_WAYPOINT,0.5062,-0.5471,0.301,-111.88,-0.12,2.08,-0.0,-0.2231,0.1754,0.0007,0.21,,1.359,,,0.48,-0.48,0.48,-0.48
147.865,RET_WAYPOINT,0.4936,-0.5406,0.299,-111.97,-0.48,1.98,-0.0,-0.2116,0.181,-0.0038,0.21,,1.359,,,0.48,-0.48,0.48,-0.48
147.894,RET_WAYPOINT,0.4845,-0.5365,0.3,-112.04,-1.11,1.89,-0.0,-0.1995,0.1836,-0.008,0.226,1.016,1.378,,,0.48,-0.48,0.48,-0.48
147.956,RET_WAYPOINT,0.4758,-0.5316,0.304,-112.07,-1.39,1.9,-0.0,-0.1798,0.1865,-0.0034,0.226,1.016,1.378,,,0.48,-0.48,0.48,-0.48
147.996,RET_WAYPOINT,0.4672,-0.5234,0.3,-112.17,-1.91,1.67,-0.0,-0.163,0.1911,0.0047,0.25,,1.396,,,0.48,-0.48,0.48,-0.48
148.082,RET_WAYPOINT,0.4596,-0.5192,0.306,-112.17,-2.55,1.45,-0.0,-0.139,0.1902,-0.0041,0.25,,1.396,,,0.48,-0.48,0.48,-0.48
148.11,RET_WAYPOINT,0.4533,-0.514,0.302,-112.14,-2.9,1.21,-0.0,-0.1128,0.1838,0.0081,0.27,,1.411,,,0.48,-0.48,0.48,-0.48
148.147,RET_WAYPOINT,0.4487,-0.5038,0.304,-112.16,-3.02,1.04,-0.0,-0.0843,0.1792,-0.0009,0.27,,1.411,,,0.48,-0.48,0.48,-0.48
148.212,RET_WAYPOINT,0.4458,-0.4959,0.303,-112.2,-3.02,0.93,-0.0,-0.0557,0.1746,-0.0025,0.27,,1.423,,,0.48,-0.48,0.48,-0.48
148.246,RET_WAYPOINT,0.4434,-0.4893,0.304,-112.22,-3.16,0.62,-0.0,-0.029,0.1743,-0.0047,0.27,,1.423,,,0.48,-0.48,0.48,-0.48
148.309,RET_WAYPOINT,0.4431,-0.4818,0.303,-112.19,-3.05,0.18,-0.0,-0.0012,0.1631,-0.0059,0.276,,1.426,,,0.48,-0.48,0.48,-0.48
148.35,RET_WAYPOINT,0.4415,-0.4751,0.302,-112.12,-2.89,-0.31,-0.0,0.0191,0.1505,-0.0059,0.276,,1.426,,,0.48,-0.48,0.48,-0.48
148.41,RET_WAYPOINT,0.4437,-0.4674,0.299,-112.08,-2.6,-0.65,-0.0,0.0394,0.1387,-0.0125,0.286,,1.435,,,0.48,-0.48,0.48,-0.48
148.472,RET_WAYPOINT,0.4455,-0.4611,0.299,-112.04,-2.49,-1.11,-0.0,0.0555,0.1241,-0.015,0.286,,1.435,,,0.48,-0.48,0.48,-0.48
148.502,RET_WAYPOINT,0.4475,-0.457,0.299,-111.97,-2.32,-1.42,-0.0,0.0683,0.105,-0.0154,0.296,,1.435,,,0.48,-0.48,0.48,-0.48
148.566,RET_WAYPOINT,0.4486,-0.4538,0.299,-111.9,-2.06,-1.7,-0.0,0.078,0.0816,-0.0071,0.296,,1.435,,,0.48,-0.48,0.48,-0.48
148.605,RET_WAYPOINT,0.4496,-0.4564,0.297,-111.75,-1.73,-1.95,-0.0,0.0849,0.0573,-0.0091,0.304,,1.425,,,0.48,-0.48,0.48,-0.48
148.654,RET_WAYPOINT,0.454,-0.4548,0.3,-111.7,-1.44,-2.06,-0.0,0.0875,0.0266,-0.013,0.304,,1.425,,,0.48,-0.48,0.48,-0.48
148.71,RET_WAYPOINT,0.4582,-0.4551,0.302,-111.65,-1.23,-2.03,-0.0,0.093,0.0075,-0.0022,0.307,,1.428,,,0.48,-0.48,0.48,-0.48
148.763,RET_WAYPOINT,0.4626,-0.4559,0.301,-111.62,-0.93,-1.77,-0.0,0.0918,-0.0146,0.0025,0.307,,1.428,,,0.48,-0.48,0.48,-0.48
148.808,ROTATION_SCAN,0.4627,-0.463,0.299,-111.51,-0.68,-1.52,-0.0,0.0864,-0.0351,0.0006,0.308,,1.419,,,,,0.48,-0.48
148.865,ROTATION_SCAN,0.4641,-0.4656,0.299,-111.39,-0.33,-1.17,15.0,0.0788,-0.0465,-0.0069,0.308,,1.419,,,,,0.48,-0.48
148.894,ROTATION_SCAN,0.465,-0.4718,0.298,-111.23,0.21,-0.71,15.0,0.0715,-0.064,-0.0041,0.309,,1.417,,,,,0.48,-0.48
148.958,ROTATION_SCAN,0.4642,-0.4803,0.298,-110.96,0.91,-0.03,15.0,0.0614,-0.0697,-0.0067,0.309,,1.417,,,,,0.48,-0.48
148.995,ROTATION_SCAN,0.4642,-0.4839,0.299,-110.62,1.33,0.7,15.0,0.0477,-0.0652,-0.0057,0.306,,1.412,,,,,0.48,-0.48
149.06,ROTATION_SCAN,0.4641,-0.4886,0.298,-110.16,1.48,1.27,15.0,0.0321,-0.0549,-0.0013,0.306,,1.412,,,,,0.48,-0.48
149.125,ROTATION_SCAN,0.4634,-0.4905,0.297,-109.55,1.54,1.84,15.0,0.0192,-0.0399,-0.0025,0.304,,1.403,,,,,0.48,-0.48
149.203,ROTATION_SCAN,0.4624,-0.4942,0.299,-108.86,1.35,2.02,15.0,0.0079,-0.024,-0.0073,0.304,,1.403,,,,,0.48,-0.48
149.238,ROTATION_SCAN,0.4588,-0.4941,0.297,-108.03,1.14,2.09,15.0,-0.0039,0.0001,-0.003,0.302,,1.402,,,,,0.48,-0.48
149.269,ROTATION_SCAN,0.4553,-0.4926,0.298,-107.14,0.81,1.92,15.0,-0.0148,0.022,-0.0069,0.302,,1.402,,,,,0.48,-0.48
149.304,ROTATION_SCAN,0.4528,-0.4903,0.296,-106.24,0.53,1.76,15.0,-0.0209,0.0429,-0.0031,0.299,,1.39,,,,,0.48,-0.48
149.359,ROTATION_SCAN,0.4493,-0.4868,0.296,-105.41,0.28,1.62,15.0,-0.025,0.0603,-0.0047,0.299,,1.39,,,,,0.48,-0.48
149.403,ROTATION_SCAN,0.4473,-0.484,0.299,-104.63,-0.01,1.38,15.0,-0.0267,0.0719,-0.0024,0.301,,1.387,,,,,0.48,-0.48
149.457,ROTATION_SCAN,0.4445,-0.4792,0.299,-103.81,-0.36,1.04,15.0,-0.0247,0.0852,0.0068,0.301,,1.387,,,,,0.48,-0.48
149.492,ROTATION_SCAN,0.442,-0.4735,0.299,-103.0,-0.59,0.65,15.0,-0.0233,0.0917,0.0062,0.304,,1.386,,,,,0.48,-0.48
149.563,ROTATION_SCAN,0.441,-0.4696,0.301,-102.21,-0.84,0.34,15.0,-0.0173,0.0927,0.0029,0.304,,1.386,,,,,0.48,-0.48
149.598,ROTATION_SCAN,0.438,-0.463,0.299,-101.43,-0.95,0.14,15.0,-0.0145,0.0986,0.0076,0.311,,1.386,,,,,0.48,-0.48
149.665,ROTATION_SCAN,0.4369,-0.4572,0.299,-100.65,-1.17,-0.27,15.0,-0.0076,0.0991,-0.0004,0.311,,1.386,,,,,0.48,-0.48
149.704,ROTATION_SCAN,0.4353,-0.4524,0.299,-99.85,-1.15,-0.64,15.0,-0.0005,0.0936,-0.0019,0.314,,1.393,,,,,0.48,-0.48
149.766,ROTATION_SCAN,0.4344,-0.4496,0.299,-99.07,-1.23,-1.0,15.0,0.0047,0.0806,0.0025,0.314,,1.393,,,,,0.48,-0.48
149.815,ROTATION_SCAN,0.4359,-0.4467,0.299,-98.29,-1.08,-1.09,15.0,0.0151,0.0696,-0.0009,0.314,,1.41,,,,,0.48,-0.48
149.863,ROTATION_SCAN,0.4375,-0.4436,0.297,-97.57,-0.94,-1.06,15.0,0.0286,0.0554,0.0001,0.314,,1.41,,,,,0.48,-0.48
149.929,ROTATION_SCAN,0.4405,-0.4419,0.3,-96.92,-0.83,-1.01,15.0,0.0343,0.0437,-0.0049,0.313,,1.416,,,,,0.48,-0.48
149.981,ROTATION_SCAN,0.4426,-0.4421,0.301,-96.23,-0.67,-0.94,15.0,0.0379,0.028,0.0022,0.313,,1.416,,,,,0.48,-0.48
150.035,ROTATION_SCAN,0.4483,-0.4427,0.299,-95.47,-0.52,-0.87,15.0,0.0523,0.0172,0.0038,0.307,,1.439,,,,,0.48,-0.48
150.083,ROTATION_SCAN,0.4513,-0.4441,0.3,-94.74,-0.2,-0.84,15.0,0.0525,0.0043,-0.0016,0.307,,1.439,,,,,0.48,-0.48
150.102,ROTATION_SCAN,0.4534,-0.446,0.302,-94.02,0.11,-0.66,15.0,0.0517,-0.0069,0.0008,0.305,,1.458,,,,,0.48,-0.48
150.144,ROTATION_SCAN,0.4531,-0.4486,0.3,-93.26,0.36,-0.37,15.0,0.0475,-0.0186,0.0061,0.305,,1.458,,,,,0.48,-0.48
150.219,ROTATION_SCAN,0.4548,-0.4519,0.301,-92.53,0.58,-0.11,15.0,0.041,-0.0247,0.001,0.303,,1.506,,,,,0.48,-0.48
150.269,ROTATION_SCAN,0.4553,-0.4559,0.299,-91.78,0.61,0.04,15.0,0.0335,-0.0293,0.0007,0.303,,1.506,,,,,0.48,-0.48
150.311,ROTATION_SCAN,0.455,-0.46,0.3,-91.03,0.61,0.38,15.0,0.0219,-0.0332,-0.0041,0.301,,1.54,,,,,0.48,-0.48
150.373,ROTATION_SCAN,0.4548,-0.4634,0.3,-90.35,0.54,0.63,15.0,0.0155,-0.0376,-0.0017,0.301,,1.54,,,,,0.48,-0.48
150.427,ROTATION_SCAN,0.4541,-0.4658,0.3,-89.66,0.36,0.86,15.0,0.0081,-0.0293,-0.0009,0.299,,,,,,,0.48,-0.48
150.447,ROTATION_SCAN,0.4524,-0.47,0.301,-88.92,0.26,0.98,15.0,0.001,-0.0297,-0.0008,0.299,,,,,,,0.48,-0.48
150.512,ROTATION_SCAN,0.4519,-0.4718,0.299,-88.1,0.13,1.11,15.0,-0.0016,-0.0232,-0.0004,0.295,,,,,,,0.48,-0.48
150.543,ROTATION_SCAN,0.4507,-0.4745,0.301,-87.33,-0.0,1.08,15.0,-0.0062,-0.0169,-0.0045,0.295,,,,,,,0.48,-0.48
150.616,ROTATION_SCAN,0.4498,-0.4759,0.299,-86.53,-0.13,1.17,15.0,-0.0075,-0.0095,-0.0002,0.296,,2.282,,,,,0.48,-0.48
150.647,ROTATION_SCAN,0.4477,-0.4785,0.299,-85.75,-0.17,1.27,15.0,-0.0112,-0.0049,-0.0032,0.296,,2.282,,,,,0.48,-0.48
150.715,ROTATION_SCAN,0.4459,-0.4779,0.299,-84.95,-0.33,1.19,15.0,-0.014,0.0057,-0.0046,0.295,,2.331,,,,,0.48,-0.48
150.744,ROTATION_SCAN,0.4453,-0.4771,0.302,-84.19,-0.51,1.08,15.0,-0.0106,0.0175,-0.0004,0.295,,2.331,,,,,0.48,-0.48
150.809,ROTATION_SCAN,0.4448,-0.476,0.3,-83.47,-0.63,1.1,15.0,-0.0065,0.0286,0.0048,0.299,,2.327,,,,,0.48,-0.48
150.867,ROTATION_SCAN,0.4447,-0.4737,0.299,-82.79,-0.71,0.96,15.0,-0.0019,0.0383,-0.0006,0.299,,2.327,,,,,0.48,-0.48
150.905,ROTATION_SCAN,0.4454,-0.4718,0.302,-82.1,-0.74,0.71,15.0,0.0039,0.0482,-0.0042,0.301,,,,,,,0.48,-0.48
150.968,ROTATION_SCAN,0.4456,-0.4667,0.299,-81.38,-0.73,0.45,15.0,0.0139,0.0549,0.006,0.301,,,,,,,0.48,-0.48
151.0,ROTATION_SCAN,0.4493,-0.4631,0.301,-80.66,-0.56,0.19,15.0,0.0227,0.061,-0.0015,0.301,,,,,,,0.48,-0.48
151.07,ROTATION_SCAN,0.453,-0.4651,0.299,-79.94,-0.37,-0.08,15.0,0.0314,0.0548,0.0024,0.301,,,,,,,0.48,-0.48
151.101,ROTATION_SCAN,0.4596,-0.4621,0.301,-79.23,-0.2,-0.25,15.0,0.0445,0.0554,-0.0008,0.308,,,,,,,0.48,-0.48
151.169,ROTATION_SCAN,0.4617,-0.4609,0.302,-78.55,0.16,-0.26,15.0,0.0454,0.0501,0.0015,0.308,,,,,,,0.48,-0.48
151.203,ROTATION_SCAN,0.4691,-0.4617,0.3,-77.84,0.4,-0.25,15.0,0.0543,0.0415,0.004,0.319,,,,,,,0.48,-0.48
151.264,ROTATION_SCAN,0.4721,-0.461,0.305,-77.1,0.62,-0.24,15.0,0.0514,0.036,-0.002,0.319,,,,,,,0.48,-0.48
151.301,ROTATION_SCAN,0.4771,-0.4617,0.303,-76.32,0.79,-0.26,15.0,0.0513,0.0277,0.0075,0.329,,,,,,,0.48,-0.48
151.351,ROTATION_SCAN,0.4807,-0.4626,0.303,-75.58,1.05,-0.0,15.0,0.0466,0.0199,0.0036,0.329,,,,,,,0.48,-0.48
151.393,ROTATION_SCAN,0.4829,-0.4643,0.3,-74.8,1.2,0.19,15.0,0.0372,0.0125,-0.0005,0.337,2.285,,0.692,,,,0.48,-0.48
151.458,ROTATION_SCAN,0.4855,-0.4704,0.302,-74.03,1.28,0.2,15.0,0.028,-0.0035,-0.0092,0.337,2.285,,0.692,,,,0.48,-0.48
151.519,ROTATION_SCAN,0.4868,-0.4712,0.302,-73.23,1.17,0.27,15.0,0.0175,-0.0057,-0.0061,0.359,2.239,,0.663,,,,0.48,-0.48
151.548,ROTATION_SCAN,0.4892,-0.4758,0.3,-72.51,1.09,0.63,15.0,0.0099,-0.0157,-0.0007,0.359,2.239,,0.663,,,,0.48,-0.48
151.602,ROTATION_SCAN,0.4896,-0.478,0.301,-71.74,1.0,0.96,15.0,0.0001,-0.0165,-0.0092,,2.223,0.928,0.636,,,,0.48,-0.48
151.654,ROTATION_SCAN,0.4889,-0.4804,0.302,-70.97,0.89,1.16,15.0,-0.0105,-0.0161,-0.0033,,2.223,0.928,0.636,,,,0.48,-0.48
151.707,ROTATION_SCAN,0.4897,-0.4826,0.301,-70.19,0.71,1.24,15.0,-0.0193,-0.0107,-0.0014,,2.149,0.903,0.613,,,,0.48,-0.48
151.751,ROTATION_SCAN,0.4874,-0.4847,0.3,-69.34,0.59,1.34,15.0,-0.031,-0.0067,-0.0036,,2.149,0.903,0.613,,,,0.48,-0.48
151.815,ROTATION_SCAN,0.4862,-0.4859,0.299,-68.45,0.34,1.28,15.0,-0.0383,-0.0012,-0.0045,,,0.86,0.585,,,,0.48,-0.48
151.849,ROTATION_SCAN,0.4846,-0.4872,0.303,-67.59,0.15,1.26,15.0,-0.0474,0.0045,-0.0068,,,0.86,0.585,,,,0.48,-0.48
151.917,ROTATION_SCAN,0.4798,-0.4878,0.299,-66.79,-0.13,1.23,15.0,-0.0538,0.0114,0.002,2.691,,0.828,0.566,,,,0.48,-0.48
151.943,ROTATION_SCAN,0.4775,-0.4875,0.299,-65.97,-0.4,1.2,15.0,-0.0546,0.0192,-0.0065,2.691,,0.828,0.566,,,,0.48,-0.48
152.01,ROTATION_SCAN,0.4755,-0.4863,0.303,-65.1,-0.57,1.17,15.0,-0.0538,0.0315,-0.0079,2.681,,0.792,0.546,,,,0.48,-0.48
152.072,ROTATION_SCAN,0.4742,-0.4847,0.301,-64.21,-0.62,0.94,15.0,-0.0487,0.0425,0.004,2.681,,0.792,0.546,,,,0.48,-0.48
152.102,ROTATION_SCAN,0.4737,-0.483,0.302,-63.3,-0.66,0.78,15.0,-0.0432,0.0495,0.0005,2.601,,0.763,0.524,,,,0.48,-0.48
152.149,ROTATION_SCAN,0.4751,-0.4778,0.3,-62.39,-0.61,0.58,15.0,-0.0333,0.0645,-0.0006,2.601,,0.763,0.524,,,,0.48,-0.48
152.211,ROTATION_SCAN,0.4757,-0.4754,0.301,-61.51,-0.46,0.32,15.0,-0.0259,0.0701,-0.0059,2.508,,0.725,0.505,,,,0.48,-0.48
152.244,ROTATION_SCAN,0.4773,-0.473,0.299,-60.69,-0.32,0.04,15.0,-0.0154,0.068,-0.0032,2.508,,0.725,0.505,,,,0.48,-0.48
152.306,ROTATION_SCAN,0.4805,-0.4721,0.299,-59.88,-0.05,-0.03,15.0,-0.0042,0.0641,-0.0079,2.445,,0.695,0.49,,,,0.48,-0.48
152.342,ROTATION_SCAN,0.4827,-0.4708,0.3,-59.13,0.18,-0.07,15.0,0.0021,0.0614,-0.0063,2.445,,0.695,0.49,,,,0.48,-0.48
152.405,ROTATION_SCAN,0.4859,-0.4701,0.296,-58.38,0.45,0.07,15.0,0.0079,0.0553,-0.0036,2.422,,0.664,0.473,,,,0.48,-0.48
152.445,ROTATION_SCAN,0.4897,-0.4696,0.301,-57.59,0.68,0.11,15.0,0.0121,0.0491,-0.0155,2.422,,0.664,0.473,,,,0.48,-0.48
152.507,ROTATION_SCAN,0.4928,-0.4676,0.299,-56.81,0.84,0.14,15.0,0.0097,0.0454,0.0011,2.389,,0.641,0.459,,,,0.48,-0.48
152.547,ROTATION_SCAN,0.4953,-0.4667,0.299,-56.02,0.88,0.06,15.0,0.0084,0.0361,-0.0017,2.389,,0.641,0.459,,,,0.48,-0.48
152.611,ROTATION_SCAN,0.4977,-0.4685,0.303,-55.28,0.94,0.16,15.0,0.0026,0.0258,-0.0,,,0.622,0.448,,,,0.48,-0.48
152.656,ROTATION_SCAN,0.4981,-0.4676,0.3,-54.5,1.07,0.43,15.0,0.0004,0.0193,0.009,,,0.622,0.448,,,,0.48,-0.48
152.693,ROTATION_SCAN,0.5015,-0.4717,0.299,-53.74,1.13,0.51,15.0,-0.0031,0.0087,-0.0007,2.354,,0.603,0.437,,,,0.48,-0.48
152.76,ROTATION_SCAN,0.5035,-0.4734,0.299,-52.91,1.08,0.7,15.0,-0.0118,-0.0003,-0.0041,2.354,,0.603,0.437,,,,0.48,-0.48
152.796,ROTATION_SCAN,0.5011,-0.4756,0.301,-52.1,1.05,0.95,15.0,-0.0204,-0.0063,-0.0036,2.347,,0.594,0.425,,,,0.48,-0.48
152.859,ROTATION_SCAN,0.5026,-0.4795,0.299,-51.29,0.95,1.06,15.0,-0.0272,-0.012,-0.001,2.347,,0.594,0.425,,,,0.48,-0.48
152.896,ROTATION_SCAN,0.5016,-0.482,0.3,-50.47,0.68,1.11,15.0,-0.0382,-0.0171,-0.0058,2.332,,0.586,0.409,,,,0.48,-0.48
152.974,ROTATION_SCAN,0.5009,-0.4861,0.294,-49.67,0.33,1.15,15.0,-0.0446,-0.0192,-0.0031,2.332,,0.586,0.409,,,,0.48,-0.48
152.997,ROTATION_SCAN,0.4987,-0.4891,0.3,-48.83,-0.1,1.14,15.0,-0.0511,-0.0186,-0.0163,,,0.582,0.391,,,,0.48,-0.48
153.06,ROTATION_SCAN,0.4974,-0.4917,0.299,-47.99,-0.34,1.17,15.0,-0.0562,-0.0148,0.0017,,,0.582,0.391,,,,0.48,-0.48
153.095,ROTATION_SCAN,0.497,-0.4939,0.298,-47.12,-0.59,1.09,15.0,-0.0509,-0.0085,0.0018,2.301,,0.581,0.378,,,,0.48,-0.48
153.156,ROTATION_SCAN,0.4957,-0.4958,0.299,-46.27,-0.76,1.13,15.0,-0.0526,-0.0023,-0.0021,2.301,,0.581,0.378,,,,0.48,-0.48
153.209,ROTATION_SCAN,0.4954,-0.4979,0.299,-45.4,-0.78,1.25,15.0,-0.049,0.0052,0.0012,2.242,,0.581,0.363,,,,0.48,-0.48
153.247,ROTATION_SCAN,0.4936,-0.4986,0.298,-44.53,-0.85,1.18,15.0,-0.0495,0.0126,0.0015,2.242,,0.581,0.363,,,,0.48,-0.48
153.325,ROTATION_SCAN,0.4933,-0.4992,0.3,-43.69,-0.84,1.05,15.0,-0.046,0.0231,-0.0018,,,0.58,0.353,,,,0.48,-0.48
153.342,ROTATION_SCAN,0.4933,-0.4971,0.299,-42.94,-0.84,0.99,15.0,-0.0408,0.0368,0.0014,,,0.58,0.353,,,,0.48,-0.48
153.427,ROTATION_SCAN,0.4936,-0.4949,0.301,-42.24,-0.78,0.85,15.0,-0.0316,0.0497,-0.0038,,,0.586,0.345,,,,0.48,-0.48
153.446,ROTATION_SCAN,0.4957,-0.495,0.299,-41.54,-0.55,0.89,15.0,-0.0271,0.0525,0.0038,,,0.586,0.345,,,,0.48,-0.48
153.526,ROTATION_SCAN,0.4972,-0.4919,0.3,-40.89,-0.38,0.91,15.0,-0.0267,0.055,-0.0013,,,0.591,0.339,,,,0.48,-0.48
153.546,ROTATION_SCAN,0.4996,-0.5002,0.299,-40.27,-0.17,0.8,15.0,-0.016,0.044,0.0006,,,0.591,0.339,,,,0.48,-0.48
153.616,ROTATION_SCAN,0.5008,-0.4988,0.301,-39.66,-0.12,0.9,15.0,-0.0148,0.045,-0.0018,1.612,,0.6,0.338,,,,0.48,-0.48
153.644,ROTATION_SCAN,0.5038,-0.4977,0.3,-39.01,0.02,0.88,15.0,-0.0121,0.0513,0.0018,1.612,,0.6,0.338,,,,0.48,-0.48
153.706,ROTATION_SCAN,0.507,-0.4958,0.3,-38.33,0.1,0.91,15.0,-0.0078,0.0552,-0.0003,1.56,,0.61,0.333,,,,0.48,-0.48
153.764,ROTATION_SCAN,0.5078,-0.4936,0.301,-37.59,0.23,1.08,15.0,-0.0088,0.0604,-0.0018,1.56,,0.61,0.333,,,,0.48,-0.48
153.803,ROTATION_SCAN,0.5102,-0.4921,0.301,-36.79,0.33,1.21,15.0,-0.0098,0.0642,0.0026,1.524,,0.624,0.33,,,,0.48,-0.48
153.864,ROTATION_SCAN,0.513,-0.4874,0.301,-35.91,0.39,1.19,15.0,-0.0141,0.0661,0.0027,1.524,,0.624,0.33,,,,0.48,-0.48
153.897,ROTATION_SCAN,0.5144,-0.4865,0.299,-34.98,0.59,1.3,15.0,-0.0202,0.0607,0.0021,1.497,,0.65,0.327,,,,0.48,-0.48
153.988,ROTATION_SCAN,0.5149,-0.485,0.298,-34.03,0.71,1.26,15.0,-0.0263,0.0688,-0.0017,1.497,,0.65,0.327,,,,0.48,-0.48
154.003,ROTATION_SCAN,0.5147,-0.4794,0.3,-33.12,0.79,1.26,15.0,-0.0369,0.069,-0.002,1.483,,0.696,0.326,,,,0.48,-0.48
154.07,ROTATION_SCAN,0.5139,-0.4755,0.3,-32.24,0.91,1.27,15.0,-0.0465,0.0683,0.0042,1.483,,0.696,0.326,,,,0.48,-0.48
154.102,ROTATION_SCAN,0.5108,-0.4734,0.3,-31.43,0.97,1.21,15.0,-0.0575,0.0649,0.0041,1.467,,0.735,0.318,,,,0.48,-0.48
154.17,ROTATION_SCAN,0.51,-0.4711,0.3,-30.64,0.88,1.04,15.0,-0.0662,0.0596,0.0047,1.467,,0.735,0.318,,,,0.48,-0.48
154.199,ROTATION_SCAN,0.5085,-0.4706,0.3,-29.89,0.92,0.8,15.0,-0.0741,0.0527,0.0049,1.448,,0.769,0.32,,,,0.48,-0.48
154.243,ROTATION_SCAN,0.5049,-0.4687,0.302,-29.13,0.91,0.74,15.0,-0.081,0.0433,0.004,1.448,,0.769,0.32,,,,0.48,-0.48
154.297,ROTATION_SCAN,0.5023,-0.4696,0.299,-28.33,0.99,0.54,15.0,-0.0866,0.0349,0.006,1.445,,0.799,0.311,,,,0.48,-0.48
154.362,ROTATION_SCAN,0.5009,-0.4708,0.304,-27.51,0.96,0.35,15.0,-0.0886,0.0169,-0.0027,1.445,,0.799,0.311,,,,0.48,-0.48
154.408,ROTATION_SCAN,0.5016,-0.4743,0.305,-26.67,0.8,0.11,15.0,-0.0852,-0.0021,0.0103,1.432,,0.839,0.308,,,,0.48,-0.48
154.453,ROTATION_SCAN,0.4987,-0.4799,0.302,-25.76,0.55,0.12,15.0,-0.0842,-0.0123,0.0132,1.432,,0.839,0.308,,,,0.48,-0.48
154.514,ROTATION_SCAN,0.4977,-0.4845,0.305,-24.91,0.14,0.05,15.0,-0.0785,-0.0297,0.0064,1.415,,0.889,0.306,,,,0.48,-0.48
154.558,ROTATION_SCAN,0.497,-0.4885,0.305,-24.12,-0.18,0.24,15.0,-0.0704,-0.0366,0.0095,1.415,,0.889,0.306,,,,0.48,-0.48
154.624,ROTATION_SCAN,0.4972,-0.495,0.304,-23.34,-0.59,0.39,15.0,-0.0635,-0.0396,0.0052,1.403,,0.923,0.303,,,,0.48,-0.48
154.661,ROTATION_SCAN,0.498,-0.4984,0.302,-22.59,-0.98,0.48,15.0,-0.0564,-0.0354,0.0009,1.403,,0.923,0.303,,,,0.48,-0.48
154.715,ROTATION_SCAN,0.4983,-0.5022,0.302,-21.86,-1.09,0.68,15.0,-0.0522,-0.0302,-0.0039,1.396,,,0.298,,,,0.48,-0.48
154.76,ROTATION_SCAN,0.499,-0.5053,0.303,-21.17,-1.22,0.81,15.0,-0.0446,-0.0239,-0.0069,1.396,,,0.298,,,,0.48,-0.48
154.824,ROTATION_SCAN,0.4987,-0.5077,0.304,-20.48,-1.29,0.85,15.0,-0.0439,-0.0146,-0.0046,1.384,,,0.295,,,,0.48,-0.48
154.928,RET_WAYPOINT,0.4997,-0.5108,0.304,-19.78,-1.31,0.82,15.0,-0.0369,-0.0042,-0.0045,1.384,,,0.295,,0.48,-0.54,-0.5,-0.72
154.955,RET_WAYPOINT,0.5019,-0.5115,0.305,-19.17,-1.26,0.89,-0.0,-0.0307,0.0093,-0.0036,1.374,,,0.289,,0.48,-0.54,-0.5,-0.72
154.967,RET_WAYPOINT,0.5019,-0.5095,0.305,-18.81,-0.84,0.55,-0.0,-0.0343,0.0214,-0.0021,1.374,,,0.289,,0.48,-0.54,-0.5,-0.72
154.992,RET_WAYPOINT,0.5014,-0.5057,0.301,-18.52,-0.45,0.25,-0.0,-0.031,0.0335,-0.0026,1.365,,,0.286,,0.48,-0.54,-0.5,-0.72
155.07,RET_WAYPOINT,0.5015,-0.5063,0.302,-18.33,0.5,0.17,-0.0,-0.0202,0.0442,-0.0125,1.365,,,0.286,,0.48,-0.54,-0.5,-0.72
155.102,RET_WAYPOINT,0.5059,-0.4973,0.302,-18.27,1.34,0.37,-0.0,-0.0138,0.0367,-0.0087,1.364,,,0.285,,0.48,-0.54,-0.5,-0.72
155.164,RET_WAYPOINT,0.5096,-0.4981,0.302,-18.24,2.06,0.41,-0.0,-0.0153,0.0235,-0.0071,1.364,,,0.285,,0.48,-0.54,-0.5,-0.72
155.196,RET_WAYPOINT,0.5096,-0.4969,0.3,-18.22,2.45,0.4,-0.0,-0.0198,0.006,-0.009,1.359,,,0.283,,0.48,-0.54,-0.5,-0.72
155.299,RET_WAYPOINT,0.5123,-0.5004,0.299,-18.14,2.69,0.36,-0.0,-0.02,-0.0204,-0.0124,1.359,,,0.283,,0.48,-0.54,-0.5,-0.72
155.311,RET_WAYPOINT,0.5152,-0.504,0.3,-18.05,2.88,0.6,-0.0,-0.0244,-0.0505,-0.0129,1.359,,,0.275,,0.48,-0.54,-0.5,-0.72
155.373,RET_WAYPOINT,0.5162,-0.5088,0.299,-18.0,2.72,0.85,-0.0,-0.0308,-0.0758,-0.0072,1.359,,,0.275,,0.48,-0.54,-0.5,-0.72
155.403,RET_WAYPOINT,0.5171,-0.5168,0.301,-17.88,2.31,1.06,-0.0,-0.0409,-0.0997,-0.0102,1.353,,,0.269,,0.48,-0.54,-0.5,-0.72
155.473,RET_WAYPOINT,0.5174,-0.5225,0.296,-17.78,1.8,1.12,-0.0,-0.0486,-0.1174,-0.0041,1.353,,,0.269,,0.48,-0.54,-0.5,-0.72
155.501,RET_WAYPOINT,0.5179,-0.5292,0.3,-17.7,1.12,1.23,-0.0,-0.0554,-0.129,-0.011,1.352,,,0.25,,0.48,-0.54,-0.5,-0.72
155.556,RET_WAYPOINT,0.5178,-0.5359,0.299,-17.6,0.33,1.51,-0.0,-0.0656,-0.1367,0.0011,1.352,,,0.25,,0.48,-0.54,-0.5,-0.72
155.604,RET_WAYPOINT,0.5166,-0.5417,0.299,-17.41,-0.36,1.77,-0.0,-0.0714,-0.134,-0.0002,1.356,,,0.232,,0.48,-0.54,-0.5,-0.72
155.647,RET_WAYPOINT,0.5156,-0.549,0.299,-17.25,-1.0,1.86,-0.0,-0.078,-0.1248,0.0005,1.356,,,0.232,,0.48,-0.54,-0.5,-0.72
155.693,RET_WAYPOINT,0.5134,-0.556,0.299,-17.07,-1.56,1.99,-0.0,-0.0862,-0.1102,0.0059,1.345,,,0.215,,0.48,-0.54,-0.5,-0.72
155.753,RET_WAYPOINT,0.5112,-0.5624,0.3,-16.92,-2.11,1.84,-0.0,-0.0934,-0.0948,0.0039,1.345,,,0.215,,0.48,-0.54,-0.5,-0.72
155.81,RET_WAYPOINT,0.5084,-0.5669,0.299,-16.76,-2.51,1.64,-0.0,-0.0977,-0.0706,0.0065,1.349,,,0.204,,0.48,-0.54,-0.5,-0.72
155.864,RET_WAYPOINT,0.5054,-0.568,0.301,-16.65,-2.94,1.51,-0.0,-0.0985,-0.0443,0.0059,1.349,,,0.204,,0.48,-0.54,-0.5,-0.72
155.951,RET_WAYPOINT,0.5009,-0.5696,0.301,-16.64,-2.98,1.42,-0.0,-0.1029,-0.0129,0.0093,1.353,,,0.204,,0.48,-0.54,-0.5,-0.72
155.972,RET_WAYPOINT,0.4968,-0.5698,0.301,-16.58,-2.6,1.38,-0.0,-0.1031,0.0141,0.0101,1.353,,,0.204,,0.48,-0.54,-0.5,-0.72
155.999,RET_WAYPOINT,0.493,-0.5677,0.301,-16.54,-2.29,1.03,-0.0,-0.0995,0.0404,0.0046,1.361,,,0.204,,0.48,-0.54,-0.5,-0.72
156.085,RET_WAYPOINT,0.4902,-0.5662,0.301,-16.44,-1.93,0.63,-0.0,-0.097,0.0605,0.0022,1.361,,,0.204,,-0.22,-0.54,-0.5,-0.72
156.115,RET_WAYPOINT,0.4875,-0.5615,0.299,-16.34,-1.59,0.34,-0.0,-0.0902,0.0825,0.0017,1.364,,,0.216,,-0.22,-0.54,-0.5,-0.72
156.184,RET_WAYPOINT,0.4848,-0.5578,0.299,-16.21,-0.92,0.71,-0.0,-0.0835,0.0952,0.0025,1.364,,,0.216,,-0.22,-0.54,-0.5,-0.72
156.226,RET_WAYPOINT,0.4842,-0.5554,0.302,-16.1,0.59,2.11,-0.0,-0.0821,0.0991,0.0003,1.363,,,0.231,,-0.22,-0.54,-0.5,-0.72
156.255,RET_WAYPOINT,0.4829,-0.5515,0.303,-16.08,1.58,2.81,-0.0,-0.0948,0.0967,0.0063,1.363,,,0.231,,-0.22,-0.54,-0.5,-0.72
156.3,RET_WAYPOINT,0.4808,-0.5485,0.305,-16.05,2.25,3.21,-0.0,-0.1138,0.0865,0.0064,1.381,,,0.245,,-0.22,-0.54,-0.5,-0.72
156.342,RET_WAYPOINT,0.4767,-0.5455,0.304,-16.15,2.7,3.52,-0.0,-0.1403,0.0722,0.0051,1.381,,,0.245,,-0.22,-0.54,-0.5,-0.72
156.395,RET_WAYPOINT,0.4706,-0.5432,0.302,-16.22,2.88,3.51,-0.0,-0.1711,0.0551,-0.0001,1.383,,,0.256,,-0.22,-0.54,-0.5,-0.72
156.46,RET_WAYPOINT,0.4635,-0.5419,0.302,-16.26,2.87,3.3,-0.0,-0.2003,0.0366,-0.0093,1.383,,,0.256,,-0.22,-0.54,-0.5,-0.72
156.51,RET_WAYPOINT,0.4532,-0.5412,0.302,-16.18,2.76,3.08,-0.0,-0.2326,0.0182,-0.0092,1.394,,,0.245,,-0.22,-0.54,-0.5,-0.72
156.562,RET_WAYPOINT,0.4427,-0.5421,0.301,-16.09,2.51,2.69,-0.0,-0.2556,-0.0042,-0.0051,1.394,,,0.245,,-0.22,-0.54,-0.5,-0.72
156.615,RET_WAYPOINT,0.4319,-0.5426,0.302,-16.12,2.16,2.37,-0.0,-0.2773,-0.0186,-0.0023,1.42,,,0.224,,-0.22,-0.54,-0.5,-0.72
156.663,RET_WAYPOINT,0.4195,-0.5449,0.304,-16.44,1.8,1.98,-0.0,-0.3004,-0.0371,0.0006,1.42,,,0.224,,-0.22,-0.54,-0.5,-0.72
156.717,RET_WAYPOINT,0.4061,-0.547,0.302,-16.87,1.28,1.51,-0.0,-0.3168,-0.0532,0.0018,1.437,,,0.212,,-0.22,-0.54,-0.5,-0.72
156.761,RET_WAYPOINT,0.3915,-0.5502,0.302,-17.5,0.66,0.99,-0.0,-0.3239,-0.0586,-0.0041,1.437,,,0.212,,-0.22,-0.54,-0.5,-0.72
156.809,RET_WAYPOINT,0.3747,-0.5543,0.299,-18.24,0.28,0.86,-0.0,-0.3275,-0.0613,-0.0075,1.46,,,0.204,,-0.22,-0.54,-0.5,-0.72
156.842,RET_WAYPOINT,0.3615,-0.5573,0.302,-19.12,-0.12,0.66,-0.0,-0.3286,-0.0589,-0.0122,1.46,,,0.204,,-0.22,-0.54,-0.5,-0.72
156.891,RET_WAYPOINT,0.3481,-0.5606,0.305,-19.95,-0.47,0.34,-0.0,-0.3241,-0.0613,-0.008,1.493,,,0.197,,-0.22,-0.54,-0.5,-0.72
156.949,RET_WAYPOINT,0.3352,-0.5635,0.301,-20.74,-0.82,0.09,-0.0,-0.3239,-0.0577,0.0015,1.493,,,0.197,,-0.22,-0.54,-0.5,-0.72
157.013,RET_WAYPOINT,0.3221,-0.5657,0.302,-21.44,-1.01,0.22,-0.0,-0.3117,-0.0516,-0.0093,1.529,,,0.188,,-0.22,-0.54,-0.5,-0.72
157.076,RET_WAYPOINT,0.3076,-0.5694,0.299,-22.0,-1.09,0.44,-0.0,-0.3073,-0.0417,-0.0119,1.529,,,0.188,,-0.22,-0.54,-0.5,-0.72
157.113,RET_WAYPOINT,0.2935,-0.57,0.299,-22.5,-1.11,0.44,-0.0,-0.2988,-0.0316,-0.0179,1.565,,,0.204,,-0.22,-0.54,-0.5,-0.72
157.155,RET_WAYPOINT,0.2814,-0.5711,0.297,-22.89,-1.24,0.59,-0.0,-0.2948,-0.0219,-0.0133,1.565,,,0.204,,-0.22,-0.54,-0.5,-0.72
157.202,RET_WAYPOINT,0.2685,-0.572,0.294,-23.29,-1.3,0.75,-0.0,-0.2926,-0.0083,-0.0176,1.59,,,0.213,,-0.22,-0.54,-0.5,-0.72
157.27,RET_WAYPOINT,0.2566,-0.5726,0.295,-23.61,-1.2,0.87,-0.0,-0.2869,0.0029,-0.0227,1.59,,,0.213,,-0.22,-0.54,-0.5,-0.72
157.312,RET_WAYPOINT,0.2459,-0.5728,0.293,-23.8,-1.06,0.82,-0.0,-0.2879,0.0169,-0.0157,1.618,,,0.17,,-0.22,-0.54,-0.5,-0.72
157.365,RET_WAYPOINT,0.2355,-0.5733,0.29,-23.88,-1.05,0.82,-0.0,-0.2801,0.0293,-0.0154,1.618,,,0.17,,-0.22,-0.54,-0.5,-0.72
157.393,RET_WAYPOINT,0.222,-0.5705,0.293,-23.9,-0.95,0.82,-0.0,-0.2718,0.0378,-0.0191,1.656,,,0.164,,-0.22,-0.54,-0.5,-0.72
157.469,RET_WAYPOINT,0.2099,-0.5693,0.292,-23.87,-0.68,0.8,-0.0,-0.2681,0.0456,-0.0031,1.656,,,0.164,,-0.22,-0.54,-0.5,-0.72
157.497,RET_WAYPOINT,0.1977,-0.5663,0.293,-23.95,-0.3,0.82,-0.0,-0.27,0.0549,-0.0058,1.67,,,0.168,,-0.22,-0.54,-0.5,-0.72
157.56,RET_WAYPOINT,0.1874,-0.5654,0.293,-23.93,-0.2,0.86,-0.0,-0.2693,0.0587,-0.0035,1.67,,,0.168,,-0.22,-0.54,-0.5,-0.72
157.592,RET_WAYPOINT,0.1738,-0.5606,0.293,-23.9,-0.03,0.73,-0.0,-0.2714,0.0623,-0.0029,1.698,,,0.175,,-0.22,-0.54,-0.5,-0.72
157.668,RET_WAYPOINT,0.1628,-0.559,0.295,-23.78,0.08,0.59,-0.0,-0.2712,0.0641,-0.0016,1.698,,,0.175,,-0.22,-0.54,-0.5,-0.72
157.694,RET_WAYPOINT,0.1492,-0.5553,0.291,-23.73,0.49,0.3,-0.0,-0.2768,0.065,-0.0029,1.71,,,0.176,,-0.22,-0.54,-0.5,-0.72
157.778,RET_WAYPOINT,0.1367,-0.5516,0.285,-23.65,0.75,0.09,-0.0,-0.2788,0.0658,-0.0146,1.71,,,0.176,,-0.22,-0.54,-0.5,-0.72
157.793,RET_WAYPOINT,0.1238,-0.5479,0.284,-23.53,0.71,0.09,-0.0,-0.2779,0.0605,-0.0228,1.727,,,0.189,,-0.22,-0.54,-0.5,-0.72
157.873,RET_WAYPOINT,0.1109,-0.5433,0.284,-23.63,0.91,-0.01,-0.0,-0.2756,0.0566,-0.016,1.727,,,0.189,,-0.22,-0.54,-0.5,-0.72
157.895,RET_WAYPOINT,0.0985,-0.5408,0.293,-23.77,0.94,-0.04,-0.0,-0.2744,0.048,-0.0055,1.719,,,0.213,,-0.22,-0.54,-0.5,-0.72
157.986,RET_WAYPOINT,0.0883,-0.5375,0.294,-24.07,0.93,-0.01,-0.0,-0.2707,0.0421,0.0248,1.719,,,0.213,,-0.22,-0.54,-0.5,-0.72
157.997,RET_WAYPOINT,0.0718,-0.5358,0.293,-24.64,0.83,0.37,-0.0,-0.2884,0.0378,0.0346,1.683,,,0.191,,-0.22,-0.54,-0.5,-0.72
158.058,RET_WAYPOINT,0.0586,-0.5331,0.297,-25.34,0.81,0.32,-0.0,-0.2879,0.0332,0.034,1.683,,,0.191,,-0.22,-0.54,-0.5,-0.72
158.113,RET_WAYPOINT,0.046,-0.5312,0.3,-26.02,0.64,0.29,-0.0,-0.2859,0.0316,0.0488,,,,0.191,,-0.22,-0.54,-0.5,-0.72
158.15,RET_WAYPOINT,0.0326,-0.5271,0.303,-26.5,0.44,0.18,-0.0,-0.2855,0.03,0.0546,,,,0.191,,-0.22,-0.54,-0.5,-0.72
158.269,RET_WAYPOINT,0.0224,-0.5239,0.306,-26.71,0.66,-0.02,-0.0,-0.2845,0.0308,0.051,0.561,,,0.193,,-0.22,-0.54,-0.5,-0.72
158.288,RET_WAYPOINT,0.009,-0.5204,0.302,-26.74,0.54,0.18,-0.0,-0.2783,0.0295,0.0429,0.561,,,0.193,,-0.22,-0.54,-0.5,-0.72
158.298,RET_WAYPOINT,-0.003,-0.5172,0.306,-26.65,0.42,0.54,-0.0,-0.2817,0.0314,0.0296,0.537,,,0.196,,-0.22,-0.54,-0.5,-0.72
158.373,RET_WAYPOINT,-0.0134,-0.5136,0.299,-26.5,0.48,0.58,-0.0,-0.2786,0.0341,0.0281,0.537,,,0.196,,-0.22,-0.54,-0.5,-0.72
158.394,RET_WAYPOINT,-0.0274,-0.5101,0.32,-26.18,0.63,0.56,-0.0,-0.2824,0.0346,0.005,0.55,,,0.2,,-0.22,-0.54,-0.5,-0.72
158.463,RET_WAYPOINT,-0.0399,-0.507,0.32,-25.63,0.87,0.67,-0.0,-0.2874,0.0352,0.0527,0.55,,,0.2,,-0.22,-0.54,-0.5,-0.72
158.495,RET_WAYPOINT,-0.0545,-0.5051,0.324,-25.23,1.08,0.68,-0.0,-0.2914,0.0293,0.0388,0.575,,,0.217,,-0.22,-0.54,-0.5,-0.72
158.574,RET_WAYPOINT,-0.0679,-0.5009,0.322,-24.71,1.41,0.07,-0.0,-0.301,0.029,0.0169,0.575,,,0.217,,-0.22,-0.54,-0.5,-0.72
158.596,RET_WAYPOINT,-0.0817,-0.4974,0.323,-23.98,1.24,0.1,-0.0,-0.303,0.0235,0.0008,0.601,,,0.246,,-0.22,-0.54,-0.5,-0.72
158.643,RET_WAYPOINT,-0.0958,-0.4968,0.321,-23.1,1.37,0.35,-0.0,-0.308,0.0136,-0.0126,0.601,,,0.246,,-0.22,-0.54,-0.5,-0.72
158.701,RET_WAYPOINT,-0.1121,-0.4942,0.318,-22.31,1.73,0.4,-0.0,-0.3129,0.007,-0.0284,0.655,,,0.204,,-0.22,-0.54,-0.5,-0.72
158.774,RET_WAYPOINT,-0.1263,-0.4942,0.314,-21.67,1.82,0.38,-0.0,-0.3159,-0.008,-0.0351,0.655,,,0.204,,-0.22,-0.54,-0.5,-0.72
158.824,RET_WAYPOINT,-0.1401,-0.4926,0.312,-21.12,2.05,0.21,-0.0,-0.3202,-0.013,-0.0434,0.706,,,0.184,,-0.22,-0.54,-0.5,-0.72
158.86,RET_WAYPOINT,-0.1548,-0.4929,0.31,-20.77,2.07,0.06,-0.0,-0.3298,-0.0279,-0.043,0.706,,,0.184,,-0.22,-0.54,-0.5,-0.72
158.892,RET_WAYPOINT,-0.1705,-0.4931,0.308,-20.53,2.05,-0.37,-0.0,-0.3344,-0.0428,-0.047,0.722,,,0.18,,-0.22,-0.54,-0.5,-0.72
158.98,RET_WAYPOINT,-0.1864,-0.4939,0.307,-20.47,1.73,-0.96,-0.0,-0.334,-0.0594,-0.0404,0.722,,,0.18,,-0.22,-0.54,-0.5,-0.72
158.996,RET_WAYPOINT,-0.2052,-0.4986,0.302,-20.49,1.36,-1.67,-0.0,-0.3269,-0.074,-0.0328,,,,0.17,,-0.22,-0.54,-0.5,-0.72
159.075,RET_WAYPOINT,-0.2193,-0.5014,0.299,-20.57,1.03,-2.44,-0.0,-0.3077,-0.0893,-0.0319,,,,0.17,,-0.22,-0.54,-0.5,-0.72
159.098,RET_WAYPOINT,-0.2324,-0.5055,0.299,-20.61,0.65,-3.1,-0.0,-0.2851,-0.103,-0.0298,0.665,,,0.157,,-0.22,-0.54,-0.5,-0.72
159.169,RET_WAYPOINT,-0.2441,-0.5091,0.302,-20.67,0.01,-3.83,-0.0,-0.259,-0.1168,-0.0177,0.665,,,0.157,,-0.22,-0.54,-0.5,-0.72
159.201,RET_WAYPOINT,-0.2528,-0.512,0.299,-20.75,-0.3,-4.26,-0.0,-0.2202,-0.1271,-0.0119,0.608,,,0.163,,-0.22,-0.54,-0.5,-0.72
159.271,RET_WAYPOINT,-0.261,-0.5192,0.299,-20.97,-1.15,-4.54,-0.0,-0.1755,-0.1324,-0.0127,0.608,,,0.163,,-0.22,-0.54,-0.5,-0.72
159.301,RET_WAYPOINT,-0.2658,-0.5239,0.296,-21.48,-1.5,-4.68,-0.0,-0.1272,-0.1342,-0.0092,0.553,,,0.142,,-0.22,-0.54,-0.5,-0.72
159.345,RET_WAYPOINT,-0.2686,-0.5278,0.296,-22.34,-1.8,-4.69,-0.0,-0.0848,-0.1343,-0.0119,0.553,,,0.142,,-0.22,-0.54,-0.5,-0.72
159.409,RET_WAYPOINT,-0.2709,-0.5327,0.299,-23.46,-2.3,-4.23,-0.0,-0.0359,-0.1351,-0.0074,0.487,,,0.134,,-0.22,-0.54,-0.5,-0.72
159.459,RET_WAYPOINT,-0.2706,-0.537,0.296,-24.67,-3.05,-3.6,-0.0,0.0064,-0.1234,0.014,0.487,,,0.134,,-0.22,-0.54,-0.5,-0.72
159.511,RET_WAYPOINT,-0.2685,-0.5426,0.298,-25.86,-2.78,-2.72,-0.0,0.0468,-0.1126,0.0084,0.404,,,0.12,,-0.22,-0.54,-0.5,-0.72
159.565,RET_WAYPOINT,-0.2632,-0.5457,0.299,-26.91,-2.98,-2.2,-0.0,0.078,-0.0952,0.0204,0.404,,,0.12,,-0.22,-0.54,-0.5,-0.72
159.59,RET_WAYPOINT,-0.2584,-0.5482,0.299,-27.57,-2.6,-1.3,-0.0,0.1037,-0.078,0.0279,0.348,,,0.114,,-0.22,-0.54,-0.5,-0.72
159.661,RET_WAYPOINT,-0.2516,-0.5458,0.301,-28.07,-2.15,-0.56,-0.0,0.1195,-0.059,0.0148,0.348,,,0.114,,-0.22,-0.54,-0.5,-0.72
159.697,RET_WAYPOINT,-0.2467,-0.5451,0.301,-28.2,-2.1,-0.11,-0.0,0.1291,-0.043,0.0295,0.326,,,0.11,,-0.22,-0.54,-0.5,-0.72
159.751,RET_WAYPOINT,-0.2411,-0.5466,0.302,-28.03,-1.52,0.45,-0.0,0.1316,-0.0249,0.0233,0.326,,,0.11,,-0.22,-0.56,-0.5,-0.72
159.793,RET_WAYPOINT,-0.2361,-0.5462,0.306,-27.56,-0.82,0.66,-0.0,0.1225,-0.0145,0.0185,0.329,,,0.114,,-0.28,-0.56,-0.5,-0.72
159.852,RET_WAYPOINT,-0.2307,-0.5431,0.307,-27.09,-0.01,1.03,-0.0,0.1195,-0.0037,0.0199,0.329,,,0.114,,-0.28,-0.56,-0.5,-0.72
159.904,RET_WAYPOINT,-0.2253,-0.5417,0.306,-26.53,0.83,1.29,-0.0,0.1086,-0.0,0.0158,0.339,,,0.114,,-0.28,-0.56,-0.5,-0.72
159.942,RET_WAYPOINT,-0.2194,-0.5421,0.305,-25.8,1.17,2.04,-0.0,0.0958,-0.0,0.0025,0.339,,,0.114,,-0.28,-0.56,-0.5,-0.72
160.011,RET_WAYPOINT,-0.2162,-0.5417,0.307,-24.91,1.36,2.32,-0.0,0.0706,-0.0038,-0.0065,0.358,,,0.111,,-0.28,-0.56,-0.5,-0.72
160.044,RET_WAYPOINT,-0.2141,-0.5421,0.311,-24.06,1.24,2.43,-0.0,0.0429,-0.0085,-0.005,0.358,,,0.111,,-0.28,-0.56,-0.5,-0.72
160.163,RET_WAYPOINT,-0.2174,-0.5415,0.309,-23.32,1.16,2.07,-0.0,0.01,-0.0136,0.0037,0.392,,,0.106,,,,-0.5,-0.72
160.209,RET_WAYPOINT,-0.2202,-0.5427,0.308,-22.69,0.95,1.81,-0.0,-0.0213,-0.021,-0.0033,0.392,,,0.106,,-0.24,-0.52,-0.5,-0.72
160.226,RET_WAYPOINT,-0.2256,-0.5429,0.309,-22.06,0.5,1.43,-0.0,-0.0459,-0.025,-0.0115,0.405,,,0.104,,-0.24,-0.52,-0.5,-0.72
160.259,RET_WAYPOINT,-0.2313,-0.5435,0.307,-21.51,0.07,0.93,-0.0,-0.0661,-0.0261,-0.0055,0.405,,,0.104,,-0.38,-0.52,-0.5,-0.72
160.316,RET_WAYPOINT,-0.2375,-0.5438,0.307,-21.07,-0.39,0.54,-0.0,-0.0786,-0.0226,-0.0116,0.412,,,0.096,,-0.38,-0.52,-0.5,-0.72
160.348,RET_WAYPOINT,-0.243,-0.545,0.307,-20.6,-0.77,0.65,-0.0,-0.0869,-0.0196,-0.0123,0.412,,,0.096,,-0.38,-0.52,-0.5,-0.72
160.42,RET_WAYPOINT,-0.2494,-0.5454,0.306,-20.06,-0.67,1.64,-0.0,-0.0952,-0.0123,-0.0111,0.416,,,0.093,,-0.38,-0.52,-0.5,-0.72
160.447,RET_WAYPOINT,-0.2532,-0.5469,0.305,-19.55,-0.55,2.83,-0.0,-0.1079,-0.005,-0.0167,0.416,,,0.093,,-0.38,-0.52,-0.5,-0.72
160.515,RET_WAYPOINT,-0.2601,-0.5461,0.305,-18.96,-0.36,3.49,-0.0,-0.1329,0.0096,-0.0246,0.433,,,0.091,,-0.38,-0.52,-0.5,-0.72
160.563,RET_WAYPOINT,-0.2671,-0.5459,0.301,-18.36,-0.14,3.67,-0.0,-0.161,0.0199,-0.0263,0.433,,,0.091,,-0.38,-0.52,-0.5,-0.72
160.612,RET_WAYPOINT,-0.2758,-0.5445,0.301,-17.78,-0.26,3.53,-0.0,-0.1912,0.0326,-0.0328,0.457,,,0.084,,-0.38,-0.52,-0.5,-0.72
160.65,RET_WAYPOINT,-0.2873,-0.542,0.298,-17.32,-0.26,3.45,-0.0,-0.2199,0.0419,-0.0285,0.457,,,0.084,,-0.38,-0.52,-0.5,-0.72
160.715,RET_WAYPOINT,-0.2988,-0.5397,0.295,-16.97,-0.32,3.08,-0.0,-0.2443,0.0524,-0.0324,0.482,,,0.093,,-0.38,-0.52,-0.5,-0.72
160.753,RET_WAYPOINT,-0.3115,-0.5369,0.294,-16.6,-0.35,2.62,-0.0,-0.2644,0.0609,-0.036,0.482,,,0.093,,-0.38,-0.52,-0.5,-0.72
160.806,RET_WAYPOINT,-0.323,-0.5347,0.292,-16.28,-0.36,1.92,-0.0,-0.2882,0.0703,-0.0323,0.501,,,,,-0.38,-0.52,-0.5,-0.72
160.893,RET_WAYPOINT,-0.3359,-0.532,0.29,-16.0,-0.33,1.17,-0.0,-0.296,0.0775,-0.027,0.501,,,,,-0.38,-0.52,-0.5,-0.72
160.906,RET_WAYPOINT,-0.3527,-0.5271,0.29,-15.79,-0.19,0.21,-0.0,-0.2962,0.0796,-0.0288,0.524,,,2.454,,-0.38,-0.52,-0.5,-0.72
160.941,RET_WAYPOINT,-0.3648,-0.5246,0.291,-15.69,-0.19,-0.65,-0.0,-0.2937,0.078,-0.0198,0.524,,,2.454,,-0.44,-0.54,-0.5,-0.72
161.024,RET_WAYPOINT,-0.3768,-0.5218,0.291,-15.63,-0.19,-1.27,-0.0,-0.2795,0.076,-0.0163,0.541,,,2.452,,-0.44,-0.54,-0.5,-0.72
161.049,RET_WAYPOINT,-0.3879,-0.5195,0.287,-15.55,0.06,-1.79,-0.0,-0.2602,0.0706,-0.014,0.541,,,2.452,,-0.44,-0.54,-0.5,-0.72
161.107,RET_WAYPOINT,-0.3969,-0.5166,0.285,-15.47,0.73,-1.78,-0.0,-0.2368,0.0648,-0.0179,0.564,,,2.456,,-0.44,-0.54,-0.5,-0.72
161.144,RET_WAYPOINT,-0.4064,-0.5143,0.283,-15.5,1.11,-1.83,-0.0,-0.2188,0.0519,-0.0191,0.564,,,2.456,,-0.44,-0.54,-0.5,-0.72
161.223,RET_WAYPOINT,-0.4128,-0.5124,0.286,-15.55,1.14,-1.77,-0.0,-0.1958,0.0379,-0.0167,0.574,,,2.455,,-0.44,-0.54,-0.5,-0.72
161.25,RET_WAYPOINT,-0.4193,-0.5113,0.288,-15.63,1.31,-1.75,-0.0,-0.177,0.022,-0.0038,0.574,,,2.455,,-0.44,-0.54,-0.5,-0.72
161.314,RET_WAYPOINT,-0.4246,-0.5107,0.289,-15.7,1.48,-1.78,-0.0,-0.1582,0.0049,-0.0009,0.572,,,2.466,,-0.44,-0.54,-0.5,-0.72
161.343,RET_WAYPOINT,-0.4292,-0.5096,0.284,-15.73,1.46,-1.9,-0.0,-0.1405,-0.0104,-0.0021,0.572,,,2.466,,-0.44,-0.54,-0.5,-0.72
161.441,RET_WAYPOINT,-0.4343,-0.5117,0.286,-15.79,1.42,-1.71,-0.0,-0.1247,-0.0295,-0.0104,0.561,,,2.461,,-0.44,-0.56,-0.5,-0.72
161.461,RET_WAYPOINT,-0.4392,-0.5142,0.287,-15.87,1.31,-1.56,-0.0,-0.1117,-0.0467,-0.0036,0.561,,,2.461,,-0.44,-0.56,-0.5,-0.72
161.49,RET_WAYPOINT,-0.4403,-0.5152,0.284,-15.97,1.18,-1.29,-0.0,-0.0934,-0.0606,0.0042,0.54,,,2.436,,-0.44,-0.56,-0.5,-0.72
161.553,RET_WAYPOINT,-0.4421,-0.5185,0.285,-15.94,1.06,-1.28,-0.0,-0.0799,-0.0747,0.0006,0.54,,,2.436,,-0.44,-0.56,-0.5,-0.72
161.6,RET_WAYPOINT,-0.4412,-0.5199,0.285,-15.96,1.28,-1.24,-0.0,-0.0619,-0.0863,0.0063,0.522,,,2.451,,-0.44,-0.56,-0.5,-0.72
161.646,RET_WAYPOINT,-0.4421,-0.5251,0.287,-15.93,1.1,-1.17,-0.0,-0.0498,-0.1018,0.0079,0.522,,,2.451,,-0.44,-0.56,-0.5,-0.72
161.691,RET_WAYPOINT,-0.4398,-0.5293,0.289,-15.85,0.86,-1.09,-0.0,-0.0326,-0.1144,0.0157,0.499,,,2.426,,-0.44,-0.56,-0.5,-0.72
161.772,RET_WAYPOINT,-0.4395,-0.5345,0.289,-15.72,0.81,-0.7,-0.0,-0.0219,-0.12,0.0226,0.499,,,2.426,,-0.46,-0.56,-0.5,-0.72
161.81,RET_WAYPOINT,-0.4362,-0.5374,0.292,-15.69,0.33,-0.46,-0.0,-0.0082,-0.1262,0.0223,0.46,,,2.429,,-0.46,-0.56,-0.5,-0.72
161.846,RET_WAYPOINT,-0.4348,-0.5428,0.291,-15.55,-0.23,0.15,-0.0,-0.0024,-0.1286,0.0316,0.46,,,2.429,,-0.46,-0.56,-0.5,-0.72
161.905,RET_WAYPOINT,-0.4334,-0.5477,0.297,-15.36,-0.16,0.82,-0.0,-0.0021,-0.1227,0.0275,0.413,1.951,,2.416,,-0.46,-0.62,-0.5,-0.72
161.969,RET_WAYPOINT,-0.4311,-0.5526,0.296,-15.29,-0.35,1.21,-0.0,-0.0047,-0.1217,0.029,0.413,1.951,,2.416,,-0.46,-0.62,-0.5,-0.72
162.019,RET_WAYPOINT,-0.4305,-0.5586,0.299,-15.3,-0.08,1.33,-0.0,-0.0125,-0.1136,0.026,0.371,,,2.399,,-0.46,-0.62,-0.5,-0.72
162.081,RET_WAYPOINT,-0.4291,-0.5625,0.298,-15.43,0.91,1.34,-0.0,-0.0184,-0.1102,0.0212,0.371,,,2.399,,-0.46,-0.62,-0.5,-0.72
162.102,RET_WAYPOINT,-0.4301,-0.568,0.299,-15.63,1.43,1.32,-0.0,-0.0316,-0.1162,0.0153,0.326,,,2.394,,-0.46,-0.62,-0.5,-0.72
162.18,RET_WAYPOINT,-0.4332,-0.5739,0.3,-15.79,1.64,1.14,-0.0,-0.0468,-0.1239,0.0129,0.326,,,2.394,,-0.46,-0.62,-0.5,-0.72
162.201,RET_WAYPOINT,-0.4361,-0.58,0.301,-15.93,1.61,1.05,-0.0,-0.0614,-0.1377,0.012,0.282,1.934,,2.388,,-0.46,-0.62,-0.5,-0.72
162.28,RET_WAYPOINT,-0.4382,-0.5879,0.3,-16.12,1.45,0.89,-0.0,-0.0695,-0.1422,0.0124,0.282,1.934,,2.388,,-0.46,-0.62,-0.5,-0.72
162.298,RET_WAYPOINT,-0.4407,-0.5927,0.299,-16.32,0.89,0.75,-0.0,-0.0774,-0.1486,0.0048,0.222,,,2.373,,-0.46,-0.62,-0.5,-0.72
162.365,RET_WAYPOINT,-0.4439,-0.599,0.3,-16.41,0.38,0.62,-0.0,-0.0805,-0.1484,-0.0005,0.222,,,2.373,,-0.48,-0.62,-0.5,-0.72
162.395,RET_WAYPOINT,-0.4483,-0.606,0.302,-16.4,-0.15,0.56,-0.0,-0.0876,-0.1511,0.0024,0.133,1.948,,2.374,,-0.48,-0.62,-0.5,-0.72
162.477,RET_WAYPOINT,-0.4516,-0.6122,0.301,-16.38,-0.67,0.44,-0.0,-0.0923,-0.1437,0.0052,0.133,1.948,,2.374,,-0.48,-0.72,-0.5,-0.72
162.505,RET_WAYPOINT,-0.456,-0.6169,0.3,-16.33,-1.14,0.48,-0.0,-0.0898,-0.1293,0.0014,0.09,1.927,,2.353,,-0.48,-0.72,-0.5,-0.72
162.571,RET_WAYPOINT,-0.4595,-0.6228,0.303,-16.27,-0.71,0.24,-0.0,-0.0894,-0.1167,0.0047,0.09,1.927,,2.353,,-0.48,-0.72,-0.5,-0.72
162.602,RET_WAYPOINT,-0.464,-0.6267,0.3,-16.23,0.73,-0.13,-0.0,-0.0903,-0.1122,0.0096,0.094,1.907,,2.336,,-0.48,-0.72,-0.5,-0.72
162.657,RET_WAYPOINT,-0.4681,-0.6308,0.3,-16.18,1.66,-0.47,-0.0,-0.0887,-0.1198,-0.003,0.094,1.907,,2.336,,-0.48,-0.72,-0.5,-0.72
162.707,RET_WAYPOINT,-0.4724,-0.6352,0.302,-16.19,2.29,-0.76,-0.0,-0.0897,-0.135,0.0026,0.106,1.917,,2.314,,-0.48,-0.72,-0.5,-0.72
162.754,RET_WAYPOINT,-0.477,-0.6421,0.306,-16.23,2.54,-1.0,-0.0,-0.0889,-0.1564,0.0081,0.106,1.917,,2.314,,-0.48,-0.72,-0.5,-0.72
162.81,RET_WAYPOINT,-0.4806,-0.6502,0.304,-16.31,2.61,-1.16,-0.0,-0.0829,-0.1796,0.0138,0.113,1.906,,2.302,,-0.48,-0.72,-0.5,-0.72
162.861,RET_WAYPOINT,-0.4831,-0.6596,0.304,-16.35,2.29,-1.36,-0.0,-0.0728,-0.2014,0.0075,0.113,1.906,,2.302,,-0.48,-0.72,-0.5,-0.72
162.911,RET_WAYPOINT,-0.4859,-0.6689,0.305,-16.35,1.74,-1.52,-0.0,-0.0652,-0.2206,0.0064,0.113,1.922,,2.292,,-0.48,-0.72,-0.5,-0.72
162.965,RET_WAYPOINT,-0.4897,-0.6808,0.306,-16.43,0.97,-1.39,-0.0,-0.0579,-0.2395,0.0087,0.113,1.922,,2.292,,-0.48,-0.72,-0.5,-0.72
162.99,RET_WAYPOINT,-0.4905,-0.691,0.308,-16.56,0.08,-1.12,-0.0,-0.0442,-0.2441,0.0082,0.117,1.918,,2.28,,-0.48,-0.72,-0.5,-0.72
163.046,RET_WAYPOINT,-0.4917,-0.7007,0.308,-16.75,-1.73,-0.47,-0.0,-0.0326,-0.2337,0.0124,0.117,1.918,,2.28,,-0.48,-0.72,-0.5,-0.72
163.099,RET_WAYPOINT,-0.4911,-0.7138,0.311,-16.91,-3.23,0.2,-0.0,-0.0213,-0.2103,0.01,0.116,1.915,,2.277,,-0.48,-0.72,-0.5,-0.72
163.162,RET_WAYPOINT,-0.4903,-0.7216,0.31,-17.1,-4.0,0.59,-0.0,-0.0108,-0.1747,0.0104,0.116,1.915,,2.277,,-0.48,-0.72,-0.5,-0.72
163.214,NAV_TO_START,-0.4895,-0.7283,0.307,-17.38,-4.11,0.74,-0.0,-0.0032,-0.1367,-0.0038,0.112,1.921,,2.276,,-0.5,-0.5,,
163.249,NAV_TO_START,-0.4899,-0.7322,0.307,-17.73,-3.77,0.71,-0.0,0.0038,-0.0991,-0.0197,0.112,1.921,,2.276,,-0.5,-0.5,,
163.324,NAV_TO_START,-0.4876,-0.7377,0.305,-18.06,-3.47,0.73,-0.0,0.0114,-0.0661,-0.0152,0.106,1.935,,2.261,,-0.5,-0.5,,
163.344,NAV_TO_START,-0.4841,-0.7398,0.304,-18.34,-3.54,0.97,-0.0,0.019,-0.0294,-0.0211,0.106,1.935,,2.261,,-0.5,-0.5,,
163.429,NAV_TO_START,-0.4816,-0.7421,0.299,-18.5,-4.78,1.97,-0.0,0.0246,0.0093,-0.0176,0.103,1.943,,2.273,,-0.5,-0.5,,
163.465,NAV_TO_START,-0.4791,-0.7417,0.3,-18.53,-5.06,2.63,-0.0,0.0228,0.058,-0.0253,0.103,1.943,,2.273,,-0.5,-0.5,,
163.498,NAV_TO_START,-0.4764,-0.7393,0.3,-18.36,-4.83,3.05,-0.0,0.0186,0.113,-0.0199,0.09,1.967,,2.28,,-0.5,-0.5,,
163.564,NAV_TO_START,-0.4755,-0.7324,0.298,-18.23,-4.21,3.31,-0.0,0.005,0.1607,-0.0077,0.09,1.967,,2.28,,-0.5,-0.5,,
163.59,NAV_TO_START,-0.4744,-0.7231,0.297,-18.1,-3.49,2.99,-0.0,-0.0098,0.2039,-0.0169,0.099,,,2.287,,-0.5,-0.5,,
163.657,NAV_TO_START,-0.4752,-0.7121,0.296,-18.05,-3.08,2.53,-0.0,-0.0205,0.2371,-0.0171,0.099,,,2.287,,-0.5,-0.5,,
163.72,NAV_TO_START,-0.4759,-0.7005,0.298,-17.9,-2.27,2.12,-0.0,-0.0298,0.2648,-0.0144,0.106,1.941,,2.296,,-0.5,-0.5,,
163.747,NAV_TO_START,-0.4772,-0.6894,0.291,-17.79,-1.65,1.53,-0.0,-0.0378,0.2873,-0.0106,0.106,1.941,,2.296,,-0.5,-0.5,,
163.806,NAV_TO_START,-0.4773,-0.6789,0.296,-17.66,-1.12,0.8,-0.0,-0.0399,0.297,-0.0258,0.105,1.937,,2.31,,-0.5,-0.5,,
163.853,NAV_TO_START,-0.4772,-0.6677,0.292,-17.52,-0.47,0.42,-0.0,-0.0385,0.2993,-0.0077,0.105,1.937,,2.31,,-0.5,-0.5,,
163.908,NAV_TO_START,-0.4777,-0.6551,0.29,-17.44,-0.16,0.09,-0.0,-0.0328,0.2956,-0.0153,0.108,,,2.338,,-0.5,-0.5,,
163.952,NAV_TO_START,-0.4783,-0.6431,0.291,-17.43,0.11,0.03,-0.0,-0.0286,0.2875,-0.017,0.108,,,2.338,,-0.5,-0.5,,
164.019,NAV_TO_START,-0.4782,-0.6327,0.293,-17.45,0.31,0.21,-0.0,-0.0257,0.2774,-0.008,0.116,,,,,-0.5,-0.5,,
164.052,NAV_TO_START,-0.4768,-0.6228,0.295,-17.46,0.28,0.33,-0.0,-0.0203,0.2726,-0.0013,0.116,,,,,-0.5,-0.5,,
164.104,NAV_TO_START,-0.4767,-0.6118,0.295,-17.44,0.16,0.44,-0.0,-0.0217,0.2631,0.0037,0.136,,,2.188,,-0.5,-0.5,,
164.141,NAV_TO_START,-0.4762,-0.6012,0.293,-17.42,0.1,0.62,-0.0,-0.0228,0.2544,0.0043,0.136,,,2.188,,-0.5,-0.5,,
164.209,NAV_TO_START,-0.4758,-0.5912,0.295,-17.46,-0.13,0.81,-0.0,-0.0254,0.2475,-0.0017,,1.929,,,,-0.5,-0.5,,
164.259,NAV_TO_START,-0.4765,-0.5811,0.297,-17.52,-0.16,1.13,-0.0,-0.0303,0.2455,0.0035,,1.929,,,,-0.5,-0.5,,
164.321,NAV_TO_START,-0.4765,-0.5716,0.296,-17.62,-0.36,1.32,-0.0,-0.0368,0.2431,0.0089,0.304,,,2.247,,-0.5,-0.5,,
164.352,NAV_TO_START,-0.4773,-0.5615,0.298,-17.82,-0.34,1.36,-0.0,-0.0438,0.2445,0.0041,0.304,,,2.247,,-0.5,-0.5,,
164.436,NAV_TO_START,-0.4777,-0.5513,0.295,-18.0,-0.16,1.33,-0.0,-0.0507,0.2408,0.0073,0.361,,,2.196,,-0.5,-0.5,,
164.466,NAV_TO_START,-0.4797,-0.5402,0.296,-18.21,0.12,1.13,-0.0,-0.0559,0.2369,-0.0007,0.361,,,2.196,,-0.5,-0.5,,
164.493,NAV_TO_START,-0.481,-0.5297,0.293,-18.5,0.24,0.94,-0.0,-0.0634,0.2294,0.0035,0.42,,,,,-0.5,-0.5,,
164.556,RETURN_SCAN,-0.4815,-0.5195,0.294,-18.87,0.46,0.64,-0.0,-0.0657,0.225,-0.0029,0.42,,,,,,,,
164.592,RETURN_SCAN,-0.4833,-0.5093,0.295,-19.21,0.81,0.25,15.0,-0.0672,0.2192,-0.0008,0.472,,,2.293,,,,,
164.659,RETURN_SCAN,-0.4851,-0.5002,0.299,-19.61,1.39,-0.15,15.0,-0.0663,0.2048,0.0077,0.472,,,2.293,,,,,
164.694,RETURN_SCAN,-0.4873,-0.4893,0.296,-19.87,2.18,-1.03,15.0,-0.0614,0.1834,0.0127,0.504,,,,,,,,
164.755,RETURN_SCAN,-0.4896,-0.4819,0.299,-19.93,2.62,-1.61,15.0,-0.0577,0.1541,0.0042,0.504,,,,,,,,
164.795,RETURN_SCAN,-0.4911,-0.4748,0.302,-19.78,2.88,-1.99,15.0,-0.0485,0.1261,0.0122,0.546,,,1.968,,,,,
164.848,RETURN_SCAN,-0.4917,-0.4677,0.299,-19.56,2.96,-1.99,15.0,-0.0384,0.0952,0.0176,0.546,,,1.968,,,,,
164.91,RETURN_SCAN,-0.4926,-0.4638,0.301,-19.17,2.93,-1.93,15.0,-0.0286,0.0653,0.0061,0.578,,,1.973,,,,,
164.942,RETURN_SCAN,-0.4901,-0.4592,0.299,-18.68,2.83,-1.91,15.0,-0.0129,0.0321,0.0043,0.578,,,1.973,,,,,
165.006,RETURN_SCAN,-0.4877,-0.4586,0.299,-18.12,2.56,-1.72,15.0,-0.0016,-0.0011,0.0008,0.611,,,,,,,,
165.042,RETURN_SCAN,-0.4835,-0.4579,0.3,-17.46,2.32,-1.35,15.0,0.0154,-0.0295,0.0,0.611,,,,,,,,
165.106,RETURN_SCAN,-0.48,-0.4593,0.299,-16.76,1.97,-0.89,15.0,0.0214,-0.0541,0.0017,0.647,,,,,,,,
165.169,RETURN_SCAN,-0.4764,-0.4615,0.301,-16.06,1.65,-0.45,15.0,0.0311,-0.0783,-0.0025,0.647,,,,,,,,
165.207,RETURN_SCAN,-0.4727,-0.4667,0.302,-15.38,1.2,-0.04,15.0,0.0328,-0.0968,0.0026,0.683,,,,,,,,
165.242,RETURN_SCAN,-0.4687,-0.4725,0.305,-14.77,0.81,0.4,15.0,0.0343,-0.1048,0.0081,0.683,,,,,,,,
165.319,RETURN_SCAN,-0.4649,-0.4776,0.303,-14.11,0.54,0.8,15.0,0.0295,-0.1084,0.0161,0.72,,,,,,,,
165.342,RETURN_SCAN,-0.4625,-0.4815,0.301,-13.38,0.24,0.95,15.0,0.0228,-0.109,0.0042,0.72,,,,,,,,
165.419,RETURN_SCAN,-0.4602,-0.4865,0.305,-12.57,-0.08,1.27,15.0,0.0177,-0.11,-0.0015,0.782,1.924,,1.482,,,,,
165.452,RETURN_SCAN,-0.4591,-0.4912,0.302,-11.74,-0.46,1.41,15.0,0.0059,-0.1071,0.0105,0.782,1.924,,1.482,,,,,
165.514,RETURN_SCAN,-0.4572,-0.4956,0.303,-10.9,-0.64,1.4,15.0,-0.0013,-0.0966,0.0,0.994,1.918,,1.541,,,,,
165.543,RETURN_SCAN,-0.457,-0.5007,0.305,-10.03,-0.84,1.33,15.0,-0.0104,-0.0887,0.0005,0.994,1.918,,1.541,,,,,
165.607,RETURN_SCAN,-0.4572,-0.5051,0.302,-9.21,-0.88,1.24,15.0,-0.0192,-0.0783,0.0028,2.063,1.919,2.384,,,,,,
165.643,RETURN_SCAN,-0.4582,-0.508,0.303,-8.35,-0.85,1.07,15.0,-0.0291,-0.0688,-0.0094,2.063,1.919,2.384,,,,,,
165.73,RETURN_SCAN,-0.4593,-0.5109,0.303,-7.45,-0.86,0.86,15.0,-0.0326,-0.06,-0.006,2.178,1.917,2.339,,,,,,
165.763,RETURN_SCAN,-0.4612,-0.5129,0.303,-6.55,-0.85,0.79,15.0,-0.0401,-0.0485,-0.0028,2.178,1.917,2.339,,,,,,
165.795,RETURN_SCAN,-0.4638,-0.514,0.306,-5.63,-0.68,0.65,15.0,-0.0458,-0.0386,-0.005,2.258,1.929,2.278,2.225,,,,,
165.865,RETURN_SCAN,-0.4681,-0.5152,0.305,-4.72,-0.51,0.43,15.0,-0.0527,-0.0298,0.0016,2.258,1.929,2.278,2.225,,,,,
165.894,RETURN_SCAN,-0.4702,-0.5143,0.303,-3.77,-0.32,0.38,15.0,-0.0577,-0.0218,-0.0036,2.302,1.942,2.284,2.278,,,,,
165.97,RETURN_SCAN,-0.4739,-0.5141,0.301,-2.8,-0.14,0.16,15.0,-0.0598,-0.017,-0.0113,2.302,1.942,2.284,2.278,,,,,
165.995,RETURN_SCAN,-0.4755,-0.5135,0.299,-1.88,-0.08,0.04,15.0,-0.0569,-0.0113,-0.0139,2.334,1.952,2.314,2.329,,,,,
166.079,RETURN_SCAN,-0.4776,-0.5121,0.3,-0.98,-0.08,-0.07,15.0,-0.0547,-0.0054,-0.0167,2.334,1.952,2.314,2.329,,,,,
166.128,RETURN_SCAN,-0.4801,-0.5112,0.3,-0.09,-0.02,-0.3,15.0,-0.0527,-0.0026,-0.012,2.371,1.965,2.303,2.387,,,,,
166.168,RETURN_SCAN,-0.4811,-0.5117,0.296,0.76,0.11,-0.28,15.0,-0.0465,-0.0031,-0.0083,2.371,1.965,2.303,2.387,,,,,
166.21,RETURN_SCAN,-0.4842,-0.5105,0.299,1.59,0.16,-0.42,15.0,-0.0453,-0.0016,-0.0171,2.467,2.027,2.31,2.425,,,,,
166.277,RETURN_SCAN,-0.484,-0.5103,0.299,2.44,0.23,-0.42,15.0,-0.0359,-0.0015,-0.0028,2.467,2.027,2.31,2.425,,,,,
166.295,RETURN_SCAN,-0.481,-0.5115,0.296,3.25,0.16,-0.4,15.0,-0.0217,-0.0037,-0.0022,2.598,2.086,,2.475,,,,,
166.339,RETURN_SCAN,-0.4794,-0.5129,0.298,4.12,0.21,-0.35,15.0,-0.0125,-0.0068,-0.0086,2.598,2.086,,2.475,,,,,
166.409,RETURN_SCAN,-0.4764,-0.5129,0.3,5.04,0.17,-0.26,15.0,-0.002,-0.0063,0.0015,2.498,,2.306,2.491,,,,,
166.458,RETURN_SCAN,-0.4693,-0.5135,0.299,5.98,0.29,-0.08,15.0,0.0172,-0.0065,0.0083,2.498,,2.306,2.491,,,,,
166.507,RETURN_SCAN,-0.4652,-0.5138,0.3,7.04,0.28,0.19,15.0,0.0217,-0.0083,0.004,,,,2.511,,,,,
166.554,RETURN_SCAN,-0.4599,-0.5167,0.303,8.36,0.2,0.58,15.0,0.0292,-0.015,0.007,,,,2.511,,,,,
166.608,RETURN_SCAN,-0.4541,-0.5172,0.299,9.49,0.11,0.99,15.0,0.0309,-0.0139,0.0119,,,,,,,,,
166.639,RETURN_SCAN,-0.4505,-0.5176,0.303,10.61,-0.03,1.2,15.0,0.0271,-0.0158,-0.0019,,,,,,,,,
166.691,RETURN_SCAN,-0.4445,-0.5207,0.301,11.7,-0.14,1.53,15.0,0.0259,-0.0202,0.0085,,,,2.561,,,,,
166.745,RETURN_SCAN,-0.4398,-0.5226,0.301,12.78,-0.32,1.67,15.0,0.0206,-0.0214,0.0013,,,,2.561,,,,,
166.808,RETURN_SCAN,-0.4378,-0.5233,0.299,13.73,-0.53,1.9,15.0,0.0086,-0.0206,0.0004,1.568,,,,,,,,
166.863,RETURN_SCAN,-0.4369,-0.525,0.302,14.61,-0.77,1.94,15.0,-0.0081,-0.0224,-0.0008,1.568,,,,,,,,
166.921,RETURN_SCAN,-0.4368,-0.5285,0.301,15.38,-0.88,1.94,15.0,-0.0245,-0.0261,0.005,1.524,,,,,,,,
166.981,RETURN_SCAN,-0.4375,-0.5298,0.302,16.13,-1.03,1.75,15.0,-0.0401,-0.0226,0.0037,1.524,,,,,,,,
167.006,RETURN_SCAN,-0.4378,-0.5305,0.303,16.89,-1.03,1.43,15.0,-0.0499,-0.0137,0.0054,1.492,,,0.271,,,,,
167.039,RETURN_SCAN,-0.4416,-0.5294,0.304,17.66,-1.04,1.22,15.0,-0.0664,-0.0076,0.0059,1.492,,,0.271,,,,,
167.105,RETURN_SCAN,-0.4445,-0.5295,0.302,18.37,-0.9,0.95,15.0,-0.0739,0.0009,0.0074,1.489,,,0.25,,,,,
167.139,RETURN_SCAN,-0.4477,-0.5274,0.308,19.08,-0.84,0.6,15.0,-0.0819,0.0094,0.0004,1.489,,,0.25,,,,,
167.203,RETURN_SCAN,-0.4486,-0.5264,0.303,19.61,-0.65,0.39,15.0,-0.0835,0.0184,0.0128,1.475,,,0.245,,,,,
167.241,RETURN_SCAN,-0.4503,-0.5246,0.306,20.31,-0.42,0.17,15.0,-0.0802,0.025,-0.001,1.475,,,0.245,,,,,
167.318,RETURN_SCAN,-0.453,-0.5225,0.303,20.99,-0.06,0.01,15.0,-0.0766,0.0306,0.0036,1.481,,,0.241,,,,,
167.365,RETURN_SCAN,-0.4543,-0.5195,0.304,21.69,0.18,-0.04,15.0,-0.071,0.0358,-0.0078,1.481,,,0.241,,,,,
167.409,RETURN_SCAN,-0.4561,-0.5173,0.302,22.41,0.62,-0.07,15.0,-0.0628,0.0344,-0.0063,1.47,,,0.235,,,,,
167.461,RETURN_SCAN,-0.455,-0.5147,0.305,23.1,0.83,-0.08,15.0,-0.0524,0.0328,-0.0104,1.47,,,0.235,,,,,
167.539,RETURN_SCAN,-0.4554,-0.5114,0.303,23.81,1.09,0.1,15.0,-0.0439,0.0284,-0.0042,1.481,,,0.226,,,,,
167.569,RETURN_SCAN,-0.455,-0.5098,0.305,24.5,1.25,0.2,15.0,-0.0352,0.0195,-0.0065,1.481,,,0.226,,,,,
167.601,RETURN_SCAN,-0.4536,-0.5077,0.303,25.16,1.07,0.26,15.0,-0.0198,0.0129,-0.0014,1.492,,,0.22,,,,,
167.665,RETURN_SCAN,-0.4485,-0.5041,0.302,25.74,0.97,0.46,15.0,-0.0071,0.0097,-0.0088,1.492,,,0.22,,,,,
167.7,RETURN_SCAN,-0.4434,-0.5018,0.305,26.44,0.76,0.62,15.0,0.0013,0.0036,-0.0105,1.497,,,0.209,,,,,
167.756,RETURN_SCAN,-0.4406,-0.5008,0.303,27.12,0.56,0.88,15.0,0.0057,-0.0046,0.0001,1.497,,,0.209,,,,,
167.801,RETURN_SCAN,-0.4369,-0.5009,0.3,27.84,0.4,1.12,15.0,0.0066,-0.013,-0.0071,1.513,,,0.2,,,,,
167.857,RETURN_SCAN,-0.434,-0.5017,0.301,28.56,0.15,1.31,15.0,0.0062,-0.0196,-0.0106,1.513,,,0.2,,,,,
167.888,RETURN_SCAN,-0.4307,-0.5021,0.301,29.3,-0.12,1.48,15.0,0.0031,-0.0224,-0.0081,1.531,,,0.191,,,,,
167.961,RETURN_SCAN,-0.4278,-0.5023,0.302,30.06,-0.37,1.61,15.0,-0.003,-0.026,-0.006,1.531,,,0.191,,,,,
168.003,RETURN_SCAN,-0.4248,-0.5038,0.299,30.72,-0.54,1.81,15.0,-0.0114,-0.0316,-0.0032,1.551,,,0.177,,,,,
168.056,RETURN_SCAN,-0.4235,-0.5052,0.299,31.45,-0.86,1.67,15.0,-0.0201,-0.0316,-0.0109,1.551,,,0.177,,,,,
168.109,RETURN_SCAN,-0.4218,-0.5051,0.301,32.13,-1.01,1.56,15.0,-0.0306,-0.0297,-0.0066,1.579,,,0.168,,,,,
168.153,RETURN_SCAN,-0.4236,-0.5063,0.301,32.83,-1.12,1.57,15.0,-0.0417,-0.0294,-0.0001,1.579,,,0.168,,,,,
168.203,RETURN_SCAN,-0.4236,-0.5073,0.299,33.55,-1.14,1.37,15.0,-0.0567,-0.0223,0.0006,1.591,,,0.168,,,,,
168.254,RETURN_SCAN,-0.4258,-0.5079,0.299,34.29,-0.96,1.27,15.0,-0.0688,-0.0232,-0.0038,1.591,,,0.168,,,,,
168.314,RETURN_SCAN,-0.431,-0.5064,0.299,35.04,-0.82,1.06,15.0,-0.0826,-0.0149,-0.0029,1.606,,,0.166,,,,,
168.352,RETURN_SCAN,-0.4343,-0.5067,0.298,35.76,-0.65,0.79,15.0,-0.0917,-0.0119,-0.0013,1.606,,,0.166,,,,,
168.403,RETURN_SCAN,-0.4411,-0.506,0.299,36.45,-0.46,0.65,15.0,-0.1042,-0.0062,-0.0045,1.628,,,0.167,,,,,
168.451,RETURN_SCAN,-0.4456,-0.5047,0.303,37.1,-0.29,0.46,15.0,-0.1082,-0.0005,0.0009,1.628,,,0.167,,,,,
168.495,RETURN_SCAN,-0.4497,-0.5037,0.299,37.69,-0.11,0.17,15.0,-0.1061,0.0047,0.0092,1.652,,,0.174,,,,,
168.554,RETURN_SCAN,-0.4533,-0.4996,0.299,38.21,0.14,0.1,15.0,-0.1006,0.0092,-0.001,1.652,,,0.174,,,,,
168.618,RETURN_SCAN,-0.4577,-0.4983,0.301,38.71,0.33,0.08,15.0,-0.0966,0.0152,0.0003,1.659,,,0.18,,,,,
168.665,RETURN_SCAN,-0.4574,-0.4938,0.299,39.22,0.64,-0.1,15.0,-0.0804,0.0178,0.0044,1.659,,,0.18,,,,,
168.73,RETURN_SCAN,-0.4573,-0.4916,0.305,39.74,0.83,0.17,15.0,-0.0679,0.021,0.0016,1.68,,,0.177,,,,,
168.787,RETURN_SCAN,-0.4576,-0.4882,0.302,40.27,1.04,0.34,15.0,-0.0592,0.0165,0.0148,1.68,,,0.177,,,,,
168.806,RETURN_SCAN,-0.458,-0.4838,0.3,40.74,1.17,0.45,15.0,-0.0503,0.0146,0.0045,1.683,,,0.185,,,,,
168.879,RETURN_SCAN,-0.4578,-0.4801,0.303,41.33,1.21,0.66,15.0,-0.0383,0.0114,-0.0035,1.683,,,0.185,,,,,
168.897,RETURN_SCAN,-0.4552,-0.4758,0.307,41.98,1.18,0.68,15.0,-0.0283,0.0066,0.0036,,,,0.187,,,,,
168.979,RETURN_SCAN,-0.4539,-0.4734,0.301,42.65,1.16,0.92,15.0,-0.0208,-0.0017,0.0077,,,,0.187,,,,,
168.997,RETURN_SCAN,-0.4525,-0.4733,0.3,43.3,1.11,0.95,15.0,-0.0126,-0.0123,-0.0076,,,,0.192,,,,,
169.07,RETURN_SCAN,-0.4495,-0.4723,0.301,43.99,1.11,1.1,15.0,-0.0053,-0.0218,-0.0103,,,,0.192,,,,,
169.1,RETURN_SCAN,-0.4474,-0.4704,0.301,44.65,0.85,1.24,15.0,0.0014,-0.0348,-0.0129,,,,0.197,,,,,
169.145,RETURN_SCAN,-0.4417,-0.4729,0.3,45.37,0.63,1.31,15.0,0.0076,-0.0472,-0.0093,,,,0.197,,,,,
169.212,RETURN_SCAN,-0.4388,-0.4733,0.3,46.1,0.42,1.36,15.0,0.0084,-0.0544,-0.0101,,2.993,,0.206,,,,,
169.249,RETURN_SCAN,-0.4371,-0.4751,0.299,46.88,0.14,1.36,15.0,0.0076,-0.0624,-0.0086,,2.993,,0.206,,,,,
169.301,RETURN_SCAN,-0.4333,-0.4758,0.299,47.68,-0.04,1.38,15.0,0.0048,-0.0669,-0.0096,,,,0.212,,,,,
169.351,RETURN_SCAN,-0.4326,-0.4777,0.299,48.53,-0.29,1.47,15.0,-0.0029,-0.0723,-0.0065,,,,0.212,,,,,
169.406,RETURN_SCAN,-0.4314,-0.4811,0.299,49.38,-0.47,1.51,15.0,-0.0112,-0.08,-0.0067,,2.831,,0.223,,,,,
169.465,RETURN_SCAN,-0.432,-0.4841,0.299,50.27,-0.65,1.26,15.0,-0.0212,-0.0827,-0.0048,,2.831,,0.223,,,,,
169.502,RETURN_SCAN,-0.4333,-0.4887,0.299,51.08,-0.76,1.14,15.0,-0.0334,-0.0884,-0.0037,,2.72,,0.23,,,,,
169.557,RETURN_SCAN,-0.4351,-0.4919,0.301,51.86,-0.96,1.0,15.0,-0.0445,-0.0861,-0.0016,,2.72,,0.23,,,,,
169.607,RETURN_SCAN,-0.4373,-0.4945,0.299,52.71,-0.99,0.71,15.0,-0.0518,-0.0816,0.0036,,2.669,,0.233,,,,,
169.658,RETURN_SCAN,-0.4386,-0.4954,0.301,53.57,-0.92,0.49,15.0,-0.06,-0.0733,-0.0007,,2.669,,0.233,,,,,
169.688,RETURN_SCAN,-0.4413,-0.497,0.299,54.47,-0.84,0.39,15.0,-0.0674,-0.0674,0.0034,,2.633,,0.242,,,,,
169.757,RETURN_SCAN,-0.4457,-0.4975,0.298,55.36,-0.67,0.41,15.0,-0.0769,-0.058,0.0009,,2.633,,0.242,,,,,
169.791,RETURN_SCAN,-0.4503,-0.4992,0.299,56.29,-0.42,0.31,15.0,-0.0828,-0.0518,-0.002,,2.567,,0.254,,,,,
169.854,RETURN_SCAN,-0.4541,-0.4994,0.3,57.19,-0.05,0.13,15.0,-0.0866,-0.0451,0.0014,,2.567,,0.254,,,,,
169.924,RETURN_SCAN,-0.4598,-0.4987,0.299,58.09,0.03,0.12,15.0,-0.0864,-0.0394,0.0043,,2.565,,0.266,,,,,
169.955,RETURN_SCAN,-0.4651,-0.4989,0.299,58.95,0.23,-0.01,15.0,-0.0895,-0.0381,0.0006,,2.565,,0.266,,,,,
169.99,RETURN_SCAN,-0.4701,-0.4989,0.299,59.76,0.43,-0.07,15.0,-0.0867,-0.0328,-0.0016,,2.537,,0.286,,,,,
170.055,RETURN_SCAN,-0.4727,-0.4988,0.299,60.56,0.68,-0.07,15.0,-0.0792,-0.0289,-0.0023,,2.537,,0.286,,,,,
170.09,RETURN_SCAN,-0.4757,-0.4975,0.296,61.31,0.77,-0.1,15.0,-0.0704,-0.0255,-0.0017,,2.531,,0.302,,,,,
170.15,RETURN_SCAN,-0.4793,-0.4972,0.298,62.02,0.91,-0.05,15.0,-0.0661,-0.0235,-0.0055,,2.531,,0.302,,,,,
170.195,RETURN_SCAN,-0.483,-0.4952,0.299,62.71,1.05,-0.01,15.0,-0.0589,-0.0231,0.0003,,2.527,,0.324,,,,,
170.258,RETURN_SCAN,-0.4847,-0.4943,0.297,63.42,1.3,0.15,15.0,-0.0473,-0.023,0.0066,,2.527,,0.324,,,,,
170.296,RETURN_SCAN,-0.4858,-0.4937,0.298,64.17,1.41,0.05,15.0,-0.0318,-0.0244,0.0026,,2.512,,0.348,,,,,
170.351,RETURN_SCAN,-0.4839,-0.4919,0.299,64.97,1.46,0.09,15.0,-0.014,-0.0257,0.0052,,2.512,,0.348,,,,,
170.415,RETURN_SCAN,-0.483,-0.4918,0.299,65.77,1.38,0.34,15.0,-0.0017,-0.0288,0.0061,,2.5,,0.366,,,,,
170.483,RETURN_SCAN,-0.4787,-0.4929,0.301,66.62,1.14,0.45,15.0,0.016,-0.0365,0.0037,,2.5,,0.366,,,,,
170.519,RETURN_SCAN,-0.4757,-0.4936,0.299,67.53,0.99,0.59,15.0,0.0274,-0.0404,0.0056,,2.435,,0.395,,,,,
170.549,RETURN_SCAN,-0.4675,-0.4928,0.302,68.44,0.78,0.6,15.0,0.0468,-0.0411,-0.0017,,2.435,,0.395,,,,,
170.618,RETURN_SCAN,-0.4653,-0.4942,0.3,69.3,0.26,0.63,15.0,0.0517,-0.0477,0.0047,,2.393,,0.415,,,,,
170.651,RETURN_SCAN,-0.4625,-0.4952,0.302,70.09,-0.2,0.75,15.0,0.048,-0.0492,0.0009,,2.393,,0.415,,,,,
170.687,RETURN_SCAN,-0.458,-0.4951,0.3,70.87,-0.63,0.73,15.0,0.0465,-0.0496,0.0045,,2.303,,0.439,,,,,
170.751,RETURN_SCAN,-0.4548,-0.4982,0.301,71.6,-0.99,0.69,15.0,0.0399,-0.0532,-0.0015,,2.303,,0.439,,,,,
170.808,RETURN_SCAN,-0.4534,-0.4987,0.303,72.34,-1.29,0.77,15.0,0.0279,-0.051,0.0004,,,,0.469,,,,,
170.848,RETURN_SCAN,-0.452,-0.4999,0.299,73.06,-1.47,0.79,15.0,0.0137,-0.0509,0.0041,,,,0.469,,,,,
170.889,RETURN_SCAN,-0.4522,-0.5016,0.302,73.84,-1.5,0.64,15.0,-0.0026,-0.0512,-0.0054,2.132,,,0.507,,,,,
170.964,RETURN_SCAN,-0.4538,-0.5028,0.302,74.65,-1.35,0.54,15.0,-0.0177,-0.0496,0.0005,2.132,,,0.507,,,,,
170.995,RETURN_SCAN,-0.4567,-0.5049,0.302,75.48,-1.14,0.52,15.0,-0.0313,-0.0504,0.0008,2.143,,,0.562,,,,,
171.057,RETURN_SCAN,-0.4591,-0.5082,0.298,76.33,-1.0,0.41,15.0,-0.0436,-0.0534,0.0007,2.143,,,0.562,,,,,
171.091,RETURN_SCAN,-0.4618,-0.5095,0.302,77.24,-0.78,0.18,15.0,-0.0534,-0.0484,-0.0095,2.093,,,0.624,,,,,
171.156,RETURN_SCAN,-0.4659,-0.5097,0.303,78.22,-0.49,0.05,15.0,-0.0629,-0.0409,0.0006,2.093,,,0.624,,,,,
171.192,RETURN_SCAN,-0.4693,-0.5106,0.301,79.16,-0.12,-0.11,15.0,-0.063,-0.0385,-0.0003,2.091,,1.857,0.724,,,,,
171.258,RETURN_SCAN,-0.4743,-0.5109,0.306,80.05,0.23,-0.22,15.0,-0.0664,-0.0331,-0.0061,2.091,,1.857,0.724,,,,,
171.294,RETURN_SCAN,-0.478,-0.5105,0.303,80.91,0.53,-0.24,15.0,-0.0631,-0.0263,0.0035,2.08,,1.876,,,,,,
171.347,RETURN_SCAN,-0.4813,-0.5107,0.301,81.68,0.75,-0.2,15.0,-0.0579,-0.0225,-0.0093,2.08,,1.876,,,,,,
171.392,RETURN_SCAN,-0.4842,-0.509,0.299,82.49,0.76,-0.27,15.0,-0.0515,-0.0139,-0.0134,2.076,,1.875,,,,,,
171.451,RETURN_SCAN,-0.4862,-0.5079,0.297,83.35,0.76,-0.11,15.0,-0.0454,-0.0065,-0.0152,2.076,,1.875,,,,,,
171.488,RETURN_SCAN,-0.4885,-0.5057,0.299,84.22,0.75,0.08,15.0,-0.0392,-0.0017,-0.0152,2.077,1.665,1.864,2.243,,,,,
171.545,RETURN_SCAN,-0.491,-0.5031,0.296,85.08,0.82,0.32,15.0,-0.0324,0.0008,-0.0059,2.077,1.665,1.864,2.243,,,,,
171.604,RETURN_SCAN,-0.4923,-0.499,0.299,85.93,0.79,0.61,15.0,-0.0244,0.006,-0.0096,2.095,2.07,,2.309,,,,,
171.641,RETURN_SCAN,-0.4919,-0.4961,0.296,86.83,0.91,0.87,15.0,-0.0148,0.0045,-0.0002,2.095,2.07,,2.309,,,,,
171.721,RETURN_SCAN,-0.4932,-0.4938,0.295,87.73,0.88,1.0,15.0,-0.0084,0.0019,-0.0058,2.063,2.241,1.881,2.335,,,,,
171.741,RETURN_SCAN,-0.4919,-0.4919,0.299,88.64,0.81,1.03,15.0,0.002,-0.0041,-0.0037,2.063,2.241,1.881,2.335,,,,,
171.815,RETURN_SCAN,-0.4893,-0.4909,0.299,89.57,0.56,0.92,15.0,0.012,-0.0075,0.0053,,2.311,1.89,2.337,,,,,
171.854,RETURN_SCAN,-0.489,-0.488,0.299,90.56,0.35,0.94,15.0,0.0169,-0.0097,0.0041,,2.311,1.89,2.337,,,,,
171.912,RETURN_SCAN,-0.4866,-0.4866,0.299,91.56,0.22,0.86,15.0,0.0218,-0.0138,0.0008,,2.35,1.928,2.442,,,,,
171.966,RETURN_SCAN,-0.4852,-0.4859,0.297,92.57,-0.08,0.79,15.0,0.0293,-0.0169,0.0003,,2.35,1.928,2.442,,,,,
172.01,RETURN_SCAN,-0.4819,-0.484,0.299,93.53,-0.27,0.75,15.0,0.0292,-0.0176,-0.0071,,2.43,1.986,,,,,,
172.064,RETURN_SCAN,-0.4783,-0.4832,0.296,94.38,-0.39,0.77,15.0,0.0294,-0.0216,-0.0039,,2.43,1.986,,,,,,
172.088,RETURN_SCAN,-0.4763,-0.4823,0.297,95.18,-0.57,0.8,15.0,0.0274,-0.0229,-0.0116,,2.48,2.071,,,,,,
172.147,RETURN_SCAN,-0.4745,-0.4822,0.294,95.85,-0.72,0.74,15.0,0.0219,-0.0255,-0.0067,,2.48,2.071,,,,,,
172.201,RETURN_SCAN,-0.4745,-0.4811,0.298,96.36,-0.74,0.86,15.0,0.0153,-0.0296,-0.0125,,2.524,2.19,2.201,,,,,
172.238,RETURN_SCAN,-0.4756,-0.4803,0.294,96.81,-0.75,0.99,15.0,0.0056,-0.0289,0.0027,,2.524,2.19,2.201,,,,,
172.304,RETURN_SCAN,-0.4765,-0.4784,0.297,97.23,-0.61,0.98,15.0,-0.0013,-0.0321,-0.0076,,2.53,,,,,,,
172.341,RETURN_SCAN,-0.4789,-0.4775,0.299,97.67,-0.46,1.04,15.0,-0.0117,-0.0269,0.0031,,2.53,,,,,,,
172.402,RETURN_SCAN,-0.4831,-0.4743,0.299,98.09,-0.28,1.13,15.0,-0.0199,-0.0305,0.0071,,2.537,,1.818,,,,,
172.441,RETURN_SCAN,-0.4831,-0.4724,0.299,98.45,-0.03,1.21,15.0,-0.0164,-0.0322,0.0058,,2.537,,1.818,,,,,
172.518,RETURN_SCAN,-0.4868,-0.4735,0.296,98.92,0.1,1.26,15.0,-0.0231,-0.04,0.0033,,2.557,,,,,,,
172.54,RETURN_SCAN,-0.4918,-0.4749,0.299,99.42,0.25,1.3,15.0,-0.0255,-0.0478,-0.0036,,2.557,,,,,,,
172.635,RETURN_SCAN,-0.4951,-0.4762,0.297,99.93,0.37,1.36,15.0,-0.0252,-0.0552,0.0046,,2.544,,,,,,,
172.669,RETURN_SCAN,-0.498,-0.4763,0.296,100.49,0.51,1.25,15.0,-0.021,-0.0582,-0.0007,,2.544,,,,,,,
172.688,RETURN_SCAN,-0.4999,-0.4779,0.298,101.12,0.72,1.18,15.0,-0.0171,-0.0649,-0.0017,,2.575,,1.6,,,,,
172.76,RETURN_SCAN,-0.5013,-0.4794,0.3,101.84,0.84,1.09,15.0,-0.0096,-0.0686,0.0045,,2.575,,1.6,,,,,
172.8,RETURN_SCAN,-0.502,-0.4839,0.299,102.56,0.92,0.89,15.0,-0.0008,-0.0772,0.005,,2.577,,1.565,,,,,
172.854,RETURN_SCAN,-0.5006,-0.4849,0.298,103.25,0.87,0.69,15.0,0.0103,-0.0757,0.0009,,2.577,,1.565,,,,,
172.91,RETURN_SCAN,-0.4997,-0.488,0.298,103.97,0.82,0.61,15.0,0.0195,-0.078,-0.0003,,2.602,,1.577,,,,,
172.955,RETURN_SCAN,-0.4975,-0.491,0.296,104.68,0.73,0.33,15.0,0.0283,-0.079,-0.0015,,2.602,,1.577,,,,,
173.009,RETURN_SCAN,-0.4956,-0.4945,0.297,105.36,0.55,0.11,15.0,0.0351,-0.077,-0.0045,,2.615,,1.552,,,,,
173.052,RETURN_SCAN,-0.4935,-0.4953,0.295,106.03,0.55,-0.1,15.0,0.0413,-0.0674,-0.0002,,2.615,,1.552,,,,,
173.111,RETURN_SCAN,-0.4914,-0.4963,0.297,106.76,0.49,-0.22,15.0,0.0456,-0.0637,-0.0044,,2.644,,1.537,,,,,
173.156,RETURN_SCAN,-0.4887,-0.4956,0.296,107.42,0.39,-0.36,15.0,0.0479,-0.0495,0.0027,,2.644,,1.537,,,,,
173.204,RETURN_SCAN,-0.4857,-0.495,0.297,108.13,0.28,-0.31,15.0,0.051,-0.0413,-0.0006,,2.661,,1.544,,,,,
173.238,RETURN_SCAN,-0.4817,-0.4928,0.299,108.84,0.12,-0.32,15.0,0.0544,-0.0287,0.0028,,2.661,,1.544,,,,,
173.304,RETURN_SCAN,-0.4814,-0.4884,0.298,109.52,-0.18,-0.06,15.0,0.0458,-0.0145,0.0074,,2.643,,1.529,,,,,
173.359,RETURN_SCAN,-0.4818,-0.485,0.296,110.25,-0.4,0.07,15.0,0.0397,-0.0087,0.0048,,2.643,,1.529,,,,,
173.4,RETURN_SCAN,-0.4805,-0.4828,0.299,111.0,-0.6,0.34,15.0,0.0339,-0.004,0.0014,,,,1.506,,,,,
173.462,RETURN_SCAN,-0.4806,-0.4798,0.301,111.74,-0.7,0.49,15.0,0.0253,-0.0033,0.0119,,,,1.506,,,,,
173.498,RETURN_SCAN,-0.481,-0.4781,0.3,112.51,-0.78,0.71,15.0,0.0171,-0.0047,0.0144,,,,1.515,,,,,
173.559,RETURN_SCAN,-0.4832,-0.4751,0.299,113.28,-0.75,0.78,15.0,0.0079,-0.0057,0.0102,,,,1.515,,,,,
173.608,RETURN_SCAN,-0.4838,-0.4734,0.3,114.08,-0.71,0.91,15.0,0.0022,-0.0113,0.0034,,0.328,,1.528,,,,,
173.66,RETURN_SCAN,-0.4862,-0.4724,0.306,114.85,-0.75,0.93,15.0,-0.0054,-0.017,0.0067,,0.328,,1.528,,,,,
173.719,RETURN_SCAN,-0.4886,-0.4718,0.306,115.59,-0.62,1.13,15.0,-0.0112,-0.0227,0.0156,,0.305,,1.543,,,,,
173.74,RETURN_SCAN,-0.4922,-0.472,0.303,116.3,-0.49,1.22,15.0,-0.0203,-0.0289,0.0102,,0.305,,1.543,,,,,
173.79,RETURN_SCAN,-0.4958,-0.4738,0.303,117.06,-0.29,1.32,15.0,-0.0239,-0.0396,-0.0001,,0.3,,1.573,,,,,
173.858,RETURN_SCAN,-0.4981,-0.475,0.301,117.81,0.1,1.39,15.0,-0.0206,-0.0458,-0.0013,,0.3,,1.573,,,,,
173.891,RETURN_SCAN,-0.5025,-0.4769,0.304,118.56,0.29,1.27,15.0,-0.021,-0.0557,-0.0097,,0.289,,1.596,,,,,
173.957,RETURN_SCAN,-0.5043,-0.4784,0.302,119.27,0.59,1.29,15.0,-0.0108,-0.0585,-0.0036,,0.289,,1.596,,,,,
173.989,RETURN_SCAN,-0.5049,-0.4808,0.301,119.91,0.71,1.18,15.0,-0.0031,-0.0635,-0.0085,,0.282,,1.611,,,,,
174.052,RETURN_SCAN,-0.5045,-0.4836,0.3,120.63,0.74,1.1,15.0,0.0082,-0.0678,-0.0102,,0.282,,1.611,,,,,
174.118,RETURN_SCAN,-0.504,-0.4881,0.3,121.4,0.74,0.94,15.0,0.0202,-0.0719,-0.0092,,0.273,,1.628,,,,,
174.147,RETURN_SCAN,-0.5015,-0.4909,0.301,122.16,0.73,0.74,15.0,0.0299,-0.0736,-0.0053,,0.273,,1.628,,,,,
174.22,RETURN_SCAN,-0.5001,-0.4932,0.299,122.92,0.71,0.57,15.0,0.039,-0.0737,-0.0026,,0.261,,1.63,,,,,
174.246,RETURN_SCAN,-0.4965,-0.4958,0.301,123.7,0.64,0.45,15.0,0.0487,-0.0712,-0.0068,,0.261,,1.63,,,,,
174.296,RETURN_SCAN,-0.4943,-0.4972,0.299,124.46,0.64,0.28,15.0,0.0526,-0.0651,0.0007,,0.254,,1.657,,,,,
174.347,RETURN_SCAN,-0.4916,-0.4978,0.3,125.16,0.5,-0.03,15.0,0.0593,-0.0585,-0.0039,,0.254,,1.657,,,,,
174.421,RETURN_SCAN,-0.4885,-0.4986,0.3,125.91,0.3,-0.27,15.0,0.0591,-0.0506,0.0004,,0.247,,1.672,,,,,
174.449,RETURN_SCAN,-0.4855,-0.4964,0.299,126.6,0.17,-0.36,15.0,0.0591,-0.0351,0.0002,,0.247,,1.672,,,,,
174.488,RETURN_SCAN,-0.4832,-0.4966,0.301,127.33,0.06,-0.17,15.0,0.0584,-0.028,-0.0013,,0.231,,,,,,,
174.542,RETURN_SCAN,-0.481,-0.4928,0.298,128.15,-0.12,-0.15,15.0,0.0535,-0.0173,0.004,,0.231,,,,,,,
174.61,RETURN_SCAN,-0.4795,-0.4921,0.3,129.03,-0.4,-0.14,15.0,0.0482,-0.013,-0.0037,,0.233,,1.709,,,,,
174.642,RETURN_SCAN,-0.4775,-0.4911,0.302,129.93,-0.53,0.01,15.0,0.0451,-0.0124,0.0027,,0.233,,1.709,,,,,
174.705,RETURN_SCAN,-0.4781,-0.4883,0.303,130.83,-0.6,0.12,15.0,0.0357,-0.0087,0.0061,,0.226,,,,,,,
174.745,RETURN_SCAN,-0.4781,-0.4868,0.299,131.74,-0.78,0.3,15.0,0.028,-0.0099,0.0071,,0.226,,,,,,,
174.806,RETURN_SCAN,-0.4783,-0.4858,0.304,132.68,-0.85,0.36,15.0,0.0205,-0.0116,-0.0045,,0.216,,,,,,,
174.841,RETURN_SCAN,-0.4813,-0.4844,0.306,133.67,-0.84,0.47,15.0,0.0097,-0.0148,0.0074,,0.216,,,,,,,
174.906,RETURN_SCAN,-0.4815,-0.4835,0.305,134.65,-0.71,0.65,15.0,0.007,-0.0181,0.007,,0.214,,,,,,,
174.945,RETURN_SCAN,-0.4831,-0.4838,0.306,135.55,-0.77,0.64,15.0,0.0019,-0.0241,-0.0012,,0.214,,,,,,,
175.008,RETURN_SCAN,-0.4847,-0.484,0.299,136.42,-0.88,0.66,15.0,-0.0025,-0.0299,-0.0009,,0.212,,,,,,,
175.036,RETURN_SCAN,-0.4889,-0.4836,0.299,137.24,-0.89,0.77,15.0,-0.0125,-0.0331,-0.0177,,0.212,,,,,,,
175.101,RETURN_SCAN,-0.4908,-0.4841,0.303,138.04,-0.75,0.91,15.0,-0.0144,-0.037,-0.0133,,0.213,,,,,,,
175.165,RETURN_SCAN,-0.4925,-0.4851,0.299,138.8,-0.67,0.99,15.0,-0.014,-0.0467,0.0011,,0.213,,,,,,,
175.194,RETURN_SCAN,-0.4949,-0.4847,0.301,139.58,-0.41,1.11,15.0,-0.0136,-0.0467,-0.0074,,0.211,2.819,,,,,,
175.254,RETURN_SCAN,-0.4976,-0.487,0.303,140.33,-0.27,1.04,15.0,-0.0141,-0.0539,0.0004,,0.211,2.819,,,,,,
175.299,RETURN_SCAN,-0.4992,-0.488,0.303,141.01,-0.17,1.03,15.0,-0.011,-0.0553,0.0055,,0.21,2.741,,,,,,
175.353,RETURN_SCAN,-0.5015,-0.4901,0.301,141.64,-0.11,1.09,15.0,-0.0086,-0.0614,0.0026,,0.21,2.741,,,,,,
175.398,RETURN_SCAN,-0.5033,-0.4933,0.298,142.24,0.08,1.08,15.0,-0.003,-0.0663,-0.001,,0.214,2.728,,,,,,
175.461,RETURN_SCAN,-0.5057,-0.4967,0.299,142.88,0.25,1.07,15.0,-0.0015,-0.068,-0.0076,,0.214,2.728,,,,,,
175.498,RETURN_SCAN,-0.507,-0.4991,0.3,143.55,0.39,0.85,15.0,0.0054,-0.0693,-0.0025,,0.21,2.66,,,,,,
175.552,RETURN_SCAN,-0.5079,-0.5028,0.302,144.23,0.44,0.96,15.0,0.0108,-0.0713,0.0002,,0.21,2.66,,,,,,
175.586,RETURN_SCAN,-0.5081,-0.5056,0.299,145.01,0.55,0.79,15.0,0.0145,-0.0702,0.0032,,0.21,2.6,,,,,,
175.658,RETURN_SCAN,-0.5096,-0.5078,0.302,145.87,0.8,0.7,15.0,0.0202,-0.0658,-0.0037,,0.21,2.6,,,,,,
175.687,RETURN_SCAN,-0.5092,-0.51,0.3,146.74,0.89,0.56,15.0,0.0252,-0.0596,0.0054,,0.206,2.563,,,,,,
175.752,RETURN_SCAN,-0.51,-0.5132,0.305,147.55,0.91,0.53,15.0,0.0299,-0.0569,-0.0007,,0.206,2.563,,,,,,
175.79,RETURN_SCAN,-0.5095,-0.5169,0.302,148.34,0.93,0.53,15.0,0.0359,-0.0537,0.0098,,0.208,2.523,,,,,,
175.851,RETURN_SCAN,-0.5075,-0.5191,0.3,149.22,0.97,0.5,15.0,0.042,-0.0501,0.0033,,0.208,2.523,,,,,,
175.901,RETURN_SCAN,-0.5065,-0.5202,0.301,150.09,0.97,0.33,15.0,0.046,-0.0426,-0.0074,,0.211,2.496,,,,,,
175.953,RETURN_SCAN,-0.505,-0.5225,0.303,150.94,0.91,0.28,15.0,0.05,-0.0376,-0.0015,,0.211,2.496,,,,,,
176.003,RETURN_SCAN,-0.504,-0.5218,0.299,151.76,0.9,0.13,15.0,0.0516,-0.0271,0.0011,,0.214,2.5,,,,,,
176.052,RETURN_SCAN,-0.5004,-0.5229,0.305,152.6,0.76,-0.04,15.0,0.0573,-0.02,-0.0085,,0.214,2.5,,,,,,
176.087,RETURN_SCAN,-0.4982,-0.523,0.301,153.37,0.72,-0.1,15.0,0.0582,-0.0134,0.0071,,0.229,2.49,,,,,,
176.136,RETURN_SCAN,-0.4959,-0.5203,0.304,154.1,0.62,-0.19,15.0,0.0584,-0.0011,-0.0011,,0.229,2.49,,,,,,
176.214,RETURN_SCAN,-0.4947,-0.5172,0.303,154.83,0.39,-0.3,15.0,0.0545,0.0093,0.0027,,0.25,2.488,,,,,,
176.279,RETURN_SCAN,-0.4935,-0.5141,0.303,155.56,0.22,-0.22,15.0,0.0501,0.0178,0.0031,,0.25,2.488,,,,,,
176.315,RETURN_SCAN,-0.4962,-0.5109,0.302,156.19,0.02,-0.12,15.0,0.0371,0.0221,-0.0006,,0.293,2.462,,,,,,
176.344,RETURN_SCAN,-0.4947,-0.508,0.301,156.85,-0.23,0.12,15.0,0.0362,0.0252,-0.0035,,0.293,2.462,,,,,,
176.407,RETURN_SCAN,-0.4949,-0.5052,0.3,157.49,-0.42,0.12,15.0,0.0313,0.0255,-0.0076,,0.315,2.434,,,,,,
176.441,RETURN_SCAN,-0.4956,-0.5021,0.297,158.16,-0.57,0.28,15.0,0.0235,0.023,-0.0074,,0.315,2.434,,,,,,
176.51,RETURN_SCAN,-0.4984,-0.4999,0.301,158.73,-0.77,0.42,15.0,0.0176,0.0202,-0.0143,,0.35,2.412,,,,,,
176.543,RETURN_SCAN,-0.5007,-0.4987,0.299,159.37,-0.81,0.62,15.0,0.0128,0.0108,0.0014,,0.35,2.412,,,,,,
176.599,LANDING_ON_START,-0.5044,-0.4987,0.301,159.99,-0.75,0.79,15.0,0.0055,0.0034,-0.0024,,0.362,2.363,,,0.0679,-0.0856,,
176.646,LANDING_ON_START,-0.5065,-0.4993,0.299,160.62,-0.61,0.87,-0.0,0.0041,-0.0077,0.0019,,0.362,2.363,,,0.0679,-0.0856,,
176.71,LANDING_ON_START,-0.509,-0.5015,0.3,161.13,-0.07,1.06,-0.0,0.0045,-0.0159,-0.0003,1.858,0.372,2.312,,,0.0679,-0.0856,,
176.745,LANDING_ON_START,-0.5113,-0.5048,0.302,161.53,0.66,1.25,-0.0,0.0107,-0.0215,-0.0025,1.858,0.372,2.312,,,0.0679,-0.0856,,
176.809,LANDING_ON_START,-0.5107,-0.5075,0.301,161.82,1.11,1.34,-0.0,0.0238,-0.0213,0.0058,1.818,0.382,2.284,,,0.0679,-0.0856,,
176.85,LANDING_ON_START,-0.5109,-0.51,0.302,161.96,1.49,1.34,-0.0,0.0328,-0.0191,-0.0009,1.818,0.382,2.284,,,0.0679,-0.0856,,
176.901,LANDING_ON_START,-0.5097,-0.5113,0.304,162.08,1.7,1.23,-0.0,0.0448,-0.0107,0.0002,1.852,0.376,2.251,,,0.0679,-0.0856,,
176.978,LANDING_ON_START,-0.5067,-0.5126,0.301,162.21,1.76,1.07,-0.0,0.062,0.0003,0.0062,1.852,0.376,2.251,,,0.0679,-0.0856,,
177.0,LANDING_ON_START,-0.5048,-0.5134,0.3,162.29,1.73,0.91,-0.0,0.0694,0.0076,-0.0024,1.845,0.383,,,,0.0679,-0.0856,,
177.047,LANDING_ON_START,-0.5023,-0.5114,0.302,162.31,1.69,0.7,-0.0,0.0791,0.0246,-0.0059,1.845,0.383,,,,0.0679,-0.0856,,
177.111,LANDING_ON_START,-0.5,-0.5083,0.303,162.25,1.58,0.57,-0.0,0.0827,0.0364,0.0007,1.835,0.395,,,,0.0679,-0.0856,,
177.157,LANDING_ON_START,-0.4968,-0.5058,0.299,162.19,1.3,0.41,-0.0,0.0906,0.0515,0.0017,1.835,0.395,,,,0.0679,-0.0856,,
177.2,LANDING_ON_START,-0.492,-0.5016,0.297,162.15,1.0,0.24,-0.0,0.0941,0.0593,-0.0096,,0.406,,,,0.0679,-0.0856,,
177.256,LANDING_ON_START,-0.4881,-0.4972,0.299,162.08,0.65,0.2,-0.0,0.0944,0.0711,-0.0115,,0.406,,,,0.0679,-0.0856,,
177.309,LANDING_ON_START,-0.4837,-0.4923,0.299,162.04,0.37,0.26,-0.0,0.0977,0.0741,-0.003,1.866,0.416,,,,0.0679,-0.0856,,
177.337,LANDING_ON_START,-0.4809,-0.4891,0.3,162.02,0.14,0.23,-0.0,0.0927,0.0742,-0.0045,1.866,0.416,,,,0.0679,-0.0856,,
177.394,LANDING_ON_START,-0.4786,-0.4846,0.302,161.95,-0.07,0.21,-0.0,0.0909,0.0743,0.0003,1.867,0.437,2.305,,,0.0679,-0.0856,,
177.454,LANDING_ON_START,-0.4756,-0.4797,0.301,161.88,-0.09,0.22,-0.0,0.0884,0.0755,0.0062,1.867,0.437,2.305,,,0.0679,-0.0856,,
177.486,LANDING_ON_START,-0.4716,-0.4756,0.303,161.8,-0.12,0.23,-0.0,0.0888,0.0749,0.0006,1.882,0.46,2.288,,,0.0679,-0.0856,,
177.567,LANDING_ON_START,-0.4699,-0.4716,0.301,161.72,-0.14,0.33,-0.0,0.0821,0.0732,0.0025,1.882,0.46,2.288,,,0.0679,-0.0856,,
177.59,LANDING_ON_START,-0.4685,-0.4684,0.304,161.58,-0.22,0.4,-0.0,0.0773,0.0698,-0.0044,1.867,0.482,2.321,,,0.0679,-0.0856,,
177.661,LANDING_ON_START,-0.4655,-0.4652,0.3,161.44,-0.18,0.38,-0.0,0.0792,0.0665,0.0029,1.867,0.482,2.321,,,0.0679,-0.0856,,
177.686,LANDING_ON_START,-0.4628,-0.4612,0.299,161.3,-0.08,0.58,-0.0,0.0754,0.0667,-0.0074,1.869,0.507,,,,0.0679,-0.0856,,
177.796,LANDING_ON_START,-0.4613,-0.4572,0.299,161.22,-0.02,0.61,-0.0,0.0778,0.0655,-0.012,1.869,0.507,,,,0.0679,-0.0856,,
177.816,LANDING_ON_START,-0.4586,-0.4542,0.3,161.15,0.11,0.79,-0.0,0.0784,0.064,-0.0078,,0.53,2.334,,,0.0679,-0.0856,,
177.849,LANDING_ON_START,-0.4557,-0.4511,0.301,161.13,0.1,0.74,-0.0,0.0847,0.0616,-0.004,,0.53,2.334,,,0.0679,-0.0856,,
177.903,LANDING_ON_START,-0.4519,-0.4479,0.3,161.26,0.09,0.77,-0.0,0.0884,0.0621,0.0036,,0.543,2.353,,,0.0679,-0.0856,,
177.942,LANDING_ON_START,-0.4482,-0.445,0.303,161.41,0.06,0.65,-0.0,0.0927,0.0618,0.0037,,0.543,2.353,,,0.0679,-0.0856,,
178.025,LANDING_ON_START,-0.4453,-0.4416,0.3,161.54,0.03,0.59,-0.0,0.0913,0.0581,0.0098,,0.566,2.338,,,0.0679,-0.0856,,
178.055,LANDING_ON_START,-0.4432,-0.4402,0.298,161.58,-0.1,0.4,-0.0,0.0885,0.056,0.0035,,0.566,2.338,,,0.0679,-0.0856,,
178.117,LANDING_ON_START,-0.4412,-0.4387,0.301,161.59,-0.11,0.45,-0.0,0.0864,0.0536,-0.004,,0.577,2.313,,,0.0679,-0.0856,,
178.145,LANDING_ON_START,-0.4375,-0.4355,0.299,161.59,-0.04,0.43,-0.0,0.0891,0.0513,0.007,,0.577,2.313,,,0.0679,-0.0856,,
178.203,LANDING_ON_START,-0.4341,-0.433,0.301,161.57,0.06,0.46,-0.0,0.089,0.0499,0.0002,1.926,0.588,2.289,,,0.0679,-0.0856,,
178.249,LANDING_ON_START,-0.4315,-0.4305,0.301,161.55,-0.0,0.3,-0.0,0.0884,0.0501,-0.0002,1.926,0.588,2.289,,,0.0679,-0.0856,,
178.312,LANDING_ON_START,-0.4273,-0.4278,0.302,161.46,-0.02,0.3,-0.0,0.0919,0.0495,0.0012,,0.594,2.269,,,0.0679,-0.0856,,
178.346,LANDING_ON_START,-0.4243,-0.4259,0.299,161.41,0.08,0.23,-0.0,0.0905,0.0464,0.0027,,0.594,2.269,,,0.0679,-0.0856,,
178.403,LANDING_ON_START,-0.4193,-0.4241,0.304,161.42,0.3,0.26,-0.0,0.0901,0.0478,-0.0067,,0.604,,,,0.0679,-0.0856,,
178.475,LANDING_ON_START,-0.418,-0.4223,0.304,161.38,0.28,0.17,-0.0,0.0865,0.0459,0.0056,,0.604,,,,0.0679,-0.0856,,
178.53,LANDING_ON_START,-0.4161,-0.4197,0.305,161.31,0.31,0.18,-0.0,0.0796,0.0478,0.0045,,0.613,2.36,,,0.0679,-0.0856,,
178.547,LANDING_ON_START,-0.4128,-0.4177,0.302,161.24,0.47,0.23,-0.0,0.0834,0.0521,0.0018,,0.613,2.36,,,0.0679,-0.0856,,
178.627,LANDING_ON_START,-0.4108,-0.4134,0.302,161.13,0.59,0.43,-0.0,0.08,0.0594,-0.0068,,0.619,2.296,,,0.0679,-0.0856,,
178.658,LANDING_ON_START,-0.4109,-0.4112,0.299,161.05,0.49,0.41,-0.0,0.0762,0.0629,-0.0096,,0.619,2.296,,,0.0679,-0.0856,,
178.688,LANDING_ON_START,-0.4104,-0.4072,0.3,161.04,0.47,0.54,-0.0,0.0722,0.0655,-0.0131,,0.64,2.369,,,0.0679,-0.0856,,
178.754,LANDING_ON_START,-0.4077,-0.4024,0.3,161.1,0.5,0.58,-0.0,0.0772,0.072,-0.0098,,0.64,2.369,,,0.0679,-0.0856,,
178.791,LANDING_ON_START,-0.406,-0.3974,0.301,161.19,0.37,0.66,-0.0,0.0771,0.0762,-0.0082,,0.669,,,,0.0679,-0.0856,,
178.853,LANDING_ON_START,-0.403,-0.393,0.299,161.32,0.34,0.78,-0.0,0.0815,0.0816,-0.0057,,0.669,,,,0.0679,-0.0856,,
178.908,LANDING_ON_START,-0.3999,-0.3889,0.3,161.46,0.08,0.76,-0.0,0.0886,0.0826,-0.009,,0.727,2.318,,,0.0679,-0.0856,,
178.957,LANDING_ON_START,-0.396,-0.3821,0.303,161.56,-0.08,0.85,-0.0,0.092,0.0837,-0.0033,,0.727,2.318,,,0.0679,-0.0856,,
179.007,LANDING_ON_START,-0.3936,-0.3772,0.301,161.69,-0.37,0.77,-0.0,0.0921,0.0802,0.003,,0.763,,,,0.0679,-0.0856,,
179.036,LANDING_ON_START,-0.3897,-0.3735,0.305,161.83,-0.51,0.67,-0.0,0.0945,0.077,-0.0025,,0.763,,,,0.0679,-0.0856,,
179.086,LANDING_ON_START,-0.3864,-0.3687,0.299,161.82,-0.59,0.55,-0.0,0.0954,0.0714,0.0044,,0.797,2.277,,,0.0679,-0.0856,,
179.141,LANDING_ON_START,-0.3824,-0.3658,0.301,161.8,-0.7,0.48,-0.0,0.0984,0.066,-0.0077,,0.797,2.277,,,0.0679,-0.0856,,
179.191,LANDING_ON_START,-0.3787,-0.3623,0.3,161.75,-0.56,0.34,-0.0,0.0989,0.0588,-0.0069,,0.821,2.264,,,0.0679,-0.0856,,
179.239,LANDING_ON_START,-0.3732,-0.3594,0.3,161.65,-0.44,0.39,-0.0,0.0974,0.055,-0.0024,,0.821,2.264,,,0.0679,-0.0856,,
179.292,LANDING_ON_START,-0.3678,-0.3559,0.299,161.48,-0.37,0.33,-0.0,0.0999,0.0543,-0.0055,,,,,,0.0679,-0.0856,,
179.404,LANDING_ON_START,-0.3645,-0.353,0.298,161.32,-0.18,0.4,-0.0,0.0967,0.0511,-0.0023,,,,,,0.0679,-0.0856,,
179.425,LANDING_ON_START,-0.3605,-0.3508,0.299,161.21,0.02,0.29,-0.0,0.0981,0.0506,-0.0055,,,2.289,,,0.0679,-0.0856,,
179.452,LANDING_ON_START,-0.3566,-0.3474,0.299,161.09,0.18,0.29,-0.0,0.0993,0.0507,-0.0011,,,2.289,,,0.0679,-0.0856,,
179.497,LANDING_ON_START,-0.3531,-0.345,0.298,160.93,0.15,0.28,-0.0,0.0976,0.0538,0.0004,,0.858,,,,0.0679,-0.0856,,
179.536,LANDING_ON_START,-0.3468,-0.3405,0.3,160.77,0.22,0.24,-0.0,0.1056,0.057,-0.0025,,0.858,,,,0.0679,-0.0856,,
179.594,LANDING_ON_START,-0.3424,-0.3376,0.301,160.58,0.06,0.16,-0.0,0.1027,0.0577,0.0036,,,,,,0.0679,-0.0856,,
179.642,LANDING_ON_START,-0.3379,-0.3337,0.3,160.39,-0.01,0.14,-0.0,0.1044,0.0612,0.0057,,,,,,0.0679,-0.0856,,
179.705,LANDING_ON_START,-0.3328,-0.3306,0.299,160.27,-0.05,0.16,-0.0,0.1042,0.0626,0.0011,,,2.407,,,0.0679,-0.0856,,
179.74,LANDING_ON_START,-0.3269,-0.3267,0.301,160.25,-0.09,0.22,-0.0,0.1076,0.0618,-0.0003,,,2.407,,,0.0679,-0.0856,,
179.803,LANDING_ON_START,-0.3226,-0.3233,0.3,160.35,-0.12,0.19,-0.0,0.1076,0.061,0.0034,,,2.43,,,0.0679,-0.0856,,
179.841,LANDING_ON_START,-0.3176,-0.3198,0.302,160.55,-0.09,0.15,-0.0,0.1058,0.0614,0.0003,,,2.43,,,0.0679,-0.0856,,
179.901,LANDING_ON_START,-0.313,-0.3171,0.303,160.78,-0.14,0.07,-0.0,0.1044,0.0584,0.0016,,1.015,,,,0.0679,-0.0856,,
179.964,LANDING_ON_START,-0.3084,-0.3135,0.302,161.02,-0.15,0.29,-0.0,0.106,0.0599,0.0037,,1.015,,,,0.0679,-0.0856,,
179.993,LANDING_ON_START,-0.3035,-0.31,0.299,161.25,-0.15,0.4,-0.0,0.1083,0.0596,0.0003,,,,,,0.0679,-0.0856,,
180.059,LANDING_ON_START,-0.2975,-0.3061,0.301,161.41,-0.17,0.41,-0.0,0.1098,0.0595,-0.0092,,,,,,0.0679,-0.0856,,
180.095,LANDING_ON_START,-0.2913,-0.302,0.3,161.54,-0.17,0.26,-0.0,0.1144,0.0592,-0.0045,,1.946,,,,0.0679,-0.0856,,
180.154,LANDING_ON_START,-0.2859,-0.2985,0.303,161.71,-0.17,0.23,-0.0,0.1153,0.0574,-0.0048,,1.946,,,,0.0679,-0.0856,,
180.197,LANDING_ON_START,-0.2806,-0.297,0.299,161.78,-0.34,-0.04,-0.0,0.1164,0.053,-0.0012,,2.071,,,,0.0679,-0.0856,,
180.25,LANDING_ON_START,-0.2749,-0.2939,0.299,161.81,-0.41,-0.2,-0.0,0.1121,0.0531,-0.0087,,2.071,,,,0.0679,-0.0856,,
180.295,LANDING_ON_START,-0.2695,-0.2911,0.301,161.8,-0.3,-0.15,-0.0,0.1098,0.0509,-0.0099,,2.111,,,,0.0679,-0.0856,,
180.36,LANDING_ON_START,-0.2634,-0.2872,0.299,161.85,-0.32,-0.01,-0.0,0.1105,0.0525,0.0032,,2.111,,,,0.0679,-0.0856,,
180.385,LANDING_ON_START,-0.259,-0.284,0.299,161.93,-0.23,0.12,-0.0,0.1054,0.0488,-0.0041,,2.128,,,,0.0679,-0.0856,,
180.454,LANDING_ON_START,-0.2562,-0.2826,0.299,161.99,-0.17,-0.04,-0.0,0.0996,0.0453,-0.0048,,2.128,,,,0.0679,-0.0856,,
180.516,LANDING_ON_START,-0.2512,-0.2797,0.303,162.07,-0.19,-0.07,-0.0,0.0984,0.0464,0.0003,,2.125,,,,0.0679,-0.0856,,
180.546,LANDING_ON_START,-0.246,-0.2775,0.3,162.2,-0.08,-0.03,-0.0,0.0976,0.0453,0.0077,,2.125,,,,0.0679,-0.0856,,
180.601,LANDING_ON_START,-0.2425,-0.2749,0.3,162.25,0.02,0.11,-0.0,0.0961,0.0456,-0.0009,,2.142,1.716,,,0.0679,-0.0856,,
180.653,LANDING_ON_START,-0.2408,-0.2723,0.3,162.32,-0.01,-0.08,-0.0,0.0898,0.0464,-0.0038,,2.142,1.716,,,0.0679,-0.0856,,
180.701,LANDING_ON_START,-0.2379,-0.2707,0.302,162.36,-0.01,-0.11,-0.0,0.0843,0.0451,-0.0035,,2.148,,,,0.0679,-0.0856,,
180.75,LANDING_ON_START,-0.2347,-0.2685,0.301,162.39,0.13,-0.01,-0.0,0.0804,0.0457,-0.0005,,2.148,,,,0.0679,-0.0856,,
180.803,LANDING_ON_START,-0.2314,-0.2653,0.299,162.42,0.13,0.14,-0.0,0.0806,0.0488,-0.0016,,2.146,,,,0.0679,-0.0856,,
180.85,LANDING_ON_START,-0.2293,-0.2615,0.301,162.42,0.04,0.19,-0.0,0.0776,0.0525,-0.008,,2.146,,,,0.0679,-0.0856,,
180.887,LANDING_ON_START,-0.2267,-0.2572,0.298,162.43,-0.08,0.23,-0.0,0.0762,0.056,-0.0014,,2.163,1.707,,,0.0679,-0.0856,,
180.935,LANDING_ON_START,-0.2257,-0.2553,0.3,162.4,-0.13,0.34,-0.0,0.0716,0.052,-0.0056,,2.163,1.707,,,0.0679,-0.0856,,
181.009,LANDING_ON_START,-0.2229,-0.252,0.302,162.32,-0.19,0.35,-0.0,0.0719,0.0516,-0.0041,,2.147,,,,0.0679,-0.0856,,
181.066,LANDING_ON_START,-0.2213,-0.2486,0.301,162.28,-0.06,0.37,-0.0,0.07,0.0514,0.0018,,2.147,,,,0.0679,-0.0856,,
181.103,LANDING_ON_START,-0.218,-0.2458,0.303,162.26,0.12,0.6,-0.0,0.0716,0.0516,-0.0018,,2.151,,,,0.0679,-0.0856,,
181.161,LANDING_ON_START,-0.2158,-0.2439,0.305,162.24,0.16,0.62,-0.0,0.0749,0.0489,0.0038,,2.151,,,,0.0679,-0.0856,,
181.209,LANDING_ON_START,-0.2144,-0.2406,0.303,162.24,0.08,0.53,-0.0,0.0743,0.05,0.006,,2.132,,,,0.0679,-0.0856,,
181.244,LANDING_ON_START,-0.2121,-0.2384,0.299,162.25,0.04,0.63,-0.0,0.0753,0.0486,-0.0001,,2.132,,,,0.0679,-0.0856,,
181.298,LANDING_ON_START,-0.2084,-0.2362,0.3,162.29,0.03,0.7,-0.0,0.0806,0.0469,-0.0121,,2.139,,,,0.0679,-0.0856,,
181.34,LANDING_ON_START,-0.2051,-0.2339,0.302,162.32,0.04,0.69,-0.0,0.0858,0.0442,-0.0064,,2.139,,,,0.0679,-0.0856,,
181.408,LANDING_ON_START,-0.2022,-0.2318,0.3,162.36,-0.05,0.53,-0.0,0.0865,0.0443,0.0016,,2.129,1.572,,,0.0679,-0.0856,,
181.442,LANDING_ON_START,-0.1992,-0.2291,0.303,162.4,-0.17,0.47,-0.0,0.0872,0.0423,-0.0035,,2.129,1.572,,,0.0679,-0.0856,,
181.502,LANDING_ON_START,-0.1958,-0.2282,0.301,162.35,-0.24,0.23,-0.0,0.0868,0.0359,0.0049,,2.118,,,,0.0679,-0.0856,,
181.542,LANDING_ON_START,-0.1922,-0.2272,0.3,162.3,-0.12,0.24,-0.0,0.0854,0.0343,0.0019,,2.118,,,,0.0679,-0.0856,,
181.591,LANDING_ON_START,-0.1896,-0.2252,0.299,162.15,-0.09,0.16,-0.0,0.0847,0.0327,-0.0028,,2.118,,,,0.0679,-0.0856,,
181.648,LANDING_ON_START,-0.1866,-0.2233,0.303,161.94,0.07,0.18,-0.0,0.0833,0.0345,-0.0027,,2.118,,,,0.0679,-0.0856,,
181.685,LANDING_ON_START,-0.1832,-0.2213,0.304,161.71,0.14,0.14,-0.0,0.0829,0.0335,0.0038,,2.126,,,,0.0679,-0.0856,,
181.752,LANDING_ON_START,-0.1805,-0.2201,0.302,161.43,0.27,0.12,-0.0,0.08,0.0347,0.0071,,2.126,,,,0.0679,-0.0856,,
181.788,LANDING_ON_START,-0.177,-0.2181,0.302,161.19,0.41,0.16,-0.0,0.0821,0.0365,-0.0036,,2.127,,,,0.0679,-0.0856,,
181.851,LANDING_ON_START,-0.1764,-0.2157,0.301,160.95,0.42,0.16,-0.0,0.0754,0.0408,-0.0054,,2.127,,,,0.0679,-0.0856,,
181.886,LANDING_ON_START,-0.1745,-0.2125,0.304,160.77,0.48,0.27,-0.0,0.0744,0.0452,-0.0073,,2.121,,,,0.0679,-0.0856,,
181.946,LANDING_ON_START,-0.1721,-0.2098,0.3,160.6,0.45,0.34,-0.0,0.0755,0.0518,0.0008,,2.121,,,,0.0679,-0.0856,,
181.988,LANDING_ON_START,-0.1711,-0.2055,0.3,160.42,0.26,0.49,-0.0,0.0738,0.0516,-0.0067,,2.137,,,,0.0679,-0.0856,,
182.05,LANDING_ON_START,-0.1692,-0.2042,0.299,160.26,0.32,0.78,-0.0,0.0731,0.0512,-0.0086,,2.137,,,,0.0679,-0.0856,,
182.109,LANDING_ON_START,-0.1665,-0.2004,0.301,160.14,0.22,0.94,-0.0,0.0773,0.0535,-0.0065,,2.125,,,,0.0679,-0.0856,,
182.135,LANDING_ON_START,-0.1654,-0.1984,0.301,160.09,0.1,0.84,-0.0,0.0784,0.0525,-0.0003,,2.125,,,,0.0679,-0.0856,,
182.207,LANDING_ON_START,-0.1621,-0.1952,0.299,160.02,0.12,0.88,-0.0,0.0844,0.0523,-0.0018,,2.12,,,,0.0679,-0.0856,,
182.237,LANDING_ON_START,-0.1593,-0.1927,0.302,160.07,0.05,0.92,-0.0,0.0885,0.0484,-0.0076,,2.12,,,,0.0679,-0.0856,,
182.308,LANDING_ON_START,-0.1556,-0.1903,0.301,160.17,0.09,0.81,-0.0,0.0928,0.0445,0.0023,,2.117,,,,0.0679,-0.0856,,
182.336,LANDING_ON_START,-0.1505,-0.1885,0.299,160.29,0.16,0.7,-0.0,0.1008,0.044,-0.0009,,2.117,,,,0.0679,-0.0856,,
182.392,LANDING_ON_START,-0.146,-0.1875,0.298,160.53,0.18,0.6,-0.0,0.1058,0.0411,-0.0083,,2.108,0.426,,,0.0679,-0.0856,,
182.437,LANDING_ON_START,-0.1414,-0.1851,0.299,160.81,0.2,0.35,-0.0,0.1101,0.0424,-0.0079,,2.108,0.426,,,0.0679,-0.0856,,
182.503,LANDING_ON_START,-0.1369,-0.1836,0.297,161.08,0.04,0.02,-0.0,0.1063,0.0444,-0.001,,2.107,0.403,,,0.0679,-0.0856,,
182.54,LANDING_ON_START,-0.133,-0.1807,0.298,161.32,-0.04,-0.06,-0.0,0.1036,0.0444,-0.0028,,2.107,0.403,,,0.0679,-0.0856,,
182.603,LANDING_ON_START,-0.1286,-0.1772,0.299,161.49,-0.1,-0.1,-0.0,0.1013,0.0458,-0.0002,,2.1,0.393,,,0.0679,-0.0856,,
182.638,LANDING_ON_START,-0.1237,-0.1735,0.299,161.66,-0.04,0.07,-0.0,0.0982,0.0462,0.0066,,2.1,0.393,,,0.0679,-0.0856,,
182.709,LANDING_ON_START,-0.1219,-0.1715,0.3,161.78,-0.12,0.01,-0.0,0.091,0.0471,0.0063,,2.091,0.39,,,0.0679,-0.0856,,
182.737,LANDING_ON_START,-0.1187,-0.1695,0.299,161.86,-0.04,0.14,-0.0,0.0886,0.0472,0.0076,,2.091,0.39,,,0.0679,-0.0856,,
182.785,LANDING_ON_START,-0.1151,-0.165,0.301,161.95,0.04,0.2,-0.0,0.0873,0.0477,0.0029,,2.082,0.393,,,0.0679,-0.0856,,
182.857,LANDING_ON_START,-0.1129,-0.1627,0.303,161.95,-0.1,0.15,-0.0,0.0846,0.0492,0.0052,,2.082,0.393,,,0.0679,-0.0856,,
182.891,LANDING_ON_START,-0.1103,-0.1599,0.303,161.93,-0.04,0.35,-0.0,0.0806,0.0491,0.008,,2.075,0.397,,,0.0679,-0.0856,,
182.949,LANDING_ON_START,-0.1079,-0.1566,0.304,161.88,-0.04,0.42,-0.0,0.0801,0.0533,0.003,,2.075,0.397,,,0.0679,-0.0856,,
182.986,LANDING_ON_START,-0.1052,-0.1519,0.302,161.78,-0.1,0.49,-0.0,0.0795,0.0537,0.0055,,2.074,0.405,,,0.0679,-0.0856,,
183.071,LANDING_ON_START,-0.1036,-0.149,0.301,161.72,-0.05,0.64,-0.0,0.0784,0.0543,-0.0044,,2.074,0.405,,,0.0679,-0.0856,,
183.128,LANDING_ON_START,-0.1003,-0.1457,0.302,161.57,-0.05,0.66,-0.0,0.0813,0.0536,-0.0097,,2.067,0.408,,,0.0679,-0.0856,,
183.181,LANDING_ON_START,-0.0995,-0.1429,0.304,161.4,-0.18,0.6,-0.0,0.0779,0.0514,-0.006,,2.067,0.408,,,0.0679,-0.0856,,
183.219,LANDING_ON_START,-0.0976,-0.1391,0.3,161.2,-0.24,0.7,-0.0,0.0771,0.0504,-0.001,,2.083,0.413,,,0.0679,-0.0856,,
183.265,LANDING_ON_START,-0.0951,-0.1361,0.3,160.96,-0.25,0.79,-0.0,0.0802,0.0476,-0.0116,,2.083,0.413,,,0.0679,-0.0856,,
183.288,LANDING_ON_START,-0.0919,-0.1331,0.301,160.67,-0.25,0.93,-0.0,0.0824,0.0473,-0.0116,,2.07,0.417,,,0.0679,-0.0856,,
183.353,LANDING_ON_START,-0.0899,-0.1292,0.299,160.38,-0.28,0.89,-0.0,0.0848,0.0421,-0.0079,,2.07,0.417,,,0.0679,-0.0856,,
183.385,LANDING_ON_START,-0.0875,-0.1287,0.294,160.16,-0.31,0.87,-0.0,0.0854,0.0387,-0.0134,,2.068,0.427,,,0.0679,-0.0856,,
183.451,LANDING_ON_START,-0.0837,-0.1257,0.299,159.96,-0.09,0.83,-0.0,0.0914,0.0345,-0.0212,,2.068,0.427,,,0.0679,-0.0856,,
183.505,LANDING_ON_START,-0.0799,-0.1239,0.301,159.8,-0.02,0.84,-0.0,0.0949,0.0312,-0.007,,2.082,0.426,,,0.0679,-0.0856,,
183.542,LANDING_ON_START,-0.0776,-0.1224,0.299,159.64,0.11,0.73,-0.0,0.0959,0.0309,0.0019,,2.082,0.426,,,0.0679,-0.0856,,
183.606,LANDING_ON_START,-0.0742,-0.1207,0.296,159.46,0.2,0.75,-0.0,0.0994,0.0301,-0.0028,,2.077,0.433,,,0.0679,-0.0856,,
183.643,LANDING_ON_START,-0.0701,-0.1175,0.297,159.28,0.25,0.74,-0.0,0.1051,0.0325,-0.0107,,2.077,0.433,,,0.0679,-0.0856,,
183.727,LANDING_ON_START,-0.0652,-0.1156,0.296,159.11,0.14,0.58,-0.0,0.1068,0.0316,-0.0059,,2.082,0.44,,,0.0679,-0.0856,,
183.746,LANDING_ON_START,-0.064,-0.1128,0.298,158.98,0.15,0.47,-0.0,0.105,0.0364,-0.0072,,2.082,0.44,,,0.0679,-0.0856,,
183.825,LANDING_ON_START,-0.0597,-0.11,0.297,158.84,0.11,0.44,-0.0,0.1064,0.0403,-0.0016,,2.069,0.445,,,0.0679,-0.0856,,
183.84,LANDING_ON_START,-0.054,-0.1052,0.294,158.78,0.01,0.38,-0.0,0.1062,0.0453,-0.0012,,2.069,0.445,,,0.0679,-0.0856,,
183.912,LANDING_ON_START,-0.0516,-0.1024,0.295,158.8,-0.0,0.39,-0.0,0.1056,0.0466,-0.0079,,2.069,0.444,,,0.0679,-0.0856,,
183.941,LANDING_ON_START,-0.0454,-0.0983,0.299,158.82,-0.03,0.46,-0.0,0.1083,0.048,-0.0045,,2.069,0.444,,,0.0679,-0.0856,,
184.007,LANDING_ON_START,-0.0402,-0.0949,0.298,158.78,-0.21,0.5,-0.0,0.1108,0.0467,0.0073,,2.057,0.45,,,0.0679,-0.0856,,
184.036,LANDING_ON_START,-0.0364,-0.0889,0.295,158.63,-0.35,0.56,-0.0,0.1118,0.0518,0.0053,,2.057,0.45,,,0.0679,-0.0856,,
184.099,LANDING_ON_START,-0.0331,-0.087,0.296,158.48,-0.53,0.45,-0.0,0.1102,0.0483,-0.003,,2.056,0.456,,,0.0679,-0.0856,,
184.181,LANDING_ON_START,-0.0288,-0.083,0.299,158.3,-0.6,0.56,-0.0,0.1102,0.0443,0.0009,,2.056,0.456,,,0.0679,-0.0856,,
184.204,LANDING_ON_START,-0.023,-0.0794,0.297,158.02,-0.6,0.74,-0.0,0.1088,0.0409,0.0061,,2.057,0.463,,,0.0679,-0.0856,,
184.264,LANDING_ON_START,-0.0197,-0.0777,0.3,157.76,-0.7,0.79,-0.0,0.1108,0.0333,0.0008,,2.057,0.463,,,0.0679,-0.0856,,
184.295,LANDING_ON_START,-0.0148,-0.0761,0.298,157.51,-0.8,0.76,-0.0,0.1107,0.0262,0.0089,,2.054,0.466,,,0.0679,-0.0856,,
184.368,LANDING_ON_START,-0.0103,-0.0746,0.295,157.29,-0.74,0.83,-0.0,0.1158,0.017,0.0035,,2.054,0.466,,,0.0679,-0.0856,,
184.398,LANDING_ON_START,-0.0043,-0.0748,0.296,157.18,-0.76,0.68,-0.0,0.117,0.0065,-0.006,,2.062,0.466,,,0.0679,-0.0856,,
184.449,LANDING_ON_START,0.0012,-0.0754,0.297,157.14,-0.65,0.66,-0.0,0.1198,-0.0021,0.0016,,2.062,0.466,,,0.0679,-0.0856,,
184.496,LANDING_ON_START,0.007,-0.076,0.297,157.14,-0.61,0.6,-0.0,0.12,-0.0098,0.0021,,2.049,0.467,,,0.0679,-0.0856,,
184.549,LANDING_ON_START,0.0109,-0.0776,0.299,157.22,-0.39,0.53,-0.0,0.1175,-0.0177,0.0019,,2.049,0.467,,,0.0679,-0.0856,,
184.589,LANDING_ON_START,0.0152,-0.0791,0.295,157.33,-0.36,0.44,-0.0,0.1181,-0.0235,0.0048,,2.033,0.464,,,0.0679,-0.0856,,
184.656,LANDING_ON_START,0.0207,-0.0809,0.297,157.51,-0.24,0.38,-0.0,0.1239,-0.0281,-0.0051,,2.033,0.464,,,0.0679,-0.0856,,
184.688,LANDING_ON_START,0.0287,-0.0827,0.297,157.7,-0.21,0.4,-0.0,0.126,-0.0322,-0.0021,,2.023,0.461,,,0.0679,-0.0856,,
184.75,LANDING_ON_START,0.0348,-0.0835,0.296,157.91,-0.19,0.43,-0.0,0.1257,-0.0326,-0.0001,,2.023,0.461,,,0.0679,-0.0856,,
184.788,LANDING_ON_START,0.037,-0.085,0.299,158.17,-0.09,0.12,-0.0,0.1186,-0.0334,-0.0051,,2.017,0.462,,,0.0679,-0.0856,,
184.851,LANDING_ON_START,0.0404,-0.0858,0.294,158.49,0.16,0.05,-0.0,0.1139,-0.0332,0.0012,,2.017,0.462,,,0.0679,-0.0856,,
184.89,LANDING_ON_START,0.0439,-0.0878,0.297,158.72,0.35,-0.08,-0.0,0.1133,-0.0317,-0.0123,,2.006,0.457,,,0.0679,-0.0856,,
184.952,LANDING_ON_START,0.0483,-0.0892,0.293,158.94,0.42,-0.24,-0.0,0.1101,-0.0286,-0.0067,,2.006,0.457,,,0.0679,-0.0856,,
184.987,LANDING_ON_START,0.0525,-0.0909,0.296,159.04,0.31,-0.96,-0.0,0.1005,-0.024,-0.0183,,1.994,0.459,,,0.0679,-0.0856,,
185.05,LANDING_ON_START,0.0555,-0.0925,0.293,159.11,0.1,-1.23,-0.0,0.0877,-0.0187,-0.0203,,1.994,0.459,,,0.0679,-0.0856,,
185.09,LANDING_ON_START,0.0592,-0.0919,0.293,159.14,-0.11,-1.42,-0.0,0.0775,-0.0109,-0.0339,,1.984,0.461,,,0.0679,-0.0856,,
185.149,LANDING_ON_START,0.0618,-0.0914,0.284,159.11,-0.22,-1.3,-0.0,0.0656,-0.0076,-0.04,,1.984,0.461,,,0.0679,-0.0856,,
185.213,LANDING_ON_START,0.0632,-0.0912,0.29,159.08,-0.26,-1.1,-0.0,0.0516,-0.0041,-0.0676,,1.982,0.46,,,0.0679,-0.0856,,
185.249,LANDING_ON_START,0.0656,-0.0914,0.287,159.17,-0.33,-0.94,-0.0,0.0425,-0.0032,-0.0585,,1.982,0.46,,,0.0679,-0.0856,,
185.31,LANDING_ON_START,0.0674,-0.0911,0.283,159.25,-0.45,-0.79,-0.0,0.0348,-0.0005,-0.071,,1.977,0.458,,,0.0679,-0.0856,,
185.342,LANDING_ON_START,0.0679,-0.0903,0.279,159.37,-0.48,-0.59,-0.0,0.0221,-0.0035,-0.087,,1.977,0.458,,,0.0679,-0.0856,,
185.413,LANDING_ON_START,0.0661,-0.0906,0.272,159.38,-0.53,-0.29,-0.0,0.0119,-0.0044,-0.0996,,1.981,0.459,,,0.0679,-0.0856,,
185.442,LANDING_ON_START,0.0637,-0.0897,0.267,159.38,-0.47,-0.0,-0.0,0.0018,-0.0066,-0.1159,,1.981,0.459,,,0.0679,-0.0856,,
185.511,LANDING_ON_START,0.0638,-0.0921,0.259,159.38,-0.45,0.17,-0.0,0.0031,-0.0125,-0.1323,,1.972,0.459,,,0.0679,-0.0856,,
185.541,LANDING_ON_START,0.0615,-0.0967,0.249,159.34,-0.5,0.16,-0.0,-0.0014,-0.0314,-0.1471,,1.972,0.459,,,0.0679,-0.0856,,
185.609,LANDING_ON_START,0.0573,-0.1058,0.245,159.28,-0.53,0.4,-0.0,-0.0159,-0.0529,-0.1648,,1.981,0.459,,,0.0679,-0.0856,,
185.641,LANDING_ON_START,0.0534,-0.1068,0.233,159.27,-0.15,0.49,-0.0,-0.0173,-0.0534,-0.1638,,1.981,0.459,,,0.0679,-0.0856,,
185.708,LANDING_ON_START,0.0516,-0.1097,0.227,159.21,0.1,0.67,-0.0,-0.0172,-0.0552,-0.1859,,1.972,0.457,,,0.0679,-0.0856,,
185.735,LANDING_ON_START,0.051,-0.1111,0.219,159.03,0.21,0.55,-0.0,-0.011,-0.0538,-0.1824,,1.972,0.457,,,0.0679,-0.0856,,
185.813,LANDING_ON_START,0.0491,-0.1112,0.209,158.74,0.36,0.42,-0.0,-0.0097,-0.0473,-0.1874,,1.969,0.454,,,0.0679,-0.0856,,
185.86,LANDING_ON_START,0.0443,-0.1105,0.197,158.37,0.6,0.1,-0.0,-0.0163,-0.0382,-0.1928,,1.969,0.454,,,0.0679,-0.0856,,
185.913,LANDING_ON_START,0.0424,-0.116,0.188,157.86,0.67,0.16,-0.0,-0.0153,-0.0416,-0.2089,,1.983,0.458,,,0.0679,-0.0856,,
185.953,LANDING_ON_START,0.0416,-0.1125,0.179,157.32,0.82,0.29,-0.0,-0.0126,-0.0241,-0.2049,,1.983,0.458,,,0.0679,-0.0856,,
185.99,LANDING_ON_START,0.0389,-0.1115,0.174,156.8,0.97,0.14,-0.0,-0.0136,-0.0139,-0.2079,,1.983,0.457,0.829,,0.0679,-0.0856,,
186.052,LANDING_ON_START,0.0396,-0.1193,0.161,156.41,0.85,0.36,-0.0,-0.0048,-0.0233,-0.1928,,1.983,0.457,0.829,,0.0679,-0.0856,,
186.102,LANDING_ON_START,0.0397,-0.1177,0.147,155.94,0.99,0.35,-0.0,0.0016,-0.0116,-0.2079,,1.989,0.463,0.813,,0.0679,-0.0856,,
186.169,LANDING_ON_START,0.0415,-0.1071,0.137,155.59,1.3,0.03,-0.0,0.01,0.0246,-0.2186,,1.989,0.463,0.813,,0.0679,-0.0856,,
186.242,LANDING_ON_START,0.0441,-0.103,0.123,155.34,1.03,0.0,-0.0,0.0218,0.0439,-0.2199,,1.992,0.464,0.798,,0.0679,-0.0856,,
186.275,LANDING_ON_START,0.048,-0.0988,0.11,155.29,0.56,-0.07,-0.0,0.0342,0.0583,-0.2168,,1.992,0.464,0.798,,0.0679,-0.0856,,
186.285,LANDING_ON_START,0.0512,-0.0954,0.106,155.37,0.36,-0.38,-0.0,0.0411,0.0663,-0.2194,0.206,1.982,0.473,0.784,,0.0679,-0.0856,,
186.362,LANDING_ON_START,0.0551,-0.0926,0.089,155.54,0.02,-0.41,0.0,0.0477,0.07,-0.1932,0.206,1.982,0.473,0.784,,0.0679,-0.0856,,
186.394,LANDING_ON_START,0.0574,-0.0871,0.079,155.17,-0.45,-0.16,0.0,0.045,0.0808,-0.2922,0.189,1.967,0.483,0.772,,0.0679,-0.0856,,
186.454,LANDING_ON_START,0.0607,-0.0819,0.042,154.02,-1.18,0.15,0.0,0.0519,0.0983,-0.5685,0.189,1.967,0.483,0.772,,0.0679,-0.0856,,
186.505,LANDING_ON_START,0.0649,-0.0789,0.002,152.29,-2.45,0.8,0.0,0.0853,0.0708,-0.96,0.191,,0.497,0.739,,0.0679,-0.0856,,
186.548,LANDING_ON_START,0.0735,-0.0712,0.013,148.87,-9.69,4.4,0.0,0.1043,0.0893,-0.1028,0.191,,0.497,0.739,,0.0679,-0.0856,,
186.587,LANDING_ON_START,0.0779,-0.0675,0.008,144.5,-19.39,2.2,0.0,0.1299,0.0752,-0.3619,0.209,,,,,0.0679,-0.0856,,
186.66,LANDING_ON_START,0.1381,0.0232,0.01,135.95,-3.06,2.12,0.0,0.274,0.1959,-0.5702,0.209,,,,,0.0679,-0.0856,,
186.705,LANDING_ON_START,0.1067,-0.0397,0.008,137.87,1.88,0.31,0.0,0.1847,0.2048,-0.1902,0.24,0.344,,0.189,,0.0679,-0.0856,,
186.756,LANDING_ON_START,0.1164,-0.0297,0.017,137.66,2.02,0.07,0.0,0.1657,0.1563,-0.0748,0.24,0.344,,0.189,,0.0679,-0.0856,,
186.804,LANDING_ON_START,0.1255,-0.022,0.014,137.68,1.84,-0.11,0.0,0.1726,0.1208,-0.0408,0.248,,,,,0.0679,-0.0856,,
