time_s,state,x_m,y_m,z_down_m,yaw_deg,roll_deg,pitch_deg,yaw_ref_deg,vx_ms,vy_ms,vz_ms,range_front_m,range_back_m,range_left_m,range_right_m,range_up_m,target_x_m,target_y_m
0.316,,0.0,0.0,0.01,0.0,0.0,0.0,0.0,0.0,0.0,0.0,0.688,0.413,,,,,
0.32,,-0.3379,0.3292,0.009,44.87,-1.59,0.22,0.0,-0.0093,-0.002,-0.0035,0.687,0.411,,,,,
0.324,,-0.3379,0.3292,0.011,44.65,-1.59,0.21,0.0,0.0018,0.0019,-0.0056,0.687,0.411,,,,,
0.328,,-0.3379,0.3296,0.01,44.42,-1.61,0.2,0.0,-0.0082,0.0052,-0.0009,0.683,0.412,,0.271,,,
0.332,,-0.3394,0.3298,0.01,44.2,-1.66,0.25,0.0,-0.0076,0.0035,-0.0008,0.683,0.412,,0.271,,,
0.346,,-0.3394,0.3298,0.011,43.97,-1.65,0.25,0.0,-0.0131,0.0036,-0.0006,0.686,0.413,,,,,
0.398,,-0.3392,0.3293,0.01,43.76,-1.62,0.26,0.0,-0.0077,0.0017,0.0013,0.686,0.413,,,,,
0.447,,-0.3385,0.3297,0.009,43.53,-1.6,0.22,0.0,-0.0145,0.0025,-0.0003,0.686,0.411,,,,,
0.497,,-0.3391,0.329,0.01,43.32,-1.59,0.26,0.0,0.0005,0.002,-0.0025,0.686,0.411,,,,,
0.557,,-0.3386,0.3301,0.01,43.1,-1.62,0.21,0.0,-0.0051,0.0024,-0.0017,0.685,0.412,,0.268,,,
0.608,,-0.3377,0.3304,0.009,42.88,-1.59,0.16,0.0,-0.0049,0.004,-0.0006,0.685,0.412,,0.268,,,
0.66,,-0.339,0.3293,0.01,42.67,-1.59,0.25,0.0,-0.0129,0.0031,-0.003,0.685,0.411,,0.272,,,
0.708,,-0.339,0.3299,0.011,42.45,-1.61,0.22,0.0,-0.0107,0.0012,-0.0008,0.685,0.411,,0.272,,,
0.763,,-0.3389,0.3292,0.009,42.24,-1.58,0.24,0.0,-0.0015,0.005,0.0028,0.685,0.413,,,,,
0.796,,-0.3396,0.33,0.009,42.02,-1.63,0.25,0.0,-0.0078,0.0024,0.0001,0.685,0.413,,,,,
0.863,,-0.3389,0.329,0.009,41.81,-1.57,0.24,0.0,-0.0092,-0.0013,-0.0012,0.688,0.411,,0.272,,,
0.898,,-0.3386,0.3297,0.01,41.6,-1.59,0.21,0.0,-0.0128,0.0031,-0.0015,0.688,0.411,,0.272,,,
0.946,,-0.3388,0.3299,0.011,41.39,-1.6,0.21,0.0,-0.0108,0.0004,0.0006,0.684,0.412,,,,,
0.997,,-0.3375,0.3297,0.01,41.18,-1.55,0.17,0.0,-0.0073,-0.0008,0.0042,0.684,0.412,,,,,
1.067,,-0.3388,0.3299,0.012,40.97,-1.59,0.2,0.0,0.0007,0.0023,0.0035,0.687,0.415,,,,,
1.115,,-0.3376,0.3297,0.011,40.76,-1.55,0.17,0.0,-0.0073,0.0031,0.0073,0.687,0.415,,,,,
1.158,,-0.3393,0.3294,0.012,40.56,-1.59,0.23,0.0,-0.0071,-0.0,0.0061,0.684,0.413,,,,,
1.201,,-0.3376,0.3301,0.01,40.35,-1.56,0.16,0.0,-0.0064,0.001,0.0072,0.684,0.413,,,,,
1.247,,-0.3392,0.3301,0.013,40.15,-1.61,0.21,0.0,-0.0068,0.002,0.0027,0.687,0.414,,,,,
1.298,,-0.3393,0.3301,0.011,39.95,-1.61,0.21,0.0,-0.0133,0.0035,0.0062,0.687,0.414,,,,,
1.363,,-0.3376,0.33,0.01,39.75,-1.56,0.16,0.0,-0.006,0.0009,0.0037,0.686,0.416,,,,,
1.407,,-0.3387,0.3294,0.011,39.55,-1.57,0.21,0.0,-0.0107,0.0008,-0.0009,0.686,0.416,,,,,
1.461,,-0.3396,0.3298,0.01,39.35,-1.61,0.23,0.0,-0.0084,-0.0001,-0.0011,0.686,0.412,,,,,
1.5,,-0.339,0.3298,0.01,39.15,-1.59,0.2,0.0,-0.0122,0.0044,-0.0034,0.686,0.412,,,,,
1.546,,-0.3391,0.3303,0.01,38.95,-1.61,0.2,0.0,-0.013,0.0034,-0.0039,0.686,0.414,,,,,
1.596,,-0.3379,0.3302,0.012,38.75,-1.57,0.16,0.0,0.0015,0.0028,-0.0042,0.686,0.414,,,,,
1.662,,-0.3379,0.3302,0.011,38.56,-1.57,0.17,0.0,-0.0012,0.0049,0.0003,0.687,0.413,,,,,
1.704,,-0.3399,0.3296,0.012,38.36,-1.6,0.25,0.0,-0.0069,0.0015,0.0008,0.687,0.413,,,,,
1.75,,-0.3407,0.3306,0.01,38.16,-1.65,0.25,0.0,-0.0062,-0.0001,0.0031,0.686,0.415,,,,,
1.799,,-0.3393,0.3304,0.012,37.97,-1.61,0.21,0.0,-0.0061,0.0038,-0.0002,0.686,0.415,,,,,
1.846,,-0.3394,0.3303,0.009,37.78,-1.61,0.22,0.0,-0.0087,-0.0033,0.003,0.682,0.413,,,,,
1.896,,-0.338,0.3304,0.01,37.59,-1.58,0.17,0.0,-0.0067,-0.0001,-0.0024,0.682,0.413,,,,,
1.958,,-0.3396,0.3298,0.012,37.4,-1.6,0.24,0.0,-0.0149,0.0045,-0.0036,0.685,0.411,,0.271,,,
2.018,,-0.3404,0.3301,0.012,37.21,-1.63,0.26,0.0,-0.0065,0.0028,0.0006,0.685,0.411,,0.271,,,
2.056,,-0.3403,0.33,0.01,37.02,-1.62,0.26,0.0,-0.011,0.0018,0.0031,0.684,0.412,,,,,
2.1,,-0.3382,0.3301,0.009,36.83,-1.57,0.18,0.0,-0.0012,0.0019,-0.0008,0.684,0.412,,,,,
2.148,,-0.3394,0.3304,0.01,36.64,-1.61,0.22,0.0,-0.0062,0.0041,-0.0052,0.685,0.416,,,,,
2.197,,-0.3414,0.3311,0.009,36.46,-1.68,0.27,0.0,-0.0094,0.0039,-0.0043,0.685,0.416,,,,,
2.251,,-0.34,0.3294,0.01,36.27,-1.59,0.25,0.0,-0.006,0.0011,-0.0058,0.687,0.411,,,,,
2.301,,-0.3397,0.3307,0.01,36.08,-1.62,0.21,0.0,-0.0071,0.0068,-0.0039,0.687,0.411,,,,,
2.35,,-0.3406,0.3303,0.01,35.9,-1.63,0.25,0.0,-0.006,-0.0006,-0.002,0.683,0.414,,,,,
2.397,,-0.3393,0.3301,0.014,35.71,-1.59,0.21,0.0,-0.006,0.0033,-0.0011,0.683,0.414,,,,,
2.446,,-0.3397,0.3299,0.01,35.53,-1.6,0.24,0.0,-0.0001,0.0041,0.0084,0.688,0.414,,0.276,,,
2.536,,-0.3397,0.3306,0.011,35.36,-1.62,0.23,0.0,0.0004,0.0031,0.0047,0.688,0.414,,0.276,,,
2.565,,-0.3404,0.3301,0.011,35.17,-1.62,0.27,0.0,-0.0013,0.0023,0.0045,0.687,0.414,,,,,
2.596,,-0.3399,0.3305,0.012,35.0,-1.62,0.24,0.0,-0.0082,0.0035,0.0029,0.687,0.414,,,,,
2.655,,-0.3407,0.3303,0.009,34.82,-1.62,0.27,0.0,-0.0001,0.0027,0.0045,0.688,0.417,,0.27,,,
2.696,,-0.3387,0.3306,0.01,34.64,-1.58,0.19,0.0,-0.0139,0.0056,-0.0013,0.688,0.417,,0.27,,,
2.747,,-0.3386,0.3304,0.009,34.46,-1.58,0.19,0.0,-0.0005,0.0021,-0.0028,0.685,0.415,,,,,
2.836,,-0.3407,0.3304,0.009,34.29,-1.62,0.27,0.0,-0.0086,-0.0022,-0.0056,0.685,0.415,,,,,
2.871,,-0.3388,0.3303,0.01,34.11,-1.57,0.2,0.0,-0.0081,0.0014,-0.0068,0.688,0.414,,,,,
2.903,,-0.3408,0.3304,0.011,33.94,-1.62,0.26,0.0,-0.0107,0.0014,-0.0047,0.688,0.414,,,,,
2.96,,-0.3389,0.3307,0.009,33.76,-1.58,0.17,0.0,-0.0062,-0.0013,-0.0006,0.687,0.412,,,,,
2.995,,-0.3388,0.3306,0.012,33.59,-1.58,0.18,0.0,-0.0107,0.005,-0.0023,0.687,0.412,,,,,
3.047,,-0.3419,0.3315,0.01,33.41,-1.67,0.25,0.0,-0.0005,0.0039,0.0036,0.688,0.412,,0.27,,,
3.124,,-0.3402,0.331,0.01,33.24,-1.62,0.21,0.0,-0.0081,0.0035,0.0017,0.688,0.412,,0.27,,,
3.167,,-0.3408,0.3306,0.01,33.07,-1.61,0.23,0.0,-0.0081,0.0028,0.0004,0.689,0.413,,,,,
3.229,,-0.3401,0.3308,0.011,32.9,-1.6,0.2,0.0,0.0008,0.0027,-0.0005,0.689,0.413,,,,,
3.266,,-0.3389,0.3311,0.01,32.73,-1.58,0.16,0.0,-0.0118,0.0028,0.0009,0.687,0.411,,,,,
3.318,,-0.3401,0.3311,0.009,32.56,-1.6,0.2,0.0,-0.0004,0.0031,0.0003,0.687,0.411,,,,,
3.348,,-0.3405,0.3306,0.009,32.4,-1.59,0.23,0.0,-0.014,0.0051,-0.0029,0.689,0.415,,,,,
3.425,,-0.0001,-0.0001,0.008,-0.0,-0.01,0.01,0.0,-0.0065,-0.0055,-0.0002,0.689,0.415,,,,,
3.475,,-0.0001,-0.0005,0.01,-0.01,-0.06,-0.03,0.0,-0.0058,-0.0136,-0.0006,0.685,0.413,,0.267,,,
3.515,,-0.0006,-0.0008,0.012,-0.02,-0.36,0.14,0.0,-0.0005,-0.0155,0.001,0.685,0.413,,0.267,,,
3.551,,-0.0002,-0.0012,0.01,-0.02,-0.55,-0.02,0.0,-0.0049,-0.0086,0.0065,0.693,0.412,,0.268,,,
3.596,,0.0008,-0.0019,0.011,-0.03,-0.64,-0.23,0.0,0.0025,-0.0174,0.0054,0.693,0.412,,0.268,,,
3.646,,0.0009,-0.0021,0.011,-0.04,-0.85,-0.15,0.0,0.0094,-0.0208,0.0057,0.682,0.412,,,,,
3.72,,-0.0013,-0.0011,0.008,-0.04,-1.17,0.26,0.0,-0.0061,-0.0078,0.0057,0.682,0.412,,,,,
3.756,,-0.0012,0.0002,0.009,-0.05,-1.38,0.22,0.0,-0.0028,-0.008,-0.0016,0.687,0.412,,0.267,,,
3.809,,0.001,-0.0021,0.011,-0.05,-1.18,-0.01,0.0,0.0078,-0.0134,-0.0036,0.687,0.412,,0.267,,,
3.846,,-0.0014,0.0006,0.009,-0.06,-1.48,0.23,0.0,-0.0079,-0.0098,0.0002,0.685,0.415,,,,,
3.895,,-0.0007,-0.0008,0.01,-0.07,-1.38,0.16,0.0,-0.0034,-0.0037,-0.0022,0.685,0.415,,,,,
3.946,,-0.0013,-0.0005,0.009,-0.08,-1.42,0.19,0.0,0.0022,-0.0025,-0.0014,0.686,0.414,,,,,
4.013,,-0.0013,-0.001,0.011,-0.09,-1.41,0.18,0.0,-0.0023,-0.0034,-0.0021,0.686,0.414,,,,,
4.049,,-0.0012,0.0007,0.007,-0.09,-1.53,0.17,0.0,-0.0009,0.0019,0.0022,0.686,0.412,,0.266,,,
4.115,,0.0009,-0.0017,0.009,-0.1,-1.4,0.05,0.0,0.0066,-0.0061,-0.0052,0.686,0.412,,0.266,,,
4.149,,-0.0013,-0.0003,0.01,-0.11,-1.49,0.18,0.0,0.0049,-0.0036,-0.0044,0.686,0.411,,,,,
4.195,,-0.0013,0.0008,0.009,-0.11,-1.56,0.18,0.0,-0.0012,0.0009,-0.0012,0.686,0.411,,,,,
4.246,,-0.0012,-0.0007,0.009,-0.12,-1.49,0.18,0.0,-0.0011,0.0008,-0.0018,0.688,0.413,2.5,,,,
4.305,,-0.0005,-0.0004,0.007,-0.12,-1.52,0.15,0.0,0.0058,-0.0014,-0.0012,0.688,0.413,2.5,,,,
4.362,,-0.0008,-0.0001,0.01,-0.13,-1.54,0.17,0.0,0.0,0.005,-0.0056,0.689,0.413,,0.274,,,
4.401,,0.0,-0.0001,0.011,-0.14,-1.54,0.14,0.0,-0.0054,0.0099,-0.0013,0.689,0.413,,0.274,,,
4.444,,-0.0002,-0.0004,0.007,-0.14,-1.53,0.15,0.0,-0.0001,0.005,0.0037,0.682,0.413,2.47,0.268,,,
4.496,,-0.0013,-0.0001,0.008,-0.15,-1.54,0.19,0.0,-0.0066,0.0099,-0.0022,0.682,0.413,2.47,0.268,,,
4.545,,-0.0015,-0.0006,0.01,-0.16,-1.51,0.2,0.0,-0.0057,0.0093,-0.0033,0.688,0.414,,0.265,,,
4.599,,0.0008,-0.0011,0.009,-0.16,-1.49,0.11,0.0,-0.0016,0.0026,0.0003,0.688,0.414,,0.265,,,
4.657,,-0.0013,0.0002,0.009,-0.17,-1.56,0.2,0.0,-0.003,0.0041,0.0004,0.687,0.412,,,,,
4.713,,-0.0013,0.0011,0.009,-0.18,-1.59,0.2,0.0,-0.0029,0.0081,0.0004,0.687,0.412,,,,,
4.745,,-0.0013,0.0011,0.01,-0.18,-1.59,0.2,0.0,-0.003,0.0042,0.0004,0.688,0.414,,0.271,,,
4.795,,0.0007,-0.001,0.01,-0.19,-1.5,0.12,0.0,-0.0036,0.0038,0.0024,0.688,0.414,,0.271,,,
4.86,,-0.0013,-0.0002,0.009,-0.2,-1.54,0.2,0.0,-0.006,0.0039,0.0028,0.685,0.411,,,,,
4.899,,-0.0013,-0.0002,0.009,-0.2,-1.55,0.2,0.0,0.0029,0.0003,0.0016,0.685,0.411,,,,,
4.955,,-0.0013,-0.0004,0.009,-0.2,-1.55,0.21,0.0,-0.0016,0.0044,0.0003,0.684,0.411,,,,,
5.011,,-0.0006,0.0002,0.01,-0.21,-1.57,0.18,0.0,-0.0061,-0.0004,-0.0,0.684,0.411,,,,,
5.044,,0.0006,-0.0011,0.008,-0.22,-1.52,0.14,0.0,-0.0064,0.0057,0.0022,0.686,0.413,,,,,
5.095,,0.0006,-0.0011,0.008,-0.22,-1.53,0.14,0.0,0.0035,-0.0002,-0.0015,0.686,0.413,,,,,
5.17,,-0.0014,0.0007,0.009,-0.23,-1.61,0.22,0.0,-0.0062,0.0076,-0.004,0.687,0.416,,,,,
5.195,,0.0006,-0.0008,0.009,-0.24,-1.55,0.14,0.0,0.003,0.0,-0.0022,0.687,0.416,,,,,
5.256,,0.0006,-0.001,0.01,-0.24,-1.54,0.14,0.0,0.0025,0.0003,-0.0003,0.687,0.414,,,,,
5.297,,0.0003,0.0003,0.009,-0.25,-1.6,0.15,0.0,-0.0017,0.0057,0.0023,0.687,0.414,,,,,
5.345,,-0.0007,-0.0001,0.009,-0.26,-1.58,0.2,0.0,-0.0052,0.0048,0.0012,0.689,0.411,,0.268,,,
5.396,,-0.0007,-0.0006,0.01,-0.26,-1.57,0.19,0.0,-0.0035,0.006,0.0007,0.689,0.411,,0.268,,,
5.488,,-0.0013,0.0004,0.008,-0.27,-1.61,0.21,0.0,-0.0067,0.001,0.0031,0.691,0.414,,0.269,,,
5.523,,0.0002,-0.0008,0.01,-0.27,-1.56,0.15,0.0,-0.007,0.0115,-0.0001,0.691,0.414,,0.269,,,
5.55,,-0.0013,-0.0001,0.007,-0.28,-1.59,0.22,0.0,-0.0065,0.011,0.0025,0.684,0.413,2.519,,,,
5.618,,0.0004,-0.0007,0.009,-0.28,-1.56,0.14,0.0,0.0022,0.0006,-0.0037,0.684,0.413,2.519,,,,
5.645,,-0.0005,0.0004,0.008,-0.28,-1.61,0.18,0.0,-0.0014,0.0067,-0.0018,0.69,0.415,,,,,
5.696,,-0.0014,0.0005,0.011,-0.29,-1.61,0.22,0.0,-0.0074,0.002,-0.0036,0.69,0.415,,,,,
5.777,,-0.0015,0.0016,0.009,-0.29,-1.66,0.22,0.0,-0.0075,0.0084,0.003,0.684,0.413,,,,,
5.811,,0.0003,-0.0005,0.009,-0.3,-1.56,0.13,0.0,-0.0071,0.0058,0.0021,0.684,0.413,,,,,
5.848,,0.0003,-0.0005,0.006,-0.31,-1.57,0.14,0.0,-0.0069,0.0059,0.0016,0.686,0.412,,0.268,,,
5.901,,-0.0008,0.0013,0.009,-0.31,-1.64,0.18,0.0,0.0036,0.0053,-0.006,0.686,0.412,,0.268,,,
5.945,,-0.0014,0.0006,0.01,-0.32,-1.6,0.2,0.0,-0.0065,0.007,-0.0031,0.684,0.412,,0.271,,,
5.996,,-0.0009,0.0004,0.009,-0.32,-1.59,0.18,0.0,-0.0065,0.0119,0.0007,0.684,0.412,,0.271,,,
6.076,,-0.0016,0.0019,0.009,-0.33,-1.65,0.21,0.0,-0.0058,0.0079,0.0012,0.684,0.413,,,,,
6.108,,-0.0009,0.0007,0.008,-0.33,-1.6,0.18,0.0,-0.0023,0.0047,0.0015,0.684,0.413,,,,,
6.149,,-0.0006,0.0009,0.007,-0.34,-1.61,0.16,0.0,-0.0015,0.0078,-0.0006,0.688,0.411,,,,,
6.203,,-0.0012,0.0005,0.009,-0.34,-1.59,0.18,0.0,-0.0065,0.0122,-0.0046,0.688,0.411,,,,,
6.246,,-0.0011,0.0008,0.008,-0.35,-1.59,0.18,0.0,-0.004,0.0069,-0.0014,0.69,0.412,,0.266,,,
6.295,,-0.0009,0.0006,0.009,-0.35,-1.59,0.17,0.0,-0.0018,0.0071,-0.0013,0.69,0.412,,0.266,,,
6.371,,-0.0016,0.0001,0.009,-0.36,-1.56,0.2,0.0,-0.0064,0.003,0.0005,0.687,0.412,,0.271,,,
6.411,,-0.0007,0.0009,0.008,-0.36,-1.6,0.16,0.0,-0.0012,0.0072,0.0013,0.687,0.412,,0.271,,,
6.464,,-0.0017,0.0013,0.009,-0.37,-1.6,0.2,0.0,-0.0071,0.0078,-0.0003,0.687,0.413,,,,,
6.504,,-0.0008,0.001,0.009,-0.37,-1.59,0.16,0.0,-0.006,0.0061,0.001,0.687,0.413,,,,,
6.545,,-0.0017,0.0022,0.007,-0.38,-1.64,0.2,0.0,-0.0064,0.0126,0.0012,0.687,0.41,,,,,
6.595,,0.0001,0.0001,0.008,-0.39,-1.55,0.12,0.0,-0.0066,0.0017,-0.0025,0.687,0.41,,,,,
6.665,,0.0001,0.0001,0.011,-0.39,-1.55,0.12,0.0,-0.0064,0.0018,-0.0027,0.689,0.415,,0.27,,,
6.697,,-0.0017,0.0022,0.011,-0.39,-1.64,0.19,0.0,-0.0062,0.0085,0.0038,0.689,0.415,,0.27,,,
6.757,,-0.0013,0.0013,0.009,-0.4,-1.6,0.17,0.0,-0.0019,0.0071,0.0063,0.684,0.415,,,,,
6.796,,-0.0009,0.0015,0.005,-0.4,-1.61,0.16,0.0,-0.0019,0.0039,0.0034,0.684,0.415,,,,,
6.844,,-0.0009,0.0021,0.01,-0.4,-1.63,0.17,0.0,-0.0031,0.0077,-0.0068,0.688,0.412,,0.27,,,
6.895,,-0.0011,0.0014,0.01,-0.41,-1.59,0.18,0.0,-0.0025,0.0085,-0.0019,0.688,0.412,,0.27,,,
6.962,,0.0,0.0007,0.009,-0.41,-1.56,0.14,0.0,-0.0047,0.0145,0.0009,0.686,0.412,,0.274,,,
7.016,,-0.0018,0.0025,0.01,-0.41,-1.63,0.22,0.0,-0.0013,0.0082,0.0011,0.686,0.412,,0.274,,,
7.08,,-0.0018,0.0016,0.01,-0.42,-1.59,0.22,0.0,-0.0033,0.0081,0.0035,0.682,0.412,,,,,
7.112,,-0.0014,0.0014,0.01,-0.42,-1.56,0.21,-0.0,-0.0016,0.0098,0.0047,0.682,0.412,,,,,
7.15,,-0.0017,0.0028,0.012,-0.46,-1.61,0.18,-0.0,-0.0045,0.0283,0.0027,0.686,0.413,,,,,
7.194,,-0.0001,0.0047,0.005,-0.51,-1.31,0.17,-0.0,0.0042,0.0386,0.0202,0.686,0.413,,,,,
7.248,,0.0,0.01,0.0,-0.58,-0.22,0.16,-0.0,-0.0028,0.0618,0.028,0.687,0.413,,0.216,,,
7.296,,-0.0074,0.0109,0.0,-0.67,0.52,0.29,-0.0,-0.0468,0.0459,0.0443,0.687,0.413,,0.216,,,
7.349,,-0.011,-0.0047,0.0,-0.72,1.63,0.03,-0.0,-0.033,-0.0467,0.0791,0.687,0.416,,0.276,,,
7.405,,-0.0131,-0.0004,0.007,-0.77,0.45,-0.21,-0.0,-0.0402,-0.0236,0.1115,0.687,0.416,,0.276,,,
7.444,,-0.0138,-0.0102,0.022,-0.78,0.62,-0.55,-0.0,-0.035,-0.0582,0.1368,0.687,0.417,2.434,1.39,,,
7.531,,-0.0135,-0.0023,0.041,-0.76,0.1,-0.63,-0.0,-0.0247,-0.0456,0.1837,0.687,0.417,2.434,1.39,,,
7.545,,-0.0187,-0.0061,0.056,-0.68,-0.28,-0.27,-0.0,-0.0397,-0.031,0.2237,0.686,0.437,,1.391,,,
7.6,,-0.0188,-0.0093,0.072,-0.69,-0.3,-0.36,-0.0,-0.0243,-0.0329,0.2381,0.686,0.437,,1.391,,,
7.646,,-0.0201,-0.0107,0.09,-0.72,-0.29,-0.81,-0.0,-0.0172,-0.0309,0.2583,0.68,,2.44,1.391,,,
7.694,,-0.0196,-0.0141,0.1,-0.83,-0.28,-0.65,-0.0,-0.0052,-0.0377,0.2592,0.68,,2.44,1.391,,,
7.744,,-0.0168,-0.0163,0.112,-0.97,-0.28,-0.48,-0.0,0.0138,-0.0376,0.2579,0.67,,2.417,1.387,,,
7.838,,-0.0128,-0.0176,0.129,-1.13,-0.53,-0.38,-0.0,0.0413,-0.035,0.2425,0.67,,2.417,1.387,,,
7.866,,-0.0082,-0.0205,0.13,-1.31,-0.44,-0.01,-0.0,0.0465,-0.0338,0.2538,0.66,,,1.385,,,
7.897,,-0.0052,-0.0222,0.146,-1.46,-0.42,0.38,-0.0,0.0506,-0.0321,0.2262,0.66,,,1.385,,,
7.96,,-0.0014,-0.0245,0.151,-1.53,-0.4,0.75,-0.0,0.0519,-0.0314,0.2448,0.653,,2.425,1.386,,,
7.994,,0.0017,-0.0269,0.166,-1.6,-0.55,0.91,-0.0,0.046,-0.033,0.2392,0.653,,2.425,1.386,,,
8.044,,0.0036,-0.0304,0.173,-1.63,-0.44,0.96,-0.0,0.039,-0.0352,0.2495,0.641,,,1.379,,,
8.131,,0.0071,-0.0326,0.19,-1.59,-0.45,1.1,-0.0,0.0374,-0.032,0.2414,0.641,,,1.379,,,
8.166,,0.0091,-0.0354,0.196,-1.51,-0.49,1.01,-0.0,0.029,-0.0347,0.2495,0.633,,2.389,1.372,,,
8.207,,0.0103,-0.0387,0.218,-1.46,-0.61,0.74,-0.0,0.0213,-0.0354,0.2346,0.633,,2.389,1.372,,,
8.259,,0.0111,-0.0424,0.224,-1.32,-0.58,0.58,-0.0,0.0175,-0.0386,0.2504,0.627,,,1.369,,,
8.294,,0.0132,-0.0446,0.241,-1.25,-0.64,0.41,-0.0,0.0174,-0.0329,0.2293,0.627,,,1.369,,,
8.345,,0.0139,-0.0486,0.25,-1.16,-0.61,0.34,-0.0,0.0132,-0.0368,0.2301,0.625,,2.418,1.369,,,
8.427,,0.0149,-0.0512,0.261,-1.07,-0.6,0.41,-0.0,0.0125,-0.0336,0.2121,0.625,,2.418,1.369,,,
8.451,,0.0168,-0.0513,0.263,-1.01,-0.65,0.3,-0.0,0.035,0.0097,0.1984,0.621,,2.415,1.358,,,
8.499,,0.0254,-0.0418,0.275,-0.94,-0.71,0.13,-0.0,0.0361,0.0123,0.1639,0.621,,2.415,1.358,,,
8.55,,0.0274,-0.0431,0.282,-0.79,-0.3,0.36,-0.0,0.0326,0.0099,0.1601,0.62,,2.4,1.361,,,
8.594,,0.0299,-0.0433,0.294,-0.73,-0.33,0.39,-0.0,0.0323,0.0081,0.1488,0.62,,2.4,1.361,,,
8.645,,0.0285,-0.0499,0.299,-0.63,-0.03,0.46,-0.0,0.021,-0.0064,0.1431,0.615,,2.409,1.354,,,
8.725,,0.0296,-0.0528,0.308,-0.47,-0.06,0.56,-0.0,0.0172,-0.0126,0.123,0.615,,2.409,1.354,,,
8.755,,0.0316,-0.0533,0.308,-0.35,-0.04,0.44,-0.0,0.0077,-0.0263,0.1155,0.614,,2.417,1.353,,,
8.813,,0.0278,-0.062,0.32,-0.26,-0.14,0.32,-0.0,0.0022,-0.0322,0.09,0.614,,2.417,1.353,,,
8.85,,0.0281,-0.0637,0.324,-0.18,-0.38,0.1,-0.0,-0.0007,-0.038,0.0944,0.616,,2.42,1.345,,,
8.894,,0.0277,-0.0714,0.332,-0.08,-0.39,0.07,-0.0,-0.0015,-0.04,0.0871,0.616,,2.42,1.345,,,
8.945,,0.0268,-0.0746,0.336,-0.05,-0.55,0.08,-0.0,-0.003,-0.0394,0.0806,0.609,,2.421,1.341,,,
9.021,,0.0286,-0.0789,0.335,-0.02,-0.64,0.0,-0.0,-0.0012,-0.04,0.0694,0.609,,2.421,1.341,,,
9.051,,0.0278,-0.0817,0.338,0.01,-0.72,-0.01,-0.0,-0.0014,-0.0365,0.0488,0.608,,2.425,1.333,,,
9.114,,0.0295,-0.0851,0.34,0.07,-0.83,-0.0,-0.0,0.0023,-0.0368,0.0385,0.608,,2.425,1.333,,,
9.15,,0.0313,-0.0897,0.335,0.11,-0.89,0.08,-0.0,0.0058,-0.0327,0.0308,0.604,,2.434,1.33,,,
9.195,,0.0317,-0.0905,0.337,0.16,-0.97,0.0,-0.0,0.0055,-0.0231,0.01,0.604,,2.434,1.33,,,
9.244,,0.0314,-0.0942,0.342,0.13,-0.87,0.11,-0.0,0.0041,-0.0203,0.0056,0.6,,2.435,1.323,,,
9.311,,0.0326,-0.0965,0.344,0.13,-0.83,0.03,-0.0,0.0053,-0.0158,0.0187,0.6,,2.435,1.323,,,
9.364,,0.0342,-0.0994,0.346,0.11,-0.68,-0.05,-0.0,0.0069,-0.0159,0.0186,0.603,,2.424,1.325,,,
9.396,,0.0374,-0.0999,0.338,0.09,-0.61,0.07,-0.0,0.0122,-0.0099,0.0149,0.603,,2.424,1.325,,,
9.45,,0.0381,-0.1035,0.342,-0.01,-0.52,0.2,-0.0,0.0122,-0.0093,-0.006,0.599,,2.442,1.331,,,
9.494,ROTATION_SCAN,0.0419,-0.1029,0.341,-0.1,-0.42,0.21,-0.0,0.017,-0.003,-0.0017,0.599,,2.442,1.331,,,
9.545,ROTATION_SCAN,0.0441,-0.104,0.343,-0.23,-0.39,0.26,15.0,0.0185,-0.002,-0.0019,0.596,,2.453,1.313,,,
9.618,ROTATION_SCAN,0.0449,-0.1074,0.346,-0.31,-0.39,0.35,15.0,0.0134,-0.0064,-0.0013,0.596,,2.453,1.313,,,
9.646,ROTATION_SCAN,0.0462,-0.1086,0.341,-0.31,-0.23,0.34,15.0,0.0144,-0.004,0.0059,0.593,,2.441,1.322,,,
9.718,ROTATION_SCAN,0.0486,-0.1087,0.344,-0.11,-0.24,0.39,15.0,0.0141,-0.0014,-0.0097,0.593,,2.441,1.322,,,
9.767,ROTATION_SCAN,0.0523,-0.1096,0.344,0.25,-0.34,0.35,15.0,0.0149,-0.0007,-0.0039,0.59,,2.461,1.316,,,
9.8,ROTATION_SCAN,0.0538,-0.1136,0.34,0.73,-0.4,0.32,15.0,0.0136,-0.0043,-0.0017,0.59,,2.461,1.316,,,
9.844,ROTATION_SCAN,0.0546,-0.1169,0.34,1.25,-0.48,0.37,15.0,0.0109,-0.0063,-0.0138,0.59,,2.446,1.318,,,
9.94,ROTATION_SCAN,0.0571,-0.1176,0.34,1.87,-0.57,0.62,15.0,0.016,-0.0027,-0.0152,0.59,,2.446,1.318,,,
9.95,ROTATION_SCAN,0.0602,-0.119,0.342,2.51,-0.52,0.64,15.0,0.0088,-0.0005,-0.0143,0.587,,2.459,1.32,,,
10.004,ROTATION_SCAN,0.0629,-0.1168,0.341,3.24,-0.57,0.66,15.0,0.0074,0.0072,-0.007,0.587,,2.459,1.32,,,
10.045,ROTATION_SCAN,0.0627,-0.1183,0.342,3.97,-0.62,0.7,15.0,0.0015,0.0119,-0.009,0.587,,2.472,1.326,,,
10.096,ROTATION_SCAN,0.0609,-0.1226,0.338,4.68,-0.55,0.54,15.0,-0.0106,0.0048,-0.0078,0.587,,2.472,1.326,,,
10.145,ROTATION_SCAN,0.06,-0.1233,0.335,5.43,-0.46,0.63,15.0,-0.0105,0.008,-0.0168,0.591,,2.481,1.321,,,
10.2,ROTATION_SCAN,0.0579,-0.1238,0.337,6.16,-0.44,0.62,15.0,-0.0176,0.0101,-0.0231,0.591,,2.481,1.321,,,
10.244,ROTATION_SCAN,0.0556,-0.1219,0.335,6.88,-0.55,0.51,15.0,-0.0274,0.0101,-0.0151,0.601,,2.472,1.326,,,
10.341,ROTATION_SCAN,0.0595,-0.1256,0.339,7.6,-0.64,0.3,15.0,-0.0244,0.0125,-0.0149,0.601,,2.472,1.326,,,
10.356,ROTATION_SCAN,0.0566,-0.1252,0.337,8.26,-0.57,0.15,15.0,-0.038,0.0153,-0.0067,0.61,,2.492,1.327,,,
10.398,ROTATION_SCAN,0.0614,-0.1112,0.337,8.96,-0.72,0.11,15.0,-0.0247,-0.006,-0.0088,0.61,,2.492,1.327,,,
10.444,ROTATION_SCAN,0.0579,-0.1388,0.335,9.74,-0.33,0.13,15.0,-0.0268,0.0002,-0.0087,0.618,,2.505,1.33,,,
10.503,ROTATION_SCAN,0.0555,-0.1373,0.336,10.58,-0.36,0.11,15.0,-0.0297,0.005,-0.0118,0.618,,2.505,1.33,,,
10.574,ROTATION_SCAN,0.0541,-0.1354,0.337,11.42,-0.42,0.15,15.0,-0.0312,0.0105,-0.0122,0.635,,2.529,1.339,,,
10.598,ROTATION_SCAN,0.0518,-0.1336,0.335,12.25,-0.67,-0.12,15.0,-0.0338,0.0169,-0.0057,0.635,,2.529,1.339,,,
10.66,ROTATION_SCAN,0.0504,-0.1317,0.332,13.15,-0.62,-0.2,15.0,-0.0323,0.0253,-0.0087,0.674,,,1.356,,,
10.696,ROTATION_SCAN,0.0506,-0.1289,0.332,14.05,-0.63,-0.17,15.0,-0.0298,0.0321,-0.0173,0.674,,,1.356,,,
10.744,ROTATION_SCAN,0.0494,-0.1238,0.334,14.9,-0.53,-0.19,15.0,-0.0291,0.0432,-0.0165,,,2.55,1.373,,,
10.793,ROTATION_SCAN,0.0428,-0.1183,0.33,15.77,-0.41,-0.03,15.0,-0.0298,0.0516,-0.0073,,,2.55,1.373,,,
10.891,ROTATION_SCAN,0.0464,-0.1172,0.332,16.63,-0.17,-0.15,15.0,-0.0307,0.0514,-0.0142,,,,,,,
10.908,ROTATION_SCAN,0.0478,-0.114,0.33,17.39,0.07,-0.12,15.0,-0.0232,0.056,-0.0098,,,,,,,
10.963,ROTATION_SCAN,0.0491,-0.1115,0.332,18.16,0.44,-0.06,15.0,-0.012,0.0547,-0.0081,,,,,,,
11.011,ROTATION_SCAN,0.0531,-0.1084,0.333,18.99,0.58,0.04,15.0,-0.0079,0.0499,-0.0052,,,,,,,
11.053,ROTATION_SCAN,0.0536,-0.1067,0.331,19.83,0.55,0.08,15.0,-0.0031,0.0436,-0.0003,,,2.621,,,,
11.093,ROTATION_SCAN,0.0591,-0.1065,0.33,20.7,0.66,0.26,15.0,0.0105,0.0365,-0.0064,,,2.621,,,,
11.143,ROTATION_SCAN,0.0648,-0.1055,0.33,21.58,0.69,0.52,15.0,0.0141,0.026,-0.0101,,,,,,,
11.225,ROTATION_SCAN,0.0682,-0.1077,0.329,22.41,0.42,0.67,15.0,0.0169,0.0122,-0.0089,,,,,,,
11.249,ROTATION_SCAN,0.075,-0.1094,0.329,23.25,0.2,0.74,15.0,0.0234,0.0038,-0.0108,,,,,,,
11.309,ROTATION_SCAN,0.0773,-0.1116,0.327,24.1,-0.01,1.02,15.0,0.0188,-0.0035,-0.0115,,,,,,,
11.347,ROTATION_SCAN,0.079,-0.1135,0.33,25.02,-0.15,1.12,15.0,0.0172,-0.0088,-0.0138,,,,,,,
11.394,ROTATION_SCAN,0.0823,-0.1163,0.327,25.87,-0.38,1.07,15.0,0.0112,-0.0158,-0.0037,,,,,,,
11.444,ROTATION_SCAN,0.0844,-0.1187,0.327,26.65,-0.78,0.99,15.0,0.0023,-0.0205,-0.0093,,,,,,,
11.495,ROTATION_SCAN,0.084,-0.1212,0.326,27.52,-0.94,1.05,15.0,-0.0088,-0.0184,-0.0105,,,,,,,
11.552,ROTATION_SCAN,0.0865,-0.1244,0.324,28.32,-0.99,0.94,15.0,-0.011,-0.0192,-0.0098,,,,,,,
11.603,ROTATION_SCAN,0.0883,-0.1252,0.325,29.09,-1.23,0.76,15.0,-0.0192,-0.0152,-0.0135,,,,,,,
11.644,ROTATION_SCAN,0.088,-0.1268,0.324,29.84,-1.38,0.63,15.0,-0.0304,-0.0117,-0.0091,,,,,,,
11.695,ROTATION_SCAN,0.0865,-0.1287,0.322,30.55,-1.34,0.39,15.0,-0.0376,-0.0059,-0.0077,,,,,,,
11.743,ROTATION_SCAN,0.084,-0.1288,0.322,31.33,-1.28,0.36,15.0,-0.0468,0.0022,-0.012,,,,,,,
11.794,ROTATION_SCAN,0.0816,-0.1271,0.322,32.11,-1.07,0.18,15.0,-0.0537,0.0159,-0.009,,,,,,,
11.879,ROTATION_SCAN,0.0819,-0.1251,0.323,32.92,-0.91,-0.0,15.0,-0.0512,0.0227,-0.0074,,,,,,,
11.9,ROTATION_SCAN,0.081,-0.1234,0.324,33.71,-0.82,-0.13,15.0,-0.052,0.0299,-0.0032,,,,,,,
11.946,ROTATION_SCAN,0.0794,-0.1208,0.326,34.53,-0.76,-0.11,15.0,-0.0516,0.0377,-0.0005,,,,,,,
11.995,ROTATION_SCAN,0.0779,-0.1186,0.329,35.33,-0.35,-0.17,15.0,-0.0521,0.0421,0.0039,,,,,,,
12.045,ROTATION_SCAN,0.0796,-0.1154,0.324,36.13,-0.19,0.0,15.0,-0.0431,0.0478,0.009,,,,,,,
12.093,ROTATION_SCAN,0.0776,-0.1134,0.324,36.9,-0.05,0.1,15.0,-0.0412,0.0473,-0.0073,,,,,,,
12.156,ROTATION_SCAN,0.0803,-0.1101,0.323,37.63,0.06,0.31,15.0,-0.0321,0.0471,-0.0096,,,1.342,,,,
12.234,ROTATION_SCAN,0.0826,-0.1067,0.322,38.42,0.22,0.42,15.0,-0.0287,0.048,-0.0094,,,1.342,,,,
12.243,ROTATION_SCAN,0.0839,-0.1049,0.322,39.19,0.2,0.57,15.0,-0.0204,0.0421,-0.0106,,,1.344,,,,
12.322,ROTATION_SCAN,0.0879,-0.1051,0.32,39.94,0.15,0.79,15.0,-0.0156,0.0338,-0.0082,,,1.344,,,,
12.358,ROTATION_SCAN,0.0899,-0.1045,0.322,40.68,0.06,0.91,15.0,-0.011,0.0281,-0.011,,,1.323,,,,
12.395,ROTATION_SCAN,0.0931,-0.1038,0.323,41.43,-0.03,1.07,15.0,-0.0115,0.0193,-0.0051,,,1.323,,,,
12.443,ROTATION_SCAN,0.0951,-0.1047,0.318,42.22,-0.19,1.03,15.0,-0.0114,0.0082,-0.001,,,1.318,0.765,,,
12.493,ROTATION_SCAN,0.0968,-0.1066,0.319,43.04,-0.38,1.1,15.0,-0.0145,0.0005,-0.0144,,,1.318,0.765,,,
12.552,ROTATION_SCAN,0.1013,-0.108,0.318,43.84,-0.68,1.03,15.0,-0.0136,-0.0053,-0.0112,,,1.305,0.746,,,
12.602,ROTATION_SCAN,0.1031,-0.1097,0.318,44.68,-0.95,0.92,15.0,-0.0185,-0.0096,-0.0098,,,1.305,0.746,,,
12.646,ROTATION_SCAN,0.1026,-0.1128,0.32,45.5,-1.18,0.69,15.0,-0.0286,-0.014,-0.0092,,,1.314,0.73,,,
12.693,ROTATION_SCAN,0.1034,-0.1155,0.323,46.33,-1.16,0.53,15.0,-0.0341,-0.0153,-0.001,,,1.314,0.73,,,
12.743,ROTATION_SCAN,0.1016,-0.1165,0.317,47.11,-1.27,0.33,15.0,-0.0406,-0.0097,0.0067,,,1.312,0.713,,,
12.793,ROTATION_SCAN,0.1017,-0.1166,0.318,47.92,-1.26,0.22,15.0,-0.0505,-0.0143,-0.0102,,,1.312,0.713,,,
12.882,ROTATION_SCAN,0.1007,-0.1159,0.319,48.72,-1.26,0.18,15.0,-0.054,0.0022,-0.0078,,,1.309,0.699,,,
12.893,ROTATION_SCAN,0.1029,-0.1148,0.315,49.49,-1.19,0.17,15.0,-0.051,0.0153,0.0003,,,1.309,0.699,,,
12.964,ROTATION_SCAN,0.1026,-0.1126,0.319,50.3,-1.07,0.24,15.0,-0.0538,0.0198,-0.0118,,,1.316,0.687,,,
13.018,ROTATION_SCAN,0.1055,-0.1065,0.314,51.11,-0.86,0.29,15.0,-0.0561,0.0217,-0.001,,,1.316,0.687,,,
13.058,ROTATION_SCAN,0.1089,-0.1103,0.315,51.95,-0.62,0.41,15.0,-0.0435,0.0243,-0.0102,,,1.304,0.678,,,
13.093,ROTATION_SCAN,0.1233,-0.1237,0.314,52.85,-0.31,0.51,15.0,-0.0162,-0.0076,-0.0081,,,1.304,0.678,,,
13.144,ROTATION_SCAN,0.1236,-0.123,0.315,53.8,-0.57,0.49,15.0,-0.0209,-0.0048,-0.0074,,,1.304,0.668,,,
13.214,ROTATION_SCAN,0.1252,-0.1228,0.315,54.67,-0.87,0.36,15.0,-0.0218,-0.0052,-0.0043,,,1.304,0.668,,,
13.247,ROTATION_SCAN,0.1218,-0.1254,0.319,55.52,-1.2,0.27,15.0,-0.0335,-0.0077,-0.0017,,,1.307,0.66,,,
13.3,ROTATION_SCAN,0.1195,-0.1246,0.317,56.36,-1.38,0.02,15.0,-0.0444,-0.0003,0.009,,,1.307,0.66,,,
13.361,ROTATION_SCAN,0.1174,-0.1208,0.315,57.14,-1.35,-0.08,15.0,-0.0525,0.0117,0.0053,,,,0.655,,,
13.398,ROTATION_SCAN,0.113,-0.1206,0.318,57.84,-1.24,-0.04,15.0,-0.066,0.0177,-0.0054,,,,0.655,,,
13.443,ROTATION_SCAN,0.1112,-0.1185,0.319,58.45,-1.11,0.01,15.0,-0.0703,0.0369,0.0022,,,,0.659,,,
13.519,ROTATION_SCAN,0.1084,-0.1108,0.319,59.03,-0.94,0.07,15.0,-0.0742,0.044,0.0038,,,,0.659,,,
13.543,ROTATION_SCAN,0.1068,-0.1081,0.315,59.54,-0.67,0.22,15.0,-0.0784,0.0473,-0.001,,,,0.653,,,
13.632,ROTATION_SCAN,0.1046,-0.1052,0.316,60.08,-0.39,0.48,15.0,-0.08,0.0487,-0.0146,,,,0.653,,,
13.646,ROTATION_SCAN,0.102,-0.1039,0.319,60.63,-0.13,0.62,15.0,-0.0789,0.0445,-0.0143,,,,0.656,,,
13.72,ROTATION_SCAN,0.0976,-0.0999,0.317,61.22,-0.04,0.66,15.0,-0.0822,0.0439,-0.004,,,,0.656,,,
13.743,ROTATION_SCAN,0.0948,-0.0972,0.313,61.89,0.2,0.72,15.0,-0.0802,0.0397,-0.0128,,,1.542,0.651,,,
13.835,ROTATION_SCAN,0.0922,-0.0943,0.314,62.64,0.35,0.79,15.0,-0.0832,0.0366,-0.026,,,1.542,0.651,,,
13.86,ROTATION_SCAN,0.088,-0.0922,0.314,63.39,0.25,0.9,15.0,-0.0794,0.0292,-0.0196,,,,0.642,,,
13.91,ROTATION_SCAN,0.0862,-0.0916,0.313,64.18,0.25,0.87,15.0,-0.0788,0.0193,-0.0146,,,,0.642,,,
13.948,ROTATION_SCAN,0.0826,-0.0916,0.307,65.01,0.24,0.79,15.0,-0.0785,0.0114,-0.0182,,,,0.635,,,
13.993,ROTATION_SCAN,0.0821,-0.0884,0.311,65.83,0.22,0.76,15.0,-0.0724,0.0081,-0.031,,,,0.635,,,
14.044,ROTATION_SCAN,0.0779,-0.0925,0.307,66.65,0.24,0.85,15.0,-0.0652,-0.0007,-0.0192,,,,0.63,,,
14.093,ROTATION_SCAN,0.0758,-0.0903,0.305,67.38,0.15,0.8,15.0,-0.0722,-0.0081,-0.0202,,,,0.63,,,
14.183,ROTATION_SCAN,0.0742,-0.091,0.307,68.15,0.18,0.75,15.0,-0.0689,-0.0155,-0.0245,,,1.875,0.624,,,
14.192,ROTATION_SCAN,0.0718,-0.0933,0.305,68.88,0.16,0.71,15.0,-0.0655,-0.0256,-0.0117,,,1.875,0.624,,,
14.246,ROTATION_SCAN,0.0689,-0.0985,0.308,69.63,0.26,0.62,15.0,-0.067,-0.0395,-0.0131,,,1.893,0.618,,,
14.298,ROTATION_SCAN,0.0657,-0.1023,0.303,70.37,0.24,0.35,15.0,-0.0659,-0.0483,-0.0047,,,1.893,0.618,,,
14.343,ROTATION_SCAN,0.0651,-0.1069,0.306,71.09,0.12,0.09,15.0,-0.0592,-0.0556,-0.012,,1.374,1.887,0.61,,,
14.393,ROTATION_SCAN,0.0667,-0.1088,0.304,71.81,0.01,-0.2,15.0,-0.0484,-0.0534,-0.0054,,1.374,1.887,0.61,,,
14.444,ROTATION_SCAN,0.0662,-0.1122,0.298,72.59,-0.03,-0.51,15.0,-0.0407,-0.0503,-0.0067,,1.367,1.879,0.604,,,
14.513,ROTATION_SCAN,0.0674,-0.1146,0.303,73.45,-0.11,-0.66,15.0,-0.0353,-0.0477,-0.0219,,1.367,1.879,0.604,,,
14.545,ROTATION_SCAN,0.0673,-0.1181,0.302,74.29,-0.27,-0.84,15.0,-0.0293,-0.0439,-0.0061,,1.35,,0.602,,,
14.605,ROTATION_SCAN,0.0687,-0.1185,0.301,75.03,-0.52,-0.94,15.0,-0.021,-0.0326,0.0011,,1.35,,0.602,,,
14.657,ROTATION_SCAN,0.0729,-0.1169,0.302,75.77,-0.55,-0.86,15.0,-0.0164,-0.0166,-0.0022,,1.344,,0.601,,,
14.697,ROTATION_SCAN,0.0728,-0.116,0.303,76.56,-0.52,-0.68,15.0,-0.0174,-0.0057,0.0009,,1.344,,0.601,,,
14.743,ROTATION_SCAN,0.0731,-0.1119,0.3,77.33,-0.52,-0.63,15.0,-0.0179,0.0072,0.0053,,1.346,,0.604,,,
14.848,ROTATION_SCAN,0.0716,-0.1139,0.301,78.13,-0.57,-0.44,15.0,-0.0178,0.0191,-0.0017,,1.346,,0.604,,,
14.858,ROTATION_SCAN,0.0773,-0.1005,0.302,78.91,-0.7,-0.42,15.0,-0.007,0.0448,-0.0012,,1.338,,0.602,,,
14.901,ROTATION_SCAN,0.0803,-0.096,0.301,79.66,-0.57,-0.08,15.0,-0.0118,0.0502,0.0051,,1.338,,0.602,,,
14.971,ROTATION_SCAN,0.0794,-0.093,0.301,80.44,-0.54,0.24,15.0,-0.0138,0.0526,0.0023,,1.34,,0.598,,,
15.004,ROTATION_SCAN,0.08,-0.0893,0.304,81.22,-0.58,0.65,15.0,-0.0143,0.0508,0.0055,,1.34,,0.598,,,
15.047,ROTATION_SCAN,0.0814,-0.0867,0.305,81.93,-0.7,0.94,15.0,-0.0175,0.0463,0.0121,2.459,1.336,,0.597,,,
15.093,ROTATION_SCAN,0.0803,-0.0819,0.304,82.59,-0.65,1.05,15.0,-0.0227,0.0478,0.0156,2.459,1.336,,0.597,,,
15.159,ROTATION_SCAN,0.081,-0.077,0.306,83.32,-0.61,1.24,15.0,-0.0264,0.0424,0.0109,2.445,1.34,,0.593,,,
15.216,ROTATION_SCAN,0.078,-0.075,0.305,84.01,-0.62,1.21,15.0,-0.0366,0.0327,0.0115,2.445,1.34,,0.593,,,
15.247,ROTATION_SCAN,0.0761,-0.0715,0.302,84.68,-0.54,1.22,15.0,-0.04,0.0281,0.0089,2.432,1.343,,0.59,,,
15.293,ROTATION_SCAN,0.0741,-0.071,0.306,85.37,-0.34,1.39,15.0,-0.0473,0.0151,-0.0024,2.432,1.343,,0.59,,,
15.345,ROTATION_SCAN,0.0748,-0.0651,0.307,86.07,-0.36,1.27,15.0,-0.0433,0.017,0.0044,2.423,1.345,,0.592,,,
15.392,ROTATION_SCAN,0.0724,-0.0673,0.308,86.81,-0.2,1.22,15.0,-0.045,-0.0024,0.0076,2.423,1.345,,0.592,,,
15.482,ROTATION_SCAN,0.071,-0.0685,0.308,87.58,-0.15,1.23,15.0,-0.0464,-0.0127,0.0055,2.442,1.347,,0.594,,,
15.494,ROTATION_SCAN,0.0696,-0.0707,0.308,88.29,-0.06,1.12,15.0,-0.0454,-0.0258,0.0048,2.442,1.347,,0.594,,,
15.607,NAV_TO_LANDING,0.0668,-0.0753,0.305,89.08,-0.02,1.13,15.0,-0.0384,-0.0344,0.0013,2.419,1.335,,0.593,,,
15.68,NAV_TO_LANDING,0.0651,-0.0794,0.307,89.89,0.07,0.96,-0.0,-0.0445,-0.0578,-0.0075,2.419,1.335,,0.593,,,
15.782,NAV_TO_LANDING,0.0651,-0.0829,0.306,90.61,0.21,0.63,-0.0,-0.0416,-0.0643,-0.0045,2.418,1.337,,0.598,,,
15.814,NAV_TO_LANDING,0.0644,-0.089,0.305,91.23,0.61,-0.01,-0.0,-0.0341,-0.0739,-0.0031,2.418,1.337,,0.598,,0.06,-1.3
15.821,NAV_TO_LANDING,0.064,-0.0924,0.306,91.63,0.58,-0.39,-0.0,-0.0207,-0.0719,-0.0089,2.468,1.332,,0.597,,0.06,-1.3
15.842,NAV_TO_LANDING,0.0681,-0.095,0.302,91.9,0.84,-0.69,-0.0,-0.0091,-0.0649,-0.0048,2.468,1.332,,0.597,,0.06,-1.3
15.853,NAV_TO_LANDING,0.0691,-0.0969,0.303,92.17,0.79,-0.7,-0.0,0.0018,-0.0554,-0.0103,2.466,1.336,,0.596,,0.06,-1.3
15.892,NAV_TO_LANDING,0.0731,-0.0974,0.305,92.3,0.55,-0.47,-0.0,0.0163,-0.0396,-0.0035,2.466,1.336,,0.596,,0.06,-1.3
15.982,NAV_TO_LANDING,0.0746,-0.0948,0.306,92.37,0.24,1.95,-0.0,0.0206,-0.0384,0.0044,2.449,1.336,,0.593,,0.06,-1.3
15.993,NAV_TO_LANDING,0.0762,-0.0928,0.306,92.45,-0.06,3.29,-0.0,0.0232,-0.0505,0.0059,2.449,1.336,,0.593,,0.06,-1.3
16.046,NAV_TO_LANDING,0.0814,-0.0942,0.308,92.6,-0.18,4.16,-0.0,0.0327,-0.0774,0.003,2.457,1.331,,0.589,,0.06,-1.3
16.108,NAV_TO_LANDING,0.0869,-0.0969,0.306,92.66,-0.31,4.5,-0.0,0.0409,-0.11,0.0059,2.457,1.331,,0.589,,0.06,-1.3
16.142,NAV_TO_LANDING,0.09,-0.0992,0.305,92.73,-0.6,4.5,-0.0,0.0454,-0.1417,0.0002,2.463,1.331,,0.578,,0.06,-1.3
16.193,NAV_TO_LANDING,0.0941,-0.1087,0.304,92.76,-0.87,4.25,-0.0,0.0421,-0.1804,-0.0063,2.463,1.331,,0.578,,0.06,-1.3
16.242,NAV_TO_LANDING,0.0974,-0.1153,0.304,92.73,-1.15,3.73,-0.0,0.0376,-0.2081,-0.0075,2.459,1.316,,0.57,,0.06,-1.3
16.305,NAV_TO_LANDING,0.1007,-0.1249,0.302,92.73,-1.17,3.21,-0.0,0.0337,-0.2359,-0.0033,2.459,1.316,,0.57,,0.06,-1.3
16.356,NAV_TO_LANDING,0.1023,-0.1349,0.303,92.74,-1.24,2.58,-0.0,0.0297,-0.2593,-0.0082,2.492,1.303,,0.562,,0.06,-1.3
16.396,NAV_TO_LANDING,0.1041,-0.1467,0.307,92.8,-1.24,2.08,-0.0,0.0168,-0.2732,-0.0048,2.492,1.303,,0.562,,0.06,-1.3
16.441,NAV_TO_LANDING,0.105,-0.1567,0.312,92.83,-1.15,1.53,-0.0,0.0079,-0.2797,0.0048,2.508,1.281,,0.565,,0.06,-1.3
16.492,NAV_TO_LANDING,0.1065,-0.17,0.325,92.89,-1.03,1.18,-0.0,0.0028,-0.2892,0.0147,2.508,1.281,,0.565,,0.06,-1.3
16.542,NAV_TO_LANDING,0.1075,-0.1816,0.338,92.91,-0.87,0.69,-0.0,-0.0024,-0.2899,0.0401,2.538,1.256,,0.568,,0.06,-1.3
16.625,NAV_TO_LANDING,0.1079,-0.1932,0.348,92.94,-0.76,0.54,-0.0,-0.0069,-0.2871,0.0552,2.538,1.256,,0.568,,0.06,-1.3
16.642,NAV_TO_LANDING,0.1078,-0.206,0.36,92.99,-0.69,0.44,-0.0,-0.0111,-0.2852,0.0652,2.556,1.242,,0.57,,0.06,-1.3
16.696,NAV_TO_LANDING,0.1083,-0.218,0.372,93.04,-0.66,0.36,-0.0,-0.0131,-0.2838,0.0535,2.556,1.242,,0.57,,0.06,-1.3
16.756,NAV_TO_LANDING,0.1082,-0.231,0.377,93.07,-0.54,0.34,-0.0,-0.0151,-0.2822,0.0565,2.591,1.216,,0.567,,0.06,-1.3
16.792,NAV_TO_LANDING,0.1072,-0.2437,0.361,93.14,-0.42,0.33,-0.0,-0.0197,-0.2821,0.0229,2.591,1.216,,0.567,,0.06,-1.3
16.842,NAV_TO_LANDING,0.1068,-0.2543,0.349,93.19,-0.42,0.37,-0.0,-0.0212,-0.2761,-0.0414,2.619,1.192,,0.567,,0.06,-1.3
16.892,NAV_TO_LANDING,0.1047,-0.266,0.341,93.26,-0.33,0.59,-0.0,-0.0265,-0.2743,-0.096,2.619,1.192,,0.567,,0.06,-1.3
16.973,NAV_TO_LANDING,0.1048,-0.2763,0.322,93.34,-0.48,0.56,-0.0,-0.0263,-0.2712,-0.1163,2.636,1.171,,0.568,,0.06,-1.3
16.997,NAV_TO_LANDING,0.1036,-0.2875,0.303,93.48,-0.46,0.77,-0.0,-0.0292,-0.2706,-0.1434,2.636,1.171,,0.568,,0.06,-1.3
17.054,NAV_TO_LANDING,0.1024,-0.301,0.294,93.61,-0.53,1.02,-0.0,-0.0327,-0.2781,-0.1713,2.666,1.153,,0.558,,0.06,-1.3
17.109,NAV_TO_LANDING,0.1019,-0.3098,0.277,93.74,-0.29,1.14,-0.0,-0.0328,-0.276,-0.1398,2.666,1.153,,0.558,,0.06,-1.3
17.142,NAV_TO_LANDING,0.1005,-0.321,0.273,93.99,-0.29,1.28,-0.0,-0.0344,-0.2804,-0.1492,2.693,1.124,,0.556,,0.06,-1.3
17.192,NAV_TO_LANDING,0.0999,-0.331,0.266,94.24,-0.01,1.25,-0.0,-0.0319,-0.2818,-0.1033,2.693,1.124,,0.556,,0.06,-1.3
17.3,NAV_TO_LANDING,0.0986,-0.3408,0.261,94.52,0.02,1.14,-0.0,-0.0306,-0.282,-0.0845,,1.108,,0.552,,0.06,-1.3
17.315,NAV_TO_LANDING,0.0984,-0.3544,0.258,94.74,-0.05,0.92,-0.0,-0.0269,-0.2899,-0.0552,,1.108,,0.552,,0.06,-1.3
17.362,NAV_TO_LANDING,0.0993,-0.3661,0.255,94.98,-0.04,0.76,-0.0,-0.0212,-0.2904,-0.0344,,1.085,,0.551,,0.06,-1.3
17.399,NAV_TO_LANDING,0.1003,-0.3783,0.26,95.16,-0.04,0.61,-0.0,-0.0161,-0.2907,-0.0138,,1.085,,0.551,,0.06,-1.3
17.442,NAV_TO_LANDING,0.101,-0.3924,0.26,95.35,-0.04,0.51,-0.0,-0.0123,-0.2942,0.0175,2.803,1.054,,0.545,,0.06,-1.3
17.492,NAV_TO_LANDING,0.1014,-0.4038,0.262,95.52,-0.06,0.33,-0.0,-0.0098,-0.289,0.031,2.803,1.054,,0.545,,0.06,-1.3
17.542,NAV_TO_LANDING,0.102,-0.4188,0.263,95.65,-0.0,0.32,-0.0,-0.0067,-0.2934,0.0443,,1.034,,0.55,,0.06,-1.3
17.628,NAV_TO_LANDING,0.103,-0.4311,0.268,95.73,-0.06,0.22,-0.0,-0.0033,-0.2894,0.0495,,1.034,,0.55,,0.06,-1.3
17.646,NAV_TO_LANDING,0.1043,-0.4434,0.272,95.7,-0.07,0.26,-0.0,0.0005,-0.2858,0.0595,,1.007,,0.542,,0.06,-1.3
17.696,NAV_TO_LANDING,0.1062,-0.4562,0.276,95.65,-0.13,0.22,-0.0,0.0051,-0.2837,0.0651,,1.007,,0.542,,0.06,-1.3
17.752,NAV_TO_LANDING,0.1083,-0.4679,0.278,95.49,-0.22,0.14,-0.0,0.0088,-0.2786,0.0658,,0.983,,0.534,,0.06,-1.3
17.791,NAV_TO_LANDING,0.1111,-0.481,0.279,95.25,-0.33,0.22,-0.0,0.0132,-0.2756,0.0592,,0.983,,0.534,,0.06,-1.3
17.841,NAV_TO_LANDING,0.1128,-0.493,0.28,94.91,-0.36,0.37,-0.0,0.0137,-0.2751,0.0535,,0.959,,0.522,,0.06,-1.3
17.896,NAV_TO_LANDING,0.1154,-0.5051,0.281,94.51,-0.39,0.33,-0.0,0.0164,-0.2727,0.0459,,0.959,,0.522,,0.06,-1.3
17.963,NAV_TO_LANDING,0.1168,-0.5173,0.289,94.07,-0.48,0.3,-0.0,0.0147,-0.2723,0.0395,2.918,0.933,,0.51,,0.06,-1.3
18.005,NAV_TO_LANDING,0.1198,-0.5297,0.288,93.62,-0.64,0.36,-0.0,0.0192,-0.272,0.0528,2.918,0.933,,0.51,,0.06,-1.3
18.056,NAV_TO_LANDING,0.1225,-0.5414,0.293,93.26,-0.74,0.23,-0.0,0.0176,-0.2695,0.0465,2.905,0.911,,0.499,,0.06,-1.3
18.096,NAV_TO_LANDING,0.1252,-0.5547,0.293,92.96,-0.94,0.19,-0.0,0.0154,-0.268,0.0423,2.905,0.911,,0.499,,0.06,-1.3
18.141,NAV_TO_LANDING,0.1273,-0.565,0.298,92.74,-0.9,0.16,-0.0,0.013,-0.2624,0.0376,2.943,0.887,,0.504,,0.06,-1.3
18.193,NAV_TO_LANDING,0.1291,-0.5772,0.292,92.59,-0.91,0.23,-0.0,0.01,-0.2605,0.0397,2.943,0.887,,0.504,,0.06,-1.3
18.28,NAV_TO_LANDING,0.1309,-0.588,0.297,92.55,-0.8,0.35,-0.0,0.0064,-0.2576,0.0175,,0.869,,0.501,,0.06,-1.3
18.306,NAV_TO_LANDING,0.1319,-0.5981,0.297,92.5,-0.71,0.48,-0.0,0.0017,-0.2544,0.0259,,0.869,,0.501,,0.06,-1.3
18.363,NAV_TO_LANDING,0.1326,-0.6092,0.303,92.54,-0.6,0.67,-0.0,-0.002,-0.253,0.0213,,0.852,,0.492,,0.06,-1.3
18.396,NAV_TO_LANDING,0.1338,-0.6203,0.304,92.61,-0.53,0.77,-0.0,-0.0032,-0.2528,0.026,,0.852,,0.492,,0.06,-1.3
18.442,NAV_TO_LANDING,0.1345,-0.631,0.306,92.75,-0.54,0.93,-0.0,-0.0032,-0.2547,0.024,,0.83,,0.486,,0.06,-1.3
18.492,NAV_TO_LANDING,0.1355,-0.6429,0.302,92.9,-0.62,0.85,-0.0,-0.0056,-0.2613,0.0205,,0.83,,0.486,,0.06,-1.3
18.542,NAV_TO_LANDING,0.1371,-0.6538,0.303,93.03,-0.72,0.86,-0.0,-0.0054,-0.2642,0.0079,,0.807,,0.476,,0.06,-1.3
18.639,NAV_TO_LANDING,0.138,-0.6671,0.301,93.15,-0.74,0.98,-0.0,-0.0061,-0.267,0.0047,,0.807,,0.476,,0.06,-1.3
18.654,NAV_TO_LANDING,0.1389,-0.6781,0.305,93.25,-0.77,0.83,-0.0,-0.0087,-0.268,0.0007,,0.784,,0.47,,0.06,-1.3
18.693,NAV_TO_LANDING,0.1405,-0.6898,0.304,93.37,-0.9,0.83,-0.0,-0.0115,-0.2688,0.0107,,0.784,,0.47,,0.06,-1.3
18.766,NAV_TO_LANDING,0.142,-0.7012,0.302,93.43,-1.01,0.84,-0.0,-0.0128,-0.2755,0.0085,,0.764,,0.466,,0.06,-1.3
18.813,NAV_TO_LANDING,0.1422,-0.7115,0.304,93.46,-1.07,0.81,-0.0,-0.0166,-0.2758,-0.0012,,0.764,,0.466,,0.06,-1.3
18.841,NAV_TO_LANDING,0.1428,-0.7242,0.305,93.39,-1.05,0.92,-0.0,-0.0224,-0.2783,0.0062,,0.743,,0.462,,0.06,-1.3
18.891,NAV_TO_LANDING,0.1428,-0.7367,0.309,93.23,-1.04,0.76,-0.0,-0.0295,-0.2772,0.0062,,0.743,,0.462,,0.06,-1.3
18.971,NAV_TO_LANDING,0.1421,-0.7477,0.305,93.05,-0.99,0.7,-0.0,-0.0332,-0.2786,0.012,,0.718,,0.462,,0.06,-1.3
18.995,NAV_TO_LANDING,0.142,-0.7598,0.306,92.79,-0.86,0.66,-0.0,-0.038,-0.2766,-0.0039,,0.718,,0.462,,0.06,-1.3
19.061,NAV_TO_LANDING,0.1414,-0.772,0.306,92.5,-0.83,0.62,-0.0,-0.0408,-0.2818,-0.0039,,0.694,,0.47,,0.06,-1.3
19.099,NAV_TO_LANDING,0.1406,-0.7826,0.308,92.17,-0.68,0.62,-0.0,-0.0456,-0.2767,-0.0035,,0.694,,0.47,,0.06,-1.3
19.142,NAV_TO_LANDING,0.1383,-0.798,0.309,91.88,-0.57,0.66,-0.0,-0.0469,-0.2804,-0.002,,0.676,,0.49,,0.06,-1.3
19.191,NAV_TO_LANDING,0.1377,-0.8091,0.303,91.67,-0.47,0.65,-0.0,-0.0481,-0.2815,-0.001,,0.676,,0.49,,0.06,-1.3
19.289,NAV_TO_LANDING,0.1358,-0.8219,0.304,91.56,-0.42,0.61,-0.0,-0.0502,-0.2807,-0.0212,,0.648,,0.54,,0.06,-1.3
19.308,NAV_TO_LANDING,0.1341,-0.8322,0.303,91.47,-0.3,0.74,-0.0,-0.0491,-0.2872,-0.0186,,0.648,,0.54,,0.06,-1.3
19.348,NAV_TO_LANDING,0.1332,-0.8464,0.304,91.42,-0.18,0.9,-0.0,-0.0515,-0.2882,-0.0177,,0.624,,0.68,,0.06,-1.3
19.405,NAV_TO_LANDING,0.1305,-0.86,0.303,91.45,-0.02,0.83,-0.0,-0.0487,-0.291,-0.0135,,0.624,,0.68,,0.06,-1.3
19.444,NAV_TO_LANDING,0.1296,-0.8747,0.3,91.6,-0.13,0.76,-0.0,-0.0451,-0.2944,-0.0132,,0.6,,,,0.06,-1.3
19.491,NAV_TO_LANDING,0.129,-0.8878,0.299,91.8,-0.18,0.7,-0.0,-0.0452,-0.2974,-0.0176,,0.6,,,,0.06,-1.3
19.541,NAV_TO_LANDING,0.1269,-0.9017,0.297,91.99,-0.32,0.56,-0.0,-0.0426,-0.3042,-0.0152,,0.57,,,,0.06,-1.3
19.641,NAV_TO_LANDING,0.127,-0.9148,0.295,92.27,-0.29,0.61,-0.0,-0.0396,-0.3057,-0.0137,,0.57,,,,0.06,-1.3
19.648,NAV_TO_LANDING,0.1266,-0.9275,0.299,92.51,-0.32,0.45,-0.0,-0.0372,-0.303,-0.0138,,0.545,,,,0.06,-1.3
19.709,NAV_TO_LANDING,0.1253,-0.9428,0.3,92.78,-0.33,0.44,-0.0,-0.0399,-0.3031,0.0052,,0.545,,,,0.06,-1.3
19.749,NAV_TO_LANDING,0.1248,-0.9573,0.3,92.96,-0.19,0.23,-0.0,-0.0367,-0.3007,0.0077,,0.516,,,,0.06,-1.3
19.791,NAV_TO_LANDING,0.1248,-0.9708,0.301,93.06,-0.31,0.38,-0.0,-0.0324,-0.3004,0.0058,,0.516,,,,0.06,-1.3
19.841,NAV_TO_LANDING,0.1258,-0.9855,0.3,93.11,-0.25,0.4,-0.0,-0.0308,-0.3076,0.0053,,0.488,,2.208,,0.06,-1.3
19.902,NAV_TO_LANDING,0.1246,-0.9997,0.3,93.16,-0.4,0.44,-0.0,-0.0308,-0.3089,0.0016,,0.488,,2.208,,0.06,-1.3
19.963,NAV_TO_LANDING,0.1251,-1.016,0.299,93.18,-0.42,0.28,-0.0,-0.0271,-0.3093,0.0011,,0.46,,2.36,,0.06,-1.3
19.994,NAV_TO_LANDING,0.1249,-1.031,0.298,93.2,-0.6,0.18,-0.0,-0.0298,-0.3076,0.0004,,0.46,,2.36,,0.06,-1.3
20.046,NAV_TO_LANDING,0.1244,-1.0447,0.299,93.2,-0.61,0.03,-0.0,-0.0341,-0.3063,-0.0016,,0.43,,2.41,,0.06,-1.3
20.113,NAV_TO_LANDING,0.1233,-1.0592,0.299,93.27,-0.51,0.16,-0.0,-0.0338,-0.3081,0.0045,,0.43,,2.41,,0.06,-1.3
20.141,NAV_TO_LANDING,0.1229,-1.073,0.299,93.39,-0.48,0.16,-0.0,-0.0361,-0.3058,0.0003,,0.402,,2.384,,0.06,-1.3
20.191,NAV_TO_LANDING,0.1229,-1.089,0.302,93.54,-0.28,0.28,-0.0,-0.0356,-0.3051,0.002,,0.402,,2.384,,0.06,-1.3
20.286,NAV_TO_LANDING,0.1224,-1.1036,0.299,93.69,-0.13,0.33,-0.0,-0.0309,-0.3095,0.0088,,0.372,,2.383,,0.06,-1.3
20.295,NAV_TO_LANDING,0.1218,-1.1178,0.302,93.67,-0.08,0.17,-0.0,-0.0302,-0.3073,0.0004,,0.372,,2.383,,0.06,-1.3
20.345,NAV_TO_LANDING,0.1225,-1.1329,0.299,93.54,-0.06,0.18,-0.0,-0.0241,-0.311,0.0099,,0.337,,,,0.06,-1.3
20.408,NAV_TO_LANDING,0.1236,-1.1489,0.301,93.29,-0.16,0.07,-0.0,-0.0187,-0.3143,0.001,,0.337,,,,0.06,-1.3
20.446,NAV_TO_LANDING,0.125,-1.1641,0.305,92.91,-0.51,-0.11,-0.0,-0.0138,-0.3149,0.0046,,0.308,,,,0.06,-1.3
20.491,NAV_TO_LANDING,0.1275,-1.1816,0.303,92.56,-0.96,-0.21,-0.0,-0.0149,-0.3122,0.0121,,0.308,,,,0.06,-1.3
20.55,NAV_TO_LANDING,0.1294,-1.197,0.303,92.17,-1.39,-0.61,-0.0,-0.0147,-0.307,0.0061,2.027,0.281,,,,0.06,-1.3
20.616,NAV_TO_LANDING,0.1296,-1.2111,0.301,91.7,-1.89,-0.9,-0.0,-0.0241,-0.295,0.0004,2.027,0.281,,,,0.06,-1.3
20.642,NAV_TO_LANDING,0.1328,-1.2258,0.299,91.18,-2.02,-1.06,-0.0,-0.0315,-0.2976,-0.0084,2.02,0.249,,1.589,,0.06,-1.3
20.707,NAV_TO_LANDING,0.1333,-1.2401,0.3,90.64,-2.44,-1.26,-0.0,-0.042,-0.2843,-0.0153,2.02,0.249,,1.589,,0.06,-1.3
20.744,NAV_TO_LANDING,0.1339,-1.2539,0.298,90.06,-2.67,-1.32,-0.0,-0.056,-0.2692,-0.0098,2.032,0.219,,1.538,,0.06,-1.3
20.795,NAV_TO_LANDING,0.1336,-1.2669,0.299,89.48,-2.99,-1.32,-0.0,-0.0722,-0.2572,-0.0094,2.032,0.219,,1.538,,0.06,-1.3
20.841,NAV_TO_LANDING,0.1333,-1.2791,0.299,88.75,-1.64,-2.95,-0.0,-0.0842,-0.2393,-0.0019,,0.195,,1.502,,0.06,-1.3
20.938,NAV_TO_LANDING,0.1297,-1.2892,0.299,88.09,-0.64,-3.71,-0.0,-0.0921,-0.2136,-0.0038,,0.195,,1.502,,0.06,-1.3
20.947,NAV_TO_LANDING,0.1285,-1.298,0.298,87.5,-0.15,-3.88,-0.0,-0.0899,-0.1734,-0.0015,1.983,0.173,,1.494,,0.06,-1.3
21.004,NAV_TO_LANDING,0.1263,-1.3047,0.298,87.02,0.26,-3.86,-0.0,-0.081,-0.1383,-0.0005,1.983,0.173,,1.494,,,
21.112,NAV_TO_LANDING,0.1253,-1.3109,0.295,86.77,0.46,-3.5,-0.0,-0.0703,-0.1067,-0.0018,1.97,0.161,,1.48,,2.5,-1.3
21.133,NAV_TO_LANDING,0.1231,-1.3163,0.295,86.77,0.35,-3.11,-0.0,-0.0585,-0.08,-0.0057,1.97,0.161,,1.48,,2.5,-1.3
21.17,NAV_TO_LANDING,0.1249,-1.3198,0.298,86.84,0.43,-2.35,-0.0,-0.0459,-0.0545,-0.0068,1.971,0.155,,1.482,,2.5,-1.3
21.19,NAV_TO_LANDING,0.1282,-1.32,0.297,86.96,1.48,-1.78,-0.0,-0.0322,-0.03,0.0117,1.971,0.155,,1.482,,2.5,-1.3
21.244,NAV_TO_LANDING,0.1283,-1.3202,0.301,87.07,3.71,-1.71,-0.0,-0.0027,-0.0161,0.0122,2.01,0.155,,1.476,,2.5,-1.3
21.295,NAV_TO_LANDING,0.1317,-1.3206,0.302,87.16,4.47,-1.34,-0.0,0.0374,-0.0034,0.0159,2.01,0.155,,1.476,,2.5,-1.3
21.363,NAV_TO_LANDING,0.1387,-1.3208,0.302,87.23,4.88,-1.06,-0.0,0.0864,0.0047,0.0158,2.0,0.149,,1.464,,2.5,-1.3
21.39,NAV_TO_LANDING,0.1487,-1.3204,0.3,87.25,4.85,-0.73,-0.0,0.1374,0.0088,0.0122,2.0,0.149,,1.464,,2.5,-1.3
21.441,NAV_TO_LANDING,0.1592,-1.3201,0.298,87.32,4.48,-0.41,-0.0,0.1898,0.0101,0.0087,2.033,0.16,,1.448,,2.5,-1.3
21.499,NAV_TO_LANDING,0.174,-1.3223,0.304,87.44,3.84,-0.15,-0.0,0.2356,0.0093,-0.0035,2.033,0.16,,1.448,,2.5,-1.3
21.56,NAV_TO_LANDING,0.1914,-1.3202,0.303,87.58,2.9,0.06,-0.0,0.2692,0.012,0.0028,2.023,0.204,,1.427,,2.5,-1.3
21.609,NAV_TO_LANDING,0.2073,-1.3196,0.303,87.79,2.05,-0.02,-0.0,0.2984,0.0085,0.0051,2.023,0.204,,1.427,,2.5,-1.3
21.653,NAV_TO_LANDING,0.2244,-1.3197,0.304,87.99,1.21,0.19,-0.0,0.3143,0.0065,0.0008,2.059,0.144,,1.394,,2.5,-1.3
21.71,NAV_TO_LANDING,0.2403,-1.3195,0.304,88.22,0.51,0.05,-0.0,0.3272,0.0055,0.0033,2.059,0.144,,1.394,,2.5,-1.3
21.744,NAV_TO_LANDING,0.2555,-1.3196,0.303,88.58,0.03,-0.04,-0.0,0.3277,0.0042,-0.0021,2.048,0.145,,1.367,,2.5,-1.3
21.791,NAV_TO_LANDING,0.2716,-1.3191,0.3,88.93,-0.38,0.02,-0.0,0.3245,0.005,-0.0044,2.048,0.145,,1.367,,2.5,-1.3
21.855,NAV_TO_LANDING,0.2887,-1.319,0.3,89.22,-0.45,-0.06,-0.0,0.3165,0.007,-0.0125,2.037,0.162,,1.345,,2.5,-1.3
21.895,NAV_TO_LANDING,0.3033,-1.3177,0.3,89.3,-0.5,-0.21,-0.0,0.3121,0.0095,-0.0096,2.037,0.162,,1.345,,2.5,-1.3
21.947,NAV_TO_LANDING,0.3181,-1.3171,0.301,89.38,-0.75,-0.23,-0.0,0.3044,0.0119,-0.0077,2.039,0.164,,1.311,,2.5,-1.3
21.993,NAV_TO_LANDING,0.3316,-1.3154,0.3,89.42,-0.8,-0.09,-0.0,0.3005,0.0157,-0.0049,2.039,0.164,,1.311,,2.5,-1.3
22.041,NAV_TO_LANDING,0.3447,-1.3126,0.299,89.55,-0.81,0.05,-0.0,0.2879,0.0195,-0.0089,2.122,0.175,,1.298,,2.5,-1.3
22.092,NAV_TO_LANDING,0.3601,-1.3112,0.297,89.95,-0.9,0.05,-0.0,0.279,0.0198,-0.0111,2.122,0.175,,1.298,,2.5,-1.3
22.173,NAV_TO_LANDING,0.3716,-1.3104,0.298,90.52,-0.96,0.23,-0.0,0.2635,0.02,-0.0173,,0.197,,1.279,,2.5,-1.3
22.2,NAV_TO_LANDING,0.3831,-1.308,0.299,91.07,-0.76,0.28,-0.0,0.2525,0.0202,-0.0053,,0.197,,1.279,,2.5,-1.3
22.245,NAV_TO_LANDING,0.3938,-1.3064,0.298,91.61,-0.21,0.1,-0.0,0.2481,0.0216,0.0037,2.423,2.445,,1.272,,2.5,-1.3
22.306,NAV_TO_LANDING,0.4054,-1.3042,0.302,91.74,0.24,0.18,-0.0,0.2491,0.0243,0.0023,2.423,2.445,,1.272,,2.5,-1.3
22.342,NAV_TO_LANDING,0.4188,-1.3003,0.299,91.69,0.45,0.43,-0.0,0.2483,0.0286,0.0049,,2.481,,1.247,,2.5,-1.3
22.391,NAV_TO_LANDING,0.4308,-1.2973,0.305,91.61,0.25,0.62,-0.0,0.2482,0.0257,-0.0008,,2.481,,1.247,,2.5,-1.3
22.44,NAV_TO_LANDING,0.442,-1.2931,0.304,91.56,0.31,0.8,-0.0,0.2484,0.0268,0.0081,,2.47,,1.223,,2.5,-1.3
22.525,NAV_TO_LANDING,0.4535,-1.291,0.301,91.55,0.81,0.92,-0.0,0.2532,0.0243,0.0043,,2.47,,1.223,,2.5,-1.3
22.542,NAV_TO_LANDING,0.4647,-1.289,0.3,91.7,0.86,0.92,-0.0,0.2588,0.0198,-0.0039,,2.509,,1.205,,2.5,-1.3
22.606,NAV_TO_LANDING,0.4766,-1.2862,0.299,91.83,1.07,0.82,-0.0,0.2658,0.0168,-0.0028,,2.509,,1.205,,2.5,-1.3
22.645,NAV_TO_LANDING,0.491,-1.2841,0.297,91.94,1.24,1.08,-0.0,0.2728,0.0131,-0.0076,,2.507,,1.192,,2.5,-1.3
22.69,NAV_TO_LANDING,0.5041,-1.2821,0.297,92.02,1.05,1.14,-0.0,0.2819,0.0068,-0.0114,,2.507,,1.192,,2.5,-1.3
22.74,NAV_TO_LANDING,0.5198,-1.2804,0.293,91.99,0.76,1.02,-0.0,0.2919,0.0017,-0.0108,,2.495,,1.153,,2.5,-1.3
22.796,NAV_TO_LANDING,0.5347,-1.2796,0.298,91.92,0.59,0.81,-0.0,0.3031,-0.005,-0.0141,,2.495,,1.153,,2.5,-1.3
22.856,NAV_TO_LANDING,0.5491,-1.2792,0.298,91.88,0.46,0.45,-0.0,0.3078,-0.0098,0.0003,,2.498,,1.126,,2.5,-1.3
22.909,NAV_TO_LANDING,0.5667,-1.2801,0.298,91.96,0.47,0.14,-0.0,0.3118,-0.0127,0.0071,,2.498,,1.126,,2.5,-1.3
22.945,NAV_TO_LANDING,0.582,-1.2809,0.298,92.04,0.42,0.14,-0.0,0.3143,-0.0141,0.0072,,2.523,,1.101,,2.5,-1.3
22.99,NAV_TO_LANDING,0.598,-1.2816,0.3,92.02,0.39,-0.11,-0.0,0.316,-0.0124,0.012,,2.523,,1.101,,2.5,-1.3
23.042,NAV_TO_LANDING,0.6146,-1.2816,0.3,91.87,0.49,-0.22,-0.0,0.3275,-0.0096,0.0143,,2.519,,1.059,,2.5,-1.3
23.091,NAV_TO_LANDING,0.6312,-1.2816,0.299,91.69,0.36,-0.24,-0.0,0.3343,-0.0062,0.0123,,2.519,,1.059,,2.5,-1.3
23.181,NAV_TO_LANDING,0.6501,-1.2807,0.301,91.41,0.23,-0.31,-0.0,0.3366,-0.0018,0.0094,0.486,2.53,,1.027,,2.5,-1.3
23.191,NAV_TO_LANDING,0.6672,-1.2803,0.301,91.15,0.18,-0.18,-0.0,0.3368,0.003,0.0109,0.486,2.53,,1.027,,2.5,-1.3
23.246,NAV_TO_LANDING,0.6842,-1.2789,0.302,90.93,-0.27,-0.16,-0.0,0.3372,0.006,0.013,0.465,2.531,,0.983,,2.5,-1.3
23.304,NAV_TO_LANDING,0.7018,-1.2779,0.3,90.71,-0.35,0.04,-0.0,0.3428,0.0121,0.0125,0.465,2.531,,0.983,,2.5,-1.3
23.34,NAV_TO_LANDING,0.7183,-1.2752,0.304,90.59,-0.5,0.34,-0.0,0.3382,0.015,0.0074,0.458,2.539,,0.948,,2.5,-1.3
23.391,NAV_TO_LANDING,0.7358,-1.2738,0.305,90.6,-0.64,0.55,-0.0,0.3356,0.012,0.0168,0.458,2.539,,0.948,,2.5,-1.3
23.443,NAV_TO_LANDING,0.7555,-1.273,0.305,90.71,-0.78,0.65,-0.0,0.3312,0.0074,0.0168,0.46,2.531,,0.912,,2.5,-1.3
23.54,NAV_TO_LANDING,0.7723,-1.272,0.304,90.82,-1.06,0.5,-0.0,0.3251,0.0034,0.0141,0.46,2.531,,0.912,,2.5,-1.3
23.545,NAV_TO_LANDING,0.7886,-1.2708,0.302,91.0,-1.17,0.51,-0.0,0.316,0.0023,0.0104,0.458,2.541,,0.878,,2.5,-1.3
23.61,NAV_TO_LANDING,0.8039,-1.269,0.307,91.18,-1.23,0.45,-0.0,0.3089,0.0021,0.002,0.458,2.541,,0.878,,2.5,-1.3
23.647,NAV_TO_LANDING,0.8183,-1.2687,0.309,91.32,-1.15,0.44,-0.0,0.3003,-0.0013,0.0112,0.473,2.557,,0.851,,2.5,-1.3
23.69,NAV_TO_LANDING,0.8364,-1.2678,0.308,91.41,-0.89,0.45,-0.0,0.2909,-0.0046,0.0137,0.473,2.557,,0.851,,2.5,-1.3
23.74,NAV_TO_LANDING,0.8507,-1.2679,0.308,91.44,-0.95,0.39,-0.0,0.2828,-0.0059,0.006,0.473,2.582,,0.821,,2.5,-1.3
23.799,NAV_TO_LANDING,0.8655,-1.2678,0.309,91.44,-0.79,0.36,-0.0,0.2769,-0.0085,0.0015,0.473,2.582,,0.821,,2.5,-1.3
23.876,NAV_TO_LANDING,0.8792,-1.2672,0.307,91.35,-0.85,0.33,-0.0,0.2767,-0.0084,0.0039,0.462,2.578,,0.787,,2.5,-1.3
23.89,NAV_TO_LANDING,0.8933,-1.2667,0.308,91.18,-0.69,0.29,-0.0,0.2695,-0.0105,-0.0045,0.462,2.578,,0.787,,2.5,-1.3
23.945,NAV_TO_LANDING,0.9065,-1.2661,0.307,90.94,-0.5,0.21,-0.0,0.2626,-0.0084,-0.0045,0.442,2.586,,0.756,,2.5,-1.3
24.0,NAV_TO_LANDING,0.922,-1.2666,0.306,90.81,-0.29,0.35,-0.0,0.262,-0.011,-0.0092,0.442,2.586,,0.756,,2.5,-1.3
24.039,NAV_TO_LANDING,0.9345,-1.2656,0.304,90.69,0.03,0.34,-0.0,0.2599,-0.0095,-0.0139,0.432,2.592,,0.728,,2.5,-1.3
24.09,NAV_TO_LANDING,0.948,-1.2655,0.304,90.62,0.09,0.47,-0.0,0.2619,-0.0117,-0.0164,0.432,2.592,,0.728,,2.5,-1.3
24.14,NAV_TO_LANDING,0.9614,-1.2652,0.3,90.57,0.35,0.43,-0.0,0.2666,-0.0141,-0.0153,0.433,2.601,,0.699,,2.5,-1.3
24.203,NAV_TO_LANDING,0.9745,-1.2657,0.305,90.55,0.32,0.31,-0.0,0.2717,-0.0162,-0.0202,0.433,2.601,,0.699,,2.5,-1.3
24.256,NAV_TO_LANDING,0.9908,-1.2665,0.301,90.55,0.37,0.14,-0.0,0.2732,-0.0166,-0.006,0.436,2.602,,0.669,,2.5,-1.3
24.293,NAV_TO_LANDING,1.0042,-1.2667,0.301,90.5,0.3,0.09,-0.0,0.2784,-0.0161,-0.0103,0.436,2.602,,0.669,,2.5,-1.3
24.349,NAV_TO_LANDING,1.0194,-1.2661,0.3,90.42,0.35,-0.02,-0.0,0.284,-0.0135,-0.0119,0.442,2.607,,0.637,,2.5,-1.3
24.39,NAV_TO_LANDING,1.0332,-1.2663,0.301,90.33,0.24,0.05,-0.0,0.2897,-0.0121,-0.0083,0.442,2.607,,0.637,,2.5,-1.3
24.441,NAV_TO_LANDING,1.0479,-1.2656,0.302,90.19,0.3,-0.09,-0.0,0.2908,-0.0104,-0.0046,0.444,,,0.605,,2.5,-1.3
24.523,NAV_TO_LANDING,1.0657,-1.2664,0.299,90.03,0.28,0.07,-0.0,0.2951,-0.0096,-0.0018,0.444,,,0.605,,2.5,-1.3
24.544,NAV_TO_LANDING,1.0805,-1.2661,0.303,89.84,0.29,0.04,-0.0,0.2979,-0.008,-0.0046,0.432,2.622,,0.574,,2.5,-1.3
24.604,NAV_TO_LANDING,1.0957,-1.2659,0.299,89.64,0.21,0.2,-0.0,0.3027,-0.0077,0.0025,0.432,2.622,,0.574,,2.5,-1.3
24.639,NAV_TO_LANDING,1.1117,-1.2657,0.299,89.35,0.21,0.12,-0.0,0.3123,-0.0074,-0.0056,0.417,2.62,,0.54,,2.5,-1.3
24.69,NAV_TO_LANDING,1.1272,-1.2653,0.298,88.98,-0.01,0.22,-0.0,0.3114,-0.0071,-0.0064,0.417,2.62,,0.54,,2.5,-1.3
24.74,NAV_TO_LANDING,1.1433,-1.265,0.301,88.47,-0.25,0.21,-0.0,0.3136,-0.0066,-0.0026,0.423,2.622,,0.508,,2.5,-1.3
24.817,NAV_TO_LANDING,1.161,-1.2648,0.302,87.8,-0.21,0.2,-0.0,0.3108,-0.0074,0.0056,0.423,2.622,,0.508,,2.5,-1.3
24.855,NAV_TO_LANDING,1.1761,-1.265,0.299,87.05,-0.26,0.26,-0.0,0.309,-0.009,0.0074,0.423,2.634,,0.473,,2.5,-1.3
24.913,NAV_TO_LANDING,1.1912,-1.2652,0.301,86.34,-0.33,0.48,-0.0,0.3012,-0.0109,0.0008,0.423,2.634,,0.473,,2.5,-1.3
24.945,NAV_TO_LANDING,1.2063,-1.265,0.302,85.75,-0.3,0.63,-0.0,0.3029,-0.0134,0.0059,0.424,2.62,,0.445,,2.5,-1.3
24.99,NAV_TO_LANDING,1.2194,-1.2652,0.3,85.24,-0.32,0.47,-0.0,0.2998,-0.0167,0.0076,0.424,2.62,,0.445,,2.5,-1.3
25.039,NAV_TO_LANDING,1.2347,-1.2667,0.301,84.87,-0.22,0.52,-0.0,0.2907,-0.0219,0.0028,0.413,2.631,,0.414,,2.5,-1.3
25.089,NAV_TO_LANDING,1.2494,-1.2681,0.298,84.59,-0.03,0.52,-0.0,0.2884,-0.0272,0.0002,0.413,2.631,,0.414,,2.5,-1.3
25.183,NAV_TO_LANDING,1.2624,-1.2699,0.299,84.39,0.2,0.33,-0.0,0.2848,-0.0309,-0.0101,0.405,2.617,,0.388,,2.5,-1.3
25.192,NAV_TO_LANDING,1.2758,-1.2718,0.299,84.24,0.19,0.43,-0.0,0.2894,-0.0353,-0.0086,0.405,2.617,,0.388,,2.5,-1.3
25.247,NAV_TO_LANDING,1.2885,-1.2742,0.302,84.11,0.24,0.49,-0.0,0.2864,-0.0413,-0.0062,0.408,2.633,,0.365,,2.5,-1.3
25.3,NAV_TO_LANDING,1.3026,-1.2763,0.299,84.04,0.2,0.27,-0.0,0.2877,-0.0471,-0.0001,0.408,2.633,,0.365,,2.5,-1.3
25.34,NAV_TO_LANDING,1.3178,-1.2804,0.3,84.03,0.23,0.3,-0.0,0.286,-0.051,-0.0066,0.406,2.628,,0.339,,2.5,-1.3
25.39,NAV_TO_LANDING,1.3314,-1.2841,0.298,84.08,0.03,0.16,-0.0,0.2869,-0.0545,-0.0049,0.406,2.628,,0.339,,2.5,-1.3
25.445,NAV_TO_LANDING,1.3454,-1.2875,0.299,84.24,-0.11,-0.05,-0.0,0.2899,-0.0584,-0.0098,0.416,2.65,,0.315,,2.5,-1.3
25.51,NAV_TO_LANDING,1.3584,-1.2924,0.298,84.52,-0.28,-0.33,-0.0,0.2843,-0.062,-0.0005,0.416,2.65,,0.315,,2.5,-1.3
25.557,NAV_TO_LANDING,1.3719,-1.2957,0.298,84.88,-0.38,-0.53,-0.0,0.2816,-0.0606,0.001,0.448,2.636,,0.288,,2.5,-1.3
25.597,NAV_TO_LANDING,1.3877,-1.3005,0.295,85.29,-0.22,-0.87,-0.0,0.2777,-0.0567,0.001,0.448,2.636,,0.288,,2.5,-1.3
25.639,NAV_TO_LANDING,1.4009,-1.3049,0.296,85.77,-0.44,-1.13,-0.0,0.2738,-0.0538,-0.0011,0.537,2.623,,0.254,,2.5,-1.3
25.69,NAV_TO_LANDING,1.4128,-1.3079,0.293,86.45,-0.59,-1.3,-0.0,0.2664,-0.0444,0.0072,0.537,2.623,,0.254,,2.5,-1.3
25.739,NAV_TO_LANDING,1.4258,-1.3117,0.296,87.2,-0.46,-1.36,-0.0,0.2665,-0.0367,0.0029,0.89,2.627,,0.232,,2.5,-1.3
25.826,NAV_TO_LANDING,1.4377,-1.3132,0.294,87.84,-0.38,-1.44,-0.0,0.2606,-0.0278,0.0157,0.89,2.627,,0.232,,2.5,-1.3
25.846,NAV_TO_LANDING,1.4526,-1.3162,0.298,88.48,-0.71,-1.26,-0.0,0.2554,-0.0181,0.0105,0.959,2.625,,0.208,,2.5,-1.3
25.905,NAV_TO_LANDING,1.465,-1.3184,0.303,88.97,-2.89,-0.89,-0.0,0.2431,-0.0118,0.0226,0.959,2.625,,0.208,,2.5,-1.3
25.943,NAV_TO_LANDING,1.4757,-1.3186,0.302,89.32,-3.85,-0.76,-0.0,0.2121,-0.0037,0.0366,0.996,2.621,,0.185,,2.5,-1.3
25.989,NAV_TO_LANDING,1.4843,-1.3194,0.301,89.63,-4.17,-0.53,-0.0,0.181,-0.0002,0.0209,0.996,2.621,,0.185,,2.5,-1.3
26.04,NAV_TO_LANDING,1.4917,-1.32,0.299,89.82,-4.16,-0.19,-0.0,0.1411,0.0027,0.012,1.011,2.612,,0.168,,2.5,-1.3
26.118,NAV_TO_LANDING,1.4966,-1.32,0.301,89.99,-3.84,0.12,-0.0,0.1041,0.0035,0.0002,1.011,2.612,,0.168,,1.5,-1.28
26.154,NAV_TO_LANDING,1.5022,-1.3185,0.303,90.24,-3.76,0.37,-0.0,0.0732,0.0039,0.0078,,2.613,,0.16,,1.5,-1.28
26.204,NAV_TO_LANDING,1.5047,-1.3184,0.303,90.45,-3.19,0.21,-0.0,0.0415,0.0008,0.015,,2.613,,0.16,,1.5,-1.28
26.241,NAV_TO_LANDING,1.5054,-1.317,0.3,90.76,-2.37,-0.35,-0.0,0.0151,0.0029,0.0112,,2.605,,0.171,,1.5,-1.28
26.29,NAV_TO_LANDING,1.5047,-1.3176,0.301,91.02,-1.88,-1.37,-0.0,-0.0051,0.0078,0.0036,,2.605,,0.171,,1.5,-1.28
26.339,NAV_TO_LANDING,1.5042,-1.3182,0.304,91.29,-1.44,-1.88,-0.0,-0.0196,0.0185,0.0045,1.015,2.6,,0.166,,1.5,-1.28
26.389,NAV_TO_LANDING,1.5018,-1.3147,0.304,91.68,-0.89,-2.11,-0.0,-0.0333,0.0398,0.0122,1.015,2.6,,0.166,,1.5,-1.28
26.46,NAV_TO_LANDING,1.4999,-1.311,0.302,92.05,-0.67,-2.16,-0.0,-0.0409,0.0607,0.0103,1.005,2.574,,0.172,,1.5,-1.28
26.492,NAV_TO_LANDING,1.4981,-1.3063,0.308,92.23,-0.44,-1.79,-0.0,-0.0453,0.0795,0.0029,1.005,2.574,,0.172,,1.5,-1.28
26.543,NAV_TO_LANDING,1.4979,-1.3009,0.306,92.23,-0.0,-1.53,-0.0,-0.0442,0.097,0.0152,0.987,2.555,,0.173,,1.52,-1.28
26.598,NAV_TO_LANDING,1.4956,-1.2934,0.307,92.04,0.34,-1.23,-0.0,-0.0439,0.114,0.0048,0.987,2.555,,0.173,,1.52,-1.28
26.639,NAV_TO_LANDING,1.4948,-1.2843,0.308,91.76,0.44,-0.63,-0.0,-0.0379,0.1298,-0.0034,0.974,2.556,,0.164,,1.52,-1.28
26.69,NAV_TO_LANDING,1.4945,-1.2775,0.309,91.32,0.36,0.49,-0.0,-0.0316,0.132,-0.0023,0.974,2.556,,0.164,,1.52,-1.28
26.744,NAV_TO_LANDING,1.4931,-1.2683,0.308,90.84,0.16,1.19,-0.0,-0.0289,0.1313,-0.0027,0.968,2.609,,0.182,,1.52,-1.28
26.806,NAV_TO_LANDING,1.4944,-1.2625,0.306,90.4,0.26,1.77,-0.0,-0.0212,0.118,-0.0047,0.968,2.609,,0.182,,1.52,-1.28
26.892,NAV_TO_LANDING,1.4946,-1.2558,0.302,90.0,0.33,2.2,-0.0,-0.0157,0.1041,-0.0124,0.959,2.633,,0.163,,1.52,-1.22
26.94,NAV_TO_LANDING,1.4951,-1.2514,0.304,89.75,0.21,2.42,-0.0,-0.0087,0.0843,-0.0183,0.959,2.633,,0.163,,1.52,-1.22
26.956,NAV_TO_LANDING,1.4969,-1.2463,0.301,89.67,0.18,2.4,-0.0,-0.0034,0.0662,-0.013,,2.664,,0.172,,1.52,-1.22
27.006,NAV_TO_LANDING,1.4967,-1.2422,0.302,89.78,-0.01,2.12,-0.0,0.0003,0.0494,-0.0199,,2.664,,0.172,,1.52,-1.22
27.038,NAV_TO_LANDING,1.4981,-1.24,0.302,89.99,-0.14,1.89,-0.0,0.0026,0.0316,-0.0125,,2.674,,0.171,,1.52,-1.22
27.103,NAV_TO_LANDING,1.5003,-1.2397,0.302,90.22,-0.19,1.86,-0.0,0.0058,0.0155,-0.0052,,2.674,,0.171,,1.52,-1.22
27.158,NAV_TO_LANDING,1.5027,-1.2391,0.299,90.43,-0.36,1.52,-0.0,0.0073,-0.001,-0.002,0.944,2.637,,0.17,,1.52,-1.22
27.204,NAV_TO_LANDING,1.5031,-1.2388,0.3,90.62,-0.27,1.03,-0.0,0.0066,-0.0113,-0.0051,0.944,2.637,,0.17,,,
27.285,NAV_TO_LANDING,1.5064,-1.2408,0.301,90.78,-0.22,0.63,-0.0,0.0084,-0.0213,0.0004,,2.622,,0.169,,1.52,-1.2
27.297,NAV_TO_LANDING,1.5074,-1.2411,0.3,91.0,-0.14,0.21,-0.0,0.0118,-0.02,0.0063,,2.622,,0.169,,1.52,-1.2
27.339,NAV_TO_LANDING,1.5091,-1.2436,0.301,91.24,-0.26,0.06,-0.0,0.0129,-0.0235,0.0038,0.946,2.598,,0.168,,1.52,-1.2
27.413,NAV_TO_LANDING,1.5102,-1.2451,0.299,91.47,-0.12,-0.18,-0.0,0.0109,-0.0256,0.0075,0.946,2.598,,0.168,,1.52,-1.2
27.442,NAV_TO_LANDING,1.5123,-1.2438,0.302,91.67,-0.09,-0.16,-0.0,0.0144,-0.0189,-0.0006,0.951,2.566,,0.166,,1.52,-1.2
27.493,NAV_TO_LANDING,1.5146,-1.2441,0.298,91.86,-0.31,-0.3,-0.0,0.0201,-0.0145,0.0042,0.951,2.566,,0.166,,1.52,-1.2
27.541,NAV_TO_LANDING,1.519,-1.2432,0.299,92.05,-0.37,-0.32,-0.0,0.022,-0.0085,-0.0035,0.949,2.496,,0.167,,1.52,-1.2
27.591,NAV_TO_LANDING,1.5203,-1.2407,0.303,92.2,-0.56,-0.19,-0.0,0.0221,-0.0001,0.0002,0.949,2.496,,0.167,,1.52,-1.2
27.639,NAV_TO_LANDING,1.5222,-1.2383,0.299,92.27,-0.32,0.01,-0.0,0.0174,0.0073,0.0077,,2.386,,0.173,,1.52,-1.2
27.738,NAV_TO_LANDING,1.5242,-1.2354,0.297,92.15,-0.28,-0.07,-0.0,0.0177,0.0119,-0.0036,,2.386,,0.173,,1.52,-1.2
27.743,NAV_TO_LANDING,1.5262,-1.2363,0.299,92.03,-0.33,-0.86,-0.0,0.0174,0.012,-0.0078,0.948,,,0.178,,1.52,-1.2
27.826,NAV_TO_LANDING,1.5285,-1.2348,0.299,91.81,-0.24,-1.38,-0.0,0.0179,0.0227,0.003,0.948,,,0.178,,1.52,-1.2
27.841,NAV_TO_LANDING,1.5333,-1.232,0.298,91.46,-0.16,-1.59,-0.0,0.0242,0.0386,0.0033,,2.37,,0.201,,1.52,-1.2
27.898,NAV_TO_LANDING,1.534,-1.2262,0.298,91.08,-0.12,-1.77,-0.0,0.025,0.0607,0.0025,,2.37,,0.201,,1.54,-1.14
27.938,NAV_TO_LANDING,1.536,-1.22,0.3,90.73,-0.2,-1.62,-0.0,0.0212,0.0819,0.0031,,2.522,,,,1.54,-1.14
28.0,NAV_TO_LANDING,1.5387,-1.2116,0.299,90.56,-0.07,-1.28,-0.0,0.0247,0.104,0.0144,,2.522,,,,1.54,-1.14
28.076,NAV_TO_LANDING,1.5407,-1.2055,0.299,90.49,0.21,-2.27,-0.0,0.0264,0.1189,0.0126,,2.53,,1.202,,1.54,-1.14
28.092,NAV_TO_LANDING,1.5439,-1.198,0.302,90.38,0.41,-2.44,-0.0,0.0314,0.1424,0.0092,,2.53,,1.202,,1.54,-1.14
28.14,NAV_TO_LANDING,1.546,-1.1874,0.301,90.36,0.26,-2.05,-0.0,0.0423,0.173,0.0127,,2.507,,1.217,,1.54,-1.14
28.245,NAV_TO_LANDING,1.55,-1.1775,0.304,90.44,-0.08,-1.62,-0.0,0.0454,0.19,0.003,,2.507,,1.217,,1.54,-1.14
28.253,NAV_TO_LANDING,1.554,-1.1642,0.301,90.5,-0.39,-0.9,-0.0,0.0465,0.2036,0.0046,,,,1.212,,1.54,-1.14
28.29,NAV_TO_LANDING,1.5587,-1.1537,0.301,90.64,-0.62,-0.23,-0.0,0.0442,0.2085,-0.0056,,,,1.212,,1.62,-1.14
28.342,NAV_TO_LANDING,1.5625,-1.1424,0.303,90.81,-0.87,0.56,-0.0,0.0427,0.2106,-0.0117,,,,1.197,,1.62,-1.14
28.408,NAV_TO_LANDING,1.5669,-1.133,0.303,90.94,-0.33,1.42,-0.0,0.0406,0.2046,0.0033,,,,1.197,,1.62,-1.14
28.457,NAV_TO_LANDING,1.5689,-1.1243,0.3,90.92,1.08,2.26,-0.0,0.0448,0.1898,0.0038,,,,1.198,,1.62,-1.14
28.497,NAV_TO_LANDING,1.5717,-1.1134,0.3,90.94,1.42,2.91,-0.0,0.0556,0.1665,-0.0126,,,,1.198,,1.62,-1.14
28.542,NAV_TO_LANDING,1.5764,-1.1059,0.3,90.98,1.62,3.38,-0.0,0.0719,0.1387,-0.0112,,,,1.19,,1.62,-1.14
28.59,NAV_TO_LANDING,1.5806,-1.1,0.299,91.12,1.57,3.88,-0.0,0.0893,0.1073,-0.0092,,,,1.19,,1.62,-1.14
28.639,NAV_TO_LANDING,1.5868,-1.0957,0.302,91.25,1.34,4.16,-0.0,0.108,0.0751,-0.0143,,,,1.18,,1.62,-1.14
28.715,NAV_TO_LANDING,1.5958,-1.0924,0.299,91.31,0.76,4.47,-0.0,0.1251,0.0439,-0.0086,,,,1.18,,1.62,-1.14
28.74,NAV_TO_LANDING,1.6023,-1.0911,0.298,91.45,0.35,4.66,-0.0,0.1338,0.0028,-0.0162,,,,1.163,,1.62,-1.14
28.792,NAV_TO_LANDING,1.6093,-1.0916,0.297,91.54,-0.2,4.54,-0.0,0.1343,-0.0354,-0.022,,,,1.163,,1.62,-1.14
28.859,NAV_TO_LANDING,1.6171,-1.0947,0.291,91.62,-0.68,4.05,-0.0,0.1324,-0.0699,-0.0198,,0.658,,1.148,,1.62,-1.14
28.888,NAV_TO_LANDING,1.6236,-1.0983,0.293,91.75,-1.29,3.39,-0.0,0.127,-0.1008,-0.0313,,0.658,,1.148,,1.62,-1.14
28.939,NAV_TO_LANDING,1.6298,-1.1034,0.292,91.91,-1.88,2.61,-0.0,0.116,-0.1319,-0.0227,,0.608,,1.137,,1.62,-1.14
28.998,NAV_TO_LANDING,1.6352,-1.1095,0.292,92.08,-2.27,1.8,-0.0,0.1029,-0.1485,-0.0141,,0.608,,1.137,,1.62,-1.14
29.064,NAV_TO_LANDING,1.6404,-1.1181,0.287,92.13,-2.54,0.86,-0.0,0.0792,-0.1606,-0.0086,,0.532,,1.127,,2.5,-1.1
29.101,NAV_TO_LANDING,1.6436,-1.1231,0.287,92.22,-2.67,0.24,-0.0,0.0568,-0.1586,-0.0121,,0.532,,1.127,,2.5,-1.1
29.161,NAV_TO_LANDING,1.6465,-1.129,0.29,92.21,-2.62,-0.35,-0.0,0.0365,-0.1521,-0.0093,,0.466,,1.121,,2.5,-1.1
29.193,NAV_TO_LANDING,1.6482,-1.1339,0.292,92.11,-0.3,-1.38,-0.0,0.0215,-0.1372,0.0206,,0.466,,1.121,,2.5,-1.1
29.24,NAV_TO_LANDING,1.648,-1.1372,0.293,92.12,2.21,-1.99,-0.0,0.019,-0.1198,0.0234,2.006,0.444,,1.117,,2.5,-1.1
29.289,NAV_TO_LANDING,1.6497,-1.1405,0.293,92.03,3.29,-2.33,-0.0,0.0407,-0.0939,0.0162,2.006,0.444,,1.117,,2.5,-1.1
29.384,NAV_TO_LANDING,1.6519,-1.1438,0.297,91.85,4.09,-2.33,-0.0,0.0706,-0.0698,0.012,,0.413,,1.123,,2.5,-1.1
29.407,NAV_TO_LANDING,1.6571,-1.1446,0.299,91.64,4.49,-2.3,-0.0,0.1096,-0.0433,0.0158,,0.413,,1.123,,2.5,-1.1
29.439,NAV_TO_LANDING,1.666,-1.1429,0.295,91.45,4.42,-2.17,-0.0,0.1552,-0.0139,0.0148,,0.355,,1.112,,2.5,-1.1
29.493,NAV_TO_LANDING,1.6774,-1.1397,0.292,91.26,4.13,-1.7,-0.0,0.2008,0.0142,-0.001,,0.355,,1.112,,2.5,-1.1
29.541,NAV_TO_LANDING,1.6906,-1.1367,0.294,91.1,3.63,-1.16,-0.0,0.2418,0.0369,-0.0067,1.977,0.282,,1.079,,2.5,-1.1
29.589,NAV_TO_LANDING,1.7077,-1.1292,0.291,90.91,3.0,-0.54,-0.0,0.275,0.0545,0.0028,1.977,0.282,,1.079,,2.5,-1.1
29.639,NAV_TO_LANDING,1.7226,-1.1247,0.294,90.73,2.29,0.13,-0.0,0.3033,0.0605,-0.0021,,0.092,,1.053,,2.5,-1.1
29.728,NAV_TO_LANDING,1.7397,-1.1202,0.295,90.55,1.81,0.63,-0.0,0.3259,0.0642,0.0058,,0.092,,1.053,,2.5,-1.1
29.743,NAV_TO_LANDING,1.7564,-1.1156,0.296,90.32,1.07,1.0,-0.0,0.346,0.0642,0.0097,,0.101,,1.021,,2.5,-1.1
29.793,NAV_TO_LANDING,1.774,-1.1114,0.295,90.19,0.47,1.19,-0.0,0.3556,0.0564,0.0103,,0.101,,1.021,,2.5,-1.1
29.858,NAV_TO_LANDING,1.7924,-1.1082,0.297,90.06,-0.07,1.27,-0.0,0.3552,0.0496,0.0072,1.956,0.128,,0.986,,2.5,-1.1
29.888,NAV_TO_LANDING,1.812,-1.1028,0.298,89.93,-0.49,1.32,-0.0,0.3519,0.0445,0.0107,1.956,0.128,,0.986,,2.5,-1.1
29.938,NAV_TO_LANDING,1.8293,-1.1005,0.296,89.88,-0.93,1.45,-0.0,0.3471,0.0359,0.0109,1.956,0.134,,0.95,,2.5,-1.1
29.996,NAV_TO_LANDING,1.8459,-1.0978,0.296,89.83,-1.14,1.32,-0.0,0.3351,0.0248,0.002,1.956,0.134,,0.95,,2.5,-1.1
30.063,NAV_TO_LANDING,1.8609,-1.0965,0.298,89.87,-1.09,1.3,-0.0,0.3283,0.0163,0.0021,,0.143,,0.917,,2.5,-1.1
30.092,NAV_TO_LANDING,1.8759,-1.0957,0.3,89.95,-0.99,1.21,-0.0,0.3166,0.0059,0.0073,,0.143,,0.917,,2.5,-1.1
30.152,NAV_TO_LANDING,1.8934,-1.0953,0.301,90.01,-0.79,1.22,-0.0,0.3084,-0.0029,0.0062,,,,0.889,,2.5,-1.1
30.192,NAV_TO_LANDING,1.9077,-1.0954,0.302,90.03,-0.59,0.84,-0.0,0.2998,-0.0105,0.0082,,,,0.889,,2.5,-1.1
30.239,NAV_TO_LANDING,1.9224,-1.0958,0.297,90.01,-0.44,0.54,-0.0,0.2945,-0.0164,0.0093,,1.573,,0.861,,2.5,-1.1
30.288,NAV_TO_LANDING,1.9365,-1.0956,0.299,89.96,-0.35,0.35,-0.0,0.2943,-0.0179,-0.0062,,1.573,,0.861,,2.5,-1.1
30.388,NAV_TO_LANDING,1.9509,-1.0958,0.296,89.92,-0.24,0.26,-0.0,0.2909,-0.0205,-0.0031,,1.708,,0.83,,2.5,-1.1
30.396,NAV_TO_LANDING,1.9668,-1.0968,0.301,89.86,-0.22,0.19,-0.0,0.2879,-0.022,-0.006,,1.708,,0.83,,2.5,-1.1
30.449,NAV_TO_LANDING,1.9807,-1.0974,0.298,89.77,-0.06,0.04,-0.0,0.2871,-0.0219,0.0031,,1.72,,0.803,,2.5,-1.1
30.502,NAV_TO_LANDING,1.9961,-1.0979,0.298,89.7,-0.06,0.04,-0.0,0.2874,-0.0197,-0.0009,,1.72,,0.803,,2.5,-1.1
30.543,NAV_TO_LANDING,2.0104,-1.0983,0.299,89.59,0.09,-0.01,-0.0,0.293,-0.0189,-0.0024,,1.699,,0.777,,2.5,-1.1
30.588,NAV_TO_LANDING,2.0254,-1.0987,0.3,89.43,0.0,-0.01,-0.0,0.2947,-0.017,0.0029,,1.699,,0.777,,2.5,-1.1
30.643,NAV_TO_LANDING,2.0388,-1.0994,0.298,89.22,-0.06,-0.13,-0.0,0.2921,-0.0168,0.006,,1.694,,0.742,,2.5,-1.1
30.705,NAV_TO_LANDING,2.0565,-1.1004,0.298,89.1,-0.05,-0.08,-0.0,0.2932,-0.0162,-0.0023,,1.694,,0.742,,2.5,-1.1
30.738,NAV_TO_LANDING,2.0714,-1.1012,0.299,88.98,0.01,-0.19,-0.0,0.295,-0.0164,-0.0024,,1.679,,0.71,,2.5,-1.1
30.795,NAV_TO_LANDING,2.0874,-1.1019,0.299,88.83,-0.0,-0.33,-0.0,0.2975,-0.0114,0.0049,,1.679,,0.71,,2.5,-1.1
30.837,NAV_TO_LANDING,2.1031,-1.101,0.297,88.75,-0.06,-0.43,-0.0,0.3059,-0.0069,0.0044,,1.667,,0.681,,2.5,-1.1
30.888,NAV_TO_LANDING,2.1191,-1.1,0.299,88.68,-0.08,-0.39,-0.0,0.3068,-0.002,0.0043,,1.667,,0.681,,2.5,-1.1
30.938,NAV_TO_LANDING,2.1379,-1.1014,0.299,88.65,-0.1,-0.19,-0.0,0.3086,-0.0013,0.0109,,1.661,,0.65,,2.5,-1.1
31.041,NAV_TO_LANDING,2.1539,-1.1005,0.299,88.59,-0.2,-0.19,-0.0,0.3072,0.0023,0.0141,,1.661,,0.65,,2.5,-1.1
31.052,NAV_TO_LANDING,2.1696,-1.1001,0.299,88.6,-0.29,-0.1,-0.0,0.309,0.0044,0.0111,,1.643,,0.621,,2.5,-1.1
31.094,NAV_TO_LANDING,2.1853,-1.0999,0.302,88.63,-0.22,-0.1,-0.0,0.3096,0.005,0.0113,,1.643,,0.621,,2.5,-1.1
31.145,NAV_TO_LANDING,2.2013,-1.1,0.299,88.75,-0.28,-0.03,-0.0,0.3097,0.0049,0.0158,,1.606,,0.59,,2.5,-1.1
31.205,NAV_TO_LANDING,2.2169,-1.0987,0.303,88.86,-0.4,-0.02,-0.0,0.3092,0.0089,0.0073,,1.606,,0.59,,2.5,-1.1
31.239,NAV_TO_LANDING,2.2342,-1.0965,0.304,88.98,-0.55,0.11,-0.0,0.3042,0.0105,0.013,0.36,1.577,,0.559,,2.5,-1.1
31.288,NAV_TO_LANDING,2.2504,-1.0965,0.302,89.12,-0.67,0.29,-0.0,0.3005,0.0083,0.0174,0.36,1.577,,0.559,,2.5,-1.1
31.373,NAV_TO_LANDING,2.264,-1.0949,0.303,89.28,-0.71,0.31,-0.0,0.2917,0.0104,0.009,0.32,1.536,,0.534,,2.5,-1.1
31.388,NAV_TO_LANDING,2.2772,-1.0922,0.303,89.48,-0.63,0.35,-0.0,0.2877,0.011,0.0055,0.32,1.536,,0.534,,2.5,-1.1
31.462,NAV_TO_LANDING,2.2913,-1.0912,0.304,89.71,-0.47,0.44,-0.0,0.2823,0.0098,0.002,0.312,1.486,,0.509,,2.5,-1.1
31.506,NAV_TO_LANDING,2.3075,-1.0904,0.303,89.96,-0.37,0.36,-0.0,0.2782,0.007,0.0001,0.312,1.486,,0.509,,2.5,-1.1
31.543,NAV_TO_LANDING,2.3203,-1.0881,0.301,90.18,-0.27,0.25,-0.0,0.2722,0.0104,-0.0045,0.31,1.427,,0.482,,2.5,-1.1
31.588,NAV_TO_LANDING,2.333,-1.0851,0.302,90.35,-0.24,0.41,-0.0,0.2693,0.0113,-0.0088,0.31,1.427,,0.482,,2.5,-1.1
31.639,NAV_TO_LANDING,2.3457,-1.0826,0.302,90.42,-0.11,0.6,-0.0,0.2691,0.0124,-0.0069,0.303,1.375,,0.459,,2.5,-1.1
31.699,NAV_TO_LANDING,2.358,-1.0806,0.301,90.38,0.06,0.7,-0.0,0.2706,0.0138,-0.0089,0.303,1.375,,0.459,,2.5,-1.1
31.753,NAV_TO_LANDING,2.3764,-1.0776,0.3,90.36,0.14,0.61,-0.0,0.2765,0.011,-0.0186,0.295,1.353,,0.435,,2.5,-1.1
31.794,NAV_TO_LANDING,2.3903,-1.0763,0.3,90.37,-0.17,0.85,-0.0,0.2766,0.0079,-0.0133,0.295,1.353,,0.435,,2.5,-1.1
31.838,NAV_TO_LANDING,2.403,-1.075,0.303,90.46,-0.25,1.31,-0.0,0.2713,0.0016,-0.0058,0.292,1.334,,0.407,,2.5,-1.1
31.888,NAV_TO_LANDING,2.416,-1.0741,0.304,90.54,-0.29,1.62,-0.0,0.2735,-0.0082,0.0038,0.292,1.334,,0.407,,2.5,-1.1
31.939,NAV_TO_LANDING,2.429,-1.0729,0.301,90.53,-0.23,1.62,-0.0,0.2694,-0.016,0.005,0.312,1.316,,0.38,,2.5,-1.1
32.026,NAV_TO_LANDING,2.4421,-1.0727,0.303,90.51,-0.14,1.58,-0.0,0.268,-0.027,-0.0073,0.312,1.316,,0.38,,2.5,-1.1
32.04,NAV_TO_LANDING,2.4577,-1.0728,0.299,90.43,-0.34,1.47,-0.0,0.267,-0.0363,-0.0067,0.383,1.298,,0.356,,2.5,-1.1
32.089,NAV_TO_LANDING,2.4709,-1.0743,0.299,90.42,-0.65,1.62,-0.0,0.2649,-0.046,-0.0089,0.383,1.298,,0.356,,2.5,-1.1
32.145,NAV_TO_LANDING,2.485,-1.0745,0.297,90.45,-0.89,1.3,-0.0,0.2566,-0.0537,-0.0068,0.574,1.278,,0.331,,2.5,-1.02
32.188,NAV_TO_LANDING,2.4973,-1.0759,0.298,90.54,-1.42,1.14,-0.0,0.2555,-0.0639,-0.0046,0.574,1.278,,0.331,,2.5,-1.02
32.238,NAV_TO_LANDING,2.5119,-1.0792,0.301,90.59,-2.37,0.49,-0.0,0.2446,-0.0702,0.0023,0.691,1.272,,0.306,,2.5,-1.02
32.289,NAV_TO_LANDING,2.5258,-1.0834,0.308,90.56,-3.08,-1.59,-0.0,0.2187,-0.0674,0.0159,0.691,1.272,,0.306,,2.5,-1.02
32.352,NAV_TO_LANDING,2.5353,-1.0852,0.307,90.62,-4.0,-2.87,-0.0,0.1925,-0.0471,0.0266,0.788,1.27,,0.28,,2.5,-1.02
32.405,NAV_TO_LANDING,2.5452,-1.0861,0.303,90.7,-4.71,-3.73,-0.0,0.1568,-0.0181,0.0135,0.788,1.27,,0.28,,2.5,-1.02
32.448,NAV_TO_LANDING,2.5535,-1.0847,0.3,90.85,-4.91,-4.13,-0.0,0.1226,0.016,-0.0,0.828,1.277,,0.259,,2.5,-1.02
32.506,NAV_TO_LANDING,2.5602,-1.0819,0.299,90.96,-5.06,-4.15,-0.0,0.0791,0.0557,-0.008,0.828,1.277,,0.259,,2.5,-1.02
32.539,NAV_TO_LANDING,2.5639,-1.0761,0.299,91.04,-5.07,-3.92,-0.0,0.0378,0.0966,-0.0111,,1.295,,0.252,,2.5,-1.02
32.588,NAV_TO_LANDING,2.5668,-1.0655,0.297,91.18,-5.04,-3.38,-0.0,-0.0028,0.1277,-0.0052,,1.295,,0.252,,2.5,-1.02
32.672,NAV_TO_LANDING,2.5686,-1.0564,0.3,91.19,-4.82,-2.62,-0.0,-0.0402,0.159,-0.0069,,1.305,,0.247,,2.5,-1.02
32.691,NAV_TO_LANDING,2.568,-1.0441,0.3,91.15,-4.43,-1.7,-0.0,-0.0788,0.1811,0.0046,,1.305,,0.247,,2.5,-1.02
32.743,NAV_TO_LANDING,2.5661,-1.0325,0.297,91.05,-3.95,-0.6,-0.0,-0.1099,0.1995,0.0065,,1.319,,0.256,,2.5,-1.02
32.8,NAV_TO_LANDING,2.5627,-1.0216,0.304,90.94,-3.5,0.28,-0.0,-0.1352,0.2025,-0.0053,,1.319,,0.256,,2.5,-1.02
32.845,NAV_TO_LANDING,2.5565,-1.0071,0.302,90.81,-2.86,1.01,-0.0,-0.1618,0.1973,0.0128,,1.337,,0.261,,2.5,-1.02
32.888,NAV_TO_LANDING,2.5507,-0.9978,0.301,90.63,-2.12,2.0,-0.0,-0.1713,0.1829,0.0061,,1.337,,0.261,,2.5,-1.02
32.938,NAV_TO_LANDING,2.5452,-0.9896,0.301,90.45,-1.2,2.92,-0.0,-0.1791,0.1643,-0.0004,,1.354,,0.278,,2.5,-1.02
33.003,NAV_TO_LANDING,2.5401,-0.9802,0.301,90.25,-0.47,3.79,-0.0,-0.1811,0.1433,0.0042,,1.354,,0.278,,2.5,-1.02
33.056,NAV_TO_LANDING,2.5342,-0.9725,0.3,90.06,-0.0,4.34,-0.0,-0.1745,0.108,0.004,,1.376,1.118,0.284,,2.5,-1.02
33.091,NAV_TO_LANDING,2.5301,-0.9677,0.299,89.96,0.48,4.6,-0.0,-0.16,0.0705,0.0002,,1.376,1.118,0.284,,2.5,-1.02
33.137,NAV_TO_LANDING,2.5247,-0.965,0.3,89.99,0.69,4.61,-0.0,-0.1476,0.0337,-0.0055,,1.384,1.104,0.292,,2.5,-1.02
33.187,NAV_TO_LANDING,2.5193,-0.9635,0.298,90.07,0.88,4.45,-0.0,-0.137,-0.003,-0.0018,,1.384,1.104,0.292,,2.5,-1.02
33.237,NAV_TO_LANDING,2.5172,-0.9642,0.299,90.17,1.05,4.11,-0.0,-0.1175,-0.0366,-0.0052,,1.392,1.097,0.299,,2.5,-1.02
33.331,NAV_TO_LANDING,2.513,-0.9672,0.299,90.36,1.19,3.95,-0.0,-0.1031,-0.0718,-0.0048,,1.392,1.097,0.299,,2.5,-1.02
33.341,NAV_TO_LANDING,2.512,-0.9719,0.3,90.48,1.07,3.69,-0.0,-0.078,-0.1016,-0.0032,,1.392,1.09,0.299,,2.5,-1.02
33.392,NAV_TO_LANDING,2.5127,-0.9798,0.3,90.6,0.92,3.17,-0.0,-0.0602,-0.1279,0.0016,,1.392,1.09,0.299,,2.5,-1.02
33.443,NAV_TO_LANDING,2.5152,-0.9867,0.302,90.76,0.69,2.35,-0.0,-0.0387,-0.1451,0.0008,,1.382,1.114,0.296,,2.5,-1.02
33.513,NAV_TO_LANDING,2.5168,-0.9942,0.305,90.99,0.38,1.55,-0.0,-0.0225,-0.1578,0.0053,,1.382,1.114,0.296,,2.5,-1.02
33.544,LANDING_REGION_SCAN,2.5183,-1.0018,0.303,91.27,-0.12,0.56,-0.0,-0.0092,-0.1676,0.0099,0.778,1.369,1.123,0.292,,,
33.609,LANDING_REGION_SCAN,2.523,-1.0114,0.305,91.5,-0.62,-0.28,-0.0,-0.0005,-0.1675,0.0038,0.778,1.369,1.123,0.292,,2.64,-1.02
33.673,LANDING_REGION_SCAN,2.5266,-1.0182,0.305,91.69,-0.9,-0.9,-0.0,0.0034,-0.1592,0.0104,0.783,1.351,,0.283,,2.64,-1.02
33.688,LANDING_REGION_SCAN,2.5297,-1.0264,0.305,91.94,-0.63,-1.88,-0.0,0.0029,-0.1414,0.0103,0.783,1.351,,0.283,,2.64,-1.02
33.759,LANDING_REGION_SCAN,2.5321,-1.0303,0.3,92.22,1.49,-2.1,-0.0,0.0097,-0.1192,0.01,0.784,1.355,,0.275,,2.64,-1.02
33.819,LANDING_REGION_SCAN,2.5326,-1.0342,0.304,92.49,3.23,-1.97,-0.0,0.0266,-0.0963,-0.0088,0.784,1.355,,0.275,,2.64,-1.02
33.869,LANDING_REGION_SCAN,2.5359,-1.0384,0.304,92.71,4.14,-1.99,-0.0,0.0642,-0.0765,-0.0015,,1.354,,0.267,,2.64,-1.02
33.887,LANDING_REGION_SCAN,2.5441,-1.0393,0.302,92.9,4.72,-1.88,-0.0,0.107,-0.0498,0.001,,1.354,,0.267,,2.64,-1.02
33.938,LANDING_REGION_SCAN,2.5582,-1.0391,0.307,93.02,4.61,-1.75,-0.0,0.1663,-0.028,-0.0121,0.842,1.376,,0.252,,2.64,-1.02
33.992,LANDING_REGION_SCAN,2.5705,-1.038,0.305,93.04,4.07,-1.64,-0.0,0.2101,-0.0058,0.0022,0.842,1.376,,0.252,,2.64,-1.02
34.047,LANDING_REGION_SCAN,2.5847,-1.0359,0.3,93.1,3.18,-1.48,-0.0,0.2468,0.0144,-0.0051,,1.39,,0.227,,2.64,-1.02
34.107,LANDING_REGION_SCAN,2.6007,-1.0331,0.293,93.05,1.76,-1.18,-0.0,0.2858,0.0335,-0.0236,,1.39,,0.227,,2.64,-1.02
34.144,LANDING_REGION_SCAN,2.6171,-1.0309,0.294,92.83,0.46,-0.81,-0.0,0.2924,0.0422,-0.0341,0.981,1.429,,0.196,,2.64,-1.02
34.188,LANDING_REGION_SCAN,2.6345,-1.0266,0.297,92.53,-0.88,-0.47,-0.0,0.2981,0.0538,-0.0196,0.981,1.429,,0.196,,2.64,-1.02
34.249,LANDING_REGION_SCAN,2.6541,-1.0203,0.291,92.25,-2.76,0.3,-0.0,0.2962,0.0637,-0.0136,1.282,1.477,1.32,0.167,,2.64,-1.02
34.332,LANDING_REGION_SCAN,2.6694,-1.0153,0.295,92.03,-4.05,0.82,-0.0,0.2712,0.0636,-0.0251,1.282,1.477,1.32,0.167,,2.64,-1.02
34.34,LANDING_REGION_SCAN,2.6834,-1.0099,0.289,91.86,-4.97,1.06,-0.0,0.2362,0.0601,-0.0147,,,,0.14,,2.64,-1.02
34.409,LANDING_REGION_SCAN,2.6935,-1.0052,0.293,91.77,-5.37,1.21,-0.0,0.1929,0.0548,-0.0183,,,,0.14,,,
34.458,LANDING_REGION_SCAN,2.7009,-1.0012,0.297,91.6,-5.29,1.2,-0.0,0.1419,0.0463,-0.0083,,,,0.13,,2.68,-0.94
34.494,LANDING_REGION_SCAN,2.7078,-0.9965,0.293,91.53,-4.84,1.19,-0.0,0.0994,0.0404,0.0062,,,,0.13,,2.68,-0.94
34.537,LANDING_REGION_SCAN,2.7122,-0.9919,0.291,91.54,-4.25,0.77,-0.0,0.0618,0.0357,-0.0033,,1.667,1.296,0.118,,2.68,-0.94
34.595,LANDING_REGION_SCAN,2.7146,-0.9887,0.293,91.5,-4.14,-0.63,-0.0,0.0261,0.0365,-0.0031,,1.667,1.296,0.118,,2.68,-0.94
34.663,LANDING_REGION_SCAN,2.7161,-0.9846,0.293,91.78,-3.9,-0.81,-0.0,-0.0073,0.0485,0.012,,,,0.112,,2.68,-0.94
34.687,LANDING_REGION_SCAN,2.7164,-0.9786,0.298,92.09,-3.67,-0.94,-0.0,-0.0361,0.0642,0.022,,,,0.112,,2.68,-0.94
34.763,LANDING_REGION_SCAN,2.7164,-0.9709,0.299,92.6,-2.94,-0.94,-0.0,-0.0625,0.0752,0.0312,,,1.287,0.114,,2.68,-0.94
34.795,LANDING_REGION_SCAN,2.7141,-0.9627,0.299,93.37,-2.27,-1.06,-0.0,-0.0834,0.0877,0.0271,,,1.287,0.114,,2.68,-0.94
34.843,LANDING_REGION_SCAN,2.7109,-0.9562,0.299,94.23,-1.98,-1.2,-0.0,-0.0988,0.1004,0.0255,,2.954,1.316,0.118,,2.68,-0.94
34.888,LANDING_REGION_SCAN,2.7074,-0.9487,0.299,94.99,-1.25,-0.42,-0.0,-0.1125,0.1157,0.0219,,2.954,1.316,0.118,,3.58,-0.94
34.955,LANDING_REGION_SCAN,2.7021,-0.9417,0.299,95.6,-0.64,0.17,-0.0,-0.1201,0.1183,0.0166,,3.041,,0.13,,3.58,-0.94
34.988,LANDING_REGION_SCAN,2.6975,-0.9323,0.3,96.07,-0.2,0.67,-0.0,-0.1209,0.1207,0.0171,,3.041,,0.13,,3.58,-0.94
35.043,LANDING_REGION_SCAN,2.6915,-0.9232,0.301,96.42,0.79,1.74,-0.0,-0.1159,0.1152,0.0156,,3.071,,0.142,,3.58,-0.94
35.087,LANDING_REGION_SCAN,2.6867,-0.9169,0.302,96.55,1.17,2.32,-0.0,-0.1037,0.1009,0.0178,,3.071,,0.142,,3.58,-0.94
35.137,LANDING_REGION_SCAN,2.6822,-0.9121,0.302,96.44,0.9,2.15,-0.0,-0.0928,0.0836,0.0199,,,,0.158,,3.58,-0.94
35.216,LANDING_REGION_SCAN,2.6779,-0.9077,0.304,96.2,1.0,1.92,-0.0,-0.0845,0.0723,0.0127,,,,0.158,,,
35.279,LANDING_REGION_SCAN,2.6737,-0.9029,0.306,95.8,0.78,1.61,-0.0,-0.0739,0.0586,0.0139,,3.017,,0.165,,2.7,-0.92
35.333,LANDING_REGION_SCAN,2.6706,-0.8999,0.308,95.29,0.85,1.79,-0.0,-0.063,0.0461,0.0124,,3.017,,0.165,,2.7,-0.92
35.354,LANDING_REGION_SCAN,2.6681,-0.8973,0.305,94.72,0.67,1.72,-0.0,-0.0553,0.0335,0.0097,1.538,2.96,,0.172,,2.7,-0.92
35.408,LANDING_REGION_SCAN,2.667,-0.8954,0.312,94.17,0.4,1.45,-0.0,-0.0457,0.0219,-0.0067,1.538,2.96,,0.172,,2.7,-0.92
35.443,LANDING_REGION_SCAN,2.6648,-0.894,0.306,93.6,0.0,1.31,-0.0,-0.0428,0.0117,0.0121,,,1.223,0.16,,2.7,-0.92
35.488,LANDING_REGION_SCAN,2.6626,-0.8929,0.307,93.11,-0.14,1.26,-0.0,-0.0428,0.0029,-0.0018,,,1.223,0.16,,2.7,-0.92
35.538,LANDING_REGION_SCAN,2.6604,-0.8924,0.311,92.75,0.12,1.36,-0.0,-0.0447,-0.0053,-0.0017,1.678,,1.22,0.174,,2.7,-0.92
35.627,LANDING_REGION_SCAN,2.6558,-0.8918,0.309,92.53,0.26,1.04,-0.0,-0.0452,-0.0155,0.0038,1.678,,1.22,0.174,,,
35.687,LANDING_REGION_SCAN,2.6541,-0.8932,0.307,92.33,0.39,0.77,-0.0,-0.041,-0.0247,-0.0048,,,1.22,0.163,,,
35.72,LANDING_REGION_SCAN,2.652,-0.8959,0.307,92.16,0.37,0.5,-0.0,-0.0411,-0.0317,-0.017,,,1.22,0.163,,2.64,-1.04
35.775,LANDING_REGION_SCAN,2.6506,-0.8977,0.308,91.95,0.45,0.23,-0.0,-0.0353,-0.0348,-0.0092,,,1.217,0.183,,2.64,-1.04
35.788,LANDING_REGION_SCAN,2.6486,-0.8993,0.308,91.94,0.42,0.19,-0.0,-0.0325,-0.0361,-0.002,,,1.217,0.183,,2.64,-1.04
35.843,LANDING_REGION_SCAN,2.6482,-0.8997,0.306,92.01,0.25,2.41,-0.0,-0.0268,-0.042,0.0035,,,1.214,0.17,,2.64,-1.04
35.903,LANDING_REGION_SCAN,2.6467,-0.9,0.307,92.08,0.1,3.94,-0.0,-0.0228,-0.0601,-0.0022,,,1.214,0.17,,2.64,-1.04
35.937,LANDING_REGION_SCAN,2.6456,-0.9034,0.303,92.25,0.04,4.42,-0.0,-0.0209,-0.0976,-0.0031,,1.553,1.209,0.169,,2.64,-1.04
35.987,LANDING_REGION_SCAN,2.6463,-0.9114,0.304,92.33,0.1,4.53,-0.0,-0.0165,-0.1385,-0.0169,,1.553,1.209,0.169,,2.64,-1.04
36.059,LANDING_REGION_SCAN,2.6468,-0.9206,0.302,92.44,0.17,4.46,-0.0,-0.0085,-0.1855,-0.0113,1.671,,1.209,0.171,,2.64,-1.04
36.113,LANDING_REGION_SCAN,2.6463,-0.9317,0.304,92.7,0.21,4.15,-0.0,-0.0047,-0.2176,-0.0132,1.671,,1.209,0.171,,2.64,-1.04
36.138,LANDING_REGION_SCAN,2.6475,-0.9453,0.301,93.07,0.25,3.5,-0.0,-0.0006,-0.2552,-0.0144,,,1.224,0.164,,2.64,-1.04
36.209,LANDING_REGION_SCAN,2.6466,-0.9575,0.301,93.36,-0.06,2.75,-0.0,0.0029,-0.2796,-0.011,,,1.224,0.164,,2.64,-1.04
36.25,LANDING_REGION_SCAN,2.6496,-0.9721,0.302,93.35,-0.37,2.09,-0.0,0.0094,-0.3052,0.0039,1.638,,1.277,0.161,,2.64,-1.04
36.288,LANDING_REGION_SCAN,2.6528,-0.9865,0.307,93.19,0.1,0.91,-0.0,0.0116,-0.3175,-0.0005,1.638,,1.277,0.161,,2.64,-1.04
36.337,LANDING_REGION_SCAN,2.6547,-1.0034,0.301,92.7,0.14,0.38,-0.0,0.0171,-0.3239,0.0066,,,,0.169,,2.64,-1.04
36.426,LANDING_REGION_SCAN,2.6582,-1.0191,0.309,92.21,-0.15,-0.33,-0.0,0.0257,-0.3182,-0.0036,,,,0.169,,2.62,-1.04
36.45,LANDING_REGION_SCAN,2.6618,-1.034,0.302,91.54,-0.73,-1.53,-0.0,0.0291,-0.3079,0.0135,,,,0.152,,2.62,-1.04
36.502,LANDING_REGION_SCAN,2.6664,-1.0485,0.304,90.6,-1.47,-2.91,-0.0,0.0272,-0.2865,-0.0073,,,,0.152,,2.62,-1.04
36.543,LANDING_REGION_SCAN,2.6705,-1.0598,0.303,89.59,-2.39,-3.72,-0.0,0.0231,-0.2572,-0.0053,,,1.307,0.139,,2.62,-1.04
36.587,LANDING_REGION_SCAN,2.6745,-1.0683,0.306,88.45,-3.26,-4.88,-0.0,0.0067,-0.2149,-0.0008,,,1.307,0.139,,2.62,-1.04
36.637,LANDING_REGION_SCAN,2.678,-1.0771,0.305,87.41,-3.71,-5.71,-0.0,-0.0153,-0.1637,0.0035,,,,0.132,,2.62,-1.04
36.689,LANDING_REGION_SCAN,2.6795,-1.0822,0.304,86.37,-3.9,-5.97,-0.0,-0.0373,-0.1119,-0.0031,,,,0.132,,2.62,-1.04
36.769,LANDING_REGION_SCAN,2.6783,-1.0858,0.306,85.39,-4.19,-5.72,-0.0,-0.065,-0.0589,-0.0098,,1.354,1.289,0.127,,2.62,-1.04
36.792,LANDING_REGION_SCAN,2.6772,-1.0845,0.3,84.61,-4.27,-5.16,-0.0,-0.0903,-0.0012,0.0001,,1.354,1.289,0.127,,2.62,-1.04
36.853,LANDING_REGION_SCAN,2.6755,-1.08,0.3,83.88,-3.81,-4.67,-0.0,-0.12,0.0463,-0.0173,,1.332,1.287,0.136,,2.62,-1.04
36.892,LANDING_REGION_SCAN,2.6686,-1.0763,0.3,83.37,-2.71,-4.22,-0.0,-0.1431,0.0941,-0.0167,,1.332,1.287,0.136,,2.62,-1.04
36.936,LANDING_REGION_SCAN,2.6611,-1.0671,0.299,83.17,-1.51,-3.34,-0.0,-0.1584,0.1337,-0.0194,,1.332,1.272,0.15,,2.62,-1.04
36.987,LANDING_REGION_SCAN,2.6535,-1.0566,0.297,83.14,-0.5,-2.38,-0.0,-0.1622,0.1622,-0.026,,1.332,1.272,0.15,,2.62,-1.04
37.058,LANDING_REGION_SCAN,2.6478,-1.045,0.295,83.39,0.4,-1.27,-0.0,-0.1548,0.1813,-0.0318,,1.338,1.256,0.161,,2.62,-2.22
37.095,LANDING_REGION_SCAN,2.6426,-1.0344,0.296,83.76,0.63,0.6,-0.0,-0.1463,0.1974,-0.0186,,1.338,1.256,0.161,,2.62,-2.22
37.149,LANDING_REGION_SCAN,2.6395,-1.0216,0.296,84.25,1.78,4.06,-0.0,-0.1307,0.1847,-0.0119,,1.356,1.237,0.181,,2.62,-2.22
37.187,LANDING_REGION_SCAN,2.6352,-1.01,0.295,84.75,2.68,6.06,-0.0,-0.1125,0.1425,-0.0192,,1.356,1.237,0.181,,2.62,-2.22
37.236,LANDING_REGION_SCAN,2.6321,-1.0036,0.297,85.35,3.07,7.66,-0.0,-0.0872,0.0849,-0.0252,,1.366,1.224,0.174,,2.62,-2.22
37.287,LANDING_REGION_SCAN,2.6291,-1.0004,0.29,86.1,3.13,8.24,-0.0,-0.0669,0.0167,-0.0242,,1.366,1.224,0.174,,2.62,-2.22
37.338,LANDING_REGION_SCAN,2.6279,-1.0013,0.293,86.87,2.69,8.31,-0.0,-0.0375,-0.056,-0.0425,,1.356,1.213,0.177,,2.62,-2.22
37.431,LANDING_REGION_SCAN,2.6292,-1.0079,0.287,87.66,1.72,7.67,-0.0,-0.01,-0.1323,-0.0192,,1.356,1.213,0.177,,2.62,-2.22
37.441,LANDING_REGION_SCAN,2.6312,-1.017,0.288,88.37,0.88,6.29,-0.0,0.0063,-0.1978,-0.0162,,1.353,1.22,0.17,,2.62,-2.22
37.496,LANDING_REGION_SCAN,2.6343,-1.0315,0.283,88.93,0.29,5.18,-0.0,0.0156,-0.2479,-0.0085,,1.353,1.22,0.17,,2.62,-2.22
37.559,LANDING_REGION_SCAN,2.6359,-1.0449,0.284,89.41,-0.04,4.32,-0.0,0.0215,-0.2856,-0.0134,,1.361,1.272,0.172,,2.62,-2.22
37.586,LANDING_REGION_SCAN,2.6378,-1.0593,0.289,89.76,-0.27,3.15,-0.0,0.0195,-0.3172,-0.0017,,1.361,1.272,0.172,,2.62,-2.22
37.637,LANDING_REGION_SCAN,2.6393,-1.0757,0.286,90.16,-0.76,1.92,-0.0,0.0192,-0.3426,0.0204,1.852,1.351,,0.18,,2.62,-2.22
37.695,LANDING_REGION_SCAN,2.64,-1.0911,0.284,90.59,-0.84,1.06,-0.0,0.0128,-0.3506,0.0137,1.852,1.351,,0.18,,2.62,-2.22
37.758,LANDING_REGION_SCAN,2.6406,-1.1084,0.286,90.78,-0.96,0.34,-0.0,0.0043,-0.3511,0.018,,,,0.16,,2.62,-2.22
37.79,LANDING_REGION_SCAN,2.6409,-1.1232,0.287,90.73,-1.01,-0.18,-0.0,-0.0021,-0.3434,0.0278,,,,0.16,,2.62,-2.22
37.843,LANDING_REGION_SCAN,2.6403,-1.1354,0.291,90.45,-1.06,-0.62,-0.0,-0.0122,-0.332,0.0291,1.876,,,0.167,,2.62,-2.22
37.888,LANDING_REGION_SCAN,2.6395,-1.1478,0.295,89.98,-1.01,-0.72,-0.0,-0.021,-0.3191,0.0362,1.876,,,0.167,,2.62,-2.22
37.937,LANDING_REGION_SCAN,2.6378,-1.1605,0.294,89.51,-1.37,-0.84,-0.0,-0.0322,-0.3018,0.0523,,1.278,,0.166,,2.62,-2.22
37.986,LANDING_REGION_SCAN,2.6358,-1.1717,0.299,89.16,-1.14,-0.14,-0.0,-0.0442,-0.283,0.0422,,1.278,,0.166,,2.62,-2.22
38.086,LANDING_REGION_SCAN,2.6323,-1.1809,0.299,89.11,-0.29,0.05,-0.0,-0.0515,-0.2729,0.0362,,1.246,,0.173,,2.62,-2.22
38.107,LANDING_REGION_SCAN,2.6292,-1.1898,0.301,89.28,0.29,-0.05,-0.0,-0.0536,-0.2602,0.0212,,1.246,,0.173,,2.62,-2.22
38.144,LANDING_REGION_SCAN,2.6276,-1.1979,0.301,89.41,0.58,0.11,-0.0,-0.0517,-0.2507,0.0177,,1.22,,0.173,,2.62,-2.22
38.19,LANDING_REGION_SCAN,2.625,-1.2062,0.304,89.43,0.69,0.31,-0.0,-0.0444,-0.2434,0.0125,,1.22,,0.173,,2.62,-2.22
38.25,LANDING_REGION_SCAN,2.6235,-1.2151,0.304,89.3,0.95,0.44,-0.0,-0.0369,-0.2354,0.0153,,1.205,,0.16,,2.62,-2.22
38.29,LANDING_REGION_SCAN,2.6222,-1.2246,0.306,89.03,0.62,1.28,-0.0,-0.0288,-0.2356,0.017,,1.205,,0.16,,2.62,-2.22
38.337,LANDING_REGION_SCAN,2.6221,-1.2339,0.304,88.83,0.7,1.47,-0.0,-0.0209,-0.2385,0.0134,,1.176,,0.167,,2.62,-2.22
38.41,LANDING_REGION_SCAN,2.6205,-1.2424,0.303,88.67,0.86,1.3,-0.0,-0.0164,-0.2458,0.0006,,1.176,,0.167,,2.62,-2.22
38.439,LANDING_REGION_SCAN,2.6197,-1.2521,0.303,88.55,0.76,1.38,-0.0,-0.0087,-0.2486,-0.005,,1.157,,0.178,,2.62,-2.22
38.504,LANDING_REGION_SCAN,2.6195,-1.2614,0.308,88.43,0.64,1.44,-0.0,-0.0039,-0.251,-0.0005,,1.157,,0.178,,2.62,-2.22
38.571,LANDING_REGION_SCAN,2.6202,-1.2728,0.307,88.29,0.49,1.22,-0.0,0.0021,-0.2577,0.0103,,1.134,0.755,0.238,,2.62,-2.22
38.59,LANDING_REGION_SCAN,2.6204,-1.2839,0.302,88.23,0.16,1.19,-0.0,0.0058,-0.2605,0.0103,,1.134,0.755,0.238,,2.62,-2.22
38.636,LANDING_REGION_SCAN,2.6208,-1.2937,0.304,88.2,0.21,1.07,-0.0,0.0072,-0.2609,-0.0071,,1.114,0.74,,,2.62,-2.22
38.732,LANDING_REGION_SCAN,2.6211,-1.3044,0.307,88.22,-0.03,1.1,-0.0,0.0103,-0.2671,-0.0007,,1.114,0.74,,,2.62,-2.22
38.752,LANDING_REGION_SCAN,2.6213,-1.315,0.302,88.28,-0.37,1.19,-0.0,0.007,-0.2714,0.0064,,1.097,0.735,,,2.62,-2.22
38.803,LANDING_REGION_SCAN,2.621,-1.328,0.306,88.38,-0.45,1.03,-0.0,0.003,-0.2726,-0.0074,,1.097,0.735,,,2.62,-2.22
38.842,LANDING_REGION_SCAN,2.6208,-1.34,0.303,88.47,-0.55,0.97,-0.0,-0.0036,-0.2766,-0.0011,,1.079,0.726,,,2.62,-2.22
38.889,LANDING_REGION_SCAN,2.6203,-1.3512,0.306,88.56,-0.56,1.0,-0.0,-0.0087,-0.2767,-0.0024,,1.079,0.726,,,2.62,-2.22
38.937,LANDING_REGION_SCAN,2.62,-1.3624,0.304,88.58,-0.56,0.91,-0.0,-0.0126,-0.2842,0.0019,,1.058,0.718,,,2.62,-2.22
38.987,LANDING_REGION_SCAN,2.6194,-1.3742,0.301,88.64,-0.39,0.83,-0.0,-0.0173,-0.285,-0.0015,,1.058,0.718,,,2.62,-2.22
39.067,LANDING_REGION_SCAN,2.6179,-1.3876,0.304,88.74,-0.28,0.75,-0.0,-0.0213,-0.2833,-0.0082,,1.031,0.71,,,2.62,-2.22
39.088,LANDING_REGION_SCAN,2.6163,-1.3991,0.307,88.87,-0.19,0.88,-0.0,-0.0248,-0.2829,0.0011,,1.031,0.71,,,2.62,-2.22
39.15,LANDING_REGION_SCAN,2.6147,-1.411,0.305,89.02,0.02,0.93,-0.0,-0.0281,-0.2859,0.0078,,1.011,0.713,,,2.62,-2.22
39.191,LANDING_REGION_SCAN,2.6118,-1.4234,0.306,89.16,0.2,0.85,-0.0,-0.0312,-0.2914,-0.001,,1.011,0.713,,,2.62,-2.22
39.237,LANDING_REGION_SCAN,2.6105,-1.437,0.305,89.31,0.36,0.92,-0.0,-0.0287,-0.2973,0.0001,1.775,0.976,0.716,,,2.62,-2.22
39.286,LANDING_REGION_SCAN,2.6085,-1.4507,0.302,89.44,0.44,0.83,-0.0,-0.0271,-0.2999,-0.0021,1.775,0.976,0.716,,,2.62,-2.22
39.377,LANDING_REGION_SCAN,2.6056,-1.4652,0.305,89.56,0.48,0.73,-0.0,-0.0258,-0.3018,-0.0108,,0.962,0.717,,,2.62,-2.22
39.399,LANDING_REGION_SCAN,2.6041,-1.4783,0.303,89.64,0.58,0.67,-0.0,-0.0216,-0.3029,-0.0019,,0.962,0.717,,,2.62,-2.22
39.449,LANDING_REGION_SCAN,2.6032,-1.4925,0.304,89.69,0.65,0.7,-0.0,-0.0182,-0.3038,-0.0055,,0.93,0.719,,,2.62,-2.22
39.488,LANDING_REGION_SCAN,2.6019,-1.5061,0.301,89.71,0.63,0.59,-0.0,-0.0123,-0.3111,-0.0048,,0.93,0.719,,,2.62,-2.22
39.536,LANDING_REGION_SCAN,2.6014,-1.52,0.302,89.73,0.68,0.62,-0.0,-0.0072,-0.3103,-0.0099,,0.897,0.723,,,2.62,-2.22
39.586,LANDING_REGION_SCAN,2.6011,-1.5352,0.303,89.68,0.61,0.63,-0.0,-0.0019,-0.3128,-0.0079,,0.897,0.723,,,2.62,-2.22
39.637,LANDING_REGION_SCAN,2.6004,-1.5488,0.3,89.6,0.61,0.66,-0.0,0.0017,-0.3129,-0.0059,,0.879,0.715,,,2.62,-2.22
39.724,LANDING_REGION_SCAN,2.5999,-1.5638,0.305,89.48,0.51,0.63,-0.0,0.0074,-0.3141,-0.012,,0.879,0.715,,,2.62,-2.22
39.736,LANDING_REGION_SCAN,2.6006,-1.5793,0.302,89.32,0.33,0.47,-0.0,0.0097,-0.3224,0.0008,,0.842,0.717,2.507,,2.62,-2.22
39.789,LANDING_REGION_SCAN,2.6016,-1.5941,0.302,89.19,0.2,0.39,-0.0,0.012,-0.3227,-0.0067,,0.842,0.717,2.507,,2.62,-2.22
39.841,LANDING_REGION_SCAN,2.6023,-1.6101,0.305,89.1,0.12,0.19,-0.0,0.0152,-0.3253,-0.0091,,0.814,0.723,,,2.62,-2.22
39.889,LANDING_REGION_SCAN,2.6036,-1.627,0.303,88.99,-0.08,0.05,-0.0,0.0166,-0.3229,0.0014,,0.814,0.723,,,2.62,-2.22
39.936,LANDING_REGION_SCAN,2.6048,-1.6417,0.299,88.77,-0.25,-0.15,-0.0,0.0167,-0.324,-0.004,,0.779,0.733,2.473,,2.62,-2.22
39.985,LANDING_REGION_SCAN,2.606,-1.6584,0.298,88.6,-0.18,-0.17,-0.0,0.0144,-0.3204,-0.0137,,0.779,0.733,2.473,,2.62,-2.22
40.042,LANDING_REGION_SCAN,2.6053,-1.6748,0.299,88.49,-0.21,-0.23,-0.0,0.0111,-0.3214,-0.0143,,0.751,0.744,,,2.62,-2.22
40.097,LANDING_REGION_SCAN,2.6061,-1.6897,0.297,88.4,-0.34,-0.04,-0.0,0.0067,-0.3191,-0.0083,,0.751,0.744,,,2.62,-2.22
40.144,LANDING_REGION_SCAN,2.6061,-1.706,0.298,88.38,-0.24,0.12,-0.0,0.0058,-0.3184,-0.0158,,0.72,0.74,2.46,,2.62,-2.22
40.185,LANDING_REGION_SCAN,2.6055,-1.7219,0.299,88.29,-0.15,0.18,-0.0,0.0016,-0.3163,-0.0112,,0.72,0.74,2.46,,2.62,-2.22
40.235,LANDING_REGION_SCAN,2.6052,-1.7366,0.299,88.15,-0.14,0.4,-0.0,-0.0016,-0.316,-0.0071,,0.688,0.741,,,2.62,-2.22
40.287,LANDING_REGION_SCAN,2.604,-1.7519,0.298,88.07,-0.58,0.71,-0.0,-0.0028,-0.3249,0.0003,,0.688,0.741,,,2.62,-2.22
40.355,LANDING_REGION_SCAN,2.6054,-1.7681,0.295,88.18,-0.35,0.74,-0.0,-0.0068,-0.3306,-0.0011,,0.657,0.736,,,2.62,-2.22
40.405,LANDING_REGION_SCAN,2.6047,-1.7869,0.292,88.22,-0.11,0.24,-0.0,-0.0097,-0.3338,-0.0047,,0.657,0.736,,,2.62,-2.22
40.445,LANDING_REGION_SCAN,2.6022,-1.8019,0.295,88.12,0.07,-0.25,-0.0,-0.0147,-0.3308,-0.0092,,0.626,0.74,2.411,,2.62,-2.22
40.485,LANDING_REGION_SCAN,2.602,-1.8168,0.294,88.08,-0.01,-0.32,-0.0,-0.0151,-0.3247,0.0029,,0.626,0.74,2.411,,2.62,-2.22
40.536,LANDING_REGION_SCAN,2.6003,-1.8331,0.299,88.02,-0.44,-0.34,-0.0,-0.0162,-0.3283,0.0057,,0.59,0.741,2.422,,2.62,-2.22
40.586,LANDING_REGION_SCAN,2.6,-1.8487,0.298,88.13,-0.14,-0.55,-0.0,-0.0207,-0.3255,0.0158,,0.59,0.741,2.422,,2.62,-2.22
40.688,LANDING_REGION_SCAN,2.5977,-1.8648,0.301,88.26,-0.03,-0.64,-0.0,-0.0212,-0.3179,0.0121,,0.557,0.75,2.425,,2.62,-2.22
40.696,LANDING_REGION_SCAN,2.5975,-1.8819,0.301,88.51,0.26,-0.45,-0.0,-0.0192,-0.3131,0.0092,,0.557,0.75,2.425,,2.62,-2.22
40.749,LANDING_REGION_SCAN,2.5953,-1.8953,0.3,88.88,0.38,-0.39,-0.0,-0.0192,-0.3042,0.0047,,0.527,0.752,2.441,,2.62,-2.22
40.787,LANDING_REGION_SCAN,2.5929,-1.9098,0.296,89.35,0.56,-0.25,-0.0,-0.0188,-0.2996,-0.0047,,0.527,0.752,2.441,,2.62,-2.22
40.836,LANDING_REGION_SCAN,2.5905,-1.9243,0.297,89.74,0.83,-0.17,-0.0,-0.0166,-0.2964,-0.0163,,0.503,0.753,,,2.62,-2.22
40.886,LANDING_REGION_SCAN,2.589,-1.9382,0.296,90.04,0.66,-0.04,-0.0,-0.0118,-0.2931,-0.0114,,0.503,0.753,,,2.62,-2.22
40.936,LANDING_REGION_SCAN,2.5875,-1.9535,0.297,90.34,0.49,0.18,-0.0,-0.009,-0.2946,-0.0087,,0.474,0.754,,,2.62,-2.22
41.017,LANDING_REGION_SCAN,2.5857,-1.9672,0.298,90.61,0.61,0.2,-0.0,-0.0076,-0.2935,-0.0033,,0.474,0.754,,,2.62,-2.22
41.036,LANDING_REGION_SCAN,2.585,-1.9808,0.298,90.87,0.79,0.43,-0.0,-0.0027,-0.2925,-0.0006,,0.448,0.751,2.409,,2.62,-2.22
41.1,LANDING_REGION_SCAN,2.5853,-1.9959,0.294,91.0,0.92,0.58,-0.0,0.005,-0.2977,0.0007,,0.448,0.751,2.409,,2.62,-2.22
41.141,LANDING_REGION_SCAN,2.5854,-2.0094,0.294,90.93,1.13,0.7,-0.0,0.0129,-0.2989,-0.0114,1.492,0.426,0.761,2.437,,2.62,-2.22
41.186,LANDING_REGION_SCAN,2.5851,-2.0254,0.294,90.7,1.11,0.7,-0.0,0.0202,-0.3073,-0.0082,1.492,0.426,0.761,2.437,,2.62,-2.22
41.236,LANDING_REGION_SCAN,2.5869,-2.0415,0.292,90.39,0.7,0.64,-0.0,0.0301,-0.315,-0.0002,,0.4,0.762,2.421,,2.62,-2.22
41.339,LANDING_REGION_SCAN,2.5882,-2.0553,0.294,90.2,0.5,0.47,-0.0,0.0346,-0.3137,0.0041,,0.4,0.762,2.421,,2.62,-2.22
41.35,LANDING_REGION_SCAN,2.5907,-2.071,0.297,90.27,0.28,0.21,-0.0,0.0396,-0.3173,0.0088,,0.375,0.765,2.473,,2.62,-2.22
41.396,LANDING_REGION_SCAN,2.5918,-2.0858,0.296,90.55,-0.23,0.3,-0.0,0.0408,-0.3208,0.0211,,0.375,0.765,2.473,,2.62,-2.22
41.438,LANDING_REGION_SCAN,2.5937,-2.1007,0.297,90.9,-0.73,0.19,-0.0,0.0373,-0.3191,0.0317,,0.362,0.771,2.472,,2.62,-2.22
41.485,LANDING_REGION_SCAN,2.5963,-2.117,0.299,91.3,-0.39,0.37,-0.0,0.0314,-0.3167,0.0252,,0.362,0.771,2.472,,2.62,-2.22
41.535,LANDING_REGION_SCAN,2.5974,-2.1324,0.298,91.54,-0.35,-0.13,-0.0,0.0277,-0.3182,0.0261,,0.407,0.771,2.447,,2.62,-2.22
41.586,LANDING_REGION_SCAN,2.5994,-2.1483,0.302,91.56,0.11,-0.38,-0.0,0.0276,-0.3135,0.0214,,0.407,0.771,2.447,,2.62,-2.22
41.689,LANDING_REGION_SCAN,2.5987,-2.1634,0.302,91.33,0.79,-0.73,-0.0,0.0254,-0.3142,0.0102,,0.616,0.778,,,2.62,-2.22
41.695,LANDING_REGION_SCAN,2.5996,-2.1775,0.3,90.95,0.9,-1.41,-0.0,0.0331,-0.302,0.011,,0.616,0.778,,,2.62,-2.22
41.743,LANDING_REGION_SCAN,2.6018,-2.1935,0.302,90.47,1.13,-1.75,-0.0,0.0403,-0.2852,0.001,1.629,0.743,0.787,,,2.62,-2.22
41.802,LANDING_REGION_SCAN,2.6029,-2.2054,0.301,89.87,1.07,-1.81,-0.0,0.0487,-0.2659,-0.0042,1.629,0.743,0.787,,,2.82,-2.22
41.84,LANDING_REGION_SCAN,2.6064,-2.2172,0.306,89.24,0.65,-1.98,-0.0,0.0568,-0.246,-0.0035,1.846,,0.789,,,2.82,-2.22
41.885,LANDING_REGION_SCAN,2.6107,-2.2269,0.301,88.69,1.26,-2.58,-0.0,0.0671,-0.2288,0.0144,1.846,,0.789,,,2.82,-2.22
41.948,LANDING_REGION_SCAN,2.6126,-2.2363,0.304,88.29,2.75,-3.62,-0.0,0.0782,-0.2008,0.0039,,0.671,0.804,,,2.82,-2.22
42.027,LANDING_REGION_SCAN,2.6147,-2.2461,0.304,88.14,3.47,-3.95,-0.0,0.1046,-0.1644,0.0035,,0.671,0.804,,,2.82,-2.22
42.036,LANDING_REGION_SCAN,2.6225,-2.2517,0.302,88.15,3.47,-3.64,-0.0,0.1359,-0.1276,0.0028,,0.69,0.82,,,2.82,-2.22
42.091,LANDING_REGION_SCAN,2.6287,-2.2547,0.302,88.27,3.26,-3.59,-0.0,0.167,-0.0919,-0.0069,,0.69,0.82,,,2.82,-2.22
42.154,LANDING_REGION_SCAN,2.636,-2.2574,0.303,88.52,3.12,-3.54,-0.0,0.1955,-0.0582,-0.0097,,0.78,0.828,2.623,,2.82,-2.22
42.192,LANDING_REGION_SCAN,2.6464,-2.2591,0.299,88.74,2.33,-2.89,-0.0,0.2212,-0.0248,0.0053,,0.78,0.828,2.623,,2.82,-2.22
42.241,LANDING_REGION_SCAN,2.6574,-2.2585,0.301,89.01,1.94,-2.2,-0.0,0.2394,0.0016,-0.0039,,,0.852,2.665,,2.82,-2.22
42.288,LANDING_REGION_SCAN,2.6693,-2.2554,0.301,89.4,1.94,-1.87,-0.0,0.2522,0.0226,-0.006,,,0.852,2.665,,2.82,-2.22
42.337,LANDING_REGION_SCAN,2.6798,-2.2538,0.298,90.02,1.47,-1.91,-0.0,0.2641,0.041,-0.006,,1.838,0.873,,,2.82,-2.22
42.423,LANDING_REGION_SCAN,2.6906,-2.2509,0.301,90.65,1.12,-1.5,-0.0,0.2705,0.0575,-0.0135,,1.838,0.873,,,2.82,-2.22
42.452,LANDING_REGION_SCAN,2.7037,-2.2472,0.299,91.3,0.83,-0.84,-0.0,0.2799,0.0726,0.0009,,1.868,0.906,2.416,,2.82,-2.22
42.493,LANDING_REGION_SCAN,2.7145,-2.2436,0.3,91.87,0.53,-0.21,-0.0,0.283,0.0771,0.0061,,1.868,0.906,2.416,,2.82,-2.22
42.536,LANDING_REGION_SCAN,2.7286,-2.2388,0.301,92.39,0.07,0.02,-0.0,0.2807,0.0804,0.0084,,1.882,0.93,2.364,,2.82,-2.22
42.597,LANDING_REGION_SCAN,2.7412,-2.2349,0.3,92.9,-0.07,0.06,-0.0,0.2745,0.079,0.0075,,1.882,0.93,2.364,,2.82,-2.22
42.67,LANDING_REGION_SCAN,2.7519,-2.2313,0.302,93.31,-0.21,0.13,-0.0,0.2663,0.0791,0.0035,,1.895,0.95,2.344,,2.82,-2.22
42.687,LANDING_REGION_SCAN,2.7626,-2.2275,0.302,93.63,-0.5,0.36,-0.0,0.2621,0.0808,0.0102,,1.895,0.95,2.344,,2.82,-2.22
42.737,LANDING_REGION_SCAN,2.7731,-2.2236,0.302,93.84,-0.5,0.54,-0.0,0.2539,0.0756,0.0083,,1.908,0.982,2.31,,2.82,-2.22
42.792,LANDING_REGION_SCAN,2.7843,-2.2196,0.305,93.96,-0.73,0.72,-0.0,0.2434,0.0682,0.0055,,1.908,0.982,2.31,,2.82,-2.22
42.836,LANDING_REGION_SCAN,2.796,-2.2168,0.305,93.93,-1.13,0.85,-0.0,0.2311,0.0629,0.0109,,1.918,1.003,2.295,,2.82,-2.22
42.943,LANDING_REGION_SCAN,2.8059,-2.2124,0.303,93.79,-1.64,1.0,-0.0,0.2164,0.0567,0.0061,,1.918,1.003,2.295,,,
42.96,LANDING_REGION_SCAN,2.8141,-2.2101,0.305,93.58,-2.18,1.16,-0.0,0.1957,0.049,-0.0003,0.933,1.929,1.008,2.263,,3.58,-2.22
43.019,LANDING_REGION_SCAN,2.8235,-2.206,0.299,93.37,-2.99,1.22,-0.0,0.1817,0.0378,0.004,0.933,1.929,1.008,2.263,,3.58,-2.22
43.038,LANDING_REGION_SCAN,2.8322,-2.2047,0.296,93.1,-3.35,1.19,-0.0,0.1512,0.0269,-0.0068,0.904,1.93,1.014,2.265,,3.58,-2.22
43.103,LANDING_REGION_SCAN,2.8407,-2.2019,0.305,92.9,-1.19,1.35,-0.0,0.1313,0.018,-0.0043,0.904,1.93,1.014,2.265,,3.58,-2.22
43.141,LANDING_REGION_SCAN,2.8443,-2.2014,0.3,92.68,0.34,1.24,-0.0,0.1198,0.0049,0.011,0.88,1.927,1.028,2.24,,3.58,-2.22
43.186,LANDING_REGION_SCAN,2.8503,-2.2021,0.296,92.51,1.46,1.19,-0.0,0.1281,-0.0055,-0.0017,0.88,1.927,1.028,2.24,,3.58,-2.22
43.236,LANDING_REGION_SCAN,2.8558,-2.2032,0.284,92.4,2.28,0.88,-0.0,0.1406,-0.016,-0.0118,0.876,1.93,1.037,2.222,,3.58,-2.22
43.321,LANDING_REGION_SCAN,2.8643,-2.2035,0.252,92.31,2.73,0.69,-0.0,0.1654,-0.0258,-0.0336,0.876,1.93,1.037,2.222,,3.58,-2.22
43.35,LANDING_REGION_SCAN,2.8727,-2.2047,0.226,92.3,2.93,0.63,-0.0,0.1925,-0.0249,-0.0908,0.866,1.936,1.052,2.191,,3.58,-2.22
43.402,LANDING_REGION_SCAN,2.8845,-2.2023,0.203,92.26,2.79,0.44,-0.0,0.2169,-0.0215,-0.0962,0.866,1.936,1.052,2.191,,3.58,-2.22
43.439,LANDING_REGION_SCAN,2.8916,-2.199,0.195,92.28,2.52,0.48,-0.0,0.2403,-0.0161,-0.1024,0.859,1.933,1.071,2.19,,3.58,-2.22
43.486,LANDING_REGION_SCAN,2.9084,-2.1999,0.215,92.14,2.33,0.42,-0.0,0.2676,-0.019,-0.0387,0.859,1.933,1.071,2.19,,3.58,-2.22
43.536,LANDING_REGION_SCAN,2.9216,-2.1991,0.227,92.06,1.88,0.4,-0.0,0.2898,-0.0225,0.0381,0.861,1.929,1.11,2.165,,3.58,-2.22
43.586,LANDING_REGION_SCAN,2.9284,-2.1975,0.255,92.01,1.29,0.15,-0.0,0.2845,-0.0115,0.1039,0.861,1.929,1.11,2.165,,3.58,-2.22
43.674,LANDING_REGION_SCAN,2.947,-2.1961,0.275,91.8,0.95,-0.02,-0.0,0.2955,-0.0072,0.1715,0.854,1.934,1.136,2.145,,3.58,-2.22
43.693,LANDING_REGION_SCAN,2.9613,-2.1957,0.311,91.61,0.67,-0.04,-0.0,0.3061,-0.0067,0.1992,0.854,1.934,1.136,2.145,,3.58,-2.22
43.749,LANDING_REGION_SCAN,2.9794,-2.1962,0.339,91.32,0.45,-0.1,-0.0,0.3156,-0.0069,0.2572,0.853,1.95,1.172,2.106,,3.58,-2.22
43.788,LANDING_REGION_SCAN,2.9968,-2.1969,0.385,91.07,0.21,-0.09,-0.0,0.3289,-0.0046,0.2568,0.853,1.95,1.172,2.106,,3.58,-2.22
43.834,LANDING_REGION_SCAN,3.0162,-2.1972,0.425,90.86,-0.06,-0.11,-0.0,0.3331,-0.0027,0.2987,0.847,1.945,1.196,2.091,,3.58,-2.22
43.885,LANDING_REGION_SCAN,3.0358,-2.1974,0.464,90.7,-0.28,-0.07,-0.0,0.3371,-0.0025,0.2903,0.847,1.945,1.196,2.091,,3.58,-2.22
43.935,LANDING_REGION_SCAN,3.0536,-2.1975,0.481,90.59,-0.35,0.01,-0.0,0.3396,-0.0019,0.2847,0.842,1.954,1.237,2.03,,3.58,-2.22
44.022,LANDING_REGION_SCAN,3.0714,-2.1973,0.468,90.54,-0.59,-0.06,-0.0,0.3388,-0.0012,0.1914,0.842,1.954,1.237,2.03,,3.58,-2.22
44.037,LANDING_REGION_SCAN,3.0887,-2.1975,0.448,90.52,-0.66,0.12,-0.0,0.3418,-0.0015,0.049,0.836,1.953,1.274,,,3.58,-2.22
44.092,LANDING_REGION_SCAN,3.107,-2.1966,0.42,90.54,-0.77,0.08,-0.0,0.3405,0.001,-0.1092,0.836,1.953,1.274,,,3.58,-2.22
44.144,LANDING_REGION_SCAN,3.126,-2.1959,0.399,90.57,-0.76,0.06,-0.0,0.3378,0.0025,-0.2125,0.827,1.963,1.314,1.947,,3.58,-2.22
44.185,LANDING_REGION_SCAN,3.1454,-2.1939,0.372,90.61,-0.82,0.21,-0.0,0.3367,0.0055,-0.2528,0.827,1.963,1.314,1.947,,3.58,-2.22
44.236,LANDING_REGION_SCAN,3.1643,-2.1913,0.354,90.66,-0.84,0.36,-0.0,0.3337,0.0091,-0.3025,0.822,1.967,1.346,1.921,,3.58,-2.22
44.286,LANDING_REGION_SCAN,3.1821,-2.1891,0.329,90.74,-0.82,0.63,-0.0,0.3396,0.0113,-0.2832,0.822,1.967,1.346,1.921,,3.58,-2.22
44.352,LANDING_REGION_SCAN,3.2003,-2.1862,0.314,90.83,-0.87,0.79,-0.0,0.3349,0.0077,-0.2982,0.822,1.979,1.383,1.882,,3.58,-2.22
44.386,LANDING_REGION_SCAN,3.2207,-2.1845,0.296,90.91,-0.93,0.81,-0.0,0.3312,0.0042,-0.2546,0.822,1.979,1.383,1.882,,3.58,-2.22
44.437,LANDING_REGION_SCAN,3.2428,-2.1823,0.28,91.01,-0.84,0.79,-0.0,0.3317,0.0019,-0.243,0.823,1.989,1.417,,,3.58,-2.22
44.486,LANDING_REGION_SCAN,3.2606,-2.1805,0.273,91.08,-0.83,0.76,-0.0,0.3283,-0.0021,-0.2024,0.823,1.989,1.417,,,3.58,-2.22
44.534,LANDING_REGION_SCAN,3.2781,-2.1792,0.263,91.15,-0.73,0.88,-0.0,0.3212,-0.0055,-0.1618,0.831,1.992,1.453,,,3.58,-2.22
44.585,LANDING_REGION_SCAN,3.2967,-2.1768,0.261,91.21,-0.69,0.81,-0.0,0.328,-0.0091,-0.1293,0.831,1.992,1.453,,,3.58,-2.22
44.684,LANDING_REGION_SCAN,3.3147,-2.1753,0.252,91.24,-0.72,0.74,-0.0,0.3263,-0.0097,-0.0949,0.842,1.991,1.487,1.759,,3.58,-2.22
44.697,LANDING_REGION_SCAN,3.3359,-2.1743,0.255,91.27,-0.63,0.81,-0.0,0.3253,-0.0132,-0.0685,0.842,1.991,1.487,1.759,,3.58,-2.22
44.749,LANDING_REGION_SCAN,3.3535,-2.1742,0.255,91.18,-0.69,0.81,-0.0,0.3209,-0.0184,-0.0332,,1.992,1.514,1.734,,3.58,-2.22
44.789,LANDING_REGION_SCAN,3.3714,-2.1746,0.255,91.04,-0.68,0.86,-0.0,0.3228,-0.0239,-0.008,,1.992,1.514,1.734,,3.58,-2.22
44.834,LANDING_REGION_SCAN,3.3891,-2.1747,0.26,90.84,-0.68,0.87,-0.0,0.3244,-0.0287,0.0111,,2.003,1.555,,,3.58,-2.22
44.885,LANDING_REGION_SCAN,3.4059,-2.1754,0.259,90.72,-0.69,0.99,-0.0,0.3218,-0.0335,0.032,,2.003,1.555,,,3.58,-2.22
44.935,LANDING_REGION_SCAN,3.4253,-2.1749,0.261,90.56,-0.73,1.05,-0.0,0.318,-0.0367,0.0336,,2.0,1.589,1.677,,3.58,-2.22
45.021,LANDING_REGION_SCAN,3.4416,-2.174,0.261,90.39,-0.74,0.97,-0.0,0.3113,-0.0392,0.0361,,2.0,1.589,1.677,,3.58,-2.22
45.04,LANDING_REGION_SCAN,3.4586,-2.1749,0.263,90.22,-0.65,1.11,-0.0,0.3095,-0.0453,0.0402,,2.006,1.618,,,3.58,-2.22
45.085,LANDING_REGION_SCAN,3.4748,-2.1755,0.266,90.08,-0.55,1.16,-0.0,0.312,-0.0504,0.0412,,2.006,1.618,,,3.58,-2.22
45.147,LANDING_REGION_SCAN,3.4911,-2.1762,0.267,89.95,-0.49,1.2,-0.0,0.312,-0.0548,0.0451,,2.007,1.658,1.611,,3.58,-2.22
45.232,LANDING_REGION_SCAN,3.5087,-2.1765,0.271,89.81,-0.6,1.22,-0.0,0.3086,-0.0596,0.0422,,2.007,1.658,1.611,,3.58,-2.22
45.262,LANDING_REGION_SCAN,3.5259,-2.1782,0.271,89.71,-0.65,1.25,-0.0,0.3061,-0.0647,0.0464,,1.997,1.681,,,3.58,-2.22
45.285,LANDING_REGION_SCAN,3.542,-2.1808,0.277,89.67,-0.86,1.36,-0.0,0.3028,-0.0738,0.0372,,1.997,1.681,,,3.58,-2.22
45.345,LANDING_REGION_SCAN,3.5589,-2.1849,0.277,89.63,-0.91,1.38,-0.0,0.2987,-0.083,0.045,,2.003,1.717,,,3.58,-2.22
45.397,LANDING_REGION_SCAN,3.5746,-2.188,0.281,89.59,-1.54,1.35,-0.0,0.3008,-0.0936,0.0359,,2.003,1.717,,,3.58,-2.22
45.438,LANDING_REGION_SCAN,3.5908,-2.1921,0.28,89.54,-2.51,1.12,-0.0,0.2895,-0.1027,0.039,,1.999,1.754,,,3.58,-2.22
45.484,LANDING_REGION_SCAN,3.6081,-2.1967,0.282,89.51,-3.23,0.92,-0.0,0.2685,-0.1062,0.0305,,1.999,1.754,,,3.58,-2.22
45.535,LANDING_REGION_SCAN,3.6226,-2.2003,0.281,89.56,-4.0,0.62,-0.0,0.2437,-0.1067,0.0286,,1.993,1.771,,,3.58,-2.22
45.585,LANDING_REGION_SCAN,3.6349,-2.206,0.288,89.62,-4.8,0.3,-0.0,0.2085,-0.1085,0.023,,1.993,1.771,,,3.58,-2.22
45.663,LANDING_REGION_SCAN,3.6471,-2.21,0.288,89.7,-5.64,0.02,-0.0,0.1759,-0.1081,0.035,,1.987,1.793,,,3.58,-2.22
45.688,LANDING_REGION_SCAN,3.6564,-2.2142,0.291,89.75,-6.22,-0.45,-0.0,0.131,-0.1084,0.0298,,1.987,1.793,,,3.58,-2.22
45.768,LANDING_REGION_SCAN,3.6637,-2.2195,0.293,89.74,-6.67,-0.82,-0.0,0.0827,-0.1007,0.0267,,1.982,1.798,,,3.58,-2.22
45.79,LANDING_REGION_SCAN,3.6693,-2.2246,0.289,89.78,-6.64,-0.91,-0.0,0.0305,-0.0938,0.0255,,1.982,1.798,,,3.58,-2.22
45.84,LANDING_REGION_SCAN,3.6719,-2.2264,0.292,89.72,-6.47,-1.23,-0.0,-0.0199,-0.0814,0.009,,1.975,1.81,,,3.58,-2.22
45.885,LANDING_REGION_SCAN,3.6725,-2.2283,0.291,89.59,-6.28,-1.36,-0.0,-0.0678,-0.0673,0.0115,,1.975,1.81,,,3.58,-2.22
45.975,LANDING_REGION_SCAN,3.6714,-2.2286,0.298,89.49,-5.67,-1.26,-0.0,-0.1152,-0.0521,0.0087,,1.983,1.823,,,3.58,-2.22
45.993,LANDING_REGION_SCAN,3.6656,-2.229,0.287,89.33,-5.21,-1.32,-0.0,-0.1626,-0.0356,0.0207,,1.983,1.823,,,3.58,-2.22
46.044,LANDING_REGION_SCAN,3.6608,-2.2268,0.292,89.24,-4.45,-1.26,-0.0,-0.193,-0.0196,-0.0038,,1.972,1.819,,,3.58,-2.22
46.105,LANDING_REGION_SCAN,3.6545,-2.2234,0.295,89.23,-3.84,-1.21,-0.0,-0.2239,-0.0046,0.0059,,1.972,1.819,,,3.58,-2.22
46.14,LANDING_REGION_SCAN,3.6479,-2.2176,0.289,89.2,-3.23,-0.9,-0.0,-0.2459,0.0119,0.0191,,1.976,1.8,,,3.58,-2.22
46.184,LANDING_REGION_SCAN,3.6416,-2.2134,0.298,89.22,-2.21,-0.71,-0.0,-0.2635,0.0237,0.0002,,1.976,1.8,,,3.58,-2.22
46.235,LANDING_REGION_SCAN,3.6318,-2.2092,0.295,89.21,-1.42,-0.27,-0.0,-0.2699,0.0331,0.02,,1.976,1.786,,,3.58,-2.22
46.306,LANDING_REGION_SCAN,3.6222,-2.2027,0.296,89.22,-0.51,0.03,-0.0,-0.271,0.0378,0.0171,,1.976,1.786,,,3.58,-2.22
46.347,LANDING_REGION_SCAN,3.6142,-2.1982,0.299,89.3,0.36,0.51,-0.0,-0.2599,0.0371,0.0115,,1.982,1.775,,,3.58,-2.22
46.403,LANDING_REGION_SCAN,3.6064,-2.1948,0.297,89.42,0.96,0.95,-0.0,-0.2425,0.0364,0.0184,,1.982,1.775,,,3.58,-2.22
46.439,LANDING_REGION_SCAN,3.6005,-2.1913,0.3,89.54,1.36,1.37,-0.0,-0.2249,0.0313,0.0117,,1.974,1.76,,,3.58,-2.22
46.484,LANDING_REGION_SCAN,3.5943,-2.1881,0.303,89.67,1.93,1.87,-0.0,-0.1979,0.0217,0.0157,,1.974,1.76,,,3.58,-2.22
46.535,LANDING_REGION_SCAN,3.5881,-2.1856,0.299,89.75,2.35,2.25,-0.0,-0.1716,0.0054,0.0195,,1.984,1.75,,,3.58,-2.22
46.628,LANDING_REGION_SCAN,3.5837,-2.1846,0.305,89.9,2.42,2.33,-0.0,-0.1445,-0.0098,0.0042,,1.984,1.75,,,3.58,-2.22
46.637,LANDING_REGION_SCAN,3.5789,-2.1855,0.303,90.08,2.35,2.42,-0.0,-0.1163,-0.0287,0.0154,,1.984,1.742,,,3.58,-2.22
46.685,LANDING_REGION_SCAN,3.5757,-2.1874,0.307,90.36,2.37,2.38,-0.0,-0.0913,-0.0482,0.013,,1.984,1.742,,,3.58,-2.22
46.75,LANDING_REGION_SCAN,3.5734,-2.1901,0.304,90.67,1.97,2.25,-0.0,-0.0624,-0.0661,0.0111,,1.986,1.742,,,3.58,-2.22
46.783,LANDING_REGION_SCAN,3.5758,-2.1944,0.301,90.91,1.64,2.01,-0.0,-0.0338,-0.0807,-0.0011,,1.986,1.742,,,3.58,-1.34
46.833,LANDING_REGION_SCAN,3.5779,-2.199,0.301,91.11,1.35,1.49,-0.0,-0.0103,-0.0927,-0.0102,,1.982,1.759,,,3.58,-1.34
46.885,LANDING_REGION_SCAN,3.5799,-2.2041,0.3,91.26,0.82,-0.41,-0.0,0.0066,-0.0959,-0.0031,,1.982,1.759,,,3.58,-1.34
46.957,LANDING_REGION_SCAN,3.5819,-2.209,0.302,91.45,0.31,-3.55,-0.0,0.0141,-0.0831,-0.0036,,1.984,1.76,,,3.58,-1.34
46.989,LANDING_REGION_SCAN,3.5851,-2.2122,0.302,91.58,-0.23,-4.97,-0.0,0.0259,-0.0486,-0.0023,,1.984,1.76,,,3.58,-1.34
47.044,LANDING_REGION_SCAN,3.5893,-2.213,0.304,91.69,-0.34,-5.99,-0.0,0.0281,0.0015,-0.0036,,1.996,1.755,,,3.58,-1.34
47.085,LANDING_REGION_SCAN,3.5939,-2.2101,0.303,91.68,-0.51,-6.39,-0.0,0.0315,0.0569,0.0012,,1.996,1.755,,,3.58,-1.34
47.135,LANDING_REGION_SCAN,3.5968,-2.2033,0.304,91.59,-0.54,-6.11,-0.0,0.0282,0.1194,-0.0014,,2.005,1.763,,,3.58,-1.34
47.185,LANDING_REGION_SCAN,3.6,-2.1937,0.302,91.46,-0.72,-5.37,-0.0,0.0261,0.1747,-0.0002,,2.005,1.763,,,3.58,-1.34
47.281,LANDING_REGION_SCAN,3.603,-2.1806,0.302,91.3,-0.8,-4.49,-0.0,0.0234,0.2252,-0.005,,2.014,1.761,,,3.58,-1.34
47.289,LANDING_REGION_SCAN,3.6063,-2.1662,0.299,91.2,-0.94,-3.54,-0.0,0.0199,0.2645,-0.0067,,2.014,1.761,,,3.58,-1.34
47.339,LANDING_REGION_SCAN,3.6073,-2.1478,0.296,91.2,-1.1,-2.44,-0.0,0.0133,0.3031,-0.0149,,2.038,1.766,1.473,,3.58,-1.34
47.4,LANDING_REGION_SCAN,3.608,-2.1299,0.289,91.39,-1.29,-1.42,-0.0,0.0041,0.3265,-0.0218,,2.038,1.766,1.473,,3.58,-1.34
47.433,LANDING_REGION_SCAN,3.6105,-2.1107,0.249,91.73,-1.17,-0.48,-0.0,-0.0022,0.3404,-0.0294,,2.067,1.766,,,3.58,-1.34
47.484,LANDING_REGION_SCAN,3.6105,-2.0964,0.209,92.05,-1.1,0.08,-0.0,-0.0117,0.3368,-0.1091,,2.067,1.766,,,3.58,-1.34
47.545,LANDING_REGION_SCAN,3.613,-2.0806,0.198,92.39,-0.88,0.5,-0.0,-0.0155,0.3313,-0.1408,,2.104,1.769,1.439,,3.58,-1.34
47.607,LANDING_REGION_SCAN,3.614,-2.0652,0.215,92.62,-0.6,1.05,-0.0,-0.0192,0.3207,-0.0998,,2.104,1.769,1.439,,3.58,-1.34
47.637,LANDING_REGION_SCAN,3.6165,-2.0521,0.229,92.77,-0.5,1.28,-0.0,-0.0177,0.2998,-0.0083,,2.128,1.772,1.432,,3.58,-1.34
47.698,LANDING_REGION_SCAN,3.6175,-2.0389,0.252,92.89,-0.51,1.23,-0.0,-0.0182,0.2832,0.0631,,2.128,1.772,1.432,,3.58,-1.34
47.738,LANDING_REGION_SCAN,3.6186,-2.0262,0.264,92.9,-0.45,1.02,-0.0,-0.0178,0.2677,0.127,,2.154,1.774,1.421,,3.58,-1.34
47.784,LANDING_REGION_SCAN,3.6189,-2.0113,0.283,92.89,-0.32,0.49,-0.0,-0.0165,0.2657,0.1611,,2.154,1.774,1.421,,3.58,-1.34
47.835,LANDING_REGION_SCAN,3.6208,-1.9989,0.301,92.79,-0.4,-0.02,-0.0,-0.0134,0.2567,0.1867,,2.185,1.766,1.424,,3.58,-1.34
47.924,LANDING_REGION_SCAN,3.6223,-1.9871,0.317,92.62,-0.44,-0.3,-0.0,-0.0109,0.2556,0.1979,,2.185,1.766,1.424,,3.58,-1.34
47.934,LANDING_REGION_SCAN,3.6235,-1.9749,0.328,92.4,-0.25,-0.51,-0.0,-0.0088,0.2553,0.188,,2.206,1.764,1.423,,3.58,-1.34
47.989,LANDING_REGION_SCAN,3.6236,-1.9628,0.34,92.17,-0.31,-0.6,-0.0,-0.0084,0.2572,0.1592,,2.206,1.764,1.423,,3.58,-1.34
48.041,LANDING_REGION_SCAN,3.6235,-1.9507,0.342,91.91,-0.34,-0.84,-0.0,-0.01,0.263,0.135,,2.236,1.767,1.423,,3.58,-1.34
48.088,LANDING_REGION_SCAN,3.6238,-1.9386,0.348,91.59,-0.27,-0.98,-0.0,-0.0103,0.2667,0.0915,,2.236,1.767,1.423,,3.58,-1.34
48.135,LANDING_REGION_SCAN,3.6244,-1.9255,0.352,91.23,-0.22,-1.0,-0.0,-0.009,0.271,0.0583,,2.253,1.766,1.422,,3.58,-1.34
48.186,LANDING_REGION_SCAN,3.626,-1.9125,0.351,90.84,-0.19,-0.82,-0.0,-0.0061,0.2739,0.034,,2.253,1.766,1.422,,3.58,-1.34
48.251,LANDING_REGION_SCAN,3.626,-1.9002,0.351,90.52,-0.16,-0.73,-0.0,-0.0071,0.2779,0.0006,,2.275,1.751,1.427,,3.58,-1.34
48.298,LANDING_REGION_SCAN,3.6255,-1.887,0.348,90.27,-0.22,-0.62,-0.0,-0.0089,0.2851,-0.02,,2.275,1.751,1.427,,3.58,-1.34
48.336,LANDING_REGION_SCAN,3.626,-1.8735,0.344,90.18,-0.3,-0.41,-0.0,-0.0084,0.2877,-0.0415,,2.307,1.748,1.424,,3.58,-1.34
48.384,LANDING_REGION_SCAN,3.627,-1.8609,0.341,90.14,-0.28,-0.23,-0.0,-0.0073,0.287,-0.0587,,2.307,1.748,1.424,,3.58,-1.34
48.434,LANDING_REGION_SCAN,3.6278,-1.8451,0.342,90.14,-0.34,-0.06,-0.0,-0.0048,0.2868,-0.0651,2.557,2.325,1.745,1.422,,3.58,-1.34
48.484,LANDING_REGION_SCAN,3.6282,-1.8326,0.337,90.24,-0.37,0.06,-0.0,-0.0062,0.2791,-0.0586,2.557,2.325,1.745,1.422,,3.58,-1.34
48.576,LANDING_REGION_SCAN,3.6285,-1.8207,0.338,90.35,-0.42,0.04,-0.0,-0.0096,0.2768,-0.0678,,2.361,1.744,1.425,,3.58,-1.34
48.587,LANDING_REGION_SCAN,3.6289,-1.8083,0.332,90.53,-0.4,0.07,-0.0,-0.0118,0.2783,-0.0617,,2.361,1.744,1.425,,3.58,-1.34
48.659,LANDING_REGION_SCAN,3.6272,-1.7925,0.339,90.72,-0.46,0.04,-0.0,-0.015,0.2852,-0.0684,,2.377,1.753,1.429,,3.58,-1.34
48.693,LANDING_REGION_SCAN,3.6287,-1.7796,0.342,90.85,-0.48,-0.03,-0.0,-0.0146,0.279,-0.0438,,2.377,1.753,1.429,,3.58,-1.34
48.735,LANDING_REGION_SCAN,3.6285,-1.7669,0.347,91.02,-0.47,-0.04,-0.0,-0.0166,0.2721,-0.0331,,2.412,1.75,1.447,,3.58,-1.34
48.784,LANDING_REGION_SCAN,3.629,-1.7544,0.361,91.13,-0.42,-0.09,-0.0,-0.0148,0.2684,-0.0239,,2.412,1.75,1.447,,3.58,-1.34
48.839,LANDING_REGION_SCAN,3.6285,-1.7427,0.376,91.24,-0.43,-0.12,-0.0,-0.019,0.2713,0.0033,,2.438,1.745,1.466,,3.58,-1.34
48.892,LANDING_REGION_SCAN,3.6289,-1.7299,0.388,91.31,-0.4,-0.21,-0.0,-0.019,0.2684,0.0307,,2.438,1.745,1.466,,3.58,-1.34
48.95,LANDING_REGION_SCAN,3.6274,-1.7128,0.376,91.3,-0.58,-0.48,-0.0,-0.0199,0.2722,0.0274,2.432,2.458,1.736,,,3.58,-1.34
48.991,LANDING_REGION_SCAN,3.6271,-1.7005,0.361,91.3,-0.67,-0.63,-0.0,-0.0255,0.2768,-0.043,2.432,2.458,1.736,,,3.58,-1.34
49.036,LANDING_REGION_SCAN,3.6263,-1.6869,0.348,91.23,-0.77,-0.65,-0.0,-0.0295,0.2836,-0.1094,,2.48,1.737,,,3.58,-1.34
49.084,LANDING_REGION_SCAN,3.6246,-1.6726,0.323,91.18,-0.8,-0.54,-0.0,-0.0398,0.2849,-0.1417,,2.48,1.737,,,3.58,-1.34
49.133,LANDING_REGION_SCAN,3.622,-1.6593,0.304,91.13,-0.78,-0.36,-0.0,-0.0447,0.2946,-0.1842,,2.509,1.731,,,3.58,-1.34
49.228,LANDING_REGION_SCAN,3.6203,-1.6447,0.288,91.09,-0.73,-0.2,-0.0,-0.0501,0.2954,-0.1898,,2.509,1.731,,,3.58,-1.34
49.237,LANDING_REGION_SCAN,3.6173,-1.6246,0.278,91.04,-0.53,-0.08,-0.0,-0.0578,0.2997,-0.1764,,2.532,1.732,,,3.58,-1.34
49.294,LANDING_REGION_SCAN,3.6153,-1.6113,0.265,90.92,-0.36,-0.03,-0.0,-0.0579,0.2983,-0.1467,,2.532,1.732,,,3.58,-1.34
49.348,LANDING_REGION_SCAN,3.6121,-1.5972,0.259,90.83,-0.18,0.06,-0.0,-0.0609,0.2981,-0.1253,,2.568,1.719,,,3.58,-1.34
49.39,LANDING_REGION_SCAN,3.6104,-1.5812,0.252,90.62,-0.12,-0.07,-0.0,-0.0644,0.3056,-0.0911,,2.568,1.719,,,3.58,-1.34
49.434,LANDING_REGION_SCAN,3.608,-1.5663,0.249,90.44,-0.08,-0.07,-0.0,-0.0603,0.3044,-0.0676,,2.591,1.712,,,3.58,-1.34
49.493,LANDING_REGION_SCAN,3.6058,-1.5478,0.248,90.23,-0.12,-0.19,-0.0,-0.0568,0.3069,-0.0349,,2.591,1.712,,,3.58,-1.34
49.553,LANDING_REGION_SCAN,3.6039,-1.5346,0.246,90.05,-0.14,-0.03,-0.0,-0.0559,0.303,-0.0053,,2.612,1.693,,,3.58,-1.34
49.6,LANDING_REGION_SCAN,3.6018,-1.5189,0.252,89.8,-0.18,-0.12,-0.0,-0.0569,0.3031,0.0129,,2.612,1.693,,,3.58,-1.34
49.644,LANDING_REGION_SCAN,3.6005,-1.5042,0.254,89.57,-0.05,0.0,-0.0,-0.0559,0.3108,0.0447,,2.63,1.693,,,3.58,-1.34
49.692,LANDING_REGION_SCAN,3.5977,-1.4884,0.259,89.34,-0.11,0.12,-0.0,-0.0549,0.3097,0.0559,,2.63,1.693,,,3.58,-1.34
49.732,LANDING_REGION_SCAN,3.5965,-1.4739,0.26,89.22,-0.08,0.1,-0.0,-0.0516,0.3052,0.0673,,2.662,1.685,,,3.58,-1.34
49.784,LANDING_REGION_SCAN,3.595,-1.4578,0.263,89.16,0.01,0.17,-0.0,-0.0474,0.3018,0.0671,,2.662,1.685,,,3.58,-1.34
49.874,LANDING_REGION_SCAN,3.5939,-1.4446,0.266,89.16,-0.02,0.26,-0.0,-0.0469,0.2997,0.0708,,2.699,1.681,,,3.58,-1.34
49.884,LANDING_REGION_SCAN,3.592,-1.429,0.273,89.19,-0.11,0.3,-0.0,-0.0436,0.297,0.0687,,2.699,1.681,,,3.58,-1.34
49.938,LANDING_REGION_SCAN,3.5908,-1.4145,0.277,89.17,-0.24,0.23,-0.0,-0.0419,0.2997,0.0754,,2.718,1.658,,,3.58,-1.34
49.99,LANDING_REGION_SCAN,3.5895,-1.4001,0.278,89.12,-0.33,0.22,-0.0,-0.0427,0.2969,0.0736,,2.718,1.658,,,3.58,-1.34
50.034,LANDING_REGION_SCAN,3.5883,-1.3835,0.287,89.1,-0.32,0.71,-0.0,-0.0421,0.2912,0.0632,,2.755,,,,3.58,-1.34
50.083,LANDING_REGION_SCAN,3.587,-1.3694,0.29,89.11,-0.2,1.18,-0.0,-0.0418,0.286,0.074,,2.755,,,,3.58,-1.34
50.135,ROTATION_SCAN,3.5848,-1.3552,0.29,89.13,-0.13,1.91,-0.0,-0.0423,0.2711,0.0667,2.12,2.784,0.365,,,,
50.196,ROTATION_SCAN,3.5831,-1.343,0.295,89.21,-0.08,2.74,15.0,-0.0433,0.2595,0.0482,2.12,2.784,0.365,,,,
50.249,ROTATION_SCAN,3.5817,-1.331,0.295,89.37,0.02,3.68,15.0,-0.0414,0.2316,0.0487,,2.804,0.326,,,,
50.311,ROTATION_SCAN,3.5807,-1.3204,0.298,89.62,0.23,4.28,15.0,-0.0391,0.1988,0.0362,,2.804,0.326,,,,
50.349,ROTATION_SCAN,3.5789,-1.3094,0.299,90.08,0.35,4.31,15.0,-0.0351,0.1629,0.031,2.035,2.82,0.314,,,,
50.383,ROTATION_SCAN,3.5775,-1.3027,0.3,90.72,0.45,4.29,15.0,-0.0301,0.1273,0.0267,2.035,2.82,0.314,,,,
50.433,ROTATION_SCAN,3.576,-1.2962,0.301,91.53,0.45,4.01,15.0,-0.0269,0.0967,0.0185,2.012,2.83,0.312,,,,
50.531,ROTATION_SCAN,3.575,-1.2909,0.299,92.5,0.43,3.87,15.0,-0.0193,0.0666,0.0126,2.012,2.83,0.312,,,,
50.541,ROTATION_SCAN,3.5743,-1.2881,0.302,93.55,0.35,3.57,15.0,-0.0144,0.0352,0.0028,1.984,2.842,0.315,,,,
50.59,ROTATION_SCAN,3.5739,-1.287,0.299,94.62,0.36,3.19,15.0,-0.0084,0.0068,0.0095,1.984,2.842,0.315,,,,
50.646,ROTATION_SCAN,3.5755,-1.2874,0.301,95.63,0.39,2.88,15.0,0.0038,-0.0157,-0.0006,1.973,2.893,0.317,,,,
50.685,ROTATION_SCAN,3.5761,-1.2895,0.301,96.66,0.34,2.41,15.0,0.0106,-0.0399,0.0052,1.973,2.893,0.317,,,,
50.734,ROTATION_SCAN,3.5778,-1.2901,0.299,97.61,0.38,2.02,15.0,0.0193,-0.0527,0.0087,1.951,2.886,0.327,,,,
50.793,ROTATION_SCAN,3.5799,-1.2939,0.299,98.38,0.43,1.63,15.0,0.0292,-0.0686,0.0041,1.951,2.886,0.327,,,,
50.852,ROTATION_SCAN,3.5832,-1.2954,0.302,98.99,0.36,1.28,15.0,0.04,-0.0724,0.004,1.967,2.881,0.344,,,,
50.901,ROTATION_SCAN,3.588,-1.2974,0.304,99.43,0.19,0.86,15.0,0.0508,-0.0724,0.0133,1.967,2.881,0.344,,,,
50.935,ROTATION_SCAN,3.5923,-1.2997,0.303,99.76,-0.13,0.69,15.0,0.0585,-0.0724,0.0163,,2.858,0.36,,,,
50.983,ROTATION_SCAN,3.5966,-1.2992,0.307,100.07,-0.72,0.64,15.0,0.0635,-0.0662,0.0041,,2.858,0.36,,,,
51.034,ROTATION_SCAN,3.6009,-1.2988,0.304,100.43,-1.18,0.64,15.0,0.0606,-0.0624,0.0097,,2.826,0.379,,,,
51.083,ROTATION_SCAN,3.6073,-1.2996,0.304,100.86,-1.59,0.65,15.0,0.0566,-0.0608,0.0005,,2.826,0.379,,,,
51.187,ROTATION_SCAN,3.6113,-1.2981,0.305,101.41,-1.85,0.54,15.0,0.0465,-0.0593,-0.0036,1.97,2.819,0.397,,,,
51.21,ROTATION_SCAN,3.6151,-1.298,0.302,102.07,-1.95,0.41,15.0,0.0361,-0.0585,-0.0041,1.97,2.819,0.397,,,,
51.247,ROTATION_SCAN,3.6179,-1.2972,0.303,102.87,-1.97,0.35,15.0,0.023,-0.0592,-0.0127,,2.704,0.437,,,,
51.299,ROTATION_SCAN,3.6203,-1.2978,0.301,103.78,-2.06,0.24,15.0,0.012,-0.0588,-0.0119,,2.704,0.437,,,,
51.335,ROTATION_SCAN,3.6212,-1.3001,0.301,104.77,-2.12,0.08,15.0,-0.0047,-0.0648,-0.0152,,,,,,,
51.385,ROTATION_SCAN,3.6204,-1.297,0.304,105.85,-2.01,0.16,15.0,-0.023,-0.0577,-0.0142,,,,,,,
51.446,ROTATION_SCAN,3.6193,-1.2962,0.299,106.85,-1.85,0.15,15.0,-0.0361,-0.0535,-0.0077,,,1.768,,,,
51.505,ROTATION_SCAN,3.613,-1.2922,0.302,107.84,-1.64,0.23,15.0,-0.0592,-0.0469,-0.0171,,,1.768,,,,
51.54,ROTATION_SCAN,3.6113,-1.2873,0.299,108.75,-1.41,0.35,15.0,-0.0716,-0.0383,-0.0118,,,1.801,,,,
51.589,ROTATION_SCAN,3.6071,-1.283,0.298,109.61,-1.01,0.55,15.0,-0.0824,-0.0385,-0.0118,,,1.801,,,,
51.651,ROTATION_SCAN,3.6032,-1.2808,0.298,110.45,-0.64,0.72,15.0,-0.0847,-0.0345,-0.0135,,2.056,1.815,,,,
51.721,ROTATION_SCAN,3.6005,-1.278,0.297,111.23,-0.24,0.84,15.0,-0.0841,-0.0333,-0.0079,,2.056,1.815,,,,
51.733,ROTATION_SCAN,3.5957,-1.2753,0.297,112.01,0.2,0.82,15.0,-0.0853,-0.0338,-0.0082,,2.025,1.814,,,,
51.806,ROTATION_SCAN,3.593,-1.2727,0.297,112.82,0.43,1.08,15.0,-0.0788,-0.0321,-0.0039,,2.025,1.814,,,,
51.838,ROTATION_SCAN,3.5901,-1.2704,0.298,113.59,0.45,1.43,15.0,-0.0706,-0.03,-0.0017,,2.038,1.835,,,,
51.89,ROTATION_SCAN,3.5877,-1.2682,0.295,114.43,0.43,1.75,15.0,-0.0591,-0.0316,0.0004,,2.038,1.835,,,,
51.944,ROTATION_SCAN,3.5853,-1.2664,0.297,115.32,0.38,1.85,15.0,-0.0482,-0.0368,-0.0058,,2.019,1.83,,,,
51.983,ROTATION_SCAN,3.5843,-1.2649,0.295,116.24,0.39,1.95,15.0,-0.0368,-0.0448,-0.0002,,2.019,1.83,,,,
52.033,ROTATION_SCAN,3.5835,-1.2662,0.294,117.2,0.24,1.95,15.0,-0.0247,-0.0524,-0.0037,,2.014,1.848,,,,
52.121,ROTATION_SCAN,3.5845,-1.2653,0.295,118.1,0.25,1.89,15.0,-0.0101,-0.0611,-0.0036,,2.014,1.848,,,,
52.145,ROTATION_SCAN,3.5857,-1.2673,0.298,118.99,0.13,1.73,15.0,0.0013,-0.0713,0.001,,2.048,1.881,,,,
52.22,ROTATION_SCAN,3.5887,-1.2691,0.295,119.82,-0.03,1.46,15.0,0.0143,-0.0772,0.0105,,2.048,1.881,,,,
52.238,ROTATION_SCAN,3.5914,-1.2716,0.295,120.63,-0.17,1.12,15.0,0.0249,-0.0825,0.0036,,,,,,,
52.297,ROTATION_SCAN,3.5933,-1.2717,0.298,121.32,-0.35,0.76,15.0,0.029,-0.0816,0.0046,,,,,,,
52.333,ROTATION_SCAN,3.5973,-1.2723,0.293,121.97,-0.52,0.45,15.0,0.0333,-0.082,0.0119,,2.169,,,,,
52.382,ROTATION_SCAN,3.5991,-1.2754,0.297,122.66,-0.68,0.31,15.0,0.0329,-0.0841,-0.0009,,2.169,,,,,
52.467,ROTATION_SCAN,3.6015,-1.276,0.299,123.35,-0.82,0.01,15.0,0.0285,-0.0803,0.0087,,,,,,,
52.485,ROTATION_SCAN,3.6036,-1.2784,0.298,124.04,-0.86,0.02,15.0,0.0243,-0.0818,0.014,,,,,,,
52.551,ROTATION_SCAN,3.6062,-1.2823,0.3,124.72,-0.95,-0.16,15.0,0.0209,-0.0855,0.0101,,,,,,,
52.586,ROTATION_SCAN,3.6075,-1.2854,0.302,125.39,-1.02,-0.17,15.0,0.0142,-0.0867,0.0128,,,,,,,
52.632,ROTATION_SCAN,3.608,-1.2871,0.302,125.99,-0.99,-0.18,15.0,0.0041,-0.0834,0.0177,,,,,,,
52.684,ROTATION_SCAN,3.6077,-1.2901,0.301,126.53,-1.06,-0.27,15.0,-0.0013,-0.0838,0.0126,,,,,,,
52.75,ROTATION_SCAN,3.6063,-1.2909,0.301,127.17,-0.96,-0.33,15.0,-0.0147,-0.0802,0.0048,0.5,,,,,,
52.796,ROTATION_SCAN,3.6047,-1.2934,0.3,127.88,-0.84,-0.35,15.0,-0.0231,-0.0808,0.003,0.5,,,,,,
52.847,ROTATION_SCAN,3.6,-1.296,0.298,128.59,-0.72,-0.17,15.0,-0.0385,-0.0749,-0.0001,0.476,,,,,,
52.886,ROTATION_SCAN,3.5976,-1.2939,0.301,129.36,-0.41,0.04,15.0,-0.046,-0.0677,-0.0047,0.476,,,,,,
52.932,ROTATION_SCAN,3.5948,-1.2921,0.298,130.11,-0.36,0.17,15.0,-0.0509,-0.0635,-0.0011,0.455,,,,,,
52.983,ROTATION_SCAN,3.5904,-1.2894,0.298,130.76,-0.3,0.35,15.0,-0.055,-0.0529,-0.0085,0.455,,,,,,
53.033,ROTATION_SCAN,3.5864,-1.2873,0.299,131.43,-0.29,0.64,15.0,-0.0526,-0.0469,-0.0062,0.437,,,,,,
53.136,ROTATION_SCAN,3.5854,-1.284,0.304,132.21,0.02,0.91,15.0,-0.0471,-0.0435,0.0047,0.437,,,,,,
53.14,ROTATION_SCAN,3.5816,-1.2832,0.299,133.06,0.28,0.91,15.0,-0.0453,-0.0411,0.0159,0.421,,,,,,
53.219,ROTATION_SCAN,3.579,-1.2815,0.301,133.93,0.36,1.1,15.0,-0.0388,-0.0359,0.0064,0.421,,,,,,
53.234,ROTATION_SCAN,3.5784,-1.2813,0.302,134.8,0.5,1.29,15.0,-0.0268,-0.0369,0.011,0.412,,1.597,,,,
53.299,ROTATION_SCAN,3.5756,-1.2785,0.299,135.64,0.28,1.51,15.0,-0.0196,-0.0335,0.0117,0.412,,1.597,,,,
53.332,ROTATION_SCAN,3.5759,-1.2761,0.302,136.46,0.06,1.56,15.0,-0.0064,-0.0324,0.0028,0.408,,1.58,,,,
53.394,ROTATION_SCAN,3.5766,-1.2762,0.304,137.33,-0.14,1.54,15.0,0.0059,-0.0354,0.0057,0.408,,1.58,,,,
53.466,ROTATION_SCAN,3.5768,-1.2749,0.306,138.26,-0.18,1.43,15.0,0.0131,-0.0397,0.0091,0.402,,1.579,,,,
53.482,ROTATION_SCAN,3.5796,-1.2761,0.303,139.17,-0.29,1.26,15.0,0.0251,-0.0466,0.014,0.402,,1.579,,,,
53.536,ROTATION_SCAN,3.583,-1.2733,0.304,139.91,-0.61,0.87,15.0,0.0348,-0.0433,0.006,0.398,,1.593,,,,
53.595,ROTATION_SCAN,3.5848,-1.2717,0.306,140.61,-0.74,0.53,15.0,0.0365,-0.0423,0.0055,0.398,,1.593,,,,
53.633,ROTATION_SCAN,3.5848,-1.2717,0.301,141.3,-0.94,0.3,15.0,0.0311,-0.045,0.0096,0.396,,1.603,,,,
53.683,ROTATION_SCAN,3.5855,-1.2714,0.304,142.03,-0.77,0.3,15.0,0.0268,-0.0464,-0.0003,0.396,,1.603,,,,
53.733,ROTATION_SCAN,3.586,-1.2715,0.304,142.72,-0.89,0.35,15.0,0.0232,-0.0478,0.0057,0.392,,1.614,,,,
53.817,ROTATION_SCAN,3.5849,-1.27,0.302,143.38,-0.94,0.43,15.0,0.0163,-0.047,0.0045,0.392,,1.614,,,,
53.838,ROTATION_SCAN,3.5858,-1.271,0.305,144.02,-0.89,0.69,15.0,0.0153,-0.0525,-0.0009,0.385,,1.615,,,,
53.923,ROTATION_SCAN,3.582,-1.2727,0.307,144.74,-0.99,0.85,15.0,0.0058,-0.0601,0.0064,0.385,,1.615,,,,
53.937,ROTATION_SCAN,3.5793,-1.2728,0.306,145.51,-1.1,0.75,15.0,-0.0005,-0.0647,0.0078,0.378,,1.662,,,,
54.002,ROTATION_SCAN,3.5798,-1.2718,0.303,146.34,-0.9,0.5,15.0,0.0007,-0.0653,0.0012,0.378,,1.662,,,,
54.033,ROTATION_SCAN,3.5779,-1.27,0.304,147.14,-0.7,0.3,15.0,-0.0048,-0.0619,-0.0076,0.374,,1.693,,,,
54.087,ROTATION_SCAN,3.5756,-1.267,0.303,147.95,-0.58,0.28,15.0,-0.0108,-0.0537,-0.0044,0.374,,1.693,,,,
54.135,ROTATION_SCAN,3.5732,-1.2597,0.305,148.79,-0.51,0.53,15.0,-0.0151,-0.0372,-0.0074,0.374,,1.749,,,,
54.212,ROTATION_SCAN,3.5724,-1.2603,0.303,149.63,-0.6,0.98,15.0,-0.013,-0.0401,-0.0035,0.374,,1.749,,,,
54.247,ROTATION_SCAN,3.5708,-1.2611,0.302,150.55,-0.67,1.3,15.0,-0.0094,-0.0475,-0.0088,0.369,,1.844,,,,
54.286,ROTATION_SCAN,3.5696,-1.2624,0.304,151.6,-0.87,1.56,15.0,-0.004,-0.0558,-0.0141,0.369,,1.844,,,,
54.333,ROTATION_SCAN,3.5693,-1.2656,0.298,152.65,-0.88,1.61,15.0,0.0041,-0.0692,-0.0076,0.361,1.632,,,,,
54.384,ROTATION_SCAN,3.5691,-1.2683,0.3,153.82,-1.01,1.33,15.0,0.0151,-0.079,-0.02,0.361,1.632,,,,,
54.45,ROTATION_SCAN,3.5677,-1.2668,0.3,154.94,-0.89,1.03,15.0,0.0081,-0.0903,-0.014,0.355,1.605,,,,,
54.501,ROTATION_SCAN,3.5676,-1.2733,0.299,155.91,-0.75,0.8,15.0,0.0118,-0.0958,-0.0046,0.355,1.605,,,,,
54.536,ROTATION_SCAN,3.5678,-1.2767,0.3,156.73,-0.46,0.8,15.0,0.0175,-0.1011,-0.0052,0.353,1.592,,,,,
54.583,ROTATION_SCAN,3.5672,-1.2807,0.299,157.55,-0.4,0.57,15.0,0.018,-0.1015,0.0002,0.353,1.592,,,,,
54.632,ROTATION_SCAN,3.5679,-1.2843,0.298,158.24,-0.26,0.61,15.0,0.0206,-0.1026,-0.0039,0.352,1.585,2.862,,,,
54.682,ROTATION_SCAN,3.5685,-1.2869,0.302,158.81,0.02,0.47,15.0,0.0252,-0.0991,-0.0073,0.352,1.585,2.862,,,,
54.78,ROTATION_SCAN,3.5699,-1.2908,0.297,159.35,0.19,0.32,15.0,0.029,-0.0969,0.0006,0.353,1.576,2.9,,,,
54.787,ROTATION_SCAN,3.5716,-1.2941,0.3,159.84,0.35,0.29,15.0,0.0308,-0.0928,-0.0075,0.353,1.576,2.9,,,,
54.838,ROTATION_SCAN,3.573,-1.2977,0.299,160.48,0.24,0.14,15.0,0.033,-0.0866,-0.001,0.352,1.565,2.883,,,,
54.895,ROTATION_SCAN,3.5757,-1.3017,0.3,161.08,0.07,-0.05,15.0,0.0358,-0.0825,-0.0051,0.352,1.565,2.883,,,,
54.932,ROTATION_SCAN,3.5778,-1.3013,0.297,161.56,-0.12,-0.05,15.0,0.0372,-0.0776,-0.0059,0.352,1.569,2.889,,,,
54.983,ROTATION_SCAN,3.5801,-1.3047,0.301,162.02,-0.34,-0.02,15.0,0.0351,-0.0774,-0.0116,0.352,1.569,2.889,,,,
55.041,ROTATION_SCAN,3.5804,-1.3067,0.3,162.51,-0.25,-0.11,15.0,0.0325,-0.0762,0.0018,0.351,1.568,2.901,,,,
55.107,ROTATION_SCAN,3.5805,-1.3089,0.299,163.09,-0.19,-0.39,15.0,0.0283,-0.0736,0.0,0.351,1.568,2.901,,,,
55.136,ROTATION_SCAN,3.5826,-1.3122,0.298,163.75,-0.14,-0.36,15.0,0.0242,-0.0723,-0.0008,0.348,1.559,2.896,,,,
55.195,ROTATION_SCAN,3.58,-1.3131,0.297,164.52,-0.01,-0.0,15.0,0.0133,-0.0636,0.0025,0.348,1.559,2.896,,,,
55.235,ROTATION_SCAN,3.5761,-1.314,0.298,165.4,0.18,0.26,15.0,0.005,-0.0602,0.006,0.342,1.562,2.859,,,,
55.283,ROTATION_SCAN,3.5752,-1.316,0.298,166.29,0.19,0.37,15.0,0.0043,-0.0535,0.0124,0.342,1.562,2.859,,,,
55.332,ROTATION_SCAN,3.5742,-1.3147,0.298,167.18,-0.13,0.56,15.0,0.0057,-0.0437,0.0103,0.344,1.571,2.881,,,,
55.428,ROTATION_SCAN,3.5731,-1.3117,0.299,168.04,-0.46,0.69,15.0,0.0075,-0.0396,0.0093,0.344,1.571,2.881,,,,
55.438,ROTATION_SCAN,3.5719,-1.3109,0.3,168.87,-0.74,0.74,15.0,0.0008,-0.0359,0.0099,0.34,1.601,2.858,,,,
55.488,ROTATION_SCAN,3.5682,-1.3091,0.301,169.64,-1.03,0.77,15.0,0.0042,-0.0392,0.0119,0.34,1.601,2.858,,,,
55.534,ROTATION_SCAN,3.5682,-1.3103,0.303,170.38,-1.05,0.86,15.0,0.0089,-0.047,0.0114,0.34,,2.833,,,,
55.581,ROTATION_SCAN,3.5672,-1.3107,0.299,171.08,-1.23,0.93,15.0,0.0111,-0.053,0.0126,0.34,,2.833,,,,
55.632,ROTATION_SCAN,3.5659,-1.31,0.301,171.78,-1.25,0.92,15.0,0.0116,-0.0573,0.0006,0.336,,2.836,,,,
55.687,ROTATION_SCAN,3.5678,-1.3124,0.304,172.47,-1.24,0.72,15.0,0.0205,-0.0681,0.0031,0.336,,2.836,,,,
55.77,ROTATION_SCAN,3.5674,-1.313,0.304,173.17,-0.92,0.79,15.0,0.0231,-0.0702,0.0087,0.337,,2.831,,,,
55.786,ROTATION_SCAN,3.5667,-1.3237,0.307,173.82,-0.85,0.53,15.0,0.0248,-0.0929,0.0059,0.337,,2.831,,,,
55.836,ROTATION_SCAN,3.5671,-1.3259,0.306,174.54,-0.72,0.56,15.0,0.0236,-0.0936,0.0093,0.334,,2.832,,,,
55.897,ROTATION_SCAN,3.5654,-1.3275,0.305,175.28,-0.44,0.29,15.0,0.0226,-0.0914,-0.0027,0.334,,2.832,,,,
55.932,ROTATION_SCAN,3.5669,-1.3295,0.304,175.99,-0.11,0.43,15.0,0.0246,-0.0896,-0.0083,0.343,,2.824,,,,
55.982,ROTATION_SCAN,3.5668,-1.3347,0.302,176.6,0.2,0.48,15.0,0.0255,-0.0884,-0.0089,0.343,,2.824,,,,
56.036,ROTATION_SCAN,3.5663,-1.3372,0.302,177.12,0.55,0.5,15.0,0.0262,-0.0827,-0.0132,0.351,,2.808,,,,
56.112,ROTATION_SCAN,3.5675,-1.3393,0.299,177.61,0.57,0.53,15.0,0.0303,-0.0734,-0.0069,0.351,,2.808,,,,
56.132,ROTATION_SCAN,3.5666,-1.3421,0.299,178.11,0.67,0.66,15.0,0.0287,-0.0679,-0.009,0.351,,2.808,,,,
56.206,ROTATION_SCAN,3.5652,-1.3433,0.302,178.73,0.73,0.64,-0.0,0.0293,-0.0552,-0.0071,0.351,,2.808,,,,
56.235,ROTATION_SCAN,3.5661,-1.3464,0.3,179.39,0.73,0.72,-0.0,0.0318,-0.0525,-0.0488,0.359,,2.808,,,,
56.298,ROTATION_SCAN,3.5664,-1.3481,0.292,-179.93,0.87,0.47,-0.0,0.0339,-0.0419,-0.1653,0.359,,2.808,,,,
56.332,ROTATION_SCAN,3.5687,-1.35,0.281,-179.35,0.77,0.05,-0.0,0.0371,-0.037,-0.25,0.38,,2.808,,,,
56.382,ROTATION_SCAN,3.5733,-1.351,0.265,-178.95,0.73,-0.11,-0.0,0.049,-0.0254,-0.3018,0.38,,2.808,,,,
56.447,ROTATION_SCAN,3.5788,-1.3494,0.244,-178.69,0.76,-0.24,-0.0,0.0482,-0.0187,-0.3401,0.39,,2.813,,,,
56.481,ROTATION_SCAN,3.5794,-1.3485,0.227,-178.47,0.63,-0.42,-0.0,0.0395,-0.0239,-0.3697,0.39,,2.813,,,,
56.533,ROTATION_SCAN,3.5612,-1.3673,0.214,-178.42,0.32,-0.68,-0.0,-0.0065,-0.0418,-0.3777,0.395,,2.814,,,,
56.582,ROTATION_SCAN,3.5588,-1.3681,0.189,-178.26,0.5,-0.6,-0.0,-0.0169,-0.0352,-0.3657,0.395,,2.814,,,,
56.633,ROTATION_SCAN,3.5484,-1.3705,0.175,-178.12,0.81,-0.22,-0.0,-0.0388,-0.0293,-0.3778,0.39,,2.826,,,,
56.682,ROTATION_SCAN,3.5497,-1.3808,0.159,-177.89,0.66,0.27,-0.0,-0.0341,-0.0375,-0.3534,0.39,,2.826,,,,
56.758,ROTATION_SCAN,3.5421,-1.3777,0.144,-177.84,0.84,0.4,-0.0,-0.0457,-0.0162,-0.3325,0.382,,2.802,,,,
56.791,ROTATION_SCAN,3.5331,-1.3757,0.125,-177.95,0.81,0.48,-0.0,-0.0546,-0.0021,-0.3096,0.382,,2.802,,,,
56.835,ROTATION_SCAN,3.5292,-1.3677,0.108,-178.13,0.62,0.69,-0.0,-0.0556,0.0273,-0.2913,0.366,,,,,,
56.899,ROTATION_SCAN,3.5251,-1.3632,0.091,-178.36,0.28,0.91,-0.0,-0.0529,0.043,-0.2658,0.366,,,,,,
56.931,ROTATION_SCAN,3.5242,-1.3581,0.085,-178.6,-0.38,1.2,-0.0,-0.0386,0.0594,-0.2409,0.346,,0.431,,,,
56.982,ROTATION_SCAN,3.5224,-1.3535,0.07,-178.78,-0.62,1.0,15.0,-0.0253,0.064,-0.1914,0.346,,0.431,,,,
57.032,ROTATION_SCAN,3.5217,-1.3504,0.066,-178.84,-0.84,0.76,15.0,-0.0157,0.0632,-0.1676,0.334,,0.414,,,,
57.089,ROTATION_SCAN,3.5205,-1.3473,0.059,-178.64,-1.26,1.01,15.0,-0.0085,0.0561,-0.1177,0.334,,0.414,,,,
57.137,ROTATION_SCAN,3.5198,-1.3449,0.052,-178.37,-1.63,1.05,15.0,0.0015,0.0474,-0.086,0.329,,0.42,,,,
57.201,ROTATION_SCAN,3.5203,-1.3424,0.047,-177.96,-1.88,0.72,15.0,0.011,0.0236,-0.0631,0.329,,0.42,,,,
57.238,ROTATION_SCAN,3.522,-1.3399,0.041,-177.34,-1.96,0.4,15.0,0.0125,-0.0044,-0.0435,0.333,,0.423,,,,
57.281,ROTATION_SCAN,3.5223,-1.3401,0.046,-176.76,-1.95,0.21,15.0,0.0193,-0.0365,-0.0286,0.333,,0.423,,,,
57.331,ROTATION_SCAN,3.5237,-1.341,0.044,-176.07,-1.69,0.42,15.0,0.0248,-0.0668,0.0002,0.344,,0.416,,,,
57.382,ROTATION_SCAN,3.5254,-1.3437,0.047,-175.41,-1.2,0.31,15.0,0.0284,-0.095,0.008,0.344,,0.416,,,,
57.435,ROTATION_SCAN,3.5276,-1.3478,0.049,-174.68,-0.65,0.18,15.0,0.0283,-0.1158,0.0213,0.365,,0.42,,,,
57.483,ROTATION_SCAN,3.5295,-1.3532,0.053,-173.93,0.07,0.03,15.0,0.0255,-0.1349,0.0307,0.365,,0.42,,,,
57.549,ROTATION_SCAN,3.5314,-1.3592,0.056,-173.15,0.52,-0.2,15.0,0.0191,-0.1339,0.0375,0.452,,0.417,,,,
57.584,ROTATION_SCAN,3.5324,-1.3658,0.059,-172.35,1.03,-0.28,15.0,0.0105,-0.1261,0.0403,0.452,,0.417,,,,
57.631,ROTATION_SCAN,3.5329,-1.3721,0.058,-171.51,1.5,-0.02,15.0,0.0022,-0.1128,0.0442,0.621,,0.409,,,,
57.682,ROTATION_SCAN,3.5329,-1.3772,0.061,-170.64,2.04,0.02,15.0,-0.0057,-0.088,0.0334,0.621,,0.409,,,,
57.737,ROTATION_SCAN,3.5322,-1.3813,0.064,-169.78,2.37,0.13,15.0,-0.0201,-0.0601,0.0271,0.58,,0.408,,,,
57.79,ROTATION_SCAN,3.5299,-1.385,0.064,-168.95,2.56,0.21,15.0,-0.0315,-0.0299,0.0285,0.58,,0.408,,,,
57.854,ROTATION_SCAN,3.5275,-1.3865,0.063,-168.09,2.35,0.49,15.0,-0.0378,0.0005,0.0124,0.539,,0.413,,,,
57.887,ROTATION_SCAN,3.5241,-1.387,0.065,-167.17,1.7,0.69,15.0,-0.0419,0.0286,0.001,0.539,,0.413,,,,
57.934,ROTATION_SCAN,3.5213,-1.3849,0.059,-166.24,1.45,0.89,15.0,-0.044,0.0541,0.0073,0.524,,0.413,,,,
57.987,ROTATION_SCAN,3.5185,-1.3823,0.061,-165.4,0.85,1.33,15.0,-0.0404,0.0732,-0.0125,0.524,,0.413,,,,
58.032,ROTATION_SCAN,3.5149,-1.3794,0.062,-164.54,0.23,1.49,15.0,-0.0348,0.0873,-0.0101,0.516,,0.425,,,,
58.081,ROTATION_SCAN,3.5128,-1.3749,0.061,-163.59,-0.18,1.18,15.0,-0.0268,0.0986,-0.0022,0.516,,0.425,,,,
58.158,ROTATION_SCAN,3.5108,-1.3694,0.063,-162.36,-1.01,1.01,15.0,-0.0181,0.095,-0.0053,0.505,,0.435,,,,
58.191,ROTATION_SCAN,3.5106,-1.3656,0.06,-161.6,-1.53,0.96,15.0,-0.0073,0.0854,0.0017,0.505,,0.435,,,,
58.234,ROTATION_SCAN,3.5109,-1.3617,0.061,-160.69,-1.82,0.88,15.0,0.0058,0.0681,-0.0001,0.501,2.341,0.451,,,,
58.299,ROTATION_SCAN,3.5121,-1.3586,0.062,-159.72,-1.82,0.75,15.0,0.0203,0.048,-0.0004,0.501,2.341,0.451,,,,
58.331,ROTATION_SCAN,3.5137,-1.3568,0.061,-158.85,-1.76,0.61,15.0,0.0343,0.0315,0.0059,0.501,,0.484,,,,
58.382,ROTATION_SCAN,3.5165,-1.3555,0.058,-157.93,-1.62,0.19,15.0,0.0409,0.0066,0.0036,0.501,,0.484,,,,
58.431,ROTATION_SCAN,3.5201,-1.3555,0.059,-156.78,-1.25,-0.04,15.0,0.044,-0.015,-0.0054,0.504,,,,,,
58.502,ROTATION_SCAN,3.5229,-1.3569,0.06,-155.88,-0.95,-0.26,15.0,0.0431,-0.0346,-0.0009,0.504,,,,,,
58.548,ROTATION_SCAN,3.5252,-1.3587,0.06,-154.96,-0.58,-0.28,15.0,0.0391,-0.0557,0.0026,0.505,,,,,,
58.583,ROTATION_SCAN,3.5267,-1.3615,0.061,-154.27,-0.23,-0.37,15.0,0.0317,-0.0672,0.001,0.505,,,,,,
58.633,ROTATION_SCAN,3.5278,-1.3647,0.06,-153.26,0.21,0.08,15.0,0.0213,-0.0727,0.0069,0.519,,1.97,,,,
58.681,ROTATION_SCAN,3.5282,-1.3692,0.059,-152.64,0.3,0.14,15.0,0.0167,-0.0769,0.0025,0.519,,1.97,,,,
58.732,ROTATION_SCAN,3.5284,-1.374,0.062,-151.7,0.57,0.44,15.0,0.0086,-0.0757,-0.0025,0.525,,1.991,,,,
58.781,ROTATION_SCAN,3.5274,-1.3771,0.061,-151.05,0.76,0.44,15.0,0.0036,-0.0686,0.0041,0.525,,1.991,,,,
58.858,ROTATION_SCAN,3.5261,-1.3813,0.063,-150.11,1.05,0.66,15.0,-0.0065,-0.062,-0.0019,0.535,,2.007,,,,
58.891,ROTATION_SCAN,3.5248,-1.3835,0.061,-149.52,1.29,0.95,15.0,-0.012,-0.0498,0.0061,0.535,,2.007,,,,
58.933,ROTATION_SCAN,3.5221,-1.3862,0.064,-148.62,1.21,1.4,15.0,-0.0162,-0.0314,0.0029,0.543,,,0.495,,,
58.996,ROTATION_SCAN,3.5208,-1.3866,0.063,-148.01,1.32,1.31,15.0,-0.0163,-0.0114,0.0057,0.543,,,0.495,,,
59.031,ROTATION_SCAN,3.5184,-1.3872,0.063,-147.21,1.26,1.16,15.0,-0.0171,0.0095,0.0073,0.551,,,0.478,,,
59.081,ROTATION_SCAN,3.5157,-1.387,0.064,-146.78,1.0,1.29,15.0,-0.0178,0.0253,0.0032,0.551,,,0.478,,,
59.131,ROTATION_SCAN,3.5134,-1.3852,0.062,-146.13,0.68,1.21,15.0,-0.0195,0.0438,0.004,0.559,,,0.462,,,
59.204,ROTATION_SCAN,3.5121,-1.382,0.059,-145.54,0.32,1.29,15.0,-0.0179,0.0604,0.0007,0.559,,,0.462,,,
59.236,ROTATION_SCAN,3.5099,-1.3783,0.063,-145.0,-0.05,1.08,15.0,-0.0105,0.0689,-0.0026,0.563,,,0.453,,,
59.284,ROTATION_SCAN,3.509,-1.375,0.065,-144.36,-0.53,0.9,15.0,-0.004,0.0717,0.0076,0.563,,,0.453,,,
59.345,ROTATION_SCAN,3.5088,-1.3715,0.063,-143.69,-0.85,0.87,15.0,0.0022,0.0703,0.0152,0.575,,,0.438,,,
59.381,ROTATION_SCAN,3.5089,-1.3683,0.064,-143.03,-0.98,0.84,15.0,0.0115,0.0694,0.0079,0.575,,,0.438,,,
59.431,ROTATION_SCAN,3.5099,-1.3652,0.062,-142.38,-1.09,0.51,15.0,0.0238,0.0617,0.0064,0.586,,,0.428,,,
59.492,ROTATION_SCAN,3.5119,-1.3629,0.063,-141.68,-1.16,0.07,15.0,0.0327,0.0524,0.0068,0.586,,,0.428,,,
59.552,ROTATION_SCAN,3.5137,-1.3609,0.064,-140.93,-1.04,-0.09,15.0,0.0386,0.0413,0.0051,0.6,,,0.422,,,
59.611,ROTATION_SCAN,3.5157,-1.3597,0.064,-140.1,-0.9,-0.39,15.0,0.0412,0.0286,0.0055,0.6,,,0.422,,,
59.632,ROTATION_SCAN,3.5176,-1.3585,0.066,-139.28,-0.81,-0.29,15.0,0.0414,0.0189,0.0003,0.621,,,0.415,,,
59.691,ROTATION_SCAN,3.5192,-1.3593,0.067,-138.5,-0.7,-0.4,15.0,0.0369,-0.0009,0.0031,0.621,,,0.415,,,
59.733,ROTATION_SCAN,3.5203,-1.3596,0.066,-137.76,-0.55,-0.52,15.0,0.0298,-0.0136,0.0013,0.64,,,0.413,,,
59.781,ROTATION_SCAN,3.5209,-1.3616,0.066,-137.04,-0.26,-0.36,15.0,0.0229,-0.0285,-0.0041,0.64,,,0.413,,,
59.831,ROTATION_SCAN,3.5207,-1.3632,0.062,-136.33,-0.08,-0.23,15.0,0.0121,-0.0375,-0.0023,0.662,,,0.408,,,
59.916,ROTATION_SCAN,3.5201,-1.3663,0.064,-135.6,0.18,-0.4,15.0,0.0038,-0.0473,-0.0094,0.662,,,0.408,,,
59.95,ROTATION_SCAN,3.519,-1.3691,0.061,-134.88,0.42,-0.18,15.0,-0.0081,-0.0519,-0.0093,0.685,,,0.4,,,
59.984,ROTATION_SCAN,3.5169,-1.3722,0.062,-134.15,0.25,0.56,15.0,-0.0179,-0.0535,-0.0101,0.685,,,0.4,,,
60.037,ROTATION_SCAN,3.5138,-1.3756,0.065,-133.35,0.41,1.11,15.0,-0.0264,-0.0515,-0.0016,0.711,,,0.392,,,
60.08,ROTATION_SCAN,3.5113,-1.3785,0.065,-132.52,0.43,1.45,15.0,-0.0292,-0.0412,0.0068,0.711,,,0.392,,,
60.132,ROTATION_SCAN,3.5087,-1.3805,0.064,-131.64,0.53,1.32,15.0,-0.0279,-0.0318,0.007,0.75,,,0.38,,,
60.181,ROTATION_SCAN,3.5071,-1.3806,0.063,-130.86,0.44,1.35,15.0,-0.0255,-0.013,0.0095,0.75,,,0.38,,,
60.262,ROTATION_SCAN,3.5036,-1.3815,0.065,-130.22,0.2,1.51,15.0,-0.0288,-0.0016,0.0041,0.789,,,0.369,,,
60.309,ROTATION_SCAN,3.5013,-1.3809,0.063,-129.65,0.08,1.42,15.0,-0.0273,0.015,0.0053,0.789,,,0.369,,,
60.332,ROTATION_SCAN,3.4996,-1.3788,0.063,-129.11,-0.06,1.49,15.0,-0.0179,0.0298,-0.0016,0.81,,,0.361,,,
60.391,ROTATION_SCAN,3.4989,-1.3764,0.062,-128.63,-0.33,1.66,15.0,-0.0087,0.0439,-0.0035,0.81,,,0.361,,,
60.433,ROTATION_SCAN,3.4986,-1.3739,0.067,-128.24,-0.34,1.69,15.0,0.0027,0.0589,-0.0022,0.84,,,0.356,,,
60.481,ROTATION_SCAN,3.4997,-1.3697,0.068,-127.82,-0.55,1.3,15.0,0.0175,0.0709,0.0134,0.84,,,0.356,,,
60.531,ROTATION_SCAN,3.5012,-1.3656,0.066,-127.31,-0.81,1.08,15.0,0.0301,0.0765,0.0146,0.846,,,0.353,,,
60.625,ROTATION_SCAN,3.5039,-1.3613,0.065,-126.71,-0.97,0.46,15.0,0.0423,0.0778,0.0048,0.846,,,0.353,,,
60.636,ROTATION_SCAN,3.5063,-1.3579,0.071,-126.0,-0.96,-0.01,15.0,0.05,0.0713,0.0002,0.85,,,0.35,,,
60.701,ROTATION_SCAN,3.51,-1.3548,0.069,-125.24,-0.94,-0.37,15.0,0.0583,0.0613,0.0129,0.85,,,0.35,,,
60.737,ROTATION_SCAN,3.513,-1.3528,0.07,-124.52,-0.7,-0.56,15.0,0.064,0.0481,0.0032,0.87,,,0.347,,,
60.793,ROTATION_SCAN,3.5164,-1.3516,0.064,-123.78,-0.51,-0.49,15.0,0.0616,0.033,0.0021,0.87,,,0.347,,,
60.834,ROTATION_SCAN,3.5192,-1.3512,0.067,-123.1,-0.39,-0.65,15.0,0.0604,0.0176,-0.0163,0.898,,,0.348,,,
60.881,ROTATION_SCAN,3.5215,-1.3521,0.064,-122.55,-0.14,-0.85,15.0,0.0543,0.0048,-0.0089,0.898,,,0.348,,,
60.942,ROTATION_SCAN,3.5239,-1.3538,0.066,-121.93,0.2,-0.58,15.0,0.0526,-0.0106,-0.0106,0.876,,,0.353,,,
60.995,ROTATION_SCAN,3.5256,-1.3556,0.061,-121.26,0.36,-0.44,15.0,0.041,-0.0202,-0.0035,0.876,,,0.353,,,
61.047,ROTATION_SCAN,3.5266,-1.3568,0.06,-120.46,0.58,-0.55,15.0,0.0275,-0.0257,-0.0122,,,,0.349,,,
61.083,ROTATION_SCAN,3.5264,-1.359,0.061,-119.56,0.55,-0.44,15.0,0.0135,-0.0353,-0.0088,,,,0.349,,,
61.152,ROTATION_SCAN,3.5253,-1.3619,0.058,-118.61,0.48,-0.09,15.0,-0.0016,-0.0394,0.0006,,,1.634,0.34,,,
61.196,ROTATION_SCAN,3.5239,-1.3649,0.058,-117.68,0.41,0.21,15.0,-0.0135,-0.04,-0.005,,,1.634,0.34,,,
61.231,ROTATION_SCAN,3.5218,-1.3683,0.061,-116.7,0.35,0.42,15.0,-0.0193,-0.0437,-0.0007,0.483,,1.618,0.333,,,
61.28,ROTATION_SCAN,3.5195,-1.3712,0.067,-115.56,0.23,0.58,15.0,-0.0284,-0.044,0.0176,0.483,,1.618,0.333,,,
61.354,ROTATION_SCAN,3.5172,-1.3735,0.068,-114.42,0.02,1.14,15.0,-0.0309,-0.0345,0.0329,0.446,,1.595,0.328,,,
61.387,ROTATION_SCAN,3.5151,-1.3747,0.07,-113.31,-0.24,1.66,15.0,-0.0279,-0.025,0.0293,0.446,,1.595,0.328,,,
61.435,ROTATION_SCAN,3.5144,-1.3754,0.067,-112.23,-0.3,1.64,15.0,-0.0206,-0.0142,0.0237,0.428,,1.588,0.33,,,
61.496,ROTATION_SCAN,3.5123,-1.3756,0.067,-111.16,-0.35,1.43,15.0,-0.0147,0.0027,0.01,0.428,,1.588,0.33,,,
61.53,ROTATION_SCAN,3.5113,-1.3747,0.068,-110.13,-0.51,1.36,15.0,-0.0099,0.0167,0.002,0.417,,1.579,0.322,,,
61.581,ROTATION_SCAN,3.5119,-1.3733,0.067,-109.19,-0.96,1.4,15.0,0.0009,0.0273,0.0072,0.417,,1.579,0.322,,,
61.631,ROTATION_SCAN,3.5125,-1.3714,0.072,-108.36,-0.86,1.12,15.0,0.0176,0.0369,0.0073,0.413,,1.576,0.317,,,
61.7,ROTATION_SCAN,3.5144,-1.3689,0.069,-107.58,-0.78,0.63,15.0,0.0261,0.0412,0.009,0.413,,1.576,0.317,,,
61.738,ROTATION_SCAN,3.5164,-1.3668,0.07,-106.88,-0.93,0.52,15.0,0.0376,0.0438,0.0034,0.409,,1.574,0.317,,,
61.783,ROTATION_SCAN,3.5191,-1.3642,0.071,-106.24,-0.86,0.23,15.0,0.0477,0.0461,0.0014,0.409,,1.574,0.317,,,
61.85,ROTATION_SCAN,3.5215,-1.3622,0.066,-105.59,-0.62,-0.35,15.0,0.0541,0.0397,0.0047,0.411,,1.569,0.314,,,
61.88,ROTATION_SCAN,3.5247,-1.3612,0.068,-104.89,-0.44,-0.32,15.0,0.0593,0.0305,-0.0055,0.411,,1.569,0.314,,,
61.931,ROTATION_SCAN,3.528,-1.3607,0.068,-104.13,-0.2,-0.16,15.0,0.0575,0.021,0.0021,0.412,,1.566,0.318,,,
62.008,ROTATION_SCAN,3.5305,-1.3605,0.071,-103.3,0.27,-0.35,15.0,0.057,0.014,0.0074,0.412,,1.566,0.318,,,
62.07,ROTATION_SCAN,3.5335,-1.3611,0.067,-102.46,0.38,-0.13,15.0,0.051,0.0056,0.0113,0.409,,1.575,0.318,,,
62.09,ROTATION_SCAN,3.5347,-1.3614,0.071,-101.64,0.51,0.15,15.0,0.0414,0.0002,0.0039,0.409,,1.575,0.318,,,
62.142,ROTATION_SCAN,3.5358,-1.3622,0.073,-100.8,0.62,0.18,15.0,0.0325,-0.0014,0.0074,0.411,,,0.317,,,
62.18,ROTATION_SCAN,3.5366,-1.3627,0.07,-100.01,0.93,-0.03,15.0,0.0216,-0.0031,0.0179,0.411,,,0.317,,,
62.23,ROTATION_SCAN,3.5357,-1.3636,0.066,-99.19,0.95,0.33,15.0,0.003,-0.0042,0.0053,0.407,,1.599,0.321,,,
62.28,ROTATION_SCAN,3.5341,-1.3643,0.073,-98.36,0.84,0.31,15.0,-0.009,-0.0027,-0.0065,0.407,,1.599,0.321,,,
62.331,ROTATION_SCAN,3.532,-1.3647,0.069,-97.6,0.85,0.15,15.0,-0.0244,-0.0006,0.015,0.408,,,0.316,,,
62.381,ROTATION_SCAN,3.5284,-1.3656,0.071,-96.88,0.39,0.44,15.0,-0.0419,-0.0026,0.0117,0.408,,,0.316,,,
62.45,ROTATION_SCAN,3.5251,-1.3662,0.067,-96.15,0.1,0.61,15.0,-0.0475,0.0005,0.0128,0.402,,,0.308,,,
62.486,ROTATION_SCAN,3.5209,-1.3665,0.072,-95.51,-0.13,0.4,15.0,-0.0502,0.0025,0.002,0.402,,,0.308,,,
62.535,ROTATION_SCAN,3.519,-1.3671,0.073,-94.88,-0.59,0.64,15.0,-0.0465,0.0035,0.0144,0.404,,,0.308,,,
62.611,ROTATION_SCAN,3.5162,-1.3667,0.072,-94.25,-0.78,0.83,15.0,-0.0403,0.0083,0.0201,0.404,,,0.308,,,
62.634,ROTATION_SCAN,3.5146,-1.3669,0.072,-93.67,-1.26,1.01,15.0,-0.0341,0.0156,0.0076,0.408,,,0.314,,,
62.68,ROTATION_SCAN,3.5139,-1.3659,0.073,-93.09,-1.15,0.32,15.0,-0.0188,0.0212,0.0062,0.408,,,0.314,,,
62.73,ROTATION_SCAN,3.5135,-1.3645,0.076,-92.51,-0.94,0.09,15.0,-0.0081,0.0239,0.0084,0.404,,,0.308,,,
62.799,ROTATION_SCAN,3.5134,-1.3633,0.075,-91.88,-0.86,0.26,15.0,-0.0001,0.0237,0.0137,0.404,,,0.308,,,
62.864,ROTATION_SCAN,3.5142,-1.3623,0.077,-91.21,-0.91,0.35,15.0,0.0096,0.0236,0.0086,0.406,,,0.314,,,
62.881,ROTATION_SCAN,3.5157,-1.3615,0.076,-90.48,-0.9,0.29,15.0,0.0193,0.021,0.0071,0.406,,,0.314,,,
62.95,ROTATION_SCAN,3.5177,-1.3611,0.076,-89.68,-0.6,0.25,15.0,0.0296,0.017,0.0038,0.404,,,0.323,,,
62.99,ROTATION_SCAN,3.5202,-1.3607,0.075,-88.87,-0.28,0.06,15.0,0.0386,0.0148,0.0027,0.404,,,0.323,,,
63.03,ROTATION_SCAN,3.5224,-1.3606,0.072,-88.03,0.25,0.09,-0.0,0.0369,0.0115,-0.0004,0.403,,,0.33,,,
63.08,ROTATION_SCAN,3.524,-1.3605,0.074,-87.25,0.48,0.04,-0.0,0.0325,0.0088,-0.014,0.403,,,0.33,,,
63.173,ROTATION_SCAN,3.5249,-1.3606,0.07,-86.52,0.73,0.04,-0.0,0.0245,0.0065,-0.0177,0.408,,,0.351,,,
63.19,ROTATION_SCAN,3.5246,-1.3611,0.072,-86.0,0.52,-0.01,-0.0,0.0119,-0.0003,-0.0157,0.408,,,0.351,,,
63.23,ROTATION_SCAN,3.5232,-1.3625,0.07,-85.65,0.43,0.38,-0.0,-0.0013,-0.0054,-0.0078,0.407,1.957,,0.36,,,
63.287,ROTATION_SCAN,3.5224,-1.3632,0.07,-85.44,0.11,0.9,-0.0,-0.0081,-0.0028,0.0018,0.407,1.957,,0.36,,,
63.33,ROTATION_SCAN,3.5211,-1.3635,0.073,-85.31,0.01,0.75,-0.0,-0.016,0.0039,0.0074,0.411,,,0.371,,,
63.386,ROTATION_SCAN,3.5191,-1.3631,0.07,-85.27,-0.04,0.38,-0.0,-0.019,0.009,0.0256,0.411,,,0.371,,,
63.43,ROTATION_SCAN,3.5174,-1.3626,0.073,-85.35,-0.26,0.45,-0.0,-0.0216,0.0125,0.0296,0.412,1.903,,0.371,,,
63.489,ROTATION_SCAN,3.5161,-1.3626,0.077,-85.57,-0.65,0.67,-0.0,-0.0214,0.0144,0.0424,0.412,1.903,,0.371,,,
63.584,ROTATION_SCAN,3.5148,-1.3618,0.079,-85.78,-0.78,0.54,-0.0,-0.0172,0.0213,0.0594,0.409,1.847,,0.36,,,
63.596,ROTATION_SCAN,3.5141,-1.3608,0.082,-86.06,-1.0,0.35,-0.0,-0.008,0.0248,0.0655,0.409,1.847,,0.36,,,
63.636,ROTATION_SCAN,3.514,-1.3585,0.09,-86.32,-1.08,0.45,-0.0,0.0028,0.032,0.0749,0.41,,,0.345,,,
63.681,ROTATION_SCAN,3.515,-1.3576,0.087,-86.54,-0.87,-0.11,-0.0,0.0125,0.0292,0.0902,0.41,,,0.345,,,
63.734,ROTATION_SCAN,3.5169,-1.3567,0.091,-86.75,-0.41,-0.34,-0.0,0.0258,0.025,0.0794,0.41,,,0.34,,,
63.78,ROTATION_SCAN,3.5191,-1.3564,0.102,-86.89,-0.26,-0.19,-0.0,0.031,0.0172,0.0818,0.41,,,0.34,,,
63.83,ROTATION_SCAN,3.5211,-1.3564,0.101,-86.97,0.02,0.13,-0.0,0.0321,0.0115,0.104,0.423,,,0.341,,,
63.88,ROTATION_SCAN,3.5227,-1.3566,0.108,-87.02,0.46,0.07,-0.0,0.0303,0.009,0.0973,0.423,,,0.341,,,
63.971,ROTATION_SCAN,3.5251,-1.3561,0.112,-86.98,0.69,0.09,-0.0,0.0307,0.0106,0.104,0.441,,,0.343,,,
64.006,ROTATION_SCAN,3.5264,-1.3556,0.12,-86.9,0.77,0.1,-0.0,0.0239,0.0109,0.1116,0.441,,,0.343,,,
64.036,ROTATION_SCAN,3.5273,-1.3552,0.126,-86.8,0.86,0.13,-0.0,0.0149,0.0052,0.1165,0.459,,,0.346,,,
64.083,ROTATION_SCAN,3.5261,-1.3602,0.134,-86.8,0.7,0.14,-0.0,0.0044,-0.0081,0.1249,0.459,,,0.346,,,
64.138,ROTATION_SCAN,3.5261,-1.3603,0.14,-86.76,0.48,0.28,-0.0,-0.0052,-0.0049,0.1333,0.528,,,0.348,,,
64.18,ROTATION_SCAN,3.5246,-1.3513,0.147,-86.59,0.55,0.56,-0.0,-0.0185,0.0266,0.1347,0.528,,,0.348,,,
64.23,ROTATION_SCAN,3.5234,-1.3518,0.149,-86.55,0.33,0.38,-0.0,-0.0216,0.0235,0.1383,,,,0.347,,,
64.291,ROTATION_SCAN,3.5213,-1.3509,0.163,-86.53,-0.08,0.11,-0.0,-0.0275,0.0257,0.1327,,,,0.347,,,
64.341,ROTATION_SCAN,3.5192,-1.3507,0.165,-86.5,-0.41,0.01,-0.0,-0.0282,0.0231,0.1557,2.755,,,0.349,,,
64.392,ROTATION_SCAN,3.5182,-1.3497,0.176,-86.58,-0.53,-0.15,-0.0,-0.0221,0.0192,0.1505,2.755,,,0.349,,,
64.43,ROTATION_SCAN,3.5147,-1.3491,0.186,-86.63,-0.53,-0.11,-0.0,-0.0282,0.0185,0.1575,2.804,,,0.343,,,
64.485,ROTATION_SCAN,3.5131,-1.3482,0.188,-86.61,-0.72,0.03,-0.0,-0.023,0.019,0.1725,2.804,,,0.343,,,
64.533,ROTATION_SCAN,3.5119,-1.3461,0.195,-86.53,-0.7,0.16,-0.0,-0.0169,0.022,0.1633,2.816,,,0.343,,,
64.58,ROTATION_SCAN,3.507,-1.3449,0.205,-86.44,-0.64,0.25,-0.0,-0.0232,0.0259,0.1674,2.816,,,0.343,,,
64.63,ROTATION_SCAN,3.5081,-1.344,0.214,-86.34,-0.67,0.16,-0.0,-0.0079,0.0251,0.1786,2.826,,,0.344,,,
64.698,ROTATION_SCAN,3.509,-1.344,0.223,-86.23,-0.69,-0.02,-0.0,-0.0081,0.0156,0.1843,2.826,,,0.344,,,
64.742,ROTATION_SCAN,3.5057,-1.3475,0.233,-86.05,-0.61,-0.15,-0.0,-0.0164,0.0077,0.1912,2.849,,,0.345,,,
64.785,ROTATION_SCAN,3.5033,-1.3473,0.245,-85.99,-0.66,0.22,-0.0,-0.0083,0.0076,0.198,2.849,,,0.345,,,
64.834,ROTATION_SCAN,3.5047,-1.346,0.25,-85.93,-0.7,0.21,-0.0,-0.0003,0.0143,0.2049,2.849,,,0.349,,,
64.892,ROTATION_SCAN,3.5003,-1.3453,0.268,-85.89,-0.64,-0.09,-0.0,0.0141,0.0283,0.1901,2.849,,,0.349,,,
64.946,ROTATION_SCAN,3.5081,-1.3392,0.278,-85.97,-0.57,-0.2,-0.0,0.0228,0.0281,0.1997,2.847,,,0.351,,,
64.979,ROTATION_SCAN,3.5106,-1.3389,0.289,-85.95,-0.46,-0.25,-0.0,0.0302,0.0256,0.1979,2.847,,,0.351,,,
65.029,ROTATION_SCAN,3.5137,-1.3393,0.295,-85.88,-0.13,-0.34,-0.0,0.0366,0.0174,0.1845,2.844,2.037,,0.352,,,
65.087,ROTATION_SCAN,3.5161,-1.3394,0.303,-85.77,0.12,-0.3,-0.0,0.0397,0.0113,0.161,2.844,2.037,,0.352,,,
65.138,ROTATION_SCAN,3.5194,-1.3405,0.309,-85.7,0.27,-0.29,-0.0,0.041,0.0059,0.1422,2.841,2.023,,0.364,,,
65.181,ROTATION_SCAN,3.5219,-1.3408,0.319,-85.68,0.35,-0.26,-0.0,0.0396,0.0022,0.1246,2.841,2.023,,0.364,,,
65.235,ROTATION_SCAN,3.5246,-1.3414,0.321,-85.7,0.39,-0.12,-0.0,0.0374,-0.0019,0.1145,2.856,,,0.365,,,
65.279,ROTATION_SCAN,3.5255,-1.343,0.326,-85.76,0.37,0.06,-0.0,0.0323,-0.0068,0.0945,2.856,,,0.365,,,
65.329,ROTATION_SCAN,3.527,-1.3438,0.329,-85.87,0.38,0.19,-0.0,0.0292,-0.0073,0.0769,2.86,2.037,,0.372,,,
65.39,ROTATION_SCAN,3.528,-1.3459,0.334,-85.94,0.41,0.3,15.0,0.0248,-0.0107,0.0639,2.86,2.037,,0.372,,,
65.443,ROTATION_SCAN,3.5302,-1.3484,0.335,-85.88,0.38,0.48,15.0,0.0244,-0.0108,0.0575,2.855,2.046,,0.379,,,
65.491,ROTATION_SCAN,3.5304,-1.3498,0.336,-85.68,0.26,0.57,15.0,0.0192,-0.0075,0.0448,2.855,2.046,,0.379,,,
65.533,ROTATION_SCAN,3.5304,-1.3517,0.339,-85.28,0.35,0.51,15.0,0.0144,-0.0066,0.0292,2.836,,,0.392,,,
65.582,ROTATION_SCAN,3.5301,-1.3521,0.335,-84.77,0.27,0.52,15.0,0.0069,-0.0023,0.024,2.836,,,0.392,,,
65.63,ROTATION_SCAN,3.5268,-1.3532,0.339,-84.25,0.26,0.7,15.0,-0.0007,-0.0001,0.0064,2.839,2.02,,0.441,,,
65.68,ROTATION_SCAN,3.5242,-1.3539,0.339,-83.68,0.01,0.68,15.0,-0.0076,0.0043,0.0082,2.839,2.02,,0.441,,,
65.73,ROTATION_SCAN,3.5203,-1.3524,0.341,-83.08,-0.07,0.7,15.0,-0.0148,0.012,0.0055,2.855,,,0.646,,,
65.823,ROTATION_SCAN,3.5182,-1.3536,0.342,-82.47,-0.32,0.72,15.0,-0.0167,0.0146,0.0029,2.855,,,0.646,,,
65.853,ROTATION_SCAN,3.5143,-1.354,0.34,-81.84,-0.59,0.72,15.0,-0.0197,0.0189,0.0056,2.842,,,1.64,,,
65.897,ROTATION_SCAN,3.5116,-1.3546,0.34,-81.22,-0.94,0.56,15.0,-0.0178,0.0226,-0.0048,2.842,,,1.64,,,
65.943,ROTATION_SCAN,3.5109,-1.3524,0.343,-80.66,-1.09,0.42,15.0,-0.0099,0.0297,-0.0086,2.853,,,1.71,,,
65.982,ROTATION_SCAN,3.5106,-1.3507,0.343,-80.07,-1.19,0.38,15.0,-0.0008,0.0348,-0.002,2.853,,,1.71,,,
66.031,ROTATION_SCAN,3.5128,-1.3494,0.34,-79.51,-1.3,0.23,15.0,0.0124,0.0381,0.0005,2.81,,,1.724,,,
66.079,ROTATION_SCAN,3.5156,-1.3456,0.339,-78.96,-1.49,0.06,15.0,0.0302,0.0438,-0.007,2.81,,,1.724,,,
66.131,ROTATION_SCAN,3.5154,-1.3452,0.337,-78.5,-1.1,0.05,15.0,0.0382,0.0503,-0.011,2.781,,,1.74,,,
66.205,ROTATION_SCAN,3.5194,-1.3408,0.337,-78.24,-0.81,-0.04,15.0,0.0473,0.0492,-0.0174,2.781,,,1.74,,,
66.234,ROTATION_SCAN,3.5225,-1.341,0.336,-78.11,-0.38,-0.02,15.0,0.0564,0.0475,-0.0133,2.737,,,1.748,,,
66.287,ROTATION_SCAN,3.5276,-1.3375,0.336,-77.87,0.12,-0.19,15.0,0.0604,0.0457,-0.0112,2.737,,,1.748,,,
66.33,ROTATION_SCAN,3.5322,-1.3365,0.331,-77.46,0.48,-0.4,15.0,0.0585,0.0403,-0.0096,2.661,,,1.756,,,
66.382,ROTATION_SCAN,3.5351,-1.3366,0.334,-76.96,0.8,-0.56,15.0,0.0561,0.0322,-0.0213,2.661,,,1.756,,,
66.434,ROTATION_SCAN,3.5401,-1.336,0.329,-76.39,1.06,-0.63,15.0,0.0507,0.0236,-0.011,,,,1.781,,,
66.48,ROTATION_SCAN,3.5435,-1.3366,0.33,-75.78,1.41,-0.52,15.0,0.0445,0.0104,-0.0173,,,,1.781,,,
66.529,ROTATION_SCAN,3.5474,-1.337,0.333,-74.96,1.57,-0.41,15.0,0.0342,0.0038,-0.0155,,,,1.788,,,
66.588,ROTATION_SCAN,3.5479,-1.3381,0.331,-74.04,1.67,-0.28,15.0,0.0205,-0.0051,-0.0038,,,,1.788,,,
66.64,ROTATION_SCAN,3.5482,-1.3441,0.329,-73.12,1.67,-0.17,15.0,0.0037,-0.0201,-0.0094,2.101,,,1.806,,,
66.689,ROTATION_SCAN,3.5483,-1.3473,0.333,-72.08,1.46,0.05,15.0,-0.0052,-0.0271,-0.0135,2.101,,,1.806,,,
66.731,ROTATION_SCAN,3.5449,-1.3509,0.328,-71.04,1.31,0.28,15.0,-0.0221,-0.0334,-0.0042,2.023,,,1.825,,,
66.782,ROTATION_SCAN,3.5396,-1.3532,0.327,-69.89,1.0,0.23,15.0,-0.0398,-0.0388,-0.0181,2.023,,,1.825,,,
66.829,ROTATION_SCAN,3.5369,-1.3567,0.326,-68.66,0.55,0.51,15.0,-0.0499,-0.038,-0.019,1.987,,,1.845,,,
66.879,ROTATION_SCAN,3.5314,-1.3605,0.324,-67.52,-0.0,0.74,15.0,-0.0582,-0.0367,-0.0157,1.987,,,1.845,,,
66.929,ROTATION_SCAN,3.526,-1.3644,0.325,-66.44,-0.41,0.91,15.0,-0.0635,-0.0338,-0.0215,1.954,,,1.854,,,
67.027,ROTATION_SCAN,3.5207,-1.3664,0.325,-65.4,-0.92,1.02,15.0,-0.066,-0.0272,-0.0164,1.954,,,1.854,,,
67.048,ROTATION_SCAN,3.5164,-1.3697,0.326,-64.46,-1.37,0.92,15.0,-0.063,-0.0207,-0.0122,1.942,,,1.844,,,
67.098,ROTATION_SCAN,3.5119,-1.372,0.323,-63.53,-1.75,0.65,15.0,-0.0584,-0.012,-0.0078,1.942,,,1.844,,,
67.133,ROTATION_SCAN,3.508,-1.3744,0.324,-62.69,-1.81,0.46,15.0,-0.0512,-0.0063,-0.0169,1.959,,,,,,
67.182,ROTATION_SCAN,3.503,-1.3764,0.32,-61.97,-1.87,0.54,15.0,-0.04,0.0015,-0.0103,1.959,,,,,,
67.23,ROTATION_SCAN,3.5009,-1.3788,0.318,-61.41,-1.67,0.6,15.0,-0.0295,0.0089,-0.0184,1.96,,,,,,
67.279,ROTATION_SCAN,3.4988,-1.3782,0.318,-60.88,-1.64,0.52,15.0,-0.0231,0.0193,-0.0253,1.96,,,,,,
67.33,ROTATION_SCAN,3.495,-1.378,0.316,-60.35,-1.58,0.54,15.0,-0.0198,0.0265,-0.0198,1.986,,,,,,
67.416,ROTATION_SCAN,3.4929,-1.3784,0.317,-59.84,-1.67,0.49,15.0,-0.0124,0.0345,-0.0178,1.986,,,,,,
67.44,ROTATION_SCAN,3.4916,-1.3758,0.316,-59.12,-1.65,0.48,15.0,-0.0043,0.0475,-0.0118,2.0,,,,,,
67.478,ROTATION_SCAN,3.491,-1.3735,0.311,-58.43,-1.59,0.21,15.0,0.0051,0.0568,-0.0093,2.0,,,,,,
67.53,ROTATION_SCAN,3.4914,-1.3698,0.314,-57.87,-1.29,0.02,15.0,0.0121,0.0647,-0.0195,2.05,0.504,,,,,
67.58,ROTATION_SCAN,3.4917,-1.3666,0.312,-57.25,-1.07,-0.11,15.0,0.0225,0.0709,-0.0049,2.05,0.504,,,,,
67.629,ROTATION_SCAN,3.4927,-1.3647,0.316,-56.59,-0.89,-0.1,15.0,0.0328,0.071,-0.0032,2.165,0.488,,,,,
67.688,ROTATION_SCAN,3.4967,-1.3615,0.319,-55.76,-0.62,-0.26,15.0,0.0388,0.0717,0.002,2.165,0.488,,,,,
67.729,ROTATION_SCAN,3.4991,-1.3607,0.315,-54.93,-0.24,-0.46,15.0,0.0427,0.0643,0.0028,2.163,0.48,,,,,
67.797,ROTATION_SCAN,3.5006,-1.3599,0.316,-54.15,-0.12,-0.38,15.0,0.0483,0.0548,-0.0104,2.163,0.48,,,,,
67.842,ROTATION_SCAN,3.5043,-1.3593,0.314,-53.35,0.04,-0.37,15.0,0.0521,0.0496,-0.0084,,0.471,,,,,
67.882,ROTATION_SCAN,3.5078,-1.3579,0.312,-52.57,0.39,-0.47,15.0,0.0544,0.0438,-0.0153,,0.471,,,,,
67.928,ROTATION_SCAN,3.5104,-1.3577,0.312,-51.72,0.32,-0.4,15.0,0.0536,0.0345,-0.0197,,0.463,,,,,
67.978,ROTATION_SCAN,3.5113,-1.3585,0.312,-50.9,0.53,-0.14,15.0,0.0508,0.0193,-0.0172,,0.463,,,,,
68.029,ROTATION_SCAN,3.5129,-1.3617,0.311,-50.08,0.63,0.35,15.0,0.0456,0.0102,-0.0166,,0.459,,1.533,,,
68.079,ROTATION_SCAN,3.5145,-1.3634,0.309,-49.27,0.46,0.56,15.0,0.0363,0.0051,-0.014,,0.459,,1.533,,,
68.17,ROTATION_SCAN,3.5159,-1.3665,0.309,-48.52,0.35,0.78,15.0,0.0298,-0.0041,-0.018,,0.453,,1.537,,,
68.195,ROTATION_SCAN,3.517,-1.3699,0.308,-47.81,0.18,0.74,15.0,0.0224,-0.0053,-0.0112,,0.453,,1.537,,,
68.241,ROTATION_SCAN,3.5163,-1.3733,0.306,-47.08,0.09,0.99,15.0,0.0125,-0.0079,-0.0109,,0.452,,1.527,,,
68.278,ROTATION_SCAN,3.5166,-1.3757,0.307,-46.36,-0.28,1.01,15.0,0.0068,-0.0062,-0.0135,,0.452,,1.527,,,
68.331,ROTATION_SCAN,3.5145,-1.3788,0.304,-45.6,-0.58,1.13,15.0,-0.0018,-0.0058,-0.0065,,0.446,,1.538,,,
68.379,ROTATION_SCAN,3.5136,-1.3809,0.308,-44.8,-0.92,1.16,15.0,-0.0057,0.0022,-0.0089,,0.446,,1.538,,,
68.429,ROTATION_SCAN,3.5127,-1.3833,0.308,-43.94,-1.16,0.96,15.0,-0.0075,0.0096,0.002,,0.436,,1.534,,,
68.478,ROTATION_SCAN,3.5111,-1.3846,0.302,-42.97,-1.31,0.66,15.0,-0.0086,0.0173,0.0056,,0.436,,1.534,,,
68.549,ROTATION_SCAN,3.5099,-1.3852,0.306,-41.85,-1.48,0.68,15.0,-0.0054,0.0282,-0.0083,,0.431,,1.557,,,
68.605,ROTATION_SCAN,3.51,-1.3831,0.304,-40.73,-1.68,0.51,15.0,-0.0023,0.041,0.0036,,0.431,,1.557,,,
68.632,ROTATION_SCAN,3.511,-1.3789,0.305,-39.76,-1.84,0.52,15.0,0.0056,0.0578,0.007,,0.415,,1.571,,,
68.68,ROTATION_SCAN,3.5126,-1.3769,0.307,-38.84,-1.67,0.33,15.0,0.0119,0.0686,0.0062,,0.415,,1.571,,,
68.728,ROTATION_SCAN,3.5155,-1.3756,0.307,-37.89,-1.42,-0.18,15.0,0.0325,0.0807,0.0131,,0.406,,1.584,,,
68.779,ROTATION_SCAN,3.5202,-1.3695,0.305,-36.95,-1.32,-0.43,15.0,0.0427,0.0849,0.0176,,0.406,,1.584,,,
68.829,ROTATION_SCAN,3.5225,-1.3656,0.309,-36.01,-0.79,-0.37,15.0,0.0514,0.0902,0.0092,,0.398,,1.602,,,
68.894,ROTATION_SCAN,3.5253,-1.3614,0.31,-35.02,-0.16,-0.24,15.0,0.0584,0.0905,0.012,,0.398,,1.602,,,
68.928,ROTATION_SCAN,3.5297,-1.3581,0.308,-34.23,0.24,-0.08,15.0,0.0621,0.0879,0.0092,,0.396,,,,,
68.993,ROTATION_SCAN,3.5334,-1.3556,0.308,-33.62,0.56,0.23,15.0,0.0649,0.0811,-0.0064,,0.396,,,,,
69.029,ROTATION_SCAN,3.5367,-1.3538,0.31,-33.11,0.79,0.52,15.0,0.0558,0.0753,-0.0079,,0.397,,1.654,,,
69.082,ROTATION_SCAN,3.5392,-1.3497,0.311,-32.64,1.08,0.86,15.0,0.0466,0.0706,0.0022,,0.397,,1.654,,,
69.128,ROTATION_SCAN,3.5406,-1.347,0.309,-32.35,1.45,0.87,15.0,0.0338,0.0622,0.006,,0.395,,1.688,,,
69.178,ROTATION_SCAN,3.5424,-1.3457,0.309,-32.13,1.48,0.96,15.0,0.021,0.0536,-0.003,,0.395,,1.688,,,
69.229,ROTATION_SCAN,3.5436,-1.3435,0.312,-31.84,1.4,0.95,15.0,0.0048,0.0456,-0.003,1.629,0.399,,,,,
69.31,ROTATION_SCAN,3.5411,-1.3426,0.309,-31.43,1.37,0.82,15.0,-0.0133,0.0384,0.0085,1.629,0.399,,,,,
69.343,ROTATION_SCAN,3.5379,-1.3427,0.308,-30.97,1.2,0.7,15.0,-0.0282,0.0271,-0.0062,1.615,0.394,,1.727,,,
69.385,ROTATION_SCAN,3.535,-1.3442,0.309,-30.25,1.0,0.59,15.0,-0.0403,0.0153,-0.0081,1.615,0.394,,1.727,,,
69.433,ROTATION_SCAN,3.5296,-1.3448,0.308,-29.38,0.83,0.35,15.0,-0.0534,0.0054,-0.0041,1.6,0.383,,1.836,,,
69.487,ROTATION_SCAN,3.5272,-1.3465,0.309,-28.44,0.7,0.04,15.0,-0.0592,-0.0063,-0.0077,1.6,0.383,,1.836,,,
69.531,ROTATION_SCAN,3.5238,-1.351,0.308,-27.35,0.51,-0.23,15.0,-0.0637,-0.0168,-0.0059,1.59,0.377,,,,,
69.578,ROTATION_SCAN,3.5215,-1.3545,0.303,-26.19,0.34,-0.46,15.0,-0.0585,-0.0251,-0.0112,1.59,0.377,,,,,
69.628,ROTATION_SCAN,3.5191,-1.3594,0.304,-25.08,-0.07,-0.65,15.0,-0.053,-0.0378,-0.0227,1.576,0.37,,2.44,,,
69.697,ROTATION_SCAN,3.5185,-1.3645,0.302,-23.99,-0.56,-0.65,15.0,-0.0426,-0.0436,-0.0154,1.576,0.37,,2.44,,,
69.744,ROTATION_SCAN,3.5191,-1.3695,0.302,-23.0,-0.86,-0.44,15.0,-0.0304,-0.0468,-0.0174,1.564,0.361,,2.777,,,
69.778,ROTATION_SCAN,3.5201,-1.3736,0.301,-21.99,-1.19,-0.28,15.0,-0.0175,-0.0465,-0.0156,1.564,0.361,,2.777,,,
69.831,ROTATION_SCAN,3.5211,-1.3784,0.303,-20.99,-1.4,-0.04,15.0,-0.0067,-0.0384,-0.0137,1.554,0.37,,2.857,,,
69.881,ROTATION_SCAN,3.5232,-1.3827,0.301,-20.0,-1.48,0.13,15.0,0.0017,-0.0347,-0.0075,1.554,0.37,,2.857,,,
69.929,ROTATION_SCAN,3.5254,-1.3859,0.302,-19.02,-1.77,0.47,15.0,0.0108,-0.025,-0.0077,1.543,0.364,,2.851,,,
69.979,ROTATION_SCAN,3.5291,-1.3887,0.298,-18.04,-1.73,0.64,15.0,0.0161,-0.0143,-0.0092,1.543,0.364,,2.851,,,
70.029,ROTATION_SCAN,3.5325,-1.3896,0.302,-17.14,-1.57,0.69,15.0,0.0243,-0.0016,-0.0142,1.539,0.365,,,,,
70.08,ROTATION_SCAN,3.5361,-1.3905,0.299,-16.31,-1.51,0.81,15.0,0.028,0.0102,-0.0033,1.539,0.365,,,,,
70.141,ROTATION_SCAN,3.5398,-1.3912,0.299,-15.63,-1.31,1.16,15.0,0.0264,0.0195,-0.0074,1.534,0.366,,2.827,,,
70.189,ROTATION_SCAN,3.5432,-1.3909,0.298,-15.07,-1.48,1.39,15.0,0.0239,0.0311,-0.0038,1.534,0.366,,2.827,,,
70.238,ROTATION_SCAN,3.5452,-1.3904,0.298,-14.59,-1.62,1.38,15.0,0.0176,0.0406,0.0032,1.541,0.369,,2.826,,,
70.279,ROTATION_SCAN,3.5469,-1.3912,0.3,-14.06,-1.41,1.39,15.0,0.0119,0.0477,0.0073,1.541,0.369,,2.826,,,
70.328,ROTATION_SCAN,3.5484,-1.3902,0.302,-13.46,-1.03,1.38,15.0,0.0049,0.0592,0.0089,1.54,0.371,,2.81,,,
70.379,ROTATION_SCAN,3.5488,-1.3869,0.299,-13.01,-0.83,1.2,15.0,-0.0043,0.0708,0.0151,1.54,0.371,,2.81,,,
70.469,ROTATION_SCAN,3.5472,-1.3846,0.302,-12.64,-0.55,1.14,15.0,-0.0134,0.0739,0.0072,1.544,0.371,,2.812,,,
70.478,ROTATION_SCAN,3.5488,-1.382,0.302,-12.17,-0.35,0.93,15.0,-0.0178,0.0746,0.0078,1.544,0.371,,2.812,,,
70.53,ROTATION_SCAN,3.5459,-1.3822,0.303,-11.75,-0.35,0.53,15.0,-0.0273,0.0724,0.0138,1.559,0.36,,2.799,,,
70.582,ROTATION_SCAN,3.5444,-1.3785,0.302,-11.36,-0.36,0.3,15.0,-0.0298,0.0759,0.0155,1.559,0.36,,2.799,,,
70.63,ROTATION_SCAN,3.5421,-1.3753,0.306,-10.95,-0.3,0.33,15.0,-0.0337,0.078,0.0039,,0.356,,2.795,,,
70.682,ROTATION_SCAN,3.5398,-1.3729,0.304,-10.52,-0.05,0.22,15.0,-0.0352,0.0753,0.01,,0.356,,2.795,,,
70.737,ROTATION_SCAN,3.5373,-1.3697,0.301,-10.17,0.22,0.03,15.0,-0.0398,0.0754,0.0074,,0.355,,2.802,,,
70.778,ROTATION_SCAN,3.5346,-1.3662,0.305,-9.75,0.37,-0.23,15.0,-0.0409,0.0722,-0.0013,,0.355,,2.802,,,
70.839,ROTATION_SCAN,3.534,-1.3656,0.306,-9.28,0.21,-0.17,15.0,-0.0364,0.0627,0.0082,,0.353,,2.78,,,
70.895,ROTATION_SCAN,3.5316,-1.3636,0.307,-8.72,0.32,-0.2,15.0,-0.0361,0.054,0.0131,,0.353,,2.78,,,
70.948,ROTATION_SCAN,3.5301,-1.3626,0.3,-8.01,0.33,-0.45,15.0,-0.0349,0.0472,0.0123,,0.351,,2.782,,,
70.977,ROTATION_SCAN,3.5296,-1.3638,0.31,-7.18,0.32,-0.46,15.0,-0.0224,0.0377,-0.0042,,0.351,,2.782,,,
71.032,ROTATION_SCAN,3.532,-1.3686,0.304,-6.22,0.28,-0.2,15.0,-0.015,0.0221,0.0101,,0.355,,2.768,,,
71.078,ROTATION_SCAN,3.5389,-1.3721,0.305,-5.26,0.1,0.08,15.0,-0.0005,0.0104,0.0009,,0.355,,2.768,,,
71.127,ROTATION_SCAN,3.5387,-1.3795,0.302,-4.24,-0.04,0.17,15.0,0.0036,-0.0039,-0.0057,,0.362,,,,,
71.178,ROTATION_SCAN,3.5452,-1.3824,0.308,-3.21,-0.26,0.53,15.0,0.0117,-0.0161,-0.0084,,0.362,,,,,
71.228,ROTATION_SCAN,3.5463,-1.3871,0.305,-2.13,-0.56,0.81,15.0,0.0081,-0.0188,-0.0004,,0.379,,2.799,,,
71.322,NAV_TO_START,3.5496,-1.3916,0.306,-1.14,-0.72,0.8,15.0,0.0079,-0.0177,-0.0037,,0.379,,2.799,,,
71.398,NAV_TO_START,3.5511,-1.3944,0.304,-0.17,-0.9,0.63,15.0,0.0019,-0.0164,-0.0048,,0.419,,2.784,,,
71.509,NAV_TO_START,3.5516,-1.3973,0.301,0.68,-1.17,0.51,-0.0,-0.0026,-0.0118,0.0002,,0.419,,2.784,,,
71.548,NAV_TO_START,3.5539,-1.4009,0.307,1.51,-1.2,0.47,-0.0,-0.0017,-0.0081,-0.0133,,,,2.774,,3.46,-1.4
71.564,NAV_TO_START,3.5528,-1.4015,0.304,2.21,-0.79,0.33,-0.0,-0.0073,-0.0003,0.0001,,,,2.774,,3.46,-1.4
71.598,NAV_TO_START,3.5538,-1.4011,0.301,2.58,-0.62,0.3,-0.0,-0.0069,0.0064,-0.0059,,1.701,2.077,2.778,,3.46,-1.4
71.606,NAV_TO_START,3.5559,-1.4007,0.3,2.95,-0.36,0.29,-0.0,-0.0046,0.0105,-0.0181,,1.701,2.077,2.778,,3.46,-1.4
71.628,NAV_TO_START,3.5549,-1.4016,0.302,3.25,-0.34,0.99,-0.0,-0.0094,0.0105,-0.0156,,1.717,,,,3.46,-1.4
71.678,NAV_TO_START,3.5581,-1.4022,0.301,3.47,-0.35,2.87,-0.0,-0.0178,0.0073,-0.0079,,1.717,,,,3.46,-1.4
71.728,NAV_TO_START,3.5594,-1.4037,0.301,3.6,-0.29,3.74,-0.0,-0.0392,0.0072,-0.006,,1.722,,2.812,,3.46,-1.4
71.778,NAV_TO_START,3.5586,-1.4046,0.303,3.66,-0.52,4.2,-0.0,-0.0688,0.0052,-0.0083,,1.722,,2.812,,3.46,-1.4
71.827,NAV_TO_START,3.5522,-1.4082,0.301,3.61,-0.76,4.51,-0.0,-0.1108,0.0013,0.0044,,1.711,,,,3.46,-1.4
71.913,NAV_TO_START,3.5442,-1.4103,0.302,3.52,-0.91,4.65,-0.0,-0.1527,0.0013,0.0001,,1.711,,,,3.46,-1.4
71.939,NAV_TO_START,3.5373,-1.4118,0.303,3.47,-1.46,4.46,-0.0,-0.1893,0.0058,0.0006,,1.696,2.091,2.796,,3.46,-1.4
71.981,NAV_TO_START,3.5263,-1.412,0.302,3.4,-1.6,3.59,-0.0,-0.2271,0.0155,0.0113,,1.696,2.091,2.796,,3.46,-1.4
72.032,NAV_TO_START,3.5161,-1.412,0.3,3.32,-1.57,2.83,-0.0,-0.2515,0.026,0.0101,,1.687,,2.802,,3.46,-1.4
72.079,NAV_TO_START,3.5057,-1.4093,0.301,3.48,-1.32,1.74,-0.0,-0.2676,0.0388,0.0017,,1.687,,2.802,,3.46,-1.4
72.128,NAV_TO_START,3.4909,-1.4076,0.303,3.82,-1.29,0.66,-0.0,-0.2794,0.0504,0.0095,,1.669,,2.768,,3.46,-1.4
72.178,NAV_TO_START,3.4782,-1.4043,0.302,4.22,-1.02,-0.38,-0.0,-0.2814,0.0602,0.0144,,1.669,,2.768,,3.46,-1.3
72.239,NAV_TO_START,3.4662,-1.4026,0.305,4.65,-0.49,-1.44,-0.0,-0.2653,0.067,0.0064,,1.647,,2.793,,3.46,-1.3
72.295,NAV_TO_START,3.4553,-1.3975,0.307,4.95,-1.7,-2.58,-0.0,-0.2503,0.0752,0.0133,,1.647,,2.793,,3.46,-1.3
72.351,NAV_TO_START,3.4456,-1.3945,0.305,5.01,-3.2,-3.43,-0.0,-0.2177,0.0993,0.021,,1.628,,2.822,,3.46,-1.3
72.403,NAV_TO_START,3.4372,-1.3903,0.311,5.12,-3.53,-4.27,-0.0,-0.1882,0.1223,0.0078,,1.628,,2.822,,3.46,-1.3
72.442,NAV_TO_START,3.4325,-1.3826,0.311,5.29,-3.79,-4.58,-0.0,-0.1362,0.1628,0.0152,,1.622,,,,3.46,-1.3
72.486,NAV_TO_START,3.4293,-1.3726,0.31,5.51,-3.74,-4.64,-0.0,-0.1025,0.1942,0.0122,,1.622,,,,3.46,-1.3
72.532,NAV_TO_START,3.4276,-1.3618,0.306,5.79,-3.18,-4.34,-0.0,-0.0497,0.2338,-0.0042,,1.588,,2.83,,3.46,-1.3
72.58,NAV_TO_START,3.4296,-1.3493,0.304,6.11,-2.46,-3.93,-0.0,-0.0207,0.2536,-0.0171,,1.588,,2.83,,3.46,-1.3
72.628,NAV_TO_START,3.4335,-1.3356,0.306,6.43,-1.5,-3.41,-0.0,0.026,0.2806,-0.0214,,0.273,2.0,2.874,,3.46,-1.3
72.677,NAV_TO_START,3.4387,-1.3195,0.304,6.62,-0.15,-2.64,-0.0,0.0527,0.2893,-0.0124,,0.273,2.0,2.874,,3.42,-0.86
72.748,NAV_TO_START,3.445,-1.3043,0.299,6.64,1.1,-1.73,-0.0,0.0801,0.2829,-0.0169,,0.241,1.927,2.879,,3.42,-0.86
72.801,NAV_TO_START,3.4518,-1.2907,0.3,6.54,0.65,-0.28,-0.0,0.0958,0.2755,-0.027,,0.241,1.927,2.879,,3.42,-0.86
72.834,NAV_TO_START,3.4593,-1.2789,0.303,6.51,0.18,0.81,-0.0,0.1018,0.2653,-0.0155,,0.258,,2.916,,3.42,-0.86
72.879,NAV_TO_START,3.4655,-1.2668,0.302,6.29,-0.04,1.56,-0.0,0.093,0.2574,-0.0028,,0.258,,2.916,,3.42,-0.86
72.928,NAV_TO_START,3.4724,-1.2539,0.303,6.05,-0.52,2.35,-0.0,0.0811,0.2529,-0.0038,,0.27,1.904,,,3.42,-0.86
72.978,NAV_TO_START,3.4759,-1.2426,0.299,5.77,-0.67,2.63,-0.0,0.0597,0.2534,-0.0005,,0.27,1.904,,,3.42,-0.86
73.028,NAV_TO_START,3.4788,-1.2309,0.297,5.46,-0.82,2.81,-0.0,0.0394,0.2506,-0.0109,,0.276,1.887,2.953,,3.42,-0.86
73.079,NAV_TO_START,3.4798,-1.2194,0.303,5.2,-0.89,2.7,-0.0,0.0114,0.2542,-0.0147,,0.276,1.887,2.953,,3.42,-0.86
73.146,NAV_TO_START,3.4796,-1.209,0.301,4.86,-0.91,2.39,-0.0,-0.0115,0.2577,0.0064,,0.275,1.881,2.961,,3.42,-0.86
73.188,NAV_TO_START,3.4787,-1.1974,0.299,4.57,-1.04,2.12,-0.0,-0.0314,0.2569,0.0029,,0.275,1.881,2.961,,3.42,-0.86
73.231,NAV_TO_START,3.476,-1.1849,0.299,4.38,-1.06,1.75,-0.0,-0.051,0.2625,-0.0041,,0.275,,2.987,,3.42,-0.86
73.288,NAV_TO_START,3.4723,-1.1731,0.299,4.28,-0.98,1.44,-0.0,-0.0674,0.2671,-0.005,,0.275,,2.987,,3.42,-0.86
73.329,NAV_TO_START,3.469,-1.1629,0.3,4.2,-0.93,1.06,-0.0,-0.0752,0.2625,-0.0068,,0.266,1.838,2.992,,3.42,-0.86
73.377,NAV_TO_START,3.4649,-1.1523,0.298,4.14,-0.83,0.81,-0.0,-0.0859,0.2663,-0.0051,,0.266,1.838,2.992,,3.42,-0.86
73.428,NAV_TO_START,3.4606,-1.1403,0.298,4.05,-0.92,0.49,-0.0,-0.0888,0.2709,-0.0089,,0.254,1.827,3.028,,3.42,-0.86
73.49,NAV_TO_START,3.456,-1.1282,0.299,4.07,-0.93,0.13,-0.0,-0.0932,0.271,-0.0099,,0.254,1.827,3.028,,3.42,-0.86
73.54,NAV_TO_START,3.4508,-1.116,0.299,4.07,-0.93,-0.09,-0.0,-0.0946,0.2757,-0.0063,,0.246,1.807,3.039,,3.42,-0.86
73.581,NAV_TO_START,3.4479,-1.1031,0.296,4.15,-0.69,-0.14,-0.0,-0.0884,0.2785,-0.0041,,0.246,1.807,3.039,,3.42,-0.86
73.652,NAV_TO_START,3.4432,-1.092,0.296,4.29,-0.6,-0.33,-0.0,-0.0891,0.2823,-0.0135,3.568,0.232,1.774,,,3.42,-0.86
73.683,NAV_TO_START,3.4396,-1.0788,0.297,4.45,-0.54,-0.45,-0.0,-0.0827,0.2844,-0.007,3.568,0.232,1.774,,,3.42,-0.86
73.748,NAV_TO_START,3.4369,-1.0656,0.296,4.62,-0.47,-0.52,-0.0,-0.079,0.2861,-0.0003,3.418,0.226,,,,3.42,-0.86
73.78,NAV_TO_START,3.4331,-1.0509,0.293,4.74,-0.4,-0.51,-0.0,-0.0709,0.2868,-0.0007,3.418,0.226,,,,3.42,-0.86
73.863,NAV_TO_START,3.4304,-1.0389,0.298,4.73,-0.37,-0.55,-0.0,-0.067,0.2852,-0.0071,3.411,0.216,1.708,3.122,,3.42,-0.86
73.888,NAV_TO_START,3.427,-1.0258,0.295,4.72,-0.4,-0.45,-0.0,-0.0601,0.2829,0.0079,3.411,0.216,1.708,3.122,,3.42,-0.86
73.933,NAV_TO_START,3.425,-1.0124,0.295,4.55,-0.25,-0.52,-0.0,-0.0547,0.2892,0.0033,,0.208,1.698,,,3.42,-0.86
73.982,NAV_TO_START,3.4232,-1.0003,0.295,4.33,-0.15,-0.71,-0.0,-0.0494,0.2807,0.0035,,0.208,1.698,,,3.42,-0.86
74.029,NAV_TO_START,3.4212,-0.9866,0.293,3.92,-0.16,-0.79,-0.0,-0.0429,0.2783,0.0041,,0.199,,,,3.42,-0.86
74.078,NAV_TO_START,3.419,-0.9744,0.292,3.51,0.68,-0.74,-0.0,-0.0362,0.273,0.0038,,0.199,,,,3.42,-0.86
74.126,NAV_TO_START,3.4178,-0.9628,0.295,3.23,3.04,-0.68,-0.0,-0.0274,0.2545,-0.0086,,0.194,1.645,3.097,,3.42,-0.86
74.182,NAV_TO_START,3.4161,-0.9526,0.296,3.11,4.22,-0.55,-0.0,-0.024,0.2261,-0.0107,,0.194,1.645,3.097,,3.42,-0.86
74.24,NAV_TO_START,3.4153,-0.9445,0.292,3.05,4.97,-0.48,-0.0,-0.0163,0.1792,-0.0189,,0.19,1.612,,,3.42,-0.86
74.294,NAV_TO_START,3.4143,-0.9391,0.295,3.01,5.24,-0.35,-0.0,-0.0114,0.1268,-0.0361,,0.19,1.612,,,3.42,-0.86
74.332,NAV_TO_START,3.4141,-0.9355,0.289,2.79,4.95,-0.25,-0.0,-0.0057,0.081,-0.0424,,0.185,1.598,,,3.42,-0.86
74.378,NAV_TO_START,3.4135,-0.9352,0.285,2.37,4.28,-0.47,-0.0,-0.004,0.0313,-0.0599,,0.185,1.598,,,3.42,-0.86
74.433,NAV_TO_START,3.4142,-0.9384,0.284,1.72,3.44,-0.49,-0.0,0.0034,-0.0101,-0.0783,,0.189,1.618,,,3.42,-0.86
74.477,NAV_TO_START,3.4144,-0.9425,0.275,0.94,2.32,-0.31,-0.0,0.0089,-0.05,-0.0851,,0.189,1.618,,,3.42,-0.86
74.527,NAV_TO_START,3.4161,-0.948,0.274,0.04,1.27,-0.11,-0.0,0.0145,-0.0698,-0.1103,,0.188,1.647,,,3.42,-0.86
74.604,NAV_TO_START,3.4174,-0.9554,0.266,-0.79,0.17,0.28,-0.0,0.0152,-0.0811,-0.1122,,0.188,1.647,,,3.42,-0.86
74.63,NAV_TO_START,3.419,-0.9616,0.258,-1.56,-0.59,0.3,-0.0,0.0161,-0.0842,-0.1314,,0.196,,,,3.42,-0.86
74.679,NAV_TO_START,3.4215,-0.9664,0.25,-2.03,-0.98,0.26,-0.0,0.0177,-0.0801,-0.1459,,0.196,,,,3.42,-0.86
74.732,NAV_TO_START,3.423,-0.971,0.244,-2.27,-1.45,0.36,-0.0,0.017,-0.0724,-0.1648,,0.198,,,,3.42,-0.86
74.779,NAV_TO_START,3.4247,-0.9758,0.241,-2.24,-1.76,0.48,-0.0,0.0159,-0.0625,-0.1738,,0.198,,,,3.42,-0.86
74.827,NAV_TO_START,3.4264,-0.9801,0.227,-2.12,-1.69,0.19,-0.0,0.0162,-0.052,-0.1803,,0.205,,3.126,,3.42,-0.86
74.877,NAV_TO_START,3.4282,-0.9843,0.215,-2.01,-1.6,0.35,-0.0,0.0176,-0.0435,-0.2012,,0.205,,3.126,,3.42,-0.86
74.933,NAV_TO_START,3.4471,-0.9708,0.204,-1.84,-1.72,0.2,-0.0,0.0623,0.0086,-0.2216,,0.206,,,,3.42,-0.86
74.984,NAV_TO_START,3.4486,-0.9712,0.193,-1.71,-1.24,0.65,-0.0,0.0538,0.0218,-0.2242,,0.206,,,,3.42,-0.86
75.031,NAV_TO_START,3.4465,-0.9705,0.182,-1.65,-0.93,1.07,-0.0,0.0525,0.0406,-0.24,,0.212,,,,3.42,-0.86
75.083,NAV_TO_START,3.4533,-0.967,0.169,-1.49,-0.83,1.34,-0.0,0.0388,0.0403,-0.237,,0.212,,,,3.42,-0.86
75.132,NAV_TO_START,3.4544,-0.9658,0.162,-1.43,-0.37,1.41,-0.0,0.027,0.0594,-0.2447,,0.214,,,,3.42,-0.86
75.176,NAV_TO_START,3.4537,-0.9599,0.147,-1.21,-0.17,1.49,-0.0,0.0091,0.0521,-0.2363,,0.214,,,,3.42,-0.86
75.227,NAV_TO_START,3.4493,-0.9548,0.137,-0.89,0.06,1.56,-0.0,-0.0145,0.0623,-0.2519,,0.214,,,,3.42,-0.86
75.277,NAV_TO_START,3.4502,-0.9548,0.119,-0.46,0.32,1.05,-0.0,-0.038,0.0501,-0.2485,,0.214,,,,3.42,-0.86
75.363,NAV_TO_START,3.4453,-0.9571,0.103,-0.12,0.72,0.71,0.0,-0.0344,0.0344,-0.2662,,0.212,,0.764,,3.42,-0.86
75.429,NAV_TO_START,3.4434,-0.9552,0.082,0.0,0.68,0.37,0.0,-0.033,0.032,-0.4,,0.212,,0.764,,3.42,-0.86
75.452,NAV_TO_START,3.4406,-0.9487,0.049,-0.42,0.41,0.38,0.0,-0.0273,0.027,-0.7186,,0.212,,0.737,,3.42,-0.86
75.479,NAV_TO_START,3.446,-0.9583,0.004,-1.32,0.65,0.37,0.0,-0.0079,0.001,-1.0686,,0.212,,0.737,,3.42,-0.86
75.53,NAV_TO_START,3.4558,-0.9724,0.011,-3.02,6.83,5.72,0.0,0.0524,-0.0877,-0.4295,,0.209,,,,3.42,-0.86
75.578,NAV_TO_START,3.468,-0.9712,0.004,-5.55,12.18,12.27,0.0,0.1301,-0.0531,-0.6056,,0.209,,,,3.42,-0.86
75.627,NAV_TO_START,3.4739,-0.9884,0.004,-6.3,-0.67,1.58,0.0,0.1515,-0.1134,-0.8358,,0.19,1.794,,,3.42,-0.86
75.677,NAV_TO_START,3.4822,-1.0228,0.008,-11.55,-1.0,-3.16,0.0,0.1666,-0.1628,-0.2278,,0.19,1.794,,,3.42,-0.86
75.73,NAV_TO_START,3.4876,-1.0369,0.008,-14.44,0.68,-2.55,0.0,0.1285,-0.1928,-0.1278,,0.213,,,,3.42,-0.86
75.784,NAV_TO_START,3.4948,-1.0471,0.009,-14.53,0.24,-2.51,0.0,0.128,-0.1759,-0.0194,,0.213,,,,3.42,-0.86
