time_s,state,x_m,y_m,z_down_m,yaw_deg,roll_deg,pitch_deg,yaw_ref_deg,vx_ms,vy_ms,vz_ms,range_front_m,range_back_m,range_left_m,range_right_m,range_up_m,target_x_m,target_y_m
0.238,,0.0,0.0,0.012,0.0,0.0,0.0,0.0,0.0,0.0,0.0,0.671,0.412,,,,,
0.241,,0.0039,-0.0034,0.011,0.67,-0.55,0.32,0.0,0.0,0.0,0.0,0.671,0.412,,,,,
0.244,,0.0047,-0.0034,0.012,0.67,-0.55,0.3,0.0,0.0,0.0,0.0,0.671,0.415,,,,,
0.247,,0.0045,-0.0034,0.011,0.67,-0.55,0.3,0.0,0.0,0.0,0.0,0.671,0.415,,,,,
0.343,,0.0053,-0.0031,0.013,0.67,-0.56,0.27,0.0,0.0,0.0,0.0,0.672,0.415,,0.778,,,
0.359,,0.0037,-0.0031,0.011,0.67,-0.56,0.34,0.0,-0.0027,0.0016,-0.0014,0.672,0.415,,0.778,,,
0.384,,0.005,-0.0031,0.012,0.67,-0.56,0.29,0.0,0.0041,0.0013,-0.0036,0.674,0.411,,,,,
0.435,,0.0052,-0.0031,0.014,0.67,-0.55,0.28,0.0,0.0053,0.0015,-0.0029,0.674,0.411,,,,,
0.484,,0.0046,-0.003,0.013,0.67,-0.55,0.31,0.0,0.0022,0.0014,0.0014,0.671,0.415,,,,,
0.54,,0.0048,-0.0033,0.012,0.67,-0.54,0.29,0.0,0.0032,-0.0001,0.0021,0.671,0.415,,,,,
0.589,,0.0046,-0.0033,0.011,0.67,-0.54,0.3,0.0,0.0021,0.0003,-0.0002,0.671,0.418,,,,,
0.651,,0.0041,-0.0033,0.014,0.67,-0.55,0.31,0.0,-0.0008,0.0002,-0.004,0.671,0.418,,,,,
0.696,,0.0054,-0.004,0.011,0.66,-0.51,0.25,0.0,0.0063,-0.0039,0.0003,0.672,0.413,,,,,
0.734,,0.0054,-0.0033,0.011,0.66,-0.54,0.26,0.0,0.0063,-0.0,-0.0041,0.672,0.413,,,,,
0.782,,0.0047,-0.0033,0.012,0.66,-0.55,0.29,0.0,0.0025,0.0003,-0.0064,0.672,0.411,,,,,
0.837,,0.0051,-0.0032,0.012,0.66,-0.55,0.27,0.0,0.004,0.0005,-0.0055,0.672,0.411,,,,,
0.896,,0.0054,-0.0032,0.011,0.66,-0.54,0.26,0.0,0.0052,-0.0001,-0.005,0.674,0.411,,,,,
0.937,,0.0048,-0.0032,0.014,0.66,-0.54,0.28,0.0,0.0018,-0.0004,-0.0066,0.674,0.411,,,,,
0.982,,0.0051,-0.0032,0.013,0.66,-0.54,0.27,0.0,0.0036,-0.0006,-0.0008,0.671,0.414,,0.738,,,
1.055,,0.0047,-0.0032,0.013,0.66,-0.54,0.29,0.0,0.0022,-0.0011,0.0004,0.671,0.414,,0.738,,,
1.084,,0.0042,-0.0032,0.012,0.66,-0.54,0.32,0.0,-0.0005,-0.0008,0.0007,0.673,0.416,,,,,
1.14,,0.0054,-0.0032,0.013,0.66,-0.54,0.27,0.0,0.0057,-0.0007,-0.0018,0.673,0.416,,,,,
1.185,,0.0054,-0.0032,0.011,0.66,-0.54,0.27,0.0,0.006,-0.001,-0.0014,0.676,0.414,,,,,
1.232,,0.0051,-0.0032,0.012,0.67,-0.55,0.28,0.0,0.0043,-0.0002,-0.0055,0.676,0.414,,,,,
1.283,,0.0051,-0.0032,0.011,0.67,-0.55,0.27,0.0,0.0041,0.0005,-0.0055,0.67,0.415,,,,,
1.351,,0.0042,-0.0032,0.012,0.67,-0.55,0.3,0.0,0.0001,0.0005,-0.0076,0.67,0.415,,,,,
1.399,,0.0055,-0.0032,0.013,0.67,-0.54,0.26,0.0,0.0068,0.0005,-0.0061,0.672,0.415,,,,,
1.465,,0.0052,-0.0032,0.013,0.67,-0.55,0.28,0.0,0.0046,0.0005,-0.0027,0.672,0.415,,,,,
1.498,,0.0048,-0.0032,0.011,0.67,-0.54,0.29,0.0,0.0027,0.0003,-0.001,0.671,0.415,2.473,,,,
1.55,,0.0048,-0.0032,0.011,0.67,-0.54,0.28,0.0,0.0026,-0.0002,-0.0047,0.671,0.415,2.473,,,,
1.582,,0.0051,-0.0032,0.012,0.67,-0.54,0.28,0.0,0.0041,0.0003,-0.0068,0.674,0.416,,,,,
1.647,,0.0054,-0.0032,0.012,0.67,-0.54,0.27,0.0,0.0048,0.0006,-0.0053,0.674,0.416,,,,,
1.691,,0.0059,-0.0031,0.012,0.67,-0.54,0.26,0.0,0.0067,0.001,-0.0048,0.675,0.414,,,,,
1.743,,0.0049,-0.0032,0.011,0.67,-0.54,0.29,0.0,0.0013,0.0007,-0.004,0.675,0.414,,,,,
1.784,,0.005,-0.0032,0.009,0.67,-0.53,0.28,0.0,0.0008,0.0,-0.0057,0.676,0.413,,,,,
1.833,,0.0066,-0.0032,0.012,0.67,-0.54,0.22,0.0,0.009,-0.0003,-0.011,0.676,0.413,,,,,
1.923,,0.0056,-0.0032,0.012,0.68,-0.54,0.26,0.0,0.0037,0.0,-0.0065,0.674,0.414,2.519,,,,
1.971,,0.0055,-0.0032,0.012,0.68,-0.54,0.25,0.0,0.0037,0.0002,-0.0036,0.674,0.414,2.519,,,,
2.002,,0.0055,-0.0031,0.011,0.68,-0.54,0.25,0.0,0.004,0.0011,-0.002,0.672,0.415,,,,,
2.051,,0.0051,-0.0031,0.013,0.68,-0.54,0.27,0.0,0.002,0.0011,-0.0034,0.672,0.415,,,,,
2.082,,0.0048,-0.0031,0.014,0.68,-0.54,0.28,0.0,0.0017,0.0006,-0.0001,0.674,0.415,,,,,
2.133,,0.0048,-0.0031,0.012,0.68,-0.54,0.28,0.0,0.0017,0.0006,0.0039,0.674,0.415,,,,,
2.216,,0.0053,-0.0038,0.013,0.68,-0.51,0.26,0.0,0.0044,-0.0025,0.0016,0.676,0.412,2.455,,,,
2.262,,0.0051,-0.0031,0.01,0.68,-0.54,0.27,0.0,0.0029,0.0019,0.0018,0.676,0.412,2.455,,,,
2.297,,0.0057,-0.0031,0.011,0.68,-0.53,0.26,0.0,0.0058,0.0013,-0.0055,0.671,0.417,,,,,
2.351,,0.0052,-0.0031,0.011,0.68,-0.53,0.28,0.0,0.0026,0.0012,-0.0072,0.671,0.417,,,,,
2.382,,0.0054,-0.0031,0.012,0.67,-0.53,0.27,0.0,0.0038,0.0011,-0.0083,0.671,0.413,2.468,,,,
2.432,,0.0055,-0.0036,0.012,0.68,-0.51,0.27,0.0,0.0042,-0.0015,-0.0061,0.671,0.413,2.468,,,,
2.51,,0.0053,-0.0038,0.012,0.68,-0.5,0.28,0.0,0.0027,-0.0034,-0.0048,0.677,0.413,,,,,
2.553,,0.0048,-0.0031,0.013,0.68,-0.53,0.3,0.0,0.0004,0.0008,-0.0031,0.677,0.413,,,,,
2.598,,0.0056,-0.003,0.011,0.68,-0.53,0.27,0.0,0.0044,0.0005,-0.0008,0.675,0.416,,,,,
2.636,,0.0054,-0.003,0.013,0.68,-0.53,0.28,0.0,0.0033,0.0004,-0.0038,0.675,0.416,,,,,
2.682,,0.0056,-0.003,0.012,0.68,-0.53,0.27,0.0,0.0046,0.0001,-0.0009,0.679,0.413,,,,,
2.732,,0.0049,-0.003,0.013,0.68,-0.53,0.31,0.0,0.0006,-0.0001,-0.0014,0.679,0.413,,,,,
2.804,,0.0049,-0.003,0.01,0.69,-0.53,0.31,0.0,0.0012,-0.0007,0.0001,0.676,0.413,,,,,
2.835,,0.0051,-0.003,0.012,0.69,-0.54,0.3,0.0,0.0021,-0.0003,-0.0062,0.676,0.413,,,,,
2.902,,0.006,-0.003,0.011,0.68,-0.54,0.26,0.0,0.0066,0.0,-0.0053,0.676,0.414,,,,,
2.936,,0.0054,-0.003,0.011,0.68,-0.54,0.29,0.0,0.0026,0.0001,-0.0064,0.676,0.414,,,,,
2.983,,0.0063,-0.0034,0.013,0.69,-0.52,0.25,0.0,0.0075,-0.0021,-0.007,0.674,0.413,,0.836,,,
3.033,,0.0052,-0.003,0.01,0.69,-0.54,0.3,0.0,0.0016,-0.0001,-0.0019,0.674,0.413,,0.836,,,
3.099,,0.0057,-0.003,0.014,0.69,-0.54,0.28,0.0,0.0042,-0.0003,-0.0055,0.669,0.412,,,,,
3.143,,0.0058,-0.003,0.011,0.69,-0.54,0.27,0.0,0.0046,-0.0003,0.001,0.669,0.412,,,,,
3.198,,0.0055,-0.003,0.013,0.69,-0.54,0.29,0.0,0.003,-0.0004,-0.0026,0.673,0.416,,,,,
3.237,,0.0066,-0.003,0.012,0.69,-0.54,0.24,0.0,0.0087,-0.0002,-0.0005,0.673,0.416,,,,,
3.282,,0.006,-0.003,0.01,0.69,-0.55,0.28,0.0,0.0052,-0.0001,-0.0016,0.676,0.415,,,,,
3.332,,0.0056,-0.003,0.013,0.69,-0.55,0.3,0.0,0.003,-0.0003,-0.0072,0.676,0.415,,,,,
3.396,,0.0,-0.0,0.012,0.0,-0.0,-0.02,0.0,0.0048,-0.0017,-0.0003,0.674,0.415,2.456,0.61,,,
3.463,,0.0001,-0.0001,0.01,0.0,-0.06,0.01,0.0,0.0048,-0.004,-0.0016,0.674,0.415,2.456,0.61,,,
3.494,,0.0004,-0.0005,0.011,0.01,0.0,0.04,0.0,0.0076,-0.0107,-0.0056,0.674,0.414,,0.572,,,
3.533,,0.0002,-0.0004,0.011,0.02,-0.2,0.23,0.0,0.0026,-0.0069,-0.0068,0.674,0.414,,0.572,,,
3.582,,-0.0003,-0.0005,0.011,0.02,-0.25,0.36,0.0,-0.0021,-0.0073,-0.007,0.674,0.413,,,,,
3.633,,0.0002,-0.0005,0.012,0.03,-0.33,0.27,0.0,0.0027,-0.0059,-0.0067,0.674,0.413,,,,,
3.693,,0.001,-0.0012,0.011,0.03,-0.27,0.19,0.0,0.0081,-0.0113,-0.0039,0.673,0.414,2.513,,,,
3.744,,0.0004,-0.0004,0.012,0.03,-0.43,0.29,0.0,0.0031,-0.0037,-0.0046,0.673,0.414,2.513,,,,
3.792,,0.0004,-0.0004,0.012,0.04,-0.46,0.3,0.0,0.0029,-0.0033,-0.0024,0.675,0.415,,,,,
3.832,,0.0006,-0.0005,0.011,0.04,-0.46,0.29,0.0,0.0036,-0.0034,-0.002,0.675,0.415,,,,,
3.882,,0.0001,-0.0006,0.013,0.05,-0.47,0.34,0.0,0.0014,-0.0037,-0.0039,0.672,0.416,,,,,
3.933,,-0.0003,-0.0004,0.011,0.05,-0.49,0.37,0.0,-0.0016,-0.0018,-0.0006,0.672,0.416,,,,,
3.987,,0.0004,-0.0004,0.012,0.05,-0.5,0.33,0.0,0.0024,-0.0014,-0.0035,0.675,0.413,,,,,
4.05,,0.0,-0.0003,0.013,0.05,-0.51,0.34,0.0,0.0008,-0.0014,-0.0027,0.675,0.413,,,,,
4.087,,0.0011,-0.0003,0.014,0.06,-0.51,0.29,0.0,0.0054,-0.0013,-0.0001,0.672,0.415,,,,,
4.132,,-0.0004,-0.0003,0.011,0.06,-0.52,0.36,0.0,-0.0013,-0.0015,0.0032,0.672,0.415,,,,,
4.182,,0.0007,-0.0014,0.014,0.06,-0.47,0.31,0.0,0.0041,-0.0062,-0.0012,0.672,0.412,2.45,,,,
4.272,,0.0,-0.0003,0.011,0.07,-0.52,0.33,0.0,0.001,-0.0004,0.0023,0.672,0.412,2.45,,,,
4.3,,0.0007,-0.0002,0.013,0.07,-0.53,0.3,0.0,0.0041,-0.0003,-0.0028,0.672,0.415,,,,,
4.335,,0.0003,-0.0002,0.012,0.07,-0.53,0.31,0.0,0.0033,-0.0002,-0.002,0.672,0.415,,,,,
4.395,,-0.0,-0.0002,0.012,0.08,-0.53,0.33,0.0,0.0017,-0.0007,-0.0036,0.675,0.414,,,,,
4.432,,-0.0,-0.0002,0.013,0.08,-0.53,0.33,0.0,0.0015,-0.0013,-0.0045,0.675,0.414,,,,,
4.483,,0.0006,-0.0002,0.011,0.08,-0.54,0.3,0.0,0.0038,-0.0008,-0.0025,0.673,0.414,,,,,
4.551,,0.0009,-0.0002,0.013,0.08,-0.54,0.3,0.0,0.0051,-0.0004,-0.0056,0.673,0.414,,,,,
4.601,,0.0003,-0.0002,0.011,0.09,-0.54,0.32,0.0,0.0026,-0.0001,-0.0025,0.674,0.413,,,,,
4.635,,0.0006,0.0001,0.013,0.09,-0.54,0.31,0.0,0.0038,0.0015,-0.0057,0.674,0.413,,,,,
4.696,,0.0005,0.0001,0.012,0.09,-0.54,0.3,0.0,0.0033,0.0009,-0.0024,0.672,0.415,2.499,0.72,,,
4.731,,-0.0,0.0001,0.01,0.09,-0.54,0.33,0.0,0.0007,0.001,-0.0037,0.672,0.415,2.499,0.72,,,
4.782,,0.0007,0.0001,0.011,0.1,-0.54,0.3,0.0,0.0042,0.0005,-0.0083,0.673,0.41,,0.692,,,
4.857,,0.0008,0.0001,0.01,0.1,-0.53,0.3,0.0,0.0038,-0.0001,-0.0078,0.673,0.41,,0.692,,,
4.895,,0.0006,-0.0002,0.011,0.11,-0.53,0.3,0.0,0.0037,-0.0016,-0.009,0.672,0.414,,,,,
4.935,,-0.0,-0.0002,0.012,0.11,-0.53,0.32,0.0,0.001,-0.0015,-0.0067,0.672,0.414,,,,,
4.99,,-0.0001,-0.0002,0.012,0.12,-0.53,0.32,0.0,0.0013,-0.0005,-0.0026,0.676,0.413,,,,,
5.031,,-0.0006,-0.0002,0.013,0.12,-0.53,0.34,0.0,-0.0015,-0.0007,-0.0011,0.676,0.413,,,,,
5.081,,0.0003,-0.0001,0.013,0.12,-0.53,0.3,0.0,0.0033,-0.0005,0.0014,0.676,0.413,,,,,
5.158,,-0.0006,-0.0001,0.011,0.13,-0.54,0.33,0.0,-0.0005,-0.0006,0.0031,0.676,0.413,,,,,
5.196,,-0.0006,-0.0001,0.01,0.13,-0.53,0.33,0.0,-0.0011,-0.0002,-0.0014,0.672,0.414,2.459,,,,
5.237,,-0.0,-0.0002,0.012,0.13,-0.53,0.31,0.0,0.0016,-0.0001,-0.0065,0.672,0.414,2.459,,,,
5.293,,0.0008,-0.001,0.012,0.13,-0.5,0.28,0.0,0.0053,-0.0045,-0.0049,0.672,0.417,,,,,
5.331,,-0.0003,-0.001,0.012,0.14,-0.5,0.32,0.0,-0.0003,-0.0048,-0.0035,0.672,0.417,,,,,
5.382,,0.0003,-0.0001,0.014,0.14,-0.54,0.29,0.0,0.0026,-0.0005,-0.003,0.674,0.417,2.468,,,,
5.453,,-0.0002,-0.0001,0.014,0.14,-0.54,0.31,0.0,-0.0001,-0.0004,0.0019,0.674,0.417,2.468,,,,
5.487,,0.0003,-0.0001,0.011,0.15,-0.55,0.3,0.0,0.0035,-0.0006,0.0041,0.673,0.414,2.494,,,,
5.547,,-0.0005,-0.0001,0.012,0.15,-0.55,0.33,0.0,-0.0008,-0.0014,-0.0019,0.673,0.414,2.494,,,,
5.584,,0.0009,-0.0001,0.013,0.15,-0.55,0.29,0.0,0.0054,-0.0002,-0.0033,0.674,0.415,2.486,,,,
5.631,,0.0008,-0.0011,0.012,0.16,-0.52,0.29,0.0,0.0052,-0.0049,-0.0022,0.674,0.415,2.486,,,,
5.682,,0.0001,-0.0001,0.011,0.16,-0.56,0.31,0.0,0.0014,0.0003,-0.0041,0.671,0.413,2.473,,,,
5.75,,0.0005,-0.0001,0.013,0.16,-0.55,0.29,0.0,0.0039,0.0006,-0.0065,0.671,0.413,2.473,,,,
5.788,,0.0005,-0.0001,0.012,0.16,-0.56,0.29,0.0,0.0036,0.0013,-0.0035,0.674,0.415,,,,,
5.84,,-0.0002,0.0003,0.01,0.16,-0.57,0.31,0.0,0.001,0.0027,-0.0044,0.674,0.415,,,,,
5.883,,0.0005,-0.0008,0.012,0.17,-0.53,0.29,0.0,0.0041,-0.0018,-0.0089,0.672,0.415,,,,,
5.932,,0.0011,-0.0001,0.012,0.17,-0.55,0.26,0.0,0.0073,0.0012,-0.0062,0.672,0.415,,,,,
5.981,,0.0008,-0.0001,0.012,0.17,-0.55,0.27,0.0,0.006,0.0008,-0.0048,0.673,0.415,,,,,
6.047,,-0.0005,-0.0001,0.01,0.18,-0.55,0.32,0.0,-0.0002,0.0008,-0.0032,0.673,0.415,,,,,
6.087,,0.0009,-0.0001,0.012,0.19,-0.55,0.27,0.0,0.0064,0.0014,-0.0075,0.671,0.417,,,,,
6.147,,0.0008,-0.0004,0.012,0.19,-0.54,0.27,0.0,0.0056,-0.0007,-0.0052,0.671,0.417,,,,,
6.185,,0.0011,-0.0001,0.011,0.19,-0.55,0.27,0.0,0.0068,0.0009,-0.0042,0.672,0.415,2.465,,,,
6.231,,0.0008,-0.0007,0.011,0.19,-0.53,0.29,0.0,0.0055,-0.0026,-0.0056,0.672,0.415,2.465,,,,
6.282,,0.0001,-0.0001,0.013,0.2,-0.55,0.31,0.0,0.0028,0.0002,-0.0064,0.674,0.416,,,,,
6.341,,-0.0004,-0.0001,0.012,0.2,-0.55,0.34,0.0,-0.0005,0.0003,-0.0018,0.674,0.416,,,,,
6.385,,0.0007,-0.0001,0.012,0.2,-0.55,0.3,0.0,0.005,-0.0001,-0.0022,0.669,0.412,,,,,
6.445,,-0.0007,-0.0001,0.013,0.21,-0.55,0.35,0.0,-0.002,-0.0006,-0.0027,0.669,0.412,,,,,
6.483,,0.0011,-0.0001,0.012,0.21,-0.55,0.28,0.0,0.0066,-0.0005,-0.0004,0.675,0.413,,,,,
6.531,,0.0013,-0.0009,0.014,0.21,-0.52,0.27,0.0,0.0073,-0.0043,-0.0012,0.675,0.413,,,,,
6.582,,0.0011,-0.0001,0.011,0.21,-0.56,0.28,0.0,0.006,0.0006,0.0021,0.672,0.414,,,,,
6.635,,0.0011,-0.0001,0.011,0.22,-0.56,0.28,0.0,0.0057,0.0003,-0.0024,0.672,0.414,,,,,
6.684,,0.0003,-0.0001,0.012,0.22,-0.56,0.32,0.0,0.0016,0.0003,-0.0063,0.674,0.415,,,,,
6.75,,0.0003,-0.0001,0.014,0.22,-0.56,0.31,0.0,0.0015,0.0001,-0.0061,0.674,0.415,,,,,
6.784,,0.0006,-0.0,0.011,0.22,-0.56,0.29,0.0,0.0041,0.0013,-0.0013,0.673,0.413,2.487,0.7,,,
6.831,,0.0007,-0.0,0.015,0.23,-0.55,0.28,0.0,0.0056,0.0021,-0.0061,0.673,0.413,2.487,0.7,,,
6.921,,0.0007,-0.0,0.013,0.23,-0.55,0.3,0.0,0.0063,0.0018,0.0001,0.674,0.415,,,,,
6.931,,0.0007,0.0,0.012,0.23,-0.54,0.3,0.0,0.0072,0.0016,-0.0004,0.674,0.415,,,,,
7.011,,0.0003,0.0,0.013,0.24,-0.54,0.33,0.0,0.0059,0.0022,-0.0039,0.674,0.413,,,,,
7.054,,0.0012,0.0001,0.015,0.24,-0.54,0.31,0.0,0.0103,0.0024,-0.0032,0.674,0.413,,,,,
7.099,,0.0,0.0001,0.013,0.25,-0.54,0.36,-0.0,0.0045,0.0028,0.0011,0.672,0.413,,,,,
7.166,,0.0008,-0.0001,0.012,0.27,-0.47,0.34,-0.0,0.0046,0.0049,-0.0007,0.672,0.413,,,,,
7.183,,0.0016,-0.0001,0.012,0.22,-0.43,0.36,-0.0,0.0046,0.0075,-0.0056,0.672,0.414,,,,,
7.256,,0.0008,0.0002,0.007,0.18,-0.35,0.5,-0.0,-0.004,0.0103,-0.0005,0.672,0.414,,,,,
7.291,,0.0009,0.0029,0.0,0.09,0.21,0.52,-0.0,-0.0074,0.0198,0.0114,0.674,0.414,,,,,
7.331,,-0.0011,-0.0069,0.0,-0.06,0.65,1.09,-0.0,-0.0228,-0.0344,0.0266,0.674,0.414,,,,,
7.395,,-0.0164,-0.0138,0.0,-0.14,0.87,1.55,-0.0,-0.1003,-0.0652,0.0536,0.673,0.412,2.505,1.358,,,
7.436,,-0.0173,-0.0184,0.008,-0.32,0.11,0.11,-0.0,-0.0881,-0.0765,0.0923,0.673,0.412,2.505,1.358,,,
7.486,,-0.0199,-0.0079,0.023,-0.57,-1.05,-0.97,-0.0,-0.0727,-0.0017,0.124,0.674,0.425,,1.395,,,
7.537,,-0.0289,0.0005,0.041,-0.83,-1.11,-1.28,-0.0,-0.0867,0.0472,0.162,0.674,0.425,,1.395,,,
7.598,,-0.0257,0.0031,0.057,-1.08,-0.45,-2.0,-0.0,-0.0311,0.0509,0.2081,0.674,,,1.388,,,
7.63,,-0.0209,0.0036,0.074,-1.3,0.29,-2.49,-0.0,0.0208,0.0401,0.2259,0.674,,,1.388,,,
7.68,,-0.0224,0.0079,0.087,-1.45,0.4,-1.77,-0.0,0.0248,0.0495,0.2386,0.667,,,1.396,,,
7.73,,-0.0186,0.0066,0.1,-1.52,0.67,-0.76,-0.0,0.047,0.0257,0.2393,0.667,,,1.396,,,
7.784,,-0.015,0.0049,0.108,-1.56,0.93,-0.38,-0.0,0.0562,0.003,0.2354,0.66,,2.408,1.393,,,
7.843,,-0.0077,0.0027,0.12,-1.61,0.74,-0.22,-0.0,0.0812,-0.0149,0.2263,0.66,,2.408,1.393,,,
7.899,,-0.0029,0.0004,0.13,-1.62,0.6,0.15,-0.0,0.0849,-0.0281,0.2226,0.65,,2.436,1.39,,,
7.931,,0.002,-0.0028,0.135,-1.61,0.46,0.72,-0.0,0.0846,-0.0414,0.2204,0.65,,2.436,1.39,,,
7.98,,0.0072,-0.0066,0.14,-1.58,0.22,1.27,-0.0,0.0809,-0.0519,0.2104,0.64,,2.435,1.387,,,
8.07,,0.0112,-0.0101,0.154,-1.52,-0.15,1.33,-0.0,0.0702,-0.0558,0.2079,0.64,,2.435,1.387,,,
8.082,,0.0154,-0.015,0.163,-1.45,-0.44,1.58,-0.0,0.0606,-0.0619,0.2302,0.635,,,1.383,,,
8.145,,0.0164,-0.018,0.178,-1.31,-0.55,1.58,-0.0,0.0393,-0.0572,0.2345,0.635,,,1.383,,,
8.191,,0.018,-0.0212,0.188,-1.12,-0.72,1.52,-0.0,0.025,-0.053,0.2429,0.631,,2.406,1.379,,,
8.234,,0.0181,-0.024,0.206,-0.92,-0.91,1.18,-0.0,0.0099,-0.0468,0.2424,0.631,,2.406,1.379,,,
8.28,,0.0183,-0.0273,0.221,-0.7,-1.1,0.72,-0.0,0.0012,-0.0419,0.2509,0.628,,,1.371,,,
8.37,,0.0183,-0.0293,0.233,-0.45,-0.99,0.41,-0.0,-0.0028,-0.0329,0.2531,0.628,,,1.371,,,
8.393,,0.0212,-0.0235,0.244,-0.11,-1.07,0.21,-0.0,0.0055,0.0017,0.2371,0.628,,2.416,1.362,,,
8.435,,0.0215,-0.0237,0.256,0.12,-0.89,0.05,-0.0,0.005,0.0081,0.2215,0.628,,2.416,1.362,,,
8.496,,0.023,-0.0224,0.258,0.28,-0.63,-0.03,-0.0,0.0091,0.0168,0.2097,0.628,,2.388,1.369,,,
8.53,,0.0245,-0.0182,0.271,0.43,-0.43,-0.02,-0.0,0.0124,0.0312,0.1751,0.628,,2.388,1.369,,,
8.581,,0.0248,-0.0171,0.28,0.53,-0.12,0.09,-0.0,0.0114,0.0319,0.1714,0.632,,2.394,1.366,,,
8.654,,0.0237,-0.0199,0.286,0.51,0.16,0.21,-0.0,0.0051,0.0191,0.1617,0.632,,2.394,1.366,,,
8.717,,0.0225,-0.0265,0.293,0.45,0.5,0.32,-0.0,-0.001,-0.0048,0.138,0.629,,2.417,1.369,,,
8.737,,0.0225,-0.0277,0.303,0.4,0.59,0.48,-0.0,-0.0044,-0.0121,0.1268,0.629,,2.417,1.369,,,
8.783,,0.021,-0.0288,0.305,0.28,0.34,0.27,-0.0,-0.0101,-0.0167,0.1242,0.632,,2.369,1.362,,,
8.834,,0.0203,-0.029,0.317,0.14,0.16,0.23,-0.0,-0.0128,-0.0168,0.103,0.632,,2.369,1.362,,,
8.893,,0.0194,-0.0348,0.321,0.01,0.06,0.09,-0.0,-0.0146,-0.0298,0.1053,0.635,,2.404,1.371,,,
8.947,,0.0163,-0.0383,0.322,-0.14,-0.17,0.01,-0.0,-0.0207,-0.0339,0.095,0.635,,2.404,1.371,,,
8.998,,0.0132,-0.0446,0.329,-0.23,-0.16,-0.08,-0.0,-0.0248,-0.043,0.0701,0.633,,2.39,1.36,,,
9.039,,0.0108,-0.0473,0.332,-0.25,-0.22,-0.08,-0.0,-0.0268,-0.0428,0.0672,0.633,,2.39,1.36,,,
9.112,,0.0088,-0.05,0.337,-0.22,-0.29,-0.23,-0.0,-0.0268,-0.0417,0.0579,0.635,,2.408,1.362,,,
9.136,,0.0065,-0.0552,0.338,-0.17,-0.4,-0.34,-0.0,-0.0262,-0.0454,0.0488,0.635,,2.408,1.362,,,
9.18,,0.0042,-0.0578,0.344,-0.13,-0.59,-0.39,-0.0,-0.0251,-0.042,0.0374,0.634,,2.397,1.361,,,
9.243,,0.0036,-0.0614,0.343,-0.1,-0.87,-0.56,-0.0,-0.0198,-0.0387,0.039,0.634,,2.397,1.361,,,
9.289,,0.0019,-0.0616,0.346,-0.1,-0.78,-0.72,-0.0,-0.0159,-0.0285,0.0249,0.637,,2.389,1.355,,,
9.352,,0.0018,-0.0635,0.345,-0.02,-0.73,-0.59,-0.0,-0.0089,-0.0235,0.0185,0.637,,2.389,1.355,,,
9.387,,0.0023,-0.0652,0.345,0.09,-0.64,-0.44,-0.0,-0.0032,-0.0188,0.01,0.639,,2.39,1.351,,,
9.429,,0.0027,-0.0623,0.347,0.07,-0.62,-0.4,-0.0,0.0012,-0.0065,0.002,0.639,,2.39,1.351,,,
9.48,,0.0055,-0.0621,0.345,-0.0,-0.48,-0.19,-0.0,0.0087,-0.0009,0.0031,0.638,,2.406,1.344,,,
9.546,ROTATION_SCAN,0.0068,-0.0602,0.347,-0.06,-0.32,-0.06,-0.0,0.0113,0.0059,-0.0062,0.638,,2.406,1.344,,,
9.587,ROTATION_SCAN,0.0118,-0.0591,0.348,-0.07,-0.23,0.16,-0.0,0.0187,0.0094,-0.0055,0.637,,2.407,1.349,,,
9.648,ROTATION_SCAN,0.0103,-0.0567,0.342,-0.07,0.05,0.21,15.0,0.0125,0.0134,-0.0045,0.637,,2.407,1.349,,,
9.685,ROTATION_SCAN,0.0104,-0.0535,0.344,0.04,0.1,0.28,15.0,0.0095,0.0169,-0.0215,0.634,,2.402,1.355,,,
9.73,ROTATION_SCAN,0.0109,-0.0527,0.342,0.3,0.12,0.3,15.0,0.0069,0.0159,-0.0142,0.634,,2.402,1.355,,,
9.781,ROTATION_SCAN,0.0138,-0.0503,0.34,0.73,0.14,0.42,15.0,0.0081,0.0175,-0.0155,0.64,,2.409,1.354,,,
9.872,ROTATION_SCAN,0.0109,-0.0512,0.343,1.27,0.43,0.37,15.0,-0.0004,0.012,-0.0205,0.64,,2.409,1.354,,,
9.905,ROTATION_SCAN,0.0109,-0.0507,0.343,1.92,0.48,0.35,15.0,-0.0034,0.0077,-0.0107,0.641,,2.406,1.35,,,
9.95,ROTATION_SCAN,0.0087,-0.052,0.344,2.66,0.52,0.3,15.0,-0.0091,0.0008,-0.0081,0.641,,2.406,1.35,,,
9.981,ROTATION_SCAN,0.0092,-0.0497,0.343,3.54,0.4,0.24,15.0,-0.0095,0.0007,-0.0054,0.646,,2.394,1.355,3.74,,
10.049,ROTATION_SCAN,0.0058,-0.0518,0.339,4.47,0.47,0.22,15.0,-0.016,-0.0066,-0.0071,0.646,,2.394,1.355,3.74,,
10.084,ROTATION_SCAN,-0.0002,-0.064,0.344,5.34,0.37,0.11,15.0,-0.0255,-0.0296,-0.0172,0.651,,2.415,1.357,,,
10.139,ROTATION_SCAN,-0.0006,-0.0288,0.343,6.22,-0.07,-0.19,15.0,-0.0236,0.0273,-0.0063,0.651,,2.415,1.357,,,
10.192,ROTATION_SCAN,-0.0012,-0.0278,0.341,7.18,-0.02,-0.33,15.0,-0.0205,0.0276,-0.0057,0.663,,2.411,1.362,,,
10.235,ROTATION_SCAN,-0.0031,-0.0368,0.338,8.12,0.38,-0.37,15.0,-0.0185,0.0104,-0.0142,0.663,,2.411,1.362,,,
10.316,ROTATION_SCAN,-0.0057,-0.0385,0.339,9.01,0.83,-0.32,15.0,-0.0175,0.0016,-0.0214,0.674,,2.422,1.36,,,
10.333,ROTATION_SCAN,-0.0039,-0.0369,0.337,9.95,0.99,-0.34,15.0,-0.0091,-0.0034,-0.0196,0.674,,2.422,1.36,,,
10.39,ROTATION_SCAN,-0.0047,-0.0406,0.337,10.89,0.95,-0.41,15.0,-0.0051,-0.0166,-0.0198,0.689,,2.448,1.363,,,
10.431,ROTATION_SCAN,-0.0006,-0.0401,0.339,11.8,0.72,-0.56,15.0,0.0072,-0.0199,-0.0177,0.689,,2.448,1.363,,,
10.493,ROTATION_SCAN,-0.0095,-0.0476,0.338,12.72,0.63,-0.54,15.0,-0.0012,-0.0346,-0.0118,0.715,,2.444,1.363,,,
10.55,ROTATION_SCAN,-0.0075,-0.0519,0.341,13.64,0.51,-0.56,15.0,0.0074,-0.042,-0.0094,0.715,,2.444,1.363,,,
10.58,ROTATION_SCAN,-0.0045,-0.0582,0.338,14.55,0.29,-0.57,15.0,0.0171,-0.0508,-0.0036,0.751,,2.445,1.358,,,
10.634,ROTATION_SCAN,-0.0026,-0.063,0.338,15.41,-0.09,-0.58,15.0,0.0236,-0.0537,-0.0078,0.751,,2.445,1.358,,,
10.68,ROTATION_SCAN,0.0004,-0.0655,0.338,16.27,-0.29,-0.4,15.0,0.0299,-0.0504,-0.0103,,,2.417,,,,
10.736,ROTATION_SCAN,0.0041,-0.0697,0.335,17.14,-0.68,-0.32,15.0,0.0351,-0.0487,-0.0106,,,2.417,,,,
10.78,ROTATION_SCAN,0.0051,-0.0748,0.335,17.96,-1.07,-0.35,15.0,0.0342,-0.0448,-0.0192,,,2.382,,,,
10.854,ROTATION_SCAN,0.0094,-0.0759,0.331,18.8,-1.21,-0.24,15.0,0.038,-0.0329,-0.0163,,,2.382,,,,
10.885,ROTATION_SCAN,0.0151,-0.08,0.335,19.68,-1.34,-0.04,15.0,0.0422,-0.0265,-0.0194,,,,,,,
10.94,ROTATION_SCAN,0.0175,-0.0811,0.335,20.44,-1.46,0.24,15.0,0.0375,-0.0154,-0.0106,,,,,,,
10.984,ROTATION_SCAN,0.021,-0.0795,0.333,21.2,-1.37,0.39,15.0,0.0336,-0.0008,-0.0047,,,,,,,
11.041,ROTATION_SCAN,0.0235,-0.0785,0.332,21.96,-1.42,0.43,15.0,0.0277,0.0105,-0.0116,,,,,,,
11.079,ROTATION_SCAN,0.0258,-0.0744,0.334,22.7,-1.29,0.66,15.0,0.0209,0.026,-0.0154,,,,,,,
11.152,ROTATION_SCAN,0.0275,-0.0708,0.334,23.43,-1.21,0.82,15.0,0.0122,0.0375,-0.0068,,,,,,,
11.215,ROTATION_SCAN,0.0249,-0.066,0.331,24.14,-0.94,1.03,15.0,-0.0048,0.0483,-0.0049,,,1.346,,,,
11.27,ROTATION_SCAN,0.0266,-0.0623,0.332,24.9,-0.51,1.01,15.0,-0.0111,0.0517,-0.0145,,,1.346,,,,
11.313,ROTATION_SCAN,0.0245,-0.0596,0.331,25.58,-0.37,0.94,15.0,-0.023,0.0521,-0.0104,,,1.327,,,,
11.339,ROTATION_SCAN,0.0245,-0.0569,0.333,26.33,-0.08,0.86,15.0,-0.028,0.0506,-0.0113,,,1.327,,,,
11.399,ROTATION_SCAN,0.0215,-0.0535,0.333,27.09,0.34,0.91,15.0,-0.037,0.0478,-0.0056,,,1.297,,,,
11.432,ROTATION_SCAN,0.0198,-0.0499,0.332,27.86,0.56,0.71,15.0,-0.0405,0.0435,-0.0034,,,1.297,,,,
11.498,ROTATION_SCAN,0.0183,-0.0482,0.335,28.62,0.7,0.52,15.0,-0.041,0.0357,-0.0101,,,1.275,,,,
11.547,ROTATION_SCAN,0.016,-0.047,0.334,29.39,0.8,0.43,15.0,-0.0418,0.0269,-0.0041,,,1.275,,,,
11.595,ROTATION_SCAN,0.0145,-0.0445,0.333,30.14,0.87,0.28,15.0,-0.0392,0.0222,-0.0032,,,1.261,,,,
11.631,ROTATION_SCAN,0.0122,-0.042,0.33,30.84,0.89,0.23,15.0,-0.038,0.018,-0.0104,,,1.261,,,,
11.679,ROTATION_SCAN,0.0126,-0.0419,0.33,31.52,0.89,0.28,15.0,-0.0308,0.009,-0.023,,,1.251,,,,
11.73,ROTATION_SCAN,0.0117,-0.043,0.328,32.13,0.89,0.23,15.0,-0.0274,-0.0018,-0.0193,,,1.251,,,,
11.803,ROTATION_SCAN,0.0147,-0.042,0.331,32.79,0.9,0.13,15.0,-0.0152,-0.0066,-0.0188,,,1.249,,,,
11.834,ROTATION_SCAN,0.0151,-0.0445,0.328,33.41,0.72,0.09,15.0,-0.0098,-0.0173,-0.0111,,,1.249,,,,
11.897,ROTATION_SCAN,0.0182,-0.0455,0.331,33.99,0.37,0.1,15.0,-0.0005,-0.0219,-0.016,,,1.265,,,,
11.934,ROTATION_SCAN,0.02,-0.0478,0.324,34.52,0.26,0.12,15.0,0.004,-0.0267,-0.0101,,,1.265,,,,
11.98,ROTATION_SCAN,0.0227,-0.0488,0.326,35.18,0.07,0.31,15.0,0.0087,-0.0281,-0.0246,,1.818,1.275,,,,
12.032,ROTATION_SCAN,0.0243,-0.0508,0.329,35.84,-0.09,0.33,15.0,0.0087,-0.0309,-0.0188,,1.818,1.275,,,,
12.092,ROTATION_SCAN,0.0249,-0.0537,0.324,36.56,-0.25,0.41,15.0,0.0056,-0.0343,-0.0065,,1.827,1.284,,,,
12.161,ROTATION_SCAN,0.029,-0.0551,0.326,37.28,-0.5,0.39,15.0,0.0089,-0.0331,-0.0173,,1.827,1.284,,,,
12.189,ROTATION_SCAN,0.0297,-0.0572,0.325,38.01,-0.71,0.34,15.0,0.004,-0.0316,-0.0116,,1.87,1.295,,,,
12.231,ROTATION_SCAN,0.0297,-0.0587,0.327,38.78,-0.86,0.3,15.0,-0.0026,-0.028,-0.0091,,1.87,1.295,,,,
12.288,ROTATION_SCAN,0.0302,-0.0607,0.328,39.56,-0.93,0.19,15.0,-0.0076,-0.0247,-0.0071,,,1.307,,,,
12.329,ROTATION_SCAN,0.0299,-0.0598,0.324,40.35,-0.93,0.28,15.0,-0.0139,-0.0157,-0.0048,,,1.307,,,,
12.394,ROTATION_SCAN,0.0302,-0.063,0.327,41.05,-1.02,0.19,15.0,-0.0184,-0.0159,-0.0159,,,,,,,
12.458,ROTATION_SCAN,0.0333,-0.0554,0.323,41.75,-1.02,0.05,15.0,-0.016,0.0078,-0.0097,,,,,,,
12.489,ROTATION_SCAN,0.0284,-0.057,0.324,42.46,-1.12,0.1,15.0,-0.0313,0.0096,-0.0174,,1.891,,,,,
12.531,ROTATION_SCAN,0.027,-0.0563,0.32,43.16,-0.84,0.08,15.0,-0.0371,0.0157,-0.0171,,1.891,,,,,
12.589,ROTATION_SCAN,0.024,-0.0556,0.323,43.9,-0.59,0.17,15.0,-0.0446,0.0186,-0.0217,,,,,,,
12.629,ROTATION_SCAN,0.0289,-0.0491,0.32,44.63,-0.22,0.06,15.0,-0.0315,0.0323,-0.0153,,,,,,,
12.693,ROTATION_SCAN,0.0154,-0.0533,0.321,45.32,0.0,0.26,15.0,-0.058,0.0195,-0.0183,,,,,,,
12.738,ROTATION_SCAN,0.0131,-0.0495,0.319,46.01,0.15,0.32,15.0,-0.0581,0.0233,-0.0156,,,,,,,
12.802,ROTATION_SCAN,0.0107,-0.0471,0.318,46.64,0.53,0.1,15.0,-0.0558,0.0228,-0.0172,,,,0.871,,,
12.832,ROTATION_SCAN,0.0075,-0.0443,0.319,47.38,0.79,0.16,15.0,-0.053,0.0218,-0.0181,,,,0.871,,,
12.893,ROTATION_SCAN,0.0045,-0.0432,0.319,48.14,1.02,0.12,15.0,-0.0492,0.0156,-0.014,,,,0.853,,,
12.929,ROTATION_SCAN,0.0027,-0.0394,0.314,48.91,1.04,0.02,15.0,-0.0412,0.0164,-0.0114,,,,0.853,,,
12.985,ROTATION_SCAN,0.0004,-0.0362,0.32,49.67,1.2,0.14,15.0,-0.0353,0.0154,-0.0219,,,,0.842,,,
13.051,ROTATION_SCAN,-0.0016,-0.0351,0.315,50.47,1.29,0.2,15.0,-0.0286,0.0082,-0.006,,,,0.842,,,
13.082,ROTATION_SCAN,-0.0021,-0.0353,0.314,51.26,1.08,0.09,15.0,-0.0198,-0.0001,-0.0127,,,,0.827,,,
13.142,ROTATION_SCAN,-0.0023,-0.0325,0.315,52.09,1.12,-0.03,15.0,-0.011,0.0007,-0.0192,,,,0.827,,,
13.187,ROTATION_SCAN,-0.0008,-0.0332,0.319,52.9,1.08,0.08,15.0,0.0009,-0.0068,-0.0129,,,,0.812,,,
13.229,ROTATION_SCAN,0.0035,-0.0316,0.315,53.68,0.99,0.2,15.0,0.0168,-0.0087,-0.003,,,,0.812,,,
13.284,ROTATION_SCAN,0.0065,-0.0281,0.317,54.37,0.77,0.24,15.0,0.0261,-0.0053,-0.0122,,,,0.796,,,
13.38,ROTATION_SCAN,0.0104,-0.0275,0.314,55.1,0.62,0.48,15.0,0.0351,-0.0089,-0.0093,,,,0.796,,,
13.411,ROTATION_SCAN,0.0133,-0.0271,0.319,55.82,0.54,0.66,15.0,0.0387,-0.0141,-0.0135,,,,0.78,,,
13.441,ROTATION_SCAN,0.0159,-0.0293,0.314,56.56,0.25,0.85,15.0,0.0392,-0.0245,-0.004,,,,0.78,,,
13.482,ROTATION_SCAN,0.0182,-0.0314,0.309,57.25,0.0,0.88,15.0,0.0368,-0.0328,-0.0123,,,,0.766,,,
13.537,ROTATION_SCAN,0.0212,-0.0327,0.315,57.92,-0.25,0.91,15.0,0.0342,-0.0377,-0.0281,,,,0.766,,,
13.601,ROTATION_SCAN,0.0214,-0.0362,0.308,58.64,-0.31,0.9,15.0,0.0251,-0.0464,-0.0079,,,,0.76,,,
13.637,ROTATION_SCAN,0.0211,-0.0398,0.311,59.42,-0.49,0.9,15.0,0.0147,-0.0538,-0.0186,,,,0.76,,,
13.684,ROTATION_SCAN,0.0188,-0.0414,0.315,60.19,-0.7,0.68,15.0,0.0005,-0.0544,-0.0121,,,,0.752,,,
13.734,ROTATION_SCAN,0.0147,-0.0438,0.313,61.0,-0.89,0.3,15.0,-0.0164,-0.0536,0.0046,,,,0.752,,,
13.78,ROTATION_SCAN,0.0131,-0.0457,0.309,61.83,-0.78,0.1,15.0,-0.0246,-0.0501,-0.0028,,,,0.747,,,
13.835,ROTATION_SCAN,0.0067,-0.0476,0.311,62.65,-0.72,-0.25,15.0,-0.0409,-0.0452,-0.0146,,,,0.747,,,
13.88,ROTATION_SCAN,0.0031,-0.0478,0.309,63.49,-0.4,-0.5,15.0,-0.0467,-0.0357,-0.0069,,,,0.74,,,
13.958,ROTATION_SCAN,0.0008,-0.0457,0.313,64.37,-0.02,-0.64,15.0,-0.0456,-0.0225,-0.0086,,,,0.74,,,
13.981,ROTATION_SCAN,-0.0025,-0.0438,0.312,65.2,0.31,-0.69,15.0,-0.044,-0.0113,-0.0003,,,,0.736,,,
14.037,ROTATION_SCAN,-0.0048,-0.0419,0.313,66.05,0.55,-0.54,15.0,-0.0386,-0.003,-0.0013,,,,0.736,,,
14.079,ROTATION_SCAN,-0.0082,-0.0399,0.309,66.82,0.75,-0.39,15.0,-0.0351,0.0031,-0.0005,,,,0.727,,,
14.14,ROTATION_SCAN,-0.0092,-0.0388,0.314,67.52,0.97,-0.19,15.0,-0.0259,0.0043,-0.0099,,,,0.727,,,
14.185,ROTATION_SCAN,-0.0122,-0.0359,0.31,68.25,1.14,0.12,15.0,-0.0214,0.007,-0.0,,,,0.717,,,
14.249,ROTATION_SCAN,-0.0143,-0.0336,0.311,68.98,1.35,0.31,15.0,-0.0148,0.0058,-0.0071,,,,0.717,,,
14.282,ROTATION_SCAN,-0.0144,-0.0319,0.312,69.73,1.24,0.29,15.0,-0.0042,0.0029,-0.0091,,,,0.71,,,
14.343,ROTATION_SCAN,-0.013,-0.0278,0.311,70.46,1.23,0.39,15.0,0.0082,0.0061,-0.0041,,,,0.71,,,
14.382,ROTATION_SCAN,-0.0109,-0.0247,0.31,71.18,1.06,0.48,15.0,0.0197,0.0055,-0.0072,,,,0.705,,,
14.429,ROTATION_SCAN,-0.0086,-0.0218,0.309,71.96,0.98,0.71,15.0,0.0291,0.0045,-0.0112,,,,0.705,,,
14.486,ROTATION_SCAN,-0.0051,-0.0221,0.309,72.72,0.74,0.87,15.0,0.0385,-0.0053,-0.0136,,,,0.692,,,
14.559,ROTATION_SCAN,-0.0012,-0.021,0.309,73.43,0.35,0.9,15.0,0.0448,-0.0101,-0.0117,,,,0.692,,,
14.582,ROTATION_SCAN,0.0014,-0.0193,0.309,74.16,0.16,0.96,15.0,0.0455,-0.0129,-0.0117,,1.416,,0.687,,,
14.647,ROTATION_SCAN,0.004,-0.0198,0.307,74.91,0.02,1.03,15.0,0.0445,-0.0211,-0.0119,,1.416,,0.687,,,
14.681,ROTATION_SCAN,0.0052,-0.0215,0.306,75.67,-0.09,1.02,15.0,0.0401,-0.0303,-0.015,,1.4,,0.681,,,
14.728,ROTATION_SCAN,0.008,-0.0221,0.302,76.45,-0.22,0.98,15.0,0.0383,-0.0358,-0.0155,,1.4,,0.681,,,
14.786,ROTATION_SCAN,0.0098,-0.0243,0.307,77.12,-0.36,0.82,15.0,0.034,-0.0433,-0.0226,,1.393,,0.674,,,
14.85,ROTATION_SCAN,0.0098,-0.0275,0.308,77.8,-0.54,0.68,15.0,0.0247,-0.051,-0.0067,,1.393,,0.674,,,
14.886,ROTATION_SCAN,0.0107,-0.0279,0.31,78.51,-0.61,0.64,15.0,0.0184,-0.0503,0.0005,,1.372,,0.677,,,
14.946,ROTATION_SCAN,0.0091,-0.0312,0.309,79.19,-0.54,0.45,15.0,0.0068,-0.0555,0.0038,,1.372,,0.677,,,
14.984,ROTATION_SCAN,0.0065,-0.0349,0.308,79.93,-0.5,0.32,15.0,-0.0047,-0.0598,-0.0017,,1.369,,0.671,,,
15.028,ROTATION_SCAN,0.0053,-0.0374,0.306,80.66,-0.32,0.17,15.0,-0.0106,-0.0601,-0.0074,,1.369,,0.671,,,
15.115,ROTATION_SCAN,0.0028,-0.0418,0.307,81.44,-0.14,-0.05,15.0,-0.0168,-0.0631,-0.0129,,1.356,,0.675,,,
15.147,ROTATION_SCAN,0.0017,-0.0418,0.302,82.19,0.05,-0.23,15.0,-0.0175,-0.0546,-0.0102,,1.356,,0.675,,,
15.2,ROTATION_SCAN,0.0,-0.0444,0.304,83.0,0.28,-0.4,15.0,-0.0174,-0.0517,-0.0197,2.455,1.359,,0.669,,,
15.245,ROTATION_SCAN,-0.0028,-0.0452,0.305,83.83,0.37,-0.35,15.0,-0.0186,-0.0444,-0.0116,2.455,1.359,,0.669,,,
15.283,ROTATION_SCAN,-0.004,-0.0461,0.304,84.64,0.6,-0.45,15.0,-0.0148,-0.0386,-0.0033,,1.345,,0.668,,,
15.328,ROTATION_SCAN,-0.006,-0.0467,0.308,85.46,0.64,-0.48,15.0,-0.012,-0.0322,-0.0022,,1.345,,0.668,,,
15.409,ROTATION_SCAN,0.001,-0.0395,0.307,86.26,0.8,-0.44,15.0,0.0112,-0.0096,0.0056,2.418,1.343,,0.667,,,
15.445,ROTATION_SCAN,-0.0061,-0.0449,0.309,87.05,0.7,-0.3,15.0,0.001,-0.0176,0.0042,2.418,1.343,,0.667,,,
15.479,ROTATION_SCAN,-0.0041,-0.0443,0.311,87.87,0.66,-0.09,15.0,0.0105,-0.0135,0.0051,2.436,1.344,,0.663,,,
15.541,ROTATION_SCAN,-0.0013,-0.041,0.305,88.65,0.64,-0.18,15.0,0.0209,-0.0034,0.0077,2.436,1.344,,0.663,,,
15.645,NAV_TO_LANDING,-0.0005,-0.0368,0.306,89.46,0.41,-0.17,15.0,0.0247,0.0074,-0.0111,2.407,1.345,,0.656,,,
15.748,NAV_TO_LANDING,0.0063,-0.0308,0.308,90.28,0.24,-0.12,-0.0,0.0392,0.0208,-0.0095,2.407,1.345,,0.656,,-0.02,-1.26
15.769,NAV_TO_LANDING,0.0085,-0.0298,0.307,91.01,-0.05,-0.09,-0.0,0.0402,0.0218,-0.0013,2.415,1.345,,0.652,,-0.02,-1.26
15.783,NAV_TO_LANDING,0.0136,-0.0254,0.308,91.62,-0.42,-0.04,-0.0,0.0449,0.0292,-0.0053,2.415,1.345,,0.652,,-0.02,-1.26
15.809,NAV_TO_LANDING,0.0171,-0.0214,0.306,92.1,-0.54,0.01,-0.0,0.0433,0.0345,-0.0043,2.413,1.347,,0.651,,-0.02,-1.26
15.855,NAV_TO_LANDING,0.0207,-0.0211,0.31,92.48,-0.79,0.21,-0.0,0.041,0.0302,-0.0073,2.413,1.347,,0.651,,-0.02,-1.26
15.898,NAV_TO_LANDING,0.0205,-0.0174,0.308,92.75,-0.9,1.93,-0.0,0.0292,0.0262,0.0064,2.413,1.347,,0.65,,-0.02,-1.26
15.928,NAV_TO_LANDING,0.019,-0.0156,0.308,92.94,-0.97,4.07,-0.0,0.0166,-0.0004,-0.0,2.413,1.347,,0.65,,-0.02,-1.26
16.009,NAV_TO_LANDING,0.0198,-0.015,0.31,93.06,-0.96,4.94,-0.0,0.0103,-0.0374,-0.0045,2.414,1.359,,0.648,,-0.02,-1.26
16.041,NAV_TO_LANDING,0.0189,-0.0172,0.306,93.1,-0.86,5.37,-0.0,0.002,-0.0817,-0.0016,2.414,1.359,,0.648,,-0.02,-1.26
16.092,NAV_TO_LANDING,0.0169,-0.0259,0.309,93.1,-0.67,5.59,-0.0,-0.0061,-0.1375,-0.0151,2.41,1.35,,0.648,,-0.02,-1.26
16.142,NAV_TO_LANDING,0.017,-0.0351,0.305,93.07,-0.5,5.19,-0.0,-0.0075,-0.1878,-0.0089,2.41,1.35,,0.648,,-0.02,-1.26
16.184,NAV_TO_LANDING,0.0141,-0.0484,0.307,93.01,-0.32,4.73,-0.0,-0.0143,-0.2375,-0.015,2.445,1.327,,0.651,,-0.02,-1.26
16.237,NAV_TO_LANDING,0.0144,-0.0627,0.305,92.96,-0.09,3.78,-0.0,-0.0114,-0.2775,-0.0107,2.445,1.327,,0.651,,-0.02,-1.26
16.308,NAV_TO_LANDING,0.0176,-0.0744,0.306,92.9,0.0,2.83,-0.0,-0.0017,-0.2993,-0.0092,2.458,1.312,,0.656,,-0.02,-1.26
16.362,NAV_TO_LANDING,0.0173,-0.0943,0.305,92.89,0.2,1.92,-0.0,-0.0001,-0.329,-0.0081,2.458,1.312,,0.656,,-0.02,-1.26
16.423,NAV_TO_LANDING,0.0194,-0.1081,0.313,92.88,0.16,1.16,-0.0,0.007,-0.3352,-0.009,2.482,1.279,,0.659,,-0.02,-1.26
16.447,NAV_TO_LANDING,0.0201,-0.1239,0.324,92.88,0.23,0.4,-0.0,0.0101,-0.338,0.01,2.482,1.279,,0.659,,-0.02,-1.26
16.492,NAV_TO_LANDING,0.0227,-0.1391,0.343,92.86,0.1,-0.25,-0.0,0.0165,-0.3331,0.033,2.527,1.257,,0.655,,-0.02,-1.26
16.546,NAV_TO_LANDING,0.0235,-0.1556,0.366,92.87,0.03,-0.63,-0.0,0.0167,-0.3279,0.0639,2.527,1.257,,0.655,,-0.02,-1.26
16.583,NAV_TO_LANDING,0.0258,-0.1723,0.378,92.84,-0.05,-0.85,-0.0,0.0196,-0.3215,0.095,2.534,1.223,,0.65,,-0.02,-1.26
16.65,NAV_TO_LANDING,0.026,-0.1882,0.386,92.81,-0.13,-0.85,-0.0,0.0168,-0.3145,0.0857,2.534,1.223,,0.65,,-0.02,-1.26
16.701,NAV_TO_LANDING,0.0278,-0.2011,0.375,92.72,-0.26,-0.72,-0.0,0.0173,-0.3019,0.0567,2.58,1.201,,0.653,,-0.02,-1.26
16.743,NAV_TO_LANDING,0.0277,-0.2128,0.361,92.65,-0.38,-0.53,-0.0,0.0126,-0.2893,-0.0166,2.58,1.201,,0.653,,-0.02,-1.26
16.784,NAV_TO_LANDING,0.0287,-0.2243,0.347,92.57,-0.47,-0.41,-0.0,0.01,-0.2783,-0.084,2.595,1.174,,0.647,,-0.02,-1.26
16.829,NAV_TO_LANDING,0.0276,-0.2388,0.326,92.58,-0.52,-0.11,-0.0,0.0022,-0.2779,-0.1269,2.595,1.174,,0.647,,-0.02,-1.26
16.894,NAV_TO_LANDING,0.0266,-0.2528,0.315,92.61,-0.65,0.01,-0.0,-0.0057,-0.2778,-0.1645,2.615,1.154,,0.645,,-0.02,-1.26
16.941,NAV_TO_LANDING,0.0244,-0.2635,0.297,92.71,-0.49,0.29,-0.0,-0.0148,-0.272,-0.1671,2.615,1.154,,0.645,,-0.02,-1.26
16.992,NAV_TO_LANDING,0.0225,-0.2761,0.284,92.78,-0.4,0.34,-0.0,-0.0216,-0.2724,-0.1705,2.665,1.126,,0.646,,-0.02,-1.26
17.038,NAV_TO_LANDING,0.0216,-0.2883,0.273,92.88,-0.32,0.66,-0.0,-0.024,-0.2739,-0.1599,2.665,1.126,,0.646,,-0.02,-1.26
17.08,NAV_TO_LANDING,0.0196,-0.3005,0.266,92.97,-0.29,0.57,-0.0,-0.0285,-0.2756,-0.1379,2.706,1.103,,0.649,,-0.02,-1.26
17.127,NAV_TO_LANDING,0.0189,-0.3134,0.261,93.05,-0.26,0.72,-0.0,-0.0291,-0.2801,-0.1062,2.706,1.103,,0.649,,-0.02,-1.26
17.212,NAV_TO_LANDING,0.0175,-0.3238,0.263,93.11,0.03,0.8,-0.0,-0.0295,-0.2784,-0.0767,,1.078,,0.651,,-0.02,-1.26
17.243,NAV_TO_LANDING,0.017,-0.336,0.261,93.13,0.35,0.98,-0.0,-0.0245,-0.2822,-0.0345,,1.078,,0.651,,-0.02,-1.26
17.294,NAV_TO_LANDING,0.0171,-0.3472,0.261,93.17,0.55,1.18,-0.0,-0.0164,-0.2845,-0.0131,,1.053,,0.65,,-0.02,-1.26
17.339,NAV_TO_LANDING,0.0179,-0.3602,0.26,93.17,0.44,0.88,-0.0,-0.0078,-0.2892,0.0009,,1.053,,0.65,,-0.02,-1.26
17.381,NAV_TO_LANDING,0.0191,-0.3743,0.263,93.14,0.28,0.85,-0.0,-0.0005,-0.2949,0.0151,2.744,1.025,,0.65,,-0.02,-1.26
17.427,NAV_TO_LANDING,0.02,-0.3903,0.263,93.16,0.18,0.73,-0.0,0.0042,-0.3051,0.0326,2.744,1.025,,0.65,,-0.02,-1.26
17.495,NAV_TO_LANDING,0.0218,-0.4037,0.269,93.16,0.03,0.64,-0.0,0.0096,-0.3056,0.0365,2.815,1.002,,0.645,,-0.02,-1.26
17.547,NAV_TO_LANDING,0.0232,-0.4184,0.268,93.1,-0.08,0.49,-0.0,0.0119,-0.3085,0.0521,2.815,1.002,,0.645,,-0.02,-1.26
17.61,NAV_TO_LANDING,0.0251,-0.4319,0.27,93.02,-0.11,0.44,-0.0,0.0152,-0.307,0.0495,,0.974,,0.641,,-0.02,-1.26
17.677,NAV_TO_LANDING,0.0264,-0.4475,0.275,92.93,-0.24,0.29,-0.0,0.0153,-0.3102,0.0458,,0.974,,0.641,,-0.02,-1.26
17.686,NAV_TO_LANDING,0.0272,-0.4644,0.275,92.8,-0.24,0.25,-0.0,0.0132,-0.3164,0.0543,,0.942,,0.64,,-0.02,-1.26
17.744,NAV_TO_LANDING,0.0283,-0.4778,0.281,92.73,-0.35,0.07,-0.0,0.0134,-0.3127,0.0485,,0.942,,0.64,,-0.02,-1.26
17.777,NAV_TO_LANDING,0.0298,-0.4948,0.285,92.65,-0.4,-0.06,-0.0,0.011,-0.3128,0.052,,0.914,,0.64,,-0.02,-1.26
17.844,NAV_TO_LANDING,0.0305,-0.5095,0.289,92.54,-0.51,-0.15,-0.0,0.0075,-0.3083,0.0557,,0.914,,0.64,,-0.02,-1.26
17.893,NAV_TO_LANDING,0.031,-0.5242,0.292,92.4,-0.63,-0.01,-0.0,0.0039,-0.3071,0.0495,,0.885,,0.634,,-0.02,-1.26
17.937,NAV_TO_LANDING,0.0314,-0.5386,0.293,92.35,-0.66,0.05,-0.0,0.0008,-0.3089,0.0461,,0.885,,0.634,,-0.02,-1.26
17.98,NAV_TO_LANDING,0.0321,-0.5525,0.292,92.38,-0.49,0.06,-0.0,-0.0025,-0.3051,0.0379,,0.855,,0.635,,-0.02,-1.26
18.028,NAV_TO_LANDING,0.0317,-0.5684,0.294,92.36,-0.34,-0.01,-0.0,-0.0069,-0.3033,0.0277,,0.855,,0.635,,-0.02,-1.26
18.078,NAV_TO_LANDING,0.0328,-0.5831,0.294,92.31,-0.32,0.01,-0.0,-0.0051,-0.3009,0.0229,,0.825,,0.631,,-0.02,-1.26
18.163,NAV_TO_LANDING,0.033,-0.597,0.298,92.17,-0.22,0.04,-0.0,-0.006,-0.2978,0.0184,,0.825,,0.631,,-0.02,-1.26
18.231,NAV_TO_LANDING,0.0331,-0.6114,0.299,92.02,-0.17,0.05,-0.0,-0.0072,-0.3007,0.0214,,0.795,,0.62,,-0.02,-1.26
18.285,NAV_TO_LANDING,0.0339,-0.6264,0.3,91.88,-0.31,0.04,-0.0,-0.0048,-0.3013,0.0169,,0.795,,0.62,,-0.02,-1.26
18.322,NAV_TO_LANDING,0.0345,-0.6395,0.3,91.7,-0.55,-0.02,-0.0,-0.0044,-0.2992,0.0084,,0.766,,0.625,,-0.02,-1.26
18.349,NAV_TO_LANDING,0.0355,-0.6562,0.299,91.43,-0.73,-0.05,-0.0,-0.0074,-0.2965,0.0004,,0.766,,0.625,,-0.02,-1.26
18.386,NAV_TO_LANDING,0.0367,-0.6703,0.302,91.17,-0.76,-0.21,-0.0,-0.0107,-0.2934,-0.0062,,0.735,,0.63,,-0.02,-1.26
18.43,NAV_TO_LANDING,0.0368,-0.6842,0.299,90.9,-0.61,-0.21,-0.0,-0.0136,-0.2898,0.0019,,0.735,,0.63,,-0.02,-1.26
18.513,NAV_TO_LANDING,0.0368,-0.6982,0.299,90.79,-0.49,-0.15,-0.0,-0.0173,-0.2896,-0.0069,,0.702,,0.643,,-0.02,-1.26
18.542,NAV_TO_LANDING,0.0368,-0.7125,0.303,90.66,-0.61,-0.25,-0.0,-0.0184,-0.2901,-0.0068,,0.702,,0.643,,-0.02,-1.26
18.608,NAV_TO_LANDING,0.0366,-0.7284,0.3,90.65,-0.53,-0.12,-0.0,-0.0214,-0.2887,0.0053,,0.674,,0.689,,-0.02,-1.26
18.638,NAV_TO_LANDING,0.0367,-0.7424,0.299,90.64,-0.43,-0.01,-0.0,-0.0233,-0.2863,-0.0005,,0.674,,0.689,,-0.02,-1.26
18.681,NAV_TO_LANDING,0.0362,-0.7566,0.3,90.69,-0.31,0.21,-0.0,-0.0251,-0.289,-0.0088,,0.641,,,,-0.02,-1.26
18.736,NAV_TO_LANDING,0.0355,-0.7725,0.299,90.87,-0.28,0.51,-0.0,-0.0254,-0.2964,-0.0002,,0.641,,,,-0.02,-1.26
18.795,NAV_TO_LANDING,0.0359,-0.7869,0.299,91.09,0.02,0.44,-0.0,-0.0214,-0.2992,-0.0009,,0.613,,1.476,,-0.02,-1.26
18.838,NAV_TO_LANDING,0.0356,-0.8029,0.3,91.25,0.01,0.33,-0.0,-0.0193,-0.3052,-0.0023,,0.613,,1.476,,-0.02,-1.26
18.892,NAV_TO_LANDING,0.0348,-0.8186,0.301,91.38,0.17,0.38,-0.0,-0.0181,-0.3091,0.0062,,0.582,,,,-0.02,-1.26
18.937,NAV_TO_LANDING,0.0346,-0.835,0.304,91.44,0.53,0.49,-0.0,-0.0126,-0.3155,0.0101,,0.582,,,,-0.02,-1.26
18.995,NAV_TO_LANDING,0.0342,-0.8537,0.302,91.45,0.42,0.5,-0.0,-0.008,-0.3271,0.012,,0.552,,2.491,,-0.02,-1.26
19.029,NAV_TO_LANDING,0.0351,-0.8696,0.305,91.45,0.14,0.21,-0.0,-0.0026,-0.329,0.0067,,0.552,,2.491,,-0.02,-1.26
19.102,NAV_TO_LANDING,0.0365,-0.8858,0.305,91.29,-0.2,-0.13,-0.0,0.0013,-0.3281,0.0057,,0.519,,,,-0.02,-1.26
19.133,NAV_TO_LANDING,0.0371,-0.9031,0.305,91.07,-0.79,-0.21,-0.0,-0.0022,-0.3286,0.0037,,0.519,,,,-0.02,-1.26
19.196,NAV_TO_LANDING,0.0382,-0.9197,0.308,90.99,-1.16,-0.44,-0.0,-0.0076,-0.3266,-0.0025,,0.488,,,,-0.02,-1.26
19.238,NAV_TO_LANDING,0.0383,-0.9373,0.306,90.92,-1.2,-0.62,-0.0,-0.0166,-0.3249,0.0032,,0.488,,,,-0.02,-1.26
19.296,NAV_TO_LANDING,0.0377,-0.9535,0.305,90.83,-1.11,-0.52,-0.0,-0.0254,-0.3206,-0.0022,,0.462,,,,-0.02,-1.26
19.328,NAV_TO_LANDING,0.0364,-0.9682,0.304,90.74,-0.98,-0.47,-0.0,-0.0338,-0.3132,-0.0098,,0.462,,,,-0.02,-1.26
19.409,NAV_TO_LANDING,0.0355,-0.9841,0.304,90.66,-1.07,-0.36,-0.0,-0.0401,-0.3108,-0.0156,,0.428,1.495,,,-0.02,-1.26
19.44,NAV_TO_LANDING,0.0352,-0.9991,0.3,90.59,-0.83,-0.52,-0.0,-0.0441,-0.306,-0.0143,,0.428,1.495,,,-0.02,-1.26
19.494,NAV_TO_LANDING,0.034,-1.0138,0.303,90.6,-0.9,-0.51,-0.0,-0.0484,-0.3001,-0.0217,,0.395,,,,-0.02,-1.26
19.539,NAV_TO_LANDING,0.0313,-1.0314,0.303,90.6,-0.88,-0.56,-0.0,-0.0568,-0.302,-0.0124,,0.395,,,,-0.02,-1.26
19.584,NAV_TO_LANDING,0.0294,-1.0467,0.303,90.63,-0.54,-0.36,-0.0,-0.0601,-0.2992,-0.0045,,0.367,,1.733,,-0.02,-1.26
19.644,NAV_TO_LANDING,0.0274,-1.0609,0.298,90.71,-0.46,-0.4,-0.0,-0.0617,-0.2945,-0.0033,,0.367,,1.733,,-0.02,-1.26
19.681,NAV_TO_LANDING,0.0246,-1.0761,0.297,90.77,-0.3,-0.15,-0.0,-0.0637,-0.2936,-0.0148,,0.343,1.44,1.732,,-0.02,-1.26
19.749,NAV_TO_LANDING,0.0223,-1.0906,0.282,90.71,-0.17,-0.06,-0.0,-0.0633,-0.2923,-0.0155,,0.343,1.44,1.732,,-0.02,-1.26
19.789,NAV_TO_LANDING,0.0197,-1.1065,0.293,90.61,-0.21,0.13,-0.0,-0.0639,-0.2958,-0.043,,0.314,1.429,1.732,,-0.02,-1.26
19.83,NAV_TO_LANDING,0.0173,-1.1222,0.302,90.52,-0.27,0.11,-0.0,-0.0638,-0.2995,-0.0067,,0.314,1.429,1.732,,-0.02,-1.26
19.882,NAV_TO_LANDING,0.0141,-1.1369,0.3,90.41,-0.4,0.2,-0.0,-0.0669,-0.3003,0.0255,,0.284,1.44,1.71,,-0.02,-1.26
19.929,NAV_TO_LANDING,0.0105,-1.1517,0.304,90.25,-0.28,0.06,-0.0,-0.07,-0.3005,0.0131,,0.284,1.44,1.71,,-0.02,-1.26
19.979,NAV_TO_LANDING,0.0073,-1.1666,0.308,90.09,-0.33,-0.03,-0.0,-0.0715,-0.2999,0.0185,,0.254,1.423,1.713,,-0.02,-1.26
20.044,NAV_TO_LANDING,0.0025,-1.1829,0.309,89.9,-0.45,-0.01,-0.0,-0.0781,-0.3028,0.0251,,0.254,1.423,1.713,,-0.02,-1.26
20.107,NAV_TO_LANDING,-0.0019,-1.1964,0.309,89.86,-0.41,-0.12,-0.0,-0.0825,-0.2985,0.0171,,0.228,1.429,1.716,,-0.02,-1.26
20.15,NAV_TO_LANDING,-0.0048,-1.2112,0.303,89.91,-0.48,-0.2,-0.0,-0.0832,-0.2967,0.0071,,0.228,1.429,1.716,,-0.02,-1.26
20.178,NAV_TO_LANDING,-0.0092,-1.2261,0.302,90.06,-0.41,-0.65,-0.0,-0.0876,-0.2935,-0.0135,,0.197,1.427,1.719,,-0.02,-1.26
20.24,NAV_TO_LANDING,-0.0131,-1.2386,0.299,90.36,-0.18,-1.19,-0.0,-0.0889,-0.2801,-0.0182,,0.197,1.427,1.719,,-0.02,-1.26
20.281,NAV_TO_LANDING,-0.019,-1.2528,0.302,90.61,0.56,-1.92,-0.0,-0.0906,-0.2677,-0.0208,,0.168,,1.728,,-0.02,-1.26
20.338,NAV_TO_LANDING,-0.0243,-1.2664,0.31,90.56,1.29,-3.6,-0.0,-0.0838,-0.2431,-0.0126,,0.168,,1.728,,-0.02,-1.26
20.416,NAV_TO_LANDING,-0.0282,-1.277,0.312,90.26,1.39,-4.04,-0.0,-0.0719,-0.2067,0.0042,,0.154,1.42,1.732,,-0.02,-1.26
20.434,NAV_TO_LANDING,-0.0328,-1.2867,0.315,89.8,1.7,-4.07,-0.0,-0.0616,-0.1729,0.003,,0.154,1.42,1.732,,-0.02,-1.26
20.518,NAV_TO_LANDING,-0.0364,-1.2952,0.311,89.28,1.67,-3.96,-0.0,-0.0486,-0.1409,0.0007,,0.131,,1.74,,-0.04,-1.26
20.55,NAV_TO_LANDING,-0.0401,-1.3025,0.306,88.62,1.47,-3.9,-0.0,-0.0383,-0.1099,-0.0091,,0.131,,1.74,,-0.04,-1.26
20.584,NAV_TO_LANDING,-0.0422,-1.3078,0.304,87.93,0.97,-3.54,-0.0,-0.0278,-0.0795,-0.0225,,0.122,1.4,1.744,,-0.04,-1.26
20.627,NAV_TO_LANDING,-0.0452,-1.3105,0.301,87.28,0.69,-3.58,-0.0,-0.0233,-0.0472,-0.0194,,0.122,1.4,1.744,,-0.04,-1.26
20.686,NAV_TO_LANDING,-0.0481,-1.3139,0.301,86.85,0.58,-3.83,-0.0,-0.0202,-0.0187,-0.0277,,0.119,1.376,1.733,,-0.04,-1.26
20.751,NAV_TO_LANDING,-0.051,-1.317,0.301,86.62,0.42,-3.82,-0.0,-0.0188,0.0079,-0.0192,,0.119,1.376,1.733,,-0.04,-1.26
20.782,NAV_TO_LANDING,-0.053,-1.3167,0.303,86.49,0.58,-3.49,-0.0,-0.0151,0.0376,-0.0184,,0.139,1.377,1.739,,-0.04,-1.26
20.842,NAV_TO_LANDING,-0.0567,-1.3123,0.302,86.44,0.39,-3.16,-0.0,-0.0153,0.0704,-0.0098,,0.139,1.377,1.739,,-0.04,-1.26
20.884,NAV_TO_LANDING,-0.0592,-1.3094,0.299,86.53,0.49,-2.89,-0.0,-0.0138,0.0931,-0.0108,,0.149,1.375,1.742,,-0.04,-1.26
20.927,NAV_TO_LANDING,-0.0623,-1.3059,0.299,86.65,0.67,-2.4,-0.0,-0.0128,0.1113,-0.0183,,0.149,1.375,1.742,,-0.04,-1.26
20.986,NAV_TO_LANDING,-0.0642,-1.3009,0.3,86.77,0.8,-1.9,-0.0,-0.0079,0.1272,-0.0155,,0.165,,1.763,,-0.04,-1.26
21.051,NAV_TO_LANDING,-0.0657,-1.2968,0.291,86.82,1.14,-1.36,-0.0,-0.0016,0.1344,-0.0103,,0.165,,1.763,,-0.04,-1.26
21.084,NAV_TO_LANDING,-0.0695,-1.29,0.289,86.93,1.54,-0.71,-0.0,0.0022,0.1421,-0.034,,0.182,1.363,1.775,,-0.04,-1.26
21.147,NAV_TO_LANDING,-0.0721,-1.2849,0.288,87.17,1.75,-0.15,-0.0,0.0106,0.1396,-0.0322,,0.182,1.363,1.775,,-0.04,-1.26
21.182,NAV_TO_LANDING,-0.0732,-1.2786,0.289,87.41,1.77,0.43,-0.0,0.0188,0.136,-0.0268,,0.181,1.366,1.778,,-0.04,-1.26
21.227,NAV_TO_LANDING,-0.0725,-1.2742,0.289,87.68,1.89,1.03,-0.0,0.0324,0.124,-0.0196,,0.181,1.366,1.778,,-0.04,-1.26
21.313,NAV_TO_LANDING,-0.0724,-1.2692,0.286,87.86,1.75,1.27,-0.0,0.0432,0.1109,-0.0098,,0.184,1.363,1.769,,-0.04,-1.26
21.347,NAV_TO_LANDING,-0.0712,-1.265,0.284,88.08,1.64,1.37,-0.0,0.0542,0.0967,-0.0087,,0.184,1.363,1.769,,-0.04,-1.26
21.402,NAV_TO_LANDING,-0.069,-1.2609,0.286,88.28,1.42,1.5,-0.0,0.0652,0.0826,-0.008,,0.185,1.364,1.762,,2.5,-1.26
21.427,NAV_TO_LANDING,-0.0664,-1.2582,0.29,88.51,1.2,1.46,-0.0,0.074,0.0668,0.0037,,0.185,1.364,1.762,,2.5,-1.26
21.486,NAV_TO_LANDING,-0.0624,-1.2569,0.293,88.74,0.89,1.5,-0.0,0.0828,0.0491,0.0174,,0.177,1.361,1.759,,2.5,-1.26
21.528,NAV_TO_LANDING,-0.0599,-1.2567,0.3,88.94,1.88,1.33,-0.0,0.0867,0.0315,0.032,,0.177,1.361,1.759,,2.5,-1.26
21.607,NAV_TO_LANDING,-0.0578,-1.2566,0.301,88.99,3.08,1.04,-0.0,0.0993,0.0181,0.0438,,0.176,1.381,1.762,,2.5,-1.26
21.638,NAV_TO_LANDING,-0.052,-1.2563,0.308,88.92,3.46,0.83,-0.0,0.1268,0.0086,0.0389,,0.176,1.381,1.762,,2.5,-1.26
21.695,NAV_TO_LANDING,-0.0467,-1.2585,0.307,88.83,3.68,0.6,-0.0,0.1508,-0.0043,0.043,,0.164,1.384,1.747,,2.5,-1.26
21.737,NAV_TO_LANDING,-0.0395,-1.2593,0.307,88.67,3.67,0.42,-0.0,0.1781,-0.0107,0.0331,,0.164,1.384,1.747,,2.5,-1.26
21.777,NAV_TO_LANDING,-0.0315,-1.2599,0.306,88.57,3.57,-0.03,-0.0,0.2039,-0.0134,0.0216,,0.156,1.399,1.734,,2.5,-1.26
21.827,NAV_TO_LANDING,-0.0202,-1.2606,0.304,88.43,3.13,0.02,-0.0,0.2334,-0.0138,0.0057,,0.156,1.399,1.734,,2.5,-1.26
21.902,NAV_TO_LANDING,-0.007,-1.2617,0.309,88.22,2.55,0.2,-0.0,0.2604,-0.0166,-0.007,,0.152,,1.711,,2.5,-1.26
21.934,NAV_TO_LANDING,0.0046,-1.2616,0.306,88.11,2.25,-0.1,-0.0,0.2757,-0.0158,0.0039,,0.152,,1.711,,2.5,-1.26
21.997,NAV_TO_LANDING,0.0171,-1.2624,0.311,88.1,1.75,-0.15,-0.0,0.2885,-0.0151,-0.004,,0.159,1.437,1.693,,2.5,-1.26
22.062,NAV_TO_LANDING,0.0311,-1.2623,0.313,88.09,1.25,-0.23,-0.0,0.2996,-0.0117,0.0044,,0.159,1.437,1.693,,2.5,-1.26
22.102,NAV_TO_LANDING,0.0448,-1.2631,0.31,87.98,0.83,-0.44,-0.0,0.3043,-0.0102,0.011,,0.155,1.468,1.663,,2.5,-1.26
22.139,NAV_TO_LANDING,0.0587,-1.265,0.311,88.07,0.27,-0.22,-0.0,0.3052,-0.0107,-0.0063,,0.155,1.468,1.663,,2.5,-1.26
22.204,NAV_TO_LANDING,0.073,-1.2659,0.31,88.3,-0.11,-0.26,-0.0,0.3031,-0.0103,-0.0067,,0.152,1.48,1.651,,2.5,-1.26
22.242,NAV_TO_LANDING,0.0845,-1.2663,0.308,88.53,-0.02,-0.54,-0.0,0.2925,-0.0069,-0.0089,,0.152,1.48,1.651,,2.5,-1.26
22.344,NAV_TO_LANDING,0.0986,-1.2679,0.308,88.87,-0.02,-0.58,-0.0,0.2911,-0.0054,-0.0167,,0.151,1.498,1.625,,2.5,-1.26
22.372,NAV_TO_LANDING,0.1096,-1.2674,0.307,89.18,-0.1,-0.52,-0.0,0.2812,0.001,-0.0161,,0.151,1.498,1.625,,2.5,-1.26
22.414,NAV_TO_LANDING,0.1213,-1.2684,0.305,89.5,0.12,-0.48,-0.0,0.2746,0.0025,-0.0147,,,,1.599,,2.5,-1.26
22.432,NAV_TO_LANDING,0.1333,-1.2688,0.306,89.8,0.19,-0.35,-0.0,0.2713,0.0048,-0.0162,,,,1.599,,2.5,-1.26
22.485,NAV_TO_LANDING,0.1452,-1.2683,0.304,90.01,0.38,-0.36,-0.0,0.2691,0.0078,-0.0125,,,1.564,1.577,,2.5,-1.26
22.576,NAV_TO_LANDING,0.1562,-1.2694,0.303,90.18,0.52,-0.17,-0.0,0.2661,0.0067,-0.0111,,,1.564,1.577,,2.5,-1.26
22.597,NAV_TO_LANDING,0.1686,-1.2683,0.302,90.35,0.62,-0.22,-0.0,0.2683,0.01,-0.01,,0.141,1.593,1.555,,2.5,-1.26
22.653,NAV_TO_LANDING,0.1805,-1.2685,0.304,90.49,0.64,-0.07,-0.0,0.2695,0.0098,-0.0106,,0.141,1.593,1.555,,2.5,-1.26
22.681,NAV_TO_LANDING,0.1938,-1.2673,0.305,90.56,0.56,0.1,-0.0,0.2742,0.0114,-0.0063,,0.144,1.605,1.53,,2.5,-1.26
22.742,NAV_TO_LANDING,0.2061,-1.2671,0.301,90.69,0.59,0.09,-0.0,0.275,0.0096,0.0009,,0.144,1.605,1.53,,2.5,-1.26
22.779,NAV_TO_LANDING,0.2177,-1.2677,0.304,90.93,0.36,0.21,-0.0,0.2735,0.0056,-0.0091,,0.15,,1.505,,2.5,-1.26
22.833,NAV_TO_LANDING,0.2308,-1.2674,0.3,91.15,0.47,-0.09,-0.0,0.275,0.0052,-0.002,,0.15,,1.505,,2.5,-1.26
22.9,NAV_TO_LANDING,0.242,-1.2684,0.302,91.3,0.55,0.06,-0.0,0.2728,0.0026,-0.0123,,0.148,1.662,1.488,,2.5,-1.26
22.954,NAV_TO_LANDING,0.2573,-1.2669,0.304,91.51,0.28,0.26,-0.0,0.2803,0.0047,-0.0111,,0.148,1.662,1.488,,2.5,-1.26
22.993,NAV_TO_LANDING,0.269,-1.2665,0.304,91.73,0.05,0.05,-0.0,0.2759,0.0036,-0.0017,,0.148,,1.463,,2.5,-1.26
23.034,NAV_TO_LANDING,0.2823,-1.2667,0.301,92.01,-0.1,0.13,-0.0,0.2746,0.0023,-0.0048,,0.148,,1.463,,2.5,-1.26
23.077,NAV_TO_LANDING,0.2946,-1.2664,0.299,92.34,-0.11,-0.0,-0.0,0.2696,0.0018,-0.0128,,0.155,1.7,1.439,,2.5,-1.26
23.132,NAV_TO_LANDING,0.3081,-1.2664,0.3,92.61,-0.01,-0.1,-0.0,0.2692,0.0023,-0.0225,,0.155,1.7,1.439,,2.5,-1.26
23.182,NAV_TO_LANDING,0.3219,-1.2652,0.299,92.79,0.07,0.18,-0.0,0.2702,0.0047,-0.022,,,1.746,1.42,,2.5,-1.26
23.253,NAV_TO_LANDING,0.3331,-1.2641,0.299,93.03,-0.22,0.04,-0.0,0.2639,0.0055,-0.0184,,,1.746,1.42,,2.5,-1.26
23.284,NAV_TO_LANDING,0.345,-1.2639,0.299,93.38,-0.09,0.15,-0.0,0.2589,0.0049,-0.0146,,0.137,,1.395,,2.5,-1.26
23.338,NAV_TO_LANDING,0.3568,-1.2645,0.3,93.68,0.26,0.36,-0.0,0.2565,0.0011,-0.0114,,0.137,,1.395,,2.5,-1.26
23.377,NAV_TO_LANDING,0.3671,-1.2634,0.297,93.89,0.27,0.44,-0.0,0.2522,0.0002,-0.0083,,0.135,,1.373,,2.5,-1.26
23.427,NAV_TO_LANDING,0.3781,-1.2632,0.296,94.2,0.29,0.37,-0.0,0.2505,-0.0026,-0.015,,0.135,,1.373,,2.5,-1.26
23.515,NAV_TO_LANDING,0.3914,-1.2632,0.299,94.52,0.26,-0.11,-0.0,0.2542,-0.004,-0.0142,,0.143,1.805,1.355,,2.5,-1.26
23.527,NAV_TO_LANDING,0.4028,-1.2622,0.3,94.74,0.53,-0.32,-0.0,0.2535,0.0014,0.0029,,0.143,1.805,1.355,,2.5,-1.26
23.609,NAV_TO_LANDING,0.4141,-1.2628,0.296,94.98,0.59,-0.53,-0.0,0.2539,0.0036,0.0027,,0.145,,1.338,,2.5,-1.26
23.636,NAV_TO_LANDING,0.426,-1.2613,0.299,95.11,0.66,-0.67,-0.0,0.2566,0.012,-0.0038,,0.145,,1.338,,2.5,-1.26
23.694,NAV_TO_LANDING,0.4386,-1.2606,0.299,95.16,0.79,-0.49,-0.0,0.2611,0.0174,0.0042,,0.145,1.848,1.317,,2.5,-1.26
23.733,NAV_TO_LANDING,0.4512,-1.2575,0.299,95.04,1.07,-0.2,-0.0,0.2667,0.0273,0.0039,,0.145,1.848,1.317,,2.5,-1.26
23.805,NAV_TO_LANDING,0.4643,-1.2562,0.295,94.8,1.08,0.14,-0.0,0.275,0.0277,-0.0034,,0.146,1.863,1.287,,2.5,-1.26
23.833,NAV_TO_LANDING,0.4766,-1.2546,0.298,94.52,0.97,0.37,-0.0,0.2795,0.0272,-0.0074,,0.146,1.863,1.287,,2.5,-1.26
23.888,NAV_TO_LANDING,0.4899,-1.2523,0.295,94.18,1.07,0.29,-0.0,0.2864,0.0279,0.001,,,,1.265,,2.5,-1.26
23.932,NAV_TO_LANDING,0.5031,-1.2498,0.295,93.91,0.71,0.62,-0.0,0.2908,0.0276,-0.0036,,,,1.265,,2.5,-1.26
23.992,NAV_TO_LANDING,0.5197,-1.2475,0.296,93.71,0.67,0.51,-0.0,0.3023,0.0262,-0.0009,,,,1.235,,2.5,-1.26
24.026,NAV_TO_LANDING,0.5334,-1.2459,0.299,93.48,0.59,0.5,-0.0,0.3044,0.0231,0.0055,,,,1.235,,2.5,-1.26
24.097,NAV_TO_LANDING,0.547,-1.2442,0.301,93.21,0.53,0.47,-0.0,0.3048,0.0204,0.0146,,2.445,,1.208,,2.5,-1.26
24.142,NAV_TO_LANDING,0.5622,-1.2427,0.305,92.89,0.59,0.43,-0.0,0.3094,0.0183,0.0217,,2.445,,1.208,,2.5,-1.26
24.206,NAV_TO_LANDING,0.5771,-1.2403,0.309,92.58,0.59,0.24,-0.0,0.3124,0.0195,0.0318,,2.466,1.96,1.168,,2.5,-1.26
24.228,NAV_TO_LANDING,0.5931,-1.2379,0.303,92.23,0.67,0.21,-0.0,0.3183,0.0218,0.0343,,2.466,1.96,1.168,,2.5,-1.26
24.278,NAV_TO_LANDING,0.6081,-1.2364,0.303,91.91,0.29,0.26,-0.0,0.3203,0.0214,0.0131,,2.456,,1.145,,2.5,-1.26
24.329,NAV_TO_LANDING,0.6251,-1.2338,0.299,91.65,0.2,0.22,-0.0,0.325,0.0238,0.0042,,2.456,,1.145,,2.5,-1.26
24.376,NAV_TO_LANDING,0.6396,-1.2327,0.305,91.48,0.09,0.25,-0.0,0.3218,0.0214,-0.004,,2.472,,1.111,,2.5,-1.26
24.465,NAV_TO_LANDING,0.6555,-1.2308,0.305,91.37,0.11,0.3,-0.0,0.322,0.0213,0.0096,,2.472,,1.111,,2.5,-1.26
24.497,NAV_TO_LANDING,0.6704,-1.2292,0.308,91.19,0.14,0.5,-0.0,0.3196,0.0196,0.0095,,2.458,,1.086,,2.5,-1.26
24.547,NAV_TO_LANDING,0.6872,-1.2282,0.305,91.06,0.18,0.49,-0.0,0.3227,0.0155,0.0085,,2.458,,1.086,,2.5,-1.26
24.592,NAV_TO_LANDING,0.7022,-1.2266,0.307,90.99,0.02,0.51,-0.0,0.3208,0.0136,0.0023,0.548,2.464,,1.055,,2.5,-1.26
24.629,NAV_TO_LANDING,0.7178,-1.2254,0.306,90.92,-0.01,0.37,-0.0,0.3199,0.0113,0.0017,0.548,2.464,,1.055,,2.5,-1.26
24.676,NAV_TO_LANDING,0.7314,-1.2238,0.306,90.88,-0.05,0.5,-0.0,0.3134,0.0103,0.0009,0.52,2.471,,1.025,,2.5,-1.26
24.728,NAV_TO_LANDING,0.7465,-1.2229,0.311,90.88,-0.05,0.51,-0.0,0.3114,0.0071,-0.0068,0.52,2.471,,1.025,,2.5,-1.26
24.777,NAV_TO_LANDING,0.7629,-1.2223,0.308,90.85,-0.0,0.48,-0.0,0.3132,0.0036,0.0028,0.51,2.465,,1.001,,2.5,-1.26
24.843,NAV_TO_LANDING,0.7779,-1.2227,0.306,90.83,0.13,0.33,-0.0,0.3119,-0.001,-0.0024,0.51,2.465,,1.001,,2.5,-1.26
24.881,NAV_TO_LANDING,0.7918,-1.2223,0.31,90.86,0.13,0.29,-0.0,0.3088,-0.0022,-0.0114,0.51,2.477,,0.965,,2.5,-1.26
24.934,NAV_TO_LANDING,0.8067,-1.2217,0.306,90.94,0.01,0.33,-0.0,0.3081,-0.0031,-0.0016,0.51,2.477,,0.965,,2.5,-1.26
24.979,NAV_TO_LANDING,0.823,-1.2212,0.306,90.97,-0.02,0.2,-0.0,0.3102,-0.0039,-0.0121,0.515,2.472,,0.936,,2.5,-1.26
25.033,NAV_TO_LANDING,0.8402,-1.2213,0.307,90.9,0.03,0.25,-0.0,0.3146,-0.0052,-0.0141,0.515,2.472,,0.936,,2.5,-1.26
25.077,NAV_TO_LANDING,0.8553,-1.2218,0.307,90.89,-0.12,0.18,-0.0,0.3131,-0.0077,-0.0104,0.522,2.465,,0.908,,2.5,-1.26
25.136,NAV_TO_LANDING,0.8701,-1.2214,0.305,90.9,-0.14,0.13,-0.0,0.3098,-0.007,-0.0096,0.522,2.465,,0.908,,2.5,-1.26
25.189,NAV_TO_LANDING,0.8838,-1.2214,0.306,90.85,-0.14,0.18,-0.0,0.3046,-0.0074,-0.0137,0.529,2.457,,0.878,,2.5,-1.26
25.244,NAV_TO_LANDING,0.8996,-1.2218,0.303,90.75,-0.11,0.27,-0.0,0.3045,-0.0091,-0.0093,0.529,2.457,,0.878,,2.5,-1.26
25.298,NAV_TO_LANDING,0.915,-1.222,0.299,90.67,-0.11,0.34,-0.0,0.3042,-0.0109,-0.0172,0.541,2.462,,0.849,,2.5,-1.26
25.334,NAV_TO_LANDING,0.9315,-1.223,0.3,90.55,-0.1,0.25,-0.0,0.3064,-0.0145,-0.0249,0.541,2.462,,0.849,,2.5,-1.26
25.402,NAV_TO_LANDING,0.9464,-1.2231,0.301,90.39,-0.04,0.15,-0.0,0.3051,-0.0146,-0.0209,0.535,2.448,,0.823,,2.5,-1.26
25.434,NAV_TO_LANDING,0.9606,-1.2236,0.3,90.22,-0.08,0.13,-0.0,0.3022,-0.0154,-0.0107,0.535,2.448,,0.823,,2.5,-1.26
25.501,NAV_TO_LANDING,0.9752,-1.2243,0.301,90.11,0.05,0.17,-0.0,0.3004,-0.0165,-0.0104,0.523,2.448,,0.792,,2.5,-1.26
25.529,NAV_TO_LANDING,0.9895,-1.2243,0.3,89.98,0.07,0.17,-0.0,0.2991,-0.0156,-0.007,0.523,2.448,,0.792,,2.5,-1.26
25.596,NAV_TO_LANDING,1.0068,-1.2252,0.302,89.89,0.08,0.23,-0.0,0.3055,-0.0175,-0.0071,0.524,2.457,,0.76,,2.5,-1.26
25.626,NAV_TO_LANDING,1.0199,-1.2258,0.301,89.78,0.07,0.14,-0.0,0.3009,-0.0185,-0.0018,0.524,2.457,,0.76,,2.5,-1.26
25.698,NAV_TO_LANDING,1.0363,-1.2262,0.303,89.78,0.06,-0.02,-0.0,0.3047,-0.0178,-0.0044,0.53,2.451,,0.734,,2.5,-1.26
25.733,NAV_TO_LANDING,1.0502,-1.228,0.299,89.79,0.03,-0.04,-0.0,0.3019,-0.0197,-0.0001,0.53,2.451,,0.734,,2.5,-1.26
25.797,NAV_TO_LANDING,1.066,-1.2287,0.301,89.82,0.09,-0.08,-0.0,0.304,-0.0185,-0.0091,0.541,2.452,,0.702,,2.5,-1.26
25.83,NAV_TO_LANDING,1.0829,-1.2297,0.298,89.86,0.09,0.04,-0.0,0.3087,-0.0182,-0.0092,0.541,2.452,,0.702,,2.5,-1.26
25.892,NAV_TO_LANDING,1.0981,-1.2309,0.299,89.87,0.1,-0.13,-0.0,0.3094,-0.0186,-0.0111,0.542,2.446,,0.676,,2.5,-1.26
25.926,NAV_TO_LANDING,1.1137,-1.2316,0.298,89.95,-0.07,-0.24,-0.0,0.3099,-0.0168,-0.0092,0.542,2.446,,0.676,,2.5,-1.26
26.005,NAV_TO_LANDING,1.1284,-1.2331,0.299,90.04,-0.0,-0.25,-0.0,0.3076,-0.0162,-0.0076,0.545,2.443,,0.642,,2.5,-1.26
26.035,NAV_TO_LANDING,1.1435,-1.2345,0.302,90.13,0.0,-0.2,-0.0,0.307,-0.0158,-0.0063,0.545,2.443,,0.642,,2.5,-1.26
26.101,NAV_TO_LANDING,1.1599,-1.235,0.299,90.21,-0.13,-0.17,-0.0,0.3087,-0.0137,0.0023,0.543,2.456,,0.613,,2.5,-1.26
26.137,NAV_TO_LANDING,1.1775,-1.236,0.299,90.31,-0.04,-0.22,-0.0,0.3134,-0.013,-0.0045,0.543,2.456,,0.613,,2.5,-1.26
26.182,NAV_TO_LANDING,1.193,-1.2372,0.3,90.41,-0.06,-0.13,-0.0,0.3124,-0.0127,-0.0068,0.541,2.449,,0.581,,2.5,-1.26
26.24,NAV_TO_LANDING,1.2087,-1.2381,0.3,90.41,-0.04,-0.06,-0.0,0.3123,-0.0127,-0.0036,0.541,2.449,,0.581,,2.5,-1.26
26.279,NAV_TO_LANDING,1.2236,-1.2394,0.302,90.44,-0.1,-0.01,-0.0,0.3101,-0.0141,-0.0024,0.545,2.448,,0.554,,2.5,-1.26
26.348,NAV_TO_LANDING,1.2401,-1.2403,0.298,90.51,-0.13,0.08,-0.0,0.311,-0.0148,0.0022,0.545,2.448,,0.554,,2.5,-1.26
26.399,NAV_TO_LANDING,1.2566,-1.2421,0.302,90.56,0.03,0.05,-0.0,0.313,-0.0181,-0.0081,0.553,2.44,,0.521,,2.5,-1.26
26.426,NAV_TO_LANDING,1.2716,-1.2433,0.302,90.66,-0.08,-0.07,-0.0,0.3115,-0.0188,-0.0013,0.553,2.44,,0.521,,2.5,-1.26
26.481,NAV_TO_LANDING,1.2865,-1.2455,0.302,90.67,-0.14,-0.09,-0.0,0.3089,-0.0212,0.003,0.56,2.457,,0.492,,2.5,-1.26
26.527,NAV_TO_LANDING,1.3021,-1.247,0.301,90.68,-0.23,-0.09,-0.0,0.3079,-0.0216,-0.0017,0.56,2.457,,0.492,,2.5,-1.26
26.608,NAV_TO_LANDING,1.3181,-1.2482,0.299,90.65,-0.31,-0.14,-0.0,0.3068,-0.0208,-0.005,0.562,2.462,,0.462,,2.5,-1.26
26.639,NAV_TO_LANDING,1.335,-1.251,0.302,90.67,-0.24,-0.27,-0.0,0.3084,-0.0237,-0.009,0.562,2.462,,0.462,,2.5,-1.26
26.699,NAV_TO_LANDING,1.3503,-1.2528,0.299,90.71,-0.22,-0.25,-0.0,0.3062,-0.0232,-0.0036,0.566,2.463,,0.43,,2.5,-1.26
26.738,NAV_TO_LANDING,1.3653,-1.2546,0.299,90.74,-0.19,-0.31,-0.0,0.3039,-0.0226,-0.0087,0.566,2.463,,0.43,,2.5,-1.26
26.794,NAV_TO_LANDING,1.3799,-1.2576,0.297,90.8,-0.17,-0.31,-0.0,0.301,-0.0246,-0.01,0.569,2.472,,0.402,,2.5,-1.26
26.825,NAV_TO_LANDING,1.3946,-1.2591,0.299,90.9,-0.11,-0.33,-0.0,0.2987,-0.0228,-0.0119,0.569,2.472,,0.402,,2.5,-1.26
26.876,NAV_TO_LANDING,1.4094,-1.2609,0.295,90.93,-0.13,-0.41,-0.0,0.2974,-0.0215,-0.0069,0.565,2.478,,0.376,,2.5,-1.26
26.943,NAV_TO_LANDING,1.4252,-1.2634,0.297,90.99,-0.01,-0.36,-0.0,0.2991,-0.022,-0.0113,0.565,2.478,,0.376,,2.5,-1.26
27.002,NAV_TO_LANDING,1.4409,-1.2638,0.296,91.07,0.05,-0.29,-0.0,0.3009,-0.018,-0.0083,0.569,2.471,,0.349,,2.5,-1.26
27.061,NAV_TO_LANDING,1.4549,-1.2651,0.296,91.1,0.03,-0.34,-0.0,0.2986,-0.0165,-0.0037,0.569,2.471,,0.349,,2.5,-1.26
27.092,NAV_TO_LANDING,1.4697,-1.2665,0.3,91.11,0.02,-0.28,-0.0,0.2985,-0.0153,-0.0045,0.571,2.479,,0.319,,2.5,-1.26
27.127,NAV_TO_LANDING,1.4835,-1.2676,0.299,91.16,0.04,-0.1,-0.0,0.2957,-0.0142,0.0057,0.571,2.479,,0.319,,2.5,-1.26
27.174,NAV_TO_LANDING,1.5004,-1.2681,0.298,91.16,0.11,-0.25,-0.0,0.3014,-0.0128,0.0064,0.575,2.49,,0.292,,2.5,-1.26
27.235,NAV_TO_LANDING,1.5134,-1.2684,0.3,91.11,-0.03,-0.33,-0.0,0.2968,-0.0096,-0.0015,0.575,2.49,,0.292,,2.5,-1.26
27.301,NAV_TO_LANDING,1.5282,-1.2691,0.298,91.08,-0.03,-0.13,-0.0,0.2966,-0.008,0.0049,0.609,2.479,,0.265,,2.5,-1.26
27.332,NAV_TO_LANDING,1.5427,-1.269,0.299,91.0,-0.01,-0.29,-0.0,0.2952,-0.0054,-0.0005,0.609,2.479,,0.265,,2.5,-1.26
27.391,NAV_TO_LANDING,1.5571,-1.27,0.301,90.93,0.03,-0.18,-0.0,0.2941,-0.0049,-0.0011,0.712,2.471,,0.24,,2.5,-1.26
27.429,NAV_TO_LANDING,1.5733,-1.2703,0.298,90.84,-0.07,0.04,-0.0,0.2978,-0.0045,0.0073,0.712,2.471,,0.24,,2.5,-1.26
27.475,NAV_TO_LANDING,1.5878,-1.2696,0.301,90.76,0.0,-0.08,-0.0,0.2966,-0.0025,0.004,,2.472,,0.211,,2.5,-1.26
27.561,NAV_TO_LANDING,1.6027,-1.2705,0.3,90.68,-0.56,-0.15,-0.0,0.2963,-0.0034,0.0076,,2.472,,0.211,,2.5,-1.26
27.589,NAV_TO_LANDING,1.617,-1.271,0.298,90.55,-3.03,-0.29,-0.0,0.2823,-0.0025,0.0093,,2.472,,0.181,,2.5,-1.26
27.638,NAV_TO_LANDING,1.6296,-1.2714,0.301,90.47,-4.16,-0.17,-0.0,0.2493,-0.0016,0.0043,,2.472,,0.181,,2.5,-1.26
27.684,NAV_TO_LANDING,1.6408,-1.2708,0.305,90.53,-4.57,-0.21,-0.0,0.2111,0.0011,0.0053,,2.465,,0.16,,2.5,-1.26
27.767,NAV_TO_LANDING,1.6498,-1.2716,0.303,90.64,-4.77,-0.22,-0.0,0.1693,0.001,0.0177,,2.465,,0.16,,1.6498,-1.0716
27.781,NAV_TO_LANDING,1.6569,-1.2722,0.306,90.79,-4.59,-0.15,-0.0,0.1282,0.0008,0.0142,,2.464,,0.156,,1.6498,-1.0716
27.825,NAV_TO_LANDING,1.6628,-1.2728,0.302,90.97,-4.1,-0.1,-0.0,0.0925,-0.0004,0.0098,,2.464,,0.156,,1.6498,-1.0716
27.881,NAV_TO_LANDING,1.6673,-1.272,0.304,90.99,-3.47,-1.47,-0.0,0.0607,0.0039,0.0041,,2.453,,0.147,,1.6498,-1.0716
27.961,NAV_TO_LANDING,1.6675,-1.2742,0.305,90.94,-2.9,-3.62,-0.0,0.0286,0.0191,0.0002,,2.453,,0.147,,1.6498,-1.0716
27.993,NAV_TO_LANDING,1.6676,-1.2749,0.303,91.0,-2.44,-4.42,-0.0,0.0039,0.048,-0.0018,,2.478,,0.136,,1.6498,-1.0716
28.033,NAV_TO_LANDING,1.6669,-1.2713,0.302,91.1,-2.27,-4.81,-0.0,-0.0179,0.0874,-0.0083,,2.478,,0.136,,1.6498,-1.0716
28.077,NAV_TO_LANDING,1.6653,-1.2652,0.305,91.07,-1.53,-4.82,-0.0,-0.0364,0.1296,-0.0167,,2.489,,0.142,,1.6498,-1.0716
28.126,NAV_TO_LANDING,1.6633,-1.2583,0.307,90.98,-0.99,-4.57,-0.0,-0.048,0.1696,-0.0032,,2.489,,0.142,,1.6498,-1.0716
28.198,NAV_TO_LANDING,1.6637,-1.2475,0.302,90.76,-0.46,-4.22,-0.0,-0.0491,0.209,0.0037,,2.504,,0.142,,1.6498,-1.0716
28.23,NAV_TO_LANDING,1.6625,-1.2335,0.303,90.38,0.07,-3.7,-0.0,-0.0489,0.248,-0.0096,,2.504,,0.142,,1.6498,-1.0716
28.296,NAV_TO_LANDING,1.662,-1.221,0.302,89.9,0.22,-3.01,-0.0,-0.0437,0.2759,-0.0025,,2.514,,0.145,,1.6498,-1.0716
28.329,NAV_TO_LANDING,1.6611,-1.2078,0.302,89.37,0.58,-2.17,-0.0,-0.0378,0.296,-0.0015,,2.514,,0.145,,1.6498,-1.0716
28.39,NAV_TO_LANDING,1.6621,-1.1949,0.301,88.96,0.8,-1.62,-0.0,-0.0256,0.3065,-0.002,,2.54,,0.154,,1.6498,-1.0716
28.424,NAV_TO_LANDING,1.6647,-1.1801,0.302,88.57,0.68,-1.07,-0.0,-0.011,0.3146,-0.0012,,2.54,,0.154,,1.6498,-1.0716
28.525,NAV_TO_LANDING,1.6657,-1.1651,0.3,88.15,0.68,-0.58,-0.0,-0.002,0.3191,-0.0001,,2.572,,,,1.6498,-1.0716
28.533,NAV_TO_LANDING,1.6689,-1.1511,0.307,87.87,0.48,-0.06,-0.0,0.0102,0.316,-0.0041,,2.572,,,,1.6498,-1.0716
28.613,NAV_TO_LANDING,1.6713,-1.1358,0.304,87.67,0.18,0.2,-0.0,0.017,0.3138,0.0089,,2.598,,0.108,,1.6498,-1.0716
28.674,NAV_TO_LANDING,1.6742,-1.124,0.305,87.59,-0.07,0.62,-0.0,0.022,0.3006,0.0027,,2.598,,0.108,,1.6498,-1.0716
28.687,NAV_TO_LANDING,1.6768,-1.1118,0.305,87.66,-0.33,0.73,-0.0,0.0237,0.2876,-0.0034,,2.625,,0.121,,1.6498,-1.0716
28.74,NAV_TO_LANDING,1.6796,-1.1002,0.305,87.87,-0.85,0.95,-0.0,0.0228,0.2748,-0.0008,,2.625,,0.121,,1.6498,-1.0716
28.785,NAV_TO_LANDING,1.6818,-1.0868,0.307,88.16,-1.17,1.53,-0.0,0.0169,0.2649,-0.0062,,2.64,,0.118,,1.6498,-1.0716
28.825,NAV_TO_LANDING,1.6847,-1.0781,0.305,88.61,-1.56,1.96,-0.0,0.0109,0.2404,-0.0022,,2.64,,0.118,,1.6498,-1.0716
28.876,NAV_TO_LANDING,1.6863,-1.0688,0.306,89.2,-2.0,2.4,-0.0,-0.0007,0.2174,-0.0042,,2.645,,0.113,,1.6498,-1.0716
28.928,NAV_TO_LANDING,1.6866,-1.0609,0.308,89.86,-2.54,2.99,-0.0,-0.0177,0.1893,-0.0031,,2.645,,0.113,,1.6498,-1.0716
28.997,NAV_TO_LANDING,1.6868,-1.0559,0.306,90.38,-2.49,3.22,-0.0,-0.0354,0.1546,0.0057,,2.654,,0.114,,1.6498,-1.0716
29.034,NAV_TO_LANDING,1.6837,-1.0497,0.304,90.76,-2.29,3.46,-0.0,-0.0576,0.1234,-0.0024,,2.654,,0.114,,1.6498,-1.0716
29.093,NAV_TO_LANDING,1.6801,-1.0466,0.306,91.14,-2.12,3.56,-0.0,-0.0767,0.0884,-0.0129,,2.663,,0.118,,1.6498,-1.0716
29.13,NAV_TO_LANDING,1.6757,-1.045,0.304,91.49,-1.46,3.73,-0.0,-0.0924,0.0519,-0.0085,,2.663,,0.118,,1.6498,-1.0716
29.196,NAV_TO_LANDING,1.6711,-1.045,0.303,91.87,-1.08,3.68,-0.0,-0.1015,0.0158,-0.0127,,2.665,,0.125,,1.6498,-1.0716
29.251,NAV_TO_LANDING,1.6678,-1.0459,0.3,92.2,-0.61,3.24,-0.0,-0.1029,-0.0153,-0.0143,,2.665,,0.125,,1.6498,-1.0716
29.3,NAV_TO_LANDING,1.6635,-1.0484,0.3,92.52,-0.08,2.73,-0.0,-0.1026,-0.0429,-0.0213,,2.665,,0.136,,1.64,-0.94
29.331,NAV_TO_LANDING,1.6582,-1.0539,0.299,92.91,0.48,2.5,-0.0,-0.1005,-0.0722,-0.023,,2.665,,0.136,,1.64,-0.94
29.383,NAV_TO_LANDING,1.6546,-1.0594,0.297,93.23,0.84,1.65,-0.0,-0.0906,-0.0935,-0.0181,,2.679,,0.143,,1.64,-0.94
29.425,NAV_TO_LANDING,1.6521,-1.0643,0.297,93.58,1.18,-1.05,-0.0,-0.0766,-0.0984,-0.0199,,2.679,,0.143,,1.64,-0.94
29.492,NAV_TO_LANDING,1.651,-1.0713,0.297,93.81,1.31,-3.79,-0.0,-0.0607,-0.0834,-0.0195,,2.662,,0.149,,1.64,-0.94
29.54,NAV_TO_LANDING,1.6485,-1.0731,0.299,93.82,1.34,-5.36,-0.0,-0.0507,-0.0402,-0.0157,,2.662,,0.149,,1.64,-0.94
29.624,NAV_TO_LANDING,1.6472,-1.0744,0.301,93.65,1.27,-6.53,-0.0,-0.0402,0.0095,-0.0107,,2.672,,0.155,,1.64,-0.94
29.646,NAV_TO_LANDING,1.6469,-1.0714,0.297,93.35,1.27,-6.82,-0.0,-0.0292,0.0702,-0.0015,,2.672,,0.155,,1.64,-0.94
29.681,NAV_TO_LANDING,1.6458,-1.0637,0.299,92.88,1.15,-6.58,-0.0,-0.0209,0.1357,-0.0102,,2.687,,0.152,,1.64,-0.94
29.74,NAV_TO_LANDING,1.6468,-1.0522,0.295,92.3,0.87,-5.78,-0.0,-0.0094,0.1983,-0.0052,,2.687,,0.152,,1.64,-0.94
29.777,NAV_TO_LANDING,1.6468,-1.0391,0.293,91.69,0.64,-4.83,-0.0,-0.0034,0.2506,-0.0074,,2.704,,0.151,,1.64,-0.94
29.845,NAV_TO_LANDING,1.648,-1.0197,0.295,91.17,0.48,-3.64,-0.0,0.0047,0.3033,-0.0148,,2.704,,0.151,,1.64,-0.94
29.886,NAV_TO_LANDING,1.6486,-1.0044,0.292,90.76,0.21,-2.46,-0.0,0.0077,0.3297,-0.0035,,2.716,,0.179,,1.64,-0.94
29.927,NAV_TO_LANDING,1.6488,-0.9888,0.294,90.45,-0.0,-1.21,-0.0,0.008,0.3438,-0.0063,,2.716,,0.179,,1.64,-0.94
29.979,NAV_TO_LANDING,1.6496,-0.9716,0.296,90.17,-0.1,0.18,-0.0,0.0085,0.3485,-0.0023,,2.745,,,,1.64,-0.94
30.026,NAV_TO_LANDING,1.6495,-0.9563,0.299,89.88,-0.14,1.64,-0.0,0.006,0.3363,0.0049,,2.745,,,,1.66,-0.92
30.092,NAV_TO_LANDING,1.6494,-0.9384,0.303,89.68,-0.29,2.87,-0.0,0.004,0.3219,0.0117,,2.778,,,,1.86,-0.92
30.138,NAV_TO_LANDING,1.6498,-0.9258,0.3,89.61,-0.28,3.71,-0.0,0.0013,0.2866,0.0226,,2.778,,,,1.86,-0.92
30.198,NAV_TO_LANDING,1.6491,-0.9136,0.3,89.64,0.46,4.05,-0.0,-0.0015,0.251,0.0136,,2.786,,,,1.86,-0.92
30.238,NAV_TO_LANDING,1.6484,-0.9044,0.299,89.81,2.44,4.54,-0.0,0.0066,0.2082,0.0025,,2.786,,,,1.86,-0.92
30.276,NAV_TO_LANDING,1.648,-0.8966,0.299,90.09,3.67,4.35,-0.0,0.0287,0.1652,-0.0032,,2.796,,1.251,,1.86,-0.92
30.324,NAV_TO_LANDING,1.6499,-0.8883,0.301,90.45,4.46,4.2,-0.0,0.062,0.1315,-0.0084,,2.796,,1.251,,1.86,-0.92
30.401,NAV_TO_LANDING,1.6542,-0.8837,0.298,90.92,4.85,3.9,-0.0,0.1031,0.0935,-0.0065,,2.802,,1.246,,1.86,-0.92
30.435,NAV_TO_LANDING,1.6615,-0.8813,0.296,91.45,4.67,3.52,-0.0,0.1474,0.0592,-0.014,,2.802,,1.246,,1.86,-0.92
30.499,NAV_TO_LANDING,1.6695,-0.8803,0.297,92.0,4.05,3.06,-0.0,0.1854,0.0274,-0.0193,,2.794,,1.214,,1.86,-0.92
30.533,NAV_TO_LANDING,1.6801,-0.881,0.291,92.5,3.2,2.41,-0.0,0.2197,-0.0003,-0.0074,,2.794,,1.214,,1.86,-0.92
30.597,NAV_TO_LANDING,1.6903,-0.8811,0.293,93.0,2.47,2.03,-0.0,0.2416,-0.018,-0.0177,,2.718,,1.189,,1.86,-0.92
30.629,NAV_TO_LANDING,1.7054,-0.8846,0.291,93.39,1.95,1.88,-0.0,0.2683,-0.0394,-0.009,,2.718,,1.189,,1.86,-0.92
30.674,NAV_TO_LANDING,1.7176,-0.8855,0.294,93.7,1.29,1.26,-0.0,0.2801,-0.0499,-0.0049,,,,1.156,,1.86,-0.92
30.766,NAV_TO_LANDING,1.7316,-0.8869,0.298,93.86,0.6,0.74,-0.0,0.2891,-0.0541,0.0095,,,,1.156,,1.86,-0.92
30.798,NAV_TO_LANDING,1.7446,-0.8884,0.299,93.91,0.43,0.6,-0.0,0.29,-0.0559,0.0201,,,,1.141,,1.86,-0.92
30.849,NAV_TO_LANDING,1.7595,-0.8908,0.297,93.73,0.16,0.38,-0.0,0.2888,-0.0553,0.0205,,,,1.141,,1.86,-0.92
30.89,NAV_TO_LANDING,1.7717,-0.891,0.299,93.3,0.0,0.11,-0.0,0.2863,-0.0529,0.0131,,,,1.113,,1.86,-0.92
30.93,NAV_TO_LANDING,1.7847,-0.8923,0.299,92.71,0.18,0.46,-0.0,0.2851,-0.0514,0.0097,,,,1.113,,1.86,-0.92
30.973,NAV_TO_LANDING,1.7954,-0.8926,0.302,92.08,0.18,0.53,-0.0,0.2804,-0.0518,0.0044,,,,1.093,,1.86,-0.92
31.03,NAV_TO_LANDING,1.8085,-0.8941,0.299,91.53,0.12,0.72,-0.0,0.2757,-0.0513,0.0069,,,,1.093,,1.86,-0.92
31.08,NAV_TO_LANDING,1.8197,-0.8938,0.299,91.09,0.09,0.68,-0.0,0.2684,-0.0507,-0.0019,,0.129,,1.079,,1.86,-0.92
31.144,NAV_TO_LANDING,1.8303,-0.8935,0.3,90.75,-0.5,0.48,-0.0,0.2604,-0.0492,-0.0077,,0.129,,1.079,,1.86,-0.92
31.186,NAV_TO_LANDING,1.8412,-0.8941,0.304,90.41,-0.82,0.52,-0.0,0.2536,-0.0497,-0.0075,,0.091,,1.061,,1.86,-0.92
31.241,NAV_TO_LANDING,1.8514,-0.8944,0.297,90.15,-1.3,0.6,-0.0,0.2397,-0.0485,-0.0007,,0.091,,1.061,,1.86,-0.92
31.275,NAV_TO_LANDING,1.8627,-0.895,0.302,89.96,-2.46,-0.1,-0.0,0.2194,-0.0483,-0.0113,,0.101,,1.037,,1.86,-0.92
31.323,NAV_TO_LANDING,1.8711,-0.8952,0.3,89.76,-3.26,-0.61,-0.0,0.1908,-0.0394,-0.0059,,0.101,,1.037,,1.86,-0.92
31.376,NAV_TO_LANDING,1.877,-0.8944,0.303,89.62,-3.61,-0.69,-0.0,0.1535,-0.0282,-0.0034,,0.106,,,,1.86,-0.92
31.464,NAV_TO_LANDING,1.8825,-0.8944,0.299,89.57,-3.44,-0.83,-0.0,0.1221,-0.0202,-0.0007,,0.106,,,,,
31.538,NAV_TO_LANDING,1.8863,-0.8934,0.298,89.66,-2.9,-0.56,-0.0,0.0893,-0.0073,-0.0104,,0.107,,,,1.98,-0.9
31.548,NAV_TO_LANDING,1.8886,-0.8902,0.296,89.73,-2.46,-0.51,-0.0,0.0608,0.003,-0.0196,,0.107,,,,1.98,-0.9
31.576,NAV_TO_LANDING,1.8892,-0.887,0.293,89.89,-1.99,-0.36,-0.0,0.0384,0.012,-0.0182,,0.107,,,,1.98,-0.9
31.668,NAV_TO_LANDING,1.8878,-0.8844,0.298,90.05,0.6,0.04,-0.0,0.0225,0.0179,-0.0183,,0.107,,,,1.98,-0.9
31.684,NAV_TO_LANDING,1.8876,-0.8812,0.296,90.14,2.47,0.37,-0.0,0.0273,0.0247,-0.0154,,0.108,,1.031,,1.98,-0.9
31.742,NAV_TO_LANDING,1.8864,-0.8765,0.296,90.25,3.62,1.02,-0.0,0.0481,0.0284,-0.0175,,0.108,,1.031,,1.98,-0.9
31.806,NAV_TO_LANDING,1.8899,-0.8723,0.295,90.35,4.45,1.56,-0.0,0.0813,0.0203,-0.0191,,0.117,,1.019,,1.98,-0.9
31.841,NAV_TO_LANDING,1.8978,-0.8692,0.295,90.53,4.42,1.57,-0.0,0.126,0.0107,-0.0158,,0.117,,1.019,,1.98,-0.9
31.893,NAV_TO_LANDING,1.9055,-0.8695,0.292,90.59,4.39,1.83,-0.0,0.1652,-0.0036,-0.0145,,0.122,,1.001,,1.98,-0.9
31.925,NAV_TO_LANDING,1.9164,-0.8675,0.292,90.6,4.11,2.17,-0.0,0.2062,-0.0141,-0.0218,,0.122,,1.001,,1.98,-0.9
31.974,NAV_TO_LANDING,1.9312,-0.8688,0.291,90.56,3.17,1.71,-0.0,0.2479,-0.0316,-0.0078,,0.117,,0.972,,1.98,-0.9
32.043,NAV_TO_LANDING,1.947,-0.8717,0.29,90.5,0.85,1.01,-0.0,0.2759,-0.0461,-0.0054,,0.117,,0.972,,1.98,-0.9
32.081,NAV_TO_LANDING,1.9627,-0.8733,0.291,90.42,-1.46,-0.02,-0.0,0.2783,-0.0493,0.0039,,0.114,,0.944,,1.98,-0.9
32.144,NAV_TO_LANDING,1.9758,-0.8748,0.291,90.32,-2.82,-0.67,-0.0,0.2599,-0.0439,0.0117,,0.114,,0.944,,1.98,-0.9
32.194,NAV_TO_LANDING,1.9894,-0.8776,0.293,90.25,-3.67,-1.19,-0.0,0.2347,-0.0382,0.0161,,0.129,,0.92,,1.98,-0.9
32.248,NAV_TO_LANDING,2.0009,-0.8796,0.3,90.14,-4.17,-1.1,-0.0,0.2028,-0.0288,0.0179,,0.129,,0.92,,2.02,-0.9
32.302,NAV_TO_LANDING,2.0089,-0.8805,0.299,90.08,-4.53,-0.98,-0.0,0.1631,-0.0188,0.0247,,,,0.917,,2.08,-0.9
32.346,NAV_TO_LANDING,2.0158,-0.8806,0.297,90.15,-4.24,-0.87,-0.0,0.1242,-0.0098,0.0242,,,,0.917,,2.08,-0.9
32.373,NAV_TO_LANDING,2.0203,-0.8816,0.299,90.18,-2.97,-0.79,-0.0,0.089,-0.0036,0.0219,,0.301,,,,2.08,-0.9
32.423,NAV_TO_LANDING,2.0229,-0.88,0.296,90.24,-0.68,-0.25,-0.0,0.0684,0.0047,0.0221,,0.301,,,,2.08,-0.9
32.506,NAV_TO_LANDING,2.0243,-0.8789,0.299,90.32,0.26,0.23,-0.0,0.0622,0.0072,0.0064,,0.332,,0.904,,2.08,-0.9
32.525,NAV_TO_LANDING,2.028,-0.8781,0.301,90.32,1.12,0.59,-0.0,0.0682,0.0049,0.01,,0.332,,0.904,,2.08,-0.9
32.576,NAV_TO_LANDING,2.0309,-0.8777,0.302,90.17,1.76,0.81,-0.0,0.0787,-0.0002,0.0102,,0.371,,0.885,,2.08,-0.9
32.624,NAV_TO_LANDING,2.0358,-0.8778,0.303,90.03,1.89,0.96,-0.0,0.0954,-0.0075,0.0106,,0.371,,0.885,,2.08,-0.9
32.685,NAV_TO_LANDING,2.042,-0.8781,0.304,89.85,1.81,1.11,-0.0,0.1139,-0.0159,0.0128,,0.452,,,,2.08,-0.9
32.754,NAV_TO_LANDING,2.0484,-0.8785,0.302,89.77,1.51,1.0,-0.0,0.129,-0.0237,0.0131,,0.452,,,,2.08,-0.9
32.786,NAV_TO_LANDING,2.0577,-0.8803,0.304,89.73,1.07,0.86,-0.0,0.1464,-0.0327,0.0049,,0.523,,,,2.08,-0.92
32.841,NAV_TO_LANDING,2.0666,-0.8821,0.305,89.69,0.63,0.83,-0.0,0.1573,-0.04,0.0073,,0.523,,,,2.08,-0.92
32.882,NAV_TO_LANDING,2.0755,-0.8843,0.306,89.64,0.01,0.87,-0.0,0.163,-0.0473,0.0073,,0.612,,,,2.08,-0.92
32.924,NAV_TO_LANDING,2.0854,-0.8872,0.307,89.62,-0.83,1.31,-0.0,0.1646,-0.0566,0.0054,,0.612,,,,2.08,-0.92
32.974,NAV_TO_LANDING,2.0932,-0.8897,0.305,89.68,-1.45,1.58,-0.0,0.1544,-0.0671,0.0012,,,,,,2.08,-0.92
33.048,NAV_TO_LANDING,2.1018,-0.8953,0.306,89.75,-2.16,1.52,-0.0,0.1428,-0.0846,-0.0097,,,,,,2.08,-0.92
33.079,NAV_TO_LANDING,2.1086,-0.9004,0.308,89.94,-2.85,1.33,-0.0,0.1226,-0.0984,-0.0109,,,,,,2.08,-0.92
33.143,NAV_TO_LANDING,2.1145,-0.9057,0.306,90.15,-3.41,0.94,-0.0,0.0968,-0.109,-0.0041,,,,,,2.08,-0.92
33.18,NAV_TO_LANDING,2.118,-0.9117,0.307,90.34,-3.6,0.43,-0.0,0.0659,-0.1161,-0.0096,,,,,,2.08,-0.92
33.237,NAV_TO_LANDING,2.1204,-0.919,0.305,90.43,-3.83,-0.15,-0.0,0.0342,-0.1208,-0.0114,,,,,,2.08,-0.92
33.274,NAV_TO_LANDING,2.1217,-0.9275,0.303,90.45,-3.77,-0.52,-0.0,0.0021,-0.1234,-0.0132,,,,,,2.08,-0.92
33.357,NAV_TO_LANDING,2.1216,-0.9326,0.301,90.45,-3.64,-1.1,-0.0,-0.0284,-0.1154,-0.0204,,,,,,2.08,-0.92
33.389,NAV_TO_LANDING,2.12,-0.9396,0.297,90.38,-3.27,-1.46,-0.0,-0.058,-0.107,-0.0217,,,,,,2.08,-0.92
33.439,NAV_TO_LANDING,2.1178,-0.9438,0.299,90.18,-2.82,-1.99,-0.0,-0.0812,-0.0914,-0.0287,,,,,,2.08,-0.92
33.496,NAV_TO_LANDING,2.1125,-0.9476,0.296,89.96,-2.32,-2.18,-0.0,-0.106,-0.0725,-0.0168,,,,,,2.08,-0.92
33.525,NAV_TO_LANDING,2.1072,-0.9498,0.301,89.7,-1.7,-2.37,-0.0,-0.1227,-0.0508,-0.0122,,,,,,2.08,-0.92
33.593,NAV_TO_LANDING,2.1007,-0.9514,0.296,89.44,-1.14,-2.53,-0.0,-0.1357,-0.0292,-0.0034,,,,,,2.08,-0.92
33.628,NAV_TO_LANDING,2.0935,-0.9515,0.299,89.18,-0.38,-2.45,-0.0,-0.1433,-0.0054,-0.0098,,,,,,2.08,-0.92
33.688,NAV_TO_LANDING,2.0872,-0.9508,0.3,89.02,0.18,-2.21,-0.0,-0.1422,0.0155,-0.005,,,,,,2.08,-0.92
33.757,NAV_TO_LANDING,2.0827,-0.9485,0.296,88.89,0.73,-1.95,-0.0,-0.1322,0.0349,0.0054,,,,,,2.1,-0.92
33.777,NAV_TO_LANDING,2.078,-0.9455,0.296,88.89,1.16,-1.63,-0.0,-0.1195,0.0516,-0.009,,,,,,2.1,-0.92
33.824,NAV_TO_LANDING,2.0735,-0.9418,0.299,89.01,1.5,-1.36,-0.0,-0.1049,0.0659,-0.0104,,,,,,2.1,-0.92
33.88,NAV_TO_LANDING,2.0695,-0.9371,0.297,89.16,1.84,-0.96,-0.0,-0.0887,0.0785,0.0013,,,,,,2.1,-0.92
33.924,NAV_TO_LANDING,2.0652,-0.9334,0.3,89.33,2.42,-0.66,-0.0,-0.0717,0.0844,-0.0052,,,,,,2.1,-0.92
33.984,NAV_TO_LANDING,2.0654,-0.9287,0.297,89.52,2.86,-0.13,-0.0,-0.0414,0.0875,0.0012,,,,,,2.1,-0.92
34.047,NAV_TO_LANDING,2.0648,-0.9233,0.299,89.71,2.98,0.42,-0.0,-0.0143,0.0891,-0.0051,,,,,,2.1,-0.92
34.08,NAV_TO_LANDING,2.0671,-0.9193,0.299,89.87,2.95,0.86,-0.0,0.017,0.0815,-0.0049,,0.6,,,,2.1,-0.92
34.139,NAV_TO_LANDING,2.0715,-0.9155,0.299,90.05,2.67,1.19,-0.0,0.049,0.072,-0.0024,,0.6,,,,2.1,-0.98
34.177,NAV_TO_LANDING,2.0762,-0.9129,0.297,90.25,2.22,1.3,-0.0,0.0749,0.0584,-0.004,,,,,,2.1,-0.98
34.224,NAV_TO_LANDING,2.0816,-0.9125,0.299,90.42,1.45,2.01,-0.0,0.0937,0.038,-0.0057,,,,,,2.1,-0.98
34.282,NAV_TO_LANDING,2.0885,-0.9113,0.3,90.43,0.9,3.41,-0.0,0.1097,0.0148,0.0009,,,,,,2.1,-0.98
34.361,NAV_TO_LANDING,2.0949,-0.9118,0.298,90.46,0.26,4.01,-0.0,0.1173,-0.0184,0.0033,,,,,,2.1,-0.98
34.376,NAV_TO_LANDING,2.1024,-0.915,0.295,90.44,-0.3,4.08,-0.0,0.122,-0.0572,-0.0028,,0.996,,,,2.1,-0.98
34.443,NAV_TO_LANDING,2.1081,-0.9197,0.298,90.48,-0.98,3.82,-0.0,0.1166,-0.0945,-0.0132,,0.996,,,,2.1,-0.98
34.48,NAV_TO_LANDING,2.1142,-0.9266,0.299,90.45,-1.49,3.34,-0.0,0.1077,-0.1299,-0.0028,,,,,,2.1,-0.98
34.524,NAV_TO_LANDING,2.1185,-0.9347,0.299,90.38,-2.03,2.62,-0.0,0.091,-0.1596,0.0059,,,,,,2.1,-0.98
34.594,NAV_TO_LANDING,2.1231,-0.9455,0.297,90.27,-2.23,1.94,-0.0,0.0741,-0.1857,0.0026,,1.517,,,,2.1,-0.98
34.649,NAV_TO_LANDING,2.1256,-0.9569,0.297,90.15,-2.49,0.93,-0.0,0.0524,-0.2044,-0.0045,,1.517,,,,2.1,-0.98
34.702,NAV_TO_LANDING,2.1265,-0.967,0.299,90.03,-2.78,-0.24,-0.0,0.0264,-0.2088,-0.0021,,,,,,2.1,-0.98
34.73,NAV_TO_LANDING,2.1262,-0.9781,0.294,89.92,-2.64,-0.95,-0.0,-0.0,-0.2065,0.0054,,,,,,2.5,-0.98
34.788,NAV_TO_LANDING,2.1251,-0.9851,0.292,89.78,-2.45,-1.6,-0.0,-0.0234,-0.1891,-0.008,,,,,,2.5,-0.98
34.827,NAV_TO_LANDING,2.1234,-0.9942,0.299,89.65,-0.71,-2.31,-0.0,-0.0417,-0.1726,-0.0057,,,,,,2.5,-0.98
34.885,NAV_TO_LANDING,2.1182,-1.0016,0.298,89.67,2.24,-3.01,-0.0,-0.0445,-0.1484,0.0123,,,0.105,,,2.5,-0.98
34.923,NAV_TO_LANDING,2.1129,-1.0074,0.297,89.76,3.86,-3.34,-0.0,-0.0291,-0.1193,0.0071,,,0.105,,,2.5,-0.98
34.982,NAV_TO_LANDING,2.1118,-1.0108,0.299,89.84,5.13,-3.16,-0.0,0.0068,-0.0867,-0.0008,,1.495,0.101,,,2.5,-0.98
35.024,NAV_TO_LANDING,2.1111,-1.0138,0.299,89.89,5.76,-2.95,-0.0,0.0482,-0.0573,0.0005,,1.495,0.101,,,2.5,-0.98
35.087,NAV_TO_LANDING,2.1164,-1.015,0.301,90.06,5.82,-2.49,-0.0,0.1021,-0.0312,-0.0016,,1.563,0.112,,,2.5,-0.98
35.122,NAV_TO_LANDING,2.1244,-1.0142,0.301,90.25,5.54,-2.27,-0.0,0.1558,-0.0051,0.0001,,1.563,0.112,,,2.5,-0.98
35.2,NAV_TO_LANDING,2.1354,-1.0125,0.301,90.39,4.86,-1.73,-0.0,0.2063,0.017,0.0003,,,0.136,,,2.5,-0.98
35.244,NAV_TO_LANDING,2.1471,-1.0099,0.302,90.47,4.09,-1.25,-0.0,0.2466,0.0353,-0.0018,,,0.136,,,2.5,-0.98
35.293,NAV_TO_LANDING,2.1601,-1.0078,0.301,90.5,3.36,-0.77,-0.0,0.2784,0.0448,0.0018,,,0.171,,,2.5,-0.98
35.341,NAV_TO_LANDING,2.175,-1.005,0.301,90.57,2.37,-0.49,-0.0,0.305,0.0521,-0.0031,,,0.171,,,2.5,-0.98
35.378,NAV_TO_LANDING,2.1911,-1.0016,0.299,90.6,1.55,-0.21,-0.0,0.3231,0.0582,-0.0031,,,0.185,,,2.5,-0.98
35.423,NAV_TO_LANDING,2.2096,-0.9977,0.299,90.57,0.85,0.12,-0.0,0.3391,0.0615,-0.0072,,,0.185,,,2.5,-0.98
35.475,NAV_TO_LANDING,2.2238,-0.9946,0.299,90.52,0.24,0.48,-0.0,0.3376,0.0609,-0.01,,1.594,0.221,,,2.5,-0.98
35.536,NAV_TO_LANDING,2.2384,-0.9929,0.302,90.47,-0.12,0.6,-0.0,0.3323,0.0528,-0.0049,,1.594,0.221,,,2.5,-0.98
35.601,NAV_TO_LANDING,2.2547,-0.9904,0.303,90.45,-0.43,0.66,-0.0,0.3296,0.0472,0.0015,0.674,1.56,0.25,,,2.5,-0.98
35.63,NAV_TO_LANDING,2.2682,-0.9888,0.309,90.34,-0.74,0.59,-0.0,0.3171,0.04,0.0055,0.674,1.56,0.25,,,2.5,-0.98
35.689,NAV_TO_LANDING,2.2812,-0.9883,0.307,90.27,-0.8,0.6,-0.0,0.3033,0.0308,0.0166,0.589,,0.282,,,2.5,-0.98
35.726,NAV_TO_LANDING,2.2973,-0.9866,0.305,90.2,-0.76,0.45,-0.0,0.2995,0.0268,0.0068,0.589,,0.282,,,2.5,-0.98
35.773,NAV_TO_LANDING,2.3091,-0.9863,0.306,90.11,-0.48,0.42,-0.0,0.2865,0.0207,-0.0051,0.546,1.514,0.303,,,2.5,-0.98
35.831,NAV_TO_LANDING,2.321,-0.9854,0.303,90.01,-0.25,0.38,-0.0,0.277,0.017,-0.0029,0.546,1.514,0.303,,,2.5,-0.98
35.9,NAV_TO_LANDING,2.3323,-0.9846,0.303,89.93,-0.04,0.54,-0.0,0.2693,0.013,-0.0133,0.527,1.511,0.328,,,2.5,-0.98
35.934,NAV_TO_LANDING,2.3433,-0.9839,0.302,89.84,0.18,0.31,-0.0,0.2632,0.0091,-0.0117,0.527,1.511,0.328,,,2.5,-0.98
35.975,NAV_TO_LANDING,2.3552,-0.9846,0.3,89.77,0.42,0.29,-0.0,0.2626,0.004,-0.0121,0.519,1.487,0.351,,,2.5,-0.98
36.028,NAV_TO_LANDING,2.3659,-0.9844,0.3,89.68,0.63,0.26,-0.0,0.2603,0.0014,-0.0164,0.519,1.487,0.351,,,2.5,-0.98
36.072,NAV_TO_LANDING,2.3771,-0.9845,0.299,89.55,0.85,0.18,-0.0,0.2615,-0.0012,-0.0162,0.519,1.49,0.37,,,2.5,-0.98
36.128,NAV_TO_LANDING,2.3888,-0.9839,0.302,89.49,0.81,0.01,-0.0,0.2648,-0.0011,-0.0143,0.519,1.49,0.37,,,2.5,-0.98
36.196,NAV_TO_LANDING,2.4007,-0.9839,0.301,89.46,0.92,-0.14,-0.0,0.2683,-0.0005,-0.0047,0.515,1.468,0.4,,,2.5,-0.98
36.228,NAV_TO_LANDING,2.4125,-0.9841,0.299,89.43,0.87,-0.26,-0.0,0.2715,0.0006,-0.005,0.515,1.468,0.4,,,2.5,-0.98
36.288,NAV_TO_LANDING,2.4269,-0.9851,0.294,89.39,0.89,-0.1,-0.0,0.2806,-0.0004,-0.0099,0.518,1.457,0.419,,,2.5,-0.98
36.331,NAV_TO_LANDING,2.4396,-0.9848,0.299,89.34,0.9,-0.15,-0.0,0.2847,0.001,-0.019,0.518,1.457,0.419,,,2.5,-0.98
36.386,NAV_TO_LANDING,2.4533,-0.9853,0.298,89.31,0.67,-0.21,-0.0,0.29,0.001,-0.0051,0.524,1.44,0.447,,,2.5,-0.98
36.456,NAV_TO_LANDING,2.4668,-0.9851,0.299,89.24,0.0,-0.34,-0.0,0.2912,0.0035,-0.001,0.524,1.44,0.447,,,2.5,-0.98
36.486,NAV_TO_LANDING,2.4799,-0.9856,0.299,89.18,-1.07,-0.15,-0.0,0.284,0.0041,0.0008,0.53,1.413,0.476,,,2.5,-0.98
36.583,LANDING_REGION_SCAN,2.4958,-0.9852,0.3,89.11,-2.05,-0.04,-0.0,0.2763,0.0059,0.0037,0.53,1.413,0.476,,,2.82,-1.0
36.645,LANDING_REGION_SCAN,2.5086,-0.9857,0.305,89.05,-2.78,-0.01,-0.0,0.255,0.0044,0.003,0.561,1.373,0.503,,,2.82,-1.0
36.655,LANDING_REGION_SCAN,2.5196,-0.9864,0.299,88.98,-3.09,-0.08,-0.0,0.2278,0.0033,0.0117,0.561,1.373,0.503,,,2.82,-1.0
36.7,LANDING_REGION_SCAN,2.5288,-0.9879,0.299,88.96,-3.88,0.12,-0.0,0.1956,0.0004,-0.0029,0.697,1.345,0.526,,,2.82,-1.0
36.729,LANDING_REGION_SCAN,2.5382,-0.9877,0.297,89.01,-2.6,0.16,-0.0,0.165,-0.0002,-0.0015,0.697,1.345,0.526,,,2.82,-1.0
36.774,LANDING_REGION_SCAN,2.5425,-0.9876,0.299,89.05,-0.55,0.22,-0.0,0.1415,-0.001,-0.0078,1.741,1.311,0.54,,,2.82,-1.0
36.824,LANDING_REGION_SCAN,2.5475,-0.9881,0.3,89.14,0.86,0.27,-0.0,0.1368,-0.0044,-0.0019,1.741,1.311,0.54,,,2.82,-1.0
36.91,LANDING_REGION_SCAN,2.5544,-0.9869,0.297,89.28,1.85,0.22,-0.0,0.1474,-0.004,0.0026,1.852,1.272,0.546,,,2.82,-1.0
36.941,LANDING_REGION_SCAN,2.5629,-0.989,0.297,89.36,2.45,0.12,-0.0,0.1672,-0.0094,-0.0065,1.852,1.272,0.546,,,2.82,-1.0
36.995,LANDING_REGION_SCAN,2.5712,-0.9902,0.297,89.39,2.67,0.24,-0.0,0.1875,-0.0124,-0.0081,1.874,1.219,0.559,,,2.82,-1.0
37.04,LANDING_REGION_SCAN,2.5812,-0.9908,0.299,89.46,2.89,0.15,-0.0,0.2118,-0.0144,-0.0022,1.874,1.219,0.559,,,2.82,-1.0
37.078,LANDING_REGION_SCAN,2.5941,-0.992,0.297,89.47,2.7,-0.03,-0.0,0.2404,-0.0161,0.0043,1.858,1.17,0.576,,,2.82,-1.0
37.123,LANDING_REGION_SCAN,2.6076,-0.9935,0.297,89.45,2.23,-0.11,-0.0,0.2644,-0.0177,0.0013,1.858,1.17,0.576,,,2.82,-1.0
37.202,LANDING_REGION_SCAN,2.6215,-0.9961,0.299,89.35,1.8,-0.14,-0.0,0.2825,-0.021,-0.0004,,1.118,0.603,,,2.82,-1.0
37.233,LANDING_REGION_SCAN,2.6357,-0.9976,0.303,89.2,1.44,-0.13,-0.0,0.296,-0.0214,0.0057,,1.118,0.603,,,2.82,-1.0
37.298,LANDING_REGION_SCAN,2.6506,-0.9985,0.303,89.06,0.84,-0.12,-0.0,0.3061,-0.0203,0.0165,,1.076,0.632,,,2.82,-1.0
37.329,LANDING_REGION_SCAN,2.6689,-1.0002,0.306,89.0,0.59,-0.1,-0.0,0.3189,-0.0213,0.0113,,1.076,0.632,,,2.82,-1.0
37.391,LANDING_REGION_SCAN,2.6853,-1.0027,0.303,88.96,0.24,-0.25,-0.0,0.3238,-0.024,0.0097,,1.041,0.665,,,2.82,-1.0
37.421,LANDING_REGION_SCAN,2.702,-1.0049,0.301,88.89,-0.16,-0.21,-0.0,0.3257,-0.0247,-0.0003,,1.041,0.665,,,2.82,-1.0
37.506,LANDING_REGION_SCAN,2.7161,-1.0054,0.299,88.82,-0.54,-0.26,-0.0,0.3182,-0.021,-0.008,,1.01,0.691,,,2.82,-1.0
37.535,LANDING_REGION_SCAN,2.7316,-1.0055,0.302,88.78,-0.94,-0.53,-0.0,0.3112,-0.0158,-0.0076,,1.01,0.691,,,2.82,-1.0
37.59,LANDING_REGION_SCAN,2.7465,-1.009,0.301,88.79,-1.12,-0.71,-0.0,0.301,-0.0165,-0.0015,,0.991,0.719,2.536,,2.82,-1.0
37.656,LANDING_REGION_SCAN,2.7627,-1.0104,0.3,88.77,-1.35,-0.6,-0.0,0.2939,-0.0124,-0.0023,,0.991,0.719,2.536,,2.82,-1.0
37.681,LANDING_REGION_SCAN,2.7748,-1.0126,0.302,88.66,-1.33,-0.73,-0.0,0.2769,-0.0103,-0.0028,,0.98,0.747,,,2.82,-1.0
37.745,LANDING_REGION_SCAN,2.7865,-1.0146,0.304,88.49,-1.6,-0.95,-0.0,0.2602,-0.006,0.0074,,0.98,0.747,,,2.82,-1.0
37.772,LANDING_REGION_SCAN,2.7962,-1.0162,0.306,88.34,-1.89,-0.83,-0.0,0.2388,-0.0004,0.0122,,0.974,0.773,,,3.5,-1.02
37.824,LANDING_REGION_SCAN,2.8056,-1.0159,0.308,88.3,-2.54,-0.93,-0.0,0.2158,0.0081,0.0107,,0.974,0.773,,,3.5,-1.02
37.906,LANDING_REGION_SCAN,2.8154,-1.0164,0.307,88.39,-2.26,-0.71,-0.0,0.1922,0.0144,0.0203,,0.972,0.791,,,3.5,-1.02
37.925,LANDING_REGION_SCAN,2.8206,-1.0161,0.308,88.35,-0.8,-0.49,-0.0,0.1686,0.0196,0.0113,,0.972,0.791,,,3.5,-1.02
37.981,LANDING_REGION_SCAN,2.8259,-1.0152,0.305,88.3,0.54,-0.25,-0.0,0.1592,0.0233,0.0049,,0.975,0.799,2.405,,3.5,-1.02
38.027,LANDING_REGION_SCAN,2.8299,-1.014,0.307,88.16,1.37,0.07,-0.0,0.1573,0.0251,-0.0115,,0.975,0.799,2.405,,3.5,-1.02
38.072,LANDING_REGION_SCAN,2.8365,-1.0134,0.307,87.98,1.91,0.1,-0.0,0.1666,0.0226,-0.0068,,0.976,0.814,2.398,,3.5,-1.02
38.128,LANDING_REGION_SCAN,2.8428,-1.0142,0.308,87.8,2.3,0.14,-0.0,0.1793,0.017,0.0052,,0.976,0.814,2.398,,3.5,-1.02
38.176,LANDING_REGION_SCAN,2.8508,-1.0144,0.308,87.74,2.46,0.18,-0.0,0.1964,0.0125,0.0105,,0.978,0.839,,,3.5,-1.02
38.235,LANDING_REGION_SCAN,2.8587,-1.0152,0.309,87.86,2.29,0.07,-0.0,0.2111,0.0073,0.0084,,0.978,0.839,,,3.5,-1.02
38.281,LANDING_REGION_SCAN,2.8666,-1.0162,0.31,88.04,2.13,0.27,-0.0,0.2221,0.0024,0.0023,,0.979,0.851,,,3.5,-1.02
38.339,LANDING_REGION_SCAN,2.8758,-1.0172,0.311,88.25,2.23,0.36,-0.0,0.2346,-0.0036,0.0003,,0.979,0.851,,,3.5,-1.02
38.379,LANDING_REGION_SCAN,2.8865,-1.0179,0.305,88.47,2.32,0.14,-0.0,0.2502,-0.0079,-0.0008,,0.98,0.86,,,3.5,-1.02
38.444,LANDING_REGION_SCAN,2.8989,-1.0194,0.305,88.71,2.0,0.1,-0.0,0.2673,-0.0119,-0.021,,0.98,0.86,,,3.5,-1.02
38.493,LANDING_REGION_SCAN,2.9098,-1.0211,0.305,89.04,1.74,0.25,-0.0,0.2763,-0.0171,-0.0266,,0.997,0.878,,,3.5,-1.02
38.522,LANDING_REGION_SCAN,2.9225,-1.0221,0.303,89.46,1.67,0.03,-0.0,0.2877,-0.0197,-0.0223,,0.997,0.878,,,3.5,-1.02
38.573,LANDING_REGION_SCAN,2.9344,-1.024,0.309,89.93,1.09,-0.18,-0.0,0.2935,-0.022,-0.0222,0.271,1.016,0.89,2.33,,3.5,-1.02
38.622,LANDING_REGION_SCAN,2.9472,-1.0252,0.302,90.4,0.41,-0.42,-0.0,0.295,-0.0198,-0.0022,0.271,1.016,0.89,2.33,,3.5,-1.02
38.676,LANDING_REGION_SCAN,2.9592,-1.0255,0.304,90.77,0.24,-0.48,-0.0,0.2907,-0.0143,-0.015,0.173,1.072,0.902,2.326,,3.5,-1.02
38.721,LANDING_REGION_SCAN,2.9742,-1.0263,0.304,91.02,0.55,-0.48,-0.0,0.2944,-0.0108,-0.0216,0.173,1.072,0.902,2.326,,3.5,-1.02
38.773,LANDING_REGION_SCAN,2.9869,-1.0271,0.299,91.12,0.75,-0.31,-0.0,0.2949,-0.008,-0.0223,0.165,1.224,0.927,2.321,,3.5,-1.02
38.829,LANDING_REGION_SCAN,3.0003,-1.0272,0.301,91.15,0.69,-0.07,-0.0,0.2972,-0.0055,-0.0365,0.165,1.224,0.927,2.321,,3.5,-1.02
38.89,LANDING_REGION_SCAN,3.0133,-1.0278,0.299,91.11,0.75,0.02,-0.0,0.2987,-0.0057,-0.0257,0.173,1.418,0.951,,,3.5,-1.02
38.934,LANDING_REGION_SCAN,3.0272,-1.0271,0.297,91.04,0.71,-0.33,-0.0,0.302,-0.0028,-0.0193,0.173,1.418,0.951,,,3.5,-1.02
38.984,LANDING_REGION_SCAN,3.0413,-1.0267,0.297,90.85,0.92,-0.76,-0.0,0.3058,0.0033,-0.018,0.189,,0.984,,,3.5,-1.02
39.054,LANDING_REGION_SCAN,3.0551,-1.0269,0.298,90.67,0.96,-0.34,-0.0,0.3099,0.0071,-0.0251,0.189,,0.984,,,3.5,-1.02
39.083,LANDING_REGION_SCAN,3.0698,-1.0252,0.293,90.56,0.92,-0.21,-0.0,0.3153,0.013,-0.0286,0.19,2.428,1.011,,,3.5,-1.02
39.145,LANDING_REGION_SCAN,3.0853,-1.0228,0.25,90.6,0.72,-0.3,-0.0,0.322,0.0198,-0.0349,0.19,2.428,1.011,,,3.5,-1.02
39.18,LANDING_REGION_SCAN,3.1011,-1.021,0.21,90.83,0.38,-0.37,-0.0,0.3261,0.0249,-0.1198,0.189,2.49,1.045,,,3.5,-1.02
39.24,LANDING_REGION_SCAN,3.1154,-1.0172,0.183,90.98,0.27,-0.19,-0.0,0.3247,0.0348,-0.1627,0.189,2.49,1.045,,,3.5,-1.02
39.272,LANDING_REGION_SCAN,3.1275,-1.0141,0.19,90.8,0.42,-0.05,-0.0,0.3184,0.04,-0.1693,0.185,2.536,1.072,,,3.5,-1.02
39.358,LANDING_REGION_SCAN,3.1396,-1.0139,0.212,90.52,0.75,-0.03,-0.0,0.3156,0.0368,-0.039,0.185,2.536,1.072,,,3.5,-1.02
39.39,LANDING_REGION_SCAN,3.1506,-1.0099,0.234,90.08,0.87,0.56,-0.0,0.3108,0.04,0.0479,0.177,2.556,1.114,,,3.5,-1.02
39.469,LANDING_REGION_SCAN,3.1633,-1.0044,0.265,89.79,0.47,0.91,-0.0,0.3084,0.0419,0.1226,0.177,2.556,1.114,,,3.5,-1.02
39.507,LANDING_REGION_SCAN,3.1816,-0.9997,0.292,89.48,0.56,1.22,-0.0,0.3174,0.0378,0.2073,0.178,2.584,1.161,,,3.5,-1.02
39.541,LANDING_REGION_SCAN,3.2007,-0.9962,0.324,89.33,0.65,1.37,-0.0,0.3292,0.0301,0.2407,0.178,2.584,1.161,,,3.5,-1.02
39.576,LANDING_REGION_SCAN,3.2187,-0.9934,0.348,89.39,0.52,1.4,-0.0,0.3353,0.0182,0.291,0.177,2.602,1.201,,,3.5,-1.02
39.628,LANDING_REGION_SCAN,3.2371,-0.9919,0.39,89.66,0.83,1.45,-0.0,0.3426,0.008,0.2667,0.177,2.602,1.201,,,3.5,-1.02
39.692,LANDING_REGION_SCAN,3.2559,-0.9906,0.416,90.11,0.58,1.56,-0.0,0.351,-0.0031,0.296,0.178,2.62,1.24,,,3.5,-1.02
39.723,LANDING_REGION_SCAN,3.2742,-0.9899,0.439,90.64,-0.08,1.7,-0.0,0.3543,-0.0139,0.2612,0.178,2.62,1.24,,,3.5,-1.02
39.781,LANDING_REGION_SCAN,3.2942,-0.9912,0.442,91.07,-0.4,1.34,-0.0,0.3597,-0.0252,0.2197,0.184,2.609,1.257,,,3.5,-1.02
39.823,LANDING_REGION_SCAN,3.3127,-0.9921,0.427,91.4,-0.5,1.16,-0.0,0.3594,-0.0315,0.1068,0.184,2.609,1.257,,,3.5,-1.02
39.875,LANDING_REGION_SCAN,3.3306,-0.9934,0.41,91.67,-0.76,0.81,-0.0,0.3552,-0.0373,-0.016,0.191,2.62,1.286,,,3.5,-1.02
39.926,LANDING_REGION_SCAN,3.3496,-0.995,0.388,91.77,-0.81,0.26,-0.0,0.3533,-0.0409,-0.1272,0.191,2.62,1.286,,,3.5,-1.02
39.972,LANDING_REGION_SCAN,3.3681,-0.9973,0.369,91.65,-1.03,-0.26,-0.0,0.3484,-0.0428,-0.2182,0.196,2.614,1.33,,,3.5,-1.02
40.049,LANDING_REGION_SCAN,3.3884,-0.9992,0.346,91.38,-1.12,-0.51,-0.0,0.3469,-0.04,-0.2485,0.196,2.614,1.33,,,3.5,-1.02
40.079,LANDING_REGION_SCAN,3.4063,-1.0001,0.316,91.07,-1.51,-0.73,-0.0,0.337,-0.0351,-0.2868,,2.606,1.358,,,3.5,-1.02
40.144,LANDING_REGION_SCAN,3.4241,-1.0026,0.31,90.68,-1.56,-0.53,-0.0,0.3254,-0.0333,-0.295,,2.606,1.358,,,3.5,-1.02
40.179,LANDING_REGION_SCAN,3.4391,-1.0043,0.297,90.09,-1.65,-0.1,-0.0,0.3075,-0.0315,-0.2612,,2.605,1.407,,,3.5,-1.02
40.233,LANDING_REGION_SCAN,3.4534,-1.0034,0.288,89.62,-1.55,-0.1,-0.0,0.2903,-0.0265,-0.2074,,2.605,1.407,,,3.5,-1.02
40.275,LANDING_REGION_SCAN,3.4666,-1.0053,0.281,89.18,-2.04,-0.05,-0.0,0.2724,-0.0265,-0.1865,,2.591,1.468,,,3.5,-1.02
40.346,LANDING_REGION_SCAN,3.4833,-1.0046,0.271,88.85,-2.24,0.28,-0.0,0.2602,-0.0232,-0.1419,,2.591,1.468,,,3.5,-1.0046
40.377,LANDING_REGION_SCAN,3.496,-1.0042,0.265,88.51,-2.36,0.33,-0.0,0.24,-0.0225,-0.1205,,2.611,1.512,,,3.5,-2.0
40.441,LANDING_REGION_SCAN,3.5064,-1.0044,0.261,88.32,-2.64,0.39,-0.0,0.2148,-0.0233,-0.0931,,2.611,1.512,,,3.5,-2.0
40.474,LANDING_REGION_SCAN,3.5187,-1.0045,0.259,88.21,-2.95,1.84,-0.0,0.194,-0.0273,-0.0617,,2.613,1.563,,,3.5,-2.0
40.537,LANDING_REGION_SCAN,3.5285,-1.0029,0.263,88.25,-3.36,3.61,-0.0,0.1661,-0.0448,-0.0355,,2.613,1.563,,,3.5,-2.0
40.571,LANDING_REGION_SCAN,3.5376,-1.0046,0.261,88.34,-3.14,4.25,-0.0,0.1392,-0.0768,-0.003,,2.574,1.582,1.692,,3.5,-2.0
40.666,LANDING_REGION_SCAN,3.5446,-1.0106,0.263,88.42,-3.16,4.64,-0.0,0.1121,-0.117,0.0085,,2.574,1.582,1.692,,3.5,-2.0
40.67,LANDING_REGION_SCAN,3.5504,-1.0173,0.264,88.52,-3.03,4.84,-0.0,0.0872,-0.1558,0.0256,,2.566,1.566,1.673,,3.5,-2.0
40.75,LANDING_REGION_SCAN,3.5544,-1.0275,0.269,88.52,-2.76,4.5,-0.0,0.0606,-0.1969,0.0339,,2.566,1.566,1.673,,3.5,-2.0
40.78,LANDING_REGION_SCAN,3.5577,-1.0411,0.259,88.47,-2.44,3.88,-0.0,0.0392,-0.2366,0.0438,,2.561,1.543,,,3.5,-2.0
40.828,LANDING_REGION_SCAN,3.5595,-1.0533,0.254,88.46,-2.11,3.08,-0.0,0.0198,-0.2702,0.0215,,2.561,1.543,,,3.5,-2.0
40.875,LANDING_REGION_SCAN,3.5614,-1.0645,0.274,88.57,-1.67,2.3,-0.0,0.0069,-0.2882,0.0075,,2.516,1.516,1.672,,3.5,-2.0
40.923,LANDING_REGION_SCAN,3.5614,-1.0795,0.28,88.78,-1.62,1.6,-0.0,-0.0094,-0.3079,0.0734,,2.516,1.516,1.672,,3.5,-2.0
40.991,LANDING_REGION_SCAN,3.5608,-1.0999,0.284,88.98,-1.13,0.82,-0.0,-0.0205,-0.3183,0.0918,,2.506,1.517,1.658,,3.5,-2.0
41.078,LANDING_REGION_SCAN,3.5598,-1.1155,0.292,89.49,-0.35,0.4,-0.0,-0.025,-0.3189,0.0814,,2.506,1.517,1.658,,3.5,-2.0
41.091,LANDING_REGION_SCAN,3.5589,-1.1299,0.291,90.14,0.13,0.17,-0.0,-0.0255,-0.3179,0.0942,,2.491,1.499,1.661,,3.5,-2.0
41.124,LANDING_REGION_SCAN,3.5585,-1.1444,0.294,90.42,0.04,-0.07,-0.0,-0.023,-0.3219,0.0647,,2.491,1.499,1.661,,3.5,-2.0
41.187,LANDING_REGION_SCAN,3.5586,-1.1597,0.296,90.5,0.1,-0.31,-0.0,-0.0186,-0.3163,0.0475,,2.459,1.487,1.655,,3.5,-2.0
41.222,LANDING_REGION_SCAN,3.5584,-1.1758,0.29,90.51,-0.11,-0.43,-0.0,-0.0164,-0.3107,0.0357,,2.459,1.487,1.655,,3.5,-2.0
41.283,LANDING_REGION_SCAN,3.5595,-1.19,0.277,90.64,-0.18,-0.35,-0.0,-0.0128,-0.3044,0.0091,,2.42,1.49,,,3.5,-2.0
41.331,LANDING_REGION_SCAN,3.5602,-1.2028,0.263,90.96,-0.1,-0.33,-0.0,-0.0089,-0.296,-0.0248,,2.42,1.49,,,3.5,-2.0
41.38,LANDING_REGION_SCAN,3.5616,-1.2151,0.252,91.49,-0.03,-0.28,-0.0,-0.004,-0.2922,-0.0576,,2.402,1.486,,,3.5,-2.0
41.439,LANDING_REGION_SCAN,3.5642,-1.2265,0.254,92.12,-0.16,-0.17,-0.0,0.0017,-0.2842,-0.0452,,2.402,1.486,,,3.5,-2.0
41.472,LANDING_REGION_SCAN,3.5668,-1.2384,0.258,92.87,-0.09,-0.11,-0.0,0.0074,-0.2758,-0.0269,,2.371,1.483,1.666,,3.5,-2.0
41.521,LANDING_REGION_SCAN,3.5705,-1.2504,0.26,93.66,-0.08,0.42,-0.0,0.0144,-0.2695,0.0175,,2.371,1.483,1.666,,3.5,-2.0
41.578,LANDING_REGION_SCAN,3.5734,-1.2616,0.265,94.31,-0.5,0.58,-0.0,0.0178,-0.2684,0.0281,,2.345,1.485,1.654,,3.5,-2.0
41.645,LANDING_REGION_SCAN,3.5765,-1.2713,0.272,94.82,-0.99,0.73,-0.0,0.0185,-0.2658,0.0497,,2.345,1.485,1.654,,3.5,-2.0
41.676,LANDING_REGION_SCAN,3.579,-1.2842,0.278,95.21,-1.45,0.83,-0.0,0.0131,-0.2731,0.0701,,2.315,1.489,1.651,,3.5,-2.0
41.741,LANDING_REGION_SCAN,3.5814,-1.2954,0.29,95.48,-1.47,0.68,-0.0,0.0063,-0.2746,0.0871,,2.315,1.489,1.651,,3.5,-2.0
41.777,LANDING_REGION_SCAN,3.5813,-1.3071,0.299,95.59,-1.58,0.74,-0.0,-0.0062,-0.2764,0.1077,,2.293,1.491,1.664,,3.5,-2.0
41.826,LANDING_REGION_SCAN,3.5824,-1.3198,0.311,95.57,-1.33,0.55,-0.0,-0.0136,-0.2813,0.1053,,2.293,1.491,1.664,,3.5,-2.0
41.874,LANDING_REGION_SCAN,3.5799,-1.3328,0.322,95.36,-1.14,0.5,-0.0,-0.0278,-0.2829,0.1129,,2.264,1.489,1.662,,3.5,-2.0
41.946,LANDING_REGION_SCAN,3.5775,-1.3472,0.339,95.06,-0.68,0.42,-0.0,-0.0376,-0.2881,0.1055,,2.264,1.489,1.662,,3.5,-2.0
41.972,LANDING_REGION_SCAN,3.576,-1.3614,0.342,94.62,-0.51,0.41,-0.0,-0.0405,-0.2911,0.1145,,2.235,1.492,,,3.5,-2.0
42.033,LANDING_REGION_SCAN,3.5735,-1.3751,0.35,94.18,-0.47,0.39,-0.0,-0.045,-0.2912,0.0816,,2.235,1.492,,,3.5,-2.0
42.077,LANDING_REGION_SCAN,3.5719,-1.3901,0.356,93.81,-0.37,0.34,-0.0,-0.0461,-0.2955,0.061,,2.208,1.487,1.675,,3.5,-2.0
42.128,LANDING_REGION_SCAN,3.5698,-1.4043,0.358,93.5,-0.24,0.23,-0.0,-0.0477,-0.2957,0.04,,2.208,1.487,1.675,,3.5,-2.0
42.171,LANDING_REGION_SCAN,3.5669,-1.42,0.356,93.25,-0.23,0.24,-0.0,-0.0504,-0.2992,0.0142,,2.197,1.481,,,3.5,-2.0
42.25,LANDING_REGION_SCAN,3.563,-1.4363,0.358,93.17,-0.21,0.41,-0.0,-0.0556,-0.3051,-0.0198,,2.197,1.481,,,3.5,-2.0
42.293,LANDING_REGION_SCAN,3.5597,-1.4505,0.354,93.17,-0.07,0.26,-0.0,-0.0574,-0.3044,-0.0339,,2.157,1.484,1.678,,3.5,-2.0
42.331,LANDING_REGION_SCAN,3.5568,-1.4652,0.352,93.29,-0.32,0.19,-0.0,-0.0586,-0.3047,-0.0559,,2.157,1.484,1.678,,3.5,-2.0
42.372,LANDING_REGION_SCAN,3.5555,-1.4795,0.356,93.55,-0.2,-0.02,-0.0,-0.0573,-0.3034,-0.0669,,2.125,1.484,1.662,,3.5,-2.0
42.429,LANDING_REGION_SCAN,3.5529,-1.495,0.354,93.74,0.18,0.25,-0.0,-0.0569,-0.3047,-0.0608,,2.125,1.484,1.662,,3.5,-2.0
42.501,LANDING_REGION_SCAN,3.5508,-1.5105,0.355,93.92,0.41,0.31,-0.0,-0.053,-0.3079,-0.0688,,2.101,1.474,1.677,,3.5,-2.0
42.566,LANDING_REGION_SCAN,3.5499,-1.5262,0.349,94.03,0.61,0.36,-0.0,-0.0452,-0.3111,-0.0754,,2.101,1.474,1.677,,3.5,-2.0
42.592,LANDING_REGION_SCAN,3.5502,-1.5411,0.339,94.13,1.22,0.64,-0.0,-0.0324,-0.3129,-0.0786,,2.074,1.477,1.702,,3.5,-2.0
42.634,LANDING_REGION_SCAN,3.549,-1.5563,0.33,94.28,1.21,1.02,-0.0,-0.0209,-0.3176,-0.1101,,2.074,1.477,1.702,,3.5,-2.0
42.674,LANDING_REGION_SCAN,3.5515,-1.5731,0.318,94.59,0.79,0.86,-0.0,-0.0049,-0.3287,-0.1281,,2.046,1.469,1.7,,3.5,-2.0
42.739,LANDING_REGION_SCAN,3.5529,-1.5893,0.304,94.95,0.28,0.72,-0.0,0.0037,-0.3345,-0.1431,,2.046,1.469,1.7,,3.5,-2.0
42.774,LANDING_REGION_SCAN,3.5574,-1.608,0.297,95.5,0.12,0.73,-0.0,0.0148,-0.3475,-0.1653,,2.013,1.474,1.705,,3.5,-2.0
42.84,LANDING_REGION_SCAN,3.5605,-1.6261,0.284,95.95,-0.01,0.07,-0.0,0.0202,-0.3545,-0.1323,,2.013,1.474,1.705,,3.5,-2.0
42.891,LANDING_REGION_SCAN,3.5638,-1.6443,0.278,96.39,0.04,-0.48,-0.0,0.0256,-0.3538,-0.1207,,1.977,1.468,1.707,,3.5,-2.0
42.941,LANDING_REGION_SCAN,3.5672,-1.6586,0.274,96.43,0.17,-0.9,-0.0,0.0312,-0.347,-0.093,,1.977,1.468,1.707,,3.5,-2.0
42.979,LANDING_REGION_SCAN,3.5718,-1.6758,0.272,96.41,-0.04,-1.05,-0.0,0.0373,-0.3389,-0.072,,1.946,1.473,1.7,,3.5,-2.0
43.022,LANDING_REGION_SCAN,3.579,-1.6942,0.269,96.19,-0.35,-1.24,-0.0,0.0458,-0.3347,-0.0517,,1.946,1.473,1.7,,3.5,-2.0
43.072,LANDING_REGION_SCAN,3.5845,-1.709,0.266,95.7,-0.57,-1.35,-0.0,0.0485,-0.3204,-0.036,,1.91,1.484,,,3.5,-2.0
43.145,LANDING_REGION_SCAN,3.5917,-1.724,0.267,94.99,-0.84,-1.26,-0.0,0.051,-0.3099,-0.019,,1.91,1.484,,,3.5,-2.0
43.186,LANDING_REGION_SCAN,3.5957,-1.7369,0.266,94.13,-1.07,-1.33,-0.0,0.0455,-0.2936,-0.0034,,1.883,1.494,,,3.5,-2.0
43.231,LANDING_REGION_SCAN,3.6013,-1.7501,0.273,93.25,-1.19,-1.15,-0.0,0.0428,-0.2814,0.009,,1.883,1.494,,,3.5,-2.0
43.297,LANDING_REGION_SCAN,3.6048,-1.7632,0.271,92.39,-1.38,-0.69,-0.0,0.0345,-0.2732,0.0328,,1.857,1.498,,,3.5,-2.0
43.334,LANDING_REGION_SCAN,3.6103,-1.7775,0.273,91.55,-2.1,-0.57,-0.0,0.0289,-0.2729,0.0246,,1.857,1.498,,,3.5,-2.0
43.375,LANDING_REGION_SCAN,3.6123,-1.7904,0.273,90.73,-2.79,-0.38,-0.0,0.0093,-0.268,0.0242,,1.831,1.511,,,3.5,-2.0
43.43,LANDING_REGION_SCAN,3.6146,-1.8037,0.277,89.99,-3.12,-0.09,-0.0,-0.012,-0.2672,0.0381,,1.831,1.511,,,3.5,-2.0
43.499,LANDING_REGION_SCAN,3.6135,-1.8162,0.284,89.34,-3.39,0.11,-0.0,-0.0407,-0.2655,0.0437,,1.81,1.518,,,3.5,-2.0
43.532,LANDING_REGION_SCAN,3.6124,-1.8287,0.283,88.71,-3.44,0.12,-0.0,-0.0668,-0.2655,0.0543,,1.81,1.518,,,3.5,-2.0
43.574,LANDING_REGION_SCAN,3.6079,-1.8441,0.283,88.1,-3.38,0.09,-0.0,-0.0966,-0.2695,0.0403,,1.783,1.51,,,3.5,-2.0
43.624,LANDING_REGION_SCAN,3.6023,-1.8573,0.283,87.62,-3.25,-0.09,-0.0,-0.1254,-0.2676,0.0262,,1.783,1.51,,,3.5,-2.0
43.672,LANDING_REGION_SCAN,3.5948,-1.8707,0.286,87.18,-3.04,-0.49,-0.0,-0.1546,-0.263,0.0203,,1.766,1.499,,,3.5,-2.0
43.748,LANDING_REGION_SCAN,3.5865,-1.8833,0.288,86.86,-2.47,-0.62,-0.0,-0.1783,-0.256,0.0215,,1.766,1.499,,,3.5,-2.0
43.783,LANDING_REGION_SCAN,3.5769,-1.8948,0.29,86.69,-1.95,-0.63,-0.0,-0.1981,-0.247,0.0249,,1.746,1.492,,,3.5,-2.0
43.843,LANDING_REGION_SCAN,3.5641,-1.9095,0.289,86.57,-1.56,-0.29,-0.0,-0.2182,-0.2463,0.0301,,1.746,1.492,,,3.5,-2.0
43.877,LANDING_REGION_SCAN,3.5502,-1.9232,0.289,86.6,-1.08,-0.26,-0.0,-0.2363,-0.2457,0.0212,,1.723,1.462,,,3.5,-2.0
43.94,LANDING_REGION_SCAN,3.5381,-1.9354,0.294,86.87,-0.45,-0.18,-0.0,-0.2431,-0.2439,0.0153,,1.723,1.462,,,3.5,-2.0
43.971,LANDING_REGION_SCAN,3.5263,-1.9455,0.291,87.35,0.08,-0.02,-0.0,-0.2433,-0.2383,0.0187,,1.697,1.436,,,3.5,-2.0
44.056,LANDING_REGION_SCAN,3.5153,-1.9572,0.297,87.9,0.71,-0.49,-0.0,-0.2371,-0.2365,0.0123,,1.697,1.436,,,3.5,-2.0
44.116,LANDING_REGION_SCAN,3.5028,-1.9692,0.297,88.47,1.35,-0.82,-0.0,-0.2285,-0.2299,0.0189,,1.667,,,,3.5,-2.0
44.131,LANDING_REGION_SCAN,3.4891,-1.9828,0.297,88.99,2.4,-1.08,-0.0,-0.2185,-0.228,0.0155,,1.667,,,,3.5,-2.0
44.198,ROTATION_SCAN,3.4804,-1.9939,0.298,89.54,3.19,-1.4,-0.0,-0.1894,-0.2175,0.0128,,1.647,,,,,
44.234,ROTATION_SCAN,3.4717,-2.0041,0.299,89.91,3.88,-1.46,-0.0,-0.1563,-0.2032,0.015,,1.647,,,,,
44.286,ROTATION_SCAN,3.4644,-2.0139,0.301,90.3,4.56,-1.59,15.0,-0.1191,-0.1896,0.0234,,1.629,0.597,,,,
44.326,ROTATION_SCAN,3.4606,-2.0232,0.305,90.88,4.29,-2.14,15.0,-0.0772,-0.174,0.0181,,1.629,0.597,,,,
44.388,ROTATION_SCAN,3.4606,-2.0318,0.3,91.58,3.72,-2.9,15.0,-0.0374,-0.1547,0.0221,1.201,1.603,0.561,,,,
44.42,ROTATION_SCAN,3.461,-2.0386,0.303,92.4,3.34,-3.16,15.0,-0.0039,-0.1267,0.0021,1.201,1.603,0.561,,,,
44.483,ROTATION_SCAN,3.464,-2.0441,0.303,93.33,2.71,-3.51,15.0,0.0258,-0.0992,0.0009,1.221,1.596,0.545,,,,
44.525,ROTATION_SCAN,3.4675,-2.0486,0.306,94.2,1.78,-3.56,15.0,0.0449,-0.0709,-0.0004,1.221,1.596,0.545,,,,
44.577,ROTATION_SCAN,3.4736,-2.0506,0.304,95.1,0.64,-3.49,15.0,0.0595,-0.0411,-0.0036,1.224,1.578,0.548,,,,
44.621,ROTATION_SCAN,3.4781,-2.0514,0.305,95.99,-0.05,-3.57,15.0,0.0615,-0.01,-0.0064,1.224,1.578,0.548,,,,
44.746,ROTATION_SCAN,3.4829,-2.051,0.301,96.85,-0.37,-3.55,15.0,0.0591,0.0196,-0.0033,1.233,1.574,0.552,,,,
44.789,ROTATION_SCAN,3.4862,-2.0504,0.303,97.52,-0.66,-2.5,15.0,0.0517,0.0409,-0.0125,1.233,1.574,0.552,,,,
44.829,ROTATION_SCAN,3.4888,-2.0483,0.301,98.07,-1.04,-2.06,15.0,0.0422,0.0571,-0.0167,1.222,1.568,0.561,,,,
44.859,ROTATION_SCAN,3.4904,-2.0455,0.303,98.5,-1.23,-1.75,15.0,0.0286,0.0717,-0.0063,1.222,1.568,0.561,,,,
44.892,ROTATION_SCAN,3.4919,-2.0421,0.302,98.84,-1.44,-1.3,15.0,0.0156,0.0808,-0.0057,1.23,1.578,0.57,,,,
44.924,ROTATION_SCAN,3.4916,-2.0385,0.298,98.96,-1.16,-0.92,15.0,0.0013,0.0874,-0.0023,1.23,1.578,0.57,,,,
44.98,ROTATION_SCAN,3.491,-2.0344,0.299,98.91,-1.37,-0.32,15.0,-0.0116,0.0898,-0.0117,1.218,1.576,0.566,,,,
45.048,ROTATION_SCAN,3.4895,-2.0315,0.298,99.04,-0.31,0.24,15.0,-0.0198,0.0849,0.006,1.218,1.576,0.566,,,,
45.079,ROTATION_SCAN,3.4876,-2.03,0.302,99.19,0.12,0.42,15.0,-0.0221,0.0748,0.0065,1.22,1.585,0.565,,,,
45.137,ROTATION_SCAN,3.4864,-2.0283,0.302,99.65,0.4,0.73,15.0,-0.0192,0.0649,0.0154,1.22,1.585,0.565,,,,
45.174,ROTATION_SCAN,3.4841,-2.0262,0.3,100.17,0.7,0.24,15.0,-0.0171,0.0594,0.0124,1.212,1.585,0.562,,,,
45.239,ROTATION_SCAN,3.4844,-2.024,0.301,100.97,0.71,0.2,15.0,-0.0076,0.0572,-0.0019,1.212,1.585,0.562,,,,
45.27,ROTATION_SCAN,3.4849,-2.0223,0.303,101.87,0.22,0.15,15.0,-0.0018,0.0535,-0.0116,1.216,1.591,0.563,,,,
45.349,ROTATION_SCAN,3.4844,-2.0212,0.305,102.73,-0.05,-0.32,15.0,-0.0028,0.0509,-0.0029,1.216,1.591,0.563,,,,
45.378,ROTATION_SCAN,3.4871,-2.0201,0.302,103.73,-0.44,-0.39,15.0,0.0015,0.0505,0.0036,1.219,1.601,0.564,,,,
45.435,ROTATION_SCAN,3.488,-2.0193,0.299,104.78,-0.85,-0.05,15.0,-0.0028,0.047,0.0002,1.219,1.601,0.564,,,,
45.48,ROTATION_SCAN,3.4899,-2.0222,0.305,105.93,-0.85,0.05,15.0,-0.0037,0.0334,-0.0088,1.221,1.611,0.563,,,,
45.536,ROTATION_SCAN,3.4856,-2.0265,0.303,107.17,-0.54,-0.06,15.0,-0.0193,0.0163,0.0122,1.221,1.611,0.563,,,,
45.571,ROTATION_SCAN,3.4779,-2.009,0.302,108.5,-0.4,-0.17,15.0,-0.0399,0.0495,0.0103,1.225,1.622,0.561,1.887,,,
45.653,ROTATION_SCAN,3.4734,-2.0089,0.305,109.78,-0.15,-0.08,15.0,-0.0481,0.0437,-0.0034,1.225,1.622,0.561,1.887,,,
45.69,ROTATION_SCAN,3.4694,-2.0069,0.304,110.83,-0.29,0.07,15.0,-0.0539,0.042,-0.0009,1.24,1.641,0.561,1.876,,,
45.752,ROTATION_SCAN,3.4649,-2.0068,0.306,111.77,0.23,0.4,15.0,-0.0577,0.0348,-0.008,1.24,1.641,0.561,1.876,,,
45.789,ROTATION_SCAN,3.46,-2.0057,0.304,112.62,0.46,0.66,15.0,-0.0577,0.0292,-0.0113,1.254,1.654,0.56,1.88,,,
45.82,ROTATION_SCAN,3.4551,-2.0058,0.308,113.39,0.97,0.97,15.0,-0.0544,0.0202,-0.0057,1.254,1.654,0.56,1.88,,,
45.882,ROTATION_SCAN,3.4528,-2.0055,0.302,113.91,1.16,0.86,15.0,-0.0417,0.0152,0.001,1.273,1.673,0.559,1.896,,,
45.924,ROTATION_SCAN,3.4493,-2.0047,0.305,114.28,1.77,0.75,15.0,-0.032,0.0133,-0.0086,1.273,1.673,0.559,1.896,,,
45.983,ROTATION_SCAN,3.4464,-2.0041,0.302,114.7,1.86,0.66,15.0,-0.0186,0.0138,-0.0099,1.288,1.681,0.56,1.917,,,
46.052,ROTATION_SCAN,3.4469,-2.0029,0.305,115.15,1.56,0.74,15.0,-0.0002,0.0163,-0.0124,1.288,1.681,0.56,1.917,,,
46.08,ROTATION_SCAN,3.4474,-2.0021,0.303,115.64,1.24,0.54,15.0,0.0135,0.0169,-0.0111,1.318,1.693,0.562,1.913,,,
46.122,ROTATION_SCAN,3.4469,-1.9998,0.302,116.04,0.96,0.75,15.0,0.0209,0.0192,-0.0082,1.318,1.693,0.562,1.913,,,
46.179,ROTATION_SCAN,3.4479,-1.9984,0.303,116.12,0.48,0.88,15.0,0.0294,0.0163,-0.0058,1.354,1.697,0.567,,,,
46.219,ROTATION_SCAN,3.45,-1.9971,0.302,116.1,0.19,0.62,15.0,0.0362,0.0132,-0.0073,1.354,1.697,0.567,,,,
46.276,ROTATION_SCAN,3.4515,-1.9963,0.304,116.21,-0.02,0.32,15.0,0.0374,0.0102,-0.0098,1.344,1.697,0.566,1.906,,,
46.342,ROTATION_SCAN,3.4527,-1.9968,0.301,116.52,0.0,-0.11,15.0,0.0355,0.0067,-0.0088,1.344,1.697,0.566,1.906,,,
46.374,ROTATION_SCAN,3.4525,-1.9971,0.301,117.01,0.13,-0.01,15.0,0.0306,0.0055,-0.0071,1.377,1.704,0.571,1.931,,,
46.435,ROTATION_SCAN,3.4515,-1.9951,0.3,117.46,-0.26,0.51,15.0,0.0254,0.0058,0.001,1.377,1.704,0.571,1.931,,,
46.476,ROTATION_SCAN,3.4522,-1.9938,0.3,117.98,-0.28,0.49,15.0,0.0242,0.0027,0.0012,1.442,1.716,0.576,1.936,,,
46.52,ROTATION_SCAN,3.4508,-1.9917,0.305,118.62,-0.28,0.67,15.0,0.0184,0.0009,0.0047,1.442,1.716,0.576,1.936,,,
46.605,ROTATION_SCAN,3.4495,-1.9903,0.304,119.28,-0.04,0.75,15.0,0.0142,-0.0031,0.0192,1.595,1.726,0.589,,,,
46.636,ROTATION_SCAN,3.4481,-1.9885,0.304,119.98,0.82,0.18,15.0,0.0146,-0.001,0.0085,1.595,1.726,0.589,,,,
46.688,ROTATION_SCAN,3.4469,-1.9892,0.307,120.77,0.92,-0.19,15.0,0.0162,0.0016,0.0017,1.782,1.751,0.609,1.939,,,
46.732,ROTATION_SCAN,3.4492,-1.985,0.306,121.68,0.91,0.18,15.0,0.0266,0.0149,0.0111,1.782,1.751,0.609,1.939,,,
46.774,ROTATION_SCAN,3.4502,-1.9801,0.305,122.74,0.74,0.11,15.0,0.0325,0.0271,-0.0013,1.884,1.77,0.641,,,,
46.82,ROTATION_SCAN,3.4498,-1.9775,0.305,124.12,0.53,-0.04,15.0,0.032,0.0318,-0.0126,1.884,1.77,0.641,,,,
46.896,ROTATION_SCAN,3.4524,-1.9737,0.301,125.66,-0.11,0.4,15.0,0.0363,0.0367,-0.0198,1.909,1.82,0.693,,,,
46.929,ROTATION_SCAN,3.4536,-1.9714,0.298,127.25,-0.48,0.83,15.0,0.0361,0.0314,-0.028,1.909,1.82,0.693,,,,
46.985,ROTATION_SCAN,3.4534,-1.9694,0.299,128.74,-0.7,1.06,15.0,0.0326,0.0224,-0.0299,,1.877,0.707,,,,
47.026,ROTATION_SCAN,3.4517,-1.9647,0.301,130.11,-0.75,1.47,15.0,0.0279,0.017,-0.0214,,1.877,0.707,,,,
47.088,ROTATION_SCAN,3.4533,-1.9636,0.3,131.15,-1.43,1.59,15.0,0.0289,0.0014,-0.0119,1.943,1.929,0.688,,,,
47.119,ROTATION_SCAN,3.4535,-1.9642,0.3,131.88,-1.49,1.7,15.0,0.0261,-0.0195,-0.0008,1.943,1.929,0.688,,,,
47.199,ROTATION_SCAN,3.4515,-1.9647,0.302,132.45,-1.08,1.63,15.0,0.0191,-0.0382,0.008,,1.957,0.677,,,,
47.249,ROTATION_SCAN,3.4519,-1.9674,0.301,132.92,-0.54,1.05,15.0,0.0206,-0.052,0.0094,,1.957,0.677,,,,
47.304,ROTATION_SCAN,3.4545,-1.9734,0.302,133.53,-0.35,0.67,15.0,0.0262,-0.0662,-0.001,,1.975,0.674,,,,
47.324,ROTATION_SCAN,3.4537,-1.9776,0.302,134.38,0.26,0.04,15.0,0.0229,-0.0706,-0.0086,,1.975,0.674,,,,
47.383,ROTATION_SCAN,3.4513,-1.9805,0.302,135.36,0.57,-0.15,15.0,0.0158,-0.0678,-0.0135,,2.006,0.662,,,,
47.423,ROTATION_SCAN,3.4498,-1.9832,0.301,136.48,1.07,-0.1,15.0,0.0144,-0.0614,-0.0144,,2.006,0.662,,,,
47.483,ROTATION_SCAN,3.45,-1.9855,0.299,137.57,0.89,-0.07,15.0,0.0184,-0.0533,-0.0174,,2.058,0.669,,,,
47.548,ROTATION_SCAN,3.4479,-1.9887,0.3,138.77,0.89,-0.2,15.0,0.0149,-0.0494,-0.0182,,2.058,0.669,,,,
47.579,ROTATION_SCAN,3.4471,-1.9903,0.301,139.87,1.13,-0.24,15.0,0.0152,-0.0392,-0.0049,2.473,2.116,0.68,,,,
47.643,ROTATION_SCAN,3.4449,-1.9899,0.296,140.82,1.36,-0.34,15.0,0.0133,-0.0245,0.0026,2.473,2.116,0.68,,,,
47.678,ROTATION_SCAN,3.4434,-1.992,0.299,141.57,1.6,-0.53,15.0,0.0137,-0.0146,-0.0154,2.223,2.19,0.695,,,,
47.722,ROTATION_SCAN,3.4424,-1.992,0.298,142.15,1.62,-0.43,15.0,0.0149,0.0012,-0.0048,2.223,2.19,0.695,,,,
47.77,ROTATION_SCAN,3.4399,-1.9888,0.299,142.78,1.47,-0.05,15.0,0.0145,0.0197,0.0001,,2.218,0.71,,,,
47.871,ROTATION_SCAN,3.4385,-1.9835,0.3,143.51,0.98,0.18,15.0,0.0162,0.0373,-0.003,,2.218,0.71,,,,
47.876,ROTATION_SCAN,3.4381,-1.9803,0.297,144.17,0.63,0.56,15.0,0.0198,0.0438,0.0058,1.803,2.252,0.723,,,,
47.941,ROTATION_SCAN,3.4378,-1.9746,0.3,144.63,0.44,0.98,15.0,0.025,0.0513,0.0023,1.803,2.252,0.723,,,,
47.99,ROTATION_SCAN,3.4398,-1.9705,0.301,145.03,-0.03,1.16,15.0,0.0352,0.0514,0.0052,1.744,2.299,0.737,,,,
48.04,ROTATION_SCAN,3.4403,-1.9665,0.303,145.44,-0.25,1.19,15.0,0.0399,0.0475,0.0055,1.744,2.299,0.737,,,,
48.077,ROTATION_SCAN,3.4422,-1.9636,0.301,146.03,-0.11,0.87,15.0,0.0456,0.0433,0.0105,,2.324,0.752,,,,
48.119,ROTATION_SCAN,3.4441,-1.9606,0.306,146.73,-0.27,1.0,15.0,0.0502,0.0401,0.0041,,2.324,0.752,,,,
48.169,ROTATION_SCAN,3.4452,-1.9558,0.301,147.51,-0.89,1.3,15.0,0.0527,0.0369,0.0104,1.687,2.376,0.775,,,,
48.25,ROTATION_SCAN,3.4473,-1.9523,0.305,148.26,-1.25,1.07,15.0,0.055,0.0281,-0.0026,1.687,2.376,0.775,,,,
48.273,ROTATION_SCAN,3.4491,-1.9502,0.303,149.06,-1.49,0.9,15.0,0.0532,0.0159,-0.0037,1.647,2.364,0.802,,,,
48.325,ROTATION_SCAN,3.4496,-1.949,0.302,149.78,-1.83,0.7,15.0,0.0469,0.0009,-0.0117,1.647,2.364,0.802,,,,
48.37,ROTATION_SCAN,3.4492,-1.9485,0.302,150.34,-1.99,0.71,15.0,0.0366,-0.0156,-0.0078,1.611,,0.827,,,,
48.428,ROTATION_SCAN,3.4472,-1.9478,0.302,150.83,-1.99,1.06,15.0,0.0257,-0.0324,-0.0054,1.611,,0.827,,,,
48.473,ROTATION_SCAN,3.4483,-1.9517,0.299,151.19,-1.61,0.79,15.0,0.0251,-0.0537,-0.0134,1.599,,0.844,,,,
48.547,ROTATION_SCAN,3.4453,-1.9568,0.298,151.61,-1.1,0.87,15.0,0.0154,-0.0734,-0.0156,1.599,,0.844,,,,
48.575,ROTATION_SCAN,3.4444,-1.9596,0.296,152.08,-0.79,0.79,15.0,0.0132,-0.0828,-0.011,1.584,,0.855,,,,
48.635,ROTATION_SCAN,3.4416,-1.964,0.296,152.74,0.09,0.59,15.0,0.0085,-0.0896,-0.0182,1.584,,0.855,,,,
48.672,ROTATION_SCAN,3.4418,-1.9675,0.296,153.58,0.51,0.55,15.0,0.0132,-0.0869,-0.0144,1.563,2.51,0.891,,,,
48.729,ROTATION_SCAN,3.4398,-1.9718,0.297,154.6,1.15,0.37,15.0,0.0132,-0.0827,-0.0083,1.563,2.51,0.891,,,,
48.792,ROTATION_SCAN,3.4404,-1.975,0.296,155.7,1.12,0.5,15.0,0.0202,-0.0731,-0.0038,1.537,,0.965,,,,
48.828,ROTATION_SCAN,3.4406,-1.9791,0.299,156.86,1.27,0.38,15.0,0.0259,-0.0669,-0.0044,1.537,,0.965,,,,
48.891,ROTATION_SCAN,3.4409,-1.9822,0.296,157.86,1.05,0.45,15.0,0.0306,-0.0586,0.0027,1.508,,1.06,,,,
48.927,ROTATION_SCAN,3.4414,-1.9834,0.297,158.58,1.21,0.37,15.0,0.0346,-0.0477,-0.0093,1.508,,1.06,,,,
48.995,ROTATION_SCAN,3.443,-1.9831,0.298,159.28,1.12,0.42,15.0,0.0413,-0.0326,-0.0018,1.478,,1.186,,,,
49.018,ROTATION_SCAN,3.4454,-1.9808,0.299,159.98,1.01,0.65,15.0,0.0489,-0.017,0.0056,1.478,,1.186,,,,
49.094,ROTATION_SCAN,3.4464,-1.9821,0.299,160.72,0.75,0.97,15.0,0.0547,-0.0136,0.008,1.467,,,,,,
49.124,ROTATION_SCAN,3.4467,-1.9758,0.299,161.44,0.74,1.11,15.0,0.0601,0.0069,0.0064,1.467,,,,,,
49.182,ROTATION_SCAN,3.4491,-1.974,0.301,162.04,0.57,0.85,15.0,0.0677,0.0131,0.0032,1.455,,1.549,,,,
49.227,ROTATION_SCAN,3.4523,-1.9739,0.297,162.61,0.35,0.19,15.0,0.0725,0.0137,-0.001,1.455,,1.549,,,,
49.285,ROTATION_SCAN,3.4565,-1.9721,0.299,163.26,-0.33,-0.01,15.0,0.0733,0.0166,-0.0037,1.445,,1.605,,,,
49.319,ROTATION_SCAN,3.4597,-1.971,0.3,163.95,-1.05,0.32,15.0,0.0726,0.01,0.008,1.445,,1.605,,,,
49.392,ROTATION_SCAN,3.463,-1.97,0.3,164.98,-1.24,0.24,15.0,0.0715,0.0015,0.0154,1.44,,1.647,,,,
49.427,ROTATION_SCAN,3.4681,-1.9694,0.299,166.09,-1.08,-0.05,15.0,0.0705,-0.0121,0.0115,1.44,,1.647,,,,
49.481,ROTATION_SCAN,3.4702,-1.9717,0.302,167.2,-0.81,-0.76,15.0,0.0628,-0.0169,0.0051,1.424,,1.676,,,,
49.523,ROTATION_SCAN,3.4718,-1.9734,0.305,168.25,-0.75,-0.94,15.0,0.0516,-0.0241,0.0056,1.424,,1.676,,,,
49.582,ROTATION_SCAN,3.4746,-1.9742,0.304,169.25,-0.59,-0.99,15.0,0.0417,-0.0284,0.0082,1.417,,1.672,,,,
49.618,ROTATION_SCAN,3.4752,-1.9748,0.306,170.26,0.02,-1.1,15.0,0.0323,-0.0289,0.0002,1.417,,1.672,,,,
49.696,ROTATION_SCAN,3.4755,-1.9775,0.303,171.36,0.16,-1.09,15.0,0.0194,-0.0266,0.0015,1.356,,1.658,,,,
49.724,ROTATION_SCAN,3.4749,-1.9793,0.304,172.64,0.09,-0.97,15.0,0.0047,-0.0248,-0.0131,1.356,,1.658,,,,
49.783,ROTATION_SCAN,3.4723,-1.98,0.303,173.98,0.07,-0.53,15.0,-0.0047,-0.0237,-0.0179,,,1.633,,,,
49.829,ROTATION_SCAN,3.4715,-1.9798,0.303,175.43,0.27,0.36,15.0,-0.0083,-0.0199,-0.0115,,,1.633,,,,
49.893,ROTATION_SCAN,3.4697,-1.9807,0.299,176.8,1.1,0.81,15.0,-0.0041,-0.0148,-0.0064,0.611,,1.62,,,,
49.928,ROTATION_SCAN,3.4688,-1.9816,0.3,178.12,0.73,0.86,15.0,0.0007,-0.0057,-0.0181,0.611,,1.62,,,,
49.993,ROTATION_SCAN,3.4693,-1.9794,0.301,179.51,0.25,0.91,15.0,0.0093,0.0029,-0.0165,0.573,,1.601,,,,
50.022,ROTATION_SCAN,3.471,-1.9795,0.299,-179.32,-0.02,1.21,15.0,0.0189,0.0021,0.0013,0.573,,1.601,,,,
50.086,ROTATION_SCAN,3.4724,-1.9825,0.301,-178.31,-0.45,0.97,15.0,0.0355,-0.009,-0.0138,0.56,,1.598,,,,
50.123,ROTATION_SCAN,3.4755,-1.9813,0.301,-177.6,-1.92,0.65,15.0,0.0442,-0.0125,-0.0097,0.56,,1.598,,,,
50.228,ROTATION_SCAN,3.4794,-1.9816,0.303,-176.91,-2.16,-0.1,15.0,0.0526,-0.0306,-0.0181,0.561,,1.584,,,,
50.238,ROTATION_SCAN,3.4836,-1.9855,0.297,-176.3,-1.87,-0.09,15.0,0.0546,-0.0536,-0.0027,0.561,,1.584,,,,
50.332,ROTATION_SCAN,3.4882,-1.9902,0.297,-175.63,-1.21,-0.34,15.0,0.0569,-0.068,-0.0031,0.57,,1.579,1.246,,,
50.336,ROTATION_SCAN,3.4914,-1.9949,0.297,-174.97,-0.74,-0.62,15.0,0.0537,-0.0771,-0.009,0.57,,1.579,1.246,,,
50.387,ROTATION_SCAN,3.4945,-1.9999,0.299,-174.24,0.14,-0.95,15.0,0.0529,-0.0871,-0.0058,0.571,,1.57,1.256,,,
50.423,ROTATION_SCAN,3.4987,-2.0059,0.299,-173.55,0.43,-1.16,15.0,0.0459,-0.0889,0.0026,0.571,,1.57,1.256,,,
50.48,ROTATION_SCAN,3.5013,-2.0108,0.297,-172.9,1.07,-1.39,15.0,0.0353,-0.084,-0.0,0.58,,1.558,1.264,,,
50.523,ROTATION_SCAN,3.5044,-2.017,0.299,-172.03,1.81,-1.34,15.0,0.0245,-0.0743,-0.0072,0.58,,1.558,1.264,,,
50.571,ROTATION_SCAN,3.5052,-2.0218,0.301,-171.28,2.11,-1.48,15.0,0.0103,-0.0621,-0.0063,0.58,,1.553,1.264,,,
50.633,ROTATION_SCAN,3.5062,-2.0246,0.298,-170.62,2.0,-1.47,15.0,-0.0033,-0.0471,0.0041,0.58,,1.553,1.264,,,
50.693,ROTATION_SCAN,3.5055,-2.026,0.299,-170.06,2.11,-0.88,15.0,-0.0175,-0.0306,0.0033,0.584,,1.549,1.263,,,
50.745,ROTATION_SCAN,3.5032,-2.0281,0.298,-169.61,2.32,-0.02,15.0,-0.0279,-0.0146,-0.0003,0.584,,1.549,1.263,,,
50.787,ROTATION_SCAN,3.5001,-2.0289,0.301,-169.29,2.29,0.63,15.0,-0.0329,0.0053,0.0028,0.587,,1.553,1.267,,,
50.83,ROTATION_SCAN,3.4986,-2.0261,0.297,-169.06,1.76,0.56,15.0,-0.0314,0.0282,0.0025,0.587,,1.553,1.267,,,
50.888,ROTATION_SCAN,3.497,-2.0217,0.3,-169.0,1.42,0.48,15.0,-0.0301,0.0478,-0.0047,0.581,,1.555,1.263,,,
50.925,ROTATION_SCAN,3.4939,-2.0193,0.299,-169.05,1.38,0.43,15.0,-0.0315,0.061,-0.0012,0.581,,1.555,1.263,,,
50.991,ROTATION_SCAN,3.4933,-2.0147,0.301,-169.05,1.35,-0.15,15.0,-0.0298,0.0749,-0.001,0.577,,1.557,1.247,,,
51.045,ROTATION_SCAN,3.4923,-2.0101,0.301,-168.73,1.11,-0.35,15.0,-0.0329,0.0865,-0.005,0.577,,1.557,1.247,,,
51.093,ROTATION_SCAN,3.4907,-2.0042,0.299,-168.43,0.53,-0.34,15.0,-0.037,0.0963,-0.0068,0.571,,1.57,1.245,,,
51.125,ROTATION_SCAN,3.4862,-2.0002,0.302,-168.18,-0.1,-0.03,15.0,-0.0446,0.0975,-0.0079,0.571,,1.57,1.245,,,
51.17,ROTATION_SCAN,3.4838,-1.9955,0.3,-168.07,-0.91,0.42,15.0,-0.043,0.0939,-0.0037,0.571,,1.575,1.223,,,
51.218,ROTATION_SCAN,3.4811,-1.9887,0.3,-167.9,-1.44,0.31,15.0,-0.0396,0.0908,-0.0063,0.571,,1.575,1.223,,,
51.285,ROTATION_SCAN,3.4796,-1.9825,0.302,-167.63,-1.9,0.39,15.0,-0.0334,0.0843,-0.0089,0.571,,1.579,1.216,,,
51.337,ROTATION_SCAN,3.4774,-1.9787,0.299,-167.14,-1.67,0.25,15.0,-0.0288,0.0693,-0.0074,0.571,,1.579,1.216,,,
51.381,ROTATION_SCAN,3.4777,-1.9757,0.299,-166.44,-1.0,0.06,15.0,-0.0208,0.0586,-0.0212,0.565,,1.594,1.22,,,
51.422,ROTATION_SCAN,3.4756,-1.9739,0.297,-165.48,-0.59,0.56,15.0,-0.02,0.0501,-0.0142,0.565,,1.594,1.22,,,
51.47,ROTATION_SCAN,3.4743,-1.9699,0.296,-164.7,-0.7,1.1,15.0,-0.0117,0.0516,-0.0084,0.57,,1.606,1.221,,,
51.518,ROTATION_SCAN,3.475,-1.9687,0.294,-164.04,-0.93,0.73,15.0,0.0011,0.043,-0.0132,0.57,,1.606,1.221,,,
51.583,ROTATION_SCAN,3.4772,-1.9684,0.293,-163.05,-1.15,-0.07,15.0,0.0103,0.0307,-0.0209,0.571,,1.603,1.219,,,
51.654,ROTATION_SCAN,3.4777,-1.9675,0.293,-161.76,-1.51,-0.11,15.0,0.0131,0.0182,-0.0134,0.571,,1.603,1.219,,,
51.679,ROTATION_SCAN,3.4793,-1.9662,0.295,-160.25,-1.9,-0.24,15.0,0.0186,0.0051,-0.007,0.581,,1.623,1.229,,,
51.741,ROTATION_SCAN,3.4807,-1.9682,0.298,-158.57,-1.98,-0.36,15.0,0.0235,-0.017,0.0049,0.581,,1.623,1.229,,,
51.775,ROTATION_SCAN,3.4828,-1.9712,0.296,-156.84,-1.92,-0.9,15.0,0.0269,-0.0389,0.0083,0.593,1.864,1.638,1.255,,,
51.818,ROTATION_SCAN,3.4796,-1.9753,0.298,-155.19,-1.76,-0.85,15.0,0.0126,-0.0652,0.0024,0.593,1.864,1.638,1.255,,,
51.892,ROTATION_SCAN,3.485,-1.9815,0.298,-153.68,-1.13,-0.56,15.0,0.0259,-0.082,0.0039,0.629,1.865,1.648,1.304,,,
51.92,ROTATION_SCAN,3.4854,-1.988,0.295,-152.33,-0.87,-0.75,15.0,0.0212,-0.0985,0.0007,0.629,1.865,1.648,1.304,,,
51.986,ROTATION_SCAN,3.4869,-1.9948,0.297,-151.18,-0.36,-0.28,15.0,0.0215,-0.1096,-0.0074,0.683,1.881,1.665,1.371,,,
52.021,ROTATION_SCAN,3.4877,-2.0057,0.294,-150.03,0.41,0.46,15.0,0.0214,-0.1217,-0.0138,0.683,1.881,1.665,1.371,,,
52.084,ROTATION_SCAN,3.4888,-2.013,0.293,-148.56,0.87,0.79,15.0,0.0229,-0.1169,-0.0185,0.695,1.91,1.682,1.603,,,
52.118,ROTATION_SCAN,3.49,-2.0208,0.294,-146.93,0.85,0.68,15.0,0.0245,-0.112,-0.0104,0.695,1.91,1.682,1.603,,,
52.188,ROTATION_SCAN,3.4931,-2.0261,0.292,-145.4,1.12,0.03,15.0,0.0265,-0.1034,0.009,0.668,,1.706,1.952,,,
52.223,ROTATION_SCAN,3.4939,-2.0338,0.292,-144.06,2.12,0.57,15.0,0.0189,-0.0963,0.0026,0.668,,1.706,1.952,,,
52.29,ROTATION_SCAN,3.4924,-2.0385,0.293,-143.06,2.28,0.42,15.0,0.0048,-0.0783,0.0087,0.654,1.987,1.736,,,,
52.32,ROTATION_SCAN,3.4898,-2.0452,0.296,-142.42,2.38,0.65,15.0,-0.0099,-0.0655,0.0207,0.654,1.987,1.736,,,,
52.381,ROTATION_SCAN,3.4874,-2.048,0.297,-142.11,2.23,0.69,15.0,-0.0214,-0.0455,0.0235,0.651,,1.742,,,,
52.423,ROTATION_SCAN,3.4833,-2.0516,0.301,-142.14,2.21,0.8,15.0,-0.0346,-0.0296,0.0214,0.651,,1.742,,,,
52.478,ROTATION_SCAN,3.4786,-2.0527,0.299,-142.26,2.12,1.0,15.0,-0.0462,-0.0088,0.0244,0.638,2.03,1.747,,,,
52.522,ROTATION_SCAN,3.4738,-2.0542,0.301,-142.38,2.36,1.24,15.0,-0.0555,0.0103,0.0093,0.638,2.03,1.747,,,,
52.587,ROTATION_SCAN,3.4666,-2.0554,0.301,-142.47,2.42,1.6,15.0,-0.0672,0.032,0.008,0.628,,1.744,,,,
52.619,ROTATION_SCAN,3.4619,-2.0541,0.305,-142.4,2.48,2.09,15.0,-0.0704,0.058,0.0087,0.628,,1.744,,,,
52.68,ROTATION_SCAN,3.4538,-2.0515,0.304,-142.08,2.07,2.4,15.0,-0.0762,0.0879,0.0156,0.623,,1.758,,,,
52.725,ROTATION_SCAN,3.4478,-2.0464,0.304,-141.98,0.57,2.37,15.0,-0.0719,0.1113,0.0132,0.623,,1.758,,,,
52.78,ROTATION_SCAN,3.4424,-2.0413,0.305,-142.11,-0.81,2.02,15.0,-0.059,0.1213,0.0147,0.613,,1.756,,,,
52.824,ROTATION_SCAN,3.4388,-2.0364,0.303,-142.21,-1.41,1.43,15.0,-0.0437,0.1191,0.0085,0.613,,1.756,,,,
52.89,ROTATION_SCAN,3.4353,-2.031,0.303,-142.37,-1.52,1.09,15.0,-0.0313,0.1154,-0.0084,0.619,,1.76,1.955,,,
52.92,ROTATION_SCAN,3.4336,-2.0268,0.306,-142.37,-1.68,0.57,15.0,-0.0192,0.1043,-0.0087,0.619,,1.76,1.955,,,
52.98,ROTATION_SCAN,3.4324,-2.0226,0.307,-142.26,-1.84,0.7,15.0,-0.0067,0.0931,-0.0023,0.621,,1.771,,,,
53.021,ROTATION_SCAN,3.4323,-2.0171,0.305,-142.03,-2.1,0.73,15.0,0.0093,0.0865,0.0102,0.621,,1.771,,,,
53.081,ROTATION_SCAN,3.4313,-2.0151,0.306,-141.12,-1.46,0.93,15.0,0.0198,0.0718,0.0089,0.628,,1.783,,,,
53.132,ROTATION_SCAN,3.4341,-2.0126,0.307,-139.88,-1.46,0.2,15.0,0.0336,0.0621,-0.0083,0.628,,1.783,,,,
53.199,ROTATION_SCAN,3.4359,-2.0119,0.304,-138.42,-1.81,0.31,15.0,0.0433,0.045,-0.0014,0.63,,1.838,,,,
53.234,ROTATION_SCAN,3.4374,-2.0114,0.305,-136.91,-1.74,0.43,15.0,0.0532,0.0307,-0.004,0.63,,1.838,,,,
53.292,ROTATION_SCAN,3.4408,-2.0093,0.303,-135.31,-1.56,0.22,15.0,0.0672,0.0249,-0.0021,0.644,,1.901,,,,
53.326,ROTATION_SCAN,3.4435,-2.0092,0.305,-133.89,-0.91,-0.01,15.0,0.0722,0.0145,-0.0156,0.644,,1.901,,,,
53.374,ROTATION_SCAN,3.4482,-2.0101,0.303,-132.67,-0.27,-0.07,15.0,0.0772,0.0064,-0.0204,0.669,2.166,1.954,,,,
53.439,ROTATION_SCAN,3.4527,-2.0116,0.301,-131.74,0.21,0.04,15.0,0.078,0.0018,-0.0224,0.669,2.166,1.954,,,,
53.468,ROTATION_SCAN,3.4562,-2.0126,0.3,-131.03,0.16,0.23,15.0,0.076,0.0003,-0.022,0.693,,1.997,,,,
53.533,ROTATION_SCAN,3.4595,-2.0148,0.299,-130.33,0.44,0.28,15.0,0.0739,-0.0026,-0.0266,0.693,,1.997,,,,
53.572,ROTATION_SCAN,3.4631,-2.0157,0.3,-129.68,0.67,0.13,15.0,0.071,-0.0007,-0.0267,0.714,,2.043,,,,
53.631,ROTATION_SCAN,3.4666,-2.0164,0.299,-129.11,1.0,-0.05,15.0,0.0653,0.0026,-0.0087,0.714,,2.043,,,,
53.668,ROTATION_SCAN,3.4699,-2.0187,0.299,-128.73,1.41,0.17,15.0,0.0575,0.0036,-0.0084,0.736,2.135,2.074,,,,
53.734,ROTATION_SCAN,3.472,-2.0188,0.299,-128.31,1.49,0.15,15.0,0.0475,0.0121,-0.0058,0.736,2.135,2.074,,,,
53.82,ROTATION_SCAN,3.4748,-2.0183,0.299,-127.94,1.6,-0.08,15.0,0.038,0.0195,-0.0063,0.754,2.09,2.086,1.978,,,
53.861,ROTATION_SCAN,3.4746,-2.0169,0.298,-127.56,1.05,0.07,15.0,0.0244,0.027,0.0031,0.754,2.09,2.086,1.978,,,
53.89,ROTATION_SCAN,3.4751,-2.0155,0.297,-127.32,0.74,0.08,15.0,0.0188,0.0314,0.014,0.766,2.117,2.11,1.891,,,
53.922,ROTATION_SCAN,3.4773,-2.014,0.301,-127.16,1.34,-0.26,15.0,0.0132,0.0361,0.0031,0.766,2.117,2.11,1.891,,,
53.968,ROTATION_SCAN,3.4766,-2.0118,0.303,-127.07,0.28,0.23,15.0,0.0048,0.0405,0.0296,0.777,2.083,2.11,,,,
54.039,ROTATION_SCAN,3.4757,-2.0102,0.302,-126.91,0.17,0.36,15.0,0.0033,0.0431,0.0309,0.777,2.083,2.11,,,,
54.085,ROTATION_SCAN,3.477,-2.0074,0.305,-126.45,0.16,-0.32,15.0,0.0043,0.0447,0.0164,0.781,,2.136,,,,
54.147,ROTATION_SCAN,3.4758,-2.0069,0.304,-125.63,-0.16,0.04,15.0,0.001,0.0397,0.0223,0.781,,2.136,,,,
54.181,ROTATION_SCAN,3.4778,-2.0046,0.309,-124.28,0.16,0.07,15.0,0.0064,0.0416,0.0058,0.801,,2.207,1.82,,,
54.22,ROTATION_SCAN,3.4821,-2.0033,0.306,-122.76,0.53,-0.12,15.0,0.0126,0.0418,0.013,0.801,,2.207,1.82,,,
54.268,ROTATION_SCAN,3.4817,-2.0022,0.305,-121.42,0.49,0.12,15.0,0.0066,0.0417,0.0029,0.852,2.04,2.315,1.722,,,
54.38,ROTATION_SCAN,3.4833,-1.999,0.305,-120.19,0.6,0.15,15.0,0.0069,0.0475,-0.0135,0.852,2.04,2.315,1.722,,,
54.388,ROTATION_SCAN,3.4803,-1.9992,0.304,-119.44,0.69,0.2,15.0,-0.0052,0.0461,-0.0196,0.917,,2.38,1.679,,,
54.449,ROTATION_SCAN,3.4812,-1.9973,0.307,-118.91,0.39,0.07,15.0,-0.0055,0.0488,-0.0164,0.917,,2.38,1.679,,,
54.504,ROTATION_SCAN,3.4779,-1.9956,0.306,-118.28,0.07,-0.04,15.0,-0.0133,0.0478,-0.0101,0.96,,2.419,1.664,,,
54.524,ROTATION_SCAN,3.4736,-1.9936,0.305,-117.59,-0.24,-0.15,15.0,-0.0213,0.0458,-0.0089,0.96,,2.419,1.664,,,
54.571,ROTATION_SCAN,3.4711,-1.9913,0.305,-116.89,-0.47,-0.34,15.0,-0.0223,0.0425,-0.0106,0.996,,2.437,1.626,,,
54.625,ROTATION_SCAN,3.4707,-1.9894,0.303,-116.11,-0.54,-0.54,15.0,-0.0189,0.0369,-0.0099,0.996,,2.437,1.626,,,
54.67,ROTATION_SCAN,3.4694,-1.9892,0.303,-115.39,-0.93,-0.78,15.0,-0.0163,0.0251,-0.0084,1.062,,2.441,1.603,,,
54.726,ROTATION_SCAN,3.4678,-1.9906,0.302,-114.7,-1.28,-0.78,15.0,-0.0121,0.0097,-0.0051,1.062,,2.441,1.603,,,
54.807,ROTATION_SCAN,3.469,-1.9938,0.302,-113.91,-1.06,-0.56,15.0,-0.0008,-0.0061,-0.0081,1.14,,,1.59,,,
54.828,ROTATION_SCAN,3.4676,-1.9963,0.301,-112.85,-1.24,-0.62,15.0,0.0015,-0.0194,-0.0037,1.14,,,1.59,,,
54.917,ROTATION_SCAN,3.4681,-2.0014,0.303,-111.43,-1.72,-0.48,15.0,0.0142,-0.0376,0.0021,1.526,,,1.549,,,
54.927,ROTATION_SCAN,3.4708,-2.0043,0.304,-109.82,-0.93,-0.15,15.0,0.0277,-0.0452,0.0016,1.526,,,1.549,,,
54.969,ROTATION_SCAN,3.4734,-2.0089,0.305,-108.29,-0.37,0.21,15.0,0.0348,-0.0505,0.0025,1.63,,,1.513,,,
55.044,ROTATION_SCAN,3.4753,-2.0132,0.3,-106.83,-0.03,0.51,15.0,0.0379,-0.0519,0.0013,1.63,,,1.513,,,
55.104,ROTATION_SCAN,3.4784,-2.0189,0.303,-105.39,0.42,0.81,15.0,0.0396,-0.0526,-0.0127,1.653,,,1.485,,,
55.127,ROTATION_SCAN,3.4793,-2.0233,0.304,-104.16,0.49,0.94,15.0,0.0354,-0.0488,-0.0027,1.653,,,1.485,,,
55.18,ROTATION_SCAN,3.4806,-2.0272,0.304,-103.34,0.61,0.87,15.0,0.0312,-0.0435,0.0017,1.636,,,1.447,,,
55.221,ROTATION_SCAN,3.4813,-2.03,0.303,-102.86,0.84,1.31,15.0,0.0255,-0.0353,-0.0038,1.636,,,1.447,,,
55.269,ROTATION_SCAN,3.4818,-2.0336,0.301,-102.56,1.03,1.56,15.0,0.0187,-0.0252,-0.0081,1.613,,,1.372,,,
55.324,ROTATION_SCAN,3.482,-2.0357,0.306,-102.24,1.27,1.5,15.0,0.0103,-0.0127,-0.0138,1.613,,,1.372,,,
55.391,ROTATION_SCAN,3.483,-2.0382,0.3,-101.83,1.35,1.59,15.0,0.0029,-0.0024,-0.0039,1.603,,,1.252,,,
55.455,ROTATION_SCAN,3.4824,-2.0385,0.305,-101.55,1.12,1.65,15.0,-0.0053,0.0127,-0.0141,1.603,,,1.252,,,
55.491,ROTATION_SCAN,3.4792,-2.0377,0.302,-101.04,1.04,1.44,15.0,-0.0179,0.0277,-0.006,1.603,,,,,,
55.522,ROTATION_SCAN,3.477,-2.0372,0.3,-100.34,0.68,1.06,15.0,-0.0256,0.0374,-0.0067,1.603,,,,,,
55.581,ROTATION_SCAN,3.4706,-2.0377,0.3,-99.68,0.33,1.03,15.0,-0.0387,0.0428,-0.0122,1.59,,,,,,
55.624,ROTATION_SCAN,3.4673,-2.0372,0.298,-98.99,-0.3,1.15,15.0,-0.0397,0.0492,-0.0066,1.59,,,,,,
55.707,ROTATION_SCAN,3.4644,-2.0352,0.303,-98.32,-0.97,0.93,15.0,-0.0341,0.0561,-0.0079,1.586,,,0.648,,,
55.763,ROTATION_SCAN,3.4618,-2.0312,0.302,-97.59,-1.04,0.89,15.0,-0.0267,0.0653,0.0009,1.586,,,0.648,,,
55.798,ROTATION_SCAN,3.4594,-2.0299,0.301,-96.75,-1.12,0.86,15.0,-0.0189,0.0672,-0.0032,1.573,,,0.617,,,
55.842,ROTATION_SCAN,3.4596,-2.0262,0.3,-95.93,-0.88,0.82,15.0,-0.0078,0.0734,-0.0135,1.573,,,0.617,,,
55.872,ROTATION_SCAN,3.4581,-2.0222,0.299,-95.14,-0.85,0.45,15.0,-0.0024,0.0787,-0.0149,1.568,,,0.595,,,
55.932,ROTATION_SCAN,3.4589,-2.0192,0.3,-94.28,-0.72,0.39,15.0,0.006,0.0795,-0.0137,1.568,,,0.595,,,
55.968,ROTATION_SCAN,3.4603,-2.0166,0.298,-93.46,-0.66,-0.06,15.0,0.0141,0.0767,-0.0092,1.56,,,0.584,,,
56.051,ROTATION_SCAN,3.4617,-2.0136,0.299,-92.57,-0.51,-0.01,15.0,0.0201,0.0737,-0.0157,1.56,,,0.584,,,
56.073,ROTATION_SCAN,3.4656,-2.0135,0.299,-91.65,-0.2,-0.01,15.0,0.0285,0.0656,-0.0075,1.55,,,0.572,,,
56.141,ROTATION_SCAN,3.4664,-2.008,0.299,-90.71,-0.28,-0.4,15.0,0.0293,0.0682,0.0005,1.55,,,0.572,,,
56.171,ROTATION_SCAN,3.4689,-2.006,0.301,-89.87,-0.25,-0.64,15.0,0.0337,0.06,-0.0014,1.55,,,0.567,,,
56.219,ROTATION_SCAN,3.4706,-2.0069,0.299,-89.1,-0.19,-0.68,15.0,0.0354,0.0457,0.0059,1.55,,,0.567,,,
56.273,ROTATION_SCAN,3.4702,-2.0085,0.296,-88.44,0.18,-0.8,-0.0,0.0305,0.0306,-0.0018,1.543,,,0.563,,,
56.322,ROTATION_SCAN,3.4732,-2.0114,0.292,-88.0,0.75,-0.51,-0.0,0.0301,0.0159,-0.086,1.543,,,0.563,,,
56.38,ROTATION_SCAN,3.4748,-2.0158,0.283,-87.67,0.79,-0.46,-0.0,0.025,0.0016,-0.1947,1.539,,,0.56,,,
56.443,ROTATION_SCAN,3.4754,-2.0171,0.269,-87.25,0.69,-0.83,-0.0,0.0191,-0.0065,-0.2507,1.539,,,0.56,,,
56.476,ROTATION_SCAN,3.4788,-2.016,0.255,-86.82,0.72,-0.64,-0.0,0.0195,-0.0087,-0.3069,1.529,,,0.562,,,
56.541,ROTATION_SCAN,3.459,-2.0122,0.237,-86.49,0.68,-0.02,-0.0,-0.0318,-0.0074,-0.3373,1.529,,,0.562,,,
56.575,ROTATION_SCAN,3.4593,-2.0162,0.22,-86.21,0.23,-0.23,-0.0,-0.0307,-0.0157,-0.3626,1.522,1.297,,0.56,,,
56.617,ROTATION_SCAN,3.4542,-1.9974,0.198,-85.94,-0.72,0.05,-0.0,-0.0379,0.0236,-0.362,1.522,1.297,,0.56,,,
56.692,ROTATION_SCAN,3.4603,-2.0099,0.184,-85.9,-0.8,-0.45,-0.0,-0.0122,-0.005,-0.3787,1.52,,,0.56,,,
56.721,ROTATION_SCAN,3.4626,-2.0241,0.161,-85.83,-1.21,-0.76,-0.0,0.0042,-0.0416,-0.3619,1.52,,,0.56,,,
56.784,ROTATION_SCAN,3.4663,-2.0312,0.149,-85.83,-0.94,-0.18,-0.0,0.0223,-0.0567,-0.3601,1.509,,,0.552,,,
56.823,ROTATION_SCAN,3.4699,-2.0382,0.131,-85.88,-0.78,-0.03,-0.0,0.0348,-0.0668,-0.3318,1.509,,,0.552,,,
56.888,ROTATION_SCAN,3.477,-2.0441,0.112,-85.88,-0.44,0.0,-0.0,0.0554,-0.0709,-0.3143,1.507,,,0.163,,,
56.917,ROTATION_SCAN,3.4789,-2.0458,0.097,-85.83,0.06,0.28,-0.0,0.054,-0.0636,-0.2959,1.507,,,0.163,,,
56.975,ROTATION_SCAN,3.4914,-2.0561,0.086,-85.71,0.06,0.51,-0.0,0.0854,-0.0822,-0.2622,1.497,1.277,,0.144,,,
57.036,ROTATION_SCAN,3.4945,-2.0587,0.071,-85.6,1.09,1.3,-0.0,0.0751,-0.0674,-0.2251,1.497,1.277,,0.144,,,
57.07,ROTATION_SCAN,3.4937,-2.0622,0.064,-85.3,1.59,1.73,15.0,0.0361,-0.0509,-0.2028,1.495,,,0.161,,,
57.138,ROTATION_SCAN,3.4936,-2.0615,0.055,-84.76,1.73,2.23,15.0,-0.006,-0.0067,-0.1573,1.495,,,0.161,,,
57.171,ROTATION_SCAN,3.4911,-2.0634,0.05,-84.2,1.34,2.34,15.0,-0.0375,0.0158,-0.1173,1.495,1.198,,0.163,,,
57.249,ROTATION_SCAN,3.4875,-2.064,0.045,-83.82,0.91,2.28,15.0,-0.0647,0.0427,-0.0796,1.495,1.198,,0.163,,,
57.272,ROTATION_SCAN,3.4835,-2.0627,0.044,-83.54,0.73,1.59,15.0,-0.0975,0.0828,-0.0624,1.489,1.231,,0.158,,,
57.33,ROTATION_SCAN,3.477,-2.0622,0.043,-83.32,0.09,0.86,15.0,-0.1277,0.1068,-0.0279,1.489,1.231,,0.158,,,
57.384,ROTATION_SCAN,3.4702,-2.0582,0.042,-83.05,-0.35,0.18,15.0,-0.1403,0.1249,-0.0094,,1.252,,0.147,,,
57.419,ROTATION_SCAN,3.4628,-2.0538,0.046,-82.83,-1.14,-0.42,15.0,-0.1496,0.1321,0.0002,,1.252,,0.147,,,
57.484,ROTATION_SCAN,3.455,-2.0479,0.048,-82.56,-2.14,-1.24,15.0,-0.1383,0.1326,0.0203,1.441,1.266,,0.136,,,
57.52,ROTATION_SCAN,3.4481,-2.0409,0.054,-82.14,-2.72,-2.09,15.0,-0.1174,0.125,0.0291,1.441,1.266,,0.136,,,
57.596,ROTATION_SCAN,3.4428,-2.0343,0.057,-81.46,-3.5,-2.44,15.0,-0.0768,0.1045,0.0345,,1.277,,0.131,,,
57.637,ROTATION_SCAN,3.4387,-2.0304,0.055,-80.54,-3.76,-2.55,15.0,-0.0266,0.0799,0.0331,,1.277,,0.131,,,
57.67,ROTATION_SCAN,3.4384,-2.0262,0.057,-79.4,-3.4,-2.75,15.0,0.0244,0.0521,0.0248,1.271,1.263,,0.136,,,
57.734,ROTATION_SCAN,3.4407,-2.0237,0.058,-78.14,-2.85,-2.59,15.0,0.0739,0.024,0.0273,1.271,1.263,,0.136,,,
57.768,ROTATION_SCAN,3.4465,-2.0212,0.054,-76.99,-1.81,-2.87,15.0,0.114,-0.0079,0.0204,1.319,1.257,2.68,0.141,,,
57.853,ROTATION_SCAN,3.4529,-2.0225,0.053,-75.99,-1.08,-2.46,15.0,0.15,-0.0421,0.003,1.319,1.257,2.68,0.141,,,
57.87,ROTATION_SCAN,3.4614,-2.0236,0.057,-74.93,-0.08,-1.38,15.0,0.167,-0.0688,0.0044,1.405,1.236,,0.155,,,
57.937,ROTATION_SCAN,3.4717,-2.0264,0.059,-74.01,0.97,-0.68,15.0,0.1664,-0.0901,0.0207,1.405,1.236,,0.155,,,
57.982,ROTATION_SCAN,3.4813,-2.029,0.061,-73.4,1.66,0.14,15.0,0.1497,-0.1048,0.0206,1.501,1.199,2.181,0.165,,,
58.025,ROTATION_SCAN,3.4895,-2.0313,0.065,-72.73,2.13,0.97,15.0,0.119,-0.1047,0.0193,1.501,1.199,2.181,0.165,,,
58.071,ROTATION_SCAN,3.4957,-2.0331,0.064,-72.0,2.31,1.45,15.0,0.0846,-0.1058,0.0218,1.517,1.167,2.037,0.174,,,
58.121,ROTATION_SCAN,3.4988,-2.0361,0.061,-71.46,1.6,1.63,15.0,0.0441,-0.0942,0.0171,1.517,1.167,2.037,0.174,,,
58.182,ROTATION_SCAN,3.4987,-2.0403,0.066,-71.1,0.63,1.99,15.0,0.0125,-0.0786,0.0056,1.523,1.138,,0.155,,,
58.236,ROTATION_SCAN,3.4987,-2.0405,0.063,-70.87,0.4,2.11,15.0,-0.008,-0.0555,0.0014,1.523,1.138,,0.155,,,
58.28,ROTATION_SCAN,3.4973,-2.0405,0.061,-70.71,-0.02,1.62,15.0,-0.0271,-0.032,0.0004,1.523,1.107,,0.17,,,
58.338,ROTATION_SCAN,3.4959,-2.04,0.065,-70.75,-0.1,1.18,15.0,-0.0344,-0.0143,-0.0139,1.523,1.107,,0.17,,,
58.377,ROTATION_SCAN,3.4948,-2.0367,0.057,-70.69,0.14,0.47,15.0,-0.04,0.0016,-0.0066,1.504,1.15,,0.166,,,
58.421,ROTATION_SCAN,3.4922,-2.036,0.06,-70.62,-0.01,0.45,15.0,-0.0468,0.0092,-0.0225,1.504,1.15,,0.166,,,
58.469,ROTATION_SCAN,3.49,-2.0356,0.058,-70.29,0.0,0.18,15.0,-0.0466,0.0108,-0.0159,1.502,1.151,,0.164,,,
58.529,ROTATION_SCAN,3.4884,-2.0332,0.061,-69.81,0.4,-0.32,15.0,-0.0471,0.0138,-0.0251,1.502,1.151,,0.164,,,
58.582,ROTATION_SCAN,3.4863,-2.0323,0.06,-69.17,0.29,-0.78,15.0,-0.0472,0.0088,-0.0172,1.485,1.085,,0.16,,,
58.63,ROTATION_SCAN,3.4836,-2.0332,0.059,-68.15,-0.04,-0.85,15.0,-0.0457,-0.0026,-0.0031,1.485,1.085,,0.16,,,
58.707,ROTATION_SCAN,3.4806,-2.0346,0.058,-67.0,-0.26,-0.51,15.0,-0.0459,-0.0121,-0.0175,1.488,,,0.156,,,
58.729,ROTATION_SCAN,3.4786,-2.0362,0.055,-65.88,-0.67,-0.59,15.0,-0.0379,-0.0192,-0.0073,1.488,,,0.156,,,
58.769,ROTATION_SCAN,3.4776,-2.0377,0.056,-64.87,-1.2,-0.48,15.0,-0.0236,-0.0218,-0.0084,1.519,,,0.16,,,
58.817,ROTATION_SCAN,3.4777,-2.0391,0.061,-63.82,-0.96,-0.89,15.0,-0.0053,-0.0229,-0.0103,1.519,,,0.16,,,
58.891,ROTATION_SCAN,3.4793,-2.0408,0.059,-62.62,-1.15,-0.87,15.0,0.0158,-0.0304,0.0031,1.501,0.477,1.863,0.164,,,
58.923,ROTATION_SCAN,3.4824,-2.0429,0.056,-61.5,-0.59,-0.71,15.0,0.0375,-0.0326,-0.0011,1.501,0.477,1.863,0.164,,,
58.986,ROTATION_SCAN,3.4857,-2.0451,0.056,-60.24,-0.9,-0.71,15.0,0.0508,-0.0427,0.0007,1.549,0.428,1.872,0.157,,,
59.022,ROTATION_SCAN,3.4899,-2.0476,0.059,-58.95,-0.78,0.07,15.0,0.0668,-0.0423,0.0088,1.549,0.428,1.872,0.157,,,
59.093,ROTATION_SCAN,3.4951,-2.0499,0.06,-57.83,-0.63,0.14,15.0,0.0799,-0.0398,0.0163,1.599,0.392,1.879,0.164,,,
59.124,ROTATION_SCAN,3.5002,-2.0517,0.061,-57.09,-0.11,0.19,15.0,0.087,-0.036,0.0098,1.599,0.392,1.879,0.164,,,
59.171,ROTATION_SCAN,3.5067,-2.0537,0.063,-56.54,0.32,0.61,15.0,0.0937,-0.0364,0.005,1.621,0.378,1.903,0.175,,,
59.217,ROTATION_SCAN,3.5118,-2.0549,0.067,-56.11,0.63,0.9,15.0,0.0892,-0.0307,0.0095,1.621,0.378,1.903,0.175,,,
59.287,ROTATION_SCAN,3.5164,-2.0558,0.062,-55.72,0.48,1.59,15.0,0.0798,-0.0215,0.0125,1.637,0.38,1.928,0.192,,,
59.316,ROTATION_SCAN,3.5202,-2.0552,0.063,-55.39,0.78,1.88,15.0,0.0656,-0.0069,-0.0019,1.637,0.38,1.928,0.192,,,
59.373,ROTATION_SCAN,3.5237,-2.0541,0.065,-54.93,0.89,1.86,15.0,0.0525,0.0048,-0.0021,1.653,0.381,1.917,0.197,,,
59.44,ROTATION_SCAN,3.5263,-2.0517,0.063,-54.24,1.05,1.86,15.0,0.0359,0.0188,-0.0004,1.653,0.381,1.917,0.197,,,
59.49,ROTATION_SCAN,3.5273,-2.049,0.062,-53.37,1.4,1.78,15.0,0.0145,0.0293,-0.0013,1.674,0.372,1.929,0.208,,,
59.533,ROTATION_SCAN,3.526,-2.0468,0.062,-52.34,1.26,1.72,15.0,-0.0131,0.0379,-0.001,1.674,0.372,1.929,0.208,,,
59.571,ROTATION_SCAN,3.5238,-2.0442,0.061,-51.29,1.56,1.26,15.0,-0.037,0.044,-0.0004,1.704,0.351,,0.22,,,
59.647,ROTATION_SCAN,3.5205,-2.0406,0.063,-50.41,1.67,0.76,15.0,-0.0609,0.0461,0.0015,1.704,0.351,,0.22,,,
59.69,ROTATION_SCAN,3.5153,-2.0407,0.066,-49.72,1.91,0.63,15.0,-0.0818,0.0365,0.0092,1.731,0.326,2.004,0.222,,,
59.72,ROTATION_SCAN,3.5085,-2.0403,0.063,-48.88,2.12,-0.13,15.0,-0.1075,0.0239,0.0118,1.731,0.326,2.004,0.222,,,
59.784,ROTATION_SCAN,3.5018,-2.0417,0.063,-48.24,1.72,-0.85,15.0,-0.1209,0.0034,0.0024,1.719,0.299,2.028,0.217,,,
59.816,ROTATION_SCAN,3.4945,-2.0466,0.061,-47.91,0.91,-1.05,15.0,-0.1237,-0.0235,0.0032,1.719,0.299,2.028,0.217,,,
59.872,ROTATION_SCAN,3.4885,-2.0503,0.064,-47.69,-0.14,-1.1,15.0,-0.1175,-0.0386,0.0008,1.703,0.283,,0.207,,,
59.917,ROTATION_SCAN,3.4833,-2.0545,0.064,-47.18,-1.01,-1.72,15.0,-0.1001,-0.0491,0.0053,1.703,0.283,,0.207,,,
59.966,ROTATION_SCAN,3.4798,-2.0585,0.071,-46.74,-1.37,-1.46,15.0,-0.0765,-0.0585,0.0119,1.684,0.266,,0.221,,,
60.038,ROTATION_SCAN,3.4788,-2.0628,0.07,-46.31,-2.02,-1.4,15.0,-0.0438,-0.0617,0.023,1.684,0.266,,0.221,,,
60.071,ROTATION_SCAN,3.4796,-2.0663,0.069,-45.44,-2.22,-1.44,15.0,-0.0089,-0.0589,0.0137,1.739,0.257,,0.303,,,
60.125,ROTATION_SCAN,3.4828,-2.069,0.072,-44.04,-2.29,-0.97,15.0,0.0278,-0.0539,0.0039,1.739,0.257,,0.303,,,
60.17,ROTATION_SCAN,3.4875,-2.0709,0.068,-42.5,-2.17,-0.59,15.0,0.0597,-0.0442,0.0084,1.816,0.247,,0.684,,,
60.231,ROTATION_SCAN,3.492,-2.0729,0.066,-41.24,-1.7,-0.14,15.0,0.0812,-0.0307,-0.0058,1.816,0.247,,0.684,,,
60.273,ROTATION_SCAN,3.4994,-2.0727,0.066,-40.4,-1.43,0.3,15.0,0.1031,-0.0189,-0.0294,1.899,0.244,,0.711,,,
60.316,ROTATION_SCAN,3.5061,-2.0725,0.065,-40.1,-1.21,1.14,15.0,0.1153,-0.0001,-0.0214,1.899,0.244,,0.711,,,
60.389,ROTATION_SCAN,3.5114,-2.0719,0.064,-39.75,-0.65,1.68,15.0,0.1134,0.0228,-0.0124,1.944,0.26,,0.724,,,
60.42,ROTATION_SCAN,3.5157,-2.0697,0.061,-39.19,0.5,1.98,15.0,0.101,0.0453,-0.009,1.944,0.26,,0.724,,,
60.484,ROTATION_SCAN,3.5192,-2.0664,0.067,-38.43,0.97,2.28,15.0,0.0793,0.0598,-0.0123,1.975,0.267,,0.737,,,
60.523,ROTATION_SCAN,3.5229,-2.0609,0.064,-37.65,1.68,2.51,15.0,0.0552,0.0724,0.0054,1.975,0.267,,0.737,,,
60.577,ROTATION_SCAN,3.5232,-2.0576,0.062,-36.97,2.01,2.56,15.0,0.0215,0.074,-0.0034,2.043,0.265,,0.745,,,
60.62,ROTATION_SCAN,3.5216,-2.0523,0.066,-36.25,2.67,2.18,15.0,-0.02,0.0752,-0.0027,2.043,0.265,,0.745,,,
60.666,ROTATION_SCAN,3.5164,-2.05,0.064,-35.76,2.38,1.76,15.0,-0.0631,0.0646,0.0081,2.071,0.252,,0.752,,,
60.737,ROTATION_SCAN,3.5092,-2.0492,0.064,-35.14,2.45,1.28,15.0,-0.1006,0.051,0.0021,2.071,0.252,,0.752,,,
60.768,ROTATION_SCAN,3.5009,-2.05,0.066,-34.41,2.27,0.41,15.0,-0.1282,0.0319,0.0029,2.054,0.237,,0.762,,,
60.833,ROTATION_SCAN,3.4905,-2.0516,0.065,-33.56,1.82,0.01,15.0,-0.1565,0.0073,0.0072,2.054,0.237,,0.762,,,
60.868,ROTATION_SCAN,3.4812,-2.0544,0.064,-32.67,1.12,-0.17,15.0,-0.1662,-0.0107,-0.0044,1.992,0.215,,0.778,,,
60.923,ROTATION_SCAN,3.4723,-2.0581,0.065,-31.73,0.47,-0.87,15.0,-0.1656,-0.0259,-0.0001,1.992,0.215,,0.778,,,
60.969,ROTATION_SCAN,3.4641,-2.0627,0.066,-30.66,-0.83,-1.62,15.0,-0.1529,-0.0396,0.0101,1.85,0.195,,0.813,,,
61.017,ROTATION_SCAN,3.4577,-2.0665,0.066,-29.62,-0.83,-1.61,15.0,-0.1289,-0.0436,-0.0058,1.85,0.195,,0.813,,,
61.084,ROTATION_SCAN,3.453,-2.0697,0.067,-28.72,-1.3,-1.48,15.0,-0.1066,-0.0464,-0.0214,,0.182,,0.832,,,
61.115,ROTATION_SCAN,3.4496,-2.0722,0.062,-28.07,-2.23,-1.91,15.0,-0.0796,-0.0414,-0.0129,,0.182,,0.832,,,
61.222,ROTATION_SCAN,3.4471,-2.0745,0.061,-27.55,-2.55,-1.86,15.0,-0.0474,-0.0262,-0.02,,0.174,0.702,0.869,,,
61.231,ROTATION_SCAN,3.447,-2.0759,0.062,-27.1,-2.71,-1.59,15.0,-0.0101,-0.005,-0.0177,,0.174,0.702,0.869,,,
61.292,ROTATION_SCAN,3.4468,-2.0768,0.061,-26.75,-2.56,-1.5,15.0,0.0183,0.0179,0.0021,,0.171,0.693,0.894,,,
61.32,ROTATION_SCAN,3.4507,-2.0756,0.058,-26.32,-1.93,-1.78,15.0,0.0596,0.0445,-0.0064,,0.171,0.693,0.894,,,
61.378,ROTATION_SCAN,3.4539,-2.0744,0.06,-25.85,-1.43,-1.59,15.0,0.0868,0.0605,-0.0065,,0.172,0.693,0.898,,,
61.419,ROTATION_SCAN,3.4586,-2.0718,0.059,-25.13,-0.63,-1.03,15.0,0.1065,0.0698,0.0132,,0.172,0.693,0.898,,,
61.475,ROTATION_SCAN,3.4637,-2.0687,0.064,-24.13,-0.04,-0.75,15.0,0.1157,0.0723,0.0133,,0.179,0.689,0.916,,,
61.552,ROTATION_SCAN,3.4708,-2.0647,0.068,-22.81,0.35,-0.24,15.0,0.1232,0.0685,0.0235,,0.179,0.689,0.916,,,
61.569,ROTATION_SCAN,3.4779,-2.0612,0.065,-21.41,0.77,0.35,15.0,0.1227,0.0595,0.0278,,0.183,0.672,0.971,,,
61.641,ROTATION_SCAN,3.4848,-2.0593,0.066,-20.26,0.87,0.88,15.0,0.1188,0.0458,0.0073,,0.183,0.672,0.971,,,
61.672,ROTATION_SCAN,3.4888,-2.0577,0.069,-19.62,1.25,1.27,15.0,0.0967,0.0359,0.0176,,0.185,0.661,,,,
61.729,ROTATION_SCAN,3.4922,-2.0565,0.069,-19.17,1.43,0.99,15.0,0.0772,0.025,0.0232,,0.185,0.661,,,,
61.77,ROTATION_SCAN,3.4939,-2.0564,0.073,-18.58,1.0,0.87,15.0,0.0564,0.0116,0.0213,,0.187,0.654,,,,
61.821,ROTATION_SCAN,3.4956,-2.0553,0.073,-17.59,1.33,1.12,15.0,0.0399,0.0054,0.024,,0.187,0.654,,,,
61.886,ROTATION_SCAN,3.4955,-2.0565,0.071,-16.43,0.98,0.95,15.0,0.0191,-0.0081,0.0154,,0.186,0.647,,,,
61.917,ROTATION_SCAN,3.4946,-2.0584,0.071,-15.28,0.62,0.53,15.0,0.0042,-0.0176,-0.0023,,0.186,0.647,,,,
62.026,ROTATION_SCAN,3.4943,-2.0592,0.069,-14.11,0.57,0.27,15.0,-0.0025,-0.0222,-0.0014,,0.185,0.631,1.515,,,
62.055,ROTATION_SCAN,3.4942,-2.0615,0.069,-13.16,0.48,0.53,15.0,-0.0043,-0.0282,-0.0175,,0.185,0.631,1.515,,,
62.065,ROTATION_SCAN,3.494,-2.0642,0.071,-12.53,0.53,0.5,15.0,-0.0075,-0.0342,-0.0161,,0.179,0.626,1.507,,,
62.117,ROTATION_SCAN,3.4934,-2.0674,0.07,-12.07,0.33,0.17,15.0,-0.0101,-0.0402,0.0027,,0.179,0.626,1.507,,,
62.177,ROTATION_SCAN,3.4931,-2.07,0.067,-11.7,0.26,0.07,15.0,-0.0097,-0.0437,-0.0055,,0.178,0.624,1.506,,,
62.225,ROTATION_SCAN,3.4927,-2.0721,0.067,-11.48,-0.21,0.17,15.0,-0.0102,-0.0439,-0.0139,,0.178,0.624,1.506,,,
62.277,ROTATION_SCAN,3.4926,-2.0742,0.069,-11.21,-0.57,0.03,15.0,-0.0086,-0.0403,-0.0022,,0.177,0.623,1.531,,,
62.331,ROTATION_SCAN,3.4929,-2.0753,0.067,-10.87,-1.15,-0.12,15.0,-0.0044,-0.0312,-0.0078,,0.177,0.623,1.531,,,
62.392,ROTATION_SCAN,3.4932,-2.0757,0.07,-10.4,-1.52,-0.38,15.0,0.0013,-0.0159,0.0009,,0.177,0.618,1.541,,,
62.43,ROTATION_SCAN,3.4949,-2.0731,0.069,-9.65,-1.6,0.1,15.0,0.0113,0.0087,0.0093,,0.177,0.618,1.541,,,
62.467,ROTATION_SCAN,3.4961,-2.0701,0.072,-8.82,-1.8,0.21,15.0,0.0152,0.034,0.0047,,0.177,0.612,1.548,,,
62.525,ROTATION_SCAN,3.4974,-2.0655,0.073,-7.88,-1.14,0.09,15.0,0.018,0.0593,0.0106,,0.177,0.612,1.548,,,
62.587,ROTATION_SCAN,3.4992,-2.0605,0.072,-6.86,-0.51,0.05,15.0,0.0215,0.0738,0.0128,,0.175,0.606,1.506,,,
62.629,ROTATION_SCAN,3.4999,-2.0557,0.072,-5.86,0.34,0.47,15.0,0.0191,0.0826,-0.0046,,0.175,0.606,1.506,,,
62.669,ROTATION_SCAN,3.5015,-2.0504,0.076,-5.01,0.81,0.91,15.0,0.0162,0.0828,-0.0118,,0.176,0.603,,,,
62.716,ROTATION_SCAN,3.5019,-2.0464,0.076,-4.44,0.79,0.94,15.0,0.0063,0.0761,0.0092,,0.176,0.603,,,,
62.78,ROTATION_SCAN,3.5012,-2.0428,0.072,-3.97,0.73,0.96,15.0,-0.0062,0.0706,0.0161,,0.178,0.61,,,,
62.817,ROTATION_SCAN,3.5001,-2.0399,0.073,-3.47,0.87,1.13,15.0,-0.018,0.0624,-0.0041,,0.178,0.61,,,,
62.865,ROTATION_SCAN,3.4982,-2.0365,0.074,-2.82,1.3,0.88,15.0,-0.0319,0.055,0.0049,,0.176,,,,,
62.934,ROTATION_SCAN,3.4954,-2.0337,0.075,-2.05,1.49,0.35,15.0,-0.045,0.0407,0.0153,,0.176,,,,,
62.967,ROTATION_SCAN,3.4923,-2.0331,0.077,-1.21,1.4,0.01,15.0,-0.0518,0.0225,0.0256,,0.168,,,,,
63.03,ROTATION_SCAN,3.4897,-2.033,0.078,-0.09,1.83,-0.41,15.0,-0.0505,0.0064,0.0125,,0.168,,,,,
63.067,ROTATION_SCAN,3.4875,-2.0351,0.077,0.96,1.35,-0.67,15.0,-0.0436,-0.0161,0.0135,,0.176,,1.361,,,
63.129,ROTATION_SCAN,3.4857,-2.0375,0.081,1.86,0.94,-0.36,15.0,-0.0358,-0.0306,0.0101,,0.176,,1.361,,,
63.173,ROTATION_SCAN,3.4847,-2.0414,0.079,2.75,0.91,-0.14,15.0,-0.0283,-0.0455,0.0119,,0.17,,1.426,,,
63.215,ROTATION_SCAN,3.4835,-2.0449,0.081,3.67,0.73,-0.3,15.0,-0.0257,-0.0595,0.0104,,0.17,,1.426,,,
63.289,ROTATION_SCAN,3.4828,-2.0487,0.077,4.48,0.65,-0.42,15.0,-0.019,-0.0664,0.0021,,0.164,1.232,1.444,,,
63.319,ROTATION_SCAN,3.4826,-2.0525,0.076,5.15,0.87,-0.7,15.0,-0.0097,-0.0716,-0.0174,,0.164,1.232,1.444,,,
63.384,ROTATION_SCAN,3.4828,-2.0566,0.073,5.7,0.01,-0.7,15.0,0.0007,-0.0754,-0.0205,,0.164,1.268,1.454,,,
63.419,ROTATION_SCAN,3.4839,-2.0608,0.075,6.27,-0.34,-0.69,15.0,0.0118,-0.074,-0.0085,,0.164,1.268,1.454,,,
63.477,ROTATION_SCAN,3.4855,-2.0645,0.075,6.89,-0.55,-0.13,15.0,0.0202,-0.0697,-0.0064,,0.166,1.283,1.464,,,
63.522,ROTATION_SCAN,3.487,-2.0676,0.081,7.37,-0.73,-0.42,15.0,0.0235,-0.0634,0.0151,,0.166,1.283,1.464,,,
63.565,ROTATION_SCAN,3.4884,-2.0701,0.078,7.63,-1.02,-0.24,15.0,0.0272,-0.0518,0.0188,,0.168,1.292,1.478,,,
63.637,ROTATION_SCAN,3.4899,-2.0718,0.075,8.11,-1.43,-0.14,15.0,0.0279,-0.0384,0.0025,,0.168,1.292,1.478,,,
63.669,ROTATION_SCAN,3.4904,-2.0731,0.08,8.69,-1.53,-0.02,15.0,0.0246,-0.0213,-0.0189,,0.171,1.283,1.486,,,
63.724,ROTATION_SCAN,3.4915,-2.0727,0.076,9.3,-1.61,0.01,15.0,0.0219,-0.0016,0.0035,,0.171,1.283,1.486,,,
63.771,ROTATION_SCAN,3.4918,-2.071,0.082,9.86,-1.25,-0.01,15.0,0.0172,0.0208,-0.0058,,0.168,1.279,1.478,,,
63.833,ROTATION_SCAN,3.4919,-2.0689,0.079,10.37,-0.68,-0.03,15.0,0.0138,0.0358,0.0055,,0.168,1.279,1.478,,,
63.892,ROTATION_SCAN,3.4917,-2.0671,0.076,10.98,-0.76,-0.12,15.0,0.0099,0.0443,0.0075,,0.169,1.271,1.465,,,
63.931,ROTATION_SCAN,3.4912,-2.0649,0.079,11.71,-0.1,-0.26,15.0,0.0067,0.0511,-0.017,,0.169,1.271,1.465,,,
63.984,ROTATION_SCAN,3.4913,-2.0622,0.077,12.4,0.09,-0.53,15.0,0.0093,0.0523,-0.0034,,0.171,1.279,1.421,,,
64.019,ROTATION_SCAN,3.492,-2.0599,0.078,13.01,0.43,-0.67,15.0,0.0146,0.05,0.0022,,0.171,1.279,1.421,,,
64.089,ROTATION_SCAN,3.4937,-2.0575,0.076,13.69,0.54,-0.12,15.0,0.0234,0.0458,-0.0033,,0.173,1.276,1.428,,,
64.13,ROTATION_SCAN,3.4953,-2.0558,0.074,14.45,0.31,0.15,15.0,0.0256,0.0394,-0.0074,,0.173,1.276,1.428,,,
64.173,ROTATION_SCAN,3.4966,-2.0544,0.072,15.2,0.3,0.09,15.0,0.0253,0.0338,-0.0173,,0.174,1.265,1.446,,,
64.219,ROTATION_SCAN,3.4986,-2.0531,0.077,16.11,-0.01,0.47,15.0,0.0283,0.0305,-0.0117,,0.174,1.265,1.446,,,
64.282,ROTATION_SCAN,3.5007,-2.0515,0.077,17.23,-0.21,0.81,15.0,0.0266,0.0306,-0.0044,,0.182,1.252,1.466,,,
64.318,ROTATION_SCAN,3.5023,-2.0499,0.076,18.58,-0.05,0.88,15.0,0.022,0.0308,0.0051,,0.182,1.252,1.466,,,
64.364,ROTATION_SCAN,3.5028,-2.0477,0.076,19.85,0.13,0.95,15.0,0.0122,0.0309,-0.0019,1.887,0.184,1.234,1.496,,,
64.421,ROTATION_SCAN,3.5031,-2.0461,0.075,21.02,0.14,1.02,15.0,0.0035,0.0268,-0.0023,1.887,0.184,1.234,1.496,,,
64.464,ROTATION_SCAN,3.5028,-2.045,0.074,22.27,-0.07,1.28,15.0,-0.0056,0.022,-0.004,1.845,0.19,1.191,1.493,,,
64.535,ROTATION_SCAN,3.5012,-2.0419,0.078,23.48,0.01,1.07,15.0,-0.0234,0.0227,-0.0091,1.845,0.19,1.191,1.493,,,
64.59,ROTATION_SCAN,3.4987,-2.0391,0.078,24.65,0.18,0.93,15.0,-0.0402,0.0216,0.003,1.829,0.178,1.081,,,,
64.642,ROTATION_SCAN,3.4963,-2.0383,0.076,25.81,0.16,0.57,15.0,-0.0467,0.0169,0.0053,1.829,0.178,1.081,,,,
64.684,ROTATION_SCAN,3.4941,-2.0372,0.075,26.88,0.33,0.56,15.0,-0.0495,0.0143,0.0045,,0.173,,1.527,,,
64.723,ROTATION_SCAN,3.492,-2.0366,0.077,27.79,0.58,0.34,15.0,-0.0493,0.0099,-0.006,,0.173,,1.527,,,
64.776,ROTATION_SCAN,3.4895,-2.0365,0.077,28.68,1.16,0.11,15.0,-0.0479,0.002,0.0032,1.851,0.175,0.575,,,,
64.837,ROTATION_SCAN,3.4878,-2.0368,0.076,29.5,1.21,-0.18,15.0,-0.0386,-0.0061,0.0034,1.851,0.175,0.575,,,,
64.894,ROTATION_SCAN,3.4864,-2.0386,0.078,30.24,1.1,-0.49,15.0,-0.0291,-0.0197,0.0003,1.831,0.174,0.498,1.447,,,
64.937,ROTATION_SCAN,3.4855,-2.0399,0.079,30.97,1.16,-0.34,15.0,-0.0188,-0.0256,0.0108,1.831,0.174,0.498,1.447,,,
64.993,ROTATION_SCAN,3.4854,-2.0421,0.082,31.71,1.14,-0.28,15.0,-0.0076,-0.0361,0.0105,1.853,0.175,0.444,1.472,,,
65.037,ROTATION_SCAN,3.4861,-2.0448,0.078,32.4,0.54,-0.43,15.0,0.0029,-0.0458,0.0102,1.853,0.175,0.444,1.472,,,
65.068,ROTATION_SCAN,3.487,-2.0476,0.082,32.99,0.34,-0.54,15.0,0.0104,-0.0498,0.0055,1.866,0.179,0.407,1.589,,,
65.125,ROTATION_SCAN,3.4882,-2.0505,0.082,33.52,0.15,-0.65,15.0,0.0181,-0.0528,0.0064,1.866,0.179,0.407,1.589,,,
65.187,ROTATION_SCAN,3.4893,-2.0529,0.082,34.09,-0.23,-0.92,15.0,0.0238,-0.0484,0.0121,1.869,0.177,0.391,1.606,,,
65.239,ROTATION_SCAN,3.4908,-2.0548,0.082,34.72,-0.55,-0.69,15.0,0.03,-0.0378,0.0094,1.869,0.177,0.391,1.606,,,
65.287,ROTATION_SCAN,3.4938,-2.0558,0.082,35.29,-0.51,-0.28,15.0,0.0373,-0.0302,0.003,1.87,0.18,0.371,1.655,,,
65.352,ROTATION_SCAN,3.496,-2.0561,0.081,35.92,-0.87,-0.39,15.0,0.0386,-0.0183,0.004,1.87,0.18,0.371,1.655,,,
65.423,ROTATION_SCAN,3.498,-2.0559,0.083,36.73,-1.28,-0.53,15.0,0.0369,-0.0031,0.0068,1.871,0.187,0.36,1.687,,,
65.444,ROTATION_SCAN,3.5011,-2.0521,0.081,37.78,-1.0,-0.08,15.0,0.0383,0.0218,0.003,1.871,0.187,0.36,1.687,,,
65.485,ROTATION_SCAN,3.503,-2.049,0.082,38.71,-0.72,0.45,15.0,0.0327,0.035,0.0,1.887,0.196,0.339,1.704,,,
65.514,ROTATION_SCAN,3.5053,-2.0454,0.082,39.56,-0.8,0.8,15.0,0.0272,0.0426,0.0089,1.887,0.196,0.339,1.704,,,
65.573,ROTATION_SCAN,3.5068,-2.0414,0.084,40.42,-0.76,0.66,15.0,0.0172,0.0478,0.0053,1.971,0.198,0.327,1.732,,,
65.652,ROTATION_SCAN,3.5075,-2.0387,0.082,41.43,-0.48,0.82,15.0,0.0096,0.0498,0.0013,1.971,0.198,0.327,1.732,,,
65.669,ROTATION_SCAN,3.5081,-2.0347,0.082,42.42,0.06,1.25,15.0,0.0027,0.0525,0.0033,2.014,0.207,0.313,,,,
65.715,ROTATION_SCAN,3.509,-2.0307,0.082,43.38,0.17,1.31,15.0,-0.0008,0.0463,-0.0177,2.014,0.207,0.313,,,,
65.778,ROTATION_SCAN,3.5093,-2.028,0.083,44.37,0.34,1.2,15.0,-0.007,0.0416,-0.0065,,0.218,0.299,,,,
65.821,ROTATION_SCAN,3.509,-2.026,0.082,45.24,1.21,1.26,15.0,-0.0111,0.0302,0.0075,,0.218,0.299,,,,
65.867,ROTATION_SCAN,3.5086,-2.025,0.083,45.79,1.05,1.25,15.0,-0.0088,0.0151,-0.0023,,0.232,0.287,,,,
65.937,ROTATION_SCAN,3.5084,-2.0248,0.083,46.14,1.46,1.6,15.0,-0.0073,0.0003,-0.0023,,0.232,0.287,,,,
65.973,ROTATION_SCAN,3.5085,-2.0274,0.083,46.36,1.07,1.55,15.0,-0.003,-0.0207,-0.0091,,0.24,0.284,,,,
66.031,ROTATION_SCAN,3.5085,-2.0299,0.085,46.68,1.34,1.22,15.0,-0.001,-0.0383,-0.001,,0.24,0.284,,,,
66.077,ROTATION_SCAN,3.5088,-2.0343,0.082,47.18,1.25,1.09,15.0,0.0051,-0.058,0.0035,,0.252,0.281,,,,
66.132,ROTATION_SCAN,3.5093,-2.0386,0.082,47.89,0.54,0.79,15.0,0.0081,-0.0713,-0.0163,,0.252,0.281,,,,
66.174,ROTATION_SCAN,3.5102,-2.0437,0.086,48.59,0.17,0.25,15.0,0.0122,-0.0789,-0.0109,2.065,0.332,0.268,1.761,,,
66.218,ROTATION_SCAN,3.5114,-2.0496,0.083,49.47,-0.59,-0.11,15.0,0.0162,-0.0859,0.0086,2.065,0.332,0.268,1.761,,,
66.265,ROTATION_SCAN,3.513,-2.0533,0.082,50.48,-0.93,0.16,15.0,0.0161,-0.0773,0.0026,2.035,0.739,0.263,1.911,,,
66.326,ROTATION_SCAN,3.5141,-2.0571,0.081,51.54,-0.81,0.32,15.0,0.0119,-0.0741,-0.0056,2.035,0.739,0.263,1.911,,,
66.389,ROTATION_SCAN,3.5152,-2.0598,0.079,52.59,-1.32,0.19,15.0,0.0067,-0.0678,-0.0143,1.95,0.77,0.252,1.932,,,
66.426,ROTATION_SCAN,3.5149,-2.0618,0.081,53.53,-1.53,-0.01,15.0,-0.0064,-0.0557,-0.0126,1.95,0.77,0.252,1.932,,,
66.49,ROTATION_SCAN,3.5143,-2.0638,0.082,54.42,-1.5,0.02,15.0,-0.0174,-0.0455,0.0006,,0.796,0.246,1.984,,,
66.522,ROTATION_SCAN,3.5122,-2.0657,0.081,55.23,-1.36,0.08,15.0,-0.0322,-0.036,0.0003,,0.796,0.246,1.984,,,
66.565,ROTATION_SCAN,3.51,-2.0667,0.082,56.11,-0.97,0.47,15.0,-0.0439,-0.0285,-0.0056,,0.818,0.235,1.942,,,
66.641,ROTATION_SCAN,3.5063,-2.0682,0.084,56.98,-0.78,0.08,15.0,-0.0571,-0.0247,0.0016,,0.818,0.235,1.942,,,
66.671,ROTATION_SCAN,3.502,-2.0694,0.081,57.79,-0.07,-0.28,15.0,-0.0654,-0.0193,0.0042,,0.835,0.225,,,,
66.735,ROTATION_SCAN,3.4988,-2.0692,0.082,58.56,0.11,-0.29,15.0,-0.0641,-0.0129,-0.0105,,0.835,0.225,,,,
66.775,ROTATION_SCAN,3.4944,-2.0701,0.082,59.06,0.22,-0.33,15.0,-0.066,-0.0106,-0.0029,,0.856,0.211,,,,
66.853,ROTATION_SCAN,3.4912,-2.07,0.083,59.34,0.76,-0.78,15.0,-0.0611,-0.0049,0.0134,,0.856,0.211,,,,
66.898,ROTATION_SCAN,3.4885,-2.0695,0.084,59.38,1.21,-0.72,15.0,-0.0488,0.0014,0.0026,,0.863,0.206,,,,
66.932,ROTATION_SCAN,3.4863,-2.0691,0.083,59.25,1.11,-0.46,15.0,-0.0367,0.0054,0.0041,,0.863,0.206,,,,
66.969,ROTATION_SCAN,3.485,-2.0686,0.084,59.52,1.61,-0.63,15.0,-0.0222,0.0065,0.0039,0.712,0.853,0.206,,,,
67.02,ROTATION_SCAN,3.4852,-2.0681,0.084,59.91,1.76,-0.86,15.0,-0.0003,0.0065,-0.0011,0.712,0.853,0.206,,,,
67.084,ROTATION_SCAN,3.4869,-2.0676,0.088,60.31,1.04,-0.38,15.0,0.0198,0.006,0.025,0.699,0.873,0.2,,,,
67.147,ROTATION_SCAN,3.4896,-2.0672,0.085,60.46,1.25,-0.69,15.0,0.0389,0.0053,0.0282,0.699,0.873,0.2,,,,
67.187,ROTATION_SCAN,3.4925,-2.0669,0.089,60.68,0.46,-0.3,15.0,0.0531,0.0081,0.0108,0.702,0.883,0.202,1.707,,,
67.269,ROTATION_SCAN,3.4954,-2.0665,0.088,60.99,0.57,-0.77,15.0,0.0585,0.0095,0.0107,0.702,0.883,0.202,1.707,,,
67.324,ROTATION_SCAN,3.4996,-2.0658,0.087,61.12,-0.12,-0.61,15.0,0.0695,0.0137,-0.0007,0.69,0.906,0.21,,,,
67.334,ROTATION_SCAN,3.5044,-2.0645,0.084,61.14,-0.71,-0.03,15.0,0.075,0.0207,-0.0168,0.69,0.906,0.21,,,,
67.374,ROTATION_SCAN,3.5075,-2.0633,0.085,61.3,-0.36,0.17,15.0,0.0677,0.0239,-0.0133,0.701,0.906,0.216,,,,
67.422,ROTATION_SCAN,3.5101,-2.0618,0.082,61.86,-0.84,1.06,15.0,0.0587,0.0252,-0.0139,0.701,0.906,0.216,,,,
67.47,ROTATION_SCAN,3.5127,-2.0608,0.083,62.8,-1.09,1.56,15.0,0.0456,0.0178,-0.0155,0.697,0.919,0.217,,,,
67.532,ROTATION_SCAN,3.5134,-2.0614,0.083,63.85,-1.01,0.98,15.0,0.0264,0.0067,-0.0007,0.697,0.919,0.217,,,,
67.583,ROTATION_SCAN,3.5135,-2.0612,0.084,65.16,-0.99,1.54,15.0,0.0094,0.0007,-0.0024,0.672,0.979,0.212,,,,
67.637,ROTATION_SCAN,3.5126,-2.0603,0.086,66.63,-1.05,1.07,15.0,-0.0111,-0.0056,-0.0075,0.672,0.979,0.212,,,,
67.691,ROTATION_SCAN,3.5106,-2.0616,0.084,67.7,-1.51,0.91,15.0,-0.0303,-0.0127,0.0052,0.655,1.103,0.201,1.889,,,
67.715,ROTATION_SCAN,3.5082,-2.0616,0.086,68.74,-1.29,0.44,15.0,-0.0478,-0.0125,-0.0042,0.655,1.103,0.201,1.889,,,
67.765,ROTATION_SCAN,3.505,-2.0613,0.081,70.12,-0.86,0.23,15.0,-0.062,-0.0104,-0.0111,0.641,,0.198,,,,
67.822,ROTATION_SCAN,3.5014,-2.0604,0.081,71.54,-0.27,-0.3,15.0,-0.0701,-0.0055,-0.0161,0.641,,0.198,,,,
67.881,ROTATION_SCAN,3.4976,-2.06,0.082,72.83,-0.23,-0.29,15.0,-0.0735,-0.0003,-0.0134,0.625,1.603,0.188,,,,
67.954,ROTATION_SCAN,3.4936,-2.0589,0.082,73.95,0.22,-0.35,15.0,-0.0753,0.0063,-0.0086,0.625,1.603,0.188,,,,
67.993,ROTATION_SCAN,3.4902,-2.0583,0.082,74.97,0.33,-0.12,15.0,-0.0717,0.0094,-0.001,0.612,1.631,0.174,,,,
68.02,ROTATION_SCAN,3.4864,-2.0578,0.084,76.0,0.74,-0.35,15.0,-0.0687,0.0101,-0.0034,0.612,1.631,0.174,,,,
68.071,ROTATION_SCAN,3.4835,-2.0571,0.078,77.06,0.63,-0.33,15.0,-0.0602,0.0117,0.0027,0.604,1.626,0.161,,,,
68.135,ROTATION_SCAN,3.4808,-2.0565,0.082,78.0,0.89,-0.9,15.0,-0.0526,0.0148,-0.0053,0.604,1.626,0.161,,,,
68.169,ROTATION_SCAN,3.4793,-2.0554,0.084,78.76,1.37,-0.81,15.0,-0.0378,0.0213,0.002,0.598,1.612,0.157,,,,
68.216,ROTATION_SCAN,3.4775,-2.0542,0.084,79.29,1.67,-0.73,15.0,-0.024,0.0265,0.0136,0.598,1.612,0.157,,,,
68.275,ROTATION_SCAN,3.4782,-2.052,0.083,79.79,1.19,-0.45,15.0,-0.0022,0.0355,-0.0041,0.594,1.604,0.153,,,,
68.313,ROTATION_SCAN,3.4795,-2.0498,0.087,80.57,1.05,0.2,15.0,0.0149,0.0384,-0.0043,0.594,1.604,0.153,,,,
68.366,ROTATION_SCAN,3.4814,-2.0477,0.085,81.58,0.62,0.53,15.0,0.0263,0.0349,0.0146,0.597,1.589,0.155,,,,
68.432,ROTATION_SCAN,3.4835,-2.0461,0.086,82.79,-0.21,0.33,15.0,0.0323,0.0311,-0.0057,0.597,1.589,0.155,,,,
68.466,ROTATION_SCAN,3.4849,-2.0444,0.084,83.91,-0.91,0.89,15.0,0.0272,0.0297,-0.0035,0.6,1.565,0.158,,,,
68.531,ROTATION_SCAN,3.485,-2.0425,0.088,84.72,-0.85,1.59,15.0,0.0133,0.0224,0.001,0.6,1.565,0.158,,,,
68.571,ROTATION_SCAN,3.4843,-2.0411,0.083,85.05,-1.05,1.64,15.0,-0.0041,0.0087,0.0036,0.605,1.547,0.166,,,,
68.614,ROTATION_SCAN,3.4827,-2.0402,0.084,85.16,-0.35,1.29,15.0,-0.0205,-0.0039,-0.0119,0.605,1.547,0.166,,,,
68.686,ROTATION_SCAN,3.4805,-2.0392,0.082,85.14,-0.29,1.27,15.0,-0.0327,-0.0139,-0.0071,0.614,1.549,0.168,,,,
68.72,ROTATION_SCAN,3.4783,-2.0398,0.083,85.07,0.04,1.07,15.0,-0.0403,-0.0261,-0.0038,0.614,1.549,0.168,,,,
68.78,ROTATION_SCAN,3.4756,-2.041,0.082,85.05,0.47,0.13,15.0,-0.0438,-0.0335,-0.0122,0.615,1.552,0.16,,,,
68.818,ROTATION_SCAN,3.4728,-2.0417,0.081,85.3,0.35,0.31,15.0,-0.0456,-0.0335,-0.0115,0.615,1.552,0.16,,,,
68.878,ROTATION_SCAN,3.4705,-2.0433,0.082,85.97,0.46,0.36,15.0,-0.043,-0.0355,-0.012,0.619,1.547,0.155,,,,
68.956,ROTATION_SCAN,3.4679,-2.0444,0.081,87.01,0.53,0.34,15.0,-0.0423,-0.0357,-0.0142,0.619,1.547,0.155,,,,
68.987,ROTATION_SCAN,3.4655,-2.0463,0.083,88.15,0.73,0.19,15.0,-0.0397,-0.0393,-0.015,,1.543,0.142,,,,
69.021,ROTATION_SCAN,3.4633,-2.0476,0.079,89.29,0.72,0.23,15.0,-0.0357,-0.0368,-0.0118,,1.543,0.142,,,,
69.069,ROTATION_SCAN,3.4609,-2.0486,0.081,90.31,1.59,-0.22,-0.0,-0.0302,-0.0319,-0.0198,0.726,1.533,0.14,,,,
69.125,ROTATION_SCAN,3.4595,-2.0499,0.078,91.08,1.74,-0.15,-0.0,-0.0162,-0.0264,-0.0167,0.726,1.533,0.14,,,,
69.164,ROTATION_SCAN,3.4588,-2.0508,0.08,91.84,1.19,-0.07,-0.0,-0.002,-0.0192,-0.0338,0.955,1.527,0.138,,,,
69.217,ROTATION_SCAN,3.4597,-2.0514,0.073,92.44,0.85,-0.47,-0.0,0.0107,-0.0132,-0.019,0.955,1.527,0.138,,,,
69.263,ROTATION_SCAN,3.4605,-2.0518,0.073,92.48,0.58,-0.31,-0.0,0.0184,-0.0083,-0.0207,,1.52,0.139,,,,
69.334,ROTATION_SCAN,3.4607,-2.0513,0.072,92.24,0.23,0.32,-0.0,0.0205,0.0014,-0.025,,1.52,0.139,,,,
69.37,ROTATION_SCAN,3.4615,-2.0517,0.078,92.01,0.16,-0.07,-0.0,0.0213,-0.0019,-0.0093,1.133,1.514,0.136,,,,
69.448,ROTATION_SCAN,3.4623,-2.0514,0.076,91.86,0.13,-0.23,-0.0,0.0208,0.0011,0.02,1.133,1.514,0.136,,,,
69.491,ROTATION_SCAN,3.4619,-2.0515,0.077,91.54,0.15,-0.7,-0.0,0.0161,0.0062,0.0189,,1.523,0.138,,,,
69.519,ROTATION_SCAN,3.4617,-2.0491,0.078,91.12,0.15,-0.68,-0.0,0.014,0.0224,0.0288,,1.523,0.138,,,,
69.577,ROTATION_SCAN,3.4621,-2.0467,0.081,90.58,0.1,-0.34,-0.0,0.0145,0.0334,0.039,,1.532,0.14,,,,
69.635,ROTATION_SCAN,3.4623,-2.0439,0.082,90.18,-0.18,0.16,-0.0,0.0122,0.0398,0.0479,,1.532,0.14,,,,
69.665,ROTATION_SCAN,3.462,-2.0422,0.086,89.97,-0.23,0.58,-0.0,0.0068,0.0368,0.0497,,1.532,0.14,,,,
69.73,ROTATION_SCAN,3.4617,-2.0419,0.095,89.99,0.15,0.45,-0.0,0.0037,0.0277,0.0653,,1.532,0.14,,,,
69.766,ROTATION_SCAN,3.4614,-2.0408,0.094,90.19,-0.39,1.67,-0.0,0.0025,0.0187,0.0885,,1.53,0.138,,,,
69.828,ROTATION_SCAN,3.4605,-2.0424,0.097,90.55,-0.18,1.56,-0.0,-0.0052,-0.0049,0.0853,,1.53,0.138,,,,
69.864,ROTATION_SCAN,3.4591,-2.044,0.097,90.85,-0.05,0.91,-0.0,-0.0115,-0.0219,0.0755,,1.524,0.138,,,,
69.931,ROTATION_SCAN,3.4587,-2.046,0.103,90.95,0.34,0.56,-0.0,-0.0092,-0.031,0.0774,,1.524,0.138,,,,
69.966,ROTATION_SCAN,3.4584,-2.0484,0.11,91.05,0.3,0.12,-0.0,-0.0044,-0.0366,0.1056,,1.528,0.146,,,,
70.019,ROTATION_SCAN,3.4585,-2.0517,0.116,90.99,0.58,-0.29,-0.0,0.0008,-0.0411,0.1192,,1.528,0.146,,,,
70.065,ROTATION_SCAN,3.4586,-2.0539,0.126,90.73,0.56,-0.42,-0.0,0.0055,-0.039,0.1112,,1.534,,,,,
70.118,ROTATION_SCAN,3.4598,-2.0553,0.129,90.5,0.76,-0.5,-0.0,0.0146,-0.0329,0.1269,,1.534,,,,,
70.195,ROTATION_SCAN,3.4619,-2.056,0.136,90.72,0.43,-0.27,-0.0,0.0255,-0.0251,0.1252,1.102,1.529,,,,,
70.214,ROTATION_SCAN,3.4643,-2.0564,0.143,91.24,0.57,0.08,-0.0,0.0342,-0.0206,0.1184,1.102,1.529,,,,,
70.295,ROTATION_SCAN,3.4687,-2.0574,0.15,92.0,0.36,-0.0,-0.0,0.0489,-0.0228,0.1233,,1.522,0.557,,,,
70.317,ROTATION_SCAN,3.4735,-2.0585,0.161,92.25,0.02,-0.04,-0.0,0.0598,-0.0233,0.1413,,1.522,0.557,,,,
70.394,ROTATION_SCAN,3.4782,-2.0591,0.171,92.15,-0.78,0.32,-0.0,0.0642,-0.0226,0.1596,,1.518,0.558,,,,
70.418,ROTATION_SCAN,3.4826,-2.0596,0.181,91.92,-1.13,0.23,-0.0,0.0611,-0.0245,0.1731,,1.518,0.558,,,,
70.469,ROTATION_SCAN,3.4868,-2.0611,0.187,91.52,-1.06,-0.32,-0.0,0.0568,-0.0254,0.1792,,1.509,0.565,,,,
70.518,ROTATION_SCAN,3.4907,-2.0609,0.195,91.08,-0.79,-0.67,-0.0,0.0534,-0.0173,0.1654,,1.509,0.565,,,,
70.574,ROTATION_SCAN,3.4954,-2.0613,0.194,90.7,-0.76,-0.89,-0.0,0.0539,-0.0112,0.1661,,1.524,0.572,,,,
70.633,ROTATION_SCAN,3.4998,-2.06,0.204,90.51,-0.95,-0.79,-0.0,0.0529,0.0,0.1352,,1.524,0.572,,,,
70.672,ROTATION_SCAN,3.504,-2.0583,0.208,90.56,-1.16,-0.37,-0.0,0.0483,0.0084,0.1465,,1.516,0.586,,,,
70.722,ROTATION_SCAN,3.507,-2.0569,0.222,90.71,-1.29,-0.21,-0.0,0.0392,0.0131,0.1588,,1.516,0.586,,,,
70.784,ROTATION_SCAN,3.5109,-2.0551,0.233,90.77,-1.33,-0.39,-0.0,0.0344,0.0171,0.1664,,1.512,0.587,,,,
70.819,ROTATION_SCAN,3.5136,-2.0527,0.24,90.75,-1.13,-0.31,-0.0,0.026,0.0233,0.1785,,1.512,0.587,,,,
70.873,ROTATION_SCAN,3.5181,-2.0493,0.247,90.78,-1.48,0.04,-0.0,0.0252,0.0286,0.1757,,1.521,0.596,,,,
70.917,ROTATION_SCAN,3.5201,-2.0471,0.262,90.93,-1.44,0.21,-0.0,0.0143,0.0284,0.1767,,1.521,0.596,,,,
70.969,ROTATION_SCAN,3.5234,-2.0447,0.269,91.02,-1.46,0.38,-0.0,0.0104,0.0278,0.1854,,1.525,0.596,,,,
71.022,ROTATION_SCAN,3.5243,-2.042,0.278,91.05,-1.47,0.45,-0.0,-0.0008,0.0267,0.1714,,1.525,0.596,,,,
71.084,ROTATION_SCAN,3.5242,-2.0402,0.287,90.99,-1.42,0.31,-0.0,-0.0123,0.0245,0.1627,,1.529,0.597,,,,
71.118,ROTATION_SCAN,3.522,-2.0392,0.294,90.98,-1.22,0.17,-0.0,-0.027,0.0216,0.1512,,1.529,0.597,,,,
71.181,ROTATION_SCAN,3.5221,-2.0367,0.301,90.97,-0.55,0.29,-0.0,-0.0309,0.0228,0.1464,,1.53,0.595,,,,
71.216,ROTATION_SCAN,3.5218,-2.0332,0.307,91.02,-0.39,0.46,-0.0,-0.0322,0.0243,0.1371,,1.53,0.595,,,,
71.296,ROTATION_SCAN,3.5198,-2.0326,0.311,91.09,-0.13,0.57,-0.0,-0.0351,0.0195,0.1217,,1.528,0.591,,,,
71.314,ROTATION_SCAN,3.5164,-2.032,0.32,91.19,-0.13,0.89,-0.0,-0.0397,0.013,0.1019,,1.528,0.591,,,,
71.363,ROTATION_SCAN,3.5126,-2.0303,0.331,91.25,-0.05,0.69,-0.0,-0.0449,0.0082,0.0967,,1.535,0.587,,,,
71.423,ROTATION_SCAN,3.5093,-2.0318,0.329,91.22,0.19,0.4,-0.0,-0.0467,-0.0,0.095,,1.535,0.587,,,,
71.482,LANDING_ON_PAD,3.5046,-2.0329,0.332,91.12,0.28,0.21,-0.0,-0.05,-0.005,0.0706,,1.537,0.577,,,3.72,-1.46
71.536,LANDING_ON_PAD,3.5006,-2.0339,0.335,91.14,0.44,0.1,-0.0,-0.0503,-0.008,0.0495,,1.537,0.577,,,3.72,-1.46
71.566,LANDING_ON_PAD,3.497,-2.0354,0.336,91.16,0.35,-0.1,-0.0,-0.0494,-0.0102,0.0372,,1.531,0.571,,,3.72,-1.46
71.628,LANDING_ON_PAD,3.4936,-2.0348,0.339,91.24,0.69,-0.74,-0.0,-0.0478,-0.0058,0.0244,,1.531,0.571,,,3.72,-1.46
71.691,LANDING_ON_PAD,3.4894,-2.0363,0.339,91.4,1.18,-1.33,-0.0,-0.0448,0.0003,0.0192,,1.542,0.568,,,3.72,-1.46
71.721,LANDING_ON_PAD,3.4849,-2.0362,0.338,91.51,1.27,-1.3,-0.0,-0.0394,0.0114,0.0163,,1.542,0.568,,,3.72,-1.46
71.791,LANDING_ON_PAD,3.4819,-2.0343,0.341,91.65,1.37,-1.22,-0.0,-0.0309,0.0244,0.0014,,1.536,0.556,,,3.72,-1.46
71.822,LANDING_ON_PAD,3.478,-2.0327,0.339,91.82,1.37,-1.4,-0.0,-0.0248,0.0362,0.0012,,1.536,0.556,,,3.72,-1.46
71.865,LANDING_ON_PAD,3.4762,-2.0299,0.339,91.99,1.28,-1.65,-0.0,-0.0155,0.0506,-0.0086,,1.539,0.56,,,3.72,-1.46
71.914,LANDING_ON_PAD,3.4739,-2.0239,0.337,92.18,1.31,-1.43,-0.0,-0.0079,0.0716,-0.0152,,1.539,0.56,,,3.72,-1.46
71.966,LANDING_ON_PAD,3.4733,-2.0206,0.334,92.28,1.41,-0.84,-0.0,0.0025,0.0807,-0.0183,,1.546,0.556,,,3.72,-1.46
72.045,LANDING_ON_PAD,3.4712,-2.0165,0.338,92.39,1.39,-0.63,-0.0,0.0097,0.0878,-0.0312,,1.546,0.556,,,3.72,-1.46
72.091,LANDING_ON_PAD,3.4709,-2.0123,0.335,92.4,1.17,-0.4,-0.0,0.0187,0.0922,-0.0214,,1.553,0.559,,,3.72,-1.46
72.188,LANDING_ON_PAD,3.4735,-2.0066,0.337,92.28,1.1,-0.14,-0.0,0.0308,0.0974,-0.0182,,1.553,0.559,,,3.72,-1.46
72.216,LANDING_ON_PAD,3.4729,-2.0013,0.334,92.18,1.06,0.06,-0.0,0.0362,0.0991,-0.016,,1.558,0.567,,,3.72,-1.46
72.288,LANDING_ON_PAD,3.4746,-1.9973,0.331,92.14,0.92,-0.05,-0.0,0.044,0.0973,-0.0222,,1.558,0.567,,,3.72,-1.46
72.348,LANDING_ON_PAD,3.4781,-1.9913,0.333,92.01,0.82,0.02,-0.0,0.0536,0.1003,-0.0304,,1.566,0.572,,,3.72,-1.46
72.36,LANDING_ON_PAD,3.4798,-1.986,0.327,91.8,0.58,-0.07,-0.0,0.0577,0.1011,-0.0228,,1.566,0.572,,,3.72,-1.46
72.388,LANDING_ON_PAD,3.4828,-1.9819,0.33,91.72,0.19,-0.41,-0.0,0.0614,0.1006,-0.0359,,1.577,0.581,,,3.72,-1.46
72.449,LANDING_ON_PAD,3.4861,-1.9783,0.326,91.69,-0.18,0.04,-0.0,0.062,0.1,-0.0256,,1.577,0.581,,,3.72,-1.46
72.487,LANDING_ON_PAD,3.4896,-1.9712,0.327,91.66,-0.31,0.1,-0.0,0.0608,0.103,-0.0277,,1.583,0.593,,,3.72,-1.46
72.543,LANDING_ON_PAD,3.492,-1.9676,0.325,91.7,-0.12,-0.02,-0.0,0.0575,0.0991,-0.0223,,1.583,0.593,,,3.72,-1.46
72.564,LANDING_ON_PAD,3.4944,-1.9615,0.323,91.79,-0.12,-0.04,-0.0,0.0561,0.1022,-0.0191,,1.594,0.607,,,3.72,-1.46
72.626,LANDING_ON_PAD,3.4966,-1.9555,0.321,91.91,-0.31,0.28,-0.0,0.0539,0.1033,-0.0225,,1.594,0.607,,,3.72,-1.46
72.681,LANDING_ON_PAD,3.4974,-1.9512,0.325,92.02,-0.61,0.63,-0.0,0.0461,0.098,-0.0251,,1.602,0.611,,,3.72,-1.46
72.72,LANDING_ON_PAD,3.4992,-1.9476,0.323,92.1,-0.2,0.59,-0.0,0.0413,0.0901,-0.0041,,1.602,0.611,,,3.72,-1.46
72.763,LANDING_ON_PAD,3.4996,-1.9442,0.323,92.16,0.15,0.59,-0.0,0.0373,0.083,0.0013,,1.605,0.62,,,3.72,-1.46
72.838,LANDING_ON_PAD,3.5008,-1.9384,0.324,92.13,0.36,0.5,-0.0,0.0385,0.0821,0.0038,,1.605,0.62,,,3.72,-1.46
72.872,LANDING_ON_PAD,3.5017,-1.9347,0.326,92.16,0.48,0.54,-0.0,0.0407,0.0772,0.0061,,1.605,0.633,,,3.72,-1.46
72.937,LANDING_ON_PAD,3.5027,-1.931,0.324,92.33,0.37,0.67,-0.0,0.0425,0.0718,0.0074,,1.605,0.633,,,3.72,-1.46
72.971,LANDING_ON_PAD,3.5044,-1.9283,0.327,92.48,0.3,0.46,-0.0,0.0447,0.0663,-0.0007,,1.617,0.634,,,3.72,-1.46
73.057,LANDING_ON_PAD,3.507,-1.9246,0.321,92.57,0.47,0.33,-0.0,0.0474,0.0631,0.0057,,1.617,0.634,,,3.72,-1.46
73.087,LANDING_ON_PAD,3.5078,-1.9233,0.323,92.7,0.13,0.27,-0.0,0.0503,0.0574,-0.0149,,1.616,0.64,,,3.72,-1.46
73.124,LANDING_ON_PAD,3.5116,-1.9204,0.325,92.87,0.16,0.23,-0.0,0.0492,0.056,-0.011,,1.616,0.64,,,3.72,-1.46
73.181,LANDING_ON_PAD,3.5139,-1.9178,0.325,93.02,0.22,-0.1,-0.0,0.0531,0.0538,0.0009,,1.619,0.648,,,3.72,-1.46
73.224,LANDING_ON_PAD,3.5181,-1.9157,0.321,93.21,0.17,-0.22,-0.0,0.0541,0.055,-0.0082,,1.619,0.648,,,3.72,-1.46
73.266,LANDING_ON_PAD,3.519,-1.9126,0.322,93.36,0.32,-0.3,-0.0,0.0538,0.0574,-0.014,,1.622,0.653,,,3.72,-1.46
73.323,LANDING_ON_PAD,3.5209,-1.9108,0.321,93.43,0.37,-0.29,-0.0,0.0561,0.0589,-0.0132,,1.622,0.653,,,3.72,-1.46
73.387,LANDING_ON_PAD,3.5255,-1.9063,0.323,93.52,-0.0,-0.31,-0.0,0.0643,0.0619,-0.0176,,1.63,0.658,,,3.72,-1.46
73.416,LANDING_ON_PAD,3.5289,-1.9039,0.32,93.56,-0.43,-0.23,-0.0,0.0612,0.062,-0.0151,,1.63,0.658,,,3.72,-1.46
73.482,LANDING_ON_PAD,3.5331,-1.9008,0.317,93.42,-0.84,-0.14,-0.0,0.058,0.0653,-0.0173,,1.625,0.667,,,3.72,-1.46
73.542,LANDING_ON_PAD,3.5355,-1.8983,0.318,93.02,-0.75,-0.19,-0.0,0.0504,0.0648,-0.0226,,1.625,0.667,,,3.72,-1.46
73.594,LANDING_ON_PAD,3.5365,-1.8954,0.318,92.52,-0.88,-0.44,-0.0,0.0428,0.0651,-0.0221,,1.634,0.705,,,3.72,-1.46
73.613,LANDING_ON_PAD,3.5379,-1.8945,0.317,92.03,-0.08,-0.67,-0.0,0.034,0.0656,-0.0059,,1.634,0.705,,,3.72,-1.46
73.674,LANDING_ON_PAD,3.5368,-1.8921,0.315,91.59,0.48,-0.68,-0.0,0.0299,0.0696,-0.0027,,1.64,0.759,,,3.72,-1.46
73.728,LANDING_ON_PAD,3.538,-1.8901,0.314,91.24,0.21,-0.84,-0.0,0.0324,0.0729,-0.0186,,1.64,0.759,,,3.72,-1.46
73.779,LANDING_ON_PAD,3.5404,-1.8841,0.316,90.92,-0.06,-0.8,-0.0,0.0343,0.0841,-0.0266,,1.643,0.856,,,3.72,-1.46
73.835,LANDING_ON_PAD,3.5437,-1.8797,0.318,90.55,-0.41,-0.67,-0.0,0.0357,0.0905,-0.0156,,1.643,0.856,,,3.72,-1.46
73.864,LANDING_ON_PAD,3.5459,-1.875,0.314,90.26,-0.23,-0.68,-0.0,0.0319,0.0957,-0.0086,,1.657,1.3,,,3.72,-1.46
73.917,LANDING_ON_PAD,3.5457,-1.8713,0.313,90.22,0.02,-0.73,-0.0,0.0288,0.0998,-0.017,,1.657,1.3,,,3.72,-1.46
73.968,LANDING_ON_PAD,3.5449,-1.8669,0.315,90.48,0.4,-0.58,-0.0,0.0243,0.1029,-0.0183,,1.663,1.348,,,3.72,-1.46
74.033,LANDING_ON_PAD,3.5451,-1.8633,0.314,90.7,0.74,-0.46,-0.0,0.0281,0.1054,-0.0038,,1.663,1.348,,,3.72,-1.46
74.085,LANDING_ON_PAD,3.5459,-1.8594,0.313,90.85,1.04,-0.12,-0.0,0.0326,0.1036,-0.0014,,1.669,1.369,,,3.72,-1.46
74.134,LANDING_ON_PAD,3.5479,-1.8553,0.311,91.03,0.82,0.17,-0.0,0.0421,0.1036,-0.0112,,1.669,1.369,,,3.72,-1.46
74.177,LANDING_ON_PAD,3.5504,-1.8517,0.314,91.31,0.75,0.49,-0.0,0.0495,0.0992,-0.0168,,1.672,1.371,,,3.72,-1.46
74.219,LANDING_ON_PAD,3.554,-1.847,0.313,91.56,0.53,0.73,-0.0,0.0577,0.0926,-0.0074,,1.672,1.371,,,3.72,-1.46
74.27,LANDING_ON_PAD,3.5578,-1.8436,0.311,91.75,0.72,0.66,-0.0,0.0653,0.0819,-0.0019,,1.67,1.372,,,3.72,-1.46
74.335,LANDING_ON_PAD,3.5612,-1.8421,0.313,91.95,0.76,0.66,-0.0,0.0715,0.0725,-0.0027,,1.67,1.372,,,3.72,-1.46
74.369,LANDING_ON_PAD,3.566,-1.8403,0.312,92.07,0.29,0.29,-0.0,0.0774,0.0645,-0.0029,,1.678,1.376,,,3.72,-1.46
74.438,LANDING_ON_PAD,3.5713,-1.8385,0.313,92.15,0.21,-0.26,-0.0,0.0837,0.0611,0.0022,,1.678,1.376,,,3.72,-1.46
74.463,LANDING_ON_PAD,3.5772,-1.8371,0.312,92.25,0.08,-0.38,-0.0,0.0888,0.0606,0.0002,,1.679,1.386,,,3.72,-1.46
74.531,LANDING_ON_PAD,3.5822,-1.836,0.314,92.44,-0.4,-0.32,-0.0,0.0891,0.0586,-0.0088,,1.679,1.386,,,3.72,-1.46
74.595,LANDING_ON_PAD,3.5874,-1.8337,0.313,92.64,-0.66,-0.23,-0.0,0.0865,0.0591,-0.0065,,1.683,1.398,,,3.72,-1.46
74.635,LANDING_ON_PAD,3.5921,-1.8311,0.315,93.01,-0.67,-0.58,-0.0,0.0813,0.0611,-0.0034,,1.683,1.398,,,3.72,-1.46
74.7,LANDING_ON_PAD,3.5958,-1.8296,0.314,93.66,-0.55,-0.39,-0.0,0.0763,0.0625,0.0018,,1.684,1.339,,,3.72,-1.46
74.74,LANDING_ON_PAD,3.6019,-1.8267,0.313,94.28,-0.84,-0.65,-0.0,0.0758,0.0647,0.0009,,1.684,1.339,,,3.72,-1.46
74.768,LANDING_ON_PAD,3.6063,-1.8233,0.311,94.71,-0.88,-0.86,-0.0,0.0685,0.0699,-0.0097,,1.683,,,,3.72,-1.46
74.842,LANDING_ON_PAD,3.6078,-1.8196,0.313,94.77,-0.63,-0.9,-0.0,0.0581,0.0772,-0.0096,,1.683,,,,3.72,-1.46
74.864,LANDING_ON_PAD,3.6111,-1.8158,0.308,94.65,-0.54,-0.39,-0.0,0.0536,0.083,-0.0097,,1.684,,,,3.72,-1.46
74.917,LANDING_ON_PAD,3.612,-1.812,0.312,94.19,-0.7,-0.26,-0.0,0.0446,0.084,-0.029,,1.684,,,,3.72,-1.46
74.965,LANDING_ON_PAD,3.6139,-1.8082,0.31,93.68,-0.71,-0.12,-0.0,0.0381,0.0838,-0.0255,,1.696,1.435,,,3.72,-1.46
75.014,LANDING_ON_PAD,3.6154,-1.8042,0.311,93.1,-0.83,-0.09,-0.0,0.0311,0.0841,-0.0185,,1.696,1.435,,,3.72,-1.46
75.078,LANDING_ON_PAD,3.6163,-1.7998,0.313,92.69,-0.67,0.07,-0.0,0.0234,0.0857,-0.022,,1.705,1.5,,,3.72,-1.46
75.119,LANDING_ON_PAD,3.6168,-1.7952,0.31,92.47,-0.39,-0.06,-0.0,0.0177,0.0846,-0.0149,,1.705,1.5,,,3.72,-1.46
75.175,LANDING_ON_PAD,3.6168,-1.7917,0.307,92.34,-0.62,-0.13,-0.0,0.0106,0.0847,-0.0247,,1.713,1.498,,,3.72,-1.46
75.24,LANDING_ON_PAD,3.6168,-1.7866,0.301,92.22,-0.81,-0.25,-0.0,0.0048,0.0868,-0.0319,,1.713,1.498,,,3.72,-1.46
75.28,LANDING_ON_PAD,3.6177,-1.7837,0.302,92.07,-0.94,-0.41,-0.0,-0.0021,0.0862,-0.0431,,1.723,1.509,,,3.72,-1.46
75.364,LANDING_ON_PAD,3.6154,-1.7805,0.299,91.86,-0.75,-0.48,-0.0,-0.0134,0.0869,-0.0324,,1.723,1.509,,,3.72,-1.46
75.376,LANDING_ON_PAD,3.6129,-1.7749,0.3,91.67,-0.83,-0.54,-0.0,-0.0246,0.0938,-0.0352,,1.729,1.513,,,3.72,-1.46
75.411,LANDING_ON_PAD,3.6103,-1.772,0.297,91.63,-0.59,-0.43,-0.0,-0.0339,0.0938,-0.028,,1.729,1.513,,,3.72,-1.46
75.475,LANDING_ON_PAD,3.6074,-1.7678,0.293,91.69,-0.27,-0.32,-0.0,-0.0406,0.0958,-0.0297,,1.737,1.509,,,3.72,-1.46
75.512,LANDING_ON_PAD,3.6029,-1.7618,0.294,91.85,0.12,-0.28,-0.0,-0.0483,0.1007,-0.0303,,1.737,1.509,,,3.72,-1.46
75.577,LANDING_ON_PAD,3.6008,-1.7573,0.296,92.1,0.7,-0.19,-0.0,-0.0451,0.1019,-0.0176,,1.742,1.501,,,3.72,-1.46
75.612,LANDING_ON_PAD,3.5979,-1.7522,0.296,92.5,0.91,0.19,-0.0,-0.0398,0.1025,-0.0091,,1.742,1.501,,,3.72,-1.46
75.675,LANDING_ON_PAD,3.5963,-1.7478,0.295,93.04,1.19,0.3,-0.0,-0.0307,0.0986,-0.0104,,1.753,1.488,,,3.72,-1.46
75.713,LANDING_ON_PAD,3.5947,-1.7444,0.296,93.56,1.2,0.3,-0.0,-0.021,0.093,-0.0071,,1.753,1.488,,,3.72,-1.46
75.774,LANDING_ON_PAD,3.5944,-1.7393,0.292,93.86,0.87,0.21,-0.0,-0.0106,0.0922,-0.0003,,1.754,1.482,,,3.72,-1.46
75.829,LANDING_ON_PAD,3.5942,-1.7357,0.294,94.12,0.64,-0.02,-0.0,-0.0032,0.0888,-0.017,,1.754,1.482,,,3.72,-1.46
75.865,LANDING_ON_PAD,3.5958,-1.7296,0.293,94.14,0.29,0.02,-0.0,0.0055,0.0942,-0.0089,,1.763,1.484,,,3.72,-1.46
75.921,LANDING_ON_PAD,3.5953,-1.7245,0.297,94.14,0.02,-0.17,-0.0,0.005,0.0954,-0.0035,,1.763,1.484,,,3.72,-1.46
75.975,LANDING_ON_PAD,3.5962,-1.7207,0.298,94.13,0.17,-0.22,-0.0,0.0069,0.0948,0.012,,1.772,1.489,,,3.72,-1.46
76.038,LANDING_ON_PAD,3.5955,-1.7177,0.296,94.12,0.28,0.03,-0.0,0.0055,0.0905,0.0097,,1.772,1.489,,,3.72,-1.46
76.09,LANDING_ON_PAD,3.5951,-1.713,0.299,94.18,0.82,-0.07,-0.0,0.0075,0.0914,0.0002,,1.779,1.487,,,3.72,-1.46
76.121,LANDING_ON_PAD,3.5951,-1.7091,0.296,94.22,1.03,-0.19,-0.0,0.0141,0.091,0.0108,,1.779,1.487,,,3.72,-1.46
76.169,LANDING_ON_PAD,3.5954,-1.704,0.298,94.25,1.06,-0.16,-0.0,0.021,0.0947,0.0028,,1.786,1.493,,,3.72,-1.46
76.239,LANDING_ON_PAD,3.5961,-1.6994,0.298,94.18,1.2,0.08,-0.0,0.0291,0.0948,0.0055,,1.786,1.493,,,3.72,-1.46
76.27,LANDING_ON_PAD,3.5966,-1.6943,0.299,93.95,1.37,0.1,-0.0,0.0372,0.0962,0.0157,,1.794,1.498,,,3.72,-1.46
76.33,LANDING_ON_PAD,3.5983,-1.6896,0.299,93.78,0.8,0.27,-0.0,0.0461,0.0949,0.0129,,1.794,1.498,,,3.72,-1.46
76.387,LANDING_ON_PAD,3.6018,-1.6862,0.297,93.69,0.37,0.17,-0.0,0.0535,0.0893,0.021,,1.799,1.495,,,3.72,-1.46
76.413,LANDING_ON_PAD,3.6042,-1.6806,0.299,93.62,0.71,0.05,-0.0,0.057,0.0921,0.0181,,1.799,1.495,,,3.72,-1.46
76.489,LANDING_ON_PAD,3.6076,-1.6772,0.299,93.58,0.69,-0.07,-0.0,0.0638,0.0889,0.0197,,1.808,1.493,,,3.72,-1.46
76.517,LANDING_ON_PAD,3.6093,-1.6723,0.303,93.51,0.51,0.09,-0.0,0.0654,0.0902,0.0187,,1.808,1.493,,,3.72,-1.46
76.583,LANDING_ON_PAD,3.6114,-1.6685,0.306,93.33,0.51,0.3,-0.0,0.0662,0.0869,0.0214,,1.814,1.499,,,3.72,-1.46
76.615,LANDING_ON_PAD,3.6144,-1.6644,0.307,93.06,0.47,0.25,-0.0,0.0696,0.084,0.0243,,1.814,1.499,,,3.72,-1.46
76.68,LANDING_ON_PAD,3.6175,-1.6606,0.311,92.74,0.09,0.2,-0.0,0.071,0.081,0.0155,,1.827,1.511,,,3.72,-1.46
76.716,LANDING_ON_PAD,3.6202,-1.6564,0.31,92.21,0.07,0.34,-0.0,0.0691,0.0798,0.0152,,1.827,1.511,,,3.72,-1.46
76.785,LANDING_ON_PAD,3.6233,-1.6518,0.313,91.52,0.11,0.3,-0.0,0.0687,0.0786,0.0173,,1.834,1.523,,,3.72,-1.46
76.814,LANDING_ON_PAD,3.627,-1.6471,0.312,90.72,0.24,0.2,-0.0,0.0709,0.079,0.0156,,1.834,1.523,,,3.72,-1.46
76.888,LANDING_ON_PAD,3.6306,-1.643,0.312,89.88,0.54,0.15,-0.0,0.074,0.0776,0.0179,,1.846,1.534,,,3.72,-1.46
76.914,LANDING_ON_PAD,3.6329,-1.6383,0.312,89.14,0.71,-0.05,-0.0,0.0751,0.0795,0.0113,,1.846,1.534,,,3.72,-1.46
76.987,LANDING_ON_PAD,3.6368,-1.635,0.312,88.48,0.29,0.06,-0.0,0.08,0.0777,0.0076,,1.858,1.547,,,3.72,-1.46
77.02,LANDING_ON_PAD,3.64,-1.6323,0.314,88.11,0.09,0.0,-0.0,0.0796,0.0738,0.0066,,1.858,1.547,,,3.72,-1.46
77.104,LANDING_ON_PAD,3.643,-1.6311,0.312,88.11,-0.1,-0.28,-0.0,0.0773,0.0688,0.0018,,1.866,1.56,,,3.72,-1.46
77.114,LANDING_ON_PAD,3.6474,-1.6283,0.311,88.34,-0.22,-0.52,-0.0,0.0774,0.0701,-0.0108,,1.866,1.56,,,3.72,-1.46
77.169,LANDING_ON_PAD,3.6504,-1.626,0.311,88.68,-0.67,-0.63,-0.0,0.0724,0.0719,-0.0234,,1.871,1.562,,,3.72,-1.46
77.236,LANDING_ON_PAD,3.6524,-1.6233,0.309,89.0,-0.76,-0.84,-0.0,0.0629,0.0756,-0.0219,,1.871,1.562,,,3.72,-1.46
77.264,LANDING_ON_PAD,3.6545,-1.6192,0.309,89.19,-1.19,-0.48,-0.0,0.0534,0.0823,-0.0302,,1.876,1.558,,,3.72,-1.46
77.328,LANDING_ON_PAD,3.6561,-1.6143,0.307,89.18,-1.36,-0.42,-0.0,0.0404,0.0879,-0.0269,,1.876,1.558,,,3.72,-1.46
77.37,LANDING_ON_PAD,3.6555,-1.6113,0.305,89.01,-1.1,-0.55,-0.0,0.0246,0.089,-0.0299,,1.885,1.561,,,3.72,-1.46
77.434,LANDING_ON_PAD,3.6535,-1.6091,0.303,88.89,-0.67,-0.52,-0.0,0.01,0.0892,-0.0308,,1.885,1.561,,,3.72,-1.46
77.47,LANDING_ON_PAD,3.6515,-1.6049,0.307,88.81,-0.4,-0.25,-0.0,0.0001,0.0925,-0.0273,,1.885,1.57,,,3.72,-1.46
77.534,LANDING_ON_PAD,3.6491,-1.6021,0.301,88.8,0.04,-0.05,-0.0,-0.0075,0.0906,-0.0134,,1.885,1.57,,,3.72,-1.46
77.568,LANDING_ON_PAD,3.6465,-1.5974,0.3,88.74,0.37,0.21,-0.0,-0.0105,0.0907,-0.0197,,1.895,1.563,,,3.72,-1.46
77.634,LANDING_ON_PAD,3.6447,-1.5935,0.3,88.84,0.37,0.38,-0.0,-0.0106,0.0865,-0.0192,,1.895,1.563,,,3.72,-1.46
77.662,LANDING_ON_PAD,3.6431,-1.5899,0.302,88.93,0.83,0.24,-0.0,-0.0088,0.0826,-0.0091,,1.9,1.56,,,3.72,-1.46
77.711,LANDING_ON_PAD,3.641,-1.587,0.302,88.96,0.79,0.31,-0.0,-0.0056,0.0777,-0.0046,,1.9,1.56,,,3.72,-1.46
77.763,LANDING_ON_PAD,3.6411,-1.5827,0.303,88.96,0.79,0.43,-0.0,0.0013,0.075,-0.0006,,1.904,1.56,,,3.72,-1.46
77.84,LANDING_ON_PAD,3.6402,-1.5799,0.303,89.09,1.19,0.32,-0.0,0.007,0.0697,0.0006,,1.904,1.56,,,3.72,-1.46
77.894,LANDING_ON_PAD,3.641,-1.5755,0.302,89.27,1.15,0.41,-0.0,0.0177,0.0688,0.0017,,1.915,1.559,,,3.72,-1.46
77.922,LANDING_ON_PAD,3.6416,-1.5726,0.303,89.52,1.19,0.44,-0.0,0.0262,0.0639,-0.003,,1.915,1.559,,,3.72,-1.46
77.963,LANDING_ON_PAD,3.6442,-1.569,0.301,89.83,1.02,0.24,-0.0,0.038,0.0623,-0.0006,,1.907,1.554,,,3.72,-1.46
78.017,LANDING_ON_PAD,3.6482,-1.5693,0.301,90.01,1.05,0.14,-0.0,0.0512,0.0525,-0.0018,,1.907,1.554,,,3.72,-1.46
78.09,LANDING_ON_PAD,3.6526,-1.5676,0.301,90.14,0.81,0.28,-0.0,0.0633,0.0481,-0.0046,,1.915,1.569,,,3.72,-1.46
78.139,LANDING_ON_PAD,3.6559,-1.567,0.304,90.39,0.52,0.21,-0.0,0.0692,0.0415,0.0023,,1.915,1.569,,,3.72,-1.46
78.162,LANDING_ON_PAD,3.6606,-1.5668,0.305,90.63,0.53,-0.14,-0.0,0.076,0.0362,0.0115,,1.907,1.569,,,3.72,-1.46
78.232,LANDING_ON_PAD,3.6636,-1.5662,0.304,90.71,0.19,-0.39,-0.0,0.0776,0.0352,0.0078,,1.907,1.569,,,3.72,-1.46
78.263,LANDING_ON_PAD,3.6676,-1.5674,0.308,90.61,0.18,-0.67,-0.0,0.0793,0.032,0.0021,,1.911,1.573,,,3.72,-1.46
78.329,LANDING_ON_PAD,3.6719,-1.5665,0.304,90.31,0.13,-0.75,-0.0,0.0814,0.0359,0.0057,,1.911,1.573,,,3.72,-1.46
78.383,LANDING_ON_PAD,3.6767,-1.5676,0.305,89.94,0.06,-1.05,-0.0,0.0838,0.0359,0.0004,,1.912,1.575,,,3.72,-1.46
78.426,LANDING_ON_PAD,3.6805,-1.5677,0.301,89.64,0.15,-1.38,-0.0,0.0839,0.0408,-0.0058,,1.912,1.575,,,3.72,-1.46
78.477,LANDING_ON_PAD,3.6853,-1.5667,0.304,89.43,0.17,-1.24,-0.0,0.087,0.0488,-0.0111,,1.921,1.593,,,3.72,-1.46
78.567,LANDING_ON_PAD,3.6903,-1.5656,0.307,89.26,0.31,-1.23,-0.0,0.0905,0.0556,-0.002,,1.921,1.593,,,3.72,-1.46
78.582,LANDING_ON_PAD,3.6954,-1.5627,0.309,89.22,0.0,-0.74,-0.0,0.0936,0.0646,0.0114,,1.919,1.601,,,3.72,-1.46
78.616,LANDING_ON_PAD,3.6999,-1.56,0.307,89.34,-0.38,-0.5,-0.0,0.0917,0.0683,0.0161,,1.919,1.601,,,3.72,-1.46
78.678,LANDING_ON_PAD,3.7036,-1.5577,0.308,89.49,-0.49,-0.76,-0.0,0.0867,0.0708,0.0018,,1.919,1.606,,,3.72,-1.46
78.752,LANDING_ON_PAD,3.7069,-1.5567,0.305,89.58,-1.25,-0.6,-0.0,0.0781,0.0708,-0.0048,,1.919,1.606,,,3.72,-1.46
78.802,LANDING_ON_PAD,3.711,-1.5525,0.307,89.56,-1.36,-0.99,-0.0,0.068,0.078,-0.0214,,1.918,1.611,,,3.72,-1.46
78.832,LANDING_ON_PAD,3.7125,-1.549,0.305,89.52,-1.44,-0.97,-0.0,0.0532,0.086,-0.0208,,1.918,1.611,,,3.72,-1.46
78.865,LANDING_ON_PAD,3.7137,-1.5446,0.301,89.42,-1.51,-0.51,-0.0,0.0382,0.093,-0.0204,,1.93,1.62,,,3.72,-1.46
78.928,LANDING_ON_PAD,3.7138,-1.5413,0.302,89.38,-1.67,-0.1,-0.0,0.0209,0.0935,-0.0212,,1.93,1.62,,,3.72,-1.46
78.969,LANDING_ON_PAD,3.7107,-1.5372,0.301,89.48,-1.1,-0.41,-0.0,-0.0002,0.0951,-0.0189,,1.938,1.607,,,3.72,-1.46
79.012,LANDING_ON_PAD,3.7088,-1.5351,0.298,89.84,-0.9,-0.37,-0.0,-0.0126,0.0937,-0.0206,,1.938,1.607,,,3.72,-1.46
79.073,LANDING_ON_PAD,3.7047,-1.5308,0.299,90.42,-0.82,-0.37,-0.0,-0.0273,0.0965,-0.0246,,1.942,1.61,,,3.72,-1.46
79.115,LANDING_ON_PAD,3.6999,-1.526,0.297,91.08,-0.28,-0.36,-0.0,-0.0402,0.0997,-0.0157,,1.942,1.61,,,3.72,-1.46
79.18,LANDING_ON_PAD,3.697,-1.5246,0.298,91.66,0.31,-0.56,-0.0,-0.0425,0.0965,-0.0098,,1.937,1.6,,,3.72,-1.46
79.212,LANDING_ON_PAD,3.6941,-1.5206,0.3,92.16,0.82,-0.56,-0.0,-0.0404,0.0999,-0.0039,,1.937,1.6,,,3.72,-1.46
79.28,LANDING_ON_PAD,3.6911,-1.5154,0.3,92.54,1.41,-0.3,-0.0,-0.0339,0.1041,0.008,,1.942,1.598,,,3.72,-1.46
79.316,LANDING_ON_PAD,3.6894,-1.5101,0.3,92.87,1.73,-0.13,-0.0,-0.0211,0.1069,0.0095,,1.942,1.598,,,3.72,-1.46
79.369,LANDING_ON_PAD,3.6883,-1.5055,0.3,93.13,1.73,-0.05,-0.0,-0.0074,0.1067,0.0038,,1.949,1.592,,,3.72,-1.46
79.419,LANDING_ON_PAD,3.6882,-1.4996,0.301,93.33,1.54,0.02,-0.0,0.0067,0.1092,0.004,,1.949,1.592,,,3.72,-1.46
79.463,LANDING_ON_PAD,3.6903,-1.4942,0.302,93.42,1.67,0.38,-0.0,0.0237,0.1084,0.0075,,1.95,1.586,,,3.72,-1.46
79.511,LANDING_ON_PAD,3.6918,-1.489,0.3,93.43,1.44,0.61,-0.0,0.0375,0.1047,0.0081,,1.95,1.586,,,3.72,-1.46
79.574,LANDING_ON_PAD,3.6936,-1.4856,0.3,93.44,1.25,0.71,-0.0,0.0481,0.0952,0.0032,,1.964,1.59,,,3.72,-1.46
79.614,LANDING_ON_PAD,3.6955,-1.4815,0.299,93.48,1.09,0.87,-0.0,0.0573,0.0875,-0.0018,,1.964,1.59,,,3.72,-1.46
79.672,LANDING_ON_PAD,3.7004,-1.4773,0.302,93.44,0.41,1.04,-0.0,0.0693,0.0804,-0.0053,,1.97,1.599,,,3.72,-1.46
79.753,LANDING_ON_PAD,3.7034,-1.4739,0.303,93.39,-0.52,1.19,-0.0,0.0688,0.0696,0.0045,,1.97,1.599,,,3.72,-1.46
79.76,LANDING_ON_PAD,3.7071,-1.4708,0.301,93.2,-0.81,1.39,-0.0,0.0647,0.0585,0.004,,1.982,1.601,,,3.72,-1.46
79.812,LANDING_ON_PAD,3.7094,-1.4674,0.303,92.96,-0.77,1.48,-0.0,0.0566,0.0482,-0.009,,1.982,1.601,,,3.72,-1.46
79.875,LANDING_ON_PAD,3.7127,-1.466,0.304,92.64,-1.1,1.53,-0.0,0.0511,0.0337,-0.0034,,1.981,1.61,,,3.72,-1.46
79.911,LANDING_ON_PAD,3.7141,-1.4656,0.301,92.26,-1.2,1.22,-0.0,0.0395,0.0181,-0.0014,,1.981,1.61,,,3.72,-1.46
79.975,LANDING_ON_PAD,3.715,-1.4667,0.3,91.97,-1.28,0.78,-0.0,0.0275,0.004,-0.0157,,1.994,1.613,,,3.72,-1.46
80.011,LANDING_ON_PAD,3.7139,-1.4677,0.301,91.78,-1.29,0.36,-0.0,0.0115,-0.0053,-0.0202,,1.994,1.613,,,3.72,-1.46
80.072,LANDING_ON_PAD,3.7127,-1.4694,0.299,91.69,-1.16,0.08,-0.0,-0.0031,-0.0118,-0.0155,,1.993,1.613,,,3.72,-1.46
80.142,LANDING_ON_PAD,3.7094,-1.4676,0.298,91.74,-0.8,-0.19,-0.0,-0.0187,-0.0077,-0.0216,,1.993,1.613,,,3.72,-1.46
80.165,LANDING_ON_PAD,3.7071,-1.4688,0.299,91.83,-0.52,-0.3,-0.0,-0.0278,-0.0085,-0.0221,,1.985,1.61,,,3.72,-1.46
80.215,LANDING_ON_PAD,3.7018,-1.4687,0.296,92.02,-0.1,-0.3,-0.0,-0.0403,-0.0061,-0.0195,,1.985,1.61,,,3.72,-1.46
80.26,LANDING_ON_PAD,3.6985,-1.4677,0.294,92.33,0.35,-0.2,-0.0,-0.0429,-0.0016,-0.0278,,1.989,1.608,,,3.72,-1.46
80.312,LANDING_ON_PAD,3.6949,-1.4671,0.293,92.71,0.55,-0.24,-0.0,-0.0424,0.0029,-0.0364,,1.989,1.608,,,3.72,-1.46
80.379,LANDING_ON_PAD,3.6912,-1.4666,0.293,93.09,0.57,-0.21,-0.0,-0.0416,0.0053,-0.0439,,1.989,1.6,,,3.72,-1.46
80.41,LANDING_ON_PAD,3.6889,-1.4654,0.288,93.44,0.4,-0.12,-0.0,-0.0389,0.0082,-0.0437,,1.989,1.6,,,3.72,-1.46
80.468,LANDING_ON_PAD,3.6843,-1.4626,0.284,93.51,0.8,0.04,-0.0,-0.0409,0.0139,-0.0645,,1.984,1.595,,,3.72,-1.46
80.513,LANDING_ON_PAD,3.681,-1.4619,0.283,93.37,0.73,0.1,-0.0,-0.0363,0.0171,-0.0786,,1.984,1.595,,,3.72,-1.46
80.576,LANDING_ON_PAD,3.6783,-1.4598,0.28,93.13,0.81,0.22,-0.0,-0.0335,0.0162,-0.0854,,1.998,1.584,,,3.72,-1.46
80.612,LANDING_ON_PAD,3.6769,-1.4592,0.272,92.92,0.67,0.43,-0.0,-0.0275,0.0132,-0.0906,,1.998,1.584,,,3.72,-1.46
80.676,LANDING_ON_PAD,3.6736,-1.4577,0.265,92.62,0.94,0.16,-0.0,-0.0264,0.0137,-0.1151,,1.997,1.592,,,3.72,-1.46
80.712,LANDING_ON_PAD,3.6714,-1.4576,0.262,92.24,1.04,0.11,-0.0,-0.0195,0.0107,-0.1298,,1.997,1.592,,,3.72,-1.46
80.776,LANDING_ON_PAD,3.6698,-1.4559,0.258,91.78,0.85,0.45,-0.0,-0.0125,0.0133,-0.136,,2.003,1.585,,,3.72,-1.46
80.816,LANDING_ON_PAD,3.6698,-1.4553,0.246,91.2,0.6,0.56,-0.0,-0.0043,0.0095,-0.1381,,2.003,1.585,,,3.72,-1.46
80.885,LANDING_ON_PAD,3.6719,-1.454,0.239,90.59,1.04,0.17,-0.0,0.0015,0.0098,-0.1621,,2.012,1.603,,,3.72,-1.46
80.924,LANDING_ON_PAD,3.6607,-1.4622,0.23,90.05,0.95,0.48,-0.0,-0.0134,-0.0169,-0.1728,,2.012,1.603,,,3.72,-1.46
80.979,LANDING_ON_PAD,3.6629,-1.4619,0.22,89.43,0.91,0.62,-0.0,0.0006,-0.0179,-0.174,,2.013,1.599,,,3.72,-1.46
81.041,LANDING_ON_PAD,3.6617,-1.4588,0.211,88.86,0.54,0.72,-0.0,0.0041,-0.0127,-0.171,,2.013,1.599,,,3.72,-1.46
81.064,LANDING_ON_PAD,3.6583,-1.4513,0.207,88.26,0.08,0.36,-0.0,-0.0017,0.0044,-0.17,,2.017,1.609,,,3.72,-1.46
81.143,LANDING_ON_PAD,3.6614,-1.4529,0.193,87.82,0.23,0.14,-0.0,0.0067,-0.0025,-0.162,,2.017,1.609,,,3.72,-1.46
81.186,LANDING_ON_PAD,3.6623,-1.4547,0.187,87.66,0.89,-0.29,-0.0,0.0119,-0.0074,-0.1804,,2.038,1.617,,,3.72,-1.46
81.241,LANDING_ON_PAD,3.6657,-1.4578,0.179,87.73,0.75,-0.5,-0.0,0.0262,-0.0119,-0.1842,,2.038,1.617,,,3.72,-1.46
81.288,LANDING_ON_PAD,3.6684,-1.4592,0.179,87.76,0.85,-0.55,-0.0,0.0369,-0.0108,-0.1896,,2.02,1.623,,,3.72,-1.46
81.326,LANDING_ON_PAD,3.6728,-1.4599,0.165,87.9,0.31,-0.15,-0.0,0.0482,-0.0079,-0.1736,,2.02,1.623,,,3.72,-1.46
81.363,LANDING_ON_PAD,3.6778,-1.4606,0.152,88.47,-0.07,-0.16,-0.0,0.0577,-0.0099,-0.2003,,2.028,,,,3.72,-1.46
81.44,LANDING_ON_PAD,3.6806,-1.4632,0.138,89.32,-0.18,0.33,-0.0,0.0569,-0.0165,-0.2202,,2.028,,,,3.72,-1.46
81.47,LANDING_ON_PAD,3.6841,-1.466,0.128,90.14,-1.14,0.62,-0.0,0.0542,-0.0273,-0.2267,,1.998,0.444,,,3.72,-1.46
81.535,LANDING_ON_PAD,3.686,-1.4723,0.112,91.09,-0.98,0.54,-0.0,0.0436,-0.049,-0.2367,,1.998,0.444,,,3.72,-1.46
81.597,LANDING_ON_PAD,3.6898,-1.4753,0.104,92.14,-1.0,-0.05,-0.0,0.0413,-0.0538,-0.2709,,1.991,0.394,,,3.72,-1.46
81.65,LANDING_ON_PAD,3.6896,-1.4808,0.085,93.14,-0.61,-0.69,-0.0,0.0248,-0.0602,-0.2602,,1.991,0.394,,,3.72,-1.46
81.668,LANDING_ON_PAD,3.6876,-1.4852,0.077,94.47,-0.74,-1.5,0.0,0.0022,-0.0564,-0.2608,0.1,1.972,0.384,,,3.72,-1.46
81.743,LANDING_ON_PAD,3.6849,-1.4859,0.049,96.11,-1.69,-2.04,0.0,-0.0257,-0.0296,-0.3907,0.1,1.972,0.384,,,3.72,-1.46
81.763,LANDING_ON_PAD,3.6807,-1.49,0.005,97.97,-3.52,-1.41,0.0,-0.0567,-0.0187,-0.7112,0.102,1.951,0.375,,,3.72,-1.46
81.825,LANDING_ON_PAD,3.675,-1.5211,0.0,99.57,-1.37,0.7,0.0,-0.1228,-0.0978,-0.0737,0.102,1.951,0.375,,,3.72,-1.46
81.873,LANDING_ON_PAD,3.6704,-1.5194,0.001,102.09,-8.49,-1.17,0.0,-0.1086,-0.1003,-0.1593,0.13,,0.349,1.565,,3.72,-1.46
81.937,LANDING_ON_PAD,3.6613,-1.5441,0.01,103.36,0.18,0.71,0.0,-0.1554,-0.1364,-0.0668,0.13,,0.349,1.565,,3.72,-1.46
81.961,LANDING_ON_PAD,3.6542,-1.5646,0.011,103.57,0.49,1.16,0.0,-0.0785,-0.171,-0.0671,0.128,,0.382,,,3.72,-1.46
82.013,LANDING_ON_PAD,3.6501,-1.566,0.009,103.73,0.6,0.97,0.0,-0.0624,-0.1552,-0.027,0.128,,0.382,,,3.72,-1.46
82.067,LANDING_ON_PAD,3.6471,-1.5694,0.012,103.86,0.71,0.78,0.0,-0.0453,-0.1351,-0.0061,0.128,,0.382,,,3.72,-1.46
82.131,LANDING_ON_PAD,3.6449,-1.5746,0.013,103.89,0.81,0.59,0.0,-0.03,-0.1126,0.0167,0.128,,0.382,,,3.72,-1.46
82.192,LANDING_ON_PAD,3.6435,-1.5796,0.01,103.89,0.86,0.47,0.0,-0.0183,-0.0996,0.028,0.127,,0.383,,,3.72,-1.46
82.229,LANDING_ON_PAD,3.6427,-1.5842,0.014,103.88,0.86,0.4,0.0,-0.0105,-0.0935,0.0223,0.127,,0.383,,,3.72,-1.46
82.295,LANDING_ON_PAD,3.6424,-1.5886,0.013,104.12,0.91,0.3,0.0,0.0018,-0.0798,0.0273,0.129,,0.381,,,3.72,-1.46
82.328,LANDING_ON_PAD,3.6421,-1.5931,0.012,104.51,0.92,0.18,0.0,0.0087,-0.0643,0.0231,0.129,,0.381,,,3.72,-1.46
82.377,LANDING_ON_PAD,3.6422,-1.5964,0.013,104.94,0.91,0.13,0.0,0.0145,-0.0567,0.0155,0.127,,0.38,,,3.72,-1.46
82.424,LANDING_ON_PAD,3.6428,-1.5993,0.014,105.36,0.91,0.08,0.0,0.0226,-0.0482,0.0104,0.127,,0.38,,,3.72,-1.46
82.468,LANDING_ON_PAD,3.6438,-1.6016,0.014,105.79,0.92,0.03,0.0,0.0296,-0.04,0.0091,0.132,,0.379,,,3.72,-1.46
82.509,LANDING_ON_PAD,3.6435,-1.6039,0.013,106.19,0.86,-0.04,0.0,0.0273,-0.0303,0.0071,0.132,,0.379,,,3.72,-1.46
82.58,LANDING_ON_PAD,3.6446,-1.6053,0.014,106.62,0.86,-0.08,0.0,0.0332,-0.0237,0.0025,0.129,,0.381,,,3.72,-1.46
82.644,LANDING_ON_PAD,3.644,-1.6069,0.014,107.05,0.8,-0.14,0.0,0.0296,-0.017,0.0019,0.129,,0.381,,,3.72,-1.46
82.672,LANDING_ON_PAD,3.644,-1.6079,0.012,107.48,0.75,-0.18,0.0,0.0289,-0.0113,0.0015,0.129,,0.385,,,3.72,-1.46
82.713,LANDING_ON_PAD,3.6433,-1.6089,0.013,107.91,0.69,-0.22,0.0,0.0258,-0.0059,-0.0037,0.129,,0.385,,,3.72,-1.46
82.78,LANDING_ON_PAD,3.643,-1.6097,0.012,108.36,0.64,-0.24,0.0,0.0235,-0.0031,-0.0046,0.127,,0.381,,,3.72,-1.46
82.833,LANDING_ON_PAD,3.6439,-1.6098,0.013,108.82,0.63,-0.25,0.0,0.0268,0.0013,-0.007,0.127,,0.381,,,3.72,-1.46
82.875,LANDING_ON_PAD,3.6442,-1.6101,0.012,109.28,0.59,-0.26,0.0,0.0267,0.0031,-0.0056,0.131,,0.379,,,3.72,-1.46
82.911,LANDING_ON_PAD,3.6442,-1.6105,0.013,109.74,0.55,-0.28,0.0,0.0252,0.0052,-0.0061,0.131,,0.379,,,3.72,-1.46
82.974,LANDING_ON_PAD,3.6455,-1.6101,0.013,110.22,0.54,-0.28,0.0,0.0292,0.0085,-0.0039,0.13,,0.382,,,3.72,-1.46
83.025,LANDING_ON_PAD,3.6453,-1.6105,0.014,110.68,0.49,-0.29,0.0,0.0263,0.0094,-0.0019,0.13,,0.382,,,3.72,-1.46
83.06,LANDING_ON_PAD,3.6467,-1.6099,0.015,111.16,0.49,-0.3,0.0,0.0297,0.0131,0.001,0.13,,0.386,,,3.72,-1.46
83.126,LANDING_ON_PAD,3.6462,-1.6104,0.013,111.63,0.44,-0.3,0.0,0.0255,0.0132,0.0055,0.13,,0.386,,,3.72,-1.46
83.19,LANDING_ON_PAD,3.6475,-1.6097,0.012,112.11,0.43,-0.31,0.0,0.0286,0.0164,0.0026,0.127,,0.382,,,3.72,-1.46
83.218,LANDING_ON_PAD,3.6466,-1.6105,0.014,112.57,0.37,-0.3,0.0,0.0234,0.0149,-0.0017,0.127,,0.382,,,3.72,-1.46
83.276,LANDING_ON_PAD,3.6461,-1.6109,0.014,113.05,0.32,-0.3,0.0,0.0196,0.0146,0.0007,0.129,,0.383,,,3.72,-1.46
83.318,LANDING_ON_PAD,3.6471,-1.6103,0.014,113.53,0.32,-0.31,0.0,0.0216,0.0164,0.0014,0.129,,0.383,,,3.72,-1.46
83.378,LANDING_ON_PAD,3.6482,-1.6094,0.012,114.02,0.32,-0.31,0.0,0.0234,0.0187,0.0012,0.131,,0.379,,,3.72,-1.46
83.415,LANDING_ON_PAD,3.648,-1.61,0.014,114.5,0.27,-0.3,0.0,0.0211,0.0168,-0.0034,0.131,,0.379,,,3.72,-1.46
83.48,LANDING_ON_PAD,3.6466,-1.6112,0.013,114.98,0.21,-0.29,0.0,0.0156,0.0132,-0.0014,0.128,,0.383,,,3.72,-1.46
83.513,LANDING_ON_PAD,3.6461,-1.6115,0.012,115.46,0.18,-0.29,0.0,0.0128,0.0126,-0.0024,0.128,,0.383,,,3.72,-1.46
83.567,LANDING_ON_PAD,3.6469,-1.611,0.015,115.95,0.18,-0.3,0.0,0.0139,0.0139,-0.0052,0.132,,0.381,,,3.72,-1.46
83.616,LANDING_ON_PAD,3.6458,-1.6121,0.014,116.43,0.13,-0.29,0.0,0.0098,0.0102,0.0007,0.132,,0.381,,,3.72,-1.46
83.671,LANDING_ON_PAD,3.6457,-1.6122,0.012,116.92,0.1,-0.29,0.0,0.009,0.0097,0.0009,0.13,,0.382,,,3.72,-1.46
83.733,LANDING_ON_PAD,3.6454,-1.6126,0.012,117.41,0.08,-0.29,0.0,0.0072,0.0089,-0.0032,0.13,,0.382,,,3.72,-1.46
83.764,LANDING_ON_PAD,3.6452,-1.6129,0.013,117.9,0.06,-0.29,0.0,0.0053,0.0081,-0.0052,0.132,,0.381,,,3.72,-1.46
83.827,LANDING_ON_PAD,3.6449,-1.6129,0.014,118.39,0.04,-0.29,0.0,0.003,0.0079,-0.0033,0.132,,0.381,,,3.72,-1.46
83.861,LANDING_ON_PAD,3.6451,-1.6125,0.014,118.89,0.04,-0.3,0.0,0.0026,0.0095,-0.0004,0.133,,0.385,,,3.72,-1.46
83.922,LANDING_ON_PAD,3.6452,-1.612,0.013,119.39,0.03,-0.31,0.0,0.0025,0.011,0.001,0.133,,0.385,,,3.72,-1.46
83.959,LANDING_ON_PAD,3.645,-1.6126,0.013,119.89,0.01,-0.29,0.0,0.0012,0.0086,-0.0003,0.13,,0.382,,,3.72,-1.46
84.02,LANDING_ON_PAD,3.6455,-1.6124,0.014,120.38,0.01,-0.28,0.0,0.0027,0.0088,-0.0013,0.13,,0.382,,,3.72,-1.46
84.087,LANDING_ON_PAD,3.645,-1.613,0.014,120.88,-0.01,-0.28,0.0,0.0001,0.0064,0.0007,0.129,,0.38,,,3.72,-1.46
84.117,LANDING_ON_PAD,3.6454,-1.6126,0.013,121.39,-0.0,-0.28,0.0,0.0011,0.0076,0.0016,0.129,,0.38,,,3.72,-1.46
84.183,LANDING_ON_PAD,3.6449,-1.6129,0.013,121.89,-0.02,-0.29,0.0,-0.0018,0.0063,-0.0005,0.13,,0.379,,,3.72,-1.46
84.224,LANDING_ON_PAD,3.6449,-1.613,0.013,122.39,-0.03,-0.28,0.0,-0.0021,0.0062,-0.0022,0.13,,0.379,,,3.72,-1.46
84.313,LANDING_ON_PAD,3.6453,-1.6126,0.014,122.9,-0.02,-0.28,0.0,-0.0008,0.0073,-0.0037,0.128,,0.382,,,3.72,-1.46
84.34,LANDING_ON_PAD,3.6454,-1.613,0.012,123.4,-0.02,-0.26,0.0,-0.0011,0.0057,-0.002,0.128,,0.382,,,3.72,-1.46
84.38,LANDING_ON_PAD,3.6446,-1.6137,0.013,123.91,-0.05,-0.26,0.0,-0.0042,0.0039,-0.005,0.129,,0.381,,,3.72,-1.46
84.418,LANDING_ON_PAD,3.645,-1.6135,0.011,124.42,-0.04,-0.26,0.0,-0.0027,0.0048,-0.0045,0.129,,0.381,,,3.72,-1.46
84.493,LANDING_ON_PAD,3.6449,-1.6135,0.012,124.93,-0.05,-0.26,0.0,-0.0031,0.0047,-0.0081,0.127,,0.381,,,3.72,-1.46
84.513,LANDING_ON_PAD,3.6453,-1.6135,0.011,125.44,-0.03,-0.27,0.0,-0.0025,0.0053,-0.0073,0.127,,0.381,,,3.72,-1.46
84.588,LANDING_ON_PAD,3.6449,-1.6135,0.014,125.96,-0.04,-0.26,0.0,-0.005,0.0056,-0.0086,0.13,,0.381,,,3.72,-1.46
84.629,LANDING_ON_PAD,3.6446,-1.6132,0.013,126.47,-0.04,-0.27,0.0,-0.0069,0.0069,-0.0023,0.13,,0.381,,,3.72,-1.46
84.672,LANDING_ON_PAD,3.644,-1.6134,0.014,126.99,-0.07,-0.27,0.0,-0.0095,0.0066,-0.0006,0.13,,0.382,,,3.72,-1.46
84.71,LANDING_ON_PAD,3.6442,-1.6128,0.012,127.5,-0.05,-0.27,0.0,-0.008,0.0095,0.0018,0.13,,0.382,,,3.72,-1.46
84.762,LANDING_ON_PAD,3.6438,-1.6123,0.012,128.02,-0.06,-0.28,0.0,-0.0092,0.0113,-0.0011,0.129,,0.38,,,3.72,-1.46
84.827,LANDING_ON_PAD,3.6433,-1.6117,0.014,128.32,-0.08,-0.29,-0.0,-0.0115,0.013,-0.0031,0.129,,0.38,,,3.72,-1.46
84.888,LANDING_ON_PAD,3.64,-1.6118,0.014,128.24,-0.16,-0.32,-0.0,-0.0235,0.0115,-0.0017,0.13,,0.381,,,3.72,-1.46
84.949,LANDING_ON_PAD,3.6407,-1.6077,0.013,128.29,-0.12,-0.4,-0.0,-0.0195,0.0241,0.0022,0.13,,0.381,,,3.72,-1.46
84.997,LANDING_ON_PAD,3.6403,-1.5998,0.007,128.29,-0.03,-0.41,-0.0,-0.0199,0.0484,0.0058,0.13,,0.382,,,3.72,-1.46
85.011,LANDING_ON_PAD,3.6389,-1.5889,0.0,128.16,0.25,0.14,-0.0,-0.0211,0.0783,0.015,0.13,,0.382,,,3.72,-1.46
85.077,LANDING_ON_PAD,3.643,-1.5803,0.0,128.02,0.42,0.88,-0.0,0.007,0.0941,0.0195,0.129,,0.385,,,3.72,-1.46
85.112,LANDING_ON_PAD,3.6536,-1.5787,0.001,127.92,0.01,1.54,-0.0,0.0538,0.079,0.0512,0.129,,0.385,,,3.72,-1.46
85.177,LANDING_ON_PAD,3.6526,-1.576,0.011,127.94,-0.77,1.31,-0.0,0.0373,0.0458,0.0853,0.127,,0.382,1.077,,3.72,-1.46
85.213,LANDING_ON_PAD,3.6598,-1.5813,0.027,127.81,-0.46,1.46,-0.0,0.0646,0.0055,0.1086,0.127,,0.382,1.077,,3.72,-1.46
85.288,LANDING_ON_PAD,3.673,-1.5931,0.039,127.58,-0.66,1.47,-0.0,0.1203,-0.031,0.1614,0.134,1.737,0.384,1.448,,3.72,-1.46
85.314,LANDING_ON_PAD,3.6793,-1.5935,0.056,127.39,-1.0,0.39,-0.0,0.12,-0.0345,0.1975,0.134,1.737,0.384,1.448,,3.72,-1.46
85.373,LANDING_ON_PAD,3.6822,-1.5911,0.065,127.51,-1.12,-0.62,-0.0,0.1121,-0.0206,0.2159,0.134,1.915,0.386,1.522,,3.72,-1.46
85.427,LANDING_ON_PAD,3.6881,-1.5955,0.082,127.39,-1.06,-0.84,-0.0,0.0887,-0.0421,0.2079,0.134,1.915,0.386,1.522,,3.72,-1.46
85.465,LANDING_ON_PAD,3.692,-1.5987,0.094,127.37,-1.09,-0.82,-0.0,0.0761,-0.0467,0.2207,0.134,1.945,0.39,1.53,,3.72,-1.46
85.531,LANDING_ON_PAD,3.692,-1.5967,0.098,127.28,-1.01,-1.23,-0.0,0.0425,-0.035,0.2278,0.134,1.945,0.39,1.53,,3.72,-1.46
85.562,LANDING_ON_PAD,3.687,-1.5933,0.103,127.18,-0.92,-1.29,-0.0,-0.0108,-0.0192,0.2114,,1.937,0.396,1.527,,3.72,-1.46
85.63,LANDING_ON_PAD,3.6858,-1.5913,0.118,127.03,-0.52,-0.45,-0.0,-0.023,-0.0093,0.1924,,1.937,0.396,1.527,,3.72,-1.46
85.662,LANDING_ON_PAD,3.6848,-1.5903,0.126,126.72,0.05,0.34,-0.0,-0.0241,-0.0046,0.2151,,1.939,0.409,1.539,,3.72,-1.46
85.734,LANDING_ON_PAD,3.6845,-1.5895,0.136,126.7,0.6,0.86,-0.0,-0.0154,-0.0044,0.2271,,1.939,0.409,1.539,,3.72,-1.46
85.762,LANDING_ON_PAD,3.6821,-1.5933,0.149,126.93,-0.03,0.72,-0.0,-0.0171,-0.0204,0.2354,,1.938,0.468,1.531,,3.72,-1.46
85.845,LANDING_ON_PAD,3.6836,-1.5958,0.168,127.12,-0.08,0.8,-0.0,-0.0031,-0.034,0.2503,,1.938,0.468,1.531,,3.72,-1.46
85.863,LANDING_ON_PAD,3.6842,-1.5977,0.174,127.2,-0.13,0.4,-0.0,0.004,-0.0388,0.2659,,1.927,,1.542,,3.72,-1.46
85.923,LANDING_ON_PAD,3.6863,-1.6026,0.19,127.3,-0.26,0.07,-0.0,0.0129,-0.057,0.2478,,1.927,,1.542,,3.72,-1.46
85.976,LANDING_ON_PAD,3.6879,-1.6054,0.193,127.33,-0.08,-0.27,-0.0,0.0153,-0.0569,0.2511,,1.932,1.591,1.552,,3.72,-1.46
86.025,LANDING_ON_PAD,3.6892,-1.6063,0.207,127.47,0.14,-0.5,-0.0,0.0161,-0.0446,0.2301,,1.932,1.591,1.552,,3.72,-1.46
86.078,LANDING_ON_PAD,3.6911,-1.6054,0.218,127.66,0.05,-0.72,-0.0,0.0188,-0.027,0.2263,,1.928,1.603,1.545,,3.72,-1.46
86.112,LANDING_ON_PAD,3.6929,-1.6069,0.232,127.89,-0.23,-0.81,-0.0,0.0183,-0.0234,0.2275,,1.928,1.603,1.545,,3.72,-1.46
86.19,LANDING_ON_PAD,3.6949,-1.6087,0.245,128.09,-0.56,-1.1,-0.0,0.015,-0.0231,0.2263,,1.925,1.607,1.545,,3.72,-1.46
86.213,LANDING_ON_PAD,3.6963,-1.6084,0.26,128.22,-0.34,-1.16,-0.0,0.0088,-0.0139,0.2187,,1.925,1.607,1.545,,3.72,-1.46
86.293,LANDING_ON_PAD,3.6991,-1.6097,0.267,128.35,-0.28,-1.01,-0.0,0.0095,-0.0121,0.2213,,1.924,1.599,1.557,,3.72,-1.46
86.324,LANDING_ON_PAD,3.7009,-1.6104,0.279,128.42,-0.27,-0.91,-0.0,0.0075,-0.0091,0.1984,,1.924,1.599,1.557,,3.72,-1.46
86.386,LANDING_ON_PAD,3.7019,-1.6101,0.285,128.41,-0.18,-0.94,-0.0,0.0038,-0.0031,0.1865,,1.92,1.599,1.556,,3.72,-1.46
86.41,LANDING_ON_PAD,3.7043,-1.6143,0.297,128.33,-0.3,-0.75,-0.0,0.0048,-0.0109,0.1669,,1.92,1.599,1.556,,3.72,-1.46
86.468,LANDING_ON_PAD,3.7041,-1.6151,0.306,128.29,-0.06,-0.63,-0.0,-0.001,-0.0084,0.1594,,1.919,1.609,1.553,,3.72,-1.46
86.523,LANDING_ON_PAD,3.7046,-1.6149,0.313,128.25,0.1,-0.6,-0.0,-0.0025,-0.0031,0.1488,,1.919,1.609,1.553,,3.72,-1.46
86.561,LANDING_ON_PAD,3.7039,-1.6147,0.318,128.14,0.24,-0.59,-0.0,-0.006,0.0024,0.1329,,1.922,1.606,1.545,,3.72,-1.46
86.625,LANDING_ON_PAD,3.7049,-1.6133,0.323,128.11,0.23,-0.46,-0.0,-0.004,0.0094,0.1132,,1.922,1.606,1.545,,3.72,-1.46
86.673,LANDING_ON_PAD,3.705,-1.612,0.328,128.07,0.04,-0.31,-0.0,-0.0044,0.0145,0.1005,,1.916,1.605,1.555,,3.72,-1.46
86.738,LANDING_ON_PAD,3.704,-1.6098,0.332,128.05,0.03,-0.15,-0.0,-0.0072,0.0195,0.0845,,1.916,1.605,1.555,,3.72,-1.46
86.779,LANDING_ON_PAD,3.705,-1.6111,0.336,128.09,-0.12,-0.07,-0.0,-0.0051,0.0147,0.0709,,1.913,1.6,1.548,,3.72,-1.46
86.822,LANDING_ON_PAD,3.7078,-1.6176,0.341,128.21,-0.1,-0.08,-0.0,0.0006,-0.0021,0.0627,,1.913,1.6,1.548,,3.72,-1.46
86.859,LANDING_ON_PAD,3.7049,-1.6168,0.342,128.39,-0.22,-0.11,-0.0,-0.0073,0.0006,0.0557,,1.922,1.605,1.552,,3.72,-1.46
86.943,LANDING_ON_PAD,3.7038,-1.6166,0.343,128.59,-0.12,-0.08,-0.0,-0.0101,0.0007,0.0425,,1.922,1.605,1.552,,3.72,-1.46
86.976,LANDING_ON_PAD,3.7047,-1.615,0.344,128.72,-0.06,-0.03,-0.0,-0.0083,0.004,0.0292,,1.929,1.612,1.541,,3.72,-1.46
87.015,LANDING_ON_PAD,3.7069,-1.5919,0.343,128.82,0.08,-0.42,-0.0,-0.0036,0.052,0.0203,,1.929,1.612,1.541,,3.72,-1.46
87.066,LANDING_ON_PAD,3.7062,-1.5902,0.344,128.87,-0.08,0.03,-0.0,-0.0061,0.052,0.013,,1.929,1.607,1.549,,3.72,-1.46
87.138,LANDING_ON_PAD,3.7055,-1.5885,0.346,128.96,-0.15,0.38,-0.0,-0.0062,0.0484,0.0069,,1.929,1.607,1.549,,3.72,-1.46
87.167,LANDING_ON_PAD,3.7074,-1.5854,0.345,129.04,-0.52,0.52,-0.0,-0.0017,0.0451,0.0105,,1.928,1.61,1.553,,3.72,-1.46
87.23,ROTATION_SCAN,3.7071,-1.5826,0.345,128.91,-0.65,0.47,-0.0,-0.0031,0.0401,0.0085,,1.928,1.61,1.553,,,
87.26,ROTATION_SCAN,3.7069,-1.5803,0.348,128.67,-0.73,0.62,15.0,-0.005,0.0341,0.0033,,1.935,1.613,1.547,,,
87.325,ROTATION_SCAN,3.7061,-1.5787,0.346,128.38,-0.84,0.78,15.0,-0.0074,0.0254,0.0092,,1.935,1.613,1.547,,,
87.358,ROTATION_SCAN,3.7061,-1.5773,0.349,128.13,-0.95,0.93,15.0,-0.0081,0.0157,0.0073,,1.925,1.603,1.544,,,
87.417,ROTATION_SCAN,3.7055,-1.5794,0.347,127.93,-0.8,0.87,15.0,-0.0096,-0.0002,0.0053,,1.925,1.603,1.544,,,
87.463,ROTATION_SCAN,3.706,-1.5838,0.348,127.71,-0.84,0.64,15.0,-0.0093,-0.0171,0.0009,,1.927,1.604,,,,
87.517,ROTATION_SCAN,3.7042,-1.5865,0.348,127.39,-0.43,0.5,15.0,-0.0133,-0.0279,0.0034,,1.927,1.604,,,,
87.563,ROTATION_SCAN,3.7029,-1.5916,0.349,127.05,-0.14,0.58,15.0,-0.0135,-0.0395,0.0037,,1.924,1.617,,,,
87.62,ROTATION_SCAN,3.7015,-1.5965,0.347,126.99,0.02,0.39,15.0,-0.013,-0.0491,0.0059,,1.924,1.617,,,,
87.659,ROTATION_SCAN,3.7046,-1.6001,0.349,127.32,0.49,-0.39,15.0,-0.0048,-0.05,0.0023,,1.914,1.594,,,,
87.718,ROTATION_SCAN,3.7058,-1.6035,0.352,127.98,0.53,-0.51,15.0,-0.0014,-0.0457,0.0036,,1.914,1.594,,,,
87.761,ROTATION_SCAN,3.706,-1.6058,0.353,128.88,0.64,-0.59,15.0,0.0002,-0.0394,0.0127,,1.917,1.603,,,,
87.827,ROTATION_SCAN,3.708,-1.6084,0.352,130.04,0.84,-0.91,15.0,0.0046,-0.0324,0.0156,,1.917,1.603,,,,
87.892,ROTATION_SCAN,3.7083,-1.6104,0.35,131.32,0.92,-1.24,15.0,0.0047,-0.022,0.0006,,1.924,1.551,1.549,,,
87.939,ROTATION_SCAN,3.7104,-1.6112,0.353,132.75,0.81,-1.37,15.0,0.006,-0.0092,-0.01,,1.924,1.551,1.549,,,
87.992,ROTATION_SCAN,3.7112,-1.6101,0.349,134.17,0.67,-1.35,15.0,0.0034,0.0056,-0.0068,,1.927,,,,,
88.012,ROTATION_SCAN,3.7093,-1.6086,0.349,135.46,0.85,-1.39,15.0,-0.0034,0.0203,-0.0155,,1.927,,,,,
88.058,ROTATION_SCAN,3.7105,-1.6142,0.35,136.55,0.72,-0.98,15.0,-0.0042,0.0202,-0.02,0.966,1.954,0.903,1.586,,,
88.111,ROTATION_SCAN,3.7131,-1.6129,0.348,137.57,0.67,-0.91,15.0,-0.01,0.0386,-0.0184,0.966,1.954,0.903,1.586,,,
88.163,ROTATION_SCAN,3.7074,-1.6129,0.349,138.54,0.37,-0.51,15.0,-0.0118,0.0351,-0.021,0.955,1.973,0.889,1.593,,,
88.216,ROTATION_SCAN,3.717,-1.6068,0.352,139.57,0.48,-0.38,15.0,0.0052,0.0463,-0.0188,0.955,1.973,0.889,1.593,,,
88.265,ROTATION_SCAN,3.7171,-1.6015,0.345,140.49,0.4,-0.42,15.0,0.0045,0.0568,-0.0136,0.952,1.989,0.88,1.596,,,
88.32,ROTATION_SCAN,3.7145,-1.5991,0.344,141.31,0.26,-0.34,15.0,-0.0008,0.0605,-0.0283,0.952,1.989,0.88,1.596,,,
88.382,ROTATION_SCAN,3.7117,-1.5918,0.345,142.05,0.04,-0.3,15.0,-0.0064,0.0713,-0.034,0.951,2.012,0.88,1.609,,,
88.414,ROTATION_SCAN,3.7081,-1.5879,0.34,142.73,-0.19,-0.13,15.0,-0.0125,0.072,-0.024,0.951,2.012,0.88,1.609,,,
88.478,ROTATION_SCAN,3.7058,-1.5852,0.338,143.37,-0.33,0.16,15.0,-0.0183,0.0702,-0.0359,0.948,2.032,0.882,,,,
88.517,ROTATION_SCAN,3.7018,-1.5819,0.341,144.03,-0.4,0.46,15.0,-0.0236,0.0671,-0.0346,0.948,2.032,0.882,,,,
88.579,ROTATION_SCAN,3.7004,-1.5782,0.34,144.68,-0.54,0.95,15.0,-0.022,0.0605,-0.0158,0.944,2.058,0.888,,,,
88.615,ROTATION_SCAN,3.6987,-1.5759,0.341,145.38,-0.43,1.1,15.0,-0.0196,0.0509,-0.016,0.944,2.058,0.888,,,,
88.675,ROTATION_SCAN,3.6967,-1.5729,0.338,146.14,-0.43,1.14,15.0,-0.015,0.044,-0.0139,0.945,2.073,0.884,,,,
88.72,ROTATION_SCAN,3.6947,-1.5711,0.336,147.03,-0.44,1.23,15.0,-0.0129,0.0363,-0.017,0.945,2.073,0.884,,,,
88.775,ROTATION_SCAN,3.6935,-1.5692,0.335,148.02,-0.58,1.13,15.0,-0.0067,0.0264,-0.0246,0.946,2.106,0.887,,,,
88.808,ROTATION_SCAN,3.6932,-1.5692,0.339,149.13,-0.65,1.09,15.0,-0.0017,0.0145,-0.02,0.946,2.106,0.887,,,,
88.879,ROTATION_SCAN,3.6911,-1.5725,0.334,150.25,-0.43,0.96,15.0,-0.0015,-0.0036,-0.0071,0.96,2.127,0.892,,,,
88.921,ROTATION_SCAN,3.7016,-1.5707,0.335,151.29,-0.31,0.97,15.0,0.0134,-0.0052,-0.0207,0.96,2.127,0.892,,,,
88.974,ROTATION_SCAN,3.6854,-1.5821,0.333,152.47,-0.49,0.66,15.0,-0.0042,-0.036,-0.0204,0.97,2.163,0.899,,,,
89.029,ROTATION_SCAN,3.6833,-1.5854,0.334,153.57,-0.27,0.76,15.0,-0.0012,-0.0438,-0.0187,0.97,2.163,0.899,,,,
89.074,ROTATION_SCAN,3.6842,-1.5869,0.33,154.67,0.07,0.58,15.0,0.0026,-0.0469,-0.0189,0.998,2.21,0.916,,,,
89.134,ROTATION_SCAN,3.6842,-1.5901,0.331,155.75,0.1,0.37,15.0,0.006,-0.0503,-0.0243,0.998,2.21,0.916,,,,
89.178,ROTATION_SCAN,3.6833,-1.5914,0.33,156.76,0.41,0.28,15.0,0.0066,-0.0472,-0.0235,1.028,2.246,0.941,,,,
89.232,ROTATION_SCAN,3.6847,-1.5951,0.329,157.75,0.47,0.22,15.0,0.012,-0.0473,-0.0191,1.028,2.246,0.941,,,,
89.283,ROTATION_SCAN,3.6854,-1.5954,0.331,158.69,0.72,0.3,15.0,0.0155,-0.0395,-0.0165,1.062,2.291,0.975,,,,
89.336,ROTATION_SCAN,3.6847,-1.5982,0.323,159.51,0.9,0.44,15.0,0.0179,-0.0361,-0.0131,1.062,2.291,0.975,,,,
89.359,ROTATION_SCAN,3.6839,-1.6013,0.327,160.3,1.07,0.4,15.0,0.0205,-0.0329,-0.0267,1.093,2.318,0.999,,,,
89.42,ROTATION_SCAN,3.6857,-1.6017,0.325,161.11,0.97,0.37,15.0,0.0279,-0.0232,-0.0151,1.093,2.318,0.999,,,,
89.473,ROTATION_SCAN,3.688,-1.6015,0.324,161.87,1.0,0.15,15.0,0.0345,-0.0134,-0.0098,1.127,2.351,1.033,,,,
89.512,ROTATION_SCAN,3.6896,-1.6006,0.326,162.52,1.0,0.1,15.0,0.0377,-0.0025,-0.0149,1.127,2.351,1.033,,,,
89.594,ROTATION_SCAN,3.6934,-1.6001,0.325,163.18,0.95,-0.03,15.0,0.0445,0.0064,-0.0071,1.175,2.382,1.06,,,,
89.613,ROTATION_SCAN,3.6939,-1.5982,0.326,163.71,0.62,-0.17,15.0,0.0419,0.0163,-0.0035,1.175,2.382,1.06,,,,
89.694,ROTATION_SCAN,3.6975,-1.5942,0.331,164.24,0.23,-0.28,15.0,0.0442,0.0276,-0.0007,1.222,,1.085,,,,
89.716,ROTATION_SCAN,3.6987,-1.591,0.328,164.79,-0.23,-0.35,15.0,0.0401,0.0324,0.0133,1.222,,1.085,,,,
89.779,ROTATION_SCAN,3.7004,-1.588,0.325,165.41,-0.19,-0.55,15.0,0.0357,0.0343,0.0059,1.269,2.417,1.104,1.496,,,
89.812,ROTATION_SCAN,3.7022,-1.5865,0.327,166.0,-0.07,-0.77,15.0,0.03,0.0338,-0.0056,1.269,2.417,1.104,1.496,,,
89.923,ROTATION_SCAN,3.7002,-1.586,0.325,166.52,0.19,-0.69,15.0,0.0167,0.0334,-0.0017,1.514,2.474,1.118,1.465,,,
89.944,ROTATION_SCAN,3.6994,-1.5834,0.326,166.93,0.18,-0.46,15.0,0.0086,0.0381,-0.0056,1.514,2.474,1.118,1.465,,,
89.962,ROTATION_SCAN,3.6973,-1.5803,0.326,167.36,-0.07,-0.58,15.0,-0.0004,0.0424,-0.0031,1.632,2.481,1.123,,,,
90.021,ROTATION_SCAN,3.698,-1.5781,0.324,167.9,-0.28,-0.39,15.0,-0.0036,0.0421,0.0013,1.632,2.481,1.123,,,,
90.075,ROTATION_SCAN,3.6959,-1.5762,0.327,168.57,-0.48,-0.13,15.0,-0.0105,0.0392,-0.0055,1.726,2.519,1.134,1.479,,,
90.113,ROTATION_SCAN,3.6937,-1.574,0.329,169.32,-0.55,0.07,15.0,-0.0155,0.0357,0.0029,1.726,2.519,1.134,1.479,,,
90.179,ROTATION_SCAN,3.692,-1.5712,0.328,170.16,-0.64,0.34,15.0,-0.0171,0.0327,0.0099,1.819,2.543,1.134,,,,
90.208,ROTATION_SCAN,3.6882,-1.5692,0.329,171.15,-0.68,0.46,15.0,-0.0213,0.0276,0.0012,1.819,2.543,1.134,,,,
90.286,ROTATION_SCAN,3.6868,-1.5678,0.327,172.28,-0.92,0.4,15.0,-0.0196,0.0213,0.0009,,2.546,1.162,,,,
90.312,ROTATION_SCAN,3.6848,-1.568,0.327,173.52,-0.87,0.59,15.0,-0.019,0.0104,-0.0048,,2.546,1.162,,,,
90.389,ROTATION_SCAN,3.6814,-1.5665,0.327,174.71,-0.84,0.67,15.0,-0.0205,0.0048,-0.0055,2.606,2.597,1.188,,,,
90.41,ROTATION_SCAN,3.6772,-1.5679,0.323,175.79,-0.76,0.85,15.0,-0.0222,-0.0065,-0.0056,2.606,2.597,1.188,,,,
90.481,ROTATION_SCAN,3.6765,-1.5716,0.326,176.81,-0.44,1.18,15.0,-0.0141,-0.0198,-0.0158,2.674,2.663,1.238,,,,
90.51,ROTATION_SCAN,3.6752,-1.5757,0.326,177.79,-0.33,1.23,15.0,-0.0053,-0.0306,-0.0073,2.674,2.663,1.238,,,,
90.578,ROTATION_SCAN,3.6736,-1.5803,0.324,178.75,-0.1,1.11,15.0,0.0012,-0.0401,-0.005,2.653,,1.313,,,,
90.629,ROTATION_SCAN,3.6738,-1.5823,0.326,179.68,-0.08,0.96,15.0,0.0101,-0.0412,-0.0102,2.653,,1.313,,,,
90.669,ROTATION_SCAN,3.6743,-1.5841,0.325,-179.42,0.12,0.94,15.0,0.018,-0.0404,-0.0052,2.553,,1.395,,,,
90.761,ROTATION_SCAN,3.6749,-1.5895,0.328,-178.5,0.26,0.72,15.0,0.0238,-0.0474,-0.0037,2.553,,1.395,,,,
90.791,ROTATION_SCAN,3.6777,-1.5926,0.327,-177.52,0.65,0.89,15.0,0.034,-0.0453,0.002,2.409,,1.513,,,,
90.852,ROTATION_SCAN,3.6783,-1.5955,0.329,-176.62,0.76,0.56,15.0,0.0374,-0.0409,-0.0008,2.409,,1.513,,,,
90.89,ROTATION_SCAN,3.6796,-1.5972,0.327,-175.76,0.85,0.39,15.0,0.0395,-0.0335,0.0004,,,,,,,
90.922,ROTATION_SCAN,3.6833,-1.5978,0.327,-175.01,0.87,0.31,15.0,0.0455,-0.024,-0.0076,,,,,,,
90.957,ROTATION_SCAN,3.685,-1.5998,0.326,-174.38,0.67,0.13,15.0,0.0455,-0.0194,-0.0119,1.879,,2.012,,,,
91.024,ROTATION_SCAN,3.6855,-1.5995,0.324,-173.8,0.48,-0.02,15.0,0.0418,-0.0116,-0.0117,1.879,,2.012,,,,
91.06,ROTATION_SCAN,3.6867,-1.6005,0.323,-173.25,0.61,-0.1,15.0,0.0386,-0.0083,-0.0167,1.831,,2.038,,,,
91.124,ROTATION_SCAN,3.6856,-1.6014,0.321,-172.72,0.77,-0.1,15.0,0.0302,-0.004,-0.0207,1.831,,2.038,,,,
91.158,ROTATION_SCAN,3.6877,-1.6011,0.322,-172.12,0.71,-0.05,15.0,0.0298,0.0034,-0.0216,,,2.058,,,,
91.211,ROTATION_SCAN,3.6885,-1.6,0.324,-171.56,0.59,-0.12,15.0,0.0269,0.0105,-0.0161,,,2.058,,,,
91.266,ROTATION_SCAN,3.6875,-1.6009,0.324,-171.03,0.5,-0.09,15.0,0.0202,0.012,-0.0099,1.765,,2.062,,,,
91.33,ROTATION_SCAN,3.6817,-1.5965,0.319,-170.55,0.46,0.01,15.0,0.0039,0.0247,-0.0065,1.765,,2.062,,,,
91.364,ROTATION_SCAN,3.6796,-1.5979,0.323,-169.98,0.35,0.18,15.0,-0.001,0.0231,-0.0187,1.738,,2.071,,,,
91.42,ROTATION_SCAN,3.681,-1.5963,0.32,-169.41,0.15,0.44,15.0,0.0037,0.0261,-0.0084,1.738,,2.071,,,,
91.467,ROTATION_SCAN,3.6777,-1.598,0.319,-168.87,-0.0,0.69,15.0,0.0004,0.0216,-0.0109,1.72,,2.065,,,,
91.534,ROTATION_SCAN,3.6812,-1.596,0.32,-168.24,-0.05,0.88,15.0,0.014,0.0247,-0.0165,1.72,,2.065,,,,
91.558,ROTATION_SCAN,3.6727,-1.5941,0.316,-167.63,-0.04,0.87,15.0,0.0014,0.028,-0.0125,1.712,,2.072,,,,
91.629,ROTATION_SCAN,3.6727,-1.5921,0.318,-166.93,-0.16,1.12,15.0,0.0089,0.0305,-0.018,1.712,,2.072,,,,
91.661,ROTATION_SCAN,3.6722,-1.5897,0.313,-166.25,-0.07,1.13,15.0,0.0163,0.0337,-0.0128,1.696,,2.065,,,,
91.713,ROTATION_SCAN,3.6736,-1.5883,0.317,-165.45,0.01,1.26,15.0,0.0272,0.0351,-0.0163,1.696,,2.065,,,,
91.772,ROTATION_SCAN,3.6776,-1.5871,0.317,-164.63,0.06,0.98,15.0,0.042,0.0364,-0.0095,1.685,,2.045,,,,
91.814,ROTATION_SCAN,3.6816,-1.5845,0.318,-163.76,-0.17,0.72,15.0,0.0528,0.04,-0.0023,1.685,,2.045,,,,
91.859,ROTATION_SCAN,3.6839,-1.583,0.318,-162.88,-0.33,0.35,15.0,0.0571,0.0384,-0.0025,1.668,,2.033,,,,
91.917,ROTATION_SCAN,3.6902,-1.5792,0.313,-162.04,-0.44,0.21,15.0,0.0676,0.0404,-0.0014,1.668,,2.033,,,,
91.982,ROTATION_SCAN,3.6912,-1.5776,0.313,-161.26,-0.52,-0.25,15.0,0.0642,0.0359,-0.0167,1.668,,2.004,,,,
92.009,ROTATION_SCAN,3.6951,-1.5757,0.311,-160.48,-0.54,-0.61,15.0,0.0642,0.0314,-0.0181,1.668,,2.004,,,,
92.077,ROTATION_SCAN,3.6984,-1.5741,0.313,-159.68,-0.28,-0.76,15.0,0.0603,0.0262,-0.0177,1.661,,1.999,,,,
92.115,ROTATION_SCAN,3.7014,-1.5732,0.312,-158.92,-0.3,-0.98,15.0,0.0547,0.0207,-0.0137,1.661,,1.999,,,,
92.159,ROTATION_SCAN,3.7032,-1.5712,0.316,-158.07,-0.33,-1.04,15.0,0.046,0.0173,-0.0118,1.657,,1.984,,,,
92.228,ROTATION_SCAN,3.7042,-1.569,0.313,-157.25,-0.59,-1.25,15.0,0.0358,0.0132,-0.0024,1.657,,1.984,,,,
92.277,ROTATION_SCAN,3.702,-1.5697,0.313,-156.38,-0.6,-1.2,15.0,0.0194,0.001,-0.0061,1.642,,1.968,,,,
92.326,ROTATION_SCAN,3.6999,-1.5685,0.312,-155.51,-0.52,-1.07,15.0,0.006,-0.0052,-0.0097,1.642,,1.968,,,,
92.374,ROTATION_SCAN,3.7011,-1.5748,0.312,-154.7,-0.59,-0.93,15.0,0.0025,-0.0247,-0.0117,1.636,,1.957,,,,
92.412,ROTATION_SCAN,3.6981,-1.5718,0.311,-153.78,-0.71,-0.54,15.0,-0.0076,-0.0244,-0.0074,1.636,,1.957,,,,
92.479,ROTATION_SCAN,3.6906,-1.5728,0.313,-152.87,-0.72,-0.24,15.0,-0.0247,-0.0327,-0.0095,1.623,,1.944,,,,
92.508,ROTATION_SCAN,3.6896,-1.5763,0.309,-152.04,-0.49,0.09,15.0,-0.0222,-0.0417,-0.003,1.623,,1.944,,,,
92.573,ROTATION_SCAN,3.6862,-1.5798,0.312,-151.24,-0.58,0.19,15.0,-0.0248,-0.0483,-0.0104,1.614,,1.934,,,,
92.625,ROTATION_SCAN,3.6849,-1.5835,0.311,-150.48,-0.62,0.5,15.0,-0.0202,-0.0543,-0.0063,1.614,,1.934,,,,
92.665,ROTATION_SCAN,3.6822,-1.5872,0.313,-149.87,-0.46,0.78,15.0,-0.0173,-0.0584,-0.0046,1.608,,1.927,,,,
92.735,ROTATION_SCAN,3.6806,-1.5917,0.312,-149.22,-0.27,1.05,15.0,-0.0115,-0.061,-0.0021,1.608,,1.927,,,,
92.764,ROTATION_SCAN,3.68,-1.5963,0.311,-148.58,-0.06,1.29,15.0,-0.0027,-0.0619,-0.0059,1.596,,1.914,,,,
92.838,ROTATION_SCAN,3.6805,-1.5995,0.308,-147.93,0.29,1.52,15.0,0.0075,-0.0553,-0.015,1.596,,1.914,,,,
92.868,ROTATION_SCAN,3.6816,-1.6023,0.306,-147.32,0.43,1.58,15.0,0.0184,-0.0464,-0.0214,1.592,,1.916,,,,
92.949,ROTATION_SCAN,3.6815,-1.6049,0.304,-146.82,0.64,1.44,15.0,0.0241,-0.037,-0.0226,1.592,,1.916,,,,
92.97,ROTATION_SCAN,3.6837,-1.6073,0.304,-146.26,0.93,1.2,15.0,0.0319,-0.0273,-0.0254,1.585,,1.912,,,,
93.006,ROTATION_SCAN,3.6859,-1.6088,0.304,-145.64,0.87,1.26,15.0,0.0374,-0.0163,-0.0188,1.585,,1.912,,,,
93.088,ROTATION_SCAN,3.6888,-1.6093,0.303,-144.97,0.81,1.16,15.0,0.0442,-0.0043,-0.0128,1.596,1.587,1.907,,,,
93.117,ROTATION_SCAN,3.6913,-1.6095,0.307,-144.25,0.64,0.98,15.0,0.0487,0.0055,-0.0082,1.596,1.587,1.907,,,,
93.16,ROTATION_SCAN,3.696,-1.6084,0.309,-143.46,0.63,1.01,15.0,0.0576,0.0154,0.0023,1.602,1.583,1.902,,,,
93.215,ROTATION_SCAN,3.6975,-1.6064,0.304,-142.64,0.57,0.86,15.0,0.0574,0.0278,0.0112,1.602,1.583,1.902,,,,
93.348,NAV_TO_START,3.7004,-1.6043,0.303,-141.84,0.6,0.49,15.0,0.0595,0.0367,-0.0054,1.597,,1.904,,,,
93.475,NAV_TO_START,3.7027,-1.6028,0.303,-141.05,0.52,0.05,-0.0,0.0567,0.0412,-0.0105,1.597,,1.904,,,,
93.51,NAV_TO_START,3.7059,-1.6012,0.304,-140.34,0.38,-0.27,-0.0,0.0549,0.0425,-0.0028,1.584,1.551,1.9,,,2.24,-1.62
93.554,NAV_TO_START,3.7077,-1.5998,0.306,-139.8,0.16,-0.92,-0.0,0.0479,0.0396,-0.002,1.584,1.551,1.9,,,2.24,-1.62
93.615,NAV_TO_START,3.7099,-1.598,0.307,-139.4,0.16,-1.03,-0.0,0.0404,0.0349,0.0058,1.512,,1.904,,,2.24,-1.62
93.636,NAV_TO_START,3.7115,-1.5959,0.305,-139.26,0.09,-1.19,-0.0,0.0321,0.0304,0.0069,1.512,,1.904,,,2.24,-1.62
93.664,NAV_TO_START,3.7133,-1.5955,0.305,-139.16,0.24,-1.09,-0.0,0.0245,0.0229,0.0039,,1.539,1.907,,,2.24,-1.62
93.716,NAV_TO_START,3.7145,-1.5946,0.309,-139.11,0.53,-1.19,-0.0,0.0171,0.0184,0.0035,,1.539,1.907,,,2.24,-1.62
93.731,NAV_TO_START,3.7149,-1.5932,0.308,-138.97,1.84,-2.87,-0.0,-0.0013,0.0163,0.0107,,1.528,1.909,,,2.24,-1.62
93.756,NAV_TO_START,3.7144,-1.5948,0.311,-138.77,2.51,-3.56,-0.0,-0.0331,0.0072,0.0097,,1.528,1.909,,,2.24,-1.62
93.767,NAV_TO_START,3.711,-1.5948,0.31,-138.67,2.88,-3.93,-0.0,-0.0738,0.0033,0.01,1.259,1.538,1.92,,,2.24,-1.62
93.823,NAV_TO_START,3.7049,-1.5941,0.307,-138.71,2.78,-4.27,-0.0,-0.1189,-0.0003,0.0023,1.259,1.538,1.92,,,2.24,-1.62
93.868,NAV_TO_START,3.6984,-1.5938,0.307,-138.98,2.82,-4.02,-0.0,-0.1602,-0.0056,-0.0087,,1.549,1.923,,,2.24,-1.62
93.923,NAV_TO_START,3.6881,-1.5945,0.307,-139.4,2.73,-3.6,-0.0,-0.2037,-0.0094,-0.0145,,1.549,1.923,,,2.24,-1.62
93.957,NAV_TO_START,3.6758,-1.5971,0.309,-139.95,2.47,-3.04,-0.0,-0.2429,-0.0142,-0.0165,1.552,1.571,1.929,,,2.24,-1.62
94.026,NAV_TO_START,3.6631,-1.5969,0.306,-140.33,2.11,-2.39,-0.0,-0.2735,-0.0126,-0.009,1.552,1.571,1.929,,,2.24,-1.62
94.089,NAV_TO_START,3.6485,-1.598,0.308,-140.71,1.77,-1.64,-0.0,-0.2981,-0.0119,-0.018,1.579,1.591,1.944,,,2.24,-1.62
94.119,NAV_TO_START,3.6307,-1.5994,0.304,-141.06,1.44,-0.99,-0.0,-0.3221,-0.0099,-0.0146,1.579,1.591,1.944,,,2.24,-1.62
94.182,NAV_TO_START,3.6156,-1.5997,0.305,-141.41,0.77,-0.38,-0.0,-0.3303,-0.006,-0.0138,1.561,1.623,1.95,,,2.24,-1.62
94.219,NAV_TO_START,3.6012,-1.6022,0.304,-141.74,0.37,0.31,-0.0,-0.3285,-0.0058,-0.0155,1.561,1.623,1.95,,,2.24,-1.62
94.274,NAV_TO_START,3.5853,-1.6004,0.306,-141.87,0.12,0.66,-0.0,-0.3253,0.0022,-0.018,1.534,1.648,1.958,,,2.24,-1.62
94.319,NAV_TO_START,3.5719,-1.602,0.3,-142.0,0.13,0.65,-0.0,-0.314,0.0035,-0.0132,1.534,1.648,1.958,,,2.24,-1.62
94.372,NAV_TO_START,3.5568,-1.6008,0.298,-142.03,-0.08,0.48,-0.0,-0.3093,0.0087,-0.0293,1.498,1.673,1.971,,,2.24,-1.62
94.418,NAV_TO_START,3.544,-1.601,0.298,-141.95,-0.09,0.39,-0.0,-0.2994,0.0091,-0.0279,1.498,1.673,1.971,,,2.24,-1.62
94.468,NAV_TO_START,3.5315,-1.6008,0.299,-141.78,0.04,0.49,-0.0,-0.2903,0.0106,-0.0228,1.48,1.689,1.992,,,2.24,-1.62
94.507,NAV_TO_START,3.5192,-1.6013,0.297,-141.56,0.05,0.35,-0.0,-0.2818,0.0106,-0.0175,1.48,1.689,1.992,,,2.24,-1.62
94.579,NAV_TO_START,3.5089,-1.6007,0.297,-141.28,0.47,0.32,-0.0,-0.2714,0.0139,-0.0198,1.461,1.706,2.006,,,2.24,-1.62
94.607,NAV_TO_START,3.4969,-1.599,0.299,-140.9,0.22,0.33,-0.0,-0.2669,0.0209,-0.0175,1.461,1.706,2.006,,,2.24,-1.62
94.671,NAV_TO_START,3.4865,-1.5967,0.298,-140.49,-0.05,-0.12,-0.0,-0.2595,0.0255,-0.0125,1.444,1.73,2.02,,,2.24,-1.62
94.726,NAV_TO_START,3.4766,-1.5963,0.299,-140.18,-0.51,-0.25,-0.0,-0.2512,0.0208,-0.0019,1.444,1.73,2.02,,,2.24,-1.62
94.771,NAV_TO_START,3.4656,-1.5939,0.298,-140.08,-0.72,-0.5,-0.0,-0.2456,0.0189,0.0122,1.425,1.74,2.027,0.784,,2.24,-1.62
94.816,NAV_TO_START,3.4564,-1.5941,0.298,-140.3,-0.39,-1.01,-0.0,-0.2393,0.0092,0.0062,1.425,1.74,2.027,0.784,,2.24,-1.62
94.872,NAV_TO_START,3.4463,-1.5936,0.302,-140.7,-0.35,-0.71,-0.0,-0.2386,0.0019,0.0075,1.41,1.764,2.042,0.774,,2.24,-1.62
94.908,NAV_TO_START,3.4359,-1.5936,0.302,-141.15,-0.28,-0.61,-0.0,-0.2371,-0.0035,0.0326,1.41,1.764,2.042,0.774,,2.24,-1.62
94.973,NAV_TO_START,3.428,-1.5936,0.302,-141.74,0.15,-1.0,-0.0,-0.2304,-0.0054,0.022,1.396,1.771,2.054,0.755,,2.24,-1.62
95.008,NAV_TO_START,3.4185,-1.5944,0.302,-142.36,0.69,-0.95,-0.0,-0.2335,-0.0094,0.0207,1.396,1.771,2.054,0.755,,2.24,-1.62
95.074,NAV_TO_START,3.4091,-1.595,0.301,-142.95,1.39,-1.3,-0.0,-0.2388,-0.0082,0.0144,1.384,1.779,2.057,0.748,,2.24,-1.62
95.114,NAV_TO_START,3.4007,-1.5959,0.304,-143.16,1.67,-1.25,-0.0,-0.2453,-0.0048,-0.0001,1.384,1.779,2.057,0.748,,2.24,-1.62
95.172,NAV_TO_START,3.3876,-1.5962,0.306,-142.98,1.44,-0.54,-0.0,-0.2611,0.0005,0.0028,1.365,1.796,2.071,0.732,,2.24,-1.62
95.235,NAV_TO_START,3.3765,-1.5951,0.304,-142.47,1.31,-0.09,-0.0,-0.2651,0.0105,0.0052,1.365,1.796,2.071,0.732,,2.24,-1.62
95.283,NAV_TO_START,3.366,-1.5938,0.304,-141.68,1.19,-0.46,-0.0,-0.2649,0.019,-0.012,1.344,1.813,2.089,0.712,,2.24,-1.62
95.344,NAV_TO_START,3.3554,-1.5915,0.305,-140.74,0.77,-0.43,-0.0,-0.2663,0.0269,-0.014,1.344,1.813,2.089,0.712,,2.24,-1.62
95.357,NAV_TO_START,3.3429,-1.589,0.303,-139.89,0.47,-0.58,-0.0,-0.27,0.0305,-0.0057,1.334,1.831,2.096,0.694,,2.24,-1.62
95.431,NAV_TO_START,3.3314,-1.5857,0.301,-139.07,0.28,-0.53,-0.0,-0.2704,0.0343,-0.0183,1.334,1.831,2.096,0.694,,2.24,-1.62
95.461,NAV_TO_START,3.3173,-1.5832,0.302,-138.44,0.18,-0.34,-0.0,-0.2754,0.0355,-0.0248,1.325,1.851,2.122,0.68,,2.24,-1.62
95.535,NAV_TO_START,3.3052,-1.5804,0.3,-138.02,-0.09,-0.6,-0.0,-0.2742,0.0365,-0.0192,1.325,1.851,2.122,0.68,,2.24,-1.62
95.56,NAV_TO_START,3.2939,-1.5777,0.303,-137.86,-0.2,-1.02,-0.0,-0.2718,0.0338,-0.0231,1.303,1.864,2.148,0.662,,2.24,-1.62
95.631,NAV_TO_START,3.2807,-1.5753,0.3,-138.02,-0.48,-1.11,-0.0,-0.2751,0.0283,-0.0083,1.303,1.864,2.148,0.662,,2.24,-1.62
95.663,NAV_TO_START,3.2677,-1.5727,0.301,-138.27,-0.36,-0.93,-0.0,-0.277,0.0233,-0.0142,1.29,1.9,2.163,0.646,,2.24,-1.62
95.727,NAV_TO_START,3.2542,-1.5701,0.299,-138.51,-0.26,-0.7,-0.0,-0.279,0.0216,-0.0088,1.29,1.9,2.163,0.646,,2.24,-1.62
95.778,NAV_TO_START,3.2416,-1.5681,0.301,-138.66,-0.02,-1.06,-0.0,-0.2801,0.0187,-0.0118,1.272,1.898,2.172,0.628,,2.24,-1.62
95.818,NAV_TO_START,3.2286,-1.5666,0.301,-138.73,0.04,-1.14,-0.0,-0.284,0.0149,-0.0087,1.272,1.898,2.172,0.628,,2.24,-1.62
95.919,NAV_TO_START,3.2157,-1.5639,0.298,-138.78,0.21,-1.24,-0.0,-0.2883,0.0149,-0.0014,1.25,1.922,2.191,0.612,,2.24,-1.62
95.949,NAV_TO_START,3.2002,-1.5628,0.296,-138.91,0.11,-1.36,-0.0,-0.2995,0.01,-0.011,1.25,1.922,2.191,0.612,,2.24,-1.62
95.983,NAV_TO_START,3.1843,-1.5629,0.262,-139.02,-0.02,-1.31,-0.0,-0.3063,0.0041,-0.0103,1.231,1.956,2.206,0.593,,2.24,-1.62
96.046,NAV_TO_START,3.1717,-1.56,0.201,-139.12,-0.19,-1.21,-0.0,-0.3157,0.0008,-0.0863,1.231,1.956,2.206,0.593,,2.24,-1.62
96.111,NAV_TO_START,3.1623,-1.5608,0.179,-139.24,-0.52,-0.87,-0.0,-0.3136,-0.013,-0.1951,1.203,,2.219,0.58,,2.24,-1.62
96.161,NAV_TO_START,3.1507,-1.5615,0.184,-139.3,-0.63,-0.59,-0.0,-0.2862,-0.0169,-0.1892,1.203,,2.219,0.58,,2.24,-1.62
96.174,NAV_TO_START,3.1484,-1.5603,0.196,-139.55,-0.65,-0.31,-0.0,-0.2554,-0.0216,-0.088,1.179,,2.231,0.563,,2.24,-1.62
96.238,NAV_TO_START,3.1449,-1.5603,0.224,-139.84,-0.51,-0.5,-0.0,-0.2325,-0.0208,0.0074,1.179,,2.231,0.563,,2.24,-1.62
96.269,NAV_TO_START,3.1376,-1.5596,0.238,-140.13,-0.17,-0.78,-0.0,-0.2291,-0.0208,0.1131,1.15,2.017,2.245,0.55,,2.24,-1.62
96.306,NAV_TO_START,3.13,-1.5612,0.264,-140.42,0.16,-0.92,-0.0,-0.2215,-0.0258,0.1768,1.15,2.017,2.245,0.55,,2.24,-1.62
96.368,NAV_TO_START,3.1155,-1.5632,0.287,-140.62,0.49,-1.38,-0.0,-0.2458,-0.0363,0.2261,1.117,2.043,2.252,0.54,,2.24,-1.62
96.408,NAV_TO_START,3.1005,-1.5669,0.321,-140.76,0.79,-1.6,-0.0,-0.2567,-0.041,0.2588,1.117,2.043,2.252,0.54,,2.24,-1.62
96.464,NAV_TO_START,3.0878,-1.5691,0.349,-140.87,0.79,-1.52,-0.0,-0.2698,-0.0461,0.2884,1.079,,2.275,0.524,,2.24,-1.62
96.527,NAV_TO_START,3.072,-1.5727,0.384,-140.96,0.81,-1.41,-0.0,-0.2892,-0.0567,0.2935,1.079,,2.275,0.524,,2.24,-1.62
96.561,NAV_TO_START,3.0555,-1.5777,0.436,-140.98,0.84,-1.06,-0.0,-0.3081,-0.0618,0.2963,1.045,2.123,2.276,0.514,,2.24,-1.62
96.626,NAV_TO_START,3.0374,-1.581,0.476,-140.91,0.79,-0.62,-0.0,-0.3206,-0.0634,0.3288,1.045,2.123,2.276,0.514,,2.24,-1.62
96.664,NAV_TO_START,3.0182,-1.5852,0.49,-140.8,0.83,-0.32,-0.0,-0.3332,-0.0643,0.325,1.006,,2.287,0.499,,2.24,-1.62
96.727,NAV_TO_START,3.0009,-1.5889,0.478,-140.64,0.63,-0.05,-0.0,-0.3409,-0.066,0.2406,1.006,,2.287,0.499,,2.24,-1.62
96.761,NAV_TO_START,2.9827,-1.5927,0.464,-140.52,0.6,0.37,-0.0,-0.3459,-0.0649,0.0814,0.959,,2.303,0.495,,2.24,-1.62
96.828,NAV_TO_START,2.9618,-1.5977,0.433,-140.41,0.49,0.65,-0.0,-0.3553,-0.0645,-0.07,0.959,,2.303,0.495,,2.24,-1.62
96.866,NAV_TO_START,2.9432,-1.6022,0.41,-140.29,0.4,0.93,-0.0,-0.3555,-0.061,-0.2041,0.921,,2.32,0.501,,2.24,-1.62
96.928,NAV_TO_START,2.9239,-1.6065,0.38,-140.29,0.36,1.22,-0.0,-0.3548,-0.0561,-0.2836,0.921,,2.32,0.501,,2.24,-1.62
96.956,NAV_TO_START,2.9027,-1.6129,0.357,-140.48,0.17,1.33,-0.0,-0.3561,-0.0553,-0.3267,0.88,2.249,2.298,,,2.24,-1.62
97.023,NAV_TO_START,2.8826,-1.6177,0.337,-140.64,0.28,1.37,-0.0,-0.3536,-0.0506,-0.338,0.88,2.249,2.298,,,2.24,-1.62
97.088,NAV_TO_START,2.8629,-1.6233,0.322,-140.67,0.25,1.34,-0.0,-0.3503,-0.048,-0.3269,0.839,,2.239,,,2.24,-1.62
97.119,NAV_TO_START,2.8387,-1.6286,0.299,-140.57,0.21,1.16,-0.0,-0.3582,-0.0448,-0.289,0.839,,2.239,,,2.24,-1.62
97.181,NAV_TO_START,2.8202,-1.6315,0.286,-140.42,0.11,1.06,-0.0,-0.3531,-0.0389,-0.2735,0.81,2.325,,,,2.24,-1.62
97.213,NAV_TO_START,2.8002,-1.6349,0.278,-140.22,-0.07,1.03,-0.0,-0.3509,-0.0358,-0.2353,0.81,2.325,,,,2.24,-1.62
97.286,NAV_TO_START,2.7804,-1.6373,0.272,-140.06,-0.15,1.08,-0.0,-0.3482,-0.0316,-0.1856,0.778,,,,,2.24,-1.62
97.334,NAV_TO_START,2.7621,-1.6409,0.264,-139.89,-0.02,1.2,-0.0,-0.3417,-0.0307,-0.1432,0.778,,,,,2.24,-1.62
97.383,NAV_TO_START,2.7419,-1.6435,0.262,-139.71,-0.09,1.07,-0.0,-0.3408,-0.0269,-0.1123,0.749,,0.761,,,2.24,-1.62
97.435,NAV_TO_START,2.7249,-1.6476,0.259,-139.6,-0.14,0.89,-0.0,-0.3339,-0.0286,-0.0755,0.749,,0.761,,,2.24,-1.62
97.481,NAV_TO_START,2.7088,-1.6501,0.255,-139.54,-0.17,0.84,-0.0,-0.3265,-0.0278,-0.0482,0.722,,0.747,,,2.24,-1.62
97.521,NAV_TO_START,2.6931,-1.6541,0.256,-139.44,-0.19,0.8,-0.0,-0.3189,-0.0308,-0.0339,0.722,,0.747,,,2.24,-1.62
97.56,NAV_TO_START,2.6782,-1.6566,0.252,-139.36,0.08,0.94,-0.0,-0.3106,-0.0288,-0.0109,0.695,,0.748,,,2.24,-1.62
97.639,NAV_TO_START,2.664,-1.66,0.259,-139.31,0.34,1.05,-0.0,-0.3023,-0.0276,-0.0026,0.695,,0.748,,,2.24,-1.62
97.701,NAV_TO_START,2.6471,-1.6613,0.265,-139.38,0.52,1.04,-0.0,-0.3021,-0.0188,0.0195,0.669,,0.757,,,2.24,-1.62
97.771,NAV_TO_START,2.6336,-1.6635,0.265,-139.43,0.65,1.02,-0.0,-0.2951,-0.0132,0.0415,0.669,,0.757,,,2.24,-1.62
97.798,NAV_TO_START,2.6174,-1.6642,0.269,-139.44,0.66,0.78,-0.0,-0.2959,-0.0042,0.0401,0.641,,0.765,,,2.24,-1.62
97.826,NAV_TO_START,2.6026,-1.664,0.268,-139.47,0.74,0.41,-0.0,-0.2957,0.0042,0.0482,0.641,,0.765,,,2.24,-1.62
97.887,NAV_TO_START,2.5874,-1.6621,0.27,-139.52,0.75,0.41,-0.0,-0.2969,0.0154,0.0414,0.611,,0.782,0.807,,2.24,-1.62
97.929,NAV_TO_START,2.5689,-1.6629,0.264,-139.62,0.69,0.35,-0.0,-0.3077,0.0177,0.0379,0.611,,0.782,0.807,,2.24,-1.62
97.966,NAV_TO_START,2.5533,-1.6617,0.271,-139.76,0.59,0.35,-0.0,-0.3096,0.0248,0.0211,0.58,,0.798,0.778,,2.24,-1.62
98.022,NAV_TO_START,2.5382,-1.6623,0.274,-139.84,0.29,0.31,-0.0,-0.3093,0.0246,0.0355,0.58,,0.798,0.778,,2.24,-1.62
98.081,NAV_TO_START,2.5226,-1.6621,0.277,-139.96,0.11,0.19,-0.0,-0.309,0.0242,0.0477,0.554,2.372,0.818,0.743,,2.24,-1.62
98.12,NAV_TO_START,2.5066,-1.661,0.281,-140.05,0.02,0.15,-0.0,-0.3097,0.0249,0.0449,0.554,2.372,0.818,0.743,,2.24,-1.62
98.16,NAV_TO_START,2.4917,-1.6604,0.283,-140.16,-0.08,0.16,-0.0,-0.3069,0.0237,0.0484,0.532,,0.844,0.718,,2.24,-1.62
98.227,NAV_TO_START,2.4774,-1.6612,0.285,-140.23,-0.13,0.13,-0.0,-0.3104,0.0185,0.0465,0.532,,0.844,0.718,,2.24,-1.62
98.256,NAV_TO_START,2.4623,-1.6615,0.285,-140.27,-0.16,0.17,-0.0,-0.3075,0.0146,0.0425,0.505,,0.878,0.69,,2.24,-1.62
98.32,NAV_TO_START,2.4475,-1.6622,0.284,-140.24,0.03,0.22,-0.0,-0.3046,0.011,0.0354,0.505,,0.878,0.69,,2.24,-1.62
98.385,NAV_TO_START,2.4333,-1.6614,0.288,-140.18,0.08,0.27,-0.0,-0.3007,0.0135,0.0239,0.484,,0.917,0.669,,2.24,-1.62
98.436,NAV_TO_START,2.4178,-1.6627,0.29,-140.16,0.13,0.38,-0.0,-0.3002,0.01,0.0264,0.484,,0.917,0.669,,2.24,-1.62
98.515,NAV_TO_START,2.4013,-1.6623,0.295,-140.28,0.25,0.46,-0.0,-0.3029,0.0131,0.0273,0.458,,0.965,0.642,,2.24,-1.62
98.547,NAV_TO_START,2.3861,-1.6637,0.293,-140.37,0.51,0.57,-0.0,-0.3021,0.0127,0.0318,0.458,,0.965,0.642,,2.24,-1.62
98.579,NAV_TO_START,2.3708,-1.6639,0.298,-140.45,0.53,0.58,-0.0,-0.3017,0.0165,0.0193,0.441,,1.027,0.634,,2.24,-1.62
98.632,NAV_TO_START,2.3565,-1.6641,0.298,-140.4,0.76,0.74,-0.0,-0.2988,0.0211,0.0248,0.441,,1.027,0.634,,2.24,-1.62
98.679,NAV_TO_START,2.3415,-1.6646,0.299,-140.42,0.88,0.85,-0.0,-0.2979,0.0265,0.0212,0.421,,1.106,0.618,,2.24,-1.62
98.716,NAV_TO_START,2.3262,-1.6639,0.299,-140.34,0.99,1.03,-0.0,-0.2976,0.0355,0.0135,0.421,,1.106,0.618,,2.24,-1.62
98.757,NAV_TO_START,2.3087,-1.6634,0.303,-140.28,1.1,1.09,-0.0,-0.3035,0.0439,0.0079,0.396,,1.177,0.609,,2.24,-1.62
98.818,NAV_TO_START,2.2936,-1.6616,0.301,-140.17,1.2,1.23,-0.0,-0.3023,0.0562,0.0118,0.396,,1.177,0.609,,2.24,-1.62
98.858,NAV_TO_START,2.2794,-1.6604,0.302,-140.12,1.2,1.39,-0.0,-0.2977,0.0661,0.0024,0.367,,1.232,0.594,,2.24,-1.62
98.916,NAV_TO_START,2.2627,-1.6577,0.301,-140.11,1.0,1.71,-0.0,-0.2985,0.0795,-0.0035,0.367,,1.232,0.594,,2.24,-1.62
98.982,NAV_TO_START,2.2469,-1.6546,0.302,-140.07,0.58,2.11,-0.0,-0.2925,0.0923,-0.0062,0.339,,1.284,0.587,,2.24,-1.62
99.009,NAV_TO_START,2.2297,-1.6494,0.305,-140.03,-0.2,2.77,-0.0,-0.2846,0.1078,-0.0062,0.339,,1.284,0.587,,2.24,-1.62
99.131,NAV_TO_START,2.2168,-1.6445,0.3,-139.94,-1.18,3.39,-0.0,-0.2572,0.1182,0.002,0.32,,1.326,,,2.24,-1.62
99.148,NAV_TO_START,2.2039,-1.6392,0.301,-140.03,-2.19,3.81,-0.0,-0.225,0.1248,-0.011,0.32,,1.326,,,2.24,-1.62
99.179,NAV_TO_START,2.1936,-1.6336,0.302,-140.22,-2.71,3.8,-0.0,-0.1849,0.1268,-0.012,0.302,,1.373,,,2.24,-1.62
99.229,NAV_TO_START,2.1847,-1.6295,0.298,-140.45,-2.88,3.45,-0.0,-0.1465,0.1221,-0.0119,0.302,,1.373,,,2.24,-1.62
99.277,NAV_TO_START,2.1766,-1.6234,0.301,-140.73,-3.03,3.15,-0.0,-0.1129,0.1202,-0.0233,0.292,,1.413,,,2.24,-1.62
99.332,NAV_TO_START,2.1721,-1.62,0.299,-140.84,-3.53,3.31,-0.0,-0.0721,0.109,-0.0099,0.292,,1.413,,,2.24,-1.62
99.373,NAV_TO_START,2.1686,-1.6171,0.303,-140.84,-3.96,3.39,-0.0,-0.0306,0.0959,-0.0115,0.291,0.653,1.427,,,2.24,-1.62
99.435,NAV_TO_START,2.1678,-1.6138,0.298,-140.9,-4.22,3.18,-0.0,0.0129,0.0826,-0.007,0.291,0.653,1.427,,,2.24,-1.62
99.456,NAV_TO_START,2.1682,-1.6103,0.298,-141.09,-4.36,2.84,-0.0,0.0532,0.0688,-0.0189,0.297,0.649,1.44,,,2.24,-1.62
99.517,NAV_TO_START,2.1715,-1.6079,0.294,-141.25,-4.3,2.4,-0.0,0.0938,0.0512,-0.0155,0.297,0.649,1.44,,,2.24,-1.62
99.57,NAV_TO_START,2.1779,-1.6074,0.295,-141.37,-4.06,2.07,-0.0,0.1339,0.0305,-0.0206,0.299,0.642,1.432,,,2.24,-1.62
99.611,NAV_TO_START,2.1839,-1.6072,0.292,-141.53,-3.54,1.69,-0.0,0.1636,0.0127,-0.0152,0.299,0.642,1.432,,,2.24,-1.62
99.675,NAV_TO_START,2.1895,-1.6105,0.293,-141.58,-3.0,1.08,-0.0,0.1819,-0.0112,-0.0116,0.303,0.646,1.429,0.557,,2.24,-1.62
99.706,NAV_TO_START,2.1968,-1.6131,0.293,-141.59,-2.31,0.69,-0.0,0.1959,-0.0286,-0.0082,0.303,0.646,1.429,0.557,,2.24,-1.62
99.775,NAV_TO_START,2.2049,-1.616,0.292,-141.6,-1.51,0.21,-0.0,0.2034,-0.042,-0.0025,0.309,,1.409,0.542,,2.24,-1.62
99.805,NAV_TO_START,2.2138,-1.6206,0.295,-141.53,-0.56,-0.18,-0.0,0.2047,-0.0539,-0.0031,0.309,,1.409,0.542,,2.24,-1.62
99.877,NAV_TO_START,2.2211,-1.6242,0.294,-141.47,0.28,-0.54,-0.0,0.1949,-0.0582,0.0065,0.314,,1.404,0.548,,2.24,-1.2
99.908,NAV_TO_START,2.228,-1.6283,0.292,-141.43,0.88,-0.63,-0.0,0.1806,-0.0601,0.0076,0.314,,1.404,0.548,,2.24,-1.2
99.976,NAV_TO_START,2.2342,-1.6308,0.298,-141.35,2.17,-0.38,-0.0,0.1622,-0.052,0.0067,0.322,,1.386,0.555,,2.24,-1.2
100.008,NAV_TO_START,2.2386,-1.6362,0.294,-141.33,4.62,0.45,-0.0,0.1344,-0.0342,0.0171,0.322,,1.386,0.555,,2.24,-1.2
100.079,NAV_TO_START,2.2416,-1.6378,0.298,-141.3,5.76,0.96,-0.0,0.1027,0.004,0.0057,0.327,,1.378,0.563,,2.24,-1.2
100.125,NAV_TO_START,2.2433,-1.6398,0.298,-141.36,6.44,1.45,-0.0,0.0704,0.0452,0.008,0.327,,1.378,0.563,,2.24,-1.2
100.161,NAV_TO_START,2.243,-1.6355,0.299,-141.31,6.59,1.82,-0.0,0.0381,0.1008,0.0061,0.33,,1.367,0.56,,2.24,-1.2
100.22,NAV_TO_START,2.2416,-1.6288,0.298,-141.24,6.25,1.89,-0.0,0.0094,0.1553,0.0025,0.33,,1.367,0.56,,2.24,-1.2
100.275,NAV_TO_START,2.2394,-1.6193,0.298,-141.14,5.47,2.01,-0.0,-0.0144,0.2069,0.0011,0.339,,1.359,0.538,,2.24,-1.2
100.322,NAV_TO_START,2.2347,-1.6075,0.299,-141.11,4.29,1.89,-0.0,-0.0361,0.251,0.0006,0.339,,1.359,0.538,,2.24,-1.2
100.379,NAV_TO_START,2.229,-1.5905,0.297,-141.02,3.22,1.78,-0.0,-0.0529,0.2949,0.0032,0.345,,1.367,0.508,,2.24,-1.2
100.428,NAV_TO_START,2.2247,-1.5741,0.299,-140.94,2.0,1.68,-0.0,-0.0587,0.3241,0.0009,0.345,,1.367,0.508,,2.24,-1.2
100.464,NAV_TO_START,2.2202,-1.5588,0.299,-140.93,1.0,1.61,-0.0,-0.0589,0.3394,0.0028,0.361,0.58,1.369,0.473,,2.24,-1.2
100.511,NAV_TO_START,2.2162,-1.5438,0.3,-140.95,0.11,1.36,-0.0,-0.0543,0.3448,0.003,0.361,0.58,1.369,0.473,,2.24,-1.2
100.573,NAV_TO_START,2.2127,-1.5277,0.301,-140.92,-0.66,1.0,-0.0,-0.0464,0.3453,0.0037,0.397,0.542,1.372,0.439,,2.24,-1.2
100.625,NAV_TO_START,2.2086,-1.5125,0.305,-140.93,-1.16,0.77,-0.0,-0.04,0.3383,0.0063,0.397,0.542,1.372,0.439,,2.24,-1.2
100.655,NAV_TO_START,2.2053,-1.493,0.303,-140.86,-1.55,0.85,-0.0,-0.0308,0.34,0.0141,0.454,0.521,1.37,0.409,,2.24,-1.2
100.71,NAV_TO_START,2.2045,-1.4788,0.302,-140.82,-1.67,0.71,-0.0,-0.0153,0.3267,0.0082,0.454,0.521,1.37,0.409,,2.24,-1.2
100.765,NAV_TO_START,2.2047,-1.4642,0.299,-140.74,-1.66,0.59,-0.0,-0.0008,0.315,0.0009,0.646,0.501,1.362,0.387,,2.24,-1.2
100.825,NAV_TO_START,2.205,-1.4507,0.299,-140.66,-1.45,0.66,-0.0,0.0123,0.3029,-0.0034,0.646,0.501,1.362,0.387,,2.24,-1.2
100.855,NAV_TO_START,2.2058,-1.4385,0.303,-140.59,-1.07,0.79,-0.0,0.0241,0.2917,-0.0055,,0.482,1.337,0.369,,2.24,-1.2
100.917,NAV_TO_START,2.2072,-1.4245,0.303,-140.56,-0.77,0.7,-0.0,0.0338,0.2882,0.0046,,0.482,1.337,0.369,,2.24,-1.2
100.988,NAV_TO_START,2.2093,-1.4098,0.302,-140.54,-0.51,0.8,-0.0,0.0428,0.289,0.0058,,0.469,1.327,0.349,,2.24,-1.2
101.05,NAV_TO_START,2.2124,-1.3981,0.301,-140.59,-0.28,0.66,-0.0,0.0516,0.2838,0.0008,,0.469,1.327,0.349,,2.24,-1.2
101.085,NAV_TO_START,2.2156,-1.3855,0.3,-140.53,-0.07,0.49,-0.0,0.0576,0.2817,-0.0036,,0.458,1.314,0.329,,2.24,-1.2
101.141,NAV_TO_START,2.2176,-1.372,0.299,-140.53,0.21,0.47,-0.0,0.0579,0.2831,-0.0072,,0.458,1.314,0.329,,2.24,-1.2
101.202,NAV_TO_START,2.2198,-1.3608,0.304,-140.53,0.39,0.38,-0.0,0.057,0.2804,-0.0079,,0.436,1.309,0.312,,2.24,-1.2
101.219,NAV_TO_START,2.2235,-1.3451,0.304,-140.51,0.43,0.27,-0.0,0.0589,0.2889,0.005,,0.436,1.309,0.312,,2.24,-1.2
101.255,NAV_TO_START,2.2275,-1.3326,0.304,-140.55,0.55,0.18,-0.0,0.0602,0.2884,0.0075,,0.419,1.315,0.302,,2.24,-1.2
101.308,NAV_TO_START,2.2303,-1.3192,0.304,-140.58,0.69,0.08,-0.0,0.0569,0.2907,0.0008,,0.419,1.315,0.302,,2.24,-1.2
101.36,NAV_TO_START,2.2324,-1.3049,0.3,-140.6,0.65,-0.0,-0.0,0.0517,0.2943,-0.0027,,0.401,1.323,0.298,,2.24,-1.2
101.414,NAV_TO_START,2.2334,-1.2917,0.303,-140.66,0.51,0.01,-0.0,0.045,0.294,-0.0126,,0.401,1.323,0.298,,2.24,-1.2
101.477,NAV_TO_START,2.235,-1.2753,0.302,-140.71,0.51,0.09,-0.0,0.0413,0.3019,-0.0051,,0.382,1.33,0.361,,2.24,-1.2
101.507,NAV_TO_START,2.2361,-1.2613,0.302,-140.74,0.37,-0.01,-0.0,0.037,0.3024,-0.005,,0.382,1.33,0.361,,2.24,-1.2
101.565,NAV_TO_START,2.2366,-1.2476,0.3,-140.83,0.1,-0.28,-0.0,0.0314,0.2996,-0.0041,,0.361,1.344,0.512,,2.24,-1.2
101.611,NAV_TO_START,2.2382,-1.2344,0.301,-140.88,-0.28,-0.36,-0.0,0.0298,0.293,-0.0054,,0.361,1.344,0.512,,2.24,-1.2
101.676,NAV_TO_START,2.2387,-1.2206,0.304,-140.83,-0.98,-0.66,-0.0,0.028,0.2838,-0.0022,,0.352,1.359,0.656,,2.22,-0.98
101.732,NAV_TO_START,2.2398,-1.2077,0.303,-140.81,-1.69,-1.34,-0.0,0.0276,0.2654,0.0041,,0.352,1.359,0.656,,2.22,-0.98
101.777,NAV_TO_START,2.2432,-1.1937,0.304,-140.78,-2.46,-1.95,-0.0,0.0326,0.2451,0.0015,,0.336,1.369,0.74,,2.22,-0.98
101.807,NAV_TO_START,2.2451,-1.1844,0.3,-140.6,-1.7,-1.82,-0.0,0.032,0.2131,0.0038,,0.336,1.369,0.74,,2.22,-0.98
101.89,NAV_TO_START,2.2479,-1.1756,0.303,-140.41,-0.22,-1.0,-0.0,0.0303,0.1976,-0.0125,1.158,0.321,1.383,,,2.22,-0.98
101.906,NAV_TO_START,2.2502,-1.1655,0.3,-140.12,0.64,-0.45,-0.0,0.026,0.1964,-0.0071,1.158,0.321,1.383,,,2.22,-0.98
101.974,NAV_TO_START,2.2499,-1.1562,0.3,-139.84,1.38,0.03,-0.0,0.0158,0.2014,-0.0128,,0.305,1.391,0.761,,2.22,-0.98
102.027,NAV_TO_START,2.2514,-1.1465,0.302,-139.65,1.8,0.23,-0.0,0.0092,0.2118,-0.0133,,0.305,1.391,0.761,,2.22,-0.98
102.067,NAV_TO_START,2.251,-1.136,0.304,-139.52,1.94,0.33,-0.0,-0.001,0.2254,-0.0058,1.157,0.294,1.422,,,2.22,-0.98
102.131,NAV_TO_START,2.2499,-1.1256,0.302,-139.46,2.12,0.3,-0.0,-0.0124,0.2379,-0.0006,1.157,0.294,1.422,,,2.22,-0.98
102.183,NAV_TO_START,2.2486,-1.1136,0.302,-139.53,2.22,0.25,-0.0,-0.0238,0.2532,-0.0082,1.142,0.285,1.434,,,2.22,-0.98
102.207,NAV_TO_START,2.2475,-1.1005,0.3,-139.53,2.03,0.31,-0.0,-0.033,0.2688,-0.0127,1.142,0.285,1.434,,,2.22,-0.98
102.277,NAV_TO_START,2.2461,-1.0876,0.3,-139.54,1.66,0.2,-0.0,-0.0406,0.2801,-0.0182,1.117,0.274,1.462,,,2.22,-0.98
102.308,NAV_TO_START,2.2436,-1.0713,0.3,-139.41,1.35,-0.06,-0.0,-0.049,0.295,-0.0155,1.117,0.274,1.462,,,2.22,-0.98
102.376,NAV_TO_START,2.2437,-1.0558,0.296,-139.2,1.06,-0.08,-0.0,-0.0493,0.304,-0.0144,1.125,0.259,1.488,,,2.22,-0.98
102.41,NAV_TO_START,2.241,-1.0395,0.289,-138.89,0.82,-0.11,-0.0,-0.0553,0.3115,-0.0178,1.125,0.259,1.488,,,2.22,-0.98
102.484,NAV_TO_START,2.2374,-1.0234,0.293,-138.46,0.5,-0.19,-0.0,-0.062,0.3162,-0.0249,1.137,0.252,1.531,,,2.22,-0.98
102.514,NAV_TO_START,2.234,-1.007,0.293,-137.99,-0.04,-0.51,-0.0,-0.066,0.3171,-0.0054,1.137,0.252,1.531,,,2.22,-0.98
102.56,NAV_TO_START,2.2302,-0.9859,0.293,-137.5,-1.14,-1.32,-0.0,-0.0691,0.3197,0.0093,1.141,0.237,1.594,,,2.2,-0.98
102.612,NAV_TO_START,2.2267,-0.9704,0.295,-137.13,-2.01,-2.03,-0.0,-0.0703,0.2987,0.0044,1.141,0.237,1.594,,,2.2,-0.92
102.694,NAV_TO_START,2.2218,-0.9559,0.296,-136.92,-2.52,-2.33,-0.0,-0.0738,0.2709,0.012,1.156,0.237,1.639,,,2.2,-0.92
102.706,NAV_TO_START,2.2184,-0.9441,0.299,-136.82,-3.18,-3.04,-0.0,-0.0737,0.2339,0.0115,1.156,0.237,1.639,,,2.2,-0.92
102.774,NAV_TO_START,2.214,-0.9362,0.299,-136.63,-3.17,-3.0,-0.0,-0.0753,0.1871,0.0214,1.155,,,,,2.18,-0.92
102.823,NAV_TO_START,2.2096,-0.9276,0.297,-136.38,-2.8,-2.47,-0.0,-0.0761,0.1528,0.0136,1.155,,,,,2.18,-0.92
102.856,NAV_TO_START,2.2041,-0.9232,0.299,-136.15,-2.79,-2.03,-0.0,-0.0772,0.1163,0.0027,,,,,,2.18,-0.9
102.93,NAV_TO_START,2.1986,-0.9203,0.296,-136.01,-2.42,-1.75,-0.0,-0.0768,0.0826,0.0064,,,,,,2.14,-0.9
102.99,NAV_TO_START,2.1936,-0.9194,0.299,-135.9,-2.31,-1.69,-0.0,-0.0762,0.0512,-0.0047,0.211,,,,,2.14,-0.9
103.007,NAV_TO_START,2.1871,-0.9178,0.302,-135.76,-1.86,-1.38,-0.0,-0.0783,0.0276,-0.0008,0.211,,,,,2.14,-0.9
103.071,NAV_TO_START,2.1826,-0.9192,0.299,-135.59,-0.83,-0.97,-0.0,-0.0787,0.0077,0.0068,0.192,,,,,2.14,-0.9
103.107,NAV_TO_START,2.1762,-0.9213,0.304,-135.52,0.03,-0.81,-0.0,-0.0869,-0.0056,-0.009,0.192,,,,,2.14,-0.9
103.19,NAV_TO_START,2.1718,-0.9239,0.301,-135.71,0.98,-0.25,-0.0,-0.0938,-0.0101,0.0007,0.179,,,,,2.14,-0.9
103.206,NAV_TO_START,2.1655,-0.9254,0.304,-136.13,1.09,0.34,-0.0,-0.1027,-0.0052,0.0105,0.179,,,,,2.14,-0.9
103.276,NAV_TO_START,2.1597,-0.9277,0.304,-136.8,1.14,1.07,-0.0,-0.1054,0.0008,0.0127,0.161,,,,,2.14,-0.9
103.304,NAV_TO_START,2.1544,-0.9301,0.302,-137.64,1.37,1.51,-0.0,-0.1044,0.0099,0.0058,0.161,,,,,2.14,-0.9
103.367,NAV_TO_START,2.1482,-0.9288,0.302,-138.48,1.37,1.69,-0.0,-0.1039,0.0289,-0.0045,0.145,,1.66,,,2.14,-0.88
103.435,NAV_TO_START,2.1427,-0.9289,0.303,-139.41,1.37,1.46,-0.0,-0.1024,0.0421,-0.0092,0.145,,1.66,,,2.14,-0.88
103.468,NAV_TO_START,2.1386,-0.9262,0.302,-140.34,1.23,1.59,-0.0,-0.0968,0.0591,-0.0101,0.147,,1.646,,,2.14,-0.88
103.506,NAV_TO_START,2.1339,-0.9248,0.301,-141.21,1.59,1.7,-0.0,-0.0931,0.0732,-0.0125,0.147,,1.646,,,2.14,-0.88
103.569,NAV_TO_START,2.1299,-0.9201,0.3,-141.92,1.4,1.96,-0.0,-0.0875,0.0951,-0.0136,0.141,,1.661,,,2.14,-0.88
103.604,NAV_TO_START,2.1248,-0.9169,0.301,-142.45,1.23,2.07,-0.0,-0.082,0.1099,-0.01,0.141,,1.661,,,2.14,-0.88
103.67,NAV_TO_START,2.1229,-0.9087,0.299,-142.9,1.0,1.94,-0.0,-0.0688,0.1335,-0.0073,0.139,,1.688,,,2.14,-0.88
103.706,NAV_TO_START,2.1201,-0.9037,0.299,-143.35,0.41,1.96,-0.0,-0.0564,0.1439,-0.0037,0.139,,1.688,,,2.14,-0.88
103.764,NAV_TO_START,2.1177,-0.8956,0.299,-143.85,-0.27,2.06,-0.0,-0.0419,0.1565,0.0008,0.144,,1.71,,,2.12,-0.86
103.804,NAV_TO_START,2.1158,-0.8876,0.301,-144.4,-0.85,1.64,-0.0,-0.0257,0.1616,0.0038,0.144,,1.71,,,2.1,-0.86
103.867,NAV_TO_START,2.1151,-0.8806,0.3,-144.9,-1.17,0.74,-0.0,-0.0114,0.1578,0.0027,0.147,,1.739,,,2.1,-0.84
103.946,NAV_TO_START,2.1179,-0.8712,0.298,-145.29,-1.25,0.27,-0.0,0.0069,0.1549,0.0039,0.147,,1.739,,,2.1,-0.84
103.985,NAV_TO_START,2.1197,-0.8635,0.298,-145.6,-0.69,-0.36,-0.0,0.0149,0.1485,0.0008,0.157,,1.756,,,2.1,-0.84
104.041,NAV_TO_START,2.1205,-0.8555,0.299,-145.79,0.16,-1.0,-0.0,0.0105,0.1453,-0.0062,0.157,,1.756,,,2.08,-0.84
104.085,NAV_TO_START,2.1212,-0.8496,0.297,-145.77,0.55,-1.38,-0.0,0.0008,0.1381,0.0008,0.163,,1.772,,,2.08,-0.84
104.117,NAV_TO_START,2.1226,-0.842,0.3,-145.69,0.56,-1.54,-0.0,-0.0111,0.1365,0.0011,0.163,,1.772,,,2.08,-0.84
104.184,NAV_TO_START,2.1208,-0.836,0.299,-145.57,0.39,-1.83,-0.0,-0.0249,0.1309,0.0091,0.175,,1.784,,,2.08,-0.84
104.214,NAV_TO_START,2.118,-0.828,0.303,-145.37,-0.59,-1.55,-0.0,-0.0416,0.1266,0.0071,0.175,,1.784,,,2.08,-0.84
104.284,NAV_TO_START,2.1149,-0.8222,0.301,-145.08,-1.14,-1.38,-0.0,-0.05,0.1145,0.012,0.171,,1.794,,,2.08,-0.84
104.313,NAV_TO_START,2.1114,-0.8158,0.305,-144.82,-1.66,-1.05,-0.0,-0.0508,0.0974,0.011,0.171,,1.794,,,2.08,-0.84
104.386,ROTATION_SCAN,2.1071,-0.8098,0.307,-144.55,-2.05,-0.65,-0.0,-0.0513,0.0821,0.0138,0.215,,1.789,,,,
104.412,ROTATION_SCAN,2.1039,-0.8062,0.306,-144.42,-1.86,-0.55,15.0,-0.048,0.0668,0.0137,0.215,,1.789,,,,
104.477,ROTATION_SCAN,2.1005,-0.8009,0.309,-144.21,-1.75,-0.32,15.0,-0.0444,0.0561,0.0004,0.226,,1.793,,,,
104.504,ROTATION_SCAN,2.0979,-0.7979,0.308,-143.76,-1.74,-0.12,15.0,-0.0385,0.0438,0.007,0.226,,1.793,,,,
104.568,ROTATION_SCAN,2.0957,-0.7953,0.311,-143.23,-1.53,0.17,15.0,-0.0311,0.0344,0.0027,0.243,,1.79,,,,
104.637,ROTATION_SCAN,2.093,-0.7935,0.31,-142.55,-1.49,0.21,15.0,-0.0251,0.0261,0.0019,0.243,,1.79,,,,
104.67,ROTATION_SCAN,2.0926,-0.7904,0.31,-141.74,-1.44,0.3,15.0,-0.0149,0.0222,-0.001,0.237,,1.785,,,,
104.735,ROTATION_SCAN,2.0909,-0.7892,0.305,-140.92,-1.62,0.74,15.0,-0.0063,0.0152,-0.0001,0.237,,1.785,,,,
104.763,ROTATION_SCAN,2.0933,-0.7858,0.303,-140.07,-1.43,0.72,15.0,0.0123,0.0158,-0.0151,0.236,,1.794,,,,
104.83,ROTATION_SCAN,2.0925,-0.7837,0.304,-139.2,-1.28,0.51,15.0,0.02,0.0138,-0.0183,0.236,,1.794,,,,
104.864,ROTATION_SCAN,2.1011,-0.7809,0.306,-138.51,-1.29,0.5,15.0,0.0462,0.0129,-0.0057,0.227,,1.829,,,,
104.93,ROTATION_SCAN,2.1038,-0.7772,0.303,-137.84,-1.07,0.32,15.0,0.056,0.0154,-0.0022,0.227,,1.829,,,,
104.976,ROTATION_SCAN,2.1076,-0.7744,0.301,-137.12,-0.75,-0.33,15.0,0.0631,0.0143,-0.0071,0.211,,1.851,,,,
105.006,ROTATION_SCAN,2.1117,-0.7715,0.305,-136.32,-0.3,-0.78,15.0,0.065,0.0132,-0.0082,0.211,,1.851,,,,
105.093,ROTATION_SCAN,2.1159,-0.7681,0.306,-135.48,-0.04,-1.02,15.0,0.0622,0.013,0.0057,0.205,,,,,,
105.126,ROTATION_SCAN,2.1182,-0.765,0.308,-134.66,-0.05,-1.24,15.0,0.0543,0.0116,0.0112,0.205,,,,,,
105.214,ROTATION_SCAN,2.1202,-0.7634,0.308,-133.82,0.24,-1.54,15.0,0.0451,0.0068,0.0099,0.208,,,,,,
105.231,ROTATION_SCAN,2.1222,-0.7611,0.308,-132.89,0.18,-1.82,15.0,0.0339,0.0028,0.008,0.208,,,,,,
105.291,ROTATION_SCAN,2.1228,-0.7575,0.309,-131.99,0.19,-1.84,15.0,0.0209,0.0005,0.0025,0.207,,,,,,
105.322,ROTATION_SCAN,2.1214,-0.7558,0.31,-131.08,0.17,-1.75,15.0,0.0053,-0.0058,0.0037,0.207,,,,,,
105.358,ROTATION_SCAN,2.1198,-0.7564,0.312,-130.05,0.04,-1.81,15.0,-0.0082,-0.0166,0.001,0.208,,,,,,
105.426,ROTATION_SCAN,2.117,-0.7567,0.31,-129.02,-0.06,-1.8,15.0,-0.0223,-0.0265,-0.0035,0.208,,,,,,
105.461,ROTATION_SCAN,2.11,-0.7538,0.305,-128.03,-0.16,-1.59,15.0,-0.0416,-0.0285,-0.0096,0.213,,,,,,
105.524,ROTATION_SCAN,2.1086,-0.7556,0.307,-127.3,-0.33,-1.29,15.0,-0.0466,-0.0403,-0.0216,0.213,,,,,,
105.558,ROTATION_SCAN,2.1022,-0.7577,0.308,-126.48,-0.52,-0.91,15.0,-0.0576,-0.0502,-0.0146,0.21,,,0.583,,,
105.616,ROTATION_SCAN,2.0981,-0.761,0.302,-125.68,-0.84,-0.58,15.0,-0.0587,-0.0598,-0.0076,0.21,,,0.583,,,
105.654,ROTATION_SCAN,2.0945,-0.7621,0.302,-124.89,-1.15,-0.11,15.0,-0.0545,-0.0619,-0.0269,0.201,,,0.551,,,
105.719,ROTATION_SCAN,2.0908,-0.7655,0.307,-124.16,-1.55,0.35,15.0,-0.0458,-0.068,-0.0204,0.201,,,0.551,,,
105.782,ROTATION_SCAN,2.0876,-0.767,0.308,-123.48,-1.62,0.65,15.0,-0.0338,-0.0673,0.001,0.198,,,0.509,,,
105.811,ROTATION_SCAN,2.0857,-0.7703,0.308,-122.81,-1.47,0.79,15.0,-0.0203,-0.0687,0.0052,0.198,,,0.509,,,
105.875,ROTATION_SCAN,2.0839,-0.7741,0.308,-122.09,-1.31,0.81,15.0,-0.0093,-0.0694,-0.0026,0.193,,,0.481,,,
105.915,ROTATION_SCAN,2.083,-0.7768,0.304,-121.36,-1.12,0.62,15.0,0.001,-0.0681,-0.0045,0.193,,,0.481,,,
105.97,ROTATION_SCAN,2.0843,-0.784,0.306,-120.49,-0.98,0.71,15.0,0.0141,-0.076,-0.0143,0.192,,,0.458,,,
106.015,ROTATION_SCAN,2.0848,-0.7896,0.302,-119.63,-0.9,0.76,15.0,0.0234,-0.0787,-0.0096,0.192,,,0.458,,,
106.078,ROTATION_SCAN,2.0851,-0.792,0.306,-118.69,-0.66,0.81,15.0,0.0297,-0.0727,-0.0237,0.192,,,0.428,,,
106.112,ROTATION_SCAN,2.0881,-0.7988,0.301,-117.65,-0.55,0.67,15.0,0.0407,-0.0764,-0.0108,0.192,,,0.428,,,
106.169,ROTATION_SCAN,2.091,-0.8031,0.301,-116.58,-0.25,0.96,15.0,0.0488,-0.0728,-0.0146,0.193,,0.498,0.401,,,
106.203,ROTATION_SCAN,2.0968,-0.811,0.301,-115.48,0.22,0.89,15.0,0.0597,-0.0745,-0.0203,0.193,,0.498,0.401,,,
106.273,ROTATION_SCAN,2.0996,-0.8124,0.301,-114.41,0.36,0.76,15.0,0.0597,-0.0622,-0.0145,0.198,,0.475,0.377,,,
106.336,ROTATION_SCAN,2.1063,-0.8196,0.298,-113.46,0.62,0.77,15.0,0.0676,-0.0636,-0.0113,0.198,,0.475,0.377,,,
106.365,ROTATION_SCAN,2.109,-0.8214,0.301,-112.65,0.88,0.69,15.0,0.0622,-0.0524,-0.0199,0.199,,0.458,0.36,,,
106.421,ROTATION_SCAN,2.1108,-0.8237,0.297,-111.86,1.38,0.78,15.0,0.0521,-0.0423,-0.0104,0.199,,0.458,0.36,,,
106.469,ROTATION_SCAN,2.1124,-0.8235,0.299,-111.03,1.61,0.78,15.0,0.0404,-0.0266,-0.0167,0.201,,0.441,0.342,,,
106.521,ROTATION_SCAN,2.1108,-0.8247,0.296,-110.11,1.78,0.74,15.0,0.0208,-0.0158,-0.0153,0.201,,0.441,0.342,,,
106.567,ROTATION_SCAN,2.1036,-0.8168,0.298,-109.18,1.74,0.79,15.0,-0.0101,0.0138,-0.0188,0.211,,0.431,0.325,,,
106.606,ROTATION_SCAN,2.0926,-0.8108,0.299,-108.28,1.43,0.5,15.0,-0.0449,0.0336,-0.0167,0.211,,0.431,0.325,,,
106.672,ROTATION_SCAN,2.0861,-0.8067,0.299,-107.37,0.72,0.25,15.0,-0.0619,0.0434,-0.0117,0.208,,0.421,0.301,,,
106.723,ROTATION_SCAN,2.0786,-0.803,0.294,-106.57,-0.01,0.16,15.0,-0.0734,0.0486,-0.0109,0.208,,0.421,0.301,,,
106.753,ROTATION_SCAN,2.0741,-0.8011,0.297,-105.73,-0.66,-0.23,15.0,-0.0725,0.0461,-0.0237,0.21,,0.411,0.286,,,
106.805,ROTATION_SCAN,2.0683,-0.7983,0.298,-104.8,-1.52,-0.27,15.0,-0.0681,0.0424,-0.0102,0.21,,0.411,0.286,,,
106.869,ROTATION_SCAN,2.0645,-0.7944,0.298,-104.0,-2.0,-0.3,15.0,-0.0549,0.04,-0.0069,0.208,,0.4,0.276,,,
106.925,ROTATION_SCAN,2.0604,-0.7944,0.295,-103.21,-2.2,-0.35,15.0,-0.0417,0.0295,-0.0108,0.208,,0.4,0.276,,,
106.976,ROTATION_SCAN,2.0576,-0.7934,0.297,-102.36,-2.48,-0.29,15.0,-0.0249,0.021,-0.0119,0.211,,0.389,0.268,,,
107.026,ROTATION_SCAN,2.0556,-0.7939,0.294,-101.67,-2.64,-0.22,15.0,-0.0059,0.0114,-0.0054,0.211,,0.389,0.268,,,
107.063,ROTATION_SCAN,2.0562,-0.7935,0.293,-101.05,-2.61,-0.27,15.0,0.0176,0.0046,-0.0061,0.218,,0.38,0.268,,,
107.124,ROTATION_SCAN,2.0578,-0.7935,0.291,-100.47,-2.17,-0.27,15.0,0.0378,-0.0015,-0.0114,0.218,,0.38,0.268,,,
107.181,ROTATION_SCAN,2.0646,-0.7923,0.294,-99.88,-1.96,-0.37,15.0,0.0645,-0.0044,-0.0204,0.23,,0.369,0.271,,,
107.216,ROTATION_SCAN,2.0682,-0.7918,0.288,-99.11,-1.51,-0.45,15.0,0.0789,-0.0089,-0.0101,0.23,,0.369,0.271,,,
107.283,ROTATION_SCAN,2.0725,-0.7924,0.288,-98.19,-1.05,-0.29,15.0,0.089,-0.0136,-0.0184,0.258,,0.349,0.28,,,
107.303,ROTATION_SCAN,2.0801,-0.7951,0.292,-97.11,-0.68,-0.11,15.0,0.1032,-0.0204,-0.0137,0.258,,0.349,0.28,,,
107.361,ROTATION_SCAN,2.0873,-0.7976,0.294,-95.93,-0.43,-0.14,15.0,0.1124,-0.0254,0.0044,0.377,,0.329,0.276,,,
107.417,ROTATION_SCAN,2.0941,-0.8007,0.29,-94.81,-0.07,0.34,15.0,0.1173,-0.0289,0.0173,0.377,,0.329,0.276,,,
107.459,ROTATION_SCAN,2.0989,-0.8024,0.292,-93.82,0.07,0.37,15.0,0.1157,-0.0262,0.0134,1.06,,0.313,0.267,,,
107.509,ROTATION_SCAN,2.1051,-0.8053,0.291,-92.96,0.6,0.39,15.0,0.1139,-0.0269,0.0115,1.06,,0.313,0.267,,,
107.575,ROTATION_SCAN,2.1103,-0.8066,0.289,-92.14,1.03,0.25,15.0,0.1057,-0.0241,0.0103,1.096,,0.295,0.271,,,
107.61,ROTATION_SCAN,2.116,-0.8076,0.295,-91.35,1.16,0.52,15.0,0.0972,-0.0199,0.0135,1.096,,0.295,0.271,,,
107.678,ROTATION_SCAN,2.12,-0.8101,0.297,-90.66,1.26,0.44,15.0,0.0848,-0.0191,0.0272,1.133,,0.284,0.264,,,
107.716,ROTATION_SCAN,2.1242,-0.8125,0.299,-90.14,1.63,0.19,15.0,0.0725,-0.021,0.0262,1.133,,0.284,0.264,,,
107.77,ROTATION_SCAN,2.1274,-0.8144,0.298,-89.67,1.74,0.13,15.0,0.0572,-0.0215,0.025,1.169,,0.279,0.256,,,
107.814,ROTATION_SCAN,2.1309,-0.817,0.302,-89.13,1.61,0.14,15.0,0.0451,-0.0246,0.0216,1.169,,0.279,0.256,,,
107.879,ROTATION_SCAN,2.1331,-0.8197,0.302,-88.6,1.63,0.25,15.0,0.0305,-0.0269,0.0238,1.195,,0.273,0.248,,,
107.905,ROTATION_SCAN,2.1332,-0.8225,0.304,-88.13,1.36,0.19,15.0,0.0143,-0.0296,0.0245,1.195,,0.273,0.248,,,
108.017,ROTATION_SCAN,2.1345,-0.8276,0.305,-87.79,1.36,0.29,15.0,0.0035,-0.0377,0.0174,1.214,,0.271,0.24,,,
108.043,ROTATION_SCAN,2.1332,-0.8299,0.309,-87.35,1.12,0.49,15.0,-0.0107,-0.0358,0.0163,1.214,,0.271,0.24,,,
108.085,ROTATION_SCAN,2.1327,-0.8338,0.31,-86.94,1.01,0.64,15.0,-0.0202,-0.0372,0.018,1.238,,0.271,0.233,,,
108.108,ROTATION_SCAN,2.1304,-0.8361,0.31,-86.51,0.87,0.73,15.0,-0.0319,-0.0328,0.011,1.238,,0.271,0.233,,,
108.188,ROTATION_SCAN,2.1277,-0.8397,0.312,-85.97,0.61,0.69,15.0,-0.0422,-0.0328,0.005,1.254,,0.286,0.221,,,
108.209,ROTATION_SCAN,2.1242,-0.8413,0.314,-85.35,0.38,0.82,15.0,-0.05,-0.0271,0.0044,1.254,,0.286,0.221,,,
108.287,ROTATION_SCAN,2.1221,-0.8447,0.312,-84.57,0.3,1.06,15.0,-0.0527,-0.0245,-0.0001,1.27,,0.277,0.211,,,
108.306,ROTATION_SCAN,2.1203,-0.8484,0.309,-83.79,0.45,1.12,15.0,-0.0554,-0.0229,-0.0147,1.27,,0.277,0.211,,,
108.375,ROTATION_SCAN,2.1184,-0.8495,0.309,-82.82,0.25,1.3,15.0,-0.0573,-0.0134,-0.0258,1.308,,0.284,0.203,,,
108.409,ROTATION_SCAN,2.1145,-0.8508,0.307,-81.76,-0.05,1.26,15.0,-0.0623,-0.0045,-0.0254,1.308,,0.284,0.203,,,
108.475,ROTATION_SCAN,2.1119,-0.8525,0.305,-80.66,-0.27,1.3,15.0,-0.0616,0.0027,-0.0296,1.367,,0.288,0.192,,,
108.507,ROTATION_SCAN,2.109,-0.8536,0.306,-79.53,-0.46,1.38,15.0,-0.0602,0.011,-0.0355,1.367,,0.288,0.192,,,
108.573,ROTATION_SCAN,2.1044,-0.852,0.301,-78.3,-0.55,1.07,15.0,-0.0623,0.0239,-0.032,1.436,,0.297,0.185,,,
108.602,ROTATION_SCAN,2.1013,-0.8514,0.299,-76.93,-0.83,0.77,15.0,-0.0582,0.0312,-0.0386,1.436,,0.297,0.185,,,
108.666,ROTATION_SCAN,2.0993,-0.8501,0.299,-75.72,-1.21,0.57,15.0,-0.0486,0.0377,-0.0384,1.594,,0.307,0.191,,,
108.735,ROTATION_SCAN,2.0995,-0.8507,0.299,-74.57,-1.32,0.42,15.0,-0.032,0.038,-0.0259,1.594,,0.307,0.191,,,
108.784,ROTATION_SCAN,2.099,-0.8483,0.295,-73.49,-1.31,0.38,15.0,-0.0197,0.0458,-0.0215,2.102,,0.324,0.193,,,
108.831,ROTATION_SCAN,2.1054,-0.865,0.297,-72.47,-1.4,0.26,15.0,0.0091,0.008,-0.0217,2.102,,0.324,0.193,,,
108.863,ROTATION_SCAN,2.1082,-0.8665,0.295,-71.54,-1.54,0.39,15.0,0.0259,0.0103,-0.0104,,,0.336,0.201,,,
108.944,ROTATION_SCAN,2.1112,-0.8647,0.291,-70.65,-1.53,0.67,15.0,0.0409,0.0218,-0.0071,,,0.336,0.201,,,
108.957,ROTATION_SCAN,2.1189,-0.8673,0.294,-69.8,-1.01,1.15,15.0,0.0619,0.0245,-0.0232,2.197,,0.354,0.217,,,
109.024,ROTATION_SCAN,2.1221,-0.8653,0.292,-69.11,-0.21,1.47,15.0,0.062,0.039,-0.0031,2.197,,0.354,0.217,,,
109.055,ROTATION_SCAN,2.1294,-0.8626,0.289,-68.37,0.31,1.4,15.0,0.0667,0.0515,-0.007,2.193,1.329,0.374,0.23,,,
109.124,ROTATION_SCAN,2.132,-0.86,0.292,-67.7,1.0,1.48,15.0,0.0553,0.0605,-0.015,2.193,1.329,0.374,0.23,,,
109.158,ROTATION_SCAN,2.1355,-0.8575,0.29,-67.05,1.34,1.55,15.0,0.0423,0.0669,-0.0017,2.117,1.322,0.393,0.226,,,
109.242,ROTATION_SCAN,2.1348,-0.8546,0.293,-66.46,1.65,1.67,15.0,0.0185,0.0732,-0.0002,2.117,1.322,0.393,0.226,,,
109.272,ROTATION_SCAN,2.1369,-0.8502,0.295,-65.96,1.67,1.72,15.0,0.0023,0.0822,0.0054,2.065,1.308,0.417,0.231,,,
109.333,ROTATION_SCAN,2.1352,-0.8456,0.293,-65.49,1.41,1.63,15.0,-0.0191,0.0909,0.017,2.065,1.308,0.417,0.231,,,
109.362,ROTATION_SCAN,2.1319,-0.8419,0.296,-65.14,1.09,1.12,15.0,-0.0382,0.0949,0.0092,2.017,1.292,0.443,0.233,,,
109.419,ROTATION_SCAN,2.1293,-0.8382,0.296,-64.88,0.88,0.46,15.0,-0.0497,0.0943,0.0119,2.017,1.292,0.443,0.233,,,
109.46,ROTATION_SCAN,2.1261,-0.8352,0.299,-64.58,0.87,0.1,15.0,-0.0589,0.0892,0.0079,1.991,1.282,0.468,0.233,,,
109.532,ROTATION_SCAN,2.123,-0.8337,0.3,-64.25,0.78,-0.27,15.0,-0.0652,0.0784,0.0085,1.991,1.282,0.468,0.233,,,
109.561,ROTATION_SCAN,2.1203,-0.8318,0.301,-63.85,0.5,-0.62,15.0,-0.0668,0.0682,0.0108,1.978,1.266,0.494,0.218,,,
109.648,ROTATION_SCAN,2.1165,-0.8309,0.299,-63.41,0.1,-1.02,15.0,-0.0667,0.0552,0.0048,1.978,1.266,0.494,0.218,,,
109.669,ROTATION_SCAN,2.1121,-0.8299,0.298,-62.99,-0.26,-1.05,15.0,-0.0642,0.0437,-0.0026,1.921,1.255,0.525,0.215,,,
109.733,ROTATION_SCAN,2.1095,-0.8309,0.299,-62.63,-0.62,-0.94,15.0,-0.0556,0.0309,-0.0048,1.921,1.255,0.525,0.215,,,
109.761,ROTATION_SCAN,2.1062,-0.8314,0.3,-62.33,-0.89,-0.78,15.0,-0.0478,0.0231,-0.0046,1.896,1.251,,0.213,,,
109.802,ROTATION_SCAN,2.1049,-0.8307,0.299,-62.02,-0.96,-0.7,15.0,-0.0356,0.0206,-0.003,1.896,1.251,,0.213,,,
109.855,ROTATION_SCAN,2.1037,-0.8326,0.301,-61.66,-1.13,-0.5,15.0,-0.024,0.0137,-0.0015,1.863,1.252,,0.221,,,
109.948,ROTATION_SCAN,2.1043,-0.8325,0.299,-61.29,-1.15,-0.27,15.0,-0.01,0.0142,0.0023,1.863,1.252,,0.221,,,
109.952,ROTATION_SCAN,2.1067,-0.8319,0.302,-60.86,-1.0,-0.38,15.0,0.0053,0.016,-0.0048,1.851,1.256,,0.228,,,
110.029,ROTATION_SCAN,2.1091,-0.8312,0.298,-60.34,-0.93,-0.33,15.0,0.0181,0.0173,-0.0001,1.851,1.256,,0.228,,,
110.06,ROTATION_SCAN,2.1143,-0.8295,0.298,-59.79,-0.84,-0.21,15.0,0.0349,0.0209,-0.0057,1.824,1.246,,0.228,,,
110.11,ROTATION_SCAN,2.1162,-0.8302,0.297,-59.1,-0.65,0.02,15.0,0.0412,0.0194,-0.0042,1.824,1.246,,0.228,,,
110.17,ROTATION_SCAN,2.1264,-0.8259,0.299,-58.44,-0.54,0.27,15.0,0.0614,0.0309,-0.0065,1.795,1.238,,0.216,,,
110.213,ROTATION_SCAN,2.1323,-0.8232,0.291,-57.63,-0.01,0.24,15.0,0.0679,0.0359,-0.0043,1.795,1.238,,0.216,,,
110.272,ROTATION_SCAN,2.1363,-0.8222,0.296,-56.71,0.37,0.6,15.0,0.0657,0.0366,-0.0163,1.773,1.234,,0.204,,,
110.312,ROTATION_SCAN,2.1415,-0.8205,0.294,-55.67,0.84,0.67,15.0,0.0619,0.0378,-0.0035,1.773,1.234,,0.204,,,
110.401,ROTATION_SCAN,2.1462,-0.8188,0.296,-54.49,1.16,0.93,15.0,0.0544,0.038,-0.0015,1.759,1.241,,0.197,,2.08,-0.82
110.422,ROTATION_SCAN,2.1511,-0.817,0.299,-53.33,1.3,1.02,15.0,0.0462,0.038,-0.0006,1.759,1.241,,0.197,,2.08,-0.82
110.456,ROTATION_SCAN,2.1535,-0.8142,0.299,-52.13,1.33,1.26,-0.0,0.0318,0.041,0.0102,1.742,1.243,,0.198,,2.08,-0.82
110.519,ROTATION_SCAN,2.1581,-0.8119,0.3,-51.06,1.04,1.08,-0.0,0.024,0.0431,0.0096,1.742,1.243,,0.198,,2.08,-0.82
110.569,ROTATION_SCAN,2.1586,-0.8094,0.3,-50.02,0.76,0.81,-0.0,0.0125,0.0448,0.0107,1.774,1.242,,0.199,,2.08,-0.82
110.65,ROTATION_SCAN,2.1596,-0.8068,0.299,-49.17,0.68,0.81,-0.0,0.0051,0.047,0.0134,1.774,1.242,,0.199,,2.08,-0.82
110.673,ROTATION_SCAN,2.16,-0.805,0.301,-48.45,0.86,0.77,-0.0,-0.004,0.0463,0.0034,1.84,,,0.206,,2.08,-0.82
110.74,ROTATION_SCAN,2.1662,-0.798,0.301,-48.0,0.78,0.59,-0.0,0.0015,0.056,0.0141,1.84,,,0.206,,,
110.764,ROTATION_SCAN,2.1669,-0.7954,0.305,-47.6,0.83,0.59,-0.0,-0.0055,0.0549,0.0143,1.917,,,0.208,,,
110.846,ROTATION_SCAN,2.1655,-0.7922,0.306,-47.31,0.87,0.43,15.0,-0.0158,0.0539,0.0187,1.917,,,0.208,,,
110.862,ROTATION_SCAN,2.1648,-0.7895,0.308,-47.07,0.67,0.16,15.0,-0.0221,0.0513,0.0227,,,,0.212,,,
110.944,ROTATION_SCAN,2.1634,-0.788,0.309,-46.72,0.51,-0.19,15.0,-0.0259,0.0458,0.0168,,,,0.212,,,
110.998,ROTATION_SCAN,2.1635,-0.7857,0.305,-46.27,0.56,-0.5,15.0,-0.0241,0.0401,0.0152,,,,0.214,,,
111.011,ROTATION_SCAN,2.1633,-0.784,0.309,-45.72,0.55,-0.62,15.0,-0.0219,0.0327,-0.0028,,,,0.214,,,
111.052,ROTATION_SCAN,2.162,-0.7824,0.308,-45.15,0.39,-0.75,15.0,-0.0208,0.0261,0.004,,,,0.214,,,
111.118,ROTATION_SCAN,2.1632,-0.7814,0.31,-44.63,0.32,-0.69,15.0,-0.0137,0.0189,0.0046,,,,0.214,,,
111.186,ROTATION_SCAN,2.1637,-0.7802,0.305,-44.22,0.34,-0.67,15.0,-0.0093,0.0139,0.0028,,,,0.219,,,
111.214,ROTATION_SCAN,2.1663,-0.779,0.307,-43.93,0.41,-0.69,15.0,0.0059,0.0044,-0.0133,,,,0.219,,,
111.268,ROTATION_SCAN,2.1712,-0.7795,0.307,-43.6,0.41,-0.85,15.0,0.0127,-0.0,-0.0082,3.33,,,0.224,,,
111.318,ROTATION_SCAN,2.1759,-0.781,0.306,-43.12,0.64,-0.58,15.0,0.0228,-0.009,-0.0043,3.33,,,0.224,,,
111.37,ROTATION_SCAN,2.1819,-0.7813,0.31,-42.59,0.76,-0.39,15.0,0.0291,-0.0189,-0.0109,,,,0.229,,,
111.427,ROTATION_SCAN,2.1853,-0.7848,0.308,-41.92,0.9,0.02,15.0,0.0322,-0.0282,0.0013,,,,0.229,,,
111.481,ROTATION_SCAN,2.19,-0.788,0.309,-41.21,0.85,0.28,15.0,0.0293,-0.0369,0.0003,,,,0.234,,,
111.512,ROTATION_SCAN,2.1951,-0.7915,0.305,-40.51,0.82,0.59,15.0,0.0284,-0.0419,-0.0001,,,,0.234,,,
111.587,ROTATION_SCAN,2.1959,-0.7942,0.308,-39.78,0.92,0.87,15.0,0.0187,-0.0449,-0.0107,,,,0.235,,,
111.615,ROTATION_SCAN,2.1984,-0.7968,0.308,-38.98,0.78,1.15,15.0,0.0123,-0.0505,-0.0062,,,,0.235,,,
111.662,ROTATION_SCAN,2.1995,-0.801,0.309,-38.23,0.48,1.16,15.0,0.0014,-0.0467,-0.0014,,,,0.233,,,
111.704,ROTATION_SCAN,2.199,-0.8039,0.308,-37.5,0.34,1.33,15.0,-0.012,-0.0448,-0.0026,,,,0.233,,,
111.767,ROTATION_SCAN,2.1986,-0.807,0.308,-36.82,0.11,1.41,15.0,-0.0205,-0.0413,-0.0054,,,,0.237,,,
111.802,ROTATION_SCAN,2.1974,-0.8095,0.306,-36.17,-0.11,1.19,15.0,-0.0296,-0.036,-0.0078,,,,0.237,,,
111.877,ROTATION_SCAN,2.1956,-0.8099,0.306,-35.51,-0.17,1.26,15.0,-0.0398,-0.0268,-0.0134,,0.641,,0.232,,,
111.919,ROTATION_SCAN,2.1932,-0.8116,0.307,-34.65,-0.48,1.16,15.0,-0.0479,-0.0182,-0.0098,,0.641,,0.232,,,
111.952,ROTATION_SCAN,2.1879,-0.81,0.305,-33.92,-0.61,1.16,15.0,-0.0561,-0.0042,-0.0045,,0.603,,0.232,,,
112.018,ROTATION_SCAN,2.1839,-0.8124,0.302,-33.3,-0.7,1.17,15.0,-0.0639,0.001,-0.0076,,0.603,,0.232,,,
112.056,ROTATION_SCAN,2.1809,-0.8097,0.302,-32.73,-0.75,0.73,15.0,-0.0671,0.016,-0.0141,0.464,0.584,,0.23,,,
112.119,ROTATION_SCAN,2.1785,-0.8052,0.304,-32.27,-0.74,0.35,15.0,-0.065,0.0314,-0.0117,0.464,0.584,,0.23,,,
112.155,ROTATION_SCAN,2.1766,-0.8017,0.303,-31.82,-0.63,-0.01,15.0,-0.0604,0.0411,-0.0094,0.46,0.568,,0.233,,,
112.225,ROTATION_SCAN,2.1736,-0.797,0.303,-31.39,-0.55,-0.23,15.0,-0.0571,0.0504,-0.0087,0.46,0.568,,0.233,,,
112.255,ROTATION_SCAN,2.1718,-0.7928,0.301,-30.81,-0.29,-0.59,15.0,-0.0505,0.0556,-0.0122,0.446,0.556,,0.236,,,
112.313,ROTATION_SCAN,2.1709,-0.7885,0.305,-30.1,-0.2,-0.8,15.0,-0.0408,0.0576,-0.0159,0.446,0.556,,0.236,,,
112.358,ROTATION_SCAN,2.1724,-0.7854,0.306,-29.28,0.09,-0.81,15.0,-0.0265,0.0559,-0.0054,0.427,0.549,,0.241,,,
112.433,ROTATION_SCAN,2.1716,-0.7802,0.302,-28.35,0.41,-1.25,15.0,-0.0196,0.0557,-0.0064,0.427,0.549,,0.241,,,
112.46,ROTATION_SCAN,2.1734,-0.7778,0.305,-27.44,0.58,-1.48,15.0,-0.0051,0.0464,-0.0132,0.403,0.532,,0.247,,,
112.525,ROTATION_SCAN,2.1749,-0.7739,0.303,-26.58,0.76,-1.31,15.0,0.0069,0.0402,-0.0075,0.403,0.532,,0.247,,,
112.561,ROTATION_SCAN,2.1752,-0.7735,0.299,-25.8,1.14,-1.09,15.0,0.0124,0.0258,-0.0123,0.386,0.52,,0.255,,,
112.619,ROTATION_SCAN,2.1765,-0.7705,0.302,-25.04,1.22,-0.82,15.0,0.0168,0.0173,-0.0195,0.386,0.52,,0.255,,,
112.663,ROTATION_SCAN,2.181,-0.7715,0.302,-24.28,1.14,-0.49,15.0,0.0267,0.0019,-0.0123,0.363,0.504,,0.268,,,
112.722,ROTATION_SCAN,2.1854,-0.7726,0.3,-23.53,1.08,-0.3,15.0,0.0332,-0.0108,-0.0036,0.363,0.504,,0.268,,,
112.77,ROTATION_SCAN,2.1892,-0.7748,0.297,-22.65,1.02,0.17,15.0,0.0357,-0.0226,-0.0078,0.346,0.487,,0.275,,,
112.829,ROTATION_SCAN,2.1903,-0.7755,0.299,-21.81,0.87,0.59,15.0,0.0285,-0.0281,-0.0141,0.346,0.487,,0.275,,,
112.852,ROTATION_SCAN,2.1927,-0.7767,0.298,-21.09,0.66,0.74,15.0,0.0235,-0.0321,-0.0053,0.323,0.472,,0.291,,,
112.922,ROTATION_SCAN,2.1939,-0.7787,0.299,-20.09,0.43,0.88,15.0,0.0155,-0.0344,-0.001,0.323,0.472,,0.291,,,
112.975,ROTATION_SCAN,2.1942,-0.7809,0.299,-19.13,0.32,0.95,15.0,0.0065,-0.0358,-0.0001,0.31,0.445,,0.325,,,
113.032,ROTATION_SCAN,2.1953,-0.7817,0.301,-18.2,0.22,1.13,15.0,-0.0007,-0.0326,-0.0002,0.31,0.445,,0.325,,,
113.068,ROTATION_SCAN,2.1958,-0.7834,0.3,-17.3,0.11,1.25,15.0,-0.0094,-0.031,0.0008,0.296,0.427,,,,,
113.127,ROTATION_SCAN,2.1952,-0.7842,0.304,-16.41,0.18,1.14,15.0,-0.0194,-0.0276,-0.0046,0.296,0.427,,,,,
113.172,ROTATION_SCAN,2.1929,-0.786,0.299,-15.59,0.25,1.16,15.0,-0.032,-0.0279,-0.0001,0.286,0.41,,1.003,,,
113.224,ROTATION_SCAN,2.1905,-0.7884,0.299,-14.92,0.24,0.93,15.0,-0.0429,-0.0303,-0.0139,0.286,0.41,,1.003,,,
113.273,ROTATION_SCAN,2.1876,-0.79,0.296,-14.27,0.04,0.65,15.0,-0.0518,-0.03,-0.0123,0.29,0.399,,1.039,,,
113.31,ROTATION_SCAN,2.1855,-0.7903,0.299,-13.68,-0.07,0.65,15.0,-0.0554,-0.0254,-0.0126,0.29,0.399,,1.039,,,
113.377,ROTATION_SCAN,2.1833,-0.7901,0.299,-13.15,-0.26,0.39,15.0,-0.0575,-0.0193,-0.0077,0.287,0.385,,1.045,,,
113.433,ROTATION_SCAN,2.1805,-0.7897,0.299,-12.45,-0.18,0.18,15.0,-0.0586,-0.0132,-0.0066,0.287,0.385,,1.045,,,
113.452,ROTATION_SCAN,2.1786,-0.7882,0.297,-11.71,0.06,-0.14,15.0,-0.0556,-0.0077,-0.006,0.285,0.373,,1.056,,,
113.509,ROTATION_SCAN,2.1753,-0.7875,0.299,-11.01,0.09,-0.3,15.0,-0.0548,-0.006,-0.0091,0.285,0.373,,1.056,,,
113.563,ROTATION_SCAN,2.1737,-0.7852,0.297,-10.18,0.16,-0.31,15.0,-0.0496,-0.0013,-0.0063,0.277,0.361,,1.06,,,
113.602,ROTATION_SCAN,2.173,-0.7825,0.294,-9.31,0.07,-0.42,15.0,-0.0419,0.0043,-0.011,0.277,0.361,,1.06,,,
113.673,ROTATION_SCAN,2.1717,-0.7809,0.295,-8.45,0.15,-0.41,15.0,-0.0368,0.0063,-0.0214,0.268,0.355,,1.071,,,
113.706,ROTATION_SCAN,2.1701,-0.7755,0.295,-7.52,0.28,-0.58,15.0,-0.032,0.0163,-0.012,0.268,0.355,,1.071,,,
113.792,ROTATION_SCAN,2.1704,-0.7731,0.294,-6.63,0.6,-0.53,15.0,-0.0234,0.0161,-0.0085,0.26,0.35,,1.085,,,
113.833,ROTATION_SCAN,2.1705,-0.7711,0.292,-5.86,1.08,-0.39,15.0,-0.0174,0.0112,-0.01,0.26,0.35,,1.085,,,
113.868,ROTATION_SCAN,2.1713,-0.7694,0.295,-5.11,1.33,-0.38,15.0,-0.0113,0.0029,-0.0116,0.258,0.349,,1.106,,,
113.968,ROTATION_SCAN,2.1726,-0.7699,0.294,-4.34,1.05,-0.24,15.0,-0.0053,-0.0084,-0.001,0.258,0.349,,1.106,,,
113.982,ROTATION_SCAN,2.1733,-0.7694,0.294,-3.56,1.02,-0.37,15.0,-0.0006,-0.0147,-0.0023,0.261,0.346,,1.135,,,
114.013,ROTATION_SCAN,2.1732,-0.7723,0.298,-2.68,1.0,-0.19,15.0,0.0009,-0.0285,-0.0042,0.261,0.346,,1.135,,,
114.069,ROTATION_SCAN,2.1765,-0.7742,0.298,-1.83,0.98,-0.16,15.0,0.0098,-0.0379,0.005,0.259,0.339,,1.171,,,
114.101,ROTATION_SCAN,2.1797,-0.7747,0.297,-1.05,0.8,0.01,15.0,0.0164,-0.0416,0.0062,0.259,0.339,,1.171,,,
114.156,ROTATION_SCAN,2.1824,-0.7764,0.297,-0.26,0.7,0.3,15.0,0.0191,-0.047,0.0022,0.258,0.331,,1.207,,,
114.21,ROTATION_SCAN,2.184,-0.7788,0.294,0.66,0.43,0.6,15.0,0.0167,-0.0516,0.0019,0.258,0.331,,1.207,,,
114.276,ROTATION_SCAN,2.1871,-0.7822,0.296,1.61,0.2,0.63,15.0,0.0167,-0.0563,-0.0009,0.261,0.318,,1.242,,,
114.332,ROTATION_SCAN,2.1892,-0.7846,0.294,2.61,-0.09,0.81,15.0,0.0139,-0.0556,0.0036,0.261,0.318,,1.242,,,
114.375,ROTATION_SCAN,2.1903,-0.7879,0.299,3.51,-0.16,0.64,15.0,0.0088,-0.056,-0.0028,0.262,0.303,,1.283,,,
114.414,ROTATION_SCAN,2.1916,-0.7898,0.299,4.41,-0.38,0.59,15.0,0.0059,-0.0516,0.0086,0.262,0.303,,1.283,,,
114.468,ROTATION_SCAN,2.1925,-0.7933,0.295,5.39,-0.62,0.33,15.0,0.0031,-0.05,0.0078,0.27,0.302,,1.336,,,
114.538,ROTATION_SCAN,2.1932,-0.796,0.297,6.35,-0.63,0.33,15.0,0.0016,-0.0456,-0.0089,0.27,0.302,,1.336,,,
114.555,ROTATION_SCAN,2.1949,-0.796,0.299,7.36,-0.71,0.38,15.0,0.0022,-0.035,-0.0043,0.279,0.289,,1.386,,,
114.64,ROTATION_SCAN,2.1967,-0.7967,0.299,8.38,-0.88,0.52,15.0,0.0014,-0.026,0.0084,0.279,0.289,,1.386,,,
114.657,ROTATION_SCAN,2.1972,-0.7978,0.301,9.48,-0.83,0.65,15.0,-0.003,-0.0196,0.0057,0.297,0.28,,1.447,,,
114.712,ROTATION_SCAN,2.1965,-0.7943,0.299,10.56,-0.65,0.84,15.0,-0.0115,-0.0046,0.0049,0.297,0.28,,1.447,,,
114.772,ROTATION_SCAN,2.1965,-0.7924,0.297,11.51,-0.67,0.74,15.0,-0.0173,0.0043,0.003,0.316,0.273,,1.544,,,
114.805,ROTATION_SCAN,2.1954,-0.7912,0.3,12.39,-0.49,0.58,15.0,-0.0237,0.0102,-0.0069,0.316,0.273,,1.544,,,
114.868,ROTATION_SCAN,2.1953,-0.7905,0.299,13.14,-0.05,0.54,15.0,-0.0256,0.0111,0.0038,0.339,0.272,,,,,
114.904,ROTATION_SCAN,2.1936,-0.7848,0.301,13.79,0.14,0.64,15.0,-0.0308,0.0209,0.0035,0.339,0.272,,,,,
114.954,ROTATION_SCAN,2.1932,-0.783,0.302,14.43,0.46,0.76,15.0,-0.0332,0.0186,0.0062,0.365,0.27,1.357,,,,
115.029,ROTATION_SCAN,2.192,-0.7807,0.301,15.04,0.77,0.89,15.0,-0.0371,0.0147,0.0074,0.365,0.27,1.357,,,,
115.06,ROTATION_SCAN,2.1906,-0.7795,0.301,15.49,0.76,0.87,15.0,-0.041,0.0073,0.0013,0.38,0.27,1.352,,,,
115.128,ROTATION_SCAN,2.1895,-0.7794,0.303,15.81,0.7,0.9,15.0,-0.0446,-0.001,-0.0019,0.38,0.27,1.352,,,,
115.151,ROTATION_SCAN,2.1863,-0.7797,0.304,16.1,0.7,0.82,15.0,-0.052,-0.0091,0.0037,0.389,0.264,,,,,
115.215,ROTATION_SCAN,2.1829,-0.78,0.303,16.48,0.61,0.59,15.0,-0.0578,-0.0156,0.0071,0.389,0.264,,,,,
115.254,ROTATION_SCAN,2.1825,-0.7835,0.303,16.91,0.48,0.39,15.0,-0.0547,-0.0268,0.0034,0.4,0.261,1.318,2.225,,,
115.316,ROTATION_SCAN,2.18,-0.784,0.306,17.43,0.42,0.08,15.0,-0.055,-0.0286,0.0001,0.4,0.261,1.318,2.225,,,
115.367,ROTATION_SCAN,2.1776,-0.7846,0.305,18.1,0.41,-0.13,15.0,-0.0526,-0.0301,0.0031,0.412,0.259,1.3,,,,
115.431,ROTATION_SCAN,2.1752,-0.7859,0.305,18.83,0.42,-0.04,15.0,-0.0505,-0.0326,0.0002,0.412,0.259,1.3,,,,
115.462,ROTATION_SCAN,2.1727,-0.7877,0.304,19.7,0.38,-0.32,15.0,-0.0478,-0.0357,0.0008,0.426,0.252,1.292,2.22,,,
115.52,ROTATION_SCAN,2.1713,-0.7901,0.306,20.59,0.35,-0.45,15.0,-0.0413,-0.0385,-0.0092,0.426,0.252,1.292,2.22,,,
115.597,ROTATION_SCAN,2.172,-0.7888,0.302,21.52,0.38,-0.28,15.0,-0.0319,-0.0333,-0.0047,0.449,0.247,1.26,,,,
115.619,ROTATION_SCAN,2.1731,-0.7905,0.304,22.48,0.35,-0.38,15.0,-0.0221,-0.0351,-0.0146,0.449,0.247,1.26,,,,
115.67,ROTATION_SCAN,2.1746,-0.7914,0.303,23.4,0.25,-0.23,15.0,-0.0132,-0.0343,-0.0073,0.47,0.246,1.249,,,,
115.723,ROTATION_SCAN,2.174,-0.7931,0.302,24.29,0.32,-0.22,15.0,-0.0107,-0.036,-0.0052,0.47,0.246,1.249,,,,
115.767,ROTATION_SCAN,2.1779,-0.8017,0.302,25.1,0.25,-0.14,15.0,0.0016,-0.0517,-0.0093,0.491,0.246,1.239,1.964,,,
115.802,ROTATION_SCAN,2.1808,-0.8018,0.304,25.82,-0.02,0.03,15.0,0.0083,-0.047,-0.006,0.491,0.246,1.239,1.964,,,
115.864,ROTATION_SCAN,2.1827,-0.806,0.3,26.54,-0.3,0.03,15.0,0.0105,-0.0498,0.0005,,0.254,,1.875,,,
115.924,ROTATION_SCAN,2.1856,-0.8096,0.305,27.26,-0.53,0.01,15.0,0.0137,-0.0488,-0.0112,,0.254,,1.875,,,
115.953,ROTATION_SCAN,2.1887,-0.8101,0.304,27.98,-0.77,-0.02,15.0,0.0162,-0.0398,-0.0026,,0.265,1.227,1.839,,,
116.023,ROTATION_SCAN,2.191,-0.8104,0.305,28.67,-1.05,0.01,15.0,0.0157,-0.0292,0.004,,0.265,1.227,1.839,,,
116.051,ROTATION_SCAN,2.1922,-0.8117,0.304,29.35,-1.15,0.18,15.0,0.0114,-0.0213,-0.0008,,0.266,1.226,1.802,,,
116.114,ROTATION_SCAN,2.1955,-0.8109,0.304,30.14,-1.33,0.29,15.0,0.0105,-0.0094,-0.0105,,0.266,1.226,1.802,,,
116.187,ROTATION_SCAN,2.1983,-0.8081,0.302,30.94,-1.37,0.53,15.0,0.0064,0.0053,-0.0128,,0.266,1.225,1.784,,,
116.223,ROTATION_SCAN,2.1976,-0.8046,0.303,31.78,-1.34,0.65,15.0,-0.0059,0.019,-0.0167,,0.266,1.225,1.784,,,
116.253,ROTATION_SCAN,2.1981,-0.8024,0.3,32.63,-1.16,0.76,15.0,-0.0144,0.0266,-0.0162,,0.259,1.208,1.768,,,
116.315,ROTATION_SCAN,2.1961,-0.7963,0.299,33.52,-1.05,0.68,15.0,-0.027,0.0416,-0.0237,,0.259,1.208,1.768,,,
116.38,ROTATION_SCAN,2.1939,-0.7935,0.299,34.29,-0.96,0.61,15.0,-0.0381,0.0467,-0.0213,,0.257,1.191,1.762,,,
116.415,ROTATION_SCAN,2.191,-0.7879,0.298,34.97,-0.66,0.58,15.0,-0.0479,0.0563,-0.015,,0.257,1.191,1.762,,,
116.451,ROTATION_SCAN,2.1898,-0.7834,0.295,35.75,-0.27,0.53,15.0,-0.0505,0.0603,-0.0163,,0.258,1.186,1.762,,,
116.513,ROTATION_SCAN,2.1863,-0.7772,0.293,36.61,0.22,0.52,15.0,-0.056,0.065,-0.0208,,0.258,1.186,1.762,,,
116.555,ROTATION_SCAN,2.1856,-0.7734,0.296,37.54,0.69,0.47,15.0,-0.0518,0.0605,-0.0231,,0.26,1.178,1.765,,,
116.613,ROTATION_SCAN,2.1849,-0.7711,0.293,38.36,1.23,0.68,15.0,-0.0458,0.0491,-0.0098,,0.26,1.178,1.765,,,
116.675,ROTATION_SCAN,2.1824,-0.7684,0.294,39.08,1.47,0.76,15.0,-0.0437,0.0369,-0.0095,,0.258,,1.767,,,
116.709,ROTATION_SCAN,2.1815,-0.7658,0.294,39.7,1.64,0.87,15.0,-0.0379,0.0242,-0.0049,,0.258,,1.767,,,
116.784,ROTATION_SCAN,2.1806,-0.7634,0.296,40.26,1.76,1.0,15.0,-0.0324,0.011,0.0022,,0.257,1.19,1.774,,2.06,-0.78
116.813,ROTATION_SCAN,2.18,-0.7638,0.294,40.81,1.7,0.98,15.0,-0.0268,-0.0076,0.0068,,0.257,1.19,1.774,,2.06,-0.78
116.892,ROTATION_SCAN,2.18,-0.7652,0.298,41.23,1.64,0.9,-0.0,-0.0206,-0.0255,0.0033,,0.254,,1.812,,2.06,-0.78
116.913,ROTATION_SCAN,2.1807,-0.7657,0.299,41.41,0.59,1.6,-0.0,-0.0177,-0.0371,0.012,,0.254,,1.812,,2.06,-0.78
116.987,ROTATION_SCAN,2.183,-0.7684,0.3,41.47,-1.03,2.72,-0.0,-0.0283,-0.0497,0.0231,,0.247,,1.825,,2.06,-0.78
117.042,ROTATION_SCAN,2.1848,-0.7735,0.3,41.55,-2.29,3.08,-0.0,-0.0494,-0.0605,0.0187,,0.247,,1.825,,2.06,-0.78
117.059,ROTATION_SCAN,2.1818,-0.7773,0.3,41.71,-2.95,3.34,-0.0,-0.0852,-0.0638,0.0092,,0.245,,1.831,,2.06,-0.78
117.146,ROTATION_SCAN,2.1766,-0.7829,0.302,41.92,-3.32,3.42,-0.0,-0.1265,-0.0688,0.0052,,0.245,,1.831,,2.06,-0.78
117.154,ROTATION_SCAN,2.1713,-0.7864,0.301,42.11,-2.47,1.83,-0.0,-0.1573,-0.0654,0.0139,,0.234,,1.839,,2.06,-0.78
117.232,ROTATION_SCAN,2.1615,-0.7865,0.303,42.4,-1.38,0.13,-0.0,-0.1741,-0.051,0.0052,,0.234,,1.839,,2.06,-0.78
117.263,ROTATION_SCAN,2.1526,-0.789,0.3,42.61,-0.39,-0.87,-0.0,-0.1754,-0.0432,0.0042,,0.23,,1.849,,2.06,-0.78
117.326,ROTATION_SCAN,2.1416,-0.789,0.303,42.68,0.55,-1.91,-0.0,-0.1701,-0.0308,0.0,,0.23,,1.849,,,
117.354,ROTATION_SCAN,2.1351,-0.7879,0.299,42.61,1.28,-2.32,-0.0,-0.1457,-0.0179,0.0002,,0.232,,1.809,,,
117.417,ROTATION_SCAN,2.1295,-0.7882,0.303,42.39,1.86,-2.32,15.0,-0.1181,-0.0134,-0.0095,,0.232,,1.809,,,
117.472,ROTATION_SCAN,2.1254,-0.7875,0.299,42.15,2.05,-2.2,15.0,-0.0889,-0.0098,-0.0037,,0.236,,1.809,,,
117.533,ROTATION_SCAN,2.1218,-0.7872,0.303,42.08,2.26,-2.09,15.0,-0.0616,-0.0092,-0.0084,,0.236,,1.809,,,
117.556,ROTATION_SCAN,2.1191,-0.7862,0.306,42.05,2.23,-2.03,15.0,-0.0363,-0.0084,-0.0028,,0.246,,1.799,,,
117.63,ROTATION_SCAN,2.1196,-0.785,0.305,42.18,2.09,-1.72,15.0,-0.0075,-0.0073,0.005,,0.246,,1.799,,,
117.664,ROTATION_SCAN,2.1227,-0.7855,0.3,42.57,1.86,-1.36,15.0,0.0207,-0.0112,-0.0008,,0.239,,1.8,,,
117.721,ROTATION_SCAN,2.1257,-0.7868,0.299,43.15,1.38,-1.24,15.0,0.0423,-0.0149,-0.0173,,0.239,,1.8,,,
117.751,ROTATION_SCAN,2.1297,-0.7867,0.301,43.84,1.08,-0.74,15.0,0.0592,-0.0147,-0.021,,0.22,,1.833,,,
117.833,ROTATION_SCAN,2.1347,-0.787,0.299,44.62,0.64,-0.35,15.0,0.0717,-0.0158,-0.0075,,0.22,,1.833,,,
117.87,ROTATION_SCAN,2.1403,-0.7888,0.3,45.42,0.33,-0.23,15.0,0.0811,-0.0193,-0.0116,,0.205,,2.037,,,
117.899,ROTATION_SCAN,2.1448,-0.788,0.302,46.12,-0.02,-0.01,15.0,0.083,-0.0152,-0.0069,,0.205,,2.037,,,
117.951,ROTATION_SCAN,2.1481,-0.7881,0.301,46.8,-0.34,0.29,15.0,0.0783,-0.0135,-0.0009,,0.206,,,,,
118.005,ROTATION_SCAN,2.1524,-0.7902,0.301,47.68,-0.79,0.53,15.0,0.0738,-0.0163,-0.0047,,0.206,,,,,
118.071,ROTATION_SCAN,2.1554,-0.7906,0.301,48.59,-1.01,0.52,15.0,0.063,-0.0131,-0.0013,,0.202,,,,,
118.114,ROTATION_SCAN,2.1584,-0.791,0.302,49.52,-1.16,0.71,15.0,0.0525,-0.0108,-0.0021,,0.202,,,,,
118.171,ROTATION_SCAN,2.1601,-0.7916,0.302,50.39,-1.39,0.77,15.0,0.038,-0.0088,-0.0036,,0.211,,,,,
118.206,ROTATION_SCAN,2.1618,-0.792,0.299,51.31,-1.53,0.71,15.0,0.0242,-0.006,-0.0055,,0.211,,,,,
118.275,ROTATION_SCAN,2.1613,-0.7927,0.301,52.28,-1.45,0.78,15.0,0.0064,-0.0045,-0.0126,,0.213,,,,,
118.304,ROTATION_SCAN,2.1612,-0.7921,0.302,53.2,-1.44,0.81,15.0,-0.0082,-0.0002,-0.0081,,0.213,,,,,
118.374,ROTATION_SCAN,2.1554,-0.7927,0.3,54.05,-1.23,0.69,15.0,-0.0339,0.0,-0.005,,0.213,0.604,,,,
118.407,ROTATION_SCAN,2.1517,-0.7899,0.299,54.88,-0.94,0.51,15.0,-0.0484,0.0077,-0.0103,,0.213,0.604,,,,
118.472,ROTATION_SCAN,2.1456,-0.7888,0.3,55.65,-0.55,0.25,15.0,-0.0635,0.01,-0.0158,,0.21,0.57,,,,
118.502,ROTATION_SCAN,2.1409,-0.7872,0.296,56.45,-0.35,0.22,-0.0,-0.0708,0.0133,-0.0156,,0.21,0.57,,,,
118.567,ROTATION_SCAN,2.1375,-0.7871,0.296,57.25,0.06,0.21,-0.0,-0.0724,0.0108,-0.0222,,0.208,0.542,,,,
118.622,ROTATION_SCAN,2.1314,-0.7864,0.292,58.05,0.48,-0.07,-0.0,-0.074,0.0107,-0.0288,,0.208,0.542,,,,
118.669,ROTATION_SCAN,2.1294,-0.7867,0.296,58.74,0.97,-0.34,-0.0,-0.0686,0.0076,-0.0369,,0.201,0.504,,,,
118.705,ROTATION_SCAN,2.1248,-0.7866,0.293,59.16,1.39,-0.37,-0.0,-0.0578,0.0031,-0.0284,,0.201,0.504,,,,
118.782,ROTATION_SCAN,2.1221,-0.7865,0.292,59.42,1.24,-0.19,-0.0,-0.0472,-0.0008,-0.0387,,0.198,0.488,,,,
118.817,ROTATION_SCAN,2.1203,-0.7881,0.285,59.56,1.2,-0.16,-0.0,-0.0369,-0.008,-0.0545,,0.198,0.488,,,,
118.852,ROTATION_SCAN,2.118,-0.7885,0.286,59.72,0.9,-0.36,-0.0,-0.0302,-0.0106,-0.0693,,0.195,0.48,0.539,,,
118.921,ROTATION_SCAN,2.1164,-0.7891,0.28,59.93,0.69,-0.41,-0.0,-0.0204,-0.01,-0.0725,,0.195,0.48,0.539,,,
118.957,ROTATION_SCAN,2.1221,-0.7947,0.277,60.25,0.44,-0.52,-0.0,-0.0013,-0.0208,-0.0899,,0.193,0.472,,,,
119.016,ROTATION_SCAN,2.122,-0.793,0.269,60.58,0.23,-0.15,-0.0,0.0027,-0.0094,-0.1079,,0.193,0.472,,,,
119.049,ROTATION_SCAN,2.1228,-0.7906,0.264,60.84,0.05,0.04,-0.0,0.0037,-0.0054,-0.126,,0.193,0.462,0.529,,,
119.108,ROTATION_SCAN,2.1322,-0.7956,0.257,61.11,0.04,0.21,-0.0,0.0235,-0.0185,-0.1405,,0.193,0.462,0.529,,,
119.163,ROTATION_SCAN,2.1346,-0.7986,0.249,61.17,-0.16,0.32,-0.0,0.0251,-0.0247,-0.1487,,0.195,0.453,0.525,,,
119.205,ROTATION_SCAN,2.136,-0.7996,0.242,61.15,-0.26,0.42,-0.0,0.0176,-0.0279,-0.1591,,0.195,0.453,0.525,,,
119.272,ROTATION_SCAN,2.1332,-0.7976,0.237,61.1,-0.66,0.19,-0.0,0.009,-0.0191,-0.1642,,0.195,0.448,0.528,,,
119.304,ROTATION_SCAN,2.129,-0.7874,0.227,61.12,-0.68,0.04,-0.0,-0.0067,0.0071,-0.1619,,0.195,0.448,0.528,,,
119.367,ROTATION_SCAN,2.1217,-0.7807,0.217,61.18,-0.47,0.43,-0.0,-0.0266,0.021,-0.1834,,0.191,0.445,0.534,,,
119.419,ROTATION_SCAN,2.1169,-0.7822,0.206,61.24,-0.16,0.56,-0.0,-0.0382,0.0122,-0.1941,,0.191,0.445,0.534,,,
119.469,ROTATION_SCAN,2.1067,-0.7785,0.194,61.32,0.21,0.66,-0.0,-0.0581,0.0144,-0.2031,,0.186,0.435,0.548,,,
119.508,ROTATION_SCAN,2.1009,-0.779,0.186,61.37,0.61,0.52,-0.0,-0.064,0.0061,-0.2117,,0.186,0.435,0.548,,,
119.574,ROTATION_SCAN,2.1004,-0.7818,0.182,61.42,0.95,0.53,-0.0,-0.0541,-0.0082,-0.2143,,0.184,0.424,0.566,,,
119.606,ROTATION_SCAN,2.0969,-0.7884,0.166,61.5,1.13,0.41,-0.0,-0.0499,-0.0296,-0.2032,,0.184,0.424,0.566,,,
119.675,ROTATION_SCAN,2.096,-0.795,0.157,61.69,1.34,0.3,-0.0,-0.0385,-0.0495,-0.2194,,0.177,0.408,,,,
119.704,ROTATION_SCAN,2.0933,-0.7979,0.144,61.75,1.28,0.12,-0.0,-0.032,-0.0576,-0.2315,,0.177,0.408,,,,
119.774,ROTATION_SCAN,2.0928,-0.8056,0.136,61.68,1.07,-0.17,-0.0,-0.0198,-0.0757,-0.239,,0.169,0.398,,,,
119.807,ROTATION_SCAN,2.0897,-0.8117,0.128,61.62,0.79,-0.39,-0.0,-0.0182,-0.0847,-0.2328,,0.169,0.398,,,,
119.875,ROTATION_SCAN,2.0872,-0.8163,0.114,61.53,0.41,-0.44,-0.0,-0.0184,-0.0843,-0.2272,,0.16,0.387,,,,
119.904,ROTATION_SCAN,2.0861,-0.8222,0.092,61.43,0.1,-0.56,0.0,-0.0153,-0.0884,-0.2397,,0.16,0.387,,,,
119.974,ROTATION_SCAN,2.0865,-0.8285,0.069,61.61,-0.04,-0.45,0.0,-0.004,-0.0966,-0.4369,,0.15,0.37,,,,
120.009,ROTATION_SCAN,2.0814,-0.8278,0.012,62.03,-0.5,0.39,0.0,-0.0483,-0.061,-0.7647,,0.15,0.37,,,,
120.123,ROTATION_SCAN,2.0708,-0.831,0.011,62.79,-1.15,2.67,0.0,-0.1361,-0.0683,-0.6659,,0.159,0.338,,,,
120.132,ROTATION_SCAN,2.0666,-0.8348,0.044,61.89,-10.28,9.58,0.0,-0.1069,-0.1255,-0.5062,,0.159,0.338,,,,
120.159,ROTATION_SCAN,2.0696,-0.8388,0.0,58.87,-13.12,12.18,0.0,-0.1919,-0.1888,-0.6295,,0.151,0.208,,,,
120.223,ROTATION_SCAN,2.0626,-0.8464,0.003,54.12,0.46,0.92,0.0,-0.2372,-0.2261,-0.3053,,0.151,0.208,,,,
120.274,ROTATION_SCAN,2.0659,-0.8481,0.014,48.16,1.02,1.12,0.0,-0.2652,-0.283,-0.2861,,0.136,0.441,,,,
120.321,ROTATION_SCAN,2.0525,-0.8631,0.014,47.03,1.0,1.36,0.0,-0.2674,-0.297,-0.1407,,0.136,0.441,,,,
