time_s,state,x_m,y_m,z_down_m,edge_event,edge_x_m,edge_y_m,yaw_deg,roll_deg,pitch_deg,yaw_ref_deg,vx_ms,vy_ms,vz_ms,range_front_m,range_back_m,range_left_m,range_right_m,range_up_m,target_x_m,target_y_m,local_x_min_m,local_x_max_m,local_y_min_m,local_y_max_m
0.244,,0.0,0.0,0.012,,,,0.0,0.0,0.0,0.0,0.0,0.0,0.0,0.678,0.359,,1.127,,,,,,,
0.248,,0.1882,-0.2577,0.012,,,,132.53,-1.56,0.63,0.0,0.0216,-0.0033,0.0017,0.678,0.359,,1.127,,,,,,,
0.253,,0.1844,-0.2575,0.011,,,,132.0,-1.66,0.52,0.0,0.0029,-0.0023,0.0016,0.68,0.358,,1.093,,,,,,,
0.257,,0.1859,-0.2592,0.013,,,,131.47,-1.66,0.61,0.0,0.01,-0.0106,-0.0016,0.68,0.358,,1.093,,,,,,,
0.316,,0.185,-0.257,0.011,,,,130.95,-1.63,0.52,0.0,0.0057,0.0008,0.0011,0.677,0.37,,1.107,,,,,,,
0.334,,0.1873,-0.2577,0.012,,,,130.42,-1.58,0.6,0.0,0.0171,-0.0029,-0.0018,0.677,0.37,,1.107,,,,,,,
0.383,,0.1842,-0.2573,0.009,,,,129.9,-1.65,0.52,0.0,0.0027,-0.0014,-0.0012,0.678,0.357,,,,,,,,,
0.432,,0.1856,-0.2562,0.011,,,,129.38,-1.59,0.52,0.0,0.0097,0.0038,-0.0072,0.678,0.357,,,,,,,,,
0.489,,0.1843,-0.2573,0.011,,,,128.86,-1.65,0.52,0.0,0.0038,-0.0021,-0.0058,0.68,0.36,,1.096,,,,,,,
0.539,,0.1854,-0.2587,0.011,,,,128.34,-1.64,0.58,0.0,0.0087,-0.0077,-0.0042,0.68,0.36,,1.096,,,,,,,
0.588,,0.1854,-0.2564,0.012,,,,127.82,-1.59,0.52,0.0,0.0087,0.0033,-0.0037,0.679,0.359,,,,,,,,,
0.632,,0.1843,-0.2573,0.011,,,,127.3,-1.65,0.52,0.0,0.0031,-0.001,-0.0005,0.679,0.359,,,,,,,,,
0.682,,0.1845,-0.2576,0.011,,,,126.79,-1.65,0.54,0.0,0.0041,-0.0017,-0.0016,0.684,0.359,,,,,,,,,
0.732,,0.1852,-0.257,0.013,,,,126.27,-1.61,0.53,0.0,0.0071,0.0015,-0.0013,0.684,0.359,,,,,,,,,
0.782,,0.185,-0.2568,0.012,,,,125.76,-1.62,0.52,0.0,0.0059,0.0018,0.0028,0.681,0.359,,1.098,,,,,,,
0.832,,0.1857,-0.2566,0.013,,,,125.25,-1.59,0.53,0.0,0.0094,0.0024,0.0027,0.681,0.359,,1.098,,,,,,,
0.895,,0.1871,-0.2586,0.011,,,,124.73,-1.59,0.62,0.0,0.0151,-0.0074,0.004,0.681,0.357,,,,,,,,,
0.962,,0.1844,-0.2571,0.012,,,,124.22,-1.64,0.52,0.0,0.0026,-0.0003,0.0003,0.681,0.357,,,,,,,,,
0.997,,0.1843,-0.2573,0.012,,,,123.72,-1.64,0.52,0.0,0.0022,-0.001,0.0003,0.682,0.359,,1.108,,,,,,,
1.043,,0.1847,-0.258,0.011,,,,123.21,-1.64,0.55,0.0,0.0048,-0.0047,-0.0001,0.682,0.359,,1.108,,,,,,,
1.083,,0.1845,-0.2571,0.011,,,,122.7,-1.63,0.52,0.0,0.0044,-0.0001,-0.0024,0.681,0.36,,1.131,,,,,,,
1.177,,0.1857,-0.2564,0.014,,,,122.2,-1.57,0.52,0.0,0.0101,0.0034,-0.0043,0.681,0.36,,1.131,,,,,,,
1.188,,0.1851,-0.2584,0.012,,,,121.7,-1.63,0.57,0.0,0.0063,-0.0063,0.0017,0.681,0.36,,,,,,,,,
1.238,,0.1851,-0.2584,0.01,,,,121.19,-1.63,0.57,0.0,0.0065,-0.0061,0.0004,0.681,0.36,,,,,,,,,
1.283,,0.1844,-0.2573,0.012,,,,120.69,-1.63,0.52,0.0,0.0038,-0.0008,-0.0046,0.679,0.361,,,,,,,,,
1.334,,0.1849,-0.257,0.011,,,,120.19,-1.6,0.52,0.0,0.0065,0.0012,-0.0024,0.679,0.361,,,,,,,,,
1.383,,0.1848,-0.2574,0.01,,,,119.7,-1.61,0.53,0.0,0.0057,-0.0005,-0.0029,0.683,0.361,,,,,,,,,
1.459,,0.1846,-0.2571,0.012,,,,119.2,-1.62,0.52,0.0,0.0049,0.0001,-0.0056,0.683,0.361,,,,,,,,,
1.491,,0.1847,-0.258,0.012,,,,118.7,-1.63,0.56,0.0,0.0053,-0.0046,-0.0028,0.681,0.357,,1.085,,,,,,,
1.548,,0.1848,-0.257,0.014,,,,118.2,-1.61,0.53,0.0,0.006,-0.0,0.0001,0.681,0.357,,1.085,,,,,,,
1.585,,0.1843,-0.2573,0.011,,,,117.71,-1.64,0.53,0.0,0.0034,-0.0021,0.0052,0.679,0.358,,1.12,,,,,,,
1.631,,0.185,-0.2569,0.012,,,,117.22,-1.61,0.53,0.0,0.0064,-0.0002,0.0012,0.679,0.358,,1.12,,,,,,,
1.683,,0.1852,-0.2568,0.011,,,,116.72,-1.6,0.53,0.0,0.007,0.0001,0.001,0.679,0.361,,1.098,,,,,,,
1.732,,0.1852,-0.2568,0.011,,,,116.23,-1.6,0.53,0.0,0.0068,0.0004,-0.0018,0.679,0.361,,1.098,,,,,,,
1.787,,0.1848,-0.257,0.011,,,,115.75,-1.62,0.53,0.0,0.0049,-0.0005,-0.0031,0.679,0.359,,,,,,,,,
1.841,,0.1855,-0.258,0.012,,,,115.26,-1.61,0.57,0.0,0.0081,-0.0052,-0.0038,0.679,0.359,,,,,,,,,
1.884,,0.1853,-0.2576,0.01,,,,114.77,-1.62,0.55,0.0,0.0068,-0.0031,-0.0021,0.679,0.359,,,,,,,,,
1.933,,0.1852,-0.2572,0.012,,,,114.29,-1.61,0.53,0.0,0.0058,-0.0007,-0.005,0.679,0.359,,,,,,,,,
1.982,,0.1846,-0.2575,0.013,,,,113.8,-1.64,0.53,0.0,0.0018,-0.0018,-0.0025,0.677,0.362,,,,,,,,,
2.059,,0.1853,-0.2569,0.01,,,,113.32,-1.6,0.52,0.0,0.0061,0.0004,0.0016,0.677,0.362,,,,,,,,,
2.084,,0.1869,-0.2575,0.01,,,,112.84,-1.55,0.57,0.0,0.0148,-0.0029,-0.003,0.681,0.36,2.363,,,,,,,,
2.145,,0.1847,-0.2576,0.012,,,,112.36,-1.64,0.55,0.0,0.0033,-0.0031,-0.0055,0.681,0.36,2.363,,,,,,,,
2.183,,0.1856,-0.2597,0.012,,,,111.89,-1.64,0.64,0.0,0.0074,-0.0145,-0.0029,0.682,0.357,,1.123,,,,,,,
2.233,,0.1856,-0.2569,0.01,,,,111.41,-1.6,0.53,0.0,0.0073,-0.0002,-0.0006,0.682,0.357,,1.123,,,,,,,
2.282,,0.1856,-0.2571,0.014,,,,110.93,-1.6,0.54,0.0,0.0073,-0.001,-0.0038,0.679,0.359,,1.123,,,,,,,
2.368,,0.1857,-0.2569,0.01,,,,110.46,-1.59,0.52,0.0,0.0076,0.0003,0.0036,0.679,0.359,,1.123,,,,,,,
2.41,,0.1858,-0.2574,0.013,,,,109.99,-1.59,0.54,0.0,0.0082,-0.0024,-0.0011,0.68,0.357,,,,,,,,,
2.434,,0.1847,-0.2576,0.011,,,,109.52,-1.63,0.54,0.0,0.003,-0.0033,0.0029,0.68,0.357,,,,,,,,,
2.483,,0.1852,-0.2572,0.011,,,,109.05,-1.61,0.53,0.0,0.0051,-0.0014,0.0002,0.679,0.357,,1.112,,,,,,,
2.532,,-0.0,-0.0,0.012,,,,-0.0,0.0,-0.0,0.0,-0.0015,-0.0014,-0.0002,0.679,0.357,,1.112,,,,,,,
2.583,,0.0001,-0.0005,0.009,,,,-0.0,-0.04,0.01,0.0,0.0031,-0.0161,-0.0008,0.68,0.358,,,,,,,,,
2.657,,-0.0003,-0.002,0.009,,,,-0.01,0.13,0.24,0.0,-0.0015,-0.0359,-0.0045,0.68,0.358,,,,,,,,,
2.694,,0.0005,-0.0021,0.011,,,,-0.01,-0.33,0.04,0.0,0.0078,-0.0321,-0.0065,0.684,0.358,,1.092,,,,,,,
2.732,,0.0006,-0.0028,0.011,,,,-0.01,-0.56,0.12,0.0,0.0076,-0.0333,-0.0037,0.684,0.358,,1.092,,,,,,,
2.782,,0.0006,-0.0022,0.009,,,,-0.01,-0.92,0.19,0.0,0.0065,-0.0241,-0.0013,0.679,0.36,,1.007,,,,,,,
2.832,,0.0007,-0.0016,0.01,,,,-0.01,-1.2,0.23,0.0,0.0063,-0.0154,-0.0048,0.679,0.36,,1.007,,,,,,,
2.882,,0.0,-0.0022,0.012,,,,-0.02,-1.23,0.35,0.0,0.0012,-0.0178,-0.0038,0.677,0.361,,1.092,,,,,,,
2.954,,-0.0011,-0.0014,0.012,,,,-0.02,-1.39,0.47,0.0,-0.0062,-0.0111,0.0015,0.677,0.361,,1.092,,,,,,,
2.999,,0.0006,-0.0025,0.013,,,,-0.02,-1.33,0.3,0.0,0.0047,-0.0179,0.0037,0.68,0.359,,,,,,,,,
3.032,,0.0002,-0.0023,0.01,,,,-0.02,-1.4,0.34,0.0,0.0022,-0.0151,0.0072,0.68,0.359,,,,,,,,,
3.082,,0.0003,-0.0009,0.011,,,,-0.02,-1.54,0.34,0.0,0.0026,-0.0058,0.0019,0.677,0.356,,,,,,,,,
3.131,,-0.0,-0.0009,0.011,,,,-0.03,-1.56,0.37,0.0,0.0016,-0.005,0.0005,0.677,0.356,,,,,,,,,
3.183,,-0.0003,-0.0014,0.012,,,,-0.03,-1.54,0.39,0.0,-0.0011,-0.0075,-0.001,0.68,0.362,,1.097,,,,,,,
3.243,,0.0005,-0.0023,0.012,,,,-0.03,-1.5,0.35,0.0,0.0034,-0.0117,0.0008,0.68,0.362,,1.097,,,,,,,
3.289,,-0.0001,-0.0019,0.013,,,,-0.04,-1.53,0.39,0.0,0.0003,-0.0091,0.0014,0.679,0.362,,,,,,,,,
3.332,,0.0003,-0.0018,0.011,,,,-0.04,-1.54,0.37,0.0,0.0024,-0.0079,0.0037,0.679,0.362,,,,,,,,,
3.382,,0.0006,-0.0008,0.011,,,,-0.04,-1.6,0.36,0.0,0.0037,-0.0027,-0.0,0.683,0.363,,,,,,,,,
3.432,,-0.0006,-0.0047,0.011,,,,-0.05,-1.43,0.42,0.0,-0.0017,-0.0208,-0.0023,0.683,0.363,,,,,,,,,
3.482,,0.0003,-0.0041,0.011,,,,-0.05,-1.47,0.38,0.0,0.0021,-0.0175,-0.0033,0.68,0.356,,,,,,,,,
3.536,,0.0003,-0.0017,0.012,,,,-0.05,-1.56,0.39,0.0,0.0019,-0.0067,-0.0029,0.68,0.356,,,,,,,,,
3.589,,0.0003,-0.0015,0.011,,,,-0.05,-1.57,0.38,0.0,0.0021,-0.0062,-0.0006,0.674,0.374,,,,,,,,,
3.631,,0.0003,-0.0019,0.012,,,,-0.06,-1.56,0.38,0.0,0.0015,-0.0082,-0.0011,0.674,0.374,,,,,,,,,
3.682,,0.0007,-0.0006,0.012,,,,-0.06,-1.6,0.36,0.0,0.0028,-0.0032,0.0005,0.682,0.358,,1.049,,,,,,,
3.732,,-0.0012,-0.0016,0.01,,,,-0.06,-1.57,0.43,0.0,-0.0043,-0.0074,0.0011,0.682,0.358,,1.049,,,,,,,
3.82,,-0.0001,-0.0005,0.012,,,,-0.06,-1.6,0.39,0.0,0.0003,-0.0031,-0.0028,0.681,0.371,,1.121,,,,,,,
3.832,,-0.0007,-0.0004,0.012,,,,-0.07,-1.6,0.41,0.0,-0.002,-0.0031,-0.001,0.681,0.371,,1.121,,,,,,,
3.883,,0.0005,-0.0005,0.01,,,,-0.07,-1.6,0.37,0.0,0.0029,-0.0035,-0.0002,0.677,0.359,,,,,,,,,
3.932,,-0.0008,-0.0012,0.01,,,,-0.07,-1.58,0.42,0.0,-0.0027,-0.0059,-0.0037,0.677,0.359,,,,,,,,,
3.982,,0.0005,-0.0005,0.012,,,,-0.08,-1.6,0.37,0.0,0.0031,-0.0032,-0.0054,0.68,0.359,,1.116,,,,,,,
4.032,,-0.0001,-0.0006,0.011,,,,-0.08,-1.59,0.4,0.0,0.0003,-0.004,-0.0014,0.68,0.359,,1.116,,,,,,,
4.115,,-0.0026,-0.0022,0.013,,,,-0.08,-1.54,0.48,0.0,-0.0106,-0.0113,-0.0013,0.683,0.359,,,,,,,,,
4.147,,-0.0021,-0.0017,0.013,,,,-0.08,-1.56,0.46,0.0,-0.0089,-0.0091,0.004,0.683,0.359,,,,,,,,,
4.181,,0.0001,-0.0004,0.011,,,,-0.09,-1.59,0.38,0.0,0.002,-0.0031,0.0063,0.686,0.36,,,,,,,,,
4.232,,0.0005,-0.0023,0.012,,,,-0.09,-1.53,0.37,0.0,0.0034,-0.012,0.0012,0.686,0.36,,,,,,,,,
4.282,,0.0001,-0.0004,0.012,,,,-0.09,-1.6,0.38,0.0,0.0026,-0.003,0.0015,0.679,0.36,2.346,,,,,,,,
4.333,,-0.0008,-0.0003,0.011,,,,-0.09,-1.61,0.41,0.0,-0.0013,-0.0024,0.0011,0.679,0.36,2.346,,,,,,,,
4.411,,0.0004,-0.0011,0.011,,,,-0.09,-1.59,0.37,0.0,0.0038,-0.0058,-0.0024,0.677,0.371,,,,,,,,,
4.446,,0.0,-0.002,0.011,,,,-0.09,-1.55,0.39,0.0,0.002,-0.01,-0.0036,0.677,0.371,,,,,,,,,
4.481,,0.0,-0.0005,0.013,,,,-0.1,-1.61,0.38,0.0,0.0015,-0.0034,-0.0047,0.679,0.362,,,,,,,,,
4.532,,-0.0013,-0.0036,0.012,,,,-0.1,-1.5,0.44,0.0,-0.0044,-0.0173,-0.0008,0.679,0.362,,,,,,,,,
4.582,,-0.0,-0.0014,0.012,,,,-0.1,-1.58,0.39,0.0,0.002,-0.007,-0.0008,0.679,0.361,,,,,,,,,
4.632,,-0.0028,-0.0004,0.009,,,,-0.1,-1.61,0.49,0.0,-0.0107,-0.0026,-0.0007,0.679,0.361,,,,,,,,,
4.704,,-0.0,-0.0007,0.012,,,,-0.1,-1.61,0.38,0.0,0.0024,-0.0036,-0.0061,0.681,0.363,,1.11,,,,,,,
4.741,,0.0003,-0.0025,0.012,,,,-0.11,-1.54,0.38,0.0,0.0035,-0.0122,-0.0029,0.681,0.363,,1.11,,,,,,,
4.781,,0.0003,-0.0005,0.012,,,,-0.11,-1.61,0.38,0.0,0.0033,-0.003,-0.0011,0.678,0.353,,,,,,,,,
4.832,,-0.0022,-0.0005,0.012,,,,-0.11,-1.61,0.47,0.0,-0.0083,-0.0024,-0.0001,0.678,0.353,,,,,,,,,
4.882,,-0.001,-0.0014,0.013,,,,-0.11,-1.58,0.43,0.0,-0.0023,-0.0066,0.0005,0.68,0.357,,1.043,,,,,,,
4.931,,-0.0001,-0.001,0.014,,,,-0.11,-1.59,0.4,0.0,0.0017,-0.0046,0.0025,0.68,0.357,,1.043,,,,,,,
4.996,,-0.0015,-0.0015,0.013,,,,-0.11,-1.57,0.45,0.0,-0.0049,-0.0074,0.0061,0.679,0.357,,,,,,,,,
5.039,,-0.0023,-0.0028,0.013,,,,-0.11,-1.52,0.48,0.0,-0.0093,-0.0139,0.005,0.679,0.357,,,,,,,,,
5.081,,-0.001,-0.0014,0.013,,,,-0.12,-1.58,0.44,0.0,-0.0033,-0.0069,0.004,0.679,0.36,,,,,,,,,
5.132,,0.0002,-0.0024,0.013,,,,-0.12,-1.54,0.4,0.0,0.0026,-0.0129,0.0023,0.679,0.36,,,,,,,,,
5.181,,0.0001,-0.0005,0.012,,,,-0.12,-1.61,0.39,0.0,0.0018,-0.0022,0.0016,0.682,0.37,,,,,,,,,
5.231,,0.0002,-0.0008,0.011,,,,-0.13,-1.6,0.39,0.0,0.0022,-0.0037,-0.0023,0.682,0.37,,,,,,,,,
5.286,,-0.0025,-0.0026,0.013,,,,-0.13,-1.53,0.49,0.0,-0.0122,-0.0133,-0.0062,0.682,0.359,,,,,,,,,
5.342,,-0.0001,-0.0015,0.01,,,,-0.13,-1.57,0.39,0.0,0.0016,-0.007,-0.0026,0.682,0.359,,,,,,,,,
5.389,,0.0002,-0.0005,0.013,,,,-0.13,-1.6,0.37,0.0,0.003,-0.0019,-0.0083,0.677,0.372,,1.077,,,,,,,
5.432,,-0.0008,-0.0005,0.011,,,,-0.13,-1.6,0.42,0.0,-0.0022,-0.0018,-0.0028,0.677,0.372,,1.077,,,,,,,
5.483,,-0.0001,-0.0013,0.012,,,,-0.13,-1.57,0.4,0.0,0.001,-0.0065,-0.0047,0.679,0.361,,,,,,,,,
5.546,,-0.002,-0.0017,0.013,,,,-0.13,-1.55,0.47,0.0,-0.0089,-0.0086,-0.0033,0.679,0.361,,,,,,,,,
5.607,,-0.0008,-0.0016,0.012,,,,-0.14,-1.55,0.42,0.0,-0.0018,-0.0087,0.001,0.679,0.376,,1.119,,,,,,,
5.635,,-0.0005,-0.0004,0.011,,,,-0.14,-1.6,0.4,0.0,-0.0004,-0.0017,-0.0001,0.679,0.376,,1.119,,,,,,,
5.682,,0.0,-0.0004,0.009,,,,-0.14,-1.6,0.38,0.0,0.0027,-0.0026,-0.0026,0.679,0.356,,,,,,,,,
5.731,,-0.0006,-0.0004,0.013,,,,-0.14,-1.6,0.4,0.0,0.0003,-0.0025,-0.0082,0.679,0.356,,,,,,,,,
5.781,,-0.0004,-0.0004,0.014,,,,-0.14,-1.6,0.4,0.0,0.0017,-0.0022,-0.0016,0.679,0.372,,,,,,,,,
5.864,,-0.002,-0.0008,0.012,,,,-0.14,-1.58,0.48,0.0,-0.008,-0.0047,0.0041,0.679,0.372,,,,,,,,,
5.91,,-0.0004,-0.0011,0.014,,,,-0.15,-1.57,0.4,0.0,0.0016,-0.0063,0.0025,0.68,0.358,,1.114,,,,,,,
5.931,,-0.0004,-0.0015,0.011,,,,-0.15,-1.55,0.39,0.0,0.0025,-0.0089,0.0064,0.68,0.358,,1.114,,,,,,,
5.983,,-0.0001,-0.0005,0.011,,,,-0.16,-1.6,0.38,0.0,0.0046,-0.0014,0.0007,0.68,0.355,,1.103,,,,,,,
6.031,,-0.0003,-0.0015,0.012,,,,-0.16,-1.56,0.39,0.0,0.0039,-0.0064,-0.0027,0.68,0.355,,1.103,,,,,,,
6.081,,-0.0004,-0.0005,0.012,,,,-0.16,-1.6,0.41,0.0,0.004,-0.0002,-0.002,0.68,0.361,2.459,,,,,,,,
6.159,,-0.0004,-0.0016,0.012,,,,-0.16,-1.55,0.41,0.0,0.0042,-0.0062,-0.0013,0.68,0.361,2.459,,,,,,,,
6.182,,-0.001,-0.0012,0.013,,,,-0.16,-1.56,0.45,0.0,0.0002,-0.0039,-0.0012,0.679,0.363,,,,,,,,,
6.244,,-0.0022,-0.0025,0.009,,,,-0.17,-1.5,0.51,-0.0,-0.0063,-0.0114,0.001,0.679,0.363,,,,,,,,,
6.297,,-0.0002,-0.0004,0.007,,,,-0.19,-1.74,0.45,-0.0,0.0031,0.0072,-0.0053,0.685,0.36,,1.19,,,,,,,
6.33,,-0.0026,0.0002,0.005,,,,-0.26,-1.81,0.64,-0.0,-0.0132,0.0216,-0.016,0.685,0.36,,1.19,,,,,,,
6.382,,-0.0058,0.0086,0.002,,,,-0.34,-1.82,0.75,-0.0,-0.0301,0.0735,-0.0098,0.68,0.362,,,,,,,,,
6.47,,-0.0122,0.0217,0.0,,,,-0.4,0.03,0.79,-0.0,-0.061,0.1282,0.006,0.68,0.362,,,,,,,,,
6.498,,-0.0234,0.0295,0.0,,,,-0.49,0.95,0.48,-0.0,-0.1079,0.1306,0.0216,0.679,0.411,,0.221,,,,,,,
6.533,,-0.0247,0.026,0.0,,,,-0.65,2.13,-0.36,-0.0,-0.087,0.0685,0.0623,0.679,0.411,,0.221,,,,,,,
6.582,,-0.0224,0.0213,0.007,,,,-0.85,2.72,-1.32,-0.0,-0.0487,0.0088,0.0627,0.679,0.433,,,,,,,,,
6.631,,-0.0233,0.0115,0.022,,,,-1.03,2.25,-1.42,-0.0,-0.0309,-0.0628,0.0924,0.679,0.433,,,,,,,,,
6.682,,-0.0266,0.0046,0.035,,,,-1.11,1.39,-0.94,-0.0,-0.0315,-0.0972,0.1452,0.67,0.433,,1.388,,,,,,,
6.772,,-0.025,-0.0022,0.051,,,,-1.15,0.48,-0.95,-0.0,-0.0075,-0.1167,0.1783,0.67,0.433,,1.388,,,,,,,
6.781,,-0.0232,-0.0103,0.064,,,,-1.08,-0.49,-0.84,-0.0,0.0116,-0.1285,0.2141,0.664,0.448,,1.388,,,,,,,
6.834,,-0.0194,-0.0182,0.078,,,,-1.04,-1.34,-0.46,-0.0,0.0331,-0.1285,0.2198,0.664,0.448,,1.388,,,,,,,
6.881,,-0.0161,-0.0245,0.086,,,,-0.91,-2.01,-0.2,-0.0,0.0433,-0.1138,0.2252,0.656,0.467,,1.391,,,,,,,
6.932,,-0.0113,-0.0296,0.096,,,,-0.71,-2.2,-0.04,-0.0,0.0575,-0.0951,0.1994,0.656,0.467,,1.391,,,,,,,
6.981,,-0.0071,-0.031,0.101,,,,-0.54,-2.24,0.15,-0.0,0.065,-0.0621,0.1801,0.648,,,1.386,,,,,,,
7.07,,-0.0038,-0.0314,0.105,,,,-0.38,-2.01,0.43,-0.0,0.0638,-0.0332,0.1553,0.648,,,1.386,,,,,,,
7.081,,0.0007,-0.032,0.112,,,,-0.25,-1.71,0.65,-0.0,0.0666,-0.014,0.1298,0.638,,2.532,1.371,,,,,,,
7.136,,0.0035,-0.0311,0.114,,,,-0.22,-1.11,0.87,-0.0,0.0586,0.0048,0.1192,0.638,,2.532,1.371,,,,,,,
7.2,,0.0075,-0.0298,0.122,,,,-0.2,-0.72,0.87,-0.0,0.0575,0.0168,0.0999,0.638,,,1.377,,,,,,,
7.231,,0.0107,-0.0277,0.122,,,,-0.24,-0.33,1.11,-0.0,0.0521,0.0273,0.0996,0.638,,,1.377,,,,,,,
7.281,,0.0145,-0.0267,0.127,,,,-0.4,0.1,1.08,-0.0,0.049,0.0271,0.0839,0.628,,,1.39,,,,,,,
7.367,,0.0155,-0.0252,0.131,,,,-0.55,0.3,1.05,-0.0,0.0348,0.0262,0.0825,0.628,,,1.39,,,,,,,
7.38,,0.0185,-0.0239,0.139,,,,-0.71,0.44,1.0,-0.0,0.0317,0.0239,0.0835,0.628,,2.423,1.389,,,,,,,
7.435,,0.0195,-0.0234,0.14,,,,-0.9,0.63,0.99,-0.0,0.0217,0.0166,0.0914,0.628,,2.423,1.389,,,,,,,
7.481,,0.0204,-0.0228,0.141,,,,-1.1,0.8,0.92,-0.0,0.0133,0.0108,0.0847,0.62,,2.442,1.385,,,,,,,
7.532,,0.0191,-0.0224,0.148,,,,-1.23,0.73,0.74,-0.0,-0.0009,0.0041,0.0751,0.62,,2.442,1.385,,,,,,,
7.581,,0.0178,-0.022,0.151,,,,-1.35,0.62,0.52,-0.0,-0.0107,-0.0002,0.0829,0.624,,,1.39,,,,,,,
7.661,,0.0136,-0.0209,0.155,,,,-1.47,0.29,0.42,-0.0,-0.0281,0.0001,0.0824,0.624,,,1.39,,,,,,,
7.698,,0.0117,-0.0223,0.16,,,,-1.56,0.39,0.02,-0.0,-0.0321,-0.0074,0.0797,0.625,,2.431,1.386,,,,,,,
7.741,,0.0094,-0.0254,0.163,,,,-1.64,0.27,-0.18,-0.0,-0.0338,-0.0194,0.0823,0.625,,2.431,1.386,,,,,,,
7.78,,0.0089,-0.029,0.171,,,,-1.67,0.05,-0.31,-0.0,-0.0278,-0.0297,0.0782,0.623,,,1.383,,,,,,,
7.831,,0.0079,-0.0321,0.173,,,,-1.59,-0.06,-0.32,-0.0,-0.0243,-0.0353,0.0847,0.623,,,1.383,,,,,,,
7.881,,0.0069,-0.0344,0.176,,,,-1.5,-0.22,-0.5,-0.0,-0.0203,-0.036,0.0795,0.623,,,1.375,,,,,,,
7.974,,0.0054,-0.0375,0.179,,,,-1.44,-0.36,-0.37,-0.0,-0.0183,-0.038,0.073,0.623,,,1.375,,,,,,,
8.008,,0.0045,-0.0404,0.188,,,,-1.4,-0.49,-0.23,-0.0,-0.0158,-0.0376,0.0706,0.625,,2.446,1.369,,,,,,,
8.051,,0.0045,-0.0442,0.189,,,,-1.35,-0.47,-0.12,-0.0,-0.012,-0.0398,0.079,0.625,,2.446,1.369,,,,,,,
8.081,,0.0036,-0.0468,0.194,,,,-1.36,-0.46,-0.26,-0.0,-0.0115,-0.0381,0.0675,0.62,,,1.362,,,,,,,
8.131,,0.0041,-0.0502,0.196,,,,-1.38,-0.64,-0.38,-0.0,-0.0059,-0.0384,0.0616,0.62,,,1.362,,,,,,,
8.182,,0.0043,-0.0532,0.199,,,,-1.5,-0.71,-0.24,-0.0,-0.0017,-0.0365,0.0585,0.623,,,1.358,,,,,,,
8.238,ROTATION_SCAN,0.0042,-0.0563,0.2,,,,-1.59,-0.77,-0.2,-0.0,-0.0001,-0.0344,0.0526,0.623,,,1.358,,,,,,,
8.331,ROTATION_SCAN,0.005,-0.058,0.205,,,,-1.64,-0.81,-0.18,-0.0,0.0041,-0.0286,0.0456,0.618,,2.474,1.355,,,,,,,
8.337,ROTATION_SCAN,0.006,-0.0609,0.206,,,,-1.66,-0.73,-0.09,15.0,0.0079,-0.0266,0.0473,0.618,,2.474,1.355,,,,,,,
8.386,ROTATION_SCAN,0.0061,-0.0614,0.208,,,,-1.7,-0.69,-0.07,15.0,0.0078,-0.0184,0.0458,0.617,,,1.357,,,,,,,
8.431,ROTATION_SCAN,0.0062,-0.0625,0.211,,,,-1.55,-0.72,0.08,15.0,0.0069,-0.0135,0.0432,0.617,,,1.357,,,,,,,
8.481,ROTATION_SCAN,0.0093,-0.0629,0.217,,,,-1.18,-0.6,-0.0,15.0,0.0142,-0.0073,0.0445,0.616,,2.453,1.36,,,,,,,
8.531,ROTATION_SCAN,0.0123,-0.0644,0.218,,,,-0.6,-0.63,0.01,15.0,0.0202,-0.0052,0.0522,0.616,,2.453,1.36,,,,,,,
8.595,ROTATION_SCAN,0.0125,-0.064,0.219,,,,0.14,-0.47,0.24,15.0,0.0175,0.0011,0.0451,0.62,,,1.353,,,,,,,
8.661,ROTATION_SCAN,0.0139,-0.0626,0.223,,,,0.96,-0.48,0.41,15.0,0.0166,0.008,0.0361,0.62,,,1.353,,,,,,,
8.684,ROTATION_SCAN,0.0147,-0.0627,0.225,,,,1.8,-0.39,0.5,15.0,0.0127,0.0104,0.039,0.624,,2.454,1.353,,,,,,,
8.73,ROTATION_SCAN,0.0163,-0.0625,0.225,,,,2.68,-0.35,0.58,15.0,0.0107,0.0125,0.0357,0.624,,2.454,1.353,,,,,,,
8.78,ROTATION_SCAN,0.0167,-0.0629,0.222,,,,3.66,-0.26,0.74,15.0,0.0051,0.0122,0.0276,0.631,,2.461,1.361,,,,,,,
8.831,ROTATION_SCAN,0.018,-0.0548,0.224,,,,4.7,-0.34,0.65,15.0,0.0017,0.0318,0.0137,0.631,,2.461,1.361,,,,,,,
8.881,ROTATION_SCAN,0.0174,-0.0531,0.229,,,,5.72,-0.21,0.59,15.0,-0.0047,0.034,0.014,0.648,,2.41,1.373,,,,,,,
8.936,ROTATION_SCAN,0.0152,-0.0517,0.23,,,,6.71,0.06,0.72,15.0,-0.0149,0.0337,0.0257,0.648,,2.41,1.373,,,,,,,
8.984,ROTATION_SCAN,0.0143,-0.0495,0.232,,,,7.77,0.27,0.68,15.0,-0.0206,0.0328,0.0229,0.678,,,1.377,,,,,,,
9.033,ROTATION_SCAN,0.0116,-0.0479,0.234,,,,8.84,0.59,0.68,15.0,-0.0295,0.0288,0.0216,0.678,,,1.377,,,,,,,
9.08,ROTATION_SCAN,0.011,-0.0469,0.234,,,,9.93,0.66,0.47,15.0,-0.0316,0.0217,0.0233,0.774,,,1.379,,,,,,,
9.13,ROTATION_SCAN,0.0063,-0.0477,0.227,,,,10.88,0.62,0.14,15.0,-0.0404,0.012,0.0173,0.774,,,1.379,,,,,,,
9.181,ROTATION_SCAN,0.0045,-0.0472,0.23,,,,11.7,0.65,0.03,15.0,-0.0397,0.0064,-0.0039,,,,1.387,,,,,,,
9.236,ROTATION_SCAN,0.0031,-0.0482,0.231,,,,12.53,0.58,-0.17,15.0,-0.0367,-0.0015,0.0023,,,,1.387,,,,,,,
9.348,ROTATION_SCAN,0.0011,-0.0498,0.235,,,,13.32,0.56,-0.38,15.0,-0.0342,-0.009,0.0044,,,,1.383,,,,,,,
9.374,ROTATION_SCAN,0.001,-0.051,0.232,,,,14.04,0.46,-0.56,15.0,-0.0257,-0.0139,0.0108,,,,1.383,,,,,,,
9.38,ROTATION_SCAN,-0.0005,-0.0516,0.237,,,,14.72,0.33,-0.56,15.0,-0.0211,-0.0159,0.0045,,,0.815,1.395,,,,,,,
9.439,ROTATION_SCAN,0.0018,-0.0543,0.235,,,,15.52,0.03,-0.62,15.0,-0.0082,-0.0208,0.0097,,,0.815,1.395,,,,,,,
9.483,ROTATION_SCAN,0.0039,-0.0553,0.23,,,,16.28,-0.21,-0.6,15.0,0.0023,-0.0184,0.0061,,,0.799,,,,,,,,
9.531,ROTATION_SCAN,0.0072,-0.057,0.237,,,,16.99,-0.32,-0.43,15.0,0.0131,-0.0169,-0.0131,,,0.799,,,,,,,,
9.581,ROTATION_SCAN,0.0109,-0.0565,0.237,,,,17.71,-0.4,-0.29,15.0,0.0222,-0.0098,0.0055,,,0.802,,,,,,,,
9.63,ROTATION_SCAN,0.0143,-0.0562,0.239,,,,18.44,-0.36,0.1,15.0,0.0276,-0.0049,0.0103,,,0.802,,,,,,,,
9.691,ROTATION_SCAN,0.0173,-0.0538,0.236,,,,19.15,-0.36,0.18,15.0,0.0294,0.0038,0.0061,,,0.8,,,,,,,,
9.744,ROTATION_SCAN,0.0207,-0.0543,0.235,,,,19.83,-0.39,0.37,15.0,0.0314,0.0042,-0.0007,,,0.8,,,,,,,,
9.78,ROTATION_SCAN,0.0229,-0.0511,0.235,,,,20.46,-0.41,0.74,15.0,0.028,0.0129,-0.0042,,,0.797,,,,,,,,
9.831,ROTATION_SCAN,0.0264,-0.0499,0.235,,,,21.07,-0.41,0.93,15.0,0.0253,0.0149,-0.0042,,,0.797,,,,,,,,
9.88,ROTATION_SCAN,0.028,-0.0477,0.236,,,,21.76,-0.38,1.12,15.0,0.0178,0.0186,-0.0053,,,0.801,,,,,,,,
9.931,ROTATION_SCAN,0.0291,-0.0457,0.234,,,,22.44,-0.34,1.25,15.0,0.0084,0.0206,-0.0042,,,0.801,,,,,,,,
10.012,ROTATION_SCAN,0.0309,-0.0418,0.233,,,,23.1,-0.28,1.41,15.0,0.0012,0.0262,-0.01,,,0.805,,,,,,,,
10.03,ROTATION_SCAN,0.033,-0.0389,0.24,,,,23.85,-0.11,1.41,15.0,-0.0048,0.0276,-0.0129,,,0.805,,,,,,,,
10.081,ROTATION_SCAN,0.031,-0.0362,0.234,,,,24.66,0.1,1.5,15.0,-0.02,0.0264,0.003,,,0.806,,,,,,,,
10.13,ROTATION_SCAN,0.029,-0.0327,0.237,,,,25.48,0.35,1.57,15.0,-0.033,0.0255,-0.0116,,,0.806,,,,,,,,
10.18,ROTATION_SCAN,0.0266,-0.0315,0.234,,,,26.33,0.62,1.4,15.0,-0.044,0.0166,-0.0077,,,0.806,,,,,,,,
10.231,ROTATION_SCAN,0.0241,-0.0286,0.233,,,,27.17,0.76,1.22,15.0,-0.052,0.0126,-0.0093,,,0.806,,,,,,,,
10.286,ROTATION_SCAN,0.0223,-0.0276,0.233,,,,28.04,1.07,0.85,15.0,-0.0539,0.0033,-0.0138,,,0.808,,,,,,,,
10.351,ROTATION_SCAN,0.0168,-0.0279,0.232,,,,29.01,1.18,0.7,15.0,-0.0628,-0.009,-0.0097,,,0.808,,,,,,,,
10.39,ROTATION_SCAN,0.0144,-0.0285,0.234,,,,30.03,1.31,0.44,15.0,-0.0602,-0.0203,-0.0131,,,0.807,,,,,,,,
10.435,ROTATION_SCAN,0.01,-0.0295,0.231,,,,31.07,1.44,0.3,15.0,-0.0607,-0.0312,-0.0063,,,0.807,,,,,,,,
10.482,ROTATION_SCAN,0.0079,-0.032,0.231,,,,32.18,1.42,0.12,15.0,-0.0541,-0.0446,-0.0119,,,0.807,,,,,,,,
10.532,ROTATION_SCAN,0.0067,-0.0345,0.232,,,,33.27,1.24,-0.23,15.0,-0.0439,-0.0541,-0.012,,,0.807,,,,,,,,
10.58,ROTATION_SCAN,0.0055,-0.0394,0.233,,,,34.37,1.01,-0.41,15.0,-0.0342,-0.066,-0.0048,,,0.802,,,,,,,,
10.678,ROTATION_SCAN,0.0062,-0.0432,0.233,,,,35.39,0.75,-0.45,15.0,-0.0205,-0.0715,-0.0033,,,0.802,,,,,,,,
10.684,ROTATION_SCAN,0.0073,-0.0463,0.229,,,,36.3,0.47,-0.55,15.0,-0.0088,-0.0719,0.0004,,,0.806,,,,,,,,
10.734,ROTATION_SCAN,0.0092,-0.0494,0.234,,,,37.2,0.28,-0.52,15.0,0.0028,-0.0707,-0.0105,,,0.806,,,,,,,,
10.779,ROTATION_SCAN,0.0127,-0.0525,0.23,,,,38.0,0.06,-0.59,15.0,0.0159,-0.0682,0.0005,,,0.81,,,,,,,,
10.83,ROTATION_SCAN,0.0158,-0.0568,0.229,,,,38.73,-0.39,-0.58,15.0,0.0256,-0.0667,-0.0071,,,0.81,,,,,,,,
10.881,ROTATION_SCAN,0.0202,-0.0585,0.231,,,,39.46,-0.8,-0.29,15.0,0.0342,-0.0566,-0.0125,,,0.828,,,,,,,,
10.941,ROTATION_SCAN,0.0233,-0.0599,0.232,,,,40.12,-1.27,-0.09,15.0,0.0338,-0.0458,-0.0062,,,0.828,,,,,,,,
11.005,ROTATION_SCAN,0.0288,-0.0611,0.227,,,,40.79,-1.63,0.02,15.0,0.037,-0.0342,-0.0059,,,0.836,,,,,,,,
11.033,ROTATION_SCAN,0.0316,-0.0606,0.226,,,,41.48,-1.75,0.19,15.0,0.03,-0.0187,-0.0168,,,0.836,,,,,,,,
11.08,ROTATION_SCAN,0.0341,-0.0576,0.228,,,,42.13,-1.71,0.29,15.0,0.0222,0.0008,-0.0179,,,,,,,,,,,
11.13,ROTATION_SCAN,0.035,-0.0549,0.23,,,,42.69,-1.6,0.43,15.0,0.0102,0.0157,-0.0086,,,,,,,,,,,
11.181,ROTATION_SCAN,0.0355,-0.0526,0.226,,,,43.18,-1.42,0.58,15.0,-0.0009,0.0266,-0.0015,,,,,,,,,,,
11.23,ROTATION_SCAN,0.0348,-0.049,0.23,,,,43.57,-1.09,0.76,15.0,-0.0136,0.0367,-0.0099,,,,,,,,,,,
11.328,ROTATION_SCAN,0.0336,-0.044,0.226,,,,43.92,-0.77,0.94,15.0,-0.0252,0.0462,-0.0013,,,,,,,,,,,
11.335,ROTATION_SCAN,0.033,-0.0406,0.228,,,,44.22,-0.31,1.03,15.0,-0.0325,0.0469,-0.0068,,,,,,,,,,,
11.383,ROTATION_SCAN,0.0306,-0.0373,0.227,,,,44.59,0.04,0.99,15.0,-0.041,0.0446,-0.0073,1.4,,,0.841,,,,,,,
11.43,ROTATION_SCAN,0.0283,-0.0343,0.226,,,,44.98,0.35,1.01,15.0,-0.0466,0.0404,-0.0074,1.4,,,0.841,,,,,,,
11.48,ROTATION_SCAN,0.026,-0.0327,0.226,,,,45.41,0.75,1.13,15.0,-0.0493,0.0302,-0.0116,1.362,,,0.83,,,,,,,
11.53,ROTATION_SCAN,0.024,-0.0305,0.23,,,,45.96,1.0,1.19,15.0,-0.0501,0.0206,-0.0117,1.362,,,0.83,,,,,,,
11.595,ROTATION_SCAN,0.022,-0.0298,0.227,,,,46.64,1.17,1.14,15.0,-0.0485,0.0068,-0.0018,1.364,,,0.819,,,,,,,
11.66,ROTATION_SCAN,0.0198,-0.0302,0.226,,,,47.38,1.28,1.16,15.0,-0.047,-0.0083,-0.0095,1.364,,,0.819,,,,,,,
11.68,ROTATION_SCAN,0.0185,-0.0318,0.226,,,,48.22,1.31,0.98,15.0,-0.0423,-0.0253,-0.0131,1.366,,,0.809,,,,,,,
11.734,ROTATION_SCAN,0.0176,-0.0342,0.224,,,,49.13,1.13,0.77,15.0,-0.0361,-0.0403,-0.0111,1.366,,,0.809,,,,,,,
11.78,ROTATION_SCAN,0.0172,-0.0371,0.226,,,,50.04,1.06,0.66,15.0,-0.0289,-0.0526,-0.0178,1.368,,,0.791,,,,,,,
11.83,ROTATION_SCAN,0.0187,-0.0401,0.223,,,,50.97,0.68,0.35,15.0,-0.0173,-0.0619,-0.0114,1.368,,,0.791,,,,,,,
11.88,ROTATION_SCAN,0.0185,-0.0425,0.223,,,,51.94,0.36,0.05,15.0,-0.0136,-0.0636,-0.0166,1.368,,,0.769,,,,,,,
11.937,ROTATION_SCAN,0.0221,-0.0468,0.226,,,,52.99,-0.0,-0.13,15.0,-0.0001,-0.0674,-0.0166,1.368,,,0.769,,,,,,,
12.0,ROTATION_SCAN,0.0242,-0.05,0.221,,,,53.99,-0.51,-0.11,15.0,0.0052,-0.0654,-0.0085,1.361,,,0.752,,,,,,,
12.04,ROTATION_SCAN,0.0252,-0.0527,0.219,,,,54.98,-0.87,-0.17,15.0,0.0036,-0.0596,-0.0187,1.361,,,0.752,,,,,,,
12.082,ROTATION_SCAN,0.0299,-0.0559,0.217,,,,56.02,-1.06,-0.23,15.0,0.0109,-0.0548,-0.0205,1.347,,,0.743,,,,,,,
12.13,ROTATION_SCAN,0.0299,-0.058,0.22,,,,57.01,-1.35,-0.28,15.0,0.0027,-0.0458,-0.0185,1.347,,,0.743,,,,,,,
12.18,ROTATION_SCAN,0.0298,-0.0601,0.22,,,,57.93,-1.46,-0.15,15.0,-0.0064,-0.0375,-0.0076,1.351,,,0.733,,,,,,,
12.23,ROTATION_SCAN,0.0305,-0.0603,0.222,,,,58.83,-1.48,-0.11,15.0,-0.013,-0.0258,-0.0053,1.351,,,0.733,,,,,,,
12.324,ROTATION_SCAN,0.0324,-0.0589,0.221,,,,59.73,-1.56,-0.22,15.0,-0.0148,-0.0107,-0.0002,1.334,,,0.72,,,,,,,
12.331,ROTATION_SCAN,0.0306,-0.0571,0.221,,,,60.56,-1.4,-0.1,15.0,-0.0275,0.0031,-0.0036,1.334,,,0.72,,,,,,,
12.381,ROTATION_SCAN,0.0267,-0.0552,0.222,,,,61.36,-1.27,0.08,15.0,-0.0441,0.0132,-0.0026,1.322,,,0.707,,,,,,,
12.431,ROTATION_SCAN,0.0271,-0.047,0.219,,,,62.13,-1.21,-0.0,15.0,-0.0459,0.0384,-0.0008,1.322,,,0.707,,,,,,,
12.481,ROTATION_SCAN,0.0222,-0.0421,0.217,,,,62.88,-1.04,0.27,15.0,-0.0617,0.0508,-0.01,1.309,,,0.697,,,,,,,
12.53,ROTATION_SCAN,0.0191,-0.0383,0.215,,,,63.65,-0.69,0.61,15.0,-0.07,0.0547,-0.014,1.309,,,0.697,,,,,,,
12.59,ROTATION_SCAN,0.0164,-0.0337,0.216,,,,64.37,-0.27,0.82,15.0,-0.0739,0.0569,-0.0177,1.287,,,0.694,,,,,,,
12.67,ROTATION_SCAN,0.0123,-0.0287,0.215,,,,65.15,0.2,1.02,15.0,-0.0788,0.0568,-0.0073,1.287,,,0.694,,,,,,,
12.679,ROTATION_SCAN,0.009,-0.0257,0.218,,,,65.87,0.63,1.14,15.0,-0.0776,0.0482,-0.0085,,,,0.692,,,,,,,
12.742,ROTATION_SCAN,0.0046,-0.0201,0.218,,,,66.54,0.91,1.22,15.0,-0.0775,0.047,-0.0028,,,,0.692,,,,,,,
12.78,ROTATION_SCAN,-0.0013,-0.0157,0.217,,,,67.15,0.94,1.34,15.0,-0.0811,0.0413,-0.0028,,,,0.692,,,,,,,
12.829,ROTATION_SCAN,-0.0037,-0.0128,0.214,,,,67.71,1.34,1.5,15.0,-0.0727,0.0308,-0.0087,,,,0.692,,,,,,,
12.879,ROTATION_SCAN,-0.0056,-0.0099,0.215,,,,68.31,1.58,1.47,15.0,-0.0612,0.0191,-0.0156,,,,0.696,,,,,,,
12.935,ROTATION_SCAN,-0.0089,-0.0077,0.213,,,,68.97,1.61,1.33,15.0,-0.054,0.0081,-0.0079,,,,0.696,,,,,,,
12.997,ROTATION_SCAN,-0.0096,-0.0058,0.215,,,,69.58,1.74,1.45,15.0,-0.0394,-0.0018,-0.0102,,,,0.692,,,,,,,
13.033,ROTATION_SCAN,-0.0123,-0.0053,0.214,,,,70.22,1.8,1.42,15.0,-0.0324,-0.0155,-0.0077,,,,0.692,,,,,,,
13.079,ROTATION_SCAN,-0.0118,-0.0057,0.215,,,,70.92,1.5,1.47,15.0,-0.0171,-0.0297,-0.0058,,,,0.691,,,,,,,
13.129,ROTATION_SCAN,-0.0115,-0.0063,0.213,,,,71.65,1.42,1.51,15.0,-0.0062,-0.0413,-0.0067,,,,0.691,,,,,,,
13.18,ROTATION_SCAN,-0.012,-0.0072,0.21,,,,72.47,1.18,1.38,15.0,-0.0005,-0.0518,-0.0112,,,,0.684,,,,,,,
13.229,ROTATION_SCAN,-0.0106,-0.0069,0.212,,,,73.32,0.92,1.2,15.0,0.0092,-0.0556,-0.0172,,,,0.684,,,,,,,
13.325,ROTATION_SCAN,-0.0087,-0.0093,0.211,,,,74.11,0.73,1.14,15.0,0.0171,-0.0653,-0.0129,,,,0.679,,,,,,,
13.351,ROTATION_SCAN,-0.0074,-0.0063,0.21,,,,74.93,0.52,0.84,15.0,0.0213,-0.0556,-0.0113,,,,0.679,,,,,,,
13.385,ROTATION_SCAN,-0.0152,-0.0254,0.212,,,,75.89,0.43,1.18,15.0,-0.0033,-0.1116,-0.0136,,1.441,,0.674,,,,,,,
13.429,ROTATION_SCAN,-0.0138,-0.0277,0.21,,,,76.77,0.39,0.55,15.0,0.0032,-0.1098,-0.0049,,1.441,,0.674,,,,,,,
13.479,ROTATION_SCAN,-0.0142,-0.0284,0.208,,,,77.55,0.41,0.01,15.0,0.004,-0.0982,-0.0079,,1.435,,0.664,,,,,,,
13.529,ROTATION_SCAN,-0.0139,-0.0305,0.207,,,,78.22,0.55,-0.31,15.0,0.0083,-0.0898,-0.0105,,1.435,,0.664,,,,,,,
13.579,ROTATION_SCAN,-0.0128,-0.0335,0.206,,,,78.9,0.59,-0.45,15.0,0.0152,-0.0833,-0.0119,,1.433,,0.658,,,,,,,
13.656,ROTATION_SCAN,-0.0123,-0.0316,0.209,,,,79.52,0.69,-0.62,15.0,0.0204,-0.0621,-0.0126,,1.433,,0.658,,,,,,,
13.701,ROTATION_SCAN,-0.0103,-0.0286,0.207,,,,80.18,0.52,-0.56,15.0,0.0292,-0.0405,-0.0029,,1.419,,0.652,,,,,,,
13.73,ROTATION_SCAN,-0.0075,-0.0243,0.208,,,,80.88,0.51,-0.35,15.0,0.038,-0.019,-0.0022,,1.419,,0.652,,,,,,,
13.783,ROTATION_SCAN,-0.0059,-0.0209,0.212,,,,81.56,0.4,-0.08,15.0,0.041,-0.0054,-0.0006,2.451,1.422,,0.645,,,,,,,
13.83,ROTATION_SCAN,-0.0047,-0.0156,0.21,,,,82.15,0.31,0.18,15.0,0.0412,0.0101,0.008,2.451,1.422,,0.645,,,,,,,
13.88,ROTATION_SCAN,-0.0031,-0.011,0.212,,,,82.59,0.28,0.59,15.0,0.042,0.0192,0.0034,2.436,1.418,,0.642,,,,,,,
13.93,ROTATION_SCAN,0.0,-0.0074,0.209,,,,82.96,0.12,1.0,15.0,0.0457,0.0209,0.0038,2.436,1.418,,0.642,,,,,,,
14.028,ROTATION_SCAN,0.0014,-0.0039,0.212,,,,83.32,0.21,1.36,15.0,0.0435,0.0186,-0.0032,2.413,1.432,,0.634,,,,,,,
14.033,ROTATION_SCAN,0.003,-0.0002,0.209,,,,83.78,0.02,1.88,15.0,0.0413,0.0144,0.0006,2.413,1.432,,0.634,,,,,,,
14.084,ROTATION_SCAN,0.0043,0.0016,0.214,,,,84.18,-0.06,2.18,15.0,0.0374,0.0022,-0.0036,2.406,1.428,,0.636,,,,,,,
14.13,ROTATION_SCAN,0.0063,0.0016,0.212,,,,84.68,-0.12,2.42,15.0,0.0353,-0.0165,0.0039,2.406,1.428,,0.636,,,,,,,
14.18,ROTATION_SCAN,0.0076,0.0001,0.208,,,,85.15,-0.3,2.35,15.0,0.0304,-0.0371,-0.001,2.388,1.432,,0.637,,,,,,,
14.229,ROTATION_SCAN,0.0081,-0.0017,0.209,,,,85.68,-0.24,2.05,15.0,0.0236,-0.0542,-0.0126,2.388,1.432,,0.637,,,,,,,
14.292,YAW_ALIGN,0.008,-0.0039,0.207,,,,86.27,-0.3,1.65,15.0,0.0165,-0.0672,-0.0096,2.377,1.424,,0.641,,,,,,,
14.373,YAW_ALIGN,0.0077,-0.0081,0.203,,,,86.85,-0.27,1.41,15.0,0.0103,-0.0821,-0.009,2.377,1.424,,0.641,,,,,,,
14.381,YAW_ALIGN,0.0064,-0.0111,0.208,,,,87.52,-0.39,1.09,-20.0,0.0014,-0.0888,-0.0197,2.381,1.421,,0.643,,,,,,,
14.431,YAW_ALIGN,0.0046,-0.0145,0.21,,,,88.13,-0.15,0.08,-20.0,-0.0071,-0.0912,-0.003,2.381,1.421,,0.643,,,,,,,
14.48,YAW_ALIGN,0.0024,-0.0186,0.208,,,,88.44,-0.08,-0.76,-20.0,-0.0135,-0.0878,-0.0,2.38,1.415,,0.649,,,,,,,
14.529,YAW_ALIGN,0.0009,-0.0205,0.21,,,,88.5,0.05,-1.13,-20.0,-0.0159,-0.0731,-0.0064,2.38,1.415,,0.649,,,,,,,
14.579,YAW_ALIGN,-0.0012,-0.0232,0.205,,,,88.33,0.19,-1.33,-20.0,-0.0191,-0.0607,-0.002,2.428,1.415,,0.649,,,,,,,
14.64,YAW_ALIGN,-0.0033,-0.0247,0.206,,,,87.95,0.18,-1.33,-20.0,-0.0204,-0.0456,-0.0168,2.428,1.415,,0.649,,,,,,,
14.711,YAW_ALIGN,-0.0055,-0.0242,0.207,,,,87.41,0.24,-1.15,-20.0,-0.022,-0.0271,-0.0139,2.419,1.404,,0.648,,,,,,,
14.729,YAW_ALIGN,-0.009,-0.0234,0.208,,,,86.66,0.2,-0.87,-20.0,-0.0273,-0.0124,-0.0077,2.419,1.404,,0.648,,,,,,,
14.779,YAW_ALIGN,-0.0105,-0.0216,0.207,,,,85.89,0.31,-0.61,-20.0,-0.0253,0.001,-0.0071,2.407,1.407,,0.652,,,,,,,
14.829,YAW_ALIGN,-0.0126,-0.0187,0.207,,,,85.06,0.5,-0.38,-20.0,-0.0244,0.0134,-0.0095,2.407,1.407,,0.652,,,,,,,
14.879,YAW_ALIGN,-0.0143,-0.0158,0.208,,,,84.19,0.5,-0.22,-20.0,-0.0217,0.0221,-0.0095,2.404,1.414,,0.65,,,,,,,
14.929,YAW_ALIGN,-0.0167,-0.0123,0.204,,,,83.25,0.48,0.07,-20.0,-0.022,0.03,-0.0075,2.404,1.414,,0.65,,,,,,,
14.98,YAW_ALIGN,-0.0184,-0.01,0.205,,,,82.22,0.47,0.33,-20.0,-0.0204,0.0308,-0.0142,2.428,1.431,,0.655,,,,,,,
15.039,YAW_ALIGN,-0.0195,-0.0077,0.202,,,,81.18,0.52,0.57,-20.0,-0.0172,0.0293,-0.0115,2.428,1.431,,0.655,,,,,,,
15.089,YAW_ALIGN,-0.021,-0.0059,0.204,,,,80.0,0.64,0.65,-20.0,-0.0153,0.0251,-0.0144,2.422,1.436,,0.661,,,,,,,
15.129,YAW_ALIGN,-0.0217,-0.0037,0.201,,,,78.78,0.61,0.79,-20.0,-0.0113,0.021,-0.0053,2.422,1.436,,0.661,,,,,,,
15.178,YAW_ALIGN,-0.0242,-0.0015,0.206,,,,77.53,0.47,0.68,-20.0,-0.0138,0.0179,-0.0098,,1.444,,0.668,,,,,,,
15.229,YAW_ALIGN,-0.0261,0.0004,0.202,,,,76.44,0.66,0.7,-20.0,-0.0149,0.0146,0.0034,,1.444,,0.668,,,,,,,
15.278,YAW_ALIGN,-0.0269,0.0004,0.202,,,,75.35,0.73,0.43,-20.0,-0.0106,0.0065,-0.0041,,1.452,,0.679,,,,,,,
15.381,YAW_ALIGN,-0.0276,0.0008,0.203,,,,74.38,0.71,0.33,-20.0,-0.0064,0.0024,-0.0037,,1.452,,0.679,,,,,,,
15.393,YAW_ALIGN,-0.0278,0.0008,0.206,,,,73.35,0.69,0.34,-20.0,-0.0013,-0.0022,0.002,,1.486,,0.687,,,,,,,
15.435,YAW_ALIGN,-0.0272,0.0007,0.203,,,,72.3,0.52,0.15,-20.0,0.0047,-0.0059,0.0082,,1.486,,0.687,,,,,,,
15.479,YAW_ALIGN,-0.0262,-0.0014,0.206,,,,71.32,0.56,0.18,-20.0,0.0103,-0.0136,0.0011,,,,0.698,,,,,,,
15.529,YAW_ALIGN,-0.0274,-0.0001,0.204,,,,70.38,0.36,0.04,-20.0,0.0091,-0.0105,0.0034,,,,0.698,,,,,,,
15.578,YAW_ALIGN,-0.0202,0.0074,0.203,,,,69.3,0.41,-0.04,-20.0,0.0301,0.0101,0.0029,,,,0.703,,,,,,,
15.629,YAW_ALIGN,-0.0209,0.0072,0.197,,,,68.18,0.19,0.18,-20.0,0.0267,0.0072,-0.0046,,,,0.703,,,,,,,
15.731,YAW_ALIGN,-0.0184,0.0085,0.204,,,,67.08,-0.02,0.34,-20.0,0.0296,0.0072,-0.0148,,,,0.716,,,,,,,
15.739,YAW_ALIGN,-0.0173,0.0087,0.202,,,,66.05,-0.07,0.48,-20.0,0.0271,0.0037,0.0051,,,,0.716,,,,,,,
15.791,YAW_ALIGN,-0.0178,0.007,0.204,,,,65.01,-0.14,0.55,-20.0,0.0197,-0.0049,0.0064,,,,0.717,,,,,,,
15.849,YAW_ALIGN,-0.0179,0.0059,0.208,,,,64.0,-0.14,0.51,-20.0,0.0137,-0.0103,0.0075,,,,0.717,,,,,,,
15.878,YAW_ALIGN,-0.0183,0.0048,0.206,,,,63.02,-0.12,0.43,-20.0,0.0085,-0.0148,0.0185,,,,0.728,,,,,,,
15.929,YAW_ALIGN,-0.0155,0.0011,0.205,,,,62.0,-0.21,0.24,-20.0,0.0122,-0.0242,0.0077,,,,0.728,,,,,,,
15.98,YAW_ALIGN,-0.0168,-0.0006,0.211,,,,60.97,-0.3,0.17,-20.0,0.0048,-0.0261,-0.0004,,,,0.745,,,,,,,
16.059,YAW_ALIGN,-0.0185,-0.0028,0.211,,,,59.98,-0.32,0.02,-20.0,-0.0031,-0.0279,0.0139,,,,0.745,,,,,,,
16.084,YAW_ALIGN,-0.021,-0.0045,0.208,,,,58.98,-0.23,-0.15,-20.0,-0.0113,-0.0272,0.0096,,,,0.767,,,,,,,
16.128,YAW_ALIGN,-0.0228,-0.0044,0.206,,,,58.03,-0.22,-0.4,-20.0,-0.015,-0.0208,-0.0039,,,,0.767,,,,,,,
16.179,YAW_ALIGN,-0.0238,-0.0057,0.207,,,,57.06,-0.25,-0.3,-20.0,-0.0157,-0.018,-0.0103,,,,0.783,,,,,,,
16.229,YAW_ALIGN,-0.0256,-0.0073,0.208,,,,56.02,-0.21,-0.37,-20.0,-0.0185,-0.0168,-0.0063,,,,0.783,,,,,,,
16.278,YAW_ALIGN,-0.0293,-0.0077,0.205,,,,55.03,-0.26,-0.28,-20.0,-0.0264,-0.0119,-0.0043,1.328,,,0.805,,,,,,,
16.339,YAW_ALIGN,-0.0308,-0.0067,0.207,,,,54.0,-0.2,-0.27,-20.0,-0.0272,-0.0047,-0.0109,1.328,,,0.805,,,,,,,
16.388,YAW_ALIGN,-0.0323,-0.0052,0.206,,,,53.0,0.12,-0.23,-20.0,-0.0269,0.002,-0.0085,1.332,,,0.822,,,,,,,
16.436,YAW_ALIGN,-0.037,-0.0033,0.206,,,,51.96,0.05,-0.29,-20.0,-0.034,0.008,-0.0078,1.332,,,0.822,,,,,,,
16.479,YAW_ALIGN,-0.0378,-0.0015,0.206,,,,50.86,0.32,-0.06,-20.0,-0.0298,0.0125,-0.0088,1.344,,,0.834,,,,,,,
16.528,YAW_ALIGN,-0.0422,0.0016,0.204,,,,49.77,0.31,0.02,-20.0,-0.0356,0.0177,-0.0046,1.344,,,0.834,,,,,,,
16.578,YAW_ALIGN,-0.0441,0.0037,0.203,,,,48.69,0.57,0.04,-20.0,-0.0339,0.019,-0.0102,1.356,,,0.864,,,,,,,
16.628,YAW_ALIGN,-0.0479,0.0067,0.204,,,,47.68,0.67,0.13,-20.0,-0.0363,0.0208,-0.0103,1.356,,,0.864,,,,,,,
16.735,YAW_ALIGN,-0.049,0.008,0.204,,,,46.69,0.85,0.15,-20.0,-0.0309,0.0167,-0.0057,1.374,,,0.885,,,,,,,
16.748,YAW_ALIGN,-0.051,0.0093,0.203,,,,45.71,1.01,0.05,-20.0,-0.0275,0.012,-0.0025,1.374,,,0.885,,,,,,,
16.789,YAW_ALIGN,-0.0534,0.0084,0.205,,,,44.78,1.01,-0.0,-20.0,-0.0244,0.0022,-0.0053,1.382,,,0.906,,,,,,,
16.828,YAW_ALIGN,-0.0533,0.0071,0.206,,,,43.89,0.95,0.05,-20.0,-0.0155,-0.0075,-0.0002,1.382,,,0.906,,,,,,,
16.878,YAW_ALIGN,-0.0528,0.0059,0.202,,,,42.95,0.82,-0.12,-20.0,-0.0069,-0.0149,0.0012,,,,,,,,,,,
16.928,YAW_ALIGN,-0.0535,0.0044,0.2,,,,42.02,0.53,-0.2,-20.0,-0.0037,-0.0206,-0.0067,,,,,,,,,,,
16.978,YAW_ALIGN,-0.0549,0.001,0.201,,,,41.05,0.35,-0.08,-20.0,-0.0033,-0.0288,-0.0133,,,,,,,,,,,
17.072,YAW_ALIGN,-0.0541,-0.001,0.206,,,,40.04,0.09,-0.24,-20.0,0.0018,-0.0312,-0.008,,,,,,,,,,,
17.079,YAW_ALIGN,-0.0526,-0.0029,0.203,,,,39.01,-0.15,-0.24,-20.0,0.0069,-0.0306,0.0084,,,0.75,,,,,,,,
17.138,YAW_ALIGN,-0.0511,-0.0044,0.205,,,,37.94,-0.32,-0.21,-20.0,0.0105,-0.0278,0.0022,,,0.75,,,,,,,,
17.18,YAW_ALIGN,-0.0488,-0.0073,0.202,,,,36.9,-0.48,-0.18,-20.0,0.0147,-0.029,0.0027,,,0.75,,,,,,,,
17.228,YAW_ALIGN,-0.0471,-0.0077,0.204,,,,35.83,-0.53,-0.05,-20.0,0.016,-0.0222,-0.0011,,,0.75,,,,,,,,
17.278,YAW_ALIGN,-0.0472,-0.0072,0.201,,,,34.79,-0.54,0.03,-20.0,0.0107,-0.0142,0.0005,,,0.743,,,,,,,,
17.335,YAW_ALIGN,-0.0463,-0.0088,0.201,,,,33.69,-0.53,0.01,-20.0,0.0095,-0.0132,-0.004,,,0.743,,,,,,,,
17.401,YAW_ALIGN,-0.0452,-0.0082,0.203,,,,32.65,-0.55,-0.01,-20.0,0.0088,-0.0063,-0.0044,,,0.74,,,,,,,,
17.437,YAW_ALIGN,-0.0463,-0.0062,0.203,,,,31.64,-0.43,-0.02,-20.0,0.0023,0.0035,0.003,,,0.74,,,,,,,,
17.478,YAW_ALIGN,-0.0461,-0.0034,0.204,,,,30.67,-0.25,0.06,-20.0,0.0007,0.0133,0.0032,,,0.75,,,,,,,,
17.528,YAW_ALIGN,-0.0472,0.0007,0.205,,,,29.74,-0.06,-0.01,-20.0,-0.0034,0.0235,0.0034,,,0.75,,,,,,,,
17.578,YAW_ALIGN,-0.0478,0.0024,0.206,,,,28.7,0.18,-0.0,-20.0,-0.0039,0.0249,0.0039,,,0.752,,,,,,,,
17.628,YAW_ALIGN,-0.0482,0.0072,0.207,,,,27.63,0.31,0.03,-20.0,-0.004,0.0324,0.0016,,,0.752,,,,,,,,
17.733,YAW_ALIGN,-0.0492,0.0102,0.205,,,,26.51,0.25,0.01,-20.0,-0.0056,0.0342,-0.0009,,,0.75,,,,,,,,
17.741,YAW_ALIGN,-0.0489,0.0123,0.204,,,,25.28,0.48,0.11,-20.0,-0.0031,0.0327,-0.0072,,,0.75,,,,,,,,
17.781,YAW_ALIGN,-0.0484,0.015,0.201,,,,24.1,0.55,0.04,-20.0,-0.0002,0.0315,-0.0139,,,0.74,,,,,,,,
17.828,YAW_ALIGN,-0.0485,0.0173,0.202,,,,23.0,0.62,0.26,-20.0,0.0004,0.0288,-0.0192,,,0.74,,,,,,,,
17.878,YAW_ALIGN,-0.0494,0.0199,0.202,,,,21.88,0.6,0.25,-20.0,-0.0018,0.0263,-0.0181,,,0.734,,,,,,,,
17.929,YAW_ALIGN,-0.0491,0.0214,0.2,,,,20.75,0.54,0.28,-20.0,-0.0013,0.0219,-0.0113,,,0.734,,,,,,,,
17.979,YAW_ALIGN,-0.0499,0.0196,0.199,,,,19.54,0.52,0.22,-20.0,-0.004,0.0094,-0.0144,,,0.721,,,,,,,,
18.066,YAW_ALIGN,-0.0509,0.0181,0.2,,,,18.42,0.28,0.07,-20.0,-0.0059,0.0002,-0.0097,,,0.721,,,,,,,,
18.078,YAW_ALIGN,-0.054,0.019,0.198,,,,17.25,0.14,-0.09,-20.0,-0.0131,0.0008,-0.0054,,,0.711,,,,,,,,
18.128,YAW_ALIGN,-0.0549,0.0177,0.2,,,,16.08,-0.14,-0.01,-20.0,-0.0133,-0.0029,-0.0073,,,0.711,,,,,,,,
18.178,YAW_ALIGN,-0.0568,0.0177,0.198,,,,14.92,-0.18,-0.06,-20.0,-0.0165,-0.0009,-0.0011,,,0.717,,,,,,,,
18.229,YAW_ALIGN,-0.0594,0.0195,0.2,,,,13.85,-0.19,-0.28,-20.0,-0.0207,0.0058,-0.0021,,,0.717,,,,,,,,
18.278,YAW_ALIGN,-0.0668,0.0219,0.198,,,,12.82,-0.23,-0.26,-20.0,-0.0364,0.0137,0.0016,,,0.722,1.467,,,,,,,
18.33,YAW_ALIGN,-0.0697,0.0246,0.199,,,,11.75,-0.14,-0.33,-20.0,-0.0379,0.0214,-0.0033,,,0.722,1.467,,,,,,,
18.386,YAW_ALIGN,-0.0706,0.0265,0.199,,,,10.71,0.01,-0.29,-20.0,-0.0328,0.0246,-0.0054,,,0.734,1.454,,,,,,,
18.433,YAW_ALIGN,-0.0707,0.0292,0.199,,,,9.58,0.28,-0.33,-18.45,-0.0256,0.0281,-0.0032,,,0.734,1.454,,,,,,,
18.478,YAW_ALIGN,-0.073,0.0318,0.201,,,,8.31,0.5,-0.29,-16.76,-0.0253,0.0291,-0.0051,,,0.77,1.461,,,,,,,
18.529,YAW_ALIGN,-0.0744,0.0336,0.197,,,,7.08,0.66,-0.21,-14.86,-0.0231,0.0257,0.0013,,,0.77,1.461,,,,,,,
18.578,YAW_ALIGN,-0.0775,0.0357,0.197,,,,5.89,0.82,-0.18,-13.01,-0.0264,0.0223,-0.0083,2.142,,,1.459,,,,,,,
18.628,YAW_ALIGN,-0.0785,0.0361,0.198,,,,4.76,0.96,-0.2,-11.22,-0.0233,0.0133,-0.0068,2.142,,,1.459,,,,,,,
18.73,YAW_ALIGN,-0.0805,0.0367,0.197,,,,3.61,0.95,-0.21,-9.54,-0.0237,0.0053,-0.0029,2.035,,,1.451,,,,,,,
18.741,YAW_ALIGN,-0.0802,0.0349,0.198,,,,2.56,0.73,-0.15,-9.54,-0.0174,-0.0077,-0.0055,2.035,,,1.451,,,,,,,
18.79,YAW_ALIGN,-0.0806,0.0329,0.196,,,,1.68,0.6,-0.08,-7.8,-0.0148,-0.0178,0.0004,,,2.369,1.451,,,,,,,
18.847,YAW_ALIGN,-0.0856,0.0303,0.197,,,,0.87,0.37,-0.14,-7.8,-0.0264,-0.0268,-0.0011,,,2.369,1.451,,,,,,,
18.878,YAW_ALIGN,-0.0875,0.0284,0.199,,,,0.19,-0.02,-0.18,-4.91,-0.0272,-0.0301,0.0001,,,2.373,1.451,,,,,,,
18.929,YAW_ALIGN,-0.0879,0.0257,0.199,,,,-0.37,-0.05,-0.24,-0.0,-0.0226,-0.0333,0.0094,,,2.373,1.451,,,,,,,
18.978,YAW_ALIGN,-0.0878,0.023,0.198,,,,-0.81,-0.27,-0.32,-0.0,-0.0167,-0.035,0.0063,0.752,,2.381,1.437,,,,,,,
19.056,YAW_ALIGN,-0.0882,0.0208,0.201,,,,-1.06,-0.34,-0.21,-0.0,-0.0131,-0.0337,0.0011,0.752,,2.381,1.437,,,,,,,
19.081,YAW_ALIGN,-0.09,0.0197,0.198,,,,-1.18,-0.25,-0.22,-0.0,-0.0147,-0.0295,0.0072,0.735,,,1.442,,,,,,,
19.127,YAW_ALIGN,-0.0907,0.0175,0.201,,,,-1.24,-0.28,-0.19,-0.0,-0.0129,-0.0299,-0.0011,0.735,,,1.442,,,,,,,
19.238,NAV_TO_LANDING,-0.0917,0.0158,0.202,,,,-1.14,-0.4,-0.13,-0.0,-0.0125,-0.0277,0.001,0.728,,2.379,1.438,,,,,,,
19.308,NAV_TO_LANDING,-0.0917,0.0144,0.201,,,,-1.0,-0.38,-0.3,-0.0,-0.0091,-0.0246,0.0056,0.728,,2.379,1.438,,0.52,0.06,,,,
19.346,NAV_TO_LANDING,-0.0929,0.0144,0.203,,,,-0.81,-0.31,-0.29,-0.0,-0.0085,-0.0183,0.0007,0.734,,,1.429,,0.52,0.06,,,,
19.355,NAV_TO_LANDING,-0.0926,0.014,0.202,,,,-0.62,-0.35,-0.19,-0.0,-0.0042,-0.0141,0.0033,0.734,,,1.429,,0.52,0.06,,,,
19.385,NAV_TO_LANDING,-0.0921,0.0134,0.199,,,,-0.45,-0.28,-0.23,0.0,-0.0009,-0.0115,0.0041,0.741,,2.403,1.44,,0.52,0.06,,,,
19.427,NAV_TO_LANDING,-0.0943,0.0142,0.2,,,,-0.25,-0.53,-1.53,0.0,-0.0032,-0.0044,-0.0075,0.741,,2.403,1.44,,0.52,0.06,,,,
19.478,NAV_TO_LANDING,-0.0953,0.0146,0.2,,,,-0.05,-0.23,-3.29,0.0,0.0128,0.0006,-0.0057,0.747,,2.355,1.436,,0.52,0.06,,,,
19.528,NAV_TO_LANDING,-0.0934,0.0151,0.201,,,,0.01,-0.33,-4.29,0.0,0.0463,0.004,-0.0031,0.747,,2.355,1.436,,0.52,0.06,,,,
19.578,NAV_TO_LANDING,-0.0874,0.0161,0.199,,,,0.08,-0.4,-4.8,0.0,0.0936,0.0096,-0.0,0.745,,,1.437,,0.52,0.06,,,,
19.655,NAV_TO_LANDING,-0.0815,0.017,0.205,,,,0.09,-0.28,-4.7,0.0,0.1354,0.014,-0.0036,0.745,,,1.437,,0.52,0.06,,,,
19.707,NAV_TO_LANDING,-0.0704,0.0177,0.201,,,,0.07,-0.03,-4.31,0.0,0.1844,0.0157,0.0134,0.733,,2.392,1.439,,0.52,0.06,,,,
19.729,NAV_TO_LANDING,-0.0577,0.0182,0.199,,,,-0.08,0.04,-3.72,0.0,0.2269,0.0148,0.0101,0.733,,2.392,1.439,,0.52,0.06,,,,
19.788,NAV_TO_LANDING,-0.0449,0.0186,0.205,,,,-0.16,0.21,-3.04,0.0,0.2579,0.0132,0.0038,0.716,,,1.438,,0.52,0.06,,,,
19.828,NAV_TO_LANDING,-0.0271,0.0196,0.203,,,,-0.28,0.29,-2.27,0.0,0.2941,0.0118,0.0198,0.716,,,1.438,,0.52,0.06,,,,
19.879,NAV_TO_LANDING,-0.0125,0.0195,0.21,,,,-0.31,0.27,-1.37,0.0,0.3091,0.0076,0.0159,0.69,,2.373,1.436,,0.52,0.06,,,,
19.928,NAV_TO_LANDING,0.0013,0.0192,0.205,,,,-0.23,0.44,-0.7,0.0,0.3124,0.0028,0.0294,0.69,,2.373,1.436,,0.52,0.06,,,,
20.022,NAV_TO_LANDING,0.0158,0.0186,0.209,,,,-0.12,0.73,-0.24,0.0,0.3129,-0.0038,0.0195,0.665,,2.358,1.431,,0.52,0.06,,,,
20.051,NAV_TO_LANDING,0.032,0.0175,0.204,,,,0.15,0.8,0.1,0.0,0.3151,-0.0127,0.0152,0.665,,2.358,1.431,,0.52,0.06,,,,
20.099,NAV_TO_LANDING,0.0476,0.0138,0.2,,,,0.43,0.82,0.34,0.0,0.3132,-0.0286,0.0044,0.642,,2.378,1.435,,0.52,0.06,,,,
20.141,NAV_TO_LANDING,0.0611,0.0102,0.207,,,,0.76,0.58,0.4,0.0,0.3039,-0.0413,-0.0109,0.642,,2.378,1.435,,0.52,0.06,,,,
20.178,NAV_TO_LANDING,0.0728,0.0064,0.221,,,,1.26,0.27,0.43,0.0,0.2896,-0.0504,0.0109,0.614,,2.379,1.42,,0.52,0.06,,,,
20.227,NAV_TO_LANDING,0.0867,0.0023,0.235,,,,1.78,-0.06,0.38,0.0,0.2839,-0.0566,0.0408,0.614,,2.379,1.42,,0.52,0.06,,,,
20.278,NAV_TO_LANDING,0.0987,-0.0019,0.25,,,,2.35,-0.36,0.22,0.0,0.2745,-0.0597,0.0548,0.594,,2.395,1.421,,0.52,0.06,,,,
20.371,NAV_TO_LANDING,0.1111,-0.0059,0.289,,,,3.0,-0.76,-0.05,0.0,0.2691,-0.0588,0.0725,0.594,,2.395,1.421,,0.52,0.06,,,,
20.383,NAV_TO_LANDING,0.1269,-0.0111,0.301,,,,3.62,-1.16,-0.31,0.0,0.2776,-0.0586,0.1291,0.57,,,1.415,,0.52,0.06,,,,
20.432,NAV_TO_LANDING,0.1412,-0.0142,0.286,exit,0.1269,-0.0111,4.21,-1.61,-0.47,0.0,0.2812,-0.05,0.1177,0.57,,,1.415,,0.52,0.06,,,,
20.478,NAV_TO_LANDING,0.1543,-0.017,0.275,,,,4.8,-1.89,-0.54,0.0,0.2806,-0.0401,0.0197,0.557,,,1.418,,0.52,0.06,,,,
20.527,NAV_TO_LANDING,0.1668,-0.0195,0.252,,,,5.3,-2.18,-0.52,0.0,0.278,-0.0273,-0.0593,0.557,,,1.418,,0.52,0.06,,,,
20.578,NAV_TO_LANDING,0.1809,-0.0205,0.243,,,,5.66,-2.32,-0.48,0.0,0.2802,-0.0093,-0.1306,0.532,,,1.424,,0.52,0.06,,,,
20.633,NAV_TO_LANDING,0.195,-0.0213,0.224,,,,5.87,-2.34,-0.47,0.0,0.2819,0.0091,-0.1574,0.532,,,1.424,,0.52,0.06,,,,
20.717,NAV_TO_LANDING,0.2112,-0.0212,0.206,,,,5.95,-2.06,-0.51,0.0,0.2898,0.0264,-0.1794,0.496,,,1.422,,0.52,0.06,,,,
20.728,NAV_TO_LANDING,0.2264,-0.0213,0.19,,,,5.94,-1.88,-0.53,0.0,0.2945,0.0391,-0.1961,0.496,,,1.422,,0.52,0.06,,,,
20.797,NAV_TO_LANDING,0.2411,-0.0215,0.182,,,,5.91,-1.63,-0.34,0.0,0.2968,0.0488,-0.1874,0.465,,,1.44,,0.52,0.06,,,,
20.827,NAV_TO_LANDING,0.2552,-0.0196,0.174,,,,5.78,-1.36,-0.25,0.0,0.2967,0.0608,-0.1597,0.465,,,1.44,,0.52,0.06,,,,
20.877,NAV_TO_LANDING,0.2698,-0.0165,0.167,,,,5.61,-1.11,-0.07,0.0,0.2963,0.0721,-0.1333,0.439,0.74,,,,0.52,0.06,,,,
20.928,NAV_TO_LANDING,0.2838,-0.015,0.16,,,,5.55,-1.18,0.04,0.0,0.2929,0.0757,-0.1099,0.439,0.74,,,,0.52,0.06,,,,
20.98,NAV_TO_LANDING,0.3017,-0.0128,0.16,,,,5.48,-0.89,0.1,0.0,0.3006,0.0797,-0.086,0.431,0.725,,,,0.52,0.06,,,,
21.065,NAV_TO_LANDING,0.3146,-0.01,0.156,,,,5.41,-0.84,0.23,0.0,0.2926,0.0834,-0.0529,0.431,0.725,,,,0.52,0.06,,,,
21.088,NAV_TO_LANDING,0.3302,-0.0067,0.154,,,,5.3,-0.9,0.62,0.0,0.2916,0.0878,-0.0434,0.444,0.72,,1.496,,0.52,0.06,,,,
21.13,NAV_TO_LANDING,0.344,-0.0028,0.153,,,,5.09,-0.71,0.33,0.0,0.2849,0.0929,-0.0183,0.444,0.72,,1.496,,0.52,0.06,,,,
21.177,NAV_TO_LANDING,0.3582,0.0011,0.15,,,,4.87,-1.02,0.38,0.0,0.2806,0.097,0.0017,0.572,0.715,,,,0.52,0.06,,,,
21.228,NAV_TO_LANDING,0.3736,0.0064,0.153,,,,4.65,-0.77,0.26,0.0,0.2816,0.1058,0.0095,0.572,0.715,,,,0.52,0.06,,,,
21.277,NAV_TO_LANDING,0.3865,0.0106,0.158,,,,4.43,-0.68,0.13,0.0,0.2763,0.1079,0.0306,1.529,0.745,,1.58,,0.52,0.06,,,,
21.327,NAV_TO_LANDING,0.3999,0.0154,0.162,,,,4.29,-0.59,0.11,0.0,0.2737,0.1105,0.0513,1.529,0.745,,1.58,,0.52,0.06,,,,
21.447,NAV_TO_LANDING,0.4129,0.0212,0.165,,,,4.16,-0.28,-0.12,0.0,0.2703,0.115,0.0611,1.57,0.777,,,,0.52,0.06,,,,
21.454,NAV_TO_LANDING,0.4253,0.0267,0.164,,,,3.96,0.04,-0.09,0.0,0.2667,0.1149,0.064,1.57,0.777,,,,0.52,0.06,,,,
21.482,NAV_TO_LANDING,0.4383,0.0319,0.169,,,,3.81,0.22,-0.34,0.0,0.2668,0.1119,0.0554,1.629,0.831,,,,0.52,0.06,,,,
21.527,NAV_TO_LANDING,0.4531,0.0377,0.172,,,,3.79,0.18,-0.54,0.0,0.2764,0.1109,0.0556,1.629,0.831,,,,0.52,0.06,,,,
21.577,NAV_TO_LANDING,0.4655,0.0426,0.178,,,,3.79,0.11,-0.42,0.0,0.2744,0.1082,0.0642,1.637,0.866,,,,0.52,0.06,,,,
21.627,NAV_TO_LANDING,0.4788,0.0473,0.177,,,,3.85,0.4,-0.07,0.0,0.2755,0.1031,0.0651,1.637,0.866,,,,0.52,0.06,,,,
21.677,NAV_TO_LANDING,0.4936,0.0515,0.177,,,,4.23,0.42,0.94,0.0,0.2775,0.0958,0.0497,1.62,0.894,,,,0.54,0.08,,,,
21.759,NAV_TO_LANDING,0.5084,0.0555,0.183,,,,4.84,0.35,1.87,0.0,0.2706,0.089,0.0434,1.62,0.894,,,,0.54,0.08,,,,
21.803,NAV_TO_LANDING,0.5232,0.0599,0.187,,,,5.57,0.04,2.23,0.0,0.2602,0.0862,0.0457,1.622,0.86,,,,0.56,0.1,,,,
21.832,NAV_TO_LANDING,0.535,0.0647,0.192,,,,6.36,-0.3,3.06,0.0,0.2363,0.0868,0.0487,1.622,0.86,,,,0.56,0.1,,,,
21.877,NAV_TO_LANDING,0.5459,0.0691,0.19,,,,7.22,-0.33,3.43,0.0,0.2077,0.0865,0.0515,1.596,,,,,0.56,0.1,,,,
21.927,NAV_TO_LANDING,0.5557,0.0737,0.195,,,,7.94,-1.1,3.54,0.0,0.1785,0.0882,0.0403,1.596,,,,,0.58,0.1,,,,
21.977,NAV_TO_LANDING,0.5639,0.0781,0.195,,,,8.52,-1.49,3.46,0.0,0.1476,0.0946,0.0441,1.571,0.823,,0.417,,0.6,0.1,,,,
22.028,NAV_TO_LANDING,0.5709,0.0843,0.195,,,,8.82,-1.39,3.08,0.0,0.1188,0.1069,0.038,1.571,0.823,,0.417,,0.6,0.1,,,,
22.132,NAV_TO_LANDING,0.5772,0.0923,0.197,,,,8.84,-1.04,2.34,0.0,0.0968,0.1219,0.0231,1.574,0.907,,0.341,,0.62,0.12,,,,
22.137,NAV_TO_LANDING,0.5814,0.0996,0.2,,,,8.71,-0.48,1.65,0.0,0.0781,0.1295,0.0231,1.574,0.907,,0.341,,0.62,0.12,,,,
22.194,NAV_TO_LANDING,0.5851,0.1071,0.203,,,,8.53,-0.06,1.06,0.0,0.0659,0.1331,0.0221,1.553,0.976,,0.32,,0.62,0.12,,,,
22.227,NAV_TO_LANDING,0.5889,0.1148,0.204,,,,8.23,0.27,0.3,0.0,0.0621,0.1351,0.0206,1.553,0.976,,0.32,,0.62,0.12,,,,
22.277,NAV_TO_LANDING,0.593,0.1232,0.203,,,,7.98,0.77,-0.18,0.0,0.0654,0.1364,0.0159,1.524,,,0.308,,0.64,0.12,,,,
22.327,NAV_TO_LANDING,0.5971,0.1322,0.204,,,,7.7,1.29,-0.32,0.0,0.0713,0.1359,0.0052,1.524,,,0.308,,0.64,0.12,,,,
22.377,NAV_TO_LANDING,0.6014,0.1391,0.205,,,,7.45,2.01,-0.53,-0.0,0.0789,0.1245,0.0045,1.523,,,0.287,,0.64,0.12,,,,
22.448,NAV_TO_LANDING,0.607,0.1459,0.204,,,,7.16,2.18,-0.01,-0.0,0.0894,0.1108,0.004,1.523,,,0.287,,0.64,0.12,,,,
22.478,NAV_TO_LANDING,0.6129,0.1514,0.206,,,,6.92,2.23,0.87,-0.0,0.093,0.0935,-0.0025,1.529,,,0.227,,0.64,0.12,,,,
22.527,NAV_TO_LANDING,0.6179,0.1566,0.202,,,,6.68,2.09,1.18,-0.0,0.088,0.0773,-0.0007,1.529,,,0.227,,0.64,0.12,,,,
22.577,NAV_TO_LANDING,0.6227,0.1606,0.204,,,,6.41,1.92,1.56,-0.0,0.0805,0.0608,-0.011,1.511,,,0.188,,0.64,0.12,,,,
22.627,NAV_TO_LANDING,0.628,0.1645,0.206,,,,6.17,1.63,1.65,-0.0,0.0731,0.0482,-0.008,1.511,,,0.188,,0.4782,0.1729,,,,
22.677,NAV_TO_LANDING,0.6317,0.1671,0.205,,,,5.97,1.2,1.65,0.0,0.061,0.0361,0.0005,1.503,,,0.188,,0.4782,0.1729,,,,
22.743,NAV_TO_LANDING,0.6361,0.1702,0.207,,,,5.76,0.56,1.56,0.0,0.0538,0.0314,-0.0047,1.503,,,0.188,,0.4782,0.1729,,,,
22.785,NAV_TO_LANDING,0.6405,0.1729,0.202,,,,5.61,-0.16,1.38,0.0,0.0473,0.0323,-0.0024,1.49,1.058,,0.182,,0.4782,0.1729,,,,
22.831,NAV_TO_LANDING,0.6431,0.1752,0.206,,,,5.52,-0.57,1.28,0.0,0.0375,0.0364,-0.0133,1.49,1.058,,0.182,,0.4782,0.1729,,,,
22.877,NAV_TO_LANDING,0.6453,0.1806,0.202,,,,5.41,-0.8,1.08,0.0,0.0284,0.0516,-0.0052,1.484,,,0.184,,0.4782,0.1729,,,,
22.927,NAV_TO_LANDING,0.6471,0.1854,0.2,,,,5.28,-0.78,0.98,0.0,0.0209,0.0638,-0.0074,1.484,,,0.184,,0.4782,0.1729,,,,
22.977,NAV_TO_LANDING,0.6482,0.1908,0.201,,,,5.22,-0.67,0.78,0.0,0.0135,0.0753,-0.0172,1.478,1.074,,0.19,,0.4782,0.1729,,,,
23.026,NAV_TO_LANDING,0.6491,0.1959,0.201,,,,5.2,-0.56,0.62,0.0,0.0077,0.0837,-0.0096,1.478,1.074,,0.19,,0.4782,0.1729,,,,
23.112,NAV_TO_LANDING,0.6492,0.2019,0.201,,,,5.15,-0.31,0.64,0.0,0.0019,0.0919,-0.007,1.475,1.086,,0.204,,0.4782,0.1729,,,,
23.135,NAV_TO_LANDING,0.6499,0.2084,0.198,,,,5.04,-0.09,0.29,0.0,-0.0005,0.0988,-0.0077,1.475,1.086,,0.204,,0.4782,0.1729,,,,
23.189,NAV_TO_LANDING,0.6508,0.2158,0.199,,,,4.85,0.0,0.28,0.0,-0.0004,0.1061,-0.0109,1.482,,0.896,0.209,,0.4782,0.1729,,,,
23.227,NAV_TO_LANDING,0.6513,0.2209,0.203,,,,4.66,0.2,0.14,0.0,-0.0004,0.1047,-0.0052,1.482,,0.896,0.209,,0.4782,0.1729,,,,
23.277,NAV_TO_LANDING,0.6518,0.2273,0.199,,,,4.43,0.32,0.05,0.0,0.0004,0.106,0.0064,1.471,,0.89,0.225,,0.4782,0.1729,,,,
23.326,NAV_TO_LANDING,0.6523,0.2332,0.202,,,,4.2,0.38,0.1,-0.0,0.0017,0.1049,-0.003,1.471,,0.89,0.225,,0.4782,0.1729,,,,
23.443,NAV_TO_LANDING,0.654,0.2392,0.202,,,,3.99,0.8,0.01,-0.0,0.0058,0.1032,0.002,1.476,1.115,,0.238,,,,,,,
23.531,NAV_TO_LANDING,0.6555,0.2464,0.201,,,,3.83,1.31,-0.09,-0.0,0.0105,0.101,0.0059,1.476,1.115,,0.238,,,,,,,
23.676,NAV_TO_LANDING,0.6569,0.2518,0.198,,,,3.76,1.56,-0.02,-0.0,0.0143,0.0912,-0.0001,1.475,1.115,,0.245,,1.88,0.22,,,,
23.687,NAV_TO_LANDING,0.6577,0.2567,0.197,,,,3.82,1.75,0.02,-0.0,0.0153,0.0794,-0.0101,1.475,1.115,,0.245,,1.88,0.22,,,,
23.692,NAV_TO_LANDING,0.6591,0.2611,0.198,,,,3.86,1.83,0.24,-0.0,0.0174,0.0667,-0.0123,1.472,1.138,,0.259,,1.88,0.22,,,,
23.704,NAV_TO_LANDING,0.6612,0.2647,0.201,,,,3.88,1.77,0.15,-0.0,0.0203,0.053,-0.0052,1.472,1.138,,0.259,,1.88,0.22,,,,
23.733,NAV_TO_LANDING,0.664,0.2681,0.202,,,,3.89,1.6,0.32,-0.0,0.025,0.0421,0.0045,1.476,,0.835,0.261,,1.88,0.22,,,,
23.758,NAV_TO_LANDING,0.6664,0.2711,0.199,,,,3.9,1.29,0.35,0.0,0.0267,0.0334,0.0009,1.476,,0.835,0.261,,1.88,0.22,,,,
23.788,NAV_TO_LANDING,0.6681,0.2735,0.198,,,,3.87,0.85,0.37,0.0,0.0255,0.0266,-0.0075,1.468,1.119,,0.267,,1.88,0.22,,,,
23.827,NAV_TO_LANDING,0.6705,0.2746,0.2,,,,3.82,0.04,0.38,0.0,0.0262,0.022,-0.0061,1.468,1.119,,0.267,,1.88,0.22,,,,
23.885,NAV_TO_LANDING,0.6737,0.2755,0.201,,,,3.7,-0.45,0.38,0.0,0.0286,0.0229,0.0027,1.455,1.128,0.832,0.272,,1.88,0.22,,,,
23.95,NAV_TO_LANDING,0.6758,0.2785,0.201,,,,3.59,-0.78,0.44,0.0,0.0273,0.0332,0.0046,1.455,1.128,0.832,0.272,,1.88,0.22,,,,
23.981,NAV_TO_LANDING,0.678,0.2813,0.204,,,,3.55,-1.05,0.4,0.0,0.0259,0.0433,0.0064,1.458,1.131,0.82,0.277,,1.88,0.22,,,,
24.027,NAV_TO_LANDING,0.6802,0.2863,0.2,,,,3.57,-1.17,0.53,0.0,0.0246,0.0608,0.0124,1.458,1.131,0.82,0.277,,1.88,0.22,,,,
24.077,NAV_TO_LANDING,0.682,0.2927,0.201,,,,3.53,-1.07,0.45,0.0,0.022,0.0796,-0.0014,1.452,1.13,0.824,0.286,,1.88,0.22,,,,
24.127,NAV_TO_LANDING,0.6832,0.2982,0.2,,,,3.5,-0.74,0.52,0.0,0.018,0.0914,0.001,1.452,1.13,0.824,0.286,,1.88,0.22,,,,
24.176,NAV_TO_LANDING,0.685,0.3044,0.2,,,,3.46,-0.47,0.48,0.0,0.0163,0.101,0.0013,1.436,1.149,0.814,0.298,,1.88,0.22,,,,
24.261,NAV_TO_LANDING,0.6867,0.3102,0.204,,,,3.54,-0.17,0.5,0.0,0.0149,0.1054,0.0002,1.436,1.149,0.814,0.298,,1.88,0.22,,,,
24.296,NAV_TO_LANDING,0.6884,0.3188,0.203,,,,3.63,0.18,0.67,0.0,0.0132,0.115,0.0072,1.458,,,0.309,,1.88,0.22,,,,
24.335,NAV_TO_LANDING,0.6896,0.3252,0.2,,,,3.67,0.55,0.57,0.0,0.0104,0.114,0.0054,1.458,,,0.309,,1.88,0.22,,,,
24.376,NAV_TO_LANDING,0.6916,0.3323,0.201,,,,3.68,0.73,0.6,-0.0,0.0108,0.1129,-0.0049,1.454,,,0.324,,1.88,0.22,,,,
24.428,NAV_TO_LANDING,0.6924,0.3384,0.201,,,,3.69,0.97,0.59,-0.0,0.0072,0.1079,-0.0006,1.454,,,0.324,,0.5424,0.3382,,,,
24.477,NAV_TO_LANDING,0.6935,0.3445,0.203,,,,3.72,1.64,0.55,0.0,0.0053,0.0997,-0.0021,,1.142,0.783,0.336,,0.5424,0.3382,,,,
24.527,NAV_TO_LANDING,0.6942,0.3493,0.202,,,,3.74,2.01,0.91,0.0,0.003,0.0844,0.0006,,1.142,0.783,0.336,,0.5424,0.3382,,,,
24.612,NAV_TO_LANDING,0.6961,0.3557,0.199,,,,3.76,1.99,1.52,0.0,0.0007,0.0753,-0.002,1.433,,,0.345,,0.5424,0.3382,,,,
24.632,NAV_TO_LANDING,0.6976,0.3592,0.201,,,,3.77,2.09,1.98,0.0,-0.007,0.0577,-0.0113,1.433,,,0.345,,0.5424,0.3382,,,,
24.677,NAV_TO_LANDING,0.6968,0.3629,0.201,,,,3.8,2.01,2.1,0.0,-0.0236,0.0428,-0.0045,,1.134,0.787,0.353,,0.5424,0.3382,,,,
24.727,NAV_TO_LANDING,0.6954,0.365,0.201,,,,3.77,1.79,2.21,0.0,-0.0405,0.0265,-0.0005,,1.134,0.787,0.353,,0.5424,0.3382,,,,
24.777,NAV_TO_LANDING,0.6927,0.3666,0.202,,,,3.78,1.53,2.08,0.0,-0.0586,0.0128,-0.0022,,,0.784,0.356,,0.5424,0.3382,,,,
24.827,NAV_TO_LANDING,0.6899,0.3669,0.198,,,,3.85,1.24,1.82,0.0,-0.0731,-0.0002,0.0003,,,0.784,0.356,,0.5424,0.3382,,,,
24.885,NAV_TO_LANDING,0.6872,0.367,0.2,,,,3.92,1.15,1.46,0.0,-0.0828,-0.01,-0.0118,,,0.781,0.353,,0.5424,0.3382,,,,
24.957,NAV_TO_LANDING,0.6837,0.3664,0.199,,,,4.0,0.86,1.16,0.0,-0.0909,-0.0191,-0.0038,,,0.781,0.353,,0.5424,0.3382,,,,
24.979,NAV_TO_LANDING,0.6791,0.3658,0.197,,,,4.03,0.58,0.93,0.0,-0.0987,-0.0242,-0.0033,,1.136,,0.352,,0.5424,0.3382,,,,
25.027,NAV_TO_LANDING,0.6755,0.365,0.198,,,,4.07,0.36,0.7,0.0,-0.1009,-0.0269,-0.0083,,1.136,,0.352,,0.5424,0.3382,,,,
25.077,NAV_TO_LANDING,0.6718,0.3644,0.2,,,,4.14,0.24,0.46,0.0,-0.1014,-0.0277,-0.0022,,,,0.353,,0.5424,0.3382,,,,
25.127,NAV_TO_LANDING,0.6671,0.3629,0.201,,,,4.2,0.04,0.28,0.0,-0.103,-0.0291,0.0042,,,,0.353,,0.5424,0.3382,,,,
25.176,NAV_TO_LANDING,0.6632,0.3621,0.197,,,,4.22,-0.05,0.31,0.0,-0.1012,-0.0274,0.0071,,,0.78,0.354,,0.5424,0.3382,,,,
25.232,NAV_TO_LANDING,0.6581,0.362,0.201,,,,4.28,-0.17,0.25,0.0,-0.1034,-0.0227,-0.0027,,,0.78,0.354,,0.5424,0.3382,,,,
25.3,NAV_TO_LANDING,0.6542,0.3616,0.201,,,,4.42,-0.14,0.18,0.0,-0.1015,-0.0191,0.0072,,1.119,0.786,0.351,,0.5424,0.3382,,,,
25.334,NAV_TO_LANDING,0.6492,0.3613,0.199,,,,4.61,-0.06,0.21,0.0,-0.1025,-0.0161,0.0081,,1.119,0.786,0.351,,0.5424,0.3382,,,,
25.375,NAV_TO_LANDING,0.646,0.3612,0.2,,,,4.87,0.01,0.18,0.0,-0.0979,-0.0139,-0.0011,,,0.775,0.356,,0.5424,0.3382,,,,
25.426,NAV_TO_LANDING,0.6417,0.3614,0.201,,,,5.11,-0.05,0.11,0.0,-0.0973,-0.0112,0.0036,,,0.775,0.356,,0.5424,0.3382,,,,
25.477,NAV_TO_LANDING,0.6384,0.3616,0.201,,,,5.31,0.02,0.14,0.0,-0.093,-0.0086,0.0075,,,0.772,0.354,,0.5424,0.3382,,,,
25.529,NAV_TO_LANDING,0.6348,0.3624,0.203,,,,5.44,0.06,0.16,0.0,-0.0908,-0.0054,0.0028,,,0.772,0.354,,0.5424,0.3382,,,,
25.579,NAV_TO_LANDING,0.6322,0.363,0.204,,,,5.59,0.14,0.11,0.0,-0.0855,-0.0033,0.0059,,,0.775,0.36,,0.5424,0.3382,,,,
25.626,NAV_TO_LANDING,0.6284,0.3642,0.202,,,,5.66,0.28,0.28,0.0,-0.0852,-0.0005,0.0064,,,0.775,0.36,,0.5424,0.3382,,,,
25.678,NAV_TO_LANDING,0.6253,0.3647,0.202,,,,5.71,0.49,0.38,0.0,-0.0836,-0.0017,-0.0012,,,,0.362,,0.5424,0.3382,,,,
25.726,NAV_TO_LANDING,0.6215,0.3651,0.205,,,,5.81,0.51,0.45,0.0,-0.0852,-0.0046,-0.0035,,,,0.362,,0.5424,0.3382,,,,
25.776,NAV_TO_LANDING,0.6181,0.3658,0.204,,,,5.9,0.53,0.5,0.0,-0.0856,-0.0059,0.0042,,1.099,0.764,0.369,,0.5424,0.3382,,,,
25.826,NAV_TO_LANDING,0.615,0.3663,0.202,,,,6.01,0.51,0.42,0.0,-0.0852,-0.0079,0.0005,,1.099,0.764,0.369,,0.5424,0.3382,,,,
25.888,NAV_TO_LANDING,0.6117,0.366,0.202,,,,5.99,0.59,0.51,0.0,-0.0854,-0.0122,-0.005,,1.082,,0.374,,0.5424,0.3382,,,,
25.956,NAV_TO_LANDING,0.6083,0.3664,0.202,,,,6.01,0.6,0.49,0.0,-0.086,-0.0142,-0.0048,,1.082,,0.374,,0.5424,0.3382,,,,
25.984,NAV_TO_LANDING,0.6046,0.3658,0.2,,,,6.06,0.63,0.56,0.0,-0.0874,-0.0191,-0.0055,,1.074,,0.383,,0.5424,0.3382,,,,
26.039,NAV_TO_LANDING,0.6015,0.3658,0.198,,,,6.05,0.63,0.48,0.0,-0.0873,-0.0214,-0.0091,,1.074,,0.383,,0.5424,0.3382,,,,
26.087,NAV_TO_LANDING,0.598,0.3654,0.203,,,,6.02,0.74,0.52,0.0,-0.088,-0.0251,-0.0121,,1.08,0.772,0.382,,0.5424,0.3382,,,,
26.126,NAV_TO_LANDING,0.5941,0.3642,0.202,,,,5.92,0.5,0.41,0.0,-0.0896,-0.0304,0.0009,,1.08,0.772,0.382,,0.5424,0.3382,,,,
26.177,NAV_TO_LANDING,0.5878,0.3629,0.199,,,,5.76,0.53,0.39,0.0,-0.0978,-0.034,0.0021,,,0.768,0.389,,0.5424,0.3382,,,,
26.239,NAV_TO_LANDING,0.5844,0.3619,0.204,,,,5.59,0.48,0.35,0.0,-0.0958,-0.036,-0.0063,,,0.768,0.389,,0.5424,0.3382,,,,
26.31,NAV_TO_LANDING,0.5814,0.3616,0.203,,,,5.43,0.37,0.23,0.0,-0.0922,-0.0351,0.0083,,,0.778,0.402,,0.5424,0.3382,,,,
26.327,NAV_TO_LANDING,0.5766,0.3609,0.196,,,,5.26,0.52,0.39,0.0,-0.0948,-0.035,0.0074,,,0.778,0.402,,0.5424,0.3382,,,,
26.375,NAV_TO_LANDING,0.5737,0.3598,0.198,,,,5.1,0.55,0.24,0.0,-0.0915,-0.0375,-0.0151,,1.054,,0.421,,0.5424,0.3382,,,,
26.426,NAV_TO_LANDING,0.5695,0.358,0.202,,,,4.9,0.48,0.15,0.0,-0.0915,-0.0414,-0.0045,,1.054,,0.421,,0.5424,0.3382,,,,
26.476,NAV_TO_LANDING,0.5664,0.3564,0.202,,,,4.66,0.52,0.19,0.0,-0.0881,-0.0442,0.0121,,1.049,,0.456,,0.5424,0.3382,,,,
26.563,NAV_TO_LANDING,0.5622,0.3543,0.2,,,,4.47,0.54,0.24,0.0,-0.0888,-0.0482,0.0087,,1.049,,0.456,,,,,,,
26.689,NAV_TO_LANDING,0.5598,0.3533,0.204,,,,4.34,0.56,0.18,-0.0,-0.0841,-0.0483,0.0013,,1.045,0.795,0.505,,,,,,,
26.758,NAV_TO_LANDING,0.557,0.3513,0.199,,,,4.29,0.5,-0.01,-0.0,-0.0807,-0.0518,0.0121,,1.045,0.795,0.505,,2.0,0.45,,,,
26.769,NAV_TO_LANDING,0.554,0.3496,0.201,,,,4.19,-0.04,-0.77,-0.0,-0.0748,-0.051,0.0003,,1.036,0.795,0.563,,2.0,0.45,,,,
26.774,NAV_TO_LANDING,0.5513,0.3483,0.202,,,,4.14,-0.31,-1.06,-0.0,-0.0645,-0.0456,0.0036,,1.036,0.795,0.563,,2.0,0.45,,,,
26.79,NAV_TO_LANDING,0.5495,0.3463,0.201,,,,4.09,-0.51,-1.2,-0.0,-0.0517,-0.0409,0.0106,,1.03,0.803,0.575,,2.0,0.45,,,,
26.832,NAV_TO_LANDING,0.547,0.3437,0.202,,,,4.03,-0.49,-1.14,0.0,-0.0424,-0.0378,0.0067,,1.03,0.803,0.575,,2.0,0.45,,,,
26.891,NAV_TO_LANDING,0.5461,0.3433,0.203,,,,3.98,-0.58,-2.55,0.0,-0.0273,-0.0285,0.009,,,,0.589,,2.0,0.45,,,,
26.927,NAV_TO_LANDING,0.5457,0.3431,0.206,,,,3.83,-0.54,-4.38,0.0,0.0025,-0.0184,0.0101,,,,0.589,,2.0,0.45,,,,
26.977,NAV_TO_LANDING,0.5466,0.3434,0.207,,,,3.69,-0.55,-5.13,0.0,0.0415,-0.0078,0.0132,1.552,,0.802,,,2.0,0.45,,,,
27.026,NAV_TO_LANDING,0.5521,0.3435,0.21,,,,3.58,-0.53,-5.47,0.0,0.0934,0.0006,0.0134,1.552,,0.802,,,2.0,0.45,,,,
27.093,NAV_TO_LANDING,0.5607,0.3458,0.206,,,,3.49,-0.29,-5.47,0.0,0.1473,0.0135,0.0124,,,0.789,,,2.0,0.45,,,,
27.127,NAV_TO_LANDING,0.5701,0.3474,0.21,,,,3.41,-0.22,-4.97,0.0,0.195,0.0211,0.0001,,,0.789,,,2.0,0.45,,,,
27.177,NAV_TO_LANDING,0.5817,0.349,0.209,,,,3.26,-0.02,-4.25,0.0,0.2373,0.0262,0.0031,,,0.775,,,2.0,0.45,,,,
27.226,NAV_TO_LANDING,0.5943,0.3514,0.205,,,,3.08,0.07,-3.51,0.0,0.2705,0.0313,0.0004,,,0.775,,,2.0,0.45,,,,
27.276,NAV_TO_LANDING,0.6086,0.3535,0.207,,,,2.95,0.15,-2.71,0.0,0.2976,0.0336,-0.0144,1.528,,,0.368,,2.0,0.45,,,,
27.325,NAV_TO_LANDING,0.6238,0.3546,0.209,,,,2.85,0.27,-1.81,0.0,0.3168,0.0312,-0.0088,1.528,,,0.368,,2.0,0.45,,,,
27.417,NAV_TO_LANDING,0.642,0.3567,0.207,,,,2.74,0.53,-1.09,0.0,0.3359,0.0302,-0.0036,,,0.763,0.35,,2.0,0.45,,,,
27.449,NAV_TO_LANDING,0.658,0.3576,0.203,,,,2.71,0.61,-0.51,0.0,0.341,0.0246,-0.0142,,,0.763,0.35,,2.0,0.45,,,,
27.477,NAV_TO_LANDING,0.6735,0.3588,0.204,,,,2.77,0.62,0.02,0.0,0.3387,0.0195,-0.0229,,,,0.347,,2.0,0.45,,,,
27.541,NAV_TO_LANDING,0.69,0.3598,0.202,,,,2.86,0.54,0.48,0.0,0.336,0.0148,-0.0166,,,,0.347,,2.0,0.45,,,,
27.581,NAV_TO_LANDING,0.7048,0.3605,0.204,,,,2.96,0.44,0.85,0.0,0.3247,0.0106,-0.0176,,,,0.355,,2.0,0.45,,,,
27.626,NAV_TO_LANDING,0.7216,0.3605,0.204,,,,3.11,0.22,0.91,0.0,0.3196,0.0059,-0.0129,,,,0.355,,2.0,0.45,,,,
27.675,NAV_TO_LANDING,0.736,0.3604,0.199,,,,3.29,0.22,0.83,0.0,0.308,0.0027,-0.0103,,1.186,,0.366,,2.0,0.45,,,,
27.765,NAV_TO_LANDING,0.7498,0.3611,0.201,,,,3.52,0.13,0.79,0.0,0.2972,0.0025,-0.0216,,1.186,,0.366,,2.0,0.45,,,,
27.78,NAV_TO_LANDING,0.7629,0.3617,0.198,,,,3.82,-0.03,0.65,0.0,0.286,0.003,-0.0124,1.379,1.216,,0.379,,2.0,0.45,,,,
27.829,NAV_TO_LANDING,0.7742,0.3609,0.199,,,,4.04,-0.1,0.46,0.0,0.2725,0.0005,-0.0134,1.379,1.216,,0.379,,2.0,0.45,,,,
27.877,NAV_TO_LANDING,0.787,0.3613,0.203,,,,4.22,-0.19,0.26,0.0,0.2661,0.0022,-0.0129,1.352,,,0.379,,2.0,0.45,,,,
27.926,NAV_TO_LANDING,0.8015,0.3619,0.199,,,,4.44,-0.32,0.05,0.0,0.2684,0.0059,0.0032,1.352,,,0.379,,2.0,0.45,,,,
27.976,NAV_TO_LANDING,0.8136,0.3616,0.198,,,,4.61,-0.08,-0.1,0.0,0.2645,0.0059,-0.0071,,,,0.366,,2.0,0.45,,,,
28.031,NAV_TO_LANDING,0.8257,0.3626,0.196,,,,4.79,-0.31,-0.35,0.0,0.2625,0.0093,-0.0088,,,,0.366,,2.0,0.45,,,,
28.102,NAV_TO_LANDING,0.8385,0.3632,0.199,,,,4.9,-0.4,-0.41,0.0,0.2645,0.0127,-0.0074,,,,0.353,,2.0,0.45,,,,
28.131,NAV_TO_LANDING,0.8517,0.3643,0.196,,,,5.02,-0.4,-0.44,0.0,0.2674,0.0178,-0.0019,,,,0.353,,2.0,0.45,,,,
28.175,NAV_TO_LANDING,0.8664,0.3655,0.198,,,,5.16,-0.35,-0.46,0.0,0.2748,0.0218,-0.0044,,,,0.36,,2.0,0.45,,,,
28.226,NAV_TO_LANDING,0.8799,0.367,0.198,,,,5.28,-0.32,-0.49,0.0,0.278,0.0263,0.0008,,,,0.36,,2.0,0.45,,,,
28.276,NAV_TO_LANDING,0.8936,0.3685,0.199,,,,5.28,-0.25,-0.31,0.0,0.2808,0.0294,0.002,,1.332,,0.366,,2.0,0.45,,,,
28.326,NAV_TO_LANDING,0.9076,0.3698,0.2,,,,5.21,-0.17,-0.41,0.0,0.2832,0.0311,0.0019,,1.332,,0.366,,2.0,0.45,,,,
28.405,NAV_TO_LANDING,0.9216,0.3717,0.201,,,,5.08,-0.15,-0.33,0.0,0.2858,0.0339,0.0042,,,0.731,0.384,,2.0,0.45,,,,
28.452,NAV_TO_LANDING,0.9364,0.374,0.198,,,,4.95,-0.05,-0.23,0.0,0.2894,0.0363,0.0052,,,0.731,0.384,,2.0,0.45,,,,
28.482,NAV_TO_LANDING,0.954,0.3768,0.198,,,,4.74,0.07,-0.32,0.0,0.3012,0.0394,-0.0057,,1.402,0.732,0.402,,2.0,0.45,,,,
28.534,NAV_TO_LANDING,0.9686,0.3787,0.199,,,,4.51,0.07,-0.18,0.0,0.3024,0.0389,-0.0044,,1.402,0.732,0.402,,2.0,0.45,,,,
28.579,NAV_TO_LANDING,0.9831,0.3808,0.196,,,,4.23,0.11,-0.08,0.0,0.3016,0.0389,0.0006,,,,0.405,,2.0,0.45,,,,
28.625,NAV_TO_LANDING,0.9979,0.383,0.199,,,,3.97,0.26,-0.02,0.0,0.3011,0.0382,-0.0071,,,,0.405,,2.0,0.45,,,,
28.676,NAV_TO_LANDING,1.0123,0.3855,0.197,,,,3.71,0.32,-0.01,0.0,0.2988,0.0375,0.002,,,,0.397,,2.0,0.45,,,,
28.75,NAV_TO_LANDING,1.0297,0.3876,0.202,,,,3.45,0.28,-0.04,0.0,0.307,0.0359,0.0006,,,,0.397,,2.0,0.45,,,,
28.794,NAV_TO_LANDING,1.0448,0.3889,0.201,,,,3.27,0.39,0.02,0.0,0.3068,0.0319,0.0083,,,0.802,0.395,,2.0,0.45,,,,
28.83,NAV_TO_LANDING,1.0597,0.3913,0.197,,,,3.12,0.32,0.02,0.0,0.3057,0.0315,0.007,,,0.802,0.395,,2.0,0.45,,,,
28.875,NAV_TO_LANDING,1.0748,0.393,0.198,,,,3.05,0.3,0.16,0.0,0.3045,0.0295,-0.0048,,,,0.398,,2.0,0.45,,,,
28.925,NAV_TO_LANDING,1.0893,0.3949,0.198,,,,3.02,0.3,0.11,0.0,0.3013,0.0286,-0.0021,,,,0.398,,2.0,0.45,,,,
28.975,NAV_TO_LANDING,1.1041,0.3976,0.197,,,,3.0,0.37,0.18,0.0,0.2994,0.0293,-0.0007,,,2.285,0.406,,2.0,0.45,,,,
29.026,NAV_TO_LANDING,1.1211,0.3996,0.196,,,,3.02,0.4,0.13,0.0,0.3049,0.0281,-0.0033,,,2.285,0.406,,2.0,0.45,,,,
29.122,NAV_TO_LANDING,1.1356,0.4011,0.195,,,,3.08,0.34,0.05,0.0,0.3022,0.0254,-0.0042,,,,0.423,,2.0,0.45,,,,
29.132,NAV_TO_LANDING,1.1497,0.4025,0.198,,,,3.08,0.37,0.07,0.0,0.2988,0.0231,-0.0066,,,,0.423,,2.0,0.45,,,,
29.182,NAV_TO_LANDING,1.1645,0.4046,0.201,,,,3.15,0.24,0.0,0.0,0.2982,0.0232,0.0033,,,,0.437,,2.0,0.45,,,,
29.233,NAV_TO_LANDING,1.179,0.4071,0.197,,,,3.16,0.2,0.09,0.0,0.2966,0.0255,0.0116,,,,0.437,,2.0,0.45,,,,
29.276,NAV_TO_LANDING,1.1953,0.4087,0.201,,,,3.16,0.21,0.07,0.0,0.3007,0.0251,-0.0016,,,,0.438,,2.0,0.45,,,,
29.326,NAV_TO_LANDING,1.2094,0.4111,0.2,,,,3.24,0.23,0.07,0.0,0.2974,0.0265,0.0062,,,,0.438,,2.0,0.45,,,,
29.387,NAV_TO_LANDING,1.224,0.4127,0.199,,,,3.23,0.23,-0.02,0.0,0.2966,0.0258,0.0045,,,,0.422,,2.0,0.45,,,,
29.467,NAV_TO_LANDING,1.2387,0.4147,0.199,,,,3.2,0.26,0.11,0.0,0.296,0.0259,-0.0026,,,,0.422,,2.0,0.45,,,,
29.479,NAV_TO_LANDING,1.2526,0.4161,0.197,,,,3.2,0.21,0.05,0.0,0.2926,0.0241,-0.0017,,,,0.422,,2.0,0.45,,,,
29.527,NAV_TO_LANDING,1.2667,0.417,0.197,,,,3.14,0.18,0.11,0.0,0.2902,0.0215,-0.0039,,,,0.422,,2.0,0.45,,,,
29.575,NAV_TO_LANDING,1.2829,0.4196,0.198,,,,3.12,0.22,-0.01,0.0,0.295,0.0249,-0.0045,,,,0.424,,2.0,0.45,,,,
29.625,NAV_TO_LANDING,1.297,0.4212,0.198,,,,3.01,0.33,-0.12,0.0,0.294,0.0239,-0.0007,,,,0.424,,2.0,0.45,,,,
29.675,NAV_TO_LANDING,1.3114,0.423,0.2,,,,2.89,0.31,-0.14,0.0,0.2945,0.0229,0.0013,,,,0.428,,2.0,0.45,,,,
29.734,NAV_TO_LANDING,1.3267,0.4244,0.204,,,,2.78,0.32,-0.13,0.0,0.2975,0.0217,0.0053,,,,0.428,,2.0,0.45,,,,
29.794,NAV_TO_LANDING,1.3409,0.4268,0.202,,,,2.69,0.27,-0.11,0.0,0.2962,0.0234,0.0149,,,,0.439,,2.0,0.45,,,,
29.832,NAV_TO_LANDING,1.3559,0.428,0.205,,,,2.6,0.38,-0.07,0.0,0.2971,0.0209,0.0061,,,,0.439,,2.0,0.45,,,,
29.875,NAV_TO_LANDING,1.3732,0.4295,0.205,,,,2.46,0.37,-0.08,0.0,0.3058,0.0197,0.0076,,,,0.448,,2.0,0.45,,,,
29.925,NAV_TO_LANDING,1.3884,0.4305,0.201,,,,2.38,0.4,-0.04,0.0,0.3064,0.0167,0.0076,,,,0.448,,2.0,0.45,,,,
29.974,NAV_TO_LANDING,1.4026,0.4323,0.202,,,,2.35,0.4,-0.07,0.0,0.3024,0.0165,-0.0086,,,,0.487,,2.0,0.45,,,,
30.025,NAV_TO_LANDING,1.4185,0.4338,0.202,,,,2.31,0.37,0.14,0.0,0.3049,0.0158,-0.0066,,,,0.487,,2.0,0.45,,,,
30.114,NAV_TO_LANDING,1.4329,0.4352,0.2,,,,2.25,0.23,0.31,0.0,0.2984,0.0148,-0.0043,,,,,,2.0,0.45,,,,
30.126,NAV_TO_LANDING,1.4495,0.4367,0.201,,,,2.3,0.3,0.26,0.0,0.3017,0.0155,-0.0133,,,,,,2.0,0.45,,,,
30.192,NAV_TO_LANDING,1.464,0.4378,0.198,,,,2.45,0.27,0.17,0.0,0.2985,0.0142,-0.0066,,,,,,2.0,0.45,,,,
30.225,NAV_TO_LANDING,1.4783,0.439,0.2,,,,2.67,0.1,0.33,0.0,0.2946,0.0138,-0.01,,,,,,2.0,0.45,,,,
30.275,NAV_TO_LANDING,1.4922,0.4401,0.201,,,,2.98,0.06,0.37,0.0,0.2895,0.0149,-0.0023,,,,,,2.0,0.45,,,,
30.325,NAV_TO_LANDING,1.5064,0.4414,0.2,,,,3.23,0.13,0.12,0.0,0.2863,0.0158,0.0038,,,,,,2.0,0.45,,,,
30.385,NAV_TO_LANDING,1.5204,0.4429,0.198,,,,3.45,0.16,0.11,0.0,0.2842,0.0166,0.0001,,,,1.593,,2.0,0.45,,,,
30.454,NAV_TO_LANDING,1.5371,0.4441,0.196,,,,3.68,0.1,-0.01,0.0,0.2918,0.0168,-0.0055,,,,1.593,,2.0,0.45,,,,
30.481,NAV_TO_LANDING,1.5512,0.4452,0.2,,,,3.88,0.28,-0.12,0.0,0.2913,0.0163,-0.0083,,,,,,2.0,0.45,,,,
30.53,NAV_TO_LANDING,1.5656,0.4457,0.198,,,,3.96,0.39,-0.08,0.0,0.2917,0.013,0.0038,,,,,,2.0,0.45,,,,
30.575,NAV_TO_LANDING,1.5803,0.4471,0.2,,,,4.04,0.41,-0.07,0.0,0.2927,0.0121,-0.0023,,,,,,2.0,0.45,,,,
30.625,NAV_TO_LANDING,1.5954,0.448,0.199,,,,4.12,0.47,-0.15,0.0,0.2953,0.0095,0.0022,,,,,,2.0,0.45,,,,
30.675,NAV_TO_LANDING,1.6121,0.4495,0.202,,,,4.14,0.46,-0.19,0.0,0.3033,0.0095,0.0003,,,,,,2.0,0.45,,,,
30.735,NAV_TO_LANDING,1.627,0.4503,0.203,,,,4.1,0.48,-0.14,0.0,0.3044,0.0074,0.0058,,,,,,2.0,0.45,,,,
30.803,NAV_TO_LANDING,1.6423,0.4507,0.204,,,,4.02,0.55,-0.08,0.0,0.3061,0.0036,0.0067,,,,,,2.0,0.45,,,,
30.852,NAV_TO_LANDING,1.6572,0.4508,0.202,,,,3.92,0.81,1.68,0.0,0.3015,-0.0021,0.008,,,,,,2.0,0.45,,,,
30.879,NAV_TO_LANDING,1.6728,0.4513,0.207,,,,3.81,1.05,3.48,0.0,0.2842,-0.0085,0.0012,,,,,,2.0,0.45,,,,
30.924,NAV_TO_LANDING,1.686,0.4517,0.205,,,,3.75,1.19,4.42,0.0,0.2506,-0.017,0.0088,,,,,,2.0,0.45,,,,
30.975,NAV_TO_LANDING,1.6997,0.4519,0.203,,,,3.67,1.15,4.89,0.0,0.2192,-0.0255,-0.0035,,,,,,2.0,0.45,,,,
31.025,NAV_TO_LANDING,1.7093,0.451,0.198,,,,3.57,1.13,4.92,0.0,0.1774,-0.0359,-0.0119,,,,,,2.0,0.45,,,,
31.075,NAV_TO_LANDING,1.717,0.4484,0.198,,,,3.53,1.05,4.65,0.0,0.136,-0.049,-0.0225,,,2.393,1.603,,2.0,0.45,,,,
31.167,NAV_TO_LANDING,1.7238,0.4457,0.194,,,,3.49,1.09,4.13,0.0,0.101,-0.0603,-0.0191,,,2.393,1.603,,2.0,0.45,,,,
31.19,NAV_TO_LANDING,1.7278,0.4431,0.194,,,,3.51,0.91,3.5,0.0,0.0674,-0.0696,-0.0231,,,,,,2.0,0.45,,,,
31.226,NAV_TO_LANDING,1.732,0.4362,0.191,,,,3.5,0.79,2.89,0.0,0.0437,-0.0855,-0.0176,,,,,,2.0,0.45,,,,
31.275,NAV_TO_LANDING,1.7345,0.4329,0.196,,,,3.56,0.47,2.18,0.0,0.0245,-0.09,-0.0176,,,2.414,,,2.0,0.45,,,,
31.325,NAV_TO_LANDING,1.7366,0.4283,0.196,,,,3.67,0.39,1.59,0.0,0.012,-0.0944,0.0022,,,2.414,,,2.0,0.45,,,,
31.375,NAV_TO_LANDING,1.7384,0.4211,0.198,,,,3.69,0.25,0.99,0.0,0.0054,-0.1033,0.0055,,,2.392,,,2.0,0.45,,,,
31.425,NAV_TO_LANDING,1.7402,0.4149,0.199,,,,3.73,0.05,0.68,-0.0,0.0034,-0.1072,0.0098,,,2.392,,,2.0,0.45,,,,
31.517,NAV_TO_LANDING,1.7421,0.4106,0.199,,,,3.74,-0.67,0.29,-0.0,0.005,-0.1025,0.0132,,,,,,1.5923,0.4,,,,
31.525,NAV_TO_LANDING,1.7442,0.4047,0.197,,,,3.76,-1.12,0.25,0.0,0.0084,-0.0975,0.0094,,,,,,1.5923,0.4,,,,
31.578,NAV_TO_LANDING,1.748,0.4017,0.196,,,,3.79,-1.47,0.67,0.0,0.0153,-0.0834,0.0047,,,,1.574,,1.5923,0.4,,,,
31.625,NAV_TO_LANDING,1.7506,0.3998,0.202,,,,3.84,-1.6,1.21,0.0,0.0132,-0.0656,0.0021,,,,1.574,,1.5923,0.4,,,,
31.675,NAV_TO_LANDING,1.7529,0.3984,0.201,,,,3.83,-1.53,1.55,0.0,0.007,-0.0491,0.0146,,,,,,1.5923,0.4,,,,
31.725,NAV_TO_LANDING,1.7549,0.3979,0.199,,,,3.75,-1.46,1.89,0.0,-0.0016,-0.0332,0.0113,,,,,,1.5923,0.4,,,,
31.784,NAV_TO_LANDING,1.7565,0.3975,0.199,,,,3.7,-1.38,2.01,0.0,-0.0121,-0.0204,0.0023,,,2.43,1.579,,1.5923,0.4,,,,
31.85,NAV_TO_LANDING,1.758,0.3979,0.2,,,,3.72,-0.99,1.99,0.0,-0.0222,-0.0093,0.0027,,,2.43,1.579,,1.5923,0.4,,,,
31.877,NAV_TO_LANDING,1.7585,0.3999,0.201,,,,3.78,-0.95,1.93,0.0,-0.0326,0.0031,0.0049,,,2.441,,,1.5923,0.4,,,,
31.925,NAV_TO_LANDING,1.7589,0.4024,0.196,,,,3.82,-0.66,1.81,0.0,-0.0414,0.014,0.0065,,,2.441,,,1.5923,0.4,,,,
31.975,NAV_TO_LANDING,1.7575,0.4041,0.2,,,,3.88,-0.4,1.7,0.0,-0.0536,0.0197,-0.0054,,,,,,1.5923,0.4,,,,
32.025,NAV_TO_LANDING,1.7564,0.4078,0.198,,,,3.97,-0.17,1.58,0.0,-0.062,0.0277,0.0043,,,,,,1.5923,0.4,,,,
32.074,NAV_TO_LANDING,1.7553,0.4097,0.202,,,,4.0,0.06,1.22,0.0,-0.0673,0.0283,0.0018,,,2.441,,,1.5923,0.4,,,,
32.16,NAV_TO_LANDING,1.753,0.411,0.201,,,,4.08,0.21,1.21,0.0,-0.0736,0.0254,0.0082,,,2.441,,,1.5923,0.4,,,,
32.179,NAV_TO_LANDING,1.7497,0.4126,0.2,,,,4.14,0.33,1.07,0.0,-0.0814,0.0239,0.007,,,,1.573,,1.5923,0.4,,,,
32.228,NAV_TO_LANDING,1.7473,0.4142,0.199,,,,4.19,0.48,0.93,0.0,-0.0839,0.0209,0.0014,,,,1.573,,1.5923,0.4,,,,
32.275,NAV_TO_LANDING,1.7429,0.4149,0.202,,,,4.23,0.49,0.8,0.0,-0.0911,0.0155,-0.001,,,,1.548,,1.5923,0.4,,,,
32.326,NAV_TO_LANDING,1.7407,0.4149,0.2,,,,4.24,0.43,0.7,0.0,-0.0901,0.0088,0.0061,,,,1.548,,1.5923,0.4,,,,
32.375,NAV_TO_LANDING,1.7369,0.4151,0.203,,,,4.24,0.45,0.68,0.0,-0.093,0.0045,0.0017,,,,,,1.5923,0.4,,,,
32.441,NAV_TO_LANDING,1.7355,0.4155,0.199,,,,4.28,0.45,0.5,0.0,-0.0884,0.0006,0.0059,,,,,,1.5923,0.4,,,,
32.508,NAV_TO_LANDING,1.7315,0.4154,0.202,,,,4.33,0.4,0.58,0.0,-0.0912,-0.0037,-0.0027,,,,1.562,,1.5923,0.4,,,,
32.524,NAV_TO_LANDING,1.73,0.4145,0.201,,,,4.4,0.23,0.45,0.0,-0.0864,-0.0086,0.0041,,,,1.562,,1.5923,0.4,,,,
32.577,NAV_TO_LANDING,1.7275,0.4145,0.207,,,,4.41,0.15,0.52,0.0,-0.0853,-0.0091,0.0004,,,,,,1.5923,0.4,,,,
32.624,NAV_TO_LANDING,1.7252,0.4135,0.201,,,,4.47,0.13,0.56,0.0,-0.084,-0.0122,0.0126,,,,,,1.5923,0.4,,,,
32.674,NAV_TO_LANDING,1.7214,0.413,0.203,,,,4.54,0.12,0.63,0.0,-0.0877,-0.013,-0.0029,,,,,,1.5923,0.4,,,,
32.725,NAV_TO_LANDING,1.7206,0.4126,0.201,,,,4.57,-0.05,0.46,0.0,-0.0819,-0.0127,-0.0015,,,,,,1.5923,0.4,,,,
32.774,NAV_TO_LANDING,1.7163,0.4116,0.201,,,,4.6,-0.06,0.6,0.0,-0.0866,-0.0137,-0.0043,,,,1.573,,1.5923,0.4,,,,
32.84,NAV_TO_LANDING,1.715,0.4128,0.2,,,,4.59,-0.18,0.58,0.0,-0.0831,-0.0074,-0.0053,,,,1.573,,1.5923,0.4,,,,
32.878,NAV_TO_LANDING,1.712,0.4124,0.202,,,,4.6,-0.18,0.57,0.0,-0.085,-0.006,-0.0058,,,,,,1.5923,0.4,,,,
32.924,NAV_TO_LANDING,1.7099,0.4131,0.201,,,,4.56,-0.1,0.52,0.0,-0.0831,-0.002,-0.0004,,,,,,1.5923,0.4,,,,
32.975,NAV_TO_LANDING,1.7068,0.4133,0.202,,,,4.52,-0.09,0.49,0.0,-0.0843,-0.0006,-0.0017,,,,,,1.5923,0.4,,,,
33.025,NAV_TO_LANDING,1.7023,0.4138,0.201,,,,4.52,-0.17,0.51,0.0,-0.0892,0.0015,0.0009,,,,,,1.5923,0.4,,,,
33.075,NAV_TO_LANDING,1.7021,0.4149,0.202,,,,4.49,-0.11,0.41,0.0,-0.0817,0.0054,0.0006,,,,,,1.5923,0.4,,,,
33.172,NAV_TO_LANDING,1.701,0.4162,0.201,,,,4.44,-0.01,0.41,0.0,-0.0769,0.0088,0.0005,,,,,,1.5923,0.4,,,,
33.179,NAV_TO_LANDING,1.7001,0.4182,0.202,,,,4.44,0.14,0.54,0.0,-0.0729,0.0129,-0.0014,,,,1.565,,1.5923,0.4,,,,
33.229,NAV_TO_LANDING,1.6989,0.4197,0.2,,,,4.4,0.26,0.59,0.0,-0.0706,0.0139,-0.0008,,,,1.565,,1.5923,0.4,,,,
33.274,NAV_TO_LANDING,1.6986,0.4213,0.199,,,,4.34,0.29,0.66,0.0,-0.0665,0.0139,-0.007,,,,,,1.5923,0.4,,,,
33.326,NAV_TO_LANDING,1.6969,0.4228,0.199,,,,4.32,0.26,0.74,0.0,-0.0676,0.014,-0.0087,,,,,,1.5923,0.4,,,,
33.375,NAV_TO_LANDING,1.6943,0.4249,0.201,,,,4.31,0.4,0.86,0.0,-0.0714,0.0152,-0.0061,,,,,,1.5923,0.4,,,,
33.44,NAV_TO_LANDING,1.6919,0.4263,0.197,,,,4.31,0.49,0.91,0.0,-0.075,0.0133,0.0,,,,,,1.5923,0.4,,,,
33.517,NAV_TO_LANDING,1.6887,0.4285,0.202,,,,4.34,0.63,1.03,0.0,-0.0807,0.0132,-0.0095,,,,,,1.5923,0.4,,,,
33.524,NAV_TO_LANDING,1.6857,0.4294,0.203,,,,4.35,0.56,0.82,0.0,-0.0851,0.0085,0.005,,,,,,1.5923,0.4,,,,
33.579,NAV_TO_LANDING,1.6831,0.4301,0.2,,,,4.36,0.74,0.73,0.0,-0.0859,0.0044,0.0075,,,2.366,,,1.5923,0.4,,,,
33.628,NAV_TO_LANDING,1.681,0.4311,0.205,,,,4.46,0.71,0.66,0.0,-0.0848,0.0008,-0.0033,,,2.366,,,1.5923,0.4,,,,
33.674,NAV_TO_LANDING,1.6781,0.4317,0.2,,,,4.51,0.68,0.53,0.0,-0.0851,-0.0029,0.0089,,,,,,1.5923,0.4,,,,
33.724,NAV_TO_LANDING,1.6739,0.4317,0.2,,,,4.63,0.71,0.67,0.0,-0.0894,-0.0084,-0.0042,,,,,,1.5923,0.4,,,,
33.783,NAV_TO_LANDING,1.6716,0.4322,0.2,,,,4.7,0.71,0.55,0.0,-0.0875,-0.0112,-0.006,,,,,,1.5923,0.4,,,,
33.865,NAV_TO_LANDING,1.6677,0.4317,0.202,,,,4.75,0.73,0.55,0.0,-0.0898,-0.0169,-0.004,,,,,,1.5923,0.4,,,,
33.877,NAV_TO_LANDING,1.6652,0.4312,0.199,,,,4.78,0.74,0.64,0.0,-0.088,-0.0214,-0.0014,,,,,,1.5923,0.4,,,,
33.931,NAV_TO_LANDING,1.6623,0.4307,0.201,,,,4.84,0.64,0.59,0.0,-0.0879,-0.025,-0.0058,,,,,,1.5923,0.4,,,,
33.974,NAV_TO_LANDING,1.6584,0.4296,0.203,,,,4.88,0.68,0.64,0.0,-0.091,-0.0303,-0.0025,,,,,,1.5923,0.4,,,,
34.024,NAV_TO_LANDING,1.6562,0.4284,0.201,,,,4.87,0.41,0.52,0.0,-0.0882,-0.0332,0.0028,,,,,,1.5923,0.4,,,,
34.074,NAV_TO_LANDING,1.6532,0.4274,0.2,,,,4.86,0.48,0.48,0.0,-0.0877,-0.0347,-0.0025,,,,,,1.5923,0.4,,,,
34.133,NAV_TO_LANDING,1.6501,0.4256,0.2,,,,4.86,0.3,0.44,0.0,-0.087,-0.038,-0.0067,,,,,,1.5923,0.4,,,,
34.194,NAV_TO_LANDING,1.6458,0.4244,0.199,,,,4.82,0.29,0.5,0.0,-0.0903,-0.0388,-0.0058,,,,,,1.5923,0.4,,,,
34.23,NAV_TO_LANDING,1.642,0.4235,0.199,,,,4.78,0.22,0.51,0.0,-0.092,-0.0375,-0.0076,,,,,,1.5923,0.4,,,,
34.283,NAV_TO_LANDING,1.6393,0.4221,0.201,,,,4.73,0.08,0.55,0.0,-0.0909,-0.0374,-0.0049,,,,,,1.5923,0.4,,,,
34.324,NAV_TO_LANDING,1.6358,0.4213,0.197,,,,4.69,0.21,0.47,0.0,-0.0916,-0.0354,0.0013,,,,,,1.5923,0.4,,,,
34.374,NAV_TO_LANDING,1.6313,0.4206,0.199,,,,4.69,0.1,0.45,0.0,-0.095,-0.0336,-0.0077,,,,,,1.5923,0.4,,,,
34.424,NAV_TO_LANDING,1.6282,0.4198,0.199,,,,4.69,0.24,0.27,0.0,-0.0932,-0.0324,-0.0014,,,,,,1.5923,0.4,,,,
34.508,NAV_TO_LANDING,1.6253,0.4197,0.2,,,,4.69,0.21,0.21,0.0,-0.0897,-0.0295,0.0004,,,,,,1.5923,0.4,,,,
34.529,NAV_TO_LANDING,1.6202,0.4189,0.202,,,,4.74,0.24,0.12,0.0,-0.0928,-0.0294,0.0021,,,,,,1.5923,0.4,,,,
34.619,NAV_TO_LANDING,1.6144,0.4178,0.201,,,,4.83,0.32,0.25,0.0,-0.0974,-0.0307,0.0086,,,,1.561,,,,,,,
34.728,NAV_TO_LANDING,1.6096,0.4168,0.203,,,,4.96,0.32,0.17,0.0,-0.0991,-0.0317,0.0075,,,,1.561,,1.98,0.45,,,,
34.733,NAV_TO_LANDING,1.607,0.4169,0.201,,,,5.1,0.37,-0.0,-0.0,-0.0927,-0.0294,0.011,,,,,,1.98,0.45,,,,
34.74,NAV_TO_LANDING,1.6053,0.4169,0.202,,,,5.22,0.15,-0.74,-0.0,-0.0819,-0.0274,0.0039,,,,,,1.98,0.45,,,,
34.78,NAV_TO_LANDING,1.6015,0.4162,0.201,,,,5.37,-0.16,-1.18,-0.0,-0.0733,-0.0242,0.007,,,,,,1.98,0.45,,,,
34.866,NAV_TO_LANDING,1.6001,0.4151,0.201,,,,5.53,-0.06,-1.71,0.0,-0.0567,-0.0221,0.0049,,,,,,1.98,0.45,,,,
34.886,NAV_TO_LANDING,1.5995,0.4162,0.207,,,,5.71,-0.19,-3.93,0.0,-0.03,-0.0127,0.0024,,,,,,1.98,0.45,,,,
34.928,NAV_TO_LANDING,1.6002,0.4166,0.203,,,,5.82,-0.23,-5.07,0.0,0.012,-0.004,0.0187,,,,,,1.98,0.45,,,,
34.974,NAV_TO_LANDING,1.605,0.4177,0.203,,,,5.85,-0.12,-5.56,0.0,0.0648,0.0055,0.0015,,,,,,1.98,0.45,,,,
35.023,NAV_TO_LANDING,1.6121,0.4191,0.203,,,,5.83,0.06,-5.57,0.0,0.1201,0.014,0.0007,,,,,,1.98,0.45,,,,
35.075,NAV_TO_LANDING,1.6234,0.4213,0.204,,,,5.74,0.19,-5.13,0.0,0.178,0.0224,-0.0018,,,,1.602,,1.98,0.45,,,,
35.125,NAV_TO_LANDING,1.635,0.4233,0.201,,,,5.57,0.26,-4.39,0.0,0.2245,0.0276,-0.0007,,,,1.602,,1.98,0.45,,,,
35.215,NAV_TO_LANDING,1.6476,0.4249,0.201,,,,5.4,0.31,-3.44,0.0,0.2603,0.0297,-0.0084,,,,1.589,,1.98,0.45,,,,
35.226,NAV_TO_LANDING,1.6613,0.4262,0.199,,,,5.17,0.44,-2.49,0.0,0.2872,0.0281,-0.009,,,,1.589,,1.98,0.45,,,,
35.274,NAV_TO_LANDING,1.6759,0.4276,0.202,,,,4.87,0.42,-1.61,0.0,0.305,0.026,-0.0098,,,,,,1.98,0.45,,,,
35.324,NAV_TO_LANDING,1.6944,0.4297,0.202,,,,4.5,0.4,-0.74,0.0,0.3238,0.0267,-0.0014,,,,,,1.98,0.45,,,,
35.374,NAV_TO_LANDING,1.7098,0.4318,0.2,,,,4.15,0.47,-0.06,0.0,0.3246,0.0271,-0.0007,,,,,,1.98,0.45,,,,
35.423,NAV_TO_LANDING,1.7247,0.4334,0.205,,,,3.79,0.39,0.29,0.0,0.32,0.0248,-0.0083,,,,,,1.98,0.45,,,,
35.48,NAV_TO_LANDING,1.7385,0.4349,0.202,,,,3.41,0.41,0.61,0.0,0.3099,0.0226,0.0059,,,2.462,,,1.98,0.45,,,,
35.559,NAV_TO_LANDING,1.7528,0.437,0.203,,,,3.01,0.42,0.66,0.0,0.3012,0.023,-0.0037,,,2.462,,,1.98,0.45,,,,
35.576,NAV_TO_LANDING,1.7664,0.4387,0.204,,,,2.73,0.46,0.62,0.0,0.2909,0.0209,-0.0034,,,,,,1.98,0.45,,,,
35.623,NAV_TO_LANDING,1.7809,0.4405,0.206,,,,2.42,0.46,0.41,0.0,0.2869,0.0197,0.0013,,,,,,1.98,0.45,,,,
35.673,NAV_TO_LANDING,1.7931,0.4418,0.205,,,,2.13,0.58,0.39,0.0,0.2766,0.0163,0.0024,,,2.388,,,1.98,0.45,,,,
35.723,NAV_TO_LANDING,1.8059,0.4434,0.202,,,,1.87,0.61,0.01,0.0,0.2717,0.0138,-0.0024,,,2.388,,,1.98,0.45,,,,
35.773,NAV_TO_LANDING,1.8173,0.4448,0.207,,,,1.63,0.57,-0.11,0.0,0.2648,0.0108,-0.0136,,,,,,1.98,0.45,,,,
35.824,NAV_TO_LANDING,1.8298,0.4458,0.204,,,,1.46,0.52,-0.33,0.0,0.2639,0.0075,0.0008,,,,,,1.98,0.45,,,,
35.878,NAV_TO_LANDING,1.8417,0.4466,0.201,,,,1.35,0.5,-0.4,0.0,0.2621,0.0045,-0.0072,,,,,,1.98,0.45,,,,
35.932,NAV_TO_LANDING,1.8551,0.4473,0.199,,,,1.29,0.39,-0.54,0.0,0.2669,0.0025,-0.0205,,,,,,1.98,0.45,,,,
35.973,NAV_TO_LANDING,1.8676,0.4481,0.2,,,,1.25,0.27,-0.53,0.0,0.2689,0.0018,-0.018,,,,,,1.98,0.45,,,,
36.023,NAV_TO_LANDING,1.8805,0.4484,0.198,,,,1.2,0.28,-0.64,0.0,0.272,0.0004,-0.0133,,,,,,1.98,0.45,,,,
36.073,NAV_TO_LANDING,1.8925,0.4495,0.199,,,,1.22,0.19,-0.57,0.0,0.2719,0.0016,-0.0156,,,2.333,,,1.98,0.45,,,,
36.124,NAV_TO_LANDING,1.9055,0.4498,0.196,,,,1.26,0.19,-0.52,0.0,0.2742,0.0007,-0.0079,,,2.333,,,1.98,0.45,,,,
36.202,NAV_TO_LANDING,1.9207,0.4494,0.198,,,,1.25,0.25,-0.35,0.0,0.2827,-0.0021,-0.0146,,,2.271,,,1.98,0.45,,,,
36.229,NAV_TO_LANDING,1.9335,0.4499,0.198,,,,1.35,0.07,0.15,0.0,0.2802,-0.0018,-0.0067,,,2.271,,,1.98,0.45,,,,
36.273,NAV_TO_LANDING,1.9478,0.4496,0.196,,,,1.43,0.04,0.63,0.0,0.2785,-0.003,-0.003,,,2.236,,,1.98,0.45,,,,
36.324,NAV_TO_LANDING,1.9598,0.4512,0.193,,,,1.55,-0.19,1.54,0.0,0.2645,0.0025,-0.0048,,,2.236,,,2.0,0.45,,,,
36.374,NAV_TO_LANDING,1.972,0.4506,0.196,,,,1.68,-0.23,2.22,0.0,0.2467,0.0017,-0.0063,,,,,,2.0,0.45,,,,
36.424,NAV_TO_LANDING,1.9857,0.4508,0.195,,,,1.86,0.17,3.13,0.0,0.2308,0.0026,0.0046,,,,,,2.0,0.45,,,,
36.489,NAV_TO_LANDING,1.9952,0.4515,0.198,,,,2.1,0.69,3.77,0.0,0.1974,-0.0004,0.0001,,,2.302,,,2.0,0.45,,,,
36.559,NAV_TO_LANDING,2.0036,0.4522,0.196,,,,2.3,1.1,4.05,0.0,0.1624,-0.0065,0.0074,,,2.302,,,2.0,0.45,,,,
36.573,NAV_TO_LANDING,2.0106,0.4509,0.197,,,,2.49,1.35,4.14,0.0,0.127,-0.0197,0.0001,,,2.39,,,2.0,0.45,,,,
36.629,NAV_TO_LANDING,2.0156,0.4488,0.195,,,,2.78,1.45,3.86,0.0,0.0916,-0.0352,-0.0012,,,2.39,,,2.0,0.45,,,,
36.674,NAV_TO_LANDING,2.02,0.447,0.194,,,,3.09,1.41,3.45,0.0,0.0625,-0.0483,-0.0041,,,2.419,,,2.0,0.45,,,,
36.724,NAV_TO_LANDING,2.0225,0.4432,0.194,,,,3.38,1.34,2.99,0.0,0.0351,-0.0639,-0.0054,,,2.419,,,2.0,0.45,,,,
36.773,NAV_TO_LANDING,2.0237,0.4386,0.193,,,,3.62,1.13,2.45,0.0,0.0118,-0.0785,-0.0029,,,2.444,,,2.0,0.45,,,,
36.826,NAV_TO_LANDING,2.0228,0.4338,0.191,,,,3.89,1.0,1.9,0.0,-0.0099,-0.0905,-0.0047,,,2.444,,,2.0,0.45,,,,
36.896,NAV_TO_LANDING,2.0231,0.4292,0.187,,,,4.09,0.7,1.11,0.0,-0.0196,-0.0982,-0.0046,,,2.388,,,2.0,0.45,,,,
36.932,NAV_TO_LANDING,2.0233,0.4253,0.189,,,,4.22,0.45,0.71,0.0,-0.0229,-0.1011,-0.0081,,,2.388,,,2.0,0.45,,,,
36.973,NAV_TO_LANDING,2.0227,0.4192,0.192,,,,4.35,0.28,0.25,0.0,-0.0253,-0.1069,0.0027,,,2.424,,,2.0,0.45,,,,
37.023,NAV_TO_LANDING,2.0221,0.4146,0.19,,,,4.52,0.11,-0.05,-0.0,-0.0239,-0.1065,0.0124,,,2.424,,,2.0,0.45,,,,
37.073,NAV_TO_LANDING,2.0216,0.4103,0.194,,,,4.62,-0.37,-0.36,-0.0,-0.0203,-0.1037,0.0073,,,2.413,,,1.8721,0.398,,,,
37.124,NAV_TO_LANDING,2.0218,0.4054,0.195,,,,4.63,-0.89,-0.55,0.0,-0.0134,-0.0977,0.0184,,,2.413,,,1.8721,0.398,,,,
37.214,NAV_TO_LANDING,2.0225,0.4014,0.199,,,,4.67,-1.36,-0.21,0.0,-0.0056,-0.0859,0.0199,,,,,,1.8721,0.398,,,,
37.226,NAV_TO_LANDING,2.0231,0.3973,0.205,,,,4.78,-1.42,0.51,0.0,-0.0047,-0.0741,0.0261,,,,,,1.8721,0.398,,,,
37.275,NAV_TO_LANDING,2.0247,0.3942,0.201,,,,4.88,-1.45,1.01,0.0,-0.0052,-0.0625,0.0348,,,,,,1.8721,0.398,,,,
37.323,NAV_TO_LANDING,2.0257,0.3915,0.198,,,,4.97,-1.31,1.22,0.0,-0.0105,-0.0521,0.0151,,,,,,1.8721,0.398,,,,
37.374,NAV_TO_LANDING,2.0256,0.3887,0.201,,,,4.95,-1.22,1.48,0.0,-0.02,-0.0441,0.0023,,,2.47,,,1.8721,0.398,,,,
37.424,NAV_TO_LANDING,2.0256,0.3866,0.205,,,,4.89,-1.15,1.52,0.0,-0.0299,-0.0363,0.0087,,,2.47,,,1.8721,0.398,,,,
37.483,NAV_TO_LANDING,2.0241,0.3852,0.204,,,,4.83,-1.01,1.59,0.0,-0.0427,-0.0279,0.0131,,,2.471,,,1.8721,0.398,,,,
37.548,NAV_TO_LANDING,2.0226,0.3844,0.204,,,,4.75,-0.88,1.52,0.0,-0.0532,-0.0203,0.0049,,,2.471,,,1.8721,0.398,,,,
37.576,NAV_TO_LANDING,2.0208,0.3835,0.202,,,,4.71,-0.68,1.47,0.0,-0.0633,-0.0156,-0.0034,,,2.442,,,1.8721,0.398,,,,
37.622,NAV_TO_LANDING,2.0176,0.383,0.205,,,,4.58,-0.59,1.23,0.0,-0.0742,-0.0107,-0.0092,,,2.442,,,1.8721,0.398,,,,
37.673,NAV_TO_LANDING,2.0149,0.3828,0.202,,,,4.47,-0.46,1.08,0.0,-0.081,-0.0067,-0.0054,,,2.437,,,1.8721,0.398,,,,
37.723,NAV_TO_LANDING,2.0128,0.3831,0.203,,,,4.38,-0.2,0.84,0.0,-0.0831,-0.0044,-0.0111,,,2.437,,,1.8721,0.398,,,,
37.774,NAV_TO_LANDING,2.0099,0.3836,0.204,,,,4.29,-0.21,0.63,0.0,-0.0855,-0.0019,-0.0111,,,,,,1.8721,0.398,,,,
37.838,NAV_TO_LANDING,2.0064,0.3833,0.199,,,,4.21,-0.15,0.59,0.0,-0.0882,-0.002,-0.0086,,,,,,1.8721,0.398,,,,
37.906,NAV_TO_LANDING,2.0057,0.3843,0.196,,,,4.19,-0.05,0.4,0.0,-0.0819,0.0006,-0.0197,,,,,,1.8721,0.398,,,,
37.928,NAV_TO_LANDING,2.002,0.3839,0.199,,,,4.19,-0.01,0.44,0.0,-0.0839,-0.0007,-0.0238,,,,,,1.8721,0.398,,,,
37.983,NAV_TO_LANDING,1.9976,0.3838,0.196,,,,4.18,-0.04,0.49,0.0,-0.0881,-0.0011,-0.0178,,,,,,1.8721,0.398,,,,
38.024,NAV_TO_LANDING,1.9941,0.3838,0.197,,,,4.2,-0.14,0.47,0.0,-0.0894,-0.0005,-0.0168,,,,,,1.8721,0.398,,,,
38.073,NAV_TO_LANDING,1.9903,0.3836,0.197,,,,4.2,-0.15,0.4,0.0,-0.0915,-0.0004,-0.0121,,,,,,1.8721,0.398,,,,
38.124,NAV_TO_LANDING,1.9873,0.3847,0.196,,,,4.19,-0.02,0.45,0.0,-0.0908,0.003,-0.0095,,,,,,1.8721,0.398,,,,
38.173,NAV_TO_LANDING,1.985,0.3844,0.195,,,,4.17,-0.01,0.34,0.0,-0.0881,0.0012,-0.0086,,,2.435,,,1.8721,0.398,,,,
38.245,NAV_TO_LANDING,1.9813,0.3843,0.192,,,,4.09,-0.06,0.4,0.0,-0.0889,0.0009,-0.0074,,,2.435,,,1.8721,0.398,,,,
38.277,NAV_TO_LANDING,1.9779,0.3846,0.195,,,,4.0,-0.22,0.34,0.0,-0.0895,0.0021,-0.0113,,,2.416,,,1.8721,0.398,,,,
38.323,NAV_TO_LANDING,1.9758,0.3851,0.193,,,,3.87,-0.27,0.36,0.0,-0.0861,0.0048,-0.0009,,,2.416,,,1.8721,0.398,,,,
38.373,NAV_TO_LANDING,1.9724,0.3855,0.193,,,,3.75,-0.21,0.35,0.0,-0.087,0.0072,-0.0028,,,2.393,,,1.8721,0.398,,,,
38.423,NAV_TO_LANDING,1.9723,0.3861,0.196,,,,3.64,-0.15,0.23,0.0,-0.0785,0.0088,-0.0019,,,2.393,,,1.8721,0.398,,,,
38.473,NAV_TO_LANDING,1.9727,0.3873,0.198,,,,3.48,0.04,0.27,0.0,-0.0697,0.0108,0.0084,,,2.432,,,1.8721,0.398,,,,
38.559,NAV_TO_LANDING,1.9701,0.3883,0.197,,,,3.31,0.09,0.36,0.0,-0.0694,0.0116,0.0115,,,2.432,,,1.8721,0.398,,,,
38.597,NAV_TO_LANDING,1.9673,0.3895,0.194,,,,3.19,0.05,0.5,0.0,-0.0712,0.0127,0.0092,,,,2.601,,1.8721,0.398,,,,
38.623,NAV_TO_LANDING,1.9661,0.3907,0.197,,,,3.18,0.1,0.62,0.0,-0.0692,0.0135,-0.0007,,,,2.601,,1.8721,0.398,,,,
38.679,NAV_TO_LANDING,1.9625,0.3913,0.196,,,,3.23,0.03,0.76,0.0,-0.075,0.0123,0.0076,,,,2.527,,1.8721,0.398,,,,
38.723,NAV_TO_LANDING,1.9608,0.3922,0.197,,,,3.25,0.14,0.82,0.0,-0.0766,0.0123,0.0095,,,,2.527,,1.8721,0.398,,,,
38.773,NAV_TO_LANDING,1.9588,0.3921,0.193,,,,3.21,0.19,0.8,0.0,-0.0776,0.0088,0.0101,,,2.338,2.648,,1.8721,0.398,,,,
38.822,NAV_TO_LANDING,1.9556,0.3932,0.197,,,,3.16,0.25,0.71,0.0,-0.082,0.0087,0.0002,,,2.338,2.648,,1.8721,0.398,,,,
38.918,NAV_TO_LANDING,1.9535,0.3932,0.197,,,,3.16,0.07,0.56,0.0,-0.0814,0.0059,0.0065,,,2.363,,,1.8721,0.398,,,,
38.929,NAV_TO_LANDING,1.9492,0.3934,0.199,,,,3.07,0.1,0.6,0.0,-0.0865,0.0048,0.0118,,,2.363,,,1.8721,0.398,,,,
38.99,NAV_TO_LANDING,1.9456,0.3939,0.201,,,,2.93,0.04,0.6,0.0,-0.0892,0.0044,0.0126,,,2.387,,,1.8721,0.398,,,,
39.024,NAV_TO_LANDING,1.9431,0.3935,0.202,,,,2.82,-0.06,0.55,0.0,-0.0886,0.0031,0.0172,,,2.387,,,1.8721,0.398,,,,
39.072,NAV_TO_LANDING,1.9395,0.3936,0.202,,,,2.67,-0.03,0.63,0.0,-0.0909,0.003,0.0164,,,2.411,,,1.8721,0.398,,,,
39.122,NAV_TO_LANDING,1.936,0.3937,0.201,,,,2.56,-0.13,0.6,0.0,-0.0927,0.0032,0.0113,,,2.411,,,1.8721,0.398,,,,
39.172,NAV_TO_LANDING,1.9318,0.3942,0.203,,,,2.48,-0.11,0.55,0.0,-0.0958,0.0054,0.0061,,,,,,1.8721,0.398,,,,
39.237,NAV_TO_LANDING,1.9282,0.3942,0.2,,,,2.46,-0.16,0.5,0.0,-0.0965,0.0055,0.0074,,,,,,1.8721,0.398,,,,
39.285,NAV_TO_LANDING,1.9252,0.3954,0.201,,,,2.38,-0.08,0.42,0.0,-0.0948,0.0094,-0.0003,,,,2.565,,1.8721,0.398,,,,
39.329,NAV_TO_LANDING,1.9216,0.3956,0.204,,,,2.35,-0.09,0.47,0.0,-0.0947,0.0095,0.0031,,,,2.565,,1.8721,0.398,,,,
39.373,NAV_TO_LANDING,1.9167,0.3961,0.204,,,,2.31,-0.13,0.52,0.0,-0.0995,0.0099,0.0087,,,,,,1.8721,0.398,,,,
39.422,NAV_TO_LANDING,1.9125,0.397,0.203,,,,2.27,-0.21,0.57,0.0,-0.1011,0.0125,0.0055,,,,,,1.8721,0.398,,,,
39.473,NAV_TO_LANDING,1.9068,0.3972,0.204,,,,2.29,-0.07,0.53,0.0,-0.1079,0.012,0.0045,,,,,,1.8721,0.398,,,,
39.584,NAV_TO_LANDING,1.9016,0.3985,0.203,,,,2.24,0.07,0.41,0.0,-0.1106,0.0143,0.003,,,,,,,,,,,
39.654,NAV_TO_LANDING,1.8966,0.3994,0.203,,,,2.21,0.23,0.39,-0.0,-0.1125,0.0135,-0.0003,,,,,,1.96,0.44,,,,
39.698,NAV_TO_LANDING,1.8925,0.3999,0.207,,,,2.2,0.26,-0.25,-0.0,-0.1092,0.0111,-0.0009,,,,,,1.96,0.44,,,,
39.708,NAV_TO_LANDING,1.8875,0.4008,0.205,,,,2.18,0.33,-0.91,-0.0,-0.1029,0.0099,0.0089,,,,2.057,,1.96,0.44,,,,
39.728,NAV_TO_LANDING,1.8818,0.401,0.204,,,,2.16,0.2,-1.31,0.0,-0.0965,0.0072,0.0006,,,,2.057,,1.96,0.44,,,,
39.788,NAV_TO_LANDING,1.8784,0.4017,0.204,,,,2.1,-0.54,-2.63,0.0,-0.0779,0.0093,-0.0029,,,,,,1.96,0.44,,,,
39.837,NAV_TO_LANDING,1.8748,0.4023,0.205,,,,2.02,-1.12,-3.82,0.0,-0.0522,0.0171,-0.0007,,,,,,1.96,0.44,,,,
39.872,NAV_TO_LANDING,1.8725,0.4033,0.206,,,,2.04,-1.54,-4.58,0.0,-0.0189,0.0289,-0.0009,,,2.409,,,1.96,0.44,,,,
39.923,NAV_TO_LANDING,1.8733,0.4055,0.205,,,,2.11,-1.63,-5.06,0.0,0.0237,0.0454,-0.001,,,2.409,,,1.96,0.44,,,,
39.987,NAV_TO_LANDING,1.8761,0.4084,0.204,,,,2.16,-1.58,-5.09,0.0,0.0684,0.0617,-0.0043,,,,2.154,,1.96,0.44,,,,
40.04,NAV_TO_LANDING,1.8827,0.4131,0.202,,,,2.26,-1.54,-4.8,0.0,0.1174,0.0822,-0.0089,,,,2.154,,1.96,0.44,,,,
40.079,NAV_TO_LANDING,1.8901,0.4174,0.203,,,,2.41,-1.24,-4.18,0.0,0.1579,0.0948,-0.0122,,,,,,1.96,0.44,,,,
40.122,NAV_TO_LANDING,1.9007,0.4232,0.201,,,,2.52,-0.88,-3.37,0.0,0.1964,0.1087,-0.008,,,,,,1.96,0.44,,,,
40.173,NAV_TO_LANDING,1.9116,0.4288,0.2,,,,2.64,-0.37,-2.36,0.0,0.2231,0.115,-0.0103,,,,,,1.96,0.44,,,,
40.223,NAV_TO_LANDING,1.9233,0.4347,0.209,,,,2.78,0.15,-1.26,0.0,0.2395,0.1172,-0.0118,,,,,,1.96,0.44,,,,
40.274,NAV_TO_LANDING,1.937,0.4415,0.211,,,,2.81,0.68,-0.1,0.0,0.251,0.119,0.0083,,,2.364,,,1.98,0.45,,,,
40.349,NAV_TO_LANDING,1.9494,0.4475,0.207,,,,2.79,1.16,0.9,0.0,0.2483,0.1128,0.0114,,,2.364,,,1.98,0.45,,,,
40.4,NAV_TO_LANDING,1.9614,0.4527,0.207,,,,2.88,1.45,1.91,0.0,0.2377,0.101,-0.0004,,,2.3,,,2.0,0.45,,,,
40.428,NAV_TO_LANDING,1.9722,0.4573,0.203,,,,3.04,1.53,2.35,0.0,0.2178,0.0872,-0.0072,,,2.3,,,2.0,0.45,,,,
40.479,NAV_TO_LANDING,1.9809,0.4611,0.2,,,,3.16,1.69,2.83,0.0,0.1918,0.0713,-0.0167,,,,,,2.0,0.45,,,,
40.522,NAV_TO_LANDING,1.9895,0.4646,0.197,,,,3.26,2.13,3.41,0.0,0.1654,0.0548,-0.0231,,,,,,2.0,0.45,,,,
40.573,NAV_TO_LANDING,1.996,0.4676,0.198,,,,3.37,2.31,3.73,0.0,0.1327,0.0352,-0.0303,,,2.505,,,2.0,0.45,,,,
40.622,NAV_TO_LANDING,2.0012,0.469,0.196,,,,3.48,2.38,3.76,0.0,0.0991,0.0127,-0.0177,,,2.505,,,2.0,0.45,,,,
40.708,NAV_TO_LANDING,2.0042,0.4693,0.196,,,,3.5,2.29,3.46,0.0,0.0645,-0.0101,-0.02,,,2.448,,,2.0,0.45,,,,
40.73,NAV_TO_LANDING,2.0063,0.4675,0.198,,,,3.5,1.99,2.91,0.0,0.0363,-0.0328,-0.0126,,,2.448,,,2.0,0.45,,,,
40.779,NAV_TO_LANDING,2.0066,0.4662,0.201,,,,3.53,1.69,2.43,0.0,0.0112,-0.0502,-0.0016,,,2.426,,,2.0,0.45,,,,
40.823,NAV_TO_LANDING,2.0059,0.4625,0.201,,,,3.47,1.33,1.91,0.0,-0.0093,-0.0669,0.0096,,,2.426,,,2.0,0.45,,,,
40.872,NAV_TO_LANDING,2.0055,0.4601,0.2,,,,3.48,1.0,1.16,0.0,-0.0203,-0.0746,0.0113,,,2.372,,,2.0,0.45,,,,
40.922,NAV_TO_LANDING,2.0045,0.4571,0.201,,,,3.52,0.7,0.66,0.0,-0.0267,-0.0798,0.0041,,,2.372,,,2.0,0.45,,,,
40.972,NAV_TO_LANDING,2.0032,0.4522,0.205,,,,3.52,0.46,0.23,0.0,-0.0297,-0.0868,0.0062,,,,,,2.0,0.45,,,,
41.079,NAV_TO_LANDING,2.001,0.4485,0.205,,,,3.5,0.35,-0.04,0.0,-0.0325,-0.088,0.0137,,,,,,2.0,0.45,,,,
41.084,NAV_TO_LANDING,2.0003,0.4436,0.203,,,,3.47,0.04,-0.35,0.0,-0.0276,-0.0903,0.0143,,,2.441,,,2.0,0.45,,,,
41.129,NAV_TO_LANDING,1.9987,0.44,0.201,,,,3.5,-0.02,-0.45,-0.0,-0.0252,-0.0876,0.0026,,,2.441,,,2.0,0.45,,,,
41.173,NAV_TO_LANDING,1.9988,0.4369,0.198,,,,3.5,-0.18,-0.48,-0.0,-0.0169,-0.0829,-0.0038,,,2.406,,,1.8488,0.4,,,,
41.222,NAV_TO_LANDING,1.9988,0.4337,0.193,,,,3.48,-0.66,-0.47,0.0,-0.0104,-0.0771,-0.0091,,,2.406,,,1.8488,0.4,,,,
41.273,NAV_TO_LANDING,1.9988,0.431,0.195,,,,3.5,-0.87,0.07,0.0,-0.0065,-0.0671,-0.018,,,,,,1.8488,0.4,,,,
41.323,NAV_TO_LANDING,2.0006,0.4289,0.194,,,,3.48,-0.99,0.77,0.0,-0.0033,-0.0557,-0.0074,,,,,,1.8488,0.4,,,,
41.401,NAV_TO_LANDING,2.0024,0.4289,0.194,,,,3.38,-0.98,1.28,0.0,-0.0058,-0.0407,-0.0054,,,2.436,,,1.8488,0.4,,,,
41.427,NAV_TO_LANDING,2.0022,0.4271,0.194,,,,3.36,-0.92,1.58,0.0,-0.0169,-0.0332,-0.004,,,2.436,,,1.8488,0.4,,,,
41.472,NAV_TO_LANDING,2.0014,0.4264,0.199,,,,3.33,-0.61,1.66,0.0,-0.0302,-0.0248,0.0006,,,2.383,,,1.8488,0.4,,,,
41.522,NAV_TO_LANDING,1.9991,0.427,0.201,,,,3.36,-0.45,1.64,0.0,-0.0461,-0.016,0.0152,,,2.383,,,1.8488,0.4,,,,
41.572,NAV_TO_LANDING,1.9965,0.4282,0.199,,,,3.38,-0.33,1.47,0.0,-0.0595,-0.008,0.0209,,,,,,1.8488,0.4,,,,
41.622,NAV_TO_LANDING,1.9927,0.429,0.201,,,,3.4,-0.14,1.43,0.0,-0.0735,-0.0034,0.0068,,,,,,1.8488,0.4,,,,
41.678,NAV_TO_LANDING,1.9862,0.4286,0.204,,,,3.46,-0.03,1.28,0.0,-0.0928,-0.0034,0.008,,,2.362,,,1.8488,0.4,,,,
41.745,NAV_TO_LANDING,1.9835,0.4309,0.206,,,,3.58,0.07,1.01,0.0,-0.096,0.0019,0.0185,,,2.362,,,1.8488,0.4,,,,
41.792,NAV_TO_LANDING,1.9792,0.4317,0.208,,,,3.68,0.19,0.89,0.0,-0.102,0.0023,0.0188,,,2.37,,,1.8488,0.4,,,,
41.829,NAV_TO_LANDING,1.9754,0.4321,0.205,,,,3.76,0.53,0.68,0.0,-0.104,-0.0004,0.0146,,,2.37,,,1.8488,0.4,,,,
41.873,NAV_TO_LANDING,1.9711,0.433,0.206,,,,3.87,0.58,0.38,0.0,-0.1055,-0.0031,0.0016,,,2.364,,,1.8488,0.4,,,,
41.922,NAV_TO_LANDING,1.9671,0.4339,0.208,,,,3.99,0.49,0.28,0.0,-0.1037,-0.0045,-0.0013,,,2.364,,,1.8488,0.4,,,,
41.972,NAV_TO_LANDING,1.9633,0.434,0.205,,,,4.07,0.55,0.16,0.0,-0.1011,-0.008,0.0007,,,2.382,,,1.8488,0.4,,,,
42.057,NAV_TO_LANDING,1.9594,0.4337,0.206,,,,4.12,0.55,0.19,0.0,-0.0989,-0.0121,-0.0093,,,2.382,,,1.8488,0.4,,,,
42.073,NAV_TO_LANDING,1.9553,0.4341,0.205,,,,4.13,0.5,0.23,0.0,-0.0975,-0.0134,-0.0121,,,2.352,,,1.8488,0.4,,,,
42.124,NAV_TO_LANDING,1.9514,0.4339,0.199,,,,4.16,0.46,0.25,0.0,-0.0963,-0.0161,-0.0103,,,2.352,,,1.8488,0.4,,,,
42.172,NAV_TO_LANDING,1.947,0.434,0.199,,,,4.16,0.45,0.29,0.0,-0.0966,-0.017,-0.0248,,,,2.182,,1.8488,0.4,,,,
42.223,NAV_TO_LANDING,1.9436,0.4338,0.198,,,,4.16,0.43,0.35,0.0,-0.0947,-0.0184,-0.0213,,,,2.182,,1.8488,0.4,,,,
42.272,NAV_TO_LANDING,1.9386,0.433,0.196,,,,4.24,0.39,0.41,0.0,-0.0983,-0.0216,-0.0181,,,,,,1.8488,0.4,,,,
42.323,NAV_TO_LANDING,1.9336,0.4326,0.196,,,,4.28,0.4,0.38,0.0,-0.1013,-0.023,-0.0195,,,,,,1.8488,0.4,,,,
42.395,NAV_TO_LANDING,1.9299,0.4313,0.195,,,,4.3,0.36,0.22,0.0,-0.0993,-0.0266,-0.0141,,,2.351,,,1.8488,0.4,,,,
42.432,NAV_TO_LANDING,1.9258,0.4302,0.194,,,,4.32,0.24,0.19,0.0,-0.098,-0.0282,-0.0069,,,2.351,,,1.8488,0.4,,,,
42.473,NAV_TO_LANDING,1.9218,0.4288,0.193,,,,4.32,0.3,0.1,0.0,-0.0966,-0.0301,-0.0073,,,,,,1.8488,0.4,,,,
42.522,NAV_TO_LANDING,1.9182,0.4275,0.194,,,,4.29,0.28,0.1,0.0,-0.0932,-0.032,-0.0048,,,,,,1.8488,0.4,,,,
42.572,NAV_TO_LANDING,1.9135,0.4263,0.194,,,,4.23,0.22,0.16,0.0,-0.0943,-0.0324,-0.0006,,,,2.671,,1.8488,0.4,,,,
42.622,NAV_TO_LANDING,1.9099,0.4246,0.2,,,,4.18,0.16,0.23,0.0,-0.0922,-0.0344,0.0027,,,,2.671,,1.8488,0.4,,,,
42.727,NAV_TO_LANDING,1.9058,0.4231,0.198,,,,4.15,0.26,0.17,0.0,-0.0919,-0.0353,0.0188,,,2.392,,,1.8488,0.4,,,,
42.73,NAV_TO_LANDING,1.9008,0.4217,0.2,,,,4.17,0.2,0.18,0.0,-0.0943,-0.0361,0.0127,,,2.392,,,1.8488,0.4,,,,
42.774,NAV_TO_LANDING,1.8962,0.4204,0.199,,,,4.19,0.17,0.04,0.0,-0.0948,-0.0361,0.012,,,,,,1.8488,0.4,,,,
42.822,NAV_TO_LANDING,1.8926,0.4186,0.202,,,,4.23,0.11,0.01,0.0,-0.0912,-0.0369,0.0111,,,,,,1.8488,0.4,,,,
42.872,NAV_TO_LANDING,1.8872,0.4163,0.2,,,,4.22,0.16,0.11,0.0,-0.0942,-0.0395,0.0114,,,,2.641,,1.8488,0.4,,,,
42.922,NAV_TO_LANDING,1.8843,0.415,0.196,,,,4.24,0.23,0.14,0.0,-0.0893,-0.0392,0.0055,,,,2.641,,1.8488,0.4,,,,
42.972,NAV_TO_LANDING,1.8813,0.4136,0.199,,,,4.21,0.16,0.15,0.0,-0.0859,-0.0393,-0.0087,,,,2.697,,1.8488,0.4,,,,
43.05,NAV_TO_LANDING,1.8773,0.4121,0.201,,,,4.17,0.11,0.12,0.0,-0.0858,-0.0388,0.0028,,,,2.697,,1.8488,0.4,,,,
43.074,NAV_TO_LANDING,1.8733,0.4107,0.203,,,,4.09,0.1,0.24,0.0,-0.0865,-0.0381,0.0082,,,,,,1.8488,0.4,,,,
43.121,ROTATION_SCAN,1.869,0.4099,0.203,,,,4.05,0.15,0.26,0.0,-0.0883,-0.0358,0.0096,,,,,,,,,,,
43.173,ROTATION_SCAN,1.8652,0.4081,0.202,,,,4.02,0.1,0.21,15.0,-0.0883,-0.037,0.0083,,,2.331,2.696,,,,,,,
43.222,ROTATION_SCAN,1.8623,0.4073,0.204,,,,4.0,-0.06,-0.29,15.0,-0.0843,-0.0342,0.0014,,,2.331,2.696,,,,,,,
43.272,ROTATION_SCAN,1.8591,0.4066,0.202,,,,4.12,-0.18,-0.83,15.0,-0.0771,-0.0298,0.0042,,,2.382,,,,,,,,
43.376,ROTATION_SCAN,1.856,0.4056,0.205,,,,4.36,-0.22,-1.17,15.0,-0.0671,-0.026,-0.0006,,,2.382,,,,,,,,
43.384,ROTATION_SCAN,1.8531,0.4053,0.205,,,,4.7,-0.4,-1.37,15.0,-0.0562,-0.0199,0.0004,,,,,,,,,,,
43.426,ROTATION_SCAN,1.8512,0.4041,0.203,,,,5.18,-0.2,-1.49,15.0,-0.0423,-0.0171,0.0038,,,,,,,,,,,
43.471,ROTATION_SCAN,1.8488,0.4042,0.204,,,,5.74,-0.22,-1.54,15.0,-0.0314,-0.0109,-0.0026,,,2.407,,,,,,,,
43.522,ROTATION_SCAN,1.8487,0.4039,0.205,,,,6.43,-0.2,-1.37,15.0,-0.0154,-0.0073,-0.0015,,,2.407,,,,,,,,
43.572,ROTATION_SCAN,1.8504,0.404,0.206,,,,7.19,-0.11,-1.26,15.0,0.0023,-0.0034,-0.0016,,,,2.727,,,,,,,
43.622,ROTATION_SCAN,1.8507,0.4055,0.205,,,,7.91,-0.02,-1.08,15.0,0.0121,0.0043,-0.0007,,,,2.727,,,,,,,
43.685,ROTATION_SCAN,1.8546,0.4062,0.201,,,,8.74,0.01,-0.92,15.0,0.0299,0.0067,-0.0028,,,,,,,,,,,
43.724,ROTATION_SCAN,1.8564,0.4066,0.202,,,,9.64,-0.0,-0.71,15.0,0.037,0.0079,-0.0129,,,,,,,,,,,
43.772,ROTATION_SCAN,1.8598,0.4073,0.203,,,,10.47,0.12,-0.38,15.0,0.046,0.0088,-0.0113,,,,,,,,,,,
43.822,ROTATION_SCAN,1.8639,0.4084,0.2,,,,11.29,0.15,-0.06,15.0,0.0531,0.0103,-0.0029,,,,,,,,,,,
43.872,ROTATION_SCAN,1.8681,0.4101,0.202,,,,12.13,0.17,0.26,15.0,0.0574,0.0123,-0.0108,,,,,,,,,,,
43.921,ROTATION_SCAN,1.8713,0.4109,0.203,,,,12.96,0.14,0.56,15.0,0.0556,0.0111,-0.006,,,,,,,,,,,
44.009,ROTATION_SCAN,1.8736,0.411,0.2,,,,13.83,0.25,0.89,15.0,0.0489,0.0069,0.0009,,,,,,,,,,,
44.022,ROTATION_SCAN,1.8778,0.4118,0.2,,,,14.69,0.14,1.04,15.0,0.0472,0.0046,-0.0111,,,,,,,,,,,
44.088,ROTATION_SCAN,1.8791,0.4116,0.2,,,,15.54,0.16,1.12,15.0,0.0362,0.0002,-0.0106,,,,,,,,,,,
44.121,ROTATION_SCAN,1.8803,0.4113,0.2,,,,16.45,0.07,1.22,15.0,0.0258,-0.0043,-0.0048,,,,,,,,,,,
44.171,ROTATION_SCAN,1.8814,0.4105,0.199,,,,17.33,0.08,1.07,15.0,0.0166,-0.0091,-0.0064,,,,0.716,,,,,,,
44.221,ROTATION_SCAN,1.8822,0.409,0.204,,,,18.16,-0.02,1.06,15.0,0.0086,-0.0149,-0.0079,,,,0.716,,,,,,,
44.273,ROTATION_SCAN,1.881,0.4082,0.2,,,,18.99,-0.13,1.0,15.0,-0.004,-0.0173,0.005,,,,0.674,,,,,,,
44.333,ROTATION_SCAN,1.8792,0.4072,0.204,,,,19.8,-0.15,0.94,15.0,-0.0159,-0.0193,-0.0016,,,,0.674,,,,,,,
44.378,ROTATION_SCAN,1.8775,0.4051,0.201,,,,20.6,-0.18,0.77,15.0,-0.0251,-0.0233,0.0009,,,,0.642,,,,,,,
44.423,ROTATION_SCAN,1.8726,0.4019,0.2,,,,21.31,-0.3,0.65,15.0,-0.0408,-0.0289,-0.0005,,,,0.642,,,,,,,
44.472,ROTATION_SCAN,1.8685,0.4008,0.203,,,,22.08,-0.25,0.32,15.0,-0.0508,-0.0277,-0.0077,,1.117,,0.621,,,,,,,
44.522,ROTATION_SCAN,1.8641,0.4014,0.2,,,,22.83,-0.4,0.05,15.0,-0.0583,-0.0216,0.0009,,1.117,,0.621,,,,,,,
44.572,ROTATION_SCAN,1.8592,0.3997,0.202,,,,23.59,-0.2,-0.34,15.0,-0.0641,-0.0202,-0.0039,,,,0.603,,,,,,,
44.68,ROTATION_SCAN,1.857,0.4012,0.202,,,,24.36,-0.2,-0.73,15.0,-0.0581,-0.0113,-0.0051,,,,0.603,,,,,,,
44.689,ROTATION_SCAN,1.8536,0.4005,0.202,,,,25.04,-0.04,-1.14,15.0,-0.0533,-0.0072,-0.0004,,1.021,,0.593,,,,,,,
44.724,ROTATION_SCAN,1.8528,0.401,0.2,,,,25.77,0.19,-1.3,15.0,-0.0392,-0.0014,-0.0028,,1.021,,0.593,,,,,,,
44.771,ROTATION_SCAN,1.8518,0.4024,0.199,,,,26.49,0.28,-1.38,15.0,-0.0266,0.0054,-0.0086,,0.997,,0.571,,,,,,,
44.822,ROTATION_SCAN,1.8521,0.4038,0.196,,,,27.19,0.32,-1.4,15.0,-0.0108,0.0113,-0.0086,,0.997,,0.571,,,,,,,
44.871,ROTATION_SCAN,1.8524,0.4073,0.196,,,,27.99,0.37,-1.14,15.0,0.0017,0.0217,-0.0134,,0.965,,0.547,,,,,,,
44.921,ROTATION_SCAN,1.8532,0.4091,0.197,,,,28.71,0.48,-1.08,15.0,0.0131,0.0249,-0.012,,0.965,,0.547,,,,,,,
45.011,ROTATION_SCAN,1.8591,0.4122,0.198,,,,29.38,0.55,-0.64,15.0,0.0357,0.0296,-0.0048,,0.942,,0.514,,,,,,,
45.022,ROTATION_SCAN,1.862,0.4143,0.197,,,,30.1,0.63,-0.3,15.0,0.0446,0.0297,0.0016,,0.942,,0.514,,,,,,,
45.071,ROTATION_SCAN,1.8654,0.416,0.199,,,,30.82,0.65,0.08,15.0,0.0516,0.0264,0.0001,2.019,0.916,,0.483,,,,,,,
45.121,ROTATION_SCAN,1.8675,0.4168,0.199,,,,31.55,0.56,0.55,15.0,0.0506,0.0179,0.0049,2.019,0.916,,0.483,,,,,,,
45.172,ROTATION_SCAN,1.8712,0.4177,0.198,,,,32.34,0.55,0.75,15.0,0.0522,0.0128,0.0053,,0.89,,0.458,,,,,,,
45.222,ROTATION_SCAN,1.8745,0.4179,0.198,,,,33.2,0.34,0.95,15.0,0.0496,0.0038,-0.0012,,0.89,,0.458,,,,,,,
45.275,ROTATION_SCAN,1.8778,0.4184,0.199,,,,34.08,0.1,1.18,15.0,0.0455,-0.0013,0.0011,1.963,0.854,,0.431,,,,,,,
45.356,ROTATION_SCAN,1.8804,0.418,0.199,,,,34.9,-0.13,1.23,15.0,0.0383,-0.0077,0.0024,1.963,0.854,,0.431,,,,,,,
45.372,ROTATION_SCAN,1.8826,0.4174,0.198,,,,35.82,-0.24,1.33,15.0,0.0298,-0.0129,0.0022,2.003,0.831,,0.411,,,,,,,
45.434,ROTATION_SCAN,1.884,0.4152,0.201,,,,36.7,-0.5,1.18,15.0,0.0193,-0.0206,-0.0009,2.003,0.831,,0.411,,,,,,,
45.472,ROTATION_SCAN,1.8854,0.4143,0.2,,,,37.55,-0.62,1.15,15.0,0.0101,-0.0221,0.0045,2.006,0.813,,0.396,,,,,,,
45.522,ROTATION_SCAN,1.885,0.4134,0.197,,,,38.35,-0.72,1.05,15.0,-0.0033,-0.0227,0.0019,2.006,0.813,,0.396,,,,,,,
45.572,ROTATION_SCAN,1.8841,0.4129,0.201,,,,39.2,-0.81,0.93,15.0,-0.0156,-0.021,-0.005,,0.792,,0.378,,,,,,,
45.622,ROTATION_SCAN,1.8824,0.412,0.2,,,,40.12,-0.78,0.81,15.0,-0.0283,-0.0202,0.006,,0.792,,0.378,,,,,,,
45.708,ROTATION_SCAN,1.8795,0.4093,0.202,,,,40.97,-0.62,0.46,15.0,-0.0405,-0.0237,0.0028,2.025,0.788,,0.369,,,,,,,
45.722,ROTATION_SCAN,1.8773,0.4106,0.201,,,,41.81,-0.53,0.29,15.0,-0.0457,-0.0158,0.0039,2.025,0.788,,0.369,,,,,,,
45.771,ROTATION_SCAN,1.8754,0.413,0.203,,,,42.61,-0.32,-0.07,15.0,-0.0475,-0.0054,0.0017,2.04,0.785,,0.359,,,,,,,
45.821,ROTATION_SCAN,1.8726,0.4145,0.198,,,,43.44,-0.1,-0.24,15.0,-0.0486,0.0013,0.0038,2.04,0.785,,0.359,,,,,,,
45.871,ROTATION_SCAN,1.8712,0.4161,0.2,,,,44.26,0.12,-0.34,15.0,-0.0439,0.0072,-0.0065,2.035,0.783,,0.357,,,,,,,
45.921,ROTATION_SCAN,1.8691,0.4185,0.201,,,,45.02,0.28,-0.25,15.0,-0.0405,0.0131,-0.0043,2.035,0.783,,0.357,,,,,,,
45.972,ROTATION_SCAN,1.8662,0.4205,0.199,,,,45.8,0.42,-0.15,15.0,-0.0404,0.0163,0.0009,2.092,0.791,,0.349,,,,,,,
46.037,ROTATION_SCAN,1.8658,0.4224,0.202,,,,46.6,0.7,-0.1,15.0,-0.0315,0.0167,-0.0078,2.092,0.791,,0.349,,,,,,,
46.078,ROTATION_SCAN,1.8662,0.4251,0.206,,,,47.38,0.9,0.11,15.0,-0.0205,0.0174,-0.0011,,0.804,,0.34,,,,,,,
46.122,ROTATION_SCAN,1.8658,0.4272,0.203,,,,48.16,0.86,0.25,15.0,-0.0144,0.0151,0.0112,,0.804,,0.34,,,,,,,
46.171,ROTATION_SCAN,1.8658,0.4293,0.202,,,,48.91,1.03,0.39,15.0,-0.0087,0.0146,0.0026,,0.827,,0.332,,,,,,,
46.221,ROTATION_SCAN,1.8662,0.4307,0.205,,,,49.65,1.08,0.6,15.0,-0.0022,0.0089,-0.0085,,0.827,,0.332,,,,,,,
46.272,ROTATION_SCAN,1.8672,0.4319,0.201,,,,50.35,1.08,0.6,15.0,0.0052,0.0026,0.0008,,0.865,,0.321,,,,,,,
46.386,ROTATION_SCAN,1.8692,0.432,0.2,,,,50.99,1.08,0.72,15.0,0.014,-0.0066,-0.0085,,0.865,,0.321,,,,,,,
46.397,ROTATION_SCAN,1.8709,0.4332,0.202,,,,51.65,0.93,0.83,15.0,0.0197,-0.0108,-0.0143,,0.949,,0.311,,,,,,,
46.421,ROTATION_SCAN,1.8724,0.4322,0.198,,,,52.33,0.79,0.92,15.0,0.0229,-0.022,-0.0031,,0.949,,0.311,,,,,,,
46.474,ROTATION_SCAN,1.8756,0.4308,0.195,,,,52.99,0.44,0.91,15.0,0.0288,-0.031,-0.0128,,1.068,,0.297,,,,,,,
46.52,ROTATION_SCAN,1.8782,0.4293,0.197,,,,53.67,0.28,0.84,15.0,0.0307,-0.038,-0.0191,,1.068,,0.297,,,,,,,
46.571,ROTATION_SCAN,1.8804,0.4279,0.196,,,,54.41,0.01,0.88,15.0,0.03,-0.0424,-0.011,,1.153,,0.292,,,,,,,
46.621,ROTATION_SCAN,1.8844,0.4244,0.196,,,,55.12,-0.08,0.6,15.0,0.0338,-0.0512,-0.0073,,1.153,,0.292,,,,,,,
46.706,ROTATION_SCAN,1.8859,0.422,0.195,,,,55.85,-0.32,0.76,15.0,0.0294,-0.0541,-0.0045,,1.194,,0.285,,,,,,,
46.749,ROTATION_SCAN,1.8891,0.4204,0.197,,,,56.52,-0.64,0.53,15.0,0.0286,-0.0531,-0.0034,,1.194,,0.285,,,,,,,
46.774,ROTATION_SCAN,1.8915,0.4187,0.196,,,,57.23,-0.9,0.5,15.0,0.0242,-0.0506,0.0035,,1.232,1.243,0.279,,,,,,,
46.825,ROTATION_SCAN,1.8927,0.418,0.193,,,,57.99,-1.02,0.47,15.0,0.0157,-0.0443,0.0018,,1.232,1.243,0.279,,,,,,,
46.872,ROTATION_SCAN,1.8928,0.4162,0.196,,,,58.73,-1.11,0.4,15.0,0.005,-0.042,-0.0072,,1.232,1.232,0.28,,,,,,,
46.921,ROTATION_SCAN,1.8903,0.4183,0.198,,,,59.47,-1.24,0.25,15.0,-0.0124,-0.0279,0.0036,,1.232,1.232,0.28,,,,,,,
46.97,ROTATION_SCAN,1.8917,0.421,0.198,,,,60.18,-1.04,0.17,15.0,-0.0154,-0.0139,0.0107,,1.228,1.224,0.283,,,,,,,
47.028,ROTATION_SCAN,1.8895,0.4244,0.202,,,,60.9,-0.77,0.24,15.0,-0.0268,-0.0005,0.0053,,1.228,1.224,0.283,,,,,,,
47.134,ROTATION_SCAN,1.8836,0.428,0.204,,,,61.66,-0.7,0.39,15.0,-0.0458,0.0102,0.0133,,1.216,1.234,0.287,,,,,,,
47.143,ROTATION_SCAN,1.8816,0.4322,0.202,,,,62.39,-0.36,0.46,15.0,-0.0509,0.019,0.0165,,1.216,1.234,0.287,,,,,,,
47.184,ROTATION_SCAN,1.8792,0.4342,0.198,,,,63.13,0.03,0.68,15.0,-0.0534,0.0188,0.0067,,1.225,1.259,0.297,,,,,,,
47.228,ROTATION_SCAN,1.8761,0.4382,0.201,,,,63.88,0.36,0.86,15.0,-0.0564,0.0208,-0.0075,,1.225,1.259,0.297,,,,,,,
47.271,ROTATION_SCAN,1.8759,0.4405,0.197,,,,64.64,0.56,1.05,15.0,-0.0492,0.0158,-0.0047,,1.213,1.277,0.302,,,,,,,
47.321,ROTATION_SCAN,1.874,0.4432,0.2,,,,65.41,0.93,1.07,15.0,-0.0459,0.0107,-0.0073,,1.213,1.277,0.302,,,,,,,
47.37,ROTATION_SCAN,1.872,0.445,0.198,,,,66.17,1.03,1.26,15.0,-0.0413,0.0027,-0.0062,,,,0.31,,,,,,,
47.47,ROTATION_SCAN,1.8705,0.4462,0.197,,,,66.94,1.12,1.32,15.0,-0.0362,-0.0068,-0.0017,,,,0.31,,,,,,,
47.483,ROTATION_SCAN,1.8689,0.4462,0.198,,,,67.71,1.24,1.33,15.0,-0.0308,-0.0193,-0.0056,,,1.346,0.319,,,,,,,
47.531,ROTATION_SCAN,1.8692,0.4446,0.198,,,,68.47,1.22,1.31,15.0,-0.0203,-0.0345,0.001,,,1.346,0.319,,,,,,,
47.585,ROTATION_SCAN,1.8694,0.4428,0.202,,,,69.16,1.03,1.29,15.0,-0.0117,-0.0475,0.0011,,,,0.323,,,,,,,
47.621,ROTATION_SCAN,1.8698,0.4411,0.199,,,,69.86,0.93,1.06,15.0,-0.005,-0.0569,0.0108,,,,0.323,,,,,,,
47.671,ROTATION_SCAN,1.87,0.4388,0.2,,,,70.6,0.74,0.96,15.0,0.0003,-0.0648,0.0067,,,,0.33,,,,,,,
47.72,ROTATION_SCAN,1.8695,0.4364,0.2,,,,71.37,0.53,0.74,15.0,0.0015,-0.0704,0.0039,,,,0.33,,,,,,,
47.816,ROTATION_SCAN,1.8724,0.4332,0.204,,,,72.06,0.33,0.62,15.0,0.0115,-0.075,0.0068,,,,0.339,,,,,,,
47.83,ROTATION_SCAN,1.8739,0.4305,0.199,,,,72.77,0.21,0.4,15.0,0.0147,-0.076,0.0128,,,,0.339,,,,,,,
47.891,ROTATION_SCAN,1.877,0.4278,0.203,,,,73.54,0.08,0.15,15.0,0.0225,-0.0748,0.0032,,,1.639,0.343,,,,,,,
47.925,ROTATION_SCAN,1.8784,0.4253,0.203,,,,74.33,-0.16,0.03,15.0,0.0233,-0.0719,0.0059,,,1.639,0.343,,,,,,,
47.972,ROTATION_SCAN,1.8805,0.4226,0.199,,,,75.05,-0.41,0.09,15.0,0.024,-0.069,0.0086,,,1.685,0.348,,,,,,,
48.02,ROTATION_SCAN,1.8818,0.4206,0.197,,,,75.8,-0.52,0.0,15.0,0.0207,-0.0639,-0.0053,,,1.685,0.348,,,,,,,
48.071,ROTATION_SCAN,1.8818,0.4177,0.201,,,,76.63,-0.65,-0.02,15.0,0.0131,-0.0616,-0.0106,,,,0.369,,,,,,,
48.157,ROTATION_SCAN,1.8826,0.4168,0.2,,,,77.42,-0.74,-0.22,15.0,0.0082,-0.0532,0.0029,,,,0.369,,,,,,,
48.17,ROTATION_SCAN,1.8826,0.4151,0.2,,,,78.2,-0.72,-0.37,15.0,0.0019,-0.0469,0.0015,,,1.734,,,,,,,,
48.221,ROTATION_SCAN,1.8818,0.4134,0.2,,,,79.05,-0.7,-0.28,15.0,-0.006,-0.0406,-0.0004,,,1.734,,,,,,,,
48.271,ROTATION_SCAN,1.8805,0.4129,0.202,,,,79.85,-0.56,-0.39,15.0,-0.0136,-0.0326,-0.001,2.879,,1.731,,,,,,,,
48.321,ROTATION_SCAN,1.8795,0.4128,0.203,,,,80.66,-0.57,-0.35,15.0,-0.0183,-0.0247,0.0042,2.879,,1.731,,,,,,,,
48.37,ROTATION_SCAN,1.8752,0.414,0.205,,,,81.45,-0.36,-0.33,15.0,-0.0321,-0.0133,0.0067,,,1.717,,,,,,,,
48.421,ROTATION_SCAN,1.8736,0.4162,0.209,,,,82.27,-0.13,-0.23,15.0,-0.0336,-0.0027,0.0085,,,1.717,,,,,,,,
48.486,ROTATION_SCAN,1.8722,0.4197,0.206,,,,83.03,0.1,-0.28,15.0,-0.0329,0.0095,0.0147,,,1.722,,,,,,,,
48.538,ROTATION_SCAN,1.8696,0.4231,0.204,,,,83.75,0.17,-0.1,15.0,-0.0342,0.0197,0.0026,,,1.722,,,,,,,,
48.573,ROTATION_SCAN,1.8687,0.4275,0.208,,,,84.51,0.4,0.15,15.0,-0.03,0.0288,-0.0059,2.459,,1.732,,,,,,,,
48.621,ROTATION_SCAN,1.8671,0.4312,0.206,,,,85.23,0.45,0.44,15.0,-0.0271,0.033,0.0036,2.459,,1.732,,,,,,,,
48.671,ROTATION_SCAN,1.8668,0.4347,0.201,,,,85.92,0.48,0.87,15.0,-0.0208,0.0327,-0.0006,,,1.728,,,,,,,,
48.721,ROTATION_SCAN,1.866,0.4381,0.2,,,,86.65,0.52,1.18,15.0,-0.0168,0.03,-0.0193,,,1.728,,,,,,,,
48.813,ROTATION_SCAN,1.8663,0.441,0.202,,,,87.35,0.58,1.52,15.0,-0.0094,0.0234,-0.0194,2.427,,1.749,,,,,,,,
48.82,ROTATION_SCAN,1.8655,0.4434,0.204,,,,88.09,0.48,1.79,15.0,-0.0063,0.0133,-0.0068,2.427,,1.749,,,,,,,,
48.871,ROTATION_SCAN,1.8654,0.4446,0.203,,,,88.82,0.41,1.9,15.0,-0.0026,0.0005,-0.0028,,,1.779,,,,,,,,
48.92,ROTATION_SCAN,1.865,0.4448,0.199,,,,89.61,0.37,2.06,15.0,-0.0005,-0.0148,-0.0056,,,1.779,,,,,,,,
48.97,ROTATION_SCAN,1.8648,0.4435,0.199,,,,90.45,0.32,1.9,15.0,0.002,-0.032,-0.0136,,,,,,,,,,,
49.02,ROTATION_SCAN,1.8649,0.4418,0.198,,,,91.3,0.24,1.85,15.0,0.0043,-0.0475,-0.0117,,,,,,,,,,,
49.078,ROTATION_SCAN,1.8667,0.4396,0.2,,,,92.15,0.26,1.47,15.0,0.0114,-0.0598,-0.0116,,,,,,,,,,,
49.204,ROTATION_SCAN,1.868,0.438,0.196,,,,93.1,0.23,1.1,15.0,0.0163,-0.0659,-0.0032,,,,,,,,,,,
49.305,ROTATION_SCAN,1.8685,0.4347,0.202,,,,94.06,0.15,0.93,15.0,0.0176,-0.0743,-0.0088,,1.788,,,,,,,,,
49.33,ROTATION_SCAN,1.8681,0.4318,0.2,,,,95.07,0.08,0.62,-0.0,0.0153,-0.0787,0.005,,1.788,,,,1.8,0.16,,,,
49.341,ROTATION_SCAN,1.8682,0.4287,0.204,,,,96.01,0.04,0.38,-0.0,0.0144,-0.0805,0.0083,2.371,,,,,1.8,0.16,,,,
49.35,ROTATION_SCAN,1.8689,0.4255,0.203,,,,96.79,0.07,-0.18,-0.0,0.0148,-0.0794,0.009,2.371,,,,,1.8,0.16,,,,
49.381,ROTATION_SCAN,1.8683,0.4244,0.2,,,,97.39,0.28,-0.71,-0.0,0.012,-0.0679,0.0076,,2.655,,,,1.8,0.16,,,,
49.421,ROTATION_SCAN,1.8683,0.4223,0.203,,,,97.94,0.08,-0.66,0.0,0.0112,-0.058,-0.004,,2.655,,,,1.8,0.16,,,,
49.473,ROTATION_SCAN,1.868,0.4222,0.201,,,,98.34,-0.49,1.18,0.0,0.0074,-0.0502,0.0037,,2.634,,,,1.8,0.16,,,,
49.557,ROTATION_SCAN,1.8679,0.4231,0.203,,,,98.64,-0.93,2.47,0.0,0.0029,-0.0546,-0.0013,,2.634,,,,1.8,0.16,,,,
49.572,ROTATION_SCAN,1.8685,0.4213,0.203,,,,98.78,-1.3,3.43,0.0,-0.001,-0.0758,-0.003,,,,,,1.8,0.16,,,,
49.621,ROTATION_SCAN,1.8679,0.4175,0.203,,,,98.85,-1.68,3.93,0.0,-0.01,-0.1063,-0.0021,,,,,,1.8,0.16,,,,
49.671,ROTATION_SCAN,1.866,0.4126,0.203,,,,98.88,-1.72,4.07,0.0,-0.0227,-0.1395,-0.0045,,,,,,1.8,0.16,,,,
49.72,ROTATION_SCAN,1.8652,0.406,0.195,,,,98.77,-1.76,3.82,0.0,-0.0303,-0.1712,-0.0072,,,,,,1.8,0.16,,,,
49.77,ROTATION_SCAN,1.8612,0.3988,0.191,,,,98.63,-1.75,3.46,0.0,-0.0472,-0.2002,-0.0223,,,,,,1.8,0.16,,,,
49.825,ROTATION_SCAN,1.8579,0.3884,0.192,,,,98.42,-1.57,3.0,0.0,-0.0598,-0.23,-0.029,,,,,,1.8,0.16,,,,
49.89,ROTATION_SCAN,1.8547,0.3786,0.197,,,,98.12,-1.34,2.48,0.0,-0.0693,-0.2497,-0.0226,,,,,,1.8,0.16,,,,
49.927,ROTATION_SCAN,1.8515,0.3678,0.196,,,,97.86,-1.04,1.98,0.0,-0.0758,-0.2648,0.0019,,,,,,1.8,0.16,,,,
49.97,ROTATION_SCAN,1.8471,0.3561,0.201,,,,97.62,-0.74,1.69,0.0,-0.0828,-0.2761,0.0008,,2.65,,,,1.8,0.16,,,,
50.02,ROTATION_SCAN,1.843,0.3429,0.198,,,,97.43,-0.42,1.21,0.0,-0.0866,-0.2883,0.0087,,2.65,,,,1.8,0.16,,,,
50.07,ROTATION_SCAN,1.8383,0.33,0.199,,,,97.34,-0.1,0.83,0.0,-0.0883,-0.2907,0.0046,,,,,,1.8,0.16,,,,
50.121,ROTATION_SCAN,1.8334,0.3153,0.197,,,,97.29,-0.03,0.48,0.0,-0.0895,-0.2977,-0.0018,,,,,,1.8,0.16,,,,
50.22,ROTATION_SCAN,1.8293,0.3024,0.192,,,,97.23,0.31,0.23,0.0,-0.0874,-0.2937,-0.0032,,,,,,1.8,0.16,,,,
50.244,ROTATION_SCAN,1.8252,0.2908,0.195,,,,97.24,0.39,0.02,0.0,-0.0836,-0.2848,-0.0158,,,,,,1.8,0.16,,,,
50.28,ROTATION_SCAN,1.8211,0.2786,0.195,,,,97.24,0.42,-0.03,0.0,-0.0802,-0.2773,-0.0086,,2.623,,0.304,,1.8,0.16,,,,
50.326,ROTATION_SCAN,1.8175,0.2662,0.196,,,,97.22,0.5,0.02,0.0,-0.0752,-0.2721,0.0007,,2.623,,0.304,,1.8,0.16,,,,
50.371,ROTATION_SCAN,1.8139,0.2534,0.195,,,,97.14,0.45,0.18,0.0,-0.0707,-0.2694,0.0005,,2.552,,0.29,,1.8,0.16,,,,
50.421,ROTATION_SCAN,1.8108,0.2421,0.198,,,,97.05,0.37,0.39,0.0,-0.0652,-0.2644,0.0014,,2.552,,0.29,,1.8,0.16,,,,
50.47,ROTATION_SCAN,1.8077,0.2311,0.196,,,,97.05,0.38,0.66,0.0,-0.0611,-0.261,0.008,,2.452,,0.3,,1.8,0.16,,,,
50.574,ROTATION_SCAN,1.8052,0.2193,0.195,,,,97.02,0.58,0.48,0.0,-0.0548,-0.2605,0.0024,,2.452,,0.3,,1.8,0.16,,,,
50.58,ROTATION_SCAN,1.8025,0.2073,0.195,,,,96.99,0.69,0.22,0.0,-0.049,-0.259,0.0017,,,,0.306,,1.8,0.16,,,,
50.628,ROTATION_SCAN,1.8007,0.1948,0.196,,,,96.99,0.83,-0.17,0.0,-0.0408,-0.2564,0.0015,,,,0.306,,1.8,0.16,,,,
50.67,ROTATION_SCAN,1.7991,0.1837,0.199,,,,96.96,0.75,-0.48,0.0,-0.033,-0.2469,0.0038,,2.308,,0.315,,1.8,0.14,,,,
50.72,ROTATION_SCAN,1.797,0.172,0.196,,,,96.93,0.91,-1.16,0.0,-0.0285,-0.2364,0.0104,,2.308,,0.315,,1.8,0.14,,,,
50.77,ROTATION_SCAN,1.796,0.1618,0.199,,,,96.84,1.03,-1.44,0.0,-0.0207,-0.2184,0.0031,,,,0.32,,1.8,0.12,,,,
50.82,ROTATION_SCAN,1.795,0.1508,0.198,,,,96.73,1.08,-1.6,0.0,-0.0133,-0.2051,0.0081,,,,0.32,,1.8,0.12,,,,
50.92,ROTATION_SCAN,1.7943,0.1413,0.198,,,,96.63,1.0,-1.57,0.0,-0.0063,-0.188,0.0036,,,,0.322,,1.8,0.1,,,,
50.937,ROTATION_SCAN,1.7944,0.1318,0.2,,,,96.53,0.9,-1.5,0.0,0.0008,-0.1759,-0.0004,,,,0.322,,1.8,0.1,,,,
50.969,ROTATION_SCAN,1.7943,0.1235,0.2,,,,96.4,0.87,-1.64,0.0,0.0061,-0.16,0.0054,,,,0.324,,1.8,0.08,,,,
51.038,ROTATION_SCAN,1.7944,0.1163,0.203,,,,96.25,0.7,-1.17,0.0,0.0106,-0.1452,0.0036,,,,0.324,,1.8,0.08,,,,
51.071,ROTATION_SCAN,1.795,0.1095,0.198,,,,96.16,0.57,-0.97,0.0,0.015,-0.1351,0.0083,,,,0.323,,1.88,-0.26,,,,
51.12,ROTATION_SCAN,1.7957,0.103,0.201,,,,96.07,0.45,-0.61,0.0,0.0174,-0.1276,-0.0034,,,,0.323,,1.88,-0.26,,,,
51.17,ROTATION_SCAN,1.7963,0.0963,0.199,,,,96.04,0.28,-0.27,0.0,0.0192,-0.1237,-0.0009,,,,0.327,,1.88,-0.26,,,,
51.268,ROTATION_SCAN,1.7972,0.0905,0.201,,,,96.02,0.39,1.37,0.0,0.0221,-0.1245,-0.0021,,,,0.327,,1.88,-0.26,,,,
51.278,ROTATION_SCAN,1.7986,0.0825,0.202,,,,96.05,0.5,2.37,0.0,0.0278,-0.1449,-0.0036,2.716,1.431,,0.321,,1.88,-0.26,,,,
51.326,ROTATION_SCAN,1.799,0.0754,0.198,,,,95.97,0.57,2.98,0.0,0.0311,-0.164,0.0013,2.716,1.431,,0.321,,1.88,-0.26,,,,
51.37,ROTATION_SCAN,1.8005,0.0673,0.2,,,,95.86,0.66,3.05,0.0,0.038,-0.1863,-0.0117,,,,0.312,,1.88,-0.26,,,,
51.421,ROTATION_SCAN,1.8025,0.0575,0.196,,,,95.82,0.71,2.96,0.0,0.0457,-0.211,-0.0034,,,,0.312,,1.88,-0.26,,,,
51.47,ROTATION_SCAN,1.805,0.0444,0.198,,,,95.8,0.66,2.72,0.0,0.0538,-0.2419,-0.0116,,,,0.303,,1.88,-0.26,,,,
51.534,ROTATION_SCAN,1.8075,0.032,0.196,,,,95.78,0.68,2.36,0.0,0.0607,-0.2627,-0.0067,,,,0.303,,1.88,-0.26,,,,
51.621,ROTATION_SCAN,1.8115,0.0183,0.195,,,,95.78,0.66,2.06,0.0,0.0713,-0.281,-0.0068,,,,0.301,,1.88,-0.26,,,,
51.629,ROTATION_SCAN,1.8137,0.0052,0.195,,,,95.76,0.51,1.63,0.0,0.0726,-0.2928,-0.0066,,,,0.301,,1.88,-0.26,,,,
51.687,ROTATION_SCAN,1.8178,-0.0093,0.198,,,,95.67,0.38,1.33,0.0,0.0791,-0.3033,-0.004,,,0.526,0.293,,1.88,-0.26,,,,
51.723,ROTATION_SCAN,1.822,-0.0251,0.197,,,,95.57,0.39,0.92,0.0,0.0835,-0.3143,0.009,,,0.526,0.293,,1.88,-0.26,,,,
51.769,ROTATION_SCAN,1.8259,-0.041,0.194,,,,95.5,0.12,0.57,0.0,0.0858,-0.3212,0.0069,,,0.499,0.288,,1.88,-0.26,,,,
51.819,ROTATION_SCAN,1.8299,-0.0554,0.196,,,,95.43,0.18,0.25,0.0,0.0862,-0.319,-0.0012,,,0.499,0.288,,1.88,-0.26,,,,
51.87,ROTATION_SCAN,1.8334,-0.0706,0.202,,,,95.28,0.19,-0.2,0.0,0.0853,-0.3172,0.0039,,2.04,0.482,0.302,,1.88,-0.26,,,,
51.957,ROTATION_SCAN,1.8367,-0.0856,0.2,,,,95.14,-0.01,-0.31,0.0,0.0826,-0.3121,0.0235,,2.04,0.482,0.302,,1.88,-0.26,,,,
51.97,ROTATION_SCAN,1.8401,-0.1,0.204,,,,95.0,-0.08,-0.38,0.0,0.0797,-0.3058,0.0191,,,0.487,0.283,,1.88,-0.26,,,,
52.02,ROTATION_SCAN,1.8437,-0.1169,0.205,,,,94.82,-0.06,-0.38,0.0,0.0778,-0.3079,0.0181,,,0.487,0.283,,1.88,-0.26,,,,
52.07,ROTATION_SCAN,1.8467,-0.1306,0.2,,,,94.61,-0.07,-0.37,0.0,0.0738,-0.2996,0.0198,,,0.494,0.259,,1.88,-0.26,,,,
52.12,ROTATION_SCAN,1.8494,-0.1451,0.201,,,,94.53,0.01,-0.48,0.0,0.0703,-0.2948,-0.0008,,,0.494,0.259,,1.88,-0.26,,,,
52.17,ROTATION_SCAN,1.8516,-0.1572,0.203,,,,94.5,-0.17,-0.42,0.0,0.0649,-0.2827,-0.001,,2.174,0.516,0.257,,1.88,-0.26,,,,
52.221,ROTATION_SCAN,1.8538,-0.1694,0.2,,,,94.48,-0.45,-0.2,0.0,0.0589,-0.2739,0.0065,,2.174,0.516,0.257,,1.88,-0.26,,,,
52.291,ROTATION_SCAN,1.856,-0.1833,0.204,,,,94.56,-0.4,0.07,0.0,0.0529,-0.2742,-0.0035,,2.181,0.532,0.246,,1.88,-0.26,,,,
52.325,ROTATION_SCAN,1.8571,-0.1952,0.203,,,,94.55,-0.31,-0.02,0.0,0.0449,-0.2686,0.0055,,2.181,0.532,0.246,,1.88,-0.26,,,,
52.37,ROTATION_SCAN,1.8586,-0.2071,0.204,,,,94.48,-0.23,-0.06,0.0,0.04,-0.2641,0.0034,,2.199,0.559,0.246,,1.88,-0.26,,,,
52.426,ROTATION_SCAN,1.8595,-0.2193,0.202,,,,94.44,0.3,-0.43,0.0,0.0358,-0.2592,-0.0011,,2.199,0.559,0.246,,1.88,-0.26,,,,
52.47,ROTATION_SCAN,1.8596,-0.2309,0.201,,,,94.28,-0.44,-1.89,0.0,0.0311,-0.2473,-0.0076,,2.23,0.607,0.245,,1.88,-0.26,,,,
52.523,ROTATION_SCAN,1.8602,-0.2442,0.205,,,,94.04,-1.05,-3.05,0.0,0.0212,-0.2308,-0.0079,,2.23,0.607,0.245,,1.88,-0.26,,,,
52.614,ROTATION_SCAN,1.8599,-0.2535,0.2,,,,93.88,-1.37,-3.59,0.0,0.0057,-0.1979,-0.0014,,,0.675,0.257,,1.88,-0.26,,,,
52.629,ROTATION_SCAN,1.8591,-0.2618,0.201,,,,93.78,-1.63,-3.85,0.0,-0.0116,-0.1645,-0.0145,,,0.675,0.257,,1.88,-0.26,,,,
52.675,ROTATION_SCAN,1.8572,-0.268,0.198,,,,93.84,-1.38,-3.8,0.0,-0.0296,-0.1286,-0.0138,,2.177,0.863,0.27,,1.88,-0.26,,,,
52.719,ROTATION_SCAN,1.8543,-0.2733,0.196,,,,93.93,-1.23,-3.55,0.0,-0.0458,-0.0959,-0.0173,,2.177,0.863,0.27,,1.88,-0.26,,,,
52.77,ROTATION_SCAN,1.85,-0.2766,0.199,,,,94.12,-0.92,-3.09,0.0,-0.0616,-0.0642,-0.0233,,,0.954,0.279,,1.88,-0.26,,,,
52.82,ROTATION_SCAN,1.8448,-0.2786,0.195,,,,94.35,-0.71,-2.33,0.0,-0.0759,-0.0372,-0.0098,,,0.954,0.279,,1.88,-0.26,,,,
52.87,ROTATION_SCAN,1.8398,-0.2794,0.198,,,,94.52,-0.48,-1.72,0.0,-0.0853,-0.0171,-0.015,,2.121,1.002,0.286,,1.88,-0.26,,,,
52.958,ROTATION_SCAN,1.8348,-0.2797,0.197,,,,94.72,-0.48,-1.12,0.0,-0.0921,-0.0035,-0.0021,,2.121,1.002,0.286,,1.88,-0.26,,,,
52.989,ROTATION_SCAN,1.83,-0.2791,0.195,,,,94.87,-0.33,-0.7,0.0,-0.0968,0.006,0.0007,,,1.008,0.295,,1.88,-0.26,,,,
53.02,ROTATION_SCAN,1.8247,-0.2786,0.201,,,,95.02,-0.1,-0.21,0.0,-0.1002,0.0107,-0.0068,,,1.008,0.295,,1.88,-0.26,,,,
53.075,ROTATION_SCAN,1.8188,-0.2779,0.195,,,,95.18,0.15,0.13,-0.0,-0.1026,0.0121,0.01,,,1.008,0.302,,1.88,-0.26,,,,
53.119,ROTATION_SCAN,1.8145,-0.2774,0.197,,,,95.24,0.78,0.4,-0.0,-0.0974,0.0097,-0.0027,,,1.008,0.302,,1.7485,-0.1454,,,,
53.169,ROTATION_SCAN,1.8091,-0.2764,0.196,,,,95.4,1.38,0.46,0.0,-0.0905,0.0088,0.0012,,,1.006,0.311,,1.7485,-0.1454,,,,
53.22,ROTATION_SCAN,1.8045,-0.2773,0.202,,,,95.6,1.6,-0.18,0.0,-0.0787,0.0037,-0.0004,,,1.006,0.311,,1.7485,-0.1454,,,,
53.302,ROTATION_SCAN,1.8006,-0.277,0.2,,,,95.72,1.59,-0.51,0.0,-0.0661,0.008,0.0147,,,1.002,0.315,,1.7485,-0.1454,,,,
53.319,ROTATION_SCAN,1.7977,-0.2771,0.2,,,,95.86,1.45,-0.74,0.0,-0.0537,0.0117,0.01,,,1.002,0.315,,1.7485,-0.1454,,,,
53.369,ROTATION_SCAN,1.7951,-0.2765,0.2,,,,96.05,1.35,-1.0,0.0,-0.0431,0.0196,0.0061,,,1.001,0.32,,1.7485,-0.1454,,,,
53.419,ROTATION_SCAN,1.7932,-0.2751,0.2,,,,96.23,1.1,-1.08,0.0,-0.0332,0.0303,0.0068,,,1.001,0.32,,1.7485,-0.1454,,,,
53.47,ROTATION_SCAN,1.7909,-0.2735,0.2,,,,96.34,1.02,-1.03,0.0,-0.0279,0.0401,0.0063,,,1.006,0.322,,1.7485,-0.1454,,,,
53.52,ROTATION_SCAN,1.7898,-0.2712,0.203,,,,96.35,0.92,-0.87,0.0,-0.0201,0.0493,0.0074,,,1.006,0.322,,1.7485,-0.1454,,,,
53.576,ROTATION_SCAN,1.7887,-0.2689,0.202,,,,96.23,0.8,-0.7,0.0,-0.0142,0.0559,0.0126,,,0.998,0.32,,1.7485,-0.1454,,,,
53.651,ROTATION_SCAN,1.7881,-0.2657,0.203,,,,96.06,0.46,-0.5,0.0,-0.0091,0.0626,0.0088,,,0.998,0.32,,1.7485,-0.1454,,,,
53.67,ROTATION_SCAN,1.7883,-0.2623,0.201,,,,95.9,0.38,-0.42,0.0,-0.0041,0.0671,0.0082,,,0.981,0.321,,1.7485,-0.1454,,,,
53.725,ROTATION_SCAN,1.7881,-0.2588,0.203,,,,95.72,0.16,-0.26,0.0,-0.002,0.0706,0.0021,,,0.981,0.321,,1.7485,-0.1454,,,,
53.769,ROTATION_SCAN,1.7885,-0.2564,0.204,,,,95.63,0.0,-0.2,0.0,-0.0003,0.0686,0.0026,,,0.95,0.316,,1.7485,-0.1454,,,,
53.819,ROTATION_SCAN,1.7897,-0.2521,0.204,,,,95.54,-0.12,-0.12,0.0,0.0032,0.0727,0.004,,,0.95,0.316,,1.7485,-0.1454,,,,
53.87,ROTATION_SCAN,1.79,-0.2497,0.201,,,,95.42,-0.17,-0.11,0.0,0.0021,0.0695,0.0019,,,0.916,0.317,,1.7485,-0.1454,,,,
53.927,ROTATION_SCAN,1.7904,-0.2474,0.204,,,,95.29,-0.13,-0.2,0.0,0.0016,0.0672,-0.0061,,,0.916,0.317,,1.7485,-0.1454,,,,
53.991,ROTATION_SCAN,1.7899,-0.2452,0.202,,,,95.28,-0.38,-0.2,0.0,-0.0023,0.0651,-0.0007,,,0.86,0.313,,1.7485,-0.1454,,,,
54.025,ROTATION_SCAN,1.7896,-0.2419,0.202,,,,95.3,-0.39,-0.31,0.0,-0.0064,0.0668,-0.0023,,,0.86,0.313,,1.7485,-0.1454,,,,
54.069,ROTATION_SCAN,1.7896,-0.2405,0.2,,,,95.41,-0.33,-0.22,0.0,-0.0084,0.0632,-0.0067,,,0.831,0.315,,1.7485,-0.1454,,,,
54.119,ROTATION_SCAN,1.7888,-0.2354,0.205,,,,95.47,-0.4,-0.28,0.0,-0.0125,0.0701,-0.0076,,,0.831,0.315,,1.7485,-0.1454,,,,
54.17,ROTATION_SCAN,1.7882,-0.2335,0.199,,,,95.59,-0.41,-0.22,0.0,-0.0157,0.0672,0.0045,,,0.793,0.314,,1.7485,-0.1454,,,,
54.22,ROTATION_SCAN,1.7869,-0.232,0.205,,,,95.69,-0.38,-0.13,0.0,-0.0203,0.0635,-0.0079,,,0.793,0.314,,1.7485,-0.1454,,,,
54.298,ROTATION_SCAN,1.7854,-0.2305,0.204,,,,95.73,-0.43,-0.1,0.0,-0.025,0.0591,0.002,,,0.759,0.313,,1.7485,-0.1454,,,,
54.345,ROTATION_SCAN,1.7833,-0.2279,0.199,,,,95.71,-0.28,-0.35,0.0,-0.0308,0.059,0.0048,,,0.759,0.313,,1.7485,-0.1454,,,,
54.373,ROTATION_SCAN,1.7813,-0.2261,0.202,,,,95.7,-0.12,-0.38,0.0,-0.0336,0.0587,-0.0113,,,0.702,0.316,,1.7485,-0.1454,,,,
54.43,ROTATION_SCAN,1.7791,-0.2224,0.199,,,,95.69,-0.18,-0.38,0.0,-0.0369,0.0633,-0.0008,,,0.702,0.316,,1.7485,-0.1454,,,,
54.469,ROTATION_SCAN,1.7768,-0.2214,0.198,,,,95.65,-0.13,-0.31,0.0,-0.0395,0.0603,-0.0075,,,0.644,0.32,,1.7485,-0.1454,,,,
54.519,ROTATION_SCAN,1.7763,-0.2195,0.2,,,,95.65,-0.05,-0.14,0.0,-0.0362,0.0595,-0.0106,,,0.644,0.32,,1.7485,-0.1454,,,,
54.569,ROTATION_SCAN,1.7738,-0.2176,0.198,,,,95.66,-0.07,-0.28,0.0,-0.0384,0.0582,-0.0032,,,0.605,0.322,,1.7485,-0.1454,,,,
54.663,ROTATION_SCAN,1.7722,-0.2157,0.2,,,,95.66,0.06,-0.38,0.0,-0.0379,0.058,-0.0075,,,0.605,0.322,,1.7485,-0.1454,,,,
54.672,ROTATION_SCAN,1.7709,-0.2136,0.201,,,,95.74,0.12,-0.36,0.0,-0.0356,0.059,-0.0019,,,0.574,0.329,,1.7485,-0.1454,,,,
54.724,ROTATION_SCAN,1.7692,-0.2107,0.201,,,,95.76,0.16,-0.47,0.0,-0.0348,0.062,0.0027,,,0.574,0.329,,1.7485,-0.1454,,,,
54.769,ROTATION_SCAN,1.767,-0.2076,0.202,,,,95.74,0.13,-0.6,0.0,-0.035,0.0663,-0.0,,,0.543,0.331,,1.7485,-0.1454,,,,
54.82,ROTATION_SCAN,1.7647,-0.2044,0.203,,,,95.79,0.17,-0.39,0.0,-0.0361,0.0702,0.0024,,,0.543,0.331,,1.7485,-0.1454,,,,
54.869,ROTATION_SCAN,1.7631,-0.2002,0.205,,,,95.73,0.11,-0.38,0.0,-0.0348,0.0749,0.0027,,,0.51,0.336,,1.7485,-0.1454,,,,
54.934,ROTATION_SCAN,1.7613,-0.1963,0.202,,,,95.7,0.29,-0.33,0.0,-0.034,0.0786,0.0062,,,0.51,0.336,,1.7485,-0.1454,,,,
54.994,ROTATION_SCAN,1.7585,-0.1916,0.202,,,,95.63,0.37,-0.42,0.0,-0.0346,0.0835,-0.0009,,,0.487,0.346,,1.7485,-0.1454,,,,
55.025,ROTATION_SCAN,1.7567,-0.1877,0.202,,,,95.55,0.3,-0.3,0.0,-0.0326,0.086,-0.0049,,,0.487,0.346,,1.7485,-0.1454,,,,
55.073,ROTATION_SCAN,1.7547,-0.1844,0.206,,,,95.55,0.29,-0.25,0.0,-0.0317,0.0859,-0.0041,,,0.461,0.346,,1.7485,-0.1454,,,,
55.119,ROTATION_SCAN,1.7525,-0.1807,0.202,,,,95.58,0.27,-0.24,0.0,-0.0315,0.086,0.0055,,,0.461,0.346,,1.7485,-0.1454,,,,
55.169,ROTATION_SCAN,1.7505,-0.1758,0.203,,,,95.6,0.26,-0.04,0.0,-0.031,0.0893,-0.0049,,,0.448,0.352,,1.7485,-0.1454,,,,
55.269,ROTATION_SCAN,1.7491,-0.1717,0.202,,,,95.68,0.33,-0.05,0.0,-0.028,0.0886,-0.0053,,,0.448,0.352,,,,,,,
55.38,ROTATION_SCAN,1.7465,-0.1667,0.202,,,,95.85,0.49,-0.08,-0.0,-0.0282,0.0909,-0.0049,,,0.437,0.353,,2.5,-1.88,,,,
55.439,ROTATION_SCAN,1.7438,-0.1626,0.202,,,,96.04,0.15,0.2,-0.0,-0.0296,0.0901,-0.0045,,,0.437,0.353,,2.5,-1.88,,,,
55.445,ROTATION_SCAN,1.7417,-0.1582,0.2,,,,96.22,0.15,0.77,-0.0,-0.0299,0.0864,-0.0034,,,0.43,0.355,,2.5,-1.88,,,,
55.456,ROTATION_SCAN,1.7389,-0.1536,0.199,,,,96.35,0.17,1.18,-0.0,-0.0321,0.08,-0.0063,,,0.43,0.355,,2.5,-1.88,,,,
55.472,ROTATION_SCAN,1.7373,-0.1514,0.199,,,,96.37,0.29,1.68,0.0,-0.0297,0.0633,-0.0064,,,0.418,0.361,,2.5,-1.88,,,,
55.519,ROTATION_SCAN,1.735,-0.1463,0.199,,,,96.28,1.0,3.45,0.0,-0.0262,0.0512,0.0015,,,0.418,0.361,,2.5,-1.88,,,,
55.569,ROTATION_SCAN,1.7335,-0.1455,0.2,,,,96.24,1.66,4.96,0.0,-0.0137,0.0137,-0.0028,,,0.408,0.365,,2.5,-1.88,,,,
55.619,ROTATION_SCAN,1.7325,-0.1446,0.203,,,,96.2,1.73,5.56,0.0,0.0028,-0.0262,0.0021,,,0.408,0.365,,2.5,-1.88,,,,
55.669,ROTATION_SCAN,1.7327,-0.1476,0.199,,,,96.29,1.81,5.81,0.0,0.0212,-0.0757,0.0076,,1.01,0.412,0.37,,2.5,-1.88,,,,
55.774,ROTATION_SCAN,1.7334,-0.152,0.2,,,,96.4,1.79,5.63,0.0,0.0373,-0.1224,-0.0032,,1.01,0.412,0.37,,2.5,-1.88,,,,
55.78,ROTATION_SCAN,1.7352,-0.159,0.202,,,,96.45,1.82,5.15,0.0,0.0547,-0.1681,-0.0027,,,0.421,0.363,,2.5,-1.88,,,,
55.827,ROTATION_SCAN,1.7389,-0.1702,0.198,,,,96.52,1.62,4.41,0.0,0.0751,-0.2152,0.0055,,,0.421,0.363,,2.5,-1.88,,,,
55.869,ROTATION_SCAN,1.742,-0.1798,0.202,,,,96.6,1.34,3.56,0.0,0.0874,-0.2431,-0.0024,,1.006,0.462,0.358,,2.5,-1.88,,,,
55.919,ROTATION_SCAN,1.7463,-0.1926,0.203,,,,96.57,1.04,2.78,0.0,0.0987,-0.2707,0.0109,,1.006,0.462,0.358,,2.5,-1.88,,,,
55.97,ROTATION_SCAN,1.7509,-0.2055,0.206,,,,96.41,0.96,2.13,0.0,0.1069,-0.2876,0.0143,,,0.559,0.35,,2.5,-1.88,,,,
56.019,ROTATION_SCAN,1.7557,-0.2188,0.205,,,,96.15,0.98,1.38,0.0,0.1139,-0.2974,0.0171,,,0.559,0.35,,2.5,-1.88,,,,
56.108,ROTATION_SCAN,1.7624,-0.2356,0.204,,,,95.91,0.86,0.85,0.0,0.1256,-0.3117,0.0124,,,0.865,0.344,,2.5,-1.88,,,,
56.122,ROTATION_SCAN,1.7676,-0.249,0.201,,,,95.74,0.7,0.31,0.0,0.1286,-0.3096,0.0033,,,0.865,0.344,,2.5,-1.88,,,,
56.169,ROTATION_SCAN,1.7726,-0.263,0.2,,,,95.48,0.46,-0.03,0.0,0.1285,-0.306,-0.0066,,0.958,0.971,0.347,,2.5,-1.88,,,,
56.22,ROTATION_SCAN,1.7785,-0.2766,0.201,,,,95.22,0.35,-0.2,0.0,0.1303,-0.2995,-0.0098,,0.958,0.971,0.347,,2.5,-1.88,,,,
56.27,ROTATION_SCAN,1.7835,-0.2907,0.205,,,,94.94,0.39,-0.49,0.0,0.1275,-0.2926,-0.0083,,,0.995,0.329,,2.5,-1.88,,,,
56.318,ROTATION_SCAN,1.7908,-0.306,0.203,,,,94.75,0.26,-0.4,0.0,0.1324,-0.2911,0.0024,,,0.995,0.329,,2.5,-1.88,,,,
56.375,ROTATION_SCAN,1.7964,-0.3187,0.204,,,,94.5,0.27,-0.49,0.0,0.1313,-0.2814,-0.0032,,,1.006,0.305,,2.5,-1.88,,,,
56.443,ROTATION_SCAN,1.8012,-0.3316,0.202,,,,94.2,0.07,-0.29,0.0,0.1265,-0.2729,-0.0044,,,1.006,0.305,,2.5,-1.88,,,,
56.475,ROTATION_SCAN,1.8081,-0.343,0.2,,,,93.91,0.13,-0.29,0.0,0.1288,-0.2635,-0.01,,,1.021,0.299,,2.5,-1.88,,,,
56.519,ROTATION_SCAN,1.8131,-0.3553,0.204,,,,93.69,0.02,-0.2,0.0,0.1251,-0.258,-0.0167,,,1.021,0.299,,2.5,-1.88,,,,
56.568,ROTATION_SCAN,1.8183,-0.3676,0.198,,,,93.45,-0.19,-0.14,0.0,0.121,-0.2544,-0.0029,,,1.03,0.294,,2.5,-1.88,,,,
56.619,ROTATION_SCAN,1.8245,-0.3811,0.203,,,,93.31,-0.19,0.03,0.0,0.1199,-0.2564,-0.0188,,,1.03,0.294,,2.5,-1.88,,,,
56.668,ROTATION_SCAN,1.8285,-0.3939,0.198,,,,93.24,-0.15,0.18,0.0,0.1131,-0.2564,-0.0086,,,1.041,0.279,,2.5,-1.88,,,,
56.77,ROTATION_SCAN,1.8326,-0.4047,0.199,,,,92.96,-0.1,0.32,0.0,0.107,-0.2513,-0.0168,,,1.041,0.279,,2.5,-1.88,,,,
56.778,ROTATION_SCAN,1.8372,-0.4177,0.2,,,,92.67,0.01,0.47,0.0,0.105,-0.2557,-0.0141,,,1.052,0.278,,2.5,-1.88,,,,
56.821,ROTATION_SCAN,1.8411,-0.4295,0.203,,,,92.36,0.1,0.39,0.0,0.1013,-0.2557,-0.0039,,,1.052,0.278,,2.5,-1.88,,,,
56.868,ROTATION_SCAN,1.847,-0.4438,0.2,,,,92.07,0.09,0.46,0.0,0.1052,-0.2637,0.0037,,,1.057,0.282,,2.5,-1.88,,,,
56.918,ROTATION_SCAN,1.8501,-0.4553,0.2,,,,91.86,0.13,0.5,0.0,0.0994,-0.2617,-0.0034,,,1.057,0.282,,2.5,-1.88,,,,
56.969,ROTATION_SCAN,1.8545,-0.4681,0.198,,,,91.72,0.11,0.62,-0.0,0.0991,-0.2653,-0.0058,,,1.064,0.252,,2.5,-1.88,,,,
57.028,ROTATION_SCAN,1.8574,-0.4815,0.202,,,,91.61,-0.58,-1.26,-0.0,0.0916,-0.2652,-0.0076,,,1.064,0.252,,2.5,-1.88,,,,
57.095,ROTATION_SCAN,1.8608,-0.4941,0.2,,,,91.66,-1.0,-2.84,-0.0,0.0819,-0.2469,0.0011,,,1.06,0.24,,2.5,-1.88,,,,
57.12,ROTATION_SCAN,1.8634,-0.5054,0.201,,,,91.83,-1.52,-3.68,-0.0,0.067,-0.2177,-0.0047,,,1.06,0.24,,2.5,-1.88,,,,
57.169,ROTATION_SCAN,1.8632,-0.5164,0.202,,,,91.94,-1.36,-4.28,-0.0,0.0453,-0.185,-0.001,,,1.049,0.237,,2.5,-1.88,,,,
57.219,ROTATION_SCAN,1.8638,-0.5237,0.199,,,,92.18,-1.09,-4.32,-0.0,0.0295,-0.1443,0.0016,,,1.049,0.237,,1.8001,-0.3879,,,,
57.269,ROTATION_SCAN,1.8632,-0.5297,0.197,,,,92.5,-0.91,-4.14,0.0,0.0154,-0.1066,-0.0107,,1.983,1.021,0.241,,1.8001,-0.3879,,,,
57.318,ROTATION_SCAN,1.8632,-0.5338,0.194,,,,92.8,-1.14,-3.69,0.0,0.0044,-0.0709,-0.0116,,1.983,1.021,0.241,,1.8001,-0.3879,,,,
57.416,ROTATION_SCAN,1.8639,-0.5348,0.199,,,,93.11,-1.53,-2.95,0.0,-0.0077,-0.0378,-0.0155,,2.036,0.972,0.24,,1.8001,-0.3879,,,,
57.423,ROTATION_SCAN,1.8634,-0.5324,0.198,,,,93.38,-1.66,-2.02,0.0,-0.0239,-0.0052,0.0038,,2.036,0.972,0.24,,1.8001,-0.3879,,,,
57.473,ROTATION_SCAN,1.8583,-0.533,0.196,,,,93.51,-1.52,-1.28,0.0,-0.0464,0.0089,0.0035,,,0.927,0.244,,1.8001,-0.3879,,,,
57.519,ROTATION_SCAN,1.8557,-0.5309,0.198,,,,93.72,-1.3,-0.9,0.0,-0.0597,0.0221,-0.001,,,0.927,0.244,,1.8001,-0.3879,,,,
57.57,ROTATION_SCAN,1.8518,-0.5283,0.198,,,,93.94,-1.31,-0.25,0.0,-0.0738,0.0309,0.0105,,2.051,0.915,0.252,,1.8001,-0.3879,,,,
57.619,ROTATION_SCAN,1.8462,-0.5269,0.196,,,,94.1,-0.93,0.24,0.0,-0.0874,0.0312,0.0077,,2.051,0.915,0.252,,1.8001,-0.3879,,,,
57.68,ROTATION_SCAN,1.8418,-0.5255,0.196,,,,94.19,-0.65,0.7,0.0,-0.094,0.0263,0.0057,,2.007,0.902,0.257,,1.8001,-0.3879,,,,
57.756,ROTATION_SCAN,1.8375,-0.5237,0.199,,,,94.38,-0.27,0.93,0.0,-0.0968,0.0207,0.0027,,2.007,0.902,0.257,,1.8001,-0.3879,,,,
57.769,ROTATION_SCAN,1.8333,-0.5235,0.196,,,,94.52,0.1,0.88,0.0,-0.095,0.0109,0.0034,,1.997,0.888,0.265,,1.8001,-0.3879,,,,
57.818,ROTATION_SCAN,1.8266,-0.5233,0.198,,,,94.57,0.32,0.81,0.0,-0.0985,0.0037,-0.0046,,1.997,0.888,0.265,,1.8001,-0.3879,,,,
57.869,ROTATION_SCAN,1.823,-0.5236,0.203,,,,94.52,0.68,0.81,0.0,-0.0903,-0.0039,-0.0046,,1.879,0.882,0.274,,1.8001,-0.3879,,,,
57.918,ROTATION_SCAN,1.8195,-0.5248,0.203,,,,94.31,0.68,0.68,-0.0,-0.0807,-0.0121,0.0061,,1.879,0.882,0.274,,1.8001,-0.3879,,,,
58.02,ROTATION_SCAN,1.816,-0.5264,0.199,,,,94.01,1.3,0.69,-0.0,-0.0719,-0.02,0.0098,,,0.897,0.279,,,,,,,
58.106,ROTATION_SCAN,1.8131,-0.5273,0.201,,,,93.66,1.62,0.27,-0.0,-0.0577,-0.0231,-0.0032,,,0.897,0.279,,1.96,-0.6,,,,
58.149,ROTATION_SCAN,1.8107,-0.5291,0.198,,,,93.26,1.67,0.05,-0.0,-0.0433,-0.0261,0.0028,,,0.928,0.282,,1.96,-0.6,,,,
58.154,ROTATION_SCAN,1.809,-0.531,0.201,,,,92.81,1.56,0.01,-0.0,-0.0291,-0.0276,-0.0037,,,0.928,0.282,,1.96,-0.6,,,,
58.168,ROTATION_SCAN,1.8084,-0.5331,0.201,,,,92.44,1.37,-0.07,-0.0,-0.0152,-0.0291,0.0047,,,0.951,0.283,,1.96,-0.6,,,,
58.218,ROTATION_SCAN,1.8097,-0.534,0.2,,,,92.0,1.09,-0.11,-0.0,0.0024,-0.0254,0.0075,,,0.951,0.283,,1.96,-0.6,,,,
58.269,ROTATION_SCAN,1.8111,-0.5367,0.198,,,,91.69,0.93,0.03,-0.0,0.0135,-0.0296,0.0051,,0.667,0.974,0.282,,1.96,-0.6,,,,
58.319,ROTATION_SCAN,1.8126,-0.5382,0.201,,,,91.45,0.53,-0.12,-0.0,0.0227,-0.0288,0.0027,,0.667,0.974,0.282,,1.96,-0.6,,,,
58.369,ROTATION_SCAN,1.8149,-0.5403,0.204,,,,91.43,0.11,-0.08,-0.0,0.0286,-0.0302,0.0094,,0.652,0.982,0.282,,1.96,-0.6,,,,
58.428,ROTATION_SCAN,1.817,-0.5416,0.205,,,,91.61,-0.13,-0.14,-0.0,0.0309,-0.0286,0.015,,0.652,0.982,0.282,,1.7044,-0.6407,,,,
58.482,ROTATION_SCAN,1.8179,-0.5434,0.206,,,,91.84,-0.23,-0.16,0.0,0.0273,-0.0286,0.0115,,0.66,0.965,0.277,,1.7044,-0.6407,,,,
58.533,ROTATION_SCAN,1.819,-0.5443,0.205,,,,92.15,-0.8,0.12,0.0,0.0234,-0.0269,0.0101,,0.66,0.965,0.277,,1.7044,-0.6407,,,,
58.578,ROTATION_SCAN,1.8198,-0.5449,0.203,,,,92.48,-1.28,0.47,0.0,0.0149,-0.0273,0.0026,,,0.928,0.28,,1.7044,-0.6407,,,,
58.618,ROTATION_SCAN,1.82,-0.5457,0.203,,,,92.84,-1.61,0.68,0.0,0.0024,-0.0303,-0.0061,,,0.928,0.28,,1.7044,-0.6407,,,,
58.668,ROTATION_SCAN,1.8192,-0.5481,0.209,,,,93.25,-1.62,0.8,0.0,-0.0133,-0.0397,-0.0054,,,0.852,0.278,,1.7044,-0.6407,,,,
58.718,ROTATION_SCAN,1.8169,-0.5493,0.207,,,,93.61,-1.44,0.66,0.0,-0.0304,-0.0446,0.0071,,,0.852,0.278,,1.7044,-0.6407,,,,
58.83,ROTATION_SCAN,1.8125,-0.5535,0.204,,,,93.85,-1.35,0.86,0.0,-0.0498,-0.0569,0.0006,,,0.724,0.285,,1.7044,-0.6407,,,,
58.837,ROTATION_SCAN,1.8082,-0.5578,0.203,,,,93.91,-1.13,0.81,0.0,-0.0646,-0.0686,-0.0111,,,0.724,0.285,,1.7044,-0.6407,,,,
58.879,ROTATION_SCAN,1.8043,-0.5601,0.201,,,,93.87,-0.79,0.74,0.0,-0.0747,-0.0727,-0.0121,,,0.668,0.293,,1.7044,-0.6407,,,,
58.932,ROTATION_SCAN,1.8001,-0.5629,0.2,,,,93.7,-0.63,0.56,0.0,-0.0817,-0.0764,-0.013,,,0.668,0.293,,1.7044,-0.6407,,,,
58.968,ROTATION_SCAN,1.795,-0.5661,0.202,,,,93.52,-0.41,0.37,0.0,-0.0892,-0.0792,-0.0114,,0.647,0.635,0.299,,1.7044,-0.6407,,,,
59.018,ROTATION_SCAN,1.7901,-0.5688,0.202,,,,93.45,-0.18,0.15,0.0,-0.0932,-0.0783,-0.0019,,0.647,0.635,0.299,,1.7044,-0.6407,,,,
59.068,ROTATION_SCAN,1.7839,-0.5728,0.204,,,,93.53,0.06,0.02,0.0,-0.0988,-0.0798,-0.0044,,0.604,0.603,0.311,,1.7044,-0.6407,,,,
59.156,ROTATION_SCAN,1.7785,-0.5769,0.201,,,,93.66,0.21,-0.04,0.0,-0.0995,-0.0797,-0.0003,,0.604,0.603,0.311,,1.7044,-0.6407,,,,
59.17,ROTATION_SCAN,1.7734,-0.58,0.202,,,,93.82,0.37,-0.04,0.0,-0.0977,-0.077,-0.0063,,0.581,0.562,0.327,,1.7044,-0.6407,,,,
59.218,ROTATION_SCAN,1.768,-0.5822,0.202,,,,94.05,0.42,0.05,0.0,-0.0965,-0.0722,-0.004,,0.581,0.562,0.327,,1.7044,-0.6407,,,,
59.268,ROTATION_SCAN,1.7639,-0.5857,0.2,,,,94.19,0.63,-0.05,0.0,-0.0903,-0.0712,-0.0045,,0.569,0.52,0.333,,1.7044,-0.6407,,,,
59.318,ROTATION_SCAN,1.7583,-0.5886,0.198,,,,94.34,0.75,-0.05,0.0,-0.0883,-0.0686,-0.0121,,0.569,0.52,0.333,,1.7044,-0.6407,,,,
59.368,ROTATION_SCAN,1.7538,-0.5915,0.202,,,,94.5,0.73,0.09,0.0,-0.0826,-0.0665,-0.0166,,0.558,0.488,0.345,,1.7044,-0.6407,,,,
59.424,ROTATION_SCAN,1.7499,-0.5941,0.203,,,,94.55,0.66,-0.06,0.0,-0.0763,-0.0642,-0.0053,,0.558,0.488,0.345,,1.7044,-0.6407,,,,
59.518,ROTATION_SCAN,1.7458,-0.5969,0.202,,,,94.53,0.73,-0.16,0.0,-0.0719,-0.0612,-0.0001,,0.547,0.469,0.347,,1.7044,-0.6407,,,,
59.524,ROTATION_SCAN,1.7421,-0.6007,0.202,,,,94.47,0.35,-0.03,0.0,-0.0677,-0.0621,-0.0018,,0.547,0.469,0.347,,1.7044,-0.6407,,,,
59.58,ROTATION_SCAN,1.7379,-0.603,0.197,,,,94.43,0.28,0.06,0.0,-0.0677,-0.0596,0.0002,,0.536,0.455,0.353,,1.7044,-0.6407,,,,
59.618,ROTATION_SCAN,1.7341,-0.6065,0.2,,,,94.41,0.26,0.09,0.0,-0.0671,-0.0616,-0.0106,,0.536,0.455,0.353,,1.7044,-0.6407,,,,
59.668,ROTATION_SCAN,1.7305,-0.6088,0.199,,,,94.46,0.16,0.19,0.0,-0.0657,-0.0601,-0.005,,0.527,0.446,0.363,,1.7044,-0.6407,,,,
59.718,ROTATION_SCAN,1.7275,-0.6114,0.198,,,,94.62,0.32,0.23,0.0,-0.0628,-0.0603,-0.0038,,0.527,0.446,0.363,,1.7044,-0.6407,,,,
59.78,ROTATION_SCAN,1.7243,-0.6139,0.203,,,,94.82,0.26,0.26,0.0,-0.0605,-0.0601,-0.0075,,0.525,0.425,0.371,,1.7044,-0.6407,,,,
59.895,ROTATION_SCAN,1.7212,-0.6163,0.202,,,,95.01,0.1,0.48,0.0,-0.0587,-0.0606,0.009,,0.525,0.425,0.371,,,,,,,
60.021,ROTATION_SCAN,1.7173,-0.6186,0.201,,,,95.16,-0.05,0.65,0.0,-0.0607,-0.0625,0.007,,0.521,0.422,0.372,,2.1,-1.28,,,,
60.032,ROTATION_SCAN,1.7148,-0.6206,0.199,,,,95.35,0.02,0.67,-0.0,-0.0589,-0.0643,0.0021,,0.521,0.422,0.372,,2.1,-1.28,,,,
60.037,ROTATION_SCAN,1.7109,-0.6235,0.201,,,,95.56,0.19,0.53,-0.0,-0.061,-0.0688,-0.0037,,0.515,0.408,0.379,,2.1,-1.28,,,,
60.047,ROTATION_SCAN,1.7079,-0.6267,0.201,,,,95.72,0.68,-0.09,-0.0,-0.0572,-0.0698,0.0004,,0.515,0.408,0.379,,2.1,-1.28,,,,
60.076,ROTATION_SCAN,1.7049,-0.6283,0.199,,,,95.91,0.87,-0.38,-0.0,-0.0516,-0.0612,-0.0016,,0.508,0.398,0.387,,2.1,-1.28,,,,
60.118,ROTATION_SCAN,1.7028,-0.6314,0.2,,,,96.11,1.16,-0.15,0.0,-0.0432,-0.0573,-0.006,,0.508,0.398,0.387,,2.1,-1.28,,,,
60.169,ROTATION_SCAN,1.6985,-0.6317,0.202,,,,96.19,2.15,1.71,0.0,-0.0355,-0.0529,-0.004,,0.51,0.389,0.39,,2.1,-1.28,,,,
60.23,ROTATION_SCAN,1.6966,-0.6332,0.2,,,,96.15,2.66,2.9,0.0,-0.0146,-0.0646,0.0012,,0.51,0.389,0.39,,2.1,-1.28,,,,
60.275,ROTATION_SCAN,1.6957,-0.6355,0.203,,,,96.01,3.01,3.59,0.0,0.0105,-0.084,-0.0077,,0.504,0.386,0.397,,2.1,-1.28,,,,
60.318,ROTATION_SCAN,1.6963,-0.6399,0.2,,,,95.83,3.16,3.93,0.0,0.0379,-0.1113,-0.0058,,0.504,0.386,0.397,,2.1,-1.28,,,,
60.367,ROTATION_SCAN,1.6985,-0.6457,0.2,,,,95.57,3.16,3.8,0.0,0.0668,-0.1395,-0.0115,,0.499,0.39,0.398,,2.1,-1.28,,,,
60.418,ROTATION_SCAN,1.7033,-0.6539,0.199,,,,95.37,2.76,3.61,0.0,0.0981,-0.1706,-0.0108,,0.499,0.39,0.398,,2.1,-1.28,,,,
60.467,ROTATION_SCAN,1.7082,-0.6626,0.203,,,,95.16,2.26,3.17,0.0,0.1211,-0.1965,-0.0087,,0.484,0.393,0.415,,2.1,-1.28,,,,
60.58,ROTATION_SCAN,1.7147,-0.6723,0.197,,,,94.92,1.7,2.71,0.0,0.1423,-0.2174,0.0049,,0.484,0.393,0.415,,2.1,-1.28,,,,
60.589,ROTATION_SCAN,1.7206,-0.6826,0.197,,,,94.88,1.11,2.18,0.0,0.1506,-0.235,-0.0065,,0.467,0.402,0.464,,2.1,-1.28,,,,
60.618,ROTATION_SCAN,1.7274,-0.6931,0.2,,,,94.87,0.74,1.7,0.0,0.159,-0.2451,-0.0058,,0.467,0.402,0.464,,2.1,-1.28,,,,
60.67,ROTATION_SCAN,1.7352,-0.7057,0.201,,,,94.93,0.37,1.37,0.0,0.1631,-0.2585,0.0025,,0.449,0.414,0.853,,2.1,-1.28,,,,
60.718,ROTATION_SCAN,1.7415,-0.7166,0.2,,,,94.98,0.27,0.99,0.0,0.1605,-0.2619,0.0057,,0.449,0.414,0.853,,2.1,-1.28,,,,
60.768,ROTATION_SCAN,1.7475,-0.7281,0.199,,,,95.15,0.21,0.68,0.0,0.1554,-0.2642,0.0021,,0.437,0.429,0.913,,2.1,-1.28,,,,
60.818,ROTATION_SCAN,1.7535,-0.7392,0.196,,,,95.35,0.24,0.4,0.0,0.1515,-0.2621,-0.0017,,0.437,0.429,0.913,,2.1,-1.28,,,,
60.911,ROTATION_SCAN,1.7595,-0.7504,0.199,,,,95.48,0.34,0.23,0.0,0.1489,-0.2586,-0.0094,,0.427,0.445,0.91,,2.1,-1.28,,,,
60.944,ROTATION_SCAN,1.7654,-0.7615,0.197,,,,95.59,0.44,0.12,0.0,0.1466,-0.254,0.0015,,0.427,0.445,0.91,,2.1,-1.28,,,,
60.967,ROTATION_SCAN,1.7715,-0.7733,0.198,,,,95.64,0.42,0.1,0.0,0.1461,-0.2516,-0.0025,,0.425,0.467,0.899,,2.1,-1.28,,,,
61.019,ROTATION_SCAN,1.7773,-0.7842,0.2,,,,95.69,0.53,0.17,0.0,0.145,-0.2473,0.0007,,0.425,0.467,0.899,,2.1,-1.28,,,,
61.068,ROTATION_SCAN,1.7829,-0.7942,0.201,,,,95.65,0.52,0.38,0.0,0.1445,-0.2414,0.0049,,0.532,0.505,0.886,,2.1,-1.28,,,,
61.118,ROTATION_SCAN,1.7888,-0.8052,0.199,,,,95.56,0.56,0.54,0.0,0.145,-0.241,0.0055,,0.532,0.505,0.886,,2.1,-1.28,,,,
61.168,ROTATION_SCAN,1.7946,-0.8158,0.199,,,,95.49,0.58,0.6,0.0,0.1449,-0.2403,-0.0004,,1.664,0.579,0.877,,2.1,-1.28,,,,
61.27,ROTATION_SCAN,1.8018,-0.8276,0.198,,,,95.49,0.52,0.72,0.0,0.1497,-0.2444,-0.0013,,1.664,0.579,0.877,,2.1,-1.28,,,,
61.278,ROTATION_SCAN,1.8078,-0.8387,0.197,,,,95.41,0.5,0.55,0.0,0.1497,-0.2455,-0.0037,,1.793,,0.864,,2.1,-1.28,,,,
61.321,ROTATION_SCAN,1.8141,-0.8505,0.202,,,,95.32,0.59,0.53,0.0,0.1507,-0.248,-0.0059,,1.793,,0.864,,2.1,-1.28,,,,
61.367,ROTATION_SCAN,1.8208,-0.8623,0.201,,,,95.21,0.61,0.48,0.0,0.1528,-0.2488,0.007,,1.797,,0.853,,2.1,-1.28,,,,
61.418,ROTATION_SCAN,1.8271,-0.8732,0.199,,,,95.04,0.54,0.36,0.0,0.153,-0.2467,0.0054,,1.797,,0.853,,2.1,-1.28,,,,
61.468,ROTATION_SCAN,1.8337,-0.8862,0.203,,,,94.93,0.47,0.42,0.0,0.1546,-0.251,-0.003,,1.799,,0.842,,2.1,-1.28,,,,
61.517,ROTATION_SCAN,1.8401,-0.8977,0.201,,,,94.84,0.29,0.39,0.0,0.1535,-0.2503,0.0096,,1.799,,0.842,,2.1,-1.28,,,,
61.597,ROTATION_SCAN,1.8471,-0.9096,0.2,,,,94.7,0.4,0.28,0.0,0.1538,-0.2501,-0.0002,,1.805,,0.829,,2.1,-1.28,,,,
61.621,ROTATION_SCAN,1.8536,-0.9214,0.2,,,,94.66,0.41,0.32,0.0,0.1536,-0.2495,-0.0071,,1.805,,0.829,,2.1,-1.28,,,,
61.667,ROTATION_SCAN,1.8601,-0.9338,0.2,,,,94.67,0.44,0.27,0.0,0.1533,-0.2506,-0.0058,,1.767,,0.816,,2.1,-1.28,,,,
61.718,ROTATION_SCAN,1.866,-0.945,0.201,,,,94.67,0.45,0.15,0.0,0.1515,-0.2473,-0.0044,,1.767,,0.816,,2.1,-1.28,,,,
61.767,ROTATION_SCAN,1.8735,-0.9593,0.2,,,,94.71,0.49,0.24,0.0,0.1553,-0.2543,-0.0044,,1.747,,0.801,,2.1,-1.28,,,,
61.818,ROTATION_SCAN,1.88,-0.9721,0.2,,,,94.77,0.53,0.21,0.0,0.1556,-0.2556,-0.0052,,1.747,,0.801,,2.1,-1.28,,,,
61.868,ROTATION_SCAN,1.8861,-0.9852,0.196,,,,94.81,0.72,0.07,0.0,0.156,-0.2569,-0.0056,,1.708,,0.788,,2.1,-1.28,,,,
61.934,ROTATION_SCAN,1.8948,-0.9977,0.196,,,,94.93,0.63,0.03,0.0,0.164,-0.2562,-0.0125,,1.708,,0.788,,2.1,-1.28,,,,
61.973,ROTATION_SCAN,1.9001,-1.0111,0.198,,,,94.99,0.75,-0.05,0.0,0.1616,-0.2565,-0.0095,,1.686,,0.776,,2.1,-1.28,,,,
62.018,ROTATION_SCAN,1.9084,-1.0263,0.197,,,,95.01,0.79,-0.06,0.0,0.1689,-0.2627,0.001,,1.686,,0.776,,2.1,-1.28,,,,
62.067,ROTATION_SCAN,1.9157,-1.0393,0.199,,,,95.07,0.83,-0.04,0.0,0.1722,-0.2614,-0.0028,,1.643,,0.759,,2.1,-1.28,,,,
62.118,ROTATION_SCAN,1.9234,-1.0514,0.196,,,,95.15,0.81,-0.01,0.0,0.1761,-0.2568,0.0002,,1.643,,0.759,,2.1,-1.28,,,,
62.167,ROTATION_SCAN,1.9327,-1.0645,0.194,,,,95.23,0.58,0.05,0.0,0.1829,-0.2577,-0.0056,,1.616,,0.745,,2.1,-1.28,,,,
62.261,ROTATION_SCAN,1.9425,-1.0767,0.195,,,,95.33,0.59,-0.02,0.0,0.1895,-0.2553,-0.0109,,1.616,,0.745,,2.1,-1.28,,,,
62.272,ROTATION_SCAN,1.9532,-1.0908,0.193,,,,95.37,0.45,-0.08,0.0,0.1971,-0.259,-0.0075,,1.575,,0.725,,2.1,-1.28,,,,
62.319,ROTATION_SCAN,1.9637,-1.1032,0.197,,,,95.45,0.42,-0.14,0.0,0.2021,-0.2566,-0.0078,,1.575,,0.725,,2.1,-1.28,,,,
62.368,ROTATION_SCAN,1.973,-1.115,0.2,,,,95.57,0.3,-0.29,0.0,0.2028,-0.251,0.0025,,1.544,,0.714,,2.1,-1.28,,,,
62.418,ROTATION_SCAN,1.9837,-1.1276,0.197,,,,95.72,0.23,-0.28,0.0,0.2062,-0.2488,0.0129,,1.544,,0.714,,2.1,-1.28,,,,
62.468,ROTATION_SCAN,1.9932,-1.1394,0.202,,,,95.81,0.14,-0.32,0.0,0.205,-0.2438,0.003,,1.508,0.242,0.698,,2.1,-1.28,,,,
62.527,ROTATION_SCAN,2.0043,-1.1511,0.199,,,,95.84,0.04,-0.22,0.0,0.2074,-0.2401,0.0123,,1.508,0.242,0.698,,2.1,-1.28,,,,
62.589,ROTATION_SCAN,2.0159,-1.1638,0.199,,,,95.78,-0.07,-0.13,0.0,0.2111,-0.2415,0.0038,,1.463,0.218,0.693,,2.1,-1.28,,,,
62.629,ROTATION_SCAN,2.0259,-1.1756,0.203,,,,95.68,-0.61,-1.69,0.0,0.2072,-0.2358,-0.0001,,1.463,0.218,0.693,,2.1,-1.28,,,,
62.676,ROTATION_SCAN,2.0366,-1.1863,0.2,,,,95.51,-1.14,-2.87,0.0,0.1993,-0.2156,0.0093,,1.442,0.233,0.689,,2.1,-1.28,,,,
62.717,ROTATION_SCAN,2.0461,-1.1959,0.198,,,,95.33,-1.37,-3.66,0.0,0.1857,-0.1882,-0.0032,,1.442,0.233,0.689,,2.1,-1.28,,,,
62.767,ROTATION_SCAN,2.0537,-1.2041,0.202,,,,95.21,-1.61,-3.95,0.0,0.1669,-0.1549,-0.0095,,1.418,0.255,,,2.1,-1.28,,,,
62.817,ROTATION_SCAN,2.063,-1.2114,0.2,,,,95.12,-1.65,-3.95,0.0,0.1529,-0.1235,0.0037,,1.418,0.255,,,2.1,-1.28,,,,
62.909,ROTATION_SCAN,2.0708,-1.2155,0.196,,,,94.95,-1.57,-3.55,0.0,0.137,-0.0896,-0.0038,,1.386,0.274,,,2.1,-1.28,,,,
62.946,ROTATION_SCAN,2.0774,-1.2182,0.196,,,,94.87,-1.42,-3.05,0.0,0.1207,-0.0593,-0.014,,1.386,0.274,,,2.1,-1.28,,,,
62.971,ROTATION_SCAN,2.0826,-1.2204,0.197,,,,94.76,-1.22,-2.52,0.0,0.106,-0.0347,-0.0098,,1.368,0.29,,,2.1,-1.28,,,,
63.016,ROTATION_SCAN,2.0882,-1.2212,0.196,,,,94.7,-1.15,-1.97,0.0,0.0946,-0.015,-0.003,,1.368,0.29,,,2.1,-1.28,,,,
63.067,ROTATION_SCAN,2.0927,-1.2216,0.198,,,,94.61,-0.79,-1.48,0.0,0.085,-0.0009,-0.0064,,1.349,0.299,,,2.1,-1.28,,,,
63.117,ROTATION_SCAN,2.098,-1.2214,0.197,,,,94.57,-0.53,-0.85,0.0,0.0813,0.0082,-0.0004,,1.349,0.299,,,2.1,-1.28,,,,
63.168,ROTATION_SCAN,2.1014,-1.2219,0.195,,,,94.41,-0.29,-0.48,-0.0,0.0763,0.0114,-0.0012,,1.332,0.308,,,2.1,-1.28,,,,
63.293,ROTATION_SCAN,2.1056,-1.222,0.197,,,,94.31,-0.1,-0.26,-0.0,0.0763,0.0124,-0.0052,,1.332,0.308,,,2.0474,-1.0837,,,,
63.309,ROTATION_SCAN,2.1106,-1.2222,0.196,,,,94.24,-0.66,0.03,-0.0,0.0773,0.0105,0.0022,0.58,1.326,0.314,,,2.0474,-1.0837,,,,
63.316,ROTATION_SCAN,2.1146,-1.2223,0.192,,,,94.18,-1.0,0.12,0.0,0.0716,0.0072,0.0002,0.58,1.326,0.314,,,2.0474,-1.0837,,,,
63.367,ROTATION_SCAN,2.1196,-1.2233,0.197,,,,94.12,-1.36,-0.45,0.0,0.0673,0.0038,-0.0081,0.573,1.315,0.326,,,2.0474,-1.0837,,,,
63.417,ROTATION_SCAN,2.1249,-1.224,0.199,,,,94.06,-1.72,-0.75,-0.0,0.0615,0.0047,0.0089,0.573,1.315,0.326,,,2.0474,-1.0837,,,,
63.467,ROTATION_SCAN,2.1277,-1.2247,0.198,,,,94.04,-1.48,-0.51,-0.0,0.048,0.0069,0.0153,0.57,1.3,0.331,,,2.0474,-1.0837,,,,
63.517,ROTATION_SCAN,2.1302,-1.224,0.196,,,,94.01,-1.29,-0.28,-0.0,0.0371,0.0105,0.006,0.57,1.3,0.331,,,2.0474,-1.0837,,,,
63.567,ROTATION_SCAN,2.1321,-1.2238,0.198,,,,94.02,-1.16,-0.02,-0.0,0.0275,0.0102,0.003,0.571,1.295,0.333,,,2.0474,-1.0837,,,,
63.625,ROTATION_SCAN,2.1332,-1.2233,0.198,,,,94.08,-0.82,0.14,-0.0,0.0189,0.009,0.0071,0.571,1.295,0.333,,,2.0474,-1.0837,,,,
63.744,ROTATION_SCAN,2.1342,-1.2241,0.199,,,,94.13,-0.71,0.26,-0.0,0.0138,0.0038,0.0059,0.571,1.281,0.339,,,,,,,,
63.776,ROTATION_SCAN,2.1351,-1.2259,0.199,,,,94.23,-0.5,0.32,-0.0,0.011,-0.0041,0.0074,0.571,1.281,0.339,,,2.5,-0.98,,,,
63.797,ROTATION_SCAN,2.1348,-1.2289,0.197,,,,94.27,-0.38,0.28,-0.0,0.0063,-0.0139,0.0059,0.574,1.275,0.339,,,2.5,-0.98,,,,
63.822,ROTATION_SCAN,2.1356,-1.2298,0.198,,,,94.26,-0.3,0.29,-0.0,0.0056,-0.0167,-0.0026,0.574,1.275,0.339,,,2.5,-0.98,,,,
63.867,ROTATION_SCAN,2.136,-1.2329,0.198,,,,94.24,0.4,-0.07,0.0,0.0056,-0.024,0.0076,0.577,1.263,0.343,,,2.5,-0.98,,,,
63.959,ROTATION_SCAN,2.1355,-1.2358,0.203,,,,94.35,2.37,-1.43,0.0,0.0125,-0.0233,0.0078,0.577,1.263,0.343,,,2.5,-0.98,,,,
63.976,ROTATION_SCAN,2.1372,-1.2366,0.202,,,,94.48,3.5,-2.24,0.0,0.0371,-0.006,0.0101,0.578,1.272,0.342,,,2.5,-0.98,,,,
64.021,ROTATION_SCAN,2.1407,-1.2373,0.201,,,,94.61,4.14,-2.73,0.0,0.0694,0.0137,0.0057,0.578,1.272,0.342,,,2.5,-0.98,,,,
64.066,ROTATION_SCAN,2.147,-1.2363,0.2,,,,94.69,4.34,-2.85,0.0,0.1084,0.0388,-0.0024,0.574,1.251,0.351,,,2.5,-0.98,,,,
64.117,ROTATION_SCAN,2.1543,-1.2339,0.202,,,,94.77,4.2,-2.84,0.0,0.1453,0.0653,-0.0034,0.574,1.251,0.351,,,2.5,-0.98,,,,
64.166,ROTATION_SCAN,2.1645,-1.23,0.202,,,,94.83,3.77,-2.52,0.0,0.182,0.0898,-0.0009,0.566,1.214,0.367,,,2.5,-0.98,,,,
64.217,ROTATION_SCAN,2.1774,-1.2235,0.2,,,,94.81,3.21,-2.22,0.0,0.2193,0.1171,-0.0012,0.566,1.214,0.367,,,2.5,-0.98,,,,
64.301,ROTATION_SCAN,2.1903,-1.2174,0.201,,,,94.89,2.63,-2.03,0.0,0.2453,0.1356,-0.0071,0.554,1.169,0.383,,,2.5,-0.98,,,,
64.317,ROTATION_SCAN,2.2039,-1.2102,0.203,,,,94.92,1.84,-1.72,0.0,0.2651,0.1526,-0.004,0.554,1.169,0.383,,,2.5,-0.98,,,,
64.378,ROTATION_SCAN,2.2168,-1.2025,0.201,,,,94.99,0.95,-1.37,0.0,0.2741,0.1657,0.0028,0.539,1.135,0.407,,,2.5,-0.98,,,,
64.417,ROTATION_SCAN,2.2307,-1.1943,0.2,,,,95.02,0.36,-1.05,0.0,0.278,0.175,-0.0056,0.539,1.135,0.407,,,2.5,-0.98,,,,
64.467,ROTATION_SCAN,2.2442,-1.1847,0.201,,,,94.99,-0.13,-0.93,0.0,0.279,0.1864,-0.0074,0.527,1.106,0.432,,,2.5,-0.98,,,,
64.517,ROTATION_SCAN,2.258,-1.1762,0.199,,,,95.08,-0.42,-0.64,0.0,0.2744,0.1894,-0.0013,0.527,1.106,0.432,,,2.5,-0.98,,,,
64.568,ROTATION_SCAN,2.2704,-1.1677,0.201,,,,95.18,-0.66,-0.45,0.0,0.2653,0.19,-0.0076,0.508,1.093,0.458,,,2.5,-0.98,,,,
64.641,ROTATION_SCAN,2.2827,-1.1592,0.201,,,,95.2,-0.71,-0.24,0.0,0.2558,0.189,-0.0009,0.508,1.093,0.458,,,2.5,-0.98,,,,
64.673,ROTATION_SCAN,2.2949,-1.1508,0.203,,,,95.21,-0.53,-0.1,0.0,0.2484,0.1861,-0.0002,0.498,1.093,0.482,0.448,,2.5,-0.98,,,,
64.719,ROTATION_SCAN,2.307,-1.141,0.203,,,,95.16,-0.41,-0.16,0.0,0.2436,0.1885,0.0018,0.498,1.093,0.482,0.448,,2.5,-0.98,,,,
64.767,ROTATION_SCAN,2.3183,-1.1327,0.2,,,,95.12,-0.36,-0.16,0.0,0.2379,0.1861,0.0037,0.489,1.095,0.508,0.407,,2.5,-0.98,,,,
64.816,ROTATION_SCAN,2.3291,-1.1246,0.199,,,,95.14,-0.32,-0.01,0.0,0.2316,0.1829,-0.0063,0.489,1.095,0.508,0.407,,2.5,-0.98,,,,
64.866,ROTATION_SCAN,2.3404,-1.116,0.2,,,,95.14,-0.22,-0.07,0.0,0.2282,0.1814,-0.0085,0.486,1.098,0.539,0.369,,2.5,-0.98,,,,
64.97,ROTATION_SCAN,2.3507,-1.1085,0.198,,,,95.05,-0.21,-0.1,0.0,0.2229,0.1767,-0.0014,0.486,1.098,0.539,0.369,,2.5,-0.98,,,,
65.002,ROTATION_SCAN,2.3621,-1.0985,0.196,,,,95.05,-0.02,-0.08,0.0,0.2225,0.1807,-0.0079,0.491,1.114,0.571,0.345,,2.5,-0.98,,,,
65.05,ROTATION_SCAN,2.3728,-1.0907,0.195,,,,95.07,0.11,-0.29,0.0,0.2221,0.1788,-0.0112,0.491,1.114,0.571,0.345,,2.5,-0.98,,,,
65.073,ROTATION_SCAN,2.3831,-1.081,0.195,,,,95.18,0.08,-0.31,0.0,0.2195,0.1831,-0.0112,0.535,1.125,0.612,0.32,,2.5,-0.98,,,,
65.119,ROTATION_SCAN,2.3928,-1.0725,0.195,,,,95.25,0.05,-0.2,-0.0,0.2149,0.1825,-0.0058,0.535,1.125,0.612,0.32,,2.5,-0.98,,,,
65.167,ROTATION_SCAN,2.4022,-1.0641,0.192,,,,95.16,-1.26,0.71,-0.0,0.2072,0.1792,-0.0042,0.626,1.141,,0.301,,2.5,-0.98,,,,
65.217,ROTATION_SCAN,2.4122,-1.0554,0.196,,,,95.11,-2.72,2.08,-0.0,0.1908,0.1658,-0.0031,0.626,1.141,,0.301,,2.5,-0.98,,,,
65.266,ROTATION_SCAN,2.423,-1.0475,0.198,,,,94.96,-3.36,2.51,-0.0,0.1746,0.1463,0.004,0.691,1.154,0.718,0.291,,2.5,-0.98,,,,
65.363,ROTATION_SCAN,2.4303,-1.0409,0.203,,,,94.76,-3.78,2.76,-0.0,0.143,0.1203,0.0072,0.691,1.154,0.718,0.291,,2.3173,-1.1395,,,,
65.372,ROTATION_SCAN,2.4358,-1.0361,0.205,,,,94.49,-3.74,2.66,-0.0,0.1089,0.0918,0.0151,0.741,1.167,,0.277,,2.3173,-1.1395,,,,
65.425,ROTATION_SCAN,2.4406,-1.0312,0.206,,,,94.17,-3.54,2.51,0.0,0.0788,0.0691,0.0139,0.741,1.167,,0.277,,2.3173,-1.1395,,,,
65.466,ROTATION_SCAN,2.4437,-1.0273,0.199,,,,93.86,-3.15,2.33,0.0,0.0487,0.0475,0.0135,,1.174,,0.269,,2.3173,-1.1395,,,,
65.517,ROTATION_SCAN,2.4462,-1.0229,0.2,,,,93.64,-3.01,2.28,0.0,0.0218,0.0304,-0.01,,1.174,,0.269,,2.3173,-1.1395,,,,
65.567,ROTATION_SCAN,2.4474,-1.0205,0.196,,,,93.41,-2.77,2.26,0.0,-0.0018,0.0123,-0.0071,,1.182,,0.266,,2.3173,-1.1395,,,,
65.616,ROTATION_SCAN,2.4468,-1.0195,0.199,,,,93.19,-2.4,2.07,0.0,-0.0255,-0.0072,-0.0116,,1.182,,0.266,,2.3173,-1.1395,,,,
65.694,ROTATION_SCAN,2.4447,-1.0188,0.195,,,,93.1,-1.96,1.79,0.0,-0.0481,-0.0241,-0.0045,,1.184,,0.269,,2.3173,-1.1395,,,,
65.728,ROTATION_SCAN,2.4416,-1.0203,0.194,,,,93.04,-1.54,1.57,0.0,-0.0651,-0.0402,-0.0065,,1.184,,0.269,,2.3173,-1.1395,,,,
65.775,ROTATION_SCAN,2.439,-1.0204,0.19,,,,93.03,-0.95,1.18,0.0,-0.0749,-0.0482,-0.0073,0.862,1.185,,0.273,,2.3173,-1.1395,,,,
65.817,ROTATION_SCAN,2.4353,-1.0227,0.191,,,,93.02,-0.61,1.11,0.0,-0.0809,-0.0578,-0.0119,0.862,1.185,,0.273,,2.3173,-1.1395,,,,
65.866,ROTATION_SCAN,2.4317,-1.0243,0.19,,,,93.06,-0.27,0.81,0.0,-0.084,-0.0633,-0.0044,,1.187,,0.281,,2.3173,-1.1395,,,,
65.917,ROTATION_SCAN,2.4285,-1.0263,0.19,,,,93.07,-0.09,0.62,0.0,-0.082,-0.0652,0.0019,,1.187,,0.281,,2.3173,-1.1395,,,,
65.971,ROTATION_SCAN,2.4249,-1.029,0.19,,,,93.21,-0.01,0.41,0.0,-0.0803,-0.0677,0.0029,,1.173,,0.282,,2.3173,-1.1395,,,,
66.024,ROTATION_SCAN,2.4214,-1.0315,0.193,,,,93.39,0.01,0.41,0.0,-0.078,-0.0681,0.0078,,1.173,,0.282,,2.3173,-1.1395,,,,
66.074,ROTATION_SCAN,2.4183,-1.0338,0.195,,,,93.67,0.05,0.23,0.0,-0.0747,-0.0666,0.0141,,1.178,,0.294,,2.3173,-1.1395,,,,
66.116,ROTATION_SCAN,2.415,-1.0353,0.195,,,,94.07,0.02,0.17,0.0,-0.0726,-0.0622,0.0188,,1.178,,0.294,,2.3173,-1.1395,,,,
66.166,ROTATION_SCAN,2.4116,-1.0382,0.198,,,,94.53,0.05,0.34,0.0,-0.0716,-0.0633,0.0146,,1.172,,0.299,,2.3173,-1.1395,,,,
66.217,ROTATION_SCAN,2.4074,-1.0411,0.199,,,,94.99,0.08,0.22,0.0,-0.0728,-0.0645,0.0178,,1.172,,0.299,,2.3173,-1.1395,,,,
66.266,ROTATION_SCAN,2.4046,-1.043,0.201,,,,95.42,0.1,0.17,0.0,-0.0687,-0.0613,0.0186,0.681,1.165,,0.302,,2.3173,-1.1395,,,,
66.365,ROTATION_SCAN,2.4024,-1.0452,0.202,,,,95.82,0.12,0.19,0.0,-0.0634,-0.0596,0.0172,0.681,1.165,,0.302,,2.3173,-1.1395,,,,
66.374,ROTATION_SCAN,2.3995,-1.0468,0.202,,,,96.16,0.17,0.3,0.0,-0.0603,-0.056,0.0148,0.652,1.165,,0.305,,2.3173,-1.1395,,,,
66.426,ROTATION_SCAN,2.3982,-1.0492,0.202,,,,96.42,0.06,0.48,0.0,-0.0536,-0.0577,0.0125,0.652,1.165,,0.305,,2.3173,-1.1395,,,,
66.466,ROTATION_SCAN,2.3962,-1.0523,0.206,,,,96.63,-0.15,0.59,0.0,-0.0515,-0.0629,0.0095,0.622,1.167,,0.307,,2.3173,-1.1395,,,,
66.516,ROTATION_SCAN,2.3954,-1.0556,0.203,,,,96.85,-0.07,0.54,0.0,-0.0468,-0.0684,0.0152,0.622,1.167,,0.307,,2.3173,-1.1395,,,,
66.565,ROTATION_SCAN,2.3942,-1.0581,0.206,,,,97.06,-0.25,0.41,0.0,-0.0452,-0.0711,0.0015,0.601,1.16,,0.312,,2.3173,-1.1395,,,,
66.626,ROTATION_SCAN,2.3939,-1.0607,0.207,,,,97.28,-0.35,0.26,0.0,-0.0412,-0.071,0.0084,0.601,1.16,,0.312,,2.3173,-1.1395,,,,
66.708,ROTATION_SCAN,2.3919,-1.0632,0.207,,,,97.39,-0.35,0.43,0.0,-0.0431,-0.07,0.0088,0.569,1.157,0.632,0.312,,2.3173,-1.1395,,,,
66.73,ROTATION_SCAN,2.3912,-1.0658,0.207,,,,97.53,-0.41,0.37,0.0,-0.0406,-0.07,0.0024,0.569,1.157,0.632,0.312,,2.3173,-1.1395,,,,
66.775,ROTATION_SCAN,2.3904,-1.0675,0.205,,,,97.66,-0.42,0.28,0.0,-0.039,-0.0668,-0.0003,0.551,1.158,0.622,0.318,,2.3173,-1.1395,,,,
66.815,ROTATION_SCAN,2.3884,-1.0707,0.202,,,,97.71,-0.39,0.36,0.0,-0.0418,-0.0689,-0.0113,0.551,1.158,0.622,0.318,,2.3173,-1.1395,,,,
66.867,ROTATION_SCAN,2.3853,-1.0741,0.205,,,,97.78,-0.32,0.37,0.0,-0.047,-0.0717,-0.0201,0.53,1.153,0.614,0.32,,2.3173,-1.1395,,,,
66.916,ROTATION_SCAN,2.3829,-1.077,0.2,,,,97.79,-0.37,0.4,0.0,-0.0489,-0.0728,-0.0086,0.53,1.153,0.614,0.32,,2.3173,-1.1395,,,,
66.967,ROTATION_SCAN,2.3811,-1.0797,0.202,,,,97.73,-0.47,0.18,0.0,-0.05,-0.0729,-0.018,0.517,1.146,0.606,0.322,,2.3173,-1.1395,,,,
67.044,ROTATION_SCAN,2.3787,-1.0811,0.205,,,,97.58,-0.42,0.08,0.0,-0.0524,-0.0668,-0.0088,0.517,1.146,0.606,0.322,,2.3173,-1.1395,,,,
67.074,ROTATION_SCAN,2.3766,-1.0833,0.201,,,,97.33,-0.47,0.12,0.0,-0.054,-0.0643,0.0031,0.512,1.144,0.601,0.326,,2.3173,-1.1395,,,,
67.123,ROTATION_SCAN,2.3725,-1.0861,0.203,,,,96.97,-0.46,0.21,0.0,-0.0616,-0.0641,-0.0049,0.512,1.144,0.601,0.326,,2.3173,-1.1395,,,,
67.166,ROTATION_SCAN,2.3709,-1.0882,0.204,,,,96.64,-0.34,0.36,0.0,-0.0606,-0.0639,0.0018,0.512,1.132,0.598,0.332,,2.3173,-1.1395,,,,
67.216,ROTATION_SCAN,2.3685,-1.0894,0.203,,,,96.41,-0.19,0.39,0.0,-0.0601,-0.0608,0.0059,0.512,1.132,0.598,0.332,,2.3173,-1.1395,,,,
67.266,ROTATION_SCAN,2.3654,-1.0912,0.201,,,,96.31,-0.01,0.48,0.0,-0.0604,-0.0604,0.0004,0.515,1.133,0.593,0.335,,2.3173,-1.1395,,,,
67.316,ROTATION_SCAN,2.3619,-1.0935,0.2,,,,96.31,0.16,0.53,0.0,-0.0607,-0.0618,-0.0042,0.515,1.133,0.593,0.335,,2.3173,-1.1395,,,,
67.404,ROTATION_SCAN,2.3591,-1.0954,0.2,,,,96.42,0.28,0.53,0.0,-0.0577,-0.0621,-0.0079,0.497,1.125,0.584,0.338,,2.3173,-1.1395,,,,
67.424,ROTATION_SCAN,2.3561,-1.0981,0.203,,,,96.49,0.26,0.33,0.0,-0.055,-0.064,-0.0053,0.497,1.125,0.584,0.338,,2.3173,-1.1395,,,,
67.471,ROTATION_SCAN,2.354,-1.1007,0.202,,,,96.47,0.23,0.41,0.0,-0.0507,-0.0645,0.0006,0.492,1.118,0.575,0.346,,2.3173,-1.1395,,,,
67.515,ROTATION_SCAN,2.3517,-1.104,0.202,,,,96.42,0.08,0.36,0.0,-0.0482,-0.0674,-0.0017,0.492,1.118,0.575,0.346,,2.3173,-1.1395,,,,
67.566,ROTATION_SCAN,2.3497,-1.1072,0.204,,,,96.38,-0.02,0.36,0.0,-0.0467,-0.0697,-0.0025,0.485,1.113,0.57,0.346,,2.3173,-1.1395,,,,
67.616,ROTATION_SCAN,2.3482,-1.1107,0.202,,,,96.24,-0.06,0.22,0.0,-0.0443,-0.0725,-0.0002,0.485,1.113,0.57,0.346,,2.3173,-1.1395,,,,
67.666,ROTATION_SCAN,2.3459,-1.114,0.198,,,,96.02,-0.18,0.28,0.0,-0.0449,-0.0736,-0.0056,0.491,1.106,0.566,0.354,,2.3173,-1.1395,,,,
67.744,ROTATION_SCAN,2.3451,-1.1168,0.2,,,,95.77,-0.3,0.15,0.0,-0.0422,-0.0727,-0.014,0.491,1.106,0.566,0.354,,2.3173,-1.1395,,,,
67.781,ROTATION_SCAN,2.3431,-1.1198,0.199,,,,95.59,-0.42,0.01,0.0,-0.0441,-0.0714,-0.0046,0.492,1.104,0.559,0.358,,2.3173,-1.1395,,,,
67.82,ROTATION_SCAN,2.3412,-1.1237,0.2,,,,95.42,-0.62,-0.13,0.0,-0.0477,-0.0724,-0.0042,0.492,1.104,0.559,0.358,,,,,,,
67.866,ROTATION_SCAN,2.3378,-1.1278,0.199,,,,95.27,-0.75,-0.12,15.0,-0.0559,-0.0734,-0.0008,0.496,1.101,0.555,0.372,,,,,,,
67.916,ROTATION_SCAN,2.3361,-1.1305,0.201,,,,95.15,-0.27,-0.21,15.0,-0.0578,-0.0703,0.0012,0.496,1.101,0.555,0.372,,,,,,,
67.966,ROTATION_SCAN,2.3325,-1.1347,0.2,,,,95.11,0.48,-0.82,15.0,-0.0593,-0.0685,0.005,0.494,1.102,0.545,0.378,,,,,,,
68.016,ROTATION_SCAN,2.3302,-1.1377,0.203,,,,95.28,0.74,-0.98,15.0,-0.0533,-0.0599,0.0047,0.494,1.102,0.545,0.378,,,,,,,
68.101,ROTATION_SCAN,2.3272,-1.1398,0.204,,,,95.56,1.02,-1.14,15.0,-0.0483,-0.0478,0.01,0.493,1.095,0.534,0.382,,,,,,,
68.115,ROTATION_SCAN,2.3261,-1.1417,0.205,,,,96.01,1.09,-1.23,15.0,-0.0374,-0.0367,0.0121,0.493,1.095,0.534,0.382,,,,,,,
68.169,ROTATION_SCAN,2.3233,-1.1428,0.201,,,,96.71,1.32,-1.29,15.0,-0.031,-0.0228,0.0113,0.494,1.086,0.525,0.382,,,,,,,
68.216,ROTATION_SCAN,2.322,-1.1442,0.204,,,,97.61,1.41,-1.09,15.0,-0.0213,-0.0127,-0.0005,0.494,1.086,0.525,0.382,,,,,,,
68.266,ROTATION_SCAN,2.3212,-1.1438,0.205,,,,98.63,1.56,-0.92,15.0,-0.0096,0.0004,0.0002,0.486,1.082,0.521,0.379,,,,,,,
68.316,ROTATION_SCAN,2.3197,-1.1434,0.203,,,,99.77,1.48,-0.64,15.0,-0.0007,0.0108,0.0057,0.486,1.082,0.521,0.379,,,,,,,
68.368,ROTATION_SCAN,2.3217,-1.1426,0.205,,,,100.84,1.46,-0.54,15.0,0.0146,0.0167,-0.0038,0.482,1.092,0.519,0.378,,,,,,,
68.43,ROTATION_SCAN,2.3207,-1.1413,0.207,,,,101.81,1.35,-0.35,15.0,0.0216,0.0253,-0.0007,0.482,1.092,0.519,0.378,,,,,,,
68.475,ROTATION_SCAN,2.3262,-1.1407,0.209,,,,102.79,1.43,-0.24,15.0,0.0413,0.0254,0.0026,0.48,1.108,0.523,0.375,,,,,,,
68.515,ROTATION_SCAN,2.3307,-1.1355,0.202,,,,103.64,1.09,-0.22,15.0,0.0594,0.0425,0.0037,0.48,1.108,0.523,0.375,,,,,,,
68.565,ROTATION_SCAN,2.3325,-1.1338,0.204,,,,104.48,0.58,-0.1,15.0,0.0631,0.045,-0.0107,0.479,1.126,0.527,0.372,,,,,,,
68.615,ROTATION_SCAN,2.3345,-1.1318,0.206,,,,105.36,0.15,0.1,15.0,0.0631,0.0454,-0.0105,0.479,1.126,0.527,0.372,,,,,,,
68.666,ROTATION_SCAN,2.3377,-1.1293,0.205,,,,106.14,-0.22,0.3,15.0,0.0637,0.0448,-0.0051,0.479,1.163,0.539,0.373,,,,,,,
68.758,ROTATION_SCAN,2.3393,-1.1267,0.202,,,,106.84,-0.35,0.37,15.0,0.0581,0.0429,-0.0099,0.479,1.163,0.539,0.373,,,,,,,
68.783,ROTATION_SCAN,2.3418,-1.125,0.201,,,,107.51,-0.63,0.47,15.0,0.0544,0.0375,-0.017,0.473,,0.552,0.374,,,,,,,
68.818,ROTATION_SCAN,2.3428,-1.1229,0.203,,,,108.13,-0.77,0.46,15.0,0.0455,0.033,-0.017,0.473,,0.552,0.374,,,,,,,
68.866,ROTATION_SCAN,2.3447,-1.1209,0.201,,,,108.76,-0.84,0.5,15.0,0.0394,0.0284,-0.0109,0.473,,0.558,0.371,,,,,,,
68.916,ROTATION_SCAN,2.3462,-1.1192,0.2,,,,109.42,-0.94,0.47,15.0,0.0325,0.0231,-0.0129,0.473,,0.558,0.371,,,,,,,
68.966,ROTATION_SCAN,2.3473,-1.1179,0.2,,,,110.06,-0.93,0.45,15.0,0.0252,0.0176,-0.0153,0.471,,0.564,0.372,,,,,,,
69.016,ROTATION_SCAN,2.348,-1.1164,0.198,,,,110.67,-0.87,0.39,15.0,0.0176,0.0128,-0.0101,0.471,,0.564,0.372,,,,,,,
69.106,ROTATION_SCAN,2.3482,-1.116,0.197,,,,111.31,-0.72,0.3,15.0,0.0103,0.007,-0.0135,0.473,,0.569,0.377,,,,,,,
69.118,ROTATION_SCAN,2.3465,-1.1157,0.2,,,,112.03,-0.7,0.23,15.0,-0.0019,0.0021,-0.0127,0.473,,0.569,0.377,,,,,,,
69.165,ROTATION_SCAN,2.3451,-1.1123,0.201,,,,112.76,-0.54,0.22,15.0,-0.0115,0.0063,-0.0039,0.478,2.794,0.579,0.383,,,,,,,
69.217,ROTATION_SCAN,2.3437,-1.1097,0.199,,,,113.47,-0.45,0.3,15.0,-0.0184,0.0082,0.004,0.478,2.794,0.579,0.383,,,,,,,
69.265,ROTATION_SCAN,2.3418,-1.1093,0.198,,,,114.2,-0.21,0.34,15.0,-0.023,0.0043,-0.0006,0.482,2.686,0.582,0.386,,,,,,,
69.317,ROTATION_SCAN,2.3392,-1.109,0.2,,,,114.93,-0.14,0.49,15.0,-0.0278,0.0007,-0.0037,0.482,2.686,0.582,0.386,,,,,,,
69.371,ROTATION_SCAN,2.3375,-1.1085,0.202,,,,115.6,-0.06,0.62,15.0,-0.0275,-0.0026,0.0024,0.488,,0.591,0.399,,,,,,,
69.454,ROTATION_SCAN,2.3356,-1.1068,0.202,,,,116.33,0.01,0.82,15.0,-0.0278,-0.003,0.0078,0.488,,0.591,0.399,,,,,,,
69.469,ROTATION_SCAN,2.3339,-1.1066,0.201,,,,117.06,0.17,0.8,15.0,-0.0255,-0.0079,0.0052,0.496,,0.588,0.401,,,,,,,
69.518,ROTATION_SCAN,2.3318,-1.1067,0.201,,,,117.79,0.18,0.81,15.0,-0.0243,-0.0123,0.0015,0.496,,0.588,0.401,,,,,,,
69.565,ROTATION_SCAN,2.33,-1.1068,0.201,,,,118.6,0.15,0.82,15.0,-0.0223,-0.0164,-0.0012,0.51,,0.597,0.41,,,,,,,
69.616,ROTATION_SCAN,2.3282,-1.1068,0.2,,,,119.32,0.21,0.98,15.0,-0.0206,-0.0199,-0.0009,0.51,,0.597,0.41,,,,,,,
69.665,ROTATION_SCAN,2.3259,-1.1074,0.2,,,,120.05,0.27,0.93,15.0,-0.0197,-0.0251,-0.0038,0.541,,0.598,0.42,,,,,,,
69.727,ROTATION_SCAN,2.3246,-1.1089,0.198,,,,120.81,0.34,0.97,15.0,-0.0155,-0.0314,-0.0043,0.541,,0.598,0.42,,,,,,,
69.81,ROTATION_SCAN,2.3232,-1.1097,0.201,,,,121.52,0.46,0.8,15.0,-0.0111,-0.0338,-0.0087,,,0.605,0.43,,,,,,,
69.816,ROTATION_SCAN,2.3224,-1.1113,0.2,,,,122.24,0.6,0.66,15.0,-0.0053,-0.0365,-0.0002,,,0.605,0.43,,,,,,,
69.872,ROTATION_SCAN,2.3216,-1.112,0.201,,,,122.94,0.71,0.51,15.0,-0.0001,-0.0348,-0.0016,,,0.61,0.439,,,,,,,
69.915,ROTATION_SCAN,2.3213,-1.1133,0.201,,,,123.71,0.7,0.38,15.0,0.0061,-0.0335,-0.0011,,,0.61,0.439,,,,,,,
69.965,ROTATION_SCAN,2.3193,-1.1137,0.2,,,,124.44,0.63,0.36,15.0,0.0051,-0.0295,-0.001,,,0.617,0.445,,,,,,,
70.015,ROTATION_SCAN,2.3186,-1.1138,0.199,,,,125.2,0.69,0.25,15.0,0.0082,-0.0249,-0.005,,,0.617,0.445,,,,,,,
70.077,ROTATION_SCAN,2.3179,-1.1134,0.2,,,,125.99,0.72,0.26,15.0,0.0111,-0.0179,-0.0068,,,0.623,0.455,,,,,,,
70.162,ROTATION_SCAN,2.3167,-1.1124,0.2,,,,126.8,0.75,0.38,15.0,0.0129,-0.0107,-0.0022,,,0.623,0.455,,,,,,,
70.17,ROTATION_SCAN,2.3163,-1.1095,0.198,,,,127.6,0.6,0.42,15.0,0.0173,0.0002,-0.0024,,,0.633,0.461,,,,,,,
70.221,ROTATION_SCAN,2.3141,-1.1072,0.199,,,,128.41,0.56,0.44,15.0,0.0154,0.0071,-0.0073,,,0.633,0.461,,,,,,,
70.265,ROTATION_SCAN,2.3135,-1.1048,0.2,,,,129.18,0.45,0.64,15.0,0.0178,0.0125,-0.0053,,,0.645,0.473,,,,,,,
70.315,ROTATION_SCAN,2.3126,-1.102,0.2,,,,129.94,0.27,0.84,15.0,0.0198,0.0163,-0.0013,,,0.645,0.473,,,,,,,
70.371,ROTATION_SCAN,2.3114,-1.0991,0.201,,,,130.72,0.11,0.97,15.0,0.0202,0.018,-0.0025,,,0.673,0.475,,,,,,,
70.453,ROTATION_SCAN,2.3113,-1.0976,0.198,,,,131.49,0.01,1.09,15.0,0.0229,0.0142,-0.0001,,,0.673,0.475,,,,,,,
70.488,ROTATION_SCAN,2.3116,-1.0958,0.2,,,,132.22,-0.14,1.25,15.0,0.0268,0.0101,-0.0063,,,0.684,0.488,,,,,,,
70.526,ROTATION_SCAN,2.3122,-1.0946,0.199,,,,133.0,-0.36,1.36,15.0,0.0304,0.003,-0.0025,,,0.684,0.488,,,,,,,
70.573,ROTATION_SCAN,2.3129,-1.0942,0.198,,,,133.77,-0.38,1.52,15.0,0.034,-0.0069,-0.0038,1.329,,0.705,0.487,,,,,,,
70.632,ROTATION_SCAN,2.3137,-1.0958,0.202,,,,134.55,-0.36,1.39,15.0,0.0366,-0.0213,-0.009,1.329,,0.705,0.487,,,,,,,
70.665,ROTATION_SCAN,2.3125,-1.0965,0.199,,,,135.41,-0.45,1.23,15.0,0.0321,-0.0311,0.0033,1.33,,0.727,0.496,,,,,,,
70.715,ROTATION_SCAN,2.3138,-1.0973,0.199,,,,136.21,-0.37,1.06,15.0,0.0352,-0.038,-0.0034,1.33,,0.727,0.496,,,,,,,
70.766,ROTATION_SCAN,2.3156,-1.0991,0.196,,,,137.01,-0.25,0.94,15.0,0.0394,-0.045,-0.0054,1.344,,0.744,0.509,,,,,,,
70.859,ROTATION_SCAN,2.3237,-1.1001,0.198,,,,137.74,-0.07,0.95,15.0,0.0649,-0.0454,-0.0078,1.344,,0.744,0.509,,,,,,,
70.87,ROTATION_SCAN,2.3238,-1.1017,0.199,,,,138.56,-0.1,0.69,15.0,0.0596,-0.0496,-0.0017,1.369,,0.766,0.516,,,,,,,
70.921,ROTATION_SCAN,2.3231,-1.1047,0.196,,,,139.41,-0.29,0.38,15.0,0.0502,-0.0567,0.0045,1.369,,0.766,0.516,,,,,,,
70.965,ROTATION_SCAN,2.3237,-1.1072,0.2,,,,140.23,-0.12,0.14,15.0,0.0443,-0.0592,-0.002,1.38,,0.787,0.533,,,,,,,
71.015,ROTATION_SCAN,2.3224,-1.1094,0.202,,,,141.09,0.04,0.08,15.0,0.0333,-0.0585,0.0086,1.38,,0.787,0.533,,,,,,,
71.065,ROTATION_SCAN,2.3219,-1.1116,0.201,,,,141.86,0.23,0.02,15.0,0.0279,-0.0563,0.0134,1.406,,0.803,0.552,,,,,,,
71.125,ROTATION_SCAN,2.3202,-1.1152,0.2,,,,142.69,0.34,0.14,15.0,0.0201,-0.0575,0.0087,1.406,,0.803,0.552,,,,,,,
71.201,ROTATION_SCAN,2.3181,-1.117,0.201,,,,143.58,0.53,0.21,15.0,0.0146,-0.0522,0.0031,1.44,,0.826,,,,,,,,
71.214,ROTATION_SCAN,2.3173,-1.1184,0.205,,,,144.44,0.75,0.33,15.0,0.0132,-0.0462,0.0042,1.44,,0.826,,,,,,,,
71.272,ROTATION_SCAN,2.3152,-1.1191,0.203,,,,145.27,0.81,0.44,15.0,0.0128,-0.0373,0.0118,1.49,,0.852,,,,,,,,
71.315,ROTATION_SCAN,2.315,-1.1211,0.199,,,,146.15,1.02,0.68,15.0,0.0166,-0.0347,0.0033,1.49,,0.852,,,,,,,,
71.365,ROTATION_SCAN,2.3144,-1.1226,0.2,,,,147.01,0.93,0.69,15.0,0.0236,-0.0296,-0.0105,1.516,,0.88,,,,,,,,
71.415,ROTATION_SCAN,2.3144,-1.1238,0.201,,,,147.89,0.83,0.73,15.0,0.0273,-0.026,-0.0088,1.516,,0.88,,,,,,,,
71.467,ROTATION_SCAN,2.3133,-1.1242,0.199,,,,148.77,0.91,0.66,15.0,0.031,-0.0189,-0.0031,1.543,,0.91,,,,,,,,
71.545,ROTATION_SCAN,2.3135,-1.1241,0.201,,,,149.6,0.89,0.72,15.0,0.034,-0.0122,-0.0087,1.543,,0.91,,,,,,,,
71.572,ROTATION_SCAN,2.315,-1.1232,0.199,,,,150.36,0.86,0.74,15.0,0.0425,-0.0044,-0.0038,1.486,,0.944,,,,,,,,
71.614,ROTATION_SCAN,2.3118,-1.1248,0.199,,,,151.04,0.77,0.66,15.0,0.0358,-0.0044,-0.006,1.486,,0.944,,,,,,,,
71.665,ROTATION_SCAN,2.3146,-1.126,0.2,,,,151.8,0.47,0.67,15.0,0.045,-0.0057,-0.0056,1.383,,0.968,,,,,,,,
71.715,ROTATION_SCAN,2.3155,-1.128,0.201,,,,152.61,0.36,0.55,15.0,0.0471,-0.0107,0.0012,1.383,,0.968,,,,,,,,
71.765,ROTATION_SCAN,2.3219,-1.1153,0.197,,,,153.37,0.61,0.5,15.0,0.0659,0.0317,0.0029,1.269,,,,,,,,,,
71.815,ROTATION_SCAN,2.3224,-1.115,0.198,,,,154.09,0.19,0.47,15.0,0.0632,0.0295,-0.0077,1.269,,,,,,,,,,
71.888,ROTATION_SCAN,2.3242,-1.1143,0.201,,,,154.9,-0.02,0.52,15.0,0.063,0.0263,-0.0043,1.205,,,,,,,,,,
71.916,ROTATION_SCAN,2.3248,-1.1137,0.202,,,,155.71,-0.31,0.27,15.0,0.058,0.0218,0.0071,1.205,,,,,,,,,,
71.971,ROTATION_SCAN,2.3266,-1.1133,0.198,,,,156.49,-0.63,0.31,15.0,0.0553,0.0156,0.0061,1.16,,1.344,,,,,,,,
72.015,ROTATION_SCAN,2.3283,-1.1127,0.201,,,,157.27,-0.67,0.22,15.0,0.0522,0.0096,-0.0033,1.16,,1.344,,,,,,,,
72.065,ROTATION_SCAN,2.3311,-1.1131,0.2,,,,158.05,-0.76,0.21,15.0,0.0522,0.001,0.0012,1.15,,,,,,,,,,
72.116,ROTATION_SCAN,2.3327,-1.1145,0.201,,,,158.78,-0.81,0.18,15.0,0.0486,-0.0098,0.0017,1.15,,,,,,,,,,
72.169,ROTATION_SCAN,2.3336,-1.1162,0.199,,,,159.53,-0.67,-0.04,15.0,0.0418,-0.0198,0.0006,1.129,,,,,,,,,,
72.237,ROTATION_SCAN,2.3331,-1.1174,0.202,,,,160.31,-0.5,-0.13,15.0,0.0309,-0.0253,-0.0006,1.129,,,,,,,,,,
72.268,ROTATION_SCAN,2.3322,-1.1201,0.2,,,,161.12,-0.44,-0.2,15.0,0.021,-0.0329,0.0035,1.12,,,,,,,,,,
72.314,ROTATION_SCAN,2.3315,-1.1229,0.2,,,,161.92,-0.16,-0.16,15.0,0.013,-0.0383,-0.0001,1.12,,,,,,,,,,
72.365,ROTATION_SCAN,2.3296,-1.125,0.203,,,,162.7,0.02,-0.08,15.0,0.0032,-0.0398,-0.0038,1.116,,,,,,,,,,
72.415,ROTATION_SCAN,2.3279,-1.1285,0.198,,,,163.47,0.19,0.14,15.0,-0.0018,-0.0436,0.0045,1.116,,,,,,,,,,
72.465,ROTATION_SCAN,2.3272,-1.1303,0.201,,,,164.29,0.45,0.3,15.0,-0.0018,-0.0409,-0.0073,1.111,,,,,,,,,,
72.538,ROTATION_SCAN,2.3249,-1.1323,0.2,,,,165.16,0.68,0.46,15.0,-0.0047,-0.0375,-0.0011,1.111,,,,,,,,,,
72.594,ROTATION_SCAN,2.324,-1.1343,0.2,,,,165.96,0.8,0.62,15.0,-0.0015,-0.0333,-0.0011,1.122,,,,,,,,,,
72.62,ROTATION_SCAN,2.323,-1.1358,0.198,,,,166.78,0.89,0.7,15.0,0.0019,-0.0274,-0.0043,1.122,,,,,,,,,,
72.666,ROTATION_SCAN,2.3218,-1.1371,0.201,,,,167.57,0.98,0.75,15.0,0.0054,-0.0209,-0.0089,1.164,,,,,,,,,,
72.715,ROTATION_SCAN,2.3223,-1.1379,0.199,,,,168.34,0.94,0.7,15.0,0.0131,-0.014,0.0005,1.164,,,,,,,,,,
72.765,ROTATION_SCAN,2.3231,-1.1385,0.199,,,,169.13,0.92,0.74,15.0,0.0207,-0.0076,-0.004,1.214,,1.617,,,,,,,,
72.815,ROTATION_SCAN,2.3238,-1.1388,0.199,,,,169.9,0.96,0.59,15.0,0.0267,-0.0006,-0.0058,1.214,,1.617,,,,,,,,
72.906,ROTATION_SCAN,2.3236,-1.1387,0.197,,,,170.68,0.92,0.54,15.0,0.028,0.0071,-0.0036,,,1.577,,,,,,,,
72.93,ROTATION_SCAN,2.3244,-1.1385,0.2,,,,171.4,0.78,0.34,15.0,0.0311,0.0128,-0.0068,,,1.577,,,,,,,,
72.965,ROTATION_SCAN,2.3256,-1.1373,0.198,,,,172.15,0.82,0.25,15.0,0.0334,0.0207,-0.0008,,,1.516,,,,,,,,
73.015,ROTATION_SCAN,2.3323,-1.1296,0.204,,,,172.91,0.75,0.3,15.0,0.0505,0.0453,-0.0058,,,1.516,,,,,,,,
73.065,ROTATION_SCAN,2.3336,-1.1268,0.198,,,,173.61,0.47,0.2,15.0,0.0501,0.0519,0.0048,,,1.467,,,,,,,,
73.115,ROTATION_SCAN,2.3347,-1.1238,0.199,,,,174.25,0.1,0.1,15.0,0.0476,0.0562,-0.005,,,1.467,,,,,,,,
73.164,ROTATION_SCAN,2.3352,-1.1201,0.2,,,,174.91,-0.27,-0.01,15.0,0.0433,0.0586,-0.0081,,,1.398,,,,,,,,
73.259,ROTATION_SCAN,2.3364,-1.1184,0.199,,,,175.59,-0.53,-0.18,15.0,0.0394,0.0521,0.0014,,,1.398,,,,,,,,
73.27,ROTATION_SCAN,2.3361,-1.1169,0.199,,,,176.19,-0.79,-0.17,15.0,0.0314,0.044,-0.0037,,,1.339,,,,,,,,
73.315,ROTATION_SCAN,2.3358,-1.1158,0.196,,,,176.86,-0.76,-0.13,15.0,0.0244,0.0347,-0.0025,,,1.339,,,,,,,,
73.365,ROTATION_SCAN,2.3368,-1.1142,0.197,,,,177.54,-0.76,-0.17,15.0,0.0223,0.0286,-0.008,,,1.305,,,,,,,,
73.414,ROTATION_SCAN,2.3351,-1.1126,0.199,,,,178.31,-0.78,-0.16,15.0,0.0118,0.0218,-0.0042,,,1.305,,,,,,,,
73.464,ROTATION_SCAN,2.3343,-1.1152,0.199,,,,179.06,-0.81,-0.12,15.0,0.0065,0.0052,0.0024,,,1.23,,,,,,,,
73.522,ROTATION_SCAN,2.3314,-1.1152,0.197,,,,179.81,-0.8,0.02,15.0,-0.0038,-0.0031,0.0034,,,1.23,,,,,,,,
73.603,ROTATION_SCAN,2.3306,-1.1146,0.197,,,,-179.41,-0.56,0.15,15.0,-0.0057,-0.0073,-0.0008,,,1.188,,,,,,,,
73.626,ROTATION_SCAN,2.3282,-1.1177,0.2,,,,-178.72,-0.46,0.25,15.0,-0.0104,-0.0191,0.0007,,,1.188,,,,,,,,
73.664,ROTATION_SCAN,2.3262,-1.1211,0.198,,,,-178.11,-0.32,0.44,15.0,-0.0121,-0.0292,0.007,0.531,0.435,1.144,0.534,,,,,,,
73.715,ROTATION_SCAN,2.3249,-1.1221,0.198,,,,-177.46,-0.14,0.64,15.0,-0.0104,-0.0306,0.0045,0.531,0.435,1.144,0.534,,,,,,,
73.765,ROTATION_SCAN,2.3232,-1.1262,0.197,,,,-176.83,0.23,0.71,15.0,-0.0082,-0.0372,0.0025,0.519,0.435,1.118,0.512,,,,,,,
73.814,ROTATION_SCAN,2.3215,-1.1292,0.203,,,,-176.21,0.34,0.83,15.0,-0.0062,-0.0388,0.0019,0.519,0.435,1.118,0.512,,,,,,,
73.864,ROTATION_SCAN,2.3199,-1.1312,0.199,,,,-175.61,0.5,0.94,15.0,-0.0036,-0.0355,0.0129,0.51,0.428,1.102,0.501,,2.5,-1.1312,,,,
73.96,ROTATION_SCAN,2.3194,-1.1348,0.199,,,,-174.95,0.67,1.17,0.0,0.0029,-0.0356,0.0053,0.51,0.428,1.102,0.501,,2.5,-1.1312,,,,
73.971,ROTATION_SCAN,2.3188,-1.1359,0.203,,,,-174.45,0.6,2.57,0.0,0.0125,-0.0272,0.0028,0.509,0.424,1.086,0.497,,2.5,-1.1312,,,,
74.014,ROTATION_SCAN,2.318,-1.1364,0.204,,,,-174.0,0.46,4.05,0.0,0.0348,-0.0173,0.0147,0.509,0.424,1.086,0.497,,2.5,-1.1312,,,,
74.064,ROTATION_SCAN,2.3207,-1.137,0.207,,,,-173.62,0.41,4.78,0.0,0.0713,-0.0095,0.0121,0.513,0.417,1.077,0.496,,2.5,-1.1312,,,,
74.114,ROTATION_SCAN,2.3253,-1.137,0.203,,,,-173.35,0.16,5.05,0.0,0.1134,-0.0004,0.0141,0.513,0.417,1.077,0.496,,2.5,-1.1312,,,,
74.165,ROTATION_SCAN,2.3307,-1.1366,0.203,,,,-173.11,0.08,4.95,0.0,0.1527,0.0072,0.002,0.521,0.407,1.073,0.501,,2.5,-1.1312,,,,
74.221,ROTATION_SCAN,2.34,-1.1359,0.203,,,,-173.04,-0.02,4.49,0.0,0.1948,0.0131,-0.0041,0.521,0.407,1.073,0.501,,2.5,-1.1312,,,,
74.298,ROTATION_SCAN,2.3506,-1.1351,0.204,,,,-173.06,-0.12,3.97,0.0,0.2324,0.0179,-0.0041,0.537,0.389,1.065,0.517,,2.5,-1.1312,,,,
74.321,ROTATION_SCAN,2.361,-1.1341,0.203,,,,-173.12,-0.0,3.14,0.0,0.2583,0.0218,-0.0032,0.537,0.389,1.065,0.517,,2.5,-1.1312,,,,
74.364,ROTATION_SCAN,2.3739,-1.1332,0.201,,,,-173.18,-0.21,2.43,0.0,0.2799,0.0229,-0.0069,0.556,0.37,1.064,0.562,,2.5,-1.1312,,,,
74.414,ROTATION_SCAN,2.3853,-1.132,0.199,,,,-173.28,-0.22,1.74,0.0,0.29,0.0239,-0.0102,0.556,0.37,1.064,0.562,,2.5,-1.1312,,,,
74.464,ROTATION_SCAN,2.4013,-1.1311,0.196,,,,-173.36,-0.35,1.23,0.0,0.3056,0.0215,-0.0148,0.574,0.35,1.068,0.675,,2.5,-1.1312,,,,
74.514,ROTATION_SCAN,2.4143,-1.1303,0.201,,,,-173.46,-0.4,0.83,0.0,0.3083,0.0191,-0.0197,0.574,0.35,1.068,0.675,,2.5,-1.1312,,,,
74.564,ROTATION_SCAN,2.4288,-1.1298,0.203,,,,-173.51,-0.37,0.4,0.0,0.3096,0.0141,-0.0049,0.599,0.334,1.071,,,2.5,-1.1312,,,,
74.641,ROTATION_SCAN,2.4421,-1.1291,0.205,,,,-173.57,-0.31,-0.11,0.0,0.3041,0.0108,0.0062,0.599,0.334,1.071,,,2.5,-1.1312,,,,
74.669,ROTATION_SCAN,2.4556,-1.1292,0.2,,,,-173.59,-0.35,-0.72,-0.0,0.295,0.0053,0.0068,0.627,0.315,1.078,,,2.5,-1.1312,,,,
74.72,ROTATION_SCAN,2.468,-1.1286,0.198,,,,-173.55,-0.16,-1.39,-0.0,0.2798,0.0028,-0.0058,0.627,0.315,1.078,,,2.5,-1.1312,,,,
74.764,ROTATION_SCAN,2.4818,-1.1291,0.198,,,,-173.53,0.19,-3.04,-0.0,0.2627,-0.0013,-0.0138,0.65,0.302,1.086,1.067,,2.5,-1.1312,,,,
74.815,ROTATION_SCAN,2.4907,-1.1297,0.202,,,,-173.51,0.41,-3.88,-0.0,0.2211,-0.0042,-0.0129,0.65,0.302,1.086,1.067,,2.5,-1.1312,,,,
74.864,ROTATION_SCAN,2.4988,-1.1309,0.201,,,,-173.56,0.73,-4.33,-0.0,0.1796,-0.0062,-0.0053,0.67,0.302,1.092,,,2.5,-1.1312,,,,
74.922,NAV_TO_SCAN_START,2.5041,-1.1308,0.2,,,,-173.57,0.79,-4.3,-0.0,0.132,-0.0036,-0.0059,0.67,0.302,1.092,,,2.56,-1.16,,,,
74.994,NAV_TO_SCAN_START,2.509,-1.1303,0.2,,,,-173.55,0.74,-3.9,-0.0,0.0927,0.0,-0.0101,0.681,0.309,1.101,,,2.56,-1.16,,,,
75.017,NAV_TO_SCAN_START,2.5097,-1.1301,0.199,,,,-173.52,0.68,-3.35,-0.0,0.0499,0.0027,-0.0079,0.681,0.309,1.101,,,2.56,-1.16,,,,
75.064,NAV_TO_SCAN_START,2.5095,-1.1291,0.198,,,,-173.56,0.64,-2.46,-0.0,0.0155,0.0067,-0.0113,0.686,0.315,1.101,,,2.56,-1.16,,,,
75.115,NAV_TO_SCAN_START,2.5079,-1.128,0.198,,,,-173.61,0.61,-1.78,-0.0,-0.0111,0.0112,-0.0104,0.686,0.315,1.101,,,2.56,-1.16,,,,
75.165,NAV_TO_SCAN_START,2.5054,-1.1256,0.198,,,,-173.58,0.4,-1.14,-0.0,-0.0325,0.0173,-0.0061,0.681,0.299,1.104,,,2.56,-1.16,,,,
75.214,NAV_TO_SCAN_START,2.501,-1.1226,0.197,,,,-173.55,0.21,-0.54,-0.0,-0.0519,0.0224,-0.0038,0.681,0.299,1.104,,,2.56,-1.16,,,,
75.318,NAV_TO_SCAN_START,2.4964,-1.1229,0.191,,,,-173.53,-0.11,0.08,-0.0,-0.0586,0.0204,-0.0058,0.679,0.281,1.106,,,2.3668,-1.0474,,,,
75.324,NAV_TO_SCAN_START,2.493,-1.1207,0.194,,,,-173.42,-0.27,0.59,0.0,-0.0591,0.0211,-0.0154,0.679,0.281,1.106,,,2.3668,-1.0474,,,,
75.383,NAV_TO_SCAN_START,2.4896,-1.12,0.191,,,,-173.38,-0.01,0.27,0.0,-0.0565,0.0195,-0.0042,0.67,0.268,1.1,,,2.3668,-1.0474,,,,
75.415,NAV_TO_SCAN_START,2.4863,-1.119,0.195,,,,-173.31,0.22,0.24,0.0,-0.0559,0.0205,-0.0035,0.67,0.268,1.1,,,2.3668,-1.0474,,,,
75.463,NAV_TO_SCAN_START,2.4832,-1.1178,0.193,,,,-173.28,0.37,0.19,0.0,-0.056,0.0232,0.0063,0.665,0.268,1.099,,,2.3668,-1.0474,,,,
75.514,NAV_TO_SCAN_START,2.481,-1.1164,0.194,,,,-173.31,0.52,0.03,0.0,-0.0536,0.0274,0.0071,0.665,0.268,1.099,,,2.3668,-1.0474,,,,
75.564,NAV_TO_SCAN_START,2.4784,-1.1147,0.195,,,,-173.33,0.58,-0.05,0.0,-0.0539,0.0325,0.0078,0.658,0.264,1.103,,,2.3668,-1.0474,,,,
75.638,NAV_TO_SCAN_START,2.4767,-1.1125,0.195,,,,-173.35,0.55,-0.16,0.0,-0.0524,0.0383,0.01,0.658,0.264,1.103,,,2.3668,-1.0474,,,,
75.666,NAV_TO_SCAN_START,2.4742,-1.1099,0.201,,,,-173.38,0.62,-0.3,0.0,-0.0542,0.0448,0.0084,0.658,0.272,1.098,,,2.3668,-1.0474,,,,
75.718,NAV_TO_SCAN_START,2.4715,-1.1077,0.203,,,,-173.42,0.44,-0.37,0.0,-0.0576,0.0486,0.0224,0.658,0.272,1.098,,,2.3668,-1.0474,,,,
75.764,NAV_TO_SCAN_START,2.4684,-1.1044,0.203,,,,-173.43,0.43,-0.42,0.0,-0.0616,0.0539,0.0248,0.657,0.268,1.102,,,2.3668,-1.0474,,,,
75.814,NAV_TO_SCAN_START,2.4665,-1.102,0.203,,,,-173.49,0.35,-0.28,0.0,-0.0611,0.0557,0.0174,0.657,0.268,1.102,,,2.3668,-1.0474,,,,
75.865,NAV_TO_SCAN_START,2.4637,-1.0984,0.204,,,,-173.53,0.35,-0.21,0.0,-0.0624,0.0607,0.0114,0.655,0.265,1.109,,,2.3668,-1.0474,,,,
75.928,NAV_TO_SCAN_START,2.4609,-1.0961,0.205,,,,-173.55,0.11,-0.24,0.0,-0.0635,0.0603,0.0084,0.655,0.265,1.109,,,2.3668,-1.0474,,,,
75.995,NAV_TO_SCAN_START,2.4571,-1.0918,0.205,,,,-173.49,0.11,-0.25,0.0,-0.0673,0.0646,0.0063,0.651,0.264,1.111,,,2.3668,-1.0474,,,,
76.014,NAV_TO_SCAN_START,2.4539,-1.0891,0.203,,,,-173.49,-0.02,-0.25,0.0,-0.0686,0.0632,0.0033,0.651,0.264,1.111,,,2.3668,-1.0474,,,,
76.064,NAV_TO_SCAN_START,2.4523,-1.0861,0.202,,,,-173.52,-0.09,-0.12,0.0,-0.0647,0.062,-0.0051,0.648,0.265,1.112,,,2.3668,-1.0474,,,,
76.113,NAV_TO_SCAN_START,2.4469,-1.0806,0.202,,,,-173.56,-0.1,-0.18,0.0,-0.0723,0.0687,-0.009,0.648,0.265,1.112,,,2.3668,-1.0474,,,,
76.165,NAV_TO_SCAN_START,2.4439,-1.0785,0.2,,,,-173.61,-0.25,-0.24,0.0,-0.0721,0.0628,-0.0109,0.64,0.277,1.117,,,2.3668,-1.0474,,,,
76.213,NAV_TO_SCAN_START,2.4405,-1.0749,0.204,,,,-173.66,-0.3,-0.15,0.0,-0.0727,0.062,-0.0159,0.64,0.277,1.117,,,2.3668,-1.0474,,,,
76.264,NAV_TO_SCAN_START,2.4372,-1.0723,0.197,,,,-173.7,-0.33,-0.22,0.0,-0.0727,0.0581,-0.0065,0.637,0.279,1.117,,,2.3668,-1.0474,,,,
76.338,NAV_TO_SCAN_START,2.4344,-1.0702,0.2,,,,-173.75,-0.4,-0.16,0.0,-0.0715,0.0524,-0.017,0.637,0.279,1.117,,,2.3668,-1.0474,,,,
76.371,NAV_TO_SCAN_START,2.4307,-1.0685,0.2,,,,-173.81,-0.32,-0.13,0.0,-0.0731,0.0464,-0.0118,0.636,0.28,1.127,,,2.3668,-1.0474,,,,
76.413,NAV_TO_SCAN_START,2.426,-1.0657,0.201,,,,-173.85,-0.27,-0.21,0.0,-0.0773,0.0454,-0.0048,0.636,0.28,1.127,,,2.3668,-1.0474,,,,
76.464,NAV_TO_SCAN_START,2.4216,-1.063,0.196,,,,-173.85,-0.26,-0.28,0.0,-0.081,0.0444,-0.0033,0.634,0.286,1.126,,,2.3668,-1.0474,,,,
76.515,NAV_TO_SCAN_START,2.4193,-1.0614,0.19,,,,-173.88,-0.29,-0.31,0.0,-0.0775,0.0406,-0.0134,0.634,0.286,1.126,,,2.3668,-1.0474,,,,
76.564,NAV_TO_SCAN_START,2.415,-1.0598,0.193,,,,-173.93,-0.3,-0.3,0.0,-0.0811,0.0366,-0.0241,0.631,0.292,1.132,,,2.3668,-1.0474,,,,
76.653,NAV_TO_SCAN_START,2.4119,-1.0592,0.194,,,,-173.99,-0.35,-0.27,0.0,-0.0799,0.0298,-0.0129,0.631,0.292,1.132,,,2.3668,-1.0474,,,,
76.67,NAV_TO_SCAN_START,2.4079,-1.0579,0.195,,,,-174.06,-0.34,-0.08,0.0,-0.0809,0.0257,-0.004,0.626,0.297,1.134,,,2.3668,-1.0474,,,,
76.721,NAV_TO_SCAN_START,2.4032,-1.0563,0.196,,,,-174.15,-0.16,-0.12,0.0,-0.0836,0.0242,0.0013,0.626,0.297,1.134,,,2.3668,-1.0474,,,,
76.763,NAV_TO_SCAN_START,2.3995,-1.0561,0.196,,,,-174.13,-0.18,-0.09,0.0,-0.0828,0.0197,0.0054,0.618,0.302,1.129,,,2.3668,-1.0474,,,,
76.819,NAV_TO_SCAN_START,2.3954,-1.0547,0.197,,,,-174.11,0.12,-0.06,0.0,-0.0831,0.0208,0.0067,0.618,0.302,1.129,,,2.56,-1.16,,,,
76.863,NAV_TO_SCAN_START,2.3919,-1.0542,0.2,,,,-174.07,0.04,-0.09,-0.0,-0.0812,0.0201,0.0091,0.611,0.31,1.135,,,2.56,-1.16,,,,
76.914,NAV_TO_SCAN_START,2.3878,-1.0532,0.198,,,,-174.06,0.14,0.2,-0.0,-0.0816,0.0206,0.0203,0.611,0.31,1.135,,,2.56,-1.16,,,,
76.991,NAV_TO_SCAN_START,2.3828,-1.0516,0.2,,,,-174.03,-0.09,0.84,-0.0,-0.0809,0.0233,0.0098,0.61,0.317,1.137,,,2.56,-1.16,,,,
77.021,NAV_TO_SCAN_START,2.3796,-1.0511,0.2,,,,-174.03,-0.22,1.22,-0.0,-0.0706,0.0207,0.0119,0.61,0.317,1.137,,,2.56,-1.16,,,,
77.064,NAV_TO_SCAN_START,2.3767,-1.0505,0.202,,,,-174.0,-0.3,1.37,-0.0,-0.058,0.0186,0.0119,0.605,0.324,1.14,,,2.56,-1.16,,,,
77.114,NAV_TO_SCAN_START,2.3743,-1.0494,0.2,,,,-173.95,-0.45,1.39,-0.0,-0.0453,0.0171,0.0111,0.605,0.324,1.14,,,2.56,-1.16,,,,
77.163,NAV_TO_SCAN_START,2.3719,-1.0488,0.199,,,,-173.81,-0.44,1.37,-0.0,-0.0346,0.0138,0.0052,0.603,0.325,1.139,0.633,,2.2427,-0.9725,,,,
77.214,NAV_TO_SCAN_START,2.37,-1.0482,0.201,,,,-173.73,-0.36,1.11,0.0,-0.0244,0.0111,-0.0001,0.603,0.325,1.139,0.633,,2.2427,-0.9725,,,,
77.31,NAV_TO_SCAN_START,2.3699,-1.0483,0.205,,,,-173.68,0.07,0.4,0.0,-0.0151,0.0078,0.0061,0.596,0.33,1.142,0.612,,2.2427,-0.9725,,,,
77.328,NAV_TO_SCAN_START,2.3698,-1.0482,0.201,,,,-173.64,0.42,0.03,0.0,-0.0119,0.0078,0.0155,0.596,0.33,1.142,0.612,,2.2427,-0.9725,,,,
77.363,NAV_TO_SCAN_START,2.3696,-1.048,0.2,,,,-173.61,0.78,-0.33,0.0,-0.0122,0.0112,0.0016,0.594,0.335,1.145,,,2.2427,-0.9725,,,,
77.413,NAV_TO_SCAN_START,2.3684,-1.0478,0.199,,,,-173.56,1.04,-0.59,0.0,-0.0188,0.0166,-0.0027,0.594,0.335,1.145,,,2.2427,-0.9725,,,,
77.465,NAV_TO_SCAN_START,2.3671,-1.0461,0.2,,,,-173.57,1.16,-0.87,0.0,-0.0261,0.0279,-0.001,0.595,0.334,1.146,0.576,,2.2427,-0.9725,,,,
77.514,NAV_TO_SCAN_START,2.3625,-1.0443,0.204,,,,-173.51,1.09,-0.96,0.0,-0.0439,0.0379,-0.0004,0.595,0.334,1.146,0.576,,2.2427,-0.9725,,,,
77.563,NAV_TO_SCAN_START,2.358,-1.0417,0.204,,,,-173.5,1.08,-0.91,0.0,-0.0587,0.0481,0.0112,0.593,0.339,1.146,0.534,,2.2427,-0.9725,,,,
77.646,NAV_TO_SCAN_START,2.3536,-1.0398,0.205,,,,-173.49,0.89,-0.77,0.0,-0.07,0.0543,0.0069,0.593,0.339,1.146,0.534,,2.2427,-0.9725,,,,
77.668,NAV_TO_SCAN_START,2.3496,-1.0374,0.203,,,,-173.51,0.51,-0.66,0.0,-0.0775,0.0585,0.0058,0.592,0.349,1.15,0.501,,2.2427,-0.9725,,,,
77.716,NAV_TO_SCAN_START,2.3446,-1.0348,0.203,,,,-173.5,0.36,-0.52,0.0,-0.0856,0.0608,0.001,0.592,0.349,1.15,0.501,,2.2427,-0.9725,,,,
77.763,NAV_TO_SCAN_START,2.3391,-1.0304,0.209,,,,-173.43,0.12,-0.43,0.0,-0.0929,0.0667,-0.0022,0.598,0.359,1.157,0.463,,2.2427,-0.9725,,,,
77.813,NAV_TO_SCAN_START,2.3336,-1.0274,0.206,,,,-173.45,-0.08,-0.29,0.0,-0.0987,0.0657,0.0122,0.598,0.359,1.157,0.463,,2.2427,-0.9725,,,,
77.863,NAV_TO_SCAN_START,2.328,-1.0249,0.201,,,,-173.36,-0.12,-0.02,0.0,-0.1015,0.0628,0.0019,0.611,0.364,1.168,0.432,,2.2427,-0.9725,,,,
77.919,NAV_TO_SCAN_START,2.3239,-1.0226,0.204,,,,-173.29,-0.27,0.05,0.0,-0.0983,0.059,-0.0153,0.611,0.364,1.168,0.432,,2.2427,-0.9725,,,,
77.991,NAV_TO_SCAN_START,2.3186,-1.0204,0.205,,,,-173.28,-0.31,0.19,0.0,-0.0981,0.0545,-0.0056,0.611,0.377,1.181,0.411,,2.2427,-0.9725,,,,
78.016,NAV_TO_SCAN_START,2.3131,-1.0184,0.201,,,,-173.24,-0.31,0.41,0.0,-0.097,0.0501,-0.0022,0.611,0.377,1.181,0.411,,2.2427,-0.9725,,,,
78.063,NAV_TO_SCAN_START,2.3082,-1.0164,0.204,,,,-173.17,-0.17,0.44,0.0,-0.0934,0.0472,-0.0177,0.629,0.386,1.184,0.396,,2.2427,-0.9725,,,,
78.114,NAV_TO_SCAN_START,2.3041,-1.0148,0.204,,,,-173.24,-0.1,0.51,0.0,-0.088,0.044,-0.0055,0.629,0.386,1.184,0.396,,2.2427,-0.9725,,,,
78.164,NAV_TO_SCAN_START,2.2986,-1.0121,0.201,,,,-173.34,0.0,0.47,0.0,-0.087,0.0459,-0.0034,,0.399,1.193,0.388,,2.2427,-0.9725,,,,
78.213,NAV_TO_SCAN_START,2.2937,-1.01,0.203,,,,-173.47,0.04,0.43,0.0,-0.0853,0.0455,-0.0109,,0.399,1.193,0.388,,2.2427,-0.9725,,,,
78.289,NAV_TO_SCAN_START,2.2892,-1.0091,0.199,,,,-173.57,0.2,0.34,0.0,-0.0831,0.0425,-0.0057,,0.399,1.199,0.38,,2.2427,-0.9725,,,,
78.354,NAV_TO_SCAN_START,2.2841,-1.0058,0.199,,,,-173.66,0.13,0.27,0.0,-0.0839,0.0475,-0.0118,,0.399,1.199,0.38,,2.2427,-0.9725,,,,
78.363,NAV_TO_SCAN_START,2.2805,-1.004,0.199,,,,-173.71,0.18,0.15,0.0,-0.0805,0.0475,-0.011,,0.408,1.212,0.373,,2.2427,-0.9725,,,,
78.417,NAV_TO_SCAN_START,2.2762,-1.0023,0.2,,,,-173.83,0.28,0.23,0.0,-0.0805,0.0469,-0.0051,,0.408,1.212,0.373,,2.2427,-0.9725,,,,
78.463,NAV_TO_SCAN_START,2.2719,-1.0002,0.2,,,,-173.87,0.29,0.22,0.0,-0.0796,0.0489,-0.0031,,0.415,1.22,0.367,,2.2427,-0.9725,,,,
78.514,NAV_TO_SCAN_START,2.2678,-0.9987,0.201,,,,-173.93,0.32,0.28,0.0,-0.0786,0.0481,-0.0008,,0.415,1.22,0.367,,2.2427,-0.9725,,,,
78.563,NAV_TO_SCAN_START,2.2638,-0.9968,0.201,,,,-174.03,0.39,0.29,0.0,-0.0767,0.0494,-0.0016,,0.424,1.236,0.36,,2.2427,-0.9725,,,,
78.647,NAV_TO_SCAN_START,2.26,-0.9945,0.198,,,,-174.12,0.41,0.47,0.0,-0.0739,0.0521,0.0004,,0.424,1.236,0.36,,2.56,-1.16,,,,
78.713,NAV_TO_SCAN_START,2.2557,-0.993,0.201,,,,-174.21,0.39,0.56,-0.0,-0.0726,0.0523,-0.006,,0.43,1.25,0.356,,2.56,-1.16,,,,
78.719,NAV_TO_SCAN_START,2.2524,-0.991,0.198,,,,-174.27,0.01,0.83,0.0,-0.0671,0.053,0.0031,,0.43,1.25,0.356,,2.56,-1.16,,,,
78.766,NAV_TO_SCAN_START,2.25,-0.9892,0.199,,,,-174.27,-0.99,1.94,0.0,-0.0555,0.0488,-0.0022,,0.436,1.256,0.35,,2.56,-1.16,,,,
78.813,NAV_TO_SCAN_START,2.2466,-0.9869,0.202,,,,-174.31,-2.42,3.65,0.0,-0.0344,0.0373,-0.0008,,0.436,1.256,0.35,,2.56,-1.16,,,,
78.863,NAV_TO_SCAN_START,2.2455,-0.9858,0.205,,,,-174.29,-3.21,4.61,0.0,0.0014,0.0154,0.006,,0.442,1.253,0.35,,2.56,-1.16,,,,
78.913,NAV_TO_SCAN_START,2.2471,-0.9861,0.204,,,,-174.28,-3.57,5.16,0.0,0.0459,-0.0109,0.0075,,0.442,1.253,0.35,,2.56,-1.16,,,,
78.963,NAV_TO_SCAN_START,2.2517,-0.988,0.202,,,,-174.33,-3.63,5.12,0.0,0.0946,-0.0408,0.0024,,0.44,1.251,0.353,,2.56,-1.16,,,,
79.063,NAV_TO_SCAN_START,2.2581,-0.9911,0.201,,,,-174.35,-3.32,4.78,0.0,0.14,-0.0689,-0.004,,0.44,1.251,0.353,,2.56,-1.16,,,,
79.074,NAV_TO_SCAN_START,2.2679,-0.9959,0.199,,,,-174.36,-2.96,4.16,0.0,0.1834,-0.0981,-0.007,,0.428,1.239,0.362,,2.56,-1.16,,,,
79.124,NAV_TO_SCAN_START,2.2779,-1.0014,0.198,,,,-174.53,-2.43,3.54,0.0,0.2198,-0.1174,-0.0108,,0.428,1.239,0.362,,2.56,-1.16,,,,
79.168,NAV_TO_SCAN_START,2.2932,-1.0094,0.201,,,,-174.53,-1.82,2.78,0.0,0.2562,-0.1427,-0.0151,,0.408,1.218,0.385,,2.56,-1.16,,,,
79.213,NAV_TO_SCAN_START,2.3056,-1.0163,0.195,,,,-174.56,-1.17,2.1,0.0,0.277,-0.1518,-0.006,,0.408,1.218,0.385,,2.56,-1.16,,,,
79.264,NAV_TO_SCAN_START,2.3192,-1.0237,0.199,,,,-174.55,-0.7,1.32,0.0,0.2893,-0.1586,-0.0175,,0.388,1.184,0.423,,2.56,-1.16,,,,
79.313,NAV_TO_SCAN_START,2.333,-1.0312,0.196,,,,-174.58,-0.28,0.73,0.0,0.2968,-0.1597,-0.0048,,0.388,1.184,0.423,,2.56,-1.16,,,,
79.399,NAV_TO_SCAN_START,2.3459,-1.038,0.196,,,,-174.62,0.09,0.26,0.0,0.2943,-0.157,-0.005,,0.359,1.166,0.487,,2.56,-1.16,,,,
79.412,NAV_TO_SCAN_START,2.3609,-1.0462,0.195,,,,-174.67,0.35,0.01,0.0,0.2955,-0.157,-0.0089,,0.359,1.166,0.487,,2.56,-1.16,,,,
79.463,NAV_TO_SCAN_START,2.3736,-1.0535,0.195,,,,-174.74,0.27,-0.29,0.0,0.2869,-0.1538,-0.0052,0.598,0.348,1.138,0.658,,2.56,-1.16,,,,
79.513,NAV_TO_SCAN_START,2.3856,-1.0605,0.194,,,,-174.79,0.41,-0.42,0.0,0.2765,-0.1498,-0.0028,0.598,0.348,1.138,0.658,,2.56,-1.16,,,,
79.563,NAV_TO_SCAN_START,2.3974,-1.0668,0.195,,,,-174.84,0.42,-0.38,-0.0,0.2668,-0.1429,-0.0027,0.607,0.329,1.121,0.79,,2.56,-1.16,,,,
79.613,NAV_TO_SCAN_START,2.4081,-1.0729,0.197,,,,-174.94,1.2,-1.52,-0.0,0.2528,-0.1353,0.005,0.607,0.329,1.121,0.79,,2.56,-1.16,,,,
79.663,NAV_TO_SCAN_START,2.42,-1.0777,0.199,,,,-174.99,2.11,-2.76,-0.0,0.2317,-0.1183,0.0084,0.612,0.301,1.105,,,2.56,-1.16,,,,
79.742,NAV_TO_SCAN_START,2.431,-1.0833,0.204,,,,-175.06,2.71,-3.45,-0.0,0.2044,-0.1009,0.0079,0.612,0.301,1.105,,,2.56,-1.16,,,,
79.762,NAV_TO_SCAN_START,2.4383,-1.0864,0.203,,,,-175.07,2.75,-3.73,-0.0,0.1652,-0.0759,0.0153,0.634,0.296,1.1,,,2.56,-1.16,,,,
79.814,NAV_TO_SCAN_START,2.4428,-1.0894,0.196,,,,-175.13,2.73,-3.72,-0.0,0.1241,-0.0533,0.0105,0.634,0.296,1.1,,,2.3143,-1.012,,,,
79.863,NAV_TO_SCAN_START,2.4467,-1.0904,0.2,,,,-175.13,2.52,-3.33,0.0,0.0874,-0.0304,-0.0154,0.644,0.287,1.09,,,2.3143,-1.012,,,,
79.913,NAV_TO_SCAN_START,2.4494,-1.091,0.197,,,,-175.13,2.32,-3.17,0.0,0.0546,-0.0102,-0.0045,0.644,0.287,1.09,,,2.3143,-1.012,,,,
79.963,NAV_TO_SCAN_START,2.4513,-1.0903,0.199,,,,-175.06,2.14,-3.04,0.0,0.0253,0.0082,-0.0139,0.643,0.287,1.091,,,2.3143,-1.012,,,,
80.061,NAV_TO_SCAN_START,2.4494,-1.0895,0.197,,,,-174.97,1.96,-2.63,0.0,-0.007,0.0251,-0.0148,0.643,0.287,1.091,,,2.3143,-1.012,,,,
80.067,NAV_TO_SCAN_START,2.4486,-1.087,0.199,,,,-174.87,1.55,-2.29,0.0,-0.031,0.0404,-0.0125,0.643,0.281,1.094,,,2.3143,-1.012,,,,
80.12,NAV_TO_SCAN_START,2.4443,-1.0832,0.197,,,,-174.86,1.26,-1.74,0.0,-0.0567,0.0553,-0.01,0.643,0.281,1.094,,,2.3143,-1.012,,,,
80.163,NAV_TO_SCAN_START,2.4392,-1.0802,0.197,,,,-174.82,0.89,-1.32,0.0,-0.0756,0.0646,-0.0069,0.639,0.277,1.1,,,2.3143,-1.012,,,,
80.213,NAV_TO_SCAN_START,2.4348,-1.0771,0.193,,,,-174.81,0.89,-0.94,0.0,-0.0871,0.071,-0.0017,0.639,0.277,1.1,,,2.3143,-1.012,,,,
80.263,NAV_TO_SCAN_START,2.4283,-1.0729,0.195,,,,-175.03,0.7,-0.54,0.0,-0.0996,0.0797,-0.0101,0.632,0.283,1.1,,,2.3143,-1.012,,,,
80.326,NAV_TO_SCAN_START,2.4249,-1.0678,0.193,,,,-175.31,0.43,-0.25,0.0,-0.1,0.0856,0.0005,0.632,0.283,1.1,,,2.3143,-1.012,,,,
80.407,NAV_TO_SCAN_START,2.4192,-1.0644,0.195,,,,-175.66,0.35,-0.19,0.0,-0.1031,0.087,0.0027,0.633,0.29,1.115,,,2.3143,-1.012,,,,
80.412,NAV_TO_SCAN_START,2.4147,-1.0611,0.192,,,,-175.91,0.18,-0.07,0.0,-0.1017,0.0869,0.0041,0.633,0.29,1.115,,,2.3143,-1.012,,,,
80.474,NAV_TO_SCAN_START,2.4101,-1.0572,0.194,,,,-176.14,0.01,0.01,0.0,-0.1007,0.0862,0.0027,0.633,0.293,1.122,,,2.3143,-1.012,,,,
80.512,NAV_TO_SCAN_START,2.4052,-1.0536,0.194,,,,-176.18,-0.22,0.15,0.0,-0.0988,0.0838,0.0044,0.633,0.293,1.122,,,2.3143,-1.012,,,,
80.563,NAV_TO_SCAN_START,2.4001,-1.0491,0.199,,,,-176.18,-0.46,0.11,0.0,-0.0985,0.0823,0.0082,0.641,0.301,1.127,,,2.3143,-1.012,,,,
80.613,NAV_TO_SCAN_START,2.3939,-1.0458,0.2,,,,-176.08,-0.7,0.07,0.0,-0.1013,0.0756,0.0174,0.641,0.301,1.127,,,2.3143,-1.012,,,,
80.671,NAV_TO_SCAN_START,2.3897,-1.0426,0.2,,,,-175.9,-0.9,0.24,0.0,-0.0975,0.0677,0.0197,0.639,0.315,1.141,,,2.3143,-1.012,,,,
80.746,NAV_TO_SCAN_START,2.3855,-1.0398,0.201,,,,-175.8,-0.87,0.18,0.0,-0.0929,0.0589,0.0154,0.639,0.315,1.141,,,2.3143,-1.012,,,,
80.763,NAV_TO_SCAN_START,2.3808,-1.0374,0.198,,,,-175.73,-0.84,0.19,0.0,-0.0912,0.0503,0.0154,0.647,0.322,1.14,,,2.3143,-1.012,,,,
80.813,NAV_TO_SCAN_START,2.3757,-1.0351,0.2,,,,-175.64,-0.71,0.15,0.0,-0.0914,0.0433,0.0048,0.647,0.322,1.14,,,2.3143,-1.012,,,,
80.862,NAV_TO_SCAN_START,2.3711,-1.0337,0.199,,,,-175.58,-0.64,0.13,0.0,-0.0906,0.0351,0.0061,,0.33,1.156,,,2.3143,-1.012,,,,
80.914,NAV_TO_SCAN_START,2.3668,-1.0322,0.203,,,,-175.56,-0.52,0.19,0.0,-0.0886,0.0295,0.0058,,0.33,1.156,,,2.3143,-1.012,,,,
80.962,NAV_TO_SCAN_START,2.3622,-1.0312,0.201,,,,-175.49,-0.28,0.22,0.0,-0.0876,0.0245,0.012,,0.335,1.16,,,2.3143,-1.012,,,,
81.014,NAV_TO_SCAN_START,2.3576,-1.0306,0.204,,,,-175.34,-0.1,0.26,0.0,-0.087,0.0201,0.0075,,0.335,1.16,,,2.3143,-1.012,,,,
81.087,NAV_TO_SCAN_START,2.353,-1.0297,0.204,,,,-175.27,-0.07,0.25,0.0,-0.0863,0.0187,0.011,,0.347,1.168,,,2.3143,-1.012,,,,
81.115,NAV_TO_SCAN_START,2.3474,-1.0284,0.202,,,,-175.19,0.14,0.27,0.0,-0.0889,0.0192,0.013,,0.347,1.168,,,2.3143,-1.012,,,,
81.162,NAV_TO_SCAN_START,2.3428,-1.0278,0.202,,,,-175.08,0.23,0.48,0.0,-0.0873,0.0192,0.0048,,0.355,1.163,,,2.3143,-1.012,,,,
81.213,YAW_ALIGN,2.3381,-1.0277,0.202,,,,-174.96,0.17,0.48,-0.0,-0.0857,0.0176,0.0058,,0.355,1.163,,,,,,,,
81.264,YAW_ALIGN,2.334,-1.0271,0.205,,,,-174.84,0.29,0.47,20.0,-0.0822,0.0183,0.0054,,0.367,1.169,,,,,,,,
81.312,YAW_ALIGN,2.3308,-1.0267,0.206,,,,-174.54,-0.09,0.92,20.0,-0.0742,0.0183,0.0089,,0.367,1.169,,,,,,,,
81.406,YAW_ALIGN,2.3263,-1.026,0.205,,,,-174.06,-0.33,1.23,20.0,-0.0688,0.0165,0.0123,0.602,0.379,1.169,0.437,,,,,,,
81.412,YAW_ALIGN,2.3229,-1.0256,0.209,,,,-173.44,-0.4,1.44,20.0,-0.0587,0.0129,0.0076,0.602,0.379,1.169,0.437,,,,,,,
81.463,YAW_ALIGN,2.3199,-1.0256,0.209,,,,-172.71,-0.55,1.57,20.0,-0.0475,0.0076,0.0142,0.585,0.383,1.156,0.418,,,,,,,
81.513,YAW_ALIGN,2.3174,-1.0257,0.207,,,,-171.84,-0.58,1.53,20.0,-0.0359,0.0026,0.0145,0.585,0.383,1.156,0.418,,,,,,,
81.562,YAW_ALIGN,2.316,-1.0264,0.208,,,,-170.84,-0.53,1.43,20.0,-0.0237,-0.0039,0.0022,0.559,0.389,1.158,0.413,,,,,,,
81.614,YAW_ALIGN,2.3154,-1.0279,0.208,,,,-169.84,-0.5,1.21,20.0,-0.0126,-0.0122,0.0018,0.559,0.389,1.158,0.413,,,,,,,
81.688,YAW_ALIGN,2.315,-1.0297,0.205,,,,-168.72,-0.31,1.02,20.0,-0.0045,-0.0193,0.0,0.542,0.396,1.151,0.41,,,,,,,
81.787,YAW_ALIGN,2.3158,-1.0321,0.206,,,,-167.62,-0.24,0.74,20.0,0.0042,-0.0264,-0.0101,0.542,0.396,1.151,0.41,,,,,,,
81.809,YAW_ALIGN,2.3163,-1.034,0.202,,,,-166.5,-0.01,0.64,20.0,0.01,-0.0289,-0.0068,0.529,0.39,1.165,0.414,,,,,,,
81.815,YAW_ALIGN,2.3167,-1.0367,0.209,,,,-165.36,0.2,0.56,20.0,0.0126,-0.0325,-0.0158,0.529,0.39,1.165,0.414,,,,,,,
81.88,YAW_ALIGN,2.3171,-1.0392,0.207,,,,-164.22,0.41,0.38,20.0,0.0142,-0.0331,0.0032,0.53,0.395,1.18,0.421,,,,,,,
81.933,YAW_ALIGN,2.3176,-1.0422,0.207,,,,-163.03,0.62,0.38,20.0,0.0139,-0.0335,0.0011,0.53,0.395,1.18,0.421,,,,,,,
81.963,YAW_ALIGN,2.3174,-1.044,0.206,,,,-161.85,0.74,0.31,20.0,0.0121,-0.0281,-0.0037,0.528,0.396,1.232,0.428,,,,,,,
82.013,YAW_ALIGN,2.3183,-1.0464,0.206,,,,-160.64,0.8,0.27,20.0,0.0126,-0.0249,-0.0042,0.528,0.396,1.232,0.428,,,,,,,
82.065,YAW_ALIGN,2.319,-1.0484,0.206,,,,-159.52,0.79,0.23,20.0,0.0121,-0.021,-0.0039,0.537,0.402,,0.434,,,,,,,
82.131,YAW_ALIGN,2.3169,-1.0495,0.205,,,,-158.44,0.8,0.32,20.0,0.0043,-0.0141,-0.0045,0.537,0.402,,0.434,,,,,,,
82.166,YAW_ALIGN,2.3166,-1.0503,0.206,,,,-157.35,0.84,0.33,20.0,0.0027,-0.0073,-0.0068,0.546,0.408,,0.443,,,,,,,
82.213,YAW_ALIGN,2.3151,-1.0515,0.206,,,,-156.35,0.65,0.31,20.0,-0.0018,-0.003,-0.0045,0.546,0.408,,0.443,,,,,,,
82.264,YAW_ALIGN,2.311,-1.0523,0.207,,,,-155.36,0.52,0.33,20.0,-0.0124,0.0011,-0.0048,0.558,0.413,,0.451,,,,,,,
82.312,YAW_ALIGN,2.3086,-1.0525,0.208,,,,-154.41,0.42,0.33,20.0,-0.0162,0.0052,-0.0006,0.558,0.413,,0.451,,,,,,,
82.362,YAW_ALIGN,2.305,-1.0531,0.206,,,,-153.51,0.19,0.36,20.0,-0.0222,0.0068,-0.0009,0.565,0.424,,0.459,,,,,,,
82.445,YAW_ALIGN,2.3015,-1.0535,0.203,,,,-152.56,0.1,0.41,20.0,-0.0265,0.0075,-0.0078,0.565,0.424,,0.459,,,,,,,
82.49,YAW_ALIGN,2.2981,-1.0551,0.205,,,,-151.63,-0.19,0.52,20.0,-0.0288,0.0038,-0.015,0.572,0.432,,0.489,,,,,,,
82.512,YAW_ALIGN,2.2955,-1.0559,0.202,,,,-150.63,-0.2,0.6,20.0,-0.0271,0.0021,-0.01,0.572,0.432,,0.489,,,,,,,
82.563,YAW_ALIGN,2.2923,-1.0569,0.201,,,,-149.59,-0.33,0.59,20.0,-0.027,-0.0002,-0.0168,0.582,0.443,2.899,,,,,,,,
82.612,YAW_ALIGN,2.2907,-1.0575,0.2,,,,-148.57,-0.39,0.55,20.0,-0.0225,-0.0021,-0.0164,0.582,0.443,2.899,,,,,,,,
82.662,YAW_ALIGN,2.2889,-1.0602,0.202,,,,-147.52,-0.31,0.56,20.0,-0.0191,-0.0095,-0.0149,0.59,0.455,,,,,,,,,
82.712,YAW_ALIGN,2.2866,-1.0609,0.201,,,,-146.51,-0.28,0.55,20.0,-0.0181,-0.0096,-0.0069,0.59,0.455,,,,,,,,,
82.802,YAW_ALIGN,2.2848,-1.0631,0.204,,,,-145.45,-0.22,0.63,20.0,-0.0156,-0.0137,-0.0066,0.597,0.471,,,,,,,,,
82.813,YAW_ALIGN,2.2843,-1.0654,0.199,,,,-144.3,-0.1,0.61,20.0,-0.0099,-0.0169,-0.0002,0.597,0.471,,,,,,,,,
82.861,YAW_ALIGN,2.2822,-1.0675,0.199,,,,-143.1,-0.09,0.43,20.0,-0.0107,-0.0186,-0.0112,0.609,0.482,,,,,,,,,
82.912,YAW_ALIGN,2.2811,-1.0695,0.198,,,,-142.04,-0.04,0.47,20.0,-0.0091,-0.0199,-0.0107,0.609,0.482,,,,,,,,,
82.962,YAW_ALIGN,2.2797,-1.0719,0.2,,,,-140.9,0.03,0.5,20.0,-0.0086,-0.0215,-0.0095,0.624,0.49,,,,,,,,,
83.012,YAW_ALIGN,2.2783,-1.0736,0.2,,,,-139.71,0.09,0.5,20.0,-0.0085,-0.0207,-0.0036,0.624,0.49,,,,,,,,,
83.07,YAW_ALIGN,2.2777,-1.0761,0.198,,,,-138.59,0.17,0.52,20.0,-0.007,-0.0216,-0.0027,0.644,0.503,,,,,,,,,
83.155,YAW_ALIGN,2.2771,-1.0783,0.199,,,,-137.58,0.28,0.6,20.0,-0.0058,-0.0206,-0.0072,0.644,0.503,,,,,,,,,
83.162,YAW_ALIGN,2.2756,-1.0801,0.195,,,,-136.62,0.17,0.47,20.0,-0.0072,-0.0185,-0.0019,0.667,0.516,,,,,,,,,
83.213,YAW_ALIGN,2.2748,-1.0833,0.199,,,,-135.68,0.21,0.49,20.0,-0.0068,-0.0215,-0.0109,0.667,0.516,,,,,,,,,
83.262,YAW_ALIGN,2.2731,-1.0853,0.196,,,,-134.81,0.31,0.62,20.0,-0.009,-0.0198,-0.0025,0.69,0.525,,1.331,,,,,,,
83.313,YAW_ALIGN,2.2724,-1.0875,0.197,,,,-133.85,0.13,0.62,20.0,-0.0078,-0.0184,-0.0066,0.69,0.525,,1.331,,,,,,,
83.363,YAW_ALIGN,2.2709,-1.0899,0.196,,,,-132.87,0.18,0.71,20.0,-0.0083,-0.018,-0.0044,0.71,0.535,,1.338,,,,,,,
83.418,YAW_ALIGN,2.2695,-1.0915,0.2,,,,-131.81,0.11,0.69,20.0,-0.0079,-0.0151,-0.0016,0.71,0.535,,1.338,,,,,,,
83.486,YAW_ALIGN,2.2669,-1.0928,0.2,,,,-130.59,-0.07,0.69,20.0,-0.0107,-0.0121,0.0053,0.731,0.551,,1.354,,,,,,,
83.531,YAW_ALIGN,2.2651,-1.0933,0.196,,,,-129.33,-0.22,0.51,20.0,-0.0105,-0.0087,0.0084,0.731,0.551,,1.354,,,,,,,
83.572,YAW_ALIGN,2.2637,-1.0949,0.196,,,,-128.06,-0.19,0.61,20.0,-0.0092,-0.01,-0.0048,0.765,0.581,,1.379,,,,,,,
83.611,YAW_ALIGN,2.261,-1.0981,0.197,,,,-126.95,-0.27,0.51,20.0,-0.0118,-0.0154,-0.0008,0.765,0.581,,1.379,,,,,,,
83.662,YAW_ALIGN,2.26,-1.1004,0.197,,,,-125.86,-0.31,0.43,20.0,-0.0085,-0.0183,0.0052,0.806,,,1.427,,,,,,,
83.711,YAW_ALIGN,2.2591,-1.1028,0.197,,,,-124.82,-0.2,0.42,20.0,-0.0065,-0.0214,0.0032,0.806,,,1.427,,,,,,,
83.802,YAW_ALIGN,2.2577,-1.1059,0.201,,,,-123.86,-0.12,0.54,20.0,-0.0067,-0.0253,0.0015,0.83,,,1.474,,,,,,,
83.832,YAW_ALIGN,2.2571,-1.1084,0.2,,,,-123.02,0.12,0.67,20.0,-0.0048,-0.0254,0.0116,0.83,,,1.474,,,,,,,
83.878,YAW_ALIGN,2.2562,-1.1124,0.199,,,,-122.17,0.22,0.79,20.0,-0.0048,-0.0279,0.0069,0.852,,,1.513,,,,,,,
83.918,YAW_ALIGN,2.2549,-1.1154,0.2,,,,-121.35,0.37,0.83,20.0,-0.0068,-0.0264,0.0007,0.852,,,1.513,,,,,,,
83.963,YAW_ALIGN,2.2535,-1.1181,0.2,,,,-120.56,0.33,0.79,20.0,-0.009,-0.0234,0.004,0.871,,,1.488,,,,,,,
84.012,YAW_ALIGN,2.2522,-1.1201,0.199,,,,-119.73,0.37,0.92,20.0,-0.0108,-0.0188,0.0028,0.871,,,1.488,,,,,,,
84.062,YAW_ALIGN,2.2505,-1.1231,0.201,,,,-118.95,0.35,0.93,20.0,-0.013,-0.017,-0.0032,0.896,,,1.366,,,,,,,
84.135,YAW_ALIGN,2.2487,-1.1244,0.201,,,,-118.08,0.21,0.9,20.0,-0.0151,-0.0107,0.0023,0.896,,,1.366,,,,,,,
84.164,YAW_ALIGN,2.2472,-1.1271,0.205,,,,-117.1,0.18,0.78,20.0,-0.0154,-0.0104,0.0016,0.938,,,,,,,,,,
84.214,YAW_ALIGN,2.2453,-1.1287,0.198,,,,-116.15,0.15,0.79,20.0,-0.0171,-0.0075,0.0086,0.938,,,,,,,,,,
84.262,YAW_ALIGN,2.244,-1.1308,0.203,,,,-115.21,0.06,0.77,20.0,-0.0165,-0.0069,-0.0115,0.983,,,1.125,,,,,,,
84.312,YAW_ALIGN,2.2426,-1.1335,0.201,,,,-114.31,-0.05,0.68,20.0,-0.0161,-0.0086,-0.0001,0.983,,,1.125,,,,,,,
84.361,YAW_ALIGN,2.2414,-1.1351,0.199,,,,-113.37,-0.21,0.57,20.0,-0.014,-0.0075,0.0006,,,,1.095,,,,,,,
84.416,YAW_ALIGN,2.2404,-1.1366,0.201,,,,-112.4,-0.16,0.56,20.0,-0.0119,-0.0075,-0.009,,,,1.095,,,,,,,
84.499,YAW_ALIGN,2.2394,-1.1403,0.199,,,,-111.47,-0.29,0.53,20.0,-0.01,-0.0139,-0.0009,,,,1.088,,,,,,,
84.516,YAW_ALIGN,2.239,-1.1431,0.201,,,,-110.48,-0.21,0.53,20.0,-0.0064,-0.0171,-0.0048,,,,1.088,,,,,,,
84.563,YAW_ALIGN,2.2396,-1.1462,0.2,,,,-109.47,-0.1,0.51,20.0,-0.0016,-0.0203,-0.002,,,,1.078,,,,,,,
84.612,YAW_ALIGN,2.2393,-1.1489,0.199,,,,-108.39,-0.03,0.56,20.0,-0.0004,-0.0213,-0.0015,,,,1.078,,,,,,,
84.661,YAW_ALIGN,2.2393,-1.1521,0.201,,,,-107.37,0.04,0.68,20.0,0.0008,-0.0232,-0.0044,2.806,,,,,,,,,,
84.712,YAW_ALIGN,2.2393,-1.1559,0.202,,,,-106.36,0.13,0.66,20.0,0.0018,-0.0253,0.0007,2.806,,,,,,,,,,
84.768,YAW_ALIGN,2.2388,-1.1598,0.2,,,,-105.33,0.17,0.62,20.0,0.0001,-0.0279,0.001,,,,1.09,,,,,,,
84.849,YAW_ALIGN,2.2392,-1.1629,0.2,,,,-104.38,0.22,0.56,20.0,0.0009,-0.028,-0.0042,,,,1.09,,,,,,,
84.862,YAW_ALIGN,2.2383,-1.1671,0.198,,,,-103.45,0.21,0.48,20.0,-0.0024,-0.0313,-0.0038,,,,1.128,,,,,,,
84.926,YAW_ALIGN,2.2375,-1.1705,0.201,,,,-102.48,0.21,0.59,20.0,-0.0051,-0.0322,-0.0087,,,,1.128,,,,,,,
84.973,YAW_ALIGN,2.2365,-1.1753,0.202,,,,-101.53,0.33,0.65,20.0,-0.0081,-0.0355,-0.0014,,,,,,,,,,,
85.012,YAW_ALIGN,2.2364,-1.1776,0.199,,,,-100.52,0.29,0.7,20.0,-0.0089,-0.0314,0.0036,,,,,,,,,,,
85.062,YAW_ALIGN,2.2352,-1.1802,0.199,,,,-99.46,0.2,0.72,20.0,-0.0117,-0.0282,-0.0059,1.573,,,,,,,,,,
85.111,YAW_ALIGN,2.2342,-1.1827,0.198,,,,-98.49,0.22,0.75,20.0,-0.0135,-0.0252,-0.0057,1.573,,,,,,,,,,
85.169,YAW_ALIGN,2.2333,-1.1856,0.198,,,,-97.51,0.14,0.83,20.0,-0.0148,-0.0234,-0.0066,1.527,,,,,,,,,,
85.216,YAW_ALIGN,2.2322,-1.1873,0.196,,,,-96.48,-0.01,0.7,20.0,-0.0154,-0.0185,-0.0038,1.527,,,,,,,,,,
85.262,YAW_ALIGN,2.2305,-1.1896,0.197,,,,-95.48,-0.01,0.6,20.0,-0.0173,-0.0173,-0.0072,1.492,,,,,,,,,,
85.312,YAW_ALIGN,2.2296,-1.1921,0.197,,,,-94.5,-0.06,0.67,20.0,-0.0168,-0.0165,-0.0029,1.492,,,,,,,,,,
85.361,YAW_ALIGN,2.2286,-1.1948,0.199,,,,-93.49,-0.12,0.69,20.0,-0.0159,-0.0166,-0.0009,1.431,,,0.487,,,,,,,
85.412,YAW_ALIGN,2.2283,-1.1973,0.197,,,,-92.48,-0.06,0.66,20.0,-0.0139,-0.0162,0.004,1.431,,,0.487,,,,,,,
85.484,YAW_ALIGN,2.2278,-1.2002,0.201,,,,-91.54,-0.2,0.55,20.0,-0.0122,-0.0178,-0.0017,1.332,0.554,,0.463,,,,,,,
85.522,YAW_ALIGN,2.2276,-1.2024,0.197,,,,-90.66,-0.16,0.59,20.0,-0.0095,-0.0173,0.0059,1.332,0.554,,0.463,,,,,,,
85.566,YAW_ALIGN,2.2277,-1.2046,0.198,,,,-89.65,-0.06,0.69,20.0,-0.007,-0.0165,-0.003,1.243,0.543,,0.451,,,,,,,
85.611,YAW_ALIGN,2.2273,-1.2076,0.197,,,,-88.64,-0.08,0.52,20.0,-0.0069,-0.0185,-0.0023,1.243,0.543,,0.451,,,,,,,
85.662,YAW_ALIGN,2.2273,-1.2103,0.197,,,,-87.66,-0.13,0.57,20.0,-0.0054,-0.0197,-0.0,1.157,0.541,,0.445,,,,,,,
85.711,YAW_ALIGN,2.228,-1.2131,0.196,,,,-86.58,-0.04,0.51,20.0,-0.0022,-0.0209,-0.0052,1.157,0.541,,0.445,,,,,,,
85.762,YAW_ALIGN,2.2274,-1.2158,0.197,,,,-85.51,-0.13,0.43,20.0,-0.0037,-0.0223,-0.0055,1.094,0.541,,0.443,,,,,,,
85.847,YAW_ALIGN,2.2288,-1.2193,0.197,,,,-84.43,-0.17,0.49,20.0,0.0018,-0.0259,-0.0018,1.094,0.541,,0.443,,,,,,,
85.861,YAW_ALIGN,2.2288,-1.2223,0.197,,,,-83.37,-0.09,0.51,20.0,0.0023,-0.0277,-0.0015,1.048,0.544,,0.451,,,,,,,
85.912,YAW_ALIGN,2.2297,-1.2263,0.197,,,,-82.29,-0.19,0.59,20.0,0.0045,-0.0315,-0.0016,1.048,0.544,,0.451,,,,,,,
85.962,YAW_ALIGN,2.2307,-1.2288,0.198,,,,-81.18,-0.16,0.64,20.0,0.0077,-0.03,-0.0003,1.02,0.547,,0.459,,,,,,,
86.011,YAW_ALIGN,2.2324,-1.2312,0.2,,,,-80.08,-0.14,0.72,20.0,0.0118,-0.0272,0.0039,1.02,0.547,,0.459,,,,,,,
86.061,YAW_ALIGN,2.2333,-1.234,0.197,,,,-78.99,-0.13,0.82,20.0,0.0123,-0.0255,0.0053,1.003,0.556,,0.467,,,,,,,
86.111,YAW_ALIGN,2.2359,-1.236,0.193,,,,-77.84,-0.11,0.79,20.0,0.0181,-0.0214,-0.0029,1.003,0.556,,0.467,,,,,,,
86.175,YAW_ALIGN,2.2371,-1.2384,0.196,,,,-76.82,-0.06,0.77,20.0,0.0184,-0.0196,-0.0129,0.999,0.563,0.529,0.479,,,,,,,
86.217,YAW_ALIGN,2.2395,-1.2404,0.199,,,,-75.85,-0.09,0.73,20.0,0.0219,-0.017,-0.0033,0.999,0.563,0.529,0.479,,,,,,,
86.262,YAW_ALIGN,2.2412,-1.2428,0.197,,,,-74.85,0.01,0.69,20.0,0.0225,-0.0159,0.0043,1.006,0.572,0.505,0.488,,,,,,,
86.311,YAW_ALIGN,2.2446,-1.2446,0.198,,,,-73.93,0.03,0.72,20.0,0.0281,-0.0143,-0.0011,1.006,0.572,0.505,0.488,,,,,,,
86.362,YAW_ALIGN,2.2474,-1.2464,0.198,,,,-73.04,0.16,0.73,20.0,0.0295,-0.0125,0.0013,1.019,0.583,0.485,0.501,,,,,,,
86.411,YAW_ALIGN,2.2503,-1.2489,0.195,,,,-72.04,0.24,0.73,20.0,0.0311,-0.0132,0.0032,1.019,0.583,0.485,0.501,,,,,,,
86.493,YAW_ALIGN,2.253,-1.2503,0.196,,,,-71.11,0.37,0.74,20.0,0.0305,-0.011,-0.0063,1.034,0.596,0.472,0.51,,,,,,,
86.512,YAW_ALIGN,2.2553,-1.2519,0.195,,,,-70.23,0.45,0.79,20.0,0.0277,-0.0093,-0.0015,1.034,0.596,0.472,0.51,,,,,,,
86.561,YAW_ALIGN,2.2575,-1.2534,0.198,,,,-69.29,0.45,0.76,20.0,0.0249,-0.0079,0.0008,,0.61,0.459,0.516,,,,,,,
86.611,YAW_ALIGN,2.2596,-1.2545,0.199,,,,-68.3,0.44,0.84,20.0,0.0218,-0.0052,0.0087,,0.61,0.459,0.516,,,,,,,
86.661,YAW_ALIGN,2.2616,-1.2575,0.198,,,,-67.34,0.3,0.68,20.0,0.0198,-0.0086,0.0103,1.23,0.632,0.452,0.522,,,,,,,
86.711,YAW_ALIGN,2.2637,-1.2589,0.196,,,,-66.3,0.43,0.66,20.0,0.0187,-0.008,0.0067,1.23,0.632,0.452,0.522,,,,,,,
86.766,YAW_ALIGN,2.2658,-1.2612,0.201,,,,-65.33,0.5,0.74,20.0,0.0171,-0.01,0.0023,,0.68,0.447,0.53,,,,,,,
86.856,YAW_ALIGN,2.2691,-1.2632,0.202,,,,-64.27,0.39,0.76,20.0,0.0195,-0.0108,0.0136,,0.68,0.447,0.53,,,,,,,
86.861,YAW_ALIGN,2.2707,-1.2652,0.201,,,,-63.18,0.45,0.74,20.0,0.0164,-0.0113,0.0114,,,0.446,0.548,,,,,,,
86.932,YAW_ALIGN,2.2723,-1.2675,0.196,,,,-62.09,0.37,0.86,20.0,0.0139,-0.0126,0.0044,,,0.446,0.548,,,,,,,
86.968,YAW_ALIGN,2.2737,-1.2695,0.197,,,,-60.95,0.35,0.95,20.0,0.0105,-0.0121,-0.0073,2.884,,0.446,0.567,,,,,,,
87.011,YAW_ALIGN,2.2749,-1.2712,0.198,,,,-59.86,0.36,0.93,20.0,0.0067,-0.01,-0.0036,2.884,,0.446,0.567,,,,,,,
87.061,YAW_ALIGN,2.2766,-1.2733,0.196,,,,-58.8,0.19,0.88,20.0,0.0058,-0.0098,0.0028,,,0.455,0.583,,,,,,,
87.118,YAW_ALIGN,2.2769,-1.274,0.199,,,,-57.68,0.18,0.9,20.0,0.0009,-0.0053,-0.004,,,0.455,0.583,,,,,,,
87.176,YAW_ALIGN,2.2771,-1.2754,0.201,,,,-56.63,0.29,0.78,20.0,-0.0038,-0.0039,0.0066,2.965,,0.456,0.6,,,,,,,
87.212,YAW_ALIGN,2.2785,-1.2774,0.201,,,,-55.52,0.11,0.66,20.0,-0.0032,-0.0051,0.0135,2.965,,0.456,0.6,,,,,,,
87.261,YAW_ALIGN,2.2778,-1.2802,0.2,,,,-54.46,0.24,0.58,20.0,-0.0082,-0.0092,0.0092,,,0.469,0.618,,,,,,,
87.312,YAW_ALIGN,2.2787,-1.2807,0.199,,,,-53.42,0.21,0.57,20.0,-0.0082,-0.0069,0.0059,,,0.469,0.618,,,,,,,
87.361,YAW_ALIGN,2.2794,-1.2827,0.201,,,,-52.34,0.21,0.47,20.0,-0.0089,-0.0089,0.0001,3.103,,0.48,0.632,,,,,,,
87.411,YAW_ALIGN,2.2791,-1.2839,0.203,,,,-51.29,0.19,0.4,20.0,-0.0117,-0.0094,0.0068,3.103,,0.48,0.632,,,,,,,
87.497,YAW_ALIGN,2.2784,-1.2866,0.203,,,,-50.2,0.21,0.46,20.0,-0.0154,-0.0141,0.0083,,,0.483,0.652,,,,,,,
87.511,YAW_ALIGN,2.2798,-1.2888,0.204,,,,-49.14,0.09,0.44,20.0,-0.0127,-0.0162,0.0069,,,0.483,0.652,,,,,,,
87.562,YAW_ALIGN,2.2769,-1.2936,0.205,,,,-48.15,0.13,0.49,20.0,-0.0222,-0.0256,0.0078,,1.442,0.496,0.668,,,,,,,
87.611,YAW_ALIGN,2.2769,-1.2967,0.207,,,,-47.14,-0.07,0.46,20.0,-0.022,-0.0283,0.0076,,1.442,0.496,0.668,,,,,,,
87.661,YAW_ALIGN,2.2782,-1.2985,0.206,,,,-46.17,-0.21,0.4,20.0,-0.0171,-0.026,0.0072,,1.464,0.508,0.697,,,,,,,
87.711,YAW_ALIGN,2.2808,-1.3004,0.205,,,,-45.23,-0.42,0.29,20.0,-0.008,-0.0238,0.0008,,1.464,0.508,0.697,,,,,,,
87.763,YAW_ALIGN,2.2815,-1.3024,0.202,,,,-44.25,-0.37,0.34,20.0,-0.0044,-0.022,-0.0046,,1.478,0.518,0.726,,,,,,,
87.834,YAW_ALIGN,2.2839,-1.3053,0.201,,,,-43.31,-0.31,0.41,20.0,0.0021,-0.0228,-0.0141,,1.478,0.518,0.726,,,,,,,
87.863,YAW_ALIGN,2.2859,-1.306,0.201,,,,-42.39,-0.2,0.56,20.0,0.0059,-0.0174,-0.0124,,1.5,0.53,0.746,,,,,,,
87.91,YAW_ALIGN,2.289,-1.3077,0.202,,,,-41.42,-0.2,0.49,20.0,0.0111,-0.0157,-0.0107,,1.5,0.53,0.746,,,,,,,
87.961,YAW_ALIGN,2.2905,-1.3085,0.2,,,,-40.42,-0.05,0.64,20.0,0.0112,-0.0121,-0.0072,,1.526,0.545,0.771,,,,,,,
88.011,YAW_ALIGN,2.2934,-1.3102,0.199,,,,-39.41,0.07,0.66,20.0,0.0132,-0.0119,-0.0089,,1.526,0.545,0.771,,,,,,,
88.06,YAW_ALIGN,2.2952,-1.3118,0.198,,,,-38.36,0.09,0.64,20.0,0.0112,-0.0118,-0.0098,,1.54,0.557,0.79,,,,,,,
88.162,YAW_ALIGN,2.2969,-1.3134,0.201,,,,-37.38,0.14,0.65,20.0,0.0099,-0.0122,-0.0091,,1.54,0.557,0.79,,,,,,,
88.17,YAW_ALIGN,2.298,-1.3149,0.201,,,,-36.38,0.14,0.65,20.0,0.0066,-0.0125,-0.0012,,1.523,0.568,0.824,,,,,,,
88.214,YAW_ALIGN,2.2997,-1.3173,0.202,,,,-35.32,0.14,0.67,20.0,0.0055,-0.0153,0.0018,,1.523,0.568,0.824,,,,,,,
88.261,YAW_ALIGN,2.302,-1.3194,0.206,,,,-34.29,0.08,0.51,20.0,0.0066,-0.0172,0.003,,1.479,0.582,0.86,,,,,,,
88.311,YAW_ALIGN,2.3029,-1.3213,0.202,,,,-33.21,-0.03,0.53,20.0,0.0049,-0.0184,0.0102,,1.479,0.582,0.86,,,,,,,
88.362,YAW_ALIGN,2.3055,-1.3244,0.206,,,,-32.1,-0.06,0.47,20.0,0.0086,-0.0223,-0.0004,,1.389,0.598,0.913,,,,,,,
88.421,YAW_ALIGN,2.3069,-1.3262,0.205,,,,-30.96,-0.11,0.53,20.0,0.0085,-0.0218,0.0081,,1.389,0.598,0.913,,,,,,,
88.513,YAW_ALIGN,2.3088,-1.3281,0.199,,,,-29.72,-0.2,0.71,20.0,0.0089,-0.0207,0.0024,,,0.622,,,,,,,,
88.524,YAW_ALIGN,2.3105,-1.3296,0.202,,,,-28.5,-0.24,0.64,20.0,0.0086,-0.0183,-0.0138,,,0.622,,,,,,,,
88.561,YAW_ALIGN,2.3108,-1.3328,0.201,,,,-27.21,-0.23,0.74,20.0,0.004,-0.0206,-0.0029,,1.243,0.65,,,,,,,,
88.617,YAW_ALIGN,2.3119,-1.3339,0.2,,,,-25.93,-0.34,0.61,20.0,0.0025,-0.0164,-0.0028,,1.243,0.65,,,,,,,,
88.66,YAW_ALIGN,2.3159,-1.3368,0.202,,,,-24.76,-0.43,0.6,20.0,0.0106,-0.0182,-0.0027,,1.213,,,,,,,,,
88.711,YAW_ALIGN,2.3179,-1.3387,0.203,,,,-23.69,-0.37,0.69,20.0,0.0111,-0.0161,0.0019,,1.213,,,,,,,,,
88.761,YAW_ALIGN,2.3188,-1.3404,0.2,,,,-22.71,-0.43,0.76,20.0,0.0081,-0.0139,0.004,,1.207,,,,,,,,,
88.845,YAW_ALIGN,2.3219,-1.3415,0.205,,,,-21.8,-0.16,0.89,20.0,0.0103,-0.0106,-0.0026,,1.207,,,,,,,,,
88.861,YAW_ALIGN,2.3228,-1.3418,0.203,,,,-20.99,-0.18,0.89,20.0,0.0047,-0.0062,0.0083,,1.215,,,,,,,,,
88.921,YAW_ALIGN,2.3242,-1.343,0.201,,,,-20.2,-0.13,0.93,20.0,0.0015,-0.005,0.0038,,1.215,,,,,,,,,
88.967,YAW_ALIGN,2.3248,-1.3424,0.202,,,,-19.43,0.07,0.79,20.0,-0.0036,-0.0001,-0.0058,,1.217,,,,,,,,,
89.01,YAW_ALIGN,2.3266,-1.3431,0.2,,,,-18.6,0.16,0.73,20.0,-0.004,-0.0013,-0.0025,,1.217,,,,,,,,,
89.061,YAW_ALIGN,2.3256,-1.3431,0.203,,,,-17.75,0.25,0.46,20.0,-0.0113,-0.0011,-0.0095,,,,,,,,,,,
89.11,YAW_ALIGN,2.326,-1.3435,0.204,,,,-16.81,0.33,0.38,20.0,-0.0128,-0.0034,-0.0008,,,,,,,,,,,
89.176,YAW_ALIGN,2.3275,-1.3436,0.205,,,,-15.85,0.28,0.21,20.0,-0.01,-0.0045,0.0016,,,,,,,,,,,
89.211,YAW_ALIGN,2.3313,-1.3478,0.203,,,,-14.96,0.28,0.19,20.0,-0.0007,-0.0162,-0.0024,,,,,,,,,,,
89.261,YAW_ALIGN,2.3323,-1.3505,0.2,,,,-14.01,0.19,0.13,-0.0,0.0004,-0.0225,-0.0072,,0.609,,,,,,,,,
89.31,YAW_ALIGN,2.3323,-1.3532,0.205,,,,-13.07,0.24,0.24,-0.0,-0.0016,-0.0281,-0.0163,,0.609,,,,,,,,,
89.361,YAW_ALIGN,2.3322,-1.3563,0.202,,,,-12.3,-0.01,0.24,-0.0,-0.0037,-0.0337,-0.0048,,0.568,,1.412,,,,,,,
89.41,YAW_ALIGN,2.3326,-1.3583,0.2,,,,-11.7,-0.08,0.3,-0.0,-0.0043,-0.0337,-0.0102,,0.568,,1.412,,,,,,,
89.501,YAW_ALIGN,2.3336,-1.3614,0.201,,,,-11.31,-0.3,0.28,-0.0,-0.003,-0.036,-0.0161,,0.553,,1.399,,,,,,,
89.533,LANDING_REGION_SCAN,2.3354,-1.3653,0.201,,,,-11.09,-0.38,0.42,-0.0,0.0003,-0.0386,-0.0064,,0.553,,1.399,,2.3336,-1.1308,,,,
89.57,LANDING_REGION_SCAN,2.3361,-1.3677,0.198,,,,-11.02,-0.46,0.5,-0.0,-0.001,-0.0361,-0.0045,,0.545,,1.399,,2.3336,-1.1308,,,,
89.61,LANDING_REGION_SCAN,2.3371,-1.3701,0.199,,,,-11.05,-0.6,0.49,14.58,-0.0012,-0.0331,-0.0135,,0.545,,1.399,,2.3336,-1.1308,,,,
89.66,LANDING_REGION_SCAN,2.3385,-1.3704,0.199,,,,-11.07,-1.18,0.63,14.14,-0.0003,-0.0222,-0.0091,,0.543,,1.399,,2.3336,-1.1308,,,,
89.711,LANDING_REGION_SCAN,2.3381,-1.3725,0.201,,,,-11.02,-1.69,0.68,14.21,-0.0045,-0.0131,-0.0066,,0.543,,1.399,,2.3336,-1.1308,,,,
89.76,LANDING_REGION_SCAN,2.3398,-1.3728,0.2,,,,-10.89,-1.97,0.66,14.14,-0.002,0.0029,-0.0014,,0.546,,1.384,,2.3336,-1.1308,,,,
89.862,LANDING_REGION_SCAN,2.3411,-1.372,0.198,,,,-10.62,-2.01,0.68,13.95,-0.0006,0.021,-0.0034,,0.546,,1.384,,2.3336,-1.1308,,,,
89.874,LANDING_REGION_SCAN,2.3417,-1.3683,0.198,,,,-10.19,-1.99,0.71,13.53,-0.0014,0.0448,-0.0093,,0.549,,1.396,,2.3336,-1.1308,,,,
89.917,LANDING_REGION_SCAN,2.3436,-1.3639,0.197,,,,-9.69,-2.0,0.6,13.53,0.0004,0.0671,-0.0062,,0.549,,1.396,,2.3336,-1.1308,,,,
89.96,LANDING_REGION_SCAN,2.3458,-1.3596,0.2,,,,-9.22,-1.75,0.67,12.15,0.0027,0.0845,-0.0055,,0.544,,1.364,,2.3336,-1.1308,,,,
90.01,LANDING_REGION_SCAN,2.3472,-1.3531,0.202,,,,-8.68,-1.44,0.62,11.44,0.0027,0.1037,0.0036,,0.544,,1.364,,2.3336,-1.1308,,,,
90.061,LANDING_REGION_SCAN,2.3502,-1.3461,0.203,,,,-7.95,-1.16,0.64,10.63,0.0054,0.1185,0.0091,,0.547,,1.32,,2.3336,-1.1308,,,,
90.11,LANDING_REGION_SCAN,2.3515,-1.3397,0.199,,,,-7.23,-0.79,0.47,9.54,0.0046,0.1279,0.0089,,0.547,,1.32,,2.3336,-1.1308,,,,
90.205,LANDING_REGION_SCAN,2.3534,-1.3329,0.199,,,,-6.46,-0.48,0.49,8.46,0.0055,0.1342,0.0022,,0.545,,1.246,,2.3336,-1.1308,,,,
90.232,LANDING_REGION_SCAN,2.3549,-1.3255,0.198,,,,-5.73,-0.07,0.58,7.31,0.0045,0.1384,-0.0002,,0.545,,1.246,,2.3336,-1.1308,,,,
90.261,LANDING_REGION_SCAN,2.3565,-1.3179,0.196,,,,-4.97,0.02,0.64,7.31,0.0033,0.1406,-0.0004,,0.543,,1.157,,2.3336,-1.1308,,,,
90.32,LANDING_REGION_SCAN,2.3577,-1.3103,0.198,,,,-4.25,0.28,0.72,5.07,0.0007,0.1416,-0.0023,,0.543,,1.157,,2.3336,-1.1308,,,,
90.367,LANDING_REGION_SCAN,2.3587,-1.3038,0.197,,,,-3.65,0.51,0.82,0.0,-0.0026,0.1373,-0.0006,,0.545,,1.097,,2.3336,-1.1308,,,,
90.41,LANDING_REGION_SCAN,2.3589,-1.2978,0.198,,,,-3.25,0.68,0.87,0.0,-0.0085,0.1305,0.003,,0.545,,1.097,,2.3336,-1.1308,,,,
90.46,LANDING_REGION_SCAN,2.3591,-1.2916,0.201,,,,-2.93,0.66,0.77,0.0,-0.0131,0.1246,0.0052,,0.547,,1.078,,2.3336,-1.1308,,,,
90.555,LANDING_REGION_SCAN,2.3585,-1.2863,0.198,,,,-2.62,0.78,0.74,0.0,-0.0194,0.1165,0.0119,,0.547,,1.078,,2.3336,-1.1308,,,,
90.561,LANDING_REGION_SCAN,2.3574,-1.2806,0.202,,,,-2.38,0.69,0.65,0.0,-0.0252,0.1101,0.0054,,0.546,,1.074,,2.3336,-1.1308,,,,
90.622,LANDING_REGION_SCAN,2.3567,-1.2746,0.205,,,,-2.21,0.57,0.54,0.0,-0.0283,0.1074,0.0127,,0.546,,1.074,,2.3336,-1.1308,,,,
90.659,LANDING_REGION_SCAN,2.3556,-1.27,0.2,,,,-2.06,0.47,0.55,0.0,-0.0311,0.1013,0.0155,,0.545,,1.09,,2.3336,-1.1308,,,,
90.712,LANDING_REGION_SCAN,2.3539,-1.2655,0.204,,,,-2.01,0.43,0.41,0.0,-0.036,0.096,-0.004,,0.545,,1.09,,2.3336,-1.1308,,,,
90.76,LANDING_REGION_SCAN,2.3531,-1.2616,0.206,,,,-1.99,0.33,0.29,0.0,-0.0343,0.091,0.0024,,0.549,,1.105,,2.3336,-1.1308,,,,
90.819,LANDING_REGION_SCAN,2.3516,-1.2564,0.203,,,,-1.89,0.29,0.15,0.0,-0.0353,0.0908,0.0076,,0.549,,1.105,,2.3336,-1.1308,,,,
90.884,LANDING_REGION_SCAN,2.3508,-1.252,0.201,,,,-1.89,0.29,0.17,0.0,-0.0321,0.0887,-0.0046,,0.549,,1.101,,2.3336,-1.1308,,,,
90.919,LANDING_REGION_SCAN,2.3498,-1.2475,0.201,,,,-1.96,0.29,0.19,0.0,-0.031,0.0868,-0.0126,,0.549,,1.101,,2.3336,-1.1308,,,,
90.96,LANDING_REGION_SCAN,2.349,-1.2435,0.199,,,,-1.97,0.16,0.13,0.0,-0.0292,0.0846,-0.0122,,0.551,,1.118,,2.3336,-1.1308,,,,
91.011,LANDING_REGION_SCAN,2.3485,-1.2393,0.2,,,,-2.03,0.06,0.08,0.0,-0.0259,0.0845,-0.0147,,0.551,,1.118,,2.3336,-1.1308,,,,
91.06,LANDING_REGION_SCAN,2.348,-1.2356,0.202,,,,-2.07,0.07,0.2,0.0,-0.024,0.0827,-0.01,,0.557,,1.135,,2.3336,-1.1308,,,,
91.111,LANDING_REGION_SCAN,2.3479,-1.2321,0.199,,,,-2.09,-0.09,0.19,0.0,-0.0216,0.081,0.0011,,0.557,,1.135,,2.3336,-1.1308,,,,
91.209,LANDING_REGION_SCAN,2.3475,-1.2276,0.201,,,,-2.08,-0.04,0.24,0.0,-0.0202,0.0837,-0.0043,,0.564,,1.14,,2.3336,-1.1308,,,,
91.216,LANDING_REGION_SCAN,2.3472,-1.2238,0.197,,,,-2.11,-0.17,0.18,0.0,-0.0195,0.0834,-0.0021,,0.564,,1.14,,2.3336,-1.1308,,,,
91.266,LANDING_REGION_SCAN,2.3474,-1.2198,0.197,,,,-2.13,-0.03,0.14,0.0,-0.0166,0.0842,-0.0072,,0.571,,1.154,,2.3336,-1.1308,,,,
91.31,LANDING_REGION_SCAN,2.3472,-1.2162,0.198,,,,-2.25,-0.01,0.21,0.0,-0.0157,0.0827,-0.0073,,0.571,,1.154,,2.3336,-1.1308,,,,
91.36,LANDING_REGION_SCAN,2.3476,-1.2122,0.199,,,,-2.34,0.02,0.23,0.0,-0.0134,0.0824,-0.0008,,0.588,,1.164,,2.3336,-1.1308,,,,
91.411,LANDING_REGION_SCAN,2.3481,-1.208,0.199,,,,-2.42,-0.05,0.33,0.0,-0.0117,0.0832,0.0033,,0.588,,1.164,,2.3336,-1.1308,,,,
91.47,LANDING_REGION_SCAN,2.3485,-1.2044,0.2,,,,-2.54,0.01,0.33,0.0,-0.0109,0.0816,0.0054,,0.597,,1.176,,2.3336,-1.1308,,,,
91.555,LANDING_REGION_SCAN,2.3492,-1.2,0.2,,,,-2.7,-0.08,0.24,0.0,-0.0089,0.0832,0.0067,,0.597,,1.176,,2.3336,-1.1308,,,,
91.563,LANDING_REGION_SCAN,2.3492,-1.195,0.198,,,,-2.91,-0.15,0.31,0.0,-0.009,0.0874,0.0039,,,,1.21,,2.3336,-1.1308,,,,
91.614,LANDING_REGION_SCAN,2.3507,-1.1909,0.204,,,,-3.12,-0.17,0.39,0.0,-0.0052,0.0878,-0.001,,,,1.21,,2.3336,-1.1308,,,,
91.661,LANDING_REGION_SCAN,2.3513,-1.1869,0.201,,,,-3.32,-0.0,0.48,0.0,-0.0057,0.0878,0.0104,,,,1.213,,2.3336,-1.1308,,,,
91.711,LANDING_REGION_SCAN,2.3523,-1.1824,0.2,,,,-3.47,-0.11,0.48,0.0,-0.0051,0.0885,0.001,,,,1.213,,2.3336,-1.1308,,,,
91.76,LANDING_REGION_SCAN,2.3525,-1.1784,0.202,,,,-3.67,-0.06,0.51,0.0,-0.0073,0.0879,-0.0045,,,,1.236,,2.3336,-1.1308,,,,
91.823,LANDING_REGION_SCAN,2.353,-1.1738,0.197,,,,-3.79,-0.02,0.65,0.0,-0.0093,0.0889,-0.0019,,,,1.236,,2.3336,-1.1308,,,,
91.888,LANDING_REGION_SCAN,2.3535,-1.1698,0.197,,,,-3.83,-0.0,0.76,0.0,-0.0121,0.0902,-0.0157,,,,1.251,,2.3336,-1.1308,,,,
91.914,LANDING_REGION_SCAN,2.3539,-1.1652,0.197,,,,-3.85,0.15,0.85,0.0,-0.0157,0.09,-0.0158,,,,1.251,,2.3336,-1.1308,,,,
91.961,LANDING_REGION_SCAN,2.3538,-1.1603,0.197,,,,-3.8,-0.01,0.84,0.0,-0.0203,0.0911,-0.0143,,,,1.254,,2.3336,-1.1308,,,,
92.01,LANDING_REGION_SCAN,2.3536,-1.1546,0.199,,,,-3.78,0.0,0.9,0.0,-0.0231,0.0955,-0.0124,,,,1.254,,2.3336,-1.1308,,,,
92.06,LANDING_REGION_SCAN,2.3525,-1.1498,0.198,,,,-3.7,0.16,0.98,0.0,-0.0319,0.0952,-0.0058,,,,1.251,,,,,,,
92.11,LANDING_REGION_SCAN,2.3519,-1.1461,0.199,,,,-3.55,0.34,0.96,0.0,-0.0348,0.0908,-0.0058,,,,1.251,,,,,,,
92.16,LANDING_REGION_SCAN,2.3507,-1.1417,0.196,,,,-3.5,0.78,-0.05,0.0,-0.0382,0.0866,-0.0017,,,,1.256,,,,,,,
92.228,LANDING_REGION_SCAN,2.3494,-1.1389,0.193,,,,-3.54,0.92,-0.9,0.0,-0.0325,0.0752,-0.0096,,,,1.256,,,,,,,
92.266,LANDING_REGION_SCAN,2.3473,-1.1353,0.193,,,,-3.62,1.13,-1.44,0.0,-0.0257,0.0661,-0.0155,,,,1.267,,,,,,,
92.31,LANDING_REGION_SCAN,2.3472,-1.1325,0.194,,,,-3.82,1.14,-1.78,0.0,-0.0095,0.0549,-0.0097,,,,1.267,,,,,,,
92.36,LANDING_REGION_SCAN,2.3477,-1.1303,0.194,,,,-4.02,1.1,-1.98,0.0,0.0078,0.0434,-0.004,,,,1.293,,,,,,,
92.41,LANDING_REGION_SCAN,2.3489,-1.1284,0.195,,,,-4.19,1.1,-1.97,0.0,0.0257,0.0329,-0.005,,,,1.293,,,,,,,
92.46,LANDING_REGION_SCAN,2.3518,-1.1275,0.196,,,,-4.36,0.96,-1.87,0.0,0.0458,0.0215,-0.0014,,,,1.29,,,,,,,
92.553,LANDING_REGION_SCAN,2.3552,-1.1273,0.198,,,,-4.49,0.69,-1.69,0.0,0.0625,0.0106,0.0032,,,,1.29,,,,,,,
92.576,LANDING_REGION_SCAN,2.3602,-1.1276,0.195,,,,-4.58,0.67,-1.34,0.0,0.0801,0.0019,0.0079,,,,1.289,,,,,,,
92.616,LANDING_REGION_SCAN,2.3654,-1.1279,0.194,,,,-4.69,0.49,-1.05,0.0,0.0938,-0.0047,-0.0019,,,,1.289,,,,,,,
92.66,LANDING_REGION_SCAN,2.3711,-1.1284,0.193,,,,-4.82,0.34,-0.61,4.64,0.1038,-0.0092,-0.0053,,,,1.281,,,,,,,
92.71,LANDING_REGION_SCAN,2.3766,-1.129,0.196,,,,-4.89,0.18,-0.23,4.84,0.1083,-0.0116,-0.0017,,,,1.281,,,,,,,
92.761,LANDING_REGION_SCAN,2.382,-1.1293,0.191,,,,-4.84,0.17,0.08,4.94,0.1092,-0.0119,0.0027,,,,1.26,,,,,,,
92.809,LANDING_REGION_SCAN,2.3865,-1.1296,0.193,,,,-4.74,0.02,0.29,4.87,0.1047,-0.0119,-0.0074,,,,1.26,,,,,,,
92.902,LANDING_REGION_SCAN,2.3924,-1.1294,0.192,,,,-4.64,-0.13,0.45,4.72,0.1042,-0.0081,-0.0042,,,,1.232,,,,,,,
92.929,LANDING_REGION_SCAN,2.3963,-1.1294,0.193,,,,-4.42,-0.24,0.48,4.72,0.0965,-0.0051,0.0023,,,,1.232,,,,,,,
92.96,LANDING_REGION_SCAN,2.4001,-1.1286,0.197,,,,-4.16,-0.14,0.49,4.72,0.0896,0.0003,0.002,,,,1.211,,,,,,,
93.011,LANDING_REGION_SCAN,2.4034,-1.1278,0.196,,,,-3.89,-0.25,0.3,4.56,0.0825,0.005,0.0144,,,,1.211,,,,,,,
93.059,LANDING_REGION_SCAN,2.4077,-1.1273,0.199,,,,-3.62,-0.21,0.2,0.0,0.0815,0.0079,0.0125,,,,1.203,,,,,,,
93.11,LANDING_REGION_SCAN,2.4123,-1.1259,0.199,,,,-3.33,-0.15,0.08,0.0,0.0817,0.0122,0.0132,,,,1.203,,,,,,,
93.16,LANDING_REGION_SCAN,2.4168,-1.1239,0.203,,,,-3.11,-0.06,-0.0,0.0,0.0828,0.0174,0.0146,0.311,,,1.185,,,,,,,
93.249,LANDING_REGION_SCAN,2.4205,-1.1227,0.203,,,,-2.94,0.01,0.02,0.0,0.0816,0.0187,0.0172,0.311,,,1.185,,2.4205,-1.0308,,,,
93.274,LANDING_REGION_SCAN,2.4245,-1.1206,0.202,,,,-2.77,0.11,-0.07,0.0,0.0813,0.0223,0.0159,0.291,,,1.178,,2.4205,-1.0308,,,,
93.309,LANDING_REGION_SCAN,2.4287,-1.1191,0.2,,,,-2.53,-0.14,0.4,0.0,0.0816,0.0227,0.006,0.291,,,1.178,,2.4205,-1.0308,,,,
93.361,LANDING_REGION_SCAN,2.4332,-1.1176,0.2,,,,-2.32,-0.67,1.01,0.0,0.0772,0.0271,0.0006,0.28,,,1.163,,2.4205,-1.0308,,,,
93.409,LANDING_REGION_SCAN,2.438,-1.1153,0.201,,,,-2.19,-0.94,1.46,0.0,0.0707,0.0364,0.0005,0.28,,,1.163,,2.4205,-1.0308,,,,
93.46,LANDING_REGION_SCAN,2.442,-1.1112,0.2,,,,-2.04,-1.23,1.77,0.0,0.0589,0.0514,-0.001,0.269,,,1.169,,2.4205,-1.0308,,,,
93.509,LANDING_REGION_SCAN,2.4438,-1.1078,0.201,,,,-1.94,-1.11,1.88,0.0,0.0408,0.0644,0.0,0.269,,,1.169,,2.4205,-1.0308,,,,
93.588,LANDING_REGION_SCAN,2.4468,-1.1021,0.2,,,,-1.88,-1.13,1.91,0.0,0.0278,0.0797,0.0008,0.258,,,1.167,,2.4205,-1.0308,,,,
93.612,LANDING_REGION_SCAN,2.4469,-1.0972,0.199,,,,-1.92,-0.93,1.89,0.0,0.009,0.0916,0.0012,0.258,,,1.167,,2.4205,-1.0308,,,,
93.659,LANDING_REGION_SCAN,2.4479,-1.0919,0.2,,,,-1.98,-0.64,1.71,0.0,-0.0039,0.0998,-0.0027,0.256,,,1.178,,2.4205,-1.0308,,,,
93.71,LANDING_REGION_SCAN,2.4476,-1.0846,0.202,,,,-2.06,-0.28,1.46,0.0,-0.0184,0.1103,0.0046,0.256,,,1.178,,2.4205,-1.0308,,,,
93.76,LANDING_REGION_SCAN,2.4477,-1.079,0.199,,,,-2.22,-0.12,1.11,0.0,-0.0257,0.1118,0.0069,0.25,,,1.198,,2.4205,-1.0308,,,,
93.81,LANDING_REGION_SCAN,2.4473,-1.0727,0.201,,,,-2.39,0.17,1.0,0.0,-0.0318,0.1136,-0.0016,0.25,,,1.198,,2.4205,-1.0308,,,,
93.866,LANDING_REGION_SCAN,2.4472,-1.0658,0.2,,,,-2.57,0.47,0.85,0.0,-0.0359,0.1139,0.003,0.25,,,1.223,,2.4205,-1.0308,,,,
93.93,LANDING_REGION_SCAN,2.4468,-1.0591,0.202,,,,-2.7,0.65,0.75,0.0,-0.0388,0.112,-0.0014,0.25,,,1.223,,2.4205,-1.0308,,,,
93.971,LANDING_REGION_SCAN,2.4457,-1.0534,0.203,,,,-2.81,0.77,0.68,0.0,-0.0422,0.1066,-0.0017,0.252,,,1.234,,2.4205,-1.0308,,,,
94.028,LANDING_REGION_SCAN,2.4446,-1.0477,0.199,,,,-2.9,0.79,0.58,0.0,-0.0444,0.1015,0.0028,0.252,,,1.234,,,,,,,
94.06,LANDING_REGION_SCAN,2.4436,-1.0433,0.2,,,,-2.98,0.74,0.59,0.0,-0.0447,0.0942,-0.0108,0.261,1.2,,1.25,,2.4446,-0.9308,,,,
94.11,LANDING_REGION_SCAN,2.4424,-1.0374,0.199,,,,-3.0,0.62,0.66,0.0,-0.0469,0.0928,-0.012,0.261,1.2,,1.25,,2.4446,-0.9308,,,,
94.16,LANDING_REGION_SCAN,2.4416,-1.0325,0.196,,,,-2.99,0.67,0.35,0.0,-0.0468,0.0887,-0.0087,0.265,,,1.258,,2.4446,-0.9308,,,,
94.252,LANDING_REGION_SCAN,2.4401,-1.0281,0.198,,,,-2.99,0.4,-0.09,0.0,-0.0452,0.0844,-0.0138,0.265,,,1.258,,2.4446,-0.9308,,,,
94.288,LANDING_REGION_SCAN,2.4393,-1.0247,0.194,,,,-3.09,0.23,-0.31,0.0,-0.0388,0.0797,-0.0047,0.264,1.189,,1.267,,2.4446,-0.9308,,,,
94.315,LANDING_REGION_SCAN,2.4391,-1.021,0.198,,,,-3.08,-0.03,-0.49,0.0,-0.0299,0.0787,-0.0085,0.264,1.189,,1.267,,2.4446,-0.9308,,,,
94.365,LANDING_REGION_SCAN,2.4387,-1.0178,0.194,,,,-3.15,-0.04,-0.57,0.0,-0.0225,0.0761,-0.0012,0.266,1.176,,1.276,,2.4446,-0.9308,,,,
94.411,LANDING_REGION_SCAN,2.4386,-1.0125,0.197,,,,-3.18,-0.36,-0.73,0.0,-0.0132,0.0829,-0.0013,0.266,1.176,,1.276,,2.4446,-0.9308,,,,
94.461,LANDING_REGION_SCAN,2.4408,-1.0085,0.197,,,,-3.21,-0.44,-0.73,0.0,0.0022,0.0856,0.0057,0.266,1.169,,1.292,,2.4446,-0.9308,,,,
94.51,LANDING_REGION_SCAN,2.4428,-1.0039,0.201,,,,-3.34,-0.4,-0.56,0.0,0.0139,0.0897,0.0126,0.266,1.169,,1.292,,2.4446,-0.9308,,,,
94.612,LANDING_REGION_SCAN,2.4451,-0.9994,0.205,,,,-3.45,-0.42,-0.34,0.0,0.0228,0.0927,0.0192,0.258,1.156,,1.287,,2.4446,-0.9308,,,,
94.617,LANDING_REGION_SCAN,2.448,-0.9946,0.202,,,,-3.54,-0.18,-0.13,0.0,0.0304,0.0959,0.0288,0.258,1.156,,1.287,,2.4446,-0.9308,,,,
94.674,LANDING_REGION_SCAN,2.4509,-0.9899,0.203,,,,-3.7,-0.02,0.12,0.0,0.0348,0.0963,0.02,0.252,1.157,,1.311,,2.4446,-0.9308,,,,
94.709,LANDING_REGION_SCAN,2.4545,-0.9851,0.199,,,,-3.87,0.06,0.4,0.0,0.0391,0.0958,0.0097,0.252,1.157,,1.311,,2.4446,-0.9308,,,,
94.76,LANDING_REGION_SCAN,2.4571,-0.9806,0.2,,,,-3.92,0.02,0.73,0.0,0.0365,0.0949,-0.0007,0.25,1.169,,1.319,,2.4446,-0.9308,,,,
94.809,LANDING_REGION_SCAN,2.4608,-0.9755,0.2,,,,-3.97,-0.04,1.02,0.0,0.0358,0.0963,-0.0048,0.25,1.169,,1.319,,2.4446,-0.9308,,,,
94.86,LANDING_REGION_SCAN,2.4632,-0.971,0.2,,,,-3.95,-0.0,1.42,0.0,0.0285,0.0965,-0.0075,0.242,1.166,,1.323,,2.4446,-0.9308,,,,
94.945,LANDING_REGION_SCAN,2.4643,-0.9663,0.199,,,,-3.9,-0.01,1.7,0.0,0.0155,0.0966,-0.0085,0.242,1.166,,1.323,,2.4446,-0.9308,,,,
94.959,LANDING_REGION_SCAN,2.4663,-0.9604,0.2,,,,-3.77,0.04,1.73,0.0,0.0053,0.1011,-0.0078,0.241,1.169,,1.323,,2.4446,-0.9308,,,,
95.009,LANDING_REGION_SCAN,2.4665,-0.9556,0.196,,,,-3.69,0.61,1.73,0.0,-0.0085,0.0993,-0.004,0.241,1.169,,1.323,,2.4446,-0.9308,,,,
95.059,LANDING_REGION_SCAN,2.4666,-0.9495,0.2,,,,-3.62,1.19,1.79,0.0,-0.0216,0.0964,-0.0135,0.237,1.175,,1.331,,2.4446,-0.9308,,,,
95.109,LANDING_REGION_SCAN,2.4664,-0.9454,0.199,,,,-3.62,1.56,1.7,0.0,-0.0339,0.0846,-0.0022,0.237,1.175,,1.331,,2.4446,-0.9308,,,,
95.16,LANDING_REGION_SCAN,2.4649,-0.94,0.204,,,,-3.53,1.81,1.61,0.0,-0.0478,0.0752,0.0023,0.234,1.166,,1.339,,2.4446,-0.9308,,,,
95.211,LANDING_REGION_SCAN,2.4628,-0.9379,0.2,,,,-3.51,1.94,1.46,0.0,-0.0591,0.0571,0.0094,0.234,1.166,,1.339,,2.4446,-0.9308,,,,
95.277,LANDING_REGION_SCAN,2.4589,-0.936,0.202,,,,-3.58,1.73,1.27,0.0,-0.0735,0.0402,0.0027,0.237,1.174,,1.348,,2.4446,-0.9308,,,,
95.314,LANDING_REGION_SCAN,2.4554,-0.9347,0.201,,,,-3.61,1.54,1.1,0.0,-0.083,0.0261,-0.0001,0.237,1.174,,1.348,,2.4446,-0.9308,,,,
95.359,LANDING_REGION_SCAN,2.4516,-0.9334,0.204,,,,-3.65,1.39,0.82,0.0,-0.0907,0.0151,-0.0019,0.246,1.164,,1.357,,2.4446,-0.9308,,,,
95.41,LANDING_REGION_SCAN,2.4485,-0.9336,0.201,,,,-3.71,0.85,0.55,0.0,-0.0909,0.0049,0.0017,0.246,1.164,,1.357,,2.4446,-0.9308,,,,
95.46,LANDING_REGION_SCAN,2.4435,-0.933,0.206,,,,-3.75,0.77,0.44,0.0,-0.0974,-0.0007,0.0014,0.25,1.164,,1.371,,2.4446,-0.9308,,,,
95.509,LANDING_REGION_SCAN,2.4384,-0.9328,0.202,,,,-3.86,0.57,0.33,0.0,-0.102,-0.0053,0.0079,0.25,1.164,,1.371,,2.4446,-0.9308,,,,
95.595,LANDING_REGION_SCAN,2.4348,-0.9334,0.204,,,,-4.01,0.41,0.19,-0.0,-0.0991,-0.0086,0.0031,0.26,1.152,,1.375,,2.4446,-0.9308,,,,
95.609,LANDING_REGION_SCAN,2.431,-0.9334,0.2,,,,-4.12,0.27,-0.16,-0.0,-0.0957,-0.01,0.0002,0.26,1.152,,1.375,,2.4446,-0.9308,,,,
95.669,LANDING_REGION_SCAN,2.4265,-0.9335,0.202,,,,-4.25,0.09,-0.6,-0.0,-0.0922,-0.0099,-0.0027,0.268,1.149,,1.389,,2.431,-0.8308,,,,
95.709,LANDING_REGION_SCAN,2.4239,-0.9337,0.202,,,,-4.36,-0.33,-0.95,0.0,-0.0796,-0.0087,-0.0033,0.268,1.149,,1.389,,2.431,-0.8308,,,,
95.759,LANDING_REGION_SCAN,2.4213,-0.9337,0.206,,,,-4.43,-1.26,-0.96,0.0,-0.0672,-0.0021,0.001,0.274,1.147,,1.413,,2.431,-0.8308,,,,
95.809,LANDING_REGION_SCAN,2.4199,-0.9335,0.202,,,,-4.38,-1.83,-0.99,0.0,-0.0523,0.0102,0.0074,0.274,1.147,,1.413,,2.431,-0.8308,,,,
95.86,LANDING_REGION_SCAN,2.4188,-0.9322,0.203,,,,-4.34,-2.09,-1.16,0.0,-0.0385,0.0274,0.0002,0.274,1.136,,1.41,,2.431,-0.8308,,,,
95.952,LANDING_REGION_SCAN,2.4177,-0.9285,0.202,,,,-4.29,-2.25,-1.22,0.0,-0.0245,0.0521,-0.0055,0.274,1.136,,1.41,,2.431,-0.8308,,,,
95.958,LANDING_REGION_SCAN,2.4191,-0.9237,0.201,,,,-4.18,-2.02,-0.99,0.0,-0.0061,0.0756,-0.0051,0.277,1.14,,1.407,,2.431,-0.8308,,,,
96.01,LANDING_REGION_SCAN,2.4215,-0.9174,0.204,,,,-4.04,-1.61,-0.82,0.0,0.0103,0.0974,-0.0076,0.277,1.14,,1.407,,2.431,-0.8308,,,,
96.059,LANDING_REGION_SCAN,2.4242,-0.9105,0.199,,,,-3.85,-1.13,-0.58,0.0,0.0235,0.114,0.0014,0.27,1.141,,1.413,,2.431,-0.8308,,,,
96.109,LANDING_REGION_SCAN,2.4253,-0.9045,0.197,,,,-3.62,-0.74,-0.28,0.0,0.0281,0.1235,-0.0129,0.27,1.141,,1.413,,2.431,-0.8308,,,,
96.16,LANDING_REGION_SCAN,2.4294,-0.8977,0.197,,,,-3.28,-0.38,0.24,0.0,0.0351,0.1273,-0.023,0.262,1.147,,1.4,,2.431,-0.8308,,,,
96.214,LANDING_REGION_SCAN,2.4326,-0.8902,0.199,,,,-2.86,-0.04,0.54,0.0,0.0354,0.1326,-0.0146,0.262,1.147,,1.4,,2.431,-0.8308,,,,
96.298,LANDING_REGION_SCAN,2.4345,-0.8838,0.196,,,,-2.4,0.28,0.79,0.0,0.03,0.1308,-0.0125,0.255,1.144,,1.398,,2.431,-0.8308,,,,
96.313,LANDING_REGION_SCAN,2.4366,-0.8783,0.196,,,,-1.98,0.33,0.94,0.0,0.0239,0.1242,-0.0167,0.255,1.144,,1.398,,2.431,-0.8308,,,,
96.36,LANDING_REGION_SCAN,2.4392,-0.8718,0.196,,,,-1.65,0.36,0.79,0.0,0.0208,0.122,-0.014,0.25,1.148,,1.39,,2.431,-0.8308,,,,
96.408,LANDING_REGION_SCAN,2.4413,-0.8661,0.198,,,,-1.27,0.35,0.75,0.0,0.0171,0.1178,-0.0023,0.25,1.148,,1.39,,2.431,-0.8308,,,,
96.459,LANDING_REGION_SCAN,2.4418,-0.8593,0.194,,,,-0.98,0.49,0.83,0.0,0.0097,0.1174,0.0043,0.249,1.149,,1.406,,2.431,-0.8308,,,,
96.51,LANDING_REGION_SCAN,2.4435,-0.854,0.195,,,,-0.81,0.54,0.81,0.0,0.0066,0.1111,-0.001,0.249,1.149,,1.406,,,,,,,
96.565,LANDING_REGION_SCAN,2.4438,-0.8488,0.198,,,,-0.7,0.52,0.99,0.0,-0.0012,0.106,0.0027,0.244,1.161,,1.418,,,,,,,
96.629,LANDING_REGION_SCAN,2.4449,-0.8438,0.197,,,,-0.64,0.47,1.28,0.0,-0.0066,0.1013,0.0086,0.244,1.161,,1.418,,,,,,,
96.662,LANDING_REGION_SCAN,2.4452,-0.8387,0.195,,,,-0.66,1.0,1.67,0.0,-0.0173,0.0956,0.0067,0.243,1.165,,1.421,,,,,,,
96.709,LANDING_REGION_SCAN,2.445,-0.8344,0.195,,,,-0.67,1.28,1.82,0.0,-0.0295,0.0846,-0.0004,0.243,1.165,,1.421,,,,,,,
96.758,LANDING_REGION_SCAN,2.4436,-0.8291,0.201,,,,-0.73,1.29,1.85,0.0,-0.0442,0.0773,0.0004,0.243,1.158,,1.43,,,,,,,
96.809,LANDING_REGION_SCAN,2.4419,-0.8266,0.199,,,,-0.91,1.59,2.1,0.0,-0.0587,0.0622,0.0156,0.243,1.158,,1.43,,,,,,,
96.859,LANDING_REGION_SCAN,2.4392,-0.8225,0.201,,,,-1.18,1.75,2.01,0.0,-0.075,0.0513,0.0104,0.247,1.159,,1.436,,,,,,,
96.958,LANDING_REGION_SCAN,2.4359,-0.8202,0.2,,,,-1.58,1.71,1.81,0.0,-0.0895,0.0372,0.01,0.247,1.159,,1.436,,,,,,,
96.968,LANDING_REGION_SCAN,2.4316,-0.8192,0.205,,,,-1.99,1.69,1.48,0.0,-0.1019,0.022,0.0028,0.255,1.168,,1.441,,,,,,,
97.011,LANDING_REGION_SCAN,2.4241,-0.8185,0.203,,,,-2.16,1.65,1.3,0.0,-0.1232,0.0055,0.0172,0.255,1.168,,1.441,,,,,,,
97.058,LANDING_REGION_SCAN,2.4187,-0.8185,0.206,,,,-2.38,1.59,0.86,0.0,-0.1278,-0.0046,0.0159,0.264,1.164,,1.475,,,,,,,
97.109,LANDING_REGION_SCAN,2.4118,-0.8191,0.207,,,,-2.48,1.52,0.47,0.0,-0.1361,-0.0208,0.0164,0.264,1.164,,1.475,,,,,,,
97.163,LANDING_REGION_SCAN,2.4048,-0.8204,0.204,,,,-2.54,1.32,0.13,0.0,-0.1389,-0.0311,0.0214,0.276,1.157,,1.483,,,,,,,
97.223,LANDING_REGION_SCAN,2.3994,-0.8227,0.2,,,,-2.68,0.9,-0.27,-0.0,-0.133,-0.0414,0.0044,0.276,1.157,,1.483,,,,,,,
97.321,LANDING_REGION_SCAN,2.393,-0.8255,0.203,,,,-2.85,0.67,-0.46,-0.0,-0.1298,-0.0498,-0.0078,0.284,1.147,,1.5,,2.393,-0.7308,,,,
97.327,LANDING_REGION_SCAN,2.3863,-0.8286,0.201,,,,-3.0,0.31,-1.02,-0.0,-0.1251,-0.0566,0.0051,0.284,1.147,,1.5,,2.393,-0.7308,,,,
97.366,LANDING_REGION_SCAN,2.3806,-0.8324,0.202,,,,-3.07,0.03,-1.35,0.0,-0.1141,-0.0615,-0.0001,0.289,1.135,,1.506,,2.393,-0.7308,,,,
97.408,LANDING_REGION_SCAN,2.376,-0.8354,0.202,,,,-3.14,-0.74,-1.44,0.0,-0.0995,-0.0599,0.0002,0.289,1.135,,1.506,,2.393,-0.7308,,,,
97.458,LANDING_REGION_SCAN,2.3723,-0.8386,0.209,,,,-3.34,-1.62,-1.66,0.0,-0.0828,-0.0524,0.0038,0.301,1.12,,1.524,,2.393,-0.7308,,,,
97.509,LANDING_REGION_SCAN,2.3697,-0.8415,0.21,,,,-3.53,-2.28,-1.72,0.0,-0.0638,-0.0396,0.0192,0.301,1.12,,1.524,,2.393,-0.7308,,,,
97.559,LANDING_REGION_SCAN,2.3682,-0.843,0.208,,,,-3.77,-2.5,-1.8,0.0,-0.0438,-0.0208,0.0262,0.307,1.125,,1.551,,2.393,-0.7308,,,,
97.661,LANDING_REGION_SCAN,2.3669,-0.8442,0.212,,,,-4.08,-2.87,-1.69,0.0,-0.027,-0.004,0.0029,0.307,1.125,,1.551,,2.393,-0.7308,,,,
97.668,LANDING_REGION_SCAN,2.3673,-0.8443,0.212,,,,-4.36,-2.68,-1.45,0.0,-0.0084,0.0161,0.01,0.309,1.132,,1.578,,2.393,-0.7308,,,,
97.716,LANDING_REGION_SCAN,2.3686,-0.842,0.208,,,,-4.59,-2.55,-1.19,0.0,0.0092,0.0401,0.0088,0.309,1.132,,1.578,,2.393,-0.7308,,,,
97.758,LANDING_REGION_SCAN,2.3702,-0.8384,0.208,,,,-4.73,-2.08,-0.77,0.0,0.0224,0.0629,-0.0094,0.31,1.136,,1.61,,2.393,-0.7308,,,,
97.809,LANDING_REGION_SCAN,2.3726,-0.8357,0.205,,,,-4.82,-1.73,-0.42,4.71,0.0311,0.074,-0.0103,0.31,1.136,,1.61,,2.393,-0.7308,,,,
97.858,LANDING_REGION_SCAN,2.3756,-0.8309,0.205,,,,-4.96,-1.23,-0.14,4.84,0.0385,0.0888,-0.013,0.305,1.149,,1.612,,2.393,-0.7308,,,,
97.908,LANDING_REGION_SCAN,2.378,-0.8263,0.206,,,,-5.12,-0.87,0.17,5.05,0.0405,0.0972,-0.0094,0.305,1.149,,1.612,,2.393,-0.7308,,,,
98.011,LANDING_REGION_SCAN,2.3805,-0.8222,0.203,,,,-5.23,-0.4,0.27,5.29,0.0399,0.0993,-0.0017,0.299,1.167,,1.633,,2.393,-0.7308,,,,
98.017,LANDING_REGION_SCAN,2.38,-0.8177,0.203,,,,-5.38,-0.05,0.57,5.29,0.0306,0.1018,-0.012,0.299,1.167,,1.633,,2.393,-0.7308,,,,
98.072,LANDING_REGION_SCAN,2.3828,-0.8119,0.206,,,,-5.37,0.06,0.5,5.45,0.0293,0.1034,-0.0121,0.298,1.186,,1.632,,2.393,-0.7308,,,,
98.108,LANDING_REGION_SCAN,2.3841,-0.8077,0.204,,,,-5.17,-0.01,0.45,5.66,0.0248,0.1004,-0.0024,0.298,1.186,,1.632,,2.393,-0.7308,,,,
98.158,LANDING_REGION_SCAN,2.3849,-0.8031,0.209,,,,-4.94,0.07,0.58,5.37,0.0194,0.0994,-0.0061,0.295,1.192,,1.616,,2.393,-0.7308,,,,
98.209,LANDING_REGION_SCAN,2.3864,-0.7995,0.207,,,,-4.64,0.03,0.5,5.03,0.0161,0.0949,0.007,0.295,1.192,,1.616,,2.393,-0.7308,,,,
98.27,LANDING_REGION_SCAN,2.3872,-0.7952,0.209,,,,-4.25,0.07,0.51,4.58,0.0125,0.0935,0.0028,0.292,1.194,,,,2.393,-0.7308,,,,
98.331,LANDING_REGION_SCAN,2.3872,-0.791,0.208,,,,-3.72,-0.02,0.48,4.58,0.007,0.0922,-0.0006,0.292,1.194,,,,2.393,-0.7308,,,,
98.36,LANDING_REGION_SCAN,2.3882,-0.7878,0.204,,,,-3.11,-0.06,0.46,0.0,0.005,0.0886,-0.0047,0.295,1.173,,1.567,,2.393,-0.7308,,,,
98.408,LANDING_REGION_SCAN,2.3884,-0.7835,0.207,,,,-2.47,-0.01,0.45,0.0,0.0016,0.0883,-0.0209,0.295,1.173,,1.567,,2.393,-0.7308,,,,
98.459,LANDING_REGION_SCAN,2.3877,-0.78,0.205,,,,-1.8,-0.16,0.58,0.0,-0.0048,0.0864,-0.012,0.298,1.152,,1.535,,2.393,-0.7308,,,,
98.508,LANDING_REGION_SCAN,2.3869,-0.7775,0.202,,,,-1.21,-0.38,0.57,0.0,-0.0105,0.0835,-0.0086,0.298,1.152,,1.535,,2.393,-0.7308,,,,
98.558,LANDING_REGION_SCAN,2.3853,-0.7767,0.204,,,,-0.94,-0.55,0.44,0.0,-0.0174,0.0781,-0.0212,0.298,1.14,,1.519,,2.393,-0.7308,,,,
98.633,LANDING_REGION_SCAN,2.3838,-0.775,0.204,,,,-0.86,-0.55,0.36,0.0,-0.022,0.0773,-0.0078,0.298,1.14,,1.519,,2.393,-0.7308,,,,
98.661,LANDING_REGION_SCAN,2.3818,-0.773,0.203,,,,-0.88,-0.45,0.4,0.0,-0.0274,0.0762,-0.0017,0.299,1.133,,1.527,,2.393,-0.7308,,,,
98.724,LANDING_REGION_SCAN,2.3798,-0.7696,0.203,,,,-1.05,-0.36,0.17,0.0,-0.0315,0.0784,-0.0096,0.299,1.133,,1.527,,2.393,-0.7308,,,,
98.761,LANDING_REGION_SCAN,2.3756,-0.7663,0.203,,,,-1.28,-0.49,-0.09,0.0,-0.0393,0.0803,-0.0093,0.302,1.13,,1.528,,2.393,-0.7308,,,,
98.808,LANDING_REGION_SCAN,2.3741,-0.7631,0.202,,,,-1.59,-0.5,-0.27,-0.0,-0.0364,0.0821,0.0005,0.302,1.13,,1.528,,2.393,-0.7308,,,,
98.859,LANDING_REGION_SCAN,2.3704,-0.7603,0.207,,,,-1.88,-0.55,-0.56,-0.0,-0.0385,0.0824,-0.0019,0.302,1.143,,1.556,,2.393,-0.7308,,,,
98.917,LANDING_REGION_SCAN,2.3695,-0.7571,0.201,,,,-2.18,0.12,-0.42,-0.0,-0.0311,0.082,0.009,0.302,1.143,,1.556,,2.393,-0.7308,,,,
98.981,LANDING_REGION_SCAN,2.3667,-0.7529,0.203,,,,-2.56,0.77,-0.63,-0.0,-0.0314,0.0795,-0.0067,0.31,1.161,,1.581,,2.393,-0.7308,,,,
99.012,LANDING_REGION_SCAN,2.3654,-0.7493,0.2,,,,-2.9,1.33,-0.74,-0.0,-0.0257,0.0698,-0.0125,0.31,1.161,,1.581,,2.393,-0.7308,,,,
99.058,LANDING_REGION_SCAN,2.3632,-0.7463,0.201,,,,-3.31,1.48,-0.69,-0.0,-0.0233,0.0563,-0.0151,0.311,1.18,,1.598,,2.393,-0.7308,,,,
99.108,LANDING_REGION_SCAN,2.3628,-0.7436,0.201,,,,-3.74,1.41,-0.59,0.0,-0.0167,0.0441,-0.0102,0.311,1.18,,1.598,,2.3632,-0.6308,,,,
99.159,LANDING_REGION_SCAN,2.3621,-0.7417,0.202,,,,-4.11,1.25,-0.52,0.0,-0.0128,0.0322,-0.0018,0.313,1.209,,1.643,,2.3632,-0.6308,,,,
99.208,LANDING_REGION_SCAN,2.3608,-0.7408,0.202,,,,-4.31,0.62,-0.5,0.0,-0.0113,0.0212,-0.0001,0.313,1.209,,1.643,,2.3632,-0.6308,,,,
99.299,LANDING_REGION_SCAN,2.3605,-0.7418,0.2,,,,-4.43,-0.04,-0.27,0.0,-0.0076,0.0122,-0.0002,0.315,1.247,,1.691,,2.3632,-0.6308,,,,
99.307,LANDING_REGION_SCAN,2.3608,-0.7432,0.2,,,,-4.45,-0.38,-0.18,0.0,-0.0039,0.0074,-0.0079,0.315,1.247,,1.691,,2.3632,-0.6308,,,,
99.368,LANDING_REGION_SCAN,2.3603,-0.7436,0.196,,,,-4.28,-0.77,-0.17,0.0,-0.0033,0.0088,-0.0102,0.317,1.235,,,,2.3632,-0.6308,,,,
99.409,LANDING_REGION_SCAN,2.3588,-0.7441,0.2,,,,-4.15,-1.14,-0.21,0.0,-0.0053,0.0129,-0.0179,0.317,1.235,,,,2.3632,-0.6308,,,,
99.458,LANDING_REGION_SCAN,2.3587,-0.7439,0.201,,,,-4.22,-1.36,-0.48,0.0,-0.0019,0.0213,-0.0119,0.317,1.233,,1.721,,2.3632,-0.6308,,,,
99.508,LANDING_REGION_SCAN,2.3586,-0.7428,0.199,,,,-4.2,-1.65,-0.39,0.0,0.0027,0.0333,-0.0043,0.317,1.233,,1.721,,2.3632,-0.6308,,,,
99.566,LANDING_REGION_SCAN,2.3592,-0.7398,0.194,,,,-4.22,-1.4,-0.43,0.0,0.0081,0.0488,-0.0067,0.315,1.237,,1.702,,2.3632,-0.6308,,,,
99.642,LANDING_REGION_SCAN,2.3611,-0.7367,0.197,,,,-4.04,-1.48,-0.06,0.0,0.0156,0.0618,-0.0169,0.315,1.237,,1.702,,2.3632,-0.6308,,,,
99.658,LANDING_REGION_SCAN,2.3629,-0.7331,0.197,,,,-3.68,-1.58,0.17,0.0,0.0185,0.0759,-0.0057,0.311,1.237,,1.662,,2.3632,-0.6308,,,,
99.715,LANDING_REGION_SCAN,2.363,-0.7286,0.196,,,,-3.27,-1.38,0.44,0.0,0.0153,0.0901,0.003,0.311,1.237,,1.662,,2.3632,-0.6308,,,,
99.759,LANDING_REGION_SCAN,2.3636,-0.7254,0.199,,,,-2.74,-1.14,0.55,0.0,0.0112,0.0968,-0.0053,0.316,1.21,,,,2.3632,-0.6308,,,,
99.808,LANDING_REGION_SCAN,2.3642,-0.7189,0.199,,,,-2.19,-0.92,0.42,0.0,0.008,0.1098,0.0006,0.316,1.21,,,,2.3632,-0.6308,,,,
99.858,LANDING_REGION_SCAN,2.3649,-0.714,0.194,,,,-1.69,-0.74,0.24,0.0,0.0058,0.1152,0.0017,0.31,1.202,,1.615,,2.3632,-0.6308,,,,
99.91,LANDING_REGION_SCAN,2.364,-0.7085,0.197,,,,-1.3,-0.47,0.28,0.0,0.0012,0.1198,-0.0146,0.31,1.202,,1.615,,2.3632,-0.6308,,,,
99.976,LANDING_REGION_SCAN,2.3645,-0.7035,0.195,,,,-1.04,-0.27,0.31,0.0,0.0,0.1201,-0.0067,0.31,1.187,,1.607,,2.3632,-0.6308,,,,
100.013,LANDING_REGION_SCAN,2.3646,-0.6987,0.193,,,,-0.97,-0.31,0.31,0.0,-0.002,0.1193,-0.0039,0.31,1.187,,1.607,,2.3632,-0.6308,,,,
100.058,LANDING_REGION_SCAN,2.3647,-0.6917,0.196,,,,-1.1,-0.24,0.31,0.0,-0.0039,0.1246,-0.0103,0.307,1.192,,1.615,,2.3632,-0.6308,,,,
100.109,LANDING_REGION_SCAN,2.3649,-0.6856,0.197,,,,-1.33,-0.22,0.3,0.0,-0.0054,0.1261,-0.0001,0.307,1.192,,1.615,,2.3632,-0.6308,,,,
100.158,LANDING_REGION_SCAN,2.3647,-0.6779,0.195,,,,-1.69,-0.32,0.42,0.0,-0.0078,0.1325,0.007,0.309,,,1.638,,2.3632,-0.6308,,,,
100.208,LANDING_REGION_SCAN,2.3647,-0.6718,0.195,,,,-2.08,-0.33,0.21,0.0,-0.0097,0.1337,0.0048,0.309,,,1.638,,2.3632,-0.6308,,,,
100.306,LANDING_REGION_SCAN,2.3641,-0.6647,0.195,,,,-2.47,-0.41,0.06,0.0,-0.0106,0.1378,0.0019,0.312,,,1.664,,2.3632,-0.6308,,,,
100.315,LANDING_REGION_SCAN,2.364,-0.657,0.194,,,,-2.89,-0.44,0.22,0.0,-0.01,0.1439,0.0039,0.312,,,1.664,,2.3632,-0.6308,,,,
100.363,LANDING_REGION_SCAN,2.3645,-0.6479,0.198,,,,-3.35,-0.18,0.02,0.0,-0.0079,0.1525,0.0037,0.319,0.084,,1.708,,2.3645,-0.5308,,,,
100.408,LANDING_REGION_SCAN,2.3642,-0.6396,0.198,,,,-3.72,-0.04,-0.04,-0.0,-0.0073,0.1558,0.0121,0.319,0.084,,1.708,,2.3645,-0.5308,,,,
100.458,LANDING_REGION_SCAN,2.3638,-0.6316,0.197,,,,-4.05,-0.1,0.14,0.0,-0.0076,0.1568,0.0115,0.329,0.086,,1.778,,2.3645,-0.5308,,,,
100.508,LANDING_REGION_SCAN,2.3643,-0.6235,0.199,,,,-4.25,0.25,0.17,0.0,-0.0063,0.1576,0.0057,0.329,0.086,,1.778,,2.3645,-0.5308,,,,
100.569,LANDING_REGION_SCAN,2.3632,-0.614,0.199,,,,-4.3,1.14,-0.41,0.0,-0.0092,0.1573,0.0095,0.337,0.101,,,,2.3645,-0.5308,,,,
100.634,LANDING_REGION_SCAN,2.3646,-0.6061,0.198,,,,-4.21,1.66,-0.24,0.0,-0.0006,0.1466,0.0043,0.337,0.101,,,,2.3645,-0.5308,,,,
100.657,LANDING_REGION_SCAN,2.3657,-0.5965,0.199,,,,-4.1,1.71,-0.04,0.0,0.0036,0.1421,-0.0112,0.369,0.105,,1.791,,2.3645,-0.5308,,,,
100.714,LANDING_REGION_SCAN,2.3652,-0.5894,0.199,,,,-3.97,2.38,-0.58,0.0,0.0024,0.1258,-0.0011,0.369,0.105,,1.791,,2.3645,-0.5308,,,,
100.758,LANDING_REGION_SCAN,2.3661,-0.5827,0.198,,,,-3.87,2.16,-0.65,0.0,0.0086,0.109,-0.0014,0.425,0.103,,1.757,,2.3645,-0.5308,,,,
100.808,LANDING_REGION_SCAN,2.3668,-0.5774,0.2,,,,-3.75,2.39,-0.91,0.0,0.0143,0.0916,-0.0054,0.425,0.103,,1.757,,2.3645,-0.5308,,,,
100.858,LANDING_REGION_SCAN,2.3675,-0.5721,0.197,,,,-3.69,2.52,-1.37,0.0,0.0219,0.0743,-0.0026,0.503,0.105,,1.792,,2.3645,-0.5308,,,,
100.952,LANDING_REGION_SCAN,2.3693,-0.5683,0.195,,,,-3.84,2.29,-1.4,0.0,0.0341,0.0558,-0.0064,0.503,0.105,,1.792,,2.3645,-0.5308,,,,
100.962,LANDING_REGION_SCAN,2.3719,-0.5645,0.196,,,,-3.99,1.89,-1.39,0.0,0.0477,0.044,-0.0128,,0.109,,1.786,,2.3645,-0.5308,,,,
101.013,LANDING_REGION_SCAN,2.3751,-0.5622,0.197,,,,-4.11,1.64,-1.28,0.0,0.0599,0.0299,-0.0001,,0.109,,1.786,,2.3645,-0.5308,,,,
101.058,LANDING_REGION_SCAN,2.3793,-0.5598,0.197,,,,-4.39,1.17,-0.87,0.0,0.0728,0.023,-0.0026,,0.121,,1.82,,2.3645,-0.5308,,,,
101.108,LANDING_REGION_SCAN,2.384,-0.5577,0.194,,,,-4.61,0.92,-0.43,0.0,0.0818,0.0202,0.0022,,0.121,,1.82,,2.3645,-0.5308,,,,
101.159,LANDING_REGION_SCAN,2.3888,-0.5566,0.198,,,,-4.69,0.72,-0.4,-0.0,0.0872,0.0148,0.0011,,0.126,,1.82,,2.3645,-0.5308,,,,
101.219,LANDING_REGION_SCAN,2.3936,-0.5537,0.2,,,,-4.7,0.67,0.55,-0.0,0.0879,0.0167,0.008,,0.126,,1.82,,2.3888,-0.4308,,,,
101.285,LANDING_REGION_SCAN,2.3987,-0.5511,0.198,,,,-4.71,0.47,1.26,4.65,0.0844,0.0205,0.0123,,0.133,,1.817,,2.3888,-0.4308,,,,
101.327,LANDING_REGION_SCAN,2.4018,-0.5478,0.203,,,,-4.51,0.47,1.01,4.66,0.0695,0.0253,0.0073,,0.133,,1.817,,2.3888,-0.4308,,,,
101.366,LANDING_REGION_SCAN,2.4039,-0.5436,0.2,,,,-4.06,0.69,0.81,4.68,0.0571,0.0296,0.0112,,0.137,,1.797,,2.3888,-0.4308,,,,
101.407,LANDING_REGION_SCAN,2.4061,-0.5395,0.202,,,,-3.58,0.56,0.58,0.0,0.0496,0.0325,0.0022,,0.137,,1.797,,2.3888,-0.4308,,,,
101.458,LANDING_REGION_SCAN,2.4079,-0.5354,0.198,,,,-3.08,0.48,0.34,0.0,0.0435,0.0362,0.0027,,0.14,,1.785,,2.3888,-0.4308,,,,
101.507,LANDING_REGION_SCAN,2.409,-0.5324,0.202,,,,-2.65,0.59,0.11,0.0,0.038,0.035,-0.0076,,0.14,,1.785,,2.3888,-0.4308,,,,
101.583,LANDING_REGION_SCAN,2.4111,-0.5284,0.201,,,,-2.19,0.64,-0.38,0.0,0.0397,0.0364,0.007,2.725,0.144,,1.769,,2.3888,-0.4308,,,,
101.617,LANDING_REGION_SCAN,2.4111,-0.5246,0.199,,,,-1.77,0.71,-0.52,0.0,0.037,0.0366,0.0078,2.725,0.144,,1.769,,2.3888,-0.4308,,,,
101.679,LANDING_REGION_SCAN,2.4127,-0.5213,0.202,,,,-1.45,0.6,-0.38,0.0,0.0402,0.036,-0.0084,,0.154,,1.752,,2.3888,-0.4308,,,,
101.708,LANDING_REGION_SCAN,2.4139,-0.5177,0.201,,,,-1.23,0.92,-0.16,0.0,0.0389,0.035,0.0005,,0.154,,1.752,,2.3888,-0.4308,,,,
101.758,LANDING_REGION_SCAN,2.414,-0.5135,0.202,,,,-1.1,1.18,-0.59,0.0,0.0365,0.0331,0.0042,,0.166,,1.757,,2.3888,-0.4308,,,,
101.808,LANDING_REGION_SCAN,2.4146,-0.5101,0.2,,,,-1.05,0.95,-0.76,0.0,0.0382,0.0299,0.0044,,0.166,,1.757,,2.3888,-0.4308,,,,
101.857,LANDING_REGION_SCAN,2.4161,-0.5077,0.199,,,,-0.99,0.73,-0.66,0.0,0.0424,0.0258,0.003,,0.162,,1.774,,2.3888,-0.4308,,,,
101.948,LANDING_REGION_SCAN,2.4163,-0.5044,0.197,,,,-1.0,0.9,-0.46,-0.0,0.0402,0.0268,-0.0048,,0.162,,1.774,,2.4163,-0.3308,,,,
101.96,LANDING_REGION_SCAN,2.4184,-0.5024,0.199,,,,-0.94,0.86,0.3,-0.0,0.0416,0.022,-0.0071,,0.165,,1.781,,2.4163,-0.3308,,,,
102.011,LANDING_REGION_SCAN,2.4211,-0.5002,0.198,,,,-0.86,0.59,0.52,0.0,0.0403,0.0196,-0.0003,,0.165,,1.781,,2.4163,-0.3308,,,,
102.058,LANDING_REGION_SCAN,2.4214,-0.4988,0.2,,,,-0.74,0.51,0.41,0.0,0.0301,0.0166,-0.0007,,0.174,,,,2.4163,-0.3308,,,,
102.108,LANDING_REGION_SCAN,2.421,-0.4975,0.204,,,,-0.58,0.67,-0.31,0.0,0.0235,0.0137,0.0071,,0.174,,,,2.4163,-0.3308,,,,
102.158,LANDING_REGION_SCAN,2.4214,-0.496,0.202,,,,-0.45,0.49,-0.56,0.0,0.0244,0.011,0.0174,,0.181,,1.774,,2.4163,-0.3308,,,,
102.218,LANDING_REGION_SCAN,2.4214,-0.4931,0.201,,,,-0.34,0.62,-0.79,0.0,0.0254,0.0146,0.0091,,0.181,,1.774,,2.4163,-0.3308,,,,
102.307,LANDING_REGION_SCAN,2.422,-0.4909,0.202,,,,-0.1,0.55,-0.96,0.0,0.03,0.0146,0.0003,,0.187,,1.778,,2.4163,-0.3308,,,,
102.317,LANDING_REGION_SCAN,2.4233,-0.4896,0.203,,,,0.13,0.55,-1.09,0.0,0.0377,0.0121,0.0067,,0.187,,1.778,,2.4163,-0.3308,,,,
102.363,LANDING_REGION_SCAN,2.4248,-0.4886,0.201,,,,0.39,0.49,-1.14,0.0,0.0455,0.0092,0.0035,,0.194,,1.775,,2.4163,-0.3308,,,,
102.407,LANDING_REGION_SCAN,2.4269,-0.4891,0.2,,,,0.68,0.53,-0.85,0.0,0.0532,0.0023,-0.0066,,0.194,,1.775,,2.4163,-0.3308,,,,
102.457,LANDING_REGION_SCAN,2.4319,-0.4879,0.196,,,,0.85,0.44,-0.76,0.0,0.0664,0.002,-0.0083,,0.196,,,,2.4163,-0.3308,,,,
102.508,LANDING_REGION_SCAN,2.4381,-0.487,0.201,,,,0.91,0.46,-0.47,0.0,0.0799,0.0003,-0.0182,,0.196,,,,2.4163,-0.3308,,,,
102.557,LANDING_REGION_SCAN,2.4429,-0.4862,0.201,,,,0.89,0.46,-0.2,0.0,0.0853,-0.0007,-0.0037,,0.204,,1.777,,2.4163,-0.3308,,,,
102.65,LANDING_REGION_SCAN,2.4462,-0.486,0.201,,,,0.73,0.35,-0.07,0.0,0.0838,-0.0034,0.0006,,0.204,,1.777,,2.4163,-0.3308,,,,
102.66,LANDING_REGION_SCAN,2.4503,-0.4859,0.199,,,,0.61,0.41,0.16,-0.0,0.0834,-0.0051,-0.0029,,0.209,,1.77,,2.4163,-0.3308,,,,
102.717,LANDING_REGION_SCAN,2.4527,-0.4847,0.197,,,,0.6,0.51,0.72,-0.0,0.0754,-0.0043,-0.0111,,0.209,,1.77,,2.4527,-0.2308,,,,
102.758,LANDING_REGION_SCAN,2.4542,-0.4844,0.197,,,,0.64,0.54,1.01,0.0,0.062,-0.0066,-0.0141,,0.217,,1.765,,2.4527,-0.2308,,,,
102.808,LANDING_REGION_SCAN,2.458,-0.4849,0.198,,,,0.68,0.47,0.8,0.0,0.0563,-0.0113,-0.0077,,0.217,,1.765,,2.4527,-0.2308,,,,
102.866,LANDING_REGION_SCAN,2.4607,-0.4855,0.197,,,,0.73,0.49,0.32,0.0,0.0514,-0.0157,-0.0075,,0.219,,1.772,,2.4527,-0.2308,,,,
102.933,LANDING_REGION_SCAN,2.4621,-0.4863,0.198,,,,0.88,0.36,0.16,0.0,0.0461,-0.0187,-0.008,,0.219,,1.772,,2.4527,-0.2308,,,,
102.987,LANDING_REGION_SCAN,2.465,-0.4869,0.199,,,,1.12,0.38,-0.23,0.0,0.0479,-0.0209,-0.0055,,0.218,,1.784,,2.4527,-0.2308,,,,
103.029,LANDING_REGION_SCAN,2.4674,-0.4877,0.202,,,,1.36,0.28,-0.5,0.0,0.0506,-0.0229,-0.0028,,0.218,,1.784,,2.4527,-0.2308,,,,
103.057,LANDING_REGION_SCAN,2.4704,-0.4882,0.197,,,,1.6,0.05,-0.6,0.0,0.0564,-0.0224,0.0029,,0.214,,1.75,,2.4527,-0.2308,,,,
103.106,LANDING_REGION_SCAN,2.4718,-0.4899,0.2,,,,1.83,-0.13,-0.54,-4.79,0.0568,-0.0234,-0.0102,,0.214,,1.75,,2.4527,-0.2308,,,,
103.158,LANDING_REGION_SCAN,2.4757,-0.4902,0.198,,,,1.96,-0.34,-0.49,-5.13,0.0642,-0.0192,-0.0017,,0.211,,1.766,,2.4527,-0.2308,,,,
103.208,LANDING_REGION_SCAN,2.4793,-0.4897,0.197,,,,2.0,-0.33,-0.42,-5.33,0.069,-0.0121,-0.0019,,0.211,,1.766,,2.4527,-0.2308,,,,
103.257,LANDING_REGION_SCAN,2.4825,-0.4895,0.197,,,,1.96,-0.29,-0.14,-5.39,0.0706,-0.0073,-0.0078,,0.228,,1.76,,2.4527,-0.2308,,,,
103.351,LANDING_REGION_SCAN,2.4861,-0.4893,0.197,,,,1.77,-0.21,-0.06,-5.33,0.0717,-0.0034,-0.0048,,0.228,,1.76,,2.4527,-0.2308,,,,
103.375,LANDING_REGION_SCAN,2.4891,-0.4883,0.197,,,,1.5,-0.2,0.12,-5.33,0.0699,0.0015,-0.0029,,0.237,,1.768,,2.4527,-0.2308,,,,
103.408,LANDING_REGION_SCAN,2.4932,-0.486,0.198,,,,1.21,-0.19,0.17,-0.0,0.0703,0.0092,-0.0036,,0.237,,1.768,,2.4527,-0.2308,,,,
103.457,LANDING_REGION_SCAN,2.4965,-0.4847,0.198,,,,0.97,-0.02,0.55,-0.0,0.0676,0.0125,0.0023,,0.241,,1.767,,2.4932,-0.1308,,,,
103.508,LANDING_REGION_SCAN,2.5008,-0.4832,0.196,,,,0.79,-0.36,0.91,0.0,0.0647,0.0157,0.0033,,0.241,,1.767,,2.4932,-0.1308,,,,
103.556,LANDING_REGION_SCAN,2.5037,-0.4808,0.197,,,,0.7,-0.28,0.61,0.0,0.0571,0.0235,0.0007,,0.246,,1.795,,2.4932,-0.1308,,,,
103.607,LANDING_REGION_SCAN,2.5061,-0.4778,0.194,,,,0.69,-0.16,0.27,0.0,0.0522,0.0304,0.0002,,0.246,,1.795,,2.4932,-0.1308,,,,
103.692,LANDING_REGION_SCAN,2.5089,-0.4741,0.199,,,,0.62,-0.1,0.11,0.0,0.0511,0.0375,-0.0052,,0.244,,1.776,,2.4932,-0.1308,,,,
103.707,LANDING_REGION_SCAN,2.5115,-0.4699,0.196,,,,0.49,0.21,-0.04,0.0,0.0507,0.0441,0.0075,,0.244,,1.776,,2.4932,-0.1308,,,,
103.758,LANDING_REGION_SCAN,2.5128,-0.4661,0.201,,,,0.31,0.51,-0.02,0.0,0.0474,0.0467,0.0004,,0.233,,1.793,,2.4932,-0.1308,,,,
103.808,LANDING_REGION_SCAN,2.5156,-0.4623,0.196,,,,0.12,0.83,-0.09,0.0,0.0487,0.046,0.0073,,0.233,,1.793,,2.4932,-0.1308,,,,
103.857,LANDING_REGION_SCAN,2.5176,-0.459,0.198,,,,-0.14,0.94,-0.3,0.0,0.0488,0.0416,0.0008,,0.226,,1.791,,2.4932,-0.1308,,,,
103.907,LANDING_REGION_SCAN,2.5196,-0.4565,0.198,,,,-0.35,1.0,-0.43,0.0,0.0505,0.0356,0.0026,,0.226,,1.791,,2.4932,-0.1308,,,,
103.957,LANDING_REGION_SCAN,2.5231,-0.4532,0.198,,,,-0.47,1.0,-0.56,0.0,0.0569,0.0324,0.0048,,0.233,,1.808,,2.4932,-0.1308,,,,
104.028,LANDING_REGION_SCAN,2.5267,-0.4514,0.202,,,,-0.52,1.1,-0.62,0.0,0.064,0.0248,0.0015,,0.233,,1.808,,2.4932,-0.1308,,,,
104.08,LANDING_REGION_SCAN,2.5304,-0.45,0.203,,,,-0.45,0.93,-0.6,0.0,0.0703,0.0171,0.0124,,0.235,,1.802,,2.4932,-0.1308,,,,
104.124,LANDING_REGION_SCAN,2.5338,-0.449,0.197,,,,-0.36,0.74,-0.54,0.0,0.0745,0.011,0.0107,,0.235,,1.802,,2.4932,-0.1308,,,,
104.157,LANDING_REGION_SCAN,2.5389,-0.4486,0.197,,,,-0.21,0.62,-0.31,-0.0,0.0823,0.0055,-0.0035,,0.242,,,,2.4932,-0.1308,,,,
104.207,LANDING_REGION_SCAN,2.5442,-0.4478,0.197,,,,-0.04,0.39,0.51,-0.0,0.086,0.003,-0.0064,,0.242,,,,2.5442,-0.0308,,,,
104.257,LANDING_REGION_SCAN,2.548,-0.4476,0.2,,,,0.2,0.26,1.15,0.0,0.0782,0.001,-0.002,,0.246,,1.793,,2.5442,-0.0308,,,,
104.352,LANDING_REGION_SCAN,2.5518,-0.447,0.197,,,,0.35,0.33,0.94,0.0,0.0692,0.0004,-0.001,,0.246,,1.793,,2.5442,-0.0308,,,,
104.377,LANDING_REGION_SCAN,2.5551,-0.4461,0.201,,,,0.42,0.33,0.69,0.0,0.062,0.0005,-0.0108,,0.258,,1.802,,2.5442,-0.0308,,,,
104.407,LANDING_REGION_SCAN,2.5589,-0.445,0.199,,,,0.37,0.26,0.54,0.0,0.0594,0.0012,-0.002,,0.258,,1.802,,2.5442,-0.0308,,,,
104.474,LANDING_REGION_SCAN,2.5618,-0.4449,0.198,,,,0.34,0.21,0.26,0.0,0.0558,-0.0004,-0.0015,,0.262,,1.806,,2.5442,-0.0308,,,,
104.515,LANDING_REGION_SCAN,2.5657,-0.4445,0.2,,,,0.36,0.1,0.19,0.0,0.0574,-0.0004,-0.0093,,0.262,,1.806,,2.5442,-0.0308,,,,
104.557,LANDING_REGION_SCAN,2.568,-0.4433,0.196,,,,0.33,0.02,0.11,0.0,0.0545,0.0026,-0.0021,,0.268,,1.811,,2.5442,-0.0308,,,,
104.607,LANDING_REGION_SCAN,2.5709,-0.4427,0.198,,,,0.16,0.11,0.0,0.0,0.0543,0.0036,-0.0105,,0.268,,1.811,,2.5442,-0.0308,,,,
104.703,LANDING_REGION_SCAN,2.5738,-0.4416,0.193,,,,0.01,0.21,-0.08,0.0,0.055,0.0052,-0.0046,,0.272,,1.825,,2.5442,-0.0308,,,,
104.709,LANDING_REGION_SCAN,2.5764,-0.4407,0.198,,,,-0.17,0.32,-0.23,0.0,0.0555,0.0051,-0.0111,,0.272,,1.825,,2.5442,-0.0308,,,,
104.779,LANDING_REGION_SCAN,2.5799,-0.4398,0.196,,,,-0.36,0.25,-0.25,0.0,0.0596,0.0046,0.0003,,0.279,,1.809,,2.5442,-0.0308,,,,
104.806,LANDING_REGION_SCAN,2.5834,-0.4391,0.199,,,,-0.5,0.21,-0.27,0.0,0.0633,0.004,0.0031,,0.279,,1.809,,2.5442,-0.0308,,,,
104.857,LANDING_REGION_SCAN,2.5871,-0.4388,0.198,,,,-0.59,0.21,-0.27,0.0,0.067,0.0028,0.0083,,0.284,,1.81,,2.5442,-0.0308,,,,
104.907,LANDING_REGION_SCAN,2.5907,-0.4377,0.198,,,,-0.73,0.23,-0.19,-0.0,0.0699,0.0036,0.0091,,0.284,,1.81,,2.5442,-0.0308,,,,
104.968,LANDING_REGION_SCAN,2.5954,-0.4362,0.198,,,,-0.87,0.21,0.32,-0.0,0.0735,0.006,0.0083,,0.291,,,,2.5954,0.0692,,,,
105.053,LANDING_REGION_SCAN,2.5995,-0.4352,0.198,,,,-0.91,0.21,0.82,0.0,0.0708,0.0065,0.0071,,0.291,,,,2.5954,0.0692,,,,
105.066,LANDING_REGION_SCAN,2.6042,-0.4338,0.199,,,,-0.91,-0.3,0.99,0.0,0.0671,0.0097,-0.0001,,0.297,,1.809,,2.5954,0.0692,,,,
105.128,LANDING_REGION_SCAN,2.6086,-0.4328,0.203,,,,-0.8,-0.76,1.08,0.0,0.062,0.0152,0.0056,,0.297,,1.809,,2.5954,0.0692,,,,
105.156,LANDING_REGION_SCAN,2.6121,-0.4304,0.198,,,,-0.72,-1.03,0.98,0.0,0.055,0.027,0.0158,,0.305,,,,2.5954,0.0692,,,,
105.207,LANDING_REGION_SCAN,2.6165,-0.4272,0.202,,,,-0.69,-0.98,0.94,0.0,0.0528,0.0398,-0.0014,,0.305,,,,2.5954,0.0692,,,,
105.257,LANDING_REGION_SCAN,2.6188,-0.4245,0.201,,,,-0.69,-1.08,0.89,0.0,0.0446,0.0503,0.0088,,0.309,,1.838,,2.5954,0.0692,,,,
105.32,LANDING_REGION_SCAN,2.6223,-0.4201,0.203,,,,-0.71,-0.97,0.73,0.0,0.0418,0.0633,0.0129,,0.309,,1.838,,2.5954,0.0692,,,,
105.393,LANDING_REGION_SCAN,2.6258,-0.414,0.201,,,,-0.68,-0.79,0.65,0.0,0.0409,0.0776,0.0143,,0.316,,1.825,,2.5954,0.0692,,,,
105.407,LANDING_REGION_SCAN,2.628,-0.409,0.199,,,,-0.64,-0.78,0.69,0.0,0.0357,0.0868,0.0082,,0.316,,1.825,,2.5954,0.0692,,,,
105.474,LANDING_REGION_SCAN,2.6324,-0.4028,0.201,,,,-0.6,-0.66,0.77,0.0,0.0379,0.0963,-0.0008,,0.326,,1.858,,2.5954,0.0692,,,,
105.508,LANDING_REGION_SCAN,2.6357,-0.3964,0.209,,,,-0.47,-0.49,0.88,0.0,0.0357,0.1048,0.0064,,0.326,,1.858,,2.5954,0.0692,,,,
105.557,LANDING_REGION_SCAN,2.6385,-0.3901,0.204,,,,-0.31,-0.24,1.15,0.0,0.0309,0.11,0.0221,,0.33,,1.865,,2.5954,0.0692,,,,
105.607,LANDING_REGION_SCAN,2.6412,-0.3827,0.204,,,,-0.26,0.0,1.13,0.0,0.0254,0.1158,0.0065,,0.33,,1.865,,2.5954,0.0692,,,,
105.656,LANDING_REGION_SCAN,2.6432,-0.3761,0.204,,,,-0.28,0.27,1.12,0.0,0.0189,0.1166,0.0012,,0.338,,1.873,,2.5954,0.0692,,,,
105.722,LANDING_REGION_SCAN,2.6451,-0.3691,0.204,,,,-0.28,0.47,0.98,0.0,0.0131,0.1167,0.004,,0.338,,1.873,,2.5954,0.0692,,,,
105.769,LANDING_REGION_SCAN,2.6464,-0.3641,0.207,,,,-0.42,0.62,0.96,0.0,0.0076,0.11,0.0021,,0.338,,1.887,,2.5954,0.0692,,,,
105.81,LANDING_REGION_SCAN,2.6478,-0.3584,0.206,,,,-0.55,0.67,0.77,0.0,0.0038,0.1051,0.0088,,0.338,,1.887,,2.5954,0.0692,,,,
105.857,LANDING_REGION_SCAN,2.6496,-0.3515,0.203,,,,-0.7,0.61,0.72,0.0,0.0029,0.1044,0.0075,,0.347,,1.882,,2.5954,0.0692,,,,
105.906,LANDING_REGION_SCAN,2.6502,-0.3457,0.203,,,,-0.84,0.69,0.68,0.0,-0.0013,0.1012,-0.0018,,0.347,,1.882,,2.5954,0.0692,,,,
105.956,LANDING_REGION_SCAN,2.652,-0.3415,0.203,,,,-1.03,0.54,0.53,0.0,-0.0005,0.0944,-0.0017,,0.352,,1.905,,2.5954,0.0692,,,,
106.038,LANDING_REGION_SCAN,2.6533,-0.3374,0.21,,,,-1.14,0.5,0.61,0.0,-0.001,0.0889,0.0013,,0.352,,1.905,,2.5954,0.0692,,,,
106.06,LANDING_REGION_SCAN,2.6538,-0.3332,0.206,,,,-1.15,0.33,0.62,0.0,-0.0041,0.0846,0.0149,,0.352,,1.932,,2.5954,0.0692,,,,
106.116,LANDING_REGION_SCAN,2.6547,-0.3292,0.206,,,,-1.16,0.3,0.54,0.0,-0.0053,0.0824,0.0059,,0.352,,1.932,,2.5954,0.0692,,,,
106.156,LANDING_REGION_SCAN,2.655,-0.3247,0.206,,,,-1.07,0.23,0.45,0.0,-0.0072,0.0815,0.0017,,0.358,,1.926,,2.5954,0.0692,,,,
106.206,LANDING_REGION_SCAN,2.655,-0.3202,0.208,,,,-1.01,0.12,0.61,0.0,-0.01,0.0815,0.0035,,0.358,,1.926,,2.5954,0.0692,,,,
106.257,LANDING_REGION_SCAN,2.6554,-0.3159,0.207,,,,-1.1,0.14,0.43,0.0,-0.0116,0.0814,0.0024,,0.364,,1.957,,2.5954,0.0692,,,,
106.306,LANDING_REGION_SCAN,2.655,-0.3112,0.208,,,,-1.18,-0.04,0.57,0.0,-0.0149,0.083,0.002,,0.364,,1.957,,2.5954,0.0692,,,,
106.376,LANDING_REGION_SCAN,2.6555,-0.3072,0.204,,,,-1.26,0.04,0.48,0.0,-0.0155,0.0829,0.0007,,0.369,,1.936,,2.5954,0.0692,,,,
106.413,LANDING_REGION_SCAN,2.6552,-0.3035,0.206,,,,-1.41,0.05,0.43,0.0,-0.0176,0.0812,-0.0095,,0.369,,1.936,,2.5954,0.0692,,,,
106.457,LANDING_REGION_SCAN,2.655,-0.2992,0.207,,,,-1.45,-0.01,0.5,0.0,-0.0195,0.0823,-0.0036,,0.37,,1.96,,2.5954,0.0692,,,,
106.508,LANDING_REGION_SCAN,2.6536,-0.2951,0.206,,,,-1.62,0.01,0.39,0.0,-0.0242,0.0818,0.001,,0.37,,1.96,,2.5954,0.0692,,,,
106.557,LANDING_REGION_SCAN,2.6527,-0.2909,0.204,,,,-1.74,-0.11,0.47,0.0,-0.027,0.0826,0.0001,,0.367,,1.956,,2.5954,0.0692,,,,
106.607,LANDING_REGION_SCAN,2.6521,-0.2867,0.206,,,,-1.85,-0.1,0.33,0.0,-0.0281,0.0839,-0.0051,,0.367,,1.956,,2.5954,0.0692,,,,
106.7,LANDING_REGION_SCAN,2.6509,-0.2821,0.206,,,,-1.93,-0.04,0.35,0.0,-0.0302,0.0857,-0.0001,,0.364,,1.977,,2.5954,0.0692,,,,
106.706,LANDING_REGION_SCAN,2.6493,-0.2778,0.209,,,,-1.95,-0.07,0.24,0.0,-0.0329,0.0863,0.0014,,0.364,,1.977,,2.5954,0.0692,,,,
106.758,LANDING_REGION_SCAN,2.6477,-0.2734,0.208,,,,-1.88,-0.07,0.13,0.0,-0.0342,0.0874,0.0068,,0.356,,1.99,,2.5954,0.0692,,,,
106.808,LANDING_REGION_SCAN,2.6471,-0.2688,0.211,,,,-1.74,-0.21,-0.01,0.0,-0.0311,0.0893,0.0019,,0.356,,1.99,,2.5954,0.0692,,,,
106.856,LANDING_REGION_SCAN,2.6453,-0.2642,0.207,,,,-1.57,-0.11,-0.04,0.0,-0.0319,0.0907,0.0048,,0.349,,1.986,,2.5954,0.0692,,,,
106.906,LANDING_REGION_SCAN,2.6447,-0.2592,0.204,,,,-1.33,-0.08,-0.09,0.0,-0.0286,0.0929,-0.0086,,0.349,,1.986,,2.5954,0.0692,,,,
106.966,LANDING_REGION_SCAN,2.6436,-0.2527,0.208,,,,-1.06,-0.13,-0.06,0.0,-0.0269,0.0992,-0.0185,,0.344,,1.977,,2.5954,0.0692,,,,
107.036,LANDING_REGION_SCAN,2.6431,-0.2473,0.204,,,,-0.73,-0.02,-0.0,0.0,-0.0238,0.1016,-0.0045,,0.344,,1.977,,2.5954,0.0692,,,,
107.065,LANDING_REGION_SCAN,2.6423,-0.2429,0.208,,,,-0.43,-0.03,-0.02,0.0,-0.0224,0.0995,-0.014,,0.337,,1.993,,2.5954,0.0692,,,,
107.105,LANDING_REGION_SCAN,2.6417,-0.2377,0.206,,,,-0.09,0.03,0.01,0.0,-0.0205,0.1007,-0.0062,,0.337,,1.993,,2.5954,0.0692,,,,
107.156,LANDING_REGION_SCAN,2.6414,-0.2324,0.203,,,,0.27,0.12,0.06,0.0,-0.0183,0.1007,-0.0089,,0.334,,2.007,,2.5954,0.0692,,,,
107.207,LANDING_REGION_SCAN,2.6413,-0.2279,0.206,,,,0.61,0.18,0.19,0.0,-0.0167,0.0975,-0.023,,0.334,,2.007,,2.5954,0.0692,,,,
107.256,LANDING_REGION_SCAN,2.6413,-0.2226,0.201,,,,0.92,0.26,0.18,0.0,-0.0155,0.097,-0.0123,,0.333,,1.996,,2.5954,0.0692,,,,
107.333,LANDING_REGION_SCAN,2.6406,-0.2178,0.199,,,,1.17,0.25,0.2,0.0,-0.0164,0.0954,-0.0242,,0.333,,1.996,,2.5954,0.0692,,,,
107.382,LANDING_REGION_SCAN,2.6396,-0.213,0.201,,,,1.41,0.24,0.18,0.0,-0.0187,0.0932,-0.0304,,0.336,,,,2.5954,0.0692,,,,
107.413,LANDING_REGION_SCAN,2.6398,-0.208,0.199,,,,1.58,0.19,0.06,0.0,-0.0163,0.0928,-0.015,,0.336,,,,2.5954,0.0692,,,,
107.458,LANDING_REGION_SCAN,2.6398,-0.204,0.2,,,,1.72,0.14,0.12,0.0,-0.0139,0.0893,-0.0161,,0.336,,,,2.5954,0.0692,,,,
107.506,LANDING_REGION_SCAN,2.6392,-0.1996,0.195,,,,1.83,0.05,0.11,-4.97,-0.0148,0.0881,-0.011,,0.336,,,,2.5954,0.0692,,,,
107.556,LANDING_REGION_SCAN,2.6387,-0.1953,0.193,,,,1.85,0.0,0.19,-5.14,-0.015,0.0874,-0.0191,,0.336,,1.935,,2.5954,0.0692,,,,
107.606,LANDING_REGION_SCAN,2.6384,-0.1911,0.196,,,,1.85,-0.05,0.3,-5.14,-0.0156,0.0869,-0.0188,,0.336,,1.935,,2.5954,0.0692,,,,
107.706,LANDING_REGION_SCAN,2.6383,-0.1866,0.194,,,,1.74,-0.01,0.34,-5.16,-0.0156,0.0874,-0.0082,,0.336,,1.948,,2.5954,0.0692,,,,
107.71,LANDING_REGION_SCAN,2.6382,-0.1836,0.196,,,,1.57,-0.08,0.34,-5.0,-0.0162,0.0832,-0.0094,,0.336,,1.948,,2.5954,0.0692,,,,
107.767,LANDING_REGION_SCAN,2.6373,-0.1799,0.196,,,,1.35,0.05,0.41,-5.0,-0.0194,0.0816,-0.0033,,0.335,,2.002,,2.5954,0.0692,,,,
107.807,LANDING_REGION_SCAN,2.6369,-0.1766,0.195,,,,1.13,-0.08,0.43,0.0,-0.0208,0.0789,0.0004,,0.335,,2.002,,2.5954,0.0692,,,,
107.857,LANDING_REGION_SCAN,2.6361,-0.1718,0.193,,,,0.93,-0.07,0.44,0.0,-0.0235,0.0823,-0.0044,,0.333,,2.017,,2.5954,0.0692,,,,
107.906,LANDING_REGION_SCAN,2.6346,-0.1682,0.194,,,,0.73,-0.09,0.25,0.0,-0.0276,0.0812,-0.0041,,0.333,,2.017,,2.5954,0.0692,,,,
107.967,LANDING_REGION_SCAN,2.6341,-0.1647,0.193,,,,0.54,-0.17,0.14,0.0,-0.026,0.0802,0.0006,,0.332,,2.046,,2.5954,0.0692,,,,
108.032,LANDING_REGION_SCAN,2.6331,-0.1606,0.194,,,,0.41,-0.21,0.1,0.0,-0.0262,0.082,-0.0015,,0.332,,2.046,,2.5954,0.0692,,,,
108.067,LANDING_REGION_SCAN,2.6321,-0.1577,0.194,,,,0.29,-0.15,0.11,0.0,-0.0255,0.0798,0.0029,,0.328,,2.037,,2.5954,0.0692,,,,
108.107,LANDING_REGION_SCAN,2.6318,-0.1542,0.195,,,,0.22,-0.11,0.1,0.0,-0.0235,0.0792,0.0036,,0.328,,2.037,,2.5954,0.0692,,,,
108.157,LANDING_REGION_SCAN,2.631,-0.1501,0.198,,,,0.23,-0.15,0.07,0.0,-0.0229,0.0807,0.0065,,0.328,,2.064,,2.5954,0.0692,,,,
108.207,LANDING_REGION_SCAN,2.6298,-0.1466,0.195,,,,0.23,-0.2,0.16,0.0,-0.0237,0.0803,0.0134,,0.328,,2.064,,2.5954,0.0692,,,,
108.256,LANDING_REGION_SCAN,2.6292,-0.1433,0.196,,,,0.27,-0.2,0.14,0.0,-0.0231,0.0794,0.004,,0.323,,2.082,,2.5954,0.0692,,,,
108.316,LANDING_REGION_SCAN,2.6288,-0.1398,0.199,,,,0.25,-0.17,0.09,0.0,-0.0213,0.0795,0.0032,,0.323,,2.082,,2.5954,0.0692,,,,
108.436,LANDING_REGION_SCAN,2.6286,-0.1366,0.195,,,,0.26,-0.1,0.18,0.0,-0.0198,0.0779,0.0103,,0.327,,2.103,,2.5954,0.0692,,,,
108.443,LANDING_REGION_SCAN,2.6278,-0.1327,0.197,,,,0.22,-0.04,0.19,0.0,-0.0206,0.0784,-0.0034,,0.327,,2.103,,2.5954,0.0692,,,,
108.458,LANDING_REGION_SCAN,2.6265,-0.1281,0.192,,,,0.21,-0.13,0.15,0.0,-0.0224,0.0813,0.0005,,0.327,,2.109,,2.5954,0.0692,,,,
108.506,LANDING_REGION_SCAN,2.6254,-0.1244,0.196,,,,0.16,0.02,0.1,0.0,-0.0236,0.0805,-0.007,,0.327,,2.109,,2.5954,0.0692,,,,
108.556,LANDING_REGION_SCAN,2.6244,-0.121,0.196,,,,0.08,-0.06,0.01,0.0,-0.0237,0.0787,-0.0019,,0.325,,2.107,,2.5954,0.0692,,,,
108.605,LANDING_REGION_SCAN,2.6234,-0.1173,0.198,,,,0.05,-0.06,0.03,0.0,-0.0234,0.0782,0.0058,,0.325,,2.107,,2.5954,0.0692,,,,
108.656,LANDING_REGION_SCAN,2.6224,-0.113,0.196,,,,-0.01,-0.16,-0.0,0.0,-0.0228,0.0804,0.0068,,0.318,,2.111,,2.5954,0.0692,,,,
108.706,LANDING_REGION_SCAN,2.6221,-0.1098,0.198,,,,-0.05,-0.28,-0.01,0.0,-0.0201,0.0795,0.0033,,0.318,,2.111,,2.5954,0.0692,,,,
108.795,LANDING_REGION_SCAN,2.6214,-0.1058,0.198,,,,-0.12,-0.34,0.06,0.0,-0.019,0.0822,0.0063,,0.319,,2.131,,2.5954,0.0692,,,,
108.806,LANDING_REGION_SCAN,2.6205,-0.1012,0.198,,,,-0.15,-0.35,0.12,0.0,-0.0197,0.0862,0.0047,,0.319,,2.131,,2.5954,0.0692,,,,
108.859,LANDING_REGION_SCAN,2.6193,-0.0959,0.198,,,,-0.17,-0.38,0.12,0.0,-0.021,0.0924,0.0033,,0.326,,2.102,,2.5954,0.0692,,,,
108.906,LANDING_REGION_SCAN,2.6191,-0.092,0.2,,,,-0.18,-0.1,0.22,0.0,-0.0199,0.0922,0.0028,,0.326,,2.102,,2.5954,0.0692,,,,
108.956,LANDING_REGION_SCAN,2.6185,-0.0888,0.2,,,,-0.15,-0.04,0.17,0.0,-0.0205,0.0879,0.0033,,0.325,,2.12,,2.5954,0.0692,,,,
109.006,LANDING_REGION_SCAN,2.6181,-0.0841,0.197,,,,-0.18,-0.09,0.15,0.0,-0.0198,0.0892,0.0033,,0.325,,2.12,,2.5954,0.0692,,,,
109.055,LANDING_REGION_SCAN,2.6176,-0.0803,0.195,,,,-0.2,-0.04,0.17,0.0,-0.0194,0.088,-0.0048,,0.329,,2.144,,2.5954,0.0692,,,,
109.136,LANDING_REGION_SCAN,2.6171,-0.0757,0.198,,,,-0.17,-0.16,0.14,0.0,-0.0194,0.0888,-0.0077,,0.329,,2.144,,2.5954,0.0692,,,,
109.162,LANDING_REGION_SCAN,2.6161,-0.0725,0.198,,,,-0.21,-0.2,0.03,0.0,-0.0198,0.0866,0.0016,,0.332,,2.147,,2.5954,0.0692,,,,
109.205,LANDING_REGION_SCAN,2.6161,-0.0693,0.199,,,,-0.26,-0.2,0.08,0.0,-0.0177,0.0848,0.0032,,0.332,,2.147,,2.5954,0.0692,,,,
109.256,LANDING_REGION_SCAN,2.615,-0.0656,0.198,,,,-0.28,-0.21,0.16,0.0,-0.0192,0.0849,0.005,,0.331,,2.155,,2.5954,0.0692,,,,
109.306,LANDING_REGION_SCAN,2.6141,-0.0617,0.199,,,,-0.41,-0.17,0.17,0.0,-0.0202,0.0854,0.0038,,0.331,,2.155,,2.5954,0.0692,,,,
109.356,LANDING_REGION_SCAN,2.6144,-0.0571,0.197,,,,-0.6,-0.27,0.08,0.0,-0.0176,0.0878,0.003,,0.331,,2.193,,2.5954,0.0692,,,,
109.412,LANDING_REGION_SCAN,2.6135,-0.0533,0.195,,,,-0.75,-0.12,0.13,0.0,-0.0182,0.088,-0.0016,,0.331,,2.193,,2.5954,0.0692,,,,
109.489,LANDING_REGION_SCAN,2.6132,-0.0485,0.201,,,,-1.0,-0.01,0.04,0.0,-0.0169,0.0894,-0.0073,,0.321,,2.196,,2.5954,0.0692,,,,
109.507,LANDING_REGION_SCAN,2.6125,-0.0441,0.201,,,,-1.23,-0.1,0.05,0.0,-0.0169,0.0899,0.0107,,0.321,,2.196,,2.5954,0.0692,,,,
109.56,LANDING_REGION_SCAN,2.6111,-0.0401,0.199,,,,-1.44,-0.07,0.11,0.0,-0.0192,0.089,0.012,,0.316,,2.201,,2.5954,0.0692,,,,
109.605,LANDING_REGION_SCAN,2.6107,-0.036,0.2,,,,-1.58,-0.14,0.11,0.0,-0.0186,0.0886,0.0038,,0.316,,2.201,,2.5954,0.0692,,,,
109.655,LANDING_REGION_SCAN,2.6098,-0.0312,0.201,,,,-1.73,-0.21,0.04,0.0,-0.0189,0.091,0.0087,,0.312,,2.218,,2.5954,0.0692,,,,
109.705,LANDING_REGION_SCAN,2.6098,-0.026,0.199,,,,-1.86,-0.25,0.08,0.0,-0.0165,0.0947,0.0092,,0.312,,2.218,,2.5954,0.0692,,,,
109.756,LANDING_REGION_SCAN,2.6092,-0.0218,0.203,,,,-1.94,-0.19,0.15,0.0,-0.0163,0.0952,0.0024,,0.31,,2.241,,2.5954,0.0692,,,,
109.81,LANDING_REGION_SCAN,2.6085,-0.0177,0.202,,,,-2.01,-0.13,0.15,0.0,-0.017,0.0945,0.0084,,0.31,,2.241,,2.5954,0.0692,,,,
109.862,LANDING_REGION_SCAN,2.6081,-0.0137,0.2,,,,-2.03,-0.1,0.07,0.0,-0.0168,0.0934,0.0078,,0.31,,2.252,,2.5954,0.0692,,,,
109.906,LANDING_REGION_SCAN,2.6075,-0.0102,0.203,,,,-2.06,0.13,0.07,0.0,-0.0168,0.0897,-0.0007,,0.31,,2.252,,2.5954,0.0692,,,,
109.956,LANDING_REGION_SCAN,2.6067,-0.0051,0.202,,,,-2.1,0.01,0.0,0.0,-0.0168,0.0908,0.0056,,0.31,,2.246,,2.5954,0.0692,,,,
110.006,LANDING_REGION_SCAN,2.6055,-0.0015,0.203,,,,-2.23,-0.01,-0.08,0.0,-0.0179,0.0877,0.0031,,0.31,,2.246,,2.5954,0.0692,,,,
110.068,LANDING_REGION_SCAN,2.6048,0.0038,0.205,,,,-2.36,-0.12,-0.03,0.0,-0.0166,0.0912,0.0035,,0.306,,2.277,,2.5954,0.0692,,,,
110.134,LANDING_REGION_SCAN,2.6045,0.0078,0.202,,,,-2.51,-0.06,-0.07,0.0,-0.0147,0.0901,0.0067,,0.306,,2.277,,2.5954,0.0692,,,,
110.158,LANDING_REGION_SCAN,2.6038,0.0124,0.206,,,,-2.64,-0.17,-0.06,0.0,-0.0143,0.0913,-0.0063,,0.306,,2.282,,2.5954,0.0692,,,,
110.205,LANDING_REGION_SCAN,2.6045,0.0174,0.205,,,,-2.81,-0.22,-0.11,0.0,-0.0091,0.0941,0.0022,,0.306,,2.282,,2.5954,0.0692,,,,
110.256,LANDING_REGION_SCAN,2.6042,0.0221,0.203,,,,-2.91,-0.16,0.07,0.0,-0.0083,0.0961,0.0009,,0.312,,2.315,,2.5954,0.0692,,,,
110.307,LANDING_REGION_SCAN,2.605,0.0287,0.203,,,,-2.98,0.0,0.12,0.0,-0.0052,0.1021,-0.0093,,0.312,,2.315,,2.5954,0.0692,,,,
110.355,LANDING_REGION_SCAN,2.6054,0.0327,0.204,,,,-2.95,-0.04,0.24,0.0,-0.0049,0.0988,-0.0097,,0.309,,2.323,,2.5954,0.0692,,,,
110.457,LANDING_REGION_SCAN,2.6055,0.0363,0.201,,,,-2.92,0.12,0.36,0.0,-0.0058,0.0948,-0.0043,,0.309,,2.323,,2.5954,0.0692,,,,
110.474,LANDING_REGION_SCAN,2.6066,0.0409,0.203,,,,-2.84,0.11,0.51,0.0,-0.005,0.0936,-0.0123,,0.31,,,,2.5954,0.0692,,,,
110.514,LANDING_REGION_SCAN,2.6068,0.0452,0.201,,,,-2.8,0.11,0.62,0.0,-0.008,0.092,-0.0069,,0.31,,,,,,,,,
110.555,LANDING_REGION_SCAN,2.6072,0.0487,0.203,,,,-2.78,0.05,0.77,0.0,-0.0109,0.0884,-0.0077,,0.31,,2.304,,2.6068,0.1692,,,,
110.604,LANDING_REGION_SCAN,2.6069,0.0544,0.201,,,,-2.69,-0.01,0.81,0.0,-0.0168,0.0925,-0.0054,,0.31,,2.304,,2.6068,0.1692,,,,
110.655,LANDING_REGION_SCAN,2.6068,0.0589,0.203,,,,-2.63,0.03,0.69,0.0,-0.0205,0.0921,-0.0056,,0.308,,2.334,,2.6068,0.1692,,,,
110.705,LANDING_REGION_SCAN,2.6058,0.0636,0.201,,,,-2.51,-0.1,0.43,0.0,-0.0249,0.0927,-0.0025,,0.308,,2.334,,2.6068,0.1692,,,,
110.82,LANDING_REGION_SCAN,2.6054,0.0675,0.199,,,,-2.46,-0.13,0.32,0.0,-0.0252,0.0916,-0.0061,,0.31,,,,2.6068,0.1692,,,,
110.838,LANDING_REGION_SCAN,2.6044,0.0711,0.2,,,,-2.39,-0.24,0.18,0.0,-0.0267,0.0902,-0.0113,,0.31,,,,2.6068,0.1692,,,,
110.856,LANDING_REGION_SCAN,2.6044,0.0753,0.2,,,,-2.35,-0.26,0.1,0.0,-0.0235,0.0914,-0.0074,,0.31,,2.306,,2.6068,0.1692,,,,
110.927,LANDING_REGION_SCAN,2.6032,0.0799,0.196,,,,-2.37,-0.39,-0.01,0.0,-0.0238,0.0942,-0.0058,,0.31,,2.306,,2.6068,0.1692,,,,
110.98,LANDING_REGION_SCAN,2.6028,0.0846,0.199,,,,-2.42,-0.5,-0.08,0.0,-0.0212,0.0978,-0.0124,,0.314,,2.339,,2.6068,0.1692,,,,
111.008,LANDING_REGION_SCAN,2.6027,0.0894,0.199,,,,-2.49,-0.43,-0.16,0.0,-0.0169,0.1009,-0.0018,,0.314,,2.339,,2.6068,0.1692,,,,
111.055,LANDING_REGION_SCAN,2.603,0.0947,0.2,,,,-2.59,-0.58,-0.14,0.0,-0.0121,0.1057,0.0001,,0.319,,,,2.6068,0.1692,,,,
111.106,LANDING_REGION_SCAN,2.6031,0.1004,0.2,,,,-2.66,-0.33,-0.11,0.0,-0.0087,0.1104,0.002,,0.319,,,,2.6068,0.1692,,,,
111.174,LANDING_REGION_SCAN,2.603,0.1065,0.197,,,,-2.71,-0.27,-0.12,0.0,-0.0065,0.1145,0.0009,,0.315,,2.407,,2.6068,0.1692,,,,
111.205,LANDING_REGION_SCAN,2.6038,0.112,0.198,,,,-2.82,-0.14,-0.21,0.0,-0.0015,0.1158,-0.0057,,0.315,,2.407,,2.6068,0.1692,,,,
111.259,LANDING_REGION_SCAN,2.6043,0.118,0.195,,,,-2.93,-0.05,-0.06,0.0,0.0017,0.1169,-0.0025,,0.317,,,,2.6068,0.1692,,,,
111.307,LANDING_REGION_SCAN,2.6049,0.1233,0.196,,,,-3.01,0.03,-0.1,0.0,0.0044,0.1153,-0.0066,,0.317,,,,2.6068,0.1692,,,,
111.355,LANDING_REGION_SCAN,2.6052,0.1291,0.198,,,,-3.14,0.1,0.12,0.0,0.005,0.1152,-0.0038,,0.317,,2.374,,2.6068,0.1692,,,,
111.405,LANDING_REGION_SCAN,2.6069,0.1349,0.2,,,,-3.28,0.19,0.16,0.0,0.0082,0.1141,0.0052,,0.317,,2.374,,2.6068,0.1692,,,,
111.48,LANDING_REGION_SCAN,2.6088,0.1416,0.202,,,,-3.35,0.21,0.19,0.0,0.0112,0.1159,0.012,,0.313,,2.399,,,,,,,
111.508,LANDING_REGION_SCAN,2.6103,0.1476,0.202,,,,-3.45,0.25,0.31,0.0,0.0124,0.115,0.012,,0.313,,2.399,,,,,,,
111.555,LANDING_REGION_SCAN,2.6122,0.1534,0.2,,,,-3.5,0.71,-0.31,0.0,0.0153,0.1125,0.0144,,0.31,,,,,,,,,
111.605,LANDING_REGION_SCAN,2.6131,0.1594,0.198,,,,-3.49,1.35,-0.88,0.0,0.0197,0.1059,0.0047,,0.31,,,,,,,,,
111.655,LANDING_REGION_SCAN,2.6147,0.1643,0.202,,,,-3.47,1.64,-1.35,0.0,0.0296,0.0923,-0.0004,,0.311,,,,,,,,,
111.705,LANDING_REGION_SCAN,2.6176,0.1693,0.202,,,,-3.44,1.73,-1.4,0.0,0.0442,0.0802,0.0078,,0.311,,,,,,,,,
111.779,LANDING_REGION_SCAN,2.6213,0.1732,0.204,,,,-3.5,1.77,-1.54,0.0,0.059,0.0667,0.0083,,0.32,,2.419,,,,,,,
111.805,LANDING_REGION_SCAN,2.6252,0.1755,0.202,,,,-3.59,1.77,-1.35,0.0,0.0726,0.049,0.0078,,0.32,,2.419,,,,,,,
111.858,LANDING_REGION_SCAN,2.6301,0.1771,0.201,,,,-3.67,1.44,-1.16,0.0,0.0854,0.0336,0.0016,,0.331,,2.438,,,,,,,
111.904,LANDING_REGION_SCAN,2.6345,0.1788,0.203,,,,-3.72,1.33,-0.85,0.0,0.093,0.0223,-0.0018,,0.331,,2.438,,,,,,,
111.954,LANDING_REGION_SCAN,2.6402,0.1799,0.203,,,,-3.82,1.11,-0.64,0.0,0.101,0.0128,0.0014,,0.339,,2.438,,,,,,,
112.005,LANDING_REGION_SCAN,2.6477,0.1798,0.203,,,,-3.94,0.7,-0.31,0.0,0.111,0.0044,-0.0003,,0.339,,2.438,,,,,,,
112.066,LANDING_REGION_SCAN,2.6536,0.1804,0.201,,,,-3.99,0.65,-0.11,0.0,0.113,0.0011,-0.0023,,0.35,,,,,,,,,
112.136,LANDING_REGION_SCAN,2.6593,0.1807,0.199,,,,-4.07,0.37,0.05,0.0,0.1128,-0.0028,-0.0086,,0.35,,,,,,,,,
112.155,LANDING_REGION_SCAN,2.6656,0.1807,0.201,,,,-4.13,0.28,0.28,0.0,0.1132,-0.0041,-0.0142,,0.364,,2.458,,,,,,,
112.207,LANDING_REGION_SCAN,2.6709,0.1815,0.2,,,,-4.21,0.26,0.33,0.0,0.1094,-0.0025,-0.0071,,0.364,,2.458,,,,,,,
112.255,LANDING_REGION_SCAN,2.677,0.182,0.201,,,,-4.32,0.06,0.38,0.0,0.1084,-0.0013,-0.0075,,0.376,,2.403,,,,,,,
112.305,LANDING_REGION_SCAN,2.6825,0.1823,0.205,,,,-4.38,0.28,0.37,0.0,0.1053,-0.0007,-0.0043,,0.376,,2.403,,,,,,,
112.356,LANDING_REGION_SCAN,2.6881,0.1831,0.207,,,,-4.47,0.27,0.23,0.0,0.1039,-0.0001,0.0072,,0.381,,2.3,,,,,,,
112.404,LANDING_REGION_SCAN,2.6924,0.1833,0.202,,,,-4.55,0.1,0.24,0.0,0.099,-0.0006,0.0088,,0.381,,2.3,,,,,,,
112.46,LANDING_REGION_SCAN,2.697,0.1837,0.202,,,,-4.63,0.36,0.12,0.0,0.0964,-0.0008,-0.005,,0.394,,2.192,,,,,,,
112.51,LANDING_REGION_SCAN,2.7022,0.1842,0.201,,,,-4.61,0.34,0.19,4.55,0.0964,-0.0022,-0.0076,,0.394,,2.192,,,,,,,
112.555,LANDING_REGION_SCAN,2.7072,0.1844,0.2,,,,-4.64,0.38,0.14,4.52,0.0957,-0.0035,-0.0057,,0.403,,,,,,,,,
112.605,LANDING_REGION_SCAN,2.7123,0.1845,0.199,,,,-4.51,0.49,0.15,4.57,0.0953,-0.0061,-0.0068,,0.403,,,,,,,,,
112.656,LANDING_REGION_SCAN,2.7171,0.1849,0.2,,,,-4.32,0.5,0.17,0.0,0.0938,-0.0078,-0.0085,,0.408,2.495,,,,,,,,
112.715,LANDING_REGION_SCAN,2.7215,0.1851,0.201,,,,-4.02,0.46,0.11,0.0,0.0916,-0.0096,-0.0021,,0.408,2.495,,,,,,,,
112.793,LANDING_REGION_SCAN,2.7264,0.1853,0.199,,,,-3.64,0.4,0.11,0.0,0.0918,-0.0109,-0.0005,,0.417,,,,,,,,,
112.809,LANDING_REGION_SCAN,2.7319,0.1852,0.202,,,,-3.23,0.35,0.03,0.0,0.0945,-0.0126,-0.0055,,0.417,,,,,,,,,
112.859,LANDING_REGION_SCAN,2.7372,0.1853,0.2,,,,-2.76,0.22,0.12,0.0,0.0958,-0.0129,0.0025,,0.425,,,,,,,,,
112.905,LANDING_REGION_SCAN,2.7421,0.1842,0.203,,,,-2.26,0.25,0.14,0.0,0.0952,-0.0162,-0.0008,,0.425,,,,,,,,,
112.954,LANDING_REGION_SCAN,2.7468,0.1834,0.203,,,,-1.77,0.04,0.11,0.0,0.0938,-0.0172,0.0058,,0.436,,0.808,,,,,,,
113.004,LANDING_REGION_SCAN,2.7515,0.1827,0.203,,,,-1.34,-0.01,0.18,0.0,0.0927,-0.0171,0.0054,,0.436,,0.808,,,,,,,
113.068,LANDING_REGION_SCAN,2.7568,0.1822,0.202,,,,-0.98,-0.13,0.11,0.0,0.0933,-0.0156,0.0026,,0.445,,0.799,,,,,,,
113.128,LANDING_REGION_SCAN,2.7619,0.1817,0.202,,,,-0.71,-0.24,0.15,0.0,0.094,-0.0136,-0.0008,,0.445,,0.799,,,,,,,
113.162,LANDING_REGION_SCAN,2.7671,0.1816,0.201,,,,-0.49,-0.24,0.08,0.0,0.0948,-0.0101,-0.0036,,0.454,,0.784,,,,,,,
113.22,LANDING_REGION_SCAN,2.7716,0.1813,0.201,,,,-0.36,-0.39,0.08,0.0,0.0936,-0.007,-0.0057,,0.454,,0.784,,,,,,,
113.255,LANDING_REGION_SCAN,2.777,0.1812,0.201,,,,-0.3,-0.37,0.14,0.0,0.0953,-0.0034,-0.0066,,0.465,,0.781,,,,,,,
113.305,LANDING_REGION_SCAN,2.7818,0.1818,0.199,,,,-0.26,-0.31,0.23,0.0,0.0939,0.0017,-0.0068,,0.465,,0.781,,,,,,,
113.354,LANDING_REGION_SCAN,2.7878,0.1824,0.2,,,,-0.32,-0.28,0.11,0.0,0.097,0.0047,-0.0097,,0.474,,0.776,,,,,,,
113.471,LANDING_REGION_SCAN,2.7926,0.183,0.201,,,,-0.37,-0.25,0.15,0.0,0.0962,0.0084,-0.0078,,0.474,,0.776,,,,,,,
113.533,LANDING_REGION_SCAN,2.7979,0.1834,0.199,,,,-0.41,-0.08,0.18,0.0,0.0966,0.0094,-0.0035,,0.483,,0.779,,,,,,,
113.554,LANDING_REGION_SCAN,2.8045,0.1843,0.199,,,,-0.45,-0.11,0.09,0.0,0.1014,0.0103,-0.0087,,0.483,,0.779,,,,,,,
113.559,LANDING_REGION_SCAN,2.8092,0.1849,0.199,,,,-0.53,0.01,0.26,0.0,0.0988,0.0114,-0.0069,,0.493,,0.775,,,,,,,
113.612,LANDING_REGION_SCAN,2.8141,0.1856,0.199,,,,-0.63,0.03,0.27,0.0,0.0967,0.0114,-0.0066,,0.493,,0.775,,,,,,,
113.661,LANDING_REGION_SCAN,2.8205,0.1862,0.2,,,,-0.72,0.11,0.43,0.0,0.099,0.0103,-0.0056,,0.5,,0.775,,,,,,,
113.71,LANDING_REGION_SCAN,2.826,0.1868,0.199,,,,-0.85,0.18,0.39,0.0,0.0976,0.0095,-0.0023,,0.5,,0.775,,,,,,,
113.754,LANDING_REGION_SCAN,2.8313,0.1873,0.195,,,,-0.89,0.16,0.38,0.0,0.0963,0.0082,-0.0036,,0.516,,0.771,,,,,,,
113.81,LANDING_REGION_SCAN,2.8357,0.188,0.198,,,,-1.0,0.15,0.25,0.0,0.0922,0.0081,-0.013,,0.516,,0.771,,,,,,,
113.892,LANDING_REGION_SCAN,2.8407,0.1888,0.196,,,,-1.12,0.04,0.12,0.0,0.0919,0.0083,-0.004,,0.518,,0.772,,,,,,,
113.905,LANDING_REGION_SCAN,2.8457,0.1891,0.197,,,,-1.21,0.14,0.08,0.0,0.0921,0.0077,-0.0056,,0.518,,0.772,,,,,,,
113.969,LANDING_REGION_SCAN,2.8518,0.1903,0.199,,,,-1.36,0.14,-0.09,0.0,0.097,0.0087,-0.003,,0.529,,0.777,,,,,,,
114.004,LANDING_REGION_SCAN,2.8575,0.1902,0.198,,,,-1.56,0.11,-0.1,0.0,0.1004,0.0062,0.0072,,0.529,,0.777,,,,,,,
114.054,LANDING_REGION_SCAN,2.863,0.1906,0.195,,,,-1.76,0.27,-0.1,0.0,0.1026,0.0049,0.0036,,0.542,,0.772,,,,,,,
114.105,LANDING_REGION_SCAN,2.8685,0.1916,0.198,,,,-1.93,0.2,-0.03,0.0,0.1042,0.0049,-0.0026,,0.542,,0.772,,,,,,,
114.159,LANDING_REGION_SCAN,2.8747,0.1917,0.198,,,,-2.14,0.22,-0.03,0.0,0.1071,0.0028,0.0053,,0.552,,0.775,,,,,,,
114.238,LANDING_REGION_SCAN,2.8813,0.1919,0.197,,,,-2.32,0.33,0.05,0.0,0.1109,0.0007,0.0066,,0.552,,0.775,,,,,,,
114.254,LANDING_REGION_SCAN,2.8871,0.193,0.201,,,,-2.47,0.28,0.06,0.0,0.1109,0.0016,0.0021,,0.565,,0.776,,,,,,,
114.333,LANDING_REGION_SCAN,2.8938,0.1932,0.2,,,,-2.61,0.15,0.13,0.0,0.1138,0.0001,0.0115,,0.565,,0.776,,,,,,,
114.36,LANDING_REGION_SCAN,2.8995,0.1933,0.203,,,,-2.74,0.17,0.19,0.0,0.1126,-0.0008,0.0096,,0.574,,0.776,,,,,,,
114.405,LANDING_REGION_SCAN,2.9058,0.1938,0.2,,,,-2.78,0.13,0.19,0.0,0.1128,-0.0001,0.0108,,0.574,,0.776,,,,,,,
114.454,LANDING_REGION_SCAN,2.9119,0.1938,0.2,,,,-2.84,0.14,0.28,0.0,0.1127,-0.0008,0.0037,,0.587,,0.776,,,,,,,
114.507,LANDING_REGION_SCAN,2.9192,0.1943,0.2,,,,-2.83,0.08,0.28,0.0,0.1157,0.0003,0.0006,,0.587,,0.776,,,,,,,
114.585,LANDING_REGION_SCAN,2.9254,0.1948,0.2,,,,-2.82,0.09,0.39,0.0,0.1145,0.0011,-0.0013,,0.601,,0.781,,,,,,,
114.606,LANDING_REGION_SCAN,2.9317,0.1958,0.203,,,,-2.83,0.04,0.47,0.0,0.1131,0.0036,-0.0005,,0.601,,0.781,,,,,,,
114.654,LANDING_REGION_SCAN,2.937,0.1961,0.199,,,,-2.85,-0.01,0.53,0.0,0.108,0.0044,0.0046,,0.61,,0.785,,,,,,,
114.704,LANDING_REGION_SCAN,2.9432,0.1972,0.2,,,,-2.83,0.05,0.49,0.0,0.1065,0.007,-0.0049,,0.61,,0.785,,,,,,,
114.755,LANDING_REGION_SCAN,2.9498,0.1981,0.198,,,,-2.85,0.03,0.51,0.0,0.1061,0.0083,-0.0041,,0.625,,0.785,,,,,,,
114.804,LANDING_REGION_SCAN,2.9557,0.1992,0.197,,,,-2.83,0.12,0.49,0.0,0.1041,0.0101,-0.0066,,0.625,,0.785,,,,,,,
114.86,LANDING_REGION_SCAN,2.9608,0.2007,0.198,,,,-2.79,0.22,0.56,0.0,0.0994,0.0119,-0.0083,,0.633,2.397,0.786,,,,,,,
114.914,LANDING_REGION_SCAN,2.9661,0.2023,0.2,,,,-2.72,0.2,0.46,0.0,0.0964,0.013,-0.0016,,0.633,2.397,0.786,,,,,,,
114.962,LANDING_REGION_SCAN,2.971,0.203,0.202,,,,-2.64,0.36,0.48,0.0,0.0928,0.0116,0.0046,,0.648,,0.785,,,,,,,
115.004,LANDING_REGION_SCAN,2.9765,0.2045,0.205,,,,-2.54,0.34,0.35,0.0,0.0917,0.0112,0.0087,,0.648,,0.785,,,,,,,
115.054,LANDING_REGION_SCAN,2.9825,0.2049,0.203,,,,-2.4,0.49,0.28,0.0,0.0936,0.0081,0.0148,,0.657,,0.788,,,,,,,
115.104,LANDING_REGION_SCAN,2.9878,0.2063,0.201,,,,-2.23,0.5,0.22,0.0,0.0934,0.0071,0.004,,0.657,,0.788,,,,,,,
115.155,LANDING_REGION_SCAN,2.9934,0.207,0.2,,,,-2.07,0.45,0.14,0.0,0.0947,0.0045,-0.0012,,0.668,,0.793,,,,,,,
115.237,LANDING_REGION_SCAN,2.9989,0.2083,0.203,,,,-1.87,0.46,0.19,0.0,0.096,0.0045,-0.005,,0.668,,0.793,,,,,,,
115.272,LANDING_REGION_SCAN,3.0038,0.2097,0.199,,,,-1.67,0.36,0.1,0.0,0.0949,0.0047,-0.0003,,0.681,,0.791,,,,,,,
115.304,LANDING_REGION_SCAN,3.0105,0.2101,0.199,,,,-1.52,0.35,0.06,0.0,0.1001,0.0031,-0.0075,,0.681,,0.791,,,,,,,
115.356,LANDING_REGION_SCAN,3.0163,0.2109,0.202,,,,-1.32,0.33,0.1,0.0,0.1018,0.0025,-0.0103,,0.686,2.39,0.794,,,,,,,
115.405,LANDING_REGION_SCAN,3.0217,0.2107,0.199,,,,-1.18,0.22,0.07,0.0,0.102,-0.0006,0.0008,,0.686,2.39,0.794,,,,,,,
115.455,LANDING_REGION_SCAN,3.0274,0.2113,0.199,,,,-1.04,0.21,0.1,0.0,0.103,-0.0004,-0.0058,,0.696,,0.794,,,,,,,
115.505,LANDING_REGION_SCAN,3.0323,0.2114,0.2,,,,-0.92,0.15,0.16,0.0,0.1015,-0.0016,-0.0054,,0.696,,0.794,,,,,,,
115.597,LANDING_REGION_SCAN,3.0381,0.2118,0.202,,,,-0.9,0.07,0.28,0.0,0.1018,-0.0008,-0.0009,,0.711,,0.796,,,,,,,
115.622,LANDING_REGION_SCAN,3.0444,0.2123,0.199,,,,-0.88,0.23,0.29,0.0,0.103,0.0001,0.0034,,0.711,,0.796,,,,,,,
115.655,LANDING_REGION_SCAN,3.0501,0.2136,0.202,,,,-0.93,0.05,0.28,0.0,0.1027,0.0027,-0.0032,,0.722,2.257,0.795,,,,,,,
115.706,LANDING_REGION_SCAN,3.0561,0.2138,0.199,,,,-0.99,0.18,0.26,0.0,0.1028,0.0022,0.0036,,0.722,2.257,0.795,,,,,,,
115.754,LANDING_REGION_SCAN,3.0619,0.2146,0.202,,,,-1.02,0.15,0.24,0.0,0.1028,0.0029,-0.0034,,0.736,,0.794,,,,,,,
115.804,LANDING_REGION_SCAN,3.0682,0.2158,0.202,,,,-1.13,0.1,0.22,0.0,0.1043,0.005,0.0026,,0.736,,0.794,,,,,,,
115.854,LANDING_REGION_SCAN,3.076,0.216,0.199,,,,-1.21,0.13,0.33,0.0,0.1103,0.0041,0.0007,,0.743,,0.795,,,,,,,
115.947,LANDING_REGION_SCAN,3.0831,0.2171,0.202,,,,-1.37,0.16,0.23,0.0,0.1132,0.0055,-0.008,,0.743,,0.795,,,,,,,
115.955,LANDING_REGION_SCAN,3.0889,0.2182,0.203,,,,-1.52,0.12,0.35,0.0,0.1117,0.0071,-0.0002,,0.761,,0.798,,,,,,,
116.019,LANDING_REGION_SCAN,3.0946,0.2189,0.202,,,,-1.69,0.25,0.31,0.0,0.1092,0.007,0.0022,,0.761,,0.798,,,,,,,
116.053,LANDING_REGION_SCAN,3.1011,0.2193,0.202,,,,-1.83,0.19,0.35,0.0,0.1098,0.0053,-0.0018,,0.773,,0.797,,,,,,,
116.103,LANDING_REGION_SCAN,3.1073,0.2205,0.203,,,,-1.93,0.28,0.39,0.0,0.1086,0.0065,-0.0029,,0.773,,0.797,,,,,,,
116.154,LANDING_REGION_SCAN,3.1144,0.2211,0.201,,,,-1.99,0.27,0.36,0.0,0.1109,0.0054,-0.002,,0.786,,0.798,,,,,,,
116.204,LANDING_REGION_SCAN,3.1212,0.2215,0.199,,,,-1.96,0.24,0.46,0.0,0.1114,0.0036,-0.0082,,0.786,,0.798,,,,,,,
116.271,LANDING_REGION_SCAN,3.1277,0.2224,0.193,,,,-1.97,0.24,0.44,0.0,0.1112,0.004,-0.0127,,0.8,,0.803,,,,,,,
116.307,LANDING_REGION_SCAN,3.1331,0.2229,0.199,,,,-1.95,0.27,0.5,0.0,0.1067,0.0031,-0.0225,,0.8,,0.803,,,,,,,
116.354,LANDING_REGION_SCAN,3.139,0.2232,0.198,,,,-1.97,0.26,0.46,0.0,0.1045,0.0013,-0.007,,0.813,,0.801,,,,,,,
116.404,LANDING_REGION_SCAN,3.1457,0.2237,0.198,,,,-1.99,0.26,0.54,0.0,0.1047,0.0009,-0.0023,,0.813,,0.801,,,,,,,
116.454,LANDING_REGION_SCAN,3.1517,0.2236,0.199,,,,-2.04,0.21,0.42,0.0,0.1034,-0.0013,-0.0026,,0.825,,0.805,,,,,,,
116.504,LANDING_REGION_SCAN,3.1571,0.2239,0.198,,,,-2.14,0.23,0.42,0.0,0.1006,-0.0023,0.003,,0.825,,0.805,,,,,,,
116.591,LANDING_REGION_SCAN,3.1626,0.2245,0.197,,,,-2.2,0.22,0.36,0.0,0.0992,-0.0019,0.0012,,0.836,1.642,0.807,,,,,,,
116.631,LANDING_REGION_SCAN,3.1678,0.2251,0.199,,,,-2.29,0.13,0.42,0.0,0.0969,-0.0014,-0.0017,,0.836,1.642,0.807,,,,,,,
116.657,LANDING_REGION_SCAN,3.1742,0.225,0.198,,,,-2.36,0.3,0.32,0.0,0.0989,-0.0026,0.0036,,0.854,,0.81,,,,,,,
116.716,LANDING_REGION_SCAN,3.1802,0.2254,0.2,,,,-2.44,0.15,0.24,0.0,0.1,-0.003,0.0015,,0.854,,0.81,,,,,,,
116.753,LANDING_REGION_SCAN,3.1855,0.2253,0.199,,,,-2.52,0.18,0.31,0.0,0.0986,-0.0036,0.0068,,0.857,,0.804,,,,,,,
116.804,LANDING_REGION_SCAN,3.1906,0.2258,0.202,,,,-2.63,0.1,0.22,0.0,0.0972,-0.0027,0.0032,,0.857,,0.804,,,,,,,
116.853,LANDING_REGION_SCAN,3.1954,0.2259,0.2,,,,-2.72,0.11,0.27,0.0,0.0949,-0.0027,0.0087,,0.872,,0.815,,,,,,,
116.921,LANDING_REGION_SCAN,3.2,0.2258,0.199,,,,-2.81,0.09,0.15,0.0,0.0925,-0.0034,0.0018,,0.872,,0.815,,,,,,,
116.965,LANDING_REGION_SCAN,3.2061,0.2256,0.199,,,,-2.9,0.04,0.13,0.0,0.0961,-0.0039,-0.0029,2.828,0.887,1.626,0.819,,,,,,,
117.006,LANDING_REGION_SCAN,3.2114,0.2258,0.2,,,,-2.97,0.04,0.15,0.0,0.0967,-0.0031,-0.0019,2.828,0.887,1.626,0.819,,,,,,,
117.053,LANDING_REGION_SCAN,3.2156,0.2261,0.2,,,,-3.0,0.09,0.18,0.0,0.0934,-0.0019,-0.0012,,0.899,,0.816,,,,,,,
117.103,LANDING_REGION_SCAN,3.2209,0.2266,0.199,,,,-3.06,0.1,0.2,0.0,0.094,-0.0008,-0.0011,,0.899,,0.816,,,,,,,
117.153,LANDING_REGION_SCAN,3.2258,0.2266,0.201,,,,-3.04,0.15,0.15,0.0,0.0929,-0.0016,-0.0044,,0.911,1.592,0.819,,,,,,,
117.203,LANDING_REGION_SCAN,3.2313,0.2272,0.198,,,,-2.96,0.11,0.11,0.0,0.0945,-0.0001,-0.001,,0.911,1.592,0.819,,,,,,,
117.29,LANDING_REGION_SCAN,3.2357,0.2266,0.199,,,,-2.86,0.21,-0.01,0.0,0.0931,-0.0033,-0.0084,,0.915,,0.823,,,,,,,
117.303,LANDING_REGION_SCAN,3.2407,0.2273,0.2,,,,-2.7,0.13,-0.03,0.0,0.0943,-0.0018,-0.0053,,0.915,,0.823,,,,,,,
117.353,LANDING_REGION_SCAN,3.2458,0.2278,0.201,,,,-2.58,0.24,-0.1,0.0,0.096,-0.0009,-0.0016,,0.926,1.573,0.836,,,,,,,
117.404,LANDING_REGION_SCAN,3.2507,0.2284,0.197,,,,-2.46,0.21,-0.14,0.0,0.0966,-0.0006,0.0001,,0.926,1.573,0.836,,,,,,,
117.454,LANDING_REGION_SCAN,3.2568,0.229,0.198,,,,-2.41,0.18,-0.12,0.0,0.1016,0.0001,-0.0108,,0.939,,0.833,,,,,,,
117.504,LANDING_REGION_SCAN,3.2639,0.2294,0.196,,,,-2.4,0.2,-0.07,0.0,0.1091,-0.0002,-0.0058,,0.939,,0.833,,,,,,,
117.556,LANDING_REGION_SCAN,3.2694,0.2308,0.196,,,,-2.4,0.23,0.04,0.0,0.1092,0.0035,-0.0099,,0.948,,0.842,,,,,,,
117.632,LANDING_REGION_SCAN,3.275,0.2312,0.197,,,,-2.4,0.27,0.18,0.0,0.1085,0.0022,-0.0051,,0.948,,0.842,,,,,,,
117.655,LANDING_REGION_SCAN,3.2807,0.2315,0.2,,,,-2.37,0.32,0.21,0.0,0.1075,0.0008,-0.0003,,0.962,,,,,,,,,
117.703,LANDING_REGION_SCAN,3.2865,0.2325,0.196,,,,-2.37,0.36,0.33,0.0,0.1065,0.0017,0.0071,,0.962,,,,,,,,,
117.754,LANDING_REGION_SCAN,3.2928,0.2337,0.196,,,,-2.38,0.33,0.37,0.0,0.1069,0.0034,-0.0022,,0.976,,,,,,,,,
117.804,LANDING_REGION_SCAN,3.298,0.2337,0.197,,,,-2.42,0.38,0.41,0.0,0.1031,0.0002,-0.0036,,0.976,,,,,,,,,
117.855,LANDING_REGION_SCAN,3.3035,0.2347,0.198,,,,-2.44,0.32,0.47,0.0,0.1007,0.0011,0.0013,,0.992,,,,,,,,,
117.963,LANDING_REGION_SCAN,3.3092,0.2361,0.197,,,,-2.51,0.31,0.33,0.0,0.0997,0.0028,0.0027,,0.992,,,,,,,,,
117.989,LANDING_REGION_SCAN,3.3137,0.2365,0.197,,,,-2.58,0.33,0.38,0.0,0.0949,0.0017,0.0011,,0.999,1.495,,,,,,,,
118.003,LANDING_REGION_SCAN,3.3187,0.2378,0.198,,,,-2.69,0.35,0.33,0.0,0.0931,0.0027,0.0023,,0.999,1.495,,,,,,,,
118.055,LANDING_REGION_SCAN,3.3239,0.2384,0.196,,,,-2.84,0.32,0.23,0.0,0.0927,0.0021,0.0058,,1.018,1.47,,,,,,,,
118.102,LANDING_REGION_SCAN,3.3282,0.2387,0.197,,,,-2.96,0.42,0.17,0.0,0.0898,-0.0002,-0.0016,,1.018,1.47,,,,,,,,
118.153,LANDING_REGION_SCAN,3.3335,0.2399,0.197,,,,-3.11,0.41,0.06,0.0,0.0913,0.0008,0.0013,,1.028,1.464,,,,,,,,
118.204,LANDING_REGION_SCAN,3.34,0.2407,0.201,,,,-3.27,0.48,0.04,0.0,0.0969,0.0,0.0003,,1.028,1.464,,,,,,,,
118.253,LANDING_REGION_SCAN,3.344,0.2408,0.199,,,,-3.34,0.51,0.16,0.0,0.0933,-0.0035,0.0108,,1.044,,,,,,,,,
118.318,LANDING_REGION_SCAN,3.3491,0.2412,0.199,,,,-3.46,0.45,0.26,0.0,0.0926,-0.0055,0.0018,,1.044,,,,,,,,,
118.366,LANDING_REGION_SCAN,3.3531,0.2412,0.2,,,,-3.47,0.48,0.28,0.0,0.0886,-0.0083,0.0005,,1.057,1.463,,,,,,,,
118.408,LANDING_REGION_SCAN,3.3577,0.2411,0.201,,,,-3.48,0.4,0.26,0.0,0.0864,-0.0106,0.0036,,1.057,1.463,,,,,,,,
118.454,LANDING_REGION_SCAN,3.3622,0.2418,0.201,,,,-3.43,0.45,0.19,0.0,0.0851,-0.0097,0.0028,,1.075,,,,,,,,,
118.503,LANDING_REGION_SCAN,3.3667,0.2414,0.196,,,,-3.37,0.36,0.1,0.0,0.0843,-0.0127,0.0001,,1.075,,,,,,,,,
118.553,LANDING_REGION_SCAN,3.3714,0.2416,0.198,,,,-3.27,0.34,0.07,0.0,0.0849,-0.0127,-0.0114,2.695,1.078,1.444,,,,,,,,
118.627,LANDING_REGION_SCAN,3.3748,0.2414,0.2,,,,-3.23,0.32,0.02,0.0,0.0821,-0.0139,-0.0031,2.695,1.078,1.444,,,,,,,,
118.668,LANDING_REGION_SCAN,3.3783,0.2411,0.199,,,,-3.16,0.26,0.0,0.0,0.0796,-0.0151,0.0033,,,1.434,,,,,,,,
118.707,LANDING_REGION_SCAN,3.3819,0.241,0.199,,,,-3.1,0.23,-0.07,0.0,0.0784,-0.0153,0.0005,,,1.434,,,,,,,,
118.753,LANDING_REGION_SCAN,3.3855,0.2409,0.197,,,,-3.04,0.19,-0.06,0.0,0.078,-0.0147,0.0012,,1.093,1.446,,,,,,,,
118.803,LANDING_REGION_SCAN,3.3898,0.2408,0.2,,,,-3.0,0.18,-0.07,0.0,0.0797,-0.0141,-0.0037,,1.093,1.446,,,,,,,,
118.853,LANDING_REGION_SCAN,3.3948,0.2411,0.199,,,,-2.98,0.1,-0.09,0.0,0.0834,-0.0118,0.0024,,1.097,,,,,,,,,
118.904,LANDING_REGION_SCAN,3.3975,0.2403,0.197,,,,-2.99,0.21,0.07,0.0,0.0791,-0.0137,0.0022,,1.097,,,,,,,,,
119.001,LANDING_REGION_SCAN,3.4015,0.24,0.2,,,,-2.97,0.23,0.01,0.0,0.0785,-0.0143,-0.0064,,1.106,1.431,,,,,,,,
119.023,LANDING_REGION_SCAN,3.4057,0.2395,0.2,,,,-2.94,0.28,0.01,0.0,0.079,-0.0154,0.0023,,1.106,1.431,,,,,,,,
119.054,LANDING_REGION_SCAN,3.4107,0.2392,0.197,,,,-2.91,0.28,-0.05,0.0,0.0823,-0.0162,-0.0011,,1.112,1.436,,,,,,,,
119.106,LANDING_REGION_SCAN,3.4139,0.2383,0.199,,,,-2.92,0.25,-0.05,0.0,0.0795,-0.0186,-0.0082,,1.112,1.436,,,,,,,,
119.153,LANDING_REGION_SCAN,3.4193,0.2376,0.198,,,,-2.88,0.21,-0.06,0.0,0.084,-0.0194,-0.0004,,1.115,1.423,,,,,,,,
119.203,LANDING_REGION_SCAN,3.4238,0.2368,0.2,,,,-2.9,0.16,-0.04,0.0,0.0856,-0.0206,0.0011,,1.115,1.423,,,,,,,,
119.253,LANDING_REGION_SCAN,3.4282,0.2357,0.2,,,,-2.84,0.05,0.1,0.0,0.0855,-0.0215,0.0045,,1.117,1.434,,,,,,,,
119.338,LANDING_REGION_SCAN,3.4333,0.2348,0.201,,,,-2.8,0.13,0.02,0.0,0.0876,-0.0218,0.0036,,1.117,1.434,,,,,,,,
119.381,LANDING_REGION_SCAN,3.4374,0.234,0.202,,,,-2.74,0.04,0.13,0.0,0.0862,-0.0212,0.0068,,1.133,1.446,,,,,,,,
119.403,LANDING_REGION_SCAN,3.4428,0.2332,0.203,,,,-2.72,-0.02,0.12,0.0,0.0884,-0.0204,0.0072,,1.133,1.446,,,,,,,,
119.453,LANDING_REGION_SCAN,3.4475,0.2319,0.199,,,,-2.62,0.08,0.09,0.0,0.0885,-0.0219,0.0073,,1.135,1.44,,,,,,,,
119.504,LANDING_REGION_SCAN,3.4521,0.2319,0.199,,,,-2.48,0.12,-0.07,0.0,0.0887,-0.0193,-0.0056,,1.135,1.44,,,,,,,,
119.553,LANDING_REGION_SCAN,3.4569,0.2313,0.198,,,,-2.3,-0.02,-0.07,0.0,0.0903,-0.0187,-0.0049,,1.146,1.433,,,,,,,,
119.603,LANDING_REGION_SCAN,3.462,0.2308,0.198,,,,-2.16,-0.06,-0.04,0.0,0.0927,-0.0172,-0.0025,,1.146,1.433,,,,,,,,
119.663,LANDING_REGION_SCAN,3.468,0.2301,0.201,,,,-2.0,-0.13,-0.01,0.0,0.0971,-0.0165,-0.0031,,1.154,1.43,,,,,,,,
119.723,LANDING_REGION_SCAN,3.4736,0.2297,0.2,,,,-1.86,-0.03,0.05,0.0,0.0993,-0.0148,0.0078,,1.154,1.43,,,,,,,,
119.753,LANDING_REGION_SCAN,3.4797,0.2297,0.198,,,,-1.8,-0.07,0.03,0.0,0.103,-0.0124,0.0031,,1.165,1.425,,,,,,,,
119.811,LANDING_REGION_SCAN,3.4853,0.2292,0.201,,,,-1.65,-0.07,0.09,0.0,0.104,-0.0117,-0.0021,,1.165,1.425,,,,,,,,
119.852,LANDING_REGION_SCAN,3.4912,0.2286,0.199,,,,-1.53,0.05,0.13,0.0,0.1055,-0.0118,0.0071,,1.165,1.44,,,,,,,,
119.902,LANDING_REGION_SCAN,3.4965,0.2283,0.205,,,,-1.42,-0.01,0.14,0.0,0.1042,-0.0112,0.0007,,1.165,1.44,,,,,,,,
119.953,LANDING_REGION_SCAN,3.5033,0.2279,0.202,,,,-1.39,0.08,0.16,0.0,0.1084,-0.0113,0.0106,,1.176,1.442,,,,,,,,
120.042,LANDING_REGION_SCAN,3.5093,0.2282,0.202,,,,-1.41,0.09,0.19,0.0,0.109,-0.0093,0.0059,,1.176,1.442,,,,,,,,
120.055,LANDING_REGION_SCAN,3.5156,0.2281,0.198,,,,-1.43,0.21,0.28,0.0,0.1097,-0.0094,-0.0008,,1.192,1.441,,,,,,,,
120.102,LANDING_REGION_SCAN,3.5215,0.228,0.203,,,,-1.49,0.2,0.25,0.0,0.109,-0.0102,-0.0091,,1.192,1.441,,,,,,,,
120.152,LANDING_REGION_SCAN,3.5274,0.2273,0.199,,,,-1.54,0.23,0.33,0.0,0.1079,-0.0123,0.007,,1.196,1.444,,,,,,,,
120.203,LANDING_REGION_SCAN,3.5339,0.227,0.205,,,,-1.58,0.3,0.35,0.0,0.1089,-0.0138,-0.0023,,1.196,1.444,,,,,,,,
120.254,LANDING_REGION_SCAN,3.5387,0.2264,0.2,,,,-1.6,0.26,0.31,0.0,0.104,-0.0155,0.0078,2.41,1.205,1.459,,,,,,,,
120.311,LANDING_REGION_SCAN,3.5436,0.2257,0.202,,,,-1.61,0.34,0.34,0.0,0.1003,-0.0178,-0.0006,2.41,1.205,1.459,,,,,,,,
120.382,LANDING_REGION_SCAN,3.5492,0.2246,0.203,,,,-1.6,0.37,0.27,0.0,0.0993,-0.0212,-0.0021,,1.221,1.46,,,,,,,,
120.413,LANDING_REGION_SCAN,3.5546,0.2232,0.203,,,,-1.51,0.23,0.28,0.0,0.0984,-0.0245,0.006,,1.221,1.46,,,,,,,,
120.454,LANDING_REGION_SCAN,3.5606,0.2221,0.204,,,,-1.44,0.32,0.2,0.0,0.0997,-0.0262,0.0016,2.422,1.227,1.455,,,,,,,,
120.502,LANDING_REGION_SCAN,3.5667,0.2203,0.204,,,,-1.35,0.17,0.1,0.0,0.102,-0.0294,0.0002,2.422,1.227,1.455,,,,,,,,
120.553,LANDING_REGION_SCAN,3.5711,0.2192,0.204,,,,-1.29,0.08,0.14,0.0,0.0991,-0.0293,0.0016,,1.243,1.464,,,,,,,,
120.603,LANDING_REGION_SCAN,3.5762,0.2173,0.205,,,,-1.24,0.1,0.14,0.0,0.0983,-0.0311,-0.0003,,1.243,1.464,,,,,,,,
120.653,LANDING_REGION_SCAN,3.5813,0.2166,0.202,,,,-1.24,0.02,0.1,0.0,0.0981,-0.029,0.0001,,1.24,,,,,,,,,
120.707,LANDING_REGION_SCAN,3.5867,0.2155,0.199,,,,-1.32,-0.05,0.11,0.0,0.0988,-0.028,-0.0063,,1.24,,,,,,,,,
120.757,LANDING_REGION_SCAN,3.5929,0.2136,0.2,,,,-1.33,-0.04,0.11,0.0,0.1014,-0.029,-0.0131,2.376,1.259,1.445,,,,,,,,
120.802,LANDING_REGION_SCAN,3.5979,0.2133,0.203,,,,-1.38,0.04,0.23,0.0,0.1003,-0.0257,-0.0077,2.376,1.259,1.445,,,,,,,,
120.853,LANDING_REGION_SCAN,3.603,0.2114,0.203,,,,-1.5,-0.08,0.2,0.0,0.0988,-0.0273,0.0019,,1.277,1.457,,,,,,,,
120.903,LANDING_REGION_SCAN,3.6086,0.2105,0.202,,,,-1.56,0.01,0.28,0.0,0.0988,-0.0255,0.0045,,1.277,1.457,,,,,,,,
120.963,LANDING_REGION_SCAN,3.6138,0.2091,0.202,,,,-1.63,0.04,0.22,0.0,0.0975,-0.0261,-0.0004,,1.282,1.455,,,,,,,,
121.027,LANDING_REGION_SCAN,3.6198,0.2076,0.203,,,,-1.69,-0.05,0.12,0.0,0.0997,-0.0269,0.0003,,1.282,1.455,,,,,,,,
121.057,LANDING_REGION_SCAN,3.626,0.2058,0.2,,,,-1.74,0.1,0.14,0.0,0.1026,-0.0284,0.0038,,1.288,1.487,,,,,,,,
121.102,LANDING_REGION_SCAN,3.6314,0.2037,0.2,,,,-1.73,0.07,0.15,0.0,0.1021,-0.0312,-0.0049,,1.288,1.487,,,,,,,,
121.152,LANDING_REGION_SCAN,3.6372,0.2022,0.202,,,,-1.79,-0.02,0.13,0.0,0.1032,-0.0315,-0.0044,2.333,1.295,1.525,,,,,,,,
121.202,LANDING_REGION_SCAN,3.6413,0.2007,0.202,,,,-1.75,-0.01,0.25,0.0,0.0983,-0.031,0.0013,2.333,1.295,1.525,,,,,,,,
121.253,LANDING_REGION_SCAN,3.6476,0.1991,0.198,,,,-1.75,0.01,0.16,0.0,0.1007,-0.0312,-0.0029,,1.32,1.518,,,,,,,,
121.354,LANDING_REGION_SCAN,3.654,0.1966,0.203,,,,-1.74,-0.02,0.22,0.0,0.1036,-0.0342,-0.0109,,1.32,1.518,,,,,,,,
121.361,LANDING_REGION_SCAN,3.6583,0.1952,0.203,,,,-1.82,-0.16,0.27,0.0,0.0992,-0.0325,0.0012,2.375,1.32,,,,,,,,,
121.405,LANDING_REGION_SCAN,3.6632,0.1934,0.203,,,,-1.88,-0.07,0.28,0.0,0.0967,-0.0316,0.0052,2.375,1.32,,,,,,,,,
121.452,LANDING_REGION_SCAN,3.6675,0.1917,0.206,,,,-1.93,-0.19,0.25,0.0,0.0931,-0.0312,-0.0027,2.342,1.318,1.492,,,,,,,,
121.503,LANDING_REGION_SCAN,3.6725,0.1905,0.201,,,,-1.94,-0.15,0.14,0.0,0.0927,-0.0286,0.0071,2.342,1.318,1.492,,,,,,,,
121.553,LANDING_REGION_SCAN,3.6779,0.1892,0.201,,,,-1.91,-0.16,0.02,0.0,0.0944,-0.0273,-0.0059,,1.334,,,,,,,,,
121.603,LANDING_REGION_SCAN,3.6828,0.1879,0.2,,,,-1.9,-0.22,0.01,0.0,0.0952,-0.0255,-0.0065,,1.334,,,,,,,,,
121.69,LANDING_REGION_SCAN,3.6873,0.1863,0.198,,,,-1.89,-0.26,0.04,0.0,0.0941,-0.0248,-0.0065,,1.335,1.517,,,,,,,,
121.703,LANDING_REGION_SCAN,3.6932,0.1855,0.2,,,,-1.78,-0.32,-0.01,0.0,0.098,-0.0216,-0.0084,,1.335,1.517,,,,,,,,
121.753,LANDING_REGION_SCAN,3.6983,0.1845,0.199,,,,-1.66,-0.29,-0.06,0.0,0.0988,-0.0191,-0.0025,,1.349,,,,,,,,,
121.803,LANDING_REGION_SCAN,3.703,0.1841,0.201,,,,-1.52,-0.34,0.01,0.0,0.0982,-0.0147,-0.0017,,1.349,,,,,,,,,
121.853,LANDING_REGION_SCAN,3.709,0.1825,0.2,,,,-1.37,-0.32,0.04,0.0,0.1014,-0.0155,-0.001,2.251,1.359,1.557,,,,,,,,
121.903,LANDING_REGION_SCAN,3.7146,0.1823,0.201,,,,-1.14,-0.29,0.07,0.0,0.1029,-0.0115,-0.0011,2.251,1.359,1.557,,,,,,,,
121.964,LANDING_REGION_SCAN,3.7195,0.1814,0.202,,,,-0.95,-0.27,0.08,0.0,0.1018,-0.0103,-0.0009,2.256,1.368,,,,,,,,,
122.038,LANDING_REGION_SCAN,3.7254,0.1815,0.198,,,,-0.8,-0.29,0.26,0.0,0.1031,-0.0067,0.0018,2.256,1.368,,,,,,,,,
122.052,LANDING_REGION_SCAN,3.7311,0.1813,0.201,,,,-0.67,-0.25,0.25,0.0,0.1026,-0.0041,-0.0074,,1.374,,,,,,,,,
122.117,LANDING_REGION_SCAN,3.7378,0.1814,0.203,,,,-0.51,-0.21,0.19,0.0,0.1058,-0.002,0.002,,1.374,,,,,,,,,
122.152,LANDING_REGION_SCAN,3.7434,0.1812,0.199,,,,-0.31,-0.13,0.22,0.0,0.1046,-0.001,0.007,2.195,1.386,,,,,,,,,
122.203,LANDING_REGION_SCAN,3.7489,0.1814,0.2,,,,-0.1,-0.09,0.27,0.0,0.1036,0.0009,-0.0045,2.195,1.386,,,,,,,,,
122.253,LANDING_REGION_SCAN,3.7545,0.1819,0.2,,,,0.09,0.02,0.28,0.0,0.1028,0.0023,-0.0018,2.148,1.392,1.78,,,,,,,,
122.302,LANDING_REGION_SCAN,3.7598,0.1818,0.2,,,,0.28,0.03,0.17,0.0,0.1013,0.0013,0.0006,2.148,1.392,1.78,,,,,,,,
122.389,LANDING_REGION_SCAN,3.7658,0.1821,0.2,,,,0.37,-0.05,0.09,0.0,0.1033,0.002,-0.0006,2.148,1.4,,,,,,,,,
122.404,LANDING_REGION_SCAN,3.7709,0.1822,0.202,,,,0.4,0.04,0.14,0.0,0.1025,0.002,0.0011,2.148,1.4,,,,,,,,,
122.456,LANDING_REGION_SCAN,3.7768,0.1827,0.2,,,,0.46,0.02,0.14,0.0,0.104,0.0028,0.0055,2.165,1.406,2.127,,,,,,,,
122.502,LANDING_REGION_SCAN,3.7813,0.1823,0.204,,,,0.5,0.12,0.15,0.0,0.1005,0.0009,0.0002,2.165,1.406,2.127,,,,,,,,
122.553,LANDING_REGION_SCAN,3.7878,0.1831,0.201,,,,0.52,0.12,0.25,0.0,0.1035,0.0022,0.0098,2.078,1.425,2.194,,,,,,,,
122.603,LANDING_REGION_SCAN,3.7931,0.1835,0.201,,,,0.55,0.02,0.03,0.0,0.1027,0.0024,0.0015,2.078,1.425,2.194,,,,,,,,
122.657,LANDING_REGION_SCAN,3.8003,0.1836,0.202,,,,0.55,0.1,0.05,0.0,0.109,0.0024,-0.0004,2.139,1.425,2.174,,,,,,,,
122.722,LANDING_REGION_SCAN,3.8056,0.1839,0.201,,,,0.54,0.12,0.1,0.0,0.108,0.0023,0.0019,2.139,1.425,2.174,,,,,,,,
122.765,LANDING_REGION_SCAN,3.811,0.1836,0.206,,,,0.47,0.12,0.09,0.0,0.1077,-0.0002,-0.0023,2.076,1.444,2.194,,,,,,,,
122.82,LANDING_REGION_SCAN,3.8159,0.1842,0.199,,,,0.38,0.17,0.33,0.0,0.1047,0.0008,0.0121,2.076,1.444,2.194,,,,,,,,
122.852,LANDING_REGION_SCAN,3.8216,0.1844,0.201,,,,0.27,0.2,0.32,0.0,0.1036,-0.0001,-0.0076,2.06,1.441,2.179,,,,,,,,
122.902,LANDING_REGION_SCAN,3.828,0.1847,0.205,,,,0.11,0.21,0.3,0.0,0.1049,-0.0005,-0.0046,2.06,1.441,2.179,,,,,,,,
122.953,LANDING_REGION_SCAN,3.833,0.1854,0.202,,,,-0.06,0.24,0.43,0.0,0.1012,-0.0002,0.0085,,1.466,2.207,,,,,,,,
123.047,LANDING_REGION_SCAN,3.8389,0.1857,0.2,,,,-0.17,0.25,0.31,0.0,0.1011,-0.0008,-0.0058,,1.466,2.207,,,,,,,,
123.053,LANDING_REGION_SCAN,3.8449,0.1864,0.199,,,,-0.29,0.38,0.37,0.0,0.1016,-0.0004,-0.0099,2.111,1.474,2.192,,,,,,,,
123.117,LANDING_REGION_SCAN,3.8505,0.1865,0.2,,,,-0.37,0.45,0.37,0.0,0.1,-0.0033,-0.0087,2.111,1.474,2.192,,,,,,,,
123.154,LANDING_REGION_SCAN,3.8562,0.1866,0.203,,,,-0.47,0.47,0.39,0.0,0.0993,-0.0056,-0.0064,2.037,1.479,2.174,,,,,,,,
123.203,LANDING_REGION_SCAN,3.8615,0.1874,0.204,,,,-0.49,0.46,0.3,0.0,0.0976,-0.0059,0.0023,2.037,1.479,2.174,,,,,,,,
123.253,LANDING_REGION_SCAN,3.866,0.1875,0.205,,,,-0.44,0.67,0.32,0.0,0.094,-0.0089,0.0041,2.025,1.501,2.18,,,,,,,,
123.31,LANDING_REGION_SCAN,3.8716,0.1878,0.201,,,,-0.4,0.72,0.27,0.0,0.0941,-0.0117,0.0023,2.025,1.501,2.18,,,,,,,,
123.385,LANDING_REGION_SCAN,3.8768,0.1872,0.199,,,,-0.47,0.72,0.12,0.0,0.094,-0.0166,-0.0086,2.02,1.505,2.208,,,3.8768,0.2692,,,,
123.407,LANDING_REGION_SCAN,3.8826,0.1872,0.2,,,,-0.53,0.76,0.21,0.0,0.0961,-0.0194,-0.0131,2.02,1.505,2.208,,,3.8768,0.2692,,,,
123.458,LANDING_REGION_SCAN,3.8889,0.1863,0.199,,,,-0.58,0.91,0.37,0.0,0.0981,-0.0248,-0.0106,1.989,1.516,2.182,,,3.8768,0.2692,,,,
123.502,LANDING_REGION_SCAN,3.8939,0.1853,0.198,,,,-0.71,0.1,0.92,0.0,0.0943,-0.0294,-0.0116,1.989,1.516,2.182,,,3.8768,0.2692,,,,
123.551,LANDING_REGION_SCAN,3.8981,0.1841,0.201,,,,-0.84,-0.87,1.44,0.0,0.0837,-0.0256,-0.0093,2.037,1.505,2.144,,,3.8768,0.2692,,,,
123.601,LANDING_REGION_SCAN,3.9018,0.1837,0.2,,,,-1.03,-1.46,1.94,0.0,0.0689,-0.014,-0.0006,2.037,1.505,2.144,,,3.8768,0.2692,,,,
123.662,LANDING_REGION_SCAN,3.9052,0.1843,0.199,,,,-1.13,-1.8,2.12,0.0,0.0531,0.0023,-0.0008,,,2.179,,,3.8768,0.2692,,,,
123.729,LANDING_REGION_SCAN,3.9087,0.1866,0.2,,,,-1.2,-1.9,2.23,0.0,0.0393,0.0219,-0.0035,,,2.179,,,3.8768,0.2692,,,,
123.766,LANDING_REGION_SCAN,3.9104,0.1894,0.2,,,,-1.29,-1.88,2.22,0.0,0.0212,0.0411,0.0006,,1.547,2.145,,,3.8768,0.2692,,,,
123.812,LANDING_REGION_SCAN,3.9114,0.1943,0.2,,,,-1.38,-1.77,2.07,0.0,0.0045,0.0617,0.0027,,1.547,2.145,,,3.8768,0.2692,,,,
123.852,LANDING_REGION_SCAN,3.9118,0.1995,0.201,,,,-1.43,-1.53,1.79,0.0,-0.0095,0.0787,0.0005,1.901,1.546,2.127,,,3.8768,0.2692,,,,
123.902,LANDING_REGION_SCAN,3.911,0.2043,0.199,,,,-1.47,-1.05,1.6,0.0,-0.0237,0.0914,0.0041,1.901,1.546,2.127,,,3.8768,0.2692,,,,
123.952,LANDING_REGION_SCAN,3.9096,0.2107,0.2,,,,-1.43,-0.55,1.47,0.0,-0.0354,0.1015,-0.0026,1.943,1.557,2.112,,,3.8768,0.2692,,,,
124.028,LANDING_REGION_SCAN,3.9073,0.2178,0.201,,,,-1.43,-0.16,1.15,0.0,-0.0474,0.1088,-0.0018,1.943,1.557,2.112,,,3.8768,0.2692,,,,
124.06,LANDING_REGION_SCAN,3.9054,0.2235,0.202,,,,-1.38,-0.01,0.84,0.0,-0.054,0.1096,0.0006,1.906,1.549,2.111,,,3.8768,0.2692,,,,
124.124,LANDING_REGION_SCAN,3.9033,0.2295,0.198,,,,-1.32,0.34,0.57,0.0,-0.0576,0.1087,0.003,1.906,1.549,2.111,,,3.8768,0.2692,,,,
124.151,LANDING_REGION_SCAN,3.9013,0.2358,0.198,,,,-1.27,0.46,0.45,0.0,-0.0587,0.1067,-0.0099,,1.561,2.129,,,3.8768,0.2692,,,,
124.202,LANDING_REGION_SCAN,3.8992,0.2413,0.199,,,,-1.25,0.6,0.23,0.0,-0.0585,0.1025,-0.0051,,1.561,2.129,,,3.8768,0.2692,,,,
124.253,LANDING_REGION_SCAN,3.8969,0.2464,0.198,,,,-1.14,0.69,0.2,0.0,-0.0584,0.0971,-0.0009,1.957,1.55,2.147,,,3.8768,0.2692,,,,
124.303,LANDING_REGION_SCAN,3.8948,0.2504,0.198,,,,-1.06,0.81,0.11,0.0,-0.0571,0.0888,-0.0032,1.957,1.55,2.147,,,,,,,,
124.409,LANDING_REGION_SCAN,3.8926,0.2541,0.198,,,,-1.02,0.79,0.05,0.0,-0.0557,0.0808,0.0001,1.988,1.56,2.134,,,,,,,,
124.421,LANDING_REGION_SCAN,3.8908,0.2577,0.202,,,,-1.03,1.31,0.36,0.0,-0.0542,0.0725,0.002,1.988,1.56,2.134,,,,,,,,
124.452,LANDING_REGION_SCAN,3.8892,0.2604,0.201,,,,-1.0,1.5,0.59,0.0,-0.0547,0.0597,0.009,1.935,1.549,2.096,,,,,,,,
124.515,LANDING_REGION_SCAN,3.8868,0.2623,0.199,,,,-1.04,1.52,0.77,0.0,-0.0591,0.0449,0.0095,1.935,1.549,2.096,,,,,,,,
124.553,LANDING_REGION_SCAN,3.884,0.264,0.199,,,,-1.1,1.47,0.91,0.0,-0.0657,0.0318,-0.0005,1.921,1.54,2.117,,,,,,,,
124.602,LANDING_REGION_SCAN,3.8812,0.2649,0.197,,,,-1.2,1.34,0.98,0.0,-0.0718,0.0197,0.0005,1.921,1.54,2.117,,,,,,,,
124.651,LANDING_REGION_SCAN,3.8768,0.2656,0.201,,,,-1.3,1.26,1.02,0.0,-0.0822,0.0073,-0.0067,,1.557,2.107,,,,,,,,
124.752,LANDING_REGION_SCAN,3.873,0.2647,0.2,,,,-1.44,0.87,0.92,0.0,-0.0894,-0.0041,0.0055,,1.557,2.107,,,,,,,,
124.757,LANDING_REGION_SCAN,3.8697,0.2632,0.198,,,,-1.55,0.72,0.7,0.0,-0.093,-0.0117,0.0045,2.042,1.56,2.106,,,,,,,,
124.805,LANDING_REGION_SCAN,3.8653,0.2618,0.2,,,,-1.71,0.5,0.65,0.0,-0.0981,-0.0188,-0.0037,2.042,1.56,2.106,,,,,,,,
124.852,LANDING_REGION_SCAN,3.8616,0.2598,0.203,,,,-1.95,0.27,0.5,0.0,-0.0996,-0.0233,0.0019,,1.574,2.1,,,,,,,,
124.901,LANDING_REGION_SCAN,3.8579,0.2588,0.202,,,,-2.13,0.04,0.49,0.0,-0.1,-0.0218,0.007,,1.574,2.1,,,,,,,,
124.951,LANDING_REGION_SCAN,3.853,0.2572,0.201,,,,-2.31,0.02,0.46,0.0,-0.1036,-0.0235,0.0015,,1.547,2.123,,,,,,,,
125.017,LANDING_REGION_SCAN,3.8487,0.2556,0.2,,,,-2.49,-0.18,0.44,0.0,-0.1049,-0.023,-0.0022,,1.547,2.123,,,,,,,,
125.067,LANDING_REGION_SCAN,3.8442,0.2544,0.201,,,,-2.59,-0.13,0.37,0.0,-0.1062,-0.0212,-0.0039,,,2.102,,,,,,,,
125.102,LANDING_REGION_SCAN,3.84,0.2541,0.201,,,,-2.71,-0.1,0.38,0.0,-0.106,-0.017,-0.0024,,,2.102,,,,,,,,
125.155,LANDING_REGION_SCAN,3.8374,0.2528,0.2,,,,-2.82,-0.24,0.24,0.0,-0.1009,-0.0162,-0.0047,,1.572,2.135,,,,,,,,
125.201,LANDING_REGION_SCAN,3.833,0.2527,0.198,,,,-2.87,-0.14,0.27,0.0,-0.1009,-0.012,-0.007,,1.572,2.135,,,,,,,,
125.251,LANDING_REGION_SCAN,3.8266,0.2521,0.199,,,,-2.84,-0.1,0.25,0.0,-0.107,-0.0112,-0.01,,1.571,,,,,,,,,
125.302,LANDING_REGION_SCAN,3.8229,0.2511,0.2,,,,-2.81,-0.14,0.13,0.0,-0.1032,-0.0115,-0.0049,,1.571,,,,,,,,,
125.355,LANDING_REGION_SCAN,3.8194,0.2505,0.2,,,,-2.8,-0.1,0.12,0.0,-0.0993,-0.0113,-0.0034,,,2.124,,,,,,,,
125.424,LANDING_REGION_SCAN,3.815,0.2504,0.199,,,,-2.71,-0.03,0.2,0.0,-0.0988,-0.0091,-0.002,,,2.124,,,,,,,,
125.453,LANDING_REGION_SCAN,3.8111,0.2499,0.197,,,,-2.6,0.04,0.22,0.0,-0.0975,-0.0095,-0.0054,2.1,1.536,2.136,,,,,,,,
125.502,LANDING_REGION_SCAN,3.8079,0.2502,0.198,,,,-2.51,0.01,0.11,0.0,-0.094,-0.0074,-0.0084,2.1,1.536,2.136,,,,,,,,
125.555,LANDING_REGION_SCAN,3.8043,0.2499,0.198,,,,-2.43,0.06,0.24,0.0,-0.0922,-0.0079,-0.0046,2.128,1.521,2.138,,,,,,,,
125.604,LANDING_REGION_SCAN,3.8016,0.2498,0.195,,,,-2.39,0.2,0.37,0.0,-0.0891,-0.0082,-0.0056,2.128,1.521,2.138,,,,,,,,
125.654,LANDING_REGION_SCAN,3.7969,0.2492,0.197,,,,-2.43,0.13,0.56,0.0,-0.0931,-0.0104,-0.0111,2.087,1.501,2.144,,,,,,,,
125.746,LANDING_REGION_SCAN,3.7935,0.2484,0.197,,,,-2.48,0.21,0.5,0.0,-0.0935,-0.0128,-0.0025,2.087,1.501,2.144,,,,,,,,
125.771,LANDING_REGION_SCAN,3.7894,0.2477,0.197,,,,-2.52,0.11,0.51,0.0,-0.0959,-0.0147,-0.0018,,1.508,2.145,,,,,,,,
125.805,LANDING_REGION_SCAN,3.787,0.247,0.194,,,,-2.6,0.02,0.39,0.0,-0.0923,-0.0154,-0.0014,,1.508,2.145,,,,,,,,
125.851,LANDING_REGION_SCAN,3.7823,0.2465,0.198,,,,-2.62,-0.03,0.46,0.0,-0.0958,-0.0146,-0.0073,,1.504,2.128,,,,,,,,
125.901,LANDING_REGION_SCAN,3.7785,0.2454,0.196,,,,-2.67,-0.08,0.38,0.0,-0.0961,-0.0156,0.0031,,1.504,2.128,,,,,,,,
125.951,LANDING_REGION_SCAN,3.7732,0.2439,0.198,,,,-2.78,-0.14,0.54,0.0,-0.101,-0.0168,0.0002,,1.501,2.156,,,,,,,,
126.001,LANDING_REGION_SCAN,3.7675,0.2427,0.197,,,,-2.83,-0.19,0.54,0.0,-0.1073,-0.0159,0.0036,,1.501,2.156,,,,,,,,
126.085,LANDING_REGION_SCAN,3.7638,0.2413,0.198,,,,-2.85,-0.25,0.43,0.0,-0.1059,-0.0167,0.0009,2.156,,2.182,,,,,,,,
126.103,LANDING_REGION_SCAN,3.7598,0.2409,0.197,,,,-2.89,-0.27,0.36,0.0,-0.1048,-0.0137,-0.0002,2.156,,2.182,,,,,,,,
126.151,LANDING_REGION_SCAN,3.7552,0.2402,0.197,,,,-2.91,-0.31,0.26,0.0,-0.1054,-0.0118,-0.0014,2.181,1.497,2.176,,,,,,,,
126.203,LANDING_REGION_SCAN,3.7503,0.2392,0.197,,,,-2.94,-0.29,0.19,0.0,-0.1056,-0.0108,-0.0028,2.181,1.497,2.176,,,,,,,,
126.251,LANDING_REGION_SCAN,3.7461,0.2384,0.194,,,,-2.99,-0.3,0.15,0.0,-0.1041,-0.0097,-0.0019,,1.478,2.147,,,,,,,,
126.301,LANDING_REGION_SCAN,3.7417,0.238,0.195,,,,-2.99,-0.42,0.08,0.0,-0.1018,-0.0073,-0.0081,,1.478,2.147,,,,,,,,
126.396,LANDING_REGION_SCAN,3.7374,0.2375,0.196,,,,-2.98,-0.27,0.13,0.0,-0.1001,-0.0055,-0.0055,2.189,1.491,2.159,,,,,,,,
126.421,LANDING_REGION_SCAN,3.7325,0.2378,0.196,,,,-3.01,-0.4,0.11,0.0,-0.1003,-0.0009,0.001,2.189,1.491,2.159,,,,,,,,
126.456,LANDING_REGION_SCAN,3.7276,0.2376,0.198,,,,-3.01,-0.25,0.11,0.0,-0.1008,0.001,0.0004,2.225,1.455,2.179,,,,,,,,
126.501,LANDING_REGION_SCAN,3.723,0.2381,0.198,,,,-2.95,-0.3,0.12,0.0,-0.1003,0.0043,0.006,2.225,1.455,2.179,,,,,,,,
126.551,LANDING_REGION_SCAN,3.7183,0.2381,0.193,,,,-2.91,-0.2,0.02,0.0,-0.0996,0.0054,0.0045,,,2.168,,,,,,,,
126.602,LANDING_REGION_SCAN,3.7134,0.2382,0.196,,,,-2.79,-0.16,0.14,0.0,-0.1,0.0063,-0.0069,,,2.168,,,,,,,,
126.651,LANDING_REGION_SCAN,3.7088,0.2393,0.194,,,,-2.73,-0.19,0.14,0.0,-0.0989,0.0101,0.0021,,1.436,2.166,,,,,,,,
126.764,LANDING_REGION_SCAN,3.7037,0.2401,0.194,,,,-2.65,-0.14,0.31,0.0,-0.1014,0.0126,0.0004,,1.436,2.166,,,,,,,,
126.772,LANDING_REGION_SCAN,3.6982,0.2402,0.197,,,,-2.54,-0.09,0.44,0.0,-0.1055,0.0122,0.001,2.259,1.431,2.162,,,,,,,,
126.806,LANDING_REGION_SCAN,3.6937,0.241,0.2,,,,-2.42,0.13,0.4,0.0,-0.1065,0.0124,0.0122,2.259,1.431,2.162,,,,,,,,
126.857,LANDING_REGION_SCAN,3.6896,0.2419,0.199,,,,-2.33,0.05,0.28,0.0,-0.1055,0.0122,0.0154,,1.416,2.158,,,,,,,,
126.901,LANDING_REGION_SCAN,3.6852,0.2429,0.201,,,,-2.23,0.04,0.22,0.0,-0.1045,0.0135,0.0128,,1.416,2.158,,,,,,,,
126.951,LANDING_REGION_SCAN,3.6799,0.2433,0.199,,,,-2.14,0.22,0.2,0.0,-0.1058,0.0115,0.0143,,1.4,2.172,,,,,,,,
127.001,LANDING_REGION_SCAN,3.6746,0.2441,0.201,,,,-2.02,0.23,0.1,0.0,-0.1074,0.0106,0.0066,,1.4,2.172,,,,,,,,
127.092,LANDING_REGION_SCAN,3.6703,0.2445,0.201,,,,-1.98,0.28,0.22,0.0,-0.1051,0.0083,0.0073,2.257,1.378,2.145,,,,,,,,
127.104,LANDING_REGION_SCAN,3.6647,0.2452,0.205,,,,-1.98,0.23,0.28,0.0,-0.1081,0.0073,0.0065,2.257,1.378,2.145,,,,,,,,
127.153,LANDING_REGION_SCAN,3.6592,0.2457,0.202,,,,-2.0,0.13,0.31,0.0,-0.1109,0.0065,0.011,2.203,1.383,2.185,,,,,,,,
127.201,LANDING_REGION_SCAN,3.6547,0.2464,0.203,,,,-1.99,0.18,0.31,0.0,-0.1101,0.007,0.0029,2.203,1.383,2.185,,,,,,,,
127.251,LANDING_REGION_SCAN,3.6484,0.2466,0.2,,,,-1.98,0.19,0.38,0.0,-0.1148,0.0049,0.0025,,1.355,2.17,,,,,,,,
127.302,LANDING_REGION_SCAN,3.6425,0.2473,0.204,,,,-1.98,0.29,0.38,0.0,-0.1186,0.0047,-0.0051,,1.355,2.17,,,,,,,,
127.357,LANDING_REGION_SCAN,3.6371,0.2471,0.2,,,,-2.03,0.13,0.22,0.0,-0.1195,0.0019,0.0034,,1.36,2.149,,,,,,,,
127.426,LANDING_REGION_SCAN,3.6324,0.2469,0.198,,,,-2.04,0.09,0.08,0.0,-0.1168,0.0005,-0.0075,,1.36,2.149,,,,,,,,
127.453,LANDING_REGION_SCAN,3.6271,0.2468,0.2,,,,-2.02,0.17,0.08,0.0,-0.1157,-0.0009,-0.011,,1.338,,,,,,,,,
127.501,LANDING_REGION_SCAN,3.6217,0.2478,0.199,,,,-2.0,0.05,-0.03,0.0,-0.1145,0.0016,-0.0011,,1.338,,,,,,,,,
127.551,LANDING_REGION_SCAN,3.6169,0.2477,0.205,,,,-1.95,0.03,-0.09,0.0,-0.1148,0.0007,-0.0033,,1.333,,,,,,,,,
127.601,LANDING_REGION_SCAN,3.61,0.2474,0.203,,,,-1.87,0.07,-0.05,0.0,-0.1144,-0.0007,0.015,,1.333,,,,,,,,,
127.651,LANDING_REGION_SCAN,3.605,0.2476,0.201,,,,-1.8,0.07,0.0,0.0,-0.1153,-0.0006,0.0071,2.339,1.332,2.174,,,,,,,,
127.734,LANDING_REGION_SCAN,3.6002,0.2472,0.2,,,,-1.8,0.04,-0.01,0.0,-0.1085,-0.0018,-0.002,2.339,1.332,2.174,,,,,,,,
127.755,LANDING_REGION_SCAN,3.5949,0.2477,0.202,,,,-1.87,0.06,0.04,0.0,-0.1083,-0.0004,-0.0017,,1.307,2.176,,,,,,,,
127.821,LANDING_REGION_SCAN,3.5894,0.2482,0.203,,,,-1.95,0.09,0.07,0.0,-0.1088,0.0012,0.0035,,1.307,2.176,,,,,,,,
127.859,LANDING_REGION_SCAN,3.585,0.2483,0.2,,,,-2.06,0.09,0.0,0.0,-0.106,0.0003,0.0035,2.415,1.302,2.216,,,,,,,,
127.901,LANDING_REGION_SCAN,3.5804,0.2486,0.203,,,,-2.13,0.16,0.06,0.0,-0.104,0.0009,-0.0029,2.415,1.302,2.216,,,,,,,,
127.951,LANDING_REGION_SCAN,3.5752,0.2492,0.201,,,,-2.23,0.16,0.02,0.0,-0.1043,0.0015,0.0052,,1.314,2.161,,,,,,,,
128.011,LANDING_REGION_SCAN,3.5716,0.2495,0.203,,,,-2.33,0.21,0.01,0.0,-0.0993,0.0013,0.0005,,1.314,2.161,,,,,,,,
128.092,LANDING_REGION_SCAN,3.5669,0.2507,0.203,,,,-2.46,0.24,0.15,0.0,-0.0988,0.0036,0.0022,,1.301,2.178,,,,,,,,
128.103,LANDING_REGION_SCAN,3.5616,0.2509,0.204,,,,-2.59,0.29,0.19,0.0,-0.1013,0.0013,0.0038,,1.301,2.178,,,,,,,,
128.151,LANDING_REGION_SCAN,3.5582,0.2515,0.204,,,,-2.74,0.32,0.22,0.0,-0.0978,0.0011,0.0056,2.312,1.282,,,,,,,,,
128.203,LANDING_REGION_SCAN,3.5541,0.2518,0.203,,,,-2.88,0.25,0.29,0.0,-0.0974,-0.0002,0.0031,2.312,1.282,,,,,,,,,
128.251,LANDING_REGION_SCAN,3.5502,0.2515,0.2,,,,-2.97,0.15,0.22,0.0,-0.0966,-0.0026,-0.0007,,1.303,,,,,,,,,
128.302,LANDING_REGION_SCAN,3.546,0.252,0.202,,,,-3.05,0.19,0.24,0.0,-0.0966,-0.0019,-0.01,,1.303,,,,,,,,,
128.357,LANDING_REGION_SCAN,3.5417,0.2523,0.203,,,,-3.12,0.04,0.32,0.0,-0.0973,-0.0013,-0.0039,,1.285,2.147,,,,,,,,
128.425,LANDING_REGION_SCAN,3.5377,0.2528,0.202,,,,-3.11,-0.05,0.25,0.0,-0.0969,0.0006,-0.0006,,1.285,2.147,,,,,,,,
128.458,LANDING_REGION_SCAN,3.533,0.2533,0.201,,,,-3.04,-0.13,0.19,0.0,-0.0981,0.0028,-0.0038,,1.28,,,,,,,,,
128.5,LANDING_REGION_SCAN,3.5284,0.2537,0.2,,,,-2.92,-0.07,0.18,0.0,-0.0984,0.0046,-0.0063,,1.28,,,,,,,,,
128.551,LANDING_REGION_SCAN,3.5241,0.2548,0.201,,,,-2.81,0.01,0.14,0.0,-0.0978,0.0078,-0.0065,,1.264,2.124,,,,,,,,
128.601,LANDING_REGION_SCAN,3.5193,0.256,0.202,,,,-2.64,-0.03,0.1,0.0,-0.0988,0.0103,-0.0031,,1.264,2.124,,,,,,,,
128.651,LANDING_REGION_SCAN,3.5144,0.2572,0.205,,,,-2.44,0.05,0.07,0.0,-0.0991,0.0123,-0.0,2.451,1.248,,,,,,,,,
128.75,LANDING_REGION_SCAN,3.5103,0.2585,0.202,,,,-2.25,0.18,0.03,0.0,-0.0969,0.0138,0.0079,2.451,1.248,,,,,,,,,
128.761,LANDING_REGION_SCAN,3.5057,0.2598,0.204,,,,-2.02,0.19,0.07,0.0,-0.0966,0.0141,-0.001,,1.24,,1.903,,,,,,,
128.809,LANDING_REGION_SCAN,3.5007,0.2603,0.203,,,,-1.9,0.2,0.05,0.0,-0.0973,0.0121,0.0037,,1.24,,1.903,,,,,,,
128.853,LANDING_REGION_SCAN,3.4963,0.2614,0.201,,,,-1.77,0.26,0.2,0.0,-0.0968,0.0118,0.0002,2.393,1.222,,,,,,,,,
128.901,LANDING_REGION_SCAN,3.4914,0.2625,0.203,,,,-1.71,0.24,0.17,0.0,-0.0983,0.0115,-0.0062,2.393,1.222,,,,,,,,,
128.952,LANDING_REGION_SCAN,3.4863,0.2632,0.2,,,,-1.73,0.19,0.2,0.0,-0.1005,0.0102,-0.0018,2.445,1.2,2.06,,,,,,,,
129.001,LANDING_REGION_SCAN,3.4823,0.2634,0.199,,,,-1.78,0.26,0.28,0.0,-0.0992,0.0077,-0.0089,2.445,1.2,2.06,,,,,,,,
129.1,LANDING_REGION_SCAN,3.4777,0.2645,0.202,,,,-1.77,0.18,0.3,0.0,-0.1005,0.0084,-0.0101,,1.197,2.062,,,,,,,,
129.11,LANDING_REGION_SCAN,3.4731,0.2657,0.196,,,,-1.71,0.24,0.39,0.0,-0.1019,0.0091,0.0015,,1.197,2.062,,,,,,,,
129.159,LANDING_REGION_SCAN,3.4679,0.2665,0.201,,,,-1.61,0.17,0.34,0.0,-0.105,0.0084,-0.0138,2.425,1.185,2.109,,,,,,,,
129.217,LANDING_REGION_SCAN,3.4629,0.2667,0.199,,,,-1.56,0.13,0.23,0.0,-0.1065,0.0069,0.004,2.425,1.185,2.109,,,,,,,,
129.25,LANDING_REGION_SCAN,3.4583,0.2676,0.201,,,,-1.52,0.12,0.24,0.0,-0.1062,0.0076,0.0005,,1.181,2.093,,,,,,,,
129.3,LANDING_REGION_SCAN,3.4539,0.2685,0.201,,,,-1.5,0.14,0.29,0.0,-0.1057,0.0084,0.004,,1.181,2.093,,,,,,,,
129.35,LANDING_REGION_SCAN,3.4496,0.2692,0.204,,,,-1.49,0.33,0.3,0.0,-0.1052,0.0074,0.0067,2.424,1.167,,,,,,,,,
129.423,LANDING_REGION_SCAN,3.4442,0.2695,0.202,,,,-1.51,0.38,0.35,0.0,-0.1081,0.0049,0.0093,2.424,1.167,,,,,,,,,
129.458,LANDING_REGION_SCAN,3.4373,0.2703,0.203,,,,-1.55,0.32,0.28,0.0,-0.1151,0.0035,0.0018,,1.155,2.111,,,,,,,,
129.501,LANDING_REGION_SCAN,3.4329,0.2711,0.202,,,,-1.65,0.24,0.18,0.0,-0.1127,0.0032,0.0034,,1.155,2.111,,,,,,,,
129.55,LANDING_REGION_SCAN,3.4276,0.271,0.203,,,,-1.76,0.28,0.14,0.0,-0.113,0.0005,-0.0006,,1.152,2.123,,,,,,,,
129.6,LANDING_REGION_SCAN,3.4223,0.2718,0.204,,,,-1.87,0.17,0.12,0.0,-0.1131,0.001,-0.0002,,1.152,2.123,,,,,,,,
129.65,LANDING_REGION_SCAN,3.4168,0.2723,0.203,,,,-1.93,0.31,0.21,0.0,-0.114,0.0005,0.0028,,1.147,2.114,,,,,,,,
129.728,LANDING_REGION_SCAN,3.4104,0.2733,0.198,,,,-1.96,0.2,0.07,0.0,-0.1172,0.0014,-0.0009,,1.147,2.114,,,,,,,,
129.771,LANDING_REGION_SCAN,3.4064,0.2747,0.202,,,,-2.01,0.19,-0.05,0.0,-0.1118,0.004,-0.0132,,1.142,2.102,,,,,,,,
129.801,LANDING_REGION_SCAN,3.4006,0.2747,0.201,,,,-2.03,0.27,-0.03,0.0,-0.1123,0.0016,-0.0028,,1.142,2.102,,,,,,,,
129.85,LANDING_REGION_SCAN,3.3964,0.2753,0.199,,,,-2.1,0.35,-0.01,0.0,-0.1081,0.0008,-0.0053,,1.139,2.057,,,,,,,,
129.9,LANDING_REGION_SCAN,3.3931,0.2757,0.202,,,,-2.25,0.25,-0.09,0.0,-0.1016,-0.0003,-0.0096,,1.139,2.057,,,,,,,,
129.95,LANDING_REGION_SCAN,3.3887,0.2756,0.201,,,,-2.45,0.18,-0.01,0.0,-0.0988,-0.002,0.0,,1.135,2.048,,,,,,,,
129.999,LANDING_REGION_SCAN,3.3847,0.276,0.203,,,,-2.66,0.1,0.06,0.0,-0.0961,-0.0017,-0.0031,,1.135,2.048,,,,,,,,
130.087,LANDING_REGION_SCAN,3.381,0.2766,0.198,,,,-2.84,0.06,0.07,0.0,-0.0934,0.0001,0.001,,1.14,2.028,,,,,,,,
130.104,LANDING_REGION_SCAN,3.3769,0.2772,0.2,,,,-2.96,0.06,0.2,0.0,-0.0929,0.0013,-0.0098,,1.14,2.028,,,,,,,,
130.157,LANDING_REGION_SCAN,3.3735,0.278,0.201,,,,-2.99,0.09,0.26,0.0,-0.0913,0.003,-0.0049,2.528,1.149,,,,,,,,,
130.2,LANDING_REGION_SCAN,3.3682,0.2781,0.202,,,,-3.0,0.02,0.29,0.0,-0.0955,0.0027,0.0016,2.528,1.149,,,,,,,,,
130.25,LANDING_REGION_SCAN,3.3625,0.2788,0.203,,,,-2.93,0.14,0.38,0.0,-0.101,0.0042,0.0011,,1.132,,,,,,,,,
130.3,LANDING_REGION_SCAN,3.3573,0.279,0.2,,,,-2.87,0.16,0.2,0.0,-0.104,0.003,0.0047,,1.132,,,,,,,,,
130.35,LANDING_REGION_SCAN,3.3528,0.2799,0.197,,,,-2.72,0.02,0.07,0.0,-0.1032,0.0042,-0.0037,,,2.016,,,,,,,,
130.429,LANDING_REGION_SCAN,3.3489,0.2803,0.201,,,,-2.62,0.08,0.05,0.0,-0.0999,0.0045,-0.01,,,2.016,,,,,,,,
130.45,LANDING_REGION_SCAN,3.3447,0.2811,0.201,,,,-2.46,0.12,0.07,0.0,-0.0981,0.0054,0.0015,,1.116,,,,,,,,,
130.507,LANDING_REGION_SCAN,3.3377,0.2817,0.198,,,,-2.32,0.18,0.2,0.0,-0.1054,0.0053,0.0031,,1.116,,,,,,,,,
130.551,LANDING_REGION_SCAN,3.3329,0.2825,0.202,,,,-2.25,0.24,0.22,0.0,-0.1054,0.0055,-0.0047,,1.105,,,,,,,,,
130.6,LANDING_REGION_SCAN,3.3281,0.2827,0.199,,,,-2.23,0.29,0.25,0.0,-0.1059,0.0031,0.0073,,1.105,,,,,,,,,
130.651,LANDING_REGION_SCAN,3.3237,0.2827,0.201,,,,-2.18,0.32,0.22,-0.0,-0.1053,0.0005,-0.0004,2.552,1.082,1.987,,,,,,,,
130.733,LANDING_REGION_SCAN,3.3203,0.2824,0.202,,,,-2.19,0.43,-0.44,-0.0,-0.0997,-0.0036,-0.0034,2.552,1.082,1.987,,,,,,,,
130.771,LANDING_REGION_SCAN,3.3153,0.2826,0.198,,,,-2.22,0.18,-1.06,-0.0,-0.094,-0.005,-0.0098,,,1.952,,,,,,,,
130.8,LANDING_REGION_SCAN,3.3103,0.2824,0.197,,,,-2.28,0.19,-1.42,-0.0,-0.0852,-0.0067,-0.0306,,,1.952,,,,,,,,
130.863,LANDING_REGION_SCAN,3.3069,0.2817,0.202,,,,-2.31,0.19,-1.5,-0.0,-0.0716,-0.0096,-0.0418,,1.08,1.933,,,,,,,,
130.9,LANDING_REGION_SCAN,3.3042,0.2811,0.196,,,,-2.41,0.07,-1.55,-0.0,-0.057,-0.0114,-0.037,,1.08,1.933,,,,,,,,
130.95,LANDING_REGION_SCAN,3.3019,0.2803,0.193,,,,-2.54,0.05,-1.29,-0.0,-0.0444,-0.0133,-0.0617,,1.06,1.988,,,,,,,,
131.0,LANDING_REGION_SCAN,3.2999,0.2798,0.186,,,,-2.65,-0.01,-1.18,-0.0,-0.0339,-0.0131,-0.0779,,1.06,1.988,,,,,,,,
131.06,LANDING_REGION_SCAN,3.2999,0.2792,0.18,,,,-2.77,-0.09,-0.9,-0.0,-0.0207,-0.013,-0.1024,,,1.986,,,,,,,,
131.143,LANDING_REGION_SCAN,3.299,0.279,0.18,,,,-2.83,-0.13,-0.58,-0.0,-0.0145,-0.0109,-0.1217,,,1.986,,,,,,,,
131.151,LANDING_REGION_SCAN,3.2989,0.2803,0.179,,,,-2.87,-0.21,-0.41,-0.0,-0.0096,-0.002,-0.123,,1.063,1.984,,,,,,,,
131.21,LANDING_REGION_SCAN,3.2994,0.2815,0.164,,,,-2.82,-0.03,-0.18,-0.0,-0.0046,0.0036,-0.1202,,1.063,1.984,,,,,,,,
131.25,LANDING_REGION_SCAN,3.2873,0.2802,0.158,,,,-2.73,0.01,-0.06,-0.0,-0.0356,-0.0002,-0.1606,,1.058,1.969,,,,,,,,
131.3,LANDING_REGION_SCAN,3.2847,0.2792,0.146,,,,-2.63,0.02,-0.22,-0.0,-0.0364,-0.0033,-0.1694,,1.058,1.969,,,,,,,,
131.35,LANDING_REGION_SCAN,3.2731,0.2825,0.136,,,,-2.62,0.0,-0.05,-0.0,-0.0644,0.0091,-0.1928,,1.049,1.979,,,,,,,,
131.41,LANDING_REGION_SCAN,3.2735,0.2845,0.126,,,,-2.55,0.04,-0.35,-0.0,-0.0534,0.013,-0.2031,,1.049,1.979,,,,,,,,
