time_s,state,x_m,y_m,z_down_m,yaw_deg,roll_deg,pitch_deg,yaw_ref_deg,vx_ms,vy_ms,vz_ms,range_front_m,range_back_m,range_left_m,range_right_m,range_up_m,target_x_m,target_y_m,frontier_x_m,frontier_y_m
0.255,,0.0,0.0,0.013,0.0,0.0,0.0,0.0,0.0,0.0,0.0,0.7,0.368,,,,,,,
0.26,,0.0009,-0.0011,0.014,-0.01,-0.43,0.19,0.0,0.0044,-0.0061,-0.0005,0.697,0.368,,,,,,,
0.265,,0.0009,-0.0011,0.013,-0.01,-0.43,0.2,0.0,0.004,-0.0054,0.0015,0.697,0.369,,0.255,,,,,
0.27,,0.0008,-0.001,0.014,-0.01,-0.44,0.21,0.0,0.003,-0.0047,0.0003,0.694,0.369,,0.255,,,,,
0.283,,-0.0001,-0.002,0.012,-0.01,-0.41,0.23,0.0,-0.0015,-0.0088,0.0024,0.694,0.373,,0.255,,,,,
0.346,,0.0008,-0.0013,0.014,-0.01,-0.43,0.21,0.0,0.0028,-0.0056,-0.0025,0.696,0.373,,0.255,,,,,
0.385,,0.0004,-0.0008,0.011,-0.01,-0.45,0.22,0.0,0.0002,-0.0035,0.0002,0.696,0.367,,0.257,,,,,
0.436,,0.0004,-0.0009,0.016,-0.01,-0.44,0.22,0.0,0.0006,-0.0036,-0.0058,0.703,0.367,,0.257,,,,,
0.486,,0.0004,-0.0011,0.012,-0.01,-0.44,0.22,0.0,0.0015,-0.0049,0.0044,0.703,0.371,,0.252,,,,,
0.535,,0.0005,-0.0013,0.013,-0.01,-0.44,0.22,0.0,0.0024,-0.0064,-0.0013,0.698,0.371,,0.252,,,,,
0.584,,0.001,-0.0013,0.014,-0.01,-0.44,0.2,0.0,0.0049,-0.0057,-0.0015,0.698,0.372,,,,,,,
0.663,,0.0004,-0.0011,0.011,-0.01,-0.44,0.22,0.0,0.0019,-0.0051,0.0016,0.704,0.372,,,,,,,
0.707,,0.0004,-0.0011,0.012,-0.01,-0.44,0.22,0.0,0.0016,-0.0051,-0.0046,0.704,0.37,,0.255,,,,,
0.734,,0.0008,-0.0015,0.013,-0.01,-0.43,0.21,0.0,0.0034,-0.0061,-0.005,0.7,0.37,,0.255,,,,,
0.789,,0.0003,-0.0009,0.014,-0.01,-0.45,0.22,0.0,0.0013,-0.0034,-0.0022,0.7,0.369,,0.258,,,,,
0.834,,0.0008,-0.001,0.015,-0.01,-0.45,0.2,0.0,0.0033,-0.004,0.0019,0.701,0.369,,0.258,,,,,
0.897,,0.0004,-0.001,0.013,-0.01,-0.45,0.22,0.0,0.0009,-0.0045,0.0059,0.701,0.37,,0.256,,,,,
0.941,,0.0008,-0.0009,0.011,-0.02,-0.45,0.21,0.0,0.0026,-0.004,0.0034,0.699,0.37,,0.256,,,,,
0.987,,0.0,-0.0013,0.011,-0.01,-0.44,0.23,0.0,-0.0002,-0.0057,-0.0025,0.699,0.37,,0.254,,,,,
1.034,,0.0,-0.0012,0.012,-0.02,-0.45,0.23,0.0,-0.0002,-0.0047,-0.0062,0.698,0.37,,0.254,,,,,
1.114,,0.0004,-0.0012,0.012,-0.02,-0.45,0.22,0.0,0.0011,-0.0044,-0.0057,0.698,0.367,,0.259,,,,,
1.175,,0.0004,-0.0009,0.013,-0.02,-0.47,0.22,0.0,0.0008,-0.0026,-0.0047,0.7,0.367,,0.259,,,,,
1.218,,0.0004,-0.0009,0.014,-0.02,-0.47,0.23,0.0,0.0005,-0.0028,-0.0016,0.7,0.369,,0.256,,,,,
1.253,,0.0007,-0.0009,0.014,-0.02,-0.46,0.22,0.0,0.0017,-0.0034,0.0031,0.698,0.369,,0.256,,,,,
1.306,,0.0004,-0.001,0.012,-0.01,-0.46,0.23,0.0,0.0003,-0.0038,0.0055,0.698,0.368,,,,,,,
1.337,,0.0002,-0.0009,0.012,-0.01,-0.47,0.24,0.0,-0.0012,-0.0032,0.0013,0.701,0.368,,,,,,,
1.411,,0.0004,-0.0013,0.011,-0.01,-0.45,0.22,0.0,0.001,-0.0048,-0.0008,0.701,0.37,,,,,,,
1.455,,0.0001,-0.0013,0.013,-0.01,-0.45,0.23,0.0,-0.0005,-0.0044,-0.0047,0.704,0.37,,,,,,,
1.507,,0.0004,-0.001,0.012,-0.01,-0.47,0.21,0.0,0.0017,-0.0027,-0.002,0.704,0.37,,0.261,,,,,
1.54,,0.0005,-0.0011,0.011,-0.01,-0.46,0.21,0.0,0.0022,-0.0029,-0.0025,0.698,0.37,,0.261,,,,,
1.586,,0.0002,-0.0008,0.011,-0.01,-0.47,0.22,0.0,0.0005,-0.0013,-0.0042,0.698,0.365,,0.261,,,,,
1.635,,0.0008,-0.0011,0.013,-0.01,-0.46,0.2,0.0,0.0035,-0.0035,-0.0055,0.699,0.365,,0.261,,,,,
1.713,,0.0008,-0.0011,0.014,-0.01,-0.46,0.21,0.0,0.0026,-0.0038,-0.001,0.699,0.368,,0.259,,,,,
1.761,,0.0005,-0.0014,0.016,-0.01,-0.45,0.22,0.0,0.0013,-0.0052,0.0036,0.7,0.368,,0.259,,,,,
1.792,,0.0009,-0.0016,0.012,-0.02,-0.45,0.21,0.0,0.003,-0.0057,0.01,0.7,0.371,2.441,,,,,,
1.859,,0.0006,-0.0012,0.01,-0.02,-0.47,0.22,0.0,0.0012,-0.0034,0.0033,0.698,0.371,2.441,,,,,,
1.893,,0.0002,-0.001,0.011,-0.02,-0.47,0.24,0.0,-0.001,-0.0015,-0.0054,0.698,0.373,,0.254,,,,,
1.934,,0.0006,-0.0015,0.016,-0.02,-0.45,0.23,0.0,0.0007,-0.0042,-0.0078,0.697,0.373,,0.254,,,,,
2.01,,0.0006,-0.0014,0.012,-0.02,-0.46,0.23,0.0,0.0007,-0.0039,0.0025,0.697,0.364,,0.261,,,,,
2.059,,0.0002,-0.0013,0.013,-0.02,-0.46,0.24,0.0,-0.0009,-0.0036,-0.0006,0.697,0.364,,0.261,,,,,
2.099,,0.0009,-0.0013,0.011,-0.02,-0.46,0.21,0.0,0.0025,-0.0031,-0.0002,0.697,0.37,2.402,0.256,,,,,
2.137,,0.0006,-0.0013,0.013,-0.02,-0.46,0.22,0.0,0.0015,-0.0029,-0.0053,0.699,0.37,2.402,0.256,,,,,
2.183,,0.0006,-0.0016,0.012,-0.02,-0.45,0.21,0.0,0.0021,-0.0043,-0.0032,0.699,0.369,,0.254,,,,,
2.236,,0.0007,-0.0014,0.013,-0.02,-0.46,0.21,0.0,0.0026,-0.0035,-0.0032,0.696,0.369,,0.254,,,,,
2.306,,0.0007,-0.0015,0.012,-0.02,-0.45,0.22,0.0,0.0024,-0.0037,-0.0006,0.696,0.374,,,,,,,
2.352,,0.0011,-0.0014,0.016,-0.02,-0.46,0.2,0.0,0.0034,-0.0035,-0.0012,0.701,0.374,,,,,,,
2.389,,0.0007,-0.0014,0.013,-0.02,-0.46,0.21,0.0,0.002,-0.0034,0.0074,0.701,0.365,,,,,,,
2.439,,0.0007,-0.0017,0.012,-0.02,-0.45,0.22,0.0,0.0015,-0.0047,0.0042,0.703,0.365,,,,,,,
2.487,,0.0006,-0.0016,0.014,-0.02,-0.45,0.22,0.0,0.0017,-0.0046,-0.0001,0.703,0.368,,,,,,,
2.533,,0.0004,-0.0013,0.013,-0.02,-0.46,0.24,0.0,0.0003,-0.0029,0.002,0.7,0.368,,,,,,,
2.606,,0.0007,-0.0013,0.012,-0.02,-0.46,0.22,0.0,0.0018,-0.0028,0.0003,0.7,0.371,,0.256,,,,,
2.655,,0.0004,-0.0015,0.013,-0.02,-0.45,0.23,0.0,0.0002,-0.003,-0.003,0.699,0.371,,0.256,,,,,
2.723,,0.0004,-0.0017,0.014,-0.02,-0.44,0.23,0.0,0.0003,-0.0042,-0.0021,0.699,0.366,,0.249,,,,,
2.746,,0.0004,-0.0014,0.014,-0.02,-0.46,0.23,0.0,0.0001,-0.0026,0.0004,0.7,0.366,,0.249,,,,,
2.799,,0.0004,-0.0015,0.013,-0.02,-0.46,0.23,0.0,0.0006,-0.0027,0.0022,0.7,0.373,,0.256,,,,,
2.865,,0.0007,-0.0015,0.012,-0.02,-0.45,0.22,0.0,0.0023,-0.0029,-0.0001,0.703,0.373,,0.256,,,,,
2.885,,0.0008,-0.0015,0.013,-0.03,-0.45,0.22,0.0,0.0027,-0.0033,-0.0027,0.703,0.372,,0.257,,,,,
2.944,,0.0007,-0.0015,0.012,-0.03,-0.45,0.22,0.0,0.0022,-0.0034,-0.0025,0.699,0.372,,0.257,,,,,
2.999,,0.0004,-0.0015,0.014,-0.03,-0.45,0.23,0.0,0.001,-0.0037,-0.0044,0.699,0.37,,0.261,,,,,
3.034,,0.0004,-0.0015,0.01,-0.03,-0.45,0.24,0.0,0.0007,-0.0033,-0.0004,0.697,0.37,,0.261,,,,,
3.084,,0.0007,-0.0014,0.014,-0.03,-0.45,0.23,0.0,0.0022,-0.0036,-0.0071,0.697,0.366,,0.258,,,,,
3.134,,0.0004,-0.0014,0.012,-0.03,-0.45,0.24,0.0,0.0006,-0.0033,-0.0017,0.699,0.366,,0.258,,,,,
3.209,,0.0008,-0.0016,0.012,-0.03,-0.44,0.23,0.0,0.0025,-0.0036,-0.0027,0.699,0.37,,,,,,,
3.274,,0.0005,-0.0017,0.011,-0.03,-0.44,0.23,0.0,0.0009,-0.0044,-0.0033,0.702,0.37,,,,,,,
3.321,,0.0008,-0.0017,0.011,-0.03,-0.44,0.22,0.0,0.0028,-0.0044,-0.0049,0.702,0.371,,0.256,,,,,
3.357,,0.0005,-0.0018,0.014,-0.03,-0.44,0.24,0.0,0.001,-0.0045,-0.0059,0.698,0.371,,0.256,,,,,
3.39,,0.0005,-0.0018,0.012,-0.03,-0.44,0.23,0.0,0.0011,-0.004,0.001,0.698,0.369,,,,,,,
3.433,,0.0013,-0.0017,0.014,-0.03,-0.44,0.21,0.0,0.0038,-0.0037,0.0004,0.698,0.369,,,,,,,
3.507,,0.0009,-0.0018,0.013,-0.03,-0.43,0.22,0.0,0.0025,-0.004,0.0043,0.698,0.368,2.458,,,,,,
3.558,,0.0014,-0.0019,0.013,-0.03,-0.43,0.21,0.0,0.0043,-0.0045,0.0037,0.696,0.368,2.458,,,,,,
3.615,,0.0009,-0.0018,0.012,-0.04,-0.43,0.22,0.0,0.0021,-0.0041,0.003,0.696,0.368,,0.26,,,,,
3.636,,0.0012,-0.0017,0.012,-0.03,-0.43,0.22,0.0,0.0031,-0.0038,0.0001,0.702,0.368,,0.26,,,,,
3.683,,0.0009,-0.0018,0.012,-0.03,-0.43,0.23,0.0,0.0017,-0.0045,-0.0016,0.702,0.373,,0.261,,,,,
3.733,,0.0005,-0.0019,0.011,-0.03,-0.43,0.24,0.0,0.0001,-0.0051,-0.0029,0.7,0.373,,0.261,,,,,
3.814,,0.0009,-0.0023,0.012,-0.03,-0.42,0.23,0.0,0.0025,-0.0073,-0.0052,0.7,0.371,,0.257,,,,,
3.851,,0.0005,-0.002,0.014,-0.03,-0.43,0.25,0.0,-0.0003,-0.0054,-0.0038,0.7,0.371,,0.257,,,,,
3.895,,-0.0,-0.0,0.013,-0.0,0.0,-0.0,0.0,-0.0051,-0.0019,-0.0001,0.7,0.369,,0.263,,,,,
3.954,,-0.001,-0.0001,0.01,-0.0,-0.01,0.4,0.0,-0.0192,-0.0051,-0.001,0.697,0.369,,0.263,,,,,
3.988,,-0.0014,-0.0003,0.011,-0.0,-0.09,0.22,0.0,-0.0127,-0.0072,-0.0027,0.697,0.373,,0.255,,,,,
4.033,,-0.002,-0.0002,0.012,0.0,-0.2,0.24,0.0,-0.0125,-0.0058,-0.0037,0.698,0.373,,0.255,,,,,
4.108,,-0.0018,-0.0004,0.012,0.0,-0.21,0.07,0.0,-0.0044,-0.0074,-0.0021,0.698,0.371,,0.259,,,,,
4.15,,-0.002,-0.0006,0.012,0.0,-0.23,0.1,0.0,-0.0034,-0.0086,-0.0006,0.701,0.371,,0.259,,,,,
4.189,,-0.0018,-0.0011,0.012,0.0,-0.22,0.06,0.0,0.0008,-0.0113,0.0001,0.701,0.371,,0.256,,,,,
4.25,,-0.0028,-0.0004,0.012,0.0,-0.35,0.2,0.0,-0.0065,-0.006,0.0009,0.702,0.371,,0.256,,,,,
4.285,,-0.0021,-0.0011,0.011,-0.0,-0.3,0.11,0.0,0.001,-0.0106,0.0005,0.702,0.37,,0.261,,,,,
4.333,,-0.0009,-0.0002,0.013,0.0,-0.42,0.01,0.0,0.0098,-0.0032,-0.0017,0.695,0.37,,0.261,,,,,
4.402,,-0.003,-0.0007,0.013,-0.0,-0.39,0.22,0.0,-0.0051,-0.0065,0.0016,0.695,0.37,,0.257,,,,,
4.449,,-0.0031,-0.0001,0.013,-0.0,-0.45,0.22,0.0,-0.0047,-0.003,0.0037,0.695,0.37,,0.257,,,,,
4.511,,-0.0012,-0.0006,0.014,0.0,-0.42,0.09,0.0,0.0073,-0.0058,0.0044,0.695,0.371,,0.256,,,,,
4.557,,-0.0013,-0.0006,0.015,0.0,-0.43,0.1,0.0,0.0066,-0.0047,0.0063,0.698,0.371,,0.256,,,,,
4.593,,-0.0017,0.0008,0.011,0.0,-0.52,0.15,0.0,0.0035,0.0036,0.0085,0.698,0.371,,0.257,,,,,
4.632,,-0.0018,-0.0001,0.012,0.0,-0.46,0.16,0.0,0.003,-0.0018,-0.0004,0.7,0.371,,0.257,,,,,
4.692,,-0.0021,-0.0003,0.012,0.0,-0.45,0.19,0.0,0.0012,-0.0034,-0.0034,0.7,0.374,,0.258,,,,,
4.744,,-0.0018,-0.0,0.01,0.0,-0.46,0.19,0.0,0.0019,-0.0025,-0.0042,0.7,0.374,,0.258,,,,,
4.783,,-0.0021,-0.0003,0.012,-0.0,-0.45,0.2,0.0,0.0017,-0.0041,-0.009,0.7,0.373,,0.257,,,,,
4.832,,-0.0021,-0.001,0.013,-0.0,-0.42,0.21,0.0,0.0016,-0.0079,-0.0067,0.701,0.373,,0.257,,,,,
4.883,,-0.0019,-0.001,0.012,-0.0,-0.43,0.2,0.0,0.0032,-0.0071,-0.0025,0.701,0.368,,,,,,,
4.933,,-0.0019,0.0001,0.013,-0.0,-0.47,0.2,0.0,0.0024,-0.0022,-0.0021,0.7,0.368,,,,,,,
4.991,,-0.0032,-0.0002,0.013,-0.01,-0.46,0.26,0.0,-0.0041,-0.0034,0.0005,0.7,0.37,,0.259,,,,,
5.05,,-0.0019,0.0008,0.014,-0.01,-0.5,0.21,0.0,0.003,0.0013,0.0018,0.698,0.37,,0.259,,,,,
5.098,,-0.0019,-0.0,0.014,-0.01,-0.46,0.22,0.0,0.0023,-0.0034,0.0043,0.698,0.37,2.453,0.259,,,,,
5.15,,-0.0014,0.0,0.012,-0.01,-0.47,0.2,0.0,0.0046,-0.0028,0.0049,0.7,0.37,2.453,0.259,,,,,
5.182,,-0.0022,-0.0004,0.013,-0.01,-0.45,0.23,0.0,0.0005,-0.0052,0.0009,0.7,0.369,,0.256,,,,,
5.233,,-0.0025,0.0001,0.014,-0.0,-0.46,0.24,0.0,-0.0008,-0.0026,0.0005,0.702,0.369,,0.256,,,,,
5.283,,-0.0022,0.0001,0.013,-0.01,-0.46,0.23,0.0,0.0002,-0.0022,0.0023,0.702,0.368,,0.261,,,,,
5.344,,-0.0022,-0.0009,0.013,-0.01,-0.43,0.23,0.0,0.0004,-0.0066,0.0007,0.7,0.368,,0.261,,,,,
5.402,,-0.0022,0.0003,0.014,-0.0,-0.47,0.24,0.0,0.0005,-0.0006,-0.0002,0.7,0.369,2.443,0.264,,,,,
5.44,,-0.0014,0.0001,0.013,-0.01,-0.46,0.2,0.0,0.0047,-0.0022,0.0013,0.697,0.369,2.443,0.264,,,,,
5.483,,-0.002,0.0001,0.014,-0.01,-0.45,0.24,0.0,0.0007,-0.0024,-0.0001,0.697,0.371,,0.254,,,,,
5.573,,-0.0022,0.0001,0.014,-0.0,-0.45,0.25,0.0,-0.0005,-0.0025,0.0004,0.7,0.371,,0.254,,,,,
5.584,,-0.0031,0.0001,0.014,-0.01,-0.45,0.28,0.0,-0.0057,-0.0028,0.0008,0.7,0.37,2.448,,,,,,
5.648,,-0.0026,-0.0007,0.012,-0.01,-0.41,0.26,0.0,-0.0034,-0.0075,0.0004,0.697,0.37,2.448,,,,,,
5.683,,-0.0014,-0.0001,0.014,-0.01,-0.44,0.21,0.0,0.0037,-0.004,-0.0035,0.697,0.37,2.417,0.257,,,,,
5.733,,-0.0016,0.0004,0.014,-0.01,-0.47,0.22,0.0,0.0024,-0.0006,-0.0015,0.702,0.37,2.417,0.257,,,,,
5.782,,-0.002,-0.001,0.014,-0.01,-0.4,0.24,0.0,0.0004,-0.0086,0.0,0.702,0.369,,0.254,,,,,
5.87,,-0.0022,-0.0,0.014,-0.01,-0.44,0.25,0.0,-0.0011,-0.0034,0.0008,0.698,0.369,,0.254,,,,,
5.909,,-0.0013,-0.0003,0.014,-0.01,-0.43,0.21,0.0,-0.0007,-0.0042,0.0012,0.698,0.372,,0.255,,,,,
5.948,,-0.0016,-0.0003,0.011,-0.01,-0.44,0.22,0.0,0.0028,-0.0039,0.0017,0.694,0.372,,0.255,,,,,
5.993,,-0.0016,-0.0001,0.014,-0.01,-0.44,0.22,0.0,0.003,-0.0027,-0.0045,0.694,0.367,,,,,,,
6.045,,-0.002,0.0006,0.013,-0.01,-0.47,0.24,0.0,0.0008,-0.0002,-0.0013,0.696,0.367,,,,,,,
6.082,,-0.0013,-0.0001,0.012,-0.01,-0.44,0.21,0.0,0.004,-0.0041,-0.0013,0.696,0.369,,,,,,,
6.172,,-0.0016,-0.0005,0.014,-0.01,-0.41,0.21,0.0,0.0027,-0.0069,-0.0035,0.696,0.369,,,,,,,
6.209,,-0.0014,-0.0003,0.011,-0.0,-0.43,0.2,0.0,0.0037,-0.0049,-0.001,0.696,0.371,,0.256,,,,,
6.235,,-0.002,-0.0001,0.013,-0.0,-0.44,0.23,0.0,0.0007,-0.003,-0.0059,0.696,0.371,,0.256,,,,,
6.3,,-0.0024,-0.0011,0.013,-0.0,-0.4,0.24,0.0,0.0047,-0.0037,-0.0039,0.696,0.374,,,,,,,
6.332,,-0.0014,-0.0003,0.011,-0.0,-0.43,0.2,0.0,0.0041,-0.0042,-0.0022,0.701,0.374,,,,,,,
6.382,,-0.002,-0.0003,0.013,-0.0,-0.43,0.23,0.0,0.0006,-0.0036,-0.0048,0.701,0.369,,0.257,,,,,
6.466,,-0.0016,-0.0003,0.014,-0.0,-0.43,0.22,0.0,0.0027,-0.0038,-0.0015,0.699,0.369,,0.257,,,,,
6.521,,-0.0022,-0.0005,0.014,-0.01,-0.42,0.25,0.0,-0.0004,-0.0046,0.0024,0.699,0.37,,0.255,,,,,
6.545,,-0.0022,-0.0009,0.012,-0.01,-0.4,0.25,0.0,-0.0005,-0.0068,0.0045,0.701,0.37,,0.255,,,,,
6.59,,-0.002,-0.0004,0.015,-0.01,-0.43,0.24,0.0,0.0004,-0.0033,0.0007,0.701,0.372,,,,,,,
6.643,,-0.0014,-0.0004,0.014,-0.0,-0.43,0.2,0.0,0.0046,-0.0034,0.0052,0.697,0.372,,,,,,,
6.687,,-0.002,-0.001,0.014,-0.01,-0.39,0.23,0.0,0.0004,-0.0072,0.0052,0.697,0.369,,,,,,,
6.749,,-0.0024,-0.0002,0.015,-0.01,-0.43,0.25,0.0,-0.0013,-0.0028,0.0043,0.696,0.369,,,,,,,
6.795,,-0.0016,-0.0004,0.013,-0.01,-0.42,0.2,0.0,0.0042,-0.0041,0.0055,0.696,0.37,,0.261,,,,,
6.836,,-0.0014,-0.0,0.011,-0.01,-0.43,0.2,0.0,0.0055,-0.002,0.001,0.697,0.37,,0.261,,,,,
6.894,,-0.0024,0.0004,0.012,-0.01,-0.45,0.25,0.0,-0.0008,-0.0004,-0.0056,0.697,0.372,,0.256,,,,,
6.933,,-0.003,-0.0003,0.012,-0.01,-0.42,0.28,0.0,-0.0044,-0.0042,-0.007,0.699,0.372,,0.256,,,,,
6.983,,-0.0014,-0.0005,0.012,-0.01,-0.41,0.2,0.0,0.0015,-0.0097,-0.0075,0.699,0.369,,0.255,,,,,
7.047,,-0.002,-0.0011,0.015,-0.01,-0.39,0.23,0.0,0.001,-0.0091,-0.0066,0.701,0.369,,0.255,,,,,
7.112,,-0.0014,-0.0001,0.015,-0.01,-0.43,0.21,0.0,0.0045,-0.0029,0.0006,0.701,0.367,,,,,,,
7.141,,-0.0014,-0.0003,0.015,-0.01,-0.42,0.21,0.0,0.0046,-0.0046,0.0054,0.701,0.367,,,,,,,
7.199,,-0.002,-0.0011,0.012,-0.01,-0.39,0.25,0.0,0.0007,-0.0087,0.0071,0.701,0.37,,,,,,,
7.233,,-0.0013,-0.0008,0.013,-0.02,-0.41,0.2,0.0,0.0049,-0.0058,0.0001,0.697,0.37,,,,,,,
7.282,,-0.0013,-0.0002,0.014,-0.02,-0.43,0.19,0.0,0.0061,-0.0018,-0.0017,0.697,0.367,,0.255,,,,,
7.344,,-0.0019,-0.0006,0.011,-0.02,-0.41,0.22,0.0,0.0027,-0.0042,-0.0002,0.699,0.367,,0.255,,,,,
7.389,,-0.0012,-0.0007,0.013,-0.02,-0.4,0.19,0.0,0.0067,-0.0043,-0.0065,0.699,0.372,,0.259,,,,,
7.445,,-0.0019,-0.0014,0.011,-0.02,-0.38,0.22,0.0,0.0033,-0.0083,-0.0053,0.696,0.372,,0.259,,,,,
7.484,,-0.0018,-0.0005,0.013,-0.02,-0.42,0.24,0.0,0.0038,-0.0033,-0.0077,0.696,0.368,,0.252,,,,,
7.532,,-0.0023,-0.0016,0.01,-0.02,-0.37,0.26,-0.0,-0.0009,-0.0065,-0.0021,0.699,0.368,,0.252,,,,,
7.583,,-0.0013,-0.0007,0.011,-0.05,-0.39,0.21,-0.0,0.0028,0.0021,-0.0059,0.699,0.371,,0.26,,,,,
7.645,,-0.0015,-0.0018,0.016,-0.06,-0.25,0.31,-0.0,-0.001,-0.0016,-0.0031,0.697,0.371,,0.26,,,,,
7.686,,-0.0016,-0.0027,0.012,-0.09,-0.2,0.37,-0.0,-0.004,-0.0039,0.007,0.697,0.368,,0.252,,,,,
7.748,,-0.0047,-0.0053,0.012,-0.14,-0.09,0.41,-0.0,-0.0214,-0.0135,0.0009,0.698,0.368,,0.252,,,,,
7.782,,-0.01,-0.0085,0.01,-0.15,0.0,0.82,-0.0,-0.0469,-0.025,0.0131,0.698,0.37,,0.25,,,,,
7.832,,-0.0172,-0.0104,0.0,-0.21,-0.4,0.33,-0.0,-0.0743,-0.0264,0.0192,0.695,0.37,,0.25,,,,,
7.882,,-0.0225,-0.0088,0.0,-0.34,-0.84,-0.03,-0.0,-0.083,-0.0064,0.0213,0.695,0.408,,,,,,,
7.945,,-0.0232,-0.0037,0.0,-0.58,-0.9,-0.92,-0.0,-0.0607,0.0286,0.0529,0.694,0.408,,,,,,,
7.995,,-0.0255,0.0014,0.001,-0.83,-0.66,-1.48,-0.0,-0.0463,0.0525,0.0864,0.694,0.424,2.435,1.375,,,,,
8.061,,-0.027,0.0069,0.016,-0.93,-0.34,-1.08,-0.0,-0.0317,0.0715,0.1071,0.689,0.424,2.435,1.375,,,,,
8.098,,-0.0247,0.0121,0.028,-0.98,0.28,-1.12,-0.0,-0.0029,0.0798,0.1572,0.689,0.434,,1.372,,,,,
8.136,,-0.0183,0.0173,0.047,-1.04,0.74,-1.13,-0.0,0.0381,0.0795,0.1879,0.68,0.434,,1.372,,,,,
8.182,,-0.0116,0.0199,0.062,-1.09,1.37,-0.75,-0.0,0.0687,0.0616,0.227,0.68,0.443,,1.381,,,,,
8.232,,-0.0055,0.0187,0.082,-1.1,1.89,-0.21,-0.0,0.0849,0.0263,0.2406,0.672,0.443,,1.381,,,,,
8.291,,-0.0029,0.0176,0.092,-1.09,1.97,0.55,-0.0,0.0738,-0.0017,0.2641,0.672,0.459,2.41,1.372,,,,,
8.334,,0.0025,0.013,0.107,-1.14,1.93,0.87,-0.0,0.0756,-0.0388,0.2473,0.664,0.459,2.41,1.372,,,,,
8.386,,0.0059,0.0066,0.115,-1.19,1.36,1.34,-0.0,0.0635,-0.0734,0.2652,0.664,0.491,2.424,1.377,,,,,
8.432,,0.0081,0.0007,0.136,-1.25,0.49,1.85,-0.0,0.0457,-0.0906,0.2467,0.648,0.491,2.424,1.377,,,,,
8.519,,0.011,-0.0055,0.137,-1.26,-0.3,1.5,-0.0,0.035,-0.0981,0.2699,0.648,,2.417,1.38,,,,,
8.535,,0.0125,-0.0105,0.151,-1.3,-1.02,1.45,-0.0,0.0232,-0.093,0.2282,0.641,,2.417,1.38,,,,,
8.583,,0.0129,-0.0158,0.155,-1.32,-1.42,1.29,-0.0,0.0095,-0.085,0.2404,0.641,,2.413,1.369,,,,,
8.639,,0.0137,-0.0199,0.164,-1.37,-1.7,1.12,-0.0,0.0018,-0.0721,0.2125,0.639,,2.413,1.369,,,,,
8.686,,0.0132,-0.0235,0.173,-1.34,-1.74,0.81,-0.0,-0.0082,-0.0579,0.2132,0.639,,,1.359,,,,,
8.732,,0.0132,-0.0265,0.19,-1.28,-1.64,0.46,-0.0,-0.0113,-0.0444,0.205,0.631,,,1.359,,,,,
8.825,,0.0127,-0.0283,0.196,-1.19,-1.5,0.2,-0.0,-0.0134,-0.0301,0.22,0.631,,2.442,1.353,,,,,
8.858,,0.0095,-0.0319,0.211,-1.07,-1.17,0.02,-0.0,-0.0242,-0.0284,0.1998,0.637,,2.442,1.353,,,,,
8.897,,0.0082,-0.0326,0.225,-0.9,-0.86,-0.24,-0.0,-0.023,-0.018,0.2118,0.637,,2.419,1.354,,,,,
8.931,,0.0078,-0.0324,0.236,-0.77,-0.62,-0.41,-0.0,-0.0175,-0.0084,0.2073,0.635,,2.419,1.354,,,,,
8.981,,0.0102,-0.0288,0.24,-0.68,-0.44,-0.53,-0.0,-0.0021,0.0092,0.1993,0.635,,2.416,1.35,,,,,
9.032,,0.0108,-0.0284,0.252,-0.65,-0.22,-0.56,-0.0,0.0043,0.0114,0.1729,0.636,,2.416,1.35,,,,,
9.123,,0.0121,-0.0272,0.259,-0.58,0.0,-0.52,-0.0,0.012,0.0138,0.1793,0.636,,2.414,1.357,,,,,
9.134,,0.0162,-0.0233,0.262,-0.52,0.21,-0.32,-0.0,0.0254,0.0221,0.159,0.633,,2.414,1.357,,,,,
9.189,,0.0181,-0.0223,0.272,-0.32,0.28,-0.04,-0.0,0.0279,0.0199,0.1428,0.633,,2.406,1.359,,,,,
9.263,,0.0211,-0.0212,0.281,-0.1,0.26,-0.0,-0.0,0.0323,0.0178,0.1417,0.633,,2.406,1.359,,,,,
9.299,,0.0243,-0.0213,0.287,0.15,0.23,0.33,-0.0,0.0349,0.0131,0.1389,0.633,,2.407,1.36,,,,,
9.362,,0.0261,-0.0201,0.295,0.39,0.17,0.58,-0.0,0.031,0.0131,0.1257,0.63,,2.407,1.36,,,,,
9.382,,0.0272,-0.0215,0.299,0.62,0.03,0.65,-0.0,0.0246,0.007,0.124,0.63,,2.409,1.361,,,,,
9.438,,0.025,-0.0281,0.303,0.79,-0.03,0.85,-0.0,0.0098,-0.0099,0.1102,0.631,,2.409,1.361,,,,,
9.499,,0.027,-0.0266,0.312,1.01,-0.1,0.76,-0.0,0.0069,-0.0047,0.1017,0.631,,2.398,1.364,,,,,
9.537,,0.0266,-0.0272,0.319,1.2,0.02,0.67,-0.0,-0.0005,-0.0054,0.1065,0.634,,2.398,1.364,,,,,
9.581,,0.0288,-0.0255,0.324,1.36,-0.12,0.64,-0.0,-0.0007,-0.0,0.0977,0.634,,2.411,1.366,,,,,
9.632,,0.0286,-0.027,0.325,1.49,-0.1,0.53,-0.0,-0.0057,-0.0027,0.0868,0.629,,2.411,1.366,,,,,
9.708,,0.0282,-0.0247,0.334,1.58,-0.11,0.53,-0.0,-0.0104,0.0035,0.0682,0.629,,2.4,1.364,,,,,
9.737,,0.0281,-0.0237,0.336,1.58,-0.07,0.25,-0.0,-0.0123,0.006,0.0769,0.634,,2.4,1.364,,,,,
9.797,,0.0275,-0.0232,0.336,1.54,-0.0,0.33,-0.0,-0.0145,0.0066,0.0619,0.634,,2.386,1.366,,,,,
9.836,,0.0334,-0.0163,0.339,1.35,0.04,0.11,-0.0,-0.002,0.0206,0.0416,0.633,,2.386,1.366,,,,,
9.881,,0.0328,-0.0144,0.343,1.12,0.18,0.14,-0.0,-0.0037,0.0217,0.0388,0.633,,2.386,1.371,,,,,
9.938,ROTATION_SCAN,0.0317,-0.0129,0.345,0.87,0.32,0.13,-0.0,-0.0069,0.0204,0.0376,0.625,,2.386,1.371,,,,,
10.04,ROTATION_SCAN,0.03,-0.0116,0.346,0.62,0.37,0.1,15.0,-0.0103,0.018,0.0292,0.625,,2.405,1.369,,,,,
10.05,ROTATION_SCAN,0.0274,-0.0123,0.349,0.37,0.41,-0.0,15.0,-0.015,0.0123,0.0227,0.624,,2.405,1.369,,,,,
10.085,ROTATION_SCAN,0.0251,-0.0123,0.351,0.18,0.48,-0.02,15.0,-0.0176,0.0065,0.022,0.624,,2.385,1.365,,,,,
10.147,ROTATION_SCAN,0.0244,-0.0173,0.346,0.16,0.43,-0.11,15.0,-0.0171,-0.0066,0.0195,0.625,,2.385,1.365,,,,,
10.207,ROTATION_SCAN,0.0244,-0.018,0.351,0.26,0.38,-0.44,15.0,-0.0135,-0.0104,0.0005,0.625,,2.387,1.362,,,,,
10.24,ROTATION_SCAN,0.0211,-0.0219,0.351,0.52,0.29,-0.36,15.0,-0.0141,-0.0202,0.0116,0.628,,2.387,1.362,,,,,
10.287,ROTATION_SCAN,0.0196,-0.0284,0.347,0.81,0.14,-0.63,15.0,-0.0114,-0.0318,0.0035,0.628,,2.393,1.364,,,,,
10.359,ROTATION_SCAN,0.0186,-0.0312,0.349,1.23,-0.16,-0.68,15.0,-0.0075,-0.0337,-0.0078,0.63,,2.393,1.364,,,,,
10.389,ROTATION_SCAN,0.0218,-0.0343,0.351,1.68,-0.57,-0.72,15.0,0.0047,-0.0333,-0.0012,0.63,,2.39,1.37,,,,,
10.447,ROTATION_SCAN,0.023,-0.0395,0.349,2.12,-0.88,-0.86,15.0,0.0142,-0.0319,0.0055,0.626,,2.39,1.37,,,,,
10.5,ROTATION_SCAN,0.0227,-0.0429,0.353,2.57,-1.16,-0.81,15.0,0.0191,-0.026,-0.0013,0.626,,2.399,1.355,,,,,
10.535,ROTATION_SCAN,0.0265,-0.0439,0.349,3.08,-1.31,-0.82,15.0,0.0302,-0.0148,0.0103,0.634,,2.399,1.355,,,,,
10.583,ROTATION_SCAN,0.0299,-0.0443,0.349,3.58,-1.35,-0.52,15.0,0.0378,-0.003,-0.0001,0.634,,2.41,1.364,,,,,
10.653,ROTATION_SCAN,0.0351,-0.0388,0.349,4.21,-1.38,-0.26,15.0,0.0458,0.0185,0.0015,0.643,,2.41,1.364,,,,,
10.7,ROTATION_SCAN,0.0398,-0.0338,0.35,4.86,-1.21,0.0,15.0,0.0499,0.0364,0.0031,0.643,,2.397,1.373,,,,,
10.76,ROTATION_SCAN,0.04,-0.0311,0.352,5.55,-1.01,0.23,15.0,0.0438,0.0467,0.0046,0.661,,2.397,1.373,,,,,
10.811,ROTATION_SCAN,0.0436,-0.0246,0.352,6.34,-0.75,0.37,15.0,0.043,0.0608,0.0084,0.661,,2.404,1.374,,,,,
10.845,ROTATION_SCAN,0.0441,-0.0182,0.353,7.17,-0.35,0.59,15.0,0.0357,0.0708,0.0044,0.752,,2.404,1.374,,,,,
10.888,ROTATION_SCAN,0.0463,-0.0117,0.349,8.16,0.0,0.79,15.0,0.0302,0.0763,0.0062,0.752,,,1.391,,,,,
10.932,ROTATION_SCAN,0.0475,-0.0033,0.348,9.21,0.33,0.95,15.0,0.0226,0.0818,-0.0068,2.003,,,1.391,,,,,
10.989,ROTATION_SCAN,0.0496,0.0005,0.352,10.32,0.59,1.19,15.0,0.0158,0.0754,-0.0076,2.003,,2.405,1.407,,,,,
11.034,ROTATION_SCAN,0.05,0.0045,0.351,11.44,0.91,1.16,15.0,0.0068,0.0676,0.0049,,,2.405,1.407,,,,,
11.113,ROTATION_SCAN,0.0497,0.0086,0.353,12.6,1.23,1.38,15.0,-0.003,0.0576,-0.0035,,,2.408,1.428,,,,,
11.144,ROTATION_SCAN,0.049,0.012,0.353,13.72,1.38,1.36,15.0,-0.0122,0.0455,0.0011,,,2.408,1.428,,,,,
11.187,ROTATION_SCAN,0.0495,0.0158,0.355,14.78,1.44,1.2,15.0,-0.0173,0.0342,-0.001,,,2.424,,,,,,
11.249,ROTATION_SCAN,0.048,0.0163,0.353,15.82,1.39,1.09,15.0,-0.0247,0.0179,-0.0004,,,2.424,,,,,,
11.287,ROTATION_SCAN,0.048,0.0171,0.352,16.78,1.29,0.94,15.0,-0.0267,0.005,-0.008,,,2.45,1.485,,,,,
11.333,ROTATION_SCAN,0.0483,0.0172,0.353,17.73,1.25,0.74,15.0,-0.0269,-0.0073,-0.0121,,,2.45,1.485,,,,,
11.402,ROTATION_SCAN,0.0424,0.0141,0.355,18.66,1.14,0.53,15.0,-0.038,-0.024,-0.0096,,,2.483,,,,,,
11.434,ROTATION_SCAN,0.0416,0.0112,0.35,19.58,1.01,0.25,15.0,-0.0356,-0.0363,-0.0062,,,2.483,,,,,,
11.498,ROTATION_SCAN,0.042,0.0093,0.351,20.46,0.85,-0.11,15.0,-0.029,-0.0438,-0.0193,,,2.506,1.831,,,,,
11.541,ROTATION_SCAN,0.0404,0.0075,0.344,21.39,0.57,-0.22,15.0,-0.026,-0.0479,-0.012,,,2.506,1.831,,,,,
11.615,ROTATION_SCAN,0.0395,0.0038,0.35,22.3,0.37,-0.27,15.0,-0.0217,-0.0532,-0.0271,,,,,,,,,
11.63,ROTATION_SCAN,0.04,0.0007,0.349,23.2,0.14,-0.42,15.0,-0.0149,-0.0546,-0.0058,,,,,,,,,
11.739,ROTATION_SCAN,0.0431,-0.0009,0.347,24.12,-0.01,-0.41,15.0,-0.0041,-0.0513,-0.0111,,,,,,,,,
11.769,ROTATION_SCAN,0.0431,-0.0063,0.348,25.0,-0.06,-0.39,15.0,-0.001,-0.0554,-0.0135,,,,,,,,,
11.788,ROTATION_SCAN,0.0452,-0.0099,0.346,25.91,-0.23,-0.31,15.0,0.0057,-0.0548,-0.0073,,,,,,,,,
11.851,ROTATION_SCAN,0.0472,-0.0104,0.344,26.82,-0.43,-0.33,15.0,0.0103,-0.0465,-0.0135,,,,,,,,,
11.886,ROTATION_SCAN,0.0497,-0.0096,0.347,27.75,-0.66,-0.28,15.0,0.0141,-0.0346,-0.0176,,,,,,,,,
11.958,ROTATION_SCAN,0.0556,-0.0096,0.343,28.72,-0.73,-0.21,15.0,0.0239,-0.0248,-0.0091,,,,,,,,,
11.996,ROTATION_SCAN,0.0595,-0.0079,0.346,29.66,-0.67,-0.13,15.0,0.0282,-0.0129,-0.0218,,,,,,,,,
12.068,ROTATION_SCAN,0.0644,-0.0054,0.345,30.54,-0.64,0.17,15.0,0.0323,-0.002,-0.0121,,,,,,,,,
12.097,ROTATION_SCAN,0.0686,-0.0029,0.344,31.36,-0.62,0.55,15.0,0.0322,0.0062,-0.016,,,,,,,,,
12.149,ROTATION_SCAN,0.0728,0.0023,0.344,32.12,-0.58,0.88,15.0,0.0296,0.0171,-0.0194,,,,,,,,,
12.188,ROTATION_SCAN,0.0751,0.005,0.34,32.86,-0.48,1.07,15.0,0.0225,0.0204,-0.0199,,,,,,,,,
12.254,ROTATION_SCAN,0.0793,0.0079,0.34,33.62,-0.44,1.27,15.0,0.0184,0.0223,-0.0305,,,,,,,,,
12.285,ROTATION_SCAN,0.0802,0.0118,0.337,34.4,-0.27,1.58,15.0,0.0067,0.0234,-0.0268,,,,,,,,,
12.357,ROTATION_SCAN,0.0823,0.0148,0.334,35.17,-0.09,1.87,15.0,-0.0023,0.02,-0.0315,,,,,,,,,
12.401,ROTATION_SCAN,0.0838,0.018,0.336,35.9,-0.09,1.94,15.0,-0.0123,0.0159,-0.0333,,,,,,,,,
12.466,ROTATION_SCAN,0.0829,0.0215,0.336,36.67,-0.12,2.01,15.0,-0.0271,0.0122,-0.0218,,,,,,,,,
12.484,ROTATION_SCAN,0.0803,0.0235,0.332,37.44,-0.04,2.02,15.0,-0.0433,0.0058,-0.0198,,,,,,,,,
12.538,ROTATION_SCAN,0.0785,0.026,0.333,38.19,0.03,1.9,15.0,-0.0551,0.0003,-0.0242,,,,,,,,,
12.608,ROTATION_SCAN,0.0759,0.0266,0.334,38.92,0.12,1.69,15.0,-0.0657,-0.0079,-0.0157,,,,,,,,,
12.647,ROTATION_SCAN,0.0742,0.0279,0.336,39.65,0.17,1.5,15.0,-0.0717,-0.0135,-0.0101,,,,,,,,,
12.681,ROTATION_SCAN,0.0703,0.0285,0.333,40.36,0.19,1.29,15.0,-0.0799,-0.0195,-0.0051,,,,0.846,,,,,
12.779,ROTATION_SCAN,0.0678,0.0277,0.333,41.1,0.27,1.1,15.0,-0.0825,-0.0265,-0.0111,,,,0.846,,,,,
12.784,ROTATION_SCAN,0.0635,0.0278,0.332,41.83,0.3,0.92,15.0,-0.0875,-0.0306,-0.0056,,,,0.842,,,,,
12.856,ROTATION_SCAN,0.0577,0.0258,0.331,42.62,0.47,0.76,15.0,-0.0931,-0.0386,-0.0089,,,,0.842,,,,,
12.95,ROTATION_SCAN,0.0537,0.0246,0.33,43.4,0.57,0.59,15.0,-0.0928,-0.044,-0.0105,,,,0.836,,,,,
12.982,ROTATION_SCAN,0.052,0.023,0.328,44.19,0.66,0.38,15.0,-0.0856,-0.0492,-0.0099,,,,0.836,,,,,
13.017,ROTATION_SCAN,0.0467,0.022,0.331,44.97,0.69,0.29,15.0,-0.0858,-0.052,-0.0144,,,,0.824,,,,,
13.05,ROTATION_SCAN,0.0412,0.0182,0.327,45.74,0.69,0.03,15.0,-0.085,-0.0596,-0.0032,,,,0.824,,,,,
13.09,ROTATION_SCAN,0.0371,0.0166,0.329,46.53,0.66,-0.01,15.0,-0.0807,-0.0604,-0.0142,,,,0.818,,,,,
13.155,ROTATION_SCAN,0.0344,0.0141,0.324,47.29,0.62,-0.3,15.0,-0.0728,-0.0614,-0.0069,,,,0.818,,,,,
13.25,ROTATION_SCAN,0.0311,0.0114,0.326,48.08,0.56,-0.49,15.0,-0.066,-0.0613,-0.0175,,,,0.807,,,,,
13.255,ROTATION_SCAN,0.0286,0.0081,0.325,48.88,0.49,-0.67,15.0,-0.0577,-0.0611,-0.0076,,,,0.807,,,,,
13.327,ROTATION_SCAN,0.0267,0.0084,0.327,49.69,0.39,-0.87,15.0,-0.0483,-0.0508,-0.0104,,,,0.792,,,,,
13.339,ROTATION_SCAN,0.0278,0.0076,0.325,50.49,0.34,-0.99,15.0,-0.0333,-0.0429,-0.0045,,,,0.792,,,,,
13.41,ROTATION_SCAN,0.0264,0.0081,0.324,51.29,0.24,-0.95,15.0,-0.0257,-0.0321,-0.009,,,,0.778,,,,,
13.444,ROTATION_SCAN,0.0281,0.0097,0.322,52.07,0.12,-0.92,15.0,-0.0136,-0.0198,-0.0112,,,,0.778,,,,,
13.484,ROTATION_SCAN,0.0345,0.017,0.324,52.85,0.14,-0.83,15.0,0.0074,0.0034,-0.0151,,,,0.77,,,,,
13.531,ROTATION_SCAN,0.0397,0.0208,0.322,53.63,0.3,-0.51,15.0,0.023,0.0147,-0.0118,,,,0.77,,,,,
13.615,ROTATION_SCAN,0.0435,0.0237,0.321,54.42,0.29,0.17,15.0,0.0318,0.0191,-0.0168,,,,0.76,,,,,
13.645,ROTATION_SCAN,0.0462,0.0278,0.325,55.19,0.31,0.65,15.0,0.0341,0.0209,-0.0138,,,,0.76,,,,,
13.689,ROTATION_SCAN,0.0501,0.0319,0.323,55.95,0.31,1.08,15.0,0.0367,0.0199,-0.0025,,,,0.742,,,,,
13.754,ROTATION_SCAN,0.0529,0.0347,0.324,56.69,0.24,1.34,15.0,0.0351,0.0142,-0.0106,,,,0.742,,,,,
13.787,ROTATION_SCAN,0.057,0.0386,0.32,57.41,0.19,1.64,15.0,0.0348,0.0096,-0.0054,,,,0.721,,,,,
13.844,ROTATION_SCAN,0.0585,0.042,0.322,58.2,0.08,1.91,15.0,0.0274,0.0027,-0.0166,,,,0.721,,,,,
13.888,ROTATION_SCAN,0.0611,0.0428,0.322,58.97,0.02,2.15,15.0,0.0215,-0.0109,-0.0075,,,,0.708,,,,,
13.932,ROTATION_SCAN,0.0621,0.042,0.322,59.72,-0.12,2.21,15.0,0.0117,-0.0266,-0.0091,,,,0.708,,,,,
14.04,ROTATION_SCAN,0.0642,0.041,0.321,60.41,-0.2,2.2,15.0,0.0046,-0.0414,-0.0066,,,,0.696,,,,,
14.06,ROTATION_SCAN,0.0627,0.037,0.322,61.12,-0.26,2.08,15.0,-0.0096,-0.0598,-0.0106,,,,0.696,,,,,
14.08,ROTATION_SCAN,0.0613,0.0369,0.321,61.8,-0.35,1.77,15.0,-0.0211,-0.0663,-0.0067,,,,0.685,,,,,
14.143,ROTATION_SCAN,0.0559,0.0297,0.319,62.5,-0.32,1.51,15.0,-0.0392,-0.085,-0.0088,,,,0.685,,,,,
14.187,ROTATION_SCAN,0.053,0.0269,0.32,63.24,-0.31,1.15,15.0,-0.0486,-0.09,-0.0121,,,,0.681,,,,,
14.255,ROTATION_SCAN,0.0504,0.0244,0.317,63.98,-0.14,0.69,15.0,-0.0534,-0.0914,-0.0055,,,,0.681,,,,,
14.286,ROTATION_SCAN,0.0457,0.0228,0.319,64.76,0.01,0.26,15.0,-0.0597,-0.0879,-0.013,,,,0.677,,,,,
14.348,ROTATION_SCAN,0.0411,0.0174,0.318,65.48,0.26,-0.05,15.0,-0.0623,-0.0913,-0.0033,,,,0.677,,,,,
14.391,ROTATION_SCAN,0.0391,0.0131,0.316,66.16,0.39,-0.28,15.0,-0.0568,-0.0904,-0.0054,,,,0.677,,,,,
14.433,ROTATION_SCAN,0.0351,0.0125,0.319,66.8,0.45,-0.53,15.0,-0.0543,-0.0798,-0.0123,,,,0.677,,,,,
14.482,ROTATION_SCAN,0.0329,0.0101,0.321,67.45,0.49,-0.67,15.0,-0.0477,-0.0729,-0.0016,,,,0.68,,,,,
14.55,ROTATION_SCAN,0.0301,0.0096,0.319,68.15,0.56,-0.76,15.0,-0.0423,-0.062,0.001,,,,0.68,,,,,
14.581,ROTATION_SCAN,0.0282,0.0076,0.315,68.87,0.69,-0.65,15.0,-0.0349,-0.0563,-0.0074,,,,0.674,,,,,
14.64,ROTATION_SCAN,0.0237,0.0084,0.32,69.65,0.75,-0.74,15.0,-0.0333,-0.0445,-0.0155,,,,0.674,,,,,
14.693,ROTATION_SCAN,0.0283,0.0131,0.316,70.44,0.87,-0.73,15.0,-0.0103,-0.0251,-0.0025,,,,0.67,,,,,
14.732,ROTATION_SCAN,0.0255,0.0127,0.314,71.23,0.83,-0.46,15.0,-0.0076,-0.0211,-0.0145,,,,0.67,,,,,
14.795,ROTATION_SCAN,0.0251,0.014,0.316,72.01,0.75,-0.16,15.0,-0.0008,-0.0155,-0.0179,,1.477,,0.661,,,,,
14.862,ROTATION_SCAN,0.0291,0.0201,0.317,72.76,0.7,0.08,15.0,0.0141,-0.0018,-0.0084,,1.477,,0.661,,,,,
14.897,ROTATION_SCAN,0.0306,0.0249,0.314,73.52,0.55,0.34,15.0,0.0201,0.0059,-0.0082,,1.471,,0.652,,,,,
14.958,ROTATION_SCAN,0.032,0.0269,0.311,74.28,0.46,0.63,15.0,0.0239,0.0048,-0.0145,,1.471,,0.652,,,,,
14.996,ROTATION_SCAN,0.0345,0.0304,0.316,74.99,0.39,0.88,15.0,0.0289,0.0054,-0.0153,,1.463,,0.645,,,,,
15.037,ROTATION_SCAN,0.0344,0.032,0.317,75.7,0.24,1.08,15.0,0.0255,-0.0004,-0.0011,,1.463,,0.645,,,,,
15.119,ROTATION_SCAN,0.0355,0.0354,0.317,76.38,0.19,1.27,15.0,0.0245,-0.0023,-0.0039,,1.45,,0.636,,,,,
15.147,ROTATION_SCAN,0.0381,0.035,0.312,77.04,0.06,1.37,15.0,0.0261,-0.014,-0.0039,,1.45,,0.636,,,,,
15.189,ROTATION_SCAN,0.0407,0.0376,0.314,77.72,0.06,1.38,15.0,0.0272,-0.0175,-0.0132,,1.449,,0.632,,,,,
15.231,ROTATION_SCAN,0.0433,0.0371,0.313,78.39,0.01,1.43,15.0,0.0279,-0.028,-0.0074,2.386,1.449,,0.632,,,,,
15.302,ROTATION_SCAN,0.0436,0.0383,0.313,79.04,-0.09,1.18,15.0,0.0229,-0.0326,-0.0105,2.386,1.447,,0.625,,,,,
15.34,ROTATION_SCAN,0.0435,0.0354,0.309,79.76,-0.19,1.27,15.0,0.017,-0.0453,-0.0124,2.38,1.447,,0.625,,,,,
15.386,ROTATION_SCAN,0.0435,0.0365,0.313,80.44,-0.19,1.1,15.0,0.0119,-0.0467,-0.0181,2.38,1.438,,0.62,,,,,
15.461,ROTATION_SCAN,0.0418,0.0341,0.308,81.18,-0.31,1.09,15.0,0.0029,-0.0552,-0.0045,2.376,1.438,,0.62,,,,,
15.483,ROTATION_SCAN,0.0423,0.0384,0.308,81.92,-0.31,0.77,15.0,0.0,-0.0461,-0.0168,2.376,1.436,,0.621,,,,,
15.531,ROTATION_SCAN,0.0425,0.0365,0.309,82.67,-0.22,0.84,15.0,-0.0027,-0.0517,-0.0115,2.374,1.436,,0.621,,,,,
15.613,ROTATION_SCAN,0.0423,0.0334,0.308,83.45,-0.21,0.71,15.0,-0.0093,-0.0613,-0.0072,2.374,1.428,,0.62,,,,,
15.654,ROTATION_SCAN,0.0401,0.0292,0.307,84.23,-0.07,0.68,15.0,-0.011,-0.0673,-0.0093,2.367,1.428,,0.62,,,,,
15.681,ROTATION_SCAN,0.0377,0.0256,0.306,84.94,-0.05,0.56,15.0,-0.0171,-0.0697,-0.0084,2.367,1.422,,0.624,,,,,
15.749,ROTATION_SCAN,0.038,0.0273,0.309,85.66,0.15,0.48,15.0,-0.0134,-0.0653,-0.0087,2.359,1.422,,0.624,,,,,
15.78,ROTATION_SCAN,0.0367,0.0288,0.307,86.28,0.26,0.29,15.0,-0.0131,-0.0583,-0.0012,2.359,1.412,,0.628,,,,,
15.885,ROTATION_SCAN,0.0333,0.0307,0.308,86.98,0.26,0.11,15.0,-0.0165,-0.0494,-0.0058,2.343,1.412,,0.628,,,,,
15.904,ROTATION_SCAN,0.0319,0.0329,0.309,87.66,0.33,-0.0,15.0,-0.0156,-0.0401,-0.0017,2.343,1.412,,0.636,,,,,
15.963,NAV_TO_LANDING,0.0216,0.0116,0.306,88.31,0.28,0.31,15.0,-0.0336,-0.0833,0.0003,2.346,1.412,,0.636,,,,,
16.01,NAV_TO_LANDING,0.0232,0.014,0.308,89.05,0.45,0.21,15.0,-0.024,-0.0718,-0.0076,2.346,1.42,,0.648,,,,,
16.088,NAV_TO_LANDING,0.0222,0.0174,0.31,89.85,0.58,0.01,-0.0,-0.0188,-0.0575,-0.0019,2.352,1.42,,0.648,,,,1.12,-1.22
16.228,NAV_TO_LANDING,0.0239,0.0225,0.311,90.65,0.67,-0.34,-0.0,-0.0081,-0.0396,0.0008,2.352,1.425,,0.678,,,,1.12,-1.22
16.256,NAV_WAYPOINT,0.027,0.0295,0.311,91.32,0.66,-0.65,-0.0,0.005,-0.0162,0.0,2.349,1.425,,0.678,,0.02,-1.22,1.12,-1.22
16.264,NAV_WAYPOINT,0.0308,0.0383,0.308,91.82,0.41,-0.75,-0.0,0.0161,0.0097,-0.0032,2.349,1.435,,,,0.02,-1.22,1.12,-1.22
16.269,NAV_WAYPOINT,0.0322,0.0442,0.309,92.21,0.1,-0.51,-0.0,0.019,0.026,-0.0116,2.33,1.435,,,,0.02,-1.22,1.12,-1.22
16.294,NAV_WAYPOINT,0.036,0.0535,0.309,92.47,-0.14,-0.34,-0.0,0.0242,0.0459,-0.0064,2.33,1.436,,0.832,,0.02,-1.22,1.12,-1.22
16.368,NAV_WAYPOINT,0.0352,0.0606,0.309,92.6,-0.38,0.17,-0.0,0.0179,0.0563,-0.0073,2.313,1.436,,0.832,,0.02,-1.22,1.12,-1.22
16.437,NAV_WAYPOINT,0.0385,0.0703,0.307,92.64,-0.51,2.17,-0.0,0.0194,0.0612,-0.0048,2.313,1.454,,,,0.02,-1.22,1.12,-1.22
16.464,NAV_WAYPOINT,0.0404,0.0771,0.308,92.61,-0.66,4.3,-0.0,0.0175,0.0395,-0.0113,2.321,1.454,,,,0.02,-1.22,1.12,-1.22
16.521,NAV_WAYPOINT,0.0422,0.0804,0.309,92.54,-0.78,5.55,-0.0,0.0155,-0.0002,-0.0097,2.321,1.464,,1.925,,0.02,-1.22,1.12,-1.22
16.537,NAV_WAYPOINT,0.0434,0.0851,0.308,92.42,-0.79,6.15,-0.0,0.0119,-0.0399,-0.0092,2.302,1.464,,1.925,,0.02,-1.22,1.12,-1.22
16.595,NAV_WAYPOINT,0.0456,0.0828,0.306,92.32,-0.73,6.29,-0.0,0.0115,-0.0922,-0.0144,2.302,1.469,,1.932,,0.02,-1.22,1.12,-1.22
16.635,NAV_WAYPOINT,0.0465,0.0798,0.302,92.18,-0.6,5.94,-0.0,0.0087,-0.139,-0.0187,2.329,1.469,,1.932,,0.02,-1.22,1.12,-1.22
16.704,NAV_WAYPOINT,0.0487,0.0758,0.303,92.03,-0.5,5.24,-0.0,0.0099,-0.1786,-0.0229,2.329,1.466,,,,0.02,-1.22,1.12,-1.22
16.741,NAV_WAYPOINT,0.0487,0.0675,0.304,91.85,-0.41,4.5,-0.0,0.0064,-0.2177,-0.0155,2.321,1.466,,,,0.02,-1.22,1.12,-1.22
16.791,NAV_WAYPOINT,0.0517,0.0587,0.3,91.59,-0.27,3.57,-0.0,0.0106,-0.2456,-0.0118,2.321,1.456,,,,0.02,-1.22,1.12,-1.22
16.852,NAV_WAYPOINT,0.0534,0.0464,0.302,91.38,-0.23,2.9,-0.0,0.0122,-0.2717,-0.0168,2.335,1.456,,,,0.02,-1.22,1.12,-1.22
16.884,NAV_WAYPOINT,0.0544,0.0334,0.301,91.16,-0.09,2.17,-0.0,0.0124,-0.2905,-0.0067,2.335,1.433,,,,0.02,-1.22,1.12,-1.22
16.934,NAV_WAYPOINT,0.0547,0.0228,0.302,90.96,-0.1,1.65,-0.0,0.011,-0.2969,-0.0064,2.361,1.433,,,,0.02,-1.22,1.12,-1.22
17.005,NAV_WAYPOINT,0.0564,0.011,0.302,90.77,-0.01,1.14,-0.0,0.0136,-0.3005,-0.0028,2.361,1.411,,0.63,,0.02,-1.22,1.12,-1.22
17.036,NAV_WAYPOINT,0.058,-0.0014,0.303,90.59,-0.09,0.71,-0.0,0.0152,-0.3018,0.0005,2.396,1.411,,0.63,,0.02,-1.22,1.12,-1.22
17.103,NAV_WAYPOINT,0.0597,-0.0154,0.299,90.38,-0.11,0.33,-0.0,0.0169,-0.3026,0.0013,2.396,1.386,,0.606,,0.02,-1.22,1.12,-1.22
17.151,NAV_WAYPOINT,0.0578,-0.0275,0.301,90.18,-0.2,0.11,-0.0,0.0083,-0.2969,-0.0057,2.404,1.386,,0.606,,0.02,-1.22,1.12,-1.22
17.18,NAV_WAYPOINT,0.0568,-0.0386,0.302,89.96,-0.28,0.04,-0.0,0.0028,-0.288,0.0022,2.404,1.36,,0.598,,0.02,-1.22,1.12,-1.22
17.233,NAV_WAYPOINT,0.0574,-0.0484,0.302,89.68,-0.28,0.06,-0.0,0.0014,-0.2767,0.0049,2.428,1.36,,0.598,,0.02,-1.22,1.12,-1.22
17.303,NAV_WAYPOINT,0.057,-0.0604,0.302,89.33,-0.34,0.09,-0.0,-0.0024,-0.2724,0.0055,2.428,1.338,,0.592,,0.02,-1.22,1.12,-1.22
17.333,NAV_WAYPOINT,0.0569,-0.0722,0.302,88.96,-0.37,0.32,-0.0,-0.0054,-0.2691,0.0066,2.451,1.338,,0.592,,0.02,-1.22,1.12,-1.22
17.398,NAV_WAYPOINT,0.055,-0.0849,0.301,88.56,-0.37,0.25,-0.0,-0.0128,-0.2695,0.0104,2.451,1.32,,0.592,,0.02,-1.22,1.12,-1.22
17.453,NAV_WAYPOINT,0.0537,-0.0968,0.302,88.18,-0.42,0.5,-0.0,-0.018,-0.2685,0.0083,2.47,1.32,,0.592,,0.02,-1.22,1.12,-1.22
17.481,NAV_WAYPOINT,0.0521,-0.1078,0.307,87.81,-0.43,0.75,-0.0,-0.0236,-0.2675,0.0133,2.47,1.297,,0.6,,0.02,-1.22,1.12,-1.22
17.53,NAV_WAYPOINT,0.0517,-0.1182,0.307,87.48,-0.41,0.72,-0.0,-0.0255,-0.2658,0.0265,2.485,1.297,,0.6,,0.02,-1.22,1.12,-1.22
17.603,NAV_WAYPOINT,0.0489,-0.1285,0.319,87.18,-0.38,0.9,-0.0,-0.0325,-0.2645,0.0207,2.485,1.278,,0.606,,0.02,-1.22,1.12,-1.22
17.635,NAV_WAYPOINT,0.0484,-0.1405,0.325,87.01,-0.35,0.85,-0.0,-0.0332,-0.2681,0.0439,2.514,1.278,,0.606,,0.02,-1.22,1.12,-1.22
17.694,NAV_WAYPOINT,0.0442,-0.1532,0.337,86.88,-0.33,0.82,-0.0,-0.0426,-0.2726,0.0427,2.514,1.253,,0.611,,0.02,-1.22,1.12,-1.22
17.754,NAV_WAYPOINT,0.0423,-0.1654,0.35,86.86,-0.3,0.73,-0.0,-0.0449,-0.2744,0.051,2.547,1.253,,0.611,,0.02,-1.22,1.12,-1.22
17.782,NAV_WAYPOINT,0.0383,-0.1803,0.365,86.9,-0.2,0.63,-0.0,-0.0516,-0.2826,0.0587,2.547,1.232,,0.618,,0.02,-1.22,1.12,-1.22
17.831,NAV_WAYPOINT,0.0348,-0.1958,0.386,86.98,-0.09,0.6,-0.0,-0.0552,-0.2907,0.0606,2.544,1.232,,0.618,,0.02,-1.22,1.12,-1.22
17.904,NAV_WAYPOINT,0.0298,-0.2101,0.392,87.14,0.11,0.5,-0.0,-0.0604,-0.2937,0.0704,2.544,1.205,,0.624,,0.02,-1.22,1.12,-1.22
17.938,NAV_WAYPOINT,0.0251,-0.2271,0.379,87.35,0.13,0.46,-0.0,-0.064,-0.3028,0.0373,2.59,1.205,,0.624,,0.02,-1.22,1.12,-1.22
17.983,NAV_WAYPOINT,0.0198,-0.2417,0.371,87.62,0.32,0.5,-0.0,-0.068,-0.3051,-0.0286,2.59,1.173,,0.631,,0.02,-1.22,1.12,-1.22
18.053,NAV_WAYPOINT,0.0158,-0.2568,0.354,87.98,0.44,0.67,-0.0,-0.0668,-0.3097,-0.0746,2.629,1.173,,0.631,,0.02,-1.22,1.12,-1.22
18.123,NAV_WAYPOINT,0.0114,-0.2726,0.338,88.34,0.59,0.66,-0.0,-0.0653,-0.3162,-0.1217,2.629,1.139,,0.644,,0.02,-1.22,1.12,-1.22
18.143,NAV_WAYPOINT,0.0058,-0.2894,0.318,88.76,0.7,0.56,-0.0,-0.0659,-0.3245,-0.1508,2.663,1.139,,0.644,,0.02,-1.22,1.12,-1.22
18.218,NAV_WAYPOINT,0.0001,-0.3069,0.306,89.12,0.87,0.47,-0.0,-0.0644,-0.3321,-0.169,2.663,1.114,,0.655,,0.02,-1.22,1.12,-1.22
18.239,NAV_WAYPOINT,-0.0069,-0.3246,0.296,89.51,0.95,0.39,-0.0,-0.0654,-0.3391,-0.1554,2.702,1.114,,0.655,,0.02,-1.22,1.12,-1.22
18.282,NAV_WAYPOINT,-0.0127,-0.3427,0.284,89.86,1.15,0.35,-0.0,-0.0638,-0.3436,-0.1484,2.702,1.083,,0.668,,0.02,-1.22,1.12,-1.22
18.347,NAV_WAYPOINT,-0.0176,-0.3584,0.276,90.24,1.22,0.16,-0.0,-0.0575,-0.3434,-0.1278,2.745,1.083,,0.668,,0.02,-1.22,1.12,-1.22
18.397,NAV_WAYPOINT,-0.0209,-0.3753,0.27,90.61,1.35,0.05,-0.0,-0.0473,-0.3428,-0.1141,2.745,1.046,,0.675,,0.02,-1.22,1.12,-1.22
18.472,NAV_WAYPOINT,-0.0244,-0.3936,0.264,91.05,1.23,0.07,-0.0,-0.0381,-0.3447,-0.083,2.767,1.046,,0.675,,0.02,-1.22,1.12,-1.22
18.508,NAV_WAYPOINT,-0.0263,-0.4092,0.259,91.5,1.27,-0.1,-0.0,-0.0273,-0.3404,-0.0719,2.767,1.011,,0.677,,0.02,-1.22,1.12,-1.22
18.54,NAV_WAYPOINT,-0.0298,-0.4296,0.262,92.06,1.05,-0.03,-0.0,-0.0226,-0.3476,-0.0478,2.814,1.011,,0.677,,0.02,-1.22,1.12,-1.22
18.602,NAV_WAYPOINT,-0.0302,-0.4463,0.266,92.63,0.93,-0.27,-0.0,-0.0122,-0.3443,-0.0162,2.814,0.976,,0.676,,0.02,-1.22,1.12,-1.22
18.644,NAV_WAYPOINT,-0.031,-0.4632,0.26,93.17,0.8,-0.39,-0.0,-0.0054,-0.3394,0.0127,2.855,0.976,,0.676,,0.02,-1.22,1.12,-1.22
18.686,NAV_WAYPOINT,-0.0324,-0.4801,0.26,93.67,0.77,-0.38,-0.0,-0.0024,-0.3357,0.0036,2.855,0.942,,0.677,,0.02,-1.22,1.12,-1.22
18.729,NAV_WAYPOINT,-0.0339,-0.4966,0.266,94.09,0.92,-0.44,-0.0,0.0008,-0.331,0.0146,,0.942,,0.677,,0.02,-1.22,1.12,-1.22
18.809,NAV_WAYPOINT,-0.0347,-0.5144,0.269,94.47,0.94,-0.29,-0.0,0.0061,-0.3307,0.0361,,0.906,,0.676,,0.02,-1.22,1.12,-1.22
18.878,NAV_WAYPOINT,-0.0353,-0.5293,0.27,94.8,1.0,-0.24,-0.0,0.0111,-0.3237,0.0364,2.911,0.906,,0.676,,0.02,-1.22,1.12,-1.22
18.887,NAV_WAYPOINT,-0.0346,-0.5454,0.269,94.99,1.08,-0.05,-0.0,0.0197,-0.3215,0.038,2.911,0.877,,0.675,,0.02,-1.22,1.12,-1.22
18.988,NAV_WAYPOINT,-0.0339,-0.5599,0.271,95.07,0.96,0.04,-0.0,0.0274,-0.3161,0.0314,,0.877,,0.675,,0.02,-1.22,1.12,-1.22
19.048,NAV_WAYPOINT,-0.0325,-0.576,0.274,94.95,0.9,-0.03,-0.0,0.0346,-0.3166,0.0371,,0.843,,0.679,,0.02,-1.22,1.12,-1.22
19.09,NAV_WAYPOINT,-0.0314,-0.5908,0.275,94.68,0.86,-0.03,-0.0,0.0405,-0.3127,0.0442,,0.843,,0.679,,0.02,-1.22,1.12,-1.22
19.13,NAV_WAYPOINT,-0.0283,-0.6075,0.276,94.35,0.61,-0.03,-0.0,0.0491,-0.3153,0.0415,,0.82,,0.671,,0.02,-1.22,1.12,-1.22
19.146,NAV_WAYPOINT,-0.0265,-0.622,0.278,94.02,0.28,-0.13,-0.0,0.0513,-0.3111,0.036,3.027,0.82,,0.671,,0.02,-1.22,1.12,-1.22
19.189,NAV_WAYPOINT,-0.024,-0.6376,0.284,93.75,-0.03,-0.1,-0.0,0.0523,-0.3104,0.034,3.027,0.787,,0.663,,0.02,-1.22,1.12,-1.22
19.232,NAV_WAYPOINT,-0.0212,-0.6523,0.287,93.45,-0.26,-0.2,-0.0,0.0514,-0.307,0.0432,2.984,0.787,,0.663,,0.02,-1.22,1.12,-1.22
19.309,NAV_WAYPOINT,-0.0184,-0.6672,0.288,93.33,-0.57,-0.2,-0.0,0.0489,-0.3041,0.0355,2.984,0.756,,0.651,,0.02,-1.22,1.12,-1.22
19.346,NAV_WAYPOINT,-0.0164,-0.6822,0.292,93.29,-0.58,-0.16,-0.0,0.043,-0.302,0.0292,,0.756,,0.651,,0.02,-1.22,1.12,-1.22
19.397,NAV_WAYPOINT,-0.0151,-0.6977,0.29,93.4,-0.76,-0.06,-0.0,0.0353,-0.3023,0.0355,,0.725,,0.652,,0.02,-1.22,1.12,-1.22
19.431,NAV_WAYPOINT,-0.0134,-0.7132,0.297,93.7,-0.7,-0.15,-0.0,0.0294,-0.3031,0.0213,,0.725,,0.652,,0.02,-1.22,1.12,-1.22
19.504,NAV_WAYPOINT,-0.0126,-0.7289,0.296,94.09,-0.42,-0.19,-0.0,0.0224,-0.3038,0.0421,,0.699,,0.657,,0.02,-1.22,1.12,-1.22
19.574,NAV_WAYPOINT,-0.0121,-0.7445,0.295,94.6,0.12,-0.12,-0.0,0.019,-0.3036,0.0355,,0.699,,0.657,,0.02,-1.22,1.12,-1.22
19.586,NAV_WAYPOINT,-0.0114,-0.7583,0.296,94.94,0.5,-0.01,-0.0,0.0204,-0.2984,0.0274,,0.669,,0.669,,0.02,-1.22,1.12,-1.22
19.662,NAV_WAYPOINT,-0.0104,-0.7754,0.299,95.18,0.64,0.02,-0.0,0.0254,-0.3044,0.027,,0.669,,0.669,,0.02,-1.22,1.12,-1.22
19.699,NAV_WAYPOINT,-0.0089,-0.7904,0.299,95.29,0.43,0.23,-0.0,0.0305,-0.3042,0.0278,,0.642,,0.683,,0.02,-1.22,1.12,-1.22
19.746,NAV_WAYPOINT,-0.0063,-0.8057,0.299,95.34,0.34,0.22,-0.0,0.0367,-0.306,0.0239,,0.642,,0.683,,0.02,-1.22,1.12,-1.22
19.837,NAV_WAYPOINT,-0.0026,-0.8221,0.301,95.26,0.54,0.33,-0.0,0.045,-0.3109,0.0232,,0.615,,0.722,,0.02,-1.22,1.12,-1.22
19.849,NAV_WAYPOINT,0.0,-0.8377,0.304,95.09,0.54,0.36,-0.0,0.0509,-0.3134,0.029,,0.615,,0.722,,0.02,-1.22,1.12,-1.22
19.909,NAV_WAYPOINT,0.0033,-0.8551,0.305,94.87,0.51,0.05,-0.0,0.0575,-0.3196,0.0301,,0.582,,0.85,,0.02,-1.22,1.12,-1.22
19.954,NAV_WAYPOINT,0.007,-0.8737,0.306,94.71,0.19,-0.12,-0.0,0.0623,-0.3262,0.0245,,0.582,,0.85,,0.02,-1.22,1.12,-1.22
19.99,NAV_WAYPOINT,0.0108,-0.8903,0.308,94.54,0.31,-0.16,-0.0,0.0659,-0.3256,0.0316,,0.551,,,,0.02,-1.22,1.12,-1.22
20.032,NAV_WAYPOINT,0.0153,-0.9058,0.314,94.25,0.14,-0.31,-0.0,0.0711,-0.3217,0.0231,,0.551,,,,0.02,-1.22,1.12,-1.22
20.078,NAV_WAYPOINT,0.0199,-0.9234,0.315,93.95,-0.18,-0.45,-0.0,0.0736,-0.3228,0.0247,,0.517,,,,0.02,-1.22,1.12,-1.22
20.146,NAV_WAYPOINT,0.0251,-0.9395,0.314,93.85,-0.58,-0.15,-0.0,0.0743,-0.3203,0.0206,,0.517,,,,0.02,-1.22,1.12,-1.22
20.199,NAV_WAYPOINT,0.0305,-0.9575,0.315,93.94,-0.69,-0.08,-0.0,0.0742,-0.3249,0.0092,,0.489,,2.54,,0.02,-1.22,1.12,-1.22
20.252,NAV_WAYPOINT,0.0346,-0.973,0.316,94.19,-0.84,-0.07,-0.0,0.0689,-0.3231,0.0044,,0.489,,2.54,,0.02,-1.22,1.12,-1.22
20.294,NAV_WAYPOINT,0.0385,-0.9894,0.312,94.53,-0.81,0.0,-0.0,0.0634,-0.3236,0.009,,0.461,,2.56,,0.02,-1.22,1.12,-1.22
20.332,NAV_WAYPOINT,0.0418,-1.0043,0.314,94.86,-0.9,-0.18,-0.0,0.0569,-0.3205,-0.0064,,0.461,,2.56,,0.02,-1.22,1.12,-1.22
20.381,NAV_WAYPOINT,0.0456,-1.0218,0.316,95.09,-0.93,-0.19,-0.0,0.0519,-0.3229,-0.0004,,0.43,,2.539,,0.02,-1.22,1.12,-1.22
20.45,NAV_WAYPOINT,0.0487,-1.0357,0.315,95.32,-0.81,-0.19,-0.0,0.0457,-0.3168,0.0045,,0.43,,2.539,,0.02,-1.22,1.12,-1.22
20.48,NAV_WAYPOINT,0.0518,-1.0555,0.316,95.46,-0.79,-0.19,-0.0,0.0418,-0.3255,-0.0057,,0.401,,2.52,,0.02,-1.22,1.12,-1.22
20.557,NAV_WAYPOINT,0.0548,-1.0717,0.316,95.48,-1.21,-0.33,-0.0,0.0364,-0.3244,0.0001,,0.401,,2.52,,0.02,-1.22,1.12,-1.22
20.595,NAV_WAYPOINT,0.0577,-1.0868,0.319,95.49,-1.66,-0.56,-0.0,0.0272,-0.3191,0.0003,,0.363,,2.495,,0.02,-1.22,1.12,-1.22
20.633,NAV_WAYPOINT,0.0593,-1.1023,0.315,95.4,-1.74,-0.52,-0.0,0.0138,-0.3145,0.0004,,0.363,,2.495,,0.02,-1.22,1.12,-1.22
20.68,NAV_WAYPOINT,0.0614,-1.1165,0.314,95.21,-1.71,-0.38,-0.0,0.0027,-0.3088,-0.0109,,0.333,,2.297,,0.02,-1.22,1.12,-1.22
20.75,NAV_WAYPOINT,0.0618,-1.1317,0.313,94.78,-1.75,-0.51,-0.0,-0.0107,-0.3058,-0.0124,,0.333,,2.297,,0.02,-1.22,1.12,-1.22
20.781,NAV_WAYPOINT,0.0618,-1.147,0.31,94.32,-1.85,-0.47,-0.0,-0.024,-0.3028,-0.0193,,0.306,,,,0.02,-1.22,1.12,-1.22
20.846,NAV_WAYPOINT,0.0607,-1.161,0.31,93.75,-1.91,-0.51,-0.0,-0.0393,-0.2973,-0.03,,0.306,,,,0.02,-1.22,1.12,-1.22
20.893,NAV_WAYPOINT,0.0586,-1.1743,0.312,93.17,-1.99,-0.47,-0.0,-0.0556,-0.2906,-0.0298,,0.279,,,,0.02,-1.22,1.12,-1.22
20.935,NAV_WAYPOINT,0.0566,-1.1871,0.308,92.57,-2.01,-0.74,-0.0,-0.0704,-0.2828,-0.0223,,0.279,,,,0.02,-1.22,1.12,-1.22
20.99,NAV_WAYPOINT,0.0526,-1.2003,0.307,91.94,-1.94,-1.29,-0.0,-0.0875,-0.2731,-0.0354,,0.268,,1.7,,0.02,-1.22,1.12,-1.22
21.028,NAV_WAYPOINT,0.0481,-1.2151,0.3,91.37,-1.68,-2.09,-0.0,-0.1027,-0.2634,-0.0336,,0.268,,1.7,,0.02,-1.22,1.12,-1.22
21.084,NAV_WAYPOINT,0.0436,-1.2274,0.302,90.91,-1.34,-2.5,-0.0,-0.1143,-0.2438,-0.0469,,0.245,,1.658,,1.12,-1.22,1.12,-1.22
21.162,NAV_WAYPOINT,0.0385,-1.2375,0.304,90.59,-0.94,-3.22,-0.0,-0.1232,-0.2162,-0.036,,0.245,,1.658,,1.12,-1.22,1.12,-1.22
21.195,NAV_WAYPOINT,0.035,-1.2464,0.298,90.32,-0.24,-3.58,-0.0,-0.1239,-0.1844,-0.031,,0.205,,1.65,,1.12,-1.22,1.12,-1.22
21.241,NAV_WAYPOINT,0.0285,-1.2529,0.298,90.11,2.74,-3.86,-0.0,-0.1173,-0.1491,-0.0427,,0.205,,1.65,,1.12,-1.22,1.12,-1.22
21.299,NAV_WAYPOINT,0.0209,-1.2578,0.293,89.97,4.64,-3.88,-0.0,-0.0919,-0.1115,-0.0403,,0.178,,1.643,,1.12,-1.22,1.12,-1.22
21.341,NAV_WAYPOINT,0.0163,-1.2626,0.292,89.85,6.02,-3.36,-0.0,-0.0493,-0.0798,-0.0459,,0.178,,1.643,,1.12,-1.22,1.12,-1.22
21.384,NAV_WAYPOINT,0.0165,-1.2634,0.292,89.8,6.66,-2.94,-0.0,0.0093,-0.0467,-0.0384,,0.171,,1.629,,1.12,-1.22,1.12,-1.22
21.459,NAV_WAYPOINT,0.02,-1.264,0.287,89.74,6.75,-2.46,-0.0,0.0723,-0.0203,-0.0237,,0.171,,1.629,,1.12,-1.22,1.12,-1.22
21.504,NAV_WAYPOINT,0.0258,-1.2646,0.289,89.63,6.29,-1.76,-0.0,0.1304,-0.002,-0.0331,,0.167,,1.619,,1.12,-1.22,1.12,-1.22
21.583,NAV_WAYPOINT,0.0354,-1.2627,0.288,89.51,5.51,-1.08,-0.0,0.1872,0.0142,-0.0183,,0.167,,1.619,,1.12,-1.22,1.12,-1.22
21.594,NAV_WAYPOINT,0.0466,-1.263,0.289,89.54,4.64,-0.47,-0.0,0.2325,0.0181,-0.0136,,0.182,,1.617,,1.12,-1.22,1.12,-1.22
21.723,NAV_WAYPOINT,0.0623,-1.2592,0.285,89.64,3.8,0.04,-0.0,0.2778,0.0265,-0.0047,,0.182,,1.617,,1.12,-1.22,1.12,-1.22
21.774,NAV_WAYPOINT,0.0753,-1.2604,0.286,89.83,2.78,0.36,-0.0,0.3023,0.0187,-0.0078,,0.229,,1.615,,1.12,-1.22,1.12,-1.22
21.796,NAV_WAYPOINT,0.0882,-1.2579,0.289,89.93,1.78,0.67,-0.0,0.3175,0.0185,-0.002,,0.229,,1.615,,1.12,-1.22,1.12,-1.22
21.808,NAV_WAYPOINT,0.1025,-1.2569,0.287,90.03,1.01,0.47,-0.0,0.3256,0.0133,0.0136,,0.169,,1.572,,1.12,-1.22,1.12,-1.22
21.867,NAV_WAYPOINT,0.1157,-1.2579,0.288,90.08,0.16,0.3,-0.0,0.3226,0.0064,0.0111,,0.169,,1.572,,1.12,-1.22,1.12,-1.22
21.897,NAV_WAYPOINT,0.1319,-1.258,0.291,89.98,-0.32,0.03,-0.0,0.3219,0.0039,0.0183,,0.176,,1.549,,1.12,-1.22,1.12,-1.22
21.943,NAV_WAYPOINT,0.1435,-1.258,0.289,89.77,-0.58,-0.1,-0.0,0.3073,0.0037,0.027,,0.176,,1.549,,1.12,-1.22,1.12,-1.22
22.02,NAV_WAYPOINT,0.1557,-1.2577,0.295,89.54,-0.57,-0.04,-0.0,0.2947,0.0049,0.0187,,0.181,,1.523,,1.12,-1.22,1.12,-1.22
22.05,NAV_WAYPOINT,0.1657,-1.2571,0.293,89.37,-0.49,-0.15,-0.0,0.2786,0.0066,0.0299,,0.181,,1.523,,1.12,-1.22,1.12,-1.22
22.108,NAV_WAYPOINT,0.1781,-1.2568,0.296,89.29,-0.48,-0.05,-0.0,0.2707,0.0073,0.0192,,0.181,,1.506,,1.12,-1.22,1.12,-1.22
22.132,NAV_WAYPOINT,0.1894,-1.2564,0.296,89.41,-0.24,0.0,-0.0,0.2616,0.0078,0.021,,0.181,,1.506,,1.12,-1.22,1.12,-1.22
22.195,NAV_WAYPOINT,0.1993,-1.2557,0.293,89.58,-0.06,-0.04,-0.0,0.252,0.0088,0.0159,,0.182,,1.49,,1.12,-1.22,1.12,-1.22
22.237,NAV_WAYPOINT,0.2071,-1.2545,0.292,89.77,0.18,0.04,-0.0,0.2399,0.0105,0.001,,0.182,,1.49,,1.12,-1.22,1.12,-1.22
22.316,NAV_WAYPOINT,0.2174,-1.2545,0.294,89.99,0.59,0.01,-0.0,0.2381,0.009,0.0034,,0.189,,1.477,,1.12,-1.22,1.12,-1.22
22.346,NAV_WAYPOINT,0.2246,-1.2538,0.296,90.18,0.93,-0.01,-0.0,0.2318,0.0096,0.0101,,0.189,,1.477,,1.12,-1.22,1.12,-1.22
22.391,NAV_WAYPOINT,0.2326,-1.2528,0.294,90.26,1.27,0.03,-0.0,0.2308,0.0106,0.01,,0.19,,1.458,,1.12,-1.22,1.12,-1.22
22.432,NAV_WAYPOINT,0.241,-1.2506,0.295,90.32,1.14,0.06,-0.0,0.2322,0.0144,0.0069,,0.19,,1.458,,1.12,-1.22,1.12,-1.22
22.492,NAV_WAYPOINT,0.2515,-1.2491,0.296,90.44,1.12,-0.01,-0.0,0.2384,0.0159,0.0085,,0.207,,1.444,,1.12,-1.22,1.12,-1.22
22.535,NAV_WAYPOINT,0.2596,-1.2485,0.298,90.62,1.13,0.01,-0.0,0.237,0.0153,0.0129,,0.207,,1.444,,1.12,-1.22,1.12,-1.22
22.616,NAV_WAYPOINT,0.2693,-1.2472,0.3,90.86,1.26,0.04,-0.0,0.2411,0.0165,0.0131,,0.226,,1.434,,1.12,-1.22,1.12,-1.22
22.646,NAV_WAYPOINT,0.2783,-1.2459,0.298,91.03,1.29,-0.07,-0.0,0.2431,0.018,0.0175,,0.226,,1.434,,1.12,-1.22,1.12,-1.22
22.7,NAV_WAYPOINT,0.2881,-1.2457,0.301,91.27,1.29,0.08,-0.0,0.2469,0.0162,0.0098,,0.204,,1.427,,1.12,-1.22,1.12,-1.22
22.732,NAV_WAYPOINT,0.2992,-1.2453,0.302,91.5,1.31,0.02,-0.0,0.254,0.0151,0.0155,,0.204,,1.427,,1.12,-1.22,1.12,-1.22
22.795,NAV_WAYPOINT,0.3095,-1.2443,0.305,91.72,1.37,0.13,-0.0,0.2582,0.0154,0.0117,,0.195,,1.412,,1.12,-1.22,1.12,-1.22
22.837,NAV_WAYPOINT,0.3195,-1.2436,0.299,91.95,1.31,0.08,-0.0,0.261,0.0147,0.0176,,0.195,,1.412,,1.12,-1.22,1.12,-1.22
22.92,NAV_WAYPOINT,0.3327,-1.2434,0.301,92.24,1.49,0.13,-0.0,0.2724,0.0131,-0.0018,,0.203,,1.388,,1.12,-1.22,1.12,-1.22
22.95,NAV_WAYPOINT,0.343,-1.2419,0.302,92.48,1.34,0.4,-0.0,0.2752,0.0137,0.0016,,0.203,,1.388,,1.12,-1.22,1.12,-1.22
23.03,NAV_WAYPOINT,0.3544,-1.2415,0.3,92.64,1.3,0.67,-0.0,0.2803,0.009,0.0047,,0.205,,1.378,,1.12,-1.22,1.12,-1.22
23.069,NAV_WAYPOINT,0.3673,-1.2405,0.301,92.77,0.99,0.43,-0.0,0.2868,0.0061,-0.0014,,0.205,,1.378,,1.12,-1.22,1.12,-1.22
23.103,NAV_WAYPOINT,0.3797,-1.2396,0.303,92.89,0.92,0.3,-0.0,0.2897,0.0049,-0.0022,,0.211,,1.362,,1.12,-1.22,1.12,-1.22
23.144,NAV_WAYPOINT,0.3918,-1.24,0.301,93.07,0.61,0.14,-0.0,0.2899,0.0017,0.0003,,0.211,,1.362,,1.12,-1.22,1.12,-1.22
23.179,NAV_WAYPOINT,0.4031,-1.2388,0.303,93.28,0.55,0.15,-0.0,0.2863,0.0035,-0.0029,,0.209,,1.346,,1.12,-1.22,1.12,-1.22
23.232,NAV_WAYPOINT,0.4157,-1.2372,0.301,93.46,0.38,0.08,-0.0,0.2855,0.006,0.0012,,0.209,,1.346,,1.12,-1.22,1.12,-1.22
23.304,NAV_WAYPOINT,0.4266,-1.236,0.303,93.74,0.12,-0.14,-0.0,0.2788,0.0084,0.0002,,0.217,,1.329,,1.12,-1.22,1.12,-1.22
23.358,NAV_WAYPOINT,0.4388,-1.2358,0.302,94.12,0.0,-0.24,-0.0,0.2745,0.009,0.0082,,0.217,,1.329,,1.12,-1.22,1.12,-1.22
23.42,NAV_WAYPOINT,0.4501,-1.2344,0.302,94.52,0.21,-0.14,-0.0,0.2688,0.0132,0.0059,,0.236,,1.317,,1.12,-1.22,1.12,-1.22
23.45,NAV_WAYPOINT,0.4615,-1.2318,0.303,94.85,0.11,-0.19,-0.0,0.2653,0.0188,0.0089,,0.236,,1.317,,1.12,-1.22,1.12,-1.22
23.489,NAV_WAYPOINT,0.4727,-1.2308,0.305,95.07,0.05,-0.2,-0.0,0.2623,0.0225,0.0151,,,,,,1.12,-1.22,1.12,-1.22
23.53,NAV_WAYPOINT,0.4834,-1.2286,0.303,95.14,0.14,-0.02,-0.0,0.2551,0.0249,0.0163,,,,,,1.12,-1.22,1.12,-1.22
23.578,NAV_WAYPOINT,0.4963,-1.2248,0.308,95.07,0.46,0.31,-0.0,0.2571,0.0301,0.0055,,2.444,,1.286,,1.12,-1.22,1.12,-1.22
23.642,NAV_WAYPOINT,0.5076,-1.2225,0.309,94.85,0.67,0.51,-0.0,0.2582,0.0294,0.0147,,2.444,,1.286,,1.12,-1.22,1.12,-1.22
23.72,NAV_WAYPOINT,0.5184,-1.22,0.309,94.52,0.62,0.44,-0.0,0.2584,0.0281,0.0129,,2.435,,1.247,,1.12,-1.22,1.12,-1.22
23.748,NAV_WAYPOINT,0.5299,-1.2184,0.312,94.04,0.83,0.36,-0.0,0.2607,0.026,0.0113,,2.435,,1.247,,1.12,-1.22,1.12,-1.22
23.792,NAV_WAYPOINT,0.542,-1.2148,0.312,93.47,0.99,0.42,-0.0,0.2651,0.0281,0.0161,,2.444,,1.216,,1.12,-1.22,1.12,-1.22
23.832,NAV_WAYPOINT,0.5543,-1.2127,0.31,92.89,1.09,0.23,-0.0,0.2707,0.028,0.0108,,2.444,,1.216,,1.12,-1.22,1.12,-1.22
23.88,NAV_WAYPOINT,0.5692,-1.2087,0.302,92.32,1.15,0.13,-0.0,0.2793,0.0318,-0.0014,,2.468,,1.183,,1.12,-1.22,1.12,-1.22
23.952,NAV_WAYPOINT,0.5809,-1.2062,0.304,91.76,1.31,0.28,-0.0,0.2867,0.0339,-0.023,,2.468,,1.183,,1.12,-1.22,1.12,-1.22
23.982,NAV_WAYPOINT,0.5931,-1.2025,0.302,91.16,1.45,0.44,-0.0,0.2929,0.0359,-0.0133,,2.508,,1.159,,1.12,-1.22,1.12,-1.22
24.054,NAV_WAYPOINT,0.6071,-1.1985,0.303,90.52,1.5,0.62,-0.0,0.3034,0.0371,-0.0089,,2.508,,1.159,,1.12,-1.22,1.12,-1.22
24.088,NAV_WAYPOINT,0.6221,-1.1948,0.302,89.88,1.46,1.02,-0.0,0.3176,0.0375,-0.0051,,2.496,,1.118,,1.12,-1.22,1.12,-1.22
24.148,NAV_WAYPOINT,0.6375,-1.1901,0.305,89.23,1.3,1.12,-0.0,0.3252,0.0338,-0.0072,,2.496,,1.118,,1.12,-1.22,1.12,-1.22
24.187,NAV_WAYPOINT,0.6551,-1.1865,0.307,88.63,1.16,1.27,-0.0,0.3382,0.028,0.0038,,2.527,,1.082,,1.12,-1.22,1.12,-1.22
24.245,NAV_WAYPOINT,0.6717,-1.1832,0.304,88.21,1.01,1.38,-0.0,0.346,0.0218,0.0075,0.455,2.527,,1.082,,1.12,-1.22,1.12,-1.22
24.283,NAV_WAYPOINT,0.689,-1.1808,0.307,87.94,0.79,1.28,-0.0,0.3531,0.0139,-0.0006,0.455,2.547,,1.045,,1.12,-1.22,1.12,-1.22
24.364,NAV_WAYPOINT,0.7054,-1.1776,0.309,87.8,0.58,1.13,-0.0,0.3551,0.0095,0.0106,0.418,2.547,,1.045,,1.12,-1.22,1.12,-1.22
24.384,NAV_WAYPOINT,0.7229,-1.176,0.307,87.6,0.35,0.9,-0.0,0.3579,0.0043,0.0089,0.418,2.532,,1.008,,1.12,-1.22,1.12,-1.22
24.477,NAV_WAYPOINT,0.7424,-1.1737,0.307,87.34,0.1,0.71,-0.0,0.3639,0.0028,-0.0005,0.411,2.532,,1.008,,1.12,-1.22,1.12,-1.22
24.497,NAV_WAYPOINT,0.7596,-1.1714,0.307,87.05,-0.17,0.61,-0.0,0.3611,0.0027,0.0007,0.411,2.575,,0.972,,1.12,-1.22,1.12,-1.22
24.538,NAV_WAYPOINT,0.7772,-1.1703,0.307,86.75,-0.36,0.55,-0.0,0.3579,0.0002,-0.0031,0.411,2.575,,0.972,,1.12,-1.22,1.12,-1.22
24.601,NAV_WAYPOINT,0.794,-1.1673,0.307,86.51,-0.71,0.54,-0.0,0.3509,0.0031,-0.0086,0.411,2.552,,0.938,,1.12,-1.22,1.12,-1.22
24.627,NAV_WAYPOINT,0.8112,-1.1652,0.308,86.28,-0.78,0.42,-0.0,0.3434,0.0039,-0.0081,0.421,2.552,,0.938,,1.12,-1.22,1.12,-1.22
24.693,NAV_WAYPOINT,0.8268,-1.1626,0.307,86.02,-0.79,0.63,-0.0,0.3328,0.006,-0.0063,0.421,2.543,,0.906,,1.12,-1.22,1.12,-1.22
24.748,NAV_WAYPOINT,0.8453,-1.159,0.309,85.74,-0.72,0.8,-0.0,0.3304,0.0086,-0.0094,0.421,2.543,,0.906,,1.12,-1.22,1.12,-1.22
24.799,NAV_WAYPOINT,0.8601,-1.1553,0.304,85.5,-0.59,0.99,-0.0,0.32,0.0094,-0.007,0.421,2.544,,0.873,,1.12,-1.22,1.12,-1.22
24.849,NAV_WAYPOINT,0.8752,-1.1531,0.304,85.36,-0.56,1.06,-0.0,0.3125,0.0057,-0.0216,0.419,2.544,,0.873,,1.12,-1.22,1.12,-1.22
24.917,NAV_WAYPOINT,0.8901,-1.1511,0.306,85.38,-0.56,1.3,-0.0,0.3051,0.0,-0.021,0.419,2.529,,0.848,,1.12,-1.22,1.12,-1.22
24.938,NAV_WAYPOINT,0.9046,-1.1504,0.301,85.45,-0.52,1.4,-0.0,0.2978,-0.0085,-0.0126,0.396,2.529,,0.848,,1.12,-1.22,1.12,-1.22
24.994,NAV_WAYPOINT,0.9183,-1.1482,0.304,85.54,-0.37,1.43,-0.0,0.2896,-0.0134,-0.0245,0.396,2.521,,0.817,,1.12,-1.22,1.12,-1.22
25.069,NAV_WAYPOINT,0.9343,-1.1475,0.301,85.69,-0.11,1.62,-0.0,0.2903,-0.0225,-0.0105,0.391,2.521,,0.817,,1.12,-1.22,1.12,-1.22
25.098,NAV_WAYPOINT,0.9486,-1.1479,0.301,85.74,-0.01,1.6,-0.0,0.2884,-0.0341,-0.0163,0.391,2.513,,0.787,,1.12,-1.22,1.12,-1.22
25.16,NAV_WAYPOINT,0.9615,-1.149,0.296,85.79,0.03,1.69,-0.0,0.2834,-0.0458,-0.0146,0.39,2.513,,0.787,,1.12,-1.22,1.12,-1.22
25.181,NAV_WAYPOINT,0.9763,-1.1493,0.299,85.83,0.03,1.78,-0.0,0.2842,-0.0551,-0.0214,0.39,2.457,,0.757,,1.12,-1.22,1.12,-1.22
25.254,NAV_WAYPOINT,0.9893,-1.1522,0.3,85.81,0.03,1.77,-0.0,0.28,-0.0702,-0.0067,0.405,2.457,,0.757,,1.12,-1.22,1.12,-1.22
25.3,NAV_WAYPOINT,1.0038,-1.1539,0.298,85.68,0.07,1.85,-0.0,0.2801,-0.0808,-0.0033,0.405,2.433,,0.726,,1.12,-1.22,1.12,-1.22
25.341,NAV_WAYPOINT,1.0196,-1.1577,0.3,85.52,-0.02,1.87,-0.0,0.2836,-0.0948,-0.0081,0.419,2.433,,0.726,,1.12,-1.22,1.12,-1.22
25.382,NAV_WAYPOINT,1.034,-1.1604,0.299,85.38,0.02,1.79,-0.0,0.2828,-0.1052,0.0005,0.419,2.424,,0.707,,1.12,-1.22,1.12,-1.22
25.451,NAV_WAYPOINT,1.0476,-1.1627,0.298,85.22,-0.01,1.75,-0.0,0.28,-0.1124,0.0012,0.434,2.424,,0.707,,1.12,-1.22,1.12,-1.22
25.499,NAV_WAYPOINT,1.0608,-1.1663,0.3,85.06,-0.07,1.65,-0.0,0.2761,-0.1214,-0.0024,0.434,2.389,,0.678,,1.12,-1.22,1.12,-1.22
25.531,NAV_WAYPOINT,1.0741,-1.1698,0.299,84.93,-0.25,1.69,-0.0,0.2722,-0.1285,0.0054,0.436,2.389,,0.678,,1.12,-1.22,1.12,-1.22
25.597,NAV_WAYPOINT,1.09,-1.176,0.299,84.79,-0.37,1.6,-0.0,0.2744,-0.141,-0.0004,0.436,2.344,,0.649,,1.12,-1.22,1.12,-1.22
25.639,NAV_WAYPOINT,1.103,-1.181,0.299,84.74,-0.79,1.38,-0.0,0.2674,-0.1483,-0.0,0.424,2.344,,0.649,,1.12,-1.22,1.12,-1.22
25.719,NAV_WAYPOINT,1.1173,-1.1873,0.302,84.79,-1.49,1.09,-0.0,0.2607,-0.1551,-0.0045,0.424,2.364,,0.627,,1.12,-1.22,1.12,-1.22
25.749,NAV_WAYPOINT,1.1285,-1.1936,0.302,84.89,-2.39,0.86,-0.0,0.24,-0.1582,0.0031,0.43,2.364,,0.627,,1.12,-1.22,1.12,-1.22
25.827,ROTATION_SCAN,1.1408,-1.2002,0.3,84.97,-3.15,0.53,-0.0,0.2186,-0.1587,0.0001,0.43,2.336,,0.605,,,,1.12,-1.22
25.887,ROTATION_SCAN,1.1506,-1.2075,0.3,85.11,-3.83,0.29,-0.0,0.1871,-0.1581,-0.0088,0.444,2.336,,0.605,,,,1.12,-1.22
25.899,ROTATION_SCAN,1.1607,-1.2162,0.297,85.29,-4.21,0.01,-0.0,0.1567,-0.1588,-0.0066,0.444,2.315,,0.587,,,,1.12,-1.22
25.934,ROTATION_SCAN,1.1666,-1.223,0.297,85.36,-4.3,-0.64,15.0,0.1176,-0.1521,-0.0139,0.461,2.315,,0.587,,,,1.12,-1.22
25.979,ROTATION_SCAN,1.1707,-1.2286,0.299,85.49,-3.91,-1.38,15.0,0.0797,-0.1369,-0.0106,0.461,2.306,,0.575,,,,1.12,-1.22
26.03,ROTATION_SCAN,1.173,-1.2344,0.298,85.73,-3.61,-1.55,15.0,0.0457,-0.1203,-0.0003,0.465,2.306,,0.575,,,,1.12,-1.22
26.098,ROTATION_SCAN,1.1744,-1.2398,0.301,86.06,-3.25,-2.07,15.0,0.0164,-0.1025,-0.0024,0.465,2.305,,0.57,,,,1.12,-1.22
26.138,ROTATION_SCAN,1.1749,-1.2446,0.297,86.57,-2.8,-2.36,15.0,-0.0077,-0.0827,0.0087,0.476,2.305,,0.57,,,,1.12,-1.22
26.19,ROTATION_SCAN,1.174,-1.2481,0.3,87.24,-2.33,-2.38,15.0,-0.0287,-0.0609,-0.0048,0.476,2.288,,0.567,,,,1.12,-1.22
26.243,ROTATION_SCAN,1.1707,-1.2506,0.297,88.04,-1.71,-2.51,15.0,-0.0493,-0.0387,0.0035,0.482,2.288,,0.567,,,,1.12,-1.22
26.29,ROTATION_SCAN,1.1691,-1.2516,0.299,88.9,-1.04,-2.55,15.0,-0.0586,-0.0163,-0.0015,0.482,2.255,,0.571,,,,1.12,-1.22
26.366,ROTATION_SCAN,1.1655,-1.2508,0.302,89.78,-0.64,-2.2,15.0,-0.0669,0.0072,0.0068,0.485,2.255,,0.571,,,,1.12,-1.22
26.383,ROTATION_SCAN,1.165,-1.2491,0.296,90.66,-0.18,-1.85,15.0,-0.0645,0.0258,0.014,0.485,2.24,,0.571,,,,1.12,-1.22
26.451,ROTATION_SCAN,1.1631,-1.2454,0.298,91.44,0.12,-1.55,15.0,-0.0625,0.045,-0.004,0.488,2.24,,0.571,,,,1.12,-1.22
26.504,ROTATION_SCAN,1.1623,-1.2424,0.298,92.31,0.29,-1.12,15.0,-0.0563,0.0573,0.0064,0.488,2.248,,0.569,,,,1.12,-1.22
26.56,ROTATION_SCAN,1.1612,-1.2381,0.299,93.19,0.44,-0.73,15.0,-0.0502,0.0684,0.0057,0.497,2.248,,0.569,,,,1.12,-1.22
26.622,ROTATION_SCAN,1.1602,-1.233,0.299,94.13,0.47,-0.37,15.0,-0.0437,0.0771,0.0036,0.497,2.233,,0.571,,,,1.12,-1.22
26.688,ROTATION_SCAN,1.1606,-1.2288,0.302,95.08,0.57,0.01,15.0,-0.0339,0.079,0.0065,0.5,2.233,,0.571,,,,1.12,-1.22
26.739,ROTATION_SCAN,1.1603,-1.2246,0.299,96.0,0.67,0.31,15.0,-0.0259,0.0789,0.0104,0.5,2.254,,0.579,,,,1.12,-1.22
26.753,ROTATION_SCAN,1.1604,-1.2181,0.297,96.9,0.72,0.52,15.0,-0.0166,0.0823,0.0041,0.496,2.254,,0.579,,,,1.12,-1.22
26.78,ROTATION_SCAN,1.1625,-1.2141,0.305,97.72,0.67,0.69,15.0,-0.0036,0.0779,0.0018,0.496,2.301,,0.595,,,,1.12,-1.22
26.83,ROTATION_SCAN,1.163,-1.2115,0.303,98.46,0.45,0.71,15.0,0.0036,0.0691,0.0251,0.494,2.301,,0.595,,,,1.12,-1.22
26.878,ROTATION_SCAN,1.1647,-1.207,0.305,99.16,0.27,0.72,15.0,0.0111,0.0666,0.0123,0.494,2.367,,0.606,,,,1.12,-1.22
26.948,ROTATION_SCAN,1.1692,-1.202,0.305,100.03,-0.04,0.82,15.0,0.023,0.0651,0.0125,0.497,2.367,,0.606,,,,1.12,-1.22
26.977,ROTATION_SCAN,1.1722,-1.1993,0.307,100.89,-0.4,0.93,15.0,0.0267,0.0563,0.0123,0.497,2.451,,0.626,,,,1.12,-1.22
27.041,ROTATION_SCAN,1.1757,-1.1963,0.307,101.7,-0.63,0.87,15.0,0.0294,0.0491,0.0116,0.493,2.451,,0.626,,,,1.12,-1.22
27.091,ROTATION_SCAN,1.1774,-1.1937,0.308,102.49,-0.93,0.82,15.0,0.0257,0.0416,0.0091,0.493,2.545,,0.681,,,,1.12,-1.22
27.13,ROTATION_SCAN,1.1791,-1.1923,0.313,103.31,-1.17,0.72,15.0,0.0203,0.0316,0.0105,0.492,2.545,,0.681,,,,1.12,-1.22
27.184,ROTATION_SCAN,1.181,-1.1902,0.307,104.12,-1.19,0.54,15.0,0.0144,0.0258,0.0194,0.492,2.623,,,,,,1.12,-1.22
27.26,ROTATION_SCAN,1.1815,-1.188,0.311,105.02,-1.35,0.49,15.0,0.0056,0.0216,-0.0053,0.489,2.623,,,,,,1.12,-1.22
27.318,ROTATION_SCAN,1.1829,-1.1867,0.311,105.99,-1.44,0.45,15.0,-0.0017,0.0158,0.0049,0.489,2.663,,1.593,,,,1.12,-1.22
27.384,ROTATION_SCAN,1.182,-1.1841,0.313,106.85,-1.46,0.38,15.0,-0.0133,0.0131,0.0007,0.482,2.663,,1.593,,,,1.12,-1.22
27.457,ROTATION_SCAN,1.1792,-1.1832,0.309,107.74,-1.39,0.22,15.0,-0.0282,0.0078,-0.0036,0.482,2.682,0.851,1.663,,,,1.12,-1.22
27.521,ROTATION_SCAN,1.1755,-1.1835,0.308,108.7,-1.38,0.26,15.0,-0.0435,0.0006,-0.0153,0.471,2.682,0.851,1.663,,,,1.12,-1.22
27.541,ROTATION_SCAN,1.1737,-1.1801,0.306,109.71,-1.18,0.36,15.0,-0.0518,0.0026,-0.0147,0.471,2.685,0.816,1.688,,,,1.12,-1.22
27.591,ROTATION_SCAN,1.1675,-1.1768,0.305,110.74,-1.02,0.32,15.0,-0.0674,0.004,-0.0199,0.469,2.685,0.816,1.688,,,,1.12,-1.22
27.609,ROTATION_SCAN,1.1641,-1.1762,0.31,111.84,-0.87,0.39,15.0,-0.074,-0.0003,-0.0182,0.469,2.684,0.789,1.655,,,,1.12,-1.22
27.64,ROTATION_SCAN,1.1574,-1.1767,0.306,112.98,-0.75,0.51,15.0,-0.0854,-0.0074,-0.0018,0.482,2.684,0.789,1.655,,,,1.12,-1.22
27.701,ROTATION_SCAN,1.1518,-1.1761,0.307,114.03,-0.35,0.62,15.0,-0.091,-0.0112,-0.0165,0.482,2.632,0.761,,,,,1.12,-1.22
27.734,ROTATION_SCAN,1.1476,-1.1741,0.306,115.11,-0.01,0.85,15.0,-0.0893,-0.0115,-0.0124,0.494,2.632,0.761,,,,,1.12,-1.22
27.796,ROTATION_SCAN,1.1417,-1.1736,0.305,116.13,0.45,0.95,15.0,-0.0882,-0.0151,-0.0134,0.494,2.486,0.738,,,,,1.12,-1.22
27.836,ROTATION_SCAN,1.1373,-1.172,0.303,117.14,0.76,1.07,15.0,-0.0801,-0.0149,-0.0154,0.507,2.486,0.738,,,,,1.12,-1.22
27.898,ROTATION_SCAN,1.1314,-1.1712,0.306,118.1,0.91,1.2,15.0,-0.0739,-0.0164,-0.0193,0.507,1.987,0.719,1.318,,,,1.12,-1.22
27.942,ROTATION_SCAN,1.1275,-1.1709,0.305,119.04,0.9,1.35,15.0,-0.0627,-0.0193,-0.0106,0.516,1.987,0.719,1.318,,,,1.12,-1.22
27.987,ROTATION_SCAN,1.124,-1.1698,0.302,119.92,1.02,1.37,15.0,-0.0513,-0.0201,-0.0144,0.516,,0.707,1.317,,,,1.12,-1.22
28.05,ROTATION_SCAN,1.1216,-1.1698,0.302,120.87,1.04,1.49,15.0,-0.0377,-0.0235,-0.0181,0.523,,0.707,1.317,,,,1.12,-1.22
28.096,ROTATION_SCAN,1.1189,-1.1701,0.303,121.89,1.05,1.57,15.0,-0.0259,-0.0275,-0.0166,0.523,,0.696,1.335,,,,1.12,-1.22
28.137,ROTATION_SCAN,1.1171,-1.171,0.305,122.83,1.02,1.45,15.0,-0.0128,-0.0323,-0.011,0.523,,0.696,1.335,,,,1.12,-1.22
28.197,ROTATION_SCAN,1.1178,-1.1712,0.299,123.73,0.82,1.35,15.0,0.0032,-0.0341,-0.0086,0.523,,0.692,1.348,,,,1.12,-1.22
28.266,ROTATION_SCAN,1.1187,-1.1725,0.299,124.55,0.68,1.09,15.0,0.0153,-0.0379,-0.0224,0.517,,0.692,1.348,,,,1.12,-1.22
28.298,ROTATION_SCAN,1.1286,-1.1724,0.294,125.38,0.61,1.04,15.0,0.0465,-0.0366,-0.0163,0.517,,0.699,1.355,,,,1.12,-1.22
28.36,ROTATION_SCAN,1.1328,-1.1619,0.297,126.2,0.42,0.83,15.0,0.0614,-0.0114,-0.0247,0.518,,0.699,1.355,,,,1.12,-1.22
28.407,ROTATION_SCAN,1.1335,-1.1602,0.297,127.13,-0.01,0.73,15.0,0.0617,-0.01,-0.0102,0.518,1.074,0.711,1.38,,,,1.12,-1.22
28.447,ROTATION_SCAN,1.1368,-1.1593,0.298,128.06,-0.34,0.66,15.0,0.0649,-0.012,-0.0061,0.524,1.074,0.711,1.38,,,,1.12,-1.22
28.481,ROTATION_SCAN,1.1393,-1.1584,0.298,129.0,-0.65,0.55,15.0,0.0638,-0.0145,-0.0052,0.524,,0.72,1.401,,,,1.12,-1.22
28.541,ROTATION_SCAN,1.1401,-1.1572,0.294,129.99,-1.11,0.44,15.0,0.0563,-0.0183,-0.0032,0.528,,0.72,1.401,,,,1.12,-1.22
28.614,ROTATION_SCAN,1.1421,-1.1576,0.295,131.09,-1.39,0.34,15.0,0.0495,-0.0261,-0.0143,0.528,0.976,,1.441,,,,1.12,-1.22
28.635,ROTATION_SCAN,1.1419,-1.1585,0.297,132.11,-1.54,0.1,15.0,0.0357,-0.0348,-0.0099,0.544,0.976,,1.441,,,,1.12,-1.22
28.697,ROTATION_SCAN,1.142,-1.1592,0.296,133.13,-1.61,0.05,15.0,0.0232,-0.0419,-0.0079,0.544,0.94,,1.49,,,,1.12,-1.22
28.77,ROTATION_SCAN,1.1372,-1.1573,0.295,134.13,-1.47,0.08,15.0,0.0016,-0.0424,-0.0106,0.567,0.94,,1.49,,,,1.12,-1.22
28.787,ROTATION_SCAN,1.1235,-1.1636,0.291,135.11,-1.37,0.24,15.0,-0.0357,-0.0613,-0.0115,0.567,0.908,,1.547,,,,1.12,-1.22
28.869,ROTATION_SCAN,1.118,-1.1641,0.294,136.06,-0.78,0.44,15.0,-0.0483,-0.0646,-0.0202,,0.908,,1.547,,,,1.12,-1.22
28.886,ROTATION_SCAN,1.1112,-1.1633,0.29,137.02,-0.19,0.97,15.0,-0.0567,-0.0634,-0.012,,0.897,,1.572,,,,1.12,-1.22
28.933,ROTATION_SCAN,1.1057,-1.1643,0.292,137.97,0.3,1.3,15.0,-0.056,-0.065,-0.021,,0.897,,1.572,,,,1.12,-1.22
28.994,ROTATION_SCAN,1.1007,-1.164,0.291,138.84,0.67,1.55,15.0,-0.0495,-0.0625,-0.0093,,0.892,,,,,,1.12,-1.22
29.03,ROTATION_SCAN,1.0937,-1.1649,0.292,139.7,0.93,1.92,15.0,-0.0448,-0.0619,-0.0076,,0.892,,,,,,1.12,-1.22
29.082,ROTATION_SCAN,1.089,-1.1661,0.294,140.5,1.17,2.1,15.0,-0.0321,-0.0619,-0.0031,,0.879,,,,,,1.12,-1.22
29.16,ROTATION_SCAN,1.086,-1.1664,0.288,141.29,1.18,2.22,15.0,-0.0155,-0.059,0.0027,,0.879,,,,,,1.12,-1.22
29.191,ROTATION_SCAN,1.082,-1.1687,0.291,142.09,1.15,2.11,15.0,-0.0033,-0.0611,-0.011,,0.872,,0.571,,,,1.12,-1.22
29.235,ROTATION_SCAN,1.0803,-1.1701,0.29,142.88,1.13,2.07,15.0,0.0127,-0.0601,0.0026,,0.872,,0.571,,,,1.12,-1.22
29.304,ROTATION_SCAN,1.0813,-1.173,0.29,143.69,1.08,1.89,15.0,0.0319,-0.062,-0.0003,,0.856,,0.55,,,,1.12,-1.22
29.326,ROTATION_SCAN,1.0833,-1.1747,0.29,144.46,0.95,1.72,15.0,0.05,-0.0606,-0.0012,,0.856,,0.55,,,,1.12,-1.22
29.391,ROTATION_SCAN,1.0835,-1.1752,0.291,145.22,0.75,1.31,15.0,0.0596,-0.0559,0.0018,,0.838,,0.535,,,,1.12,-1.22
29.464,ROTATION_SCAN,1.0879,-1.1738,0.291,145.95,0.59,1.03,15.0,0.0747,-0.0467,0.0044,,0.838,,0.535,,,,1.12,-1.22
29.498,ROTATION_SCAN,1.091,-1.1771,0.294,146.73,0.41,0.8,15.0,0.0815,-0.0494,0.0027,,0.819,3.128,0.523,,,,1.12,-1.22
29.531,ROTATION_SCAN,1.0933,-1.1759,0.294,147.52,0.26,0.53,15.0,0.0842,-0.0415,0.0097,,0.819,3.128,0.523,,,,1.12,-1.22
29.58,ROTATION_SCAN,1.0952,-1.1762,0.295,148.3,0.12,0.35,15.0,0.083,-0.0377,0.0073,,0.8,,0.512,,,,1.12,-1.22
29.628,ROTATION_SCAN,1.0988,-1.1768,0.292,149.07,0.05,0.25,15.0,0.0846,-0.0352,0.0078,,0.8,,0.512,,,,1.12,-1.22
29.704,ROTATION_SCAN,1.1007,-1.1766,0.292,149.81,-0.08,0.09,15.0,0.0808,-0.0314,0.003,,0.783,3.05,0.505,,,,1.12,-1.22
29.734,ROTATION_SCAN,1.1043,-1.1776,0.293,150.56,-0.14,0.08,15.0,0.0801,-0.0311,0.0014,,0.783,3.05,0.505,,,,1.12,-1.22
29.798,ROTATION_SCAN,1.1058,-1.1766,0.294,151.24,-0.28,-0.05,15.0,0.074,-0.0268,0.0048,,0.772,3.002,0.499,,,,1.12,-1.22
29.852,ROTATION_SCAN,1.1065,-1.1759,0.293,151.97,-0.3,0.0,15.0,0.0662,-0.0243,0.008,,0.772,3.002,0.499,,,,1.12,-1.22
29.885,ROTATION_SCAN,1.102,-1.175,0.297,152.67,-0.44,-0.02,15.0,0.0476,-0.0217,0.0033,,0.764,2.987,0.501,,,,1.12,-1.22
29.938,ROTATION_SCAN,1.0994,-1.1737,0.298,153.35,-0.41,0.03,15.0,0.0352,-0.0196,0.0113,,0.764,2.987,0.501,,,,1.12,-1.22
30.015,ROTATION_SCAN,1.094,-1.1743,0.298,154.07,-0.47,0.2,15.0,0.0192,-0.0224,0.0085,,0.755,2.908,0.497,,,,1.12,-1.22
30.045,ROTATION_SCAN,1.0889,-1.1734,0.299,154.79,-0.38,0.43,15.0,0.0068,-0.0221,0.0062,,0.755,2.908,0.497,,,,1.12,-1.22
30.094,ROTATION_SCAN,1.0856,-1.1744,0.297,155.49,-0.29,0.78,15.0,0.0017,-0.0264,0.0059,,0.753,2.903,0.495,,,,1.12,-1.22
30.13,ROTATION_SCAN,1.0808,-1.174,0.299,156.18,-0.08,1.05,15.0,-0.0032,-0.027,-0.0007,,0.753,2.903,0.495,,,,1.12,-1.22
30.177,ROTATION_SCAN,1.0749,-1.1752,0.295,156.81,0.04,1.27,15.0,-0.007,-0.0305,0.0028,,0.748,2.872,0.486,,,,1.12,-1.22
30.251,ROTATION_SCAN,1.0709,-1.177,0.299,157.44,0.06,1.4,15.0,-0.0052,-0.0347,-0.0076,,0.748,2.872,0.486,,,,1.12,-1.22
30.33,ROTATION_SCAN,1.0676,-1.1793,0.295,158.01,0.14,1.48,15.0,-0.0006,-0.0399,0.0039,,0.744,2.829,0.486,,,,1.12,-1.22
30.348,ROTATION_SCAN,1.0657,-1.1815,0.297,158.64,0.16,1.63,15.0,0.0076,-0.0439,-0.0029,,0.744,2.829,0.486,,,,1.12,-1.22
30.376,ROTATION_SCAN,1.0637,-1.1836,0.299,159.24,0.35,1.61,15.0,0.015,-0.0466,0.0025,,0.741,2.806,0.486,,,,1.12,-1.22
30.462,ROTATION_SCAN,1.0619,-1.1859,0.3,159.87,0.41,1.52,15.0,0.0226,-0.0481,0.009,,0.741,2.806,0.486,,,,1.12,-1.22
30.483,ROTATION_SCAN,1.0615,-1.1896,0.299,160.52,0.55,1.39,15.0,0.0315,-0.0515,0.0052,,0.738,2.78,0.487,,,,1.12,-1.22
30.602,ROTATION_SCAN,1.061,-1.1931,0.299,161.19,0.66,1.23,15.0,0.0385,-0.0529,0.0038,,0.738,2.78,0.487,,,,1.12,-1.22
30.632,ROTATION_SCAN,1.0614,-1.196,0.299,161.89,0.9,1.11,15.0,0.0459,-0.0506,0.0041,,0.727,2.76,0.486,,,,1.12,-1.22
30.64,ROTATION_SCAN,1.0615,-1.1992,0.3,162.65,1.01,1.09,15.0,0.0517,-0.0475,0.0014,,0.727,2.76,0.486,,,,1.12,-1.22
30.68,ROTATION_SCAN,1.0621,-1.2017,0.298,163.37,1.09,0.9,15.0,0.0574,-0.0421,0.0026,,0.722,2.732,0.481,,,,1.12,-1.22
30.754,ROTATION_SCAN,1.0648,-1.2049,0.301,164.12,0.96,0.75,15.0,0.0657,-0.0384,-0.0025,,0.722,2.732,0.481,,,,1.12,-1.22
30.776,ROTATION_SCAN,1.0667,-1.2061,0.301,164.82,0.99,0.55,15.0,0.0698,-0.0303,0.004,,0.714,2.7,0.482,,,,1.12,-1.22
30.832,ROTATION_SCAN,1.0702,-1.2079,0.303,165.54,0.96,0.45,15.0,0.0758,-0.0247,0.0021,,0.714,2.7,0.482,,,,1.12,-1.22
30.923,ROTATION_SCAN,1.0738,-1.2095,0.301,166.23,0.98,0.39,15.0,0.0802,-0.0187,0.0038,,0.706,2.668,0.48,,,,1.12,-1.22
30.929,ROTATION_SCAN,1.0755,-1.2097,0.302,166.92,1.01,0.36,15.0,0.0797,-0.0098,-0.0027,,0.706,2.668,0.48,,,,1.12,-1.22
30.992,ROTATION_SCAN,1.0804,-1.2104,0.301,167.63,0.97,0.37,15.0,0.0862,-0.003,-0.0007,,0.695,2.665,0.478,,,,1.12,-1.22
31.055,ROTATION_SCAN,1.083,-1.2091,0.3,168.34,0.97,0.37,15.0,0.087,0.0073,-0.0052,,0.695,2.665,0.478,,,,1.12,-1.22
31.081,ROTATION_SCAN,1.0859,-1.2069,0.301,169.08,0.86,0.32,15.0,0.0884,0.0181,-0.0053,,0.69,2.631,0.474,,,,1.12,-1.22
31.163,ROTATION_SCAN,1.0906,-1.2045,0.299,169.81,0.77,0.38,15.0,0.0932,0.0274,-0.0017,,0.69,2.631,0.474,,,,1.12,-1.22
31.183,ROTATION_SCAN,1.0898,-1.2005,0.302,170.58,0.52,0.33,15.0,0.0855,0.0384,-0.0079,,0.682,2.608,0.475,,,,1.12,-1.22
31.265,ROTATION_SCAN,1.09,-1.1962,0.299,171.3,0.35,0.33,15.0,0.0803,0.0471,0.0021,,0.682,2.608,0.475,,,,1.12,-1.22
31.285,ROTATION_SCAN,1.0914,-1.192,0.299,172.05,0.14,0.34,15.0,0.0781,0.0527,-0.0048,,0.681,2.575,0.469,,,,1.12,-1.22
31.348,ROTATION_SCAN,1.0912,-1.189,0.299,172.76,-0.14,0.5,15.0,0.0732,0.0533,-0.0032,,0.681,2.575,0.469,,,,1.12,-1.22
31.376,ROTATION_SCAN,1.0909,-1.1859,0.3,173.38,-0.41,0.61,15.0,0.0694,0.0518,-0.0027,,0.677,2.522,0.47,,,,1.12,-1.22
31.425,ROTATION_SCAN,1.0894,-1.1864,0.299,174.07,-0.67,0.67,15.0,0.0641,0.0407,0.0003,,0.677,2.522,0.47,,,,1.12,-1.22
31.509,ROTATION_SCAN,1.091,-1.1844,0.299,174.76,-0.87,0.74,15.0,0.0659,0.034,-0.0028,,0.672,2.49,0.475,,,,1.12,-1.22
31.538,ROTATION_SCAN,1.0945,-1.183,0.295,175.49,-0.86,0.71,15.0,0.0717,0.026,-0.0015,,0.672,2.49,0.475,,,,1.12,-1.22
31.582,ROTATION_SCAN,1.0978,-1.1832,0.299,176.28,-0.92,0.75,15.0,0.0766,0.0152,-0.0071,,0.673,2.438,0.476,,,,1.12,-1.22
31.649,ROTATION_SCAN,1.0969,-1.1885,0.299,177.06,-0.76,0.73,15.0,0.073,-0.0045,0.0084,,0.673,2.438,0.476,,,,1.12,-1.22
31.679,ROTATION_SCAN,1.0951,-1.1917,0.299,177.85,-0.53,0.76,15.0,0.068,-0.0162,0.0091,,0.672,2.397,0.486,,,,1.12,-1.22
31.762,ROTATION_SCAN,1.0968,-1.2019,0.301,178.66,-0.45,0.79,15.0,0.0711,-0.0387,0.009,,0.672,2.397,0.486,,,,1.12,-1.22
31.793,ROTATION_SCAN,1.0958,-1.2045,0.302,179.38,0.02,0.7,15.0,0.0681,-0.0426,0.0127,,0.67,2.334,0.488,,,,1.12,-1.22
31.834,ROTATION_SCAN,1.0981,-1.2112,0.303,-179.94,0.16,0.6,15.0,0.0714,-0.0507,0.0126,,0.67,2.334,0.488,,,,1.12,-1.22
31.894,ROTATION_SCAN,1.0986,-1.2166,0.301,-179.28,0.31,0.4,15.0,0.0697,-0.0549,0.0114,,0.666,2.316,0.494,,,,1.12,-1.22
32.043,NAV_WAYPOINT,1.0996,-1.2207,0.3,-178.64,0.63,0.35,15.0,0.0679,-0.0539,0.0034,,0.666,2.316,0.494,,1.08,-0.98,2.18,-0.98
32.067,NAV_WAYPOINT,1.099,-1.2222,0.304,-178.03,0.87,0.29,-0.0,0.062,-0.046,0.0005,,0.663,2.291,0.497,,1.08,-0.98,2.18,-0.98
32.088,NAV_WAYPOINT,1.0987,-1.2238,0.303,-177.42,1.12,0.19,-0.0,0.0571,-0.0365,0.0091,,0.663,2.291,0.497,,1.08,-0.98,2.18,-0.98
32.117,NAV_WAYPOINT,1.0991,-1.2242,0.304,-176.89,1.12,-0.19,-0.0,0.0518,-0.0246,0.0027,,0.661,2.28,0.495,,1.08,-0.98,2.18,-0.98
32.126,NAV_WAYPOINT,1.1011,-1.2256,0.304,-176.5,1.16,-0.41,-0.0,0.0478,-0.0161,0.0042,,0.661,2.28,0.495,,1.08,-0.98,2.18,-0.98
32.195,NAV_WAYPOINT,1.0998,-1.227,0.301,-176.21,3.03,-0.71,-0.0,0.0352,-0.003,0.0051,,0.662,2.29,0.498,,1.08,-0.98,2.18,-0.98
32.226,NAV_WAYPOINT,1.0982,-1.2268,0.306,-176.0,4.41,-0.7,-0.0,0.0209,0.0269,-0.0092,,0.662,2.29,0.498,,1.08,-0.98,2.18,-0.98
32.29,NAV_WAYPOINT,1.0968,-1.2244,0.302,-175.91,4.98,-0.68,-0.0,0.0076,0.0672,0.0036,,0.662,2.294,0.497,,1.08,-0.98,2.18,-0.98
32.353,NAV_WAYPOINT,1.0915,-1.2192,0.304,-175.83,5.15,-0.6,-0.0,-0.0116,0.1117,-0.0085,,0.662,2.294,0.497,,1.08,-0.98,2.18,-0.98
32.389,NAV_WAYPOINT,1.0871,-1.2124,0.304,-175.78,4.92,-0.41,-0.0,-0.0261,0.156,-0.004,,0.67,2.28,0.48,,1.08,-0.98,2.18,-0.98
32.432,NAV_WAYPOINT,1.0825,-1.2014,0.306,-175.69,4.33,-0.15,-0.0,-0.0378,0.2011,-0.0008,,0.67,2.28,0.48,,1.08,-0.98,2.18,-0.98
32.476,NAV_WAYPOINT,1.077,-1.1875,0.302,-175.67,3.7,-0.01,-0.0,-0.0485,0.2425,0.0007,,0.68,2.334,0.459,,1.08,-0.98,2.18,-0.98
32.539,NAV_WAYPOINT,1.0736,-1.1756,0.302,-175.65,2.96,0.37,-0.0,-0.0512,0.27,-0.0088,,0.68,2.334,0.459,,1.08,-0.98,2.18,-0.98
32.598,NAV_WAYPOINT,1.0689,-1.1616,0.305,-175.65,2.24,0.63,-0.0,-0.0526,0.2936,-0.0053,,0.69,2.342,0.427,,1.08,-0.98,2.18,-0.98
32.642,NAV_WAYPOINT,1.0638,-1.1494,0.299,-175.73,1.57,0.89,-0.0,-0.0524,0.3051,0.002,,0.69,2.342,0.427,,1.08,-0.98,2.18,-0.98
32.68,NAV_WAYPOINT,1.0578,-1.1339,0.301,-175.79,1.01,1.13,-0.0,-0.0522,0.3179,-0.0131,,0.716,2.358,0.396,,1.08,-0.98,2.18,-0.98
32.765,NAV_WAYPOINT,1.0535,-1.1174,0.302,-176.0,0.5,1.27,-0.0,-0.046,0.3264,-0.005,,0.716,2.358,0.396,,1.08,-0.98,2.18,-0.98
32.781,NAV_WAYPOINT,1.0504,-1.1031,0.3,-176.15,0.17,1.45,-0.0,-0.0368,0.3257,-0.0034,,0.747,2.384,0.368,,1.08,-0.98,2.18,-0.98
32.852,NAV_WAYPOINT,1.0464,-1.0887,0.301,-176.38,-0.08,1.53,-0.0,-0.0301,0.3229,-0.0127,,0.747,2.384,0.368,,1.08,-0.98,2.18,-0.98
32.913,NAV_WAYPOINT,1.0443,-1.076,0.302,-176.65,-0.14,1.63,-0.0,-0.0187,0.3145,-0.0084,,0.792,,0.339,,1.08,-0.98,2.18,-0.98
32.934,NAV_WAYPOINT,1.042,-1.0627,0.3,-176.87,-0.24,1.75,-0.0,-0.0087,0.3076,-0.0057,,0.792,,0.339,,1.08,-0.98,2.18,-0.98
32.984,NAV_WAYPOINT,1.04,-1.05,0.299,-177.11,-0.21,1.91,-0.0,0.0018,0.2991,-0.0109,,0.894,2.439,0.313,,1.08,-0.98,2.18,-0.98
33.063,NAV_WAYPOINT,1.0395,-1.0361,0.3,-177.34,-0.2,2.14,-0.0,0.0162,0.295,-0.0121,,0.894,2.439,0.313,,1.08,-0.98,2.18,-0.98
33.109,NAV_WAYPOINT,1.0402,-1.0227,0.3,-177.58,-0.18,2.2,-0.0,0.0333,0.2906,-0.0089,,1.605,2.48,0.293,,1.08,-0.98,2.18,-0.98
33.16,NAV_WAYPOINT,1.0415,-1.0113,0.301,-177.91,-0.6,2.21,-0.0,0.0492,0.2798,-0.0104,,1.605,2.48,0.293,,1.08,-0.98,2.18,-0.98
33.212,NAV_WAYPOINT,1.0436,-0.9986,0.299,-178.18,-0.99,2.08,-0.0,0.0651,0.2704,-0.0079,,1.751,2.503,0.265,,1.08,-0.98,2.18,-0.98
33.247,NAV_WAYPOINT,1.0471,-0.9872,0.302,-178.41,-1.39,1.94,-0.0,0.0814,0.2552,-0.0115,,1.751,2.503,0.265,,1.08,-0.98,2.18,-0.98
33.279,NAV_WAYPOINT,1.0516,-0.9756,0.3,-178.65,-1.74,1.6,-0.0,0.0966,0.2397,-0.002,,1.772,2.526,0.242,,1.08,-0.98,2.18,-0.98
33.342,NAV_WAYPOINT,1.0565,-0.9644,0.297,-178.85,-1.93,1.34,-0.0,0.1088,0.2231,-0.0092,,1.772,2.526,0.242,,2.18,-0.98,2.18,-0.98
33.382,NAV_WAYPOINT,1.0615,-0.9544,0.296,-179.11,-2.41,1.0,-0.0,0.1174,0.2028,-0.0133,,1.771,2.559,0.227,,2.18,-0.98,2.18,-0.98
33.451,NAV_WAYPOINT,1.067,-0.9466,0.296,-179.33,-2.6,0.6,-0.0,0.1225,0.1756,-0.0135,,1.771,2.559,0.227,,2.18,-0.98,2.18,-0.98
33.489,NAV_WAYPOINT,1.0729,-0.9399,0.297,-179.53,-2.91,0.86,-0.0,0.1257,0.1472,-0.0119,,1.764,2.561,0.219,,2.18,-0.98,2.18,-0.98
33.55,NAV_WAYPOINT,1.0769,-0.9337,0.295,-179.66,-2.91,1.98,-0.0,0.129,0.119,-0.0066,,1.764,2.561,0.219,,2.18,-0.98,2.18,-0.98
33.585,NAV_WAYPOINT,1.0816,-0.9284,0.294,-179.82,-2.81,2.53,-0.0,0.1403,0.0927,-0.0105,,1.744,2.584,0.231,,2.18,-0.98,2.18,-0.98
33.64,NAV_WAYPOINT,1.0886,-0.9242,0.299,-179.99,-2.54,2.92,-0.0,0.162,0.0695,-0.007,,1.744,2.584,0.231,,2.18,-0.98,2.18,-0.98
33.705,NAV_WAYPOINT,1.0969,-0.9224,0.296,179.82,-2.11,3.23,-0.0,0.1867,0.0452,0.0032,,1.739,2.583,0.287,,2.18,-0.98,2.18,-0.98
33.736,NAV_WAYPOINT,1.1065,-0.9215,0.295,179.53,-1.75,3.12,-0.0,0.2119,0.0249,-0.0032,,1.739,2.583,0.287,,2.18,-0.98,2.18,-0.98
33.812,NAV_WAYPOINT,1.1171,-0.9207,0.294,179.18,-1.35,3.02,-0.0,0.236,0.0104,-0.0032,,1.72,2.598,,,2.18,-0.98,2.18,-0.98
33.857,NAV_WAYPOINT,1.1286,-0.9212,0.294,178.74,-1.14,2.54,-0.0,0.2571,-0.0043,-0.0002,,1.72,2.598,,,2.18,-0.98,2.18,-0.98
33.924,NAV_WAYPOINT,1.1434,-0.9218,0.294,178.21,-0.98,2.19,-0.0,0.2819,-0.0136,0.0067,,1.703,2.607,0.181,,2.18,-0.98,2.18,-0.98
33.971,NAV_WAYPOINT,1.1574,-0.9222,0.292,177.8,-0.93,1.84,-0.0,0.2986,-0.0215,0.0122,,1.703,2.607,0.181,,2.18,-0.98,2.18,-0.98
33.988,NAV_WAYPOINT,1.1717,-0.923,0.292,177.51,-0.73,1.48,-0.0,0.3099,-0.0283,0.0121,,1.694,2.635,0.181,,2.18,-0.98,2.18,-0.98
34.056,NAV_WAYPOINT,1.1869,-0.9243,0.295,177.35,-0.3,1.1,-0.0,0.3197,-0.0334,0.0118,,1.694,2.635,0.181,,2.18,-0.98,2.18,-0.98
34.078,NAV_WAYPOINT,1.2021,-0.9251,0.299,177.23,-0.07,0.79,-0.0,0.3249,-0.033,0.0209,,1.653,2.633,0.192,,2.18,-0.98,2.18,-0.98
34.147,NAV_WAYPOINT,1.2172,-0.9268,0.3,177.07,0.07,0.42,-0.0,0.3264,-0.0334,0.0264,,1.653,2.633,0.192,,2.18,-0.98,2.18,-0.98
34.177,NAV_WAYPOINT,1.2351,-0.9286,0.301,176.96,-0.08,0.35,-0.0,0.3341,-0.0334,0.0262,,1.635,2.612,0.196,,2.18,-0.98,2.18,-0.98
34.227,NAV_WAYPOINT,1.2514,-0.9287,0.301,176.88,0.03,0.06,-0.0,0.3349,-0.0294,0.023,,1.635,2.612,0.196,,2.18,-0.98,2.18,-0.98
34.304,NAV_WAYPOINT,1.2662,-0.9309,0.304,176.93,-0.07,-0.23,-0.0,0.3289,-0.032,0.0192,,1.618,2.602,0.213,,2.18,-0.98,2.18,-0.98
34.334,NAV_WAYPOINT,1.2815,-0.9323,0.305,177.07,0.16,-0.32,-0.0,0.3234,-0.0312,0.0199,,1.618,2.602,0.213,,2.18,-0.98,2.18,-0.98
34.4,NAV_WAYPOINT,1.2959,-0.9338,0.306,177.28,0.14,-0.28,-0.0,0.3165,-0.0298,0.0177,,1.585,2.581,0.221,,2.18,-0.98,2.18,-0.98
34.427,NAV_WAYPOINT,1.3109,-0.9347,0.306,177.52,0.24,-0.21,-0.0,0.3125,-0.0268,0.0114,,1.585,2.581,0.221,,2.18,-0.98,2.18,-0.98
34.49,NAV_WAYPOINT,1.3247,-0.9361,0.306,177.7,0.34,-0.16,-0.0,0.3063,-0.0247,0.0065,,1.565,2.58,0.207,,2.18,-0.98,2.18,-0.98
34.538,NAV_WAYPOINT,1.3382,-0.9375,0.308,177.85,0.39,-0.05,-0.0,0.3005,-0.0221,0.0018,,1.565,2.58,0.207,,2.18,-0.98,2.18,-0.98
34.575,NAV_WAYPOINT,1.3515,-0.9381,0.305,177.93,0.41,-0.01,-0.0,0.2962,-0.0177,0.0005,,1.523,2.581,0.208,,2.18,-0.98,2.18,-0.98
34.634,NAV_WAYPOINT,1.3657,-0.9395,0.306,177.98,0.47,-0.14,-0.0,0.2947,-0.0152,-0.0079,,1.523,2.581,0.208,,2.18,-0.98,2.18,-0.98
34.735,NAV_WAYPOINT,1.3795,-0.9409,0.303,177.95,0.29,-0.05,-0.0,0.2913,-0.0133,-0.0048,,1.497,2.55,0.215,,2.18,-0.98,2.18,-0.98
34.742,NAV_WAYPOINT,1.3939,-0.9404,0.305,178.0,0.25,0.04,-0.0,0.2906,-0.0085,-0.009,,1.497,2.55,0.215,,2.18,-0.98,2.18,-0.98
34.822,NAV_WAYPOINT,1.4062,-0.9414,0.307,178.11,0.17,0.2,-0.0,0.2861,-0.0079,-0.0048,,1.482,2.567,0.214,,2.18,-0.98,2.18,-0.98
34.859,NAV_WAYPOINT,1.4172,-0.9421,0.305,178.25,0.16,0.31,-0.0,0.2799,-0.0068,-0.001,,1.482,2.567,0.214,,2.18,-0.98,2.18,-0.98
34.912,NAV_WAYPOINT,1.4291,-0.9443,0.303,178.46,0.16,0.37,-0.0,0.2777,-0.0098,-0.0103,,1.458,2.581,0.213,,2.18,-0.98,2.18,-0.98
34.945,NAV_WAYPOINT,1.4408,-0.9448,0.309,178.83,0.05,0.65,-0.0,0.2763,-0.0087,-0.0133,,1.458,2.581,0.213,,2.18,-0.98,2.18,-0.98
34.989,NAV_WAYPOINT,1.4511,-0.9465,0.304,179.2,0.29,0.59,-0.0,0.2728,-0.0103,-0.0005,,1.429,2.558,0.228,,2.18,-0.98,2.18,-0.98
35.061,NAV_WAYPOINT,1.4653,-0.9482,0.305,179.63,0.22,0.75,-0.0,0.2793,-0.0108,-0.0165,,1.429,2.558,0.228,,2.18,-0.98,2.18,-0.98
35.094,NAV_WAYPOINT,1.4763,-0.9494,0.302,-179.83,-0.45,0.92,-0.0,0.2787,-0.012,-0.0069,,1.401,2.582,0.249,,2.18,-0.98,2.18,-0.98
35.137,NAV_WAYPOINT,1.4885,-0.951,0.302,-179.37,-0.71,0.93,-0.0,0.2827,-0.019,-0.0121,,1.401,2.582,0.249,,2.18,-0.98,2.18,-0.98
35.178,NAV_WAYPOINT,1.5001,-0.953,0.3,-178.92,-0.51,0.83,-0.0,0.2838,-0.0263,-0.0167,,1.386,2.619,0.379,,2.18,-0.98,2.18,-0.98
35.23,NAV_WAYPOINT,1.5109,-0.9551,0.302,-178.48,-0.2,0.62,-0.0,0.2822,-0.0307,-0.0186,,1.386,2.619,0.379,,2.18,-0.98,2.18,-0.98
35.312,NAV_WAYPOINT,1.5229,-0.9584,0.299,-178.14,0.17,0.59,-0.0,0.282,-0.0348,-0.013,,1.353,2.671,0.734,,2.18,-0.98,2.18,-0.98
35.347,NAV_WAYPOINT,1.535,-0.9618,0.298,-177.89,0.52,0.5,-0.0,0.2817,-0.0359,-0.0186,,1.353,2.671,0.734,,2.18,-0.98,2.18,-0.98
35.403,NAV_WAYPOINT,1.545,-0.9655,0.299,-177.68,0.6,0.59,-0.0,0.2763,-0.0355,-0.0147,,1.333,2.706,0.789,,2.18,-0.98,2.18,-0.98
35.437,NAV_WAYPOINT,1.5555,-0.9671,0.296,-177.63,0.71,0.84,-0.0,0.2735,-0.029,-0.0061,,1.333,2.706,0.789,,2.18,-0.98,2.18,-0.98
35.486,NAV_WAYPOINT,1.5671,-0.9707,0.296,-177.74,0.79,0.8,-0.0,0.2752,-0.0277,-0.012,,1.311,2.736,0.812,,2.18,-0.98,2.18,-0.98
35.534,NAV_WAYPOINT,1.5803,-0.9721,0.295,-177.84,0.84,0.83,-0.0,0.2801,-0.0206,-0.0056,,1.311,2.736,0.812,,2.18,-0.98,2.18,-0.98
35.579,NAV_WAYPOINT,1.5936,-0.9737,0.295,-178.03,0.81,0.8,-0.0,0.2852,-0.0146,-0.0026,,1.289,2.738,,,2.18,-0.98,2.18,-0.98
35.626,NAV_WAYPOINT,1.6043,-0.9751,0.293,-178.23,0.63,0.77,-0.0,0.2833,-0.0094,0.0024,,1.289,2.738,,,2.18,-0.98,2.18,-0.98
35.696,NAV_WAYPOINT,1.617,-0.9756,0.299,-178.5,0.48,0.74,-0.0,0.2857,-0.0043,0.0033,,1.274,2.724,,,2.18,-0.98,2.18,-0.98
35.75,NAV_WAYPOINT,1.629,-0.9769,0.299,-178.8,0.33,0.85,-0.0,0.2871,-0.0026,0.0203,,1.274,2.724,,,2.18,-0.98,2.18,-0.98
35.793,NAV_WAYPOINT,1.6425,-0.9786,0.298,-179.02,0.21,0.78,-0.0,0.2915,-0.0039,0.0178,,1.253,2.72,,,2.18,-0.98,2.18,-0.98
35.841,NAV_WAYPOINT,1.6542,-0.9791,0.298,-179.17,0.13,0.64,-0.0,0.2902,-0.0028,0.0132,,1.253,2.72,,,2.18,-0.98,2.18,-0.98
35.878,NAV_WAYPOINT,1.669,-0.9798,0.299,-179.22,-0.06,0.59,-0.0,0.2961,-0.0036,0.01,,1.223,2.722,,,2.18,-0.98,2.18,-0.98
35.96,NAV_WAYPOINT,1.6805,-0.9812,0.301,-179.23,-0.08,0.55,-0.0,0.2927,-0.0067,0.0117,,1.223,2.722,,,2.18,-0.98,2.18,-0.98
35.974,NAV_WAYPOINT,1.6924,-0.9837,0.299,-179.15,-0.09,0.64,-0.0,0.2909,-0.0124,0.0139,,1.199,2.666,,,2.18,-0.98,2.18,-0.98
36.069,NAV_WAYPOINT,1.7049,-0.9855,0.299,-179.08,0.01,0.63,-0.0,0.2914,-0.0155,0.0065,,1.199,2.666,,,2.18,-0.98,2.18,-0.98
36.16,NAV_WAYPOINT,1.7179,-0.9876,0.303,-178.98,0.18,0.71,-0.0,0.2928,-0.0177,0.0105,,1.172,,,,2.18,-0.98,2.18,-0.98
36.175,NAV_WAYPOINT,1.734,-0.9898,0.304,-178.84,0.24,0.81,-0.0,0.3023,-0.0193,0.0135,,1.172,,,,2.18,-0.98,2.18,-0.98
36.186,NAV_WAYPOINT,1.7485,-0.9915,0.304,-178.78,0.22,0.81,-0.0,0.3077,-0.0189,0.0107,,1.152,,,,2.18,-0.98,2.18,-0.98
36.236,NAV_WAYPOINT,1.7617,-0.9932,0.305,-178.7,0.3,0.67,-0.0,0.3083,-0.0188,0.0079,,1.152,,,,2.18,-0.98,2.18,-0.98
36.278,NAV_WAYPOINT,1.7758,-0.9949,0.305,-178.65,0.41,0.69,-0.0,0.3104,-0.0173,0.0052,,1.117,,,,2.18,-0.98,2.18,-0.98
36.34,NAV_WAYPOINT,1.7895,-0.9969,0.307,-178.6,0.42,0.62,-0.0,0.3113,-0.0165,0.0017,,1.117,,,,2.18,-0.98,2.18,-0.98
36.377,NAV_WAYPOINT,1.8044,-0.9983,0.303,-178.58,0.55,0.69,-0.0,0.3144,-0.014,0.0016,,1.094,,,,2.18,-0.98,2.18,-0.98
36.46,NAV_WAYPOINT,1.8208,-1.0006,0.301,-178.64,0.72,0.69,-0.0,0.3216,-0.013,-0.0112,,1.094,,,,2.18,-0.98,2.18,-0.98
36.496,NAV_WAYPOINT,1.8353,-1.0024,0.305,-178.72,0.65,0.68,-0.0,0.3233,-0.0099,-0.0142,,1.07,,,,2.18,-0.98,2.18,-0.98
36.543,NAV_WAYPOINT,1.8493,-1.0025,0.303,-178.94,0.6,0.55,-0.0,0.323,-0.0037,-0.0018,,1.07,,,,2.18,-0.98,2.18,-0.98
36.634,NAV_WAYPOINT,1.8644,-1.0035,0.303,-179.15,0.58,0.5,-0.0,0.3247,-0.0006,-0.0109,,1.039,0.059,,,2.18,-0.98,2.18,-0.98
36.655,NAV_WAYPOINT,1.8793,-1.0042,0.301,-179.3,0.44,0.42,-0.0,0.3249,0.0022,-0.009,,1.039,0.059,,,2.18,-0.98,2.18,-0.98
36.723,NAV_WAYPOINT,1.8957,-1.0045,0.301,-179.43,0.46,0.33,-0.0,0.3284,0.0047,-0.0137,,1.014,0.078,,,2.18,-0.98,2.18,-0.98
36.741,NAV_WAYPOINT,1.9125,-1.0055,0.304,-179.4,0.32,0.4,-0.0,0.3321,0.0048,-0.0119,,1.014,0.078,,,2.18,-0.98,2.18,-0.98
36.814,NAV_WAYPOINT,1.9291,-1.0062,0.306,-179.3,0.25,0.3,-0.0,0.3355,0.0049,-0.0046,,0.98,0.075,,,2.18,-0.98,2.18,-0.98
36.843,NAV_WAYPOINT,1.9458,-1.0063,0.302,-179.03,0.3,0.06,-0.0,0.3369,0.0063,-0.0006,,0.98,0.075,,,2.18,-0.98,2.18,-0.98
36.885,NAV_WAYPOINT,1.9611,-1.007,0.299,-178.68,0.35,-0.01,-0.0,0.3333,0.0066,-0.0145,,0.946,0.072,,,2.18,-0.98,2.18,-0.98
36.977,NAV_WAYPOINT,1.9761,-1.008,0.3,-178.31,0.46,-0.22,-0.0,0.3284,0.0067,-0.0184,,0.946,0.072,,,2.18,-0.98,2.18,-0.98
37.001,NAV_WAYPOINT,1.994,-1.0085,0.299,-177.99,0.6,-0.17,-0.0,0.3301,0.0088,-0.0117,,0.912,,,,2.18,-0.98,2.18,-0.98
37.058,NAV_WAYPOINT,2.009,-1.01,0.302,-177.73,0.7,-0.2,-0.0,0.3248,0.0096,-0.0124,,0.912,,,,2.18,-0.98,2.18,-0.98
37.084,NAV_WAYPOINT,2.0242,-1.0096,0.297,-177.5,0.66,-0.43,-0.0,0.3198,0.0148,-0.0014,,0.883,0.568,,,2.18,-0.98,2.18,-0.98
37.151,NAV_WAYPOINT,2.0387,-1.0096,0.3,-177.32,0.79,-0.27,-0.0,0.3131,0.0188,-0.0131,,0.883,0.568,,,2.18,-0.98,2.18,-0.98
37.177,NAV_WAYPOINT,2.0533,-1.0097,0.293,-177.15,0.88,-0.23,-0.0,0.3084,0.0233,-0.0043,,0.853,1.56,,,2.18,-0.98,2.18,-0.98
37.243,NAV_WAYPOINT,2.0672,-1.0092,0.3,-177.0,0.96,-0.15,-0.0,0.3027,0.029,-0.017,,0.853,1.56,,,2.18,-0.98,2.18,-0.98
37.281,NAV_WAYPOINT,2.0826,-1.0084,0.298,-176.89,1.08,0.09,-0.0,0.3023,0.036,0.0044,,0.821,1.658,,,2.18,-0.98,2.18,-0.98
37.357,NAV_WAYPOINT,2.097,-1.0075,0.299,-176.83,1.12,0.23,-0.0,0.3015,0.0432,-0.0004,,0.821,1.658,,,2.18,-0.98,2.18,-0.98
37.402,NAV_WAYPOINT,2.1102,-1.006,0.301,-176.87,1.15,0.39,-0.0,0.2991,0.0511,-0.0002,,0.803,1.671,,,2.18,-0.98,2.18,-0.98
37.492,NAV_WAYPOINT,2.1246,-1.0038,0.299,-176.88,1.19,0.3,-0.0,0.3007,0.0601,0.0057,,0.803,1.671,,,2.18,-0.98,2.18,-0.98
37.567,NAV_WAYPOINT,2.1377,-1.001,0.299,-176.89,1.14,-0.12,-0.0,0.2965,0.0694,0.0,,0.772,,,,2.18,-0.98,2.18,-0.98
37.582,NAV_WAYPOINT,2.1528,-0.998,0.299,-176.9,1.04,-0.41,-0.0,0.2949,0.077,0.0022,,0.772,,,,2.18,-0.98,2.18,-0.98
37.635,NAV_WAYPOINT,2.1663,-0.9929,0.298,-176.97,0.93,-0.79,-0.0,0.2865,0.0877,0.0003,,0.735,1.626,,,2.18,-0.98,2.18,-0.98
37.686,ROTATION_SCAN,2.18,-0.9905,0.299,-177.09,0.67,-1.21,-0.0,0.2775,0.0898,-0.001,,0.735,1.626,,,,,2.18,-0.98
37.752,ROTATION_SCAN,2.1918,-0.987,0.299,-177.24,0.43,-1.63,-0.0,0.2614,0.0921,0.0034,,0.712,1.63,,,,,2.18,-0.98
37.763,ROTATION_SCAN,2.2032,-0.9826,0.301,-177.33,0.11,-2.01,-0.0,0.243,0.0934,0.0016,,0.712,1.63,,,,,2.18,-0.98
37.839,ROTATION_SCAN,2.214,-0.9786,0.299,-177.45,-0.28,-2.75,-0.0,0.222,0.0913,0.0047,,0.688,1.626,,,,,2.18,-0.98
37.854,ROTATION_SCAN,2.225,-0.9748,0.3,-177.58,-0.92,-3.44,15.0,0.1974,0.0843,-0.0015,,0.688,1.626,,,,,2.18,-0.98
37.919,ROTATION_SCAN,2.2331,-0.9707,0.299,-177.59,-1.16,-3.77,15.0,0.1645,0.0742,0.0013,,0.668,1.613,,,,,2.18,-0.98
37.94,ROTATION_SCAN,2.2392,-0.9686,0.298,-177.57,-1.25,-3.88,15.0,0.129,0.06,-0.0019,,0.668,1.613,,,,,2.18,-0.98
37.985,ROTATION_SCAN,2.2444,-0.9672,0.3,-177.39,-1.44,-3.73,15.0,0.0961,0.0449,-0.0058,,0.654,1.613,,,,,2.18,-0.98
38.034,ROTATION_SCAN,2.2492,-0.9648,0.3,-177.05,-1.31,-3.39,15.0,0.0673,0.032,0.0008,,0.654,1.613,,,,,2.18,-0.98
38.118,ROTATION_SCAN,2.2518,-0.9638,0.299,-176.67,-1.21,-3.34,15.0,0.0393,0.0193,-0.0015,,0.644,1.613,,,,,2.18,-0.98
38.124,ROTATION_SCAN,2.2509,-0.9635,0.3,-176.13,-1.26,-2.99,15.0,0.0073,0.0058,-0.0051,,0.644,1.613,,,,,2.18,-0.98
38.216,ROTATION_SCAN,2.2494,-0.9657,0.298,-175.5,-1.05,-2.59,15.0,-0.0188,-0.0102,-0.0012,,0.646,1.595,,,,,2.18,-0.98
38.295,ROTATION_SCAN,2.2447,-0.9699,0.297,-174.82,-0.89,-2.14,15.0,-0.0461,-0.0271,-0.0074,,0.646,1.595,,,,,2.18,-0.98
38.338,ROTATION_SCAN,2.2413,-0.973,0.299,-174.16,-0.81,-1.58,15.0,-0.063,-0.0388,-0.0066,,0.646,1.577,,,,,2.18,-0.98
38.352,ROTATION_SCAN,2.238,-0.974,0.298,-173.4,-0.52,-1.07,15.0,-0.074,-0.0442,0.0005,,0.646,1.577,,,,,2.18,-0.98
38.405,ROTATION_SCAN,2.2326,-0.9783,0.297,-172.6,-0.29,-0.6,15.0,-0.0844,-0.0524,-0.0035,,0.659,1.544,,,,,2.18,-0.98
38.447,ROTATION_SCAN,2.227,-0.9827,0.295,-171.82,0.03,-0.29,15.0,-0.0907,-0.058,-0.004,1.945,0.659,1.544,,,,,2.18,-0.98
38.494,ROTATION_SCAN,2.224,-0.9869,0.297,-171.06,0.14,0.09,15.0,-0.0886,-0.0594,-0.0054,1.945,0.666,1.507,,,,,2.18,-0.98
38.523,ROTATION_SCAN,2.2185,-0.9897,0.297,-170.35,0.22,0.17,15.0,-0.0899,-0.0579,0.0015,,0.666,1.507,,,,,2.18,-0.98
38.596,ROTATION_SCAN,2.215,-0.9934,0.297,-169.67,0.38,0.55,15.0,-0.0856,-0.0564,0.002,,0.674,1.474,,,,,2.18,-0.98
38.627,ROTATION_SCAN,2.2119,-0.9964,0.299,-169.01,0.64,0.8,15.0,-0.0781,-0.052,0.0048,,0.674,1.474,,,,,2.18,-0.98
38.697,ROTATION_SCAN,2.2093,-1.0002,0.301,-168.34,0.74,1.01,15.0,-0.0691,-0.0471,0.0082,,0.685,1.432,,,,,2.18,-0.98
38.742,ROTATION_SCAN,2.2077,-1.003,0.3,-167.69,0.75,1.06,15.0,-0.0579,-0.0405,0.0119,,0.685,1.432,,,,,2.18,-0.98
38.792,ROTATION_SCAN,2.2059,-1.0059,0.299,-166.95,0.73,0.91,15.0,-0.0487,-0.0351,0.006,,0.692,1.399,,,,,2.18,-0.98
38.839,ROTATION_SCAN,2.2047,-1.0077,0.3,-166.14,0.87,0.87,15.0,-0.0402,-0.0275,0.0043,0.305,0.692,1.399,,,,,2.18,-0.98
38.917,ROTATION_SCAN,2.205,-1.0112,0.298,-165.26,0.94,0.73,15.0,-0.0311,-0.0246,0.005,0.305,0.693,1.342,,,,,2.18,-0.98
38.924,ROTATION_SCAN,2.2035,-1.0128,0.3,-164.39,0.97,0.54,15.0,-0.0276,-0.0167,-0.0011,0.27,0.693,1.342,,,,,2.18,-0.98
39.021,ROTATION_SCAN,2.2046,-1.0137,0.299,-163.37,1.0,0.36,15.0,-0.0208,-0.0083,0.0029,0.27,0.7,1.28,,,,,2.18,-0.98
39.039,ROTATION_SCAN,2.2045,-1.0135,0.3,-162.41,1.05,0.31,15.0,-0.0184,0.0016,0.0007,0.252,0.7,1.28,,,,,2.18,-0.98
39.086,ROTATION_SCAN,2.2049,-1.0138,0.299,-161.49,1.06,0.14,15.0,-0.0164,0.0091,0.0029,0.252,0.707,1.234,,,,,2.18,-0.98
39.156,ROTATION_SCAN,2.2047,-1.0129,0.301,-160.57,0.92,0.02,15.0,-0.0169,0.0178,-0.0012,0.24,0.707,1.234,,,,,2.18,-0.98
39.178,ROTATION_SCAN,2.2001,-1.0114,0.302,-159.67,1.01,-0.16,15.0,-0.0281,0.0272,0.0031,0.24,0.711,1.2,,,,,2.18,-0.98
39.259,ROTATION_SCAN,2.1959,-1.0136,0.303,-158.75,0.88,-0.16,15.0,-0.0387,0.0255,0.0025,0.244,0.711,1.2,,,,,2.18,-0.98
39.279,ROTATION_SCAN,2.2106,-1.0007,0.302,-157.87,0.78,-0.07,15.0,-0.0068,0.0552,0.0032,0.244,0.721,1.19,,,,,2.18,-0.98
39.329,ROTATION_SCAN,2.2081,-0.9992,0.304,-157.27,0.62,-0.21,15.0,-0.0146,0.059,-0.0006,0.231,0.721,1.19,,,,,2.18,-0.98
39.405,ROTATION_SCAN,2.2045,-0.9962,0.3,-156.36,0.31,-0.34,15.0,-0.0241,0.0607,0.0038,0.231,0.73,1.192,,,,,2.18,-0.98
39.435,ROTATION_SCAN,2.2026,-0.9951,0.302,-155.79,0.22,-0.41,15.0,-0.0297,0.0586,-0.0094,0.232,0.73,1.192,,,,,2.18,-0.98
39.489,ROTATION_SCAN,2.1982,-0.9962,0.303,-155.07,-0.04,-0.45,15.0,-0.0398,0.0483,-0.0015,0.232,0.737,1.195,,,,,2.18,-0.98
39.538,ROTATION_SCAN,2.1932,-0.996,0.299,-154.4,-0.2,-0.46,15.0,-0.0492,0.0404,-0.0015,0.222,0.737,1.195,,,,,2.18,-0.98
39.577,ROTATION_SCAN,2.1876,-0.9959,0.299,-153.72,-0.45,-0.43,15.0,-0.0582,0.0319,-0.013,0.222,0.746,1.203,,,,,2.18,-0.98
39.655,ROTATION_SCAN,2.1825,-0.9976,0.301,-153.03,-0.49,-0.24,15.0,-0.0636,0.0191,-0.0071,0.215,0.746,1.203,,,,,2.18,-0.98
39.728,ROTATION_SCAN,2.1772,-0.9998,0.298,-152.33,-0.46,-0.02,15.0,-0.0675,0.0079,-0.0012,0.215,0.76,1.213,,,,,2.18,-0.98
39.753,ROTATION_SCAN,2.1726,-1.0031,0.298,-151.54,-0.53,0.29,15.0,-0.0674,-0.004,-0.0105,0.205,0.76,1.213,,,,,2.18,-0.98
39.834,ROTATION_SCAN,2.1678,-1.0045,0.297,-150.77,-0.5,0.53,15.0,-0.0653,-0.0093,-0.0052,0.205,0.773,1.219,,,,,2.18,-0.98
39.871,ROTATION_SCAN,2.1628,-1.008,0.299,-150.0,-0.41,0.83,15.0,-0.0624,-0.0172,-0.0046,0.201,0.773,1.219,,,,,2.18,-0.98
39.881,ROTATION_SCAN,2.1584,-1.0112,0.299,-149.23,-0.3,1.06,15.0,-0.057,-0.0218,0.0023,0.201,0.791,1.242,,,,,2.18,-0.98
39.931,ROTATION_SCAN,2.1549,-1.014,0.299,-148.44,-0.3,1.32,15.0,-0.0486,-0.0229,0.0027,0.198,0.791,1.242,,,,,2.18,-0.98
39.996,ROTATION_SCAN,2.1518,-1.0166,0.299,-147.7,-0.23,1.45,15.0,-0.0393,-0.0227,0.0038,0.198,0.799,1.269,,,,,2.18,-0.98
40.024,ROTATION_SCAN,2.15,-1.0189,0.301,-147.0,-0.01,1.59,15.0,-0.0279,-0.0196,0.0041,0.198,0.799,1.269,,,,,2.18,-0.98
40.087,ROTATION_SCAN,2.1492,-1.021,0.302,-146.32,0.22,1.8,15.0,-0.0156,-0.014,0.0077,0.198,0.82,,,,,,2.18,-0.98
40.128,ROTATION_SCAN,2.1477,-1.0227,0.3,-145.56,0.21,1.94,15.0,-0.0056,-0.0066,0.0081,0.2,0.82,,,,,,2.18,-0.98
40.199,ROTATION_SCAN,2.1473,-1.0238,0.299,-144.84,0.19,1.88,15.0,0.0062,0.0011,0.0017,0.2,0.846,1.365,,,,,2.18,-0.98
40.253,ROTATION_SCAN,2.1478,-1.0255,0.302,-144.05,0.28,1.82,15.0,0.0174,0.0065,0.0001,0.203,0.846,1.365,,,,,2.18,-0.98
40.293,ROTATION_SCAN,2.1504,-1.024,0.303,-143.22,0.34,1.79,15.0,0.0323,0.0205,0.0063,0.203,,1.714,1.114,,,,2.18,-0.98
40.334,ROTATION_SCAN,2.1526,-1.0223,0.307,-142.45,0.42,1.7,15.0,0.0431,0.0335,0.0058,0.212,,1.714,1.114,,,,2.18,-0.98
40.374,ROTATION_SCAN,2.1557,-1.0201,0.301,-141.64,0.39,1.41,15.0,0.0529,0.0453,0.01,0.212,,,1.121,,,,2.18,-0.98
40.431,ROTATION_SCAN,2.1589,-1.0181,0.301,-140.84,0.41,1.07,15.0,0.0598,0.0529,-0.0074,0.222,,,1.121,,,,2.18,-0.98
40.511,ROTATION_SCAN,2.1621,-1.0149,0.301,-139.96,0.37,0.63,15.0,0.0635,0.0613,-0.0064,0.222,,,1.132,,,,2.18,-0.98
40.54,ROTATION_SCAN,2.1649,-1.0117,0.302,-139.08,0.32,0.33,15.0,0.0634,0.066,-0.0059,0.238,,,1.132,,,,2.18,-0.98
40.61,ROTATION_SCAN,2.1669,-1.0083,0.299,-138.2,0.28,-0.09,15.0,0.0597,0.0684,-0.0049,0.238,,,1.136,,,,2.18,-0.98
40.63,ROTATION_SCAN,2.1678,-1.0059,0.299,-137.31,0.26,-0.25,15.0,0.052,0.0667,-0.0126,0.246,,,1.136,,,,2.18,-0.98
40.74,ROTATION_SCAN,2.1694,-1.0042,0.299,-136.39,0.32,-0.45,15.0,0.0457,0.0622,-0.0093,0.246,,,1.143,,,,2.18,-0.98
40.75,ROTATION_SCAN,2.1705,-1.0017,0.3,-135.49,0.24,-0.48,15.0,0.0384,0.0597,-0.0082,0.257,,,1.143,,,,2.18,-0.98
40.786,ROTATION_SCAN,2.1709,-0.9991,0.302,-134.63,0.14,-0.56,15.0,0.0303,0.0565,-0.0053,0.257,,,1.162,,,,2.18,-0.98
40.824,ROTATION_SCAN,2.1721,-0.996,0.299,-133.76,-0.01,-0.53,15.0,0.0265,0.0538,0.0003,0.272,,,1.162,,,,2.18,-0.98
40.915,ROTATION_SCAN,2.1719,-0.994,0.298,-132.86,-0.05,-0.51,15.0,0.0203,0.049,-0.0089,0.272,,,1.186,,,,2.18,-0.98
40.938,ROTATION_SCAN,2.1713,-0.991,0.299,-132.0,-0.06,-0.47,15.0,0.0143,0.0472,-0.0086,0.286,,,1.186,,,,2.18,-0.98
40.983,ROTATION_SCAN,2.1695,-0.9883,0.3,-131.17,-0.16,-0.44,15.0,0.0065,0.0444,-0.0061,0.286,,,1.218,,,,2.18,-0.98
41.045,ROTATION_SCAN,2.1683,-0.9852,0.297,-130.42,-0.24,-0.46,15.0,0.002,0.0424,-0.0051,0.288,,,1.218,,,,2.18,-0.98
41.078,ROTATION_SCAN,2.1671,-0.9848,0.298,-129.67,-0.41,-0.38,15.0,-0.0013,0.0339,-0.0103,0.288,,,1.229,,,,2.18,-0.98
41.137,ROTATION_SCAN,2.1647,-0.9844,0.296,-128.98,-0.5,-0.34,15.0,-0.0055,0.0255,-0.0042,0.298,,,1.229,,,,2.18,-0.98
41.184,ROTATION_SCAN,2.1632,-0.9842,0.297,-128.28,-0.54,-0.21,15.0,-0.0059,0.0188,-0.0078,0.298,,,1.212,,,,2.18,-0.98
41.228,ROTATION_SCAN,2.161,-0.9865,0.297,-127.53,-0.53,-0.07,15.0,-0.0076,0.0076,-0.0022,0.303,,,1.212,,,,2.18,-0.98
41.301,ROTATION_SCAN,2.1587,-0.9901,0.295,-126.77,-0.58,0.01,15.0,-0.0085,-0.0046,-0.0026,0.303,,,,,,,2.18,-0.98
41.335,ROTATION_SCAN,2.1568,-0.9922,0.297,-125.99,-0.58,0.09,15.0,-0.0072,-0.0112,-0.0044,0.311,,,,,,,2.18,-0.98
41.404,ROTATION_SCAN,2.1549,-0.9966,0.296,-125.22,-0.58,0.31,15.0,-0.0057,-0.0212,0.0013,0.311,,,0.947,,,,2.18,-0.98
41.445,ROTATION_SCAN,2.154,-0.9998,0.296,-124.49,-0.51,0.48,15.0,-0.0016,-0.0259,0.0005,0.326,,,0.947,,,,2.18,-0.98
41.477,ROTATION_SCAN,2.1539,-1.0018,0.297,-123.77,-0.45,0.79,15.0,0.0047,-0.025,0.0015,0.326,0.538,,0.852,,,,2.18,-0.98
41.545,ROTATION_SCAN,2.1551,-1.0038,0.296,-123.05,-0.35,0.91,15.0,0.0136,-0.0221,0.0043,0.339,0.538,,0.852,,,,2.18,-0.98
41.573,ROTATION_SCAN,2.1546,-1.0087,0.299,-122.31,-0.24,1.12,15.0,0.0176,-0.0248,0.0008,0.339,0.529,,0.813,,,,2.18,-0.98
41.636,ROTATION_SCAN,2.1559,-1.0115,0.296,-121.59,-0.14,1.2,15.0,0.0251,-0.0208,0.0088,0.355,0.529,,0.813,,,,2.18,-0.98
41.737,ROTATION_SCAN,2.1567,-1.0137,0.298,-120.85,0.08,1.26,15.0,0.0294,-0.0146,-0.0009,0.355,0.52,,0.791,,,,2.18,-0.98
41.822,ROTATION_SCAN,2.1582,-1.0153,0.299,-120.14,0.15,1.3,15.0,0.0339,-0.0069,0.0067,0.364,0.52,,0.791,,,,2.18,-0.98
41.855,ROTATION_SCAN,2.1609,-1.0155,0.299,-119.43,0.32,1.29,15.0,0.0394,0.004,0.0065,0.364,0.516,,0.782,,,,2.18,-0.98
41.891,ROTATION_SCAN,2.1634,-1.0156,0.299,-118.75,0.38,1.16,15.0,0.0428,0.0136,0.0041,0.383,0.516,,0.782,,,,2.18,-0.98
41.924,ROTATION_SCAN,2.1653,-1.0142,0.297,-118.1,0.42,1.12,15.0,0.0437,0.0253,0.0035,0.383,0.507,,0.779,,,,2.18,-0.98
41.969,ROTATION_SCAN,2.1679,-1.0133,0.298,-117.46,0.46,0.91,15.0,0.0454,0.0333,-0.002,0.403,0.507,,0.779,,,,2.18,-0.98
42.004,ROTATION_SCAN,2.1697,-1.0115,0.299,-116.79,0.47,0.77,15.0,0.0439,0.0417,0.001,0.403,0.501,,0.779,,,,2.18,-0.98
42.047,ROTATION_SCAN,2.1709,-1.0094,0.299,-116.08,0.5,0.72,15.0,0.0408,0.0493,0.0041,0.428,0.501,,0.779,,,,2.18,-0.98
42.086,ROTATION_SCAN,2.1719,-1.0064,0.299,-115.38,0.66,0.56,15.0,0.0363,0.0573,0.0024,0.428,0.492,,0.777,,,,2.18,-0.98
42.159,ROTATION_SCAN,2.1724,-1.0039,0.3,-114.67,0.58,0.44,15.0,0.0307,0.0625,0.0037,0.449,0.492,,0.777,,,,2.18,-0.98
42.174,ROTATION_SCAN,2.1741,-0.9997,0.3,-114.02,0.51,0.16,15.0,0.0278,0.0689,0.0037,0.449,0.487,,0.782,,,,2.18,-0.98
42.273,ROTATION_SCAN,2.1736,-0.9996,0.299,-113.34,0.19,-0.06,15.0,0.0217,0.0636,0.0029,0.472,0.487,,0.782,,,,2.18,-0.98
42.279,ROTATION_SCAN,2.1731,-0.9968,0.302,-112.71,0.11,-0.26,15.0,0.0168,0.062,0.0012,0.472,0.48,,0.777,,,,2.18,-0.98
42.366,ROTATION_SCAN,2.1713,-0.9944,0.303,-112.03,-0.0,-0.41,15.0,0.0095,0.0577,0.0065,0.489,0.48,,0.777,,,,2.18,-0.98
42.398,ROTATION_SCAN,2.1722,-0.9913,0.3,-111.32,-0.08,-0.48,15.0,0.0095,0.0544,0.0072,0.489,0.482,,0.785,,,,2.18,-0.98
42.443,ROTATION_SCAN,2.1717,-0.9895,0.301,-110.57,-0.08,-0.61,15.0,0.0065,0.0482,-0.0005,0.514,0.482,,0.785,,,,2.18,-0.98
42.489,ROTATION_SCAN,2.17,-0.9893,0.302,-109.84,-0.06,-0.61,15.0,0.0008,0.0384,0.002,0.514,0.479,,0.798,,,,2.18,-0.98
42.55,ROTATION_SCAN,2.1688,-0.9943,0.301,-109.05,-0.22,-0.64,15.0,-0.0022,0.0186,0.0038,0.537,0.479,,0.798,,,,2.18,-0.98
42.604,ROTATION_SCAN,2.1663,-0.9963,0.305,-108.27,-0.08,-0.53,15.0,-0.0076,0.0072,0.0002,0.537,0.486,,0.817,,,,2.18,-0.98
42.656,ROTATION_SCAN,2.1661,-1.0002,0.304,-107.51,-0.16,-0.44,15.0,-0.0074,-0.006,0.0101,0.561,0.486,,0.817,,,,2.18,-0.98
42.725,ROTATION_SCAN,2.161,-1.0088,0.303,-106.78,-0.16,-0.37,15.0,-0.0167,-0.0266,0.0042,0.561,0.49,,0.85,,,,2.18,-0.98
42.73,ROTATION_SCAN,2.1592,-1.0141,0.306,-106.08,-0.3,-0.03,15.0,-0.0172,-0.0368,0.0021,0.602,0.49,,0.85,,,,2.18,-0.98
42.807,ROTATION_SCAN,2.1572,-1.0212,0.301,-105.4,-0.33,0.43,15.0,-0.0163,-0.0459,0.007,0.602,0.496,,0.896,,,,2.18,-0.98
42.837,ROTATION_SCAN,2.1556,-1.0299,0.303,-104.71,-0.48,0.88,15.0,-0.0132,-0.0546,-0.0094,0.644,0.496,,0.896,,,,2.18,-0.98
42.934,ROTATION_SCAN,2.1548,-1.0355,0.296,-103.99,-0.45,1.23,15.0,-0.0075,-0.0525,-0.0032,0.644,0.51,,,,,,2.18,-0.98
42.96,ROTATION_SCAN,2.155,-1.0389,0.299,-103.18,-0.53,1.51,15.0,0.0003,-0.0438,-0.0175,0.696,0.51,,,,,,2.18,-0.98
42.978,ROTATION_SCAN,2.1559,-1.0412,0.302,-102.31,-0.48,1.87,15.0,0.0096,-0.0305,-0.0023,0.696,0.519,,,,,,2.18,-0.98
43.029,ROTATION_SCAN,2.157,-1.0442,0.304,-101.39,-0.36,2.0,15.0,0.0174,-0.0182,0.0022,0.767,0.519,,,,,,2.18,-0.98
43.098,ROTATION_SCAN,2.1592,-1.0451,0.303,-100.54,-0.31,2.22,15.0,0.0259,-0.0016,0.0047,0.767,0.534,,1.149,,,,2.18,-0.98
43.122,ROTATION_SCAN,2.1617,-1.0469,0.305,-99.66,-0.26,2.23,15.0,0.0338,0.0124,0.0046,0.924,0.534,,1.149,,,,2.18,-0.98
43.187,ROTATION_SCAN,2.1666,-1.0423,0.309,-98.78,-0.15,2.22,15.0,0.0452,0.0389,0.0061,0.924,0.543,,,,,,2.18,-0.98
43.256,ROTATION_SCAN,2.1701,-1.0382,0.303,-97.96,0.02,1.86,15.0,0.0507,0.0595,0.0109,,0.543,,,,,,2.18,-0.98
43.301,ROTATION_SCAN,2.1722,-1.0356,0.302,-97.2,0.14,1.4,15.0,0.0507,0.072,-0.0066,,0.562,,,,,,2.18,-0.98
43.342,ROTATION_SCAN,2.1754,-1.0343,0.298,-96.48,0.31,0.98,15.0,0.0513,0.0761,-0.0048,,0.562,,,,,,2.18,-0.98
43.379,ROTATION_SCAN,2.1767,-1.0319,0.302,-95.79,0.4,0.77,15.0,0.0465,0.0809,-0.0127,,0.581,,,,,,2.18,-0.98
43.426,ROTATION_SCAN,2.1788,-1.0286,0.304,-95.09,0.56,0.47,15.0,0.042,0.0843,-0.0,1.792,0.581,,,,,,2.18,-0.98
43.509,ROTATION_SCAN,2.1809,-1.0243,0.305,-94.32,0.6,0.23,15.0,0.0374,0.0874,0.0019,1.792,0.622,,,,,,2.18,-0.98
43.541,ROTATION_SCAN,2.1822,-1.0205,0.303,-93.56,0.77,-0.07,15.0,0.0304,0.0872,0.0039,,0.622,,,,,,2.18,-0.98
43.602,ROTATION_SCAN,2.184,-1.0182,0.302,-92.8,0.7,-0.28,15.0,0.0249,0.0809,-0.0026,,0.728,,,,,,2.18,-0.98
43.627,ROTATION_SCAN,2.1848,-1.0146,0.299,-92.07,0.63,-0.36,15.0,0.0185,0.0772,-0.0047,1.65,0.728,,,,,,2.18,-0.98
43.686,ROTATION_SCAN,2.1867,-1.0107,0.305,-91.3,0.63,-0.36,15.0,0.0157,0.0746,-0.011,1.65,0.807,,,,,,2.18,-0.98
43.754,ROTATION_SCAN,2.1868,-1.0086,0.3,-90.51,0.63,-0.32,15.0,0.0091,0.0679,0.0043,1.61,0.807,,,,,,2.18,-0.98
43.85,ROTATION_SCAN,2.1881,-1.0066,0.302,-89.76,0.82,-0.34,15.0,0.0049,0.0621,-0.0099,1.61,,0.694,,,,,2.5,-0.98
43.92,ROTATION_SCAN,2.1883,-1.005,0.303,-89.04,0.75,-0.22,-0.0,-0.0015,0.0563,-0.0016,1.6,,0.694,,,,,2.5,-0.98
43.989,NAV_WAYPOINT,2.1858,-1.0028,0.301,-88.47,0.66,-0.48,-0.0,-0.013,0.0517,-0.0017,1.6,,0.687,,,2.5,-1.02,2.5,-0.98
43.999,NAV_WAYPOINT,2.1843,-1.0027,0.303,-88.06,0.46,-0.59,-0.0,-0.0193,0.0412,-0.0082,1.585,,0.687,,,2.5,-1.02,2.5,-0.98
44.012,NAV_WAYPOINT,2.1833,-1.0027,0.303,-87.8,0.29,-0.5,-0.0,-0.022,0.032,-0.002,1.585,,0.682,,,2.5,-1.02,2.5,-0.98
44.022,NAV_WAYPOINT,2.1819,-1.0037,0.301,-87.67,0.2,-0.45,-0.0,-0.0246,0.0222,-0.0035,1.587,,0.682,,,2.5,-1.02,2.5,-0.98
44.082,NAV_WAYPOINT,2.1809,-1.0055,0.302,-87.63,-0.04,-0.28,-0.0,-0.0246,0.013,-0.009,1.587,,0.682,,,2.5,-1.02,2.5,-0.98
44.186,NAV_WAYPOINT,2.1772,-1.0064,0.305,-87.71,-1.85,-0.32,-0.0,-0.0222,0.0068,-0.0058,1.582,,0.682,,,2.5,-1.02,2.5,-0.98
44.191,NAV_WAYPOINT,2.1758,-1.008,0.303,-87.83,-3.57,-0.29,-0.0,0.0018,0.0007,0.0005,1.582,,0.685,,,2.5,-1.02,2.5,-0.98
44.292,NAV_WAYPOINT,2.1759,-1.0091,0.3,-87.9,-4.55,-0.33,-0.0,0.0359,-0.0035,-0.0084,1.579,,0.685,,,2.5,-1.02,2.5,-0.98
44.336,NAV_WAYPOINT,2.1793,-1.011,0.3,-88.0,-5.01,-0.36,-0.0,0.0797,-0.0097,-0.0147,1.579,,0.686,,,2.5,-1.02,2.5,-0.98
44.392,NAV_WAYPOINT,2.1879,-1.0115,0.297,-88.16,-5.16,-0.36,-0.0,0.1338,-0.0103,-0.0128,1.573,,0.686,,,2.5,-1.02,2.5,-0.98
44.413,NAV_WAYPOINT,2.1971,-1.013,0.301,-88.32,-4.96,-0.26,-0.0,0.1814,-0.0137,-0.0194,1.573,,0.675,,,2.5,-1.02,2.5,-0.98
44.449,NAV_WAYPOINT,2.2078,-1.0142,0.295,-88.47,-4.28,-0.25,-0.0,0.2234,-0.0162,-0.0023,1.567,,0.675,,,2.5,-1.02,2.5,-0.98
44.487,NAV_WAYPOINT,2.2203,-1.0162,0.299,-88.51,-3.41,-0.08,-0.0,0.2571,-0.0201,-0.0162,1.567,,0.657,,,2.5,-1.02,2.5,-0.98
44.547,NAV_WAYPOINT,2.2359,-1.0179,0.297,-88.46,-2.54,0.05,-0.0,0.2874,-0.0213,0.0029,1.557,,0.657,,,2.5,-1.02,2.5,-0.98
44.579,NAV_WAYPOINT,2.2513,-1.0194,0.299,-88.41,-1.7,0.11,-0.0,0.3062,-0.0219,-0.0031,1.557,,0.626,,,2.5,-1.02,2.5,-0.98
44.644,NAV_WAYPOINT,2.2692,-1.0216,0.298,-88.28,-1.13,0.12,-0.0,0.3231,-0.0246,0.0032,1.539,,0.626,,,2.5,-1.02,2.5,-0.98
44.674,NAV_WAYPOINT,2.2852,-1.0228,0.297,-88.22,-0.62,0.23,-0.0,0.3294,-0.0229,0.0012,1.539,0.475,0.599,,,2.5,-1.02,2.5,-0.98
44.751,NAV_WAYPOINT,2.3007,-1.0249,0.297,-88.16,-0.24,0.45,-0.0,0.3299,-0.0232,0.0012,1.508,0.475,0.599,,,2.5,-1.02,2.5,-0.98
44.773,NAV_WAYPOINT,2.3167,-1.0272,0.298,-88.1,0.08,0.67,-0.0,0.3284,-0.0223,0.0033,1.508,0.451,0.573,,,2.5,-1.02,2.5,-0.98
44.824,NAV_WAYPOINT,2.3361,-1.0289,0.301,-88.0,0.23,0.98,-0.0,0.326,-0.0172,0.0067,1.46,0.451,0.573,,,2.5,-1.02,2.5,-0.98
44.908,NAV_WAYPOINT,2.3531,-1.0308,0.297,-87.86,0.33,0.95,-0.0,0.3251,-0.0122,0.0111,1.46,0.455,0.55,,,2.5,-1.02,2.5,-0.98
44.926,NAV_WAYPOINT,2.3687,-1.0317,0.299,-87.68,0.33,1.15,-0.0,0.3205,-0.0053,0.0009,1.392,0.455,0.55,,,2.5,-1.02,2.5,-0.98
45.001,NAV_WAYPOINT,2.3824,-1.0322,0.301,-87.51,0.45,1.11,-0.0,0.3112,0.0034,0.0069,1.392,0.463,0.517,,,2.5,-1.02,2.5,-0.98
45.06,NAV_WAYPOINT,2.3957,-1.0319,0.3,-87.37,0.43,1.15,-0.0,0.302,0.013,0.0108,1.32,0.463,0.517,,,2.5,-1.02,2.5,-0.98
45.128,NAV_WAYPOINT,2.4088,-1.031,0.302,-87.21,0.32,1.1,-0.0,0.2933,0.0226,0.0047,1.32,0.46,0.495,,,2.5,-1.02,2.5,-0.98
45.197,NAV_WAYPOINT,2.422,-1.03,0.298,-87.02,0.35,1.09,-0.0,0.2865,0.0315,0.0085,1.24,0.46,0.495,,,2.5,-1.02,2.5,-0.98
45.205,NAV_WAYPOINT,2.4373,-1.0284,0.303,-86.9,0.23,1.0,-0.0,0.2861,0.0391,-0.0026,1.24,0.462,0.464,,,2.5,-1.02,2.5,-0.98
45.242,NAV_WAYPOINT,2.4496,-1.0267,0.3,-86.87,0.18,0.75,-0.0,0.2793,0.0465,0.0091,1.198,0.462,0.464,,,2.5,-1.02,2.5,-0.98
45.295,NAV_WAYPOINT,2.4616,-1.0251,0.302,-86.85,0.06,0.61,-0.0,0.2732,0.0505,-0.0027,1.198,0.473,0.439,,,2.5,-1.02,2.5,-0.98
45.346,NAV_WAYPOINT,2.4734,-1.0224,0.299,-86.97,0.09,0.27,-0.0,0.2676,0.0551,0.0033,1.169,0.473,0.439,,,2.5,-0.98,2.5,-0.98
45.39,NAV_WAYPOINT,2.486,-1.0215,0.301,-87.09,0.56,0.2,-0.0,0.2643,0.0532,-0.0024,1.169,0.477,0.414,,,2.5,-0.98,2.5,-0.98
45.423,NAV_WAYPOINT,2.4989,-1.0193,0.301,-87.19,1.41,-0.04,-0.0,0.2558,0.0524,0.0023,1.157,0.477,0.414,,,2.5,-0.98,2.5,-0.98
45.507,NAV_WAYPOINT,2.5128,-1.0166,0.301,-87.27,2.64,-0.14,-0.0,0.2438,0.0508,0.0039,1.157,0.501,0.393,,,2.5,-0.98,2.5,-0.98
45.553,NAV_WAYPOINT,2.5228,-1.0138,0.299,-87.44,3.09,0.45,-0.0,0.2149,0.0509,0.001,1.146,0.501,0.393,,,2.5,-0.98,2.5,-0.98
45.612,NAV_WAYPOINT,2.5321,-1.0134,0.3,-87.61,3.45,0.97,-0.0,0.1861,0.0516,-0.0038,1.146,0.558,0.37,,,2.5,-0.98,2.5,-0.98
45.645,NAV_WAYPOINT,2.54,-1.013,0.3,-87.81,4.0,1.08,-0.0,0.1527,0.0548,-0.0019,1.14,0.558,0.37,,,2.5,-0.98,2.5,-0.98
45.678,NAV_WAYPOINT,2.5443,-1.0119,0.3,-87.92,4.12,1.12,-0.0,0.1136,0.061,-0.0024,1.14,0.658,0.356,,,2.5,-0.98,2.5,-0.98
45.746,NAV_WAYPOINT,2.5504,-1.0101,0.3,-88.1,4.13,1.16,-0.0,0.0806,0.0673,-0.0036,1.145,0.658,0.356,,,2.5,-0.98,2.5,-0.98
45.791,NAV_WAYPOINT,2.5541,-1.0059,0.301,-88.27,4.06,1.2,-0.0,0.0446,0.0776,-0.0032,1.145,,0.348,,,2.5,-0.98,2.5,-0.98
45.821,NAV_WAYPOINT,2.5555,-1.0026,0.302,-88.49,3.85,1.11,-0.0,0.0099,0.0854,0.0009,1.154,,0.348,,,2.5,-0.98,2.5,-0.98
45.895,NAV_WAYPOINT,2.5551,-1.0,0.302,-88.67,3.58,0.89,-0.0,-0.0225,0.0902,0.0006,1.154,,0.343,,,2.5,-0.98,2.5,-0.98
45.925,NAV_WAYPOINT,2.5535,-0.9971,0.301,-88.85,3.36,0.6,-0.0,-0.0514,0.0931,-0.0024,1.162,,0.343,,,2.5,-0.98,2.5,-0.98
46.0,NAV_WAYPOINT,2.5515,-0.9946,0.303,-88.92,3.02,0.35,-0.0,-0.0708,0.0921,-0.0061,1.162,,0.345,,,2.5,-0.98,2.5,-0.98
46.051,NAV_WAYPOINT,2.5453,-0.9922,0.299,-88.96,2.74,0.17,-0.0,-0.1005,0.0908,-0.0015,1.173,,0.345,,,2.5,-0.98,2.5,-0.98
46.076,NAV_WAYPOINT,2.5405,-0.9904,0.297,-88.98,2.37,0.02,-0.0,-0.1201,0.0865,-0.0144,1.173,,0.345,,,2.5,-0.98,2.5,-0.98
46.146,NAV_WAYPOINT,2.5348,-0.9889,0.3,-88.99,1.77,-0.2,-0.0,-0.136,0.0809,-0.0146,1.188,,0.345,,,2.5,-0.98,2.5,-0.98
46.172,NAV_WAYPOINT,2.5284,-0.9883,0.3,-89.04,1.17,-0.26,-0.0,-0.1468,0.0727,-0.003,1.188,,0.351,,,2.5,-0.98,2.5,-0.98
46.28,NAV_WAYPOINT,2.5234,-0.9881,0.299,-89.06,0.61,-0.37,-0.0,-0.1475,0.0642,-0.002,1.196,,0.351,,,,,2.5,-0.98
46.43,LANDING_REGION_SCAN,2.5178,-0.9866,0.299,-89.06,-0.05,-0.48,-0.0,-0.1449,0.0577,-0.0049,1.196,,0.364,,,,,3.62,-0.96
46.464,SCAN_NAV_WAYPOINT,2.5103,-0.9862,0.301,-89.04,-0.43,-0.53,-0.0,-0.1433,0.0484,-0.002,1.206,,0.364,,,2.52,-1.22,3.62,-0.96
46.503,SCAN_NAV_WAYPOINT,2.5064,-0.9844,0.299,-89.04,-1.16,-0.63,-0.0,-0.1294,0.0428,0.0035,1.206,,0.372,,,2.52,-1.22,3.62,-0.96
46.507,SCAN_NAV_WAYPOINT,2.5022,-0.9826,0.301,-89.03,-1.89,-0.71,-0.0,-0.1115,0.0377,-0.0015,1.212,,0.372,,,2.52,-1.22,3.62,-0.96
46.579,SCAN_NAV_WAYPOINT,2.4991,-0.9818,0.298,-89.01,-2.21,-0.59,-0.0,-0.0885,0.0304,0.0038,1.212,0.512,0.378,,,2.52,-1.22,3.62,-0.96
46.648,SCAN_NAV_WAYPOINT,2.4961,-0.9814,0.301,-89.04,-2.26,-0.53,-0.0,-0.0667,0.0233,-0.0014,1.22,0.512,0.378,,,2.52,-1.22,3.62,-0.96
46.693,SCAN_NAV_WAYPOINT,2.4958,-0.9832,0.304,-89.08,-2.09,-1.51,-0.0,-0.0407,0.0103,0.0086,1.22,0.494,0.381,,,2.52,-1.22,3.62,-0.96
46.705,SCAN_NAV_WAYPOINT,2.4983,-0.9815,0.302,-89.22,-1.61,-3.43,-0.0,-0.0128,-0.0023,0.0153,1.22,0.494,0.381,,,2.52,-1.22,3.62,-0.96
46.741,SCAN_NAV_WAYPOINT,2.5008,-0.9828,0.3,-89.29,-1.11,-4.26,-0.0,0.0073,-0.0334,0.0059,1.22,0.513,0.38,,,2.52,-1.22,3.62,-0.96
46.775,SCAN_NAV_WAYPOINT,2.5041,-0.9859,0.302,-89.32,-0.68,-4.87,-0.0,0.0228,-0.0715,0.0017,1.213,0.513,0.38,,,2.52,-1.22,3.62,-0.96
46.79,SCAN_NAV_WAYPOINT,2.5084,-0.992,0.303,-89.3,-0.36,-4.93,-0.0,0.0361,-0.1143,0.0054,1.213,0.544,0.375,,,2.52,-1.22,3.62,-0.96
46.849,SCAN_NAV_WAYPOINT,2.5122,-1.0007,0.305,-89.17,-0.09,-4.63,-0.0,0.0436,-0.1595,0.0055,1.185,0.544,0.375,,,2.52,-1.22,3.62,-0.96
46.879,SCAN_NAV_WAYPOINT,2.5166,-1.0125,0.301,-89.04,0.01,-4.13,-0.0,0.0507,-0.2026,0.005,1.185,,0.373,,,2.52,-1.22,3.62,-0.96
46.943,SCAN_NAV_WAYPOINT,2.5204,-1.0251,0.301,-88.93,0.16,-3.42,-0.0,0.0539,-0.2385,-0.0073,1.158,,0.373,,,2.52,-1.22,3.62,-0.96
46.976,SCAN_NAV_WAYPOINT,2.5242,-1.0383,0.299,-88.8,0.37,-2.55,-0.0,0.0558,-0.2651,-0.0062,1.158,,0.382,,,2.52,-1.22,3.62,-0.96
47.039,SCAN_NAV_WAYPOINT,2.5284,-1.053,0.298,-88.67,0.55,-1.98,-0.0,0.0564,-0.2855,-0.0106,1.121,,0.382,,,2.52,-1.22,3.62,-0.96
47.127,SCAN_NAV_WAYPOINT,2.5325,-1.0687,0.3,-88.51,0.76,-1.32,-0.0,0.055,-0.3008,-0.0119,1.121,,0.408,,,2.52,-1.22,3.62,-0.96
47.132,SCAN_NAV_WAYPOINT,2.5367,-1.0838,0.298,-88.41,0.94,-0.72,-0.0,0.0523,-0.3071,-0.0025,1.087,,0.408,,,2.52,-1.22,3.62,-0.96
47.189,SCAN_NAV_WAYPOINT,2.5407,-1.1011,0.299,-88.31,1.06,-0.28,-0.0,0.0485,-0.3154,-0.0071,1.087,,,0.548,,2.52,-1.22,3.62,-0.96
47.269,SCAN_NAV_WAYPOINT,2.5435,-1.1161,0.299,-88.19,1.2,0.07,-0.0,0.0406,-0.3144,-0.0024,1.049,,,0.548,,2.52,-1.22,3.62,-0.96
47.324,SCAN_NAV_WAYPOINT,2.5455,-1.1299,0.299,-88.03,1.34,0.48,-0.0,0.0307,-0.3075,0.0003,1.049,,,0.54,,2.52,-1.22,3.62,-0.96
47.349,SCAN_NAV_WAYPOINT,2.5465,-1.1437,0.297,-87.85,1.51,0.63,-0.0,0.0181,-0.2996,-0.0017,1.015,,,0.54,,2.52,-1.22,3.62,-0.96
47.385,SCAN_NAV_WAYPOINT,2.5475,-1.1556,0.299,-87.7,1.54,0.65,-0.0,0.0059,-0.287,-0.0085,1.015,,,0.537,,2.52,-1.22,3.62,-0.96
47.431,SCAN_NAV_WAYPOINT,2.548,-1.1677,0.301,-87.6,1.52,0.53,-0.0,-0.006,-0.2768,-0.0007,0.99,,,0.537,,2.52,-1.22,3.62,-0.96
47.499,SCAN_NAV_WAYPOINT,2.5487,-1.1812,0.299,-87.5,1.41,0.45,-0.0,-0.0158,-0.2725,0.0014,0.99,,,0.542,,2.52,-1.22,3.62,-0.96
47.536,SCAN_NAV_WAYPOINT,2.548,-1.1916,0.299,-87.46,1.38,0.73,-0.0,-0.0266,-0.2611,-0.0062,0.965,,,0.542,,2.52,-1.22,3.62,-0.96
47.571,SCAN_NAV_WAYPOINT,2.5475,-1.204,0.297,-87.48,1.26,1.19,-0.0,-0.0358,-0.2532,-0.0049,0.965,,,0.542,,2.52,-1.22,3.62,-0.96
47.633,SCAN_NAV_WAYPOINT,2.5464,-1.2127,0.296,-87.5,1.19,1.65,-0.0,-0.0445,-0.2334,-0.0086,0.943,,,0.542,,2.52,-1.22,3.62,-0.96
47.724,SCAN_NAV_WAYPOINT,2.5449,-1.2218,0.298,-87.52,0.99,2.3,-0.0,-0.0524,-0.2128,-0.0113,0.943,0.735,,0.543,,2.52,-1.22,3.62,-0.96
47.772,SCAN_NAV_WAYPOINT,2.5424,-1.2322,0.299,-87.5,0.86,2.6,-0.0,-0.0606,-0.1929,-0.0031,0.931,0.735,,0.543,,3.62,-1.22,3.62,-0.96
47.777,SCAN_NAV_WAYPOINT,2.5392,-1.2401,0.297,-87.48,0.71,2.89,-0.0,-0.0683,-0.1673,-0.003,0.931,,,0.54,,3.62,-1.22,3.62,-0.96
47.857,SCAN_NAV_WAYPOINT,2.5376,-1.2449,0.296,-87.43,0.49,2.9,-0.0,-0.0702,-0.1371,-0.0071,0.916,,,0.54,,3.62,-1.22,3.62,-0.96
47.937,SCAN_NAV_WAYPOINT,2.5334,-1.25,0.298,-87.51,-0.65,2.92,-0.0,-0.0751,-0.1094,-0.0098,0.916,,,0.539,,3.62,-1.22,3.62,-0.96
48.0,SCAN_NAV_WAYPOINT,2.5286,-1.2539,0.299,-87.63,-3.28,2.88,-0.0,-0.0631,-0.0795,0.0018,0.912,,,0.539,,3.62,-1.22,3.62,-0.96
48.028,SCAN_NAV_WAYPOINT,2.5273,-1.2561,0.298,-87.7,-4.75,2.55,-0.0,-0.0284,-0.0528,0.0015,0.912,0.735,,0.53,,3.62,-1.22,3.62,-0.96
48.064,SCAN_NAV_WAYPOINT,2.5264,-1.2583,0.297,-87.76,-5.63,2.23,-0.0,0.0136,-0.0303,-0.0032,0.9,0.735,,0.53,,3.62,-1.22,3.62,-0.96
48.081,SCAN_NAV_WAYPOINT,2.5302,-1.2583,0.298,-87.8,-5.92,1.73,-0.0,0.067,-0.0104,-0.0032,0.9,0.743,,0.538,,3.62,-1.22,3.62,-0.96
48.146,SCAN_NAV_WAYPOINT,2.5362,-1.2573,0.298,-87.81,-5.85,1.28,-0.0,0.1209,0.0065,0.0009,0.897,0.743,,0.538,,3.62,-1.22,3.62,-0.96
48.178,SCAN_NAV_WAYPOINT,2.5456,-1.2562,0.299,-87.74,-5.3,0.83,-0.0,0.1734,0.0157,-0.0005,0.897,0.76,,0.55,,3.62,-1.22,3.62,-0.96
48.252,SCAN_NAV_WAYPOINT,2.5597,-1.2539,0.296,-87.68,-4.6,0.48,-0.0,0.2251,0.0209,0.0008,0.89,0.76,,0.55,,3.62,-1.22,3.62,-0.96
48.288,SCAN_NAV_WAYPOINT,2.5719,-1.253,0.296,-87.7,-3.78,0.16,-0.0,0.261,0.0243,-0.0061,0.89,,,0.572,,3.62,-1.22,3.62,-0.96
48.331,SCAN_NAV_WAYPOINT,2.5906,-1.2503,0.295,-87.63,-2.98,0.1,-0.0,0.3017,0.025,-0.0043,0.89,,,0.572,,3.62,-1.22,3.62,-0.96
48.378,SCAN_NAV_WAYPOINT,2.6069,-1.2492,0.298,-87.62,-1.97,-0.08,-0.0,0.3253,0.0238,-0.0022,0.89,0.937,,0.598,,3.62,-1.22,3.62,-0.96
48.421,SCAN_NAV_WAYPOINT,2.6247,-1.2476,0.299,-87.64,-1.0,-0.09,-0.0,0.3415,0.0242,0.0071,0.884,0.937,,0.598,,3.62,-1.22,3.62,-0.96
48.496,SCAN_NAV_WAYPOINT,2.6425,-1.247,0.295,-87.63,-0.28,-0.1,-0.0,0.3479,0.0197,0.0074,0.884,,,0.629,,3.62,-1.22,3.62,-0.96
48.546,SCAN_NAV_WAYPOINT,2.6599,-1.2465,0.295,-87.64,0.38,-0.0,-0.0,0.3479,0.0173,-0.0013,0.889,,,0.629,,3.62,-1.22,3.62,-0.96
48.577,SCAN_NAV_WAYPOINT,2.6773,-1.2462,0.296,-87.65,0.94,0.09,-0.0,0.3427,0.015,0.0061,0.889,,,0.659,,3.62,-1.22,3.62,-0.96
48.65,SCAN_NAV_WAYPOINT,2.6921,-1.2455,0.297,-87.79,1.35,0.15,-0.0,0.3278,0.0164,0.0136,0.895,,,0.659,,3.62,-1.22,3.62,-0.96
48.673,SCAN_NAV_WAYPOINT,2.7078,-1.2454,0.297,-87.98,1.31,0.22,-0.0,0.3154,0.0152,0.0125,0.895,,,0.689,,3.62,-1.22,3.62,-0.96
48.747,SCAN_NAV_WAYPOINT,2.7211,-1.2459,0.297,-88.24,1.3,0.2,-0.0,0.2987,0.0136,0.0103,0.904,,,0.689,,3.62,-1.22,3.62,-0.96
48.804,SCAN_NAV_WAYPOINT,2.7331,-1.2462,0.299,-88.57,1.17,0.05,-0.0,0.2815,0.0121,0.0108,0.904,,,0.715,,3.62,-1.22,3.62,-0.96
48.848,SCAN_NAV_WAYPOINT,2.7451,-1.2462,0.302,-88.81,0.94,-0.15,-0.0,0.2674,0.0104,0.0094,0.91,,,0.715,,3.62,-1.22,3.62,-0.96
48.926,SCAN_NAV_WAYPOINT,2.7572,-1.2465,0.299,-89.02,0.8,-0.26,-0.0,0.2571,0.0067,0.0125,0.91,,,0.735,,3.62,-1.22,3.62,-0.96
48.938,SCAN_NAV_WAYPOINT,2.7678,-1.2472,0.3,-89.16,0.73,-0.18,-0.0,0.2456,0.0024,-0.0,0.924,,,0.735,,3.62,-1.22,3.62,-0.96
48.999,SCAN_NAV_WAYPOINT,2.7779,-1.2468,0.303,-89.29,0.39,0.02,-0.0,0.2356,0.0018,-0.0018,0.924,,,0.757,,3.62,-1.22,3.62,-0.96
49.045,SCAN_NAV_WAYPOINT,2.7873,-1.2483,0.304,-89.47,0.43,0.09,-0.0,0.2266,-0.0013,0.0059,0.937,,,0.757,,3.62,-1.22,3.62,-0.96
49.08,SCAN_NAV_WAYPOINT,2.7963,-1.2475,0.303,-89.66,0.23,0.28,-0.0,0.2177,0.0017,0.0028,0.937,,,0.775,,3.62,-1.22,3.62,-0.96
49.154,SCAN_NAV_WAYPOINT,2.8055,-1.2485,0.302,-89.95,0.09,0.24,-0.0,0.2124,0.0014,-0.0016,0.946,,,0.775,,3.62,-1.22,3.62,-0.96
49.173,SCAN_NAV_WAYPOINT,2.8175,-1.2494,0.304,-90.31,-0.08,0.36,-0.0,0.2158,0.0016,0.0018,0.946,,,0.793,,3.62,-1.22,3.62,-0.96
49.223,SCAN_NAV_WAYPOINT,2.8252,-1.2499,0.304,-90.83,-0.27,0.49,-0.0,0.2094,0.0035,0.0057,0.955,,,0.793,,3.62,-1.22,3.62,-0.96
49.32,SCAN_NAV_WAYPOINT,2.8329,-1.2504,0.303,-91.41,-0.5,0.53,-0.0,0.2056,0.0059,0.003,0.955,,,0.804,,3.62,-1.22,3.62,-0.96
49.341,SCAN_NAV_WAYPOINT,2.8409,-1.2503,0.305,-91.94,-0.65,0.66,-0.0,0.2046,0.0098,0.0066,0.953,,,0.804,,3.62,-1.22,3.62,-0.96
49.404,SCAN_NAV_WAYPOINT,2.8482,-1.2509,0.303,-92.47,-1.22,0.86,-0.0,0.2044,0.0132,0.0049,0.953,,,0.816,,3.62,-1.22,3.62,-0.96
49.501,SCAN_NAV_WAYPOINT,2.856,-1.2512,0.305,-92.9,-1.43,0.79,-0.0,0.2098,0.0175,0.0079,0.955,,,0.816,,3.62,-1.22,3.62,-0.96
49.539,SCAN_NAV_WAYPOINT,2.8653,-1.2512,0.306,-93.28,-1.36,0.44,-0.0,0.2187,0.0203,0.0187,0.955,,,0.834,,3.62,-1.22,3.62,-0.96
49.557,SCAN_NAV_WAYPOINT,2.8739,-1.25,0.307,-93.61,-1.57,0.15,-0.0,0.2252,0.0207,0.0173,0.965,,,0.834,,3.62,-1.22,3.62,-0.96
49.611,SCAN_NAV_WAYPOINT,2.8828,-1.25,0.305,-93.64,-1.69,0.05,-0.0,0.2323,0.0194,0.0244,0.965,,,0.851,,3.62,-1.22,3.62,-0.96
49.646,SCAN_NAV_WAYPOINT,2.8918,-1.2499,0.307,-93.49,-1.46,-0.33,-0.0,0.2387,0.0157,0.0212,0.992,,,0.851,,3.62,-1.22,3.62,-0.96
49.706,SCAN_NAV_WAYPOINT,2.9018,-1.2473,0.311,-93.21,-1.3,-0.07,-0.0,0.2446,0.0166,0.0167,0.992,0.242,,0.866,,3.62,-1.22,3.62,-0.96
49.734,SCAN_NAV_WAYPOINT,2.9134,-1.2489,0.31,-92.72,-1.48,0.02,-0.0,0.2543,0.0101,0.0147,1.083,0.242,,0.866,,3.62,-1.22,3.62,-0.96
49.791,SCAN_NAV_WAYPOINT,2.9242,-1.2473,0.311,-92.3,-1.21,-0.16,-0.0,0.26,0.011,0.0056,1.083,0.222,,0.89,,3.62,-1.22,3.62,-0.96
49.825,SCAN_NAV_WAYPOINT,2.9345,-1.247,0.309,-91.96,-1.23,-0.28,-0.0,0.2637,0.0078,0.0184,,0.222,,0.89,,3.62,-1.22,3.62,-0.96
49.892,SCAN_NAV_WAYPOINT,2.9461,-1.2456,0.308,-91.6,-1.01,-0.35,-0.0,0.2681,0.0073,0.0086,,0.219,,0.915,,3.62,-1.22,3.62,-0.96
49.979,SCAN_NAV_WAYPOINT,2.9583,-1.2447,0.312,-91.23,-1.42,0.07,-0.0,0.274,0.0066,-0.0064,,0.219,,0.915,,3.62,-1.22,3.62,-0.96
49.983,SCAN_NAV_WAYPOINT,2.9699,-1.2452,0.313,-90.82,-1.79,0.36,-0.0,0.2816,0.0053,-0.0076,,0.22,,0.941,,3.62,-1.22,3.62,-0.96
50.06,SCAN_NAV_WAYPOINT,2.9849,-1.2445,0.309,-90.41,-1.66,0.54,-0.0,0.2972,0.0096,-0.0136,2.103,0.22,,0.941,,3.62,-1.22,3.62,-0.96
50.129,SCAN_NAV_WAYPOINT,2.9981,-1.2433,0.306,-90.05,-1.55,0.37,-0.0,0.3062,0.0147,-0.0328,2.103,0.221,,0.961,,3.62,-1.22,3.62,-0.96
50.194,SCAN_NAV_WAYPOINT,3.0125,-1.2426,0.307,-89.65,-1.37,0.79,-0.0,0.3157,0.0187,-0.0344,2.225,0.221,,0.961,,3.62,-1.22,3.62,-0.96
50.22,SCAN_NAV_WAYPOINT,3.0286,-1.2418,0.305,-89.31,-1.21,0.83,-0.0,0.327,0.0256,-0.0323,2.225,0.221,,0.992,,3.62,-1.22,3.62,-0.96
50.261,SCAN_NAV_WAYPOINT,3.0437,-1.2406,0.303,-89.05,-1.15,0.7,-0.0,0.333,0.0313,-0.0391,,0.221,,0.992,,3.62,-1.22,3.62,-0.96
50.303,SCAN_NAV_WAYPOINT,3.0619,-1.2377,0.287,-88.84,-1.14,0.92,-0.0,0.3462,0.0408,-0.0405,,0.218,,1.016,,3.62,-1.22,3.62,-0.96
50.333,SCAN_NAV_WAYPOINT,3.0833,-1.2356,0.199,-88.67,-0.83,0.91,-0.0,0.3643,0.0484,-0.0667,2.426,0.218,,1.016,,3.62,-1.22,3.62,-0.96
50.412,SCAN_NAV_WAYPOINT,3.0974,-1.2319,0.173,-88.57,-0.51,0.96,-0.0,0.3607,0.0557,-0.2321,2.426,0.214,,1.054,,3.62,-1.22,3.62,-0.96
50.438,SCAN_NAV_WAYPOINT,3.1084,-1.2303,0.179,-88.56,-0.24,0.83,-0.0,0.3482,0.0597,-0.2184,2.444,0.214,,1.054,,3.62,-1.22,3.62,-0.96
50.501,SCAN_NAV_WAYPOINT,3.1162,-1.2284,0.194,-88.54,0.05,0.54,-0.0,0.3267,0.0648,-0.0965,2.444,0.206,,1.089,,3.62,-1.22,3.62,-0.96
50.528,SCAN_NAV_WAYPOINT,3.1311,-1.2256,0.217,-88.52,0.04,0.51,-0.0,0.3202,0.0679,-0.0011,2.476,0.206,,1.089,,3.62,-1.22,3.62,-0.96
50.604,SCAN_NAV_WAYPOINT,3.1482,-1.2217,0.232,-88.65,-0.06,-0.41,-0.0,0.3238,0.0709,0.0856,2.476,0.196,,1.123,,3.62,-1.22,3.62,-0.96
50.667,SCAN_NAV_WAYPOINT,3.1629,-1.2172,0.268,-88.95,-0.14,-0.82,-0.0,0.313,0.0649,0.1419,2.497,0.196,,1.123,,3.62,-1.22,3.62,-0.96
50.716,SCAN_NAV_WAYPOINT,3.18,-1.212,0.301,-89.14,-0.16,-1.33,-0.0,0.3152,0.0555,0.2212,2.497,0.188,,1.162,,3.62,-1.22,3.62,-0.96
50.722,SCAN_NAV_WAYPOINT,3.1995,-1.205,0.364,-89.37,0.14,-1.4,-0.0,0.323,0.048,0.2659,2.498,0.188,,1.162,,3.62,-1.22,3.62,-0.96
50.791,SCAN_NAV_WAYPOINT,3.2205,-1.1978,0.404,-89.55,0.28,-1.34,-0.0,0.335,0.0434,0.3589,2.498,0.179,,1.204,,3.62,-1.22,3.62,-0.96
50.867,SCAN_NAV_WAYPOINT,3.2397,-1.1921,0.443,-89.68,0.87,-1.95,-0.0,0.3359,0.0336,0.3792,2.528,0.179,,1.204,,3.62,-1.22,3.62,-0.96
50.882,SCAN_NAV_WAYPOINT,3.261,-1.1883,0.454,-89.7,1.22,-2.01,-0.0,0.3421,0.0224,0.3561,2.528,0.174,,1.255,,3.62,-1.22,3.62,-0.96
50.931,SCAN_NAV_WAYPOINT,3.2797,-1.1865,0.449,-89.66,1.05,-1.65,-0.0,0.3401,0.0116,0.2585,2.555,0.174,,1.255,,3.62,-1.22,3.62,-0.96
50.996,SCAN_NAV_WAYPOINT,3.2975,-1.1868,0.434,-89.58,0.95,-1.59,-0.0,0.3376,0.0018,0.1061,2.555,0.18,,1.288,,3.62,-1.22,3.62,-0.96
51.02,SCAN_NAV_WAYPOINT,3.3165,-1.1875,0.413,-89.4,1.03,-1.32,-0.0,0.3379,-0.0072,-0.031,2.574,0.18,,1.288,,3.62,-1.22,3.62,-0.96
51.087,SCAN_NAV_WAYPOINT,3.3354,-1.1902,0.392,-89.17,1.34,-0.95,-0.0,0.3353,-0.0173,-0.1389,2.574,,,1.325,,3.62,-1.22,3.62,-0.96
51.12,SCAN_NAV_WAYPOINT,3.3554,-1.1923,0.368,-89.04,1.62,-0.94,-0.0,0.3325,-0.0254,-0.202,2.596,,,1.325,,3.62,-1.22,3.62,-0.96
51.197,SCAN_NAV_WAYPOINT,3.3765,-1.196,0.356,-89.0,1.46,-0.75,-0.0,0.3321,-0.0347,-0.2539,2.596,,,1.364,,3.62,-1.22,3.62,-0.96
51.223,SCAN_NAV_WAYPOINT,3.3968,-1.1984,0.337,-88.94,1.5,-0.57,-0.0,0.3294,-0.04,-0.2587,2.607,,,1.364,,3.62,-1.22,3.62,-0.96
51.277,SCAN_NAV_WAYPOINT,3.4149,-1.2039,0.321,-88.87,1.46,-0.62,-0.0,0.3218,-0.0514,-0.2622,2.607,,,1.399,,3.62,-1.22,3.62,-0.96
51.333,SCAN_NAV_WAYPOINT,3.4335,-1.2074,0.308,-88.7,1.48,-0.51,-0.0,0.3157,-0.0573,-0.2488,2.595,,,1.399,,3.62,-1.22,3.62,-0.96
51.377,SCAN_NAV_WAYPOINT,3.4493,-1.212,0.296,-88.52,1.25,-0.3,-0.0,0.304,-0.0645,-0.2212,2.595,,,1.427,,3.62,-1.22,3.62,-0.96
51.42,SCAN_NAV_WAYPOINT,3.4674,-1.2197,0.283,-88.36,0.83,0.05,-0.0,0.3023,-0.0726,-0.1948,2.6,,,1.427,,3.62,-1.22,3.62,-0.96
51.512,SCAN_NAV_WAYPOINT,3.4832,-1.2225,0.277,-88.15,0.45,0.34,-0.0,0.2983,-0.0697,-0.1681,2.6,,,1.46,,3.62,-1.22,3.62,-0.96
51.541,SCAN_NAV_WAYPOINT,3.4982,-1.2261,0.27,-87.98,0.13,0.52,-0.0,0.2955,-0.0668,-0.1286,2.603,,,1.46,,3.62,-1.22,3.62,-0.96
51.608,SCAN_NAV_WAYPOINT,3.5135,-1.23,0.267,-87.75,-0.36,0.92,-0.0,0.2928,-0.0597,-0.0897,2.603,,,1.484,,3.62,-1.22,3.62,-0.96
51.628,SCAN_NAV_WAYPOINT,3.5285,-1.2334,0.263,-87.45,-0.69,1.2,-0.0,0.3015,-0.0534,-0.0653,2.593,,,1.484,,3.62,-1.22,3.62,-0.96
51.671,SCAN_NAV_WAYPOINT,3.5432,-1.2356,0.243,-87.09,-0.98,1.45,-0.0,0.3072,-0.0403,-0.0417,2.593,,,1.514,,3.62,-1.22,3.62,-0.96
51.785,SCAN_NAV_WAYPOINT,3.5618,-1.2372,0.272,-86.8,-1.03,1.57,-0.0,0.3225,-0.0296,-0.0602,2.589,,,1.514,,3.62,-1.22,3.62,-0.96
51.799,SCAN_NAV_WAYPOINT,3.5782,-1.2397,0.27,-86.54,-0.68,1.79,-0.0,0.3298,-0.0116,0.0473,2.589,,,1.547,,3.62,-1.22,3.62,-0.96
51.83,SCAN_NAV_WAYPOINT,3.5969,-1.2415,0.277,-86.25,0.11,1.77,-0.0,0.3381,-0.0019,0.0457,2.598,,,1.547,,3.62,-1.22,3.62,-0.96
51.875,SCAN_NAV_WAYPOINT,3.6149,-1.2415,0.273,-86.04,0.66,1.91,-0.0,0.3401,0.0165,0.0502,2.598,,,1.578,,3.62,-1.22,3.62,-0.96
51.96,SCAN_NAV_WAYPOINT,3.6324,-1.2405,0.275,-85.83,1.36,2.04,-0.0,0.3288,0.0285,0.0453,2.599,,,1.578,,3.62,-0.96,3.62,-0.96
51.998,SCAN_NAV_WAYPOINT,3.6488,-1.24,0.274,-85.69,1.83,1.85,-0.0,0.3151,0.0414,0.0411,2.599,,,1.617,,3.62,-0.96,3.62,-0.96
52.035,SCAN_NAV_WAYPOINT,3.6698,-1.2354,0.278,-85.58,2.75,1.93,-0.0,0.309,0.0556,0.033,2.592,,,1.617,,3.62,-0.96,3.62,-0.96
52.084,SCAN_NAV_WAYPOINT,3.6849,-1.2325,0.277,-85.51,3.73,2.02,-0.0,0.2814,0.07,0.039,2.592,,,1.641,,3.62,-0.96,3.62,-0.96
52.133,SCAN_NAV_WAYPOINT,3.699,-1.2293,0.284,-85.69,4.53,3.57,-0.0,0.2467,0.0865,0.0344,2.601,,,1.641,,3.62,-0.96,3.62,-0.96
52.17,SCAN_NAV_WAYPOINT,3.7105,-1.2258,0.286,-85.85,4.72,4.5,-0.0,0.2056,0.1148,0.0399,2.601,,,1.653,,3.62,-0.96,3.62,-0.96
52.244,SCAN_NAV_WAYPOINT,3.7199,-1.2229,0.289,-86.09,4.82,5.09,-0.0,0.1641,0.1458,0.0349,2.618,,,1.653,,3.62,-0.96,3.62,-0.96
52.279,SCAN_NAV_WAYPOINT,3.7289,-1.2145,0.289,-86.27,4.93,4.99,-0.0,0.1244,0.1842,0.0337,2.618,,,1.668,,3.62,-0.96,3.62,-0.96
52.35,SCAN_NAV_WAYPOINT,3.7348,-1.2017,0.29,-86.41,4.83,4.8,-0.0,0.0809,0.2269,0.0351,2.636,,,1.668,,3.62,-0.96,3.62,-0.96
52.375,SCAN_NAV_WAYPOINT,3.738,-1.1879,0.291,-86.33,4.95,4.39,-0.0,0.0367,0.2661,0.0353,2.636,,,1.673,,3.62,-0.96,3.62,-0.96
52.438,SCAN_NAV_WAYPOINT,3.7389,-1.1753,0.293,-86.06,4.92,3.64,-0.0,-0.0073,0.2962,0.0301,2.661,,,1.673,,3.62,-0.96,3.62,-0.96
52.475,SCAN_NAV_WAYPOINT,3.7401,-1.1566,0.291,-85.69,4.35,2.5,-0.0,-0.0443,0.3221,0.0288,2.661,,,1.674,,3.62,-0.96,3.62,-0.96
52.546,SCAN_NAV_WAYPOINT,3.7372,-1.1411,0.292,-85.58,3.45,1.15,-0.0,-0.0786,0.3347,0.0203,2.682,,,1.674,,3.62,-0.96,3.62,-0.96
52.595,SCAN_NAV_WAYPOINT,3.7333,-1.1169,0.29,-85.56,2.82,0.1,-0.0,-0.1064,0.3481,0.0156,2.682,,,1.685,,3.62,-0.96,3.62,-0.96
52.62,SCAN_NAV_WAYPOINT,3.7287,-1.1025,0.295,-85.67,2.25,-0.93,-0.0,-0.1246,0.3385,0.0094,2.704,,,1.685,,3.62,-0.96,3.62,-0.96
52.708,SCAN_NAV_WAYPOINT,3.7242,-1.0901,0.297,-85.87,1.85,-1.56,-0.0,-0.1352,0.3188,0.0182,2.704,,,1.7,,3.62,-0.96,3.62,-0.96
52.787,SCAN_NAV_WAYPOINT,3.7197,-1.0743,0.298,-86.02,1.59,-1.98,-0.0,-0.1418,0.3022,0.0169,2.716,,,1.7,,3.62,-0.96,3.62,-0.96
52.794,SCAN_NAV_WAYPOINT,3.7133,-1.065,0.299,-86.31,1.39,-2.06,-0.0,-0.1498,0.275,0.0117,2.716,,,1.661,,3.62,-0.96,3.62,-0.96
52.894,SCAN_NAV_WAYPOINT,3.7083,-1.0546,0.299,-86.55,1.37,-1.92,-0.0,-0.1526,0.2522,0.0105,2.758,,,1.661,,3.62,-0.96,3.62,-0.96
52.973,SCAN_NAV_WAYPOINT,3.7025,-1.0442,0.299,-86.73,1.32,-1.62,-0.0,-0.1573,0.2338,0.009,2.758,,,,,3.62,-0.96,3.62,-0.96
53.045,SCAN_NAV_WAYPOINT,3.697,-1.035,0.299,-86.88,1.22,-1.14,-0.0,-0.1602,0.2183,0.0033,2.774,,,,,3.62,-0.96,3.62,-0.96
53.093,SCAN_NAV_WAYPOINT,3.6911,-1.0284,0.296,-86.99,1.11,-0.68,-0.0,-0.163,0.2029,-0.0017,2.774,,,,,3.62,-0.96,3.62,-0.96
53.108,SCAN_NAV_WAYPOINT,3.6843,-1.0221,0.298,-87.02,1.09,-0.29,-0.0,-0.1674,0.1916,-0.0085,2.796,,,,,3.62,-0.96,3.62,-0.96
53.172,SCAN_NAV_WAYPOINT,3.6775,-1.0131,0.299,-86.98,1.04,0.15,-0.0,-0.172,0.1901,-0.0035,2.796,,,0.346,,3.62,-0.96,3.62,-0.96
53.193,SCAN_NAV_WAYPOINT,3.6701,-1.0038,0.297,-86.9,0.97,0.42,-0.0,-0.1766,0.1925,0.0005,2.81,,,0.346,,3.62,-0.96,3.62,-0.96
53.243,SCAN_NAV_WAYPOINT,3.6634,-0.9967,0.3,-86.77,0.94,0.69,-0.0,-0.1788,0.192,-0.0065,2.81,,,0.308,,3.62,-0.96,3.62,-0.96
53.284,SCAN_NAV_WAYPOINT,3.6567,-0.9872,0.298,-86.56,0.98,0.86,-0.0,-0.1811,0.1994,0.0006,2.826,,,0.308,,3.62,-0.96,3.62,-0.96
53.301,SCAN_NAV_WAYPOINT,3.6506,-0.9798,0.297,-86.33,1.03,0.85,-0.0,-0.1817,0.2012,-0.0027,2.826,,,0.293,,3.62,-0.96,3.62,-0.96
53.348,SCAN_NAV_WAYPOINT,3.6427,-0.9719,0.299,-86.11,0.77,0.48,-0.0,-0.1865,0.201,-0.0057,2.853,,,0.293,,3.62,-0.96,3.62,-0.96
53.439,SCAN_NAV_WAYPOINT,3.6353,-0.9633,0.296,-86.05,0.63,0.19,-0.0,-0.1879,0.2005,0.002,2.853,,,0.272,,,,3.62,-0.96
53.476,SCAN_NAV_WAYPOINT,3.6277,-0.9532,0.298,-86.03,0.15,-0.28,-0.0,-0.1865,0.2014,-0.0036,2.868,,,0.272,,3.7,-0.9633,3.62,-0.96
53.484,SCAN_NAV_WAYPOINT,3.6182,-0.9446,0.297,-86.01,-0.13,-0.7,-0.0,-0.1871,0.1932,0.0029,2.868,,,0.26,,3.7,-0.9633,3.62,-0.96
53.57,SCAN_NAV_WAYPOINT,3.6111,-0.9363,0.3,-86.06,-1.22,-1.62,-0.0,-0.1768,0.1822,-0.0005,2.89,,,0.26,,3.7,-0.9633,3.62,-0.96
53.597,SCAN_NAV_WAYPOINT,3.6038,-0.9286,0.301,-86.08,-2.2,-2.44,-0.0,-0.1588,0.164,0.0053,2.89,,,0.245,,3.7,-0.9633,3.62,-0.96
53.645,SCAN_NAV_WAYPOINT,3.5965,-0.9209,0.301,-86.03,-3.99,-2.93,-0.0,-0.1323,0.1434,0.0045,2.883,,,0.245,,3.7,-0.9633,3.62,-0.96
53.729,SCAN_NAV_WAYPOINT,3.5916,-0.9155,0.299,-85.97,-4.92,-3.32,-0.0,-0.091,0.1134,0.0037,2.883,,,0.238,,3.7,-0.9633,3.62,-0.96
53.805,SCAN_NAV_WAYPOINT,3.5878,-0.9101,0.299,-85.96,-5.52,-3.47,-0.0,-0.0462,0.0893,-0.0036,2.895,,,0.238,,3.7,-0.9633,3.62,-0.96
53.864,SCAN_NAV_WAYPOINT,3.5885,-0.9074,0.301,-86.09,-6.0,-3.81,-0.0,0.0097,0.0604,-0.0058,2.895,,,0.239,,3.7,-0.9633,3.62,-0.96
53.892,SCAN_NAV_WAYPOINT,3.5932,-0.9067,0.302,-86.25,-5.93,-3.82,-0.0,0.0712,0.0281,0.0007,2.897,,,0.239,,3.7,-0.9633,3.62,-0.96
53.908,SCAN_NAV_WAYPOINT,3.5991,-0.9068,0.299,-86.37,-5.49,-3.73,-0.0,0.1248,-0.0022,-0.002,2.897,,,0.243,,3.7,-0.9633,3.62,-0.96
53.936,SCAN_NAV_WAYPOINT,3.608,-0.9085,0.298,-86.43,-4.66,-3.4,-0.0,0.1744,-0.0311,-0.0104,2.893,,,0.243,,3.7,-0.9633,3.62,-0.96
53.975,SCAN_NAV_WAYPOINT,3.6191,-0.9114,0.298,-86.42,-3.75,-2.99,-0.0,0.2163,-0.0583,-0.0102,2.893,,,0.261,,3.7,-0.9633,3.62,-0.96
54.065,SCAN_NAV_WAYPOINT,3.6346,-0.9174,0.298,-86.47,-2.75,-2.75,-0.0,0.2564,-0.0829,-0.0074,2.896,,,0.261,,3.7,-0.9633,3.62,-0.96
54.085,SCAN_NAV_WAYPOINT,3.6465,-0.9208,0.297,-86.5,-1.72,-2.28,-0.0,0.2738,-0.1056,-0.0077,2.896,,,0.279,,3.7,-0.9633,3.62,-0.96
54.14,SCAN_NAV_WAYPOINT,3.6607,-0.9263,0.298,-86.6,-0.87,-1.95,-0.0,0.2865,-0.1257,-0.0105,2.887,,,0.279,,3.7,-0.9633,3.62,-0.96
54.174,SCAN_NAV_WAYPOINT,3.6732,-0.9318,0.296,-86.76,-0.11,-1.4,-0.0,0.2875,-0.1402,-0.0069,2.887,,,0.299,,3.7,-0.9633,3.62,-0.96
54.22,SCAN_NAV_WAYPOINT,3.6864,-0.9383,0.297,-86.93,0.65,-0.77,-0.0,0.2831,-0.1475,-0.0093,2.873,,,0.299,,3.7,-0.9633,3.62,-0.96
54.287,LANDING_REGION_SCAN,3.7006,-0.9461,0.295,-87.07,1.17,-0.31,-0.0,0.2733,-0.1527,-0.0061,2.873,,,0.327,,3.7,-1.0,,
54.341,LANDING_REGION_SCAN,3.7116,-0.9526,0.294,-87.12,2.09,0.33,-0.0,0.2574,-0.1554,-0.0086,2.862,,,0.327,,3.7,-1.0,,
54.426,LANDING_REGION_SCAN,3.7218,-0.9582,0.296,-87.16,2.31,0.67,-0.0,0.2331,-0.1458,-0.012,2.862,,,0.352,,3.7,-1.0,,
54.432,LANDING_REGION_SCAN,3.7298,-0.9635,0.296,-87.17,3.15,1.17,-0.0,0.2027,-0.135,-0.0041,2.85,,,0.352,,3.7,-1.0,,
54.507,LANDING_REGION_SCAN,3.739,-0.9682,0.296,-87.18,3.47,0.76,-0.0,0.1736,-0.1227,-0.0079,2.85,,,0.368,,3.7,-1.0,,
54.591,LANDING_REGION_SCAN,3.7456,-0.9721,0.297,-87.28,3.6,0.35,-0.0,0.1402,-0.1141,-0.0096,2.847,,,0.368,,3.7,-1.0,,
54.647,LANDING_REGION_SCAN,3.7511,-0.975,0.296,-87.54,3.76,0.22,-0.0,0.1071,-0.1076,-0.0099,2.847,,,0.381,,3.7,-1.0,,
54.681,LANDING_REGION_SCAN,3.7529,-0.9788,0.294,-87.83,3.79,0.38,-0.0,0.0679,-0.1035,-0.0063,2.834,,,0.381,,3.7,-1.0,,
54.715,LANDING_REGION_SCAN,3.7543,-0.9794,0.291,-88.03,3.91,0.49,-0.0,0.0316,-0.0932,-0.0085,2.834,,,0.384,,3.7,-1.0,,
54.737,LANDING_REGION_SCAN,3.754,-0.9827,0.293,-88.13,3.71,0.69,-0.0,-0.0041,-0.0871,-0.0133,2.829,,,0.384,,3.7,-1.0,,
54.813,LANDING_REGION_SCAN,3.7508,-0.9859,0.291,-88.23,3.51,0.76,-0.0,-0.0412,-0.0801,-0.0051,2.829,,,0.384,,3.7,-1.0,,
54.832,LANDING_REGION_SCAN,3.748,-0.9845,0.292,-88.27,3.27,0.96,-0.0,-0.0715,-0.0661,-0.0015,2.834,,,0.384,,3.7,-1.0,,
54.899,LANDING_REGION_SCAN,3.7426,-0.9838,0.292,-88.32,3.13,1.1,-0.0,-0.1025,-0.0525,0.0043,2.834,,,0.382,,3.7,-1.0,,
54.925,LANDING_REGION_SCAN,3.7369,-0.9825,0.292,-88.27,2.95,1.18,-0.0,-0.1298,-0.0386,0.0138,2.821,,,0.382,,3.7,-1.0,,
54.991,LANDING_REGION_SCAN,3.7302,-0.9819,0.294,-88.27,2.6,1.13,-0.0,-0.1537,-0.0264,0.0151,2.821,,,0.369,,3.7,-1.0,,
55.039,LANDING_REGION_SCAN,3.7219,-0.9798,0.296,-88.41,1.76,0.96,-0.0,-0.1741,-0.0133,0.0169,2.82,,,0.369,,3.7,-1.0,,
55.111,SCAN_HIGH,3.7138,-0.9777,0.294,-88.53,0.92,0.79,-0.0,-0.1853,-0.0009,0.0151,2.82,,,0.351,,,,,
55.146,SCAN_HIGH,3.704,-0.9736,0.296,-88.66,0.13,0.4,-0.0,-0.1909,0.0088,0.0076,2.829,,,0.351,,,,,
55.204,SCAN_HIGH,3.6975,-0.9706,0.297,-88.71,-0.61,-0.01,-0.0,-0.1828,0.0132,0.011,2.829,,,0.333,,,,,
55.28,SCAN_HIGH,3.6903,-0.9675,0.298,-88.78,-1.72,-0.05,15.0,-0.1697,0.016,0.009,2.828,,,0.333,,,,,
55.385,SCAN_HIGH,3.6814,-0.9659,0.296,-88.77,-2.34,-0.08,15.0,-0.1545,0.018,0.0108,2.828,,,0.316,,,,,
55.434,SCAN_HIGH,3.6756,-0.9639,0.299,-88.59,-2.88,-0.41,15.0,-0.1293,0.0182,0.0027,2.827,,,0.316,,,,,
55.449,SCAN_HIGH,3.6713,-0.9627,0.3,-88.23,-3.05,-0.64,15.0,-0.0976,0.0168,0.0038,2.827,,,0.311,,,,,
55.51,SCAN_HIGH,3.6684,-0.9602,0.299,-87.78,-2.99,-0.75,15.0,-0.0708,0.0134,-0.0023,2.826,,,0.311,,,,,
55.555,SCAN_HIGH,3.6684,-0.9587,0.295,-87.22,-2.85,-0.91,15.0,-0.0388,0.0091,-0.0078,2.826,,,0.309,,,,,
55.569,SCAN_HIGH,3.6698,-0.9563,0.295,-86.64,-2.51,-1.05,15.0,-0.0084,0.0077,-0.0187,2.85,,,0.309,,,,,
55.613,SCAN_HIGH,3.6743,-0.9571,0.297,-86.02,-2.29,-0.87,15.0,0.0228,-0.0047,-0.0229,2.85,,,0.315,,,,,
55.659,SCAN_HIGH,3.6786,-0.9566,0.295,-85.42,-1.77,-0.64,15.0,0.0478,-0.008,-0.0119,2.839,,,0.315,,,,,
55.683,SCAN_HIGH,3.6838,-0.9572,0.292,-84.82,-1.36,-0.18,15.0,0.067,-0.0114,-0.0167,2.839,,,0.33,,,,,
55.746,SCAN_HIGH,3.6907,-0.9574,0.295,-84.3,-0.85,0.11,15.0,0.0848,-0.0102,-0.0149,2.845,,,0.33,,,,,
55.774,SCAN_HIGH,3.6978,-0.9575,0.293,-83.82,-0.41,0.15,15.0,0.097,-0.0079,-0.0018,2.845,,,0.34,,,,,
55.822,SCAN_HIGH,3.7044,-0.9576,0.291,-83.32,0.11,0.02,15.0,0.1025,-0.0061,-0.0055,2.847,,,0.34,,,,,
55.904,SCAN_HIGH,3.7113,-0.9582,0.291,-82.71,0.61,-0.14,15.0,0.104,-0.0082,-0.0065,2.847,,,0.365,,,,,
55.944,SCAN_HIGH,3.7169,-0.959,0.293,-82.04,0.93,-0.21,15.0,0.0993,-0.0117,0.002,2.844,,,0.365,,,,,
55.99,SCAN_HIGH,3.7223,-0.9601,0.293,-81.31,1.6,-0.25,15.0,0.0906,-0.0168,0.0028,2.844,,,0.392,,,,,
56.026,SCAN_HIGH,3.7312,-0.9607,0.297,-80.61,1.83,-0.12,15.0,0.0875,-0.0207,0.0025,2.853,,,0.392,,,,,
56.072,SCAN_HIGH,3.7363,-0.9638,0.293,-79.93,2.04,-0.13,15.0,0.0737,-0.0285,0.0081,2.853,,,0.442,,,,,
56.143,SCAN_HIGH,3.7401,-0.9654,0.292,-79.21,2.06,-0.04,15.0,0.0585,-0.0334,0.0009,,,,0.442,,,,,
56.181,SCAN_HIGH,3.7434,-0.9667,0.292,-78.47,1.94,0.2,15.0,0.0433,-0.0354,0.0004,,,,,,,,,
56.234,SCAN_HIGH,3.7465,-0.9708,0.292,-77.64,1.88,0.35,15.0,0.03,-0.0414,0.0033,2.867,,,,,,,,
56.331,SCAN_HIGH,3.7483,-0.9738,0.294,-76.74,1.66,0.76,15.0,0.0154,-0.0425,0.0047,2.867,,,1.723,,,,,
56.341,SCAN_HIGH,3.749,-0.9773,0.295,-75.8,1.41,0.79,15.0,0.0013,-0.0421,0.0134,2.881,,,1.723,,,,,
56.375,SCAN_HIGH,3.7474,-0.9808,0.296,-74.85,1.1,0.96,15.0,-0.0141,-0.0407,0.0162,2.881,,,1.762,,,,,
56.439,SCAN_HIGH,3.7458,-0.9835,0.299,-73.93,0.92,0.91,15.0,-0.0264,-0.0362,0.0205,2.89,,,1.762,,,,,
56.49,SCAN_HIGH,3.745,-0.9858,0.295,-73.02,0.87,0.89,15.0,-0.0343,-0.0327,0.0255,2.89,,,1.777,,,,,
56.521,SCAN_HIGH,3.7431,-0.9881,0.297,-72.12,0.79,0.78,15.0,-0.0431,-0.0293,0.0098,2.91,,,1.777,,,,,
56.607,SCAN_HIGH,3.7384,-0.9923,0.3,-71.31,0.63,0.81,15.0,-0.0562,-0.0301,0.0126,2.91,,,1.788,,,,,
56.646,SCAN_HIGH,3.7344,-0.9951,0.301,-70.53,0.37,0.86,15.0,-0.0651,-0.0273,0.0179,2.945,,,1.788,,,,,
56.728,SCAN_HIGH,3.7339,-0.997,0.299,-69.78,0.18,0.8,15.0,-0.0631,-0.0233,0.0132,2.945,,,1.815,,,,,
56.745,SCAN_HIGH,3.7324,-0.9988,0.302,-69.04,0.06,0.77,15.0,-0.0628,-0.0193,0.0054,2.965,,,1.815,,,,,
56.798,SCAN_HIGH,3.7305,-0.9995,0.301,-68.33,-0.13,0.75,15.0,-0.062,-0.0131,0.0131,2.965,,,1.82,,,,,
56.832,SCAN_HIGH,3.7281,-1.0013,0.299,-67.57,-0.31,0.65,15.0,-0.0611,-0.0098,0.0123,2.972,,,1.82,,,,,
56.878,SCAN_HIGH,3.7279,-1.0032,0.304,-66.79,-0.41,0.73,15.0,-0.0545,-0.0072,0.0047,2.972,,,1.83,,,,,
56.938,SCAN_HIGH,3.7247,-1.0045,0.303,-66.01,-0.53,0.68,15.0,-0.0545,-0.0021,0.0145,3.007,,,1.83,,,,,
56.978,SCAN_HIGH,3.7216,-1.0049,0.304,-65.17,-0.49,0.74,15.0,-0.0536,0.0044,0.0091,3.007,,,1.848,,,,,
57.037,SCAN_HIGH,3.7225,-1.0061,0.301,-64.32,-0.51,0.73,15.0,-0.0451,0.0071,0.0052,3.031,,,1.848,,,,,
57.069,SCAN_HIGH,3.7224,-1.0064,0.304,-63.49,-0.38,0.62,15.0,-0.0392,0.0115,-0.0021,3.031,,,1.846,,,,,
57.14,SCAN_HIGH,3.7225,-1.0068,0.306,-62.55,-0.39,0.66,15.0,-0.0347,0.0149,0.0062,,,,1.846,,,,,
57.224,SCAN_HIGH,3.7223,-1.0055,0.306,-61.57,-0.42,0.7,15.0,-0.031,0.0219,0.0131,,,,1.859,,,,,
57.316,SCAN_HIGH,3.725,-1.0039,0.304,-60.61,-0.38,0.67,15.0,-0.0222,0.0283,0.0081,3.071,,,1.859,,,,,
57.356,SCAN_HIGH,3.7273,-1.0049,0.307,-59.81,-0.44,0.41,15.0,-0.0145,0.0277,-0.0012,3.071,,2.843,,,,,,
57.414,SCAN_HIGH,3.7263,-1.0119,0.307,-59.08,-0.36,0.23,15.0,-0.0134,0.0136,0.0047,,,2.843,,,,,,
57.462,SCAN_HIGH,3.7292,-1.0161,0.306,-58.35,-0.35,0.26,15.0,-0.0049,0.0057,-0.0005,,,,,,,,,
57.475,SCAN_HIGH,3.7334,-1.0172,0.306,-57.56,-0.34,0.25,15.0,0.0051,0.0047,-0.0075,3.158,,,,,,,,
57.547,SCAN_HIGH,3.7373,-1.0208,0.303,-56.76,-0.22,0.41,15.0,0.0131,-0.0007,-0.0065,3.158,,,,,,,,
57.569,SCAN_HIGH,3.7413,-1.0246,0.304,-55.96,-0.25,0.69,15.0,0.019,-0.0052,-0.012,,,,,,,,,
57.583,SCAN_HIGH,3.746,-1.0258,0.303,-55.17,-0.23,1.0,15.0,0.024,-0.0011,-0.0082,,,,,,,,,
57.681,SCAN_HIGH,3.7483,-1.0285,0.303,-54.43,-0.27,1.2,15.0,0.0228,0.0014,-0.0028,,,,,,,,,
57.696,SCAN_HIGH,3.7507,-1.0305,0.308,-53.78,-0.13,1.32,15.0,0.0209,0.0059,-0.0023,,,,,,,,,
57.739,SCAN_HIGH,3.754,-1.029,0.305,-53.25,-0.01,1.43,15.0,0.0191,0.0174,0.0085,,,,,,,,,
57.822,SCAN_HIGH,3.7566,-1.0297,0.305,-52.78,0.02,1.48,15.0,0.015,0.0229,0.0008,,,,,,,,,
57.849,SCAN_HIGH,3.7582,-1.0283,0.307,-52.32,-0.01,1.34,15.0,0.0099,0.0324,0.0015,,,,,,,,,
57.922,SCAN_HIGH,3.761,-1.0276,0.304,-51.99,0.1,1.35,15.0,0.0078,0.0382,0.0057,,,,,,,,,
57.952,SCAN_HIGH,3.7629,-1.0268,0.306,-51.81,0.12,1.63,15.0,0.0029,0.0443,-0.0052,,,,,,,,,
58.061,SCAN_HIGH,3.763,-1.025,0.304,-51.63,0.24,1.54,15.0,-0.0064,0.0529,-0.0015,,,,,,,,,
58.1,SCAN_HIGH,3.7623,-1.0216,0.306,-51.4,0.32,1.53,15.0,-0.017,0.0629,-0.0034,,,,,,,,,
58.144,SCAN_HIGH,3.7619,-1.0185,0.305,-51.04,0.44,1.26,15.0,-0.0256,0.0697,-0.0009,,,,,,,,,
58.205,SCAN_HIGH,3.7599,-1.014,0.305,-50.58,0.59,1.09,15.0,-0.0366,0.0767,-0.0028,,,,,,,,,
58.25,SCAN_HIGH,3.7589,-1.0098,0.305,-49.87,0.51,0.83,15.0,-0.0437,0.0803,0.0035,,,,,,,,,
58.32,SCAN_HIGH,3.7578,-1.0078,0.303,-48.94,0.6,0.46,15.0,-0.0479,0.0773,0.005,,,,,,,,,
58.341,SCAN_HIGH,3.7555,-1.0036,0.304,-47.77,0.69,0.6,15.0,-0.0546,0.0774,-0.0004,,,,,,,,,
58.389,SCAN_HIGH,3.753,-1.0002,0.306,-46.54,0.81,0.57,15.0,-0.0614,0.076,0.0045,,,,,,,,,
58.434,SCAN_HIGH,3.7495,-0.9963,0.306,-45.28,0.89,0.44,15.0,-0.0701,0.0744,0.006,,,,,,,,,
58.45,SCAN_HIGH,3.7476,-0.994,0.306,-44.03,1.0,0.4,15.0,-0.0744,0.0683,0.008,,,,,,,,,
58.494,SCAN_HIGH,3.7431,-0.9908,0.309,-42.66,1.23,0.13,15.0,-0.084,0.0633,0.008,,0.538,,1.506,,,,,
58.527,SCAN_HIGH,3.7389,-0.9882,0.309,-41.25,1.36,0.02,15.0,-0.0913,0.0547,0.0087,,0.538,,1.506,,,,,
58.603,SCAN_HIGH,3.7354,-0.9899,0.309,-39.82,1.42,-0.25,15.0,-0.0952,0.0364,0.0046,,0.51,,1.532,,,,,
58.639,SCAN_HIGH,3.7323,-0.9899,0.308,-38.41,1.28,-0.36,15.0,-0.0963,0.0226,0.0025,,0.51,,1.532,,,,,
58.709,SCAN_HIGH,3.7274,-0.9917,0.306,-37.15,1.3,-0.43,15.0,-0.1006,0.006,-0.0019,,0.487,,1.537,,,,,
58.745,SCAN_HIGH,3.7235,-0.9952,0.307,-36.1,0.92,-0.61,15.0,-0.1004,-0.0119,-0.0099,,0.487,,1.537,,,,,
58.854,SCAN_HIGH,3.7197,-1.0013,0.308,-35.27,0.42,-0.67,15.0,-0.0963,-0.0317,-0.0021,,0.475,,1.546,,,,,
58.887,SCAN_HIGH,3.7173,-1.007,0.306,-34.54,0.01,-0.52,15.0,-0.0876,-0.0445,0.0002,,0.475,,1.546,,,,,
58.921,SCAN_HIGH,3.7155,-1.0143,0.308,-33.9,-0.42,-0.3,15.0,-0.078,-0.0566,-0.0076,,0.464,,1.552,,,,,
58.958,SCAN_HIGH,3.715,-1.0192,0.306,-33.37,-0.74,-0.09,15.0,-0.0659,-0.0577,-0.0021,,0.464,,1.552,,,,,
59.001,SCAN_HIGH,3.7142,-1.0248,0.305,-32.87,-1.0,0.11,15.0,-0.0567,-0.0583,-0.0103,,0.449,,1.562,,,,,
59.057,SCAN_HIGH,3.7142,-1.0289,0.305,-32.36,-1.31,0.44,15.0,-0.0468,-0.0519,-0.0105,,0.449,,1.562,,,,,
59.077,SCAN_HIGH,3.7125,-1.0335,0.309,-31.9,-1.78,0.54,15.0,-0.0422,-0.045,-0.0077,,0.443,,1.594,,,,,
59.186,SCAN_HIGH,3.7118,-1.0354,0.305,-31.45,-1.97,0.58,15.0,-0.0347,-0.0293,0.0029,,0.443,,1.594,,,,,
59.202,SCAN_HIGH,3.712,-1.0391,0.307,-30.94,-2.02,0.78,15.0,-0.0264,-0.0198,-0.0082,,0.438,,1.603,,,,,
59.219,SCAN_HIGH,3.7123,-1.0408,0.306,-30.46,-2.11,0.77,15.0,-0.0195,-0.0054,-0.0026,,0.438,,1.603,,,,,
59.28,SCAN_HIGH,3.7144,-1.0401,0.305,-29.91,-2.2,0.94,15.0,-0.0093,0.0142,-0.0019,,0.433,,1.616,,,,,
59.355,SCAN_HIGH,3.7155,-1.0398,0.303,-29.4,-2.13,0.7,15.0,-0.003,0.0306,-0.0078,,0.433,,1.616,,,,,
59.382,SCAN_HIGH,3.7165,-1.038,0.304,-28.87,-1.88,0.64,15.0,0.0032,0.0474,-0.0117,,0.431,,1.64,,,,,
59.468,SCAN_HIGH,3.7183,-1.0329,0.301,-28.31,-1.54,0.59,15.0,0.0097,0.0691,-0.0082,,0.431,,1.64,,,,,
59.482,SCAN_HIGH,3.72,-1.0298,0.301,-27.69,-1.06,0.66,15.0,0.0137,0.0786,-0.016,,0.428,,1.706,,,,,
59.614,SCAN_HIGH,3.7229,-1.0254,0.303,-27.08,-0.63,0.84,15.0,0.0171,0.0871,-0.0085,,0.428,,1.706,,,,,
59.652,SCAN_HIGH,3.7253,-1.0201,0.301,-26.53,-0.37,0.89,15.0,0.0165,0.0954,-0.0036,,0.429,,1.727,,,,,
59.694,SCAN_HIGH,3.7265,-1.0161,0.301,-26.0,0.07,0.86,15.0,0.0118,0.0973,-0.0083,,0.429,,1.727,,,,,
59.744,SCAN_HIGH,3.7287,-1.0113,0.304,-25.43,0.45,0.83,15.0,0.0089,0.0971,-0.0065,,0.422,,1.782,,,,,
59.784,SCAN_HIGH,3.7292,-1.006,0.299,-24.91,0.7,0.69,15.0,0.0016,0.0965,0.007,,0.422,,1.782,,,,,
59.844,SCAN_HIGH,3.7288,-1.0011,0.305,-24.34,0.62,0.77,15.0,-0.0074,0.0944,-0.0032,,0.421,,,,,,,
59.861,SCAN_HIGH,3.729,-0.9972,0.302,-23.63,0.76,0.57,15.0,-0.0133,0.0896,0.0139,,0.421,,,,,,,
59.934,SCAN_HIGH,3.7284,-0.9947,0.305,-22.93,0.72,0.37,15.0,-0.0189,0.0805,0.0059,,0.417,,1.913,,,,,
59.96,SCAN_HIGH,3.7267,-0.9911,0.305,-22.11,0.59,0.4,15.0,-0.0256,0.0757,0.0106,,0.417,,1.913,,,,,
59.97,SCAN_HIGH,3.7241,-0.9872,0.3,-21.3,0.51,0.4,15.0,-0.0335,0.0729,0.0078,,0.411,,2.037,,,,,
60.037,SCAN_HIGH,3.7215,-0.9844,0.304,-20.49,0.51,0.39,15.0,-0.0403,0.068,-0.0081,,0.411,,2.037,,,,,
60.102,SCAN_HIGH,3.7195,-0.9817,0.303,-19.79,0.56,0.45,15.0,-0.0448,0.0635,0.0018,,0.399,,2.211,,,,,
60.147,SCAN_HIGH,3.7168,-0.9795,0.306,-19.28,0.33,0.39,15.0,-0.0507,0.0587,0.0004,,0.399,,2.211,,,,,
60.232,SCAN_HIGH,3.7133,-0.9783,0.305,-18.91,0.44,-0.11,15.0,-0.0558,0.0525,0.0058,,0.396,,2.336,,,,,
60.261,SCAN_HIGH,3.7103,-0.9756,0.305,-18.65,0.52,-0.65,15.0,-0.0547,0.0477,0.0036,,0.396,,2.336,,,,,
60.337,SCAN_HIGH,3.7084,-0.9762,0.304,-18.45,0.44,-0.79,15.0,-0.0483,0.0353,0.0003,,0.385,,2.285,,,,,
60.419,SCAN_HIGH,3.7067,-0.9752,0.307,-18.23,0.37,-1.12,15.0,-0.0404,0.0282,0.0018,,0.385,,2.285,,,,,
60.429,SCAN_HIGH,3.7047,-0.9738,0.304,-17.95,0.37,-1.02,15.0,-0.0325,0.0226,0.0063,,0.381,,2.41,,,,,
60.466,SCAN_HIGH,3.7035,-0.9728,0.307,-17.59,0.63,-1.13,15.0,-0.0244,0.0164,-0.0074,,0.381,,2.41,,,,,
60.494,SCAN_HIGH,3.704,-0.9724,0.302,-17.07,0.33,-1.23,15.0,-0.0126,0.0087,0.0029,,0.38,,,,,,,
60.541,SCAN_HIGH,3.7039,-0.9734,0.304,-16.52,0.2,-1.08,15.0,-0.003,0.0003,-0.0031,,0.38,,,,,,,
60.581,SCAN_HIGH,3.7075,-0.9742,0.302,-15.94,0.2,-0.91,15.0,0.0133,-0.0038,-0.0044,,0.378,,2.582,,,,,
60.647,SCAN_HIGH,3.7104,-0.9733,0.304,-15.29,0.33,-0.59,15.0,0.0239,-0.0036,-0.0069,,0.378,,2.582,,,,,
60.68,SCAN_HIGH,3.7118,-0.9736,0.305,-14.56,0.52,-0.47,15.0,0.0278,-0.0078,-0.0001,,0.378,,2.709,,,,,
60.749,SCAN_HIGH,3.7175,-0.9756,0.305,-13.73,0.6,-0.25,15.0,0.0395,-0.0156,0.0045,,0.378,,2.709,,,,,
60.813,SCAN_HIGH,3.7208,-0.9759,0.304,-12.8,0.28,0.03,15.0,0.0431,-0.0179,0.0092,,0.379,,2.77,,,,,
60.849,SCAN_HIGH,3.7247,-0.9763,0.307,-11.76,0.12,0.33,15.0,0.0456,-0.0172,0.0076,,0.379,,2.77,,,,,
60.917,SCAN_HIGH,3.7304,-0.9775,0.308,-10.64,-0.0,0.65,15.0,0.05,-0.0168,0.0159,,0.382,,,,,,,
60.968,SCAN_HIGH,3.7334,-0.9758,0.311,-9.61,-0.31,1.22,15.0,0.0444,-0.008,0.0143,,0.382,,,,,,,
61.041,SCAN_HIGH,3.7372,-0.9739,0.308,-8.54,-0.28,1.3,15.0,0.0384,0.0022,0.019,,0.384,,,,,,,
61.058,SCAN_HIGH,3.74,-0.9711,0.311,-7.48,-0.3,1.42,15.0,0.0301,0.0119,0.0045,,0.384,,,,,,,
61.136,SCAN_HIGH,3.7437,-0.9675,0.307,-6.33,-0.42,1.55,15.0,0.0236,0.0231,0.0041,,0.385,,2.835,,,,,
61.172,SCAN_HIGH,3.7434,-0.9635,0.305,-5.13,-0.28,1.57,15.0,0.0084,0.0333,-0.0085,,0.385,,2.835,,,,,
61.231,SCAN_HIGH,3.744,-0.9558,0.305,-3.95,-0.1,1.47,15.0,-0.0037,0.0482,-0.013,,0.38,,2.842,,,,,
61.247,SCAN_HIGH,3.7448,-0.9499,0.307,-2.72,0.32,1.22,15.0,-0.013,0.0554,-0.0071,,0.38,,2.842,,,,,
61.318,SCAN_HIGH,3.7454,-0.9448,0.305,-1.55,0.74,1.06,15.0,-0.0192,0.0564,-0.0086,,0.382,,,,,,,
61.333,SCAN_HIGH,3.7451,-0.9386,0.309,-0.48,1.04,1.09,15.0,-0.0265,0.0564,-0.0127,,0.382,,,,,,,
61.373,SCAN_HIGH,3.7446,-0.9338,0.306,0.54,1.51,1.07,15.0,-0.0334,0.0501,-0.0061,,0.392,,2.837,,,,,
61.426,SCAN_HIGH,3.7433,-0.9286,0.305,1.46,1.89,0.93,15.0,-0.0402,0.0422,-0.0142,,0.392,,2.837,,,,,
61.543,SCAN_HIGH,3.7422,-0.9244,0.303,2.3,2.12,0.87,15.0,-0.0448,0.0299,-0.0188,,0.385,,,,,,,
61.548,SCAN_HIGH,3.7398,-0.9224,0.303,3.09,2.19,0.72,15.0,-0.051,0.0131,-0.0254,,0.385,,,,,,,
61.625,SCAN_HIGH,3.7392,-0.9194,0.304,3.84,2.13,0.63,15.0,-0.0507,0.0007,-0.0247,,0.382,,,,,,,
61.671,SCAN_HIGH,3.7371,-0.9197,0.299,4.59,2.09,0.33,15.0,-0.0525,-0.0172,-0.0215,,0.382,,,,,,,
61.78,SCAN_HIGH,3.7342,-0.9203,0.296,5.36,1.98,0.34,15.0,-0.0541,-0.0335,-0.0316,,0.379,,2.803,,,,,
61.827,SCAN_HIGH,3.7333,-0.9231,0.299,6.17,1.85,0.05,15.0,-0.0499,-0.0506,-0.0316,,0.379,,2.803,,,,,
61.859,SCAN_HIGH,3.7331,-0.927,0.296,6.96,1.67,-0.09,15.0,-0.0428,-0.067,-0.021,,0.373,,,,,,,
61.901,SCAN_HIGH,3.7358,-0.9296,0.293,7.72,1.38,-0.24,15.0,-0.0287,-0.075,-0.0234,,0.373,,,,,,,
61.952,SCAN_HIGH,3.7376,-0.9327,0.293,8.51,1.02,-0.18,15.0,-0.0182,-0.0816,-0.0265,,0.377,,,,,,,
61.99,SCAN_HIGH,3.7418,-0.9364,0.294,9.26,0.62,0.01,15.0,-0.0047,-0.0851,-0.0209,,0.377,,,,,,,
62.003,SCAN_HIGH,3.7447,-0.9388,0.29,9.95,0.14,0.2,15.0,0.0024,-0.0829,-0.012,,0.387,,2.852,,,,,
62.073,SCAN_HIGH,3.7508,-0.9434,0.29,10.6,-0.12,0.28,15.0,0.0141,-0.0822,-0.0158,,0.387,,2.852,,,,,
62.09,SCAN_HIGH,3.7541,-0.9449,0.29,11.31,-0.07,0.33,15.0,0.0177,-0.075,-0.0094,,0.397,,2.853,,,,,
62.118,SCAN_HIGH,3.7577,-0.9458,0.291,12.06,-0.07,0.72,15.0,0.0199,-0.0684,-0.0059,,0.397,,2.853,,,,,
62.178,SCAN_HIGH,3.7611,-0.9464,0.29,12.9,-0.0,0.85,15.0,0.0193,-0.0626,-0.0024,,0.419,,,,,,,
62.289,SCAN_HIGH,3.7648,-0.946,0.289,13.89,-0.19,1.27,15.0,0.0176,-0.0562,-0.0023,,0.419,,,,,,,
62.294,SCAN_HIGH,3.7681,-0.9461,0.287,15.05,-0.24,1.52,15.0,0.0119,-0.0512,-0.0017,,0.458,,,,,,,
62.381,SCAN_HIGH,3.7697,-0.9461,0.285,16.29,-0.35,1.71,15.0,0.0011,-0.0472,-0.0047,,0.458,,,,,,,
62.402,SCAN_HIGH,3.7706,-0.9473,0.288,17.54,-0.25,1.73,15.0,-0.0111,-0.0465,-0.0068,,,,,,,,,
62.485,SCAN_HIGH,3.7723,-0.9475,0.291,18.71,-0.11,1.75,15.0,-0.0196,-0.0453,0.0022,,,,,,,,,
62.514,SCAN_HIGH,3.7753,-0.9455,0.291,19.83,-0.14,1.65,15.0,-0.0237,-0.0411,0.0104,,1.803,,,,,,,
62.523,SCAN_HIGH,3.7737,-0.9477,0.29,20.89,-0.1,1.6,15.0,-0.0373,-0.0452,0.0099,,1.803,,,,,,,
62.571,SCAN_HIGH,3.7717,-0.9505,0.293,21.96,-0.12,1.59,15.0,-0.0502,-0.0502,0.008,,1.818,,,,,,,
62.639,SCAN_HIGH,3.7697,-0.953,0.293,23.03,-0.08,1.4,15.0,-0.0604,-0.0541,0.0128,2.978,1.818,,,,,,,
62.675,SCAN_HIGH,3.7722,-0.9525,0.289,24.18,-0.24,1.06,15.0,-0.0576,-0.0518,0.0101,2.978,1.84,,,,,,,
62.775,SCAN_HIGH,3.77,-0.9539,0.291,25.39,-0.28,0.85,15.0,-0.064,-0.0512,-0.0007,,1.84,,,,,,,
62.785,SCAN_HIGH,3.7735,-0.9531,0.292,26.62,-0.4,0.67,15.0,-0.0562,-0.0462,0.0042,,1.854,,,,,,,
62.847,SCAN_HIGH,3.7804,-0.9418,0.291,27.89,-0.45,0.73,15.0,-0.0418,-0.0219,0.0046,,1.854,,,,,,,
62.935,SCAN_HIGH,3.7825,-0.9494,0.291,28.84,-0.1,0.82,15.0,-0.0391,-0.0358,-0.0002,,1.878,,,,,,,
63.0,SCAN_HIGH,3.7827,-0.9559,0.295,29.67,-0.12,0.89,15.0,-0.0408,-0.0484,0.0069,2.668,1.878,,,,,,,
63.045,SCAN_HIGH,3.7816,-0.9546,0.299,30.35,-0.02,1.08,15.0,-0.0463,-0.0448,0.016,2.668,1.875,,,,,,,
63.058,SCAN_HIGH,3.7809,-0.953,0.298,30.96,0.02,1.16,15.0,-0.0501,-0.0424,0.0216,2.54,1.875,,,,,,,
63.087,SCAN_HIGH,3.7785,-0.9536,0.295,31.43,-0.02,1.17,15.0,-0.0581,-0.0442,0.0203,2.54,1.876,,,,,,,
63.142,SCAN_HIGH,3.7771,-0.9543,0.297,31.98,-0.13,1.13,15.0,-0.0634,-0.0463,0.0072,,1.876,,,,,,,
63.173,SCAN_HIGH,3.7745,-0.9535,0.294,32.59,-0.14,1.04,15.0,-0.0703,-0.0446,0.0126,,1.886,,,,,,,
63.239,SCAN_HIGH,3.7721,-0.9515,0.297,33.24,-0.14,0.76,15.0,-0.0753,-0.0395,0.0042,2.509,1.886,,,,,,,
63.306,SCAN_HIGH,3.7694,-0.9493,0.295,33.83,-0.1,0.6,15.0,-0.0777,-0.034,0.0101,2.509,1.903,,,,,,,
63.345,SCAN_HIGH,3.7719,-0.9431,0.294,34.38,0.19,0.43,15.0,-0.0683,-0.0225,0.005,,1.903,,,,,,,
63.408,SCAN_HIGH,3.7695,-0.941,0.299,34.84,0.43,0.43,15.0,-0.0675,-0.0203,-0.0003,,1.923,,,,,,,
63.421,SCAN_HIGH,3.7717,-0.9363,0.298,35.29,0.5,0.67,15.0,-0.0574,-0.0158,0.0162,2.133,1.923,,,,,,,
63.476,SCAN_HIGH,3.7715,-0.9341,0.299,35.77,0.49,0.89,15.0,-0.0548,-0.0173,0.0135,2.133,1.899,,,,,,,
63.535,SCAN_HIGH,3.7708,-0.9318,0.3,36.35,0.64,1.05,15.0,-0.0542,-0.0194,0.0154,2.069,1.899,,,,,,,
63.578,SCAN_HIGH,3.7684,-0.9318,0.302,36.91,0.78,1.21,15.0,-0.0577,-0.0276,0.0152,2.069,,,,,,,,
63.63,SCAN_HIGH,3.7673,-0.9281,0.302,37.46,0.86,1.3,15.0,-0.0584,-0.0291,0.0144,2.054,,,,,,,,
63.677,SCAN_HIGH,3.7652,-0.9306,0.302,37.9,1.04,1.19,15.0,-0.0601,-0.0434,0.0117,2.054,1.852,,,,,,,
63.735,SCAN_HIGH,3.7622,-0.9331,0.299,38.37,1.05,1.24,15.0,-0.0626,-0.0566,0.0043,2.038,1.852,,,,,,,
63.822,SCAN_HIGH,3.761,-0.9352,0.301,38.94,1.0,1.23,15.0,-0.061,-0.0678,-0.007,2.038,,,,,,,,
63.865,SCAN_HIGH,3.7603,-0.9366,0.301,39.53,1.05,0.92,15.0,-0.0583,-0.0761,0.0041,2.033,,,,,,,,
63.872,SCAN_HIGH,3.7605,-0.9404,0.305,40.04,0.9,0.82,15.0,-0.052,-0.0861,-0.0021,2.033,,,,,,,,
63.961,SCAN_HIGH,3.7643,-0.9425,0.299,40.57,0.76,0.6,15.0,-0.0397,-0.0902,0.0049,,,,,,,,,
64.035,SCAN_HIGH,3.7665,-0.9438,0.3,41.18,0.46,0.67,15.0,-0.0317,-0.0906,-0.0125,,,,,,,,,
64.114,SCAN_HIGH,3.7716,-0.9503,0.301,42.01,0.33,0.77,15.0,-0.0204,-0.1001,-0.0114,2.0,,,,,,,,
64.145,SCAN_HIGH,3.7754,-0.9541,0.299,42.88,0.15,0.8,15.0,-0.0141,-0.1032,-0.0089,2.0,,,,,,,,
64.18,SCAN_HIGH,3.7789,-0.9567,0.299,43.82,-0.07,0.76,15.0,-0.0099,-0.1024,-0.0125,,,,,,,,,
64.247,SCAN_HIGH,3.7821,-0.9607,0.299,44.84,-0.27,0.94,15.0,-0.0081,-0.1038,-0.0125,,,,,,,,,
64.282,SCAN_HIGH,3.7857,-0.9611,0.299,45.83,-0.45,0.95,15.0,-0.0073,-0.0973,-0.0124,,,,,,,,,
64.363,SCAN_HIGH,3.7897,-0.9648,0.301,46.83,-0.54,0.98,15.0,-0.0069,-0.0975,-0.0103,,,,,,,,,
64.403,SCAN_HIGH,3.7922,-0.9675,0.301,47.79,-0.74,0.9,15.0,-0.0098,-0.0953,-0.0043,,,,,,,,,
64.428,SCAN_HIGH,3.7936,-0.9709,0.298,48.78,-0.96,0.75,15.0,-0.0152,-0.0932,-0.0009,,,0.571,,,,,,
64.508,SCAN_HIGH,3.7961,-0.9737,0.296,49.78,-1.14,0.54,15.0,-0.0179,-0.0882,-0.0071,,,0.571,,,,,,
64.532,SCAN_HIGH,3.7973,-0.9769,0.298,50.85,-1.29,0.59,15.0,-0.0239,-0.0829,-0.0101,,,0.544,,,,,,
64.543,SCAN_HIGH,3.7973,-0.98,0.296,51.85,-1.45,0.71,15.0,-0.0335,-0.0783,-0.0041,,,0.544,,,,,,
64.592,SCAN_HIGH,3.7969,-0.9832,0.299,52.75,-1.42,0.53,15.0,-0.0429,-0.0742,-0.0117,,1.516,0.527,,,,,,
64.68,SCAN_HIGH,3.7959,-0.9862,0.297,53.54,-1.43,0.43,15.0,-0.0522,-0.0696,-0.0017,,1.516,0.527,,,,,,
64.718,SCAN_HIGH,3.7931,-0.9872,0.299,54.28,-1.42,0.06,15.0,-0.0631,-0.0596,-0.0083,,1.517,0.512,,,,,,
64.725,SCAN_HIGH,3.7933,-0.9881,0.297,54.97,-1.39,-0.28,15.0,-0.0649,-0.049,-0.0021,,1.517,0.512,,,,,,
64.79,SCAN_HIGH,3.7912,-0.9887,0.298,55.61,-1.42,-0.57,15.0,-0.0695,-0.0364,-0.0063,,1.547,0.501,,,,,,
64.863,SCAN_HIGH,3.7888,-0.9876,0.298,56.23,-1.31,-0.69,15.0,-0.0738,-0.0204,-0.0024,,1.547,0.501,,,,,,
64.935,SCAN_HIGH,3.7874,-0.9839,0.294,56.82,-1.13,-0.7,15.0,-0.0742,-0.0015,-0.002,,1.554,0.492,,,,,,
64.967,SCAN_HIGH,3.7872,-0.9791,0.293,57.36,-0.78,-0.46,15.0,-0.0704,0.0155,-0.0122,,1.554,0.492,,,,,,
64.991,SCAN_HIGH,3.7875,-0.9733,0.293,57.88,-0.57,-0.32,15.0,-0.0652,0.0301,-0.0109,,1.532,0.487,,,,,,
65.029,SCAN_HIGH,3.7855,-0.9699,0.293,58.39,-0.28,-0.19,15.0,-0.0644,0.0371,-0.0046,,1.532,0.487,,,,,,
65.106,SCAN_HIGH,3.7848,-0.9642,0.295,59.02,-0.2,-0.1,15.0,-0.0595,0.0465,-0.0011,,1.541,0.48,,,,,,
65.138,SCAN_HIGH,3.785,-0.9577,0.294,59.72,-0.18,0.2,15.0,-0.0538,0.0549,0.0073,,1.541,0.48,,,,,,
65.209,SCAN_HIGH,3.7852,-0.9511,0.294,60.5,-0.06,0.58,15.0,-0.0494,0.0609,0.0082,,1.517,0.471,,,,,,
65.24,SCAN_HIGH,3.7846,-0.9462,0.297,61.3,0.09,0.75,15.0,-0.0476,0.06,0.0078,,1.517,0.471,,,,,,
65.267,SCAN_HIGH,3.785,-0.9412,0.294,62.18,0.18,1.24,15.0,-0.0436,0.0566,0.0152,,,0.462,,,,,,
65.335,SCAN_HIGH,3.784,-0.9382,0.296,63.0,0.07,1.56,15.0,-0.0445,0.0466,0.0057,,,0.462,,,,,,
65.409,SCAN_HIGH,3.7838,-0.9339,0.296,63.79,0.01,1.83,15.0,-0.0453,0.0387,0.0095,,1.449,0.455,,,,,,
65.432,SCAN_HIGH,3.7829,-0.9314,0.298,64.52,0.09,1.93,15.0,-0.0481,0.0261,0.0086,,1.449,0.455,,,,,,
65.503,SCAN_HIGH,3.7814,-0.9294,0.3,65.12,0.11,2.04,15.0,-0.0519,0.0135,0.0094,,1.477,0.453,,,,,,
65.572,SCAN_HIGH,3.7793,-0.9285,0.299,65.68,0.11,2.07,15.0,-0.0564,-0.0011,0.0096,,1.477,0.453,,,,,,
65.589,SCAN_HIGH,3.7768,-0.9277,0.299,66.15,0.16,2.13,15.0,-0.0615,-0.0143,0.0023,,1.54,0.446,,,,,,
65.623,SCAN_HIGH,3.7742,-0.929,0.298,66.56,0.2,2.03,15.0,-0.0658,-0.0317,0.0071,,1.54,0.446,,,,,,
65.671,SCAN_HIGH,3.7715,-0.9294,0.301,66.85,0.22,1.81,15.0,-0.0686,-0.0432,0.005,,1.578,0.439,,,,,,
65.744,SCAN_HIGH,3.7686,-0.9306,0.302,67.12,0.1,1.65,15.0,-0.0711,-0.0538,0.0185,,1.578,0.439,,,,,,
65.783,SCAN_HIGH,3.7661,-0.9334,0.301,67.38,-0.1,1.57,15.0,-0.0733,-0.0654,0.0221,,1.642,0.432,,,,,,
65.833,SCAN_HIGH,3.7634,-0.9365,0.299,67.7,-0.14,1.1,15.0,-0.0758,-0.0747,0.0176,,1.642,0.432,,,,,,
65.887,SCAN_HIGH,3.7599,-0.9387,0.305,68.16,-0.21,0.91,15.0,-0.0796,-0.0776,0.0157,,1.761,0.421,,,,,,
65.933,SCAN_HIGH,3.7566,-0.9403,0.304,68.74,-0.09,0.7,15.0,-0.0815,-0.0775,0.0283,,1.761,0.421,,,,,,
65.994,SCAN_HIGH,3.7527,-0.9416,0.309,69.47,0.14,0.37,15.0,-0.0823,-0.0751,0.0167,,1.803,0.406,,,,,,
66.029,SCAN_HIGH,3.7473,-0.9433,0.307,70.45,0.37,0.29,15.0,-0.0844,-0.073,0.0193,,1.803,0.406,,,,,,
66.097,SCAN_HIGH,3.7432,-0.9429,0.307,71.56,0.43,0.21,15.0,-0.0817,-0.0653,0.007,,1.92,0.394,,,,,,
66.221,SCAN_HIGH,3.7395,-0.9438,0.305,72.83,0.62,0.08,15.0,-0.0774,-0.0612,-0.0029,,1.92,0.394,,,,,,
66.245,SCAN_HIGH,3.7358,-0.9441,0.307,74.14,0.68,0.11,15.0,-0.0719,-0.0558,-0.0124,,2.167,0.382,,,,,,
66.253,SCAN_HIGH,3.7311,-0.9456,0.305,75.53,0.75,-0.02,15.0,-0.069,-0.0545,-0.0087,,2.167,0.382,,,,,,
66.277,SCAN_HIGH,3.7268,-0.9462,0.305,76.89,0.62,-0.11,15.0,-0.0654,-0.0492,-0.017,,,0.365,,,,,,
66.339,SCAN_HIGH,3.7229,-0.9473,0.305,78.36,0.38,0.04,15.0,-0.0626,-0.0459,-0.0163,,,0.365,,,,,,
66.379,SCAN_HIGH,3.7207,-0.9458,0.302,79.83,0.2,0.18,15.0,-0.0579,-0.0365,-0.0189,,,0.352,,,,,,
66.456,SCAN_HIGH,3.7216,-0.948,0.302,81.39,0.22,0.34,15.0,-0.0475,-0.0399,-0.0228,,,0.352,,,,,,
66.475,SCAN_HIGH,3.7285,-0.9393,0.302,82.77,0.32,0.3,15.0,-0.0232,-0.0145,-0.0165,,2.783,0.34,,,,,,
66.541,SCAN_HIGH,3.7261,-0.9377,0.301,84.03,0.21,0.63,15.0,-0.024,-0.0119,-0.0101,,2.783,0.34,,,,,,
66.575,SCAN_HIGH,3.7246,-0.9356,0.304,85.02,0.2,0.74,15.0,-0.0233,-0.0102,-0.0143,,2.827,0.341,,,,,,
66.66,SCAN_HIGH,3.7222,-0.9332,0.301,85.82,0.19,1.01,15.0,-0.0254,-0.0095,-0.0033,,2.827,0.341,,,,,,
66.682,SCAN_HIGH,3.72,-0.9334,0.302,86.42,0.07,1.15,15.0,-0.0269,-0.017,-0.0139,,2.834,0.337,,,,,,
66.773,SCAN_HIGH,3.7175,-0.932,0.299,86.88,0.15,1.35,15.0,-0.0294,-0.0213,-0.0087,,2.834,0.337,,,,,,
66.796,SCAN_HIGH,3.7152,-0.9327,0.304,87.28,0.22,1.48,15.0,-0.0301,-0.0316,-0.0181,,2.799,0.329,,,,,,
66.817,SCAN_HIGH,3.712,-0.934,0.303,87.77,0.3,1.62,15.0,-0.0327,-0.0435,-0.0058,,2.799,0.329,,,,,,
66.877,SCAN_HIGH,3.7079,-0.9361,0.301,88.31,0.37,1.54,15.0,-0.0361,-0.0565,-0.0071,,2.79,0.325,,,,,,
66.957,SCAN_HIGH,3.7065,-0.9391,0.297,88.85,0.56,1.24,15.0,-0.0321,-0.0685,-0.0133,,2.79,0.325,,,,,,
66.98,SCAN_HIGH,3.7034,-0.9437,0.299,89.49,0.7,0.99,15.0,-0.0306,-0.081,-0.0154,,2.803,0.321,,,,,,
67.054,SCAN_HIGH,3.7017,-0.9471,0.3,90.03,0.94,0.68,15.0,-0.0245,-0.0863,-0.0099,,2.803,0.321,,,,,,
67.115,SCAN_HIGH,3.7013,-0.9516,0.299,90.57,1.08,0.33,15.0,-0.0143,-0.0907,-0.0028,,2.822,0.318,,,,,,
67.195,SCAN_HIGH,3.701,-0.955,0.297,91.02,1.11,0.04,15.0,-0.0043,-0.0897,-0.0005,,2.822,0.318,,,,,,
67.219,SCAN_HIGH,3.6996,-0.9579,0.298,91.54,1.08,-0.22,15.0,0.002,-0.0848,0.0004,,2.834,0.315,,,,,,
67.247,SCAN_HIGH,3.7002,-0.9613,0.297,92.03,1.01,-0.23,-0.0,0.0119,-0.0807,0.0071,,2.834,0.315,,,,,,
67.277,SCAN_HIGH,3.7018,-0.9655,0.298,92.57,0.7,-0.47,-0.0,0.0213,-0.0782,0.0029,,2.809,0.313,,,,,,
67.317,SCAN_HIGH,3.7031,-0.969,0.296,93.0,0.61,-0.56,-0.0,0.0261,-0.0733,-0.0653,,2.809,0.313,,,,,,
67.404,SCAN_HIGH,3.705,-0.9722,0.29,93.55,0.37,-0.69,-0.0,0.0308,-0.0681,-0.1706,,,0.314,,,,,,
67.416,SCAN_HIGH,3.7067,-0.9757,0.276,93.88,0.35,-0.87,-0.0,0.0329,-0.0629,-0.227,,,0.314,,,,,,
67.474,SCAN_HIGH,3.7096,-0.9787,0.265,93.95,0.02,-0.8,-0.0,0.0372,-0.0568,-0.2881,,2.789,0.32,,,,,,
67.537,SCAN_HIGH,3.7143,-0.9813,0.245,93.86,-0.29,-0.79,-0.0,0.0423,-0.0517,-0.3114,,2.789,0.32,,,,,,
67.57,SCAN_HIGH,3.717,-0.9834,0.233,93.57,-0.5,-0.88,-0.0,0.0405,-0.045,-0.3507,,,0.314,,,,,,
67.634,SCAN_HIGH,3.7231,-0.977,0.209,93.29,-0.58,-0.89,-0.0,0.0445,-0.0198,-0.3394,,,0.314,,,,,,
67.672,SCAN_HIGH,3.7127,-0.9792,0.197,92.8,-0.68,-0.9,-0.0,0.011,-0.01,-0.3646,,,0.316,,,,,,
67.716,SCAN_HIGH,3.7078,-0.9848,0.176,92.53,-0.56,-0.33,-0.0,-0.0066,-0.0137,-0.3354,,,0.316,,,,,,
67.787,SCAN_HIGH,3.6874,-0.9955,0.165,92.13,-0.56,-0.0,-0.0,-0.0588,-0.0249,-0.3416,,,0.312,,,,,,
67.849,SCAN_HIGH,3.6802,-0.9935,0.148,92.05,-0.19,0.07,-0.0,-0.0736,-0.0158,-0.3014,,,0.312,,,,,,
67.878,SCAN_HIGH,3.6729,-0.9924,0.13,92.04,0.23,0.16,-0.0,-0.0836,-0.0101,-0.295,,0.451,0.308,,,,,,
67.947,SCAN_HIGH,3.6683,-0.992,0.112,92.32,0.62,0.37,-0.0,-0.0813,-0.0101,-0.278,,0.451,0.308,,,,,,
68.0,SCAN_LOW,3.6629,-0.9918,0.104,92.77,0.86,0.47,-0.0,-0.0801,-0.0115,-0.2696,,0.417,0.313,,,,,,
68.053,SCAN_LOW,3.6606,-0.9896,0.084,93.33,1.07,0.23,-0.0,-0.0642,-0.0031,-0.2192,,0.417,0.313,,,,,,
68.116,SCAN_LOW,3.6576,-0.9952,0.075,93.85,1.07,0.54,-0.0,-0.049,-0.0291,-0.2179,,0.41,0.308,,,,,,
68.154,SCAN_LOW,3.6588,-0.9967,0.068,94.45,1.23,0.7,15.0,-0.0166,-0.0376,-0.1687,,0.41,0.308,,,,,,
68.183,SCAN_LOW,3.6578,-0.9984,0.061,95.04,1.0,0.3,15.0,-0.0096,-0.0344,-0.1419,,0.407,0.308,,,,,,
68.254,SCAN_LOW,3.6558,-1.0001,0.052,95.63,0.66,-0.01,15.0,-0.0105,-0.0029,-0.1041,,0.407,0.308,,,,,,
68.271,SCAN_LOW,3.6554,-1.0002,0.047,96.32,0.66,-0.02,15.0,-0.0046,-0.0035,-0.0873,,0.402,0.304,,,,,,
68.335,SCAN_LOW,3.6548,-1.0002,0.045,96.97,0.29,0.13,15.0,-0.0121,-0.0035,-0.0583,,0.402,0.304,,,,,,
68.396,SCAN_LOW,3.6544,-1.0003,0.044,97.58,0.3,0.28,15.0,-0.0075,-0.0098,-0.034,,0.404,0.306,,,,,,
68.437,SCAN_LOW,3.6542,-1.0007,0.044,98.22,0.3,0.47,15.0,-0.0043,-0.02,-0.0133,,0.404,0.306,,,,,,
68.532,SCAN_LOW,3.6541,-1.0017,0.042,98.82,0.4,0.29,15.0,-0.0045,-0.0309,0.0032,,0.406,0.317,,,,,,
68.537,SCAN_LOW,3.654,-1.0035,0.047,99.43,0.52,0.11,15.0,0.0008,-0.0365,0.0085,,0.406,0.317,,,,,,
68.635,SCAN_LOW,3.6543,-1.0055,0.05,100.07,0.52,-0.23,15.0,0.0087,-0.0407,0.0265,,0.4,0.334,,,,,,
68.687,SCAN_LOW,3.655,-1.0075,0.05,100.65,0.42,-0.71,15.0,0.0155,-0.0345,0.0302,,0.4,0.334,,,,,,
68.761,SCAN_LOW,3.6559,-1.009,0.054,101.16,0.34,-0.99,15.0,0.0197,-0.0284,0.0313,,0.404,0.341,,,,,,
68.787,SCAN_LOW,3.6568,-1.0098,0.054,101.66,0.44,-0.93,15.0,0.0198,-0.0114,0.0393,,0.404,0.341,,,,,,
68.811,SCAN_LOW,3.6574,-1.0103,0.058,102.17,0.46,-0.73,15.0,0.0182,0.0132,0.0337,,0.404,0.364,,,,,,
68.867,SCAN_LOW,3.6583,-1.0076,0.059,102.76,0.33,-0.5,15.0,0.0203,0.0309,0.0327,,0.404,0.364,,,,,,
68.986,SCAN_LOW,3.6596,-1.0056,0.066,103.32,0.15,-0.42,15.0,0.0227,0.0373,0.0289,,0.409,0.384,,,,,,
68.999,SCAN_LOW,3.6606,-1.003,0.063,103.91,-0.02,-0.16,15.0,0.0217,0.0454,0.0346,,0.409,0.384,,,,,,
69.029,SCAN_LOW,3.6611,-1.0005,0.069,104.51,-0.21,0.43,15.0,0.0166,0.049,0.0181,,0.413,0.42,,,,,,
69.082,SCAN_LOW,3.6617,-0.9978,0.066,105.17,-0.34,0.76,15.0,0.0134,0.0462,0.0225,,0.413,0.42,,,,,,
69.138,SCAN_LOW,3.6619,-0.9964,0.065,105.92,-0.13,0.75,15.0,0.0097,0.0358,0.0125,,0.412,0.538,,,,,,
69.19,SCAN_LOW,3.662,-0.9943,0.066,106.7,-0.1,0.96,15.0,0.0067,0.0303,0.0012,,0.412,0.538,,,,,,
69.226,SCAN_LOW,3.6619,-0.993,0.064,107.47,-0.17,0.89,15.0,0.004,0.0197,-0.0061,,0.414,,,,,,,
69.243,SCAN_LOW,3.6616,-0.9928,0.059,108.24,-0.11,0.71,15.0,0.0005,0.0076,-0.0132,,0.414,,,,,,,
69.266,SCAN_LOW,3.6615,-0.9926,0.059,109.03,-0.08,0.79,15.0,0.0003,0.0003,-0.021,,0.415,,,,,,,
69.324,SCAN_LOW,3.6617,-0.9937,0.064,109.75,-0.01,0.66,15.0,0.0034,-0.01,-0.0127,,0.415,,,,,,,
69.368,SCAN_LOW,3.6608,-0.994,0.059,110.46,0.2,0.28,15.0,-0.0021,-0.0164,0.0008,,0.418,,,,,,,
69.428,SCAN_LOW,3.6611,-0.9953,0.061,111.14,0.49,0.21,15.0,0.0035,-0.018,-0.0094,,0.418,,,,,,,
69.505,SCAN_LOW,3.6615,-0.9961,0.062,111.85,0.51,0.09,15.0,0.0084,-0.0173,-0.0021,,0.415,0.568,,,,,,
69.58,SCAN_LOW,3.6624,-0.9972,0.061,112.56,0.49,-0.11,15.0,0.0151,-0.0163,0.0012,,0.415,0.568,,,,,,
69.65,SCAN_LOW,3.6638,-0.9975,0.064,113.32,0.37,-0.24,15.0,0.0208,-0.0101,-0.0012,,0.416,0.54,,,,,,
69.717,SCAN_LOW,3.6653,-0.9974,0.065,114.12,0.13,-0.39,15.0,0.0241,-0.0038,0.0025,,0.416,0.54,,,,,,
69.759,SCAN_LOW,3.6664,-0.9965,0.062,114.91,-0.0,-0.27,15.0,0.0231,0.0044,0.005,,0.425,0.523,,,,,,
69.775,SCAN_LOW,3.668,-0.9955,0.06,115.73,-0.11,-0.21,15.0,0.0244,0.0086,-0.0037,,0.425,0.523,,,,,,
69.858,SCAN_LOW,3.6686,-0.9947,0.059,116.58,-0.08,-0.17,15.0,0.0201,0.012,-0.0087,,0.432,0.512,,,,,,
69.88,SCAN_LOW,3.6691,-0.9931,0.062,117.46,-0.17,-0.14,15.0,0.0159,0.0171,-0.0086,,0.432,0.512,,,,,,
69.974,SCAN_LOW,3.67,-0.9911,0.058,118.33,-0.06,-0.21,15.0,0.0148,0.0223,-0.0033,,0.44,0.507,,,,,,
70.014,SCAN_LOW,3.6694,-0.9891,0.059,119.15,-0.29,-0.12,15.0,0.0066,0.0274,-0.0038,,0.44,0.507,,,,,,
70.047,SCAN_LOW,3.6681,-0.9864,0.063,120.03,-0.37,-0.03,15.0,-0.0044,0.0327,0.0019,,0.462,0.499,,,,,,
70.084,SCAN_LOW,3.6667,-0.9842,0.062,121.04,-0.48,0.37,15.0,-0.0129,0.0327,0.0128,,0.462,0.499,,,,,,
70.099,SCAN_LOW,3.6649,-0.9816,0.062,122.17,-0.39,0.46,15.0,-0.0201,0.0314,0.0055,,,0.499,,,,,,
70.146,SCAN_LOW,3.663,-0.9799,0.058,123.33,-0.28,0.65,15.0,-0.0248,0.0268,0.0046,,,0.499,,,,,,
70.166,SCAN_LOW,3.6615,-0.9785,0.061,124.39,-0.3,1.01,15.0,-0.0244,0.0199,-0.0004,,,0.501,,,,,,
70.223,SCAN_LOW,3.6588,-0.9767,0.062,125.43,-0.13,1.03,15.0,-0.0296,0.0132,0.0048,,,0.501,,,,,,
70.298,SCAN_LOW,3.657,-0.9758,0.06,126.39,0.09,1.33,15.0,-0.0272,0.0054,0.0056,,,0.509,,,,,,
70.367,SCAN_LOW,3.6557,-0.9759,0.06,127.2,0.16,1.31,15.0,-0.0198,-0.0042,-0.0008,,,0.509,,,,,,
70.474,SCAN_LOW,3.6559,-0.9774,0.062,127.87,0.09,1.21,15.0,-0.0068,-0.0146,-0.0008,,,0.514,,,,,,
70.485,SCAN_LOW,3.6562,-0.9787,0.061,128.49,0.08,1.17,15.0,0.0025,-0.023,0.003,0.496,,0.514,,,,,,
70.533,SCAN_LOW,3.6572,-0.981,0.06,129.08,0.19,1.07,15.0,0.0129,-0.0346,-0.0017,0.496,,0.526,,,,,,
70.592,SCAN_LOW,3.6584,-0.9835,0.058,129.6,0.33,0.7,15.0,0.0219,-0.0426,-0.0045,0.484,,0.526,,,,,,
70.632,SCAN_LOW,3.6601,-0.9859,0.063,130.11,0.25,0.52,15.0,0.0302,-0.0451,-0.0094,0.484,,0.529,,,,,,
70.659,SCAN_LOW,3.6624,-0.9886,0.064,130.64,0.3,0.29,15.0,0.0376,-0.0476,0.0093,0.468,,0.529,,,,,,
70.675,SCAN_LOW,3.664,-0.9902,0.066,131.06,0.53,-0.09,15.0,0.0407,-0.043,0.005,0.468,,0.542,,,,,,
70.758,SCAN_LOW,3.6672,-0.9925,0.065,131.76,0.44,-0.06,15.0,0.0471,-0.0375,0.0076,0.464,,0.542,,,,,,
70.773,SCAN_LOW,3.6692,-0.9936,0.06,132.25,0.38,-0.06,15.0,0.0499,-0.0328,0.0054,0.464,,0.553,,,,,,
70.826,SCAN_LOW,3.6714,-0.9952,0.06,132.95,0.29,-0.15,15.0,0.0482,-0.0279,-0.0117,0.456,,0.553,,,,,,
70.867,SCAN_LOW,3.673,-0.9954,0.06,133.44,0.1,-0.49,15.0,0.0454,-0.0195,-0.0041,0.456,,0.565,,,,,,
70.922,SCAN_LOW,3.6757,-0.9965,0.061,134.1,-0.27,-0.71,15.0,0.0419,-0.016,-0.0035,0.449,,0.565,,,,,,
70.965,SCAN_LOW,3.6765,-0.9963,0.058,134.48,-0.38,-0.92,15.0,0.0315,-0.0086,-0.0031,0.449,,0.577,,,,,,
71.069,SCAN_LOW,3.6766,-0.9962,0.063,135.03,-0.41,-0.85,15.0,0.0156,-0.0016,-0.0066,0.441,,0.577,,,,,,
71.103,SCAN_LOW,3.6755,-0.9967,0.059,135.55,-0.26,-0.9,15.0,-0.0005,0.0025,0.0128,0.441,,0.582,,,,,,
71.129,SCAN_LOW,3.6739,-0.9967,0.063,136.06,-0.17,-0.75,15.0,-0.0132,0.0074,-0.0003,0.439,,0.582,,,,,,
71.206,SCAN_LOW,3.6701,-0.9959,0.064,136.72,-0.24,-0.56,15.0,-0.032,0.0143,0.0096,0.439,,0.593,,,,,,
71.223,SCAN_LOW,3.6668,-0.9947,0.064,137.41,0.02,-0.42,15.0,-0.0436,0.0191,0.0164,0.428,,0.593,,,,,,
71.284,SCAN_LOW,3.6627,-0.9934,0.061,138.15,0.23,-0.39,15.0,-0.0538,0.0249,0.013,0.428,,0.606,,,,,,
71.321,SCAN_LOW,3.6591,-0.9919,0.063,138.98,0.03,-0.02,15.0,-0.0586,0.029,0.0022,0.416,,0.606,,,,,,
71.368,SCAN_LOW,3.6548,-0.9903,0.062,139.83,0.15,0.3,15.0,-0.0638,0.0302,0.0119,0.416,,0.623,,,,,,
71.444,SCAN_LOW,3.6504,-0.9893,0.064,140.71,0.04,0.86,15.0,-0.0658,0.0277,0.0031,0.408,,0.623,,,,,,
71.493,SCAN_LOW,3.6471,-0.9888,0.062,141.63,0.24,1.07,15.0,-0.0597,0.0187,0.0106,0.408,,0.641,,,,,,
71.545,SCAN_LOW,3.6445,-0.9888,0.064,142.59,0.5,1.23,15.0,-0.0501,0.0094,0.0085,0.39,,0.641,,,,,,
71.596,SCAN_LOW,3.6421,-0.9886,0.063,143.45,0.64,1.46,15.0,-0.0387,0.0047,0.0097,0.39,,0.677,,,,,,
71.655,SCAN_LOW,3.6405,-0.9888,0.067,144.22,0.79,1.64,15.0,-0.0249,-0.0013,0.0089,0.387,,0.677,,,,,,
71.702,SCAN_LOW,3.6411,-0.9894,0.066,144.89,1.09,1.47,15.0,-0.002,-0.0066,0.0186,0.387,,0.708,,,,,,
71.752,SCAN_LOW,3.6431,-0.99,0.069,145.43,1.15,1.54,15.0,0.0217,-0.0088,0.0101,0.376,,0.708,,,,,,
71.782,SCAN_LOW,3.6453,-0.9906,0.068,145.93,1.04,1.47,15.0,0.0427,-0.002,0.0134,0.376,,0.733,,,,,,
71.83,SCAN_LOW,3.649,-0.9911,0.075,146.54,0.85,1.05,15.0,0.0646,0.0034,0.0055,0.377,,0.733,,,,,,
71.886,SCAN_LOW,3.6537,-0.991,0.068,147.3,0.58,0.57,15.0,0.08,0.0061,0.0196,0.377,,0.762,,,,,,
71.938,SCAN_LOW,3.6582,-0.9906,0.072,148.09,0.36,0.35,15.0,0.0884,0.0113,-0.0005,0.373,,0.762,,,,,,
71.984,SCAN_LOW,3.6619,-0.9898,0.072,148.95,-0.12,-0.07,15.0,0.0876,0.0165,0.0072,0.373,,0.8,,,,,,
72.043,SCAN_LOW,3.6665,-0.989,0.074,149.81,-0.46,-0.37,15.0,0.0859,0.0152,0.0061,0.374,,0.8,,,,,,
72.073,SCAN_LOW,3.6697,-0.9879,0.073,150.73,-0.7,-0.56,15.0,0.0755,0.0145,0.0025,0.374,,0.829,,,,,,
72.176,SCAN_LOW,3.6721,-0.9875,0.07,151.59,-0.84,-0.88,15.0,0.0611,0.0102,-0.0038,0.367,,0.829,,,,,,
72.193,SCAN_LOW,3.6744,-0.9867,0.07,152.48,-1.13,-0.69,15.0,0.0483,0.0069,-0.0091,0.367,,0.862,,,,,,
72.242,SCAN_LOW,3.6757,-0.9864,0.068,153.36,-0.91,-0.57,15.0,0.0347,0.0006,-0.0028,0.364,,0.862,,,,,,
72.302,SCAN_LOW,3.6756,-0.9887,0.069,154.17,-0.83,-0.36,15.0,0.0203,-0.0106,-0.0099,0.364,,0.904,,,,,,
72.337,SCAN_LOW,3.6743,-0.9894,0.066,154.98,-0.78,-0.31,15.0,0.0044,-0.0181,-0.0046,0.362,,0.904,,,,,,
72.37,SCAN_LOW,3.6728,-0.9936,0.067,155.72,-0.48,-0.36,15.0,-0.0069,-0.0312,-0.007,0.362,,0.929,,,,,,
72.442,SCAN_LOW,3.6718,-0.9948,0.067,156.41,-0.08,-0.49,15.0,-0.0137,-0.0318,-0.0066,0.356,,0.929,,,,,,
72.502,SCAN_LOW,3.6694,-0.9952,0.069,157.03,0.07,-0.31,15.0,-0.0241,-0.0286,-0.0025,0.356,,0.939,,,,,,
72.544,SCAN_LOW,3.6663,-0.9951,0.068,157.63,0.21,-0.24,15.0,-0.0348,-0.0235,-0.0001,0.347,,0.939,,,,,,
72.621,SCAN_LOW,3.6633,-0.995,0.07,158.23,0.42,-0.13,15.0,-0.0411,-0.0173,-0.0047,0.347,,,,,,,,
72.633,SCAN_LOW,3.6605,-0.9945,0.068,158.79,0.6,0.05,15.0,-0.0436,-0.009,0.0034,0.34,,,,,,,,
72.712,SCAN_LOW,3.658,-0.994,0.07,159.32,0.6,0.4,15.0,-0.0426,-0.0015,-0.0055,0.34,,,,,,,,
72.764,SCAN_LOW,3.6556,-0.9934,0.069,159.9,0.76,0.61,15.0,-0.0376,0.0043,0.0031,0.334,,,,,,,,
72.84,SCAN_LOW,3.6532,-0.9929,0.068,160.48,1.06,0.71,15.0,-0.0331,0.012,0.0006,0.334,,,,,,,,
72.873,SCAN_LOW,3.6521,-0.9916,0.072,161.11,0.79,0.89,15.0,-0.0222,0.0198,0.0034,0.333,,,,,,,,
72.887,SCAN_LOW,3.6512,-0.9898,0.069,161.71,0.61,0.82,15.0,-0.0125,0.0284,0.0101,0.333,,,,,,,,
72.951,SCAN_LOW,3.6515,-0.9878,0.069,162.41,0.3,0.7,15.0,-0.0019,0.0331,-0.0023,0.327,,,,,,,,
72.998,SCAN_LOW,3.6519,-0.986,0.067,163.11,0.03,0.84,15.0,0.0064,0.0335,0.0012,0.327,,,,,,,,
73.063,SCAN_LOW,3.6527,-0.9843,0.069,163.8,-0.2,0.67,15.0,0.0142,0.0309,-0.0016,0.323,,,,,,,,
73.141,SCAN_LOW,3.6535,-0.9828,0.071,164.48,-0.43,0.45,15.0,0.0183,0.0276,0.0038,0.323,,0.503,,,,,,
73.183,SCAN_LOW,3.6545,-0.9819,0.07,165.17,-0.71,0.63,15.0,0.0206,0.0185,0.007,0.325,,0.503,,,,,,
73.201,SCAN_LOW,3.6552,-0.9815,0.071,165.97,-0.49,0.47,15.0,0.0218,0.0083,0.0065,0.325,,0.467,,,,,,
73.245,SCAN_LOW,3.6566,-0.9822,0.07,166.84,-0.36,0.31,15.0,0.0252,-0.0032,0.0046,0.319,,0.467,,,,,,
73.29,SCAN_LOW,3.6572,-0.983,0.07,167.69,-0.27,0.17,15.0,0.0227,-0.0112,0.0042,0.319,,0.453,,,,,,
73.345,SCAN_LOW,3.6579,-0.9842,0.07,168.57,-0.45,0.06,15.0,0.0209,-0.0184,0.0011,0.318,,0.453,,,,,,
73.389,SCAN_LOW,3.6578,-0.986,0.069,169.49,-0.39,0.1,15.0,0.0149,-0.0284,-0.0013,0.318,,0.438,,,,,,
73.415,SCAN_LOW,3.6574,-0.9875,0.07,170.5,-0.27,0.13,15.0,0.0096,-0.0339,-0.0058,0.313,,0.438,,,,,,
73.481,SCAN_LOW,3.657,-0.9896,0.066,171.59,0.01,0.18,15.0,0.0061,-0.0382,-0.0015,0.313,,0.427,,,,,,
73.553,SCAN_LOW,3.6557,-0.9909,0.066,172.7,0.16,0.03,15.0,-0.0009,-0.0376,-0.011,0.312,,0.427,,,,,,
73.617,SCAN_LOW,3.6552,-0.9937,0.072,173.76,0.18,0.29,15.0,-0.002,-0.0401,-0.0102,0.312,,0.421,,,,,,
73.686,SCAN_LOW,3.6533,-0.9959,0.068,174.8,0.12,0.53,15.0,-0.0067,-0.0408,0.0148,0.304,,0.421,,,,,,
73.694,SCAN_LOW,3.6522,-0.9985,0.072,175.82,0.2,0.69,15.0,-0.0059,-0.0428,0.001,0.304,,0.417,,,,,,
73.741,SCAN_LOW,3.6512,-1.0012,0.069,176.74,0.45,0.67,15.0,-0.0036,-0.0436,0.0098,0.303,,0.417,,,,,,
73.783,SCAN_LOW,3.6505,-1.0033,0.072,177.59,0.67,0.55,15.0,-0.0016,-0.0389,0.0032,0.303,,0.415,,,,,,
73.858,SCAN_LOW,3.6499,-1.0048,0.072,178.38,0.86,0.81,15.0,0.001,-0.0301,0.0064,0.3,,0.415,,,,,,
73.937,SCAN_LOW,3.6498,-1.0064,0.069,179.09,0.96,0.74,15.0,0.0074,-0.0237,0.0051,0.3,,0.411,,,,,,
73.985,SCAN_LOW,3.6503,-1.0071,0.071,179.82,1.01,0.52,15.0,0.0129,-0.0135,-0.0026,0.304,,0.411,,,,,,
74.005,SCAN_LOW,3.6512,-1.0074,0.07,-179.49,0.97,0.59,15.0,0.018,-0.0043,0.0007,0.304,,0.411,,,,,,
74.072,SCAN_LOW,3.6529,-1.006,0.071,-178.86,0.7,0.63,15.0,0.0259,0.0086,-0.0048,0.302,,0.411,,,,,,
74.168,SCAN_LOW,3.6534,-1.0052,0.071,-178.34,0.72,0.52,15.0,0.028,0.0181,0.0004,0.302,,0.407,,,,,,
74.238,SCAN_LOW,3.6545,-1.004,0.069,-177.8,0.63,0.6,15.0,0.0303,0.0262,0.0074,0.309,,0.407,,,,,,
74.286,SCAN_LOW,3.6552,-1.0025,0.071,-177.2,0.53,0.7,15.0,0.0317,0.0345,0.0011,0.309,,0.408,,,,,,
74.299,SCAN_LOW,3.6563,-1.0005,0.074,-176.6,0.43,0.72,15.0,0.0352,0.041,0.0074,0.312,,0.408,,,,,,
74.373,SCAN_LOW,3.6583,-0.9982,0.074,-175.97,0.25,0.44,15.0,0.0405,0.0446,0.0134,0.312,,0.413,,,,,,
74.385,SCAN_LOW,3.6603,-0.9963,0.073,-175.28,0.04,0.08,15.0,0.0422,0.0439,0.0082,0.319,,0.413,,,,,,
74.404,SCAN_LOW,3.6623,-0.9952,0.076,-174.62,-0.09,-0.1,15.0,0.0417,0.0389,0.0045,0.319,,0.411,,,,,,
74.443,SCAN_LOW,3.6635,-0.9936,0.078,-173.97,-0.18,0.03,15.0,0.0376,0.0361,0.0169,0.328,,0.411,,,,,,
74.486,SCAN_LOW,3.6655,-0.9921,0.074,-173.28,-0.18,0.04,15.0,0.0388,0.0334,0.0146,0.328,,0.413,,,,,,
74.518,SCAN_LOW,3.6667,-0.9916,0.075,-172.59,-0.39,-0.18,15.0,0.0352,0.026,-0.0008,0.331,,0.413,,,,,,
74.583,SCAN_LOW,3.6687,-0.9916,0.077,-171.89,-0.45,-0.26,15.0,0.0352,0.0183,0.0027,0.331,,0.418,,,,,,
74.673,SCAN_LOW,3.6703,-0.9912,0.074,-171.19,-0.59,-0.0,15.0,0.0338,0.012,0.0087,0.341,,0.418,,,,,,
74.75,SCAN_LOW,3.6717,-0.9921,0.077,-170.45,-0.55,-0.07,15.0,0.0333,0.0019,-0.0028,0.341,,0.414,,,,,,
74.787,SCAN_LOW,3.6727,-0.9953,0.074,-169.74,-0.35,-0.34,15.0,0.03,-0.0145,0.0036,0.364,,0.414,,,,,,
74.791,SCAN_LOW,3.6738,-0.9974,0.077,-169.07,-0.15,-0.53,15.0,0.0256,-0.0225,-0.0033,0.364,,0.417,,,,,,
74.85,SCAN_LOW,3.6737,-0.9993,0.075,-168.44,0.33,-0.54,15.0,0.0151,-0.0279,0.0026,0.405,,0.417,,,,,,
74.898,SCAN_LOW,3.6735,-1.0005,0.077,-167.84,0.68,-0.51,15.0,0.0054,-0.0258,-0.0045,0.405,,0.414,,,,,,
74.964,SCAN_LOW,3.6726,-1.0026,0.077,-167.39,1.01,-0.48,15.0,-0.0048,-0.0231,-0.0017,0.497,,0.414,,,,,,
74.977,SCAN_LOW,3.6711,-1.0038,0.076,-166.95,1.06,-0.22,15.0,-0.0154,-0.0157,0.0047,0.497,,0.417,,,,,,
75.054,SCAN_LOW,3.6696,-1.0042,0.075,-166.5,0.98,-0.04,15.0,-0.0213,-0.0069,-0.0007,,,0.417,,,,,,
75.093,SCAN_LOW,3.6672,-1.0043,0.075,-165.94,1.08,0.04,15.0,-0.0295,0.0023,-0.0028,,,0.415,,,,,,
75.156,SCAN_LOW,3.6645,-1.004,0.077,-165.29,0.86,0.54,15.0,-0.0351,0.0131,-0.0006,1.547,,0.415,,,,,,
75.199,SCAN_LOW,3.6622,-1.0026,0.077,-164.57,0.8,0.58,15.0,-0.0352,0.0235,0.0036,1.547,,0.417,,,,,,
75.231,SCAN_LOW,3.66,-1.0018,0.078,-163.83,0.85,0.41,15.0,-0.0351,0.0303,0.0029,,,0.417,,,,,,
75.265,SCAN_LOW,3.6582,-0.9992,0.074,-162.95,0.63,0.56,15.0,-0.0339,0.0416,0.0055,,,0.426,,,,,,
75.355,SCAN_LOW,3.6561,-0.996,0.078,-162.0,0.43,0.64,15.0,-0.0325,0.0543,-0.0067,,,0.426,,,,,,
75.383,SCAN_LOW,3.6546,-0.9934,0.075,-160.99,-0.01,0.84,15.0,-0.0277,0.057,0.0075,,,0.423,,,,,,
75.45,SCAN_LOW,3.6536,-0.9902,0.078,-160.01,-0.44,0.92,15.0,-0.0184,0.0594,-0.0005,0.63,,0.423,,,,,,
75.466,SCAN_LOW,3.6535,-0.9875,0.076,-159.08,-0.55,0.59,15.0,-0.0083,0.0546,0.0035,0.63,,0.426,,,,,,
75.548,SCAN_LOW,3.6534,-0.985,0.076,-158.18,-0.78,0.5,15.0,-0.0013,0.0498,-0.004,0.57,,0.426,,,,,,
75.6,SCAN_LOW,3.6534,-0.9827,0.079,-157.32,-0.98,0.5,15.0,0.0044,0.044,-0.0036,0.57,,0.432,,,,,,
75.691,SCAN_LOW,3.6539,-0.9808,0.077,-156.56,-1.13,0.39,15.0,0.0127,0.0374,0.006,0.548,,0.432,,,,,,
75.714,SCAN_LOW,3.6554,-0.9799,0.076,-155.78,-0.98,0.29,15.0,0.0225,0.0258,-0.0007,0.548,,0.438,,,,,,
75.725,SCAN_LOW,3.6566,-0.979,0.077,-154.95,-0.89,0.14,15.0,0.0265,0.0143,-0.0034,0.533,,0.438,,,,,,
75.765,SCAN_LOW,3.6587,-0.9793,0.078,-154.18,-0.88,0.36,15.0,0.0347,0.0053,0.0021,0.533,,0.454,,,,,,
75.844,SCAN_LOW,3.6604,-0.9796,0.075,-153.39,-0.83,0.2,15.0,0.039,-0.0073,0.009,0.525,,0.454,,,,,,
75.928,SCAN_LOW,3.6627,-0.9809,0.078,-152.59,-0.37,-0.02,15.0,0.0433,-0.0175,-0.0066,0.525,,,,,,,,
75.946,SCAN_LOW,3.6646,-0.9819,0.075,-151.75,-0.05,0.08,15.0,0.0424,-0.0218,0.0065,0.516,,,,,,,,
76.01,SCAN_LOW,3.666,-0.9829,0.079,-150.97,0.05,0.01,15.0,0.0391,-0.0244,-0.0005,0.516,,,,,,,,
76.056,SCAN_LOW,3.6671,-0.9838,0.079,-150.14,0.21,-0.11,15.0,0.0338,-0.0237,0.0054,0.517,,,,,,,,
76.111,SCAN_LOW,3.668,-0.9854,0.077,-149.33,0.35,-0.22,15.0,0.0279,-0.0256,0.0036,0.517,,,,,,,,
76.153,SCAN_LOW,3.6687,-0.987,0.076,-148.53,0.52,-0.27,15.0,0.0211,-0.0255,-0.0022,0.516,,,,,,,,
76.18,SCAN_LOW,3.6681,-0.9885,0.077,-147.74,0.5,-0.17,15.0,0.01,-0.0246,-0.0072,0.516,,,,,,,,
76.248,SCAN_LOW,3.6673,-0.9906,0.075,-146.96,0.37,-0.13,15.0,0.0003,-0.0251,-0.0037,0.522,,,,,,,,
76.313,SCAN_LOW,3.666,-0.9921,0.077,-146.25,0.31,0.08,15.0,-0.0074,-0.0238,-0.0069,0.522,,,,,,,,
76.325,SCAN_LOW,3.6648,-0.9942,0.078,-145.66,0.14,0.36,15.0,-0.0108,-0.0241,-0.0,0.52,,,,,,,,
76.392,SCAN_LOW,3.6631,-0.9965,0.076,-145.2,0.24,0.44,15.0,-0.0142,-0.0245,0.0021,0.52,,,,,,,,
76.456,SCAN_LOW,3.6617,-0.9981,0.076,-144.69,0.12,0.57,15.0,-0.0151,-0.0218,-0.0082,0.528,,,,,,,,
76.487,SCAN_LOW,3.6612,-0.9993,0.076,-144.12,0.2,0.3,15.0,-0.0114,-0.0198,-0.0038,0.528,,,,,,,,
76.514,SCAN_LOW,3.66,-1.001,0.076,-143.68,0.39,0.21,15.0,-0.0144,-0.0198,-0.0002,0.535,,,,,,,,
76.569,SCAN_LOW,3.6591,-1.0028,0.078,-143.04,0.41,0.46,15.0,-0.0151,-0.0185,-0.0023,0.535,,,,,,,,
76.654,SCAN_LOW,3.6576,-1.0038,0.074,-142.67,0.38,0.39,15.0,-0.0181,-0.0142,0.0092,0.541,,,,,,,,
76.683,SCAN_LOW,3.6566,-1.0047,0.074,-142.07,0.31,0.52,15.0,-0.0172,-0.0101,-0.0029,0.541,,,,,,,,
76.748,SCAN_LOW,3.655,-1.0063,0.076,-141.61,0.36,0.41,15.0,-0.0198,-0.0104,0.0024,0.544,,,,,,,,
76.794,SCAN_LOW,3.6537,-1.0069,0.074,-140.83,0.77,0.2,15.0,-0.0217,-0.0054,0.0102,0.544,,,,,,,,
76.846,SCAN_LOW,3.6532,-1.0056,0.076,-140.22,0.81,0.52,15.0,-0.022,0.0074,-0.0006,0.55,,,,,,,,
76.902,SCAN_LOW,3.6508,-1.0039,0.077,-139.17,0.8,0.84,15.0,-0.026,0.0222,0.0106,0.55,,,0.484,,,,,
76.93,SCAN_LOW,3.6491,-1.002,0.082,-138.43,0.86,1.0,15.0,-0.0278,0.0374,0.0123,0.566,,,0.484,,,,,
76.98,SCAN_LOW,3.6468,-0.9974,0.082,-137.39,0.73,0.98,15.0,-0.0289,0.0586,0.0135,0.566,,,0.458,,,,,
77.018,SCAN_LOW,3.6454,-0.9948,0.08,-136.67,0.33,0.93,15.0,-0.0275,0.0686,0.0159,0.582,,,0.458,,,,,
77.08,SCAN_LOW,3.6434,-0.9905,0.083,-135.66,-0.25,0.77,15.0,-0.0242,0.0753,0.0131,0.582,,,0.443,,,,,
77.128,SCAN_LOW,3.6423,-0.9878,0.084,-135.07,-0.44,0.43,15.0,-0.0194,0.0753,0.0149,0.602,,,0.443,,,,,
77.203,SCAN_LOW,3.6406,-0.9834,0.081,-134.29,-0.5,-0.05,15.0,-0.0188,0.0734,0.0066,0.602,,,0.426,,,,,
77.252,SCAN_LOW,3.64,-0.9813,0.082,-133.76,-0.96,-0.08,15.0,-0.0149,0.0627,-0.0042,0.613,,,0.426,,,,,
77.301,SCAN_LOW,3.639,-0.9779,0.082,-132.85,-1.3,-0.13,15.0,-0.0095,0.0529,0.0043,0.613,,,0.414,,,,,
77.352,SCAN_LOW,3.6387,-0.9764,0.083,-132.23,-1.35,-0.24,15.0,-0.0027,0.0399,-0.0023,0.635,,,0.414,,,,,
77.39,SCAN_LOW,3.638,-0.9738,0.082,-131.23,-1.52,0.02,15.0,0.0015,0.03,0.0027,0.635,,,0.408,,,,,
77.419,SCAN_LOW,3.638,-0.9727,0.082,-130.65,-1.55,-0.05,15.0,0.0101,0.0198,-0.0005,0.663,,,0.408,,,,,
77.47,SCAN_LOW,3.6394,-0.9724,0.081,-129.83,-1.57,0.2,15.0,0.0233,0.0086,-0.0001,0.663,,,0.401,,,,,
77.534,SCAN_LOW,3.6404,-0.9721,0.082,-129.24,-1.65,0.32,15.0,0.0337,-0.0029,0.0006,0.688,,,0.401,,,,,
77.567,SCAN_LOW,3.6432,-0.9733,0.082,-128.36,-1.45,0.27,15.0,0.0479,-0.0184,0.0053,0.688,,,0.398,,,,,
77.615,SCAN_LOW,3.6456,-0.9746,0.084,-127.72,-1.17,0.19,15.0,0.0591,-0.029,0.0039,0.729,,,0.398,,,,,
77.693,SCAN_LOW,3.6495,-0.9768,0.086,-126.71,-0.72,-0.08,15.0,0.0662,-0.0374,0.009,0.729,,,0.398,,,,,
77.727,SCAN_LOW,3.6524,-0.9786,0.082,-126.0,-0.39,0.05,15.0,0.0701,-0.0422,0.0064,0.779,,,0.398,,,,,
77.817,SCAN_LOW,3.6557,-0.9813,0.085,-124.89,0.25,-0.09,15.0,0.0663,-0.0477,-0.0056,0.779,,,0.396,,,,,
77.865,SCAN_LOW,3.6586,-0.9841,0.084,-124.23,0.66,0.02,15.0,0.0639,-0.0504,0.0002,0.833,,,0.396,,,,,
77.964,SCAN_LOW,3.6605,-0.9863,0.081,-123.43,0.78,0.15,15.0,0.0527,-0.0462,-0.0052,0.833,,,0.394,,,,,
78.019,SCAN_LOW,3.6622,-0.9887,0.082,-122.6,0.76,0.22,15.0,0.0436,-0.0423,-0.0114,0.886,,,0.394,,,,,
78.041,SCAN_LOW,3.6636,-0.9907,0.081,-121.82,0.8,0.49,15.0,0.0358,-0.0356,-0.0075,0.886,,,0.389,,,,,
78.116,SCAN_LOW,3.6644,-0.9937,0.08,-121.06,1.06,0.33,15.0,0.0269,-0.0311,-0.0064,0.927,,,0.389,,,,,
78.143,SCAN_LOW,3.665,-0.9954,0.081,-120.33,0.94,0.46,15.0,0.0175,-0.024,-0.0029,0.927,,,0.383,,,,,
78.194,SCAN_LOW,3.6647,-0.9972,0.079,-119.58,0.81,0.58,15.0,0.0089,-0.0165,0.0012,0.97,,,0.383,,,,,
78.233,SCAN_LOW,3.6642,-0.9991,0.082,-118.87,0.69,0.56,15.0,0.0016,-0.011,-0.0052,0.97,,,0.374,,,,,
78.248,SCAN_LOW,3.6636,-0.9992,0.08,-118.2,0.58,0.54,15.0,-0.0039,-0.002,0.0042,1.011,,,0.374,,,,,
78.264,SCAN_LOW,3.6629,-0.9992,0.08,-117.48,0.39,0.51,15.0,-0.0075,0.0048,-0.0001,1.011,,,0.363,,,,,
78.32,SCAN_LOW,3.6616,-0.9997,0.082,-116.67,0.23,0.72,15.0,-0.0118,0.0099,-0.0051,1.089,,,0.363,,,,,
78.37,SCAN_LOW,3.6608,-0.9997,0.081,-115.84,-0.26,0.73,15.0,-0.0083,0.0135,0.0003,1.089,,,0.357,,,,,
78.462,SCAN_LOW,3.6606,-0.9989,0.081,-115.08,-0.11,0.39,15.0,-0.0042,0.0169,-0.0029,,,,0.357,,,,,
78.491,SCAN_LOW,3.6612,-0.9975,0.079,-114.28,-0.04,0.23,15.0,0.0007,0.0201,-0.0069,,,,0.354,,,,,
78.535,SCAN_LOW,3.6618,-0.9958,0.08,-113.49,0.06,0.08,15.0,0.0033,0.0231,-0.0066,,,,0.354,,,,,
78.635,SCAN_LOW,3.6625,-0.9945,0.081,-112.62,-0.11,0.17,15.0,0.0067,0.0245,-0.0019,,,,0.346,,,,,
78.667,SCAN_LOW,3.6623,-0.9942,0.078,-111.65,-0.09,0.26,15.0,0.0057,0.022,0.0013,,,,0.346,,,,,
78.685,SCAN_LOW,3.6635,-0.9941,0.082,-110.58,-0.07,0.05,15.0,0.0105,0.0183,-0.0061,,,,0.344,,,,,
78.723,SCAN_LOW,3.6649,-0.9933,0.082,-109.44,0.02,0.09,15.0,0.0152,0.0178,0.0038,0.54,,,0.344,,,,,
78.764,SCAN_LOW,3.6651,-0.9933,0.079,-108.35,0.03,0.48,15.0,0.0132,0.0161,0.0024,0.54,,,0.338,,,,,
78.822,SCAN_LOW,3.6661,-0.994,0.076,-107.26,0.1,0.63,15.0,0.0157,0.0141,-0.005,0.483,,,0.338,,,,,
78.872,SCAN_LOW,3.6667,-0.9942,0.079,-106.13,0.1,0.52,15.0,0.0159,0.0146,-0.0125,0.483,,,0.336,,,,,
78.987,SCAN_LOW,3.6679,-0.9943,0.076,-105.04,0.15,0.36,15.0,0.0173,0.0145,-0.0036,0.458,,,0.336,,,,,
79.073,SCAN_LOW,3.6688,-0.9943,0.073,-104.04,0.42,0.19,15.0,0.0157,0.0138,-0.0091,0.458,,,0.332,,,,,
79.108,SCAN_LOW,3.6685,-0.9949,0.077,-103.12,0.58,0.35,15.0,0.0073,0.012,-0.0069,0.449,,,0.332,,,,,
79.143,SCAN_LOW,3.6672,-0.9952,0.078,-102.25,0.58,0.43,15.0,-0.0039,0.0129,-0.0023,0.449,,,0.33,,,,,
79.204,SCAN_LOW,3.666,-0.9956,0.076,-101.37,0.47,0.44,15.0,-0.0115,0.0135,0.0016,0.444,,,0.33,,,,,
79.32,SCAN_LOW,3.6657,-0.9947,0.077,-100.54,0.43,0.14,15.0,-0.013,0.0169,-0.0014,0.444,,,0.327,,,,,
79.349,SCAN_LOW,3.6625,-0.9953,0.078,-99.74,0.2,0.06,15.0,-0.0254,0.0133,0.0028,0.437,,,0.327,,,,,
79.396,SCAN_LOW,3.6602,-0.9954,0.081,-99.03,-0.13,0.31,15.0,-0.0296,0.0121,0.0068,0.437,,,0.323,,,,,
79.422,SCAN_LOW,3.6588,-0.9947,0.081,-98.36,-0.05,-0.04,15.0,-0.0284,0.0132,0.0086,0.435,,,0.323,,,,,
79.432,SCAN_LOW,3.6573,-0.9946,0.082,-97.68,-0.01,-0.17,15.0,-0.0285,0.0094,0.0009,0.435,,,0.317,,,,,
79.441,SCAN_LOW,3.6564,-0.9948,0.082,-97.02,-0.29,0.06,15.0,-0.0244,0.0061,0.0061,0.43,,,0.317,,,,,
79.473,SCAN_LOW,3.6551,-0.9947,0.08,-96.21,-0.39,0.23,15.0,-0.0219,0.0055,0.0045,0.43,,,0.315,,,,,
79.513,SCAN_LOW,3.6542,-0.9954,0.081,-95.42,-0.43,0.3,15.0,-0.0173,0.0016,-0.0013,0.434,,,0.315,,,,,
79.584,SCAN_LOW,3.6537,-0.9959,0.081,-94.68,-0.35,0.31,15.0,-0.0124,0.0003,-0.0008,0.434,,,0.312,,,,,
79.658,SCAN_LOW,3.6537,-0.9965,0.079,-94.0,-0.48,0.45,15.0,-0.006,-0.0009,-0.0005,0.428,,,0.312,,,,,
79.663,SCAN_LOW,3.6548,-0.9972,0.079,-93.31,-0.4,0.28,15.0,0.0042,-0.0025,-0.0085,0.428,,,0.308,,,,,
79.758,SCAN_LOW,3.6551,-0.9977,0.078,-92.68,-0.26,0.2,15.0,0.0068,-0.0037,-0.0073,0.425,,,0.308,,,,,
79.837,SCAN_LOW,3.6562,-0.999,0.081,-92.03,-0.16,0.18,15.0,0.0112,-0.0098,-0.0076,0.425,,,0.31,,,,,
79.908,SCAN_LOW,3.6575,-1.0007,0.08,-91.42,-0.08,0.31,15.0,0.0155,-0.0161,-0.0007,0.427,,,0.31,,,,,
79.959,SCAN_LOW,3.6584,-1.002,0.079,-90.81,-0.25,0.62,15.0,0.0173,-0.0157,-0.0048,0.427,,,0.306,,,,,
79.977,SCAN_LOW,3.6596,-1.0033,0.079,-90.16,-0.25,0.88,15.0,0.021,-0.0125,-0.007,0.426,,,0.306,,,,,
79.999,SCAN_LOW,3.6618,-1.0041,0.076,-89.47,-0.33,0.94,15.0,0.0283,-0.0075,-0.0025,0.426,,,0.314,,,,,
80.075,SCAN_LOW,3.6638,-1.0042,0.075,-88.84,-0.13,0.97,15.0,0.0327,0.0006,-0.0075,0.424,,,0.314,,,,,
80.129,SCAN_LOW,3.6661,-1.0038,0.073,-88.18,0.1,0.97,15.0,0.0352,0.0097,-0.0069,0.424,,,0.315,,,,,
80.157,SCAN_LOW,3.6685,-1.0034,0.078,-87.57,0.17,0.65,-0.0,0.0369,0.0144,-0.0028,0.418,,,0.315,,,,,
80.184,SCAN_LOW,3.6701,-1.0028,0.079,-86.94,0.54,0.17,-0.0,0.0327,0.0162,0.0053,0.418,,,0.319,,,,,
80.222,SCAN_LOW,3.6721,-1.0021,0.081,-86.36,0.85,0.06,-0.0,0.0283,0.0156,-0.0043,0.414,,,0.319,,,,,
80.274,SCAN_LOW,3.6737,-1.0021,0.077,-85.9,0.82,0.12,-0.0,0.0236,0.0106,0.002,0.414,,,0.325,,,,,
80.325,SCAN_LOW,3.6746,-1.0028,0.081,-85.58,1.09,0.2,-0.0,0.0139,0.0086,-0.0097,0.417,,,0.325,,,,,
80.393,SCAN_LOW,3.6751,-1.003,0.079,-85.4,1.06,0.22,-0.0,0.0048,0.0077,0.0066,0.417,,,0.323,,,,,
80.429,SCAN_LOW,3.6745,-1.0043,0.077,-85.26,0.8,0.09,-0.0,-0.0063,0.0029,0.0071,0.413,,,0.323,,,,,
80.492,SCAN_LOW,3.6731,-1.0049,0.077,-85.25,0.67,0.06,-0.0,-0.0169,0.0001,0.0077,0.413,,,0.324,,,,,
80.521,SCAN_LOW,3.6715,-1.007,0.079,-85.3,0.62,0.09,-0.0,-0.0251,-0.0061,0.0167,0.412,,,0.324,,,,,
80.591,SCAN_LOW,3.6698,-1.0089,0.082,-85.38,0.57,-0.04,-0.0,-0.0318,-0.0112,0.0257,0.412,,,0.319,,,,,
80.62,SCAN_LOW,3.6681,-1.01,0.079,-85.42,0.29,0.12,-0.0,-0.0353,-0.013,0.0407,0.414,,,0.319,,,,,
80.664,SCAN_LOW,3.6651,-1.0119,0.086,-85.51,-0.11,0.17,-0.0,-0.0414,-0.0169,0.0436,0.414,,,0.321,,,,,
80.725,SCAN_LOW,3.6629,-1.0135,0.09,-85.71,-0.52,0.31,-0.0,-0.0388,-0.0176,0.0661,0.423,,,0.321,,,,,
80.775,SCAN_LOW,3.661,-1.0144,0.091,-85.95,-0.79,0.37,-0.0,-0.033,-0.0146,0.0736,0.423,,,0.319,,,,,
80.816,SCAN_LOW,3.66,-1.0151,0.091,-86.28,-0.64,0.4,-0.0,-0.0244,-0.0102,0.0667,0.436,,,0.319,,,,,
80.878,SCAN_LOW,3.6608,-1.0155,0.101,-86.59,-0.53,0.33,-0.0,-0.0091,0.0052,0.0693,0.436,,,0.318,,,,,
80.966,SCAN_LOW,3.6643,-1.0149,0.104,-86.9,-0.69,0.5,-0.0,0.015,0.0046,0.093,0.464,,,0.318,,,,,
81.002,SCAN_LOW,3.6655,-1.0149,0.104,-87.11,-0.62,0.31,-0.0,0.0221,0.005,0.0934,0.464,,,0.317,,,,,
81.059,SCAN_LOW,3.6654,-1.0148,0.111,-87.39,-0.19,0.17,-0.0,0.019,0.0066,0.0807,,,,0.317,,,,,
81.069,SCAN_LOW,3.6673,-1.0144,0.121,-87.66,0.01,0.18,-0.0,0.024,0.0083,0.1017,,,,0.32,,,,,
81.122,SCAN_LOW,3.6689,-1.0146,0.124,-87.92,0.16,0.23,-0.0,0.0244,0.0059,0.1172,,,,0.32,,,,,
81.186,SCAN_LOW,3.6717,-1.0147,0.127,-88.18,0.15,0.24,-0.0,0.0298,0.0054,0.1155,,,,0.321,,,,,
81.22,SCAN_LOW,3.6736,-1.0147,0.136,-88.48,0.29,0.21,-0.0,0.0299,0.0049,0.1123,2.78,,,0.321,,,,,
81.276,SCAN_LOW,3.6763,-1.0142,0.141,-88.73,0.38,0.23,-0.0,0.0319,0.0083,0.1286,2.78,,,0.319,,,,,
81.328,SCAN_LOW,3.6772,-1.0135,0.148,-88.93,0.52,0.11,-0.0,0.0253,0.0109,0.1216,2.799,,,0.319,,,,,
81.389,SCAN_LOW,3.6784,-1.0133,0.152,-89.04,0.59,0.09,-0.0,0.021,0.0104,0.1299,2.799,,,0.323,,,,,
81.42,SCAN_LOW,3.6798,-1.0156,0.164,-88.92,0.73,-0.11,-0.0,0.0167,0.0001,0.1239,2.803,,,0.323,,,,,
81.501,SCAN_LOW,3.6804,-1.0162,0.169,-88.73,0.8,-0.05,-0.0,0.0094,-0.0028,0.1411,2.803,,,0.325,,,,,
81.525,SCAN_LOW,3.68,-1.0222,0.179,-88.63,0.67,-0.15,-0.0,0.0014,-0.0231,0.1366,2.813,,,0.325,,,,,
81.592,SCAN_LOW,3.6792,-1.023,0.186,-88.53,0.66,-0.01,-0.0,-0.0075,-0.0233,0.1531,2.813,,,0.325,,,,,
81.622,SCAN_LOW,3.6783,-1.0235,0.194,-88.47,0.41,0.45,-0.0,-0.0135,-0.0196,0.1545,2.807,,,0.325,,,,,
81.664,SCAN_LOW,3.675,-1.0231,0.195,-88.47,0.31,0.73,-0.0,-0.0259,-0.0109,0.1585,2.807,,,0.324,,,,,
81.733,SCAN_LOW,3.6736,-1.0213,0.198,-88.51,-0.05,0.83,-0.0,-0.0277,0.0024,0.1433,2.808,,,0.324,,,,,
81.783,SCAN_LOW,3.6719,-1.0208,0.208,-88.45,-0.28,0.85,-0.0,-0.0271,0.011,0.1489,2.808,,,0.325,,,,,
81.833,SCAN_LOW,3.6699,-1.0193,0.216,-88.21,-0.38,0.6,-0.0,-0.0263,0.0198,0.1544,2.811,,,0.325,,,,,
81.87,SCAN_LOW,3.6688,-1.0174,0.222,-87.94,-0.52,0.39,-0.0,-0.0217,0.0265,0.1594,2.811,,,0.322,,,,,
81.932,SCAN_LOW,3.6682,-1.0144,0.237,-87.58,-0.43,0.15,-0.0,-0.0162,0.033,0.1572,2.815,,,0.322,,,,,
81.984,SCAN_LOW,3.6686,-1.0124,0.245,-87.35,-0.33,0.04,-0.0,-0.0098,0.0357,0.1838,2.815,,,0.321,,,,,
82.044,SCAN_LOW,3.6681,-1.0081,0.254,-87.05,-0.11,-0.02,-0.0,-0.0078,0.0419,0.1794,2.82,,,0.321,,,,,
82.078,SCAN_LOW,3.6691,-1.0054,0.264,-86.76,-0.03,-0.18,-0.0,-0.0036,0.043,0.1849,2.82,,,0.323,,,,,
82.122,SCAN_LOW,3.669,-1.0034,0.272,-86.47,0.1,-0.23,-0.0,-0.0033,0.0406,0.1793,2.823,,,0.323,,,,,
82.163,SCAN_LOW,3.6686,-0.9983,0.28,-86.2,0.2,-0.26,-0.0,-0.005,0.0475,0.1741,2.823,,,0.329,,,,,
82.216,SCAN_LOW,3.6696,-0.9961,0.291,-85.97,0.3,-0.45,-0.0,-0.0035,0.0443,0.1615,2.829,,,0.329,,,,,
82.268,SCAN_LOW,3.67,-0.9942,0.296,-85.81,0.27,-0.47,-0.0,-0.0041,0.0398,0.1617,2.829,,,0.328,,,,,
82.335,SCAN_LOW,3.6702,-0.9927,0.309,-85.69,0.37,-0.5,-0.0,-0.0053,0.0346,0.1361,2.807,,,0.328,,,,,
82.366,SCAN_LOW,3.67,-0.9917,0.311,-85.65,0.36,-0.53,-0.0,-0.0074,0.0288,0.1387,2.807,,,0.332,,,,,
82.414,SCAN_LOW,3.6719,-0.9878,0.315,-85.6,0.55,-0.26,-0.0,-0.0051,0.0312,0.1087,2.812,,,0.332,,,,,
82.48,SCAN_LOW,3.6736,-0.9885,0.323,-85.65,0.55,-0.29,-0.0,-0.0053,0.0244,0.0943,2.812,,,0.334,,,,,
82.545,SCAN_LOW,3.6748,-0.9917,0.332,-85.66,0.52,-0.25,-0.0,-0.006,0.0126,0.0872,2.81,,,0.334,,,,,
82.626,LAND_X_ALIGN,3.6737,-0.993,0.333,-85.6,0.33,-0.26,-0.0,-0.0106,0.0058,0.0863,2.81,,,0.337,,3.7,-0.9917,,
82.743,LAND_X_ALIGN,3.6745,-0.9975,0.336,-85.57,0.18,-0.21,-0.0,-0.0096,-0.0061,0.0605,2.818,,,0.337,,3.7,-0.9917,,
82.763,LAND_X_ALIGN,3.6742,-1.0004,0.338,-85.68,-0.06,-0.01,-0.0,-0.0093,-0.0121,0.0567,2.818,,,0.338,,3.7,-0.9917,,
82.794,LAND_X_ALIGN,3.6745,-1.004,0.339,-85.88,-0.23,0.5,-0.0,-0.0062,-0.016,0.0469,2.813,,,0.338,,3.7,-0.9917,,
82.803,LAND_X_ALIGN,3.676,-1.0056,0.338,-86.19,-0.31,0.67,-0.0,-0.0009,-0.0122,0.0307,2.813,,,0.344,,3.7,-0.9917,,
82.813,LAND_X_ALIGN,3.6764,-1.0091,0.346,-86.6,-0.36,0.54,-0.0,0.0027,-0.0134,0.012,2.801,,,0.344,,3.7,-0.9917,,
82.878,LAND_X_ALIGN,3.6788,-1.0119,0.346,-87.04,-0.31,0.39,-0.0,0.01,-0.0137,0.0243,2.801,,,0.346,,3.7,-0.9917,,
82.938,LAND_X_ALIGN,3.6795,-1.0142,0.341,-87.41,-0.16,0.44,-0.0,0.0123,-0.0132,0.0098,2.801,,,0.346,,3.7,-0.9917,,
82.967,LAND_X_ALIGN,3.6825,-1.0181,0.341,-87.83,-0.05,0.42,-0.0,0.0173,-0.0164,-0.0097,2.801,,,0.345,,3.7,-0.9917,,
83.021,LAND_X_ALIGN,3.6848,-1.0213,0.344,-88.28,0.0,0.54,-0.0,0.0202,-0.0167,-0.01,2.797,,,0.345,,3.7,-0.9917,,
83.069,LAND_X_ALIGN,3.6863,-1.0246,0.344,-88.69,0.13,0.54,-0.0,0.0204,-0.0173,-0.0102,2.797,,,0.347,,3.7,-0.9917,,
83.139,LAND_X_ALIGN,3.69,-1.0269,0.341,-89.07,0.28,0.55,-0.0,0.0238,-0.0156,-0.0157,2.79,,,0.347,,3.7,-0.9917,,
83.172,LAND_X_ALIGN,3.6911,-1.0315,0.341,-89.42,0.46,0.71,-0.0,0.0203,-0.0176,-0.0222,2.79,,,0.354,,3.7,-0.9917,,
83.226,LAND_X_ALIGN,3.6938,-1.0339,0.337,-89.74,0.48,0.86,-0.0,0.0192,-0.0138,-0.0177,2.783,,,0.354,,3.7,-0.9917,,
83.275,LAND_X_ALIGN,3.6948,-1.0367,0.335,-90.08,0.46,0.95,-0.0,0.0155,-0.0101,-0.0256,2.783,,,0.355,,3.7,-0.9917,,
83.327,LAND_X_ALIGN,3.6962,-1.0403,0.335,-90.36,0.42,0.88,-0.0,0.013,-0.0083,-0.0282,2.781,,,0.355,,3.7,-0.9917,,
83.38,LAND_X_ALIGN,3.6984,-1.0412,0.333,-90.55,0.42,0.64,-0.0,0.0125,-0.0031,-0.0332,2.781,,,0.359,,3.7,-0.9917,,
83.414,LAND_X_ALIGN,3.6997,-1.042,0.333,-90.69,0.41,0.35,-0.0,0.0104,-0.0006,-0.0367,2.792,,,0.359,,3.7,-0.9917,,
83.485,LAND_X_ALIGN,3.7016,-1.0419,0.334,-90.8,0.3,0.13,-0.0,0.01,0.001,-0.0299,2.792,,,0.358,,3.7,-0.9917,,
83.542,LAND_X_ALIGN,3.703,-1.0433,0.332,-90.96,0.27,0.14,-0.0,0.0095,-0.0006,-0.021,2.782,,,0.358,,3.7,-0.9917,,
83.59,LAND_X_ALIGN,3.7039,-1.0467,0.333,-91.19,0.27,0.08,-0.0,0.0079,-0.0054,-0.0218,2.782,,,0.361,,3.7,-0.9917,,
83.656,LAND_X_ALIGN,3.7045,-1.0492,0.329,-91.44,0.33,0.3,-0.0,0.0057,-0.0078,-0.0134,2.778,,,0.361,,3.7,-0.9917,,
83.668,LAND_X_ALIGN,3.7047,-1.0507,0.328,-91.69,0.48,0.49,-0.0,0.0023,-0.0065,-0.0192,2.778,,,0.355,,3.7,-0.9917,,
83.736,LAND_X_ALIGN,3.7062,-1.0548,0.327,-91.87,0.46,0.49,-0.0,0.001,-0.0093,-0.0197,2.791,,,0.355,,3.7,-0.9917,,
83.836,LAND_APPROACH,3.7054,-1.0555,0.321,-91.92,0.32,0.34,-0.0,-0.0037,-0.0062,-0.0273,2.791,,,0.358,,3.7,-1.42,,
83.916,LAND_APPROACH,3.7052,-1.0566,0.322,-92.01,0.12,0.12,-0.0,-0.0054,-0.0056,-0.0315,2.785,,,0.358,,3.7,-1.42,,
83.973,LAND_APPROACH,3.706,-1.061,0.324,-92.17,-0.12,0.24,-0.0,-0.0031,-0.0117,-0.021,2.785,,,0.358,,3.7,-1.42,,
83.99,LAND_APPROACH,3.7046,-1.0631,0.32,-92.39,-0.15,0.21,-0.0,-0.0037,-0.0125,-0.0118,2.778,,,0.358,,3.7,-1.42,,
84.008,LAND_APPROACH,3.7046,-1.0676,0.322,-92.55,-0.16,0.22,-0.0,-0.0019,-0.0178,-0.0141,2.778,,,0.358,,3.7,-1.42,,
84.091,LAND_APPROACH,3.7064,-1.0741,0.318,-92.77,-0.41,-0.26,-0.0,0.0037,-0.0271,-0.0023,2.786,,,0.358,,3.7,-1.42,,
84.169,LAND_APPROACH,3.7048,-1.0721,0.324,-92.93,-0.31,-2.93,-0.0,0.0036,-0.0367,-0.0127,2.786,,,0.36,,3.7,-1.42,,
84.266,LAND_APPROACH,3.7055,-1.071,0.321,-92.98,-0.18,-4.83,-0.0,0.0041,-0.0665,0.0019,2.766,,,0.36,,3.7,-1.42,,
84.317,LAND_APPROACH,3.7071,-1.0741,0.322,-92.98,-0.25,-5.96,-0.0,0.0063,-0.1114,-0.0078,2.766,,,0.364,,3.7,-1.42,,
84.34,LAND_APPROACH,3.7084,-1.0816,0.321,-92.98,-0.06,-6.4,-0.0,0.0064,-0.167,-0.0054,2.749,,,0.364,,3.7,-1.42,,
84.43,LAND_APPROACH,3.709,-1.0968,0.321,-93.09,0.07,-6.06,-0.0,0.0042,-0.231,-0.0109,2.749,,,0.373,,3.7,-1.42,,
84.447,LAND_APPROACH,3.7086,-1.1086,0.319,-93.25,0.4,-5.44,-0.0,-0.0016,-0.2799,-0.0084,2.73,,,0.373,,3.7,-1.42,,
84.596,LAND_APPROACH,3.7104,-1.1256,0.319,-93.37,0.75,-4.6,-0.0,-0.0056,-0.3247,-0.0105,2.73,,,0.414,,3.7,-1.42,,
84.63,LAND_APPROACH,3.7102,-1.1442,0.313,-93.37,0.67,-3.44,-0.0,-0.0138,-0.3613,-0.0002,2.706,,,0.414,,3.7,-1.42,,
84.663,LAND_APPROACH,3.709,-1.1607,0.315,-93.17,0.71,-2.36,-0.0,-0.0218,-0.3817,-0.0052,2.706,,,0.596,,3.7,-1.42,,
84.68,LAND_APPROACH,3.7072,-1.1842,0.317,-92.89,0.57,-1.67,-0.0,-0.0296,-0.4073,0.0096,2.668,,,0.596,,3.7,-1.42,,
84.738,LAND_APPROACH,3.7052,-1.2031,0.316,-92.55,0.42,-0.95,-0.0,-0.0352,-0.415,0.0179,2.668,,,,,3.7,-1.42,,
84.787,LAND_APPROACH,3.7032,-1.221,0.32,-92.21,0.42,-0.41,-0.0,-0.0393,-0.4145,0.0116,2.634,,,,,3.7,-1.42,,
84.857,LAND_APPROACH,3.7007,-1.2408,0.321,-91.77,0.38,0.34,-0.0,-0.0437,-0.4123,0.0227,2.634,,,1.697,,3.7,-1.42,,
84.935,LAND_APPROACH,3.6977,-1.259,0.326,-91.31,0.18,0.94,-0.0,-0.0478,-0.4013,0.03,2.591,,,1.697,,3.7,-1.42,,
84.951,LAND_APPROACH,3.6952,-1.2757,0.322,-90.86,-0.11,0.98,-0.0,-0.0474,-0.386,0.0289,2.591,,,1.696,,3.7,-1.42,,
84.964,LAND_APPROACH,3.691,-1.2921,0.325,-90.46,-0.39,0.84,-0.0,-0.0497,-0.3737,0.0058,2.552,,,1.696,,3.7,-1.42,,
84.99,LAND_APPROACH,3.6898,-1.3072,0.324,-90.18,-0.75,0.4,-0.0,-0.0414,-0.3604,0.0025,2.552,,,1.677,,3.7,-1.42,,
85.002,LAND_APPROACH,3.6875,-1.3221,0.322,-89.98,-1.1,0.37,-0.0,-0.0345,-0.3503,-0.0068,2.528,,,1.677,,3.7,-1.42,,
85.008,LAND_APPROACH,3.6858,-1.3374,0.327,-89.95,-1.41,0.15,-0.0,-0.0232,-0.3424,-0.0114,2.528,,,1.674,,3.7,-1.42,,
85.015,LAND_APPROACH,3.6848,-1.3507,0.324,-89.96,-1.18,-0.2,-0.0,-0.012,-0.3327,-0.0113,2.502,,,1.674,,3.7,-1.42,,
85.078,LAND_APPROACH,3.6842,-1.3682,0.323,-89.99,-0.96,-0.35,-0.0,-0.0036,-0.3372,-0.0222,2.502,,,1.673,,3.7,-1.42,,
85.139,LAND_APPROACH,3.6846,-1.3818,0.32,-89.96,-0.63,-0.56,-0.0,0.0046,-0.3321,-0.0232,2.477,,,1.673,,3.7,-1.42,,
85.188,LAND_APPROACH,3.6864,-1.3967,0.318,-89.83,-0.35,-0.94,-0.0,0.012,-0.3336,-0.0308,2.477,,,1.668,,3.7,-1.42,,
85.22,LAND_APPROACH,3.6882,-1.4118,0.312,-89.65,-0.4,-1.19,-0.0,0.0183,-0.3389,-0.0267,2.438,,,1.668,,3.7,-1.42,,
85.358,LAND_APPROACH,3.6894,-1.4276,0.284,-89.35,-0.92,-1.11,-0.0,0.0256,-0.3451,-0.0308,2.438,,,1.663,,3.7,-1.42,,
85.375,LAND_APPROACH,3.6913,-1.4458,0.238,-88.97,-0.55,-1.23,-0.0,0.0334,-0.3575,-0.0948,2.408,,,1.663,,3.7,-1.42,,
85.408,LAND_APPROACH,3.6929,-1.4627,0.224,-88.58,-0.66,-1.23,-0.0,0.0407,-0.366,-0.1393,2.408,,,1.669,,3.7,-1.42,,
85.412,LAND_APPROACH,3.6964,-1.4805,0.219,-88.19,-0.47,-1.37,-0.0,0.0511,-0.3787,-0.1116,2.37,,,1.669,,3.7,-1.42,,
85.49,LAND_APPROACH,3.6987,-1.4962,0.233,-87.76,-0.23,-0.67,-0.0,0.0551,-0.3788,-0.0768,2.37,,,1.664,,3.7,-1.42,,
85.522,LAND_APPROACH,3.7025,-1.5153,0.25,-87.4,0.19,2.31,-0.0,0.0566,-0.367,0.0126,2.354,,,1.664,,3.7,-1.42,,
85.58,LAND_APPROACH,3.7056,-1.5341,0.264,-87.12,0.37,4.12,-0.0,0.0522,-0.3385,0.0656,2.354,,,1.678,,3.7,-1.42,,
85.622,LAND_APPROACH,3.7105,-1.5548,0.284,-86.88,0.49,5.43,-0.0,0.0512,-0.3111,0.1168,2.319,,,1.678,,3.7,-1.42,,
85.673,LAND_APPROACH,3.711,-1.5701,0.299,-86.85,0.6,5.9,-0.0,0.0388,-0.263,0.1538,2.319,,,1.683,,3.7,-1.42,,
85.713,LAND_APPROACH,3.714,-1.5815,0.317,-86.79,0.65,6.22,-0.0,0.0333,-0.2135,0.1639,2.306,,,1.683,,3.7,-1.42,,
85.789,LAND_APPROACH,3.7178,-1.5907,0.33,-86.8,0.44,5.68,-0.0,0.0308,-0.169,0.1774,2.306,,,1.693,,3.7,-1.42,,
85.818,LAND_APPROACH,3.7191,-1.5993,0.346,-86.93,0.4,5.11,-0.0,0.0253,-0.1306,0.1637,2.279,,,1.693,,3.7,-1.42,,
85.878,LAND_APPROACH,3.7229,-1.6027,0.351,-87.07,0.39,4.42,-0.0,0.0255,-0.0936,0.1493,2.279,,,1.698,,3.7,-1.42,,
85.912,LAND_APPROACH,3.7293,-1.6024,0.359,-87.23,0.59,3.57,0.0,0.0304,-0.0623,0.105,2.256,,,1.698,,3.7,-1.42,,
85.975,LAND_APPROACH,3.733,-1.604,0.359,-87.58,0.73,2.86,0.0,0.0284,-0.0396,0.0792,2.256,,,1.706,,3.7,-1.42,,
86.041,LAND_APPROACH,3.7377,-1.6032,0.359,-87.95,0.69,1.68,0.0,0.0286,-0.022,0.0354,2.245,,,1.706,,3.7,-1.42,,
86.071,LAND_APPROACH,3.7418,-1.6022,0.357,-88.23,0.57,1.04,0.0,0.0286,-0.0117,0.0065,2.245,,,1.706,,3.7,-1.42,,
86.153,LAND_APPROACH,3.7462,-1.6023,0.355,-88.49,0.48,0.42,0.0,0.0302,-0.0095,-0.0248,2.238,,,1.706,,3.7,-1.42,,
86.171,LAND_APPROACH,3.7515,-1.6018,0.355,-88.61,0.38,0.19,0.0,0.0345,-0.0101,-0.0473,2.238,,,1.723,,3.7,-1.42,,
86.235,LAND_APPROACH,3.7566,-1.6046,0.353,-88.76,0.33,-0.04,0.0,0.039,-0.0194,-0.0556,2.226,,,1.723,,3.7,-1.42,,
86.271,LAND_APPROACH,3.7619,-1.6083,0.352,-88.96,0.19,-0.06,0.0,0.0444,-0.0299,-0.0677,2.226,,,1.725,,3.7,-1.42,,
86.331,LAND_APPROACH,3.7672,-1.6123,0.35,-89.17,0.0,0.08,0.0,0.0508,-0.0383,-0.0661,2.221,,,1.725,,3.7,-1.42,,
86.367,LAND_YAW_ALIGN,3.7715,-1.6181,0.344,-89.39,-0.18,0.15,0.0,0.0556,-0.0474,-0.0718,2.221,,,1.737,,3.7,-1.42,,
86.422,LAND_YAW_ALIGN,3.7775,-1.6257,0.339,-89.5,-0.25,0.13,0.0,0.0649,-0.0605,-0.081,2.211,,,1.737,,3.7,-1.42,,
86.481,LAND_YAW_ALIGN,3.784,-1.6291,0.335,-89.58,-0.35,0.18,0.0,0.0744,-0.062,-0.0832,2.211,,,1.74,,3.7,-1.42,,
86.548,LAND_YAW_ALIGN,3.7893,-1.6354,0.331,-89.66,-0.37,0.14,-15.0,0.0811,-0.0684,-0.0809,2.199,,,1.74,,3.7,-1.42,,
86.593,LAND_YAW_ALIGN,3.7964,-1.6407,0.321,-89.85,0.18,0.6,-15.0,0.0882,-0.0704,-0.0839,2.199,,,1.753,,3.7,-1.42,,
86.614,LAND_YAW_ALIGN,3.8047,-1.6475,0.318,-90.2,0.68,0.95,-15.0,0.093,-0.0724,-0.0949,2.198,,,1.753,,3.7,-1.42,,
86.687,LAND_YAW_ALIGN,3.8129,-1.6529,0.317,-90.67,1.32,1.42,-15.0,0.0919,-0.0664,-0.0834,2.198,,,1.767,,3.7,-1.42,,
86.792,LAND_YAW_ALIGN,3.8178,-1.6596,0.313,-91.3,1.79,1.7,-15.0,0.0796,-0.0603,-0.0697,2.185,,,1.767,,3.7,-1.42,,
86.827,LAND_YAW_ALIGN,3.8239,-1.6648,0.312,-91.99,2.06,1.99,-15.0,0.0688,-0.0495,-0.0717,2.185,,,1.794,,3.7,-1.42,,
86.837,LAND_YAW_ALIGN,3.8286,-1.6691,0.308,-92.63,2.23,2.1,-15.0,0.0544,-0.0351,-0.0573,2.186,,,1.794,,3.7,-1.42,,
86.918,LAND_YAW_ALIGN,3.8326,-1.6755,0.308,-93.35,2.51,2.25,-15.0,0.0395,-0.0257,-0.0596,2.186,,,1.803,,3.7,-1.42,,
86.979,LAND_YAW_ALIGN,3.8383,-1.6776,0.307,-94.08,2.8,2.25,-15.0,0.0264,-0.0076,-0.0477,2.182,,,1.803,,3.7,-1.42,,
87.078,LAND_YAW_ALIGN,3.8406,-1.6794,0.301,-94.86,2.83,2.29,-15.0,0.0069,0.0106,-0.0407,2.182,,,1.807,,3.7,-1.42,,
87.142,LAND_YAW_ALIGN,3.841,-1.6784,0.303,-95.62,2.9,1.87,-15.0,-0.0154,0.0305,-0.0412,2.182,,,1.807,,3.7,-1.42,,
87.15,LAND_YAW_ALIGN,3.8398,-1.6766,0.299,-96.34,2.73,1.64,-15.0,-0.0385,0.0483,-0.0248,2.182,,,1.823,,3.7,-1.42,,
87.167,LAND_YAW_ALIGN,3.8351,-1.6768,0.291,-97.06,2.47,1.54,-15.0,-0.0632,0.0597,-0.0271,2.195,,,1.823,,3.7,-1.42,,
87.266,LAND_YAW_ALIGN,3.8337,-1.6758,0.289,-97.85,2.15,1.26,-15.0,-0.0763,0.0697,-0.0341,2.195,,,1.815,,3.7,-1.42,,
87.312,LAND_YAW_ALIGN,3.8293,-1.6752,0.287,-98.68,1.88,1.28,-15.0,-0.0924,0.0782,-0.0223,2.21,,,1.815,,3.7,-1.42,,
87.442,LAND_YAW_ALIGN,3.8258,-1.6746,0.279,-99.54,1.64,1.21,-15.0,-0.102,0.0851,-0.0154,2.21,,,1.843,,3.7,-1.42,,
87.471,LAND_YAW_ALIGN,3.8229,-1.6744,0.28,-100.49,1.34,1.15,-15.0,-0.1069,0.0896,-0.0209,2.235,,,1.843,,3.7,-1.42,,
87.49,LAND_YAW_ALIGN,3.8178,-1.6745,0.281,-101.38,1.11,1.05,-15.0,-0.1139,0.0937,-0.0009,2.235,,,1.859,,3.7,-1.42,,
87.513,LAND_YAW_ALIGN,3.8157,-1.6735,0.282,-102.24,0.85,1.01,-15.0,-0.1117,0.0972,0.0118,2.247,,,1.859,,3.7,-1.42,,
87.56,LAND_YAW_ALIGN,3.8106,-1.6713,0.285,-103.05,0.61,1.0,-15.0,-0.1137,0.1019,0.017,2.247,,,1.895,,3.7,-1.42,,
87.643,LAND_YAW_ALIGN,3.8057,-1.6684,0.288,-103.79,0.45,0.83,-15.0,-0.1139,0.1061,0.0286,2.259,,,1.895,,3.7,-1.42,,
87.702,LAND_YAW_ALIGN,3.8018,-1.6653,0.294,-104.46,0.33,0.62,-15.0,-0.1108,0.1084,0.0338,2.259,,,1.94,,3.7,-1.42,,
87.766,LAND_YAW_ALIGN,3.7971,-1.6625,0.299,-105.08,-0.05,0.49,-15.0,-0.1083,0.1078,0.045,2.255,,,1.94,,3.7,-1.42,,
87.786,LAND_YAW_ALIGN,3.7922,-1.6578,0.298,-105.74,-0.23,0.36,-15.0,-0.1048,0.109,0.047,2.255,,,2.003,,3.7,-1.42,,
87.796,LAND_YAW_ALIGN,3.7887,-1.6543,0.299,-106.39,-0.38,0.4,-15.0,-0.097,0.1072,0.0329,2.256,,,2.003,,3.7,-1.42,,
87.806,LAND_YAW_ALIGN,3.7836,-1.65,0.302,-107.07,-0.39,0.43,-15.0,-0.0937,0.107,0.0315,2.256,,,,,3.7,-1.42,,
87.814,LAND_YAW_ALIGN,3.7796,-1.6459,0.301,-107.75,-0.32,0.49,-15.0,-0.0879,0.1069,0.0273,2.237,,,,,3.7,-1.42,,
87.877,LAND_YAW_ALIGN,3.7776,-1.6404,0.304,-108.48,-0.12,0.57,-15.0,-0.0786,0.1124,0.017,2.237,,,,,3.7,-1.42,,
87.948,LAND_YAW_ALIGN,3.7742,-1.6385,0.302,-109.21,-0.19,0.38,-15.0,-0.0754,0.1059,0.0156,2.227,,,,,3.7,-1.42,,
87.969,LAND_YAW_ALIGN,3.7711,-1.6342,0.305,-110.0,-0.36,0.31,-15.0,-0.0706,0.105,0.0052,2.227,,,,,3.7,-1.42,,
88.044,LAND_YAW_ALIGN,3.7683,-1.6287,0.306,-110.81,-0.65,0.04,-15.0,-0.0641,0.106,0.0095,2.171,,,,,3.7,-1.42,,
88.089,LAND_YAW_ALIGN,3.7661,-1.6246,0.304,-111.64,-0.91,-0.26,-15.0,-0.0558,0.0997,0.0071,2.171,,,2.628,,3.7,-1.42,,
88.128,LAND_YAW_ALIGN,3.7636,-1.6202,0.305,-112.41,-1.08,-0.28,-15.0,-0.0488,0.0924,-0.0024,2.121,,,2.628,,3.7,-1.42,,
88.178,LAND_YAW_ALIGN,3.7621,-1.6171,0.305,-113.21,-1.14,-0.39,-15.0,-0.0391,0.0822,-0.0005,2.121,,,,,3.7,-1.42,,
88.242,LAND_YAW_ALIGN,3.7615,-1.6139,0.306,-114.02,-1.2,-0.32,-15.0,-0.0278,0.0745,-0.0036,2.023,,,,,3.7,-1.42,,
88.347,LAND_YAW_ALIGN,3.7603,-1.609,0.308,-114.77,-1.33,-0.38,-15.0,-0.0186,0.0713,-0.0036,2.023,,,,,3.7,-1.42,,
88.442,LAND_YAW_ALIGN,3.7607,-1.6045,0.307,-115.56,-1.4,-0.5,-15.0,-0.0052,0.0681,-0.0012,1.924,,,,,3.7,-1.42,,
88.458,LAND_YAW_ALIGN,3.7611,-1.6017,0.306,-116.25,-1.48,-0.55,-15.0,0.0056,0.0583,-0.0039,1.924,,,,,3.7,-1.42,,
88.481,LAND_YAW_ALIGN,3.7637,-1.6008,0.305,-116.94,-1.37,-0.57,-15.0,0.0203,0.0453,-0.0054,1.855,,,,,3.7,-1.42,,
88.568,LAND_YAW_ALIGN,3.7657,-1.5992,0.304,-117.57,-1.23,-0.43,-15.0,0.0308,0.0359,-0.0074,1.855,,,,,3.7,-1.42,,
88.614,LAND_YAW_ALIGN,3.7706,-1.602,0.304,-118.23,-1.03,-0.44,-15.0,0.0458,0.018,-0.0083,1.796,,,,,3.7,-1.42,,
88.695,LAND_YAW_ALIGN,3.7747,-1.6036,0.304,-118.86,-0.78,-0.38,-15.0,0.0555,0.0059,-0.005,1.796,,,,,3.7,-1.42,,
88.743,LAND_YAW_ALIGN,3.779,-1.605,0.302,-119.57,-0.44,-0.29,-15.0,0.062,-0.0016,-0.0047,1.738,,,,,3.7,-1.42,,
88.752,LAND_YAW_ALIGN,3.7822,-1.6042,0.301,-120.26,-0.09,-0.11,-15.0,0.0639,-0.0014,-0.0087,1.738,,,,,3.7,-1.42,,
88.832,LAND_YAW_ALIGN,3.7852,-1.6044,0.3,-121.03,0.26,-0.27,-15.0,0.0619,-0.003,-0.0075,,,,,,3.7,-1.42,,
88.905,LAND_YAW_ALIGN,3.7903,-1.6066,0.299,-121.85,0.38,-0.19,-15.0,0.0639,-0.0073,-0.0066,,,,,,3.7,-1.42,,
88.926,LAND_YAW_ALIGN,3.7919,-1.606,0.299,-122.64,0.63,-0.33,-15.0,0.0551,-0.0055,-0.006,1.601,,,,,3.7,-1.42,,
88.983,LAND_YAW_ALIGN,3.7958,-1.6058,0.301,-123.43,0.74,-0.37,-15.0,0.0529,-0.0028,-0.0043,1.601,,,0.891,,3.7,-1.42,,
89.054,LAND_YAW_ALIGN,3.7985,-1.6064,0.301,-124.22,0.84,-0.54,-15.0,0.0452,-0.0034,0.002,1.539,,,0.891,,3.7,-1.42,,
89.095,LAND_YAW_ALIGN,3.8013,-1.6067,0.3,-124.94,1.07,-0.51,-15.0,0.0385,-0.0023,0.0009,1.539,,,0.875,,3.7,-1.42,,
89.104,LAND_YAW_ALIGN,3.8043,-1.6088,0.301,-125.63,1.24,-0.51,-15.0,0.0315,-0.0045,-0.0038,1.511,,,0.875,,3.7,-1.42,,
89.112,LAND_YAW_ALIGN,3.8057,-1.6091,0.301,-126.34,1.48,-0.52,-15.0,0.0199,-0.0019,-0.0022,1.511,,,0.853,,3.7,-1.42,,
89.117,LAND_YAW_ALIGN,3.8063,-1.6083,0.302,-127.03,1.46,-0.6,-15.0,0.0068,0.0037,-0.0029,1.472,,,0.853,,3.7,-1.42,,
89.194,LAND_YAW_ALIGN,3.8048,-1.6048,0.301,-127.72,1.41,-0.69,-15.0,-0.0103,0.0136,-0.0009,1.472,,,0.831,,3.7,-1.42,,
89.248,LAND_YAW_ALIGN,3.8005,-1.6025,0.3,-128.41,1.2,-0.67,-15.0,-0.0313,0.0188,-0.0043,1.435,,,0.831,,3.7,-1.42,,
89.318,LAND_YAW_ALIGN,3.7956,-1.5989,0.3,-129.09,0.97,-0.69,-15.0,-0.0499,0.0249,-0.0065,1.435,,,0.814,,3.7,-1.42,,
89.351,LAND_YAW_ALIGN,3.7921,-1.5955,0.298,-129.81,0.62,-0.76,-15.0,-0.0612,0.0292,-0.0046,1.388,,,0.814,,3.7,-1.42,,
89.429,LAND_YAW_ALIGN,3.7854,-1.5912,0.3,-130.6,0.25,-0.57,-15.0,-0.0765,0.0324,-0.009,1.388,,,0.793,,3.7,-1.42,,
89.464,LAND_YAW_ALIGN,3.7808,-1.588,0.299,-131.42,-0.07,-0.48,-15.0,-0.0821,0.0328,0.0019,1.329,,,0.793,,3.7,-1.42,,
89.479,LAND_YAW_ALIGN,3.7765,-1.5862,0.301,-132.27,-0.45,-0.32,-15.0,-0.0833,0.0297,-0.0035,1.329,,2.838,0.771,,3.7,-1.42,,
89.551,LAND_YAW_ALIGN,3.771,-1.5848,0.302,-133.14,-0.74,-0.26,-15.0,-0.0849,0.0243,0.003,1.27,,2.838,0.771,,3.7,-1.42,,
89.618,LAND_YAW_ALIGN,3.7682,-1.5854,0.3,-134.02,-0.93,-0.18,-15.0,-0.0779,0.0148,0.0043,1.27,,,0.754,,3.7,-1.42,,
89.733,LAND_YAW_ALIGN,3.7631,-1.5854,0.3,-134.86,-1.2,0.02,-15.0,-0.0753,0.0065,0.0001,1.228,,,0.754,,3.7,-1.42,,
89.775,LAND_YAW_ALIGN,3.759,-1.5836,0.299,-135.74,-1.27,0.13,-15.0,-0.0688,0.0029,0.0036,1.228,,2.707,0.734,,3.7,-1.42,,
89.825,LAND_YAW_ALIGN,3.7555,-1.5853,0.299,-136.61,-1.49,0.29,-15.0,-0.0606,-0.0082,0.0013,1.186,,2.707,0.734,,3.7,-1.42,,
89.894,LAND_YAW_ALIGN,3.7526,-1.5866,0.3,-137.48,-1.48,0.28,-15.0,-0.0502,-0.018,0.0022,1.186,,2.68,0.725,,3.7,-1.42,,
89.977,LAND_YAW_ALIGN,3.7508,-1.5863,0.301,-138.27,-1.44,0.27,-15.0,-0.0389,-0.022,0.004,1.159,,2.68,0.725,,3.7,-1.42,,
90.043,LAND_YAW_ALIGN,3.7505,-1.5878,0.302,-138.95,-1.29,0.26,-15.0,-0.0258,-0.0294,0.0045,1.159,,2.665,0.721,,3.7,-1.42,,
90.123,LAND_YAW_ALIGN,3.7495,-1.5911,0.301,-139.52,-1.14,0.17,-15.0,-0.0175,-0.0407,0.0043,1.145,,2.665,0.721,,3.7,-1.42,,
90.138,LAND_YAW_ALIGN,3.7482,-1.5904,0.299,-140.07,-0.91,0.33,-15.0,-0.0112,-0.0389,0.0003,1.145,,2.615,0.725,,3.7,-1.42,,
90.212,LAND_YAW_ALIGN,3.7521,-1.5965,0.304,-140.64,-0.91,0.33,-15.0,0.0059,-0.0531,-0.0065,1.139,,2.615,0.725,,3.7,-1.42,,
90.232,LAND_YAW_ALIGN,3.7521,-1.5999,0.303,-141.27,-0.7,0.33,-15.0,0.0117,-0.059,0.0062,1.139,,2.613,0.729,,3.7,-1.42,,
90.334,LAND_YAW_ALIGN,3.7557,-1.6045,0.305,-141.94,-0.63,0.37,-15.0,0.0243,-0.0649,0.0015,1.135,,2.613,0.729,,3.7,-1.42,,
90.368,LAND_YAW_ALIGN,3.7545,-1.6061,0.305,-142.63,-0.37,0.46,-15.0,0.0235,-0.0624,0.0027,1.135,,2.555,0.732,,3.7,-1.42,,
90.387,LAND_YAW_ALIGN,3.7557,-1.6086,0.302,-143.36,-0.26,0.32,-15.0,0.0278,-0.0609,0.0001,1.136,,2.555,0.732,,3.7,-1.42,,
90.449,LAND_YAW_ALIGN,3.7567,-1.6104,0.299,-144.06,-0.01,0.47,-15.0,0.0303,-0.0567,-0.0093,1.136,,2.526,0.742,,3.7,-1.42,,
90.559,LAND_YAW_ALIGN,3.7583,-1.6129,0.301,-144.83,0.16,0.46,-15.0,0.0334,-0.0537,-0.0151,1.122,,2.526,0.742,,3.7,-1.42,,
90.593,LAND_YAW_ALIGN,3.7606,-1.6138,0.3,-145.64,0.24,0.46,-15.0,0.0373,-0.0457,-0.0094,1.122,,2.499,0.754,,3.7,-1.42,,
90.642,LAND_YAW_ALIGN,3.7612,-1.6138,0.299,-146.5,0.35,0.3,-15.0,0.0362,-0.0359,-0.01,1.121,,2.499,0.754,,3.7,-1.42,,
90.652,LAND_YAW_ALIGN,3.7638,-1.6154,0.297,-147.31,0.27,0.25,-15.0,0.0383,-0.0322,-0.0098,1.121,,2.472,0.769,,3.7,-1.42,,
90.661,LAND_YAW_ALIGN,3.7675,-1.6181,0.298,-148.15,0.33,0.1,-15.0,0.042,-0.0323,-0.0119,1.123,,2.472,0.769,,3.7,-1.42,,
90.667,LAND_YAW_ALIGN,3.7668,-1.6168,0.298,-148.95,0.33,0.15,-15.0,0.0358,-0.022,-0.0068,1.123,,2.429,0.788,,3.7,-1.42,,
90.672,LAND_YAW_ALIGN,3.7674,-1.6166,0.299,-149.72,0.34,0.17,-15.0,0.0328,-0.0161,-0.0033,1.124,,2.429,0.788,,3.7,-1.42,,
90.677,LAND_YAW_ALIGN,3.7658,-1.6129,0.301,-150.52,0.43,0.19,-15.0,0.0259,-0.0018,0.0009,1.124,,2.407,0.815,,3.7,-1.42,,
90.737,LAND_YAW_ALIGN,3.7667,-1.6132,0.299,-151.27,0.33,0.24,-15.0,0.025,0.0016,0.0051,1.133,,2.407,0.815,,3.7,-1.42,,
90.78,LAND_YAW_ALIGN,3.7706,-1.6026,0.296,-152.05,0.32,0.34,-15.0,0.0319,0.0284,0.0024,1.133,,2.377,0.847,,3.7,-1.42,,
90.849,LAND_YAW_ALIGN,3.7736,-1.6,0.297,-152.83,0.15,0.22,-15.0,0.0362,0.0339,-0.0024,1.154,,2.377,0.847,,3.7,-1.42,,
90.905,LAND_YAW_ALIGN,3.7731,-1.5945,0.3,-153.66,-0.05,-0.06,-15.0,0.032,0.0436,0.0002,1.154,,2.354,,,3.7,-1.42,,
90.961,LAND_YAW_ALIGN,3.7722,-1.5915,0.299,-154.53,-0.22,-0.44,-15.0,0.0258,0.0441,0.0054,,,2.354,,,3.7,-1.42,,
90.969,LAND_YAW_ALIGN,3.7724,-1.5891,0.299,-155.35,-0.45,-0.58,-15.0,0.0212,0.0409,0.0006,,,2.337,,,3.7,-1.42,,
91.076,LAND_YAW_ALIGN,3.7723,-1.5875,0.3,-156.15,-0.63,-0.77,-15.0,0.0154,0.034,0.0007,,,2.337,,,3.7,-1.42,,
91.142,LAND_YAW_ALIGN,3.7704,-1.5851,0.299,-157.0,-0.83,-0.86,-15.0,0.006,0.0277,0.002,,,2.32,,,3.7,-1.42,,
91.211,LAND_YAW_ALIGN,3.7701,-1.5839,0.299,-157.8,-1.09,-0.78,-15.0,0.0015,0.0179,-0.0026,,,2.32,,,3.7,-1.42,,
91.242,LAND_YAW_ALIGN,3.77,-1.579,0.299,-158.58,-1.14,-0.7,-15.0,-0.0016,0.0153,-0.0016,,,2.3,,,3.7,-1.42,,
91.275,LAND_YAW_ALIGN,3.768,-1.5815,0.299,-159.36,-1.26,-0.67,-15.0,-0.0073,-0.0026,-0.0026,1.731,,2.3,,,3.7,-1.42,,
91.352,LAND_YAW_ALIGN,3.764,-1.5848,0.299,-160.14,-1.24,-0.42,-15.0,-0.0159,-0.0203,-0.0004,1.731,,2.276,,,3.7,-1.42,,
91.422,LAND_YAW_ALIGN,3.7606,-1.5921,0.299,-160.81,-1.19,-0.12,-15.0,-0.0203,-0.0436,0.0023,1.734,,2.276,,,3.7,-1.42,,
91.509,LAND_YAW_ALIGN,3.7545,-1.5972,0.299,-161.45,-1.14,0.22,-15.0,-0.0283,-0.0589,0.0021,1.734,,2.269,,,3.7,-1.42,,
91.552,LAND_YAW_ALIGN,3.7529,-1.6009,0.299,-162.15,-1.0,0.58,-15.0,-0.0228,-0.0682,0.0053,1.742,,2.269,,,3.7,-1.42,,
91.572,LAND_YAW_ALIGN,3.7504,-1.6044,0.297,-162.91,-0.91,0.7,-15.0,-0.0184,-0.0743,0.0019,1.742,,2.243,,,3.7,-1.42,,
91.649,LAND_YAW_ALIGN,3.7504,-1.6085,0.298,-163.62,-0.68,0.92,-15.0,-0.0083,-0.0794,-0.0065,1.735,,2.243,,,3.7,-1.42,,
91.69,LAND_YAW_ALIGN,3.7497,-1.6146,0.298,-164.33,-0.54,0.96,-15.0,-0.0005,-0.0874,-0.0038,1.735,,2.234,,,3.7,-1.42,,
91.738,LAND_YAW_ALIGN,3.7503,-1.6209,0.297,-165.01,-0.2,1.1,-15.0,0.0096,-0.0925,-0.0044,1.719,,2.234,,,3.7,-1.42,,
91.77,LAND_YAW_ALIGN,3.7514,-1.6251,0.302,-165.69,0.15,1.07,-15.0,0.0196,-0.0899,-0.0081,1.719,,2.215,,,3.7,-1.42,,
91.806,LAND_YAW_ALIGN,3.7527,-1.629,0.299,-166.39,0.46,1.07,-15.0,0.0282,-0.0842,0.0046,1.729,,2.215,,,3.7,-1.42,,
91.84,LAND_YAW_ALIGN,3.7552,-1.6324,0.299,-167.13,0.62,0.94,-15.0,0.0375,-0.0762,-0.0046,1.729,,2.202,,,3.7,-1.42,,
91.856,LAND_YAW_ALIGN,3.7592,-1.6359,0.296,-167.95,0.92,0.79,-15.0,0.0481,-0.0679,-0.0007,1.723,,2.202,,,3.7,-1.42,,
91.866,LAND_YAW_ALIGN,3.7641,-1.6387,0.296,-168.83,1.13,0.82,-15.0,0.0586,-0.0578,-0.0096,1.723,,2.195,,,3.7,-1.42,,
91.912,LAND_YAW_ALIGN,3.7665,-1.64,0.299,-169.71,1.32,0.49,-15.0,0.0612,-0.0428,-0.0078,1.72,,2.195,,,3.7,-1.42,,
91.982,LAND_YAW_ALIGN,3.771,-1.64,0.297,-170.58,1.48,0.3,-15.0,0.0658,-0.0265,-0.0005,1.72,,2.188,,,3.7,-1.42,,
92.015,LAND_YAW_ALIGN,3.7738,-1.6406,0.297,-171.39,1.54,0.1,-15.0,0.0647,-0.0119,-0.0046,1.72,,2.188,,,3.7,-1.42,,
92.097,LAND_YAW_ALIGN,3.7794,-1.64,0.295,-172.19,1.56,-0.31,-15.0,0.0671,0.0025,-0.0041,1.72,,2.185,,,3.7,-1.42,,
92.121,LAND_YAW_ALIGN,3.7811,-1.6389,0.298,-172.97,1.41,-0.51,-15.0,0.0586,0.0171,-0.006,1.726,,2.185,,,3.7,-1.42,,
92.207,LAND_YAW_ALIGN,3.7834,-1.6371,0.297,-173.79,1.37,-0.78,-15.0,0.0508,0.0307,0.0051,1.726,,2.181,,,3.7,-1.42,,
92.296,LAND_YAW_ALIGN,3.7844,-1.6342,0.296,-174.67,1.1,-0.72,-15.0,0.0403,0.0443,0.0038,1.724,,2.181,,,3.7,-1.42,,
92.334,LAND_YAW_ALIGN,3.7875,-1.6325,0.297,-175.55,0.96,-0.95,-15.0,0.0355,0.0504,0.0035,1.724,,2.184,,,3.7,-1.42,,
92.383,LAND_YAW_ALIGN,3.7866,-1.6277,0.299,-176.42,0.75,-0.8,-15.0,0.0221,0.0633,0.0058,1.728,,2.184,,,3.7,-1.42,,
92.422,LAND_YAW_ALIGN,3.787,-1.6246,0.299,-177.27,0.63,-0.71,-15.0,0.0141,0.0687,0.0133,1.728,,2.189,,,3.7,-1.42,,
92.451,LAND_YAW_ALIGN,3.7881,-1.6199,0.3,-178.06,0.4,-0.62,-15.0,0.009,0.0753,0.0107,1.728,,2.189,,,3.7,-1.42,,
92.484,LAND_YAW_ALIGN,3.7898,-1.6152,0.3,-178.81,0.19,-0.6,-0.0,0.0067,0.0794,0.0116,1.728,,2.2,,,3.7,-1.42,,
92.533,LAND_YAW_ALIGN,3.789,-1.6118,0.3,-179.47,-0.31,-0.31,-0.0,0.0004,0.0784,0.0087,1.719,,2.2,,,3.7,-1.42,,
92.582,LAND_YAW_ALIGN,3.7878,-1.6076,0.301,-179.91,-0.77,-0.06,-0.0,-0.0042,0.0755,0.0093,1.719,,2.21,,,3.7,-1.42,,
92.631,LAND_YAW_ALIGN,3.7876,-1.6024,0.299,179.81,-1.03,0.06,-0.0,-0.0042,0.0716,0.009,1.73,,2.21,,,3.7,-1.42,,
92.677,LAND_YAW_ALIGN,3.7869,-1.5989,0.302,179.73,-1.3,0.13,-0.0,-0.0015,0.0601,0.0018,1.73,,2.223,,,3.7,-1.42,,
92.726,LAND_YAW_ALIGN,3.7895,-1.5969,0.299,179.77,-1.39,-0.0,-0.0,0.0031,0.0486,0.0072,1.722,,2.223,,,3.7,-1.42,,
92.759,LAND_YAW_ALIGN,3.791,-1.5936,0.299,179.9,-1.47,-0.04,-0.0,0.0098,0.035,-0.0055,1.722,,2.224,,,3.7,-1.42,,
92.831,LAND_YAW_ALIGN,3.793,-1.5937,0.301,-179.97,-1.38,-0.18,-0.0,0.0101,0.0232,-0.0051,1.731,,2.224,,,3.7,-1.42,,
92.877,LAND_YAW_ALIGN,3.7933,-1.5921,0.302,-179.79,-1.18,-0.12,-0.0,0.0082,0.0136,-0.0024,1.731,,2.223,,,3.7,-1.42,,
92.925,LAND_YAW_ALIGN,3.7954,-1.593,0.302,-179.64,-0.97,-0.2,-0.0,0.0114,0.0019,-0.0018,1.734,,2.223,,,3.7,-1.42,,
92.978,LAND_YAW_ALIGN,3.7955,-1.5944,0.3,-179.47,-0.81,-0.21,-0.0,0.0088,-0.0089,-0.0059,1.734,,2.217,,,3.7,-1.42,,
93.025,LAND_YAW_ALIGN,3.7983,-1.5961,0.301,-179.34,-0.58,-0.16,-0.0,0.0138,-0.0169,-0.0106,1.733,,2.217,,,3.7,-1.42,,
93.087,LAND_YAW_ALIGN,3.7983,-1.5987,0.299,-179.28,-0.33,-0.15,-0.0,0.0114,-0.0248,-0.0072,1.733,,2.217,,,3.7,-1.42,,
93.125,LAND_YAW_ALIGN,3.7988,-1.6011,0.296,-179.3,-0.11,-0.15,-0.0,0.0098,-0.0294,-0.0111,1.74,,2.217,,,3.7,-1.42,,
93.176,LAND_YAW_ALIGN,3.8012,-1.6042,0.299,-179.43,0.06,-0.11,-0.0,0.0136,-0.0327,-0.0143,1.74,,2.219,,,3.7,-1.42,,
93.233,LAND_YAW_ALIGN,3.8019,-1.6065,0.297,-179.62,0.37,-0.19,-0.0,0.0125,-0.0326,-0.003,1.737,,2.219,,,3.7,-1.42,,
93.288,LAND_YAW_ALIGN,3.8021,-1.609,0.298,-179.79,0.51,-0.12,-0.0,0.0103,-0.0313,-0.0055,1.737,,2.214,,,3.7,-1.42,,
93.333,LAND_YAW_ALIGN,3.8042,-1.6113,0.295,-179.91,0.78,-0.27,-0.0,0.0127,-0.0273,0.0008,1.738,,2.214,,,3.7,-1.42,,
93.361,LAND_YAW_ALIGN,3.8071,-1.6145,0.299,179.98,0.8,-0.3,-0.0,0.016,-0.0248,-0.0047,1.738,,2.214,,,3.7,-1.42,,
93.449,LAND_YAW_ALIGN,3.8061,-1.6139,0.299,179.94,1.01,-0.43,-0.0,0.009,-0.0137,0.0058,1.742,,2.214,,,3.7,-1.42,,
93.478,LAND_YAW_ALIGN,3.8053,-1.615,0.297,179.91,1.13,-0.39,-0.0,0.0029,-0.0061,0.004,1.742,,2.216,,,3.7,-1.42,,
93.54,LAND_YAW_ALIGN,3.8033,-1.6159,0.299,179.89,1.31,-0.37,-0.0,-0.0049,0.0026,0.0005,1.734,,2.216,,,3.7,-1.42,,
93.57,LAND_YAW_ALIGN,3.8043,-1.613,0.295,179.93,1.28,-0.33,-0.0,-0.0052,0.0192,0.0066,1.734,,2.218,,,3.7,-1.42,,
93.636,LAND_YAW_ALIGN,3.8002,-1.6101,0.298,179.89,1.16,-0.39,-0.0,-0.0161,0.0335,-0.0026,1.739,,2.218,,,3.7,-1.42,,
93.668,LAND_YAW_ALIGN,3.8003,-1.6076,0.297,179.9,0.9,-0.27,-0.0,-0.0171,0.0439,0.0053,1.739,,2.231,,,3.7,-1.42,,
93.737,LAND_YAW_ALIGN,3.7997,-1.602,0.3,179.83,0.51,-0.22,-0.0,-0.019,0.0567,0.0025,1.734,,2.231,,,3.7,-1.42,,
93.771,LAND_YAW_ALIGN,3.7959,-1.5955,0.299,179.72,0.23,-0.32,-0.0,-0.0274,0.068,0.0072,1.734,,2.222,,,3.7,-1.42,,
93.833,LAND_YAW_ALIGN,3.7978,-1.5932,0.3,179.55,-0.27,-0.12,-0.0,-0.0226,0.0656,0.0037,1.728,,2.222,,,3.7,-1.42,,
93.868,LAND_YAW_ALIGN,3.7956,-1.5905,0.299,179.37,-0.47,-0.01,-0.0,-0.025,0.0615,0.0059,1.728,,2.23,,,3.7,-1.42,,
93.935,LAND_YAW_ALIGN,3.7942,-1.5877,0.303,179.25,-0.76,0.16,-0.0,-0.0253,0.0564,0.0014,1.725,,2.23,,,3.7,-1.42,,
93.96,LAND_YAW_ALIGN,3.7917,-1.5843,0.302,179.22,-0.87,0.29,-0.0,-0.0264,0.0511,0.0107,1.725,,2.237,,,3.7,-1.42,,
94.027,LAND_YAW_ALIGN,3.7902,-1.5837,0.3,179.2,-1.05,0.37,-0.0,-0.0243,0.0395,0.0053,1.729,,2.237,,,3.7,-1.42,,
94.088,LAND_YAW_ALIGN,3.7849,-1.5811,0.301,179.23,-1.04,0.57,-0.0,-0.0297,0.0319,-0.0021,1.729,,2.242,,,3.7,-1.42,,
94.116,LAND_YAW_ALIGN,3.7821,-1.5806,0.3,179.27,-0.99,0.52,-0.0,-0.0279,0.0212,-0.0028,1.72,,2.242,,,3.7,-1.42,,
94.18,LAND_YAW_ALIGN,3.779,-1.5802,0.299,179.25,-0.96,0.64,-0.0,-0.0275,0.0116,-0.0111,1.72,,2.238,,,3.7,-1.42,,
94.22,LAND_YAW_ALIGN,3.7763,-1.5804,0.299,179.23,-1.03,0.87,-0.0,-0.0247,0.0018,-0.0142,1.724,,2.238,,,3.7,-1.42,,
94.282,LAND_YAW_ALIGN,3.774,-1.5815,0.299,179.15,-0.9,0.94,-0.0,-0.0202,-0.0092,-0.0191,1.724,,2.232,,,3.7,-1.42,,
94.312,LAND_YAW_ALIGN,3.7712,-1.5854,0.3,179.11,-0.83,1.13,-0.0,-0.0165,-0.0247,-0.0216,1.713,,2.232,,,3.7,-1.42,,
94.38,LAND_YAW_ALIGN,3.7703,-1.5883,0.296,179.0,-0.66,1.36,-0.0,-0.0071,-0.035,-0.0247,1.713,,2.235,,,3.7,-1.42,,
94.414,LAND_YAW_ALIGN,3.7691,-1.5912,0.295,178.94,-0.31,1.29,-0.0,0.0012,-0.0426,-0.038,1.716,,2.235,,,3.7,-1.42,,
94.5,LAND_YAW_ALIGN,3.7702,-1.5955,0.292,178.9,0.0,1.36,-0.0,0.0138,-0.0494,-0.0455,1.716,,2.23,,,3.7,-1.42,,
94.515,LAND_YAW_ALIGN,3.7723,-1.6002,0.285,178.87,0.4,1.25,-0.0,0.0271,-0.0536,-0.0548,1.719,,2.23,,,3.7,-1.42,,
94.578,LAND_YAW_ALIGN,3.7745,-1.6049,0.285,178.8,0.61,1.2,-0.0,0.0385,-0.0553,-0.0711,1.719,,2.231,,,3.7,-1.42,,
94.635,LAND_YAW_ALIGN,3.7767,-1.6091,0.282,178.67,0.93,0.97,-0.0,0.0481,-0.0533,-0.068,1.729,,2.231,,,3.7,-1.42,,
94.672,LAND_YAW_ALIGN,3.7796,-1.6129,0.28,178.58,1.08,0.66,-0.0,0.0557,-0.0486,-0.0734,1.729,,2.23,,,3.7,-1.42,,
94.742,LAND_YAW_ALIGN,3.7837,-1.6158,0.277,178.47,1.29,0.51,-0.0,0.064,-0.041,-0.0731,1.727,,2.23,,,3.7,-1.42,,
94.813,LAND_YAW_ALIGN,3.788,-1.6171,0.271,178.34,1.49,0.25,-0.0,0.0702,-0.0282,-0.077,1.727,,2.231,,,3.7,-1.42,,
94.821,LAND_YAW_ALIGN,3.7932,-1.6173,0.268,178.23,1.58,-0.1,-0.0,0.0755,-0.0132,-0.09,1.717,,2.231,,,3.7,-1.42,,
94.9,LAND_YAW_ALIGN,3.7962,-1.6159,0.263,178.06,1.63,-0.3,-0.0,0.0729,0.0054,-0.0959,1.717,,2.224,,,3.7,-1.42,,
94.912,LAND_YAW_ALIGN,3.7996,-1.614,0.256,177.83,1.56,-0.62,-0.0,0.0696,0.0227,-0.1015,1.736,,2.224,,,3.7,-1.42,,
94.979,LAND_YAW_ALIGN,3.8029,-1.6117,0.25,177.65,1.21,-0.8,-0.0,0.064,0.0373,-0.1136,1.736,,2.243,,,3.7,-1.42,,
95.013,LAND_YAW_ALIGN,3.803,-1.6084,0.245,177.44,0.87,-1.09,-0.0,0.0505,0.0507,-0.1118,1.729,,2.243,,,3.7,-1.42,,
95.094,LAND_YAW_ALIGN,3.8046,-1.6047,0.245,177.24,0.55,-1.22,-0.0,0.0396,0.0601,-0.1202,1.729,,2.24,,,3.7,-1.42,,
95.115,LAND_YAW_ALIGN,3.8029,-1.6011,0.24,177.04,0.13,-1.12,-0.0,0.0214,0.066,-0.1,1.739,,2.24,,,3.7,-1.42,,
95.173,LAND_YAW_ALIGN,3.8023,-1.5952,0.239,176.87,-0.0,-1.07,-0.0,0.0086,0.0735,-0.1068,1.739,,2.256,,,3.7,-1.42,,
95.227,LAND_YAW_ALIGN,3.8009,-1.5932,0.221,176.77,-0.25,-0.85,-0.0,-0.0035,0.0695,-0.1004,1.742,,2.256,,,3.7,-1.42,,
95.264,LAND_YAW_ALIGN,3.8003,-1.5893,0.219,176.64,-0.27,-0.67,-0.0,-0.0111,0.0689,-0.133,1.742,,2.254,,,3.7,-1.42,,
95.309,LAND_YAW_ALIGN,3.7985,-1.5875,0.213,176.62,-0.42,-0.31,-0.0,-0.0186,0.0627,-0.1199,1.739,,2.254,,,3.7,-1.42,,
95.381,LAND_YAW_ALIGN,3.7968,-1.5815,0.205,176.6,-0.48,-0.05,-0.0,-0.0231,0.0662,-0.1185,1.739,,2.261,,,3.7,-1.42,,
95.418,LAND_YAW_ALIGN,3.7945,-1.5808,0.199,176.61,-0.51,0.19,-0.0,-0.0259,0.0556,-0.1198,1.74,,2.261,,,3.7,-1.42,,
95.48,LAND_YAW_ALIGN,3.7927,-1.5756,0.192,176.78,-0.54,0.34,-0.0,-0.0262,0.0575,-0.1182,1.74,,2.26,,,3.7,-1.42,,
95.513,LAND_YAW_ALIGN,3.7917,-1.5747,0.184,176.95,-0.68,0.51,-0.0,-0.0218,0.0471,-0.1159,1.727,,2.26,,,3.7,-1.42,,
95.597,LAND_YAW_ALIGN,3.7904,-1.568,0.182,177.2,-0.65,0.53,-0.0,-0.0195,0.0543,-0.1182,1.727,,2.27,,,3.7,-1.42,,
95.618,LAND_YAW_ALIGN,3.7885,-1.5673,0.17,177.44,-0.93,0.61,-0.0,-0.0187,0.0407,-0.1036,1.733,,2.27,,,3.7,-1.42,,
95.693,LAND_YAW_ALIGN,3.7887,-1.5651,0.17,177.69,-1.07,0.73,-0.0,-0.0096,0.0336,-0.118,1.733,,2.259,,,3.7,-1.42,,
95.717,LAND_YAW_ALIGN,3.7876,-1.5634,0.164,177.97,-1.2,0.67,-0.0,-0.0069,0.0235,-0.0963,1.735,,2.259,,,3.7,-1.42,,
95.777,LAND_YAW_ALIGN,3.7883,-1.5629,0.164,178.09,-1.32,0.61,-0.0,0.0026,0.0123,-0.0949,1.735,,2.276,,,3.7,-1.42,,
95.822,LAND_YAW_ALIGN,3.7891,-1.5644,0.157,178.3,-1.33,0.47,-0.0,0.0097,-0.0064,-0.0811,1.732,,2.276,,,3.7,-1.42,,
95.888,LAND_YAW_ALIGN,3.7906,-1.5662,0.156,178.39,-1.17,0.28,-0.0,0.0175,-0.0204,-0.0892,1.732,,2.256,,,3.7,-1.42,,
95.941,LAND_YAW_ALIGN,3.7927,-1.5689,0.148,178.49,-1.11,0.07,-0.0,0.025,-0.0339,-0.0841,1.733,,2.256,,,3.7,-1.42,,
95.978,LAND_YAW_ALIGN,3.7938,-1.572,0.144,178.62,-0.93,-0.2,-0.0,0.0232,-0.0493,-0.0967,1.733,,2.266,,,3.7,-1.42,,
96.01,LAND_YAW_ALIGN,3.795,-1.5747,0.136,178.86,-0.77,-0.28,-0.0,0.022,-0.0562,-0.0981,1.735,,2.266,,,3.7,-1.42,,
96.077,LAND_YAW_ALIGN,3.7961,-1.5772,0.135,179.14,-0.39,-0.42,-0.0,0.0192,-0.0591,-0.107,1.735,,2.247,,,3.7,-1.42,,
96.109,LAND_YAW_ALIGN,3.7965,-1.5818,0.132,179.46,-0.04,-0.28,-0.0,0.013,-0.069,-0.095,1.731,,2.247,,,3.7,-1.42,,
96.181,LAND_YAW_ALIGN,3.7975,-1.585,0.125,179.77,0.23,-0.32,-0.0,0.0128,-0.066,-0.1,1.731,,2.248,,,3.7,-1.42,,
96.214,LAND_YAW_ALIGN,3.798,-1.5896,0.12,-179.91,0.36,-0.25,-0.0,0.01,-0.0694,-0.1048,1.736,,2.248,,,3.7,-1.42,,
96.282,LAND_YAW_ALIGN,3.7982,-1.5941,0.112,-179.67,0.53,-0.27,-0.0,0.0069,-0.0707,-0.102,1.736,,2.248,,,3.7,-1.42,,
96.311,LAND_YAW_ALIGN,3.799,-1.5967,0.106,-179.4,0.8,-0.14,-0.0,0.0074,-0.0601,-0.1063,1.738,,2.248,,,3.7,-1.42,,
96.374,LAND_YAW_ALIGN,3.7994,-1.6012,0.101,-179.12,0.9,0.0,-0.0,0.0081,-0.0613,-0.1086,1.738,,2.239,,,3.7,-1.42,,
96.411,LAND_YAW_ALIGN,3.8,-1.604,0.096,-178.85,1.17,-0.06,-0.0,0.0083,-0.0517,-0.0955,1.732,,2.239,,,3.7,-1.42,,
96.479,LAND_YAW_ALIGN,3.8008,-1.6052,0.089,-178.65,1.53,-0.12,-0.0,0.0089,-0.035,-0.0977,1.732,,2.225,,,3.7,-1.42,,
96.521,LAND_YAW_ALIGN,3.8024,-1.6056,0.087,-178.49,1.52,0.1,-0.0,0.0135,-0.0199,-0.091,1.733,,2.225,,,3.7,-1.42,,
96.571,LAND_YAW_ALIGN,3.8043,-1.6044,0.084,-178.4,1.62,-0.08,-0.0,0.0196,-0.0005,-0.0834,1.733,,2.232,,,3.7,-1.42,,
96.62,LAND_YAW_ALIGN,3.8056,-1.6035,0.078,-178.38,1.43,-0.24,-0.0,0.0194,0.0148,-0.0772,1.733,,2.232,,,3.7,-1.42,,
96.679,LAND_YAW_ALIGN,3.8064,-1.6011,0.077,-178.41,1.31,-0.34,-0.0,0.0159,0.0374,-0.0854,1.733,,2.231,,,3.7,-1.42,,
96.723,LAND_YAW_ALIGN,3.8073,-1.5986,0.07,-178.41,0.7,-0.3,-0.0,0.0133,0.048,-0.0658,1.724,,2.231,,,3.7,-1.42,,
96.781,LAND_YAW_ALIGN,3.8073,-1.5967,0.066,-178.45,0.25,-0.58,-0.0,0.0074,0.0512,-0.0702,1.724,,2.245,,,3.7,-1.42,,
96.819,LAND_YAW_ALIGN,3.8068,-1.5954,0.062,-178.46,-0.42,-0.54,-0.0,-0.0016,0.0463,-0.0625,1.676,,2.245,,,3.7,-1.42,,
96.877,LAND_YAW_ALIGN,3.8074,-1.5919,0.061,-178.44,-0.53,-0.64,-0.0,-0.0022,0.0472,-0.0609,1.676,,2.232,,,3.7,-1.42,,
96.916,LAND_YAW_ALIGN,3.8071,-1.5895,0.057,-178.43,-0.68,-0.44,-0.0,-0.007,0.0436,-0.0555,1.632,,2.232,,,3.7,-1.42,,
96.982,LAND_YAW_ALIGN,3.8062,-1.5891,0.056,-178.43,-0.9,-0.26,-0.0,-0.0109,0.0288,-0.0599,1.632,,2.236,,,3.7,-1.42,,
97.01,LAND_YAW_ALIGN,3.8048,-1.5887,0.054,-178.49,-0.89,-0.4,-0.0,-0.0196,0.0146,-0.0525,1.618,,2.236,,,3.7,-1.42,,
97.071,LAND_YAW_ALIGN,3.8033,-1.5896,0.052,-178.56,-0.91,-0.46,0.0,-0.0241,-0.0008,-0.06,1.618,,2.24,,,3.7,-1.42,,
97.138,LAND_YAW_ALIGN,3.8017,-1.5923,0.034,-178.77,-0.93,-0.63,0.0,-0.0277,-0.0209,-0.2513,,,2.24,,,3.7,-1.42,,
97.163,LAND_YAW_ALIGN,3.802,-1.5914,0.004,-179.1,-0.68,-0.32,0.0,-0.0119,0.0004,-0.596,,,2.248,,,3.7,-1.42,,
97.236,LAND_YAW_ALIGN,3.8008,-1.5664,0.0,-178.99,-0.03,0.06,0.0,-0.0524,0.1162,0.3252,0.587,,2.248,,,3.7,-1.42,,
97.266,LAND_YAW_ALIGN,3.8044,-1.5652,0.0,-179.73,-5.81,0.75,0.0,0.0052,0.1197,-0.0936,0.587,,,,,3.7,-1.42,,
97.331,LAND_YAW_ALIGN,3.8061,-1.5612,0.008,178.67,1.45,-0.53,0.0,-0.0041,0.071,0.0411,0.577,,,,,3.7,-1.42,,
97.361,LAND_YAW_ALIGN,3.8059,-1.5572,0.009,178.45,1.46,-0.05,0.0,-0.0045,0.0827,0.0259,0.577,,2.249,,,3.7,-1.42,,
97.458,LAND_YAW_ALIGN,3.8066,-1.5541,0.009,178.45,1.41,0.02,0.0,0.0027,0.0882,0.0388,0.581,,2.249,,,3.7,-1.42,,
97.489,LAND_YAW_ALIGN,3.8069,-1.5531,0.006,178.49,1.21,0.0,0.0,0.0023,0.0734,0.0431,0.581,,2.256,,,3.7,-1.42,,
97.508,LAND_YAW_ALIGN,3.8086,-1.5512,0.007,178.51,1.11,0.05,0.0,0.0092,0.069,0.0318,0.583,,2.256,,,3.7,-1.42,,
97.58,LAND_YAW_ALIGN,3.8079,-1.5514,0.008,178.64,0.94,0.0,0.0,0.003,0.0554,0.0252,0.583,,2.255,0.168,,3.7,-1.42,,
97.629,LAND_YAW_ALIGN,3.8091,-1.5494,0.008,179.24,0.88,0.03,0.0,0.0085,0.0551,0.0207,0.582,,2.255,0.168,,3.7,-1.42,,
97.671,LAND_YAW_ALIGN,3.8082,-1.5497,0.01,179.81,0.76,-0.01,0.0,0.0028,0.0471,0.016,0.582,,2.259,0.162,,3.7,-1.42,,
97.737,LAND_YAW_ALIGN,3.8094,-1.5482,0.007,-179.58,0.7,0.03,0.0,0.0082,0.0458,0.0158,0.582,,2.259,0.162,,3.7,-1.42,,
97.809,LAND_YAW_ALIGN,3.8095,-1.5479,0.006,-179.0,0.62,0.01,0.0,0.008,0.0415,0.0079,0.582,,2.248,,,3.7,-1.42,,
97.833,LAND_YAW_ALIGN,3.8082,-1.5489,0.008,-178.44,0.52,-0.05,0.0,0.0013,0.0324,0.0005,0.586,,2.248,,,3.7,-1.42,,
97.873,LAND_YAW_ALIGN,3.8084,-1.5489,0.007,-177.85,0.44,-0.05,0.0,0.0013,0.0274,0.0009,0.586,,2.25,,,3.7,-1.42,,
97.909,LAND_YAW_ALIGN,3.8086,-1.5486,0.009,-177.27,0.39,-0.05,0.0,0.0034,0.024,-0.0019,0.586,,2.25,,,3.7,-1.42,,
97.97,LAND_YAW_ALIGN,3.8084,-1.5481,0.009,-176.7,0.36,-0.06,0.0,0.002,0.0244,0.0014,0.586,,2.252,0.166,,3.7,-1.42,,
98.028,LAND_YAW_ALIGN,3.8087,-1.5477,0.007,-176.12,0.32,-0.06,0.0,0.003,0.0233,0.0029,0.586,,2.252,0.166,,3.7,-1.42,,
98.073,LAND_YAW_ALIGN,3.8085,-1.5471,0.009,-175.55,0.3,-0.07,0.0,0.0021,0.0237,-0.0001,0.586,,2.256,,,3.7,-1.42,,
98.144,LAND_YAW_ALIGN,3.8094,-1.5461,0.007,-174.97,0.29,-0.04,0.0,0.007,0.0253,0.0024,0.584,,2.256,,,3.7,-1.42,,
98.203,LAND_YAW_ALIGN,3.8077,-1.5483,0.009,-174.39,0.17,-0.14,0.0,-0.0024,0.0106,0.0002,0.584,,2.258,,,3.7,-1.42,,
98.253,LAND_YAW_ALIGN,3.8097,-1.5459,0.008,-173.81,0.23,-0.06,0.0,0.0075,0.0216,0.0027,0.584,,2.258,,,3.7,-1.42,,
98.27,LAND_YAW_ALIGN,3.8077,-1.548,0.006,-173.24,0.11,-0.17,0.0,-0.0028,0.0079,0.0019,0.584,,2.259,,,3.7,-1.42,,
98.345,LAND_YAW_ALIGN,3.8086,-1.5459,0.008,-172.67,0.18,-0.13,0.0,0.0025,0.0177,-0.0033,0.584,,2.259,,,3.7,-1.42,,
98.37,LAND_YAW_ALIGN,3.8096,-1.5457,0.01,-172.09,0.16,-0.1,0.0,0.0076,0.017,-0.002,0.584,,2.252,,,3.7,-1.42,,
98.432,LAND_YAW_ALIGN,3.8096,-1.5456,0.008,-171.52,0.14,-0.11,0.0,0.0074,0.0157,0.0036,0.582,,2.252,,,3.7,-1.42,,
98.462,LAND_YAW_ALIGN,3.8098,-1.5452,0.01,-170.95,0.14,-0.11,0.0,0.0077,0.0158,0.0026,0.582,,2.258,0.162,,3.7,-1.42,,
98.532,LAND_YAW_ALIGN,3.8097,-1.5453,0.009,-170.37,0.11,-0.13,0.0,0.0058,0.0137,0.0064,0.582,,2.258,0.162,,3.7,-1.42,,
98.564,LAND_YAW_ALIGN,3.8089,-1.5464,0.008,-169.8,0.06,-0.18,0.0,0.001,0.0067,0.0061,0.582,,2.262,0.164,,3.7,-1.42,,
98.632,LAND_YAW_ALIGN,3.8089,-1.5463,0.008,-169.22,0.05,-0.18,0.0,0.0008,0.0061,0.0029,0.585,,2.262,0.164,,3.7,-1.42,,
98.661,LAND_YAW_ALIGN,3.8095,-1.545,0.007,-168.65,0.09,-0.15,0.0,0.004,0.0125,0.001,0.585,2.667,2.256,,,3.7,-1.42,,
98.724,LAND_YAW_ALIGN,3.809,-1.5469,0.009,-168.08,0.01,-0.19,0.0,0.0014,0.0027,-0.0022,0.582,2.667,2.256,,,3.7,-1.42,,
98.777,LAND_YAW_ALIGN,3.8085,-1.5469,0.008,-167.51,0.01,-0.22,0.0,-0.0013,0.0019,0.0013,0.582,,2.252,,,3.7,-1.42,,
98.812,LAND_YAW_ALIGN,3.8087,-1.5466,0.007,-166.94,0.02,-0.21,0.0,-0.0003,0.0029,0.0011,0.587,,2.252,,,3.7,-1.42,,
98.89,LAND_YAW_ALIGN,3.8096,-1.5452,0.009,-166.37,0.06,-0.17,0.0,0.0041,0.0109,-0.0015,0.587,,2.263,,,3.7,-1.42,,
98.912,LAND_YAW_ALIGN,3.8089,-1.5466,0.011,-165.8,0.01,-0.22,0.0,0.0002,0.0031,0.0018,0.582,,2.263,,,3.7,-1.42,,
98.981,LAND_YAW_ALIGN,3.8087,-1.5464,0.006,-165.23,0.02,-0.23,0.0,-0.0016,0.0039,0.0078,0.582,,2.252,0.167,,3.7,-1.42,,
99.011,LAND_YAW_ALIGN,3.8096,-1.5454,0.008,-164.67,0.04,-0.19,0.0,0.0031,0.0089,-0.0007,0.585,,2.252,0.167,,3.7,-1.42,,
99.075,LAND_YAW_ALIGN,3.8092,-1.5465,0.008,-164.1,-0.01,-0.22,0.0,0.001,0.0027,-0.0009,0.585,,2.258,,,3.7,-1.42,,
99.112,LAND_YAW_ALIGN,3.8096,-1.5454,0.008,-163.53,0.03,-0.19,0.0,0.0027,0.0079,-0.0011,0.586,,2.258,,,3.7,-1.42,,
99.176,LAND_YAW_ALIGN,3.8089,-1.5463,0.007,-162.96,-0.01,-0.24,0.0,-0.0014,0.0023,-0.0007,0.586,,2.265,,,3.7,-1.42,,
99.213,LAND_YAW_ALIGN,3.8095,-1.5451,0.006,-162.39,0.03,-0.2,0.0,0.0015,0.0086,-0.0025,0.583,,2.265,,,3.7,-1.42,,
99.286,LAND_YAW_ALIGN,3.809,-1.5465,0.009,-161.82,-0.02,-0.24,0.0,-0.0015,0.0009,-0.0052,0.583,,2.256,0.164,,3.7,-1.42,,
99.319,LAND_YAW_ALIGN,3.8095,-1.545,0.009,-161.26,0.03,-0.2,0.0,0.0014,0.0085,0.0001,0.586,,2.256,0.164,,3.7,-1.42,,
99.38,LAND_YAW_ALIGN,3.8095,-1.5451,0.009,-160.7,0.02,-0.2,0.0,-0.0071,-0.0013,0.0036,0.586,,2.258,,,3.7,-1.42,,
99.433,LAND_YAW_ALIGN,3.8087,-1.5463,0.01,-160.14,-0.01,-0.25,0.0,-0.0031,0.0025,0.005,0.582,,2.258,,,3.7,-1.42,,
99.489,LAND_YAW_ALIGN,3.8092,-1.5452,0.01,-159.58,0.02,-0.21,0.0,-0.0015,0.0022,0.0078,0.582,,2.262,,,3.7,-1.42,,
99.511,LAND_YAW_ALIGN,3.8094,-1.5451,0.008,-159.01,0.02,-0.21,0.0,0.0012,0.0089,0.0092,0.582,,2.262,,,3.7,-1.42,,
99.582,LAND_YAW_ALIGN,3.8087,-1.5463,0.009,-158.44,-0.02,-0.25,0.0,-0.0029,0.002,0.0056,0.582,,2.255,,,3.7,-1.42,,
99.611,LAND_YAW_ALIGN,3.8094,-1.5453,0.008,-157.89,0.01,-0.21,0.0,0.0011,0.0065,0.005,0.582,,2.255,,,3.7,-1.42,,
99.681,LAND_YAW_ALIGN,3.809,-1.5465,0.006,-157.32,-0.03,-0.25,0.0,-0.0015,0.0006,0.0019,0.582,,2.252,0.168,,3.7,-1.42,,
99.711,LAND_YAW_ALIGN,3.8087,-1.5464,0.007,-156.76,-0.02,-0.25,0.0,-0.0031,0.0012,-0.0044,0.587,,2.252,0.168,,3.7,-1.42,,
99.778,LAND_YAW_ALIGN,3.8089,-1.5463,0.007,-156.2,-0.02,-0.24,0.0,-0.0019,0.0017,-0.0053,0.587,2.8,2.257,0.165,,3.7,-1.42,,
99.812,LAND_YAW_ALIGN,3.8093,-1.5451,0.008,-155.64,0.02,-0.2,0.0,0.001,0.0076,-0.0048,0.582,2.8,2.257,0.165,,3.7,-1.42,,
99.86,LAND_YAW_ALIGN,3.8087,-1.5464,0.01,-155.08,-0.02,-0.25,0.0,-0.0024,0.001,-0.002,0.582,,2.256,0.168,,3.7,-1.42,,
99.916,LAND_YAW_ALIGN,3.8089,-1.5465,0.01,-154.52,-0.03,-0.26,0.0,-0.0017,0.0005,0.0042,0.587,,2.256,0.168,,3.7,-1.42,,
99.962,LAND_YAW_ALIGN,3.8085,-1.5461,0.007,-153.97,-0.02,-0.29,0.0,-0.005,0.001,0.0075,0.587,,2.256,,,3.7,-1.42,,
100.022,LAND_YAW_ALIGN,3.8092,-1.5451,0.009,-153.41,0.02,-0.24,0.0,-0.0017,0.006,0.0023,0.583,,2.256,,,3.7,-1.42,,
100.083,LAND_YAW_ALIGN,3.8092,-1.5451,0.009,-152.86,0.01,-0.24,0.0,-0.0021,0.0057,0.0036,0.583,,2.253,,,3.7,-1.42,,
100.115,LAND_YAW_ALIGN,3.8091,-1.5448,0.008,-152.3,0.02,-0.25,0.0,-0.0032,0.0066,0.0042,0.584,,2.253,,,3.7,-1.42,,
100.19,LAND_YAW_ALIGN,3.8083,-1.5464,0.009,-151.75,-0.03,-0.29,-0.0,-0.0066,-0.0013,0.002,0.584,,2.257,,,3.7,-1.42,,
100.221,LAND_YAW_ALIGN,3.8089,-1.5447,0.01,-151.42,0.04,-0.26,-0.0,-0.0039,0.0065,0.0033,0.584,,2.257,,,3.7,-1.42,,
100.288,LAND_YAW_ALIGN,3.8078,-1.5466,0.007,-151.38,-0.0,-0.31,-0.0,-0.0096,-0.0043,0.0047,0.584,,2.253,,,3.7,-1.42,,
100.317,LAND_YAW_ALIGN,3.8091,-1.5443,0.006,-151.29,0.07,-0.2,-0.0,-0.0042,0.0054,-0.0022,0.585,,2.253,,,3.7,-1.42,,
100.387,LAND_YAW_ALIGN,3.8069,-1.5409,0.005,-151.26,0.3,-0.22,-0.0,-0.0143,0.0191,-0.0039,0.585,,2.264,,,3.7,-1.42,,
100.417,LAND_YAW_ALIGN,3.8018,-1.5363,0.003,-151.3,0.49,-0.22,-0.0,-0.036,0.0369,-0.008,0.584,,2.264,,,3.7,-1.42,,
100.482,LAND_YAW_ALIGN,3.7949,-1.5296,0.0,-151.47,0.1,-0.11,-0.0,-0.0582,0.0598,0.0131,0.584,2.563,2.252,0.172,,3.7,-1.42,,
100.511,LAND_YAW_ALIGN,3.797,-1.5253,0.0,-151.71,-0.16,0.2,-0.0,-0.0386,0.0615,0.0195,0.596,2.563,2.252,0.172,,3.7,-1.42,,
100.572,LAND_YAW_ALIGN,3.8012,-1.5147,0.0,-151.94,-0.85,0.42,-0.0,-0.0082,0.0925,0.0408,0.596,,2.252,,,3.7,-1.42,,
100.629,LAND_YAW_ALIGN,3.81,-1.5164,0.001,-152.08,-1.41,0.35,-0.0,0.0342,0.0489,0.0745,0.61,,2.252,,,3.7,-1.42,,
100.672,LAND_YAW_ALIGN,3.8139,-1.515,0.01,-152.25,-1.33,0.27,-0.0,0.05,0.0326,0.0977,0.61,,2.256,,,3.7,-1.42,,
100.744,LAND_YAW_ALIGN,3.8163,-1.5148,0.025,-152.39,-0.84,-0.04,-0.0,0.0515,0.0175,0.1273,0.664,,2.256,,,3.7,-1.42,,
100.78,LAND_YAW_ALIGN,3.8232,-1.5173,0.037,-152.52,-0.61,-0.4,-0.0,0.0743,-0.0068,0.1662,0.664,,2.256,,,3.7,-1.42,,
100.815,LAND_YAW_ALIGN,3.8263,-1.5162,0.052,-152.67,-0.18,-0.48,-0.0,0.0718,-0.0003,0.19,,,2.256,,,3.7,-1.42,,
100.877,LAND_YAW_ALIGN,3.8281,-1.5186,0.064,-152.65,0.08,-0.93,-0.0,0.0525,-0.0246,0.2164,,,2.269,,,3.7,-1.42,,
100.91,LAND_YAW_ALIGN,3.8308,-1.5186,0.08,-152.68,0.36,-0.65,-0.0,0.0476,-0.0193,0.2231,1.686,,2.269,,,3.7,-1.42,,
100.98,LAND_YAW_ALIGN,3.8283,-1.5212,0.086,-152.61,0.47,-0.46,-0.0,0.0155,-0.0287,0.2416,1.686,,2.269,,,3.7,-1.42,,
101.011,LAND_YAW_ALIGN,3.8244,-1.5212,0.096,-152.6,0.62,-0.2,-0.0,-0.0129,-0.0221,0.2176,1.743,,2.269,,,3.7,-1.42,,
101.076,LAND_YAW_ALIGN,3.8214,-1.5216,0.105,-152.62,0.43,0.0,-0.0,-0.0272,-0.0153,0.2317,1.743,,2.261,,,3.7,-1.42,,
101.13,LAND_YAW_ALIGN,3.8183,-1.5228,0.12,-152.6,0.23,0.25,-0.0,-0.036,-0.0132,0.2276,1.742,,2.261,,,3.7,-1.42,,
101.166,LAND_YAW_ALIGN,3.8161,-1.5229,0.13,-152.6,0.05,0.32,-0.0,-0.0361,-0.0084,0.2474,1.742,,2.256,,,3.7,-1.42,,
101.233,LAND_YAW_ALIGN,3.8143,-1.5196,0.14,-152.57,0.06,0.59,-0.0,-0.0334,0.011,0.2374,1.734,,2.256,,,3.7,-1.42,,
101.263,LAND_YAW_ALIGN,3.8133,-1.5196,0.146,-152.53,-0.1,0.71,-0.0,-0.0262,0.0103,0.2354,1.734,,2.271,,,3.7,-1.42,,
101.33,LAND_YAW_ALIGN,3.8094,-1.5183,0.153,-152.57,-0.14,0.64,-0.0,-0.0313,0.0196,0.2147,1.73,,2.271,,,3.7,-1.42,,
101.36,LAND_YAW_ALIGN,3.8086,-1.5172,0.165,-152.6,-0.39,0.37,-0.0,-0.0238,0.0198,0.2118,1.73,,2.263,,,3.7,-1.42,,
101.431,LAND_YAW_ALIGN,3.8076,-1.5139,0.178,-152.63,-0.56,0.39,-0.0,-0.0175,0.03,0.2099,1.734,,2.263,,,3.7,-1.42,,
101.461,LAND_YAW_ALIGN,3.8068,-1.5125,0.187,-152.63,-0.65,0.27,-0.0,-0.0125,0.0264,0.2202,1.734,,2.263,,,3.7,-1.42,,
101.527,LAND_YAW_ALIGN,3.8035,-1.5106,0.196,-152.68,-0.67,0.11,-0.0,-0.0186,0.0269,0.2072,1.732,,2.263,,,3.7,-1.42,,
101.558,LAND_YAW_ALIGN,3.8023,-1.509,0.21,-152.64,-0.65,0.07,-0.0,-0.0161,0.0238,0.2076,1.732,,2.262,,,3.7,-1.42,,
101.62,LAND_YAW_ALIGN,3.8006,-1.509,0.223,-152.59,-0.7,0.03,-0.0,-0.0173,0.0143,0.2075,1.732,,2.262,,,3.7,-1.42,,
101.689,LAND_YAW_ALIGN,3.792,-1.5091,0.234,-152.53,-0.51,-0.13,-0.0,-0.0409,0.0063,0.2086,1.732,,2.261,,,3.7,-1.42,,
101.737,LAND_YAW_ALIGN,3.791,-1.5095,0.245,-152.54,-0.49,0.01,-0.0,-0.037,0.0001,0.1964,1.735,,2.261,,,3.7,-1.42,,
101.791,LAND_YAW_ALIGN,3.7945,-1.5098,0.258,-152.52,-0.64,0.25,-0.0,-0.0175,-0.0035,0.192,1.735,,2.258,,,3.7,-1.42,,
101.81,LAND_YAW_ALIGN,3.7998,-1.5104,0.259,-152.54,-0.61,0.4,-0.0,0.005,-0.0071,0.1854,1.732,,2.258,,,3.7,-1.42,,
101.884,LAND_YAW_ALIGN,3.8007,-1.5117,0.264,-152.6,-0.45,0.29,-0.0,0.0112,-0.0126,0.1546,1.732,,2.255,,,3.7,-1.42,,
101.909,LAND_YAW_ALIGN,3.8044,-1.5144,0.273,-152.69,-0.27,0.25,-0.0,0.0232,-0.0202,0.139,1.731,,2.255,,,3.7,-1.42,,
101.979,LAND_YAW_ALIGN,3.8067,-1.516,0.281,-152.78,-0.09,0.19,-0.0,0.0287,-0.0222,0.1397,1.731,,2.254,,,3.7,-1.42,,
102.016,LAND_YAW_ALIGN,3.8099,-1.5182,0.288,-152.91,0.11,0.09,-0.0,0.0344,-0.0246,0.1285,1.733,,2.254,,,3.7,-1.42,,
102.069,LAND_YAW_ALIGN,3.8115,-1.5202,0.295,-153.01,0.3,-0.0,-0.0,0.0337,-0.0252,0.1252,1.733,,2.263,,,3.7,-1.42,,
102.107,LAND_YAW_ALIGN,3.8146,-1.5228,0.299,-153.05,0.48,-0.18,-0.0,0.0354,-0.0261,0.1166,1.736,,2.263,,,3.7,-1.42,,
102.165,LAND_YAW_ALIGN,3.8161,-1.5244,0.307,-153.05,0.55,-0.27,-0.0,0.0316,-0.0239,0.1046,1.736,,2.248,,,3.7,-1.42,,
102.221,LAND_YAW_ALIGN,3.8195,-1.5264,0.309,-153.0,0.75,-0.29,-0.0,0.0314,-0.0224,0.1041,1.728,,2.248,,,3.7,-1.42,,
102.258,LAND_YAW_ALIGN,3.8198,-1.5287,0.316,-152.92,0.73,-0.33,-0.0,0.0237,-0.0207,0.09,1.728,,2.251,,,3.7,-1.42,,
102.341,LAND_YAW_ALIGN,3.8201,-1.5309,0.323,-152.82,0.76,-0.31,-0.0,0.0168,-0.0193,0.0852,1.733,,2.251,,,3.7,-1.42,,
102.375,LAND_YAW_ALIGN,3.8188,-1.5312,0.328,-152.75,0.73,-0.27,-0.0,0.0073,-0.0134,0.0842,1.733,,2.244,,,3.7,-1.42,,
102.435,LAND_YAW_ALIGN,3.8189,-1.5307,0.328,-152.66,0.64,-0.22,-0.0,0.0025,-0.0069,0.0741,1.725,,2.244,,,3.7,-1.42,,
102.49,LAND_YAW_ALIGN,3.8203,-1.5337,0.331,-152.59,0.49,-0.18,-0.0,0.0013,-0.0091,0.0587,1.725,,2.248,,,3.7,-1.42,,
102.511,LAND_YAW_ALIGN,3.8149,-1.5314,0.335,-152.53,0.44,-0.18,-0.0,-0.0129,-0.0005,0.0525,1.723,,2.248,,,3.7,-1.42,,
102.574,LAND_YAW_ALIGN,3.808,-1.5307,0.338,-152.45,0.35,-0.09,-0.0,-0.0275,0.0039,0.05,1.723,,2.24,,,3.7,-1.42,,
102.662,YAW_ALIGN,3.8053,-1.5298,0.342,-152.4,0.13,-0.08,-0.0,-0.0317,0.007,0.0453,1.717,,2.24,,,,,,
102.67,YAW_ALIGN,3.8026,-1.5304,0.345,-152.39,-0.04,0.24,-0.0,-0.0333,0.006,0.0444,1.717,,2.245,,,,,,
102.76,YAW_ALIGN,3.7989,-1.5325,0.347,-152.42,-0.17,0.34,-15.0,-0.0345,0.0024,0.041,1.719,,2.245,,,,,,
102.831,YAW_ALIGN,3.7972,-1.5328,0.345,-152.45,-0.29,0.56,-15.0,-0.0306,0.0016,0.0329,1.719,,2.245,,,,,,
102.916,YAW_ALIGN,3.796,-1.5333,0.347,-152.56,-0.3,0.5,-15.0,-0.0252,0.0005,0.0213,1.715,,2.245,,,,,,
102.985,YAW_ALIGN,3.7935,-1.5334,0.348,-152.74,-0.38,0.55,-15.0,-0.0223,-0.0003,0.0199,1.715,,2.251,,,,,,
103.001,YAW_ALIGN,3.7933,-1.536,0.35,-153.02,-0.21,0.4,-15.0,-0.0163,-0.0056,0.0142,1.713,,2.251,,,,,,
103.019,YAW_ALIGN,3.7873,-1.5361,0.353,-153.37,-0.13,0.32,-15.0,-0.0219,-0.0049,0.0148,1.713,,2.25,,,,,,
103.027,YAW_ALIGN,3.7897,-1.5412,0.353,-153.83,-0.12,0.25,-15.0,-0.0132,-0.0135,0.016,1.719,,2.25,,,,,,
103.084,YAW_ALIGN,3.7865,-1.5442,0.351,-154.32,-0.11,0.28,-15.0,-0.015,-0.0174,0.0108,1.719,,2.25,,,,,,
103.18,YAW_ALIGN,3.7875,-1.5452,0.351,-154.9,-0.03,0.25,-15.0,-0.0099,-0.0175,0.0032,1.72,,2.25,,,,,,
103.196,YAW_ALIGN,3.7893,-1.5516,0.348,-155.52,0.05,0.35,-15.0,-0.0036,-0.026,0.0026,1.72,,2.257,,,,,,
103.29,YAW_ALIGN,3.7871,-1.5535,0.35,-156.24,0.2,0.17,-15.0,-0.0053,-0.0254,-0.0039,1.719,,2.257,,,,,,
103.351,YAW_ALIGN,3.7852,-1.5574,0.351,-157.02,0.22,0.28,-15.0,-0.0067,-0.0274,0.0033,1.719,,2.258,,,,,,
103.396,YAW_ALIGN,3.7847,-1.5613,0.354,-157.83,0.3,0.3,-15.0,-0.0057,-0.0288,0.0079,1.729,,2.258,,,,,,
103.485,YAW_ALIGN,3.7835,-1.5617,0.354,-158.64,0.35,0.37,-15.0,-0.0056,-0.0235,0.0124,1.729,,2.266,,,,,,
103.508,YAW_ALIGN,3.7807,-1.562,0.353,-159.43,0.39,0.35,-15.0,-0.0081,-0.0182,0.0106,1.755,,2.266,,,,,,
103.571,YAW_ALIGN,3.783,-1.5708,0.352,-160.21,0.37,0.34,-15.0,-0.0022,-0.0276,0.0059,1.755,,2.256,,,,,,
103.642,YAW_ALIGN,3.7712,-1.5665,0.353,-160.98,0.37,0.3,-15.0,-0.0194,-0.0137,0.0041,1.78,,2.256,,,,,,
103.715,YAW_ALIGN,3.7728,-1.565,0.353,-161.74,0.33,0.53,-15.0,-0.0131,-0.0064,0.0078,1.78,,2.259,,,,,,
103.763,YAW_ALIGN,3.7696,-1.5678,0.353,-162.52,0.24,0.52,-15.0,-0.014,-0.007,0.0067,1.818,,2.259,,,,,,
103.799,YAW_ALIGN,3.7698,-1.5722,0.356,-163.29,0.19,0.65,-15.0,-0.0087,-0.0108,0.0071,1.818,,2.234,,,,,,
103.815,YAW_ALIGN,3.7707,-1.5738,0.352,-164.11,0.11,0.64,-15.0,-0.002,-0.01,0.0122,1.888,,2.234,,,,,,
103.88,YAW_ALIGN,3.7717,-1.5707,0.353,-164.88,0.24,0.56,-15.0,0.0045,-0.0016,-0.0006,1.888,,2.199,,,,,,
103.968,YAW_ALIGN,3.7801,-1.5725,0.352,-165.63,0.21,0.43,-15.0,0.0216,-0.0021,0.0016,,,2.199,,,,,,
104.046,YAW_ALIGN,3.7843,-1.5802,0.354,-166.35,0.23,0.36,-15.0,0.0294,-0.0129,-0.0001,,,2.154,,,,,,
104.065,YAW_ALIGN,3.7873,-1.5784,0.354,-167.11,0.27,0.05,-15.0,0.033,-0.0065,0.0003,,,2.154,,,,,,
104.103,YAW_ALIGN,3.7912,-1.5783,0.356,-167.88,0.3,-0.17,-15.0,0.0359,-0.0037,0.0013,,,2.115,,,,,,
104.126,YAW_ALIGN,3.7916,-1.5789,0.353,-168.62,0.33,-0.39,-15.0,0.0311,-0.0022,0.0028,2.462,,2.115,,,,,,
104.219,YAW_ALIGN,3.7936,-1.5774,0.355,-169.33,0.32,-0.56,-15.0,0.0276,0.0023,-0.0087,2.462,,2.017,,,,,,
104.297,YAW_ALIGN,3.7979,-1.5801,0.356,-170.07,0.13,-0.78,-15.0,0.0268,-0.0017,-0.0036,2.574,,2.017,,,,,,
104.354,YAW_ALIGN,3.7974,-1.577,0.354,-170.8,0.02,-0.86,-15.0,0.0171,0.0034,-0.0036,2.574,,1.937,,,,,,
104.371,YAW_ALIGN,3.7981,-1.5768,0.355,-171.57,-0.03,-0.92,-15.0,0.0098,0.0022,-0.0097,2.598,,1.937,,,,,,
104.467,YAW_ALIGN,3.7982,-1.5776,0.354,-172.42,-0.14,-0.74,-15.0,0.0023,-0.0008,-0.0068,2.598,,1.843,,,,,,
104.545,YAW_ALIGN,3.7951,-1.5807,0.355,-173.33,-0.19,-0.62,-15.0,-0.0089,-0.0078,-0.0103,2.589,,1.843,,,,,,
104.564,YAW_ALIGN,3.7937,-1.5813,0.353,-174.31,-0.14,-0.4,-15.0,-0.0144,-0.01,-0.0092,2.589,,1.766,,,,,,
104.571,YAW_ALIGN,3.7903,-1.5754,0.357,-175.23,-0.01,-0.19,-15.0,-0.0218,0.0002,-0.0145,2.52,,1.766,,,,,,
104.579,YAW_ALIGN,3.7864,-1.5758,0.355,-176.18,-0.02,-0.12,-15.0,-0.0279,-0.0007,-0.0089,2.52,,1.674,,,,,,
104.583,YAW_ALIGN,3.7842,-1.578,0.352,-177.06,0.05,0.06,-15.0,-0.0298,-0.0044,-0.0146,,,1.674,,,,,,
104.589,YAW_ALIGN,3.782,-1.583,0.353,-177.84,0.05,0.22,-15.0,-0.0301,-0.012,-0.0241,,,,,,,,,
104.629,YAW_ALIGN,3.7792,-1.5825,0.353,-178.64,0.17,0.18,-0.0,-0.0304,-0.0092,-0.0152,,,,,,,,,
104.657,YAW_ALIGN,3.776,-1.5835,0.35,-179.33,0.18,0.31,-0.0,-0.0316,-0.0087,-0.0193,,,,,,,,,
104.714,YAW_ALIGN,3.7723,-1.5858,0.349,-179.93,0.17,0.3,-0.0,-0.0332,-0.0106,-0.0246,,,,,,,,,
104.776,YAW_ALIGN,3.7704,-1.5872,0.346,179.58,0.17,0.45,-0.0,-0.0307,-0.0108,-0.0244,,,1.462,,,,,,
104.843,YAW_ALIGN,3.7702,-1.5907,0.344,179.2,0.15,0.45,-0.0,-0.0244,-0.0148,-0.0275,,,1.462,,,,,,
104.894,YAW_ALIGN,3.7687,-1.5922,0.342,178.92,0.15,0.51,-0.0,-0.0212,-0.0151,-0.0305,,,1.424,,,,,,
104.926,YAW_ALIGN,3.7645,-1.5949,0.342,178.77,0.12,0.37,-0.0,-0.0232,-0.0176,-0.0298,,,1.424,,,,,,
104.962,YAW_ALIGN,3.7596,-1.5995,0.341,178.69,0.12,0.32,-0.0,-0.0272,-0.0235,-0.0243,,,,,,,,,
105.022,YAW_ALIGN,3.7608,-1.602,0.339,178.67,0.21,0.34,-0.0,-0.0199,-0.0248,-0.0208,,,,,,,,,
105.151,RET_WAYPOINT,3.76,-1.6067,0.343,178.69,0.24,0.39,-0.0,-0.0171,-0.0293,-0.0233,,,1.413,,,2.62,-1.62,2.64,-1.6
105.211,RET_WAYPOINT,3.7616,-1.6096,0.339,178.78,0.34,0.37,0.0,-0.0093,-0.0297,-0.0078,,,1.413,,,2.62,-1.62,2.64,-1.6
105.232,RET_WAYPOINT,3.7647,-1.6121,0.335,178.84,0.31,0.25,0.0,-0.0004,-0.029,-0.0168,,,1.397,,,2.62,-1.62,2.64,-1.6
105.267,RET_WAYPOINT,3.7589,-1.6136,0.336,178.97,0.23,0.09,0.0,-0.0095,-0.0268,-0.0219,,,1.397,,,2.62,-1.62,2.64,-1.6
105.305,RET_WAYPOINT,3.7562,-1.6176,0.334,179.11,0.11,-0.0,-0.0,-0.0133,-0.0303,-0.0122,,,1.412,,,2.62,-1.62,2.64,-1.6
105.339,RET_WAYPOINT,3.7616,-1.6198,0.333,179.23,0.2,-1.87,-0.0,-0.0073,-0.0305,-0.0127,,,1.412,,,2.62,-1.62,2.64,-1.6
105.358,RET_WAYPOINT,3.762,-1.6226,0.334,179.31,0.26,-3.4,-0.0,-0.0265,-0.031,-0.0155,,,,,,2.62,-1.62,2.64,-1.6
105.415,RET_WAYPOINT,3.759,-1.6242,0.333,179.39,0.3,-4.36,-0.0,-0.0611,-0.0281,-0.0104,,,,,,2.62,-1.62,2.64,-1.6
105.474,RET_WAYPOINT,3.7547,-1.6286,0.333,179.39,0.24,-4.82,-0.0,-0.1003,-0.0309,-0.0138,,,1.386,,,2.62,-1.62,2.64,-1.6
105.511,RET_WAYPOINT,3.7453,-1.6297,0.335,179.35,0.26,-4.93,-0.0,-0.1492,-0.0275,-0.0117,,,1.386,,,2.62,-1.62,2.64,-1.6
105.584,RET_WAYPOINT,3.734,-1.6322,0.335,179.27,0.34,-4.56,-0.0,-0.1954,-0.0266,-0.0074,,,1.376,,,2.62,-1.62,2.64,-1.6
105.619,RET_WAYPOINT,3.7141,-1.6355,0.333,179.1,0.41,-3.95,-0.0,-0.2494,-0.0258,-0.008,,,1.376,,,2.62,-1.62,2.64,-1.6
105.664,RET_WAYPOINT,3.6971,-1.6378,0.332,178.95,0.5,-3.09,-0.0,-0.287,-0.0232,-0.0124,,,1.341,,,2.62,-1.62,2.64,-1.6
105.734,RET_WAYPOINT,3.6816,-1.6404,0.329,178.77,0.45,-2.23,-0.0,-0.3114,-0.0206,-0.0109,,,1.341,,,2.62,-1.62,2.64,-1.6
105.768,RET_WAYPOINT,3.6653,-1.6434,0.326,178.57,0.56,-1.48,-0.0,-0.3283,-0.0195,-0.0175,,,1.287,,,2.62,-1.62,2.64,-1.6
105.827,RET_WAYPOINT,3.6491,-1.6467,0.325,178.4,0.64,-0.72,-0.0,-0.337,-0.0181,-0.0196,,,1.287,,,2.62,-1.62,2.64,-1.6
105.879,RET_WAYPOINT,3.6325,-1.6475,0.329,178.27,0.77,-0.14,-0.0,-0.3401,-0.012,-0.0157,,,,,,2.62,-1.62,2.64,-1.6
105.929,RET_WAYPOINT,3.617,-1.6463,0.33,178.19,0.82,0.34,-0.0,-0.3367,-0.0021,-0.0025,,,,,,2.62,-1.62,2.64,-1.6
105.959,RET_WAYPOINT,3.6022,-1.6487,0.334,178.15,0.75,0.67,-0.0,-0.3278,-0.0001,-0.0008,,,,,,2.62,-1.62,2.64,-1.6
106.024,RET_WAYPOINT,3.5887,-1.6492,0.343,178.12,0.78,0.86,-0.0,-0.3151,0.0044,0.0088,,,,,,2.62,-1.62,2.64,-1.6
106.08,RET_WAYPOINT,3.5762,-1.6491,0.354,178.13,0.78,0.88,-0.0,-0.3003,0.0096,0.0246,,,1.141,,,2.62,-1.62,2.64,-1.6
106.127,RET_WAYPOINT,3.5639,-1.6473,0.358,178.14,0.73,0.89,-0.0,-0.2867,0.0177,0.0381,,,1.141,,,2.62,-1.62,2.64,-1.6
106.157,RET_WAYPOINT,3.5506,-1.6466,0.365,178.22,0.73,0.68,-0.0,-0.2775,0.0223,0.0282,,,1.108,,,2.62,-1.62,2.64,-1.6
106.227,RET_WAYPOINT,3.5338,-1.6455,0.382,178.26,0.52,0.57,-0.0,-0.2796,0.0275,0.0289,,,1.108,,,2.62,-1.62,2.64,-1.6
106.271,RET_WAYPOINT,3.5235,-1.6438,0.388,178.3,0.43,0.22,-0.0,-0.2673,0.0311,0.0414,,,1.071,,,2.62,-1.62,2.64,-1.6
106.327,RET_WAYPOINT,3.5082,-1.6411,0.393,178.36,0.12,0.02,-0.0,-0.2709,0.0367,0.0289,,,1.071,,,2.62,-1.62,2.64,-1.6
106.4,RET_WAYPOINT,3.4966,-1.6402,0.386,178.52,0.13,0.0,-0.0,-0.2661,0.035,0.0107,,,1.051,,,2.62,-1.62,2.64,-1.6
106.44,RET_WAYPOINT,3.4843,-1.64,0.372,178.79,0.11,-0.11,-0.0,-0.2643,0.0316,-0.0308,1.053,,1.051,,,2.62,-1.62,2.64,-1.6
106.512,RET_WAYPOINT,3.4739,-1.6395,0.358,179.16,-0.03,-0.2,-0.0,-0.2587,0.0289,-0.0825,1.053,,1.038,,,2.62,-1.62,2.64,-1.6
106.545,RET_WAYPOINT,3.46,-1.6376,0.344,179.43,-0.11,-0.06,-0.0,-0.2622,0.0292,-0.1095,,,1.038,,,2.62,-1.62,2.64,-1.6
106.583,RET_WAYPOINT,3.4491,-1.6361,0.333,179.39,0.09,-0.04,-0.0,-0.2579,0.0287,-0.1254,,,1.03,,,2.62,-1.62,2.64,-1.6
106.631,RET_WAYPOINT,3.4376,-1.6332,0.319,179.1,0.09,-0.02,-0.0,-0.2539,0.0328,-0.1236,,,1.03,,,2.62,-1.62,2.64,-1.6
106.66,RET_WAYPOINT,3.4264,-1.631,0.311,178.9,0.47,-0.35,-0.0,-0.2518,0.0366,-0.1362,,,1.021,,,2.62,-1.62,2.64,-1.6
106.727,RET_WAYPOINT,3.4155,-1.6278,0.3,178.66,0.36,-0.48,-0.0,-0.2512,0.0447,-0.1229,,,1.021,,,2.62,-1.62,2.64,-1.6
106.778,RET_WAYPOINT,3.4058,-1.6217,0.294,178.36,-0.06,-0.58,-0.0,-0.248,0.0568,-0.1266,,,1.011,,,2.62,-1.62,2.64,-1.6
106.822,RET_WAYPOINT,3.3944,-1.6168,0.285,178.1,-0.37,-0.99,-0.0,-0.2513,0.0607,-0.1143,0.676,,1.011,,,2.62,-1.62,2.64,-1.6
106.857,RET_WAYPOINT,3.3836,-1.6133,0.279,177.91,-0.73,-1.0,-0.0,-0.256,0.0575,-0.1011,0.676,,1.006,,,2.62,-1.62,2.64,-1.6
106.917,RET_WAYPOINT,3.3735,-1.6066,0.28,177.58,-0.71,-0.85,-0.0,-0.2564,0.0614,-0.0685,0.619,,1.006,,,2.62,-1.62,2.64,-1.6
106.973,RET_WAYPOINT,3.3627,-1.6028,0.275,177.26,-0.7,-1.26,-0.0,-0.2596,0.0588,-0.041,0.619,,1.013,,,2.62,-1.62,2.64,-1.6
107.047,RET_WAYPOINT,3.3524,-1.5979,0.274,176.88,-1.32,-0.72,-0.0,-0.2613,0.0572,-0.0232,0.569,,1.013,,,2.62,-1.62,2.64,-1.6
107.096,RET_WAYPOINT,3.3395,-1.5929,0.274,176.5,-1.52,0.0,-0.0,-0.2645,0.0511,0.0029,0.569,,1.016,,,2.62,-1.62,2.64,-1.6
107.132,RET_WAYPOINT,3.3264,-1.5888,0.278,176.18,-1.28,-0.04,-0.0,-0.2644,0.0437,0.0248,0.519,,1.016,,,2.62,-1.62,2.64,-1.6
107.173,RET_WAYPOINT,3.3148,-1.5864,0.279,175.74,-1.22,-0.26,-0.0,-0.2615,0.0349,0.0424,0.519,,1.021,,,2.62,-1.62,2.64,-1.6
107.244,RET_WAYPOINT,3.3028,-1.5843,0.282,175.49,-1.14,-0.62,-0.0,-0.2626,0.0275,0.05,0.483,,1.021,,,2.62,-1.62,2.64,-1.6
107.297,RET_WAYPOINT,3.2899,-1.5829,0.286,175.34,-1.6,-0.56,-0.0,-0.2672,0.0175,0.0608,0.483,,1.036,,,2.62,-1.62,2.64,-1.6
107.312,RET_WAYPOINT,3.2775,-1.5808,0.292,175.24,-1.49,-0.96,-0.0,-0.2707,0.0092,0.0698,0.452,,1.036,,,2.62,-1.62,2.64,-1.6
107.403,RET_WAYPOINT,3.2627,-1.5805,0.294,175.19,-1.18,-1.4,-0.0,-0.285,-0.0014,0.0768,0.452,,1.05,,,2.62,-1.62,2.64,-1.6
107.42,RET_WAYPOINT,3.2491,-1.581,0.297,175.22,-1.1,-1.47,-0.0,-0.2946,-0.0103,0.0665,0.425,,1.05,,,2.62,-1.62,2.64,-1.6
107.457,RET_WAYPOINT,3.2349,-1.5816,0.298,175.57,-1.22,-1.19,-0.0,-0.3044,-0.0178,0.0625,0.425,,1.069,,,2.62,-1.62,2.64,-1.6
107.519,RET_WAYPOINT,3.2201,-1.5817,0.3,176.03,-1.01,-1.21,-0.0,-0.3125,-0.0239,0.052,0.412,,1.069,,,2.62,-1.62,2.64,-1.6
107.587,RET_WAYPOINT,3.2042,-1.583,0.305,176.56,-1.08,-0.9,-0.0,-0.3224,-0.0317,0.0535,0.412,,1.068,,,2.62,-1.62,2.64,-1.6
107.623,RET_WAYPOINT,3.1877,-1.5842,0.31,177.03,-0.81,-0.68,-0.0,-0.3302,-0.0382,0.0551,0.398,,1.068,,,2.62,-1.62,2.64,-1.6
107.685,RET_WAYPOINT,3.168,-1.5858,0.312,177.58,-0.4,-0.68,-0.0,-0.3465,-0.0435,0.0501,0.398,,1.081,,,2.62,-1.62,2.64,-1.6
107.736,RET_WAYPOINT,3.1516,-1.5887,0.279,178.06,-0.09,-0.27,-0.0,-0.3482,-0.0472,0.0403,0.391,,1.081,,,2.62,-1.62,2.64,-1.6
107.78,RET_WAYPOINT,3.1336,-1.5919,0.219,178.5,0.08,-0.15,-0.0,-0.3518,-0.0491,-0.0382,0.391,,1.102,,,2.62,-1.62,2.64,-1.6
107.812,RET_WAYPOINT,3.1174,-1.5938,0.193,178.8,0.11,0.16,-0.0,-0.3463,-0.044,-0.1533,0.418,,1.102,,,2.62,-1.62,2.64,-1.6
107.877,RET_WAYPOINT,3.1017,-1.5952,0.2,179.26,0.18,0.4,-0.0,-0.3372,-0.0385,-0.1366,0.418,,1.117,0.248,,2.62,-1.62,2.64,-1.6
107.93,RET_WAYPOINT,3.0837,-1.5963,0.222,179.84,0.42,0.38,-0.0,-0.337,-0.0318,-0.0573,,,1.117,0.248,,2.62,-1.62,2.64,-1.6
107.973,RET_WAYPOINT,3.0685,-1.5963,0.24,-179.53,0.48,0.2,-0.0,-0.3295,-0.0235,0.0443,,,,0.219,,2.62,-1.62,2.64,-1.6
108.011,RET_WAYPOINT,3.051,-1.5962,0.278,-178.85,0.17,0.12,-0.0,-0.331,-0.0169,0.1108,1.563,,,0.219,,2.62,-1.62,2.64,-1.6
108.056,RET_WAYPOINT,3.0342,-1.5963,0.312,-178.21,-0.01,0.13,-0.0,-0.3302,-0.0147,0.2034,1.563,,,0.2,,2.62,-1.62,2.64,-1.6
108.123,RET_WAYPOINT,3.0156,-1.5966,0.357,-177.69,-0.42,0.08,-0.0,-0.3342,-0.015,0.2619,1.852,,,0.2,,2.62,-1.62,2.64,-1.6
108.169,RET_WAYPOINT,2.9956,-1.5965,0.403,-177.24,-0.86,0.42,-0.0,-0.3405,-0.0166,0.3146,1.852,,,0.173,,2.62,-1.62,2.64,-1.6
108.23,RET_WAYPOINT,2.9736,-1.5966,0.454,-176.9,-1.07,0.83,-0.0,-0.3487,-0.0191,0.3576,1.904,,,0.173,,2.62,-1.62,2.64,-1.6
108.297,RET_WAYPOINT,2.9541,-1.5984,0.467,-176.59,-0.74,0.7,-0.0,-0.3471,-0.0255,0.3652,1.904,,,0.146,,2.62,-1.62,2.64,-1.6
108.326,RET_WAYPOINT,2.9353,-1.6014,0.473,-176.2,-0.74,1.17,-0.0,-0.3461,-0.034,0.2708,1.927,,,0.146,,2.62,-1.62,2.64,-1.6
108.389,RET_WAYPOINT,2.9163,-1.6047,0.463,-175.81,-0.78,1.36,-0.0,-0.3437,-0.0425,0.1537,1.927,,1.507,0.129,,2.62,-1.62,2.64,-1.6
108.444,RET_WAYPOINT,2.8975,-1.6085,0.444,-175.33,-0.55,1.11,-0.0,-0.3408,-0.0517,0.0174,1.929,,1.507,0.129,,2.62,-1.62,2.64,-1.6
108.459,RET_WAYPOINT,2.8779,-1.6129,0.424,-174.87,-0.01,0.88,-0.0,-0.3421,-0.0592,-0.1004,1.929,,,0.124,,2.62,-1.62,2.64,-1.6
108.528,RET_WAYPOINT,2.858,-1.6183,0.405,-174.4,0.18,0.88,-0.0,-0.3428,-0.0646,-0.1777,1.889,,,0.124,,2.62,-1.62,2.64,-1.6
108.563,RET_WAYPOINT,2.8414,-1.6243,0.386,-173.93,0.25,0.55,-0.0,-0.3368,-0.0697,-0.2184,1.889,,,0.099,,2.62,-1.62,2.64,-1.6
108.632,RET_WAYPOINT,2.8224,-1.6306,0.364,-173.55,0.55,0.48,-0.0,-0.3382,-0.073,-0.2463,1.849,,,0.099,,2.62,-1.62,2.64,-1.6
108.67,RET_WAYPOINT,2.8024,-1.638,0.354,-173.28,0.49,0.47,-0.0,-0.3422,-0.0778,-0.2666,1.849,,,0.087,,2.62,-1.62,2.64,-1.6
108.706,RET_WAYPOINT,2.7832,-1.6453,0.336,-173.07,0.71,0.65,-0.0,-0.3431,-0.0802,-0.2355,1.821,,,0.087,,2.62,-1.62,2.64,-1.6
108.775,RET_WAYPOINT,2.7617,-1.6552,0.325,-173.06,0.72,0.56,-0.0,-0.3494,-0.0878,-0.2341,1.821,,,0.154,,2.62,-1.62,2.64,-1.6
108.813,RET_WAYPOINT,2.741,-1.6634,0.313,-173.29,0.99,0.75,-0.0,-0.353,-0.0892,-0.2096,1.779,,,0.154,,2.62,-1.62,2.64,-1.6
108.913,RET_WAYPOINT,2.7228,-1.671,0.307,-173.82,1.54,1.05,-0.0,-0.3484,-0.0854,-0.1917,1.779,,2.73,0.218,,2.62,-1.62,2.64,-1.6
108.96,RET_WAYPOINT,2.7039,-1.6785,0.294,-174.54,2.08,1.36,-0.0,-0.3433,-0.0768,-0.1572,1.758,,2.73,0.218,,2.62,-1.62,2.64,-1.6
108.99,RET_WAYPOINT,2.6854,-1.6852,0.289,-175.38,2.84,1.63,-0.0,-0.3357,-0.0619,-0.1494,1.758,,2.853,0.278,,2.62,-1.62,2.64,-1.6
109.012,RET_WAYPOINT,2.6649,-1.6913,0.284,-176.25,3.09,1.67,-0.0,-0.3312,-0.0421,-0.1157,1.71,,2.853,0.278,,2.62,-1.62,2.64,-1.6
109.071,RET_WAYPOINT,2.6492,-1.6954,0.278,-177.1,3.43,1.73,-0.0,-0.317,-0.0187,-0.0949,1.71,,,0.313,,2.62,-1.62,2.64,-1.6
109.143,RET_WAYPOINT,2.6324,-1.6986,0.276,-177.96,3.81,1.71,-0.0,-0.3061,0.0073,-0.0716,1.624,,,0.313,,2.62,-1.62,2.64,-1.6
109.164,RET_WAYPOINT,2.619,-1.6996,0.272,-178.69,4.04,1.5,-0.0,-0.29,0.0377,-0.0436,1.624,,,0.346,,2.62,-1.62,2.64,-1.6
109.227,RET_WAYPOINT,2.605,-1.6995,0.271,-179.44,4.35,2.49,-0.0,-0.2745,0.0687,-0.0298,1.557,,,0.346,,2.62,-1.62,2.64,-1.6
109.263,RET_WAYPOINT,2.5917,-1.6976,0.276,179.94,4.5,3.17,-0.0,-0.2504,0.1022,-0.0114,1.557,,,0.358,,2.62,-1.62,2.64,-1.6
109.323,RET_WAYPOINT,2.5764,-1.6914,0.278,179.32,4.43,3.77,-0.0,-0.2265,0.1422,0.0139,1.508,,,0.358,,2.62,-1.62,2.64,-1.6
109.387,RET_WAYPOINT,2.5671,-1.6857,0.277,178.98,4.23,4.25,-0.0,-0.1908,0.1735,0.0245,1.508,,1.087,0.365,,2.62,-1.62,2.64,-1.6
109.406,RET_WAYPOINT,2.558,-1.6772,0.278,178.74,3.67,4.81,-0.0,-0.153,0.2048,0.0224,1.483,,1.087,0.365,,2.62,-1.62,2.64,-1.6
109.496,RET_WAYPOINT,2.5526,-1.6655,0.278,178.75,2.94,5.11,-0.0,-0.1067,0.2351,0.0261,1.483,,1.071,0.364,,2.62,-1.62,2.64,-1.6
109.517,RET_WAYPOINT,2.5502,-1.6557,0.284,178.93,2.05,5.21,-0.0,-0.0605,0.2503,0.0199,1.458,,1.071,0.364,,2.62,-1.62,2.64,-1.6
109.562,RET_WAYPOINT,2.5473,-1.6398,0.276,179.02,0.9,5.45,-0.0,-0.0148,0.2706,0.03,1.458,,1.066,0.352,,2.62,-1.62,2.64,-1.6
109.649,RET_WAYPOINT,2.5484,-1.6277,0.277,179.26,-0.26,5.44,-0.0,0.032,0.2698,0.0063,1.449,,1.066,0.352,,2.62,-1.62,2.64,-1.6
109.655,RET_WAYPOINT,2.5511,-1.617,0.279,179.52,-1.12,5.1,-0.0,0.0773,0.2576,0.0137,1.449,0.844,1.085,0.334,,2.62,-1.62,2.64,-1.6
109.743,RET_WAYPOINT,2.5538,-1.6051,0.279,179.63,-2.11,4.53,-0.0,0.1143,0.2422,0.0181,1.41,0.844,1.085,0.334,,2.62,-1.62,2.64,-1.6
109.771,RET_WAYPOINT,2.559,-1.5965,0.282,179.83,-2.72,3.82,-0.0,0.1453,0.2144,0.0163,1.41,,1.125,0.309,,2.62,-1.62,2.64,-1.6
109.842,RET_WAYPOINT,2.5651,-1.5878,0.284,179.98,-3.08,3.09,-0.0,0.1692,0.1855,0.0246,,,1.125,0.309,,2.62,-1.62,2.64,-1.6
109.871,RET_WAYPOINT,2.574,-1.5802,0.288,-179.97,-3.44,2.24,-0.0,0.1915,0.156,0.0251,,,1.154,0.288,,2.62,-1.62,2.64,-1.6
109.937,RET_WAYPOINT,2.5826,-1.5745,0.291,-179.96,-3.93,1.44,-0.0,0.2036,0.1217,0.0317,,,1.154,0.288,,2.62,-1.62,2.64,-1.6
109.986,RET_WAYPOINT,2.5908,-1.5713,0.292,-179.98,-4.35,0.33,-0.0,0.204,0.0818,0.0319,,,1.167,0.268,,2.62,-1.62,2.64,-1.6
110.005,RET_WAYPOINT,2.5993,-1.5703,0.293,-179.98,-4.52,-0.39,-0.0,0.1981,0.0392,0.0265,0.672,,1.167,0.268,,2.62,-1.62,2.64,-1.6
110.078,RET_WAYPOINT,2.6063,-1.5711,0.291,-179.93,-4.32,-1.01,-0.0,0.1825,-0.0031,0.0239,0.672,,,0.256,,2.62,-1.62,2.64,-1.6
110.113,RET_WAYPOINT,2.6117,-1.5721,0.29,-179.84,-4.04,-1.58,-0.0,0.1595,-0.0391,0.0149,0.673,,,0.256,,2.62,-1.62,2.64,-1.6
110.205,RET_WAYPOINT,2.6161,-1.5772,0.293,-179.66,-3.79,-2.1,-0.0,0.1332,-0.079,0.0129,0.673,,1.189,0.252,,2.62,-1.62,2.64,-1.6
110.219,RET_WAYPOINT,2.6195,-1.5819,0.291,-179.27,-3.14,-2.37,-0.0,0.1038,-0.11,0.0187,0.846,,1.189,0.252,,2.62,-1.62,2.64,-1.6
110.262,RET_WAYPOINT,2.6209,-1.5881,0.296,-178.81,-2.56,-2.45,-0.0,0.0723,-0.1353,0.011,0.846,,1.182,0.262,,2.62,-1.62,2.64,-1.6
110.322,RET_WAYPOINT,2.6202,-1.5956,0.293,-178.34,-1.61,-1.84,-0.0,0.0399,-0.1558,0.0207,1.393,,1.182,0.262,,2.62,-1.62,2.64,-1.6
110.392,ROTATION_SCAN,2.6189,-1.6026,0.298,-177.92,-0.45,-1.21,-0.0,0.0159,-0.1629,0.0048,1.393,,1.183,0.28,,,,2.64,-1.6
110.449,ROTATION_SCAN,2.615,-1.6109,0.298,-177.54,0.48,-0.91,-0.0,-0.0083,-0.1644,0.0167,1.462,,1.183,0.28,,,,2.64,-1.6
110.513,ROTATION_SCAN,2.6115,-1.6175,0.299,-177.09,1.63,-0.4,-0.0,-0.0249,-0.1538,0.0123,1.462,,1.182,0.299,,,,2.64,-1.6
110.538,ROTATION_SCAN,2.6074,-1.6223,0.299,-176.7,2.37,0.1,15.0,-0.0373,-0.1306,0.013,1.492,,1.182,0.299,,,,2.64,-1.6
110.592,ROTATION_SCAN,2.6031,-1.6269,0.299,-176.38,2.73,0.54,15.0,-0.0445,-0.106,0.0084,1.492,,1.179,0.324,,,,2.64,-1.6
110.63,ROTATION_SCAN,2.5979,-1.6295,0.297,-176.01,2.94,1.06,15.0,-0.0491,-0.0759,0.0065,1.489,,1.179,0.324,,,,2.64,-1.6
110.669,ROTATION_SCAN,2.5915,-1.6317,0.296,-175.63,2.68,1.24,15.0,-0.0523,-0.0488,0.0019,1.489,,1.172,0.34,,,,2.64,-1.6
110.708,ROTATION_SCAN,2.5853,-1.6317,0.296,-175.2,2.77,1.36,15.0,-0.0538,-0.0203,-0.0051,1.484,,1.172,0.34,,,,2.64,-1.6
110.772,ROTATION_SCAN,2.5804,-1.6311,0.299,-174.8,2.39,1.68,15.0,-0.0497,0.0059,-0.0059,1.484,,1.173,0.353,,,,2.64,-1.6
110.825,ROTATION_SCAN,2.575,-1.6277,0.299,-174.47,1.73,1.97,15.0,-0.0442,0.0323,0.0026,1.491,,1.173,0.353,,,,2.64,-1.6
110.866,ROTATION_SCAN,2.5709,-1.6244,0.299,-174.19,0.86,2.05,15.0,-0.034,0.0487,0.0043,1.491,,,0.367,,,,2.64,-1.6
110.906,ROTATION_SCAN,2.5677,-1.6196,0.299,-173.76,0.33,1.93,15.0,-0.0224,0.0617,0.001,1.492,,,0.367,,,,2.64,-1.6
110.978,ROTATION_SCAN,2.5653,-1.6135,0.297,-173.14,-0.25,2.03,15.0,-0.01,0.071,0.002,1.492,,1.195,0.379,,,,2.64,-1.6
111.015,ROTATION_SCAN,2.5631,-1.6085,0.299,-172.38,-0.78,2.17,15.0,0.0036,0.0737,0.0004,1.51,,1.195,0.379,,,,2.64,-1.6
111.065,ROTATION_SCAN,2.5611,-1.6043,0.298,-171.61,-1.37,1.89,15.0,0.0161,0.0688,0.0088,1.51,,,,,,,2.64,-1.6
111.139,ROTATION_SCAN,2.561,-1.6002,0.299,-170.81,-1.44,1.95,15.0,0.031,0.0616,0.0056,1.558,,,,,,,2.64,-1.6
111.2,ROTATION_SCAN,2.5618,-1.5965,0.299,-170.04,-1.37,1.8,15.0,0.0462,0.0542,0.007,1.558,,,,,,,2.64,-1.6
111.208,ROTATION_SCAN,2.5621,-1.5939,0.299,-169.19,-1.45,1.34,15.0,0.0565,0.0455,0.0057,1.603,,,,,,,2.64,-1.6
111.32,ROTATION_SCAN,2.5645,-1.5906,0.299,-168.35,-1.38,0.95,15.0,0.0673,0.0381,0.0054,1.603,0.264,,,,,,2.64,-1.6
111.332,ROTATION_SCAN,2.5668,-1.5898,0.299,-167.54,-1.22,0.76,15.0,0.0738,0.0267,0.0023,1.654,0.264,,,,,,2.64,-1.6
111.374,ROTATION_SCAN,2.5703,-1.5891,0.299,-166.8,-0.99,0.7,15.0,0.0808,0.0179,-0.0008,1.654,0.239,2.795,,,,,2.64,-1.6
111.459,ROTATION_SCAN,2.5727,-1.5885,0.3,-166.06,-0.76,0.47,15.0,0.0829,0.0112,0.0007,1.658,0.239,2.795,,,,,2.64,-1.6
111.509,ROTATION_SCAN,2.5736,-1.59,0.302,-165.37,-0.35,0.38,15.0,0.0801,0.0029,-0.0006,1.658,0.231,2.826,,,,,2.64,-1.6
111.517,ROTATION_SCAN,2.5768,-1.5912,0.301,-164.64,-0.35,0.37,15.0,0.0817,-0.0018,0.0019,1.647,0.231,2.826,,,,,2.64,-1.6
111.561,ROTATION_SCAN,2.5786,-1.5908,0.298,-163.82,-0.25,0.31,15.0,0.0796,-0.0027,-0.001,1.647,0.225,,,,,,2.64,-1.6
111.622,ROTATION_SCAN,2.5808,-1.5921,0.299,-162.92,-0.31,0.27,15.0,0.0785,-0.0066,-0.0054,1.568,0.225,,,,,,2.64,-1.6
111.697,ROTATION_SCAN,2.5831,-1.5949,0.301,-162.05,-0.08,0.28,15.0,0.0776,-0.0132,0.0026,1.568,0.218,,,,,,2.64,-1.6
111.753,ROTATION_SCAN,2.5863,-1.597,0.302,-161.22,0.06,0.31,15.0,0.0784,-0.0156,0.0085,1.417,0.218,,,,,,2.64,-1.6
111.774,ROTATION_SCAN,2.5881,-1.597,0.302,-160.44,0.17,0.2,15.0,0.0755,-0.0122,0.0081,1.417,0.224,,,,,,2.64,-1.6
111.837,ROTATION_SCAN,2.5907,-1.5969,0.302,-159.65,0.1,-0.03,15.0,0.0733,-0.0093,0.0106,1.344,0.224,,,,,,2.64,-1.6
111.862,ROTATION_SCAN,2.5943,-1.5974,0.302,-158.92,0.39,-0.01,15.0,0.0724,-0.0077,0.0069,1.344,0.217,1.771,,,,,2.64,-1.6
111.921,ROTATION_SCAN,2.594,-1.5975,0.299,-158.28,0.6,0.02,15.0,0.0625,-0.0035,0.0035,1.31,0.217,1.771,,,,,2.64,-1.6
112.019,ROTATION_SCAN,2.5955,-1.5962,0.299,-157.71,0.6,0.25,15.0,0.058,0.0044,-0.0063,1.31,0.207,1.715,,,,,2.64,-1.6
112.05,ROTATION_SCAN,2.593,-1.5915,0.301,-157.22,0.52,0.23,15.0,0.0465,0.019,-0.0038,1.301,0.207,1.715,,,,,2.64,-1.6
112.059,ROTATION_SCAN,2.5911,-1.5898,0.301,-156.72,0.51,0.36,15.0,0.0386,0.0251,-0.0026,1.301,0.203,1.66,,,,,2.64,-1.6
112.118,ROTATION_SCAN,2.5839,-1.5902,0.3,-156.26,0.27,0.35,15.0,0.022,0.0261,-0.0015,1.291,0.203,1.66,,,,,2.64,-1.6
112.178,ROTATION_SCAN,2.5796,-1.5823,0.301,-155.79,-0.04,0.42,15.0,0.0134,0.0414,-0.0075,1.291,0.207,1.609,,,,,2.64,-1.6
112.221,ROTATION_SCAN,2.5785,-1.5794,0.304,-155.29,-0.62,0.59,15.0,0.0144,0.0428,-0.005,1.276,0.207,1.609,,,,,2.64,-1.6
112.343,ROTATION_SCAN,2.5744,-1.5762,0.302,-154.7,-0.91,0.52,15.0,0.0112,0.0412,0.003,1.276,0.206,1.572,,,,,2.64,-1.6
112.365,ROTATION_SCAN,2.572,-1.5729,0.303,-153.89,-1.13,0.54,15.0,0.0126,0.0383,0.0002,1.259,0.206,1.572,,,,,2.64,-1.6
112.397,ROTATION_SCAN,2.569,-1.5725,0.302,-152.97,-1.38,0.53,15.0,0.0142,0.0284,0.0033,1.259,0.206,1.495,,,,,2.64,-1.6
112.436,ROTATION_SCAN,2.5662,-1.5708,0.303,-151.96,-1.61,0.44,15.0,0.0164,0.0203,0.0023,1.233,0.206,1.495,,,,,2.64,-1.6
112.471,ROTATION_SCAN,2.5636,-1.5689,0.302,-150.92,-1.88,0.45,15.0,0.0197,0.011,0.007,1.233,0.205,,,,,,2.64,-1.6
112.505,ROTATION_SCAN,2.5623,-1.5707,0.302,-149.91,-1.79,0.7,15.0,0.0264,-0.0049,0.0048,1.234,0.205,,,,,,2.64,-1.6
112.577,ROTATION_SCAN,2.5631,-1.5729,0.302,-149.01,-1.45,0.93,15.0,0.0378,-0.0169,0.0046,1.234,0.206,1.334,,,,,2.64,-1.6
112.623,ROTATION_SCAN,2.5635,-1.5786,0.3,-148.18,-1.31,0.96,15.0,0.0472,-0.0324,0.0036,1.245,0.206,1.334,,,,,2.64,-1.6
112.672,ROTATION_SCAN,2.5645,-1.5827,0.301,-147.4,-1.06,0.86,15.0,0.0562,-0.0417,0.0007,1.245,0.205,1.28,,,,,2.64,-1.6
112.708,ROTATION_SCAN,2.5669,-1.5869,0.3,-146.56,-0.72,0.82,15.0,0.0655,-0.0483,0.0045,1.258,0.205,1.28,,,,,2.64,-1.6
112.773,ROTATION_SCAN,2.5725,-1.5907,0.303,-145.67,-0.55,0.72,15.0,0.0783,-0.0518,0.0018,1.258,0.202,1.245,,,,,2.64,-1.6
112.832,ROTATION_SCAN,2.5764,-1.5955,0.304,-144.76,-0.25,0.59,15.0,0.0847,-0.0565,0.0076,1.307,0.202,1.245,,,,,2.64,-1.6
112.869,ROTATION_SCAN,2.5794,-1.5997,0.303,-143.81,-0.02,0.49,15.0,0.0865,-0.057,0.009,1.307,0.201,1.218,,,,,2.64,-1.6
112.909,ROTATION_SCAN,2.5849,-1.6037,0.305,-142.98,0.18,0.46,15.0,0.0919,-0.057,0.0082,,0.201,1.218,,,,,2.64,-1.6
112.969,ROTATION_SCAN,2.5884,-1.6055,0.304,-142.2,0.21,0.31,15.0,0.0909,-0.0513,0.011,,0.199,1.201,,,,,2.64,-1.6
113.017,ROTATION_SCAN,2.5905,-1.6081,0.302,-141.44,0.46,0.33,15.0,0.0861,-0.0484,0.0031,,0.199,1.201,,,,,2.64,-1.6
113.078,ROTATION_SCAN,2.5949,-1.6123,0.303,-140.79,0.83,0.28,15.0,0.0853,-0.0465,-0.0085,,0.195,1.186,,,,,2.64,-1.6
113.131,ROTATION_SCAN,2.5978,-1.6148,0.307,-140.24,0.92,-0.04,15.0,0.0787,-0.0405,-0.0011,,0.195,1.186,,,,,2.64,-1.6
113.219,ROTATION_SCAN,2.6011,-1.619,0.306,-139.64,0.92,-0.16,15.0,0.0716,-0.0403,0.0067,,0.195,1.176,,,,,2.64,-1.6
113.25,ROTATION_SCAN,2.603,-1.621,0.304,-139.03,1.21,0.02,15.0,0.0617,-0.0347,-0.0013,,0.195,1.176,,,,,2.64,-1.6
113.267,ROTATION_SCAN,2.6036,-1.6253,0.304,-138.51,1.36,0.18,15.0,0.0505,-0.0326,-0.0083,,0.195,1.184,,,,,2.64,-1.6
113.32,ROTATION_SCAN,2.6035,-1.629,0.303,-138.0,1.33,0.34,15.0,0.0386,-0.0278,-0.007,,0.195,1.184,,,,,2.64,-1.6
113.395,ROTATION_SCAN,2.6032,-1.6307,0.302,-137.47,1.31,0.56,15.0,0.0291,-0.0184,-0.0153,,0.197,1.191,,,,,2.64,-1.6
113.431,ROTATION_SCAN,2.6006,-1.6333,0.304,-136.91,1.22,0.87,15.0,0.0169,-0.011,-0.022,,0.197,1.191,,,,,2.64,-1.6
113.455,ROTATION_SCAN,2.5994,-1.635,0.298,-136.39,1.15,1.12,15.0,0.0113,-0.0016,-0.0151,,0.201,1.207,,,,,2.64,-1.6
113.559,ROTATION_SCAN,2.5979,-1.6362,0.299,-135.91,1.02,1.44,15.0,0.0078,0.0089,-0.0321,0.74,0.201,1.207,,,,,2.64,-1.6
113.575,ROTATION_SCAN,2.596,-1.636,0.299,-135.48,0.71,1.49,15.0,0.0057,0.022,-0.0164,0.74,0.202,1.217,,,,,2.64,-1.6
113.614,ROTATION_SCAN,2.5939,-1.6355,0.298,-135.02,0.38,1.58,15.0,0.0056,0.0327,-0.0171,0.73,0.202,1.217,,,,,2.64,-1.6
113.679,ROTATION_SCAN,2.5909,-1.6348,0.299,-134.53,0.01,1.52,15.0,0.0062,0.0407,-0.0158,0.73,0.205,1.227,,,,,2.64,-1.6
113.717,ROTATION_SCAN,2.5905,-1.6337,0.294,-133.92,-0.33,1.41,15.0,0.0137,0.0465,-0.009,0.722,0.205,1.227,,,,,2.64,-1.6
113.777,ROTATION_SCAN,2.5912,-1.6313,0.293,-133.28,-0.46,1.44,15.0,0.024,0.0527,-0.0226,0.722,0.204,,,,,,2.64,-1.6
113.834,ROTATION_SCAN,2.5916,-1.629,0.294,-132.6,-0.54,1.25,15.0,0.033,0.0576,-0.0179,0.718,0.204,,,,,,2.64,-1.6
113.892,ROTATION_SCAN,2.594,-1.6271,0.298,-131.78,-0.62,0.83,15.0,0.044,0.0586,-0.0112,0.718,0.204,1.362,,,,,2.64,-1.6
113.911,ROTATION_SCAN,2.5967,-1.6244,0.295,-130.93,-0.55,0.3,15.0,0.0519,0.0581,0.0042,0.72,0.204,1.362,,,,,2.64,-1.6
114.014,ROTATION_SCAN,2.6001,-1.6244,0.296,-130.07,-0.43,0.1,15.0,0.0576,0.0497,-0.0083,0.72,0.199,,,,,,2.64,-1.6
114.023,ROTATION_SCAN,2.6056,-1.6261,0.293,-129.34,-0.12,-0.04,15.0,0.0656,0.0381,-0.0016,0.721,0.199,,,,,,2.64,-1.6
114.08,ROTATION_SCAN,2.6091,-1.6268,0.292,-128.59,0.14,-0.05,15.0,0.0659,0.0316,-0.0078,0.721,0.198,,,,,,2.64,-1.6
114.135,ROTATION_SCAN,2.6112,-1.6292,0.29,-127.77,0.27,-0.27,15.0,0.0612,0.0223,-0.0034,0.722,0.198,,,,,,2.64,-1.6
114.176,ROTATION_SCAN,2.613,-1.6319,0.293,-126.97,0.24,-0.17,15.0,0.0549,0.013,-0.0076,0.722,0.198,2.857,,,,,2.64,-1.6
114.205,ROTATION_SCAN,2.6152,-1.6348,0.294,-126.09,0.45,-0.29,15.0,0.0507,0.0048,0.009,0.73,0.198,2.857,,,,,2.64,-1.6
114.295,ROTATION_SCAN,2.616,-1.6383,0.293,-125.18,0.81,-0.49,15.0,0.0407,-0.004,0.0139,0.73,0.2,2.906,0.739,,,,2.64,-1.6
114.339,ROTATION_SCAN,2.6174,-1.6404,0.295,-124.35,1.08,-0.43,15.0,0.0308,-0.0074,0.0119,0.731,0.2,2.906,0.739,,,,2.64,-1.6
114.422,ROTATION_SCAN,2.6172,-1.644,0.295,-123.49,1.11,-0.29,15.0,0.018,-0.0124,0.0187,0.731,0.206,,0.683,,,,2.64,-1.6
114.459,ROTATION_SCAN,2.6135,-1.6467,0.294,-122.58,1.1,-0.04,15.0,-0.0011,-0.0134,0.0137,0.737,0.206,,0.683,,,,2.64,-1.6
114.466,ROTATION_SCAN,2.6107,-1.6501,0.295,-121.67,0.87,0.34,15.0,-0.0138,-0.0147,0.014,0.737,0.212,2.956,0.638,,,,2.64,-1.6
114.522,ROTATION_SCAN,2.6076,-1.6528,0.297,-120.78,0.72,0.76,15.0,-0.0229,-0.0124,0.0141,0.742,0.212,2.956,0.638,,,,2.64,-1.6
114.579,ROTATION_SCAN,2.6045,-1.6546,0.292,-119.85,0.41,1.04,15.0,-0.0277,-0.0064,0.0189,0.742,0.22,2.984,0.587,,,,2.64,-1.6
114.608,ROTATION_SCAN,2.6009,-1.6565,0.298,-118.88,0.22,1.17,15.0,-0.0313,-0.0013,0.0055,0.75,0.22,2.984,0.587,,,,2.64,-1.6
114.691,ROTATION_SCAN,2.5972,-1.6576,0.299,-117.89,0.04,1.38,15.0,-0.0323,0.0062,0.027,0.75,0.229,,0.541,,,,2.64,-1.6
114.72,ROTATION_SCAN,2.5949,-1.6588,0.299,-116.92,-0.09,1.4,15.0,-0.0285,0.0125,0.0251,0.759,0.229,,0.541,,,,2.64,-1.6
114.764,ROTATION_SCAN,2.5914,-1.6596,0.299,-115.98,-0.16,1.5,15.0,-0.0274,0.0189,0.0224,0.759,0.235,,0.518,,,,2.64,-1.6
114.823,ROTATION_SCAN,2.5902,-1.6613,0.301,-115.06,-0.1,1.58,15.0,-0.0207,0.0233,0.0202,0.769,0.235,,0.518,,,,2.64,-1.6
114.884,ROTATION_SCAN,2.5887,-1.6606,0.302,-114.1,-0.25,1.66,15.0,-0.015,0.0341,0.0179,0.769,0.245,3.099,0.503,,,,2.64,-1.6
114.934,ROTATION_SCAN,2.5869,-1.6578,0.306,-113.18,-0.4,1.51,15.0,-0.0101,0.0475,0.0182,0.784,0.245,3.099,0.503,,,,2.64,-1.6
114.971,ROTATION_SCAN,2.5869,-1.6546,0.302,-112.31,-0.47,1.49,15.0,-0.0009,0.0588,0.0215,0.784,0.246,,0.497,,,,2.64,-1.6
115.018,ROTATION_SCAN,2.5876,-1.6519,0.304,-111.48,-0.46,1.41,15.0,0.0085,0.0679,0.0079,0.795,0.246,,0.497,,,,2.64,-1.6
115.083,ROTATION_SCAN,2.5881,-1.6494,0.303,-110.66,-0.39,1.26,15.0,0.0159,0.0748,0.0114,0.795,0.245,,0.49,,,,2.64,-1.6
115.136,ROTATION_SCAN,2.5904,-1.647,0.306,-109.78,-0.34,1.04,15.0,0.0254,0.0794,0.0075,0.812,0.245,,0.49,,,,2.64,-1.6
115.173,ROTATION_SCAN,2.5935,-1.6429,0.303,-108.91,-0.34,0.79,15.0,0.0343,0.0861,0.012,0.812,0.245,,0.492,,,,2.64,-1.6
115.209,ROTATION_SCAN,2.5958,-1.6398,0.309,-108.08,-0.27,0.56,15.0,0.0396,0.0876,0.003,0.835,0.245,,0.492,,,,2.64,-1.6
115.284,ROTATION_SCAN,2.5993,-1.6374,0.308,-107.31,-0.16,0.17,15.0,0.0457,0.0858,0.0161,0.835,0.246,,0.491,,,,2.64,-1.6
115.326,ROTATION_SCAN,2.6019,-1.6369,0.308,-106.54,0.03,0.01,15.0,0.047,0.078,0.0092,0.856,0.246,,0.491,,,,2.64,-1.6
115.371,ROTATION_SCAN,2.6045,-1.6354,0.309,-105.87,0.11,-0.11,15.0,0.0467,0.0726,0.0097,0.856,0.246,,0.492,,,,2.64,-1.6
115.426,ROTATION_SCAN,2.6066,-1.6324,0.31,-105.24,0.32,-0.19,15.0,0.0445,0.0706,0.0109,0.876,0.246,,0.492,,,,2.64,-1.6
115.454,ROTATION_SCAN,2.6081,-1.633,0.309,-104.66,0.42,-0.28,15.0,0.0394,0.0603,0.0088,0.876,0.249,,0.495,,,,2.64,-1.6
115.523,ROTATION_SCAN,2.6093,-1.6318,0.309,-104.06,0.44,-0.17,15.0,0.0339,0.0555,0.0054,0.895,0.249,,0.495,,,,2.64,-1.6
115.555,ROTATION_SCAN,2.6116,-1.6322,0.313,-103.46,0.52,-0.05,15.0,0.0312,0.0485,0.002,0.895,0.247,,0.503,,,,2.64,-1.6
115.634,ROTATION_SCAN,2.6133,-1.6325,0.311,-102.94,0.54,0.16,15.0,0.0274,0.0437,0.0083,0.912,0.247,,0.503,,,,2.64,-1.6
115.663,ROTATION_SCAN,2.6143,-1.6337,0.311,-102.45,0.61,0.21,15.0,0.0225,0.0389,-0.0005,0.912,0.249,,0.509,,,,2.64,-1.6
115.709,ROTATION_SCAN,2.6122,-1.634,0.307,-101.95,0.5,0.18,15.0,0.0116,0.0367,-0.0008,0.921,0.249,,0.509,,,,2.64,-1.6
115.777,ROTATION_SCAN,2.6097,-1.6374,0.307,-101.43,0.44,0.43,15.0,0.0017,0.0284,-0.0116,0.921,0.257,,0.516,,,,2.64,-1.6
115.815,ROTATION_SCAN,2.6108,-1.6409,0.307,-100.84,0.28,0.46,15.0,0.0016,0.022,-0.0085,0.935,0.257,,0.516,,,,2.64,-1.6
115.885,ROTATION_SCAN,2.6084,-1.6419,0.307,-100.18,0.13,0.49,15.0,-0.0049,0.0216,-0.0069,0.935,0.264,,0.522,,,,2.64,-1.6
115.973,ROTATION_SCAN,2.6063,-1.6419,0.311,-99.45,-0.07,0.64,15.0,-0.0083,0.0244,-0.0052,0.952,0.264,,0.522,,,,2.64,-1.6
116.001,ROTATION_SCAN,2.6059,-1.6428,0.309,-98.69,-0.1,0.73,15.0,-0.0065,0.0256,0.005,0.952,0.27,,0.536,,,,2.64,-1.6
116.009,ROTATION_SCAN,2.6061,-1.6447,0.311,-97.85,-0.27,0.86,15.0,-0.0033,0.0255,-0.0021,0.975,0.27,,0.536,,,,2.64,-1.6
116.079,ROTATION_SCAN,2.6043,-1.6439,0.305,-97.04,-0.33,0.85,15.0,-0.0031,0.0313,0.0023,0.975,0.279,,0.555,,,,2.64,-1.6
116.125,ROTATION_SCAN,2.6059,-1.6445,0.308,-96.16,-0.44,0.76,15.0,0.0041,0.0336,-0.015,1.001,0.279,,0.555,,,,2.64,-1.6
116.175,ROTATION_SCAN,2.607,-1.6449,0.308,-95.32,-0.47,0.84,15.0,0.0103,0.0358,-0.0057,1.001,0.286,,0.586,,,,2.64,-1.6
116.218,ROTATION_SCAN,2.607,-1.6465,0.308,-94.42,-0.5,0.95,15.0,0.0137,0.036,-0.0074,1.028,0.286,,0.586,,,,2.64,-1.6
116.272,ROTATION_SCAN,2.6075,-1.6541,0.307,-93.46,-0.32,0.85,15.0,0.0177,0.0247,-0.0091,1.028,0.299,,0.688,,,,2.64,-1.6
116.321,ROTATION_SCAN,2.6095,-1.6544,0.306,-92.52,-0.1,0.92,15.0,0.0217,0.0285,-0.0095,1.06,0.299,,0.688,,,,2.64,-1.6
116.368,ROTATION_SCAN,2.6128,-1.655,0.304,-91.66,0.05,0.86,15.0,0.0267,0.0316,-0.0092,1.06,0.304,,1.358,,,,2.64,-1.6
116.407,ROTATION_SCAN,2.6168,-1.6532,0.304,-90.84,0.19,0.96,15.0,0.0315,0.0396,-0.0117,1.089,0.304,,1.358,,,,2.64,-1.6
116.499,ROTATION_SCAN,2.62,-1.6516,0.305,-90.03,0.24,0.93,15.0,0.0329,0.0465,-0.0103,1.089,0.307,,1.456,,,,1.52,-0.88
116.558,RET_RECOVER_Y,2.6188,-1.651,0.303,-89.24,0.51,0.84,-0.0,0.0242,0.0505,-0.0061,1.13,0.307,,1.456,,2.62,-1.4516,1.52,-0.88
116.585,RET_RECOVER_Y,2.6201,-1.6488,0.301,-88.51,0.42,0.29,-0.0,0.0202,0.0549,-0.0112,1.13,0.311,,1.507,,2.62,-1.4516,1.52,-0.88
116.641,RET_RECOVER_Y,2.6202,-1.6431,0.302,-87.87,0.41,-0.13,-0.0,0.015,0.0613,-0.011,1.178,0.311,,1.507,,2.62,-1.4516,1.52,-0.88
116.696,RET_RECOVER_Y,2.6196,-1.6425,0.303,-87.44,0.31,1.45,-0.0,0.0092,0.0589,-0.0045,1.178,0.316,,1.513,,2.62,-1.4516,1.52,-0.88
116.737,RET_RECOVER_Y,2.6197,-1.6477,0.302,-87.06,0.18,2.92,-0.0,0.0054,0.0596,-0.0019,1.213,0.316,,1.513,,2.62,-1.4516,1.52,-0.88
116.774,RET_RECOVER_Y,2.6205,-1.6493,0.301,-86.7,0.09,3.97,-0.0,0.0041,0.078,-0.0033,1.213,0.319,,1.534,,2.62,-1.4516,1.52,-0.88
116.817,RET_RECOVER_Y,2.6205,-1.6456,0.303,-86.42,-0.04,4.55,-0.0,0.0011,0.1119,-0.0039,,0.319,,1.534,,2.62,-1.4516,1.52,-0.88
116.883,RET_RECOVER_Y,2.62,-1.6423,0.303,-86.22,-0.07,4.58,-0.0,-0.0019,0.1448,0.0024,,0.317,,1.527,,2.62,-1.4516,1.52,-0.88
116.923,RET_RECOVER_Y,2.6192,-1.6365,0.302,-86.11,-0.17,4.42,-0.0,-0.0049,0.1782,0.0018,,0.317,,1.527,,2.62,-1.4516,1.52,-0.88
116.967,RET_RECOVER_Y,2.6176,-1.6275,0.303,-86.09,-0.17,4.09,-0.0,-0.0084,0.2128,-0.0035,,0.309,,1.525,,2.62,-1.4516,1.52,-0.88
117.078,RET_RECOVER_Y,2.6171,-1.6184,0.302,-86.16,-0.08,3.62,-0.0,-0.0095,0.2415,-0.0024,,0.309,,1.525,,2.62,-1.4516,1.52,-0.88
117.1,RET_RECOVER_Y,2.6198,-1.6061,0.299,-86.26,-0.13,2.92,-0.0,-0.0044,0.2685,-0.0016,,0.292,,1.505,,2.62,-1.4516,1.52,-0.88
117.142,RET_RECOVER_Y,2.6198,-1.5945,0.301,-86.49,0.21,2.12,-0.0,-0.0055,0.2865,0.0018,,0.292,,1.505,,2.62,-1.4516,1.52,-0.88
117.207,RET_RECOVER_Y,2.62,-1.5832,0.301,-86.8,0.17,1.2,-0.0,-0.007,0.294,0.0127,,0.268,,,,2.62,-1.4516,1.52,-0.88
117.22,RET_RECOVER_Y,2.6193,-1.5733,0.301,-87.19,0.2,0.71,-0.0,-0.0099,0.291,0.0113,,0.268,,,,2.62,-1.4516,1.52,-0.88
117.257,RET_RECOVER_Y,2.6189,-1.5608,0.302,-87.59,0.16,0.49,-0.0,-0.0113,0.2912,0.0076,,0.246,,,,2.62,-1.4516,1.52,-0.88
117.348,RET_RECOVER_Y,2.6187,-1.5483,0.303,-88.03,0.11,0.48,-0.0,-0.0113,0.2858,0.0107,1.265,0.246,,,,2.62,-1.4516,1.52,-0.88
117.354,RET_RECOVER_Y,2.6167,-1.5369,0.304,-88.41,0.18,0.51,-0.0,-0.016,0.2866,0.0059,1.265,0.227,,0.55,,2.62,-1.4516,1.52,-0.88
117.411,RET_RECOVER_Y,2.6153,-1.5268,0.302,-88.67,-0.07,0.47,-0.0,-0.0192,0.2796,0.0084,1.266,0.227,,0.55,,2.62,-1.4516,1.52,-0.88
117.49,RET_RECOVER_Y,2.6133,-1.5158,0.305,-89.03,-0.09,0.15,-0.0,-0.0203,0.2762,0.0061,1.266,0.202,0.134,0.503,,2.62,-1.4516,1.52,-0.88
117.523,RET_RECOVER_Y,2.6123,-1.5052,0.303,-89.29,-0.29,0.1,-0.0,-0.0188,0.2695,0.0086,,0.202,0.134,0.503,,2.62,-1.4516,1.52,-0.88
117.584,RET_RECOVER_Y,2.6104,-1.4946,0.306,-89.54,-0.4,-0.07,-0.0,-0.0187,0.2626,-0.0027,,0.181,0.131,0.474,,2.62,-1.4516,1.52,-0.88
117.608,RET_RECOVER_Y,2.6083,-1.4824,0.306,-89.53,-0.46,-0.26,-0.0,-0.018,0.2593,0.0019,1.266,0.181,0.131,0.474,,2.62,-1.4516,1.52,-0.88
117.686,RET_RECOVER_Y,2.608,-1.4738,0.304,-89.15,-0.54,-0.79,-0.0,-0.0123,0.2446,0.0059,1.266,0.164,0.127,0.464,,,,1.52,-0.88
117.808,ROTATION_SCAN,2.6062,-1.4632,0.304,-88.7,-0.18,-1.42,-0.0,-0.0119,0.2321,0.0036,1.296,0.164,0.127,0.464,,,,,
117.829,ROTATION_SCAN,2.6066,-1.4538,0.303,-88.31,-0.3,-1.83,-0.0,-0.0077,0.214,-0.0041,1.296,0.147,0.114,0.459,,,,,
117.871,ROTATION_SCAN,2.6056,-1.4451,0.305,-87.95,-0.02,-2.7,-0.0,-0.007,0.1908,-0.0087,1.337,0.147,0.114,0.459,,,,,
117.906,ROTATION_SCAN,2.605,-1.4385,0.304,-87.47,0.09,-2.83,15.0,-0.0069,0.1613,-0.01,1.337,0.136,0.11,0.459,,,,,
117.947,ROTATION_SCAN,2.6041,-1.4326,0.306,-87.0,0.3,-2.92,15.0,-0.0089,0.1322,-0.0083,,0.136,0.11,0.459,,,,,
117.956,ROTATION_SCAN,2.6036,-1.4281,0.304,-86.6,0.14,-3.06,15.0,-0.01,0.1024,-0.0016,,0.133,0.1,0.452,,,,,
118.054,ROTATION_SCAN,2.6013,-1.4232,0.304,-86.12,0.0,-3.03,15.0,-0.0128,0.0781,-0.0081,1.422,0.133,0.1,0.452,,,,,
118.096,ROTATION_SCAN,2.6004,-1.4211,0.303,-85.58,-0.39,-3.12,15.0,-0.0117,0.0477,-0.005,1.422,0.133,0.097,0.448,,,,,
118.127,ROTATION_SCAN,2.5986,-1.4196,0.302,-84.82,-0.7,-2.82,15.0,-0.0087,0.0217,-0.0084,,0.133,0.097,0.448,,,,,
118.157,ROTATION_SCAN,2.5982,-1.4226,0.3,-84.01,-0.77,-2.62,15.0,-0.0006,-0.0109,-0.0064,,0.136,0.092,0.452,,,,,
118.204,ROTATION_SCAN,2.5982,-1.4236,0.303,-83.12,-0.94,-2.14,15.0,0.0089,-0.0311,-0.0031,,0.136,0.092,0.452,,,,,
118.258,ROTATION_SCAN,2.5994,-1.4271,0.304,-82.25,-1.05,-1.51,15.0,0.0208,-0.0503,0.0053,,0.144,0.09,0.456,,,,,
118.324,ROTATION_SCAN,2.6011,-1.4311,0.302,-81.42,-0.87,-1.09,15.0,0.0317,-0.0633,0.0102,,0.144,0.09,0.456,,,,,
118.388,ROTATION_SCAN,2.6032,-1.4357,0.305,-80.61,-0.77,-0.74,15.0,0.0407,-0.0734,0.0071,,0.155,0.089,0.478,,,,,
118.445,ROTATION_SCAN,2.6066,-1.4407,0.303,-79.9,-0.53,-0.32,15.0,0.0497,-0.0782,0.0146,,0.155,0.089,0.478,,,,,
118.491,ROTATION_SCAN,2.6098,-1.4455,0.305,-79.21,-0.27,0.09,15.0,0.0556,-0.0827,0.008,,0.159,0.088,0.518,,,,,
118.521,ROTATION_SCAN,2.6139,-1.4507,0.305,-78.64,0.09,0.55,15.0,0.0588,-0.0808,0.0114,2.962,0.159,0.088,0.518,,,,,
118.584,ROTATION_SCAN,2.6179,-1.4545,0.306,-78.16,0.39,1.02,15.0,0.0595,-0.0761,0.0078,2.962,0.168,0.086,0.587,,,,,
118.614,ROTATION_SCAN,2.6222,-1.4582,0.304,-77.72,0.53,1.2,15.0,0.0592,-0.0692,0.0072,,0.168,0.086,0.587,,,,,
118.678,ROTATION_SCAN,2.6264,-1.4613,0.31,-77.33,0.64,1.24,15.0,0.0543,-0.0588,-0.0008,,0.167,0.082,0.679,,,,,
118.718,ROTATION_SCAN,2.63,-1.4643,0.306,-76.88,0.78,1.37,15.0,0.0486,-0.0497,0.0132,,0.167,0.082,0.679,,,,,
118.769,ROTATION_SCAN,2.6331,-1.4649,0.308,-76.31,0.91,1.52,15.0,0.0415,-0.0356,-0.0015,,0.172,0.08,,,,,,
118.854,ROTATION_SCAN,2.6353,-1.4662,0.302,-75.72,1.07,1.35,15.0,0.0311,-0.0252,-0.001,,0.172,0.08,,,,,,
118.888,ROTATION_SCAN,2.639,-1.4679,0.306,-75.09,1.08,1.14,15.0,0.0256,-0.0183,-0.017,,0.17,0.076,1.523,,,,,
118.942,ROTATION_SCAN,2.6411,-1.4686,0.305,-74.51,1.09,1.15,15.0,0.0169,-0.0111,-0.007,1.86,0.17,0.076,1.523,,,,,
118.959,ROTATION_SCAN,2.643,-1.4686,0.303,-73.89,0.98,1.01,15.0,0.009,-0.0039,-0.0121,1.86,0.174,0.071,1.638,,,,,
119.038,ROTATION_SCAN,2.6441,-1.4685,0.303,-73.29,0.93,0.84,15.0,0.0011,0.0019,-0.0153,1.777,0.174,0.071,1.638,,,,,
119.056,ROTATION_SCAN,2.6463,-1.4689,0.303,-72.7,0.86,0.8,15.0,-0.0027,0.0048,-0.0111,1.777,0.176,0.075,1.721,,,,,
119.124,ROTATION_SCAN,2.6465,-1.4681,0.302,-72.17,0.93,0.61,15.0,-0.0104,0.0096,-0.0123,1.697,0.176,0.075,1.721,,,,,
119.161,ROTATION_SCAN,2.6472,-1.4682,0.301,-71.61,0.89,0.53,15.0,-0.0159,0.0105,-0.0146,1.697,0.181,0.072,,,,,,
119.228,ROTATION_SCAN,2.6459,-1.4681,0.301,-71.06,0.92,0.34,15.0,-0.0252,0.0107,-0.0154,,0.181,0.072,,,,,,
119.261,ROTATION_SCAN,2.6447,-1.4671,0.299,-70.45,0.88,0.24,15.0,-0.0326,0.0119,-0.017,,0.185,0.068,1.762,,,,,
119.335,ROTATION_SCAN,2.6433,-1.4659,0.299,-69.88,0.86,0.13,15.0,-0.0396,0.0122,-0.0176,1.517,0.185,0.068,1.762,,,,,
119.373,ROTATION_SCAN,2.6431,-1.466,0.3,-69.31,0.78,0.07,15.0,-0.0423,0.0093,-0.0163,1.517,0.195,0.069,1.748,,,,,
119.442,ROTATION_SCAN,2.6411,-1.4669,0.3,-68.78,0.7,-0.05,15.0,-0.048,0.0045,-0.0091,1.445,0.195,0.069,1.748,,,,,
119.462,ROTATION_SCAN,2.6345,-1.4718,0.298,-68.22,0.63,-0.08,15.0,-0.062,-0.008,-0.0103,1.445,0.204,0.067,1.668,,,,,
119.554,ROTATION_SCAN,2.6455,-1.469,0.299,-67.53,0.42,-0.07,15.0,-0.0371,-0.0042,-0.0124,1.4,0.204,0.067,1.668,,,,,
119.575,ROTATION_SCAN,2.6428,-1.4723,0.296,-66.88,0.4,-0.11,15.0,-0.0412,-0.0124,-0.0091,1.4,0.219,0.07,1.573,,,,,
119.619,ROTATION_SCAN,2.6433,-1.4752,0.296,-66.19,0.39,0.02,15.0,-0.039,-0.0186,-0.0161,1.36,0.219,0.07,1.573,,,,,
119.67,ROTATION_SCAN,2.6649,-1.4366,0.291,-65.39,0.0,0.51,15.0,0.0065,0.0656,-0.0113,1.36,0.234,0.073,1.475,,,,,
119.706,ROTATION_SCAN,2.6659,-1.4418,0.292,-64.71,0.36,0.26,15.0,0.0056,0.0504,-0.019,1.325,0.234,0.073,1.475,,,,,
119.771,ROTATION_SCAN,2.6677,-1.4453,0.293,-63.95,0.94,-0.05,15.0,0.0032,0.0354,-0.0096,1.325,0.259,0.077,1.455,,,,,
119.819,ROTATION_SCAN,2.6691,-1.4515,0.294,-63.16,1.41,-0.2,15.0,-0.0026,0.0132,-0.0022,1.302,0.259,0.077,1.455,,,,,
119.908,ROTATION_SCAN,2.6694,-1.4562,0.296,-62.31,2.0,-0.37,15.0,-0.0137,-0.0071,-0.003,1.302,0.308,0.082,,,,,,
119.929,ROTATION_SCAN,2.669,-1.4656,0.295,-61.46,2.04,-0.23,15.0,-0.0265,-0.0364,0.006,1.276,0.308,0.082,,,,,,
119.985,ROTATION_SCAN,2.6671,-1.4747,0.297,-60.61,1.88,-0.0,15.0,-0.0413,-0.0604,0.0029,1.276,,0.09,1.374,,,,,
120.019,ROTATION_SCAN,2.6655,-1.4852,0.298,-59.72,1.66,0.51,15.0,-0.0542,-0.081,0.0066,1.258,,0.09,1.374,,,,,
120.116,ROTATION_SCAN,2.6629,-1.4965,0.294,-58.82,1.15,0.86,15.0,-0.0664,-0.0974,0.0076,1.258,1.812,0.097,1.35,,,,,
120.242,ROTATION_SCAN,2.6579,-1.5073,0.294,-57.91,0.84,1.2,15.0,-0.0816,-0.107,-0.0035,1.241,1.812,0.097,1.35,,,,,
120.259,ROTATION_SCAN,2.6549,-1.5165,0.295,-56.95,0.1,1.54,15.0,-0.0883,-0.1073,0.0001,1.241,,0.111,1.326,,,,,
120.283,ROTATION_SCAN,2.6506,-1.5239,0.295,-56.06,-0.48,1.7,15.0,-0.0939,-0.0991,0.0071,1.232,,0.111,1.326,,,,,
120.349,ROTATION_SCAN,2.6468,-1.5315,0.295,-55.19,-1.02,2.15,15.0,-0.0955,-0.0877,0.0065,1.232,,0.128,1.354,,,,,
120.362,ROTATION_SCAN,2.6431,-1.5391,0.297,-54.31,-1.3,2.11,15.0,-0.095,-0.0749,0.0077,1.225,,0.128,1.354,,,,,
120.404,ROTATION_SCAN,2.6388,-1.5459,0.298,-53.33,-1.56,2.14,15.0,-0.0948,-0.0607,0.0123,1.225,,0.144,,,,,,
120.418,ROTATION_SCAN,2.6359,-1.551,0.299,-52.35,-1.68,2.03,15.0,-0.09,-0.0443,0.0101,1.224,,0.144,,,,,,
120.479,ROTATION_SCAN,2.6328,-1.5561,0.296,-51.54,-1.65,1.86,15.0,-0.0858,-0.0312,0.0102,1.224,,0.154,,,,,,
120.516,ROTATION_SCAN,2.6298,-1.5593,0.299,-50.77,-1.68,1.74,15.0,-0.0813,-0.0151,0.0019,1.238,,0.154,,,,,,
120.587,ROTATION_SCAN,2.6265,-1.5616,0.301,-49.99,-1.66,1.6,15.0,-0.0773,0.0001,0.0091,1.238,,0.168,,,,,,
120.604,ROTATION_SCAN,2.6239,-1.5644,0.301,-49.16,-1.5,1.46,15.0,-0.0726,0.011,0.0148,1.257,,0.168,,,,,,
120.66,ROTATION_SCAN,2.6203,-1.5659,0.296,-48.2,-1.28,1.34,15.0,-0.0718,0.0215,0.0132,1.257,,0.173,,,,,,
120.727,ROTATION_SCAN,2.6168,-1.5654,0.296,-47.29,-1.12,1.12,15.0,-0.071,0.0339,0.0026,1.285,,0.173,,,,,,
120.772,ROTATION_SCAN,2.6151,-1.5671,0.298,-46.34,-1.21,0.91,15.0,-0.0652,0.0375,0.0012,1.285,,0.175,,,,,,
120.835,ROTATION_SCAN,2.6135,-1.5647,0.299,-45.36,-1.17,0.54,15.0,-0.0582,0.0496,0.005,1.368,,0.175,,,,,,
120.909,ROTATION_SCAN,2.6126,-1.5648,0.299,-44.32,-1.28,0.38,15.0,-0.0483,0.0525,0.0034,1.368,,0.177,,,,,,
120.962,ROTATION_SCAN,2.6113,-1.5633,0.299,-43.33,-1.01,0.13,15.0,-0.0412,0.0576,0.0028,,,0.177,,,,,,
120.996,ROTATION_SCAN,2.6115,-1.5643,0.303,-42.36,-1.01,-0.2,15.0,-0.0292,0.0524,-0.0027,,,0.177,,,,,,
121.026,ROTATION_SCAN,2.6133,-1.5622,0.3,-41.5,-0.68,0.06,15.0,-0.0167,0.056,0.0095,2.722,,0.177,,,,,,
121.1,ROTATION_SCAN,2.6193,-1.5633,0.301,-40.66,-0.56,0.14,15.0,0.0023,0.0491,-0.0042,2.722,,0.18,0.769,,,,,
121.114,ROTATION_SCAN,2.6238,-1.5583,0.3,-39.91,-0.48,0.54,15.0,0.0133,0.0613,-0.0038,2.819,,0.18,0.769,,,,,
121.193,ROTATION_SCAN,2.626,-1.5587,0.301,-39.0,-0.27,0.57,15.0,0.0151,0.0581,0.0004,2.819,,0.174,0.762,,,,,
121.231,ROTATION_SCAN,2.629,-1.5581,0.301,-38.1,-0.26,0.76,15.0,0.0174,0.0574,-0.0028,2.906,,0.174,0.762,,,,,
121.276,ROTATION_SCAN,2.6323,-1.5599,0.301,-37.25,-0.19,0.86,15.0,0.0188,0.0516,-0.0032,2.906,,0.177,0.759,,,,,
121.365,ROTATION_SCAN,2.6355,-1.5595,0.299,-36.36,-0.24,1.06,15.0,0.0188,0.0518,-0.0017,2.94,,0.177,0.759,,,,,
121.414,ROTATION_SCAN,2.6358,-1.5596,0.302,-35.44,-0.45,1.34,15.0,0.0109,0.0538,-0.009,2.94,,0.175,0.764,,,,,
121.444,ROTATION_SCAN,2.6385,-1.5585,0.3,-34.8,-0.35,1.24,15.0,0.0089,0.0589,-0.0032,2.964,,0.175,0.764,,,,,
121.51,ROTATION_SCAN,2.6392,-1.5558,0.301,-34.27,-0.13,1.19,15.0,0.0018,0.0657,-0.0036,2.964,,0.17,0.771,,,,,
121.523,ROTATION_SCAN,2.6402,-1.5527,0.301,-33.81,-0.01,1.1,15.0,-0.0037,0.0709,0.003,2.992,,0.17,0.771,,,,,
121.565,ROTATION_SCAN,2.6427,-1.5507,0.3,-33.22,0.3,0.75,15.0,-0.0046,0.0699,0.0088,2.992,0.841,0.172,0.774,,,,,
121.602,ROTATION_SCAN,2.6412,-1.5497,0.299,-32.39,0.2,0.75,15.0,-0.0136,0.0661,-0.0005,3.012,0.841,0.172,0.774,,,,,
121.706,ROTATION_SCAN,2.6426,-1.5486,0.299,-31.52,0.08,0.94,15.0,-0.0155,0.0643,-0.0028,3.012,0.806,0.175,0.782,,,,,
121.737,ROTATION_SCAN,2.6408,-1.5457,0.3,-30.71,0.21,1.11,15.0,-0.0257,0.0668,0.0026,3.037,0.806,0.175,0.782,,,,,
121.795,ROTATION_SCAN,2.6401,-1.5424,0.298,-30.07,0.14,1.17,15.0,-0.0333,0.0701,0.0057,3.037,0.765,0.159,0.788,,,,,
121.802,ROTATION_SCAN,2.6382,-1.5427,0.3,-29.75,0.24,1.1,15.0,-0.0428,0.0646,0.0004,3.063,0.765,0.159,0.788,,,,,
121.86,ROTATION_SCAN,2.6363,-1.5408,0.302,-29.62,0.05,0.87,15.0,-0.0495,0.0645,0.0063,3.063,0.741,0.175,0.79,,,,,
121.941,ROTATION_SCAN,2.635,-1.5399,0.3,-29.42,0.04,0.75,15.0,-0.0525,0.0624,0.0069,3.067,0.741,0.175,0.79,,,,,
121.975,ROTATION_SCAN,2.6324,-1.5355,0.303,-29.06,0.01,0.86,15.0,-0.0585,0.0683,0.0003,3.067,0.734,0.156,0.795,,,,,
122.038,ROTATION_SCAN,2.6308,-1.5316,0.301,-28.67,-0.12,0.79,15.0,-0.0615,0.0733,0.0076,,0.734,0.156,0.795,,,,,
122.055,ROTATION_SCAN,2.6282,-1.5298,0.304,-28.18,-0.05,0.36,15.0,-0.0641,0.0721,-0.0005,,0.719,0.176,0.795,,,,,
122.109,ROTATION_SCAN,2.6265,-1.5275,0.3,-27.45,-0.08,0.13,15.0,-0.0622,0.0704,-0.0035,,0.719,0.176,0.795,,,,,
122.163,ROTATION_SCAN,2.6259,-1.5239,0.3,-26.51,0.05,0.12,15.0,-0.0577,0.0713,-0.0079,,0.693,0.161,0.804,,,,,
122.213,ROTATION_SCAN,2.6249,-1.5211,0.302,-25.43,-0.01,-0.03,15.0,-0.0542,0.0696,-0.0079,,0.693,0.161,0.804,,,,,
122.274,ROTATION_SCAN,2.6236,-1.5177,0.299,-24.46,-0.24,-0.13,15.0,-0.0494,0.0699,-0.0091,,0.647,0.16,0.822,,,,,
122.302,ROTATION_SCAN,2.6234,-1.5131,0.299,-23.36,-0.38,-0.07,15.0,-0.0424,0.0746,-0.0146,3.214,0.647,0.16,0.822,,,,,
122.361,ROTATION_SCAN,2.6228,-1.5105,0.299,-22.26,0.04,-0.03,15.0,-0.0384,0.0733,-0.0043,3.214,0.621,0.159,0.843,,,,,
122.427,ROTATION_SCAN,2.6242,-1.5058,0.299,-21.24,0.31,0.11,15.0,-0.0325,0.0742,-0.0011,,0.621,0.159,0.843,,,,,
122.474,ROTATION_SCAN,2.6253,-1.5012,0.299,-20.47,0.35,0.07,15.0,-0.0278,0.0738,-0.0077,,0.589,0.159,0.87,,,,,
122.503,ROTATION_SCAN,2.6259,-1.4967,0.299,-19.71,0.39,0.06,15.0,-0.0251,0.0729,-0.0094,,0.589,0.159,0.87,,,,,
122.575,ROTATION_SCAN,2.6261,-1.4933,0.299,-18.82,0.5,0.22,15.0,-0.0243,0.0691,-0.0111,,0.572,0.156,0.883,,,,,
122.62,ROTATION_SCAN,2.628,-1.4892,0.298,-18.08,0.55,0.14,15.0,-0.0206,0.0669,-0.0095,,0.572,0.156,0.883,,,,,
122.679,ROTATION_SCAN,2.6287,-1.4863,0.299,-17.27,0.57,0.32,15.0,-0.0202,0.0621,-0.0081,,0.555,0.155,0.903,,,,,
122.706,ROTATION_SCAN,2.6298,-1.4842,0.297,-16.53,0.81,0.06,15.0,-0.0185,0.0546,0.0051,,0.555,0.155,0.903,,,,,
122.78,ROTATION_SCAN,2.6299,-1.4807,0.297,-15.79,0.84,0.35,15.0,-0.0198,0.0503,-0.0023,,0.537,0.154,0.925,,,,,
122.809,ROTATION_SCAN,2.6292,-1.479,0.298,-15.17,0.71,0.28,15.0,-0.0232,0.043,-0.0082,,0.537,0.154,0.925,,,,,
122.854,ROTATION_SCAN,2.6288,-1.4791,0.297,-14.7,0.26,0.39,15.0,-0.0252,0.0349,-0.0097,,0.526,0.155,0.95,,,,,
122.932,ROTATION_SCAN,2.6286,-1.4761,0.297,-14.45,0.24,0.28,15.0,-0.0254,0.0366,-0.0099,,0.526,0.155,0.95,,,,,
122.952,ROTATION_SCAN,2.6286,-1.4737,0.295,-14.23,0.15,0.37,15.0,-0.0261,0.0368,-0.008,,0.518,0.156,0.953,,,,,
123.009,ROTATION_SCAN,2.6306,-1.4712,0.297,-14.11,0.41,0.62,15.0,-0.0235,0.0373,-0.0093,,0.518,0.156,0.953,,,,,
123.075,ROTATION_SCAN,2.6317,-1.4681,0.297,-13.7,0.6,0.57,15.0,-0.0245,0.0367,-0.0017,,0.52,0.154,0.959,,,,,
123.123,ROTATION_SCAN,2.6311,-1.4656,0.294,-12.9,0.62,0.42,15.0,-0.0279,0.034,-0.0024,,0.52,0.154,0.959,,,,,
123.153,ROTATION_SCAN,2.6316,-1.4609,0.296,-11.87,0.83,0.37,15.0,-0.0284,0.0355,-0.0043,,0.51,0.156,0.989,,,,,
123.23,ROTATION_SCAN,2.6323,-1.4608,0.298,-10.71,0.73,0.44,15.0,-0.0288,0.026,0.0008,,0.51,0.156,0.989,,,,,
123.269,ROTATION_SCAN,2.6303,-1.4592,0.292,-9.45,0.64,0.44,15.0,-0.0339,0.0216,-0.0031,,0.498,0.162,1.02,,,,,
123.348,ROTATION_SCAN,2.6302,-1.4601,0.293,-8.11,0.67,0.6,15.0,-0.0358,0.0128,-0.0196,,0.498,0.162,1.02,,,,,
123.367,ROTATION_SCAN,2.6266,-1.4606,0.29,-6.91,0.46,0.42,15.0,-0.044,0.0061,-0.013,,0.482,0.168,1.056,,,,,
123.427,ROTATION_SCAN,2.6265,-1.4617,0.291,-6.04,0.53,0.39,15.0,-0.0433,-0.0007,-0.0142,,0.482,0.168,1.056,,,,,
123.471,ROTATION_SCAN,2.6275,-1.4626,0.293,-5.37,0.34,0.33,15.0,-0.0399,-0.0057,-0.0121,,0.468,0.178,1.081,,,,,
123.515,ROTATION_SCAN,2.619,-1.4601,0.294,-4.85,-0.0,0.37,15.0,-0.0567,-0.0008,-0.002,,0.468,0.178,1.081,,,,,
123.582,ROTATION_SCAN,2.6171,-1.4615,0.289,-4.45,0.07,0.22,15.0,-0.0572,-0.0034,0.0002,,0.467,0.184,1.097,,,,,
123.604,ROTATION_SCAN,2.6165,-1.4621,0.293,-4.03,0.23,-0.11,15.0,-0.0527,-0.0057,-0.0111,,0.467,0.184,1.097,,,,,
123.668,ROTATION_SCAN,2.6146,-1.4632,0.287,-3.62,0.17,-0.46,15.0,-0.0481,-0.0092,0.0003,,0.461,0.191,1.102,,,,,
123.731,ROTATION_SCAN,2.6138,-1.4639,0.292,-3.05,0.38,-0.44,15.0,-0.0409,-0.0123,-0.0047,,0.461,0.191,1.102,,,,,
123.768,ROTATION_SCAN,2.6128,-1.4673,0.292,-2.4,0.35,-0.48,15.0,-0.0351,-0.0215,0.0071,,0.463,0.202,1.113,,,,,
123.817,ROTATION_SCAN,2.6139,-1.47,0.291,-1.6,0.31,-0.29,15.0,-0.0261,-0.028,0.0051,,0.463,0.202,1.113,,,,,
123.907,RET_RECOVER_Y,2.6141,-1.4733,0.289,-0.69,0.05,-0.06,-0.0,-0.0215,-0.0329,0.0014,,0.469,0.21,1.136,,2.6139,-1.27,,
124.01,RET_RECOVER_Y,2.6146,-1.4769,0.291,0.24,0.06,0.22,-0.0,-0.0188,-0.0378,0.0009,0.188,0.469,0.21,1.136,,2.6139,-1.27,,
124.025,RET_RECOVER_Y,2.6176,-1.4794,0.296,1.08,-0.09,0.3,-0.0,-0.0126,-0.0389,0.0105,0.188,0.49,0.213,1.167,,2.6139,-1.27,,
124.062,RET_RECOVER_Y,2.6187,-1.4825,0.292,1.86,-2.28,0.47,-0.0,-0.013,-0.0311,0.0189,0.181,0.49,0.213,1.167,,2.6139,-1.27,,
124.113,RET_RECOVER_Y,2.6192,-1.4861,0.294,2.18,-4.3,0.24,-0.0,-0.0139,-0.0066,0.0045,0.181,0.51,0.218,1.202,,2.6139,-1.27,,
124.18,RET_RECOVER_Y,2.6197,-1.4882,0.293,2.19,-5.33,0.3,-0.0,-0.0156,0.0308,0.0099,0.166,0.51,0.218,1.202,,2.6139,-1.27,,
124.194,RET_RECOVER_Y,2.621,-1.4855,0.298,2.06,-5.89,0.57,-0.0,-0.016,0.0799,0.0002,0.166,0.517,0.219,,,2.6139,-1.27,,
124.268,RET_RECOVER_Y,2.6227,-1.4779,0.297,1.94,-6.19,0.39,-0.0,-0.0171,0.1381,0.0076,0.155,0.517,0.219,,,2.6139,-1.27,,
124.341,RET_RECOVER_Y,2.6225,-1.4672,0.297,1.62,-5.85,0.21,-0.0,-0.0188,0.1964,0.0005,0.155,0.498,0.202,1.217,,2.6139,-1.27,,
124.383,RET_RECOVER_Y,2.6245,-1.4538,0.293,1.15,-5.07,0.09,-0.0,-0.0146,0.2487,-0.0038,0.137,0.498,0.202,1.217,,2.6139,-1.27,,
124.411,RET_RECOVER_Y,2.6251,-1.4394,0.29,0.3,-4.05,-0.48,-0.0,-0.0096,0.2902,-0.0131,0.137,0.47,0.169,,,2.6139,-1.27,,
124.436,RET_RECOVER_Y,2.6271,-1.4232,0.289,-0.63,-2.95,-0.56,-0.0,0.0009,0.3228,-0.0125,0.127,0.47,0.169,,,2.6139,-1.27,,
124.472,RET_RECOVER_Y,2.6291,-1.402,0.291,-1.48,-1.65,-0.4,-0.0,0.0097,0.353,-0.0031,0.127,0.465,0.135,1.206,,2.6139,-1.27,,
124.514,RET_RECOVER_Y,2.6309,-1.3846,0.288,-2.41,-0.52,-0.13,-0.0,0.0154,0.3613,0.0145,0.112,0.465,0.135,1.206,,2.6139,-1.27,,
124.552,RET_RECOVER_Y,2.6284,-1.373,0.289,-4.71,0.68,-0.21,-0.0,0.0075,0.3445,-0.0328,0.112,0.495,0.091,1.21,,2.6139,-1.27,,
124.609,RET_RECOVER_Y,2.6199,-1.3691,0.288,-7.94,5.65,4.13,-0.0,-0.0424,0.2802,-0.0757,0.131,0.495,0.091,1.21,,2.6139,-1.27,,
124.669,RET_RECOVER_Y,2.6024,-1.374,0.285,-8.68,5.08,1.92,-0.0,-0.1127,0.1922,-0.0224,0.131,0.531,0.11,1.103,,2.6139,-1.27,,
124.723,RET_RECOVER_Y,2.5843,-1.3774,0.287,-8.31,4.82,-0.12,-0.0,-0.1566,0.1176,-0.0096,0.165,0.531,0.11,1.103,,2.6139,-1.27,,
124.777,RET_RECOVER_Y,2.5642,-1.3851,0.282,-7.13,4.17,-1.69,-0.0,-0.1836,0.045,0.002,0.165,0.484,0.158,1.064,,2.6139,-1.27,,
124.83,RET_RECOVER_Y,2.5491,-1.3922,0.288,-5.49,3.27,-2.95,-0.0,-0.181,-0.0129,0.01,0.194,0.484,0.158,1.064,,,,,
124.887,ROTATION_SCAN,2.5344,-1.4019,0.29,-3.84,2.27,-3.77,-0.0,-0.1672,-0.0613,0.034,0.194,0.416,0.193,1.071,,,,,
124.933,ROTATION_SCAN,2.5228,-1.4125,0.296,-2.25,1.0,-4.42,-0.0,-0.1413,-0.0954,0.0341,0.222,0.416,0.193,1.071,,,,,
124.96,ROTATION_SCAN,2.5145,-1.4217,0.294,-0.86,-0.08,-4.59,15.0,-0.1067,-0.1101,0.0441,0.222,0.366,0.25,1.084,,,,,
125.027,ROTATION_SCAN,2.508,-1.4337,0.299,0.53,-1.11,-4.42,15.0,-0.0719,-0.1218,0.0332,0.233,0.366,0.25,1.084,,,,,
125.059,ROTATION_SCAN,2.5055,-1.4418,0.299,1.74,-1.82,-4.08,15.0,-0.0338,-0.1135,0.0428,0.233,0.354,,1.113,,,,,
125.104,ROTATION_SCAN,2.5046,-1.4485,0.3,2.81,-2.35,-3.69,15.0,-0.0011,-0.0974,0.0352,0.241,0.354,,1.113,,,,,
125.178,ROTATION_SCAN,2.507,-1.4539,0.303,3.81,-2.76,-3.3,15.0,0.0328,-0.0757,0.0351,0.241,0.368,,1.138,,,,,
125.201,ROTATION_SCAN,2.5113,-1.456,0.299,4.74,-3.02,-2.7,15.0,0.0622,-0.0451,0.0373,0.235,0.368,,1.138,,,,,
125.255,ROTATION_SCAN,2.5179,-1.4577,0.297,5.67,-3.2,-1.83,15.0,0.0869,-0.0164,0.0194,0.235,0.404,,1.182,,,,,
125.317,ROTATION_SCAN,2.5277,-1.4571,0.3,6.56,-3.17,-1.06,15.0,0.11,0.0149,0.0115,0.215,0.404,,1.182,,,,,
125.356,ROTATION_SCAN,2.537,-1.4551,0.302,7.39,-2.9,-0.35,15.0,0.1228,0.0442,0.0208,0.215,0.44,,1.257,,,,,
125.445,ROTATION_SCAN,2.5456,-1.4493,0.302,8.11,-2.59,0.44,15.0,0.1252,0.0758,0.0197,0.2,0.44,,1.257,,,,,
125.472,ROTATION_SCAN,2.5545,-1.4448,0.302,8.77,-2.05,1.29,15.0,0.1222,0.0953,0.018,0.2,0.477,0.279,1.353,,,,,
125.535,ROTATION_SCAN,2.5635,-1.4377,0.303,9.4,-1.75,2.45,15.0,0.1115,0.1141,0.0174,0.165,0.477,0.279,1.353,,,,,
125.555,ROTATION_SCAN,2.5743,-1.4293,0.303,9.98,-1.33,3.25,15.0,0.0989,0.1297,0.013,0.165,0.499,0.24,,,,,,
125.649,ROTATION_SCAN,2.5825,-1.4216,0.307,10.31,-0.92,3.61,15.0,0.0782,0.1367,0.0125,0.138,0.499,0.24,,,,,,
125.69,ROTATION_SCAN,2.5882,-1.4132,0.307,10.48,-0.63,3.94,15.0,0.0578,0.1419,0.0221,0.138,0.512,0.206,,,,,,
125.727,ROTATION_SCAN,2.5923,-1.4042,0.309,10.74,0.29,3.68,15.0,0.0249,0.1418,0.0178,0.128,0.512,0.206,,,,,,
125.803,ROTATION_SCAN,2.5967,-1.3957,0.308,11.22,1.02,3.75,15.0,0.0115,0.137,0.0142,0.128,0.492,0.183,,,,,,
125.817,ROTATION_SCAN,2.599,-1.3879,0.308,11.72,1.31,3.53,15.0,-0.0157,0.1213,0.0101,0.105,0.492,0.183,,,,,,
125.892,ROTATION_SCAN,2.6017,-1.379,0.307,12.23,1.7,3.44,15.0,-0.0264,0.1149,0.0062,0.105,0.486,0.165,,,,,,
125.92,ROTATION_SCAN,2.6022,-1.3716,0.311,12.77,1.85,3.0,15.0,-0.0477,0.0954,-0.0017,0.091,0.486,0.165,,,,,,
125.951,ROTATION_SCAN,2.6011,-1.3653,0.31,13.26,1.38,2.23,15.0,-0.0583,0.086,-0.0035,0.091,0.475,0.148,2.648,,,,,
126.028,ROTATION_SCAN,2.6014,-1.3601,0.308,13.8,1.46,1.26,15.0,-0.063,0.0716,-0.0178,0.078,0.475,0.148,2.648,,,,,
126.071,ROTATION_SCAN,2.6014,-1.3541,0.307,14.43,1.71,0.94,15.0,-0.0581,0.0662,-0.0192,0.078,0.473,0.135,,,,,,
126.134,ROTATION_SCAN,2.5998,-1.3514,0.308,15.62,2.04,1.96,15.0,-0.0623,0.0449,-0.0247,0.069,0.473,0.135,,,,,,
126.17,ROTATION_SCAN,2.5986,-1.3505,0.305,17.38,1.95,1.57,15.0,-0.0671,0.0233,-0.0107,0.069,0.483,0.145,,,,,,
126.217,ROTATION_SCAN,2.594,-1.3514,0.305,19.15,2.15,1.02,15.0,-0.0758,-0.0045,-0.0157,0.086,0.483,0.145,,,,,,
126.293,ROTATION_SCAN,2.5909,-1.3519,0.307,20.68,2.35,0.67,15.0,-0.0736,-0.025,-0.01,0.086,0.574,0.184,,,,,,
126.324,ROTATION_SCAN,2.5878,-1.3534,0.304,21.9,2.26,0.58,15.0,-0.0696,-0.0461,0.0,0.09,0.574,0.184,,,,,,
126.368,ROTATION_SCAN,2.5875,-1.3563,0.307,22.81,1.46,0.67,15.0,-0.0617,-0.0632,-0.0065,0.09,,0.213,,,,,,
126.435,ROTATION_SCAN,2.5874,-1.3604,0.306,23.61,1.01,0.46,15.0,-0.0545,-0.0761,0.0033,0.094,,0.213,,,,,,
126.455,ROTATION_SCAN,2.5882,-1.3622,0.307,24.47,0.54,0.42,15.0,-0.0467,-0.0782,0.0028,0.094,1.732,,1.511,,,,,
126.556,ROTATION_SCAN,2.5902,-1.3647,0.306,25.26,0.24,0.31,15.0,-0.0376,-0.0784,0.0063,0.094,1.732,,1.511,,,,,
126.638,ROTATION_SCAN,2.5916,-1.3663,0.309,26.09,-0.26,0.23,15.0,-0.0319,-0.0732,0.0064,0.094,1.726,,1.453,,,,,
126.678,ROTATION_SCAN,2.5957,-1.3671,0.304,26.84,-0.54,0.33,15.0,-0.0218,-0.0636,0.0113,0.087,1.726,,1.453,,,,,
126.728,ROTATION_SCAN,2.5984,-1.3662,0.307,27.58,-0.6,0.56,15.0,-0.0183,-0.0513,-0.0041,0.087,1.676,,1.415,,,,,
126.772,ROTATION_SCAN,2.6028,-1.3636,0.309,28.34,-0.66,0.71,15.0,-0.0128,-0.0366,0.0028,0.08,1.676,,1.415,,,,,
126.82,ROTATION_SCAN,2.6059,-1.3611,0.308,29.08,-0.69,0.76,15.0,-0.0116,-0.0241,0.0016,0.08,1.618,,1.388,,,,,
126.83,ROTATION_SCAN,2.6106,-1.3581,0.303,29.87,-0.66,1.04,15.0,-0.0081,-0.0128,-0.0072,0.069,1.618,,1.388,,,,,
126.864,ROTATION_SCAN,2.6135,-1.3538,0.305,30.62,-0.62,1.29,15.0,-0.0108,-0.001,-0.0171,0.069,,,1.377,,,,,
126.905,ROTATION_SCAN,2.6167,-1.3514,0.306,33.35,-0.1,2.64,15.0,-0.0181,-0.0014,0.0015,0.057,,,1.377,,,,,
126.975,ROTATION_SCAN,2.6154,-1.3509,0.305,35.45,-0.16,1.98,15.0,-0.0348,-0.0117,0.0132,0.057,1.43,,1.371,,,,,
127.023,ROTATION_SCAN,2.6157,-1.3509,0.308,36.74,-0.32,1.43,15.0,-0.042,-0.0153,0.0111,0.056,1.43,,1.371,,,,,
127.053,ROTATION_SCAN,2.6152,-1.3516,0.304,37.54,0.21,1.81,15.0,-0.0491,-0.0233,0.0135,0.056,1.38,,1.404,,,,,
127.123,ROTATION_SCAN,2.6148,-1.3517,0.305,37.88,0.37,1.68,15.0,-0.0531,-0.0318,-0.0009,0.062,1.38,,1.404,,,,,
127.181,ROTATION_SCAN,2.6148,-1.3521,0.306,38.07,0.28,1.68,15.0,-0.0564,-0.0398,0.0016,0.062,1.362,,1.4,,,,,
127.242,ROTATION_SCAN,2.6146,-1.3507,0.309,38.22,0.17,1.5,15.0,-0.0591,-0.041,0.0064,0.058,1.362,,1.4,,,,,
127.273,ROTATION_SCAN,2.615,-1.3516,0.308,38.32,0.2,1.3,15.0,-0.0591,-0.0464,0.0085,0.058,1.371,,1.414,,,,,
127.301,ROTATION_SCAN,2.6144,-1.3517,0.312,38.39,0.12,1.29,15.0,-0.0609,-0.0483,-0.0008,0.058,1.371,,1.414,,,,,
127.37,ROTATION_SCAN,2.6129,-1.3534,0.314,38.51,0.06,1.14,15.0,-0.0646,-0.0535,0.0077,0.058,1.366,1.655,1.415,,,,,
127.429,ROTATION_SCAN,2.6107,-1.356,0.311,38.71,0.03,1.08,15.0,-0.0694,-0.0591,0.0083,0.052,1.366,1.655,1.415,,,,,
127.468,ROTATION_SCAN,2.6122,-1.354,0.311,39.02,0.1,0.96,15.0,-0.0637,-0.0528,-0.0063,0.052,1.363,,,,,,,
127.515,ROTATION_SCAN,2.612,-1.3559,0.312,39.32,0.02,0.94,15.0,-0.0629,-0.0562,-0.0058,0.042,1.363,,,,,,,
127.564,ROTATION_SCAN,2.62,-1.3563,0.312,39.68,-0.13,0.78,15.0,-0.0429,-0.0546,-0.0079,0.042,1.372,,,,,,,
127.602,ROTATION_SCAN,2.6097,-1.3406,0.309,39.08,-0.38,1.17,15.0,-0.0686,-0.0173,-0.0091,0.04,1.372,,,,,,,
127.678,ROTATION_SCAN,2.6109,-1.3412,0.309,39.02,-0.07,1.2,15.0,-0.0667,-0.0209,-0.0164,0.04,1.364,,,,,,,
127.729,ROTATION_SCAN,2.6091,-1.3396,0.309,39.29,0.25,1.12,15.0,-0.07,-0.0224,-0.0154,0.037,1.364,,,,,,,
127.759,ROTATION_SCAN,2.607,-1.3393,0.307,39.82,0.49,1.25,15.0,-0.0722,-0.0278,-0.0162,0.037,1.364,,1.436,,,,,
127.826,ROTATION_SCAN,2.6069,-1.3376,0.306,40.29,0.7,1.32,15.0,-0.0699,-0.032,-0.0207,0.038,1.364,,1.436,,,,,
127.854,ROTATION_SCAN,2.6053,-1.3397,0.305,41.07,0.64,1.2,15.0,-0.07,-0.0441,-0.0191,0.038,1.358,,1.496,,,,,
127.943,ROTATION_SCAN,2.6018,-1.3421,0.305,41.99,0.69,1.18,15.0,-0.0739,-0.0553,-0.0174,0.042,1.358,,1.496,,,,,
127.981,ROTATION_SCAN,2.6041,-1.3444,0.306,42.9,0.67,1.09,15.0,-0.0644,-0.065,-0.0176,0.042,1.387,,1.663,,,,,
128.007,ROTATION_SCAN,2.6071,-1.3427,0.3,43.98,0.65,0.96,15.0,-0.0537,-0.0644,-0.0083,0.043,1.387,,1.663,,,,,
128.062,ROTATION_SCAN,2.6083,-1.3473,0.304,45.02,0.65,0.97,15.0,-0.0476,-0.0767,-0.0202,0.043,,,,,,,,
128.13,ROTATION_SCAN,2.6116,-1.3483,0.303,46.13,0.5,0.92,15.0,-0.0384,-0.0804,-0.0041,0.044,,,,,,,,
128.176,ROTATION_SCAN,2.6112,-1.3481,0.3,47.18,0.28,1.08,15.0,-0.0386,-0.0803,-0.007,0.044,,,,,,,,
128.223,ROTATION_SCAN,2.5984,-1.3584,0.301,48.24,0.19,1.29,15.0,-0.0655,-0.1017,-0.0144,0.058,,,,,,,,
128.291,ROTATION_SCAN,2.5998,-1.3593,0.302,49.2,0.01,1.03,15.0,-0.0618,-0.1008,-0.0089,0.058,,,,,,,,
128.328,ROTATION_SCAN,2.6025,-1.3645,0.303,50.12,-0.07,0.76,15.0,-0.0549,-0.1063,-0.0041,0.061,,,,,,,,
128.35,ROTATION_SCAN,2.6067,-1.3664,0.297,50.96,-0.24,0.56,15.0,-0.0453,-0.1026,0.0003,0.061,,,2.919,,,,,
128.406,ROTATION_SCAN,2.6079,-1.3688,0.3,51.8,-0.27,0.55,15.0,-0.0428,-0.099,-0.012,0.062,,,2.919,,,,,
128.478,ROTATION_SCAN,2.6115,-1.3705,0.3,52.5,-0.46,0.47,15.0,-0.036,-0.0937,0.001,0.062,,,,,,,,
128.534,ROTATION_SCAN,2.6124,-1.3726,0.301,53.23,-0.63,0.4,15.0,-0.0365,-0.0883,0.0014,0.065,,,,,,,,
128.605,ROTATION_SCAN,2.6141,-1.3762,0.299,53.9,-0.88,0.34,15.0,-0.036,-0.0853,0.0026,0.065,,,3.011,,,,,
128.627,ROTATION_SCAN,2.6139,-1.3794,0.302,54.56,-1.01,0.3,15.0,-0.0405,-0.08,-0.0014,0.065,,,3.011,,,,,
128.687,ROTATION_SCAN,2.6117,-1.3833,0.301,55.26,-0.92,0.32,15.0,-0.0487,-0.0775,0.0037,0.065,,,,,,,,
128.762,ROTATION_SCAN,2.6107,-1.3843,0.298,55.99,-1.03,0.29,15.0,-0.0539,-0.0688,-0.0014,0.068,,,,,,,,
128.823,ROTATION_SCAN,2.6092,-1.384,0.303,56.71,-1.02,0.14,15.0,-0.0594,-0.0572,-0.0073,0.068,0.938,,,,,,,
128.881,ROTATION_SCAN,2.6065,-1.3854,0.301,57.41,-0.92,0.22,15.0,-0.0666,-0.051,0.0077,0.069,0.938,,,,,,,
128.888,ROTATION_SCAN,2.6046,-1.3836,0.303,58.22,-0.76,0.25,15.0,-0.0699,-0.0399,-0.0053,0.069,0.94,,,,,,,
128.908,ROTATION_SCAN,2.6029,-1.3806,0.301,59.01,-0.69,0.23,15.0,-0.0726,-0.0279,0.0019,0.069,0.94,,,,,,,
128.959,ROTATION_SCAN,2.604,-1.3814,0.301,59.86,-0.45,0.43,15.0,-0.0678,-0.0264,-0.0053,0.069,0.931,,0.177,,,,,
129.031,ROTATION_SCAN,2.6051,-1.3843,0.298,60.68,-0.27,0.64,15.0,-0.0631,-0.0319,-0.0076,0.071,0.931,,0.177,,,,,
129.063,ROTATION_SCAN,2.608,-1.3851,0.3,61.56,-0.26,0.73,15.0,-0.0554,-0.034,-0.0118,0.071,0.939,0.933,0.163,,,,,
129.146,ROTATION_SCAN,2.6059,-1.3823,0.298,62.46,-0.23,0.77,15.0,-0.0585,-0.0294,-0.0061,0.078,0.939,0.933,0.163,,,,,
129.163,ROTATION_SCAN,2.6015,-1.3798,0.299,63.31,-0.37,0.81,15.0,-0.0668,-0.0259,-0.0111,0.078,0.934,0.896,0.154,,,,,
129.213,ROTATION_SCAN,2.6016,-1.3725,0.299,64.19,-0.39,0.8,15.0,-0.0656,-0.0119,-0.0046,0.078,0.934,0.896,0.154,,,,,
129.333,ROTATION_SCAN,2.5997,-1.3709,0.3,65.07,-0.31,0.93,15.0,-0.0684,-0.0123,-0.004,0.078,0.941,0.845,0.151,,,,,
129.379,ROTATION_SCAN,2.595,-1.3678,0.299,65.92,-0.24,1.03,15.0,-0.0766,-0.0109,-0.0008,0.083,0.941,0.845,0.151,,,,,
129.396,ROTATION_SCAN,2.5912,-1.365,0.297,66.72,-0.09,1.19,15.0,-0.081,-0.0116,-0.0035,0.083,0.942,0.811,0.146,,,,,
129.411,ROTATION_SCAN,2.5901,-1.3625,0.297,67.51,0.02,1.21,15.0,-0.0787,-0.014,-0.0089,0.087,0.942,0.811,0.146,,,,,
129.476,ROTATION_SCAN,2.5863,-1.3605,0.299,68.3,0.18,1.32,15.0,-0.0811,-0.0182,-0.0042,0.087,0.945,0.773,0.149,,,,,
129.546,ROTATION_SCAN,2.5818,-1.3594,0.3,69.08,0.15,1.29,15.0,-0.0849,-0.0243,0.0025,0.093,0.945,0.773,0.149,,,,,
129.571,ROTATION_SCAN,2.5772,-1.3591,0.299,69.82,0.18,1.4,15.0,-0.0883,-0.0317,0.0023,0.093,0.947,0.735,0.147,,,,,
129.608,ROTATION_SCAN,2.5739,-1.3567,0.3,70.57,0.17,1.34,15.0,-0.0879,-0.0339,0.0012,0.085,0.947,0.735,0.147,,,,,
129.686,ROTATION_SCAN,2.5702,-1.3578,0.299,71.4,0.19,1.29,15.0,-0.0886,-0.043,0.0033,0.085,0.953,0.7,0.151,,,,,
129.762,ROTATION_SCAN,2.5634,-1.3582,0.295,72.2,0.3,1.27,15.0,-0.0953,-0.0496,0.0009,0.094,0.953,0.7,0.151,,,,,
129.782,ROTATION_SCAN,2.5594,-1.359,0.299,72.95,0.43,1.18,15.0,-0.0937,-0.0562,-0.0034,0.094,0.962,0.655,0.156,,,,,
129.8,ROTATION_SCAN,2.5537,-1.3605,0.299,73.71,0.57,1.16,15.0,-0.0945,-0.0637,0.0105,0.103,0.962,0.655,0.156,,,,,
129.898,ROTATION_SCAN,2.5509,-1.361,0.296,74.43,0.64,0.9,15.0,-0.0868,-0.0652,0.0056,0.103,0.969,0.614,0.156,,,,,
129.925,ROTATION_SCAN,2.547,-1.3641,0.3,75.14,0.69,0.71,15.0,-0.0828,-0.0739,-0.0029,0.113,0.969,0.614,0.156,,,,,
129.999,ROTATION_SCAN,2.5429,-1.3655,0.298,75.9,0.69,0.62,15.0,-0.0784,-0.0753,0.0122,0.113,0.98,0.581,0.161,,,,,
130.011,ROTATION_SCAN,2.5408,-1.3675,0.3,76.66,0.77,0.53,15.0,-0.0692,-0.0769,0.0059,0.123,0.98,0.581,0.161,,,,,
130.054,ROTATION_SCAN,2.5383,-1.3712,0.3,77.45,0.66,0.54,15.0,-0.0625,-0.0808,0.0089,0.123,0.992,0.555,0.164,,,,,
130.138,ROTATION_SCAN,2.5362,-1.3735,0.302,78.28,0.68,0.44,15.0,-0.0554,-0.0829,0.0079,0.136,0.992,0.555,0.164,,,,,
130.162,ROTATION_SCAN,2.5346,-1.3766,0.3,79.1,0.73,0.32,15.0,-0.0472,-0.0843,0.0098,0.136,1.008,0.531,0.167,,,,,
130.227,ROTATION_SCAN,2.5311,-1.3792,0.3,79.91,0.64,0.25,15.0,-0.0448,-0.0838,0.0026,0.146,1.008,0.531,0.167,,,,,
130.293,ROTATION_SCAN,2.5292,-1.3828,0.302,80.66,0.57,0.14,15.0,-0.0403,-0.0827,0.0054,0.146,1.021,0.503,0.173,,,,,
130.345,ROTATION_SCAN,2.526,-1.3862,0.304,81.42,0.58,0.14,15.0,-0.0382,-0.0849,0.0116,0.16,1.021,0.503,0.173,,,,,
130.369,ROTATION_SCAN,2.5238,-1.3888,0.304,82.28,0.8,0.04,15.0,-0.0332,-0.0824,0.0066,0.16,1.032,0.478,0.172,,,,,
130.425,ROTATION_SCAN,2.5217,-1.3916,0.305,83.15,0.86,-0.22,15.0,-0.0272,-0.0795,0.0007,0.161,1.032,0.478,0.172,,,,,
130.473,ROTATION_SCAN,2.5183,-1.3944,0.301,84.0,0.57,-0.53,15.0,-0.026,-0.0739,0.0008,0.161,1.056,0.454,0.176,,,,,
130.508,ROTATION_SCAN,2.5175,-1.3958,0.304,84.76,0.63,-0.74,15.0,-0.0197,-0.0635,-0.0123,0.17,1.056,0.454,0.176,,,,,
130.555,ROTATION_SCAN,2.5134,-1.3981,0.302,85.38,0.68,-0.86,15.0,-0.0212,-0.0552,-0.0054,0.17,1.068,0.436,0.176,,,,,
130.609,ROTATION_SCAN,2.5097,-1.3998,0.302,86.04,0.98,-0.64,15.0,-0.0204,-0.0476,-0.0109,0.181,1.068,0.436,0.176,,,,,
130.676,ROTATION_SCAN,2.5076,-1.4004,0.299,86.63,1.01,-0.57,15.0,-0.014,-0.0387,-0.0138,0.181,1.097,0.42,0.184,,,,,
130.705,ROTATION_SCAN,2.5036,-1.4005,0.299,87.13,1.16,-0.54,-0.0,-0.0129,-0.0307,-0.0208,0.183,1.097,0.42,0.184,,,,,
130.768,ROTATION_SCAN,2.5021,-1.3994,0.297,87.54,1.01,-0.29,-0.0,-0.0052,-0.0218,-0.0149,0.183,1.117,0.411,0.178,,,,,
130.803,ROTATION_SCAN,2.501,-1.3985,0.299,87.83,0.71,-0.15,-0.0,-0.0004,-0.0161,-0.0076,0.191,1.117,0.411,0.178,,,,,
130.87,ROTATION_SCAN,2.5003,-1.3997,0.299,88.04,0.55,-0.15,-0.0,0.0027,-0.0156,-0.005,0.191,1.128,0.404,0.182,,,,,
130.906,ROTATION_SCAN,2.4974,-1.4007,0.3,88.19,0.82,0.03,-0.0,0.0014,-0.0163,-0.0045,0.199,1.128,0.404,0.182,,,,,
130.969,ROTATION_SCAN,2.4955,-1.401,0.297,88.29,0.89,0.07,-0.0,0.0045,-0.0161,-0.0097,0.199,1.134,0.398,0.185,,,,,
131.004,ROTATION_SCAN,2.4955,-1.4007,0.298,88.33,0.82,0.1,-0.0,0.0107,-0.0144,-0.0099,0.206,1.134,0.398,0.185,,,,,
131.065,ROTATION_SCAN,2.4933,-1.4008,0.295,88.51,0.7,0.28,-0.0,0.0106,-0.0148,-0.0031,0.206,1.132,0.397,0.184,,,,,
131.106,ROTATION_SCAN,2.4903,-1.3996,0.295,88.84,0.91,0.31,-0.0,0.0101,-0.0136,-0.0114,0.205,1.132,0.397,0.184,,,,,
131.164,ROTATION_SCAN,2.4874,-1.3984,0.296,89.09,1.34,0.2,-0.0,0.0114,-0.0121,-0.0247,0.205,1.138,0.392,0.18,,,,,
131.226,ROTATION_SCAN,2.4854,-1.3984,0.292,89.41,2.14,-0.49,-0.0,0.021,-0.0092,-0.0332,0.208,1.138,0.392,0.18,,,,,
131.255,ROTATION_SCAN,2.4835,-1.398,0.293,90.14,2.45,-0.27,-0.0,0.0343,-0.0038,-0.0455,0.208,1.149,0.383,0.182,,,,,
131.316,ROTATION_SCAN,2.4849,-1.395,0.292,91.13,2.21,-0.36,-0.0,0.0532,0.0053,-0.0407,0.218,1.149,0.383,0.182,,,,,
131.353,ROTATION_SCAN,2.489,-1.3947,0.29,92.1,1.59,-0.32,-0.0,0.072,0.0097,-0.0176,0.218,1.185,0.376,0.172,,,,,
131.414,ROTATION_SCAN,2.497,-1.3925,0.285,92.83,1.07,-0.41,-0.0,0.0915,0.0162,-0.0133,0.213,1.185,0.376,0.172,,,,,
131.457,ROTATION_SCAN,2.5006,-1.3909,0.284,93.23,0.41,-0.69,-0.0,0.095,0.0232,-0.0186,0.213,1.218,0.371,0.161,,,,,
131.52,ROTATION_SCAN,2.5045,-1.3895,0.288,93.38,-0.45,-0.21,-0.0,0.0926,0.0279,-0.0064,0.204,1.218,0.371,0.161,,,,,
131.557,ROTATION_SCAN,2.5079,-1.3867,0.285,93.12,-1.51,0.2,-0.0,0.0806,0.0298,0.0132,0.204,1.238,0.38,0.151,,,,,
131.622,ROTATION_SCAN,2.5103,-1.3841,0.285,92.65,-1.98,0.64,-0.0,0.0621,0.0277,0.0062,0.19,1.238,0.38,0.151,,,,,
131.65,ROTATION_SCAN,2.5112,-1.3808,0.287,92.04,-1.97,1.11,-0.0,0.0404,0.0228,0.007,0.19,1.235,0.391,0.149,,,,,
131.716,ROTATION_SCAN,2.5112,-1.3796,0.288,91.4,-2.12,1.32,-0.0,0.0195,0.0121,0.0072,0.184,1.235,0.391,0.149,,,,,
131.78,ROTATION_SCAN,2.5078,-1.3777,0.29,90.8,-2.06,1.11,-0.0,-0.0042,0.0069,0.0031,0.184,1.214,0.395,0.151,,,,,
131.808,ROTATION_SCAN,2.5037,-1.3786,0.289,90.23,-1.71,1.25,-0.0,-0.0284,-0.0051,-0.0011,0.188,1.214,0.395,0.151,,,,,
131.876,ROTATION_SCAN,2.4982,-1.3776,0.289,89.65,-1.11,1.64,-0.0,-0.0492,-0.0129,-0.0115,0.188,1.186,0.397,0.16,,,,,
131.95,ROTATION_SCAN,2.4911,-1.3786,0.288,89.02,-0.7,1.74,-0.0,-0.0682,-0.0277,-0.0166,0.197,1.186,0.397,0.16,,,,,
131.984,ROTATION_SCAN,2.485,-1.3806,0.284,88.49,0.05,1.39,-0.0,-0.0781,-0.0417,-0.0308,0.197,1.156,0.398,0.18,,,,,
132.015,ROTATION_SCAN,2.4784,-1.3845,0.281,88.08,0.35,1.1,-0.0,-0.083,-0.0553,-0.0425,0.216,1.156,0.398,0.18,,,,,
132.05,ROTATION_SCAN,2.472,-1.3873,0.281,87.73,0.93,1.0,-0.0,-0.085,-0.0649,-0.0467,0.216,1.124,0.383,0.201,,,,,
132.112,ROTATION_SCAN,2.4664,-1.3928,0.282,87.61,1.6,0.44,-0.0,-0.0785,-0.0763,-0.0518,0.238,1.124,0.383,0.201,,,,,
132.151,ROTATION_SCAN,2.4622,-1.3984,0.277,87.6,1.93,-0.27,-0.0,-0.0654,-0.0829,-0.0513,0.238,1.089,0.37,0.216,,,,,
132.214,ROTATION_SCAN,2.4584,-1.4044,0.273,87.67,1.92,-0.52,-0.0,-0.0518,-0.085,-0.0606,,1.089,0.37,0.216,,,,,
132.255,ROTATION_SCAN,2.4543,-1.4088,0.27,87.75,2.35,-0.62,-0.0,-0.0386,-0.0814,-0.0643,,1.072,0.355,0.227,,,,,
132.31,ROTATION_SCAN,2.4526,-1.4132,0.265,87.69,2.62,-0.9,-0.0,-0.0185,-0.0777,-0.0701,,1.072,0.355,0.227,,,,,
132.371,ROTATION_SCAN,2.4515,-1.4184,0.261,87.65,2.7,-1.29,-0.0,0.0026,-0.0731,-0.0885,,1.058,0.347,0.239,,,,,
132.403,ROTATION_SCAN,2.4532,-1.4211,0.254,87.57,2.47,-1.31,-0.0,0.0281,-0.0613,-0.0835,,1.058,0.347,0.239,,,,,
132.461,ROTATION_SCAN,2.4561,-1.4243,0.25,87.4,2.26,-1.51,-0.0,0.0515,-0.0521,-0.0986,,1.062,0.345,0.239,,,,,
132.505,ROTATION_SCAN,2.4604,-1.4256,0.249,87.17,1.92,-1.86,-0.0,0.0741,-0.0356,-0.1017,0.254,1.062,0.345,0.239,,,,,
132.57,ROTATION_SCAN,2.4641,-1.4258,0.246,86.83,1.36,-1.88,-0.0,0.0884,-0.017,-0.0957,0.254,1.056,0.353,0.231,,,,,
132.605,ROTATION_SCAN,2.4711,-1.4254,0.239,86.38,1.14,-1.82,-0.0,0.1063,0.001,-0.0938,0.223,1.056,0.353,0.231,,,,,
132.671,ROTATION_SCAN,2.4773,-1.4225,0.229,85.91,1.04,-1.52,-0.0,0.1184,0.0219,-0.1002,0.223,1.05,0.37,0.221,,,,,
132.707,ROTATION_SCAN,2.4865,-1.4185,0.222,85.57,0.79,-1.02,-0.0,0.1364,0.0402,-0.1063,0.2,1.05,0.37,0.221,,,,,
132.77,ROTATION_SCAN,2.4941,-1.4142,0.219,85.33,0.41,-0.9,-0.0,0.1447,0.0543,-0.1124,0.2,1.06,0.397,0.205,,,,,
132.8,ROTATION_SCAN,2.5016,-1.4095,0.213,85.51,-0.14,-0.53,-0.0,0.1483,0.0659,-0.0953,0.189,1.06,0.397,0.205,,,,,
132.862,ROTATION_SCAN,2.5107,-1.4047,0.211,85.96,-0.76,-0.01,-0.0,0.1498,0.0743,-0.0977,0.189,1.075,0.418,0.18,,,,,
132.926,ROTATION_SCAN,2.5186,-1.3995,0.205,86.34,-1.2,0.39,-0.0,0.1436,0.0777,-0.0814,0.17,1.075,0.418,0.18,,,,,
132.955,ROTATION_SCAN,2.5277,-1.3938,0.204,86.78,-1.36,0.59,-0.0,0.1393,0.0815,-0.0889,0.17,1.122,0.438,0.153,,,,,
133.017,ROTATION_SCAN,2.5339,-1.3878,0.2,87.06,-1.51,0.7,-0.0,0.1257,0.0837,-0.0827,0.15,1.122,0.438,0.153,,,,,
133.053,ROTATION_SCAN,2.5408,-1.3833,0.193,87.48,-1.72,0.81,-0.0,0.1155,0.08,-0.0836,0.15,1.146,0.45,0.13,,,,,
133.114,ROTATION_SCAN,2.5462,-1.3782,0.192,87.96,-2.33,1.56,-0.0,0.0981,0.0768,-0.0795,0.133,1.146,0.45,0.13,,,,,
133.153,ROTATION_SCAN,2.5509,-1.3739,0.188,88.38,-2.48,1.59,-0.0,0.0782,0.0667,-0.0733,0.133,1.17,0.461,0.107,,,,,
133.215,ROTATION_SCAN,2.5548,-1.3711,0.183,88.76,-3.06,1.9,-0.0,0.0566,0.0521,-0.0647,0.125,1.17,0.461,0.107,,,,,
133.252,ROTATION_SCAN,2.5577,-1.3672,0.185,89.13,-3.01,2.11,-0.0,0.0325,0.0437,-0.0673,0.125,1.183,0.469,0.102,,,,,
133.314,ROTATION_SCAN,2.5589,-1.3648,0.185,89.12,-2.71,2.34,-0.0,0.0084,0.0281,-0.0565,0.118,1.183,0.469,0.102,,,,,
133.353,ROTATION_SCAN,2.5584,-1.3628,0.179,88.91,-2.52,2.37,-0.0,-0.0151,0.0149,-0.0583,0.118,1.178,0.477,0.098,,,,,
133.408,ROTATION_SCAN,2.5562,-1.3628,0.175,88.59,-2.21,2.49,-0.0,-0.0389,-0.0053,-0.0781,0.114,1.178,0.477,0.098,,,,,
133.471,ROTATION_SCAN,2.5535,-1.3634,0.167,88.33,-2.0,2.22,-0.0,-0.0586,-0.0242,-0.0894,0.114,1.158,0.481,0.097,,,,,
133.503,ROTATION_SCAN,2.5505,-1.3649,0.162,88.09,-1.42,2.25,-0.0,-0.0729,-0.0422,-0.0962,0.122,1.158,0.481,0.097,,,,,
133.565,ROTATION_SCAN,2.5462,-1.3681,0.156,87.87,-1.09,1.7,-0.0,-0.0861,-0.0629,-0.1096,0.122,1.15,0.478,0.111,,,,,
133.6,ROTATION_SCAN,2.542,-1.3718,0.15,87.6,-0.92,1.07,-0.0,-0.0938,-0.0762,-0.1175,0.135,1.15,0.478,0.111,,,,,
133.658,ROTATION_SCAN,2.5375,-1.3758,0.144,87.4,-0.74,0.87,-0.0,-0.1002,-0.0842,-0.1131,0.135,1.143,0.47,0.13,,,,,
133.703,ROTATION_SCAN,2.5326,-1.3797,0.136,87.35,-0.17,0.82,-0.0,-0.104,-0.0894,-0.1164,0.151,1.143,0.47,0.13,,,,,
133.769,ROTATION_SCAN,2.5271,-1.3839,0.131,87.35,0.08,0.29,-0.0,-0.1084,-0.0944,-0.1232,0.151,1.125,0.455,0.131,,,,,
133.827,ROTATION_SCAN,2.5217,-1.3889,0.124,87.41,0.41,0.01,-0.0,-0.1052,-0.0958,-0.1196,0.155,1.125,0.455,0.131,,,,,
133.878,ROTATION_SCAN,2.5173,-1.3933,0.117,87.6,0.86,-0.34,-0.0,-0.0961,-0.093,-0.125,0.155,1.106,0.437,0.147,,,,,
133.902,ROTATION_SCAN,2.5135,-1.3971,0.11,87.69,1.03,-0.61,-0.0,-0.0836,-0.0859,-0.1212,0.166,1.106,0.437,0.147,,,,,
133.962,ROTATION_SCAN,2.5111,-1.4008,0.106,87.75,1.05,-1.05,-0.0,-0.0659,-0.0769,-0.132,0.166,1.101,0.422,0.16,,,,,
134.017,ROTATION_SCAN,2.5091,-1.4029,0.101,87.79,1.14,-0.9,-0.0,-0.0489,-0.0588,-0.1197,0.183,1.101,0.422,0.16,,,,,
134.053,ROTATION_SCAN,2.5065,-1.4057,0.095,87.96,1.34,-0.72,-0.0,-0.0404,-0.0527,-0.121,0.183,1.091,0.418,0.165,,,,,
134.115,ROTATION_SCAN,2.505,-1.4079,0.089,87.98,1.18,-0.69,-0.0,-0.0269,-0.0444,-0.119,0.186,1.091,0.418,0.165,,,,,
134.169,ROTATION_SCAN,2.5023,-1.4081,0.082,87.75,1.18,-0.59,-0.0,-0.0296,-0.0303,-0.1095,0.186,1.075,0.414,0.166,,,,,
134.224,ROTATION_SCAN,2.5024,-1.4091,0.079,87.75,0.91,-0.62,-0.0,-0.0101,-0.0214,-0.1093,0.181,1.075,0.414,0.166,,,,,
134.253,ROTATION_SCAN,2.504,-1.4092,0.075,87.73,0.59,-0.75,-0.0,0.0107,-0.009,-0.0897,0.181,1.05,0.418,0.166,,,,,
134.314,ROTATION_SCAN,2.5063,-1.4102,0.071,87.88,0.34,-0.59,-0.0,0.0266,-0.0044,-0.0752,0.186,1.05,0.418,0.166,,,,,
134.353,ROTATION_SCAN,2.5087,-1.4102,0.069,87.9,0.32,0.01,-0.0,0.0364,-0.0005,-0.0534,0.186,1.027,0.419,0.164,,,,,
134.43,ROTATION_SCAN,2.5125,-1.411,0.063,87.87,-0.09,-0.07,-0.0,0.0518,-0.0033,-0.052,0.182,1.027,0.419,0.164,,,,,
134.452,ROTATION_SCAN,2.5157,-1.4118,0.061,87.66,-0.34,-0.06,-0.0,0.0554,-0.0054,-0.0497,0.182,0.974,0.425,0.158,,,,,
134.513,ROTATION_SCAN,2.5188,-1.4121,0.061,87.29,-0.67,0.16,-0.0,0.0549,-0.0051,-0.0393,0.174,0.974,0.425,0.158,,,,,
134.56,ROTATION_SCAN,2.5222,-1.4127,0.059,86.85,-1.28,0.04,-0.0,0.0516,-0.0077,-0.0362,0.174,0.943,0.429,0.162,,,,,
134.619,ROTATION_SCAN,2.5249,-1.4136,0.056,86.33,-1.24,0.02,-0.0,0.0429,-0.0113,-0.035,0.167,0.943,0.429,0.162,,,,,
134.664,ROTATION_SCAN,2.5258,-1.4145,0.053,85.77,-1.43,0.08,-0.0,0.0243,-0.0136,-0.0402,0.167,0.934,0.439,0.159,,,,,
134.718,ROTATION_SCAN,2.5254,-1.4158,0.049,85.18,-1.55,0.0,0.0,0.0033,-0.0186,-0.0588,0.167,0.934,0.439,0.159,,,,,
134.761,ROTATION_SCAN,2.5228,-1.4164,0.036,84.91,-1.87,0.35,0.0,-0.0016,-0.0238,-0.3292,0.167,0.927,0.443,0.168,,,,,
134.844,ROTATION_SCAN,2.5284,-1.4197,0.003,84.83,-1.64,0.85,0.0,0.0162,-0.0343,-0.6057,0.169,0.927,0.443,0.168,,,,,
134.89,ROTATION_SCAN,2.5105,-1.4008,0.003,85.75,-8.67,-1.63,0.0,-0.171,0.1421,0.2062,0.169,,0.434,0.171,,,,,
134.906,ROTATION_SCAN,2.5085,-1.3825,0.008,85.52,-19.04,-0.15,0.0,-0.1852,0.2362,-0.0671,0.178,,0.434,0.171,,,,,
134.966,ROTATION_SCAN,2.5028,-1.3669,0.005,80.28,-7.08,-1.31,0.0,-0.1366,0.1434,-0.271,0.178,0.265,0.09,0.194,,,,,
135.015,ROTATION_SCAN,2.502,-1.3583,0.006,75.95,3.7,1.65,0.0,-0.1181,0.0863,0.064,0.169,0.265,0.09,0.194,,,,,
135.059,ROTATION_SCAN,2.4977,-1.3607,0.013,72.32,1.94,1.22,0.0,-0.0931,-0.0542,-0.0055,0.169,0.196,0.467,0.186,,,,,
135.115,ROTATION_SCAN,2.4909,-1.3677,0.013,71.41,1.81,0.85,0.0,-0.094,-0.1073,0.0498,0.171,0.196,0.467,0.186,,,,,
