time_s,state,x_m,y_m,z_down_m,yaw_deg,roll_deg,pitch_deg,yaw_ref_deg,vx_ms,vy_ms,vz_ms,range_front_m,range_back_m,range_left_m,range_right_m,range_up_m,target_x_m,target_y_m,frontier_x_m,frontier_y_m
0.251,,0.0,0.0,0.013,0.0,0.0,0.0,0.0,0.0,0.0,0.0,0.685,0.414,,1.294,,,,,
0.255,,1.3505,-0.0706,0.012,0.31,-0.39,0.4,0.0,0.0018,0.0014,0.0002,0.684,0.414,,1.294,,,,,
0.26,,1.35,-0.0714,0.014,0.31,-0.36,0.43,0.0,-0.0006,-0.0022,-0.0049,0.684,0.414,,1.29,,,,,
0.264,,1.3497,-0.0711,0.012,0.31,-0.37,0.43,0.0,-0.0018,-0.0015,-0.0033,0.682,0.417,,1.29,,,,,
0.281,,1.3504,-0.0714,0.015,0.31,-0.36,0.4,0.0,0.0021,-0.0019,-0.0063,0.682,0.417,,1.292,,,,,
0.332,,1.3497,-0.0719,0.013,0.3,-0.34,0.43,0.0,-0.0021,-0.0043,-0.0011,0.687,0.409,,1.292,,,,,
0.382,,1.3505,-0.0714,0.011,0.3,-0.36,0.4,0.0,0.0026,-0.0017,-0.0027,0.687,0.409,,1.289,,,,,
0.433,,1.3502,-0.0704,0.012,0.3,-0.4,0.41,0.0,0.0013,0.0035,-0.0077,0.686,0.412,,1.289,,,,,
0.481,,1.3504,-0.0707,0.014,0.3,-0.38,0.41,0.0,0.0029,0.002,-0.008,0.686,0.412,,1.293,,,,,
0.531,,1.3502,-0.0717,0.013,0.3,-0.35,0.42,0.0,0.0015,-0.0025,-0.0027,0.685,0.409,,1.293,,,,,
0.583,,1.3505,-0.0715,0.014,0.3,-0.35,0.41,0.0,0.0028,-0.0014,-0.0022,0.685,0.409,,1.302,,,,,
0.639,,1.3505,-0.0715,0.012,0.3,-0.35,0.42,0.0,0.0022,-0.0015,0.001,0.684,0.417,,1.302,,,,,
0.695,,1.3505,-0.0715,0.013,0.3,-0.35,0.42,0.0,0.0021,-0.0015,-0.0024,0.684,0.417,,1.295,,,,,
0.753,,1.3502,-0.0707,0.012,0.3,-0.38,0.44,0.0,0.0005,0.0032,-0.0021,0.684,0.412,,1.295,,,,,
0.791,,1.3504,-0.0705,0.013,0.3,-0.39,0.44,0.0,0.0018,0.0035,-0.0038,0.684,0.412,,1.29,,,,,
0.846,,1.3495,-0.0717,0.015,0.3,-0.34,0.48,0.0,-0.0033,-0.0027,-0.0026,0.683,0.418,,1.29,,,,,
0.882,,1.3497,-0.0715,0.013,0.3,-0.35,0.46,0.0,-0.0022,-0.0014,0.0024,0.683,0.418,,1.299,,,,,
0.931,,1.3502,-0.0717,0.014,0.3,-0.34,0.44,0.0,0.0003,-0.003,0.0009,0.683,0.412,,1.299,,,,,
0.982,,1.3504,-0.0715,0.012,0.3,-0.35,0.43,0.0,0.0017,-0.0024,0.0014,0.683,0.412,,1.295,,,,,
1.031,,1.3505,-0.0708,0.015,0.3,-0.37,0.43,0.0,0.0018,0.0013,-0.003,0.684,0.415,,1.295,,,,,
1.081,,1.3497,-0.0715,0.013,0.3,-0.34,0.47,0.0,-0.0025,-0.0024,0.0015,0.684,0.415,,1.291,,,,,
1.163,,1.3504,-0.0718,0.013,0.3,-0.33,0.43,0.0,0.0014,-0.0033,-0.0005,0.685,0.41,,1.291,,,,,
1.201,,1.3504,-0.0708,0.014,0.3,-0.37,0.44,0.0,0.0004,0.0019,-0.0021,0.685,0.41,,1.298,,,,,
1.234,,1.3504,-0.0715,0.013,0.3,-0.35,0.43,0.0,0.0001,-0.0018,-0.0006,0.684,0.416,,1.298,,,,,
1.293,,1.3496,-0.0718,0.014,0.3,-0.33,0.46,0.0,-0.0036,-0.0029,-0.0024,0.684,0.416,,1.302,,,,,
1.333,,1.3504,-0.0713,0.015,0.3,-0.36,0.43,0.0,0.0005,0.0003,-0.0009,0.685,0.41,,1.302,,,,,
1.383,,1.3504,-0.0706,0.013,0.3,-0.38,0.43,0.0,0.0007,0.0036,0.0016,0.685,0.41,,1.29,,,,,
1.459,,1.3495,-0.0716,0.014,0.3,-0.33,0.46,0.0,-0.0034,-0.0017,-0.0013,0.687,0.416,,1.29,,,,,
1.482,,1.3504,-0.0708,0.013,0.29,-0.36,0.43,0.0,0.0011,0.0016,-0.0009,0.687,0.416,,1.292,,,,,
1.541,,1.3503,-0.0721,0.011,0.29,-0.32,0.44,0.0,0.0003,-0.0045,-0.0032,0.679,0.409,,1.292,,,,,
1.597,,1.3501,-0.0716,0.011,0.29,-0.34,0.44,0.0,-0.0006,-0.0019,-0.0086,0.679,0.409,,1.301,,,,,
1.657,,1.3501,-0.0707,0.012,0.29,-0.37,0.44,0.0,-0.0,0.0028,-0.0112,0.686,0.416,,1.301,,,,,
1.684,,1.3504,-0.0716,0.014,0.29,-0.34,0.43,0.0,0.0013,-0.0026,-0.0092,0.686,0.416,,1.282,,,,,
1.75,,1.3504,-0.0726,0.013,0.29,-0.3,0.43,0.0,0.0009,-0.0075,-0.0027,0.686,0.408,,1.282,,,,,
1.783,,1.3503,-0.0721,0.013,0.29,-0.33,0.43,0.0,0.0009,-0.0042,-0.0013,0.686,0.408,,1.288,,,,,
1.845,,1.3503,-0.0721,0.012,0.29,-0.33,0.43,0.0,0.0006,-0.0039,-0.001,0.683,0.416,,1.288,,,,,
1.881,,1.3503,-0.0716,0.016,0.29,-0.35,0.44,0.0,0.0009,-0.0015,-0.0028,0.683,0.416,,1.296,,,,,
1.932,,1.3503,-0.0729,0.014,0.29,-0.3,0.44,0.0,0.0006,-0.0082,0.0054,0.686,0.409,,1.296,,,,,
2.024,,1.3495,-0.0717,0.015,0.29,-0.36,0.46,0.0,-0.0031,-0.0017,0.0046,0.686,0.409,,1.297,,,,,
2.035,,1.35,-0.0719,0.012,0.28,-0.34,0.44,0.0,-0.0002,-0.0027,0.0061,0.683,0.417,,1.297,,,,,
2.098,,1.3503,-0.0729,0.014,0.28,-0.3,0.43,0.0,0.0015,-0.0082,-0.001,0.683,0.417,,1.288,,,,,
2.138,,1.3498,-0.0719,0.014,0.28,-0.35,0.45,0.0,-0.0011,-0.0032,-0.0002,0.683,0.41,,1.288,,,,,
2.181,,1.3498,-0.0724,0.014,0.27,-0.33,0.44,0.0,-0.0012,-0.0054,-0.0006,0.683,0.41,,1.293,,,,,
2.232,,1.3502,-0.0717,0.013,0.28,-0.36,0.42,0.0,0.0017,-0.0015,-0.001,0.685,0.416,,1.293,,,,,
2.317,,1.3502,-0.0719,0.015,0.27,-0.35,0.43,0.0,0.0013,-0.003,-0.0036,0.685,0.416,,1.292,,,,,
2.332,,1.35,-0.0719,0.016,0.27,-0.35,0.43,0.0,0.0008,-0.0026,-0.0005,0.684,0.409,,1.292,,,,,
2.398,,1.3498,-0.0719,0.015,0.27,-0.35,0.44,0.0,0.0001,-0.0022,0.0036,0.684,0.409,,1.298,,,,,
2.45,,1.3495,-0.0717,0.015,0.27,-0.37,0.46,0.0,-0.0014,-0.0007,0.0031,0.68,0.419,,1.298,,,,,
2.481,,1.3504,-0.071,0.013,0.27,-0.39,0.42,0.0,0.003,0.0025,0.0018,0.68,0.419,,1.289,,,,,
2.531,,1.3497,-0.0717,0.017,0.27,-0.36,0.45,0.0,-0.0002,-0.0014,-0.0035,0.683,0.41,2.479,1.289,,,,,
2.619,,1.3495,-0.0719,0.012,0.27,-0.35,0.46,0.0,-0.0015,-0.0026,0.0022,0.683,0.41,2.479,1.288,,,,,
2.658,,1.35,-0.0717,0.015,0.27,-0.36,0.44,0.0,0.0012,-0.0018,-0.0057,0.684,0.415,,1.288,,,,,
2.701,,1.3491,-0.0718,0.014,0.27,-0.36,0.47,0.0,-0.0037,-0.0021,-0.003,0.684,0.415,,1.293,,,,,
2.751,,1.3495,-0.0718,0.012,0.27,-0.36,0.45,0.0,-0.001,-0.0016,-0.0041,0.686,0.409,,1.293,,,,,
2.814,,1.3502,-0.0711,0.015,0.27,-0.4,0.42,0.0,0.0025,0.0029,-0.0085,0.686,0.409,,1.299,,,,,
2.833,,1.3495,-0.0718,0.013,0.27,-0.36,0.45,0.0,-0.0021,-0.002,-0.0039,0.685,0.418,,1.299,,,,,
2.916,,1.3502,-0.0721,0.014,0.27,-0.35,0.42,0.0,0.0017,-0.0036,-0.0055,0.685,0.418,,1.285,,,,,
2.966,,1.3494,-0.0721,0.013,0.27,-0.35,0.45,0.0,-0.0028,-0.0032,-0.0037,0.686,0.409,,1.285,,,,,
3.014,,1.3495,-0.0718,0.013,0.27,-0.36,0.44,0.0,-0.0021,-0.0021,-0.0042,0.686,0.409,,1.296,,,,,
3.053,,1.3497,-0.0719,0.014,0.27,-0.36,0.43,0.0,-0.0009,-0.002,-0.0045,0.682,0.418,,1.296,,,,,
3.087,,1.3502,-0.0732,0.012,0.27,-0.31,0.41,0.0,0.0017,-0.0083,-0.0019,0.682,0.418,,1.287,,,,,
3.132,,1.3502,-0.0719,0.015,0.27,-0.36,0.41,0.0,0.0018,-0.0018,-0.0051,0.687,0.412,,1.287,,,,,
3.211,,1.3505,-0.0732,0.013,0.27,-0.31,0.39,0.0,0.0033,-0.0082,-0.0002,0.687,0.412,,1.286,,,,,
3.253,,0.0,-0.0,0.011,-0.0,0.01,0.0,0.0,0.0013,-0.0026,0.0001,0.683,0.424,,1.286,,,,,
3.291,,0.0001,0.0002,0.012,-0.0,-0.16,0.01,0.0,0.0046,0.002,-0.0008,0.683,0.424,,1.297,,,,,
3.347,,0.0003,-0.0008,0.016,-0.0,0.21,-0.04,0.0,0.008,-0.0137,-0.0009,0.685,0.422,,1.297,,,,,
3.381,,-0.001,0.0003,0.015,0.0,-0.26,0.48,0.0,-0.0076,0.0004,0.0052,0.685,0.422,,1.287,,,,,
3.431,,-0.0,-0.0003,0.012,-0.0,-0.15,0.22,0.0,0.0034,-0.0058,0.008,0.684,0.419,,1.287,,,,,
3.505,,0.0006,-0.0002,0.012,-0.0,-0.23,0.15,0.0,0.009,-0.0049,0.0021,0.684,0.419,,1.297,,,,,
3.542,,0.0007,-0.0013,0.013,-0.0,-0.1,0.21,0.0,0.0079,-0.0129,-0.0023,0.683,0.427,,1.297,,,,,
3.608,,0.0003,-0.0004,0.013,-0.0,-0.28,0.29,0.0,0.0047,-0.0049,-0.0016,0.683,0.427,,1.287,,,,,
3.635,,0.0005,-0.0014,0.014,0.0,-0.21,0.29,0.0,0.0056,-0.0104,-0.001,0.687,0.435,,1.287,,,,,
3.685,,0.0005,-0.0003,0.014,0.0,-0.33,0.3,0.0,0.0057,-0.0027,0.0013,0.687,0.435,,1.286,,,,,
3.731,,0.0003,-0.0003,0.013,0.0,-0.34,0.34,0.0,0.0036,-0.0027,0.0023,0.685,0.434,,1.286,,,,,
3.797,,0.0005,-0.0005,0.015,0.0,-0.33,0.33,0.0,0.0045,-0.0038,-0.0002,0.685,0.434,,1.293,,,,,
3.835,,0.0005,-0.0,0.014,0.0,-0.37,0.34,0.0,0.004,-0.0007,0.0025,0.684,0.433,,1.293,,,,,
3.89,,0.0004,-0.0003,0.011,0.0,-0.35,0.35,0.0,0.0035,-0.0023,0.0021,0.684,0.433,,1.289,,,,,
3.931,,0.0004,-0.0013,0.012,0.0,-0.3,0.36,0.0,0.0035,-0.0073,-0.0054,0.682,0.432,,1.289,,,,,
3.981,,0.0004,-0.0015,0.013,0.0,-0.29,0.37,0.0,0.0029,-0.0084,-0.0073,0.682,0.432,,1.291,,,,,
4.074,,0.0004,-0.0013,0.013,0.0,-0.31,0.37,0.0,0.0026,-0.0069,-0.0053,0.685,0.432,,1.291,,,,,
4.121,,0.0004,-0.0013,0.013,0.0,-0.32,0.37,0.0,0.0025,-0.0069,-0.0036,0.685,0.432,,1.292,,,,,
4.15,,0.0004,-0.0008,0.013,0.0,-0.34,0.37,0.0,0.0026,-0.0038,-0.0024,0.682,0.433,,1.292,,,,,
4.193,,0.0004,-0.0003,0.013,0.01,-0.37,0.38,0.0,0.0023,-0.0014,-0.0018,0.682,0.433,,1.29,,,,,
4.246,,0.0007,-0.0005,0.015,0.01,-0.36,0.37,0.0,0.0033,-0.0031,-0.0019,0.687,0.431,,1.29,,,,,
4.281,,0.0004,-0.0012,0.014,0.01,-0.33,0.38,0.0,0.0021,-0.0064,0.0024,0.687,0.431,,1.291,,,,,
4.359,,0.0004,-0.0015,0.014,0.01,-0.32,0.38,0.0,0.0021,-0.008,0.0023,0.685,0.428,,1.291,,,,,
4.384,,0.0006,0.0011,0.014,0.01,-0.43,0.37,0.0,0.0032,0.0051,0.0023,0.685,0.428,,1.289,,,,,
4.446,,-0.0007,0.0003,0.016,0.01,-0.4,0.42,0.0,-0.0036,0.001,0.0018,0.686,0.43,,1.289,,,,,
4.489,,0.0004,0.0003,0.012,0.01,-0.39,0.38,0.0,0.0015,0.0009,0.0054,0.686,0.43,,1.297,,,,,
4.531,,-0.0016,0.0008,0.012,0.01,-0.41,0.45,0.0,-0.0085,0.0038,-0.0027,0.686,0.43,,1.297,,,,,
4.581,,-0.0001,-0.0002,0.013,0.01,-0.37,0.39,0.0,-0.0002,-0.0018,-0.0069,0.686,0.43,,1.283,,,,,
4.656,,-0.0004,-0.0002,0.014,0.02,-0.36,0.4,0.0,-0.001,-0.0018,-0.0067,0.682,0.431,,1.283,,,,,
4.688,,-0.0001,-0.0002,0.015,0.02,-0.36,0.38,0.0,0.0003,-0.0011,-0.0033,0.682,0.431,,1.295,,,,,
4.748,,0.0003,0.0,0.012,0.02,-0.37,0.38,0.0,0.0029,0.0002,0.0019,0.683,0.43,,1.295,,,,,
4.81,,-0.0001,0.0,0.015,0.02,-0.37,0.4,0.0,-0.0,-0.0003,-0.0037,0.683,0.43,,1.296,,,,,
4.83,,0.0004,-0.0013,0.013,0.02,-0.32,0.37,0.0,0.0032,-0.0075,0.0016,0.683,0.43,,1.296,,,,,
4.881,,-0.0001,0.0,0.014,0.02,-0.37,0.4,0.0,0.0008,-0.0003,-0.0008,0.683,0.43,,1.297,,,,,
4.951,,-0.0004,-0.0002,0.013,0.02,-0.35,0.42,0.0,0.0002,-0.0021,0.0002,0.679,0.43,,1.297,,,,,
4.985,,0.0003,0.0007,0.015,0.02,-0.4,0.39,0.0,0.0041,0.0034,-0.0023,0.679,0.43,,1.294,,,,,
5.037,,0.0003,-0.0003,0.014,0.02,-0.35,0.4,0.0,0.0036,-0.002,0.0015,0.682,0.432,,1.294,,,,,
5.081,,-0.0006,-0.0002,0.014,0.02,-0.35,0.44,0.0,-0.0022,-0.0019,0.0007,0.682,0.432,,1.299,,,,,
5.131,,0.0003,0.0007,0.013,0.02,-0.4,0.4,0.0,0.0028,0.0031,-0.0003,0.686,0.43,,1.299,,,,,
5.18,,-0.0006,-0.0,0.014,0.02,-0.36,0.44,0.0,-0.0019,-0.0009,-0.0035,0.686,0.43,,1.294,,,,,
5.246,,0.0004,-0.0,0.016,0.03,-0.36,0.4,0.0,0.0039,-0.0009,-0.0021,0.685,0.43,,1.294,,,,,
5.289,,-0.0004,-0.0004,0.014,0.03,-0.34,0.44,0.0,-0.0012,-0.0033,0.0027,0.685,0.43,,1.293,,,,,
5.349,,0.0005,-0.0004,0.015,0.03,-0.35,0.41,0.0,0.0038,-0.0031,0.0005,0.685,0.426,,1.293,,,,,
5.385,,-0.0002,-0.0,0.012,0.03,-0.36,0.44,0.0,-0.0001,-0.0009,0.0015,0.685,0.426,,1.283,,,,,
5.43,,0.0004,-0.0014,0.015,0.03,-0.3,0.42,0.0,0.0025,-0.0073,-0.0056,0.685,0.431,,1.283,,,,,
5.48,,0.0004,-0.0,0.016,0.03,-0.36,0.42,0.0,0.0022,-0.0007,-0.0025,0.685,0.431,,1.294,,,,,
5.54,,0.0004,-0.0001,0.013,0.03,-0.36,0.42,0.0,0.0022,-0.0003,0.0024,0.684,0.429,,1.294,,,,,
5.599,,0.0004,0.0008,0.015,0.03,-0.39,0.42,0.0,0.0021,0.0037,-0.0023,0.684,0.429,,1.289,,,,,
5.637,,0.0004,-0.0001,0.016,0.03,-0.35,0.43,0.0,0.0014,-0.0012,-0.0002,0.684,0.423,,1.289,,,,,
5.68,,-0.0002,0.0002,0.014,0.03,-0.36,0.45,0.0,-0.0017,-0.0002,0.0029,0.684,0.423,,1.288,,,,,
5.73,,0.0001,0.0011,0.012,0.03,-0.4,0.44,0.0,0.0002,0.0041,-0.0003,0.686,0.432,,1.288,,,,,
5.78,,-0.0001,-0.0001,0.014,0.04,-0.35,0.45,0.0,-0.0014,-0.0015,-0.0067,0.686,0.432,,1.3,,,,,
5.835,,0.0004,0.0002,0.013,0.04,-0.36,0.42,0.0,0.0014,-0.0001,-0.0052,0.681,0.431,,1.3,,,,,
5.896,,-0.0002,-0.0001,0.014,0.04,-0.35,0.45,0.0,-0.0018,-0.0015,-0.0066,0.681,0.431,,1.291,,,,,
5.934,,0.0004,-0.0004,0.015,0.04,-0.34,0.42,0.0,0.0012,-0.0032,-0.0039,0.685,0.432,,1.291,,,,,
5.98,,0.0004,-0.0001,0.014,0.04,-0.35,0.43,0.0,0.0014,-0.0019,-0.0006,0.685,0.432,,1.289,,,,,
6.03,,0.0004,-0.0001,0.014,0.04,-0.35,0.43,0.0,0.0012,-0.0018,-0.0011,0.687,0.431,,1.289,,,,,
6.116,,-0.0002,-0.0001,0.014,0.04,-0.35,0.45,0.0,-0.0011,-0.0016,-0.0011,0.687,0.431,,1.298,,,,,
6.133,,-0.0017,-0.0004,0.013,0.04,-0.35,0.51,0.0,-0.0085,-0.0028,-0.0013,0.683,0.429,,1.298,,,,,
6.195,,-0.0002,-0.0001,0.013,0.04,-0.36,0.45,0.0,-0.0004,-0.0013,-0.0035,0.683,0.429,,1.298,,,,,
6.235,,-0.0002,-0.0001,0.015,0.04,-0.36,0.46,0.0,-0.0008,-0.0016,-0.0049,0.684,0.431,,1.298,,,,,
6.28,,0.0003,-0.0006,0.014,0.04,-0.34,0.44,0.0,0.0015,-0.0044,-0.0012,0.684,0.431,,1.289,,,,,
6.33,,0.0002,0.0006,0.012,0.04,-0.39,0.44,0.0,0.0016,0.0016,-0.0009,0.686,0.434,,1.289,,,,,
6.42,,-0.0004,-0.0003,0.015,0.04,-0.36,0.47,0.0,-0.0019,-0.0031,-0.0053,0.686,0.434,,1.287,,,,,
6.43,,-0.0007,-0.0001,0.014,0.04,-0.37,0.49,0.0,-0.0034,-0.002,-0.0003,0.685,0.432,,1.287,,,,,
6.492,,-0.0005,-0.0001,0.013,0.04,-0.37,0.47,0.0,-0.0019,-0.0015,0.0002,0.685,0.432,,1.295,,,,,
6.532,,0.0003,-0.0004,0.014,0.04,-0.36,0.44,0.0,0.002,-0.0022,-0.0021,0.684,0.431,,1.295,,,,,
6.582,,0.0003,-0.0016,0.016,0.04,-0.31,0.44,0.0,0.0028,-0.008,-0.0018,0.684,0.431,,1.29,,,,,
6.63,,-0.0006,0.0001,0.015,0.05,-0.38,0.48,0.0,-0.0019,0.0007,0.0036,0.682,0.433,,1.29,,,,,
6.708,,-0.0005,-0.0002,0.013,0.05,-0.37,0.47,0.0,0.0003,-0.0003,0.0032,0.682,0.433,,1.294,,,,,
6.733,,-0.0008,-0.0005,0.016,0.05,-0.35,0.48,0.0,-0.0002,-0.0014,-0.0017,0.682,0.428,,1.294,,,,,
6.797,,0.0003,-0.0015,0.014,0.05,-0.31,0.45,0.0,0.005,-0.0067,0.0015,0.682,0.428,,1.29,,,,,
6.835,,-0.0002,-0.0002,0.016,0.05,-0.37,0.48,0.0,0.0027,0.0011,-0.0001,0.686,0.432,,1.29,,,,,
6.88,,-0.0005,-0.0002,0.015,0.05,-0.37,0.49,-0.0,0.0019,0.0006,0.0019,0.686,0.432,,1.303,,,,,
6.93,,-0.0008,0.0001,0.016,0.06,-0.35,0.5,-0.0,-0.0018,0.0037,0.002,0.685,0.428,,1.303,,,,,
7.012,,-0.0019,0.0007,0.01,0.06,-0.42,0.56,-0.0,-0.0107,0.0088,0.0039,0.685,0.428,,1.297,,,,,
7.057,,-0.0028,0.0029,0.007,0.05,-0.36,0.66,-0.0,-0.0183,0.0201,-0.0089,0.686,0.427,,1.297,,,,,
7.084,,-0.006,0.0065,0.007,0.03,-0.13,0.63,-0.0,-0.0348,0.0347,-0.01,0.686,0.427,,1.311,,,,,
7.134,,-0.0108,0.0074,0.0,0.05,0.1,0.89,-0.0,-0.0548,0.0307,0.0221,0.689,0.432,,1.311,,,,,
7.185,,-0.0119,0.0052,0.0,0.14,0.33,0.68,-0.0,-0.0539,0.0122,0.0405,0.689,0.432,,1.344,,,,,
7.231,,-0.0182,0.008,0.0,0.15,0.42,0.69,-0.0,-0.0733,0.0166,0.0725,0.687,0.43,,1.344,,,,,
7.296,,-0.0314,0.0141,0.002,0.12,0.48,-0.04,-0.0,-0.1219,0.039,0.1028,0.687,0.43,,1.377,,,,,
7.34,,-0.0278,0.0046,0.018,0.06,0.86,-1.15,-0.0,-0.0714,-0.0201,0.1196,0.688,0.476,,1.377,,,,,
7.383,,-0.0251,0.0048,0.031,-0.03,0.59,-1.7,-0.0,-0.0288,-0.0212,0.1507,0.688,0.476,,1.375,,,,,
7.434,,-0.0246,-0.0016,0.053,-0.03,0.36,-2.0,-0.0,-0.0044,-0.0508,0.1812,0.683,,,1.375,,,,,
7.479,,-0.023,-0.0055,0.063,-0.07,0.0,-1.73,-0.0,0.0197,-0.0587,0.2128,0.683,,,1.385,,,,,
7.53,,-0.0228,-0.0082,0.08,-0.15,-0.42,-1.01,-0.0,0.0264,-0.0561,0.2237,0.674,1.198,,1.385,,,,,
7.594,,-0.0157,-0.0122,0.087,-0.27,-0.61,-0.83,-0.0,0.0612,-0.0569,0.2377,0.674,1.198,,1.385,,,,,
7.641,,-0.011,-0.0137,0.1,-0.46,-0.87,-0.45,-0.0,0.0741,-0.0452,0.2258,0.663,1.214,,1.385,,,,,
7.715,,-0.0046,-0.0144,0.113,-0.74,-1.11,0.18,-0.0,0.0889,-0.0305,0.2327,0.663,1.214,,1.383,,,,,
7.732,,-0.0007,-0.0156,0.128,-1.03,-1.03,0.88,-0.0,0.0828,-0.0205,0.2315,0.647,1.229,,1.383,,,,,
7.788,,0.0056,-0.0162,0.133,-1.32,-0.83,1.06,-0.0,0.0848,-0.011,0.2434,0.647,1.229,,1.384,,,,,
7.83,,0.0116,-0.016,0.142,-1.54,-0.55,1.08,-0.0,0.0853,-0.002,0.2235,0.636,1.244,,1.384,,,,,
7.904,,0.0158,-0.0154,0.147,-1.8,-0.44,1.39,-0.0,0.0759,0.0056,0.24,0.636,1.244,,1.386,,,,,
7.947,,0.0196,-0.015,0.158,-2.0,-0.11,1.58,-0.0,0.0651,0.0084,0.2197,0.629,1.253,2.415,1.386,,,,,
8.002,,0.0223,-0.0141,0.169,-2.06,0.12,1.67,-0.0,0.0502,0.0111,0.2329,0.629,1.253,2.415,1.383,,,,,
8.034,,0.0256,-0.0136,0.182,-2.15,0.3,1.49,-0.0,0.041,0.01,0.2255,0.626,1.252,,1.383,,,,,
8.079,,0.0274,-0.0126,0.191,-2.17,0.33,1.39,-0.0,0.0284,0.0095,0.2299,0.626,1.252,,1.386,,,,,
8.173,,0.0308,-0.0069,0.207,-2.13,0.23,1.16,-0.0,0.0259,0.0274,0.2166,0.625,1.245,2.391,1.386,,,,,
8.18,,0.0308,-0.0057,0.219,-2.04,0.3,0.94,-0.0,0.0125,0.0251,0.2271,0.625,1.245,2.391,1.39,,,,,
8.268,,0.0306,-0.0042,0.233,-1.94,0.58,0.66,-0.0,0.0034,0.0229,0.2144,0.629,1.245,2.385,1.39,,,,,
8.282,,0.0311,-0.0002,0.241,-1.82,0.63,0.43,-0.0,-0.0,0.0274,0.2139,0.629,1.245,2.385,1.39,,,,,
8.348,,0.0299,-0.0006,0.25,-1.75,0.73,0.33,-0.0,-0.0065,0.0172,0.1915,0.626,1.234,2.379,1.39,,,,,
8.379,,0.0299,0.002,0.255,-1.68,0.57,0.09,-0.0,-0.0074,0.0168,0.1855,0.626,1.234,2.379,1.394,,,,,
8.461,,0.0309,0.0045,0.268,-1.6,0.46,-0.09,-0.0,-0.0041,0.0173,0.1568,0.626,1.225,2.379,1.394,,,,,
8.522,,0.0306,-0.008,0.274,-1.59,0.57,-0.17,-0.0,-0.0035,-0.0222,0.1625,0.626,1.225,2.379,1.398,,,,,
8.544,,0.0282,-0.01,0.284,-1.6,0.21,-0.21,-0.0,-0.0077,-0.0278,0.1418,0.628,1.211,2.372,1.398,,,,,
8.602,,0.0273,-0.0139,0.289,-1.63,-0.04,-0.34,-0.0,-0.0069,-0.0348,0.1377,0.628,1.211,2.372,1.39,,,,,
8.641,,0.0264,-0.0156,0.296,-1.61,-0.26,-0.23,-0.0,-0.0062,-0.034,0.1181,0.632,1.215,2.393,1.39,,,,,
8.691,,0.0276,-0.0184,0.301,-1.61,-0.4,-0.13,-0.0,-0.0009,-0.034,0.1106,0.632,1.215,2.393,1.388,,,,,
8.737,,0.027,-0.0225,0.31,-1.65,-0.51,-0.06,-0.0,-0.0011,-0.0361,0.0995,0.627,1.209,2.387,1.388,,,,,
8.789,,0.0261,-0.0248,0.313,-1.66,-0.59,0.02,-0.0,-0.0027,-0.0328,0.0964,0.627,1.209,2.387,1.392,,,,,
8.834,,0.0263,-0.0262,0.317,-1.58,-0.63,-0.02,-0.0,-0.0017,-0.0274,0.0812,0.624,1.207,2.381,1.392,,,,,
8.888,,0.0269,-0.0274,0.322,-1.47,-0.58,-0.05,-0.0,0.0004,-0.0221,0.0724,0.624,1.207,2.381,1.385,,,,,
8.933,,0.0251,-0.028,0.325,-1.38,-0.51,-0.06,-0.0,-0.0028,-0.0168,0.0635,0.627,1.199,2.38,1.385,,,,,
8.98,,0.0236,-0.0278,0.329,-1.31,-0.38,-0.07,-0.0,-0.0051,-0.0109,0.0533,0.627,1.199,2.38,1.383,,,,,
9.029,,0.0237,-0.0284,0.33,-1.25,-0.26,-0.1,-0.0,-0.0037,-0.0083,0.049,0.625,1.199,2.379,1.383,,,,,
9.1,,0.0297,-0.0197,0.339,-1.24,-0.33,-0.14,-0.0,0.0096,0.0119,0.0373,0.625,1.199,2.379,1.383,,,,,
9.144,,0.0212,-0.0303,0.336,-1.2,-0.0,-0.03,-0.0,-0.0073,-0.0079,0.0454,0.625,1.196,2.376,1.383,,,,,
9.196,,0.0297,-0.0218,0.34,-1.18,0.09,-0.14,-0.0,0.0101,0.0083,0.0252,0.625,1.196,2.376,1.381,,,,,
9.259,,0.0298,-0.0229,0.343,-1.15,0.26,0.02,-0.0,0.0103,0.0042,0.0266,0.626,1.19,2.383,1.381,,,,,
9.285,,0.0373,-0.0155,0.34,-1.11,0.37,0.08,-0.0,0.0226,0.0151,0.0225,0.626,1.19,2.383,1.389,,,,,
9.346,ROTATION_SCAN,0.0376,-0.0132,0.343,-1.07,0.43,0.24,-0.0,0.0201,0.0145,0.0062,0.625,1.191,2.373,1.389,,,,,
9.379,ROTATION_SCAN,0.0412,-0.0131,0.342,-1.03,0.45,0.28,-0.0,0.0222,0.0098,0.0122,0.625,1.191,2.373,1.392,,,,,
9.495,ROTATION_SCAN,0.0445,-0.0115,0.34,-1.01,0.43,0.33,15.0,0.0238,0.0083,0.0047,0.621,1.196,2.386,1.392,,,,,
9.508,ROTATION_SCAN,0.0439,-0.0125,0.344,-0.86,0.46,0.35,15.0,0.0176,0.0022,-0.0006,0.621,1.196,2.386,1.385,,,,,
9.574,ROTATION_SCAN,0.0461,-0.0159,0.347,-0.61,0.41,0.37,15.0,0.0171,-0.0075,0.0058,0.625,1.195,2.365,1.385,,,,,
9.648,ROTATION_SCAN,0.0495,-0.0184,0.347,-0.26,0.27,0.41,15.0,0.0183,-0.0142,0.0051,0.625,1.195,2.365,1.386,,,,,
9.667,ROTATION_SCAN,0.0505,-0.0193,0.342,0.21,0.01,0.4,15.0,0.0149,-0.0159,0.0016,0.622,1.199,2.386,1.386,,,,,
9.686,ROTATION_SCAN,0.0498,-0.0219,0.343,0.79,-0.21,0.33,15.0,0.0095,-0.0182,-0.0086,0.622,1.199,2.386,1.38,,,,,
9.732,ROTATION_SCAN,0.0521,-0.0243,0.343,1.5,-0.35,0.3,15.0,0.0097,-0.0187,-0.003,0.629,1.195,2.378,1.38,,,,,
9.794,ROTATION_SCAN,0.0543,-0.0243,0.343,2.34,-0.44,0.33,15.0,0.0098,-0.0141,-0.0044,0.629,1.195,2.378,1.381,,,,,
9.853,ROTATION_SCAN,0.0549,-0.0267,0.342,3.21,-0.54,0.38,15.0,0.0069,-0.0133,-0.0051,0.644,1.195,2.376,1.381,,,,,
9.9,ROTATION_SCAN,0.0578,-0.0259,0.343,4.11,-0.65,0.41,15.0,0.0074,-0.0064,-0.0062,0.644,1.195,2.376,1.381,,,,,
9.937,ROTATION_SCAN,0.0603,-0.024,0.342,5.06,-0.67,0.54,15.0,0.0067,0.0025,-0.0023,0.682,1.2,2.358,1.381,,,,,
10.0,ROTATION_SCAN,0.059,-0.0229,0.344,6.0,-0.66,0.61,15.0,-0.0013,0.0092,-0.0045,0.682,1.2,2.358,1.4,,,,,
10.043,ROTATION_SCAN,0.0768,-0.0155,0.346,6.99,-0.62,0.48,15.0,0.0229,0.0256,-0.002,0.802,1.202,2.383,1.4,,,,,
10.086,ROTATION_SCAN,0.0767,-0.0125,0.344,7.89,-0.47,0.58,15.0,0.0164,0.0327,0.0002,0.802,1.202,2.383,1.398,,,,,
10.129,ROTATION_SCAN,0.0789,-0.0077,0.342,8.74,-0.39,0.77,15.0,0.0128,0.0406,-0.0044,,1.2,2.4,1.398,,,,,
10.195,ROTATION_SCAN,0.0773,-0.0007,0.347,9.62,-0.15,1.06,15.0,0.0018,0.0499,-0.0049,,1.2,2.4,1.412,,,,,
10.262,ROTATION_SCAN,0.0771,0.0007,0.344,10.48,0.16,1.37,15.0,-0.0085,0.0465,0.0059,2.082,1.206,2.39,1.412,,,,,
10.294,ROTATION_SCAN,0.0749,0.0075,0.342,11.3,0.39,1.47,15.0,-0.0221,0.0496,-0.0057,2.082,1.206,2.39,1.427,,,,,
10.343,ROTATION_SCAN,0.0729,0.0102,0.34,12.13,0.63,1.53,15.0,-0.0347,0.0437,-0.0101,,,2.388,1.427,,,,,
10.442,ROTATION_SCAN,0.0739,0.0128,0.345,12.97,0.68,1.33,15.0,-0.041,0.0364,-0.0112,,,2.388,1.44,,,,,
10.46,ROTATION_SCAN,0.071,0.013,0.345,13.81,0.76,1.18,15.0,-0.0511,0.0253,0.0017,,,2.408,1.44,,,,,
10.497,ROTATION_SCAN,0.0645,0.0119,0.344,14.63,0.81,0.97,15.0,-0.0649,0.0131,-0.0032,,,2.408,1.46,,,,,
10.529,ROTATION_SCAN,0.0622,0.0112,0.341,15.49,0.79,0.67,15.0,-0.0683,0.0024,-0.008,,,,1.46,,,,,
10.602,ROTATION_SCAN,0.0586,0.0098,0.342,16.29,0.83,0.51,15.0,-0.0715,-0.0077,-0.0133,,,,1.467,,,,,
10.637,ROTATION_SCAN,0.0522,0.0103,0.34,17.07,0.78,0.36,15.0,-0.0781,-0.0137,-0.0087,,,,1.467,,,,,
10.699,ROTATION_SCAN,0.0509,0.0086,0.341,17.87,0.76,0.1,15.0,-0.0738,-0.0223,-0.0148,,,,,,,,,
10.786,ROTATION_SCAN,0.0502,0.0068,0.341,18.71,0.7,-0.19,15.0,-0.0666,-0.0293,-0.0099,,,,,,,,,
10.816,ROTATION_SCAN,0.047,0.0061,0.342,19.58,0.62,-0.47,15.0,-0.0622,-0.0322,-0.0102,,,,,,,,,
10.851,ROTATION_SCAN,0.0479,0.0042,0.338,20.5,0.59,-0.66,15.0,-0.0491,-0.0357,-0.0061,,,,,,,,,
10.886,ROTATION_SCAN,0.0544,0.0046,0.338,21.43,0.45,-0.85,15.0,-0.0257,-0.0336,-0.0112,,,,,,,,,
10.934,ROTATION_SCAN,0.057,0.004,0.342,22.29,0.26,-0.66,15.0,-0.0113,-0.0322,-0.0083,,,,,,,,,
11.031,ROTATION_SCAN,0.0567,0.0039,0.339,23.11,0.11,-0.46,15.0,-0.0058,-0.0292,-0.0017,,,,,,,,,
11.043,ROTATION_SCAN,0.0595,-0.0006,0.34,23.92,-0.0,-0.25,15.0,0.0028,-0.0338,-0.0094,,,,,,,,,
11.083,ROTATION_SCAN,0.0644,0.0003,0.341,24.69,-0.15,0.12,15.0,0.0122,-0.0281,-0.0049,,,,,,,,,
11.144,ROTATION_SCAN,0.0699,0.0023,0.34,25.42,-0.27,0.33,15.0,0.0193,-0.0208,-0.0048,,,,,,,,,
11.184,ROTATION_SCAN,0.0777,0.0042,0.338,26.14,-0.26,0.57,15.0,0.0281,-0.0144,-0.0074,,,,,,,,,
11.229,ROTATION_SCAN,0.0821,0.003,0.341,26.88,-0.34,0.85,15.0,0.0275,-0.0156,-0.0098,,,,,3.735,,,,
11.306,ROTATION_SCAN,0.0884,0.0065,0.338,27.56,-0.34,1.05,15.0,0.029,-0.0084,-0.0048,,,,,3.735,,,,
11.331,ROTATION_SCAN,0.0912,0.0091,0.337,28.25,-0.34,1.25,15.0,0.0221,-0.004,-0.0131,,,,,,,,,
11.395,ROTATION_SCAN,0.0976,0.0093,0.338,28.97,-0.32,1.62,15.0,0.0213,-0.0063,-0.0109,,,,,,,,,
11.435,ROTATION_SCAN,0.1001,0.0131,0.338,29.61,-0.26,1.85,15.0,0.011,-0.0026,-0.0083,,,,,,,,,
11.48,ROTATION_SCAN,0.1045,0.0154,0.336,30.31,-0.23,2.07,15.0,0.0044,-0.0037,-0.0109,,,,,,,,,
11.573,ROTATION_SCAN,0.105,0.0167,0.336,30.99,-0.24,2.12,15.0,-0.0108,-0.0077,-0.0136,,,,,,,,,
11.59,ROTATION_SCAN,0.1059,0.0181,0.337,31.71,-0.22,2.06,15.0,-0.0237,-0.0115,-0.0112,,,,,,,,,
11.664,ROTATION_SCAN,0.1036,0.0199,0.336,32.39,-0.17,1.86,15.0,-0.0406,-0.0136,-0.0078,,,,,,,,,
11.681,ROTATION_SCAN,0.1,0.0185,0.335,33.1,-0.04,1.71,15.0,-0.0566,-0.0221,-0.0102,,,,,,,,,
11.761,ROTATION_SCAN,0.1007,0.0195,0.337,33.81,0.08,1.44,15.0,-0.0603,-0.0248,-0.0124,,,,,3.737,,,,
11.792,ROTATION_SCAN,0.0974,0.0228,0.334,34.51,0.17,1.29,15.0,-0.0694,-0.0224,-0.0087,,,,,3.737,,,,
11.851,ROTATION_SCAN,0.0948,0.0243,0.336,35.25,0.28,1.21,15.0,-0.0749,-0.0242,-0.017,,,,,,,,,
11.88,ROTATION_SCAN,0.0926,0.0218,0.338,36.02,0.38,1.06,15.0,-0.0776,-0.0343,-0.0112,,,,,,,,,
11.942,ROTATION_SCAN,0.0886,0.0208,0.333,36.75,0.35,0.97,15.0,-0.0826,-0.0402,-0.0075,,,,,,,,,
12.013,ROTATION_SCAN,0.0857,0.0204,0.333,37.43,0.29,0.77,15.0,-0.0842,-0.0433,-0.0179,,,,,,,,,
12.034,ROTATION_SCAN,0.0846,0.0205,0.332,38.09,0.15,0.63,15.0,-0.081,-0.0433,-0.0169,,,,,,,,,
12.083,ROTATION_SCAN,0.0811,0.0207,0.332,38.77,0.08,0.51,15.0,-0.0829,-0.0421,-0.0199,,,,,,,,,
12.151,ROTATION_SCAN,0.0773,0.0192,0.332,39.39,0.02,0.26,15.0,-0.0845,-0.043,-0.0173,,,,,,,,,
12.179,ROTATION_SCAN,0.0737,0.0194,0.329,40.03,0.02,0.12,15.0,-0.0842,-0.0391,-0.0189,,,,,,,,,
12.275,ROTATION_SCAN,0.0713,0.0203,0.329,40.65,-0.04,-0.09,15.0,-0.0803,-0.0326,-0.0236,,,,,,,,,
12.284,ROTATION_SCAN,0.068,0.0189,0.328,41.3,-0.08,-0.21,15.0,-0.0783,-0.0314,-0.0243,,,,,,,,,
12.369,ROTATION_SCAN,0.0684,0.022,0.328,41.95,-0.0,-0.32,15.0,-0.0678,-0.0197,-0.0269,,,,,,,,,
12.387,ROTATION_SCAN,0.0664,0.0263,0.325,42.56,-0.02,-0.24,15.0,-0.0628,-0.0066,-0.0266,,,,0.876,,,,,
12.448,ROTATION_SCAN,0.0652,0.0287,0.321,43.12,0.04,-0.22,15.0,-0.0572,0.0008,-0.0301,,,,0.876,,,,,
12.534,ROTATION_SCAN,0.0671,0.0318,0.323,43.71,0.16,-0.07,15.0,-0.045,0.008,-0.0302,,,,0.864,,,,,
12.56,ROTATION_SCAN,0.0688,0.0369,0.321,44.28,0.31,0.13,15.0,-0.0348,0.0176,-0.0179,,,,0.864,,,,,
12.584,ROTATION_SCAN,0.0715,0.0407,0.321,44.93,0.52,0.32,15.0,-0.0236,0.0209,-0.0205,,,,0.846,,,,,
12.648,ROTATION_SCAN,0.0721,0.0453,0.322,45.66,0.63,0.57,15.0,-0.0184,0.023,-0.0165,,,,0.846,,,,,
12.682,ROTATION_SCAN,0.0733,0.0479,0.319,46.39,0.83,0.79,15.0,-0.0131,0.0185,-0.011,,,,0.835,,,,,
12.744,ROTATION_SCAN,0.075,0.052,0.319,47.1,0.79,1.11,15.0,-0.0074,0.0161,-0.0162,,,,0.835,,,,,
12.793,ROTATION_SCAN,0.0795,0.0538,0.318,47.81,0.79,1.4,15.0,0.0019,0.0067,-0.0081,,,,0.813,,,,,
12.831,ROTATION_SCAN,0.0805,0.0557,0.319,48.47,0.74,1.67,15.0,0.0009,-0.0027,-0.008,,,,0.813,,,,,
12.878,ROTATION_SCAN,0.0833,0.0577,0.318,49.14,0.6,1.95,15.0,0.0025,-0.0122,-0.0026,,,,0.797,,,,,
12.939,ROTATION_SCAN,0.0849,0.0596,0.32,49.81,0.49,2.17,15.0,-0.0013,-0.0216,-0.0022,,,,0.797,,,,,
13.025,ROTATION_SCAN,0.086,0.0599,0.319,50.48,0.33,2.21,15.0,-0.0071,-0.0338,-0.0029,,,,0.793,,,,,
13.042,ROTATION_SCAN,0.0881,0.0596,0.318,51.14,0.14,2.09,15.0,-0.0104,-0.0449,-0.0063,,,,0.793,,,,,
13.082,ROTATION_SCAN,0.0866,0.0558,0.317,51.87,-0.04,1.92,15.0,-0.0224,-0.0621,-0.0076,,,,0.785,,,,,
13.148,ROTATION_SCAN,0.0861,0.0527,0.315,52.65,-0.2,1.81,15.0,-0.0306,-0.0738,-0.0085,,,,0.785,,,,,
13.178,ROTATION_SCAN,0.0854,0.0503,0.317,53.49,-0.29,1.54,15.0,-0.0387,-0.0807,-0.0124,,,,0.773,,,,,
13.242,ROTATION_SCAN,0.0817,0.0452,0.317,54.39,-0.39,1.27,15.0,-0.052,-0.0909,-0.0021,,,,0.773,,,,,
13.31,ROTATION_SCAN,0.0796,0.0437,0.315,55.3,-0.36,0.96,15.0,-0.0582,-0.0895,-0.0049,,,,0.766,,,,,
13.354,ROTATION_SCAN,0.0743,0.0381,0.32,56.25,-0.34,0.66,15.0,-0.0702,-0.096,-0.0109,,,,0.766,,,,,
13.389,ROTATION_SCAN,0.0709,0.0364,0.318,57.17,-0.19,0.32,15.0,-0.0742,-0.0912,0.0019,,,,0.75,,,,,
13.437,ROTATION_SCAN,0.0672,0.0364,0.316,58.09,-0.09,0.16,15.0,-0.0762,-0.0821,-0.007,,,,0.75,,,,,
13.493,ROTATION_SCAN,0.0625,0.0361,0.317,59.02,-0.03,0.11,15.0,-0.0792,-0.0739,-0.0097,,,,0.734,,,,,
13.528,ROTATION_SCAN,0.0615,0.0376,0.316,59.81,0.26,-0.09,15.0,-0.0719,-0.0626,-0.0078,,,,0.734,,,,,
13.578,ROTATION_SCAN,0.0573,0.0385,0.315,60.58,0.4,-0.16,15.0,-0.0706,-0.0536,-0.0132,,,,0.724,,,,,
13.643,ROTATION_SCAN,0.0552,0.0409,0.314,61.37,0.43,-0.08,15.0,-0.0641,-0.043,-0.0152,,,,0.724,,,,,
13.71,ROTATION_SCAN,0.0517,0.0413,0.317,62.13,0.54,0.04,15.0,-0.0613,-0.0386,-0.0186,,,,0.717,,,,,
13.74,ROTATION_SCAN,0.0506,0.0446,0.317,62.91,0.71,0.25,15.0,-0.0531,-0.0299,-0.0079,,,,0.717,,,,,
13.784,ROTATION_SCAN,0.0493,0.0474,0.314,63.67,0.83,0.47,15.0,-0.0457,-0.0251,-0.0121,,,,0.71,,,,,
13.841,ROTATION_SCAN,0.0471,0.0504,0.315,64.55,0.91,0.73,15.0,-0.041,-0.0228,-0.0161,,,,0.71,,,,,
13.884,ROTATION_SCAN,0.0457,0.0517,0.311,65.49,0.99,0.8,15.0,-0.0353,-0.0256,-0.0124,,,,0.701,,,,,
13.931,ROTATION_SCAN,0.0452,0.0531,0.312,66.46,1.07,0.84,15.0,-0.0275,-0.0289,-0.0227,,,,0.701,,,,,
14.007,ROTATION_SCAN,0.0456,0.0567,0.31,67.48,1.11,0.98,15.0,-0.0183,-0.0277,-0.0134,,,,0.693,,,,,
14.041,ROTATION_SCAN,0.0487,0.0574,0.31,68.45,1.1,0.97,15.0,-0.0034,-0.0334,-0.0159,,,,0.693,,,,,
14.085,ROTATION_SCAN,0.0499,0.0567,0.308,69.5,0.94,1.02,15.0,0.0047,-0.0416,-0.0118,,,,0.679,,,,,
14.156,ROTATION_SCAN,0.053,0.0581,0.308,70.48,0.64,1.12,15.0,0.0143,-0.0439,-0.016,,,,0.679,,,,,
14.193,ROTATION_SCAN,0.0558,0.0597,0.312,71.48,0.46,1.16,15.0,0.0206,-0.0461,-0.0096,,,,0.669,,,,,
14.229,ROTATION_SCAN,0.0588,0.0564,0.311,72.43,0.31,1.33,15.0,0.0249,-0.0586,0.0038,,1.511,,0.669,,,,,
14.286,ROTATION_SCAN,0.0604,0.0548,0.309,73.32,0.1,1.34,15.0,0.0243,-0.0666,-0.0012,,1.511,,0.659,,,,,
14.356,ROTATION_SCAN,0.0615,0.0543,0.31,74.13,-0.24,1.21,15.0,0.0209,-0.0704,-0.0032,,1.509,,0.659,,,,,
14.386,ROTATION_SCAN,0.0631,0.0517,0.311,74.9,-0.45,1.16,15.0,0.0169,-0.0767,-0.0002,,1.509,,0.649,,,,,
14.428,ROTATION_SCAN,0.0619,0.0463,0.311,75.63,-0.58,1.09,15.0,0.0062,-0.0879,0.002,,1.488,,0.649,,,,,
14.492,ROTATION_SCAN,0.0628,0.0424,0.307,76.38,-0.59,0.94,15.0,0.0009,-0.0937,0.0017,,1.488,,0.642,,,,,
14.533,ROTATION_SCAN,0.0601,0.0415,0.311,77.13,-0.61,0.77,15.0,-0.0114,-0.0916,-0.0066,,1.469,,0.642,,,,,
14.579,ROTATION_SCAN,0.0593,0.038,0.307,77.85,-0.63,0.78,15.0,-0.0181,-0.0944,0.0022,,1.469,,0.641,,,,,
14.645,ROTATION_SCAN,0.0563,0.0378,0.306,78.56,-0.68,0.64,15.0,-0.0292,-0.0895,-0.0075,,1.459,,0.641,,,,,
14.712,ROTATION_SCAN,0.0543,0.0353,0.307,79.27,-0.41,0.48,15.0,-0.0359,-0.0888,-0.0032,,1.459,,0.639,,,,,
14.742,ROTATION_SCAN,0.0503,0.0338,0.309,80.02,-0.27,0.46,15.0,-0.0441,-0.0858,-0.0011,2.388,1.448,,0.639,,,,,
14.782,ROTATION_SCAN,0.0465,0.0332,0.309,80.77,-0.04,0.41,15.0,-0.0496,-0.0809,0.0017,2.388,1.448,,0.639,,,,,
14.844,ROTATION_SCAN,0.0441,0.0332,0.309,81.49,0.14,0.3,15.0,-0.0497,-0.0751,0.0037,,1.44,,0.639,,,,,
14.916,ROTATION_SCAN,0.042,0.0326,0.312,82.17,0.25,0.07,15.0,-0.0474,-0.0701,0.0011,,1.44,,0.64,,,,,
14.948,ROTATION_SCAN,0.0389,0.0302,0.306,82.79,0.31,-0.09,15.0,-0.0469,-0.068,0.004,2.357,1.436,,0.64,,,,,
14.99,ROTATION_SCAN,0.0358,0.0262,0.309,83.3,0.38,-0.17,15.0,-0.0457,-0.0685,-0.0103,2.357,1.436,,0.647,,,,,
15.029,ROTATION_SCAN,0.0325,0.0273,0.311,83.75,0.5,-0.37,15.0,-0.0445,-0.0568,-0.0035,2.36,1.431,1.148,0.647,,,,,
15.091,ROTATION_SCAN,0.0322,0.0274,0.31,84.14,0.72,-0.36,15.0,-0.0352,-0.048,-0.0023,2.36,1.431,1.148,0.647,,,,,
15.137,ROTATION_SCAN,0.0299,0.025,0.308,84.55,0.9,-0.12,15.0,-0.0296,-0.0462,-0.0039,2.345,1.428,1.145,0.647,,,,,
15.206,ROTATION_SCAN,0.0302,0.0269,0.308,84.94,0.97,-0.04,15.0,-0.0184,-0.0369,-0.0082,2.345,1.428,1.145,0.651,,,,,
15.236,ROTATION_SCAN,0.0313,0.0277,0.311,85.33,1.07,0.18,15.0,-0.0056,-0.0321,-0.0057,2.363,1.425,1.149,0.651,,,,,
15.307,ROTATION_SCAN,0.0304,0.0317,0.312,85.77,1.05,0.42,15.0,0.0015,-0.0229,-0.0019,2.363,1.425,1.149,0.652,,,,,
15.351,ROTATION_SCAN,0.0344,0.0356,0.309,86.36,0.99,0.69,15.0,0.0182,-0.0166,-0.0018,2.342,1.424,1.147,0.652,,,,,
15.382,ROTATION_SCAN,0.0378,0.036,0.307,87.07,0.71,0.86,15.0,0.0305,-0.0202,-0.0123,2.342,1.424,1.147,0.651,,,,,
15.481,NAV_TO_LANDING,0.0397,0.0347,0.307,87.96,0.47,0.92,15.0,0.0362,-0.0283,-0.0195,2.329,1.423,1.154,0.651,,,,1.12,-1.16
15.555,NAV_TO_LANDING,0.0433,0.0348,0.305,88.96,0.14,0.91,-0.0,0.043,-0.0325,-0.0206,2.329,1.423,1.154,0.66,,,,1.12,-1.16
15.644,NAV_TO_LANDING,0.0465,0.0351,0.307,89.87,-0.28,0.45,-0.0,0.0449,-0.0342,-0.0259,2.336,1.422,1.162,0.66,,,,1.12,-1.16
15.723,NAV_WAYPOINT,0.0496,0.0335,0.303,90.66,-0.58,-0.05,-0.0,0.0435,-0.0358,-0.0184,2.336,1.422,1.162,0.679,,0.02,-1.16,1.12,-1.16
15.73,NAV_WAYPOINT,0.0522,0.034,0.308,91.36,-0.82,-0.32,-0.0,0.0386,-0.0293,-0.0208,2.359,1.425,1.159,0.679,,0.02,-1.16,1.12,-1.16
15.736,NAV_WAYPOINT,0.0542,0.0339,0.304,91.96,-0.94,-0.51,-0.0,0.0316,-0.023,-0.0088,2.359,1.425,1.159,0.695,,0.02,-1.16,1.12,-1.16
15.748,NAV_WAYPOINT,0.0558,0.0331,0.303,92.49,-0.9,-0.5,-0.0,0.0242,-0.0185,-0.0153,2.363,1.42,1.162,0.695,,0.02,-1.16,1.12,-1.16
15.822,NAV_WAYPOINT,0.0563,0.0347,0.305,92.92,-0.88,-0.59,-0.0,0.015,-0.0086,-0.0117,2.363,1.42,1.162,0.726,,0.02,-1.16,1.12,-1.16
15.827,NAV_WAYPOINT,0.0566,0.0377,0.303,93.27,-0.68,-0.01,-0.0,0.0071,0.003,-0.0026,2.336,1.429,1.17,0.726,,0.02,-1.16,1.12,-1.16
15.918,NAV_WAYPOINT,0.0548,0.0402,0.303,93.58,-0.81,2.49,-0.0,-0.0028,-0.0003,-0.005,2.336,1.429,1.17,,,0.02,-1.16,1.12,-1.16
15.934,NAV_WAYPOINT,0.0498,0.0463,0.304,93.78,-0.75,3.94,-0.0,-0.0187,-0.0125,-0.0022,2.34,1.431,1.162,,,0.02,-1.16,1.12,-1.16
16.01,NAV_WAYPOINT,0.0484,0.0468,0.307,93.93,-0.43,4.89,-0.0,-0.0222,-0.0453,-0.0037,2.34,1.431,1.162,,,0.02,-1.16,1.12,-1.16
16.051,NAV_WAYPOINT,0.0462,0.0423,0.305,93.94,-0.24,5.4,-0.0,-0.0248,-0.0916,0.001,2.351,1.43,1.158,,,0.02,-1.16,1.12,-1.16
16.084,NAV_WAYPOINT,0.043,0.034,0.303,93.93,-0.08,5.3,-0.0,-0.028,-0.1432,-0.0089,2.351,1.43,1.158,,,0.02,-1.16,1.12,-1.16
16.134,NAV_WAYPOINT,0.0403,0.0238,0.301,93.9,0.09,4.69,-0.0,-0.0287,-0.1911,-0.0131,2.356,1.413,1.151,,,0.02,-1.16,1.12,-1.16
16.206,NAV_WAYPOINT,0.0376,0.0114,0.302,93.78,0.17,3.97,-0.0,-0.0281,-0.2335,-0.0149,2.356,1.413,1.151,,,0.02,-1.16,1.12,-1.16
16.239,NAV_WAYPOINT,0.0389,0.0003,0.303,93.6,0.29,3.22,-0.0,-0.0179,-0.2621,-0.0092,2.364,1.396,1.159,,,0.02,-1.16,1.12,-1.16
16.28,NAV_WAYPOINT,0.0357,-0.0148,0.3,93.43,0.25,2.54,-0.0,-0.0196,-0.2903,-0.0078,2.364,1.396,1.159,0.688,,0.02,-1.16,1.12,-1.16
16.343,NAV_WAYPOINT,0.0348,-0.028,0.299,93.27,0.29,1.82,-0.0,-0.0163,-0.3052,-0.0111,2.378,1.369,1.152,0.688,,0.02,-1.16,1.12,-1.16
16.382,NAV_WAYPOINT,0.0363,-0.0421,0.299,93.08,0.33,1.2,-0.0,-0.0075,-0.3149,-0.0092,2.378,1.369,1.152,0.664,,0.02,-1.16,1.12,-1.16
16.45,NAV_WAYPOINT,0.0345,-0.0559,0.299,92.87,0.31,0.68,-0.0,-0.0082,-0.3173,-0.007,2.419,1.343,1.147,0.664,,0.02,-1.16,1.12,-1.16
16.494,NAV_WAYPOINT,0.0317,-0.0729,0.302,92.72,0.22,0.36,-0.0,-0.0113,-0.3239,-0.0062,2.419,1.343,1.147,0.651,,0.02,-1.16,1.12,-1.16
16.551,NAV_WAYPOINT,0.0301,-0.0868,0.299,92.56,0.26,-0.01,-0.0,-0.0124,-0.3201,0.0005,2.449,1.313,1.143,0.651,,0.02,-1.16,1.12,-1.16
16.577,NAV_WAYPOINT,0.0291,-0.0995,0.3,92.47,0.21,-0.03,-0.0,-0.0112,-0.3114,-0.0068,2.449,1.313,1.143,0.647,,0.02,-1.16,1.12,-1.16
16.637,NAV_WAYPOINT,0.0294,-0.1119,0.299,92.48,0.03,0.01,-0.0,-0.0082,-0.3032,-0.0036,2.469,1.284,1.134,0.647,,0.02,-1.16,1.12,-1.16
16.682,NAV_WAYPOINT,0.0276,-0.1237,0.299,92.63,0.05,0.08,-0.0,-0.0114,-0.2952,-0.0026,2.469,1.284,1.134,0.65,,0.02,-1.16,1.12,-1.16
16.76,NAV_WAYPOINT,0.0253,-0.1359,0.315,92.82,0.06,0.05,-0.0,-0.0153,-0.2887,-0.0004,2.515,1.256,1.134,0.65,,0.02,-1.16,1.12,-1.16
16.804,NAV_WAYPOINT,0.0233,-0.1496,0.319,93.01,0.01,0.29,-0.0,-0.0179,-0.2876,0.0254,2.515,1.256,1.134,0.659,,0.02,-1.16,1.12,-1.16
16.857,NAV_WAYPOINT,0.0215,-0.163,0.33,93.31,-0.13,0.61,-0.0,-0.0205,-0.2886,0.0287,2.531,1.228,1.135,0.659,,0.02,-1.16,1.12,-1.16
16.911,NAV_WAYPOINT,0.0189,-0.1762,0.344,93.68,-0.11,0.79,-0.0,-0.0253,-0.2907,0.033,2.531,1.228,1.135,0.669,,0.02,-1.16,1.12,-1.16
16.933,NAV_WAYPOINT,0.0159,-0.1897,0.367,94.12,-0.1,0.86,-0.0,-0.0299,-0.2942,0.0451,2.567,1.202,,0.669,,0.02,-1.16,1.12,-1.16
16.993,NAV_WAYPOINT,0.0121,-0.2049,0.38,94.55,-0.1,1.0,-0.0,-0.036,-0.3014,0.0484,2.567,1.202,,0.676,,0.02,-1.16,1.12,-1.16
17.037,NAV_WAYPOINT,0.0094,-0.2214,0.375,94.97,0.13,1.03,-0.0,-0.0378,-0.3121,0.0491,2.579,1.176,,0.676,,0.02,-1.16,1.12,-1.16
17.111,NAV_WAYPOINT,0.0056,-0.2369,0.369,95.4,0.61,0.91,-0.0,-0.04,-0.3189,0.0018,2.579,1.176,,0.685,,0.02,-1.16,1.12,-1.16
17.141,NAV_WAYPOINT,0.0015,-0.2537,0.352,95.89,0.98,0.75,-0.0,-0.0392,-0.3267,-0.0417,,1.143,,0.685,,0.02,-1.16,1.12,-1.16
17.206,NAV_WAYPOINT,-0.0028,-0.2681,0.345,96.37,1.25,0.46,-0.0,-0.0354,-0.326,-0.0779,,1.143,,0.692,,0.02,-1.16,1.12,-1.16
17.229,NAV_WAYPOINT,-0.0047,-0.2866,0.325,96.85,1.4,0.36,-0.0,-0.025,-0.3335,-0.096,2.667,1.115,,0.692,,0.02,-1.16,1.12,-1.16
17.288,NAV_WAYPOINT,-0.0078,-0.3028,0.31,97.23,1.42,0.32,-0.0,-0.0174,-0.3335,-0.1158,2.667,1.115,,0.703,,0.02,-1.16,1.12,-1.16
17.338,NAV_WAYPOINT,-0.0101,-0.3218,0.299,97.59,1.54,0.08,-0.0,-0.0085,-0.3395,-0.123,,1.091,,0.703,,0.02,-1.16,1.12,-1.16
17.411,NAV_WAYPOINT,-0.0128,-0.3375,0.286,97.77,1.54,0.12,-0.0,0.0,-0.3361,-0.1073,,1.091,,0.704,,0.02,-1.16,1.12,-1.16
17.439,NAV_WAYPOINT,-0.0141,-0.3531,0.278,97.81,1.32,0.0,-0.0,0.0092,-0.3322,-0.1069,,1.057,,0.704,,0.02,-1.16,1.12,-1.16
17.502,NAV_WAYPOINT,-0.0128,-0.3674,0.275,97.62,1.21,-0.12,-0.0,0.0223,-0.3248,-0.0785,,1.057,,0.709,,0.02,-1.16,1.12,-1.16
17.549,NAV_WAYPOINT,-0.0108,-0.3823,0.27,97.28,0.94,-0.3,-0.0,0.0334,-0.3189,-0.0537,,1.028,,0.709,,0.02,-1.16,1.12,-1.16
17.586,NAV_WAYPOINT,-0.0092,-0.3963,0.267,96.84,0.58,-0.33,-0.0,0.0402,-0.3104,-0.0341,,1.028,,0.709,,0.02,-1.16,1.12,-1.16
17.633,NAV_WAYPOINT,-0.0064,-0.4135,0.27,96.33,0.34,-0.21,-0.0,0.0457,-0.3116,-0.017,,0.998,,0.709,,0.02,-1.16,1.12,-1.16
17.742,NAV_WAYPOINT,-0.0033,-0.4268,0.266,95.87,0.31,-0.26,-0.0,0.0501,-0.3043,0.0083,,0.998,,0.703,,0.02,-1.16,1.12,-1.16
17.792,NAV_WAYPOINT,-0.002,-0.4407,0.269,95.46,0.02,-0.2,-0.0,0.0494,-0.2985,0.0091,,0.969,,0.703,,0.02,-1.16,1.12,-1.16
17.867,NAV_WAYPOINT,0.0016,-0.4539,0.27,95.23,-0.04,0.19,-0.0,0.0515,-0.2941,0.0249,,0.969,,0.691,,0.02,-1.16,1.12,-1.16
17.881,NAV_WAYPOINT,0.0037,-0.4674,0.273,95.16,-0.05,0.23,-0.0,0.0506,-0.2926,0.0318,,0.938,,0.691,,0.02,-1.16,1.12,-1.16
17.914,NAV_WAYPOINT,0.0072,-0.4809,0.276,95.11,-0.18,0.26,-0.0,0.052,-0.2915,0.0414,,0.938,,0.686,,0.02,-1.16,1.12,-1.16
17.947,NAV_WAYPOINT,0.0104,-0.4966,0.278,95.0,-0.38,0.34,-0.0,0.0519,-0.2968,0.0431,,0.912,,0.686,,0.02,-1.16,1.12,-1.16
17.981,NAV_WAYPOINT,0.0133,-0.5101,0.284,94.88,-0.74,0.37,-0.0,0.0488,-0.2966,0.0416,,0.912,,0.675,,0.02,-1.16,1.12,-1.16
18.058,NAV_WAYPOINT,0.0162,-0.5231,0.287,94.81,-0.85,0.35,-0.0,0.0436,-0.2954,0.0452,,0.884,,0.675,,0.02,-1.16,1.12,-1.16
18.092,NAV_WAYPOINT,0.0186,-0.5374,0.287,94.67,-1.02,0.15,-0.0,0.0372,-0.2968,0.0382,,0.884,,0.672,,0.02,-1.16,1.12,-1.16
18.15,NAV_WAYPOINT,0.0208,-0.5508,0.29,94.42,-1.02,-0.06,-0.0,0.0298,-0.2937,0.0253,,0.857,,0.672,,0.02,-1.16,1.12,-1.16
18.177,NAV_WAYPOINT,0.0213,-0.5665,0.288,94.01,-1.04,-0.23,-0.0,0.0195,-0.2961,0.0214,,0.857,,0.667,,0.02,-1.16,1.12,-1.16
18.241,NAV_WAYPOINT,0.023,-0.5787,0.291,93.55,-1.09,-0.38,-0.0,0.0125,-0.2873,0.0106,,0.829,,0.667,,0.02,-1.16,1.12,-1.16
18.284,NAV_WAYPOINT,0.0236,-0.5913,0.294,93.22,-1.22,-0.33,-0.0,0.0031,-0.2802,0.0105,,0.829,,0.665,,0.02,-1.16,1.12,-1.16
18.357,NAV_WAYPOINT,0.0236,-0.6044,0.295,93.1,-1.24,-0.01,-0.0,-0.007,-0.2764,0.0098,,0.805,,0.665,,0.02,-1.16,1.12,-1.16
18.388,NAV_WAYPOINT,0.0228,-0.6169,0.297,93.15,-1.08,0.56,-0.0,-0.0179,-0.2752,0.0021,,0.805,,0.661,,0.02,-1.16,1.12,-1.16
18.453,NAV_WAYPOINT,0.021,-0.6293,0.295,93.31,-0.62,0.72,-0.0,-0.027,-0.2769,0.0039,,0.778,,0.661,,0.02,-1.16,1.12,-1.16
18.478,NAV_WAYPOINT,0.0181,-0.6437,0.294,93.54,-0.34,0.79,-0.0,-0.0345,-0.2843,-0.0059,,0.778,,0.658,,0.02,-1.16,1.12,-1.16
18.54,NAV_WAYPOINT,0.0159,-0.6562,0.293,93.82,-0.34,1.02,-0.0,-0.0381,-0.287,-0.014,,0.748,,0.658,,0.02,-1.16,1.12,-1.16
18.583,NAV_WAYPOINT,0.0143,-0.6696,0.293,94.17,-0.05,0.97,-0.0,-0.039,-0.2925,-0.0135,,0.748,,0.661,,0.02,-1.16,1.12,-1.16
18.637,NAV_WAYPOINT,0.0117,-0.6832,0.292,94.67,0.42,0.94,-0.0,-0.0387,-0.2974,-0.0073,,0.724,,0.661,,0.02,-1.16,1.12,-1.16
18.684,NAV_WAYPOINT,0.0072,-0.6965,0.291,95.27,0.7,0.71,-0.0,-0.0403,-0.2996,-0.0004,,0.724,,0.668,,0.02,-1.16,1.12,-1.16
18.752,NAV_WAYPOINT,0.0055,-0.7099,0.291,95.83,0.91,0.41,-0.0,-0.0332,-0.2997,0.005,,0.699,,0.668,,0.02,-1.16,1.12,-1.16
18.823,NAV_WAYPOINT,0.0031,-0.7251,0.288,96.16,1.05,0.35,-0.0,-0.0268,-0.3023,0.0099,,0.699,,0.679,,0.02,-1.16,1.12,-1.16
18.836,NAV_WAYPOINT,0.0016,-0.7378,0.29,96.32,1.14,0.28,-0.0,-0.0183,-0.2979,0.0072,,0.675,,0.679,,0.02,-1.16,1.12,-1.16
18.893,NAV_WAYPOINT,0.0014,-0.7511,0.29,96.33,1.06,0.22,-0.0,-0.0073,-0.295,0.014,,0.675,,0.693,,0.02,-1.16,1.12,-1.16
18.96,NAV_WAYPOINT,0.0016,-0.7638,0.293,96.18,0.92,0.09,-0.0,0.0022,-0.2903,0.0141,,0.648,,0.693,,0.02,-1.16,1.12,-1.16
18.979,NAV_WAYPOINT,0.0025,-0.7774,0.291,95.97,0.95,0.3,-0.0,0.0121,-0.2885,0.0212,,0.648,,0.706,,0.02,-1.16,1.12,-1.16
19.044,NAV_WAYPOINT,0.0045,-0.7931,0.295,95.77,0.79,0.46,-0.0,0.0228,-0.294,0.0095,,0.622,,0.706,,0.02,-1.16,1.12,-1.16
19.112,NAV_WAYPOINT,0.0062,-0.8068,0.293,95.58,0.73,0.66,-0.0,0.0308,-0.2954,0.0205,,0.622,,0.736,,0.02,-1.16,1.12,-1.16
19.141,NAV_WAYPOINT,0.0084,-0.8198,0.296,95.5,0.61,0.6,-0.0,0.0387,-0.2956,0.0134,,0.592,,0.736,,0.02,-1.16,1.12,-1.16
19.186,NAV_WAYPOINT,0.0104,-0.8331,0.296,95.45,0.36,0.52,-0.0,0.0431,-0.2954,0.0151,,0.592,,0.804,,0.02,-1.16,1.12,-1.16
19.228,NAV_WAYPOINT,0.0138,-0.8481,0.3,95.27,0.31,0.4,-0.0,0.0493,-0.2996,0.0111,,0.567,,0.804,,0.02,-1.16,1.12,-1.16
19.288,NAV_WAYPOINT,0.0165,-0.8622,0.299,94.94,0.13,0.35,-0.0,0.052,-0.2998,0.0117,,0.567,,0.957,,0.02,-1.16,1.12,-1.16
19.333,NAV_WAYPOINT,0.0198,-0.8785,0.299,94.64,0.15,0.37,-0.0,0.0548,-0.3057,0.0094,,0.537,,0.957,,0.02,-1.16,1.12,-1.16
19.402,NAV_WAYPOINT,0.0226,-0.8914,0.302,94.39,0.05,0.31,-0.0,0.0564,-0.3026,0.0079,,0.537,,,,0.02,-1.16,1.12,-1.16
19.44,NAV_WAYPOINT,0.0252,-0.9055,0.301,94.13,-0.01,0.14,-0.0,0.056,-0.3019,0.0117,,0.512,,,,0.02,-1.16,1.12,-1.16
19.489,NAV_WAYPOINT,0.0296,-0.9193,0.299,93.91,-0.11,0.2,-0.0,0.06,-0.3,0.0049,,0.512,,,,0.02,-1.16,1.12,-1.16
19.53,NAV_WAYPOINT,0.0329,-0.9328,0.301,93.7,-0.6,0.18,-0.0,0.0582,-0.2974,-0.0041,,0.483,,,,0.02,-1.16,1.12,-1.16
19.592,NAV_WAYPOINT,0.035,-0.9463,0.3,93.57,-0.85,0.01,-0.0,0.0503,-0.295,-0.0024,,0.483,,2.523,,0.02,-1.16,1.12,-1.16
19.633,NAV_WAYPOINT,0.0389,-0.963,0.301,93.48,-1.12,-0.06,-0.0,0.046,-0.3002,-0.0072,,0.457,,2.523,,0.02,-1.16,1.12,-1.16
19.736,NAV_WAYPOINT,0.0401,-0.9771,0.305,93.3,-1.4,-0.18,-0.0,0.0334,-0.2981,-0.0048,,0.457,,,,0.02,-1.16,1.12,-1.16
19.762,NAV_WAYPOINT,0.0411,-0.9912,0.301,93.08,-1.59,-0.3,-0.0,0.0197,-0.2946,0.0015,,0.43,,,,0.02,-1.16,1.12,-1.16
19.821,NAV_WAYPOINT,0.0435,-1.0039,0.301,92.85,-1.49,-0.16,-0.0,0.0107,-0.288,-0.0084,,0.43,,,,0.02,-1.16,1.12,-1.16
19.84,NAV_WAYPOINT,0.0418,-1.0172,0.302,92.58,-1.49,0.09,-0.0,-0.0073,-0.2852,-0.0064,,0.401,,,,0.02,-1.16,1.12,-1.16
19.883,NAV_WAYPOINT,0.0419,-1.0301,0.3,92.24,-1.43,0.26,-0.0,-0.0178,-0.2835,-0.003,,0.401,,,,0.02,-1.16,1.12,-1.16
19.952,NAV_WAYPOINT,0.0407,-1.0462,0.303,91.93,-1.28,0.3,-0.0,-0.0294,-0.291,-0.0088,,0.369,,,,0.02,-1.16,1.12,-1.16
19.976,NAV_WAYPOINT,0.0395,-1.0605,0.3,91.58,-1.19,0.29,-0.0,-0.0385,-0.2932,-0.0013,,0.369,,1.824,,0.02,-1.16,1.12,-1.16
20.035,NAV_WAYPOINT,0.0376,-1.0752,0.3,91.17,-1.13,0.35,-0.0,-0.0475,-0.296,-0.006,,0.343,,1.824,,0.02,-1.16,1.12,-1.16
20.108,NAV_WAYPOINT,0.0347,-1.0899,0.301,90.85,-1.04,0.37,-0.0,-0.0578,-0.2989,-0.0019,,0.343,,1.783,,0.02,-1.16,1.12,-1.16
20.14,NAV_WAYPOINT,0.031,-1.1044,0.297,90.61,-0.93,0.15,-0.0,-0.0678,-0.3002,-0.0012,,0.323,,1.783,,0.02,-1.16,1.12,-1.16
20.182,NAV_WAYPOINT,0.0254,-1.1212,0.284,90.4,-0.72,-0.26,-0.0,-0.0799,-0.3045,-0.0054,,0.323,,1.751,,0.02,-1.16,1.12,-1.16
20.258,NAV_WAYPOINT,0.0212,-1.1359,0.286,90.22,-0.55,-0.51,-0.0,-0.0863,-0.3008,-0.0252,,0.292,1.054,1.751,,1.12,-1.16,1.12,-1.16
20.276,NAV_WAYPOINT,0.0172,-1.1482,0.296,90.07,-0.21,-0.99,-0.0,-0.0896,-0.288,0.0015,,0.292,1.054,1.712,,1.12,-1.16,1.12,-1.16
20.341,NAV_WAYPOINT,0.0116,-1.1617,0.299,89.94,0.36,-1.93,-0.0,-0.0925,-0.2747,0.0264,,0.265,1.038,1.712,,1.12,-1.16,1.12,-1.16
20.428,NAV_WAYPOINT,0.0082,-1.1727,0.305,89.89,1.92,-3.04,-0.0,-0.0835,-0.2488,0.0297,,0.265,1.038,1.726,,1.12,-1.16,1.12,-1.16
20.446,NAV_WAYPOINT,0.0018,-1.183,0.31,89.87,4.52,-4.07,-0.0,-0.0639,-0.2153,0.0407,,0.246,1.03,1.726,,1.12,-1.16,1.12,-1.16
20.486,NAV_WAYPOINT,-0.0025,-1.1925,0.312,89.78,5.93,-4.31,-0.0,-0.0266,-0.18,0.0333,,0.246,1.03,1.718,,1.12,-1.16,1.12,-1.16
20.55,NAV_WAYPOINT,-0.003,-1.1991,0.315,89.63,6.64,-4.28,-0.0,0.0251,-0.1409,0.0238,,0.227,1.037,1.718,,1.12,-1.16,1.12,-1.16
20.576,NAV_WAYPOINT,-0.0007,-1.2047,0.314,89.38,6.97,-3.87,-0.0,0.0817,-0.1058,0.0174,,0.227,1.037,1.694,,1.12,-1.16,1.12,-1.16
20.638,NAV_WAYPOINT,0.0059,-1.2085,0.31,88.97,6.57,-3.46,-0.0,0.1419,-0.0737,0.0008,,0.216,1.043,1.694,,1.12,-1.16,1.12,-1.16
20.727,NAV_WAYPOINT,0.0142,-1.2117,0.312,88.44,5.64,-2.62,-0.0,0.1951,-0.0487,-0.0105,,0.216,1.043,1.697,,1.12,-1.16,1.12,-1.16
20.748,NAV_WAYPOINT,0.0257,-1.2128,0.309,87.92,4.75,-2.15,-0.0,0.2427,-0.0275,-0.0073,,0.215,1.054,1.697,,1.12,-1.16,1.12,-1.16
20.789,NAV_WAYPOINT,0.0411,-1.2138,0.306,87.57,3.89,-1.77,-0.0,0.286,-0.0122,-0.0158,,0.215,1.054,1.689,,1.12,-1.16,1.12,-1.16
20.848,NAV_WAYPOINT,0.0551,-1.2142,0.306,87.29,2.63,-1.11,-0.0,0.3141,-0.0005,-0.0198,,0.214,1.075,1.689,,1.12,-1.16,1.12,-1.16
20.876,NAV_WAYPOINT,0.0672,-1.2145,0.307,87.03,1.63,-0.68,-0.0,0.3241,0.0053,-0.0072,,0.214,1.075,1.655,,1.12,-1.16,1.12,-1.16
20.937,NAV_WAYPOINT,0.082,-1.2146,0.306,86.77,1.06,-0.45,-0.0,0.3319,0.0086,-0.0036,,0.207,1.1,1.655,,1.12,-1.16,1.12,-1.16
21.035,NAV_WAYPOINT,0.0967,-1.2142,0.311,86.43,0.64,-0.09,-0.0,0.3351,0.0109,-0.0014,,0.207,1.1,1.621,,1.12,-1.16,1.12,-1.16
21.048,NAV_WAYPOINT,0.11,-1.2145,0.312,86.19,0.29,0.32,-0.0,0.3301,0.0077,0.0104,,0.222,1.121,1.621,,1.12,-1.16,1.12,-1.16
21.086,NAV_WAYPOINT,0.1259,-1.2152,0.311,86.03,0.04,0.39,-0.0,0.3293,0.002,0.0053,,0.222,1.121,1.601,,1.12,-1.16,1.12,-1.16
21.149,NAV_WAYPOINT,0.1402,-1.2163,0.313,85.95,-0.19,0.42,-0.0,0.3235,-0.0041,-0.0011,,0.242,1.131,1.601,,1.12,-1.16,1.12,-1.16
21.176,NAV_WAYPOINT,0.1528,-1.2184,0.308,85.93,-0.31,0.41,-0.0,0.3123,-0.0117,-0.0054,,0.242,1.131,1.57,,1.12,-1.16,1.12,-1.16
21.236,NAV_WAYPOINT,0.1636,-1.222,0.309,85.95,-0.5,0.47,-0.0,0.2974,-0.022,-0.0181,,0.199,1.138,1.57,,1.12,-1.16,1.12,-1.16
21.311,NAV_WAYPOINT,0.1751,-1.2245,0.31,85.97,-0.53,0.33,-0.0,0.2845,-0.0288,-0.0111,,0.199,1.138,1.542,,1.12,-1.16,1.12,-1.16
21.348,NAV_WAYPOINT,0.1855,-1.228,0.307,86.0,-0.44,-0.11,-0.0,0.2709,-0.0346,-0.0068,,0.191,1.13,1.542,,1.12,-1.16,1.12,-1.16
21.38,NAV_WAYPOINT,0.1986,-1.2323,0.306,86.07,-0.3,-0.64,-0.0,0.2669,-0.0379,-0.0165,,0.191,1.13,1.525,,1.12,-1.16,1.12,-1.16
21.456,NAV_WAYPOINT,0.2082,-1.2346,0.306,86.2,-0.25,-0.91,-0.0,0.256,-0.0325,-0.0221,,0.19,1.115,1.525,,1.12,-1.16,1.12,-1.16
21.476,NAV_WAYPOINT,0.2167,-1.2375,0.306,86.36,0.17,-1.12,-0.0,0.2454,-0.0275,-0.0237,,0.19,1.115,1.501,,1.12,-1.16,1.12,-1.16
21.537,NAV_WAYPOINT,0.228,-1.241,0.3,86.56,0.35,-1.08,-0.0,0.2459,-0.0237,-0.0238,,0.186,1.094,1.501,,1.12,-1.16,1.12,-1.16
21.617,NAV_WAYPOINT,0.238,-1.2435,0.299,86.85,0.54,-1.18,-0.0,0.2443,-0.0179,-0.0322,,0.186,1.094,1.486,,1.12,-1.16,1.12,-1.16
21.649,NAV_WAYPOINT,0.2482,-1.2452,0.3,87.24,0.51,-0.96,-0.0,0.2442,-0.011,-0.0314,,0.183,1.096,1.486,,1.12,-1.16,1.12,-1.16
21.688,NAV_WAYPOINT,0.2576,-1.247,0.297,87.67,0.68,-0.89,-0.0,0.2427,-0.0067,-0.0284,,0.183,1.096,1.473,,1.12,-1.16,1.12,-1.16
21.75,NAV_WAYPOINT,0.2665,-1.2484,0.295,88.23,1.0,-0.82,-0.0,0.2421,-0.0025,-0.0338,,0.177,1.106,1.473,,1.12,-1.16,1.12,-1.16
21.782,NAV_WAYPOINT,0.2758,-1.2484,0.295,88.86,1.16,-0.81,-0.0,0.244,0.0042,-0.0276,,0.177,1.106,1.444,,1.12,-1.16,1.12,-1.16
21.831,NAV_WAYPOINT,0.2856,-1.2495,0.295,89.46,1.2,-0.52,-0.0,0.2482,0.007,-0.0294,,0.178,1.116,1.444,,1.12,-1.16,1.12,-1.16
21.918,NAV_WAYPOINT,0.2961,-1.2506,0.295,90.17,0.98,-0.18,-0.0,0.2525,0.006,-0.0272,,0.178,1.116,1.436,,1.12,-1.16,1.12,-1.16
21.999,NAV_WAYPOINT,0.3085,-1.2501,0.292,90.92,0.89,-0.13,-0.0,0.2595,0.0077,-0.0252,,0.213,1.146,1.436,,1.12,-1.16,1.12,-1.16
22.019,NAV_WAYPOINT,0.3205,-1.2515,0.292,91.7,0.76,-0.4,-0.0,0.2643,0.0051,-0.0244,,0.213,1.146,1.417,,1.12,-1.16,1.12,-1.16
22.045,NAV_WAYPOINT,0.3315,-1.2527,0.288,92.45,0.75,-0.75,-0.0,0.2647,0.0064,-0.0163,,0.177,,1.417,,1.12,-1.16,1.12,-1.16
22.104,NAV_WAYPOINT,0.3422,-1.2534,0.291,93.14,0.75,-0.6,-0.0,0.2642,0.0098,-0.0164,,0.177,,1.404,,1.12,-1.16,1.12,-1.16
22.141,NAV_WAYPOINT,0.3545,-1.2541,0.287,93.73,0.78,-0.19,-0.0,0.2681,0.0111,-0.0038,,0.168,,1.404,,1.12,-1.16,1.12,-1.16
22.214,NAV_WAYPOINT,0.3664,-1.2545,0.287,94.21,0.78,-0.03,-0.0,0.2708,0.0099,-0.0083,,0.168,,1.405,,1.12,-1.16,1.12,-1.16
22.24,NAV_WAYPOINT,0.3776,-1.2541,0.29,94.61,0.52,-0.0,-0.0,0.2704,0.0104,0.0011,,0.185,,1.405,,1.12,-1.16,1.12,-1.16
22.303,NAV_WAYPOINT,0.3906,-1.2542,0.289,95.02,0.66,-0.0,-0.0,0.2734,0.0093,0.0114,,0.185,,1.385,,1.12,-1.16,1.12,-1.16
22.404,NAV_WAYPOINT,0.4024,-1.2542,0.292,95.36,0.81,-0.14,-0.0,0.2746,0.0089,0.0136,,0.187,,1.385,,1.12,-1.16,1.12,-1.16
22.409,NAV_WAYPOINT,0.4156,-1.2535,0.292,95.61,0.75,-0.38,-0.0,0.2795,0.0121,0.0242,,0.187,,1.374,,1.12,-1.16,1.12,-1.16
22.447,NAV_WAYPOINT,0.4277,-1.2527,0.294,95.86,0.69,-0.42,-0.0,0.28,0.0162,0.0266,,0.181,,1.374,,1.12,-1.16,1.12,-1.16
22.493,NAV_WAYPOINT,0.441,-1.2519,0.293,96.1,0.73,-0.65,-0.0,0.2831,0.0208,0.029,,0.181,,1.349,,1.12,-1.16,1.12,-1.16
22.537,NAV_WAYPOINT,0.4533,-1.2513,0.298,96.2,0.49,-0.61,-0.0,0.2831,0.0253,0.021,,0.179,,1.349,,1.12,-1.16,1.12,-1.16
22.598,NAV_WAYPOINT,0.4659,-1.2505,0.296,96.27,0.47,-0.52,-0.0,0.2823,0.0294,0.0264,,0.179,,1.332,,1.12,-1.16,1.12,-1.16
22.635,NAV_WAYPOINT,0.4776,-1.2473,0.297,96.34,0.34,-0.45,-0.0,0.2789,0.0378,0.0143,,0.241,,1.332,,1.12,-1.16,1.12,-1.16
22.695,NAV_WAYPOINT,0.4896,-1.2457,0.299,96.36,0.25,-0.34,-0.0,0.2758,0.0406,0.01,,0.241,,1.308,,1.12,-1.16,1.12,-1.16
22.77,NAV_WAYPOINT,0.5024,-1.2436,0.297,96.4,0.2,-0.24,-0.0,0.2746,0.0437,0.0076,,2.455,,1.308,,1.12,-1.16,1.12,-1.16
22.802,NAV_WAYPOINT,0.5152,-1.2399,0.298,96.41,0.31,-0.23,-0.0,0.2737,0.0492,0.0047,,2.455,,1.298,,1.12,-1.16,1.12,-1.16
22.833,NAV_WAYPOINT,0.5275,-1.2365,0.302,96.35,0.42,-0.39,-0.0,0.2729,0.0545,0.0094,,2.451,,1.298,,1.12,-1.16,1.12,-1.16
22.917,NAV_WAYPOINT,0.5388,-1.233,0.301,96.3,0.61,-0.32,-0.0,0.2703,0.0595,0.0165,,2.451,,1.267,,1.12,-1.16,1.12,-1.16
22.926,NAV_WAYPOINT,0.5506,-1.2295,0.307,96.2,0.82,-0.45,-0.0,0.271,0.0645,0.0099,,2.463,,1.267,,1.12,-1.16,1.12,-1.16
23.009,NAV_WAYPOINT,0.562,-1.2251,0.309,96.05,1.0,-0.12,-0.0,0.2722,0.0705,0.0181,,2.463,,1.236,,1.12,-1.16,1.12,-1.16
23.049,NAV_WAYPOINT,0.576,-1.2189,0.312,95.91,1.09,-0.11,-0.0,0.2812,0.0789,0.0219,,2.442,,1.236,,1.12,-1.16,1.12,-1.16
23.094,NAV_WAYPOINT,0.5881,-1.2145,0.304,95.88,1.03,0.01,-0.0,0.2846,0.0817,0.0192,,2.442,,1.215,,1.12,-1.16,1.12,-1.16
23.163,NAV_WAYPOINT,0.6,-1.2091,0.301,95.8,0.96,0.39,-0.0,0.2868,0.0848,-0.0042,,2.434,,1.215,,1.12,-1.16,1.12,-1.16
23.183,NAV_WAYPOINT,0.6128,-1.2036,0.301,95.72,0.86,0.53,-0.0,0.2909,0.0849,-0.003,,2.434,,1.205,,1.12,-1.16,1.12,-1.16
23.24,NAV_WAYPOINT,0.6256,-1.1997,0.3,95.74,0.72,0.74,-0.0,0.2937,0.0799,-0.0026,,2.444,,1.205,,1.12,-1.16,1.12,-1.16
23.281,NAV_WAYPOINT,0.6379,-1.1947,0.303,95.7,0.72,0.74,-0.0,0.2941,0.0767,-0.0004,,2.444,,1.17,,1.12,-1.16,1.12,-1.16
23.332,NAV_WAYPOINT,0.6529,-1.1901,0.308,95.61,0.63,0.83,-0.0,0.3007,0.073,0.0071,,2.432,1.301,1.17,,1.12,-1.16,1.12,-1.16
23.383,NAV_WAYPOINT,0.6659,-1.186,0.304,95.48,0.52,0.95,-0.0,0.3009,0.0675,0.0127,,2.432,1.301,1.144,,1.12,-1.16,1.12,-1.16
23.46,NAV_WAYPOINT,0.6786,-1.1814,0.309,95.25,0.2,0.93,-0.0,0.2985,0.0633,0.0054,,2.432,1.306,1.144,,1.12,-1.16,1.12,-1.16
23.488,NAV_WAYPOINT,0.6921,-1.1766,0.308,95.1,0.2,1.08,-0.0,0.2963,0.0597,0.0155,,2.432,1.306,,,1.12,-1.16,1.12,-1.16
23.531,NAV_WAYPOINT,0.7047,-1.1732,0.31,94.88,0.28,1.24,-0.0,0.2935,0.0517,0.0068,,2.421,1.277,,,1.12,-1.16,1.12,-1.16
23.578,NAV_WAYPOINT,0.7183,-1.1692,0.31,94.62,0.16,1.13,-0.0,0.2931,0.045,0.007,,2.421,1.277,1.101,,1.12,-1.16,1.12,-1.16
23.626,NAV_WAYPOINT,0.7336,-1.1661,0.307,94.36,0.29,0.94,-0.0,0.2969,0.0393,0.0049,,2.433,1.277,1.101,,1.12,-1.16,1.12,-1.16
23.731,NAV_WAYPOINT,0.7467,-1.1633,0.309,94.16,0.36,0.98,-0.0,0.2958,0.0337,-0.005,,2.433,1.277,1.066,,1.12,-1.16,1.12,-1.16
23.758,NAV_WAYPOINT,0.7588,-1.1604,0.311,93.97,0.39,0.85,-0.0,0.2922,0.0291,-0.0026,0.426,2.454,1.291,1.066,,1.12,-1.16,1.12,-1.16
23.838,NAV_WAYPOINT,0.7728,-1.1575,0.309,93.81,0.5,0.82,-0.0,0.2944,0.0263,-0.0044,0.426,2.454,1.291,1.034,,1.12,-1.16,1.12,-1.16
23.866,NAV_WAYPOINT,0.7853,-1.1543,0.308,93.64,0.49,0.72,-0.0,0.2924,0.0245,-0.0096,0.407,2.434,1.307,1.034,,1.12,-1.16,1.12,-1.16
23.901,NAV_WAYPOINT,0.8016,-1.1515,0.307,93.58,0.44,0.57,-0.0,0.3009,0.0236,-0.0098,0.407,2.434,1.307,0.999,,1.12,-1.16,1.12,-1.16
23.954,NAV_WAYPOINT,0.8161,-1.1494,0.307,93.58,0.26,0.37,-0.0,0.3029,0.0219,-0.0103,0.4,2.436,1.313,0.999,,1.12,-1.16,1.12,-1.16
23.986,NAV_WAYPOINT,0.8298,-1.146,0.308,93.5,0.21,0.35,-0.0,0.3013,0.0248,-0.009,0.4,2.436,1.313,0.975,,1.12,-1.16,1.12,-1.16
24.048,NAV_WAYPOINT,0.8434,-1.1414,0.306,93.43,0.14,0.43,-0.0,0.2992,0.0293,-0.0031,0.391,2.434,1.321,0.975,,1.12,-1.16,1.12,-1.16
24.082,NAV_WAYPOINT,0.8566,-1.1378,0.305,93.3,0.11,0.54,-0.0,0.2962,0.0303,-0.0069,0.391,2.434,1.321,0.944,,1.12,-1.16,1.12,-1.16
24.131,NAV_WAYPOINT,0.8708,-1.1341,0.307,93.21,0.21,0.83,-0.0,0.2958,0.0303,-0.0107,0.391,2.423,1.326,0.944,,1.12,-1.16,1.12,-1.16
24.201,NAV_WAYPOINT,0.8864,-1.129,0.306,93.15,0.22,0.96,-0.0,0.2999,0.0318,-0.0088,0.391,2.423,1.326,0.924,,1.12,-1.16,1.12,-1.16
24.236,NAV_WAYPOINT,0.9001,-1.1241,0.31,93.17,0.19,1.14,-0.0,0.2988,0.0311,-0.0099,0.391,2.435,1.317,0.924,,1.12,-1.16,1.12,-1.16
24.28,NAV_WAYPOINT,0.9147,-1.1206,0.308,93.27,0.17,1.31,-0.0,0.2999,0.0261,-0.0044,0.391,2.435,1.317,0.898,,1.12,-1.16,1.12,-1.16
24.348,NAV_WAYPOINT,0.9286,-1.1175,0.305,93.29,0.15,1.34,-0.0,0.2992,0.0198,-0.0091,0.397,2.415,1.309,0.898,,1.12,-1.16,1.12,-1.16
24.38,NAV_WAYPOINT,0.9441,-1.115,0.306,93.21,-0.01,1.47,-0.0,0.3016,0.012,-0.0138,0.397,2.415,1.309,0.873,,1.12,-1.16,1.12,-1.16
24.44,NAV_WAYPOINT,0.958,-1.1114,0.305,93.15,-0.13,1.52,-0.0,0.2983,0.0069,-0.0109,0.392,2.4,1.291,0.873,,1.12,-1.16,1.12,-1.16
24.519,NAV_WAYPOINT,0.975,-1.1078,0.305,93.07,-0.22,1.42,-0.0,0.3026,0.0028,-0.0137,0.392,2.4,1.291,0.843,,1.12,-1.16,1.12,-1.16
24.525,NAV_WAYPOINT,0.9887,-1.106,0.305,92.92,-0.24,1.56,-0.0,0.2979,-0.0052,-0.011,0.372,2.409,1.279,0.843,,1.12,-1.16,1.12,-1.16
24.617,NAV_WAYPOINT,1.0032,-1.1031,0.3,92.73,-0.22,1.7,-0.0,0.2956,-0.0112,-0.0118,0.372,2.409,1.279,0.816,,1.12,-1.16,1.12,-1.16
24.637,NAV_WAYPOINT,1.0168,-1.1019,0.301,92.53,-0.27,1.82,-0.0,0.2912,-0.0211,-0.0189,0.36,2.399,1.289,0.816,,1.12,-1.16,1.12,-1.16
24.683,NAV_WAYPOINT,1.0305,-1.0999,0.302,92.29,-0.27,1.8,-0.0,0.2873,-0.0291,-0.01,0.36,2.399,1.289,0.785,,1.12,-1.16,1.12,-1.16
24.75,NAV_WAYPOINT,1.0457,-1.0976,0.3,92.05,-0.32,1.9,-0.0,0.2873,-0.0351,-0.0014,0.353,2.398,1.296,0.785,,1.12,-1.16,1.12,-1.16
24.775,NAV_WAYPOINT,1.0595,-1.0971,0.301,91.83,-0.33,2.13,-0.0,0.2836,-0.0463,-0.0037,0.353,2.398,1.296,0.752,,1.12,-1.16,1.12,-1.16
24.862,NAV_WAYPOINT,1.0722,-1.0983,0.303,91.54,-0.43,2.45,-0.0,0.2776,-0.0622,0.0014,0.359,2.401,1.294,0.752,,1.12,-1.16,1.12,-1.16
24.896,NAV_WAYPOINT,1.0858,-1.0981,0.304,91.28,-0.51,2.68,-0.0,0.2732,-0.0757,0.0049,0.359,2.401,1.294,0.72,,1.12,-1.16,1.12,-1.16
24.941,NAV_WAYPOINT,1.0988,-1.0996,0.307,90.94,-0.7,2.7,-0.0,0.2668,-0.0921,0.0078,0.377,2.397,1.307,0.72,,1.12,-1.16,1.12,-1.16
25.043,NAV_WAYPOINT,1.1116,-1.1023,0.304,90.57,-0.96,2.84,-0.0,0.259,-0.11,0.0083,0.377,2.397,1.307,0.688,,1.12,-1.16,1.12,-1.16
25.087,NAV_WAYPOINT,1.1274,-1.1051,0.302,90.17,-1.42,2.61,-0.0,0.2575,-0.1251,-0.0003,0.398,2.396,1.306,0.688,,1.12,-1.16,1.12,-1.16
25.105,NAV_WAYPOINT,1.1391,-1.1104,0.307,89.79,-1.92,2.47,-0.0,0.2411,-0.1434,-0.0018,0.398,2.396,1.306,0.65,,1.12,-1.16,1.12,-1.16
25.153,NAV_WAYPOINT,1.1501,-1.1153,0.305,89.33,-2.14,2.2,-0.0,0.2218,-0.1576,0.004,0.383,2.376,1.305,0.65,,1.12,-1.16,1.12,-1.16
25.178,NAV_WAYPOINT,1.1607,-1.1201,0.308,88.92,-2.73,1.91,-0.0,0.2014,-0.167,-0.0055,0.383,2.376,1.305,0.621,,1.12,-1.16,1.12,-1.16
25.236,NAV_WAYPOINT,1.1696,-1.127,0.304,88.58,-3.58,1.41,-0.0,0.173,-0.1773,-0.0002,0.379,2.367,1.307,0.621,,1.12,-1.16,1.12,-1.16
25.278,NAV_WAYPOINT,1.1767,-1.1343,0.307,88.24,-4.38,0.88,-0.0,0.1373,-0.1826,-0.0115,0.379,2.367,1.307,0.597,,1.12,-1.16,1.12,-1.16
25.353,NAV_WAYPOINT,1.1834,-1.1415,0.306,87.97,-4.63,0.42,-0.0,0.0997,-0.1826,-0.0046,0.385,2.401,1.303,0.597,,1.12,-1.16,1.12,-1.16
25.387,NAV_WAYPOINT,1.1861,-1.1488,0.305,87.82,-4.91,-0.18,-0.0,0.0559,-0.1792,-0.0112,0.385,2.401,1.303,0.581,,1.12,-1.16,1.12,-1.16
25.443,NAV_WAYPOINT,1.1876,-1.155,0.305,87.77,-4.99,-0.65,-0.0,0.0123,-0.1692,-0.0134,0.405,2.375,1.273,0.581,,1.12,-1.16,1.12,-1.16
25.481,NAV_WAYPOINT,1.1881,-1.1604,0.302,87.74,-4.89,-1.04,-0.0,-0.0288,-0.1545,-0.0147,0.405,2.375,1.273,0.577,,1.12,-1.16,1.12,-1.16
25.551,NAV_WAYPOINT,1.1852,-1.1677,0.304,87.73,-4.67,-1.39,-0.0,-0.0705,-0.1426,-0.0212,0.412,2.364,1.234,0.577,,1.12,-1.16,1.12,-1.16
25.616,NAV_WAYPOINT,1.1812,-1.1717,0.302,87.85,-4.16,-1.73,-0.0,-0.1085,-0.1226,-0.0148,0.412,2.364,1.234,0.582,,1.12,-1.16,1.12,-1.16
25.634,NAV_WAYPOINT,1.1737,-1.1756,0.302,87.99,-3.57,-1.97,-0.0,-0.1453,-0.1017,-0.0174,0.427,2.365,1.2,0.582,,1.12,-1.16,1.12,-1.16
25.693,NAV_WAYPOINT,1.1673,-1.1784,0.301,88.2,-2.78,-2.05,-0.0,-0.1701,-0.0806,-0.0145,0.427,2.365,1.2,0.593,,1.12,-1.16,1.12,-1.16
25.76,NAV_WAYPOINT,1.1606,-1.1789,0.3,88.35,-1.97,-2.09,-0.0,-0.1861,-0.0562,-0.0146,0.434,2.373,1.17,0.593,,1.12,-1.16,1.12,-1.16
25.796,NAV_WAYPOINT,1.1527,-1.1787,0.301,88.58,-1.31,-2.12,-0.0,-0.1972,-0.0331,-0.0159,0.434,2.373,1.17,0.607,,1.12,-1.16,1.12,-1.16
25.884,ROTATION_SCAN,1.1429,-1.1792,0.296,88.74,-0.5,-2.21,-0.0,-0.2043,-0.0125,-0.0102,0.439,2.362,1.14,0.607,,,,1.12,-1.16
25.93,ROTATION_SCAN,1.1333,-1.1776,0.294,88.89,0.17,-1.98,-0.0,-0.2051,0.0096,-0.0158,0.439,2.362,1.14,0.624,,,,1.12,-1.16
25.968,ROTATION_SCAN,1.1262,-1.1757,0.294,89.02,0.72,-1.65,-0.0,-0.1945,0.0273,-0.015,0.451,2.374,1.109,0.624,,,,1.12,-1.16
25.983,ROTATION_SCAN,1.1195,-1.173,0.296,89.19,1.57,-1.02,-0.0,-0.1798,0.0413,-0.0075,0.451,2.374,1.109,0.64,,,,1.12,-1.16
26.059,ROTATION_SCAN,1.1132,-1.1701,0.299,89.38,2.46,-0.4,15.0,-0.1576,0.0487,0.0006,0.45,2.373,1.094,0.64,,,,1.12,-1.16
26.129,ROTATION_SCAN,1.1087,-1.1664,0.298,89.59,2.86,0.17,15.0,-0.129,0.0523,0.0039,0.45,2.373,1.094,0.653,,,,1.12,-1.16
26.147,ROTATION_SCAN,1.1055,-1.1633,0.296,89.92,3.04,0.51,15.0,-0.0969,0.0499,0.0047,0.451,2.352,1.067,0.653,,,,1.12,-1.16
26.192,ROTATION_SCAN,1.1035,-1.1599,0.298,90.28,2.99,0.72,15.0,-0.0656,0.047,0.0003,0.451,2.352,1.067,0.654,,,,1.12,-1.16
26.243,ROTATION_SCAN,1.1018,-1.1569,0.299,90.71,2.78,1.01,15.0,-0.038,0.0418,0.0031,0.445,2.347,1.059,0.654,,,,1.12,-1.16
26.278,ROTATION_SCAN,1.103,-1.1551,0.298,91.22,2.71,1.31,15.0,-0.0088,0.0319,0.0013,0.445,2.347,1.059,0.663,,,,1.12,-1.16
26.324,ROTATION_SCAN,1.1058,-1.1546,0.301,91.86,2.34,1.44,15.0,0.0196,0.0184,-0.0022,0.438,2.339,1.053,0.663,,,,1.12,-1.16
26.385,ROTATION_SCAN,1.1095,-1.1537,0.3,92.58,1.95,1.45,15.0,0.0438,0.0074,0.0035,0.438,2.339,1.053,0.663,,,,1.12,-1.16
26.465,ROTATION_SCAN,1.1145,-1.1542,0.302,93.38,1.53,1.36,15.0,0.0652,-0.0058,-0.0053,0.435,2.323,1.042,0.663,,,,1.12,-1.16
26.495,ROTATION_SCAN,1.1204,-1.1551,0.3,94.18,1.05,1.28,15.0,0.0829,-0.0175,-0.0034,0.435,2.323,1.042,0.667,,,,1.12,-1.16
26.534,ROTATION_SCAN,1.1253,-1.1569,0.298,95.07,0.47,1.14,15.0,0.0916,-0.0293,-0.0046,0.433,2.317,1.055,0.667,,,,1.12,-1.16
26.578,ROTATION_SCAN,1.1301,-1.1595,0.299,96.03,-0.01,0.72,15.0,0.0946,-0.0407,-0.0056,0.433,2.317,1.055,0.662,,,,1.12,-1.16
26.627,ROTATION_SCAN,1.1343,-1.162,0.299,97.01,-0.35,0.58,15.0,0.0927,-0.0472,-0.004,0.432,2.327,1.064,0.662,,,,1.12,-1.16
26.698,ROTATION_SCAN,1.14,-1.1641,0.299,97.99,-0.58,0.29,15.0,0.0919,-0.0506,-0.0058,0.432,2.327,1.064,0.669,,,,1.12,-1.16
26.728,ROTATION_SCAN,1.1443,-1.1665,0.296,98.9,-0.76,0.03,15.0,0.0864,-0.0521,-0.0052,0.441,2.365,1.082,0.669,,,,1.12,-1.16
26.794,ROTATION_SCAN,1.1492,-1.1703,0.299,99.8,-0.91,-0.07,15.0,0.0812,-0.0565,-0.0109,0.441,2.365,1.082,0.672,,,,1.12,-1.16
26.844,ROTATION_SCAN,1.1521,-1.1716,0.297,100.69,-1.17,-0.24,15.0,0.0703,-0.0527,-0.0002,0.441,2.441,1.066,0.672,,,,1.12,-1.16
26.881,ROTATION_SCAN,1.1545,-1.1739,0.298,101.68,-1.29,-0.44,15.0,0.0575,-0.0516,-0.0053,0.441,2.441,1.066,0.686,,,,1.12,-1.16
26.929,ROTATION_SCAN,1.1564,-1.1759,0.299,102.64,-1.45,-0.6,15.0,0.0438,-0.0483,-0.0008,0.452,2.543,1.061,0.686,,,,1.12,-1.16
27.002,ROTATION_SCAN,1.1569,-1.1787,0.3,103.6,-1.33,-0.76,15.0,0.0272,-0.0465,-0.0009,0.452,2.543,1.061,0.722,,,,1.12,-1.16
27.031,ROTATION_SCAN,1.1574,-1.1805,0.298,104.56,-1.14,-0.68,15.0,0.014,-0.0418,-0.0002,0.452,2.641,1.024,0.722,,,,1.12,-1.16
27.097,ROTATION_SCAN,1.1544,-1.1815,0.301,105.5,-1.04,-0.66,15.0,-0.0052,-0.0362,-0.0027,0.452,2.641,1.024,0.826,,,,1.12,-1.16
27.154,ROTATION_SCAN,1.1526,-1.1808,0.3,106.47,-0.87,-0.51,15.0,-0.0176,-0.0276,0.0033,0.454,2.672,,0.826,,,,1.12,-1.16
27.192,ROTATION_SCAN,1.1486,-1.1812,0.298,107.44,-0.62,-0.5,15.0,-0.0324,-0.0232,-0.0044,0.454,2.672,,1.564,,,,1.12,-1.16
27.236,ROTATION_SCAN,1.1443,-1.1803,0.296,108.35,-0.33,-0.37,15.0,-0.0443,-0.0159,-0.0062,0.461,2.715,0.868,1.564,,,,1.12,-1.16
27.313,ROTATION_SCAN,1.1405,-1.1799,0.299,109.22,0.06,-0.18,15.0,-0.05,-0.0111,-0.0056,0.461,2.715,0.868,1.696,,,,1.12,-1.16
27.344,ROTATION_SCAN,1.1342,-1.1793,0.296,110.09,0.26,-0.03,15.0,-0.0582,-0.0068,-0.0009,0.47,2.726,0.81,1.696,,,,1.12,-1.16
27.393,ROTATION_SCAN,1.1308,-1.1781,0.299,110.95,0.55,0.25,15.0,-0.0563,-0.0026,-0.0047,0.47,2.726,0.81,1.748,,,,1.12,-1.16
27.428,ROTATION_SCAN,1.1269,-1.1772,0.298,111.83,0.81,0.4,15.0,-0.0531,-0.0004,0.0075,0.472,2.733,0.775,1.748,,,,1.12,-1.16
27.496,ROTATION_SCAN,1.1236,-1.175,0.301,112.75,0.96,0.52,15.0,-0.0465,0.004,0.0021,0.472,2.733,0.775,1.711,,,,1.12,-1.16
27.54,ROTATION_SCAN,1.1199,-1.174,0.301,113.67,0.99,0.71,15.0,-0.0407,0.005,0.01,0.484,2.726,0.749,1.711,,,,1.12,-1.16
27.582,ROTATION_SCAN,1.1164,-1.1718,0.301,114.56,1.26,0.99,15.0,-0.0333,0.0072,0.0072,0.484,2.726,0.749,,,,,1.12,-1.16
27.673,ROTATION_SCAN,1.1143,-1.1696,0.299,115.33,1.27,1.17,15.0,-0.0212,0.0084,0.0024,0.488,2.714,0.72,,,,,1.12,-1.16
27.718,ROTATION_SCAN,1.1122,-1.1677,0.301,116.08,1.07,1.33,15.0,-0.0105,0.0072,0.0015,0.488,2.714,0.72,1.405,,,,1.12,-1.16
27.726,ROTATION_SCAN,1.1121,-1.1669,0.3,116.82,0.88,1.35,15.0,0.0028,0.0022,0.0028,0.488,2.673,0.703,1.405,,,,1.12,-1.16
27.818,ROTATION_SCAN,1.111,-1.1652,0.298,117.59,0.7,1.26,15.0,0.0106,-0.0003,-0.004,0.488,2.673,0.703,1.38,,,,1.12,-1.16
27.871,ROTATION_SCAN,1.113,-1.1662,0.299,118.39,0.55,1.17,15.0,0.0234,-0.0089,-0.0076,0.491,2.551,0.686,1.38,,,,1.12,-1.16
27.922,ROTATION_SCAN,1.1145,-1.1662,0.299,119.18,0.36,1.04,15.0,0.0318,-0.0141,-0.0028,0.491,2.551,0.686,,,,,1.12,-1.16
27.939,ROTATION_SCAN,1.1162,-1.167,0.299,120.0,0.31,0.94,15.0,0.0385,-0.02,-0.0048,0.494,2.151,0.679,,,,,1.12,-1.16
27.986,ROTATION_SCAN,1.114,-1.1658,0.302,120.81,0.27,0.7,15.0,0.0347,-0.0196,-0.0034,0.494,2.151,0.679,1.347,,,,1.12,-1.16
28.059,ROTATION_SCAN,1.1212,-1.1612,0.298,121.64,0.28,0.49,15.0,0.0528,-0.0092,0.0005,0.494,,0.666,1.347,,,,1.12,-1.16
28.086,ROTATION_SCAN,1.1211,-1.1622,0.3,122.53,0.27,0.37,15.0,0.0504,-0.0124,-0.0101,0.494,,0.666,1.366,,,,1.12,-1.16
28.138,ROTATION_SCAN,1.1229,-1.163,0.303,123.28,0.04,0.29,15.0,0.0514,-0.0145,-0.0022,0.495,1.861,0.657,1.366,,,,1.12,-1.16
28.174,ROTATION_SCAN,1.1242,-1.1643,0.303,124.06,-0.15,0.2,15.0,0.0496,-0.0173,-0.0039,0.495,1.861,0.657,1.37,,,,1.12,-1.16
28.263,ROTATION_SCAN,1.1262,-1.1656,0.298,124.8,-0.27,0.11,15.0,0.0477,-0.0204,-0.0065,0.501,1.784,0.66,1.37,,,,1.12,-1.16
28.276,ROTATION_SCAN,1.1236,-1.1654,0.299,125.54,-0.5,-0.01,15.0,0.0347,-0.02,-0.0109,0.501,1.784,0.66,1.39,,,,1.12,-1.16
28.347,ROTATION_SCAN,1.1214,-1.1691,0.298,126.24,-0.52,0.05,15.0,0.0224,-0.0281,-0.0087,0.504,1.672,0.656,1.39,,,,1.12,-1.16
28.41,ROTATION_SCAN,1.117,-1.1678,0.297,126.85,-0.37,0.02,15.0,0.0078,-0.0252,-0.0098,0.504,1.672,0.656,1.396,,,,1.12,-1.16
28.489,ROTATION_SCAN,1.1105,-1.1707,0.299,127.44,-0.08,0.27,15.0,-0.0077,-0.0306,-0.0109,0.51,1.589,0.654,1.396,,,,1.12,-1.16
28.526,ROTATION_SCAN,1.1065,-1.1741,0.297,128.06,0.15,0.31,15.0,-0.0136,-0.0363,-0.007,0.51,1.589,0.654,1.418,,,,1.12,-1.16
28.556,ROTATION_SCAN,1.1023,-1.1753,0.294,128.66,0.35,0.3,15.0,-0.0182,-0.0361,-0.0094,0.518,,0.655,1.418,,,,1.12,-1.16
28.595,ROTATION_SCAN,1.0993,-1.1763,0.295,129.22,0.63,0.51,15.0,-0.0177,-0.0345,-0.0122,0.518,,0.655,1.45,,,,1.12,-1.16
28.626,ROTATION_SCAN,1.0953,-1.1764,0.297,129.79,0.89,0.55,15.0,-0.0168,-0.0308,-0.008,0.533,1.26,0.656,1.45,,,,1.12,-1.16
28.702,ROTATION_SCAN,1.0914,-1.1767,0.295,130.38,1.04,0.62,15.0,-0.0144,-0.0268,-0.0078,0.533,1.26,0.656,1.475,,,,1.12,-1.16
28.726,ROTATION_SCAN,1.0882,-1.1773,0.293,130.95,1.26,0.76,15.0,-0.0092,-0.0232,-0.01,0.545,,0.663,1.475,,,,1.12,-1.16
28.79,ROTATION_SCAN,1.0865,-1.1785,0.293,131.63,1.44,0.88,15.0,0.001,-0.0212,-0.0095,0.545,,0.663,1.51,,,,1.12,-1.16
28.85,ROTATION_SCAN,1.0839,-1.1783,0.294,132.34,1.42,0.92,15.0,0.0089,-0.0157,-0.0078,,1.086,0.668,1.51,,,,1.12,-1.16
28.895,ROTATION_SCAN,1.0828,-1.1791,0.29,133.07,1.46,1.05,15.0,0.0195,-0.0138,-0.005,,1.086,0.668,1.535,,,,1.12,-1.16
28.956,ROTATION_SCAN,1.0833,-1.1792,0.29,133.87,1.45,0.99,15.0,0.033,-0.0105,-0.0089,,1.036,,1.535,,,,1.12,-1.16
28.979,ROTATION_SCAN,1.0851,-1.1786,0.295,134.68,1.26,0.84,15.0,0.0471,-0.0054,-0.0009,,1.036,,1.571,,,,1.12,-1.16
29.031,ROTATION_SCAN,1.0867,-1.1775,0.293,135.52,1.04,0.87,15.0,0.0569,-0.0007,0.0085,,0.994,,1.571,,,,1.12,-1.16
29.096,ROTATION_SCAN,1.0897,-1.1725,0.29,136.35,0.84,0.69,15.0,0.0678,0.0117,0.0031,,0.994,,1.574,,,,1.12,-1.16
29.124,ROTATION_SCAN,1.0879,-1.1721,0.297,137.11,0.47,0.51,15.0,0.0643,0.0119,0.0007,,0.956,,1.574,,,,1.12,-1.16
29.225,ROTATION_SCAN,1.092,-1.167,0.294,137.87,0.33,0.52,15.0,0.0717,0.0218,0.0148,,0.956,,,,,,1.12,-1.16
29.236,ROTATION_SCAN,1.0947,-1.1657,0.297,138.57,0.25,0.65,15.0,0.0747,0.021,0.0084,,0.933,,,,,,1.12,-1.16
29.306,ROTATION_SCAN,1.0968,-1.1661,0.296,139.24,0.02,0.72,15.0,0.0764,0.0148,0.0113,,0.933,,,,,,1.12,-1.16
29.395,ROTATION_SCAN,1.098,-1.1656,0.295,139.9,-0.15,0.61,15.0,0.0746,0.0104,0.0052,,0.914,,,,,,1.12,-1.16
29.452,ROTATION_SCAN,1.1003,-1.1657,0.299,140.6,-0.29,0.57,15.0,0.0741,0.0046,0.0041,,0.914,,,,,,1.12,-1.16
29.465,ROTATION_SCAN,1.1041,-1.1656,0.295,141.31,-0.22,0.75,15.0,0.0768,-0.0004,0.0099,,0.898,,,,,,1.12,-1.16
29.493,ROTATION_SCAN,1.1015,-1.1668,0.296,142.0,-0.35,0.77,15.0,0.0668,-0.0087,0.0031,,0.898,,0.618,,,,1.12,-1.16
29.533,ROTATION_SCAN,1.101,-1.1682,0.298,142.86,-0.3,0.65,15.0,0.0619,-0.0166,0.0055,,0.885,,0.618,,,,1.12,-1.16
29.601,ROTATION_SCAN,1.1,-1.1717,0.296,143.72,-0.31,0.56,15.0,0.0559,-0.0272,0.0053,,0.885,,0.581,,,,1.12,-1.16
29.627,ROTATION_SCAN,1.0931,-1.1757,0.303,144.59,-0.16,0.58,15.0,0.0379,-0.0377,0.0014,,0.867,,0.581,,,,1.12,-1.16
29.681,ROTATION_SCAN,1.1011,-1.1959,0.299,145.47,-0.02,0.67,15.0,0.0548,-0.0789,0.0153,,0.867,,0.564,,,,1.12,-1.16
29.757,ROTATION_SCAN,1.0969,-1.1977,0.299,146.35,0.42,0.53,15.0,0.0451,-0.077,0.0023,,0.848,,0.564,,,,1.12,-1.16
29.795,ROTATION_SCAN,1.0928,-1.1989,0.298,147.14,0.81,0.24,15.0,0.0371,-0.0694,0.0037,,0.848,,0.548,,,,1.12,-1.16
29.863,ROTATION_SCAN,1.0882,-1.1992,0.297,148.04,1.26,-0.04,15.0,0.0292,-0.057,0.002,,0.834,3.144,0.548,,,,1.12,-1.16
29.88,ROTATION_SCAN,1.0859,-1.2002,0.299,148.85,1.47,-0.2,15.0,0.0263,-0.0432,0.0017,,0.834,3.144,0.541,,,,1.12,-1.16
29.927,ROTATION_SCAN,1.0823,-1.2026,0.299,149.63,1.74,-0.05,15.0,0.0214,-0.032,0.0051,,0.82,3.101,0.541,,,,1.12,-1.16
29.996,ROTATION_SCAN,1.0795,-1.2017,0.3,150.35,1.8,0.04,15.0,0.0206,-0.0141,0.0039,,0.82,3.101,0.532,,,,1.12,-1.16
30.03,ROTATION_SCAN,1.076,-1.1994,0.301,151.03,1.85,0.24,15.0,0.0192,0.0048,0.0073,,0.815,3.014,0.532,,,,1.12,-1.16
30.083,ROTATION_SCAN,1.0723,-1.1971,0.303,151.68,1.82,0.61,15.0,0.0196,0.021,0.0061,,0.815,3.014,0.532,,,,1.12,-1.16
30.155,ROTATION_SCAN,1.0689,-1.1957,0.303,152.25,1.63,0.86,15.0,0.0224,0.0318,0.009,,0.809,2.987,0.532,,,,1.12,-1.16
30.231,ROTATION_SCAN,1.0656,-1.1928,0.303,152.89,1.39,0.93,15.0,0.0255,0.0424,0.0026,,0.809,2.987,0.524,,,,1.12,-1.16
30.26,ROTATION_SCAN,1.0651,-1.1881,0.303,153.46,1.04,0.98,15.0,0.0334,0.0537,0.0032,,0.8,2.969,0.524,,,,1.12,-1.16
30.298,ROTATION_SCAN,1.0648,-1.1844,0.301,153.98,0.77,1.02,15.0,0.0397,0.0594,0.0012,,0.8,2.969,0.512,,,,1.12,-1.16
30.331,ROTATION_SCAN,1.0645,-1.1809,0.308,154.53,0.47,1.1,15.0,0.045,0.0617,-0.0044,,0.794,,0.512,,,,1.12,-1.16
30.382,ROTATION_SCAN,1.0652,-1.1765,0.306,155.05,0.31,1.11,15.0,0.0511,0.0639,0.006,,0.794,,0.505,,,,1.12,-1.16
30.437,ROTATION_SCAN,1.0657,-1.1714,0.306,155.61,0.11,1.06,15.0,0.0552,0.0664,0.0042,,0.789,2.932,0.505,,,,1.12,-1.16
30.529,ROTATION_SCAN,1.0671,-1.1687,0.303,156.17,-0.12,1.18,15.0,0.0604,0.0616,0.0025,,0.789,2.932,0.489,,,,1.12,-1.16
30.549,ROTATION_SCAN,1.0666,-1.1659,0.306,156.76,-0.39,1.12,15.0,0.0602,0.0555,-0.0056,,0.782,2.895,0.489,,,,1.12,-1.16
30.63,ROTATION_SCAN,1.068,-1.1633,0.303,157.46,-0.56,1.1,15.0,0.0633,0.0483,-0.0,,0.782,2.895,0.481,,,,1.12,-1.16
30.65,ROTATION_SCAN,1.0699,-1.1605,0.306,158.18,-0.72,0.98,15.0,0.0663,0.0412,-0.006,,0.772,2.882,0.481,,,,1.12,-1.16
30.716,ROTATION_SCAN,1.0725,-1.1603,0.305,158.91,-0.84,0.81,15.0,0.0692,0.0284,0.0027,,0.772,2.882,0.472,,,,1.12,-1.16
30.759,ROTATION_SCAN,1.0751,-1.1596,0.305,159.59,-0.83,0.82,15.0,0.0709,0.0179,-0.0011,,0.761,2.838,0.472,,,,1.12,-1.16
30.777,ROTATION_SCAN,1.0754,-1.1624,0.304,160.35,-0.66,0.61,15.0,0.0668,0.0015,-0.0029,,0.761,2.838,0.467,,,,1.12,-1.16
30.827,ROTATION_SCAN,1.0744,-1.1679,0.304,161.11,-0.59,0.5,15.0,0.0591,-0.0176,-0.0031,,0.747,2.804,0.467,,,,1.12,-1.16
30.881,ROTATION_SCAN,1.0735,-1.1685,0.304,161.9,-0.19,0.61,15.0,0.0531,-0.0221,-0.0007,,0.747,2.804,0.465,,,,1.12,-1.16
30.94,ROTATION_SCAN,1.0724,-1.1757,0.305,162.7,-0.17,0.71,15.0,0.0491,-0.0386,-0.0027,,0.74,2.781,0.465,,,,1.12,-1.16
30.987,ROTATION_SCAN,1.0714,-1.179,0.304,163.57,0.13,0.71,15.0,0.0464,-0.0444,-0.0062,,0.74,2.781,0.464,,,,1.12,-1.16
31.038,ROTATION_SCAN,1.0704,-1.1829,0.303,164.42,0.39,0.87,15.0,0.0451,-0.048,-0.01,,0.731,2.745,0.464,,,,1.12,-1.16
31.104,ROTATION_SCAN,1.0669,-1.1871,0.302,165.21,0.58,0.73,15.0,0.0395,-0.0505,-0.0081,,0.731,2.745,0.465,,,,1.12,-1.16
31.127,ROTATION_SCAN,1.0667,-1.1919,0.303,165.92,0.74,0.88,15.0,0.0422,-0.052,-0.0102,,0.725,2.717,0.465,,,,1.12,-1.16
31.193,ROTATION_SCAN,1.065,-1.1959,0.306,166.5,0.94,0.9,15.0,0.0423,-0.0507,-0.0099,,0.725,2.717,0.465,,,,1.12,-1.16
31.247,ROTATION_SCAN,1.0657,-1.2005,0.304,167.03,1.13,0.93,15.0,0.0479,-0.0491,-0.0024,1.075,0.724,2.705,0.465,,,,1.12,-1.16
31.28,ROTATION_SCAN,1.0636,-1.2029,0.3,167.51,1.45,0.83,15.0,0.0472,-0.0409,-0.0082,1.075,0.724,2.705,0.473,,,,1.12,-1.16
31.366,ROTATION_SCAN,1.0643,-1.2057,0.302,167.99,1.48,0.79,15.0,0.0525,-0.0323,-0.0168,1.072,0.721,2.691,0.473,,,,1.12,-1.16
31.376,ROTATION_SCAN,1.066,-1.2078,0.301,168.42,1.7,0.76,15.0,0.0594,-0.0224,-0.0084,1.072,0.721,2.691,0.479,,,,1.12,-1.16
31.488,ROTATION_SCAN,1.0689,-1.2086,0.303,168.83,1.8,0.65,15.0,0.0675,-0.0088,-0.0132,1.081,0.718,2.681,0.479,,,,1.12,-1.16
31.557,ROTATION_SCAN,1.0708,-1.2075,0.299,169.31,1.75,0.57,15.0,0.0719,0.008,-0.0088,1.081,0.718,2.681,0.477,,,,1.12,-1.16
31.587,ROTATION_SCAN,1.0708,-1.2058,0.299,169.77,1.71,0.45,15.0,0.0708,0.0241,-0.0145,1.073,0.712,2.664,0.477,,,,1.12,-1.16
31.604,ROTATION_SCAN,1.0722,-1.2035,0.3,170.33,1.4,0.55,15.0,0.0724,0.0388,-0.0089,1.073,0.712,2.664,0.477,,,,1.12,-1.16
31.66,ROTATION_SCAN,1.0729,-1.2005,0.304,170.98,1.18,0.41,15.0,0.0723,0.0509,-0.0057,1.074,0.704,2.651,0.477,,,,1.12,-1.16
31.692,ROTATION_SCAN,1.0749,-1.1968,0.3,171.78,0.91,0.25,15.0,0.0727,0.0618,-0.0043,1.074,0.704,2.651,0.473,,,,1.12,-1.16
31.735,ROTATION_SCAN,1.0749,-1.194,0.302,172.76,0.55,0.31,15.0,0.0677,0.067,-0.0106,1.06,0.7,2.623,0.473,,,,1.12,-1.16
31.815,ROTATION_SCAN,1.0754,-1.1906,0.301,173.83,0.16,0.26,15.0,0.0643,0.0703,-0.0057,1.06,0.7,2.623,0.47,,,,1.12,-1.16
31.846,ROTATION_SCAN,1.0781,-1.1868,0.298,174.97,-0.04,0.22,15.0,0.0653,0.0714,-0.0073,1.044,0.694,2.577,0.47,,,,1.12,-1.16
31.905,ROTATION_SCAN,1.0783,-1.1848,0.3,175.92,-0.26,0.25,15.0,0.0615,0.068,-0.0093,1.044,0.694,2.577,0.468,,,,1.12,-1.16
31.928,ROTATION_SCAN,1.0798,-1.1782,0.297,177.0,-0.46,0.44,15.0,0.0603,0.0723,-0.0028,1.027,0.687,2.507,0.468,,,,1.12,-1.16
32.013,ROTATION_SCAN,1.0802,-1.1757,0.296,178.09,-0.61,0.54,15.0,0.0583,0.0651,-0.0092,1.027,0.687,2.507,0.46,,,,1.12,-1.16
32.089,ROTATION_SCAN,1.0818,-1.1717,0.299,179.21,-0.57,0.53,-0.0,0.0595,0.0618,-0.0082,1.021,0.681,2.434,0.46,,,,2.18,-0.98
32.144,NAV_WAYPOINT,1.0826,-1.1692,0.296,-179.7,-0.66,0.53,-0.0,0.0585,0.0553,-0.0011,1.021,0.681,2.434,0.458,,1.08,-0.9,2.18,-0.98
32.177,NAV_WAYPOINT,1.0839,-1.1674,0.299,-178.81,-0.73,0.02,-0.0,0.0564,0.0469,-0.0047,1.021,0.678,2.375,0.458,,1.08,-0.9,2.18,-0.98
32.201,NAV_WAYPOINT,1.0847,-1.1659,0.296,-178.14,-0.7,-0.22,-0.0,0.0502,0.0386,0.0057,1.021,0.678,2.375,0.447,,1.08,-0.9,2.18,-0.98
32.272,NAV_WAYPOINT,1.0863,-1.1656,0.299,-177.65,-0.59,-0.35,-0.0,0.0456,0.0293,-0.0016,1.019,0.678,2.369,0.447,,1.08,-0.9,2.18,-0.98
32.31,NAV_WAYPOINT,1.086,-1.1639,0.299,-177.39,0.73,-0.44,-0.0,0.0356,0.029,0.0097,1.019,0.678,2.369,0.445,,1.08,-0.9,2.18,-0.98
32.335,NAV_WAYPOINT,1.0864,-1.1667,0.298,-177.31,2.86,-0.44,-0.0,0.0275,0.0361,0.0034,1.013,0.677,2.39,0.445,,1.08,-0.9,2.18,-0.98
32.392,NAV_WAYPOINT,1.0853,-1.1656,0.298,-177.3,3.99,-0.32,-0.0,0.0169,0.0636,0.001,1.013,0.677,2.39,0.443,,1.08,-0.9,2.18,-0.98
32.462,NAV_WAYPOINT,1.0836,-1.1637,0.299,-177.33,4.78,-0.07,-0.0,0.0077,0.0977,-0.0017,1.019,0.68,2.412,0.443,,1.08,-0.9,2.18,-0.98
32.479,NAV_WAYPOINT,1.0804,-1.1584,0.297,-177.42,4.88,0.1,-0.0,-0.0025,0.1398,0.0022,1.019,0.68,2.412,0.439,,1.08,-0.9,2.18,-0.98
32.561,NAV_WAYPOINT,1.0784,-1.1511,0.297,-177.48,4.92,0.31,-0.0,-0.0066,0.182,-0.0008,1.01,0.679,2.429,0.439,,1.08,-0.9,2.18,-0.98
32.601,NAV_WAYPOINT,1.0771,-1.1416,0.294,-177.58,4.45,0.38,-0.0,-0.0076,0.2221,0.0011,1.01,0.679,2.429,0.422,,1.08,-0.9,2.18,-0.98
32.648,NAV_WAYPOINT,1.0745,-1.1302,0.296,-177.63,3.99,0.48,-0.0,-0.0107,0.2589,-0.0022,1.006,0.688,2.471,0.422,,1.08,-0.9,2.18,-0.98
32.683,NAV_WAYPOINT,1.0735,-1.117,0.299,-177.51,3.38,0.53,-0.0,-0.0086,0.2903,0.0063,1.006,0.688,2.471,0.401,,1.08,-0.9,2.18,-0.98
32.768,NAV_WAYPOINT,1.0707,-1.1025,0.299,-177.34,2.66,0.55,-0.0,-0.0106,0.3148,0.0088,1.008,0.699,2.455,0.401,,1.08,-0.9,2.18,-0.98
32.774,NAV_WAYPOINT,1.0694,-1.0851,0.299,-177.11,1.88,0.5,-0.0,-0.0088,0.3372,0.0056,1.008,0.699,2.455,0.365,,1.08,-0.9,2.18,-0.98
32.823,NAV_WAYPOINT,1.068,-1.0696,0.299,-176.86,1.1,0.5,-0.0,-0.0076,0.3459,0.0043,1.014,0.731,2.474,0.365,,1.08,-0.9,2.18,-0.98
32.882,NAV_WAYPOINT,1.066,-1.0533,0.3,-176.65,0.52,0.58,-0.0,-0.0072,0.3499,0.0007,1.014,0.731,2.474,0.332,,1.08,-0.9,2.18,-0.98
32.956,NAV_WAYPOINT,1.0639,-1.0379,0.296,-176.55,0.03,0.41,-0.0,-0.0078,0.347,-0.0023,1.008,0.796,2.472,0.332,,1.08,-0.9,2.18,-0.98
32.995,NAV_WAYPOINT,1.0625,-1.0231,0.302,-176.44,-0.29,0.49,-0.0,-0.0064,0.3392,-0.0089,1.008,0.796,2.472,0.3,,1.08,-0.9,2.18,-0.98
33.044,NAV_WAYPOINT,1.0611,-1.0089,0.299,-176.38,-0.46,0.55,-0.0,-0.0042,0.3288,0.0033,1.01,,2.515,0.3,,1.08,-0.9,2.18,-0.98
33.102,NAV_WAYPOINT,1.0584,-0.992,0.299,-176.36,-0.67,0.67,-0.0,-0.0055,0.3258,-0.0033,1.01,,2.515,0.269,,1.08,-0.9,2.18,-0.98
33.158,NAV_WAYPOINT,1.0569,-0.9794,0.302,-176.35,-0.45,0.83,-0.0,-0.0023,0.3114,0.0014,0.995,1.753,2.529,0.269,,1.08,-0.9,2.18,-0.98
33.176,NAV_WAYPOINT,1.0546,-0.9657,0.3,-176.33,-0.32,0.99,-0.0,-0.0009,0.3039,0.0064,0.995,1.753,2.529,0.243,,1.08,-0.9,2.18,-0.98
33.232,NAV_WAYPOINT,1.0527,-0.9531,0.299,-176.29,-0.21,1.01,-0.0,0.0021,0.2952,0.0005,0.959,1.77,2.581,0.243,,1.08,-0.9,2.18,-0.98
33.322,NAV_WAYPOINT,1.0506,-0.9398,0.302,-176.22,-0.21,1.18,-0.0,0.0053,0.2895,0.0031,0.959,1.77,2.581,0.215,,1.08,-0.9,2.18,-0.98
33.382,NAV_WAYPOINT,1.0498,-0.9262,0.3,-176.19,-0.12,1.34,-0.0,0.0124,0.2864,0.0041,0.921,1.766,2.617,0.215,,1.08,-0.9,2.18,-0.98
33.389,NAV_WAYPOINT,1.0491,-0.9126,0.299,-176.16,-0.93,1.39,-0.0,0.0203,0.2805,-0.0013,0.921,1.766,2.617,0.191,,1.08,-0.9,2.18,-0.98
33.449,NAV_WAYPOINT,1.0497,-0.9017,0.301,-176.17,-1.41,1.46,-0.0,0.031,0.2619,-0.0019,0.925,1.77,2.614,0.191,,1.08,-0.9,2.18,-0.98
33.504,NAV_WAYPOINT,1.0488,-0.89,0.301,-176.18,-1.8,1.53,-0.0,0.0368,0.2444,-0.0019,0.925,1.77,2.614,0.168,,1.08,-0.9,2.18,-0.98
33.53,NAV_WAYPOINT,1.0486,-0.8781,0.302,-176.18,-2.06,1.52,-0.0,0.0444,0.2275,-0.0009,0.925,1.773,2.641,0.168,,1.08,-0.9,2.18,-0.98
33.579,NAV_WAYPOINT,1.0497,-0.8691,0.299,-176.14,-2.51,1.52,-0.0,0.054,0.2024,-0.0007,0.925,1.773,2.641,0.16,,1.08,-0.9,2.18,-0.98
33.628,NAV_WAYPOINT,1.0505,-0.859,0.302,-176.14,-3.28,1.36,-0.0,0.0617,0.1772,-0.0053,0.927,1.757,2.664,0.16,,1.08,-0.9,2.18,-0.98
33.71,NAV_WAYPOINT,1.0526,-0.8518,0.302,-176.05,-3.64,1.16,-0.0,0.0705,0.144,-0.0019,0.927,1.757,2.664,0.139,,1.08,-0.9,2.18,-0.98
33.742,NAV_WAYPOINT,1.0545,-0.8459,0.306,-175.88,-3.99,0.8,-0.0,0.0755,0.1087,-0.0025,0.938,1.764,2.646,0.139,,1.08,-0.9,2.18,-0.98
33.783,NAV_WAYPOINT,1.0578,-0.8401,0.301,-175.8,-4.33,0.45,-0.0,0.0806,0.0755,-0.0001,0.938,1.764,2.646,0.125,,1.08,-0.9,2.18,-0.98
33.863,NAV_WAYPOINT,1.0624,-0.8354,0.3,-175.83,-4.51,0.23,-0.0,0.088,0.0426,-0.0116,0.947,1.759,2.62,0.125,,1.08,-0.9,2.18,-0.98
33.878,NAV_WAYPOINT,1.0652,-0.8338,0.302,-175.9,-4.79,-0.11,-0.0,0.0859,0.0003,-0.0005,0.947,1.759,2.62,0.117,,1.08,-0.9,2.18,-0.98
33.956,NAV_WAYPOINT,1.0684,-0.8343,0.299,-175.84,-4.72,-0.37,-0.0,0.0827,-0.0415,-0.0,0.952,1.752,2.642,0.117,,1.08,-0.9,2.18,-0.98
33.997,NAV_WAYPOINT,1.0708,-0.8373,0.299,-175.87,-4.32,-0.43,-0.0,0.0764,-0.0823,-0.008,0.952,1.752,2.642,0.123,,1.08,-0.9,2.18,-0.98
34.046,NAV_WAYPOINT,1.0722,-0.8418,0.3,-175.91,-3.9,-0.65,-0.0,0.0667,-0.1197,-0.0061,0.958,1.751,2.631,0.123,,1.08,-0.9,2.18,-0.98
34.08,NAV_WAYPOINT,1.0734,-0.8474,0.301,-175.91,-3.04,-0.52,-0.0,0.0579,-0.1487,-0.0069,0.958,1.751,2.631,0.128,,1.08,-0.9,2.18,-0.98
34.136,NAV_WAYPOINT,1.0734,-0.8532,0.302,-175.95,-2.41,-0.57,-0.0,0.046,-0.1688,-0.0064,0.96,1.748,2.645,0.128,,1.08,-0.9,2.18,-0.98
34.205,NAV_WAYPOINT,1.0733,-0.8615,0.298,-176.05,-1.62,-0.48,-0.0,0.036,-0.1861,-0.0061,0.96,1.748,2.645,0.145,,1.08,-0.9,2.18,-0.98
34.223,NAV_WAYPOINT,1.0726,-0.871,0.298,-176.16,-0.87,-0.14,-0.0,0.0269,-0.198,-0.013,0.956,1.762,2.641,0.145,,1.08,-0.9,2.18,-0.98
34.377,NAV_WAYPOINT,1.0712,-0.8777,0.3,-176.15,-0.11,-0.11,-0.0,0.0186,-0.1955,-0.0159,0.956,1.762,2.641,0.166,,2.0,-0.9,2.18,-0.98
34.449,NAV_WAYPOINT,1.0703,-0.8852,0.297,-176.09,0.44,0.26,-0.0,0.0141,-0.1892,-0.0034,0.947,1.756,2.648,0.166,,2.0,-0.9,2.18,-0.98
34.48,NAV_WAYPOINT,1.0684,-0.8924,0.298,-176.01,0.98,0.37,-0.0,0.0095,-0.1782,-0.0083,0.947,1.756,2.648,0.17,,2.0,-0.9,2.18,-0.98
34.508,NAV_WAYPOINT,1.0671,-0.8976,0.3,-175.98,0.97,0.5,-0.0,0.0077,-0.1613,0.0001,0.943,1.76,2.648,0.17,,2.0,-0.9,2.18,-0.98
34.569,NAV_WAYPOINT,1.0659,-0.9075,0.299,-175.91,1.19,0.47,-0.0,0.0071,-0.157,0.0026,0.943,1.76,2.648,0.186,,2.0,-0.9,2.18,-0.98
34.604,NAV_WAYPOINT,1.0652,-0.9123,0.301,-175.92,2.03,0.58,-0.0,0.0067,-0.1354,0.0014,0.935,1.765,2.623,0.186,,2.0,-0.9,2.18,-0.98
34.627,NAV_WAYPOINT,1.0631,-0.918,0.302,-176.04,2.2,2.82,-0.0,0.015,-0.1143,0.008,0.935,1.765,2.623,0.195,,2.0,-0.9,2.18,-0.98
34.682,NAV_WAYPOINT,1.0621,-0.9204,0.302,-176.14,2.36,4.32,-0.0,0.0411,-0.0847,0.0086,0.922,1.78,2.615,0.195,,2.0,-0.9,2.18,-0.98
34.697,NAV_WAYPOINT,1.0636,-0.9237,0.3,-176.3,2.32,5.05,-0.0,0.0773,-0.0609,-0.0014,0.922,1.78,2.615,0.202,,2.0,-0.9,2.18,-0.98
34.748,NAV_WAYPOINT,1.0678,-0.9249,0.3,-176.59,1.79,5.47,-0.0,0.1213,-0.0368,-0.0055,0.93,1.775,2.62,0.202,,2.0,-0.9,2.18,-0.98
34.784,NAV_WAYPOINT,1.0753,-0.9241,0.3,-176.86,1.42,5.33,-0.0,0.1689,-0.0148,-0.0058,0.93,1.775,2.62,0.204,,2.0,-0.9,2.18,-0.98
34.823,NAV_WAYPOINT,1.084,-0.9231,0.299,-177.17,1.03,5.03,-0.0,0.2122,0.0018,-0.0076,0.938,1.758,2.62,0.204,,2.0,-0.9,2.18,-0.98
34.878,NAV_WAYPOINT,1.0964,-0.9211,0.302,-177.45,0.77,4.37,-0.0,0.2546,0.0156,-0.01,0.938,1.758,2.62,0.215,,2.0,-0.9,2.18,-0.98
34.965,NAV_WAYPOINT,1.1082,-0.9202,0.297,-177.75,0.53,3.51,-0.0,0.2844,0.0229,-0.0057,0.956,1.739,2.615,0.215,,2.0,-0.9,2.18,-0.98
34.975,NAV_WAYPOINT,1.1217,-0.9183,0.299,-177.96,0.41,2.47,-0.0,0.3064,0.0299,-0.0142,0.956,1.739,2.615,0.282,,2.0,-0.9,2.18,-0.98
35.049,NAV_WAYPOINT,1.1369,-0.9165,0.298,-178.06,0.18,1.65,-0.0,0.3223,0.0336,-0.0091,0.99,1.71,2.614,0.282,,2.0,-0.9,2.18,-0.98
35.126,NAV_WAYPOINT,1.1561,-0.9136,0.298,-178.05,-0.1,0.87,-0.0,0.3387,0.0367,-0.0123,0.99,1.71,2.614,0.222,,2.0,-0.9,2.18,-0.98
35.182,NAV_WAYPOINT,1.1706,-0.9119,0.299,-178.0,-0.19,0.36,-0.0,0.3382,0.0357,-0.0082,1.025,1.677,2.607,0.222,,2.0,-0.9,2.18,-0.98
35.197,NAV_WAYPOINT,1.1859,-0.9104,0.299,-177.81,-0.34,0.1,-0.0,0.3363,0.0333,-0.0035,1.025,1.677,2.607,0.184,,2.0,-0.9,2.18,-0.98
35.241,NAV_WAYPOINT,1.2,-0.9091,0.294,-177.57,-0.28,-0.15,-0.0,0.3296,0.0304,0.0001,1.054,1.642,2.589,0.184,,2.0,-0.9,2.18,-0.98
35.275,NAV_WAYPOINT,1.2142,-0.908,0.299,-177.35,-0.28,-0.1,-0.0,0.3237,0.0274,-0.0018,1.054,1.642,2.589,0.188,,2.0,-0.9,2.18,-0.98
35.327,NAV_WAYPOINT,1.229,-0.907,0.299,-177.13,-0.22,-0.29,-0.0,0.3188,0.0247,0.0096,1.068,1.62,2.59,0.188,,2.0,-0.9,2.18,-0.98
35.404,NAV_WAYPOINT,1.2432,-0.9061,0.297,-176.85,-0.03,-0.33,-0.0,0.312,0.0232,0.0038,1.068,1.62,2.59,0.187,,2.0,-0.9,2.18,-0.98
35.422,NAV_WAYPOINT,1.256,-0.9056,0.299,-176.7,-0.04,-0.3,-0.0,0.3027,0.0214,0.0041,1.071,1.598,2.582,0.187,,2.0,-0.9,2.18,-0.98
35.495,NAV_WAYPOINT,1.2681,-0.9043,0.295,-176.49,0.08,-0.17,-0.0,0.2942,0.0226,0.0119,1.071,1.598,2.582,0.19,,2.0,-0.9,2.18,-0.98
35.536,NAV_WAYPOINT,1.2791,-0.9041,0.299,-176.35,0.08,-0.16,-0.0,0.2839,0.0217,0.0006,1.066,1.574,2.584,0.19,,2.0,-0.9,2.18,-0.98
35.612,NAV_WAYPOINT,1.291,-0.9034,0.299,-176.33,0.1,0.02,-0.0,0.2776,0.0218,0.0107,1.066,1.574,2.584,0.188,,2.0,-0.9,2.18,-0.98
35.625,NAV_WAYPOINT,1.3041,-0.9022,0.299,-176.31,0.15,0.32,-0.0,0.2774,0.0232,0.0025,1.067,1.543,2.58,0.188,,2.0,-0.9,2.18,-0.98
35.714,NAV_WAYPOINT,1.315,-0.9019,0.299,-176.43,0.08,0.58,-0.0,0.2743,0.0232,0.0035,1.067,1.543,2.58,0.205,,2.0,-0.9,2.18,-0.98
35.734,NAV_WAYPOINT,1.3274,-0.9015,0.3,-176.64,-0.13,0.75,-0.0,0.2772,0.0213,0.0055,1.071,1.521,2.602,0.205,,2.0,-0.9,2.18,-0.98
35.799,NAV_WAYPOINT,1.3397,-0.8989,0.3,-176.87,-0.21,0.82,-0.0,0.2798,0.0238,0.0048,1.071,1.521,2.602,0.193,,2.0,-0.9,2.18,-0.98
35.879,NAV_WAYPOINT,1.3516,-0.8982,0.301,-177.22,-0.24,0.68,-0.0,0.2809,0.0213,0.001,1.077,1.496,2.587,0.193,,2.0,-0.9,2.18,-0.98
35.895,NAV_WAYPOINT,1.3641,-0.8972,0.301,-177.56,-0.11,0.7,-0.0,0.2829,0.0203,0.0005,1.077,1.496,2.587,0.182,,2.0,-0.9,2.18,-0.98
35.967,NAV_WAYPOINT,1.3788,-0.8965,0.306,-177.89,-0.07,0.63,-0.0,0.2896,0.0191,-0.0008,1.087,1.477,2.59,0.182,,2.0,-0.9,2.18,-0.98
36.003,NAV_WAYPOINT,1.3925,-0.8944,0.303,-178.29,-0.33,0.58,-0.0,0.2929,0.0203,0.0052,1.087,1.477,2.59,0.183,,2.0,-0.9,2.18,-0.98
36.072,NAV_WAYPOINT,1.4048,-0.8932,0.306,-178.74,-0.2,0.4,-0.0,0.291,0.0187,-0.0044,1.109,1.453,2.596,0.183,,2.0,-0.9,2.18,-0.98
36.137,NAV_WAYPOINT,1.4165,-0.8924,0.301,-179.27,-0.33,0.23,-0.0,0.2862,0.0165,0.0007,1.109,1.453,2.596,0.184,,2.0,-0.9,2.18,-0.98
36.187,NAV_WAYPOINT,1.4283,-0.8926,0.301,-179.91,-0.6,0.24,-0.0,0.2821,0.0101,-0.0074,1.148,1.433,2.615,0.184,,2.0,-0.9,2.18,-0.98
36.195,NAV_WAYPOINT,1.4408,-0.8931,0.302,179.49,-1.02,0.28,-0.0,0.2801,0.0005,0.0033,1.148,1.433,2.615,0.18,,2.0,-0.9,2.18,-0.98
36.224,NAV_WAYPOINT,1.4537,-0.8923,0.304,179.08,-1.17,0.3,-0.0,0.2801,-0.0075,0.0082,1.169,1.411,2.595,0.18,,2.0,-0.9,2.18,-0.98
36.293,NAV_WAYPOINT,1.4642,-0.8933,0.302,178.96,-1.17,0.37,-0.0,0.2735,-0.0184,0.0057,1.169,1.411,2.595,0.191,,2.0,-0.9,2.18,-0.98
36.336,NAV_WAYPOINT,1.4753,-0.8947,0.302,179.17,-1.13,0.76,-0.0,0.2718,-0.0296,0.0029,1.159,1.391,2.577,0.191,,2.0,-0.9,2.18,-0.98
36.4,NAV_WAYPOINT,1.486,-0.8974,0.306,179.55,-0.82,0.8,-0.0,0.271,-0.0408,0.0037,1.159,1.391,2.577,0.241,,2.0,-0.9,2.18,-0.98
36.432,NAV_WAYPOINT,1.4975,-0.9003,0.306,179.95,-0.31,0.8,-0.0,0.2727,-0.0473,0.0069,1.129,1.367,2.6,0.241,,2.0,-0.9,2.18,-0.98
36.536,NAV_WAYPOINT,1.5092,-0.9049,0.303,-179.62,0.12,0.79,-0.0,0.274,-0.0533,0.0006,1.129,1.367,2.6,0.715,,2.0,-0.9,2.18,-0.98
36.557,NAV_WAYPOINT,1.5205,-0.909,0.303,-179.22,0.78,0.99,-0.0,0.2756,-0.0522,-0.0047,1.103,1.343,2.619,0.715,,2.0,-0.9,2.18,-0.98
36.597,NAV_WAYPOINT,1.5309,-0.911,0.303,-178.93,1.08,1.09,-0.0,0.2754,-0.0428,-0.0033,1.103,1.343,2.619,0.754,,2.0,-0.9,2.18,-0.98
36.628,NAV_WAYPOINT,1.5435,-0.913,0.303,-178.79,1.17,1.18,-0.0,0.2817,-0.0328,-0.0035,1.063,1.323,2.648,0.754,,2.0,-0.9,2.18,-0.98
36.678,NAV_WAYPOINT,1.5547,-0.9156,0.302,-178.76,1.32,1.26,-0.0,0.2846,-0.0246,-0.0006,1.063,1.323,2.648,,,2.0,-0.9,2.18,-0.98
36.754,NAV_WAYPOINT,1.5671,-0.9158,0.305,-178.83,1.42,1.18,-0.0,0.2897,-0.0102,0.0003,1.037,1.308,2.648,,,2.0,-0.9,2.18,-0.98
36.815,NAV_WAYPOINT,1.5809,-0.917,0.305,-178.96,1.44,0.99,-0.0,0.2971,0.0004,0.0039,1.037,1.308,2.648,,,2.0,-0.9,2.18,-0.98
36.822,NAV_WAYPOINT,1.5957,-0.9179,0.305,-179.32,1.2,0.6,-0.0,0.2961,0.0093,0.0043,1.011,1.28,2.682,,,2.0,-0.9,2.18,-0.98
36.89,NAV_WAYPOINT,1.6075,-0.9173,0.305,-179.66,1.02,0.61,-0.0,0.2936,0.0195,0.0019,1.011,1.28,2.682,,,2.0,-0.9,2.18,-0.98
36.985,NAV_WAYPOINT,1.6202,-0.9166,0.307,179.87,0.8,0.46,-0.0,0.2938,0.0267,-0.0015,0.989,1.253,2.654,,,2.0,-0.9,2.18,-0.98
37.013,NAV_WAYPOINT,1.633,-0.9146,0.305,179.38,0.52,0.42,-0.0,0.2927,0.0345,0.0028,0.989,1.253,2.654,,,2.0,-0.9,2.18,-0.98
37.024,NAV_WAYPOINT,1.6457,-0.9125,0.305,178.95,0.17,0.29,-0.0,0.2908,0.0386,-0.0029,0.985,1.24,2.646,,,2.0,-0.9,2.18,-0.98
37.089,NAV_WAYPOINT,1.6597,-0.9098,0.307,178.57,-0.08,0.39,-0.0,0.292,0.0411,-0.0004,0.985,1.24,2.646,,,2.0,-0.9,2.18,-0.98
37.14,NAV_WAYPOINT,1.6727,-0.9094,0.303,178.19,-0.42,0.52,-0.0,0.2917,0.0357,0.001,0.991,1.212,2.642,,,2.0,-0.9,2.18,-0.98
37.184,NAV_WAYPOINT,1.686,-0.9087,0.3,177.96,-0.51,0.51,-0.0,0.2933,0.0294,-0.0077,0.991,1.212,2.642,,,2.0,-0.9,2.18,-0.98
37.235,NAV_WAYPOINT,1.6987,-0.9082,0.305,177.87,-0.54,0.55,-0.0,0.2927,0.0234,-0.0106,1.003,1.185,2.646,,,2.0,-0.9,2.18,-0.98
37.331,NAV_WAYPOINT,1.7112,-0.9075,0.302,177.91,-0.43,0.58,-0.0,0.292,0.0181,-0.0022,1.003,1.185,2.646,,,2.0,-0.9,2.18,-0.98
37.336,NAV_WAYPOINT,1.7245,-0.9083,0.309,178.03,-0.38,0.35,-0.0,0.2926,0.0108,-0.0082,1.018,,2.659,,,2.0,-0.9,2.18,-0.98
37.372,NAV_WAYPOINT,1.7401,-0.9096,0.306,178.27,-0.33,0.49,-0.0,0.2977,0.0033,0.0023,1.018,,2.659,,,2.0,-0.9,2.18,-0.98
37.452,NAV_WAYPOINT,1.7537,-0.91,0.305,178.53,-0.07,0.48,-0.0,0.2986,0.0,-0.0053,1.034,1.134,2.678,,,2.0,-0.9,2.18,-0.98
37.503,NAV_WAYPOINT,1.7681,-0.9102,0.304,178.81,-0.04,0.48,-0.0,0.3011,-0.001,-0.0059,1.034,1.134,2.678,,,2.0,-0.9,2.18,-0.98
37.549,NAV_WAYPOINT,1.7816,-0.9109,0.302,179.06,0.11,0.5,-0.0,0.3013,-0.0027,-0.0086,1.053,1.106,2.554,,,2.0,-0.9,2.18,-0.98
37.613,NAV_WAYPOINT,1.7928,-0.9127,0.301,179.31,0.24,0.56,-0.0,0.3034,-0.0052,-0.0127,1.053,1.106,2.554,,,2.0,-0.9,2.18,-0.98
37.629,NAV_WAYPOINT,1.8088,-0.912,0.302,179.65,0.38,0.58,-0.0,0.3103,-0.0004,-0.0141,1.062,1.075,,,,2.0,-0.9,2.18,-0.98
37.688,NAV_WAYPOINT,1.8225,-0.9131,0.304,179.93,0.41,0.4,-0.0,0.3098,0.0005,-0.0108,1.062,1.075,,,,2.0,-0.9,2.18,-0.98
37.769,NAV_WAYPOINT,1.8363,-0.9138,0.302,-179.81,0.47,0.43,-0.0,0.309,0.0023,-0.0029,1.077,1.048,0.099,,,2.0,-0.9,2.18,-0.98
37.796,NAV_WAYPOINT,1.8498,-0.9141,0.299,-179.58,0.56,0.45,-0.0,0.3074,0.0058,-0.0084,1.077,1.048,0.099,,,2.0,-0.9,2.18,-0.98
37.851,NAV_WAYPOINT,1.8661,-0.914,0.301,-179.35,0.54,0.61,-0.0,0.3145,0.0098,-0.014,1.084,1.018,0.109,,,2.0,-0.9,2.18,-0.98
37.88,NAV_WAYPOINT,1.8815,-0.9143,0.304,-179.11,0.58,0.51,-0.0,0.3161,0.0116,-0.0088,1.084,1.018,0.109,,,2.0,-0.9,2.18,-0.98
37.935,NAV_WAYPOINT,1.899,-0.9145,0.3,-178.86,0.36,0.49,-0.0,0.3251,0.0144,-0.0074,1.087,0.989,0.123,,,2.0,-0.9,2.18,-0.98
37.994,NAV_WAYPOINT,1.9143,-0.9121,0.299,-178.58,0.6,0.36,-0.0,0.3257,0.0214,-0.0142,1.087,0.989,0.123,,,2.0,-0.9,2.18,-0.98
38.021,NAV_WAYPOINT,1.9293,-0.9119,0.301,-178.23,0.78,0.34,-0.0,0.3249,0.025,-0.0097,1.09,0.959,0.122,,,2.0,-0.9,2.18,-0.98
38.092,NAV_WAYPOINT,1.9451,-0.91,0.299,-177.74,1.2,0.28,-0.0,0.3258,0.0347,0.0038,1.09,0.959,0.122,,,2.0,-0.9,2.18,-0.98
38.121,NAV_WAYPOINT,1.9596,-0.9094,0.302,-177.36,1.0,0.15,-0.0,0.3231,0.0414,-0.0007,1.085,0.925,0.122,,,2.0,-0.9,2.18,-0.98
38.205,NAV_WAYPOINT,1.9748,-0.9077,0.301,-177.24,0.72,-0.3,-0.0,0.3198,0.0475,0.0031,1.085,0.925,0.122,,,2.18,-0.9,2.18,-0.98
38.225,NAV_WAYPOINT,1.9925,-0.9052,0.299,-177.3,0.43,-0.73,-0.0,0.3204,0.0521,-0.0001,1.087,0.897,,,,2.18,-0.9,2.18,-0.98
38.276,NAV_WAYPOINT,2.0076,-0.9031,0.299,-177.5,0.25,-1.51,-0.0,0.3099,0.0534,-0.0037,1.087,0.897,,,,2.18,-0.9,2.18,-0.98
38.343,NAV_WAYPOINT,2.0223,-0.9005,0.303,-177.85,-0.29,-2.26,-0.0,0.2916,0.0532,0.0002,1.108,0.866,,,,2.18,-0.9,2.18,-0.98
38.379,NAV_WAYPOINT,2.0344,-0.8984,0.304,-178.2,-0.62,-1.14,-0.0,0.2711,0.0477,0.0089,1.108,0.866,,,,2.18,-0.9,2.18,-0.98
38.473,NAV_WAYPOINT,2.0471,-0.8959,0.304,-178.49,-0.86,-0.52,-0.0,0.2621,0.0419,0.0053,1.125,0.839,0.548,,,2.18,-0.9,2.18,-0.98
38.491,NAV_WAYPOINT,2.0592,-0.895,0.304,-178.79,-0.91,0.01,-0.0,0.2569,0.0319,0.0026,1.125,0.839,0.548,,,2.18,-0.9,2.18,-0.98
38.568,NAV_WAYPOINT,2.0733,-0.8943,0.304,-178.97,-0.92,0.63,-0.0,0.2628,0.0227,-0.0029,1.144,0.817,,,,2.18,-0.9,2.18,-0.98
38.589,NAV_WAYPOINT,2.0859,-0.894,0.303,-179.18,-1.05,0.74,-0.0,0.2669,0.013,-0.0062,1.144,0.817,,,,2.18,-0.9,2.18,-0.98
38.674,NAV_WAYPOINT,2.0991,-0.8944,0.3,-179.31,-0.9,1.0,-0.0,0.2735,0.0027,-0.0092,1.143,0.794,0.965,,,2.18,-0.9,2.18,-0.98
38.742,NAV_WAYPOINT,2.1118,-0.8951,0.303,-179.45,-0.86,1.06,-0.0,0.2795,-0.0065,-0.0159,1.143,0.794,0.965,,,2.18,-0.9,2.18,-0.98
38.789,NAV_WAYPOINT,2.125,-0.8966,0.303,-179.54,-0.75,1.01,-0.0,0.2856,-0.0165,-0.006,1.122,0.767,1.579,,,2.18,-0.9,2.18,-0.98
38.812,NAV_WAYPOINT,2.1418,-0.899,0.3,-179.56,-0.47,1.11,-0.0,0.3008,-0.025,-0.0063,1.122,0.767,1.579,,,2.18,-0.9,2.18,-0.98
38.857,NAV_WAYPOINT,2.1581,-0.9007,0.302,-179.54,-0.34,0.61,-0.0,0.3117,-0.0292,-0.0119,1.084,0.739,1.722,,,2.18,-0.9,2.18,-0.98
38.893,NAV_WAYPOINT,2.1732,-0.9019,0.302,-179.43,-0.02,0.11,-0.0,0.3138,-0.0303,-0.0037,1.084,0.739,1.722,,,2.18,-0.98,2.18,-0.98
38.928,NAV_WAYPOINT,2.1884,-0.9045,0.304,-179.31,0.19,-0.45,-0.0,0.3117,-0.0323,-0.0061,1.061,0.712,1.778,,,2.18,-0.98,2.18,-0.98
39.007,NAV_WAYPOINT,2.2019,-0.9063,0.301,-179.15,0.27,-1.03,-0.0,0.3008,-0.0315,0.0002,1.061,0.712,1.778,,,2.18,-0.98,2.18,-0.98
39.024,NAV_WAYPOINT,2.2171,-0.9099,0.303,-178.94,-0.9,-2.62,-0.0,0.2879,-0.0372,-0.0056,1.025,0.685,1.739,,,2.18,-0.98,2.18,-0.98
39.096,NAV_WAYPOINT,2.2332,-0.9125,0.301,-178.8,-2.1,-3.62,-0.0,0.2673,-0.0508,-0.0017,1.025,0.685,1.739,,,2.18,-0.98,2.18,-0.98
39.167,NAV_WAYPOINT,2.245,-0.9139,0.305,-178.72,-2.64,-4.48,-0.0,0.2327,-0.068,-0.0085,0.965,0.659,,,,2.18,-0.98,2.18,-0.98
39.187,NAV_WAYPOINT,2.255,-0.9193,0.303,-178.68,-2.91,-5.1,-0.0,0.1909,-0.0959,-0.0036,0.965,0.659,,,,2.18,-0.98,2.18,-0.98
39.262,NAV_WAYPOINT,2.2619,-0.9256,0.3,-178.58,-2.8,-5.68,-0.0,0.1427,-0.124,-0.0084,0.94,0.649,1.667,,,2.18,-0.98,2.18,-0.98
39.314,NAV_WAYPOINT,2.2666,-0.9332,0.301,-178.47,-2.39,-6.04,-0.0,0.0895,-0.1498,-0.0142,0.94,0.649,1.667,,,2.18,-0.98,2.18,-0.98
39.354,NAV_WAYPOINT,2.2693,-0.9423,0.3,-178.36,-1.97,-6.01,-0.0,0.0369,-0.1723,-0.0132,0.944,0.641,1.648,,,2.18,-0.98,2.18,-0.98
39.387,NAV_WAYPOINT,2.2682,-0.9548,0.297,-178.23,-1.29,-5.83,-0.0,-0.0168,-0.1948,-0.017,0.944,0.641,1.648,0.524,,2.18,-0.98,2.18,-0.98
39.44,NAV_WAYPOINT,2.2657,-0.9642,0.296,-178.12,-0.57,-5.66,-0.0,-0.0676,-0.2039,-0.0219,0.942,0.655,1.621,0.524,,2.18,-0.98,2.18,-0.98
39.507,NAV_WAYPOINT,2.2608,-0.9759,0.294,-178.07,0.02,-5.08,-0.0,-0.1152,-0.2104,-0.0205,0.942,0.655,1.621,0.576,,2.18,-0.98,2.18,-0.98
39.548,NAV_WAYPOINT,2.2539,-0.9844,0.296,-177.99,0.76,-4.27,-0.0,-0.1572,-0.2064,-0.021,0.926,0.667,1.613,0.576,,2.18,-0.98,2.18,-0.98
39.611,NAV_WAYPOINT,2.2456,-0.9943,0.295,-177.97,1.73,-3.41,-0.0,-0.1903,-0.1973,-0.0118,0.926,0.667,1.613,0.681,,2.18,-0.98,2.18,-0.98
39.637,NAV_WAYPOINT,2.2349,-1.0029,0.293,-177.94,2.4,-2.61,-0.0,-0.2185,-0.1793,-0.0096,0.878,0.693,1.623,0.681,,2.18,-0.98,2.18,-0.98
39.671,NAV_WAYPOINT,2.2212,-1.0123,0.295,-177.88,2.91,-1.86,-0.0,-0.2446,-0.1589,-0.009,0.878,0.693,1.623,,,2.18,-0.98,2.18,-0.98
39.724,NAV_WAYPOINT,2.2091,-1.0178,0.289,-177.81,3.08,-1.14,-0.0,-0.2583,-0.1306,-0.0028,0.785,,1.641,,,2.18,-0.98,2.18,-0.98
39.791,NAV_WAYPOINT,2.1973,-1.0239,0.292,-177.82,3.31,-0.2,-0.0,-0.263,-0.1045,-0.0094,0.785,,1.641,,,2.18,-0.98,2.18,-0.98
39.839,NAV_WAYPOINT,2.186,-1.0272,0.292,-177.84,3.37,0.69,-0.0,-0.2587,-0.0739,0.0008,,,1.663,,,2.18,-0.98,2.18,-0.98
39.897,NAV_WAYPOINT,2.1732,-1.0298,0.292,-177.94,3.67,1.86,-0.0,-0.2496,-0.0433,-0.001,,,1.663,,,2.18,-0.98,2.18,-0.98
39.976,NAV_WAYPOINT,2.1626,-1.0303,0.292,-178.0,3.72,2.8,-0.0,-0.2283,-0.01,-0.0006,0.408,,,,,2.18,-0.98,2.18,-0.98
40.046,NAV_WAYPOINT,2.1532,-1.0295,0.292,-178.11,3.68,3.38,-0.0,-0.2002,0.0229,-0.0004,0.408,,,,,2.18,-0.98,2.18,-0.98
40.102,NAV_WAYPOINT,2.1476,-1.026,0.298,-178.28,3.24,3.86,-0.0,-0.1618,0.0547,0.0001,0.657,,,,,2.18,-0.98,2.18,-0.98
40.155,NAV_WAYPOINT,2.1422,-1.0217,0.295,-178.4,2.76,3.72,-0.0,-0.1258,0.0815,0.0102,0.657,,,,,2.18,-0.98,2.18,-0.98
40.214,NAV_WAYPOINT,2.1392,-1.0155,0.297,-178.5,2.15,3.49,-0.0,-0.0901,0.1054,0.0021,0.737,,,,,2.18,-0.98,2.18,-0.98
40.221,NAV_WAYPOINT,2.1382,-1.0088,0.299,-178.61,1.65,3.51,-0.0,-0.0546,0.122,0.0074,0.737,,,,,2.18,-0.98,2.18,-0.98
40.259,NAV_WAYPOINT,2.1381,-1.001,0.296,-178.78,1.23,3.45,-0.0,-0.0207,0.1382,0.0089,0.761,0.807,,,,2.18,-0.98,2.18,-0.98
40.302,NAV_WAYPOINT,2.1387,-0.9947,0.294,-178.88,0.76,3.05,-0.0,0.0084,0.1423,0.0004,0.761,0.807,,,,2.18,-0.98,2.18,-0.98
40.357,NAV_WAYPOINT,2.1423,-0.9876,0.298,-178.92,0.16,2.78,-0.0,0.0386,0.1421,-0.0022,0.76,,1.651,,,2.18,-0.98,2.18,-0.98
40.385,NAV_WAYPOINT,2.1456,-0.9811,0.296,-178.96,-0.16,2.55,-0.0,0.0627,0.1386,0.0052,0.76,,1.651,,,2.18,-0.98,2.18,-0.98
40.422,NAV_WAYPOINT,2.1491,-0.9747,0.298,-179.02,-0.72,2.32,-0.0,0.0831,0.1332,-0.001,0.754,,,,,2.18,-0.98,2.18,-0.98
40.511,ROTATION_SCAN,2.1557,-0.9686,0.299,-178.97,-1.12,1.92,-0.0,0.1058,0.1209,0.0039,0.754,,,,,,,2.18,-0.98
40.576,ROTATION_SCAN,2.1636,-0.9629,0.299,-178.93,-1.65,1.33,-0.0,0.1255,0.1079,0.0051,0.751,0.76,,,,,,2.18,-0.98
40.61,ROTATION_SCAN,2.1703,-0.9587,0.294,-178.89,-1.9,0.81,-0.0,0.1349,0.0883,0.0038,0.751,0.76,,,,,,2.18,-0.98
40.66,ROTATION_SCAN,2.1775,-0.956,0.297,-178.83,-1.86,-0.27,15.0,0.1384,0.0652,-0.0064,0.756,0.744,,,,,,2.18,-0.98
40.711,ROTATION_SCAN,2.1845,-0.9544,0.3,-178.75,-1.88,-1.28,15.0,0.1323,0.0431,0.002,0.756,0.744,,,,,,2.18,-0.98
40.749,ROTATION_SCAN,2.1896,-0.9528,0.301,-178.51,-1.56,-1.94,15.0,0.116,0.0263,0.0081,0.774,0.737,,,,,,2.18,-0.98
40.8,ROTATION_SCAN,2.1955,-0.9542,0.299,-178.12,-1.27,-2.26,15.0,0.0992,0.0056,0.0058,0.774,0.737,,,,,,2.18,-0.98
40.833,ROTATION_SCAN,2.1997,-0.956,0.299,-177.67,-1.0,-2.51,15.0,0.0782,-0.0112,0.0017,0.795,0.725,,,,,,2.18,-0.98
40.872,ROTATION_SCAN,2.2014,-0.9575,0.3,-177.13,-0.67,-2.67,15.0,0.052,-0.0229,0.0011,0.795,0.725,,,,,,2.18,-0.98
40.997,ROTATION_SCAN,2.2029,-0.9609,0.298,-176.53,-0.35,-2.64,15.0,0.0276,-0.0346,0.0009,0.808,0.724,1.654,,,,,2.18,-0.98
41.001,ROTATION_SCAN,2.2034,-0.9646,0.3,-175.93,-0.02,-2.52,15.0,0.0048,-0.0429,-0.0055,0.808,0.724,1.654,,,,,2.18,-0.98
41.038,ROTATION_SCAN,2.2008,-0.9674,0.296,-175.33,0.27,-2.23,15.0,-0.0218,-0.046,-0.002,0.812,0.721,1.612,,,,,2.18,-0.98
41.113,ROTATION_SCAN,2.1962,-0.9725,0.301,-174.65,0.5,-1.77,15.0,-0.0474,-0.0521,-0.0101,0.812,0.721,1.612,,,,,2.18,-0.98
41.13,ROTATION_SCAN,2.1917,-0.9753,0.295,-174.0,0.76,-1.28,15.0,-0.0661,-0.0494,0.0029,0.735,0.731,1.585,,,,,2.18,-0.98
41.179,ROTATION_SCAN,2.1863,-0.9771,0.298,-173.35,0.89,-0.85,15.0,-0.081,-0.043,-0.0086,0.735,0.731,1.585,,,,,2.18,-0.98
41.256,ROTATION_SCAN,2.1804,-0.9801,0.293,-172.69,0.9,-0.27,15.0,-0.0915,-0.0386,0.001,,0.734,1.574,,,,,2.18,-0.98
41.275,ROTATION_SCAN,2.1745,-0.9811,0.297,-172.0,1.1,0.24,15.0,-0.0963,-0.0287,-0.0095,,0.734,1.574,,,,,2.18,-0.98
41.338,ROTATION_SCAN,2.1685,-0.9842,0.295,-171.36,1.08,0.68,15.0,-0.097,-0.0231,0.0021,0.355,0.744,1.56,,,,,2.18,-0.98
41.437,ROTATION_SCAN,2.1614,-0.9859,0.294,-170.67,0.98,1.08,15.0,-0.0968,-0.0149,-0.0024,0.355,0.744,1.56,,,,,2.18,-0.98
41.457,ROTATION_SCAN,2.1557,-0.9879,0.294,-169.84,0.88,1.3,15.0,-0.091,-0.0085,-0.003,0.261,0.756,1.545,,,,,2.18,-0.98
41.532,ROTATION_SCAN,2.1503,-0.9891,0.298,-169.01,0.8,1.39,15.0,-0.0838,-0.0017,0.0002,0.261,0.756,1.545,,,,,2.18,-0.98
41.552,ROTATION_SCAN,2.1439,-0.9893,0.297,-168.18,0.7,1.6,15.0,-0.0784,0.0067,0.0115,0.203,0.764,1.531,,,,,2.18,-0.98
41.589,ROTATION_SCAN,2.1403,-0.9888,0.297,-167.31,0.67,1.69,15.0,-0.0661,0.0154,0.0056,0.203,0.764,1.531,,,,,2.18,-0.98
41.626,ROTATION_SCAN,2.1352,-0.9889,0.298,-166.46,0.58,1.69,15.0,-0.0581,0.0214,0.0049,0.169,0.774,1.509,,,,,2.18,-0.98
41.673,ROTATION_SCAN,2.1325,-0.9888,0.299,-165.63,0.35,1.76,15.0,-0.0453,0.026,0.004,0.169,0.774,1.509,,,,,2.18,-0.98
41.756,ROTATION_SCAN,2.1301,-0.9872,0.298,-164.85,0.17,1.8,15.0,-0.029,0.0341,0.0052,0.157,0.777,1.491,,,,,2.18,-0.98
41.786,ROTATION_SCAN,2.1285,-0.9853,0.301,-163.99,-0.01,1.74,15.0,-0.0186,0.0377,0.0058,0.157,0.777,1.491,,,,,2.18,-0.98
41.857,ROTATION_SCAN,2.1288,-0.9827,0.3,-163.14,-0.13,1.55,15.0,-0.0004,0.0435,0.0099,0.139,0.784,1.469,,,,,2.18,-0.98
41.929,ROTATION_SCAN,2.1307,-0.9803,0.299,-162.36,-0.23,1.37,15.0,0.0136,0.046,0.0047,0.139,0.784,1.469,,,,,2.18,-0.98
41.939,ROTATION_SCAN,2.1327,-0.9795,0.302,-161.55,-0.28,1.3,15.0,0.0297,0.0431,0.0061,0.138,0.785,1.421,,,,,2.18,-0.98
41.995,ROTATION_SCAN,2.1358,-0.9784,0.302,-160.79,-0.22,1.07,15.0,0.0409,0.041,0.0091,0.138,0.785,1.421,,,,,2.18,-0.98
42.036,ROTATION_SCAN,2.1389,-0.9777,0.305,-160.1,-0.28,0.84,15.0,0.0527,0.0379,0.0069,0.132,0.788,1.373,,,,,2.18,-0.98
42.085,ROTATION_SCAN,2.1425,-0.9767,0.301,-159.41,-0.17,0.54,15.0,0.0595,0.0356,0.0114,0.132,0.788,1.373,,,,,2.18,-0.98
42.124,ROTATION_SCAN,2.1445,-0.9776,0.304,-158.67,-0.04,0.23,15.0,0.0606,0.0286,0.0022,0.133,0.788,1.323,,,,,2.18,-0.98
42.172,ROTATION_SCAN,2.147,-0.977,0.306,-157.87,0.04,-0.03,15.0,0.0598,0.0268,0.0083,0.133,0.788,1.323,,,,,2.18,-0.98
42.245,ROTATION_SCAN,2.1499,-0.9773,0.305,-157.08,0.11,-0.44,15.0,0.0571,0.0225,0.0045,0.138,0.792,1.265,,,,,2.18,-0.98
42.271,ROTATION_SCAN,2.1527,-0.9766,0.304,-156.33,0.23,-0.54,15.0,0.0535,0.0214,0.0019,0.138,0.792,1.265,,,,,2.18,-0.98
42.329,ROTATION_SCAN,2.1557,-0.9771,0.305,-155.52,0.41,-0.51,15.0,0.048,0.0183,0.0002,0.151,0.794,1.223,,,,,2.18,-0.98
42.417,ROTATION_SCAN,2.1555,-0.9777,0.305,-154.73,0.44,-0.61,15.0,0.0375,0.0157,-0.0025,0.151,0.794,1.223,,,,,2.18,-0.98
42.431,ROTATION_SCAN,2.1561,-0.9791,0.307,-153.9,0.41,-0.57,15.0,0.0277,0.0118,-0.0021,0.154,0.803,1.197,,,,,2.18,-0.98
42.479,ROTATION_SCAN,2.1552,-0.9784,0.304,-153.05,0.4,-0.67,15.0,0.018,0.0127,-0.0013,0.154,0.803,1.197,,,,,2.18,-0.98
42.524,ROTATION_SCAN,2.1537,-0.9771,0.306,-152.2,0.41,-0.44,15.0,0.0061,0.0145,-0.0058,0.155,0.809,1.177,,,,,2.18,-0.98
42.625,ROTATION_SCAN,2.1568,-0.9814,0.302,-151.36,0.34,-0.21,15.0,0.0097,0.0051,-0.0012,0.155,0.809,1.177,,,,,2.18,-0.98
42.632,ROTATION_SCAN,2.1478,-0.9797,0.303,-150.55,0.4,-0.16,15.0,-0.0142,0.0096,-0.0122,0.158,0.818,1.168,,,,,2.18,-0.98
42.69,ROTATION_SCAN,2.1382,-0.9818,0.303,-149.8,0.38,0.06,15.0,-0.035,0.0055,-0.0071,0.158,0.818,1.168,,,,,2.18,-0.98
42.738,ROTATION_SCAN,2.1366,-0.9825,0.301,-149.04,0.36,0.59,15.0,-0.0337,0.0081,-0.0074,0.157,0.827,1.172,,,,,2.18,-0.98
42.812,ROTATION_SCAN,2.1341,-0.9839,0.303,-148.25,0.21,0.8,15.0,-0.0318,0.0093,-0.0104,0.157,0.827,1.172,,,,,2.18,-0.98
42.877,ROTATION_SCAN,2.1316,-0.9852,0.304,-147.46,0.14,0.94,15.0,-0.0283,0.0107,-0.0075,0.155,0.839,1.178,,,,,2.18,-0.98
42.926,ROTATION_SCAN,2.1295,-0.986,0.304,-146.68,-0.13,1.15,15.0,-0.024,0.0114,-0.0051,0.155,0.839,1.178,,,,,2.18,-0.98
42.943,ROTATION_SCAN,2.128,-0.9864,0.302,-145.88,-0.15,1.26,15.0,-0.0142,0.0146,-0.0022,0.162,0.847,1.193,,,,,2.18,-0.98
42.987,ROTATION_SCAN,2.1273,-0.9877,0.301,-145.08,-0.14,1.31,15.0,-0.0065,0.0141,-0.0056,0.162,0.847,1.193,,,,,2.18,-0.98
43.025,ROTATION_SCAN,2.1285,-0.987,0.301,-144.2,-0.11,1.21,15.0,0.0075,0.0201,-0.0089,0.165,0.852,1.213,,,,,2.18,-0.98
43.076,ROTATION_SCAN,2.1282,-0.9875,0.302,-143.32,-0.2,0.97,15.0,0.0137,0.0209,-0.0099,0.165,0.852,1.213,1.113,,,,2.18,-0.98
43.149,ROTATION_SCAN,2.1308,-0.9877,0.302,-142.39,-0.07,1.09,15.0,0.0249,0.0227,-0.0045,0.16,0.864,1.252,1.113,,,,2.18,-0.98
43.189,ROTATION_SCAN,2.1342,-0.9822,0.299,-141.48,0.02,0.98,15.0,0.0353,0.0368,-0.0076,0.16,0.864,1.252,1.127,,,,2.18,-0.98
43.242,ROTATION_SCAN,2.1313,-0.9831,0.301,-140.58,-0.05,0.53,15.0,0.0302,0.0345,-0.0155,0.169,,1.32,1.127,,,,2.18,-0.98
43.271,ROTATION_SCAN,2.1416,-0.9794,0.299,-139.72,-0.11,0.37,15.0,0.0527,0.0406,-0.0086,0.169,,1.32,1.126,,,,2.18,-0.98
43.321,ROTATION_SCAN,2.1471,-0.9778,0.296,-138.84,-0.01,0.19,15.0,0.0608,0.0408,-0.0093,0.182,0.9,,1.126,,,,2.18,-0.98
43.392,ROTATION_SCAN,2.1504,-0.9773,0.3,-137.99,-0.04,-0.13,15.0,0.062,0.0379,-0.0094,0.182,0.9,,1.14,,,,2.18,-0.98
43.427,ROTATION_SCAN,2.153,-0.9771,0.301,-137.18,0.04,-0.22,15.0,0.06,0.0329,0.0018,0.191,,,1.14,,,,2.18,-0.98
43.48,ROTATION_SCAN,2.1558,-0.9782,0.3,-136.38,0.27,-0.39,15.0,0.057,0.026,0.0016,0.191,,,1.165,,,,2.18,-0.98
43.563,ROTATION_SCAN,2.1584,-0.9786,0.298,-135.61,0.31,-0.57,15.0,0.0519,0.0212,0.0023,0.211,,,1.165,,,,2.18,-0.98
43.589,ROTATION_SCAN,2.1617,-0.9768,0.298,-134.8,0.39,-0.58,15.0,0.0484,0.0218,-0.0014,0.211,,,1.17,,,,2.18,-0.98
43.658,ROTATION_SCAN,2.1651,-0.9765,0.297,-134.01,0.52,-0.47,15.0,0.0448,0.0194,0.0011,0.228,,,1.17,,,,2.18,-0.98
43.707,ROTATION_SCAN,2.1659,-0.9776,0.299,-133.23,0.53,-0.52,15.0,0.0358,0.0151,-0.0014,0.228,,,1.185,,,,2.18,-0.98
43.756,ROTATION_SCAN,2.1666,-0.9777,0.3,-132.47,0.6,-0.39,15.0,0.0273,0.0136,0.0044,0.235,,,1.185,,,,2.18,-0.98
43.775,ROTATION_SCAN,2.1655,-0.9801,0.3,-131.74,0.69,-0.31,15.0,0.0165,0.0081,0.0048,0.235,,,1.214,,,,2.18,-0.98
43.854,ROTATION_SCAN,2.1643,-0.9797,0.3,-130.99,0.76,-0.28,15.0,0.0058,0.01,0.0051,0.245,,,1.214,,,,2.18,-0.98
43.875,ROTATION_SCAN,2.1616,-0.9787,0.299,-130.14,0.75,-0.38,15.0,-0.0071,0.0133,0.0008,0.245,,,1.218,,,,2.18,-0.98
43.951,ROTATION_SCAN,2.1564,-0.981,0.299,-129.31,0.57,-0.43,15.0,-0.0238,0.0078,-0.0029,0.245,,,1.218,,,,2.18,-0.98
43.978,ROTATION_SCAN,2.1527,-0.9858,0.299,-128.49,0.52,-0.12,15.0,-0.0341,-0.0017,0.0031,0.245,,,1.173,,,,2.18,-0.98
44.05,ROTATION_SCAN,2.1484,-0.9876,0.299,-127.75,0.37,0.22,15.0,-0.0422,-0.0029,0.0007,0.25,,,1.173,,,,2.18,-0.98
44.117,ROTATION_SCAN,2.1444,-0.9888,0.301,-127.04,0.22,0.52,15.0,-0.0465,-0.0016,0.0002,0.25,,,1.052,,,,2.18,-0.98
44.168,ROTATION_SCAN,2.1409,-0.9888,0.3,-126.36,-0.03,0.84,15.0,-0.0463,0.0033,0.0036,0.249,,,1.052,,,,2.18,-0.98
44.174,ROTATION_SCAN,2.1381,-0.9894,0.301,-125.67,-0.14,0.9,15.0,-0.0427,0.007,-0.0014,0.249,,,0.897,,,,2.18,-0.98
44.273,ROTATION_SCAN,2.1344,-0.9897,0.303,-125.0,-0.34,0.98,15.0,-0.0403,0.0107,-0.0006,0.25,,,0.897,,,,2.18,-0.98
44.378,ROTATION_SCAN,2.1321,-0.9898,0.3,-124.29,-0.27,1.09,15.0,-0.0343,0.0147,0.002,0.25,,,0.836,,,,2.18,-0.98
44.432,ROTATION_SCAN,2.1293,-0.9887,0.302,-123.57,-0.29,1.17,15.0,-0.0297,0.0219,-0.007,0.258,,,0.836,,,,2.18,-0.98
44.462,ROTATION_SCAN,2.1282,-0.9872,0.299,-122.81,-0.51,1.22,15.0,-0.0213,0.0292,-0.0014,0.258,,,0.797,,,,2.18,-0.98
44.503,ROTATION_SCAN,2.1275,-0.9855,0.3,-121.98,-0.5,1.15,15.0,-0.0116,0.0358,-0.0084,0.265,0.591,,0.797,,,,2.18,-0.98
44.544,ROTATION_SCAN,2.1287,-0.9828,0.299,-121.12,-0.61,1.15,15.0,0.001,0.0433,-0.0025,0.265,0.591,,0.774,,,,2.18,-0.98
44.58,ROTATION_SCAN,2.1317,-0.9817,0.3,-120.24,-0.64,0.83,15.0,0.016,0.0454,-0.0071,0.275,0.578,,0.774,,,,2.18,-0.98
44.596,ROTATION_SCAN,2.1334,-0.9745,0.301,-119.38,-0.63,0.72,15.0,0.0257,0.0595,-0.0028,0.275,0.578,,0.763,,,,2.18,-0.98
44.699,ROTATION_SCAN,2.1359,-0.9746,0.299,-118.55,-0.48,0.44,15.0,0.0348,0.0542,-0.0004,0.286,0.559,,0.763,,,,2.18,-0.98
44.718,ROTATION_SCAN,2.1384,-0.9741,0.304,-117.8,-0.38,0.3,15.0,0.0409,0.0503,-0.0038,0.286,0.559,,0.759,,,,2.18,-0.98
44.729,ROTATION_SCAN,2.1418,-0.9727,0.301,-117.02,-0.33,0.09,15.0,0.0471,0.0479,0.0059,0.303,0.553,,0.759,,,,2.18,-0.98
44.786,ROTATION_SCAN,2.145,-0.9715,0.3,-116.23,-0.17,-0.01,15.0,0.051,0.0441,-0.0032,0.303,0.553,,0.765,,,,2.18,-0.98
44.82,ROTATION_SCAN,2.1495,-0.9702,0.302,-115.38,-0.17,-0.27,15.0,0.0559,0.0409,-0.0056,0.332,0.545,,0.765,,,,2.18,-0.98
44.878,ROTATION_SCAN,2.1533,-0.9734,0.3,-114.49,-0.01,-0.53,15.0,0.0574,0.0256,-0.0041,0.332,0.545,,0.776,,,,2.18,-0.98
44.966,ROTATION_SCAN,2.1575,-0.973,0.299,-113.62,0.21,-0.61,15.0,0.0579,0.0197,-0.0104,0.351,0.536,,0.776,,,,2.18,-0.98
44.97,ROTATION_SCAN,2.1596,-0.9753,0.3,-112.74,0.38,-0.7,15.0,0.0521,0.0083,-0.0137,0.351,0.536,,0.785,,,,2.18,-0.98
45.049,ROTATION_SCAN,2.1628,-0.9783,0.299,-111.87,0.59,-0.69,15.0,0.0474,-0.0034,-0.0091,0.38,0.538,,0.785,,,,2.18,-0.98
45.116,ROTATION_SCAN,2.1626,-0.9807,0.298,-111.0,0.74,-0.45,15.0,0.035,-0.0114,-0.0093,0.38,0.538,,0.79,,,,2.18,-0.98
45.204,ROTATION_SCAN,2.1636,-0.9862,0.299,-110.14,0.84,-0.26,15.0,0.0262,-0.0228,-0.011,0.402,0.535,,0.79,,,,2.18,-0.98
45.268,ROTATION_SCAN,2.1627,-0.9902,0.299,-109.34,0.97,0.13,15.0,0.0141,-0.0272,-0.005,0.402,0.535,,0.79,,,,2.18,-0.98
45.285,ROTATION_SCAN,2.1622,-0.9953,0.297,-108.55,1.03,0.34,15.0,0.0044,-0.0314,-0.0068,0.429,0.542,,0.79,,,,2.18,-0.98
45.334,ROTATION_SCAN,2.1613,-0.9985,0.299,-107.73,1.03,0.51,15.0,-0.005,-0.0293,-0.009,0.429,0.542,,0.783,,,,2.18,-0.98
45.364,ROTATION_SCAN,2.1593,-1.0035,0.299,-106.89,0.97,0.64,15.0,-0.0155,-0.0305,-0.0039,0.443,0.554,,0.783,,,,2.18,-0.98
45.384,ROTATION_SCAN,2.1571,-1.007,0.299,-105.98,0.82,1.01,15.0,-0.0239,-0.0268,-0.0032,0.443,0.554,,0.769,,,,2.18,-0.98
45.459,ROTATION_SCAN,2.1537,-1.0118,0.294,-105.13,0.63,1.13,15.0,-0.0325,-0.0242,-0.0034,0.462,0.567,,0.769,,,,2.18,-0.98
45.479,ROTATION_SCAN,2.1509,-1.0145,0.297,-104.32,0.34,1.24,15.0,-0.0369,-0.0179,-0.0081,0.462,0.567,,0.752,,,,2.18,-0.98
45.549,ROTATION_SCAN,2.1484,-1.0173,0.295,-103.47,0.17,1.47,15.0,-0.0378,-0.011,0.0002,0.48,0.575,,0.752,,,,2.18,-0.98
45.574,ROTATION_SCAN,2.1452,-1.0205,0.295,-102.63,0.04,1.78,15.0,-0.039,-0.004,0.0002,0.48,0.575,,0.733,,,,2.18,-0.98
45.654,ROTATION_SCAN,2.1433,-1.0224,0.295,-101.8,-0.18,2.01,15.0,-0.0353,0.007,0.004,0.508,0.592,,0.733,,,,2.18,-0.98
45.7,ROTATION_SCAN,2.1419,-1.0235,0.293,-100.88,-0.28,1.99,15.0,-0.0295,0.0192,0.0046,0.508,0.592,,0.718,,,,2.18,-0.98
45.765,ROTATION_SCAN,2.14,-1.0234,0.298,-99.93,-0.42,1.98,15.0,-0.025,0.0325,0.0034,0.549,0.605,,0.718,,,,2.18,-0.98
45.771,ROTATION_SCAN,2.1381,-1.0244,0.298,-99.09,-0.72,1.92,15.0,-0.0198,0.0408,0.0182,0.549,0.605,,0.708,,,,2.18,-0.98
45.859,ROTATION_SCAN,2.1361,-1.0226,0.301,-98.35,-0.86,1.92,15.0,-0.0137,0.0551,0.016,0.598,0.632,,0.708,,,,2.18,-0.98
45.922,ROTATION_SCAN,2.1351,-1.0208,0.303,-97.7,-1.04,1.73,15.0,-0.0047,0.0662,0.0182,0.598,0.632,,0.704,,,,2.18,-0.98
46.024,ROTATION_SCAN,2.1379,-1.0192,0.3,-97.05,-0.91,1.41,15.0,0.0117,0.0722,0.0172,0.644,0.657,,0.704,,,,2.18,-0.98
46.052,ROTATION_SCAN,2.1391,-1.0166,0.3,-96.38,-0.56,1.07,15.0,0.0206,0.0784,0.0008,0.644,0.657,,0.712,,,,2.18,-0.98
46.09,ROTATION_SCAN,2.1404,-1.0111,0.301,-95.69,-0.29,0.96,15.0,0.0254,0.0906,-0.0011,0.706,0.695,,0.712,,,,2.18,-0.98
46.137,ROTATION_SCAN,2.1441,-1.0083,0.3,-94.97,-0.23,0.87,15.0,0.0331,0.0921,-0.0024,0.706,0.695,,0.723,,,,2.18,-0.98
46.148,ROTATION_SCAN,2.1461,-1.0067,0.304,-94.32,-0.09,0.58,15.0,0.036,0.0901,-0.0033,0.843,0.752,,0.723,,,,2.18,-0.98
46.188,ROTATION_SCAN,2.1491,-1.0025,0.304,-93.73,-0.13,0.27,15.0,0.0401,0.0925,0.0018,0.843,0.752,,0.734,,,,2.18,-0.98
46.255,ROTATION_SCAN,2.1524,-1.0016,0.302,-93.13,0.26,0.11,15.0,0.0423,0.0841,0.0006,1.318,0.81,,0.734,,,,2.18,-0.98
46.29,ROTATION_SCAN,2.1553,-1.0003,0.303,-92.57,0.57,0.05,15.0,0.0411,0.0775,-0.0044,1.318,0.81,,0.741,,,,2.18,-0.98
46.37,ROTATION_SCAN,2.157,-0.9997,0.303,-91.97,0.84,-0.05,15.0,0.0344,0.0696,-0.0027,,,,0.741,,,,2.18,-0.98
46.391,ROTATION_SCAN,2.1591,-0.9968,0.301,-91.43,0.89,-0.13,15.0,0.0281,0.0675,-0.0045,,,,0.741,,,,2.18,-0.98
46.439,ROTATION_SCAN,2.1611,-0.9949,0.302,-90.94,0.87,-0.08,15.0,0.0222,0.0632,-0.0075,,,,0.741,,,,2.18,-0.98
46.49,ROTATION_SCAN,2.1628,-0.9924,0.302,-90.43,0.77,0.04,15.0,0.0168,0.0613,-0.0028,,,,0.713,,,,2.18,-0.98
46.565,ROTATION_SCAN,2.1616,-0.9914,0.303,-89.9,0.68,-0.01,15.0,0.0062,0.0568,-0.0004,,,,0.713,,,,2.18,-0.98
46.57,ROTATION_SCAN,2.1609,-0.9898,0.301,-89.36,0.61,0.09,15.0,-0.0014,0.0539,0.0019,,,,,,,,2.18,-0.98
46.691,ROTATION_SCAN,2.161,-0.9892,0.302,-88.68,0.68,-0.03,15.0,-0.006,0.0496,-0.0024,,,,,,,,2.18,-0.98
46.776,ROTATION_SCAN,2.1614,-0.989,0.299,-87.89,0.47,0.03,15.0,-0.0092,0.0442,0.0019,,,,0.27,,,,2.18,-0.98
46.996,ROTATION_SCAN,2.16,-0.9891,0.302,-86.99,0.56,0.09,-0.0,-0.0154,0.0396,-0.0025,,,,0.27,,,,2.5,-0.98
47.058,NAV_WAYPOINT,2.1576,-0.9882,0.301,-86.05,0.46,0.05,-0.0,-0.0233,0.0376,0.0075,,,,0.193,,2.5,-1.0,2.5,-0.98
47.074,NAV_WAYPOINT,2.1706,-0.9906,0.304,-85.32,0.05,-0.28,-0.0,0.0051,0.0294,0.0044,1.537,,,0.193,,2.5,-1.0,2.5,-0.98
47.16,NAV_WAYPOINT,2.1694,-0.99,0.306,-84.7,0.37,-0.26,-0.0,0.0013,0.0248,0.0118,1.537,,,0.175,,2.5,-1.0,2.5,-0.98
47.186,NAV_WAYPOINT,2.1701,-0.9906,0.303,-84.26,0.69,-0.23,-0.0,-0.0012,0.0188,0.0107,1.518,,,0.175,,2.5,-1.0,2.5,-0.98
47.263,NAV_WAYPOINT,2.1684,-0.994,0.307,-84.04,0.62,-0.33,-0.0,-0.0102,0.0073,-0.0017,1.518,,,0.166,,2.5,-1.0,2.5,-0.98
47.281,NAV_WAYPOINT,2.1634,-0.9979,0.306,-83.94,0.68,-0.13,-0.0,-0.0245,-0.0041,0.0068,1.514,,,0.166,,2.5,-1.0,2.5,-0.98
47.364,NAV_WAYPOINT,2.1615,-1.002,0.307,-83.92,0.52,-0.07,-0.0,-0.0308,-0.0135,-0.0013,1.514,,,0.153,,2.5,-1.0,2.5,-0.98
47.383,NAV_WAYPOINT,2.1577,-1.0061,0.305,-84.07,0.35,0.19,-0.0,-0.0388,-0.0206,-0.0009,1.52,,,0.153,,2.5,-1.0,2.5,-0.98
47.403,NAV_WAYPOINT,2.152,-1.0097,0.306,-84.21,-0.83,0.33,-0.0,-0.0474,-0.024,-0.0073,1.52,,,0.144,,2.5,-1.0,2.5,-0.98
47.409,NAV_WAYPOINT,2.148,-1.0116,0.309,-84.28,-3.21,0.32,-0.0,-0.0359,-0.0217,0.0004,1.51,,,0.144,,2.5,-1.0,2.5,-0.98
47.425,NAV_WAYPOINT,2.1449,-1.0137,0.307,-84.28,-4.49,0.13,-0.0,-0.0083,-0.0191,0.0018,1.51,,,0.136,,2.5,-1.0,2.5,-0.98
47.466,NAV_WAYPOINT,2.1452,-1.0157,0.306,-84.27,-5.35,-0.1,-0.0,0.0316,-0.0174,-0.0061,1.511,,,0.136,,2.5,-1.0,2.5,-0.98
47.508,NAV_WAYPOINT,2.148,-1.0165,0.305,-84.31,-5.62,-0.28,-0.0,0.079,-0.0141,-0.0064,1.511,,,0.134,,2.5,-1.0,2.5,-0.98
47.56,NAV_WAYPOINT,2.1529,-1.0185,0.305,-84.29,-5.41,-0.3,-0.0,0.1257,-0.0158,-0.0122,1.502,,,0.134,,2.5,-1.0,2.5,-0.98
47.567,NAV_WAYPOINT,2.1637,-1.0199,0.304,-84.32,-5.08,-0.13,-0.0,0.1845,-0.0131,-0.0095,1.502,,,0.143,,2.5,-1.0,2.5,-0.98
47.572,NAV_WAYPOINT,2.1743,-1.0212,0.306,-84.27,-4.45,-0.01,-0.0,0.2204,-0.0139,-0.014,1.495,,,0.143,,2.5,-1.0,2.5,-0.98
47.644,NAV_WAYPOINT,2.1861,-1.0215,0.303,-84.21,-3.74,0.27,-0.0,0.2593,-0.0076,-0.0097,1.495,,,0.16,,2.5,-1.0,2.5,-0.98
47.7,NAV_WAYPOINT,2.1989,-1.0226,0.303,-84.13,-2.84,0.58,-0.0,0.2822,-0.0051,-0.0167,1.48,,,0.16,,2.5,-1.0,2.5,-0.98
47.797,NAV_WAYPOINT,2.2128,-1.0229,0.299,-84.09,-2.0,0.73,-0.0,0.3075,0.0046,-0.017,1.48,,,0.183,,2.5,-1.0,2.5,-0.98
47.87,NAV_WAYPOINT,2.2264,-1.023,0.299,-84.09,-1.32,0.92,-0.0,0.3105,0.0086,-0.022,1.47,,,0.183,,2.5,-1.0,2.5,-0.98
47.896,NAV_WAYPOINT,2.2446,-1.022,0.299,-84.06,-0.75,0.82,-0.0,0.3247,0.0184,-0.0174,1.47,,,0.212,,2.5,-1.0,2.5,-0.98
47.951,NAV_WAYPOINT,2.2592,-1.0213,0.299,-83.95,-0.2,0.74,-0.0,0.3245,0.0243,-0.0143,1.457,,,0.212,,2.5,-1.0,2.5,-0.98
47.971,NAV_WAYPOINT,2.2736,-1.0202,0.299,-83.88,0.16,0.67,-0.0,0.32,0.0298,-0.0105,1.457,,,0.244,,2.5,-1.0,2.5,-0.98
47.983,NAV_WAYPOINT,2.2864,-1.0189,0.296,-83.86,0.31,0.53,-0.0,0.3101,0.0343,-0.0077,1.447,,,0.244,,2.5,-1.0,2.5,-0.98
48.052,NAV_WAYPOINT,2.2993,-1.0178,0.299,-83.87,0.46,0.5,-0.0,0.3004,0.0363,-0.0124,1.447,,,0.269,,2.5,-1.0,2.5,-0.98
48.074,NAV_WAYPOINT,2.3138,-1.016,0.298,-83.93,0.51,0.45,-0.0,0.2948,0.0395,-0.0028,1.432,0.556,,0.269,,2.5,-1.0,2.5,-0.98
48.146,NAV_WAYPOINT,2.3264,-1.0144,0.3,-84.02,0.51,0.41,-0.0,0.2851,0.0418,-0.0055,1.432,0.556,,0.299,,2.5,-1.0,2.5,-0.98
48.182,NAV_WAYPOINT,2.3387,-1.0125,0.299,-84.17,0.44,0.27,-0.0,0.2761,0.0438,0.0018,1.409,0.536,,0.299,,2.5,-1.0,2.5,-0.98
48.2,NAV_WAYPOINT,2.3501,-1.0103,0.299,-84.34,0.31,0.13,-0.0,0.2668,0.0454,-0.002,1.409,0.536,,0.331,,2.5,-1.0,2.5,-0.98
48.243,NAV_WAYPOINT,2.3615,-1.0077,0.299,-84.53,0.03,-0.08,-0.0,0.2603,0.0465,-0.0005,1.389,0.524,,0.331,,2.5,-1.0,2.5,-0.98
48.32,NAV_WAYPOINT,2.3725,-1.0051,0.299,-84.73,-0.16,-0.13,-0.0,0.2555,0.0463,0.005,1.389,0.524,,0.359,,2.5,-1.0,2.5,-0.98
48.357,NAV_WAYPOINT,2.3853,-1.0033,0.299,-84.96,-0.37,-0.2,-0.0,0.2577,0.0441,0.0042,1.373,0.522,,0.359,,2.5,-1.0,2.5,-0.98
48.411,NAV_WAYPOINT,2.3966,-1.0019,0.302,-85.14,-0.46,-0.25,-0.0,0.2571,0.0407,-0.0003,1.373,0.522,,0.397,,2.5,-1.0,2.5,-0.98
48.464,NAV_WAYPOINT,2.4072,-0.9989,0.299,-85.27,-0.65,-0.38,-0.0,0.2556,0.0406,0.0048,1.336,0.515,,0.397,,2.5,-1.0,2.5,-0.98
48.515,NAV_WAYPOINT,2.4182,-0.9958,0.298,-85.36,-0.59,-0.41,-0.0,0.2556,0.0402,-0.0026,1.336,0.515,,0.429,,2.5,-1.0,2.5,-0.98
48.581,NAV_WAYPOINT,2.4296,-0.9937,0.299,-85.5,-0.64,-0.46,-0.0,0.2573,0.0371,-0.0034,1.303,0.516,,0.429,,2.5,-1.0,2.5,-0.98
48.594,NAV_WAYPOINT,2.4424,-0.9915,0.3,-85.65,-0.85,-0.44,-0.0,0.2629,0.0348,-0.0005,1.303,0.516,,0.462,,2.5,-1.0,2.5,-0.98
48.643,NAV_WAYPOINT,2.4557,-0.9889,0.3,-85.73,-0.84,-0.49,-0.0,0.2704,0.0337,-0.0021,1.261,0.521,,0.462,,2.5,-1.0,2.5,-0.98
48.724,NAV_WAYPOINT,2.4686,-0.9866,0.299,-85.81,-0.62,-0.46,-0.0,0.2754,0.0316,-0.0038,1.261,0.521,,0.489,,2.5,-1.0,2.5,-0.98
48.763,NAV_WAYPOINT,2.4823,-0.9852,0.3,-85.87,-0.18,-0.51,-0.0,0.278,0.0274,-0.0053,1.209,0.529,,0.489,,2.5,-1.0,2.5,-0.98
48.778,NAV_WAYPOINT,2.4952,-0.984,0.299,-85.99,0.64,-0.51,-0.0,0.2749,0.0224,-0.0011,1.209,0.529,,0.519,,2.5,-1.0,2.5,-0.98
48.858,NAV_WAYPOINT,2.5078,-0.9823,0.299,-86.1,1.56,-0.49,-0.0,0.263,0.019,-0.0059,1.166,0.544,,0.519,,2.5,-0.98,2.5,-0.98
48.932,NAV_WAYPOINT,2.5201,-0.9824,0.299,-86.18,2.16,-0.53,-0.0,0.2466,0.0115,-0.0025,1.166,0.544,,0.549,,,,2.5,-0.98
49.024,LANDING_REGION_SCAN,2.5348,-0.9812,0.299,-86.27,2.62,-0.64,-0.0,0.2344,0.0075,-0.0019,1.129,0.573,,0.549,,,,,
49.12,SCAN_NAV_WAYPOINT,2.5453,-0.9818,0.3,-86.38,3.01,-0.58,-0.0,0.2089,-0.0018,0.0012,1.129,0.573,,0.569,,2.52,-1.24,3.62,-1.24
49.137,SCAN_NAV_WAYPOINT,2.5549,-0.9813,0.303,-86.51,3.56,-0.25,-0.0,0.1806,-0.0057,0.0028,1.109,0.636,,0.569,,2.52,-1.24,3.62,-1.24
49.143,SCAN_NAV_WAYPOINT,2.5618,-0.9819,0.299,-86.68,3.73,0.02,-0.0,0.1461,-0.0094,0.0021,1.109,0.636,,0.583,,2.52,-1.24,3.62,-1.24
49.156,SCAN_NAV_WAYPOINT,2.569,-0.9825,0.3,-86.88,3.42,0.18,-0.0,0.1174,-0.0105,-0.0091,1.088,,,0.583,,2.52,-1.24,3.62,-1.24
49.23,SCAN_NAV_WAYPOINT,2.5761,-0.9835,0.299,-87.0,3.1,0.42,-0.0,0.0939,-0.01,0.002,1.088,,,0.59,,2.52,-1.24,3.62,-1.24
49.265,SCAN_NAV_WAYPOINT,2.5803,-0.9846,0.299,-87.16,2.84,0.47,-0.0,0.0689,-0.0084,-0.0021,1.083,,,0.59,,2.52,-1.24,3.62,-1.24
49.27,SCAN_NAV_WAYPOINT,2.5836,-0.9825,0.299,-87.18,2.69,-1.4,-0.0,0.0455,-0.0062,0.0039,1.083,,,0.605,,2.52,-1.24,3.62,-1.24
49.376,SCAN_NAV_WAYPOINT,2.5851,-0.9809,0.299,-87.17,2.5,-3.12,-0.0,0.0231,-0.0218,0.0018,1.079,,,0.605,,2.52,-1.24,3.62,-1.24
49.412,SCAN_NAV_WAYPOINT,2.5867,-0.9828,0.299,-87.2,2.16,-4.12,-0.0,0.0069,-0.0529,-0.0019,1.079,,,0.614,,2.52,-1.24,3.62,-1.24
49.509,SCAN_NAV_WAYPOINT,2.5867,-0.9864,0.3,-87.32,1.99,-4.61,-0.0,-0.009,-0.0909,-0.0051,1.08,,,0.614,,2.52,-1.24,3.62,-1.24
49.532,SCAN_NAV_WAYPOINT,2.5864,-0.992,0.301,-87.4,1.81,-4.6,-0.0,-0.0223,-0.1309,-0.003,1.08,,,0.609,,2.52,-1.24,3.62,-1.24
49.543,SCAN_NAV_WAYPOINT,2.5863,-1.0038,0.302,-87.52,1.68,-4.33,-0.0,-0.0313,-0.1761,-0.002,1.069,,,0.609,,2.52,-1.24,3.62,-1.24
49.592,SCAN_NAV_WAYPOINT,2.5852,-1.0155,0.3,-87.56,1.44,-3.75,-0.0,-0.0407,-0.215,0.0006,1.069,,,0.594,,2.52,-1.24,3.62,-1.24
49.62,SCAN_NAV_WAYPOINT,2.5843,-1.029,0.298,-87.51,1.41,-2.99,-0.0,-0.0477,-0.2472,-0.0015,1.049,,,0.594,,2.52,-1.24,3.62,-1.24
49.677,SCAN_NAV_WAYPOINT,2.5824,-1.0418,0.3,-87.44,1.13,-2.18,-0.0,-0.0557,-0.2695,-0.0043,1.049,,,0.574,,2.52,-1.24,3.62,-1.24
49.72,SCAN_NAV_WAYPOINT,2.5818,-1.0564,0.296,-87.27,0.94,-1.46,-0.0,-0.0576,-0.2853,-0.0004,1.019,,,0.574,,2.52,-1.24,3.62,-1.24
49.77,SCAN_NAV_WAYPOINT,2.5801,-1.0714,0.297,-87.05,0.77,-0.8,-0.0,-0.0606,-0.2954,-0.0077,1.019,,,0.551,,2.52,-1.24,3.62,-1.24
49.879,SCAN_NAV_WAYPOINT,2.5788,-1.0879,0.3,-86.79,0.55,-0.33,-0.0,-0.0613,-0.3025,-0.0001,0.981,,,0.551,,2.52,-1.24,3.62,-1.24
49.94,SCAN_NAV_WAYPOINT,2.5784,-1.1019,0.298,-86.52,0.45,-0.04,-0.0,-0.058,-0.3001,0.0034,0.981,,,0.54,,2.52,-1.24,3.62,-1.24
49.945,SCAN_NAV_WAYPOINT,2.5777,-1.1153,0.298,-86.28,0.32,0.3,-0.0,-0.0554,-0.2946,-0.0005,0.949,,,0.54,,2.52,-1.24,3.62,-1.24
50.014,SCAN_NAV_WAYPOINT,2.5769,-1.1273,0.298,-86.05,0.58,0.51,-0.0,-0.0541,-0.2847,0.0018,0.949,,,0.538,,2.52,-1.24,3.62,-1.24
50.06,SCAN_NAV_WAYPOINT,2.5771,-1.1407,0.299,-85.94,0.69,0.62,-0.0,-0.052,-0.2777,-0.0031,0.907,,,0.538,,2.52,-1.24,3.62,-1.24
50.194,SCAN_NAV_WAYPOINT,2.5769,-1.1547,0.296,-85.93,0.63,0.48,-0.0,-0.0514,-0.2733,0.0005,0.907,,,0.543,,2.52,-1.24,3.62,-1.24
50.223,SCAN_NAV_WAYPOINT,2.577,-1.1692,0.297,-85.92,0.87,0.51,-0.0,-0.0508,-0.2716,-0.0059,0.884,,,0.543,,2.52,-1.24,3.62,-1.24
50.258,SCAN_NAV_WAYPOINT,2.5773,-1.1814,0.295,-86.0,1.03,0.59,-0.0,-0.0515,-0.265,-0.0037,0.884,,,0.541,,2.52,-1.24,3.62,-1.24
50.298,SCAN_NAV_WAYPOINT,2.5772,-1.1921,0.295,-86.06,1.42,0.54,-0.0,-0.0554,-0.2551,-0.006,0.86,,,0.541,,2.52,-1.24,3.62,-1.24
50.312,SCAN_NAV_WAYPOINT,2.5767,-1.2037,0.295,-86.15,1.65,0.51,-0.0,-0.0623,-0.2496,-0.0056,0.86,,,0.536,,2.52,-1.24,3.62,-1.24
50.359,SCAN_NAV_WAYPOINT,2.5766,-1.2147,0.296,-86.24,1.9,0.3,-0.0,-0.0691,-0.2448,-0.0036,0.843,,,0.536,,2.52,-1.24,3.62,-1.24
50.402,SCAN_NAV_WAYPOINT,2.5756,-1.2255,0.297,-86.32,2.07,0.36,-0.0,-0.0793,-0.2406,-0.0015,0.843,,,0.531,,2.52,-1.24,3.62,-1.24
50.499,SCAN_NAV_WAYPOINT,2.5725,-1.2386,0.298,-86.47,2.09,0.66,-0.0,-0.0942,-0.2412,0.0025,0.823,,,0.531,,2.52,-1.24,3.62,-1.24
50.514,SCAN_NAV_WAYPOINT,2.5695,-1.2491,0.298,-86.57,2.16,1.06,-0.0,-0.1074,-0.2331,0.0048,0.823,,,0.521,,2.52,-1.24,3.62,-1.24
50.527,SCAN_NAV_WAYPOINT,2.5664,-1.2586,0.299,-86.67,2.04,1.85,-0.0,-0.1199,-0.22,0.0072,0.813,,,0.521,,2.52,-1.24,3.62,-1.24
50.586,SCAN_NAV_WAYPOINT,2.5627,-1.2704,0.301,-86.74,1.68,2.48,-0.0,-0.1305,-0.2073,0.0087,0.813,,,0.516,,2.52,-1.24,3.62,-1.24
50.651,SCAN_NAV_WAYPOINT,2.5583,-1.2789,0.301,-86.78,1.28,3.09,-0.0,-0.1389,-0.184,0.0076,0.802,,,0.516,,2.52,-1.24,3.62,-1.24
50.689,SCAN_NAV_WAYPOINT,2.5514,-1.2883,0.3,-86.81,0.98,3.47,-0.0,-0.1491,-0.1593,0.0039,0.802,,,0.507,,2.52,-1.24,3.62,-1.24
50.756,SCAN_NAV_WAYPOINT,2.5462,-1.2938,0.301,-86.76,0.63,3.8,-0.0,-0.1527,-0.1277,-0.0022,0.805,0.87,,0.507,,2.52,-1.24,3.62,-1.24
50.848,SCAN_NAV_WAYPOINT,2.5408,-1.298,0.3,-86.71,0.17,4.3,-0.0,-0.1532,-0.0929,-0.0023,0.805,0.87,,0.501,,2.52,-1.24,3.62,-1.24
50.896,SCAN_NAV_WAYPOINT,2.5356,-1.301,0.3,-86.54,-0.08,4.51,-0.0,-0.1507,-0.0562,-0.0047,0.826,0.873,,0.501,,2.52,-1.24,3.62,-1.24
50.932,SCAN_NAV_WAYPOINT,2.5305,-1.301,0.299,-86.36,-0.39,4.32,-0.0,-0.1459,-0.0168,-0.0074,0.826,0.873,,0.492,,2.52,-1.24,3.62,-1.24
50.952,SCAN_NAV_WAYPOINT,2.5243,-1.3009,0.298,-86.14,-0.86,4.25,-0.0,-0.1412,0.0189,-0.0075,0.833,0.862,,0.492,,2.52,-1.24,3.62,-1.24
51.015,SCAN_NAV_WAYPOINT,2.5194,-1.2982,0.299,-85.99,-0.98,3.91,-0.0,-0.1315,0.0543,-0.0097,0.833,0.862,,0.483,,2.52,-1.24,3.62,-1.24
51.035,SCAN_NAV_WAYPOINT,2.5151,-1.2938,0.298,-85.88,-1.21,3.47,-0.0,-0.1204,0.0862,-0.0079,0.851,0.851,,0.483,,2.52,-1.24,3.62,-1.24
51.08,SCAN_NAV_WAYPOINT,2.5125,-1.2884,0.299,-85.73,-1.27,2.97,-0.0,-0.1056,0.1108,-0.0068,0.851,0.851,,0.473,,2.52,-1.24,3.62,-1.24
51.134,SCAN_NAV_WAYPOINT,2.5104,-1.2818,0.299,-85.68,-1.55,2.54,-0.0,-0.0899,0.1319,-0.0031,0.874,0.835,,0.473,,2.52,-1.24,3.62,-1.24
51.181,SCAN_NAV_WAYPOINT,2.5088,-1.2734,0.296,-85.69,-1.7,2.04,-0.0,-0.0726,0.1527,-0.002,0.874,0.835,,0.463,,2.52,-1.24,3.62,-1.24
51.261,SCAN_NAV_WAYPOINT,2.5061,-1.2668,0.297,-85.76,-1.81,1.37,-0.0,-0.0576,0.1628,-0.0047,0.9,0.823,,0.463,,2.52,-1.24,3.62,-1.24
51.291,SCAN_NAV_WAYPOINT,2.5049,-1.2577,0.297,-85.93,-1.78,0.87,-0.0,-0.0402,0.1742,-0.0027,0.9,0.823,,0.46,,2.52,-1.24,3.62,-1.24
51.318,SCAN_NAV_WAYPOINT,2.5043,-1.2501,0.299,-86.04,-1.67,0.22,-0.0,-0.0241,0.1746,-0.0026,0.931,0.811,,0.46,,2.52,-1.24,3.62,-1.24
51.397,SCAN_NAV_WAYPOINT,2.5049,-1.2413,0.296,-86.16,-1.49,-0.27,-0.0,-0.0074,0.1743,0.0025,0.931,0.811,,0.461,,3.62,-1.24,3.62,-1.24
51.459,SCAN_NAV_WAYPOINT,2.5076,-1.2337,0.299,-86.24,-1.42,-0.99,-0.0,0.0108,0.1634,-0.0027,0.944,0.802,,0.461,,3.62,-1.24,3.62,-1.24
51.504,SCAN_NAV_WAYPOINT,2.5084,-1.2275,0.3,-86.32,-1.0,-1.33,-0.0,0.0213,0.1476,0.0057,0.944,0.802,,0.464,,3.62,-1.24,3.62,-1.24
51.542,SCAN_NAV_WAYPOINT,2.5124,-1.2209,0.3,-86.54,-0.83,-2.1,-0.0,0.0355,0.1308,0.0034,0.962,0.796,,0.464,,3.62,-1.24,3.62,-1.24
51.591,SCAN_NAV_WAYPOINT,2.5149,-1.2164,0.299,-86.84,-2.56,-2.57,-0.0,0.0492,0.1055,0.0008,0.962,0.796,,0.466,,3.62,-1.24,3.62,-1.24
51.625,SCAN_NAV_WAYPOINT,2.5171,-1.2122,0.302,-87.14,-3.47,-2.71,-0.0,0.0737,0.082,0.0025,0.975,0.796,,0.466,,3.62,-1.24,3.62,-1.24
51.683,SCAN_NAV_WAYPOINT,2.5235,-1.2095,0.3,-87.44,-3.98,-2.53,-0.0,0.1107,0.0582,0.004,0.975,0.796,,0.476,,3.62,-1.24,3.62,-1.24
51.739,SCAN_NAV_WAYPOINT,2.5313,-1.2087,0.302,-87.7,-4.1,-2.36,-0.0,0.1484,0.0322,-0.0043,0.964,0.81,,0.476,,3.62,-1.24,3.62,-1.24
51.769,SCAN_NAV_WAYPOINT,2.5406,-1.2087,0.304,-87.94,-3.89,-2.2,-0.0,0.1858,0.0087,0.0018,0.964,0.81,,0.49,,3.62,-1.24,3.62,-1.24
51.847,SCAN_NAV_WAYPOINT,2.5534,-1.2104,0.303,-88.2,-3.4,-1.79,-0.0,0.2238,-0.0136,0.0037,0.926,0.836,,0.49,,3.62,-1.24,3.62,-1.24
51.88,SCAN_NAV_WAYPOINT,2.5677,-1.2131,0.3,-88.41,-2.8,-1.27,-0.0,0.2564,-0.0316,-0.0002,0.926,0.836,,0.505,,3.62,-1.24,3.62,-1.24
51.952,SCAN_NAV_WAYPOINT,2.5809,-1.2157,0.3,-88.69,-2.16,-0.79,-0.0,0.2775,-0.0456,-0.0061,0.87,,,0.505,,3.62,-1.24,3.62,-1.24
51.977,SCAN_NAV_WAYPOINT,2.5942,-1.2183,0.297,-88.95,-1.5,-0.13,-0.0,0.2907,-0.0529,-0.004,0.87,,,0.532,,3.62,-1.24,3.62,-1.24
52.028,SCAN_NAV_WAYPOINT,2.6098,-1.2219,0.298,-89.23,-0.87,0.33,-0.0,0.3027,-0.0559,-0.0081,0.83,,,0.532,,3.62,-1.24,3.62,-1.24
52.096,SCAN_NAV_WAYPOINT,2.623,-1.225,0.301,-89.48,-0.33,0.66,-0.0,0.3019,-0.057,-0.0036,0.83,,,0.559,,3.62,-1.24,3.62,-1.24
52.118,SCAN_NAV_WAYPOINT,2.6397,-1.2284,0.299,-89.68,0.06,1.05,-0.0,0.307,-0.0506,0.0011,0.789,,,0.559,,3.62,-1.24,3.62,-1.24
52.188,SCAN_NAV_WAYPOINT,2.6543,-1.2312,0.3,-89.76,0.37,1.17,-0.0,0.3034,-0.0439,-0.0035,0.789,,,0.584,,3.62,-1.24,3.62,-1.24
52.218,SCAN_NAV_WAYPOINT,2.6689,-1.2332,0.301,-89.73,0.47,1.13,-0.0,0.2985,-0.0344,0.0006,0.76,,,0.584,,3.62,-1.24,3.62,-1.24
52.291,SCAN_NAV_WAYPOINT,2.6822,-1.2348,0.302,-89.62,0.35,1.09,-0.0,0.2908,-0.0257,0.0042,0.76,,,0.609,,3.62,-1.24,3.62,-1.24
52.35,SCAN_NAV_WAYPOINT,2.6955,-1.235,0.303,-89.4,0.2,1.01,-0.0,0.2853,-0.0147,0.0013,0.738,,,0.609,,3.62,-1.24,3.62,-1.24
52.387,SCAN_NAV_WAYPOINT,2.7079,-1.2362,0.3,-89.16,0.15,0.92,-0.0,0.2791,-0.0083,0.0018,0.738,,,0.634,,3.62,-1.24,3.62,-1.24
52.432,SCAN_NAV_WAYPOINT,2.7216,-1.236,0.304,-89.02,0.04,0.9,-0.0,0.2774,0.0002,-0.006,0.729,,,0.634,,3.62,-1.24,3.62,-1.24
52.468,SCAN_NAV_WAYPOINT,2.7341,-1.2365,0.301,-88.96,-0.15,0.86,-0.0,0.2743,0.0061,-0.0017,0.729,,,0.658,,3.62,-1.24,3.62,-1.24
52.529,SCAN_NAV_WAYPOINT,2.7472,-1.2362,0.296,-89.0,-0.19,0.5,-0.0,0.2747,0.0117,-0.0071,0.724,,,0.658,,3.62,-1.24,3.62,-1.24
52.624,SCAN_NAV_WAYPOINT,2.7593,-1.236,0.298,-89.09,-0.13,0.16,-0.0,0.272,0.014,-0.0105,0.724,,,0.683,,3.62,-1.24,3.62,-1.24
52.645,SCAN_NAV_WAYPOINT,2.7732,-1.2365,0.299,-89.21,-0.07,0.01,-0.0,0.2738,0.012,-0.0027,0.722,,,0.683,,3.62,-1.24,3.62,-1.24
52.695,SCAN_NAV_WAYPOINT,2.7852,-1.236,0.298,-89.28,-0.08,-0.06,-0.0,0.27,0.0114,-0.0032,0.722,,,0.714,,3.62,-1.24,3.62,-1.24
52.724,SCAN_NAV_WAYPOINT,2.7987,-1.2374,0.299,-89.35,0.15,-0.13,-0.0,0.2699,0.0062,-0.0027,0.719,,,0.714,,3.62,-1.24,3.62,-1.24
52.784,SCAN_NAV_WAYPOINT,2.8112,-1.2387,0.303,-89.41,0.47,-0.3,-0.0,0.2654,0.0009,0.0081,0.719,,,0.737,,3.62,-1.24,3.62,-1.24
52.864,SCAN_NAV_WAYPOINT,2.8228,-1.2406,0.299,-89.55,0.61,-0.35,-0.0,0.2567,-0.0063,0.0183,0.719,,,0.737,,3.62,-1.24,3.62,-1.24
52.868,SCAN_NAV_WAYPOINT,2.8327,-1.2414,0.299,-89.82,0.38,-0.1,-0.0,0.2455,-0.0095,0.0017,0.719,,,0.754,,3.62,-1.24,3.62,-1.24
52.964,SCAN_NAV_WAYPOINT,2.8425,-1.2442,0.3,-90.25,0.52,0.03,-0.0,0.2362,-0.0147,0.004,0.721,,,0.754,,3.62,-1.24,3.62,-1.24
52.989,SCAN_NAV_WAYPOINT,2.8516,-1.2462,0.302,-90.68,0.28,0.07,-0.0,0.2256,-0.0176,0.006,0.721,,,0.779,,3.62,-1.24,3.62,-1.24
53.033,SCAN_NAV_WAYPOINT,2.8621,-1.2484,0.303,-90.93,-0.4,0.26,-0.0,0.2241,-0.0187,0.0079,0.717,,,0.779,,3.62,-1.24,3.62,-1.24
53.087,SCAN_NAV_WAYPOINT,2.8704,-1.2521,0.308,-91.15,-0.55,0.1,-0.0,0.2214,-0.0232,0.0155,0.717,,,0.796,,3.62,-1.24,3.62,-1.24
53.122,SCAN_NAV_WAYPOINT,2.8808,-1.2556,0.303,-91.32,-0.69,0.03,-0.0,0.2242,-0.0273,0.0206,0.712,,,0.796,,3.62,-1.24,3.62,-1.24
53.212,SCAN_NAV_WAYPOINT,2.8892,-1.2587,0.307,-91.33,-1.08,0.17,-0.0,0.2242,-0.0313,0.0065,0.712,,,0.816,,3.62,-1.24,3.62,-1.24
53.262,SCAN_NAV_WAYPOINT,2.8959,-1.2617,0.304,-91.17,-1.22,0.55,-0.0,0.2228,-0.0317,0.0125,0.717,0.45,,0.816,,3.62,-1.24,3.62,-1.24
53.269,SCAN_NAV_WAYPOINT,2.9047,-1.2647,0.307,-90.84,-1.4,0.32,-0.0,0.2267,-0.0313,-0.0072,0.717,0.45,,0.83,,3.62,-1.24,3.62,-1.24
53.385,SCAN_NAV_WAYPOINT,2.913,-1.2677,0.309,-90.42,-1.6,0.8,-0.0,0.2315,-0.0306,-0.002,0.717,0.435,,0.83,,3.62,-1.24,3.62,-1.24
53.465,SCAN_NAV_WAYPOINT,2.9219,-1.2715,0.309,-90.1,-1.55,1.05,-0.0,0.2377,-0.0285,-0.0038,0.717,0.435,,0.842,,3.62,-1.24,3.62,-1.24
53.53,SCAN_NAV_WAYPOINT,2.9309,-1.2741,0.308,-89.68,-1.53,0.98,-0.0,0.2433,-0.0232,-0.0096,0.734,0.429,,0.842,,3.62,-1.24,3.62,-1.24
53.582,SCAN_NAV_WAYPOINT,2.941,-1.2758,0.311,-89.31,-1.45,1.12,-0.0,0.2503,-0.0159,-0.0088,0.734,0.429,,0.856,,3.62,-1.24,3.62,-1.24
53.595,SCAN_NAV_WAYPOINT,2.9508,-1.279,0.307,-88.78,-1.3,1.25,-0.0,0.255,-0.011,0.0035,0.788,0.427,,0.856,,3.62,-1.24,3.62,-1.24
53.643,SCAN_NAV_WAYPOINT,2.9622,-1.2802,0.31,-88.08,-0.93,1.38,-0.0,0.2605,-0.0021,-0.0011,0.788,0.427,,0.874,,3.62,-1.24,3.62,-1.24
53.682,SCAN_NAV_WAYPOINT,2.9741,-1.2807,0.307,-87.4,-0.8,1.45,-0.0,0.2639,0.0088,0.0023,,0.428,,0.874,,3.62,-1.24,3.62,-1.24
53.699,SCAN_NAV_WAYPOINT,2.9856,-1.2814,0.299,-86.84,-1.28,1.21,-0.0,0.2674,0.018,-0.0123,,0.428,,0.897,,3.62,-1.24,3.62,-1.24
53.771,SCAN_NAV_WAYPOINT,2.9973,-1.2806,0.309,-86.43,-1.44,0.64,-0.0,0.2745,0.0262,-0.0206,,0.425,,0.897,,3.62,-1.24,3.62,-1.24
53.807,SCAN_NAV_WAYPOINT,3.0084,-1.2799,0.304,-86.15,-1.57,0.68,-0.0,0.2801,0.0316,0.0004,,0.425,,0.914,,3.62,-1.24,3.62,-1.24
53.836,SCAN_NAV_WAYPOINT,3.0196,-1.2796,0.306,-85.81,-1.32,0.27,-0.0,0.285,0.0344,-0.0137,2.092,0.429,,0.914,,3.62,-1.24,3.62,-1.24
53.903,SCAN_NAV_WAYPOINT,3.0335,-1.2773,0.31,-85.39,-1.53,0.13,-0.0,0.2953,0.0382,-0.0036,2.092,0.429,,0.94,,3.62,-1.24,3.62,-1.24
53.923,SCAN_NAV_WAYPOINT,3.0481,-1.2761,0.31,-85.03,-1.45,0.52,-0.0,0.3065,0.0393,-0.0033,2.22,0.426,,0.94,,3.62,-1.24,3.62,-1.24
54.006,SCAN_NAV_WAYPOINT,3.0617,-1.2755,0.311,-84.7,-1.31,0.73,-0.0,0.3129,0.0418,-0.0195,2.22,0.426,,0.961,,3.62,-1.24,3.62,-1.24
54.027,SCAN_NAV_WAYPOINT,3.0775,-1.2755,0.304,-84.49,-1.31,0.79,-0.0,0.3226,0.0428,-0.0229,2.283,0.431,,0.961,,3.62,-1.24,3.62,-1.24
54.13,SCAN_NAV_WAYPOINT,3.0929,-1.2746,0.3,-84.4,-1.26,0.7,-0.0,0.3307,0.0472,-0.0393,2.283,0.431,,0.991,,3.62,-1.24,3.62,-1.24
54.141,SCAN_NAV_WAYPOINT,3.11,-1.2729,0.3,-84.47,-1.31,0.24,-0.0,0.3418,0.0508,-0.0332,2.297,0.429,,0.991,,3.62,-1.24,3.62,-1.24
54.204,SCAN_NAV_WAYPOINT,3.1303,-1.2698,0.295,-84.58,-1.22,-0.18,-0.0,0.3602,0.0532,-0.0221,2.297,0.429,,1.02,,3.62,-1.24,3.62,-1.24
54.291,SCAN_NAV_WAYPOINT,3.1486,-1.2676,0.202,-84.67,-1.03,-0.43,-0.0,0.3711,0.0508,-0.0238,2.302,0.43,,1.02,,3.62,-1.24,3.62,-1.24
54.39,SCAN_NAV_WAYPOINT,3.1618,-1.2689,0.17,-84.85,-0.67,-0.36,-0.0,0.3679,0.0432,-0.1617,2.302,0.43,,1.06,,3.62,-1.24,3.62,-1.24
54.408,SCAN_NAV_WAYPOINT,3.1757,-1.2692,0.173,-85.03,-0.36,-0.22,-0.0,0.3657,0.04,-0.1381,2.32,0.43,,1.06,,3.62,-1.24,3.62,-1.24
54.451,SCAN_NAV_WAYPOINT,3.1689,-1.2698,0.188,-85.15,0.33,-0.09,-0.0,0.3046,0.0309,-0.0528,2.32,0.43,,1.095,,3.62,-1.24,3.62,-1.24
54.508,SCAN_NAV_WAYPOINT,3.19,-1.2655,0.217,-85.39,0.14,-0.03,-0.0,0.3162,0.0378,0.009,2.325,0.427,,1.095,,3.62,-1.24,3.62,-1.24
54.553,SCAN_NAV_WAYPOINT,3.2105,-1.2637,0.233,-85.6,0.22,0.07,-0.0,0.3261,0.038,0.1156,2.325,0.427,,1.135,,3.62,-1.24,3.62,-1.24
54.593,SCAN_NAV_WAYPOINT,3.2245,-1.2612,0.274,-85.75,0.41,0.2,-0.0,0.3158,0.0392,0.1654,2.325,0.432,,1.135,,3.62,-1.24,3.62,-1.24
54.639,SCAN_NAV_WAYPOINT,3.2422,-1.2584,0.325,-85.84,0.66,0.33,-0.0,0.3146,0.0441,0.2379,2.325,0.432,,1.171,,3.62,-1.24,3.62,-1.24
54.653,SCAN_NAV_WAYPOINT,3.2625,-1.2591,0.379,-86.0,0.72,0.25,-0.0,0.3218,0.0414,0.3006,2.33,0.429,,1.171,,3.62,-1.24,3.62,-1.24
54.716,SCAN_NAV_WAYPOINT,3.2825,-1.258,0.417,-86.14,0.74,0.16,-0.0,0.3282,0.0434,0.3327,2.33,0.429,,1.217,,3.62,-1.24,3.62,-1.24
54.759,SCAN_NAV_WAYPOINT,3.3008,-1.2568,0.459,-86.3,0.74,-0.02,-0.0,0.3297,0.0438,0.3058,2.347,0.431,,1.217,,3.62,-1.24,3.62,-1.24
54.774,SCAN_NAV_WAYPOINT,3.3199,-1.2561,0.459,-86.44,0.78,-0.19,-0.0,0.3347,0.0418,0.2593,2.347,0.431,,1.26,,3.62,-1.24,3.62,-1.24
54.847,SCAN_NAV_WAYPOINT,3.3382,-1.2549,0.45,-86.44,0.87,-0.24,-0.0,0.3357,0.0391,0.1258,2.348,0.435,,1.26,,3.62,-1.24,3.62,-1.24
54.92,SCAN_NAV_WAYPOINT,3.3571,-1.2528,0.432,-86.39,0.86,-0.16,-0.0,0.3366,0.0384,-0.0057,2.348,0.435,,1.302,,3.62,-1.24,3.62,-1.24
54.937,SCAN_NAV_WAYPOINT,3.3789,-1.2522,0.406,-86.32,0.87,-0.25,-0.0,0.3445,0.0358,-0.1149,2.348,0.452,,1.302,,3.62,-1.24,3.62,-1.24
54.972,SCAN_NAV_WAYPOINT,3.3995,-1.2515,0.388,-86.21,1.05,-0.19,-0.0,0.3461,0.0328,-0.187,2.348,0.452,,1.339,,3.62,-1.24,3.62,-1.24
55.058,SCAN_NAV_WAYPOINT,3.4207,-1.2537,0.362,-86.1,1.16,-0.1,-0.0,0.3473,0.0248,-0.2282,2.341,0.494,,1.339,,3.62,-1.24,3.62,-1.24
55.141,SCAN_NAV_WAYPOINT,3.4443,-1.2545,0.348,-86.07,1.16,0.06,-0.0,0.3536,0.0219,-0.2649,2.341,0.494,,1.383,,3.62,-1.24,3.62,-1.24
55.153,SCAN_NAV_WAYPOINT,3.4664,-1.2552,0.325,-86.2,1.51,0.3,-0.0,0.3541,0.0209,-0.2542,2.341,,,1.383,,3.62,-1.24,3.62,-1.24
55.193,SCAN_NAV_WAYPOINT,3.4892,-1.2547,0.313,-86.33,1.72,0.21,-0.0,0.3525,0.0221,-0.2546,2.341,,,1.42,,3.62,-1.24,3.62,-1.24
55.235,SCAN_NAV_WAYPOINT,3.5089,-1.2532,0.293,-86.6,1.41,0.39,-0.0,0.3437,0.024,-0.2153,2.337,,,1.42,,3.62,-1.24,3.62,-1.24
55.298,SCAN_NAV_WAYPOINT,3.5289,-1.2556,0.286,-86.85,1.3,0.49,-0.0,0.3391,0.0216,-0.2062,2.337,,,1.456,,3.62,-1.24,3.62,-1.24
55.338,SCAN_NAV_WAYPOINT,3.5544,-1.2534,0.248,-87.08,1.13,0.66,-0.0,0.3482,0.0286,-0.1559,2.345,,,1.456,,3.62,-1.24,3.62,-1.24
55.397,SCAN_NAV_WAYPOINT,3.5741,-1.2514,0.196,-87.28,1.0,0.68,-0.0,0.3449,0.0351,-0.1741,2.345,,,1.488,,3.62,-1.24,3.62,-1.24
55.498,SCAN_NAV_WAYPOINT,3.5883,-1.2479,0.165,-87.44,1.13,0.83,-0.0,0.3277,0.0426,-0.1756,2.347,,,1.488,,3.62,-1.24,3.62,-1.24
55.518,SCAN_NAV_WAYPOINT,3.6011,-1.2466,0.17,-87.59,1.15,0.68,-0.0,0.3084,0.0467,-0.1354,2.347,,,1.527,,3.62,-1.24,3.62,-1.24
55.537,SCAN_NAV_WAYPOINT,3.6096,-1.2474,0.189,-87.66,1.6,0.44,-0.0,0.2791,0.0456,-0.0551,2.34,,,1.527,,3.62,-1.24,3.62,-1.24
55.604,SCAN_NAV_WAYPOINT,3.6223,-1.2493,0.204,-87.63,1.81,0.29,-0.0,0.26,0.0413,0.0285,2.34,,,1.545,,3.62,-1.24,3.62,-1.24
55.665,SCAN_NAV_WAYPOINT,3.6393,-1.2481,0.223,-87.6,2.27,-0.0,-0.0,0.2534,0.0404,0.096,2.351,,,1.545,,,,3.62,-1.24
55.759,SCAN_NAV_WAYPOINT,3.6514,-1.2471,0.244,-87.62,2.78,-0.11,-0.0,0.2308,0.0368,0.1455,2.351,,,1.582,,3.7,-1.2481,3.62,-1.24
55.785,SCAN_NAV_WAYPOINT,3.6629,-1.2459,0.262,-87.63,3.12,-0.18,-0.0,0.2081,0.0329,0.1864,2.344,,,1.582,,3.7,-1.2481,3.62,-1.24
55.792,SCAN_NAV_WAYPOINT,3.6728,-1.2438,0.274,-87.61,3.82,-0.4,-0.0,0.1811,0.0301,0.1943,2.344,,,1.608,,3.7,-1.2481,3.62,-1.24
55.861,SCAN_NAV_WAYPOINT,3.6807,-1.2419,0.293,-87.56,3.97,-0.51,-0.0,0.1494,0.0256,0.1801,2.345,,,1.608,,3.7,-1.2481,3.62,-1.24
55.94,LANDING_REGION_SCAN,3.6876,-1.2413,0.305,-87.62,3.82,-0.56,-0.0,0.1198,0.019,0.1754,2.345,,,1.617,,3.7,-1.0,,
56.014,LANDING_REGION_SCAN,3.693,-1.2399,0.316,-87.61,2.54,-0.7,-0.0,0.0946,0.0143,0.1458,2.351,,,1.617,,3.7,-1.0,,
56.071,LANDING_REGION_SCAN,3.6956,-1.2411,0.323,-87.6,1.36,-0.71,-0.0,0.0746,0.004,0.1277,2.351,,,1.631,,3.7,-1.0,,
56.091,LANDING_REGION_SCAN,3.6988,-1.2424,0.329,-87.59,0.84,-0.42,-0.0,0.066,-0.0034,0.0998,2.354,,,1.631,,3.7,-1.0,,
56.135,LANDING_REGION_SCAN,3.6994,-1.2407,0.329,-87.48,1.2,-0.27,-0.0,0.0504,-0.004,0.0669,2.354,,,1.625,,3.7,-1.0,,
56.169,LANDING_REGION_SCAN,3.7101,-1.2415,0.331,-87.39,1.1,0.6,-0.0,0.0662,-0.0027,0.0303,2.353,,,1.625,,3.7,-1.0,,
56.184,LANDING_REGION_SCAN,3.7158,-1.2435,0.331,-87.32,0.85,3.11,-0.0,0.065,0.008,0.0151,2.353,,,1.616,,3.7,-1.0,,
56.276,LANDING_REGION_SCAN,3.7199,-1.2473,0.336,-87.2,1.09,4.27,-0.0,0.0599,0.0283,-0.0087,2.357,,,1.616,,3.7,-1.0,,
56.293,LANDING_REGION_SCAN,3.7261,-1.2447,0.336,-86.91,1.11,4.92,-0.0,0.0581,0.065,-0.02,2.357,,,1.612,,3.7,-1.0,,
56.37,LANDING_REGION_SCAN,3.7297,-1.2396,0.334,-86.61,1.09,5.08,-0.0,0.0494,0.107,-0.0348,2.362,,,1.612,,3.7,-1.0,,
56.396,LANDING_REGION_SCAN,3.7355,-1.2332,0.334,-86.33,1.09,5.03,-0.0,0.0464,0.1461,-0.0475,2.362,,,1.616,,3.7,-1.0,,
56.42,LANDING_REGION_SCAN,3.741,-1.2235,0.329,-86.09,1.34,4.67,-0.0,0.0423,0.1858,-0.0554,2.379,,,1.616,,3.7,-1.0,,
56.492,LANDING_REGION_SCAN,3.7438,-1.2124,0.322,-85.91,1.4,4.11,-0.0,0.0305,0.2227,-0.0696,2.379,,,1.597,,3.7,-1.0,,
56.594,LANDING_REGION_SCAN,3.7488,-1.1939,0.327,-85.74,1.52,3.58,-0.0,0.0239,0.2639,-0.076,2.397,,,1.597,,3.7,-1.0,,
56.624,LANDING_REGION_SCAN,3.7506,-1.1801,0.332,-85.7,1.61,2.87,-0.0,0.0107,0.2895,-0.0653,2.397,,,1.531,,3.7,-1.0,,
56.629,LANDING_REGION_SCAN,3.7545,-1.1601,0.345,-85.66,1.53,2.06,-0.0,0.004,0.3146,-0.0525,2.414,,,1.531,,3.7,-1.0,,
56.719,LANDING_REGION_SCAN,3.7585,-1.1422,0.362,-85.66,1.65,1.42,-0.0,-0.0011,0.3258,-0.0363,2.414,,,,,3.7,-1.0,,
56.796,LANDING_REGION_SCAN,3.7613,-1.124,0.386,-85.72,1.71,0.82,-0.0,-0.0087,0.3321,-0.0154,2.44,,,,,3.7,-1.0,,
56.869,LANDING_REGION_SCAN,3.7608,-1.1045,0.384,-85.86,1.55,0.12,-0.0,-0.021,0.3379,0.0071,2.44,,,1.24,,3.7,-1.0,,
56.922,LANDING_REGION_SCAN,3.7616,-1.0876,0.371,-86.03,1.45,-0.2,-0.0,-0.0274,0.3343,-0.0211,2.46,,,1.24,,3.7,-1.0,,
56.964,LANDING_REGION_SCAN,3.7632,-1.0714,0.361,-86.12,1.52,-0.52,-0.0,-0.0314,0.3283,-0.0752,2.46,,,1.22,,3.7,-1.0,,
56.982,LANDING_REGION_SCAN,3.7638,-1.0576,0.34,-86.25,1.49,-0.74,-0.0,-0.0385,0.3162,-0.1056,2.489,,,1.22,,3.7,-1.0,,
57.065,LANDING_REGION_SCAN,3.7657,-1.044,0.326,-86.44,1.43,-0.68,-0.0,-0.0415,0.3043,-0.143,2.489,,,1.225,,3.7,-1.0,,
57.081,LANDING_REGION_SCAN,3.766,-1.0307,0.305,-86.59,1.57,-0.61,-0.0,-0.0485,0.2939,-0.1512,2.51,,,1.225,,3.7,-1.0,,
57.142,LANDING_REGION_SCAN,3.7671,-1.0186,0.29,-86.78,1.66,-0.37,-0.0,-0.0541,0.2835,-0.1662,2.51,,,1.22,,3.7,-1.0,,
57.163,LANDING_REGION_SCAN,3.7663,-1.0069,0.274,-86.9,1.98,-0.32,-0.0,-0.0663,0.2747,-0.1537,2.531,,,1.22,,3.7,-1.0,,
57.198,LANDING_REGION_SCAN,3.7663,-0.9968,0.265,-86.94,2.24,-0.45,-0.0,-0.0776,0.2638,-0.1443,2.531,,,1.224,,3.7,-1.0,,
57.257,LANDING_REGION_SCAN,3.7657,-0.9854,0.252,-86.9,2.52,-1.02,-0.0,-0.0915,0.253,-0.1143,2.565,,,1.224,,3.7,-1.0,,
57.272,LANDING_REGION_SCAN,3.7633,-0.9758,0.25,-86.86,2.63,-1.56,-0.0,-0.109,0.2342,-0.0988,2.565,,,1.225,,3.7,-1.0,,
57.353,LANDING_REGION_SCAN,3.7577,-0.9654,0.245,-86.85,2.64,-2.27,-0.0,-0.1315,0.2137,-0.0567,2.559,,,1.225,,3.7,-1.0,,
57.384,LANDING_REGION_SCAN,3.7514,-0.9552,0.243,-86.82,2.42,-2.76,-0.0,-0.1517,0.1907,-0.0409,2.559,,,1.219,,3.7,-1.0,,
57.481,LANDING_REGION_SCAN,3.7457,-0.9495,0.245,-86.77,2.13,-3.57,-0.0,-0.1659,0.1562,-0.0111,2.582,,,1.219,,3.7,-1.0,,
57.559,LANDING_REGION_SCAN,3.7393,-0.946,0.248,-86.81,1.7,-3.91,-0.0,-0.176,0.1186,0.0108,2.582,,,1.211,,3.7,-1.0,,
57.586,LANDING_REGION_SCAN,3.731,-0.9431,0.249,-86.82,1.26,-4.15,-0.0,-0.1852,0.0796,0.0318,2.586,,,1.211,,3.7,-1.0,,
57.663,LANDING_REGION_SCAN,3.7235,-0.9449,0.254,-86.89,1.02,-3.98,-0.0,-0.1876,0.037,0.0398,2.586,,,1.205,,3.7,-1.0,,
57.685,LANDING_REGION_SCAN,3.7165,-0.9471,0.252,-86.95,0.96,-3.5,-0.0,-0.1876,0.004,0.0523,2.596,,,1.205,,3.7,-1.0,,
57.733,LANDING_REGION_SCAN,3.7075,-0.9489,0.256,-87.07,0.53,-3.3,-0.0,-0.1918,-0.0277,0.0493,2.596,,,1.187,,3.7,-1.0,,
57.812,LANDING_REGION_SCAN,3.6995,-0.9538,0.258,-87.13,0.17,-3.05,-0.0,-0.1894,-0.0582,0.0531,2.615,,,1.187,,3.7,-1.0,,
57.832,LANDING_REGION_SCAN,3.6918,-0.9582,0.263,-87.2,-0.44,-2.57,-0.0,-0.1823,-0.0794,0.0568,2.615,,,1.167,,3.7,-1.0,,
57.847,LANDING_REGION_SCAN,3.6847,-0.9652,0.269,-87.23,-0.66,-2.06,-0.0,-0.1719,-0.1003,0.0605,2.61,,,1.167,,3.7,-1.0,,
57.905,LANDING_REGION_SCAN,3.6776,-0.9712,0.268,-87.2,-1.24,-1.62,-0.0,-0.1593,-0.1119,0.0643,2.61,,,1.142,,3.7,-1.0,,
57.951,LANDING_REGION_SCAN,3.672,-0.979,0.273,-87.14,-1.62,-1.02,-0.0,-0.141,-0.12,0.0562,2.597,,,1.142,,3.7,-1.0,,
57.968,LANDING_REGION_SCAN,3.6659,-0.9854,0.277,-87.06,-2.2,-0.53,-0.0,-0.1229,-0.1244,0.0645,2.597,,,1.114,,3.7,-1.0,,
58.055,LANDING_REGION_SCAN,3.6609,-0.9917,0.281,-87.02,-2.58,-0.01,-0.0,-0.1003,-0.1202,0.0683,2.595,,,1.114,,3.7,-1.0,,
58.109,LANDING_REGION_SCAN,3.6584,-0.9986,0.283,-87.04,-3.04,0.47,-0.0,-0.0719,-0.1121,0.0666,2.595,,,1.087,,3.7,-1.0,,
58.169,LANDING_REGION_SCAN,3.657,-1.0048,0.29,-87.02,-3.36,0.77,-0.0,-0.0404,-0.1022,0.0589,2.595,,,1.087,,3.7,-1.0,,
58.195,LANDING_REGION_SCAN,3.656,-1.0097,0.291,-86.84,-3.27,1.62,-0.0,-0.0109,-0.0857,0.067,2.595,,,1.074,,3.7,-1.0,,
58.224,LANDING_REGION_SCAN,3.6573,-1.0139,0.294,-86.63,-3.01,1.72,-0.0,0.018,-0.0671,0.0528,2.586,,,1.074,,3.7,-1.0,,
58.282,LANDING_REGION_SCAN,3.6608,-1.0171,0.296,-86.42,-2.85,1.5,-0.0,0.048,-0.0463,0.0445,2.586,,,1.071,,3.7,-1.0,,
58.318,LANDING_REGION_SCAN,3.6647,-1.0191,0.298,-86.19,-2.58,1.23,-0.0,0.0735,-0.0284,0.0345,2.575,,,1.071,,3.7,-1.0,,
58.367,LANDING_REGION_SCAN,3.6701,-1.0201,0.3,-86.03,-2.35,1.07,-0.0,0.0973,-0.0138,0.0305,2.575,,,1.08,,3.7,-1.0,,
58.457,LANDING_REGION_SCAN,3.6764,-1.0204,0.3,-85.84,-1.6,1.2,-0.0,0.1175,0.0006,0.0297,2.584,,,1.08,,3.7,-1.0,,
58.466,LANDING_REGION_SCAN,3.6828,-1.0201,0.299,-85.65,-0.7,1.32,-0.0,0.1278,0.0137,0.023,2.584,,,1.099,,3.7,-1.0,,
58.538,LANDING_REGION_SCAN,3.6908,-1.0185,0.308,-85.6,-0.31,1.02,-0.0,0.1354,0.0285,0.0117,2.587,,,1.099,,,,,
58.654,SCAN_HIGH,3.6984,-1.0162,0.304,-85.66,0.09,0.83,-0.0,0.1385,0.041,0.0268,2.587,,,1.122,,,,,
58.665,SCAN_HIGH,3.7054,-1.014,0.303,-85.78,0.64,0.75,-0.0,0.1357,0.0472,0.0124,2.591,,,1.122,,,,,
58.688,SCAN_HIGH,3.711,-1.0118,0.305,-86.02,1.42,0.24,-0.0,0.1252,0.0521,0.0107,2.591,,,1.139,,,,,
58.75,SCAN_HIGH,3.7175,-1.0083,0.307,-86.2,2.17,0.05,15.0,0.1115,0.0551,0.0152,2.599,,,1.139,,,,,
58.802,SCAN_HIGH,3.7229,-1.0053,0.306,-86.32,2.55,-0.05,15.0,0.092,0.0548,0.0163,2.599,,,1.161,,,,,
58.818,SCAN_HIGH,3.7268,-1.0022,0.308,-86.41,2.22,-0.04,15.0,0.0711,0.0544,0.013,2.594,,,1.161,,,,,
58.898,SCAN_HIGH,3.7289,-0.9991,0.308,-86.49,1.79,-0.18,15.0,0.051,0.0541,0.0151,2.594,,,1.166,,,,,
58.936,SCAN_HIGH,3.7298,-0.9957,0.311,-86.51,1.79,-0.68,15.0,0.0334,0.0531,0.005,2.594,,,1.166,,,,,
59.004,SCAN_HIGH,3.731,-0.9917,0.313,-86.37,1.92,-1.14,15.0,0.0182,0.0478,0.0082,2.594,,,1.17,,,,,
59.034,SCAN_HIGH,3.7314,-0.9876,0.313,-86.1,1.67,-1.16,15.0,0.0026,0.041,0.0096,2.599,,,1.17,,,,,
59.092,SCAN_HIGH,3.73,-0.9868,0.313,-85.78,1.23,-1.04,15.0,-0.0122,0.0286,0.0095,2.599,,,1.165,,,,,
59.121,SCAN_HIGH,3.7287,-0.9865,0.31,-85.38,0.89,-0.96,15.0,-0.0218,0.0179,0.0096,2.605,,,1.165,,,,,
59.195,SCAN_HIGH,3.7276,-0.9861,0.309,-84.98,0.83,-1.12,15.0,-0.0276,0.0083,0.0013,2.605,,,1.154,,,,,
59.263,SCAN_HIGH,3.7271,-0.9859,0.31,-84.5,1.08,-1.48,15.0,-0.0321,-0.0027,-0.0093,2.617,,,1.154,,,,,
59.305,SCAN_HIGH,3.7257,-0.9853,0.312,-84.07,1.04,-1.54,15.0,-0.0393,-0.0149,-0.0086,2.617,,,1.15,,,,,
59.319,SCAN_HIGH,3.7248,-0.9889,0.309,-83.43,0.93,-1.3,15.0,-0.0432,-0.033,-0.0047,2.591,,,1.15,,,,,
59.392,SCAN_HIGH,3.7226,-0.9951,0.311,-82.5,1.06,-1.17,15.0,-0.0497,-0.0523,-0.014,2.591,,,1.161,,,,,
59.451,SCAN_HIGH,3.7193,-1.0,0.311,-81.51,1.03,-0.72,15.0,-0.0589,-0.0659,-0.0134,2.605,,,1.161,,,,,
59.495,SCAN_HIGH,3.7188,-1.005,0.308,-80.62,0.73,-0.04,15.0,-0.0604,-0.0733,-0.0143,2.605,,,1.171,,,,,
59.559,SCAN_HIGH,3.7171,-1.0076,0.309,-79.73,0.43,0.58,15.0,-0.0626,-0.0701,-0.0232,2.614,,,1.171,,,,,
59.625,SCAN_HIGH,3.7151,-1.011,0.31,-78.81,0.35,0.84,15.0,-0.0637,-0.0647,-0.027,2.614,,,1.196,,,,,
59.675,SCAN_HIGH,3.7126,-1.0145,0.309,-77.83,0.5,0.96,15.0,-0.0671,-0.0588,-0.0319,2.619,,,1.196,,,,,
59.727,SCAN_HIGH,3.7077,-1.0232,0.305,-76.81,0.14,1.13,15.0,-0.0748,-0.0616,-0.0299,2.619,,,1.21,,,,,
59.753,SCAN_HIGH,3.7053,-1.0243,0.304,-75.65,-0.06,1.08,15.0,-0.0746,-0.0497,-0.0361,2.628,,,1.21,,,,,
59.788,SCAN_HIGH,3.7036,-1.0265,0.303,-74.36,-0.36,0.89,15.0,-0.071,-0.041,-0.0382,2.628,,,1.241,,,,,
59.828,SCAN_HIGH,3.7019,-1.0273,0.299,-73.11,-0.87,0.74,15.0,-0.0646,-0.0314,-0.0349,2.649,,,1.241,,,,,
59.907,SCAN_HIGH,3.7011,-1.0251,0.298,-71.89,-1.06,0.96,15.0,-0.0539,-0.0154,-0.0301,2.649,,,1.496,,,,,
59.936,SCAN_HIGH,3.7004,-1.0261,0.297,-70.85,-1.29,0.71,15.0,-0.0427,-0.0063,-0.0208,2.68,,,1.496,,,,,
60.024,SCAN_HIGH,3.6994,-1.0243,0.296,-70.05,-1.12,0.41,15.0,-0.0324,0.0058,-0.0168,2.68,,,1.637,,,,,
60.06,SCAN_HIGH,3.7019,-1.0177,0.295,-69.6,-1.07,0.14,15.0,-0.0163,0.0243,-0.0118,2.699,,,1.637,,,,,
60.079,SCAN_HIGH,3.7026,-1.0154,0.292,-69.2,-0.92,-0.08,15.0,-0.0049,0.0297,-0.0011,2.699,,,1.692,,,,,
60.155,SCAN_HIGH,3.7043,-1.0136,0.29,-68.53,-0.57,-0.29,15.0,0.0057,0.031,-0.0011,,,,1.692,,,,,
60.205,SCAN_HIGH,3.7069,-1.0112,0.292,-67.78,-0.3,-0.22,15.0,0.0151,0.0312,0.0008,,,,1.704,,,,,
60.266,SCAN_HIGH,3.7089,-1.0098,0.296,-67.1,-0.06,-0.28,15.0,0.0205,0.0295,0.0064,2.729,,,1.704,,,,,
60.271,SCAN_HIGH,3.7144,-1.0066,0.296,-66.33,0.61,-0.52,15.0,0.0304,0.0293,0.0111,2.729,,,1.726,,,,,
60.358,SCAN_HIGH,3.7162,-1.0062,0.297,-65.5,1.35,-0.56,15.0,0.0265,0.0192,0.0031,2.742,,,1.726,,,,,
60.421,SCAN_HIGH,3.7187,-1.0058,0.294,-64.53,1.84,-0.44,15.0,0.0195,0.0087,0.0025,2.742,,,1.754,,,,,
60.509,SCAN_HIGH,3.7205,-1.007,0.296,-63.29,1.88,-0.37,15.0,0.0092,-0.0047,-0.0086,2.774,,,1.754,,,,,
60.564,SCAN_HIGH,3.7205,-1.0087,0.298,-61.86,1.57,-0.02,15.0,-0.0037,-0.0165,-0.0061,2.774,,,1.752,,,,,
60.673,SCAN_HIGH,3.7205,-1.0143,0.296,-60.23,1.35,-0.09,15.0,-0.0134,-0.0326,-0.0117,2.8,,,1.752,,,,,
60.712,SCAN_HIGH,3.7201,-1.0169,0.295,-58.64,0.96,-0.09,15.0,-0.0202,-0.0405,-0.0162,2.8,,,1.786,,,,,
60.737,SCAN_HIGH,3.7179,-1.0208,0.298,-57.2,0.71,0.27,15.0,-0.0295,-0.0484,-0.0082,,,,1.786,,,,,
60.748,SCAN_HIGH,3.7181,-1.024,0.296,-55.97,0.16,0.4,15.0,-0.0304,-0.0498,-0.0003,,,,,,,,,
60.804,SCAN_HIGH,3.7167,-1.0256,0.294,-54.95,-0.36,0.65,15.0,-0.0316,-0.0441,-0.0012,2.908,0.608,,,,,,,
60.821,SCAN_HIGH,3.7161,-1.0288,0.295,-54.09,-0.4,1.17,15.0,-0.031,-0.0387,0.0007,2.908,0.608,,,,,,,
60.836,SCAN_HIGH,3.7161,-1.0316,0.297,-53.34,-0.5,1.35,15.0,-0.0308,-0.0302,0.0074,2.958,0.591,,,,,,,
60.895,SCAN_HIGH,3.7145,-1.0343,0.297,-52.91,-0.47,1.23,15.0,-0.0338,-0.0215,0.011,2.958,0.591,,,,,,,
60.95,SCAN_HIGH,3.7138,-1.0341,0.299,-52.81,-0.05,1.31,15.0,-0.0355,-0.0099,-0.0025,2.94,0.578,,,,,,,
61.003,SCAN_HIGH,3.7151,-1.0347,0.299,-52.72,0.06,1.68,15.0,-0.0359,-0.0016,0.0029,2.94,0.578,,,,,,,
61.016,SCAN_HIGH,3.713,-1.0333,0.294,-52.68,0.25,1.58,15.0,-0.0448,0.0116,-0.0071,,0.574,,,,,,,
61.114,SCAN_HIGH,3.7132,-1.0313,0.294,-52.44,0.5,1.37,15.0,-0.0487,0.0215,-0.0243,,0.574,,,,,,,
61.215,SCAN_HIGH,3.7122,-1.0276,0.291,-52.08,0.58,0.93,15.0,-0.0547,0.0313,-0.0229,2.946,0.57,,,,,,,
61.275,SCAN_HIGH,3.7106,-1.0237,0.29,-51.56,0.25,0.25,15.0,-0.0581,0.0377,-0.031,2.946,0.57,,,,,,,
61.335,SCAN_HIGH,3.7076,-1.0218,0.291,-50.81,-0.0,-0.04,15.0,-0.06,0.038,-0.0216,,0.551,,,,,,,
61.351,SCAN_HIGH,3.7051,-1.02,0.29,-50.05,0.03,-0.47,15.0,-0.058,0.0364,-0.0134,,0.551,,,,,,,
61.381,SCAN_HIGH,3.7037,-1.0181,0.289,-49.33,-0.09,-0.77,15.0,-0.0512,0.0325,-0.0091,,0.534,,,,,,,
61.413,SCAN_HIGH,3.7022,-1.0168,0.289,-48.61,-0.14,-0.71,15.0,-0.0441,0.0275,-0.0029,,0.534,,,,,,,
61.437,SCAN_HIGH,3.7019,-1.0168,0.289,-47.83,-0.04,-0.81,15.0,-0.035,0.0204,0.0019,,0.522,,,,,,,
61.53,SCAN_HIGH,3.7022,-1.0196,0.288,-47.0,-0.12,-0.87,15.0,-0.0249,0.0059,0.0053,,0.522,,,,,,,
61.547,SCAN_HIGH,3.7031,-1.0224,0.293,-45.97,-0.3,-0.57,15.0,-0.0147,-0.0053,0.0115,,0.505,,,,,,,
61.615,SCAN_HIGH,3.7051,-1.0242,0.292,-44.76,-0.07,-0.42,15.0,-0.0043,-0.0107,0.0211,,0.505,,,,,,,
61.658,SCAN_HIGH,3.7011,-1.0225,0.294,-43.55,-0.04,-0.19,15.0,-0.0113,-0.0062,0.016,,0.482,,,,,,,
61.673,SCAN_HIGH,3.7052,-1.0311,0.294,-42.38,-0.08,-0.31,15.0,0.0004,-0.0276,0.0197,,0.482,,,,,,,
61.737,SCAN_HIGH,3.7141,-1.0338,0.296,-41.14,-0.1,-0.13,15.0,0.0221,-0.0311,0.0182,,0.466,,,,,,,
61.822,SCAN_HIGH,3.7174,-1.0384,0.295,-39.96,0.17,0.66,15.0,0.0259,-0.038,0.023,,0.466,,1.362,,,,,
61.863,SCAN_HIGH,3.7198,-1.0423,0.299,-39.06,0.36,1.12,15.0,0.0215,-0.0399,0.0101,,0.453,,1.362,,,,,
61.87,SCAN_HIGH,3.7228,-1.0458,0.298,-38.57,0.4,1.46,15.0,0.0161,-0.0396,0.0157,,0.453,,1.357,,,,,
61.962,SCAN_HIGH,3.7236,-1.0495,0.299,-38.15,0.64,1.88,15.0,0.003,-0.0385,0.0013,,0.446,,1.357,,,,,
61.998,SCAN_HIGH,3.7216,-1.0517,0.299,-37.89,0.1,2.11,15.0,-0.0163,-0.0324,-0.0038,,0.446,,1.373,,,,,
62.046,SCAN_HIGH,3.7199,-1.057,0.298,-37.91,-0.62,2.03,15.0,-0.031,-0.0287,0.0028,,0.442,,1.373,,,,,
62.076,SCAN_HIGH,3.7166,-1.0593,0.3,-37.88,-1.38,2.16,15.0,-0.0436,-0.0133,0.0103,,0.442,,1.367,,,,,
62.135,SCAN_HIGH,3.715,-1.0594,0.299,-37.75,-2.04,1.88,15.0,-0.0473,0.0092,0.0238,,0.44,,1.367,,,,,
62.169,SCAN_HIGH,3.7113,-1.0582,0.3,-37.42,-1.92,1.35,15.0,-0.0509,0.033,0.0193,,0.44,,1.355,,,,,
62.246,SCAN_HIGH,3.7096,-1.0537,0.302,-36.88,-1.33,0.3,15.0,-0.0472,0.0542,0.0149,,0.43,,1.355,,,,,
62.296,SCAN_HIGH,3.7072,-1.0507,0.3,-36.19,-0.67,-0.55,15.0,-0.0414,0.061,0.0149,,0.43,,1.359,,,,,
62.34,SCAN_HIGH,3.7067,-1.0458,0.3,-35.28,-0.12,-0.65,15.0,-0.0321,0.0643,0.003,,0.421,,1.359,,,,,
62.384,SCAN_HIGH,3.7074,-1.0413,0.306,-34.47,0.16,-0.63,15.0,-0.0222,0.0636,-0.002,,0.421,,1.387,,,,,
62.418,SCAN_HIGH,3.7076,-1.0376,0.303,-33.96,0.43,-0.28,15.0,-0.0172,0.0602,0.0049,,0.415,,1.387,,,,,
62.471,SCAN_HIGH,3.7074,-1.0348,0.305,-33.58,0.43,-0.25,15.0,-0.0161,0.0562,-0.0057,,0.415,,1.397,,,,,
62.558,SCAN_HIGH,3.7084,-1.0317,0.301,-33.21,0.39,-0.08,15.0,-0.0122,0.0526,-0.0012,,0.409,,1.397,,,,,
62.568,SCAN_HIGH,3.7081,-1.0294,0.301,-32.9,0.09,0.24,15.0,-0.0133,0.0499,-0.0082,,0.409,,1.4,,,,,
62.65,SCAN_HIGH,3.7084,-1.0271,0.303,-32.53,0.07,0.61,15.0,-0.0145,0.0506,-0.0045,,0.407,,1.4,,,,,
62.687,SCAN_HIGH,3.7086,-1.0237,0.299,-32.03,-0.15,0.48,15.0,-0.0166,0.0556,0.009,,0.407,,1.407,,,,,
62.748,SCAN_HIGH,3.7097,-1.0197,0.301,-31.37,-0.01,0.26,15.0,-0.0141,0.0608,-0.0001,,0.402,,1.407,,,,,
62.786,SCAN_HIGH,3.7103,-1.0174,0.3,-30.57,0.44,-0.1,15.0,-0.0129,0.0585,0.003,,0.402,,1.429,,,,,
62.84,SCAN_HIGH,3.7115,-1.0134,0.304,-29.54,0.69,-0.29,15.0,-0.0095,0.0559,0.0019,,0.397,,1.429,,,,,
62.878,SCAN_HIGH,3.7114,-1.0106,0.306,-28.27,0.61,-0.43,15.0,-0.0088,0.0502,0.0098,,0.397,,1.479,,,,,
62.951,SCAN_HIGH,3.711,-1.0079,0.301,-26.98,0.28,-0.28,15.0,-0.008,0.0452,0.0207,,0.392,,1.479,,,,,
63.015,SCAN_HIGH,3.7124,-1.0071,0.307,-25.74,0.44,-0.49,15.0,-0.003,0.039,0.0114,,0.392,,1.566,,,,,
63.066,SCAN_HIGH,3.7138,-1.002,0.308,-24.6,1.0,-0.38,15.0,0.0014,0.0397,0.0116,,0.393,,1.566,,,,,
63.085,SCAN_HIGH,3.7164,-1.002,0.308,-23.68,1.23,-0.24,15.0,0.0059,0.027,0.0046,,0.393,,1.644,,,,,
63.156,SCAN_HIGH,3.7192,-1.0007,0.309,-22.85,1.36,-0.03,15.0,0.0084,0.0173,-0.0007,,0.398,,1.644,,,,,
63.217,SCAN_HIGH,3.7205,-1.0017,0.309,-22.07,1.6,0.2,15.0,0.0057,0.0032,-0.0003,,0.398,,1.693,,,,,
63.268,SCAN_HIGH,3.7224,-1.0017,0.309,-21.23,1.93,0.22,15.0,0.0022,-0.0086,-0.0111,,0.406,,1.693,,,,,
63.274,SCAN_HIGH,3.7217,-1.0027,0.308,-20.24,1.93,-0.12,15.0,-0.0058,-0.0245,-0.0178,,0.406,,,,,,,
63.366,SCAN_HIGH,3.7207,-1.0041,0.303,-19.23,1.73,0.04,15.0,-0.0121,-0.0395,-0.022,,0.419,,,,,,,
63.437,SCAN_HIGH,3.7224,-1.0102,0.304,-18.24,1.55,-0.14,15.0,-0.0112,-0.0598,-0.0306,,0.419,,1.875,,,,,
63.53,SCAN_HIGH,3.7203,-1.0154,0.303,-17.21,0.94,-0.22,15.0,-0.0161,-0.0757,-0.0324,,0.447,,1.875,,,,,
63.573,SCAN_HIGH,3.7198,-1.0198,0.301,-16.24,0.32,0.12,15.0,-0.016,-0.0821,-0.0308,,0.447,,2.156,,,,,
63.605,SCAN_HIGH,3.7186,-1.0275,0.299,-15.42,-0.14,0.68,15.0,-0.0198,-0.0899,-0.0172,,0.494,,2.156,,,,,
63.632,SCAN_HIGH,3.718,-1.0313,0.296,-14.79,-0.71,0.84,15.0,-0.0245,-0.0834,-0.0045,,0.494,,,,,,,
63.648,SCAN_HIGH,3.7168,-1.0338,0.3,-14.31,-0.96,0.93,15.0,-0.0298,-0.0714,0.001,,0.535,,,,,,,
63.735,SCAN_HIGH,3.7158,-1.0374,0.3,-13.95,-0.85,0.8,15.0,-0.034,-0.0621,0.0182,,0.535,,2.546,,,,,
63.755,SCAN_HIGH,3.7139,-1.0407,0.298,-13.51,-0.9,0.84,15.0,-0.0391,-0.0541,0.018,,0.564,,2.546,,,,,
63.77,SCAN_HIGH,3.7116,-1.0422,0.3,-12.92,-0.98,0.97,15.0,-0.0452,-0.0425,0.0128,,0.564,,2.552,,,,,
63.853,SCAN_HIGH,3.7091,-1.0451,0.303,-12.38,-1.03,1.12,15.0,-0.0519,-0.0344,0.0128,,0.598,,2.552,,,,,
63.88,SCAN_HIGH,3.7061,-1.0454,0.304,-11.84,-1.25,0.99,15.0,-0.0596,-0.0208,0.0133,,0.598,,2.595,,,,,
63.952,SCAN_HIGH,3.7041,-1.0452,0.304,-11.26,-0.93,0.73,15.0,-0.0626,-0.0082,0.0094,,0.638,,2.595,,,,,
63.993,SCAN_HIGH,3.7037,-1.0433,0.304,-10.76,-0.86,0.2,15.0,-0.0595,0.0038,0.0008,,0.638,,2.592,,,,,
64.024,SCAN_HIGH,3.7019,-1.0414,0.304,-10.32,-0.61,-0.5,15.0,-0.0548,0.0125,-0.0022,,0.687,,2.592,,,,,
64.096,SCAN_HIGH,3.6991,-1.0389,0.308,-9.88,-0.91,-0.59,15.0,-0.0492,0.0215,-0.0002,,0.687,,2.585,,,,,
64.181,SCAN_HIGH,3.7002,-1.0345,0.305,-9.3,-0.74,-0.81,15.0,-0.0349,0.034,0.0118,,0.724,,2.585,,,,,
64.218,SCAN_HIGH,3.7012,-1.0306,0.306,-8.57,-0.75,-0.87,15.0,-0.0209,0.0429,0.0022,,0.724,,2.602,,,,,
64.225,SCAN_HIGH,3.704,-1.0277,0.307,-7.57,-0.65,-0.6,15.0,-0.0053,0.0484,0.0028,,0.841,,2.602,,,,,
64.321,SCAN_HIGH,3.7065,-1.0225,0.306,-6.28,-0.16,-0.47,15.0,0.0056,0.0569,0.001,,0.841,,2.624,,,,,
64.449,SCAN_HIGH,3.7101,-1.0177,0.304,-4.72,0.08,-0.23,15.0,0.0161,0.0607,-0.0078,,1.01,,2.624,,,,,
64.501,SCAN_HIGH,3.7143,-1.0138,0.301,-3.14,0.22,-0.33,15.0,0.0256,0.0605,-0.0127,,1.01,,2.63,,,,,
64.555,SCAN_HIGH,3.7194,-1.0104,0.3,-1.83,0.17,-0.2,15.0,0.0374,0.0587,-0.0074,,1.108,,2.63,,,,,
64.611,SCAN_HIGH,3.7229,-1.0054,0.303,-0.74,0.64,0.03,15.0,0.0417,0.0605,-0.007,,1.108,,2.617,,,,,
64.651,SCAN_HIGH,3.727,-1.0022,0.302,0.22,0.45,0.54,15.0,0.0445,0.0555,0.0021,,1.129,,2.617,,,,,
64.668,SCAN_HIGH,3.7317,-1.0011,0.301,1.12,0.14,1.0,15.0,0.0441,0.0489,0.0075,,1.129,,2.613,,,,,
64.717,SCAN_HIGH,3.734,-0.9987,0.304,1.93,0.14,1.13,15.0,0.0353,0.0473,0.0079,,1.134,,2.613,,,,,
64.772,SCAN_HIGH,3.7369,-0.9959,0.305,2.56,0.24,1.24,15.0,0.0283,0.0461,0.0108,,1.134,,2.617,,,,,
64.786,SCAN_HIGH,3.7387,-0.9944,0.31,3.35,0.11,1.33,15.0,0.0192,0.0427,0.0223,,1.128,,2.617,,,,,
64.864,SCAN_HIGH,3.7429,-0.9916,0.306,4.29,0.56,1.23,15.0,0.0164,0.0413,0.0209,,1.128,,2.618,,,,,
64.894,SCAN_HIGH,3.7444,-0.9896,0.303,5.33,0.68,1.39,15.0,0.0082,0.0352,0.0086,,1.125,,2.618,,,,,
64.91,SCAN_HIGH,3.7455,-0.9889,0.307,6.46,0.82,1.54,15.0,-0.0015,0.026,0.005,,1.125,,2.609,,,,,
64.92,SCAN_HIGH,3.7465,-0.986,0.309,7.63,1.25,1.79,15.0,-0.011,0.0196,0.0054,,1.128,,2.609,,,,,
64.987,SCAN_HIGH,3.7487,-0.986,0.307,8.71,1.3,1.84,15.0,-0.0172,0.0062,0.002,,1.128,,2.614,,,,,
65.025,SCAN_HIGH,3.7475,-0.986,0.306,9.8,1.33,1.89,15.0,-0.0309,-0.0075,-0.0073,,1.143,,2.614,,,,,
65.086,SCAN_HIGH,3.7473,-0.9859,0.31,10.81,1.61,1.96,15.0,-0.0405,-0.02,-0.015,,1.143,,,,,,,
65.133,SCAN_HIGH,3.7477,-0.9908,0.307,11.52,1.53,2.02,15.0,-0.0474,-0.0423,-0.0128,,1.161,,,,,,,
65.167,SCAN_HIGH,3.7497,-0.9947,0.306,11.99,1.36,1.74,15.0,-0.0496,-0.0588,-0.0213,,1.161,,2.629,,,,,
65.236,SCAN_HIGH,3.7475,-1.0039,0.302,12.32,1.04,1.35,15.0,-0.0594,-0.0832,-0.0185,,1.174,,2.629,,,,,
65.299,SCAN_HIGH,3.7468,-1.0095,0.303,12.54,0.81,0.8,15.0,-0.0611,-0.0949,-0.0234,,1.174,,,,,,,
65.326,SCAN_HIGH,3.7461,-1.0143,0.307,12.69,0.15,0.7,15.0,-0.0602,-0.0997,-0.015,,1.167,,,,,,,
65.414,SCAN_HIGH,3.7459,-1.0224,0.306,12.86,-0.49,0.47,15.0,-0.059,-0.1048,-0.0035,,1.167,,,,,,,
65.443,SCAN_HIGH,3.7445,-1.027,0.301,13.24,-1.32,0.1,15.0,-0.059,-0.097,0.0061,,1.177,,,,,,,
65.51,SCAN_HIGH,3.7431,-1.0314,0.302,13.73,-1.67,0.32,15.0,-0.0596,-0.0842,-0.0032,,1.177,,2.628,,,,,
65.542,SCAN_HIGH,3.7415,-1.0355,0.301,14.23,-1.55,0.21,15.0,-0.0624,-0.0717,-0.003,,1.199,,2.628,,,,,
65.602,SCAN_HIGH,3.7375,-1.0393,0.299,14.87,-1.28,0.02,15.0,-0.0681,-0.0609,-0.0046,,1.199,,2.635,,,,,
65.621,SCAN_HIGH,3.7353,-1.0442,0.302,15.75,-1.36,0.13,15.0,-0.0683,-0.0549,-0.0114,,1.211,,2.635,,,,,
65.718,SCAN_HIGH,3.7315,-1.0482,0.303,16.71,-1.44,0.2,15.0,-0.0738,-0.0472,-0.0061,,1.211,,2.634,,,,,
65.73,SCAN_HIGH,3.7297,-1.0496,0.302,17.63,-1.49,-0.16,15.0,-0.0734,-0.0346,0.0028,,1.347,,2.634,,,,,
65.785,SCAN_HIGH,3.7254,-1.0505,0.303,18.46,-1.36,-0.24,15.0,-0.077,-0.0209,-0.0006,,1.347,,2.648,,,,,
65.863,SCAN_HIGH,3.7229,-1.049,0.302,19.14,-1.38,-0.27,15.0,-0.0752,-0.0051,-0.002,,1.563,,2.648,,,,,
65.867,SCAN_HIGH,3.7209,-1.047,0.299,19.78,-1.28,-0.3,15.0,-0.0734,0.0099,-0.0039,,1.563,,2.685,,,,,
65.958,SCAN_HIGH,3.7172,-1.0438,0.299,20.21,-1.16,-0.63,15.0,-0.073,0.0265,-0.0034,,1.623,,2.685,,,,,
65.986,SCAN_HIGH,3.7152,-1.0403,0.301,20.48,-1.14,-0.62,15.0,-0.0677,0.0419,0.0042,,1.623,,2.695,,,,,
66.033,SCAN_HIGH,3.7151,-1.035,0.299,20.67,-1.11,-0.88,15.0,-0.0581,0.0582,0.015,,1.635,,2.695,,,,,
66.068,SCAN_HIGH,3.7144,-1.0297,0.304,20.91,-0.92,-0.74,15.0,-0.0499,0.0729,0.0152,,1.635,,,,,,,
66.12,SCAN_HIGH,3.7157,-1.0213,0.306,21.38,-0.58,-0.39,15.0,-0.0388,0.0902,0.0199,,1.642,,,,,,,
66.2,SCAN_HIGH,3.7152,-1.0153,0.309,22.09,-0.17,0.13,15.0,-0.0355,0.0967,0.0172,,1.642,,2.708,,,,,
66.228,SCAN_HIGH,3.7155,-1.0048,0.304,22.96,0.37,0.48,15.0,-0.0329,0.1087,0.0152,,1.682,,2.708,,,,,
66.287,SCAN_HIGH,3.7153,-0.9984,0.306,23.96,1.31,0.82,15.0,-0.0315,0.1033,-0.0012,,1.682,,2.73,,,,,
66.316,SCAN_HIGH,3.715,-0.9926,0.306,24.88,1.96,1.22,15.0,-0.0305,0.0894,-0.0101,,1.732,,2.73,,,,,
66.372,SCAN_HIGH,3.7129,-0.9879,0.302,25.79,1.97,1.3,15.0,-0.0339,0.0712,-0.0158,,1.732,,2.746,,,,,
66.426,SCAN_HIGH,3.7118,-0.9842,0.308,26.76,1.73,1.13,15.0,-0.0349,0.0538,-0.0094,,1.749,,2.746,,,,,
66.487,SCAN_HIGH,3.7102,-0.9823,0.303,27.71,1.95,1.07,15.0,-0.0359,0.0349,-0.0039,,1.749,,,,,,,
66.531,SCAN_HIGH,3.7072,-0.9807,0.304,28.82,1.81,0.84,15.0,-0.0384,0.017,-0.012,,1.769,,,,,,,
66.57,SCAN_HIGH,3.7061,-0.9812,0.304,29.94,1.75,0.65,15.0,-0.0345,-0.0014,-0.0052,,1.769,,,,,,,
66.634,SCAN_HIGH,3.7046,-0.9821,0.305,31.06,1.85,0.5,15.0,-0.0309,-0.018,-0.0153,,1.768,,,,,,,
66.697,SCAN_HIGH,3.7005,-0.9798,0.303,32.12,1.66,0.23,15.0,-0.0314,-0.0252,-0.0094,,1.768,,,,,,,
66.72,SCAN_HIGH,3.7002,-0.9818,0.305,33.08,1.57,0.12,15.0,-0.023,-0.0384,-0.0132,,,,,,,,,
66.794,SCAN_HIGH,3.698,-0.982,0.302,33.99,1.11,-0.09,15.0,-0.0194,-0.0441,-0.0067,,,,,,,,,
66.826,SCAN_HIGH,3.7023,-0.9878,0.304,34.86,0.67,-0.12,15.0,-0.0025,-0.0559,-0.0027,,1.832,,,,,,,
66.877,SCAN_HIGH,3.7022,-0.9905,0.305,35.82,0.78,-0.12,15.0,0.0018,-0.0599,-0.0034,,1.832,,,,,,,
66.916,SCAN_HIGH,3.7024,-0.9946,0.302,36.82,0.75,-0.07,15.0,0.0065,-0.0669,-0.0034,,,0.571,,,,,,
67.005,SCAN_HIGH,3.7055,-0.9978,0.297,37.82,0.65,-0.03,15.0,0.0166,-0.0698,-0.0087,,,0.571,,,,,,
67.066,SCAN_HIGH,3.7069,-1.0027,0.301,38.87,0.44,-0.04,15.0,0.0213,-0.0767,-0.0131,2.894,,0.557,,,,,,
67.169,SCAN_HIGH,3.7096,-1.006,0.301,39.84,0.03,-0.1,15.0,0.0266,-0.0762,-0.0004,2.894,,0.557,,,,,,
67.202,SCAN_HIGH,3.709,-1.0085,0.304,40.62,-0.22,-0.08,15.0,0.0224,-0.0722,0.0035,,,0.543,,,,,,
67.239,SCAN_HIGH,3.7107,-1.013,0.305,41.24,-0.43,-0.11,15.0,0.0227,-0.0723,0.0085,,,0.543,,,,,,
67.287,SCAN_HIGH,3.7126,-1.0164,0.307,41.83,-0.64,-0.15,15.0,0.022,-0.0676,0.0159,,,0.533,,,,,,
67.343,SCAN_HIGH,3.7134,-1.0191,0.306,42.32,-0.5,-0.22,15.0,0.0196,-0.0612,0.0121,,,0.533,,,,,,
67.35,SCAN_HIGH,3.7136,-1.0221,0.305,42.79,-0.45,-0.06,15.0,0.0159,-0.0571,0.008,,,0.523,,,,,,
67.409,SCAN_HIGH,3.7149,-1.025,0.301,43.36,-0.62,0.11,15.0,0.0142,-0.0542,0.0008,,,0.523,,,,,,
67.449,SCAN_HIGH,3.715,-1.0264,0.304,44.1,-0.75,0.07,15.0,0.0085,-0.048,-0.0113,,,0.514,,,,,,
67.474,SCAN_HIGH,3.7145,-1.0291,0.302,44.93,-0.96,0.22,15.0,0.0014,-0.0445,-0.0033,,,0.514,,,,,,
67.541,SCAN_HIGH,3.7144,-1.0287,0.304,45.78,-1.09,0.19,15.0,-0.0064,-0.0344,-0.0107,,,0.494,,,,,,
67.565,SCAN_HIGH,3.713,-1.0281,0.304,46.58,-1.31,0.05,15.0,-0.0167,-0.0235,-0.0013,,,0.494,,,,,,
67.637,SCAN_HIGH,3.7074,-1.0276,0.303,47.39,-1.11,0.14,15.0,-0.0346,-0.0132,-0.008,,,0.472,,,,,,
67.678,SCAN_HIGH,3.7034,-1.0281,0.307,48.27,-0.81,-0.01,15.0,-0.0454,-0.0075,-0.0045,,,0.472,,,,,,
67.759,SCAN_HIGH,3.7007,-1.0229,0.308,49.11,-0.33,-0.07,15.0,-0.0499,0.0067,0.0043,,,0.457,,,,,,
67.799,SCAN_HIGH,3.6983,-1.0182,0.303,49.74,0.1,-0.03,15.0,-0.0504,0.0164,-0.0042,,,0.457,,,,,,
67.844,SCAN_HIGH,3.6947,-1.0128,0.307,50.25,0.17,-0.09,15.0,-0.0516,0.0253,-0.014,,1.373,0.437,,,,,,
67.903,SCAN_HIGH,3.6908,-1.0084,0.3,50.6,0.48,-0.14,15.0,-0.0518,0.0314,-0.0031,,1.373,0.437,,,,,,
67.953,SCAN_HIGH,3.6895,-1.0024,0.301,50.99,0.49,-0.01,15.0,-0.0453,0.0387,-0.0194,,1.375,0.429,,,,,,
68.034,SCAN_HIGH,3.6886,-0.9961,0.302,51.37,0.75,0.12,15.0,-0.0395,0.0445,-0.0139,,1.375,0.429,,,,,,
68.07,SCAN_HIGH,3.6871,-0.9919,0.302,51.72,1.13,0.18,15.0,-0.0328,0.0434,-0.0125,,1.387,0.423,,,,,,
68.12,SCAN_HIGH,3.687,-0.9872,0.303,52.04,1.03,0.72,15.0,-0.0243,0.041,-0.0122,,1.387,0.423,,,,,,
68.138,SCAN_HIGH,3.6873,-0.9841,0.304,52.36,1.2,1.23,15.0,-0.0187,0.0319,-0.011,,1.391,0.415,,,,,,
68.18,SCAN_HIGH,3.6877,-0.9803,0.302,52.68,1.51,1.21,15.0,-0.0137,0.0225,-0.0075,,1.391,0.415,,,,,,
68.218,SCAN_HIGH,3.687,-0.9766,0.299,53.14,1.81,1.21,15.0,-0.0085,0.0131,-0.0105,,1.404,0.414,,,,,,
68.283,SCAN_HIGH,3.6884,-0.9754,0.299,53.77,1.64,1.38,15.0,0.0008,-0.0012,-0.0196,,1.404,0.414,,,,,,
68.349,SCAN_HIGH,3.6901,-0.975,0.3,54.57,1.67,1.45,15.0,0.0088,-0.0172,-0.0143,,1.415,0.408,,,,,,
68.402,SCAN_HIGH,3.6922,-0.9757,0.299,55.4,1.54,1.36,15.0,0.0173,-0.0326,-0.0159,,1.415,0.408,,,,,,
68.419,SCAN_HIGH,3.6939,-0.9779,0.299,56.26,1.08,1.3,15.0,0.022,-0.0486,-0.0196,,1.428,0.402,,,,,,
68.487,SCAN_HIGH,3.6978,-0.9795,0.296,57.11,0.91,0.84,15.0,0.0303,-0.0574,-0.0178,,1.428,0.402,,,,,,
68.541,SCAN_HIGH,3.6999,-0.9822,0.296,58.08,0.91,0.56,15.0,0.0345,-0.0652,-0.0194,,1.435,0.396,,,,,,
68.61,SCAN_HIGH,3.7033,-0.9846,0.293,59.04,0.79,0.42,15.0,0.0429,-0.0693,-0.015,,1.435,0.396,,,,,,
68.64,SCAN_HIGH,3.7071,-0.9884,0.295,60.09,0.19,0.27,15.0,0.0493,-0.0742,-0.0164,,1.454,0.391,,,,,,
68.716,SCAN_HIGH,3.711,-0.9909,0.294,61.21,-0.35,0.04,15.0,0.0515,-0.0714,-0.0055,,1.454,0.391,,,,,,
68.766,SCAN_HIGH,3.7155,-0.9947,0.294,62.44,-0.7,0.04,15.0,0.0526,-0.0691,-0.0036,,1.525,0.384,,,,,,
68.851,SCAN_HIGH,3.7173,-0.995,0.295,63.79,-0.93,0.16,15.0,0.0445,-0.0596,0.0001,,1.525,0.384,,,,,,
68.931,SCAN_HIGH,3.721,-0.9963,0.296,65.11,-0.79,0.26,15.0,0.041,-0.0536,-0.0044,,1.637,0.383,,,,,,
68.97,SCAN_HIGH,3.7245,-0.9977,0.295,66.43,-0.71,0.4,15.0,0.0381,-0.0503,-0.0073,,1.637,0.383,,,,,,
68.99,SCAN_HIGH,3.7266,-0.9969,0.292,67.76,-0.62,0.64,15.0,0.0323,-0.0444,-0.0104,,1.75,0.38,,,,,,
69.028,SCAN_HIGH,3.7282,-0.9989,0.294,68.89,-0.73,0.79,15.0,0.0249,-0.0474,-0.0137,,1.75,0.38,,,,,,
69.07,SCAN_HIGH,3.7297,-0.9985,0.291,69.82,-0.91,0.75,15.0,0.0176,-0.0451,-0.0105,,1.849,0.386,,,,,,
69.114,SCAN_HIGH,3.7333,-0.9994,0.294,70.75,-1.07,0.92,15.0,0.0143,-0.046,-0.0138,,1.849,0.386,,,,,,
69.155,SCAN_HIGH,3.734,-0.9999,0.291,71.59,-0.94,0.68,15.0,0.0039,-0.0458,-0.0018,,2.039,0.387,,,,,,
69.175,SCAN_HIGH,3.7328,-1.0006,0.288,72.32,-0.81,0.66,15.0,-0.0076,-0.0457,-0.0055,,2.039,0.387,,,,,,
69.228,SCAN_HIGH,3.7316,-1.0,0.291,73.02,-0.56,0.33,15.0,-0.0169,-0.0422,-0.0045,,,0.394,,,,,,
69.267,SCAN_HIGH,3.73,-1.0,0.291,73.78,-0.15,0.02,15.0,-0.0223,-0.0386,0.0067,,,0.394,,,,,,
69.319,SCAN_HIGH,3.7269,-1.0008,0.295,74.5,-0.06,0.07,15.0,-0.0273,-0.0361,0.0053,,2.454,0.4,,,,,,
69.395,SCAN_HIGH,3.7249,-1.0007,0.292,75.23,-0.01,0.24,15.0,-0.0298,-0.0334,0.0134,,2.454,0.4,,,,,,
69.433,SCAN_HIGH,3.7224,-1.0011,0.294,75.93,0.06,0.09,15.0,-0.0324,-0.0321,0.0077,,2.549,0.409,,,,,,
69.487,SCAN_HIGH,3.7207,-1.0004,0.295,76.48,0.05,0.31,15.0,-0.032,-0.0286,0.0056,,2.549,0.409,,,,,,
69.536,SCAN_HIGH,3.7207,-0.9976,0.295,76.92,-0.22,0.51,15.0,-0.03,-0.0234,0.0097,,2.59,0.409,,,,,,
69.564,SCAN_HIGH,3.7208,-0.9958,0.295,77.2,-0.02,0.55,15.0,-0.0288,-0.0217,0.0083,,2.59,0.409,,,,,,
69.635,SCAN_HIGH,3.7188,-0.9927,0.296,77.38,-0.18,0.44,15.0,-0.0311,-0.0167,0.0018,,2.602,0.413,,,,,,
69.704,SCAN_HIGH,3.7186,-0.9888,0.296,77.5,-0.59,0.76,15.0,-0.032,-0.0114,-0.0009,,2.602,0.413,,,,,,
69.719,SCAN_HIGH,3.7168,-0.9888,0.298,77.59,-0.8,0.46,15.0,-0.0393,-0.0143,-0.0007,,2.612,0.407,,,,,,
69.803,SCAN_HIGH,3.7137,-0.9881,0.294,77.9,-0.62,0.28,15.0,-0.0483,-0.0128,0.0039,,2.612,0.407,,,,,,
69.847,SCAN_HIGH,3.7097,-0.9824,0.294,78.13,-0.18,-0.02,15.0,-0.0554,-0.0012,-0.0041,,2.627,0.403,,,,,,
69.917,SCAN_HIGH,3.705,-0.982,0.293,78.28,-0.32,-0.41,15.0,-0.061,0.0021,0.0086,,2.627,0.403,,,,,,
69.943,SCAN_HIGH,3.7024,-0.9796,0.293,78.54,-0.3,-0.5,15.0,-0.0619,0.0106,0.0033,,2.644,0.395,,,,,,
70.024,SCAN_HIGH,3.7,-0.9752,0.295,79.12,-0.09,-0.07,15.0,-0.0617,0.0214,0.0033,,2.644,0.395,,,,,,
70.049,SCAN_HIGH,3.6963,-0.9701,0.299,79.86,0.27,0.45,15.0,-0.0629,0.0284,0.0049,,2.657,0.399,,,,,,
70.069,SCAN_HIGH,3.6927,-0.9655,0.298,80.76,0.67,0.87,15.0,-0.0614,0.0293,0.0142,,2.657,0.399,,,,,,
70.167,SCAN_HIGH,3.6887,-0.9613,0.297,81.61,1.21,1.31,15.0,-0.0569,0.0255,0.0162,,2.679,0.406,,,,,,
70.175,SCAN_HIGH,3.6863,-0.9558,0.296,82.5,1.18,1.73,15.0,-0.0481,0.0215,0.0138,,2.679,0.406,,,,,,
70.214,SCAN_HIGH,3.6829,-0.9515,0.299,83.52,1.61,1.89,15.0,-0.0414,0.0125,0.0152,,2.658,0.44,,,,,,
70.283,SCAN_HIGH,3.6809,-0.9496,0.302,84.48,1.58,2.11,15.0,-0.0292,-0.0008,0.011,,2.658,0.44,,,,,,
70.354,SCAN_HIGH,3.6802,-0.9472,0.302,85.35,1.14,2.46,15.0,-0.0184,-0.0132,0.0104,,2.679,0.497,,,,,,
70.395,SCAN_HIGH,3.6792,-0.947,0.301,86.23,1.11,2.17,15.0,-0.0111,-0.0306,0.002,,2.679,0.497,,,,,,
70.476,SCAN_HIGH,3.6788,-0.9502,0.302,87.12,0.86,1.62,15.0,-0.003,-0.0508,-0.0072,,2.689,0.583,,,,,,
70.531,SCAN_HIGH,3.678,-0.9514,0.3,87.99,0.6,1.25,15.0,0.0007,-0.0593,-0.0111,,2.689,0.583,,,,,,
70.642,SCAN_HIGH,3.6791,-0.9551,0.299,88.8,0.69,0.59,15.0,0.008,-0.0687,-0.0181,,2.687,0.75,,,,,,
70.692,SCAN_HIGH,3.6773,-0.9569,0.299,89.66,0.54,0.1,15.0,0.008,-0.0684,-0.0208,,2.687,0.75,,,,,,
70.709,SCAN_HIGH,3.6787,-0.9594,0.297,90.45,0.66,-0.11,15.0,0.0151,-0.0655,-0.016,,2.677,0.951,,,,,,
70.798,SCAN_HIGH,3.6796,-0.9628,0.293,91.2,0.82,0.01,15.0,0.0216,-0.0653,-0.0016,,2.677,0.951,,,,,,
70.816,SCAN_HIGH,3.6818,-0.9643,0.294,91.76,0.67,0.41,15.0,0.0313,-0.0633,-0.0034,,2.66,1.006,,,,,,
70.828,SCAN_HIGH,3.6833,-0.9657,0.299,92.61,0.45,0.78,15.0,0.0362,-0.0639,0.0051,,2.66,1.006,,,,,,
70.87,SCAN_HIGH,3.686,-0.9677,0.301,93.63,0.35,1.08,-0.0,0.0419,-0.068,0.0159,,2.66,1.04,,,,,,
70.894,SCAN_HIGH,3.6873,-0.9697,0.299,94.88,0.24,0.96,-0.0,0.0432,-0.0731,0.0112,,2.66,1.04,,,,,,
70.914,SCAN_HIGH,3.6921,-0.9737,0.3,96.19,0.38,0.4,-0.0,0.0516,-0.0778,-0.0777,,2.655,1.045,,,,,,
70.973,SCAN_HIGH,3.6929,-0.9769,0.295,97.4,0.08,-0.23,-0.0,0.049,-0.0764,-0.1948,,2.655,1.045,,,,,,
71.034,SCAN_HIGH,3.6948,-0.9796,0.283,98.41,-0.15,-0.75,-0.0,0.0464,-0.0695,-0.2544,,2.637,1.058,,,,,,
71.092,SCAN_HIGH,3.691,-0.9768,0.27,99.38,-0.13,-1.03,-0.0,0.0298,-0.0471,-0.3122,,2.637,1.058,,,,,,
71.132,SCAN_HIGH,3.6903,-0.9721,0.248,100.19,-0.19,-1.19,-0.0,0.0222,-0.0217,-0.3402,,2.656,1.082,,,,,,
71.177,SCAN_HIGH,3.6809,-0.9695,0.237,100.86,-0.23,-1.14,-0.0,-0.0056,-0.0021,-0.3758,,2.656,1.082,,,,,,
71.237,SCAN_HIGH,3.6754,-0.9711,0.212,101.4,0.01,-0.58,-0.0,-0.0196,0.0027,-0.3645,,2.649,1.105,,,,,,
71.268,SCAN_HIGH,3.6635,-0.9794,0.196,101.68,0.04,0.08,-0.0,-0.0451,-0.0118,-0.3843,,2.649,1.105,,,,,,
71.313,SCAN_HIGH,3.6722,-0.9751,0.175,101.95,0.55,0.44,-0.0,-0.015,-0.0065,-0.3593,,,1.119,,,,,,
71.385,SCAN_HIGH,3.6768,-0.9842,0.167,102.16,0.73,0.66,-0.0,0.0053,-0.0337,-0.3622,,,1.119,,,,,,
71.417,SCAN_HIGH,3.6648,-0.9799,0.141,102.25,0.35,0.34,-0.0,-0.0231,-0.0155,-0.3165,,,,,,,,,
71.49,SCAN_HIGH,3.6618,-0.9825,0.127,102.43,0.28,0.43,-0.0,-0.0263,-0.0209,-0.3269,,,,,,,,,
71.513,SCAN_HIGH,3.6588,-0.9983,0.108,102.72,0.51,0.6,-0.0,-0.0257,-0.0675,-0.285,,,0.5,,,,,,
71.615,SCAN_LOW,3.6603,-0.999,0.091,103.02,1.06,0.3,-0.0,-0.0071,-0.0602,-0.2751,,,0.5,,,,,,
71.652,SCAN_LOW,3.66,-1.0005,0.078,103.24,1.11,-0.05,-0.0,0.0031,-0.0535,-0.2397,,0.222,0.464,,,,,,
71.678,SCAN_LOW,3.6613,-1.0022,0.07,103.41,1.09,-0.33,-0.0,0.0187,-0.0499,-0.1965,,0.222,0.464,,,,,,
71.729,SCAN_LOW,3.6678,-1.0029,0.059,103.48,1.23,-0.1,15.0,0.0635,-0.0512,-0.1507,,0.223,0.459,,,,,,
71.785,SCAN_LOW,3.6738,-1.0038,0.053,103.39,0.85,-0.04,15.0,0.0947,-0.0581,-0.1182,,0.223,0.459,,,,,,
71.897,SCAN_LOW,3.681,-1.0047,0.046,103.14,-0.16,-0.44,15.0,0.1204,-0.0646,-0.0818,,0.216,0.456,,,,,,
71.939,SCAN_LOW,3.6881,-1.0064,0.044,102.91,-0.9,-0.85,15.0,0.1314,-0.0754,-0.0579,,0.216,0.456,,,,,,
71.976,SCAN_LOW,3.6946,-1.0098,0.041,102.76,-1.38,-1.25,15.0,0.1247,-0.0735,-0.0266,,0.21,0.463,,,,,,
72.003,SCAN_LOW,3.7004,-1.0139,0.041,102.7,-2.17,-1.35,15.0,0.1032,-0.0664,-0.0278,,0.21,0.463,,,,,,
72.083,SCAN_LOW,3.7049,-1.0196,0.046,102.74,-2.9,-1.68,15.0,0.0656,-0.0614,-0.0095,,0.205,0.464,,,,,,
72.108,SCAN_LOW,3.7076,-1.0259,0.048,102.96,-2.62,-2.19,15.0,0.0205,-0.0518,0.0158,,0.205,0.464,,,,,,
72.152,SCAN_LOW,3.7079,-1.0302,0.046,103.25,-2.12,-2.44,15.0,-0.0243,-0.032,0.0155,,0.203,0.465,,,,,,
72.197,SCAN_LOW,3.7058,-1.0348,0.048,103.53,-1.92,-2.3,15.0,-0.0727,-0.0098,0.0134,,0.203,0.465,,,,,,
72.298,SCAN_LOW,3.7015,-1.0368,0.05,103.93,-1.56,-1.99,15.0,-0.1092,0.0113,0.0202,,0.202,0.462,,,,,,
72.324,SCAN_LOW,3.6956,-1.034,0.047,104.52,-0.89,-1.6,15.0,-0.1355,0.0351,0.0219,,0.202,0.462,,,,,,
72.378,SCAN_LOW,3.6889,-1.0289,0.054,105.12,-0.7,-1.21,15.0,-0.1527,0.0573,0.0106,,0.212,0.455,,,,,,
72.423,SCAN_LOW,3.681,-1.0224,0.054,105.71,-0.23,-0.55,15.0,-0.1629,0.0753,0.0291,,0.212,0.455,,,,,,
72.473,SCAN_LOW,3.672,-1.0173,0.053,106.04,0.14,0.19,15.0,-0.1794,0.0903,0.0147,,0.219,0.449,,,,,,
72.501,SCAN_LOW,3.6635,-1.0119,0.055,106.34,0.56,0.73,15.0,-0.1711,0.0896,0.0115,,0.219,0.449,,,,,,
72.561,SCAN_LOW,3.655,-1.0075,0.053,106.53,1.12,1.01,15.0,-0.1626,0.084,0.0183,,0.223,0.442,,,,,,
72.609,SCAN_LOW,3.6474,-1.0033,0.058,106.76,1.61,1.22,15.0,-0.1457,0.0737,0.0095,,0.223,0.442,,,,,,
72.622,SCAN_LOW,3.6409,-0.9997,0.06,106.92,2.15,1.43,15.0,-0.1205,0.0633,0.0239,,0.232,0.441,,,,,,
72.69,SCAN_LOW,3.6361,-0.9968,0.056,107.15,1.97,1.88,15.0,-0.0905,0.0504,0.0203,,0.232,0.441,,,,,,
72.751,SCAN_LOW,3.6329,-0.9947,0.062,107.62,2.07,2.27,15.0,-0.0603,0.0336,0.0014,,0.234,0.442,,,,,,
72.792,SCAN_LOW,3.6309,-0.9922,0.064,108.35,2.11,2.22,15.0,-0.034,0.0152,-0.0001,,0.234,0.442,,,,,,
72.854,SCAN_LOW,3.6313,-0.9902,0.058,109.09,1.97,1.78,15.0,-0.0025,-0.0064,0.0009,,0.232,0.44,,,,,,
72.909,SCAN_LOW,3.6331,-0.9906,0.059,109.97,1.9,1.15,15.0,0.0276,-0.0194,-0.0087,,0.232,0.44,,,,,,
72.915,SCAN_LOW,3.636,-0.9899,0.059,110.89,1.81,0.61,15.0,0.0505,-0.0294,0.003,,0.234,0.444,,,,,,
73.025,SCAN_LOW,3.6397,-0.9925,0.057,111.66,1.41,0.33,15.0,0.0724,-0.0283,0.0014,,0.234,0.444,,,,,,
73.102,SCAN_LOW,3.6443,-0.9948,0.059,112.62,0.75,0.08,15.0,0.0869,-0.0259,-0.0007,,0.234,0.442,,,,,,
73.164,SCAN_LOW,3.6486,-0.996,0.06,113.79,0.51,-0.19,15.0,0.0903,-0.0234,0.0038,,0.234,0.442,,,,,,
73.188,SCAN_LOW,3.653,-0.9972,0.057,115.05,0.12,-0.81,15.0,0.0904,-0.0162,0.0002,,0.238,0.456,,,,,,
73.201,SCAN_LOW,3.6557,-0.9977,0.058,116.32,-0.37,-1.06,15.0,0.0749,-0.0057,-0.0008,,0.238,0.456,,,,,,
73.251,SCAN_LOW,3.6579,-0.998,0.059,117.47,-0.68,-0.79,15.0,0.0585,0.0013,0.0062,,0.241,0.458,,,,,,
73.339,SCAN_LOW,3.6592,-0.9971,0.058,118.59,-0.88,-0.22,15.0,0.0417,0.0068,0.0016,,0.241,0.458,,,,,,
73.422,SCAN_LOW,3.6593,-0.9963,0.056,119.64,-0.83,0.21,15.0,0.0244,0.0053,0.0055,,0.243,0.466,,,,,,
73.504,SCAN_LOW,3.6587,-0.9971,0.059,120.61,-0.42,0.39,15.0,0.0115,-0.0035,0.0103,,0.243,0.466,,,,,,
73.527,SCAN_LOW,3.6577,-0.9983,0.059,121.51,-0.34,0.49,15.0,0.0023,-0.012,0.0092,0.6,0.245,0.473,,,,,,
73.543,SCAN_LOW,3.6566,-1.0008,0.063,122.36,-0.27,0.29,15.0,-0.0045,-0.0234,-0.0004,0.6,0.245,0.473,,,,,,
73.589,SCAN_LOW,3.6557,-1.0048,0.064,123.23,-0.07,0.2,15.0,-0.0076,-0.0349,0.0072,0.574,0.245,0.476,,,,,,
73.612,SCAN_LOW,3.654,-1.0079,0.062,124.18,0.27,-0.35,15.0,-0.0145,-0.0393,0.0098,0.574,0.245,0.476,,,,,,
73.624,SCAN_LOW,3.6528,-1.0106,0.06,125.07,0.7,-0.57,15.0,-0.016,-0.036,0.0053,0.55,0.25,0.483,,,,,,
73.694,SCAN_LOW,3.6514,-1.0122,0.06,125.87,0.87,-0.25,15.0,-0.0159,-0.0289,0.0038,0.55,0.25,0.483,,,,,,
73.724,SCAN_LOW,3.65,-1.0132,0.058,126.75,1.06,-0.16,15.0,-0.0135,-0.0208,-0.0046,0.531,0.249,0.489,,,,,,
73.779,SCAN_LOW,3.6494,-1.0135,0.06,127.63,1.16,0.25,15.0,-0.0058,-0.0122,-0.0197,0.531,0.249,0.489,,,,,,
73.817,SCAN_LOW,3.6494,-1.0134,0.06,128.46,1.07,0.25,15.0,0.004,-0.0056,-0.0028,0.516,0.244,0.5,,,,,,
73.908,SCAN_LOW,3.6506,-1.0136,0.058,129.25,1.37,0.13,15.0,0.0175,-0.0016,-0.0083,0.516,0.244,0.5,,,,,,
73.923,SCAN_LOW,3.6524,-1.0128,0.06,129.88,1.59,0.07,15.0,0.0315,0.0087,-0.0041,0.505,0.248,0.512,,,,,,
73.991,SCAN_LOW,3.6542,-1.0115,0.061,130.17,1.68,-0.18,15.0,0.0431,0.0244,0.0184,0.505,0.248,0.512,,,,,,
74.042,SCAN_LOW,3.6573,-1.0094,0.061,130.43,1.33,0.17,15.0,0.0567,0.0361,0.012,0.5,0.249,0.516,,,,,,
74.096,SCAN_LOW,3.6611,-1.0066,0.063,130.95,0.96,0.13,15.0,0.0679,0.0452,0.0021,0.5,0.249,0.516,,,,,,
74.139,SCAN_LOW,3.6652,-1.0038,0.063,131.65,0.77,0.02,15.0,0.0767,0.0517,0.0022,0.498,0.256,0.526,,,,,,
74.192,SCAN_LOW,3.67,-1.0003,0.06,132.45,0.29,-0.09,15.0,0.0837,0.0584,0.0101,0.498,0.256,0.526,,,,,,
74.247,SCAN_LOW,3.6738,-0.9976,0.06,133.34,-0.12,0.25,15.0,0.0832,0.0578,0.0114,0.495,0.276,0.547,,,,,,
74.28,SCAN_LOW,3.6768,-0.9945,0.066,134.15,-0.81,0.02,15.0,0.0758,0.0561,0.0079,0.495,0.276,0.547,,,,,,
74.317,SCAN_LOW,3.6796,-0.9915,0.059,135.07,-1.22,-0.36,15.0,0.0626,0.05,0.0122,0.484,,0.563,,,,,,
74.368,SCAN_LOW,3.6813,-0.9885,0.065,136.09,-1.3,-0.19,15.0,0.0469,0.0442,-0.0017,0.484,,0.563,,,,,,
74.437,SCAN_LOW,3.6826,-0.9853,0.062,137.14,-1.27,-0.49,15.0,0.0316,0.0395,0.0158,0.471,,0.587,,,,,,
74.468,SCAN_LOW,3.6826,-0.9814,0.065,138.27,-1.51,-0.46,15.0,0.0122,0.0358,0.0075,0.471,,0.587,,,,,,
74.535,SCAN_LOW,3.6811,-0.9787,0.063,139.31,-1.85,-0.42,15.0,-0.0108,0.0254,0.0169,0.447,,0.609,,,,,,
74.6,SCAN_LOW,3.6792,-0.9776,0.061,140.25,-1.68,-0.39,15.0,-0.0297,0.0135,0.0094,0.447,,0.609,,,,,,
74.631,SCAN_LOW,3.6756,-0.9778,0.065,141.01,-1.49,0.08,15.0,-0.0489,-0.0017,0.0024,0.436,,0.625,,,,,,
74.738,SCAN_LOW,3.6717,-0.9783,0.069,141.49,-1.4,0.62,15.0,-0.0614,-0.0179,0.0098,0.436,,0.625,,,,,,
74.831,SCAN_LOW,3.667,-0.9814,0.065,141.83,-0.82,0.82,15.0,-0.069,-0.0374,0.0063,0.417,,0.641,,,,,,
74.904,SCAN_LOW,3.663,-0.9843,0.069,142.26,-0.56,1.08,15.0,-0.0691,-0.0512,-0.0144,0.417,,0.641,,,,,,
74.925,SCAN_LOW,3.6593,-0.9875,0.065,142.75,-0.25,1.1,15.0,-0.0651,-0.062,-0.0071,0.405,,0.649,,,,,,
74.973,SCAN_LOW,3.6557,-0.9907,0.069,143.35,-0.15,1.06,15.0,-0.0604,-0.071,-0.0172,0.405,,0.649,,,,,,
75.027,SCAN_LOW,3.6531,-0.995,0.065,143.91,0.25,1.05,15.0,-0.0509,-0.0771,-0.0037,0.395,,0.669,,,,,,
75.087,SCAN_LOW,3.6512,-0.9991,0.064,144.44,0.4,0.98,15.0,-0.0396,-0.0776,-0.0163,0.395,,0.669,,,,,,
75.112,SCAN_LOW,3.6495,-1.0033,0.067,145.09,0.63,0.62,15.0,-0.0312,-0.082,-0.0131,0.387,,0.69,,,,,,
75.202,SCAN_LOW,3.6493,-1.0075,0.063,145.68,1.09,0.2,15.0,-0.0175,-0.075,-0.0024,0.387,,0.69,,,,,,
75.223,SCAN_LOW,3.6496,-1.0109,0.064,146.32,1.29,-0.01,15.0,-0.0053,-0.0649,0.0011,0.381,,0.714,,,,,,
75.23,SCAN_LOW,3.6497,-1.0139,0.066,147.25,1.26,-0.06,15.0,0.0023,-0.0479,0.0123,0.381,,0.714,,,,,,
75.237,SCAN_LOW,3.6506,-1.0149,0.07,148.07,0.85,0.11,15.0,0.0107,-0.0325,0.0066,0.374,,0.726,,,,,,
75.307,SCAN_LOW,3.6519,-1.0151,0.065,148.93,1.13,-0.1,15.0,0.0181,-0.0176,0.0117,0.374,,0.726,,,,,,
75.388,SCAN_LOW,3.6532,-1.0148,0.065,149.68,1.42,-0.04,15.0,0.025,-0.0015,0.0005,0.366,,0.694,,,,,,
75.443,SCAN_LOW,3.6546,-1.0135,0.066,150.17,1.15,0.04,15.0,0.0315,0.0176,-0.0013,0.366,,0.694,,,,,,
75.508,SCAN_LOW,3.6565,-1.0114,0.067,150.68,0.78,-0.0,15.0,0.0367,0.0316,-0.0079,0.364,,,,,,,,
75.514,SCAN_LOW,3.6576,-1.0094,0.067,151.43,0.73,-0.48,15.0,0.0359,0.045,0.008,0.364,,,,,,,,
75.581,SCAN_LOW,3.6587,-1.0072,0.066,152.29,0.11,-0.2,15.0,0.0322,0.0521,0.0139,0.364,,0.401,,,,,,
75.652,SCAN_LOW,3.659,-1.0045,0.068,153.31,-0.16,-0.3,15.0,0.0252,0.0576,0.008,0.364,,0.401,,,,,,
75.731,SCAN_LOW,3.6587,-1.0029,0.07,154.59,-0.29,-0.04,15.0,0.0163,0.0547,0.0231,0.361,,0.326,,,,,,
75.779,SCAN_LOW,3.6581,-1.0001,0.072,155.91,-0.44,-0.09,15.0,0.0091,0.0542,0.0314,0.361,,0.326,,,,,,
75.795,SCAN_LOW,3.6579,-0.998,0.073,157.06,-0.85,-0.34,15.0,0.0024,0.0485,0.0208,0.356,,0.281,,,,,,
75.903,SCAN_LOW,3.6553,-0.997,0.072,157.9,-0.98,0.03,15.0,-0.0144,0.0373,0.0078,0.356,,0.281,,,,,,
75.919,SCAN_LOW,3.6524,-0.9956,0.069,158.63,-0.77,0.22,15.0,-0.0261,0.0273,-0.0042,0.358,,0.275,,,,,,
75.992,SCAN_LOW,3.6488,-0.9956,0.07,159.23,-0.77,0.31,15.0,-0.0385,0.0123,-0.0135,0.358,,0.275,,,,,,
76.057,SCAN_LOW,3.6456,-0.9957,0.072,159.84,-0.55,0.32,15.0,-0.0455,0.0003,-0.0101,0.366,,0.264,,,,,,
76.105,SCAN_LOW,3.6425,-0.997,0.071,160.39,-0.08,0.58,15.0,-0.0482,-0.0106,0.0009,0.366,,0.264,,,,,,
76.131,SCAN_LOW,3.6389,-0.9986,0.07,160.92,-0.04,0.66,15.0,-0.0502,-0.0207,0.0053,0.366,,0.256,,,,,,
76.159,SCAN_LOW,3.6371,-1.0004,0.07,161.24,0.31,0.82,15.0,-0.0431,-0.0259,0.0078,0.366,,0.256,,,,,,
76.237,SCAN_LOW,3.6342,-1.0022,0.069,161.62,0.72,1.3,15.0,-0.0367,-0.0287,0.0052,0.382,,0.257,,,,,,
76.27,SCAN_LOW,3.6327,-1.004,0.07,161.93,1.2,1.17,15.0,-0.0236,-0.0272,0.0049,0.382,,0.257,,,,,,
76.279,SCAN_LOW,3.6315,-1.0054,0.07,162.31,1.09,1.3,15.0,-0.0114,-0.022,-0.0009,0.391,,0.252,,,,,,
76.29,SCAN_LOW,3.6319,-1.0061,0.075,162.78,1.33,1.36,15.0,0.0065,-0.0132,-0.0004,0.391,,0.252,,,,,,
76.356,SCAN_LOW,3.6335,-1.0063,0.072,163.15,1.59,1.12,15.0,0.0254,-0.0012,0.005,0.405,,0.245,,,,,,
76.412,SCAN_LOW,3.6361,-1.0054,0.071,163.54,1.28,1.11,15.0,0.0438,0.0176,-0.0034,0.405,,0.245,,,,,,
76.456,SCAN_LOW,3.6392,-1.0039,0.071,163.99,0.79,0.84,15.0,0.0578,0.0267,-0.0034,0.406,,0.242,,,,,,
76.524,SCAN_LOW,3.6428,-1.0017,0.073,164.32,0.5,0.69,15.0,0.0692,0.0383,-0.0078,0.406,,0.242,,,,,,
76.567,SCAN_LOW,3.6462,-0.9998,0.072,164.65,0.34,0.48,15.0,0.0743,0.0408,-0.0001,0.418,,0.243,,,,,,
76.572,SCAN_LOW,3.6497,-0.9978,0.071,165.17,-0.13,0.42,15.0,0.0767,0.0405,0.0047,0.418,,0.243,,,,,,
76.646,SCAN_LOW,3.6533,-0.9959,0.073,165.89,-0.21,-0.18,15.0,0.0753,0.038,-0.0116,0.426,,0.243,,,,,,
76.711,SCAN_LOW,3.6558,-0.9942,0.075,166.76,-0.51,-0.31,15.0,0.0663,0.0337,-0.0093,0.426,,0.243,,,,,,
76.833,SCAN_LOW,3.6592,-0.9935,0.071,167.72,-0.21,-0.6,15.0,0.0616,0.0279,-0.0103,0.452,,0.243,,,,,,
76.874,SCAN_LOW,3.6614,-0.9925,0.071,168.71,-0.25,-0.18,15.0,0.0541,0.0252,-0.0121,0.452,,0.243,,,,,,
76.889,SCAN_LOW,3.6632,-0.9926,0.069,169.77,-0.54,-0.23,15.0,0.0482,0.0168,-0.0043,0.493,,0.237,,,,,,
76.931,SCAN_LOW,3.6643,-0.9929,0.068,170.78,-0.65,-0.2,15.0,0.0392,0.0073,-0.0024,0.493,,0.237,,,,,,
76.956,SCAN_LOW,3.6648,-0.9952,0.066,171.75,-0.95,-0.36,15.0,0.0291,-0.009,0.0016,0.558,,0.237,,,,,,
77.017,SCAN_LOW,3.6651,-0.9981,0.071,172.81,-0.43,-0.93,15.0,0.0176,-0.0231,-0.0032,0.558,,0.237,,,,,,
77.035,SCAN_LOW,3.6639,-1.0014,0.07,173.95,0.08,-0.73,15.0,0.0004,-0.0313,0.0084,0.67,,0.233,,,,,,
77.096,SCAN_LOW,3.6623,-1.0041,0.067,175.1,0.35,-0.22,15.0,-0.01,-0.033,0.0186,0.67,,0.233,,,,,,
77.143,SCAN_LOW,3.6605,-1.0062,0.07,176.25,0.35,-0.3,15.0,-0.0176,-0.0323,0.0077,,,0.232,,,,,,
77.176,SCAN_LOW,3.6579,-1.0078,0.074,177.28,0.63,-0.27,15.0,-0.0285,-0.0283,0.0107,,,0.232,,,,,,
77.245,SCAN_LOW,3.6555,-1.008,0.073,178.16,0.8,-0.43,15.0,-0.0358,-0.0183,0.0096,,,0.232,,,,,,
77.297,SCAN_LOW,3.653,-1.0086,0.075,178.96,1.05,0.02,15.0,-0.0412,-0.009,-0.0036,,,0.232,,,,,,
77.386,SCAN_LOW,3.6493,-1.0084,0.077,179.68,0.77,0.5,15.0,-0.046,0.0019,0.0117,0.495,,0.226,,,,,,
77.407,SCAN_LOW,3.6468,-1.008,0.076,-179.56,0.91,0.85,15.0,-0.042,0.0109,0.0128,0.495,,0.226,,,,,,
77.452,SCAN_LOW,3.6453,-1.0062,0.075,-178.69,0.56,1.26,15.0,-0.03,0.0224,0.0064,0.473,,0.227,,,,,,
77.514,SCAN_LOW,3.6446,-1.0043,0.077,-177.89,0.41,1.08,15.0,-0.0169,0.0301,0.0134,0.473,,0.227,,,,,,
77.558,SCAN_LOW,3.6447,-1.0022,0.073,-177.26,0.24,0.77,15.0,-0.0057,0.0344,0.0084,0.462,,0.228,,,,,,
77.603,SCAN_LOW,3.645,-1.0,0.076,-176.77,0.44,1.2,15.0,0.0052,0.0416,0.0053,0.462,,0.228,,,,,,
77.649,SCAN_LOW,3.646,-0.9973,0.074,-176.46,0.11,1.42,15.0,0.0193,0.0502,0.0079,0.462,,0.236,,,,,,
77.731,SCAN_LOW,3.6478,-0.9947,0.078,-176.1,-0.17,1.45,15.0,0.0355,0.0496,-0.0131,0.462,,0.236,,,,,,
77.747,SCAN_LOW,3.6508,-0.992,0.075,-175.96,-0.51,0.75,15.0,0.0503,0.0503,-0.003,0.462,,0.238,,,,,,
77.795,SCAN_LOW,3.6537,-0.9896,0.08,-175.86,-0.72,0.64,15.0,0.058,0.0432,0.0,0.462,,0.238,,,,,,
77.824,SCAN_LOW,3.6581,-0.9879,0.076,-175.71,-0.7,0.51,15.0,0.0702,0.0385,0.009,0.47,,0.24,,,,,,
77.873,SCAN_LOW,3.6628,-0.9866,0.074,-175.29,-1.04,0.43,15.0,0.0812,0.0324,-0.0022,0.47,,0.24,,,,,,
77.933,SCAN_LOW,3.6666,-0.9853,0.073,-174.48,-1.13,-0.08,15.0,0.0817,0.0211,-0.007,0.466,,0.235,,,,,,
77.98,SCAN_LOW,3.6708,-0.9848,0.076,-173.57,-1.35,-0.4,15.0,0.0818,0.0085,-0.0059,0.466,,0.235,,,,,,
78.055,SCAN_LOW,3.6747,-0.9848,0.077,-172.53,-0.98,-1.02,15.0,0.0751,-0.0059,0.0044,0.458,,0.241,,,,,,
78.09,SCAN_LOW,3.6776,-0.986,0.078,-171.29,-0.6,-1.21,15.0,0.0622,-0.0198,0.0019,0.458,,0.241,,,,,,
78.175,SCAN_LOW,3.6796,-0.9876,0.08,-169.92,-0.39,-1.2,15.0,0.0472,-0.031,0.0058,0.45,,0.239,,,,,,
78.192,SCAN_LOW,3.681,-0.9918,0.081,-168.61,-0.33,-1.17,15.0,0.0339,-0.0449,0.0033,0.45,,0.239,,,,,,
78.241,SCAN_LOW,3.6815,-0.9946,0.08,-167.4,0.17,-1.12,15.0,0.0185,-0.0506,0.0035,0.449,,0.235,,,,,,
78.27,SCAN_LOW,3.6812,-0.9983,0.079,-166.32,0.44,-0.99,15.0,0.0047,-0.0542,0.001,0.449,,0.235,,,,,,
78.316,SCAN_LOW,3.6801,-1.0009,0.078,-165.37,0.86,-0.98,15.0,-0.0111,-0.0515,-0.0097,0.45,,0.237,,,,,,
78.391,SCAN_LOW,3.6785,-1.0038,0.078,-164.59,1.09,-0.59,15.0,-0.0244,-0.046,-0.0162,0.45,,0.237,,,,,,
78.42,SCAN_LOW,3.6764,-1.0066,0.077,-163.84,1.25,0.0,15.0,-0.0329,-0.0378,-0.0169,0.45,,0.23,,,,,,
78.508,SCAN_LOW,3.6739,-1.0079,0.074,-163.16,1.31,0.39,15.0,-0.038,-0.0242,-0.0108,0.45,,0.23,,,,,,
78.523,SCAN_LOW,3.672,-1.0082,0.071,-162.33,1.36,0.69,15.0,-0.0376,-0.0096,-0.0116,0.454,,0.226,,,,,,
78.64,SCAN_LOW,3.6703,-1.0075,0.074,-161.3,1.32,0.73,15.0,-0.0344,0.0078,-0.0133,0.454,,0.226,,,,,,
78.689,SCAN_LOW,3.6685,-1.0057,0.071,-160.23,0.92,0.5,15.0,-0.0333,0.0242,0.0054,0.454,,0.227,,,,,,
78.755,SCAN_LOW,3.6677,-1.0022,0.076,-159.2,0.53,0.23,15.0,-0.03,0.037,0.009,0.454,,0.227,,,,,,
78.763,SCAN_LOW,3.6662,-0.9995,0.076,-158.36,-0.14,0.06,15.0,-0.029,0.0415,0.0116,0.456,,0.228,,,,,,
78.791,SCAN_LOW,3.665,-0.9974,0.076,-157.56,-0.02,-0.03,15.0,-0.0283,0.0398,0.0172,0.456,,0.228,,,,,,
78.848,SCAN_LOW,3.6644,-0.9946,0.078,-156.84,-0.01,-0.05,15.0,-0.025,0.0428,0.0074,0.46,,0.239,,,,,,
78.875,SCAN_LOW,3.6629,-0.992,0.078,-156.16,0.19,-0.14,15.0,-0.0274,0.0456,0.0005,0.46,,0.239,,,,,,
78.943,SCAN_LOW,3.662,-0.9898,0.078,-155.44,0.54,-0.22,15.0,-0.028,0.0473,0.0054,0.462,,0.246,,,,,,
78.996,SCAN_LOW,3.661,-0.9874,0.081,-154.9,0.36,-0.06,15.0,-0.0285,0.0498,-0.0013,0.462,,0.246,,,,,,
79.018,SCAN_LOW,3.6596,-0.9846,0.077,-154.57,0.22,0.29,15.0,-0.0286,0.0534,0.0044,0.464,,0.248,,,,,,
79.084,SCAN_LOW,3.658,-0.9826,0.08,-154.45,-0.29,0.39,15.0,-0.0267,0.0509,-0.0081,0.464,,0.248,,,,,,
79.173,SCAN_LOW,3.6566,-0.9803,0.073,-154.36,-0.9,0.34,15.0,-0.0225,0.0457,-0.0027,0.462,,0.25,,,,,,
79.223,SCAN_LOW,3.6554,-0.9786,0.08,-154.11,-0.97,0.02,15.0,-0.0186,0.0347,-0.0052,0.462,,0.25,,,,,,
79.263,SCAN_LOW,3.6546,-0.9776,0.075,-153.73,-0.6,0.01,15.0,-0.0155,0.0236,0.0124,0.466,,0.255,,,,,,
79.306,SCAN_LOW,3.6533,-0.9764,0.076,-153.35,-0.74,0.25,15.0,-0.0147,0.0182,-0.0044,0.466,,0.255,,,,,,
79.354,SCAN_LOW,3.6523,-0.9756,0.08,-152.87,-0.63,0.35,15.0,-0.0113,0.0117,-0.0072,0.463,,0.257,,,,,,
79.414,SCAN_LOW,3.6518,-0.975,0.078,-152.33,-0.82,0.15,15.0,-0.0066,0.0081,0.0047,0.463,,0.257,,,,,,
79.44,SCAN_LOW,3.6516,-0.975,0.076,-151.6,-0.83,-0.34,15.0,-0.0034,-0.0003,-0.0033,0.468,,0.256,,,,,,
79.488,SCAN_LOW,3.6516,-0.9753,0.074,-150.74,-0.95,-0.45,15.0,-0.0026,-0.0098,-0.0112,0.468,,0.256,,,,,,
79.554,SCAN_LOW,3.6507,-0.9756,0.079,-149.78,-1.41,-0.38,15.0,-0.0044,-0.0232,-0.0065,0.472,,0.26,,,,,,
79.61,SCAN_LOW,3.6506,-0.9771,0.08,-148.77,-1.42,-0.07,15.0,0.0015,-0.034,0.0001,0.472,,0.26,,,,,,
79.704,SCAN_LOW,3.6495,-0.9795,0.077,-147.64,-1.12,0.01,15.0,0.0007,-0.0547,0.0019,0.475,,0.257,,,,,,
79.766,SCAN_LOW,3.6499,-0.983,0.077,-146.66,-0.8,0.18,15.0,0.0072,-0.0634,0.0007,0.475,,0.257,,,,,,
79.798,SCAN_LOW,3.6504,-0.9865,0.08,-145.73,-0.79,0.37,15.0,0.0135,-0.0695,0.0069,0.488,,0.257,,,,,,
79.841,SCAN_LOW,3.6509,-0.9906,0.081,-144.78,-0.2,0.2,15.0,0.016,-0.077,0.0114,0.488,,0.257,0.572,,,,,
79.896,SCAN_LOW,3.6518,-0.9949,0.081,-143.94,0.4,0.38,15.0,0.0172,-0.0769,0.0114,0.495,,0.256,0.572,,,,,
79.938,SCAN_LOW,3.6524,-0.9988,0.082,-143.21,0.26,0.66,15.0,0.0179,-0.0721,0.0168,0.495,,0.256,0.546,,,,,
79.953,SCAN_LOW,3.6527,-1.0024,0.08,-142.5,0.27,0.86,15.0,0.0189,-0.0671,0.0115,0.501,,0.252,0.546,,,,,
80.004,SCAN_LOW,3.6536,-1.006,0.08,-141.69,0.33,0.86,15.0,0.023,-0.0625,0.0039,0.501,,0.252,0.538,,,,,
80.06,SCAN_LOW,3.6542,-1.0089,0.083,-140.83,0.74,0.84,15.0,0.0228,-0.0527,0.0037,0.513,,0.249,0.538,,,,,
80.075,SCAN_LOW,3.6545,-1.0123,0.082,-139.94,1.09,0.87,15.0,0.0189,-0.0433,0.0022,0.513,,0.249,0.52,,,,,
80.134,SCAN_LOW,3.6542,-1.0153,0.084,-139.03,0.96,1.11,15.0,0.0147,-0.031,0.0014,0.527,,0.248,0.52,,,,,
80.168,SCAN_LOW,3.6549,-1.0167,0.081,-138.22,0.72,0.65,15.0,0.0151,-0.0215,-0.0013,0.527,,0.248,0.503,,,,,
80.237,SCAN_LOW,3.6553,-1.0181,0.082,-137.44,0.64,0.58,15.0,0.0135,-0.0142,-0.006,0.54,,0.247,0.503,,,,,
80.275,SCAN_LOW,3.6552,-1.0193,0.081,-136.59,0.12,0.69,15.0,0.0118,-0.0076,0.0011,0.54,,0.247,0.49,,,,,
80.342,SCAN_LOW,3.6552,-1.0195,0.08,-135.74,0.09,0.63,15.0,0.0132,-0.001,-0.0016,0.555,,0.248,0.49,,,,,
80.376,SCAN_LOW,3.6558,-1.0194,0.079,-134.84,-0.14,0.66,15.0,0.0166,0.0032,-0.0056,0.555,,0.248,0.47,,,,,
80.466,SCAN_LOW,3.6569,-1.0209,0.079,-133.87,-0.1,1.13,15.0,0.0234,-0.0,-0.0083,0.574,,0.263,0.47,,,,,
80.487,SCAN_LOW,3.659,-1.0213,0.082,-132.88,0.09,1.25,15.0,0.0344,0.0024,-0.0113,0.574,,0.263,0.457,,,,,
80.6,SCAN_LOW,3.661,-1.0215,0.082,-131.93,0.41,1.01,15.0,0.0397,0.0076,-0.0106,0.603,,,0.457,,,,,
80.661,SCAN_LOW,3.664,-1.0213,0.08,-131.15,0.46,0.48,15.0,0.0456,0.0092,-0.0156,0.603,,,0.45,,,,,
80.673,SCAN_LOW,3.6664,-1.0218,0.079,-130.53,1.07,0.71,15.0,0.0412,0.0113,-0.0108,0.622,,,0.45,,,,,
80.766,SCAN_LOW,3.6674,-1.0223,0.079,-130.33,1.27,0.85,15.0,0.0347,0.0192,-0.009,0.622,,,0.44,,,,,
80.792,SCAN_LOW,3.6685,-1.0219,0.078,-130.05,1.44,0.45,15.0,0.0275,0.0285,-0.0139,0.635,,,0.44,,,,,
80.921,SCAN_LOW,3.6705,-1.0195,0.077,-129.51,1.68,0.2,15.0,0.0224,0.0404,-0.0088,0.635,,,0.44,,,,,
80.957,SCAN_LOW,3.6709,-1.0184,0.077,-128.95,1.24,0.06,15.0,0.011,0.0471,-0.0078,0.646,,,0.44,,,,,
80.986,SCAN_LOW,3.6705,-1.0168,0.079,-128.38,0.82,0.14,15.0,0.0012,0.0522,-0.007,0.646,,,0.432,,,,,
81.06,SCAN_LOW,3.6706,-1.0153,0.077,-127.8,0.52,0.17,15.0,-0.0018,0.0526,-0.0008,0.663,,,0.432,,,,,
81.087,SCAN_LOW,3.6698,-1.0136,0.078,-127.27,0.65,0.31,15.0,-0.0071,0.0545,-0.0104,0.663,,,0.424,,,,,
81.152,SCAN_LOW,3.6695,-1.0109,0.076,-126.6,0.17,0.46,15.0,-0.008,0.0588,-0.0016,0.681,,,0.424,,,,,
81.212,SCAN_LOW,3.669,-1.0085,0.078,-125.9,0.18,0.75,15.0,-0.0067,0.0615,-0.0033,0.681,,,0.419,,,,,
81.275,SCAN_LOW,3.6689,-1.0059,0.078,-125.07,0.09,0.06,15.0,-0.0038,0.0627,-0.0063,0.696,,,0.419,,,,,
81.284,SCAN_LOW,3.6695,-1.0038,0.077,-124.21,0.04,-0.31,15.0,-0.0011,0.0584,-0.0123,0.696,,,0.411,,,,,
81.291,SCAN_LOW,3.6695,-1.0022,0.079,-123.21,-0.03,-0.65,15.0,-0.0025,0.05,-0.0126,0.653,,,0.411,,,,,
81.296,SCAN_LOW,3.6693,-1.0019,0.078,-122.32,-0.32,-0.71,15.0,-0.0042,0.0364,-0.0054,0.653,,,0.4,,,,,
81.346,SCAN_LOW,3.6686,-1.001,0.076,-121.2,-0.41,-0.66,15.0,-0.0082,0.0232,-0.005,,,,0.4,,,,,
81.375,SCAN_LOW,3.6684,-1.0026,0.077,-120.11,-0.37,-0.32,15.0,-0.0055,0.0044,0.0007,,,,0.389,,,,,
81.447,SCAN_LOW,3.6692,-1.0049,0.079,-119.16,-0.21,-0.33,15.0,0.0016,-0.0079,0.0036,0.33,,,0.389,,,,,
81.508,SCAN_LOW,3.669,-1.0069,0.079,-118.22,-0.24,-0.43,15.0,0.0003,-0.022,0.0081,0.33,,,0.378,,,,,
81.579,SCAN_LOW,3.6689,-1.0093,0.076,-117.39,-0.07,-0.32,15.0,-0.0004,-0.0325,0.0048,0.284,,,0.378,,,,,
81.586,SCAN_LOW,3.6685,-1.011,0.073,-116.54,0.33,-0.2,15.0,-0.0045,-0.0358,0.007,0.284,,,0.376,,,,,
81.647,SCAN_LOW,3.6677,-1.0136,0.075,-115.83,0.75,-0.28,15.0,-0.0128,-0.0412,-0.0038,0.265,,,0.376,,,,,
81.737,SCAN_LOW,3.6663,-1.0161,0.075,-115.14,0.97,0.06,15.0,-0.0238,-0.0427,0.0057,0.265,,,0.375,,,,,
81.815,SCAN_LOW,3.6643,-1.0187,0.079,-114.4,0.9,0.16,15.0,-0.0348,-0.0409,0.0143,0.248,,,0.375,,,,,
81.842,SCAN_LOW,3.6622,-1.0208,0.08,-113.51,1.0,0.36,15.0,-0.0426,-0.0364,0.0144,0.248,,,0.382,,,,,
81.852,SCAN_LOW,3.6599,-1.0231,0.08,-112.57,1.09,0.74,15.0,-0.0495,-0.0306,0.0043,0.236,,,0.382,,,,,
81.924,SCAN_LOW,3.6566,-1.0247,0.078,-111.52,0.51,0.7,15.0,-0.0564,-0.0226,-0.0001,0.236,,,0.384,,,,,
81.941,SCAN_LOW,3.6532,-1.0267,0.082,-110.46,0.22,0.95,15.0,-0.0594,-0.0178,-0.0039,0.227,,,0.384,,,,,
82.008,SCAN_LOW,3.651,-1.0277,0.078,-109.6,-0.19,0.94,15.0,-0.053,-0.0125,0.0066,0.227,,,0.396,,,,,
82.064,SCAN_LOW,3.6491,-1.0283,0.082,-109.05,-0.52,1.32,15.0,-0.0429,-0.0067,0.0025,0.225,,,0.396,,,,,
82.082,SCAN_LOW,3.6474,-1.0289,0.082,-108.75,-0.64,1.16,15.0,-0.0334,-0.0025,0.0138,0.225,,,0.409,,,,,
82.132,SCAN_LOW,3.6461,-1.0288,0.08,-108.47,-0.67,1.51,15.0,-0.0236,0.0048,0.0079,0.237,,,0.409,,,,,
82.163,SCAN_LOW,3.6461,-1.0279,0.081,-107.93,-0.51,1.44,15.0,-0.01,0.0125,-0.0003,0.237,,,0.418,,,,,
82.256,SCAN_LOW,3.6472,-1.0263,0.082,-107.34,-0.61,1.34,15.0,0.0051,0.0221,-0.01,0.225,,,0.418,,,,,
82.274,SCAN_LOW,3.6487,-1.0244,0.082,-106.64,-0.68,1.33,15.0,0.0188,0.0325,-0.008,0.225,,,0.428,,,,,
82.334,SCAN_LOW,3.6517,-1.0218,0.082,-105.74,-0.61,1.39,15.0,0.0358,0.0388,-0.007,0.232,,,0.428,,,,,
82.372,SCAN_LOW,3.6542,-1.0194,0.081,-104.8,-0.35,0.42,15.0,0.0446,0.0438,-0.0137,0.232,,,0.448,,,,,
82.426,SCAN_LOW,3.6572,-1.017,0.081,-103.88,-0.02,0.36,15.0,0.0495,0.0451,-0.0146,0.224,,,0.448,,,,,
82.472,SCAN_LOW,3.6605,-1.0146,0.081,-103.09,-0.06,0.49,15.0,0.054,0.0473,-0.0072,0.224,,,0.471,,,,,
82.54,SCAN_LOW,3.6627,-1.0123,0.081,-102.4,0.01,0.49,15.0,0.053,0.0513,-0.0027,0.227,,,0.471,,,,,
82.58,SCAN_LOW,3.6657,-1.0101,0.082,-101.72,0.4,0.33,15.0,0.0533,0.0512,0.0012,0.227,,,0.491,,,,,
82.655,SCAN_LOW,3.669,-1.0076,0.082,-101.08,0.98,0.23,15.0,0.0501,0.0542,0.0033,0.224,,,0.491,,,,,
82.702,SCAN_LOW,3.6714,-1.0051,0.08,-100.4,1.05,-0.04,15.0,0.0422,0.0554,-0.0024,0.224,,,0.51,,,,,
82.823,SCAN_LOW,3.6738,-1.0028,0.074,-99.52,1.26,-0.37,15.0,0.0338,0.0532,-0.0071,0.224,,,0.51,,,,,
82.84,SCAN_LOW,3.6752,-1.0012,0.078,-98.47,1.28,-0.34,15.0,0.0219,0.0487,-0.0128,0.224,,,0.534,,,,,
82.872,SCAN_LOW,3.6761,-1.0004,0.08,-97.51,1.35,-0.57,15.0,0.0106,0.0413,0.0004,0.224,,,0.534,,,,,
82.93,SCAN_LOW,3.6765,-0.9995,0.078,-96.67,1.56,-0.51,15.0,-0.0018,0.036,-0.0045,0.224,,,0.59,,,,,
83.035,SCAN_LOW,3.6758,-0.9994,0.078,-95.99,1.17,-0.63,15.0,-0.0153,0.0276,-0.0113,0.221,,,0.59,,,,,
83.072,SCAN_LOW,3.6747,-0.999,0.079,-95.26,1.04,-0.88,15.0,-0.026,0.0189,-0.0054,0.221,,,0.65,,,,,
83.078,SCAN_LOW,3.6731,-0.9987,0.082,-94.58,0.58,-0.63,15.0,-0.0342,0.0113,0.0012,0.222,,,0.65,,,,,
83.143,SCAN_LOW,3.6706,-0.9998,0.083,-94.02,0.4,-0.4,15.0,-0.0416,0.0017,0.0101,0.222,,,0.728,,,,,
83.186,SCAN_LOW,3.6681,-1.0005,0.083,-93.42,0.2,-0.32,15.0,-0.0457,-0.0043,0.0107,0.224,,,0.728,,,,,
83.199,SCAN_LOW,3.666,-1.0019,0.082,-92.97,-0.03,0.08,15.0,-0.0448,-0.0084,0.0014,0.224,,,0.767,,,,,
83.257,SCAN_LOW,3.664,-1.0029,0.082,-92.59,-0.18,0.31,15.0,-0.0427,-0.0088,0.0065,0.221,,,0.767,,,,,
83.299,SCAN_LOW,3.6621,-1.0043,0.082,-92.21,-0.1,0.38,15.0,-0.04,-0.0091,0.0091,0.221,,,,,,,,
83.354,SCAN_LOW,3.6601,-1.0048,0.081,-91.86,-0.02,0.24,15.0,-0.0396,-0.0078,0.0019,0.222,,,,,,,,
83.379,SCAN_LOW,3.6591,-1.0057,0.082,-91.38,0.01,0.25,15.0,-0.0345,-0.0084,-0.0051,0.222,,,,,,,,
83.411,SCAN_LOW,3.6581,-1.007,0.082,-90.8,-0.14,0.23,15.0,-0.0306,-0.0112,-0.005,0.217,,,,,,,,
83.481,SCAN_LOW,3.6573,-1.0081,0.082,-90.18,-0.38,0.35,15.0,-0.0248,-0.0137,-0.0014,0.217,,,0.521,,,,,
83.541,SCAN_LOW,3.6571,-1.0094,0.084,-89.62,-0.31,0.47,15.0,-0.0172,-0.0151,0.001,0.218,,,0.521,,,,,
83.584,SCAN_LOW,3.6564,-1.0103,0.082,-89.04,0.03,0.32,15.0,-0.0159,-0.0138,0.0006,0.218,,,0.487,,,,,
83.66,SCAN_LOW,3.6566,-1.0113,0.084,-88.31,0.01,0.27,15.0,-0.012,-0.015,-0.0033,0.214,,,0.487,,,,,
83.695,SCAN_LOW,3.6561,-1.0128,0.082,-87.54,0.2,0.28,15.0,-0.0124,-0.0196,-0.0008,0.214,,,0.462,,,,,
83.75,SCAN_LOW,3.6558,-1.0142,0.08,-86.64,0.28,0.09,-0.0,-0.0137,-0.0213,-0.0087,0.206,,,0.462,,,,,
83.802,SCAN_LOW,3.6553,-1.0166,0.08,-85.79,0.15,0.52,-0.0,-0.0149,-0.0272,-0.0042,0.206,,,0.447,,,,,
83.824,SCAN_LOW,3.6545,-1.0184,0.082,-85.19,0.31,0.64,-0.0,-0.0168,-0.0247,-0.0185,0.209,,,0.447,,,,,
83.898,SCAN_LOW,3.654,-1.02,0.082,-84.78,0.43,0.78,-0.0,-0.0192,-0.0221,-0.0229,0.209,,,0.441,,,,,
83.919,SCAN_LOW,3.6528,-1.0218,0.082,-84.62,0.4,0.76,-0.0,-0.0241,-0.0189,-0.0295,0.205,,,0.441,,,,,
83.971,SCAN_LOW,3.6514,-1.0229,0.08,-84.59,0.28,0.4,-0.0,-0.0278,-0.0154,-0.0223,0.205,,,0.438,,,,,
84.031,SCAN_LOW,3.6499,-1.024,0.076,-84.5,0.07,0.84,-0.0,-0.0302,-0.0119,-0.012,0.202,,,0.438,,,,,
84.083,SCAN_LOW,3.6484,-1.0249,0.078,-84.4,-0.35,0.58,-0.0,-0.0293,-0.0078,-0.0195,0.202,,,0.433,,,,,
84.113,SCAN_LOW,3.6473,-1.0255,0.077,-84.3,-0.35,0.7,-0.0,-0.025,-0.0039,0.0001,0.193,,,0.433,,,,,
84.176,SCAN_LOW,3.6462,-1.026,0.078,-84.26,-0.43,0.69,-0.0,-0.0222,-0.0004,0.0087,0.193,,,0.43,,,,,
84.212,SCAN_LOW,3.6448,-1.0264,0.075,-84.14,-0.52,0.45,-0.0,-0.0199,0.0026,0.0169,0.196,,,0.43,,,,,
84.273,SCAN_LOW,3.644,-1.0259,0.08,-84.07,-0.44,0.21,-0.0,-0.0148,0.0065,0.0252,0.196,,,0.429,,,,,
84.311,SCAN_LOW,3.6436,-1.0257,0.081,-84.05,-0.38,0.19,-0.0,-0.0099,0.0075,0.0522,0.193,,,0.429,,,,,
84.373,SCAN_LOW,3.6447,-1.0251,0.083,-84.12,-0.39,0.3,-0.0,0.0008,0.01,0.0605,0.193,,,0.426,,,,,
84.413,SCAN_LOW,3.6428,-1.0281,0.085,-84.13,-0.04,0.26,-0.0,-0.0084,-0.0156,0.0696,0.21,,,0.426,,,,,
84.461,SCAN_LOW,3.6426,-1.0287,0.093,-84.32,-0.07,0.35,-0.0,-0.0072,-0.0112,0.0755,0.21,,,0.429,,,,,
84.512,SCAN_LOW,3.6422,-1.0292,0.095,-84.44,-0.14,0.57,-0.0,-0.0069,-0.0072,0.0987,0.228,,,0.429,,,,,
84.577,SCAN_LOW,3.6435,-1.0305,0.099,-84.69,-0.21,0.71,-0.0,0.0022,-0.0092,0.097,0.228,,,0.434,,,,,
84.612,SCAN_LOW,3.6439,-1.0306,0.104,-84.99,-0.05,0.3,-0.0,0.0041,-0.0042,0.0979,0.252,,,0.434,,,,,
84.685,SCAN_LOW,3.6416,-1.0301,0.112,-85.41,0.18,0.59,-0.0,-0.0087,0.0052,0.1108,0.252,,,0.445,,,,,
84.714,SCAN_LOW,3.6432,-1.0339,0.12,-85.83,0.46,0.58,-0.0,-0.004,-0.0103,0.1154,0.475,,,0.445,,,,,
84.78,SCAN_LOW,3.6425,-1.0329,0.121,-86.3,0.7,0.88,-0.0,-0.0117,0.0018,0.1176,0.475,,,0.458,,,,,
84.811,SCAN_LOW,3.6416,-1.0284,0.128,-86.7,1.05,1.4,-0.0,-0.0209,0.0284,0.1098,,,,0.458,,,,,
84.86,SCAN_LOW,3.64,-1.0253,0.131,-86.96,1.07,1.4,-0.0,-0.0325,0.0451,0.1401,,,,0.469,,,,,
84.921,SCAN_LOW,3.6371,-1.022,0.14,-87.05,0.63,0.72,-0.0,-0.045,0.0576,0.1327,2.568,,,0.469,,,,,
84.976,SCAN_LOW,3.6351,-1.0181,0.145,-86.88,0.13,-0.0,-0.0,-0.0468,0.0626,0.146,2.568,,,0.512,,,,,
85.025,SCAN_LOW,3.6327,-1.0151,0.157,-86.66,-0.11,-0.53,-0.0,-0.0466,0.0593,0.1419,2.539,,,0.512,,,,,
85.072,SCAN_LOW,3.6308,-1.0117,0.163,-86.31,-0.44,-0.72,-0.0,-0.0419,0.0549,0.1601,2.539,,,,,,,,
85.14,SCAN_LOW,3.6288,-1.0081,0.173,-85.83,-0.7,-1.22,-0.0,-0.0366,0.0505,0.1478,2.581,,,,,,,,
85.173,SCAN_LOW,3.6277,-1.0063,0.181,-85.28,-0.76,-0.95,-0.0,-0.0264,0.0397,0.1705,2.581,,,1.023,,,,,
85.24,SCAN_LOW,3.6261,-1.0057,0.186,-84.56,-0.57,-0.62,-0.0,-0.0215,0.0281,0.1737,2.621,,,1.023,,,,,
85.269,SCAN_LOW,3.623,-1.0042,0.191,-83.68,-0.37,-0.3,-0.0,-0.0262,0.0213,0.1772,2.621,,,1.073,,,,,
85.31,SCAN_LOW,3.6216,-1.0029,0.204,-82.95,-0.57,-0.23,-0.0,-0.0221,0.0205,0.1767,2.634,,,1.073,,,,,
85.379,SCAN_LOW,3.6159,-1.0015,0.209,-82.15,-0.78,-0.3,-0.0,-0.0323,0.0139,0.1901,2.634,,,1.093,,,,,
85.411,SCAN_LOW,3.6145,-1.0006,0.223,-81.53,-0.88,-0.42,-0.0,-0.0244,0.013,0.1747,2.649,,,1.093,,,,,
85.474,SCAN_LOW,3.617,-1.0013,0.233,-81.09,-0.96,-0.21,-0.0,-0.0033,0.0038,0.1959,2.649,,,1.09,,,,,
85.523,SCAN_LOW,3.6158,-0.9971,0.247,-80.75,-0.87,0.28,-0.0,0.0006,0.027,0.2008,2.638,,,1.09,,,,,
85.57,SCAN_LOW,3.6239,-0.9965,0.252,-80.72,-0.86,0.46,-0.0,0.0311,0.0361,0.2121,2.638,,,1.08,,,,,
85.634,SCAN_LOW,3.6257,-0.9956,0.265,-80.74,-0.63,-0.05,-0.0,0.0376,0.0349,0.1994,2.636,,,1.08,,,,,
85.674,SCAN_LOW,3.63,-0.9946,0.273,-81.0,-0.27,-0.12,-0.0,0.0478,0.0332,0.2086,2.636,,,1.086,,,,,
85.735,SCAN_LOW,3.6335,-0.9934,0.284,-81.23,0.13,-0.4,-0.0,0.0512,0.0301,0.1862,2.646,,,1.086,,,,,
85.77,SCAN_LOW,3.6365,-0.9925,0.292,-81.47,0.54,-0.31,-0.0,0.0498,0.0251,0.1832,2.646,,,1.09,,,,,
85.826,SCAN_LOW,3.6407,-0.9916,0.303,-81.69,0.82,-0.11,-0.0,0.0486,0.0228,0.1619,2.643,,,1.09,,,,,
85.898,SCAN_LOW,3.6438,-0.9914,0.31,-81.85,0.9,-0.06,-0.0,0.0436,0.0189,0.1532,2.643,,,1.095,,,,,
85.927,SCAN_LOW,3.6475,-0.9908,0.322,-82.0,1.05,0.05,-0.0,0.0394,0.0176,0.1345,2.653,,,1.095,,,,,
85.986,SCAN_LOW,3.6519,-0.9905,0.329,-82.16,1.25,0.36,-0.0,0.0348,0.0172,0.128,2.653,,,1.102,,,,,
86.03,SCAN_LOW,3.6549,-0.9881,0.334,-82.28,1.1,0.11,-0.0,0.0283,0.0216,0.1082,2.653,,,1.102,,,,,
86.067,SCAN_LOW,3.6562,-0.9863,0.342,-82.35,1.17,0.16,-0.0,0.0195,0.0229,0.0906,2.653,,,1.098,,,,,
86.129,SCAN_LOW,3.657,-0.9846,0.347,-82.45,1.06,0.09,-0.0,0.0098,0.0238,0.0785,2.668,,,1.098,,,,,
86.184,SCAN_LOW,3.6573,-0.9822,0.345,-82.54,0.96,0.1,-0.0,0.0018,0.026,0.0636,2.668,,,1.092,,,,,
86.268,LAND_X_ALIGN,3.6569,-0.9797,0.348,-82.68,0.83,0.1,-0.0,-0.0066,0.0282,0.0377,2.647,,,1.092,,3.68,-0.9797,,
86.28,LAND_X_ALIGN,3.6551,-0.9778,0.351,-82.9,0.72,0.04,-0.0,-0.0157,0.0287,0.0276,2.647,,,1.093,,3.68,-0.9797,,
86.331,LAND_X_ALIGN,3.6537,-0.9725,0.35,-83.07,0.5,0.05,-0.0,-0.0221,0.0353,0.0135,2.67,,,1.093,,3.68,-0.9797,,
86.362,LAND_X_ALIGN,3.652,-0.9706,0.35,-83.31,0.3,0.06,-0.0,-0.0267,0.0353,0.0041,2.67,,,1.096,,3.68,-0.9797,,
86.443,LAND_X_ALIGN,3.6503,-0.968,0.35,-83.7,-0.16,-0.05,-0.0,-0.0283,0.0366,-0.0017,2.662,,,1.096,,3.68,-0.9797,,
86.494,LAND_X_ALIGN,3.647,-0.9643,0.351,-84.19,-0.4,-0.03,-0.0,-0.0297,0.0394,-0.0102,2.662,,,1.089,,3.68,-0.9797,,
86.532,LAND_X_ALIGN,3.6465,-0.9601,0.35,-84.67,-0.53,-0.36,-0.0,-0.0243,0.0426,-0.0148,2.668,,,1.089,,3.68,-0.9797,,
86.562,LAND_X_ALIGN,3.6467,-0.9586,0.349,-85.02,-0.54,-0.53,-0.0,-0.017,0.0387,-0.0234,2.668,,,1.075,,3.68,-0.9797,,
86.636,LAND_X_ALIGN,3.6479,-0.9543,0.35,-85.24,-0.48,-0.66,-0.0,-0.0086,0.039,-0.0286,2.662,,,1.075,,3.68,-0.9797,,
86.663,LAND_X_ALIGN,3.6489,-0.9523,0.35,-85.42,-0.45,-0.66,-0.0,-0.0015,0.0337,-0.0273,2.662,,,1.068,,3.68,-0.9797,,
86.741,LAND_X_ALIGN,3.6518,-0.9499,0.344,-85.46,-0.13,-0.56,-0.0,0.0064,0.0304,-0.0299,2.657,,,1.068,,3.68,-0.9797,,
86.8,LAND_X_ALIGN,3.654,-0.9484,0.343,-85.52,0.12,-0.63,-0.0,0.0103,0.0256,-0.0383,2.657,,,1.076,,3.68,-0.9797,,
86.81,LAND_X_ALIGN,3.6577,-0.9449,0.341,-85.58,0.31,-0.64,-0.0,0.0148,0.0243,-0.0362,2.676,,,1.076,,3.68,-0.9797,,
86.895,LAND_X_ALIGN,3.6613,-0.945,0.335,-85.51,0.68,-0.58,-0.0,0.0158,0.017,-0.0404,2.676,,,1.088,,3.68,-0.9797,,
86.92,LAND_X_ALIGN,3.6628,-0.9442,0.34,-85.4,0.74,-0.71,-0.0,0.0121,0.011,-0.0476,2.668,,,1.088,,3.68,-0.9797,,
86.98,LAND_X_ALIGN,3.6634,-0.9428,0.338,-85.22,0.63,-0.7,-0.0,0.0068,0.006,-0.0292,2.668,,,1.086,,3.68,-0.9797,,
87.021,LAND_X_ALIGN,3.6621,-0.9449,0.334,-85.04,0.68,-0.48,-0.0,-0.0012,-0.004,-0.0276,2.678,,,1.086,,3.68,-0.9797,,
87.063,LAND_X_ALIGN,3.6629,-0.9457,0.333,-84.9,0.54,-0.37,-0.0,-0.0044,-0.0087,-0.0301,2.678,,,1.093,,3.68,-0.9797,,
87.118,LAND_X_ALIGN,3.6609,-0.9472,0.33,-84.75,0.44,-0.23,-0.0,-0.0115,-0.0134,-0.0304,2.666,,,1.093,,3.68,-0.9797,,
87.184,LAND_X_ALIGN,3.6603,-0.9499,0.331,-84.6,0.16,-0.28,-0.0,-0.0138,-0.0193,-0.0376,2.666,,,1.094,,3.68,-0.9797,,
87.212,LAND_X_ALIGN,3.6582,-0.9511,0.329,-84.45,0.02,-0.09,-0.0,-0.0164,-0.0217,-0.0264,2.669,,,1.094,,3.68,-0.9797,,
87.278,LAND_X_ALIGN,3.6575,-0.9546,0.33,-84.36,-0.11,0.37,-0.0,-0.0158,-0.0247,-0.0271,2.669,,,1.098,,3.68,-0.9797,,
87.348,LAND_APPROACH,3.6579,-0.9561,0.329,-84.51,-0.56,0.72,-0.0,-0.0115,-0.0197,-0.018,2.687,,,1.098,,3.68,-1.24,,
87.413,LAND_APPROACH,3.6572,-0.9557,0.325,-84.84,-0.9,1.06,-0.0,-0.0055,-0.0089,-0.0117,2.687,,,1.091,,3.68,-1.24,,
87.468,LAND_APPROACH,3.6572,-0.9568,0.327,-85.31,-0.86,1.22,-0.0,0.0015,0.0001,-0.0186,2.667,,,1.091,,3.68,-1.24,,
87.572,LAND_APPROACH,3.6592,-0.9564,0.325,-85.86,-0.89,1.03,-0.0,0.0118,0.0111,-0.0072,2.667,,,1.085,,3.68,-1.24,,
87.645,LAND_APPROACH,3.6602,-0.9538,0.326,-86.37,-0.59,-0.82,-0.0,0.0183,0.0156,-0.013,2.677,,,1.085,,3.68,-1.24,,
87.659,LAND_APPROACH,3.6628,-0.9511,0.324,-86.88,-0.25,-2.51,-0.0,0.0256,0.0036,-0.0144,2.677,,,1.079,,3.68,-1.24,,
87.714,LAND_APPROACH,3.6654,-0.9502,0.326,-87.33,-0.11,-3.62,-0.0,0.0308,-0.0218,-0.0163,2.667,,,1.079,,3.68,-1.24,,
87.758,LAND_APPROACH,3.6696,-0.9517,0.324,-87.53,0.09,-4.39,-0.0,0.0373,-0.0563,-0.0108,2.667,,,1.05,,3.68,-1.24,,
87.863,LAND_APPROACH,3.6744,-0.9552,0.322,-87.47,0.47,-4.64,-0.0,0.0417,-0.0945,-0.0202,2.648,,,1.05,,3.68,-1.24,,
87.896,LAND_APPROACH,3.6779,-0.9622,0.323,-87.28,0.64,-4.36,-0.0,0.0413,-0.136,-0.0199,2.648,,,1.08,,3.68,-1.24,,
87.911,LAND_APPROACH,3.6798,-0.9698,0.321,-86.98,0.8,-3.93,-0.0,0.0371,-0.1723,-0.0177,2.639,,,1.08,,3.68,-1.24,,
87.968,LAND_APPROACH,3.6827,-0.9808,0.318,-86.63,1.0,-3.1,-0.0,0.0328,-0.2052,-0.0224,2.639,,,1.119,,3.68,-1.24,,
88.012,LAND_APPROACH,3.6838,-0.9924,0.32,-86.32,0.95,-2.36,-0.0,0.0251,-0.2306,-0.0265,2.618,,,1.119,,3.68,-1.24,,
88.055,LAND_APPROACH,3.6842,-1.0046,0.317,-86.13,0.71,-2.07,-0.0,0.0177,-0.2508,-0.0251,2.618,,,1.137,,3.68,-1.24,,
88.088,LAND_APPROACH,3.6848,-1.0176,0.314,-86.06,0.37,-1.43,-0.0,0.0142,-0.2664,-0.0268,2.606,,,1.137,,3.68,-1.24,,
88.215,LAND_APPROACH,3.6863,-1.0304,0.316,-86.07,0.38,-0.47,-0.0,0.0132,-0.2725,-0.0255,2.606,,,1.134,,3.68,-1.24,,
88.307,LAND_APPROACH,3.6873,-1.0418,0.313,-86.08,0.34,0.33,-0.0,0.0109,-0.2669,-0.02,2.58,,,1.134,,3.68,-1.24,,
88.321,LAND_APPROACH,3.6872,-1.053,0.313,-86.14,0.51,0.64,-0.0,0.0058,-0.2579,-0.0272,2.58,,,1.132,,3.68,-1.24,,
88.335,LAND_APPROACH,3.6891,-1.0631,0.316,-86.54,0.28,1.07,-0.0,0.0054,-0.2444,-0.0146,2.573,,,1.132,,3.68,-1.24,,
88.343,LAND_APPROACH,3.689,-1.0744,0.318,-87.16,0.07,1.29,-0.0,0.0032,-0.2317,-0.0011,2.573,,,1.127,,3.68,-1.24,,
88.353,LAND_APPROACH,3.6892,-1.0853,0.316,-87.82,0.41,0.82,-0.0,0.0007,-0.2218,-0.001,2.539,,,1.127,,3.68,-1.24,,
88.42,LAND_APPROACH,3.6908,-1.0926,0.313,-88.51,0.64,0.25,-0.0,-0.0002,-0.2101,-0.0051,2.539,,,1.132,,3.68,-1.24,,
88.427,LAND_APPROACH,3.691,-1.1006,0.311,-89.24,1.17,-0.19,-0.0,-0.0073,-0.2046,-0.0109,2.528,,,1.132,,3.68,-1.24,,
88.502,LAND_APPROACH,3.692,-1.1116,0.312,-89.7,1.41,-0.69,-0.0,-0.0153,-0.2109,-0.0125,2.528,,,1.151,,3.68,-1.24,,
88.527,LAND_APPROACH,3.6912,-1.1193,0.311,-89.93,1.29,-0.7,-0.0,-0.027,-0.2107,-0.0073,2.513,,,1.151,,3.68,-1.24,,
88.594,LAND_APPROACH,3.6888,-1.1304,0.309,-89.94,0.53,-0.41,-0.0,-0.0364,-0.216,-0.0072,2.513,,,1.143,,3.68,-1.24,,
88.633,LAND_APPROACH,3.6879,-1.14,0.311,-89.78,0.28,-0.87,-0.0,-0.0368,-0.2191,-0.0074,2.51,,,1.143,,3.68,-1.24,,
88.696,LAND_APPROACH,3.6866,-1.1506,0.309,-89.48,0.13,-0.96,-0.0,-0.0368,-0.2264,-0.0037,2.51,,,1.127,,3.68,-1.24,,
88.756,LAND_APPROACH,3.6849,-1.1602,0.312,-89.19,-0.48,-0.59,-0.0,-0.0345,-0.2285,0.0028,2.487,,,1.127,,3.68,-1.24,,
88.847,LAND_APPROACH,3.6834,-1.171,0.312,-88.91,-0.65,-0.92,-0.0,-0.0283,-0.2329,0.0068,2.487,,,1.114,,3.68,-1.24,,
88.853,LAND_APPROACH,3.6834,-1.1814,0.314,-88.72,-0.2,-1.31,-0.0,-0.0212,-0.2393,-0.0061,2.453,,,1.114,,3.68,-1.24,,
88.86,LAND_APPROACH,3.6842,-1.1954,0.308,-88.52,-0.63,-1.1,-0.0,-0.0127,-0.2545,-0.0058,2.453,,,1.123,,3.68,-1.24,,
88.932,LAND_APPROACH,3.6849,-1.2088,0.311,-88.35,-0.59,-0.78,-0.0,-0.0033,-0.2643,-0.0157,2.427,,,1.123,,3.68,-1.24,,
89.013,LAND_APPROACH,3.6865,-1.2223,0.294,-88.16,-0.34,-0.7,-0.0,0.0047,-0.271,-0.0154,2.427,,,1.138,,3.68,-1.24,,
89.084,LAND_APPROACH,3.6893,-1.2365,0.248,-87.85,-0.27,-0.48,-0.0,0.0141,-0.2792,-0.0457,2.408,,,1.138,,3.68,-1.24,,
89.12,LAND_APPROACH,3.6922,-1.2501,0.227,-87.63,-0.02,-0.09,-0.0,0.0211,-0.2831,-0.0605,2.408,,,1.181,,3.68,-1.24,,
89.171,LAND_APPROACH,3.6957,-1.2688,0.216,-87.55,0.13,0.3,-0.0,0.0269,-0.2961,-0.0834,2.378,,,1.181,,3.68,-1.24,,
89.225,LAND_APPROACH,3.6976,-1.2823,0.221,-87.34,0.27,0.66,-0.0,0.026,-0.2879,-0.029,2.378,,,1.228,,3.68,-1.24,,
89.255,LAND_APPROACH,3.6999,-1.2966,0.246,-87.02,0.43,0.71,-0.0,0.0249,-0.282,0.0029,2.356,,,1.228,,3.68,-1.24,,
89.281,LAND_APPROACH,3.6999,-1.3112,0.256,-86.52,0.47,0.86,-0.0,0.0169,-0.2764,0.0594,2.356,,,1.241,,3.68,-1.24,,
89.327,LAND_APPROACH,3.7019,-1.3253,0.278,-85.92,0.44,2.28,-0.0,0.0145,-0.2648,0.1026,2.32,,,1.241,,3.68,-1.24,,
89.375,LAND_APPROACH,3.7023,-1.341,0.293,-85.26,0.22,3.46,-0.0,0.0092,-0.249,0.1281,2.32,,,1.292,,3.68,-1.24,,
89.422,LAND_APPROACH,3.7058,-1.3545,0.313,-84.52,0.11,3.99,-0.0,0.013,-0.2267,0.1487,2.301,,,1.292,,3.68,-1.24,,
89.476,LAND_APPROACH,3.7066,-1.365,0.324,-83.75,-0.05,4.4,-0.0,0.0099,-0.1947,0.1464,2.301,,,1.457,,3.68,-1.24,,
89.508,LAND_APPROACH,3.7089,-1.3732,0.337,-83.04,-0.23,4.25,-0.0,0.0118,-0.1615,0.1371,2.29,,,1.457,,3.68,-1.24,,
89.581,LAND_APPROACH,3.7129,-1.3799,0.346,-82.32,-0.38,4.15,-0.0,0.0189,-0.1334,0.1132,2.29,,,1.583,,3.68,-1.24,,
89.609,LAND_APPROACH,3.714,-1.3867,0.35,-81.79,-0.17,3.85,-0.0,0.0172,-0.105,0.0901,2.26,,,1.583,,3.68,-1.24,,
89.687,LAND_APPROACH,3.7179,-1.3906,0.353,-81.24,-0.16,3.59,-0.0,0.0211,-0.079,0.0573,2.26,,,1.643,,3.68,-1.24,,
89.766,LAND_APPROACH,3.7213,-1.3928,0.357,-80.9,0.02,3.17,-0.0,0.0227,-0.053,0.031,2.26,,,1.643,,3.68,-1.24,,
89.788,LAND_APPROACH,3.7248,-1.3943,0.356,-80.68,0.0,2.53,0.0,0.024,-0.0324,0.0094,2.26,,,1.667,,3.68,-1.24,,
89.814,LAND_APPROACH,3.7307,-1.3943,0.355,-80.49,-0.07,1.65,0.0,0.032,-0.0205,-0.0146,2.25,,,1.667,,3.68,-1.24,,
89.905,LAND_APPROACH,3.7324,-1.3947,0.353,-80.53,-0.26,0.87,0.0,0.0323,-0.0093,-0.0287,2.25,,,1.68,,3.68,-1.24,,
89.922,LAND_APPROACH,3.735,-1.3947,0.353,-80.63,-0.35,0.54,0.0,0.0356,-0.0037,-0.0446,2.232,,,1.68,,3.68,-1.24,,
89.969,LAND_APPROACH,3.7418,-1.394,0.35,-80.78,-0.54,0.1,0.0,0.0497,-0.0046,-0.0554,2.232,,,1.686,,3.68,-1.24,,
90.029,LAND_APPROACH,3.7469,-1.3964,0.347,-81.08,-0.49,0.03,0.0,0.0595,-0.0121,-0.0678,2.235,,,1.686,,3.68,-1.24,,
90.077,LAND_APPROACH,3.755,-1.3964,0.344,-81.35,-0.58,0.01,0.0,0.0747,-0.0143,-0.0729,2.235,,,1.684,,3.68,-1.24,,
90.14,LAND_APPROACH,3.7595,-1.4014,0.336,-81.63,-0.45,-0.07,0.0,0.0804,-0.0258,-0.0761,2.225,,,1.684,,3.68,-1.24,,
90.159,LAND_APPROACH,3.7679,-1.4037,0.334,-81.85,-0.37,0.05,0.0,0.0926,-0.0305,-0.0873,2.225,,,1.702,,3.68,-1.24,,
90.237,LAND_YAW_ALIGN,3.7753,-1.4073,0.328,-82.09,-0.3,-0.09,0.0,0.1011,-0.0369,-0.0786,2.216,,,1.702,,3.68,-1.24,,
90.27,LAND_YAW_ALIGN,3.7821,-1.414,0.326,-82.39,-0.11,0.0,0.0,0.1061,-0.0496,-0.0788,2.216,,,1.704,,3.68,-1.24,,
90.372,LAND_YAW_ALIGN,3.7913,-1.4168,0.317,-82.81,0.02,0.02,0.0,0.1142,-0.0519,-0.071,2.211,,,1.704,,3.68,-1.24,,
90.431,LAND_YAW_ALIGN,3.7961,-1.4197,0.319,-83.34,-0.03,0.14,15.0,0.1125,-0.0515,-0.071,2.211,,,1.706,,3.68,-1.24,,
90.483,LAND_YAW_ALIGN,3.8049,-1.4268,0.317,-83.84,0.54,0.48,15.0,0.1168,-0.0607,-0.0528,2.201,,,1.706,,3.68,-1.24,,
90.576,LAND_YAW_ALIGN,3.8109,-1.4306,0.307,-84.23,1.39,1.2,15.0,0.1074,-0.0556,-0.0564,2.201,,,1.712,,3.68,-1.24,,
90.662,LAND_YAW_ALIGN,3.8171,-1.4354,0.308,-84.44,2.08,1.42,15.0,0.0926,-0.0505,-0.059,2.189,,,1.712,,3.68,-1.24,,
90.684,LAND_YAW_ALIGN,3.8234,-1.4391,0.306,-84.5,2.51,1.76,15.0,0.0749,-0.0414,-0.0444,2.189,,,1.729,,3.68,-1.24,,
90.69,LAND_YAW_ALIGN,3.8274,-1.4429,0.307,-84.45,2.65,1.85,15.0,0.0525,-0.032,-0.0407,2.188,,,1.729,,3.68,-1.24,,
90.712,LAND_YAW_ALIGN,3.831,-1.4474,0.305,-84.16,2.53,1.9,15.0,0.0319,-0.0241,-0.03,2.188,,,1.751,,3.68,-1.24,,
90.805,LAND_YAW_ALIGN,3.8327,-1.449,0.302,-83.67,2.43,1.73,15.0,0.0102,-0.0122,-0.027,2.184,,,1.751,,3.68,-1.24,,
90.912,LAND_YAW_ALIGN,3.8332,-1.4533,0.3,-83.13,2.29,1.72,15.0,-0.0103,-0.0068,-0.0252,2.184,,,1.767,,3.68,-1.24,,
90.962,LAND_YAW_ALIGN,3.8323,-1.4578,0.297,-82.51,2.14,1.78,15.0,-0.0306,-0.002,-0.0213,2.172,,,1.767,,3.68,-1.24,,
91.026,LAND_YAW_ALIGN,3.8311,-1.4589,0.296,-81.76,1.78,1.87,15.0,-0.048,0.0095,-0.0186,2.172,,,1.759,,3.68,-1.24,,
91.047,LAND_YAW_ALIGN,3.8265,-1.4603,0.295,-80.87,1.61,1.72,15.0,-0.0688,0.0191,-0.0188,2.174,,,1.759,,3.68,-1.24,,
91.151,LAND_YAW_ALIGN,3.8233,-1.4602,0.293,-79.92,1.3,1.76,15.0,-0.0824,0.0301,-0.0158,2.174,,,1.767,,3.68,-1.24,,
91.207,LAND_YAW_ALIGN,3.8192,-1.4608,0.295,-78.87,1.09,1.76,15.0,-0.0941,0.0389,-0.0157,2.175,,,1.767,,3.68,-1.24,,
91.252,LAND_YAW_ALIGN,3.8153,-1.46,0.294,-77.75,0.74,1.56,15.0,-0.1022,0.0484,-0.0089,2.175,,,1.767,,3.68,-1.24,,
91.358,LAND_YAW_ALIGN,3.8101,-1.4589,0.295,-76.54,0.47,1.4,15.0,-0.1098,0.057,-0.0045,2.184,,,1.767,,3.68,-1.24,,
91.399,LAND_YAW_ALIGN,3.8076,-1.4594,0.296,-75.37,0.24,1.12,15.0,-0.108,0.0597,-0.0036,2.184,,,1.753,,3.68,-1.24,,
91.492,LAND_YAW_ALIGN,3.8033,-1.458,0.296,-74.26,0.03,1.09,15.0,-0.1084,0.065,0.0008,2.2,,,1.753,,3.68,-1.24,,
91.536,LAND_YAW_ALIGN,3.7963,-1.4555,0.296,-73.18,0.16,1.08,15.0,-0.1154,0.0722,0.002,2.2,,,1.75,,3.68,-1.24,,
91.601,LAND_YAW_ALIGN,3.7936,-1.4529,0.296,-72.09,0.14,0.98,15.0,-0.1122,0.0775,0.004,2.222,,,1.75,,3.68,-1.24,,
91.619,LAND_YAW_ALIGN,3.7913,-1.4492,0.299,-71.05,0.3,0.87,15.0,-0.1092,0.0832,0.0039,2.222,,,1.766,,3.68,-1.24,,
91.634,LAND_YAW_ALIGN,3.7886,-1.4469,0.298,-70.18,0.4,0.65,15.0,-0.1079,0.0839,0.0087,2.237,,,1.766,,3.68,-1.24,,
91.73,LAND_YAW_ALIGN,3.7861,-1.4471,0.299,-69.42,0.42,0.64,15.0,-0.1064,0.0776,0.0027,2.237,,,1.747,,3.68,-1.24,,
91.808,LAND_YAW_ALIGN,3.7844,-1.4458,0.297,-68.71,0.4,0.62,15.0,-0.1032,0.0755,0.0069,2.261,,,1.747,,3.68,-1.24,,
91.901,LAND_YAW_ALIGN,3.7805,-1.4422,0.297,-68.02,0.22,0.6,15.0,-0.1044,0.0793,0.0037,2.261,,,,,3.68,-1.24,,
91.915,LAND_YAW_ALIGN,3.7754,-1.4387,0.296,-67.29,0.25,0.55,15.0,-0.1076,0.0819,0.0041,2.277,,,,,3.68,-1.24,,
91.96,LAND_YAW_ALIGN,3.7712,-1.4369,0.299,-66.56,0.31,0.37,15.0,-0.1085,0.079,0.0008,2.277,,,,,3.68,-1.24,,
91.976,LAND_YAW_ALIGN,3.7663,-1.4352,0.299,-65.83,0.24,0.43,15.0,-0.111,0.0758,0.0054,2.295,,,,,3.68,-1.24,,
91.985,LAND_YAW_ALIGN,3.763,-1.4314,0.298,-65.05,-0.01,0.32,15.0,-0.1076,0.0784,0.004,2.295,,,,,3.68,-1.24,,
91.991,LAND_YAW_ALIGN,3.7592,-1.4304,0.298,-64.23,-0.08,0.31,15.0,-0.1044,0.0739,0.0051,2.315,,,,,3.68,-1.24,,
91.996,LAND_YAW_ALIGN,3.7574,-1.4321,0.298,-63.41,-0.25,-0.03,15.0,-0.0965,0.0622,0.0011,2.315,,,,,3.68,-1.24,,
92.009,LAND_YAW_ALIGN,3.7538,-1.4313,0.301,-62.57,-0.36,-0.05,15.0,-0.091,0.0572,0.0021,2.345,,,,,3.68,-1.24,,
92.049,LAND_YAW_ALIGN,3.7493,-1.4301,0.3,-61.69,-0.3,0.1,15.0,-0.089,0.054,0.0017,2.345,,,,,3.68,-1.24,,
92.112,LAND_YAW_ALIGN,3.7466,-1.4296,0.298,-60.82,-0.52,0.09,15.0,-0.082,0.0508,-0.0001,2.364,,,,,3.68,-1.24,,
92.174,LAND_YAW_ALIGN,3.7423,-1.4295,0.299,-59.96,-0.59,0.1,15.0,-0.0795,0.0462,-0.0032,2.364,,,,,3.68,-1.24,,
92.255,LAND_YAW_ALIGN,3.7403,-1.43,0.3,-59.12,-0.89,-0.09,15.0,-0.0698,0.042,-0.0019,2.388,,,,,3.68,-1.24,,
92.318,LAND_YAW_ALIGN,3.7374,-1.4298,0.299,-58.37,-1.1,-0.2,15.0,-0.0607,0.0396,0.0002,2.388,,,,,3.68,-1.24,,
92.436,LAND_YAW_ALIGN,3.7387,-1.4317,0.299,-57.63,-1.3,-0.25,15.0,-0.0418,0.0326,-0.0008,2.4,0.833,,,,3.68,-1.24,,
92.484,LAND_YAW_ALIGN,3.7405,-1.4336,0.299,-56.98,-1.52,-0.31,15.0,-0.022,0.0269,-0.0024,2.4,0.833,,,,3.68,-1.24,,
92.495,LAND_YAW_ALIGN,3.7413,-1.4328,0.303,-56.36,-1.63,-0.22,15.0,-0.0052,0.0312,-0.0041,2.422,0.816,,,,3.68,-1.24,,
92.501,LAND_YAW_ALIGN,3.7456,-1.4345,0.301,-55.73,-1.56,-0.28,15.0,0.0142,0.0258,0.0025,2.422,0.816,,1.127,,3.68,-1.24,,
92.564,LAND_YAW_ALIGN,3.7507,-1.4368,0.302,-55.12,-1.35,-0.14,15.0,0.0342,0.0205,-0.0035,2.452,0.807,,1.127,,3.68,-1.24,,
92.675,LAND_YAW_ALIGN,3.7561,-1.4358,0.3,-54.58,-1.18,0.04,15.0,0.0516,0.0264,-0.0067,2.452,0.807,,1.122,,3.68,-1.24,,
92.722,LAND_YAW_ALIGN,3.7623,-1.4372,0.299,-53.93,-1.0,0.24,15.0,0.0659,0.0241,-0.0105,2.473,0.802,,1.122,,3.68,-1.24,,
92.741,LAND_YAW_ALIGN,3.7662,-1.4352,0.298,-53.32,-0.82,0.43,15.0,0.0721,0.0329,-0.0138,2.473,0.802,,1.131,,3.68,-1.24,,
92.777,LAND_YAW_ALIGN,3.772,-1.4354,0.299,-52.62,-0.53,0.53,15.0,0.0787,0.0337,-0.0163,2.489,0.8,,1.131,,3.68,-1.24,,
92.837,LAND_YAW_ALIGN,3.7776,-1.4345,0.296,-51.96,-0.4,0.56,15.0,0.0829,0.0371,-0.0141,2.489,0.8,,1.145,,3.68,-1.24,,
92.867,LAND_YAW_ALIGN,3.7834,-1.4342,0.295,-51.25,-0.15,0.64,15.0,0.0848,0.0377,-0.0199,2.52,0.797,,1.145,,3.68,-1.24,,
92.883,LAND_YAW_ALIGN,3.7873,-1.4331,0.296,-50.53,-0.06,0.77,15.0,0.081,0.0403,-0.0182,2.52,0.797,,1.156,,3.68,-1.24,,
92.897,LAND_YAW_ALIGN,3.7903,-1.431,0.294,-49.77,0.17,0.94,15.0,0.0739,0.0454,-0.012,2.551,0.795,,1.156,,3.68,-1.24,,
92.954,LAND_YAW_ALIGN,3.7943,-1.4292,0.295,-49.01,0.33,1.08,15.0,0.0675,0.0488,-0.0147,2.551,0.795,,1.159,,3.68,-1.24,,
92.983,LAND_YAW_ALIGN,3.7963,-1.427,0.295,-48.28,0.5,0.92,15.0,0.0564,0.0521,-0.0098,2.564,0.798,,1.159,,3.68,-1.24,,
93.035,LAND_YAW_ALIGN,3.7995,-1.4252,0.293,-47.53,0.64,1.04,15.0,0.0486,0.0529,-0.0079,2.564,0.798,,1.176,,3.68,-1.24,,
93.046,LAND_YAW_ALIGN,3.8029,-1.4232,0.291,-46.81,0.91,1.07,15.0,0.0411,0.0534,-0.0089,2.594,0.789,,1.176,,3.68,-1.24,,
93.078,LAND_YAW_ALIGN,3.804,-1.4209,0.294,-46.1,0.94,1.1,15.0,0.0272,0.0535,-0.0105,2.594,0.789,,1.192,,3.68,-1.24,,
93.151,LAND_YAW_ALIGN,3.8041,-1.418,0.292,-45.42,0.97,1.06,15.0,0.0125,0.0546,-0.001,2.618,0.781,,1.192,,3.68,-1.24,,
93.166,LAND_YAW_ALIGN,3.8027,-1.4155,0.293,-44.63,1.07,1.16,15.0,-0.0047,0.0546,-0.0037,2.618,0.781,,1.214,,3.68,-1.24,,
93.224,LAND_YAW_ALIGN,3.8021,-1.4128,0.287,-43.81,0.95,0.97,15.0,-0.0175,0.0545,0.0011,2.646,0.777,,1.214,,3.68,-1.24,,
93.307,LAND_YAW_ALIGN,3.7964,-1.4075,0.291,-42.87,0.95,0.86,15.0,-0.0411,0.0596,-0.0083,2.646,0.777,,1.237,,3.68,-1.24,,
93.351,LAND_YAW_ALIGN,3.794,-1.4067,0.293,-41.93,0.86,0.6,15.0,-0.0516,0.053,0.0053,2.648,0.777,,1.237,,3.68,-1.24,,
93.409,LAND_YAW_ALIGN,3.7908,-1.4066,0.294,-40.9,0.97,0.41,15.0,-0.0605,0.0452,0.0069,2.648,0.777,,1.27,,3.68,-1.24,,
93.436,LAND_YAW_ALIGN,3.7877,-1.4064,0.294,-39.9,0.95,0.16,15.0,-0.0677,0.0363,0.0097,,0.773,,1.27,,3.68,-1.24,,
93.484,LAND_YAW_ALIGN,3.7826,-1.4052,0.296,-38.92,0.86,-0.17,15.0,-0.0761,0.0293,0.0088,,0.773,,1.308,,3.68,-1.24,,
93.528,LAND_YAW_ALIGN,3.7777,-1.4059,0.297,-38.04,0.71,-0.45,15.0,-0.0807,0.0177,0.0123,,0.785,,1.308,,3.68,-1.24,,
93.605,LAND_YAW_ALIGN,3.772,-1.4067,0.297,-37.17,0.54,-0.67,15.0,-0.0845,0.0068,0.0102,,0.785,,1.353,,3.68,-1.24,,
93.643,LAND_YAW_ALIGN,3.7706,-1.4096,0.299,-36.4,0.22,-0.9,15.0,-0.0744,-0.006,0.0082,,0.803,,1.353,,3.68,-1.24,,
93.721,LAND_YAW_ALIGN,3.7675,-1.4121,0.3,-35.65,-0.09,-1.02,15.0,-0.0669,-0.016,0.0097,,0.803,,1.384,,3.68,-1.24,,
93.729,LAND_YAW_ALIGN,3.7642,-1.4171,0.296,-34.88,-0.2,-0.99,15.0,-0.0597,-0.0297,0.0081,,0.822,,1.384,,3.68,-1.24,,
93.758,LAND_YAW_ALIGN,3.7621,-1.4207,0.295,-34.18,-0.41,-0.9,15.0,-0.0498,-0.0373,-0.0009,,0.822,,1.414,,3.68,-1.24,,
93.845,LAND_YAW_ALIGN,3.7596,-1.4235,0.294,-33.57,-0.59,-0.79,15.0,-0.0416,-0.0401,-0.0022,,0.843,,1.414,,3.68,-1.24,,
93.886,LAND_YAW_ALIGN,3.7617,-1.4275,0.297,-33.05,-0.68,-0.59,15.0,-0.0238,-0.0431,-0.0014,,0.843,,1.422,,3.68,-1.24,,
93.911,LAND_YAW_ALIGN,3.7613,-1.4303,0.298,-32.61,-0.76,-0.32,15.0,-0.0157,-0.0421,0.0038,,0.861,,1.422,,3.68,-1.24,,
93.987,LAND_YAW_ALIGN,3.764,-1.4338,0.297,-32.18,-0.95,-0.04,15.0,-0.0024,-0.0404,0.0048,,0.861,,1.447,,3.68,-1.24,,
94.039,LAND_YAW_ALIGN,3.7673,-1.4363,0.299,-31.76,-1.08,0.03,15.0,0.0101,-0.0343,0.0034,,0.879,,1.447,,3.68,-1.24,,
94.104,LAND_YAW_ALIGN,3.7702,-1.4385,0.299,-31.25,-1.13,0.3,15.0,0.0194,-0.0275,0.0055,,0.879,,,,3.68,-1.24,,
94.111,LAND_YAW_ALIGN,3.7717,-1.4388,0.295,-30.63,-0.99,0.47,15.0,0.0224,-0.0159,0.0035,,0.897,,,,3.68,-1.24,,
94.195,LAND_YAW_ALIGN,3.7748,-1.4405,0.297,-29.92,-1.02,0.54,15.0,0.0276,-0.0096,-0.0033,,0.897,,1.493,,3.68,-1.24,,
94.281,LAND_YAW_ALIGN,3.7782,-1.4396,0.296,-29.07,-0.89,0.72,15.0,0.0322,0.003,0.0013,,0.927,,1.493,,3.68,-1.24,,
94.312,LAND_YAW_ALIGN,3.7808,-1.4391,0.299,-28.18,-0.78,0.95,15.0,0.0319,0.0131,-0.0033,,0.927,,1.539,,3.68,-1.24,,
94.387,LAND_YAW_ALIGN,3.7837,-1.4371,0.3,-27.28,-0.85,0.99,15.0,0.031,0.0253,0.0032,,0.964,,1.539,,3.68,-1.24,,
94.432,LAND_YAW_ALIGN,3.7858,-1.4349,0.299,-26.35,-0.61,1.19,15.0,0.0273,0.0371,0.0017,,0.964,,1.605,,3.68,-1.24,,
94.51,LAND_YAW_ALIGN,3.7892,-1.4313,0.299,-25.42,-0.53,1.14,15.0,0.0261,0.049,-0.0001,,1.003,,1.605,,3.68,-1.24,,
94.581,LAND_YAW_ALIGN,3.7912,-1.4274,0.301,-24.46,-0.37,1.0,15.0,0.0213,0.0593,0.0028,,1.003,,1.71,,3.68,-1.24,,
94.632,LAND_YAW_ALIGN,3.792,-1.4237,0.302,-23.53,-0.24,0.94,15.0,0.0147,0.0666,0.0057,,1.079,,1.71,,3.68,-1.24,,
94.638,LAND_YAW_ALIGN,3.7936,-1.4198,0.299,-22.65,0.06,0.89,15.0,0.0101,0.0715,0.0046,,1.079,,1.837,,3.68,-1.24,,
94.644,LAND_YAW_ALIGN,3.7938,-1.4171,0.298,-21.83,0.12,0.84,15.0,0.0028,0.0714,0.0002,,1.172,,1.837,,3.68,-1.24,,
94.699,LAND_YAW_ALIGN,3.7951,-1.4126,0.303,-21.0,0.38,0.8,15.0,-0.0015,0.0742,0.0014,,1.172,,1.955,,3.68,-1.24,,
94.794,LAND_YAW_ALIGN,3.796,-1.4076,0.302,-20.13,0.49,0.82,15.0,-0.0068,0.0758,0.0109,,,,1.955,,3.68,-1.24,,
94.884,LAND_YAW_ALIGN,3.7959,-1.4029,0.3,-19.25,0.66,0.65,15.0,-0.0133,0.0757,0.0047,,,,,,3.68,-1.24,,
94.897,LAND_YAW_ALIGN,3.7964,-1.3985,0.301,-18.44,0.72,0.58,15.0,-0.0172,0.0733,0.003,,,,,,3.68,-1.24,,
94.922,LAND_YAW_ALIGN,3.796,-1.3954,0.303,-17.66,1.05,0.62,15.0,-0.0226,0.0673,0.0046,,,,2.221,,3.68,-1.24,,
94.985,LAND_YAW_ALIGN,3.7944,-1.3917,0.302,-16.86,1.27,0.56,15.0,-0.0313,0.0604,0.0015,,,,2.221,,3.68,-1.24,,
95.004,LAND_YAW_ALIGN,3.7942,-1.3882,0.301,-16.08,1.28,0.52,15.0,-0.0353,0.0531,0.0,,,,2.26,,3.68,-1.24,,
95.021,LAND_YAW_ALIGN,3.7919,-1.3853,0.301,-15.23,1.38,0.57,15.0,-0.0435,0.0445,-0.0043,,1.266,,2.26,,3.68,-1.24,,
95.107,LAND_YAW_ALIGN,3.7913,-1.3842,0.303,-14.39,1.3,0.43,15.0,-0.0465,0.0325,-0.0048,,1.266,,2.283,,3.68,-1.24,,
95.173,LAND_YAW_ALIGN,3.7889,-1.3858,0.306,-13.5,1.27,0.19,15.0,-0.0513,0.0165,0.0014,,1.236,,2.283,,3.68,-1.24,,
95.269,LAND_YAW_ALIGN,3.7885,-1.3861,0.301,-12.6,1.29,0.09,15.0,-0.0495,0.0047,0.0031,,1.236,,2.293,,3.68,-1.24,,
95.332,LAND_YAW_ALIGN,3.7837,-1.3868,0.303,-11.74,1.19,-0.06,15.0,-0.0572,-0.0077,-0.0062,,1.22,,2.293,,3.68,-1.24,,
95.36,LAND_YAW_ALIGN,3.7829,-1.3884,0.299,-10.89,1.13,-0.13,15.0,-0.0534,-0.0194,0.0031,,1.22,,2.294,,3.68,-1.24,,
95.377,LAND_YAW_ALIGN,3.7851,-1.3925,0.302,-10.08,0.96,-0.2,15.0,-0.0419,-0.0331,-0.0098,,1.206,,2.294,,3.68,-1.24,,
95.471,LAND_YAW_ALIGN,3.7857,-1.3974,0.308,-9.22,0.83,-0.21,15.0,-0.0351,-0.0467,-0.0011,,1.206,,2.294,,3.68,-1.24,,
95.541,LAND_YAW_ALIGN,3.7867,-1.4014,0.302,-8.37,0.59,-0.11,15.0,-0.0279,-0.0555,0.0069,,1.197,,2.294,,3.68,-1.24,,
95.587,LAND_YAW_ALIGN,3.7893,-1.406,0.303,-7.57,0.32,-0.06,15.0,-0.0188,-0.0623,-0.0064,,1.197,,2.301,,3.68,-1.24,,
95.644,LAND_YAW_ALIGN,3.7921,-1.4103,0.304,-6.86,0.06,0.01,15.0,-0.0099,-0.0655,-0.0031,,1.195,,2.301,,3.68,-1.24,,
95.702,LAND_YAW_ALIGN,3.7965,-1.414,0.302,-6.19,-0.13,0.21,15.0,0.0007,-0.0653,-0.0051,,1.195,,2.292,,3.68,-1.24,,
95.714,LAND_YAW_ALIGN,3.8006,-1.4177,0.305,-5.59,-0.32,0.41,15.0,0.0079,-0.0634,-0.0092,,1.218,,2.292,,3.68,-1.24,,
95.724,LAND_YAW_ALIGN,3.8042,-1.4216,0.302,-5.03,-0.48,0.57,15.0,0.0118,-0.0611,-0.0053,,1.218,,2.28,,3.68,-1.24,,
95.733,LAND_YAW_ALIGN,3.8097,-1.4252,0.306,-4.41,-0.58,0.75,15.0,0.0178,-0.0571,-0.0128,,1.239,,2.28,,3.68,-1.24,,
95.786,LAND_YAW_ALIGN,3.8159,-1.4274,0.308,-3.79,-0.75,0.79,15.0,0.0244,-0.0499,-0.0041,,1.239,,2.252,,3.68,-1.24,,
95.82,LAND_YAW_ALIGN,3.8201,-1.4286,0.309,-3.11,-0.79,1.03,15.0,0.0242,-0.0406,-0.0012,,1.269,,2.252,,3.68,-1.24,,
95.898,LAND_YAW_ALIGN,3.8239,-1.4285,0.311,-2.51,-0.95,1.27,15.0,0.0215,-0.0293,-0.0044,,1.269,,2.237,,3.68,-1.24,,
95.923,LAND_YAW_ALIGN,3.827,-1.4285,0.31,-1.93,-0.88,1.52,15.0,0.0152,-0.0181,-0.0014,,1.294,,2.237,,3.68,-1.24,,
96.012,LAND_YAW_ALIGN,3.8311,-1.4276,0.313,-1.36,-0.95,1.98,15.0,0.0095,-0.0076,-0.0093,,1.294,,2.234,,3.68,-1.24,,
96.042,LAND_YAW_ALIGN,3.8333,-1.426,0.309,-0.77,-1.02,2.18,15.0,-0.0035,0.0047,-0.0051,,1.364,,2.234,,3.68,-1.24,,
96.075,LAND_YAW_ALIGN,3.8351,-1.4238,0.307,-0.18,-0.92,2.39,15.0,-0.0214,0.0175,-0.0173,,1.364,,2.227,,3.68,-1.24,,
96.123,LAND_YAW_ALIGN,3.8364,-1.418,0.306,0.45,-0.86,2.32,-0.0,-0.0324,0.0329,-0.0222,,1.399,,2.227,,3.68,-1.24,,
96.177,LAND_YAW_ALIGN,3.8358,-1.4152,0.303,0.98,-0.37,1.47,-0.0,-0.0493,0.0405,-0.0229,,1.399,,2.219,,3.68,-1.24,,
96.22,LAND_YAW_ALIGN,3.8356,-1.4113,0.294,1.42,-0.0,0.78,-0.0,-0.0518,0.045,-0.0263,,1.409,,2.219,,3.68,-1.24,,
96.276,LAND_YAW_ALIGN,3.8346,-1.4066,0.293,1.78,0.31,0.08,-0.0,-0.0525,0.0476,-0.0268,,1.409,,2.218,,3.68,-1.24,,
96.36,LAND_YAW_ALIGN,3.8335,-1.4007,0.289,2.08,0.57,-0.24,-0.0,-0.0486,0.0515,-0.0286,,1.407,,2.218,,3.68,-1.24,,
96.409,LAND_YAW_ALIGN,3.8338,-1.3967,0.292,2.28,0.95,-0.45,-0.0,-0.039,0.0465,-0.0185,,1.407,,2.236,,3.68,-1.24,,
96.426,LAND_YAW_ALIGN,3.8341,-1.3941,0.29,2.43,1.03,-0.47,-0.0,-0.0308,0.04,-0.0061,,1.402,,2.236,,3.68,-1.24,,
96.457,LAND_YAW_ALIGN,3.8345,-1.3903,0.289,2.55,1.1,-0.58,-0.0,-0.0204,0.0338,-0.0033,,1.402,,2.226,,3.68,-1.24,,
96.518,LAND_YAW_ALIGN,3.8356,-1.3893,0.293,2.62,1.11,-0.47,-0.0,-0.0118,0.025,0.0006,,1.42,,2.226,,3.68,-1.24,,
96.583,LAND_YAW_ALIGN,3.8356,-1.388,0.294,2.68,1.06,-0.35,-0.0,-0.0058,0.0147,0.0116,,1.42,,2.22,,3.68,-1.24,,
96.614,LAND_YAW_ALIGN,3.8406,-1.3871,0.294,2.75,0.9,-0.32,-0.0,0.0093,0.0093,0.0152,,1.426,,2.22,,3.68,-1.24,,
96.676,LAND_YAW_ALIGN,3.8425,-1.3863,0.299,2.73,0.91,-0.12,-0.0,0.016,0.0018,0.017,,1.426,,2.222,,3.68,-1.24,,
96.722,LAND_YAW_ALIGN,3.8468,-1.3868,0.3,2.72,0.81,0.02,-0.0,0.0246,-0.0051,0.0256,,1.421,,2.222,,3.68,-1.24,,
96.768,LAND_YAW_ALIGN,3.8484,-1.3874,0.303,2.64,0.66,0.25,-0.0,0.0247,-0.0128,0.0167,,1.421,,2.234,,3.68,-1.24,,
96.84,LAND_YAW_ALIGN,3.8538,-1.3875,0.305,2.52,0.61,0.66,-0.0,0.0308,-0.0157,0.0186,,1.445,,2.234,,3.68,-1.24,,
96.871,LAND_YAW_ALIGN,3.8567,-1.3881,0.311,2.36,0.57,1.01,-0.0,0.0272,-0.0202,0.0136,,1.445,,2.24,,3.68,-1.24,,
96.941,LAND_YAW_ALIGN,3.8601,-1.3885,0.312,2.17,0.31,1.2,-0.0,0.0248,-0.0214,0.0228,,1.435,,2.24,,3.68,-1.24,,
96.97,LAND_YAW_ALIGN,3.8614,-1.3901,0.317,2.06,0.16,1.32,-0.0,0.0132,-0.0253,0.0132,,1.435,,2.225,,3.68,-1.24,,
97.041,LAND_YAW_ALIGN,3.8618,-1.3926,0.319,1.94,0.11,1.46,-0.0,0.0037,-0.0293,0.0183,,1.431,,2.225,,3.68,-1.24,,
97.075,LAND_YAW_ALIGN,3.8629,-1.3937,0.315,1.83,0.12,1.56,-0.0,-0.0085,-0.0298,0.003,,1.431,,2.238,,3.68,-1.24,,
97.11,LAND_YAW_ALIGN,3.8624,-1.3964,0.316,1.69,-0.05,1.52,-0.0,-0.0185,-0.0332,-0.013,,1.442,,2.238,,3.68,-1.24,,
97.163,LAND_YAW_ALIGN,3.8626,-1.3973,0.307,1.63,-0.1,1.37,-0.0,-0.0304,-0.031,-0.0153,,1.442,,2.23,,3.68,-1.24,,
97.225,LAND_YAW_ALIGN,3.861,-1.3967,0.295,1.58,-0.31,1.11,-0.0,-0.0384,-0.0254,-0.0383,,1.463,,2.23,,3.68,-1.24,,
97.289,LAND_YAW_ALIGN,3.8607,-1.4008,0.293,1.49,-0.35,0.98,-0.0,-0.0457,-0.0281,-0.0391,,1.463,,2.235,,3.68,-1.24,,
97.321,LAND_YAW_ALIGN,3.859,-1.3997,0.281,1.42,-0.58,0.73,-0.0,-0.0502,-0.02,-0.0429,,1.442,,2.235,,3.68,-1.24,,
97.388,LAND_YAW_ALIGN,3.8561,-1.4001,0.279,1.36,-0.64,0.61,-0.0,-0.0582,-0.0124,-0.0404,,1.442,,2.235,,3.68,-1.24,,
97.409,LAND_YAW_ALIGN,3.852,-1.3993,0.274,1.35,-0.66,0.52,-0.0,-0.0645,-0.0048,-0.0365,,1.432,,2.235,,3.68,-1.24,,
97.489,LAND_YAW_ALIGN,3.8498,-1.398,0.281,1.34,-0.61,0.3,-0.0,-0.066,0.0038,-0.0294,,1.432,,2.236,,3.68,-1.24,,
97.518,LAND_YAW_ALIGN,3.8476,-1.396,0.273,1.36,-0.51,-0.08,-0.0,-0.0651,0.0122,0.0,,1.398,,2.236,,3.68,-1.24,,
97.602,LAND_YAW_ALIGN,3.8437,-1.3945,0.277,1.38,-0.27,-0.09,-0.0,-0.066,0.018,-0.0049,,1.398,,2.237,,3.68,-1.24,,
97.617,LAND_YAW_ALIGN,3.8414,-1.3931,0.282,1.33,-0.14,-0.16,-0.0,-0.0627,0.0206,0.0163,,1.387,,2.237,,3.68,-1.24,,
97.676,LAND_YAW_ALIGN,3.8397,-1.3901,0.284,1.3,0.01,-0.27,-0.0,-0.058,0.0256,0.028,,1.387,,2.243,,3.68,-1.24,,
97.725,LAND_YAW_ALIGN,3.8398,-1.386,0.29,1.24,0.15,-0.29,-0.0,-0.0488,0.0312,0.0221,,1.374,,2.243,,3.68,-1.24,,
97.779,LAND_YAW_ALIGN,3.8372,-1.3825,0.289,1.23,0.3,-0.42,-0.0,-0.0467,0.0344,0.0122,,1.374,,2.235,,3.68,-1.24,,
97.815,LAND_YAW_ALIGN,3.8355,-1.3816,0.292,1.19,0.53,-0.53,-0.0,-0.0413,0.0296,-0.0024,,1.356,,2.235,,3.68,-1.24,,
97.881,LAND_YAW_ALIGN,3.8345,-1.3789,0.292,1.21,0.68,-0.41,-0.0,-0.035,0.0279,-0.0082,,1.356,,2.252,,3.68,-1.24,,
97.91,LAND_YAW_ALIGN,3.8337,-1.3765,0.29,1.2,0.73,-0.54,-0.0,-0.0289,0.0251,-0.0243,,1.35,,2.252,,3.68,-1.24,,
97.98,LAND_YAW_ALIGN,3.832,-1.3756,0.29,1.21,0.84,-0.49,-0.0,-0.0254,0.0183,-0.0417,,1.35,,2.256,,3.68,-1.24,,
98.01,LAND_YAW_ALIGN,3.8322,-1.3753,0.289,1.19,0.89,-0.55,-0.0,-0.0181,0.0101,-0.0499,,1.34,,2.256,,3.68,-1.24,,
98.086,LAND_YAW_ALIGN,3.8312,-1.3747,0.286,1.18,1.0,-0.37,-0.0,-0.0143,0.0031,-0.0639,,1.34,,2.249,,3.68,-1.24,,
98.114,LAND_YAW_ALIGN,3.8346,-1.3753,0.284,1.12,0.96,-0.35,-0.0,-0.0022,-0.0062,-0.0724,,1.345,,2.249,,3.68,-1.24,,
98.178,LAND_YAW_ALIGN,3.8354,-1.3761,0.28,1.11,0.93,-0.03,-0.0,0.002,-0.0148,-0.0821,,1.345,,2.237,,3.68,-1.24,,
98.207,LAND_YAW_ALIGN,3.8351,-1.3759,0.278,1.08,0.78,0.21,-0.0,0.0004,-0.019,-0.0939,,1.373,,2.237,,3.68,-1.24,,
98.271,LAND_YAW_ALIGN,3.8389,-1.379,0.271,1.03,0.6,0.24,-0.0,0.0072,-0.0295,-0.0984,,1.373,,2.238,,3.68,-1.24,,
98.323,LAND_YAW_ALIGN,3.8407,-1.3805,0.269,1.03,0.44,0.42,-0.0,0.008,-0.0335,-0.1069,,1.401,,2.238,,3.68,-1.24,,
98.359,LAND_YAW_ALIGN,3.843,-1.3833,0.266,1.02,0.27,0.51,-0.0,0.0085,-0.039,-0.1079,,1.401,,2.242,,3.68,-1.24,,
98.423,LAND_YAW_ALIGN,3.8446,-1.3877,0.26,1.1,0.09,0.57,-0.0,0.0066,-0.0464,-0.107,,1.409,,2.242,,3.68,-1.24,,
98.457,LAND_YAW_ALIGN,3.8438,-1.3887,0.254,1.18,-0.08,0.72,-0.0,-0.0004,-0.0434,-0.119,,1.409,,2.229,,3.68,-1.24,,
98.537,LAND_YAW_ALIGN,3.8445,-1.3918,0.243,1.3,-0.2,0.72,-0.0,-0.0049,-0.0449,-0.1224,,,,2.229,,3.68,-1.24,,
98.56,LAND_YAW_ALIGN,3.8451,-1.3957,0.235,1.37,-0.44,0.65,-0.0,-0.0086,-0.0467,-0.134,,,,2.242,,3.68,-1.24,,
98.642,LAND_YAW_ALIGN,3.8472,-1.4002,0.22,1.48,-0.37,0.76,-0.0,-0.0084,-0.0485,-0.1366,,1.462,,2.242,,3.68,-1.24,,
98.663,LAND_YAW_ALIGN,3.8468,-1.4021,0.219,1.53,-0.62,0.76,-0.0,-0.0148,-0.0439,-0.1497,,1.462,,2.227,,3.68,-1.24,,
98.739,LAND_YAW_ALIGN,3.8451,-1.4025,0.207,1.59,-0.83,0.71,-0.0,-0.0235,-0.0335,-0.1283,,1.521,,2.227,,3.68,-1.24,,
98.759,LAND_YAW_ALIGN,3.844,-1.4018,0.195,1.62,-0.82,0.65,-0.0,-0.0289,-0.0214,-0.1423,,1.521,,2.239,,3.68,-1.24,,
98.818,LAND_YAW_ALIGN,3.8436,-1.4006,0.191,1.6,-1.0,0.45,-0.0,-0.0316,-0.0089,-0.1405,,1.501,,2.239,,3.68,-1.24,,
98.874,LAND_YAW_ALIGN,3.8378,-1.4022,0.185,1.55,-0.81,0.39,-0.0,-0.0458,-0.0026,-0.1264,,1.501,,2.227,,3.68,-1.24,,
98.926,LAND_YAW_ALIGN,3.8374,-1.3999,0.183,1.59,-0.6,0.32,-0.0,-0.0443,0.0082,-0.1224,,1.486,,2.227,,3.68,-1.24,,
98.971,LAND_YAW_ALIGN,3.8363,-1.395,0.179,1.54,-0.48,0.07,-0.0,-0.0433,0.024,-0.115,,1.486,,2.225,,3.68,-1.24,,
99.009,LAND_YAW_ALIGN,3.8355,-1.3921,0.17,1.48,-0.18,-0.04,-0.0,-0.0396,0.0307,-0.1026,,1.503,,2.225,,3.68,-1.24,,
99.099,LAND_YAW_ALIGN,3.835,-1.3878,0.166,1.41,-0.03,-0.23,-0.0,-0.0343,0.0393,-0.1106,,1.503,,2.234,,3.68,-1.24,,
99.13,LAND_YAW_ALIGN,3.8338,-1.3861,0.158,1.26,0.27,-0.27,-0.0,-0.0303,0.0382,-0.0999,,1.474,,2.234,,3.68,-1.24,,
99.222,LAND_YAW_ALIGN,3.8328,-1.3842,0.159,1.18,0.53,-0.25,-0.0,-0.0262,0.0349,-0.1068,,1.474,,2.227,,3.68,-1.24,,
99.257,LAND_YAW_ALIGN,3.8319,-1.3814,0.149,1.06,0.79,-0.24,-0.0,-0.0218,0.035,-0.0896,,1.466,,2.227,,3.68,-1.24,,
99.309,LAND_YAW_ALIGN,3.8317,-1.3793,0.147,1.01,0.98,-0.19,-0.0,-0.0166,0.0297,-0.1042,,1.466,,2.24,,3.68,-1.24,,
99.323,LAND_YAW_ALIGN,3.8312,-1.378,0.14,0.89,1.08,-0.25,-0.0,-0.0135,0.0209,-0.0921,,1.455,,2.24,,3.68,-1.24,,
99.359,LAND_YAW_ALIGN,3.8305,-1.3772,0.136,0.76,1.16,-0.12,-0.0,-0.0119,0.0114,-0.1011,,1.455,,2.238,,3.68,-1.24,,
99.421,LAND_YAW_ALIGN,3.8291,-1.3769,0.135,0.65,1.14,-0.15,-0.0,-0.0146,0.0003,-0.0946,,1.442,,2.238,,3.68,-1.24,,
99.46,LAND_YAW_ALIGN,3.8286,-1.3769,0.13,0.57,1.16,-0.09,-0.0,-0.0128,-0.008,-0.0941,,1.442,,2.237,,3.68,-1.24,,
99.524,LAND_YAW_ALIGN,3.8284,-1.3772,0.127,0.45,1.03,-0.06,-0.0,-0.0098,-0.0147,-0.0965,,1.44,,2.237,,3.68,-1.24,,
99.589,LAND_YAW_ALIGN,3.8286,-1.3797,0.123,0.46,0.97,-0.08,-0.0,-0.0067,-0.0315,-0.0931,,1.44,,2.23,,3.68,-1.24,,
99.615,LAND_YAW_ALIGN,3.8286,-1.3864,0.116,0.49,1.01,-0.0,-0.0,-0.0057,-0.0721,-0.0943,3.71,1.418,,2.23,,3.68,-1.24,,
99.677,LAND_YAW_ALIGN,3.8286,-1.3898,0.119,0.41,0.57,-0.1,-0.0,-0.0041,-0.0774,-0.1023,3.71,1.418,,2.248,,3.68,-1.24,,
99.715,LAND_YAW_ALIGN,3.8284,-1.3931,0.109,0.32,0.03,-0.06,-0.0,-0.0027,-0.0744,-0.083,,1.366,,2.248,,3.68,-1.24,,
99.772,LAND_YAW_ALIGN,3.8282,-1.3957,0.103,0.17,-0.31,-0.09,-0.0,-0.0026,-0.0659,-0.1046,,1.366,,2.226,,3.68,-1.24,,
99.817,LAND_YAW_ALIGN,3.8282,-1.3978,0.1,0.01,-0.81,-0.18,-0.0,0.0003,-0.0519,-0.1016,,,,2.226,,3.68,-1.24,,
99.871,LAND_YAW_ALIGN,3.8281,-1.4009,0.098,-0.14,-0.86,-0.27,-0.0,0.0006,-0.0477,-0.0958,,,,2.24,,3.68,-1.24,,
99.916,LAND_YAW_ALIGN,3.8286,-1.4022,0.085,-0.2,-0.96,-0.35,-0.0,0.0072,-0.0333,-0.0922,,1.216,,2.24,,3.68,-1.24,,
99.969,LAND_YAW_ALIGN,3.8291,-1.4034,0.084,-0.28,-1.03,-0.31,-0.0,0.011,-0.024,-0.1056,,1.216,,2.245,,3.68,-1.24,,
100.006,LAND_YAW_ALIGN,3.831,-1.4007,0.079,-0.41,-1.24,-0.06,-0.0,0.0261,0.0223,-0.0894,,,,2.245,,3.68,-1.24,,
100.075,LAND_YAW_ALIGN,3.8322,-1.3998,0.076,-0.44,-1.0,0.19,-0.0,0.0245,0.0276,-0.0959,,,,2.236,,3.68,-1.24,,
100.137,LAND_YAW_ALIGN,3.8324,-1.3992,0.069,-0.53,-0.62,0.58,-0.0,0.0154,0.0342,-0.0877,,,,2.236,,3.68,-1.24,,
100.164,LAND_YAW_ALIGN,3.8348,-1.3957,0.064,-0.48,-0.25,0.62,-0.0,0.0203,0.04,-0.0929,,,,2.234,,3.68,-1.24,,
100.231,LAND_YAW_ALIGN,3.8355,-1.3934,0.057,-0.48,-0.02,0.82,-0.0,0.0126,0.0446,-0.0917,,0.713,,2.234,,3.68,-1.24,,
100.266,LAND_YAW_ALIGN,3.8347,-1.394,0.053,-0.52,0.41,0.93,-0.0,-0.0023,0.0292,-0.0968,,0.713,,2.226,,3.68,-1.24,,
100.321,LAND_YAW_ALIGN,3.834,-1.3912,0.049,-0.52,0.29,0.95,-0.0,-0.0153,0.0355,-0.0856,,0.68,,2.226,,3.68,-1.24,,
100.364,LAND_YAW_ALIGN,3.8332,-1.3885,0.044,-0.45,0.49,0.74,-0.0,-0.0223,0.0375,-0.0817,,0.68,,2.231,,3.68,-1.24,,
100.426,LAND_YAW_ALIGN,3.831,-1.388,0.042,-0.4,0.66,0.66,-0.0,-0.0351,0.0272,-0.0758,,0.671,,2.231,,3.68,-1.24,,
100.462,LAND_YAW_ALIGN,3.8279,-1.3875,0.037,-0.36,0.74,0.55,0.0,-0.0486,0.0172,-0.0915,,0.671,,2.229,,3.68,-1.24,,
100.525,LAND_YAW_ALIGN,3.8274,-1.3808,0.023,-0.17,0.35,0.61,0.0,-0.0402,0.0463,-0.3197,,0.654,,2.229,,3.68,-1.24,,
100.56,LAND_YAW_ALIGN,3.8279,-1.3855,0.002,-0.25,0.43,0.72,0.0,-0.0086,0.0214,-0.6685,,0.654,,2.231,,3.68,-1.24,,
100.613,LAND_YAW_ALIGN,3.8487,-1.4065,0.019,8.79,5.77,-22.11,0.0,0.4226,-0.0295,0.0324,,,,2.231,,3.68,-1.24,,
100.673,LAND_YAW_ALIGN,3.882,-1.3869,0.011,20.96,21.21,-32.93,0.0,0.5502,-0.071,-0.1639,,,,,,3.68,-1.24,,
100.737,LAND_YAW_ALIGN,3.9278,-1.33,0.006,33.41,28.35,-41.58,0.0,0.6655,-0.1086,-0.257,0.166,,,,,3.68,-1.24,,
100.765,LAND_YAW_ALIGN,3.9222,-1.4361,0.002,23.31,22.59,-49.33,0.0,0.8303,-0.1225,-0.4946,0.166,,,0.042,,3.68,-1.24,,
100.833,LAND_YAW_ALIGN,3.9025,-1.6141,0.022,-3.38,-3.74,-55.38,0.0,0.9836,-0.1645,-0.7611,0.124,,,0.042,,3.68,-1.24,,
100.863,LAND_YAW_ALIGN,3.9502,-1.6717,0.011,-19.26,-20.74,-51.73,0.0,1.2649,-0.1814,-0.8495,0.124,,,,,3.68,-1.24,,
100.936,LAND_YAW_ALIGN,3.9889,-1.8134,0.011,-24.88,-22.09,-49.43,0.0,1.5062,-0.2472,-0.9352,0.127,,0.154,,,3.68,-1.24,,
100.963,LAND_YAW_ALIGN,4.0551,-1.9403,0.019,-17.9,-9.32,-50.31,0.0,1.6421,-0.3376,-0.7442,0.127,,0.154,2.235,,3.68,-1.24,,
101.029,LAND_YAW_ALIGN,4.1213,-2.0768,0.013,-18.1,-5.16,-49.42,0.0,1.6357,-0.3079,-0.5309,0.12,,,2.235,,3.68,-1.24,,
101.059,LAND_YAW_ALIGN,4.1911,-2.1495,0.023,-27.4,-14.27,-47.15,0.0,1.6016,-0.2202,-0.3512,0.12,,,0.107,,3.68,-1.24,,
101.12,LAND_YAW_ALIGN,4.2625,-2.1748,0.019,-28.8,-15.67,-45.56,0.0,1.5098,-0.1829,-0.1367,0.137,,,0.107,,3.68,-1.24,,
101.173,LAND_YAW_ALIGN,4.3167,-2.1464,0.024,-21.1,-7.81,-45.65,0.0,1.3442,-0.092,0.0109,0.137,,,,,3.68,-1.24,,
101.209,LAND_YAW_ALIGN,4.3406,-2.1249,0.023,-22.79,-10.7,-44.15,0.0,1.1295,0.0171,0.0609,0.121,,,,,3.68,-1.24,,
101.292,LAND_YAW_ALIGN,4.3494,-2.0959,0.021,-19.85,-8.14,-43.57,0.0,0.8837,0.062,0.0767,0.121,,,,,3.68,-1.24,,
101.324,LAND_YAW_ALIGN,4.3308,-2.0647,0.02,-19.25,-8.3,-42.57,0.0,0.607,0.1402,0.0341,0.137,,,,,3.68,-1.24,,
101.388,LAND_YAW_ALIGN,4.3112,-2.0305,0.022,-16.8,-6.44,-41.92,0.0,0.3515,0.1634,-0.0067,0.137,,,,,3.68,-1.24,,
101.427,LAND_YAW_ALIGN,4.299,-2.0064,0.02,-15.91,-6.02,-41.44,0.0,0.153,0.1931,-0.0414,0.119,,,,,3.68,-1.24,,
101.456,LAND_YAW_ALIGN,4.2921,-1.9776,0.025,-14.7,-5.48,-41.15,0.0,-0.0104,0.2011,-0.0715,0.119,,,,,3.68,-1.24,,
101.525,LAND_YAW_ALIGN,4.2942,-1.9543,0.024,-13.76,-5.04,-41.07,0.0,-0.1267,0.2137,-0.0797,0.136,,,,,3.68,-1.24,,
101.557,LAND_YAW_ALIGN,4.2951,-1.9357,0.023,-13.11,-4.73,-41.04,0.0,-0.2283,0.2372,-0.0901,0.136,,,,,3.68,-1.24,,
101.624,LAND_YAW_ALIGN,4.302,-1.911,0.023,-11.86,-4.14,-41.22,0.0,-0.3047,0.2186,-0.0908,0.119,,,,,3.68,-1.24,,
101.66,LAND_YAW_ALIGN,4.2986,-1.8953,0.024,-11.4,-3.93,-41.27,0.0,-0.3896,0.2399,-0.0962,0.119,,,,,3.68,-1.24,,
101.716,LAND_YAW_ALIGN,4.2852,-1.8809,0.023,-11.11,-3.79,-41.22,0.0,-0.4876,0.2688,-0.0964,0.136,,,,,3.68,-1.24,,
101.773,LAND_YAW_ALIGN,4.3014,-1.8632,0.023,-10.05,-3.29,-41.75,0.0,-0.4977,0.2373,-0.0881,0.136,,,,,3.68,-1.24,,
101.829,LAND_YAW_ALIGN,4.305,-1.8503,0.023,-9.27,-2.88,-42.08,0.0,-0.5342,0.2181,-0.0861,0.123,,,,,3.68,-1.24,,
101.88,LAND_YAW_ALIGN,4.3064,-1.84,0.022,-8.68,-2.56,-42.4,0.0,-0.5683,0.2064,-0.0877,0.123,,,,,3.68,-1.24,,
101.926,LAND_YAW_ALIGN,4.3152,-1.8319,0.026,-8.08,-2.24,-42.88,0.0,-0.5717,0.1884,-0.0841,0.135,,,,,3.68,-1.24,,
101.983,LAND_YAW_ALIGN,4.3147,-1.8255,0.021,-7.63,-1.97,-43.2,0.0,-0.5932,0.1762,-0.0781,0.135,,,,,3.68,-1.24,,
102.075,LAND_YAW_ALIGN,4.3139,-1.8196,0.023,-7.3,-1.78,-43.54,0.0,-0.6117,0.1716,-0.0803,0.121,,,,,3.68,-1.24,,
102.115,LAND_YAW_ALIGN,4.3109,-1.8153,0.023,-6.98,-1.58,-43.85,0.0,-0.6308,0.1637,-0.081,0.121,,,,,3.68,-1.24,,
102.148,LAND_YAW_ALIGN,4.3071,-1.8127,0.023,-6.64,-1.33,-44.15,0.0,-0.6454,0.15,-0.077,0.138,,,,,3.68,-1.24,,
102.184,LAND_YAW_ALIGN,4.297,-1.8088,0.024,-6.45,-1.2,-44.36,0.0,-0.6741,0.1488,-0.0765,0.138,,,,,3.68,-1.24,,
102.223,LAND_YAW_ALIGN,4.2791,-1.8043,0.026,-6.32,-1.1,-44.44,0.0,-0.7209,0.1516,-0.0744,0.12,,,,,3.68,-1.24,,
102.26,LAND_YAW_ALIGN,4.2522,-1.7988,0.025,-6.22,-1.02,-44.4,0.0,-0.7866,0.1587,-0.0715,0.12,,,,,3.68,-1.24,,
102.34,LAND_YAW_ALIGN,4.2515,-1.7973,0.025,-6.08,-0.91,-44.88,0.0,-0.7616,0.1522,-0.0561,0.135,,,,,3.68,-1.24,,
102.372,LAND_YAW_ALIGN,4.264,-1.8015,0.026,-5.82,-0.65,-45.56,0.0,-0.7012,0.1256,-0.0498,0.135,,,,,3.68,-1.24,,
102.434,LAND_YAW_ALIGN,4.2719,-1.8038,0.025,-5.66,-0.48,-46.1,0.0,-0.6597,0.1109,-0.0514,0.119,,,,,3.68,-1.24,,
102.462,LAND_YAW_ALIGN,4.2687,-1.804,0.027,-5.57,-0.38,-46.42,0.0,-0.6532,0.1047,-0.059,0.119,,,,,3.68,-1.24,,
102.524,LAND_YAW_ALIGN,4.2641,-1.8047,0.025,-5.48,-0.28,-46.7,0.0,-0.649,0.0976,-0.0601,0.134,,,,,3.68,-1.24,,
102.562,LAND_YAW_ALIGN,4.2534,-1.804,0.027,-5.42,-0.2,-46.87,0.0,-0.6609,0.0949,-0.0649,0.134,,,,,3.68,-1.24,,
102.644,LAND_YAW_ALIGN,4.2504,-1.8037,0.023,-5.41,-0.17,-47.16,0.0,-0.6454,0.0933,-0.0601,0.121,,,,,3.68,-1.24,,
102.663,LAND_YAW_ALIGN,4.2527,-1.8047,0.024,-5.4,-0.12,-47.55,0.0,-0.615,0.0889,-0.0643,0.121,,,1.172,,3.68,-1.24,,
102.732,LAND_YAW_ALIGN,4.252,-1.8077,0.02,-5.31,0.02,-47.85,0.0,-0.5941,0.0745,-0.0637,0.135,,,1.172,,3.68,-1.24,,
102.763,LAND_YAW_ALIGN,4.2438,-1.8082,0.022,-5.28,0.08,-48.01,0.0,-0.5991,0.0704,-0.0712,0.135,,,,,3.68,-1.24,,
102.835,LAND_YAW_ALIGN,4.2322,-1.8076,0.021,-5.26,0.12,-48.09,0.0,-0.6106,0.0686,-0.0679,0.119,,,,,3.68,-1.24,,
102.864,LAND_YAW_ALIGN,4.2157,-1.8048,0.027,-5.29,0.09,-48.1,0.0,-0.6342,0.0751,-0.0671,0.119,,,,,3.68,-1.24,,
102.925,LAND_YAW_ALIGN,4.201,-1.8054,0.023,-5.22,0.18,-48.15,0.0,-0.6454,0.0668,-0.0516,0.138,,,,,3.68,-1.24,,
102.958,LAND_YAW_ALIGN,4.2077,-1.8052,0.024,-5.33,0.12,-48.58,0.0,-0.5883,0.0691,-0.0497,0.138,,,,,3.68,-1.24,,
103.021,LAND_YAW_ALIGN,4.2058,-1.8068,0.025,-5.32,0.17,-48.82,0.0,-0.562,0.0613,-0.0468,0.121,,,,,3.68,-1.24,,
103.064,LAND_YAW_ALIGN,4.1967,-1.8061,0.028,-5.33,0.18,-48.9,0.0,-0.5615,0.0612,-0.0449,0.121,,,,,3.68,-1.24,,
103.114,LAND_YAW_ALIGN,4.1905,-1.8079,0.027,-5.28,0.27,-49.03,0.0,-0.5477,0.0516,-0.0342,0.136,,,,,3.68,-1.24,,
103.177,LAND_YAW_ALIGN,4.1896,-1.8068,0.026,-5.35,0.22,-49.23,0.0,-0.5233,0.0551,-0.034,0.136,,,,,3.68,-1.24,,
103.23,LAND_YAW_ALIGN,4.1864,-1.8093,0.026,-5.28,0.34,-49.37,0.0,-0.5099,0.0437,-0.0356,0.121,1.259,,,,3.68,-1.24,,
103.274,LAND_YAW_ALIGN,4.1781,-1.8084,0.024,-5.32,0.3,-49.43,0.0,-0.513,0.0456,-0.0381,0.121,1.259,,,,3.68,-1.24,,
103.322,LAND_YAW_ALIGN,4.1698,-1.8085,0.026,-5.33,0.3,-49.49,0.0,-0.5177,0.0432,-0.0424,0.138,,,,,3.68,-1.24,,
103.371,LAND_YAW_ALIGN,4.1638,-1.8084,0.023,-5.33,0.32,-49.6,0.0,-0.5121,0.0423,-0.0405,0.138,,,,,3.68,-1.24,,
103.423,LAND_YAW_ALIGN,4.158,-1.8064,0.027,-5.38,0.27,-49.7,0.0,-0.5083,0.0477,-0.0448,0.121,1.223,,,,3.68,-1.24,,
103.455,LAND_YAW_ALIGN,4.1445,-1.8074,0.025,-5.32,0.35,-49.64,0.0,-0.5267,0.0416,-0.0404,0.121,1.223,,,,3.68,-1.24,,
103.548,LAND_YAW_ALIGN,4.1394,-1.8068,0.022,-5.34,0.34,-49.74,0.0,-0.5191,0.0419,-0.0387,0.136,1.18,,,,3.68,-1.24,,
103.581,LAND_YAW_ALIGN,4.1406,-1.8079,0.022,-5.37,0.37,-50.05,-0.0,-0.3935,0.028,-0.1689,0.136,1.18,,,,3.68,-1.24,,
103.619,LAND_YAW_ALIGN,4.1256,-1.8151,0.018,-5.79,0.51,-43.05,-0.0,-0.1032,-0.0309,-0.3774,0.123,,,,,3.68,-1.24,,
103.701,LAND_YAW_ALIGN,4.0038,-1.7954,0.013,-6.18,-0.76,-24.66,-0.0,-0.1111,-0.0083,-0.3063,0.123,,,,,3.68,-1.24,,
103.721,LAND_YAW_ALIGN,3.9224,-1.7795,0.128,-6.26,-0.79,-14.53,-0.0,-0.1394,0.0222,-0.2413,0.238,0.733,,,,3.68,-1.24,,
103.783,LAND_YAW_ALIGN,3.9686,-1.8172,0.098,-6.67,0.42,-9.29,-0.0,0.141,-0.1031,0.027,0.238,0.733,,2.195,,3.68,-1.24,,
103.814,LAND_YAW_ALIGN,4.086,-1.8228,0.093,-6.36,-0.56,-6.71,-0.0,0.5837,-0.1162,-0.0462,0.337,0.755,,2.195,,3.68,-1.24,,
103.882,LAND_YAW_ALIGN,4.1299,-1.8212,0.08,-5.73,-1.34,1.35,-0.0,0.6362,-0.0848,0.0406,0.337,0.755,,2.194,,3.68,-1.24,,
103.914,LAND_YAW_ALIGN,4.1573,-1.8183,0.065,-5.27,-1.45,8.79,-0.0,0.5504,-0.0433,0.0646,,0.211,,2.194,,3.68,-1.24,,
103.984,LAND_YAW_ALIGN,4.1843,-1.8146,0.055,-4.94,-1.22,11.32,-0.0,0.5396,-0.014,-0.0406,,0.211,,2.176,,3.68,-1.24,,
104.018,LAND_YAW_ALIGN,4.2112,-1.8111,0.035,-4.85,-0.9,11.96,-0.0,0.546,0.0075,-0.0674,,0.331,,2.176,,3.68,-1.24,,
104.057,LAND_YAW_ALIGN,4.2382,-1.809,0.026,-5.02,-0.45,12.25,-0.0,0.5417,0.0193,-0.0762,,0.331,,,,3.68,-1.24,,
104.133,LAND_YAW_ALIGN,4.2575,-1.8135,0.028,-5.88,0.64,14.25,-0.0,0.3481,0.0151,0.08,,0.407,,,,3.68,-1.24,,
104.17,LAND_YAW_ALIGN,4.2802,-1.8083,0.033,-5.72,0.72,13.66,-0.0,0.3599,0.0279,0.0533,,0.407,,,,3.68,-1.24,,
104.24,LAND_YAW_ALIGN,4.3,-1.8067,0.046,-5.92,0.92,12.45,-0.0,0.3221,0.0268,0.0936,3.39,0.47,,,,3.68,-1.24,,
104.272,LAND_YAW_ALIGN,4.3239,-1.8008,0.061,-5.76,0.84,11.13,-0.0,0.3728,0.0369,0.1167,3.39,0.47,,,,3.68,-1.24,,
104.309,LAND_YAW_ALIGN,4.3471,-1.796,0.081,-5.81,1.02,10.47,-0.0,0.3997,0.0408,0.1622,,0.543,,,,3.68,-1.24,,
104.372,LAND_YAW_ALIGN,4.3647,-1.7932,0.102,-6.0,1.23,10.76,-0.0,0.3457,0.0381,0.2558,,0.543,,,,3.68,-1.24,,
104.406,LAND_YAW_ALIGN,4.3769,-1.7927,0.121,-6.29,1.57,10.91,-0.0,0.2619,0.0287,0.3035,3.308,0.594,,,,3.68,-1.24,,
104.481,LAND_YAW_ALIGN,4.3849,-1.7926,0.134,-6.44,1.67,10.57,-0.0,0.1688,0.0188,0.3218,3.308,0.594,,2.098,,3.68,-1.24,,
104.512,LAND_YAW_ALIGN,4.3901,-1.7938,0.152,-6.51,1.47,9.52,-0.0,0.0846,0.0073,0.3123,,0.644,,2.098,,3.68,-1.24,,
104.577,LAND_YAW_ALIGN,4.3915,-1.7948,0.162,-6.54,1.31,7.99,-0.0,0.0117,-0.0012,0.3126,,0.644,,2.202,,3.68,-1.24,,
104.62,LAND_YAW_ALIGN,4.391,-1.7927,0.179,-6.44,0.86,6.53,-0.0,-0.0496,0.0044,0.2798,3.228,0.695,,2.202,,3.68,-1.24,,
104.664,LAND_YAW_ALIGN,4.3868,-1.7934,0.188,-6.45,0.61,4.82,-0.0,-0.0998,0.0007,0.2788,3.228,0.695,,2.244,,3.68,-1.24,,
104.723,LAND_YAW_ALIGN,4.3814,-1.7943,0.191,-6.45,0.42,3.27,-0.0,-0.1341,-0.0031,0.2459,3.201,0.855,,2.244,,3.68,-1.24,,
104.779,LAND_YAW_ALIGN,4.3749,-1.7955,0.2,-6.47,0.12,1.98,-0.0,-0.1561,-0.0063,0.2226,3.201,0.855,,2.256,,3.68,-1.24,,
104.808,LAND_YAW_ALIGN,4.3687,-1.7965,0.212,-6.49,-0.14,0.98,-0.0,-0.162,-0.0073,0.2054,,1.402,,2.256,,3.68,-1.24,,
104.874,LAND_YAW_ALIGN,4.3608,-1.7982,0.22,-6.49,-0.31,0.04,-0.0,-0.1651,-0.0092,0.2031,,1.402,,2.249,,3.68,-1.24,,
104.931,LAND_YAW_ALIGN,4.3529,-1.7992,0.232,-6.47,-0.45,-0.51,-0.0,-0.1626,-0.0082,0.1843,3.204,,,2.249,,3.68,-1.24,,
104.986,LAND_YAW_ALIGN,4.3461,-1.7996,0.245,-6.43,-0.56,-0.94,-0.0,-0.151,-0.0046,0.1889,3.204,,,2.253,,3.68,-1.24,,
105.04,LAND_YAW_ALIGN,4.3397,-1.8,0.258,-6.4,-0.58,-1.15,-0.0,-0.1385,-0.0021,0.1792,,2.338,,2.253,,3.68,-1.24,,
105.075,LAND_YAW_ALIGN,4.3335,-1.7999,0.265,-6.36,-0.56,-1.17,-0.0,-0.1262,0.0022,0.1768,,2.338,,,,3.68,-1.24,,
105.151,LAND_YAW_ALIGN,4.3283,-1.8002,0.273,-6.29,-0.47,-1.11,-0.0,-0.1133,0.0038,0.1578,3.208,2.387,,,,3.68,-1.24,,
105.215,LAND_YAW_ALIGN,4.3237,-1.8008,0.281,-6.18,-0.47,-0.91,-0.0,-0.1018,0.0044,0.1497,3.208,2.387,,0.691,,3.68,-1.24,,
105.225,LAND_YAW_ALIGN,4.3193,-1.7966,0.291,-6.08,-0.37,-0.7,-0.0,-0.0932,0.0173,0.1355,,2.376,,0.691,,3.68,-1.24,,
105.286,LAND_YAW_ALIGN,4.3156,-1.7954,0.295,-6.0,-0.38,-0.53,-0.0,-0.0854,0.0205,0.1302,,2.376,,0.617,,3.68,-1.24,,
105.314,LAND_YAW_ALIGN,4.3129,-1.7947,0.302,-5.92,-0.09,-0.25,-0.0,-0.0774,0.0217,0.1102,3.193,2.399,,0.617,,3.68,-1.24,,
105.361,LAND_YAW_ALIGN,4.3126,-1.793,0.307,-5.86,0.05,-0.11,-0.0,-0.0665,0.0226,0.1048,3.193,2.399,,0.591,,3.68,-1.24,,
105.434,LAND_YAW_ALIGN,4.3111,-1.7922,0.312,-5.84,0.03,0.15,-0.0,-0.0623,0.0216,0.0901,3.21,2.38,,0.591,,3.68,-1.24,,
105.486,LAND_YAW_ALIGN,4.3097,-1.7916,0.317,-5.78,0.26,0.29,-0.0,-0.0596,0.0198,0.0833,3.21,2.38,,0.603,,3.68,-1.24,,
105.515,LAND_YAW_ALIGN,4.3123,-1.7916,0.322,-5.78,0.3,0.41,-0.0,-0.0492,0.0153,0.072,3.211,2.397,,0.603,,3.68,-1.24,,
105.58,LAND_YAW_ALIGN,4.3093,-1.7815,0.324,-5.75,0.25,0.48,-0.0,-0.0542,0.0335,0.0664,3.211,2.397,,0.483,,3.68,-1.24,,
105.615,LAND_YAW_ALIGN,4.3088,-1.7796,0.329,-5.75,0.45,0.51,-0.0,-0.0535,0.0315,0.0523,,2.386,,0.483,,3.68,-1.24,,
105.676,LAND_YAW_ALIGN,4.3069,-1.7777,0.335,-5.76,0.57,0.55,-0.0,-0.0568,0.0287,0.0506,,2.386,,0.402,,3.68,-1.24,,
105.721,LAND_YAW_ALIGN,4.3068,-1.7769,0.334,-5.75,0.72,0.5,-0.0,-0.0556,0.0229,0.045,,2.399,,0.402,,3.68,-1.24,,
105.803,LAND_YAW_ALIGN,4.3049,-1.7774,0.332,-5.79,0.73,0.5,-0.0,-0.0584,0.0146,0.0309,,2.399,,0.498,,3.68,-1.24,,
105.83,LAND_YAW_ALIGN,4.3012,-1.7806,0.336,-5.78,0.7,0.44,-0.0,-0.0642,0.0016,0.0206,3.219,2.415,,0.498,,3.68,-1.24,,
105.866,LAND_YAW_ALIGN,4.3024,-1.7841,0.339,-5.77,0.67,0.36,-0.0,-0.0596,-0.0102,0.0232,3.219,2.415,,0.609,,3.68,-1.24,,
105.923,LAND_YAW_ALIGN,4.2999,-1.7861,0.339,-5.77,0.49,0.3,-0.0,-0.0617,-0.0176,0.0202,3.229,2.404,,0.609,,3.68,-1.24,,
105.955,LAND_YAW_ALIGN,4.3,-1.7928,0.337,-5.79,0.32,0.34,-0.0,-0.0588,-0.031,0.0124,3.229,2.404,,,,3.68,-1.24,,
106.018,LAND_YAW_ALIGN,4.3,-1.7959,0.341,-5.84,0.05,0.27,-0.0,-0.0562,-0.0352,0.0066,3.25,2.407,,,,3.68,-1.24,,
106.075,LAND_YAW_ALIGN,4.2997,-1.8017,0.34,-5.93,-0.19,0.37,-0.0,-0.0541,-0.0415,0.0132,3.25,2.407,,2.251,,3.68,-1.24,,
106.114,LAND_YAW_ALIGN,4.2996,-1.8054,0.342,-5.97,-0.38,0.37,-0.0,-0.0525,-0.0418,0.0054,3.234,2.398,,2.251,,3.68,-1.24,,
106.18,LAND_YAW_ALIGN,4.2985,-1.8097,0.343,-6.04,-0.62,0.45,-0.0,-0.0527,-0.0415,0.0071,3.234,2.398,,2.253,,3.68,-1.24,,
106.213,LAND_YAW_ALIGN,4.2993,-1.8131,0.342,-6.05,-0.85,0.4,-0.0,-0.0497,-0.0376,0.0074,3.215,2.403,,2.253,,3.68,-1.24,,
106.258,LAND_YAW_ALIGN,4.2955,-1.8168,0.342,-6.07,-0.99,0.44,-0.0,-0.0544,-0.0329,0.0033,3.215,2.403,,2.255,,3.68,-1.24,,
106.315,LAND_YAW_ALIGN,4.2937,-1.8191,0.343,-6.07,-1.2,0.3,-0.0,-0.0552,-0.0249,0.0021,,2.406,,2.255,,3.68,-1.24,,
106.361,LAND_YAW_ALIGN,4.2899,-1.8201,0.342,-6.04,-1.29,0.34,-0.0,-0.0584,-0.0142,-0.0001,,2.406,,2.251,,3.68,-1.24,,
106.41,LAND_YAW_ALIGN,4.2855,-1.8211,0.343,-5.99,-1.33,0.2,-0.0,-0.0622,-0.0036,-0.0035,3.247,2.394,,2.251,,3.68,-1.24,,
106.46,LAND_YAW_ALIGN,4.2841,-1.8182,0.341,-5.94,-1.38,0.06,-0.0,-0.0591,0.0126,-0.0019,3.247,2.394,,2.257,,3.68,-1.24,,
106.528,LAND_YAW_ALIGN,4.2825,-1.8152,0.344,-5.84,-1.28,-0.1,-0.0,-0.056,0.0276,-0.0053,3.227,2.396,,2.257,,3.68,-1.24,,
106.573,LAND_YAW_ALIGN,4.2822,-1.8114,0.344,-5.77,-1.13,-0.35,-0.0,-0.0488,0.0413,0.0002,3.227,2.396,,2.246,,3.68,-1.24,,
106.605,LAND_YAW_ALIGN,4.2813,-1.8044,0.345,-5.68,-0.87,-0.4,-0.0,-0.0426,0.0574,0.0005,,2.402,,2.246,,3.68,-1.24,,
106.668,LAND_YAW_ALIGN,4.2821,-1.7997,0.341,-5.58,-0.52,-0.61,-0.0,-0.033,0.0661,0.0025,,2.402,,2.261,,3.68,-1.24,,
106.722,LAND_YAW_ALIGN,4.2819,-1.7966,0.345,-5.43,-0.13,-0.58,-0.0,-0.0256,0.0685,-0.0059,3.226,2.403,,2.261,,3.68,-1.24,,
106.761,LAND_YAW_ALIGN,4.2824,-1.7908,0.344,-5.28,0.34,-0.64,-0.0,-0.0176,0.0716,0.0036,3.226,2.403,,2.263,,3.68,-1.24,,
106.843,LAND_YAW_ALIGN,4.2835,-1.7867,0.338,-5.09,0.67,-0.52,-0.0,-0.0101,0.0678,-0.002,3.22,2.405,,2.263,,3.68,-1.24,,
106.859,LAND_YAW_ALIGN,4.2866,-1.7832,0.344,-4.9,1.0,-0.47,-0.0,-0.0005,0.061,-0.0119,3.22,2.405,,2.274,,3.68,-1.24,,
106.929,LAND_YAW_ALIGN,4.2887,-1.7783,0.345,-4.72,1.22,-0.3,-0.0,0.0059,0.0546,0.0049,,2.403,,2.274,,3.68,-1.24,,
106.961,LAND_YAW_ALIGN,4.2914,-1.7753,0.343,-4.5,1.42,-0.08,-0.0,0.0108,0.0446,0.0026,,2.403,,2.274,,3.68,-1.24,,
107.029,LAND_YAW_ALIGN,4.294,-1.7741,0.344,-4.29,1.4,0.11,-0.0,0.0136,0.0312,-0.0022,3.209,2.397,,2.274,,3.68,-1.24,,
107.064,LAND_YAW_ALIGN,4.2974,-1.7726,0.344,-4.13,1.54,0.3,-0.0,0.0164,0.0193,0.0012,3.209,2.397,,2.27,,3.68,-1.24,,
107.131,LAND_YAW_ALIGN,4.2987,-1.7718,0.343,-4.01,1.37,0.45,-0.0,0.0155,0.0032,0.0093,,2.406,,2.27,,3.68,-1.24,,
107.163,LAND_YAW_ALIGN,4.3009,-1.7745,0.346,-3.95,1.22,0.45,-0.0,0.0118,-0.0094,0.0306,,2.406,,2.285,,3.68,-1.24,,
107.21,LAND_YAW_ALIGN,4.3021,-1.778,0.344,-3.82,1.02,0.51,-0.0,0.0085,-0.0241,0.0367,3.219,2.404,,2.285,,3.68,-1.24,,
107.268,LAND_YAW_ALIGN,4.3017,-1.7816,0.344,-3.7,0.83,0.64,-0.0,0.0017,-0.0359,0.033,3.219,2.404,,2.27,,3.68,-1.24,,
107.336,LAND_YAW_ALIGN,4.3031,-1.7852,0.35,-3.51,0.63,0.72,-0.0,-0.002,-0.0451,0.0314,,2.397,,2.27,,3.68,-1.24,,
107.387,LAND_YAW_ALIGN,4.3034,-1.7891,0.353,-3.26,0.32,0.78,-0.0,-0.0077,-0.0517,0.0361,,2.397,,2.27,,3.68,-1.24,,
107.447,LAND_YAW_ALIGN,4.3022,-1.7931,0.357,-2.94,0.23,0.77,-0.0,-0.0154,-0.0562,0.0322,3.191,2.408,,2.27,,3.68,-1.24,,
107.469,LAND_YAW_ALIGN,4.3035,-1.7962,0.354,-2.65,0.16,0.8,-0.0,-0.0182,-0.0581,0.0262,3.191,2.408,,2.264,,3.68,-1.24,,
107.552,LAND_YAW_ALIGN,4.3039,-1.8006,0.356,-2.35,-0.01,0.57,-0.0,-0.0211,-0.0615,0.0042,3.171,2.399,,2.264,,3.68,-1.24,,
107.569,LAND_YAW_ALIGN,4.3018,-1.8027,0.353,-2.17,-0.12,0.35,-0.0,-0.0268,-0.0592,-0.0023,3.171,2.399,,2.269,,3.68,-1.24,,
107.604,LAND_YAW_ALIGN,4.2999,-1.806,0.354,-2.06,-0.31,0.27,-0.0,-0.0303,-0.0585,-0.0224,3.18,2.403,,2.269,,3.68,-1.24,,
107.675,LAND_YAW_ALIGN,4.2991,-1.8086,0.352,-2.02,-0.36,0.17,-0.0,-0.0307,-0.0551,-0.0261,3.18,2.403,,2.251,,3.68,-1.24,,
107.711,LAND_YAW_ALIGN,4.2977,-1.8111,0.353,-1.99,-0.51,0.1,-0.0,-0.0318,-0.0514,-0.0364,3.159,2.408,,2.251,,3.68,-1.24,,
107.767,LAND_YAW_ALIGN,4.2983,-1.8137,0.353,-2.01,-0.78,-0.15,-0.0,-0.0273,-0.0465,-0.0362,3.159,2.408,,2.258,,3.68,-1.24,,
107.804,LAND_YAW_ALIGN,4.2973,-1.8166,0.35,-2.01,-1.04,-0.15,-0.0,-0.0249,-0.0407,-0.0422,3.184,2.401,,2.258,,3.68,-1.24,,
107.858,LAND_YAW_ALIGN,4.2983,-1.8198,0.347,-2.09,-1.15,-0.08,-0.0,-0.0194,-0.0343,-0.0585,3.184,2.401,,2.249,,3.68,-1.24,,
107.911,LAND_YAW_ALIGN,4.2978,-1.8234,0.347,-2.1,-1.35,0.03,-0.0,-0.0174,-0.028,-0.0648,3.161,2.405,,2.249,,3.68,-1.24,,
107.977,LAND_YAW_ALIGN,4.2986,-1.8247,0.343,-2.09,-1.35,0.14,-0.0,-0.0142,-0.0174,-0.07,3.161,2.405,,2.251,,3.68,-1.24,,
108.014,LAND_YAW_ALIGN,4.302,-1.8264,0.337,-2.0,-1.52,0.15,-0.0,-0.0071,-0.0077,-0.0833,,2.415,,2.251,,3.68,-1.24,,
108.076,LAND_YAW_ALIGN,4.3051,-1.8275,0.333,-1.88,-1.51,0.12,-0.0,-0.0004,0.0034,-0.0921,,2.415,,2.254,,3.68,-1.24,,
108.112,LAND_YAW_ALIGN,4.3082,-1.8284,0.327,-1.76,-1.35,0.29,-0.0,0.0046,0.013,-0.0962,3.165,2.399,,2.254,,3.68,-1.24,,
108.178,LAND_YAW_ALIGN,4.3131,-1.827,0.325,-1.68,-1.19,0.4,-0.0,0.0114,0.0244,-0.1126,3.165,2.399,,2.243,,3.68,-1.24,,
108.257,LAND_YAW_ALIGN,4.3165,-1.8263,0.32,-1.65,-1.09,0.55,-0.0,0.0139,0.0331,-0.1074,3.157,2.384,,2.243,,3.68,-1.24,,
108.276,LAND_YAW_ALIGN,4.3215,-1.8246,0.312,-1.59,-1.01,0.71,-0.0,0.0181,0.0413,-0.1155,3.157,2.384,,2.267,,3.68,-1.24,,
108.334,LAND_YAW_ALIGN,4.3256,-1.8225,0.305,-1.62,-0.93,0.83,-0.0,0.0188,0.0495,-0.1173,,2.365,,2.267,,3.68,-1.24,,
108.389,LAND_YAW_ALIGN,4.328,-1.8186,0.303,-1.66,-0.7,1.04,-0.0,0.0148,0.0594,-0.1272,,2.365,,2.259,,3.68,-1.24,,
108.417,LAND_YAW_ALIGN,4.3313,-1.816,0.295,-1.89,-0.52,1.18,-0.0,0.0112,0.0641,-0.1205,,2.317,,2.259,,3.68,-1.24,,
108.456,LAND_YAW_ALIGN,4.3351,-1.814,0.292,-2.16,-0.41,1.26,-0.0,0.0086,0.0658,-0.1356,,2.317,,2.251,,3.68,-1.24,,
108.512,LAND_YAW_ALIGN,4.3371,-1.8122,0.284,-2.51,0.09,1.44,-0.0,0.0013,0.0646,-0.1259,3.19,2.264,,2.251,,3.68,-1.24,,
108.581,LAND_YAW_ALIGN,4.3388,-1.8089,0.277,-2.79,0.13,1.51,-0.0,-0.007,0.0642,-0.1377,3.19,2.264,,2.256,,3.68,-1.24,,
108.611,LAND_YAW_ALIGN,4.3396,-1.8075,0.267,-3.03,0.4,1.61,-0.0,-0.0168,0.0588,-0.1308,3.179,2.098,,2.256,,3.68,-1.24,,
108.666,LAND_YAW_ALIGN,4.3406,-1.8068,0.264,-3.23,0.34,1.72,-0.0,-0.0264,0.0511,-0.142,3.179,2.098,,2.262,,3.68,-1.24,,
108.71,LAND_YAW_ALIGN,4.3351,-1.8049,0.254,-3.31,0.43,1.66,-0.0,-0.0507,0.0471,-0.127,3.169,,,2.262,,3.68,-1.24,,
108.768,LAND_YAW_ALIGN,4.342,-1.8116,0.248,-3.35,0.33,1.41,-0.0,-0.0411,0.023,-0.1411,3.169,,,2.263,,3.68,-1.24,,
108.814,LAND_YAW_ALIGN,4.3418,-1.8136,0.243,-3.42,0.16,1.43,-0.0,-0.0481,0.0141,-0.1301,3.189,,,2.263,,3.68,-1.24,,
108.869,LAND_YAW_ALIGN,4.3375,-1.8189,0.239,-3.49,-0.12,1.49,-0.0,-0.0647,-0.0007,-0.1326,3.189,,,2.264,,3.68,-1.24,,
108.914,LAND_YAW_ALIGN,4.3355,-1.8184,0.23,-3.74,-0.33,1.3,-0.0,-0.0726,0.0029,-0.1246,3.189,1.497,,2.264,,3.68,-1.24,,
108.972,LAND_YAW_ALIGN,4.3306,-1.8163,0.227,-4.1,-0.56,1.2,-0.0,-0.0857,0.0121,-0.1356,3.189,1.497,,2.257,,3.68,-1.24,,
109.004,LAND_YAW_ALIGN,4.328,-1.8147,0.221,-4.52,-0.86,0.77,-0.0,-0.0891,0.0208,-0.1219,3.19,,,2.257,,3.68,-1.24,,
109.076,LAND_YAW_ALIGN,4.3233,-1.811,0.212,-4.96,-0.97,0.42,-0.0,-0.094,0.0356,-0.1272,3.19,,,2.261,,3.68,-1.24,,
109.138,LAND_YAW_ALIGN,4.3202,-1.8089,0.203,-5.41,-1.01,0.14,-0.0,-0.0908,0.0446,-0.1313,,,,2.261,,3.68,-1.24,,
109.164,LAND_YAW_ALIGN,4.317,-1.805,0.196,-5.77,-0.89,-0.28,-0.0,-0.086,0.0573,-0.1341,,,,2.267,,3.68,-1.24,,
109.22,LAND_YAW_ALIGN,4.3137,-1.8019,0.19,-5.96,-0.87,-0.55,-0.0,-0.0792,0.0648,-0.1273,,,,2.267,,3.68,-1.24,,
109.265,LAND_YAW_ALIGN,4.3102,-1.7966,0.186,-5.98,-0.63,-0.7,-0.0,-0.072,0.0773,-0.1227,,,,2.265,,3.68,-1.24,,
109.319,LAND_YAW_ALIGN,4.3102,-1.7938,0.176,-5.89,-0.33,-0.83,-0.0,-0.0534,0.077,-0.1101,3.224,,,2.265,,3.68,-1.24,,
109.369,LAND_YAW_ALIGN,4.3091,-1.7908,0.177,-5.64,0.22,-0.69,-0.0,-0.0415,0.0744,-0.118,3.224,,,2.278,,3.68,-1.24,,
109.418,LAND_YAW_ALIGN,4.3082,-1.7875,0.178,-5.31,0.66,-0.54,-0.0,-0.0323,0.0686,-0.092,,,,2.278,,3.68,-1.24,,
109.468,LAND_YAW_ALIGN,4.3074,-1.7833,0.177,-4.93,1.11,-0.3,-0.0,-0.0263,0.0647,-0.0856,,,,2.269,,3.68,-1.24,,
109.525,LAND_YAW_ALIGN,4.3068,-1.7812,0.166,-4.57,1.4,-0.18,-0.0,-0.0224,0.0503,-0.0811,,,,2.269,,3.68,-1.24,,
109.553,LAND_YAW_ALIGN,4.3059,-1.7784,0.159,-4.27,1.49,-0.06,-0.0,-0.0208,0.0415,-0.0958,,,,2.254,,3.68,-1.24,,
109.627,LAND_YAW_ALIGN,4.3052,-1.7766,0.151,-4.05,1.61,0.14,-0.0,-0.0201,0.0287,-0.1002,3.164,,,2.254,,3.68,-1.24,,
109.656,LAND_YAW_ALIGN,4.3039,-1.7758,0.145,-3.91,1.57,0.24,-0.0,-0.0236,0.0136,-0.1071,3.164,,,2.252,,3.68,-1.24,,
109.719,LAND_YAW_ALIGN,4.3026,-1.7789,0.14,-3.8,1.55,0.28,-0.0,-0.0271,-0.0208,-0.1092,,0.679,,2.252,,3.68,-1.24,,
109.773,LAND_YAW_ALIGN,4.2953,-1.7838,0.134,-3.71,1.28,0.43,-0.0,-0.0638,-0.0539,-0.1093,,0.679,,2.249,,3.68,-1.24,,
109.821,LAND_YAW_ALIGN,4.2932,-1.7859,0.127,-3.63,0.57,0.2,-0.0,-0.0596,-0.0573,-0.1004,,0.652,,2.249,,3.68,-1.24,,
109.872,LAND_YAW_ALIGN,4.2914,-1.7879,0.123,-3.6,0.03,-0.15,-0.0,-0.0527,-0.0539,-0.1046,,0.652,,2.256,,3.68,-1.24,,
109.921,LAND_YAW_ALIGN,4.2897,-1.7893,0.114,-3.62,-0.42,-0.39,-0.0,-0.0432,-0.0428,-0.0949,,0.632,,2.256,,3.68,-1.24,,
109.976,LAND_YAW_ALIGN,4.2884,-1.79,0.108,-3.66,-0.54,-0.48,-0.0,-0.033,-0.0287,-0.1034,,0.632,,2.259,,3.68,-1.24,,
110.025,LAND_YAW_ALIGN,4.2863,-1.7908,0.109,-3.68,-0.69,-0.44,-0.0,-0.0328,-0.02,-0.0974,3.168,0.619,,2.259,,3.68,-1.24,,
110.075,LAND_YAW_ALIGN,4.2851,-1.7911,0.105,-3.7,-0.66,-0.4,-0.0,-0.0243,-0.0069,-0.0856,3.168,0.619,,2.269,,3.68,-1.24,,
110.104,LAND_YAW_ALIGN,4.2845,-1.7911,0.098,-3.67,-0.45,-0.29,-0.0,-0.0147,-0.001,-0.0856,3.13,0.6,,2.269,,3.68,-1.24,,
110.157,LAND_YAW_ALIGN,4.2864,-1.7937,0.095,-3.62,-0.03,-0.61,-0.0,0.0213,-0.0313,-0.0948,3.13,0.6,,2.262,,3.68,-1.24,,
110.211,LAND_YAW_ALIGN,4.2872,-1.7941,0.091,-3.6,-0.14,-0.47,-0.0,0.0205,-0.0175,-0.0867,,0.595,,2.262,,3.68,-1.24,,
110.273,LAND_YAW_ALIGN,4.2879,-1.7936,0.093,-3.53,-0.1,-0.07,-0.0,0.018,0.0009,-0.0871,,0.595,,2.24,,3.68,-1.24,,
110.341,LAND_YAW_ALIGN,4.2888,-1.7924,0.085,-3.5,0.08,0.13,-0.0,0.0161,0.015,-0.0771,,0.582,,2.24,,3.68,-1.24,,
110.375,LAND_YAW_ALIGN,4.289,-1.791,0.081,-3.55,0.31,0.33,-0.0,0.0076,0.0232,-0.0892,,0.582,,2.229,,3.68,-1.24,,
110.429,LAND_YAW_ALIGN,4.289,-1.7894,0.077,-3.6,0.51,0.55,-0.0,-0.0007,0.0278,-0.0825,,0.572,,2.229,,3.68,-1.24,,
110.475,LAND_YAW_ALIGN,4.2884,-1.7877,0.075,-3.63,0.67,0.33,-0.0,-0.011,0.0288,-0.0836,,0.572,,2.171,,3.68,-1.24,,
110.52,LAND_YAW_ALIGN,4.2876,-1.7857,0.066,-3.7,0.68,0.01,-0.0,-0.0159,0.0309,-0.0782,3.137,0.568,,2.171,,3.68,-1.24,,
110.575,LAND_YAW_ALIGN,4.2867,-1.7838,0.065,-3.78,0.79,-0.11,-0.0,-0.0174,0.0311,-0.0871,3.137,0.568,,2.136,,3.68,-1.24,,
110.628,LAND_YAW_ALIGN,4.2856,-1.7818,0.059,-3.84,1.04,-0.3,0.0,-0.0192,0.0299,-0.0731,,0.562,,2.136,,3.68,-1.24,,
110.654,LAND_YAW_ALIGN,4.2847,-1.7805,0.049,-3.53,1.09,-0.43,0.0,-0.0169,0.0237,-0.1975,,0.562,,,,3.68,-1.24,,
110.704,LAND_YAW_ALIGN,4.2855,-1.7805,0.03,-2.68,0.94,-0.28,0.0,0.0003,0.0121,-0.5062,,0.549,,,,3.68,-1.24,,
110.757,LAND_YAW_ALIGN,4.2893,-1.7783,0.005,-1.33,-0.01,-1.0,0.0,0.0462,0.0296,-0.4504,,0.549,,,,3.68,-1.24,,
110.853,LAND_YAW_ALIGN,4.2908,-1.7691,0.0,2.64,6.16,-5.8,0.0,0.0425,0.1003,-0.3889,,0.545,,,,3.68,-1.24,,
110.88,LAND_YAW_ALIGN,4.2971,-1.7634,0.004,4.71,-0.63,-1.15,0.0,0.098,0.0933,-0.4284,,0.545,,0.156,,3.68,-1.24,,
110.925,LAND_YAW_ALIGN,4.294,-1.7572,0.01,5.01,-0.84,-0.72,0.0,0.0352,0.1142,-0.2601,,0.526,,0.156,,3.68,-1.24,,
110.972,LAND_YAW_ALIGN,4.2956,-1.7525,0.011,5.17,-0.69,-0.61,0.0,0.0336,0.1112,-0.1775,,0.526,,,,3.68,-1.24,,
111.056,LAND_YAW_ALIGN,4.2981,-1.7478,0.012,5.19,-0.62,-0.59,0.0,0.0386,0.109,-0.1002,,0.533,,,,3.68,-1.24,,
111.095,LAND_YAW_ALIGN,4.3005,-1.743,0.014,5.19,-0.55,-0.56,0.0,0.0424,0.1072,-0.0485,,0.533,,,,3.68,-1.24,,
