time_s,state,x_m,y_m,z_down_m,yaw_deg,roll_deg,pitch_deg,yaw_ref_deg,vx_ms,vy_ms,vz_ms,range_front_m,range_back_m,range_left_m,range_right_m,range_up_m,target_x_m,target_y_m
0.253,,0.0,0.0,0.014,0.0,0.0,0.0,0.0,0.0,0.0,0.0,0.671,0.413,,,,,
0.258,,0.0036,0.0035,0.014,-0.04,-1.54,-0.06,0.0,0.0056,-0.0019,-0.0004,0.67,0.411,,,,,
0.262,,0.0036,0.0037,0.011,-0.04,-1.55,-0.06,0.0,0.0056,-0.0002,-0.0005,0.67,0.411,,,,,
0.266,,0.0039,0.0042,0.011,-0.04,-1.56,-0.08,0.0,0.0082,0.002,-0.0048,0.67,0.416,,,,,
0.327,,0.0027,0.0025,0.015,-0.04,-1.48,-0.02,0.0,0.0014,-0.0075,0.0024,0.67,0.416,,,,,
0.343,,0.004,0.0043,0.015,-0.04,-1.56,-0.08,0.0,0.0086,0.0021,0.0059,0.67,0.415,,,,,
0.396,,0.0028,0.0028,0.014,-0.04,-1.5,-0.02,0.0,0.0009,-0.0052,0.007,0.67,0.415,,,,,
0.442,,0.0039,0.0039,0.014,-0.04,-1.55,-0.06,0.0,0.0066,0.0006,0.0051,0.67,0.414,,,,,
0.493,,0.0046,0.0049,0.013,-0.04,-1.6,-0.09,0.0,0.0099,0.0062,0.0048,0.67,0.414,,,,,
0.544,,0.0048,0.0049,0.013,-0.04,-1.6,-0.09,0.0,0.0104,0.0061,0.0001,0.668,0.414,,,,,
0.604,,0.0031,0.0049,0.012,-0.04,-1.6,-0.02,0.0,0.0012,0.0064,-0.0053,0.668,0.414,,,,,
0.654,,0.0043,0.0044,0.012,-0.04,-1.58,-0.07,0.0,0.0081,0.0041,-0.0082,0.67,0.413,,,,,
0.696,,0.0033,0.0037,0.012,-0.04,-1.54,-0.02,0.0,0.0027,-0.0006,-0.0042,0.67,0.413,,,,,
0.743,,0.0029,0.003,0.012,-0.04,-1.51,-0.0,0.0,-0.0001,-0.0039,-0.0058,0.671,0.414,,,,,
0.792,,0.0048,0.0028,0.011,-0.04,-1.49,-0.09,0.0,0.0102,-0.0054,-0.0012,0.671,0.414,,,,,
0.844,,0.0041,0.0045,0.011,-0.04,-1.56,-0.06,0.0,0.0064,0.003,-0.0054,0.669,0.412,,,,,
0.934,,0.0032,0.0035,0.014,-0.04,-1.51,-0.02,0.0,0.0015,-0.0019,-0.0008,0.669,0.412,,,,,
0.942,,0.003,0.0052,0.014,-0.04,-1.58,-0.02,0.0,0.0012,0.0062,0.0011,0.671,0.412,,,,,
0.998,,0.0048,0.0032,0.013,-0.05,-1.49,-0.09,0.0,0.0105,-0.005,0.0008,0.671,0.412,,,,,
1.044,,0.0039,0.0041,0.013,-0.04,-1.52,-0.05,0.0,0.0054,-0.0004,-0.0,0.666,0.413,,,,,
1.093,,0.0049,0.0032,0.014,-0.04,-1.49,-0.09,0.0,0.0109,-0.0055,0.0013,0.666,0.413,,,,,
1.142,,0.0042,0.0039,0.014,-0.04,-1.52,-0.06,0.0,0.0069,-0.0015,0.0018,0.673,0.412,,,,,
1.211,,0.0046,0.0033,0.013,-0.05,-1.49,-0.08,0.0,0.0089,-0.0048,0.0023,0.673,0.412,,,,,
1.262,,0.004,0.0046,0.013,-0.04,-1.55,-0.06,0.0,0.0053,0.0026,0.0003,0.667,0.411,,,,,
1.326,,0.0049,0.0033,0.014,-0.04,-1.49,-0.11,0.0,0.011,-0.0049,0.0033,0.667,0.411,,,,,
1.347,,0.0032,0.0032,0.014,-0.04,-1.48,-0.03,0.0,0.0014,-0.0063,0.0022,0.672,0.411,,,,,
1.393,,0.0033,0.0034,0.012,-0.04,-1.49,-0.03,0.0,0.0016,-0.0053,-0.0037,0.672,0.411,,,,,
1.443,,0.0041,0.0045,0.012,-0.04,-1.54,-0.07,0.0,0.0057,0.0007,-0.0067,0.67,0.416,,,,,
1.5,,0.0037,0.0043,0.015,-0.04,-1.53,-0.06,0.0,0.0032,-0.0002,-0.0056,0.67,0.416,,,,,
1.556,,0.0049,0.0034,0.015,-0.04,-1.49,-0.1,0.0,0.0097,-0.0047,-0.0005,0.671,0.412,,,,,
1.595,,0.0043,0.0048,0.013,-0.04,-1.55,-0.06,0.0,0.0054,0.0021,0.0002,0.671,0.412,,,,,
1.642,,0.0034,0.0035,0.013,-0.04,-1.5,-0.02,0.0,0.001,-0.005,-0.0015,0.67,0.414,,,,,
1.692,,0.0053,0.0056,0.014,-0.04,-1.58,-0.1,0.0,0.0108,0.0062,0.0021,0.67,0.414,,,,,
1.761,,0.0041,0.0049,0.014,-0.04,-1.55,-0.05,0.0,0.0049,0.0018,0.0016,0.671,0.413,,,,,
1.815,,0.0043,0.0045,0.014,-0.04,-1.53,-0.06,0.0,0.006,-0.0002,-0.0012,0.671,0.413,,,,,
1.86,,0.0044,0.004,0.014,-0.05,-1.51,-0.05,0.0,0.0066,-0.0027,-0.0008,0.672,0.412,,,,,
1.893,,0.0034,0.0036,0.013,-0.05,-1.5,-0.01,0.0,0.001,-0.0048,-0.0028,0.672,0.412,,,,,
1.943,,0.0044,0.0043,0.013,-0.05,-1.52,-0.06,0.0,0.0062,-0.0013,-0.0033,0.669,0.414,,,,,
1.992,,0.0044,0.0041,0.015,-0.05,-1.51,-0.05,0.0,0.0058,-0.0028,-0.001,0.669,0.414,,,,,
2.079,,0.0049,0.0048,0.015,-0.05,-1.55,-0.07,0.0,0.0083,0.0009,0.002,0.671,0.415,2.473,,,,
2.1,,0.0054,0.0034,0.012,-0.06,-1.48,-0.09,0.0,0.0109,-0.0065,0.0041,0.671,0.415,2.473,,,,
2.149,,0.0036,0.0039,0.012,-0.05,-1.51,-0.01,0.0,0.0012,-0.003,-0.0013,0.672,0.411,,,,,
2.192,,0.0043,0.0048,0.014,-0.05,-1.55,-0.04,0.0,0.0043,0.0015,-0.0052,0.672,0.411,,,,,
2.243,,0.0036,0.0036,0.014,-0.05,-1.51,-0.01,0.0,0.0007,-0.0041,-0.0026,0.673,0.411,,,,,
2.307,,0.0036,0.0037,0.014,-0.05,-1.51,-0.01,0.0,0.0012,-0.004,-0.003,0.673,0.411,,,,,
2.355,,0.0046,0.0051,0.014,-0.05,-1.56,-0.05,0.0,0.0065,0.0035,-0.0007,0.672,0.416,,,,,
2.393,,0.0045,0.0042,0.015,-0.06,-1.52,-0.03,0.0,0.0043,-0.0023,-0.004,0.672,0.416,,,,,
2.443,,0.0047,0.0047,0.015,-0.05,-1.54,-0.04,0.0,0.0055,0.0003,0.0006,0.669,0.412,,,,,
2.493,,0.0037,0.0037,0.014,-0.06,-1.49,-0.0,0.0,0.0012,-0.0051,-0.0013,0.669,0.412,,,,,
2.542,,0.0048,0.0047,0.014,-0.06,-1.54,-0.05,0.0,0.0064,0.0003,-0.0004,0.67,0.414,,,,,
2.622,,0.0038,0.0036,0.014,-0.06,-1.49,-0.01,0.0,0.001,-0.0053,0.0007,0.67,0.414,,,,,
2.647,,0.0038,0.0061,0.014,-0.06,-1.59,-0.01,0.0,0.0011,0.0068,0.0012,0.668,0.411,,,,,
2.695,,0.0044,0.0048,0.013,-0.06,-1.54,-0.05,0.0,0.0045,-0.0004,0.0009,0.668,0.411,,,,,
2.741,,0.0046,0.0045,0.013,-0.06,-1.53,-0.05,0.0,0.0055,-0.0017,-0.0014,0.674,0.409,,,,,
2.792,,0.0038,0.0038,0.013,-0.06,-1.51,-0.02,0.0,0.0,0.0,0.0,0.674,0.409,,,,,
2.852,,0.0004,-0.0003,0.013,0.0,0.12,-0.17,0.0,0.0107,-0.0122,-0.0006,0.67,0.413,,,,,
2.899,,0.0,-0.0009,0.016,0.0,0.16,0.1,0.0,-0.0004,-0.024,-0.0019,0.67,0.413,,,,,
2.943,,-0.0,-0.0001,0.016,-0.0,-0.48,0.11,0.0,-0.0008,-0.0126,0.0026,0.671,0.416,,,,,
2.992,,-0.0001,-0.002,0.015,-0.0,-0.23,0.18,0.0,-0.0029,-0.0317,-0.0035,0.671,0.416,,,,,
3.042,,0.0016,-0.0023,0.015,-0.0,-0.48,-0.19,0.0,0.0137,-0.0311,0.0002,0.671,0.415,,,,,
3.092,,-0.0002,-0.0029,0.011,-0.0,-0.59,0.16,0.0,-0.0031,-0.0331,-0.0025,0.671,0.415,,,,,
3.172,,0.0012,-0.0012,0.011,-0.0,-0.99,-0.04,0.0,0.0079,-0.017,-0.008,0.674,0.415,,,,,
3.203,,0.001,-0.0014,0.013,-0.01,-1.07,0.01,0.0,0.0049,-0.017,-0.0037,0.674,0.415,,,,,
3.241,,-0.0003,-0.0001,0.013,-0.01,-1.27,0.13,0.0,-0.0038,-0.0071,-0.0031,0.673,0.414,,,,,
3.292,,0.001,-0.0012,0.015,-0.01,-1.21,0.01,0.0,0.004,-0.0142,-0.0027,0.673,0.414,,,,,
3.342,,0.0004,-0.0011,0.015,-0.01,-1.27,0.05,0.0,0.0003,-0.0125,0.0019,0.674,0.414,,,,,
3.395,,-0.0002,-0.002,0.014,-0.01,-1.25,0.08,0.0,-0.0024,-0.0165,0.0045,0.674,0.414,,,,,
3.446,,-0.0002,0.0007,0.014,-0.01,-1.44,0.07,0.0,-0.0021,-0.0012,0.0036,0.671,0.414,,,,,
3.491,,0.002,-0.0016,0.013,-0.01,-1.33,-0.06,0.0,0.0096,-0.013,0.0024,0.671,0.414,,,,,
3.542,,-0.0001,0.0008,0.013,-0.01,-1.48,0.05,0.0,-0.0016,0.0004,-0.0005,0.671,0.414,,,,,
3.592,,-0.0001,-0.0018,0.011,-0.01,-1.36,0.04,0.0,-0.0011,-0.0129,-0.0002,0.671,0.414,,,,,
3.662,,-0.0001,-0.0018,0.011,-0.01,-1.39,0.03,0.0,-0.0008,-0.0114,-0.0063,0.673,0.414,,,,,
3.714,,0.001,-0.001,0.014,-0.01,-1.44,-0.03,0.0,0.0044,-0.0073,-0.0006,0.673,0.414,,,,,
3.749,,0.002,-0.0014,0.014,-0.01,-1.43,-0.07,0.0,0.0091,-0.0082,-0.0,0.667,0.416,,,,,
3.792,,-0.0001,-0.0018,0.012,-0.01,-1.42,0.01,0.0,-0.0003,-0.0104,0.0006,0.667,0.416,,,,,
3.844,,-0.0001,0.0007,0.012,-0.01,-1.54,0.0,0.0,0.0,0.0025,-0.0035,0.672,0.412,,,,,
3.892,,-0.0,-0.0015,0.015,-0.01,-1.45,-0.01,0.0,0.0004,-0.0082,-0.0012,0.672,0.412,,,,,
3.944,,0.0005,-0.0003,0.015,-0.01,-1.51,-0.03,0.0,0.0034,-0.0016,0.0019,0.672,0.413,,,,,
4.01,,0.0005,-0.0003,0.015,-0.01,-1.52,-0.04,0.0,0.003,-0.0014,0.0015,0.672,0.413,,,,,
4.041,,0.002,0.0011,0.015,-0.01,-1.57,-0.09,0.0,0.0103,0.0049,0.0033,0.674,0.413,,,,,
4.092,,0.0003,-0.0002,0.014,-0.01,-1.52,-0.03,0.0,0.0025,-0.0019,-0.0004,0.674,0.413,,,,,
4.141,,0.0,0.001,0.014,-0.01,-1.57,-0.03,0.0,0.0015,0.0044,-0.0008,0.671,0.415,,,,,
4.21,,0.0003,-0.0002,0.014,-0.01,-1.52,-0.04,0.0,0.0031,-0.0026,0.0017,0.671,0.415,,,,,
4.26,,0.0008,-0.0001,0.014,-0.01,-1.52,-0.07,0.0,0.0062,-0.0021,0.0005,0.667,0.415,,,,,
4.295,,0.0011,-0.0001,0.012,-0.02,-1.53,-0.09,0.0,0.0076,-0.0017,0.0017,0.667,0.415,,,,,
4.342,,0.0021,0.0011,0.012,-0.02,-1.58,-0.12,0.0,0.0124,0.005,-0.0045,0.67,0.414,,,,,
4.391,,0.0001,-0.0012,0.014,-0.02,-1.48,-0.05,0.0,0.0024,-0.0068,-0.0077,0.67,0.414,,,,,
4.441,,0.0013,-0.0003,0.014,-0.02,-1.53,-0.1,0.0,0.0083,-0.0017,-0.005,0.672,0.413,,,,,
4.492,,0.0017,0.0011,0.016,-0.02,-1.59,-0.11,0.0,0.0099,0.0057,-0.0043,0.672,0.413,,,,,
4.55,,0.0002,-0.0009,0.016,-0.02,-1.5,-0.05,0.0,0.0018,-0.0045,0.0019,0.671,0.412,,,,,
4.592,,0.0011,-0.0006,0.013,-0.02,-1.51,-0.08,0.0,0.0069,-0.0034,0.0009,0.671,0.412,,,,,
4.642,,0.0003,0.001,0.013,-0.02,-1.58,-0.05,0.0,0.0023,0.005,-0.0014,0.673,0.415,,,,,
4.693,,0.0007,-0.0001,0.013,-0.02,-1.53,-0.06,0.0,0.0045,-0.0004,-0.0003,0.673,0.415,,,,,
4.76,,0.0007,0.0006,0.013,-0.02,-1.56,-0.06,0.0,0.0045,0.0031,-0.0024,0.672,0.412,2.453,,,,
4.801,,0.0012,-0.0001,0.014,-0.02,-1.54,-0.08,0.0,0.0069,-0.0004,-0.0008,0.672,0.412,2.453,,,,
4.845,,0.0011,0.0002,0.014,-0.02,-1.54,-0.08,0.0,0.0067,0.0007,-0.0002,0.672,0.414,,,,,
4.891,,0.0004,-0.0008,0.015,-0.02,-1.5,-0.05,0.0,0.0026,-0.0056,0.0004,0.672,0.414,,,,,
4.942,,0.0013,0.001,0.015,-0.02,-1.57,-0.08,0.0,0.007,0.0042,0.0032,0.669,0.414,,,,,
4.991,,0.0005,-0.0008,0.014,-0.02,-1.49,-0.05,0.0,0.0021,-0.0065,0.0009,0.669,0.414,,,,,
5.073,,0.0011,-0.0003,0.014,-0.02,-1.52,-0.09,0.0,0.006,-0.0035,0.0001,0.669,0.416,,,,,
5.106,,0.0016,-0.0002,0.015,-0.03,-1.52,-0.1,0.0,0.0084,-0.003,-0.0006,0.669,0.416,,,,,
5.141,,0.0027,-0.0007,0.015,-0.03,-1.5,-0.14,0.0,0.0142,-0.0056,0.0015,0.67,0.412,,,,,
5.192,,0.0016,-0.0001,0.013,-0.03,-1.52,-0.09,0.0,0.0076,-0.0027,0.005,0.67,0.412,,,,,
5.24,,0.0029,0.0015,0.013,-0.03,-1.59,-0.14,0.0,0.0144,0.0055,-0.001,0.672,0.412,,,,,
5.306,,0.0006,0.0015,0.014,-0.02,-1.59,-0.03,0.0,0.002,0.0057,0.0008,0.672,0.412,,,,,
5.356,,0.0019,-0.0001,0.014,-0.03,-1.53,-0.08,0.0,0.0083,-0.0029,-0.0007,0.668,0.417,2.48,,,,
5.397,,0.0018,-0.0,0.015,-0.03,-1.53,-0.07,0.0,0.0073,-0.002,-0.0016,0.668,0.417,2.48,,,,
5.441,,0.0013,0.0002,0.015,-0.03,-1.54,-0.04,0.0,0.0048,-0.001,0.0002,0.671,0.414,,,,,
5.492,,0.0006,-0.0005,0.014,-0.03,-1.51,-0.01,0.0,0.0011,-0.0048,0.0036,0.671,0.414,,,,,
5.542,,0.0007,0.0017,0.014,-0.03,-1.6,-0.01,0.0,0.0011,0.0069,0.0004,0.67,0.411,,,,,
5.621,,0.0007,-0.0004,0.015,-0.03,-1.5,-0.02,0.0,0.0016,-0.0049,-0.004,0.67,0.411,,,,,
5.659,,0.0026,-0.0006,0.015,-0.03,-1.49,-0.1,0.0,0.0121,-0.0057,-0.0024,0.673,0.418,,,,,
5.694,,0.0027,-0.0006,0.012,-0.03,-1.49,-0.1,0.0,0.0125,-0.006,-0.0006,0.673,0.418,,,,,
5.741,,0.0019,0.0006,0.012,-0.04,-1.54,-0.07,0.0,0.008,0.0006,-0.0064,0.67,0.415,,,,,
5.791,,0.0008,-0.0004,0.013,-0.03,-1.5,-0.02,0.0,0.0018,-0.0045,-0.0069,0.67,0.415,,,,,
5.85,,0.0008,0.0018,0.013,-0.03,-1.59,-0.02,0.0,0.0016,0.007,-0.0067,0.669,0.412,,,,,
5.901,,0.0011,0.0006,0.013,-0.03,-1.54,-0.03,0.0,0.0032,0.0005,-0.0033,0.669,0.412,,,,,
5.944,,0.0009,-0.0005,0.013,-0.04,-1.48,-0.02,0.0,0.0024,-0.0061,-0.004,0.672,0.414,,,,,
5.991,,0.0013,0.0011,0.015,-0.03,-1.56,-0.04,0.0,0.005,0.0026,0.0011,0.672,0.414,,,,,
6.041,,0.0027,0.0017,0.015,-0.03,-1.58,-0.11,0.0,0.0123,0.0049,0.0036,0.672,0.414,,,,,
6.091,,0.0021,0.0012,0.014,-0.04,-1.55,-0.08,0.0,0.008,0.0014,-0.0002,0.672,0.414,,,,,
6.171,,0.0021,0.001,0.014,-0.04,-1.55,-0.07,0.0,0.0074,0.001,-0.0002,0.669,0.417,,,,,
6.202,,0.0019,0.0008,0.013,-0.04,-1.54,-0.06,0.0,0.0072,-0.0001,-0.0033,0.669,0.417,,,,,
6.241,,0.0028,-0.0003,0.013,-0.04,-1.48,-0.09,0.0,0.0119,-0.0056,-0.0042,0.667,0.417,,,,,
6.291,,0.0013,0.0013,0.014,-0.04,-1.54,-0.02,0.0,0.0038,0.0031,-0.0022,0.667,0.417,,,,,
6.344,,0.0023,0.0013,0.014,-0.04,-1.54,-0.06,0.0,0.0094,0.0035,-0.0012,0.671,0.414,,,,,
6.397,,0.0016,0.0011,0.012,-0.04,-1.52,-0.01,0.0,0.006,0.0028,-0.0003,0.671,0.414,,,,,
6.445,,0.0011,0.002,0.012,-0.04,-1.55,0.01,0.0,0.0036,0.0067,-0.0038,0.669,0.411,,,,,
6.493,,0.0029,0.002,0.012,-0.04,-1.55,-0.06,-0.0,0.0129,0.0072,-0.0024,0.669,0.411,,,,,
6.542,,0.0011,0.0,0.012,-0.04,-1.39,0.04,-0.0,0.0025,0.0027,-0.0046,0.67,0.413,,,,,
6.591,,0.0029,0.0017,0.013,-0.07,-1.33,-0.08,-0.0,0.0101,0.0202,-0.0076,0.67,0.413,,,,,
6.646,,0.0041,0.0043,0.013,-0.23,-1.02,-0.17,-0.0,0.015,0.0379,0.0093,0.672,0.413,,,,,
6.734,,0.0035,0.0107,0.0,-0.35,-0.17,0.01,-0.0,0.0095,0.0636,0.0201,0.672,0.413,,,,,
6.748,,0.002,0.0129,0.0,-0.37,0.31,0.04,-0.0,0.0002,0.0584,0.0484,0.673,0.422,,,,,
6.811,,-0.0052,0.0144,0.005,-0.42,0.89,0.63,-0.0,-0.0392,0.0433,0.0758,0.673,0.422,,,,,
6.84,,-0.0064,0.0029,0.005,-0.55,2.04,0.51,-0.0,-0.0419,-0.0347,0.1093,0.669,0.416,,,,,
6.891,,-0.0004,0.0034,0.038,-0.7,1.04,-0.07,-0.0,-0.0022,-0.0343,0.1684,0.669,0.416,,1.375,,,
6.955,,-0.0034,0.0023,0.038,-0.71,0.44,0.12,-0.0,-0.0153,-0.0364,0.2141,0.668,0.428,2.452,1.375,,,
7.016,,-0.0003,-0.0029,0.07,-0.76,0.19,0.14,-0.0,0.0025,-0.0569,0.2391,0.668,0.428,2.452,1.386,,,
7.065,,-0.0008,-0.0083,0.07,-0.75,-0.04,0.16,-0.0,-0.0012,-0.0681,0.2608,0.671,0.449,2.494,1.386,,,
7.092,,0.0005,-0.0141,0.101,-0.71,-0.19,-0.02,-0.0,0.0043,-0.0801,0.2565,0.671,0.449,2.494,1.39,,,
7.142,,0.0012,-0.0182,0.101,-0.65,-0.72,-0.12,-0.0,0.0075,-0.0758,0.2722,0.665,,2.465,1.39,,,
7.191,,0.0027,-0.023,0.13,-0.62,-1.02,-0.25,-0.0,0.0144,-0.0753,0.2656,0.665,,2.465,1.393,,,
7.241,,0.0035,-0.0279,0.13,-0.66,-1.18,-0.26,-0.0,0.0165,-0.071,0.2692,0.666,,,1.393,,,
7.298,,0.0043,-0.0306,0.147,-0.74,-1.27,-0.05,-0.0,0.018,-0.0579,0.2464,0.666,,,1.379,,,
7.342,,0.0053,-0.0339,0.147,-0.79,-1.18,0.13,-0.0,0.0185,-0.0509,0.2418,0.664,,,1.379,,,
7.39,,0.0057,-0.0355,0.162,-0.88,-0.97,0.26,-0.0,0.0151,-0.0381,0.232,0.664,,,1.386,,,
7.44,,0.0084,-0.0341,0.162,-0.93,-0.79,0.34,-0.0,0.0209,-0.0182,0.2269,0.662,,,1.386,,,
7.516,,0.01,-0.0348,0.188,-1.01,-0.38,0.39,-0.0,0.0201,-0.0122,0.2401,0.662,,,1.374,,,
7.575,,0.0095,-0.037,0.188,-1.06,-0.22,0.6,-0.0,0.0109,-0.0158,0.2393,0.66,,2.411,1.374,,,
7.614,,0.0081,-0.0415,0.214,-0.99,-0.09,0.53,-0.0,-0.0005,-0.0277,0.226,0.66,,2.411,1.374,,,
7.641,,0.0074,-0.0432,0.214,-0.92,-0.13,0.2,-0.0,-0.0058,-0.0279,0.2351,0.663,,2.428,1.374,,,
7.691,,0.0069,-0.0466,0.243,-0.87,-0.25,0.22,-0.0,-0.008,-0.0332,0.2381,0.663,,2.428,1.384,,,
7.74,,0.0069,-0.049,0.243,-0.74,-0.21,0.06,-0.0,-0.0082,-0.0341,0.2366,0.661,,,1.384,,,
7.793,,0.0081,-0.0507,0.267,-0.59,-0.28,0.13,-0.0,-0.004,-0.0321,0.2173,0.661,,,1.378,,,
7.85,,0.0079,-0.0551,0.267,-0.48,-0.36,0.02,-0.0,-0.0047,-0.0381,0.2074,0.66,,2.388,1.378,,,
7.893,,0.0075,-0.0574,0.274,-0.36,-0.58,-0.12,-0.0,-0.0048,-0.0357,0.1589,0.66,,2.388,1.374,,,
7.942,,0.0069,-0.0608,0.274,-0.27,-0.68,-0.27,-0.0,-0.0044,-0.0351,0.1441,0.661,,2.382,1.374,,,
7.991,,0.0074,-0.0648,0.29,-0.25,-0.84,-0.15,-0.0,-0.0008,-0.035,0.1359,0.661,,2.382,1.374,,,
8.065,,0.0086,-0.0663,0.29,-0.24,-0.86,-0.26,-0.0,0.0042,-0.0277,0.1314,0.658,,2.388,1.374,,,
8.112,,0.008,-0.0724,0.304,-0.28,-0.89,0.0,-0.0,0.0036,-0.0322,0.1282,0.658,,2.388,1.376,,,
8.155,,0.0092,-0.0733,0.304,-0.34,-0.82,-0.09,-0.0,0.0061,-0.0238,0.1173,0.656,,2.379,1.376,,,
8.19,,0.0109,-0.0729,0.317,-0.37,-0.85,-0.15,-0.0,0.0104,-0.0137,0.1086,0.656,,2.379,1.374,,,
8.241,,0.0127,-0.0731,0.317,-0.47,-0.82,-0.09,-0.0,0.0144,-0.006,0.0975,0.653,,2.387,1.374,,,
8.29,,0.0145,-0.0716,0.328,-0.68,-0.73,-0.04,-0.0,0.0173,0.0043,0.0862,0.653,,2.387,1.37,,,
8.349,,0.019,-0.0711,0.328,-0.88,-0.59,0.04,-0.0,0.0252,0.0101,0.078,0.649,,2.389,1.37,,,
8.406,,0.0222,-0.0691,0.331,-1.14,-0.45,0.19,-0.0,0.0287,0.0176,0.0611,0.649,,2.389,1.378,,,
8.47,,0.0247,-0.0675,0.331,-1.39,-0.17,0.31,-0.0,0.029,0.0216,0.0455,0.646,,2.395,1.378,,,
8.499,,0.0254,-0.0671,0.337,-1.59,0.03,0.43,-0.0,0.0245,0.0212,0.0425,0.646,,2.395,1.375,,,
8.542,,0.0298,-0.065,0.337,-1.75,0.07,0.43,-0.0,0.0274,0.0229,0.034,0.643,,2.38,1.375,,,
8.62,,0.0273,-0.0643,0.341,-1.89,0.17,0.38,-0.0,0.0165,0.0213,0.0247,0.643,,2.38,1.382,,,
8.675,,0.0301,-0.0629,0.341,-2.04,0.13,0.4,-0.0,0.0172,0.0208,0.0229,0.638,,2.373,1.382,,,
8.704,,0.035,-0.0587,0.345,-2.2,0.33,0.4,-0.0,0.0215,0.0255,0.0263,0.638,,2.373,1.379,,,
8.75,,0.0358,-0.0592,0.345,-2.27,0.48,0.65,-0.0,0.017,0.0191,0.0171,0.637,,2.381,1.379,,,
8.79,,0.0374,-0.0575,0.341,-2.3,0.45,0.64,-0.0,0.013,0.017,-0.0023,0.637,,2.381,1.382,,,
8.841,ROTATION_SCAN,0.0365,-0.0566,0.341,-2.37,0.34,0.64,-0.0,0.0048,0.014,-0.0086,0.64,,2.384,1.382,,,
8.89,ROTATION_SCAN,0.0318,-0.0572,0.342,-2.39,0.24,0.54,15.0,-0.0091,0.0094,-0.0082,0.64,,2.384,1.381,,,
8.953,ROTATION_SCAN,0.027,-0.0596,0.342,-2.43,0.21,0.39,15.0,-0.0209,0.0028,-0.0073,0.642,,2.396,1.381,,,
8.991,ROTATION_SCAN,0.024,-0.0612,0.342,-2.34,0.16,0.09,15.0,-0.0264,-0.0016,-0.0007,0.642,,2.396,1.391,,,
9.046,ROTATION_SCAN,0.0212,-0.0596,0.342,-2.18,0.01,-0.25,15.0,-0.0287,0.0003,-0.0046,0.646,,2.4,1.391,,,
9.09,ROTATION_SCAN,0.0169,-0.061,0.341,-1.85,-0.03,-0.38,15.0,-0.031,-0.0021,-0.0052,0.646,,2.4,1.377,,,
9.14,ROTATION_SCAN,0.0131,-0.062,0.341,-1.42,-0.14,-0.68,15.0,-0.031,-0.0032,-0.0082,0.644,,2.38,1.377,,,
9.19,ROTATION_SCAN,0.0122,-0.0624,0.342,-0.9,-0.24,-0.86,15.0,-0.0236,-0.0025,-0.0086,0.644,,2.38,1.388,,,
9.269,ROTATION_SCAN,0.0079,-0.0609,0.342,-0.25,-0.26,-0.93,15.0,-0.0217,0.0023,-0.0079,0.652,,,1.388,,,
9.294,ROTATION_SCAN,0.0046,-0.0609,0.34,0.45,-0.27,-0.99,15.0,-0.0175,0.0044,-0.0109,0.652,,,1.379,,,
9.345,ROTATION_SCAN,0.0029,-0.0607,0.34,1.2,-0.12,-1.0,15.0,-0.0107,0.0061,-0.0103,0.659,,2.369,1.379,,,
9.39,ROTATION_SCAN,0.0037,-0.057,0.338,2.0,-0.12,-0.93,15.0,-0.0004,0.0129,-0.0079,0.659,,2.369,1.379,,,
9.441,ROTATION_SCAN,0.0038,-0.0564,0.338,2.81,-0.07,-0.88,15.0,0.0072,0.0141,-0.0145,0.665,,2.391,1.379,,,
9.49,ROTATION_SCAN,0.0049,-0.0552,0.34,3.67,-0.01,-0.65,15.0,0.0147,0.0156,-0.0153,0.665,,2.391,1.382,,,
9.541,ROTATION_SCAN,0.0062,-0.0543,0.34,4.51,0.09,-0.55,15.0,0.0207,0.0159,-0.0076,0.671,,2.393,1.382,,,
9.601,ROTATION_SCAN,0.0067,-0.0543,0.336,5.43,0.16,-0.46,15.0,0.024,0.0138,-0.0076,0.671,,2.393,1.378,,,
9.641,ROTATION_SCAN,0.0092,-0.0426,0.336,6.37,0.26,-0.44,15.0,0.0299,0.0307,-0.0138,0.682,,2.372,1.378,,,
9.707,ROTATION_SCAN,0.0121,-0.0412,0.336,7.36,0.5,-0.4,15.0,0.0363,0.0279,-0.0084,0.682,,2.372,1.386,,,
9.747,ROTATION_SCAN,0.0147,-0.0368,0.336,8.28,0.7,-0.26,15.0,0.0411,0.0289,-0.0095,0.702,,2.381,1.4,,,
9.791,ROTATION_SCAN,0.0126,-0.038,0.337,9.21,0.84,0.04,15.0,0.0363,0.0187,-0.0178,0.702,,2.381,1.4,,,
9.84,ROTATION_SCAN,0.0139,-0.0357,0.337,10.1,0.93,0.04,15.0,0.0362,0.0136,-0.0077,0.735,,2.389,1.4,,,
9.923,ROTATION_SCAN,0.0154,-0.0338,0.337,10.97,0.91,0.09,15.0,0.0365,0.0078,-0.0064,0.735,,2.389,1.399,,,
9.94,ROTATION_SCAN,0.0177,-0.0396,0.337,11.86,0.84,0.11,15.0,0.038,-0.0098,-0.0055,,,2.408,1.399,,,
9.999,ROTATION_SCAN,0.0148,-0.0634,0.334,12.82,0.81,0.18,15.0,0.0304,-0.0566,-0.0025,,,2.408,1.404,,,
10.067,ROTATION_SCAN,0.0148,-0.0675,0.334,13.76,0.45,0.02,15.0,0.0282,-0.0648,-0.0118,2.005,,,1.404,,,
10.091,ROTATION_SCAN,0.0129,-0.07,0.332,14.75,-0.3,-0.2,15.0,0.0233,-0.0645,-0.0143,2.005,,,1.407,,,
10.141,ROTATION_SCAN,0.0126,-0.0715,0.332,15.81,-0.67,-0.28,15.0,0.0218,-0.0571,-0.0143,,,2.446,1.407,,,
10.19,ROTATION_SCAN,0.0117,-0.0727,0.327,16.86,-0.88,-0.4,15.0,0.019,-0.0475,-0.0086,,,2.446,1.404,,,
10.26,ROTATION_SCAN,0.0101,-0.0714,0.327,17.92,-1.07,-0.51,15.0,0.0155,-0.0322,-0.0188,,,,1.404,,,
10.29,ROTATION_SCAN,0.0093,-0.0708,0.331,19.02,-1.12,-0.67,15.0,0.0144,-0.0181,-0.0061,,,,,,,
10.343,ROTATION_SCAN,0.0076,-0.0718,0.331,20.06,-1.16,-0.75,15.0,0.0124,-0.0074,-0.0011,,,,,,,
10.409,ROTATION_SCAN,0.0049,-0.0732,0.333,21.1,-1.03,-0.95,15.0,0.009,0.0013,-0.0056,,,,,,,
10.44,ROTATION_SCAN,-0.0282,-0.0425,0.333,22.12,-1.22,-0.92,15.0,-0.0509,0.0694,-0.0019,,,,,,,
10.49,ROTATION_SCAN,-0.028,-0.0361,0.332,23.09,-0.53,-1.31,15.0,-0.0409,0.0858,-0.0024,,,,,,,
10.569,ROTATION_SCAN,-0.026,-0.0329,0.332,24.02,0.44,-1.68,15.0,-0.0226,0.0894,-0.0082,,,2.527,,,,
10.593,ROTATION_SCAN,-0.0235,-0.0259,0.331,24.91,1.37,-1.69,15.0,-0.0001,0.0941,-0.0075,,,2.527,,,,
10.642,ROTATION_SCAN,-0.0222,-0.0226,0.331,25.53,2.01,-1.66,15.0,0.021,0.0864,-0.0146,,,,,,,
10.689,ROTATION_SCAN,-0.0146,-0.0182,0.33,26.3,2.42,-1.48,15.0,0.0541,0.075,-0.0256,,,,,,,
10.741,ROTATION_SCAN,-0.0082,-0.0149,0.33,27.03,2.63,-0.88,15.0,0.08,0.0593,-0.0171,,,,,,,
10.79,ROTATION_SCAN,0.0005,-0.0138,0.329,27.74,2.79,-0.31,15.0,0.1044,0.0368,-0.0115,,,,,,,
10.879,ROTATION_SCAN,0.011,-0.0114,0.329,28.37,2.62,0.39,15.0,0.1255,0.0179,-0.0103,,,,,,,
10.889,ROTATION_SCAN,0.0199,-0.0116,0.329,29.05,2.21,1.01,15.0,0.1356,-0.0045,-0.0077,,,,,,,
10.947,ROTATION_SCAN,0.0294,-0.013,0.329,29.74,1.59,1.45,15.0,0.1397,-0.0256,-0.0073,,,,,,,
10.994,ROTATION_SCAN,0.0395,-0.0151,0.328,30.4,1.01,1.73,15.0,0.1406,-0.0428,-0.0094,,,,,,,
11.04,ROTATION_SCAN,0.0468,-0.0197,0.328,31.06,0.31,1.99,15.0,0.1302,-0.0606,-0.0074,,,,,,,
11.09,ROTATION_SCAN,0.053,-0.0229,0.325,31.75,-0.28,2.28,15.0,0.1139,-0.0704,-0.0142,,,,,,,
11.168,ROTATION_SCAN,0.0589,-0.0278,0.325,32.46,-0.68,2.43,15.0,0.0952,-0.0806,-0.0141,,,,,,,
11.195,ROTATION_SCAN,0.0651,-0.0318,0.323,33.14,-0.99,2.36,15.0,0.0784,-0.0849,-0.0176,,,,,,,
11.246,ROTATION_SCAN,0.0676,-0.0358,0.323,33.82,-1.23,2.24,15.0,0.0538,-0.0876,-0.0131,,,,,,,
11.301,ROTATION_SCAN,0.0704,-0.0403,0.328,34.5,-1.56,1.92,15.0,0.033,-0.0876,-0.0016,,,,,,,
11.344,ROTATION_SCAN,0.0713,-0.0452,0.328,35.21,-1.78,1.55,15.0,0.0121,-0.0856,0.0061,,,,,,,
11.395,ROTATION_SCAN,0.071,-0.0497,0.321,35.97,-1.94,1.03,15.0,-0.0073,-0.0795,-0.0016,,,,,,,
11.442,ROTATION_SCAN,0.07,-0.0541,0.321,36.73,-2.05,0.65,15.0,-0.024,-0.0717,-0.0163,,,,,,,
11.489,ROTATION_SCAN,0.0674,-0.0577,0.323,37.52,-2.0,0.27,15.0,-0.0408,-0.0601,-0.007,,,,,,,
11.548,ROTATION_SCAN,0.0642,-0.0601,0.323,38.33,-1.91,-0.05,15.0,-0.0539,-0.0464,-0.0071,,,,,,,
11.599,ROTATION_SCAN,0.0615,-0.061,0.325,39.19,-1.6,-0.31,15.0,-0.0615,-0.031,-0.0045,,,,,,,
11.664,ROTATION_SCAN,0.0573,-0.0615,0.325,40.11,-1.21,-0.45,15.0,-0.0686,-0.0175,-0.0029,,,,,,,
11.691,ROTATION_SCAN,0.0533,-0.0586,0.323,41.09,-0.9,-0.55,15.0,-0.0722,0.0009,-0.0191,,,,,,,
11.74,ROTATION_SCAN,0.0499,-0.0562,0.323,42.07,-0.5,-0.66,15.0,-0.0714,0.0146,-0.0149,,,,,,,
11.79,ROTATION_SCAN,0.0458,-0.0529,0.321,43.01,-0.24,-0.7,15.0,-0.0706,0.0268,-0.0155,,,,,,,
11.865,ROTATION_SCAN,0.0424,-0.0506,0.321,43.98,0.16,-0.64,15.0,-0.0664,0.0328,-0.0182,,,,,,,
11.897,ROTATION_SCAN,0.0398,-0.0465,0.323,44.92,0.49,-0.52,15.0,-0.0587,0.0403,-0.0102,,,,,,,
11.944,ROTATION_SCAN,0.0395,-0.0403,0.323,45.89,0.77,-0.4,15.0,-0.0456,0.0494,-0.0065,,,,,,,
11.989,ROTATION_SCAN,0.0381,-0.0382,0.318,46.82,0.93,-0.15,15.0,-0.0367,0.0454,-0.011,,,,0.832,,,
12.04,ROTATION_SCAN,0.0378,-0.0326,0.318,47.71,0.99,0.02,15.0,-0.0268,0.0489,-0.0197,,,,0.832,,,
12.089,ROTATION_SCAN,0.0362,-0.0298,0.317,48.61,1.09,0.24,15.0,-0.0215,0.0433,-0.0198,,,,0.814,,,
12.165,ROTATION_SCAN,0.0377,-0.0263,0.317,49.47,1.23,0.48,15.0,-0.0097,0.0378,-0.0182,,,,0.814,,,
12.193,ROTATION_SCAN,0.0373,-0.0238,0.316,50.23,1.23,0.71,15.0,-0.0048,0.0287,-0.0152,,,,0.797,,,
12.252,ROTATION_SCAN,0.0403,-0.0188,0.316,50.97,1.2,0.85,15.0,0.0072,0.0264,-0.0152,,,,0.797,,,
12.29,ROTATION_SCAN,0.0414,-0.0188,0.315,51.72,1.12,0.94,15.0,0.0119,0.0113,-0.0189,,,,0.781,,,
12.34,ROTATION_SCAN,0.0435,-0.0153,0.315,52.41,1.0,1.16,15.0,0.0172,0.006,-0.0116,,,,0.781,,,
12.39,ROTATION_SCAN,0.0464,-0.0147,0.312,53.05,0.79,1.32,15.0,0.0218,-0.0058,-0.0084,,,,0.765,,,
12.453,ROTATION_SCAN,0.0491,-0.0147,0.312,53.7,0.56,1.39,15.0,0.0237,-0.0174,-0.0131,,,,0.765,,,
12.514,ROTATION_SCAN,0.0514,-0.0171,0.314,54.35,0.26,1.35,15.0,0.022,-0.0318,-0.019,,,,0.757,,,
12.548,ROTATION_SCAN,0.0536,-0.0189,0.314,55.02,0.06,1.25,15.0,0.0193,-0.0421,-0.0066,,,,0.757,,,
12.618,ROTATION_SCAN,0.0563,-0.0199,0.313,55.7,-0.06,1.16,15.0,0.0178,-0.0475,-0.0058,,,,0.741,,,
12.639,ROTATION_SCAN,0.057,-0.0221,0.313,56.35,-0.13,1.05,15.0,0.0117,-0.0543,-0.0053,,,,0.741,,,
12.689,ROTATION_SCAN,0.0584,-0.0235,0.312,57.0,-0.35,0.87,15.0,0.0078,-0.0566,-0.0029,,,,0.733,,,
12.739,ROTATION_SCAN,0.0593,-0.0287,0.312,57.69,-0.42,0.7,15.0,0.0026,-0.0653,-0.0046,,,,0.733,,,
12.846,ROTATION_SCAN,0.0584,-0.0311,0.314,58.38,-0.56,0.44,15.0,-0.0053,-0.065,-0.0101,,,,0.723,,,
12.853,ROTATION_SCAN,0.0574,-0.0359,0.314,59.15,-0.57,0.29,15.0,-0.0125,-0.0687,-0.0006,,,,0.723,,,
12.905,ROTATION_SCAN,0.0555,-0.0391,0.31,59.94,-0.61,0.04,15.0,-0.0201,-0.0664,0.0015,,,,0.716,,,
12.94,ROTATION_SCAN,0.0526,-0.0424,0.31,60.74,-0.62,-0.2,15.0,-0.0282,-0.0634,-0.0095,,,,0.716,,,
12.989,ROTATION_SCAN,0.0513,-0.0441,0.311,61.48,-0.54,-0.31,15.0,-0.031,-0.0558,-0.008,,,,0.703,,,
13.039,ROTATION_SCAN,0.0495,-0.045,0.311,62.23,-0.46,-0.44,15.0,-0.0338,-0.0471,-0.0035,,,,0.703,,,
13.089,ROTATION_SCAN,0.0475,-0.0451,0.309,62.97,-0.29,-0.61,15.0,-0.0349,-0.0366,-0.0091,,,,0.691,,,
13.165,ROTATION_SCAN,0.0473,-0.0453,0.309,63.7,-0.22,-0.65,15.0,-0.031,-0.0271,-0.0085,,,,0.691,,,
13.192,ROTATION_SCAN,0.0438,-0.0446,0.309,64.39,-0.01,-0.51,15.0,-0.0339,-0.0179,-0.0054,,,,0.679,,,
13.24,ROTATION_SCAN,0.0421,-0.045,0.309,65.09,0.16,-0.48,15.0,-0.0314,-0.0136,-0.0053,,,,0.679,,,
13.289,ROTATION_SCAN,0.0377,-0.0447,0.31,65.78,0.3,-0.39,15.0,-0.0342,-0.0089,0.0046,,,,0.674,,,
13.339,ROTATION_SCAN,0.0392,-0.0423,0.31,66.4,0.5,-0.31,15.0,-0.023,-0.0012,0.0018,,,,0.674,,,
13.389,ROTATION_SCAN,0.0382,-0.04,0.312,67.06,0.61,-0.04,15.0,-0.0174,0.003,-0.0103,,,,0.663,,,
13.465,ROTATION_SCAN,0.04,-0.0361,0.312,67.75,0.64,0.16,15.0,-0.0072,0.0088,0.0012,,,,0.663,,,
13.498,ROTATION_SCAN,0.0398,-0.0324,0.311,68.5,0.71,0.41,15.0,-0.0025,0.0116,-0.0002,,,,0.656,,,
13.547,ROTATION_SCAN,0.0427,-0.03,0.311,69.25,0.73,0.66,15.0,0.0078,0.009,-0.0015,,,,0.656,,,
13.599,ROTATION_SCAN,0.0443,-0.029,0.31,70.01,0.47,0.77,15.0,0.0131,0.0033,-0.0077,,,,0.648,,,
13.639,ROTATION_SCAN,0.0463,-0.0286,0.31,70.86,0.4,1.01,15.0,0.0166,-0.0048,-0.0031,,,,0.648,,,
13.689,ROTATION_SCAN,0.0503,-0.0299,0.309,71.69,0.4,1.17,15.0,0.0239,-0.0171,0.0038,,,,0.637,,,
13.739,ROTATION_SCAN,0.053,-0.0314,0.309,72.51,0.01,1.08,15.0,0.0258,-0.0276,-0.0028,,1.481,,0.637,,,
13.807,ROTATION_SCAN,0.0551,-0.0349,0.311,73.35,-0.25,0.95,15.0,0.0238,-0.0397,-0.006,,1.481,,0.627,,,
13.839,ROTATION_SCAN,0.0566,-0.0369,0.311,74.16,-0.44,0.8,15.0,0.0195,-0.0456,-0.0017,,1.455,,0.627,,,
13.889,ROTATION_SCAN,0.0594,-0.0435,0.307,74.96,-0.59,0.61,15.0,0.0178,-0.0597,-0.0081,,1.455,,0.621,,,
13.939,ROTATION_SCAN,0.0603,-0.0465,0.307,75.76,-0.83,0.25,15.0,0.0108,-0.061,-0.0114,,1.44,,0.621,,,
13.99,ROTATION_SCAN,0.0608,-0.0485,0.305,76.58,-0.88,-0.09,15.0,0.0037,-0.0576,-0.0066,,1.44,,0.618,,,
14.039,ROTATION_SCAN,0.0625,-0.0514,0.305,77.35,-0.96,-0.42,15.0,0.0003,-0.0532,-0.0121,,1.423,,0.618,,,
14.126,ROTATION_SCAN,0.0616,-0.055,0.306,78.07,-0.98,-0.47,15.0,-0.0088,-0.05,-0.0112,,1.423,,0.61,,,
14.141,ROTATION_SCAN,0.0615,-0.0584,0.306,78.75,-0.99,-0.54,15.0,-0.0157,-0.0463,-0.0047,,1.412,,0.61,,,
14.192,ROTATION_SCAN,0.0597,-0.0608,0.305,79.48,-0.88,-0.67,15.0,-0.0245,-0.0399,0.0031,,1.412,,0.605,,,
14.238,ROTATION_SCAN,0.058,-0.0605,0.305,80.2,-0.74,-0.69,15.0,-0.0309,-0.0282,-0.0053,,1.401,,0.605,,,
14.289,ROTATION_SCAN,0.0566,-0.06,0.307,80.89,-0.64,-0.65,15.0,-0.0352,-0.0174,0.0021,,1.401,,0.612,,,
14.338,ROTATION_SCAN,0.0537,-0.0603,0.307,81.61,-0.52,-0.63,15.0,-0.0417,-0.0103,0.0008,,1.399,,0.612,,,
14.393,ROTATION_SCAN,0.052,-0.0574,0.306,82.34,-0.34,-0.6,15.0,-0.0435,0.0027,-0.0045,,1.399,,0.607,,,
14.452,ROTATION_SCAN,0.049,-0.0579,0.306,83.07,-0.05,-0.35,15.0,-0.0464,0.0053,-0.0046,,1.403,,0.607,,,
14.491,ROTATION_SCAN,0.0473,-0.0565,0.312,83.82,0.08,-0.18,15.0,-0.0445,0.0101,0.0062,,1.403,,0.605,,,
14.541,ROTATION_SCAN,0.0457,-0.053,0.312,84.59,0.15,-0.1,15.0,-0.0417,0.0176,0.0094,2.41,1.393,,0.605,,,
14.589,ROTATION_SCAN,0.0434,-0.0505,0.309,85.37,0.23,0.05,15.0,-0.0407,0.0212,0.0059,2.41,1.393,,0.603,,,
14.638,ROTATION_SCAN,0.0415,-0.0485,0.309,86.16,0.38,0.29,15.0,-0.0378,0.0216,-0.0043,2.411,1.394,,0.603,,,
14.689,ROTATION_SCAN,0.0395,-0.0466,0.308,86.91,0.41,0.6,15.0,-0.035,0.0193,-0.0091,2.411,1.394,,0.605,,,
14.806,ROTATION_SCAN,0.0394,-0.0438,0.308,87.65,0.45,0.77,15.0,-0.028,0.0173,-0.0082,2.382,1.388,,0.605,,,
14.815,ROTATION_SCAN,0.039,-0.0411,0.304,88.38,0.45,0.74,15.0,-0.022,0.0153,-0.0057,2.382,1.388,,0.602,,,
14.838,ROTATION_SCAN,0.0376,-0.0393,0.304,89.09,0.41,0.81,15.0,-0.0194,0.0112,-0.0159,2.383,1.386,,0.602,,,
15.052,NAV_TO_LANDING,0.036,-0.0384,0.307,89.8,0.36,0.93,15.0,-0.0175,0.0043,-0.0089,2.383,1.386,,0.6,,0.02,-1.28
15.081,NAV_TO_LANDING,0.0352,-0.0383,0.307,90.54,0.28,0.84,-0.0,-0.0149,-0.0034,-0.0026,2.38,1.384,,0.6,,0.02,-1.28
15.093,NAV_TO_LANDING,0.0369,-0.0385,0.309,91.24,0.3,0.63,-0.0,-0.0067,-0.0091,-0.0063,2.38,1.384,,0.601,,0.02,-1.28
15.099,NAV_TO_LANDING,0.0277,-0.0597,0.309,91.83,0.19,0.58,-0.0,-0.0245,-0.0604,-0.0024,2.37,1.387,,0.601,,0.02,-1.28
15.111,NAV_TO_LANDING,0.028,-0.0609,0.304,92.28,0.2,0.17,-0.0,-0.02,-0.0588,-0.0067,2.37,1.387,,0.605,,0.02,-1.28
15.141,NAV_TO_LANDING,0.028,-0.0638,0.304,92.65,0.33,-0.27,-0.0,-0.0152,-0.058,-0.0149,2.374,1.386,,0.605,,0.02,-1.28
15.201,NAV_TO_LANDING,0.0261,-0.0633,0.306,92.92,0.31,1.42,-0.0,-0.0144,-0.0556,-0.0178,2.374,1.386,,0.608,,0.02,-1.28
15.239,NAV_TO_LANDING,0.0297,-0.0606,0.306,93.06,0.18,2.85,-0.0,-0.0023,-0.064,-0.0052,2.393,1.387,,0.608,,0.02,-1.28
15.288,NAV_TO_LANDING,0.0295,-0.0595,0.309,93.14,0.02,3.71,-0.0,-0.0001,-0.0832,0.003,2.393,1.387,,0.608,,0.02,-1.28
15.34,NAV_TO_LANDING,0.0322,-0.0616,0.309,93.19,-0.14,4.18,-0.0,0.0071,-0.1117,0.0052,2.384,1.385,,0.608,,0.02,-1.28
15.401,NAV_TO_LANDING,0.0327,-0.0689,0.305,93.27,-0.3,4.28,-0.0,0.0073,-0.1499,-0.0109,2.384,1.385,,0.604,,0.02,-1.28
15.461,NAV_TO_LANDING,0.0329,-0.0746,0.305,93.36,-0.33,4.14,-0.0,0.0064,-0.1814,-0.0126,2.383,1.38,,0.604,,0.02,-1.28
15.489,NAV_TO_LANDING,0.0357,-0.0821,0.304,93.41,-0.34,3.71,-0.0,0.0107,-0.2114,0.0009,2.383,1.38,,0.597,,0.02,-1.28
15.549,NAV_TO_LANDING,0.0349,-0.0944,0.304,93.46,-0.35,3.21,-0.0,0.0064,-0.2427,-0.0066,2.411,1.356,,0.597,,0.02,-1.28
15.602,NAV_TO_LANDING,0.0357,-0.1047,0.3,93.53,-0.37,2.55,-0.0,0.0059,-0.2622,-0.0111,2.411,1.356,,0.598,,0.02,-1.28
15.638,NAV_TO_LANDING,0.0364,-0.1165,0.3,93.61,-0.35,1.89,-0.0,0.0049,-0.2777,-0.0141,2.437,1.333,,0.598,,0.02,-1.28
15.69,NAV_TO_LANDING,0.0354,-0.1285,0.299,93.65,-0.45,1.33,-0.0,-0.0004,-0.2862,-0.0131,2.437,1.333,,0.597,,0.02,-1.28
15.785,NAV_TO_LANDING,0.0342,-0.1419,0.299,93.67,-0.37,0.98,-0.0,-0.0059,-0.294,-0.0094,,1.311,,0.597,,0.02,-1.28
15.793,NAV_TO_LANDING,0.0331,-0.154,0.3,93.67,-0.22,0.59,-0.0,-0.0096,-0.2947,0.0017,,1.311,,0.608,,0.02,-1.28
15.852,NAV_TO_LANDING,0.0335,-0.1667,0.3,93.7,-0.19,0.3,-0.0,-0.0089,-0.293,0.0024,2.484,1.286,,0.608,,0.02,-1.28
15.889,NAV_TO_LANDING,0.0331,-0.1793,0.317,93.75,-0.15,0.12,-0.0,-0.01,-0.2908,0.0172,2.484,1.286,,0.616,,0.02,-1.28
15.938,NAV_TO_LANDING,0.0315,-0.1918,0.317,93.83,0.04,0.19,-0.0,-0.0131,-0.2862,0.0404,2.505,1.265,,0.616,,0.02,-1.28
15.989,NAV_TO_LANDING,0.0297,-0.2025,0.335,93.87,0.11,0.06,-0.0,-0.015,-0.28,0.0482,2.505,1.265,,0.615,,0.02,-1.28
16.052,NAV_TO_LANDING,0.0287,-0.2151,0.335,93.98,0.16,0.09,-0.0,-0.0143,-0.2752,0.0587,,1.241,,0.615,,0.02,-1.28
16.118,NAV_TO_LANDING,0.0282,-0.2271,0.363,94.06,0.15,0.09,-0.0,-0.0125,-0.2731,0.0655,,1.241,,0.618,,0.02,-1.28
16.146,NAV_TO_LANDING,0.027,-0.2406,0.363,94.14,0.16,0.24,-0.0,-0.0126,-0.2719,0.0832,2.548,1.218,,0.618,,0.02,-1.28
16.196,NAV_TO_LANDING,0.0265,-0.2516,0.372,94.23,0.35,0.4,-0.0,-0.01,-0.2686,0.072,2.548,1.218,,0.624,,0.02,-1.28
16.272,NAV_TO_LANDING,0.0269,-0.2642,0.372,94.29,0.47,0.51,-0.0,-0.0044,-0.2679,0.0317,2.574,1.193,,0.624,,0.02,-1.28
16.291,NAV_TO_LANDING,0.0257,-0.2763,0.344,94.31,0.26,0.62,-0.0,-0.004,-0.2678,-0.0514,2.574,1.193,,0.624,,0.02,-1.28
16.339,NAV_TO_LANDING,0.0256,-0.2916,0.344,94.31,0.16,0.79,-0.0,-0.002,-0.2783,-0.1118,2.596,1.174,,0.624,,0.02,-1.28
16.389,NAV_TO_LANDING,0.0239,-0.3039,0.316,94.23,0.11,0.82,-0.0,-0.0044,-0.2801,-0.1222,2.596,1.174,,0.62,,0.02,-1.28
16.455,NAV_TO_LANDING,0.0231,-0.3165,0.316,94.06,0.06,0.93,-0.0,-0.0046,-0.285,-0.155,2.642,1.153,,0.62,,0.02,-1.28
16.49,NAV_TO_LANDING,0.0215,-0.3317,0.289,93.89,0.14,1.01,-0.0,-0.0066,-0.2948,-0.1464,2.642,1.153,,0.615,,0.02,-1.28
16.539,NAV_TO_LANDING,0.0199,-0.3429,0.289,93.69,0.2,0.91,-0.0,-0.0075,-0.296,-0.1522,2.674,1.125,,0.615,,0.02,-1.28
16.589,NAV_TO_LANDING,0.0187,-0.3549,0.272,93.44,0.13,0.71,-0.0,-0.0075,-0.2945,-0.1251,2.674,1.125,,0.618,,0.02,-1.28
16.639,NAV_TO_LANDING,0.0182,-0.3653,0.272,93.12,0.17,0.47,-0.0,-0.0061,-0.2903,-0.1081,,1.108,,0.618,,0.02,-1.28
16.689,NAV_TO_LANDING,0.0182,-0.3791,0.263,92.88,0.13,0.61,-0.0,-0.0039,-0.2922,-0.0747,,1.108,,0.622,,0.02,-1.28
16.775,NAV_TO_LANDING,0.0179,-0.3899,0.263,92.67,0.14,0.61,-0.0,-0.0026,-0.2892,-0.0577,,1.086,,0.622,,0.02,-1.28
16.788,NAV_TO_LANDING,0.0185,-0.3997,0.259,92.53,0.0,0.59,-0.0,-0.0003,-0.2817,-0.0365,,1.086,,0.621,,0.02,-1.28
16.863,NAV_TO_LANDING,0.0186,-0.4105,0.259,92.45,0.07,0.64,-0.0,0.0005,-0.2792,-0.0151,2.74,1.055,,0.621,,0.02,-1.28
16.9,NAV_TO_LANDING,0.0181,-0.4226,0.263,92.39,0.08,0.71,-0.0,0.0002,-0.2804,0.007,2.74,1.055,,0.621,,0.02,-1.28
16.939,NAV_TO_LANDING,0.019,-0.4332,0.263,92.41,-0.03,0.74,-0.0,0.003,-0.2774,0.0249,2.745,1.038,,0.621,,0.02,-1.28
16.992,NAV_TO_LANDING,0.0203,-0.4478,0.268,92.47,-0.01,0.72,-0.0,0.006,-0.2858,0.0407,2.745,1.038,,0.621,,0.02,-1.28
17.069,NAV_TO_LANDING,0.0217,-0.4602,0.268,92.58,-0.01,0.65,-0.0,0.0094,-0.2853,0.0429,2.777,1.015,,0.621,,0.02,-1.28
17.125,NAV_TO_LANDING,0.0219,-0.473,0.272,92.67,-0.11,0.49,-0.0,0.0082,-0.2859,0.041,2.777,1.015,,0.611,,0.02,-1.28
17.139,NAV_TO_LANDING,0.0232,-0.485,0.272,92.77,0.01,0.45,-0.0,0.0103,-0.2831,0.0475,,0.989,,0.611,,0.02,-1.28
17.202,NAV_TO_LANDING,0.0229,-0.4976,0.276,92.85,0.2,0.62,-0.0,0.0096,-0.2828,0.049,,0.989,,0.609,,0.02,-1.28
17.24,NAV_TO_LANDING,0.0242,-0.5121,0.276,92.94,-0.11,0.61,-0.0,0.0124,-0.2894,0.0465,2.803,0.964,,0.609,,0.02,-1.28
17.288,NAV_TO_LANDING,0.0249,-0.5251,0.283,93.01,-0.3,0.4,-0.0,0.0105,-0.2899,0.0582,2.803,0.964,,0.613,,0.02,-1.28
17.339,NAV_TO_LANDING,0.0253,-0.5388,0.283,93.1,-0.14,0.35,-0.0,0.0087,-0.2902,0.0513,2.843,0.934,,0.613,,0.02,-1.28
17.395,NAV_TO_LANDING,0.026,-0.5507,0.287,93.15,-0.21,0.2,-0.0,0.0081,-0.2845,0.0396,2.843,0.934,,0.619,,0.02,-1.28
17.446,NAV_TO_LANDING,0.026,-0.5647,0.287,93.18,-0.38,0.26,-0.0,0.0044,-0.2858,0.0407,2.877,0.908,,0.619,,0.02,-1.28
17.508,NAV_TO_LANDING,0.0266,-0.5776,0.293,93.11,-0.44,0.24,-0.0,0.0023,-0.2833,0.0336,2.877,0.908,,0.616,,0.02,-1.28
17.538,NAV_TO_LANDING,0.0269,-0.5918,0.293,92.99,-0.48,0.42,-0.0,-0.0011,-0.2868,0.0376,2.923,0.883,,0.616,,0.02,-1.28
17.588,NAV_TO_LANDING,0.0266,-0.6045,0.296,92.78,-0.39,0.34,-0.0,-0.0048,-0.2857,0.036,2.923,0.883,,0.617,,0.02,-1.28
17.638,NAV_TO_LANDING,0.026,-0.6169,0.296,92.49,-0.29,0.48,-0.0,-0.0086,-0.2834,0.0311,2.907,0.86,,0.617,,0.02,-1.28
17.689,NAV_TO_LANDING,0.0252,-0.6297,0.297,92.2,-0.18,0.6,-0.0,-0.0112,-0.2839,0.0227,2.907,0.86,,0.616,,0.02,-1.28
17.776,NAV_TO_LANDING,0.0241,-0.6428,0.297,91.95,0.04,0.7,-0.0,-0.0133,-0.286,0.0193,2.949,0.834,,0.616,,0.02,-1.28
17.788,NAV_TO_LANDING,0.0239,-0.6572,0.299,91.82,0.21,0.73,-0.0,-0.0104,-0.2922,0.0259,2.949,0.834,,0.609,,0.02,-1.28
17.847,NAV_TO_LANDING,0.0225,-0.6721,0.299,91.7,0.28,0.6,-0.0,-0.0106,-0.2982,0.0203,,0.805,,0.609,,0.02,-1.28
17.932,NAV_TO_LANDING,0.0217,-0.6854,0.303,91.63,0.2,0.44,-0.0,-0.0092,-0.298,0.0236,,0.805,,0.609,,0.02,-1.28
17.945,NAV_TO_LANDING,0.0227,-0.6992,0.303,91.72,-0.0,0.24,-0.0,-0.0045,-0.2973,0.0246,3.008,0.779,,0.609,,0.02,-1.28
17.988,NAV_TO_LANDING,0.0228,-0.7121,0.307,91.98,-0.02,0.07,-0.0,-0.0034,-0.2928,0.0117,3.008,0.779,,0.612,,0.02,-1.28
18.041,NAV_TO_LANDING,0.022,-0.7259,0.307,92.36,0.0,0.22,-0.0,-0.0055,-0.2917,0.0193,,0.75,,0.612,,0.02,-1.28
18.097,NAV_TO_LANDING,0.0217,-0.739,0.308,92.82,0.03,0.4,-0.0,-0.0049,-0.2902,0.0064,,0.75,,0.622,,0.02,-1.28
18.158,NAV_TO_LANDING,0.0226,-0.7547,0.308,93.37,0.07,0.32,-0.0,-0.0014,-0.2965,0.008,,0.724,,0.622,,0.02,-1.28
18.188,NAV_TO_LANDING,0.0228,-0.768,0.304,93.94,-0.0,0.24,-0.0,-0.0002,-0.2945,0.0102,,0.724,,0.63,,0.02,-1.28
18.237,NAV_TO_LANDING,0.0231,-0.782,0.304,94.48,0.06,0.43,-0.0,0.0009,-0.2952,-0.0128,,0.697,,0.63,,0.02,-1.28
18.288,NAV_TO_LANDING,0.0232,-0.7952,0.305,94.92,0.14,0.67,-0.0,0.0026,-0.2959,-0.0126,,0.697,,0.641,,0.02,-1.28
18.338,NAV_TO_LANDING,0.0246,-0.8078,0.305,95.31,0.28,0.45,-0.0,0.0076,-0.2942,-0.0134,,0.673,,0.641,,0.02,-1.28
18.43,NAV_TO_LANDING,0.0261,-0.8242,0.306,95.68,0.56,0.63,-0.0,0.0147,-0.3025,-0.0161,,0.673,,0.662,,0.02,-1.28
18.438,NAV_TO_LANDING,0.0278,-0.8392,0.306,96.01,0.64,0.39,-0.0,0.0227,-0.306,-0.0084,,0.645,,0.662,,0.02,-1.28
18.504,NAV_TO_LANDING,0.0309,-0.8536,0.304,96.39,0.48,-0.03,-0.0,0.0321,-0.3047,-0.0077,,0.645,,0.694,,0.02,-1.28
18.553,NAV_TO_LANDING,0.0337,-0.867,0.304,96.65,0.41,-0.28,-0.0,0.0385,-0.2979,-0.0106,,0.623,,0.694,,0.02,-1.28
18.588,NAV_TO_LANDING,0.0384,-0.88,0.302,96.81,0.16,-0.5,-0.0,0.0472,-0.2891,-0.0145,,0.623,,0.782,,0.02,-1.28
18.638,NAV_TO_LANDING,0.0423,-0.893,0.302,96.75,-0.33,-0.56,-0.0,0.049,-0.2813,-0.0013,,0.597,,0.782,,0.02,-1.28
18.692,NAV_TO_LANDING,0.0468,-0.9065,0.301,96.54,-0.73,-0.38,-0.0,0.0487,-0.2761,0.0041,,0.597,,,,0.02,-1.28
18.747,NAV_TO_LANDING,0.0491,-0.9185,0.301,96.27,-0.82,0.08,-0.0,0.0417,-0.2717,0.0042,,0.571,,,,0.02,-1.28
18.795,NAV_TO_LANDING,0.0542,-0.9318,0.307,95.94,-1.05,0.59,-0.0,0.0413,-0.2758,0.0073,,0.571,,,,0.02,-1.28
18.837,NAV_TO_LANDING,0.0575,-0.9448,0.307,95.55,-1.21,0.63,-0.0,0.0356,-0.2793,0.016,,0.552,,,,0.02,-1.28
18.888,NAV_TO_LANDING,0.0606,-0.9569,0.307,95.23,-1.15,0.71,-0.0,0.0294,-0.2811,0.0018,,0.552,,,,0.02,-1.28
18.938,NAV_TO_LANDING,0.0641,-0.9701,0.307,94.83,-1.02,0.73,-0.0,0.026,-0.2857,0.0069,,0.523,,,,0.02,-1.28
18.987,NAV_TO_LANDING,0.0673,-0.9852,0.307,94.43,-0.85,0.64,-0.0,0.0235,-0.2941,0.013,,0.523,,2.538,,0.02,-1.28
19.057,NAV_TO_LANDING,0.0695,-0.9982,0.307,94.1,-0.92,0.53,-0.0,0.0193,-0.2952,0.0054,,0.492,,2.538,,0.02,-1.28
19.089,NAV_TO_LANDING,0.072,-1.0119,0.309,93.76,-0.97,0.38,-0.0,0.0153,-0.2965,0.0089,,0.492,,,,0.02,-1.28
19.142,NAV_TO_LANDING,0.0746,-1.0267,0.309,93.52,-1.18,0.4,-0.0,0.0112,-0.3,0.0081,,0.469,,,,0.02,-1.28
19.188,NAV_TO_LANDING,0.0793,-1.0396,0.311,93.33,-1.43,0.28,-0.0,0.0103,-0.2978,-0.0045,,0.469,,,,0.02,-1.28
19.238,NAV_TO_LANDING,0.0803,-1.0572,0.311,93.06,-1.41,0.49,-0.0,0.0002,-0.3083,-0.0009,,0.444,,,,0.02,-1.28
19.288,NAV_TO_LANDING,0.0827,-1.0711,0.307,92.8,-1.47,0.3,-0.0,-0.0055,-0.309,-0.003,,0.444,,,,0.02,-1.28
19.373,NAV_TO_LANDING,0.0857,-1.0855,0.307,92.6,-1.63,0.1,-0.0,-0.0108,-0.308,-0.0118,,0.413,,,,0.02,-1.28
19.389,NAV_TO_LANDING,0.0866,-1.1001,0.308,92.4,-1.65,-0.13,-0.0,-0.0205,-0.3061,-0.0211,,0.413,,,,0.02,-1.28
19.443,NAV_TO_LANDING,0.088,-1.1167,0.308,92.19,-1.72,-0.33,-0.0,-0.0287,-0.3077,-0.0132,,0.385,,,,0.02,-1.28
19.501,NAV_TO_LANDING,0.0889,-1.1322,0.305,91.97,-1.8,-0.42,-0.0,-0.0379,-0.3054,-0.0112,,0.385,,,,0.02,-1.28
19.538,NAV_TO_LANDING,0.0884,-1.1494,0.305,91.87,-1.64,-0.45,-0.0,-0.0486,-0.307,-0.0203,,0.352,,,,0.02,-1.28
19.587,NAV_TO_LANDING,0.0894,-1.1642,0.304,91.82,-1.45,-0.51,-0.0,-0.0532,-0.3023,-0.0165,,0.352,,1.685,,0.02,-1.28
19.637,NAV_TO_LANDING,0.0883,-1.1802,0.304,91.71,-1.63,-0.71,-0.0,-0.0622,-0.2995,-0.018,,0.319,,1.685,,0.02,-1.28
19.705,NAV_TO_LANDING,0.0878,-1.1947,0.299,91.57,-1.66,-0.78,-0.0,-0.0701,-0.2924,-0.0177,,0.319,,1.658,,0.02,-1.28
19.738,NAV_TO_LANDING,0.0855,-1.2088,0.299,91.46,-1.85,-0.81,-0.0,-0.0819,-0.2852,-0.028,,0.288,,1.658,,0.02,-1.28
19.791,NAV_TO_LANDING,0.0827,-1.2232,0.299,91.34,-2.08,-0.96,-0.0,-0.0955,-0.278,-0.0222,,0.288,,1.641,,0.02,-1.28
19.838,NAV_TO_LANDING,0.0833,-1.2387,0.299,91.23,-2.24,-0.96,-0.0,-0.1014,-0.2744,-0.0182,,0.254,,1.641,,0.02,-1.28
19.888,NAV_TO_LANDING,0.0794,-1.2522,0.299,91.06,-2.12,-0.96,-0.0,-0.117,-0.2666,-0.0169,,0.254,,1.637,,0.02,-1.28
19.938,NAV_TO_LANDING,0.0758,-1.2645,0.299,90.78,-2.11,-1.33,-0.0,-0.1291,-0.2547,-0.0128,,0.227,,1.637,,0.02,-1.28
20.013,NAV_TO_LANDING,0.0687,-1.2781,0.297,90.38,-2.0,-1.99,-0.0,-0.1477,-0.2424,-0.0197,,0.227,,1.639,,0.02,-1.28
20.044,NAV_TO_LANDING,0.0641,-1.2898,0.297,90.01,-1.38,-2.58,-0.0,-0.1549,-0.2223,-0.016,,0.2,,1.639,,0.02,-1.28
20.095,NAV_TO_LANDING,0.0585,-1.3004,0.296,89.57,-1.05,-3.16,-0.0,-0.1596,-0.1964,-0.0143,,0.2,,1.655,,0.02,-1.28
20.142,NAV_TO_LANDING,0.0477,-1.3143,0.296,88.99,-0.92,-3.76,-0.0,-0.1728,-0.1761,-0.0073,,0.185,,1.655,,0.02,-1.28
20.187,NAV_TO_LANDING,0.0399,-1.321,0.293,88.46,-0.73,-3.79,-0.0,-0.1776,-0.1395,0.0028,,0.185,,1.662,,0.02,-1.28
20.237,NAV_TO_LANDING,0.0325,-1.3296,0.293,87.96,-0.25,-4.32,-0.0,-0.1764,-0.1095,-0.0026,,0.171,,1.662,,0.02,-1.28
20.302,NAV_TO_LANDING,0.0237,-1.3349,0.299,87.51,0.1,-4.78,-0.0,-0.1753,-0.0706,0.01,,0.171,,1.677,,0.02,-1.28
20.357,NAV_TO_LANDING,0.0157,-1.3373,0.299,87.12,0.33,-4.79,-0.0,-0.1692,-0.0285,0.0147,,0.168,,1.677,,0.02,-1.28
20.391,NAV_TO_LANDING,0.006,-1.3399,0.296,86.82,0.89,-4.61,-0.0,-0.1645,0.0068,0.0144,,0.168,,1.697,,0.02,-1.28
20.442,NAV_TO_LANDING,-0.0007,-1.3402,0.296,86.49,1.49,-4.28,-0.0,-0.1488,0.0405,0.0037,,0.166,,1.697,,0.02,-1.28
20.488,NAV_TO_LANDING,-0.0082,-1.338,0.292,86.18,1.84,-4.01,-0.0,-0.1319,0.0742,0.0063,,0.166,,1.712,,0.02,-1.28
20.537,NAV_TO_LANDING,-0.0169,-1.3365,0.292,85.98,2.59,-3.69,-0.0,-0.1154,0.0996,-0.0014,,0.169,,1.712,,0.02,-1.28
20.587,NAV_TO_LANDING,-0.0197,-1.3326,0.29,86.09,3.21,-3.08,-0.0,-0.0824,0.1222,-0.0066,,0.169,,1.733,,0.02,-1.28
20.679,NAV_TO_LANDING,-0.0243,-1.3278,0.29,86.36,3.66,-2.46,-0.0,-0.0523,0.1407,0.0007,,0.174,,1.733,,0.02,-1.28
20.69,NAV_TO_LANDING,-0.0242,-1.3228,0.302,86.7,3.6,-2.02,-0.0,-0.0151,0.1536,0.031,,0.174,,1.73,,0.02,-1.28
20.744,NAV_TO_LANDING,-0.0246,-1.3142,0.302,87.19,3.51,-1.49,-0.0,0.0155,0.1667,0.0391,,0.179,,1.73,,0.02,-1.28
20.787,NAV_TO_LANDING,-0.0217,-1.3066,0.305,87.91,3.15,-0.97,-0.0,0.0462,0.1737,0.0208,,0.179,,1.729,,0.02,-1.28
20.838,NAV_TO_LANDING,-0.0187,-1.3016,0.305,88.7,2.91,-0.16,-0.0,0.071,0.1683,0.0263,,0.184,,1.729,,0.02,-1.28
20.888,NAV_TO_LANDING,-0.0147,-1.2967,0.306,89.36,2.75,0.86,-0.0,0.0935,0.1556,0.0256,,0.184,,1.717,,0.02,-1.28
20.944,NAV_TO_LANDING,-0.0082,-1.2915,0.306,89.72,2.24,1.46,-0.0,0.1161,0.139,0.0092,,0.194,,1.717,,0.02,-1.28
21.003,NAV_TO_LANDING,-0.0029,-1.2877,0.31,89.93,1.57,1.87,-0.0,0.1285,0.1176,0.0019,,0.194,,1.718,,0.48,-1.28
21.055,NAV_TO_LANDING,0.0023,-1.2859,0.31,90.09,0.81,2.05,-0.0,0.1326,0.091,0.0033,,0.198,,1.718,,0.48,-1.28
21.125,NAV_TO_LANDING,0.0106,-1.2848,0.309,90.18,0.11,2.06,-0.0,0.1385,0.066,-0.0036,,0.198,,1.706,,0.48,-1.28
21.14,NAV_TO_LANDING,0.0175,-1.2847,0.309,90.13,0.92,2.09,-0.0,0.141,0.0412,-0.0062,,0.201,,1.706,,0.48,-1.28
21.187,NAV_TO_LANDING,0.0217,-1.2857,0.306,89.88,1.72,1.88,-0.0,0.1444,0.0175,-0.0099,,0.201,,1.693,,0.48,-1.28
21.238,NAV_TO_LANDING,0.0287,-1.2891,0.306,89.49,2.05,1.77,-0.0,0.158,-0.007,-0.0169,,0.196,,1.693,,0.48,-1.28
21.331,NAV_TO_LANDING,0.0354,-1.2962,0.308,89.15,2.26,1.43,-0.0,0.1705,-0.0365,-0.0128,,0.196,,1.692,,0.48,-1.28
21.343,NAV_TO_LANDING,0.0418,-1.3008,0.308,88.87,2.76,0.93,-0.0,0.1838,-0.053,-0.0227,,0.188,,1.692,,0.48,-1.28
21.401,NAV_TO_LANDING,0.0485,-1.3067,0.306,88.67,2.78,0.19,-0.0,0.1986,-0.0649,-0.0297,,0.188,,1.68,,0.48,-1.28
21.455,NAV_TO_LANDING,0.0577,-1.3118,0.306,88.57,2.54,-0.36,-0.0,0.2175,-0.0683,-0.0295,,0.175,,1.68,,0.48,-1.28
21.487,NAV_TO_LANDING,0.067,-1.3155,0.3,88.63,2.39,-0.87,-0.0,0.2333,-0.0639,-0.032,,0.175,,1.659,,0.48,-1.28
21.538,NAV_TO_LANDING,0.079,-1.3237,0.3,88.78,2.13,-1.14,-0.0,0.2512,-0.0679,-0.0387,,0.174,,1.659,,0.48,-1.28
21.598,NAV_TO_LANDING,0.0896,-1.3282,0.296,88.94,1.85,-1.35,-0.0,0.262,-0.0602,-0.0421,,0.174,,1.637,,0.48,-1.28
21.652,NAV_TO_LANDING,0.1009,-1.3316,0.296,89.18,1.65,-1.53,-0.0,0.2715,-0.0496,-0.0447,,0.165,,1.637,,0.48,-1.28
21.69,NAV_TO_LANDING,0.1134,-1.3359,0.292,89.47,1.29,-1.87,-0.0,0.2802,-0.04,-0.0418,,0.165,,1.627,,0.48,-1.28
21.747,NAV_TO_LANDING,0.1244,-1.338,0.292,89.79,0.96,-1.86,-0.0,0.2813,-0.0247,-0.0398,,0.164,,1.627,,0.48,-1.28
21.787,NAV_TO_LANDING,0.1381,-1.3394,0.29,90.05,0.79,-1.95,-0.0,0.2875,-0.0088,-0.0232,,0.164,,1.605,,0.48,-1.28
21.837,NAV_TO_LANDING,0.1513,-1.3405,0.29,90.25,0.48,-2.0,-0.0,0.2888,0.0058,-0.0207,,0.193,,1.605,,0.48,-1.28
21.887,NAV_TO_LANDING,0.1635,-1.3407,0.287,90.43,0.47,-1.85,-0.0,0.2869,0.0204,-0.021,,0.193,,1.579,,0.48,-1.28
21.977,NAV_TO_LANDING,0.1745,-1.3396,0.287,90.59,0.4,-1.44,-0.0,0.2821,0.0342,-0.0198,,0.14,,1.579,,0.48,-1.28
21.991,NAV_TO_LANDING,0.1874,-1.3373,0.284,90.73,0.32,-0.91,-0.0,0.2819,0.045,-0.0085,,0.14,,1.549,,0.48,-1.28
22.048,NAV_TO_LANDING,0.1976,-1.3358,0.284,90.93,0.31,-0.51,-0.0,0.2745,0.0485,-0.0158,,0.15,,1.549,,0.48,-1.28
22.1,NAV_TO_LANDING,0.2111,-1.3345,0.288,91.24,0.13,-0.6,-0.0,0.275,0.0506,0.003,,0.15,,1.532,,0.48,-1.28
22.136,NAV_TO_LANDING,0.2248,-1.3324,0.288,91.67,0.13,-0.25,-0.0,0.2757,0.0528,0.0108,,0.15,,1.532,,0.48,-1.28
22.187,NAV_TO_LANDING,0.2371,-1.3305,0.288,92.19,0.08,-0.21,-0.0,0.2728,0.0527,0.0116,,0.15,,1.502,,0.48,-1.28
22.247,NAV_TO_LANDING,0.2501,-1.3301,0.288,92.73,0.16,-0.33,-0.0,0.2722,0.0495,0.0126,,0.148,,1.502,,0.48,-1.28
22.308,NAV_TO_LANDING,0.2614,-1.3283,0.289,93.33,0.25,-0.36,-0.0,0.2675,0.0504,0.014,,0.148,,1.491,,0.48,-1.28
22.339,NAV_TO_LANDING,0.2736,-1.3272,0.289,93.89,0.24,-0.61,-0.0,0.2662,0.0514,0.0225,,0.153,,1.491,,0.48,-1.28
22.39,NAV_TO_LANDING,0.2879,-1.3226,0.291,94.27,0.82,-0.37,-0.0,0.273,0.0612,0.0198,,0.153,,1.469,,0.48,-1.28
22.437,NAV_TO_LANDING,0.3023,-1.3192,0.291,94.39,1.17,-0.16,-0.0,0.2838,0.0644,0.0205,,0.166,,1.469,,0.48,-1.28
22.486,NAV_TO_LANDING,0.3143,-1.3163,0.292,94.34,1.05,0.05,-0.0,0.2868,0.0648,0.0192,,0.166,,1.443,,0.48,-1.28
22.537,NAV_TO_LANDING,0.3274,-1.3136,0.292,94.14,0.92,0.07,-0.0,0.2918,0.0633,0.0213,,,,1.443,,0.48,-1.28
22.625,NAV_TO_LANDING,0.3422,-1.3107,0.295,93.89,0.67,-0.07,-0.0,0.2988,0.0634,0.0305,,,,1.421,,0.48,-1.28
22.65,NAV_TO_LANDING,0.3568,-1.3083,0.295,93.6,0.46,-0.06,-0.0,0.3021,0.0618,0.0264,,0.151,,1.421,,0.48,-1.28
22.695,NAV_TO_LANDING,0.3719,-1.3056,0.299,93.2,0.15,-0.27,-0.0,0.3042,0.0624,0.0256,,0.151,,1.392,,0.48,-1.28
22.745,NAV_TO_LANDING,0.3888,-1.3025,0.299,92.7,0.05,-0.46,-0.0,0.3096,0.0657,0.0299,,0.158,,1.392,,0.48,-1.28
22.786,NAV_TO_LANDING,0.4034,-1.2994,0.299,92.23,-0.19,-0.62,-0.0,0.306,0.0701,0.0321,,0.158,,1.356,,0.48,-1.28
22.837,NAV_TO_LANDING,0.4176,-1.2953,0.299,91.79,-0.19,-0.82,-0.0,0.3012,0.0773,0.0186,,0.18,,1.356,,0.48,-1.28
22.891,NAV_TO_LANDING,0.4318,-1.2943,0.302,91.44,-0.67,-0.81,-0.0,0.2955,0.0767,0.0309,,0.18,,1.333,,0.48,-1.28
22.948,NAV_TO_LANDING,0.4468,-1.2883,0.302,91.19,-1.49,-0.55,-0.0,0.2861,0.0873,0.0171,,0.19,,1.333,,0.48,-1.28
23.006,NAV_TO_LANDING,0.4622,-1.2825,0.308,91.09,-2.34,-0.32,-0.0,0.2724,0.0939,0.0172,,0.19,,1.31,,0.48,-1.34
23.036,NAV_TO_LANDING,0.4728,-1.2764,0.308,91.14,-3.14,-0.1,-0.0,0.2408,0.0984,0.0217,,0.195,,1.31,,0.48,-1.34
23.087,NAV_TO_LANDING,0.4829,-1.2724,0.308,91.32,-3.53,0.09,-0.0,0.2082,0.0958,0.0171,,0.195,,1.288,,0.48,-1.34
23.136,NAV_TO_LANDING,0.4904,-1.2662,0.308,91.63,-3.87,1.0,-0.0,0.1709,0.0938,-0.0012,,0.196,,1.288,,0.48,-1.34
23.186,NAV_TO_LANDING,0.4979,-1.2606,0.305,91.78,-4.22,1.55,-0.0,0.134,0.0835,-0.0053,,0.196,,1.265,,0.48,-1.34
23.254,NAV_TO_LANDING,0.5028,-1.2552,0.305,91.71,-3.93,1.52,-0.0,0.0954,0.0725,-0.0092,,0.207,,1.265,,0.48,-1.34
23.294,NAV_TO_LANDING,0.5056,-1.2507,0.308,91.6,-3.62,1.81,-0.0,0.0592,0.0597,-0.0049,,0.207,,1.263,,0.48,-1.34
23.39,NAV_TO_LANDING,0.5065,-1.2471,0.308,91.48,-3.03,1.77,-0.0,0.0268,0.0456,-0.0058,,0.217,,1.263,,1.56,-1.26
23.418,NAV_TO_LANDING,0.5059,-1.2448,0.307,91.4,-2.55,1.57,-0.0,-0.0009,0.0318,-0.0115,,0.217,,1.258,,1.56,-1.26
23.472,NAV_TO_LANDING,0.5044,-1.2434,0.307,91.34,-1.7,1.51,-0.0,-0.0211,0.0184,-0.0137,,0.217,,1.258,,1.56,-1.26
23.488,NAV_TO_LANDING,0.5038,-1.2413,0.306,91.31,-0.82,1.16,-0.0,-0.0301,0.0097,-0.0069,,0.217,,1.257,,1.56,-1.26
23.568,NAV_TO_LANDING,0.5013,-1.2404,0.306,91.32,2.08,0.98,-0.0,-0.026,0.0019,0.0009,,0.218,,1.257,,1.56,-1.26
23.586,NAV_TO_LANDING,0.4983,-1.2403,0.31,91.28,4.13,0.98,-0.0,-0.0018,-0.0057,0.0048,,0.218,,1.259,,1.56,-1.26
23.637,NAV_TO_LANDING,0.4981,-1.2398,0.31,91.15,4.97,0.85,-0.0,0.0359,-0.0103,0.0036,,0.223,,1.259,,1.56,-1.26
23.687,NAV_TO_LANDING,0.501,-1.2405,0.308,90.98,5.57,0.59,-0.0,0.0828,-0.0152,-0.0068,,0.223,,1.268,,1.56,-1.26
23.736,NAV_TO_LANDING,0.5075,-1.2404,0.308,90.76,5.49,0.35,-0.0,0.1348,-0.0165,-0.0064,,0.222,,1.268,,1.56,-1.26
23.788,NAV_TO_LANDING,0.516,-1.2409,0.306,90.53,5.16,-0.01,-0.0,0.1832,-0.0161,-0.0064,,0.222,,1.254,,1.56,-1.26
23.858,NAV_TO_LANDING,0.5282,-1.2405,0.306,90.3,4.75,-0.35,-0.0,0.2321,-0.0106,-0.0054,,0.23,,1.254,,1.56,-1.26
23.905,NAV_TO_LANDING,0.5451,-1.2412,0.304,90.08,3.94,-0.52,-0.0,0.2806,-0.0071,-0.0054,,0.23,,1.235,,1.56,-1.26
23.937,NAV_TO_LANDING,0.5612,-1.2407,0.304,89.78,3.1,-0.56,-0.0,0.3149,-0.0004,-0.0042,,,,1.235,,1.56,-1.26
24.037,NAV_TO_LANDING,0.5786,-1.2399,0.31,89.39,2.14,-0.49,-0.0,0.3404,0.0062,0.0004,,,,1.207,,1.56,-1.26
24.061,NAV_TO_LANDING,0.5963,-1.2386,0.31,89.14,1.27,-0.4,-0.0,0.3555,0.0119,0.0104,,,,1.207,,1.56,-1.26
24.093,NAV_TO_LANDING,0.6141,-1.2373,0.308,88.99,0.48,-0.25,-0.0,0.3623,0.0164,0.0045,,,,1.171,,1.56,-1.26
24.137,NAV_TO_LANDING,0.6355,-1.2373,0.308,88.96,-0.21,-0.09,-0.0,0.3699,0.0155,0.0009,,2.569,,1.171,,1.56,-1.26
24.228,NAV_TO_LANDING,0.6533,-1.2354,0.307,88.96,-0.67,0.13,-0.0,0.3647,0.0179,0.0008,,2.569,,1.133,,1.56,-1.26
24.237,NAV_TO_LANDING,0.6705,-1.2353,0.307,89.0,-1.05,0.32,-0.0,0.3546,0.0145,-0.0031,,2.551,,1.133,,1.56,-1.26
24.303,NAV_TO_LANDING,0.6872,-1.235,0.31,89.06,-1.22,0.36,-0.0,0.3423,0.0106,-0.007,,2.551,,1.099,,1.56,-1.26
24.336,NAV_TO_LANDING,0.7031,-1.2348,0.31,89.18,-1.3,0.38,-0.0,0.3288,0.007,0.0009,0.501,2.54,,1.099,,1.56,-1.26
24.387,NAV_TO_LANDING,0.7185,-1.2349,0.302,89.33,-1.21,0.38,-0.0,0.3158,0.0028,-0.0018,0.501,2.54,,1.061,,1.56,-1.26
24.436,NAV_TO_LANDING,0.734,-1.2351,0.302,89.55,-0.93,0.4,-0.0,0.3065,-0.0012,-0.0198,0.482,2.509,,1.061,,1.56,-1.26
24.495,NAV_TO_LANDING,0.7497,-1.2354,0.306,89.75,-0.73,0.31,-0.0,0.3008,-0.0046,-0.0157,0.482,2.509,,1.039,,1.56,-1.26
24.564,NAV_TO_LANDING,0.7622,-1.2364,0.306,89.93,-0.49,0.26,-0.0,0.2901,-0.0087,-0.005,0.479,2.515,,1.039,,1.56,-1.26
24.591,NAV_TO_LANDING,0.7762,-1.2371,0.304,90.17,-0.2,0.28,-0.0,0.2862,-0.0117,-0.0099,0.479,2.515,,1.01,,1.56,-1.26
24.649,NAV_TO_LANDING,0.79,-1.2385,0.304,90.28,-0.05,0.2,-0.0,0.2843,-0.0155,-0.0107,0.487,2.511,,1.01,,1.56,-1.26
24.686,NAV_TO_LANDING,0.8038,-1.2395,0.302,90.35,0.02,0.19,-0.0,0.2832,-0.0179,-0.0025,0.487,2.511,,0.983,,1.56,-1.26
24.738,NAV_TO_LANDING,0.8204,-1.2401,0.302,90.43,0.21,-0.01,-0.0,0.2898,-0.0178,-0.0091,0.491,2.506,,0.983,,1.56,-1.26
24.786,NAV_TO_LANDING,0.8342,-1.2418,0.306,90.52,0.22,-0.16,-0.0,0.2905,-0.0188,-0.0052,0.491,2.506,,0.955,,1.56,-1.26
24.872,NAV_TO_LANDING,0.849,-1.243,0.306,90.58,0.18,-0.19,-0.0,0.2928,-0.0175,0.0005,0.505,2.504,,0.955,,1.56,-1.26
24.892,NAV_TO_LANDING,0.8634,-1.2438,0.304,90.56,0.12,-0.23,-0.0,0.2933,-0.0157,0.0015,0.505,2.504,,0.928,,1.56,-1.26
24.949,NAV_TO_LANDING,0.8785,-1.2447,0.304,90.58,0.22,-0.19,-0.0,0.2955,-0.014,-0.0069,0.516,2.498,,0.928,,1.56,-1.26
25.002,NAV_TO_LANDING,0.8924,-1.2457,0.3,90.6,0.16,-0.22,-0.0,0.2949,-0.0131,-0.0062,0.516,2.498,,0.902,,1.56,-1.26
25.037,NAV_TO_LANDING,0.9093,-1.246,0.3,90.64,0.22,-0.12,-0.0,0.3016,-0.0111,-0.0148,0.526,2.499,,0.902,,1.56,-1.26
25.087,NAV_TO_LANDING,0.9239,-1.2466,0.299,90.69,0.24,-0.07,-0.0,0.3022,-0.0103,-0.0158,0.526,2.499,,0.872,,1.56,-1.26
25.141,NAV_TO_LANDING,0.9385,-1.2465,0.299,90.72,0.21,-0.09,-0.0,0.3031,-0.0081,-0.0125,0.524,2.487,,0.872,,1.56,-1.26
25.219,NAV_TO_LANDING,0.9528,-1.2486,0.302,90.72,0.2,-0.06,-0.0,0.3031,-0.0113,-0.0054,0.524,2.487,,0.845,,1.56,-1.26
25.237,NAV_TO_LANDING,0.9683,-1.2491,0.302,90.72,0.1,-0.03,-0.0,0.3044,-0.0108,0.0005,0.519,2.486,,0.845,,1.56,-1.26
25.304,NAV_TO_LANDING,0.9851,-1.2506,0.304,90.75,0.15,0.05,-0.0,0.3097,-0.0131,0.0014,0.519,2.486,,0.812,,1.56,-1.26
25.336,NAV_TO_LANDING,1.0019,-1.2511,0.304,90.78,0.21,0.07,-0.0,0.3143,-0.0135,0.0031,0.515,2.481,,0.812,,1.56,-1.26
25.386,NAV_TO_LANDING,1.0176,-1.2514,0.301,90.74,0.04,0.07,-0.0,0.3155,-0.0133,-0.0039,0.515,2.481,,0.786,,1.56,-1.26
25.437,NAV_TO_LANDING,1.0328,-1.252,0.301,90.72,-0.16,-0.04,-0.0,0.3133,-0.0129,-0.0057,0.517,2.49,,0.786,,1.56,-1.26
25.486,NAV_TO_LANDING,1.0491,-1.2518,0.298,90.69,-0.2,-0.04,-0.0,0.3126,-0.0105,-0.0164,0.517,2.49,,0.759,,1.56,-1.26
25.544,NAV_TO_LANDING,1.0636,-1.2527,0.298,90.64,-0.22,-0.0,-0.0,0.3087,-0.0108,-0.0104,0.526,2.484,,0.759,,1.56,-1.26
25.606,NAV_TO_LANDING,1.0811,-1.2525,0.299,90.63,-0.14,0.02,-0.0,0.3125,-0.0093,0.0049,0.526,2.484,,0.73,,1.56,-1.26
25.636,NAV_TO_LANDING,1.0959,-1.2531,0.299,90.56,-0.23,0.04,-0.0,0.3086,-0.0099,0.0009,0.536,2.469,,0.73,,1.56,-1.26
25.687,NAV_TO_LANDING,1.1102,-1.2538,0.304,90.51,-0.23,0.1,-0.0,0.3046,-0.011,0.0066,0.536,2.469,,0.692,,1.56,-1.26
25.736,NAV_TO_LANDING,1.1251,-1.2528,0.304,90.45,-0.16,0.06,-0.0,0.3017,-0.008,0.0107,0.532,2.484,,0.692,,1.56,-1.26
25.787,NAV_TO_LANDING,1.1401,-1.253,0.302,90.37,-0.19,-0.04,-0.0,0.3001,-0.0073,0.0043,0.532,2.484,,0.668,,1.56,-1.26
25.873,NAV_TO_LANDING,1.1539,-1.2529,0.302,90.34,-0.11,-0.06,-0.0,0.2956,-0.0057,-0.0022,0.529,2.474,,0.668,,1.56,-1.26
25.89,NAV_TO_LANDING,1.1704,-1.2532,0.299,90.31,-0.0,-0.12,-0.0,0.2994,-0.0052,-0.0098,0.529,2.474,,0.636,,1.56,-1.26
25.944,NAV_TO_LANDING,1.1852,-1.2543,0.299,90.31,-0.02,-0.11,-0.0,0.2992,-0.0064,-0.0096,0.521,2.494,,0.636,,1.56,-1.26
25.986,NAV_TO_LANDING,1.1991,-1.2538,0.3,90.28,0.01,-0.11,-0.0,0.2967,-0.0033,-0.003,0.521,2.494,,0.609,,1.56,-1.26
26.037,NAV_TO_LANDING,1.214,-1.2533,0.3,90.25,0.09,-0.07,-0.0,0.2969,-0.001,-0.0037,0.526,2.479,,0.609,,1.56,-1.26
26.086,NAV_TO_LANDING,1.2303,-1.2529,0.302,90.21,0.25,-0.03,-0.0,0.302,0.0005,-0.007,0.526,2.479,,0.579,,1.56,-1.26
26.139,NAV_TO_LANDING,1.2469,-1.2514,0.302,90.17,0.18,-0.08,-0.0,0.3078,0.0047,0.001,0.53,2.476,,0.579,,1.56,-1.26
26.204,NAV_TO_LANDING,1.2618,-1.2515,0.297,90.06,0.02,-0.07,-0.0,0.3071,0.0044,-0.0026,0.53,2.476,,0.548,,1.56,-1.26
26.237,NAV_TO_LANDING,1.2768,-1.2501,0.297,89.93,0.06,0.06,-0.0,0.3068,0.0073,-0.0111,0.537,2.472,,0.548,,1.56,-1.26
26.285,NAV_TO_LANDING,1.2924,-1.2491,0.299,89.83,0.03,0.17,-0.0,0.308,0.0073,-0.0013,0.537,2.472,,0.52,,1.56,-1.26
26.337,NAV_TO_LANDING,1.309,-1.2481,0.299,89.71,-0.11,0.3,-0.0,0.3105,0.0069,-0.0008,0.534,2.481,,0.52,,1.56,-1.26
26.387,NAV_TO_LANDING,1.3244,-1.247,0.299,89.65,-0.13,0.33,-0.0,0.3089,0.0063,-0.0033,0.534,2.481,,0.49,,1.56,-1.26
26.437,NAV_TO_LANDING,1.3423,-1.2471,0.299,89.55,-0.16,0.41,-0.0,0.3135,0.0022,-0.0037,0.529,2.489,,0.49,,1.56,-1.26
26.516,NAV_TO_LANDING,1.3578,-1.247,0.303,89.47,-0.14,0.4,-0.0,0.3124,-0.0012,0.0012,0.529,2.489,,0.457,,1.56,-1.26
26.536,NAV_TO_LANDING,1.3731,-1.2465,0.303,89.37,-0.1,0.36,-0.0,0.3104,-0.0027,0.0037,0.525,2.48,,0.457,,1.56,-1.26
26.595,NAV_TO_LANDING,1.3884,-1.2473,0.303,89.26,-0.16,0.48,-0.0,0.3089,-0.008,0.0036,0.525,2.48,,0.429,,1.56,-1.26
26.643,NAV_TO_LANDING,1.4052,-1.2484,0.303,89.14,-0.2,0.55,-0.0,0.3103,-0.014,0.0012,0.517,2.486,,0.429,,1.56,-1.26
26.686,NAV_TO_LANDING,1.4207,-1.2485,0.303,89.09,-0.13,0.48,-0.0,0.3082,-0.0168,-0.0087,0.517,2.486,,0.392,,1.56,-1.26
26.736,NAV_TO_LANDING,1.4385,-1.2501,0.303,89.04,-0.07,0.34,-0.0,0.314,-0.0216,-0.0044,0.525,2.513,,0.392,,1.56,-1.26
26.787,NAV_TO_LANDING,1.4551,-1.2514,0.299,88.96,-0.15,0.4,-0.0,0.3146,-0.0251,-0.0039,0.525,2.513,,0.365,,1.56,-1.26
26.854,NAV_TO_LANDING,1.471,-1.2522,0.299,88.85,-0.35,0.47,-0.0,0.3126,-0.0276,-0.0106,0.534,2.501,,0.365,,1.56,-1.26
26.896,NAV_TO_LANDING,1.4875,-1.2536,0.297,88.64,-0.42,0.44,-0.0,0.3114,-0.0312,-0.0109,0.534,2.501,,0.332,,1.56,-1.26
26.979,NAV_TO_LANDING,1.502,-1.255,0.297,88.43,-0.44,0.43,-0.0,0.305,-0.0346,-0.01,0.536,2.498,,0.332,,1.56,-1.26
26.996,NAV_TO_LANDING,1.5198,-1.2574,0.295,88.29,-0.55,0.39,-0.0,0.3078,-0.0396,-0.0059,0.536,2.498,,0.304,,1.56,-1.26
27.036,NAV_TO_LANDING,1.5352,-1.2589,0.295,88.2,-0.93,0.08,-0.0,0.3014,-0.0397,-0.0114,0.612,2.513,,0.304,,1.56,-1.26
27.085,NAV_TO_LANDING,1.5494,-1.2609,0.299,88.21,-1.19,-0.04,-0.0,0.2904,-0.0398,-0.0068,0.612,2.513,,0.277,,1.56,-1.22
27.172,NAV_TO_LANDING,1.5637,-1.2631,0.299,88.28,-2.06,-0.14,-0.0,0.2757,-0.0388,0.008,,2.504,,0.277,,1.56,-1.22
27.186,NAV_TO_LANDING,1.5776,-1.2657,0.301,88.35,-3.19,-1.14,-0.0,0.2534,-0.0341,0.0072,,2.504,,0.25,,1.56,-1.22
27.246,NAV_TO_LANDING,1.5891,-1.2677,0.301,88.43,-4.12,-2.0,-0.0,0.2196,-0.0193,0.0142,,2.521,,0.25,,1.56,-1.22
27.286,NAV_TO_LANDING,1.6013,-1.2689,0.3,88.51,-4.7,-2.45,-0.0,0.186,-0.0001,0.0106,,2.521,,0.226,,1.56,-1.22
27.336,NAV_TO_LANDING,1.6094,-1.2693,0.3,88.58,-4.99,-2.8,-0.0,0.1438,0.0219,0.0088,,2.513,,0.226,,1.56,-1.22
27.387,NAV_TO_LANDING,1.6157,-1.2685,0.303,88.68,-5.25,-3.06,-0.0,0.0997,0.0468,0.0075,,2.513,,0.212,,1.56,-1.22
27.436,NAV_TO_LANDING,1.6192,-1.2671,0.303,88.94,-5.29,-2.95,-0.0,0.0532,0.0709,0.0135,,2.514,,0.212,,1.56,-1.22
27.489,NAV_TO_LANDING,1.6212,-1.2633,0.299,89.31,-5.12,-2.68,-0.0,0.009,0.095,0.004,,2.514,,0.2,,1.56,-1.22
27.548,NAV_TO_LANDING,1.6211,-1.2586,0.299,89.74,-4.69,-2.11,-0.0,-0.0325,0.1146,0.0008,,2.528,,0.2,,1.56,-1.22
27.586,NAV_TO_LANDING,1.6192,-1.253,0.3,90.14,-4.21,-1.55,-0.0,-0.0704,0.1296,0.0188,,2.528,,0.193,,1.56,-1.22
27.636,NAV_TO_LANDING,1.6148,-1.2467,0.3,90.38,-3.69,-1.04,-0.0,-0.1042,0.1391,0.0092,,2.52,,0.193,,1.56,-1.22
27.686,NAV_TO_LANDING,1.6095,-1.2405,0.303,90.5,-2.99,-0.42,-0.0,-0.1303,0.1422,-0.0017,,2.52,,0.207,,1.56,-1.22
27.749,NAV_TO_LANDING,1.6045,-1.2351,0.303,90.54,-2.37,0.09,-0.0,-0.1481,0.139,0.0029,,2.538,,0.207,,1.56,-1.22
27.811,NAV_TO_LANDING,1.5973,-1.2289,0.302,90.63,-1.47,0.71,-0.0,-0.1623,0.1332,0.0026,,2.538,,0.215,,1.56,-1.22
27.839,NAV_TO_LANDING,1.5892,-1.2233,0.302,90.72,-0.58,1.2,-0.0,-0.1692,0.1224,-0.0055,,2.544,,0.215,,1.56,-1.22
27.895,NAV_TO_LANDING,1.5827,-1.2194,0.305,90.85,0.16,1.39,-0.0,-0.1652,0.1065,-0.0052,,2.544,,0.241,,1.58,-1.16
27.937,NAV_TO_LANDING,1.5762,-1.2141,0.305,91.0,0.47,1.58,-0.0,-0.1571,0.094,0.0005,,2.546,,0.241,,1.58,-1.16
27.986,NAV_TO_LANDING,1.5707,-1.2104,0.302,91.08,0.93,1.18,-0.0,-0.1452,0.0798,0.0002,,2.546,,0.256,,1.58,-1.16
28.036,NAV_TO_LANDING,1.5667,-1.21,0.302,91.05,1.74,-0.13,-0.0,-0.1245,0.0685,-0.007,,2.547,,0.256,,1.58,-1.16
28.134,NAV_TO_LANDING,1.5634,-1.2093,0.304,90.81,1.98,-0.6,-0.0,-0.1015,0.0659,-0.0036,,2.547,,0.265,,1.58,-1.16
28.144,NAV_TO_LANDING,1.5605,-1.207,0.304,90.44,2.32,-0.93,-0.0,-0.0783,0.0697,-0.0105,,2.559,,0.265,,1.58,-1.16
28.189,NAV_TO_LANDING,1.5581,-1.204,0.303,90.02,2.43,-1.22,-0.0,-0.0553,0.0776,-0.0162,,2.559,,0.27,,1.58,-1.16
28.241,NAV_TO_LANDING,1.5577,-1.1999,0.303,89.63,2.49,-1.27,-0.0,-0.0288,0.0885,-0.0178,,2.565,,0.27,,1.58,-1.16
28.286,NAV_TO_LANDING,1.5604,-1.1954,0.299,89.2,2.45,-1.21,-0.0,0.0019,0.0987,-0.0157,,2.565,,0.269,,1.58,-1.16
28.336,NAV_TO_LANDING,1.5639,-1.1917,0.299,88.81,2.17,-0.82,-0.0,0.0288,0.1022,-0.0232,,2.58,,0.269,,1.58,-1.16
28.4,NAV_TO_LANDING,1.5682,-1.1865,0.298,88.47,1.69,-0.65,-0.0,0.0515,0.1075,-0.0214,,2.58,,0.261,,1.6,-1.16
28.456,NAV_TO_LANDING,1.5743,-1.1808,0.298,88.27,1.04,-0.49,-0.0,0.0713,0.1126,-0.0148,,2.6,,0.261,,1.6,-1.16
28.488,NAV_TO_LANDING,1.5807,-1.1761,0.295,88.28,0.54,-0.2,-0.0,0.084,0.1121,-0.0164,,2.6,,0.248,,1.6,-1.16
28.56,NAV_TO_LANDING,1.587,-1.1715,0.295,88.35,0.26,0.2,-0.0,0.0915,0.1087,-0.0139,,2.59,,0.248,,1.6,-1.12
28.585,NAV_TO_LANDING,1.5921,-1.1662,0.295,88.46,0.38,0.49,-0.0,0.0956,0.1049,-0.0117,,2.59,,0.23,,1.6,-1.12
28.635,NAV_TO_LANDING,1.5981,-1.1623,0.295,88.62,-0.32,0.34,-0.0,0.098,0.097,-0.0026,,2.601,,0.23,,1.6,-1.12
28.687,NAV_TO_LANDING,1.6062,-1.159,0.297,88.71,-0.93,-0.26,-0.0,0.0995,0.0928,0.0081,,2.601,,0.214,,1.6,-1.12
28.788,NAV_TO_LANDING,1.6137,-1.1561,0.297,88.75,-1.36,-0.65,-0.0,0.0954,0.0924,0.0122,,2.619,,0.214,,1.6,-1.12
28.792,NAV_TO_LANDING,1.6182,-1.1521,0.299,88.79,-1.87,-0.89,-0.0,0.081,0.0976,0.0117,,2.619,,0.194,,1.6,-1.12
28.84,NAV_TO_LANDING,1.6219,-1.1497,0.299,88.88,-2.31,-0.89,-0.0,0.0623,0.0989,0.0185,,2.618,,0.194,,1.6,-1.12
28.886,NAV_TO_LANDING,1.6241,-1.1455,0.3,89.1,-2.31,-0.7,-0.0,0.0405,0.1035,0.0186,,2.618,,0.192,,1.6,-1.12
28.936,NAV_TO_LANDING,1.6252,-1.1411,0.3,89.5,-2.23,-0.66,-0.0,0.02,0.1072,0.0164,,2.618,,0.192,,1.6,-1.12
28.986,NAV_TO_LANDING,1.626,-1.1353,0.304,89.97,-2.46,-0.59,-0.0,0.0002,0.1135,0.0169,,2.618,,0.189,,1.6,-1.12
29.048,NAV_TO_LANDING,1.6252,-1.1308,0.304,90.47,-2.41,-0.23,-0.0,-0.022,0.114,0.0206,,2.624,,0.189,,1.62,-1.08
29.108,NAV_TO_LANDING,1.6222,-1.1252,0.301,90.92,-2.16,0.18,-0.0,-0.0448,0.1129,0.0056,,2.624,,0.192,,1.62,-1.08
29.137,NAV_TO_LANDING,1.6197,-1.1191,0.301,91.32,-1.62,0.56,-0.0,-0.0606,0.1103,-0.0016,,2.626,,0.192,,1.62,-1.08
29.187,NAV_TO_LANDING,1.6153,-1.1141,0.301,91.58,-0.83,0.06,-0.0,-0.0735,0.1062,0.0013,,2.626,,0.199,,1.62,-1.08
29.235,NAV_TO_LANDING,1.61,-1.1104,0.301,91.77,-0.18,-0.42,-0.0,-0.0811,0.1048,-0.0053,,2.653,,0.199,,1.62,-1.08
29.285,NAV_TO_LANDING,1.6049,-1.1061,0.305,91.84,0.42,-0.38,-0.0,-0.0822,0.1062,-0.005,,2.653,,0.209,,1.62,-1.08
29.336,NAV_TO_LANDING,1.6002,-1.1011,0.305,91.85,0.93,0.04,-0.0,-0.0776,0.1068,0.0014,,2.651,,0.209,,1.62,-1.08
29.423,NAV_TO_LANDING,1.5975,-1.0962,0.304,91.83,1.01,0.98,-0.0,-0.0663,0.1012,-0.0031,,2.651,,0.212,,1.62,-1.08
29.435,NAV_TO_LANDING,1.5952,-1.0907,0.304,91.83,1.08,1.53,-0.0,-0.0549,0.0915,-0.0028,,2.666,,0.212,,1.62,-1.08
29.504,NAV_TO_LANDING,1.5923,-1.0873,0.304,91.78,1.17,1.86,-0.0,-0.0457,0.0745,-0.0006,,2.666,,0.218,,1.62,-1.08
29.534,NAV_TO_LANDING,1.5899,-1.0826,0.304,91.65,1.04,1.97,-0.0,-0.0367,0.0612,-0.0078,,2.655,,0.218,,1.62,-1.08
29.603,NAV_TO_LANDING,1.5873,-1.0793,0.304,91.46,0.87,1.8,-0.0,-0.0303,0.0467,-0.0104,,2.655,,0.224,,1.64,-1.08
29.636,NAV_TO_LANDING,1.5853,-1.0774,0.304,91.34,0.67,1.67,-0.0,-0.0251,0.0312,-0.0083,,2.666,,0.224,,1.64,-1.08
29.687,NAV_TO_LANDING,1.5835,-1.0754,0.302,91.2,0.3,1.48,-0.0,-0.0228,0.0195,-0.0101,,2.666,,0.23,,1.64,-1.08
29.734,NAV_TO_LANDING,1.5819,-1.075,0.302,91.07,0.17,1.31,-0.0,-0.0222,0.0064,-0.01,,2.671,,0.23,,1.64,-1.08
29.797,NAV_TO_LANDING,1.5783,-1.0744,0.299,91.07,0.26,1.25,-0.0,-0.0266,-0.0039,-0.0148,,2.671,,0.229,,1.64,-1.08
29.835,NAV_TO_LANDING,1.5766,-1.0744,0.299,91.09,0.35,1.03,-0.0,-0.0247,-0.0126,-0.0178,,2.667,,0.229,,1.64,-1.08
29.886,NAV_TO_LANDING,1.5743,-1.0774,0.299,91.15,0.35,0.81,-0.0,-0.0246,-0.0263,-0.0156,,2.667,,0.237,,1.64,-1.08
29.967,NAV_TO_LANDING,1.5708,-1.0777,0.299,91.29,0.4,0.41,-0.0,-0.0267,-0.0288,-0.0129,,2.682,,0.237,,1.64,-1.08
29.994,NAV_TO_LANDING,1.5696,-1.0783,0.297,91.48,0.64,0.05,-0.0,-0.0219,-0.0281,-0.0147,,2.682,,0.24,,1.64,-1.08
30.052,NAV_TO_LANDING,1.568,-1.0803,0.297,91.66,0.56,-0.05,-0.0,-0.0181,-0.0295,-0.0143,,2.678,,0.24,,1.64,-1.08
30.102,NAV_TO_LANDING,1.5665,-1.083,0.298,91.85,0.48,-0.3,-0.0,-0.0151,-0.0305,-0.0118,,2.678,,0.242,,1.64,-1.08
30.134,NAV_TO_LANDING,1.5649,-1.0838,0.298,92.07,0.41,-0.46,-0.0,-0.0134,-0.0256,-0.0093,,2.674,,0.242,,1.64,-1.08
30.186,NAV_TO_LANDING,1.564,-1.0833,0.297,92.31,0.44,-0.38,-0.0,-0.0104,-0.0178,-0.0154,,2.674,,0.242,,1.64,-1.08
30.235,NAV_TO_LANDING,1.562,-1.0807,0.297,92.59,0.42,-0.23,-0.0,-0.0097,-0.0071,-0.0105,,2.678,,0.242,,1.64,-1.08
30.332,NAV_TO_LANDING,1.5598,-1.0781,0.293,92.85,0.6,-0.19,-0.0,-0.0089,0.0012,-0.0125,,2.678,,0.241,,,
30.351,NAV_TO_LANDING,1.559,-1.0748,0.293,93.09,0.51,-0.03,-0.0,-0.0051,0.0095,-0.0171,0.915,2.684,,0.241,,1.64,-1.08
30.398,NAV_TO_LANDING,1.5576,-1.0719,0.295,93.27,0.32,0.11,-0.0,-0.0041,0.0147,-0.0106,0.915,2.684,,0.245,,1.64,-1.08
30.453,NAV_TO_LANDING,1.5578,-1.068,0.295,93.44,0.26,0.29,-0.0,-0.0006,0.0203,-0.0043,,2.679,,0.245,,1.64,-1.08
30.484,NAV_TO_LANDING,1.5585,-1.0646,0.293,93.56,0.23,0.48,-0.0,0.0033,0.0222,-0.0099,,2.679,,0.243,,1.64,-1.08
30.535,NAV_TO_LANDING,1.5559,-1.0615,0.293,93.59,-0.06,0.57,-0.0,-0.0016,0.0221,-0.0056,0.89,2.678,,0.243,,1.64,-1.08
30.585,NAV_TO_LANDING,1.5554,-1.0583,0.295,93.59,-0.13,0.52,-0.0,-0.003,0.022,0.0053,0.89,2.678,,0.245,,1.64,-1.08
30.635,NAV_TO_LANDING,1.5548,-1.0537,0.295,93.59,-0.11,0.44,-0.0,-0.0047,0.0255,0.0059,,2.695,,0.245,,1.64,-1.08
30.721,NAV_TO_LANDING,1.5537,-1.0502,0.296,93.57,-0.1,0.52,-0.0,-0.007,0.0265,0.0043,,2.695,,0.245,,,
30.776,NAV_TO_LANDING,1.5518,-1.0474,0.296,93.52,-0.29,0.44,-0.0,-0.0114,0.0255,0.01,0.879,2.684,,0.245,,1.64,-1.06
30.785,NAV_TO_LANDING,1.5502,-1.0434,0.293,93.34,-0.31,0.41,-0.0,-0.0162,0.0277,0.0094,0.879,2.684,,0.25,,1.64,-1.06
30.848,NAV_TO_LANDING,1.5472,-1.0407,0.293,92.99,-0.12,0.48,-0.0,-0.0223,0.0267,0.0007,,2.701,,0.25,,1.64,-1.06
30.885,NAV_TO_LANDING,1.5458,-1.0386,0.296,92.57,0.19,0.49,-0.0,-0.0221,0.0242,0.0021,,2.701,,0.252,,1.64,-1.06
30.935,NAV_TO_LANDING,1.5416,-1.0351,0.296,92.19,0.4,0.59,-0.0,-0.0254,0.0248,0.0066,,2.69,,0.252,,1.64,-1.06
30.984,NAV_TO_LANDING,1.5402,-1.0331,0.299,91.78,0.35,0.54,-0.0,-0.0223,0.0219,0.0043,,2.69,,0.256,,1.64,-1.06
31.084,NAV_TO_LANDING,1.5379,-1.0324,0.299,91.38,0.33,0.46,-0.0,-0.0219,0.0168,0.0048,,2.726,,0.256,,,
31.123,NAV_TO_LANDING,1.535,-1.0312,0.296,91.06,0.35,0.4,-0.0,-0.0228,0.0145,-0.0096,,2.726,,0.262,,1.64,-1.04
31.174,NAV_TO_LANDING,1.5322,-1.0306,0.296,90.85,0.52,0.5,-0.0,-0.0224,0.0103,-0.0065,,2.708,,0.262,,1.64,-1.04
31.185,NAV_TO_LANDING,1.5305,-1.0303,0.296,90.66,0.55,0.42,-0.0,-0.0192,0.0057,0.0068,,2.708,,0.262,,1.64,-1.04
31.243,NAV_TO_LANDING,1.5291,-1.0305,0.296,90.55,1.74,0.38,-0.0,-0.0114,0.0017,0.0075,,2.698,,0.262,,1.64,-1.04
31.287,NAV_TO_LANDING,1.5269,-1.0304,0.3,90.55,3.75,0.38,-0.0,0.0104,-0.0014,0.0061,,2.698,,0.267,,1.64,-1.04
31.335,NAV_TO_LANDING,1.5279,-1.0306,0.3,90.6,4.55,0.45,-0.0,0.0472,-0.0045,0.0138,,2.69,,0.267,,1.64,-1.04
31.385,NAV_TO_LANDING,1.5313,-1.0319,0.297,90.7,5.03,0.59,-0.0,0.089,-0.0109,0.0034,,2.69,,0.259,,1.64,-1.04
31.434,NAV_TO_LANDING,1.5389,-1.0319,0.297,90.82,5.06,0.68,-0.0,0.1383,-0.0144,-0.0004,,2.699,,0.259,,1.64,-1.04
31.496,NAV_TO_LANDING,1.5506,-1.0338,0.299,91.01,4.66,0.55,-0.0,0.1892,-0.0214,0.0098,,2.699,,0.249,,1.64,-1.04
31.543,NAV_TO_LANDING,1.5628,-1.0346,0.299,91.23,3.96,0.45,-0.0,0.2305,-0.0243,0.0127,,2.7,,0.249,,1.64,-1.04
31.593,NAV_TO_LANDING,1.5763,-1.0357,0.298,91.55,3.33,0.42,-0.0,0.2647,-0.0268,0.0102,,2.7,,0.226,,1.64,-1.04
31.635,NAV_TO_LANDING,1.5879,-1.0377,0.298,91.82,1.97,0.16,-0.0,0.2829,-0.0302,0.0073,,2.683,,0.226,,1.64,-1.04
31.684,NAV_TO_LANDING,1.6057,-1.0386,0.301,91.95,-0.89,-0.23,-0.0,0.2926,-0.0284,0.006,,2.683,,0.197,,1.64,-1.04
31.735,NAV_TO_LANDING,1.6212,-1.0411,0.301,92.01,-2.54,-0.55,-0.0,0.2776,-0.0279,0.0127,,2.699,,0.197,,1.64,-1.04
31.806,NAV_TO_LANDING,1.6365,-1.0433,0.306,91.99,-3.68,-0.38,-0.0,0.2545,-0.0273,0.017,,2.699,,0.173,,1.64,-1.04
31.875,NAV_TO_LANDING,1.6456,-1.0437,0.306,91.93,-4.43,-0.56,-0.0,0.212,-0.0218,0.0131,,2.698,,0.173,,,
31.924,NAV_TO_LANDING,1.6545,-1.0445,0.305,91.92,-4.87,-0.67,-0.0,0.1695,-0.0175,0.0076,,2.698,,0.149,,1.64,-1.0
31.94,NAV_TO_LANDING,1.6621,-1.0447,0.305,92.0,-4.88,-0.8,-0.0,0.1272,-0.0112,-0.0014,,2.688,,0.149,,1.64,-1.0
31.995,NAV_TO_LANDING,1.6678,-1.0451,0.305,92.19,-4.46,-0.84,-0.0,0.0877,-0.0057,-0.0072,,2.688,,0.14,,1.64,-1.0
32.035,NAV_TO_LANDING,1.6698,-1.0454,0.305,92.37,-4.14,-1.41,-0.0,0.047,0.0022,-0.011,,2.692,,0.14,,1.64,-1.0
32.116,NAV_TO_LANDING,1.6659,-1.048,0.301,92.66,-3.85,-1.91,-0.0,-0.001,0.011,-0.0133,,2.692,,0.145,,1.64,-1.0
32.134,NAV_TO_LANDING,1.6634,-1.0454,0.301,93.08,-3.51,-2.22,-0.0,-0.0385,0.0306,-0.02,,2.69,,0.145,,1.64,-1.0
32.192,NAV_TO_LANDING,1.6588,-1.0424,0.302,93.41,-3.17,-2.35,-0.0,-0.0684,0.0482,-0.0098,,2.69,,0.147,,1.64,-1.0
32.234,NAV_TO_LANDING,1.652,-1.0404,0.302,93.68,-2.17,-2.26,-0.0,-0.1027,0.0691,-0.0159,,2.689,,0.147,,1.64,-1.0
32.284,NAV_TO_LANDING,1.6452,-1.0344,0.296,93.84,-1.19,-1.96,-0.0,-0.1188,0.0869,-0.0288,,2.689,,0.164,,1.64,-1.0
32.334,NAV_TO_LANDING,1.6359,-1.0295,0.296,93.8,-0.32,-1.49,-0.0,-0.1358,0.106,-0.0216,,2.691,,0.164,,1.66,-1.0
32.411,NAV_TO_LANDING,1.6295,-1.0234,0.296,93.67,0.64,-1.01,-0.0,-0.1343,0.1163,-0.0156,,2.691,,0.172,,1.66,-1.0
32.435,NAV_TO_LANDING,1.622,-1.0169,0.296,93.48,1.5,-0.26,-0.0,-0.1257,0.1249,-0.0069,,2.724,,0.172,,1.66,-1.0
32.497,NAV_TO_LANDING,1.6178,-1.0101,0.297,93.11,2.02,1.05,-0.0,-0.1093,0.1239,0.0015,,2.724,,0.199,,1.66,-1.0
32.534,NAV_TO_LANDING,1.6123,-1.0033,0.297,92.73,2.34,1.74,-0.0,-0.0867,0.112,0.0004,,2.718,,0.199,,1.66,-1.0
32.584,NAV_TO_LANDING,1.6099,-0.9973,0.3,92.36,2.17,1.86,-0.0,-0.0667,0.1016,0.0161,,2.718,,0.231,,1.66,-1.0
32.666,NAV_TO_LANDING,1.6075,-0.9922,0.3,92.03,2.26,2.0,-0.0,-0.0428,0.0834,0.0089,,2.735,,0.231,,,
32.716,NAV_TO_LANDING,1.6064,-0.9876,0.299,91.78,2.02,1.78,-0.0,-0.0257,0.0728,0.0083,,2.735,,0.249,,1.64,-1.0
32.774,NAV_TO_LANDING,1.6078,-0.9837,0.299,91.53,1.72,1.52,-0.0,0.0,0.0579,-0.0008,,2.739,,0.249,,1.64,-1.0
32.784,NAV_TO_LANDING,1.6096,-0.9827,0.301,91.29,1.16,1.32,-0.0,0.0144,0.044,0.0071,,2.739,,0.265,,1.64,-1.0
32.838,NAV_TO_LANDING,1.614,-0.9815,0.301,91.14,0.87,1.16,-0.0,0.0337,0.0303,0.0015,,2.738,,0.265,,1.64,-1.0
32.884,NAV_TO_LANDING,1.6155,-0.9808,0.299,91.19,0.3,0.91,-0.0,0.0373,0.0208,-0.0035,,2.738,,0.276,,1.64,-1.0
32.934,NAV_TO_LANDING,1.6234,-0.9811,0.299,91.37,-0.18,0.58,-0.0,0.0537,0.0113,0.0027,,2.747,,0.276,,1.64,-1.0
32.984,NAV_TO_LANDING,1.6266,-0.9807,0.3,91.61,-0.34,0.43,-0.0,0.0533,0.0077,0.0035,,2.747,,,,1.64,-1.0
33.094,NAV_TO_LANDING,1.63,-0.9812,0.3,91.84,-0.67,0.11,-0.0,0.0499,0.0024,0.0027,,2.749,,,,1.64,-1.0
33.122,NAV_TO_LANDING,1.632,-0.9801,0.298,92.08,-0.79,-0.01,-0.0,0.044,0.005,0.0011,,2.749,,,,1.66,-0.94
33.159,NAV_TO_LANDING,1.6338,-0.9797,0.298,92.31,-0.63,-0.02,-0.0,0.036,0.0049,-0.0055,,2.744,,,,1.66,-0.94
33.187,NAV_TO_LANDING,1.6356,-0.9779,0.299,92.48,-0.64,-0.06,-0.0,0.0315,0.009,0.0044,,2.744,,,,1.66,-0.94
33.243,NAV_TO_LANDING,1.6346,-0.9786,0.299,92.54,-0.17,-0.65,-0.0,0.0205,0.0087,0.0004,,2.745,,,,1.66,-0.94
33.283,NAV_TO_LANDING,1.6339,-0.9767,0.302,92.48,0.35,-1.42,-0.0,0.0171,0.0192,-0.0017,,2.745,,,,1.66,-0.94
33.335,NAV_TO_LANDING,1.6346,-0.9746,0.302,92.42,0.64,-1.71,-0.0,0.0209,0.0378,0.0022,,2.756,,,,1.66,-0.94
33.384,NAV_TO_LANDING,1.6341,-0.9725,0.3,92.38,0.92,-1.92,-0.0,0.022,0.0506,-0.0062,,2.756,,,,1.66,-0.94
33.465,NAV_TO_LANDING,1.6344,-0.9687,0.3,92.26,1.05,-1.81,-0.0,0.0273,0.0692,-0.0045,,2.752,,,,1.66,-0.94
33.499,NAV_TO_LANDING,1.6355,-0.96,0.303,92.08,1.07,-1.63,-0.0,0.0351,0.0969,0.0045,,2.752,,1.2,,1.66,-0.94
33.541,NAV_TO_LANDING,1.637,-0.9547,0.303,91.83,1.01,-1.16,-0.0,0.0427,0.1101,0.0085,,2.772,,1.2,,1.68,-0.94
33.592,NAV_TO_LANDING,1.6383,-0.9476,0.302,91.56,1.11,-0.59,-0.0,0.0491,0.1219,0.0115,,2.772,,,,1.68,-0.94
33.633,NAV_TO_LANDING,1.641,-0.9398,0.302,91.15,1.25,0.07,-0.0,0.0588,0.1287,0.0034,,2.781,,,,1.68,-0.94
33.684,NAV_TO_LANDING,1.6433,-0.934,0.302,90.74,1.53,0.85,-0.0,0.0685,0.1245,0.0047,,2.781,,,,1.68,-0.94
33.734,NAV_TO_LANDING,1.6471,-0.928,0.302,90.37,1.42,1.34,-0.0,0.0812,0.1154,0.0016,,,,,,1.68,-0.94
33.809,NAV_TO_LANDING,1.6522,-0.9215,0.303,90.19,1.22,1.88,-0.0,0.0946,0.1048,-0.0026,,,,1.312,,1.68,-0.94
33.843,NAV_TO_LANDING,1.6563,-0.9184,0.303,90.16,0.84,2.3,-0.0,0.1019,0.0827,-0.0026,,2.783,,1.312,,1.68,-0.94
33.919,NAV_TO_LANDING,1.6626,-0.9159,0.305,90.31,0.45,2.47,-0.0,0.1102,0.0595,-0.0002,,2.783,,,,1.78,-0.9
33.936,NAV_TO_LANDING,1.6692,-0.9142,0.305,90.55,0.19,2.62,-0.0,0.1151,0.0361,0.0023,,2.798,,,,1.78,-0.9
33.984,NAV_TO_LANDING,1.6759,-0.914,0.302,90.79,0.9,2.06,-0.0,0.1201,0.012,0.0051,,2.798,,1.26,,1.78,-0.9
34.035,NAV_TO_LANDING,1.6799,-0.9148,0.302,91.1,1.87,1.21,-0.0,0.1263,-0.0054,-0.0041,,2.769,,1.26,,1.78,-0.9
34.139,NAV_TO_LANDING,1.6866,-0.9176,0.303,91.41,2.32,0.38,-0.0,0.1439,-0.0187,-0.0079,,2.769,,1.243,,1.78,-0.9
34.146,NAV_TO_LANDING,1.6927,-0.9189,0.303,91.67,2.43,-0.16,-0.0,0.1605,-0.0205,-0.0047,,2.803,,1.243,,1.78,-0.9
34.235,NAV_TO_LANDING,1.7011,-0.9198,0.301,91.94,2.49,-0.67,-0.0,0.1811,-0.0164,-0.0054,,2.803,,1.222,,1.78,-0.9
34.247,NAV_TO_LANDING,1.7096,-0.9203,0.301,92.13,2.35,-1.05,-0.0,0.1992,-0.0087,-0.0075,,2.773,,1.222,,1.78,-0.9
34.284,NAV_TO_LANDING,1.7199,-0.9203,0.3,92.28,2.2,-1.15,-0.0,0.2179,0.002,-0.0108,,2.773,,,,1.78,-0.9
34.334,NAV_TO_LANDING,1.7336,-0.9201,0.3,92.4,1.68,-1.07,-0.0,0.2407,0.0116,-0.0112,,2.755,,,,1.78,-0.9
34.384,NAV_TO_LANDING,1.7458,-0.9195,0.3,92.46,0.95,-1.03,-0.0,0.2522,0.0209,-0.0144,,2.755,,1.187,,1.78,-0.9
34.463,NAV_TO_LANDING,1.7579,-0.9186,0.3,92.42,-0.14,-0.83,-0.0,0.2549,0.0282,-0.012,,,,1.187,,1.78,-0.88
34.485,NAV_TO_LANDING,1.7708,-0.9156,0.297,92.26,-1.38,-0.63,-0.0,0.2504,0.0382,-0.0132,,,,1.163,,1.78,-0.88
34.534,NAV_TO_LANDING,1.7806,-0.9136,0.297,92.06,-2.36,-0.82,-0.0,0.2285,0.0436,-0.0159,,,,1.163,,1.78,-0.88
34.587,NAV_TO_LANDING,1.7903,-0.9106,0.303,91.84,-2.83,-1.03,-0.0,0.2028,0.0523,-0.0141,,,,,,1.78,-0.88
34.634,NAV_TO_LANDING,1.7986,-0.9072,0.303,91.66,-3.39,-0.85,-0.0,0.1734,0.0617,0.0018,,,,,,1.78,-0.88
34.684,NAV_TO_LANDING,1.8059,-0.9031,0.299,91.48,-3.55,-0.71,-0.0,0.1417,0.0695,0.0026,,,,1.118,,1.78,-0.88
34.736,NAV_TO_LANDING,1.81,-0.9005,0.299,91.24,-3.65,-0.58,-0.0,0.1063,0.0726,-0.0113,,,,1.118,,1.78,-0.88
34.793,NAV_TO_LANDING,1.8123,-0.8953,0.299,91.11,-3.76,-0.22,-0.0,0.0689,0.079,-0.0101,,,,,,1.78,-0.88
34.849,NAV_TO_LANDING,1.8138,-0.8905,0.299,91.07,-3.69,0.02,-0.0,0.0337,0.0814,-0.01,,,,,,1.78,-0.88
34.884,NAV_TO_LANDING,1.8134,-0.8874,0.296,90.98,-3.37,0.26,-0.0,-0.0,0.078,-0.0145,,,,1.105,,1.78,-0.88
34.933,NAV_TO_LANDING,1.8102,-0.8814,0.296,90.9,-3.05,0.54,-0.0,-0.0348,0.079,-0.0167,,,,1.105,,1.78,-0.88
34.984,NAV_TO_LANDING,1.8061,-0.8779,0.297,90.8,-2.56,0.8,-0.0,-0.0632,0.0724,-0.0212,,,,1.104,,2.46,-0.88
35.035,NAV_TO_LANDING,1.802,-0.8744,0.297,90.68,-1.86,1.09,-0.0,-0.0852,0.0642,-0.0036,,,,1.104,,2.46,-0.88
35.112,NAV_TO_LANDING,1.7962,-0.8714,0.294,90.57,1.82,1.39,-0.0,-0.0926,0.0536,0.0024,,,,1.115,,2.46,-0.88
35.138,NAV_TO_LANDING,1.7899,-0.8696,0.294,90.42,4.06,1.28,-0.0,-0.0741,0.0407,-0.0065,,,,1.115,,2.46,-0.88
35.187,NAV_TO_LANDING,1.7866,-0.8683,0.298,90.26,5.58,1.15,-0.0,-0.0344,0.0293,-0.0013,,,,1.142,,2.46,-0.88
35.234,NAV_TO_LANDING,1.7836,-0.8676,0.298,90.12,6.33,1.09,-0.0,0.0096,0.0182,0.003,,,,1.142,,2.46,-0.88
35.284,NAV_TO_LANDING,1.7865,-0.8673,0.298,89.99,6.25,0.64,-0.0,0.0772,0.0078,-0.0003,,,,1.155,,2.46,-0.88
35.333,NAV_TO_LANDING,1.7939,-0.8692,0.298,89.86,5.83,0.33,-0.0,0.1253,-0.0011,0.001,,,,1.155,,2.46,-0.88
35.384,NAV_TO_LANDING,1.8035,-0.8695,0.295,89.67,5.38,0.34,-0.0,0.1788,-0.0043,-0.0093,,,,1.144,,2.46,-0.88
35.444,NAV_TO_LANDING,1.8148,-0.8704,0.295,89.66,4.7,0.3,-0.0,0.226,-0.009,-0.0091,,,,1.144,,2.46,-0.88
35.498,NAV_TO_LANDING,1.8306,-0.8707,0.291,89.59,3.77,0.23,-0.0,0.2728,-0.0099,-0.0037,,,,1.132,,2.46,-0.88
35.536,NAV_TO_LANDING,1.8456,-0.8719,0.291,89.63,2.64,0.07,-0.0,0.3036,-0.0141,-0.0043,,,,1.132,,2.46,-0.88
35.584,NAV_TO_LANDING,1.8626,-0.872,0.292,89.64,1.82,-0.22,-0.0,0.3262,-0.0116,-0.0111,,,,,,2.46,-0.88
35.633,NAV_TO_LANDING,1.8788,-0.8735,0.292,89.72,0.86,-0.62,-0.0,0.338,-0.0116,0.0071,,0.098,,,,2.46,-0.88
35.684,NAV_TO_LANDING,1.8942,-0.8736,0.295,89.85,0.35,-0.43,-0.0,0.3401,-0.0048,0.0201,,0.098,,1.053,,2.46,-0.88
35.75,NAV_TO_LANDING,1.9097,-0.8735,0.295,90.05,-0.08,-0.47,-0.0,0.3367,-0.0009,0.0234,,0.113,,1.053,,2.46,-0.88
35.789,NAV_TO_LANDING,1.9276,-0.8736,0.297,90.23,-0.06,-0.21,-0.0,0.3381,0.0027,0.025,,0.113,,1.011,,2.46,-0.88
35.833,NAV_TO_LANDING,1.9435,-0.8735,0.297,90.42,-0.06,0.29,-0.0,0.3352,0.0023,0.0111,,0.115,,1.011,,2.46,-0.88
35.883,NAV_TO_LANDING,1.9587,-0.8728,0.299,90.57,-0.3,-0.31,-0.0,0.3305,0.0035,0.0273,,0.115,,,,2.46,-0.88
35.934,NAV_TO_LANDING,1.9733,-0.8729,0.299,90.7,-0.33,-0.25,-0.0,0.322,0.0063,0.0128,,0.113,,,,2.46,-0.88
35.984,NAV_TO_LANDING,1.9874,-0.8724,0.302,90.81,-0.19,0.19,-0.0,0.3148,0.0062,0.0014,,0.113,,0.95,,2.46,-0.88
36.076,NAV_TO_LANDING,2.0005,-0.8707,0.302,90.92,-0.12,-0.23,-0.0,0.3068,0.0101,0.0137,,0.119,,0.95,,2.46,-0.88
36.125,NAV_TO_LANDING,2.0169,-0.8693,0.303,91.04,0.24,-0.15,-0.0,0.3097,0.0143,0.0103,,0.119,,0.924,,2.46,-0.88
36.145,NAV_TO_LANDING,2.0318,-0.8695,0.303,91.09,0.39,0.08,-0.0,0.3116,0.0122,0.0078,,,,0.924,,2.46,-0.88
36.19,NAV_TO_LANDING,2.0461,-0.8685,0.308,91.13,0.46,0.09,-0.0,0.312,0.0124,0.0104,,,,,,2.46,-0.88
36.251,NAV_TO_LANDING,2.0599,-0.8675,0.308,91.19,0.46,0.07,-0.0,0.3111,0.0128,0.0142,,0.425,,,,2.46,-0.88
36.282,NAV_TO_LANDING,2.0752,-0.8678,0.303,91.24,0.38,0.16,-0.0,0.3137,0.0098,0.0001,,0.425,,0.862,,2.46,-0.88
36.334,NAV_TO_LANDING,2.0914,-0.867,0.303,91.17,0.18,0.19,-0.0,0.3172,0.0091,-0.006,,0.631,,0.862,,2.46,-0.88
36.386,NAV_TO_LANDING,2.1088,-0.8663,0.301,91.06,-0.08,0.37,-0.0,0.3212,0.0072,-0.0095,,0.631,,0.832,,2.46,-0.88
36.442,NAV_TO_LANDING,2.1242,-0.8663,0.301,90.9,-0.25,0.43,-0.0,0.3184,0.0031,-0.0161,,,,0.832,,2.46,-0.88
36.486,NAV_TO_LANDING,2.1391,-0.8659,0.304,90.78,-0.25,0.61,-0.0,0.3138,-0.0008,-0.0079,,,,0.804,,2.46,-0.88
36.541,NAV_TO_LANDING,2.154,-0.8657,0.304,90.68,-0.2,0.63,-0.0,0.3098,-0.0057,-0.0039,,1.6,,0.804,,2.46,-0.88
36.584,NAV_TO_LANDING,2.1693,-0.8655,0.304,90.5,-0.17,0.49,-0.0,0.3079,-0.0093,-0.0036,,1.6,,0.776,,2.46,-0.88
36.634,NAV_TO_LANDING,2.1863,-0.8669,0.304,90.29,-0.11,0.37,-0.0,0.3107,-0.0148,-0.0044,,,,0.776,,2.46,-0.88
36.684,NAV_TO_LANDING,2.2016,-0.8667,0.305,90.03,-0.04,0.22,-0.0,0.3099,-0.0152,-0.0044,,,,0.746,,2.46,-0.88
36.773,NAV_TO_LANDING,2.2175,-0.8686,0.305,89.79,0.07,0.21,-0.0,0.3109,-0.0195,-0.0028,,,,0.746,,2.46,-0.88
36.791,NAV_TO_LANDING,2.2319,-0.8693,0.303,89.54,0.07,0.11,-0.0,0.3089,-0.0203,0.0002,,,,0.728,,2.46,-0.88
36.842,NAV_TO_LANDING,2.2476,-0.8706,0.303,89.25,-0.06,-0.03,-0.0,0.3093,-0.0212,-0.0096,,,,0.728,,2.46,-0.88
36.913,NAV_TO_LANDING,2.2644,-0.8714,0.301,88.97,-0.1,-0.06,-0.0,0.3117,-0.02,-0.0094,,,,,,2.46,-0.88
36.933,NAV_TO_LANDING,2.2825,-0.8739,0.301,88.68,-0.15,-0.16,-0.0,0.317,-0.0222,-0.0142,0.48,,,,,2.46,-0.88
36.983,NAV_TO_LANDING,2.2977,-0.8754,0.299,88.37,-0.25,-0.22,-0.0,0.3137,-0.0213,-0.0227,0.48,,,,,2.46,-0.88
37.036,NAV_TO_LANDING,2.3134,-0.8775,0.299,88.06,-0.32,-0.18,-0.0,0.3117,-0.0219,-0.0132,0.438,,,,,2.46,-0.88
37.093,NAV_TO_LANDING,2.3281,-0.8797,0.301,87.8,-0.21,-0.22,-0.0,0.3078,-0.0226,-0.0056,0.438,,,,,2.46,-0.88
37.151,NAV_TO_LANDING,2.3431,-0.8811,0.301,87.61,-0.19,-0.19,-0.0,0.3051,-0.0213,-0.0023,0.424,,,,,2.46,-0.88
37.183,NAV_TO_LANDING,2.3591,-0.8819,0.3,87.47,-0.1,-0.16,-0.0,0.3055,-0.0193,0.0014,0.424,,,,,2.46,-0.88
37.234,NAV_TO_LANDING,2.3752,-0.8837,0.3,87.34,-0.31,-0.3,-0.0,0.3059,-0.0191,-0.0026,0.418,,,,,2.46,-0.88
37.284,NAV_TO_LANDING,2.3912,-0.8853,0.299,87.24,-0.37,-0.38,-0.0,0.3049,-0.0176,0.0031,0.418,,,,,2.46,-0.88
37.333,NAV_TO_LANDING,2.4063,-0.8862,0.299,87.18,-0.68,-0.4,-0.0,0.3002,-0.0141,-0.0045,0.421,,,,,2.46,-0.88
37.408,NAV_TO_LANDING,2.4211,-0.8876,0.299,87.17,-1.12,-0.39,-0.0,0.2932,-0.0125,0.0002,0.421,,,,,2.46,-0.88
37.438,NAV_TO_LANDING,2.4365,-0.8887,0.299,87.18,-1.48,-0.29,-0.0,0.2847,-0.0103,-0.0022,0.424,1.603,,,,2.46,-0.8
37.489,NAV_TO_LANDING,2.4504,-0.8895,0.299,87.14,-2.18,-0.29,-0.0,0.2696,-0.0078,-0.0088,0.424,1.603,,2.763,,2.46,-0.8
37.533,NAV_TO_LANDING,2.4656,-0.8894,0.299,87.09,-2.9,-0.72,-0.0,0.2543,-0.0034,-0.0028,0.434,1.587,,2.763,,2.46,-0.8
37.584,NAV_TO_LANDING,2.4786,-0.8892,0.298,86.99,-3.61,-2.7,-0.0,0.2293,0.0113,0.0035,0.434,1.587,,,,2.46,-0.8
37.634,NAV_TO_LANDING,2.4884,-0.889,0.298,86.93,-4.15,-3.72,-0.0,0.1963,0.0381,-0.0027,0.447,1.585,,,,2.46,-0.8
37.722,NAV_TO_LANDING,2.4968,-0.8856,0.301,86.95,-4.66,-4.16,-0.0,0.1591,0.0753,0.0054,0.447,1.585,,,,2.46,-0.8
37.733,NAV_TO_LANDING,2.5045,-0.8807,0.301,87.02,-4.86,-4.27,-0.0,0.122,0.1136,0.0041,,1.594,,,,2.46,-0.8
37.792,NAV_TO_LANDING,2.5092,-0.8698,0.302,87.13,-4.87,-4.03,-0.0,0.0798,0.1602,0.0015,,1.594,,,,2.46,-0.8
37.832,NAV_TO_LANDING,2.5127,-0.8584,0.302,87.24,-4.54,-3.44,-0.0,0.0417,0.1989,-0.0025,,1.585,,,,2.46,-0.8
37.884,NAV_TO_LANDING,2.5146,-0.8445,0.3,87.35,-4.26,-2.46,-0.0,0.0066,0.232,-0.0127,,1.585,,,,2.46,-0.8
37.933,NAV_TO_LANDING,2.5144,-0.8315,0.3,87.44,-4.05,-1.19,-0.0,-0.0282,0.2519,-0.0114,,1.603,,,,2.46,-0.8
37.99,NAV_TO_LANDING,2.5125,-0.8181,0.298,87.51,-3.57,0.09,-0.0,-0.0605,0.2601,-0.007,,1.603,,0.443,,2.46,-0.8
38.06,NAV_TO_LANDING,2.5084,-0.8069,0.298,87.53,-3.11,1.34,-0.0,-0.0903,0.2531,-0.0103,,1.613,1.058,0.443,,2.46,-0.8
38.088,NAV_TO_LANDING,2.5036,-0.7915,0.299,87.69,-2.49,2.44,-0.0,-0.1151,0.2435,-0.0084,,1.613,1.058,0.418,,2.46,-0.8
38.135,NAV_TO_LANDING,2.4981,-0.7807,0.299,87.84,-1.92,3.25,-0.0,-0.1335,0.2186,-0.0024,,1.634,1.029,0.418,,2.46,-0.8
38.185,NAV_TO_LANDING,2.4932,-0.774,0.299,88.01,-1.32,3.86,-0.0,-0.1433,0.1826,-0.0002,,1.634,1.029,0.419,,2.46,-0.8
38.268,NAV_TO_LANDING,2.4876,-0.7663,0.299,88.2,-0.75,4.38,-0.0,-0.1489,0.1469,-0.0016,0.351,1.636,1.007,0.419,,2.46,-0.8
38.282,NAV_TO_LANDING,2.4826,-0.7617,0.3,88.4,-0.15,4.79,-0.0,-0.1471,0.1054,-0.0064,0.351,1.636,1.007,0.427,,2.46,-0.8
38.356,NAV_TO_LANDING,2.4768,-0.76,0.3,88.52,0.3,4.9,-0.0,-0.1434,0.0592,0.0025,0.32,1.638,1.006,0.427,,2.46,-0.8
38.395,NAV_TO_LANDING,2.4711,-0.7605,0.296,88.61,0.67,4.87,-0.0,-0.1365,0.0125,0.0014,0.32,1.638,1.006,0.437,,2.46,-0.8
38.433,NAV_TO_LANDING,2.4674,-0.7627,0.296,88.69,0.96,4.41,-0.0,-0.123,-0.0295,-0.0075,0.314,1.654,0.998,0.437,,2.46,-0.8
38.485,NAV_TO_LANDING,2.4641,-0.7685,0.295,88.73,1.14,3.75,-0.0,-0.1074,-0.0713,0.0073,0.314,1.654,0.998,0.449,,2.46,-0.8
38.532,NAV_TO_LANDING,2.4611,-0.7753,0.295,88.76,1.34,2.99,-0.0,-0.0917,-0.1048,-0.002,0.32,1.656,0.99,0.449,,2.5,-0.8
38.582,NAV_TO_LANDING,2.4594,-0.7833,0.299,88.76,1.37,2.18,-0.0,-0.0733,-0.1304,-0.0014,0.32,1.656,0.99,0.454,,2.5,-0.8
38.632,NAV_TO_LANDING,2.4586,-0.7918,0.299,88.77,1.96,1.21,-0.0,-0.0532,-0.1469,0.01,0.326,1.653,1.0,0.454,,2.5,-0.8
38.718,NAV_TO_LANDING,2.4579,-0.8024,0.298,88.73,2.52,0.02,-0.0,-0.0302,-0.1611,0.0032,0.326,1.653,1.0,0.455,,2.5,-0.8
38.741,NAV_TO_LANDING,2.4593,-0.8102,0.298,88.7,2.69,-0.97,-0.0,-0.0015,-0.1548,0.0017,0.342,1.652,1.02,0.455,,2.5,-0.8
38.784,NAV_TO_LANDING,2.462,-0.8177,0.3,88.64,2.58,-1.77,-0.0,0.0276,-0.1418,0.0087,0.342,1.652,1.02,0.46,,2.5,-0.8
38.832,NAV_TO_LANDING,2.4641,-0.8235,0.3,88.62,2.29,-2.46,-0.0,0.05,-0.1211,0.0098,0.352,1.642,1.037,0.46,,2.5,-0.8
38.882,NAV_TO_LANDING,2.4693,-0.8282,0.3,88.62,2.04,-2.89,-0.0,0.0751,-0.0943,0.0071,0.352,1.642,1.037,0.458,,2.5,-0.8
38.933,NAV_TO_LANDING,2.4751,-0.8315,0.3,88.68,1.55,-3.2,-0.0,0.0958,-0.0652,0.0048,0.367,1.618,,0.458,,2.5,-0.8
38.988,NAV_TO_LANDING,2.4824,-0.8333,0.3,88.71,1.08,-3.37,-0.0,0.1139,-0.0341,0.0043,0.367,1.618,,0.448,,2.5,-0.8
39.059,NAV_TO_LANDING,2.4898,-0.8332,0.3,88.72,0.49,-3.14,-0.0,0.1256,-0.002,0.0033,0.373,1.606,,0.448,,2.5,-0.8
39.083,NAV_TO_LANDING,2.4967,-0.8313,0.301,88.68,-0.07,-2.83,-0.0,0.1303,0.0288,0.0099,0.373,1.606,,0.434,,2.5,-0.8
39.207,LANDING_REGION_SCAN,2.5039,-0.8284,0.301,88.64,-0.53,-2.4,-0.0,0.13,0.0542,0.0042,0.386,1.583,,0.434,,2.5,-1.0
39.224,LANDING_REGION_SCAN,2.5108,-0.8241,0.306,88.63,-1.09,-2.0,-0.0,0.1257,0.077,0.0064,0.386,1.583,,0.42,,2.5,-1.0
39.244,LANDING_REGION_SCAN,2.5168,-0.8175,0.306,88.65,-1.63,-1.1,-0.0,0.1148,0.0993,0.0148,,1.561,1.082,0.42,,2.5,-1.0
39.289,LANDING_REGION_SCAN,2.5218,-0.8119,0.308,88.65,-2.05,0.18,-0.0,0.0987,0.1063,0.0086,,1.561,1.082,0.404,,2.5,-1.0
39.35,LANDING_REGION_SCAN,2.526,-0.8057,0.308,88.7,-2.0,2.57,-0.0,0.0803,0.1018,0.0125,,1.557,1.084,0.404,,2.5,-1.0
39.386,LANDING_REGION_SCAN,2.5284,-0.8015,0.309,88.73,-2.29,5.05,-0.0,0.0587,0.0708,0.0069,,1.557,1.084,0.395,,2.5,-1.0
39.432,LANDING_REGION_SCAN,2.5306,-0.7985,0.309,88.69,-2.15,6.12,-0.0,0.0378,0.0262,0.0027,,1.518,1.073,0.395,,2.5,-1.0
39.483,LANDING_REGION_SCAN,2.5313,-0.7983,0.308,88.62,-2.06,6.62,-0.0,0.0169,-0.0269,-0.0033,,1.518,1.073,0.389,,2.5,-1.0
39.532,LANDING_REGION_SCAN,2.531,-0.8046,0.308,88.62,-1.89,6.57,-0.0,-0.0029,-0.0918,-0.0106,,1.501,1.082,0.389,,2.5,-1.0
39.583,LANDING_REGION_SCAN,2.5297,-0.8125,0.301,88.59,-1.62,6.01,-0.0,-0.0213,-0.1499,-0.0226,,1.501,1.082,0.389,,2.5,-1.0
39.666,LANDING_REGION_SCAN,2.5273,-0.8234,0.301,88.62,-1.34,5.23,-0.0,-0.0382,-0.2044,-0.0281,,1.511,1.102,0.389,,2.5,-1.0
39.682,LANDING_REGION_SCAN,2.5247,-0.8353,0.3,88.72,-0.91,4.28,-0.0,-0.05,-0.2483,-0.0193,,1.511,1.102,0.403,,2.5,-1.0
39.74,LANDING_REGION_SCAN,2.5209,-0.8493,0.3,88.8,-0.51,3.31,-0.0,-0.0599,-0.2847,-0.015,,1.518,1.158,0.403,,2.5,-1.0
39.782,LANDING_REGION_SCAN,2.5175,-0.8647,0.299,88.88,-0.24,2.32,-0.0,-0.0643,-0.3108,-0.0133,,1.518,1.158,0.415,,2.5,-1.0
39.833,LANDING_REGION_SCAN,2.513,-0.8856,0.299,88.96,-0.1,1.46,-0.0,-0.0694,-0.3399,-0.0094,,1.498,1.256,0.415,,2.5,-1.0
39.883,LANDING_REGION_SCAN,2.5096,-0.9014,0.298,89.05,0.1,0.55,-0.0,-0.0693,-0.3463,-0.0026,,1.498,1.256,0.457,,2.5,-1.0
39.933,LANDING_REGION_SCAN,2.5063,-0.916,0.298,89.18,0.32,-0.09,-0.0,-0.0677,-0.3421,-0.0044,0.459,1.48,,0.457,,2.5,-1.0
39.998,LANDING_REGION_SCAN,2.5038,-0.931,0.299,89.26,0.39,-0.57,-0.0,-0.0626,-0.3342,-0.0042,0.459,1.48,,,,2.5,-1.0
40.052,LANDING_REGION_SCAN,2.5011,-0.9446,0.299,89.33,0.48,-0.83,-0.0,-0.0577,-0.3212,0.0002,0.475,1.47,,,,2.5,-1.0
40.094,LANDING_REGION_SCAN,2.4986,-0.9594,0.298,89.38,0.51,-1.33,-0.0,-0.0526,-0.3094,-0.002,0.475,1.47,,,,2.5,-1.0
40.135,LANDING_REGION_SCAN,2.4963,-0.9745,0.298,89.46,0.57,-1.83,-0.0,-0.0475,-0.2966,-0.0014,0.495,1.443,,,,2.5,-1.0
40.183,LANDING_REGION_SCAN,2.4945,-0.986,0.299,89.52,0.57,-2.41,-0.0,-0.0413,-0.2715,-0.0037,0.495,1.443,,,,2.7,-1.0
40.233,LANDING_REGION_SCAN,2.4924,-0.9961,0.299,89.59,0.92,-2.99,-0.0,-0.0359,-0.2415,0.0046,0.513,1.432,0.481,,,2.7,-1.0
40.32,LANDING_REGION_SCAN,2.4905,-1.0074,0.302,89.66,3.13,-3.86,-0.0,-0.0218,-0.2132,0.0093,0.513,1.432,0.481,2.716,,2.7,-1.0
40.332,LANDING_REGION_SCAN,2.4886,-1.0153,0.302,89.63,4.42,-4.41,-0.0,0.0066,-0.1724,0.0039,0.53,1.417,0.461,2.716,,2.7,-1.0
40.399,LANDING_REGION_SCAN,2.4875,-1.0226,0.302,89.58,5.04,-4.34,-0.0,0.042,-0.132,-0.0008,0.53,1.417,0.461,,,2.7,-1.0
40.432,LANDING_REGION_SCAN,2.4911,-1.0282,0.302,89.48,5.42,-4.05,-0.0,0.0876,-0.096,0.0,0.543,1.41,0.458,,,2.7,-1.0
40.482,LANDING_REGION_SCAN,2.4991,-1.0296,0.302,89.29,5.33,-3.73,-0.0,0.14,-0.0576,-0.0086,0.543,1.41,0.458,,,2.7,-1.0
40.533,LANDING_REGION_SCAN,2.5078,-1.0312,0.302,89.12,4.83,-3.32,-0.0,0.1858,-0.0265,-0.0073,0.554,1.402,0.469,,,2.7,-1.0
40.59,LANDING_REGION_SCAN,2.5173,-1.0303,0.297,88.88,4.05,-2.76,-0.0,0.224,0.0067,-0.0113,0.554,1.402,0.469,,,2.7,-1.0
40.651,LANDING_REGION_SCAN,2.5289,-1.0284,0.297,88.76,3.32,-2.13,-0.0,0.2559,0.032,-0.0162,0.571,1.382,0.488,,,2.7,-1.0
40.686,LANDING_REGION_SCAN,2.5414,-1.0262,0.3,88.78,2.57,-1.45,-0.0,0.2808,0.0498,-0.0043,0.571,1.382,0.488,,,2.7,-1.0
40.739,LANDING_REGION_SCAN,2.5579,-1.0212,0.3,88.84,1.94,-0.85,-0.0,0.3051,0.0656,0.0001,,1.341,0.519,,,2.7,-1.0
40.782,LANDING_REGION_SCAN,2.5709,-1.0186,0.299,88.93,1.22,-0.39,-0.0,0.3136,0.0715,-0.0045,,1.341,0.519,2.662,,2.7,-1.0
40.831,LANDING_REGION_SCAN,2.5846,-1.0163,0.299,89.05,0.74,0.02,-0.0,0.3173,0.0712,-0.0053,,1.277,0.544,2.662,,2.7,-1.0
40.882,LANDING_REGION_SCAN,2.5981,-1.0138,0.297,89.19,0.38,0.34,-0.0,0.3166,0.0685,-0.0068,,1.277,0.544,,,2.7,-1.0
40.962,LANDING_REGION_SCAN,2.611,-1.0126,0.297,89.33,0.08,0.71,-0.0,0.3117,0.0601,-0.0077,,1.209,0.571,,,2.7,-1.0
40.983,LANDING_REGION_SCAN,2.6278,-1.0096,0.295,89.48,0.09,0.87,-0.0,0.3151,0.0531,-0.0071,,1.209,0.571,,,2.7,-1.0
41.042,LANDING_REGION_SCAN,2.6401,-1.0094,0.295,89.59,0.07,0.85,-0.0,0.3076,0.0411,-0.0102,,1.144,0.603,,,2.7,-1.0
41.082,LANDING_REGION_SCAN,2.6541,-1.0096,0.301,89.71,-0.17,0.81,-0.0,0.3046,0.0283,-0.0003,,1.144,0.603,,,2.7,-1.0
41.132,LANDING_REGION_SCAN,2.6676,-1.0099,0.301,89.8,-1.1,0.74,-0.0,0.2956,0.0174,0.0157,,1.093,0.627,,,2.7,-1.0
41.182,LANDING_REGION_SCAN,2.6794,-1.0097,0.298,89.92,-2.02,0.46,-0.0,0.2772,0.011,0.0204,,1.093,0.627,,,2.78,-1.02
41.242,LANDING_REGION_SCAN,2.6931,-1.0104,0.298,90.06,-2.86,0.18,-0.0,0.2574,0.0051,0.0084,,1.063,0.646,,,2.78,-1.02
41.305,LANDING_REGION_SCAN,2.7044,-1.0119,0.3,90.27,-2.36,0.33,-0.0,0.2303,0.0,0.0072,,1.063,0.646,,,2.78,-1.02
41.35,LANDING_REGION_SCAN,2.7134,-1.0125,0.3,90.42,-1.54,0.42,-0.0,0.2085,-0.0046,0.0117,,1.04,0.661,,,2.78,-1.02
41.43,LANDING_REGION_SCAN,2.7225,-1.0149,0.297,90.46,-1.01,0.31,-0.0,0.1947,-0.0123,0.0001,,1.04,0.661,2.582,,2.78,-1.02
41.453,LANDING_REGION_SCAN,2.7321,-1.0174,0.297,90.47,-0.52,0.26,-0.0,0.1888,-0.0188,-0.0057,,1.027,0.674,2.582,,2.78,-1.02
41.483,LANDING_REGION_SCAN,2.7381,-1.019,0.302,90.53,-0.52,0.12,-0.0,0.1764,-0.0222,0.0033,,1.027,0.674,,,2.78,-1.02
41.537,LANDING_REGION_SCAN,2.7441,-1.0212,0.302,90.51,-0.85,0.05,-0.0,0.1646,-0.0251,0.0108,,1.015,0.683,,,2.78,-1.02
41.598,LANDING_REGION_SCAN,2.7517,-1.026,0.301,90.33,-0.87,-0.11,-0.0,0.1567,-0.0319,0.0051,,1.015,0.683,2.553,,2.78,-1.04
41.643,LANDING_REGION_SCAN,2.7567,-1.03,0.301,90.22,-1.19,-0.3,-0.0,0.1423,-0.0351,0.0005,,1.006,0.693,2.553,,2.78,-1.04
41.703,LANDING_REGION_SCAN,2.7614,-1.0317,0.3,90.1,-1.53,-0.25,-0.0,0.1262,-0.0331,0.0025,,1.006,0.693,2.56,,3.5,-1.04
41.732,LANDING_REGION_SCAN,2.7661,-1.0351,0.3,89.92,-1.68,-0.1,-0.0,0.1092,-0.0344,-0.0014,,0.999,0.695,2.56,,3.5,-1.04
41.782,LANDING_REGION_SCAN,2.7689,-1.037,0.301,89.66,-0.1,-0.02,-0.0,0.0935,-0.0348,0.0031,,0.999,0.695,,,3.5,-1.04
41.832,LANDING_REGION_SCAN,2.7694,-1.0404,0.301,89.38,1.55,-0.26,-0.0,0.0887,-0.0369,-0.0078,,0.998,0.7,,,3.5,-1.04
41.883,LANDING_REGION_SCAN,2.771,-1.0444,0.299,89.18,2.53,-0.28,-0.0,0.098,-0.0395,-0.0176,,0.998,0.7,,,3.5,-1.04
41.957,LANDING_REGION_SCAN,2.7732,-1.0482,0.299,88.96,3.28,-0.76,-0.0,0.1148,-0.0404,-0.019,,0.99,0.715,,,3.5,-1.04
41.985,LANDING_REGION_SCAN,2.7773,-1.0517,0.301,88.84,3.58,-1.06,-0.0,0.1392,-0.0366,-0.0093,,0.99,0.715,,,3.5,-1.04
42.035,LANDING_REGION_SCAN,2.7843,-1.0554,0.301,88.9,3.66,-1.39,-0.0,0.1686,-0.0316,-0.0015,,0.984,0.722,,,3.5,-1.04
42.082,LANDING_REGION_SCAN,2.7938,-1.0583,0.303,89.05,3.75,-1.42,-0.0,0.201,-0.0242,-0.0022,,0.984,0.722,2.451,,3.5,-1.04
42.132,LANDING_REGION_SCAN,2.8044,-1.0604,0.303,89.15,3.42,-1.06,-0.0,0.2316,-0.0166,0.0008,,0.972,0.734,2.451,,3.5,-1.04
42.182,LANDING_REGION_SCAN,2.8153,-1.0608,0.3,89.26,3.24,-0.9,-0.0,0.2576,-0.0079,0.0042,,0.972,0.734,,,3.5,-1.04
42.262,LANDING_REGION_SCAN,2.8275,-1.0614,0.3,89.55,2.67,-0.88,-0.0,0.2805,-0.0019,-0.0028,,0.97,0.748,,,3.5,-1.04
42.284,LANDING_REGION_SCAN,2.8409,-1.0629,0.296,89.87,1.98,-0.69,-0.0,0.2977,0.0006,-0.0006,,0.97,0.748,2.436,,3.5,-1.04
42.342,LANDING_REGION_SCAN,2.854,-1.0634,0.296,90.03,1.46,-0.46,-0.0,0.3078,0.004,-0.0103,,0.97,0.768,2.436,,3.5,-1.04
42.382,LANDING_REGION_SCAN,2.867,-1.0639,0.299,90.17,0.95,-0.29,-0.0,0.3118,0.0053,-0.0031,,0.97,0.768,,,3.5,-1.04
42.431,LANDING_REGION_SCAN,2.8844,-1.0644,0.299,90.25,0.6,-0.01,-0.0,0.3224,0.0046,0.0099,,0.968,0.793,,,3.5,-1.04
42.482,LANDING_REGION_SCAN,2.8975,-1.0644,0.303,90.33,0.59,0.02,-0.0,0.3199,0.0041,0.0074,,0.968,0.793,,,3.5,-1.04
42.544,LANDING_REGION_SCAN,2.9115,-1.0653,0.303,90.44,0.38,0.01,-0.0,0.3194,0.0008,0.0137,,0.978,0.819,,,3.5,-1.04
42.61,LANDING_REGION_SCAN,2.9249,-1.0657,0.305,90.45,0.12,0.12,-0.0,0.3152,-0.0008,0.0126,,0.978,0.819,2.403,,3.5,-1.04
42.633,LANDING_REGION_SCAN,2.9385,-1.0666,0.305,90.49,0.1,0.16,-0.0,0.3106,-0.0047,0.0092,,0.998,0.837,2.403,,3.5,-1.04
42.722,LANDING_REGION_SCAN,2.9509,-1.0675,0.302,90.33,0.16,0.32,-0.0,0.3038,-0.0081,-0.0046,,0.998,0.837,,,3.5,-1.04
42.733,LANDING_REGION_SCAN,2.9656,-1.0688,0.302,90.23,-0.07,0.41,-0.0,0.303,-0.014,-0.0142,,1.005,0.865,,,3.5,-1.04
42.783,LANDING_REGION_SCAN,2.9775,-1.069,0.302,90.11,0.11,-0.13,-0.0,0.2949,-0.0145,-0.0149,,1.005,0.865,2.337,,3.5,-1.04
42.832,LANDING_REGION_SCAN,2.9886,-1.0709,0.302,89.94,0.19,-0.32,-0.0,0.2874,-0.0163,-0.0049,0.173,1.021,0.892,2.337,,3.5,-1.04
42.888,LANDING_REGION_SCAN,2.9999,-1.0714,0.299,89.93,0.21,-0.37,-0.0,0.2807,-0.0128,-0.0023,0.173,1.021,0.892,2.31,,3.5,-1.04
42.937,LANDING_REGION_SCAN,3.0129,-1.0723,0.299,90.07,0.43,-0.1,-0.0,0.2806,-0.0121,-0.0149,0.168,1.056,0.908,2.31,,3.5,-1.04
43.001,LANDING_REGION_SCAN,3.0246,-1.0731,0.304,90.25,0.74,-0.3,-0.0,0.2795,-0.011,-0.0016,0.168,1.056,0.908,,,3.5,-1.04
43.032,LANDING_REGION_SCAN,3.0383,-1.0738,0.304,90.38,0.57,-0.48,-0.0,0.284,-0.0087,0.0133,0.177,1.15,0.939,,,3.5,-1.04
43.083,LANDING_REGION_SCAN,3.0515,-1.0741,0.303,90.59,0.62,-0.87,-0.0,0.2857,-0.003,0.0082,0.177,1.15,0.939,2.277,,3.5,-1.04
43.132,LANDING_REGION_SCAN,3.0629,-1.074,0.303,90.84,0.75,-0.98,-0.0,0.2841,0.005,0.0031,0.191,1.356,0.965,2.277,,3.5,-1.04
43.182,LANDING_REGION_SCAN,3.0747,-1.0747,0.302,91.05,0.77,-0.7,-0.0,0.2838,0.0099,0.002,0.191,1.356,0.965,,,3.5,-1.04
43.258,LANDING_REGION_SCAN,3.0906,-1.0733,0.302,91.22,0.84,-0.76,-0.0,0.2943,0.0178,-0.0037,0.191,,0.992,,,3.5,-1.04
43.288,LANDING_REGION_SCAN,3.1065,-1.07,0.298,91.38,0.75,-0.84,-0.0,0.3034,0.0303,-0.0048,0.191,,0.992,2.205,,3.5,-1.04
43.335,LANDING_REGION_SCAN,3.1219,-1.067,0.298,91.61,0.78,-0.86,-0.0,0.3103,0.041,-0.012,0.19,2.433,1.013,2.205,,3.5,-1.04
43.381,LANDING_REGION_SCAN,3.1383,-1.0625,0.222,91.91,0.52,-0.57,-0.0,0.3155,0.0527,-0.0604,0.19,2.433,1.013,2.199,,3.5,-1.04
43.432,LANDING_REGION_SCAN,3.1514,-1.0598,0.222,92.13,0.19,-0.0,-0.0,0.3144,0.0562,-0.1742,0.182,,1.039,2.199,,3.5,-1.04
43.482,LANDING_REGION_SCAN,3.1667,-1.0533,0.187,92.29,0.01,0.52,-0.0,0.3068,0.0609,-0.2102,0.182,,1.039,2.173,,3.5,-1.04
43.582,LANDING_REGION_SCAN,3.1757,-1.0528,0.187,92.21,-0.27,0.88,-0.0,0.2988,0.0534,-0.1296,0.175,2.554,1.06,2.173,,3.5,-1.04
43.59,LANDING_REGION_SCAN,3.1882,-1.0468,0.23,92.0,-0.1,0.94,-0.0,0.2898,0.0522,-0.0298,0.175,2.554,1.06,2.15,,3.5,-1.04
43.633,LANDING_REGION_SCAN,3.2005,-1.0427,0.23,91.82,0.11,1.2,-0.0,0.2841,0.0436,0.0947,0.173,2.575,1.094,2.15,,3.5,-1.04
43.682,LANDING_REGION_SCAN,3.2116,-1.0403,0.281,91.68,0.4,1.21,-0.0,0.2836,0.0334,0.1766,0.173,2.575,1.094,,,3.5,-1.04
43.731,LANDING_REGION_SCAN,3.2284,-1.0356,0.281,91.67,0.73,0.88,-0.0,0.2871,0.0273,0.2346,0.168,2.607,1.14,,,3.5,-1.04
43.782,LANDING_REGION_SCAN,3.2424,-1.0331,0.34,91.67,0.84,0.85,-0.0,0.296,0.0235,0.2667,0.168,2.607,1.14,2.093,,3.5,-1.04
43.832,LANDING_REGION_SCAN,3.2593,-1.0302,0.34,91.66,0.5,0.96,-0.0,0.3005,0.0198,0.297,0.167,2.619,1.174,2.093,,3.5,-1.04
43.913,LANDING_REGION_SCAN,3.2755,-1.0285,0.399,91.56,0.19,1.03,-0.0,0.31,0.0152,0.2989,0.167,2.619,1.174,2.078,,3.5,-1.04
43.933,LANDING_REGION_SCAN,3.2926,-1.0282,0.399,91.5,0.29,0.68,-0.0,0.3125,0.0085,0.2812,0.165,2.624,1.216,2.078,,3.5,-1.04
43.981,LANDING_REGION_SCAN,3.3083,-1.0273,0.44,91.49,0.4,0.24,-0.0,0.3163,0.0063,0.2296,0.165,2.624,1.216,,,3.5,-1.04
44.05,LANDING_REGION_SCAN,3.3246,-1.0293,0.44,91.55,0.32,0.24,-0.0,0.3192,0.0019,0.1706,0.166,2.615,1.237,,,3.5,-1.04
44.081,LANDING_REGION_SCAN,3.3413,-1.0288,0.438,91.75,-0.0,0.25,-0.0,0.3231,0.0017,0.1055,0.166,2.615,1.237,1.987,,3.5,-1.04
44.131,LANDING_REGION_SCAN,3.3596,-1.0293,0.438,92.01,-0.39,0.09,-0.0,0.3283,0.0015,-0.0106,0.168,2.628,1.271,1.987,,3.5,-1.04
44.187,LANDING_REGION_SCAN,3.3778,-1.0298,0.395,92.31,-0.9,0.03,-0.0,0.3295,0.0006,-0.1288,0.168,2.628,1.271,1.93,,3.5,-1.04
44.234,LANDING_REGION_SCAN,3.3947,-1.0279,0.395,92.5,-1.05,-0.05,-0.0,0.3233,0.0026,-0.2245,0.168,2.63,1.305,1.93,,3.5,-1.04
44.289,LANDING_REGION_SCAN,3.4111,-1.0264,0.348,92.54,-1.35,-0.14,-0.0,0.3138,0.0065,-0.2759,0.168,2.63,1.305,1.931,,3.5,-1.04
44.331,LANDING_REGION_SCAN,3.4269,-1.0247,0.348,92.59,-1.55,-0.02,-0.0,0.3018,0.0076,-0.2963,0.184,2.613,1.346,1.931,,3.5,-1.04
44.381,LANDING_REGION_SCAN,3.4432,-1.0238,0.301,92.43,-1.59,0.27,-0.0,0.2901,0.0079,-0.3034,0.184,2.613,1.346,,,3.5,-1.04
44.432,LANDING_REGION_SCAN,3.4597,-1.0214,0.301,92.17,-1.83,0.57,-0.0,0.281,0.0076,-0.3093,,2.616,1.381,,,3.5,-1.04
44.49,LANDING_REGION_SCAN,3.4762,-1.0206,0.282,91.95,-2.47,0.76,-0.0,0.2669,0.0022,-0.245,,2.616,1.381,1.874,,3.5,-1.04
44.565,ROTATION_SCAN,3.4865,-1.0179,0.282,91.82,-3.03,1.13,-0.0,0.2357,-0.0023,-0.1974,,2.62,1.406,1.874,,,
44.581,ROTATION_SCAN,3.4987,-1.0158,0.264,91.84,-3.17,1.34,-0.0,0.2092,-0.0093,-0.1677,,2.62,1.406,,,,
44.64,ROTATION_SCAN,3.5076,-1.0138,0.264,91.96,-3.07,1.42,15.0,0.1787,-0.0187,-0.1284,,2.601,1.418,,,,
44.692,ROTATION_SCAN,3.5161,-1.014,0.259,92.15,-3.3,0.93,15.0,0.1501,-0.0295,-0.0817,,2.601,1.418,,,,
44.74,ROTATION_SCAN,3.5238,-1.0159,0.259,92.52,-3.36,0.51,15.0,0.1226,-0.0378,-0.0508,,2.623,1.444,,,,
44.78,ROTATION_SCAN,3.5292,-1.0178,0.257,93.06,-3.27,-0.0,15.0,0.0931,-0.0417,-0.0333,,2.623,1.444,1.82,,,
44.834,ROTATION_SCAN,3.5334,-1.0189,0.257,93.67,-2.98,-0.29,15.0,0.0652,-0.0406,-0.0045,,2.612,1.439,1.82,,,
44.88,ROTATION_SCAN,3.5379,-1.0201,0.261,94.28,-2.73,-0.53,15.0,0.0443,-0.0376,0.0127,,2.612,1.439,1.816,,,
44.94,ROTATION_SCAN,3.5404,-1.0239,0.261,94.81,-2.47,-0.6,15.0,0.0234,-0.0371,0.0333,,2.614,1.434,1.816,,,
44.981,ROTATION_SCAN,3.5427,-1.0258,0.261,95.44,-2.29,-0.63,15.0,0.0063,-0.0341,0.0352,,2.614,1.434,,,,
45.032,ROTATION_SCAN,3.544,-1.0289,0.261,96.02,-2.1,-0.95,15.0,-0.0094,-0.032,0.0361,,2.613,1.43,,,,
45.081,ROTATION_SCAN,3.5453,-1.03,0.265,96.6,-1.75,-1.14,15.0,-0.0221,-0.0248,0.041,,2.613,1.43,,,,
45.142,ROTATION_SCAN,3.545,-1.0295,0.265,97.06,-1.27,-1.27,15.0,-0.0343,-0.0136,0.0481,,2.609,1.435,,,,
45.197,ROTATION_SCAN,3.5442,-1.0279,0.274,97.58,-1.07,-1.09,15.0,-0.043,-0.001,0.0515,,2.609,1.435,,,,
45.233,ROTATION_SCAN,3.5445,-1.0244,0.274,98.37,-0.58,-1.01,15.0,-0.0455,0.0118,0.0611,,2.607,1.439,,,,
45.28,ROTATION_SCAN,3.5447,-1.0194,0.281,99.42,-0.26,-0.89,15.0,-0.0449,0.0262,0.0695,,2.607,1.439,,,,
45.332,ROTATION_SCAN,3.5463,-1.0176,0.281,100.35,-0.4,-0.61,15.0,-0.0391,0.0319,0.0659,,2.622,1.44,,,,
45.381,ROTATION_SCAN,3.5449,-1.0097,0.284,101.25,-0.56,-0.25,15.0,-0.0424,0.047,0.0481,,2.622,1.44,,,,
45.432,ROTATION_SCAN,3.5462,-1.0057,0.284,102.0,-0.73,0.07,15.0,-0.0397,0.0492,0.0458,,2.622,1.44,,,,
45.515,ROTATION_SCAN,3.5469,-1.0018,0.29,102.65,-0.75,0.58,15.0,-0.039,0.048,0.0554,,2.622,1.44,,,,
45.534,ROTATION_SCAN,3.5474,-0.9988,0.29,103.29,-0.76,1.07,15.0,-0.0375,0.0406,0.051,,2.63,1.442,,,,
45.592,ROTATION_SCAN,3.5478,-0.9953,0.296,103.97,-1.01,1.14,15.0,-0.0366,0.0335,0.0419,,2.63,1.442,4.085,,,
45.653,ROTATION_SCAN,3.5477,-0.9931,0.296,104.86,-1.13,1.19,15.0,-0.0386,0.0234,0.0407,0.456,2.649,1.455,4.085,,,
45.681,ROTATION_SCAN,3.5478,-0.9915,0.297,105.88,-1.22,1.25,15.0,-0.0399,0.013,0.0271,0.456,2.649,1.455,,,,
45.731,ROTATION_SCAN,3.5476,-0.9916,0.297,106.99,-1.22,1.36,15.0,-0.0424,-0.0017,0.0181,0.411,2.646,1.457,,,,
45.781,ROTATION_SCAN,3.5474,-0.992,0.302,108.17,-1.06,1.27,15.0,-0.0431,-0.0151,0.02,0.411,2.646,1.457,,,,
45.849,ROTATION_SCAN,3.5476,-0.9879,0.302,109.3,-1.05,0.95,15.0,-0.0425,-0.0137,0.0188,0.375,2.673,1.473,,,,
45.881,ROTATION_SCAN,3.5453,-0.9897,0.301,110.43,-1.07,0.74,15.0,-0.0489,-0.0258,0.0169,0.375,2.673,1.473,,,,
45.937,ROTATION_SCAN,3.5428,-0.9915,0.301,111.48,-0.84,0.63,15.0,-0.0542,-0.035,0.012,0.34,2.7,1.488,,,,
45.981,ROTATION_SCAN,3.5427,-0.994,0.301,112.31,-0.82,0.39,15.0,-0.0524,-0.0425,-0.0012,0.34,2.7,1.488,,,,
46.031,ROTATION_SCAN,3.5409,-0.9973,0.301,113.16,-0.68,0.22,15.0,-0.0555,-0.05,-0.0029,0.312,2.728,1.498,,,,
46.082,ROTATION_SCAN,3.5386,-1.001,0.303,114.15,-0.57,-0.1,15.0,-0.0587,-0.0558,0.0043,0.312,2.728,1.498,,,,
46.164,ROTATION_SCAN,3.5363,-1.0041,0.303,115.03,-0.74,-0.31,15.0,-0.0623,-0.057,0.0018,0.287,2.744,1.509,,,,
46.18,ROTATION_SCAN,3.5327,-1.0079,0.301,115.87,-0.75,-0.16,15.0,-0.0698,-0.06,-0.0128,0.287,2.744,1.509,,,,
46.235,ROTATION_SCAN,3.5287,-1.0088,0.301,116.69,-0.23,-0.26,15.0,-0.0755,-0.0558,-0.0118,0.259,2.761,1.521,,,,
46.281,ROTATION_SCAN,3.5273,-1.0093,0.299,117.53,-0.06,-0.66,15.0,-0.0727,-0.0478,-0.0045,0.259,2.761,1.521,,,,
46.332,ROTATION_SCAN,3.5248,-1.0105,0.299,118.4,-0.02,-0.63,15.0,-0.0729,-0.0402,-0.0134,0.233,2.801,1.516,,,,
46.381,ROTATION_SCAN,3.5228,-1.0108,0.304,119.22,0.14,-0.23,15.0,-0.0709,-0.0332,-0.0124,0.233,2.801,1.516,,,,
46.432,ROTATION_SCAN,3.5194,-1.0121,0.304,120.05,0.07,-0.32,15.0,-0.0706,-0.0302,0.0048,0.218,2.827,1.527,,,,
46.493,ROTATION_SCAN,3.5154,-1.011,0.298,120.88,0.25,-0.28,15.0,-0.072,-0.021,0.0064,0.218,2.827,1.527,,,,
46.531,ROTATION_SCAN,3.5133,-1.0107,0.298,121.56,0.39,-0.06,15.0,-0.0674,-0.0153,-0.0092,0.206,2.845,1.537,,,,
46.581,ROTATION_SCAN,3.5097,-1.0103,0.303,122.09,0.29,0.03,15.0,-0.0656,-0.0108,-0.0042,0.206,2.845,1.537,,,,
46.632,ROTATION_SCAN,3.5073,-1.0089,0.303,122.68,0.27,0.11,15.0,-0.0613,-0.0053,0.0059,0.197,,1.538,,,,
46.681,ROTATION_SCAN,3.5045,-1.0078,0.299,123.27,0.42,0.31,15.0,-0.0578,-0.0015,-0.0026,0.197,,1.538,,,,
46.731,ROTATION_SCAN,3.5004,-1.0065,0.299,123.94,0.55,0.35,15.0,-0.0556,0.0025,-0.0072,0.197,2.897,1.539,,,,
46.814,ROTATION_SCAN,3.4974,-1.0058,0.299,124.72,0.7,0.53,15.0,-0.05,0.0043,0.0026,0.197,2.897,1.539,,,,
46.833,ROTATION_SCAN,3.4955,-1.0053,0.299,125.62,0.81,0.66,15.0,-0.0403,0.0049,0.0011,0.197,,1.558,,,,
46.888,ROTATION_SCAN,3.495,-1.0041,0.3,126.42,0.19,0.67,15.0,-0.0302,0.0053,-0.007,0.197,,1.558,,,,
46.931,ROTATION_SCAN,3.4964,-1.0014,0.3,127.24,-0.11,0.76,15.0,-0.0202,0.0067,-0.0021,0.198,,,,,,
46.982,ROTATION_SCAN,3.499,-1.0015,0.305,128.19,0.12,0.59,15.0,-0.0094,-0.0001,0.0107,0.198,,,,,,
47.032,ROTATION_SCAN,3.4981,-1.0017,0.305,129.08,0.16,0.56,15.0,-0.0062,-0.0033,0.0206,0.199,,,,,,
47.081,ROTATION_SCAN,3.5036,-0.9991,0.302,129.95,-0.13,0.16,15.0,0.0087,0.0011,0.0034,0.199,,,,,,
47.148,ROTATION_SCAN,3.5061,-0.9983,0.302,130.61,-0.29,0.01,15.0,0.0119,0.0012,0.0003,0.207,,,,,,
47.182,ROTATION_SCAN,3.507,-0.9981,0.304,131.17,-0.58,0.12,15.0,0.0106,-0.0008,0.0002,0.207,,,,,,
47.241,ROTATION_SCAN,3.5093,-0.9955,0.304,131.67,-0.92,-0.02,15.0,0.0103,0.0013,-0.0002,0.203,3.067,,,,,
47.282,ROTATION_SCAN,3.5121,-0.994,0.303,132.26,-1.07,-0.09,15.0,0.0092,-0.0005,-0.0007,0.203,3.067,,,,,
47.33,ROTATION_SCAN,3.5104,-0.9915,0.303,132.79,-1.32,-0.18,15.0,-0.0028,0.0001,-0.0061,0.207,,,,,,
47.381,ROTATION_SCAN,3.5085,-0.9899,0.305,133.25,-1.42,-0.07,15.0,-0.0152,-0.0028,-0.0067,0.207,,,,,,
47.474,ROTATION_SCAN,3.5057,-0.9902,0.305,133.68,-1.17,0.05,15.0,-0.0274,-0.0108,-0.0002,0.21,,,,,,
47.481,ROTATION_SCAN,3.5008,-0.9891,0.299,133.96,-0.94,0.21,15.0,-0.0401,-0.0139,-0.0076,0.21,,,,,,
47.537,ROTATION_SCAN,3.4962,-0.9891,0.299,134.15,-0.87,0.15,15.0,-0.0495,-0.0187,-0.0166,0.205,,,,,,
47.586,ROTATION_SCAN,3.4923,-0.9881,0.301,134.44,-0.53,0.31,15.0,-0.0557,-0.0205,-0.0068,0.205,,,,,,
47.63,ROTATION_SCAN,3.4874,-0.9893,0.301,134.88,-0.28,0.4,15.0,-0.0602,-0.0252,-0.0053,0.213,,,,,,
47.681,ROTATION_SCAN,3.4823,-0.9903,0.303,135.36,-0.04,0.35,15.0,-0.0636,-0.0279,-0.0057,0.213,,,,,,
47.737,ROTATION_SCAN,3.4784,-0.9924,0.303,135.88,0.22,0.43,15.0,-0.0626,-0.0314,0.0015,0.212,,,,,,
47.788,ROTATION_SCAN,3.4756,-0.9917,0.299,136.48,0.37,0.71,15.0,-0.0569,-0.0276,-0.0058,0.212,,,,,,
47.842,ROTATION_SCAN,3.4707,-0.991,0.299,137.13,0.62,0.87,15.0,-0.0543,-0.0248,-0.0097,0.222,,,,,,
47.887,ROTATION_SCAN,3.4686,-0.9906,0.301,137.73,0.87,1.03,15.0,-0.0432,-0.0218,-0.0042,0.222,,,,,,
47.93,ROTATION_SCAN,3.4636,-0.9912,0.301,138.26,0.85,1.2,15.0,-0.0381,-0.0212,-0.001,0.219,,,,,,
47.981,ROTATION_SCAN,3.4601,-0.9909,0.299,138.83,0.81,1.24,15.0,-0.0291,-0.0194,-0.0006,0.219,,,,,,
48.031,ROTATION_SCAN,3.4583,-0.9912,0.299,139.43,0.74,1.14,15.0,-0.0182,-0.0192,-0.005,0.226,,,,,,
48.109,ROTATION_SCAN,3.456,-0.9915,0.296,140.08,0.59,1.12,15.0,-0.011,-0.019,-0.0045,0.226,,,,,,
48.13,ROTATION_SCAN,3.455,-0.9919,0.296,140.77,0.42,1.15,15.0,-0.0025,-0.02,-0.0129,0.232,,,,,,
48.185,ROTATION_SCAN,3.454,-0.9923,0.299,141.57,0.35,1.32,15.0,0.0053,-0.0221,-0.018,0.232,,,,,,
48.231,ROTATION_SCAN,3.4525,-0.9939,0.299,142.5,0.49,1.39,15.0,0.0117,-0.0276,-0.0017,0.238,,,,,,
48.281,ROTATION_SCAN,3.455,-0.9962,0.3,143.76,0.42,1.17,15.0,0.0276,-0.0333,0.0159,0.238,,,,,,
48.33,ROTATION_SCAN,3.4522,-0.9977,0.3,145.08,0.26,0.85,15.0,0.0262,-0.0356,0.0114,0.256,,,,,,
48.38,ROTATION_SCAN,3.457,-0.9987,0.299,146.27,0.37,0.65,15.0,0.0402,-0.035,0.0014,0.256,,,,,,
48.431,ROTATION_SCAN,3.4643,-0.9848,0.299,147.3,0.45,0.44,15.0,0.0578,0.0054,-0.001,0.275,,1.201,,,,
48.501,ROTATION_SCAN,3.4662,-0.9857,0.302,148.42,0.04,0.54,15.0,0.0604,0.0026,-0.0056,0.275,,1.201,,,,
48.53,ROTATION_SCAN,3.467,-0.9866,0.302,149.62,-0.29,0.25,15.0,0.0583,-0.0028,0.0052,0.295,,1.195,,,,
48.58,ROTATION_SCAN,3.4693,-0.9886,0.307,150.95,-0.64,0.35,15.0,0.0574,-0.0114,0.0114,0.295,,1.195,,,,
48.63,ROTATION_SCAN,3.473,-0.9891,0.307,152.22,-0.69,0.09,15.0,0.0584,-0.0168,0.0205,0.324,,1.189,,,,
48.694,ROTATION_SCAN,3.4764,-0.9909,0.305,153.35,-0.75,0.3,15.0,0.0575,-0.0249,0.0149,0.324,,1.189,,,,
48.747,ROTATION_SCAN,3.4793,-0.994,0.305,154.27,-0.88,0.26,15.0,0.0568,-0.0355,0.0022,0.343,,1.197,,,,
48.781,ROTATION_SCAN,3.4803,-0.9974,0.303,155.0,-0.79,0.2,15.0,0.0522,-0.0463,-0.0027,0.343,,1.197,,,,
48.83,ROTATION_SCAN,3.4837,-1.0013,0.303,155.63,-0.68,-0.07,15.0,0.0519,-0.0558,-0.0045,0.365,,1.209,,,,
48.881,ROTATION_SCAN,3.4846,-1.0046,0.301,156.11,-0.45,-0.25,15.0,0.0452,-0.0609,0.0004,0.365,,1.209,,,,
48.93,ROTATION_SCAN,3.4878,-1.0107,0.301,156.48,-0.3,-0.32,15.0,0.0435,-0.0693,-0.0029,0.381,,1.22,,,,
48.98,ROTATION_SCAN,3.4884,-1.0125,0.303,156.74,-0.05,-0.69,15.0,0.0362,-0.066,-0.0007,0.381,,1.22,,,,
49.047,ROTATION_SCAN,3.4877,-1.0176,0.303,157.01,0.09,-1.0,15.0,0.0243,-0.0672,0.0019,0.396,,1.223,,,,
49.084,ROTATION_SCAN,3.4879,-1.0195,0.302,157.44,0.65,-0.88,15.0,0.0158,-0.059,-0.0018,0.396,,1.223,,,,
49.135,ROTATION_SCAN,3.4864,-1.0219,0.302,158.11,1.0,-0.91,15.0,0.0066,-0.0487,-0.0034,0.409,,1.236,,,,
49.18,ROTATION_SCAN,3.4854,-1.0254,0.301,159.08,1.08,-0.94,15.0,-0.0,-0.0405,-0.008,0.409,,1.236,,,,
49.23,ROTATION_SCAN,3.4853,-1.0272,0.301,160.1,0.99,-0.94,15.0,-0.0044,-0.0291,-0.0024,0.439,,1.283,,,,
49.28,ROTATION_SCAN,3.4841,-1.0239,0.304,161.09,0.8,-0.75,15.0,-0.0112,-0.01,0.0033,0.439,,1.283,,,,
49.33,ROTATION_SCAN,3.4839,-1.0236,0.304,161.95,0.52,-0.37,15.0,-0.0133,-0.0014,0.0102,0.475,,1.384,,,,
49.394,ROTATION_SCAN,3.4797,-1.0178,0.306,162.73,0.26,0.05,15.0,-0.022,0.0151,0.0109,0.475,,1.384,,,,
49.431,ROTATION_SCAN,3.4763,-1.0161,0.306,163.54,0.07,0.42,15.0,-0.0251,0.0184,0.0099,0.509,,1.444,,,,
49.489,ROTATION_SCAN,3.4749,-1.014,0.304,164.3,0.03,0.6,15.0,-0.0214,0.0204,0.0041,0.509,,1.444,,,,
49.546,ROTATION_SCAN,3.472,-1.0113,0.304,165.01,-0.11,0.81,15.0,-0.0205,0.0226,-0.0054,0.564,,1.512,,,,
49.581,ROTATION_SCAN,3.4696,-1.0106,0.304,165.67,-0.11,0.98,15.0,-0.0169,0.0193,0.0038,0.564,,1.512,,,,
49.63,ROTATION_SCAN,3.4681,-1.0078,0.304,166.29,-0.0,1.21,15.0,-0.0096,0.0206,0.004,,,,,,,
49.707,ROTATION_SCAN,3.4702,-1.0081,0.304,166.87,-0.22,0.91,15.0,0.0047,0.0147,0.0036,,,,,,,
49.738,ROTATION_SCAN,3.4713,-1.0078,0.304,167.44,-0.11,0.91,15.0,0.0133,0.0106,0.0022,,,,,,,
49.786,ROTATION_SCAN,3.4723,-1.0077,0.307,167.96,-0.4,0.72,15.0,0.0202,0.0067,-0.0031,,,,,,,
49.829,ROTATION_SCAN,3.4757,-1.0069,0.307,168.41,-0.43,0.58,15.0,0.03,0.0028,0.0027,1.867,,,,,,
49.88,ROTATION_SCAN,3.4764,-1.0079,0.306,168.9,-0.41,0.41,15.0,0.0318,-0.004,-0.0012,1.867,,,,,,
49.929,ROTATION_SCAN,3.4765,-1.009,0.306,169.55,-0.2,0.15,15.0,0.0303,-0.0089,-0.0009,1.974,,,,,,
49.98,ROTATION_SCAN,3.4795,-1.0097,0.306,170.34,-0.22,-0.04,15.0,0.0338,-0.0114,-0.0076,1.974,,,,,,
50.03,ROTATION_SCAN,3.481,-1.01,0.306,171.21,-0.17,-0.06,15.0,0.0326,-0.0125,-0.005,2.046,,,,,,
50.107,ROTATION_SCAN,3.4809,-1.0083,0.307,172.07,0.08,-0.05,15.0,0.0279,-0.0078,-0.0037,2.046,,,,,,
50.13,ROTATION_SCAN,3.4776,-1.0169,0.307,173.01,0.36,0.27,15.0,0.0185,-0.0252,0.007,1.972,1.831,2.567,,,,
50.18,ROTATION_SCAN,3.4756,-1.0143,0.305,173.95,0.3,0.0,15.0,0.0139,-0.0152,-0.0018,1.972,1.831,2.567,,,,
50.23,ROTATION_SCAN,3.4757,-1.0031,0.305,174.69,0.08,-0.24,15.0,0.0122,0.012,-0.0051,,1.823,2.595,,,,
50.29,ROTATION_SCAN,3.4763,-0.9993,0.308,175.39,-0.32,-0.22,15.0,0.0098,0.0181,-0.0008,,1.823,2.595,,,,
50.357,ROTATION_SCAN,3.4765,-0.9988,0.308,176.11,-0.91,-0.04,15.0,0.0078,0.0128,0.0023,1.534,1.804,2.579,,,,
50.386,ROTATION_SCAN,3.4766,-0.9983,0.304,176.87,-1.38,-0.07,15.0,0.006,0.0037,0.001,1.534,1.804,2.579,,,,
50.435,ROTATION_SCAN,3.4765,-0.999,0.304,177.73,-1.48,0.21,15.0,0.005,-0.01,-0.0123,1.463,1.801,2.582,,,,
50.512,ROTATION_SCAN,3.4761,-1.0013,0.305,178.54,-1.52,0.34,15.0,0.0052,-0.026,-0.0155,1.463,1.801,2.582,,,,
50.535,ROTATION_SCAN,3.4748,-1.007,0.305,179.3,-1.32,0.31,15.0,0.0045,-0.0472,-0.013,1.415,1.792,2.575,,,,
50.579,ROTATION_SCAN,3.4748,-1.0111,0.301,-180.0,-1.08,0.32,15.0,0.0062,-0.061,-0.0182,1.415,1.792,2.575,,,,
50.671,ROTATION_SCAN,3.4759,-1.0201,0.301,-179.29,-0.52,0.39,-0.0,0.0111,-0.0802,-0.014,1.404,1.802,2.576,,,,
50.681,ROTATION_SCAN,3.4766,-1.0258,0.294,-178.76,-0.1,0.35,-0.0,0.014,-0.0865,-0.05,1.404,1.802,2.576,,,,
50.733,ROTATION_SCAN,3.4774,-1.0339,0.294,-178.41,0.92,0.38,-0.0,0.0165,-0.0934,-0.1699,1.391,1.806,2.556,,,,
50.78,ROTATION_SCAN,3.4778,-1.0397,0.265,-178.12,1.69,0.13,-0.0,0.0173,-0.0871,-0.256,1.391,1.806,2.556,,,,
50.83,ROTATION_SCAN,3.4795,-1.0443,0.265,-177.83,1.65,-0.05,-0.0,0.0189,-0.0756,-0.3142,1.397,1.801,2.553,,,,
50.88,ROTATION_SCAN,3.481,-1.0398,0.237,-177.59,1.93,0.06,-0.0,0.0191,-0.044,-0.3331,1.397,1.801,2.553,,,,
50.936,ROTATION_SCAN,3.4814,-1.0504,0.237,-177.22,1.86,-0.1,-0.0,0.0181,-0.047,-0.3444,1.393,1.791,2.549,,,,
51.002,ROTATION_SCAN,3.4901,-1.0449,0.208,-176.79,1.39,-0.33,-0.0,0.0331,-0.0184,-0.354,1.393,1.791,2.549,,,,
51.029,ROTATION_SCAN,3.4924,-1.0452,0.208,-176.54,0.88,-0.62,-0.0,0.0309,-0.0083,-0.3495,1.397,1.798,2.533,,,,
51.085,ROTATION_SCAN,3.4882,-1.0393,0.16,-176.4,0.32,-0.67,-0.0,0.012,0.0125,-0.3661,1.397,1.798,2.533,,,,
51.129,ROTATION_SCAN,3.4857,-1.0379,0.16,-176.63,0.25,-0.42,-0.0,-0.0004,0.0179,-0.3894,1.404,1.79,2.536,,,,
51.18,ROTATION_SCAN,3.4784,-1.038,0.127,-177.08,-0.08,-0.37,-0.0,-0.0222,0.0187,-0.3772,1.404,1.79,2.536,,,,
51.23,ROTATION_SCAN,3.4783,-1.0356,0.127,-177.58,-0.32,0.27,-0.0,-0.0199,0.0196,-0.3405,,1.768,2.525,,,,
51.319,ROTATION_SCAN,3.4729,-1.0399,0.103,-177.98,-0.48,0.67,-0.0,-0.0283,0.0038,-0.3067,,1.768,2.525,,,,
51.331,ROTATION_SCAN,3.4727,-1.0409,0.103,-178.39,-0.3,0.18,-0.0,-0.0188,-0.0059,-0.283,0.204,1.771,2.509,,,,
51.386,ROTATION_SCAN,3.4744,-1.0468,0.085,-178.88,-0.04,-0.26,15.0,-0.0079,-0.031,-0.2315,0.204,1.771,2.509,,,,
51.457,ROTATION_SCAN,3.4746,-1.0518,0.085,-179.3,0.21,-0.79,15.0,-0.0085,-0.0478,-0.1789,0.205,1.752,2.507,,,,
51.481,ROTATION_SCAN,3.4748,-1.0572,0.066,-179.4,0.4,-0.49,15.0,-0.0075,-0.0643,-0.1553,0.205,1.752,2.507,,,,
51.531,ROTATION_SCAN,3.4746,-1.0629,0.066,-179.17,0.63,-0.46,15.0,-0.0071,-0.0774,-0.1269,0.215,1.741,2.497,,,,
51.586,ROTATION_SCAN,3.4743,-1.0683,0.046,-178.7,0.75,-0.77,15.0,-0.0047,-0.0894,-0.107,0.215,1.741,2.497,,,,
51.642,ROTATION_SCAN,3.4738,-1.0728,0.046,-178.01,1.05,-0.67,15.0,-0.008,-0.0871,-0.0986,0.216,1.731,2.481,,,,
51.68,ROTATION_SCAN,3.4731,-1.0781,0.039,-177.27,1.52,-0.57,15.0,-0.0209,-0.0837,-0.0629,0.216,1.731,2.481,,,,
51.73,ROTATION_SCAN,3.4718,-1.0834,0.039,-176.57,2.03,-0.52,15.0,-0.0373,-0.0725,-0.0439,0.216,1.733,2.495,,,,
51.781,ROTATION_SCAN,3.4698,-1.0878,0.036,-175.79,2.11,-0.11,15.0,-0.0506,-0.0489,-0.0285,0.216,1.733,2.495,,,,
51.83,ROTATION_SCAN,3.4669,-1.0922,0.036,-175.07,2.44,-0.05,15.0,-0.0676,-0.019,-0.0092,0.213,1.722,2.506,,,,
51.879,ROTATION_SCAN,3.4633,-1.0947,0.041,-174.4,2.19,0.5,15.0,-0.0786,0.0199,0.0231,0.213,1.722,2.506,,,,
51.972,ROTATION_SCAN,3.4591,-1.0946,0.041,-173.7,2.07,1.04,15.0,-0.0799,0.0552,0.0324,0.207,1.688,2.504,,,,
51.979,ROTATION_SCAN,3.4552,-1.0913,0.051,-172.85,1.74,1.4,15.0,-0.0709,0.0867,0.0452,0.207,1.688,2.504,,,,
52.06,ROTATION_SCAN,3.4517,-1.0862,0.051,-171.92,0.94,1.71,15.0,-0.0566,0.1111,0.0615,0.206,1.658,2.497,,,,
52.082,ROTATION_SCAN,3.4498,-1.0786,0.059,-170.93,0.9,1.99,15.0,-0.0354,0.125,0.06,0.206,1.658,2.497,,,,
52.13,ROTATION_SCAN,3.4489,-1.0705,0.059,-170.09,0.33,1.72,15.0,-0.0076,0.1422,0.0559,0.206,1.62,2.483,,,,
52.18,ROTATION_SCAN,3.4491,-1.0629,0.056,-169.47,-0.11,1.27,15.0,0.0095,0.1471,0.0508,0.206,1.62,2.483,,,,
52.235,ROTATION_SCAN,3.4506,-1.0539,0.056,-168.82,-0.5,0.9,15.0,0.0232,0.1386,0.025,0.206,,2.39,,,,
52.292,ROTATION_SCAN,3.4517,-1.0465,0.057,-168.04,-1.18,0.23,15.0,0.0237,0.1291,0.0164,0.206,,2.39,,,,
52.335,ROTATION_SCAN,3.4531,-1.0386,0.057,-167.06,-1.67,0.23,15.0,0.0226,0.1086,0.0138,0.209,,,,,,
52.379,ROTATION_SCAN,3.4545,-1.0323,0.05,-166.03,-1.83,0.37,15.0,0.025,0.0866,-0.0029,0.209,,,,,,
52.429,ROTATION_SCAN,3.4559,-1.0257,0.05,-164.95,-2.21,0.04,15.0,0.0239,0.0602,-0.0102,0.21,,,,,,
52.479,ROTATION_SCAN,3.4574,-1.0214,0.058,-163.9,-2.35,-0.18,15.0,0.0245,0.0299,-0.0042,0.21,,,0.415,,,
52.53,ROTATION_SCAN,3.4589,-1.0179,0.058,-162.84,-2.13,-0.75,15.0,0.0194,-0.0061,0.0059,0.213,,,0.415,,,
52.622,ROTATION_SCAN,3.4597,-1.0145,0.07,-161.86,-1.73,-0.71,15.0,0.0078,-0.0346,0.0225,0.213,,,0.371,,,
52.63,ROTATION_SCAN,3.4602,-1.0168,0.07,-161.06,-1.62,-0.47,15.0,0.0042,-0.0604,0.0356,0.209,,,0.371,,,
52.689,ROTATION_SCAN,3.4603,-1.0199,0.071,-160.5,-0.87,-0.44,15.0,0.0021,-0.0794,0.0275,0.209,,,0.33,,,
52.741,ROTATION_SCAN,3.4603,-1.0256,0.071,-159.84,0.06,-0.01,15.0,-0.0019,-0.0979,0.0107,0.215,,,0.33,,,
52.78,ROTATION_SCAN,3.4603,-1.0313,0.073,-159.26,0.58,0.26,15.0,-0.0015,-0.101,0.012,0.215,,,0.311,,,
52.829,ROTATION_SCAN,3.46,-1.0356,0.073,-158.8,0.92,0.77,15.0,-0.0024,-0.0906,0.0049,0.214,,,0.311,,,
52.89,ROTATION_SCAN,3.4601,-1.0393,0.066,-158.37,1.13,1.03,15.0,0.0024,-0.077,-0.0189,0.214,,,0.309,,,
52.99,ROTATION_SCAN,3.4605,-1.0419,0.066,-157.81,1.52,1.09,15.0,0.0078,-0.0603,-0.0309,0.215,,0.296,0.309,,,
53.004,ROTATION_SCAN,3.4608,-1.043,0.058,-157.06,1.27,1.11,15.0,0.011,-0.0372,-0.0214,0.215,,0.296,0.306,,,
53.036,ROTATION_SCAN,3.4607,-1.0412,0.058,-156.32,1.43,1.26,15.0,0.0128,-0.0045,-0.0269,0.217,,0.25,0.306,,,
53.119,ROTATION_SCAN,3.4593,-1.0392,0.057,-155.65,1.45,1.31,15.0,0.0084,0.0334,-0.0287,0.217,,0.25,0.299,,,
53.129,ROTATION_SCAN,3.4603,-1.033,0.057,-154.77,0.72,0.98,15.0,0.0167,0.0669,-0.0165,0.222,,0.219,0.299,,,
53.179,ROTATION_SCAN,3.4631,-1.0242,0.052,-153.85,0.28,0.47,15.0,0.0285,0.0939,-0.0136,0.222,,0.219,0.296,,,
53.229,ROTATION_SCAN,3.465,-1.0178,0.052,-153.05,-0.81,0.51,15.0,0.0347,0.1019,-0.0103,0.227,,0.193,0.296,,,
53.321,ROTATION_SCAN,3.4678,-1.01,0.051,-152.45,-1.05,0.26,15.0,0.0469,0.1082,-0.0057,0.227,,0.193,0.29,,,
53.332,ROTATION_SCAN,3.4718,-1.0059,0.051,-151.82,-1.41,-0.53,15.0,0.0601,0.0922,-0.0014,0.234,,0.179,0.29,,,
53.386,ROTATION_SCAN,3.4751,-1.003,0.045,-151.12,-1.75,-0.84,15.0,0.0617,0.0686,-0.007,0.234,,0.179,0.286,,,
53.453,ROTATION_SCAN,3.4773,-1.0017,0.045,-150.41,-2.06,-1.0,15.0,0.0593,0.0403,-0.0099,0.24,,0.157,0.286,,,
53.479,ROTATION_SCAN,3.48,-1.0021,0.058,-149.59,-1.66,-1.61,15.0,0.0555,0.0068,0.0119,0.24,,0.157,0.286,,,
53.528,ROTATION_SCAN,3.483,-1.0062,0.058,-148.78,-1.85,-1.79,15.0,0.0517,-0.0313,0.0243,0.249,,0.147,0.286,,,
53.59,ROTATION_SCAN,3.4854,-1.0144,0.074,-148.02,-1.2,-1.95,15.0,0.0484,-0.0745,0.0301,0.249,,0.147,0.29,,,
53.649,ROTATION_SCAN,3.487,-1.0222,0.074,-147.13,-0.59,-1.91,15.0,0.0343,-0.1064,0.0565,0.25,,0.135,0.29,,,
53.687,ROTATION_SCAN,3.4876,-1.0293,0.073,-146.03,0.07,-1.72,15.0,0.0191,-0.1259,0.0308,0.25,,0.135,0.301,,,
53.771,ROTATION_SCAN,3.4872,-1.0368,0.073,-144.74,0.42,-0.91,15.0,0.0017,-0.1373,0.0129,0.254,,0.128,0.301,,,
53.786,ROTATION_SCAN,3.4855,-1.0429,0.067,-143.66,0.71,0.13,15.0,-0.0134,-0.1391,0.0092,0.254,,0.128,0.317,,,
53.83,ROTATION_SCAN,3.4833,-1.0529,0.067,-142.81,1.5,0.52,15.0,-0.0218,-0.1412,-0.0076,0.252,,0.121,0.317,,,
53.88,ROTATION_SCAN,3.4816,-1.0588,0.063,-141.97,1.97,0.97,15.0,-0.0299,-0.1231,-0.0143,0.252,,0.121,0.33,,,
53.964,ROTATION_SCAN,3.479,-1.0631,0.063,-141.24,1.89,1.68,15.0,-0.0376,-0.0978,-0.0158,0.254,,0.118,0.33,,,
53.979,ROTATION_SCAN,3.4761,-1.0667,0.06,-140.55,1.9,1.91,15.0,-0.0399,-0.0685,-0.0199,0.254,,0.118,0.35,,,
54.034,ROTATION_SCAN,3.4742,-1.0678,0.06,-139.86,1.91,2.23,15.0,-0.0384,-0.0372,-0.0189,0.252,,0.121,0.35,,,
54.079,ROTATION_SCAN,3.473,-1.0652,0.06,-139.22,1.6,2.26,15.0,-0.0314,0.0022,-0.0026,0.252,,0.121,0.355,,,
54.129,ROTATION_SCAN,3.4717,-1.0613,0.06,-138.51,1.36,2.31,15.0,-0.0245,0.042,0.0023,0.259,,0.119,0.355,,,
54.18,ROTATION_SCAN,3.4729,-1.0536,0.057,-137.73,0.59,1.57,15.0,-0.0094,0.074,-0.002,0.259,,0.119,0.36,,,
54.231,ROTATION_SCAN,3.4754,-1.045,0.057,-136.98,-0.15,1.15,15.0,0.0093,0.0918,0.0032,0.264,,0.107,0.36,,,
54.294,ROTATION_SCAN,3.478,-1.0381,0.06,-136.26,-0.19,0.64,15.0,0.0239,0.096,0.0151,0.264,,0.107,0.358,,,
54.331,ROTATION_SCAN,3.4797,-1.0326,0.06,-135.51,-0.28,0.26,15.0,0.0302,0.0992,0.0189,0.279,,0.103,0.358,,,
54.381,ROTATION_SCAN,3.4823,-1.0275,0.058,-134.6,-0.55,-0.44,15.0,0.0366,0.093,0.0217,0.279,,0.103,0.357,,,
54.43,ROTATION_SCAN,3.4848,-1.0234,0.058,-133.63,-0.45,-0.91,15.0,0.0389,0.081,0.007,0.291,,0.103,0.357,,,
54.479,ROTATION_SCAN,3.4869,-1.0208,0.064,-132.65,-0.43,-1.34,15.0,0.0362,0.0642,0.0084,0.291,,0.103,0.366,,,
54.528,ROTATION_SCAN,3.4887,-1.02,0.064,-131.66,-0.67,-2.15,15.0,0.0309,0.0401,0.0155,0.302,,0.12,0.366,,,
54.61,ROTATION_SCAN,3.4896,-1.0203,0.068,-130.72,-0.57,-2.32,15.0,0.02,0.0109,0.0182,0.302,,0.12,0.375,,,
54.629,ROTATION_SCAN,3.4891,-1.0224,0.068,-129.68,-0.25,-1.84,15.0,0.0033,-0.0214,0.0212,0.311,,0.128,0.375,,,
54.686,ROTATION_SCAN,3.4885,-1.0256,0.066,-128.66,-0.26,-1.28,15.0,-0.007,-0.0422,0.0071,0.311,,0.128,0.391,,,
54.729,ROTATION_SCAN,3.4859,-1.0306,0.066,-127.68,-0.06,-0.81,15.0,-0.0224,-0.0699,-0.0047,0.324,,0.122,0.391,,,
54.779,ROTATION_SCAN,3.484,-1.0356,0.066,-126.81,0.2,-0.23,15.0,-0.0295,-0.0809,-0.0103,0.324,,0.122,0.408,,,
54.828,ROTATION_SCAN,3.4816,-1.04,0.066,-126.13,0.01,0.44,15.0,-0.0355,-0.0854,0.0008,0.327,,0.101,0.408,,,
54.878,ROTATION_SCAN,3.48,-1.0454,0.066,-125.6,0.41,1.03,15.0,-0.0318,-0.0841,-0.0083,0.327,,0.101,0.428,,,
54.932,ROTATION_SCAN,3.4787,-1.0493,0.066,-124.88,0.67,1.2,15.0,-0.0288,-0.0729,-0.0104,0.33,,0.112,0.428,,,
54.99,ROTATION_SCAN,3.4774,-1.0528,0.068,-124.01,0.86,1.16,15.0,-0.0284,-0.0612,-0.0096,0.33,,0.112,0.424,,,
55.029,ROTATION_SCAN,3.4749,-1.0557,0.068,-123.2,0.67,1.63,15.0,-0.0323,-0.0471,0.0011,0.337,,0.112,0.424,,,
55.079,ROTATION_SCAN,3.4732,-1.0569,0.067,-122.53,0.49,1.82,15.0,-0.0295,-0.0273,0.0089,0.337,,0.112,0.376,,,
55.128,ROTATION_SCAN,3.4718,-1.0568,0.067,-121.98,0.26,1.7,15.0,-0.0241,-0.0057,0.0013,0.347,,0.098,0.376,,,
55.192,ROTATION_SCAN,3.4714,-1.0544,0.064,-121.46,0.4,1.75,15.0,-0.0148,0.019,-0.0001,0.347,,0.098,0.343,,,
55.254,ROTATION_SCAN,3.4712,-1.052,0.064,-120.92,0.52,1.09,15.0,-0.0097,0.0378,-0.0084,0.355,,,0.343,,,
55.281,ROTATION_SCAN,3.4707,-1.0487,0.063,-120.52,0.49,0.78,15.0,-0.009,0.054,-0.0099,0.355,,,0.325,,,
55.351,ROTATION_SCAN,3.4699,-1.0457,0.063,-120.04,0.4,0.84,15.0,-0.0103,0.065,-0.001,0.361,,0.118,0.325,,,
55.388,ROTATION_SCAN,3.4695,-1.0419,0.066,-119.55,0.25,0.51,15.0,-0.0093,0.0741,0.0019,0.361,,0.118,0.32,,,
55.429,ROTATION_SCAN,3.4698,-1.0366,0.066,-118.82,0.03,-0.07,15.0,-0.0064,0.0838,0.0068,0.373,,0.129,0.32,,,
55.478,ROTATION_SCAN,3.4695,-1.033,0.067,-118.06,-0.1,-0.73,15.0,-0.0074,0.0774,0.0073,0.373,,0.129,0.309,,,
55.565,ROTATION_SCAN,3.4691,-1.0298,0.067,-117.27,-0.17,-0.9,15.0,-0.0092,0.0676,0.0076,0.383,,0.142,0.309,,,
55.578,ROTATION_SCAN,3.4673,-1.0267,0.066,-116.64,-0.28,-0.92,15.0,-0.0181,0.0581,0.0138,0.383,,0.142,0.293,,,
55.635,ROTATION_SCAN,3.4656,-1.0245,0.066,-116.2,-0.7,-1.03,15.0,-0.0224,0.0441,0.0059,0.396,,0.15,0.293,,,
55.678,ROTATION_SCAN,3.4638,-1.0228,0.068,-115.89,-0.5,-1.28,15.0,-0.0261,0.0282,0.0034,0.396,,0.15,0.275,,,
55.73,ROTATION_SCAN,3.461,-1.0208,0.068,-115.62,-0.76,-0.93,15.0,-0.035,0.0121,0.012,0.398,,0.157,0.275,,,
55.779,ROTATION_SCAN,3.4592,-1.0219,0.071,-115.35,-0.68,-0.68,15.0,-0.0331,-0.0053,-0.0008,0.398,,0.157,0.269,,,
55.83,ROTATION_SCAN,3.4569,-1.0224,0.071,-114.92,-0.37,-0.75,15.0,-0.0361,-0.0203,0.0104,0.398,,0.16,0.269,,,
55.92,ROTATION_SCAN,3.4554,-1.0249,0.07,-114.39,-0.59,-0.05,15.0,-0.0334,-0.0312,0.0105,0.398,,0.16,0.256,,,
55.931,ROTATION_SCAN,3.4538,-1.0271,0.07,-113.62,-0.67,-0.05,15.0,-0.0288,-0.0375,-0.0041,0.404,,0.158,0.256,,,
55.985,ROTATION_SCAN,3.4525,-1.0293,0.073,-112.65,-0.9,-0.13,15.0,-0.0229,-0.0425,0.0065,0.404,,0.158,0.242,,,
56.028,ROTATION_SCAN,3.4517,-1.032,0.073,-111.72,-0.57,0.57,15.0,-0.0154,-0.046,0.0052,0.424,,0.165,0.242,,,
56.078,ROTATION_SCAN,3.451,-1.0343,0.07,-110.7,-0.76,0.78,15.0,-0.0092,-0.0429,-0.0055,0.424,,0.165,0.228,,,
56.13,ROTATION_SCAN,3.4507,-1.0359,0.07,-109.66,-0.97,0.36,15.0,-0.0001,-0.0369,-0.005,0.449,,0.172,0.228,,,
56.182,ROTATION_SCAN,3.4509,-1.0376,0.069,-108.64,-0.86,0.3,15.0,0.0086,-0.0366,0.0051,0.449,,0.172,0.22,,,
56.242,ROTATION_SCAN,3.4517,-1.0394,0.069,-107.56,-0.99,0.17,15.0,0.0174,-0.0353,-0.0026,0.479,,0.18,0.22,,,
56.279,ROTATION_SCAN,3.4535,-1.041,0.066,-106.41,-0.89,-0.11,15.0,0.0292,-0.0359,0.002,0.479,,0.18,0.215,,,
56.337,ROTATION_SCAN,3.4549,-1.0429,0.066,-105.33,-0.83,0.41,15.0,0.0359,-0.0378,-0.0049,0.529,,0.188,0.215,,,
56.392,ROTATION_SCAN,3.4568,-1.0446,0.071,-104.45,-0.28,0.94,15.0,0.0423,-0.0333,0.0021,0.529,,0.188,0.208,,,
56.433,ROTATION_SCAN,3.4597,-1.0463,0.071,-103.74,-0.44,1.27,15.0,0.0494,-0.0257,0.0064,0.586,,0.194,0.208,,,
56.478,ROTATION_SCAN,3.4618,-1.0469,0.073,-103.04,-0.1,0.78,15.0,0.0527,-0.0141,-0.0061,0.586,,0.194,0.218,,,
56.558,ROTATION_SCAN,3.4649,-1.0472,0.073,-102.44,0.31,0.83,15.0,0.0552,-0.0064,-0.0027,0.649,,0.205,0.218,,,
56.581,ROTATION_SCAN,3.4679,-1.0462,0.069,-101.95,0.38,0.59,15.0,0.0552,0.0048,-0.0029,0.649,,0.205,0.218,,,
56.633,ROTATION_SCAN,3.4709,-1.0458,0.069,-101.48,0.98,0.69,15.0,0.0528,0.0108,-0.0075,0.677,,0.214,0.218,,,
56.679,ROTATION_SCAN,3.4725,-1.0441,0.069,-100.98,1.26,0.31,15.0,0.0407,0.0225,-0.0058,0.677,,0.214,0.221,,,
56.729,ROTATION_SCAN,3.4718,-1.0441,0.069,-100.41,1.49,0.2,15.0,0.019,0.0262,-0.0041,0.708,,0.225,0.221,,,
56.779,ROTATION_SCAN,3.4692,-1.0437,0.069,-99.66,1.15,0.02,15.0,-0.0069,0.0302,0.0047,0.708,,0.225,0.221,,,
56.829,ROTATION_SCAN,3.465,-1.0436,0.069,-98.81,0.6,-0.14,15.0,-0.0303,0.0302,0.0152,,,0.245,0.221,,,
56.889,ROTATION_SCAN,3.4613,-1.0434,0.07,-97.83,0.4,-0.05,15.0,-0.0432,0.0281,0.0094,,,0.245,0.213,,,
56.944,ROTATION_SCAN,3.4573,-1.0426,0.07,-96.86,0.02,-0.25,15.0,-0.0533,0.0265,0.0117,,,0.286,0.213,,,
56.979,ROTATION_SCAN,3.4523,-1.0413,0.077,-95.93,-0.39,-0.38,15.0,-0.064,0.0233,0.0091,,,0.286,0.206,,,
57.028,ROTATION_SCAN,3.4481,-1.0405,0.077,-95.0,-0.9,-0.43,15.0,-0.0643,0.0178,0.0232,,,0.328,0.206,,,
57.079,ROTATION_SCAN,3.4448,-1.0402,0.078,-94.22,-1.38,-0.24,15.0,-0.0583,0.0113,0.0214,,,0.328,0.199,,,
57.128,ROTATION_SCAN,3.4418,-1.0399,0.078,-93.54,-2.35,-0.64,15.0,-0.0436,0.0056,0.0283,2.239,,0.37,0.199,,,
57.203,ROTATION_SCAN,3.4405,-1.0401,0.077,-92.98,-2.15,-0.92,15.0,-0.0222,-0.0022,0.0151,2.239,,0.37,0.192,,,
57.235,ROTATION_SCAN,3.4414,-1.0416,0.077,-92.52,-2.07,-0.46,15.0,0.0019,-0.0163,0.0023,2.346,,0.415,0.192,,,
57.283,ROTATION_SCAN,3.4441,-1.0436,0.077,-91.94,-1.61,-0.01,15.0,0.0283,-0.0288,0.0113,2.346,,0.415,0.192,,,
57.345,ROTATION_SCAN,3.4477,-1.0458,0.077,-91.24,-1.36,0.33,15.0,0.0496,-0.0344,0.0017,2.412,,,0.192,,,
57.377,ROTATION_SCAN,3.451,-1.0476,0.08,-90.39,-1.22,0.96,15.0,0.0629,-0.0294,-0.0014,2.412,,,0.195,,,
57.428,ROTATION_SCAN,3.4551,-1.049,0.08,-89.46,-1.52,0.87,-0.0,0.0779,-0.0206,0.0085,2.47,,,0.195,,,
57.477,ROTATION_SCAN,3.4599,-1.0498,0.079,-88.75,-0.34,1.12,-0.0,0.0904,-0.0147,-0.0096,2.47,,,0.198,,,
57.551,ROTATION_SCAN,3.4651,-1.0504,0.079,-88.44,0.95,0.5,-0.0,0.09,-0.0075,-0.0161,2.479,,1.691,0.198,,,
57.586,ROTATION_SCAN,3.4697,-1.0498,0.075,-88.26,1.73,0.61,-0.0,0.0808,0.0014,-0.0166,2.479,,1.691,0.204,,,
57.629,ROTATION_SCAN,3.4714,-1.0502,0.075,-88.13,2.22,0.52,-0.0,0.0559,0.0058,-0.0208,2.47,,1.718,0.204,,,
57.688,ROTATION_SCAN,3.472,-1.0493,0.077,-88.05,2.09,0.5,-0.0,0.028,0.0119,-0.0077,2.47,,1.718,0.21,,,
57.729,ROTATION_SCAN,3.4699,-1.0498,0.077,-88.16,1.81,0.29,-0.0,-0.0041,0.0154,0.0068,2.475,,1.722,0.21,,,
57.778,ROTATION_SCAN,3.4664,-1.0493,0.077,-88.06,0.81,0.04,-0.0,-0.0297,0.0162,0.0116,2.475,,1.722,0.209,,,
57.858,ROTATION_SCAN,3.4614,-1.0482,0.077,-87.91,0.33,-0.0,-0.0,-0.0505,0.0182,0.0278,2.472,,1.706,0.209,,,
57.891,ROTATION_SCAN,3.4579,-1.0482,0.082,-87.67,-0.09,-0.36,-0.0,-0.0565,0.0147,0.0376,2.472,,1.706,0.202,,,
57.93,ROTATION_SCAN,3.4545,-1.047,0.082,-87.38,-0.51,-0.14,-0.0,-0.0571,0.0131,0.0522,2.468,,1.716,0.202,,,
57.98,ROTATION_SCAN,3.4515,-1.0467,0.093,-87.23,-0.61,0.0,-0.0,-0.0542,0.0124,0.0605,2.468,,1.716,0.199,,,
58.028,ROTATION_SCAN,3.4491,-1.0457,0.093,-86.94,-1.53,-0.19,-0.0,-0.0451,0.0131,0.0858,2.474,,1.732,0.199,,,
58.077,ROTATION_SCAN,3.4471,-1.0451,0.092,-86.56,-2.1,-0.44,-0.0,-0.0295,0.0119,0.0841,2.474,,1.732,0.193,,,
58.128,ROTATION_SCAN,3.4463,-1.0446,0.092,-86.18,-2.35,-0.66,-0.0,-0.0087,0.0094,0.0793,2.481,,1.744,0.193,,,
58.238,ROTATION_SCAN,3.4478,-1.0449,0.103,-85.88,-1.67,-0.62,-0.0,0.0184,0.0063,0.1045,2.481,,1.744,0.192,,,
58.295,ROTATION_SCAN,3.4501,-1.045,0.103,-85.58,-0.88,-0.07,-0.0,0.037,0.0086,0.0999,2.476,,1.759,0.192,,,
58.333,ROTATION_SCAN,3.4526,-1.0448,0.118,-85.34,-0.57,-0.02,-0.0,0.0462,0.0084,0.1054,2.476,,1.759,0.198,,,
58.345,ROTATION_SCAN,3.4552,-1.0444,0.118,-85.09,-0.26,0.06,-0.0,0.0509,0.0081,0.1164,2.476,,1.765,0.198,,,
58.385,ROTATION_SCAN,3.4583,-1.0443,0.131,-84.94,0.45,0.14,-0.0,0.0518,0.0065,0.1025,2.476,,1.765,0.207,,,
58.429,ROTATION_SCAN,3.4612,-1.0441,0.131,-85.04,0.44,-0.25,-0.0,0.0506,0.0062,0.1176,2.486,,1.752,0.207,,,
58.477,ROTATION_SCAN,3.4641,-1.0443,0.141,-85.25,0.84,-0.26,-0.0,0.0488,0.0015,0.1133,2.486,,1.752,0.218,,,
58.528,ROTATION_SCAN,3.4675,-1.0457,0.141,-85.49,1.39,-0.19,-0.0,0.0452,-0.006,0.1166,2.487,,1.759,0.218,,,
58.593,ROTATION_SCAN,3.4693,-1.0468,0.153,-85.59,1.38,0.02,-0.0,0.0316,-0.0107,0.1256,2.487,,1.759,0.237,,,
58.648,ROTATION_SCAN,3.4704,-1.0483,0.153,-85.73,1.26,0.08,-0.0,0.0198,-0.0146,0.1245,2.486,,1.747,0.237,,,
58.68,ROTATION_SCAN,3.4715,-1.0507,0.169,-85.84,1.34,0.42,-0.0,0.011,-0.0172,0.1228,2.486,,1.747,0.272,,,
58.731,ROTATION_SCAN,3.4725,-1.0515,0.169,-86.14,1.14,0.13,-0.0,0.002,-0.0153,0.136,2.485,,1.75,0.272,,,
58.778,ROTATION_SCAN,3.4723,-1.0499,0.179,-86.59,0.39,0.15,-0.0,-0.0066,-0.0089,0.1451,2.485,,1.75,,,,
58.829,ROTATION_SCAN,3.4753,-1.0481,0.179,-87.11,0.21,0.42,-0.0,0.0036,-0.0013,0.1378,2.488,,1.761,,,,
58.878,ROTATION_SCAN,3.4754,-1.0459,0.19,-87.5,0.29,0.37,-0.0,0.0015,0.0079,0.1554,2.488,,1.761,1.386,,,
58.936,ROTATION_SCAN,3.4753,-1.0425,0.19,-87.92,0.36,0.17,-0.0,-0.0031,0.0183,0.15,2.48,,1.751,1.386,,,
58.985,ROTATION_SCAN,3.4736,-1.0418,0.206,-88.24,0.09,0.14,-0.0,-0.0098,0.0187,0.1399,2.48,,1.751,1.419,,,
59.037,ROTATION_SCAN,3.4737,-1.0398,0.206,-88.54,0.2,0.05,-0.0,-0.0098,0.0223,0.158,2.487,,1.745,1.419,,,
59.092,ROTATION_SCAN,3.4614,-1.0442,0.223,-89.01,-0.38,0.11,-0.0,-0.0479,0.009,0.1852,2.487,,1.745,1.434,,,
59.141,ROTATION_SCAN,3.4604,-1.0427,0.223,-89.46,-0.32,-0.5,-0.0,-0.0411,0.0108,0.1884,2.49,1.9,1.759,1.434,,,
59.188,ROTATION_SCAN,3.461,-1.0412,0.249,-89.59,-1.25,0.14,-0.0,-0.0273,0.0105,0.2083,2.49,1.9,1.759,1.439,,,
59.228,ROTATION_SCAN,3.4667,-1.0405,0.249,-89.45,-1.74,0.17,-0.0,0.0056,0.013,0.2237,2.492,1.917,1.752,1.439,,,
59.279,ROTATION_SCAN,3.4688,-1.0298,0.269,-89.0,-1.89,0.32,-0.0,0.0246,0.044,0.2131,2.492,1.917,1.752,1.437,,,
59.342,ROTATION_SCAN,3.4746,-1.0284,0.269,-88.55,-0.74,0.05,-0.0,0.0495,0.0433,0.2054,2.495,1.958,1.745,1.437,,,
59.379,ROTATION_SCAN,3.4793,-1.026,0.292,-88.0,0.14,-0.2,-0.0,0.0571,0.0438,0.178,2.495,1.958,1.745,1.437,,,
59.432,ROTATION_SCAN,3.4836,-1.0252,0.292,-87.54,0.29,-0.62,-0.0,0.0598,0.0365,0.1782,2.489,1.984,1.737,1.437,,,
59.478,ROTATION_SCAN,3.4891,-1.0243,0.304,-87.3,0.51,-0.66,-0.0,0.0638,0.0288,0.1505,2.489,1.984,1.737,1.442,,,
59.528,ROTATION_SCAN,3.494,-1.0238,0.304,-87.32,0.56,-0.67,-0.0,0.0641,0.0211,0.1371,2.496,2.03,1.715,1.442,,,
59.578,ROTATION_SCAN,3.499,-1.0234,0.319,-87.46,1.06,-0.59,-0.0,0.063,0.0146,0.1206,2.496,2.03,1.715,1.455,,,
59.629,ROTATION_SCAN,3.5033,-1.0238,0.319,-87.46,1.39,-0.46,-0.0,0.0564,0.0076,0.1087,2.494,,1.717,1.455,,,
59.715,ROTATION_SCAN,3.507,-1.0244,0.333,-87.31,1.47,-0.33,-0.0,0.0478,0.0018,0.0952,2.494,,1.717,1.466,,,
59.765,ROTATION_SCAN,3.5102,-1.024,0.333,-87.12,1.46,-0.2,-0.0,0.0381,-0.0,0.0915,2.485,,1.707,1.466,,,
59.777,ROTATION_SCAN,3.5131,-1.0243,0.336,-86.95,1.26,-0.3,15.0,0.0298,-0.0028,0.0645,2.485,,1.707,1.468,,,
59.828,ROTATION_SCAN,3.5135,-1.0251,0.336,-86.78,1.12,-0.24,15.0,0.0182,-0.0072,0.0499,2.489,,1.7,1.468,,,
59.877,ROTATION_SCAN,3.5142,-1.0276,0.34,-86.63,0.77,-0.02,15.0,0.0102,-0.0129,0.0394,2.489,,1.7,1.469,,,
59.928,ROTATION_SCAN,3.5135,-1.028,0.34,-86.4,0.75,0.02,15.0,0.0014,-0.0127,0.0287,2.491,,1.698,1.469,,,
59.977,ROTATION_SCAN,3.5136,-1.0295,0.344,-86.07,0.73,0.15,15.0,-0.0045,-0.0139,0.0206,2.491,,1.698,1.482,,,
60.031,ROTATION_SCAN,3.5119,-1.0324,0.344,-85.66,0.61,0.38,15.0,-0.0131,-0.0168,0.0139,2.487,,1.702,1.482,,,
60.088,ROTATION_SCAN,3.5134,-1.0364,0.345,-85.16,0.3,0.51,15.0,-0.0132,-0.0191,0.0112,2.487,,1.702,1.472,,,
60.133,ROTATION_SCAN,3.5115,-1.0381,0.345,-84.63,0.21,0.78,15.0,-0.0173,-0.0159,0.0015,2.479,,1.716,1.472,,,
60.181,ROTATION_SCAN,3.5111,-1.0413,0.344,-84.02,0.05,0.93,15.0,-0.0185,-0.0136,-0.0072,2.479,,1.716,1.469,,,
60.227,ROTATION_SCAN,3.5073,-1.0401,0.344,-83.36,-0.06,1.03,15.0,-0.025,-0.0023,-0.0127,2.483,,1.71,1.469,,,
60.277,ROTATION_SCAN,3.5056,-1.0405,0.344,-82.59,-0.25,0.98,15.0,-0.0259,0.0056,-0.0152,2.483,,1.71,1.471,,,
60.327,ROTATION_SCAN,3.5038,-1.0397,0.344,-81.8,-0.45,0.73,15.0,-0.0248,0.0141,-0.016,2.487,,1.716,1.471,,,
60.383,ROTATION_SCAN,3.5014,-1.0368,0.336,-80.98,-0.53,0.48,15.0,-0.024,0.0235,-0.0214,2.487,,1.716,1.472,,,
60.437,ROTATION_SCAN,3.4996,-1.0343,0.336,-80.18,-0.53,0.19,15.0,-0.0211,0.0297,-0.0364,2.482,,1.72,1.472,,,
60.478,ROTATION_SCAN,3.4991,-1.0313,0.335,-79.34,-0.49,0.02,15.0,-0.0162,0.0338,-0.0295,2.482,,1.72,1.469,,,
60.535,ROTATION_SCAN,3.5039,-1.0296,0.335,-78.47,-0.36,-0.12,15.0,-0.0027,0.0337,-0.0278,2.485,,1.737,1.469,,,
60.577,ROTATION_SCAN,3.5028,-1.027,0.334,-77.66,-0.26,-0.21,15.0,-0.0015,0.0349,-0.0178,2.485,,1.737,1.483,,,
60.628,ROTATION_SCAN,3.5052,-1.0255,0.334,-76.87,-0.07,-0.41,15.0,0.0049,0.0326,-0.0193,2.504,,1.761,1.483,,,
60.677,ROTATION_SCAN,3.5065,-1.0257,0.331,-76.12,-0.05,-0.57,15.0,0.0082,0.0253,-0.021,2.504,,1.761,1.48,,,
60.74,ROTATION_SCAN,3.5084,-1.0273,0.331,-75.42,0.26,-0.5,15.0,0.0116,0.016,-0.0235,2.499,,,1.48,,,
60.794,ROTATION_SCAN,3.5084,-1.0315,0.332,-74.72,0.25,-0.5,15.0,0.0094,0.0027,-0.0195,2.499,,,1.495,,,
60.838,ROTATION_SCAN,3.5105,-1.0353,0.332,-73.99,0.05,-0.37,15.0,0.0118,-0.0082,-0.0151,2.505,,,1.495,,,
60.886,ROTATION_SCAN,3.514,-1.0441,0.332,-73.24,0.05,-0.2,15.0,0.0174,-0.0251,-0.0127,2.505,,,1.504,,,
60.93,ROTATION_SCAN,3.5161,-1.0464,0.332,-72.48,0.07,0.26,15.0,0.0189,-0.0274,-0.0113,2.52,,,1.504,,,
60.981,ROTATION_SCAN,3.517,-1.0504,0.326,-71.7,0.07,0.77,15.0,0.0175,-0.0285,-0.0103,2.52,,,1.507,,,
61.028,ROTATION_SCAN,3.5193,-1.0541,0.326,-71.0,0.25,1.02,15.0,0.0164,-0.0262,-0.0276,2.537,,,1.507,,,
61.077,ROTATION_SCAN,3.5213,-1.0555,0.326,-70.3,0.32,1.27,15.0,0.0133,-0.0184,-0.0237,2.537,,,1.506,,,
61.147,ROTATION_SCAN,3.5218,-1.0572,0.326,-69.59,0.34,1.37,15.0,0.0067,-0.0105,-0.0233,2.547,0.525,,1.506,,,
61.18,ROTATION_SCAN,3.5223,-1.0585,0.327,-68.91,0.38,1.42,15.0,0.0003,-0.0025,-0.028,2.547,0.525,,1.523,,,
61.231,ROTATION_SCAN,3.5217,-1.0629,0.327,-68.23,0.34,1.51,15.0,-0.0079,0.0004,-0.0183,2.558,0.501,,1.523,,,
61.277,ROTATION_SCAN,3.5201,-1.0614,0.321,-67.53,0.16,1.47,15.0,-0.0169,0.0137,-0.0144,2.558,0.501,,1.54,,,
61.328,ROTATION_SCAN,3.5171,-1.0596,0.321,-66.85,-0.03,1.33,15.0,-0.0255,0.0261,-0.023,2.579,0.476,,1.54,,,
61.377,ROTATION_SCAN,3.5152,-1.0556,0.32,-66.11,0.02,1.16,15.0,-0.0308,0.0404,-0.023,2.579,0.476,,1.542,,,
61.435,ROTATION_SCAN,3.5141,-1.0525,0.32,-65.25,0.11,0.89,15.0,-0.0341,0.0498,-0.0242,2.596,0.438,,1.542,,,
61.5,ROTATION_SCAN,3.5122,-1.0497,0.318,-64.13,-0.09,0.61,15.0,-0.0374,0.0562,-0.0303,2.596,0.438,,1.544,,,
61.555,ROTATION_SCAN,3.5115,-1.0466,0.318,-62.84,-0.24,0.23,15.0,-0.0359,0.0603,-0.0227,2.626,0.4,,1.544,,,
61.58,ROTATION_SCAN,3.5087,-1.0428,0.314,-61.65,-0.28,-0.05,15.0,-0.0359,0.0637,-0.0247,2.626,0.4,,1.543,,,
61.631,ROTATION_SCAN,3.5091,-1.0404,0.314,-60.75,-0.35,-0.35,15.0,-0.0293,0.062,-0.0193,2.667,0.37,,1.543,,,
61.676,ROTATION_SCAN,3.5086,-1.0378,0.315,-60.16,-0.43,-0.63,15.0,-0.0227,0.0594,0.0012,2.667,0.37,,1.555,,,
61.727,ROTATION_SCAN,3.5076,-1.034,0.315,-59.69,-0.44,-0.86,15.0,-0.0164,0.0575,-0.0001,2.674,0.359,,1.555,,,
61.776,ROTATION_SCAN,3.5089,-1.0298,0.313,-59.19,-0.37,-0.94,15.0,-0.0058,0.0556,-0.0129,2.674,0.359,,1.554,,,
61.865,ROTATION_SCAN,3.5107,-1.0271,0.313,-58.56,-0.33,-0.93,15.0,0.0051,0.0503,-0.0073,2.745,0.354,,1.554,,,
61.886,ROTATION_SCAN,3.5147,-1.0268,0.313,-57.72,0.08,-0.82,15.0,0.0177,0.0402,-0.0023,2.745,0.354,,1.581,,,
61.929,ROTATION_SCAN,3.5177,-1.0268,0.313,-56.99,0.34,-0.85,15.0,0.0241,0.0294,-0.0045,2.74,0.355,,1.581,,,
61.988,ROTATION_SCAN,3.5209,-1.0278,0.315,-56.34,0.71,-0.68,15.0,0.0286,0.0169,-0.0005,2.74,0.355,,,,,
62.027,ROTATION_SCAN,3.524,-1.0289,0.315,-55.73,0.86,-0.45,15.0,0.0294,0.0054,0.0022,2.774,0.354,,,,,
62.077,ROTATION_SCAN,3.5263,-1.0318,0.316,-55.15,0.9,-0.11,15.0,0.0269,-0.0078,0.0004,2.774,0.354,,1.584,,,
62.128,ROTATION_SCAN,3.5302,-1.0345,0.316,-54.6,0.88,0.23,15.0,0.0263,-0.0164,-0.002,2.797,0.358,,1.584,,,
62.206,ROTATION_SCAN,3.5322,-1.0384,0.321,-54.0,0.83,0.6,15.0,0.0203,-0.0244,0.005,2.797,0.358,,,,,
62.23,ROTATION_SCAN,3.5342,-1.0417,0.321,-53.26,0.97,0.75,15.0,0.0141,-0.0286,0.003,2.815,0.356,,,,,
62.278,ROTATION_SCAN,3.5353,-1.0443,0.317,-52.32,1.03,0.96,15.0,0.0052,-0.0306,-0.0121,2.815,0.356,,,,,
62.327,ROTATION_SCAN,3.5355,-1.0474,0.317,-51.48,0.72,1.26,15.0,-0.0061,-0.0317,-0.0231,2.838,0.357,,,,,
62.377,ROTATION_SCAN,3.5349,-1.0504,0.314,-50.75,0.54,1.61,15.0,-0.0178,-0.0294,-0.0254,2.838,0.357,,,,,
62.427,ROTATION_SCAN,3.5345,-1.0558,0.314,-50.23,0.17,1.93,15.0,-0.0282,-0.0284,-0.0285,2.871,0.361,,,,,
62.491,ROTATION_SCAN,3.5326,-1.0572,0.309,-49.73,-0.03,1.88,15.0,-0.0401,-0.0167,-0.0277,2.871,0.361,,,,,
62.559,ROTATION_SCAN,3.529,-1.0598,0.309,-49.19,-0.32,1.88,15.0,-0.0527,-0.0079,-0.0321,2.896,0.363,,,,,
62.606,ROTATION_SCAN,3.525,-1.0605,0.306,-48.59,-0.6,1.73,15.0,-0.063,0.0054,-0.0363,2.896,0.363,,,,,
62.635,ROTATION_SCAN,3.5236,-1.0584,0.306,-47.95,-1.16,1.11,15.0,-0.0624,0.0228,-0.0212,,0.362,,,,,
62.686,ROTATION_SCAN,3.5192,-1.0578,0.302,-47.35,-1.5,0.56,15.0,-0.0622,0.0348,-0.0092,,0.362,,,,,
62.728,ROTATION_SCAN,3.5173,-1.0544,0.302,-46.69,-1.72,0.08,15.0,-0.0517,0.0494,-0.0061,2.924,0.361,,,,,
62.78,ROTATION_SCAN,3.5155,-1.0512,0.3,-46.0,-1.38,-0.24,15.0,-0.04,0.0594,-0.0047,2.924,0.361,,,,,
62.826,ROTATION_SCAN,3.5165,-1.0473,0.3,-45.36,-1.2,-0.3,15.0,-0.0236,0.0665,-0.007,2.969,0.368,,,,,
62.877,ROTATION_SCAN,3.518,-1.0433,0.304,-44.65,-0.92,-0.38,15.0,-0.0095,0.0716,0.0009,2.969,0.368,,,,,
62.929,ROTATION_SCAN,3.5195,-1.0395,0.304,-43.84,-0.61,-0.37,15.0,0.0021,0.0738,0.0107,,0.363,,,,,
62.977,ROTATION_SCAN,3.5213,-1.0358,0.304,-42.71,-0.16,-0.37,15.0,0.0105,0.0738,0.0114,,0.363,,,,,
63.037,ROTATION_SCAN,3.5244,-1.0324,0.304,-41.5,0.25,-0.37,15.0,0.0186,0.0703,0.0107,,0.371,,,,,
63.086,ROTATION_SCAN,3.5274,-1.0295,0.301,-40.3,0.84,-0.43,15.0,0.0234,0.0631,0.0065,,0.371,,,,,
63.127,ROTATION_SCAN,3.5298,-1.027,0.301,-39.19,0.96,-0.24,15.0,0.0241,0.0537,0.0009,,0.378,,,,,
63.177,ROTATION_SCAN,3.5322,-1.0258,0.303,-38.14,1.37,-0.12,15.0,0.0227,0.0417,0.0136,,0.378,,1.171,,,
63.269,ROTATION_SCAN,3.5339,-1.0239,0.303,-37.19,1.75,0.03,15.0,0.017,0.0314,0.008,,0.386,,1.171,,,
63.297,ROTATION_SCAN,3.5354,-1.0241,0.31,-36.3,1.79,0.29,15.0,0.0093,0.0159,0.0142,,0.386,,1.171,,,
63.328,ROTATION_SCAN,3.5363,-1.0251,0.31,-35.52,1.77,0.8,15.0,-0.0013,0.0026,0.0178,,0.398,,1.171,,,
63.376,ROTATION_SCAN,3.537,-1.0266,0.311,-34.83,1.53,1.05,15.0,-0.0129,-0.0078,0.0021,,0.398,,1.175,,,
63.427,ROTATION_SCAN,3.5346,-1.0304,0.311,-34.13,1.26,1.13,15.0,-0.0311,-0.0204,0.0074,,0.414,,1.175,,,
63.477,ROTATION_SCAN,3.5311,-1.0297,0.309,-33.44,1.09,0.98,15.0,-0.0483,-0.0202,0.0004,,0.414,,1.178,,,
63.527,ROTATION_SCAN,3.528,-1.0314,0.309,-32.86,0.71,0.79,15.0,-0.0599,-0.0246,-0.0002,,0.424,,1.167,,,
63.615,ROTATION_SCAN,3.5236,-1.0337,0.311,-32.29,0.1,0.68,15.0,-0.0709,-0.0267,0.0039,,0.424,,1.167,,,
63.63,ROTATION_SCAN,3.5203,-1.0363,0.311,-31.71,-0.4,0.23,15.0,-0.073,-0.0263,0.0061,,0.439,,1.167,,,
63.676,ROTATION_SCAN,3.5155,-1.0394,0.316,-31.07,-0.64,0.11,15.0,-0.0748,-0.0261,0.0071,,0.439,,1.167,,,
63.733,ROTATION_SCAN,3.5119,-1.0406,0.316,-30.42,-0.87,-0.01,15.0,-0.0717,-0.021,0.0085,,0.451,,1.167,,,
63.777,ROTATION_SCAN,3.5085,-1.042,0.313,-29.72,-1.15,-0.18,15.0,-0.0671,-0.0151,-0.0074,,0.451,,1.167,,,
63.828,ROTATION_SCAN,3.5057,-1.0424,0.313,-28.91,-1.3,-0.51,15.0,-0.0587,-0.0071,-0.009,,0.462,,1.17,,,
63.877,ROTATION_SCAN,3.5024,-1.0432,0.312,-28.06,-1.51,-0.42,15.0,-0.0511,-0.0004,-0.0093,,0.462,,1.17,,,
63.938,ROTATION_SCAN,3.5,-1.0417,0.312,-27.25,-1.79,-0.48,15.0,-0.0409,0.014,-0.007,,0.473,,1.17,,,
63.993,ROTATION_SCAN,3.4988,-1.0387,0.306,-26.44,-1.37,-0.54,15.0,-0.029,0.0302,-0.012,,0.473,,1.193,,,
64.032,ROTATION_SCAN,3.4996,-1.0364,0.306,-25.48,-0.96,-0.6,15.0,-0.0152,0.0384,-0.0267,,0.481,,1.193,,,
64.081,ROTATION_SCAN,3.5007,-1.0334,0.305,-24.49,-0.79,-0.5,15.0,-0.0034,0.0452,-0.0168,,0.481,,1.227,,,
64.127,ROTATION_SCAN,3.501,-1.0299,0.305,-23.67,-0.71,-0.24,15.0,0.0034,0.0535,-0.0135,,0.494,,1.227,,,
64.18,ROTATION_SCAN,3.5031,-1.0276,0.305,-23.12,-0.32,-0.34,15.0,0.012,0.0564,-0.0029,,0.494,,1.264,,,
64.228,ROTATION_SCAN,3.5038,-1.0254,0.305,-22.47,0.18,-0.24,15.0,0.0146,0.0538,-0.0114,,0.501,2.227,1.264,,,
64.287,ROTATION_SCAN,3.5036,-1.0227,0.304,-21.76,0.69,-0.37,15.0,0.0131,0.0491,-0.0323,,0.501,2.227,1.311,,,
64.331,ROTATION_SCAN,3.504,-1.0208,0.304,-21.03,0.82,-0.19,15.0,0.0122,0.0406,-0.0182,,0.519,,1.311,,,
64.39,ROTATION_SCAN,3.5052,-1.0194,0.301,-20.4,0.71,-0.06,15.0,0.0122,0.0326,-0.019,,0.519,,1.356,,,
64.426,ROTATION_SCAN,3.5067,-1.0181,0.301,-19.77,0.5,0.01,15.0,0.0129,0.0271,-0.0132,,0.533,,1.356,,,
64.476,ROTATION_SCAN,3.5057,-1.0181,0.302,-18.9,0.32,0.07,15.0,0.0077,0.0209,-0.0048,,0.533,,1.403,,,
64.527,ROTATION_SCAN,3.5069,-1.0177,0.302,-17.81,0.61,0.34,15.0,0.0064,0.0157,0.0053,,0.568,,1.403,,,
64.576,ROTATION_SCAN,3.5074,-1.0188,0.302,-16.74,0.83,0.29,15.0,0.0022,0.006,0.0111,,0.568,,1.489,,,
64.663,ROTATION_SCAN,3.5064,-1.0234,0.302,-15.86,1.02,0.17,15.0,-0.0043,-0.0135,0.0049,,,,1.489,,,
64.687,ROTATION_SCAN,3.507,-1.0238,0.306,-15.15,0.83,0.18,15.0,-0.0056,-0.0194,0.0076,,,,1.588,,,
64.727,ROTATION_SCAN,3.5016,-1.0336,0.306,-14.4,0.63,0.24,15.0,-0.0208,-0.0459,0.0171,,,,1.588,,,
64.777,ROTATION_SCAN,3.4986,-1.036,0.307,-13.71,0.28,0.14,15.0,-0.0278,-0.0495,0.0111,,,,1.668,,,
64.826,ROTATION_SCAN,3.4964,-1.039,0.307,-13.13,0.03,0.14,15.0,-0.0313,-0.0515,0.0124,,2.046,,1.668,,,
64.877,ROTATION_SCAN,3.4941,-1.0406,0.308,-12.68,-0.12,0.06,15.0,-0.0333,-0.0488,0.0073,,2.046,,,,,
64.926,ROTATION_SCAN,3.4935,-1.0434,0.308,-12.34,-0.33,-0.33,15.0,-0.029,-0.0479,0.008,,2.202,,,,,
64.993,ROTATION_SCAN,3.4916,-1.0442,0.313,-12.11,-0.57,-0.57,15.0,-0.0253,-0.0418,0.0097,,2.202,,,,,
65.025,ROTATION_SCAN,3.49,-1.0478,0.313,-11.96,-0.99,-0.43,15.0,-0.0205,-0.0394,0.0095,,2.258,,,,,
65.078,ROTATION_SCAN,3.4898,-1.0515,0.309,-11.8,-1.24,-0.41,15.0,-0.014,-0.0348,0.005,,2.258,,2.339,,,
65.126,ROTATION_SCAN,3.4874,-1.0506,0.309,-11.56,-1.33,-1.16,15.0,-0.0085,-0.0194,0.0029,,,,2.339,,,
65.177,ROTATION_SCAN,3.4875,-1.0517,0.309,-11.25,-1.69,-1.25,15.0,0.0056,-0.0094,0.0021,,,,,,,
65.226,ROTATION_SCAN,3.4905,-1.0514,0.309,-10.82,-2.02,-0.83,15.0,0.0226,0.0066,0.0012,,2.258,,,,,
65.278,ROTATION_SCAN,3.4922,-1.0484,0.308,-10.13,-1.56,-1.04,15.0,0.0345,0.0264,-0.0016,,2.258,,2.431,,,
65.332,ROTATION_SCAN,3.4936,-1.0441,0.308,-9.24,-1.37,-0.49,15.0,0.0422,0.045,-0.0034,,2.166,,2.431,,,
65.384,ROTATION_SCAN,3.4988,-1.0399,0.301,-8.17,-1.28,0.17,15.0,0.0514,0.0599,-0.0013,,2.166,,,,,
65.429,ROTATION_SCAN,3.5023,-1.0366,0.301,-7.17,-0.92,0.33,15.0,0.0521,0.0697,-0.0153,1.781,,,,,,
65.487,ROTATION_SCAN,3.5048,-1.0322,0.304,-5.92,-0.66,0.44,15.0,0.0497,0.0785,-0.0183,1.781,,,2.503,,,
65.525,ROTATION_SCAN,3.508,-1.0281,0.304,-4.69,-0.13,0.79,15.0,0.0461,0.0821,-0.0088,,1.882,,2.503,,,
65.576,ROTATION_SCAN,3.5105,-1.0229,0.31,-3.5,0.45,0.96,15.0,0.0388,0.0836,-0.0034,,1.882,,2.551,,,
65.652,ROTATION_SCAN,3.511,-1.0183,0.31,-2.37,1.07,1.09,15.0,0.0269,0.078,0.0046,1.731,,,2.551,,,
65.688,ROTATION_SCAN,3.5129,-1.0141,0.31,-1.27,1.24,1.25,15.0,0.0179,0.0693,0.006,1.731,,,2.536,,,
65.769,NAV_TO_START,3.5122,-1.0102,0.31,-0.22,1.48,1.17,15.0,0.0044,0.0591,-0.0012,1.718,1.539,,2.536,,,
65.874,NAV_TO_START,3.5122,-1.0082,0.311,0.79,1.24,0.81,15.0,-0.004,0.0457,-0.0069,1.718,1.539,,2.534,,3.5,-0.96
65.885,NAV_TO_START,3.5115,-1.0064,0.311,1.72,0.96,0.32,-0.0,-0.0093,0.0357,0.004,1.723,,,2.534,,3.5,-0.96
65.89,NAV_TO_START,3.5076,-1.004,0.307,2.71,1.23,0.24,-0.0,-0.0193,0.027,-0.008,1.723,,,2.538,,3.5,-0.96
65.934,NAV_TO_START,3.5059,-1.0024,0.307,3.65,1.02,0.05,-0.0,-0.0221,0.018,-0.0115,1.731,1.485,,2.538,,3.5,-0.96
65.976,NAV_TO_START,3.5059,-1.0037,0.309,4.5,0.57,-0.2,-0.0,-0.0173,0.0072,-0.0146,1.731,1.485,,2.553,,3.5,-0.96
66.043,NAV_TO_START,3.5073,-1.003,0.309,5.17,-0.49,0.12,-0.0,-0.0119,0.009,-0.0051,1.736,1.468,,2.553,,3.5,-0.96
66.077,NAV_TO_START,3.5085,-1.0029,0.304,5.63,-1.25,0.0,-0.0,-0.0083,0.0169,-0.0132,1.736,1.468,,2.552,,3.5,-0.96
66.126,NAV_TO_START,3.5112,-1.0022,0.304,6.07,-1.48,0.48,-0.0,-0.0047,0.028,-0.0183,1.747,1.469,,2.552,,3.5,-0.96
66.176,NAV_TO_START,3.5119,-1.0006,0.306,6.37,-1.75,0.44,-0.0,-0.0076,0.0418,-0.0172,1.747,1.469,,2.554,,3.5,-0.96
66.226,NAV_TO_START,3.5121,-0.9973,0.306,6.57,-1.84,0.34,-0.0,-0.011,0.0591,-0.0075,1.753,1.465,,2.554,,3.5,-0.96
66.276,NAV_TO_START,3.513,-0.9916,0.299,6.64,-1.6,0.39,-0.0,-0.012,0.0787,-0.0221,1.753,1.465,,2.552,,3.5,-0.96
66.36,NAV_TO_START,3.514,-0.9859,0.299,6.53,-1.21,0.5,-0.0,-0.0135,0.0929,-0.0236,1.753,1.47,,2.552,,3.54,-0.96
66.384,NAV_TO_START,3.5142,-0.9812,0.298,6.25,-0.83,0.59,-0.0,-0.0168,0.1007,-0.0158,1.753,1.47,,2.553,,3.54,-0.96
66.427,NAV_TO_START,3.5159,-0.9763,0.298,5.94,-0.59,0.31,-0.0,-0.0155,0.1049,-0.0162,1.756,1.476,,2.553,,3.54,-0.94
66.476,NAV_TO_START,3.5158,-0.9715,0.299,5.63,-0.08,-0.54,-0.0,-0.012,0.1067,-0.0118,1.756,1.476,,2.559,,3.54,-0.94
66.526,NAV_TO_START,3.5164,-0.9672,0.299,5.34,0.18,-0.87,-0.0,-0.0029,0.1039,-0.0084,1.751,1.479,,2.559,,3.54,-0.94
66.576,NAV_TO_START,3.5177,-0.963,0.3,5.06,0.26,-1.33,-0.0,0.0101,0.1003,-0.0077,1.751,1.479,,2.586,,3.54,-0.94
66.625,NAV_TO_START,3.5201,-0.9583,0.3,4.79,0.31,-1.55,-0.0,0.0271,0.0977,-0.0009,1.757,1.495,,2.586,,3.56,-0.94
66.705,NAV_TO_START,3.5231,-0.9536,0.296,4.6,0.51,-1.72,-0.0,0.0451,0.095,-0.0026,1.757,1.495,,2.579,,3.56,-0.94
66.727,NAV_TO_START,3.5271,-0.9502,0.296,4.38,0.64,-1.56,-0.0,0.0633,0.0877,-0.0104,1.735,1.499,,2.579,,3.56,-0.94
66.78,NAV_TO_START,3.5327,-0.9479,0.298,4.27,0.74,-1.33,-0.0,0.081,0.077,-0.0091,1.735,1.499,,2.586,,3.56,-0.78
66.826,NAV_TO_START,3.5382,-0.9442,0.298,4.15,0.72,-1.26,-0.0,0.0957,0.0715,-0.0001,,1.517,,2.586,,3.56,-0.78
66.877,NAV_TO_START,3.5458,-0.9423,0.295,4.09,0.58,-0.87,-0.0,0.1116,0.0621,-0.0037,,1.517,,2.595,,3.56,-0.78
66.925,NAV_TO_START,3.552,-0.9416,0.295,4.1,-1.38,-0.07,-0.0,0.1159,0.0597,-0.0073,1.729,1.524,1.955,2.595,,3.56,-0.78
66.991,NAV_TO_START,3.558,-0.9386,0.289,4.11,-2.7,0.72,-0.0,0.1113,0.0775,-0.0122,1.729,1.524,1.955,2.6,,3.56,-0.78
67.055,NAV_TO_START,3.5642,-0.9352,0.289,4.07,-3.52,1.27,-0.0,0.1022,0.1016,-0.0194,,1.542,1.905,2.6,,3.56,-0.78
67.093,NAV_TO_START,3.5684,-0.9307,0.293,4.05,-4.0,1.6,-0.0,0.0851,0.1322,-0.0016,,1.542,1.905,2.615,,3.56,-0.78
67.132,NAV_TO_START,3.5739,-0.9236,0.293,4.03,-4.23,1.6,-0.0,0.0719,0.1666,0.0057,1.73,1.558,1.862,2.615,,3.56,-0.78
67.183,NAV_TO_START,3.5762,-0.9148,0.298,4.04,-4.19,1.52,-0.0,0.0542,0.2022,0.002,1.73,1.558,1.862,2.616,,3.56,-0.78
67.225,NAV_TO_START,3.5772,-0.9055,0.298,4.02,-3.71,1.72,-0.0,0.0343,0.2332,0.0142,,1.572,1.841,2.616,,3.56,-0.78
67.276,NAV_TO_START,3.5772,-0.8941,0.296,3.94,-3.28,1.74,-0.0,0.0138,0.2619,0.0125,,1.572,1.841,2.64,,3.56,-0.78
67.326,NAV_TO_START,3.5768,-0.8815,0.296,3.89,-2.54,1.8,-0.0,-0.0045,0.2832,-0.0003,1.694,1.573,1.846,2.64,,3.56,-0.78
67.404,NAV_TO_START,3.5759,-0.8681,0.299,3.8,-1.85,1.72,-0.0,-0.0218,0.2987,-0.003,1.694,1.573,1.846,2.656,,3.56,-0.78
67.429,NAV_TO_START,3.5733,-0.8518,0.299,3.84,-1.16,1.57,-0.0,-0.0398,0.3135,0.0029,1.71,1.53,,2.656,,3.56,-0.78
67.476,NAV_TO_START,3.5703,-0.8376,0.296,3.9,-0.42,1.4,-0.0,-0.0547,0.3164,0.002,1.71,1.53,,2.69,,3.56,-0.78
67.525,NAV_TO_START,3.566,-0.8246,0.296,3.86,0.1,1.15,-0.0,-0.0688,0.3118,-0.0073,,,,2.69,,3.56,-0.78
67.575,NAV_TO_START,3.5615,-0.8111,0.3,3.85,0.69,0.84,-0.0,-0.0794,0.304,0.0033,,,,2.703,,3.56,-0.78
67.626,NAV_TO_START,3.5573,-0.7978,0.3,3.9,1.8,0.39,-0.0,-0.0835,0.2882,0.0084,,,,2.703,,3.54,-0.46
67.686,NAV_TO_START,3.5526,-0.7842,0.297,3.97,2.69,-0.18,-0.0,-0.0837,0.2675,0.0012,,,,2.732,,3.54,-0.46
67.748,NAV_TO_START,3.5471,-0.771,0.297,4.01,2.88,-0.61,-0.0,-0.0818,0.2429,-0.0048,1.882,,,2.732,,3.54,-0.46
67.779,NAV_TO_START,3.5429,-0.7613,0.299,3.97,1.39,-0.88,-0.0,-0.0742,0.2211,-0.0019,1.882,,,2.745,,3.54,-0.46
67.835,NAV_TO_START,3.5385,-0.7529,0.299,3.89,0.34,-1.08,-0.0,-0.0675,0.2087,0.0009,1.9,0.168,,2.745,,3.54,-0.46
67.875,NAV_TO_START,3.5344,-0.7436,0.299,3.78,-0.64,-1.29,-0.0,-0.0596,0.208,-0.0032,1.9,0.168,,2.772,,3.54,-0.46
67.925,NAV_TO_START,3.5305,-0.7364,0.299,3.64,-1.2,-1.35,-0.0,-0.0517,0.2078,0.0019,2.332,0.169,,2.772,,3.54,-0.46
67.975,NAV_TO_START,3.5282,-0.7267,0.293,3.55,-1.5,-1.38,-0.0,-0.0405,0.2172,-0.0075,2.332,0.169,,,,3.54,-0.46
68.034,NAV_TO_START,3.5264,-0.7159,0.293,3.44,-1.69,-1.23,-0.0,-0.0304,0.232,-0.0144,,0.169,,,,3.54,-0.46
68.088,NAV_TO_START,3.5247,-0.7059,0.295,3.36,-1.74,-1.27,-0.0,-0.0208,0.2422,-0.0058,,0.169,,2.798,,3.54,-0.46
68.125,NAV_TO_START,3.5238,-0.6946,0.295,3.26,-1.91,-1.23,-0.0,-0.011,0.2552,-0.0032,,0.181,,2.798,,3.54,-0.46
68.188,NAV_TO_START,3.5224,-0.6819,0.295,3.11,-1.93,-1.09,-0.0,-0.0047,0.2716,-0.0016,,0.181,,2.852,,3.54,-0.46
68.234,NAV_TO_START,3.5224,-0.6694,0.295,2.96,-1.67,-0.88,-0.0,0.0029,0.2824,-0.0061,,0.183,,2.852,,3.54,-0.46
68.276,NAV_TO_START,3.522,-0.6547,0.292,2.77,-1.28,-0.71,-0.0,0.0075,0.2958,-0.0088,,0.183,,2.863,,3.54,-0.46
68.325,NAV_TO_START,3.5217,-0.6397,0.292,2.64,-0.71,-0.3,-0.0,0.0093,0.3043,-0.0158,,0.182,,2.863,,3.54,-0.46
68.376,NAV_TO_START,3.5212,-0.625,0.293,2.57,-0.62,-0.23,-0.0,0.0081,0.3085,-0.0101,,0.182,,,,3.54,-0.46
68.442,NAV_TO_START,3.5206,-0.6106,0.293,2.43,-0.36,-0.09,-0.0,0.0071,0.3091,-0.0159,,0.186,,,,3.54,-0.46
68.481,NAV_TO_START,3.5203,-0.5965,0.291,2.24,-0.37,-0.0,-0.0,0.0052,0.3082,-0.0087,,0.186,,2.918,,3.54,-0.46
68.528,NAV_TO_START,3.5197,-0.5833,0.291,2.03,-0.32,-0.09,-0.0,0.0031,0.3041,-0.012,,0.193,,2.918,,3.54,-0.46
68.576,NAV_TO_START,3.5176,-0.5672,0.293,1.79,-0.12,-0.05,-0.0,-0.0019,0.3089,-0.0117,,0.193,,2.935,,3.54,-0.46
68.626,NAV_TO_START,3.5155,-0.5526,0.293,1.54,-0.16,0.26,-0.0,-0.0082,0.3075,-0.0095,,0.193,,2.935,,3.54,-0.46
68.676,NAV_TO_START,3.5152,-0.5374,0.289,1.21,0.12,-0.44,-0.0,-0.0072,0.3071,-0.0086,,0.193,,2.948,,3.54,-0.46
68.726,NAV_TO_START,3.5126,-0.5233,0.289,0.93,0.13,-0.86,-0.0,-0.0065,0.3023,-0.0052,,0.192,,2.948,,3.54,-0.46
68.808,NAV_TO_START,3.5109,-0.5094,0.293,0.83,0.27,-1.3,-0.0,-0.0002,0.2972,0.0062,,0.192,,2.99,,3.54,-0.46
68.838,NAV_TO_START,3.5098,-0.495,0.293,0.86,0.78,-1.81,-0.0,0.0101,0.2901,0.0077,,0.192,,2.99,,3.54,-0.46
68.879,NAV_TO_START,3.5094,-0.4774,0.289,1.05,1.29,-1.85,-0.0,0.0233,0.2907,0.0148,,0.192,,3.011,,3.54,-0.46
68.925,NAV_TO_START,3.5097,-0.4631,0.289,1.18,1.95,-1.84,-0.0,0.0356,0.2768,-0.0079,,0.199,,3.011,,3.54,-0.46
68.976,NAV_TO_START,3.5105,-0.4504,0.29,1.3,2.77,-1.78,-0.0,0.0483,0.2523,-0.0056,,0.199,,,,3.54,-0.46
69.029,NAV_TO_START,3.5143,-0.4384,0.29,1.26,3.66,-1.93,-0.0,0.0678,0.2248,-0.0063,,0.19,,,,3.54,-0.46
69.077,NAV_TO_START,3.5176,-0.4266,0.293,1.32,4.68,-1.66,-0.0,0.0832,0.1915,-0.0062,,0.19,,3.048,,3.54,-0.46
69.159,NAV_TO_START,3.5213,-0.4176,0.293,1.37,5.43,-1.19,-0.0,0.0951,0.1457,0.0072,,0.2,,3.048,,3.54,-0.46
69.203,NAV_TO_START,3.5278,-0.4113,0.292,1.42,5.58,-0.68,-0.0,0.1074,0.0998,0.0107,,0.2,,,,3.54,-0.46
69.231,NAV_TO_START,3.5331,-0.4077,0.292,1.6,5.63,-0.16,-0.0,0.1118,0.05,0.0094,,0.211,,,,3.54,-0.46
69.279,NAV_TO_START,3.5394,-0.4063,0.294,1.77,5.7,-0.12,-0.0,0.1156,0.0005,0.0201,,0.211,,,,3.54,-0.46
69.325,NAV_TO_START,3.544,-0.4066,0.294,1.83,5.54,0.12,-0.0,0.1145,-0.0495,0.0258,,0.218,,,,3.54,-0.46
69.38,NAV_TO_START,3.5498,-0.409,0.296,1.63,5.23,0.79,-0.0,0.1118,-0.0931,0.0262,,0.218,,,,3.54,-0.46
69.427,NAV_TO_START,3.5545,-0.4148,0.296,1.5,4.32,1.13,-0.0,0.1025,-0.1372,0.0252,,0.231,,,,3.54,-0.46
69.508,NAV_TO_START,3.56,-0.4247,0.299,1.42,3.4,1.43,-0.0,0.0928,-0.176,0.029,,0.231,,,,3.54,-0.46
69.53,NAV_TO_START,3.5629,-0.435,0.299,1.52,2.23,2.12,-0.0,0.0752,-0.2057,0.0289,,0.232,,,,3.54,-0.46
69.579,NAV_TO_START,3.5658,-0.4451,0.306,1.68,0.51,2.53,-0.0,0.0528,-0.2169,0.0291,,0.232,,,,3.54,-0.46
69.625,NAV_TO_START,3.5682,-0.4558,0.306,1.95,-1.08,2.35,-0.0,0.0319,-0.2134,0.0426,,0.237,,,,3.54,-0.46
69.675,NAV_TO_START,3.5669,-0.4645,0.307,2.39,-2.11,1.93,-0.0,0.0078,-0.1981,0.0315,,0.237,,,,3.54,-0.46
69.725,NAV_TO_START,3.5674,-0.474,0.307,2.69,-2.85,1.4,-0.0,-0.006,-0.177,0.0179,,0.235,,,,3.54,-0.46
69.775,ROTATION_SCAN,3.5639,-0.482,0.306,2.75,-3.33,0.98,-0.0,-0.0237,-0.1512,0.0077,,0.235,,3.043,,,
69.844,ROTATION_SCAN,3.5606,-0.4857,0.306,2.8,-3.83,1.05,15.0,-0.0382,-0.114,0.0052,,0.226,,3.043,,,
69.876,ROTATION_SCAN,3.5563,-0.4887,0.31,2.91,-3.83,0.88,15.0,-0.0537,-0.0766,0.0021,,0.226,,3.034,,,
69.929,ROTATION_SCAN,3.5516,-0.4909,0.31,3.28,-3.44,0.57,15.0,-0.0663,-0.0427,0.0103,,0.22,,3.034,,,
69.982,ROTATION_SCAN,3.5471,-0.49,0.309,3.81,-2.98,-0.03,15.0,-0.0724,-0.0102,-0.0,,0.22,,3.038,,,
70.025,ROTATION_SCAN,3.5424,-0.4874,0.309,4.47,-2.56,-0.54,15.0,-0.0738,0.0194,-0.0023,,0.207,,3.038,,,
70.075,ROTATION_SCAN,3.5356,-0.4846,0.304,5.24,-1.88,-1.2,15.0,-0.0758,0.0459,0.0086,,0.207,,3.022,,,
70.126,ROTATION_SCAN,3.5304,-0.4819,0.304,6.08,-1.03,-1.5,15.0,-0.0698,0.0604,-0.0087,,0.198,,3.022,,,
70.191,ROTATION_SCAN,3.526,-0.4781,0.309,6.94,-0.42,-1.84,15.0,-0.0587,0.0706,0.0017,,0.198,,,,,
70.224,ROTATION_SCAN,3.5246,-0.4733,0.309,7.77,-0.13,-1.99,15.0,-0.0389,0.0763,0.0142,,0.19,,,,,
70.276,ROTATION_SCAN,3.5218,-0.47,0.309,8.53,0.4,-2.01,15.0,-0.0249,0.0772,0.0073,,0.19,,3.035,,,
70.325,ROTATION_SCAN,3.5208,-0.4642,0.309,9.15,0.83,-1.87,15.0,-0.008,0.0797,-0.0027,,0.187,,3.035,,,
70.376,ROTATION_SCAN,3.5207,-0.4591,0.308,9.78,1.07,-1.75,15.0,0.0088,0.077,-0.0051,,0.187,,,,,
70.426,ROTATION_SCAN,3.5208,-0.4556,0.308,10.49,1.22,-1.42,15.0,0.0221,0.0694,-0.0042,,0.187,,,,,
70.478,ROTATION_SCAN,3.5203,-0.4518,0.31,11.2,1.53,-1.07,15.0,0.0301,0.0621,-0.0021,,0.187,,3.038,,,
70.534,ROTATION_SCAN,3.5214,-0.4481,0.31,11.87,1.52,-1.2,15.0,0.0405,0.0541,0.0034,,0.19,,3.038,,,
70.574,ROTATION_SCAN,3.5226,-0.4445,0.305,12.47,1.69,-0.75,15.0,0.0487,0.046,-0.0042,,0.19,,,,,
70.625,ROTATION_SCAN,3.5257,-0.4421,0.305,13.15,1.72,-0.67,15.0,0.0593,0.0335,-0.0073,,0.191,,,,,
70.675,ROTATION_SCAN,3.5283,-0.4401,0.309,13.85,1.95,-0.15,15.0,0.0651,0.0201,-0.0001,,0.191,,,,,
70.724,ROTATION_SCAN,3.5316,-0.439,0.309,14.49,2.03,0.02,15.0,0.0692,0.0049,0.0036,,0.195,,,,,
70.775,ROTATION_SCAN,3.5329,-0.4394,0.309,15.09,1.97,0.04,15.0,0.0684,-0.0132,-0.0046,,0.195,,,,,
70.827,ROTATION_SCAN,3.5361,-0.4397,0.309,15.69,1.64,0.2,15.0,0.0706,-0.0268,0.0006,,0.197,,,,,
70.883,ROTATION_SCAN,3.5392,-0.4437,0.311,16.29,1.13,0.34,15.0,0.0706,-0.0453,0.008,,0.197,,3.09,,,
70.931,ROTATION_SCAN,3.5418,-0.4453,0.311,16.94,0.85,0.57,15.0,0.0667,-0.0525,0.0012,,0.204,,3.09,,,
70.977,ROTATION_SCAN,3.5436,-0.4488,0.315,17.54,0.58,0.64,15.0,0.0599,-0.0621,0.0003,,0.204,,3.08,,,
71.025,ROTATION_SCAN,3.5464,-0.4525,0.315,17.96,0.11,0.64,15.0,0.0551,-0.0675,0.0118,,0.208,,3.08,,,
71.077,ROTATION_SCAN,3.5475,-0.4558,0.312,18.41,0.16,0.59,15.0,0.0465,-0.0703,0.01,,0.208,,,,,
71.125,ROTATION_SCAN,3.5486,-0.4599,0.312,19.04,-0.12,0.47,15.0,0.04,-0.0732,-0.0074,,0.206,,,,,
71.174,ROTATION_SCAN,3.5498,-0.4629,0.312,19.82,-0.45,0.37,15.0,0.0335,-0.0703,-0.0068,,0.206,,,,,
71.231,ROTATION_SCAN,3.5504,-0.4664,0.312,20.55,-0.29,0.04,15.0,0.0291,-0.0676,-0.0107,,0.211,,,,,
71.287,ROTATION_SCAN,3.5511,-0.4689,0.311,21.35,-0.69,-0.01,15.0,0.0262,-0.0617,-0.0241,,0.211,,,,,
71.327,ROTATION_SCAN,3.5514,-0.4708,0.311,22.23,-0.81,0.03,15.0,0.021,-0.0531,-0.0163,2.954,0.21,,,,,
71.377,ROTATION_SCAN,3.5497,-0.4731,0.307,23.19,-0.5,-0.28,15.0,0.0141,-0.0467,-0.0189,2.954,0.21,,,,,
71.425,ROTATION_SCAN,3.5499,-0.4752,0.307,24.26,-0.82,-0.12,15.0,0.0126,-0.0404,-0.0251,,0.211,,,,,
71.474,ROTATION_SCAN,3.5518,-0.4781,0.306,25.41,-0.92,-0.22,15.0,0.0131,-0.0352,-0.0305,,0.211,,,,,
71.524,ROTATION_SCAN,3.5488,-0.4799,0.306,26.51,-0.5,-0.4,15.0,0.0048,-0.0284,-0.0172,,0.213,,,,,
71.604,ROTATION_SCAN,3.5464,-0.4816,0.304,27.64,-0.49,-0.56,15.0,0.001,-0.023,-0.0107,,0.213,,,,,
71.629,ROTATION_SCAN,3.5449,-0.4848,0.304,28.75,-0.5,-0.6,15.0,-0.0002,-0.0212,-0.0136,2.839,0.216,,,,,
71.674,ROTATION_SCAN,3.5449,-0.4851,0.302,29.85,-0.36,-0.66,15.0,0.0026,-0.0138,-0.0016,2.839,0.216,,,,,
71.727,ROTATION_SCAN,3.546,-0.4867,0.302,31.02,-0.26,-0.77,15.0,0.0085,-0.0111,-0.0073,2.895,0.216,,,,,
71.775,ROTATION_SCAN,3.548,-0.4853,0.302,32.22,-0.3,-0.64,15.0,0.0158,-0.0022,-0.0152,2.895,0.216,,,,,
71.826,ROTATION_SCAN,3.5524,-0.4839,0.302,33.36,-0.12,-0.45,15.0,0.0266,0.0038,-0.0115,,0.222,,,,,
71.881,ROTATION_SCAN,3.5527,-0.4804,0.302,34.3,-0.13,-0.08,15.0,0.0256,0.0127,-0.0155,,0.222,,,,,
71.951,ROTATION_SCAN,3.5531,-0.4726,0.302,35.07,0.01,0.1,15.0,0.0232,0.0276,-0.0139,,0.229,,,,,
71.981,ROTATION_SCAN,3.5546,-0.4712,0.301,35.71,0.04,0.43,15.0,0.0224,0.0261,-0.0111,,0.229,,,,,
72.024,ROTATION_SCAN,3.557,-0.4734,0.301,36.31,0.09,0.74,15.0,0.021,0.0151,-0.0114,,0.237,,,,,
72.075,ROTATION_SCAN,3.5563,-0.4766,0.299,36.78,0.02,0.64,15.0,0.013,0.004,-0.0108,,0.237,,,,,
72.124,ROTATION_SCAN,3.5545,-0.479,0.299,37.21,-0.09,0.58,15.0,0.0033,-0.0035,-0.017,,0.234,,,,,
72.175,ROTATION_SCAN,3.5539,-0.4823,0.294,37.59,0.12,0.35,15.0,-0.0007,-0.0118,-0.022,,0.234,,,,,
72.225,ROTATION_SCAN,3.5549,-0.491,0.294,37.92,-0.21,0.31,15.0,-0.0006,-0.0289,-0.028,,0.234,,,,,
72.312,ROTATION_SCAN,3.5521,-0.4934,0.295,38.34,-0.54,0.02,15.0,-0.0101,-0.0287,-0.0059,,0.234,,,,,
72.343,ROTATION_SCAN,3.5488,-0.4982,0.295,38.81,-0.74,-0.34,15.0,-0.0182,-0.0298,-0.0035,,0.229,,,,,
72.376,ROTATION_SCAN,3.5465,-0.5011,0.296,39.42,-0.72,-0.69,15.0,-0.0212,-0.0247,-0.0001,,0.229,,,,,
72.425,ROTATION_SCAN,3.5421,-0.5034,0.296,40.24,-0.43,-0.71,15.0,-0.0266,-0.0193,0.0002,,0.226,,,,,
72.476,ROTATION_SCAN,3.538,-0.5044,0.295,41.05,-0.23,-0.85,15.0,-0.0295,-0.0131,0.0089,,0.226,,,,,
72.524,ROTATION_SCAN,3.5358,-0.5065,0.295,41.87,-0.07,-1.36,15.0,-0.0246,-0.0087,0.0086,,0.225,,,,,
72.575,ROTATION_SCAN,3.5336,-0.5063,0.299,42.66,0.37,-1.44,15.0,-0.0168,-0.0006,0.0161,,0.225,,,,,
72.654,ROTATION_SCAN,3.5317,-0.5069,0.299,43.54,0.27,-1.41,15.0,-0.0083,0.0043,0.0202,,0.224,,,,,
72.676,ROTATION_SCAN,3.5312,-0.508,0.301,44.73,0.41,-1.45,15.0,0.0016,0.0076,0.0181,,0.224,,,,,
72.732,ROTATION_SCAN,3.5297,-0.5065,0.301,46.13,0.62,-1.32,15.0,0.0093,0.0156,0.0159,,0.229,,,,,
72.783,ROTATION_SCAN,3.5285,-0.5057,0.302,47.38,0.71,-1.33,15.0,0.0167,0.0207,0.0098,,0.229,,,,,
72.824,ROTATION_SCAN,3.5275,-0.5051,0.302,48.6,0.71,-1.2,15.0,0.0243,0.0235,0.0083,,0.236,0.276,,,,
72.884,ROTATION_SCAN,3.5305,-0.5046,0.306,49.75,0.67,-1.21,15.0,0.0391,0.0258,0.0157,,0.236,0.276,,,,
72.924,ROTATION_SCAN,3.5341,-0.5051,0.306,50.93,0.55,-1.1,15.0,0.0529,0.0245,0.0115,,0.245,0.258,,,,
72.974,ROTATION_SCAN,3.5395,-0.5016,0.304,51.98,0.35,-0.87,15.0,0.0663,0.0338,0.0044,,0.245,0.258,,,,
73.058,ROTATION_SCAN,3.5433,-0.5003,0.304,52.91,0.18,-0.63,15.0,0.0726,0.0361,0.0006,,0.262,0.255,,,,
73.107,ROTATION_SCAN,3.5488,-0.4979,0.305,53.71,0.29,-0.27,15.0,0.0809,0.0394,0.0028,,0.262,0.255,,,,
73.124,ROTATION_SCAN,3.5517,-0.4969,0.305,54.41,0.08,0.19,15.0,0.0791,0.0358,0.0008,,0.272,0.263,,,,
73.177,ROTATION_SCAN,3.5581,-0.495,0.305,55.08,-0.16,0.36,15.0,0.0827,0.0346,-0.0024,,0.272,0.263,,,,
73.234,ROTATION_SCAN,3.5632,-0.4936,0.305,55.68,-0.44,0.64,15.0,0.0804,0.0314,-0.0098,,0.288,0.265,,,,
73.274,ROTATION_SCAN,3.5678,-0.4929,0.307,56.26,-0.87,0.58,15.0,0.0739,0.0286,-0.0126,,0.288,0.265,,,,
73.324,ROTATION_SCAN,3.5708,-0.4918,0.307,56.79,-1.26,0.72,15.0,0.0616,0.0283,-0.0071,,0.308,0.271,,,,
73.375,ROTATION_SCAN,3.5753,-0.4903,0.302,57.28,-1.37,0.81,15.0,0.0525,0.0295,-0.0235,,0.308,0.271,,,,
73.429,ROTATION_SCAN,3.5774,-0.4876,0.302,57.71,-1.39,1.04,15.0,0.0375,0.0315,-0.0265,,0.333,0.266,,,,
73.477,ROTATION_SCAN,3.5787,-0.484,0.3,58.19,-1.47,1.11,15.0,0.0214,0.0343,-0.0293,,0.333,0.266,,,,
73.526,ROTATION_SCAN,3.5783,-0.481,0.3,58.73,-1.44,1.14,15.0,0.0028,0.035,-0.0254,,,0.259,,,,
73.573,ROTATION_SCAN,3.5733,-0.4803,0.299,59.27,-1.08,1.14,15.0,-0.0225,0.0297,-0.0187,,,0.259,,,,
73.625,ROTATION_SCAN,3.5697,-0.4768,0.299,59.8,-0.82,1.22,15.0,-0.0394,0.0284,-0.0204,,,0.249,,,,
73.674,ROTATION_SCAN,3.565,-0.4744,0.295,60.38,-0.59,0.95,15.0,-0.0543,0.025,-0.0163,,,0.249,,,,
73.764,ROTATION_SCAN,3.5622,-0.4718,0.295,61.03,-0.22,0.63,15.0,-0.0603,0.0233,-0.0191,,,0.237,,,,
73.785,ROTATION_SCAN,3.5537,-0.4685,0.293,61.78,0.24,0.63,15.0,-0.0747,0.0223,-0.0193,,,0.237,,,,
73.824,ROTATION_SCAN,3.548,-0.4668,0.293,62.5,0.79,0.39,15.0,-0.0766,0.0166,-0.0126,,,0.221,,,,
73.873,ROTATION_SCAN,3.5433,-0.4643,0.295,63.15,1.23,0.05,15.0,-0.0713,0.0148,-0.0034,,,0.221,,,,
73.924,ROTATION_SCAN,3.5405,-0.4632,0.295,63.8,1.67,-0.03,15.0,-0.0581,0.0104,0.0012,,0.412,0.218,,,,
73.974,ROTATION_SCAN,3.5374,-0.463,0.296,64.45,1.99,-0.17,15.0,-0.0445,0.0037,0.0021,,0.412,0.218,,,,
74.025,ROTATION_SCAN,3.5347,-0.4636,0.296,65.16,1.99,-0.42,15.0,-0.0291,-0.0029,0.0074,,,0.207,,,,
74.1,ROTATION_SCAN,3.5335,-0.4631,0.296,65.81,1.95,-0.27,15.0,-0.0126,-0.0051,0.0079,,,0.207,,,,
74.134,ROTATION_SCAN,3.5335,-0.4615,0.296,66.43,1.73,-0.05,15.0,0.0032,-0.0056,0.003,,1.559,0.207,,,,
74.175,ROTATION_SCAN,3.5356,-0.4599,0.297,67.04,1.41,0.04,15.0,0.019,-0.0049,0.0072,,1.559,0.207,,,,
74.223,ROTATION_SCAN,3.5388,-0.461,0.297,67.66,1.39,-0.03,15.0,0.0346,-0.0102,0.0046,,1.658,0.212,,,,
74.274,ROTATION_SCAN,3.5413,-0.4615,0.295,68.39,1.32,0.07,15.0,0.0468,-0.0147,0.0019,,1.658,0.212,,,,
74.324,ROTATION_SCAN,3.5487,-0.4633,0.295,69.15,0.91,-0.16,15.0,0.0669,-0.019,-0.0027,,1.666,0.213,,,,
74.374,ROTATION_SCAN,3.5514,-0.4622,0.297,69.96,0.47,0.03,15.0,0.0705,-0.0146,0.0061,,1.666,0.213,1.817,,,
74.446,ROTATION_SCAN,3.555,-0.4629,0.297,70.73,0.23,0.1,15.0,0.0729,-0.0159,0.0003,,1.681,0.219,1.817,,,
74.478,ROTATION_SCAN,3.5581,-0.4626,0.298,71.43,0.03,0.13,15.0,0.0719,-0.0142,-0.0046,,1.681,0.219,1.802,,,
74.528,ROTATION_SCAN,3.5615,-0.4615,0.298,71.95,-0.63,0.4,15.0,0.0683,-0.0107,-0.0059,,1.685,0.217,1.802,,,
74.574,ROTATION_SCAN,3.5644,-0.4626,0.299,72.37,-1.06,0.89,15.0,0.0579,-0.0154,-0.003,,1.685,0.217,1.777,,,
74.624,ROTATION_SCAN,3.5669,-0.462,0.299,72.6,-1.27,0.48,15.0,0.0455,-0.0143,0.0041,,1.704,0.222,1.777,,,
74.673,ROTATION_SCAN,3.5695,-0.4596,0.299,72.68,-0.99,0.36,15.0,0.0368,-0.0074,0.0029,,1.704,0.222,1.767,,,
74.729,ROTATION_SCAN,3.571,-0.4599,0.299,72.7,-1.07,0.47,15.0,0.0263,-0.0079,0.0096,,1.698,0.224,1.767,,,
74.789,ROTATION_SCAN,3.5715,-0.459,0.3,72.74,-0.88,0.47,15.0,0.0156,-0.0068,0.0089,,1.698,0.224,1.772,,,
74.844,ROTATION_SCAN,3.5699,-0.4565,0.3,72.84,-0.63,0.32,15.0,0.0036,-0.0021,0.0133,,1.711,0.224,1.772,,,
74.876,ROTATION_SCAN,3.5711,-0.456,0.3,73.09,-0.4,0.34,15.0,0.0017,-0.0018,0.0075,,1.711,0.224,1.778,,,
74.924,ROTATION_SCAN,3.5679,-0.4533,0.3,73.57,-0.19,0.41,15.0,-0.0088,0.0015,0.0101,,1.713,0.224,1.778,,,
74.974,ROTATION_SCAN,3.568,-0.4508,0.301,74.31,0.07,0.54,15.0,-0.0091,0.0029,0.0179,,1.713,0.224,1.765,,,
75.024,ROTATION_SCAN,3.5685,-0.4483,0.301,75.19,0.21,0.73,15.0,-0.0069,0.0024,-0.0014,,1.768,0.218,1.765,,,
75.074,ROTATION_SCAN,3.5693,-0.4477,0.302,76.21,0.16,1.07,15.0,-0.0045,-0.0027,-0.0047,,1.768,0.218,1.764,,,
75.158,ROTATION_SCAN,3.5706,-0.4435,0.302,77.31,0.25,0.98,15.0,-0.0012,-0.0018,-0.0002,,1.837,0.216,1.764,,,
75.18,ROTATION_SCAN,3.5692,-0.4451,0.302,78.47,-0.02,0.76,15.0,-0.0047,-0.0128,-0.0019,,1.837,0.216,1.772,,,
75.229,ROTATION_SCAN,3.5675,-0.4436,0.302,79.71,0.4,0.82,15.0,-0.008,-0.015,-0.0005,,,0.212,1.772,,,
75.278,ROTATION_SCAN,3.5683,-0.4454,0.301,80.79,0.42,0.83,15.0,-0.0032,-0.0239,-0.0074,,,0.212,1.768,,,
75.323,ROTATION_SCAN,3.5699,-0.446,0.301,81.65,0.35,0.69,15.0,0.003,-0.0295,-0.0067,,,0.207,1.768,,,
75.374,ROTATION_SCAN,3.5715,-0.4462,0.3,82.37,0.01,0.58,15.0,0.0072,-0.0317,-0.0077,,,0.207,1.761,,,
75.423,ROTATION_SCAN,3.5809,-0.449,0.3,82.99,-0.14,0.48,15.0,0.0254,-0.037,-0.0054,,,0.209,1.761,,,
75.487,ROTATION_SCAN,3.5818,-0.454,0.303,83.66,-0.02,0.36,15.0,0.0234,-0.0473,0.0006,,,0.209,,,,
75.527,ROTATION_SCAN,3.5842,-0.4583,0.303,84.4,-0.23,0.02,15.0,0.0249,-0.0528,0.0084,,,0.206,,,,
75.579,ROTATION_SCAN,3.5842,-0.462,0.302,85.27,-0.52,0.17,15.0,0.0199,-0.0555,0.0154,,,0.206,,,,
75.627,ROTATION_SCAN,3.5865,-0.4642,0.302,86.21,-0.62,0.22,15.0,0.0175,-0.0558,0.0113,,,0.209,,,,
75.674,ROTATION_SCAN,3.5858,-0.4703,0.303,87.2,-0.53,-0.14,15.0,0.0094,-0.0629,0.0094,,,0.209,,,,
75.723,ROTATION_SCAN,3.5857,-0.4735,0.303,88.18,-0.55,-0.41,15.0,0.004,-0.0606,0.0058,,3.031,0.206,,,,
75.773,ROTATION_SCAN,3.5855,-0.4762,0.304,89.09,-0.56,-0.44,15.0,-0.0013,-0.0562,0.0079,,3.031,0.206,,,,
75.89,ROTATION_SCAN,3.5849,-0.478,0.304,89.98,-0.74,-0.38,15.0,-0.0076,-0.051,0.0049,,3.031,0.202,,,,
75.974,ROTATION_SCAN,3.5846,-0.4812,0.305,90.88,-0.56,-0.26,-0.0,-0.0129,-0.0495,-0.0019,,3.031,0.202,,,3.54,-0.48
75.997,ROTATION_SCAN,3.5829,-0.4832,0.305,91.73,-0.47,-0.27,-0.0,-0.02,-0.0465,-0.0008,,3.018,0.2,,,3.54,-0.48
76.003,ROTATION_SCAN,3.5815,-0.4843,0.304,92.59,-0.24,-0.55,-0.0,-0.0241,-0.0406,-0.0079,,3.018,0.2,,,3.54,-0.48
76.029,ROTATION_SCAN,3.5789,-0.4859,0.304,93.33,-0.19,-0.68,-0.0,-0.0293,-0.0347,-0.0094,,3.02,0.196,,,3.54,-0.48
76.078,ROTATION_SCAN,3.5745,-0.4867,0.302,93.93,0.09,-0.7,-0.0,-0.0374,-0.0267,-0.0148,,3.02,0.196,,,3.54,-0.48
76.126,ROTATION_SCAN,3.5726,-0.4885,0.302,94.39,0.16,-0.75,-0.0,-0.0368,-0.0217,-0.0128,,3.019,0.194,,,3.54,-0.48
76.174,ROTATION_SCAN,3.5689,-0.4863,0.3,94.68,0.3,-0.97,-0.0,-0.0404,-0.0073,-0.0116,,3.019,0.194,,,3.54,-0.48
76.225,ROTATION_SCAN,3.5654,-0.4862,0.3,94.93,0.58,-0.8,-0.0,-0.041,0.0023,-0.0111,,3.007,0.19,,,3.54,-0.48
76.307,ROTATION_SCAN,3.5652,-0.4823,0.299,95.27,0.8,-0.64,-0.0,-0.0317,0.0166,-0.014,,3.007,0.19,,,,
76.369,ROTATION_SCAN,3.5631,-0.4781,0.299,95.6,0.63,-0.34,-0.0,-0.0272,0.0296,-0.015,,,0.19,,,,
76.382,ROTATION_SCAN,3.5621,-0.4718,0.299,95.84,0.61,0.15,15.0,-0.0216,0.0429,-0.0071,,,0.19,,,,
76.426,ROTATION_SCAN,3.5632,-0.4674,0.299,96.08,0.28,0.55,15.0,-0.0121,0.0454,-0.0052,,3.004,0.189,,,,
76.473,ROTATION_SCAN,3.5632,-0.4645,0.298,96.37,0.31,0.88,15.0,-0.0082,0.0417,-0.0017,,3.004,0.189,,,,
76.523,ROTATION_SCAN,3.5625,-0.4601,0.298,96.71,0.42,1.15,15.0,-0.0052,0.0397,-0.0036,,2.997,0.189,,,,
76.574,ROTATION_SCAN,3.5623,-0.4571,0.299,97.11,0.21,1.31,15.0,-0.001,0.0329,-0.0023,,2.997,0.189,,,,
76.632,ROTATION_SCAN,3.563,-0.4547,0.299,97.55,0.17,1.25,15.0,0.0032,0.0247,-0.0026,,3.006,0.189,,,,
76.688,ROTATION_SCAN,3.5627,-0.4527,0.299,97.99,0.05,1.11,15.0,0.0044,0.0175,-0.0113,,3.006,0.189,,,,
76.722,ROTATION_SCAN,3.5635,-0.4511,0.299,98.53,-0.09,1.01,15.0,0.0066,0.0108,-0.0072,,3.025,0.189,,,,
76.778,ROTATION_SCAN,3.5632,-0.4496,0.297,99.05,-0.13,1.08,15.0,0.0054,0.0048,-0.0078,,3.025,0.189,,,,
76.823,ROTATION_SCAN,3.5635,-0.4492,0.297,99.6,-0.05,0.98,15.0,0.0058,-0.0033,-0.0127,,,0.191,,,,
76.873,ROTATION_SCAN,3.5613,-0.4492,0.296,100.06,0.25,0.88,15.0,0.0021,-0.0108,-0.006,,,0.191,,,,
76.925,ROTATION_SCAN,3.5611,-0.4497,0.296,100.45,0.49,0.84,15.0,0.0056,-0.0166,-0.0094,,3.022,0.193,,,,
76.975,ROTATION_SCAN,3.5615,-0.4507,0.294,100.96,0.32,0.91,15.0,0.0105,-0.0232,-0.0131,,3.022,0.193,,,,
77.029,ROTATION_SCAN,3.5624,-0.4534,0.294,101.58,0.05,0.96,15.0,0.0147,-0.0334,-0.0152,,3.023,0.19,,,,
77.08,ROTATION_SCAN,3.5659,-0.4533,0.294,102.17,-0.09,0.77,15.0,0.0221,-0.0364,-0.0112,,3.023,0.19,,,,
77.13,ROTATION_SCAN,3.566,-0.4552,0.294,102.88,-0.3,0.59,15.0,0.0196,-0.0422,-0.0113,,,0.198,,,,
77.173,ROTATION_SCAN,3.5686,-0.4582,0.292,103.7,-0.73,0.4,15.0,0.0197,-0.0485,-0.0155,,,0.198,,,,
77.223,ROTATION_SCAN,3.5684,-0.4616,0.292,104.5,-0.77,0.14,15.0,0.0121,-0.0553,-0.0183,,3.038,0.193,,,,
77.273,ROTATION_SCAN,3.5674,-0.4644,0.29,105.19,-0.72,-0.3,15.0,0.0031,-0.0567,-0.0239,,3.038,0.193,,,,
77.363,ROTATION_SCAN,3.5665,-0.4677,0.29,105.77,-0.86,-0.25,15.0,-0.0063,-0.0572,-0.0172,,3.033,0.194,,,,
77.391,ROTATION_SCAN,3.5643,-0.4693,0.288,106.33,-0.86,-0.2,15.0,-0.018,-0.0547,-0.0097,,3.033,0.194,,,,
77.423,ROTATION_SCAN,3.5625,-0.4695,0.288,107.06,-0.27,-0.5,15.0,-0.0254,-0.0488,-0.0049,,3.035,0.191,,,,
77.475,ROTATION_SCAN,3.5584,-0.4733,0.29,107.89,0.08,-0.53,15.0,-0.0335,-0.0472,0.001,,3.035,0.191,,,,
77.523,ROTATION_SCAN,3.5547,-0.4755,0.29,108.78,0.13,-0.48,15.0,-0.0387,-0.0434,0.0032,,3.05,0.19,,,,
77.573,ROTATION_SCAN,3.5519,-0.475,0.29,109.74,0.55,-0.52,15.0,-0.0395,-0.0328,0.004,,3.05,0.19,,,,
77.623,ROTATION_SCAN,3.5467,-0.4775,0.29,110.66,0.67,-0.39,15.0,-0.0436,-0.0292,0.0039,,,0.187,,,,
77.718,ROTATION_SCAN,3.5429,-0.4765,0.292,111.53,1.02,-0.47,15.0,-0.042,-0.018,0.01,,,0.187,,,,
77.739,ROTATION_SCAN,3.5407,-0.4768,0.292,112.39,1.14,-0.12,15.0,-0.0356,-0.0103,0.0109,,,0.186,,,,
77.775,ROTATION_SCAN,3.5396,-0.4757,0.289,113.23,1.27,0.21,15.0,-0.0249,-0.0036,0.0077,,,0.186,,,,
77.83,ROTATION_SCAN,3.5383,-0.4749,0.289,114.13,1.43,0.16,15.0,-0.0149,0.0017,-0.0019,,,0.182,,,,
77.873,ROTATION_SCAN,3.5369,-0.4714,0.294,115.11,1.43,0.31,15.0,-0.005,0.0136,-0.0039,,,0.182,,,,
77.924,ROTATION_SCAN,3.5381,-0.4701,0.294,116.17,1.41,0.48,15.0,0.0101,0.0168,0.0131,,,0.188,,,,
77.973,ROTATION_SCAN,3.54,-0.468,0.294,117.18,1.42,0.7,15.0,0.0262,0.0211,0.017,,,0.188,,,,
78.066,ROTATION_SCAN,3.544,-0.4642,0.294,118.24,0.94,1.06,15.0,0.0442,0.0262,0.0134,,,0.191,,,,
78.09,ROTATION_SCAN,3.5462,-0.462,0.294,119.36,0.55,1.06,15.0,0.0538,0.024,0.0131,,,0.191,,,,
78.134,ROTATION_SCAN,3.5508,-0.46,0.294,120.61,0.1,1.1,15.0,0.0653,0.0197,0.0121,,,0.201,,,,
78.172,ROTATION_SCAN,3.5543,-0.4594,0.294,121.81,-0.19,0.79,15.0,0.0699,0.0119,0.0111,,,0.201,,,,
78.223,ROTATION_SCAN,3.5562,-0.4593,0.294,122.96,-0.67,0.72,15.0,0.0665,0.0038,0.0125,,,0.21,,,,
78.276,ROTATION_SCAN,3.559,-0.4588,0.299,124.02,-0.93,0.5,15.0,0.0628,-0.0035,0.0184,,,0.21,,,,
78.323,ROTATION_SCAN,3.5643,-0.4594,0.299,125.09,-0.99,0.25,15.0,0.062,-0.0125,0.0214,,,0.223,,,,
78.405,ROTATION_SCAN,3.5671,-0.4602,0.297,126.11,-0.99,0.28,15.0,0.0572,-0.0181,0.0196,,,0.223,,,,
78.434,ROTATION_SCAN,3.5695,-0.4617,0.297,126.99,-0.91,0.36,15.0,0.0516,-0.0264,0.0098,,,0.228,,,,
78.475,ROTATION_SCAN,3.5714,-0.4634,0.3,127.87,-0.86,0.24,15.0,0.0462,-0.0338,0.0167,,,0.228,,,,
78.524,ROTATION_SCAN,3.5742,-0.4677,0.3,128.68,-0.81,0.19,15.0,0.0424,-0.0451,0.0202,,,0.237,,,,
78.573,ROTATION_SCAN,3.5715,-0.4689,0.303,129.4,-0.6,-0.18,15.0,0.0272,-0.0475,0.0152,,,0.237,,,,
78.623,ROTATION_SCAN,3.5714,-0.4721,0.303,130.05,-0.6,-0.36,15.0,0.0177,-0.0514,0.0185,,,0.23,,,,
78.673,ROTATION_SCAN,3.567,-0.4756,0.307,130.65,-0.2,-0.44,15.0,0.0013,-0.0542,0.0205,,,0.23,,,,
78.749,ROTATION_SCAN,3.5661,-0.4752,0.307,131.42,0.35,-0.44,15.0,-0.0026,-0.0437,0.0244,,,0.231,,,,
78.772,ROTATION_SCAN,3.5628,-0.4785,0.306,132.16,0.35,-0.67,15.0,-0.0108,-0.0417,0.0167,,,0.231,,,,
78.827,ROTATION_SCAN,3.5593,-0.4782,0.306,132.89,0.26,-0.52,15.0,-0.0192,-0.0308,0.0106,,,0.228,,,,
78.885,ROTATION_SCAN,3.5554,-0.4776,0.308,133.61,0.36,-0.54,15.0,-0.0268,-0.0221,0.0091,,,0.228,,,,
78.923,ROTATION_SCAN,3.55,-0.4776,0.308,134.41,0.4,-0.22,15.0,-0.0359,-0.0143,0.0078,,,0.224,,,,
78.973,ROTATION_SCAN,3.5463,-0.4774,0.309,135.26,0.53,0.06,15.0,-0.04,-0.0073,0.0084,,,0.224,,,,
79.031,ROTATION_SCAN,3.5417,-0.4751,0.309,136.12,0.65,0.22,15.0,-0.0393,-0.0004,0.0038,,,0.225,,,,
79.096,ROTATION_SCAN,3.538,-0.4715,0.307,136.84,0.57,0.45,15.0,-0.0389,0.0089,0.0071,,,0.225,,,,
79.148,ROTATION_SCAN,3.5359,-0.4705,0.307,137.51,0.6,0.86,15.0,-0.0304,0.0099,-0.0028,0.27,,0.224,,,,
79.173,ROTATION_SCAN,3.5314,-0.4678,0.309,138.19,0.62,0.98,15.0,-0.0297,0.0137,0.0009,0.27,,0.224,,,,
79.227,ROTATION_SCAN,3.5303,-0.4657,0.309,138.94,0.47,1.29,15.0,-0.017,0.0133,-0.0012,0.252,,0.223,,,,
79.272,ROTATION_SCAN,3.5292,-0.4641,0.305,139.73,0.59,1.37,15.0,-0.009,0.0124,-0.0037,0.252,,0.223,,,,
79.323,ROTATION_SCAN,3.5261,-0.462,0.305,140.61,0.68,1.54,15.0,0.0007,0.0115,-0.0117,0.245,,0.227,,,,
79.372,ROTATION_SCAN,3.5283,-0.4609,0.309,141.52,0.64,1.47,15.0,0.0184,0.0096,-0.0043,0.245,,0.227,,,,
79.467,ROTATION_SCAN,3.5325,-0.4556,0.309,142.07,0.22,1.54,15.0,0.0377,0.0164,-0.0073,0.241,,0.238,,,,
79.477,ROTATION_SCAN,3.5344,-0.4542,0.308,142.49,-0.09,1.51,15.0,0.0453,0.0123,-0.0028,0.241,,0.238,,,,
79.524,ROTATION_SCAN,3.5382,-0.4542,0.308,142.92,-0.32,1.47,15.0,0.0595,-0.0002,-0.0055,0.241,,0.25,,,,
79.573,ROTATION_SCAN,3.5413,-0.4536,0.31,143.35,-0.37,1.12,15.0,0.0663,-0.0072,-0.0054,0.241,,0.25,,,,
79.622,ROTATION_SCAN,3.5473,-0.4549,0.31,143.84,-0.53,1.04,15.0,0.077,-0.0172,-0.003,0.245,,0.249,,,,
79.673,ROTATION_SCAN,3.5503,-0.4564,0.305,144.52,-0.61,0.78,15.0,0.0778,-0.0255,-0.0049,0.245,,0.249,,,,
79.724,ROTATION_SCAN,3.554,-0.4582,0.305,145.21,-0.71,0.38,15.0,0.0783,-0.0352,-0.0191,0.242,,0.259,,,,
79.786,ROTATION_SCAN,3.557,-0.4601,0.306,145.99,-0.8,-0.11,15.0,0.0745,-0.0401,-0.0165,0.242,,0.259,,,,
79.848,ROTATION_SCAN,3.5599,-0.4636,0.306,146.92,-0.68,-0.25,15.0,0.0673,-0.0491,-0.0107,0.245,,0.284,,,,
79.895,ROTATION_SCAN,3.5627,-0.467,0.306,147.99,-0.45,-0.52,15.0,0.0619,-0.0528,-0.0129,0.245,,0.284,,,,
79.925,ROTATION_SCAN,3.5623,-0.4701,0.306,149.13,-0.36,-0.55,15.0,0.0477,-0.055,-0.0088,0.245,,0.377,,,,
79.977,ROTATION_SCAN,3.5643,-0.4716,0.302,150.3,-0.13,-0.83,15.0,0.0422,-0.0514,-0.0158,0.245,,0.377,,,,
80.022,ROTATION_SCAN,3.5629,-0.4742,0.302,151.35,0.18,-0.95,15.0,0.0264,-0.0471,-0.0102,0.242,,,,,,
80.073,ROTATION_SCAN,3.5623,-0.4775,0.303,152.32,0.28,-0.85,15.0,0.0169,-0.0439,-0.0143,0.242,,,,,,
80.122,ROTATION_SCAN,3.5611,-0.4789,0.303,153.21,0.35,-0.74,15.0,0.0072,-0.0372,-0.0064,0.236,,1.618,,,,
80.213,ROTATION_SCAN,3.5589,-0.4802,0.299,153.99,0.7,-0.57,15.0,-0.0007,-0.0309,-0.0039,0.236,,1.618,,,,
80.238,ROTATION_SCAN,3.5588,-0.4806,0.299,154.8,0.73,-0.37,15.0,-0.0021,-0.0209,-0.0114,0.229,,1.619,,,,
80.283,ROTATION_SCAN,3.5516,-0.4775,0.3,155.61,0.81,-0.11,15.0,-0.0175,-0.0054,-0.0029,0.229,,1.619,,,,
80.327,ROTATION_SCAN,3.5501,-0.4758,0.3,156.52,0.66,0.2,15.0,-0.0165,0.0047,0.0008,0.225,,1.61,,,,
80.372,ROTATION_SCAN,3.5465,-0.4713,0.301,157.38,0.68,0.44,15.0,-0.0185,0.0179,-0.0039,0.225,,1.61,,,,
80.424,ROTATION_SCAN,3.5437,-0.4689,0.301,158.13,0.57,0.67,15.0,-0.0167,0.0247,0.0028,0.218,,1.609,,,,
80.472,ROTATION_SCAN,3.5435,-0.4651,0.304,158.92,0.09,0.78,15.0,-0.0087,0.0314,0.0026,0.218,,1.609,,,,
80.554,ROTATION_SCAN,3.5443,-0.4597,0.304,159.84,-0.08,0.7,15.0,0.0002,0.0373,0.002,0.214,1.833,1.62,,,,
80.58,ROTATION_SCAN,3.5436,-0.4572,0.302,160.48,-0.15,0.83,15.0,0.0035,0.0361,0.0053,0.214,1.833,1.62,,,,
80.624,ROTATION_SCAN,3.5431,-0.4549,0.302,160.95,-0.11,0.92,15.0,0.0082,0.0341,-0.0014,0.207,1.804,1.619,,,,
80.678,ROTATION_SCAN,3.5438,-0.4509,0.302,161.28,-0.44,0.94,15.0,0.0153,0.0355,-0.0099,0.207,1.804,1.619,,,,
80.726,ROTATION_SCAN,3.5443,-0.4476,0.302,161.6,-0.73,0.96,15.0,0.0206,0.0324,-0.0079,0.21,1.795,1.629,,,,
80.772,ROTATION_SCAN,3.5464,-0.4458,0.299,161.85,-1.05,0.89,15.0,0.0277,0.0239,-0.0102,0.21,1.795,1.629,,,,
80.824,ROTATION_SCAN,3.547,-0.4441,0.299,162.03,-1.14,1.03,15.0,0.0305,0.0143,-0.0127,0.209,1.797,1.651,,,,
80.894,ROTATION_SCAN,3.5489,-0.4429,0.299,162.24,-1.34,0.97,15.0,0.0363,0.0035,-0.0078,0.209,1.797,1.651,,,,
80.927,ROTATION_SCAN,3.55,-0.4431,0.299,162.56,-1.27,0.77,15.0,0.0383,-0.0102,-0.0045,0.213,1.787,1.655,,,,
80.976,ROTATION_SCAN,3.5517,-0.4437,0.3,163.03,-1.33,0.58,15.0,0.0401,-0.0221,-0.0045,0.213,1.787,1.655,,,,
81.022,ROTATION_SCAN,3.5529,-0.4472,0.3,163.62,-1.38,0.48,15.0,0.039,-0.0396,0.0011,0.207,1.778,1.673,,,,
81.073,ROTATION_SCAN,3.5562,-0.45,0.302,164.3,-1.36,0.46,15.0,0.0427,-0.053,0.0046,0.207,1.778,1.673,,,,
81.123,ROTATION_SCAN,3.5564,-0.4536,0.302,164.96,-1.21,0.13,15.0,0.0382,-0.0667,0.0045,0.207,1.764,1.711,,,,
81.182,ROTATION_SCAN,3.5595,-0.4577,0.301,165.61,-1.22,-0.1,15.0,0.0387,-0.0771,-0.007,0.207,1.764,1.711,,,,
81.246,ROTATION_SCAN,3.5607,-0.4644,0.301,166.38,-0.86,-0.3,15.0,0.0331,-0.0921,-0.0037,0.207,1.761,1.763,,,,
81.302,ROTATION_SCAN,3.5584,-0.4688,0.298,167.27,-0.43,-0.35,15.0,0.021,-0.0977,-0.0018,0.207,1.761,1.763,,,,
81.33,ROTATION_SCAN,3.5591,-0.472,0.298,168.13,0.11,-0.54,15.0,0.0162,-0.0952,-0.0109,0.198,1.752,1.942,,,,
81.374,ROTATION_SCAN,3.5587,-0.4773,0.299,168.96,0.41,-0.51,15.0,0.0095,-0.0935,-0.0106,0.198,1.752,1.942,,,,
81.436,ROTATION_SCAN,3.557,-0.484,0.299,169.75,0.67,-0.3,15.0,0.0014,-0.0934,-0.0012,0.196,1.749,,,,,
81.471,ROTATION_SCAN,3.5554,-0.4866,0.3,170.55,1.23,-0.08,15.0,-0.0026,-0.0816,-0.0044,0.196,1.749,,,,,
81.524,ROTATION_SCAN,3.5539,-0.4905,0.3,171.3,1.73,0.15,15.0,-0.0042,-0.0694,-0.0005,0.195,1.752,,,,,
81.575,ROTATION_SCAN,3.5534,-0.4936,0.302,172.02,2.17,0.34,15.0,-0.0006,-0.0536,0.0002,0.195,1.752,,,,,
81.636,ROTATION_SCAN,3.5528,-0.4953,0.302,172.81,2.08,0.23,15.0,0.0031,-0.0338,0.0053,0.193,1.75,,,,,
81.689,ROTATION_SCAN,3.5534,-0.4947,0.299,173.79,1.91,0.25,15.0,0.0074,-0.0132,-0.0016,0.193,1.75,,,,,
81.722,ROTATION_SCAN,3.5519,-0.4931,0.299,174.8,1.8,0.22,15.0,0.0063,0.0078,-0.002,0.189,1.752,,,,,
81.775,ROTATION_SCAN,3.5525,-0.493,0.299,175.66,1.48,0.45,15.0,0.0107,0.0206,-0.0014,0.189,1.752,,,,,
81.823,ROTATION_SCAN,3.5522,-0.4859,0.299,176.28,1.05,0.57,15.0,0.0135,0.0451,0.0012,0.19,1.758,,,,,
81.873,ROTATION_SCAN,3.5518,-0.4823,0.301,176.87,0.7,0.47,15.0,0.0153,0.0562,-0.0044,0.19,1.758,,,,,
81.922,ROTATION_SCAN,3.5527,-0.4791,0.301,177.58,0.25,0.49,15.0,0.0199,0.0614,0.0045,0.189,,2.996,,,,
82.002,ROTATION_SCAN,3.5531,-0.4744,0.3,178.4,-0.16,0.17,15.0,0.0217,0.0659,0.0013,0.189,,2.996,,,,
82.023,ROTATION_SCAN,3.5533,-0.4702,0.3,179.31,-0.61,-0.16,15.0,0.0196,0.0659,0.0005,0.19,1.85,3.014,,,,
82.082,ROTATION_SCAN,3.5537,-0.4654,0.3,-179.74,-0.96,-0.28,15.0,0.0163,0.0635,0.0038,0.19,1.85,3.014,,,,
82.129,ROTATION_SCAN,3.5542,-0.4611,0.3,-178.79,-1.17,-0.38,15.0,0.0132,0.0578,0.0008,0.208,,2.992,,,,
82.172,ROTATION_SCAN,3.5549,-0.4591,0.3,-177.87,-1.36,-0.39,15.0,0.0103,0.0458,0.0023,0.208,,2.992,,,,
82.222,ROTATION_SCAN,3.5544,-0.4576,0.3,-176.98,-1.41,-0.4,15.0,0.0054,0.0325,0.0025,0.19,,2.995,,,,
82.321,ROTATION_SCAN,3.5537,-0.4541,0.302,-176.16,-1.46,-0.17,15.0,0.0016,0.0253,0.0068,0.19,,2.995,,,,
82.39,ROTATION_SCAN,3.5528,-0.4515,0.302,-175.38,-1.48,-0.08,15.0,-0.0013,0.0163,0.001,0.203,,2.993,,,,
82.431,ROTATION_SCAN,3.5523,-0.4512,0.3,-174.59,-1.55,0.24,-0.0,-0.0006,0.0032,0.0008,0.203,,2.993,,,3.52,-0.46
82.469,ROTATION_SCAN,3.5533,-0.4523,0.3,-173.76,-1.26,0.35,-0.0,0.006,-0.0112,-0.0045,0.189,,,,,3.52,-0.46
82.48,ROTATION_SCAN,3.5528,-0.453,0.301,-173.01,-0.96,0.14,-0.0,0.0075,-0.0201,-0.0083,0.189,,,,,3.52,-0.46
82.525,ROTATION_SCAN,3.5527,-0.4546,0.301,-172.49,-0.6,0.15,-0.0,0.008,-0.0283,-0.0056,0.203,,2.967,,,3.52,-0.46
82.571,ROTATION_SCAN,3.5508,-0.456,0.299,-172.04,-0.05,0.38,-0.0,0.005,-0.0323,-0.0013,0.203,,2.967,,,3.52,-0.46
82.621,ROTATION_SCAN,3.5498,-0.4595,0.299,-171.69,0.29,0.52,-0.0,0.0054,-0.0358,-0.0011,0.184,,2.984,,,3.52,-0.46
82.671,ROTATION_SCAN,3.5493,-0.461,0.3,-171.66,0.47,0.62,-0.0,0.0078,-0.0314,0.0058,0.184,,2.984,,,3.52,-0.46
82.723,ROTATION_SCAN,3.5498,-0.4625,0.3,-171.87,0.58,0.53,-0.0,0.012,-0.0265,0.0054,0.199,,2.989,,,,
82.773,ROTATION_SCAN,3.5516,-0.4629,0.304,-172.25,0.6,0.46,15.0,0.0182,-0.0191,0.0035,0.199,,2.989,,,,
82.822,ROTATION_SCAN,3.5526,-0.4637,0.304,-172.57,0.71,0.49,15.0,0.0215,-0.0134,-0.0013,0.184,,2.977,,,,
82.875,ROTATION_SCAN,3.5554,-0.4619,0.3,-172.75,0.62,0.37,15.0,0.0281,-0.0014,-0.0216,0.184,,2.977,,,,
82.921,ROTATION_SCAN,3.5547,-0.4596,0.3,-172.82,0.37,0.04,15.0,0.0248,0.0087,-0.0239,0.199,,2.989,,,,
82.972,ROTATION_SCAN,3.5556,-0.4543,0.301,-172.74,-0.14,-0.14,15.0,0.0235,0.0208,-0.0087,0.199,,2.989,,,,
83.023,ROTATION_SCAN,3.5548,-0.4524,0.301,-172.46,-0.39,-0.21,15.0,0.0182,0.0206,-0.0125,0.186,,2.996,,,,
83.08,ROTATION_SCAN,3.5556,-0.4487,0.299,-171.98,-0.55,-0.3,15.0,0.0164,0.0223,-0.0213,0.186,,2.996,,,,
83.132,ROTATION_SCAN,3.5543,-0.4461,0.299,-171.37,-0.64,-0.57,15.0,0.0093,0.0203,-0.0169,0.198,,2.985,,,,
83.171,ROTATION_SCAN,3.5536,-0.4435,0.296,-170.71,-0.71,-0.66,15.0,0.0029,0.0175,-0.016,0.198,,2.985,,,,
83.222,ROTATION_SCAN,3.5514,-0.4402,0.296,-169.99,-0.85,-0.83,15.0,-0.007,0.0151,-0.0231,0.182,,2.985,,,,
83.271,ROTATION_SCAN,3.5476,-0.4388,0.292,-169.24,-1.08,-0.76,15.0,-0.0197,0.0074,-0.0155,0.182,,2.985,,,,
83.322,ROTATION_SCAN,3.5459,-0.4382,0.292,-168.43,-1.42,-0.69,15.0,-0.0247,-0.0029,-0.0272,0.194,,2.983,,,,
83.371,ROTATION_SCAN,3.5436,-0.4387,0.293,-167.59,-1.43,-0.32,15.0,-0.0291,-0.0163,-0.0193,0.194,,2.983,,,,
83.422,ROTATION_SCAN,3.5401,-0.4426,0.293,-166.79,-1.01,0.11,15.0,-0.0321,-0.0335,-0.0119,0.178,,2.999,,,,
83.487,ROTATION_SCAN,3.5381,-0.4463,0.293,-166.0,-0.71,0.54,15.0,-0.0292,-0.044,-0.016,0.178,,2.999,,,,
83.534,ROTATION_SCAN,3.5355,-0.4485,0.293,-165.29,-0.47,0.79,15.0,-0.0253,-0.048,-0.0033,0.186,,3.004,,,,
83.581,ROTATION_SCAN,3.5313,-0.4526,0.292,-164.53,-0.09,1.3,15.0,-0.0231,-0.0523,-0.0019,0.186,,3.004,,,,
83.627,ROTATION_SCAN,3.5312,-0.4571,0.292,-163.69,0.33,1.64,15.0,-0.0097,-0.053,-0.0006,0.182,,,,,,
83.671,ROTATION_SCAN,3.531,-0.4608,0.292,-162.81,0.47,1.75,15.0,0.0033,-0.0481,0.0135,0.182,,,,,,
83.722,ROTATION_SCAN,3.5305,-0.4627,0.292,-161.82,0.66,1.64,15.0,0.0139,-0.0384,0.014,0.184,,3.004,,,,
83.772,ROTATION_SCAN,3.5312,-0.4639,0.296,-161.0,0.61,1.47,15.0,0.0243,-0.0277,0.0089,0.184,,3.004,,,,
83.855,ROTATION_SCAN,3.5335,-0.4662,0.296,-160.37,0.66,1.15,15.0,0.035,-0.0217,0.015,0.19,,3.036,,,,
83.883,ROTATION_SCAN,3.5373,-0.4652,0.296,-159.82,0.2,0.69,15.0,0.0461,-0.0101,0.0106,0.19,,3.036,,,,
83.924,ROTATION_SCAN,3.5397,-0.4631,0.296,-159.23,0.19,0.07,15.0,0.0487,-0.0013,0.0048,0.181,3.308,3.03,,,,
83.971,ROTATION_SCAN,3.5435,-0.4635,0.297,-158.61,0.25,-0.15,15.0,0.0509,-0.0003,0.0061,0.181,3.308,3.03,,,,
84.021,ROTATION_SCAN,3.5463,-0.4623,0.297,-157.95,0.2,-0.45,15.0,0.0489,0.0034,0.0057,0.196,,3.036,,,,
84.072,ROTATION_SCAN,3.5484,-0.4612,0.297,-157.22,0.28,-0.9,15.0,0.0429,0.0057,0.0056,0.196,,3.036,,,,
84.122,ROTATION_SCAN,3.5493,-0.4609,0.297,-156.49,0.18,-0.89,15.0,0.0322,0.0045,0.0085,0.188,,3.045,,,,
84.2,ROTATION_SCAN,3.5509,-0.4605,0.3,-155.7,0.09,-0.95,15.0,0.025,0.0034,-0.0014,0.188,,3.045,,,,
84.225,ROTATION_SCAN,3.5486,-0.4587,0.3,-154.87,0.14,-0.75,15.0,0.0097,0.0046,0.0103,0.189,,3.075,,,,
84.271,ROTATION_SCAN,3.5475,-0.4627,0.299,-154.07,0.33,-0.54,15.0,0.0003,-0.0049,0.0104,0.189,,3.075,,,,
84.322,ROTATION_SCAN,3.5466,-0.463,0.299,-153.24,0.37,-0.51,15.0,-0.0068,-0.0043,0.0051,0.189,,3.099,,,,
84.372,ROTATION_SCAN,3.5433,-0.4733,0.298,-152.52,-0.02,-0.49,15.0,-0.0179,-0.0259,0.0051,0.189,,3.099,,,,
84.422,ROTATION_SCAN,3.5461,-0.4818,0.298,-151.79,-0.1,-0.17,15.0,-0.0125,-0.0432,0.0027,0.188,,3.124,,,,
84.486,ROTATION_SCAN,3.5435,-0.4834,0.298,-151.07,0.1,0.2,15.0,-0.0171,-0.0425,0.0104,0.188,,3.124,,,,
84.542,ROTATION_SCAN,3.542,-0.483,0.298,-150.37,0.65,0.57,15.0,-0.0173,-0.0332,0.0045,0.186,,3.136,,,,
84.573,ROTATION_SCAN,3.5395,-0.484,0.304,-149.73,0.69,0.6,15.0,-0.0196,-0.0246,0.0014,0.186,,3.136,,,,
84.622,ROTATION_SCAN,3.5355,-0.4844,0.304,-149.09,0.72,0.95,15.0,-0.024,-0.0145,0.012,0.185,,,,,,
84.67,ROTATION_SCAN,3.5314,-0.4858,0.302,-148.46,0.87,1.22,15.0,-0.0266,-0.0055,0.0035,0.185,,,,,,
84.721,ROTATION_SCAN,3.529,-0.4851,0.302,-147.86,0.51,1.47,15.0,-0.0229,0.0073,-0.0042,0.182,,,,,,
84.771,ROTATION_SCAN,3.5267,-0.4831,0.301,-147.34,0.4,1.35,15.0,-0.0177,0.0208,-0.0084,0.182,,,,,,
84.827,ROTATION_SCAN,3.525,-0.4806,0.301,-146.79,-0.2,1.15,15.0,-0.0118,0.0314,-0.0086,0.185,,,,,,
84.881,ROTATION_SCAN,3.5236,-0.4755,0.303,-146.26,-0.34,0.95,15.0,-0.0051,0.0426,0.0024,0.185,,,,,,
84.928,ROTATION_SCAN,3.5235,-0.4726,0.303,-145.86,-0.62,0.79,15.0,0.0032,0.0454,-0.0005,0.181,,,,,,
84.995,ROTATION_SCAN,3.5235,-0.4684,0.303,-145.54,-0.64,0.78,15.0,0.0112,0.0495,-0.0014,0.181,,,,,,
85.029,ROTATION_SCAN,3.5251,-0.4651,0.303,-145.25,-0.69,0.63,15.0,0.0213,0.05,-0.0001,0.187,,,,,,
85.07,ROTATION_SCAN,3.5264,-0.4626,0.302,-144.87,-0.85,0.92,15.0,0.0304,0.0482,0.0052,0.187,,,,,,
85.122,ROTATION_SCAN,3.5278,-0.4601,0.302,-144.33,-0.61,0.56,15.0,0.0395,0.0473,0.0069,0.19,,,,,,
85.182,ROTATION_SCAN,3.5311,-0.4583,0.304,-143.64,-0.25,0.34,15.0,0.0474,0.045,0.0148,0.19,,,,,,
85.242,ROTATION_SCAN,3.5346,-0.4563,0.304,-142.92,-0.19,0.05,15.0,0.0527,0.0441,0.0072,0.197,,,,,,
85.273,ROTATION_SCAN,3.5388,-0.4528,0.302,-142.03,-0.47,-0.31,15.0,0.0565,0.0449,0.0066,0.197,,,,,,
85.326,ROTATION_SCAN,3.5426,-0.4507,0.302,-141.08,-0.63,-0.56,15.0,0.0586,0.0391,-0.0047,0.205,,,,,,
85.371,ROTATION_SCAN,3.5463,-0.4476,0.306,-140.05,-0.48,-0.79,15.0,0.0593,0.0345,-0.0018,0.205,,,,,,
85.421,ROTATION_SCAN,3.5501,-0.4479,0.306,-138.97,-0.11,-0.89,15.0,0.0574,0.024,0.0027,0.216,,,,,,
85.471,ROTATION_SCAN,3.5531,-0.4478,0.304,-137.91,-0.04,-1.03,15.0,0.0525,0.0159,0.0033,0.216,,,,,,
85.528,ROTATION_SCAN,3.5541,-0.4498,0.304,-136.96,0.16,-1.06,15.0,0.0426,0.0045,-0.0069,0.224,,,,,,
85.581,ROTATION_SCAN,3.5545,-0.4534,0.304,-135.96,0.12,-1.04,15.0,0.0322,-0.0083,-0.0028,0.224,,,,,,
85.624,ROTATION_SCAN,3.5535,-0.4564,0.304,-134.96,0.2,-1.07,15.0,0.0194,-0.0196,-0.0007,0.229,,,,,,
85.673,ROTATION_SCAN,3.5523,-0.4572,0.303,-134.09,0.65,-0.69,15.0,0.0074,-0.023,-0.007,0.229,,,,,,
85.724,ROTATION_SCAN,3.5498,-0.4622,0.303,-133.36,0.74,-0.26,15.0,-0.0061,-0.0297,-0.0048,0.225,,,,,,
85.771,ROTATION_SCAN,3.5477,-0.4629,0.305,-132.72,0.63,-0.22,15.0,-0.0153,-0.0259,-0.0029,0.225,,,,,,
85.821,ROTATION_SCAN,3.5437,-0.4648,0.305,-132.24,0.61,-0.18,15.0,-0.0276,-0.0257,-0.0003,0.225,,,,,,
85.884,ROTATION_SCAN,3.5401,-0.4688,0.303,-131.56,0.66,0.04,15.0,-0.037,-0.0276,0.002,0.225,,,0.257,,,
85.946,ROTATION_SCAN,3.5359,-0.4698,0.303,-130.89,0.51,0.12,15.0,-0.0449,-0.0235,-0.0076,0.223,,,0.257,,,
85.981,ROTATION_SCAN,3.5291,-0.4705,0.304,-130.36,0.21,0.29,15.0,-0.0563,-0.0197,-0.0027,0.223,,,0.237,,,
86.025,ROTATION_SCAN,3.527,-0.4715,0.304,-129.9,-0.23,0.32,15.0,-0.0529,-0.0177,-0.0036,0.218,,,0.237,,,
86.07,ROTATION_SCAN,3.5214,-0.4717,0.299,-129.45,-0.63,1.01,15.0,-0.0528,-0.0145,-0.0087,0.218,,,0.23,,,
86.122,ROTATION_SCAN,3.518,-0.4741,0.299,-128.99,-1.11,1.53,15.0,-0.0417,-0.0144,-0.0158,0.213,,,0.23,,,
86.171,ROTATION_SCAN,3.5157,-0.4754,0.304,-128.47,-0.95,1.49,15.0,-0.0274,-0.011,-0.0089,0.213,,,0.217,,,
86.221,ROTATION_SCAN,3.5155,-0.4759,0.304,-127.89,-0.96,1.79,15.0,-0.0107,-0.0047,-0.0019,0.213,,,0.217,,,
86.298,ROTATION_SCAN,3.5141,-0.4763,0.301,-127.25,-1.09,1.84,15.0,0.0043,0.0018,-0.0043,0.213,,,0.213,,,
86.322,ROTATION_SCAN,3.5146,-0.4771,0.301,-126.49,-0.58,1.63,15.0,0.0178,0.0066,-0.0124,0.215,,,0.213,,,
86.373,ROTATION_SCAN,3.5171,-0.4767,0.302,-125.71,-0.51,1.8,15.0,0.0338,0.0154,-0.0064,0.215,,,0.211,,,
86.425,ROTATION_SCAN,3.5202,-0.4758,0.302,-124.78,-0.52,1.84,15.0,0.0494,0.0256,-0.0019,0.229,,,0.211,,,
86.472,ROTATION_SCAN,3.5277,-0.4747,0.302,-123.51,-0.73,1.2,15.0,0.0733,0.0311,0.003,0.229,,,0.215,,,
86.52,ROTATION_SCAN,3.5302,-0.4739,0.302,-122.05,-0.61,0.65,15.0,0.0791,0.0317,-0.0038,0.252,,,0.215,,,
86.584,ROTATION_SCAN,3.5349,-0.4728,0.299,-120.66,-0.03,0.27,15.0,0.0844,0.0321,-0.0205,0.252,,,0.211,,,
86.649,ROTATION_SCAN,3.5403,-0.4717,0.299,-119.72,0.17,-0.01,15.0,0.087,0.0314,-0.016,0.346,,,0.211,,,
86.704,ROTATION_SCAN,3.5441,-0.4711,0.302,-119.02,0.48,-0.19,15.0,0.0827,0.0293,-0.0044,0.346,,,0.212,,,
86.723,ROTATION_SCAN,3.5486,-0.4707,0.302,-118.53,0.72,-0.32,15.0,0.078,0.0269,0.0014,1.571,,,0.212,,,
86.78,ROTATION_SCAN,3.5533,-0.4702,0.299,-118.12,0.81,-0.59,15.0,0.0727,0.0245,-0.0054,1.571,,,0.215,,,
86.823,ROTATION_SCAN,3.5571,-0.4688,0.299,-117.72,0.53,-0.84,15.0,0.065,0.0212,-0.008,1.596,,,0.215,,,
86.871,ROTATION_SCAN,3.5598,-0.4696,0.299,-117.24,0.62,-0.59,15.0,0.0567,0.0142,-0.0036,1.596,,,0.221,,,
86.92,ROTATION_SCAN,3.5623,-0.4715,0.299,-116.45,0.72,-0.56,15.0,0.0491,0.0059,-0.0039,1.599,,,0.221,,,
87.0,ROTATION_SCAN,3.563,-0.4731,0.3,-115.53,1.05,-0.37,15.0,0.0362,0.0015,-0.0047,1.599,,,0.222,,,
87.069,ROTATION_SCAN,3.5646,-0.4757,0.3,-114.62,1.21,-0.08,15.0,0.0264,-0.0022,-0.0021,1.589,,,0.222,,,
87.077,ROTATION_SCAN,3.5656,-0.4796,0.297,-113.62,1.17,-0.12,15.0,0.0161,-0.007,-0.0124,1.589,,,0.216,,,
87.125,ROTATION_SCAN,3.5645,-0.4795,0.297,-112.58,1.06,-0.07,15.0,0.0028,-0.0036,-0.0131,1.594,,,0.216,,,
87.181,ROTATION_SCAN,3.5606,-0.4807,0.298,-111.57,0.96,0.21,15.0,-0.0141,-0.0016,-0.0043,1.594,,,0.209,,,
87.22,ROTATION_SCAN,3.5595,-0.4834,0.298,-110.6,0.71,0.17,15.0,-0.0213,-0.0036,-0.0104,1.604,,,0.209,,,
87.271,ROTATION_SCAN,3.5576,-0.4842,0.295,-109.75,0.46,0.04,15.0,-0.0272,-0.0026,-0.015,1.604,,,0.204,,,
87.321,ROTATION_SCAN,3.5556,-0.4867,0.295,-109.01,0.37,0.02,15.0,-0.0318,-0.0063,-0.0218,1.623,,1.829,0.204,,,
87.383,ROTATION_SCAN,3.5538,-0.4847,0.295,-108.25,0.14,0.42,15.0,-0.0338,0.0014,-0.016,1.623,,1.829,0.2,,,
87.446,ROTATION_SCAN,3.5505,-0.4903,0.295,-107.65,-0.2,0.71,15.0,-0.0355,-0.0061,-0.0112,1.639,,1.799,0.2,,,
87.496,ROTATION_SCAN,3.5478,-0.4917,0.293,-107.0,-0.34,1.05,15.0,-0.0332,-0.0015,-0.0093,1.639,,1.799,0.194,,,
87.52,ROTATION_SCAN,3.5464,-0.4928,0.293,-106.5,-0.5,1.29,15.0,-0.0262,0.0047,-0.005,1.692,,1.798,0.194,,,
87.583,ROTATION_SCAN,3.545,-0.4925,0.292,-106.09,-0.74,1.4,15.0,-0.0184,0.0145,-0.0015,1.692,,1.798,0.186,,,
87.621,ROTATION_SCAN,3.5443,-0.491,0.292,-105.79,-0.79,1.22,15.0,-0.0084,0.0249,-0.0002,1.715,,1.789,0.186,,,
87.678,ROTATION_SCAN,3.5451,-0.4876,0.294,-105.45,-1.07,1.0,15.0,0.0045,0.0364,0.006,1.715,,1.789,0.185,,,
87.72,ROTATION_SCAN,3.5474,-0.4858,0.294,-105.04,-0.87,0.75,15.0,0.0192,0.0409,0.0103,1.766,,1.779,0.185,,,
87.806,ROTATION_SCAN,3.5512,-0.4838,0.296,-104.45,-0.32,0.37,-0.0,0.0311,0.0437,0.0154,1.766,,1.779,0.188,,,
87.83,ROTATION_SCAN,3.5533,-0.4783,0.296,-103.74,0.09,0.17,-0.0,0.0331,0.0533,0.0104,1.835,,1.767,0.188,,,
87.87,ROTATION_SCAN,3.5563,-0.4782,0.299,-103.07,0.09,-0.39,-0.0,0.0355,0.0461,0.001,1.835,,1.767,0.19,,,
87.92,ROTATION_SCAN,3.5598,-0.4753,0.299,-102.38,0.25,-0.91,-0.0,0.0363,0.042,-0.0138,1.957,,1.763,0.19,,,
87.97,ROTATION_SCAN,3.5625,-0.4726,0.293,-101.72,0.17,-1.15,-0.0,0.0352,0.0355,-0.0444,1.957,,1.763,0.191,,,
88.02,ROTATION_SCAN,3.5637,-0.475,0.293,-101.14,0.42,-1.37,-0.0,0.0297,0.0163,-0.0684,2.082,,1.753,0.191,,,
88.071,ROTATION_SCAN,3.5673,-0.4743,0.28,-100.65,0.55,-1.24,-0.0,0.0286,0.0066,-0.0735,2.082,,1.753,0.193,,,
88.15,ROTATION_SCAN,3.5694,-0.477,0.28,-100.27,0.62,-0.82,-0.0,0.024,-0.0067,-0.1107,,,1.763,0.193,,,
88.189,ROTATION_SCAN,3.5706,-0.4783,0.268,-99.95,0.5,-0.85,-0.0,0.0183,-0.0147,-0.1202,,,1.763,0.197,,,
88.225,ROTATION_SCAN,3.5705,-0.4835,0.268,-99.62,0.49,-0.34,-0.0,0.0115,-0.029,-0.1341,,,1.752,0.197,,,
88.27,ROTATION_SCAN,3.571,-0.486,0.256,-99.22,0.87,0.2,-0.0,0.0054,-0.0302,-0.1416,,,1.752,0.191,,,
88.32,ROTATION_SCAN,3.5712,-0.4897,0.256,-98.93,0.77,0.49,-0.0,-0.0012,-0.031,-0.1542,,,1.748,0.191,,,
88.37,ROTATION_SCAN,3.57,-0.4916,0.245,-98.79,0.36,0.54,-0.0,-0.0072,-0.0268,-0.1526,,,1.748,0.19,,,
88.42,ROTATION_SCAN,3.5693,-0.4928,0.245,-98.76,0.33,0.88,-0.0,-0.0095,-0.0206,-0.1642,2.853,,1.75,0.19,,,
88.505,ROTATION_SCAN,3.5685,-0.4974,0.228,-98.95,0.57,1.23,-0.0,-0.0127,-0.0196,-0.177,2.853,,1.75,0.186,,,
88.529,ROTATION_SCAN,3.5664,-0.498,0.228,-99.25,0.42,1.21,-0.0,-0.0192,-0.008,-0.1846,2.844,,1.755,0.186,,,
88.574,ROTATION_SCAN,3.5668,-0.501,0.208,-99.6,-0.04,0.78,-0.0,-0.0156,-0.0068,-0.1932,2.844,,1.755,0.183,,,
88.622,ROTATION_SCAN,3.5706,-0.5041,0.208,-99.86,-0.53,0.53,-0.0,-0.0004,-0.0096,-0.1986,,,1.763,0.183,,,
88.67,ROTATION_SCAN,3.5628,-0.5028,0.187,-100.06,-0.5,0.39,-0.0,-0.0155,-0.001,-0.1957,,,1.763,0.188,,,
88.72,ROTATION_SCAN,3.562,-0.5002,0.187,-100.13,-0.31,0.31,-0.0,-0.0125,0.008,-0.2146,,,1.757,0.188,,,
88.77,ROTATION_SCAN,3.5563,-0.4938,0.165,-100.09,-0.22,0.26,-0.0,-0.024,0.0293,-0.2167,,,1.757,0.18,,,
88.848,ROTATION_SCAN,3.5548,-0.4917,0.165,-100.04,-0.16,0.32,-0.0,-0.0233,0.0333,-0.2274,,,1.756,0.18,,,
88.904,ROTATION_SCAN,3.5486,-0.4906,0.148,-100.04,-0.26,0.05,-0.0,-0.0364,0.0338,-0.2142,,,1.756,0.176,,,
88.92,ROTATION_SCAN,3.5478,-0.4888,0.148,-100.05,-0.44,0.11,-0.0,-0.0301,0.0337,-0.2219,1.85,,1.763,0.176,,,
88.976,ROTATION_SCAN,3.5465,-0.4831,0.121,-100.1,-0.48,0.07,-0.0,-0.0254,0.0491,-0.2313,1.85,,1.763,0.176,,,
89.02,ROTATION_SCAN,3.5451,-0.482,0.121,-100.15,-0.33,0.01,-0.0,-0.0224,0.0438,-0.2389,,,1.76,0.176,,,
89.071,ROTATION_SCAN,3.5398,-0.4813,0.091,-100.25,-0.1,-0.19,0.0,-0.0349,0.0357,-0.247,,,1.76,0.171,,,
89.121,ROTATION_SCAN,3.5355,-0.4808,0.091,-100.38,-0.46,-0.08,0.0,-0.0432,0.0288,-0.4223,,,1.765,0.171,,,
89.191,ROTATION_SCAN,3.5276,-0.4825,0.018,-100.43,-0.41,0.4,0.0,-0.0731,0.0095,-0.7165,,,1.765,0.169,,,
89.238,ROTATION_SCAN,3.5268,-0.4778,0.018,-100.65,-0.52,1.8,0.0,-0.0469,0.0584,-1.0838,,,,0.169,,,
89.273,ROTATION_SCAN,3.5153,-0.4792,0.01,-100.18,-2.06,0.64,0.0,-0.1609,0.1017,-0.4929,,,,0.164,,,
89.338,ROTATION_SCAN,3.5012,-0.4751,0.01,-99.34,-6.54,-0.06,0.0,-0.236,0.12,-0.8119,,,,0.164,,,
89.37,ROTATION_SCAN,3.4862,-0.4811,0.0,-98.2,5.5,1.17,0.0,-0.3415,0.1984,-0.3563,,,,0.159,,,
89.419,ROTATION_SCAN,3.4655,-0.4763,0.0,-93.6,0.27,2.76,0.0,-0.3346,0.2568,-0.4148,,,0.287,0.159,,,
89.47,ROTATION_SCAN,3.4481,-0.4531,0.011,-89.71,1.84,1.99,0.0,-0.3362,0.2831,-0.063,,,0.287,0.143,,,
89.564,ROTATION_SCAN,3.4272,-0.4293,0.011,-88.62,1.84,1.78,0.0,-0.2898,0.2771,0.0517,,,,0.143,,,
