time_s,state,x_m,y_m,z_down_m,yaw_deg,roll_deg,pitch_deg,yaw_ref_deg,vx_ms,vy_ms,vz_ms,range_front_m,range_back_m,range_left_m,range_right_m,range_up_m,target_x_m,target_y_m,frontier_x_m,frontier_y_m
0.244,,0.0,0.0,0.013,0.0,0.0,0.0,0.0,0.0,0.0,0.0,0.675,0.419,2.259,0.23,,,,,
0.247,,-0.0313,0.0149,0.014,0.09,-0.67,0.39,0.0,-0.0034,0.0028,-0.0059,0.675,0.419,2.259,0.228,,,,,
0.25,,-0.0319,0.0141,0.014,0.1,-0.63,0.42,0.0,-0.0067,-0.0013,-0.0037,0.679,0.418,,0.228,,,,,
0.254,,-0.0321,0.0141,0.011,0.1,-0.64,0.43,0.0,-0.0068,-0.0011,-0.004,0.679,0.418,,0.231,,,,,
0.327,,-0.032,0.0149,0.011,0.1,-0.67,0.41,0.0,-0.0052,0.0033,-0.0049,0.678,0.42,,0.231,,,,,
0.338,,-0.0324,0.0149,0.016,0.1,-0.67,0.43,0.0,-0.0071,0.0028,-0.0053,0.678,0.42,,0.227,,,,,
0.388,,-0.0312,0.0152,0.016,0.1,-0.68,0.38,0.0,-0.0003,0.0048,0.0041,0.676,0.421,,0.227,,,,,
0.438,,-0.0313,0.0142,0.012,0.1,-0.63,0.38,0.0,-0.0006,-0.0004,0.0041,0.676,0.421,,0.232,,,,,
0.489,,-0.0313,0.0142,0.012,0.1,-0.63,0.38,0.0,-0.0009,-0.0008,-0.0035,0.677,0.421,,0.232,,,,,
0.539,,-0.0325,0.0156,0.014,0.1,-0.69,0.43,0.0,-0.0069,0.0065,-0.0037,0.677,0.421,,0.227,,,,,
0.588,,-0.0313,0.0152,0.014,0.09,-0.67,0.38,0.0,-0.0005,0.0037,-0.0055,0.681,0.422,,0.227,,,,,
0.65,,-0.0331,0.0143,0.012,0.1,-0.62,0.46,0.0,-0.0101,-0.0018,-0.0058,0.681,0.422,,0.23,,,,,
0.707,,-0.032,0.0153,0.012,0.1,-0.67,0.4,0.0,-0.0026,0.004,-0.004,0.677,0.417,,0.23,,,,,
0.741,,-0.0326,0.0159,0.015,0.1,-0.69,0.42,0.0,-0.0062,0.0069,-0.0041,0.677,0.417,,0.22,,,,,
0.787,,-0.0324,0.0151,0.015,0.1,-0.66,0.41,0.0,-0.0051,0.003,0.0052,0.679,0.42,2.439,0.22,,,,,
0.845,,-0.0315,0.0144,0.011,0.09,-0.62,0.37,0.0,0.0006,-0.0015,0.005,0.679,0.42,2.439,0.227,,,,,
0.891,,-0.0324,0.0156,0.011,0.1,-0.67,0.42,0.0,-0.0048,0.0049,0.0004,0.681,0.421,,0.227,,,,,
0.963,,-0.0325,0.0154,0.013,0.1,-0.66,0.42,0.0,-0.0047,0.0033,0.0011,0.681,0.421,,0.231,,,,,
0.99,,-0.0325,0.016,0.013,0.1,-0.69,0.42,0.0,-0.0046,0.0065,-0.0025,0.679,0.419,,0.231,,,,,
1.039,,-0.0315,0.0155,0.013,0.1,-0.66,0.37,0.0,0.0012,0.0029,-0.0026,0.679,0.419,,0.231,,,,,
1.109,,-0.0328,0.0159,0.013,0.1,-0.68,0.44,0.0,-0.0063,0.0056,-0.0006,0.676,0.418,,0.231,,,,,
1.143,,-0.0317,0.0159,0.013,0.1,-0.68,0.39,0.0,-0.0014,0.0051,-0.0006,0.676,0.418,,0.237,,,,,
1.2,,-0.0322,0.0157,0.013,0.1,-0.67,0.41,0.0,-0.0039,0.0033,0.0025,0.679,0.414,,0.237,,,,,
1.237,,-0.0322,0.0145,0.014,0.1,-0.61,0.41,0.0,-0.0041,-0.0042,0.0023,0.679,0.414,,0.226,,,,,
1.288,,-0.0324,0.0145,0.014,0.1,-0.61,0.41,0.0,-0.0052,-0.004,0.0005,0.679,0.418,,0.226,,,,,
1.372,,-0.0318,0.0154,0.013,0.1,-0.65,0.38,0.0,-0.0016,0.0012,0.0005,0.679,0.418,,0.228,,,,,
1.405,,-0.032,0.0154,0.013,0.1,-0.66,0.39,0.0,-0.0027,0.0014,-0.0021,0.677,0.423,,0.228,,,,,
1.445,,-0.0316,0.0162,0.014,0.1,-0.7,0.38,0.0,-0.0002,0.0054,-0.0025,0.677,0.423,,0.227,,,,,
1.501,,-0.0325,0.0154,0.014,0.1,-0.66,0.41,0.0,-0.0043,0.001,-0.0007,0.675,0.418,,0.227,,,,,
1.538,,-0.0325,0.0154,0.013,0.1,-0.65,0.42,0.0,-0.0043,0.0013,-0.0007,0.675,0.418,,0.23,,,,,
1.589,,-0.0332,0.0163,0.013,0.1,-0.69,0.44,0.0,-0.0072,0.006,-0.0012,0.677,0.418,,0.23,,,,,
1.678,,-0.0334,0.0163,0.013,0.1,-0.69,0.44,0.0,-0.0077,0.0055,-0.0014,0.677,0.418,,0.223,,,,,
1.716,,-0.0324,0.0163,0.013,0.1,-0.68,0.4,0.0,-0.0021,0.0052,-0.0037,0.68,0.418,2.098,0.223,,,,,
1.768,,-0.0318,0.0163,0.016,0.1,-0.67,0.38,0.0,0.0013,0.0055,-0.0035,0.68,0.418,2.098,0.228,,,,,
1.81,,-0.0324,0.0162,0.016,0.1,-0.66,0.41,0.0,-0.0023,0.0042,0.0057,0.676,0.421,,0.228,,,,,
1.837,,-0.0325,0.0158,0.014,0.11,-0.64,0.41,0.0,-0.0022,0.002,0.006,0.676,0.421,,0.232,,,,,
1.889,,-0.0319,0.0147,0.014,0.11,-0.6,0.39,0.0,0.0008,-0.0042,0.0053,0.674,0.422,,0.232,,,,,
1.972,,-0.0331,0.0162,0.015,0.11,-0.66,0.44,0.0,-0.0066,0.0034,0.0051,0.674,0.422,,0.233,,,,,
1.996,,-0.033,0.0158,0.015,0.11,-0.64,0.43,0.0,-0.0058,0.0012,0.0016,0.677,0.422,,0.233,,,,,
2.055,,-0.0326,0.0156,0.015,0.1,-0.63,0.42,0.0,-0.0043,-0.0,0.002,0.677,0.422,,0.232,,,,,
2.09,,-0.0328,0.0158,0.015,0.1,-0.64,0.42,0.0,-0.0052,0.0016,0.0035,0.679,0.421,,0.232,,,,,
2.139,,-0.033,0.0161,0.015,0.1,-0.65,0.43,0.0,-0.0059,0.0026,0.0037,0.679,0.421,,0.229,,,,,
2.188,,-0.0324,0.0156,0.015,0.1,-0.63,0.4,0.0,-0.0019,0.0002,0.0005,0.677,0.419,2.304,0.229,,,,,
2.263,,-0.0332,0.0152,0.013,0.1,-0.6,0.44,0.0,-0.0069,-0.0017,0.0008,0.677,0.419,2.304,0.229,,,,,
2.317,,-0.0326,0.0159,0.013,0.1,-0.63,0.41,0.0,-0.0037,0.0015,-0.0042,0.679,0.416,2.355,0.229,,,,,
2.349,,-0.0329,0.0148,0.015,0.1,-0.58,0.41,0.0,-0.0044,-0.0041,-0.0044,0.679,0.416,2.355,0.228,,,,,
2.398,,-0.0327,0.0164,0.015,0.1,-0.65,0.41,0.0,-0.0036,0.0046,-0.0016,0.676,0.419,,0.228,,,,,
2.441,,-0.0337,0.0164,0.013,0.1,-0.65,0.46,0.0,-0.0089,0.0045,-0.0017,0.676,0.419,,0.23,,,,,
2.487,,-0.0321,0.0148,0.013,0.1,-0.59,0.39,0.0,0.0001,-0.0046,-0.0042,0.677,0.416,,0.23,,,,,
2.559,,-0.0328,0.0167,0.015,0.1,-0.67,0.42,0.0,-0.0038,0.0057,-0.0045,0.677,0.416,,0.229,,,,,
2.589,,-0.0331,0.0168,0.015,0.1,-0.67,0.43,0.0,-0.0048,0.0058,0.0011,0.679,0.418,,0.229,,,,,
2.658,,-0.0321,0.0168,0.015,0.09,-0.67,0.38,0.0,0.0001,0.0055,0.0015,0.679,0.418,,0.227,,,,,
2.689,,-0.0338,0.0165,0.015,0.1,-0.66,0.44,0.0,-0.0088,0.0039,0.0014,0.681,0.417,,0.227,,,,,
2.737,,-0.0321,0.0149,0.013,0.09,-0.59,0.37,0.0,0.0002,-0.0043,0.0019,0.681,0.417,,0.228,,,,,
2.788,,-0.0332,0.016,0.013,0.09,-0.64,0.42,0.0,-0.0052,0.0017,-0.003,0.679,0.421,,0.228,,,,,
2.856,,-0.0342,0.0167,0.014,0.1,-0.66,0.46,0.0,-0.0094,0.0051,-0.0022,0.679,0.421,,0.229,,,,,
2.89,,-0.0331,0.016,0.014,0.09,-0.64,0.41,0.0,-0.0033,0.0016,-0.0003,0.682,0.42,,0.229,,,,,
2.946,,-0.0326,0.016,0.012,0.09,-0.63,0.39,0.0,-0.0012,0.0018,-0.0006,0.682,0.42,,0.225,,,,,
2.99,,-0.0334,0.0168,0.012,0.09,-0.66,0.42,0.0,-0.0056,0.0053,-0.0022,0.679,0.418,,0.225,,,,,
3.037,,-0.0339,0.0158,0.016,0.09,-0.63,0.44,0.0,-0.0082,0.0001,-0.0025,0.679,0.418,,0.228,,,,,
3.088,,-0.0332,0.0161,0.016,0.09,-0.64,0.41,0.0,-0.0035,0.0014,-0.002,0.679,0.419,,0.228,,,,,
3.155,,-0.0323,0.0154,0.015,0.09,-0.62,0.38,0.0,0.0012,-0.0023,-0.0023,0.679,0.419,,0.231,,,,,
3.193,,0.0,0.0,0.015,0.0,0.0,0.0,0.0,0.0,0.0,0.0,0.679,0.418,,0.231,,,,,
3.24,,0.0002,-0.0,0.014,0.0,-0.06,-0.05,0.0,0.0071,-0.0025,-0.0005,0.679,0.418,,0.226,,,,,
3.288,,0.0003,-0.0003,0.014,0.0,-0.03,-0.02,0.0,0.0069,-0.0078,-0.0,0.674,0.421,,0.226,,,,,
3.338,,-0.0005,0.0001,0.011,0.0,-0.33,0.37,0.0,-0.0048,-0.0016,-0.0001,0.674,0.421,,0.225,,,,,
3.387,,-0.0003,-0.0008,0.011,-0.0,-0.15,0.28,0.0,-0.0012,-0.0118,-0.0051,0.678,0.421,,0.225,,,,,
3.448,,-0.0008,-0.0005,0.015,-0.0,-0.34,0.41,0.0,-0.006,-0.0067,-0.0051,0.678,0.421,,0.23,,,,,
3.501,,0.0006,-0.0004,0.015,-0.0,-0.43,0.19,0.0,0.0056,-0.0047,0.0018,0.677,0.418,,0.23,,,,,
3.538,,0.0008,-0.0017,0.013,-0.0,-0.3,0.18,0.0,0.007,-0.0133,0.0018,0.677,0.418,,0.224,,,,,
3.589,,-0.001,0.0004,0.013,0.0,-0.6,0.42,0.0,-0.0058,0.0033,0.0004,0.676,0.419,,0.224,,,,,
3.637,,0.0008,-0.0003,0.014,0.0,-0.53,0.23,0.0,0.0055,-0.0017,0.0004,0.676,0.419,,0.224,,,,,
3.687,,0.001,-0.0005,0.014,0.0,-0.53,0.24,0.0,0.006,-0.0028,0.0001,0.679,0.418,,0.224,,,,,
3.745,,0.0007,0.0005,0.015,0.01,-0.63,0.28,0.0,0.0038,0.0043,0.0,0.679,0.418,,0.233,,,,,
3.799,,0.0007,-0.0007,0.015,0.01,-0.54,0.29,0.0,0.0037,-0.0034,0.0015,0.678,0.417,,0.233,,,,,
3.84,,-0.0008,0.0003,0.012,0.0,-0.61,0.4,0.0,-0.0049,0.0031,0.0012,0.678,0.417,,0.231,,,,,
3.887,,0.0011,-0.0014,0.012,0.0,-0.51,0.29,0.0,0.0057,-0.0064,-0.0018,0.679,0.417,,0.231,,,,,
3.937,,0.0001,-0.0007,0.016,0.01,-0.56,0.36,0.0,-0.0003,-0.0024,-0.0011,0.679,0.417,,0.227,,,,,
3.988,,-0.0002,0.0003,0.016,0.01,-0.62,0.38,0.0,-0.0022,0.0033,0.0057,0.679,0.419,,0.227,,,,,
4.042,,-0.0002,-0.0001,0.014,0.01,-0.61,0.38,0.0,-0.0023,0.0008,0.006,0.679,0.419,,0.223,,,,,
4.103,,0.0003,-0.0001,0.014,0.01,-0.61,0.37,0.0,-0.0002,0.0003,0.0024,0.678,0.421,,0.223,,,,,
4.141,,-0.0006,-0.0001,0.015,0.01,-0.62,0.41,0.0,-0.0051,0.0004,0.002,0.678,0.421,,0.233,,,,,
4.187,,0.0007,-0.0012,0.015,0.01,-0.57,0.35,0.0,0.0029,-0.0058,0.004,0.68,0.42,,0.233,,,,,
4.238,,-0.0011,-0.0012,0.013,0.01,-0.58,0.44,0.0,-0.0083,-0.0055,0.0035,0.68,0.42,,0.23,,,,,
4.317,,-0.0009,-0.0003,0.013,0.02,-0.62,0.43,0.0,-0.0063,0.0003,-0.008,0.678,0.417,,0.23,,,,,
4.338,,-0.0011,-0.0012,0.017,0.02,-0.59,0.43,0.0,-0.0079,-0.0047,-0.0084,0.678,0.417,,0.226,,,,,
4.391,,-0.0002,0.0006,0.017,0.02,-0.67,0.39,0.0,-0.0025,0.0057,0.0023,0.679,0.419,,0.226,,,,,
4.447,,-0.001,-0.0004,0.015,0.02,-0.62,0.43,0.0,-0.0075,-0.0005,0.0023,0.679,0.419,,0.227,,,,,
4.512,,-0.0002,0.0007,0.015,0.02,-0.68,0.39,0.0,-0.0018,0.0062,-0.002,0.679,0.419,,0.227,,,,,
4.537,,-0.0012,0.0008,0.013,0.02,-0.68,0.44,0.0,-0.008,0.0067,-0.0017,0.679,0.419,,0.232,,,,,
4.623,,-0.0002,-0.0011,0.013,0.01,-0.6,0.4,0.0,-0.0026,-0.0045,-0.0065,0.674,0.419,,0.232,,,,,
4.65,,-0.0002,0.0007,0.013,0.02,-0.69,0.4,0.0,-0.0026,0.0067,-0.0067,0.674,0.419,,0.226,,,,,
4.69,,0.0009,-0.0011,0.013,0.02,-0.61,0.35,0.0,0.0035,-0.0042,-0.006,0.676,0.418,,0.226,,,,,
4.746,,0.001,-0.0012,0.014,0.02,-0.61,0.35,0.0,0.0035,-0.0048,-0.006,0.676,0.418,,0.23,,,,,
4.786,,-0.0006,-0.0012,0.014,0.02,-0.62,0.42,0.0,-0.0052,-0.0043,-0.0,0.675,0.417,,0.23,,,,,
4.837,,-0.0013,-0.0014,0.016,0.02,-0.61,0.45,0.0,-0.0089,-0.005,-0.0,0.675,0.417,,0.229,,,,,
4.92,,0.0008,-0.0001,0.016,0.03,-0.67,0.35,0.0,0.0033,0.0024,0.0067,0.677,0.416,,0.229,,,,,
4.958,,0.0001,-0.001,0.013,0.03,-0.63,0.39,0.0,-0.0011,-0.0024,0.0072,0.677,0.416,,0.228,,,,,
4.99,,0.0001,0.0009,0.013,0.03,-0.71,0.39,0.0,-0.0011,0.0077,0.0022,0.681,0.417,,0.228,,,,,
5.061,,0.0008,-0.0003,0.015,0.03,-0.65,0.35,0.0,0.0025,0.0014,0.0025,0.681,0.417,,0.233,,,,,
5.092,,0.0001,-0.001,0.015,0.03,-0.61,0.39,0.0,-0.0017,-0.0029,0.0027,0.679,0.417,,0.233,,,,,
5.138,,0.0003,-0.0,0.015,0.03,-0.66,0.37,0.0,0.0001,0.0027,0.003,0.679,0.417,,0.227,,,,,
5.213,,-0.0002,0.0002,0.015,0.03,-0.67,0.39,0.0,-0.0022,0.005,0.0015,0.674,0.421,2.474,0.227,,,,,
5.27,,0.0,0.0009,0.015,0.03,-0.71,0.38,0.0,-0.0014,0.0085,0.0013,0.674,0.421,2.474,0.23,,,,,
5.302,,0.0002,-0.0009,0.015,0.03,-0.62,0.37,0.0,0.0008,-0.0017,0.0027,0.675,0.42,2.521,0.23,,,,,
5.341,,0.0006,0.0005,0.014,0.04,-0.68,0.36,0.0,0.0025,0.0055,0.0026,0.675,0.42,2.521,0.225,,,,,
5.386,,-0.0002,-0.0008,0.014,0.04,-0.62,0.4,0.0,-0.003,-0.0022,-0.0043,0.681,0.416,,0.225,,,,,
5.436,,0.0006,-0.0002,0.012,0.04,-0.65,0.37,0.0,0.0011,0.002,-0.0043,0.681,0.416,,0.228,,,,,
5.519,,-0.0003,0.0007,0.012,0.04,-0.69,0.4,0.0,-0.0035,0.0066,-0.0096,0.677,0.418,,0.228,,,,,
5.554,,-0.0005,0.0008,0.014,0.04,-0.68,0.41,0.0,-0.0047,0.0068,-0.0092,0.677,0.418,,0.227,,,,,
5.591,,0.0001,0.0011,0.014,0.04,-0.69,0.39,0.0,-0.0013,0.0079,-0.0032,0.68,0.419,2.477,0.227,,,,,
5.648,,-0.0006,0.0002,0.015,0.04,-0.64,0.42,0.0,-0.0049,0.0024,-0.0032,0.68,0.419,2.477,0.229,,,,,
5.686,,-0.0002,0.0002,0.015,0.04,-0.64,0.4,0.0,-0.0025,0.0022,0.0023,0.676,0.419,,0.229,,,,,
5.736,,-0.0009,0.0002,0.013,0.04,-0.65,0.43,0.0,-0.0053,0.002,0.0021,0.676,0.419,,0.231,,,,,
5.814,,-0.0002,0.001,0.013,0.04,-0.68,0.39,0.0,-0.0015,0.0061,-0.0031,0.68,0.421,2.486,0.231,,,,,
5.856,,-0.0008,0.0003,0.012,0.05,-0.64,0.41,0.0,-0.004,0.0015,-0.0034,0.68,0.421,2.486,0.229,,,,,
5.908,,-0.0011,-0.0008,0.012,0.05,-0.59,0.42,0.0,-0.006,-0.0048,-0.0028,0.678,0.417,2.506,0.229,,,,,
5.947,,-0.0005,0.0011,0.014,0.05,-0.66,0.4,0.0,-0.0026,0.0045,-0.0029,0.678,0.417,2.506,0.227,,,,,
5.987,,-0.0003,0.0003,0.014,0.05,-0.63,0.38,0.0,-0.0005,0.0012,0.002,0.679,0.419,2.45,0.227,,,,,
6.036,,-0.0008,-0.0007,0.012,0.05,-0.6,0.4,0.0,-0.0035,-0.0039,0.0018,0.679,0.419,2.45,0.23,,,,,
6.109,,-0.0003,0.0012,0.012,0.05,-0.67,0.39,0.0,-0.001,0.0065,-0.0023,0.678,0.421,,0.23,,,,,
6.139,,-0.0006,-0.0007,0.015,0.05,-0.6,0.41,0.0,-0.0032,-0.0032,-0.0022,0.678,0.421,,0.228,,,,,
6.206,,-0.0019,0.0015,0.015,0.05,-0.69,0.45,0.0,-0.0094,0.0082,0.0043,0.68,0.419,,0.228,,,,,
6.242,,-0.0008,0.0011,0.016,0.05,-0.68,0.41,0.0,-0.004,0.007,0.004,0.68,0.419,,0.229,,,,,
6.286,,-0.0009,-0.0006,0.016,0.05,-0.61,0.42,0.0,-0.004,-0.0013,0.0059,0.677,0.419,,0.229,,,,,
6.336,,-0.0011,0.0013,0.014,0.05,-0.69,0.44,0.0,-0.0053,0.0082,0.0058,0.677,0.419,,0.227,,,,,
6.408,,-0.0008,-0.0005,0.014,0.05,-0.62,0.42,0.0,-0.004,-0.0017,-0.0013,0.678,0.417,,0.227,,,,,
6.463,,-0.0002,0.0006,0.013,0.05,-0.67,0.4,0.0,-0.0008,0.0048,-0.0014,0.678,0.417,,0.232,,,,,
6.493,,-0.0011,0.0012,0.013,0.05,-0.7,0.44,0.0,-0.0051,0.0084,-0.0039,0.68,0.42,2.471,0.232,,,,,
6.55,,-0.0011,0.0011,0.014,0.05,-0.68,0.43,0.0,-0.0048,0.0077,-0.0041,0.68,0.42,2.471,0.226,,,,,
6.586,,-0.0005,0.0002,0.014,0.05,-0.63,0.42,0.0,-0.0008,0.003,-0.0031,0.676,0.421,,0.226,,,,,
6.637,,-0.0007,-0.0004,0.014,0.05,-0.61,0.43,0.0,-0.002,0.0002,-0.0036,0.676,0.421,,0.235,,,,,
6.709,,-0.001,-0.0007,0.014,0.05,-0.6,0.45,0.0,-0.0031,-0.0017,-0.0041,0.676,0.419,,0.235,,,,,
6.739,,-0.0005,0.0004,0.013,0.05,-0.65,0.44,0.0,-0.0006,0.0047,-0.0044,0.676,0.419,,0.23,,,,,
6.807,,-0.0003,0.0006,0.013,0.04,-0.65,0.44,0.0,0.0009,0.0054,-0.0031,0.679,0.416,,0.23,,,,,
6.841,,0.0002,0.0016,0.013,0.05,-0.68,0.44,0.0,0.0032,0.0107,-0.0027,0.679,0.416,,0.228,,,,,
6.886,,-0.0012,0.0007,0.013,0.05,-0.64,0.52,-0.0,-0.0058,0.007,0.0007,0.676,0.418,,0.228,,,,,
6.937,,-0.0008,-0.0005,0.015,0.04,-0.5,0.62,-0.0,-0.007,0.0033,-0.0012,0.676,0.418,,0.229,,,,,
7.007,,-0.0025,0.0013,0.015,-0.03,-0.4,0.74,-0.0,-0.0188,0.0141,0.004,0.679,0.419,,0.229,,,,,
7.051,,-0.0025,0.004,0.0,-0.07,-0.01,0.46,-0.0,-0.0192,0.0251,0.0307,0.679,0.419,,0.222,,,,,
7.1,,-0.0066,0.0028,0.0,-0.13,0.17,0.05,-0.0,-0.0353,0.0126,0.0309,0.678,0.426,,0.222,,,,,
7.148,,-0.0203,0.0001,0.0,-0.17,0.58,0.15,-0.0,-0.0915,-0.006,0.0725,0.678,0.426,,0.272,,,,,
7.191,,-0.0133,0.0029,0.0,-0.42,0.22,-0.67,-0.0,-0.0342,0.0072,0.1119,0.677,0.43,,0.272,,,,,
7.239,,-0.0213,0.0052,0.026,-0.63,0.18,-1.11,-0.0,-0.0558,0.0174,0.1538,0.677,0.43,,1.36,,,,,
7.304,,-0.0204,0.0026,0.026,-0.78,0.05,-1.08,-0.0,-0.0279,-0.0013,0.1865,0.671,0.438,2.44,1.36,,,,,
7.341,,-0.0154,-0.0004,0.068,-0.85,0.39,-1.73,-0.0,0.0135,-0.0165,0.2063,0.671,0.438,2.44,1.369,,,,,
7.401,,-0.0151,-0.0062,0.068,-0.88,0.43,-1.16,-0.0,0.0253,-0.0448,0.2652,0.666,0.461,,1.369,,,,,
7.436,,-0.0103,-0.0096,0.094,-0.89,-0.06,-0.58,-0.0,0.049,-0.0513,0.2439,0.666,0.461,,1.377,,,,,
7.486,,-0.0067,-0.0115,0.094,-0.92,-0.28,-0.13,-0.0,0.0576,-0.0464,0.2616,0.655,,2.445,1.377,,,,,
7.567,,-0.0042,-0.0141,0.123,-1.03,-0.54,0.26,-0.0,0.0551,-0.0451,0.2475,0.655,,2.445,1.375,,,,,
7.616,,0.0005,-0.0195,0.123,-1.17,-0.54,0.56,-0.0,0.0611,-0.0556,0.2601,0.651,,,1.375,,,,,
7.643,,0.0037,-0.0235,0.136,-1.27,-0.64,0.95,-0.0,0.0563,-0.0574,0.2526,0.651,,,1.377,,,,,
7.692,,0.006,-0.0268,0.136,-1.32,-0.77,1.06,-0.0,0.0472,-0.0548,0.2255,0.645,,,1.377,,,,,
7.754,,0.0071,-0.0293,0.156,-1.37,-0.76,1.22,-0.0,0.0327,-0.0475,0.2469,0.645,,,1.373,,,,,
7.786,,0.0082,-0.0323,0.156,-1.48,-0.9,1.1,-0.0,0.0217,-0.0436,0.238,0.64,,,1.373,,,,,
7.875,,0.0085,-0.0354,0.179,-1.59,-0.89,1.16,-0.0,0.0097,-0.0397,0.2587,0.64,,,1.371,,,,,
7.915,,0.0077,-0.0371,0.179,-1.6,-0.74,0.75,-0.0,-0.003,-0.0322,0.244,0.635,,2.428,1.371,,,,,
7.95,,0.0076,-0.0402,0.206,-1.56,-0.72,0.45,-0.0,-0.0075,-0.0322,0.2477,0.635,,2.428,1.361,,,,,
7.991,,0.0074,-0.0412,0.206,-1.52,-0.81,0.12,-0.0,-0.0092,-0.0238,0.2477,0.639,,,1.361,,,,,
8.036,,0.0115,-0.0332,0.238,-1.4,-0.97,-0.36,-0.0,0.0075,0.0158,0.2419,0.639,,,1.363,,,,,
8.086,,0.011,-0.0348,0.238,-1.27,-0.37,-0.23,-0.0,0.0076,0.0127,0.2523,0.64,,2.409,1.363,,,,,
8.166,,0.0147,-0.0272,0.26,-1.18,-0.44,-0.22,-0.0,0.0205,0.0388,0.2309,0.64,,2.409,1.364,,,,,
8.218,,0.0151,-0.0272,0.26,-1.14,-0.1,-0.16,-0.0,0.02,0.0351,0.2154,0.642,,2.408,1.364,,,,,
8.256,,0.0139,-0.0287,0.274,-1.03,0.35,0.07,-0.0,0.0136,0.0245,0.1965,0.642,,2.408,1.357,,,,,
8.29,,0.0113,-0.0339,0.274,-0.91,0.47,0.18,-0.0,0.0035,0.0028,0.166,0.64,,2.42,1.357,,,,,
8.341,,0.0108,-0.0357,0.29,-0.82,0.36,0.2,-0.0,-0.0001,-0.0057,0.1592,0.64,,2.42,1.36,,,,,
8.389,,0.0083,-0.0413,0.29,-0.79,0.22,0.28,-0.0,-0.0087,-0.0227,0.1411,0.642,,2.43,1.36,,,,,
8.444,,0.0076,-0.0442,0.301,-0.76,-0.01,0.33,-0.0,-0.0118,-0.028,0.1305,0.642,,2.43,1.352,,,,,
8.497,,0.0061,-0.0481,0.301,-0.73,-0.2,0.03,-0.0,-0.0159,-0.0335,0.1114,0.642,,2.416,1.352,,,,,
8.537,,0.0032,-0.0512,0.314,-0.74,-0.44,0.02,-0.0,-0.021,-0.0347,0.1064,0.642,,2.416,1.344,,,,,
8.586,,0.0017,-0.0543,0.314,-0.78,-0.6,-0.19,-0.0,-0.0218,-0.0334,0.0992,0.642,,2.435,1.344,,,,,
8.636,,-0.0012,-0.0592,0.328,-0.83,-0.49,-0.22,-0.0,-0.0242,-0.0368,0.0886,0.642,,2.435,1.35,,,,,
8.686,,-0.002,-0.0602,0.328,-0.86,-0.67,-0.28,-0.0,-0.0214,-0.0304,0.0922,0.64,,2.422,1.35,,,,,
8.745,,-0.0033,-0.0615,0.33,-0.86,-0.72,-0.32,-0.0,-0.0198,-0.0245,0.0741,0.64,,2.422,1.346,,,,,
8.791,,-0.0038,-0.0629,0.33,-0.89,-0.83,-0.31,-0.0,-0.0162,-0.0193,0.0515,0.639,,2.44,1.346,,,,,
8.854,,-0.0046,-0.0637,0.335,-0.97,-0.78,-0.38,-0.0,-0.013,-0.0124,0.0444,0.639,,2.44,1.34,,,,,
8.891,,-0.0047,-0.064,0.335,-1.02,-0.62,-0.25,-0.0,-0.0091,-0.0061,0.0365,0.641,,2.432,1.34,,,,,
8.941,,-0.0017,-0.0607,0.338,-1.02,-0.49,-0.1,-0.0,-0.001,0.0052,0.0241,0.641,,2.432,1.344,,,,,
9.022,,0.0024,-0.0569,0.338,-1.0,-0.49,-0.08,-0.0,0.0079,0.0159,0.0179,0.638,,2.426,1.344,,,,,
9.037,,0.0016,-0.056,0.341,-0.96,-0.22,0.16,-0.0,0.0052,0.0192,0.0171,0.638,,2.426,1.343,,,,,
9.101,,0.009,-0.0494,0.341,-0.88,-0.04,0.24,-0.0,0.0172,0.031,0.0131,0.638,,2.413,1.343,,,,,
9.14,,0.0089,-0.0485,0.339,-0.83,0.19,0.36,-0.0,0.0128,0.0295,0.0074,0.638,,2.413,1.351,,,,,
9.196,,0.0136,-0.0469,0.339,-0.74,0.39,0.31,-0.0,0.0176,0.0275,-0.0033,0.632,,2.413,1.351,,,,,
9.238,,0.0177,-0.0398,0.339,-0.65,0.43,0.32,-0.0,0.0204,0.0342,-0.0035,0.632,,2.413,1.359,,,,,
9.285,ROTATION_SCAN,0.0206,-0.0375,0.339,-0.63,0.5,0.39,-0.0,0.0211,0.0315,-0.0071,0.632,,2.409,1.359,,,,,
9.336,ROTATION_SCAN,0.0243,-0.0346,0.343,-0.62,0.54,0.46,15.0,0.0223,0.0299,-0.0042,0.632,,2.409,1.36,,,,,
9.439,ROTATION_SCAN,0.0281,-0.0343,0.343,-0.51,0.46,0.59,15.0,0.0226,0.0236,0.0062,0.629,,2.42,1.36,,,,,
9.448,ROTATION_SCAN,0.0342,-0.0314,0.339,-0.28,0.6,0.62,15.0,0.0262,0.0225,-0.0013,0.629,,2.42,1.363,,,,,
9.513,ROTATION_SCAN,0.0358,-0.0323,0.339,0.13,0.59,0.68,15.0,0.0215,0.014,-0.0112,0.63,,2.395,1.363,,,,,
9.579,ROTATION_SCAN,0.0396,-0.033,0.339,0.7,0.57,0.64,15.0,0.0203,0.0066,-0.0065,0.63,,2.395,1.358,,,,,
9.605,ROTATION_SCAN,0.0428,-0.034,0.339,1.35,0.54,0.51,15.0,0.0194,-0.0002,-0.0058,0.626,,2.388,1.358,,,,,
9.653,ROTATION_SCAN,0.0448,-0.0357,0.342,2.1,0.34,0.68,15.0,0.0167,-0.007,-0.005,0.626,,2.388,1.35,,,,,
9.705,ROTATION_SCAN,0.0481,-0.0354,0.342,2.89,0.15,0.69,15.0,0.0153,-0.0085,0.0043,0.634,,2.401,1.35,,,,,
9.746,ROTATION_SCAN,0.0499,-0.0372,0.339,3.64,0.01,0.79,15.0,0.0113,-0.0116,0.0012,0.634,,2.401,1.359,,,,,
9.786,ROTATION_SCAN,0.0501,-0.0371,0.339,4.4,-0.12,0.73,15.0,0.0041,-0.0108,-0.0038,0.636,,2.414,1.359,,,,,
9.862,ROTATION_SCAN,0.0566,-0.0408,0.338,5.18,-0.15,0.78,15.0,0.0087,-0.0157,-0.0039,0.636,,2.414,1.359,,,,,
9.892,ROTATION_SCAN,0.0595,-0.038,0.338,5.97,-0.3,0.8,15.0,0.0061,-0.0087,-0.0067,0.648,,2.409,1.359,,,,,
9.949,ROTATION_SCAN,0.0613,-0.0391,0.335,6.72,-0.34,0.98,15.0,0.001,-0.0079,-0.0038,0.648,,2.409,1.362,,,,,
9.999,ROTATION_SCAN,0.0623,-0.0381,0.335,7.51,-0.32,0.97,15.0,-0.0056,-0.004,-0.011,0.662,,2.408,1.362,,,,,
10.039,ROTATION_SCAN,0.0635,-0.0355,0.341,8.35,-0.32,0.97,15.0,-0.0115,0.0023,-0.0062,0.662,,2.408,1.373,,,,,
10.087,ROTATION_SCAN,0.064,-0.0335,0.341,9.17,-0.42,0.92,15.0,-0.0179,0.0074,0.0115,0.703,,2.427,1.373,,,,,
10.192,ROTATION_SCAN,0.0629,-0.036,0.339,9.97,-0.35,0.89,15.0,-0.026,0.0045,0.0032,0.703,,2.427,1.373,,,,,
10.234,ROTATION_SCAN,0.0583,-0.0329,0.339,10.82,-0.17,1.07,15.0,-0.0398,0.0103,-0.0029,,,2.445,1.373,,,,,
10.258,ROTATION_SCAN,0.0621,-0.0258,0.338,11.65,0.01,0.92,15.0,-0.0382,0.0211,-0.0031,,,2.445,1.386,,,,,
10.32,ROTATION_SCAN,0.0631,-0.0238,0.338,12.46,0.03,0.64,15.0,-0.0398,0.0212,-0.007,2.028,,2.419,1.386,,,,,
10.35,ROTATION_SCAN,0.0608,-0.0229,0.338,13.3,0.01,0.73,15.0,-0.0457,0.0194,-0.0069,2.028,,2.419,1.394,,,,,
10.396,ROTATION_SCAN,0.0582,-0.0206,0.338,14.08,0.14,0.63,15.0,-0.0518,0.0199,-0.0073,,,2.453,1.394,,,,,
10.457,ROTATION_SCAN,0.059,-0.0178,0.336,14.92,0.45,0.61,15.0,-0.0501,0.02,-0.0099,,,2.453,1.399,,,,,
10.5,ROTATION_SCAN,0.0573,-0.0158,0.336,15.79,0.62,0.66,15.0,-0.0526,0.0161,-0.0107,,,,1.399,,,,,
10.54,ROTATION_SCAN,0.0573,-0.0135,0.339,16.64,0.62,0.56,15.0,-0.0516,0.0124,-0.0089,,,,1.419,,,,,
10.615,ROTATION_SCAN,0.0544,-0.0145,0.339,17.48,0.64,0.51,15.0,-0.0546,0.0031,-0.0011,,,,1.419,,,,,
10.651,ROTATION_SCAN,0.053,-0.013,0.339,18.35,0.65,0.52,15.0,-0.0548,-0.0006,-0.007,,,,1.42,,,,,
10.702,ROTATION_SCAN,0.055,-0.0161,0.339,19.24,0.65,0.25,15.0,-0.0476,-0.0124,-0.0067,,,,1.42,,,,,
10.751,ROTATION_SCAN,0.0548,-0.0167,0.333,20.13,0.51,0.22,15.0,-0.0434,-0.0175,-0.0063,,,,,,,,,
10.793,ROTATION_SCAN,0.0567,-0.0174,0.333,21.07,0.39,0.23,15.0,-0.0361,-0.0213,-0.0184,,,,,,,,,
10.842,ROTATION_SCAN,0.0661,-0.0143,0.333,21.98,0.2,0.24,15.0,-0.0166,-0.0167,-0.018,,,,,,,,,
10.903,ROTATION_SCAN,0.0653,-0.0141,0.333,22.9,0.09,0.5,15.0,-0.0186,-0.0173,-0.0141,,,,,,,,,
10.98,ROTATION_SCAN,0.0752,-0.008,0.333,23.78,-0.13,0.44,15.0,-0.0016,-0.0054,-0.0166,,,,,,,,,
10.993,ROTATION_SCAN,0.0777,-0.0066,0.333,24.65,-0.18,0.81,15.0,-0.0018,-0.0031,-0.0128,,,,,,,,,
11.076,ROTATION_SCAN,0.0806,-0.0076,0.33,25.43,-0.15,1.11,15.0,-0.0035,-0.0064,-0.0151,,,,,,,,,
11.098,ROTATION_SCAN,0.0834,-0.0068,0.33,26.25,-0.12,1.37,15.0,-0.007,-0.0074,-0.0191,,,,,,,,,
11.137,ROTATION_SCAN,0.0858,-0.0069,0.328,27.02,-0.07,1.57,15.0,-0.0131,-0.0117,-0.0131,,,,,,,,,
11.204,ROTATION_SCAN,0.0853,-0.0074,0.328,27.76,-0.16,1.63,15.0,-0.0244,-0.0165,-0.0163,,,,,,,,,
11.264,ROTATION_SCAN,0.0846,-0.0093,0.33,28.5,-0.09,1.58,15.0,-0.0354,-0.024,-0.0173,,,,,,,,,
11.285,ROTATION_SCAN,0.0824,-0.0104,0.33,29.32,-0.01,1.5,15.0,-0.0477,-0.0295,-0.0076,,,,,,,,,
11.383,ROTATION_SCAN,0.0844,-0.0089,0.328,30.18,-0.07,1.35,15.0,-0.0486,-0.029,-0.0135,,,,,,,,,
11.402,ROTATION_SCAN,0.0816,-0.0134,0.328,30.92,0.03,1.27,15.0,-0.0588,-0.0407,-0.015,,,,,,,,,
11.483,ROTATION_SCAN,0.0843,-0.0114,0.327,31.68,0.07,0.95,15.0,-0.0552,-0.0378,-0.0112,,,,,,,,,
11.494,ROTATION_SCAN,0.0837,-0.0099,0.327,32.5,-0.07,0.68,15.0,-0.0561,-0.0343,-0.0113,,,,,,,,,
11.585,ROTATION_SCAN,0.0718,-0.021,0.326,33.33,-0.05,0.83,15.0,-0.0804,-0.0564,-0.0107,,,,,,,,,
11.62,ROTATION_SCAN,0.0676,-0.0235,0.326,34.12,-0.04,0.58,15.0,-0.0858,-0.0588,-0.013,,,,,,,,,
11.65,ROTATION_SCAN,0.0655,-0.0234,0.324,34.89,-0.14,0.22,15.0,-0.0844,-0.0538,-0.0128,,,,,,,,,
11.688,ROTATION_SCAN,0.0621,-0.0278,0.324,35.6,-0.21,0.11,15.0,-0.0849,-0.0572,-0.0128,,,,,,,,,
11.738,ROTATION_SCAN,0.0587,-0.029,0.325,36.25,-0.07,-0.09,15.0,-0.084,-0.053,-0.0153,,,,,,,,,
11.833,ROTATION_SCAN,0.0566,-0.0308,0.325,36.83,-0.29,-0.35,15.0,-0.079,-0.0489,-0.0075,,,,,,,,,
11.838,ROTATION_SCAN,0.0524,-0.0337,0.322,37.41,-0.23,-0.56,15.0,-0.078,-0.046,-0.0092,,,,,,,,,
11.907,ROTATION_SCAN,0.0568,-0.0292,0.322,38.05,-0.38,-0.6,15.0,-0.0581,-0.0267,-0.0168,,,,,,,,,
12.002,ROTATION_SCAN,0.0585,-0.0261,0.322,38.66,-0.33,-0.65,15.0,-0.0468,-0.0123,-0.0122,,,,,,,,,
12.086,ROTATION_SCAN,0.0587,-0.0243,0.322,39.25,-0.32,-0.56,15.0,-0.0392,-0.0017,-0.0097,,,,,,,,,
12.102,ROTATION_SCAN,0.0689,-0.0138,0.321,39.89,-0.3,-0.44,15.0,-0.0127,0.0247,-0.0087,,,,,,,,,
12.129,ROTATION_SCAN,0.0724,-0.0101,0.321,40.64,-0.13,0.11,15.0,-0.0042,0.032,-0.0049,,,,,,,,,
12.166,ROTATION_SCAN,0.0773,-0.0042,0.316,41.39,-0.05,0.41,15.0,0.0039,0.0401,-0.0071,,,,,,,,,
12.206,ROTATION_SCAN,0.082,0.0021,0.316,42.17,0.08,0.91,15.0,0.0096,0.0454,-0.0183,,,,,,,,,
12.236,ROTATION_SCAN,0.0884,0.0083,0.318,42.96,0.06,1.3,15.0,0.0154,0.0467,-0.0111,,,,,,,,,
12.307,ROTATION_SCAN,0.0922,0.0123,0.318,43.77,-0.05,1.78,15.0,0.0129,0.0414,-0.0036,,,,,,,,,
12.363,ROTATION_SCAN,0.0937,0.0178,0.313,44.59,0.17,2.18,15.0,0.0038,0.0376,-0.0087,,,,,,,,,
12.421,ROTATION_SCAN,0.0962,0.0217,0.313,45.47,0.27,2.57,15.0,-0.0033,0.0273,-0.0183,,,,,,,,,
12.455,ROTATION_SCAN,0.0943,0.024,0.315,46.34,0.27,2.83,15.0,-0.0206,0.0119,-0.0124,,,,0.827,,,,,
12.508,ROTATION_SCAN,0.0958,0.0268,0.315,47.25,0.23,2.67,15.0,-0.0293,-0.0014,-0.002,,,,0.827,,,,,
12.573,ROTATION_SCAN,0.0938,0.0286,0.316,48.16,0.44,2.49,15.0,-0.0426,-0.0148,-0.0103,,,,0.81,,,,,
12.591,ROTATION_SCAN,0.0939,0.0281,0.316,49.07,0.44,2.39,15.0,-0.0483,-0.0316,-0.0051,,,,0.81,,,,,
12.639,ROTATION_SCAN,0.0888,0.0246,0.312,49.93,0.29,2.11,15.0,-0.0634,-0.0519,-0.0097,,,,0.795,,,,,
12.699,ROTATION_SCAN,0.0873,0.0226,0.312,50.75,0.13,1.73,15.0,-0.0687,-0.064,-0.0158,,,,0.795,,,,,
12.741,ROTATION_SCAN,0.0822,0.0194,0.312,51.54,0.34,1.39,15.0,-0.079,-0.075,-0.0132,,,,0.787,,,,,
12.809,ROTATION_SCAN,0.0796,0.0149,0.312,52.28,0.2,1.16,15.0,-0.0809,-0.0867,-0.0088,,,,0.787,,,,,
12.846,ROTATION_SCAN,0.0783,0.0132,0.315,53.02,0.1,0.73,15.0,-0.078,-0.0876,-0.0107,,,,0.782,,,,,
12.891,ROTATION_SCAN,0.0743,0.0085,0.315,53.82,0.05,0.62,15.0,-0.081,-0.0929,-0.0002,,,,0.782,,,,,
12.95,ROTATION_SCAN,0.0706,0.0021,0.314,54.56,0.22,0.39,15.0,-0.0819,-0.1011,-0.0042,,,,0.772,,,,,
12.99,ROTATION_SCAN,0.0665,-0.0021,0.314,55.25,0.03,0.11,15.0,-0.0819,-0.1015,-0.003,,,,0.772,,,,,
13.071,ROTATION_SCAN,0.064,-0.0061,0.315,55.94,-0.21,-0.08,15.0,-0.0789,-0.0991,-0.0069,,,,0.771,,,,,
13.109,ROTATION_SCAN,0.0609,-0.0101,0.315,56.66,-0.21,-0.24,15.0,-0.0779,-0.0948,-0.0039,,,,0.771,,,,,
13.179,ROTATION_SCAN,0.0569,-0.0125,0.311,57.35,-0.18,-0.4,15.0,-0.0777,-0.0865,-0.007,,,,0.765,,,,,
13.195,ROTATION_SCAN,0.0542,-0.017,0.311,58.09,-0.22,-0.39,15.0,-0.0748,-0.0835,-0.0136,,,,0.765,,,,,
13.251,ROTATION_SCAN,0.0524,-0.0172,0.312,58.85,-0.19,-0.49,15.0,-0.0696,-0.0701,-0.0057,,,,0.759,,,,,
13.293,ROTATION_SCAN,0.0497,-0.0189,0.312,59.59,-0.12,-0.46,15.0,-0.0671,-0.0619,-0.0033,,,,0.759,,,,,
13.334,ROTATION_SCAN,0.0473,-0.0182,0.312,60.32,-0.05,-0.37,15.0,-0.0635,-0.0499,-0.0013,,,,0.755,,,,,
13.394,ROTATION_SCAN,0.0486,-0.0178,0.312,61.04,0.16,-0.66,15.0,-0.0514,-0.0402,0.0018,,,,0.755,,,,,
13.46,ROTATION_SCAN,0.0447,-0.0203,0.313,61.7,0.3,-0.5,15.0,-0.0502,-0.0374,-0.0003,,,,0.749,,,,,
13.493,ROTATION_SCAN,0.0453,-0.0169,0.313,62.37,0.35,-0.36,15.0,-0.039,-0.0235,0.0028,,,,0.749,,,,,
13.538,ROTATION_SCAN,0.0468,-0.0163,0.312,63.0,0.44,-0.17,15.0,-0.0271,-0.0187,0.0011,,,,0.736,,,,,
13.596,ROTATION_SCAN,0.0489,-0.0134,0.312,63.61,0.41,0.14,15.0,-0.016,-0.0113,-0.0026,,,,0.736,,,,,
13.662,ROTATION_SCAN,0.0508,-0.01,0.314,64.18,0.21,0.27,15.0,-0.0079,-0.005,-0.0027,,,,0.723,,,,,
13.687,ROTATION_SCAN,0.0523,-0.009,0.314,64.72,0.09,0.52,15.0,-0.0039,-0.0051,0.0034,,,,0.723,,,,,
13.74,ROTATION_SCAN,0.0558,-0.0077,0.31,65.36,0.17,0.67,15.0,0.0036,-0.0065,-0.0025,,,,0.712,,,,,
13.804,ROTATION_SCAN,0.0586,-0.0049,0.31,66.03,0.01,0.87,15.0,0.0079,-0.0051,-0.0115,,,,0.712,,,,,
13.835,ROTATION_SCAN,0.0623,-0.0027,0.314,66.8,-0.17,1.0,15.0,0.0122,-0.0064,-0.0074,,,,0.696,,,,,
13.896,ROTATION_SCAN,0.067,0.0011,0.314,67.59,-0.35,1.11,15.0,0.0165,-0.0041,0.0012,,,,0.696,,,,,
13.935,ROTATION_SCAN,0.0687,0.0005,0.316,68.46,-0.38,1.07,15.0,0.0128,-0.012,-0.002,,,,0.679,,,,,
13.996,ROTATION_SCAN,0.0727,0.0028,0.316,69.39,-0.65,1.08,15.0,0.0141,-0.012,0.0013,,,,0.679,,,,,
14.058,ROTATION_SCAN,0.0755,0.0049,0.312,70.32,-0.82,1.18,15.0,0.0102,-0.012,-0.0024,,,,0.669,,,,,
14.091,ROTATION_SCAN,0.0773,0.0057,0.312,71.23,-1.09,1.32,15.0,0.003,-0.0157,-0.011,,,,0.669,,,,,
14.176,ROTATION_SCAN,0.0806,0.0084,0.308,72.12,-1.28,1.41,15.0,-0.0023,-0.0154,-0.0128,,,,0.655,,,,,
14.24,ROTATION_SCAN,0.0814,0.0077,0.308,73.04,-1.42,1.34,15.0,-0.0137,-0.0226,-0.02,,1.438,,0.655,,,,,
14.275,ROTATION_SCAN,0.0808,0.0099,0.307,74.02,-1.45,1.42,15.0,-0.0279,-0.022,-0.0163,,1.438,,0.649,,,,,
14.315,ROTATION_SCAN,0.0796,0.0104,0.307,74.91,-1.36,1.52,15.0,-0.0418,-0.0268,-0.0169,,1.437,,0.649,,,,,
14.342,ROTATION_SCAN,0.0765,0.0089,0.305,75.76,-1.36,1.5,15.0,-0.058,-0.0366,-0.0155,,1.437,,0.64,,,,,
14.391,ROTATION_SCAN,0.0734,0.0118,0.305,76.63,-1.08,1.27,15.0,-0.0709,-0.0345,-0.0154,,1.421,,0.64,,,,,
14.434,ROTATION_SCAN,0.0675,0.0066,0.305,77.54,-0.77,1.38,15.0,-0.0863,-0.0509,-0.0117,,1.421,,0.639,,,,,
14.534,ROTATION_SCAN,0.0626,0.0066,0.305,78.38,-0.42,1.25,15.0,-0.0945,-0.0548,-0.009,,1.411,,0.639,,,,,
14.539,ROTATION_SCAN,0.0589,0.0068,0.304,79.14,-0.23,1.09,15.0,-0.0971,-0.0571,-0.0094,,1.411,,0.637,,,,,
14.605,ROTATION_SCAN,0.0545,0.0054,0.304,79.85,0.1,0.81,15.0,-0.0979,-0.0614,-0.0069,,1.403,,0.637,,,,,
14.684,ROTATION_SCAN,0.0518,0.0054,0.306,80.49,0.13,0.75,15.0,-0.0932,-0.0609,-0.0067,,1.403,,0.641,,,,,
14.697,ROTATION_SCAN,0.0475,0.0049,0.306,81.06,0.41,0.59,15.0,-0.0915,-0.0611,0.0005,2.462,1.4,,0.641,,,,,
14.757,ROTATION_SCAN,0.0443,0.0034,0.305,81.68,0.71,0.51,15.0,-0.0847,-0.0625,0.0011,2.462,1.4,,0.647,,,,,
14.811,ROTATION_SCAN,0.0395,0.0002,0.305,82.38,0.83,0.51,15.0,-0.0806,-0.0676,0.0015,2.416,1.392,,0.647,,,,,
14.845,ROTATION_SCAN,0.0376,-0.0032,0.303,83.12,0.87,0.24,15.0,-0.0696,-0.0718,0.0003,2.416,1.392,,0.646,,,,,
14.888,ROTATION_SCAN,0.0352,-0.0068,0.303,83.8,1.01,0.03,15.0,-0.0595,-0.0738,-0.0031,2.402,1.385,,0.646,,,,,
14.949,ROTATION_SCAN,0.0344,-0.0097,0.306,84.48,0.88,-0.16,15.0,-0.0466,-0.0723,-0.0042,2.402,1.385,,0.649,,,,,
15.035,ROTATION_SCAN,0.0346,-0.0103,0.306,85.15,0.8,-0.35,15.0,-0.0339,-0.0641,0.0051,2.408,1.375,,0.649,,,,,
15.05,ROTATION_SCAN,0.0345,-0.0119,0.306,85.83,0.67,-0.46,15.0,-0.024,-0.0573,-0.0001,2.408,1.375,,0.646,,,,,
15.09,ROTATION_SCAN,0.0341,-0.0172,0.306,86.5,0.5,-0.52,15.0,-0.0169,-0.059,-0.0027,2.405,1.37,,0.646,,,,,
15.154,ROTATION_SCAN,0.037,-0.0134,0.302,87.23,0.43,-0.55,15.0,-0.0041,-0.039,0.0002,2.405,1.37,,0.642,,,,,
15.185,ROTATION_SCAN,0.0385,-0.0126,0.302,88.04,0.25,-0.18,15.0,0.003,-0.0298,-0.0064,2.389,1.372,,0.642,,,,,
15.238,ROTATION_SCAN,0.0409,-0.0114,0.305,88.88,0.14,-0.1,15.0,0.0098,-0.0226,-0.0063,2.389,1.372,,0.64,,,,,
15.309,ROTATION_SCAN,0.0449,-0.0057,0.305,89.77,-0.15,0.07,15.0,0.0181,-0.0069,0.0016,2.377,1.373,,0.64,,,,,
15.399,NAV_TO_LANDING,0.048,-0.0004,0.306,90.74,-0.35,0.17,15.0,0.0215,0.005,0.0036,2.377,1.373,,0.647,,,,1.14,-1.1
15.537,NAV_TO_LANDING,0.0519,0.0003,0.306,91.67,-0.52,0.36,-0.0,0.0245,0.004,0.0058,2.382,1.383,,0.647,,,,1.14,-1.1
15.651,NAV_WAYPOINT,0.0544,0.0049,0.309,92.51,-0.5,0.28,-0.0,0.0234,0.0108,0.0044,2.382,1.383,,0.655,,0.04,-1.1,1.14,-1.1
15.686,NAV_WAYPOINT,0.0561,0.008,0.309,93.22,-0.52,0.3,-0.0,0.0206,0.014,0.012,2.392,1.382,,0.655,,0.04,-1.1,1.14,-1.1
15.731,NAV_WAYPOINT,0.0552,0.0112,0.305,93.72,-0.6,0.36,-0.0,0.012,0.017,0.0089,2.392,1.382,,0.661,,0.04,-1.1,1.14,-1.1
15.745,NAV_WAYPOINT,0.0568,0.0176,0.305,94.05,-0.55,0.21,-0.0,0.0099,0.027,-0.0052,2.378,1.39,,0.661,,0.04,-1.1,1.14,-1.1
15.789,NAV_WAYPOINT,0.0578,0.0198,0.304,94.27,-0.67,0.4,-0.0,0.0064,0.0264,-0.0018,2.378,1.39,,0.676,,0.04,-1.1,1.14,-1.1
15.801,NAV_WAYPOINT,0.0574,0.0261,0.304,94.35,-0.51,0.58,-0.0,-0.0003,0.0337,-0.0072,2.376,1.396,,0.676,,0.04,-1.1,1.14,-1.1
15.863,NAV_WAYPOINT,0.0566,0.0263,0.307,94.37,-0.38,0.88,-0.0,-0.0053,0.0247,-0.0018,2.376,1.396,,0.682,,0.04,-1.1,1.14,-1.1
15.883,NAV_WAYPOINT,0.0572,0.0314,0.307,94.38,-0.35,3.31,-0.0,-0.0054,0.0191,0.0103,2.372,1.397,,0.682,,0.04,-1.1,1.14,-1.1
15.9,NAV_WAYPOINT,0.0568,0.0353,0.309,94.36,-0.24,4.78,-0.0,-0.0053,-0.0064,0.0007,2.372,1.397,,0.689,,0.04,-1.1,1.14,-1.1
15.908,NAV_WAYPOINT,0.0556,0.035,0.309,94.25,-0.46,5.45,-0.0,-0.0071,-0.0469,0.0058,2.374,1.401,,0.689,,0.04,-1.1,1.14,-1.1
15.947,NAV_WAYPOINT,0.0553,0.0319,0.309,94.16,-0.46,5.82,-0.0,-0.0074,-0.0938,-0.0026,2.374,1.401,,0.701,,0.04,-1.1,1.14,-1.1
16.002,NAV_WAYPOINT,0.0547,0.027,0.309,94.02,-0.4,5.62,-0.0,-0.0083,-0.1403,-0.0057,2.387,1.395,,0.701,,0.04,-1.1,1.14,-1.1
16.049,NAV_WAYPOINT,0.0569,0.019,0.309,93.94,-0.27,5.22,-0.0,-0.0019,-0.187,-0.0077,2.387,1.395,,0.677,,0.04,-1.1,1.14,-1.1
16.106,NAV_WAYPOINT,0.0559,0.0063,0.309,93.88,-0.11,4.63,-0.0,-0.0028,-0.2357,-0.0071,2.399,1.38,,0.677,,0.04,-1.1,1.14,-1.1
16.142,NAV_WAYPOINT,0.0549,-0.007,0.305,93.85,-0.32,3.66,-0.0,-0.0042,-0.2738,-0.0063,2.399,1.38,,0.662,,0.04,-1.1,1.14,-1.1
16.196,NAV_WAYPOINT,0.0593,-0.0195,0.305,93.8,-0.21,2.75,-0.0,0.0063,-0.2974,-0.0161,2.41,1.356,,0.662,,0.04,-1.1,1.14,-1.1
16.234,NAV_WAYPOINT,0.0609,-0.0324,0.303,93.76,-0.19,1.86,-0.0,0.0092,-0.3121,-0.0098,2.41,1.356,,0.64,,0.04,-1.1,1.14,-1.1
16.317,NAV_WAYPOINT,0.0639,-0.0461,0.303,93.78,-0.39,1.21,-0.0,0.0139,-0.3205,-0.0117,2.43,1.335,,0.64,,0.04,-1.1,1.14,-1.1
16.347,NAV_WAYPOINT,0.0646,-0.0642,0.303,93.83,-0.27,0.56,-0.0,0.0115,-0.3331,-0.0112,2.43,1.335,,0.631,,0.04,-1.1,1.14,-1.1
16.407,NAV_WAYPOINT,0.0668,-0.0774,0.303,93.84,-0.11,0.12,-0.0,0.0141,-0.3279,-0.0046,2.461,1.3,,0.631,,0.04,-1.1,1.14,-1.1
16.455,NAV_WAYPOINT,0.0701,-0.0904,0.308,93.84,-0.14,-0.16,-0.0,0.0196,-0.3194,-0.0054,2.461,1.3,,0.626,,0.04,-1.1,1.14,-1.1
16.49,NAV_WAYPOINT,0.0699,-0.1021,0.308,93.8,-0.23,-0.26,-0.0,0.0154,-0.307,0.007,2.492,1.277,,0.626,,0.04,-1.1,1.14,-1.1
16.536,NAV_WAYPOINT,0.0714,-0.1149,0.331,93.73,-0.33,-0.24,-0.0,0.0149,-0.2988,0.0022,2.492,1.277,,0.627,,0.04,-1.1,1.14,-1.1
16.599,NAV_WAYPOINT,0.0723,-0.1281,0.331,93.62,-0.37,-0.22,-0.0,0.0123,-0.2917,0.061,2.503,1.255,,0.627,,0.04,-1.1,1.14,-1.1
16.659,NAV_WAYPOINT,0.0736,-0.1409,0.341,93.51,-0.26,0.1,-0.0,0.0114,-0.2866,0.0153,2.503,1.255,,0.625,,0.04,-1.1,1.14,-1.1
16.691,NAV_WAYPOINT,0.0744,-0.1533,0.341,93.35,-0.2,0.27,-0.0,0.0105,-0.2831,0.0355,2.545,1.226,,0.625,,0.04,-1.1,1.14,-1.1
16.763,NAV_WAYPOINT,0.0766,-0.163,0.365,93.24,-0.19,0.46,-0.0,0.0134,-0.2743,0.0007,2.545,1.226,,0.628,,0.04,-1.1,1.14,-1.1
16.809,NAV_WAYPOINT,0.0766,-0.1763,0.365,93.11,-0.42,0.59,-0.0,0.0101,-0.2772,0.053,2.563,1.202,,0.628,,0.04,-1.1,1.14,-1.1
16.836,NAV_WAYPOINT,0.0776,-0.1874,0.368,93.01,-0.43,0.47,-0.0,0.0081,-0.2743,-0.0061,2.563,1.202,,0.626,,0.04,-1.1,1.14,-1.1
16.885,NAV_WAYPOINT,0.0801,-0.1998,0.368,92.93,-0.34,0.68,-0.0,0.0111,-0.275,-0.002,2.567,1.182,,0.626,,0.04,-1.1,1.14,-1.1
16.962,NAV_WAYPOINT,0.0805,-0.2121,0.342,92.86,-0.14,0.8,-0.0,0.009,-0.277,-0.0533,2.567,1.182,,0.625,,0.04,-1.1,1.14,-1.1
17.033,NAV_WAYPOINT,0.0807,-0.222,0.342,92.73,-0.19,0.79,-0.0,0.0077,-0.273,-0.1236,2.596,1.169,,0.625,,0.04,-1.1,1.14,-1.1
17.064,NAV_WAYPOINT,0.0816,-0.2353,0.311,92.61,-0.26,1.0,-0.0,0.0076,-0.2796,-0.1058,2.596,1.169,,0.622,,0.04,-1.1,1.14,-1.1
17.112,NAV_WAYPOINT,0.0828,-0.2446,0.311,92.5,-0.35,0.99,-0.0,0.0078,-0.2764,-0.1713,2.624,1.151,,0.622,,0.04,-1.1,1.14,-1.1
17.149,NAV_WAYPOINT,0.0845,-0.2534,0.284,92.31,-0.61,0.97,-0.0,0.0069,-0.2727,-0.1276,2.624,1.151,,0.616,,0.04,-1.1,1.14,-1.1
17.23,NAV_WAYPOINT,0.0842,-0.265,0.284,92.2,-0.78,1.08,-0.0,-0.0001,-0.2767,-0.1624,2.632,1.119,,0.616,,0.04,-1.1,1.14,-1.1
17.262,NAV_WAYPOINT,0.0851,-0.2786,0.264,92.12,-0.73,1.2,-0.0,-0.0043,-0.2867,-0.1091,2.632,1.119,,0.616,,0.04,-1.1,1.14,-1.1
17.293,NAV_WAYPOINT,0.0847,-0.2893,0.264,92.18,-0.74,1.12,-0.0,-0.0108,-0.2885,-0.1182,2.668,1.103,,0.616,,0.04,-1.1,1.14,-1.1
17.352,NAV_WAYPOINT,0.0845,-0.299,0.26,92.24,-0.78,0.9,-0.0,-0.0164,-0.2861,-0.0662,2.668,1.103,,0.617,,0.04,-1.1,1.14,-1.1
17.39,NAV_WAYPOINT,0.0844,-0.3101,0.26,92.42,-0.73,1.05,-0.0,-0.0207,-0.287,-0.0397,,1.08,,0.617,,0.04,-1.1,1.14,-1.1
17.449,NAV_WAYPOINT,0.0833,-0.3236,0.259,92.54,-0.54,0.85,-0.0,-0.0263,-0.293,-0.0168,,1.08,,0.62,,0.04,-1.1,1.14,-1.1
17.495,NAV_WAYPOINT,0.083,-0.3333,0.259,92.61,-0.39,0.82,-0.0,-0.0272,-0.2879,-0.0008,2.742,1.058,,0.62,,0.04,-1.1,1.14,-1.1
17.558,NAV_WAYPOINT,0.0817,-0.3441,0.261,92.6,-0.11,0.57,-0.0,-0.0294,-0.2849,0.0204,2.742,1.058,,0.625,,0.04,-1.1,1.14,-1.1
17.593,NAV_WAYPOINT,0.0809,-0.356,0.261,92.56,0.07,0.63,-0.0,-0.0275,-0.2836,0.0333,,1.036,,0.625,,0.04,-1.1,1.14,-1.1
17.665,NAV_WAYPOINT,0.0797,-0.3674,0.264,92.43,0.16,0.5,-0.0,-0.026,-0.2809,0.0395,,1.036,,0.625,,0.04,-1.1,1.14,-1.1
17.693,NAV_WAYPOINT,0.0788,-0.3804,0.264,92.3,0.21,0.67,-0.0,-0.0233,-0.2821,0.0425,2.775,1.011,,0.625,,0.04,-1.1,1.14,-1.1
17.739,NAV_WAYPOINT,0.0792,-0.3924,0.271,92.06,0.2,0.63,-0.0,-0.0172,-0.282,0.0505,2.775,1.011,,0.626,,0.04,-1.1,1.14,-1.1
17.784,NAV_WAYPOINT,0.0795,-0.4046,0.271,91.76,0.08,0.53,-0.0,-0.0125,-0.2811,0.0563,,0.99,,0.626,,0.04,-1.1,1.14,-1.1
17.858,NAV_WAYPOINT,0.0792,-0.4164,0.276,91.4,-0.04,0.55,-0.0,-0.0111,-0.2791,0.0528,,0.99,,0.622,,0.04,-1.1,1.14,-1.1
17.895,NAV_WAYPOINT,0.0794,-0.4288,0.276,91.06,-0.27,0.57,-0.0,-0.0102,-0.2793,0.0508,2.822,0.969,,0.622,,0.04,-1.1,1.14,-1.1
17.943,NAV_WAYPOINT,0.0791,-0.4396,0.28,90.83,-0.46,0.64,-0.0,-0.0123,-0.2751,0.0488,2.822,0.969,,0.618,,0.04,-1.1,1.14,-1.1
18.006,NAV_WAYPOINT,0.0791,-0.4531,0.28,90.6,-0.58,0.53,-0.0,-0.0146,-0.2789,0.0443,,0.947,,0.618,,0.04,-1.1,1.14,-1.1
18.04,NAV_WAYPOINT,0.0775,-0.4661,0.286,90.38,-0.61,0.43,-0.0,-0.0218,-0.2808,0.0422,,0.947,,0.622,,0.04,-1.1,1.14,-1.1
18.131,NAV_WAYPOINT,0.0767,-0.4766,0.286,90.15,-0.48,0.27,-0.0,-0.0254,-0.2731,0.0451,,0.923,,0.622,,0.04,-1.1,1.14,-1.1
18.16,NAV_WAYPOINT,0.0751,-0.4886,0.286,90.0,-0.34,0.39,-0.0,-0.0296,-0.2708,0.0362,,0.923,,0.625,,0.04,-1.1,1.14,-1.1
18.207,NAV_WAYPOINT,0.0736,-0.4989,0.286,89.81,-0.19,0.31,-0.0,-0.032,-0.2643,0.0261,,0.899,,0.625,,0.04,-1.1,1.14,-1.1
18.241,NAV_WAYPOINT,0.0712,-0.5092,0.293,89.6,0.15,0.4,-0.0,-0.0344,-0.2587,0.0326,,0.899,,0.626,,0.04,-1.1,1.14,-1.1
18.286,NAV_WAYPOINT,0.0692,-0.5205,0.293,89.5,0.35,0.7,-0.0,-0.0335,-0.2581,0.0431,2.894,0.882,,0.626,,0.04,-1.1,1.14,-1.1
18.359,NAV_WAYPOINT,0.0678,-0.5311,0.295,89.46,0.56,0.98,-0.0,-0.0296,-0.2582,0.038,2.894,0.882,,0.63,,0.04,-1.1,1.14,-1.1
18.393,NAV_WAYPOINT,0.0658,-0.5413,0.295,89.54,0.86,1.25,-0.0,-0.026,-0.2593,0.0308,,0.862,,0.63,,0.04,-1.1,1.14,-1.1
18.439,NAV_WAYPOINT,0.0652,-0.552,0.3,89.72,0.89,1.26,-0.0,-0.0168,-0.2627,0.0321,,0.862,,0.633,,0.04,-1.1,1.14,-1.1
18.526,NAV_WAYPOINT,0.0643,-0.5648,0.3,89.9,0.72,1.33,-0.0,-0.0104,-0.2719,0.0312,,0.839,,0.633,,0.04,-1.1,1.14,-1.1
18.548,NAV_WAYPOINT,0.0635,-0.5784,0.302,90.01,0.56,1.26,-0.0,-0.0061,-0.2819,0.0229,,0.839,,0.634,,0.04,-1.1,1.14,-1.1
18.621,NAV_WAYPOINT,0.0633,-0.5902,0.302,90.2,0.55,1.22,-0.0,-0.0009,-0.2858,0.0181,2.949,0.814,,0.634,,0.04,-1.1,1.14,-1.1
18.641,NAV_WAYPOINT,0.0637,-0.6027,0.31,90.32,0.17,0.88,-0.0,0.0037,-0.2896,0.0156,2.949,0.814,,0.627,,0.04,-1.1,1.14,-1.1
18.718,NAV_WAYPOINT,0.0657,-0.6153,0.31,90.37,-0.36,0.68,-0.0,0.0082,-0.2905,0.0222,,0.787,,0.627,,0.04,-1.1,1.14,-1.1
18.747,NAV_WAYPOINT,0.0672,-0.6288,0.307,90.25,-0.57,0.51,-0.0,0.0074,-0.2929,0.0057,,0.787,,0.625,,0.04,-1.1,1.14,-1.1
18.817,NAV_WAYPOINT,0.0678,-0.6436,0.307,90.06,-0.64,0.5,-0.0,0.0035,-0.2967,-0.0021,2.988,0.762,,0.625,,0.04,-1.1,1.14,-1.1
18.837,NAV_WAYPOINT,0.0673,-0.6564,0.305,89.86,-0.73,0.68,-0.0,-0.0036,-0.2963,-0.0045,2.988,0.762,,0.625,,0.04,-1.1,1.14,-1.1
18.894,NAV_WAYPOINT,0.0668,-0.6683,0.305,89.69,-0.81,0.49,-0.0,-0.0106,-0.2941,-0.0093,,0.738,,0.625,,0.04,-1.1,1.14,-1.1
18.941,NAV_WAYPOINT,0.0664,-0.6831,0.305,89.74,-0.87,0.45,-0.0,-0.0171,-0.2976,-0.0071,,0.738,,0.638,,0.04,-1.1,1.14,-1.1
19.015,NAV_WAYPOINT,0.0655,-0.6971,0.305,89.86,-0.69,0.43,-0.0,-0.0238,-0.2993,-0.0105,,0.711,,0.638,,0.04,-1.1,1.14,-1.1
19.042,NAV_WAYPOINT,0.0629,-0.7094,0.304,90.03,-0.82,0.27,-0.0,-0.0327,-0.2951,-0.0137,,0.711,,0.655,,0.04,-1.1,1.14,-1.1
19.123,NAV_WAYPOINT,0.0599,-0.7269,0.304,90.26,-0.84,0.19,-0.0,-0.0431,-0.3038,-0.0156,,0.68,,0.655,,0.04,-1.1,1.14,-1.1
19.153,NAV_WAYPOINT,0.0562,-0.74,0.301,90.53,-0.63,0.15,-0.0,-0.053,-0.3001,-0.0128,,0.68,,0.686,,0.04,-1.1,1.14,-1.1
19.199,NAV_WAYPOINT,0.0524,-0.7533,0.301,90.74,-0.31,0.22,-0.0,-0.0598,-0.2975,-0.0174,,0.655,,0.686,,0.04,-1.1,1.14,-1.1
19.262,NAV_WAYPOINT,0.0496,-0.7688,0.302,90.85,0.07,0.29,-0.0,-0.0605,-0.301,-0.0116,,0.655,,0.751,,0.04,-1.1,1.14,-1.1
19.29,NAV_WAYPOINT,0.0462,-0.7824,0.302,91.03,0.34,0.25,-0.0,-0.0597,-0.2993,-0.0048,,0.625,,0.751,,0.04,-1.1,1.14,-1.1
19.333,NAV_WAYPOINT,0.0424,-0.7983,0.299,91.18,0.4,0.29,-0.0,-0.0585,-0.3036,-0.004,,0.625,,0.965,,0.04,-1.1,1.14,-1.1
19.41,NAV_WAYPOINT,0.039,-0.8126,0.299,91.3,0.41,0.27,-0.0,-0.0561,-0.3039,-0.0071,,0.596,,0.965,,0.04,-1.1,1.14,-1.1
19.45,NAV_WAYPOINT,0.0357,-0.8258,0.299,91.37,0.39,0.29,-0.0,-0.0545,-0.301,-0.0028,,0.596,,,,0.04,-1.1,1.14,-1.1
19.507,NAV_WAYPOINT,0.0318,-0.84,0.299,91.54,0.76,0.39,-0.0,-0.0527,-0.3015,-0.0015,,0.572,,,,0.04,-1.1,1.14,-1.1
19.559,NAV_WAYPOINT,0.0286,-0.8531,0.3,91.75,1.04,0.51,-0.0,-0.0466,-0.3001,0.0035,,0.572,,,,0.04,-1.1,1.14,-1.1
19.602,NAV_WAYPOINT,0.0265,-0.8672,0.3,92.05,1.25,0.56,-0.0,-0.0367,-0.3016,0.0078,,0.544,,,,0.04,-1.1,1.14,-1.1
19.64,NAV_WAYPOINT,0.0244,-0.8818,0.306,92.28,1.11,0.7,-0.0,-0.0274,-0.305,0.0008,,0.544,,,,0.04,-1.1,1.14,-1.1
19.71,NAV_WAYPOINT,0.0229,-0.8961,0.306,92.48,1.17,0.75,-0.0,-0.0185,-0.3086,0.0112,,0.518,,,,0.04,-1.1,1.14,-1.1
19.747,NAV_WAYPOINT,0.0217,-0.9108,0.304,92.78,1.19,0.62,-0.0,-0.0092,-0.3116,0.0001,,0.518,,,,0.04,-1.1,1.14,-1.1
19.809,NAV_WAYPOINT,0.021,-0.9251,0.304,93.03,1.26,0.59,-0.0,0.0002,-0.313,-0.0041,,0.491,,,,0.04,-1.1,1.14,-1.1
19.837,NAV_WAYPOINT,0.0215,-0.9392,0.302,93.26,0.9,0.53,-0.0,0.0113,-0.3134,-0.0039,,0.491,,,,0.04,-1.1,1.14,-1.1
19.905,NAV_WAYPOINT,0.0233,-0.9551,0.302,93.38,0.57,0.06,-0.0,0.0203,-0.316,-0.0094,,0.467,,,,0.04,-1.1,1.14,-1.1
19.962,NAV_WAYPOINT,0.0255,-0.9708,0.301,93.35,0.34,0.16,-0.0,0.0274,-0.316,-0.0064,,0.467,,,,0.04,-1.1,1.14,-1.1
20.002,NAV_WAYPOINT,0.0271,-0.9854,0.301,93.27,-0.11,-0.07,-0.0,0.0293,-0.3139,-0.0129,,0.436,,,,0.04,-1.1,1.14,-1.1
20.034,NAV_WAYPOINT,0.0292,-0.999,0.301,93.22,-0.08,0.13,-0.0,0.03,-0.3091,-0.0034,,0.436,,,,0.04,-1.1,1.14,-1.1
20.098,NAV_WAYPOINT,0.031,-1.0124,0.301,93.26,-0.0,-0.1,-0.0,0.0304,-0.3048,-0.0012,,0.409,,,,0.04,-1.1,1.14,-1.1
20.134,NAV_WAYPOINT,0.0328,-1.0284,0.299,93.29,0.06,0.08,-0.0,0.0312,-0.3059,0.0051,,0.409,,,,0.04,-1.1,1.14,-1.1
20.206,NAV_WAYPOINT,0.0329,-1.0427,0.299,93.35,0.05,0.17,-0.0,0.0286,-0.3045,0.0004,,0.38,,,,0.04,-1.1,1.14,-1.1
20.248,NAV_WAYPOINT,0.034,-1.0564,0.297,93.32,-0.13,0.12,-0.0,0.0277,-0.3023,0.0022,,0.38,,,,0.04,-1.1,1.14,-1.1
20.287,NAV_WAYPOINT,0.0353,-1.0693,0.297,93.3,-0.12,-0.0,-0.0,0.0264,-0.2976,-0.0028,,0.353,,,,0.04,-1.1,1.14,-1.1
20.338,NAV_WAYPOINT,0.036,-1.0831,0.293,93.28,-0.16,-0.67,-0.0,0.0237,-0.2931,-0.001,,0.353,,,,1.14,-1.1,1.14,-1.1
20.411,NAV_WAYPOINT,0.0378,-1.0988,0.293,93.15,-0.09,-1.4,-0.0,0.0236,-0.2878,-0.007,,0.33,,,,1.14,-1.1,1.14,-1.1
20.448,NAV_WAYPOINT,0.0383,-1.1113,0.276,92.9,0.68,-2.15,-0.0,0.0213,-0.2696,0.0057,,0.33,,1.793,,1.14,-1.1,1.14,-1.1
20.506,NAV_WAYPOINT,0.0378,-1.1219,0.276,92.56,3.02,-3.22,-0.0,0.0307,-0.2407,-0.0339,,0.303,,1.793,,1.14,-1.1,1.14,-1.1
20.533,NAV_WAYPOINT,0.0384,-1.1329,0.311,92.12,4.14,-3.77,-0.0,0.0584,-0.2072,-0.0033,,0.303,,,,1.14,-1.1,1.14,-1.1
20.598,NAV_WAYPOINT,0.0411,-1.1425,0.311,91.7,4.67,-3.97,-0.0,0.0954,-0.1721,0.0937,,0.286,,,,1.14,-1.1,1.14,-1.1
20.638,NAV_WAYPOINT,0.046,-1.1499,0.305,91.46,4.91,-4.11,-0.0,0.1294,-0.1394,0.036,,0.286,,1.714,,1.14,-1.1,1.14,-1.1
20.716,NAV_WAYPOINT,0.0543,-1.1566,0.305,91.23,4.9,-3.83,-0.0,0.1712,-0.1062,0.0179,,0.269,,1.714,,1.14,-1.1,1.14,-1.1
20.748,NAV_WAYPOINT,0.0637,-1.1594,0.31,91.08,4.4,-3.35,-0.0,0.211,-0.0706,0.0134,,0.269,,1.695,,1.14,-1.1,1.14,-1.1
20.814,NAV_WAYPOINT,0.0759,-1.1636,0.31,91.04,3.67,-3.09,-0.0,0.2468,-0.0457,0.0123,,0.259,,1.695,,1.14,-1.1,1.14,-1.1
20.841,NAV_WAYPOINT,0.0886,-1.1658,0.313,90.98,2.95,-2.43,-0.0,0.2735,-0.0225,0.0009,,0.259,,1.679,,1.14,-1.1,1.14,-1.1
20.895,NAV_WAYPOINT,0.1004,-1.1654,0.313,90.88,2.33,-1.59,-0.0,0.2915,-0.0022,0.002,,0.259,,1.679,,1.14,-1.1,1.14,-1.1
20.94,NAV_WAYPOINT,0.1169,-1.1658,0.315,90.87,1.65,-1.06,-0.0,0.3118,0.008,-0.0033,,0.259,,1.663,,1.14,-1.1,1.14,-1.1
21.018,NAV_WAYPOINT,0.1311,-1.1649,0.315,90.85,0.93,-0.81,-0.0,0.319,0.0163,-0.0002,,0.273,,1.663,,1.14,-1.1,1.14,-1.1
21.049,NAV_WAYPOINT,0.1437,-1.1655,0.31,90.92,0.6,-0.32,-0.0,0.318,0.0179,-0.0052,,0.273,,1.637,,1.14,-1.1,1.14,-1.1
21.094,NAV_WAYPOINT,0.1566,-1.1656,0.31,91.03,0.4,0.02,-0.0,0.3155,0.0167,-0.0182,,0.272,,1.637,,1.14,-1.1,1.14,-1.1
21.135,NAV_WAYPOINT,0.1687,-1.1664,0.308,91.16,-0.01,0.01,-0.0,0.3089,0.0127,-0.0193,,0.272,,1.618,,1.14,-1.1,1.14,-1.1
21.2,NAV_WAYPOINT,0.1844,-1.1666,0.308,91.32,-0.09,0.05,-0.0,0.3087,0.0103,-0.0189,,0.25,,1.618,,1.14,-1.1,1.14,-1.1
21.246,NAV_WAYPOINT,0.1985,-1.1684,0.298,91.56,-0.13,0.08,-0.0,0.305,0.0043,-0.0188,,0.25,,1.596,,1.14,-1.1,1.14,-1.1
21.319,NAV_WAYPOINT,0.2076,-1.1682,0.298,91.84,-0.11,0.09,-0.0,0.2904,0.0035,-0.0386,,0.249,,1.596,,1.14,-1.1,1.14,-1.1
21.352,NAV_WAYPOINT,0.2178,-1.1686,0.301,92.06,0.06,-0.02,-0.0,0.2802,0.0019,-0.0252,,0.249,,1.579,,1.14,-1.1,1.14,-1.1
21.407,NAV_WAYPOINT,0.2318,-1.1696,0.301,92.24,-0.0,-0.15,-0.0,0.2804,-0.0001,-0.0131,,0.254,,1.579,,1.14,-1.1,1.14,-1.1
21.436,NAV_WAYPOINT,0.2425,-1.1697,0.299,92.42,0.27,-0.19,-0.0,0.2732,0.0011,-0.0165,,0.254,,1.566,,1.14,-1.1,1.14,-1.1
21.498,NAV_WAYPOINT,0.2542,-1.1695,0.299,92.65,0.33,-0.14,-0.0,0.2711,0.003,-0.0108,,0.254,,1.566,,1.14,-1.1,1.14,-1.1
21.54,NAV_WAYPOINT,0.2634,-1.1702,0.3,92.84,0.44,-0.29,-0.0,0.2642,0.003,-0.011,,0.254,,1.557,,1.14,-1.1,1.14,-1.1
21.624,NAV_WAYPOINT,0.2722,-1.1701,0.3,93.04,0.31,-0.31,-0.0,0.2569,0.0054,-0.0036,,0.255,,1.557,,1.14,-1.1,1.14,-1.1
21.653,NAV_WAYPOINT,0.2827,-1.1695,0.3,93.21,0.5,-0.34,-0.0,0.2539,0.0091,-0.0072,,0.255,,1.54,,1.14,-1.1,1.14,-1.1
21.71,NAV_WAYPOINT,0.2929,-1.1682,0.3,93.38,0.54,-0.26,-0.0,0.2522,0.014,-0.0056,,0.257,,1.54,,1.14,-1.1,1.14,-1.1
21.738,NAV_WAYPOINT,0.3028,-1.1678,0.299,93.53,0.62,-0.29,-0.0,0.25,0.0154,-0.0019,,0.257,,1.516,,1.14,-1.1,1.14,-1.1
21.787,NAV_WAYPOINT,0.3142,-1.1675,0.299,93.62,0.66,-0.03,-0.0,0.2525,0.0162,-0.0007,,0.274,,1.516,,1.14,-1.1,1.14,-1.1
21.846,NAV_WAYPOINT,0.3257,-1.1657,0.294,93.59,0.69,0.08,-0.0,0.255,0.019,-0.0015,,0.274,,1.511,,1.14,-1.1,1.14,-1.1
21.924,NAV_WAYPOINT,0.3371,-1.1635,0.294,93.54,0.81,0.19,-0.0,0.2579,0.0212,-0.0136,,0.282,,1.511,,1.14,-1.1,1.14,-1.1
21.954,NAV_WAYPOINT,0.3484,-1.1619,0.296,93.32,0.69,0.11,-0.0,0.26,0.0217,-0.0087,,0.282,,,,1.14,-1.1,1.14,-1.1
22.016,NAV_WAYPOINT,0.3586,-1.1611,0.296,93.09,0.7,0.19,-0.0,0.2586,0.0201,-0.0033,,0.265,,,,1.14,-1.1,1.14,-1.1
22.036,NAV_WAYPOINT,0.3719,-1.1597,0.297,92.82,0.75,0.26,-0.0,0.265,0.0198,-0.0078,,0.265,,1.455,,1.14,-1.1,1.14,-1.1
22.095,NAV_WAYPOINT,0.383,-1.1569,0.297,92.63,0.82,0.26,-0.0,0.266,0.0224,-0.0028,,0.265,,1.455,,1.14,-1.1,1.14,-1.1
22.175,NAV_WAYPOINT,0.3939,-1.1558,0.299,92.49,0.76,0.38,-0.0,0.2665,0.0203,-0.0028,,0.265,,,,1.14,-1.1,1.14,-1.1
22.194,NAV_WAYPOINT,0.406,-1.1535,0.299,92.41,0.76,0.39,-0.0,0.2692,0.0201,0.0026,,0.272,,,,1.14,-1.1,1.14,-1.1
22.239,NAV_WAYPOINT,0.417,-1.1513,0.297,92.37,0.58,0.04,-0.0,0.2686,0.0214,-0.0009,,0.272,,1.415,,1.14,-1.1,1.14,-1.1
22.325,NAV_WAYPOINT,0.4322,-1.1484,0.297,92.29,0.53,-0.08,-0.0,0.2771,0.0258,-0.0047,,0.278,,1.415,,1.14,-1.1,1.14,-1.1
22.353,NAV_WAYPOINT,0.4447,-1.1462,0.299,92.21,0.53,0.04,-0.0,0.278,0.0286,-0.004,,0.278,,1.373,,1.14,-1.1,1.14,-1.1
22.399,NAV_WAYPOINT,0.4559,-1.1425,0.299,92.08,0.82,0.25,-0.0,0.2759,0.0332,-0.0016,,0.281,,1.373,,1.14,-1.1,1.14,-1.1
22.436,NAV_WAYPOINT,0.4682,-1.1399,0.299,91.85,0.57,0.15,-0.0,0.2779,0.0338,-0.0067,,0.281,,1.369,,1.14,-1.1,1.14,-1.1
22.486,NAV_WAYPOINT,0.4799,-1.1366,0.299,91.58,0.54,0.16,-0.0,0.2761,0.0367,-0.0017,,0.291,,1.369,,1.14,-1.1,1.14,-1.1
22.548,NAV_WAYPOINT,0.4928,-1.133,0.297,91.37,0.63,0.55,-0.0,0.2782,0.0386,-0.0089,,0.291,,1.34,,1.14,-1.1,1.14,-1.1
22.583,NAV_WAYPOINT,0.5069,-1.1286,0.297,91.11,0.75,0.58,-0.0,0.2841,0.0399,-0.0126,,0.303,,1.34,,1.14,-1.1,1.14,-1.1
22.634,NAV_WAYPOINT,0.5213,-1.1247,0.293,90.88,0.56,0.58,-0.0,0.2901,0.0399,-0.0132,,0.303,,1.312,,1.14,-1.1,1.14,-1.1
22.734,NAV_WAYPOINT,0.5348,-1.1219,0.293,90.79,0.54,0.56,-0.0,0.2918,0.0376,-0.0192,,0.327,,1.312,,1.14,-1.1,1.14,-1.1
22.745,NAV_WAYPOINT,0.548,-1.1194,0.295,90.81,0.45,0.57,-0.0,0.2922,0.0343,-0.0123,,0.327,,1.275,,1.14,-1.1,1.14,-1.1
22.786,NAV_WAYPOINT,0.5615,-1.1173,0.295,90.83,0.44,0.54,-0.0,0.2926,0.0308,-0.0054,,,,1.275,,1.14,-1.1,1.14,-1.1
22.877,NAV_WAYPOINT,0.5791,-1.1139,0.294,90.86,0.28,0.51,-0.0,0.3035,0.031,-0.0048,,,,1.255,,1.14,-1.1,1.14,-1.1
22.889,NAV_WAYPOINT,0.5926,-1.11,0.294,90.98,0.25,0.5,-0.0,0.3013,0.0329,-0.0024,,2.607,,1.255,,1.14,-1.1,1.14,-1.1
22.944,NAV_WAYPOINT,0.608,-1.1076,0.289,91.17,0.32,0.56,-0.0,0.3048,0.0303,-0.0005,,2.607,,1.245,,1.14,-1.1,1.14,-1.1
23.016,NAV_WAYPOINT,0.6232,-1.104,0.289,91.37,0.33,0.52,-0.0,0.3074,0.0313,-0.0143,,2.634,,1.245,,1.14,-1.1,1.14,-1.1
23.057,NAV_WAYPOINT,0.6382,-1.1012,0.287,91.42,0.29,0.25,-0.0,0.3088,0.0307,-0.0074,,2.634,,1.214,,1.14,-1.1,1.14,-1.1
23.126,NAV_WAYPOINT,0.6546,-1.0987,0.287,91.52,0.19,0.31,-0.0,0.3132,0.031,-0.0094,,2.63,,1.214,,1.14,-1.1,1.14,-1.1
23.165,NAV_WAYPOINT,0.6728,-1.0954,0.289,91.48,0.28,0.2,-0.0,0.3215,0.0333,0.0044,,2.63,,1.193,,1.14,-1.1,1.14,-1.1
23.185,NAV_WAYPOINT,0.6899,-1.0911,0.289,91.32,0.26,0.23,-0.0,0.3264,0.0382,0.0073,,2.628,,1.193,,1.14,-1.1,1.14,-1.1
23.243,NAV_WAYPOINT,0.7047,-1.0877,0.292,91.13,0.21,0.34,-0.0,0.3244,0.0398,0.0067,,2.628,,1.161,,1.14,-1.1,1.14,-1.1
23.288,NAV_WAYPOINT,0.7214,-1.0827,0.292,90.81,0.22,0.57,-0.0,0.3269,0.0437,0.0187,,2.621,,1.161,,1.14,-1.1,1.14,-1.1
23.34,NAV_WAYPOINT,0.7371,-1.0792,0.295,90.52,0.21,0.84,-0.0,0.3265,0.0414,0.0167,,2.621,,1.117,,1.14,-1.1,1.14,-1.1
23.414,NAV_WAYPOINT,0.7572,-1.0733,0.295,90.17,0.16,0.99,-0.0,0.3375,0.0433,0.0209,0.362,2.636,,1.117,,1.14,-1.1,1.14,-1.1
23.451,NAV_WAYPOINT,0.7742,-1.0678,0.296,89.77,0.04,0.78,-0.0,0.3388,0.0446,0.0149,0.362,2.636,,1.08,,1.14,-1.1,1.14,-1.1
23.494,NAV_WAYPOINT,0.7922,-1.0638,0.296,89.42,-0.05,0.87,-0.0,0.3414,0.0425,0.0146,0.322,2.649,,1.08,,1.14,-1.1,1.14,-1.1
23.548,NAV_WAYPOINT,0.8094,-1.0607,0.295,89.12,-0.2,0.9,-0.0,0.3408,0.0384,0.007,0.322,2.649,,,,1.14,-1.1,1.14,-1.1
23.582,NAV_WAYPOINT,0.8255,-1.0568,0.295,88.83,-0.31,1.05,-0.0,0.3361,0.0355,0.0029,0.317,2.641,,,,1.14,-1.1,1.14,-1.1
23.662,NAV_WAYPOINT,0.842,-1.0514,0.299,88.51,-0.27,1.1,-0.0,0.3323,0.0356,0.0061,0.317,2.641,,1.011,,1.14,-1.1,1.14,-1.1
23.693,NAV_WAYPOINT,0.8609,-1.0462,0.299,88.08,-0.2,1.19,-0.0,0.3356,0.0351,0.0141,0.305,2.646,,1.011,,1.14,-1.1,1.14,-1.1
23.754,NAV_WAYPOINT,0.8778,-1.0431,0.298,87.59,-0.19,1.27,-0.0,0.334,0.0288,0.0133,0.305,2.646,,0.967,,1.14,-1.1,1.14,-1.1
23.806,NAV_WAYPOINT,0.8934,-1.0392,0.298,87.14,-0.09,1.3,-0.0,0.3291,0.0245,0.0079,0.307,2.655,,0.967,,1.14,-1.1,1.14,-1.1
23.843,NAV_WAYPOINT,0.9117,-1.0369,0.301,86.8,0.02,1.41,-0.0,0.3326,0.0165,0.0171,0.307,2.655,,0.938,,1.14,-1.1,1.14,-1.1
23.884,NAV_WAYPOINT,0.9289,-1.0327,0.301,86.43,-0.13,1.69,-0.0,0.3318,0.0122,0.0186,0.329,2.699,,0.938,,1.14,-1.1,1.14,-1.1
23.961,NAV_WAYPOINT,0.9477,-1.0296,0.303,86.1,-0.14,1.86,-0.0,0.3352,0.0047,0.0138,0.329,2.699,,0.899,,1.14,-1.1,1.14,-1.1
23.99,NAV_WAYPOINT,0.9657,-1.0273,0.303,85.89,-0.22,2.08,-0.0,0.3361,-0.0053,0.0144,0.304,2.686,,0.899,,1.14,-1.1,1.14,-1.1
24.059,NAV_WAYPOINT,0.9833,-1.0252,0.307,85.72,-0.23,2.19,-0.0,0.3349,-0.0163,0.0102,0.304,2.686,,0.859,,1.14,-1.1,1.14,-1.1
24.156,NAV_WAYPOINT,0.9995,-1.0237,0.307,85.63,-0.46,2.21,-0.0,0.3291,-0.0278,0.0174,0.283,,,0.859,,1.14,-1.1,1.14,-1.1
24.173,NAV_WAYPOINT,1.0169,-1.0243,0.305,85.53,-0.6,2.27,-0.0,0.3258,-0.0432,0.0116,0.283,,,0.828,,1.14,-1.1,1.14,-1.1
24.208,NAV_WAYPOINT,1.0329,-1.0239,0.305,85.47,-0.8,2.4,-0.0,0.3177,-0.0545,0.0023,0.28,2.691,,0.828,,1.14,-1.1,1.14,-1.1
24.257,NAV_WAYPOINT,1.0509,-1.0234,0.304,85.43,-0.8,2.35,-0.0,0.315,-0.0658,0.009,0.28,2.691,,0.792,,1.14,-1.1,1.14,-1.1
24.299,NAV_WAYPOINT,1.0659,-1.0253,0.304,85.45,-0.64,2.04,-0.0,0.3059,-0.0794,0.0006,0.291,2.663,,0.792,,1.14,-1.1,1.14,-1.1
24.36,NAV_WAYPOINT,1.0818,-1.0283,0.303,85.53,-0.69,2.16,-0.0,0.3006,-0.093,0.0069,0.291,2.663,,0.759,,1.14,-1.1,1.14,-1.1
24.402,NAV_WAYPOINT,1.0973,-1.0306,0.303,85.61,-0.81,2.22,-0.0,0.2946,-0.1039,0.0042,0.316,2.643,,0.759,,1.14,-1.1,1.14,-1.1
24.454,NAV_WAYPOINT,1.1117,-1.0338,0.305,85.69,-1.04,2.36,-0.0,0.2848,-0.117,0.005,0.316,2.643,,0.734,,1.14,-1.1,1.14,-1.1
24.507,NAV_WAYPOINT,1.1282,-1.0379,0.305,85.8,-1.39,2.67,-0.0,0.2798,-0.1318,0.0078,0.354,2.618,,0.734,,1.14,-1.1,1.14,-1.1
24.57,NAV_WAYPOINT,1.142,-1.0436,0.307,85.85,-1.91,2.44,-0.0,0.2653,-0.1495,0.0043,0.354,2.618,,0.697,,1.14,-1.1,1.14,-1.1
24.582,NAV_WAYPOINT,1.1544,-1.0488,0.307,85.87,-2.21,2.03,-0.0,0.245,-0.1613,0.0101,0.319,2.614,,0.697,,1.14,-1.1,1.14,-1.1
24.656,NAV_WAYPOINT,1.1661,-1.0546,0.303,85.88,-2.75,1.72,-0.0,0.2226,-0.1695,0.0041,0.319,2.614,,0.668,,1.14,-1.1,1.14,-1.1
24.714,NAV_WAYPOINT,1.1778,-1.0614,0.303,85.74,-3.08,1.41,-0.0,0.1997,-0.1766,-0.0058,0.31,2.587,,0.668,,1.14,-1.1,1.14,-1.1
24.757,NAV_WAYPOINT,1.1882,-1.0685,0.314,85.6,-3.28,1.23,-0.0,0.1744,-0.1807,-0.0032,0.31,2.587,,0.637,,1.14,-1.1,1.14,-1.1
24.795,NAV_WAYPOINT,1.1965,-1.075,0.314,85.37,-4.06,0.94,-0.0,0.1433,-0.1819,0.0196,0.317,2.572,,0.637,,1.14,-1.1,1.14,-1.1
24.835,NAV_WAYPOINT,1.2038,-1.0815,0.31,85.15,-4.45,0.57,-0.0,0.1092,-0.1794,0.0045,0.317,2.572,,0.614,,1.14,-1.1,1.14,-1.1
24.884,NAV_WAYPOINT,1.2088,-1.0864,0.31,85.07,-4.71,0.29,-0.0,0.0701,-0.1703,-0.0036,0.333,2.591,,0.614,,1.14,-1.1,1.14,-1.1
24.97,NAV_WAYPOINT,1.2127,-1.0919,0.309,84.97,-5.09,0.0,-0.0,0.0308,-0.162,-0.0032,0.333,2.591,,0.597,,1.14,-1.1,1.14,-1.1
25.0,NAV_WAYPOINT,1.2136,-1.0967,0.309,84.83,-5.06,-0.73,-0.0,-0.0124,-0.1485,-0.0104,0.343,2.569,,0.597,,1.14,-1.1,1.14,-1.1
25.074,NAV_WAYPOINT,1.2134,-1.1012,0.307,84.79,-4.92,-1.01,-0.0,-0.052,-0.1315,-0.0112,0.343,2.569,,0.594,,1.14,-1.1,1.14,-1.1
25.099,NAV_WAYPOINT,1.2098,-1.1047,0.307,84.78,-4.54,-1.19,-0.0,-0.0933,-0.1124,-0.0133,0.35,2.592,,0.594,,1.14,-1.1,1.14,-1.1
25.185,NAV_WAYPOINT,1.2056,-1.1067,0.304,84.92,-4.14,-1.1,-0.0,-0.1283,-0.0918,-0.0106,0.35,2.592,,0.593,,1.14,-1.1,1.14,-1.1
25.209,NAV_WAYPOINT,1.2004,-1.108,0.304,85.14,-3.66,-1.05,-0.0,-0.1579,-0.0737,-0.0166,0.356,2.564,,0.593,,1.14,-1.1,1.14,-1.1
25.238,NAV_WAYPOINT,1.1932,-1.1089,0.305,85.37,-3.04,-1.04,-0.0,-0.1843,-0.0568,-0.0103,0.356,2.564,,0.603,,1.14,-1.1,1.14,-1.1
25.301,NAV_WAYPOINT,1.1844,-1.1079,0.305,85.65,-2.39,-1.01,-0.0,-0.2066,-0.0391,-0.006,0.357,2.566,,0.603,,1.14,-1.1,1.14,-1.1
25.332,NAV_WAYPOINT,1.1761,-1.1067,0.302,85.95,-1.45,-1.03,-0.0,-0.2188,-0.023,-0.006,0.357,2.566,,0.62,,1.14,-1.1,1.14,-1.1
25.404,NAV_WAYPOINT,1.1673,-1.1047,0.302,86.18,-0.67,-0.97,-0.0,-0.2232,-0.0079,-0.0095,0.358,2.561,,0.62,,1.14,-1.1,1.14,-1.1
25.465,ROTATION_SCAN,1.1589,-1.1015,0.307,86.37,-0.13,-0.87,-0.0,-0.2213,0.0071,-0.0097,0.358,2.561,,0.632,,,,1.14,-1.1
25.495,ROTATION_SCAN,1.1499,-1.0986,0.307,86.5,0.5,-0.72,-0.0,-0.2155,0.0191,0.0019,0.374,2.576,,0.632,,,,1.14,-1.1
25.532,ROTATION_SCAN,1.1442,-1.0954,0.302,86.59,0.95,-0.7,-0.0,-0.1987,0.0283,-0.0044,0.374,2.576,,0.656,,,,1.14,-1.1
25.603,ROTATION_SCAN,1.1358,-1.0914,0.302,86.64,2.03,-0.52,15.0,-0.1841,0.039,-0.012,0.378,2.567,,0.656,,,,1.14,-1.1
25.646,ROTATION_SCAN,1.13,-1.0864,0.303,86.74,2.76,-0.29,15.0,-0.1573,0.0487,-0.0105,0.378,2.567,,0.668,,,,1.14,-1.1
25.69,ROTATION_SCAN,1.1252,-1.0823,0.303,86.98,3.26,0.09,15.0,-0.1259,0.0519,-0.0052,0.38,2.582,,0.668,,,,1.14,-1.1
25.748,ROTATION_SCAN,1.1227,-1.0777,0.304,87.3,3.69,0.59,15.0,-0.0893,0.0529,-0.0084,0.38,2.582,,0.688,,,,1.14,-1.1
25.822,ROTATION_SCAN,1.1229,-1.0736,0.304,87.75,3.71,1.02,15.0,-0.0483,0.049,-0.0008,0.376,2.567,,0.688,,,,1.14,-1.1
25.843,ROTATION_SCAN,1.1229,-1.0701,0.3,88.32,3.31,1.4,15.0,-0.0137,0.0415,-0.001,0.376,2.567,,0.696,,,,1.14,-1.1
25.893,ROTATION_SCAN,1.1265,-1.0663,0.3,89.11,2.95,1.67,15.0,0.0222,0.0335,-0.0052,0.367,2.542,,0.696,,,,1.14,-1.1
25.98,ROTATION_SCAN,1.1314,-1.0625,0.305,90.07,2.58,1.85,15.0,0.0558,0.0251,-0.0017,0.367,2.542,,0.706,,,,1.14,-1.1
26.005,ROTATION_SCAN,1.1366,-1.0608,0.305,91.1,1.93,1.97,15.0,0.081,0.012,0.0102,0.364,2.477,,0.706,,,,1.14,-1.1
26.051,ROTATION_SCAN,1.1444,-1.0601,0.305,92.25,1.13,1.85,15.0,0.1037,-0.0022,-0.0011,0.364,2.477,,0.735,,,,1.14,-1.1
26.098,ROTATION_SCAN,1.1527,-1.0595,0.305,93.33,0.35,1.81,15.0,0.1193,-0.0142,0.0005,0.354,2.468,,0.735,,,,1.14,-1.1
26.142,ROTATION_SCAN,1.1627,-1.0587,0.308,94.37,-0.31,1.69,15.0,0.1323,-0.0234,-0.0036,0.354,2.468,,0.834,,,,1.14,-1.1
26.203,ROTATION_SCAN,1.1697,-1.0595,0.308,95.39,-0.91,1.43,15.0,0.1302,-0.0353,0.004,0.355,2.464,,0.834,,,,1.14,-1.1
26.252,ROTATION_SCAN,1.1773,-1.0606,0.305,96.4,-1.57,1.32,15.0,0.1256,-0.0449,0.0002,0.355,2.464,,1.583,,,,1.14,-1.1
26.29,ROTATION_SCAN,1.1832,-1.0608,0.305,97.45,-2.04,0.92,15.0,0.1126,-0.0502,-0.0045,0.362,2.449,,1.583,,,,1.14,-1.1
26.332,ROTATION_SCAN,1.1876,-1.062,0.307,98.66,-2.3,0.66,15.0,0.0939,-0.0554,-0.0092,0.362,2.449,,1.677,,,,1.14,-1.1
26.406,ROTATION_SCAN,1.1932,-1.0634,0.307,100.04,-2.63,0.49,15.0,0.0783,-0.06,-0.0094,0.367,2.575,,1.677,,,,1.14,-1.1
26.447,ROTATION_SCAN,1.1969,-1.0665,0.305,101.41,-2.43,0.22,15.0,0.0582,-0.0668,-0.0104,0.367,2.575,,1.687,,,,1.14,-1.1
26.514,ROTATION_SCAN,1.2005,-1.0672,0.305,102.78,-2.34,0.01,15.0,0.0419,-0.0652,-0.0155,0.368,2.687,,1.687,,,,1.14,-1.1
26.557,ROTATION_SCAN,1.2039,-1.0708,0.301,104.05,-2.26,0.04,15.0,0.0272,-0.0702,-0.0155,0.368,2.687,,1.689,,,,1.14,-1.1
26.651,ROTATION_SCAN,1.2057,-1.0741,0.301,105.28,-2.24,0.05,15.0,0.0107,-0.0747,-0.0217,0.354,2.755,,1.689,,,,1.14,-1.1
26.655,ROTATION_SCAN,1.2057,-1.0773,0.299,106.43,-2.11,0.16,15.0,-0.0074,-0.079,-0.0188,0.354,2.755,,1.687,,,,1.14,-1.1
26.713,ROTATION_SCAN,1.2036,-1.0779,0.299,107.42,-1.75,-0.02,15.0,-0.0271,-0.0768,-0.0191,0.348,2.784,,1.687,,,,1.14,-1.1
26.747,ROTATION_SCAN,1.2053,-1.075,0.299,108.28,-1.25,-0.18,15.0,-0.0325,-0.0642,-0.0151,0.348,2.784,,1.678,,,,1.14,-1.1
26.812,ROTATION_SCAN,1.1967,-1.0802,0.299,109.08,-1.15,0.07,15.0,-0.0576,-0.0717,-0.0105,0.349,2.794,,1.678,,,,1.14,-1.1
26.83,ROTATION_SCAN,1.1943,-1.0799,0.298,109.89,-0.6,0.05,15.0,-0.0639,-0.0661,-0.0076,0.349,2.794,,,,,,1.14,-1.1
26.896,ROTATION_SCAN,1.1898,-1.0818,0.298,110.74,-0.37,0.05,15.0,-0.0707,-0.0648,-0.0083,0.353,2.799,1.062,,,,,1.14,-1.1
26.939,ROTATION_SCAN,1.1866,-1.0814,0.295,111.58,0.06,0.11,15.0,-0.0715,-0.0583,-0.0038,0.353,2.799,1.062,,,,,1.14,-1.1
27.019,ROTATION_SCAN,1.1844,-1.0801,0.295,112.47,0.37,-0.02,15.0,-0.067,-0.0488,-0.0104,0.354,2.804,1.015,,,,,1.14,-1.1
27.049,ROTATION_SCAN,1.1811,-1.0796,0.296,113.46,0.43,0.06,15.0,-0.064,-0.0411,-0.0003,0.354,2.804,1.015,,,,,1.14,-1.1
27.106,ROTATION_SCAN,1.1788,-1.0777,0.296,114.49,0.45,0.12,15.0,-0.0585,-0.0315,0.0017,0.363,2.763,0.968,,,,,1.14,-1.1
27.132,ROTATION_SCAN,1.1779,-1.0749,0.297,115.5,0.27,0.14,15.0,-0.0511,-0.0216,0.0009,0.363,2.763,0.968,1.293,,,,1.14,-1.1
27.194,ROTATION_SCAN,1.1757,-1.0734,0.297,116.48,0.08,0.33,15.0,-0.0482,-0.0167,0.0075,0.366,2.68,0.912,1.293,,,,1.14,-1.1
27.24,ROTATION_SCAN,1.1744,-1.0699,0.295,117.46,-0.17,0.32,15.0,-0.0448,-0.0096,0.0013,0.366,2.68,0.912,1.277,,,,1.14,-1.1
27.312,ROTATION_SCAN,1.1727,-1.0665,0.295,118.45,-0.38,0.54,15.0,-0.0439,-0.0046,-0.0052,0.374,,0.861,1.277,,,,1.14,-1.1
27.347,ROTATION_SCAN,1.1728,-1.0638,0.299,119.36,-0.37,0.74,15.0,-0.0394,-0.0045,0.0018,0.374,,0.861,1.281,,,,1.14,-1.1
27.423,ROTATION_SCAN,1.1726,-1.0614,0.299,120.25,-0.36,0.96,15.0,-0.0346,-0.0059,0.0132,0.383,,0.831,1.281,,,,1.14,-1.1
27.45,ROTATION_SCAN,1.1705,-1.0607,0.296,121.12,-0.55,0.98,15.0,-0.0344,-0.0121,0.0057,0.383,,0.831,1.29,,,,1.14,-1.1
27.493,ROTATION_SCAN,1.1706,-1.0575,0.296,121.99,-0.6,1.08,15.0,-0.0301,-0.0132,-0.0009,0.386,,0.811,1.29,,,,1.14,-1.1
27.541,ROTATION_SCAN,1.1683,-1.0564,0.295,122.83,-0.71,1.2,15.0,-0.0313,-0.0196,0.0039,0.386,,0.811,1.302,,,,1.14,-1.1
27.617,ROTATION_SCAN,1.1668,-1.0559,0.295,123.65,-0.75,1.22,15.0,-0.0309,-0.0274,-0.0015,0.39,,0.791,1.302,,,,1.14,-1.1
27.647,ROTATION_SCAN,1.1651,-1.0568,0.303,124.39,-0.78,1.29,15.0,-0.0305,-0.0383,0.0001,0.39,,0.791,1.325,,,,1.14,-1.1
27.705,ROTATION_SCAN,1.1622,-1.0575,0.303,125.12,-0.74,1.36,15.0,-0.0326,-0.0479,0.0153,0.396,,0.782,1.325,,,,1.14,-1.1
27.771,ROTATION_SCAN,1.1591,-1.0589,0.301,125.85,-0.63,1.4,15.0,-0.034,-0.0576,0.0026,0.396,,0.782,1.344,,,,1.14,-1.1
27.797,ROTATION_SCAN,1.1557,-1.0628,0.301,126.6,-0.63,1.29,15.0,-0.0354,-0.0717,-0.0022,0.408,,0.76,1.344,,,,1.14,-1.1
27.844,ROTATION_SCAN,1.1517,-1.0634,0.299,127.34,-0.35,1.09,15.0,-0.0377,-0.0759,0.0001,0.408,,0.76,1.369,,,,1.14,-1.1
27.884,ROTATION_SCAN,1.1493,-1.0659,0.299,128.07,-0.22,0.98,15.0,-0.0355,-0.0811,-0.0099,0.408,1.063,0.744,1.369,,,,1.14,-1.1
27.947,ROTATION_SCAN,1.1489,-1.0691,0.3,128.81,-0.23,0.85,15.0,-0.0291,-0.0863,-0.0057,0.408,1.063,0.744,1.393,,,,1.14,-1.1
27.986,ROTATION_SCAN,1.1463,-1.072,0.3,129.55,0.07,0.86,15.0,-0.0279,-0.0892,-0.007,0.415,1.036,0.743,1.393,,,,1.14,-1.1
28.056,ROTATION_SCAN,1.1452,-1.0738,0.297,130.3,0.1,0.77,15.0,-0.0223,-0.0881,-0.0113,0.415,1.036,0.743,1.425,,,,1.14,-1.1
28.088,ROTATION_SCAN,1.145,-1.0763,0.297,131.09,0.18,0.68,15.0,-0.0158,-0.0877,-0.0159,0.412,1.013,0.732,1.425,,,,1.14,-1.1
28.133,ROTATION_SCAN,1.1436,-1.0811,0.295,131.93,0.3,0.82,15.0,-0.0117,-0.0919,-0.0116,0.412,1.013,0.732,1.427,,,,1.14,-1.1
28.18,ROTATION_SCAN,1.1403,-1.0819,0.295,132.77,0.47,0.54,15.0,-0.0112,-0.0863,-0.0129,0.421,0.993,0.732,1.427,,,,1.14,-1.1
28.258,ROTATION_SCAN,1.1396,-1.0831,0.294,133.62,0.7,0.45,15.0,-0.0052,-0.0799,-0.0121,0.421,0.993,0.732,,,,,1.14,-1.1
28.289,ROTATION_SCAN,1.1394,-1.0856,0.294,134.45,0.91,0.47,15.0,0.0022,-0.0747,-0.009,0.432,0.967,0.734,,,,,1.14,-1.1
28.35,ROTATION_SCAN,1.1382,-1.0858,0.292,135.24,1.1,0.6,15.0,0.0087,-0.0648,-0.0029,0.432,0.967,0.734,,,,,1.14,-1.1
28.403,ROTATION_SCAN,1.14,-1.0872,0.292,136.02,1.17,0.48,15.0,0.0212,-0.0572,-0.0081,0.437,0.943,,,,,,1.14,-1.1
28.44,ROTATION_SCAN,1.1403,-1.0874,0.293,136.83,0.97,0.39,15.0,0.0287,-0.0477,-0.0019,0.437,0.943,,0.527,,,,1.14,-1.1
28.486,ROTATION_SCAN,1.1429,-1.086,0.293,137.64,0.95,0.5,15.0,0.0391,-0.0366,0.0016,0.447,0.919,,0.527,,,,1.14,-1.1
28.558,ROTATION_SCAN,1.1454,-1.0809,0.295,138.38,0.71,0.38,15.0,0.0477,-0.0194,0.0011,0.447,0.919,,0.481,,,,1.14,-1.1
28.59,ROTATION_SCAN,1.1464,-1.0801,0.295,139.1,0.56,0.31,15.0,0.051,-0.0141,0.011,0.456,0.891,,0.481,,,,1.14,-1.1
28.671,ROTATION_SCAN,1.1512,-1.0731,0.295,139.75,0.34,0.32,15.0,0.06,0.0033,0.0083,0.456,0.891,,0.452,,,,1.14,-1.1
28.699,ROTATION_SCAN,1.1527,-1.07,0.295,140.33,-0.23,0.29,15.0,0.0601,0.0087,0.0072,0.463,0.868,,0.452,,,,1.14,-1.1
28.742,ROTATION_SCAN,1.1554,-1.0659,0.294,140.94,-0.64,0.39,15.0,0.0591,0.0118,0.0098,0.463,0.868,,0.434,,,,1.14,-1.1
28.791,ROTATION_SCAN,1.1564,-1.0621,0.294,141.58,-0.84,0.34,15.0,0.0543,0.0123,0.0035,0.468,0.85,,0.434,,,,1.14,-1.1
28.838,ROTATION_SCAN,1.1575,-1.0591,0.297,142.19,-1.15,0.34,15.0,0.0484,0.009,0.0084,0.468,0.85,,0.418,,,,1.14,-1.1
28.888,ROTATION_SCAN,1.1575,-1.0565,0.297,142.77,-1.31,0.18,15.0,0.0393,0.0043,0.0131,0.478,0.842,,0.418,,,,1.14,-1.1
28.931,ROTATION_SCAN,1.1574,-1.056,0.295,143.38,-1.39,0.24,15.0,0.0293,-0.0045,0.008,0.478,0.842,,0.406,,,,1.14,-1.1
28.991,ROTATION_SCAN,1.1559,-1.0541,0.295,143.99,-1.44,0.26,15.0,0.018,-0.0108,0.0037,0.498,0.826,,0.406,,,,1.14,-1.1
29.038,ROTATION_SCAN,1.1516,-1.0556,0.295,144.72,-1.44,0.28,15.0,0.0019,-0.0234,0.0039,0.498,0.826,,0.399,,,,1.14,-1.1
29.097,ROTATION_SCAN,1.1474,-1.0539,0.295,145.5,-1.52,0.4,15.0,-0.0121,-0.0291,0.0015,0.524,0.818,,0.399,,,,1.14,-1.1
29.142,ROTATION_SCAN,1.1416,-1.0553,0.295,146.22,-1.33,0.45,15.0,-0.0271,-0.0412,-0.0003,0.524,0.818,,0.395,,,,1.14,-1.1
29.184,ROTATION_SCAN,1.1373,-1.0559,0.295,146.93,-0.96,0.82,15.0,-0.0353,-0.0488,-0.0008,,0.81,,0.395,,,,1.14,-1.1
29.234,ROTATION_SCAN,1.1335,-1.057,0.296,147.69,-0.64,1.1,15.0,-0.0371,-0.056,-0.0018,,0.81,,0.397,,,,1.14,-1.1
29.301,ROTATION_SCAN,1.1288,-1.0593,0.296,148.5,-0.4,1.11,15.0,-0.0382,-0.0635,-0.0006,,0.802,,0.397,,,,1.14,-1.1
29.33,ROTATION_SCAN,1.1253,-1.0617,0.295,149.33,-0.1,1.26,15.0,-0.0349,-0.0689,0.0032,,0.802,,0.397,,,,1.14,-1.1
29.4,ROTATION_SCAN,1.1218,-1.0644,0.295,150.11,0.41,1.45,15.0,-0.0288,-0.0721,0.0063,,0.798,,0.397,,,,1.14,-1.1
29.442,ROTATION_SCAN,1.1177,-1.068,0.298,150.83,0.71,1.49,15.0,-0.0222,-0.0741,0.0082,,0.798,,0.395,,,,1.14,-1.1
29.486,ROTATION_SCAN,1.1148,-1.071,0.298,151.61,0.64,1.32,15.0,-0.0133,-0.0737,0.0192,,0.788,,0.395,,,,1.14,-1.1
29.534,ROTATION_SCAN,1.1125,-1.0739,0.3,152.39,0.8,1.4,15.0,-0.0051,-0.0719,0.0207,,0.788,,0.399,,,,1.14,-1.1
29.604,ROTATION_SCAN,1.1109,-1.0762,0.3,153.11,1.12,1.42,15.0,0.0055,-0.0673,0.0199,,0.781,3.107,0.399,,,,1.14,-1.1
29.688,ROTATION_SCAN,1.1103,-1.0792,0.302,153.86,1.24,1.47,15.0,0.0182,-0.0633,0.0248,,0.781,3.107,0.394,,,,1.14,-1.1
29.712,ROTATION_SCAN,1.1081,-1.0806,0.302,154.52,1.44,1.29,15.0,0.026,-0.0543,0.0253,,0.768,3.06,0.394,,,,1.14,-1.1
29.785,ROTATION_SCAN,1.11,-1.0826,0.303,155.12,1.36,1.16,15.0,0.0412,-0.0462,0.0239,,0.768,3.06,0.389,,,,1.14,-1.1
29.811,ROTATION_SCAN,1.1126,-1.0823,0.303,155.71,1.25,0.91,15.0,0.0549,-0.0338,0.0204,,0.755,3.038,0.389,,,,1.14,-1.1
29.867,ROTATION_SCAN,1.1162,-1.0811,0.306,156.25,1.19,0.67,15.0,0.0668,-0.0204,0.0183,,0.755,3.038,0.383,,,,1.14,-1.1
29.911,ROTATION_SCAN,1.1192,-1.0789,0.306,156.81,0.96,0.56,15.0,0.0746,-0.0065,0.0152,,0.751,3.001,0.383,,,,1.14,-1.1
29.949,ROTATION_SCAN,1.1204,-1.0746,0.306,157.39,0.67,0.47,15.0,0.0759,0.0095,0.0102,,0.751,3.001,0.372,,,,1.14,-1.1
29.985,ROTATION_SCAN,1.1211,-1.0717,0.306,157.87,0.3,0.61,15.0,0.0747,0.018,0.0061,,0.739,2.994,0.372,,,,1.14,-1.1
30.036,ROTATION_SCAN,1.1214,-1.068,0.312,158.45,-0.21,0.76,15.0,0.0727,0.0236,0.004,,0.739,2.994,0.362,,,,1.14,-1.1
30.113,ROTATION_SCAN,1.1216,-1.0653,0.312,159.06,-0.52,0.91,15.0,0.0703,0.0226,0.0105,,0.731,,0.362,,,,1.14,-1.1
30.186,ROTATION_SCAN,1.1224,-1.0632,0.308,159.74,-0.9,0.95,15.0,0.0692,0.0176,0.0019,,0.731,,0.353,,,,1.14,-1.1
30.222,ROTATION_SCAN,1.1252,-1.0592,0.308,160.4,-1.07,1.01,15.0,0.0728,0.0148,-0.0063,,0.723,2.939,0.353,,,,1.14,-1.1
30.268,ROTATION_SCAN,1.1262,-1.0579,0.31,161.03,-1.24,0.89,15.0,0.0711,0.005,-0.0037,,0.723,2.939,0.344,,,,1.14,-1.1
30.283,ROTATION_SCAN,1.1285,-1.0565,0.31,161.7,-1.27,0.84,15.0,0.0717,-0.0042,-0.0029,,0.712,2.923,0.344,,,,1.14,-1.1
30.352,ROTATION_SCAN,1.1307,-1.0562,0.306,162.31,-1.3,0.84,15.0,0.0717,-0.0149,-0.0055,,0.712,2.923,0.339,,,,1.14,-1.1
30.384,ROTATION_SCAN,1.1348,-1.058,0.306,162.93,-1.26,0.66,15.0,0.0757,-0.0289,-0.013,,0.701,2.904,0.339,,,,1.14,-1.1
30.431,ROTATION_SCAN,1.139,-1.0593,0.304,163.6,-1.28,0.62,15.0,0.0791,-0.0401,-0.0096,,0.701,2.904,0.337,,,,1.14,-1.1
30.495,ROTATION_SCAN,1.141,-1.0614,0.304,164.31,-1.11,0.29,15.0,0.0753,-0.0509,-0.0078,,0.688,2.854,0.337,,,,1.14,-1.1
30.53,ROTATION_SCAN,1.1407,-1.0638,0.303,165.02,-0.97,0.1,15.0,0.0652,-0.0595,-0.0124,,0.688,2.854,0.334,,,,1.14,-1.1
30.619,ROTATION_SCAN,1.1409,-1.0678,0.303,165.72,-0.85,-0.12,15.0,0.0559,-0.0692,-0.011,,0.68,2.849,0.334,,,,1.14,-1.1
30.642,ROTATION_SCAN,1.1421,-1.0722,0.303,166.41,-0.45,-0.22,15.0,0.0494,-0.0767,-0.0085,,0.68,2.849,0.337,,,,1.14,-1.1
30.696,ROTATION_SCAN,1.1418,-1.0768,0.303,167.09,-0.31,-0.24,15.0,0.0404,-0.0814,-0.0084,,0.674,2.824,0.337,,,,1.14,-1.1
30.764,ROTATION_SCAN,1.1412,-1.0806,0.305,167.78,0.07,-0.29,15.0,0.0315,-0.0812,-0.0063,,0.674,2.824,0.34,,,,1.14,-1.1
30.789,ROTATION_SCAN,1.1402,-1.0832,0.305,168.47,0.22,-0.21,15.0,0.0238,-0.0767,-0.0018,,0.671,2.788,0.34,,,,1.14,-1.1
30.853,ROTATION_SCAN,1.1396,-1.0866,0.302,169.18,0.42,-0.11,15.0,0.0185,-0.073,-0.004,,0.671,2.788,0.345,,,,1.14,-1.1
30.898,ROTATION_SCAN,1.1377,-1.089,0.302,169.88,0.49,-0.09,15.0,0.0119,-0.0666,-0.0078,,0.669,2.79,0.345,,,,1.14,-1.1
30.941,ROTATION_SCAN,1.1374,-1.0939,0.304,170.55,0.48,0.07,15.0,0.0098,-0.066,-0.0064,,0.669,2.79,0.347,,,,1.14,-1.1
31.001,ROTATION_SCAN,1.1349,-1.0964,0.304,171.31,0.57,0.26,15.0,0.005,-0.0605,-0.0026,,0.664,2.751,0.347,,,,1.14,-1.1
31.03,ROTATION_SCAN,1.1341,-1.0982,0.305,172.11,0.65,0.41,15.0,0.0056,-0.0531,-0.0037,,0.664,2.751,0.353,,,,1.14,-1.1
31.099,ROTATION_SCAN,1.1309,-1.1001,0.305,172.91,0.79,0.65,15.0,0.0024,-0.0465,0.0018,,0.664,2.712,0.353,,,,1.14,-1.1
31.178,ROTATION_SCAN,1.1281,-1.1013,0.305,173.72,0.68,0.79,15.0,0.0026,-0.0382,-0.0044,,0.664,2.712,0.353,,,,1.14,-1.1
31.201,ROTATION_SCAN,1.1264,-1.1021,0.305,174.5,0.66,0.92,15.0,0.0056,-0.0308,-0.0025,,0.659,2.689,0.353,,,,1.14,-1.1
31.276,ROTATION_SCAN,1.1248,-1.1022,0.304,175.31,0.72,1.09,15.0,0.0097,-0.0227,-0.0038,,0.659,2.689,0.36,,,,1.14,-1.1
31.318,ROTATION_SCAN,1.1255,-1.1012,0.304,176.03,0.59,1.05,15.0,0.0197,-0.0135,-0.0112,,0.658,2.646,0.36,,,,1.14,-1.1
31.342,ROTATION_SCAN,1.1263,-1.0989,0.3,176.91,0.33,1.08,15.0,0.0282,-0.0032,-0.0081,,0.658,2.646,0.366,,,,1.14,-1.1
31.385,ROTATION_SCAN,1.1276,-1.0981,0.3,177.78,0.27,1.1,15.0,0.0371,0.0011,-0.0179,,0.658,2.607,0.366,,,,1.14,-1.1
31.438,ROTATION_SCAN,1.1286,-1.0962,0.299,178.64,0.25,1.21,15.0,0.045,0.0071,-0.011,,0.658,2.607,0.372,,,,1.14,-1.1
31.488,ROTATION_SCAN,1.1271,-1.0936,0.299,179.46,0.18,1.05,15.0,0.0458,0.0141,-0.0128,,0.666,2.572,0.372,,,,1.14,-1.1
31.555,ROTATION_SCAN,1.129,-1.0902,0.299,-179.72,-0.12,0.72,15.0,0.0522,0.0201,-0.0132,,0.666,2.572,0.372,,,,1.14,-1.1
31.666,NAV_WAYPOINT,1.1301,-1.0871,0.299,-178.91,-0.32,0.71,-0.0,0.0548,0.0229,-0.009,,0.673,2.519,0.372,,1.12,-0.9,2.22,-0.98
31.721,NAV_WAYPOINT,1.131,-1.0844,0.3,-178.24,-0.38,0.09,-0.0,0.0539,0.0237,-0.0065,,0.673,2.519,0.379,,1.12,-0.9,2.22,-0.98
31.748,NAV_WAYPOINT,1.1325,-1.0826,0.3,-177.64,-0.29,-0.18,-0.0,0.0502,0.0221,0.0019,,0.689,2.495,0.379,,1.12,-0.9,2.22,-0.98
31.753,NAV_WAYPOINT,1.1337,-1.0813,0.298,-177.18,-0.19,-0.38,-0.0,0.0449,0.0208,0.0006,,0.689,2.495,0.373,,1.12,-0.9,2.22,-0.98
31.811,NAV_WAYPOINT,1.1322,-1.0801,0.298,-176.92,0.64,-0.66,-0.0,0.0321,0.0215,0.0058,,0.704,2.486,0.373,,1.12,-0.9,2.22,-0.98
31.864,NAV_WAYPOINT,1.1303,-1.0795,0.298,-176.78,2.82,-0.66,-0.0,0.0179,0.0371,0.0034,,0.704,2.486,0.368,,1.12,-0.9,2.22,-0.98
31.927,NAV_WAYPOINT,1.1235,-1.0787,0.298,-176.67,3.96,-0.7,-0.0,-0.0059,0.0644,-0.0013,,0.725,2.517,0.368,,1.12,-0.9,2.22,-0.98
31.935,NAV_WAYPOINT,1.12,-1.0758,0.301,-176.58,4.65,-0.53,-0.0,-0.02,0.1002,-0.0004,,0.725,2.517,0.362,,1.12,-0.9,2.22,-0.98
31.987,NAV_WAYPOINT,1.1127,-1.0703,0.301,-176.64,4.67,-0.37,-0.0,-0.0392,0.1404,0.0037,,0.745,2.543,0.362,,1.12,-0.9,2.22,-0.98
32.051,NAV_WAYPOINT,1.1065,-1.0609,0.299,-176.72,4.21,0.01,-0.0,-0.0511,0.1821,-0.0045,,0.745,2.543,0.344,,1.12,-0.9,2.22,-0.98
32.079,NAV_WAYPOINT,1.1003,-1.0512,0.299,-176.83,3.55,0.39,-0.0,-0.0581,0.2157,-0.0109,,0.802,2.533,0.344,,1.12,-0.9,2.22,-0.98
32.179,NAV_WAYPOINT,1.0937,-1.0376,0.299,-176.9,2.83,0.92,-0.0,-0.0614,0.2484,-0.0073,,0.802,2.533,0.316,,1.12,-0.9,2.22,-0.98
32.201,NAV_WAYPOINT,1.0863,-1.0232,0.299,-177.01,2.26,1.29,-0.0,-0.0617,0.2755,-0.0091,,,2.559,0.316,,1.12,-0.9,2.22,-0.98
32.243,NAV_WAYPOINT,1.079,-1.0114,0.299,-177.27,1.5,1.47,-0.0,-0.0596,0.2876,-0.009,,,2.559,0.285,,1.12,-0.9,2.22,-0.98
32.298,NAV_WAYPOINT,1.0741,-0.9978,0.299,-177.48,1.0,1.78,-0.0,-0.0505,0.2959,-0.0076,,1.731,2.613,0.285,,1.12,-0.9,2.22,-0.98
32.335,NAV_WAYPOINT,1.0683,-0.9852,0.299,-177.67,0.68,1.89,-0.0,-0.0426,0.2984,-0.012,,1.731,2.613,0.259,,1.12,-0.9,2.22,-0.98
32.384,NAV_WAYPOINT,1.0645,-0.9713,0.299,-177.85,0.17,2.37,-0.0,-0.0289,0.2995,-0.0059,,1.772,2.648,0.259,,1.12,-0.9,2.22,-0.98
32.453,NAV_WAYPOINT,1.0586,-0.9553,0.299,-178.07,-0.12,2.81,-0.0,-0.0168,0.3034,-0.0081,,1.772,2.648,0.223,,1.12,-0.9,2.22,-0.98
32.479,NAV_WAYPOINT,1.0545,-0.9419,0.299,-178.25,-0.55,2.93,-0.0,-0.0014,0.2972,-0.0067,,1.782,2.659,0.223,,1.12,-0.9,2.22,-0.98
32.545,NAV_WAYPOINT,1.0524,-0.9288,0.295,-178.32,-1.2,3.45,-0.0,0.0203,0.2858,-0.0065,,1.782,2.659,0.198,,1.12,-0.9,2.22,-0.98
32.618,NAV_WAYPOINT,1.0518,-0.9173,0.295,-178.48,-1.93,3.48,-0.0,0.0447,0.265,-0.0094,,1.788,2.705,0.198,,1.12,-0.9,2.22,-0.98
32.647,NAV_WAYPOINT,1.0519,-0.905,0.297,-178.7,-2.39,3.62,-0.0,0.0686,0.2441,-0.0037,,1.788,2.705,0.174,,1.12,-0.9,2.22,-0.98
32.703,NAV_WAYPOINT,1.053,-0.8936,0.297,-178.98,-2.88,3.5,-0.0,0.0913,0.2194,0.0011,,1.791,2.732,0.174,,1.12,-0.9,2.22,-0.98
32.736,NAV_WAYPOINT,1.0567,-0.8838,0.299,-179.29,-3.24,3.53,-0.0,0.117,0.1907,-0.0001,,1.791,2.732,0.153,,1.12,-0.9,2.22,-0.98
32.789,NAV_WAYPOINT,1.0608,-0.8758,0.299,-179.63,-3.4,3.32,-0.0,0.1392,0.1579,0.0066,,1.782,2.742,0.153,,1.12,-0.9,2.22,-0.98
32.876,NAV_WAYPOINT,1.0663,-0.8695,0.298,-179.83,-3.69,2.99,-0.0,0.1594,0.1229,0.0054,,1.782,2.742,0.148,,1.12,-0.9,2.22,-0.98
32.882,NAV_WAYPOINT,1.0728,-0.8651,0.298,-179.95,-3.71,2.45,-0.0,0.1749,0.0865,-0.0023,,1.781,2.75,0.148,,1.12,-0.9,2.22,-0.98
32.961,NAV_WAYPOINT,1.0782,-0.861,0.295,179.9,-4.0,1.66,-0.0,0.1788,0.0516,-0.0003,,1.781,2.75,0.137,,1.12,-0.9,2.22,-0.98
32.995,NAV_WAYPOINT,1.0866,-0.8596,0.295,179.87,-3.84,1.4,-0.0,0.1888,0.0147,-0.0065,,1.76,2.76,0.137,,1.12,-0.9,2.22,-0.98
33.037,NAV_WAYPOINT,1.0944,-0.8604,0.296,179.72,-3.51,0.86,-0.0,0.1909,-0.0216,-0.0027,,1.76,2.76,0.138,,1.12,-0.9,2.22,-0.98
33.112,NAV_WAYPOINT,1.1005,-0.862,0.296,179.58,-3.08,0.42,-0.0,0.1831,-0.0525,-0.0008,,1.751,2.782,0.138,,1.12,-0.9,2.22,-0.98
33.132,NAV_WAYPOINT,1.1079,-0.8656,0.294,179.34,-2.72,-0.09,-0.0,0.1772,-0.0804,-0.0004,,1.751,2.782,0.15,,1.12,-0.9,2.22,-0.98
33.203,NAV_WAYPOINT,1.1149,-0.8698,0.294,179.09,-2.14,-0.69,-0.0,0.1661,-0.1017,-0.0048,,1.74,,0.15,,1.12,-0.9,2.22,-0.98
33.234,NAV_WAYPOINT,1.1205,-0.8748,0.296,178.85,-1.49,-1.19,-0.0,0.1479,-0.1178,0.0011,,1.74,,0.216,,1.12,-0.9,2.22,-0.98
33.34,NAV_WAYPOINT,1.1247,-0.8815,0.296,178.73,-1.1,-1.53,-0.0,0.1252,-0.1316,0.0079,,1.738,2.783,0.216,,2.04,-0.9,2.22,-0.98
33.37,NAV_WAYPOINT,1.1278,-0.8871,0.296,178.74,-0.67,-1.82,-0.0,0.1006,-0.1374,0.0075,,1.738,2.783,0.347,,2.04,-0.9,2.22,-0.98
33.395,NAV_WAYPOINT,1.1297,-0.8933,0.296,178.75,-0.15,-2.2,-0.0,0.0736,-0.1398,0.0019,,1.74,2.805,0.347,,2.04,-0.9,2.22,-0.98
33.436,NAV_WAYPOINT,1.1313,-0.8991,0.296,178.76,0.7,-1.59,-0.0,0.0507,-0.1342,0.0031,,1.74,2.805,0.35,,2.04,-0.9,2.22,-0.98
33.484,NAV_WAYPOINT,1.1305,-0.9044,0.296,178.75,1.39,1.15,-0.0,0.0412,-0.1221,0.0052,,1.742,2.798,0.35,,2.04,-0.9,2.22,-0.98
33.557,NAV_WAYPOINT,1.1281,-0.9078,0.299,178.77,1.88,2.62,-0.0,0.0453,-0.1031,0.0028,,1.742,2.798,0.317,,2.04,-0.9,2.22,-0.98
33.591,NAV_WAYPOINT,1.1288,-0.9111,0.299,178.89,2.02,3.79,-0.0,0.0687,-0.0825,0.0071,,1.754,2.781,0.317,,2.04,-0.9,2.22,-0.98
33.641,NAV_WAYPOINT,1.1314,-0.915,0.302,179.15,1.96,4.45,-0.0,0.1009,-0.0666,0.0028,,1.754,2.781,0.305,,2.04,-0.9,2.22,-0.98
33.682,NAV_WAYPOINT,1.1359,-0.9172,0.302,179.39,1.8,4.67,-0.0,0.1374,-0.0485,0.0048,,1.748,2.757,0.305,,2.04,-0.9,2.22,-0.98
33.744,NAV_WAYPOINT,1.1415,-0.9184,0.297,179.65,1.79,4.65,-0.0,0.1727,-0.0304,-0.0021,,1.748,2.757,0.299,,2.04,-0.9,2.22,-0.98
33.817,NAV_WAYPOINT,1.151,-0.9177,0.297,-179.98,1.41,4.33,-0.0,0.2121,-0.0114,-0.0083,,1.735,2.754,0.299,,2.04,-0.9,2.22,-0.98
33.846,NAV_WAYPOINT,1.1594,-0.9167,0.299,-179.64,1.01,3.77,-0.0,0.2407,0.003,-0.0014,,1.735,2.754,0.227,,2.04,-0.9,2.22,-0.98
33.906,NAV_WAYPOINT,1.1714,-0.9155,0.299,-179.41,0.78,3.24,-0.0,0.2693,0.0133,0.001,,1.712,2.708,0.227,,2.04,-0.9,2.22,-0.98
33.967,NAV_WAYPOINT,1.183,-0.9149,0.297,-179.23,0.56,2.56,-0.0,0.2879,0.019,-0.001,,1.712,2.708,0.181,,2.04,-0.9,2.22,-0.98
33.979,NAV_WAYPOINT,1.195,-0.9134,0.297,-179.1,0.38,2.03,-0.0,0.3014,0.0248,-0.0025,,1.687,2.701,0.181,,2.04,-0.9,2.22,-0.98
34.08,NAV_WAYPOINT,1.2091,-0.9106,0.3,-178.99,0.26,1.62,-0.0,0.3137,0.0321,0.0044,,1.687,2.701,0.165,,2.04,-0.9,2.22,-0.98
34.099,NAV_WAYPOINT,1.2249,-0.9086,0.3,-178.87,0.14,1.13,-0.0,0.325,0.0348,0.0094,,1.65,2.682,0.165,,2.04,-0.9,2.22,-0.98
34.142,NAV_WAYPOINT,1.2387,-0.9063,0.299,-178.87,-0.11,0.64,-0.0,0.3262,0.0369,0.0089,,1.65,2.682,0.172,,2.04,-0.9,2.22,-0.98
34.185,NAV_WAYPOINT,1.2516,-0.9038,0.299,-178.81,-0.3,0.57,-0.0,0.3232,0.0371,0.0093,,1.628,2.686,0.172,,2.04,-0.9,2.22,-0.98
34.233,NAV_WAYPOINT,1.2651,-0.9015,0.299,-178.77,-0.21,0.4,-0.0,0.3212,0.0369,0.0106,,1.628,2.686,0.167,,2.04,-0.9,2.22,-0.98
34.306,NAV_WAYPOINT,1.2771,-0.899,0.299,-178.82,-0.2,0.27,-0.0,0.3136,0.0376,0.0065,,1.604,2.663,0.167,,2.04,-0.9,2.22,-0.98
34.337,NAV_WAYPOINT,1.2915,-0.8962,0.301,-178.92,-0.23,0.36,-0.0,0.3136,0.0385,0.0053,,1.604,2.663,0.18,,2.04,-0.9,2.22,-0.98
34.401,NAV_WAYPOINT,1.3045,-0.8934,0.301,-179.06,-0.31,0.34,-0.0,0.3103,0.0388,0.0073,,1.585,2.688,0.18,,2.04,-0.9,2.22,-0.98
34.46,NAV_WAYPOINT,1.3168,-0.8922,0.31,-179.26,-0.37,0.26,-0.0,0.3052,0.0347,0.006,,1.585,2.688,0.163,,2.04,-0.9,2.22,-0.98
34.499,NAV_WAYPOINT,1.3299,-0.8895,0.31,-179.54,-0.78,0.43,-0.0,0.3024,0.0318,0.0273,,1.553,2.663,0.163,,2.04,-0.9,2.22,-0.98
34.542,NAV_WAYPOINT,1.3411,-0.8879,0.307,-179.78,-0.61,0.47,-0.0,0.2967,0.0264,0.0145,,1.553,2.663,0.181,,2.04,-0.9,2.22,-0.98
34.579,NAV_WAYPOINT,1.3531,-0.8865,0.307,-179.91,-0.54,0.49,-0.0,0.2935,0.022,0.0055,,1.537,2.644,0.181,,2.04,-0.9,2.22,-0.98
34.633,NAV_WAYPOINT,1.3667,-0.8849,0.309,179.95,-0.46,0.53,-0.0,0.295,0.0192,0.0025,,1.537,2.644,0.154,,2.04,-0.9,2.22,-0.98
34.728,NAV_WAYPOINT,1.3774,-0.8852,0.309,179.7,-0.55,0.67,-0.0,0.2903,0.0121,-0.0013,,1.508,2.686,0.154,,2.04,-0.9,2.22,-0.98
34.79,NAV_WAYPOINT,1.3907,-0.8846,0.302,179.35,-0.39,0.53,-0.0,0.2924,0.0083,-0.0078,,1.508,2.686,0.151,,2.04,-0.9,2.22,-0.98
34.828,NAV_WAYPOINT,1.4019,-0.8845,0.302,179.06,-0.31,0.16,-0.0,0.2863,0.0047,-0.0267,,1.491,2.69,0.151,,2.04,-0.9,2.22,-0.98
34.851,NAV_WAYPOINT,1.4118,-0.8848,0.305,178.75,-0.52,0.13,-0.0,0.2766,-0.0,-0.0182,,1.491,2.69,0.176,,2.04,-0.9,2.22,-0.98
34.928,NAV_WAYPOINT,1.4246,-0.8851,0.305,178.51,-0.72,-0.06,-0.0,0.2737,-0.0065,-0.0076,,1.477,2.701,0.176,,2.04,-0.9,2.22,-0.98
34.953,NAV_WAYPOINT,1.4339,-0.8856,0.302,178.25,-0.65,0.19,-0.0,0.2632,-0.0125,-0.0167,,1.477,2.701,0.157,,2.04,-0.9,2.22,-0.98
35.02,NAV_WAYPOINT,1.4447,-0.8874,0.302,177.96,-0.33,0.24,-0.0,0.2593,-0.0193,-0.0191,,1.459,2.669,0.157,,2.04,-0.9,2.22,-0.98
35.038,NAV_WAYPOINT,1.4542,-0.889,0.302,177.61,-0.63,0.52,-0.0,0.2539,-0.0249,-0.0097,,1.459,2.669,0.179,,2.04,-0.9,2.22,-0.98
35.119,NAV_WAYPOINT,1.4629,-0.8897,0.302,177.29,-0.77,0.97,-0.0,0.2504,-0.0304,-0.0025,,1.442,2.685,0.179,,2.04,-0.9,2.22,-0.98
35.14,NAV_WAYPOINT,1.4716,-0.8928,0.301,177.1,-0.74,1.24,-0.0,0.2498,-0.0408,-0.0,,1.442,2.685,0.167,,2.04,-0.9,2.22,-0.98
35.185,NAV_WAYPOINT,1.4837,-0.8956,0.301,177.06,-0.46,1.4,-0.0,0.2596,-0.048,-0.0039,,,2.674,0.167,,2.04,-0.9,2.22,-0.98
35.256,NAV_WAYPOINT,1.4943,-0.8986,0.299,177.08,-0.0,1.25,-0.0,0.2645,-0.0514,-0.0063,,,2.674,0.19,,2.04,-0.9,2.22,-0.98
35.31,NAV_WAYPOINT,1.5044,-0.9019,0.299,177.33,0.03,1.63,-0.0,0.2683,-0.0536,-0.0077,,1.413,2.655,0.19,,2.04,-0.9,2.22,-0.98
35.363,NAV_WAYPOINT,1.5149,-0.9065,0.303,177.84,0.32,1.69,-0.0,0.276,-0.0574,-0.0077,,1.413,2.655,0.315,,2.04,-0.9,2.22,-0.98
35.392,NAV_WAYPOINT,1.5261,-0.911,0.303,178.48,0.78,1.38,-0.0,0.2816,-0.0562,0.0017,,1.383,2.657,0.315,,2.04,-0.9,2.22,-0.98
35.445,NAV_WAYPOINT,1.541,-0.9162,0.301,179.17,0.92,1.39,-0.0,0.2951,-0.0551,0.0015,,1.383,2.657,0.745,,2.04,-0.9,2.22,-0.98
35.49,NAV_WAYPOINT,1.5545,-0.9193,0.301,179.83,0.97,1.36,-0.0,0.3035,-0.0482,-0.0007,,1.357,2.662,0.745,,2.04,-0.9,2.22,-0.98
35.53,NAV_WAYPOINT,1.5681,-0.9217,0.301,-179.66,1.11,1.14,-0.0,0.3103,-0.0393,0.0009,,1.357,2.662,,,2.04,-0.9,2.22,-0.98
35.603,NAV_WAYPOINT,1.5808,-0.9257,0.301,-179.24,1.15,0.97,-0.0,0.3117,-0.0346,-0.0035,,1.321,2.671,,,2.04,-0.9,2.22,-0.98
35.676,NAV_WAYPOINT,1.5946,-0.9279,0.304,-178.93,1.1,0.9,-0.0,0.3149,-0.0261,-0.0031,,1.321,2.671,,,2.04,-0.9,2.22,-0.98
35.719,NAV_WAYPOINT,1.6102,-0.9293,0.304,-178.91,0.88,0.9,-0.0,0.3219,-0.0181,0.0068,,1.298,2.668,,,2.04,-0.9,2.22,-0.98
35.853,NAV_WAYPOINT,1.6237,-0.9308,0.303,-179.03,0.76,0.72,-0.0,0.3226,-0.0122,0.0059,,1.298,2.668,,,2.04,-0.9,2.22,-0.98
35.885,NAV_WAYPOINT,1.6378,-0.9328,0.303,-179.2,0.49,0.62,-0.0,0.3233,-0.0106,0.0026,,1.273,2.677,,,2.04,-0.9,2.22,-0.98
35.898,NAV_WAYPOINT,1.6532,-0.9349,0.3,-179.23,0.5,0.41,-0.0,0.3256,-0.0102,0.0027,,1.273,2.677,,,2.04,-0.9,2.22,-0.98
35.952,NAV_WAYPOINT,1.6681,-0.9368,0.3,-179.14,0.58,0.32,-0.0,0.3248,-0.0088,-0.0041,,1.242,2.646,,,2.04,-0.9,2.22,-0.98
35.986,NAV_WAYPOINT,1.6814,-0.938,0.305,-178.99,0.7,0.28,-0.0,0.3203,-0.0047,-0.0025,,1.242,2.646,,,2.04,-0.9,2.22,-0.98
36.054,NAV_WAYPOINT,1.6975,-0.9404,0.305,-178.77,0.81,-0.06,-0.0,0.3214,-0.0037,0.0072,,1.216,2.661,,,2.04,-0.9,2.22,-0.98
36.075,NAV_WAYPOINT,1.713,-0.9414,0.303,-178.49,1.26,-0.14,-0.0,0.3187,0.0033,0.002,,1.216,2.661,,,2.04,-0.9,2.22,-0.98
36.12,NAV_WAYPOINT,1.7262,-0.942,0.303,-178.28,1.3,-0.27,-0.0,0.3105,0.0127,-0.0051,,1.178,2.608,,,2.04,-0.9,2.22,-0.98
36.142,NAV_WAYPOINT,1.7402,-0.9429,0.304,-178.19,1.2,-0.05,-0.0,0.3055,0.0198,-0.0024,,1.178,2.608,,,2.04,-0.9,2.22,-0.98
36.216,NAV_WAYPOINT,1.7543,-0.9438,0.304,-178.11,1.1,0.2,-0.0,0.3035,0.025,-0.0022,,1.152,,,,2.04,-0.9,2.22,-0.98
36.245,NAV_WAYPOINT,1.7702,-0.9428,0.304,-178.13,0.93,0.32,-0.0,0.3073,0.0324,-0.0039,,1.152,,,,2.04,-0.9,2.22,-0.98
36.307,NAV_WAYPOINT,1.7837,-0.9425,0.304,-178.24,0.84,0.4,-0.0,0.306,0.0372,-0.0034,,1.125,,,,2.04,-0.9,2.22,-0.98
36.331,NAV_WAYPOINT,1.7993,-0.941,0.304,-178.38,0.62,0.46,-0.0,0.3105,0.0424,-0.0076,,1.125,,,,2.04,-0.9,2.22,-0.98
36.396,NAV_WAYPOINT,1.8131,-0.9407,0.304,-178.55,0.29,0.38,-0.0,0.3102,0.0419,-0.0045,,1.101,,,,2.04,-0.9,2.22,-0.98
36.448,NAV_WAYPOINT,1.8285,-0.9397,0.302,-178.71,0.32,0.37,-0.0,0.3128,0.0418,-0.008,,1.101,,,,2.04,-0.9,2.22,-0.98
36.478,NAV_WAYPOINT,1.8441,-0.9378,0.302,-178.83,0.15,0.37,-0.0,0.316,0.0434,-0.0137,,1.07,,,,2.04,-0.9,2.22,-0.98
36.562,NAV_WAYPOINT,1.859,-0.9379,0.301,-178.95,0.17,0.32,-0.0,0.3168,0.0395,-0.0093,,1.07,,,,2.04,-0.9,2.22,-0.98
36.59,NAV_WAYPOINT,1.8733,-0.9369,0.301,-179.07,0.24,0.35,-0.0,0.3158,0.0391,-0.0109,,1.043,0.095,,,2.04,-0.9,2.22,-0.98
36.656,NAV_WAYPOINT,1.8891,-0.9357,0.299,-179.09,0.28,0.26,-0.0,0.318,0.0395,-0.0085,,1.043,0.095,,,2.04,-0.9,2.22,-0.98
36.682,NAV_WAYPOINT,1.9053,-0.9349,0.299,-179.11,0.34,0.17,-0.0,0.3204,0.0392,-0.0094,,1.01,0.12,,,2.04,-0.9,2.22,-0.98
36.743,NAV_WAYPOINT,1.92,-0.9342,0.299,-179.04,0.38,0.08,-0.0,0.3181,0.0396,-0.0153,,1.01,0.12,,,2.04,-0.9,2.22,-0.98
36.787,NAV_WAYPOINT,1.9367,-0.9321,0.299,-178.81,0.48,0.11,-0.0,0.3207,0.0432,-0.0112,,0.981,0.137,,,2.04,-0.9,2.22,-0.98
36.831,NAV_WAYPOINT,1.9534,-0.9297,0.301,-178.44,0.91,-0.06,-0.0,0.3224,0.0499,-0.0104,,0.981,0.137,,,2.04,-0.9,2.22,-0.98
36.94,NAV_WAYPOINT,1.9708,-0.9275,0.301,-177.96,0.98,-0.19,-0.0,0.3159,0.0559,-0.0027,,0.949,0.138,,,2.04,-0.9,2.22,-0.98
36.958,NAV_WAYPOINT,1.9835,-0.9239,0.299,-177.58,1.3,-0.03,-0.0,0.3144,0.0686,-0.0031,,0.949,0.138,,,2.04,-0.9,2.22,-0.98
36.989,NAV_WAYPOINT,2.0009,-0.9196,0.299,-177.13,1.32,-0.16,-0.0,0.3103,0.0798,-0.0024,,0.917,0.15,,,2.04,-0.9,2.22,-0.98
37.073,NAV_WAYPOINT,2.0188,-0.9129,0.298,-177.0,1.32,-0.59,-0.0,0.3122,0.0968,0.0009,,0.917,0.15,,,2.22,-0.9,2.22,-0.98
37.094,NAV_WAYPOINT,2.0334,-0.9068,0.298,-177.13,0.79,-1.07,-0.0,0.3031,0.1084,-0.0026,,0.889,0.203,,,2.22,-0.9,2.22,-0.98
37.135,NAV_WAYPOINT,2.0468,-0.9014,0.299,-177.48,0.52,-1.58,-0.0,0.2885,0.1136,-0.001,,0.889,0.203,,,2.22,-0.9,2.22,-0.98
37.19,NAV_WAYPOINT,2.0603,-0.8956,0.299,-177.79,-0.15,-2.06,-0.0,0.2702,0.1155,0.009,,0.863,0.409,,,2.22,-0.9,2.22,-0.98
37.237,NAV_WAYPOINT,2.072,-0.8881,0.3,-178.18,-1.04,-0.86,-0.0,0.2532,0.1147,0.0075,,0.863,0.409,,,2.22,-0.9,2.22,-0.98
37.307,NAV_WAYPOINT,2.082,-0.8804,0.3,-178.62,-1.57,-0.36,-0.0,0.2415,0.1083,0.0039,,0.844,0.532,,,2.22,-0.9,2.22,-0.98
37.334,NAV_WAYPOINT,2.094,-0.8749,0.301,-178.95,-2.1,0.29,-0.0,0.2406,0.0942,0.0039,,0.844,0.532,,,2.22,-0.9,2.22,-0.98
37.394,NAV_WAYPOINT,2.1046,-0.8698,0.301,-179.22,-2.39,0.63,-0.0,0.2408,0.0766,0.0027,,0.818,0.725,,,2.22,-0.9,2.22,-0.98
37.469,NAV_WAYPOINT,2.115,-0.8661,0.302,-179.44,-2.66,1.07,-0.0,0.2434,0.0559,-0.0009,,0.818,0.725,,,2.22,-0.9,2.22,-0.98
37.479,NAV_WAYPOINT,2.127,-0.8642,0.302,-179.59,-2.82,1.36,-0.0,0.2522,0.0313,0.0028,,0.798,0.874,,,2.22,-0.9,2.22,-0.98
37.57,NAV_WAYPOINT,2.14,-0.8635,0.297,-179.73,-2.91,1.35,-0.0,0.264,0.0064,-0.0034,,0.798,0.874,,,2.22,-0.9,2.22,-0.98
37.596,NAV_WAYPOINT,2.1542,-0.8635,0.297,-179.81,-2.72,1.37,-0.0,0.2777,-0.0164,-0.0133,,0.775,1.535,,,2.22,-0.9,2.22,-0.98
37.631,NAV_WAYPOINT,2.1672,-0.8644,0.299,-179.77,-2.62,1.2,-0.0,0.286,-0.0391,-0.0115,,0.775,1.535,,,2.22,-0.9,2.22,-0.98
37.705,NAV_WAYPOINT,2.181,-0.8665,0.299,-179.75,-2.47,0.84,-0.0,0.2934,-0.0607,-0.0072,,0.749,1.697,,,2.22,-0.9,2.22,-0.98
37.756,NAV_WAYPOINT,2.1958,-0.8717,0.297,-179.66,-2.19,0.09,-0.0,0.2982,-0.0852,-0.0068,,0.749,1.697,,,2.22,-0.9,2.22,-0.98
37.784,NAV_WAYPOINT,2.2079,-0.875,0.297,-179.57,-1.77,-0.85,-0.0,0.2877,-0.1019,-0.0082,,0.72,,,,2.22,-0.9,2.22,-0.98
37.89,NAV_WAYPOINT,2.2245,-0.8832,0.295,-179.48,-1.31,-1.49,-0.0,0.2847,-0.1202,-0.0018,,0.72,,,,2.22,-0.98,2.22,-0.98
37.908,NAV_WAYPOINT,2.2336,-0.8864,0.295,-179.34,-0.92,-2.09,-0.0,0.2624,-0.1279,-0.0041,,0.694,1.773,,,2.22,-0.98,2.22,-0.98
37.928,NAV_WAYPOINT,2.2455,-0.8937,0.294,-179.12,-0.38,-2.69,-0.0,0.2384,-0.1358,-0.002,,0.694,1.773,,,2.22,-0.98,2.22,-0.98
37.983,NAV_WAYPOINT,2.2553,-0.9001,0.294,-178.91,0.17,-3.02,-0.0,0.2085,-0.1374,-0.0015,,0.676,1.762,,,2.22,-0.98,2.22,-0.98
38.052,NAV_WAYPOINT,2.2651,-0.9074,0.296,-178.75,-0.13,-3.57,-0.0,0.1788,-0.1373,-0.0016,,0.676,1.762,,,2.22,-0.98,2.22,-0.98
38.106,NAV_WAYPOINT,2.2727,-0.9101,0.296,-178.54,-1.38,-3.82,-0.0,0.1429,-0.1377,0.0095,,0.66,1.713,,,2.22,-0.98,2.22,-0.98
38.158,NAV_WAYPOINT,2.28,-0.9164,0.298,-178.38,-1.49,-4.34,-0.0,0.1101,-0.1494,0.0027,,0.66,1.713,,,2.22,-0.98,2.22,-0.98
38.192,NAV_WAYPOINT,2.2826,-0.9221,0.298,-178.19,-1.71,-4.67,-0.0,0.0644,-0.1614,0.005,,0.652,1.678,,,2.22,-0.98,2.22,-0.98
38.241,NAV_WAYPOINT,2.2855,-0.9303,0.298,-177.98,-1.54,-4.66,-0.0,0.0252,-0.1766,0.0046,,0.652,1.678,,,2.22,-0.98,2.22,-0.98
38.299,NAV_WAYPOINT,2.2853,-0.9366,0.298,-177.77,-1.36,-4.42,-0.0,-0.0163,-0.1856,0.0023,,0.651,1.659,,,2.22,-0.98,2.22,-0.98
38.329,NAV_WAYPOINT,2.2842,-0.9459,0.299,-177.65,-1.11,-4.38,-0.0,-0.0527,-0.1974,0.0016,,0.651,1.659,,,2.22,-0.98,2.22,-0.98
38.401,NAV_WAYPOINT,2.2782,-0.9585,0.299,-177.63,-0.44,-4.05,-0.0,-0.0953,-0.2103,-0.0007,,0.659,1.631,,,2.22,-0.98,2.22,-0.98
38.431,NAV_WAYPOINT,2.2734,-0.9681,0.298,-177.61,0.16,-3.34,-0.0,-0.1259,-0.2107,0.0054,,0.659,1.631,,,2.22,-0.98,2.22,-0.98
38.507,NAV_WAYPOINT,2.2658,-0.9782,0.298,-177.74,0.69,-2.75,-0.0,-0.154,-0.207,0.0006,,0.672,1.637,,,2.22,-0.98,2.22,-0.98
38.546,NAV_WAYPOINT,2.2588,-0.9859,0.296,-177.93,1.34,-2.04,-0.0,-0.1728,-0.1942,-0.0004,,0.672,1.637,,,2.22,-0.98,2.22,-0.98
38.593,NAV_WAYPOINT,2.2514,-0.9928,0.296,-178.21,2.07,-1.1,-0.0,-0.183,-0.1743,-0.0026,,0.693,1.672,,,2.22,-0.98,2.22,-0.98
38.643,NAV_WAYPOINT,2.2429,-0.9996,0.298,-178.46,2.6,-0.29,-0.0,-0.1873,-0.1511,0.0006,,0.693,1.672,,,2.22,-0.98,2.22,-0.98
38.732,NAV_WAYPOINT,2.232,-1.0089,0.298,-178.76,3.16,0.54,-0.0,-0.1893,-0.1295,0.0057,,0.719,1.688,,,2.22,-0.98,2.22,-0.98
38.773,NAV_WAYPOINT,2.2244,-1.0131,0.296,-179.04,3.35,1.1,-0.0,-0.1783,-0.0977,0.0025,,0.719,1.688,,,2.22,-0.98,2.22,-0.98
38.778,NAV_WAYPOINT,2.2176,-1.0157,0.296,-179.28,3.66,1.79,-0.0,-0.1614,-0.0643,-0.0031,,0.751,,,,2.22,-0.98,2.22,-0.98
38.887,NAV_WAYPOINT,2.2127,-1.0165,0.298,-179.41,3.5,2.1,-0.0,-0.1378,-0.0301,0.0002,,0.751,,,,2.22,-0.98,2.22,-0.98
38.929,NAV_WAYPOINT,2.2069,-1.0174,0.298,-179.56,3.28,2.28,-0.0,-0.117,-0.0014,0.002,,,,,,2.22,-0.98,2.22,-0.98
38.94,NAV_WAYPOINT,2.2007,-1.0151,0.299,-179.7,3.01,2.4,-0.0,-0.0979,0.0322,0.0036,,,,,,2.22,-0.98,2.22,-0.98
38.987,NAV_WAYPOINT,2.1991,-1.0121,0.299,-179.84,2.69,2.6,-0.0,-0.0701,0.0562,0.0075,,,,,,2.22,-0.98,2.22,-0.98
39.045,NAV_WAYPOINT,2.1979,-1.0079,0.302,179.99,2.24,2.78,-0.0,-0.0428,0.078,0.0045,,,,,,2.22,-0.98,2.22,-0.98
39.114,NAV_WAYPOINT,2.199,-1.0025,0.302,179.87,1.73,2.65,-0.0,-0.013,0.0954,0.0101,,,1.763,,,2.22,-0.98,2.22,-0.98
39.148,NAV_WAYPOINT,2.2004,-0.9973,0.3,179.8,1.15,2.63,-0.0,0.013,0.1055,0.008,,,1.763,,,2.22,-0.98,2.22,-0.98
39.178,NAV_WAYPOINT,2.2026,-0.9917,0.3,179.88,0.45,2.32,-0.0,0.0368,0.111,0.0007,,,,,,2.22,-0.98,2.22,-0.98
39.276,ROTATION_SCAN,2.2078,-0.9851,0.299,179.97,0.07,1.83,-0.0,0.0609,0.1131,0.0006,,,,,,,,2.22,-0.98
39.324,ROTATION_SCAN,2.2125,-0.9801,0.299,-179.84,-0.3,1.5,-0.0,0.0776,0.1083,-0.004,,0.753,1.741,,,,,2.22,-0.98
39.354,ROTATION_SCAN,2.2173,-0.9756,0.299,-179.67,-0.5,1.0,-0.0,0.0892,0.1007,-0.0004,,0.753,1.741,,,,,2.22,-0.98
39.423,ROTATION_SCAN,2.2239,-0.9713,0.299,-179.45,-0.94,0.23,15.0,0.0984,0.091,-0.0021,,0.736,,,,,,2.22,-0.98
39.444,ROTATION_SCAN,2.2288,-0.9677,0.303,-179.16,-1.32,-0.57,15.0,0.0957,0.0772,0.0008,,0.736,,,,,,2.22,-0.98
39.487,ROTATION_SCAN,2.2348,-0.9655,0.303,-178.77,-1.52,-1.04,15.0,0.091,0.0595,0.0098,,0.721,,,,,,2.22,-0.98
39.543,ROTATION_SCAN,2.2391,-0.9645,0.302,-178.27,-1.67,-1.55,15.0,0.0788,0.0395,0.0042,,0.721,,,,,,2.22,-0.98
39.578,ROTATION_SCAN,2.2434,-0.9639,0.302,-177.72,-1.59,-1.72,15.0,0.0662,0.0213,0.0013,,0.71,,,,,,2.22,-0.98
39.701,ROTATION_SCAN,2.248,-0.9648,0.3,-177.08,-1.51,-1.94,15.0,0.0545,0.0024,0.0001,,0.71,,,,,,2.22,-0.98
39.706,ROTATION_SCAN,2.2482,-0.9664,0.3,-176.39,-1.2,-1.99,15.0,0.0324,-0.0149,-0.0046,,0.701,1.626,,,,,2.22,-0.98
39.769,ROTATION_SCAN,2.2484,-0.9696,0.299,-175.72,-0.95,-1.92,15.0,0.013,-0.0314,-0.0062,,0.701,1.626,,,,,2.22,-0.98
39.813,ROTATION_SCAN,2.2475,-0.974,0.299,-174.92,-0.76,-1.64,15.0,-0.0053,-0.0474,-0.0093,,0.699,1.597,,,,,2.22,-0.98
39.856,ROTATION_SCAN,2.2453,-0.9774,0.299,-174.11,-0.4,-1.53,15.0,-0.0227,-0.0565,-0.0061,,0.699,1.597,,,,,2.22,-0.98
39.879,ROTATION_SCAN,2.2425,-0.982,0.299,-173.25,-0.18,-1.37,15.0,-0.0387,-0.0645,-0.0047,,0.702,1.57,,,,,2.22,-0.98
39.957,ROTATION_SCAN,2.2396,-0.9863,0.3,-172.33,0.15,-1.1,15.0,-0.0511,-0.0683,-0.0038,,0.702,1.57,,,,,2.22,-0.98
39.985,ROTATION_SCAN,2.2354,-0.9899,0.3,-171.38,0.53,-0.7,15.0,-0.0627,-0.0669,-0.0005,,0.706,1.553,,,,,2.22,-0.98
40.045,ROTATION_SCAN,2.2293,-0.9941,0.299,-170.47,0.84,-0.32,15.0,-0.0753,-0.0645,-0.0017,,0.706,1.553,,,,,2.22,-0.98
40.132,ROTATION_SCAN,2.2257,-0.9969,0.299,-169.59,1.15,0.32,15.0,-0.0756,-0.0548,-0.0024,,0.717,1.526,,,,,2.22,-0.98
40.151,ROTATION_SCAN,2.2207,-1.0,0.297,-168.67,1.25,0.56,15.0,-0.0767,-0.0451,-0.0002,,0.717,1.526,,,,,2.22,-0.98
40.191,ROTATION_SCAN,2.2149,-1.003,0.297,-167.79,1.27,0.78,15.0,-0.0779,-0.0355,-0.0047,0.256,0.728,1.506,,,,,2.22,-0.98
40.273,ROTATION_SCAN,2.2105,-1.0047,0.302,-166.92,1.16,0.92,15.0,-0.0742,-0.0241,-0.0024,0.256,0.728,1.506,,,,,2.22,-0.98
40.291,ROTATION_SCAN,2.2058,-1.0055,0.302,-166.13,0.96,1.2,15.0,-0.0697,-0.0125,0.0089,0.218,0.737,1.489,,,,,2.22,-0.98
40.347,ROTATION_SCAN,2.1997,-1.0058,0.303,-165.38,0.88,1.3,15.0,-0.0679,-0.002,0.0042,0.218,0.737,1.489,,,,,2.22,-0.98
40.466,ROTATION_SCAN,2.195,-1.0059,0.303,-164.66,0.72,1.45,15.0,-0.0617,0.0073,0.0057,0.195,0.747,1.459,,,,,2.22,-0.98
40.54,ROTATION_SCAN,2.1903,-1.0063,0.3,-163.97,0.56,1.57,15.0,-0.0546,0.0138,0.0014,0.195,0.747,1.459,,,,,2.22,-0.98
40.575,ROTATION_SCAN,2.1879,-1.0054,0.3,-163.3,0.22,1.66,15.0,-0.042,0.021,-0.0073,0.187,0.758,1.436,,,,,2.22,-0.98
40.595,ROTATION_SCAN,2.1836,-1.0042,0.298,-162.63,0.16,1.64,15.0,-0.0341,0.0274,-0.0037,0.187,0.758,1.436,,,,,2.22,-0.98
40.659,ROTATION_SCAN,2.1811,-1.0023,0.298,-161.95,-0.04,1.56,15.0,-0.0235,0.0336,-0.0104,0.182,0.765,1.4,,,,,2.22,-0.98
40.676,ROTATION_SCAN,2.1803,-1.001,0.3,-161.23,-0.13,1.61,15.0,-0.0101,0.0358,-0.0068,0.182,0.765,1.4,,,,,2.22,-0.98
40.691,ROTATION_SCAN,2.1796,-0.9997,0.3,-160.51,-0.14,1.58,15.0,0.0024,0.0378,-0.0036,0.175,0.775,1.358,,,,,2.22,-0.98
40.766,ROTATION_SCAN,2.1785,-0.9974,0.303,-159.74,-0.17,1.46,15.0,0.0117,0.042,-0.0073,0.175,0.775,1.358,,,,,2.22,-0.98
40.785,ROTATION_SCAN,2.1787,-0.9952,0.303,-158.93,-0.12,1.36,15.0,0.0223,0.0454,0.0024,0.174,0.782,1.307,,,,,2.22,-0.98
40.844,ROTATION_SCAN,2.1806,-0.9947,0.299,-158.13,-0.21,1.08,15.0,0.0333,0.0427,-0.0019,0.174,0.782,1.307,,,,,2.22,-0.98
40.885,ROTATION_SCAN,2.1813,-0.9928,0.299,-157.32,-0.2,0.83,15.0,0.0388,0.0437,-0.0107,0.167,0.789,1.254,,,,,2.22,-0.98
40.946,ROTATION_SCAN,2.1814,-0.9928,0.297,-156.5,-0.41,0.71,15.0,0.0412,0.0378,-0.0053,0.167,0.789,1.254,,,,,2.22,-0.98
41.023,ROTATION_SCAN,2.1833,-0.9924,0.297,-155.69,-0.48,0.6,15.0,0.0467,0.0328,-0.0092,0.162,0.795,1.223,,,,,2.22,-0.98
41.05,ROTATION_SCAN,2.1817,-0.9935,0.297,-154.91,-0.46,0.52,15.0,0.0437,0.0239,-0.0044,0.162,0.795,1.223,,,,,2.22,-0.98
41.104,ROTATION_SCAN,2.1804,-0.9943,0.297,-154.07,-0.49,0.32,15.0,0.0404,0.0171,-0.0046,0.16,0.799,1.202,,,,,2.22,-0.98
41.181,ROTATION_SCAN,2.1708,-0.982,0.297,-153.28,-0.16,0.35,15.0,0.0207,0.0434,-0.0007,0.16,0.799,1.202,,,,,2.22,-0.98
41.22,ROTATION_SCAN,2.1717,-0.9837,0.297,-152.4,-0.34,0.32,15.0,0.0234,0.0341,0.0018,0.159,0.804,1.188,,,,,2.22,-0.98
41.231,ROTATION_SCAN,2.1709,-0.9828,0.297,-151.56,-0.43,0.17,15.0,0.0224,0.0295,0.0023,0.159,0.804,1.188,,,,,2.22,-0.98
41.302,ROTATION_SCAN,2.1684,-0.9841,0.297,-150.68,-0.5,0.17,15.0,0.0174,0.0201,0.0021,0.152,0.809,1.18,,,,,2.22,-0.98
41.353,ROTATION_SCAN,2.1682,-0.9863,0.299,-149.87,-0.52,0.2,15.0,0.0181,0.0098,0.0017,0.152,0.809,1.18,,,,,2.22,-0.98
41.377,ROTATION_SCAN,2.1648,-0.9895,0.299,-149.12,-0.68,0.39,15.0,0.0135,-0.0022,0.006,0.15,0.819,1.191,,,,,2.22,-0.98
41.443,ROTATION_SCAN,2.1621,-0.9916,0.298,-148.45,-0.69,0.59,15.0,0.0126,-0.0095,0.0012,0.15,0.819,1.191,,,,,2.22,-0.98
41.518,ROTATION_SCAN,2.1588,-0.994,0.298,-147.81,-0.76,0.88,15.0,0.0128,-0.0164,-0.0026,0.154,0.825,1.194,,,,,2.22,-0.98
41.559,ROTATION_SCAN,2.1595,-0.996,0.299,-147.16,-0.6,0.98,15.0,0.0226,-0.0192,0.0005,0.154,0.825,1.194,,,,,2.22,-0.98
41.601,ROTATION_SCAN,2.1578,-1.0017,0.299,-146.48,-0.55,1.07,15.0,0.0263,-0.0294,0.0023,0.171,0.834,1.201,,,,,2.22,-0.98
41.637,ROTATION_SCAN,2.1577,-1.0038,0.299,-145.76,-0.33,1.2,15.0,0.0329,-0.0286,0.0023,0.171,0.834,1.201,,,,,2.22,-0.98
41.685,ROTATION_SCAN,2.159,-1.0056,0.299,-145.03,-0.08,1.3,15.0,0.0416,-0.0247,0.0047,0.154,0.841,1.231,,,,,2.22,-0.98
41.775,ROTATION_SCAN,2.1597,-1.0086,0.299,-144.27,0.09,1.42,15.0,0.0478,-0.0219,0.0025,0.154,0.841,1.231,1.109,,,,2.22,-0.98
41.779,ROTATION_SCAN,2.1601,-1.011,0.299,-143.5,0.32,1.57,15.0,0.0526,-0.0158,0.0018,0.178,0.851,1.245,1.109,,,,2.22,-0.98
41.857,ROTATION_SCAN,2.1631,-1.0116,0.297,-142.73,0.45,1.49,15.0,0.0615,-0.0051,0.0027,0.178,0.851,1.245,,,,,2.22,-0.98
41.886,ROTATION_SCAN,2.1652,-1.0131,0.297,-141.95,0.56,1.52,15.0,0.0666,0.0033,-0.0029,0.163,0.873,,,,,,2.22,-0.98
41.944,ROTATION_SCAN,2.168,-1.0115,0.302,-141.16,0.64,1.42,15.0,0.072,0.0182,0.0008,0.163,0.873,,1.12,,,,2.22,-0.98
42.024,ROTATION_SCAN,2.1686,-1.0081,0.302,-140.36,0.57,1.35,15.0,0.0718,0.0353,0.0118,0.174,,,1.12,,,,2.22,-0.98
42.042,ROTATION_SCAN,2.1698,-1.0068,0.3,-139.5,0.57,1.05,15.0,0.0709,0.0443,0.0051,0.174,,,1.13,,,,2.22,-0.98
42.085,ROTATION_SCAN,2.1719,-1.0056,0.3,-138.67,0.38,0.65,15.0,0.0708,0.0494,0.0008,0.179,,,1.13,,,,2.22,-0.98
42.171,ROTATION_SCAN,2.174,-1.0026,0.3,-137.86,0.37,0.31,15.0,0.0681,0.0554,0.0033,0.179,,,1.145,,,,2.22,-0.98
42.2,ROTATION_SCAN,2.1746,-0.9967,0.3,-137.03,0.13,0.14,15.0,0.0627,0.0649,0.0037,0.188,,,1.145,,,,2.22,-0.98
42.26,ROTATION_SCAN,2.1753,-0.9936,0.302,-136.26,0.11,-0.09,15.0,0.057,0.0652,0.0028,0.188,,,1.149,,,,2.22,-0.98
42.283,ROTATION_SCAN,2.1741,-0.9919,0.302,-135.53,-0.02,-0.11,15.0,0.048,0.0617,0.0038,0.192,,,1.149,,,,2.22,-0.98
42.33,ROTATION_SCAN,2.173,-0.9896,0.305,-134.83,-0.1,-0.04,15.0,0.0405,0.0591,0.0012,0.192,,,1.162,,,,2.22,-0.98
42.393,ROTATION_SCAN,2.1731,-0.9862,0.305,-134.15,-0.1,-0.02,15.0,0.0368,0.0594,0.0092,0.193,,,1.162,,,,2.22,-0.98
42.429,ROTATION_SCAN,2.1683,-0.9814,0.3,-133.39,-0.33,-0.14,15.0,0.0236,0.0609,-0.0001,0.193,,,1.171,,,,2.22,-0.98
42.482,ROTATION_SCAN,2.1655,-0.9837,0.3,-132.69,-0.69,-0.22,15.0,0.0178,0.0456,-0.0114,0.2,,,1.171,,,,2.22,-0.98
42.552,ROTATION_SCAN,2.1616,-0.9835,0.302,-131.95,-0.87,0.01,15.0,0.0122,0.0357,-0.002,0.2,,,1.186,,,,2.22,-0.98
42.591,ROTATION_SCAN,2.1579,-0.9844,0.302,-131.23,-1.0,0.21,15.0,0.0095,0.0252,-0.0003,0.2,,,1.186,,,,2.22,-0.98
42.634,ROTATION_SCAN,2.1551,-0.9864,0.299,-130.55,-1.05,0.35,15.0,0.0108,0.0143,-0.0016,0.2,,,1.202,,,,2.22,-0.98
42.681,ROTATION_SCAN,2.1533,-0.9879,0.299,-129.87,-1.09,0.54,15.0,0.0148,0.0066,-0.0085,0.202,,,1.202,,,,2.22,-0.98
42.731,ROTATION_SCAN,2.1503,-0.992,0.302,-129.21,-1.1,0.6,15.0,0.0168,-0.006,-0.0057,0.202,,,1.177,,,,2.22,-0.98
42.812,ROTATION_SCAN,2.1479,-0.9941,0.302,-128.57,-1.12,0.88,15.0,0.0208,-0.0111,0.0015,0.209,,,1.177,,,,2.22,-0.98
42.835,ROTATION_SCAN,2.1475,-0.9968,0.303,-127.94,-1.02,1.04,15.0,0.0296,-0.0153,-0.0021,0.209,,,1.115,,,,2.22,-0.98
42.914,ROTATION_SCAN,2.1472,-0.9989,0.303,-127.29,-0.77,1.16,15.0,0.0368,-0.0156,-0.0008,0.215,,,1.115,,,,2.22,-0.98
42.976,ROTATION_SCAN,2.148,-1.0013,0.297,-126.65,-0.57,1.08,15.0,0.0439,-0.0156,-0.0052,0.215,,,,,,,2.22,-0.98
43.002,ROTATION_SCAN,2.1502,-1.0056,0.297,-125.97,-0.43,1.15,15.0,0.0523,-0.0192,-0.0168,0.223,,,,,,,2.22,-0.98
43.058,ROTATION_SCAN,2.1531,-1.0084,0.299,-125.31,-0.31,1.05,15.0,0.0607,-0.0179,-0.0123,0.223,,,0.876,,,,2.22,-0.98
43.102,ROTATION_SCAN,2.1539,-1.0105,0.299,-124.71,-0.12,1.08,15.0,0.062,-0.0147,-0.0081,0.229,,,0.876,,,,2.22,-0.98
43.176,ROTATION_SCAN,2.1571,-1.0127,0.299,-124.05,0.09,1.18,15.0,0.0673,-0.0107,-0.0059,0.229,,,0.82,,,,2.22,-0.98
43.185,ROTATION_SCAN,2.1589,-1.0144,0.299,-123.42,0.38,1.26,15.0,0.0677,-0.0034,-0.0026,0.238,,,0.82,,,,2.22,-0.98
43.23,ROTATION_SCAN,2.1599,-1.0155,0.298,-122.81,0.56,1.31,15.0,0.0644,0.0057,-0.0032,0.238,,,0.794,,,,2.22,-0.98
43.319,ROTATION_SCAN,2.1628,-1.0155,0.298,-122.21,0.62,1.23,15.0,0.0648,0.0165,-0.0043,0.245,0.589,,0.794,,,,2.22,-0.98
43.331,ROTATION_SCAN,2.1628,-1.0138,0.302,-121.59,0.58,1.22,15.0,0.0588,0.0297,0.0013,0.245,0.589,,0.775,,,,2.22,-0.98
43.397,ROTATION_SCAN,2.163,-1.0123,0.302,-120.96,0.44,1.15,15.0,0.0543,0.0408,0.0105,0.255,0.583,,0.775,,,,2.22,-0.98
43.438,ROTATION_SCAN,2.1614,-1.0108,0.299,-120.32,0.57,0.88,15.0,0.0455,0.049,0.0018,0.255,0.583,,0.766,,,,2.22,-0.98
43.483,ROTATION_SCAN,2.1595,-1.0099,0.299,-119.67,0.52,0.86,15.0,0.0355,0.0544,-0.0028,0.262,0.566,,0.766,,,,2.22,-0.98
43.566,ROTATION_SCAN,2.1611,-1.0074,0.297,-118.97,0.19,0.85,15.0,0.0366,0.0617,-0.0007,0.262,0.566,,0.76,,,,2.22,-0.98
43.576,ROTATION_SCAN,2.1557,-1.0001,0.297,-118.29,0.19,0.67,15.0,0.0222,0.0777,-0.0115,0.27,0.555,,0.76,,,,2.22,-0.98
43.649,ROTATION_SCAN,2.1527,-0.9982,0.3,-117.53,-0.26,0.57,15.0,0.0163,0.0776,-0.0011,0.27,0.555,,0.749,,,,2.22,-0.98
43.7,ROTATION_SCAN,2.1508,-0.9958,0.3,-116.79,-0.64,0.72,15.0,0.0166,0.0779,0.0075,0.279,0.542,,0.749,,,,2.22,-0.98
43.726,ROTATION_SCAN,2.148,-0.9949,0.296,-116.13,-1.02,0.56,15.0,0.0173,0.0732,0.0066,0.279,0.542,,0.746,,,,2.22,-0.98
43.858,ROTATION_SCAN,2.1462,-0.992,0.296,-115.45,-1.18,0.56,15.0,0.0214,0.0718,-0.0005,0.288,0.533,,0.746,,,,2.22,-0.98
43.863,ROTATION_SCAN,2.146,-0.9892,0.3,-114.73,-1.32,0.47,15.0,0.03,0.0691,0.0074,0.288,0.533,,0.747,,,,2.22,-0.98
43.911,ROTATION_SCAN,2.1477,-0.9856,0.3,-113.97,-1.31,0.39,15.0,0.0419,0.0686,0.0141,0.305,0.527,,0.747,,,,2.22,-0.98
43.959,ROTATION_SCAN,2.1499,-0.9839,0.299,-113.14,-1.19,0.15,15.0,0.0521,0.0622,0.01,0.305,0.527,,0.751,,,,2.22,-0.98
44.028,ROTATION_SCAN,2.1527,-0.9816,0.299,-112.34,-1.12,0.17,15.0,0.0619,0.0577,0.0059,0.321,0.526,,0.751,,,,2.22,-0.98
44.087,ROTATION_SCAN,2.1533,-0.9822,0.305,-111.53,-1.0,0.05,15.0,0.0642,0.0467,0.0084,0.321,0.526,,0.76,,,,2.22,-0.98
44.103,ROTATION_SCAN,2.1552,-0.9833,0.305,-110.66,-0.92,0.16,15.0,0.0687,0.0362,0.0185,0.348,0.526,,0.76,,,,2.22,-0.98
44.15,ROTATION_SCAN,2.1604,-0.9804,0.304,-109.68,-0.77,0.13,15.0,0.0796,0.0382,0.0086,0.348,0.526,,0.779,,,,2.22,-0.98
44.195,ROTATION_SCAN,2.1629,-0.9816,0.304,-108.55,-0.52,0.05,15.0,0.081,0.0298,0.0013,0.382,0.53,,0.779,,,,2.22,-0.98
44.237,ROTATION_SCAN,2.1662,-0.9815,0.301,-107.44,-0.49,-0.11,15.0,0.0832,0.0247,0.0053,0.382,0.53,,0.814,,,,2.22,-0.98
44.315,ROTATION_SCAN,2.1716,-0.9847,0.301,-106.28,-0.39,-0.19,15.0,0.0888,0.0126,-0.0047,0.419,0.535,,0.814,,,,2.22,-0.98
44.332,ROTATION_SCAN,2.1746,-0.9873,0.304,-105.1,-0.29,-0.18,15.0,0.0878,0.0028,-0.0012,0.419,0.535,,0.865,,,,2.22,-0.98
44.413,ROTATION_SCAN,2.1752,-0.9894,0.304,-103.89,-0.09,-0.06,15.0,0.08,-0.0041,0.0044,0.467,0.547,,0.865,,,,2.22,-0.98
44.484,ROTATION_SCAN,2.1779,-0.9943,0.303,-102.77,0.04,0.02,15.0,0.0768,-0.0153,-0.0014,0.467,0.547,,0.952,,,,2.22,-0.98
44.51,ROTATION_SCAN,2.1784,-0.9982,0.303,-101.6,0.09,0.18,15.0,0.0684,-0.0221,0.0001,0.51,0.561,,0.952,,,,2.22,-0.98
44.554,ROTATION_SCAN,2.1781,-1.0017,0.303,-100.55,0.22,0.36,15.0,0.0591,-0.0253,-0.0018,0.51,0.561,,1.034,,,,2.22,-0.98
44.595,ROTATION_SCAN,2.1786,-1.0058,0.303,-99.62,0.32,0.66,15.0,0.0515,-0.0275,-0.004,0.577,0.588,,1.034,,,,2.22,-0.98
44.666,ROTATION_SCAN,2.1784,-1.0087,0.305,-98.81,0.37,1.0,15.0,0.0435,-0.0236,-0.0089,0.577,0.588,,,,,,2.22,-0.98
44.721,ROTATION_SCAN,2.1767,-1.0106,0.305,-98.05,0.27,1.2,15.0,0.0334,-0.0157,-0.0036,0.637,0.619,,,,,,2.22,-0.98
44.761,ROTATION_SCAN,2.1753,-1.0128,0.3,-97.39,0.23,1.24,15.0,0.0255,-0.0086,-0.008,0.637,0.619,,,,,,2.22,-0.98
44.802,ROTATION_SCAN,2.1738,-1.0155,0.3,-96.79,-0.02,1.12,15.0,0.0196,-0.0039,-0.0193,0.683,0.671,,,,,,2.22,-0.98
44.837,ROTATION_SCAN,2.1706,-1.0164,0.301,-96.13,-0.28,1.12,15.0,0.0123,0.0038,-0.0108,0.683,0.671,,,,,,2.22,-0.98
44.888,ROTATION_SCAN,2.1675,-1.017,0.301,-95.43,-0.34,1.32,15.0,0.0075,0.0124,-0.0081,0.727,0.76,,,,,,2.22,-0.98
44.929,ROTATION_SCAN,2.1642,-1.0164,0.3,-94.76,-0.52,1.37,15.0,0.0036,0.0233,-0.0071,0.727,0.76,,,,,,2.22,-0.98
44.998,ROTATION_SCAN,2.1612,-1.0154,0.3,-94.14,-0.64,1.36,15.0,0.0022,0.034,-0.0066,,0.832,,,,,,2.22,-0.98
45.03,ROTATION_SCAN,2.1598,-1.0143,0.302,-93.46,-0.76,1.42,15.0,0.0052,0.0443,-0.0057,,0.832,,,,,,2.22,-0.98
45.084,ROTATION_SCAN,2.1582,-1.0134,0.302,-92.82,-0.97,1.1,15.0,0.0088,0.0513,0.0041,,0.891,,,,,,2.22,-0.98
45.167,ROTATION_SCAN,2.1566,-1.0113,0.306,-92.2,-1.17,0.78,15.0,0.0136,0.0576,0.002,,0.891,,,,,,2.22,-0.98
45.177,ROTATION_SCAN,2.1552,-1.0096,0.306,-91.59,-1.23,0.69,15.0,0.0191,0.0608,0.0117,1.56,,,,,,,2.22,-0.98
45.247,ROTATION_SCAN,2.1559,-1.0069,0.304,-90.95,-1.25,0.52,15.0,0.0284,0.0644,0.0023,1.56,,,,,,,2.22,-0.98
45.324,ROTATION_SCAN,2.1583,-1.0039,0.304,-90.29,-1.25,0.47,15.0,0.0413,0.0678,-0.0029,,,,,,,,2.22,-0.98
45.383,ROTATION_SCAN,2.1605,-1.0016,0.302,-89.65,-1.1,0.32,15.0,0.0512,0.0682,-0.0004,,,,,,,,2.22,-0.98
45.482,ROTATION_SCAN,2.1667,-1.0003,0.302,-89.04,-0.89,0.12,-0.0,0.0675,0.0648,-0.0087,,,,,,,,2.5,-0.98
45.538,NAV_WAYPOINT,2.1687,-0.9986,0.302,-88.53,-0.86,0.02,-0.0,0.0717,0.0614,-0.0026,,,,,,2.5,-1.02,2.5,-0.98
45.584,NAV_WAYPOINT,2.1737,-0.9991,0.302,-88.12,-0.07,-0.31,-0.0,0.0782,0.0516,-0.005,,,,,,2.5,-1.02,2.5,-0.98
45.611,NAV_WAYPOINT,2.1756,-0.9988,0.301,-87.84,0.4,-0.67,-0.0,0.0715,0.0416,-0.0087,,,,,,2.5,-1.02,2.5,-0.98
45.682,NAV_WAYPOINT,2.1792,-1.001,0.301,-87.61,0.81,-0.69,-0.0,0.0662,0.0254,-0.0068,1.616,,,,,2.5,-1.02,2.5,-0.98
45.713,NAV_WAYPOINT,2.1807,-1.0038,0.303,-87.41,0.09,-0.65,-0.0,0.0567,0.0098,-0.0057,1.616,,,,,2.5,-1.02,2.5,-0.98
45.766,NAV_WAYPOINT,2.18,-1.0039,0.303,-87.34,-2.03,-0.53,-0.0,0.0586,0.0035,0.0013,,,,,,2.5,-1.02,2.5,-0.98
45.806,NAV_WAYPOINT,2.1817,-1.007,0.3,-87.26,-3.14,-0.46,-0.0,0.078,-0.0075,-0.0074,,,,,,2.5,-1.02,2.5,-0.98
45.82,NAV_WAYPOINT,2.1827,-1.0101,0.3,-87.15,-3.94,-0.43,-0.0,0.101,-0.0175,-0.0152,1.59,,,,,2.5,-1.02,2.5,-0.98
45.83,NAV_WAYPOINT,2.1877,-1.0123,0.299,-87.1,-4.23,-0.27,-0.0,0.135,-0.0225,-0.0132,1.59,,,,,2.5,-1.02,2.5,-0.98
45.88,NAV_WAYPOINT,2.1933,-1.0148,0.299,-87.12,-4.23,0.0,-0.0,0.1665,-0.0262,-0.0134,1.577,,,,,2.5,-1.02,2.5,-0.98
45.968,NAV_WAYPOINT,2.2027,-1.0174,0.295,-87.16,-4.03,0.16,-0.0,0.2028,-0.0277,-0.0129,1.577,,,,,2.5,-1.02,2.5,-0.98
45.976,NAV_WAYPOINT,2.2132,-1.0202,0.295,-87.19,-3.81,0.48,-0.0,0.2353,-0.0282,-0.0173,1.551,,,,,2.5,-1.02,2.5,-0.98
46.049,NAV_WAYPOINT,2.2239,-1.0221,0.297,-87.19,-3.26,0.8,-0.0,0.261,-0.0236,-0.01,1.551,,,,,2.5,-1.02,2.5,-0.98
46.113,NAV_WAYPOINT,2.2377,-1.0245,0.297,-87.25,-2.47,0.79,-0.0,0.2846,-0.0208,-0.0024,1.542,,,,,2.5,-1.02,2.5,-0.98
46.181,NAV_WAYPOINT,2.2526,-1.0266,0.296,-87.25,-1.97,0.73,-0.0,0.3029,-0.0179,-0.0031,1.542,,,0.22,,2.5,-1.02,2.5,-0.98
46.188,NAV_WAYPOINT,2.2682,-1.0286,0.296,-87.22,-1.4,0.74,-0.0,0.317,-0.0152,-0.0001,1.514,,,0.22,,2.5,-1.02,2.5,-0.98
46.236,NAV_WAYPOINT,2.2817,-1.0301,0.295,-87.17,-0.9,0.69,-0.0,0.3192,-0.012,0.007,1.514,,,0.233,,2.5,-1.02,2.5,-0.98
46.28,NAV_WAYPOINT,2.2959,-1.0307,0.295,-87.06,-0.65,0.67,-0.0,0.3206,-0.0061,0.0039,1.492,0.583,,0.233,,2.5,-1.02,2.5,-0.98
46.335,NAV_WAYPOINT,2.3108,-1.033,0.298,-86.9,-0.4,0.62,-0.0,0.3206,-0.0071,0.007,1.492,0.583,,0.256,,2.5,-1.02,2.5,-0.98
46.385,NAV_WAYPOINT,2.3244,-1.034,0.298,-86.69,-0.32,0.63,-0.0,0.3163,-0.0035,0.0155,1.464,0.551,,0.256,,2.5,-1.02,2.5,-0.98
46.439,NAV_WAYPOINT,2.3392,-1.0365,0.3,-86.5,-0.3,0.63,-0.0,0.3155,-0.0056,0.0135,1.464,0.551,,0.279,,2.5,-1.02,2.5,-0.98
46.488,NAV_WAYPOINT,2.3548,-1.0367,0.3,-86.3,-0.37,0.73,-0.0,0.3172,0.0002,0.0181,1.459,0.539,,0.279,,2.5,-1.02,2.5,-0.98
46.557,NAV_WAYPOINT,2.3689,-1.0384,0.3,-86.2,-0.28,0.8,-0.0,0.3149,0.0022,0.0122,1.459,0.539,,0.304,,2.5,-1.02,2.5,-0.98
46.581,NAV_WAYPOINT,2.383,-1.0393,0.3,-86.11,-0.3,0.96,-0.0,0.3121,0.007,0.0066,1.433,0.538,,0.304,,2.5,-1.02,2.5,-0.98
46.629,NAV_WAYPOINT,2.3968,-1.0406,0.302,-86.04,-0.22,1.08,-0.0,0.3087,0.0117,0.0083,1.433,0.538,,0.327,,2.5,-1.02,2.5,-0.98
46.696,NAV_WAYPOINT,2.4104,-1.0416,0.302,-86.02,-0.27,0.81,-0.0,0.3052,0.0155,0.0091,1.407,0.538,,0.327,,2.5,-1.02,2.5,-0.98
46.737,NAV_WAYPOINT,2.4265,-1.0404,0.298,-86.03,-0.4,0.87,-0.0,0.3098,0.0232,0.003,1.407,0.538,,0.351,,2.5,-1.02,2.5,-0.98
46.778,NAV_WAYPOINT,2.4391,-1.0395,0.298,-86.13,-0.53,1.1,-0.0,0.3056,0.0314,-0.0084,1.367,0.538,,0.351,,2.5,-1.02,2.5,-0.98
46.865,NAV_WAYPOINT,2.4532,-1.0382,0.303,-86.22,-0.25,1.16,-0.0,0.3052,0.0408,-0.0033,1.367,0.538,,0.38,,2.5,-1.02,2.5,-0.98
46.904,NAV_WAYPOINT,2.4662,-1.037,0.303,-86.29,-0.11,1.08,-0.0,0.3002,0.0487,0.006,1.317,0.542,,0.38,,2.5,-1.02,2.5,-0.98
46.961,NAV_WAYPOINT,2.4802,-1.0347,0.305,-86.32,0.68,1.15,-0.0,0.294,0.0574,0.0011,1.317,0.542,,0.408,,2.5,-0.98,2.5,-0.98
46.988,NAV_WAYPOINT,2.4925,-1.0329,0.305,-86.37,1.31,1.07,-0.0,0.2787,0.064,0.0068,1.265,0.548,,0.408,,2.5,-0.98,2.5,-0.98
47.073,NAV_WAYPOINT,2.5084,-1.0296,0.304,-86.32,1.86,0.87,-0.0,0.2699,0.0704,-0.0014,1.265,0.548,,0.43,,2.5,-0.98,2.5,-0.98
47.105,NAV_WAYPOINT,2.5191,-1.0274,0.304,-86.31,2.55,0.79,-0.0,0.2439,0.0736,-0.0013,1.205,0.552,,0.43,,2.5,-0.98,2.5,-0.98
47.158,NAV_WAYPOINT,2.5298,-1.0247,0.3,-86.34,3.1,1.52,-0.0,0.2155,0.08,-0.0059,1.205,0.552,,0.458,,2.5,-0.98,2.5,-0.98
47.251,NAV_WAYPOINT,2.5386,-1.0221,0.3,-86.29,3.17,1.83,-0.0,0.1844,0.0904,-0.0147,1.169,0.563,,0.458,,2.5,-0.98,2.5,-0.98
47.257,NAV_WAYPOINT,2.5469,-1.017,0.301,-86.3,3.58,2.07,-0.0,0.1524,0.1061,-0.0132,1.169,0.563,,0.476,,2.5,-0.98,2.5,-0.98
47.288,NAV_WAYPOINT,2.5539,-1.0128,0.301,-86.35,4.0,2.04,-0.0,0.1181,0.12,-0.0109,1.148,0.571,,0.476,,2.5,-0.98,2.5,-0.98
47.369,NAV_WAYPOINT,2.5578,-1.0082,0.3,-86.42,4.26,1.9,-0.0,0.0779,0.132,-0.0095,1.148,0.571,,0.494,,2.5,-0.98,2.5,-0.98
47.375,NAV_WAYPOINT,2.5599,-1.0017,0.3,-86.43,4.31,1.61,-0.0,0.0375,0.1447,-0.0083,1.141,0.569,,0.494,,2.5,-0.98,2.5,-0.98
47.449,NAV_WAYPOINT,2.561,-0.9941,0.3,-86.35,4.15,1.15,-0.0,-0.0004,0.1541,-0.006,1.141,0.569,,0.505,,2.5,-0.98,2.5,-0.98
47.526,NAV_WAYPOINT,2.5601,-0.9871,0.3,-86.25,3.83,0.82,-0.0,-0.0356,0.1592,0.0014,1.147,0.564,,0.505,,2.5,-0.98,2.5,-0.98
47.586,NAV_WAYPOINT,2.557,-0.9809,0.299,-86.25,3.76,0.18,-0.0,-0.0697,0.1583,0.0028,1.147,0.564,,0.516,,2.5,-0.98,2.5,-0.98
47.612,NAV_WAYPOINT,2.5515,-0.9748,0.299,-86.2,3.43,-0.33,-0.0,-0.1035,0.1527,0.0012,1.169,0.537,,0.516,,2.5,-0.98,2.5,-0.98
47.651,NAV_WAYPOINT,2.5466,-0.9663,0.303,-86.08,3.15,-0.85,-0.0,-0.1301,0.1468,0.0049,1.169,0.537,,0.53,,2.5,-0.98,2.5,-0.98
47.708,NAV_WAYPOINT,2.5394,-0.9617,0.303,-86.01,2.56,-1.44,-0.0,-0.1536,0.1308,0.0134,1.19,0.512,,0.53,,2.5,-0.98,2.5,-0.98
47.729,NAV_WAYPOINT,2.5319,-0.9577,0.304,-86.0,1.84,-1.72,-0.0,-0.1688,0.1127,0.0099,1.19,0.512,,,,2.5,-0.98,2.5,-0.98
47.787,NAV_WAYPOINT,2.5227,-0.9547,0.304,-86.04,1.07,-2.24,-0.0,-0.1798,0.091,0.0113,1.223,0.485,0.459,,,2.5,-0.98,2.5,-0.98
47.831,NAV_WAYPOINT,2.5132,-0.9512,0.303,-86.01,0.45,-2.44,-0.0,-0.1854,0.0691,0.009,1.223,0.485,0.459,,,2.5,-0.98,2.5,-0.98
47.906,NAV_WAYPOINT,2.5046,-0.9488,0.303,-85.92,-0.06,-2.55,-0.0,-0.1831,0.0468,0.0042,1.258,0.469,0.453,,,2.5,-0.98,2.5,-0.98
47.935,NAV_WAYPOINT,2.4971,-0.9499,0.303,-85.88,-0.66,-2.52,-0.0,-0.1736,0.0208,0.0041,1.258,0.469,0.453,,,2.5,-0.98,2.5,-0.98
48.007,NAV_WAYPOINT,2.4902,-0.9508,0.303,-85.84,-1.47,-2.45,-0.0,-0.1574,-0.0013,0.0014,1.277,0.461,0.466,,,2.5,-0.98,2.5,-0.98
48.081,NAV_WAYPOINT,2.485,-0.953,0.305,-85.79,-1.97,-2.35,-0.0,-0.1342,-0.022,-0.0023,1.277,0.461,0.466,,,2.5,-0.98,2.5,-0.98
48.129,NAV_WAYPOINT,2.4797,-0.9563,0.305,-85.76,-2.41,-2.28,-0.0,-0.1096,-0.0435,0.0026,1.285,0.459,0.477,,,2.5,-0.98,2.5,-0.98
48.136,NAV_WAYPOINT,2.4771,-0.9618,0.303,-85.83,-2.59,-2.0,-0.0,-0.0795,-0.0652,0.0014,1.285,0.459,0.477,,,2.5,-0.98,2.5,-0.98
48.211,NAV_WAYPOINT,2.4752,-0.967,0.303,-85.89,-2.78,-1.55,-0.0,-0.0506,-0.0808,-0.0041,1.304,0.462,0.495,,,2.5,-0.98,2.5,-0.98
48.329,ROTATION_SCAN,2.4758,-0.9736,0.301,-85.98,-2.63,-1.19,-0.0,-0.0188,-0.0949,-0.0013,1.304,0.462,0.495,,,,,2.5,-0.98
48.407,ROTATION_SCAN,2.477,-0.9801,0.301,-86.1,-2.24,-0.51,-0.0,0.0068,-0.1033,-0.0063,1.296,0.481,,,,,,2.5,-0.98
48.471,ROTATION_SCAN,2.4801,-0.987,0.299,-86.26,-1.93,-0.1,-0.0,0.031,-0.1069,-0.0066,1.296,0.481,,,,,,2.5,-0.98
48.492,ROTATION_SCAN,2.4848,-0.9957,0.299,-86.31,-1.28,0.69,-0.0,0.0515,-0.1135,-0.0097,1.281,0.492,,,,,,2.5,-0.98
48.508,ROTATION_SCAN,2.4898,-1.0025,0.299,-86.38,-0.52,1.64,-0.0,0.0638,-0.1051,-0.0055,1.281,0.492,,0.457,,,,2.5,-0.98
48.579,ROTATION_SCAN,2.4958,-1.008,0.299,-86.4,0.02,2.0,15.0,0.0714,-0.0891,-0.008,1.256,0.51,,0.457,,,,2.5,-0.98
48.598,ROTATION_SCAN,2.501,-1.0126,0.299,-86.37,0.52,2.24,15.0,0.0717,-0.072,-0.0081,1.256,0.51,,0.454,,,,2.5,-0.98
48.647,ROTATION_SCAN,2.5059,-1.0164,0.299,-86.23,0.81,2.4,15.0,0.0677,-0.0541,-0.0025,1.229,0.523,,0.454,,,,2.5,-0.98
48.687,ROTATION_SCAN,2.511,-1.0196,0.301,-85.89,1.14,2.49,15.0,0.0623,-0.0368,-0.0089,1.229,0.523,,0.455,,,,2.5,-0.98
48.731,ROTATION_SCAN,2.517,-1.0217,0.301,-85.41,1.24,2.42,15.0,0.0572,-0.0193,-0.0044,1.174,0.535,,0.455,,,,2.5,-0.98
48.779,ROTATION_SCAN,2.5198,-1.0232,0.302,-84.8,1.29,2.54,15.0,0.0449,-0.0022,-0.0061,1.174,0.535,,0.46,,,,2.5,-0.98
48.8,ROTATION_SCAN,2.5239,-1.0235,0.302,-84.12,1.51,2.5,15.0,0.0353,0.0156,-0.0029,1.127,0.534,,0.46,,,,2.5,-0.98
48.854,ROTATION_SCAN,2.5266,-1.0222,0.301,-83.36,1.55,2.33,15.0,0.0223,0.0346,-0.005,1.127,0.534,,0.462,,,,2.5,-0.98
48.911,ROTATION_SCAN,2.5285,-1.0199,0.301,-82.57,1.51,2.15,15.0,0.0092,0.052,-0.0059,1.089,0.531,,0.462,,,,2.5,-0.98
48.945,ROTATION_SCAN,2.5277,-1.0182,0.299,-81.88,1.42,1.88,15.0,-0.0076,0.0653,-0.004,1.089,0.531,,0.462,,,,2.5,-0.98
49.029,ROTATION_SCAN,2.5274,-1.0129,0.299,-81.1,1.29,1.58,15.0,-0.0209,0.0819,-0.0075,1.061,0.527,,0.462,,,,2.5,-0.98
49.034,ROTATION_SCAN,2.5257,-1.0112,0.3,-80.24,1.24,1.27,15.0,-0.0343,0.0866,-0.0048,1.061,0.527,,0.464,,,,2.5,-0.98
49.109,ROTATION_SCAN,2.523,-1.0052,0.3,-79.41,1.19,0.79,15.0,-0.0478,0.0965,0.0005,1.06,0.522,0.481,0.464,,,,2.5,-0.98
49.198,ROTATION_SCAN,2.521,-1.0039,0.299,-78.66,1.04,0.51,15.0,-0.0565,0.0916,-0.0027,1.06,0.522,0.481,0.465,,,,2.5,-0.98
49.236,ROTATION_SCAN,2.5181,-1.0031,0.299,-77.9,0.85,0.12,15.0,-0.0645,0.0836,-0.0051,1.052,0.517,0.465,0.465,,,,2.5,-0.98
49.253,ROTATION_SCAN,2.5144,-1.0016,0.299,-77.12,0.71,-0.17,15.0,-0.0713,0.0762,-0.004,1.052,0.517,0.465,0.46,,,,2.5,-0.98
49.325,ROTATION_SCAN,2.5107,-1.0012,0.299,-76.36,0.55,-0.34,15.0,-0.0759,0.0652,-0.0025,1.053,0.513,0.461,0.46,,,,2.5,-0.98
49.355,ROTATION_SCAN,2.5063,-1.0011,0.301,-75.64,0.45,-0.3,15.0,-0.0804,0.0551,-0.0041,1.053,0.513,0.461,0.457,,,,2.5,-0.98
49.434,ROTATION_SCAN,2.5035,-1.0028,0.301,-74.9,0.16,-0.19,15.0,-0.0794,0.0424,0.0003,1.059,0.512,0.458,0.457,,,,2.5,-0.98
49.451,ROTATION_SCAN,2.4989,-1.0039,0.298,-74.18,-0.07,-0.13,15.0,-0.08,0.0336,-0.0003,1.059,0.512,0.458,0.451,,,,2.5,-0.98
49.531,ROTATION_SCAN,2.4949,-1.0067,0.298,-73.5,-0.18,0.11,15.0,-0.0793,0.0239,-0.0087,1.055,0.516,0.458,0.451,,,,2.5,-0.98
49.55,ROTATION_SCAN,2.4909,-1.0074,0.295,-72.81,-0.32,0.31,15.0,-0.0777,0.0217,-0.0023,1.055,0.516,0.458,0.452,,,,2.5,-0.98
49.575,ROTATION_SCAN,2.4888,-1.0102,0.295,-72.13,-0.37,0.46,15.0,-0.0722,0.0165,-0.0115,1.065,0.519,0.464,0.452,,,,2.5,-0.98
49.635,ROTATION_SCAN,2.4876,-1.0118,0.298,-71.41,-0.5,0.49,15.0,-0.0647,0.0159,-0.0026,1.065,0.519,0.464,0.452,,,,2.5,-0.98
49.719,ROTATION_SCAN,2.4865,-1.0136,0.298,-70.72,-0.6,0.54,15.0,-0.0572,0.0149,0.0042,1.073,0.525,0.464,0.452,,,,2.5,-0.98
49.757,ROTATION_SCAN,2.485,-1.016,0.297,-70.03,-0.75,0.67,15.0,-0.0507,0.0132,-0.0014,1.073,0.525,0.464,0.456,,,,2.5,-0.98
49.844,ROTATION_SCAN,2.4852,-1.0183,0.297,-69.35,-0.92,0.83,15.0,-0.0404,0.0139,-0.0002,1.086,0.536,0.465,0.456,,,,2.5,-0.98
49.895,ROTATION_SCAN,2.484,-1.0184,0.3,-68.72,-0.93,0.76,15.0,-0.0337,0.0204,-0.0013,1.086,0.536,0.465,0.461,,,,2.5,-0.98
49.959,ROTATION_SCAN,2.4855,-1.0192,0.3,-68.07,-0.9,0.82,15.0,-0.0222,0.0243,0.0051,1.102,0.547,0.467,0.461,,,,2.5,-0.98
50.002,ROTATION_SCAN,2.488,-1.0195,0.297,-67.46,-0.81,0.76,15.0,-0.0103,0.0282,0.0024,1.102,0.547,0.467,0.465,,,,2.5,-0.98
50.038,ROTATION_SCAN,2.4893,-1.0202,0.297,-66.82,-0.56,0.9,15.0,-0.0041,0.0309,-0.0052,1.13,0.55,0.464,0.465,,,,2.5,-0.98
50.119,ROTATION_SCAN,2.4909,-1.0204,0.297,-66.18,-0.45,0.96,15.0,0.0003,0.035,-0.0001,1.13,0.55,0.464,0.471,,,,2.5,-0.98
50.145,ROTATION_SCAN,2.4939,-1.0194,0.297,-65.48,-0.26,1.02,15.0,0.0058,0.0411,-0.002,1.177,,0.469,0.471,,,,2.5,-0.98
50.2,ROTATION_SCAN,2.4949,-1.0193,0.3,-64.81,-0.18,0.86,15.0,0.0057,0.0438,-0.0013,1.177,,0.469,0.487,,,,2.5,-0.98
50.232,ROTATION_SCAN,2.4992,-1.0178,0.3,-64.12,0.1,0.93,15.0,0.0113,0.048,0.0044,,,0.468,0.487,,,,2.5,-0.98
50.258,ROTATION_SCAN,2.5024,-1.0189,0.299,-63.41,0.31,1.05,15.0,0.0114,0.0456,0.0034,,,0.468,0.491,,,,2.5,-0.98
50.323,ROTATION_SCAN,2.5045,-1.0182,0.299,-62.64,0.47,1.29,15.0,0.0072,0.049,0.0036,,,0.467,0.491,,,,2.5,-0.98
50.338,ROTATION_SCAN,2.5064,-1.0169,0.301,-61.84,0.69,1.21,15.0,0.0011,0.0527,0.0019,,,0.467,0.501,,,,2.5,-0.98
50.405,ROTATION_SCAN,2.5069,-1.0145,0.301,-60.99,0.68,1.24,15.0,-0.0078,0.0584,0.0062,,,0.476,0.501,,,,2.5,-0.98
50.483,ROTATION_SCAN,2.5064,-1.0118,0.298,-60.25,0.64,1.18,15.0,-0.0176,0.0637,0.0029,,,0.476,0.505,,,,2.5,-0.98
50.536,ROTATION_SCAN,2.5079,-1.0103,0.298,-59.55,0.76,1.15,15.0,-0.0225,0.0654,-0.0034,2.978,,0.475,0.505,,,,2.5,-0.98
50.542,ROTATION_SCAN,2.5083,-1.0095,0.297,-58.85,0.77,1.01,15.0,-0.0291,0.0643,0.002,2.978,,0.475,0.51,,,,2.5,-0.98
50.616,ROTATION_SCAN,2.5062,-1.0075,0.297,-58.22,0.81,0.91,15.0,-0.0403,0.065,-0.0014,,,0.488,0.51,,,,2.5,-0.98
50.687,ROTATION_SCAN,2.5045,-1.0085,0.3,-57.64,0.68,0.8,15.0,-0.0483,0.0588,-0.002,,,0.488,0.513,,,,2.5,-0.98
50.762,ROTATION_SCAN,2.5006,-1.009,0.3,-57.11,0.54,0.69,15.0,-0.059,0.0544,0.0052,3.056,,0.494,0.513,,,,2.5,-0.98
50.806,ROTATION_SCAN,2.4992,-1.0126,0.299,-56.57,0.33,0.51,15.0,-0.0612,0.0437,-0.0013,3.056,,0.494,0.516,,,,2.5,-0.98
50.843,ROTATION_SCAN,2.4971,-1.0129,0.299,-56.05,-0.01,0.48,15.0,-0.0621,0.0417,-0.0042,,,0.499,0.516,,,,2.5,-0.98
50.887,ROTATION_SCAN,2.4941,-1.0133,0.299,-55.54,0.01,0.47,15.0,-0.0638,0.0395,-0.0017,,,0.499,0.515,,,,2.5,-0.98
50.914,ROTATION_SCAN,2.4908,-1.0148,0.299,-55.08,-0.08,0.54,15.0,-0.0662,0.036,-0.0024,,,0.508,0.515,,,,2.5,-0.98
50.943,ROTATION_SCAN,2.4879,-1.0173,0.299,-54.53,-0.17,0.62,15.0,-0.0673,0.0316,0.0017,,,0.508,0.518,,,,2.5,-0.98
51.033,ROTATION_SCAN,2.4856,-1.0184,0.299,-53.87,-0.43,0.54,15.0,-0.0655,0.0315,0.0022,3.135,,0.516,0.518,,,,2.5,-0.98
51.051,ROTATION_SCAN,2.4814,-1.0187,0.3,-53.2,-0.53,0.58,15.0,-0.0669,0.0336,0.003,3.135,,0.516,0.517,,,,2.5,-0.98
51.117,ROTATION_SCAN,2.4786,-1.0187,0.3,-52.51,-0.61,0.65,15.0,-0.0652,0.0369,0.0022,,,0.529,0.517,,,,2.5,-0.98
51.162,ROTATION_SCAN,2.4771,-1.0204,0.3,-51.71,-0.9,0.51,15.0,-0.0592,0.0364,-0.0031,,,0.529,0.524,,,,2.5,-0.98
51.177,ROTATION_SCAN,2.4751,-1.0195,0.3,-50.88,-0.99,0.46,15.0,-0.0534,0.0429,-0.0027,,,0.539,0.524,,,,2.5,-0.98
51.244,ROTATION_SCAN,2.4725,-1.0172,0.301,-50.07,-0.84,0.67,15.0,-0.0503,0.0514,-0.0042,,,0.539,0.532,,,,2.5,-0.98
51.32,ROTATION_SCAN,2.4704,-1.015,0.301,-49.31,-0.92,0.61,15.0,-0.0475,0.0594,-0.0014,3.305,,0.553,0.532,,,,2.5,-0.98
51.357,ROTATION_SCAN,2.4701,-1.0126,0.302,-48.53,-0.78,0.49,15.0,-0.0408,0.0659,-0.0052,3.305,,0.553,0.539,,,,2.5,-0.98
51.421,ROTATION_SCAN,2.4734,-1.0095,0.302,-47.82,-0.83,0.23,15.0,-0.0261,0.0718,-0.0001,,,0.564,0.539,,,,2.5,-0.98
51.449,ROTATION_SCAN,2.4746,-1.0071,0.303,-47.21,-0.65,0.11,15.0,-0.0175,0.0738,-0.0021,,,0.564,0.556,,,,2.5,-0.98
51.513,ROTATION_SCAN,2.4738,-1.0041,0.303,-46.53,-0.52,0.2,15.0,-0.0152,0.0768,0.0028,,,0.564,0.556,,,,2.5,-0.98
51.527,ROTATION_SCAN,2.468,-1.0033,0.297,-45.75,-0.4,0.14,15.0,-0.0243,0.0739,-0.0008,,,0.564,0.567,,,,2.5,-0.98
51.61,ROTATION_SCAN,2.4703,-1.002,0.297,-44.86,-0.13,0.07,15.0,-0.0161,0.0703,-0.0118,,,0.569,0.567,,,,2.5,-0.98
51.639,ROTATION_SCAN,2.4717,-1.0,0.303,-43.97,-0.13,0.1,15.0,-0.011,0.0681,-0.0004,,,0.569,0.59,,,,2.5,-0.98
51.683,ROTATION_SCAN,2.4754,-0.9982,0.303,-43.11,-0.04,0.1,15.0,-0.0024,0.0658,0.0092,,1.355,0.574,0.59,,,,2.5,-0.98
51.774,ROTATION_SCAN,2.4777,-0.9983,0.3,-42.2,0.11,0.26,15.0,0.001,0.0591,0.0008,,1.355,0.574,0.618,,,,2.5,-0.98
51.779,ROTATION_SCAN,2.4817,-0.9965,0.3,-41.31,0.13,0.3,15.0,0.0066,0.0574,-0.0028,,1.361,0.585,0.618,,,,2.5,-0.98
51.829,ROTATION_SCAN,2.4832,-0.9958,0.299,-40.42,0.14,0.32,15.0,0.0066,0.054,-0.0032,,1.361,0.585,0.635,,,,2.5,-0.98
51.895,ROTATION_SCAN,2.4852,-0.9947,0.299,-39.59,0.33,0.52,15.0,0.0059,0.0511,-0.006,,1.369,0.597,0.635,,,,2.5,-0.98
51.925,ROTATION_SCAN,2.4878,-0.9931,0.301,-38.83,0.37,0.49,15.0,0.0053,0.0496,-0.0053,,1.369,0.597,0.654,,,,2.5,-0.98
52.012,ROTATION_SCAN,2.4908,-0.9926,0.301,-38.07,0.3,0.53,15.0,0.0061,0.0458,-0.0005,,1.38,0.605,0.654,,,,2.5,-0.98
52.075,ROTATION_SCAN,2.4915,-0.9902,0.297,-37.41,0.37,0.54,15.0,0.0017,0.0468,-0.0041,,1.38,0.605,0.672,,,,2.5,-0.98
52.111,ROTATION_SCAN,2.4919,-0.9884,0.297,-36.75,0.33,0.49,15.0,-0.0025,0.0458,-0.0083,,1.396,0.614,0.672,,,,2.5,-0.98
52.136,ROTATION_SCAN,2.4931,-0.9889,0.296,-36.09,0.3,0.59,15.0,-0.0049,0.0403,-0.0074,,1.396,0.614,0.697,,,,2.5,-0.98
52.199,ROTATION_SCAN,2.4933,-0.9891,0.296,-35.38,0.37,0.53,15.0,-0.0095,0.0362,-0.0087,,1.417,0.63,0.697,,,,2.5,-0.98
52.235,ROTATION_SCAN,2.4905,-0.9897,0.299,-34.59,0.39,0.45,15.0,-0.0195,0.0306,-0.0038,,1.417,0.63,0.718,,,,2.5,-0.98
52.308,ROTATION_SCAN,2.4908,-0.9916,0.299,-33.85,0.29,0.34,15.0,-0.0211,0.0231,0.0048,,1.44,0.649,0.718,,,,2.5,-0.98
52.335,ROTATION_SCAN,2.4899,-0.9909,0.298,-33.11,0.12,0.34,15.0,-0.024,0.0223,0.004,,1.44,0.649,0.739,,,,2.5,-0.98
52.418,ROTATION_SCAN,2.4903,-0.991,0.298,-32.3,-0.21,0.32,15.0,-0.0228,0.0221,0.0037,,1.446,,0.739,,,,2.5,-0.98
52.452,ROTATION_SCAN,2.476,-0.9961,0.299,-31.45,-0.01,0.33,15.0,-0.0526,0.0098,0.0032,,1.446,,0.763,,,,2.5,-0.98
52.52,ROTATION_SCAN,2.4743,-0.9966,0.299,-30.66,-0.08,0.45,15.0,-0.0538,0.0096,0.0036,,1.438,,0.763,,,,2.5,-0.98
52.551,ROTATION_SCAN,2.4747,-0.9989,0.299,-29.84,-0.28,0.28,15.0,-0.0489,0.0072,0.0041,,1.438,,0.785,,,,2.5,-0.98
52.668,ROTATION_SCAN,2.4723,-0.9985,0.299,-29.05,-0.27,0.22,15.0,-0.0498,0.0105,0.0012,,1.416,,0.785,,,,2.5,-0.98
52.712,ROTATION_SCAN,2.4727,-0.9983,0.298,-28.23,-0.39,0.04,15.0,-0.0431,0.0128,0.0063,,1.416,,0.806,,,,2.5,-0.98
52.721,ROTATION_SCAN,2.4756,-1.0005,0.298,-27.49,-0.65,-0.08,15.0,-0.0306,0.0115,0.0017,,1.345,,0.806,,,,2.5,-0.98
52.763,ROTATION_SCAN,2.4761,-1.0008,0.299,-26.78,-0.73,-0.22,15.0,-0.0225,0.0141,0.003,,1.345,,0.833,,,,2.5,-0.98
52.779,ROTATION_SCAN,2.4799,-1.0017,0.299,-26.02,-0.73,-0.16,15.0,-0.0086,0.0159,0.0043,,1.26,,0.833,,,,2.5,-0.98
52.845,ROTATION_SCAN,2.4778,-1.0027,0.299,-25.26,-0.57,-0.16,15.0,-0.0085,0.0163,0.0038,,1.26,,0.872,,,,2.5,-0.98
52.883,ROTATION_SCAN,2.497,-1.0024,0.299,-24.47,-0.63,-0.16,15.0,0.0334,0.0198,0.0009,,1.207,,0.872,,,,2.5,-0.98
52.928,ROTATION_SCAN,2.5016,-1.0034,0.299,-23.74,-0.48,0.16,15.0,0.0411,0.02,-0.0016,,1.207,,,,,,2.5,-0.98
52.975,ROTATION_SCAN,2.5056,-1.0022,0.299,-23.0,-0.47,0.68,15.0,0.0432,0.0255,0.001,,1.169,,,,,,2.5,-0.98
53.067,ROTATION_SCAN,2.5107,-1.0035,0.302,-22.19,-0.43,1.17,15.0,0.0427,0.0271,-0.0033,,1.169,,,,,,2.5,-0.98
53.096,ROTATION_SCAN,2.5149,-1.0037,0.302,-21.32,-0.21,1.51,15.0,0.037,0.0304,0.0029,,1.143,,,,,,2.5,-0.98
53.175,ROTATION_SCAN,2.5197,-1.0028,0.298,-20.38,-0.3,1.81,15.0,0.0307,0.0357,-0.0001,,1.143,,,,,,2.5,-0.98
53.186,ROTATION_SCAN,2.5221,-1.0013,0.298,-19.45,-0.22,1.87,15.0,0.0185,0.0426,-0.0064,,1.132,,,,,,2.5,-0.98
53.23,ROTATION_SCAN,2.5252,-0.9984,0.3,-18.51,-0.18,1.87,15.0,0.0085,0.0506,-0.0007,,1.132,,2.255,,,,2.5,-0.98
53.276,ROTATION_SCAN,2.5276,-0.9966,0.3,-17.71,-0.09,1.93,15.0,-0.002,0.0547,0.0005,,1.115,,2.255,,,,2.5,-0.98
53.329,ROTATION_SCAN,2.5304,-0.9924,0.302,-17.02,0.06,1.88,15.0,-0.0109,0.0621,-0.0015,,1.115,,,,,,2.5,-0.98
53.394,ROTATION_SCAN,2.5311,-0.9882,0.302,-16.3,0.17,1.97,15.0,-0.0237,0.0679,0.0069,,1.111,,,,,,2.5,-0.98
53.459,ROTATION_SCAN,2.5313,-0.9855,0.301,-15.6,0.43,1.94,15.0,-0.0371,0.0683,0.0046,,1.111,,2.657,,,,2.5,-0.98
53.483,ROTATION_SCAN,2.5302,-0.9819,0.301,-14.89,0.57,1.74,15.0,-0.051,0.0683,0.0019,,1.105,,2.657,,,,2.5,-0.98
53.524,ROTATION_SCAN,2.5296,-0.9769,0.302,-14.26,0.88,1.65,15.0,-0.0615,0.0689,0.001,,1.105,,2.547,,,,2.5,-0.98
53.608,ROTATION_SCAN,2.5295,-0.9743,0.302,-13.59,1.05,1.23,15.0,-0.068,0.0619,0.0031,,1.092,,2.547,,,,2.5,-0.98
53.633,ROTATION_SCAN,2.5262,-0.9719,0.304,-12.92,1.08,1.18,15.0,-0.0792,0.0539,0.0046,,1.092,,2.429,,,,2.5,-0.98
53.685,ROTATION_SCAN,2.5243,-0.9695,0.304,-12.33,1.03,0.87,15.0,-0.0843,0.0468,0.0063,,1.092,,2.429,,,,2.5,-0.98
53.756,ROTATION_SCAN,2.521,-0.968,0.303,-11.74,0.89,0.71,15.0,-0.0896,0.0386,0.0067,,1.092,,,,,,2.5,-0.98
53.824,ROTATION_SCAN,2.5183,-0.9669,0.303,-11.14,0.77,0.55,15.0,-0.0915,0.0316,0.0039,,1.09,,,,,,2.5,-0.98
53.86,ROTATION_SCAN,2.5136,-0.9656,0.303,-10.46,0.65,0.46,15.0,-0.0966,0.0261,0.0055,,1.09,,,,,,2.5,-0.98
53.877,ROTATION_SCAN,2.5111,-0.9636,0.303,-9.69,0.78,0.37,15.0,-0.0951,0.023,0.003,,1.114,,,,,,2.5,-0.98
53.956,ROTATION_SCAN,2.5071,-0.9618,0.306,-8.68,0.69,0.3,15.0,-0.097,0.0191,-0.0011,,1.114,,,,,,2.5,-0.98
54.031,ROTATION_SCAN,2.5029,-0.9609,0.306,-7.63,0.72,-0.01,15.0,-0.0973,0.0132,0.0063,,1.155,,,,,,2.5,-0.98
54.062,ROTATION_SCAN,2.5015,-0.9609,0.303,-6.59,0.7,-0.42,15.0,-0.0867,0.0063,0.0042,,1.155,,,,,,2.5,-0.98
54.132,ROTATION_SCAN,2.4977,-0.9607,0.303,-5.54,0.67,-0.41,15.0,-0.0828,0.0003,-0.0071,,1.267,,,,,,2.5,-0.98
54.163,ROTATION_SCAN,2.4948,-0.9609,0.305,-4.52,0.55,-0.62,15.0,-0.0756,-0.0055,-0.0034,,1.267,,1.549,,,,2.5,-0.98
54.272,ROTATION_SCAN,2.4941,-0.9595,0.305,-3.48,0.62,-0.51,15.0,-0.0634,-0.0054,-0.0031,,,,1.549,,,,2.5,-0.98
54.283,ROTATION_SCAN,2.4919,-0.959,0.302,-2.46,0.73,-0.47,15.0,-0.0573,-0.0094,-0.0071,,,,1.519,,,,2.5,-0.98
54.363,LANDING_REGION_SCAN,2.4935,-0.9645,0.302,-1.46,0.69,-0.36,15.0,-0.0433,-0.027,-0.0119,,,,1.519,,,,,
54.48,LANDING_REGION_SCAN,2.4988,-0.9678,0.304,-0.57,0.47,-0.26,15.0,-0.0232,-0.0352,-0.0089,,,,1.484,,,,3.5,-0.98
54.577,SCAN_NAV_WAYPOINT,2.4898,-0.9639,0.304,0.32,0.3,0.01,-0.0,-0.0402,-0.0253,-0.0059,,,0.535,1.484,,2.48,-1.18,3.5,-0.98
54.612,SCAN_NAV_WAYPOINT,2.4908,-0.9643,0.299,1.16,0.27,-0.13,-0.0,-0.0328,-0.0249,-0.0088,,,0.535,1.412,,2.48,-1.18,3.5,-0.98
54.625,SCAN_NAV_WAYPOINT,2.4952,-0.9718,0.299,1.83,0.23,-0.23,-0.0,-0.0172,-0.0414,-0.0146,,,0.521,1.412,,2.48,-1.18,3.5,-0.98
54.683,SCAN_NAV_WAYPOINT,2.4995,-0.974,0.299,2.28,0.21,-0.1,-0.0,-0.0041,-0.0431,-0.0123,,,0.521,1.328,,2.48,-1.18,3.5,-0.98
54.729,SCAN_NAV_WAYPOINT,2.5035,-0.9767,0.299,2.54,0.0,-0.07,-0.0,0.0063,-0.0447,-0.0088,,,0.529,1.328,,2.48,-1.18,3.5,-0.98
54.77,SCAN_NAV_WAYPOINT,2.5078,-0.9791,0.303,2.69,-0.21,0.13,-0.0,0.0151,-0.044,-0.0091,,,0.529,1.272,,2.48,-1.18,3.5,-0.98
54.783,SCAN_NAV_WAYPOINT,2.5126,-0.9818,0.303,2.79,-0.14,0.35,-0.0,0.0224,-0.0428,0.0049,,0.526,0.532,1.272,,2.48,-1.18,3.5,-0.98
54.792,SCAN_NAV_WAYPOINT,2.5173,-0.9827,0.299,2.74,2.04,0.58,-0.0,0.0271,-0.0488,0.0023,,0.526,0.532,1.238,,2.48,-1.18,3.5,-0.98
54.797,SCAN_NAV_WAYPOINT,2.5205,-0.9838,0.299,2.6,3.28,0.87,-0.0,0.0268,-0.0692,-0.0097,,0.525,0.555,1.238,,2.48,-1.18,3.5,-0.98
54.851,SCAN_NAV_WAYPOINT,2.5245,-0.9877,0.3,2.47,3.92,1.27,-0.0,0.0252,-0.1003,-0.0082,,0.525,0.555,1.208,,2.48,-1.18,3.5,-0.98
54.923,SCAN_NAV_WAYPOINT,2.5269,-0.9937,0.3,2.22,4.44,1.46,-0.0,0.018,-0.1376,-0.008,,0.524,0.586,1.208,,2.48,-1.18,3.5,-0.98
54.972,SCAN_NAV_WAYPOINT,2.5299,-1.0018,0.299,1.94,4.45,1.65,-0.0,0.0113,-0.1766,-0.0118,,0.524,0.586,1.198,,2.48,-1.18,3.5,-0.98
54.979,SCAN_NAV_WAYPOINT,2.5311,-1.0152,0.299,1.62,3.99,1.78,-0.0,-0.0005,-0.2224,-0.0093,,0.516,,1.198,,2.48,-1.18,3.5,-0.98
55.05,SCAN_NAV_WAYPOINT,2.5331,-1.0278,0.297,1.12,3.38,1.95,-0.0,-0.0102,-0.2544,-0.0089,,0.516,,1.193,,2.48,-1.18,3.5,-0.98
55.109,SCAN_NAV_WAYPOINT,2.5332,-1.0419,0.297,0.71,2.75,1.97,-0.0,-0.0245,-0.2819,-0.0097,,0.505,,1.193,,2.48,-1.18,3.5,-0.98
55.148,SCAN_NAV_WAYPOINT,2.5341,-1.0564,0.297,0.31,1.92,1.93,-0.0,-0.035,-0.2994,-0.0047,,0.505,,1.216,,2.48,-1.18,3.5,-0.98
55.183,SCAN_NAV_WAYPOINT,2.5333,-1.0717,0.297,-0.07,1.37,1.81,-0.0,-0.0477,-0.3121,-0.0036,,0.495,,1.216,,2.48,-1.18,3.5,-0.98
55.23,SCAN_NAV_WAYPOINT,2.5308,-1.0893,0.296,-0.4,0.61,1.93,-0.0,-0.0632,-0.3241,-0.0007,,0.495,,1.232,,2.48,-1.18,3.5,-0.98
55.318,SCAN_NAV_WAYPOINT,2.5287,-1.104,0.296,-0.67,-0.15,2.03,-0.0,-0.0773,-0.3213,-0.0004,,0.482,,1.232,,2.48,-1.18,3.5,-0.98
55.347,SCAN_NAV_WAYPOINT,2.5254,-1.1185,0.296,-0.86,-0.65,2.06,-0.0,-0.0923,-0.313,0.0006,,0.482,,1.262,,2.48,-1.18,3.5,-0.98
55.438,SCAN_NAV_WAYPOINT,2.522,-1.1316,0.296,-1.0,-1.0,2.19,-0.0,-0.1065,-0.2991,-0.0003,,0.473,,1.262,,2.48,-1.18,3.5,-0.98
55.461,SCAN_NAV_WAYPOINT,2.5178,-1.1441,0.296,-1.11,-1.11,2.04,-0.0,-0.121,-0.2839,0.0057,,0.473,,1.27,,2.48,-1.18,3.5,-0.98
55.475,SCAN_NAV_WAYPOINT,2.511,-1.1563,0.296,-1.06,-1.24,1.73,-0.0,-0.1381,-0.2695,0.0037,,0.464,,1.27,,2.48,-1.18,3.5,-0.98
55.552,SCAN_NAV_WAYPOINT,2.5038,-1.1695,0.297,-0.98,-1.54,1.52,-0.0,-0.152,-0.2571,0.0045,,0.464,,1.28,,2.48,-1.18,3.5,-0.98
55.605,SCAN_NAV_WAYPOINT,2.4967,-1.1795,0.297,-0.95,-1.85,0.89,-0.0,-0.1602,-0.2364,0.0079,,0.454,,1.28,,3.5,-1.18,3.5,-0.98
55.72,SCAN_NAV_WAYPOINT,2.4894,-1.1888,0.3,-0.89,-2.16,0.49,-0.0,-0.1633,-0.2138,0.0091,,0.454,,1.287,,3.5,-1.18,3.5,-0.98
55.726,SCAN_NAV_WAYPOINT,2.4821,-1.1979,0.3,-0.76,-2.71,-0.05,-0.0,-0.163,-0.1905,0.0171,,0.439,0.714,1.287,,3.5,-1.18,3.5,-0.98
55.732,SCAN_NAV_WAYPOINT,2.4745,-1.2037,0.304,-0.74,-3.66,-2.78,-0.0,-0.149,-0.1541,0.017,,0.439,0.714,1.29,,3.5,-1.18,3.5,-0.98
55.804,SCAN_NAV_WAYPOINT,2.4652,-1.211,0.304,-0.54,-3.63,-5.42,-0.0,-0.1162,-0.1214,0.0198,,0.433,0.723,1.29,,3.5,-1.18,3.5,-0.98
55.872,SCAN_NAV_WAYPOINT,2.4619,-1.213,0.303,-0.13,-3.78,-6.79,-0.0,-0.058,-0.0806,0.0125,,0.433,0.723,1.28,,3.5,-1.18,3.5,-0.98
55.924,SCAN_NAV_WAYPOINT,2.4603,-1.2154,0.303,0.34,-3.35,-7.31,-0.0,0.0038,-0.0464,0.0048,,0.427,0.718,1.28,,3.5,-1.18,3.5,-0.98
55.952,SCAN_NAV_WAYPOINT,2.4632,-1.2153,0.299,0.86,-2.89,-7.21,-0.0,0.0707,-0.0137,-0.0001,,0.427,0.718,1.262,,3.5,-1.18,3.5,-0.98
55.999,SCAN_NAV_WAYPOINT,2.4709,-1.2131,0.299,1.36,-2.28,-6.87,-0.0,0.1385,0.0142,-0.0132,,0.432,0.719,1.262,,3.5,-1.18,3.5,-0.98
56.056,SCAN_NAV_WAYPOINT,2.4796,-1.2112,0.3,1.68,-1.75,-5.95,-0.0,0.1953,0.0364,-0.0106,,0.432,0.719,1.236,,3.5,-1.18,3.5,-0.98
56.074,SCAN_NAV_WAYPOINT,2.4989,-1.2051,0.3,2.14,-1.22,-4.83,-0.0,0.2611,0.0535,-0.0073,,0.453,0.726,1.236,,3.5,-1.18,3.5,-0.98
56.15,SCAN_NAV_WAYPOINT,2.5158,-1.2006,0.299,2.42,-0.57,-3.67,-0.0,0.3043,0.0653,-0.0107,,0.453,0.726,1.154,,3.5,-1.18,3.5,-0.98
56.22,SCAN_NAV_WAYPOINT,2.5316,-1.1974,0.299,2.57,0.01,-2.29,-0.0,0.3285,0.0669,-0.0087,,0.476,0.732,1.154,,3.5,-1.18,3.5,-0.98
56.269,SCAN_NAV_WAYPOINT,2.5486,-1.194,0.298,2.66,0.49,-1.25,-0.0,0.3436,0.0648,-0.0064,,0.476,0.732,,,3.5,-1.18,3.5,-0.98
56.335,SCAN_NAV_WAYPOINT,2.565,-1.1914,0.298,2.73,0.89,-0.31,-0.0,0.3476,0.0572,-0.0083,,0.512,,,,3.5,-1.18,3.5,-0.98
56.404,SCAN_NAV_WAYPOINT,2.5859,-1.1869,0.299,2.65,1.0,0.39,-0.0,0.3562,0.0538,-0.0055,,0.512,,0.955,,3.5,-1.18,3.5,-0.98
56.439,SCAN_NAV_WAYPOINT,2.6035,-1.1848,0.299,2.57,0.91,0.94,-0.0,0.3489,0.0428,0.0011,,0.539,,0.955,,3.5,-1.18,3.5,-0.98
56.496,SCAN_NAV_WAYPOINT,2.6206,-1.1834,0.298,2.37,0.9,1.3,-0.0,0.3385,0.0322,-0.0053,,0.539,,0.909,,3.5,-1.18,3.5,-0.98
56.526,SCAN_NAV_WAYPOINT,2.6355,-1.1825,0.298,2.14,0.8,1.49,-0.0,0.322,0.0234,-0.0056,,0.571,,0.909,,3.5,-1.18,3.5,-0.98
56.549,SCAN_NAV_WAYPOINT,2.6503,-1.1819,0.3,1.89,0.78,1.48,-0.0,0.3069,0.0146,-0.0018,,0.571,,0.89,,3.5,-1.18,3.5,-0.98
56.632,SCAN_NAV_WAYPOINT,2.6654,-1.182,0.3,1.65,0.68,1.45,-0.0,0.2938,0.006,0.0023,,0.596,,0.89,,3.5,-1.18,3.5,-0.98
56.658,SCAN_NAV_WAYPOINT,2.6817,-1.182,0.303,1.43,0.62,1.34,-0.0,0.2867,-0.0004,-0.0039,,0.596,,0.868,,3.5,-1.18,3.5,-0.98
56.707,SCAN_NAV_WAYPOINT,2.693,-1.1836,0.303,1.17,0.4,1.39,-0.0,0.2673,-0.0091,0.0026,,0.627,,0.868,,3.5,-1.18,3.5,-0.98
56.726,SCAN_NAV_WAYPOINT,2.7048,-1.1843,0.298,0.88,0.31,1.05,-0.0,0.253,-0.0127,0.0028,,0.627,,0.861,,3.5,-1.18,3.5,-0.98
56.807,SCAN_NAV_WAYPOINT,2.7159,-1.1856,0.298,0.58,0.31,0.74,-0.0,0.2415,-0.0174,-0.0089,,0.647,,0.861,,3.5,-1.18,3.5,-0.98
56.869,SCAN_NAV_WAYPOINT,2.7266,-1.1864,0.291,0.35,0.29,0.35,-0.0,0.234,-0.0196,-0.0095,,0.647,,0.855,,3.5,-1.18,3.5,-0.98
56.884,SCAN_NAV_WAYPOINT,2.7389,-1.1896,0.291,0.17,0.36,-0.08,-0.0,0.235,-0.0277,-0.0267,,0.663,,0.855,,3.5,-1.18,3.5,-0.98
56.951,SCAN_NAV_WAYPOINT,2.7493,-1.1915,0.292,-0.02,0.27,-0.24,-0.0,0.2332,-0.0321,-0.0181,,0.663,,0.844,,3.5,-1.18,3.5,-0.98
57.024,SCAN_NAV_WAYPOINT,2.7586,-1.1922,0.292,-0.07,0.04,-0.48,-0.0,0.2278,-0.0321,-0.0115,,0.679,,0.844,,3.5,-1.18,3.5,-0.98
57.073,SCAN_NAV_WAYPOINT,2.767,-1.195,0.293,0.07,-0.08,-0.57,-0.0,0.2242,-0.0358,-0.0092,,0.679,,0.84,,3.5,-1.18,3.5,-0.98
57.103,SCAN_NAV_WAYPOINT,2.7749,-1.1974,0.293,0.22,-0.23,-0.78,-0.0,0.2205,-0.0368,0.0034,,0.697,,0.84,,3.5,-1.18,3.5,-0.98
57.152,SCAN_NAV_WAYPOINT,2.7848,-1.1996,0.297,0.26,-0.35,-0.87,-0.0,0.2237,-0.036,0.0053,,0.697,,0.832,,3.5,-1.18,3.5,-0.98
57.206,SCAN_NAV_WAYPOINT,2.7964,-1.2016,0.297,0.12,-0.54,-0.96,-0.0,0.2319,-0.0329,0.0178,,0.713,,0.832,,3.5,-1.18,3.5,-0.98
57.224,SCAN_NAV_WAYPOINT,2.8072,-1.2053,0.297,-0.14,-0.65,-0.83,-0.0,0.2374,-0.0331,0.0156,,0.713,,0.827,,3.5,-1.18,3.5,-0.98
57.316,SCAN_NAV_WAYPOINT,2.8175,-1.2072,0.297,-0.39,-0.69,-0.78,-0.0,0.2395,-0.0291,0.0133,,0.734,,0.827,,3.5,-1.18,3.5,-0.98
57.35,SCAN_NAV_WAYPOINT,2.8277,-1.2094,0.299,-0.68,-0.56,-0.86,-0.0,0.2409,-0.026,0.0115,,0.734,,0.821,,3.5,-1.18,3.5,-0.98
57.418,SCAN_NAV_WAYPOINT,2.8369,-1.2102,0.299,-0.88,-0.06,-0.9,-0.0,0.2412,-0.0223,0.0062,,0.753,,0.821,,3.5,-1.18,3.5,-0.98
57.462,SCAN_NAV_WAYPOINT,2.8489,-1.2124,0.299,-0.85,-0.04,-0.57,-0.0,0.2471,-0.0247,0.0074,,0.753,,0.821,,3.5,-1.18,3.5,-0.98
57.542,SCAN_NAV_WAYPOINT,2.8595,-1.215,0.299,-0.59,-0.13,-0.59,-0.0,0.247,-0.028,0.0053,,0.771,,0.821,,3.5,-1.18,3.5,-0.98
57.553,SCAN_NAV_WAYPOINT,2.8697,-1.2174,0.301,-0.15,-0.18,-0.5,-0.0,0.2462,-0.0289,0.0121,,0.771,,0.821,,3.5,-1.18,3.5,-0.98
57.587,SCAN_NAV_WAYPOINT,2.8809,-1.2205,0.301,0.48,-0.24,-0.7,-0.0,0.248,-0.0317,0.0146,,0.793,,0.821,,3.5,-1.18,3.5,-0.98
57.644,SCAN_NAV_WAYPOINT,2.8914,-1.2229,0.304,1.19,-0.46,-0.59,-0.0,0.2484,-0.031,0.0164,,0.793,,0.824,,3.5,-1.18,3.5,-0.98
57.676,SCAN_NAV_WAYPOINT,2.9015,-1.2256,0.304,1.76,-0.77,-0.24,-0.0,0.2456,-0.0296,0.0247,,0.815,,0.824,,3.5,-1.18,3.5,-0.98
57.748,SCAN_NAV_WAYPOINT,2.9125,-1.228,0.306,2.34,-1.09,-0.6,-0.0,0.2447,-0.0252,0.0168,,0.815,,0.842,,3.5,-1.18,3.5,-0.98
57.808,SCAN_NAV_WAYPOINT,2.9215,-1.2309,0.306,2.89,-1.65,-0.43,-0.0,0.2403,-0.0179,0.0161,,0.831,,0.842,,3.5,-1.18,3.5,-0.98
57.836,SCAN_NAV_WAYPOINT,2.9308,-1.2321,0.305,3.2,-1.6,-0.16,-0.0,0.2355,-0.0047,0.017,,0.831,,0.868,,3.5,-1.18,3.5,-0.98
57.908,SCAN_NAV_WAYPOINT,2.9397,-1.233,0.305,3.46,-1.5,-0.0,-0.0,0.2276,0.0063,0.0033,,0.847,,0.868,,3.5,-1.18,3.5,-0.98
57.93,SCAN_NAV_WAYPOINT,2.9482,-1.2348,0.305,3.68,-1.42,-0.23,-0.0,0.2206,0.0137,-0.0016,,0.847,,0.937,,3.5,-1.18,3.5,-0.98
57.98,SCAN_NAV_WAYPOINT,2.957,-1.2347,0.305,3.88,-1.11,-0.82,-0.0,0.2173,0.0231,-0.013,,0.865,0.344,0.937,,3.5,-1.18,3.5,-0.98
58.052,SCAN_NAV_WAYPOINT,2.9675,-1.2344,0.304,4.01,-1.0,-1.14,-0.0,0.2237,0.0302,-0.0179,,0.865,0.344,,,3.5,-1.18,3.5,-0.98
58.073,SCAN_NAV_WAYPOINT,2.9749,-1.234,0.304,3.92,-0.42,-1.41,-0.0,0.2246,0.0352,-0.0077,,0.883,0.323,,,3.5,-1.18,3.5,-0.98
58.143,SCAN_NAV_WAYPOINT,2.9845,-1.2332,0.302,3.71,-0.16,-1.3,-0.0,0.2316,0.0368,0.0011,,0.883,0.323,,,3.5,-1.18,3.5,-0.98
58.174,SCAN_NAV_WAYPOINT,2.9945,-1.2326,0.302,3.51,0.09,-1.16,-0.0,0.2377,0.0351,-0.0023,,0.9,0.309,,,3.5,-1.18,3.5,-0.98
58.256,SCAN_NAV_WAYPOINT,3.0044,-1.2313,0.301,3.24,-0.32,-1.06,-0.0,0.2414,0.0349,0.0022,,0.9,0.309,,,3.5,-1.18,3.5,-0.98
58.311,SCAN_NAV_WAYPOINT,3.0157,-1.2321,0.301,2.82,-0.59,-1.12,-0.0,0.2476,0.0325,0.0072,,0.918,0.308,,,3.5,-1.18,3.5,-0.98
58.345,SCAN_NAV_WAYPOINT,3.0256,-1.2321,0.309,2.41,-0.49,-1.49,-0.0,0.2515,0.0335,0.0055,,0.918,0.308,,,3.5,-1.18,3.5,-0.98
58.407,SCAN_NAV_WAYPOINT,3.0376,-1.2314,0.309,2.02,-0.76,-1.66,-0.0,0.2626,0.0362,0.0157,,0.939,0.309,,,3.5,-1.18,3.5,-0.98
58.439,SCAN_NAV_WAYPOINT,3.0499,-1.2305,0.309,1.62,-0.71,-1.68,-0.0,0.2734,0.0402,0.0064,,0.939,0.309,,,3.5,-1.18,3.5,-0.98
58.488,SCAN_NAV_WAYPOINT,3.0635,-1.2297,0.309,1.35,-0.82,-1.38,-0.0,0.2851,0.043,0.0025,,0.963,0.317,,,3.5,-1.18,3.5,-0.98
58.529,SCAN_NAV_WAYPOINT,3.0759,-1.2291,0.311,1.02,-0.65,-1.52,-0.0,0.2921,0.0459,-0.0021,,0.963,0.317,1.849,,3.5,-1.18,3.5,-0.98
58.578,SCAN_NAV_WAYPOINT,3.0921,-1.2254,0.311,0.59,-0.01,-1.26,-0.0,0.3073,0.0526,-0.0079,,0.99,0.316,1.849,,3.5,-1.18,3.5,-0.98
58.66,SCAN_NAV_WAYPOINT,3.1094,-1.2235,0.279,0.19,0.1,-1.07,-0.0,0.3214,0.0497,-0.0148,,0.99,0.316,,,3.5,-1.18,3.5,-0.98
58.692,SCAN_NAV_WAYPOINT,3.1226,-1.2226,0.279,-0.21,0.26,-0.47,-0.0,0.3213,0.0457,-0.0831,,1.023,0.315,,,3.5,-1.18,3.5,-0.98
58.74,SCAN_NAV_WAYPOINT,3.1393,-1.2198,0.186,-0.49,0.42,-0.31,-0.0,0.3262,0.0439,-0.0607,,1.023,0.315,,,3.5,-1.18,3.5,-0.98
58.792,SCAN_NAV_WAYPOINT,3.1478,-1.2218,0.186,-0.8,0.32,0.05,-0.0,0.3115,0.0366,-0.2529,,1.054,0.311,,,3.5,-1.18,3.5,-0.98
58.827,SCAN_NAV_WAYPOINT,3.1503,-1.223,0.198,-1.03,0.46,0.19,-0.0,0.2772,0.0224,-0.0886,,1.054,0.311,2.01,,3.5,-1.18,3.5,-0.98
58.931,SCAN_NAV_WAYPOINT,3.1606,-1.2218,0.198,-1.18,0.19,0.18,-0.0,0.2682,0.0206,-0.0483,,1.088,0.31,2.01,,3.5,-1.18,3.5,-0.98
58.948,SCAN_NAV_WAYPOINT,3.1528,-1.2235,0.243,-1.13,0.24,-0.02,-0.0,0.2112,0.0068,0.0294,,1.088,0.31,2.07,,3.5,-1.18,3.5,-0.98
59.018,SCAN_NAV_WAYPOINT,3.1583,-1.222,0.243,-1.02,0.18,-0.41,-0.0,0.198,0.0061,0.161,,1.122,0.312,2.07,,3.5,-1.18,3.5,-0.98
59.117,SCAN_NAV_WAYPOINT,3.1605,-1.2204,0.292,-0.76,0.15,-0.9,-0.0,0.1807,0.0047,0.1398,,1.122,0.312,2.217,,3.5,-1.18,3.5,-0.98
59.15,SCAN_NAV_WAYPOINT,3.1865,-1.2381,0.292,-0.51,0.09,-1.71,-0.0,0.2384,-0.0355,0.2624,,1.158,0.31,2.217,,3.5,-1.18,3.5,-0.98
59.173,SCAN_NAV_WAYPOINT,3.2014,-1.2377,0.365,-0.25,-0.36,-1.77,-0.0,0.2602,-0.0271,0.2125,,1.158,0.31,2.328,,3.5,-1.18,3.5,-0.98
59.182,SCAN_NAV_WAYPOINT,3.221,-1.2409,0.365,0.01,-0.47,-1.6,-0.0,0.2923,-0.023,0.3438,,1.195,0.311,2.328,,3.5,-1.18,3.5,-0.98
59.234,SCAN_NAV_WAYPOINT,3.2362,-1.2412,0.472,0.27,-0.43,-1.25,-0.0,0.3035,-0.0172,0.2294,,1.195,0.311,2.383,,3.5,-1.18,3.5,-0.98
59.284,SCAN_NAV_WAYPOINT,3.2566,-1.2435,0.472,0.47,-0.68,-0.78,-0.0,0.3263,-0.008,0.4009,,1.237,0.304,2.383,,3.5,-1.18,3.5,-0.98
59.372,SCAN_NAV_WAYPOINT,3.2761,-1.2433,0.473,0.76,-0.76,-0.4,-0.0,0.3399,-0.0012,0.2426,,1.237,0.304,2.436,,3.5,-1.18,3.5,-0.98
59.411,SCAN_NAV_WAYPOINT,3.2975,-1.2435,0.473,1.03,-0.93,0.25,-0.0,0.3537,0.0059,0.1704,,1.284,0.319,2.436,,3.5,-1.18,3.5,-0.98
59.423,SCAN_NAV_WAYPOINT,3.3168,-1.2421,0.434,1.29,-0.9,0.71,-0.0,0.3558,0.0142,0.0217,,1.284,0.319,2.45,,3.5,-1.18,3.5,-0.98
59.508,SCAN_NAV_WAYPOINT,3.3381,-1.2389,0.434,1.5,-0.74,0.9,-0.0,0.3598,0.0235,-0.1647,,1.33,0.35,2.45,,3.5,-1.18,3.5,-0.98
59.558,SCAN_NAV_WAYPOINT,3.3607,-1.2355,0.384,1.77,-0.66,1.44,-0.0,0.3628,0.034,-0.187,,1.33,0.35,2.465,,3.5,-1.18,3.5,-0.98
59.613,SCAN_NAV_WAYPOINT,3.3822,-1.2311,0.384,2.16,-0.71,1.62,-0.0,0.3582,0.0433,-0.3168,,1.379,,2.465,,3.5,-1.18,3.5,-0.98
59.635,SCAN_NAV_WAYPOINT,3.4048,-1.2262,0.342,2.63,-0.94,1.57,-0.0,0.3551,0.0554,-0.2726,,1.379,,2.442,,3.5,-1.18,3.5,-0.98
59.728,SCAN_NAV_WAYPOINT,3.4306,-1.2219,0.342,3.02,-1.08,1.71,-0.0,0.3596,0.0651,-0.3234,,1.423,,2.442,,3.5,-1.18,3.5,-0.98
59.745,SCAN_NAV_WAYPOINT,3.4535,-1.2184,0.299,3.2,-1.18,1.59,-0.0,0.3555,0.0747,-0.2682,,1.423,,2.463,,3.5,-1.18,3.5,-0.98
59.815,SCAN_NAV_WAYPOINT,3.4757,-1.2157,0.299,3.35,-1.15,1.67,-0.0,0.3508,0.0806,-0.2949,,1.456,,2.463,,3.5,-1.18,3.5,-0.98
59.866,SCAN_NAV_WAYPOINT,3.4974,-1.2126,0.277,3.36,-1.01,1.46,-0.0,0.3453,0.0875,-0.2298,,1.456,,2.471,,3.5,-1.18,3.5,-0.98
59.881,SCAN_NAV_WAYPOINT,3.5167,-1.2096,0.277,3.26,-0.85,2.22,-0.0,0.3339,0.0922,-0.204,,1.496,,2.471,,3.5,-1.18,3.5,-0.98
59.936,SCAN_NAV_WAYPOINT,3.5401,-1.2078,0.264,3.0,-0.81,2.41,-0.0,0.3287,0.0925,-0.1665,,1.496,,2.464,,3.5,-1.18,3.5,-0.98
59.985,SCAN_NAV_WAYPOINT,3.5579,-1.2064,0.264,2.63,-0.74,3.04,-0.0,0.3095,0.0934,-0.1191,,1.532,,2.464,,3.5,-1.18,3.5,-0.98
60.066,SCAN_NAV_WAYPOINT,3.575,-1.2066,0.255,2.16,-0.66,3.96,-0.0,0.284,0.0901,-0.0923,,1.532,,2.467,,3.5,-1.18,3.5,-0.98
60.086,SCAN_NAV_WAYPOINT,3.5887,-1.2067,0.255,1.54,-0.5,4.41,-0.0,0.2486,0.0872,-0.0651,,1.558,,2.467,,3.5,-1.18,3.5,-0.98
60.162,SCAN_NAV_WAYPOINT,3.6014,-1.2062,0.255,0.89,-0.28,5.84,-0.0,0.2068,0.0844,-0.0383,,1.558,,2.478,,3.5,-1.18,3.5,-0.98
60.192,SCAN_NAV_WAYPOINT,3.6112,-1.2073,0.255,0.29,-0.08,6.47,-0.0,0.1548,0.0784,-0.0077,,1.501,,2.478,,3.5,-1.18,3.5,-0.98
60.274,SCAN_NAV_WAYPOINT,3.6194,-1.2065,0.256,-0.07,-0.06,7.11,-0.0,0.1006,0.0747,0.0027,,1.501,,2.493,,3.5,-1.18,3.5,-0.98
60.381,SCAN_NAV_WAYPOINT,3.6248,-1.2069,0.256,-0.33,-0.44,7.26,-0.0,0.0429,0.072,0.0169,,1.452,,2.493,,3.5,-1.18,3.5,-0.98
60.473,SCAN_NAV_WAYPOINT,3.6243,-1.2063,0.262,-0.4,-0.59,7.25,-0.0,-0.0221,0.0733,0.0245,,1.452,,,,3.5,-1.18,3.5,-0.98
60.485,SCAN_NAV_WAYPOINT,3.622,-1.2071,0.262,-0.33,-0.97,6.89,-0.0,-0.0817,0.0754,0.0426,,1.479,,,,3.5,-1.18,3.5,-0.98
60.566,SCAN_NAV_WAYPOINT,3.6169,-1.208,0.266,-0.12,-0.95,6.09,-0.0,-0.1352,0.0793,0.0397,,1.479,,2.495,,3.5,-1.18,3.5,-0.98
60.577,SCAN_NAV_WAYPOINT,3.6088,-1.2052,0.266,0.25,-0.71,5.4,-0.0,-0.1854,0.085,0.0399,,1.566,,2.495,,3.5,-1.18,3.5,-0.98
60.626,SCAN_NAV_WAYPOINT,3.6003,-1.2044,0.27,0.66,-0.54,4.49,-0.0,-0.2234,0.0865,0.0434,,1.566,,2.491,,3.5,-1.18,3.5,-0.98
60.638,SCAN_NAV_WAYPOINT,3.5899,-1.2032,0.27,1.18,-0.28,3.64,-0.0,-0.2536,0.0861,0.0421,,1.585,,2.491,,3.5,-1.18,3.5,-0.98
60.7,SCAN_NAV_WAYPOINT,3.5775,-1.2015,0.274,1.58,-0.17,2.82,-0.0,-0.2783,0.0845,0.0403,,1.585,,2.506,,3.5,-1.18,3.5,-0.98
60.728,SCAN_NAV_WAYPOINT,3.5658,-1.2003,0.274,1.93,0.11,2.1,-0.0,-0.292,0.0809,0.0382,,1.568,,2.506,,3.5,-1.18,3.5,-0.98
60.745,SCAN_NAV_WAYPOINT,3.5541,-1.1994,0.274,2.17,0.25,1.22,-0.0,-0.2977,0.0751,0.0427,,1.568,,2.513,,3.5,-1.18,3.5,-0.98
60.817,SCAN_NAV_WAYPOINT,3.5397,-1.1969,0.274,2.05,0.4,0.65,-0.0,-0.3034,0.0704,0.0328,,1.542,,2.513,,3.5,-1.18,3.5,-0.98
60.878,SCAN_NAV_WAYPOINT,3.529,-1.1962,0.271,1.71,0.4,0.4,-0.0,-0.2956,0.0634,0.0354,,1.542,,2.507,,3.5,-1.18,3.5,-0.98
60.882,SCAN_NAV_WAYPOINT,3.5175,-1.1949,0.271,1.34,0.24,-0.38,-0.0,-0.2868,0.0579,0.0172,,1.524,,2.507,,3.5,-1.18,3.5,-0.98
60.944,SCAN_NAV_WAYPOINT,3.5075,-1.1953,0.274,0.97,0.25,-0.53,-0.0,-0.2704,0.0508,0.0256,,1.524,,2.514,,3.5,-1.18,3.5,-0.98
60.995,SCAN_NAV_WAYPOINT,3.4983,-1.1942,0.274,0.62,0.55,-1.13,-0.0,-0.2526,0.0463,0.0312,,1.504,,2.514,,3.5,-0.98,3.5,-0.98
61.071,SCAN_NAV_WAYPOINT,3.4883,-1.1926,0.285,0.15,0.35,-1.67,-0.0,-0.2342,0.0413,0.0241,,1.504,,2.523,,3.5,-0.98,3.5,-0.98
61.118,SCAN_NAV_WAYPOINT,3.4828,-1.192,0.285,-0.43,-0.06,-2.24,-0.0,-0.2022,0.0387,0.0449,,1.492,,2.523,,3.5,-0.98,3.5,-0.98
61.124,SCAN_NAV_WAYPOINT,3.477,-1.1912,0.297,-1.0,-1.65,-3.38,-0.0,-0.1685,0.0406,0.0452,,1.492,,2.534,,3.5,-0.98,3.5,-0.98
61.222,SCAN_NAV_WAYPOINT,3.4732,-1.1893,0.297,-1.48,-3.48,-3.4,-0.0,-0.1286,0.056,0.0691,,1.495,,2.534,,3.5,-0.98,3.5,-0.98
61.239,SCAN_NAV_WAYPOINT,3.4695,-1.1859,0.3,-1.79,-4.43,-3.26,-0.0,-0.0954,0.0841,0.0502,,1.495,,2.547,,3.5,-0.98,3.5,-0.98
61.373,SCAN_NAV_WAYPOINT,3.4715,-1.1793,0.3,-1.95,-4.89,-3.11,-0.0,-0.0514,0.1221,0.04,,1.502,,2.547,,3.5,-0.98,3.5,-0.98
61.411,SCAN_NAV_WAYPOINT,3.4754,-1.1704,0.302,-1.78,-5.09,-2.68,-0.0,-0.0108,0.1631,0.0291,,1.502,,2.562,,3.5,-0.98,3.5,-0.98
61.466,SCAN_NAV_WAYPOINT,3.48,-1.1592,0.302,-1.37,-4.57,-2.38,-0.0,0.0239,0.2089,0.0252,,1.515,,2.562,,3.5,-0.98,3.5,-0.98
61.524,SCAN_NAV_WAYPOINT,3.4863,-1.1456,0.301,-0.58,-3.69,-1.54,-0.0,0.0536,0.2456,0.0116,,1.515,,2.573,,3.5,-0.98,3.5,-0.98
61.565,SCAN_NAV_WAYPOINT,3.4935,-1.1307,0.301,0.41,-3.0,-0.58,-0.0,0.0737,0.276,-0.0061,,1.508,,2.573,,3.5,-0.98,3.5,-0.98
61.589,SCAN_NAV_WAYPOINT,3.5015,-1.1141,0.294,1.35,-2.03,0.35,-0.0,0.0852,0.3007,-0.0076,,1.508,,2.6,,3.5,-0.98,3.5,-0.98
61.64,SCAN_NAV_WAYPOINT,3.5125,-1.0953,0.294,2.28,-1.51,0.96,-0.0,0.0954,0.3165,-0.0265,,1.54,,2.6,,3.5,-0.98,3.5,-0.98
61.691,SCAN_NAV_WAYPOINT,3.5205,-1.0776,0.297,3.06,-1.0,1.6,-0.0,0.0926,0.3275,-0.0175,,1.54,,2.621,,3.5,-0.98,3.5,-0.98
61.704,SCAN_NAV_WAYPOINT,3.5286,-1.0599,0.297,3.6,-0.63,2.05,-0.0,0.0852,0.3305,-0.0082,,1.544,,2.621,,3.5,-0.98,3.5,-0.98
61.756,SCAN_NAV_WAYPOINT,3.5356,-1.0429,0.303,3.86,-0.53,2.22,-0.0,0.0733,0.3311,0.0041,,1.544,,2.649,,3.5,-0.98,3.5,-0.98
61.772,SCAN_NAV_WAYPOINT,3.5409,-1.0267,0.303,3.96,-0.22,2.48,-0.0,0.0587,0.3315,0.0192,,1.575,,2.649,,3.5,-0.98,3.5,-0.98
61.849,SCAN_NAV_WAYPOINT,3.5451,-1.0099,0.305,3.97,-0.07,2.84,-0.0,0.0412,0.3307,0.0074,,1.575,,2.683,,3.5,-0.98,3.5,-0.98
61.888,SCAN_NAV_WAYPOINT,3.5487,-0.9922,0.305,3.79,0.58,3.19,-0.0,0.0216,0.3325,0.0152,,1.554,,2.683,,3.5,-0.98,3.5,-0.98
61.95,SCAN_NAV_WAYPOINT,3.5514,-0.9753,0.307,3.55,1.37,3.42,-0.0,-0.0001,0.3235,0.0065,,1.554,,2.696,,3.5,-0.98,3.5,-0.98
61.982,SCAN_NAV_WAYPOINT,3.5527,-0.9616,0.307,3.21,2.06,3.53,-0.0,-0.0233,0.3032,0.0034,,,,2.696,,3.5,-0.98,3.5,-0.98
62.047,SCAN_NAV_WAYPOINT,3.5527,-0.9489,0.303,2.89,2.87,3.57,-0.0,-0.048,0.2772,0.0011,,,,,,3.5,-0.98,3.5,-0.98
62.085,SCAN_NAV_WAYPOINT,3.5511,-0.9349,0.303,2.69,3.53,3.46,-0.0,-0.0724,0.2523,-0.0137,,,,,,3.5,-0.98,3.5,-0.98
62.139,SCAN_NAV_WAYPOINT,3.5475,-0.9214,0.3,2.48,4.44,3.21,-0.0,-0.0982,0.2213,-0.0174,,,,,,3.5,-0.98,3.5,-0.98
62.209,SCAN_NAV_WAYPOINT,3.5439,-0.9127,0.3,2.31,4.89,2.69,-0.0,-0.1174,0.18,-0.0195,,0.221,,,,3.5,-0.98,3.5,-0.98
62.251,SCAN_NAV_WAYPOINT,3.5389,-0.9059,0.299,2.12,5.21,2.25,-0.0,-0.1334,0.1355,-0.022,,0.221,,,,3.5,-0.98,3.5,-0.98
62.32,SCAN_NAV_WAYPOINT,3.5337,-0.9025,0.299,1.79,5.51,2.03,-0.0,-0.1456,0.0878,-0.0256,,0.218,,,,3.5,-0.98,3.5,-0.98
62.361,SCAN_NAV_WAYPOINT,3.5275,-0.9011,0.296,1.45,5.25,1.59,-0.0,-0.1564,0.0391,-0.022,,0.218,,2.605,,3.5,-0.98,3.5,-0.98
62.383,SCAN_NAV_WAYPOINT,3.5181,-0.9004,0.296,1.05,4.95,1.17,-0.0,-0.171,-0.0076,-0.0174,,0.204,,2.605,,3.5,-0.98,3.5,-0.98
62.454,SCAN_NAV_WAYPOINT,3.5107,-0.9022,0.295,0.5,4.74,0.51,-0.0,-0.175,-0.0486,-0.0145,,0.204,,,,3.5,-0.98,3.5,-0.98
62.527,SCAN_NAV_WAYPOINT,3.5043,-0.9081,0.295,-0.0,4.21,-0.08,-0.0,-0.1711,-0.0877,-0.0067,,0.195,,,,3.5,-0.98,3.5,-0.98
62.564,SCAN_NAV_WAYPOINT,3.4963,-0.9133,0.295,-0.31,3.66,-0.74,-0.0,-0.1671,-0.1212,-0.0001,,0.195,,,,3.5,-0.98,3.5,-0.98
62.572,SCAN_NAV_WAYPOINT,3.4915,-0.9232,0.295,-0.64,2.9,-1.28,-0.0,-0.1506,-0.15,-0.0003,,0.188,,,,3.5,-0.98,3.5,-0.98
62.663,SCAN_NAV_WAYPOINT,3.4867,-0.932,0.297,-0.97,2.25,-1.66,-0.0,-0.132,-0.1678,0.0135,,0.188,,,,3.5,-0.98,3.5,-0.98
62.745,SCAN_NAV_WAYPOINT,3.4834,-0.9432,0.297,-1.2,1.77,-1.81,-0.0,-0.1099,-0.1844,0.0149,,0.182,,,,3.5,-0.98,3.5,-0.98
62.776,SCAN_NAV_WAYPOINT,3.4814,-0.9535,0.298,-1.39,1.39,-1.76,-0.0,-0.0869,-0.1928,0.017,,0.182,,2.746,,3.5,-0.98,3.5,-0.98
62.841,SCAN_NAV_WAYPOINT,3.4805,-0.9637,0.298,-1.52,1.09,-1.66,-0.0,-0.0649,-0.1971,0.0131,,0.194,,2.746,,3.5,-0.98,3.5,-0.98
62.867,SCAN_NAV_WAYPOINT,3.4785,-0.9731,0.299,-1.49,0.36,-1.73,-0.0,-0.0485,-0.1989,0.0104,,0.194,,2.755,,3.5,-0.98,3.5,-0.98
62.935,ROTATION_SCAN,3.4787,-0.9825,0.299,-1.41,0.15,-1.53,-0.0,-0.0285,-0.194,0.0082,,0.266,,2.755,,,,3.5,-0.98
62.998,ROTATION_SCAN,3.4805,-0.9929,0.298,-1.19,-0.12,-1.36,-0.0,-0.0086,-0.1906,0.0056,,0.266,,,,,,3.5,-0.98
63.049,ROTATION_SCAN,3.4815,-1.0018,0.298,-0.93,-0.5,-1.27,-0.0,0.0061,-0.1843,-0.0004,,0.348,,,,,,3.5,-0.98
63.082,ROTATION_SCAN,3.4844,-1.0099,0.296,-0.65,-0.98,-1.02,-0.0,0.0225,-0.1717,0.0026,,0.348,,2.721,,,,3.5,-0.98
63.128,ROTATION_SCAN,3.4865,-1.017,0.296,-0.3,-2.01,-0.31,15.0,0.0315,-0.1537,-0.0026,,0.431,,2.721,,,,3.5,-0.98
63.142,ROTATION_SCAN,3.4894,-1.0231,0.297,0.14,-2.62,0.13,15.0,0.0362,-0.1288,0.0047,,0.431,,2.723,,,,3.5,-0.98
63.18,ROTATION_SCAN,3.4912,-1.0277,0.297,0.69,-3.09,0.3,15.0,0.0346,-0.0985,0.0069,,,,2.723,,,,3.5,-0.98
63.237,ROTATION_SCAN,3.4953,-1.0298,0.299,1.41,-2.97,0.87,15.0,0.0359,-0.0659,0.0086,,,,2.717,,,,3.5,-0.98
63.289,ROTATION_SCAN,3.4994,-1.0305,0.299,2.19,-2.69,0.97,15.0,0.0336,-0.0376,0.0094,,1.397,,2.717,,,,3.5,-0.98
63.335,ROTATION_SCAN,3.5022,-1.0291,0.299,3.03,-2.58,1.16,15.0,0.0272,-0.0079,0.0085,,1.397,,2.709,,,,3.5,-0.98
63.398,ROTATION_SCAN,3.5046,-1.0273,0.299,3.9,-2.48,1.43,15.0,0.0183,0.0163,0.006,,1.516,,2.709,,,,3.5,-0.98
63.456,ROTATION_SCAN,3.5038,-1.025,0.302,4.69,-2.32,1.43,15.0,0.0014,0.041,0.0046,,1.516,,2.71,,,,3.5,-0.98
63.542,ROTATION_SCAN,3.5034,-1.0217,0.302,5.46,-1.88,1.54,15.0,-0.0131,0.0608,0.011,,1.542,,2.71,,,,3.5,-0.98
63.562,ROTATION_SCAN,3.5033,-1.0162,0.301,6.22,-1.31,1.48,15.0,-0.025,0.0776,0.0065,,1.542,,,,,,3.5,-0.98
63.602,ROTATION_SCAN,3.5011,-1.0107,0.301,6.88,-0.86,1.31,15.0,-0.0396,0.0901,0.0032,,1.54,,,,,,3.5,-0.98
63.646,ROTATION_SCAN,3.4987,-1.0057,0.306,7.46,-0.37,1.07,15.0,-0.0509,0.0955,0.0049,,1.54,,,,,,3.5,-0.98
63.707,ROTATION_SCAN,3.4968,-0.9996,0.306,8.1,-0.03,0.7,15.0,-0.0569,0.0982,0.0153,,1.538,,,,,,3.5,-0.98
63.736,ROTATION_SCAN,3.4929,-0.995,0.303,8.8,0.35,0.45,15.0,-0.0641,0.0967,0.0088,,1.538,,,,,,3.5,-0.98
63.795,ROTATION_SCAN,3.4896,-0.9894,0.303,9.55,0.61,0.39,15.0,-0.0669,0.0943,-0.001,,1.534,,,,,,3.5,-0.98
63.854,ROTATION_SCAN,3.4859,-0.9847,0.305,10.24,0.92,0.35,15.0,-0.0696,0.088,0.002,,1.534,,,,,,3.5,-0.98
63.914,ROTATION_SCAN,3.4835,-0.9796,0.305,10.87,1.24,0.27,15.0,-0.068,0.0804,0.0032,,1.533,,,,,,3.5,-0.98
63.964,ROTATION_SCAN,3.4797,-0.9755,0.303,11.52,1.34,0.26,15.0,-0.069,0.0704,-0.0026,,1.533,,,,,,3.5,-0.98
63.979,ROTATION_SCAN,3.4763,-0.9725,0.303,12.16,1.39,0.25,15.0,-0.0687,0.0581,-0.0102,,1.524,,,,,,3.5,-0.98
64.054,ROTATION_SCAN,3.4728,-0.9704,0.303,12.85,1.44,0.22,15.0,-0.0679,0.0445,-0.0066,,1.524,,,,,,3.5,-0.98
64.082,ROTATION_SCAN,3.4711,-0.9684,0.303,13.57,1.39,0.06,15.0,-0.0627,0.0322,-0.0047,,1.528,,,,,,3.5,-0.98
64.167,ROTATION_SCAN,3.4663,-0.9677,0.302,14.42,1.3,-0.13,15.0,-0.0639,0.0193,-0.0075,,1.528,,2.786,,,,3.5,-0.98
64.175,ROTATION_SCAN,3.4642,-0.9677,0.302,15.24,1.08,-0.26,15.0,-0.0573,0.0081,-0.0089,,1.527,,2.786,,,,3.5,-0.98
64.266,ROTATION_SCAN,3.4612,-0.9687,0.302,15.99,1.25,-0.54,15.0,-0.0522,-0.0037,-0.0076,,1.527,,,,,,3.5,-0.98
64.279,ROTATION_SCAN,3.4584,-0.9685,0.302,16.68,1.18,-0.76,15.0,-0.045,-0.0106,-0.0027,,1.538,,,,,,3.5,-0.98
64.353,ROTATION_SCAN,3.4588,-0.9702,0.298,17.3,1.11,-1.07,15.0,-0.0288,-0.0202,-0.005,,1.538,,,,,,3.5,-0.98
64.391,ROTATION_SCAN,3.4594,-0.972,0.298,18.0,0.83,-1.15,15.0,-0.0128,-0.0272,-0.0085,,1.546,,,,,,3.5,-0.98
64.482,ROTATION_SCAN,3.4616,-0.9747,0.299,18.7,0.68,-1.03,15.0,0.0049,-0.0333,-0.0068,,1.546,,2.86,,,,3.5,-0.98
64.553,ROTATION_SCAN,3.4652,-0.976,0.299,19.32,0.59,-0.84,15.0,0.0218,-0.0341,-0.0022,,1.554,,2.86,,,,3.5,-0.98
64.586,ROTATION_SCAN,3.4684,-0.9776,0.299,19.97,0.22,-0.61,15.0,0.0338,-0.0348,-0.0033,,1.554,,,,,,3.5,-0.98
64.625,ROTATION_SCAN,3.4738,-0.979,0.299,20.62,0.0,-0.38,15.0,0.0468,-0.0325,0.0008,,1.578,,,,,,3.5,-0.98
64.669,ROTATION_SCAN,3.4774,-0.9796,0.299,21.3,-0.17,-0.04,15.0,0.0514,-0.0282,0.0029,,1.578,,,,,,3.5,-0.98
64.729,ROTATION_SCAN,3.4834,-0.9802,0.299,22.03,-0.27,0.31,15.0,0.0577,-0.0248,0.0031,,1.595,,,,,,3.5,-0.98
64.776,ROTATION_SCAN,3.4882,-0.9802,0.303,22.99,-0.43,0.56,15.0,0.0583,-0.0204,0.0026,,1.595,,,,,,3.5,-0.98
64.814,ROTATION_SCAN,3.4938,-0.9801,0.303,24.11,-0.68,0.97,15.0,0.057,-0.0162,0.0094,,1.622,,,,,,3.5,-0.98
64.851,ROTATION_SCAN,3.4986,-0.978,0.304,25.27,-0.73,0.96,15.0,0.0521,-0.0073,0.0065,,1.622,,2.915,,,,3.5,-0.98
64.923,ROTATION_SCAN,3.5034,-0.977,0.304,26.51,-0.65,1.23,15.0,0.0471,-0.0028,0.006,,1.649,,2.915,,,,3.5,-0.98
64.961,ROTATION_SCAN,3.5068,-0.9752,0.304,27.65,-0.59,1.16,15.0,0.0387,0.0013,0.0031,,1.649,,,,,,3.5,-0.98
64.977,ROTATION_SCAN,3.5103,-0.9751,0.304,28.68,-0.63,1.02,15.0,0.0325,0.0015,0.002,2.966,1.67,0.431,,,,,3.5,-0.98
65.048,ROTATION_SCAN,3.5132,-0.973,0.304,29.45,-0.57,1.18,15.0,0.0256,0.0057,-0.0021,2.966,1.67,0.431,,,,,3.5,-0.98
65.106,ROTATION_SCAN,3.5169,-0.9713,0.304,30.12,-0.69,1.36,15.0,0.0202,0.0075,-0.0051,,1.695,0.421,,,,,3.5,-0.98
65.15,ROTATION_SCAN,3.5185,-0.9706,0.303,30.76,-0.67,1.71,15.0,0.0082,0.0068,-0.009,,1.695,0.421,,,,,3.5,-0.98
65.224,ROTATION_SCAN,3.5211,-0.9698,0.303,31.22,-0.34,1.56,15.0,-0.0006,0.0043,-0.0083,,1.699,0.414,,,,,3.5,-0.98
65.31,ROTATION_SCAN,3.5208,-0.9682,0.301,31.6,-0.16,1.51,15.0,-0.0132,0.0024,-0.0048,,1.699,0.414,2.983,,,,3.5,-0.98
65.356,ROTATION_SCAN,3.5211,-0.9679,0.301,31.97,-0.04,1.36,15.0,-0.0213,-0.0029,-0.0068,,1.713,0.414,2.983,,,,3.5,-0.98
65.392,ROTATION_SCAN,3.5198,-0.9681,0.299,32.41,-0.3,1.32,15.0,-0.0316,-0.0076,-0.0086,,1.713,0.414,,,,,3.5,-0.98
65.41,ROTATION_SCAN,3.5194,-0.969,0.299,32.86,-0.36,1.31,15.0,-0.0392,-0.0121,-0.0143,,1.719,0.403,,,,,3.5,-0.98
65.439,ROTATION_SCAN,3.5185,-0.9689,0.298,33.37,-0.4,1.32,15.0,-0.0478,-0.0142,-0.0113,,1.719,0.403,,,,,3.5,-0.98
65.483,ROTATION_SCAN,3.5183,-0.9672,0.298,33.93,-0.5,1.18,15.0,-0.0538,-0.0127,-0.0121,,1.722,0.395,,,,,3.5,-0.98
65.559,ROTATION_SCAN,3.5157,-0.9662,0.294,34.62,-0.3,0.95,15.0,-0.0628,-0.0117,-0.0093,,1.722,0.395,,,,,3.5,-0.98
65.596,ROTATION_SCAN,3.5159,-0.9685,0.294,35.5,-0.34,0.94,15.0,-0.0631,-0.0171,-0.016,,1.734,0.383,,,,,3.5,-0.98
65.684,ROTATION_SCAN,3.5133,-0.9682,0.299,36.37,-0.43,0.93,15.0,-0.0698,-0.0171,-0.0137,,1.734,0.383,,,,,3.5,-0.98
65.717,ROTATION_SCAN,3.5102,-0.9557,0.299,37.34,-0.36,0.77,15.0,-0.0776,0.0052,0.0037,2.343,1.731,0.366,,,,,3.5,-0.98
65.732,ROTATION_SCAN,3.5076,-0.9542,0.296,38.39,-0.05,0.9,15.0,-0.0812,0.0052,-0.0026,2.343,1.731,0.366,,,,,3.5,-0.98
65.81,ROTATION_SCAN,3.5068,-0.9501,0.296,39.49,0.31,0.71,15.0,-0.0793,0.0069,-0.0054,2.289,,0.349,,,,,3.5,-0.98
65.889,ROTATION_SCAN,3.5058,-0.9479,0.296,40.6,0.29,0.46,15.0,-0.0755,0.0052,-0.0,2.289,,0.349,,,,,3.5,-0.98
65.937,ROTATION_SCAN,3.5045,-0.9468,0.296,41.68,0.5,0.27,15.0,-0.0706,0.0027,0.0038,,,0.329,,,,,3.5,-0.98
65.943,ROTATION_SCAN,3.5014,-0.9443,0.299,42.78,0.68,0.37,15.0,-0.0685,0.0022,0.004,,,0.329,,,,,3.5,-0.98
66.005,ROTATION_SCAN,3.4997,-0.9411,0.299,43.78,0.99,0.51,15.0,-0.0631,0.001,0.0099,,,0.314,,,,,3.5,-0.98
66.093,ROTATION_SCAN,3.5004,-0.9394,0.297,44.67,1.13,0.63,15.0,-0.0522,-0.0048,0.0089,,,0.314,,,,,3.5,-0.98
66.177,ROTATION_SCAN,3.4994,-0.9393,0.297,45.55,1.18,0.77,15.0,-0.0462,-0.0143,0.0044,,,0.306,,,,,3.5,-0.98
66.221,ROTATION_SCAN,3.5027,-0.9371,0.297,46.45,1.07,1.0,15.0,-0.0328,-0.0191,0.0068,,,0.306,,,,,3.5,-0.98
66.275,ROTATION_SCAN,3.5051,-0.934,0.297,47.39,1.02,1.01,15.0,-0.0237,-0.0219,0.0055,,,0.293,,,,,3.5,-0.98
66.321,ROTATION_SCAN,3.5085,-0.9354,0.299,48.27,0.71,1.08,15.0,-0.0147,-0.0329,0.0045,,,0.293,,,,,3.5,-0.98
66.38,ROTATION_SCAN,3.5127,-0.9368,0.299,49.19,0.65,1.14,15.0,-0.0059,-0.0417,0.0098,,,0.287,,,,,3.5,-0.98
66.388,ROTATION_SCAN,3.5161,-0.94,0.299,50.19,0.65,1.22,15.0,-0.0005,-0.0537,0.0013,,,0.287,,,,,3.5,-0.98
66.433,ROTATION_SCAN,3.5194,-0.9411,0.299,51.11,0.42,1.14,15.0,0.004,-0.0604,-0.0002,,1.457,0.282,,,,,3.5,-0.98
66.482,ROTATION_SCAN,3.5232,-0.9443,0.299,52.0,-0.02,1.0,15.0,0.0078,-0.0678,0.0015,,1.457,0.282,,,,,3.5,-0.98
66.498,ROTATION_SCAN,3.526,-0.9457,0.299,52.81,-0.21,1.12,15.0,0.0073,-0.0692,0.0006,,1.454,0.275,,,,,3.5,-0.98
66.565,ROTATION_SCAN,3.528,-0.9493,0.303,53.57,-0.52,1.26,15.0,0.0027,-0.0751,-0.0014,,1.454,0.275,,,,,3.5,-0.98
66.605,ROTATION_SCAN,3.5305,-0.9522,0.303,54.24,-0.51,1.23,15.0,-0.0017,-0.0784,0.0074,,1.439,0.275,,,,,3.5,-0.98
66.629,ROTATION_SCAN,3.5325,-0.9568,0.298,54.91,-0.68,1.13,15.0,-0.0062,-0.0851,0.0024,,1.439,0.275,,,,,3.5,-0.98
66.712,ROTATION_SCAN,3.5338,-0.9607,0.298,55.56,-0.85,1.0,15.0,-0.0126,-0.0876,-0.0079,,1.432,0.279,,,,,3.5,-0.98
66.751,ROTATION_SCAN,3.5354,-0.9634,0.299,56.17,-0.95,0.85,15.0,-0.0179,-0.0862,-0.0092,,1.432,0.279,,,,,3.5,-0.98
66.829,ROTATION_SCAN,3.5381,-0.9654,0.299,56.78,-1.09,0.48,15.0,-0.02,-0.0812,-0.0044,,1.427,0.277,,,,,3.5,-0.98
66.835,ROTATION_SCAN,3.5384,-0.9696,0.297,57.36,-1.13,0.4,15.0,-0.0266,-0.0795,-0.0011,,1.427,0.277,,,,,3.5,-0.98
66.911,ROTATION_SCAN,3.5377,-0.9728,0.297,57.97,-1.26,0.32,15.0,-0.0351,-0.0756,-0.0059,,1.43,0.269,,,,,3.5,-0.98
66.98,ROTATION_SCAN,3.5378,-0.975,0.298,58.59,-1.4,0.25,15.0,-0.0412,-0.0689,-0.0031,,1.43,0.269,,,,,3.5,-0.98
67.073,ROTATION_SCAN,3.5354,-0.9756,0.298,59.15,-1.42,0.12,15.0,-0.0529,-0.0582,0.0014,,1.434,0.263,,,,,3.5,-0.98
67.114,ROTATION_SCAN,3.5337,-0.977,0.3,59.84,-1.26,0.15,15.0,-0.0606,-0.0502,0.0018,,1.434,0.263,,,,,3.5,-0.98
67.176,ROTATION_SCAN,3.5295,-0.9771,0.3,60.53,-1.06,0.15,15.0,-0.0723,-0.0417,0.0082,,1.431,0.255,,,,,3.5,-0.98
67.223,ROTATION_SCAN,3.5257,-0.9774,0.301,61.26,-0.95,0.01,15.0,-0.0801,-0.0346,0.0028,,1.431,0.255,,,,,3.5,-0.98
67.287,ROTATION_SCAN,3.5223,-0.9751,0.301,61.97,-0.66,-0.08,15.0,-0.085,-0.0227,0.0054,,1.439,0.246,,,,,3.5,-0.98
67.31,ROTATION_SCAN,3.521,-0.9716,0.3,62.66,-0.32,-0.0,15.0,-0.0818,-0.0114,0.0063,,1.439,0.246,,,,,3.5,-0.98
67.396,ROTATION_SCAN,3.5196,-0.9694,0.3,63.31,-0.16,-0.0,15.0,-0.0774,-0.0051,-0.0003,,1.462,0.239,,,,,3.5,-0.98
67.42,ROTATION_SCAN,3.5162,-0.9645,0.298,63.89,-0.08,0.18,15.0,-0.0777,0.0058,0.0015,,1.462,0.239,,,,,3.5,-0.98
67.514,ROTATION_SCAN,3.5147,-0.9607,0.298,64.57,-0.15,0.45,15.0,-0.0743,0.0108,-0.0028,,1.468,0.237,,,,,3.5,-0.98
67.534,ROTATION_SCAN,3.5161,-0.9576,0.303,65.24,-0.04,0.55,15.0,-0.065,0.012,-0.0001,,1.468,0.237,,,,,3.5,-0.98
67.545,ROTATION_SCAN,3.5125,-0.9533,0.303,65.98,0.12,0.81,15.0,-0.0679,0.0152,0.0085,,1.489,0.229,,,,,3.5,-0.98
67.554,ROTATION_SCAN,3.511,-0.9502,0.301,66.75,0.07,1.02,15.0,-0.0656,0.0133,0.0052,,1.489,0.229,,,,,3.5,-0.98
67.62,ROTATION_SCAN,3.5086,-0.9483,0.301,67.51,0.09,1.15,15.0,-0.0666,0.0076,0.0015,,1.538,0.227,,,,,3.5,-0.98
67.631,ROTATION_SCAN,3.5055,-0.9482,0.303,68.28,0.14,1.32,15.0,-0.069,-0.0023,-0.0015,,1.538,0.227,,,,,3.5,-0.98
67.71,ROTATION_SCAN,3.5055,-0.9471,0.303,69.05,0.37,1.3,15.0,-0.0636,-0.0106,0.0019,,1.591,0.225,,,,,3.5,-0.98
67.757,ROTATION_SCAN,3.5042,-0.9476,0.299,69.79,0.28,1.11,15.0,-0.0597,-0.0206,-0.0029,,1.591,0.225,,,,,3.5,-0.98
67.82,ROTATION_SCAN,3.5042,-0.9508,0.299,70.51,0.39,1.05,15.0,-0.0538,-0.0352,-0.0113,,1.661,0.22,,,,,3.5,-0.98
67.871,ROTATION_SCAN,3.4971,-0.9492,0.298,71.38,0.35,1.15,15.0,-0.0636,-0.0369,-0.0085,,1.661,0.22,,,,,3.5,-0.98
68.027,ROTATION_SCAN,3.4971,-0.9496,0.298,72.31,0.75,1.08,15.0,-0.0554,-0.0437,-0.0116,,1.739,0.214,,,,,3.5,-0.98
68.042,ROTATION_SCAN,3.4955,-0.9528,0.299,73.37,0.77,0.95,15.0,-0.0493,-0.0558,-0.0076,,1.739,0.214,,,,,3.5,-0.98
68.074,ROTATION_SCAN,3.4958,-0.9591,0.299,74.45,0.82,0.87,15.0,-0.0392,-0.0726,-0.0012,,1.88,0.208,,,,,3.5,-0.98
68.111,ROTATION_SCAN,3.4982,-0.9619,0.299,75.47,0.74,0.74,15.0,-0.025,-0.0784,-0.0034,,1.88,0.208,,,,,3.5,-0.98
68.127,ROTATION_SCAN,3.5002,-0.9644,0.299,76.46,0.47,0.47,15.0,-0.014,-0.0808,0.0003,,,0.21,,,,,3.5,-0.98
68.201,ROTATION_SCAN,3.5041,-0.9668,0.299,77.29,0.27,0.32,15.0,-0.0018,-0.0807,0.0001,,,0.21,,,,,3.5,-0.98
68.218,ROTATION_SCAN,3.5075,-0.9691,0.299,78.02,0.13,0.07,15.0,0.0069,-0.0785,0.0011,,,0.214,,,,,3.5,-0.98
68.268,ROTATION_SCAN,3.5128,-0.9716,0.299,78.74,-0.19,-0.16,15.0,0.0179,-0.0747,-0.0031,,,0.214,,,,,3.5,-0.98
68.327,ROTATION_SCAN,3.5156,-0.9734,0.299,79.44,-0.36,-0.3,15.0,0.0202,-0.0682,-0.0013,,2.51,0.214,,,,,3.5,-0.98
68.343,ROTATION_SCAN,3.5189,-0.9748,0.3,80.16,-0.45,-0.27,15.0,0.0228,-0.0609,-0.0024,,2.51,0.214,,,,,3.5,-0.98
68.371,ROTATION_SCAN,3.5223,-0.9749,0.3,80.79,-0.7,-0.45,15.0,0.0236,-0.0505,0.0008,,2.604,0.219,,,,,3.5,-0.98
68.437,ROTATION_SCAN,3.5249,-0.9749,0.298,81.44,-0.94,-0.41,15.0,0.0211,-0.0403,-0.0002,,2.604,0.219,,,,,3.5,-0.98
68.529,ROTATION_SCAN,3.53,-0.9738,0.298,82.11,-0.96,-0.19,15.0,0.0227,-0.0303,-0.0039,,2.644,0.225,,,,,3.5,-0.98
68.535,ROTATION_SCAN,3.5314,-0.9735,0.299,82.72,-1.41,-0.16,15.0,0.0148,-0.0236,-0.0023,,2.644,0.225,,,,,3.5,-0.98
68.616,ROTATION_SCAN,3.534,-0.9713,0.299,83.26,-1.56,-0.16,15.0,0.0068,-0.0139,0.0032,,,0.236,,,,,3.5,-0.98
68.657,ROTATION_SCAN,3.5354,-0.9701,0.299,83.94,-1.87,-0.22,15.0,-0.0043,-0.0068,0.0055,,,0.236,,,,,3.5,-0.98
68.754,ROTATION_SCAN,3.5359,-0.9666,0.299,84.66,-1.82,0.1,15.0,-0.0179,0.0035,0.0071,,2.683,0.234,,,,,3.5,-0.98
68.774,ROTATION_SCAN,3.5354,-0.9624,0.3,85.49,-1.64,0.51,15.0,-0.031,0.0107,0.0046,,2.683,0.234,,,,,3.5,-0.98
68.825,ROTATION_SCAN,3.533,-0.9589,0.3,86.29,-1.49,0.61,15.0,-0.0464,0.0132,0.0039,,,0.231,,,,,3.5,-0.98
68.849,ROTATION_SCAN,3.5305,-0.9533,0.298,87.13,-1.29,0.74,15.0,-0.0586,0.0193,0.0019,,,0.231,,,,,3.5,-0.98
68.905,ROTATION_SCAN,3.5286,-0.9513,0.298,87.93,-0.99,0.99,15.0,-0.0656,0.015,-0.0043,,2.745,0.226,,,,,3.5,-0.98
68.92,ROTATION_SCAN,3.5251,-0.947,0.299,88.71,-0.8,1.31,15.0,-0.074,0.0135,0.0005,,2.745,0.226,,,,,3.5,-0.98
68.992,ROTATION_SCAN,3.5215,-0.9447,0.299,89.42,-0.66,1.54,15.0,-0.0798,0.005,0.0022,,2.752,0.226,,,,,3.5,-0.98
69.021,ROTATION_SCAN,3.5181,-0.9421,0.301,89.97,-0.45,1.61,15.0,-0.083,-0.0025,0.0015,,2.752,0.226,,,,,3.5,-0.98
69.138,LANDING_REGION_SCAN,3.5145,-0.9401,0.301,90.57,-0.12,1.65,15.0,-0.0842,-0.0111,0.0054,,2.745,0.223,,,3.5,-1.0,,
69.178,LANDING_REGION_SCAN,3.5091,-0.9391,0.299,91.19,0.07,1.4,-0.0,-0.0871,-0.0201,0.0038,,2.745,0.223,,,3.5,-1.0,,
69.193,LANDING_REGION_SCAN,3.5069,-0.9394,0.299,91.82,0.46,1.25,-0.0,-0.08,-0.029,-0.0052,,2.753,0.231,,,3.5,-1.0,,
69.279,LANDING_REGION_SCAN,3.5011,-0.9389,0.303,92.34,0.92,1.06,-0.0,-0.079,-0.0333,-0.0045,,2.753,0.231,,,3.5,-1.0,,
69.299,LANDING_REGION_SCAN,3.4981,-0.9397,0.303,92.79,1.11,1.05,-0.0,-0.0677,-0.0384,0.012,,2.747,0.244,,,3.5,-1.0,,
69.361,LANDING_REGION_SCAN,3.4947,-0.9389,0.305,93.18,1.04,2.27,-0.0,-0.0583,-0.0429,0.0058,,2.747,0.244,,,3.5,-1.0,,
69.397,LANDING_REGION_SCAN,3.4937,-0.9398,0.305,93.49,0.99,2.88,-0.0,-0.0432,-0.059,0.0127,,2.74,0.265,,,3.5,-1.0,,
69.424,LANDING_REGION_SCAN,3.4919,-0.9428,0.299,93.67,0.83,2.9,-0.0,-0.0338,-0.0817,0.0103,,2.74,0.265,,,3.5,-1.0,,
69.494,LANDING_REGION_SCAN,3.4928,-0.946,0.299,93.76,0.63,2.87,-0.0,-0.0191,-0.0999,-0.0092,,2.74,0.35,,,3.5,-1.0,,
69.546,LANDING_REGION_SCAN,3.4928,-0.9526,0.303,93.79,0.57,2.49,-0.0,-0.0104,-0.126,-0.0029,,2.74,0.35,,,3.5,-1.0,,
69.57,LANDING_REGION_SCAN,3.4937,-0.9592,0.303,93.81,0.62,2.43,-0.0,-0.0007,-0.1453,0.0034,,2.735,0.4,,,3.5,-1.0,,
69.648,LANDING_REGION_SCAN,3.4947,-0.9662,0.305,93.73,0.72,2.09,-0.0,0.0088,-0.1621,0.0026,,2.735,0.4,,,3.5,-1.0,,
69.714,LANDING_REGION_SCAN,3.4951,-0.9723,0.305,93.57,0.63,1.62,-0.0,0.0151,-0.1708,0.0028,,2.724,0.468,,,3.5,-1.0,,
69.756,LANDING_REGION_SCAN,3.498,-0.9802,0.303,93.2,0.4,1.11,-0.0,0.0257,-0.1786,-0.0015,,2.724,0.468,,,3.5,-1.0,,
69.805,LANDING_REGION_SCAN,3.4993,-0.9864,0.303,92.72,0.25,0.41,-0.0,0.0289,-0.1773,-0.0052,,2.725,,,,,,,
69.852,SCAN_HIGH,3.502,-0.992,0.305,92.3,0.16,-0.14,-0.0,0.034,-0.168,-0.0011,,2.725,,,,,,,
69.9,SCAN_HIGH,3.506,-1.0011,0.305,91.95,0.2,-0.47,-0.0,0.0414,-0.1672,0.0022,,2.729,,,,,,,
69.976,SCAN_HIGH,3.5075,-1.0061,0.299,91.56,-0.01,-1.34,15.0,0.0411,-0.1521,-0.002,,2.729,,,,,,,
70.024,SCAN_HIGH,3.5099,-1.0115,0.299,91.21,-0.29,-2.07,15.0,0.0407,-0.1326,-0.0202,,2.71,,,,,,,
70.095,SCAN_HIGH,3.5123,-1.0139,0.303,91.14,-0.44,-2.4,15.0,0.0385,-0.1031,-0.0156,,2.71,,,,,,,
70.125,SCAN_HIGH,3.5161,-1.0142,0.303,91.46,-0.69,-2.85,15.0,0.0382,-0.07,-0.0007,,2.71,,,,,,,
70.139,SCAN_HIGH,3.5187,-1.0135,0.302,91.97,-0.69,-2.71,15.0,0.0339,-0.0372,-0.012,,2.71,,,,,,,
70.234,SCAN_HIGH,3.5219,-1.0091,0.302,92.65,-0.98,-2.29,15.0,0.0304,-0.0027,-0.0139,,2.72,0.799,,,,,,
70.242,SCAN_HIGH,3.5232,-1.0031,0.297,93.31,-1.09,-2.17,15.0,0.0209,0.0305,-0.0027,,2.72,0.799,,,,,,
70.29,SCAN_HIGH,3.5239,-0.9959,0.297,94.15,-1.08,-1.66,15.0,0.0101,0.0601,-0.0122,,2.72,1.347,,,,,,
70.335,SCAN_HIGH,3.5236,-0.9892,0.298,95.07,-1.03,-1.05,15.0,-0.0015,0.0797,-0.009,,2.72,1.347,,,,,,
70.44,SCAN_HIGH,3.5236,-0.982,0.298,95.9,-0.86,-0.44,15.0,-0.0096,0.0931,-0.0019,,2.742,1.476,,,,,,
70.457,SCAN_HIGH,3.5234,-0.9714,0.299,96.64,-0.84,0.23,15.0,-0.0161,0.1068,-0.0065,,2.742,1.476,,,,,,
70.476,SCAN_HIGH,3.5225,-0.9644,0.299,97.22,-0.97,0.9,15.0,-0.0232,0.1058,0.0011,,2.744,1.481,,,,,,
70.552,SCAN_HIGH,3.5216,-0.9574,0.299,97.85,-1.07,1.39,15.0,-0.0295,0.0995,0.0014,,2.744,1.481,,,,,,
70.6,SCAN_HIGH,3.5211,-0.9495,0.299,98.62,-1.24,1.84,15.0,-0.0346,0.0918,0.0045,,2.755,1.451,,,,,,
70.638,SCAN_HIGH,3.5185,-0.9443,0.298,99.38,-0.91,2.28,15.0,-0.0433,0.0761,0.0037,,2.755,1.451,,,,,,
70.726,SCAN_HIGH,3.5159,-0.939,0.298,100.18,-0.78,2.76,15.0,-0.0476,0.058,0.0033,,2.752,1.482,,,,,,
70.77,SCAN_HIGH,3.5127,-0.9352,0.299,100.81,-0.73,2.87,15.0,-0.0514,0.0368,0.0045,,2.752,1.482,,,,,,
70.829,SCAN_HIGH,3.5101,-0.9317,0.299,101.34,-0.66,2.84,15.0,-0.0525,0.0165,0.0034,,2.767,1.512,,,,,,
70.892,SCAN_HIGH,3.5077,-0.9305,0.3,101.74,-0.62,2.67,15.0,-0.0525,-0.0059,0.0081,,2.767,1.512,,,,,,
70.937,SCAN_HIGH,3.5026,-0.9305,0.3,102.26,-0.39,2.37,15.0,-0.0592,-0.0268,0.0071,,2.772,1.533,,,,,,
70.972,SCAN_HIGH,3.4997,-0.9317,0.3,102.9,-0.2,2.08,15.0,-0.0573,-0.0447,0.0031,,2.772,1.533,,,,,,
70.988,SCAN_HIGH,3.496,-0.9326,0.3,103.62,-0.13,1.85,15.0,-0.057,-0.0577,0.0025,,,1.55,,,,,,
71.058,SCAN_HIGH,3.4922,-0.9351,0.303,104.33,0.01,1.71,15.0,-0.0568,-0.0713,0.0027,,,1.55,,,,,,
71.101,SCAN_HIGH,3.49,-0.9368,0.303,105.1,0.23,1.74,15.0,-0.0509,-0.0794,0.0075,,2.805,1.552,,,,,,
71.162,SCAN_HIGH,3.4871,-0.9393,0.301,105.84,0.72,1.71,15.0,-0.045,-0.0884,0.0054,,2.805,1.552,,,,,,
71.215,SCAN_HIGH,3.4844,-0.9425,0.301,106.59,1.03,1.8,15.0,-0.0352,-0.097,-0.0021,,2.833,1.551,,,,,,
71.273,SCAN_HIGH,3.4833,-0.9468,0.302,107.32,0.92,1.44,15.0,-0.0224,-0.1061,-0.002,,2.833,1.551,,,,,,
71.337,SCAN_HIGH,3.4832,-0.9514,0.302,108.09,0.93,1.07,15.0,-0.0093,-0.1112,-0.0,,2.826,1.561,,,,,,
71.352,SCAN_HIGH,3.4842,-0.9573,0.303,108.91,1.08,0.76,15.0,0.0043,-0.1162,0.0007,,2.826,1.561,,,,,,
71.37,SCAN_HIGH,3.485,-0.9629,0.303,109.76,1.17,0.57,15.0,0.0159,-0.1175,0.0015,,2.827,1.58,,,,,,
71.439,SCAN_HIGH,3.4868,-0.9671,0.3,110.54,0.89,0.21,15.0,0.028,-0.1127,-0.0027,,2.827,1.58,,,,,,
71.543,SCAN_HIGH,3.4891,-0.9713,0.3,111.37,0.8,0.17,15.0,0.037,-0.107,-0.005,,2.861,1.594,,,,,,
71.549,SCAN_HIGH,3.492,-0.9749,0.299,112.2,0.81,0.34,15.0,0.0465,-0.1018,-0.0012,,2.861,1.594,,,,,,
71.61,SCAN_HIGH,3.4947,-0.9789,0.299,112.98,0.78,-0.17,15.0,0.0539,-0.097,-0.0036,,2.856,1.601,,,,,,
71.686,SCAN_HIGH,3.4971,-0.9808,0.303,113.79,0.61,-0.44,15.0,0.0575,-0.0842,-0.0043,,2.856,1.601,,,,,,
71.761,SCAN_HIGH,3.5001,-0.9839,0.303,114.61,0.27,-0.53,15.0,0.0601,-0.0765,0.0035,,2.884,1.626,,,,,,
71.81,SCAN_HIGH,3.5042,-0.9849,0.301,115.56,-0.15,-0.92,15.0,0.0609,-0.0637,-0.0009,,2.884,1.626,,,,,,
71.818,SCAN_HIGH,3.5081,-0.9861,0.301,116.54,-0.39,-0.92,15.0,0.0579,-0.0529,-0.0103,0.472,2.915,1.651,,,,,,
71.839,SCAN_HIGH,3.5103,-0.9858,0.299,117.56,-0.67,-0.88,15.0,0.0493,-0.0406,-0.0084,0.472,2.915,1.651,,,,,,
71.922,SCAN_HIGH,3.5113,-0.9853,0.299,118.57,-0.66,-0.81,15.0,0.038,-0.031,-0.0094,0.447,2.946,1.667,,,,,,
71.939,SCAN_HIGH,3.5117,-0.9842,0.303,119.72,-0.8,-0.74,15.0,0.0265,-0.0214,-0.004,0.447,2.946,1.667,,,,,,
72.002,SCAN_HIGH,3.5093,-0.9801,0.303,120.85,-0.78,-0.48,15.0,0.0095,-0.0082,0.0103,0.421,2.977,1.683,,,,,,
72.039,SCAN_HIGH,3.5075,-0.9755,0.3,121.83,-0.43,-0.26,15.0,-0.0015,0.0035,0.0051,0.421,2.977,1.683,,,,,,
72.119,SCAN_HIGH,3.5036,-0.9717,0.3,122.65,-0.64,-0.07,15.0,-0.0141,0.0112,-0.0019,0.393,,1.708,,,,,,
72.141,SCAN_HIGH,3.5003,-0.9668,0.304,123.34,-0.45,0.3,15.0,-0.0233,0.0176,-0.0013,0.393,,1.708,,,,,,
72.169,SCAN_HIGH,3.4955,-0.9626,0.304,123.9,-0.41,0.73,15.0,-0.0323,0.0201,0.0101,0.376,,1.7,,,,,,
72.239,SCAN_HIGH,3.4915,-0.961,0.302,124.35,-0.19,1.26,15.0,-0.0353,0.0141,0.0036,0.376,,1.7,,,,,,
72.315,SCAN_HIGH,3.4885,-0.9599,0.302,124.7,0.08,1.65,15.0,-0.0318,0.0053,-0.005,0.366,,1.705,,,,,,
72.352,SCAN_HIGH,3.4858,-0.9584,0.298,125.04,0.04,1.76,15.0,-0.026,-0.003,-0.0028,0.366,,1.705,,,,,,
72.397,SCAN_HIGH,3.4841,-0.9574,0.298,125.33,0.12,1.84,15.0,-0.0178,-0.0123,-0.0124,0.354,,1.711,,,,,,
72.459,SCAN_HIGH,3.4826,-0.9574,0.299,125.65,0.15,1.74,15.0,-0.0098,-0.0223,-0.0069,0.354,,1.711,,,,,,
72.534,SCAN_HIGH,3.4808,-0.9593,0.299,126.11,0.03,1.65,15.0,-0.0037,-0.0351,-0.0013,0.346,,,,,,,,
72.612,SCAN_HIGH,3.4811,-0.9617,0.301,126.8,-0.23,1.47,15.0,0.0045,-0.047,-0.0006,0.346,,,,,,,,
72.652,SCAN_HIGH,3.4821,-0.9633,0.301,127.6,-0.21,1.04,15.0,0.0108,-0.0547,0.0045,0.325,,,,,,,,
72.689,SCAN_HIGH,3.4798,-0.965,0.299,128.61,-0.1,0.91,15.0,0.0084,-0.0596,0.0009,0.325,,,,,,,,
72.741,SCAN_HIGH,3.4765,-0.9702,0.299,129.73,-0.11,0.78,15.0,0.0042,-0.0707,-0.0058,0.317,,,,,,,,
72.776,SCAN_HIGH,3.4744,-0.9732,0.301,130.81,0.22,0.63,15.0,0.0028,-0.0741,-0.0073,0.317,,,,,,,,
72.823,SCAN_HIGH,3.4724,-0.9775,0.301,131.87,0.3,0.74,15.0,0.0037,-0.0782,-0.0022,0.296,,,,,,,,
72.868,SCAN_HIGH,3.4712,-0.9804,0.303,132.86,0.34,0.56,15.0,0.006,-0.0782,-0.0036,0.296,,,,,,,,
72.923,SCAN_HIGH,3.471,-0.984,0.303,133.85,0.55,0.69,15.0,0.0107,-0.0789,0.0033,0.277,,,,,,,,
72.933,SCAN_HIGH,3.4671,-0.9853,0.3,134.86,0.85,0.52,15.0,0.0086,-0.0729,-0.0006,0.277,,,,,,,,
72.997,SCAN_HIGH,3.4661,-0.9886,0.3,135.91,1.04,0.74,15.0,0.0147,-0.0702,-0.0075,0.272,,,,,,,,
73.043,SCAN_HIGH,3.4645,-0.9918,0.298,136.91,1.24,0.62,15.0,0.02,-0.0669,-0.0068,0.272,,,,,,,,
73.069,SCAN_HIGH,3.4653,-0.9943,0.298,137.85,1.44,0.46,15.0,0.0308,-0.0604,-0.0066,0.256,,,,,,,,
73.154,SCAN_HIGH,3.4668,-0.9957,0.298,138.65,1.4,0.1,15.0,0.04,-0.0488,-0.0028,0.256,,,,,,,,
73.228,SCAN_HIGH,3.4706,-0.9954,0.298,139.41,1.22,0.32,15.0,0.052,-0.0357,-0.0058,0.254,,,,,,,,
73.272,SCAN_HIGH,3.4724,-0.9935,0.298,140.28,1.16,0.5,15.0,0.0593,-0.022,-0.0071,0.254,,,,,,,,
73.279,SCAN_HIGH,3.4751,-0.9857,0.298,141.17,1.01,0.2,15.0,0.0672,0.0035,-0.0043,0.248,,,,,,,,
73.406,SCAN_HIGH,3.4801,-0.9785,0.299,142.23,0.58,0.07,15.0,0.0764,0.0241,-0.0042,0.248,,,,,,,,
73.478,SCAN_HIGH,3.4809,-0.9751,0.299,143.44,0.15,-0.09,15.0,0.0722,0.0321,0.0068,0.242,,,,,,,,
73.553,SCAN_HIGH,3.483,-0.9724,0.299,144.58,-0.33,-0.2,15.0,0.0683,0.0352,0.0079,0.242,,,,,,,,
73.57,SCAN_HIGH,3.4821,-0.9683,0.299,145.59,-0.71,-0.21,15.0,0.056,0.0383,0.0109,0.238,,1.394,,,,,,
73.6,SCAN_HIGH,3.4825,-0.9659,0.3,146.55,-1.01,-0.07,15.0,0.0464,0.035,0.0128,0.238,,1.394,,,,,,
73.648,SCAN_HIGH,3.4815,-0.9623,0.3,147.37,-1.47,-0.01,15.0,0.0339,0.0306,0.0171,0.234,,1.397,,,,,,
73.656,SCAN_HIGH,3.4814,-0.9608,0.303,148.2,-1.48,0.24,15.0,0.024,0.02,0.0157,0.234,,1.397,,,,,,
73.708,SCAN_HIGH,3.4791,-0.9583,0.303,148.96,-1.53,0.33,15.0,0.0122,0.011,0.0174,0.233,,1.397,,,,,,
73.76,SCAN_HIGH,3.4761,-0.9593,0.3,149.77,-1.24,0.39,15.0,0.0012,-0.0033,0.0131,0.233,,1.397,,,,,,
73.776,SCAN_HIGH,3.4712,-0.9605,0.3,150.61,-1.0,0.57,15.0,-0.0106,-0.0158,0.0,0.216,,1.398,,,,,,
73.85,SCAN_HIGH,3.465,-0.9618,0.304,151.36,-0.85,0.69,15.0,-0.0225,-0.0266,0.0005,0.216,,1.398,,,,,,
73.887,SCAN_HIGH,3.4614,-0.9644,0.304,152.03,-0.33,1.27,15.0,-0.024,-0.038,0.0074,0.204,,1.399,,,,,,
73.969,SCAN_HIGH,3.4551,-0.9646,0.306,152.7,-0.07,1.48,15.0,-0.0264,-0.0421,-0.0001,0.204,,1.399,,,,,,
73.975,SCAN_HIGH,3.4521,-0.9668,0.306,153.22,-0.03,1.52,15.0,-0.0198,-0.0483,0.0053,0.191,,1.396,,,,,,
74.085,SCAN_HIGH,3.4462,-0.9705,0.304,153.71,0.41,1.72,15.0,-0.0193,-0.0571,-0.0013,0.191,,1.396,,,,,,
74.091,SCAN_HIGH,3.442,-0.9748,0.304,154.15,0.57,1.79,15.0,-0.0125,-0.0638,-0.005,0.18,,1.39,,,,,,
74.16,SCAN_HIGH,3.4394,-0.9786,0.301,154.56,0.91,1.77,15.0,-0.0017,-0.067,-0.0041,0.18,,1.39,,,,,,
74.207,SCAN_HIGH,3.4383,-0.9811,0.301,154.99,1.33,1.78,15.0,0.0124,-0.0633,-0.0124,0.174,,1.396,,,,,,
74.278,SCAN_HIGH,3.4358,-0.984,0.301,155.53,1.46,1.82,15.0,0.0232,-0.059,-0.0075,0.174,,1.396,,,,,,
74.371,SCAN_HIGH,3.4355,-0.9869,0.301,156.15,1.35,1.77,15.0,0.0376,-0.0542,-0.0082,0.168,,1.407,,,,,,
74.396,SCAN_HIGH,3.4364,-0.9897,0.299,156.72,1.39,1.71,15.0,0.0529,-0.0504,-0.0051,0.168,,1.407,,,,,,
74.425,SCAN_HIGH,3.4391,-0.9914,0.299,157.18,1.32,1.22,15.0,0.0689,-0.0425,-0.0044,0.166,,1.44,,,,,,
74.472,SCAN_HIGH,3.4423,-0.9918,0.304,157.61,1.18,0.95,15.0,0.0807,-0.0316,-0.0014,0.166,,1.44,,,,,,
74.48,SCAN_HIGH,3.4445,-0.9913,0.304,158.17,1.01,0.62,15.0,0.0862,-0.0196,0.0155,0.17,,1.481,,,,,,
74.546,SCAN_HIGH,3.4474,-0.9914,0.303,158.67,0.84,0.33,15.0,0.0893,-0.0112,0.0122,0.17,,1.481,,,,,,
74.584,SCAN_HIGH,3.4502,-0.9899,0.303,159.14,0.76,0.28,15.0,0.0899,-0.0002,0.0074,0.174,,1.528,,,,,,
74.657,SCAN_HIGH,3.4531,-0.9886,0.304,159.62,0.53,0.05,15.0,0.0899,0.0082,0.0091,0.174,,1.528,,,,,,
74.695,SCAN_HIGH,3.4552,-0.9866,0.304,160.07,0.23,0.01,15.0,0.0856,0.0159,0.0075,0.176,,1.595,,,,,,
74.719,SCAN_HIGH,3.4565,-0.9854,0.307,160.58,-0.02,-0.01,15.0,0.079,0.0183,0.0047,0.176,,1.595,,,,,,
74.792,SCAN_HIGH,3.4573,-0.9831,0.307,161.25,-0.2,-0.15,15.0,0.0709,0.0218,0.0098,0.174,,1.654,,,,,,
74.862,SCAN_HIGH,3.4604,-0.9812,0.307,162.09,-0.18,-0.26,15.0,0.0677,0.0228,0.0096,0.174,,1.654,,,,,,
74.909,SCAN_HIGH,3.4618,-0.9789,0.307,163.1,-0.25,0.04,15.0,0.0617,0.0245,0.0036,0.18,,1.804,,,,,,
74.936,SCAN_HIGH,3.4616,-0.9761,0.304,164.19,-0.38,0.07,15.0,0.0538,0.0257,0.0024,0.18,,1.804,,,,,,
75.016,SCAN_HIGH,3.4608,-0.9754,0.304,165.17,-0.37,0.22,15.0,0.0451,0.0215,-0.006,0.183,,,,,,,,
75.033,SCAN_HIGH,3.4579,-0.9741,0.303,166.0,-0.36,0.68,15.0,0.0356,0.0182,-0.0029,0.183,,,,,,,,
75.16,SCAN_HIGH,3.4564,-0.9728,0.303,166.75,-0.25,0.8,15.0,0.0335,0.0153,-0.0109,0.181,,2.245,,,,,,
75.213,SCAN_HIGH,3.4556,-0.9722,0.304,167.42,-0.22,0.88,15.0,0.0335,0.0118,-0.0094,0.181,,2.245,,,,,,
75.268,SCAN_HIGH,3.4575,-0.9717,0.304,167.98,-0.26,0.99,15.0,0.0412,0.0078,-0.0045,0.187,,,,,,,,
75.322,SCAN_HIGH,3.4579,-0.9731,0.305,168.46,-0.17,0.87,15.0,0.0445,0.0005,-0.0069,0.187,,,,,,,,
75.388,SCAN_HIGH,3.4584,-0.9751,0.305,168.95,-0.21,0.75,15.0,0.0467,-0.0071,-0.0012,0.197,,,,,,,,
75.403,SCAN_HIGH,3.4599,-0.9748,0.3,169.48,-0.11,0.81,15.0,0.0507,-0.0081,-0.0022,0.197,,,,,,,,
75.473,SCAN_HIGH,3.4615,-0.9757,0.3,170.08,-0.03,0.79,15.0,0.055,-0.0109,-0.0157,0.2,,,,,,,,
75.508,SCAN_HIGH,3.4601,-0.984,0.301,170.73,-0.05,0.73,15.0,0.0521,-0.0294,-0.009,0.2,,,,,,,,
75.524,SCAN_HIGH,3.4628,-0.9857,0.301,171.34,-0.24,0.8,15.0,0.0579,-0.0318,-0.0034,0.213,,2.628,,,,,,
75.569,SCAN_HIGH,3.4629,-0.9883,0.3,171.98,-0.02,0.49,15.0,0.0573,-0.0362,-0.0029,0.213,,2.628,,,,,,
75.624,SCAN_HIGH,3.4629,-0.9883,0.3,172.71,0.35,0.45,15.0,0.0552,-0.0321,-0.0027,0.237,,2.649,,,,,,
75.638,SCAN_HIGH,3.4618,-0.9913,0.299,173.46,0.57,0.37,15.0,0.0507,-0.0319,0.0003,0.237,,2.649,,,,,,
75.715,SCAN_HIGH,3.4629,-0.9938,0.299,174.25,0.52,0.38,15.0,0.0508,-0.0298,0.0,0.276,,2.69,,,,,,
75.741,SCAN_HIGH,3.4648,-0.9947,0.299,175.1,0.61,0.49,15.0,0.0532,-0.0245,-0.0012,0.276,,2.69,,,,,,
75.807,SCAN_HIGH,3.4659,-0.9965,0.299,176.0,0.87,0.44,15.0,0.0544,-0.0202,0.0035,0.294,,2.698,,,,,,
75.841,SCAN_HIGH,3.4699,-0.9967,0.302,176.91,0.93,0.28,15.0,0.0603,-0.0111,0.0027,0.294,,2.698,,,,,,
75.909,SCAN_HIGH,3.4697,-0.9968,0.302,177.79,0.85,0.41,15.0,0.0566,-0.003,0.0079,0.33,,2.723,,,,,,
75.952,SCAN_HIGH,3.4654,-0.9911,0.302,178.65,0.91,0.27,15.0,0.045,0.0164,0.0057,0.33,,2.723,,,,,,
76.0,SCAN_HIGH,3.4639,-0.9875,0.302,179.52,0.7,0.27,15.0,0.0391,0.029,0.0037,0.369,,2.736,,,,,,
76.045,SCAN_HIGH,3.4583,-0.9792,0.307,-179.65,0.43,0.34,15.0,0.0255,0.0482,0.0022,0.369,,2.736,,,,,,
76.106,SCAN_HIGH,3.4564,-0.9766,0.307,-178.89,0.18,0.55,15.0,0.0225,0.0517,0.011,0.431,,2.743,,,,,,
76.127,SCAN_HIGH,3.4569,-0.9714,0.304,-178.31,-0.16,0.76,15.0,0.0259,0.0575,0.0074,0.431,,2.743,,,,,,
76.213,SCAN_HIGH,3.4564,-0.9708,0.304,-177.75,-0.52,0.88,15.0,0.0286,0.0506,-0.0018,0.512,,2.751,,,,,,
76.245,SCAN_HIGH,3.4556,-0.969,0.301,-177.15,-0.71,0.95,15.0,0.0316,0.0447,-0.0044,0.512,,2.751,,,,,,
76.291,SCAN_HIGH,3.4561,-0.9668,0.301,-176.46,-0.99,1.12,15.0,0.0377,0.0386,-0.0109,0.723,,2.742,,,,,,
76.327,SCAN_HIGH,3.4567,-0.9652,0.303,-175.7,-1.29,0.96,15.0,0.0439,0.0293,-0.0068,0.723,,2.742,,,,,,
76.418,SCAN_HIGH,3.4591,-0.9652,0.303,-174.9,-1.21,0.65,15.0,0.0521,0.016,-0.0008,1.448,,2.74,,,,,,
76.469,SCAN_HIGH,3.4626,-0.9672,0.303,-173.97,-1.13,0.68,15.0,0.06,0.0013,-0.004,1.448,,2.74,,,,,,
76.508,SCAN_HIGH,3.4634,-0.9702,0.303,-173.05,-0.96,0.71,15.0,0.0615,-0.0144,0.0006,1.507,,2.746,,,,,,
76.536,SCAN_HIGH,3.4635,-0.9736,0.3,-172.22,-0.61,0.52,15.0,0.0608,-0.0268,-0.0053,1.507,,2.746,,,,,,
76.59,SCAN_HIGH,3.4644,-0.9767,0.3,-171.46,-0.28,0.59,15.0,0.0607,-0.0345,-0.011,1.519,,2.745,,,,,,
76.672,SCAN_HIGH,3.4669,-0.9815,0.302,-170.73,-0.11,0.64,15.0,0.0646,-0.0422,-0.0072,1.519,,2.745,,,,,,
76.697,SCAN_HIGH,3.4683,-0.9848,0.302,-170.05,-0.15,0.64,15.0,0.0659,-0.0456,-0.0056,1.531,,2.747,,,,,,
76.723,SCAN_HIGH,3.4693,-0.9876,0.298,-169.36,0.25,0.53,15.0,0.0653,-0.0464,-0.0079,1.531,,2.747,,,,,,
76.803,SCAN_HIGH,3.4702,-0.9909,0.298,-168.53,0.41,0.64,15.0,0.0639,-0.0456,-0.0151,1.537,,2.749,,,,,,
76.863,SCAN_HIGH,3.4727,-0.9938,0.296,-167.67,0.53,0.64,15.0,0.0665,-0.0426,-0.0181,1.537,,2.749,,,,,,
76.904,SCAN_HIGH,3.4746,-0.997,0.296,-166.73,0.69,0.73,15.0,0.067,-0.0392,-0.0186,1.549,,2.749,,,,,,
76.939,SCAN_HIGH,3.478,-1.0015,0.296,-165.7,0.93,0.83,15.0,0.0719,-0.0374,-0.0174,1.549,,2.749,,,,,,
77.017,SCAN_HIGH,3.4808,-1.0045,0.296,-164.73,1.29,0.81,15.0,0.0742,-0.0296,-0.0112,1.558,,2.76,,,,,,
77.068,SCAN_HIGH,3.4829,-1.0052,0.298,-163.84,1.51,0.92,15.0,0.074,-0.0153,-0.0056,1.558,,2.76,,,,,,
77.176,SCAN_HIGH,3.4873,-1.0057,0.298,-163.02,1.7,0.94,15.0,0.0794,0.0001,0.0045,1.577,,2.786,,,,,,
77.245,SCAN_HIGH,3.4896,-1.0033,0.298,-162.24,1.69,0.77,15.0,0.078,0.0215,0.0055,1.577,,2.786,,,,,,
77.299,SCAN_HIGH,3.4913,-1.0009,0.298,-161.44,1.36,0.5,15.0,0.0745,0.0387,0.0053,1.591,,2.791,,,,,,
77.314,SCAN_HIGH,3.4913,-0.9958,0.3,-160.57,1.17,0.15,15.0,0.0652,0.058,0.0058,1.591,,2.791,,,,,,
77.405,SCAN_HIGH,3.49,-0.9927,0.3,-159.73,0.7,-0.09,15.0,0.0522,0.0673,0.0072,1.6,,2.81,,,,,,
77.431,SCAN_HIGH,3.4901,-0.9884,0.296,-158.86,0.31,-0.2,15.0,0.0438,0.0739,0.0086,1.6,,2.81,,,,,,
77.479,SCAN_HIGH,3.489,-0.9823,0.296,-158.02,0.04,-0.38,15.0,0.0339,0.0808,-0.0026,1.621,,2.848,,,,,,
77.535,SCAN_HIGH,3.4874,-0.9761,0.298,-157.23,-0.26,-0.61,15.0,0.0224,0.0842,-0.0009,1.621,,2.848,,,,,,
77.548,SCAN_HIGH,3.4862,-0.9722,0.298,-156.43,-0.86,-0.39,15.0,0.0147,0.0784,0.0035,1.638,,2.853,,,,,,
77.617,SCAN_HIGH,3.4844,-0.9661,0.296,-155.65,-1.23,-0.29,15.0,0.0091,0.0743,0.0008,1.638,,2.853,,,,,,
77.649,SCAN_HIGH,3.4825,-0.9612,0.296,-154.98,-1.3,-0.38,15.0,0.0052,0.0665,-0.0047,1.653,,2.887,,,,,,
77.661,SCAN_HIGH,3.4796,-0.9581,0.296,-154.21,-1.49,-0.11,15.0,-0.0003,0.0545,-0.0045,1.653,,2.887,,,,,,
77.672,SCAN_HIGH,3.4778,-0.955,0.296,-153.41,-1.43,0.2,15.0,0.0007,0.044,-0.0037,1.663,,2.903,,,,,,
77.751,SCAN_HIGH,3.4755,-0.9535,0.298,-152.51,-1.33,0.17,15.0,0.0014,0.0322,-0.0023,1.663,,2.903,,,,,,
77.821,SCAN_HIGH,3.4746,-0.9524,0.298,-151.5,-1.2,-0.02,15.0,0.0045,0.0222,0.0082,1.674,,,,,,,,
77.866,SCAN_HIGH,3.4721,-0.9495,0.298,-150.47,-1.27,-0.09,15.0,0.0017,0.0164,0.0047,1.674,,,0.439,,,,,
77.876,SCAN_HIGH,3.4697,-0.9487,0.298,-149.45,-1.39,-0.1,15.0,0.0,0.0053,0.005,1.679,,2.996,0.439,,,,,
77.952,SCAN_HIGH,3.4679,-0.9506,0.301,-148.36,-1.67,0.07,15.0,0.0013,-0.0115,0.0097,1.679,,2.996,0.408,,,,,
78.056,SCAN_HIGH,3.4662,-0.9527,0.301,-147.35,-1.56,0.31,15.0,0.005,-0.0269,0.0157,1.685,,,0.408,,,,,
78.164,SCAN_HIGH,3.4644,-0.9543,0.301,-146.46,-1.43,0.55,15.0,0.0086,-0.0372,0.0101,1.685,,,0.383,,,,,
78.189,SCAN_HIGH,3.4621,-0.9569,0.301,-145.66,-1.4,0.87,15.0,0.0125,-0.0472,0.0039,1.726,,,0.383,,,,,
78.225,SCAN_HIGH,3.4619,-0.9601,0.299,-144.97,-1.42,1.29,15.0,0.0234,-0.0544,0.005,1.726,,,0.363,,,,,
78.294,SCAN_HIGH,3.4611,-0.9628,0.299,-144.3,-1.4,1.28,15.0,0.0337,-0.059,-0.0021,,,,0.363,,,,,
78.325,SCAN_HIGH,3.4631,-0.9661,0.301,-143.67,-1.09,1.21,15.0,0.0485,-0.0627,-0.0037,,,,0.353,,,,,
78.379,SCAN_HIGH,3.4646,-0.9684,0.301,-143.05,-0.69,1.07,15.0,0.0581,-0.0617,0.0035,1.744,,,0.353,,,,,
78.44,SCAN_HIGH,3.4666,-0.9719,0.302,-142.46,-0.27,1.06,15.0,0.0651,-0.0613,0.002,1.744,,,0.348,,,,,
78.495,SCAN_HIGH,3.4688,-0.9747,0.302,-141.9,0.08,0.98,15.0,0.0696,-0.0572,0.0023,,,,0.348,,,,,
78.511,SCAN_HIGH,3.4719,-0.9768,0.302,-141.31,0.38,0.81,15.0,0.0733,-0.049,0.0045,,,,0.346,,,,,
78.587,SCAN_HIGH,3.4748,-0.9799,0.302,-140.75,0.41,0.82,15.0,0.0746,-0.0444,0.0057,,,,0.346,,,,,
78.624,SCAN_HIGH,3.4795,-0.9831,0.302,-140.16,0.75,0.85,15.0,0.0791,-0.0394,0.0095,,,,0.339,,,,,
78.637,SCAN_HIGH,3.4816,-0.9842,0.302,-139.52,0.87,0.98,15.0,0.0755,-0.0275,0.0073,,,,0.339,,,,,
78.646,SCAN_HIGH,3.4848,-0.9854,0.299,-138.86,1.03,0.91,15.0,0.0754,-0.0166,0.0052,,,,0.335,,,,,
78.696,SCAN_HIGH,3.4875,-0.9858,0.299,-138.11,1.23,0.69,15.0,0.0718,-0.0042,0.0011,,,,0.335,,,,,
78.738,SCAN_HIGH,3.49,-0.9865,0.305,-137.28,1.27,0.62,15.0,0.0664,0.0058,0.0011,,,,0.336,,,,,
78.832,SCAN_HIGH,3.4893,-0.9819,0.305,-136.49,1.27,0.59,15.0,0.0534,0.0279,0.0152,,,,0.336,,,,,
78.857,SCAN_HIGH,3.4921,-0.9822,0.305,-135.74,0.69,0.3,15.0,0.0506,0.0332,0.0094,,,,0.323,,,,,
78.932,SCAN_HIGH,3.4919,-0.9784,0.305,-135.02,0.43,-0.0,15.0,0.0422,0.0425,0.0081,,,,0.323,,,,,
78.974,SCAN_HIGH,3.4904,-0.978,0.304,-134.29,0.25,-0.21,15.0,0.0315,0.0413,0.0053,,,,0.312,,,,,
79.038,SCAN_HIGH,3.4884,-0.9754,0.304,-133.55,-0.1,-0.39,15.0,0.0215,0.042,-0.0037,,,,0.312,,,,,
79.054,SCAN_HIGH,3.4862,-0.9717,0.304,-132.88,-0.23,-0.52,15.0,0.0125,0.0423,-0.0013,,,,0.3,,,,,
79.084,SCAN_HIGH,3.4843,-0.9695,0.304,-132.25,-0.54,-0.57,15.0,0.006,0.0376,-0.0037,,,,0.3,,,,,
79.146,SCAN_HIGH,3.4822,-0.9664,0.305,-131.56,-0.85,-0.66,15.0,0.0012,0.0332,-0.0064,,,,0.291,,,,,
79.194,SCAN_HIGH,3.4794,-0.9633,0.305,-130.8,-1.09,-0.69,15.0,-0.003,0.0268,-0.0016,,,,0.291,,,,,
79.255,SCAN_HIGH,3.4765,-0.9631,0.305,-129.97,-1.31,-0.72,15.0,-0.0056,0.0139,-0.0066,,,,0.278,,,,,
79.308,SCAN_HIGH,3.4737,-0.9655,0.305,-129.06,-1.44,-0.44,15.0,-0.0057,-0.0037,-0.006,,,,0.278,,,,,
79.366,SCAN_HIGH,3.472,-0.968,0.304,-128.12,-1.36,-0.45,15.0,-0.0022,-0.0188,-0.0102,,,,0.267,,,,,
79.382,SCAN_HIGH,3.4692,-0.9706,0.304,-127.11,-1.42,-0.17,15.0,-0.0012,-0.0321,-0.0149,1.389,,,0.267,,,,,
79.445,SCAN_HIGH,3.4693,-0.9755,0.303,-126.09,-1.44,-0.01,15.0,0.0081,-0.0468,-0.0102,1.389,,,0.252,,,,,
79.491,SCAN_HIGH,3.4679,-0.9787,0.303,-125.03,-1.29,0.23,15.0,0.0135,-0.0553,-0.0125,1.381,,,0.252,,,,,
79.588,SCAN_HIGH,3.4686,-0.9838,0.301,-123.9,-1.13,0.71,15.0,0.0239,-0.0633,-0.0065,1.381,,,0.247,,,,,
79.604,SCAN_HIGH,3.469,-0.9904,0.301,-122.82,-1.04,0.81,15.0,0.0325,-0.0711,-0.0142,1.375,,,0.247,,,,,
79.688,SCAN_HIGH,3.4711,-0.9955,0.297,-121.69,-0.75,1.08,15.0,0.0437,-0.0726,-0.0131,1.375,,,0.244,,,,,
79.742,SCAN_HIGH,3.4733,-1.0003,0.297,-120.54,-0.59,1.24,15.0,0.054,-0.0702,-0.0106,1.386,,,0.244,,,,,
79.863,SCAN_HIGH,3.4744,-1.0051,0.295,-119.53,-0.11,1.18,15.0,0.0575,-0.0668,-0.0074,1.386,,,0.236,,,,,
79.891,SCAN_HIGH,3.4767,-1.0097,0.295,-118.56,0.19,1.46,15.0,0.0611,-0.0608,-0.0131,1.396,,,0.236,,,,,
79.903,SCAN_HIGH,3.4803,-1.0151,0.296,-117.69,0.31,1.52,15.0,0.0659,-0.0548,-0.0115,1.396,,,0.236,,,,,
79.999,SCAN_HIGH,3.4842,-1.02,0.296,-116.73,0.46,1.61,15.0,0.0706,-0.0476,-0.0044,1.421,,,0.236,,,,,
80.023,SCAN_HIGH,3.4876,-1.0229,0.299,-115.74,0.6,1.81,15.0,0.0718,-0.0349,-0.0019,1.421,,,0.233,,,,,
80.091,SCAN_HIGH,3.4889,-1.0249,0.299,-114.76,1.0,2.04,15.0,0.0678,-0.0177,0.0128,1.479,,,0.233,,,,,
80.114,SCAN_HIGH,3.491,-1.0263,0.3,-113.84,1.21,2.07,15.0,0.0634,-0.0003,0.0069,1.479,,,0.235,,,,,
80.139,SCAN_HIGH,3.4916,-1.0288,0.3,-113.06,1.0,1.96,15.0,0.0559,0.0139,0.0069,1.575,,,0.235,,,,,
80.213,SCAN_HIGH,3.4938,-1.025,0.3,-112.42,0.92,1.61,15.0,0.0528,0.0379,0.0083,1.575,,,0.239,,,,,
80.223,SCAN_HIGH,3.4924,-1.0242,0.3,-111.95,0.83,1.49,15.0,0.0417,0.0521,0.0035,1.647,,,0.239,,,,,
80.228,SCAN_HIGH,3.4928,-1.0213,0.303,-111.44,0.63,1.11,15.0,0.0363,0.0658,-0.0033,1.647,,,0.245,,,,,
80.309,SCAN_HIGH,3.4947,-1.0186,0.303,-110.9,0.26,0.87,15.0,0.0356,0.0733,0.0021,1.74,,,0.245,,,,,
80.317,SCAN_HIGH,3.4947,-1.0172,0.302,-110.36,-0.01,0.57,15.0,0.0328,0.0751,-0.0062,1.74,,,0.239,,,,,
80.428,SCAN_HIGH,3.4952,-1.0132,0.302,-109.81,0.01,0.35,15.0,0.0312,0.0797,-0.0098,1.826,,,0.239,,,,,
80.461,SCAN_HIGH,3.4946,-1.012,0.303,-109.26,0.06,0.11,15.0,0.027,0.0765,-0.0081,1.826,,,0.237,,,,,
80.486,SCAN_HIGH,3.4954,-1.0078,0.303,-108.71,0.05,-0.21,15.0,0.0251,0.0772,-0.0068,,,,0.237,,,,,
80.561,SCAN_HIGH,3.4965,-1.0041,0.299,-108.29,0.19,-0.32,15.0,0.0234,0.0746,-0.0067,,,,0.239,,,,,
80.583,SCAN_HIGH,3.4971,-1.0009,0.299,-108.02,0.29,-0.43,15.0,0.0192,0.0716,-0.0167,2.078,,,0.239,,,,,
80.636,SCAN_HIGH,3.4979,-0.999,0.298,-107.93,0.4,-0.53,15.0,0.0153,0.065,-0.0127,2.078,,,0.238,,,,,
80.68,SCAN_HIGH,3.4973,-0.9999,0.298,-107.82,0.6,-0.28,15.0,0.007,0.0536,-0.0072,2.042,,,0.238,,,,,
80.741,SCAN_HIGH,3.4966,-0.9987,0.297,-107.82,0.82,-0.21,15.0,-0.0009,0.0508,-0.0053,2.042,,,0.239,,,,,
80.804,SCAN_HIGH,3.4946,-0.999,0.297,-107.87,0.59,-0.62,15.0,-0.0124,0.0433,-0.0111,,,,0.239,,,,,
80.86,SCAN_HIGH,3.4913,-0.9999,0.295,-107.82,0.37,-0.44,15.0,-0.0235,0.0341,-0.004,,,,0.235,,,,,
80.878,SCAN_HIGH,3.4867,-1.0002,0.295,-107.87,0.02,-0.08,15.0,-0.0336,0.0277,-0.0009,1.968,,,0.235,,,,,
80.959,SCAN_HIGH,3.484,-1.0027,0.291,-107.81,-0.03,0.04,15.0,-0.0354,0.0198,0.0022,1.968,,,0.231,,,,,
80.993,SCAN_HIGH,3.4801,-1.0048,0.291,-107.6,-0.14,0.4,15.0,-0.0392,0.0143,-0.0052,2.039,,,0.231,,,,,
81.084,SCAN_HIGH,3.4769,-1.0076,0.295,-107.21,-0.25,0.72,15.0,-0.039,0.0106,0.014,2.039,,,0.23,,,,,
81.089,SCAN_HIGH,3.4738,-1.008,0.295,-106.63,-0.46,0.65,15.0,-0.0373,0.0134,0.0189,,,,0.23,,,,,
81.144,SCAN_HIGH,3.4699,-1.0076,0.295,-105.71,-0.49,0.6,15.0,-0.0368,0.0163,0.021,,,,0.231,,,,,
81.195,SCAN_HIGH,3.4675,-1.0073,0.295,-104.64,-0.68,0.65,15.0,-0.0327,0.0186,0.0162,2.282,,,0.231,,,,,
81.253,SCAN_HIGH,3.4646,-1.0081,0.298,-103.61,-1.06,0.75,15.0,-0.0277,0.0181,0.0138,2.282,,,0.248,,,,,
81.349,SCAN_HIGH,3.4626,-1.0083,0.298,-102.6,-1.13,0.65,15.0,-0.0191,0.0189,0.018,2.481,,,0.248,,,,,
81.396,SCAN_HIGH,3.4619,-1.0073,0.299,-101.64,-1.23,0.76,15.0,-0.0084,0.0228,0.0165,2.481,,,0.261,,,,,
81.441,SCAN_HIGH,3.4629,-1.0074,0.299,-100.74,-1.24,0.89,15.0,0.0058,0.0243,0.0126,2.581,,,0.261,,,,,
81.457,SCAN_HIGH,3.46,-1.006,0.299,-99.88,-0.99,0.86,15.0,0.0094,0.0296,0.0139,2.581,,,0.281,,,,,
81.509,SCAN_HIGH,3.4628,-1.0055,0.299,-98.97,-0.97,0.88,15.0,0.0231,0.0327,0.0091,2.618,,,0.281,,,,,
81.556,SCAN_HIGH,3.4665,-1.0081,0.304,-98.13,-1.16,0.8,15.0,0.0382,0.0277,0.0051,2.618,,,0.309,,,,,
81.571,SCAN_HIGH,3.4716,-1.0073,0.304,-97.28,-1.12,0.62,15.0,0.0555,0.0303,0.0128,2.669,,,0.309,,,,,
81.642,SCAN_HIGH,3.476,-1.0085,0.307,-96.37,-0.83,0.61,15.0,0.0676,0.0272,0.0061,2.669,,,0.334,,,,,
81.687,SCAN_HIGH,3.4813,-1.0089,0.307,-95.43,-0.6,0.42,15.0,0.078,0.0262,0.0087,2.696,,,0.334,,,,,
81.724,SCAN_HIGH,3.4871,-1.0097,0.308,-94.51,-0.44,0.22,15.0,0.0865,0.0228,-0.0006,2.696,,,0.371,,,,,
81.782,SCAN_HIGH,3.4905,-1.0101,0.308,-93.61,-0.18,0.18,15.0,0.0872,0.02,-0.0003,2.693,,,0.371,,,,,
81.861,SCAN_HIGH,3.4964,-1.0105,0.303,-92.75,0.18,0.62,15.0,0.091,0.0191,-0.0029,2.693,,,0.419,,,,,
81.871,SCAN_HIGH,3.501,-1.0111,0.303,-91.93,0.7,0.68,15.0,0.0886,0.0207,-0.0143,2.711,,,0.419,,,,,
81.972,SCAN_HIGH,3.506,-1.0109,0.303,-91.09,0.92,0.71,15.0,0.0832,0.0241,-0.0169,2.711,,,0.485,,,,,
82.001,SCAN_HIGH,3.5097,-1.0114,0.303,-90.39,1.14,0.76,15.0,0.074,0.026,-0.0145,2.708,,,0.485,,,,,
82.027,SCAN_HIGH,3.512,-1.0123,0.299,-89.72,1.33,0.86,-0.0,0.0608,0.0271,-0.0176,2.708,,,,,,,,
82.067,SCAN_HIGH,3.5161,-1.0124,0.299,-89.1,1.29,0.71,-0.0,0.053,0.0303,-0.0313,2.699,,,,,,,,
82.123,SCAN_HIGH,3.5172,-1.0108,0.289,-88.57,1.26,0.32,-0.0,0.0411,0.034,-0.1384,2.699,,,,,,,,
82.18,SCAN_HIGH,3.519,-1.0098,0.289,-88.15,1.2,0.18,-0.0,0.0326,0.0337,-0.2309,2.701,,,,,,,,
82.245,SCAN_HIGH,3.5224,-1.0058,0.264,-87.82,1.14,-0.02,-0.0,0.0282,0.0389,-0.2982,2.701,,,1.438,,,,,
82.277,SCAN_HIGH,3.5202,-1.0083,0.264,-87.59,0.95,-0.04,-0.0,0.012,0.0289,-0.329,2.691,,,1.438,,,,,
82.349,SCAN_HIGH,3.5126,-1.0117,0.225,-87.39,0.67,-0.34,-0.0,-0.0133,0.0171,-0.3635,2.691,,,,,,,,
82.377,SCAN_HIGH,3.5119,-1.0088,0.225,-87.16,0.32,-0.13,-0.0,-0.0175,0.0193,-0.3816,2.691,,,,,,,,
82.433,SCAN_HIGH,3.5297,-1.0095,0.186,-87.03,-0.02,-0.27,-0.0,0.0263,0.0168,-0.3858,2.691,,,1.501,,,,,
82.468,SCAN_HIGH,3.5197,-1.024,0.186,-86.88,0.36,-0.44,-0.0,-0.0029,-0.022,-0.3963,2.684,,,1.501,,,,,
82.553,SCAN_HIGH,3.5199,-1.0265,0.148,-86.7,0.52,-0.17,-0.0,-0.0057,-0.0284,-0.3777,2.684,,,1.501,,,,,
82.597,SCAN_HIGH,3.5148,-1.0339,0.148,-86.58,0.27,0.27,-0.0,-0.0208,-0.0424,-0.3583,2.672,,,1.501,,,,,
82.635,SCAN_HIGH,3.5204,-1.0188,0.115,-86.4,-0.06,0.84,-0.0,-0.0053,0.0048,-0.3339,2.672,,,,,,,,
82.671,SCAN_HIGH,3.5262,-1.0135,0.115,-86.32,-0.2,0.76,-0.0,0.0132,0.025,-0.2996,,,,,,,,,
82.793,SCAN_LOW,3.5273,-1.0079,0.084,-86.23,-0.16,0.76,-0.0,0.0147,0.0429,-0.2742,,,,,,,,,
82.925,SCAN_LOW,3.523,-1.0165,0.084,-86.23,0.18,0.17,-0.0,-0.0055,0.0069,-0.2379,0.305,,,,,,,,
82.976,SCAN_LOW,3.5209,-1.0204,0.07,-86.16,0.27,-0.21,-0.0,-0.0191,-0.0165,-0.2007,0.305,,,,,,,,
82.993,SCAN_LOW,3.5201,-1.0235,0.07,-86.07,0.11,-0.45,-0.0,-0.0208,-0.0329,-0.1453,0.276,,,,,,,,
83.073,SCAN_LOW,3.5192,-1.0267,0.053,-85.87,-0.32,-0.04,-0.0,-0.0209,-0.0525,-0.117,0.276,,,,,,,,
83.09,SCAN_LOW,3.5181,-1.029,0.053,-85.48,-0.46,0.26,-0.0,-0.0236,-0.052,-0.0926,0.275,,,,,,,,
83.104,SCAN_LOW,3.517,-1.0312,0.044,-85.01,-0.54,0.76,15.0,-0.0251,-0.0528,-0.0594,0.275,,,,,,,,
83.166,SCAN_LOW,3.5159,-1.0334,0.044,-84.44,-0.51,1.16,15.0,-0.0225,-0.0454,-0.0517,0.267,,,,,,,,
83.204,SCAN_LOW,3.5149,-1.0355,0.041,-83.76,-0.55,1.74,15.0,-0.0199,-0.0322,-0.0201,0.267,,,0.384,,,,,
83.221,SCAN_LOW,3.5137,-1.0377,0.041,-83.25,-0.51,1.97,15.0,-0.0222,-0.0099,-0.0045,0.267,,,0.384,,,,,
83.228,SCAN_LOW,3.512,-1.0408,0.052,-82.82,-0.72,2.22,15.0,-0.028,0.0257,0.0098,0.267,,,0.364,,,,,
83.306,SCAN_LOW,3.5106,-1.0394,0.052,-82.29,-0.81,1.96,15.0,-0.0224,0.0541,0.0433,0.273,,,0.364,,,,,
83.37,SCAN_LOW,3.5092,-1.0373,0.056,-81.87,-0.97,1.51,15.0,-0.0166,0.0831,0.0301,0.273,,,0.361,,,,,
83.408,SCAN_LOW,3.5086,-1.0324,0.056,-81.49,-0.81,0.97,15.0,-0.0059,0.105,0.0377,0.281,,,0.361,,,,,
83.497,SCAN_LOW,3.5084,-1.0269,0.054,-81.08,-0.38,0.23,15.0,0.0002,0.1163,0.0398,0.281,,,0.363,,,,,
83.519,SCAN_LOW,3.5086,-1.0208,0.054,-80.52,-0.28,-0.25,15.0,0.0056,0.1188,0.0291,0.281,,,0.363,,,,,
83.525,SCAN_LOW,3.5092,-1.0145,0.058,-79.86,-0.29,-0.5,15.0,0.0111,0.1113,0.0292,0.281,,,0.371,,,,,
83.59,SCAN_LOW,3.5103,-1.0088,0.058,-79.14,-0.19,-0.99,15.0,0.0172,0.098,0.0195,0.287,,,0.371,,,,,
83.679,SCAN_LOW,3.5115,-1.0042,0.065,-78.39,-0.21,-1.2,15.0,0.0229,0.0799,0.0158,0.287,,,0.367,,,,,
83.8,SCAN_LOW,3.5133,-1.001,0.065,-77.68,-0.12,-1.12,15.0,0.0308,0.0609,0.0242,0.292,,,0.367,,,,,
83.828,SCAN_LOW,3.5153,-0.9987,0.054,-76.93,-0.1,-0.87,15.0,0.0349,0.0351,0.0115,0.292,,,0.359,,,,,
83.84,SCAN_LOW,3.5178,-0.9994,0.054,-76.07,-0.05,-0.56,15.0,0.0436,0.0117,-0.0145,0.295,,,0.359,,,,,
83.91,SCAN_LOW,3.5202,-0.9999,0.06,-75.11,-0.25,-0.43,15.0,0.0458,-0.008,-0.0024,0.295,,,0.359,,,,,
83.922,SCAN_LOW,3.5228,-1.0014,0.06,-74.26,0.17,-0.6,15.0,0.0496,-0.0207,0.0118,0.297,,,0.359,,,,,
84.043,SCAN_LOW,3.5254,-1.0035,0.062,-73.5,0.33,-0.16,15.0,0.0479,-0.0352,0.0032,0.297,,,0.355,,,,,
84.084,SCAN_LOW,3.528,-1.0071,0.062,-72.68,0.04,0.35,15.0,0.0466,-0.0474,0.003,0.297,,,0.355,,,,,
84.128,SCAN_LOW,3.5306,-1.0108,0.061,-71.83,0.33,0.84,15.0,0.0482,-0.0488,0.0039,0.297,,,0.354,,,,,
84.186,SCAN_LOW,3.5327,-1.0143,0.061,-71.08,0.67,0.97,15.0,0.0403,-0.0498,-0.0005,0.297,,,0.354,,,,,
84.194,SCAN_LOW,3.5341,-1.0166,0.062,-70.32,0.34,1.19,15.0,0.0298,-0.0431,0.0018,0.297,,,0.363,,,,,
84.216,SCAN_LOW,3.5348,-1.0194,0.062,-69.56,0.52,1.06,15.0,0.0199,-0.0384,0.003,0.291,,,0.363,,,,,
84.262,SCAN_LOW,3.5352,-1.0216,0.058,-68.78,0.42,1.28,15.0,0.01,-0.0325,0.0033,0.291,,,0.362,,,,,
84.283,SCAN_LOW,3.5348,-1.0234,0.058,-67.91,0.19,1.42,15.0,-0.0008,-0.0231,-0.008,0.299,,,0.362,,,,,
84.346,SCAN_LOW,3.5332,-1.0258,0.061,-67.06,-0.08,1.31,15.0,-0.014,-0.0146,0.0009,0.299,,,0.37,,,,,
84.408,SCAN_LOW,3.5325,-1.0258,0.061,-66.26,-0.22,1.74,15.0,-0.0171,-0.0014,0.0098,0.296,,,0.37,,,,,
84.43,SCAN_LOW,3.5309,-1.026,0.059,-65.46,-0.31,1.54,15.0,-0.0242,0.013,-0.0032,0.296,,,0.372,,,,,
84.507,SCAN_LOW,3.5292,-1.0248,0.059,-64.5,-0.58,0.97,15.0,-0.0279,0.0268,-0.012,0.299,,,0.372,,,,,
84.57,SCAN_LOW,3.5282,-1.0226,0.06,-63.43,-0.52,0.72,15.0,-0.0249,0.0366,-0.0124,0.299,,,0.374,,,,,
84.575,SCAN_LOW,3.5276,-1.0208,0.06,-62.35,-0.64,0.72,15.0,-0.0208,0.0413,-0.0059,0.303,0.514,,0.374,,,,,
84.64,SCAN_LOW,3.5275,-1.0177,0.059,-61.3,-0.81,0.47,15.0,-0.0134,0.0499,-0.0058,0.303,0.514,,0.378,,,,,
84.727,SCAN_LOW,3.5277,-1.015,0.059,-60.39,-0.96,0.06,15.0,-0.0046,0.0527,0.0038,0.311,0.488,,0.378,,,,,
84.803,SCAN_LOW,3.5298,-1.0118,0.058,-59.69,-1.13,0.17,15.0,0.0129,0.0544,0.0151,0.311,0.488,,0.385,,,,,
84.839,SCAN_LOW,3.5331,-1.0081,0.058,-59.29,-0.65,0.27,15.0,0.0305,0.0599,0.0058,0.31,0.475,,0.385,,,,,
84.855,SCAN_LOW,3.5367,-1.0046,0.059,-59.3,-0.18,0.02,15.0,0.042,0.06,0.0128,0.31,0.475,,0.395,,,,,
84.925,SCAN_LOW,3.5414,-1.0009,0.059,-59.46,0.25,-0.05,15.0,0.0552,0.0636,0.0165,0.317,0.482,,0.395,,,,,
85.043,SCAN_LOW,3.545,-0.9983,0.064,-59.53,0.69,-0.06,15.0,0.0569,0.058,0.0184,0.317,0.482,,0.397,,,,,
85.128,SCAN_LOW,3.5479,-0.996,0.064,-59.54,1.16,0.32,15.0,0.051,0.0514,0.0287,0.317,0.489,,0.397,,,,,
85.175,SCAN_LOW,3.55,-0.9946,0.068,-59.26,1.32,0.66,15.0,0.0386,0.0436,0.0231,0.317,0.489,,0.402,,,,,
85.199,SCAN_LOW,3.5512,-0.9934,0.068,-58.63,1.54,0.7,15.0,0.0236,0.0381,0.0223,0.325,0.489,,0.402,,,,,
85.306,SCAN_LOW,3.5514,-0.991,0.066,-57.64,1.43,0.45,15.0,0.0069,0.0366,0.0098,0.325,0.489,,0.407,,,,,
85.322,SCAN_LOW,3.5496,-0.9886,0.066,-56.49,1.48,0.01,15.0,-0.0147,0.0298,-0.0004,0.33,0.471,,0.407,,,,,
85.344,SCAN_LOW,3.547,-0.988,0.069,-55.32,1.33,0.05,15.0,-0.0326,0.0179,-0.0018,0.33,0.471,,0.416,,,,,
85.375,SCAN_LOW,3.5439,-0.9896,0.069,-54.08,1.11,-0.08,15.0,-0.0471,0.0028,0.0011,0.338,0.44,,0.416,,,,,
85.415,SCAN_LOW,3.5406,-0.9915,0.063,-52.89,0.93,-0.11,15.0,-0.0567,-0.0104,0.0037,0.338,0.44,,0.421,,,,,
85.423,SCAN_LOW,3.5374,-0.995,0.063,-51.92,0.56,-0.25,15.0,-0.0619,-0.024,-0.0141,0.338,0.414,,0.421,,,,,
85.428,SCAN_LOW,3.5334,-0.9997,0.066,-51.02,0.44,-0.14,15.0,-0.0673,-0.0415,-0.0039,0.338,0.414,,0.427,,,,,
85.515,SCAN_LOW,3.5299,-1.0034,0.066,-50.24,0.21,0.07,15.0,-0.0701,-0.0502,0.0054,0.338,0.395,,0.427,,,,,
85.562,SCAN_LOW,3.5268,-1.0078,0.065,-49.59,-0.11,0.26,15.0,-0.0685,-0.0558,0.003,0.338,0.395,,0.431,,,,,
85.618,SCAN_LOW,3.5242,-1.0121,0.065,-49.04,-0.54,0.17,15.0,-0.0636,-0.059,-0.0004,0.335,0.375,,0.431,,,,,
85.652,SCAN_LOW,3.5218,-1.0163,0.068,-48.53,-0.82,0.14,15.0,-0.0564,-0.0603,-0.0039,0.335,0.375,,0.433,,,,,
85.709,SCAN_LOW,3.5201,-1.0192,0.068,-48.13,-1.14,0.36,15.0,-0.0468,-0.0532,0.0043,0.338,0.367,,0.433,,,,,
85.752,SCAN_LOW,3.519,-1.0222,0.067,-47.65,-1.52,0.35,15.0,-0.0365,-0.0521,0.0076,0.338,0.367,,0.433,,,,,
85.773,SCAN_LOW,3.5187,-1.0235,0.067,-47.06,-1.93,0.54,15.0,-0.0219,-0.0356,0.0073,0.34,0.354,,0.433,,,,,
85.84,SCAN_LOW,3.5198,-1.0234,0.067,-46.39,-2.11,0.87,15.0,-0.0041,-0.0147,-0.0022,0.34,0.354,,0.437,,,,,
85.93,SCAN_LOW,3.5223,-1.0215,0.067,-45.62,-1.86,0.47,15.0,0.0145,0.0068,-0.0131,0.343,0.344,,0.437,,,,,
85.988,SCAN_LOW,3.5242,-1.0197,0.062,-44.84,-1.51,0.45,15.0,0.027,0.0255,-0.0179,0.343,0.344,,0.449,,,,,
86.005,SCAN_LOW,3.5272,-1.0165,0.062,-44.15,-1.29,0.9,15.0,0.0384,0.044,-0.0255,0.344,0.337,,0.449,,,,,
86.058,SCAN_LOW,3.5308,-1.0122,0.06,-43.56,-0.64,0.92,15.0,0.0464,0.0604,-0.012,0.344,0.337,,0.464,,,,,
86.105,SCAN_LOW,3.5331,-1.0084,0.06,-43.23,0.15,0.83,15.0,0.043,0.0718,-0.0002,0.362,0.335,,0.464,,,,,
86.149,SCAN_LOW,3.535,-1.0047,0.062,-43.09,0.58,0.45,15.0,0.036,0.0753,0.0125,0.362,0.335,,0.471,,,,,
86.179,SCAN_LOW,3.5357,-1.0015,0.062,-42.84,0.88,0.25,15.0,0.0257,0.0724,0.0169,0.373,0.336,,0.471,,,,,
86.251,SCAN_LOW,3.5367,-0.9992,0.063,-42.18,1.5,-0.09,15.0,0.0178,0.0601,0.0238,0.373,0.336,,0.475,,,,,
86.304,SCAN_LOW,3.5364,-0.9977,0.063,-41.16,1.84,-0.36,15.0,0.0047,0.042,0.0244,0.384,0.326,,0.475,,,,,
86.321,SCAN_LOW,3.5356,-0.9983,0.07,-39.97,1.63,0.26,15.0,-0.0073,0.02,0.016,0.384,0.326,,0.489,,,,,
86.403,SCAN_LOW,3.534,-0.9998,0.07,-38.71,1.61,0.13,15.0,-0.0228,0.0019,0.026,,0.313,,0.489,,,,,
86.455,SCAN_LOW,3.531,-1.0001,0.071,-37.32,1.46,0.14,15.0,-0.0399,-0.0141,0.0166,,0.313,,0.508,,,,,
86.507,SCAN_LOW,3.5278,-1.0035,0.071,-36.15,0.98,0.14,15.0,-0.0525,-0.0312,0.0048,,0.297,,0.508,,,,,
86.567,SCAN_LOW,3.5235,-1.009,0.073,-35.09,0.49,0.05,15.0,-0.0633,-0.052,0.0029,,0.297,,0.53,,,,,
86.611,SCAN_LOW,3.5203,-1.0142,0.073,-34.05,0.06,-0.02,15.0,-0.0646,-0.0614,0.0116,,0.289,,0.53,,,,,
86.63,SCAN_LOW,3.517,-1.0185,0.072,-32.96,-0.38,0.21,15.0,-0.0649,-0.0654,-0.0008,,0.289,,0.551,,,,,
86.711,SCAN_LOW,3.5145,-1.0225,0.072,-31.94,-1.07,0.29,15.0,-0.0601,-0.0609,-0.0025,,0.272,,0.551,,,,,
86.788,SCAN_LOW,3.5121,-1.0255,0.076,-31.02,-1.46,-0.06,15.0,-0.0528,-0.0513,0.0025,,0.272,,0.577,,,,,
86.842,SCAN_LOW,3.511,-1.0273,0.076,-30.13,-1.58,0.02,15.0,-0.0395,-0.0387,0.0046,,0.259,,0.577,,,,,
86.86,SCAN_LOW,3.5101,-1.0286,0.068,-29.26,-1.8,0.02,15.0,-0.028,-0.0258,0.0055,,0.259,,0.604,,,,,
86.912,SCAN_LOW,3.5104,-1.0284,0.068,-28.46,-1.47,0.05,15.0,-0.0144,-0.0105,-0.0161,,0.254,,0.604,,,,,
86.988,SCAN_LOW,3.5118,-1.027,0.067,-27.66,-1.13,0.31,15.0,-0.0015,0.0023,-0.0056,,0.254,,0.624,,,,,
87.028,SCAN_LOW,3.5134,-1.0252,0.067,-26.97,-1.05,0.42,15.0,0.0068,0.0161,-0.0061,,0.252,,0.624,,,,,
87.127,SCAN_LOW,3.5148,-1.0231,0.064,-26.27,-0.98,0.62,15.0,0.0111,0.0287,-0.0007,,0.252,,0.64,,,,,
87.139,SCAN_LOW,3.5163,-1.0208,0.064,-25.61,-0.71,0.4,15.0,0.0145,0.037,-0.0025,,0.254,,0.64,,,,,
87.19,SCAN_LOW,3.5181,-1.0175,0.068,-24.99,-0.54,0.31,15.0,0.019,0.0469,0.001,,0.254,,0.661,,,,,
87.226,SCAN_LOW,3.5192,-1.0148,0.068,-24.28,-0.32,0.34,15.0,0.0192,0.053,0.0206,,0.254,,0.661,,,,,
87.239,SCAN_LOW,3.5205,-1.0119,0.068,-23.39,0.1,0.59,15.0,0.018,0.0559,0.0135,,0.254,,0.679,,,,,
87.334,SCAN_LOW,3.5215,-1.0098,0.068,-22.59,0.39,0.48,15.0,0.0141,0.052,0.0081,,0.255,,0.679,,,,,
87.349,SCAN_LOW,3.5214,-1.0074,0.071,-21.68,0.76,0.45,15.0,0.005,0.0488,0.0095,,0.255,,0.702,,,,,
87.366,SCAN_LOW,3.5209,-1.0062,0.071,-20.76,1.04,0.37,15.0,-0.0042,0.0377,0.0133,,0.257,,0.702,,,,,
87.441,SCAN_LOW,3.5198,-1.0061,0.068,-19.9,1.13,0.34,15.0,-0.0141,0.0223,0.0035,,0.257,,0.716,,,,,
87.502,SCAN_LOW,3.5181,-1.0077,0.068,-18.97,1.04,0.29,15.0,-0.0239,0.0036,-0.0072,,0.252,,0.716,,,,,
87.554,SCAN_LOW,3.5161,-1.0103,0.073,-18.04,0.53,0.1,15.0,-0.0308,-0.0147,-0.0113,,0.252,,,,,,,
87.647,SCAN_LOW,3.5142,-1.0138,0.073,-17.11,0.29,-0.03,15.0,-0.0334,-0.028,0.0103,,0.265,,,,,,,
87.657,SCAN_LOW,3.512,-1.0174,0.074,-16.14,-0.03,-0.24,15.0,-0.0353,-0.0395,0.0015,,0.265,,,,,,,
87.687,SCAN_LOW,3.5101,-1.0206,0.074,-15.29,-0.53,-0.15,15.0,-0.0347,-0.0442,0.0083,,0.294,,,,,,,
87.76,SCAN_LOW,3.5091,-1.0236,0.071,-14.56,-0.75,-0.3,15.0,-0.0278,-0.0425,0.0108,,0.294,,,,,,,
87.776,SCAN_LOW,3.5087,-1.0261,0.071,-13.91,-1.39,-0.26,15.0,-0.0187,-0.0378,0.0056,,0.323,,,,,,,
87.837,SCAN_LOW,3.5088,-1.0278,0.073,-13.35,-1.41,-0.21,15.0,-0.0095,-0.0274,0.0072,,0.323,,,,,,,
87.89,SCAN_LOW,3.5092,-1.0283,0.073,-12.79,-1.25,-0.3,15.0,-0.0016,-0.0139,0.0034,,0.342,,,,,,,
87.936,SCAN_LOW,3.5115,-1.0278,0.071,-12.33,-1.09,-0.06,15.0,0.0134,-0.0055,0.0097,,0.342,,,,,,,
87.974,SCAN_LOW,3.5132,-1.0272,0.071,-11.81,-1.2,0.34,15.0,0.0188,0.0049,0.0043,,0.351,,,,,,,
88.031,SCAN_LOW,3.5148,-1.0258,0.072,-11.29,-1.37,0.1,15.0,0.0217,0.0204,0.004,,0.351,,,,,,,
88.093,SCAN_LOW,3.517,-1.0235,0.072,-10.69,-1.05,0.05,15.0,0.0282,0.0334,0.0051,,0.365,,,,,,,
88.133,SCAN_LOW,3.5195,-1.0209,0.072,-10.11,-0.92,-0.02,15.0,0.0341,0.0421,0.0058,,0.365,,,,,,,
88.171,SCAN_LOW,3.5213,-1.0183,0.072,-9.57,-0.42,-0.1,15.0,0.0361,0.0501,0.005,,0.372,,,,,,,
88.235,SCAN_LOW,3.5238,-1.0156,0.072,-8.89,-0.29,0.15,15.0,0.04,0.0524,0.0071,,0.372,,0.311,,,,,
88.29,SCAN_LOW,3.5264,-1.0132,0.072,-8.12,0.13,0.2,15.0,0.0412,0.0503,-0.0018,,0.387,,0.311,,,,,
88.385,SCAN_LOW,3.5295,-1.0119,0.073,-7.29,0.14,0.52,15.0,0.0436,0.0422,0.0017,,0.387,,0.286,,,,,
88.449,SCAN_LOW,3.5318,-1.0108,0.073,-6.39,0.05,0.84,15.0,0.0395,0.0373,0.0079,,0.409,,0.286,,,,,
88.456,SCAN_LOW,3.5332,-1.0103,0.079,-5.46,-0.03,0.8,15.0,0.0305,0.0318,0.0147,,0.409,,0.277,,,,,
88.524,SCAN_LOW,3.5361,-1.0097,0.079,-4.59,0.21,0.81,15.0,0.0319,0.0293,0.0212,,0.441,,0.277,,,,,
88.607,SCAN_LOW,3.5382,-1.0084,0.076,-3.7,0.22,1.02,15.0,0.0279,0.028,0.0107,,0.441,,0.277,,,,,
88.709,SCAN_LOW,3.5387,-1.0078,0.076,-2.89,0.12,1.06,15.0,0.0158,0.0239,-0.0029,,0.486,,0.277,,,,,
88.744,SCAN_LOW,3.5399,-1.0074,0.077,-2.11,-0.12,1.31,15.0,0.0092,0.0222,-0.0023,,0.486,,0.272,,,,,
88.755,SCAN_LOW,3.5401,-1.0072,0.077,-1.35,-0.19,1.22,15.0,-0.0012,0.0212,0.001,,0.548,,0.272,,,,,
88.797,SCAN_LOW,3.5396,-1.006,0.076,-0.53,-0.03,0.98,15.0,-0.0116,0.0224,-0.002,,0.548,,0.274,,,,,
88.868,SCAN_LOW,3.5387,-1.0038,0.076,0.27,0.32,1.05,15.0,-0.021,0.0246,-0.0062,,,,0.274,,,,,
88.943,SCAN_LOW,3.5372,-1.0031,0.075,1.06,0.47,1.09,15.0,-0.031,0.0193,-0.0099,,,,0.275,,,,,
88.98,SCAN_LOW,3.5349,-1.0029,0.075,1.88,0.1,0.67,15.0,-0.0421,0.0135,-0.0091,,,,0.275,,,,,
89.026,SCAN_LOW,3.5333,-1.0035,0.075,2.66,0.0,0.46,15.0,-0.0432,0.0105,-0.0014,,,,0.274,,,,,
89.055,SCAN_LOW,3.5313,-1.0026,0.075,3.38,0.35,0.66,15.0,-0.0463,0.0108,-0.0027,,,,0.274,,,,,
89.094,SCAN_LOW,3.5293,-1.0023,0.075,3.99,0.25,0.34,15.0,-0.0491,0.0075,0.0005,,,,0.283,,,,,
89.148,SCAN_LOW,3.5282,-1.0026,0.075,4.68,0.2,0.13,15.0,-0.044,0.0046,0.0022,,,,0.283,,,,,
89.164,SCAN_LOW,3.5264,-1.0033,0.071,5.37,0.03,-0.08,15.0,-0.0427,0.0007,0.0031,,,,0.282,,,,,
89.17,SCAN_LOW,3.5249,-1.0036,0.071,5.86,0.11,-0.33,15.0,-0.0379,-0.0005,-0.0055,,,,0.282,,,,,
89.22,SCAN_LOW,3.5247,-1.0039,0.069,5.96,0.16,-0.12,15.0,-0.0294,-0.0009,-0.0064,,,,0.281,,,,,
89.3,SCAN_LOW,3.5249,-1.004,0.069,5.96,0.41,-0.85,15.0,-0.0181,-0.0021,-0.0007,,0.443,,0.281,,,,,
89.329,SCAN_LOW,3.5263,-1.005,0.074,6.11,0.2,-0.42,15.0,-0.0021,-0.0077,0.0042,,0.443,,0.281,,,,,
89.432,SCAN_LOW,3.5288,-1.0058,0.074,6.31,0.18,-0.01,15.0,0.0115,-0.0079,0.0129,,0.436,,0.281,,,,,
89.445,SCAN_LOW,3.5307,-1.0065,0.077,6.76,0.35,0.09,15.0,0.0176,-0.0108,0.0158,,0.436,,0.284,,,,,
89.509,SCAN_LOW,3.5334,-1.0074,0.077,7.5,0.55,0.49,15.0,0.0241,-0.014,0.0139,,0.414,,0.284,,,,,
89.582,SCAN_LOW,3.5347,-1.0082,0.078,8.34,0.46,0.61,15.0,0.0212,-0.0185,0.0088,,0.414,,0.279,,,,,
89.628,SCAN_LOW,3.537,-1.0098,0.078,9.27,0.06,0.65,15.0,0.0231,-0.0231,0.0089,,0.395,,0.279,,,,,
89.706,SCAN_LOW,3.5383,-1.0113,0.076,10.26,0.06,0.88,15.0,0.0179,-0.0259,0.0068,,0.395,,0.277,,,,,
89.761,SCAN_LOW,3.5392,-1.0133,0.076,11.13,-0.37,0.28,15.0,0.0132,-0.0289,-0.0023,,0.382,,0.277,,,,,
89.785,SCAN_LOW,3.5404,-1.0146,0.076,11.88,-0.68,0.11,15.0,0.0136,-0.0249,0.0068,,0.382,,0.277,,,,,
89.799,SCAN_LOW,3.5414,-1.0153,0.076,12.42,-0.81,0.35,15.0,0.0124,-0.0173,0.0017,,0.378,,0.277,,,,,
89.836,SCAN_LOW,3.5434,-1.0152,0.077,12.92,-0.86,0.67,15.0,0.0137,-0.0095,-0.0023,,0.378,,0.28,,,,,
89.917,SCAN_LOW,3.5442,-1.0154,0.077,13.37,-1.22,0.85,15.0,0.0066,-0.0021,0.0099,,0.374,,0.28,,,,,
89.922,SCAN_LOW,3.5446,-1.0138,0.074,13.92,-1.05,0.86,15.0,-0.0015,0.011,0.0036,,0.374,,0.279,,,,,
90.02,SCAN_LOW,3.5447,-1.0106,0.074,14.78,-0.92,1.01,15.0,-0.0099,0.0251,-0.0114,,0.377,,0.279,,,,,
90.06,SCAN_LOW,3.5445,-1.007,0.073,15.64,-0.81,1.25,15.0,-0.0189,0.0366,-0.0077,,0.377,,0.282,,,,,
90.078,SCAN_LOW,3.5438,-1.0029,0.073,16.52,-0.48,1.43,15.0,-0.0298,0.0446,-0.0059,,0.376,,0.282,,,,,
90.163,SCAN_LOW,3.5421,-0.9993,0.075,17.39,-0.22,1.28,15.0,-0.0416,0.0486,-0.0041,,0.376,,0.289,,,,,
90.212,SCAN_LOW,3.5394,-0.9947,0.075,18.38,0.62,0.76,15.0,-0.0528,0.0514,-0.0006,,0.369,,0.289,,,,,
90.293,SCAN_LOW,3.5375,-0.9924,0.075,19.33,1.18,0.58,15.0,-0.0515,0.0424,-0.0087,,0.369,,0.296,,,,,
90.371,SCAN_LOW,3.5355,-0.9903,0.075,20.2,1.57,0.71,15.0,-0.0495,0.0314,-0.0043,,0.366,,0.296,,,,,
90.397,SCAN_LOW,3.5334,-0.9911,0.074,21.03,1.51,0.58,15.0,-0.0483,0.0091,-0.0036,,0.366,,0.299,,,,,
90.409,SCAN_LOW,3.5318,-0.9924,0.074,21.82,1.37,0.13,15.0,-0.0424,-0.0071,-0.0031,,0.363,,0.299,,,,,
90.488,SCAN_LOW,3.5311,-0.9956,0.077,22.58,1.53,0.41,15.0,-0.0325,-0.0269,-0.0079,,0.363,,0.302,,,,,
90.5,SCAN_LOW,3.5307,-0.9999,0.077,23.24,1.42,0.09,15.0,-0.0245,-0.0524,0.0004,,0.368,,0.302,,,,,
90.548,SCAN_LOW,3.5313,-1.0052,0.07,23.76,0.5,-0.17,15.0,-0.0105,-0.0656,0.0059,,0.368,,0.299,,,,,
90.564,SCAN_LOW,3.5327,-1.0103,0.07,24.25,-0.1,0.19,15.0,0.0002,-0.0709,-0.0027,,0.372,,0.299,,,,,
90.649,SCAN_LOW,3.5341,-1.0149,0.076,24.85,-0.61,0.14,15.0,0.0059,-0.0697,0.012,,0.372,,0.304,,,,,
90.705,SCAN_LOW,3.5355,-1.0183,0.076,25.4,-1.03,0.04,15.0,0.0081,-0.062,0.0161,,0.375,,0.304,,,,,
90.748,SCAN_LOW,3.5371,-1.0206,0.074,25.94,-1.56,0.11,15.0,0.0101,-0.0495,0.0114,,0.375,,0.296,,,,,
90.794,SCAN_LOW,3.5385,-1.0206,0.074,26.64,-1.34,0.31,15.0,0.0079,-0.0293,0.0059,,0.377,,0.296,,,,,
90.826,SCAN_LOW,3.5393,-1.0191,0.083,27.55,-1.37,0.06,15.0,0.004,-0.0094,0.0008,,0.377,,0.293,,,,,
90.901,SCAN_LOW,3.5398,-1.0169,0.083,28.63,-1.52,0.14,15.0,-0.0013,0.0113,0.0162,,0.388,,0.293,,,,,
90.919,SCAN_LOW,3.5408,-1.0126,0.077,29.87,-1.37,-0.17,15.0,-0.0024,0.0314,0.0058,,0.388,,0.303,,,,,
90.971,SCAN_LOW,3.5407,-1.0095,0.077,31.21,-1.26,0.19,15.0,-0.0077,0.0469,0.0018,3.021,0.396,0.501,0.303,,,,,
91.067,SCAN_LOW,3.5418,-1.002,0.075,32.53,-0.73,0.59,15.0,-0.009,0.0668,0.0087,3.021,0.396,0.501,0.312,,,,,
91.073,SCAN_LOW,3.5423,-0.9964,0.075,33.74,-0.39,0.67,15.0,-0.0117,0.0735,-0.0041,,0.406,0.463,0.312,,,,,
91.116,SCAN_LOW,3.5432,-0.9897,0.078,34.87,0.18,0.72,15.0,-0.0103,0.0787,-0.0038,,0.406,0.463,0.324,,,,,
91.2,SCAN_LOW,3.5443,-0.9842,0.078,35.73,0.3,0.98,15.0,-0.0071,0.0766,0.0036,,0.412,0.444,0.324,,,,,
91.239,SCAN_LOW,3.546,-0.9801,0.081,36.43,0.8,1.56,15.0,-0.0034,0.0675,0.0029,,0.412,0.444,0.335,,,,,
91.313,SCAN_LOW,3.5473,-0.9769,0.081,36.85,1.06,1.73,15.0,-0.0018,0.0544,0.0082,,0.425,0.433,0.335,,,,,
91.378,SCAN_LOW,3.5478,-0.9761,0.081,37.15,1.07,1.63,15.0,-0.0037,0.0344,0.0013,,0.425,0.433,0.337,,,,,
91.416,SCAN_LOW,3.548,-0.9757,0.081,37.38,1.29,1.48,15.0,-0.0053,0.0166,0.0004,,0.427,0.427,0.337,,,,,
91.483,SCAN_LOW,3.5486,-0.9769,0.081,37.77,1.29,1.55,15.0,-0.0034,-0.0025,-0.0014,,0.427,0.427,0.342,,,,,
91.582,SCAN_LOW,3.5495,-0.9804,0.081,38.26,1.35,1.49,15.0,-0.0001,-0.0262,-0.0018,,0.434,0.427,0.342,,,,,
91.633,SCAN_LOW,3.5504,-0.9858,0.079,38.82,1.23,1.58,15.0,0.0022,-0.0532,-0.0066,,0.434,0.427,0.34,,,,,
91.649,SCAN_LOW,3.5519,-0.9929,0.079,39.46,0.83,1.59,15.0,0.0061,-0.0783,0.0018,2.948,0.443,0.416,0.34,,,,,
91.7,SCAN_LOW,3.5528,-0.9987,0.08,40.08,0.41,1.8,15.0,0.0031,-0.0928,-0.0023,2.948,0.443,0.416,0.344,,,,,
91.724,SCAN_LOW,3.5532,-1.0052,0.08,40.61,0.27,1.37,15.0,-0.0028,-0.1087,-0.0044,,0.448,0.405,0.344,,,,,
91.734,SCAN_LOW,3.5539,-1.0126,0.08,41.01,-0.31,1.03,15.0,-0.0041,-0.1176,-0.0036,,0.448,0.405,0.337,,,,,
91.779,SCAN_LOW,3.5544,-1.0188,0.08,41.52,-0.71,0.6,15.0,-0.0082,-0.1178,-0.0033,,0.455,0.401,0.337,,,,,
91.841,SCAN_LOW,3.5538,-1.0252,0.077,42.12,-1.04,0.02,15.0,-0.0148,-0.1168,-0.0003,,0.455,0.401,0.329,,,,,
91.869,SCAN_LOW,3.5536,-1.0299,0.077,42.8,-1.11,-0.43,15.0,-0.0172,-0.1062,-0.0135,,0.459,0.388,0.329,,,,,
91.914,SCAN_LOW,3.554,-1.0318,0.074,43.48,-1.29,-0.66,15.0,-0.0144,-0.0861,-0.0108,,0.459,0.388,0.324,,,,,
92.012,SCAN_LOW,3.5544,-1.0327,0.074,44.1,-1.71,-0.52,15.0,-0.0149,-0.0632,-0.0104,,0.463,0.374,0.324,,,,,
92.074,SCAN_LOW,3.5537,-1.0348,0.076,44.59,-1.79,-0.38,15.0,-0.0214,-0.047,-0.0062,,0.463,0.374,0.331,,,,,
92.108,SCAN_LOW,3.5534,-1.0333,0.076,45.2,-1.98,-0.56,15.0,-0.027,-0.0225,-0.0002,,0.473,0.369,0.331,,,,,
92.138,SCAN_LOW,3.5515,-1.0307,0.077,45.91,-2.0,-0.7,15.0,-0.0371,0.0089,0.0005,,0.473,0.369,0.331,,,,,
92.229,SCAN_LOW,3.551,-1.025,0.077,46.68,-1.5,-0.68,15.0,-0.0388,0.0362,-0.0006,,0.481,0.357,0.331,,,,,
92.323,SCAN_LOW,3.5489,-1.0199,0.077,47.41,-1.34,-0.46,15.0,-0.0448,0.0608,0.0032,,0.481,0.357,0.345,,,,,
92.405,SCAN_LOW,3.5471,-1.0142,0.077,48.26,-0.94,-0.06,15.0,-0.0486,0.0773,0.0017,,0.492,0.344,0.345,,,,,
92.415,SCAN_LOW,3.5449,-1.0091,0.075,49.23,-0.36,0.46,15.0,-0.0528,0.0836,-0.0018,,0.492,0.344,0.376,,,,,
92.457,SCAN_LOW,3.5427,-1.0038,0.075,50.31,0.02,0.64,15.0,-0.0551,0.0837,-0.0088,,0.5,0.327,0.376,,,,,
92.469,SCAN_LOW,3.54,-0.9981,0.078,51.48,0.18,1.07,15.0,-0.0583,0.0854,-0.0039,,0.5,0.327,,,,,,
92.489,SCAN_LOW,3.5378,-0.9935,0.078,52.56,0.42,1.09,15.0,-0.0587,0.078,0.0068,,0.517,0.31,,,,,,
92.545,SCAN_LOW,3.5355,-0.9905,0.077,53.49,0.71,0.78,15.0,-0.0571,0.065,0.0068,,0.517,0.31,,,,,,
92.579,SCAN_LOW,3.5334,-0.9879,0.077,54.29,0.69,0.87,15.0,-0.0523,0.0542,0.0056,,0.531,0.297,,,,,,
92.647,SCAN_LOW,3.5315,-0.9858,0.075,54.93,0.51,0.98,15.0,-0.0495,0.044,0.0045,,0.531,0.297,,,,,,
92.713,SCAN_LOW,3.5297,-0.984,0.075,55.46,0.9,1.32,15.0,-0.0464,0.0352,-0.004,,0.547,0.289,,,,,,
92.753,SCAN_LOW,3.5278,-0.9828,0.08,56.0,0.96,1.13,15.0,-0.0439,0.0215,0.0044,,0.547,0.289,,,,,,
92.836,SCAN_LOW,3.5261,-0.9827,0.08,56.57,0.81,0.92,15.0,-0.0398,0.0095,0.0181,,0.554,0.28,,,,,,
92.874,SCAN_LOW,3.5243,-0.9827,0.08,57.08,0.7,0.82,15.0,-0.0378,-0.0017,0.0121,,0.554,0.28,,,,,,
92.937,SCAN_LOW,3.5229,-0.9831,0.08,57.59,0.5,1.23,15.0,-0.0344,-0.0073,0.0183,,0.565,0.275,,,,,,
92.966,SCAN_LOW,3.5209,-0.9833,0.081,58.19,0.49,0.98,15.0,-0.0376,-0.0159,0.0187,,0.565,0.275,,,,,,
93.014,SCAN_LOW,3.5185,-0.9841,0.081,58.86,0.64,1.22,15.0,-0.0412,-0.0279,0.0076,,0.577,0.274,,,,,,
93.049,SCAN_LOW,3.5162,-0.9853,0.082,59.62,0.81,0.76,15.0,-0.0424,-0.0379,0.0052,,0.577,0.274,,,,,,
93.146,SCAN_LOW,3.5139,-0.9873,0.082,60.49,0.86,0.47,15.0,-0.0408,-0.0472,0.0017,,0.597,0.263,,,,,,
93.182,SCAN_LOW,3.5117,-0.9893,0.078,61.41,1.1,0.45,15.0,-0.036,-0.05,-0.004,,0.597,0.263,,,,,,
93.204,SCAN_LOW,3.5106,-0.9913,0.078,62.18,0.94,0.19,15.0,-0.0278,-0.0541,-0.0163,,0.617,0.25,,,,,,
93.278,SCAN_LOW,3.5097,-0.9942,0.079,63.23,0.59,-0.03,15.0,-0.0195,-0.0549,-0.0094,,0.617,0.25,,,,,,
93.321,SCAN_LOW,3.5095,-0.9965,0.079,64.34,0.21,-0.13,15.0,-0.0116,-0.0478,-0.0004,,0.647,0.245,,,,,,
93.358,SCAN_LOW,3.5096,-0.9989,0.078,65.52,0.04,-0.23,15.0,-0.0067,-0.0462,0.0007,,0.647,0.245,,,,,,
93.435,SCAN_LOW,3.5096,-1.0007,0.078,66.54,-0.0,-0.08,15.0,-0.0046,-0.0415,-0.0017,,0.682,0.239,,,,,,
93.467,SCAN_LOW,3.5092,-1.0023,0.078,67.44,0.29,-0.18,15.0,-0.0032,-0.0374,-0.0017,,0.682,0.239,,,,,,
93.484,SCAN_LOW,3.5098,-1.0031,0.078,68.32,0.15,-0.43,15.0,0.0031,-0.0293,-0.0052,,0.721,0.238,,,,,,
93.559,SCAN_LOW,3.5101,-1.0035,0.077,69.18,0.13,0.03,15.0,0.0055,-0.022,0.0019,,0.721,0.238,,,,,,
93.587,SCAN_LOW,3.5104,-1.0035,0.077,70.04,0.08,0.2,15.0,0.0056,-0.017,-0.0011,,0.759,0.235,,,,,,
93.654,SCAN_LOW,3.5107,-1.0032,0.077,70.81,0.31,-0.08,15.0,0.007,-0.012,0.0027,,0.759,0.235,,,,,,
93.674,SCAN_LOW,3.5136,-1.0016,0.077,71.59,0.51,-0.08,15.0,0.0221,-0.004,-0.0001,,0.79,0.24,,,,,,
93.754,SCAN_LOW,3.5144,-1.0011,0.08,72.37,0.54,0.47,15.0,0.0245,-0.0028,-0.0018,,0.79,0.24,,,,,,
93.79,SCAN_LOW,3.5155,-1.0013,0.08,73.16,0.42,0.05,15.0,0.0272,-0.0058,0.0096,,0.815,0.244,,,,,,
93.856,SCAN_LOW,3.5171,-1.0016,0.082,73.94,0.49,0.14,15.0,0.0316,-0.0072,0.0031,,0.815,0.244,,,,,,
93.899,SCAN_LOW,3.5188,-1.0013,0.082,74.72,0.34,0.37,15.0,0.0352,-0.0064,0.0046,,,0.252,,,,,,
93.998,SCAN_LOW,3.521,-1.0013,0.078,75.41,0.32,0.16,15.0,0.0388,-0.0078,0.0062,,,0.252,,,,,,
94.051,SCAN_LOW,3.5231,-1.0014,0.078,76.11,0.34,-0.14,15.0,0.043,-0.007,-0.0082,,,0.252,,,,,,
94.068,SCAN_LOW,3.5258,-1.0014,0.075,76.93,0.1,0.05,15.0,0.0476,-0.0054,0.0036,,,0.252,,,,,,
94.129,SCAN_LOW,3.5292,-1.0006,0.075,77.83,-0.33,0.38,15.0,0.051,-0.0022,-0.002,,,0.264,,,,,,
94.249,SCAN_LOW,3.5315,-1.0,0.075,78.89,-0.39,0.65,15.0,0.046,-0.0026,0.003,,,0.264,,,,,,
94.306,SCAN_LOW,3.5342,-0.9998,0.075,79.94,-0.36,1.11,15.0,0.0437,-0.008,0.0017,,0.364,0.284,,,,,,
94.369,SCAN_LOW,3.5365,-0.9996,0.08,81.06,-0.68,1.12,15.0,0.0381,-0.0144,0.0036,,0.364,0.284,,,,,,
94.388,SCAN_LOW,3.5386,-1.0003,0.08,82.08,-0.75,0.87,15.0,0.0324,-0.0208,0.0157,,0.318,0.313,,,,,,
94.433,SCAN_LOW,3.5402,-1.001,0.082,83.09,-1.12,0.93,15.0,0.0237,-0.0257,0.0089,,0.318,0.313,,,,,,
94.471,SCAN_LOW,3.5411,-1.0032,0.082,83.9,-0.9,0.65,15.0,0.0137,-0.0336,0.0056,,0.301,0.348,,,,,,
94.515,SCAN_LOW,3.5415,-1.0039,0.08,84.8,-0.81,0.8,15.0,0.005,-0.0363,0.0088,,0.301,0.348,,,,,,
94.521,SCAN_LOW,3.541,-1.0056,0.08,85.66,-0.9,0.86,15.0,-0.0064,-0.0427,0.0039,,0.293,0.379,,,,,,
94.539,SCAN_LOW,3.5402,-1.0064,0.077,86.53,-0.74,0.76,15.0,-0.0158,-0.0458,0.0069,,0.293,0.379,,,,,,
94.625,SCAN_LOW,3.5394,-1.0072,0.077,87.28,-0.67,0.64,15.0,-0.0225,-0.0469,-0.0046,,0.296,0.42,,,,,,
94.64,SCAN_LOW,3.5375,-1.0088,0.081,87.94,-0.5,0.72,15.0,-0.0311,-0.0508,0.0048,,0.296,0.42,,,,,,
94.668,SCAN_LOW,3.5361,-1.0106,0.081,88.55,-0.35,0.62,15.0,-0.034,-0.0536,0.0121,,0.294,0.467,,,,,,
94.768,SCAN_LOW,3.5342,-1.0134,0.077,89.1,-0.15,0.38,15.0,-0.0371,-0.0581,0.0057,,0.294,0.467,,,,,,
94.811,SCAN_LOW,3.5327,-1.0158,0.077,89.62,0.07,0.13,15.0,-0.0357,-0.0573,-0.0045,,0.285,0.527,,,,,,
94.854,SCAN_LOW,3.5318,-1.0184,0.08,90.19,0.13,-0.18,15.0,-0.0309,-0.0563,-0.0005,,0.285,0.527,,,,,,
94.903,SCAN_LOW,3.5308,-1.0204,0.08,90.79,0.19,-0.51,15.0,-0.0269,-0.0495,0.0067,,0.285,,,,,,,
94.94,SCAN_LOW,3.5302,-1.0222,0.078,91.48,0.36,-0.22,15.0,-0.021,-0.0448,-0.0023,,0.285,,,,,,,
95.009,SCAN_LOW,3.5294,-1.0235,0.078,92.16,0.37,-0.22,15.0,-0.0169,-0.038,-0.0088,,0.277,,,,,,,
95.057,SCAN_LOW,3.5291,-1.0247,0.08,92.89,0.55,-0.22,-0.0,-0.0105,-0.0323,-0.0095,,0.277,,,,,,,
95.068,SCAN_LOW,3.529,-1.0259,0.08,93.73,0.63,-0.15,-0.0,-0.0035,-0.0292,-0.0027,,0.275,,,,,,,
95.134,SCAN_LOW,3.5303,-1.0261,0.082,94.45,0.54,-0.27,-0.0,0.0075,-0.0225,0.0004,,0.275,,,,,,,
95.167,SCAN_LOW,3.532,-1.0263,0.082,94.94,0.6,-0.36,-0.0,0.0176,-0.0175,-0.0025,,0.285,,,,,,,
95.225,SCAN_LOW,3.5344,-1.0256,0.079,95.31,0.42,-0.36,-0.0,0.0288,-0.0079,-0.0137,,0.285,,,,,,,
95.278,SCAN_LOW,3.5367,-1.025,0.079,95.57,0.43,-0.14,-0.0,0.0358,-0.0006,-0.0107,,0.287,,,,,,,
95.329,SCAN_LOW,3.5395,-1.0239,0.078,95.55,0.18,0.18,-0.0,0.0432,0.0045,-0.004,,0.287,,,,,,,
95.407,SCAN_LOW,3.5416,-1.0232,0.078,95.35,-0.44,0.06,-0.0,0.0415,0.0073,0.0023,,0.285,,,,,,,
95.427,SCAN_LOW,3.5445,-1.0221,0.08,95.11,-0.83,0.44,-0.0,0.0397,0.0073,0.0133,,0.285,,,,,,,
95.507,SCAN_LOW,3.5465,-1.0212,0.08,94.89,-0.63,0.51,-0.0,0.0343,0.0048,0.0319,,0.285,,,,,,,
95.525,SCAN_LOW,3.5488,-1.0209,0.083,94.56,-0.73,0.28,-0.0,0.0325,0.0021,0.0453,,0.285,,,,,,,
95.591,SCAN_LOW,3.5503,-1.02,0.083,94.48,-0.69,0.16,-0.0,0.0259,0.0025,0.0462,,0.29,,,,,,,
95.621,SCAN_LOW,3.5515,-1.019,0.09,94.43,-0.52,0.14,-0.0,0.0211,0.0046,0.0568,,0.29,,,,,,,
95.664,SCAN_LOW,3.553,-1.0183,0.09,94.38,-0.56,0.29,-0.0,0.0186,0.0039,0.07,,0.296,1.316,,,,,,
95.727,SCAN_LOW,3.5544,-1.0153,0.098,94.37,-0.35,0.32,-0.0,0.0166,0.0109,0.0663,,0.296,1.316,,,,,,
95.783,SCAN_LOW,3.5553,-1.015,0.098,94.18,-0.31,0.43,-0.0,0.0146,0.0065,0.0726,,0.292,1.416,,,,,,
95.813,SCAN_LOW,3.5565,-1.014,0.106,93.98,-0.46,0.51,-0.0,0.014,0.0051,0.0724,,0.292,1.416,,,,,,
95.874,SCAN_LOW,3.5557,-1.0119,0.106,93.84,-0.4,0.5,-0.0,0.0035,0.0067,0.0853,,0.296,1.447,,,,,,
95.943,SCAN_LOW,3.5558,-1.012,0.112,93.63,-0.24,0.48,-0.0,0.0012,0.0005,0.0875,,0.296,1.447,,,,,,
95.978,SCAN_LOW,3.5562,-1.0124,0.112,93.49,-0.26,0.26,-0.0,0.0014,-0.0032,0.088,,0.3,1.433,,,,,,
96.013,SCAN_LOW,3.5604,-1.0135,0.126,93.31,0.17,0.16,-0.0,0.0207,-0.0066,0.1048,,0.3,1.433,,,,,,
96.074,SCAN_LOW,3.5603,-1.0135,0.126,93.21,0.14,-0.08,-0.0,0.0175,-0.0061,0.1117,,0.321,1.402,,,,,,
96.116,SCAN_LOW,3.5613,-1.0137,0.133,93.31,-0.16,0.0,-0.0,0.0176,-0.0048,0.1075,,0.321,1.402,,,,,,
96.165,SCAN_LOW,3.5644,-1.0146,0.133,93.43,-0.34,-0.08,-0.0,0.0251,-0.0079,0.1089,,0.356,,,,,,,
96.216,SCAN_LOW,3.5653,-1.014,0.144,93.48,-0.43,0.13,-0.0,0.0203,-0.0046,0.1323,,0.356,,,,,,,
96.263,SCAN_LOW,3.5656,-1.0134,0.144,93.6,-0.6,0.33,-0.0,0.0128,-0.0036,0.1298,,,1.428,,,,,,
96.336,SCAN_LOW,3.5607,-1.0065,0.162,93.65,-0.88,0.14,-0.0,-0.0162,0.0212,0.1421,,,1.428,,,,,,
96.37,SCAN_LOW,3.559,-1.0045,0.162,93.64,-0.87,0.16,-0.0,-0.0274,0.0229,0.1587,,,1.401,,,,,,
96.435,SCAN_LOW,3.5574,-1.0016,0.179,93.53,-0.43,0.46,-0.0,-0.0332,0.0258,0.1548,,,1.401,,,,,,
96.47,SCAN_LOW,3.5549,-0.9996,0.179,93.32,0.03,0.59,-0.0,-0.0379,0.0232,0.1662,,,,,,,,,
96.566,SCAN_LOW,3.5527,-0.9982,0.192,93.06,0.49,0.58,-0.0,-0.0356,0.019,0.1736,,,,,,,,,
96.587,SCAN_LOW,3.5503,-0.9974,0.192,92.79,0.69,0.65,-0.0,-0.0325,0.0139,0.1723,,2.58,,,,,,,
96.621,SCAN_LOW,3.5488,-0.9958,0.206,92.57,0.7,0.76,-0.0,-0.0262,0.0115,0.1704,,2.58,,,,,,,
96.672,SCAN_LOW,3.548,-0.9953,0.206,92.3,1.05,0.46,-0.0,-0.0167,0.0069,0.164,,2.651,,,,,,,
96.746,SCAN_LOW,3.5469,-0.9936,0.22,92.29,0.89,0.52,-0.0,-0.0092,0.0093,0.1771,,2.651,,,,,,,
96.797,SCAN_LOW,3.5523,-0.9862,0.22,92.29,0.75,0.83,-0.0,0.0171,0.0317,0.1604,,2.693,,,,,,,
96.835,SCAN_LOW,3.5532,-0.9837,0.244,92.43,0.28,0.99,-0.0,0.0219,0.0277,0.176,,2.693,,,,,,,
96.865,SCAN_LOW,3.5543,-0.9821,0.244,92.67,-0.01,1.0,-0.0,0.0234,0.0208,0.1901,,2.679,,,,,,,
96.948,SCAN_LOW,3.5568,-0.9814,0.263,92.91,-0.45,0.86,-0.0,0.0255,0.0127,0.1844,,2.679,,,,,,,
96.982,SCAN_LOW,3.5581,-0.9806,0.263,93.08,-0.62,0.83,-0.0,0.0212,0.0068,0.1907,,,,,,,,,
97.027,SCAN_LOW,3.5587,-0.9794,0.281,93.27,-0.79,0.77,-0.0,0.015,0.0025,0.1777,,,,,,,,,
97.076,SCAN_LOW,3.5596,-0.9801,0.281,93.46,-0.87,0.83,-0.0,0.0083,-0.0066,0.1692,,2.711,,,,,,,
97.12,SCAN_LOW,3.5605,-0.979,0.298,93.57,-0.69,0.73,-0.0,0.0041,-0.0092,0.1594,,2.711,,,,,,,
97.18,SCAN_LOW,3.5611,-0.9784,0.298,93.72,-0.68,0.52,-0.0,0.0002,-0.0116,0.1526,,2.701,,,,,,,
97.232,SCAN_LOW,3.5487,-0.9793,0.31,93.96,-0.75,0.49,-0.0,-0.0366,-0.0199,0.1464,,2.701,,,,,,,
97.262,SCAN_LOW,3.5457,-0.9792,0.31,94.14,-0.5,0.22,-0.0,-0.044,-0.0208,0.1295,,2.705,,,,,,,
97.325,SCAN_LOW,3.5416,-0.9809,0.324,94.23,-0.21,0.04,-0.0,-0.0514,-0.0235,0.1206,,2.705,,,,,,,
97.393,SCAN_LOW,3.5386,-0.9808,0.324,94.41,0.15,0.04,-0.0,-0.0524,-0.0212,0.1083,,2.716,1.105,,,,,,
97.46,LAND_X_ALIGN,3.5363,-0.9804,0.334,94.51,0.57,-0.03,-0.0,-0.0486,-0.0178,0.0887,,2.716,1.105,,,,,,
97.512,LAND_X_ALIGN,3.5341,-0.9795,0.334,94.57,0.71,0.11,-0.0,-0.0428,-0.0136,0.0769,,2.719,1.201,,,3.64,-0.9804,,
97.541,LAND_X_ALIGN,3.532,-0.9797,0.34,94.49,0.74,0.16,-0.0,-0.0367,-0.0132,0.06,,2.719,1.201,,,3.64,-0.9804,,
97.628,LAND_X_ALIGN,3.5298,-0.9788,0.34,94.29,0.72,0.05,-0.0,-0.0318,-0.0102,0.0474,,2.716,,,,3.64,-0.9804,,
97.707,LAND_X_ALIGN,3.5288,-0.9782,0.348,94.05,0.94,0.08,-0.0,-0.024,-0.0074,0.0356,,2.716,,,,3.64,-0.9804,,
97.79,LAND_X_ALIGN,3.5265,-0.9767,0.348,93.8,2.05,0.23,-0.0,-0.0136,-0.0041,0.0338,,2.722,,,,3.64,-0.9804,,
97.824,LAND_X_ALIGN,3.5263,-0.9745,0.344,93.48,2.81,0.34,-0.0,0.0081,0.0006,0.0133,,2.722,,,,3.64,-0.9804,,
97.847,LAND_X_ALIGN,3.527,-0.9721,0.344,93.17,3.08,0.67,-0.0,0.0333,0.003,-0.0066,,2.719,,,,3.64,-0.9804,,
97.921,LAND_X_ALIGN,3.531,-0.9702,0.344,92.92,3.14,0.96,-0.0,0.0645,0.0012,-0.0084,,2.719,,,,3.64,-0.9804,,
97.95,LAND_X_ALIGN,3.535,-0.9688,0.344,92.86,2.72,0.94,-0.0,0.0909,-0.0021,-0.0131,,2.713,0.447,,,3.64,-0.9804,,
97.992,LAND_X_ALIGN,3.5425,-0.9677,0.343,92.9,2.15,0.76,-0.0,0.1167,-0.0048,-0.0109,,2.713,0.447,,,3.64,-0.9804,,
98.006,LAND_X_ALIGN,3.5488,-0.9663,0.343,92.97,1.67,0.76,-0.0,0.1334,-0.0065,-0.0111,,2.733,,,,3.64,-0.9804,,
98.016,LAND_X_ALIGN,3.5589,-0.9655,0.343,93.07,1.07,0.34,-0.0,0.1514,-0.0075,-0.0066,,2.733,,,,3.64,-0.9804,,
98.093,LAND_X_ALIGN,3.5663,-0.9648,0.343,93.23,0.58,0.29,-0.0,0.1576,-0.0068,-0.0042,,2.741,0.442,,,3.64,-0.9804,,
98.145,LAND_X_ALIGN,3.5733,-0.9629,0.343,93.41,0.44,0.3,-0.0,0.16,-0.0039,-0.0108,,2.741,0.442,,,3.64,-0.9804,,
98.206,LAND_X_ALIGN,3.5811,-0.9607,0.343,93.51,0.21,0.53,-0.0,0.1627,-0.0014,-0.0132,,2.731,0.452,,,3.64,-0.9804,,
98.234,LAND_X_ALIGN,3.588,-0.958,0.341,93.57,-0.14,0.74,-0.0,0.1608,-0.0008,-0.0175,,2.731,0.452,,,3.64,-0.9804,,
98.309,LAND_X_ALIGN,3.597,-0.9576,0.341,93.66,-0.23,1.04,-0.0,0.1613,-0.0078,-0.0213,,2.729,,,,3.64,-0.9804,,
98.385,LAND_X_ALIGN,3.6025,-0.9568,0.336,93.68,-0.41,1.17,-0.0,0.1546,-0.0146,-0.0214,,2.729,,,,3.64,-0.9804,,
98.434,LAND_X_ALIGN,3.6074,-0.9539,0.336,93.69,-0.49,1.26,-0.0,0.1464,-0.018,-0.026,,2.717,,,,3.64,-0.9804,,
98.439,LAND_X_ALIGN,3.6129,-0.953,0.333,93.79,-0.86,0.95,-0.0,0.1375,-0.0239,-0.0153,,2.717,,,,3.64,-0.9804,,
98.52,LAND_X_ALIGN,3.6186,-0.9529,0.333,94.02,-0.82,0.97,-0.0,0.1288,-0.0298,-0.016,,2.722,0.423,,,3.64,-0.9804,,
98.587,LAND_X_ALIGN,3.6225,-0.9505,0.336,94.28,-0.73,0.89,-0.0,0.1179,-0.0314,-0.0151,,2.722,0.423,,,3.64,-0.9804,,
98.705,LAND_X_ALIGN,3.6277,-0.9509,0.336,94.59,-0.61,0.86,-0.0,0.1115,-0.0364,-0.0025,,2.725,0.472,,,3.64,-0.9804,,
98.756,LAND_X_ALIGN,3.6327,-0.9497,0.335,94.89,-0.63,0.94,-0.0,0.1061,-0.0391,-0.008,,2.725,0.472,,,3.64,-0.9804,,
98.807,LAND_X_ALIGN,3.6376,-0.9501,0.335,95.12,-0.55,0.94,-0.0,0.101,-0.0447,-0.0073,,2.723,,,,3.64,-0.9804,,
98.861,LAND_X_ALIGN,3.6436,-0.9506,0.336,95.32,-0.6,1.09,-0.0,0.0987,-0.0501,-0.0079,,2.723,,,,3.64,-0.9804,,
98.925,LAND_X_ALIGN,3.6482,-0.9496,0.336,95.47,-0.71,1.14,-0.0,0.0935,-0.0537,-0.0056,,2.744,,,,3.64,-0.9804,,
98.988,LAND_X_ALIGN,3.6514,-0.9484,0.329,95.63,-0.78,1.11,-0.0,0.085,-0.0569,-0.0093,,2.744,,,,3.64,-0.9804,,
98.999,LAND_X_ALIGN,3.6548,-0.9489,0.329,95.76,-0.63,1.17,-0.0,0.0785,-0.0626,-0.0306,,2.742,,,,3.64,-0.9804,,
99.078,LAND_X_ALIGN,3.6584,-0.9507,0.328,95.83,-0.48,1.24,-0.0,0.0743,-0.0712,-0.025,,2.742,,,,3.64,-0.9804,,
99.198,LAND_X_ALIGN,3.6608,-0.954,0.328,95.9,-0.39,1.19,-0.0,0.0694,-0.0812,-0.0274,,2.723,,,,3.64,-0.9804,,
99.275,LAND_X_ALIGN,3.6644,-0.9546,0.324,95.9,-0.59,1.04,-0.0,0.0664,-0.0852,-0.0314,,2.723,,,,3.64,-0.9804,,
99.321,LAND_X_ALIGN,3.6667,-0.9557,0.324,95.76,-0.82,0.91,-0.0,0.0588,-0.0883,-0.0305,,2.747,,,,3.64,-0.9804,,
99.372,LAND_X_ALIGN,3.6696,-0.9576,0.323,95.47,-0.97,0.85,-0.0,0.0518,-0.0919,-0.0295,,2.747,,,,3.64,-0.9804,,
99.448,LAND_X_ALIGN,3.6696,-0.9564,0.323,95.18,-1.34,0.71,-0.0,0.0375,-0.0896,-0.0238,,2.721,,,,3.64,-0.9804,,
99.523,LAND_X_ALIGN,3.6715,-0.9597,0.316,94.76,-1.5,0.7,-0.0,0.026,-0.0944,-0.0307,,2.721,,,,3.64,-0.9804,,
99.65,LAND_X_ALIGN,3.6697,-0.9606,0.316,94.39,-1.54,0.68,-0.0,0.0079,-0.095,-0.0367,,2.732,,,,3.64,-0.9804,,
99.704,LAND_X_ALIGN,3.6682,-0.959,0.313,93.97,-1.39,0.29,-0.0,-0.0085,-0.0896,-0.0247,,2.732,,,,3.64,-0.9804,,
99.721,LAND_X_ALIGN,3.6652,-0.9589,0.313,93.39,-1.09,0.37,-0.0,-0.0234,-0.0856,-0.0265,,2.722,,,,3.64,-0.9804,,
99.735,LAND_X_ALIGN,3.6611,-0.9619,0.315,92.79,-1.06,0.2,-0.0,-0.0381,-0.0869,-0.0178,,2.722,,,,3.64,-0.9804,,
99.747,LAND_X_ALIGN,3.6588,-0.9601,0.315,92.14,-0.82,-0.16,-0.0,-0.047,-0.077,-0.0007,,2.724,0.414,,,3.64,-0.9804,,
99.759,LAND_X_ALIGN,3.6557,-0.9593,0.313,91.48,-0.54,-0.25,-0.0,-0.0542,-0.0675,-0.0013,,2.724,0.414,,,3.64,-0.9804,,
99.768,LAND_X_ALIGN,3.6534,-0.9585,0.313,90.88,-0.43,0.04,-0.0,-0.0575,-0.0595,-0.0029,,2.73,0.379,,,3.64,-0.9804,,
99.828,LAND_X_ALIGN,3.6478,-0.9596,0.315,90.41,-0.16,0.23,-0.0,-0.0655,-0.0578,0.0042,,2.73,0.379,,,3.64,-0.9804,,
99.838,LAND_X_ALIGN,3.6436,-0.958,0.315,90.09,-0.08,0.42,-0.0,-0.068,-0.0522,0.0003,,2.725,0.356,,,3.64,-0.9804,,
99.888,LAND_X_ALIGN,3.6396,-0.9595,0.318,89.83,-0.31,0.75,-0.0,-0.0709,-0.0553,-0.0065,,2.725,0.356,,,3.64,-0.9804,,
99.899,LAND_X_ALIGN,3.6384,-0.9582,0.318,89.8,-0.36,0.84,-0.0,-0.0693,-0.0543,0.0011,,2.716,0.352,,,3.64,-0.9804,,
99.927,LAND_X_ALIGN,3.6347,-0.9605,0.315,89.99,-0.55,0.69,-0.0,-0.0734,-0.0598,-0.0076,,2.716,0.352,,,3.64,-0.9804,,
99.959,LAND_X_ALIGN,3.6329,-0.9625,0.315,90.21,-0.83,0.46,-0.0,-0.0757,-0.0624,-0.0111,,2.725,0.361,,,3.64,-0.9804,,
99.99,LAND_X_ALIGN,3.6307,-0.9626,0.31,90.46,-0.95,0.45,-0.0,-0.0801,-0.0604,-0.0087,,2.725,0.361,,,3.64,-0.9804,,
99.994,LAND_X_ALIGN,3.6267,-0.9643,0.31,90.71,-0.27,0.05,-0.0,-0.0849,-0.0599,-0.0221,,2.727,0.389,,,3.64,-0.9804,,
100.012,LAND_X_ALIGN,3.6236,-0.9648,0.309,90.95,0.36,-0.16,-0.0,-0.0813,-0.0539,-0.0174,,2.727,0.389,,,3.64,-0.9804,,
100.082,LAND_X_ALIGN,3.622,-0.9673,0.309,91.19,0.64,-0.23,-0.0,-0.0712,-0.052,-0.0171,,2.711,0.437,,,3.64,-0.9804,,
100.113,LAND_X_ALIGN,3.6186,-0.9688,0.309,91.4,1.04,-0.2,-0.0,-0.0637,-0.0475,-0.0172,,2.711,0.437,,,3.64,-0.9804,,
100.197,LAND_X_ALIGN,3.6153,-0.9704,0.309,91.6,1.3,-0.05,-0.0,-0.0539,-0.0448,-0.0125,,2.722,,,,3.64,-0.9804,,
100.216,LAND_X_ALIGN,3.6137,-0.9719,0.309,91.78,1.5,-0.02,-0.0,-0.0396,-0.0424,-0.0195,,2.722,,,,3.64,-0.9804,,
100.291,LAND_X_ALIGN,3.6129,-0.9741,0.309,91.83,1.29,-0.09,-0.0,-0.0254,-0.0421,-0.015,,2.695,0.5,,,3.64,-0.9804,,
100.337,LAND_X_ALIGN,3.6146,-0.9766,0.307,91.83,1.01,-0.37,-0.0,-0.0095,-0.0412,-0.0137,,2.695,0.5,,,3.64,-0.9804,,
100.376,LAND_X_ALIGN,3.6182,-0.9777,0.307,91.69,0.7,-0.29,-0.0,0.0066,-0.0367,-0.0133,,2.691,,,,3.64,-0.9804,,
100.414,LAND_X_ALIGN,3.6207,-0.9775,0.309,91.51,0.41,-0.63,-0.0,0.0161,-0.0276,-0.0056,,2.691,,,,3.64,-0.9804,,
100.491,LAND_X_ALIGN,3.6225,-0.9796,0.309,91.32,-0.13,-0.68,-0.0,0.019,-0.0239,0.0073,,2.709,,,,3.64,-0.9804,,
100.517,LAND_X_ALIGN,3.6266,-0.978,0.303,91.06,-0.37,-0.43,-0.0,0.024,-0.013,0.0037,,2.709,,,,3.64,-0.9804,,
100.578,LAND_X_ALIGN,3.6271,-0.9776,0.303,90.72,-0.34,-0.22,-0.0,0.0195,-0.0078,-0.0122,,2.708,0.461,,,3.64,-0.9804,,
100.657,LAND_X_ALIGN,3.6294,-0.9764,0.305,90.47,-0.42,-0.18,-0.0,0.0196,-0.0026,0.0012,,2.708,0.461,,,3.64,-0.9804,,
100.674,LAND_X_ALIGN,3.6307,-0.9749,0.305,90.31,-0.54,-0.14,-0.0,0.0163,0.0025,0.0048,,2.709,0.439,,,3.64,-0.9804,,
100.757,LAND_X_ALIGN,3.6308,-0.9744,0.305,90.15,-0.3,-0.28,-0.0,0.0113,0.0054,0.0046,,2.709,0.439,,,3.64,-0.9804,,
100.78,LAND_X_ALIGN,3.6285,-0.9744,0.305,90.09,0.02,0.04,-0.0,0.0038,0.0066,-0.0001,,2.712,0.425,,,3.64,-0.9804,,
100.84,LAND_X_ALIGN,3.6284,-0.9723,0.306,90.05,0.21,0.15,-0.0,0.0044,0.0099,0.002,,2.712,0.425,,,3.64,-0.9804,,
100.909,LAND_APPROACH,3.6298,-0.9708,0.306,89.99,0.3,0.19,-0.0,0.0093,0.0108,0.0054,,2.71,0.4,,,3.64,-1.28,,
100.917,LAND_APPROACH,3.6301,-0.9697,0.31,89.97,0.36,0.32,-0.0,0.0117,0.0099,0.0055,,2.71,0.4,,,3.64,-1.28,,
100.981,LAND_APPROACH,3.6325,-0.9681,0.31,89.9,0.35,0.42,-0.0,0.0185,0.0094,0.0135,,2.711,0.387,,,3.64,-1.28,,
101.052,LAND_APPROACH,3.6337,-0.9673,0.309,89.84,0.42,1.0,-0.0,0.0224,0.0046,0.0049,,2.711,0.387,,,3.64,-1.28,,
101.123,LAND_APPROACH,3.6346,-0.9671,0.309,89.83,0.4,4.36,-0.0,0.0253,-0.0205,0.0014,,2.693,0.395,,,3.64,-1.28,,
101.136,LAND_APPROACH,3.6373,-0.9653,0.313,89.93,0.56,6.23,-0.0,0.0327,-0.0606,-0.0003,,2.693,0.395,,,3.64,-1.28,,
101.192,LAND_APPROACH,3.6394,-0.9692,0.313,89.98,0.4,7.17,-0.0,0.0379,-0.1184,0.0023,,,0.455,,,3.64,-1.28,,
101.22,LAND_APPROACH,3.6428,-0.9774,0.311,90.0,0.18,7.44,-0.0,0.0437,-0.1831,-0.0064,,,0.455,,,3.64,-1.28,,
101.294,LAND_APPROACH,3.6445,-0.9887,0.311,89.99,-0.31,7.19,-0.0,0.0418,-0.2481,-0.0135,,,,,,3.64,-1.28,,
101.349,LAND_APPROACH,3.6469,-1.0024,0.309,89.92,-0.57,6.14,-0.0,0.0387,-0.305,-0.017,,,,,,3.64,-1.28,,
101.378,LAND_APPROACH,3.6491,-1.0226,0.309,89.89,-0.67,4.77,-0.0,0.0337,-0.3608,-0.0079,,2.616,0.712,,,3.64,-1.28,,
101.451,LAND_APPROACH,3.6504,-1.0386,0.306,89.83,-0.96,3.35,-0.0,0.0256,-0.3894,0.0006,,2.616,0.712,,,3.64,-1.28,,
101.473,LAND_APPROACH,3.6516,-1.0555,0.306,89.66,-1.19,2.45,-0.0,0.0163,-0.4062,-0.0101,,,,,,3.64,-1.28,,
101.528,LAND_APPROACH,3.6533,-1.0748,0.307,89.62,-1.37,1.82,-0.0,0.0078,-0.4193,-0.0126,,,,,,3.64,-1.28,,
101.614,LAND_APPROACH,3.654,-1.0928,0.307,89.66,-1.29,0.91,-0.0,-0.0028,-0.4231,-0.0035,,2.603,1.713,,,3.64,-1.28,,
101.656,LAND_APPROACH,3.6523,-1.1098,0.312,89.81,-0.75,0.77,-0.0,-0.0149,-0.4217,-0.0103,,2.603,1.713,,,3.64,-1.28,,
101.665,LAND_APPROACH,3.6523,-1.13,0.312,89.97,-0.91,0.53,-0.0,-0.0197,-0.424,-0.0012,,2.56,1.717,,,3.64,-1.28,,
101.765,LAND_APPROACH,3.652,-1.1465,0.305,90.08,-0.8,0.08,-0.0,-0.0255,-0.4157,-0.0007,,2.56,1.717,,,3.64,-1.28,,
101.804,LAND_APPROACH,3.6514,-1.1618,0.305,90.21,-0.6,-0.25,-0.0,-0.0299,-0.4029,-0.0145,,2.533,,,,3.64,-1.28,,
101.882,LAND_APPROACH,3.6506,-1.1766,0.304,90.51,-0.54,0.02,-0.0,-0.0329,-0.3901,-0.0141,,2.533,,,,3.64,-1.28,,
101.889,LAND_APPROACH,3.651,-1.1924,0.304,90.94,-0.17,-0.04,-0.0,-0.0309,-0.3818,-0.0124,,2.51,1.651,,,3.64,-1.28,,
101.965,LAND_APPROACH,3.6493,-1.2081,0.304,91.28,0.12,-0.2,-0.0,-0.0316,-0.3721,-0.0112,,2.51,1.651,,,3.64,-1.28,,
102.017,LAND_APPROACH,3.6485,-1.2246,0.304,91.48,0.28,0.45,-0.0,-0.0275,-0.3686,-0.0108,,2.46,1.622,,,3.64,-1.28,,
102.096,LAND_APPROACH,3.6488,-1.2374,0.304,91.56,0.01,0.76,-0.0,-0.0225,-0.3605,-0.0137,,2.46,1.622,,,3.64,-1.28,,
102.136,LAND_APPROACH,3.6491,-1.2502,0.304,91.58,-0.06,1.02,-0.0,-0.0197,-0.3557,-0.0118,,2.453,1.629,,,3.64,-1.28,,
102.165,LAND_APPROACH,3.6488,-1.2648,0.3,91.64,0.21,1.41,-0.0,-0.0171,-0.3582,-0.0145,,2.453,1.629,,,3.64,-1.28,,
102.211,LAND_APPROACH,3.6495,-1.28,0.3,91.64,0.11,1.99,-0.0,-0.0118,-0.3657,-0.0202,,2.413,1.619,,,3.64,-1.28,,
102.222,LAND_APPROACH,3.6498,-1.2987,0.227,91.5,0.33,2.31,-0.0,-0.007,-0.3856,-0.0152,,2.413,1.619,,,3.64,-1.28,,
102.299,LAND_APPROACH,3.652,-1.3102,0.227,91.37,0.38,2.1,-0.0,0.0017,-0.3878,-0.1635,,2.382,1.622,,,3.64,-1.28,,
102.376,LAND_APPROACH,3.6538,-1.3308,0.211,91.16,0.33,2.25,-0.0,0.0104,-0.4141,-0.0291,,2.382,1.622,,,3.64,-1.28,,
102.381,LAND_APPROACH,3.6573,-1.3437,0.211,90.9,0.13,1.84,-0.0,0.02,-0.4164,-0.0862,,2.353,1.61,,,3.64,-1.28,,
102.411,LAND_APPROACH,3.6604,-1.3622,0.247,90.83,-0.31,1.45,-0.0,0.0248,-0.4256,0.0108,,2.353,1.61,,,3.64,-1.28,,
102.467,LAND_APPROACH,3.6636,-1.3895,0.247,90.68,-0.44,-1.68,-0.0,0.0254,-0.4403,0.095,,2.339,1.615,,,3.64,-1.28,,
102.528,LAND_APPROACH,3.6667,-1.4064,0.278,90.63,-0.43,-4.12,-0.0,0.0268,-0.4005,0.0922,,2.339,1.615,,,3.64,-1.28,,
102.578,LAND_APPROACH,3.6709,-1.4274,0.278,90.74,-0.73,-5.5,-0.0,0.0268,-0.3643,0.1817,,2.295,1.619,,,3.64,-1.28,,
102.615,LAND_APPROACH,3.6733,-1.4423,0.314,90.91,-0.91,-6.36,-0.0,0.0218,-0.311,0.1366,,2.295,1.619,,,3.64,-1.28,,
102.678,LAND_APPROACH,3.6745,-1.4556,0.314,91.16,-0.85,-6.49,-0.0,0.0129,-0.255,0.2008,,2.277,1.612,,,3.64,-1.28,,
102.731,LAND_APPROACH,3.6769,-1.464,0.335,91.39,-0.85,-6.29,-0.0,0.0086,-0.2002,0.1342,,2.277,1.612,,,3.64,-1.28,,
102.774,LAND_APPROACH,3.6765,-1.4736,0.335,91.49,-0.82,-5.72,-0.0,-0.0009,-0.1542,0.1417,,2.258,1.61,,,3.64,-1.28,,
102.813,LAND_APPROACH,3.6755,-1.4807,0.348,91.61,-0.81,-4.92,-0.0,-0.0097,-0.1126,0.0919,,2.258,1.61,,,3.64,-1.28,,
102.871,LAND_APPROACH,3.6758,-1.4824,0.348,91.77,-0.65,-4.09,-0.0,-0.0155,-0.0719,0.0794,,2.249,1.613,,,3.64,-1.28,,
102.913,LAND_APPROACH,3.6739,-1.4846,0.35,91.8,-0.38,-3.12,0.0,-0.0219,-0.04,0.035,,2.249,1.613,,,3.64,-1.28,,
102.965,LAND_APPROACH,3.6704,-1.4842,0.35,91.76,-0.24,-2.19,0.0,-0.0291,-0.0098,0.0105,,2.244,1.605,,,3.64,-1.28,,
103.028,LAND_APPROACH,3.6729,-1.4804,0.351,91.9,-0.13,-1.25,0.0,-0.0248,0.0077,-0.0115,,2.244,1.605,,,3.64,-1.28,,
103.061,LAND_APPROACH,3.67,-1.4806,0.351,91.93,-0.15,-0.7,0.0,-0.0287,0.0155,-0.0275,,2.236,1.608,,,3.64,-1.28,,
103.143,LAND_APPROACH,3.6676,-1.48,0.345,91.94,-0.23,-0.23,0.0,-0.0319,0.0195,-0.0473,,2.236,1.608,,,3.64,-1.28,,
103.173,LAND_APPROACH,3.6643,-1.4782,0.345,91.89,-0.15,-0.08,0.0,-0.0366,0.0244,-0.0605,,2.237,1.601,,,3.64,-1.28,,
103.239,LAND_APPROACH,3.6633,-1.478,0.334,91.88,-0.13,-0.03,0.0,-0.0361,0.0215,-0.0672,,2.237,1.601,,,3.64,-1.28,,
103.268,LAND_APPROACH,3.66,-1.4758,0.334,91.89,-0.16,0.04,0.0,-0.04,0.0252,-0.0842,,2.236,1.61,,,3.64,-1.28,,
103.385,LAND_YAW_ALIGN,3.6568,-1.4753,0.327,92.05,-0.18,0.15,0.0,-0.0435,0.0233,-0.0792,,2.236,1.61,,,3.64,-1.28,,
103.437,LAND_YAW_ALIGN,3.6521,-1.4763,0.327,92.26,-0.2,0.22,0.0,-0.0496,0.0186,-0.0801,,2.238,1.605,,,3.64,-1.28,,
103.492,LAND_YAW_ALIGN,3.65,-1.4759,0.318,92.61,-0.27,0.27,0.0,-0.051,0.0149,-0.0782,,2.238,1.605,,,3.64,-1.28,,
103.503,LAND_YAW_ALIGN,3.6468,-1.4795,0.318,92.91,-0.29,0.41,0.0,-0.0543,0.0027,-0.0774,,2.236,1.597,,,3.64,-1.28,,
103.538,LAND_YAW_ALIGN,3.6438,-1.4797,0.313,93.24,-0.36,0.57,15.0,-0.0573,-0.002,-0.0719,,2.236,1.597,,,3.64,-1.28,,
103.62,LAND_YAW_ALIGN,3.6415,-1.482,0.313,93.63,-0.16,0.67,15.0,-0.0585,-0.0125,-0.0588,,2.234,1.598,,,3.64,-1.28,,
103.646,LAND_YAW_ALIGN,3.638,-1.4843,0.308,94.08,0.48,0.78,15.0,-0.0572,-0.0218,-0.0525,,2.234,1.598,,,3.64,-1.28,,
103.74,LAND_YAW_ALIGN,3.6408,-1.487,0.308,94.56,0.73,0.62,15.0,-0.0407,-0.0317,-0.0461,,2.23,1.592,,,3.64,-1.28,,
103.751,LAND_YAW_ALIGN,3.6448,-1.4926,0.306,95.17,0.82,0.53,15.0,-0.0217,-0.0451,-0.0449,,2.23,1.592,,,3.64,-1.28,,
103.764,LAND_YAW_ALIGN,3.6491,-1.4979,0.306,95.82,0.77,0.17,15.0,-0.0044,-0.0541,-0.0319,,2.221,1.588,,,3.64,-1.28,,
103.819,LAND_YAW_ALIGN,3.6497,-1.5019,0.3,96.43,0.55,-0.15,15.0,0.0028,-0.056,-0.0281,,2.221,1.588,,,3.64,-1.28,,
103.864,LAND_YAW_ALIGN,3.6528,-1.5059,0.3,97.02,0.39,-0.33,15.0,0.0122,-0.0559,-0.0294,,2.225,1.591,,,3.64,-1.28,,
103.973,LAND_YAW_ALIGN,3.6534,-1.5072,0.3,97.6,0.16,-0.65,15.0,0.0138,-0.0482,-0.0193,,2.225,1.591,,,3.64,-1.28,,
103.981,LAND_YAW_ALIGN,3.6579,-1.511,0.3,98.17,0.13,-0.82,15.0,0.0217,-0.0446,-0.0119,,2.21,1.595,,,3.64,-1.28,,
104.067,LAND_YAW_ALIGN,3.659,-1.5095,0.299,98.72,-0.03,-0.72,15.0,0.0217,-0.0301,-0.0093,,2.21,1.595,,,3.64,-1.28,,
104.132,LAND_YAW_ALIGN,3.6597,-1.5093,0.299,99.31,-0.3,-0.82,15.0,0.0185,-0.0206,-0.0034,,2.216,1.599,,,3.64,-1.28,,
104.183,LAND_YAW_ALIGN,3.6623,-1.5122,0.297,99.89,-0.35,-0.73,15.0,0.0177,-0.0183,-0.0019,,2.216,1.599,,,3.64,-1.28,,
104.279,LAND_YAW_ALIGN,3.6646,-1.5077,0.297,100.43,-0.19,-0.5,15.0,0.0183,-0.0021,-0.0043,,2.221,1.599,,,3.64,-1.28,,
104.302,LAND_YAW_ALIGN,3.6628,-1.5064,0.297,100.99,-0.24,-0.42,15.0,0.0103,0.0042,-0.005,,2.221,1.599,,,3.64,-1.28,,
104.309,LAND_YAW_ALIGN,3.662,-1.5042,0.297,101.54,-0.25,-0.26,15.0,0.0051,0.0106,-0.0042,,2.226,1.602,,,3.64,-1.28,,
104.384,LAND_YAW_ALIGN,3.6609,-1.5011,0.297,101.96,-0.3,-0.18,15.0,-0.0004,0.0175,-0.0045,,2.226,1.602,,,3.64,-1.28,,
104.447,LAND_YAW_ALIGN,3.6587,-1.4991,0.297,102.38,-0.35,-0.02,15.0,-0.0081,0.0197,-0.0048,,2.227,1.606,,,3.64,-1.28,,
104.566,LAND_YAW_ALIGN,3.658,-1.4952,0.297,102.81,-0.48,0.2,15.0,-0.0119,0.0242,-0.0044,,2.227,1.606,,,3.64,-1.28,,
104.597,LAND_YAW_ALIGN,3.6548,-1.4923,0.297,103.32,-0.27,0.33,15.0,-0.0207,0.0245,-0.004,,2.235,1.605,,,3.64,-1.28,,
104.648,LAND_YAW_ALIGN,3.6532,-1.4895,0.297,103.86,-0.02,0.54,15.0,-0.0219,0.0241,-0.005,,2.235,1.605,,,3.64,-1.28,,
104.697,LAND_YAW_ALIGN,3.6529,-1.4871,0.297,104.37,0.17,0.87,15.0,-0.0173,0.021,-0.0018,,2.25,1.613,,,3.64,-1.28,,
104.77,LAND_YAW_ALIGN,3.6502,-1.4852,0.298,104.96,0.29,0.96,15.0,-0.0179,0.0152,0.0016,,2.25,1.613,,,3.64,-1.28,,
104.821,LAND_YAW_ALIGN,3.649,-1.4841,0.298,105.66,0.46,1.08,15.0,-0.0133,0.0085,0.0047,,2.25,1.606,,,3.64,-1.28,,
104.939,LAND_YAW_ALIGN,3.6486,-1.4817,0.296,106.41,0.61,1.07,15.0,-0.0053,0.0058,0.0081,,2.25,1.606,,,3.64,-1.28,,
105.01,LAND_YAW_ALIGN,3.6479,-1.4809,0.296,107.25,0.54,1.0,15.0,0.0008,-0.0001,0.0006,,2.267,1.618,,,3.64,-1.28,,
105.03,LAND_YAW_ALIGN,3.6513,-1.4813,0.295,108.14,0.4,0.82,15.0,0.0157,-0.0049,0.0042,,2.267,1.618,,,3.64,-1.28,,
105.1,LAND_YAW_ALIGN,3.6532,-1.4806,0.295,109.04,0.24,0.66,15.0,0.0233,-0.0066,-0.001,,2.271,1.626,,,3.64,-1.28,,
105.146,LAND_YAW_ALIGN,3.6532,-1.4804,0.294,109.93,0.07,0.62,15.0,0.0229,-0.0107,-0.0009,,2.271,1.626,,,3.64,-1.28,,
105.266,LAND_YAW_ALIGN,3.6642,-1.4842,0.294,110.67,0.16,0.35,15.0,0.0515,-0.0167,-0.0034,,2.299,1.625,,,3.64,-1.28,,
105.349,LAND_YAW_ALIGN,3.6678,-1.4843,0.296,111.53,-0.17,0.24,15.0,0.0551,-0.0167,0.0003,,2.299,1.625,,,3.64,-1.28,,
105.386,LAND_YAW_ALIGN,3.6702,-1.482,0.296,112.32,-0.51,-0.07,15.0,0.0518,-0.0105,0.0044,,2.319,1.63,,,3.64,-1.28,,
105.404,LAND_YAW_ALIGN,3.6713,-1.4798,0.297,113.16,-0.77,-0.02,15.0,0.0431,-0.0066,0.0012,,2.319,1.63,,,3.64,-1.28,,
105.449,LAND_YAW_ALIGN,3.6736,-1.4815,0.297,113.97,-0.71,-0.2,15.0,0.0374,-0.0113,0.0048,0.746,2.338,1.634,,,3.64,-1.28,,
105.517,LAND_YAW_ALIGN,3.6747,-1.4774,0.3,114.68,-0.72,-0.32,15.0,0.0295,-0.001,0.0011,0.746,2.338,1.634,,,3.64,-1.28,,
105.654,LAND_YAW_ALIGN,3.6746,-1.4742,0.3,115.42,-0.8,-0.34,15.0,0.0185,0.0057,0.0084,0.721,2.357,,,,3.64,-1.28,,
105.696,LAND_YAW_ALIGN,3.6726,-1.4705,0.296,116.2,-0.73,-0.19,15.0,0.0058,0.0121,0.0042,0.721,2.357,,,,3.64,-1.28,,
105.735,LAND_YAW_ALIGN,3.6695,-1.4665,0.296,116.99,-0.6,0.05,15.0,-0.009,0.0162,-0.0056,0.683,2.374,,,,3.64,-1.28,,
105.778,LAND_YAW_ALIGN,3.6659,-1.4611,0.298,117.79,-0.55,0.18,15.0,-0.0199,0.0228,-0.0004,0.683,2.374,,,,3.64,-1.28,,
105.795,LAND_YAW_ALIGN,3.6637,-1.456,0.298,118.58,-0.43,0.29,15.0,-0.0264,0.0268,0.0029,0.659,2.399,,,,3.64,-1.28,,
105.806,LAND_YAW_ALIGN,3.6618,-1.4542,0.296,119.37,-0.24,0.51,15.0,-0.0285,0.0245,0.0025,0.659,2.399,,,,3.64,-1.28,,
105.818,LAND_YAW_ALIGN,3.6603,-1.4515,0.296,120.15,-0.12,0.7,15.0,-0.0273,0.0215,-0.002,0.643,2.435,,,,3.64,-1.28,,
105.823,LAND_YAW_ALIGN,3.6574,-1.4485,0.297,120.95,-0.06,0.8,15.0,-0.0292,0.0206,0.0023,0.643,2.435,,,,3.64,-1.28,,
105.842,LAND_YAW_ALIGN,3.6559,-1.4458,0.297,121.67,0.14,0.86,15.0,-0.0249,0.0176,0.0023,0.631,2.464,,,,3.64,-1.28,,
105.896,LAND_YAW_ALIGN,3.6544,-1.4443,0.294,122.36,0.26,1.0,15.0,-0.0214,0.0145,0.0031,0.631,2.464,,,,3.64,-1.28,,
105.964,LAND_YAW_ALIGN,3.6522,-1.4407,0.294,123.08,0.28,1.16,15.0,-0.0163,0.0135,-0.0029,0.623,2.488,,,,3.64,-1.28,,
106.022,LAND_YAW_ALIGN,3.6504,-1.4396,0.296,123.81,0.29,1.04,15.0,-0.0114,0.0081,0.0002,0.623,2.488,,,,3.64,-1.28,,
106.101,LAND_YAW_ALIGN,3.6511,-1.4384,0.296,124.46,0.23,0.87,15.0,-0.0016,0.0052,0.0026,0.615,2.508,,,,3.64,-1.28,,
106.177,LAND_YAW_ALIGN,3.6517,-1.4374,0.298,125.14,0.14,0.79,15.0,0.0053,0.0024,0.0011,0.615,2.508,,,,3.64,-1.28,,
106.24,LAND_YAW_ALIGN,3.6533,-1.4364,0.298,125.81,0.18,0.71,15.0,0.0133,0.0006,0.0047,0.613,2.549,,,,3.64,-1.28,,
106.323,LAND_YAW_ALIGN,3.6533,-1.435,0.296,126.48,0.07,0.55,15.0,0.0157,0.0006,0.0034,0.613,2.549,,,,3.64,-1.28,,
106.343,LAND_YAW_ALIGN,3.6505,-1.4297,0.296,127.17,-0.09,0.6,15.0,0.0106,0.0085,0.0009,0.615,2.573,1.079,,,3.64,-1.28,,
106.398,LAND_YAW_ALIGN,3.6512,-1.4282,0.296,127.85,-0.11,0.5,15.0,0.0131,0.0074,0.0019,0.615,2.573,1.079,,,3.64,-1.28,,
106.438,LAND_YAW_ALIGN,3.6527,-1.4287,0.296,128.48,-0.26,0.54,15.0,0.0163,0.0013,-0.0003,0.619,2.588,1.07,,,3.64,-1.28,,
106.459,LAND_YAW_ALIGN,3.6522,-1.426,0.298,129.15,-0.33,0.39,15.0,0.0137,0.0028,0.0008,0.619,2.588,1.07,,,3.64,-1.28,,
106.524,LAND_YAW_ALIGN,3.6537,-1.4239,0.298,129.87,-0.32,0.5,15.0,0.0159,0.0028,0.0044,0.623,2.623,1.071,,,3.64,-1.28,,
106.583,LAND_YAW_ALIGN,3.6563,-1.4245,0.297,130.61,-0.23,0.27,15.0,0.0205,-0.0023,0.0012,0.623,2.623,1.071,,,3.64,-1.28,,
106.661,LAND_YAW_ALIGN,3.6607,-1.4249,0.297,131.39,-0.29,0.12,15.0,0.0275,-0.0049,0.0006,0.631,2.666,1.074,,,3.64,-1.28,,
106.704,LAND_YAW_ALIGN,3.6628,-1.4246,0.297,132.21,-0.42,-0.03,15.0,0.0271,-0.0057,0.0011,0.631,2.666,1.074,,,3.64,-1.28,,
106.778,LAND_YAW_ALIGN,3.6632,-1.4247,0.297,133.02,-0.38,-0.19,15.0,0.0218,-0.0068,-0.0017,0.64,2.68,1.072,,,3.64,-1.28,,
106.847,LAND_YAW_ALIGN,3.6637,-1.4235,0.299,133.78,-0.4,-0.16,15.0,0.017,-0.0047,0.0027,0.64,2.68,1.072,,,3.64,-1.28,,
106.914,LAND_YAW_ALIGN,3.6597,-1.4205,0.299,134.52,-0.5,-0.1,15.0,0.0021,0.0001,0.0072,0.654,,1.071,,,3.64,-1.28,,
106.986,LAND_YAW_ALIGN,3.6576,-1.4186,0.3,135.33,-0.35,-0.09,15.0,-0.0059,0.0024,0.0054,0.654,,1.071,,,3.64,-1.28,,
107.037,LAND_YAW_ALIGN,3.6612,-1.4201,0.3,136.14,-0.2,0.2,15.0,0.002,-0.0029,0.0088,0.664,,1.076,,,3.64,-1.28,,
107.048,LAND_YAW_ALIGN,3.6513,-1.4125,0.299,136.85,-0.2,0.19,15.0,-0.0204,0.011,0.0056,0.664,,1.076,,,3.64,-1.28,,
107.128,LAND_YAW_ALIGN,3.6475,-1.4101,0.299,137.61,-0.16,0.37,15.0,-0.026,0.0122,0.003,0.675,2.791,1.076,,,3.64,-1.28,,
107.186,LAND_YAW_ALIGN,3.6459,-1.4062,0.299,138.37,-0.12,0.64,15.0,-0.0242,0.0153,0.0035,0.675,2.791,1.076,,,3.64,-1.28,,
107.319,LAND_YAW_ALIGN,3.6427,-1.4031,0.299,139.17,-0.2,0.66,15.0,-0.0256,0.0162,-0.0001,0.684,,1.078,,,3.64,-1.28,,
107.339,LAND_YAW_ALIGN,3.6411,-1.4015,0.298,140.04,-0.21,0.78,15.0,-0.0228,0.0125,0.0012,0.684,,1.078,,,3.64,-1.28,,
107.382,LAND_YAW_ALIGN,3.6405,-1.3999,0.298,140.96,-0.23,0.81,15.0,-0.0178,0.0091,-0.0041,0.696,,1.089,,,3.64,-1.28,,
107.413,LAND_YAW_ALIGN,3.6365,-1.3968,0.3,141.86,-0.25,0.82,15.0,-0.0205,0.0087,-0.0015,0.696,,1.089,,,3.64,-1.28,,
107.424,LAND_YAW_ALIGN,3.6345,-1.3956,0.3,142.7,-0.15,0.84,15.0,-0.0183,0.0052,0.005,0.709,,1.115,,,3.64,-1.28,,
107.43,LAND_YAW_ALIGN,3.6325,-1.3939,0.299,143.59,-0.14,0.73,15.0,-0.0161,0.0036,-0.0025,0.709,,1.115,,,3.64,-1.28,,
107.435,LAND_YAW_ALIGN,3.6314,-1.393,0.299,144.54,-0.06,0.61,15.0,-0.013,0.0011,-0.0025,0.721,,1.14,,,3.64,-1.28,,
107.44,LAND_YAW_ALIGN,3.623,-1.3871,0.3,145.46,-0.03,0.48,15.0,-0.0267,0.0111,-0.0021,0.721,,1.14,,,3.64,-1.28,,
107.47,LAND_YAW_ALIGN,3.6202,-1.3852,0.3,146.38,-0.05,0.59,15.0,-0.0265,0.0114,-0.0008,0.741,,1.185,,,3.64,-1.28,,
107.521,LAND_YAW_ALIGN,3.6177,-1.3825,0.299,147.29,-0.08,0.88,15.0,-0.0243,0.012,-0.0024,0.741,,1.185,,,3.64,-1.28,,
107.626,LAND_YAW_ALIGN,3.6161,-1.3794,0.299,148.25,0.11,0.86,15.0,-0.0186,0.0138,-0.0041,0.766,,1.229,,,3.64,-1.28,,
107.671,LAND_YAW_ALIGN,3.6149,-1.3766,0.301,149.29,0.08,0.91,15.0,-0.0123,0.0152,-0.0035,0.766,,1.229,,,3.64,-1.28,,
107.724,LAND_YAW_ALIGN,3.6122,-1.3704,0.301,150.28,0.1,1.06,15.0,-0.0088,0.0231,0.0001,0.796,,1.311,,,3.64,-1.28,,
107.759,LAND_YAW_ALIGN,3.6117,-1.3686,0.302,151.24,-0.1,1.04,15.0,-0.0013,0.02,-0.0044,0.796,,1.311,,,3.64,-1.28,,
107.816,LAND_YAW_ALIGN,3.6149,-1.3641,0.302,152.2,-0.19,1.0,15.0,0.0125,0.0227,0.0009,0.846,,1.373,,,3.64,-1.28,,
107.858,LAND_YAW_ALIGN,3.6154,-1.3608,0.299,153.15,-0.35,0.82,15.0,0.0178,0.022,-0.0023,0.846,,1.373,,,3.64,-1.28,,
107.863,LAND_YAW_ALIGN,3.6142,-1.3589,0.299,154.11,-0.54,0.62,15.0,0.0169,0.0177,-0.0071,,,1.432,,,3.64,-1.28,,
108.009,LAND_YAW_ALIGN,3.6145,-1.3574,0.299,155.07,-0.63,0.54,15.0,0.0179,0.012,-0.0008,,,1.432,,,3.64,-1.28,,
108.042,LAND_YAW_ALIGN,3.6154,-1.3554,0.299,155.97,-0.64,0.47,15.0,0.0196,0.0086,-0.0027,,,1.523,,,3.64,-1.28,,
108.078,LAND_YAW_ALIGN,3.6162,-1.3522,0.299,156.84,-0.71,0.37,15.0,0.0203,0.0075,-0.0015,,,1.523,,,3.64,-1.28,,
108.094,LAND_YAW_ALIGN,3.6163,-1.3519,0.299,157.73,-0.6,0.26,15.0,0.0185,0.0016,0.0007,2.399,,1.595,,,3.64,-1.28,,
108.15,LAND_YAW_ALIGN,3.6144,-1.3518,0.298,158.63,-0.52,0.34,15.0,0.0134,-0.0037,-0.0006,2.399,,1.595,,,3.64,-1.28,,
108.207,LAND_YAW_ALIGN,3.6128,-1.3482,0.298,159.44,-0.47,0.24,15.0,0.0094,-0.0011,-0.0029,2.48,,1.693,,,3.64,-1.28,,
108.251,LAND_YAW_ALIGN,3.5991,-1.3419,0.302,160.27,-0.22,0.17,15.0,-0.0195,0.0075,-0.0017,2.48,,1.693,,,3.64,-1.28,,
108.393,LAND_YAW_ALIGN,3.5956,-1.3403,0.302,161.13,-0.13,0.43,15.0,-0.0229,0.0079,0.0086,2.511,,1.806,,,3.64,-1.28,,
108.415,LAND_YAW_ALIGN,3.5945,-1.3387,0.3,162.01,-0.15,0.7,15.0,-0.0183,0.0077,0.0029,2.511,,1.806,,,3.64,-1.28,,
108.469,LAND_YAW_ALIGN,3.59,-1.3382,0.3,162.88,-0.15,0.73,15.0,-0.0204,0.0048,-0.0009,2.483,,1.913,,,3.64,-1.28,,
108.539,LAND_YAW_ALIGN,3.5898,-1.3344,0.299,163.76,-0.17,0.83,15.0,-0.0127,0.0086,0.0032,2.483,,1.913,,,3.64,-1.28,,
108.593,LAND_YAW_ALIGN,3.5882,-1.3327,0.299,164.55,-0.18,0.91,15.0,-0.008,0.0079,-0.0001,,,1.968,,,3.64,-1.28,,
108.659,LAND_YAW_ALIGN,3.586,-1.3318,0.301,165.31,-0.16,1.0,15.0,-0.0042,0.0052,0.0069,,,1.968,,,3.64,-1.28,,
108.757,LAND_YAW_ALIGN,3.5865,-1.3294,0.301,166.16,-0.08,1.01,15.0,0.0049,0.0069,0.0096,,,,,,3.64,-1.28,,
108.798,LAND_YAW_ALIGN,3.5874,-1.3281,0.301,167.04,-0.04,0.93,15.0,0.0144,0.0065,0.0088,,,,,,3.64,-1.28,,
108.845,LAND_YAW_ALIGN,3.5881,-1.3268,0.301,167.79,-0.01,0.74,15.0,0.0208,0.0069,0.009,,,2.14,,,3.64,-1.28,,
108.911,LAND_YAW_ALIGN,3.5919,-1.3228,0.301,168.52,-0.1,0.59,15.0,0.0322,0.0133,0.0079,,,2.14,,,3.64,-1.28,,
108.99,LAND_YAW_ALIGN,3.593,-1.3167,0.301,169.28,-0.08,0.3,15.0,0.0341,0.0232,0.006,,,2.191,,,3.64,-1.28,,
109.082,LAND_YAW_ALIGN,3.5946,-1.3144,0.302,170.13,-0.2,0.2,15.0,0.0353,0.0238,0.0093,,,2.191,,,3.64,-1.28,,
109.137,LAND_YAW_ALIGN,3.5963,-1.3091,0.302,171.01,-0.47,-0.09,15.0,0.035,0.0295,0.0063,,,2.261,,,3.64,-1.28,,
109.162,LAND_YAW_ALIGN,3.5968,-1.3058,0.303,171.93,-0.53,-0.24,15.0,0.0304,0.0289,0.0063,,,2.261,,,3.64,-1.28,,
109.188,LAND_YAW_ALIGN,3.596,-1.3036,0.303,172.83,-0.49,-0.26,15.0,0.0226,0.0269,0.0069,1.651,,2.302,,,3.64,-1.28,,
109.206,LAND_YAW_ALIGN,3.5957,-1.3017,0.306,173.78,-0.64,-0.21,15.0,0.0173,0.0233,0.0047,1.651,,2.302,,,3.64,-1.28,,
109.216,LAND_YAW_ALIGN,3.5941,-1.2967,0.306,174.64,-0.68,-0.16,15.0,0.0098,0.0255,0.0097,1.625,,2.325,,,3.64,-1.28,,
109.225,LAND_YAW_ALIGN,3.5946,-1.2946,0.305,175.49,-0.78,-0.19,15.0,0.0078,0.0212,0.0029,1.625,,2.325,,,3.64,-1.28,,
109.232,LAND_YAW_ALIGN,3.5909,-1.2908,0.305,176.29,-0.73,-0.12,15.0,-0.0031,0.0202,-0.0009,1.599,,2.342,,,3.64,-1.28,,
109.237,LAND_YAW_ALIGN,3.5903,-1.2897,0.303,177.02,-0.72,0.13,15.0,-0.0042,0.0143,0.0014,1.599,,2.342,,,3.64,-1.28,,
109.242,LAND_YAW_ALIGN,3.5862,-1.2886,0.303,177.72,-0.74,0.4,15.0,-0.0106,0.0087,-0.0034,1.585,,2.351,,,3.64,-1.28,,
109.259,LAND_YAW_ALIGN,3.5813,-1.2865,0.304,178.3,-0.49,0.47,15.0,-0.0165,0.0064,-0.0058,1.585,,2.351,,,3.64,-1.28,,
109.288,LAND_YAW_ALIGN,3.5792,-1.2882,0.304,178.87,-0.32,0.67,15.0,-0.0144,-0.001,-0.0042,1.586,,2.348,,,3.64,-1.28,,
109.315,LAND_YAW_ALIGN,3.5774,-1.2867,0.307,179.41,-0.3,0.69,15.0,-0.0116,-0.0004,-0.0051,1.586,,2.348,,,3.64,-1.28,,
109.343,LAND_YAW_ALIGN,3.5736,-1.285,0.307,179.91,-0.24,0.74,15.0,-0.0126,0.0007,0.0032,1.576,,2.341,,,3.64,-1.28,,
109.375,LAND_YAW_ALIGN,3.573,-1.2848,0.304,-179.56,-0.27,0.68,-0.0,-0.0066,-0.0009,-0.0039,1.576,,2.341,,,3.64,-1.28,,
109.379,LAND_YAW_ALIGN,3.5714,-1.2828,0.304,-179.05,-0.27,0.82,-0.0,-0.0033,0.0009,-0.0094,1.57,,2.339,,,3.64,-1.28,,
109.424,LAND_YAW_ALIGN,3.5688,-1.2831,0.305,-178.65,-0.07,0.71,-0.0,-0.0022,-0.0008,-0.0048,1.57,,2.339,,,3.64,-1.28,,
109.466,LAND_YAW_ALIGN,3.5694,-1.2806,0.305,-178.35,-0.2,0.56,-0.0,0.0046,0.0036,-0.0029,1.571,,2.347,,,3.64,-1.28,,
109.527,LAND_YAW_ALIGN,3.57,-1.28,0.301,-178.09,-0.11,0.47,-0.0,0.0098,0.0033,-0.0056,1.571,,2.347,,,3.64,-1.28,,
109.576,LAND_YAW_ALIGN,3.5673,-1.2774,0.301,-177.82,-0.2,0.32,-0.0,0.006,0.0072,-0.0141,1.566,,2.338,,,3.64,-1.28,,
109.627,LAND_YAW_ALIGN,3.567,-1.2767,0.299,-177.61,-0.21,0.22,-0.0,0.0069,0.0066,-0.0076,1.566,,2.338,,,3.64,-1.28,,
109.675,LAND_YAW_ALIGN,3.5661,-1.2759,0.299,-177.43,-0.25,0.27,-0.0,0.0065,0.0055,-0.0111,1.561,,2.344,,,3.64,-1.28,,
109.724,LAND_YAW_ALIGN,3.5663,-1.2741,0.302,-177.25,-0.36,0.32,-0.0,0.0087,0.006,-0.0096,1.561,,2.344,,,3.64,-1.28,,
109.779,LAND_YAW_ALIGN,3.5587,-1.2717,0.302,-177.11,-0.41,0.39,-0.0,-0.0053,0.0074,-0.0022,1.555,,2.34,,,3.64,-1.28,,
109.81,LAND_YAW_ALIGN,3.5552,-1.2702,0.299,-177.0,-0.49,0.35,0.0,-0.0092,0.0066,-0.0057,1.555,,2.34,,,3.64,-1.28,,
109.88,LAND_YAW_ALIGN,3.5539,-1.2692,0.299,-176.95,-0.55,0.33,-0.0,-0.0081,0.0033,-0.0077,1.554,,2.322,,,3.64,-1.28,,
109.93,LAND_YAW_ALIGN,3.5525,-1.2706,0.299,-176.94,-0.63,0.43,-0.0,-0.0065,-0.0047,-0.0047,1.554,,2.322,,,3.64,-1.28,,
109.967,LAND_YAW_ALIGN,3.5452,-1.2688,0.299,-176.95,-0.5,0.66,-0.0,-0.0161,-0.0053,-0.0014,1.551,,2.334,,,3.64,-1.28,,
110.027,LAND_YAW_ALIGN,3.5433,-1.2701,0.3,-177.03,-0.46,0.68,-0.0,-0.0126,-0.0107,-0.0016,1.551,,2.334,,,3.64,-1.28,,
110.069,LAND_YAW_ALIGN,3.5412,-1.271,0.3,-177.2,-0.52,0.68,-0.0,-0.0097,-0.0155,0.0025,1.553,,2.338,,,3.64,-1.28,,
110.133,LAND_YAW_ALIGN,3.5415,-1.2739,0.3,-177.39,-0.31,0.8,-0.0,-0.0017,-0.023,0.0018,1.553,,2.338,,,3.64,-1.28,,
110.166,LAND_YAW_ALIGN,3.5379,-1.276,0.3,-177.55,-0.24,0.72,-0.0,-0.0026,-0.027,0.0022,1.546,,2.346,,,3.64,-1.28,,
110.233,LAND_YAW_ALIGN,3.5362,-1.2791,0.298,-177.79,-0.15,0.57,-0.0,-0.0006,-0.032,0.0029,1.546,,2.346,,,3.64,-1.28,,
110.268,LAND_YAW_ALIGN,3.5362,-1.2808,0.298,-178.04,-0.01,0.37,-0.0,0.0031,-0.0327,-0.0022,1.541,,2.346,,,3.64,-1.28,,
110.329,LAND_YAW_ALIGN,3.5345,-1.2825,0.3,-178.3,0.24,0.21,-0.0,0.0015,-0.0315,0.0011,1.541,,2.346,,,3.64,-1.28,,
110.366,LAND_YAW_ALIGN,3.5344,-1.287,0.3,-178.56,0.45,0.16,-0.0,0.0026,-0.0346,0.0031,1.547,,2.341,,,3.64,-1.28,,
110.424,LAND_YAW_ALIGN,3.5326,-1.29,0.302,-178.8,0.72,0.04,-0.0,-0.0008,-0.032,0.0003,1.547,,2.341,,,3.64,-1.28,,
110.484,LAND_YAW_ALIGN,3.5307,-1.2921,0.302,-178.95,0.79,0.16,-0.0,-0.0038,-0.0263,0.0071,1.542,,2.337,,,3.64,-1.28,,
110.515,LAND_YAW_ALIGN,3.5288,-1.295,0.3,-179.06,0.99,0.18,-0.0,-0.0058,-0.0218,0.0013,1.542,,2.337,,,3.64,-1.28,,
110.571,LAND_YAW_ALIGN,3.5245,-1.2942,0.3,-179.05,0.92,0.16,-0.0,-0.0128,-0.0091,-0.0032,1.539,,2.347,,,3.64,-1.28,,
110.616,LAND_YAW_ALIGN,3.518,-1.2954,0.302,-178.94,0.83,0.26,-0.0,-0.0226,-0.0025,0.0004,1.539,,2.347,,,3.64,-1.28,,
110.672,LAND_YAW_ALIGN,3.5147,-1.2947,0.302,-178.76,0.57,0.32,-0.0,-0.0247,0.0055,0.0016,1.532,,2.341,,,3.64,-1.28,,
110.715,LAND_YAW_ALIGN,3.512,-1.291,0.302,-178.56,0.18,0.36,-0.0,-0.0251,0.0157,0.0026,1.532,,2.341,,,3.64,-1.28,,
110.78,LAND_YAW_ALIGN,3.5061,-1.2896,0.302,-178.42,-0.09,0.47,-0.0,-0.0306,0.0182,0.0054,1.523,,2.337,,,3.64,-1.28,,
110.815,LAND_YAW_ALIGN,3.5033,-1.2891,0.31,-178.46,-0.36,0.69,-0.0,-0.0283,0.0154,0.0057,1.523,,2.337,,,3.64,-1.28,,
110.877,LAND_YAW_ALIGN,3.4987,-1.2883,0.31,-178.63,-0.33,0.77,-0.0,-0.0286,0.0132,0.018,1.522,,2.347,,,3.64,-1.28,,
110.916,LAND_YAW_ALIGN,3.4928,-1.2877,0.306,-178.7,-0.31,0.96,-0.0,-0.0311,0.0111,0.0039,1.522,,2.347,,,3.64,-1.28,,
110.969,LAND_YAW_ALIGN,3.4911,-1.2889,0.306,-178.77,-0.26,1.02,-0.0,-0.0232,0.005,-0.0056,1.516,,2.337,,,3.64,-1.28,,
111.031,LAND_YAW_ALIGN,3.4887,-1.2882,0.308,-178.87,-0.32,1.02,-0.0,-0.0172,0.0041,-0.0106,1.516,,2.337,,,3.64,-1.28,,
111.059,LAND_YAW_ALIGN,3.4856,-1.29,0.308,-178.93,-0.32,0.97,-0.0,-0.0145,-0.0028,-0.0127,1.518,,2.341,,,3.64,-1.28,,
111.122,LAND_YAW_ALIGN,3.4826,-1.2911,0.302,-178.97,-0.14,1.11,-0.0,-0.011,-0.0062,-0.0275,1.518,,2.341,,,3.64,-1.28,,
111.189,LAND_YAW_ALIGN,3.4812,-1.2935,0.302,-179.08,-0.02,0.9,-0.0,-0.0047,-0.0115,-0.0438,1.511,,2.338,,,3.64,-1.28,,
111.221,LAND_YAW_ALIGN,3.4806,-1.2953,0.297,-179.29,0.02,0.72,-0.0,0.0008,-0.0146,-0.0499,1.511,,2.338,,,3.64,-1.28,,
111.259,LAND_YAW_ALIGN,3.4805,-1.299,0.297,-179.53,0.23,0.61,-0.0,0.0043,-0.0209,-0.0593,1.506,,2.346,,,3.64,-1.28,,
111.322,LAND_YAW_ALIGN,3.478,-1.3014,0.293,-179.74,0.35,0.95,-0.0,0.0059,-0.0208,-0.0657,1.506,,2.346,,,3.64,-1.28,,
111.391,LAND_YAW_ALIGN,3.4767,-1.3029,0.293,-180.0,0.52,1.1,-0.0,0.0109,-0.018,-0.0645,1.505,,2.342,,,3.64,-1.28,,
111.425,LAND_YAW_ALIGN,3.4778,-1.303,0.277,179.83,0.31,0.85,-0.0,0.02,-0.0129,-0.0795,1.505,,2.342,,,3.64,-1.28,,
111.482,LAND_YAW_ALIGN,3.4772,-1.3025,0.277,179.75,0.34,0.31,-0.0,0.0201,-0.0082,-0.1036,1.511,,2.341,,,3.64,-1.28,,
111.514,LAND_YAW_ALIGN,3.4798,-1.3051,0.268,179.82,0.22,0.2,-0.0,0.0258,-0.0104,-0.0978,1.511,,2.341,,,3.64,-1.28,,
111.575,LAND_YAW_ALIGN,3.4868,-1.3044,0.268,179.9,0.26,0.14,-0.0,0.0394,-0.0067,-0.1039,1.511,,2.339,,,3.64,-1.28,,
111.639,LAND_YAW_ALIGN,3.4884,-1.3028,0.255,179.81,0.19,0.13,-0.0,0.0399,0.0002,-0.1033,1.511,,2.339,,,3.64,-1.28,,
111.683,LAND_YAW_ALIGN,3.4881,-1.3009,0.255,179.69,-0.04,-0.03,-0.0,0.0352,0.0053,-0.1153,1.51,,2.355,,,3.64,-1.28,,
111.745,LAND_YAW_ALIGN,3.4886,-1.3007,0.247,179.52,-0.13,0.41,-0.0,0.0339,0.0041,-0.1013,1.51,,2.355,,,3.64,-1.28,,
111.83,LAND_YAW_ALIGN,3.4904,-1.3004,0.247,179.26,-0.0,0.31,-0.0,0.0368,0.0039,-0.0964,1.515,,2.337,,,3.64,-1.28,,
111.862,LAND_YAW_ALIGN,3.4902,-1.3002,0.23,179.11,-0.12,0.1,-0.0,0.034,0.0034,-0.1007,1.515,,2.337,,,3.64,-1.28,,
111.871,LAND_YAW_ALIGN,3.4979,-1.3012,0.23,178.97,-0.1,0.15,-0.0,0.0481,-0.0003,-0.1131,1.519,,2.349,,,3.64,-1.28,,
111.936,LAND_YAW_ALIGN,3.501,-1.2999,0.224,178.83,0.18,0.03,-0.0,0.0505,0.0028,-0.0985,1.519,,2.349,,,3.64,-1.28,,
111.967,LAND_YAW_ALIGN,3.5038,-1.3,0.224,178.79,0.02,0.07,-0.0,0.0515,0.0035,-0.0942,1.517,,2.349,,,3.64,-1.28,,
112.034,LAND_YAW_ALIGN,3.506,-1.2996,0.214,178.88,0.05,0.09,-0.0,0.0518,0.0037,-0.0932,1.517,,2.349,,,3.64,-1.28,,
112.068,LAND_YAW_ALIGN,3.5088,-1.297,0.214,179.18,0.14,-0.06,-0.0,0.0523,0.0101,-0.101,1.519,,2.35,,,3.64,-1.28,,
112.131,LAND_YAW_ALIGN,3.5114,-1.2981,0.208,179.55,-0.04,-0.48,-0.0,0.0498,0.0068,-0.1013,1.519,,2.35,,,3.64,-1.28,,
112.159,LAND_YAW_ALIGN,3.5135,-1.298,0.208,-179.97,0.2,-0.54,-0.0,0.0452,0.0067,-0.0919,1.513,,2.348,,,3.64,-1.28,,
112.222,LAND_YAW_ALIGN,3.5149,-1.2974,0.199,-179.35,0.12,-0.5,-0.0,0.0381,0.009,-0.0897,1.513,,2.348,,,3.64,-1.28,,
112.286,LAND_YAW_ALIGN,3.5154,-1.2945,0.199,-178.7,0.08,-0.4,-0.0,0.0311,0.0155,-0.0823,1.524,,2.347,,,3.64,-1.28,,
112.315,LAND_YAW_ALIGN,3.5143,-1.2956,0.19,-178.27,-0.31,-0.16,-0.0,0.0221,0.0095,-0.0877,1.524,,2.347,,,3.64,-1.28,,
112.386,LAND_YAW_ALIGN,3.5154,-1.2951,0.19,-178.02,-0.38,-0.1,-0.0,0.0215,0.0074,-0.0864,1.52,,2.345,,,3.64,-1.28,,
112.428,LAND_YAW_ALIGN,3.5154,-1.2954,0.18,-177.85,-0.38,-0.01,-0.0,0.0181,0.0018,-0.0903,1.52,,2.345,,,3.64,-1.28,,
112.477,LAND_YAW_ALIGN,3.5124,-1.2956,0.18,-177.76,-0.41,0.21,-0.0,0.0078,-0.0012,-0.0962,1.519,,2.344,,,3.64,-1.28,,
112.527,LAND_YAW_ALIGN,3.5155,-1.296,0.171,-177.91,-0.63,0.35,-0.0,0.0192,-0.0073,-0.1029,1.519,,2.344,,,3.64,-1.28,,
112.575,LAND_YAW_ALIGN,3.5155,-1.2987,0.171,-178.26,-0.2,0.28,-0.0,0.0191,-0.0159,-0.1033,1.524,,2.348,,,3.64,-1.28,,
112.615,LAND_YAW_ALIGN,3.5208,-1.301,0.158,-178.65,-0.06,-0.06,-0.0,0.0335,-0.0208,-0.111,1.524,,2.348,,,3.64,-1.28,,
112.66,LAND_YAW_ALIGN,3.5223,-1.3006,0.158,-179.0,0.09,-0.17,-0.0,0.0318,-0.0166,-0.1191,1.527,,2.338,,,3.64,-1.28,,
112.729,LAND_YAW_ALIGN,3.5241,-1.3014,0.145,-179.35,0.33,-0.39,-0.0,0.0306,-0.0151,-0.1205,1.527,,2.338,,,3.64,-1.28,,
112.76,LAND_YAW_ALIGN,3.5252,-1.3032,0.145,-179.79,0.14,-0.47,-0.0,0.026,-0.0165,-0.1232,1.527,,2.341,,,3.64,-1.28,,
112.812,LAND_YAW_ALIGN,3.5255,-1.3034,0.138,179.82,0.24,-0.7,-0.0,0.0174,-0.0132,-0.1206,1.527,,2.341,,,3.64,-1.28,,
112.886,LAND_YAW_ALIGN,3.5262,-1.3046,0.138,179.47,0.04,-0.44,-0.0,0.0123,-0.0135,-0.1094,1.534,,2.343,,,3.64,-1.28,,
112.917,LAND_YAW_ALIGN,3.5225,-1.3098,0.125,179.06,-0.25,-0.43,-0.0,-0.0075,-0.0303,-0.1127,1.534,,2.343,,,3.64,-1.28,,
112.984,LAND_YAW_ALIGN,3.5223,-1.3109,0.125,178.71,-0.2,-0.18,-0.0,-0.0098,-0.0299,-0.116,1.534,,2.351,,,3.64,-1.28,,
113.016,LAND_YAW_ALIGN,3.5222,-1.3133,0.119,178.35,-0.06,0.23,-0.0,-0.0065,-0.0354,-0.1159,1.534,,2.351,,,3.64,-1.28,,
113.083,LAND_YAW_ALIGN,3.5212,-1.3152,0.119,178.03,0.08,0.5,-0.0,-0.0076,-0.0354,-0.1012,1.534,,2.347,,,3.64,-1.28,,
113.116,LAND_YAW_ALIGN,3.5205,-1.3181,0.105,177.79,0.13,0.67,-0.0,-0.0052,-0.0425,-0.105,1.534,,2.347,,,3.64,-1.28,,
113.187,LAND_YAW_ALIGN,3.5205,-1.3195,0.105,177.77,0.52,0.44,-0.0,0.0009,-0.0343,-0.1066,1.538,,2.347,,,3.64,-1.28,,
113.218,LAND_YAW_ALIGN,3.5204,-1.3212,0.095,177.83,0.75,0.22,-0.0,0.0028,-0.028,-0.1095,1.538,,2.347,,,3.64,-1.28,,
113.264,LAND_YAW_ALIGN,3.5203,-1.3226,0.095,177.87,0.71,0.11,-0.0,0.0014,-0.0224,-0.1092,1.532,,2.347,,,3.64,-1.28,,
113.334,LAND_YAW_ALIGN,3.5201,-1.3231,0.083,177.93,0.66,-0.26,-0.0,0.0011,-0.0107,-0.1021,1.532,,2.347,,,3.64,-1.28,,
113.367,LAND_YAW_ALIGN,3.517,-1.3249,0.083,177.99,0.59,-0.55,-0.0,-0.0264,-0.0048,-0.102,1.526,,2.352,,,3.64,-1.28,,
113.424,LAND_YAW_ALIGN,3.5149,-1.3253,0.066,178.15,0.52,0.01,-0.0,-0.0352,0.0013,-0.0953,1.526,,2.352,,,3.64,-1.28,,
113.491,LAND_YAW_ALIGN,3.5125,-1.3256,0.066,178.21,0.46,0.36,-0.0,-0.0392,0.0052,-0.1125,1.527,,2.342,,,3.64,-1.28,,
113.526,LAND_YAW_ALIGN,3.5109,-1.3247,0.063,178.25,0.58,0.61,-0.0,-0.0339,0.0155,-0.0917,1.527,,2.342,,,3.64,-1.28,,
113.601,LAND_YAW_ALIGN,3.5096,-1.3235,0.063,178.42,0.58,0.81,-0.0,-0.0247,0.0207,-0.0672,1.519,,2.354,,,3.64,-1.28,,
113.617,LAND_YAW_ALIGN,3.5083,-1.3225,0.055,178.66,0.61,1.0,-0.0,-0.0147,0.0367,-0.0666,1.519,,2.354,,,3.64,-1.28,,
113.693,LAND_YAW_ALIGN,3.5085,-1.3202,0.055,179.15,0.47,1.08,-0.0,-0.0042,0.0317,-0.0601,1.515,,2.34,,,3.64,-1.28,,
113.713,LAND_YAW_ALIGN,3.5092,-1.3181,0.049,179.69,0.52,0.87,-0.0,0.0126,0.0397,-0.0605,1.515,,2.34,,,3.64,-1.28,,
113.759,LAND_YAW_ALIGN,3.5107,-1.3158,0.049,-179.64,-0.02,0.48,-0.0,0.024,0.041,-0.065,1.424,,2.333,,,3.64,-1.28,,
113.821,LAND_YAW_ALIGN,3.5105,-1.3146,0.042,-179.12,-0.18,-0.01,-0.0,0.0311,0.0649,-0.0603,1.424,,2.333,,,3.64,-1.28,,
113.86,LAND_YAW_ALIGN,3.512,-1.3114,0.042,-178.52,-0.46,-0.14,-0.0,0.032,0.0656,-0.0663,0.478,,2.326,,,3.64,-1.28,,
113.909,LAND_YAW_ALIGN,3.513,-1.308,0.032,-178.06,-1.06,-0.33,0.0,0.0206,0.0603,-0.0597,0.478,,2.326,,,3.64,-1.28,,
113.962,LAND_YAW_ALIGN,3.5138,-1.3045,0.032,-177.46,-1.74,-0.19,0.0,0.0143,0.0567,-0.2175,0.426,,2.319,,,3.64,-1.28,,
114.027,LAND_YAW_ALIGN,3.5155,-1.2869,0.019,-176.31,-2.05,-0.42,0.0,-0.0222,0.1349,-0.547,0.426,,2.319,,,3.64,-1.28,,
114.076,LAND_YAW_ALIGN,3.5217,-1.2381,0.019,-171.33,4.93,-21.11,0.0,-0.4402,0.2465,0.0607,0.325,,,,,3.64,-1.28,,
114.125,LAND_YAW_ALIGN,3.46,-1.2756,0.02,-171.3,-7.71,-40.07,0.0,-0.6383,0.174,-0.075,0.325,,,,,3.64,-1.28,,
114.168,LAND_YAW_ALIGN,3.3818,-1.3158,0.02,-172.02,-13.34,-55.7,0.0,-0.8712,0.0988,-0.3736,0.169,,0.036,,,3.64,-1.28,,
114.228,LAND_YAW_ALIGN,3.2809,-1.3861,0.004,-168.43,-2.56,-67.45,0.0,-0.9103,0.0891,-0.7967,0.169,,0.036,,,3.64,-1.28,,
114.277,LAND_YAW_ALIGN,3.0936,-1.5113,0.004,-162.92,11.79,-78.65,0.0,-1.0541,0.1632,-0.9417,0.073,,,,,3.64,-1.28,,
114.327,LAND_YAW_ALIGN,2.7761,-1.8589,0.072,127.94,-47.12,-24.61,0.0,-1.2952,0.3007,-1.0341,0.073,,,,,3.64,-1.28,,
114.379,LAND_YAW_ALIGN,2.269,-2.3465,0.072,98.31,-35.9,32.88,0.0,-1.6264,0.3441,-0.6473,,0.0,0.0,,,3.64,-1.28,,
114.411,LAND_YAW_ALIGN,1.9189,-2.5753,0.0,59.93,36.81,32.35,0.0,-1.177,0.3517,-0.4536,,0.0,0.0,,,3.64,-1.28,,
114.459,LAND_YAW_ALIGN,2.0532,-2.3898,0.0,71.73,22.77,27.35,0.0,-0.6465,-0.0665,-0.2863,0.254,0.154,,,,3.64,-1.28,,
114.514,LAND_YAW_ALIGN,2.017,-2.3641,0.006,71.71,35.26,22.44,0.0,-0.4331,-0.049,-0.4507,0.254,0.154,,,,3.64,-1.28,,
114.576,LAND_YAW_ALIGN,2.0641,-2.28,0.006,75.87,24.24,24.39,0.0,-0.3384,-0.347,-0.3526,0.19,0.226,0.176,,,3.64,-1.28,,
114.631,LAND_YAW_ALIGN,2.0577,-2.2655,0.011,77.4,22.8,21.33,0.0,-0.2149,-0.5046,-0.3981,0.19,0.226,0.176,0.188,,3.64,-1.28,,
114.678,LAND_YAW_ALIGN,2.0337,-2.3088,0.011,75.12,22.84,20.07,0.0,0.0158,-0.6822,-0.3376,0.141,0.26,0.126,0.188,,3.64,-1.28,,
114.732,LAND_YAW_ALIGN,2.0251,-2.3515,0.013,72.29,23.38,17.3,0.0,0.2971,-0.8225,-0.2826,0.141,0.26,0.126,0.19,,3.64,-1.28,,
114.819,LAND_YAW_ALIGN,1.9538,-2.4698,0.013,63.91,26.79,11.98,0.0,0.6978,-0.9404,-0.3678,0.111,0.279,0.093,0.19,,3.64,-1.28,,
114.839,LAND_YAW_ALIGN,1.9594,-2.5173,0.011,59.97,26.49,6.95,0.0,1.0652,-0.8752,-0.2714,0.111,0.279,0.093,0.194,,3.64,-1.28,,
114.875,LAND_YAW_ALIGN,2.0715,-2.465,0.011,61.29,24.05,5.76,0.0,1.2534,-0.7124,-0.0434,0.124,0.272,0.104,0.194,,3.64,-1.28,,
114.919,LAND_YAW_ALIGN,2.1924,-2.4327,0.009,62.81,22.11,5.6,0.0,1.3929,-0.6837,0.1714,0.124,0.272,0.104,0.183,,3.64,-1.28,,
114.973,LAND_YAW_ALIGN,2.272,-2.3113,0.009,64.99,18.95,4.8,0.0,1.2934,-0.3998,0.2013,0.126,0.268,0.108,0.183,,3.64,-1.28,,
115.008,LAND_YAW_ALIGN,2.3632,-2.2498,0.01,65.94,16.97,4.29,0.0,1.3301,-0.299,0.4419,0.126,0.268,0.108,0.185,,3.64,-1.28,,
115.075,LAND_YAW_ALIGN,2.3883,-2.1043,0.01,68.35,14.15,3.71,0.0,1.0377,-0.0403,0.1173,0.125,0.267,0.108,0.185,,3.64,-1.28,,
115.154,LAND_YAW_ALIGN,2.434,-2.0754,0.01,68.12,13.27,3.03,0.0,1.0792,0.0021,0.1877,0.125,0.267,0.108,0.176,,3.64,-1.28,,
115.175,LAND_YAW_ALIGN,2.4573,-1.9347,0.01,70.67,10.6,2.98,0.0,0.7981,0.1386,-0.0267,0.125,0.265,0.11,0.176,,3.64,-1.28,,
115.243,LAND_YAW_ALIGN,2.4903,-1.9072,0.012,70.43,10.01,2.46,0.0,0.8239,0.1632,-0.0138,0.125,0.265,0.11,0.178,,3.64,-1.28,,
115.269,LAND_YAW_ALIGN,2.5148,-1.8471,0.012,71.08,8.88,2.21,0.0,0.7468,0.1999,-0.1319,0.126,0.263,0.104,0.178,,3.64,-1.28,,
115.343,LAND_YAW_ALIGN,2.5519,-1.8315,0.01,70.57,8.69,1.36,0.0,0.8135,0.2451,-0.2328,0.126,0.263,0.104,0.184,,3.64,-1.28,,
115.361,LAND_YAW_ALIGN,2.5941,-1.8159,0.01,70.07,8.38,0.93,0.0,0.8776,0.2584,-0.1674,0.126,0.263,0.11,0.184,,3.64,-1.28,,
115.434,LAND_YAW_ALIGN,2.6405,-1.7982,0.012,69.66,8.26,0.21,0.0,0.9446,0.298,-0.2766,0.126,0.263,0.11,0.177,,3.64,-1.28,,
115.473,LAND_YAW_ALIGN,2.6974,-1.7897,0.012,69.02,8.15,-0.01,0.0,1.0502,0.2894,-0.1034,0.127,0.263,0.11,0.177,,3.64,-1.28,,
115.517,LAND_YAW_ALIGN,2.752,-1.7699,0.012,68.66,7.94,-0.47,0.0,1.1089,0.3155,-0.1438,0.127,0.263,0.11,0.179,,3.64,-1.28,,
115.558,LAND_YAW_ALIGN,2.8052,-1.7463,0.012,68.36,7.33,-0.5,0.0,1.1431,0.3182,0.0365,0.127,0.266,0.109,0.179,,3.64,-1.28,,
115.61,LAND_YAW_ALIGN,2.8432,-1.7127,0.012,68.26,6.18,-0.33,0.0,1.0886,0.3291,0.2458,0.127,0.266,0.109,0.18,,3.64,-1.28,,
115.665,LAND_YAW_ALIGN,2.8569,-1.6792,0.012,68.36,4.97,0.27,0.0,0.9464,0.2951,0.2592,0.128,0.263,0.104,0.18,,3.64,-1.28,,
115.738,LAND_YAW_ALIGN,2.9123,-1.6632,0.009,68.01,5.1,-0.06,0.0,1.0113,0.3047,0.1774,0.128,0.263,0.104,0.182,,3.64,-1.28,,
115.787,LAND_YAW_ALIGN,2.9422,-1.6367,0.009,67.89,4.54,-0.21,0.0,0.9614,0.3233,-0.0069,0.128,0.264,0.107,0.182,,3.64,-1.28,,
115.824,LAND_YAW_ALIGN,2.9786,-1.6171,0.013,67.61,4.05,-0.09,0.0,0.942,0.3138,0.0856,0.128,0.264,0.107,0.18,,3.64,-1.28,,
115.883,LAND_YAW_ALIGN,2.9918,-1.5983,0.013,67.41,3.28,0.26,0.0,0.8468,0.2905,0.0411,0.125,0.262,0.105,0.18,,3.64,-1.28,,
115.92,LAND_YAW_ALIGN,3.0226,-1.5811,0.01,67.12,2.82,0.32,0.0,0.8171,0.2873,0.1048,0.125,0.262,0.105,0.178,,3.64,-1.28,,
115.979,LAND_YAW_ALIGN,3.0371,-1.5667,0.01,66.85,2.24,0.56,0.0,0.7427,0.2693,0.0289,0.129,0.262,0.104,0.178,,3.64,-1.28,,
116.04,LAND_YAW_ALIGN,3.0916,-1.5467,0.013,66.61,2.61,0.1,0.0,0.8206,0.2894,-0.0975,0.129,0.262,0.104,0.183,,3.64,-1.28,,
116.061,LAND_YAW_ALIGN,3.1275,-1.532,0.013,66.3,2.41,0.14,0.0,0.8167,0.2812,-0.0746,0.125,0.264,0.105,0.183,,3.64,-1.28,,
116.108,LAND_YAW_ALIGN,3.1623,-1.5173,0.014,65.98,2.14,0.2,0.0,0.8054,0.2765,-0.0309,0.125,0.264,0.105,0.18,,3.64,-1.28,,
116.161,LAND_YAW_ALIGN,3.2254,-1.4908,0.014,65.8,2.55,-0.39,0.0,0.8974,0.3131,-0.1243,0.124,0.266,0.107,0.18,,3.64,-1.28,,
116.208,LAND_YAW_ALIGN,3.276,-1.4673,0.011,65.56,2.49,-0.67,0.0,0.9275,0.3388,-0.1456,0.124,0.266,0.107,0.183,,3.64,-1.28,,
116.284,LAND_YAW_ALIGN,3.3282,-1.4453,0.011,65.26,2.32,-0.76,0.0,0.955,0.3547,-0.0237,0.125,0.26,0.111,0.183,,3.64,-1.28,,
116.323,LAND_YAW_ALIGN,3.3665,-1.4372,0.012,64.85,2.13,-0.35,0.0,0.9426,0.3138,0.0655,0.125,0.26,0.111,0.182,,3.64,-1.28,,
116.374,LAND_YAW_ALIGN,3.3941,-1.4302,0.012,64.44,1.66,0.03,0.0,0.8874,0.2845,0.1198,0.125,0.266,0.106,0.182,,3.64,-1.28,,
116.427,LAND_YAW_ALIGN,3.433,-1.4166,0.012,64.11,1.45,0.09,0.0,0.8724,0.2807,0.1574,0.125,0.266,0.106,0.179,,3.64,-1.28,,
116.474,LAND_YAW_ALIGN,3.4673,-1.4017,0.012,63.81,1.28,-0.01,0.0,0.8549,0.2894,0.0238,0.126,0.265,0.107,0.179,,3.64,-1.28,,
116.524,LAND_YAW_ALIGN,3.5076,-1.3871,0.011,63.5,1.12,0.02,0.0,0.8486,0.2874,0.0606,0.126,0.265,0.107,0.18,,3.64,-1.28,,
116.572,LAND_YAW_ALIGN,3.5576,-1.3663,0.011,63.27,1.33,-0.29,0.0,0.8905,0.3025,-0.0715,0.128,0.263,0.106,0.18,,3.64,-1.28,,
116.625,LAND_YAW_ALIGN,3.5957,-1.3588,0.011,62.9,1.23,0.02,0.0,0.8795,0.2683,-0.0074,0.128,0.263,0.106,0.18,,3.64,-1.28,,
116.674,LAND_YAW_ALIGN,3.6247,-1.3527,0.011,62.52,0.88,0.31,0.0,0.8298,0.2471,0.0262,0.122,0.264,0.108,0.18,,3.64,-1.28,,
116.721,LAND_YAW_ALIGN,3.6648,-1.3355,0.013,62.25,0.69,0.18,0.0,0.8233,0.2648,0.0342,0.122,0.264,0.108,0.183,,3.64,-1.28,,
116.758,LAND_YAW_ALIGN,3.6947,-1.3291,0.013,61.9,0.51,0.41,0.0,0.7878,0.2424,0.021,0.125,0.263,0.106,0.183,,3.64,-1.28,,
116.817,LAND_YAW_ALIGN,3.7276,-1.3214,0.012,61.57,0.37,0.6,0.0,0.7635,0.2235,0.059,0.125,0.263,0.106,0.178,,3.64,-1.28,,
116.874,LAND_YAW_ALIGN,3.7596,-1.312,0.012,61.25,0.23,0.67,0.0,0.7405,0.2153,0.0209,0.126,0.265,0.108,0.178,,3.64,-1.28,,
116.909,LAND_YAW_ALIGN,3.8327,-1.2812,0.013,61.16,1.16,-0.28,0.0,0.8918,0.2581,-0.2517,0.126,0.265,0.108,0.18,,3.64,-1.28,,
116.973,LAND_YAW_ALIGN,3.8873,-1.2637,0.013,60.9,1.18,-0.32,0.0,0.9282,0.2632,-0.089,0.126,0.264,0.109,0.18,,3.64,-1.28,,
117.01,LAND_YAW_ALIGN,3.9435,-1.2429,0.012,60.68,1.42,-0.67,0.0,0.9791,0.2823,-0.1864,0.126,0.264,0.109,0.18,,3.64,-1.28,,
117.081,LAND_YAW_ALIGN,3.9971,-1.2288,0.012,60.39,1.38,-0.57,0.0,1.0029,0.2749,-0.0269,0.126,0.264,0.107,0.18,,3.64,-1.28,,
117.112,LAND_YAW_ALIGN,4.029,-1.2255,0.013,60.01,0.9,-0.02,0.0,0.9356,0.2416,0.1164,0.126,0.264,0.107,0.179,,3.64,-1.28,,
117.184,LAND_YAW_ALIGN,4.0859,-1.2095,0.013,59.76,1.13,-0.22,0.0,0.9774,0.2434,0.0478,0.126,0.265,0.103,0.179,,3.64,-1.28,,
117.232,LAND_YAW_ALIGN,4.1265,-1.199,0.012,59.45,0.81,-0.07,0.0,0.9448,0.2415,0.1221,0.126,0.265,0.103,0.181,,3.64,-1.28,,
117.268,LAND_YAW_ALIGN,4.1494,-1.1959,0.012,59.09,0.27,0.37,0.0,0.8492,0.2193,0.1259,0.126,0.265,0.107,0.181,,3.64,-1.28,,
117.333,LAND_YAW_ALIGN,4.2075,-1.1777,0.013,58.86,0.65,-0.04,0.0,0.9252,0.2366,-0.0113,0.126,0.265,0.107,0.179,,3.64,-1.28,,
117.358,LAND_YAW_ALIGN,4.2385,-1.1713,0.013,58.54,0.32,0.25,0.0,0.866,0.2204,0.0182,0.125,0.264,0.109,0.179,,3.64,-1.28,,
117.424,LAND_YAW_ALIGN,4.2709,-1.1639,0.013,58.23,0.01,0.5,0.0,0.8154,0.2083,0.099,0.125,0.264,0.109,0.18,,3.64,-1.28,,
117.482,LAND_YAW_ALIGN,4.2981,-1.1606,0.013,57.92,-0.16,0.82,0.0,0.7612,0.1792,0.0437,0.129,0.261,0.106,0.18,,3.64,-1.28,,
117.517,LAND_YAW_ALIGN,4.3568,-1.1463,0.013,57.68,0.37,0.41,0.0,0.8454,0.1829,-0.0646,0.129,0.261,0.106,0.182,,3.64,-1.28,,
117.573,LAND_YAW_ALIGN,4.3917,-1.1408,0.013,57.38,0.18,0.65,0.0,0.812,0.1638,-0.0182,0.123,0.263,0.108,0.182,,3.64,-1.28,,
117.618,LAND_YAW_ALIGN,4.4495,-1.1226,0.013,57.16,0.58,0.02,0.0,0.8863,0.1957,-0.1676,0.123,0.263,0.108,0.177,,3.64,-1.28,,
117.682,LAND_YAW_ALIGN,4.4996,-1.108,0.013,56.9,0.53,-0.12,0.0,0.9066,0.2114,-0.0732,0.127,0.263,0.112,0.177,,3.64,-1.28,,
117.762,LAND_YAW_ALIGN,4.5469,-1.1001,0.011,56.63,0.72,-0.09,0.0,0.9246,0.1925,-0.1098,0.127,0.263,0.112,0.184,,3.64,-1.28,,
117.812,LAND_YAW_ALIGN,4.616,-1.0827,0.011,56.4,1.25,-0.67,0.0,1.0263,0.2134,-0.1421,0.128,0.265,0.108,0.184,,3.64,-1.28,,
117.829,LAND_YAW_ALIGN,4.6575,-1.0772,0.012,56.11,0.97,-0.24,0.0,0.991,0.1881,-0.0345,0.128,0.265,0.108,0.181,,3.64,-1.28,,
117.862,LAND_YAW_ALIGN,4.6981,-1.0693,0.012,55.83,0.58,0.04,0.0,0.9507,0.1818,0.0793,0.126,0.265,0.109,0.181,,3.64,-1.28,,
117.927,LAND_YAW_ALIGN,4.7566,-1.0533,0.013,55.58,0.8,-0.44,0.0,1.0052,0.2098,-0.0309,0.126,0.265,0.109,0.181,,3.64,-1.28,,
117.963,LAND_YAW_ALIGN,4.7952,-1.0505,0.013,55.29,0.6,0.09,0.0,0.9595,0.169,0.0674,0.126,0.263,0.105,0.181,,3.64,-1.28,,
118.023,LAND_YAW_ALIGN,4.8303,-1.0428,0.012,55.01,0.13,0.33,0.0,0.9012,0.1718,0.1586,0.126,0.263,0.105,0.183,,3.64,-1.28,,
118.066,LAND_YAW_ALIGN,4.8777,-1.0341,0.012,54.75,0.26,0.23,0.0,0.9152,0.1677,0.0409,0.125,0.266,0.108,0.183,,3.64,-1.28,,
118.113,LAND_YAW_ALIGN,4.9181,-1.0261,0.013,54.48,0.09,0.34,0.0,0.8909,0.1647,0.074,0.125,0.266,0.108,0.186,,3.64,-1.28,,
118.218,LAND_YAW_ALIGN,4.9413,-1.0242,0.013,54.2,-0.3,0.84,0.0,0.8043,0.1378,0.0678,0.125,0.261,0.105,0.186,,3.64,-1.28,,
118.241,LAND_YAW_ALIGN,5.0006,-1.0119,0.011,53.96,0.18,0.31,0.0,0.8854,0.1521,-0.0693,0.125,0.261,0.105,0.181,,3.64,-1.28,,
118.276,LAND_YAW_ALIGN,5.0435,-1.0005,0.011,53.71,0.02,0.19,0.0,0.878,0.17,-0.0628,0.124,0.264,0.105,0.181,,3.64,-1.28,,
118.316,LAND_YAW_ALIGN,5.0793,-0.9919,0.012,53.45,-0.26,0.35,0.0,0.8388,0.1724,-0.0058,0.124,0.264,0.105,0.178,,3.64,-1.28,,
118.363,LAND_YAW_ALIGN,5.1176,-0.9859,0.012,53.18,-0.29,0.51,0.0,0.8199,0.1572,0.0012,0.125,0.264,0.105,0.178,,3.64,-1.28,,
118.43,LAND_YAW_ALIGN,5.1593,-0.9747,0.014,52.94,-0.35,0.37,0.0,0.819,0.1725,-0.0182,0.125,0.264,0.105,0.181,,3.64,-1.28,,
118.461,LAND_YAW_ALIGN,5.2179,-0.965,0.014,52.69,0.2,0.01,0.0,0.8963,0.1672,-0.0918,0.125,0.26,0.109,0.181,,3.64,-1.28,,
118.532,LAND_YAW_ALIGN,5.2655,-0.958,0.011,52.44,0.39,-0.0,0.0,0.9139,0.154,-0.1275,0.125,0.26,0.109,0.18,,3.64,-1.28,,
118.564,LAND_YAW_ALIGN,5.3611,-0.9427,0.011,52.24,1.73,-1.22,0.0,1.1335,0.1705,-0.3133,0.13,0.264,0.106,0.18,,3.64,-1.28,,
118.618,LAND_YAW_ALIGN,5.4202,-0.9346,0.011,51.99,1.81,-1.27,0.0,1.1609,0.1654,-0.3386,0.13,0.264,0.106,0.179,,3.64,-1.28,,
118.673,LAND_YAW_ALIGN,5.4975,-0.9201,0.011,51.77,1.77,-1.35,0.0,1.2402,0.179,-0.029,0.123,0.264,0.106,0.179,,3.64,-1.28,,
118.728,LAND_YAW_ALIGN,5.5434,-0.9134,0.014,51.51,1.2,-0.84,0.0,1.1816,0.1708,0.1375,0.123,0.264,0.106,0.184,,3.64,-1.28,,
118.765,LAND_YAW_ALIGN,5.6041,-0.9053,0.014,51.27,1.26,-0.84,0.0,1.1995,0.1629,0.1312,0.126,0.261,0.108,0.184,,3.64,-1.28,,
118.828,LAND_YAW_ALIGN,5.6544,-0.8974,0.012,51.0,0.93,-0.64,0.0,1.1694,0.1654,0.2062,0.126,0.261,0.108,0.178,,3.64,-1.28,,
118.874,LAND_YAW_ALIGN,5.6686,-0.8967,0.012,50.73,0.03,0.33,0.0,0.9978,0.1379,0.2655,0.125,0.264,0.105,0.178,,3.64,-1.28,,
118.955,LAND_YAW_ALIGN,5.7348,-0.8887,0.013,50.5,0.4,0.09,0.0,1.0579,0.1292,0.2237,0.125,0.264,0.105,0.179,,3.64,-1.28,,
118.991,LAND_YAW_ALIGN,5.7324,-0.8954,0.013,50.26,-0.35,1.3,0.0,0.8584,0.0671,0.1831,0.13,0.265,0.108,0.179,,3.64,-1.28,,
119.02,LAND_YAW_ALIGN,5.7978,-0.8855,0.013,50.01,0.01,0.67,0.0,0.9404,0.0932,0.0609,0.13,0.265,0.108,0.183,,3.64,-1.28,,
119.088,LAND_YAW_ALIGN,5.8565,-0.8834,0.013,49.74,0.47,0.42,0.0,0.9936,0.0775,-0.1297,0.125,0.264,0.106,0.183,,3.64,-1.28,,
119.116,LAND_YAW_ALIGN,5.9279,-0.8756,0.012,49.49,0.89,-0.16,0.0,1.0778,0.0925,-0.2913,0.125,0.264,0.106,0.181,,3.64,-1.28,,
119.188,LAND_YAW_ALIGN,5.9991,-0.867,0.012,49.26,1.05,-0.43,0.0,1.139,0.0998,-0.1785,0.125,0.266,0.107,0.181,,3.64,-1.28,,
119.216,LAND_YAW_ALIGN,6.0423,-0.8629,0.014,49.03,0.61,-0.02,0.0,1.0867,0.092,-0.0315,0.125,0.266,0.107,0.179,,3.64,-1.28,,
119.259,LAND_YAW_ALIGN,6.0864,-0.8604,0.014,48.79,0.32,0.33,0.0,1.0427,0.0774,0.0874,0.126,0.266,0.105,0.179,,3.64,-1.28,,
119.32,LAND_YAW_ALIGN,6.127,-0.8571,0.013,48.56,0.04,0.58,0.0,0.9957,0.0716,0.1562,0.126,0.266,0.105,0.175,,3.64,-1.28,,
119.379,LAND_YAW_ALIGN,6.1422,-0.8558,0.013,48.34,-0.56,1.19,0.0,0.8665,0.0583,0.1519,0.127,0.263,0.108,0.175,,3.64,-1.28,,
119.411,LAND_YAW_ALIGN,6.2078,-0.8453,0.011,48.12,-0.24,0.55,0.0,0.9452,0.0862,0.026,0.127,0.263,0.108,0.177,,3.64,-1.28,,
119.517,TAKEOFF_FROM_PAD,6.2253,-0.8473,0.011,47.87,-0.68,1.22,0.0,0.8295,0.058,0.0619,0.127,0.266,0.107,0.177,,,,,
119.576,YAW_ALIGN,6.2681,-0.8427,0.013,47.65,-0.72,1.17,0.0,0.8215,0.0619,0.0663,0.127,0.266,0.107,0.178,,,,,
119.67,YAW_ALIGN,6.2948,-0.8422,0.013,47.41,-0.89,1.44,0.0,0.7616,0.048,0.0179,0.125,0.263,0.106,0.178,,,,,
119.766,YAW_ALIGN,6.3712,-0.837,0.011,47.18,-0.04,0.53,0.0,0.9063,0.0559,-0.2137,0.125,0.263,0.106,0.179,,,,,
119.792,YAW_ALIGN,6.4261,-0.8328,0.011,46.95,0.03,0.42,0.0,0.9298,0.0569,-0.1092,0.127,0.266,0.108,0.179,,,,,
119.81,YAW_ALIGN,6.4661,-0.8313,0.013,46.72,-0.09,0.6,0.0,0.9007,0.0475,-0.0722,0.127,0.266,0.108,0.181,,,,,
119.869,YAW_ALIGN,6.5122,-0.8223,0.013,46.52,-0.32,0.48,0.0,0.8929,0.074,0.0056,0.123,0.263,0.104,0.181,,,,,
119.954,YAW_ALIGN,6.5544,-0.8217,0.012,46.28,-0.33,0.67,0.0,0.8739,0.0575,0.0413,0.123,0.263,0.104,0.179,,,,,
120.015,YAW_ALIGN,6.5928,-0.8202,0.012,46.05,-0.4,0.81,0.0,0.8475,0.0491,0.0409,0.127,0.259,0.105,0.179,,,,,
120.137,YAW_ALIGN,6.6286,-0.8236,0.011,45.81,-0.41,1.14,0.0,0.8102,0.0172,0.083,0.127,0.259,0.105,0.183,,,,,
120.178,YAW_ALIGN,6.6767,-0.822,0.011,45.58,-0.16,0.83,0.0,0.8447,0.0192,-0.032,0.125,0.263,0.108,0.183,,,,,
120.223,YAW_ALIGN,6.7415,-0.8212,0.013,45.33,0.42,0.23,0.0,0.9402,0.0189,-0.2097,0.125,0.263,0.108,0.177,,,,,
120.239,YAW_ALIGN,6.7893,-0.8198,0.013,45.13,0.28,0.36,0.0,0.9326,0.0132,-0.0363,0.129,0.263,0.109,0.177,,,,,
120.246,YAW_ALIGN,6.8311,-0.8196,0.013,44.91,0.16,0.53,0.0,0.9078,0.0042,0.0058,0.129,0.263,0.109,0.184,,,,,
120.338,YAW_ALIGN,6.8958,-0.8193,0.013,44.68,0.64,0.02,0.0,0.9935,0.0022,-0.0705,0.127,0.262,0.106,0.184,,,,,
120.361,YAW_ALIGN,6.9428,-0.8186,0.014,44.47,0.56,0.06,0.0,0.986,0.0011,-0.0578,0.127,0.262,0.106,0.178,,,,,
120.417,YAW_ALIGN,7.011,-0.8194,0.014,44.25,0.99,-0.35,0.0,1.068,-0.0059,-0.0775,0.128,0.266,0.107,0.178,,,,,
120.498,YAW_ALIGN,7.0615,-0.8208,0.012,44.04,0.93,-0.19,0.0,1.0596,-0.0203,-0.0411,0.128,0.266,0.107,0.179,,,,,
120.543,YAW_ALIGN,7.1172,-0.8205,0.012,43.82,0.9,-0.28,0.0,1.0761,-0.015,-0.0068,0.128,0.263,0.106,0.179,,,,,
120.554,YAW_ALIGN,7.1597,-0.821,0.013,43.6,0.54,0.05,0.0,1.028,-0.0173,0.1059,0.128,0.263,0.106,0.179,,,,,
120.666,YAW_ALIGN,7.1873,-0.8209,0.013,43.4,0.03,0.53,0.0,0.9316,-0.0168,0.1315,0.126,0.265,0.111,0.179,,,,,
120.698,YAW_ALIGN,7.2445,-0.8204,0.013,43.18,0.23,0.2,0.0,0.9763,-0.0095,0.0556,0.126,0.265,0.111,0.183,,,,,
120.79,YAW_ALIGN,7.2717,-0.8212,0.013,42.97,-0.16,0.67,0.0,0.8891,-0.0171,0.0718,0.128,0.264,0.107,0.183,,,,,
120.831,YAW_ALIGN,7.3066,-0.8208,0.013,42.76,-0.43,0.86,0.0,0.842,-0.0114,0.1245,0.128,0.264,0.107,0.174,,,,,
120.908,YAW_ALIGN,7.3508,-0.8221,0.013,42.56,-0.19,0.72,0.0,0.8587,-0.0216,-0.036,0.126,0.261,0.107,0.174,,,,,
120.922,YAW_ALIGN,7.3922,-0.8223,0.011,42.35,-0.26,0.75,0.0,0.8454,-0.0201,-0.0208,0.126,0.261,0.107,0.18,,,,,
120.935,YAW_ALIGN,7.4285,-0.8242,0.011,42.14,-0.32,0.89,0.0,0.8172,-0.0277,-0.0386,0.128,0.261,0.109,0.18,,,,,
120.942,YAW_ALIGN,7.466,-0.8231,0.011,41.95,-0.47,0.89,0.0,0.7952,-0.0178,-0.0211,0.128,0.261,0.109,0.18,,,,,
120.95,YAW_ALIGN,7.5246,-0.8174,0.011,41.77,-0.16,0.21,0.0,0.8751,0.0082,-0.1268,0.125,0.265,0.11,0.18,,,,,
120.968,YAW_ALIGN,7.5673,-0.8179,0.013,41.57,-0.2,0.29,0.0,0.8643,0.0057,-0.1049,0.125,0.265,0.11,0.184,,,,,
121.025,YAW_ALIGN,7.638,-0.8206,0.013,41.38,0.52,-0.23,0.0,0.9767,-0.0176,-0.1377,0.126,0.263,0.107,0.184,,,,,
121.057,YAW_ALIGN,7.6803,-0.823,0.013,41.17,0.37,0.04,0.0,0.9477,-0.0282,-0.0662,0.126,0.263,0.107,0.183,,,,,
121.077,YAW_ALIGN,7.7314,-0.8224,0.013,40.97,0.27,-0.05,0.0,0.9586,-0.0168,0.0143,0.125,0.266,0.108,0.183,,,,,
121.159,YAW_ALIGN,7.7867,-0.8243,0.012,40.77,0.52,-0.22,0.0,0.9947,-0.0276,-0.0522,0.125,0.266,0.108,0.18,,,,,
121.165,YAW_ALIGN,7.8558,-0.8272,0.012,40.59,1.01,-0.62,0.0,1.0812,-0.0437,-0.0881,0.124,0.264,0.104,0.18,,,,,
121.237,YAW_ALIGN,7.9043,-0.8309,0.012,40.4,0.99,-0.41,0.0,1.0677,-0.062,-0.0617,0.124,0.264,0.104,0.186,,,,,
121.286,YAW_ALIGN,7.9755,-0.8344,0.012,40.21,1.33,-0.8,0.0,1.1474,-0.0681,-0.0754,0.126,0.264,0.106,0.186,,,,,
121.34,YAW_ALIGN,8.0186,-0.8362,0.014,40.02,0.87,-0.37,0.0,1.0919,-0.0661,0.0765,0.126,0.264,0.106,0.185,,,,,
121.383,YAW_ALIGN,8.0518,-0.8384,0.014,39.82,0.39,0.15,0.0,1.0073,-0.066,0.1462,0.129,0.264,0.105,0.185,,,,,
121.435,YAW_ALIGN,8.1078,-0.8427,0.012,39.63,0.57,0.04,0.0,1.0327,-0.077,0.1022,0.129,0.264,0.105,0.189,,,,,
121.491,YAW_ALIGN,8.1283,-0.8444,0.012,39.44,-0.01,0.62,0.0,0.9154,-0.0715,0.104,0.129,0.264,0.11,0.189,,,,,
121.565,YAW_ALIGN,8.1602,-0.8462,0.011,39.25,-0.36,0.91,0.0,0.8523,-0.0638,0.1784,0.129,0.264,0.11,0.191,,,,,
121.608,YAW_ALIGN,8.1971,-0.8511,0.011,39.05,-0.22,0.93,0.0,0.8409,-0.0777,-0.0096,0.128,0.264,0.109,0.191,,,,,
121.651,YAW_ALIGN,8.2611,-0.8554,0.011,38.86,0.16,0.42,0.0,0.9194,-0.0782,-0.1148,0.128,0.264,0.109,0.19,,,,,
121.665,YAW_ALIGN,8.3033,-0.86,0.011,38.67,0.07,0.58,0.0,0.8976,-0.0854,-0.056,0.126,0.264,0.105,0.19,,,,,
121.737,YAW_ALIGN,8.3414,-0.8624,0.013,38.49,-0.14,0.72,0.0,0.8638,-0.0799,-0.0111,0.126,0.264,0.105,0.19,,,,,
121.825,YAW_ALIGN,8.4074,-0.8663,0.013,38.31,0.31,0.14,0.0,0.9527,-0.0816,-0.1032,0.128,0.263,0.108,0.19,,,,,
121.907,YAW_ALIGN,8.4569,-0.8689,0.01,38.13,0.36,0.02,0.0,0.9651,-0.0794,-0.1412,0.128,0.263,0.108,0.187,,,,,
121.958,YAW_ALIGN,8.5063,-0.877,0.01,37.93,0.35,0.27,0.0,0.9578,-0.1001,-0.0098,0.127,0.265,0.105,0.187,,,,,
121.976,YAW_ALIGN,8.5479,-0.8802,0.012,37.75,0.13,0.42,0.0,0.9282,-0.0938,0.0457,0.127,0.265,0.105,0.188,,,,,
121.987,YAW_ALIGN,8.6081,-0.8871,0.012,37.56,0.49,0.07,0.0,0.9869,-0.105,-0.0368,0.123,0.264,0.106,0.188,,,,,
122.027,YAW_ALIGN,8.6907,-0.8998,0.013,37.37,1.52,-0.8,0.0,1.1296,-0.139,-0.3888,0.123,0.264,0.106,0.187,,,,,
122.07,YAW_ALIGN,8.7817,-0.908,0.013,37.19,1.8,-1.34,0.0,1.2625,-0.1409,-0.1668,0.128,0.264,0.109,0.187,,,,,
122.16,YAW_ALIGN,8.8509,-0.9161,0.009,37.01,2.0,-1.55,0.0,1.3055,-0.1505,-0.2526,0.128,0.264,0.109,0.187,,,,,
122.166,YAW_ALIGN,8.9514,-0.929,0.009,36.84,2.38,-1.98,0.0,1.4491,-0.1716,-0.0839,0.126,0.263,0.112,0.187,,,,,
122.232,YAW_ALIGN,9.0152,-0.9361,0.012,36.69,2.26,-1.6,0.0,1.4367,-0.1959,-0.0086,0.126,0.263,0.112,0.193,,,,,
122.267,YAW_ALIGN,9.0648,-0.9427,0.012,36.49,1.48,-0.86,0.0,1.3572,-0.1881,0.2828,0.128,0.264,0.104,0.193,,,,,
122.318,YAW_ALIGN,9.1019,-0.948,0.013,36.3,0.72,-0.14,0.0,1.2428,-0.173,0.5006,0.128,0.264,0.104,0.192,,,,,
122.374,YAW_ALIGN,9.0661,-0.9427,0.013,36.15,-0.77,1.43,0.0,0.9015,-0.1329,0.4123,0.123,0.266,0.107,0.192,,,,,
122.43,YAW_ALIGN,9.1191,-0.948,0.012,35.97,-0.69,1.17,0.0,0.9255,-0.1232,0.3499,0.123,0.266,0.107,0.19,,,,,
122.495,YAW_ALIGN,9.0945,-0.9449,0.012,35.82,-1.65,2.23,0.0,0.6913,-0.0959,0.1244,0.125,0.266,0.107,0.19,,,,,
122.548,YAW_ALIGN,9.1372,-0.9519,0.01,35.64,-1.47,2.1,0.0,0.6995,-0.1032,0.0942,0.125,0.266,0.107,0.194,,,,,
122.568,YAW_ALIGN,9.1433,-0.9509,0.01,35.49,-1.86,2.46,0.0,0.5976,-0.0855,-0.0592,0.128,0.261,0.106,0.194,,,,,
122.664,YAW_ALIGN,9.2083,-0.9548,0.01,35.33,-1.21,1.67,0.0,0.7134,-0.0933,-0.2094,0.128,0.261,0.106,0.191,,,,,
122.686,YAW_ALIGN,9.2981,-0.9598,0.01,35.2,-0.07,0.38,0.0,0.9154,-0.1153,-0.3811,0.128,0.262,0.107,0.191,,,,,
122.729,YAW_ALIGN,9.3391,-0.9724,0.011,34.98,-0.11,0.64,0.0,0.8872,-0.1302,-0.3249,0.128,0.262,0.107,0.193,,,,,
122.781,YAW_ALIGN,9.4086,-0.9877,0.011,34.78,0.34,0.41,0.0,0.9661,-0.1648,-0.1476,0.124,0.266,0.107,0.193,,,,,
122.807,YAW_ALIGN,9.4511,-0.9912,0.014,34.63,0.08,0.5,0.0,0.9391,-0.1508,-0.1003,0.124,0.266,0.107,0.208,,,,,
122.871,YAW_ALIGN,9.5264,-1.0013,0.014,34.48,0.63,-0.13,0.0,1.0534,-0.1676,-0.0724,0.121,0.268,0.107,0.208,,,,,
122.911,YAW_ALIGN,9.5677,-1.0103,0.011,34.3,0.36,0.29,0.0,1.0023,-0.1751,0.0377,0.121,0.268,0.107,0.201,,,,,
122.977,YAW_ALIGN,9.6094,-1.0163,0.011,34.14,0.07,0.52,0.0,0.9614,-0.1659,0.1187,0.123,0.264,0.109,0.201,,,,,
123.008,YAW_ALIGN,9.6426,-1.0216,0.013,33.98,-0.34,0.9,0.0,0.888,-0.1546,0.2199,0.123,0.264,0.109,0.204,,,,,
123.072,YAW_ALIGN,9.665,-1.0269,0.013,33.82,-0.73,1.4,0.0,0.7877,-0.1469,0.1737,0.125,0.264,0.108,0.204,,,,,
123.106,YAW_ALIGN,9.7106,-1.0299,0.014,33.67,-0.72,1.11,0.0,0.8057,-0.1283,0.1388,0.125,0.264,0.108,0.202,,,,,
123.173,YAW_ALIGN,9.7518,-1.0375,0.014,33.5,-0.52,1.03,0.0,0.8128,-0.1409,-0.0123,0.126,0.262,0.107,0.202,,,,,
123.208,YAW_ALIGN,9.7922,-1.0476,0.011,33.33,-0.44,1.11,0.0,0.8002,-0.1546,-0.0053,0.126,0.262,0.107,0.204,,,,,
123.261,YAW_ALIGN,9.8262,-1.057,0.011,33.15,-0.48,1.26,0.0,0.7683,-0.1608,-0.0305,0.124,0.265,0.111,0.204,,,,,
123.31,YAW_ALIGN,9.8916,-1.0732,0.012,32.95,0.32,0.47,0.0,0.8878,-0.1888,-0.264,0.124,0.265,0.111,0.204,,,,,
123.369,YAW_ALIGN,9.9504,-1.0844,0.012,32.8,0.5,0.28,0.0,0.935,-0.2043,-0.1226,0.125,0.262,0.109,0.204,,,,,
123.407,YAW_ALIGN,10.0229,-1.102,0.011,32.62,1.26,-0.51,0.0,1.0521,-0.2294,-0.3738,0.125,0.262,0.109,0.201,,,,,
123.481,YAW_ALIGN,10.0933,-1.1157,0.011,32.47,1.24,-0.63,0.0,1.1186,-0.239,-0.0741,0.128,0.263,0.106,0.201,,,,,
123.51,YAW_ALIGN,10.1348,-1.1245,0.013,32.32,0.83,-0.14,0.0,1.0595,-0.2372,0.058,0.128,0.263,0.106,0.203,,,,,
123.571,YAW_ALIGN,10.2018,-1.1394,0.013,32.15,1.08,-0.46,0.0,1.1195,-0.2489,0.0356,0.127,0.264,0.109,0.203,,,,,
123.62,YAW_ALIGN,10.2495,-1.1502,0.012,32.0,0.9,-0.24,0.0,1.092,-0.2513,0.0846,0.127,0.264,0.109,0.199,,,,,
123.694,YAW_ALIGN,10.2809,-1.1572,0.012,31.83,0.28,0.29,0.0,0.9869,-0.2219,0.185,0.127,0.262,0.108,0.199,,,,,
