time_s,state,x_m,y_m,z_down_m,yaw_deg,roll_deg,pitch_deg,yaw_ref_deg,vx_ms,vy_ms,vz_ms,range_front_m,range_back_m,range_left_m,range_right_m,range_up_m,target_x_m,target_y_m,frontier_x_m,frontier_y_m
0.25,,0.0,0.0,0.016,0.0,0.0,0.0,0.0,0.0,0.0,0.0,0.704,0.418,,1.194,,,,,
0.254,,0.0033,0.0025,0.016,0.06,-0.8,0.03,0.0,0.0125,0.0107,-0.005,0.705,0.419,,1.194,,,,,
0.257,,0.0035,0.0034,0.017,0.06,-0.82,0.02,0.0,0.0129,0.0134,-0.0048,0.705,0.419,,1.183,,,,,
0.26,,0.0023,0.0029,0.017,0.06,-0.8,0.05,0.0,0.0081,0.0107,-0.0021,0.709,0.418,,1.183,,,,,
0.281,,0.0021,0.002,0.02,0.06,-0.79,0.06,0.0,0.0075,0.0073,-0.0001,0.709,0.418,,1.17,,,,,
0.334,,0.0021,0.0021,0.017,0.06,-0.79,0.06,0.0,0.0074,0.0079,0.0077,0.704,0.42,,1.17,,,,,
0.382,,0.0021,0.0021,0.015,0.06,-0.79,0.06,0.0,0.0075,0.0084,0.0042,0.704,0.42,,1.179,,,,,
0.433,,0.0025,0.0025,0.017,0.06,-0.8,0.05,0.0,0.0093,0.0097,-0.0036,0.702,0.417,,1.179,,,,,
0.483,,0.003,0.003,0.016,0.06,-0.82,0.04,0.0,0.0109,0.0109,-0.0027,0.702,0.417,1.08,,,,,,
0.534,,0.0039,0.0032,0.017,0.06,-0.82,0.02,0.0,0.0146,0.012,-0.0048,0.708,0.419,1.08,,,,,,
0.583,,0.0032,0.0033,0.018,0.06,-0.81,0.04,0.0,0.0109,0.0117,-0.0029,0.708,0.419,,1.187,,,,,
0.638,,0.0038,0.0039,0.018,0.07,-0.82,0.03,0.0,0.0125,0.0141,0.001,0.703,0.42,,1.187,,,,,
0.691,,0.0044,0.0047,0.018,0.07,-0.84,0.02,0.0,0.0141,0.0161,0.0026,0.703,0.42,,1.165,,,,,
0.733,,0.0024,0.0043,0.017,0.07,-0.82,0.08,0.0,0.0061,0.0136,0.0033,0.705,0.42,,1.165,,,,,
0.783,,0.0027,0.0035,0.019,0.07,-0.81,0.07,0.0,0.0073,0.0106,0.0004,0.705,0.42,,1.182,,,,,
0.844,,0.0027,0.0034,0.018,0.07,-0.8,0.06,0.0,0.0071,0.0103,0.0039,0.706,0.418,,1.182,,,,,
0.887,,0.003,0.004,0.017,0.07,-0.81,0.06,0.0,0.0085,0.012,0.0023,0.706,0.418,,1.181,,,,,
0.95,,0.0027,0.0028,0.016,0.07,-0.79,0.07,0.0,0.007,0.0073,-0.0013,0.706,0.418,,1.181,,,,,
0.982,,0.0028,0.0036,0.019,0.07,-0.81,0.07,0.0,0.0076,0.0104,-0.006,0.706,0.418,,1.181,,,,,
1.064,,0.0027,0.0029,0.017,0.07,-0.79,0.07,0.0,0.0075,0.0071,-0.0008,0.705,0.415,,1.181,,,,,
1.107,,0.0026,0.0034,0.019,0.07,-0.8,0.07,0.0,0.0069,0.0096,-0.0029,0.705,0.415,,1.191,,,,,
1.145,,0.0026,0.0034,0.018,0.07,-0.8,0.07,0.0,0.0063,0.009,0.0015,0.705,0.419,,1.191,,,,,
1.186,,0.0032,0.0023,0.016,0.07,-0.77,0.06,0.0,0.0085,0.0044,0.001,0.705,0.419,,1.166,,,,,
1.232,,0.0026,0.0028,0.017,0.07,-0.79,0.08,0.0,0.0059,0.0069,-0.0046,0.706,0.417,,1.166,,,,,
1.282,,0.0027,0.0029,0.016,0.07,-0.79,0.08,0.0,0.0058,0.0075,-0.0055,0.706,0.417,1.084,1.179,,,,,
1.361,,0.003,0.0033,0.017,0.07,-0.81,0.07,0.0,0.0068,0.0089,-0.0072,0.707,0.414,1.084,1.179,,,,,
1.415,,0.0033,0.0038,0.017,0.07,-0.82,0.06,0.0,0.0079,0.0111,-0.0055,0.707,0.414,,1.191,,,,,
1.436,,0.0035,0.0048,0.018,0.07,-0.84,0.06,0.0,0.0081,0.0142,-0.0042,0.704,0.418,,1.191,,,,,
1.49,,0.0033,0.0045,0.019,0.07,-0.82,0.06,0.0,0.0074,0.0125,-0.0007,0.704,0.418,1.091,1.194,,,,,
1.558,,0.0029,0.0033,0.015,0.07,-0.79,0.07,0.0,0.0063,0.0067,0.0036,0.706,0.418,1.091,1.194,,,,,
1.587,,0.0026,0.003,0.015,0.07,-0.78,0.08,0.0,0.0053,0.0058,-0.0031,0.706,0.418,1.084,1.18,,,,,
1.652,,0.0028,0.0026,0.018,0.07,-0.77,0.07,0.0,0.0065,0.0045,-0.0073,0.708,0.418,1.084,1.18,,,,,
1.692,,0.003,0.0033,0.017,0.07,-0.79,0.06,0.0,0.0071,0.0071,-0.0033,0.708,0.418,,1.175,,,,,
1.734,,0.0038,0.0035,0.018,0.07,-0.8,0.04,0.0,0.0101,0.0076,-0.0024,0.704,0.42,,1.175,,,,,
1.79,,0.0038,0.0035,0.015,0.07,-0.8,0.05,0.0,0.0098,0.0078,0.001,0.704,0.42,,1.172,,,,,
1.832,,0.0032,0.0041,0.017,0.07,-0.81,0.07,0.0,0.0072,0.0102,-0.0052,0.706,0.416,,1.172,,,,,
1.93,,0.0036,0.0046,0.017,0.07,-0.82,0.06,0.0,0.0082,0.0118,-0.0038,0.706,0.416,,1.183,,,,,
1.961,,0.0041,0.0053,0.017,0.07,-0.83,0.05,0.0,0.0097,0.0136,-0.0022,0.704,0.419,,1.183,,,,,
2.01,,0.0036,0.0046,0.018,0.07,-0.81,0.07,0.0,0.0075,0.0104,-0.001,0.704,0.419,,1.195,,,,,
2.033,,0.0034,0.0037,0.018,0.07,-0.78,0.07,0.0,0.0064,0.0069,0.0017,0.703,0.417,,1.195,,,,,
2.098,,0.0037,0.0041,0.016,0.07,-0.8,0.06,0.0,0.0081,0.0085,0.0034,0.703,0.417,,1.163,,,,,
2.131,,0.0041,0.0044,0.017,0.07,-0.8,0.06,0.0,0.0088,0.0093,-0.0011,0.706,0.416,,1.163,,,,,
2.227,,0.004,0.0044,0.017,0.07,-0.8,0.06,0.0,0.0085,0.0095,-0.0007,0.706,0.416,1.082,1.182,,,,,
2.235,,0.0042,0.004,0.019,0.06,-0.79,0.05,0.0,0.0092,0.0078,-0.0009,0.705,0.418,1.082,1.182,,,,,
2.299,,0.0032,0.0041,0.018,0.06,-0.79,0.07,0.0,0.0052,0.0072,0.0035,0.705,0.418,,1.183,,,,,
2.332,,0.0034,0.0038,0.019,0.06,-0.79,0.07,0.0,0.0062,0.0064,0.0026,0.705,0.418,,1.183,,,,,
2.383,,0.0038,0.0042,0.016,0.07,-0.79,0.06,0.0,0.0076,0.0075,0.0042,0.705,0.418,1.106,1.181,,,,,
2.432,,0.0037,0.0037,0.015,0.07,-0.78,0.07,0.0,0.0073,0.0057,-0.0024,0.705,0.415,1.106,1.181,,,,,
2.505,,0.0032,0.0037,0.017,0.06,-0.78,0.08,0.0,0.0054,0.0063,-0.0082,0.705,0.415,1.115,1.187,,,,,
2.531,,0.0032,0.0037,0.018,0.06,-0.79,0.08,0.0,0.0051,0.0069,-0.0062,0.706,0.42,1.115,1.187,,,,,
2.592,,0.003,0.0042,0.018,0.06,-0.8,0.09,0.0,0.0042,0.0083,-0.0023,0.706,0.42,,1.182,,,,,
2.648,,0.0036,0.0041,0.018,0.06,-0.8,0.07,0.0,0.0074,0.0075,0.0002,0.705,0.415,,1.182,,,,,
2.702,,0.004,0.0045,0.016,0.06,-0.81,0.05,0.0,0.0087,0.0091,0.0012,0.705,0.415,1.12,1.172,,,,,
2.736,,0.004,0.0045,0.016,0.06,-0.8,0.05,0.0,0.0084,0.0085,-0.003,0.706,0.418,1.12,1.172,,,,,
2.802,,0.0042,0.0053,0.018,0.06,-0.82,0.05,0.0,0.009,0.0116,-0.0048,0.706,0.418,1.118,1.185,,,,,
2.853,,0.004,0.005,0.015,0.06,-0.81,0.06,0.0,0.0079,0.0101,-0.0011,0.703,0.419,1.118,1.185,,,,,
2.885,,0.0041,0.0043,0.017,0.06,-0.78,0.05,0.0,0.0085,0.0065,-0.005,0.703,0.419,1.119,1.176,,,,,
2.949,,0.0039,0.0045,0.017,0.06,-0.79,0.06,0.0,0.0073,0.0076,-0.003,0.703,0.417,1.119,1.176,,,,,
2.981,,0.0047,0.0047,0.016,0.06,-0.79,0.04,0.0,0.0101,0.0081,-0.0015,0.703,0.417,,1.184,,,,,
3.032,,0.0043,0.0049,0.016,0.06,-0.8,0.06,0.0,0.0078,0.0089,-0.003,0.703,0.418,,1.184,,,,,
3.109,,0.0041,0.0047,0.017,0.06,-0.79,0.06,0.0,0.0072,0.0079,-0.004,0.703,0.418,1.117,1.188,,,,,
3.132,,0.0041,0.0047,0.016,0.06,-0.79,0.06,0.0,0.007,0.0082,-0.0016,0.702,0.422,1.117,1.188,,,,,
3.185,,0.0042,0.0047,0.015,0.06,-0.79,0.05,0.0,0.0071,0.0084,-0.0023,0.702,0.422,1.117,1.189,,,,,
3.234,,0.0043,0.0055,0.016,0.06,-0.81,0.05,0.0,0.0077,0.0112,-0.0045,0.709,0.417,1.117,1.189,,,,,
3.293,,0.0045,0.0052,0.018,0.06,-0.79,0.04,0.0,0.0087,0.0089,-0.0033,0.709,0.417,1.124,1.189,,,,,
3.331,,0.0054,0.0054,0.017,0.06,-0.79,0.02,0.0,0.0116,0.01,0.0023,0.703,0.418,1.124,1.189,,,,,
3.401,,0.0049,0.0056,0.016,0.06,-0.8,0.03,0.0,0.0101,0.0107,0.0026,0.703,0.418,1.116,1.187,,,,,
3.472,,0.0045,0.0052,0.015,0.07,-0.78,0.04,0.0,0.0087,0.0088,0.0005,0.705,0.416,1.116,1.187,,,,,
3.499,,0.0047,0.0047,0.017,0.07,-0.77,0.04,0.0,0.0093,0.0065,-0.0031,0.705,0.416,,1.183,,,,,
3.557,,0.0049,0.0056,0.018,0.07,-0.79,0.04,0.0,0.01,0.01,-0.0006,0.71,0.417,,1.183,,,,,
3.601,,0.0054,0.0061,0.017,0.07,-0.81,0.03,0.0,0.0114,0.0117,0.0024,0.71,0.417,1.117,1.183,,,,,
3.631,,0.0053,0.0059,0.016,0.07,-0.8,0.03,0.0,0.0106,0.0108,0.0019,0.705,0.421,1.117,1.183,,,,,
3.712,,0.0052,0.0052,0.017,0.07,-0.78,0.04,0.0,0.0096,0.0083,-0.0,0.705,0.421,,1.171,,,,,
3.733,,0.0,-0.0001,0.016,-0.0,0.0,-0.02,0.0,0.0016,-0.0043,0.0001,0.702,0.419,,1.171,,,,,
3.798,,0.0002,-0.0004,0.018,-0.0,-0.01,-0.03,0.0,0.0037,-0.0091,-0.0009,0.702,0.419,1.12,1.183,,,,,
3.835,,0.0003,-0.0007,0.017,-0.0,-0.11,-0.01,0.0,0.0048,-0.0107,0.0008,0.704,0.418,1.12,1.183,,,,,
3.881,,0.0006,-0.0013,0.017,-0.0,-0.13,-0.03,0.0,0.0069,-0.0149,-0.0004,0.704,0.418,1.114,1.184,,,,,
3.932,,0.0007,-0.0014,0.016,-0.0,-0.27,0.01,0.0,0.0065,-0.0125,-0.0014,0.705,0.418,1.114,1.184,,,,,
4.01,,0.0007,-0.0013,0.018,0.0,-0.37,0.04,0.0,0.0062,-0.0104,-0.0041,0.705,0.418,,1.162,,,,,
4.039,,0.0015,-0.0015,0.018,0.0,-0.42,-0.01,0.0,0.011,-0.0101,-0.0001,0.704,0.42,,1.162,,,,,
4.096,,0.0006,-0.0005,0.017,0.0,-0.55,0.1,0.0,0.0046,-0.0031,0.0013,0.704,0.42,,1.187,,,,,
4.139,,0.0014,-0.0013,0.018,-0.0,-0.53,0.05,0.0,0.009,-0.0068,-0.0001,0.703,0.418,,1.187,,,,,
4.181,,0.0006,-0.0013,0.018,-0.0,-0.56,0.11,0.0,0.0046,-0.0058,0.0016,0.703,0.418,1.102,1.188,,,,,
4.231,,0.0004,-0.0017,0.018,0.0,-0.57,0.12,0.0,0.0042,-0.0065,0.0014,0.707,0.417,1.102,1.188,,,,,
4.303,,0.0002,-0.0007,0.017,-0.0,-0.64,0.13,0.0,0.0031,-0.0018,0.0016,0.707,0.417,,1.185,,,,,
4.356,,0.0003,-0.0002,0.018,-0.0,-0.68,0.13,0.0,0.0037,0.0012,-0.001,0.703,0.419,,1.185,,,,,
4.384,,0.0009,-0.0002,0.013,-0.0,-0.69,0.09,0.0,0.0067,0.0014,-0.0006,0.703,0.419,,1.173,,,,,
4.449,,0.0002,-0.0007,0.016,-0.0,-0.68,0.12,0.0,0.004,-0.0007,-0.0112,0.701,0.417,,1.173,,,,,
4.48,,0.0004,-0.0008,0.014,-0.0,-0.69,0.11,0.0,0.0048,-0.0003,-0.0094,0.701,0.417,1.096,1.174,,,,,
4.531,,0.0007,-0.0008,0.017,0.0,-0.7,0.1,0.0,0.0053,0.0004,-0.0126,0.703,0.417,1.096,1.174,,,,,
4.608,,0.001,-0.0007,0.016,0.0,-0.71,0.08,0.0,0.0064,0.0017,-0.0066,0.703,0.417,1.093,1.176,,,,,
4.658,,0.001,0.0005,0.019,0.0,-0.75,0.09,0.0,0.0064,0.0067,-0.0045,0.703,0.418,1.093,1.176,,,,,
4.704,,0.0013,0.0009,0.017,0.01,-0.76,0.08,0.0,0.0078,0.0081,0.0035,0.703,0.418,,1.177,,,,,
4.764,,0.0026,0.0008,0.016,0.01,-0.76,0.05,0.0,0.012,0.0076,0.0033,0.708,0.418,,1.177,,,,,
4.785,,0.0011,0.0007,0.016,0.01,-0.76,0.08,0.0,0.0075,0.0073,0.0008,0.708,0.418,1.094,1.173,,,,,
4.839,,0.0018,-0.0022,0.019,0.01,-0.71,0.06,0.0,0.01,-0.0009,-0.0005,0.706,0.416,1.094,1.173,,,,,
4.917,,0.0003,-0.001,0.017,0.01,-0.74,0.09,0.0,0.0059,0.0036,0.0049,0.706,0.416,1.082,1.173,,,,,
4.941,,0.0014,-0.001,0.016,0.01,-0.75,0.06,0.0,0.0093,0.0038,0.0029,0.704,0.417,1.082,1.173,,,,,
4.989,,0.0003,-0.001,0.016,0.01,-0.75,0.07,0.0,0.0063,0.0041,-0.0007,0.704,0.417,,1.172,,,,,
5.038,,0.0001,-0.0011,0.018,0.01,-0.76,0.07,0.0,0.0063,0.0041,-0.0025,0.706,0.419,,1.172,,,,,
5.083,,0.0004,-0.0008,0.017,0.01,-0.77,0.06,0.0,0.008,0.0056,0.0009,0.706,0.419,,1.174,,,,,
5.131,,-0.0008,-0.0009,0.017,0.01,-0.78,0.08,0.0,0.0051,0.0065,0.0001,0.704,0.419,,1.174,,,,,
5.215,,0.0,-0.0017,0.017,0.01,-0.77,0.06,0.0,0.0081,0.005,-0.0005,0.704,0.419,1.082,1.176,,,,,
5.265,,-0.0011,-0.002,0.015,0.01,-0.77,0.08,0.0,0.0055,0.0047,-0.0007,0.702,0.417,1.082,1.176,,,,,
5.297,,-0.001,-0.0013,0.017,0.01,-0.79,0.07,0.0,0.0067,0.0074,-0.0056,0.702,0.417,,1.189,,,,,
5.331,,-0.0009,-0.0018,0.016,0.01,-0.77,0.07,0.0,0.0076,0.0059,-0.0034,0.707,0.421,,1.189,,,,,
5.38,,-0.0007,-0.0009,0.015,0.01,-0.8,0.07,0.0,0.0086,0.009,-0.0049,0.707,0.421,,1.188,,,,,
5.431,,-0.0008,-0.0017,0.016,0.01,-0.78,0.06,0.0,0.0079,0.0063,-0.0072,0.704,0.417,,1.188,,,,,
5.509,,-0.0004,-0.0014,0.014,0.01,-0.79,0.05,0.0,0.009,0.0077,-0.0055,0.704,0.417,1.086,1.181,,,,,
5.534,,-0.0005,-0.0015,0.016,0.01,-0.79,0.06,0.0,0.0087,0.0081,-0.0085,0.705,0.418,1.086,1.181,,,,,
5.596,,-0.0001,-0.001,0.016,0.01,-0.8,0.05,0.0,0.01,0.0098,-0.0054,0.705,0.418,,1.185,,,,,
5.635,,0.0,-0.0019,0.015,0.02,-0.78,0.04,0.0,0.0104,0.007,-0.0032,0.707,0.417,,1.185,,,,,
5.68,,0.0001,-0.0009,0.015,0.02,-0.8,0.04,0.0,0.0105,0.0104,-0.0037,0.707,0.417,1.095,1.176,,,,,
5.731,,0.0006,-0.0003,0.019,0.02,-0.81,0.02,0.0,0.0123,0.0124,-0.0034,0.703,0.419,1.095,1.176,,,,,
5.807,,0.0006,-0.0012,0.017,0.02,-0.8,0.03,0.0,0.0122,0.0094,0.0064,0.703,0.419,,1.183,,,,,
5.861,,-0.0008,-0.0016,0.018,0.02,-0.79,0.05,0.0,0.0079,0.0083,0.0064,0.702,0.417,,1.183,,,,,
5.9,,0.0001,-0.0014,0.017,0.02,-0.79,0.04,0.0,0.0108,0.0092,0.0077,0.702,0.417,,1.183,,,,,
5.949,,-0.0012,-0.0014,0.016,0.02,-0.79,0.06,0.0,0.0068,0.0095,0.0052,0.708,0.418,,1.183,,,,,
5.99,,-0.0013,-0.0022,0.017,0.02,-0.77,0.07,0.0,0.0067,0.0068,0.0013,0.708,0.418,,,,,,,
6.03,,-0.0011,-0.0024,0.016,0.02,-0.77,0.06,0.0,0.0083,0.0058,0.0009,0.705,0.421,,,,,,,
6.091,,-0.0013,-0.0022,0.017,0.02,-0.78,0.06,0.0,0.0076,0.0068,-0.002,0.705,0.421,,1.182,,,,,
6.145,,-0.0009,-0.0018,0.018,0.02,-0.78,0.05,0.0,0.0088,0.0081,-0.0016,0.701,0.418,,1.182,,,,,
6.184,,-0.0007,-0.001,0.016,0.02,-0.8,0.05,0.0,0.009,0.011,0.0007,0.701,0.418,,1.177,,,,,
6.231,,-0.0001,-0.0011,0.015,0.02,-0.8,0.04,0.0,0.0109,0.0101,-0.0027,0.706,0.419,,1.177,,,,,
6.281,,-0.0005,-0.0009,0.015,0.02,-0.8,0.05,0.0,0.0093,0.0104,-0.0063,0.706,0.419,,1.196,,,,,
6.331,,-0.0003,-0.0013,0.015,0.02,-0.78,0.05,0.0,0.0099,0.0089,-0.0079,0.702,0.418,,1.196,,,,,
6.39,,0.0002,-0.0008,0.018,0.02,-0.8,0.03,0.0,0.0113,0.0105,-0.0084,0.702,0.418,,1.181,,,,,
6.448,,0.0,-0.0015,0.015,0.02,-0.78,0.05,0.0,0.0101,0.0078,-0.001,0.705,0.416,,1.181,,,,,
6.481,,-0.0004,-0.0014,0.016,0.02,-0.78,0.06,0.0,0.0088,0.0087,-0.0032,0.705,0.416,,1.167,,,,,
6.546,,-0.0001,-0.0016,0.019,0.02,-0.77,0.06,0.0,0.0101,0.008,-0.0024,0.706,0.416,,1.167,,,,,
6.581,,-0.0001,-0.0016,0.018,0.02,-0.77,0.06,0.0,0.0102,0.0076,0.0042,0.706,0.416,1.087,1.171,,,,,
6.631,,-0.0003,-0.0012,0.014,0.02,-0.78,0.07,0.0,0.0092,0.0087,0.0057,0.702,0.414,1.087,1.171,,,,,
6.687,,-0.0003,-0.0012,0.016,0.02,-0.78,0.06,0.0,0.0089,0.0086,-0.0029,0.702,0.414,,1.178,,,,,
6.747,,-0.0006,-0.0015,0.016,0.02,-0.77,0.07,0.0,0.0072,0.0075,-0.0029,0.7,0.418,,1.178,,,,,
6.807,,0.0002,-0.0013,0.016,0.02,-0.77,0.05,0.0,0.0101,0.0084,-0.0036,0.7,0.418,1.088,1.198,,,,,
6.834,,-0.0001,-0.0005,0.017,0.02,-0.8,0.06,0.0,0.0087,0.0113,-0.0035,0.706,0.42,1.088,1.198,,,,,
6.908,,0.0002,-0.0007,0.015,0.02,-0.79,0.06,0.0,0.0091,0.0099,-0.0013,0.706,0.42,,1.174,,,,,
6.932,,-0.0007,-0.001,0.017,0.02,-0.78,0.08,0.0,0.0058,0.0088,-0.0037,0.707,0.418,,1.174,,,,,
6.992,,-0.0008,-0.0015,0.018,0.03,-0.77,0.09,0.0,0.0056,0.0066,-0.0008,0.707,0.418,1.09,1.172,,,,,
7.05,,-0.0007,-0.0014,0.015,0.03,-0.77,0.08,0.0,0.0054,0.0069,0.0033,0.705,0.419,1.09,1.172,,,,,
7.083,,-0.0,-0.0012,0.019,0.02,-0.78,0.07,0.0,0.0079,0.008,-0.0013,0.705,0.419,,1.172,,,,,
7.132,,-0.0001,-0.0008,0.017,0.02,-0.79,0.06,0.0,0.0078,0.0103,0.0046,0.702,0.421,,1.172,,,,,
7.179,,-0.0,-0.0007,0.017,0.02,-0.78,0.06,0.0,0.0092,0.0103,0.0023,0.702,0.421,,1.187,,,,,
7.264,,-0.0006,-0.0009,0.016,0.03,-0.77,0.08,0.0,0.0072,0.0094,0.0007,0.705,0.417,,1.187,,,,,
7.305,,-0.0002,-0.0004,0.018,0.03,-0.78,0.06,0.0,0.01,0.0112,-0.0028,0.705,0.417,,1.2,,,,,
7.331,,-0.0001,-0.0003,0.018,0.03,-0.78,0.06,0.0,0.0105,0.0106,-0.0007,0.703,0.42,,1.2,,,,,
7.394,,0.0005,0.0003,0.014,0.02,-0.79,0.06,-0.0,0.0122,0.0127,0.0008,0.703,0.42,,1.175,,,,,
7.431,,0.0001,-0.0002,0.016,0.05,-0.74,0.12,-0.0,0.011,0.0113,-0.0056,0.703,0.419,,1.175,,,,,
7.48,,0.0004,-0.0002,0.013,0.02,-0.69,0.18,-0.0,0.0092,0.0148,-0.0027,0.703,0.419,,1.187,,,,,
7.562,,0.0021,0.0054,0.012,0.06,-0.5,0.31,-0.0,0.0121,0.0381,-0.0111,0.707,0.417,,1.187,,,,,
7.619,,-0.0017,0.0079,0.009,0.02,-0.05,0.45,-0.0,-0.0079,0.0437,0.0061,0.707,0.417,,,,,,,
7.644,,-0.0074,0.005,0.0,-0.05,0.61,0.84,-0.0,-0.0351,0.0215,0.0514,0.706,0.417,,,,,,,
7.699,,-0.0133,-0.0049,0.0,-0.09,0.86,0.53,-0.0,-0.0591,-0.0292,0.0574,0.706,0.417,,,,,,,
7.733,,-0.0186,-0.0128,0.006,-0.09,0.78,-0.02,-0.0,-0.0714,-0.0642,0.1027,0.701,0.422,,,,,,,
7.785,,-0.0175,-0.0192,0.02,-0.13,0.47,-0.73,-0.0,-0.0471,-0.0819,0.1331,0.701,0.422,1.09,1.381,,,,,
7.849,,-0.0219,-0.0229,0.04,-0.24,-0.47,-0.87,-0.0,-0.0503,-0.0823,0.1735,0.699,0.453,1.09,1.381,,,,,
7.896,,-0.0242,-0.0282,0.058,-0.45,-0.82,-1.05,-0.0,-0.0408,-0.0808,0.2166,0.699,0.453,,1.39,,,,,
7.938,,-0.0185,-0.0392,0.075,-0.65,-0.92,-1.54,-0.0,0.0054,-0.1065,0.2405,0.689,,,1.39,,,,,
7.985,,-0.0176,-0.0424,0.087,-0.85,-1.35,-1.2,-0.0,0.0202,-0.0865,0.2555,0.689,,1.084,1.397,,,,,
8.032,,-0.0108,-0.046,0.101,-1.02,-1.62,-0.56,-0.0,0.0557,-0.0705,0.2427,0.681,,1.084,1.397,,,,,
8.081,,-0.0079,-0.047,0.113,-1.19,-1.82,-0.01,-0.0,0.0588,-0.0445,0.2469,0.681,,1.078,1.394,,,,,
8.154,,-0.0045,-0.0466,0.13,-1.42,-1.74,0.46,-0.0,0.0592,-0.0177,0.2403,0.676,,1.078,1.394,,,,,
8.212,,-0.001,-0.0461,0.132,-1.57,-1.3,0.81,-0.0,0.0574,0.0013,0.2476,0.676,,1.064,1.393,,,,,
8.248,,0.0005,-0.0443,0.142,-1.76,-0.75,0.99,-0.0,0.0448,0.0182,0.2246,0.671,,1.064,1.393,,,,,
8.283,,0.0019,-0.0425,0.148,-1.99,-0.27,1.05,-0.0,0.0328,0.0269,0.2326,0.671,,1.047,1.39,,,,,
8.331,,0.0027,-0.0408,0.159,-2.19,0.14,1.03,-0.0,0.0208,0.03,0.2301,0.669,,1.047,1.39,,,,,
8.38,,0.0026,-0.0401,0.168,-2.33,0.49,0.83,-0.0,0.0077,0.0245,0.2355,0.669,,1.036,1.402,,,,,
8.445,,0.0031,-0.0383,0.187,-2.37,0.48,0.64,-0.0,0.0019,0.0238,0.2326,0.665,,1.036,1.402,,,,,
8.498,,0.0038,-0.0382,0.194,-2.33,0.47,0.29,-0.0,0.0007,0.0154,0.2483,0.665,,1.028,1.402,,,,,
8.537,,0.0071,-0.0292,0.208,-2.22,0.28,-0.16,-0.0,0.0129,0.0456,0.2328,0.666,,1.028,1.402,,,,,
8.582,,0.0079,-0.0302,0.217,-2.05,0.58,-0.07,-0.0,0.0147,0.0302,0.233,0.666,,1.021,1.4,,,,,
8.629,,0.0092,-0.0291,0.236,-1.85,0.62,0.06,-0.0,0.0167,0.0238,0.2208,0.668,,1.021,1.4,,,,,
8.68,,0.0142,-0.0207,0.246,-1.76,0.59,0.11,-0.0,0.0302,0.0437,0.2256,0.668,,1.029,1.404,,,,,
8.74,,0.015,-0.0203,0.259,-1.64,0.7,0.24,-0.0,0.0265,0.0328,0.2116,0.666,,1.029,1.404,,,,,
8.798,,0.0168,-0.0203,0.262,-1.5,0.7,0.12,-0.0,0.0266,0.0221,0.2001,0.666,,1.024,1.396,,,,,
8.834,,0.0196,-0.016,0.269,-1.34,0.81,0.14,-0.0,0.0301,0.0265,0.1679,0.663,,1.024,1.396,,,,,
8.879,,0.0169,-0.0285,0.28,-1.15,0.91,0.5,-0.0,0.0157,-0.0202,0.1552,0.663,,1.026,1.394,,,,,
8.93,,0.0175,-0.0321,0.291,-0.91,0.64,0.65,-0.0,0.0103,-0.0338,0.1443,0.66,,1.026,1.394,,,,,
8.981,,0.0169,-0.0381,0.294,-0.68,0.1,0.52,-0.0,0.0029,-0.049,0.1396,0.66,,1.03,1.372,,,,,
9.044,,0.0148,-0.0439,0.3,-0.51,-0.35,0.56,-0.0,-0.0069,-0.0572,0.113,0.657,,1.03,1.372,,,,,
9.085,,0.0134,-0.0506,0.304,-0.27,-0.66,0.36,-0.0,-0.0138,-0.0635,0.1043,0.657,,1.046,1.365,,,,,
9.145,,0.0111,-0.0574,0.313,-0.06,-0.98,0.13,-0.0,-0.0199,-0.0662,0.0893,0.659,,1.046,1.365,,,,,
9.196,,0.0078,-0.0655,0.315,0.16,-1.18,0.1,-0.0,-0.0264,-0.0695,0.0874,0.659,,1.07,1.354,,,,,
9.229,,0.0056,-0.071,0.325,0.35,-1.28,-0.06,-0.0,-0.0287,-0.0647,0.0709,0.665,,1.07,1.354,,,,,
9.28,,0.0021,-0.0783,0.324,0.41,-1.34,-0.15,-0.0,-0.0327,-0.0637,0.0735,0.665,,1.086,1.338,,,,,
9.343,,-0.0004,-0.082,0.327,0.43,-1.48,-0.25,-0.0,-0.0334,-0.0541,0.0528,0.661,,1.086,1.338,,,,,
9.384,,-0.0027,-0.0872,0.33,0.44,-1.43,-0.57,-0.0,-0.0321,-0.0479,0.0446,0.661,,1.096,1.332,,,,,
9.442,,-0.0049,-0.0916,0.332,0.45,-1.23,-0.61,-0.0,-0.0284,-0.0415,0.0414,0.662,,1.096,1.332,,,,,
9.481,,-0.0084,-0.0947,0.334,0.53,-1.09,-0.52,-0.0,-0.0285,-0.0344,0.034,0.662,,1.097,1.332,,,,,
9.53,,-0.0099,-0.0985,0.335,0.5,-0.98,-0.59,-0.0,-0.0244,-0.0305,0.0293,0.661,,1.097,1.332,,,,,
9.579,,-0.0096,-0.1012,0.336,0.42,-0.98,-0.68,-0.0,-0.0163,-0.0249,0.0236,0.661,,1.092,1.322,,,,,
9.646,,-0.0094,-0.1042,0.341,0.42,-0.74,-0.51,-0.0,-0.0091,-0.0214,0.0178,0.661,,1.092,1.322,,,,,
9.697,,-0.0083,-0.108,0.342,0.44,-0.59,-0.31,-0.0,-0.0027,-0.0212,0.0216,0.661,,1.109,1.317,,,,,
9.735,,-0.0088,-0.1121,0.34,0.44,-0.47,-0.31,-0.0,-0.001,-0.023,0.017,0.658,,1.109,1.317,,,,,
9.794,,-0.0105,-0.1173,0.338,0.41,-0.57,-0.22,-0.0,-0.0021,-0.0268,0.0056,0.658,,1.104,1.314,,,,,
9.852,ROTATION_SCAN,-0.0069,-0.1212,0.337,0.43,-0.57,-0.22,-0.0,0.0063,-0.0271,-0.0008,0.66,,1.104,1.314,,,,,
9.879,ROTATION_SCAN,-0.0059,-0.1234,0.342,0.54,-0.66,-0.07,-0.0,0.0087,-0.0239,-0.0033,0.66,,1.107,1.308,,,,,
9.979,ROTATION_SCAN,-0.0054,-0.1261,0.34,0.58,-0.52,0.08,15.0,0.0089,-0.0215,0.0068,0.653,,1.107,1.308,,,,,
9.987,ROTATION_SCAN,-0.0045,-0.1284,0.342,0.63,-0.67,0.09,15.0,0.0089,-0.0193,-0.0011,0.653,,1.106,1.302,,,,,
10.067,ROTATION_SCAN,-0.0033,-0.1299,0.34,0.85,-0.71,0.09,15.0,0.0096,-0.0145,0.0036,0.657,,1.106,1.302,,,,,
10.087,ROTATION_SCAN,-0.0031,-0.1324,0.341,1.23,-0.66,0.29,15.0,0.0077,-0.012,-0.0028,0.657,,1.115,1.303,,,,,
10.142,ROTATION_SCAN,-0.0021,-0.1322,0.341,1.69,-0.49,0.33,15.0,0.006,-0.0057,-0.0014,0.658,,1.115,1.303,,,,,
10.183,ROTATION_SCAN,0.0,-0.1333,0.339,2.21,-0.65,0.26,15.0,0.0068,-0.0029,-0.0025,0.658,,1.124,1.298,,,,,
10.232,ROTATION_SCAN,0.0003,-0.1333,0.343,2.72,-0.76,0.19,15.0,0.0045,0.0031,-0.0083,0.658,,1.124,1.298,,,,,
10.297,ROTATION_SCAN,-0.0013,-0.1364,0.346,3.43,-0.59,0.3,15.0,-0.001,0.0029,0.0013,0.658,,1.146,1.3,,,,,
10.329,ROTATION_SCAN,-0.0003,-0.1397,0.344,4.1,-0.51,0.4,15.0,-0.0021,0.0015,0.0073,0.659,,1.146,1.3,,,,,
10.391,ROTATION_SCAN,-0.0007,-0.1416,0.338,4.88,-0.4,0.39,15.0,-0.0062,0.0013,-0.0023,0.659,,1.158,1.304,,,,,
10.459,ROTATION_SCAN,-0.0021,-0.141,0.342,5.67,-0.49,0.28,15.0,-0.0111,0.0054,-0.0181,0.666,,1.158,1.304,,,,,
10.483,ROTATION_SCAN,-0.0037,-0.1428,0.339,6.51,-0.62,0.22,15.0,-0.0155,0.0063,-0.0072,0.666,,1.196,1.302,,,,,
10.536,ROTATION_SCAN,-0.003,-0.1448,0.341,7.4,-0.71,0.12,15.0,-0.0152,0.0077,-0.0131,0.674,,1.196,1.302,,,,,
10.597,ROTATION_SCAN,-0.0054,-0.1427,0.338,8.33,-0.56,-0.03,15.0,-0.0192,0.0158,-0.0083,0.674,,1.291,1.308,,,,,
10.63,ROTATION_SCAN,-0.0067,-0.1399,0.339,9.3,-0.59,-0.14,15.0,-0.0198,0.0239,-0.0123,0.685,,1.291,1.308,,,,,
10.709,ROTATION_SCAN,-0.0066,-0.1402,0.34,10.27,-0.46,-0.22,15.0,-0.0174,0.026,-0.0093,0.685,,2.285,1.316,,,,,
10.747,ROTATION_SCAN,-0.011,-0.1359,0.339,11.21,-0.6,-0.44,15.0,-0.0218,0.0356,-0.0053,0.712,,2.285,1.316,,,,,
10.799,ROTATION_SCAN,-0.0066,-0.1243,0.338,12.12,-0.37,-0.6,15.0,-0.0094,0.057,-0.0067,0.712,,,1.326,,,,,
10.836,ROTATION_SCAN,-0.0085,-0.1223,0.339,13.05,0.02,-0.46,15.0,-0.0077,0.0584,-0.0096,0.752,,,1.326,,,,,
10.895,ROTATION_SCAN,-0.0083,-0.1176,0.338,13.86,0.29,-0.28,15.0,-0.003,0.061,-0.0065,0.752,,,1.337,,,,,
10.945,ROTATION_SCAN,-0.0069,-0.1185,0.337,14.65,0.48,-0.18,15.0,0.002,0.0518,-0.0111,,,,1.337,,,,,
11.02,ROTATION_SCAN,-0.0055,-0.1143,0.335,15.27,0.68,-0.04,15.0,0.0063,0.0501,-0.0117,,,2.55,1.353,,,,,
11.049,ROTATION_SCAN,-0.0052,-0.112,0.333,15.84,0.78,0.12,15.0,0.0077,0.0445,-0.0139,,,2.55,1.353,,,,,
11.096,ROTATION_SCAN,-0.0048,-0.1099,0.336,16.35,0.8,0.23,15.0,0.0084,0.0376,-0.0166,,,,1.346,,,,,
11.129,ROTATION_SCAN,-0.0025,-0.117,0.333,16.83,0.87,0.15,15.0,0.0119,0.0157,-0.0049,,,,1.346,,,,,
11.196,ROTATION_SCAN,-0.0072,-0.1233,0.334,17.39,0.96,0.43,15.0,0.0035,-0.0045,-0.0095,,,,,,,,,
11.235,ROTATION_SCAN,-0.0065,-0.1209,0.336,17.99,0.81,0.48,15.0,0.0029,-0.0082,-0.0039,,,,,,,,,
11.304,ROTATION_SCAN,0.0032,-0.1203,0.337,18.66,0.41,0.26,15.0,0.0179,-0.0128,-0.0005,,,,,,,,,
11.347,ROTATION_SCAN,0.0119,-0.1258,0.34,19.35,0.13,0.12,15.0,0.0305,-0.0236,0.0013,,,,,,,,,
11.391,ROTATION_SCAN,0.0135,-0.1302,0.339,20.11,-0.17,0.37,15.0,0.0292,-0.0301,0.0031,,,,,,,,,
11.43,ROTATION_SCAN,0.0111,-0.1371,0.344,20.88,-0.49,0.39,15.0,0.0189,-0.0382,-0.0046,,,,,,,,,
11.495,ROTATION_SCAN,0.01,-0.1424,0.345,21.63,-0.69,0.48,15.0,0.0105,-0.0412,0.0034,,,,,,,,,
11.538,ROTATION_SCAN,0.0095,-0.1476,0.348,22.4,-1.03,0.44,15.0,0.0026,-0.0424,-0.0015,,,,,,,,,
11.617,ROTATION_SCAN,0.0099,-0.1517,0.351,23.21,-1.28,0.37,15.0,-0.0033,-0.039,-0.002,,,,,,,,,
11.647,ROTATION_SCAN,0.0059,-0.1551,0.353,24.01,-1.49,0.18,15.0,-0.0171,-0.0327,-0.0041,,,,,,,,,
11.71,ROTATION_SCAN,0.0004,-0.1597,0.353,24.76,-1.64,0.09,15.0,-0.0319,-0.0277,-0.0083,,,,,,,,,
11.73,ROTATION_SCAN,-0.0,-0.1611,0.353,25.57,-1.67,-0.25,15.0,-0.0348,-0.0158,-0.0189,,,,,,,,,
11.791,ROTATION_SCAN,-0.011,-0.1651,0.353,26.43,-1.64,-0.28,15.0,-0.0565,-0.0094,-0.0287,,,,,,,,,
11.831,ROTATION_SCAN,-0.0154,-0.1636,0.345,27.26,-1.39,-0.76,15.0,-0.0623,0.0067,-0.0343,,,,,,,,,
11.885,ROTATION_SCAN,-0.0203,-0.1646,0.338,28.08,-1.2,-1.07,15.0,-0.0641,0.0172,-0.0549,,,,,,,,,
11.949,ROTATION_SCAN,-0.0245,-0.1646,0.331,28.91,-0.99,-1.3,15.0,-0.0624,0.0279,-0.0659,,,,,,,,,
11.982,ROTATION_SCAN,-0.0324,-0.1632,0.323,29.67,-0.86,-1.59,15.0,-0.0657,0.0406,-0.0723,,,,,,,,,
12.044,ROTATION_SCAN,-0.0367,-0.1622,0.311,30.48,-0.52,-1.64,15.0,-0.0594,0.0505,-0.0744,,,,,,,,,
12.095,ROTATION_SCAN,-0.0387,-0.158,0.303,31.24,-0.41,-1.89,15.0,-0.0465,0.0653,-0.082,,,,,,,,,
12.133,ROTATION_SCAN,-0.0416,-0.1538,0.294,31.94,-0.12,-1.84,15.0,-0.0348,0.0779,-0.0697,,,,,,,,,
12.18,ROTATION_SCAN,-0.0418,-0.1483,0.292,32.66,0.17,-1.76,15.0,-0.0189,0.0895,-0.0656,,,,,,,,,
12.25,ROTATION_SCAN,-0.0411,-0.1456,0.286,33.37,0.52,-1.48,15.0,-0.002,0.0914,-0.0396,,,,,,,,,
12.317,ROTATION_SCAN,-0.0379,-0.1394,0.285,34.04,0.73,-1.19,15.0,0.0175,0.0974,-0.0341,,,,,,,,,
12.346,ROTATION_SCAN,-0.0368,-0.1367,0.284,34.63,0.94,-0.72,15.0,0.0292,0.0917,-0.0112,,,,,,,,,
12.406,ROTATION_SCAN,-0.0319,-0.1316,0.291,35.22,1.0,-0.17,15.0,0.0448,0.0886,0.0026,,,,,,,,,
12.469,ROTATION_SCAN,-0.0289,-0.1285,0.292,35.77,1.11,0.35,15.0,0.051,0.0784,0.0299,,,,,,,,,
12.501,ROTATION_SCAN,-0.0257,-0.1253,0.296,36.34,1.13,0.57,15.0,0.0553,0.0672,0.0376,,,,,,,,,
12.575,ROTATION_SCAN,-0.0219,-0.1228,0.3,36.99,1.01,0.76,15.0,0.0585,0.0551,0.0468,,,,,,,,,
12.58,ROTATION_SCAN,-0.0184,-0.1217,0.306,37.65,0.85,0.79,15.0,0.0593,0.0409,0.0565,,,,,,,,,
12.633,ROTATION_SCAN,-0.0159,-0.1196,0.317,38.32,0.59,0.89,15.0,0.0565,0.0325,0.0592,,,,,,,,,
12.696,ROTATION_SCAN,-0.0122,-0.1195,0.321,39.0,0.45,1.04,15.0,0.0556,0.0213,0.0715,,,,,,,,,
12.731,ROTATION_SCAN,-0.0092,-0.1191,0.327,39.73,0.39,1.01,15.0,0.0516,0.0118,0.0621,,,,,,,,,
12.786,ROTATION_SCAN,-0.0072,-0.1181,0.327,40.51,0.23,1.1,15.0,0.0456,0.0055,0.0605,,,,,,,,,
12.844,ROTATION_SCAN,-0.0043,-0.1185,0.328,41.28,0.01,0.98,15.0,0.0417,-0.0024,0.0399,,,,,,,,,
12.888,ROTATION_SCAN,-0.0038,-0.1234,0.333,42.05,-0.25,0.96,15.0,0.031,-0.0195,0.0296,,,,2.345,,,,,
12.947,ROTATION_SCAN,-0.0047,-0.1262,0.332,42.73,-0.44,0.71,15.0,0.0177,-0.0266,0.0281,,,,2.345,,,,,
13.022,ROTATION_SCAN,-0.0049,-0.127,0.335,43.4,-0.54,0.52,15.0,0.0089,-0.0258,0.0105,,,,2.153,,,,,
13.044,ROTATION_SCAN,-0.0069,-0.1291,0.336,44.1,-0.7,0.36,15.0,-0.0034,-0.0269,0.0079,,,,2.153,,,,,
13.085,ROTATION_SCAN,-0.0079,-0.1307,0.335,44.75,-0.64,0.18,15.0,-0.0111,-0.0255,0.0007,,,,,,,,,
13.13,ROTATION_SCAN,-0.0098,-0.1324,0.338,45.44,-0.55,-0.1,15.0,-0.0178,-0.0235,-0.0101,,,,,,,,,
13.206,ROTATION_SCAN,-0.0114,-0.1328,0.333,46.11,-0.34,-0.17,15.0,-0.0217,-0.0181,-0.0078,,,,,,,,,
13.237,ROTATION_SCAN,-0.0153,-0.1341,0.326,46.78,-0.07,-0.47,15.0,-0.0287,-0.0161,-0.027,,,,,,,,,
13.299,ROTATION_SCAN,-0.0187,-0.1354,0.33,47.56,-0.03,-0.75,15.0,-0.0308,-0.0133,-0.0416,,,,,,,,,
13.345,ROTATION_SCAN,-0.0215,-0.1353,0.332,48.31,-0.05,-0.99,15.0,-0.0293,-0.0061,-0.0211,,,,,,,,,
13.382,ROTATION_SCAN,-0.0228,-0.1357,0.327,49.05,-0.17,-1.12,15.0,-0.0241,0.0002,-0.0178,,,,,,,,,
13.43,ROTATION_SCAN,-0.022,-0.1331,0.327,49.87,-0.05,-1.29,15.0,-0.0134,0.0144,-0.0318,,,,,,,,,
13.51,ROTATION_SCAN,-0.0241,-0.1305,0.322,50.62,-0.0,-1.41,15.0,-0.0099,0.0283,-0.0254,,,,,,,,,
13.588,ROTATION_SCAN,-0.0274,-0.1277,0.317,51.36,0.17,-1.22,15.0,-0.0092,0.0395,-0.0329,,,,,,,,,
13.63,ROTATION_SCAN,-0.0257,-0.122,0.317,52.09,0.36,-0.91,15.0,0.0028,0.0543,-0.0376,,,,0.857,,,,,
13.657,ROTATION_SCAN,-0.0235,-0.1208,0.314,52.79,0.56,-0.63,15.0,0.0145,0.0538,-0.0271,,,,0.857,,,,,
13.7,ROTATION_SCAN,-0.0221,-0.1195,0.313,53.54,0.57,-0.17,15.0,0.0219,0.0505,-0.0301,,,,0.844,,,,,
13.734,ROTATION_SCAN,-0.0193,-0.1179,0.31,54.19,0.57,0.12,15.0,0.0297,0.0462,-0.0225,,,,0.844,,,,,
13.778,ROTATION_SCAN,-0.0154,-0.115,0.314,54.87,0.56,0.37,15.0,0.038,0.043,-0.0225,,,,0.827,,,,,
13.847,ROTATION_SCAN,-0.0132,-0.1132,0.313,55.61,0.44,0.71,15.0,0.0398,0.036,-0.0057,,,,0.827,,,,,
13.878,ROTATION_SCAN,-0.011,-0.1125,0.312,56.29,0.31,0.86,15.0,0.0393,0.0269,-0.0048,,,,0.808,,,,,
13.954,ROTATION_SCAN,-0.0089,-0.1122,0.314,57.03,0.36,1.05,15.0,0.0379,0.0166,-0.0056,,,,0.808,,,,,
13.985,ROTATION_SCAN,-0.0056,-0.1125,0.311,57.74,0.13,1.07,15.0,0.0381,0.0056,0.002,,,,0.793,,,,,
14.031,ROTATION_SCAN,-0.004,-0.1122,0.308,58.55,0.04,1.16,15.0,0.0334,-0.0021,-0.0061,,,,0.793,,,,,
14.094,ROTATION_SCAN,-0.0027,-0.1139,0.316,59.36,-0.15,1.15,15.0,0.0273,-0.0136,-0.0091,,,,0.776,,,,,
14.151,ROTATION_SCAN,0.0016,-0.1157,0.317,60.23,-0.17,0.9,15.0,0.0286,-0.0235,0.0127,,,,0.776,,,,,
14.185,ROTATION_SCAN,0.0028,-0.1184,0.316,61.17,-0.29,0.9,15.0,0.0232,-0.0322,0.0095,,,,0.766,,,,,
14.232,ROTATION_SCAN,0.0011,-0.1222,0.321,62.15,-0.38,0.48,15.0,0.0112,-0.0412,0.0019,,,,0.766,,,,,
14.303,ROTATION_SCAN,0.0007,-0.124,0.32,63.21,-0.5,0.3,15.0,0.0048,-0.042,0.01,,,,0.757,,,,,
14.414,ROTATION_SCAN,0.0001,-0.1282,0.32,64.22,-0.58,-0.01,15.0,-0.0019,-0.0461,0.0012,1.059,,,0.757,,,,,
14.424,ROTATION_SCAN,0.0012,-0.1306,0.324,65.25,-0.48,-0.57,15.0,-0.0022,-0.0426,-0.0024,1.059,,,0.747,,,,,
14.461,ROTATION_SCAN,-0.0005,-0.1345,0.323,66.3,-0.46,-0.61,15.0,-0.0071,-0.0405,0.0035,1.041,,,0.747,,,,,
14.496,ROTATION_SCAN,-0.0012,-0.1371,0.326,67.18,-0.55,-0.74,15.0,-0.0095,-0.0355,-0.0056,1.041,,,0.74,,,,,
14.542,ROTATION_SCAN,0.0008,-0.1397,0.323,67.98,-0.46,-0.91,15.0,-0.0049,-0.0298,-0.004,1.035,,,0.74,,,,,
14.591,ROTATION_SCAN,-0.0046,-0.1416,0.326,68.78,-0.54,-0.95,15.0,-0.0175,-0.0226,-0.0161,1.035,,,0.734,,,,,
14.632,ROTATION_SCAN,-0.0059,-0.1451,0.323,69.6,-0.68,-1.01,15.0,-0.0202,-0.0188,-0.0109,1.031,,,0.734,,,,,
14.724,ROTATION_SCAN,-0.0071,-0.1457,0.322,70.43,-0.54,-1.14,15.0,-0.0226,-0.0083,-0.022,1.031,,,0.726,,,,,
14.728,ROTATION_SCAN,-0.0112,-0.1459,0.319,71.35,-0.35,-1.17,15.0,-0.0297,0.0024,-0.0289,1.037,,,0.726,,,,,
14.8,ROTATION_SCAN,-0.0079,-0.1423,0.314,72.25,-0.0,-1.02,15.0,-0.0179,0.0195,-0.0352,1.037,,,0.719,,,,,
14.868,ROTATION_SCAN,-0.0181,-0.1419,0.308,73.09,0.13,-0.93,15.0,-0.0359,0.0258,-0.0431,1.047,1.311,,0.719,,,,,
14.886,ROTATION_SCAN,-0.0177,-0.1384,0.305,73.96,0.31,-0.76,15.0,-0.0273,0.0373,-0.0485,1.047,1.311,,0.713,,,,,
14.933,ROTATION_SCAN,-0.0192,-0.1363,0.302,74.74,0.34,-0.71,15.0,-0.0233,0.0432,-0.0428,1.053,1.304,,0.713,,,,,
14.99,ROTATION_SCAN,-0.0206,-0.1341,0.298,75.54,0.24,-0.44,15.0,-0.0201,0.0475,-0.0385,1.053,1.304,,0.707,,,,,
15.028,ROTATION_SCAN,-0.0173,-0.1311,0.294,76.28,0.37,-0.31,15.0,-0.0077,0.0514,-0.0351,1.06,1.302,,0.707,,,,,
15.102,ROTATION_SCAN,-0.0161,-0.1286,0.297,77.03,0.41,-0.06,15.0,-0.0007,0.0523,-0.0294,1.06,1.302,,0.696,,,,,
15.163,ROTATION_SCAN,-0.0135,-0.1273,0.293,77.8,0.46,0.03,15.0,0.0087,0.0486,-0.0119,1.07,1.291,,0.696,,,,,
15.182,ROTATION_SCAN,-0.0123,-0.1245,0.294,78.55,0.34,0.2,15.0,0.0136,0.0483,-0.0145,1.07,1.291,,0.691,,,,,
15.239,ROTATION_SCAN,-0.0104,-0.122,0.293,79.41,0.27,0.29,15.0,0.0182,0.0459,-0.0008,1.075,1.287,,0.691,,,,,
15.298,ROTATION_SCAN,-0.009,-0.1204,0.296,80.24,0.12,0.45,15.0,0.0207,0.0415,0.0023,1.075,1.287,,0.685,,,,,
15.371,ROTATION_SCAN,-0.0065,-0.1216,0.298,81.08,-0.03,0.66,15.0,0.0235,0.0297,0.0119,1.086,1.285,,0.685,,,,,
15.389,ROTATION_SCAN,-0.0049,-0.1208,0.299,81.87,-0.16,0.74,15.0,0.023,0.0228,0.0159,1.086,1.285,,0.684,,,,,
15.451,ROTATION_SCAN,-0.0016,-0.1213,0.302,82.68,-0.27,0.9,15.0,0.0252,0.0128,0.017,1.098,1.277,,0.684,,,,,
15.503,ROTATION_SCAN,-0.0028,-0.1198,0.3,83.47,-0.42,0.81,15.0,0.0164,0.0082,0.0229,1.098,1.277,,0.683,,,,,
15.535,ROTATION_SCAN,-0.001,-0.1213,0.303,84.28,-0.55,0.71,15.0,0.0145,-0.0019,0.0113,1.116,1.273,,0.683,,,,,
15.595,ROTATION_SCAN,-0.0003,-0.1243,0.309,85.07,-0.73,0.4,15.0,0.0088,-0.0123,0.015,1.116,1.273,,0.68,,,,,
15.644,ROTATION_SCAN,-0.0011,-0.1268,0.311,85.83,-0.85,0.16,15.0,-0.0003,-0.0183,0.0232,1.141,1.267,,0.68,,,,,
15.679,ROTATION_SCAN,-0.0034,-0.1317,0.314,86.64,-0.79,-0.18,15.0,-0.0116,-0.0266,0.0163,1.141,1.267,,0.678,,,,,
15.732,ROTATION_SCAN,-0.0085,-0.1328,0.316,87.51,-0.68,-0.51,15.0,-0.0274,-0.0235,0.0131,1.169,1.266,,0.678,,,,,
15.838,ROTATION_SCAN,-0.0126,-0.1338,0.316,88.46,-0.37,-0.73,15.0,-0.0378,-0.0183,0.0093,1.169,1.266,,0.681,,,,,
15.844,ROTATION_SCAN,-0.0165,-0.1317,0.315,89.53,-0.03,-0.77,15.0,-0.0438,-0.0061,-0.0022,1.18,1.262,,0.681,,,,,
15.897,ROTATION_SCAN,-0.0198,-0.1305,0.31,90.58,0.37,-0.83,15.0,-0.0453,0.0039,-0.0113,1.18,1.262,,0.685,,,,,
15.977,NAV_TO_LANDING,-0.0227,-0.1292,0.311,91.63,0.6,-0.69,15.0,-0.043,0.0128,-0.0274,1.216,1.269,,0.685,,,,,
16.154,NAV_TO_LANDING,-0.026,-0.1247,0.302,92.57,0.63,-0.56,-0.0,-0.0407,0.0268,-0.0251,1.216,1.269,,0.687,,,,1.08,-1.04
16.217,NAV_WAYPOINT,-0.0298,-0.1236,0.296,93.45,0.6,-0.22,-0.0,-0.0397,0.0302,-0.0428,1.271,1.267,,0.687,,-0.02,-1.04,1.08,-1.04
16.242,NAV_WAYPOINT,-0.0321,-0.1203,0.297,94.11,0.62,-0.07,-0.0,-0.0356,0.0359,-0.0417,1.271,1.267,,0.697,,-0.02,-1.04,1.08,-1.04
16.251,NAV_WAYPOINT,-0.0336,-0.1163,0.292,94.62,0.63,0.29,-0.0,-0.0295,0.0405,-0.0268,,1.27,,0.697,,-0.02,-1.04,1.08,-1.04
16.286,NAV_WAYPOINT,-0.0354,-0.1141,0.289,94.89,0.63,0.44,-0.0,-0.0252,0.0385,-0.03,,1.27,,0.698,,-0.02,-1.04,1.08,-1.04
16.291,NAV_WAYPOINT,-0.0369,-0.1106,0.286,95.02,0.64,0.61,-0.0,-0.0199,0.0382,-0.023,,1.277,,0.698,,-0.02,-1.04,1.08,-1.04
16.331,NAV_WAYPOINT,-0.0379,-0.1085,0.286,95.02,0.6,0.77,-0.0,-0.0142,0.0333,-0.0167,,1.277,,0.702,,-0.02,-1.04,1.08,-1.04
16.371,NAV_WAYPOINT,-0.0364,-0.1063,0.287,94.92,0.54,2.11,-0.0,-0.0032,0.0263,-0.0026,,1.277,,0.702,,-0.02,-1.04,1.08,-1.04
16.39,NAV_WAYPOINT,-0.0352,-0.1019,0.292,94.79,0.11,4.06,-0.0,0.0052,0.0092,0.0071,,1.277,,0.699,,-0.02,-1.04,1.08,-1.04
16.441,NAV_WAYPOINT,-0.0351,-0.1017,0.294,94.67,-0.0,4.85,-0.0,0.0081,-0.0273,0.0219,,1.278,,0.699,,-0.02,-1.04,1.08,-1.04
16.478,NAV_WAYPOINT,-0.0345,-0.1034,0.292,94.58,-0.24,5.25,-0.0,0.011,-0.068,0.0225,,1.278,1.447,0.699,,-0.02,-1.04,1.08,-1.04
16.547,NAV_WAYPOINT,-0.0338,-0.1075,0.301,94.49,-0.38,5.21,-0.0,0.0125,-0.1118,0.0127,,1.277,1.447,0.699,,-0.02,-1.04,1.08,-1.04
16.588,NAV_WAYPOINT,-0.0334,-0.1156,0.301,94.47,-0.43,4.78,-0.0,0.0116,-0.1588,0.0311,,1.277,,0.697,,-0.02,-1.04,1.08,-1.04
16.631,NAV_WAYPOINT,-0.0314,-0.1244,0.31,94.48,-0.39,4.26,-0.0,0.015,-0.1971,0.0249,,1.259,,0.697,,-0.02,-1.04,1.08,-1.04
16.677,NAV_WAYPOINT,-0.0303,-0.1356,0.319,94.5,-0.35,3.49,-0.0,0.0151,-0.2312,0.0363,,1.259,,0.693,,-0.02,-1.04,1.08,-1.04
16.742,NAV_WAYPOINT,-0.0297,-0.1494,0.335,94.61,-0.32,2.73,-0.0,0.0143,-0.2612,0.0447,,1.238,,0.693,,-0.02,-1.04,1.08,-1.04
16.832,NAV_WAYPOINT,-0.0293,-0.1645,0.351,94.75,-0.28,2.0,-0.0,0.0124,-0.2836,0.058,,1.238,,0.692,,-0.02,-1.04,1.08,-1.04
16.849,NAV_WAYPOINT,-0.0273,-0.1791,0.377,94.88,-0.16,1.36,-0.0,0.0156,-0.2959,0.0691,1.491,1.215,,0.692,,-0.02,-1.04,1.08,-1.04
16.888,NAV_WAYPOINT,-0.0265,-0.1953,0.391,94.98,-0.11,0.85,-0.0,0.0154,-0.3055,0.0859,1.491,1.215,,0.697,,-0.02,-1.04,1.08,-1.04
16.951,NAV_WAYPOINT,-0.0246,-0.2124,0.381,95.08,-0.04,0.47,-0.0,0.0181,-0.3134,0.0722,,1.184,,0.697,,-0.02,-1.04,1.08,-1.04
16.977,NAV_WAYPOINT,-0.0245,-0.2275,0.375,95.17,-0.02,0.28,-0.0,0.0163,-0.3145,0.0057,,1.184,,0.695,,-0.02,-1.04,1.08,-1.04
17.038,NAV_WAYPOINT,-0.0235,-0.2429,0.353,95.19,-0.05,0.04,-0.0,0.0168,-0.3152,-0.0521,,1.156,,0.695,,-0.02,-1.04,1.08,-1.04
17.112,NAV_WAYPOINT,-0.0211,-0.2553,0.346,95.16,-0.13,-0.05,-0.0,0.0202,-0.3075,-0.1148,,1.156,,0.692,,-0.02,-1.04,1.08,-1.04
17.147,NAV_WAYPOINT,-0.0212,-0.2687,0.328,95.03,-0.13,-0.03,-0.0,0.0164,-0.3026,-0.1219,,1.131,,0.692,,-0.02,-1.04,1.08,-1.04
17.188,NAV_WAYPOINT,-0.0191,-0.2814,0.312,94.91,-0.21,-0.02,-0.0,0.0182,-0.2967,-0.1503,,1.131,,0.686,,-0.02,-1.04,1.08,-1.04
17.25,NAV_WAYPOINT,-0.0178,-0.2937,0.295,94.81,-0.17,0.02,-0.0,0.0174,-0.2912,-0.1518,,1.11,,0.686,,-0.02,-1.04,1.08,-1.04
17.278,NAV_WAYPOINT,-0.0173,-0.3061,0.287,94.64,-0.26,0.1,-0.0,0.0149,-0.2864,-0.1529,,1.11,,0.683,,-0.02,-1.04,1.08,-1.04
17.338,NAV_WAYPOINT,-0.0158,-0.3207,0.28,94.51,-0.34,0.41,-0.0,0.0145,-0.2896,-0.1242,,1.082,,0.683,,-0.02,-1.04,1.08,-1.04
17.411,NAV_WAYPOINT,-0.0137,-0.3317,0.271,94.38,-0.38,0.39,-0.0,0.015,-0.2849,-0.1062,,1.082,,0.678,,-0.02,-1.04,1.08,-1.04
17.443,NAV_WAYPOINT,-0.0117,-0.3435,0.265,94.27,-0.44,0.36,-0.0,0.0147,-0.2826,-0.0823,,1.058,,0.678,,-0.02,-1.04,1.08,-1.04
17.487,NAV_WAYPOINT,-0.009,-0.3561,0.265,94.15,-0.36,0.33,-0.0,0.0166,-0.282,-0.062,,1.058,,0.673,,-0.02,-1.04,1.08,-1.04
17.528,NAV_WAYPOINT,-0.0066,-0.3685,0.261,94.05,-0.43,0.32,-0.0,0.0173,-0.2809,-0.0291,,1.035,,0.673,,-0.02,-1.04,1.08,-1.04
17.577,NAV_WAYPOINT,-0.0035,-0.3817,0.259,93.98,-0.27,0.34,-0.0,0.0198,-0.2817,-0.0163,,1.035,,0.674,,-0.02,-1.04,1.08,-1.04
17.64,NAV_WAYPOINT,-0.0016,-0.3949,0.262,93.89,-0.32,0.34,-0.0,0.02,-0.2829,-0.0003,,1.006,,0.674,,-0.02,-1.04,1.08,-1.04
17.739,NAV_WAYPOINT,0.0009,-0.4061,0.263,93.73,-0.21,0.26,-0.0,0.0213,-0.2784,0.0177,,1.006,,0.668,,-0.02,-1.04,1.08,-1.04
17.797,NAV_WAYPOINT,0.005,-0.4192,0.268,93.52,-0.24,0.05,-0.0,0.0275,-0.2777,0.0266,,0.981,,0.668,,-0.02,-1.04,1.08,-1.04
17.808,NAV_WAYPOINT,0.0075,-0.4319,0.271,93.35,-0.21,0.14,-0.0,0.0289,-0.2751,0.0438,,0.981,,0.654,,-0.02,-1.04,1.08,-1.04
17.869,NAV_WAYPOINT,0.0105,-0.4439,0.269,93.26,-0.31,0.18,-0.0,0.0303,-0.2716,0.0528,,0.957,,0.654,,-0.02,-1.04,1.08,-1.04
17.891,NAV_WAYPOINT,0.0143,-0.4583,0.274,93.23,-0.17,0.23,-0.0,0.0349,-0.2755,0.0477,,0.957,,0.646,,-0.02,-1.04,1.08,-1.04
17.938,NAV_WAYPOINT,0.0171,-0.4716,0.28,93.33,-0.1,0.38,-0.0,0.0363,-0.2766,0.0571,1.558,0.934,,0.646,,-0.02,-1.04,1.08,-1.04
17.982,NAV_WAYPOINT,0.0208,-0.4841,0.285,93.51,-0.23,0.32,-0.0,0.0406,-0.276,0.0662,1.558,0.934,,0.636,,-0.02,-1.04,1.08,-1.04
18.065,NAV_WAYPOINT,0.0237,-0.4972,0.286,93.73,-0.51,0.32,-0.0,0.0403,-0.2767,0.0664,1.602,0.907,,0.636,,-0.02,-1.04,1.08,-1.04
18.094,NAV_WAYPOINT,0.0278,-0.5093,0.289,93.91,-0.67,0.43,-0.0,0.0421,-0.2748,0.0557,1.602,0.907,,0.625,,-0.02,-1.04,1.08,-1.04
18.157,NAV_WAYPOINT,0.0313,-0.5247,0.289,94.08,-0.87,0.63,-0.0,0.0399,-0.2841,0.048,1.601,0.881,,0.625,,-0.02,-1.04,1.08,-1.04
18.197,NAV_WAYPOINT,0.034,-0.5385,0.288,94.13,-0.92,0.65,-0.0,0.0356,-0.2888,0.0362,1.601,0.881,,0.624,,-0.02,-1.04,1.08,-1.04
18.241,NAV_WAYPOINT,0.0369,-0.5521,0.292,94.1,-1.32,0.85,-0.0,0.0304,-0.293,0.0207,1.649,0.858,,0.624,,-0.02,-1.04,1.08,-1.04
18.279,NAV_WAYPOINT,0.0403,-0.5674,0.294,94.04,-1.27,0.59,-0.0,0.0252,-0.3018,0.03,1.649,0.858,,0.62,,-0.02,-1.04,1.08,-1.04
18.346,NAV_WAYPOINT,0.0431,-0.5816,0.298,93.84,-1.25,0.3,-0.0,0.0202,-0.304,0.0317,1.661,0.834,,0.62,,-0.02,-1.04,1.08,-1.04
18.446,NAV_WAYPOINT,0.0448,-0.5973,0.299,93.49,-1.54,0.13,-0.0,0.0113,-0.3072,0.0296,1.661,0.834,,0.607,,-0.02,-1.04,1.08,-1.04
18.456,NAV_WAYPOINT,0.0472,-0.6136,0.299,92.94,-1.4,0.23,-0.0,0.0046,-0.3118,0.0201,,0.804,,0.607,,-0.02,-1.04,1.08,-1.04
18.528,NAV_WAYPOINT,0.0488,-0.6282,0.299,92.3,-1.28,0.06,-0.0,-0.0024,-0.3111,0.0105,,0.804,,0.597,,-0.02,-1.04,1.08,-1.04
18.548,NAV_WAYPOINT,0.0501,-0.6426,0.301,91.65,-1.18,0.18,-0.0,-0.0086,-0.3089,0.007,1.663,0.773,,0.597,,-0.02,-1.04,1.08,-1.04
18.584,NAV_WAYPOINT,0.0512,-0.6571,0.301,91.12,-1.17,0.07,-0.0,-0.0136,-0.3074,0.0041,1.663,0.773,,0.587,,-0.02,-1.04,1.08,-1.04
18.649,NAV_WAYPOINT,0.0515,-0.6719,0.302,90.69,-1.19,0.03,-0.0,-0.0206,-0.3063,0.0017,1.656,0.741,,0.587,,-0.02,-1.04,1.08,-1.04
18.685,NAV_WAYPOINT,0.0514,-0.6874,0.301,90.34,-1.2,-0.11,-0.0,-0.0279,-0.3068,0.0018,1.656,0.741,,0.594,,-0.02,-1.04,1.08,-1.04
18.774,NAV_WAYPOINT,0.0523,-0.7014,0.297,90.06,-0.99,-0.11,-0.0,-0.0311,-0.3023,-0.0014,1.66,0.715,,0.594,,-0.02,-1.04,1.08,-1.04
18.786,NAV_WAYPOINT,0.0515,-0.7154,0.302,89.87,-0.87,-0.02,-0.0,-0.0368,-0.2988,-0.0081,1.66,0.715,,0.606,,-0.02,-1.04,1.08,-1.04
18.863,NAV_WAYPOINT,0.0511,-0.7313,0.3,89.78,-0.92,0.02,-0.0,-0.0404,-0.3012,0.0064,1.657,0.679,,0.606,,-0.02,-1.04,1.08,-1.04
18.932,NAV_WAYPOINT,0.0497,-0.7453,0.3,89.81,-0.92,-0.04,-0.0,-0.0463,-0.2986,-0.0013,1.657,0.679,,0.634,,-0.02,-1.04,1.08,-1.04
18.958,NAV_WAYPOINT,0.049,-0.7625,0.298,89.88,-1.0,-0.05,-0.0,-0.0498,-0.304,-0.0004,1.678,0.656,,0.634,,-0.02,-1.04,1.08,-1.04
18.98,NAV_WAYPOINT,0.0472,-0.7767,0.303,90.04,-0.95,-0.12,-0.0,-0.0557,-0.301,-0.0048,1.678,0.656,,0.703,,-0.02,-1.04,1.08,-1.04
19.046,NAV_WAYPOINT,0.0441,-0.79,0.303,90.23,-0.95,-0.24,-0.0,-0.0644,-0.2955,0.0069,1.733,0.626,,0.703,,-0.02,-1.04,1.08,-1.04
19.081,NAV_WAYPOINT,0.0411,-0.8046,0.301,90.47,-0.94,-0.23,-0.0,-0.0715,-0.293,0.0037,1.733,0.626,,0.984,,-0.02,-1.04,1.08,-1.04
19.138,NAV_WAYPOINT,0.0395,-0.8188,0.3,90.69,-0.98,-0.24,-0.0,-0.0744,-0.2901,-0.002,1.796,0.597,,0.984,,-0.02,-1.04,1.08,-1.04
19.181,NAV_WAYPOINT,0.0355,-0.8327,0.301,91.0,-0.83,-0.0,-0.0,-0.0824,-0.2869,-0.0026,1.796,0.597,,,,-0.02,-1.04,1.08,-1.04
19.263,NAV_WAYPOINT,0.0315,-0.8494,0.302,91.29,-0.73,0.14,-0.0,-0.0887,-0.2935,-0.0002,1.926,0.571,,,,-0.02,-1.04,1.08,-1.04
19.294,NAV_WAYPOINT,0.0278,-0.8632,0.303,91.59,-0.39,0.25,-0.0,-0.0912,-0.2933,0.0016,1.926,0.571,,,,-0.02,-1.04,1.08,-1.04
19.353,NAV_WAYPOINT,0.023,-0.8778,0.301,91.85,-0.32,0.22,-0.0,-0.0948,-0.295,0.0029,,0.547,,,,-0.02,-1.04,1.08,-1.04
19.381,NAV_WAYPOINT,0.0204,-0.8931,0.303,92.08,-0.03,0.39,-0.0,-0.0908,-0.2989,-0.0038,,0.547,,1.85,,-0.02,-1.04,1.08,-1.04
19.444,NAV_WAYPOINT,0.0166,-0.9076,0.299,92.29,-0.12,0.35,-0.0,-0.0895,-0.3004,-0.0005,,0.519,,1.85,,-0.02,-1.04,1.08,-1.04
19.485,NAV_WAYPOINT,0.0133,-0.9238,0.301,92.49,-0.05,0.4,-0.0,-0.0873,-0.3068,-0.0097,,0.519,,,,-0.02,-1.04,1.08,-1.04
19.57,NAV_WAYPOINT,0.0097,-0.9389,0.303,92.73,-0.15,0.28,-0.0,-0.0863,-0.3089,-0.0041,,0.486,,,,-0.02,-1.04,1.08,-1.04
19.636,NAV_WAYPOINT,0.0077,-0.9546,0.304,92.96,-0.05,0.14,-0.0,-0.0813,-0.3116,-0.0001,,0.486,,2.546,,-0.02,-1.04,1.08,-1.04
19.672,NAV_WAYPOINT,0.0047,-0.9684,0.302,92.97,-0.1,0.04,-0.0,-0.079,-0.3076,0.0033,,0.46,,2.546,,-0.02,-1.04,1.08,-1.04
19.716,NAV_WAYPOINT,0.0017,-0.9829,0.302,92.74,-0.09,0.19,-0.0,-0.0774,-0.3066,0.0014,,0.46,,2.49,,-0.02,-1.04,1.08,-1.04
19.748,NAV_WAYPOINT,-0.001,-0.9996,0.303,92.38,-0.01,0.26,-0.0,-0.0749,-0.3112,0.002,,0.427,,2.49,,-0.02,-1.04,1.08,-1.04
19.787,NAV_WAYPOINT,-0.0049,-1.0167,0.305,91.97,-0.17,-0.06,-0.0,-0.0757,-0.3166,0.0005,,0.427,,2.178,,1.08,-1.04,1.08,-1.04
19.831,NAV_WAYPOINT,-0.0069,-1.0318,0.305,91.67,-0.14,-0.64,-0.0,-0.073,-0.3134,0.0009,,0.393,,2.178,,1.08,-1.04,1.08,-1.04
19.889,NAV_WAYPOINT,-0.0086,-1.0472,0.303,91.39,0.19,-1.8,-0.0,-0.0692,-0.3038,0.0003,,0.393,,,,1.08,-1.04,1.08,-1.04
19.965,NAV_WAYPOINT,-0.012,-1.0611,0.304,91.13,2.94,-3.34,-0.0,-0.0626,-0.2885,-0.0025,,0.363,,,,1.08,-1.04,1.08,-1.04
20.019,NAV_WAYPOINT,-0.0143,-1.0749,0.301,90.99,4.82,-4.23,-0.0,-0.028,-0.2498,-0.0088,,0.363,,,,1.08,-1.04,1.08,-1.04
20.04,NAV_WAYPOINT,-0.0139,-1.0894,0.301,90.8,5.66,-4.51,-0.0,0.0174,-0.2193,-0.0171,,0.338,,,,1.08,-1.04,1.08,-1.04
20.126,NAV_WAYPOINT,-0.0095,-1.0982,0.299,90.67,5.89,-4.7,-0.0,0.0721,-0.1762,-0.0192,,0.338,,1.718,,1.08,-1.04,1.08,-1.04
20.14,NAV_WAYPOINT,-0.0022,-1.1067,0.301,90.51,5.67,-4.29,-0.0,0.127,-0.1383,-0.0225,,0.322,,1.718,,1.08,-1.04,1.08,-1.04
20.183,NAV_WAYPOINT,0.0078,-1.1126,0.3,90.4,5.14,-3.87,-0.0,0.1798,-0.102,-0.0138,,0.322,,1.683,,1.08,-1.04,1.08,-1.04
20.236,NAV_WAYPOINT,0.022,-1.1162,0.3,90.3,4.45,-3.25,-0.0,0.2306,-0.0692,-0.0124,,0.315,,1.683,,1.08,-1.04,1.08,-1.04
20.316,NAV_WAYPOINT,0.0398,-1.1201,0.299,90.23,3.44,-2.8,-0.0,0.2766,-0.0452,-0.0098,,0.315,,1.675,,1.08,-1.04,1.08,-1.04
20.335,NAV_WAYPOINT,0.0554,-1.1222,0.298,90.19,2.58,-2.48,-0.0,0.3055,-0.0234,-0.0087,,0.324,,1.675,,1.08,-1.04,1.08,-1.04
20.389,NAV_WAYPOINT,0.0728,-1.1245,0.297,90.28,1.7,-1.99,-0.0,0.3277,-0.007,-0.0034,,0.324,,1.659,,1.08,-1.04,1.08,-1.04
20.436,NAV_WAYPOINT,0.089,-1.1254,0.299,90.46,0.88,-1.68,-0.0,0.3378,0.0069,-0.0019,,0.304,,1.659,,1.08,-1.04,1.08,-1.04
20.491,NAV_WAYPOINT,0.1072,-1.1258,0.297,90.7,0.28,-1.32,-0.0,0.3455,0.0173,0.0056,,0.304,,,,1.08,-1.04,1.08,-1.04
20.582,NAV_WAYPOINT,0.1266,-1.1272,0.299,90.97,-0.36,-1.11,-0.0,0.3494,0.022,0.0014,,0.301,,,,1.08,-1.04,1.08,-1.04
20.603,NAV_WAYPOINT,0.1444,-1.1276,0.299,91.17,-0.7,-0.84,-0.0,0.3453,0.0265,0.0087,,0.301,,,,1.08,-1.04,1.08,-1.04
20.672,NAV_WAYPOINT,0.1595,-1.1279,0.299,91.3,-0.95,-0.83,-0.0,0.3333,0.0291,0.0074,,0.301,,,,1.08,-1.04,1.08,-1.04
20.687,NAV_WAYPOINT,0.1745,-1.1286,0.3,91.41,-0.83,-0.48,-0.0,0.3217,0.0296,0.0061,,0.301,,1.564,,1.08,-1.04,1.08,-1.04
20.738,NAV_WAYPOINT,0.1874,-1.129,0.3,91.48,-0.73,-0.42,-0.0,0.3078,0.0284,0.0072,,0.296,,1.564,,1.08,-1.04,1.08,-1.04
20.78,NAV_WAYPOINT,0.1997,-1.1302,0.3,91.54,-0.69,-0.33,-0.0,0.2943,0.0249,0.0072,,0.296,,1.541,,1.08,-1.04,1.08,-1.04
20.865,NAV_WAYPOINT,0.2159,-1.1302,0.298,91.59,-0.48,-0.38,-0.0,0.2928,0.0246,0.0042,,0.304,,1.541,,1.08,-1.04,1.08,-1.04
20.895,NAV_WAYPOINT,0.2281,-1.1318,0.298,91.62,-0.54,-0.35,-0.0,0.2827,0.0205,0.0008,,0.304,,1.536,,1.08,-1.04,1.08,-1.04
20.953,NAV_WAYPOINT,0.2397,-1.1337,0.3,91.69,-0.34,-0.49,-0.0,0.273,0.0168,0.0029,,0.315,,1.536,,1.08,-1.04,1.08,-1.04
20.98,NAV_WAYPOINT,0.2548,-1.1357,0.301,91.73,-0.3,-0.57,-0.0,0.2737,0.014,0.0086,,0.315,,,,1.08,-1.04,1.08,-1.04
21.042,NAV_WAYPOINT,0.2679,-1.1369,0.299,91.81,0.13,-0.6,-0.0,0.271,0.014,0.0099,,0.302,,,,1.08,-1.04,1.08,-1.04
21.081,NAV_WAYPOINT,0.2776,-1.1374,0.3,91.96,0.35,-0.56,-0.0,0.2638,0.0159,0.005,,0.302,,1.48,,1.08,-1.04,1.08,-1.04
21.16,NAV_WAYPOINT,0.2908,-1.1388,0.305,92.19,0.46,-0.56,-0.0,0.2668,0.0152,0.0077,,0.289,,1.48,,1.08,-1.04,1.08,-1.04
21.193,NAV_WAYPOINT,0.3031,-1.1393,0.302,92.4,0.61,-0.63,-0.0,0.2686,0.0172,0.014,,0.289,,,,1.08,-1.04,1.08,-1.04
21.256,NAV_WAYPOINT,0.3144,-1.1404,0.304,92.65,0.48,-0.74,-0.0,0.268,0.0177,0.005,,0.287,,,,1.08,-1.04,1.08,-1.04
21.28,NAV_WAYPOINT,0.326,-1.1412,0.305,92.83,0.49,-0.86,-0.0,0.267,0.0205,0.0092,,0.287,,,,1.08,-1.04,1.08,-1.04
21.34,NAV_WAYPOINT,0.3379,-1.1412,0.302,93.03,0.57,-0.6,-0.0,0.2675,0.024,0.0065,,0.291,,,,1.08,-1.04,1.08,-1.04
21.38,NAV_WAYPOINT,0.3492,-1.1419,0.299,93.24,0.59,-0.36,-0.0,0.2669,0.024,-0.0054,,0.291,,1.433,,1.08,-1.04,1.08,-1.04
21.459,NAV_WAYPOINT,0.3626,-1.1409,0.302,93.41,0.56,-0.49,-0.0,0.2714,0.027,-0.0117,,0.291,,1.433,,1.08,-1.04,1.08,-1.04
21.489,NAV_WAYPOINT,0.3763,-1.1414,0.303,93.62,0.54,-0.45,-0.0,0.2763,0.0268,-0.0032,,0.291,,,,1.08,-1.04,1.08,-1.04
21.538,NAV_WAYPOINT,0.3885,-1.1415,0.304,93.94,0.66,-0.27,-0.0,0.2768,0.0266,-0.0026,,0.296,,,,1.08,-1.04,1.08,-1.04
21.579,NAV_WAYPOINT,0.4011,-1.1394,0.303,94.18,0.47,-0.64,-0.0,0.2783,0.0323,-0.0004,,0.296,,,,1.08,-1.04,1.08,-1.04
21.642,NAV_WAYPOINT,0.4154,-1.14,0.302,94.4,0.43,-0.36,-0.0,0.2821,0.0317,0.0001,,0.326,,,,1.08,-1.04,1.08,-1.04
21.681,NAV_WAYPOINT,0.4317,-1.1383,0.301,94.46,0.51,-0.3,-0.0,0.2907,0.035,-0.0029,,0.326,,1.388,,1.08,-1.04,1.08,-1.04
21.755,NAV_WAYPOINT,0.4461,-1.1382,0.302,94.49,0.39,-0.23,-0.0,0.2944,0.0334,-0.0093,,,,1.388,,1.08,-1.04,1.08,-1.04
21.792,NAV_WAYPOINT,0.4615,-1.1362,0.301,94.42,0.1,-0.4,-0.0,0.2979,0.0371,-0.0041,,,,1.355,,1.08,-1.04,1.08,-1.04
21.839,NAV_WAYPOINT,0.4751,-1.1345,0.3,94.3,0.08,-0.41,-0.0,0.2954,0.0401,-0.005,,2.581,,1.355,,1.08,-1.04,1.08,-1.04
21.886,NAV_WAYPOINT,0.4896,-1.1342,0.306,94.17,0.19,-0.26,-0.0,0.2952,0.0391,-0.0009,,2.581,,,,1.08,-1.04,1.08,-1.04
21.956,NAV_WAYPOINT,0.5037,-1.1312,0.308,94.0,0.35,-0.27,-0.0,0.2952,0.0435,0.0078,,2.592,,,,1.08,-1.04,1.08,-1.04
21.99,NAV_WAYPOINT,0.5203,-1.1285,0.309,93.87,0.23,-0.08,-0.0,0.3014,0.0466,0.0079,,2.592,,,,1.08,-1.04,1.08,-1.04
22.027,NAV_WAYPOINT,0.5361,-1.1261,0.303,93.65,0.24,-0.24,-0.0,0.3052,0.048,0.01,,2.57,,,,1.08,-1.04,1.08,-1.04
22.091,NAV_WAYPOINT,0.5522,-1.1231,0.301,93.37,0.15,0.1,-0.0,0.309,0.0506,-0.0057,,2.57,,,,1.08,-1.04,1.08,-1.04
22.13,NAV_WAYPOINT,0.5675,-1.1199,0.305,93.02,0.04,0.11,-0.0,0.3097,0.0515,-0.0067,,2.575,,,,1.08,-1.04,1.08,-1.04
22.195,NAV_WAYPOINT,0.5831,-1.1162,0.3,92.7,0.01,0.13,-0.0,0.3099,0.0536,0.0031,,2.575,,1.21,,1.08,-1.04,1.08,-1.04
22.236,NAV_WAYPOINT,0.6016,-1.1119,0.3,92.39,0.17,0.15,-0.0,0.3184,0.0568,-0.0158,,2.588,,1.21,,1.08,-1.04,1.08,-1.04
22.296,NAV_WAYPOINT,0.6165,-1.1073,0.3,92.11,-0.07,0.22,-0.0,0.3164,0.0598,-0.0106,,2.588,,1.174,,1.08,-1.04,1.08,-1.04
22.34,NAV_WAYPOINT,0.633,-1.1047,0.302,91.87,0.02,0.18,-0.0,0.318,0.0571,-0.0061,,2.573,,1.174,,1.08,-1.04,1.08,-1.04
22.4,NAV_WAYPOINT,0.6491,-1.1026,0.301,91.63,-0.1,0.24,-0.0,0.3185,0.0536,-0.003,,2.573,,,,1.08,-1.04,1.08,-1.04
22.435,NAV_WAYPOINT,0.664,-1.0993,0.305,91.47,-0.37,0.29,-0.0,0.3142,0.0527,-0.0084,,2.594,,,,1.08,-1.04,1.08,-1.04
22.496,NAV_WAYPOINT,0.6795,-1.0969,0.302,91.32,-0.41,0.16,-0.0,0.3103,0.0499,0.0032,,2.594,,1.092,,1.08,-1.04,1.08,-1.04
22.592,NAV_WAYPOINT,0.6955,-1.0933,0.303,91.2,-0.41,-0.06,-0.0,0.3083,0.0522,-0.0047,0.355,2.584,,1.092,,1.08,-1.04,1.08,-1.04
22.596,NAV_WAYPOINT,0.7111,-1.0892,0.301,90.98,-0.4,-0.29,-0.0,0.3054,0.0572,0.0034,0.355,2.584,,1.062,,1.08,-1.04,1.08,-1.04
22.627,NAV_WAYPOINT,0.7251,-1.0863,0.301,90.63,-0.13,-0.3,-0.0,0.2997,0.0597,0.0022,0.333,2.586,,1.062,,1.08,-1.04,1.08,-1.04
22.706,NAV_WAYPOINT,0.7409,-1.0824,0.302,90.2,-0.06,-0.23,-0.0,0.3011,0.0644,0.0006,0.333,2.586,,1.029,,1.08,-1.04,1.08,-1.04
22.747,NAV_WAYPOINT,0.7559,-1.0787,0.3,89.72,-0.06,-0.13,-0.0,0.3005,0.0671,0.0048,0.328,2.586,,1.029,,1.08,-1.04,1.08,-1.04
22.78,NAV_WAYPOINT,0.7728,-1.0743,0.299,89.29,0.11,0.06,-0.0,0.3052,0.0703,0.0005,0.328,2.586,,0.998,,1.08,-1.04,1.08,-1.04
22.832,NAV_WAYPOINT,0.7881,-1.0707,0.303,88.82,0.06,0.27,-0.0,0.3063,0.0697,-0.0037,0.325,2.592,,0.998,,1.08,-1.04,1.08,-1.04
22.907,NAV_WAYPOINT,0.8024,-1.067,0.304,88.36,-0.02,0.56,-0.0,0.3041,0.067,0.0057,0.325,2.592,,0.955,,1.08,-1.04,1.08,-1.04
22.938,NAV_WAYPOINT,0.8183,-1.0637,0.302,87.94,-0.13,0.74,-0.0,0.3052,0.0618,0.0057,0.318,2.606,,0.955,,1.08,-1.04,1.08,-1.04
23.012,NAV_WAYPOINT,0.8334,-1.0605,0.304,87.67,-0.26,0.82,-0.0,0.3031,0.0559,-0.0014,0.318,2.606,,0.913,,1.08,-1.04,1.08,-1.04
23.026,NAV_WAYPOINT,0.849,-1.0592,0.303,87.51,-0.32,0.92,-0.0,0.3012,0.0453,0.002,0.336,2.604,,0.913,,1.08,-1.04,1.08,-1.04
23.091,NAV_WAYPOINT,0.8659,-1.0574,0.304,87.39,-0.07,0.76,-0.0,0.3041,0.0374,-0.0075,0.336,2.604,,0.888,,1.08,-1.04,1.08,-1.04
23.133,NAV_WAYPOINT,0.8809,-1.0569,0.299,87.36,-0.2,0.67,-0.0,0.3028,0.0284,-0.0082,0.336,2.587,,0.888,,1.08,-1.04,1.08,-1.04
23.21,NAV_WAYPOINT,0.8961,-1.0562,0.301,87.33,-0.4,0.52,-0.0,0.3005,0.0216,-0.0168,0.336,2.587,,0.863,,1.08,-1.04,1.08,-1.04
23.24,NAV_WAYPOINT,0.9104,-1.0565,0.298,87.32,-0.19,0.58,-0.0,0.2959,0.014,-0.0105,0.308,2.569,,0.863,,1.08,-1.04,1.08,-1.04
23.302,NAV_WAYPOINT,0.9245,-1.0563,0.299,87.34,-0.2,0.35,-0.0,0.2923,0.0087,-0.0153,0.308,2.569,,0.833,,1.08,-1.04,1.08,-1.04
23.326,NAV_WAYPOINT,0.9399,-1.0563,0.299,87.48,-0.11,0.18,-0.0,0.2926,0.0054,-0.0088,0.301,2.552,,0.833,,1.08,-1.04,1.08,-1.04
23.395,NAV_WAYPOINT,0.9564,-1.0582,0.298,87.63,-0.09,-0.06,-0.0,0.2966,-0.0,-0.0073,0.301,2.552,,0.803,,1.08,-1.04,1.08,-1.04
23.44,NAV_WAYPOINT,0.9712,-1.0594,0.299,87.83,-0.18,-0.17,-0.0,0.2958,-0.0023,-0.0059,0.302,2.543,,0.803,,1.08,-1.04,1.08,-1.04
23.483,NAV_WAYPOINT,0.9871,-1.0596,0.299,88.0,-0.23,-0.29,-0.0,0.2971,-0.0008,0.0008,0.302,2.543,,0.783,,1.08,-1.04,1.08,-1.04
23.526,NAV_WAYPOINT,1.0009,-1.0606,0.299,88.06,-0.08,-0.5,-0.0,0.2932,0.0,0.0023,0.305,2.547,,0.783,,1.08,-1.04,1.08,-1.04
23.639,NAV_WAYPOINT,1.0156,-1.0608,0.299,88.07,0.0,-0.66,-0.0,0.293,0.0039,-0.0001,0.305,2.547,,0.748,,1.08,-1.04,1.08,-1.04
23.66,NAV_WAYPOINT,1.0327,-1.0626,0.299,88.17,0.01,-0.87,-0.0,0.2997,0.005,-0.0038,0.326,2.518,,0.748,,1.08,-1.04,1.08,-1.04
23.734,NAV_WAYPOINT,1.0477,-1.0627,0.299,88.26,-0.27,-1.05,-0.0,0.2994,0.0119,-0.0019,0.326,2.518,,0.724,,1.08,-1.04,1.08,-1.04
23.756,NAV_WAYPOINT,1.0613,-1.0631,0.302,88.38,-0.28,-1.03,-0.0,0.2941,0.0178,-0.0011,0.342,2.498,,0.724,,1.08,-1.04,1.08,-1.04
23.809,ROTATION_SCAN,1.0765,-1.0622,0.299,88.48,-0.92,-1.15,-0.0,0.2918,0.0264,0.0038,0.342,2.498,,0.701,,,,1.08,-1.04
23.839,ROTATION_SCAN,1.09,-1.0623,0.299,88.56,-1.53,-0.92,-0.0,0.2798,0.0313,-0.0025,0.31,2.488,,0.701,,,,1.08,-1.04
23.895,ROTATION_SCAN,1.1033,-1.0605,0.299,88.48,-2.42,-0.83,15.0,0.2631,0.0395,-0.0007,0.31,2.488,,0.678,,,,1.08,-1.04
23.933,ROTATION_SCAN,1.12,-1.0598,0.301,88.49,-3.54,-0.09,15.0,0.2487,0.0413,0.002,0.295,2.489,,0.678,,,,1.08,-1.04
23.984,ROTATION_SCAN,1.1312,-1.058,0.3,88.61,-4.16,0.11,15.0,0.2148,0.0414,0.0045,0.295,2.489,,0.661,,,,1.08,-1.04
24.026,ROTATION_SCAN,1.1415,-1.0573,0.304,88.99,-4.51,0.28,15.0,0.1799,0.0374,0.0003,0.283,2.483,,0.661,,,,1.08,-1.04
24.12,ROTATION_SCAN,1.149,-1.0565,0.301,89.48,-4.86,0.42,15.0,0.1385,0.0326,0.0072,0.283,2.483,,0.661,,,,1.08,-1.04
24.154,ROTATION_SCAN,1.1559,-1.0554,0.303,90.09,-4.94,0.6,15.0,0.0998,0.0275,-0.004,0.289,2.47,,0.661,,,,1.08,-1.04
24.207,ROTATION_SCAN,1.1612,-1.0543,0.299,90.74,-4.67,0.54,15.0,0.0613,0.0223,-0.0,0.289,2.47,,0.74,,,,1.08,-1.04
24.265,ROTATION_SCAN,1.1626,-1.0527,0.302,91.46,-4.26,0.77,15.0,0.021,0.0174,-0.0087,0.279,2.465,,0.74,,,,1.08,-1.04
24.293,ROTATION_SCAN,1.1628,-1.0524,0.298,92.28,-3.63,0.7,15.0,-0.0132,0.0089,-0.0017,0.279,2.465,,1.49,,,,1.08,-1.04
24.335,ROTATION_SCAN,1.1627,-1.0531,0.298,93.04,-2.99,0.46,15.0,-0.0385,0.0003,-0.0109,0.291,2.47,,1.49,,,,1.08,-1.04
24.407,ROTATION_SCAN,1.1597,-1.0552,0.298,93.88,-2.39,0.44,15.0,-0.0625,-0.0091,-0.0101,0.291,2.47,,1.594,,,,1.08,-1.04
24.426,ROTATION_SCAN,1.1553,-1.0591,0.297,94.69,-1.9,0.3,15.0,-0.0823,-0.0209,-0.0072,0.289,2.493,,1.594,,,,1.08,-1.04
24.491,ROTATION_SCAN,1.1511,-1.0615,0.297,95.54,-1.45,0.14,15.0,-0.0954,-0.0271,-0.0097,0.289,2.493,,1.636,,,,1.08,-1.04
24.551,ROTATION_SCAN,1.1478,-1.0626,0.295,96.36,-0.83,-0.18,15.0,-0.1015,-0.0276,-0.0065,0.298,,,1.636,,,,1.08,-1.04
24.594,ROTATION_SCAN,1.1442,-1.0652,0.298,97.14,-0.25,-0.51,15.0,-0.1029,-0.0282,-0.0136,0.298,,,1.652,,,,1.08,-1.04
24.636,ROTATION_SCAN,1.1418,-1.0668,0.297,97.92,0.21,-0.48,15.0,-0.0973,-0.0245,0.0001,0.314,2.653,,1.652,,,,1.08,-1.04
24.704,ROTATION_SCAN,1.1376,-1.0685,0.294,98.63,0.35,-0.63,15.0,-0.094,-0.021,-0.0023,0.314,2.653,,1.648,,,,1.08,-1.04
24.744,ROTATION_SCAN,1.1348,-1.0696,0.294,99.44,0.22,-0.66,15.0,-0.0879,-0.0157,-0.0075,0.328,2.726,,1.648,,,,1.08,-1.04
24.782,ROTATION_SCAN,1.1331,-1.0703,0.296,100.18,0.37,-0.68,15.0,-0.0804,-0.0097,-0.003,0.328,2.726,,1.659,,,,1.08,-1.04
24.831,ROTATION_SCAN,1.1305,-1.0692,0.298,100.87,0.3,-0.59,15.0,-0.0752,-0.0004,0.0001,0.341,2.767,,1.659,,,,1.08,-1.04
24.914,ROTATION_SCAN,1.1289,-1.068,0.297,101.63,0.19,-0.57,15.0,-0.0694,0.0074,0.0057,0.341,2.767,,1.658,,,,1.08,-1.04
24.96,ROTATION_SCAN,1.1268,-1.0657,0.297,102.34,0.23,-0.62,15.0,-0.0655,0.0167,0.0007,0.346,2.799,,1.658,,,,1.08,-1.04
25.025,ROTATION_SCAN,1.1239,-1.0638,0.296,103.01,0.06,-0.38,15.0,-0.0641,0.0238,0.0004,0.346,2.799,,1.671,,,,1.08,-1.04
25.041,ROTATION_SCAN,1.1251,-1.0576,0.296,103.63,-0.06,-0.07,15.0,-0.0547,0.0366,-0.0022,0.344,2.828,,1.671,,,,1.08,-1.04
25.08,ROTATION_SCAN,1.1282,-1.0559,0.299,104.27,-0.24,0.06,15.0,-0.0431,0.0361,0.0003,0.344,2.828,,1.665,,,,1.08,-1.04
25.177,ROTATION_SCAN,1.1278,-1.0528,0.297,104.91,-0.51,0.18,15.0,-0.0424,0.0374,0.0083,0.345,2.844,,1.665,,,,1.08,-1.04
25.196,ROTATION_SCAN,1.1281,-1.0488,0.299,105.61,-0.55,0.4,15.0,-0.0407,0.039,0.0025,0.345,2.844,,,,,,1.08,-1.04
25.225,ROTATION_SCAN,1.1276,-1.046,0.299,106.33,-0.71,0.43,15.0,-0.0408,0.0364,0.0076,0.343,2.846,,,,,,1.08,-1.04
25.304,ROTATION_SCAN,1.1309,-1.0455,0.299,107.08,-0.97,0.73,15.0,-0.0346,0.0272,0.0072,0.343,2.846,1.2,,,,,1.08,-1.04
25.363,ROTATION_SCAN,1.13,-1.0445,0.3,107.79,-1.27,0.86,15.0,-0.0398,0.0176,0.009,0.336,2.855,1.2,,,,,1.08,-1.04
25.379,ROTATION_SCAN,1.1294,-1.0449,0.301,108.54,-1.23,0.82,15.0,-0.0442,0.0049,0.0092,0.336,2.855,,,,,,1.08,-1.04
25.446,ROTATION_SCAN,1.1274,-1.0462,0.302,109.27,-1.18,0.83,15.0,-0.051,-0.0077,0.0086,0.332,2.831,,,,,,1.08,-1.04
25.495,ROTATION_SCAN,1.1237,-1.0479,0.299,109.98,-1.18,0.76,15.0,-0.0601,-0.0202,0.0082,0.332,2.831,1.113,1.322,,,,1.08,-1.04
25.532,ROTATION_SCAN,1.1265,-1.051,0.304,110.71,-0.9,0.55,15.0,-0.0542,-0.0326,0.0014,0.335,2.808,1.113,1.322,,,,1.08,-1.04
25.577,ROTATION_SCAN,1.1219,-1.0565,0.298,111.53,-1.0,0.34,15.0,-0.0641,-0.0471,0.01,0.335,2.808,1.053,1.28,,,,1.08,-1.04
25.638,ROTATION_SCAN,1.1197,-1.0591,0.3,112.39,-0.77,0.14,15.0,-0.068,-0.0525,-0.0054,0.337,2.774,1.053,1.28,,,,1.08,-1.04
25.68,ROTATION_SCAN,1.1167,-1.0658,0.3,113.31,-0.64,-0.24,15.0,-0.0725,-0.0635,0.0005,0.337,2.774,0.999,,,,,1.08,-1.04
25.754,ROTATION_SCAN,1.115,-1.0698,0.3,114.13,-0.34,-0.56,15.0,-0.0737,-0.0642,-0.0007,0.35,,0.999,,,,,1.08,-1.04
25.783,ROTATION_SCAN,1.1128,-1.0749,0.299,115.01,-0.06,-0.7,15.0,-0.0745,-0.0642,-0.0011,0.35,,0.933,1.248,,,,1.08,-1.04
25.828,ROTATION_SCAN,1.1116,-1.0769,0.299,115.93,0.19,-0.97,15.0,-0.0719,-0.0553,-0.002,0.359,,0.933,1.248,,,,1.08,-1.04
25.892,ROTATION_SCAN,1.1081,-1.0794,0.303,116.87,0.47,-1.08,15.0,-0.073,-0.0464,-0.0039,0.359,,0.893,1.256,,,,1.08,-1.04
25.931,ROTATION_SCAN,1.1041,-1.0816,0.299,117.74,0.68,-1.21,15.0,-0.074,-0.0356,0.0052,0.374,,0.893,1.256,,,,1.08,-1.04
26.006,ROTATION_SCAN,1.1002,-1.082,0.299,118.63,0.78,-1.2,15.0,-0.0739,-0.0212,-0.0068,0.374,,0.841,1.259,,,,1.08,-1.04
26.043,ROTATION_SCAN,1.0968,-1.0831,0.3,119.59,0.8,-1.12,15.0,-0.0725,-0.0099,-0.0041,0.391,,0.841,1.259,,,,1.08,-1.04
26.08,ROTATION_SCAN,1.0929,-1.0812,0.3,120.52,0.83,-1.0,15.0,-0.0718,0.0063,-0.0054,0.391,,0.819,1.279,,,,1.08,-1.04
26.127,ROTATION_SCAN,1.0892,-1.0782,0.301,121.48,0.91,-0.59,15.0,-0.0694,0.0218,-0.0069,0.394,,0.819,1.279,,,,1.08,-1.04
26.178,ROTATION_SCAN,1.0859,-1.0755,0.299,122.39,0.86,-0.36,15.0,-0.065,0.0327,-0.005,0.394,,0.797,1.294,,,,1.08,-1.04
26.248,ROTATION_SCAN,1.0847,-1.0727,0.3,123.31,0.88,0.13,15.0,-0.0554,0.0403,-0.0099,0.402,,0.797,1.294,,,,1.08,-1.04
26.3,ROTATION_SCAN,1.0826,-1.0698,0.301,124.16,0.8,0.57,15.0,-0.0468,0.0436,-0.0105,0.402,,0.786,1.332,,,,1.08,-1.04
26.351,ROTATION_SCAN,1.0806,-1.0659,0.299,124.97,0.77,0.71,15.0,-0.0375,0.047,-0.0086,0.404,1.037,0.786,1.332,,,,1.08,-1.04
26.38,ROTATION_SCAN,1.0805,-1.0621,0.3,125.79,0.65,0.89,15.0,-0.0253,0.0487,-0.0145,0.404,1.037,0.779,1.368,,,,1.08,-1.04
26.431,ROTATION_SCAN,1.0797,-1.0594,0.3,126.57,0.46,0.98,15.0,-0.0157,0.0462,-0.0093,0.406,1.015,0.779,1.368,,,,1.08,-1.04
26.494,ROTATION_SCAN,1.0802,-1.057,0.298,127.31,0.2,0.95,15.0,-0.0052,0.0417,-0.0077,0.406,1.015,0.772,1.381,,,,1.08,-1.04
26.53,ROTATION_SCAN,1.0807,-1.0529,0.301,128.01,-0.07,0.78,15.0,0.0016,0.0415,-0.0075,0.408,0.99,0.772,1.381,,,,1.08,-1.04
26.577,ROTATION_SCAN,1.0823,-1.051,0.298,128.72,-0.35,0.85,15.0,0.0079,0.0349,-0.0011,0.408,0.99,0.766,1.363,,,,1.08,-1.04
26.65,ROTATION_SCAN,1.0843,-1.0481,0.295,129.37,-0.53,0.79,15.0,0.0135,0.0306,-0.005,0.406,0.976,0.766,1.363,,,,1.08,-1.04
26.68,ROTATION_SCAN,1.0853,-1.0463,0.299,130.09,-0.66,0.74,15.0,0.0144,0.0237,-0.004,0.406,0.976,0.77,,,,,1.08,-1.04
26.728,ROTATION_SCAN,1.0859,-1.0447,0.296,130.72,-0.9,0.76,15.0,0.0132,0.0162,0.0089,0.409,0.95,0.77,,,,,1.08,-1.04
26.79,ROTATION_SCAN,1.0873,-1.0442,0.297,131.43,-0.95,0.63,15.0,0.013,0.006,0.0039,0.409,0.95,0.777,,,,,1.08,-1.04
26.826,ROTATION_SCAN,1.0874,-1.0444,0.299,132.16,-1.08,0.55,15.0,0.0088,-0.0041,0.0111,0.41,0.928,0.777,,,,,1.08,-1.04
26.876,ROTATION_SCAN,1.0874,-1.0474,0.3,132.87,-1.08,0.45,15.0,0.0041,-0.0201,0.0163,0.41,0.928,0.784,0.463,,,,1.08,-1.04
26.948,ROTATION_SCAN,1.0879,-1.0491,0.299,133.6,-1.0,0.2,15.0,0.0005,-0.0294,0.015,0.414,0.907,0.784,0.463,,,,1.08,-1.04
26.987,ROTATION_SCAN,1.0848,-1.0503,0.299,134.39,-0.95,-0.04,15.0,-0.0118,-0.0353,0.0131,0.414,0.907,,0.438,,,,1.08,-1.04
27.049,ROTATION_SCAN,1.0732,-1.0563,0.302,135.34,-0.75,-0.27,15.0,-0.0436,-0.0503,0.0103,0.422,0.888,,0.438,,,,1.08,-1.04
27.082,ROTATION_SCAN,1.0698,-1.0575,0.301,136.34,-0.39,-0.07,15.0,-0.0511,-0.0495,0.0138,0.422,0.888,,0.416,,,,1.08,-1.04
27.125,ROTATION_SCAN,1.0675,-1.0594,0.304,137.3,0.1,0.03,15.0,-0.0514,-0.0493,0.0085,0.433,0.866,,0.416,,,,1.08,-1.04
27.192,ROTATION_SCAN,1.0641,-1.061,0.3,138.37,0.54,0.08,15.0,-0.0512,-0.0458,0.013,0.433,0.866,,0.398,,,,1.08,-1.04
27.25,ROTATION_SCAN,1.0594,-1.0627,0.304,139.46,0.62,0.23,15.0,-0.0525,-0.0417,0.0017,0.452,0.846,,0.398,,,,1.08,-1.04
27.307,ROTATION_SCAN,1.0573,-1.0634,0.306,140.62,0.87,0.19,15.0,-0.0461,-0.0354,0.0133,0.452,0.846,,0.39,,,,1.08,-1.04
27.347,ROTATION_SCAN,1.0549,-1.0655,0.306,141.74,0.95,0.23,15.0,-0.0406,-0.0314,0.0136,0.479,0.824,,0.39,,,,1.08,-1.04
27.384,ROTATION_SCAN,1.0499,-1.0656,0.305,142.89,0.92,0.27,15.0,-0.0413,-0.0233,0.0119,0.479,0.824,,0.38,,,,1.08,-1.04
27.433,ROTATION_SCAN,1.0453,-1.0654,0.305,144.03,1.23,0.44,15.0,-0.0396,-0.0152,0.0051,0.536,0.807,,0.38,,,,1.08,-1.04
27.503,ROTATION_SCAN,1.042,-1.0636,0.306,145.11,1.17,0.63,15.0,-0.0337,-0.0033,0.0031,0.536,0.807,,0.379,,,,1.08,-1.04
27.542,ROTATION_SCAN,1.0405,-1.0614,0.304,146.11,0.92,0.78,15.0,-0.0237,0.006,0.0038,,0.788,,0.379,,,,1.08,-1.04
27.583,ROTATION_SCAN,1.0391,-1.0586,0.307,147.05,0.89,0.85,15.0,-0.0149,0.0143,-0.0019,,0.788,3.32,0.378,,,,1.08,-1.04
27.644,ROTATION_SCAN,1.0382,-1.0567,0.308,147.88,0.74,1.09,15.0,-0.007,0.0206,0.0023,,0.766,3.32,0.378,,,,1.08,-1.04
27.69,ROTATION_SCAN,1.0364,-1.0526,0.306,148.59,0.53,1.23,15.0,0.0023,0.0252,0.0009,,0.766,,0.372,,,,1.08,-1.04
27.762,ROTATION_SCAN,1.0365,-1.0499,0.307,149.23,0.39,1.1,15.0,0.0125,0.0271,-0.0066,,0.755,,0.372,,,,1.08,-1.04
27.776,ROTATION_SCAN,1.0374,-1.0469,0.306,149.87,0.11,1.27,15.0,0.0228,0.0281,-0.0057,,0.755,,0.358,,,,1.08,-1.04
27.846,ROTATION_SCAN,1.0389,-1.0445,0.303,150.46,0.08,1.23,15.0,0.0327,0.0259,-0.0074,,0.741,,0.358,,,,1.08,-1.04
27.878,ROTATION_SCAN,1.0401,-1.042,0.307,150.97,-0.13,1.3,15.0,0.0409,0.0239,-0.0135,,0.741,3.151,0.349,,,,1.08,-1.04
27.933,ROTATION_SCAN,1.0425,-1.0388,0.302,151.5,-0.27,1.21,15.0,0.0503,0.0219,-0.004,,0.736,3.151,0.349,,,,1.08,-1.04
28.013,ROTATION_SCAN,1.0455,-1.0383,0.307,152.1,-0.35,0.9,15.0,0.058,0.0144,-0.0161,,0.736,3.116,0.345,,,,1.08,-1.04
28.054,ROTATION_SCAN,1.0485,-1.0359,0.306,152.76,-0.38,0.74,15.0,0.0626,0.0123,-0.003,,0.727,3.116,0.345,,,,1.08,-1.04
28.118,ROTATION_SCAN,1.0509,-1.0343,0.299,153.47,-0.37,0.64,15.0,0.0647,0.0093,-0.0085,,0.727,3.079,0.339,,,,1.08,-1.04
28.136,ROTATION_SCAN,1.0516,-1.0347,0.303,154.34,-0.75,0.5,15.0,0.0613,0.0014,-0.0188,,0.714,3.079,0.339,,,,1.08,-1.04
28.177,ROTATION_SCAN,1.0535,-1.0328,0.303,155.2,-0.85,0.49,15.0,0.06,-0.0027,-0.0036,,0.714,3.027,0.327,,,,1.08,-1.04
28.243,ROTATION_SCAN,1.0583,-1.0359,0.301,156.12,-0.9,0.28,15.0,0.064,-0.0173,-0.0003,,0.697,3.027,0.327,,,,1.08,-1.04
28.278,ROTATION_SCAN,1.0599,-1.0365,0.302,157.0,-0.75,0.02,15.0,0.0591,-0.0235,-0.0043,,0.697,3.026,0.325,,,,1.08,-1.04
28.329,ROTATION_SCAN,1.0614,-1.0377,0.301,157.77,-0.67,-0.07,15.0,0.0529,-0.0289,-0.0013,,0.686,3.026,0.325,,,,1.08,-1.04
28.42,ROTATION_SCAN,1.0624,-1.0396,0.303,158.49,-0.54,-0.08,15.0,0.0469,-0.0345,-0.006,,0.686,2.979,0.319,,,,1.08,-1.04
28.44,ROTATION_SCAN,1.0647,-1.0414,0.301,159.2,-0.56,-0.07,15.0,0.0446,-0.0385,0.0008,,0.676,2.979,0.319,,,,1.08,-1.04
28.481,ROTATION_SCAN,1.0665,-1.0436,0.301,159.87,-0.47,-0.19,15.0,0.0415,-0.0428,-0.0046,,0.676,,0.316,,,,1.08,-1.04
28.553,ROTATION_SCAN,1.0618,-1.0455,0.301,160.67,-0.32,-0.4,15.0,0.0238,-0.045,-0.0034,,0.667,,0.316,,,,1.08,-1.04
28.574,ROTATION_SCAN,1.0672,-1.0495,0.3,161.44,-0.08,-0.48,15.0,0.0287,-0.049,-0.0019,,0.667,2.932,0.306,,,,1.08,-1.04
28.651,ROTATION_SCAN,1.0672,-1.0523,0.3,162.2,-0.04,-0.47,15.0,0.0218,-0.049,-0.0041,,0.662,2.932,0.306,,,,1.08,-1.04
28.713,ROTATION_SCAN,1.0653,-1.0514,0.302,163.07,0.19,-0.29,15.0,0.012,-0.0411,-0.0012,,0.662,2.885,0.312,,,,1.08,-1.04
28.751,ROTATION_SCAN,1.0622,-1.0514,0.301,163.87,0.46,-0.24,15.0,0.0028,-0.0339,0.0031,,0.652,2.885,0.312,,,,1.08,-1.04
28.805,ROTATION_SCAN,1.0607,-1.05,0.302,164.65,0.41,-0.12,15.0,-0.0014,-0.0236,0.0022,,0.652,2.878,0.308,,,,1.08,-1.04
28.873,ROTATION_SCAN,1.0561,-1.0485,0.299,165.35,0.26,0.12,15.0,-0.0102,-0.0158,0.0025,,0.649,2.878,0.308,,,,1.08,-1.04
28.912,ROTATION_SCAN,1.053,-1.0476,0.301,166.01,0.34,0.19,15.0,-0.0142,-0.0105,-0.0056,,0.649,2.853,0.3,,,,1.08,-1.04
28.932,ROTATION_SCAN,1.0504,-1.0445,0.303,166.69,0.22,0.42,15.0,-0.0155,-0.0013,-0.0002,,0.647,2.853,0.3,,,,1.08,-1.04
28.978,ROTATION_SCAN,1.047,-1.0403,0.303,167.34,0.27,0.73,15.0,-0.0161,0.0082,0.0038,,0.647,2.845,0.295,,,,1.08,-1.04
29.039,ROTATION_SCAN,1.0442,-1.039,0.303,167.96,0.19,0.9,15.0,-0.0136,0.0108,0.0033,,0.64,2.845,0.295,,,,1.08,-1.04
29.075,ROTATION_SCAN,1.043,-1.0353,0.304,168.68,-0.08,1.28,15.0,-0.0064,0.0162,0.002,,0.64,2.82,0.295,,,,1.08,-1.04
29.154,ROTATION_SCAN,1.0408,-1.0325,0.303,169.32,-0.41,1.4,15.0,0.0002,0.0166,0.0017,,0.636,2.82,0.295,,,,1.08,-1.04
29.19,ROTATION_SCAN,1.0413,-1.0284,0.302,170.06,-0.78,1.56,15.0,0.0122,0.0171,-0.0013,,0.636,2.777,0.289,,,,1.08,-1.04
29.268,ROTATION_SCAN,1.0416,-1.0255,0.307,170.77,-1.0,1.37,15.0,0.0223,0.0126,-0.0053,,0.634,2.777,0.289,,,,1.08,-1.04
29.347,ROTATION_SCAN,1.0438,-1.0263,0.302,171.56,-1.26,1.26,15.0,0.0336,-0.0011,0.0045,,0.634,2.737,0.285,,,,1.08,-1.04
29.392,ROTATION_SCAN,1.0459,-1.0247,0.298,172.45,-1.28,1.18,15.0,0.043,-0.0094,-0.0107,,0.639,2.737,0.285,,,,1.08,-1.04
29.434,ROTATION_SCAN,1.0463,-1.0251,0.3,173.39,-1.12,0.9,15.0,0.0468,-0.0201,-0.0148,,0.639,2.69,0.282,,,,1.08,-1.04
29.448,ROTATION_SCAN,1.0481,-1.0272,0.3,174.4,-1.15,0.78,15.0,0.0516,-0.0327,-0.0023,,0.636,2.69,0.282,,,,1.08,-1.04
29.478,ROTATION_SCAN,1.0527,-1.0311,0.302,175.41,-0.91,0.48,15.0,0.0607,-0.047,-0.0044,,0.636,2.616,0.285,,,,1.08,-1.04
29.529,ROTATION_SCAN,1.0545,-1.0331,0.3,176.36,-0.59,0.14,15.0,0.0599,-0.0527,0.0001,,0.646,2.616,0.285,,,,1.08,-1.04
29.596,ROTATION_SCAN,1.0576,-1.0364,0.299,177.29,-0.62,0.03,15.0,0.0609,-0.0589,-0.0057,,0.646,2.579,0.295,,,,1.08,-1.04
29.627,ROTATION_SCAN,1.0608,-1.0405,0.302,178.16,-0.39,-0.15,15.0,0.0608,-0.0661,-0.0054,,0.655,2.579,0.295,,,,1.08,-1.04
29.705,ROTATION_SCAN,1.0628,-1.0447,0.302,179.03,-0.27,-0.24,15.0,0.0563,-0.0706,0.0048,,0.655,2.527,0.3,,,,1.08,-1.04
29.744,ROTATION_SCAN,1.0647,-1.0482,0.3,179.87,-0.05,-0.36,15.0,0.0519,-0.072,0.0011,,0.682,2.527,0.3,,,,1.08,-1.04
29.782,ROTATION_SCAN,1.065,-1.0505,0.302,-179.3,0.06,-0.36,15.0,0.0435,-0.0691,-0.003,,0.682,2.486,0.308,,,,1.08,-1.04
29.863,ROTATION_SCAN,1.0654,-1.054,0.3,-178.46,0.3,-0.31,15.0,0.0367,-0.068,0.0068,,0.752,2.486,0.308,,,,1.08,-1.04
29.955,ROTATION_SCAN,1.0658,-1.0576,0.3,-177.62,0.4,-0.3,-0.0,0.0311,-0.0661,-0.0005,,0.752,2.471,0.325,,,,2.16,-0.98
29.994,NAV_WAYPOINT,1.0656,-1.0601,0.299,-176.75,0.67,-0.37,-0.0,0.0242,-0.0604,0.0004,,,2.471,0.325,,1.46,-1.06,2.16,-0.98
29.999,NAV_WAYPOINT,1.0652,-1.0612,0.303,-176.0,0.98,-0.55,-0.0,0.0163,-0.0495,-0.0001,,,2.464,0.334,,1.46,-1.06,2.16,-0.98
30.076,NAV_WAYPOINT,1.0657,-1.0623,0.303,-175.43,1.02,-0.46,-0.0,0.0107,-0.0382,0.0057,,1.658,2.464,0.334,,1.46,-1.06,2.16,-0.98
30.117,NAV_WAYPOINT,1.0638,-1.0611,0.303,-175.02,0.87,-0.19,-0.0,0.0008,-0.0235,0.0038,,1.658,2.47,0.336,,1.46,-1.06,2.16,-0.98
30.149,NAV_WAYPOINT,1.0624,-1.0595,0.304,-174.78,0.51,2.08,-0.0,0.002,-0.0109,0.0069,,1.698,2.47,0.336,,1.46,-1.06,2.16,-0.98
30.252,NAV_WAYPOINT,1.0593,-1.059,0.301,-174.61,0.51,3.43,-0.0,0.0161,-0.0022,0.0046,,1.698,2.491,0.337,,1.46,-1.06,2.16,-0.98
30.311,NAV_WAYPOINT,1.0592,-1.0562,0.306,-174.52,0.28,4.44,-0.0,0.0442,0.011,-0.0058,,1.695,2.491,0.337,,1.46,-1.06,2.16,-0.98
30.348,NAV_WAYPOINT,1.0608,-1.0528,0.306,-174.59,0.06,4.99,-0.0,0.0811,0.0229,0.0053,,1.695,2.493,0.329,,1.46,-1.06,2.16,-0.98
30.388,NAV_WAYPOINT,1.0652,-1.0494,0.304,-174.76,-0.2,4.9,-0.0,0.1214,0.0318,0.0025,,1.694,2.493,0.329,,1.46,-1.06,2.16,-0.98
30.425,NAV_WAYPOINT,1.074,-1.0461,0.303,-175.1,-0.55,4.76,-0.0,0.167,0.0365,-0.0048,,1.694,2.498,0.316,,1.46,-1.06,2.16,-0.98
30.44,NAV_WAYPOINT,1.0837,-1.0425,0.305,-175.5,-0.8,4.27,-0.0,0.2076,0.039,-0.0074,,1.676,2.498,0.316,,1.46,-1.06,2.16,-0.98
30.52,NAV_WAYPOINT,1.0954,-1.0393,0.303,-175.91,-1.01,3.54,-0.0,0.2435,0.0375,-0.0036,,1.676,2.498,0.293,,1.46,-1.06,2.16,-0.98
30.524,NAV_WAYPOINT,1.1088,-1.0372,0.305,-176.3,-1.21,2.79,-0.0,0.2726,0.0312,-0.0085,,1.662,2.498,0.293,,1.46,-1.06,2.16,-0.98
30.616,NAV_WAYPOINT,1.1242,-1.0344,0.302,-176.69,-1.26,2.07,-0.0,0.2977,0.0256,-0.0049,,1.662,2.5,0.277,,1.46,-1.06,2.16,-0.98
30.638,NAV_WAYPOINT,1.1391,-1.0331,0.301,-177.11,-1.35,1.5,-0.0,0.3135,0.0165,-0.0131,,1.635,2.5,0.277,,1.46,-1.06,2.16,-0.98
30.71,NAV_WAYPOINT,1.1537,-1.0313,0.3,-177.5,-1.43,0.88,-0.0,0.3216,0.0087,-0.0136,,1.635,2.507,0.27,,1.46,-1.06,2.16,-0.98
30.739,NAV_WAYPOINT,1.1683,-1.0304,0.3,-177.95,-1.33,0.27,-0.0,0.3236,-0.001,-0.0156,,1.609,2.507,0.27,,1.46,-1.06,2.16,-0.98
30.785,NAV_WAYPOINT,1.1829,-1.0297,0.299,-178.36,-1.38,-0.27,-0.0,0.32,-0.0096,-0.0112,,1.609,2.489,0.267,,1.46,-1.06,2.16,-0.98
30.829,NAV_WAYPOINT,1.1986,-1.0296,0.299,-178.69,-1.29,-0.44,-0.0,0.3168,-0.019,-0.0098,,1.581,2.489,0.267,,1.46,-1.06,2.16,-0.98
30.926,NAV_WAYPOINT,1.2138,-1.0311,0.297,-178.94,-1.29,-0.5,-0.0,0.3116,-0.0311,-0.0065,,1.581,2.496,0.287,,1.46,-1.06,2.16,-0.98
30.936,NAV_WAYPOINT,1.2266,-1.0333,0.301,-179.03,-1.05,-0.53,-0.0,0.3005,-0.0427,-0.0115,,1.552,2.496,0.287,,1.46,-1.06,2.16,-0.98
30.976,NAV_WAYPOINT,1.2398,-1.0364,0.299,-179.07,-0.96,-0.45,-0.0,0.2921,-0.0531,-0.0006,,1.552,2.496,0.286,,1.46,-1.06,2.16,-0.98
31.037,NAV_WAYPOINT,1.2517,-1.0385,0.301,-179.06,-0.82,-0.26,-0.0,0.2818,-0.0594,-0.0013,,1.52,2.496,0.286,,1.46,-1.06,2.16,-0.98
31.081,NAV_WAYPOINT,1.2637,-1.0424,0.297,-178.92,-0.45,-0.07,-0.0,0.2746,-0.0673,0.0004,,1.52,2.493,0.283,,1.46,-1.06,2.16,-0.98
31.126,NAV_WAYPOINT,1.2763,-1.0449,0.299,-178.6,-0.13,-0.04,-0.0,0.2711,-0.0678,-0.0105,,1.496,2.493,0.283,,1.46,-1.06,2.16,-0.98
31.18,NAV_WAYPOINT,1.2883,-1.0501,0.299,-178.23,0.1,0.18,-0.0,0.2676,-0.0725,-0.0053,,1.496,2.516,0.283,,1.46,-1.06,2.16,-0.98
31.237,NAV_WAYPOINT,1.3021,-1.0539,0.298,-177.92,0.37,0.44,-0.0,0.2709,-0.0715,-0.0008,,1.476,2.516,0.283,,1.46,-1.06,2.16,-0.98
31.319,NAV_WAYPOINT,1.314,-1.0584,0.299,-177.6,0.61,0.57,-0.0,0.2705,-0.07,-0.0052,,1.476,2.563,0.289,,1.46,-1.06,2.16,-0.98
31.326,NAV_WAYPOINT,1.3255,-1.0615,0.301,-177.24,0.75,0.8,-0.0,0.2703,-0.0634,-0.0006,,1.46,2.563,0.289,,1.46,-1.06,2.16,-0.98
31.403,NAV_WAYPOINT,1.3377,-1.065,0.299,-176.87,1.02,0.8,-0.0,0.2728,-0.0567,0.003,,1.46,2.589,0.295,,1.46,-1.06,2.16,-0.98
31.48,NAV_WAYPOINT,1.352,-1.0676,0.301,-176.52,1.18,0.88,-0.0,0.2806,-0.047,-0.0021,,1.433,2.589,0.295,,1.46,-1.06,2.16,-0.98
31.504,NAV_WAYPOINT,1.3662,-1.0699,0.299,-176.16,1.16,0.9,-0.0,0.2874,-0.0367,0.0027,,1.433,2.638,0.302,,1.46,-1.06,2.16,-0.98
31.544,NAV_WAYPOINT,1.3786,-1.0728,0.304,-175.79,1.26,0.86,-0.0,0.2891,-0.0297,-0.0011,,1.412,2.638,0.302,,1.46,-1.06,2.16,-0.98
31.607,NAV_WAYPOINT,1.3919,-1.0734,0.299,-175.55,1.34,0.79,-0.0,0.2917,-0.0162,0.0078,,1.412,,0.309,,1.46,-1.06,2.16,-0.98
31.632,NAV_WAYPOINT,1.4042,-1.0744,0.302,-175.39,1.24,0.61,-0.0,0.2905,-0.0058,-0.0043,,1.379,,0.309,,1.46,-1.06,2.16,-0.98
31.679,NAV_WAYPOINT,1.4193,-1.0748,0.3,-175.24,1.16,0.51,-0.0,0.2957,0.004,0.0032,,1.379,2.692,0.331,,1.46,-1.06,2.16,-0.98
31.746,NAV_WAYPOINT,1.4331,-1.0746,0.302,-175.15,1.11,-0.07,-0.0,0.2956,0.0134,-0.0042,,1.352,2.692,0.331,,1.46,-1.06,2.16,-0.98
31.78,NAV_WAYPOINT,1.4461,-1.074,0.304,-175.11,1.14,-1.12,-0.0,0.2865,0.0225,0.0004,,1.352,2.72,0.389,,1.46,-1.06,2.16,-0.98
31.847,NAV_WAYPOINT,1.4594,-1.0727,0.3,-175.14,1.06,-1.9,-0.0,0.2714,0.0306,0.0031,,1.331,2.72,0.389,,1.46,-1.02,2.16,-0.98
31.904,NAV_WAYPOINT,1.4718,-1.0723,0.3,-175.2,0.79,-2.53,-0.0,0.2506,0.0343,-0.0042,,1.331,2.739,0.756,,1.46,-1.02,2.16,-0.98
32.002,NAV_WAYPOINT,1.4858,-1.0691,0.3,-175.28,0.46,-2.77,-0.0,0.232,0.0409,0.0003,,1.305,2.739,0.756,,1.46,-1.02,2.16,-0.98
32.073,NAV_WAYPOINT,1.4981,-1.0667,0.299,-175.34,0.95,-3.44,-0.0,0.2086,0.0444,0.0018,,1.305,2.732,0.854,,1.46,-1.02,2.16,-0.98
32.099,NAV_WAYPOINT,1.506,-1.065,0.3,-175.49,1.4,-3.66,-0.0,0.1737,0.0505,-0.0057,,1.296,2.732,0.854,,1.46,-1.02,2.16,-0.98
32.116,NAV_WAYPOINT,1.5143,-1.0634,0.303,-175.69,1.68,-3.96,-0.0,0.1415,0.0584,-0.0026,,1.296,2.727,0.874,,1.46,-1.02,2.16,-0.98
32.16,NAV_WAYPOINT,1.5204,-1.0617,0.302,-175.96,1.75,-3.91,-0.0,0.1066,0.0674,0.0054,,1.277,2.727,0.874,,1.46,-1.02,2.16,-0.98
32.196,NAV_WAYPOINT,1.5232,-1.0594,0.302,-176.18,1.95,-4.02,-0.0,0.0687,0.0782,-0.0015,,1.277,2.717,0.875,,1.46,-1.02,2.16,-0.98
32.239,NAV_WAYPOINT,1.5257,-1.055,0.303,-176.37,1.83,-4.01,-0.0,0.033,0.0926,-0.0017,,1.28,2.717,0.875,,1.46,-1.02,2.16,-0.98
32.279,NAV_WAYPOINT,1.525,-1.051,0.302,-176.53,1.67,-4.13,-0.0,-0.0053,0.1042,-0.0027,,1.28,2.722,,,1.46,-1.02,2.16,-0.98
32.328,NAV_WAYPOINT,1.5235,-1.0453,0.302,-176.67,1.39,-4.25,-0.0,-0.0425,0.1158,-0.0058,,1.277,2.722,,,1.46,-1.02,2.16,-0.98
32.404,NAV_WAYPOINT,1.5205,-1.0397,0.3,-176.78,0.83,-4.02,-0.0,-0.079,0.123,-0.0045,,1.277,2.745,,,1.46,-1.02,2.16,-0.98
32.475,NAV_WAYPOINT,1.5162,-1.0344,0.303,-176.87,0.48,-3.65,-0.0,-0.1109,0.1251,-0.0081,,1.281,2.745,,,1.46,-1.02,2.16,-0.98
32.523,NAV_WAYPOINT,1.5075,-1.029,0.304,-177.01,-0.14,-3.17,-0.0,-0.1457,0.1241,-0.0042,,1.281,2.722,,,1.46,-1.02,2.16,-0.98
32.548,NAV_WAYPOINT,1.4993,-1.0232,0.302,-177.03,-0.39,-2.49,-0.0,-0.1707,0.1205,-0.0033,,1.29,2.722,,,1.46,-1.02,2.16,-0.98
32.578,NAV_WAYPOINT,1.4897,-1.0168,0.301,-177.02,-0.89,-1.75,-0.0,-0.1909,0.1149,-0.0087,,1.29,2.731,,,1.46,-1.02,2.16,-0.98
32.65,NAV_WAYPOINT,1.4808,-1.0131,0.303,-176.93,-1.14,-0.88,-0.0,-0.1998,0.1024,-0.0113,,1.306,2.731,,,1.48,-1.02,2.16,-0.98
32.713,NAV_WAYPOINT,1.472,-1.0099,0.302,-176.79,-1.67,0.15,-0.0,-0.1998,0.0875,-0.0073,,1.306,2.741,0.813,,1.48,-0.96,2.16,-0.98
32.729,NAV_WAYPOINT,1.4622,-1.0079,0.3,-176.66,-1.86,0.96,-0.0,-0.1936,0.0687,-0.01,,1.322,2.741,0.813,,1.48,-0.96,2.16,-0.98
32.783,NAV_WAYPOINT,1.4528,-1.0067,0.302,-176.39,-1.98,1.91,-0.0,-0.1814,0.0489,-0.0134,,1.322,2.749,0.761,,1.48,-0.96,2.16,-0.98
32.824,NAV_WAYPOINT,1.4457,-1.0051,0.299,-176.15,-1.43,2.66,-0.0,-0.1572,0.033,-0.0056,,1.332,2.749,0.761,,1.48,-0.96,2.16,-0.98
32.887,NAV_WAYPOINT,1.4402,-1.0059,0.3,-175.98,-0.23,3.0,-0.0,-0.1284,0.0217,-0.0147,,1.332,2.752,,,1.48,-0.96,2.16,-0.98
32.956,NAV_WAYPOINT,1.4349,-1.0075,0.295,-175.88,0.38,3.44,-0.0,-0.1007,0.0177,-0.0138,,1.343,2.752,,,1.48,-0.96,2.16,-0.98
32.994,NAV_WAYPOINT,1.4336,-1.007,0.296,-175.82,0.88,3.8,-0.0,-0.0625,0.024,-0.022,,1.343,2.771,0.429,,1.48,-0.96,2.16,-0.98
33.057,NAV_WAYPOINT,1.4328,-1.0066,0.297,-175.75,1.33,4.07,-0.0,-0.0257,0.0332,-0.0141,,1.343,2.771,0.429,,1.48,-0.96,2.16,-0.98
33.078,NAV_WAYPOINT,1.4347,-1.0047,0.294,-175.68,1.68,3.9,-0.0,0.0136,0.0482,-0.01,,1.343,2.779,0.41,,1.48,-0.96,2.16,-0.98
33.128,NAV_WAYPOINT,1.4388,-1.0016,0.295,-175.65,1.9,3.69,-0.0,0.052,0.0672,-0.0119,,1.337,2.779,0.41,,1.48,-0.96,2.16,-0.98
33.193,NAV_WAYPOINT,1.4455,-0.9987,0.296,-175.68,1.95,3.26,-0.0,0.0889,0.0834,-0.0052,,1.337,2.797,0.558,,1.48,-0.96,2.16,-0.98
33.227,NAV_WAYPOINT,1.4521,-0.9947,0.294,-175.81,1.85,2.57,-0.0,0.1166,0.0996,-0.0022,,1.328,2.797,0.558,,1.48,-0.96,2.16,-0.98
33.284,NAV_WAYPOINT,1.4611,-0.9879,0.296,-176.02,1.55,1.8,-0.0,0.1417,0.1198,-0.004,,1.328,2.809,0.72,,1.48,-0.96,2.16,-0.98
33.352,NAV_WAYPOINT,1.4727,-0.9801,0.297,-176.23,1.17,0.92,-0.0,0.1635,0.1368,0.0018,,1.31,2.809,0.72,,1.48,-0.96,2.16,-0.98
33.407,NAV_WAYPOINT,1.4809,-0.9716,0.295,-176.44,0.77,0.13,-0.0,0.1682,0.1503,0.0038,,1.31,2.795,0.778,,1.5,-0.96,2.16,-0.98
33.441,NAV_WAYPOINT,1.4906,-0.9637,0.295,-176.6,0.05,-0.99,-0.0,0.1689,0.155,-0.0014,,1.291,2.795,0.778,,1.5,-0.96,2.16,-0.98
33.499,NAV_WAYPOINT,1.4987,-0.957,0.29,-176.77,-0.84,-1.77,-0.0,0.1574,0.1492,0.0004,,1.291,,0.767,,1.56,-0.94,2.16,-0.98
33.552,NAV_WAYPOINT,1.5055,-0.95,0.292,-176.96,-1.53,-2.25,-0.0,0.1387,0.1376,-0.009,,1.282,,0.767,,1.56,-0.94,2.16,-0.98
33.598,NAV_WAYPOINT,1.5118,-0.9433,0.291,-177.21,-1.84,-2.24,-0.0,0.1204,0.1229,-0.0022,,1.282,2.789,,,1.56,-0.94,2.16,-0.98
33.654,NAV_WAYPOINT,1.5171,-0.9366,0.295,-177.43,-2.2,-2.29,-0.0,0.0998,0.1071,-0.0002,,1.276,2.789,,,1.56,-0.94,2.16,-0.98
33.682,NAV_WAYPOINT,1.5211,-0.9326,0.293,-177.61,-2.18,-0.75,-0.0,0.0846,0.085,0.0109,,1.276,2.79,,,1.56,-0.94,2.16,-0.98
33.748,NAV_WAYPOINT,1.523,-0.9288,0.297,-177.73,-2.17,0.0,-0.0,0.0761,0.0662,0.0052,,1.262,2.79,,,1.56,-0.94,2.16,-0.98
33.862,NAV_WAYPOINT,1.5269,-0.9255,0.293,-177.91,-2.04,0.56,-0.0,0.0791,0.0488,0.0142,,1.262,2.799,,,1.56,-0.94,2.16,-0.98
33.865,NAV_WAYPOINT,1.5307,-0.9236,0.295,-178.05,-1.83,0.83,-0.0,0.0848,0.0323,0.0013,,1.254,2.799,,,1.56,-0.94,2.16,-0.98
33.873,NAV_WAYPOINT,1.5351,-0.923,0.299,-178.18,-1.78,0.93,-0.0,0.0926,0.0151,0.0086,,1.254,2.768,,,1.56,-0.94,2.16,-0.98
33.933,NAV_WAYPOINT,1.5408,-0.9236,0.298,-178.32,-1.53,0.93,-0.0,0.1031,-0.0011,0.0173,,1.247,2.768,,,1.56,-0.94,2.16,-0.98
34.015,NAV_WAYPOINT,1.5464,-0.9251,0.298,-178.44,-1.34,0.93,-0.0,0.1123,-0.016,0.0102,,1.247,2.779,,,1.56,-0.92,2.16,-0.98
34.106,NAV_WAYPOINT,1.5515,-0.9271,0.298,-178.61,-1.03,0.69,-0.0,0.1176,-0.0285,0.0096,,1.234,2.779,,,1.6,-0.92,2.16,-0.98
34.13,NAV_WAYPOINT,1.5576,-0.9298,0.299,-178.78,-0.87,0.41,-0.0,0.1233,-0.0393,0.0088,,1.234,2.77,,,1.6,-0.92,2.16,-0.98
34.167,NAV_WAYPOINT,1.5641,-0.9316,0.299,-178.93,-0.53,-0.12,-0.0,0.126,-0.0448,0.0081,,1.223,2.77,,,1.6,-0.92,2.16,-0.98
34.212,NAV_WAYPOINT,1.5719,-0.9344,0.299,-179.1,-0.09,-0.89,-0.0,0.1262,-0.0484,0.0067,,1.223,2.755,,,1.6,-0.92,2.16,-0.98
34.26,NAV_WAYPOINT,1.5785,-0.9375,0.302,-179.24,0.47,-0.72,-0.0,0.1192,-0.0489,0.0055,,1.214,2.755,,,1.6,-0.9,2.16,-0.98
34.293,NAV_WAYPOINT,1.5834,-0.9395,0.3,-179.33,0.9,-0.17,-0.0,0.1132,-0.0426,0.0079,,1.214,2.735,,,1.6,-0.9,2.16,-0.98
34.345,NAV_WAYPOINT,1.5892,-0.9415,0.3,-179.34,1.3,-0.16,-0.0,0.1122,-0.0342,0.001,,1.201,2.735,,,1.6,-0.9,2.16,-0.98
34.378,NAV_WAYPOINT,1.5957,-0.9435,0.302,-179.4,1.52,-0.51,-0.0,0.112,-0.0236,0.0006,,1.201,2.726,,,1.6,-0.9,2.16,-0.98
34.456,NAV_WAYPOINT,1.6023,-0.9436,0.303,-179.46,2.2,-0.65,-0.0,0.1097,-0.0064,0.0051,,1.192,2.726,,,1.6,-0.9,2.16,-0.98
34.483,NAV_WAYPOINT,1.6084,-0.9432,0.3,-179.47,2.49,-0.93,-0.0,0.1051,0.0143,0.0019,,1.192,2.728,,,1.6,-0.9,2.16,-0.98
34.553,NAV_WAYPOINT,1.6139,-0.9411,0.304,-179.47,2.6,-1.19,-0.0,0.0972,0.0375,-0.0057,,1.177,2.728,,,1.6,-0.9,2.16,-0.98
34.621,NAV_WAYPOINT,1.6203,-0.9374,0.304,-179.42,2.62,-1.57,-0.0,0.0897,0.0628,0.0018,,1.177,2.681,,,1.6,-0.9,2.16,-0.98
34.725,NAV_WAYPOINT,1.6242,-0.9328,0.301,-179.32,2.5,-1.86,-0.0,0.0743,0.0868,0.0004,,1.175,2.681,,,1.6,-0.9,2.16,-0.98
34.775,NAV_WAYPOINT,1.6282,-0.9264,0.299,-179.21,2.03,-2.02,-0.0,0.0592,0.1096,-0.0073,,1.175,2.639,,,1.6,-0.9,2.16,-0.98
34.801,NAV_WAYPOINT,1.6297,-0.9196,0.302,-179.16,1.57,-2.17,-0.0,0.0385,0.1277,-0.0102,,1.166,2.639,,,1.6,-0.9,2.16,-0.98
34.826,NAV_WAYPOINT,1.6319,-0.9103,0.303,-179.07,0.91,-2.07,-0.0,0.0216,0.1441,-0.0046,,1.166,,,,1.6,-0.9,2.16,-0.98
34.865,NAV_WAYPOINT,1.6328,-0.9031,0.299,-178.97,0.37,-2.21,-0.0,0.0038,0.1493,-0.0047,,1.158,,,,1.6,-0.9,2.16,-0.98
34.891,NAV_WAYPOINT,1.6332,-0.8956,0.305,-178.85,-0.22,-1.96,-0.0,-0.0124,0.1499,-0.0107,,1.158,2.147,,,1.6,-0.9,2.16,-0.98
34.948,NAV_WAYPOINT,1.6325,-0.8868,0.302,-178.74,-0.73,-1.92,-0.0,-0.0284,0.1488,0.0031,,1.156,2.147,,,1.6,-0.9,2.16,-0.98
35.01,NAV_WAYPOINT,1.6309,-0.8795,0.299,-178.7,-1.5,-1.84,-0.0,-0.0435,0.1397,-0.0076,,1.156,,,,1.6,-0.9,2.16,-0.98
35.05,NAV_WAYPOINT,1.6288,-0.8702,0.298,-178.64,-2.14,-1.61,-0.0,-0.0571,0.13,-0.0151,,1.164,,,,1.6,-0.9,2.16,-0.98
35.097,NAV_WAYPOINT,1.6262,-0.8655,0.299,-178.65,-2.63,-1.39,-0.0,-0.0687,0.1063,-0.0092,,1.164,,,,1.6,-0.9,2.16,-0.98
35.131,NAV_WAYPOINT,1.6228,-0.8602,0.299,-178.64,-3.01,-1.14,-0.0,-0.0785,0.0835,-0.0061,,1.168,,,,1.6,-0.9,2.16,-0.98
35.177,NAV_WAYPOINT,1.6198,-0.8568,0.3,-178.67,-3.18,-0.88,-0.0,-0.0838,0.0565,-0.0068,,1.168,,,,1.6,-0.9,2.16,-0.98
35.244,NAV_WAYPOINT,1.6158,-0.8548,0.298,-178.69,-3.34,-0.56,-0.0,-0.0887,0.0288,-0.0046,,1.17,,,,1.6,-0.9,2.16,-0.98
35.28,NAV_WAYPOINT,1.611,-0.8541,0.299,-178.71,-3.42,-0.2,-0.0,-0.0925,-0.0005,-0.0078,,1.17,2.479,,,1.6,-0.9,2.16,-0.98
35.334,NAV_WAYPOINT,1.6054,-0.8549,0.298,-178.74,-3.35,0.17,-0.0,-0.0946,-0.0303,-0.0029,,1.178,2.479,,,1.6,-0.9,2.16,-0.98
35.404,NAV_WAYPOINT,1.6012,-0.8576,0.3,-178.82,-3.15,0.46,-0.0,-0.0903,-0.0593,-0.0036,,1.178,2.613,,,1.6,-0.9,2.16,-0.98
35.441,NAV_WAYPOINT,1.5978,-0.8623,0.299,-178.94,-2.87,0.67,-0.0,-0.0822,-0.0873,0.0018,,1.188,2.613,,,1.6,-0.9,2.16,-0.98
35.485,NAV_WAYPOINT,1.5944,-0.8685,0.301,-179.03,-2.35,1.05,-0.0,-0.0732,-0.1124,-0.0014,,1.188,2.661,,,1.6,-0.9,2.16,-0.98
35.528,NAV_WAYPOINT,1.5926,-0.8742,0.297,-179.19,-1.89,1.22,-0.0,-0.0594,-0.1291,0.0018,,1.189,2.661,,,1.6,-0.9,2.16,-0.98
35.584,NAV_WAYPOINT,1.5917,-0.8797,0.297,-179.22,-1.3,1.29,-0.0,-0.0435,-0.1388,-0.0036,,1.189,2.703,,,1.62,-0.9,2.16,-0.98
35.623,NAV_WAYPOINT,1.5916,-0.8885,0.298,-179.38,-0.68,1.29,-0.0,-0.028,-0.151,-0.0035,,1.196,2.703,,,1.62,-0.9,2.16,-0.98
35.691,NAV_WAYPOINT,1.5923,-0.8954,0.297,-179.57,0.21,1.21,-0.0,-0.0122,-0.1516,-0.0016,,1.196,2.736,,,1.62,-0.88,2.16,-0.98
35.797,NAV_WAYPOINT,1.5923,-0.9011,0.296,-179.81,0.92,1.55,-0.0,-0.0002,-0.1419,-0.0026,,1.191,2.736,,,1.62,-0.88,2.16,-0.98
35.803,NAV_WAYPOINT,1.5931,-0.9062,0.298,179.97,1.19,1.72,-0.0,0.0158,-0.1283,-0.0012,,1.191,2.769,,,1.62,-0.88,2.16,-0.98
35.868,NAV_WAYPOINT,1.5946,-0.9118,0.3,179.74,1.93,1.17,-0.0,0.0291,-0.1145,0.0047,,1.195,2.769,,,1.62,-0.88,2.16,-0.98
35.907,NAV_WAYPOINT,1.5979,-0.916,0.299,179.54,2.5,1.21,-0.0,0.043,-0.0926,0.0053,,1.195,2.767,,,1.62,-0.88,2.16,-0.98
35.962,NAV_WAYPOINT,1.6012,-0.9195,0.3,179.37,2.78,1.06,-0.0,0.0554,-0.0689,0.0032,,1.185,2.767,,,1.62,-0.88,2.16,-0.98
35.979,NAV_WAYPOINT,1.6068,-0.921,0.301,179.2,2.97,0.91,-0.0,0.0705,-0.0412,0.0023,,1.185,2.758,,,1.62,-0.88,2.16,-0.98
36.031,NAV_WAYPOINT,1.6114,-0.9212,0.298,179.03,2.98,0.6,-0.0,0.0823,-0.0119,0.0052,,1.185,2.758,,,1.62,-0.88,2.16,-0.98
36.075,NAV_WAYPOINT,1.6162,-0.9212,0.3,178.87,2.85,0.21,-0.0,0.0858,0.0125,-0.0038,,1.185,2.757,,,1.62,-0.88,2.16,-0.98
36.122,NAV_WAYPOINT,1.6202,-0.9179,0.303,178.71,2.63,-0.23,-0.0,0.0864,0.0424,0.0025,,1.172,2.757,,,1.62,-0.88,2.16,-0.98
36.187,NAV_WAYPOINT,1.6245,-0.9136,0.301,178.52,2.38,-0.62,-0.0,0.084,0.0687,0.0064,,1.172,2.737,,,1.62,-0.88,2.16,-0.98
36.246,NAV_WAYPOINT,1.6298,-0.9084,0.301,178.45,1.9,-0.95,-0.0,0.0808,0.0905,-0.0001,,1.169,2.737,,,1.62,-0.88,2.16,-0.98
36.325,NAV_WAYPOINT,1.6324,-0.9046,0.3,178.39,1.5,-1.22,-0.0,0.0705,0.105,0.0009,,1.169,2.729,,,1.66,-0.88,2.16,-0.98
36.345,NAV_WAYPOINT,1.6354,-0.8984,0.301,178.38,1.01,-1.62,-0.0,0.0578,0.1183,-0.0016,,1.159,2.729,,,1.66,-0.88,2.16,-0.98
36.4,NAV_WAYPOINT,1.638,-0.893,0.303,178.44,0.33,-1.96,-0.0,0.0421,0.122,0.0011,,1.159,2.736,,,1.66,-0.86,2.16,-0.98
36.438,NAV_WAYPOINT,1.6409,-0.885,0.305,178.48,-0.15,-2.01,-0.0,0.0271,0.1276,0.0076,,1.158,2.736,,,1.66,-0.86,2.16,-0.98
36.509,NAV_WAYPOINT,1.6409,-0.8786,0.303,178.57,-0.82,-1.1,-0.0,0.0115,0.1238,0.0069,,1.158,2.649,,,1.98,-0.86,2.16,-0.98
36.54,NAV_WAYPOINT,1.6409,-0.8731,0.299,178.7,-1.58,-0.81,-0.0,0.0024,0.1119,-0.001,,1.152,2.649,,,1.98,-0.86,2.16,-0.98
36.614,NAV_WAYPOINT,1.641,-0.869,0.299,178.89,-1.44,-0.28,-0.0,-0.0017,0.0959,-0.0085,,1.152,2.665,,,1.98,-0.86,2.16,-0.98
36.633,NAV_WAYPOINT,1.6409,-0.8657,0.301,179.07,-1.41,0.26,-0.0,-0.002,0.0805,-0.0048,,1.153,2.665,,,1.98,-0.86,2.16,-0.98
36.697,NAV_WAYPOINT,1.6398,-0.8635,0.303,179.31,-1.59,2.6,-0.0,0.0089,0.0633,-0.0015,,1.153,2.629,,,1.98,-0.86,2.16,-0.98
36.753,NAV_WAYPOINT,1.6396,-0.8602,0.299,179.57,-1.59,3.94,-0.0,0.0362,0.0501,0.0027,,1.151,2.629,,,1.98,-0.86,2.16,-0.98
36.794,NAV_WAYPOINT,1.6433,-0.8576,0.305,179.74,-1.4,4.46,-0.0,0.0758,0.038,-0.0084,,1.151,2.519,,,1.98,-0.86,2.16,-0.98
36.858,NAV_WAYPOINT,1.6479,-0.8565,0.302,179.89,-1.28,4.92,-0.0,0.1172,0.0248,0.0065,0.669,1.141,2.519,,,1.98,-0.86,2.16,-0.98
36.878,NAV_WAYPOINT,1.6546,-0.857,0.299,179.96,-1.08,4.77,-0.0,0.1588,0.0103,-0.0032,0.669,1.141,,,,1.98,-0.86,2.16,-0.98
36.927,NAV_WAYPOINT,1.6653,-0.8562,0.302,-180.0,-0.8,4.27,-0.0,0.2028,0.0039,-0.0099,,1.126,,,,1.98,-0.86,2.16,-0.98
36.998,NAV_WAYPOINT,1.6804,-0.8579,0.301,-179.98,-0.39,3.73,-0.0,0.2478,-0.0057,-0.0033,,1.126,,,,1.98,-0.86,2.16,-0.98
37.028,NAV_WAYPOINT,1.694,-0.8587,0.299,-179.96,-0.29,2.85,-0.0,0.2776,-0.0097,-0.0044,,1.099,,,,1.98,-0.86,2.16,-0.98
37.08,NAV_WAYPOINT,1.7082,-0.8602,0.301,-179.9,0.17,2.0,-0.0,0.2973,-0.0133,-0.0059,,1.099,,,,1.98,-0.86,2.16,-0.98
37.162,NAV_WAYPOINT,1.7236,-0.8608,0.298,-179.83,0.36,1.42,-0.0,0.3123,-0.0102,-0.0018,,1.068,,,,1.98,-0.86,2.16,-0.98
37.197,NAV_WAYPOINT,1.739,-0.8612,0.299,-179.77,0.29,0.98,-0.0,0.321,-0.0074,-0.008,,1.068,0.237,,,1.98,-0.86,2.16,-0.98
37.236,NAV_WAYPOINT,1.7545,-0.8616,0.297,-179.79,0.46,0.47,-0.0,0.3249,-0.0042,-0.0042,,1.041,0.237,,,1.98,-0.86,2.16,-0.98
37.318,NAV_WAYPOINT,1.7723,-0.8613,0.297,-179.71,0.37,0.15,-0.0,0.331,0.0006,-0.0084,,1.041,0.223,,,1.98,-0.86,2.16,-0.98
37.335,NAV_WAYPOINT,1.7871,-0.8608,0.298,-179.56,0.26,-0.2,-0.0,0.3267,0.0043,-0.0054,,1.008,0.223,,,1.98,-0.86,2.16,-0.98
37.391,NAV_WAYPOINT,1.8028,-0.8606,0.296,-179.38,0.19,-0.55,-0.0,0.3213,0.0062,-0.0015,,1.008,0.232,,,1.98,-0.86,2.16,-0.98
37.447,NAV_WAYPOINT,1.8175,-0.8595,0.299,-179.15,-0.06,-0.6,-0.0,0.3131,0.0084,-0.0042,,0.979,0.232,,,1.98,-0.86,2.16,-0.98
37.477,NAV_WAYPOINT,1.8318,-0.8586,0.302,-178.93,-0.15,-0.52,-0.0,0.305,0.0081,0.0051,,0.979,0.238,,,1.98,-0.86,2.16,-0.98
37.534,NAV_WAYPOINT,1.8484,-0.8578,0.299,-178.77,-0.02,-0.35,-0.0,0.3047,0.0085,0.0096,,0.952,0.238,,,1.98,-0.86,2.16,-0.98
37.619,NAV_WAYPOINT,1.8625,-0.8562,0.299,-178.55,-0.11,-0.15,-0.0,0.3002,0.0111,0.0007,,0.952,0.241,,,1.98,-0.86,2.16,-0.98
37.643,NAV_WAYPOINT,1.8762,-0.8551,0.301,-178.31,-0.22,-0.15,-0.0,0.2959,0.011,0.0028,,0.928,0.241,,,1.98,-0.86,2.16,-0.98
37.715,NAV_WAYPOINT,1.8891,-0.8536,0.302,-178.1,-0.13,-0.03,-0.0,0.2904,0.0118,0.0073,,0.928,0.254,,,1.98,-0.86,2.16,-0.98
37.733,NAV_WAYPOINT,1.9019,-0.852,0.299,-178.02,-0.01,0.31,-0.0,0.2876,0.0137,0.0077,,0.9,0.254,,,1.98,-0.86,2.16,-0.98
37.828,NAV_WAYPOINT,1.9159,-0.8519,0.299,-178.01,-0.07,0.3,-0.0,0.2887,0.012,-0.0001,,0.9,0.323,,,1.98,-0.86,2.16,-0.98
37.87,NAV_WAYPOINT,1.9305,-0.8499,0.302,-178.08,-0.17,0.42,-0.0,0.2925,0.0142,-0.0007,,0.871,0.323,,,1.98,-0.86,2.16,-0.98
37.884,NAV_WAYPOINT,1.9442,-0.8487,0.301,-178.26,0.04,0.46,-0.0,0.2939,0.0151,0.0051,,0.871,,,,1.98,-0.86,2.16,-0.98
37.972,NAV_WAYPOINT,1.9582,-0.8457,0.303,-178.48,-0.03,0.27,-0.0,0.295,0.0206,0.0011,,0.846,,,,1.98,-0.9,2.16,-0.98
37.993,NAV_WAYPOINT,1.972,-0.8435,0.302,-178.67,-0.41,-0.28,-0.0,0.2928,0.0215,0.0044,,0.846,,,,1.98,-0.9,2.16,-0.98
38.039,NAV_WAYPOINT,1.9854,-0.8408,0.301,-178.83,-0.59,-1.33,-0.0,0.2825,0.0209,0.0006,,0.821,,,,1.98,-0.9,2.16,-0.98
38.091,NAV_WAYPOINT,2.0024,-0.8404,0.303,-179.06,-0.9,-2.98,-0.0,0.2704,0.0133,-0.0019,,0.821,1.654,,,1.98,-0.9,2.16,-0.98
38.141,NAV_WAYPOINT,2.0142,-0.8389,0.306,-179.18,-2.03,-3.62,-0.0,0.2378,0.0013,0.0038,0.863,0.798,1.654,,,1.98,-0.9,2.16,-0.98
38.186,NAV_WAYPOINT,2.0244,-0.8379,0.305,-179.28,-2.67,-4.2,-0.0,0.2017,-0.0174,0.0051,0.863,0.798,1.739,,,1.98,-0.9,2.16,-0.98
38.264,NAV_WAYPOINT,2.0328,-0.8382,0.306,-179.27,-3.01,-4.58,-0.0,0.1614,-0.0406,-0.0021,,0.784,1.739,,,1.98,-0.9,2.16,-0.98
38.294,NAV_WAYPOINT,2.0382,-0.8392,0.301,-179.27,-2.99,-4.86,-0.0,0.116,-0.0644,-0.0043,,0.784,1.789,,,1.98,-0.9,2.16,-0.98
38.356,NAV_WAYPOINT,2.0428,-0.8427,0.303,-179.18,-3.03,-5.16,-0.0,0.072,-0.0906,-0.0158,,0.775,1.789,,,1.98,-0.9,2.16,-0.98
38.38,NAV_WAYPOINT,2.0452,-0.8479,0.305,-179.15,-2.82,-5.25,-0.0,0.0251,-0.1177,-0.0072,,0.775,1.795,,,1.98,-0.9,2.16,-0.98
38.424,NAV_WAYPOINT,2.0445,-0.854,0.3,-179.04,-2.57,-5.05,-0.0,-0.0218,-0.1414,-0.0034,,0.771,1.795,,,1.98,-0.9,2.16,-0.98
38.496,NAV_WAYPOINT,2.0429,-0.8611,0.299,-178.95,-2.12,-4.52,-0.0,-0.0618,-0.1614,-0.0121,,0.771,1.798,,,1.98,-0.9,2.16,-0.98
38.522,NAV_WAYPOINT,2.0395,-0.8679,0.3,-178.83,-1.46,-3.86,-0.0,-0.0969,-0.1745,-0.01,,0.779,1.798,,,1.98,-0.9,2.16,-0.98
38.587,NAV_WAYPOINT,2.0327,-0.8767,0.301,-178.72,-0.69,-3.28,-0.0,-0.1308,-0.1842,-0.0065,,0.779,1.797,,,1.98,-0.9,2.16,-0.98
38.661,NAV_WAYPOINT,2.0236,-0.8892,0.298,-178.67,-0.01,-2.56,-0.0,-0.1603,-0.1933,-0.0022,,0.789,1.797,,,1.98,-0.9,2.16,-0.98
38.696,NAV_WAYPOINT,2.016,-0.8986,0.299,-178.61,0.49,-1.93,-0.0,-0.1773,-0.1907,-0.0073,,0.789,1.768,,,1.98,-0.9,2.16,-0.98
38.746,NAV_WAYPOINT,2.0066,-0.9049,0.301,-178.56,1.16,-1.11,-0.0,-0.1914,-0.1778,-0.0037,,0.802,1.768,,,2.0,-0.9,2.16,-0.98
38.808,NAV_WAYPOINT,1.9969,-0.9133,0.299,-178.61,1.27,-0.46,-0.0,-0.1975,-0.1666,0.0029,,0.802,1.735,,,2.02,-0.94,2.16,-0.98
38.846,NAV_WAYPOINT,1.9885,-0.9198,0.298,-178.72,1.74,0.2,-0.0,-0.195,-0.1504,-0.0022,,0.819,1.735,,,2.02,-0.94,2.16,-0.98
38.902,NAV_WAYPOINT,1.9795,-0.9253,0.299,-178.98,2.18,1.44,-0.0,-0.1861,-0.1292,-0.0026,,0.819,,,,2.02,-0.94,2.16,-0.98
38.935,NAV_WAYPOINT,1.9704,-0.9315,0.298,-179.27,2.42,2.72,-0.0,-0.1672,-0.1089,0.0007,,0.832,,,,2.02,-0.94,2.16,-0.98
39.008,NAV_WAYPOINT,1.9652,-0.9344,0.303,-179.62,2.08,3.64,-0.0,-0.1327,-0.085,-0.0031,,0.832,,,,2.02,-0.94,2.16,-0.98
39.028,NAV_WAYPOINT,1.9606,-0.9369,0.299,-179.98,1.38,4.14,-0.0,-0.095,-0.0671,0.0075,,0.846,,,,2.02,-0.94,2.16,-0.98
39.09,NAV_WAYPOINT,1.9568,-0.9393,0.299,179.59,1.05,4.46,-0.0,-0.057,-0.0556,-0.0047,,0.846,,,,2.02,-0.94,2.16,-0.98
39.152,NAV_WAYPOINT,1.9554,-0.9421,0.3,179.13,0.82,4.61,-0.0,-0.0162,-0.0494,-0.0055,,0.845,,,,2.02,-0.94,2.16,-0.98
39.182,NAV_WAYPOINT,1.9583,-0.9438,0.298,178.67,0.84,4.7,-0.0,0.0317,-0.0424,-0.0047,,0.845,,,,2.02,-0.94,2.16,-0.98
39.249,NAV_WAYPOINT,1.9647,-0.945,0.297,178.34,0.84,4.57,-0.0,0.0812,-0.0359,-0.0102,,0.843,,,,2.02,-0.94,2.16,-0.98
39.281,NAV_WAYPOINT,1.9724,-0.945,0.296,178.1,0.84,3.98,-0.0,0.1255,-0.026,-0.0122,,0.843,0.577,,,2.02,-0.94,2.16,-0.98
39.328,NAV_WAYPOINT,1.9823,-0.9461,0.297,178.03,0.79,3.29,-0.0,0.1636,-0.021,-0.0125,,0.824,0.577,,,2.02,-0.94,2.16,-0.98
39.393,NAV_WAYPOINT,1.9935,-0.946,0.294,178.08,0.81,2.51,-0.0,0.1944,-0.0127,-0.0076,,0.824,0.685,,,2.02,-0.94,2.16,-0.98
39.439,NAV_WAYPOINT,2.0045,-0.9467,0.298,178.23,0.9,1.28,-0.0,0.2121,-0.0066,-0.0109,,0.805,0.685,,,2.02,-0.98,2.16,-0.98
39.494,NAV_WAYPOINT,2.0214,-0.947,0.297,178.54,0.71,0.11,-0.0,0.2307,-0.003,-0.0011,,0.805,,,,2.02,-0.98,2.16,-0.98
39.555,NAV_WAYPOINT,2.0344,-0.9467,0.297,178.81,0.39,-1.08,-0.0,0.2299,0.002,-0.0025,,0.78,,,,2.02,-0.98,2.16,-0.98
39.571,NAV_WAYPOINT,2.048,-0.9461,0.299,179.14,-0.49,-2.34,-0.0,0.2187,0.002,0.0017,,0.78,1.672,,,2.02,-0.98,2.16,-0.98
39.651,NAV_WAYPOINT,2.0579,-0.9467,0.299,179.43,-1.25,-3.2,-0.0,0.1924,-0.0078,0.0084,,0.756,1.672,,,2.02,-0.98,2.16,-0.98
39.702,NAV_WAYPOINT,2.0675,-0.947,0.297,179.78,-1.54,-4.0,-0.0,0.1622,-0.0194,0.005,,0.756,1.745,,,2.02,-0.98,2.16,-0.98
39.757,NAV_WAYPOINT,2.0744,-0.9486,0.3,-179.83,-1.72,-4.44,-0.0,0.1238,-0.0346,-0.0006,,0.74,1.745,,,2.02,-0.98,2.16,-0.98
39.791,NAV_WAYPOINT,2.0805,-0.951,0.296,-179.46,-1.74,-4.64,-0.0,0.086,-0.0509,0.0047,,0.74,1.775,,,2.02,-0.98,2.16,-0.98
39.84,NAV_WAYPOINT,2.0839,-0.9568,0.301,-179.13,-1.61,-4.66,-0.0,0.0457,-0.0725,-0.0061,,0.732,1.775,,,2.02,-0.98,2.16,-0.98
39.885,NAV_WAYPOINT,2.0858,-0.9616,0.298,-178.83,-1.19,-4.44,-0.0,0.0076,-0.0869,0.0078,,0.732,1.753,,,2.02,-0.98,2.16,-0.98
39.925,NAV_WAYPOINT,2.0836,-0.9659,0.297,-178.55,-0.97,-4.11,-0.0,-0.0332,-0.0964,-0.0001,,0.732,1.753,,,2.02,-0.98,2.16,-0.98
40.0,NAV_WAYPOINT,2.0831,-0.9726,0.298,-178.38,-0.57,-3.96,-0.0,-0.0631,-0.107,-0.0029,,0.732,1.733,,,2.02,-0.98,2.16,-0.98
40.044,NAV_WAYPOINT,2.0776,-0.9781,0.296,-178.24,-0.12,-3.57,-0.0,-0.0999,-0.1107,0.0011,,0.738,1.733,,,2.02,-0.98,2.16,-0.98
40.112,NAV_WAYPOINT,2.07,-0.9842,0.3,-178.24,0.48,-3.08,-0.0,-0.1333,-0.1111,-0.0025,,0.738,1.735,,,2.02,-0.98,2.16,-0.98
40.128,NAV_WAYPOINT,2.0647,-0.9896,0.295,-178.27,1.06,-2.41,-0.0,-0.1528,-0.1043,0.0083,,0.749,1.735,,,2.02,-0.98,2.16,-0.98
40.179,NAV_WAYPOINT,2.0552,-0.9948,0.298,-178.35,1.48,-1.77,-0.0,-0.1739,-0.0938,-0.0045,,0.749,1.75,,,2.02,-0.98,2.16,-0.98
40.232,NAV_WAYPOINT,2.0468,-0.9978,0.296,-178.41,1.76,-1.05,-0.0,-0.1851,-0.077,0.0042,,0.77,1.75,,,2.02,-0.98,2.16,-0.98
40.275,NAV_WAYPOINT,2.0374,-1.0009,0.297,-178.59,2.04,-0.48,-0.0,-0.1915,-0.0596,0.0016,,0.77,1.751,,,2.02,-0.98,2.16,-0.98
40.342,NAV_WAYPOINT,2.0258,-1.0028,0.299,-178.83,2.05,0.46,-0.0,-0.1959,-0.0398,0.0026,,0.785,1.751,,,2.16,-0.98,2.16,-0.98
40.428,NAV_WAYPOINT,2.0178,-1.003,0.298,-179.06,2.06,1.13,-0.0,-0.1846,-0.0193,0.0072,,0.785,1.768,,,2.16,-0.98,2.16,-0.98
40.45,NAV_WAYPOINT,2.0113,-1.0039,0.299,-179.36,1.86,1.61,-0.0,-0.1671,-0.0035,0.0018,,0.805,1.768,,,2.16,-0.98,2.16,-0.98
40.502,NAV_WAYPOINT,2.0024,-1.0033,0.297,-179.68,1.54,4.08,-0.0,-0.1441,0.0122,0.0049,,0.805,1.685,,,2.16,-0.98,2.16,-0.98
40.527,NAV_WAYPOINT,1.9955,-1.0014,0.299,-179.97,1.19,6.43,-0.0,-0.0968,0.0265,-0.0016,,0.82,1.685,,,2.16,-0.98,2.16,-0.98
40.591,NAV_WAYPOINT,1.9921,-0.9982,0.299,179.81,0.95,7.56,-0.0,-0.0334,0.0397,0.0015,,0.82,,,,2.16,-0.98,2.16,-0.98
40.627,NAV_WAYPOINT,1.9925,-0.9942,0.302,179.61,0.91,7.85,-0.0,0.0365,0.0536,-0.0005,,0.823,,,,2.16,-0.98,2.16,-0.98
40.679,NAV_WAYPOINT,1.9985,-0.9913,0.303,179.6,0.49,7.68,-0.0,0.1105,0.0573,0.0033,,0.823,1.578,,,2.16,-0.98,2.16,-0.98
40.743,NAV_WAYPOINT,2.0081,-0.9874,0.301,179.63,0.16,6.78,-0.0,0.1789,0.0613,0.0029,,0.805,1.578,,,2.16,-0.98,2.16,-0.98
40.802,NAV_WAYPOINT,2.0205,-0.9836,0.304,179.74,-0.31,5.65,-0.0,0.2376,0.0622,-0.002,,0.805,1.646,,,2.16,-0.98,2.16,-0.98
40.841,NAV_WAYPOINT,2.035,-0.9806,0.299,179.93,-0.57,4.3,-0.0,0.2838,0.0569,0.0065,,0.773,1.646,,,2.16,-0.98,2.16,-0.98
40.877,NAV_WAYPOINT,2.0556,-0.9782,0.299,-179.78,-0.84,3.01,-0.0,0.3272,0.0473,-0.006,,0.773,1.738,,,2.16,-0.98,2.16,-0.98
40.934,NAV_WAYPOINT,2.0741,-0.9762,0.299,-179.49,-0.87,1.79,-0.0,0.3512,0.038,-0.0008,,0.737,1.738,,,2.16,-0.98,2.16,-0.98
41.013,NAV_WAYPOINT,2.0901,-0.9742,0.299,-179.2,-0.82,0.7,-0.0,0.3572,0.0322,0.0025,,0.737,1.744,,,2.16,-0.98,2.16,-0.98
41.043,NAV_WAYPOINT,2.1095,-0.9726,0.299,-178.89,-0.65,-0.01,-0.0,0.3629,0.0263,0.0048,,0.703,1.744,,,2.16,-0.98,2.16,-0.98
41.086,NAV_WAYPOINT,2.1262,-0.9707,0.299,-178.57,-0.64,-1.02,-0.0,0.3546,0.0229,0.0078,,0.703,1.724,,,2.16,-0.98,2.16,-0.98
41.128,NAV_WAYPOINT,2.1451,-0.9688,0.302,-178.29,-0.53,-1.81,-0.0,0.3453,0.0204,0.0108,,0.673,1.724,,,2.16,-0.98,2.16,-0.98
41.181,ROTATION_SCAN,2.1606,-0.9679,0.302,-178.01,-0.5,-2.43,-0.0,0.323,0.0153,0.0159,,0.673,1.697,,,,,2.16,-0.98
41.228,ROTATION_SCAN,2.1746,-0.967,0.306,-177.86,-0.52,-3.25,-0.0,0.2946,0.0104,0.0136,,0.643,1.697,,,,,2.16,-0.98
41.294,ROTATION_SCAN,2.187,-0.9664,0.306,-177.78,-0.51,-3.92,15.0,0.2585,0.0051,0.0184,,0.643,1.668,,,,,2.16,-0.98
41.353,ROTATION_SCAN,2.1971,-0.965,0.307,-177.76,-0.24,-4.76,15.0,0.2155,0.0031,0.0129,,0.626,1.668,,,,,2.16,-0.98
41.411,ROTATION_SCAN,2.2055,-0.9641,0.302,-177.62,-0.07,-5.02,15.0,0.1688,0.0019,0.0088,,0.626,1.662,,,,,2.16,-0.98
41.433,ROTATION_SCAN,2.212,-0.9626,0.303,-177.36,0.1,-5.02,15.0,0.1226,0.0027,-0.0084,,0.614,1.662,,,,,2.16,-0.98
41.48,ROTATION_SCAN,2.217,-0.9606,0.304,-177.04,0.18,-4.79,15.0,0.0786,0.0055,-0.0063,,0.614,1.645,,,,,2.16,-0.98
41.538,ROTATION_SCAN,2.2186,-0.9574,0.302,-176.55,0.23,-4.24,15.0,0.034,0.0099,-0.0031,,0.61,1.645,,,,,2.16,-0.98
41.572,ROTATION_SCAN,2.2186,-0.9542,0.305,-176.05,0.24,-3.68,15.0,-0.0029,0.0145,-0.0098,,0.61,1.629,,,,,2.16,-0.98
41.644,ROTATION_SCAN,2.2151,-0.9504,0.301,-175.56,0.12,-3.01,15.0,-0.0392,0.0191,0.0001,,0.611,1.629,,,,,2.16,-0.98
41.675,ROTATION_SCAN,2.2092,-0.9463,0.301,-174.98,-0.02,-2.4,15.0,-0.0712,0.0229,-0.0098,,0.611,1.617,0.657,,,,2.16,-0.98
41.752,ROTATION_SCAN,2.2043,-0.9419,0.307,-174.36,-0.14,-1.64,15.0,-0.0917,0.0263,-0.0081,,0.617,1.617,0.657,,,,2.16,-0.98
41.797,ROTATION_SCAN,2.1981,-0.9379,0.299,-173.69,-0.45,-1.17,15.0,-0.1074,0.0274,0.0073,,0.617,1.596,,,,,2.16,-0.98
41.833,ROTATION_SCAN,2.1927,-0.9345,0.301,-173.04,-0.73,-0.73,15.0,-0.1153,0.0256,-0.0125,,0.629,1.596,,,,,2.16,-0.98
41.88,ROTATION_SCAN,2.1886,-0.9317,0.3,-172.37,-1.14,-0.21,15.0,-0.1147,0.0204,-0.0023,,0.629,1.575,,,,,2.16,-0.98
41.969,ROTATION_SCAN,2.1808,-0.9277,0.301,-171.61,-1.4,0.24,15.0,-0.119,0.0154,-0.0025,,0.635,1.575,,,,,2.16,-0.98
42.007,ROTATION_SCAN,2.175,-0.9257,0.303,-170.88,-1.7,0.62,15.0,-0.1136,0.0058,0.0005,,0.635,1.558,,,,,2.16,-0.98
42.022,ROTATION_SCAN,2.1704,-0.9254,0.305,-170.13,-1.62,0.98,15.0,-0.1026,-0.0064,0.0051,,0.648,1.558,,,,,2.16,-0.98
42.096,ROTATION_SCAN,2.1658,-0.924,0.302,-169.33,-1.61,1.27,15.0,-0.0905,-0.014,0.0061,,0.648,1.522,,,,,2.16,-0.98
42.173,ROTATION_SCAN,2.1632,-0.9239,0.302,-168.56,-1.46,1.36,15.0,-0.0735,-0.0223,-0.0022,,0.655,1.522,,,,,2.16,-0.98
42.226,ROTATION_SCAN,2.1599,-0.9251,0.304,-167.84,-1.53,1.3,15.0,-0.0593,-0.0321,-0.0022,,0.655,1.478,,,,,2.16,-0.98
42.24,ROTATION_SCAN,2.1599,-0.9266,0.301,-167.14,-1.41,1.21,15.0,-0.0399,-0.0408,0.0027,,0.658,1.478,,,,,2.16,-0.98
42.282,ROTATION_SCAN,2.1602,-0.929,0.303,-166.43,-1.51,1.07,15.0,-0.0225,-0.0502,-0.0042,,0.658,1.417,,,,,2.16,-0.98
42.368,ROTATION_SCAN,2.163,-0.9288,0.307,-165.65,-1.24,0.85,15.0,-0.0026,-0.052,0.0022,,0.657,1.417,,,,,2.16,-0.98
42.382,ROTATION_SCAN,2.1652,-0.9312,0.303,-164.87,-1.02,0.47,15.0,0.0105,-0.0587,0.0082,,0.657,1.367,,,,,2.16,-0.98
42.421,ROTATION_SCAN,2.168,-0.9355,0.304,-164.24,-0.89,0.26,15.0,0.0211,-0.0696,-0.0033,1.849,0.658,1.367,,,,,2.16,-0.98
42.475,ROTATION_SCAN,2.1728,-0.9378,0.3,-163.34,-0.59,-0.09,15.0,0.0316,-0.07,0.0007,1.849,0.658,1.32,,,,,2.16,-0.98
42.561,ROTATION_SCAN,2.1768,-0.9397,0.3,-162.72,-0.36,-0.24,15.0,0.038,-0.0713,-0.0114,,0.655,1.32,,,,,2.16,-0.98
42.59,ROTATION_SCAN,2.1802,-0.9434,0.303,-161.95,-0.08,-0.5,15.0,0.0387,-0.0742,-0.0051,,0.655,1.301,,,,,2.16,-0.98
42.653,ROTATION_SCAN,2.1846,-0.9471,0.303,-161.17,0.36,-0.59,15.0,0.0399,-0.0736,0.0054,,0.653,1.301,,,,,2.16,-0.98
42.687,ROTATION_SCAN,2.1876,-0.9496,0.305,-160.43,0.62,-0.66,15.0,0.036,-0.0684,0.002,,0.653,1.28,,,,,2.16,-0.98
42.728,ROTATION_SCAN,2.1915,-0.9528,0.302,-159.73,0.8,-0.77,15.0,0.0332,-0.064,0.007,0.468,0.651,1.28,,,,,2.16,-0.98
42.779,ROTATION_SCAN,2.1939,-0.955,0.305,-159.07,0.83,-0.82,15.0,0.0262,-0.0579,-0.0018,0.468,0.651,1.275,,,,,2.16,-0.98
42.831,ROTATION_SCAN,2.1955,-0.9581,0.306,-158.38,0.98,-0.86,15.0,0.0178,-0.0538,0.0071,0.427,0.649,1.275,,,,,2.16,-0.98
42.885,ROTATION_SCAN,2.1976,-0.9583,0.305,-157.64,1.06,-1.04,15.0,0.0101,-0.043,0.0049,0.427,0.649,1.278,,,,,2.16,-0.98
42.943,ROTATION_SCAN,2.1992,-0.9593,0.307,-156.88,1.06,-1.14,15.0,0.001,-0.0359,-0.0019,0.399,0.652,1.278,,,,,2.16,-0.98
42.974,ROTATION_SCAN,2.1998,-0.957,0.305,-156.14,0.96,-1.2,15.0,-0.01,-0.0231,0.0001,0.399,0.652,1.286,,,,,2.16,-0.98
43.049,ROTATION_SCAN,2.199,-0.958,0.306,-155.42,0.76,-1.19,15.0,-0.0226,-0.0202,-0.0047,0.379,0.657,1.286,,,,,2.16,-0.98
43.091,ROTATION_SCAN,2.1962,-0.9556,0.303,-154.75,0.53,-1.09,15.0,-0.037,-0.0122,-0.0032,0.379,0.657,1.32,,,,,2.16,-0.98
43.16,ROTATION_SCAN,2.191,-0.9541,0.303,-154.13,0.48,-0.93,15.0,-0.0539,-0.0069,-0.0106,0.371,0.665,1.32,,,,,2.16,-0.98
43.224,ROTATION_SCAN,2.1859,-0.9523,0.303,-153.48,0.2,-0.69,15.0,-0.0663,-0.0024,-0.0093,0.371,0.665,1.336,,,,,2.16,-0.98
43.252,ROTATION_SCAN,2.1838,-0.951,0.304,-152.79,0.02,-0.42,15.0,-0.0679,-0.001,-0.0078,0.36,0.675,1.336,,,,,2.16,-0.98
43.331,ROTATION_SCAN,2.1794,-0.9497,0.302,-152.11,-0.19,-0.42,15.0,-0.0728,-0.0004,-0.0065,0.36,0.675,1.386,,,,,2.16,-0.98
43.353,ROTATION_SCAN,2.1769,-0.9477,0.299,-151.39,-0.4,-0.07,15.0,-0.0706,0.0008,-0.01,0.349,0.687,1.386,,,,,2.16,-0.98
43.384,ROTATION_SCAN,2.1734,-0.9483,0.302,-150.65,-0.64,0.06,15.0,-0.0682,-0.0046,-0.0156,0.349,0.687,,,,,,2.16,-0.98
43.432,ROTATION_SCAN,2.1687,-0.9484,0.303,-149.92,-0.8,0.21,15.0,-0.0668,-0.009,-0.0076,0.343,0.706,,,,,,2.16,-0.98
43.519,ROTATION_SCAN,2.1653,-0.9482,0.302,-149.18,-0.93,0.32,15.0,-0.0614,-0.0129,-0.0071,0.343,0.706,,,,,,2.16,-0.98
43.572,ROTATION_SCAN,2.1626,-0.9492,0.301,-148.5,-1.12,0.29,15.0,-0.0538,-0.0196,-0.0069,0.336,,,,,,,2.16,-0.98
43.576,ROTATION_SCAN,2.1567,-0.9519,0.3,-147.84,-0.96,0.52,15.0,-0.0533,-0.0288,-0.0082,0.336,,,,,,,2.16,-0.98
43.629,ROTATION_SCAN,2.1561,-0.9554,0.299,-147.23,-0.87,0.61,15.0,-0.0408,-0.0374,-0.0101,0.331,,,,,,,2.16,-0.98
43.696,ROTATION_SCAN,2.1567,-0.9587,0.301,-146.64,-0.78,0.82,15.0,-0.0261,-0.0434,-0.0104,0.331,,,,,,,2.16,-0.98
43.723,ROTATION_SCAN,2.1554,-0.9619,0.298,-146.11,-0.45,0.73,15.0,-0.0178,-0.0462,-0.006,0.323,,,,,,,2.16,-0.98
43.793,ROTATION_SCAN,2.1578,-0.9648,0.3,-145.51,-0.34,0.71,15.0,-0.0044,-0.047,-0.0114,0.323,,,,,,,2.16,-0.98
43.836,ROTATION_SCAN,2.1583,-0.9681,0.3,-144.78,-0.32,0.7,15.0,0.0036,-0.048,-0.0018,0.327,,,,,,,2.16,-0.98
43.87,ROTATION_SCAN,2.1596,-0.9719,0.299,-144.04,0.03,0.71,15.0,0.0114,-0.049,-0.0063,0.327,,,,,,,2.16,-0.98
43.946,ROTATION_SCAN,2.1621,-0.9752,0.296,-143.28,0.29,0.75,15.0,0.0195,-0.0464,-0.0096,0.325,,,,,,,2.16,-0.98
43.975,ROTATION_SCAN,2.1649,-0.9778,0.295,-142.43,0.52,0.8,15.0,0.0262,-0.0403,-0.0176,0.325,,,,,,,2.16,-0.98
44.051,ROTATION_SCAN,2.1679,-0.9775,0.298,-141.66,0.68,0.73,15.0,0.0317,-0.0269,-0.0143,0.334,,,,,,,2.16,-0.98
44.093,ROTATION_SCAN,2.1701,-0.9775,0.297,-140.83,0.77,0.56,15.0,0.0332,-0.0157,-0.0045,0.334,,,,,,,2.16,-0.98
44.126,ROTATION_SCAN,2.1718,-0.9775,0.298,-140.03,0.7,0.36,15.0,0.0322,-0.0069,-0.0083,0.346,,,,,,,2.16,-0.98
44.191,ROTATION_SCAN,2.1764,-0.9746,0.298,-139.17,0.71,0.23,15.0,0.0369,0.0065,-0.0058,0.346,,,,,,,2.16,-0.98
44.226,ROTATION_SCAN,2.1776,-0.9734,0.297,-138.27,0.61,0.03,15.0,0.0325,0.0133,-0.004,0.361,,,,,,,2.16,-0.98
44.29,ROTATION_SCAN,2.1803,-0.9701,0.296,-137.37,0.53,-0.21,15.0,0.0314,0.0219,-0.0056,0.361,,,,,,,2.16,-0.98
44.361,ROTATION_SCAN,2.1827,-0.9679,0.297,-136.46,0.74,-0.55,15.0,0.0269,0.0258,-0.0082,0.372,,,,,,,2.16,-0.98
44.434,ROTATION_SCAN,2.183,-0.9657,0.295,-135.53,0.73,-0.62,15.0,0.017,0.0287,-0.0043,0.372,,,1.095,,,,2.16,-0.98
44.453,ROTATION_SCAN,2.1818,-0.9632,0.292,-134.58,0.67,-0.85,15.0,0.004,0.031,-0.0094,0.392,,,1.095,,,,2.16,-0.98
44.503,ROTATION_SCAN,2.1797,-0.9603,0.294,-133.58,0.43,-1.03,15.0,-0.0097,0.0314,-0.0118,0.392,,,1.095,,,,2.16,-0.98
44.523,ROTATION_SCAN,2.1779,-0.957,0.296,-132.59,0.41,-1.0,15.0,-0.0212,0.0313,-0.0047,0.403,,,1.095,,,,2.16,-0.98
44.587,ROTATION_SCAN,2.1746,-0.9548,0.298,-131.68,0.21,-0.83,15.0,-0.0331,0.029,0.0007,0.403,,,1.111,,,,2.16,-0.98
44.626,ROTATION_SCAN,2.1702,-0.951,0.294,-130.77,-0.04,-0.81,15.0,-0.0441,0.0296,0.0064,0.408,,,1.111,,,,2.16,-0.98
44.676,ROTATION_SCAN,2.1667,-0.9496,0.294,-129.87,-0.34,-0.84,15.0,-0.0502,0.0231,-0.0038,0.408,,,1.112,,,,2.16,-0.98
44.729,ROTATION_SCAN,2.1631,-0.9471,0.296,-128.91,-0.66,-0.72,15.0,-0.0532,0.018,-0.0015,0.419,,,1.112,,,,2.16,-0.98
44.808,ROTATION_SCAN,2.1603,-0.947,0.294,-128.08,-0.8,-0.59,15.0,-0.052,0.0082,0.0041,0.419,,,1.135,,,,2.16,-0.98
44.836,ROTATION_SCAN,2.1564,-0.9479,0.294,-127.28,-0.92,-0.46,15.0,-0.0518,-0.0027,-0.001,0.426,,,1.135,,,,2.16,-0.98
44.877,ROTATION_SCAN,2.1526,-0.9471,0.297,-126.47,-0.92,-0.28,15.0,-0.0503,-0.0076,0.0009,0.426,,,1.162,,,,2.16,-0.98
44.922,ROTATION_SCAN,2.1507,-0.9476,0.295,-125.68,-1.06,-0.21,15.0,-0.0432,-0.0145,0.0098,0.433,0.405,,1.162,,,,2.16,-0.98
44.972,ROTATION_SCAN,2.1485,-0.9498,0.296,-124.89,-1.05,-0.19,15.0,-0.0372,-0.0241,0.0053,0.433,0.405,,1.198,,,,2.16,-0.98
45.042,ROTATION_SCAN,2.1463,-0.9519,0.295,-124.04,-1.08,-0.1,15.0,-0.0312,-0.0323,0.0092,0.449,0.395,,1.198,,,,2.16,-0.98
45.071,ROTATION_SCAN,2.1432,-0.9552,0.297,-123.19,-1.08,-0.01,15.0,-0.0281,-0.0419,0.0059,0.449,0.395,,1.254,,,,2.16,-0.98
45.149,ROTATION_SCAN,2.1422,-0.958,0.294,-122.38,-0.93,0.14,15.0,-0.0196,-0.0476,0.0103,0.463,0.388,,1.254,,,,2.16,-0.98
45.194,ROTATION_SCAN,2.1415,-0.9609,0.297,-121.57,-0.88,0.36,15.0,-0.0115,-0.0509,0.0022,0.463,0.388,,1.306,,,,2.16,-0.98
45.229,ROTATION_SCAN,2.1411,-0.9629,0.297,-120.72,-0.67,0.74,15.0,-0.0029,-0.0485,0.0066,0.481,0.385,,1.306,,,,2.16,-0.98
45.284,ROTATION_SCAN,2.1403,-0.9654,0.296,-119.93,-0.48,0.97,15.0,0.0032,-0.0449,0.0032,0.481,0.385,,1.301,,,,2.16,-0.98
45.358,ROTATION_SCAN,2.1406,-0.9686,0.301,-119.16,-0.4,0.99,15.0,0.0104,-0.0418,-0.0003,0.493,0.383,,1.301,,,,2.16,-0.98
45.391,ROTATION_SCAN,2.1417,-0.9704,0.299,-118.39,-0.42,1.05,15.0,0.019,-0.0351,0.0086,0.493,0.383,,1.242,,,,2.16,-0.98
45.458,ROTATION_SCAN,2.1433,-0.9723,0.298,-117.64,-0.4,1.0,15.0,0.0273,-0.0296,0.0017,0.516,0.381,,1.242,,,,2.16,-0.98
45.475,ROTATION_SCAN,2.1465,-0.9745,0.3,-116.89,-0.36,0.84,15.0,0.0378,-0.0267,-0.0016,0.516,0.381,,1.121,,,,2.16,-0.98
45.526,ROTATION_SCAN,2.1484,-0.9753,0.302,-116.19,-0.29,0.72,15.0,0.0432,-0.0205,0.0024,0.544,0.378,,1.121,,,,2.16,-0.98
45.595,ROTATION_SCAN,2.1493,-0.9756,0.302,-115.43,0.1,0.68,15.0,0.043,-0.0135,0.0034,0.544,0.378,,,,,,2.16,-0.98
45.619,ROTATION_SCAN,2.1528,-0.9766,0.299,-114.63,0.28,0.61,15.0,0.0465,-0.009,-0.0005,0.575,0.378,,,,,,2.16,-0.98
45.685,ROTATION_SCAN,2.1554,-0.9773,0.297,-113.83,0.5,0.6,15.0,0.0459,-0.0036,-0.0076,0.575,0.378,,0.864,,,,2.16,-0.98
45.735,ROTATION_SCAN,2.1573,-0.9776,0.299,-113.12,0.56,0.48,15.0,0.0429,0.0014,-0.0078,0.605,0.377,,0.864,,,,2.16,-0.98
45.788,ROTATION_SCAN,2.1596,-0.976,0.298,-112.44,0.62,0.26,15.0,0.0398,0.0098,-0.0006,0.605,0.377,,0.835,,,,2.16,-0.98
45.853,ROTATION_SCAN,2.1612,-0.9748,0.298,-111.8,0.57,0.11,15.0,0.0348,0.0147,-0.0018,0.631,0.373,,0.835,,,,2.16,-0.98
45.876,ROTATION_SCAN,2.1611,-0.974,0.299,-111.15,0.48,-0.18,15.0,0.0264,0.0163,0.0006,0.631,0.373,,0.815,,,,2.16,-0.98
45.94,ROTATION_SCAN,2.1595,-0.9743,0.299,-110.44,0.47,-0.38,15.0,0.015,0.013,0.007,0.655,0.369,,0.815,,,,2.16,-0.98
45.973,ROTATION_SCAN,2.1563,-0.9721,0.301,-109.71,0.49,-0.36,15.0,0.0014,0.0155,0.0063,0.655,0.369,,0.799,,,,2.16,-0.98
46.054,ROTATION_SCAN,2.1555,-0.9744,0.299,-108.94,0.4,-0.43,15.0,-0.0049,0.0064,0.0118,0.679,0.369,,0.799,,,,2.16,-0.98
46.078,ROTATION_SCAN,2.1537,-0.9743,0.3,-108.1,0.29,-0.33,15.0,-0.0121,0.004,0.0055,0.679,0.369,,0.788,,,,2.16,-0.98
46.136,ROTATION_SCAN,2.1482,-0.9727,0.299,-107.23,0.1,-0.32,15.0,-0.0252,0.0051,0.0057,0.712,0.366,,0.788,,,,2.16,-0.98
46.23,ROTATION_SCAN,2.1462,-0.9746,0.301,-106.42,-0.16,-0.24,15.0,-0.0268,-0.0017,0.0025,0.712,0.366,,0.779,,,,2.16,-0.98
46.27,ROTATION_SCAN,2.143,-0.9735,0.3,-105.6,-0.52,-0.16,15.0,-0.0285,-0.0015,0.0064,0.754,0.368,,0.779,,,,2.16,-0.98
46.279,ROTATION_SCAN,2.1384,-0.9755,0.3,-104.8,-0.67,0.04,15.0,-0.0302,-0.0072,0.0038,0.754,0.368,,0.778,,,,2.16,-0.98
46.368,ROTATION_SCAN,2.1357,-0.9756,0.299,-103.98,-0.75,0.15,15.0,-0.0269,-0.0071,0.0026,0.795,0.374,,0.778,,,,2.16,-0.98
46.383,ROTATION_SCAN,2.1333,-0.978,0.3,-103.22,-0.81,0.24,15.0,-0.0224,-0.0115,-0.0015,0.795,0.374,,0.77,,,,2.16,-0.98
46.468,ROTATION_SCAN,2.1299,-0.9803,0.303,-102.5,-0.94,0.34,15.0,-0.0197,-0.0144,-0.0005,0.857,0.383,,0.77,,,,2.16,-0.98
46.506,ROTATION_SCAN,2.1278,-0.982,0.299,-101.78,-0.97,0.41,15.0,-0.0136,-0.0152,0.0048,0.857,0.383,,0.773,,,,2.16,-0.98
46.535,ROTATION_SCAN,2.1267,-0.9834,0.304,-101.04,-1.17,0.53,15.0,-0.0047,-0.0149,-0.0056,,0.393,,0.773,,,,2.16,-0.98
46.576,ROTATION_SCAN,2.126,-0.9841,0.301,-100.27,-0.96,0.6,15.0,0.0041,-0.0116,0.0079,,0.393,,0.791,,,,2.16,-0.98
46.629,ROTATION_SCAN,2.1255,-0.9857,0.302,-99.42,-1.06,0.63,15.0,0.0113,-0.0104,0.0007,,0.407,,0.791,,,,2.16,-0.98
46.679,ROTATION_SCAN,2.1268,-0.9834,0.305,-98.55,-1.07,0.62,15.0,0.0228,-0.0001,0.0037,,0.407,,0.814,,,,2.16,-0.98
46.724,ROTATION_SCAN,2.1268,-0.9863,0.303,-97.66,-1.14,0.48,15.0,0.03,-0.0034,0.0115,1.727,0.425,,0.814,,,,2.16,-0.98
46.78,ROTATION_SCAN,2.1306,-0.9877,0.302,-96.79,-0.99,0.45,15.0,0.0437,-0.0037,0.0023,1.727,0.425,0.696,0.859,,,,2.16,-0.98
46.88,ROTATION_SCAN,2.1306,-0.9909,0.302,-95.96,-0.81,0.38,15.0,0.0467,-0.0083,0.0008,,0.442,0.696,0.859,,,,2.16,-0.98
46.949,ROTATION_SCAN,2.1328,-0.9923,0.305,-95.22,-0.57,0.52,15.0,0.0521,-0.0072,0.0013,,0.442,0.673,,,,,2.16,-0.98
46.97,ROTATION_SCAN,2.1368,-0.9927,0.303,-94.5,-0.39,0.65,15.0,0.059,-0.0026,0.0041,1.799,0.465,0.673,,,,,2.16,-0.98
47.003,ROTATION_SCAN,2.1406,-0.9932,0.306,-93.82,-0.3,0.85,15.0,0.0641,0.0027,-0.0028,1.799,0.465,0.658,,,,,2.16,-0.98
47.075,ROTATION_SCAN,2.144,-0.9929,0.305,-93.1,-0.07,0.89,15.0,0.0663,0.0102,0.0041,1.753,0.485,0.658,,,,,2.16,-0.98
47.11,ROTATION_SCAN,2.1464,-0.991,0.304,-92.38,0.14,0.83,15.0,0.0641,0.0208,-0.0009,1.753,0.485,0.644,,,,,2.16,-0.98
47.141,ROTATION_SCAN,2.1501,-0.9905,0.305,-91.59,0.22,0.72,15.0,0.0636,0.0261,-0.0046,1.708,0.54,0.644,,,,,2.16,-0.98
47.192,ROTATION_SCAN,2.1544,-0.9885,0.303,-90.79,0.25,0.46,15.0,0.0642,0.0321,-0.0018,1.708,0.54,0.638,,,,,2.16,-0.98
47.232,ROTATION_SCAN,2.1558,-0.9864,0.302,-89.98,0.32,0.19,15.0,0.0579,0.0358,-0.0051,1.672,0.643,0.638,,,,,2.16,-0.98
47.363,NAV_WAYPOINT,2.1595,-0.9838,0.299,-89.19,0.44,0.16,-0.0,0.0564,0.0387,-0.005,1.672,0.643,0.628,,,2.5,-1.0,2.5,-0.98
47.377,NAV_WAYPOINT,2.1604,-0.9813,0.301,-88.48,0.55,-0.09,-0.0,0.0482,0.0401,-0.01,1.663,,0.628,,,2.5,-1.0,2.5,-0.98
47.382,NAV_WAYPOINT,2.1624,-0.9802,0.304,-87.91,0.73,-0.33,-0.0,0.042,0.0361,-0.0033,1.663,,0.626,,,2.5,-1.0,2.5,-0.98
47.472,NAV_WAYPOINT,2.1638,-0.978,0.302,-87.42,0.81,-0.49,-0.0,0.0339,0.033,0.0049,1.645,,0.626,,,2.5,-1.0,2.5,-0.98
47.497,NAV_WAYPOINT,2.1652,-0.976,0.304,-87.12,0.71,-0.63,-0.0,0.0272,0.0286,-0.001,1.645,,0.625,,,2.5,-1.0,2.5,-0.98
47.562,NAV_WAYPOINT,2.1645,-0.9749,0.305,-86.93,-1.55,-0.78,-0.0,0.0271,0.022,0.0067,1.64,,0.625,,,2.5,-1.0,2.5,-0.98
47.63,NAV_WAYPOINT,2.1618,-0.9757,0.303,-86.82,-3.22,-0.91,-0.0,0.0399,0.0116,0.0058,1.64,,0.621,,,2.5,-1.0,2.5,-0.98
47.753,NAV_WAYPOINT,2.1627,-0.9745,0.304,-86.77,-4.47,-1.2,-0.0,0.0679,0.0061,-0.0043,1.632,,0.621,,,2.5,-1.0,2.5,-0.98
47.797,NAV_WAYPOINT,2.1674,-0.9743,0.307,-86.78,-4.89,-1.16,-0.0,0.1093,-0.0016,-0.0025,1.632,,0.623,,,2.5,-1.0,2.5,-0.98
47.823,NAV_WAYPOINT,2.1741,-0.974,0.306,-86.84,-4.9,-1.17,-0.0,0.1525,-0.008,0.0026,1.628,,0.623,,,2.5,-1.0,2.5,-0.98
47.835,NAV_WAYPOINT,2.1833,-0.9738,0.307,-86.9,-4.55,-0.94,-0.0,0.1946,-0.0125,-0.004,1.628,,0.612,,,2.5,-1.0,2.5,-0.98
47.878,NAV_WAYPOINT,2.1955,-0.9748,0.302,-87.01,-4.02,-0.73,-0.0,0.2357,-0.0182,-0.0054,1.611,,0.612,,,2.5,-1.0,2.5,-0.98
47.901,NAV_WAYPOINT,2.2066,-0.9759,0.303,-87.14,-3.27,-0.5,-0.0,0.2639,-0.0227,-0.0202,1.611,,0.592,,,2.5,-1.0,2.5,-0.98
47.928,NAV_WAYPOINT,2.2203,-0.9793,0.301,-87.26,-2.64,-0.28,-0.0,0.2893,-0.0316,-0.0184,1.589,0.353,0.592,,,2.5,-1.0,2.5,-0.98
47.987,NAV_WAYPOINT,2.235,-0.9804,0.299,-87.35,-1.87,0.0,-0.0,0.3084,-0.0306,-0.0219,1.589,0.353,0.572,,,2.5,-1.0,2.5,-0.98
48.043,NAV_WAYPOINT,2.2484,-0.9818,0.299,-87.4,-1.26,0.05,-0.0,0.3167,-0.0295,-0.023,1.557,0.334,0.572,,,2.5,-1.0,2.5,-0.98
48.108,NAV_WAYPOINT,2.263,-0.983,0.299,-87.44,-0.72,0.26,-0.0,0.3219,-0.0275,-0.0169,1.557,0.334,0.544,,,2.5,-1.0,2.5,-0.98
48.137,NAV_WAYPOINT,2.2795,-0.9846,0.295,-87.43,-0.14,0.41,-0.0,0.3265,-0.0253,-0.0129,1.519,0.338,0.544,,,2.5,-1.0,2.5,-0.98
48.186,NAV_WAYPOINT,2.2935,-0.9853,0.299,-87.4,0.11,0.49,-0.0,0.3213,-0.0204,-0.0197,1.519,0.338,0.518,,,2.5,-1.0,2.5,-0.98
48.226,NAV_WAYPOINT,2.3059,-0.9869,0.299,-87.4,0.29,0.38,-0.0,0.3108,-0.0185,-0.0047,1.464,0.353,0.518,,,2.5,-1.0,2.5,-0.98
48.275,NAV_WAYPOINT,2.3195,-0.9877,0.297,-87.36,0.2,0.22,-0.0,0.3033,-0.0158,-0.0052,1.464,0.353,0.493,,,2.5,-1.0,2.5,-0.98
48.356,NAV_WAYPOINT,2.3314,-0.9887,0.297,-87.24,0.08,0.16,-0.0,0.294,-0.0147,-0.0064,1.415,0.356,0.493,,,2.5,-1.0,2.5,-0.98
48.429,NAV_WAYPOINT,2.345,-0.9883,0.299,-87.11,-0.04,-0.11,-0.0,0.2912,-0.0118,-0.0032,1.415,0.356,0.474,,,2.5,-1.0,2.5,-0.98
48.491,NAV_WAYPOINT,2.3572,-0.9885,0.294,-86.98,-0.09,-0.04,-0.0,0.286,-0.0116,0.0012,1.365,0.355,0.474,,,2.5,-1.0,2.5,-0.98
48.506,NAV_WAYPOINT,2.3683,-0.9884,0.295,-86.84,-0.31,-0.11,-0.0,0.2793,-0.0104,-0.0091,1.365,0.355,0.451,,,2.5,-1.0,2.5,-0.98
48.582,NAV_WAYPOINT,2.3772,-0.9883,0.295,-86.78,-0.4,0.02,-0.0,0.2762,-0.0092,-0.0029,1.309,0.36,0.451,,,2.5,-1.0,2.5,-0.98
48.673,NAV_WAYPOINT,2.389,-0.988,0.299,-86.75,-0.32,-0.04,-0.0,0.2729,-0.0073,-0.0022,1.309,0.36,0.426,,,2.5,-1.0,2.5,-0.98
48.693,NAV_WAYPOINT,2.401,-0.9894,0.298,-86.8,-0.49,-0.13,-0.0,0.2717,-0.0103,0.0081,1.281,0.389,0.426,,,2.5,-1.0,2.5,-0.98
48.721,NAV_WAYPOINT,2.4155,-0.9903,0.296,-86.88,-0.64,-0.4,-0.0,0.2789,-0.0137,0.0009,1.281,0.389,0.404,,,2.5,-1.0,2.5,-0.98
48.742,NAV_WAYPOINT,2.4278,-0.9921,0.296,-86.95,-0.75,-0.48,-0.0,0.2807,-0.0197,-0.0049,1.253,0.429,0.404,,,2.5,-1.0,2.5,-0.98
48.773,NAV_WAYPOINT,2.4408,-0.9923,0.293,-86.95,-0.9,-0.64,-0.0,0.2847,-0.0222,-0.0021,1.253,0.429,0.378,,,2.5,-1.0,2.5,-0.98
48.823,NAV_WAYPOINT,2.4529,-0.9945,0.295,-86.94,-0.85,-0.69,-0.0,0.2871,-0.0305,-0.0069,1.228,0.57,0.378,,,2.5,-1.0,2.5,-0.98
48.959,NAV_WAYPOINT,2.4671,-0.997,0.3,-86.96,-0.45,-0.62,-0.0,0.2918,-0.0381,0.0003,1.228,0.57,0.352,,,2.5,-1.0,2.5,-0.98
48.97,NAV_WAYPOINT,2.4811,-0.9994,0.299,-86.99,0.17,-0.56,-0.0,0.2913,-0.0445,0.0149,1.207,0.78,0.352,,,2.5,-1.0,2.5,-0.98
48.975,NAV_WAYPOINT,2.4967,-1.0035,0.295,-86.99,1.31,-0.27,-0.0,0.2873,-0.0525,0.0081,1.207,0.78,0.331,,,2.5,-1.0,2.5,-0.98
49.085,NAV_WAYPOINT,2.5092,-1.0061,0.293,-86.94,1.93,-0.02,-0.0,0.2682,-0.0543,0.0021,1.186,1.099,0.331,,,2.5,-0.98,2.5,-0.98
49.144,ROTATION_SCAN,2.521,-1.0098,0.298,-86.92,2.32,0.26,-0.0,0.2459,-0.0568,0.0015,1.186,1.099,0.306,,,,,2.5,-0.98
49.288,ROTATION_SCAN,2.532,-1.0138,0.299,-86.94,2.62,0.53,-0.0,0.2211,-0.0568,0.0151,1.174,1.34,0.306,,,,,2.5,-0.98
49.331,ROTATION_SCAN,2.5412,-1.017,0.3,-87.0,2.64,0.66,-0.0,0.1941,-0.0537,0.0151,1.174,1.34,0.284,,,,,2.5,-0.98
49.367,ROTATION_SCAN,2.5509,-1.0212,0.302,-87.16,2.9,0.73,-0.0,0.1715,-0.0519,0.015,1.168,1.465,0.284,,,,,2.5,-0.98
49.401,ROTATION_SCAN,2.5565,-1.0246,0.299,-87.43,3.14,0.8,-0.0,0.1383,-0.0483,0.0147,1.168,1.465,0.267,,,,,2.5,-0.98
49.442,ROTATION_SCAN,2.5623,-1.0277,0.301,-87.82,2.92,1.0,15.0,0.1103,-0.043,0.0075,1.161,,0.267,,,,,2.5,-0.98
49.476,ROTATION_SCAN,2.5676,-1.0294,0.303,-88.2,2.81,1.17,15.0,0.0856,-0.0337,0.0108,1.161,,0.256,,,,,2.5,-0.98
49.523,ROTATION_SCAN,2.5707,-1.0328,0.304,-88.57,2.53,1.06,15.0,0.061,-0.0281,0.0135,1.159,1.577,0.256,,,,,2.5,-0.98
49.546,ROTATION_SCAN,2.5738,-1.0353,0.301,-88.73,2.33,1.09,15.0,0.0414,-0.0216,0.0147,1.159,1.577,0.255,,,,,2.5,-0.98
49.553,ROTATION_SCAN,2.5748,-1.0393,0.302,-88.73,2.19,1.24,15.0,0.0206,-0.0178,0.0058,1.156,1.583,0.255,,,,,2.5,-0.98
49.577,ROTATION_SCAN,2.5754,-1.0411,0.301,-88.49,2.04,1.41,15.0,0.0022,-0.0088,0.0093,1.156,1.583,0.25,,,,,2.5,-0.98
49.634,ROTATION_SCAN,2.5743,-1.0417,0.303,-88.12,1.88,1.54,15.0,-0.0177,0.0035,0.0065,1.152,,0.25,,,,,2.5,-0.98
49.672,ROTATION_SCAN,2.5715,-1.0426,0.303,-87.48,1.67,1.59,15.0,-0.0374,0.0144,0.0081,1.152,,0.252,,,,,2.5,-0.98
49.753,ROTATION_SCAN,2.571,-1.0392,0.304,-86.58,1.19,1.41,15.0,-0.0462,0.0306,0.0024,1.151,,0.252,,,,,2.5,-0.98
49.801,ROTATION_SCAN,2.5663,-1.0385,0.305,-85.55,0.86,1.26,15.0,-0.0603,0.0398,-0.0004,1.151,,0.25,,,,,2.5,-0.98
49.833,ROTATION_SCAN,2.5657,-1.0333,0.304,-84.46,0.48,0.88,15.0,-0.061,0.0533,0.0003,1.158,,0.25,,,,,2.5,-0.98
49.897,ROTATION_SCAN,2.5659,-1.0297,0.303,-83.41,0.23,0.63,15.0,-0.0568,0.0599,-0.0071,1.158,,0.25,,,,,2.5,-0.98
49.919,ROTATION_SCAN,2.5647,-1.0241,0.304,-82.38,-0.02,0.46,15.0,-0.0541,0.0688,-0.0121,1.18,,0.25,,,,,2.5,-0.98
49.994,ROTATION_SCAN,2.5647,-1.019,0.302,-81.45,-0.18,0.3,15.0,-0.0474,0.0748,-0.0118,1.18,,0.261,0.687,,,,2.5,-0.98
50.042,ROTATION_SCAN,2.5635,-1.0135,0.302,-80.55,-0.1,0.12,15.0,-0.0438,0.0798,-0.017,1.213,,0.261,0.687,,,,2.5,-0.98
50.095,ROTATION_SCAN,2.5641,-1.0051,0.301,-79.57,0.02,-0.28,15.0,-0.0367,0.088,-0.014,1.213,,0.261,0.678,,,,2.5,-0.98
50.126,ROTATION_SCAN,2.5652,-1.0017,0.302,-78.57,0.17,-0.7,15.0,-0.0301,0.0807,-0.0155,1.27,,0.261,0.678,,,,2.5,-0.98
50.179,ROTATION_SCAN,2.5659,-0.9981,0.303,-77.61,0.18,-0.87,15.0,-0.0242,0.0729,-0.0104,1.27,,0.264,0.674,,,,2.5,-0.98
50.233,ROTATION_SCAN,2.5682,-0.9938,0.299,-76.55,0.35,-0.97,15.0,-0.0168,0.0663,-0.0056,1.45,0.682,0.264,0.674,,,,2.5,-0.98
50.269,ROTATION_SCAN,2.5697,-0.9909,0.295,-75.38,0.57,-1.08,15.0,-0.0127,0.0562,-0.0144,1.45,0.682,0.257,0.676,,,,2.5,-0.98
50.332,ROTATION_SCAN,2.572,-0.9884,0.298,-74.18,0.9,-1.09,15.0,-0.0095,0.0449,-0.0183,,0.63,0.257,0.676,,,,2.5,-0.98
50.427,ROTATION_SCAN,2.5745,-0.9847,0.297,-73.04,1.31,-1.08,15.0,-0.0089,0.0375,-0.0037,,0.63,0.26,0.683,,,,2.5,-0.98
50.443,ROTATION_SCAN,2.5771,-0.9838,0.292,-71.94,1.59,-1.0,15.0,-0.0105,0.0237,-0.0033,,0.579,0.26,0.683,,,,2.5,-0.98
50.484,ROTATION_SCAN,2.5778,-0.9817,0.296,-71.03,1.83,-0.98,15.0,-0.0186,0.0142,-0.0098,,0.579,0.257,0.683,,,,2.5,-0.98
50.522,ROTATION_SCAN,2.5785,-0.983,0.295,-70.24,1.89,-0.79,15.0,-0.0271,-0.0023,0.0025,2.971,0.538,0.257,0.683,,,,2.5,-0.98
50.57,ROTATION_SCAN,2.5768,-0.9834,0.294,-69.45,1.75,-0.81,15.0,-0.0398,-0.0139,-0.0001,2.971,0.538,0.259,0.684,,,,2.5,-0.98
50.651,ROTATION_SCAN,2.5752,-0.9875,0.297,-68.63,1.68,-0.72,15.0,-0.0498,-0.0329,0.0023,3.019,0.5,0.259,0.684,,,,2.5,-0.98
50.68,ROTATION_SCAN,2.573,-0.996,0.298,-67.82,1.47,-0.61,15.0,-0.0586,-0.0579,0.0116,3.019,0.5,0.265,0.69,,,,2.5,-0.98
50.737,ROTATION_SCAN,2.568,-1.0,0.298,-67.04,1.02,-0.34,15.0,-0.0712,-0.0687,0.0106,3.05,0.469,0.265,0.69,,,,2.5,-0.98
50.768,ROTATION_SCAN,2.5653,-1.0033,0.299,-66.34,0.57,-0.04,15.0,-0.0743,-0.0715,0.0072,3.05,0.469,0.274,0.691,,,,2.5,-0.98
50.832,ROTATION_SCAN,2.5634,-1.0056,0.301,-65.6,0.16,0.17,15.0,-0.0729,-0.0687,0.0072,3.08,0.451,0.274,0.691,,,,2.5,-0.98
50.887,ROTATION_SCAN,2.5602,-1.0099,0.303,-64.91,-0.16,0.26,15.0,-0.0726,-0.0688,0.0071,3.08,0.451,0.28,0.695,,,,2.5,-0.98
50.925,ROTATION_SCAN,2.5559,-1.0127,0.298,-64.33,-0.43,0.56,15.0,-0.0732,-0.0631,0.01,3.102,0.444,0.28,0.695,,,,2.5,-0.98
51.012,ROTATION_SCAN,2.5538,-1.0169,0.299,-63.94,-0.67,0.71,15.0,-0.0677,-0.0583,-0.0071,3.102,0.444,0.284,0.695,,,,2.5,-0.98
51.041,ROTATION_SCAN,2.5501,-1.0186,0.299,-63.56,-0.71,0.96,15.0,-0.0665,-0.0467,-0.0059,3.116,0.438,0.284,0.695,,,,2.5,-0.98
51.113,ROTATION_SCAN,2.5489,-1.0218,0.299,-63.21,-0.5,1.19,15.0,-0.0616,-0.0381,-0.0066,3.116,0.438,0.293,0.701,,,,2.5,-0.98
51.129,ROTATION_SCAN,2.5458,-1.0237,0.299,-62.96,-0.38,1.2,15.0,-0.0629,-0.028,-0.0045,3.138,0.444,0.293,0.701,,,,2.5,-0.98
51.178,ROTATION_SCAN,2.5445,-1.0223,0.3,-62.71,-0.42,1.1,15.0,-0.0603,-0.0112,-0.0051,3.138,0.444,0.295,0.703,,,,2.5,-0.98
51.233,ROTATION_SCAN,2.5425,-1.0226,0.296,-62.33,-0.47,1.05,15.0,-0.059,-0.0014,-0.0011,3.137,0.435,0.295,0.703,,,,2.5,-0.98
51.269,ROTATION_SCAN,2.5419,-1.0211,0.298,-61.95,-0.68,0.76,15.0,-0.0531,0.011,-0.0099,3.137,0.435,0.298,0.702,,,,2.5,-0.98
51.331,ROTATION_SCAN,2.5414,-1.0189,0.296,-61.36,-0.8,0.5,15.0,-0.0454,0.0219,-0.0042,3.172,0.43,0.298,0.702,,,,2.5,-0.98
51.417,ROTATION_SCAN,2.5403,-1.0156,0.299,-60.65,-0.91,0.17,15.0,-0.0377,0.0328,-0.0063,3.172,0.43,0.301,0.716,,,,2.5,-0.98
51.441,ROTATION_SCAN,2.5433,-1.0121,0.297,-59.81,-0.78,-0.13,15.0,-0.0211,0.0392,0.0023,,0.425,0.301,0.716,,,,2.5,-0.98
51.483,ROTATION_SCAN,2.5452,-1.0071,0.299,-58.94,-0.7,-0.29,15.0,-0.0083,0.0474,-0.0046,,0.425,0.308,0.731,,,,2.5,-0.98
51.522,ROTATION_SCAN,2.5483,-1.0036,0.297,-57.97,-0.49,-0.4,15.0,0.005,0.0495,0.0032,,0.42,0.308,0.731,,,,2.5,-0.98
51.571,ROTATION_SCAN,2.552,-0.9998,0.299,-57.0,-0.05,-0.39,15.0,0.0158,0.0506,-0.0001,,0.42,0.306,0.745,,,,2.5,-0.98
51.645,ROTATION_SCAN,2.555,-0.9974,0.299,-56.04,0.63,-0.49,15.0,0.02,0.0454,0.0058,,0.416,0.306,0.745,,,,2.5,-0.98
51.676,ROTATION_SCAN,2.5582,-0.9941,0.301,-55.06,1.04,-0.5,15.0,0.0214,0.0399,0.0042,,0.416,0.309,0.763,,,,2.5,-0.98
51.754,ROTATION_SCAN,2.5614,-0.9914,0.294,-54.1,1.36,-0.38,15.0,0.0197,0.033,0.0037,,0.419,0.309,0.763,,,,2.5,-0.98
51.804,ROTATION_SCAN,2.5637,-0.9902,0.299,-53.14,1.67,-0.22,15.0,0.014,0.0223,-0.0096,,0.419,0.306,0.783,,,,2.5,-0.98
51.831,ROTATION_SCAN,2.5663,-0.9899,0.295,-52.23,1.74,-0.02,15.0,0.0074,0.0112,0.0019,,0.424,0.306,0.783,,,,2.5,-0.98
51.878,ROTATION_SCAN,2.5661,-0.989,0.297,-51.45,1.88,0.29,15.0,-0.0062,0.0037,-0.0049,,0.424,0.313,0.794,,,,2.5,-0.98
51.96,ROTATION_SCAN,2.5676,-0.9893,0.297,-50.66,1.94,0.41,15.0,-0.0171,-0.0047,0.0016,,0.428,0.313,0.794,,,,2.5,-0.98
51.97,ROTATION_SCAN,2.5667,-0.9905,0.299,-49.83,1.99,0.38,15.0,-0.0312,-0.015,0.0045,,0.428,0.317,0.813,,,,2.5,-0.98
52.069,ROTATION_SCAN,2.5659,-0.992,0.299,-48.86,1.92,0.46,15.0,-0.0444,-0.0244,0.0083,,0.434,0.317,0.813,,,,2.5,-0.98
52.086,ROTATION_SCAN,2.5604,-0.9961,0.3,-47.88,1.53,0.31,15.0,-0.0643,-0.0381,0.0055,,0.434,0.329,0.828,,,,2.5,-0.98
52.134,ROTATION_SCAN,2.556,-0.9997,0.301,-46.92,1.29,0.49,15.0,-0.0777,-0.0473,0.0084,,0.45,0.329,0.828,,,,2.5,-0.98
52.198,ROTATION_SCAN,2.5523,-1.0021,0.301,-46.0,0.94,0.37,15.0,-0.0861,-0.0507,0.0113,,0.45,0.345,0.842,,,,2.5,-0.98
52.227,ROTATION_SCAN,2.5483,-1.0061,0.305,-45.14,0.48,0.21,15.0,-0.0912,-0.0561,0.0058,,0.471,0.345,0.842,,,,2.5,-0.98
52.281,ROTATION_SCAN,2.5447,-1.0099,0.304,-44.26,0.03,-0.15,15.0,-0.0901,-0.0594,0.0105,,0.471,0.361,0.857,,,,2.5,-0.98
52.32,ROTATION_SCAN,2.5399,-1.0125,0.301,-43.33,-0.53,-0.26,15.0,-0.0877,-0.0582,0.004,,0.59,0.361,0.857,,,,2.5,-0.98
52.404,ROTATION_SCAN,2.5359,-1.0154,0.298,-42.39,-0.7,-0.16,15.0,-0.0822,-0.0553,-0.0044,,0.59,0.379,0.878,,,,2.5,-0.98
52.434,ROTATION_SCAN,2.5337,-1.0185,0.299,-41.48,-1.14,-0.12,15.0,-0.0715,-0.0509,-0.0094,,,0.379,0.878,,,,2.5,-0.98
52.507,ROTATION_SCAN,2.5309,-1.0205,0.299,-40.62,-1.3,-0.2,15.0,-0.0617,-0.0424,-0.0027,,,0.394,0.901,,,,2.5,-0.98
52.524,ROTATION_SCAN,2.528,-1.0227,0.299,-39.79,-1.29,-0.3,15.0,-0.0528,-0.0358,-0.0021,,,0.394,0.901,,,,2.5,-0.98
52.578,ROTATION_SCAN,2.5256,-1.0252,0.3,-39.06,-1.35,-0.45,15.0,-0.0428,-0.0311,0.0013,,,0.4,0.923,,,,2.5,-0.98
52.655,ROTATION_SCAN,2.524,-1.0275,0.299,-38.4,-1.26,-0.45,15.0,-0.0317,-0.0273,0.0073,,1.388,0.4,0.923,,,,2.5,-0.98
52.693,ROTATION_SCAN,2.5248,-1.0299,0.298,-37.69,-1.3,-0.36,15.0,-0.0171,-0.0244,0.0045,,1.388,0.408,0.936,,,,2.5,-0.98
52.749,ROTATION_SCAN,2.5251,-1.0306,0.297,-37.02,-1.02,-0.21,15.0,-0.0063,-0.017,0.0025,,1.395,0.408,0.936,,,,2.5,-0.98
52.79,ROTATION_SCAN,2.5279,-1.0319,0.302,-36.26,-0.75,-0.04,15.0,0.0057,-0.014,0.0002,,1.395,0.418,0.96,,,,2.5,-0.98
52.818,ROTATION_SCAN,2.5291,-1.0322,0.303,-35.46,-0.78,0.22,15.0,0.0109,-0.0074,0.0107,,1.404,0.418,0.96,,,,2.5,-0.98
52.911,ROTATION_SCAN,2.531,-1.033,0.304,-34.64,-0.66,0.42,15.0,0.0149,-0.0025,0.0078,,1.404,0.427,0.99,,,,2.5,-0.98
52.96,ROTATION_SCAN,2.5336,-1.0328,0.306,-33.87,-0.63,0.56,15.0,0.0187,0.0042,0.0089,,1.418,0.427,0.99,,,,2.5,-0.98
52.968,ROTATION_SCAN,2.5366,-1.0342,0.307,-33.08,-0.77,0.69,15.0,0.0226,0.0071,0.0115,,1.418,0.439,1.008,,,,2.5,-0.98
53.037,ROTATION_SCAN,2.5397,-1.0329,0.308,-32.36,-0.61,0.66,15.0,0.0256,0.0165,0.0087,,1.444,0.439,1.008,,,,2.5,-0.98
53.109,ROTATION_SCAN,2.5418,-1.0321,0.306,-31.57,-0.61,0.79,15.0,0.025,0.0232,0.0054,,1.444,0.452,1.054,,,,2.5,-0.98
53.131,ROTATION_SCAN,2.5433,-1.0305,0.306,-30.8,-0.43,0.93,15.0,0.0217,0.032,-0.0006,,1.467,0.452,1.054,,,,2.5,-0.98
53.214,ROTATION_SCAN,2.5461,-1.0281,0.304,-29.99,-0.22,1.04,15.0,0.02,0.0397,0.0012,,1.467,,1.091,,,,2.5,-0.98
53.233,ROTATION_SCAN,2.5463,-1.0269,0.302,-29.15,0.13,1.09,15.0,0.0102,0.0424,-0.0036,,1.498,,1.091,,,,2.5,-0.98
53.314,ROTATION_SCAN,2.545,-1.0245,0.304,-28.31,0.42,0.95,15.0,-0.0028,0.0454,-0.0061,,1.498,,,,,,2.5,-0.98
53.335,ROTATION_SCAN,2.5444,-1.0223,0.299,-27.42,0.52,0.75,15.0,-0.0119,0.0448,-0.0006,,1.547,,,,,,2.5,-0.98
53.405,ROTATION_SCAN,2.5403,-1.0202,0.299,-26.58,0.57,0.48,15.0,-0.0264,0.043,-0.0091,,1.547,,,,,,2.5,-0.98
53.442,ROTATION_SCAN,2.5371,-1.019,0.303,-25.78,0.62,0.18,15.0,-0.035,0.0378,-0.0046,,1.585,,,,,,2.5,-0.98
53.468,ROTATION_SCAN,2.5349,-1.0187,0.303,-24.99,0.6,-0.08,15.0,-0.0382,0.0297,0.006,,1.585,,,,,,2.5,-0.98
53.529,ROTATION_SCAN,2.5315,-1.0207,0.303,-24.22,0.65,-0.2,15.0,-0.0427,0.0167,0.0052,,1.583,,,,,,2.5,-0.98
53.6,ROTATION_SCAN,2.5291,-1.0222,0.303,-23.5,0.6,-0.34,15.0,-0.043,0.0057,0.0059,,1.583,,,,,,2.5,-0.98
53.643,ROTATION_SCAN,2.5281,-1.0234,0.301,-22.79,0.46,-0.4,15.0,-0.0394,-0.0026,0.0042,,1.566,,,,,,2.5,-0.98
53.72,ROTATION_SCAN,2.5256,-1.0301,0.3,-22.12,0.15,-0.51,15.0,-0.0376,-0.0208,0.0005,,1.566,,,,,,2.5,-0.98
53.748,ROTATION_SCAN,2.5254,-1.0326,0.299,-21.54,-0.09,-0.47,15.0,-0.0305,-0.0256,-0.0002,,1.502,,,,,,2.5,-0.98
53.809,ROTATION_SCAN,2.5243,-1.039,0.305,-20.96,-0.21,-0.33,15.0,-0.0261,-0.0371,-0.0035,,1.502,,,,,,2.5,-0.98
53.875,ROTATION_SCAN,2.5244,-1.044,0.302,-20.46,-0.48,-0.21,15.0,-0.0198,-0.0421,0.011,,1.425,,,,,,2.5,-0.98
53.928,ROTATION_SCAN,2.5243,-1.0476,0.304,-19.93,-0.67,-0.03,15.0,-0.0152,-0.0415,-0.0018,,1.425,,2.706,,,,2.5,-0.98
53.946,ROTATION_SCAN,2.5249,-1.0519,0.306,-19.41,-0.97,0.07,15.0,-0.0101,-0.0395,0.0021,2.314,1.307,,2.706,,,,2.5,-0.98
54.023,ROTATION_SCAN,2.5252,-1.056,0.309,-18.9,-1.15,0.23,15.0,-0.0069,-0.0354,0.0043,2.314,1.307,,2.669,,,,2.5,-0.98
54.049,ROTATION_SCAN,2.5252,-1.0605,0.305,-18.36,-1.26,0.23,15.0,-0.0049,-0.0313,0.0088,2.284,1.275,,2.669,,,,2.5,-0.98
54.131,ROTATION_SCAN,2.5269,-1.0626,0.301,-17.76,-1.43,0.27,15.0,0.001,-0.0217,-0.0044,2.284,1.275,,,,,,2.5,-0.98
54.145,ROTATION_SCAN,2.5279,-1.0646,0.302,-17.1,-1.56,0.26,15.0,0.0049,-0.011,-0.0134,2.283,1.238,,,,,,2.5,-0.98
54.213,ROTATION_SCAN,2.532,-1.0655,0.308,-16.37,-1.66,0.49,15.0,0.0137,0.0015,-0.0089,2.283,1.238,,,,,,2.5,-0.98
54.239,ROTATION_SCAN,2.5337,-1.0671,0.302,-15.63,-1.45,0.64,15.0,0.0145,0.0115,0.0051,2.275,1.21,,,,,,2.5,-0.98
54.295,ROTATION_SCAN,2.536,-1.0631,0.305,-14.82,-1.35,0.7,15.0,0.0154,0.0313,-0.0104,2.275,1.21,,,,,,2.5,-0.98
54.378,ROTATION_SCAN,2.5376,-1.0611,0.304,-13.99,-1.26,0.74,15.0,0.0137,0.0438,-0.0027,2.256,1.191,,,,,,2.5,-0.98
54.402,ROTATION_SCAN,2.5396,-1.0564,0.305,-13.14,-1.07,0.63,15.0,0.0132,0.0598,-0.0063,2.256,1.191,,,,,,2.5,-0.98
54.439,ROTATION_SCAN,2.5402,-1.0527,0.307,-12.29,-0.92,0.71,15.0,0.0098,0.0701,-0.0069,,1.172,,,,,,2.5,-0.98
54.503,ROTATION_SCAN,2.5429,-1.0489,0.302,-11.41,-0.65,0.93,15.0,0.0087,0.0781,-0.0058,,1.172,,1.645,,,,2.5,-0.98
54.579,ROTATION_SCAN,2.5431,-1.0468,0.302,-10.47,-0.44,1.09,15.0,0.0006,0.0798,-0.0193,0.342,1.157,,1.645,,,,2.5,-0.98
54.641,ROTATION_SCAN,2.5442,-1.0419,0.304,-9.55,-0.3,1.16,15.0,-0.0061,0.0859,-0.0146,0.342,1.157,,1.568,,,,2.5,-0.98
54.688,ROTATION_SCAN,2.5441,-1.04,0.299,-8.59,-0.05,1.02,15.0,-0.0142,0.0835,-0.0063,0.296,1.156,,1.568,,,,2.5,-0.98
54.704,ROTATION_SCAN,2.5425,-1.037,0.299,-7.71,0.09,0.92,15.0,-0.0239,0.0818,-0.0194,0.296,1.156,,1.487,,,,2.5,-0.98
54.763,ROTATION_SCAN,2.5396,-1.0349,0.3,-6.91,0.16,0.67,15.0,-0.034,0.0774,-0.0113,0.297,1.151,,1.487,,,,2.5,-0.98
54.807,ROTATION_SCAN,2.5354,-1.0334,0.299,-6.11,0.33,0.64,15.0,-0.0455,0.0707,-0.0051,0.297,1.151,,1.418,,,,2.5,-0.98
54.857,ROTATION_SCAN,2.5338,-1.032,0.299,-5.34,0.53,0.51,15.0,-0.049,0.0628,-0.0068,0.296,1.162,,1.418,,,,2.5,-0.98
54.895,ROTATION_SCAN,2.5313,-1.0313,0.299,-4.63,0.57,0.27,15.0,-0.0523,0.0527,-0.0045,0.296,1.162,,1.355,,,,2.5,-0.98
54.934,ROTATION_SCAN,2.5274,-1.0307,0.295,-3.99,0.67,0.11,15.0,-0.0567,0.0434,-0.0046,0.3,1.194,,1.355,,,,2.5,-0.98
54.995,ROTATION_SCAN,2.5246,-1.03,0.296,-3.42,0.69,-0.08,15.0,-0.0568,0.0342,-0.0123,0.3,1.194,,1.321,,,,2.5,-0.98
55.025,ROTATION_SCAN,2.5224,-1.0323,0.296,-2.89,0.52,-0.23,15.0,-0.054,0.02,-0.0041,0.302,,,1.321,,,,2.5,-0.98
55.097,ROTATION_SCAN,2.519,-1.0326,0.296,-2.34,0.39,-0.37,15.0,-0.0529,0.0128,-0.0012,0.302,,1.547,1.296,,,,2.5,-0.98
55.164,ROTATION_SCAN,2.5162,-1.0362,0.297,-1.73,0.14,-0.49,15.0,-0.05,0.0005,-0.0001,0.303,,1.547,1.296,,,,2.5,-0.98
55.194,ROTATION_SCAN,2.515,-1.0378,0.293,-1.17,0.04,-0.73,15.0,-0.0417,-0.0041,0.0033,0.303,,1.538,1.265,,,,2.5,-0.98
55.259,ROTATION_SCAN,2.5152,-1.0395,0.297,-0.57,-0.23,-0.88,15.0,-0.0292,-0.0069,-0.0036,0.307,,1.538,1.265,,,,2.5,-0.98
55.334,ROTATION_SCAN,2.515,-1.0415,0.298,0.04,-0.37,-0.95,15.0,-0.0181,-0.0083,0.0084,0.307,,,1.239,,,,2.5,-0.98
55.467,LANDING_REGION_SCAN,2.5136,-1.0449,0.298,0.66,-0.61,-1.03,-0.0,-0.0112,-0.0121,0.0084,0.306,,,1.239,,,,,
55.535,LANDING_REGION_SCAN,2.5152,-1.0474,0.297,1.24,-0.76,-0.91,-0.0,0.0015,-0.0108,0.004,0.306,,,1.213,,,,,
55.648,LANDING_REGION_SCAN,2.5161,-1.0496,0.299,1.75,-0.69,-0.76,-0.0,0.0103,-0.009,0.0016,0.305,,,1.213,,,,3.6,-0.98
55.715,SCAN_NAV_WAYPOINT,2.5188,-1.0502,0.301,2.25,-0.67,-0.55,-0.0,0.0203,-0.0037,0.0048,0.305,,,1.195,,2.54,-1.06,3.6,-0.98
55.748,SCAN_NAV_WAYPOINT,2.5215,-1.0512,0.299,2.73,-0.64,-0.22,-0.0,0.0274,-0.0006,0.0067,0.306,,,1.195,,2.54,-1.08,3.6,-0.98
55.784,SCAN_NAV_WAYPOINT,2.5238,-1.0532,0.302,3.19,-0.74,-0.01,-0.0,0.0299,-0.0001,-0.0021,0.306,,1.44,1.175,,2.54,-1.08,3.6,-0.98
55.834,SCAN_NAV_WAYPOINT,2.5258,-1.0544,0.297,3.56,-0.7,0.22,-0.0,0.0297,0.0021,0.0051,0.3,,1.44,1.175,,2.54,-1.08,3.6,-0.98
55.86,SCAN_NAV_WAYPOINT,2.5281,-1.0546,0.301,3.9,-0.47,0.48,-0.0,0.0282,0.006,-0.0075,0.3,,1.405,1.168,,2.54,-1.08,3.6,-0.98
55.939,SCAN_NAV_WAYPOINT,2.5314,-1.0542,0.299,4.12,-0.43,0.71,-0.0,0.0277,0.0095,0.0013,0.299,,1.405,1.168,,2.56,-1.08,3.6,-0.98
55.983,SCAN_NAV_WAYPOINT,2.5329,-1.0539,0.3,4.32,-0.36,0.86,-0.0,0.0212,0.0119,-0.0065,0.299,,,1.163,,2.56,-1.08,3.6,-0.98
55.998,SCAN_NAV_WAYPOINT,2.5344,-1.054,0.304,4.42,-0.36,0.93,-0.0,0.0147,0.0124,-0.0078,0.299,,,1.163,,2.56,-1.08,3.6,-0.98
56.079,SCAN_NAV_WAYPOINT,2.5338,-1.0534,0.305,4.49,0.07,0.53,-0.0,0.0051,0.0132,0.0015,0.299,,,1.162,,2.56,-1.08,3.6,-0.98
56.105,SCAN_NAV_WAYPOINT,2.5323,-1.0539,0.297,4.56,0.78,0.12,-0.0,-0.0009,0.0059,-0.0022,0.299,,,1.162,,2.56,-1.08,3.6,-0.98
56.114,SCAN_NAV_WAYPOINT,2.5315,-1.0539,0.297,4.64,1.0,-0.17,-0.0,-0.0016,-0.0022,-0.0203,0.299,,,1.157,,2.56,-1.08,3.6,-0.98
56.12,SCAN_NAV_WAYPOINT,2.5285,-1.0563,0.296,4.71,1.1,-0.3,-0.0,-0.0058,-0.0168,-0.0161,0.299,,,1.157,,2.56,-1.08,3.6,-0.98
56.126,SCAN_NAV_WAYPOINT,2.5292,-1.061,0.296,4.78,0.83,-0.17,-0.0,-0.001,-0.0339,-0.0161,0.299,,1.282,1.162,,2.56,-1.08,3.6,-0.98
56.17,SCAN_NAV_WAYPOINT,2.5294,-1.0647,0.296,4.77,0.77,-0.56,-0.0,0.0031,-0.0444,-0.0126,0.302,,1.282,1.162,,2.56,-1.08,3.6,-0.98
56.186,SCAN_NAV_WAYPOINT,2.5259,-1.0681,0.297,4.76,0.68,-0.94,-0.0,0.0022,-0.0532,-0.0088,0.302,,1.262,1.159,,2.56,-1.08,3.6,-0.98
56.253,SCAN_NAV_WAYPOINT,2.5261,-1.073,0.299,4.78,0.67,-1.13,-0.0,0.0112,-0.0629,-0.0015,0.299,,1.262,1.159,,2.56,-1.08,3.6,-0.98
56.28,SCAN_NAV_WAYPOINT,2.5257,-1.0775,0.291,4.72,0.61,-1.31,-0.0,0.02,-0.0708,0.0064,0.299,,1.265,1.145,,2.56,-1.08,3.6,-0.98
56.336,SCAN_NAV_WAYPOINT,2.5259,-1.0815,0.296,4.57,0.3,-1.45,-0.0,0.0296,-0.0748,-0.0103,0.3,,1.265,1.145,,2.56,-1.08,3.6,-0.98
56.4,SCAN_NAV_WAYPOINT,2.5269,-1.0861,0.296,4.39,-0.01,-1.5,-0.0,0.0415,-0.0769,0.0054,0.3,,1.335,1.146,,2.56,-1.08,3.6,-0.98
56.448,SCAN_NAV_WAYPOINT,2.5309,-1.0901,0.293,4.24,-0.27,-1.52,-0.0,0.0577,-0.0747,0.0034,0.298,,1.335,1.146,,2.56,-1.08,3.6,-0.98
56.478,SCAN_NAV_WAYPOINT,2.5364,-1.0961,0.297,4.04,-0.6,-1.38,-0.0,0.0756,-0.0754,-0.001,0.298,,1.441,1.135,,2.56,-1.08,3.6,-0.98
56.55,SCAN_NAV_WAYPOINT,2.5404,-1.0985,0.299,3.85,-0.93,-1.12,-0.0,0.0855,-0.0648,0.0107,0.296,,1.441,1.135,,2.56,-1.08,3.6,-0.98
56.61,SCAN_NAV_WAYPOINT,2.5456,-1.1024,0.299,3.73,-1.3,-0.92,-0.0,0.0952,-0.0565,0.0108,0.296,,1.488,1.127,,2.56,-1.12,3.6,-0.98
56.66,SCAN_NAV_WAYPOINT,2.5517,-1.1053,0.3,3.6,-1.69,-0.57,-0.0,0.1032,-0.0436,0.0081,0.292,,1.488,1.127,,2.58,-1.12,3.6,-0.98
56.724,SCAN_NAV_WAYPOINT,2.5582,-1.1067,0.3,3.53,-1.88,-0.24,-0.0,0.1087,-0.0267,0.0075,0.292,,1.507,1.115,,2.58,-1.12,3.6,-0.98
56.795,SCAN_NAV_WAYPOINT,2.5627,-1.1077,0.302,3.47,-1.77,0.64,-0.0,0.1031,-0.011,0.0048,0.282,0.671,1.507,1.115,,2.58,-1.18,3.6,-0.98
56.807,SCAN_NAV_WAYPOINT,2.5675,-1.1085,0.299,3.35,-1.39,0.79,-0.0,0.0948,0.001,0.0052,0.282,0.671,1.53,1.115,,2.58,-1.18,3.6,-0.98
56.882,SCAN_NAV_WAYPOINT,2.5732,-1.1053,0.303,3.27,-0.8,0.42,-0.0,0.092,0.0163,-0.0041,0.272,0.685,1.53,1.115,,2.58,-1.18,3.6,-0.98
56.906,SCAN_NAV_WAYPOINT,2.5776,-1.1032,0.297,3.14,-0.36,0.37,-0.0,0.0891,0.0233,0.0033,0.272,0.685,1.557,1.119,,2.58,-1.18,3.6,-0.98
56.922,SCAN_NAV_WAYPOINT,2.5833,-1.1003,0.299,2.99,0.6,0.79,-0.0,0.0862,0.0269,-0.005,0.263,,1.557,1.119,,2.58,-1.18,3.6,-0.98
56.997,SCAN_NAV_WAYPOINT,2.5854,-1.0989,0.299,2.84,2.26,0.89,-0.0,0.0751,0.0128,-0.005,0.263,,1.549,1.121,,2.58,-1.18,3.6,-0.98
57.063,SCAN_NAV_WAYPOINT,2.5893,-1.0973,0.297,2.69,3.18,1.21,-0.0,0.0675,-0.0087,-0.0046,0.261,,1.549,1.121,,2.58,-1.18,3.6,-0.98
57.12,SCAN_NAV_WAYPOINT,2.5909,-1.0975,0.295,2.53,3.85,1.37,-0.0,0.054,-0.0388,-0.0097,0.261,,1.56,1.12,,2.58,-1.18,3.6,-0.98
57.126,SCAN_NAV_WAYPOINT,2.594,-1.1006,0.297,2.38,4.08,1.64,-0.0,0.0437,-0.0748,-0.0118,0.265,,1.56,1.12,,2.58,-1.18,3.6,-0.98
57.22,SCAN_NAV_WAYPOINT,2.596,-1.1063,0.296,2.27,4.12,1.6,-0.0,0.0308,-0.1147,-0.0067,0.265,,1.571,1.115,,2.58,-1.18,3.6,-0.98
57.33,SCAN_NAV_WAYPOINT,2.5957,-1.1128,0.295,2.25,3.71,1.51,-0.0,0.0145,-0.1497,-0.0067,0.287,,1.571,1.115,,2.58,-1.18,3.6,-0.98
57.352,SCAN_NAV_WAYPOINT,2.596,-1.1208,0.293,2.27,3.16,1.39,-0.0,0.0027,-0.1795,-0.0045,0.287,,1.579,1.108,,2.58,-1.18,3.6,-0.98
57.372,SCAN_NAV_WAYPOINT,2.5941,-1.1298,0.297,2.29,2.54,1.02,-0.0,-0.0113,-0.2045,-0.0064,0.366,0.683,1.579,1.108,,2.58,-1.18,3.6,-0.98
57.408,SCAN_NAV_WAYPOINT,2.5928,-1.1402,0.295,2.26,1.75,0.93,-0.0,-0.0208,-0.2228,0.0074,0.366,0.683,1.597,1.082,,2.58,-1.18,3.6,-0.98
57.434,SCAN_NAV_WAYPOINT,2.5896,-1.153,0.296,2.18,1.06,0.69,-0.0,-0.0321,-0.239,0.0045,,0.664,1.597,1.082,,2.58,-1.18,3.6,-0.98
57.48,SCAN_NAV_WAYPOINT,2.5867,-1.1625,0.296,2.01,0.51,0.57,-0.0,-0.0404,-0.241,0.0095,,0.664,1.614,1.063,,2.58,-1.18,3.6,-0.98
57.592,SCAN_NAV_WAYPOINT,2.5836,-1.1724,0.298,1.86,0.01,0.48,-0.0,-0.0478,-0.2386,0.0085,,0.648,1.614,1.063,,2.6,-1.2,3.6,-0.98
57.623,SCAN_NAV_WAYPOINT,2.5809,-1.1853,0.298,1.69,-0.84,0.13,-0.0,-0.051,-0.237,0.0128,,0.648,1.657,1.041,,2.6,-1.2,3.6,-0.98
57.639,SCAN_NAV_WAYPOINT,2.5787,-1.1951,0.3,1.54,-1.53,-0.06,-0.0,-0.0505,-0.2221,0.0108,,0.636,1.657,1.041,,2.6,-1.2,3.6,-0.98
57.667,SCAN_NAV_WAYPOINT,2.5757,-1.2053,0.298,1.39,-2.87,-0.52,-0.0,-0.0494,-0.2003,0.0159,,0.636,1.657,1.021,,2.6,-1.2,3.6,-0.98
57.75,SCAN_NAV_WAYPOINT,2.5731,-1.2156,0.299,1.18,-3.31,-0.7,-0.0,-0.0448,-0.1744,0.0108,,0.629,1.657,1.021,,2.62,-1.2,3.6,-0.98
57.822,SCAN_NAV_WAYPOINT,2.5689,-1.2223,0.299,0.96,-2.93,-1.14,-0.0,-0.0426,-0.1438,0.0095,,0.629,,1.014,,2.62,-1.2,3.6,-0.98
57.867,SCAN_NAV_WAYPOINT,2.5674,-1.2267,0.299,0.82,-2.53,-1.33,-0.0,-0.0306,-0.1144,0.0078,,0.621,,1.014,,2.62,-1.2,3.6,-0.98
57.871,SCAN_NAV_WAYPOINT,2.5661,-1.2304,0.299,0.71,-2.59,-1.56,-0.0,-0.019,-0.0885,0.0064,,0.621,,1.008,,2.62,-1.2,3.6,-0.98
57.957,SCAN_NAV_WAYPOINT,2.5655,-1.2347,0.303,0.63,-2.86,-2.38,-0.0,-0.001,-0.0648,0.0065,,0.621,,1.008,,2.62,-1.2,3.6,-0.98
58.032,SCAN_NAV_WAYPOINT,2.5646,-1.2378,0.302,0.63,-2.76,-2.56,-0.0,0.0175,-0.0405,0.0104,,0.621,1.705,1.0,,2.62,-1.2,3.6,-0.98
58.084,SCAN_NAV_WAYPOINT,2.5662,-1.2386,0.303,0.62,-2.64,-2.86,-0.0,0.0417,-0.015,0.0033,,0.625,1.705,1.0,,2.62,-1.2,3.6,-0.98
58.105,SCAN_NAV_WAYPOINT,2.569,-1.2368,0.3,0.64,-2.64,-2.82,-0.0,0.0669,0.0136,0.0019,,0.625,,0.998,,2.62,-1.2,3.6,-0.98
58.146,SCAN_NAV_WAYPOINT,2.5748,-1.2342,0.304,0.68,-2.5,-2.73,-0.0,0.0951,0.039,-0.0037,,0.633,,0.998,,2.62,-1.2,3.6,-0.98
58.18,SCAN_NAV_WAYPOINT,2.5813,-1.231,0.303,0.67,-2.24,-2.38,-0.0,0.1201,0.0609,0.0032,,0.633,,0.996,,2.62,-1.2,3.6,-0.98
58.248,SCAN_NAV_WAYPOINT,2.5889,-1.2261,0.302,0.61,-2.04,-1.92,-0.0,0.1409,0.0827,0.0003,,0.65,,0.996,,2.62,-1.2,3.6,-0.98
58.276,SCAN_NAV_WAYPOINT,2.5981,-1.2191,0.3,0.49,-1.74,-1.42,-0.0,0.1592,0.1051,-0.0035,,0.65,,1.006,,2.62,-1.2,3.6,-0.98
58.357,SCAN_NAV_WAYPOINT,2.6066,-1.2134,0.299,0.35,-1.28,-0.64,-0.0,0.1686,0.1181,-0.0037,,0.665,,1.006,,2.62,-1.22,3.6,-0.98
58.417,SCAN_NAV_WAYPOINT,2.6158,-1.2078,0.298,0.09,-0.91,0.25,-0.0,0.1709,0.1256,-0.0004,,0.665,,1.014,,2.64,-1.22,3.6,-0.98
58.432,SCAN_NAV_WAYPOINT,2.6236,-1.2009,0.299,-0.22,-0.35,1.0,-0.0,0.1634,0.1321,-0.0048,,0.687,,1.014,,2.64,-1.22,3.6,-0.98
58.493,SCAN_NAV_WAYPOINT,2.6314,-1.1944,0.3,-0.46,0.15,1.84,-0.0,0.1502,0.133,0.0024,,0.687,,1.026,,2.64,-1.22,3.6,-0.98
58.559,SCAN_NAV_WAYPOINT,2.6385,-1.1882,0.303,-0.77,1.28,2.36,-0.0,0.1301,0.1249,0.0057,,0.715,,1.026,,2.64,-1.24,3.6,-0.98
58.634,SCAN_NAV_WAYPOINT,2.6448,-1.1791,0.302,-1.08,1.82,1.86,-0.0,0.1123,0.1186,0.0106,,0.715,,1.045,,2.64,-1.24,3.6,-0.98
58.639,SCAN_NAV_WAYPOINT,2.6474,-1.1742,0.303,-1.37,2.41,1.32,-0.0,0.0923,0.0992,0.0082,,0.745,,1.045,,2.64,-1.24,3.6,-0.98
58.701,SCAN_NAV_WAYPOINT,2.6507,-1.171,0.306,-1.61,3.25,1.44,-0.0,0.0769,0.0716,0.0104,,0.745,,1.053,,2.64,-1.24,3.6,-0.98
58.739,SCAN_NAV_WAYPOINT,2.6533,-1.1676,0.306,-1.66,4.11,1.35,-0.0,0.0614,0.0399,0.0127,,0.759,,1.053,,2.64,-1.24,3.6,-0.98
58.829,SCAN_NAV_WAYPOINT,2.6563,-1.1654,0.306,-1.59,4.43,1.25,-0.0,0.0498,0.0054,0.0063,,0.759,,1.06,,2.64,-1.24,3.6,-0.98
58.843,SCAN_NAV_WAYPOINT,2.6588,-1.1667,0.306,-1.43,4.35,1.11,-0.0,0.0385,-0.0353,0.0045,,,,1.06,,2.64,-1.24,3.6,-0.98
58.872,SCAN_NAV_WAYPOINT,2.6593,-1.1707,0.305,-1.25,4.46,1.13,-0.0,0.0259,-0.0758,-0.001,,,,1.061,,2.64,-1.24,3.6,-0.98
58.925,SCAN_NAV_WAYPOINT,2.6592,-1.1775,0.305,-1.05,4.03,1.13,-0.0,0.0128,-0.1175,-0.0059,,0.742,,1.061,,2.64,-1.24,3.6,-0.98
58.985,SCAN_NAV_WAYPOINT,2.659,-1.1853,0.3,-0.93,3.57,1.09,-0.0,0.0011,-0.1528,-0.0085,,0.742,,1.044,,2.64,-1.24,3.6,-0.98
59.028,SCAN_NAV_WAYPOINT,2.6574,-1.195,0.3,-0.8,3.18,0.86,-0.0,-0.0141,-0.1898,-0.022,,0.727,,1.044,,2.64,-1.24,3.6,-0.98
59.09,SCAN_NAV_WAYPOINT,2.6566,-1.2064,0.301,-0.62,2.13,0.76,-0.0,-0.0185,-0.2113,-0.0165,,0.727,,1.021,,2.64,-1.24,3.6,-0.98
59.134,SCAN_NAV_WAYPOINT,2.6545,-1.22,0.299,-0.43,1.3,0.69,-0.0,-0.0272,-0.2319,-0.0123,,0.715,,1.021,,2.64,-1.24,3.6,-0.98
59.166,SCAN_NAV_WAYPOINT,2.6516,-1.2326,0.301,-0.2,0.53,0.63,-0.0,-0.0367,-0.2421,-0.0154,,0.715,,0.998,,2.64,-1.24,3.6,-0.98
59.259,SCAN_NAV_WAYPOINT,2.6511,-1.2441,0.299,-0.01,-0.11,0.51,-0.0,-0.0381,-0.2412,-0.0082,,0.703,,0.998,,2.66,-1.26,3.6,-0.98
59.345,SCAN_NAV_WAYPOINT,2.6502,-1.2562,0.299,0.17,-1.1,0.3,-0.0,-0.0386,-0.2346,-0.0082,,0.703,,0.977,,3.6,-1.26,3.6,-0.98
59.4,SCAN_NAV_WAYPOINT,2.6489,-1.2661,0.299,0.39,-1.81,0.31,-0.0,-0.041,-0.2206,-0.0081,,0.692,,0.977,,3.6,-1.26,3.6,-0.98
59.404,SCAN_NAV_WAYPOINT,2.6472,-1.2747,0.299,0.51,-2.86,-0.03,-0.0,-0.0401,-0.1923,-0.0067,,0.692,,0.952,,3.6,-1.26,3.6,-0.98
59.476,SCAN_NAV_WAYPOINT,2.646,-1.2883,0.299,0.58,-3.52,-0.33,-0.0,-0.0362,-0.1733,-0.0033,,0.691,,0.952,,3.6,-1.26,3.6,-0.98
59.537,SCAN_NAV_WAYPOINT,2.6439,-1.2944,0.303,0.46,-3.7,-1.89,-0.0,-0.0285,-0.137,0.0001,,0.691,1.781,0.932,,3.6,-1.26,3.6,-0.98
59.587,SCAN_NAV_WAYPOINT,2.6418,-1.2999,0.299,0.34,-3.76,-4.0,-0.0,-0.0048,-0.1003,0.0087,,0.69,1.781,0.932,,3.6,-1.26,3.6,-0.98
59.595,SCAN_NAV_WAYPOINT,2.6397,-1.3045,0.298,0.25,-3.46,-4.96,-0.0,0.03,-0.0706,-0.005,,0.69,,0.925,,3.6,-1.26,3.6,-0.98
59.621,SCAN_NAV_WAYPOINT,2.6428,-1.3063,0.299,0.23,-3.11,-5.29,-0.0,0.0771,-0.04,-0.0079,,0.698,,0.925,,3.6,-1.26,3.6,-0.98
59.67,SCAN_NAV_WAYPOINT,2.6513,-1.3057,0.298,0.22,-2.68,-5.18,-0.0,0.1314,-0.0107,-0.0019,,0.698,,0.92,,3.6,-1.26,3.6,-0.98
59.724,SCAN_NAV_WAYPOINT,2.6621,-1.3045,0.299,0.19,-2.19,-4.63,-0.0,0.1814,0.0117,-0.0017,,0.71,,0.92,,3.6,-1.26,3.6,-0.98
59.815,SCAN_NAV_WAYPOINT,2.6713,-1.303,0.301,0.04,-1.52,-3.92,-0.0,0.2165,0.0298,-0.0003,,0.71,,0.923,,3.6,-1.26,3.6,-0.98
59.821,SCAN_NAV_WAYPOINT,2.6836,-1.3006,0.299,-0.08,-0.74,-3.39,-0.0,0.2491,0.0405,-0.0012,,0.73,,0.923,,3.6,-1.26,3.6,-0.98
59.929,SCAN_NAV_WAYPOINT,2.6972,-1.2985,0.296,-0.33,-0.15,-2.58,-0.0,0.2759,0.0426,-0.005,,0.73,,0.927,,3.6,-1.26,3.6,-0.98
59.958,SCAN_NAV_WAYPOINT,2.711,-1.2964,0.298,-0.56,0.44,-2.04,-0.0,0.2942,0.0411,-0.0128,,0.754,,0.927,,3.6,-1.26,3.6,-0.98
59.969,SCAN_NAV_WAYPOINT,2.7283,-1.2942,0.298,-0.76,0.76,-1.44,-0.0,0.3138,0.0343,-0.0097,,0.754,,0.936,,3.6,-1.26,3.6,-0.98
60.02,SCAN_NAV_WAYPOINT,2.7417,-1.2931,0.299,-0.94,0.7,-0.61,-0.0,0.3165,0.0271,-0.0055,,0.787,,0.936,,3.6,-1.26,3.6,-0.98
60.096,SCAN_NAV_WAYPOINT,2.7558,-1.2933,0.298,-1.08,0.64,-0.04,-0.0,0.3138,0.0171,-0.0016,,0.787,,0.951,,3.6,-1.26,3.6,-0.98
60.128,SCAN_NAV_WAYPOINT,2.7692,-1.2933,0.299,-1.12,0.42,0.37,-0.0,0.3067,0.0113,0.0001,,0.814,,0.951,,3.6,-1.26,3.6,-0.98
60.176,SCAN_NAV_WAYPOINT,2.7844,-1.2936,0.298,-1.07,0.58,0.16,-0.0,0.3035,0.0045,-0.0018,,0.814,,0.964,,3.6,-1.26,3.6,-0.98
60.216,SCAN_NAV_WAYPOINT,2.7969,-1.2932,0.297,-0.95,0.48,0.29,-0.0,0.2947,0.0008,-0.0037,,0.839,,0.964,,3.6,-1.26,3.6,-0.98
60.295,SCAN_NAV_WAYPOINT,2.811,-1.2945,0.296,-0.75,0.34,0.52,-0.0,0.2893,-0.006,-0.0021,,0.839,,0.977,,3.6,-1.26,3.6,-0.98
60.347,SCAN_NAV_WAYPOINT,2.8223,-1.2956,0.297,-0.53,-0.01,0.65,-0.0,0.2762,-0.0092,-0.0021,2.759,0.862,,0.977,,3.6,-1.26,3.6,-0.98
60.403,SCAN_NAV_WAYPOINT,2.8329,-1.2978,0.297,-0.39,-0.43,0.64,-0.0,0.2628,-0.0112,0.0052,2.759,0.862,,1.003,,3.6,-1.26,3.6,-0.98
60.438,SCAN_NAV_WAYPOINT,2.8432,-1.2999,0.296,-0.29,-0.67,0.72,-0.0,0.25,-0.01,0.0076,,0.881,,1.003,,3.6,-1.26,3.6,-0.98
60.486,SCAN_NAV_WAYPOINT,2.8519,-1.3019,0.297,-0.26,-0.82,0.42,-0.0,0.2357,-0.0071,0.0021,,0.881,0.212,1.035,,3.6,-1.26,3.6,-0.98
60.516,SCAN_NAV_WAYPOINT,2.8596,-1.3033,0.298,-0.36,-0.81,0.29,-0.0,0.2224,-0.0025,0.0083,,0.898,0.212,1.035,,3.6,-1.26,3.6,-0.98
60.574,SCAN_NAV_WAYPOINT,2.8681,-1.3058,0.299,-0.62,-0.75,-0.16,-0.0,0.215,-0.0014,0.0058,,0.898,0.188,,,3.6,-1.26,3.6,-0.98
60.656,SCAN_NAV_WAYPOINT,2.8768,-1.3061,0.299,-1.0,-0.55,-0.93,-0.0,0.2152,0.0032,-0.0003,,0.912,0.188,,,3.6,-1.26,3.6,-0.98
60.691,SCAN_NAV_WAYPOINT,2.8828,-1.306,0.299,-1.34,0.02,-0.96,-0.0,0.2088,0.0049,-0.0019,,0.912,0.188,1.062,,3.6,-1.26,3.6,-0.98
60.741,SCAN_NAV_WAYPOINT,2.8914,-1.308,0.299,-1.74,-0.34,-1.09,-0.0,0.2123,0.0001,0.0033,,0.923,0.188,1.062,,3.6,-1.26,3.6,-0.98
60.773,SCAN_NAV_WAYPOINT,2.8983,-1.309,0.299,-2.09,-0.51,-1.66,-0.0,0.2131,0.0011,0.0162,,0.923,0.196,1.078,,3.6,-1.26,3.6,-0.98
60.829,SCAN_NAV_WAYPOINT,2.9075,-1.3105,0.299,-2.2,-0.53,-1.82,-0.0,0.2239,0.001,0.0109,,0.942,0.196,1.078,,3.6,-1.26,3.6,-0.98
60.916,SCAN_NAV_WAYPOINT,2.9142,-1.3115,0.3,-2.07,-0.84,-1.69,-0.0,0.2269,0.0031,0.0081,,0.942,0.201,,,3.6,-1.26,3.6,-0.98
60.92,SCAN_NAV_WAYPOINT,2.9219,-1.3127,0.303,-1.93,-0.84,-1.85,-0.0,0.232,0.0068,0.0098,,0.957,0.201,,,3.6,-1.26,3.6,-0.98
61.014,SCAN_NAV_WAYPOINT,2.9313,-1.3133,0.303,-1.77,-0.74,-1.97,-0.0,0.2416,0.01,0.0069,,0.957,0.201,1.194,,3.6,-1.26,3.6,-0.98
61.094,SCAN_NAV_WAYPOINT,2.94,-1.3134,0.302,-1.6,-0.85,-1.85,-0.0,0.2489,0.0149,0.005,,0.979,0.201,1.194,,3.6,-1.26,3.6,-0.98
61.169,SCAN_NAV_WAYPOINT,2.9486,-1.3136,0.302,-1.46,-0.82,-1.69,-0.0,0.2536,0.0188,0.0014,,0.979,0.201,1.386,,3.6,-1.26,3.6,-0.98
61.236,SCAN_NAV_WAYPOINT,2.9607,-1.3138,0.299,-1.36,-0.85,-1.71,-0.0,0.2655,0.0225,-0.0036,,0.992,0.201,1.386,,3.6,-1.26,3.6,-0.98
61.264,SCAN_NAV_WAYPOINT,2.9702,-1.3131,0.303,-1.26,-0.78,-1.92,-0.0,0.2708,0.0283,-0.0124,,0.992,0.201,1.54,,3.6,-1.26,3.6,-0.98
61.316,SCAN_NAV_WAYPOINT,2.9825,-1.311,0.299,-1.15,-0.51,-1.73,-0.0,0.2826,0.0352,-0.0076,,1.01,0.201,1.54,,3.6,-1.26,3.6,-0.98
61.362,SCAN_NAV_WAYPOINT,2.9945,-1.3094,0.302,-1.15,-0.64,-1.66,-0.0,0.2913,0.0396,-0.0184,,1.01,0.202,1.831,,3.6,-1.26,3.6,-0.98
61.388,SCAN_NAV_WAYPOINT,3.0079,-1.3077,0.292,-1.19,-0.25,-1.63,-0.0,0.3016,0.0424,-0.0117,,1.038,0.202,1.831,,3.6,-1.26,3.6,-0.98
61.432,SCAN_NAV_WAYPOINT,3.0201,-1.3053,0.25,-1.32,-0.25,-1.34,-0.0,0.3068,0.0455,-0.0302,,1.038,0.2,2.232,,3.6,-1.26,3.6,-0.98
61.445,SCAN_NAV_WAYPOINT,3.0314,-1.3038,0.201,-1.55,-0.09,-1.12,-0.0,0.3083,0.0466,-0.1011,,1.069,0.2,2.232,,3.6,-1.26,3.6,-0.98
61.465,SCAN_NAV_WAYPOINT,3.0378,-1.3026,0.186,-1.96,0.42,-0.98,-0.0,0.2984,0.0448,-0.1366,,1.069,0.194,,,3.6,-1.26,3.6,-0.98
61.523,SCAN_NAV_WAYPOINT,3.0409,-1.302,0.193,-2.17,0.95,-1.02,-0.0,0.2792,0.0346,-0.0738,2.27,1.099,0.194,,,3.6,-1.26,3.6,-0.98
61.618,SCAN_NAV_WAYPOINT,3.0492,-1.3009,0.207,-2.15,1.23,-1.08,-0.0,0.2748,0.022,-0.0045,2.27,1.099,0.192,2.333,,3.6,-1.26,3.6,-0.98
61.638,SCAN_NAV_WAYPOINT,3.0579,-1.3009,0.233,-1.95,1.32,-0.71,-0.0,0.2686,0.0047,0.0666,,1.126,0.192,2.333,,3.6,-1.26,3.6,-0.98
61.683,SCAN_NAV_WAYPOINT,3.0765,-1.303,0.252,-1.75,1.05,-0.72,-0.0,0.2876,-0.0122,0.1441,,1.126,0.191,2.516,,3.6,-1.26,3.6,-0.98
61.722,SCAN_NAV_WAYPOINT,3.0915,-1.3034,0.278,-1.52,0.82,-0.82,-0.0,0.2934,-0.0222,0.1798,2.278,1.167,0.191,2.516,,3.6,-1.26,3.6,-0.98
61.777,SCAN_NAV_WAYPOINT,3.1088,-1.3041,0.302,-1.32,0.51,-0.53,-0.0,0.3053,-0.0265,0.2201,2.278,1.167,0.194,2.549,,3.6,-1.26,3.6,-0.98
61.857,SCAN_NAV_WAYPOINT,3.1231,-1.3048,0.345,-1.05,0.08,-0.14,-0.0,0.3029,-0.029,0.2294,,1.193,0.194,2.549,,3.6,-1.26,3.6,-0.98
61.899,SCAN_NAV_WAYPOINT,3.1408,-1.3081,0.377,-0.83,0.11,0.01,-0.0,0.3103,-0.0319,0.2623,,1.193,0.197,2.582,,3.6,-1.26,3.6,-0.98
61.972,SCAN_NAV_WAYPOINT,3.1566,-1.3113,0.415,-0.49,0.23,-0.02,-0.0,0.3104,-0.035,0.2512,,1.221,0.197,2.582,,3.6,-1.26,3.6,-0.98
61.999,SCAN_NAV_WAYPOINT,3.1736,-1.3147,0.454,-0.04,-0.04,0.1,-0.0,0.3149,-0.0371,0.2377,,1.221,0.202,2.582,,3.6,-1.26,3.6,-0.98
62.022,SCAN_NAV_WAYPOINT,3.1896,-1.3197,0.477,0.42,-0.73,0.1,-0.0,0.3162,-0.0402,0.226,,1.251,0.202,2.582,,3.6,-1.26,3.6,-0.98
62.074,SCAN_NAV_WAYPOINT,3.2056,-1.3228,0.473,0.8,-0.98,0.07,-0.0,0.3172,-0.035,0.1722,,1.251,0.21,2.57,,3.6,-1.26,3.6,-0.98
62.13,SCAN_NAV_WAYPOINT,3.2216,-1.3255,0.458,1.11,-1.48,0.18,-0.0,0.3177,-0.0301,0.032,,1.285,0.21,2.57,,3.6,-1.26,3.6,-0.98
62.178,SCAN_NAV_WAYPOINT,3.2375,-1.3271,0.441,1.34,-1.67,0.28,-0.0,0.3161,-0.0211,-0.0924,,1.285,0.218,2.565,,3.6,-1.26,3.6,-0.98
62.216,SCAN_NAV_WAYPOINT,3.2559,-1.3274,0.41,1.55,-1.76,0.37,-0.0,0.3192,-0.0092,-0.1834,,1.313,0.218,2.565,,3.6,-1.26,3.6,-0.98
62.284,SCAN_NAV_WAYPOINT,3.2745,-1.3298,0.387,1.65,-1.73,0.5,-0.0,0.3219,-0.0032,-0.2686,,1.313,0.241,2.546,,3.6,-1.26,3.6,-0.98
62.315,SCAN_NAV_WAYPOINT,3.2895,-1.332,0.359,1.77,-1.61,0.89,-0.0,0.3122,0.0051,-0.2887,,1.343,0.241,2.546,,3.6,-1.26,3.6,-0.98
62.388,SCAN_NAV_WAYPOINT,3.3041,-1.3324,0.339,2.09,-1.45,1.03,-0.0,0.3006,0.0148,-0.321,,1.343,0.263,2.529,,3.6,-1.26,3.6,-0.98
62.448,SCAN_NAV_WAYPOINT,3.3161,-1.334,0.313,2.52,-1.31,1.09,-0.0,0.2834,0.0226,-0.296,,1.366,0.263,2.529,,3.6,-1.26,3.6,-0.98
62.481,SCAN_NAV_WAYPOINT,3.3282,-1.3392,0.293,3.0,-1.14,0.66,-0.0,0.2704,0.0206,-0.2981,,1.366,,2.52,,3.6,-1.26,3.6,-0.98
62.535,SCAN_NAV_WAYPOINT,3.3388,-1.3414,0.265,3.47,-1.26,0.01,-0.0,0.2601,0.0264,-0.2539,,1.39,,2.52,,3.6,-1.26,3.6,-0.98
62.571,SCAN_NAV_WAYPOINT,3.3516,-1.3444,0.273,3.8,-1.51,-0.57,-0.0,0.2624,0.0311,-0.2422,,1.39,,2.529,,3.6,-1.26,3.6,-0.98
62.64,SCAN_NAV_WAYPOINT,3.3636,-1.3456,0.263,4.05,-1.7,-0.84,-0.0,0.2657,0.0425,-0.1276,,1.421,,2.529,,3.6,-1.26,3.6,-0.98
62.712,SCAN_NAV_WAYPOINT,3.3756,-1.3499,0.261,4.33,-1.55,-0.91,-0.0,0.2701,0.0449,-0.1033,,1.421,,2.529,,3.6,-1.26,3.6,-0.98
62.753,SCAN_NAV_WAYPOINT,3.3891,-1.3508,0.26,4.41,-1.66,-0.76,-0.0,0.2771,0.0533,-0.0594,,1.451,,2.529,,3.6,-1.26,3.6,-0.98
62.781,SCAN_NAV_WAYPOINT,3.403,-1.3519,0.261,4.46,-1.63,-0.63,-0.0,0.282,0.0603,-0.0229,,1.451,,2.529,,3.6,-1.26,3.6,-0.98
62.858,SCAN_NAV_WAYPOINT,3.4192,-1.3521,0.261,4.42,-1.47,-0.43,-0.0,0.2904,0.0661,0.0007,,1.479,,2.529,,3.6,-1.26,3.6,-0.98
62.9,SCAN_NAV_WAYPOINT,3.4328,-1.3505,0.258,4.12,-1.46,-0.32,-0.0,0.2907,0.0749,0.0161,,1.479,,2.546,,3.6,-1.26,3.6,-0.98
62.949,SCAN_NAV_WAYPOINT,3.4465,-1.3489,0.247,3.62,-1.5,-0.44,-0.0,0.2914,0.0828,0.0175,,1.499,,2.546,,3.6,-1.26,3.6,-0.98
63.001,SCAN_NAV_WAYPOINT,3.4584,-1.3483,0.269,3.01,-1.46,-0.28,-0.0,0.2884,0.0889,0.006,,1.499,,2.537,,3.6,-1.26,3.6,-0.98
63.018,SCAN_NAV_WAYPOINT,3.4737,-1.3455,0.269,2.38,-1.35,-0.01,-0.0,0.2908,0.097,0.0725,,1.525,,2.537,,3.6,-1.26,3.6,-0.98
63.084,SCAN_NAV_WAYPOINT,3.489,-1.3424,0.274,1.8,-1.04,0.05,-0.0,0.2919,0.102,0.0669,,1.525,,2.534,,3.6,-1.26,3.6,-0.98
63.116,SCAN_NAV_WAYPOINT,3.5027,-1.3388,0.281,1.36,-1.0,0.13,-0.0,0.289,0.1065,0.0607,,1.549,,2.534,,3.6,-1.26,3.6,-0.98
63.183,SCAN_NAV_WAYPOINT,3.5178,-1.3347,0.281,1.0,-0.87,0.12,-0.0,0.2895,0.1109,0.0723,,1.549,,2.539,,3.6,-1.26,3.6,-0.98
63.275,SCAN_NAV_WAYPOINT,3.5309,-1.3319,0.283,0.71,-1.12,0.42,-0.0,0.2844,0.1121,0.0567,,1.585,,2.539,,3.6,-1.26,3.6,-0.98
63.302,SCAN_NAV_WAYPOINT,3.5434,-1.3277,0.284,0.53,-1.39,0.44,-0.0,0.2765,0.1194,0.048,,1.585,,2.55,,3.6,-1.26,3.6,-0.98
63.371,SCAN_NAV_WAYPOINT,3.5565,-1.325,0.285,0.5,-1.59,0.53,-0.0,0.2704,0.1237,0.0367,,1.616,,2.55,,3.6,-1.26,3.6,-0.98
63.439,SCAN_NAV_WAYPOINT,3.5721,-1.319,0.283,0.66,-1.84,0.6,-0.0,0.2714,0.1354,0.0265,,1.616,,2.569,,3.6,-1.26,3.6,-0.98
63.485,SCAN_NAV_WAYPOINT,3.5862,-1.3127,0.287,0.79,-2.05,0.57,-0.0,0.2677,0.1498,0.0176,,1.636,,2.569,,3.6,-1.26,3.6,-0.98
63.554,SCAN_NAV_WAYPOINT,3.5986,-1.3066,0.288,1.01,-1.95,0.53,-0.0,0.2611,0.1628,0.0168,,1.636,,2.566,,3.6,-1.26,3.6,-0.98
63.588,SCAN_NAV_WAYPOINT,3.6122,-1.2995,0.285,1.3,-1.7,0.94,-0.0,0.2572,0.1756,0.0153,,1.666,,2.566,,3.6,-1.26,3.6,-0.98
63.606,SCAN_NAV_WAYPOINT,3.6241,-1.2929,0.285,1.7,-1.19,1.4,-0.0,0.2454,0.1823,0.0029,,1.666,,2.588,,3.6,-1.26,3.6,-0.98
63.67,SCAN_NAV_WAYPOINT,3.635,-1.2858,0.287,2.1,-1.09,1.78,-0.0,0.2287,0.1871,0.0092,,1.688,,2.588,,3.6,-1.26,3.6,-0.98
63.695,SCAN_NAV_WAYPOINT,3.6473,-1.2764,0.29,2.55,-1.05,2.07,-0.0,0.2154,0.1949,0.0124,,1.688,,2.61,,3.6,-1.26,3.6,-0.98
63.742,SCAN_NAV_WAYPOINT,3.6576,-1.2681,0.291,2.82,-0.87,2.19,-0.0,0.197,0.1993,0.0194,,1.707,,2.61,,3.6,-1.26,3.6,-0.98
63.813,SCAN_NAV_WAYPOINT,3.668,-1.2592,0.287,3.02,-0.43,3.25,-0.0,0.1782,0.202,0.0208,,1.707,,2.619,,3.6,-1.26,3.6,-0.98
63.847,SCAN_NAV_WAYPOINT,3.6765,-1.2519,0.292,3.04,0.12,4.27,-0.0,0.1476,0.1966,0.0116,,1.725,,2.619,,3.6,-1.26,3.6,-0.98
63.869,SCAN_NAV_WAYPOINT,3.6826,-1.2434,0.293,2.86,0.58,4.79,-0.0,0.108,0.1903,0.0232,,1.725,,2.638,,3.6,-1.26,3.6,-0.98
63.951,SCAN_NAV_WAYPOINT,3.6877,-1.2328,0.294,2.62,1.17,5.19,-0.0,0.0672,0.1831,0.0231,,1.74,,2.638,,3.6,-1.26,3.6,-0.98
63.97,SCAN_NAV_WAYPOINT,3.6894,-1.2255,0.297,2.26,1.75,5.24,-0.0,0.0222,0.1669,0.0217,,1.74,,2.646,,3.6,-1.26,3.6,-0.98
64.05,SCAN_NAV_WAYPOINT,3.6896,-1.2206,0.295,1.71,2.09,5.4,-0.0,-0.0215,0.1452,0.0228,,1.732,,2.646,,3.6,-1.26,3.6,-0.98
64.134,SCAN_NAV_WAYPOINT,3.6874,-1.2153,0.299,1.16,2.56,5.17,-0.0,-0.0659,0.1228,0.0189,,1.732,,2.664,,3.6,-1.26,3.6,-0.98
64.152,SCAN_NAV_WAYPOINT,3.6827,-1.2102,0.299,0.65,2.91,5.24,-0.0,-0.1111,0.098,0.0243,,1.699,,2.664,,3.6,-1.26,3.6,-0.98
64.22,SCAN_NAV_WAYPOINT,3.677,-1.2075,0.299,0.29,3.15,4.67,-0.0,-0.1509,0.0713,0.0201,,1.699,,,,3.6,-1.26,3.6,-0.98
64.293,SCAN_NAV_WAYPOINT,3.6672,-1.2019,0.299,0.35,3.57,4.09,-0.0,-0.192,0.0449,0.0082,,1.66,,,,3.6,-1.26,3.6,-0.98
64.386,SCAN_NAV_WAYPOINT,3.6572,-1.2006,0.296,0.57,3.41,3.27,-0.0,-0.2233,0.0144,0.0049,,1.66,,2.647,,3.6,-1.26,3.6,-0.98
64.42,SCAN_NAV_WAYPOINT,3.6469,-1.2005,0.299,1.09,3.1,2.6,-0.0,-0.2448,-0.0131,-0.0018,,1.687,,2.647,,3.6,-1.26,3.6,-0.98
64.455,SCAN_NAV_WAYPOINT,3.6345,-1.2047,0.301,1.64,3.14,1.87,-0.0,-0.2627,-0.0436,0.0085,,1.687,,2.642,,3.6,-1.26,3.6,-0.98
64.498,SCAN_NAV_WAYPOINT,3.622,-1.2092,0.301,2.2,2.96,0.91,-0.0,-0.2716,-0.0708,0.0078,,1.683,,2.642,,3.6,-1.26,3.6,-0.98
64.545,SCAN_NAV_WAYPOINT,3.6097,-1.2166,0.298,2.72,2.82,0.04,-0.0,-0.2703,-0.0976,-0.0016,,1.683,,2.663,,3.6,-1.26,3.6,-0.98
64.56,SCAN_NAV_WAYPOINT,3.5969,-1.2243,0.299,3.21,2.49,-0.67,-0.0,-0.2654,-0.1234,-0.0077,,1.656,,2.663,,3.6,-1.26,3.6,-0.98
64.658,SCAN_NAV_WAYPOINT,3.586,-1.2335,0.3,3.66,2.15,-1.16,-0.0,-0.2508,-0.1447,0.001,,1.656,,,,3.6,-0.98,3.6,-0.98
64.695,SCAN_NAV_WAYPOINT,3.5767,-1.2433,0.3,4.14,1.85,-1.49,-0.0,-0.2299,-0.1598,0.0085,,1.638,,,,3.6,-0.98,3.6,-0.98
64.756,SCAN_NAV_WAYPOINT,3.5679,-1.2535,0.3,4.69,1.39,-1.78,-0.0,-0.2082,-0.1731,0.0186,,1.638,,2.664,,3.6,-0.98,3.6,-0.98
64.805,SCAN_NAV_WAYPOINT,3.56,-1.2631,0.306,5.15,0.57,-2.15,-0.0,-0.1853,-0.1812,0.0235,,1.62,,2.664,,3.6,-0.98,3.6,-0.98
64.819,SCAN_NAV_WAYPOINT,3.5541,-1.2758,0.303,5.37,-0.01,-2.4,-0.0,-0.1579,-0.186,0.0322,,1.62,1.889,2.623,,3.6,-0.98,3.6,-0.98
64.828,SCAN_NAV_WAYPOINT,3.5489,-1.2854,0.308,5.2,-3.22,-3.13,-0.0,-0.1236,-0.1649,0.0182,,1.606,1.889,2.623,,3.6,-0.98,3.6,-0.98
64.893,SCAN_NAV_WAYPOINT,3.5446,-1.294,0.31,4.91,-5.75,-3.87,-0.0,-0.1008,-0.1352,0.0239,,1.606,,2.627,,3.6,-0.98,3.6,-0.98
64.966,SCAN_NAV_WAYPOINT,3.5425,-1.2993,0.314,4.72,-6.76,-3.71,-0.0,-0.0682,-0.0801,0.0141,,1.601,,2.627,,3.6,-0.98,3.6,-0.98
64.998,SCAN_NAV_WAYPOINT,3.5417,-1.3006,0.315,4.58,-7.35,-3.71,-0.0,-0.0311,-0.0026,-0.0002,,1.601,,2.636,,3.6,-0.98,3.6,-0.98
65.063,SCAN_NAV_WAYPOINT,3.5424,-1.2984,0.313,4.52,-7.37,-3.29,-0.0,-0.0085,0.0501,-0.0033,,1.603,,2.636,,3.6,-0.98,3.6,-0.98
65.092,SCAN_NAV_WAYPOINT,3.5432,-1.2928,0.307,4.35,-6.94,-2.92,-0.0,0.0218,0.134,-0.0192,,1.603,,2.644,,3.6,-0.98,3.6,-0.98
65.173,SCAN_NAV_WAYPOINT,3.5459,-1.2839,0.302,4.19,-6.43,-2.38,-0.0,0.0381,0.1851,-0.0357,,1.6,,2.644,,3.6,-0.98,3.6,-0.98
65.237,SCAN_NAV_WAYPOINT,3.5488,-1.2735,0.3,4.15,-5.63,-1.95,-0.0,0.0556,0.2476,-0.0329,,1.6,,2.636,,3.6,-0.98,3.6,-0.98
65.29,SCAN_NAV_WAYPOINT,3.5527,-1.259,0.299,3.93,-4.47,-1.29,-0.0,0.0688,0.2893,-0.037,,1.61,,2.636,,3.6,-0.98,3.6,-0.98
65.35,SCAN_NAV_WAYPOINT,3.5552,-1.2447,0.3,3.53,-3.31,-0.61,-0.0,0.0747,0.3368,-0.0271,,1.61,,2.668,,3.6,-0.98,3.6,-0.98
65.402,SCAN_NAV_WAYPOINT,3.5587,-1.2267,0.299,3.08,-2.43,-0.34,-0.0,0.0757,0.3568,-0.0128,,1.629,,2.668,,3.6,-0.98,3.6,-0.98
65.459,SCAN_NAV_WAYPOINT,3.5616,-1.2094,0.294,2.65,-1.18,0.02,-0.0,0.0746,0.3725,-0.0106,,1.629,1.909,2.679,,3.6,-0.98,3.6,-0.98
65.489,SCAN_NAV_WAYPOINT,3.565,-1.1922,0.298,2.26,-0.07,0.37,-0.0,0.0718,0.3729,-0.0169,,1.604,1.909,2.679,,3.6,-0.98,3.6,-0.98
65.516,SCAN_NAV_WAYPOINT,3.5684,-1.1745,0.298,1.85,0.89,0.23,-0.0,0.0688,0.3662,-0.0035,,1.604,,2.701,,3.6,-0.98,3.6,-0.98
65.585,SCAN_NAV_WAYPOINT,3.5716,-1.1581,0.297,1.53,1.45,-0.0,-0.0,0.0669,0.3504,-0.0056,,,,2.701,,3.6,-0.98,3.6,-0.98
65.613,SCAN_NAV_WAYPOINT,3.5739,-1.1428,0.301,1.2,1.82,-0.05,-0.0,0.0649,0.3295,-0.0135,,,1.83,,,3.6,-0.98,3.6,-0.98
65.623,SCAN_NAV_WAYPOINT,3.5758,-1.1279,0.3,0.92,1.75,0.02,-0.0,0.062,0.3121,-0.0016,,0.314,1.83,,,3.6,-0.98,3.6,-0.98
65.686,SCAN_NAV_WAYPOINT,3.5778,-1.1149,0.299,0.71,1.47,0.05,-0.0,0.0592,0.2911,-0.0021,,0.314,,2.758,,3.6,-0.98,3.6,-0.98
65.772,SCAN_NAV_WAYPOINT,3.5796,-1.1029,0.295,0.5,0.99,0.22,-0.0,0.055,0.2715,-0.007,,0.286,,2.758,,3.6,-0.98,3.6,-0.98
65.813,SCAN_NAV_WAYPOINT,3.5809,-1.091,0.301,0.28,0.7,0.16,-0.0,0.0506,0.2598,-0.0115,,0.286,1.765,,,3.6,-0.98,3.6,-0.98
65.818,SCAN_NAV_WAYPOINT,3.5828,-1.0804,0.298,0.06,0.29,0.26,-0.0,0.0457,0.2483,0.0046,,0.287,1.765,,,3.6,-0.98,3.6,-0.98
65.907,SCAN_NAV_WAYPOINT,3.5836,-1.0702,0.299,-0.16,-0.14,0.11,-0.0,0.0413,0.2415,-0.0012,,0.287,,2.827,,3.6,-0.98,3.6,-0.98
65.94,SCAN_NAV_WAYPOINT,3.5844,-1.0586,0.299,-0.29,-0.52,0.1,-0.0,0.0374,0.242,0.0008,,0.299,,2.827,,3.6,-0.98,3.6,-0.98
66.006,SCAN_NAV_WAYPOINT,3.585,-1.0489,0.296,-0.28,-0.78,0.23,-0.0,0.0333,0.2406,0.0029,,0.299,,,,3.6,-0.98,3.6,-0.98
66.019,SCAN_NAV_WAYPOINT,3.5858,-1.0387,0.298,-0.17,-1.03,0.15,-0.0,0.0294,0.2428,-0.0023,,0.299,,,,3.6,-0.98,3.6,-0.98
66.09,SCAN_NAV_WAYPOINT,3.586,-1.0286,0.299,-0.06,-0.81,0.09,-0.0,0.0255,0.2451,0.0045,,0.299,,2.857,,3.6,-0.98,3.6,-0.98
66.158,SCAN_NAV_WAYPOINT,3.587,-1.0186,0.299,0.01,-0.48,-0.05,-0.0,0.0243,0.244,0.0066,,0.304,,2.857,,3.6,-0.98,3.6,-0.98
66.206,SCAN_NAV_WAYPOINT,3.5871,-1.0077,0.298,0.01,0.07,-0.19,-0.0,0.0223,0.2425,0.0021,,0.304,,2.859,,3.6,-0.98,3.6,-0.98
66.223,SCAN_NAV_WAYPOINT,3.5868,-0.9983,0.298,-0.08,0.68,-0.27,-0.0,0.0207,0.233,0.001,,0.302,,2.859,,3.6,-0.98,3.6,-0.98
66.3,ROTATION_SCAN,3.5866,-0.9895,0.297,-0.13,1.27,-0.29,-0.0,0.0195,0.2174,-0.0015,,0.302,,2.873,,,,3.6,-0.98
66.339,ROTATION_SCAN,3.5863,-0.9803,0.293,-0.27,1.72,-0.34,-0.0,0.0186,0.2007,-0.0068,,0.3,,2.873,,,,3.6,-0.98
66.411,ROTATION_SCAN,3.585,-0.9721,0.296,-0.36,1.81,-0.21,-0.0,0.0153,0.1804,-0.0145,,0.3,1.646,2.874,,,,3.6,-0.98
66.463,ROTATION_SCAN,3.5844,-0.9664,0.294,-0.35,2.42,-0.08,15.0,0.0128,0.1542,0.0026,,0.3,1.646,2.874,,,,3.6,-0.98
66.47,ROTATION_SCAN,3.5839,-0.9601,0.298,-0.31,2.97,0.15,15.0,0.0095,0.1279,-0.005,,0.3,1.636,,,,,3.6,-0.98
66.553,ROTATION_SCAN,3.5833,-0.9554,0.298,-0.18,3.09,0.23,15.0,0.0052,0.0981,0.0043,,0.299,1.636,,,,,3.6,-0.98
66.611,ROTATION_SCAN,3.5801,-0.9519,0.299,0.13,2.98,0.2,15.0,-0.0056,0.0659,0.0042,,0.299,1.629,,,,,3.6,-0.98
66.672,ROTATION_SCAN,3.5777,-0.9512,0.299,0.52,2.55,0.01,15.0,-0.0118,0.0342,0.0054,,0.292,1.629,,,,,3.6,-0.98
66.722,ROTATION_SCAN,3.5749,-0.952,0.296,0.98,2.25,-0.18,15.0,-0.0166,0.006,0.0056,,0.292,1.634,,,,,3.6,-0.98
66.77,ROTATION_SCAN,3.5717,-0.954,0.298,1.45,1.82,-0.28,15.0,-0.0202,-0.0199,-0.0053,,0.289,1.634,,,,,3.6,-0.98
66.826,ROTATION_SCAN,3.5692,-0.9575,0.297,2.01,1.37,-0.26,15.0,-0.0213,-0.041,0.0017,,0.289,1.638,,,,,3.6,-0.98
66.874,ROTATION_SCAN,3.5666,-0.9595,0.298,2.6,0.97,-0.42,15.0,-0.0223,-0.0527,-0.0015,,0.28,1.638,,,,,3.6,-0.98
66.889,ROTATION_SCAN,3.5636,-0.9619,0.298,3.29,0.6,-0.42,15.0,-0.0232,-0.0606,0.001,,0.28,1.646,,,,,3.6,-0.98
66.973,ROTATION_SCAN,3.5614,-0.9655,0.298,3.95,0.3,-0.64,15.0,-0.0214,-0.0668,0.0003,,0.275,1.646,,,,,3.6,-0.98
66.993,ROTATION_SCAN,3.5593,-0.9694,0.298,4.61,-0.05,-0.74,15.0,-0.0183,-0.0701,0.0014,,0.275,1.628,,,,,3.6,-0.98
67.06,ROTATION_SCAN,3.5566,-0.9731,0.297,5.3,-0.31,-0.86,15.0,-0.0164,-0.0705,-0.0012,,0.273,1.628,,,,,3.6,-0.98
67.107,ROTATION_SCAN,3.5544,-0.977,0.297,5.98,-0.48,-0.93,15.0,-0.0134,-0.0687,-0.0029,,0.273,,2.896,,,,3.6,-0.98
67.121,ROTATION_SCAN,3.5523,-0.979,0.296,6.71,-0.66,-1.1,15.0,-0.0096,-0.0607,-0.0005,,0.269,,2.896,,,,3.6,-0.98
67.199,ROTATION_SCAN,3.5516,-0.9825,0.296,7.45,-0.77,-1.21,15.0,-0.0019,-0.0554,-0.0035,,0.269,1.667,2.863,,,,3.6,-0.98
67.238,ROTATION_SCAN,3.5498,-0.9841,0.297,8.27,-0.9,-1.27,15.0,0.0028,-0.045,-0.0038,,0.268,1.667,2.863,,,,3.6,-0.98
67.286,ROTATION_SCAN,3.5499,-0.9868,0.298,9.17,-0.7,-1.19,15.0,0.0116,-0.0375,-0.0025,,0.268,,2.899,,,,3.6,-0.98
67.352,ROTATION_SCAN,3.5471,-0.9884,0.296,10.12,-0.64,-1.03,15.0,0.0114,-0.0301,-0.0045,,0.262,,2.899,,,,3.6,-0.98
67.37,ROTATION_SCAN,3.5473,-0.9887,0.296,10.97,-0.56,-0.85,15.0,0.0167,-0.0204,-0.0087,,0.262,,2.913,,,,3.6,-0.98
67.445,ROTATION_SCAN,3.5455,-0.9884,0.299,11.86,-0.49,-0.87,15.0,0.0163,-0.0109,-0.008,,0.26,,2.913,,,,3.6,-0.98
67.496,ROTATION_SCAN,3.5462,-0.9883,0.296,12.81,-0.53,-1.15,15.0,0.0227,-0.0031,0.0004,,0.26,,2.922,,,,3.6,-0.98
67.546,ROTATION_SCAN,3.5453,-0.9875,0.3,13.79,-0.44,-1.35,15.0,0.0266,0.0064,-0.0064,,0.257,,2.922,,,,3.6,-0.98
67.571,ROTATION_SCAN,3.5493,-0.993,0.295,14.86,-0.27,-1.31,15.0,0.0427,-0.0051,0.0036,,0.257,,2.928,,,,3.6,-0.98
67.628,ROTATION_SCAN,3.5479,-0.9869,0.294,15.85,-0.15,-1.35,15.0,0.0441,0.0175,-0.0089,,0.259,,2.928,,,,3.6,-0.98
67.688,ROTATION_SCAN,3.5551,-0.9942,0.293,16.94,0.03,-0.94,15.0,0.0646,-0.0014,-0.0062,,0.259,,,,,,3.6,-0.98
67.735,ROTATION_SCAN,3.554,-0.9933,0.294,17.95,-0.18,-0.64,15.0,0.0607,0.0047,-0.0045,,0.262,,,,,,3.6,-0.98
67.821,ROTATION_SCAN,3.5554,-0.9903,0.294,18.95,-0.49,-0.5,15.0,0.0611,0.0165,0.0018,,0.262,,,,,,3.6,-0.98
67.837,ROTATION_SCAN,3.547,-0.994,0.298,19.92,-0.5,-0.4,15.0,0.037,0.014,0.0038,,0.267,,,,,,3.6,-0.98
67.888,ROTATION_SCAN,3.5511,-1.0124,0.301,20.94,-0.29,-0.39,15.0,0.0442,-0.0301,0.0118,,0.267,,,,,,3.6,-0.98
67.915,ROTATION_SCAN,3.5543,-1.0117,0.296,21.76,-0.53,-0.71,15.0,0.0489,-0.021,0.0166,,0.274,,,,,,3.6,-0.98
67.972,ROTATION_SCAN,3.5574,-1.0061,0.296,22.47,-0.85,-0.76,15.0,0.0545,0.0018,0.0041,,0.274,,3.046,,,,3.6,-0.98
68.053,ROTATION_SCAN,3.561,-1.0021,0.297,23.07,-1.12,-0.69,15.0,0.0585,0.0206,0.0049,,0.282,,3.046,,,,3.6,-0.98
68.064,ROTATION_SCAN,3.5646,-0.996,0.299,23.72,-1.03,-0.62,15.0,0.0615,0.0423,0.0061,,0.282,,,,,,3.6,-0.98
68.14,ROTATION_SCAN,3.5678,-0.9896,0.299,24.33,-0.63,-0.42,15.0,0.0627,0.06,0.0077,,0.286,,,,,,3.6,-0.98
68.253,ROTATION_SCAN,3.5701,-0.9812,0.299,24.99,-0.06,-0.09,15.0,0.0617,0.0764,0.0066,,0.286,,3.083,,,,3.6,-0.98
68.309,ROTATION_SCAN,3.5709,-0.9753,0.301,25.62,0.42,0.31,15.0,0.0565,0.0807,0.0056,,0.298,,3.083,,,,3.6,-0.98
68.369,ROTATION_SCAN,3.5745,-0.9694,0.299,26.24,0.75,0.47,15.0,0.0577,0.079,0.0056,,0.298,,,,,,3.6,-0.98
68.387,ROTATION_SCAN,3.5768,-0.9641,0.3,26.9,0.79,0.79,15.0,0.0548,0.0741,-0.0035,,0.303,,,,,,3.6,-0.98
68.464,ROTATION_SCAN,3.5808,-0.9599,0.301,27.61,1.02,0.97,15.0,0.0544,0.0651,0.0027,,0.303,,,,,,3.6,-0.98
68.488,ROTATION_SCAN,3.5845,-0.9539,0.3,28.32,1.07,1.34,15.0,0.053,0.0594,0.0047,2.709,0.312,,,,,,3.6,-0.98
68.536,ROTATION_SCAN,3.5864,-0.9518,0.3,29.13,1.1,1.59,15.0,0.0449,0.044,0.0022,2.709,0.312,,,,,,3.6,-0.98
68.543,ROTATION_SCAN,3.5879,-0.9484,0.303,30.03,0.92,1.51,15.0,0.0362,0.0326,0.0036,,0.323,,,,,,3.6,-0.98
68.57,ROTATION_SCAN,3.5918,-0.947,0.302,31.07,0.73,1.48,15.0,0.0344,0.021,0.0103,,0.323,,,,,,3.6,-0.98
68.614,ROTATION_SCAN,3.5938,-0.947,0.305,32.24,0.84,1.65,15.0,0.0274,0.0074,0.0056,,0.345,,,,,,3.6,-0.98
68.712,ROTATION_SCAN,3.5951,-0.946,0.301,33.65,0.88,1.68,15.0,0.02,-0.0048,0.0092,,0.345,,,,,,3.6,-0.98
68.717,ROTATION_SCAN,3.5966,-0.9474,0.3,35.02,0.65,1.53,15.0,0.0139,-0.0195,-0.0024,2.299,0.423,,,,,,3.6,-0.98
68.792,ROTATION_SCAN,3.5974,-0.9505,0.299,36.2,0.52,1.27,15.0,0.0078,-0.0342,-0.0052,2.299,0.423,,,,,,3.6,-0.98
68.828,ROTATION_SCAN,3.5974,-0.9492,0.302,37.2,0.31,0.83,15.0,0.002,-0.0365,-0.0034,,1.903,,,,,,3.6,-0.98
68.878,ROTATION_SCAN,3.5972,-0.9554,0.3,37.9,0.17,0.68,15.0,-0.0022,-0.0505,0.0023,,1.903,,,,,,3.6,-0.98
68.922,ROTATION_SCAN,3.5964,-0.9543,0.302,38.52,0.18,0.45,15.0,-0.0067,-0.0477,-0.0021,,,,,,,,3.6,-0.98
68.968,ROTATION_SCAN,3.5991,-0.9613,0.3,39.06,0.26,0.3,15.0,-0.001,-0.0587,0.0035,,,,,,,,3.6,-0.98
69.02,ROTATION_SCAN,3.5994,-0.9664,0.3,39.52,0.1,0.06,15.0,-0.0005,-0.065,-0.0022,,,,,,,,3.6,-0.98
69.073,ROTATION_SCAN,3.6007,-0.9732,0.302,39.9,-0.13,0.04,15.0,0.0025,-0.0718,-0.0038,,,,,,,,3.6,-0.98
69.158,ROTATION_SCAN,3.6027,-0.9781,0.302,40.23,-0.15,0.02,15.0,0.0058,-0.073,0.0018,,,,,,,,3.6,-0.98
69.211,ROTATION_SCAN,3.6039,-0.981,0.303,40.64,-0.45,-0.02,15.0,0.0064,-0.0699,-0.001,,,,,,,,3.6,-0.98
69.268,ROTATION_SCAN,3.6061,-0.9839,0.303,41.14,-0.65,-0.08,15.0,0.008,-0.0644,0.0023,,,,,,,,3.6,-0.98
69.333,ROTATION_SCAN,3.6076,-0.986,0.302,41.69,-0.75,0.01,15.0,0.0073,-0.0578,-0.0006,,,,,,,,3.6,-0.98
69.404,ROTATION_SCAN,3.6106,-0.9885,0.299,42.37,-0.88,0.1,15.0,0.0084,-0.0522,-0.0057,,,,,,,,3.6,-0.98
69.419,ROTATION_SCAN,3.6129,-0.9919,0.302,43.07,-1.02,0.17,15.0,0.0066,-0.049,-0.0133,,,,,,,,3.6,-0.98
69.459,ROTATION_SCAN,3.6137,-0.9942,0.3,43.84,-1.04,0.15,15.0,0.001,-0.0433,-0.0035,,,,,,,,3.6,-0.98
69.507,ROTATION_SCAN,3.6115,-0.9959,0.304,44.55,-1.16,0.06,15.0,-0.0108,-0.0367,-0.01,,,,,,,,3.6,-0.98
69.534,ROTATION_SCAN,3.612,-0.9975,0.3,45.24,-1.06,-0.04,15.0,-0.0149,-0.03,-0.0015,,,,,,,,3.6,-0.98
69.594,ROTATION_SCAN,3.6088,-0.9965,0.301,45.87,-1.08,-0.08,15.0,-0.0261,-0.0187,-0.0088,,,,,,,,3.6,-0.98
69.631,ROTATION_SCAN,3.6071,-0.9947,0.299,46.52,-1.0,-0.16,15.0,-0.0325,-0.0073,-0.0077,,,,,,,,3.6,-0.98
69.731,ROTATION_SCAN,3.6066,-0.9941,0.298,47.24,-0.87,-0.28,15.0,-0.0345,0.0009,-0.0103,,,0.45,,,,,3.6,-0.98
69.757,ROTATION_SCAN,3.6079,-0.9931,0.299,47.98,-0.56,-0.23,15.0,-0.0313,0.0077,-0.0107,,,0.45,,,,,3.6,-0.98
69.771,ROTATION_SCAN,3.5989,-0.9898,0.298,48.76,-0.45,-0.15,15.0,-0.0484,0.0183,-0.0046,,,0.425,,,,,3.6,-0.98
69.839,ROTATION_SCAN,3.5963,-0.988,0.3,49.62,-0.13,-0.1,15.0,-0.0499,0.0221,-0.0049,,,0.425,,,,,3.6,-0.98
69.919,ROTATION_SCAN,3.5969,-0.986,0.295,50.53,0.18,0.06,15.0,-0.0437,0.0235,-0.0004,,,0.4,,,,,3.6,-0.98
69.957,ROTATION_SCAN,3.5946,-0.9841,0.299,51.36,0.17,0.07,15.0,-0.043,0.0234,-0.0078,,1.632,0.4,,,,,3.6,-0.98
69.965,ROTATION_SCAN,3.5948,-0.9801,0.299,52.18,0.34,-0.03,15.0,-0.0369,0.0269,0.0065,,1.632,0.387,,,,,3.6,-0.98
70.066,ROTATION_SCAN,3.5931,-0.9788,0.299,52.99,0.5,-0.02,15.0,-0.034,0.0251,0.0034,,1.634,0.387,,,,,3.6,-0.98
70.13,ROTATION_SCAN,3.5927,-0.9769,0.297,53.78,0.45,-0.08,15.0,-0.0281,0.0238,0.0033,,1.634,0.375,,,,,3.6,-0.98
70.176,ROTATION_SCAN,3.5929,-0.9753,0.296,54.55,0.47,-0.13,15.0,-0.0213,0.0226,-0.0008,,1.618,0.375,,,,,3.6,-0.98
70.244,ROTATION_SCAN,3.5939,-0.9756,0.297,55.32,0.45,-0.04,15.0,-0.0136,0.0182,-0.0013,,1.618,0.37,,,,,3.6,-0.98
70.263,ROTATION_SCAN,3.5963,-0.9768,0.297,56.14,0.45,0.08,15.0,-0.0047,0.0114,0.0043,,1.631,0.37,,,,,3.6,-0.98
70.326,ROTATION_SCAN,3.6029,-0.9777,0.299,56.88,0.53,0.03,15.0,0.0129,0.0046,0.0034,,1.631,0.365,,,,,3.6,-0.98
70.372,ROTATION_SCAN,3.607,-0.9719,0.3,57.52,0.36,0.11,15.0,0.022,0.0146,0.0066,,1.629,0.365,,,,,3.6,-0.98
70.387,ROTATION_SCAN,3.613,-0.9726,0.299,58.14,0.23,0.32,15.0,0.0329,0.0089,0.0074,,1.629,0.365,,,,,3.6,-0.98
70.462,ROTATION_SCAN,3.6162,-0.9736,0.301,58.73,-0.0,0.64,15.0,0.0351,0.0023,0.0028,,1.631,0.365,,,,,3.6,-0.98
70.487,ROTATION_SCAN,3.6213,-0.9753,0.299,59.39,-0.23,0.66,15.0,0.0382,-0.0058,0.0083,,1.631,0.369,,,,,3.6,-0.98
70.567,ROTATION_SCAN,3.624,-0.976,0.298,60.0,-0.51,0.65,15.0,0.0348,-0.0095,0.0004,,1.648,0.369,,,,,3.6,-0.98
70.591,ROTATION_SCAN,3.628,-0.9782,0.3,60.73,-0.75,0.76,15.0,0.0322,-0.0156,-0.0005,,1.648,0.369,,,,,3.6,-0.98
70.615,ROTATION_SCAN,3.6292,-0.9808,0.302,61.56,-0.96,1.01,15.0,0.0221,-0.0217,0.0042,,1.642,0.369,,,,,3.6,-0.98
70.686,ROTATION_SCAN,3.6304,-0.9811,0.302,62.4,-1.32,1.01,15.0,0.0103,-0.0236,0.0058,,1.642,0.362,,,,,3.6,-0.98
70.769,ROTATION_SCAN,3.6309,-0.9845,0.3,63.26,-1.38,0.69,15.0,-0.0029,-0.0291,0.003,,1.667,0.362,,,,,3.6,-0.98
70.796,ROTATION_SCAN,3.6295,-0.9836,0.301,64.16,-1.4,0.69,15.0,-0.0183,-0.0247,0.0019,,1.667,0.363,,,,,3.6,-0.98
70.871,ROTATION_SCAN,3.6247,-0.9869,0.303,65.01,-1.34,0.39,15.0,-0.0388,-0.0282,0.0072,,1.716,0.363,,,,,3.6,-0.98
70.915,ROTATION_SCAN,3.6226,-0.991,0.304,65.84,-1.31,0.18,15.0,-0.05,-0.0307,0.0131,,1.716,0.357,,,,,3.6,-0.98
71.023,ROTATION_SCAN,3.6184,-0.9923,0.303,66.62,-1.21,0.07,15.0,-0.0635,-0.0271,0.0101,,1.793,0.357,,,,,3.6,-0.98
71.09,ROTATION_SCAN,3.6156,-0.9902,0.301,67.35,-1.09,-0.11,15.0,-0.0712,-0.0169,0.0042,,1.793,0.339,1.97,,,,3.6,-0.98
71.123,ROTATION_SCAN,3.6112,-0.9907,0.301,68.03,-1.12,-0.21,15.0,-0.0808,-0.0117,-0.0032,,,0.339,1.97,,,,3.6,-0.98
71.133,ROTATION_SCAN,3.6071,-0.9904,0.303,68.8,-0.7,-0.16,15.0,-0.0877,-0.0055,-0.0004,,,0.331,1.957,,,,3.6,-0.98
71.156,ROTATION_SCAN,3.6026,-0.9886,0.299,69.55,-0.4,0.03,15.0,-0.0919,0.0009,0.0023,,1.996,0.331,1.957,,,,3.6,-0.98
71.229,ROTATION_SCAN,3.5971,-0.9869,0.305,70.38,-0.19,-0.08,15.0,-0.0964,0.0051,-0.0088,,1.996,0.319,1.971,,,,3.6,-0.98
71.247,ROTATION_SCAN,3.5933,-0.9834,0.301,71.3,0.12,-0.33,15.0,-0.0941,0.013,0.0048,,2.055,0.319,1.971,,,,3.6,-0.98
71.27,ROTATION_SCAN,3.5895,-0.9822,0.3,72.24,0.23,-0.45,15.0,-0.0894,0.0169,-0.0106,,2.055,0.315,2.005,,,,3.6,-0.98
71.323,ROTATION_SCAN,3.5841,-0.979,0.305,73.19,0.31,-0.32,15.0,-0.0888,0.0247,-0.0127,,2.263,0.315,2.005,,,,3.6,-0.98
71.376,ROTATION_SCAN,3.5819,-0.9764,0.303,74.2,0.6,-0.13,15.0,-0.08,0.0282,-0.0042,,2.263,0.298,,,,,3.6,-0.98
71.423,ROTATION_SCAN,3.5794,-0.9749,0.3,75.24,1.05,-0.14,15.0,-0.0696,0.0274,-0.0079,,,0.298,,,,,3.6,-0.98
71.513,ROTATION_SCAN,3.5773,-0.9727,0.303,76.24,1.19,0.28,15.0,-0.0573,0.0271,-0.0109,,,0.295,,,,,3.6,-0.98
71.547,ROTATION_SCAN,3.5762,-0.9697,0.305,77.3,1.46,0.38,15.0,-0.0432,0.0261,0.0047,,,0.295,,,,,3.6,-0.98
71.61,ROTATION_SCAN,3.5757,-0.9682,0.305,78.43,1.52,0.57,15.0,-0.0282,0.0204,0.0063,,,0.289,,,,,3.6,-0.98
71.638,ROTATION_SCAN,3.5778,-0.9674,0.303,79.56,1.37,0.5,15.0,-0.0094,0.0136,0.004,,2.962,0.289,,,,,3.6,-0.98
71.707,ROTATION_SCAN,3.5794,-0.9664,0.299,80.58,1.07,0.55,15.0,0.005,0.0088,-0.0021,,2.962,0.283,,,,,3.6,-0.98
71.749,ROTATION_SCAN,3.5828,-0.9653,0.302,81.51,0.72,0.58,15.0,0.0194,0.0054,-0.0108,,,0.283,,,,,3.6,-0.98
71.825,ROTATION_SCAN,3.5858,-0.966,0.299,82.42,0.47,0.7,15.0,0.0283,-0.0034,-0.002,,,0.289,,,,,3.6,-0.98
71.905,ROTATION_SCAN,3.5911,-0.9671,0.3,83.37,0.2,0.53,15.0,0.0402,-0.0109,-0.0061,,2.962,0.289,,,,,3.6,-0.98
71.958,ROTATION_SCAN,3.5933,-0.9676,0.301,84.3,-0.06,0.46,15.0,0.0413,-0.0146,-0.0016,,2.962,0.289,,,,,3.6,-0.98
71.973,ROTATION_SCAN,3.5988,-0.9683,0.305,85.17,-0.27,0.25,15.0,0.0482,-0.017,0.0016,,2.932,0.289,,,,,3.6,-0.98
72.012,ROTATION_SCAN,3.6019,-0.9699,0.304,85.93,-0.58,0.36,15.0,0.0468,-0.0211,0.0086,,2.932,0.291,,,,,3.6,-0.98
72.046,ROTATION_SCAN,3.6045,-0.9698,0.301,86.51,-0.91,0.37,15.0,0.0417,-0.02,0.0009,,2.918,0.291,,,,,3.6,-0.98
72.073,ROTATION_SCAN,3.608,-0.9712,0.302,87.08,-1.07,0.42,15.0,0.0372,-0.0237,-0.0114,,2.918,0.297,,,,,3.6,-0.98
72.142,ROTATION_SCAN,3.6087,-0.9725,0.3,87.68,-1.28,0.07,15.0,0.0249,-0.0263,-0.0088,1.665,2.939,0.297,,,,,3.6,-0.98
72.171,ROTATION_SCAN,3.6099,-0.9743,0.301,88.28,-1.4,-0.05,15.0,0.0145,-0.0271,-0.0169,1.665,2.939,0.298,,,,,3.6,-0.98
72.266,ROTATION_SCAN,3.6105,-0.9745,0.298,88.86,-1.51,-0.09,15.0,0.0021,-0.0235,-0.0116,,2.924,0.298,,,,,3.6,-0.98
72.296,ROTATION_SCAN,3.6091,-0.9758,0.299,89.47,-1.48,-0.2,15.0,-0.0133,-0.0228,-0.0175,,2.924,0.293,,,,,3.6,-0.98
72.313,ROTATION_SCAN,3.6075,-0.9764,0.295,90.17,-1.31,-0.24,15.0,-0.0269,-0.0196,-0.0094,1.626,2.906,0.293,,,,,3.6,-0.98
72.363,ROTATION_SCAN,3.6025,-0.977,0.298,90.89,-1.13,-0.24,15.0,-0.046,-0.017,-0.0155,1.626,2.906,0.291,,,,,3.6,-0.98
72.467,ROTATION_SCAN,3.6013,-0.9739,0.298,91.65,-0.9,-0.1,15.0,-0.052,-0.0071,-0.0032,1.611,2.931,0.291,,,,,3.6,-0.98
72.541,SCAN_NAV_WAYPOINT,3.5945,-0.9744,0.293,92.36,-0.61,0.14,15.0,-0.0684,-0.0074,0.0009,1.611,2.931,0.287,,,3.7,-0.9739,3.6,-0.98
72.566,SCAN_NAV_WAYPOINT,3.5901,-0.9736,0.297,93.05,-0.17,0.4,-0.0,-0.0743,-0.007,-0.0101,1.639,2.917,0.287,,,3.7,-0.9739,3.6,-0.98
72.673,SCAN_NAV_WAYPOINT,3.5865,-0.9734,0.297,93.6,0.53,0.47,-0.0,-0.0727,-0.0093,0.0053,1.639,2.917,0.279,,,3.7,-0.9739,3.6,-0.98
72.762,SCAN_NAV_WAYPOINT,3.5806,-0.9729,0.295,93.93,1.18,0.57,-0.0,-0.0716,-0.0109,0.0096,1.615,2.922,0.279,,,3.7,-0.9739,3.6,-0.98
72.81,SCAN_NAV_WAYPOINT,3.5757,-0.9725,0.299,94.07,3.34,0.71,-0.0,-0.0595,-0.0126,0.0133,1.615,2.922,0.272,,,3.7,-0.9739,3.6,-0.98
72.868,SCAN_NAV_WAYPOINT,3.5724,-0.9712,0.298,93.92,5.29,0.52,-0.0,-0.0255,-0.0105,0.0175,1.606,2.926,0.272,,,3.7,-0.9739,3.6,-0.98
72.883,SCAN_NAV_WAYPOINT,3.5703,-0.9717,0.299,93.63,6.16,0.42,-0.0,0.018,-0.0111,0.01,1.606,2.926,0.274,,,3.7,-0.9739,3.6,-0.98
72.966,SCAN_NAV_WAYPOINT,3.5751,-0.9724,0.299,93.33,6.29,0.3,-0.0,0.0778,-0.0123,0.0073,,2.914,0.274,,,3.7,-0.9739,3.6,-0.98
72.983,SCAN_NAV_WAYPOINT,3.58,-0.9727,0.301,93.11,6.13,0.06,-0.0,0.1308,-0.009,0.0027,,2.914,0.275,,,3.7,-0.9739,3.6,-0.98
73.008,SCAN_NAV_WAYPOINT,3.592,-0.9732,0.302,92.91,5.46,0.12,-0.0,0.1913,-0.0087,0.0039,1.611,2.919,0.275,,,3.7,-0.9739,3.6,-0.98
73.079,SCAN_NAV_WAYPOINT,3.6041,-0.9736,0.301,92.89,4.72,0.11,-0.0,0.2388,-0.0077,0.002,1.611,2.919,0.294,,,3.7,-0.9739,3.6,-0.98
73.104,SCAN_NAV_WAYPOINT,3.6184,-0.9736,0.3,93.08,3.76,0.1,-0.0,0.2794,-0.0039,-0.0056,,2.93,0.294,,,3.7,-0.9739,3.6,-0.98
73.112,SCAN_NAV_WAYPOINT,3.6323,-0.9735,0.301,93.3,2.7,0.22,-0.0,0.3057,0.0002,-0.0066,,2.93,0.311,,,3.7,-0.9739,3.6,-0.98
73.12,SCAN_NAV_WAYPOINT,3.6489,-0.9733,0.299,93.52,1.85,0.26,-0.0,0.3276,0.0008,-0.003,1.63,2.919,0.311,,,3.7,-0.9739,3.6,-0.98
73.192,SCAN_NAV_WAYPOINT,3.6655,-0.9732,0.299,93.68,1.15,0.29,-0.0,0.3411,0.0001,-0.007,1.63,2.919,0.34,,,3.7,-0.9739,3.6,-0.98
73.243,SCAN_NAV_WAYPOINT,3.6837,-0.9728,0.299,93.77,0.36,0.09,-0.0,0.3506,0.0013,-0.0027,,2.92,0.34,,,3.7,-0.9739,3.6,-0.98
73.347,LANDING_REGION_SCAN,3.6997,-0.9733,0.299,93.84,-0.81,0.03,-0.0,0.347,-0.002,-0.0048,,2.92,0.37,3.597,,3.7,-2.1,,
73.481,LANDING_REGION_SCAN,3.7157,-0.9731,0.3,93.88,-2.6,-0.16,-0.0,0.33,-0.0007,0.0018,,2.923,0.37,3.597,,3.7,-2.1,,
73.501,LANDING_REGION_SCAN,3.7286,-0.973,0.299,93.87,-3.49,-0.28,-0.0,0.2965,-0.0,0.0048,,2.923,0.396,,,3.7,-2.1,,
73.578,LANDING_REGION_SCAN,3.7409,-0.9737,0.301,93.91,-4.59,-0.39,-0.0,0.2585,-0.0013,-0.0017,,2.914,0.396,,,3.7,-2.1,,
73.595,LANDING_REGION_SCAN,3.7526,-0.9723,0.303,94.03,-5.33,1.56,-0.0,0.2157,-0.003,0.0052,,2.914,0.421,,,3.7,-2.1,,
73.641,LANDING_REGION_SCAN,3.7601,-0.9725,0.305,94.09,-5.64,3.18,-0.0,0.1648,-0.025,0.005,1.616,2.908,0.421,,,3.7,-2.1,,
73.666,LANDING_REGION_SCAN,3.7648,-0.9737,0.301,93.98,-5.18,3.9,-0.0,0.1149,-0.0565,0.0003,1.616,2.908,0.433,,,3.7,-2.1,,
73.739,LANDING_REGION_SCAN,3.7674,-0.9786,0.299,93.88,-4.52,4.48,-0.0,0.0698,-0.0971,-0.0105,1.618,2.892,0.433,,,3.7,-2.1,,
73.755,LANDING_REGION_SCAN,3.7672,-0.9828,0.299,93.79,-3.66,4.55,-0.0,0.0292,-0.137,-0.0143,1.618,2.892,0.442,,,3.7,-2.1,,
73.809,LANDING_REGION_SCAN,3.767,-0.992,0.299,93.7,-2.81,4.36,-0.0,0.0006,-0.1803,-0.0094,1.635,2.884,0.442,,,3.7,-2.1,,
73.847,LANDING_REGION_SCAN,3.7651,-1.0071,0.298,93.51,-1.99,3.9,-0.0,-0.0222,-0.2258,-0.0071,1.635,2.884,0.442,,,3.7,-2.1,,
73.864,LANDING_REGION_SCAN,3.763,-1.0202,0.294,93.35,-1.43,3.45,-0.0,-0.0368,-0.2607,-0.0054,1.655,2.854,0.442,,,3.7,-2.1,,
73.881,LANDING_REGION_SCAN,3.76,-1.031,0.295,93.29,-0.76,2.77,-0.0,-0.048,-0.2853,-0.0062,1.655,2.854,0.436,,,3.7,-2.1,,
73.953,LANDING_REGION_SCAN,3.7569,-1.0459,0.294,93.23,-0.22,2.0,-0.0,-0.0529,-0.3077,0.0025,1.678,2.847,0.436,,,3.7,-2.1,,
74.033,LANDING_REGION_SCAN,3.7549,-1.0608,0.297,93.25,0.16,1.17,-0.0,-0.0511,-0.32,0.0074,1.678,2.847,0.436,,,3.7,-2.1,,
74.083,LANDING_REGION_SCAN,3.7516,-1.0776,0.299,93.3,0.43,0.56,-0.0,-0.05,-0.3295,0.016,1.697,2.826,0.436,,,3.7,-2.1,,
74.09,LANDING_REGION_SCAN,3.7516,-1.0927,0.297,93.3,0.67,0.02,-0.0,-0.039,-0.3276,0.02,1.697,2.826,0.429,,,3.7,-2.1,,
74.158,LANDING_REGION_SCAN,3.7513,-1.1078,0.298,93.22,0.67,-0.27,-0.0,-0.0297,-0.3234,0.0158,,2.797,0.429,,,3.7,-2.1,,
74.226,LANDING_REGION_SCAN,3.7517,-1.1212,0.3,93.19,0.86,-0.29,-0.0,-0.0188,-0.3145,0.0154,,2.797,0.441,,,3.7,-2.1,,
74.37,LANDING_REGION_SCAN,3.7519,-1.1332,0.303,93.1,0.79,-0.43,-0.0,-0.0093,-0.3033,0.0162,1.75,2.777,0.441,,,3.7,-2.1,,
74.402,LANDING_REGION_SCAN,3.7536,-1.1468,0.304,93.05,0.61,-0.32,-0.0,0.0017,-0.2952,0.0213,1.75,2.777,0.461,,,3.7,-2.1,,
74.44,LANDING_REGION_SCAN,3.7547,-1.1599,0.306,93.14,0.47,-0.07,-0.0,0.0086,-0.2896,0.0189,,2.74,0.461,,,3.7,-2.1,,
74.463,LANDING_REGION_SCAN,3.7565,-1.1718,0.306,93.34,0.23,0.08,-0.0,0.0149,-0.2831,0.0196,,2.74,0.531,,,3.7,-2.1,,
74.493,LANDING_REGION_SCAN,3.7595,-1.1832,0.307,93.57,0.12,0.22,-0.0,0.0218,-0.278,0.0148,,2.726,0.531,,,3.7,-2.1,,
74.529,LANDING_REGION_SCAN,3.7627,-1.1946,0.306,93.67,0.05,0.33,-0.0,0.0284,-0.2743,0.0118,,2.726,,,,3.7,-2.1,,
74.582,LANDING_REGION_SCAN,3.7665,-1.2061,0.307,93.6,-0.19,0.47,-0.0,0.034,-0.2724,0.0092,1.859,2.698,,,,3.7,-2.1,,
74.623,LANDING_REGION_SCAN,3.7701,-1.2181,0.309,93.41,-0.34,0.46,-0.0,0.0369,-0.2727,0.0086,1.859,2.698,1.725,,,3.7,-2.1,,
74.666,LANDING_REGION_SCAN,3.7734,-1.23,0.309,93.23,-0.64,0.53,-0.0,0.0373,-0.2729,0.0082,,2.671,1.725,,,3.7,-2.1,,
74.671,LANDING_REGION_SCAN,3.7776,-1.2413,0.309,93.01,-1.23,0.55,-0.0,0.0359,-0.2724,0.0033,,2.671,1.773,,,3.7,-2.1,,
74.741,LANDING_REGION_SCAN,3.7804,-1.2525,0.31,92.84,-1.29,0.4,-0.0,0.0283,-0.2715,-0.0013,1.893,2.657,1.773,,,3.7,-2.1,,
74.824,LANDING_REGION_SCAN,3.7834,-1.2667,0.312,92.76,-1.34,0.47,-0.0,0.022,-0.2772,-0.0036,1.893,2.657,1.8,,,3.7,-2.1,,
74.866,LANDING_REGION_SCAN,3.7858,-1.2777,0.306,92.74,-1.34,0.42,-0.0,0.0144,-0.2756,-0.0025,,2.635,1.8,,,3.7,-2.1,,
74.872,LANDING_REGION_SCAN,3.7868,-1.2907,0.309,92.78,-1.36,0.21,-0.0,0.0047,-0.2768,-0.0203,,2.635,1.805,,,3.7,-2.1,,
74.962,LANDING_REGION_SCAN,3.7877,-1.3,0.307,92.84,-1.42,0.22,-0.0,-0.0051,-0.2696,-0.0162,,2.609,1.805,,,3.7,-2.1,,
75.019,LANDING_REGION_SCAN,3.787,-1.31,0.307,92.9,-1.32,0.16,-0.0,-0.0171,-0.2639,-0.0206,,2.609,1.814,3.603,,3.7,-2.1,,
75.112,LANDING_REGION_SCAN,3.7869,-1.3206,0.306,92.98,-0.99,0.16,-0.0,-0.0253,-0.2605,-0.0148,,2.584,1.814,3.603,,3.7,-2.1,,
75.145,LANDING_REGION_SCAN,3.7869,-1.3294,0.31,93.11,-0.61,0.2,-0.0,-0.0291,-0.2536,-0.0144,,2.584,1.801,,,3.7,-2.1,,
75.184,LANDING_REGION_SCAN,3.7854,-1.3395,0.304,93.23,-0.38,0.2,-0.0,-0.0333,-0.2497,-0.0023,,2.568,1.801,,,3.7,-2.1,,
75.236,LANDING_REGION_SCAN,3.7834,-1.3509,0.305,93.44,-0.05,0.53,-0.0,-0.0358,-0.2499,-0.0146,,2.568,1.804,,,3.7,-2.1,,
75.286,LANDING_REGION_SCAN,3.7836,-1.361,0.302,93.63,0.24,0.97,-0.0,-0.0299,-0.2516,-0.0099,,2.545,1.804,,,3.7,-2.1,,
75.304,LANDING_REGION_SCAN,3.7837,-1.3705,0.302,93.68,0.13,0.98,-0.0,-0.0241,-0.2526,-0.0182,,2.545,1.792,,,3.7,-2.1,,
75.317,LANDING_REGION_SCAN,3.7847,-1.3817,0.302,93.72,0.11,0.81,-0.0,-0.0179,-0.2574,-0.0084,1.985,2.526,1.792,,,3.7,-2.1,,
75.392,LANDING_REGION_SCAN,3.7847,-1.3924,0.303,93.6,0.36,0.64,-0.0,-0.0134,-0.258,-0.0003,1.985,2.526,1.799,,,3.7,-2.1,,
75.436,LANDING_REGION_SCAN,3.7852,-1.4045,0.303,93.42,0.3,0.95,-0.0,-0.0076,-0.2616,0.0059,,2.503,1.799,,,3.7,-2.1,,
75.467,LANDING_REGION_SCAN,3.7868,-1.4161,0.306,93.29,-0.1,1.29,-0.0,-0.0007,-0.2673,-0.0028,,2.503,1.802,,,3.7,-2.1,,
75.552,LANDING_REGION_SCAN,3.7875,-1.4284,0.304,93.14,-0.36,0.91,-0.0,-0.0006,-0.2735,0.0055,,2.485,1.802,,,3.7,-2.1,,
75.582,LANDING_REGION_SCAN,3.7882,-1.4408,0.302,93.05,-0.33,0.72,-0.0,-0.0011,-0.277,0.0013,,2.485,1.787,,,3.7,-2.1,,
75.644,LANDING_REGION_SCAN,3.7895,-1.4543,0.304,93.15,-0.65,0.86,-0.0,-0.0008,-0.2825,-0.0062,,2.447,1.787,,,3.7,-2.1,,
75.668,LANDING_REGION_SCAN,3.791,-1.4674,0.3,93.35,-1.0,0.99,-0.0,-0.0036,-0.2877,-0.0066,,2.447,1.798,,,3.7,-2.1,,
75.723,LANDING_REGION_SCAN,3.7925,-1.4841,0.308,93.34,-0.89,1.13,-0.0,-0.0064,-0.3021,-0.0151,,2.433,1.798,,,3.7,-2.1,,
75.799,LANDING_REGION_SCAN,3.7917,-1.4992,0.295,93.13,-0.91,1.27,-0.0,-0.0141,-0.313,0.0072,,2.433,1.794,,,3.7,-2.1,,
75.814,LANDING_REGION_SCAN,3.7924,-1.5165,0.242,92.93,-1.0,1.11,-0.0,-0.0179,-0.3262,-0.0277,,2.395,1.794,,,3.7,-2.1,,
75.89,LANDING_REGION_SCAN,3.7912,-1.5316,0.225,92.65,-0.82,0.9,-0.0,-0.0251,-0.3303,-0.114,,2.395,1.79,,,3.7,-2.1,,
75.92,LANDING_REGION_SCAN,3.7913,-1.5442,0.211,92.28,-0.93,0.48,-0.0,-0.0303,-0.3266,-0.0879,,2.374,1.79,,,3.7,-2.1,,
75.996,LANDING_REGION_SCAN,3.7906,-1.5608,0.218,92.02,-0.94,0.23,-0.0,-0.037,-0.3301,-0.0752,,2.374,1.788,,,3.7,-2.1,,
76.016,LANDING_REGION_SCAN,3.7898,-1.5718,0.237,91.69,-0.89,0.07,-0.0,-0.0434,-0.3187,-0.0001,,2.341,1.788,,,3.7,-2.1,,
76.064,LANDING_REGION_SCAN,3.7873,-1.5865,0.247,91.52,-0.92,-0.0,-0.0,-0.0518,-0.3162,0.0572,,2.341,1.792,1.774,,3.7,-2.1,,
76.144,LANDING_REGION_SCAN,3.7847,-1.6018,0.27,91.51,-0.79,-0.07,-0.0,-0.0594,-0.3148,0.0994,,2.317,1.792,1.774,,3.7,-2.1,,
76.162,LANDING_REGION_SCAN,3.7817,-1.6197,0.285,91.61,-0.62,-0.14,-0.0,-0.065,-0.3188,0.1486,,2.317,1.783,,,3.7,-2.1,,
76.253,LANDING_REGION_SCAN,3.7782,-1.6366,0.309,91.82,-0.46,-0.21,-0.0,-0.0695,-0.319,0.1619,,2.278,1.783,,,3.7,-2.1,,
76.275,LANDING_REGION_SCAN,3.7758,-1.6553,0.316,92.03,-0.33,-0.34,-0.0,-0.0692,-0.3238,0.1811,,2.278,1.774,1.706,,3.7,-2.1,,
76.323,LANDING_REGION_SCAN,3.7715,-1.6712,0.332,92.27,-0.13,-0.34,-0.0,-0.0726,-0.3199,0.1469,,2.246,1.774,1.706,,3.7,-2.1,,
76.4,LANDING_REGION_SCAN,3.7687,-1.6868,0.335,92.48,-0.08,-0.32,-0.0,-0.0709,-0.3162,0.1378,,2.246,1.759,1.713,,3.7,-2.1,,
76.415,LANDING_REGION_SCAN,3.7644,-1.7035,0.34,92.68,-0.02,-0.42,-0.0,-0.0734,-0.3153,0.093,,2.211,1.759,1.713,,3.7,-2.1,,
76.479,LANDING_REGION_SCAN,3.7621,-1.72,0.345,92.88,0.01,-0.37,-0.0,-0.07,-0.3149,0.0616,,2.211,1.756,1.702,,3.7,-2.1,,
76.515,LANDING_REGION_SCAN,3.7589,-1.7372,0.347,93.05,0.18,-0.34,-0.0,-0.0688,-0.3164,0.0307,,2.184,1.756,1.702,,3.7,-2.1,,
76.571,LANDING_REGION_SCAN,3.7567,-1.752,0.349,93.15,0.28,-0.41,-0.0,-0.0641,-0.3115,0.0037,,2.184,1.759,1.695,,3.7,-2.1,,
76.642,LANDING_REGION_SCAN,3.7543,-1.7674,0.345,93.21,0.21,-0.29,-0.0,-0.0604,-0.3084,-0.0161,,2.152,1.759,1.695,,3.7,-2.1,,
76.698,LANDING_REGION_SCAN,3.7515,-1.7828,0.347,93.26,0.33,-0.21,-0.0,-0.0578,-0.3067,-0.0437,,2.152,1.757,1.696,,3.7,-2.1,,
76.726,LANDING_REGION_SCAN,3.7492,-1.7973,0.352,93.29,0.09,-0.25,-0.0,-0.0546,-0.3025,-0.0486,,2.115,1.757,1.696,,3.7,-2.1,,
76.801,LANDING_REGION_SCAN,3.7454,-1.8119,0.356,93.33,0.04,-0.22,-0.0,-0.0566,-0.2985,-0.0467,,2.115,1.753,1.686,,3.7,-2.1,,
76.819,LANDING_REGION_SCAN,3.744,-1.8287,0.366,93.33,0.02,-0.19,-0.0,-0.0534,-0.3026,-0.0494,,2.083,1.753,1.686,,3.7,-2.1,,
76.867,LANDING_REGION_SCAN,3.7421,-1.8445,0.379,93.3,-0.18,-0.12,-0.0,-0.0523,-0.3036,-0.0377,,2.083,1.746,1.705,,3.7,-2.1,,
76.951,LANDING_REGION_SCAN,3.7394,-1.8611,0.398,93.29,-0.33,-0.16,-0.0,-0.0547,-0.3067,-0.0231,,2.046,1.746,1.705,,3.7,-2.1,,
76.962,LANDING_REGION_SCAN,3.7368,-1.8774,0.405,93.28,-0.25,-0.06,-0.0,-0.057,-0.3091,-0.0032,,2.046,1.747,1.713,,3.7,-2.1,,
77.039,LANDING_REGION_SCAN,3.7351,-1.8956,0.393,93.37,-0.36,-0.12,-0.0,-0.057,-0.3165,-0.0196,,2.012,1.747,1.713,,3.7,-2.1,,
77.069,LANDING_REGION_SCAN,3.732,-1.9116,0.381,93.46,-0.39,-0.18,-0.0,-0.0605,-0.3162,-0.0743,,2.012,1.752,,,3.7,-2.1,,
77.143,LANDING_REGION_SCAN,3.7307,-1.9305,0.358,93.66,-0.25,-0.15,-0.0,-0.0594,-0.3228,-0.1304,,1.977,1.752,,,3.7,-2.1,,
77.162,LANDING_REGION_SCAN,3.7276,-1.948,0.341,93.91,-0.26,-0.18,-0.0,-0.0619,-0.3247,-0.1753,,1.977,1.738,1.73,,3.7,-2.1,,
77.215,LANDING_REGION_SCAN,3.7253,-1.9673,0.32,94.26,0.04,-0.04,-0.0,-0.0616,-0.3312,-0.197,,1.95,1.738,1.73,,3.7,-2.1,,
77.289,LANDING_REGION_SCAN,3.7242,-1.985,0.307,94.56,0.11,-0.3,-0.0,-0.0564,-0.3333,-0.211,,1.95,1.726,1.707,,3.7,-2.1,,
77.312,LANDING_REGION_SCAN,3.7246,-2.0028,0.286,94.92,-0.05,-0.54,-0.0,-0.0503,-0.3334,-0.1897,,1.921,1.726,1.707,,3.7,-2.1,,
77.388,LANDING_REGION_SCAN,3.7256,-2.0245,0.271,95.26,-0.09,-0.91,-0.0,-0.0448,-0.3395,-0.1897,,1.921,1.719,1.714,,3.7,-2.1,,
77.43,LANDING_REGION_SCAN,3.7259,-2.041,0.258,95.66,-0.29,-0.95,-0.0,-0.0419,-0.331,-0.1587,,1.883,1.719,1.714,,3.7,-2.1,,
77.521,LANDING_REGION_SCAN,3.728,-2.0558,0.252,96.02,-0.33,-0.78,-0.0,-0.0374,-0.3212,-0.1351,,1.883,1.717,1.713,,3.7,-2.1,,
77.557,LANDING_REGION_SCAN,3.728,-2.0721,0.252,96.21,-0.49,-1.29,-0.0,-0.0378,-0.3138,-0.0883,,1.855,1.717,1.713,,3.7,-2.1,,
77.565,LANDING_REGION_SCAN,3.7283,-2.0861,0.247,96.44,-0.61,-1.38,-0.0,-0.0396,-0.2996,-0.0495,,1.855,1.663,,,3.7,-2.1,,
77.652,LANDING_REGION_SCAN,3.7284,-2.1004,0.248,96.56,-0.65,-1.44,-0.0,-0.0421,-0.2871,-0.0295,,1.825,1.663,,,,,,
77.708,SCAN_HIGH,3.7287,-2.1173,0.248,96.66,-0.75,-1.93,-0.0,-0.0447,-0.2805,0.0019,,1.825,,,,,,,
77.719,SCAN_HIGH,3.7298,-2.1306,0.25,96.75,-0.64,-2.4,-0.0,-0.0459,-0.2638,0.0213,,1.797,,,,,,,
77.789,SCAN_HIGH,3.73,-2.1426,0.252,96.86,0.24,-3.27,15.0,-0.0455,-0.2403,0.0414,,1.797,,,,,,,
77.823,SCAN_HIGH,3.7299,-2.1531,0.258,96.99,0.75,-3.7,15.0,-0.0407,-0.2095,0.0484,,1.777,,,,,,,
77.905,SCAN_HIGH,3.7292,-2.1622,0.259,97.22,1.05,-3.95,15.0,-0.0341,-0.1754,0.0612,,1.777,1.02,,,,,,
77.946,SCAN_HIGH,3.731,-2.1701,0.266,97.55,1.02,-4.06,15.0,-0.023,-0.1443,0.057,,1.764,1.02,,,,,,
77.966,SCAN_HIGH,3.7312,-2.1769,0.265,98.0,1.06,-4.17,15.0,-0.0164,-0.1109,0.0686,,1.764,0.991,,,,,,
78.042,SCAN_HIGH,3.7333,-2.1803,0.267,98.56,0.87,-3.98,15.0,-0.0075,-0.0757,0.0535,,1.756,0.991,,,,,,
78.118,SCAN_HIGH,3.7347,-2.1826,0.266,99.14,0.75,-3.75,15.0,-0.0022,-0.0417,0.0551,,1.756,0.951,,,,,,
78.147,SCAN_HIGH,3.7377,-2.1835,0.272,99.82,0.45,-3.33,15.0,0.0037,-0.014,0.0421,,1.752,0.951,,,,,,
78.165,SCAN_HIGH,3.7409,-2.1822,0.277,100.51,0.35,-2.76,15.0,0.0082,0.0128,0.055,,1.752,0.946,,,,,,
78.256,SCAN_HIGH,3.742,-2.1805,0.278,101.22,0.15,-2.08,15.0,0.0079,0.0345,0.0577,,1.748,0.946,,,,,,
78.344,SCAN_HIGH,3.7435,-2.178,0.282,101.92,-0.05,-1.63,15.0,0.0076,0.0496,0.0494,,1.748,0.933,1.771,,,,,
78.377,SCAN_HIGH,3.7442,-2.1762,0.284,102.58,-0.31,-1.34,15.0,0.0045,0.0584,0.05,,1.751,0.933,1.771,,,,,
78.469,SCAN_HIGH,3.7447,-2.174,0.285,103.24,-0.42,-1.0,15.0,-0.0004,0.0644,0.0443,,1.751,0.931,,,,,,
78.487,SCAN_HIGH,3.7451,-2.1719,0.289,103.83,-0.53,-0.65,15.0,-0.0047,0.0665,0.0344,,1.762,0.931,,,,,,
78.552,SCAN_HIGH,3.7448,-2.1683,0.29,104.43,-0.52,-0.43,15.0,-0.0103,0.0705,0.036,,1.762,0.931,,,,,,
78.591,SCAN_HIGH,3.7425,-2.1665,0.294,105.03,-0.49,-0.28,15.0,-0.0188,0.0683,0.0279,,1.77,0.931,,,,,,
78.609,SCAN_HIGH,3.7412,-2.1644,0.289,105.64,-0.52,-0.18,15.0,-0.0243,0.0652,0.0312,,1.77,0.932,1.769,,,,,
78.62,SCAN_HIGH,3.738,-2.1637,0.294,106.27,-0.53,-0.25,15.0,-0.0338,0.0591,0.0114,1.216,1.775,0.932,1.769,,,,,
78.673,SCAN_HIGH,3.7345,-2.1624,0.293,106.85,-0.39,-0.27,15.0,-0.0429,0.056,0.0234,1.216,1.775,0.93,1.761,,,,,
78.724,SCAN_HIGH,3.7313,-2.1618,0.297,107.41,-0.16,-0.19,15.0,-0.0481,0.0513,0.0156,,1.785,0.93,1.761,,,,,
78.828,SCAN_HIGH,3.7277,-2.1624,0.297,108.02,0.24,-0.18,15.0,-0.0516,0.0446,0.0208,,1.785,0.928,1.77,,,,,
78.855,SCAN_HIGH,3.7227,-2.1629,0.297,108.63,0.46,-0.25,15.0,-0.0561,0.0395,0.0153,1.162,1.797,0.928,1.77,,,,,
78.865,SCAN_HIGH,3.7205,-2.1633,0.299,109.24,0.63,-0.35,15.0,-0.0514,0.0369,0.0126,1.162,1.797,0.925,1.772,,,,,
78.941,SCAN_HIGH,3.7175,-2.1636,0.298,109.8,0.76,-0.61,15.0,-0.0486,0.0362,0.013,1.163,1.803,0.925,1.772,,,,,
79.018,SCAN_HIGH,3.7145,-2.1635,0.299,110.39,0.81,-0.65,15.0,-0.0464,0.0381,0.0065,1.163,1.803,0.931,,,,,,
79.062,SCAN_HIGH,3.7117,-2.1623,0.3,110.96,0.76,-0.81,15.0,-0.0441,0.0437,0.0051,1.154,1.819,0.931,,,,,,
79.069,SCAN_HIGH,3.7092,-2.162,0.299,111.57,0.91,-0.68,15.0,-0.0415,0.0464,0.0038,1.154,1.819,0.928,1.831,,,,,
79.157,SCAN_HIGH,3.7061,-2.1612,0.299,112.25,1.11,-0.54,15.0,-0.0388,0.0493,-0.0021,1.151,1.828,0.928,1.831,,,,,
79.203,SCAN_HIGH,3.7044,-2.1592,0.3,112.98,1.3,-0.42,15.0,-0.0312,0.0554,-0.0043,1.151,1.828,0.934,1.831,,,,,
79.313,SCAN_HIGH,3.7027,-2.156,0.299,113.78,1.39,-0.28,15.0,-0.0228,0.0631,0.0001,1.147,1.848,0.934,1.831,,,,,
79.344,SCAN_HIGH,3.7025,-2.1533,0.299,114.66,1.15,-0.39,15.0,-0.0119,0.0688,-0.0028,1.147,1.848,0.944,,,,,,
79.399,SCAN_HIGH,3.7042,-2.1504,0.3,115.53,0.89,-0.22,15.0,-0.0001,0.0736,0.0038,1.151,1.868,0.944,,,,,,
79.436,SCAN_HIGH,3.7044,-2.1481,0.299,116.46,0.74,-0.27,15.0,0.0051,0.0745,0.0065,1.151,1.868,0.955,,,,,,
79.499,SCAN_HIGH,3.7061,-2.146,0.299,117.42,0.74,-0.26,15.0,0.0121,0.0749,0.0005,1.149,1.901,0.955,,,,,,
79.526,SCAN_HIGH,3.706,-2.1427,0.298,118.4,0.91,-0.13,15.0,0.0155,0.0777,0.0026,1.149,1.901,0.983,,,,,,
79.578,SCAN_HIGH,3.709,-2.1388,0.3,119.34,0.58,-0.12,15.0,0.026,0.0824,-0.0014,1.153,1.926,0.983,,,,,,
79.623,SCAN_HIGH,3.7112,-2.1349,0.3,120.16,0.55,-0.22,15.0,0.0315,0.0854,0.0071,1.153,1.926,1.008,,,,,,
79.64,SCAN_HIGH,3.7132,-2.131,0.299,121.0,0.1,-0.23,15.0,0.0342,0.0878,0.0002,1.164,1.953,1.008,,,,,,
79.708,SCAN_HIGH,3.7151,-2.1291,0.301,121.78,-0.13,-0.04,15.0,0.033,0.0822,-0.0037,1.164,1.953,1.038,,,,,,
79.758,SCAN_HIGH,3.7157,-2.1263,0.299,122.42,-0.09,0.29,15.0,0.0297,0.0774,-0.0007,1.171,1.969,1.038,,,,,,
79.773,SCAN_HIGH,3.7172,-2.1223,0.301,123.0,-0.2,0.32,15.0,0.0306,0.0745,-0.0039,1.171,1.969,1.056,,,,,,
79.856,SCAN_HIGH,3.7196,-2.1212,0.3,123.56,-0.17,0.18,15.0,0.0321,0.0658,0.0002,1.179,1.98,1.056,,,,,,
79.916,SCAN_HIGH,3.7214,-2.1184,0.3,124.07,-0.2,0.15,15.0,0.032,0.063,-0.0038,1.179,1.98,1.078,,,,,,
79.981,SCAN_HIGH,3.7229,-2.117,0.3,124.42,-0.07,0.15,15.0,0.0312,0.057,0.0025,1.188,2.007,1.078,,,,,,
79.987,SCAN_HIGH,3.7244,-2.1146,0.299,124.79,-0.15,0.06,15.0,0.031,0.0547,-0.0,1.188,2.007,1.084,,,,,,
80.055,SCAN_HIGH,3.7245,-2.1131,0.3,125.26,-0.2,0.03,15.0,0.0266,0.0501,-0.0012,1.196,2.026,1.084,,,,,,
80.154,SCAN_HIGH,3.7271,-2.1108,0.299,125.79,-0.27,-0.06,15.0,0.028,0.0492,0.0047,1.196,2.026,1.088,,,,,,
80.21,SCAN_HIGH,3.7288,-2.1087,0.3,126.36,-0.33,-0.26,15.0,0.0261,0.0481,0.0047,1.212,2.054,1.088,,,,,,
80.27,SCAN_HIGH,3.7296,-2.1075,0.303,127.06,-0.44,-0.23,15.0,0.0213,0.0452,0.0087,1.212,2.054,1.095,,,,,,
80.328,SCAN_HIGH,3.7273,-2.1062,0.305,127.9,-0.29,-0.25,15.0,0.01,0.0417,0.017,1.227,2.092,1.095,,,,,,
80.345,SCAN_HIGH,3.7258,-2.1069,0.304,128.86,-0.13,-0.07,15.0,0.0037,0.0357,0.0209,1.227,2.092,1.091,,,,,,
80.438,SCAN_HIGH,3.724,-2.105,0.304,129.79,0.0,-0.23,15.0,-0.0016,0.0354,0.0151,1.262,2.13,1.091,,,,,,
80.454,SCAN_HIGH,3.7228,-2.1072,0.305,130.6,-0.03,-0.17,15.0,-0.005,0.029,0.0105,1.262,2.13,1.091,,,,,,
80.467,SCAN_HIGH,3.7209,-2.1057,0.305,131.24,-0.09,-0.31,15.0,-0.0097,0.0294,0.0069,1.288,2.161,1.091,,,,,,
80.513,SCAN_HIGH,3.7216,-2.1062,0.303,131.83,-0.3,-0.51,15.0,-0.0105,0.028,0.0022,1.288,2.161,1.095,,,,,,
80.564,SCAN_HIGH,3.7239,-2.1022,0.3,132.44,-0.38,-0.43,15.0,-0.0093,0.0347,-0.0076,1.327,2.185,1.095,,,,,,
80.579,SCAN_HIGH,3.7222,-2.1029,0.307,133.02,-0.41,-0.14,15.0,-0.0162,0.0298,-0.0125,1.327,2.185,1.103,,,,,,
80.628,SCAN_HIGH,3.7126,-2.0899,0.304,133.64,-0.31,-0.1,15.0,-0.0363,0.0472,0.0037,1.387,2.215,1.103,,,,,,
80.678,SCAN_HIGH,3.7127,-2.0904,0.304,134.23,-0.63,0.16,15.0,-0.0352,0.0402,-0.0101,1.387,2.215,1.112,,,,,,
80.711,SCAN_HIGH,3.7093,-2.087,0.303,134.59,-0.43,0.42,15.0,-0.0404,0.0373,-0.0106,1.507,2.23,1.112,,,,,,
80.783,SCAN_HIGH,3.7044,-2.0873,0.302,134.95,-0.21,0.86,15.0,-0.0442,0.0274,-0.0165,1.507,2.23,1.126,,,,,,
80.868,SCAN_HIGH,3.7044,-2.0869,0.304,135.36,-0.15,1.17,15.0,-0.0351,0.0193,-0.0174,1.684,2.213,1.126,,,,,,
80.906,SCAN_HIGH,3.7034,-2.0866,0.301,135.86,0.0,1.51,15.0,-0.0268,0.0103,-0.013,1.684,2.213,1.135,,,,,,
80.986,SCAN_HIGH,3.7027,-2.0886,0.3,136.43,0.17,1.47,15.0,-0.0162,-0.0022,-0.0183,1.849,2.219,1.135,,,,,,
81.044,SCAN_HIGH,3.7058,-2.0926,0.3,137.04,0.26,1.22,15.0,0.0008,-0.0148,-0.019,1.849,2.219,1.152,,,,,,
81.092,SCAN_HIGH,3.7088,-2.097,0.299,137.81,0.09,0.88,15.0,0.0143,-0.0258,-0.0194,1.94,2.282,1.152,,,,,,
81.122,SCAN_HIGH,3.7133,-2.099,0.299,138.57,0.05,0.59,15.0,0.0267,-0.03,-0.0178,1.94,2.282,1.175,,,,,,
81.201,SCAN_HIGH,3.7154,-2.1007,0.299,139.31,-0.05,0.23,15.0,0.031,-0.0324,-0.0137,,2.315,1.175,,,,,,
81.22,SCAN_HIGH,3.7187,-2.1023,0.295,140.03,-0.04,-0.01,15.0,0.0351,-0.0328,-0.0136,,2.315,1.209,,,,,,
81.232,SCAN_HIGH,3.7209,-2.1046,0.292,140.8,0.01,0.09,15.0,0.0357,-0.0344,-0.0175,,2.315,1.209,,,,,,
81.297,SCAN_HIGH,3.7225,-2.1055,0.294,141.64,0.06,-0.11,15.0,0.0357,-0.0327,-0.0186,,2.315,1.251,,,,,,
81.334,SCAN_HIGH,3.726,-2.1093,0.296,142.44,0.11,-0.15,15.0,0.0388,-0.0353,-0.0083,,2.369,1.251,,,,,,
81.413,SCAN_HIGH,3.7288,-2.1108,0.296,143.32,0.04,-0.29,15.0,0.0399,-0.033,-0.0031,,2.369,1.282,,,,,,
81.446,SCAN_HIGH,3.7309,-2.112,0.291,144.18,0.13,-0.41,15.0,0.0382,-0.03,-0.0006,,2.367,1.282,,,,,,
81.467,SCAN_HIGH,3.7317,-2.1138,0.296,145.09,0.21,-0.73,15.0,0.0328,-0.0271,-0.0092,,2.367,1.351,,,,,,
81.543,SCAN_HIGH,3.7328,-2.1132,0.295,146.14,0.31,-0.91,15.0,0.0277,-0.0179,0.0025,2.722,2.38,1.351,,,,,,
81.595,SCAN_HIGH,3.7332,-2.1118,0.294,147.27,0.2,-1.12,15.0,0.0197,-0.0066,0.002,2.722,2.38,1.389,,,,,,
81.668,SCAN_HIGH,3.732,-2.1123,0.292,148.4,0.24,-0.97,15.0,0.0092,-0.001,0.0032,,2.449,1.389,,,,,,
81.673,SCAN_HIGH,3.731,-2.1096,0.292,149.38,0.01,-1.06,15.0,-0.0008,0.0099,-0.0025,,2.449,1.474,,,,,,
81.776,SCAN_HIGH,3.727,-2.1081,0.296,150.28,-0.15,-0.74,15.0,-0.0158,0.0155,0.0016,2.454,,1.474,,,,,,
81.832,SCAN_HIGH,3.7211,-2.1028,0.297,151.09,-0.2,-0.55,15.0,-0.0321,0.0259,0.009,2.454,,,,,,,,
81.87,SCAN_HIGH,3.7217,-2.0919,0.296,151.87,-0.08,-0.37,15.0,-0.0325,0.0451,0.0097,,,,,,,,,
81.898,SCAN_HIGH,3.717,-2.0895,0.293,152.6,-0.24,-0.08,15.0,-0.0411,0.0456,0.0025,,,1.872,,,,,,
81.931,SCAN_HIGH,3.7097,-2.0854,0.292,153.32,-0.05,0.41,15.0,-0.0526,0.0477,-0.0004,2.028,,1.872,,,,,,
81.979,SCAN_HIGH,3.7078,-2.0846,0.294,154.05,-0.09,0.92,15.0,-0.046,0.0418,0.0011,2.028,,1.927,,,,,,
82.012,SCAN_HIGH,3.7023,-2.0796,0.298,154.76,0.14,1.2,15.0,-0.0457,0.0441,0.0094,1.957,,1.927,,,,,,
82.068,SCAN_HIGH,3.698,-2.0785,0.298,155.42,0.18,1.69,15.0,-0.0393,0.0382,0.0178,1.957,,1.931,,,,,,
82.182,SCAN_HIGH,3.6972,-2.0758,0.3,156.09,0.07,1.95,15.0,-0.0227,0.035,0.0139,1.914,,1.931,,,,,,
82.22,SCAN_HIGH,3.696,-2.0724,0.3,156.73,-0.32,1.73,15.0,-0.0093,0.0324,0.0128,1.914,,1.94,,,,,,
82.226,SCAN_HIGH,3.6961,-2.0705,0.299,157.26,-0.3,1.59,15.0,0.0031,0.0253,0.0092,1.874,,1.94,,,,,,
82.293,SCAN_HIGH,3.6952,-2.0679,0.299,157.78,-0.49,1.58,15.0,0.0118,0.0214,0.0077,1.874,,1.951,,,,,,
82.356,SCAN_HIGH,3.6951,-2.0664,0.298,158.31,-0.6,1.45,15.0,0.0201,0.0138,0.0055,1.857,,1.951,,,,,,
82.383,SCAN_HIGH,3.6951,-2.0648,0.3,158.85,-0.64,1.47,15.0,0.0268,0.0068,0.0054,1.857,,1.945,,,,,,
82.416,SCAN_HIGH,3.6977,-2.0653,0.299,159.49,-0.67,1.33,15.0,0.0387,-0.0041,0.0078,1.836,,1.945,,,,,,
82.468,SCAN_HIGH,3.6999,-2.0658,0.299,160.24,-0.71,1.14,15.0,0.0469,-0.0136,0.0039,1.836,,1.927,,,,,,
82.522,SCAN_HIGH,3.6993,-2.0656,0.299,161.26,-0.71,0.52,15.0,0.0447,-0.0195,-0.0036,1.807,,1.927,,,,,,
82.563,SCAN_HIGH,3.7007,-2.0668,0.301,162.41,-0.86,0.17,15.0,0.0429,-0.0275,-0.005,1.807,,1.894,,,,,,
82.694,SCAN_HIGH,3.703,-2.0728,0.3,163.68,-0.82,0.3,15.0,0.042,-0.0464,0.0039,1.788,,1.894,,,,,,
82.7,SCAN_HIGH,3.7029,-2.0742,0.303,164.83,-0.63,0.24,15.0,0.0373,-0.0513,0.0038,1.788,,1.875,,,,,,
82.739,SCAN_HIGH,3.7033,-2.0758,0.303,165.85,-0.47,0.28,15.0,0.0345,-0.0541,0.0119,1.76,,1.875,,,,,,
82.814,SCAN_HIGH,3.7026,-2.0796,0.304,166.74,-0.31,0.32,15.0,0.0298,-0.0612,0.0106,1.76,,1.851,,,,,,
82.9,SCAN_HIGH,3.7027,-2.0819,0.304,167.49,-0.35,0.3,15.0,0.0283,-0.0628,0.0109,1.743,,1.851,,,,,,
82.974,SCAN_HIGH,3.7031,-2.083,0.303,168.2,-0.07,0.27,15.0,0.0279,-0.0603,0.0088,1.743,,1.852,,,,,,
82.987,SCAN_HIGH,3.704,-2.0866,0.303,168.88,0.05,0.3,15.0,0.0286,-0.0626,0.0042,1.741,,1.852,,,,,,
83.018,SCAN_HIGH,3.7031,-2.0878,0.302,169.51,0.28,0.15,15.0,0.0254,-0.0576,0.0037,1.741,,1.834,,,,,,
83.046,SCAN_HIGH,3.705,-2.0896,0.306,170.17,0.39,0.1,15.0,0.0284,-0.0522,-0.0006,1.732,,1.834,,,,,,
83.073,SCAN_HIGH,3.704,-2.0882,0.305,170.93,0.64,0.27,15.0,0.0245,-0.0398,0.0127,1.732,,1.83,,,,,,
83.125,SCAN_HIGH,3.7062,-2.0882,0.305,171.77,0.79,0.28,15.0,0.0302,-0.0296,0.0064,1.719,,1.83,,,,,,
83.198,SCAN_HIGH,3.7083,-2.085,0.306,172.7,0.79,0.17,15.0,0.0339,-0.0132,0.0052,1.719,,1.821,,,,,,
83.268,SCAN_HIGH,3.7084,-2.0816,0.304,173.67,0.56,0.19,15.0,0.0328,0.0017,0.0053,1.713,,1.821,,,,,,
83.277,SCAN_HIGH,3.7105,-2.0765,0.304,174.55,0.49,0.12,15.0,0.0353,0.0167,0.0002,1.713,,1.819,,,,,,
83.4,SCAN_HIGH,3.7104,-2.0711,0.303,175.42,0.16,0.11,15.0,0.0323,0.0297,0.0015,1.705,,1.819,,,,,,
83.448,SCAN_HIGH,3.712,-2.0659,0.303,176.37,-0.02,0.28,15.0,0.0338,0.0382,-0.0005,1.705,,1.804,,,,,,
83.493,SCAN_HIGH,3.713,-2.0604,0.304,177.3,-0.36,0.13,15.0,0.0342,0.045,-0.0039,1.695,,1.804,,,,,,
83.567,SCAN_HIGH,3.7146,-2.0568,0.305,178.14,-0.54,0.02,15.0,0.0343,0.0444,-0.0022,1.695,,1.808,,,,,,
83.579,SCAN_HIGH,3.7156,-2.0527,0.308,179.02,-0.67,0.03,15.0,0.0328,0.0438,-0.0019,1.704,,1.808,,,,,,
83.65,SCAN_HIGH,3.7167,-2.0493,0.305,179.93,-1.13,-0.07,15.0,0.0316,0.0398,-0.0015,1.704,,1.808,,,,,,
83.666,SCAN_HIGH,3.7184,-2.0436,0.303,-179.21,-1.5,-0.02,15.0,0.0311,0.0375,-0.0084,1.7,2.695,1.808,,,,,,
83.743,SCAN_HIGH,3.7192,-2.0409,0.304,-178.42,-1.6,0.08,15.0,0.0299,0.0273,-0.0138,1.7,2.695,1.804,,,,,,
83.763,SCAN_HIGH,3.7218,-2.0393,0.306,-177.67,-1.69,0.05,15.0,0.0336,0.0147,-0.0064,1.689,,1.804,,,,,,
83.816,SCAN_HIGH,3.7232,-2.038,0.308,-176.95,-1.79,-0.1,15.0,0.0336,0.0022,-0.0044,1.689,,1.801,,,,,,
83.858,SCAN_HIGH,3.7261,-2.0394,0.304,-176.36,-1.9,-0.14,15.0,0.0367,-0.0159,0.0006,1.639,,1.801,,,,,,
83.876,SCAN_HIGH,3.7286,-2.0398,0.308,-175.91,-1.75,-0.42,15.0,0.0372,-0.0293,-0.0122,1.639,,1.805,,,,,,
83.927,SCAN_HIGH,3.7298,-2.0422,0.299,-175.45,-1.61,-0.38,15.0,0.0331,-0.046,-0.0033,1.571,1.819,1.805,,,,,,
83.974,SCAN_HIGH,3.7313,-2.0458,0.3,-174.99,-1.34,-0.37,15.0,0.0305,-0.0611,-0.0253,1.571,1.819,1.793,,,,,,
84.088,SCAN_HIGH,3.7327,-2.0516,0.3,-174.68,-1.41,-0.16,15.0,0.0293,-0.0787,-0.0093,,,1.793,,,,,,
84.093,SCAN_HIGH,3.7324,-2.0528,0.301,-174.51,-1.11,-0.11,15.0,0.0245,-0.0842,-0.0059,,,1.797,,,,,,
84.172,SCAN_HIGH,3.7326,-2.0566,0.299,-174.4,-0.9,-0.12,15.0,0.0214,-0.092,-0.0007,1.087,,1.797,,,,,,
84.232,SCAN_HIGH,3.7344,-2.062,0.301,-174.28,-0.46,-0.22,15.0,0.0229,-0.0992,-0.0051,1.087,,1.793,,,,,,
84.337,SCAN_HIGH,3.7353,-2.0669,0.303,-174.21,-0.26,-0.33,15.0,0.0204,-0.1025,0.0028,1.035,,1.793,,,,,,
84.384,SCAN_HIGH,3.7367,-2.0724,0.302,-174.05,-0.0,-0.33,15.0,0.0189,-0.105,0.0038,1.035,,1.776,,,,,,
84.42,SCAN_HIGH,3.7385,-2.0748,0.301,-173.65,0.27,-0.43,15.0,0.0179,-0.0978,-0.0029,1.006,1.817,1.776,,,,,,
84.471,SCAN_HIGH,3.7396,-2.0784,0.302,-173.1,0.48,-0.52,15.0,0.0136,-0.0925,-0.0087,1.006,1.817,1.773,,,,,,
84.526,SCAN_HIGH,3.7405,-2.0831,0.299,-172.39,0.29,-0.24,15.0,0.0105,-0.0897,-0.0057,0.967,,1.773,,,,,,
84.554,SCAN_HIGH,3.7394,-2.0858,0.298,-171.58,0.24,0.08,15.0,0.0052,-0.084,-0.0075,0.967,,1.767,,,,,,
84.639,SCAN_HIGH,3.7397,-2.0892,0.299,-170.7,0.47,0.09,15.0,0.0059,-0.0794,-0.0074,0.945,1.783,1.767,,,,,,
84.669,SCAN_HIGH,3.7411,-2.0919,0.299,-169.81,0.65,0.02,15.0,0.008,-0.0724,-0.0054,0.945,1.783,1.768,,,,,,
84.743,SCAN_HIGH,3.7429,-2.0943,0.299,-168.91,0.79,-0.02,15.0,0.0102,-0.0641,-0.0037,0.939,,1.768,,,,,,
84.762,SCAN_HIGH,3.7442,-2.0959,0.299,-167.98,0.85,0.01,15.0,0.0105,-0.0542,-0.002,0.939,,1.779,,,,,,
84.776,SCAN_HIGH,3.7444,-2.0972,0.298,-167.02,0.68,0.04,15.0,0.0084,-0.0447,-0.0021,0.933,1.773,1.779,,,,,,
84.781,SCAN_HIGH,3.7462,-2.0968,0.299,-166.06,0.64,0.04,15.0,0.0105,-0.0343,-0.0028,0.933,1.773,1.774,,,,,,
84.838,SCAN_HIGH,3.7487,-2.0953,0.296,-165.05,0.56,-0.06,15.0,0.0131,-0.0226,-0.0038,0.937,1.756,1.774,,,,,,
84.922,SCAN_HIGH,3.7547,-2.0937,0.301,-163.92,0.4,-0.06,15.0,0.0227,-0.0146,-0.0046,0.937,1.756,1.785,,,,,,
84.975,SCAN_HIGH,3.7555,-2.0912,0.302,-162.84,0.31,-0.08,15.0,0.0206,-0.0047,0.0124,0.943,1.742,1.785,,,,,,
84.982,SCAN_HIGH,3.7568,-2.0894,0.299,-161.82,0.37,-0.46,15.0,0.0187,0.0015,0.014,0.943,1.742,1.804,,,,,,
85.057,SCAN_HIGH,3.7597,-2.0866,0.302,-160.82,0.35,-0.76,15.0,0.017,0.008,0.0046,0.952,1.764,1.804,,,,,,
85.123,SCAN_HIGH,3.7608,-2.0834,0.301,-159.86,0.42,-0.97,15.0,0.0098,0.0146,0.0069,0.952,1.764,1.814,,,,,,
85.221,SCAN_HIGH,3.7616,-2.0815,0.301,-158.94,0.37,-1.08,15.0,0.0014,0.0173,0.0032,0.965,1.793,1.814,,,,,,
85.269,SCAN_HIGH,3.764,-2.0775,0.3,-157.9,0.28,-1.32,15.0,-0.0038,0.0224,0.0025,0.965,1.793,1.829,,,,,,
85.277,SCAN_HIGH,3.7627,-2.0742,0.301,-156.89,0.05,-1.48,15.0,-0.0176,0.0241,-0.002,0.979,1.83,1.829,,,,,,
85.346,SCAN_HIGH,3.7613,-2.0722,0.299,-155.99,-0.07,-1.39,15.0,-0.0295,0.0207,-0.0016,0.979,1.83,1.853,1.139,,,,,
85.361,SCAN_HIGH,3.7599,-2.0688,0.302,-155.24,-0.25,-1.36,15.0,-0.0395,0.0199,-0.0074,0.986,,1.853,1.139,,,,,
85.406,SCAN_HIGH,3.7567,-2.0675,0.299,-154.52,-0.47,-1.07,15.0,-0.0504,0.0139,-0.003,0.986,,1.868,1.135,,,,,
85.446,SCAN_HIGH,3.7527,-2.0664,0.3,-153.76,-0.56,-0.93,15.0,-0.059,0.0075,-0.0118,0.997,,1.868,1.135,,,,,
85.466,SCAN_HIGH,3.7481,-2.0662,0.3,-152.94,-0.61,-0.87,15.0,-0.0677,-0.0002,-0.0124,0.997,,1.886,1.133,,,,,
85.524,SCAN_HIGH,3.7436,-2.0663,0.302,-151.9,-0.56,-0.43,15.0,-0.0728,-0.0076,-0.0095,1.011,,1.886,1.133,,,,,
85.571,SCAN_HIGH,3.7403,-2.0678,0.299,-150.69,-0.57,-0.1,15.0,-0.0716,-0.0145,-0.0025,1.011,,1.917,1.135,,,,,
85.67,SCAN_HIGH,3.7357,-2.0691,0.3,-149.47,-0.95,0.29,15.0,-0.0708,-0.0209,-0.0056,1.038,,1.917,1.135,,,,,
85.696,SCAN_HIGH,3.7325,-2.0698,0.3,-148.43,-1.1,0.39,15.0,-0.0633,-0.0254,0.0009,1.038,,1.946,1.141,,,,,
85.779,SCAN_HIGH,3.7291,-2.071,0.299,-147.5,-1.34,0.37,15.0,-0.056,-0.0319,-0.0021,1.056,,1.946,1.141,,,,,
85.785,SCAN_HIGH,3.7256,-2.0736,0.299,-146.68,-1.38,0.37,15.0,-0.0496,-0.0418,-0.0052,1.056,,1.967,1.153,,,,,
85.86,SCAN_HIGH,3.722,-2.0763,0.302,-145.91,-1.4,0.51,15.0,-0.0432,-0.0512,-0.0009,1.073,,1.967,1.153,,,,,
85.922,SCAN_HIGH,3.7189,-2.0792,0.301,-145.22,-1.08,0.49,15.0,-0.0368,-0.0584,-0.0003,1.073,,1.99,1.159,,,,,
86.035,SCAN_HIGH,3.7173,-2.0822,0.3,-144.46,-1.04,0.68,15.0,-0.0275,-0.0629,-0.0015,1.081,,1.99,1.159,,,,,
86.072,SCAN_HIGH,3.7143,-2.0857,0.299,-143.66,-0.99,0.6,15.0,-0.0225,-0.0679,-0.0022,1.081,,2.02,1.186,,,,,
86.128,SCAN_HIGH,3.7139,-2.0908,0.3,-142.97,-0.89,0.6,15.0,-0.013,-0.0759,-0.002,1.081,,2.02,1.186,,,,,
86.164,SCAN_HIGH,3.7128,-2.0937,0.298,-142.41,-0.75,0.88,15.0,-0.0049,-0.0753,0.0061,1.081,,2.028,1.204,,,,,
86.236,SCAN_HIGH,3.713,-2.0971,0.299,-142.07,-0.65,0.67,15.0,0.0051,-0.0746,0.0012,1.072,,2.028,1.204,,,,,
86.245,SCAN_HIGH,3.713,-2.1012,0.298,-141.79,-0.51,0.74,15.0,0.0114,-0.076,0.0043,1.072,,2.05,1.224,,,,,
86.297,SCAN_HIGH,3.7133,-2.1037,0.302,-141.58,-0.12,0.54,15.0,0.0172,-0.0713,0.0018,1.074,,2.05,1.224,,,,,
86.341,SCAN_HIGH,3.7138,-2.1057,0.298,-141.29,0.13,0.81,15.0,0.0207,-0.0638,0.0104,1.074,,2.052,1.233,,,,,
86.367,SCAN_HIGH,3.7138,-2.1086,0.299,-140.89,0.05,0.77,15.0,0.0231,-0.0584,0.0015,1.071,,2.052,1.233,,,,,
86.456,SCAN_HIGH,3.7155,-2.1106,0.297,-140.28,0.17,0.88,15.0,0.0292,-0.051,0.007,1.071,,2.063,1.241,,,,,
86.476,SCAN_HIGH,3.7164,-2.1134,0.301,-139.55,0.25,0.81,15.0,0.0323,-0.0456,0.0049,1.078,,2.063,1.241,,,,,
86.489,SCAN_HIGH,3.7178,-2.1158,0.301,-138.85,0.26,0.88,15.0,0.0357,-0.04,0.0144,1.078,,2.101,1.261,,,,,
86.549,SCAN_HIGH,3.7189,-2.1162,0.304,-138.15,0.3,0.58,15.0,0.0377,-0.0298,0.0128,1.085,,2.101,1.261,,,,,
86.58,SCAN_HIGH,3.7203,-2.1162,0.305,-137.5,0.53,0.46,15.0,0.0379,-0.0209,0.0125,1.085,,2.121,1.292,,,,,
86.685,SCAN_HIGH,3.7215,-2.1169,0.305,-136.8,0.48,0.4,15.0,0.0359,-0.0147,0.0077,1.099,,2.121,1.292,,,,,
86.701,SCAN_HIGH,3.7167,-2.1161,0.305,-136.03,0.32,0.23,15.0,0.0226,-0.0055,0.0062,1.099,,2.161,1.344,,,,,
86.709,SCAN_HIGH,3.7164,-2.1152,0.307,-135.02,0.53,0.33,15.0,0.0194,0.0012,0.0012,1.123,,2.161,1.344,,,,,
86.797,SCAN_HIGH,3.7158,-2.1147,0.304,-133.76,0.43,0.41,15.0,0.0151,0.0074,-0.0009,1.123,,2.207,,,,,,
86.894,SCAN_HIGH,3.7089,-2.1108,0.307,-132.41,0.5,0.58,15.0,0.0006,0.0225,-0.0081,1.166,,2.207,,,,,,
86.944,SCAN_HIGH,3.7086,-2.1132,0.307,-131.16,0.01,0.25,15.0,-0.0001,0.0199,-0.0008,1.166,,2.289,,,,,,
86.998,SCAN_HIGH,3.7062,-2.1102,0.305,-130.11,-0.21,0.24,15.0,-0.0028,0.0255,-0.0002,1.216,,2.289,,,,,,
87.028,SCAN_HIGH,3.7044,-2.1075,0.304,-129.27,-0.67,0.22,15.0,-0.0023,0.0281,-0.0035,1.216,,2.316,2.033,,,,,
87.05,SCAN_HIGH,3.701,-2.105,0.304,-128.62,-0.85,0.06,15.0,-0.0031,0.028,-0.0088,1.252,,2.316,2.033,,,,,
87.126,SCAN_HIGH,3.7012,-2.103,0.302,-127.95,-0.98,-0.01,15.0,0.004,0.025,-0.0139,1.252,,2.35,,,,,,
87.143,SCAN_HIGH,3.7011,-2.1029,0.302,-127.04,-0.93,0.04,15.0,0.0096,0.0182,-0.019,1.287,,2.35,,,,,,
87.198,SCAN_HIGH,3.6999,-2.1014,0.301,-125.94,-1.07,0.12,15.0,0.0128,0.0151,-0.0153,1.287,,2.377,,,,,,
87.258,SCAN_HIGH,3.6982,-2.1039,0.303,-124.77,-1.09,0.15,15.0,0.0158,0.0037,-0.0087,1.345,,2.377,,,,,,
87.279,SCAN_HIGH,3.6981,-2.1064,0.301,-123.6,-1.07,0.21,15.0,0.022,-0.0059,-0.001,1.345,,2.361,,,,,,
87.357,SCAN_HIGH,3.6993,-2.1061,0.3,-122.51,-1.02,0.21,15.0,0.0304,-0.0076,-0.0023,1.409,,2.361,,,,,,
87.39,SCAN_HIGH,3.7009,-2.1098,0.3,-121.48,-0.85,0.22,15.0,0.0382,-0.0178,0.0014,1.409,,,,,,,,
87.412,SCAN_HIGH,3.7052,-2.1207,0.3,-120.51,-0.78,0.08,15.0,0.0486,-0.0423,0.0007,1.487,,,,,,,,
87.493,SCAN_HIGH,3.7067,-2.1251,0.299,-119.63,-0.36,0.05,15.0,0.0507,-0.0499,-0.0006,1.487,,2.439,,,,,,
87.553,SCAN_HIGH,3.71,-2.1285,0.299,-118.71,-0.22,0.4,15.0,0.0551,-0.0514,0.0007,1.788,,2.439,,,,,,
87.608,SCAN_HIGH,3.7094,-2.1326,0.304,-117.75,-0.21,0.51,15.0,0.0508,-0.0528,0.0084,1.788,,,,,,,,
87.614,SCAN_HIGH,3.7095,-2.1379,0.299,-117.03,-0.17,0.74,15.0,0.0493,-0.0555,0.0243,1.903,,,,,,,,
87.703,SCAN_HIGH,3.7104,-2.1408,0.301,-116.49,0.1,0.94,15.0,0.0491,-0.0501,0.0076,1.903,,,2.055,,,,,
87.738,SCAN_HIGH,3.7128,-2.1457,0.305,-116.04,0.11,0.96,15.0,0.0514,-0.0482,0.0114,1.91,,,2.055,,,,,
87.852,SCAN_HIGH,3.7142,-2.1501,0.306,-115.5,0.22,1.07,15.0,0.0512,-0.0447,0.0207,1.91,,,1.989,,,,,
87.915,SCAN_HIGH,3.7157,-2.1554,0.305,-114.91,0.26,1.34,15.0,0.0509,-0.0424,0.023,1.905,,,1.989,,,,,
87.974,SCAN_HIGH,3.7182,-2.159,0.308,-114.48,0.38,1.39,15.0,0.0533,-0.035,0.0183,1.905,,,1.948,,,,,
87.988,SCAN_HIGH,3.7201,-2.161,0.31,-114.23,0.63,1.44,15.0,0.0531,-0.0234,0.0141,1.901,,,1.948,,,,,
88.047,SCAN_HIGH,3.7241,-2.164,0.309,-113.96,0.84,1.3,15.0,0.0551,-0.0154,0.0151,1.901,,,1.943,,,,,
88.076,SCAN_HIGH,3.7259,-2.165,0.307,-113.69,1.14,1.39,15.0,0.0504,-0.0032,0.006,1.898,,,1.943,,,,,
88.109,SCAN_HIGH,3.729,-2.1665,0.307,-113.46,1.33,1.43,15.0,0.0469,0.0081,-0.0033,1.898,,,1.922,,,,,
88.12,SCAN_HIGH,3.7322,-2.1669,0.309,-113.22,1.33,1.49,15.0,0.0435,0.0209,-0.0023,1.882,,,1.922,,,,,
88.219,SCAN_HIGH,3.7335,-2.1657,0.308,-113.06,1.04,1.48,15.0,0.0371,0.0366,0.0015,1.882,,,1.913,,,,,
88.241,SCAN_HIGH,3.7339,-2.1645,0.307,-112.9,0.76,1.09,15.0,0.0317,0.0488,0.0001,1.877,,,1.913,,,,,
88.306,SCAN_HIGH,3.7348,-2.1593,0.307,-112.41,0.31,0.6,15.0,0.0285,0.0635,0.0019,1.877,,,1.918,,,,,
88.351,SCAN_HIGH,3.735,-2.1567,0.308,-111.79,0.4,0.34,15.0,0.0251,0.067,-0.0015,1.859,,,1.918,,,,,
88.375,SCAN_HIGH,3.7367,-2.1545,0.307,-111.06,0.52,0.27,15.0,0.0232,0.0684,-0.0063,1.859,,,1.891,,,,,
88.432,SCAN_HIGH,3.7378,-2.1517,0.306,-110.15,0.38,0.16,15.0,0.0209,0.0702,-0.0062,1.839,,,1.891,,,,,
88.467,SCAN_HIGH,3.7397,-2.1503,0.303,-109.09,0.69,0.15,15.0,0.0209,0.0653,-0.0113,1.839,,,1.867,,,,,
88.55,SCAN_HIGH,3.7418,-2.1503,0.306,-107.96,0.59,-0.0,15.0,0.0174,0.0633,-0.0152,1.835,,,1.867,,,,,
88.596,SCAN_HIGH,3.743,-2.1473,0.305,-106.82,0.4,-0.0,15.0,0.0142,0.0637,-0.0055,1.835,,,1.836,,,,,
88.673,SCAN_HIGH,3.7426,-2.1492,0.306,-105.83,0.39,0.29,15.0,0.0098,0.0548,-0.0097,1.82,,,1.836,,,,,
88.717,SCAN_HIGH,3.7433,-2.1499,0.307,-105.04,0.57,0.56,15.0,0.008,0.0523,-0.008,1.82,,,1.802,,,,,
88.816,SCAN_HIGH,3.7431,-2.1523,0.304,-104.45,0.48,0.56,15.0,0.0046,0.0478,-0.0044,1.821,,,1.802,,,,,
88.879,SCAN_HIGH,3.7445,-2.1548,0.308,-103.9,0.55,0.54,15.0,0.0047,0.0433,-0.01,1.821,,,1.792,,,,,
88.947,SCAN_HIGH,3.7448,-2.1538,0.308,-103.29,0.74,0.67,15.0,0.0013,0.0471,-0.0034,1.803,,,1.792,,,,,
88.963,SCAN_HIGH,3.743,-2.1585,0.303,-102.56,0.62,0.59,15.0,-0.0059,0.0391,-0.0053,1.803,,,1.776,,,,,
89.024,SCAN_HIGH,3.7441,-2.1649,0.302,-101.71,0.58,0.53,15.0,-0.006,0.0283,-0.0195,1.797,,,1.776,,,,,
89.068,SCAN_HIGH,3.7437,-2.1634,0.302,-100.79,0.63,0.68,15.0,-0.0099,0.0341,-0.0181,1.797,,,1.771,,,,,
89.093,SCAN_HIGH,3.7417,-2.1649,0.3,-99.81,0.76,0.76,15.0,-0.017,0.0351,-0.0205,1.787,,,1.771,,,,,
89.183,SCAN_HIGH,3.7392,-2.1622,0.305,-98.77,0.88,0.57,15.0,-0.026,0.0435,-0.0198,1.787,,,1.749,,,,,
89.21,SCAN_HIGH,3.7371,-2.1593,0.301,-97.51,0.98,0.59,15.0,-0.0346,0.0505,-0.0079,1.775,,,1.749,,,,,
89.285,SCAN_HIGH,3.7351,-2.1593,0.301,-96.18,1.16,0.61,15.0,-0.0424,0.0515,-0.0261,1.775,,,1.735,,,,,
89.321,SCAN_HIGH,3.7236,-2.1571,0.302,-94.84,1.16,0.63,15.0,-0.0707,0.0571,-0.022,1.763,,,1.735,,,,,
89.339,SCAN_HIGH,3.7178,-2.157,0.3,-93.41,0.69,0.35,15.0,-0.0828,0.0568,-0.0153,1.763,,,1.713,,,,,
89.346,SCAN_HIGH,3.7128,-2.1564,0.297,-92.01,0.04,0.32,15.0,-0.0876,0.0552,-0.0161,1.755,,,1.713,,,,,
89.379,SCAN_HIGH,3.7073,-2.1559,0.293,-90.63,-0.37,0.29,15.0,-0.0885,0.0532,-0.0187,1.755,,,1.696,,,,,
89.418,SCAN_HIGH,3.7013,-2.1551,0.291,-89.36,-0.75,0.65,15.0,-0.0873,0.0528,-0.0259,1.747,,,1.696,,,,,
89.522,SCAN_HIGH,3.6964,-2.1544,0.297,-88.33,-0.79,0.74,15.0,-0.0816,0.0544,-0.0224,1.747,,,1.671,,,,,
89.543,SCAN_HIGH,3.691,-2.1531,0.295,-87.39,-0.75,0.84,15.0,-0.0787,0.0578,-0.0038,1.752,,,1.671,,,,,
89.631,SCAN_HIGH,3.6864,-2.1525,0.291,-86.52,-1.09,0.81,15.0,-0.0738,0.06,-0.0042,1.752,,,1.568,,,,,
89.699,SCAN_HIGH,3.6812,-2.1509,0.293,-85.73,-1.22,0.62,15.0,-0.0681,0.0634,-0.0032,1.751,,,1.568,,,,,
89.795,SCAN_HIGH,3.6767,-2.1498,0.294,-85.14,-1.21,0.65,15.0,-0.0612,0.0643,0.0117,1.751,,,,,,,,
89.82,SCAN_HIGH,3.6721,-2.1474,0.292,-84.73,-1.36,0.58,15.0,-0.0548,0.0679,0.0155,1.761,,,,,,,,
89.83,SCAN_HIGH,3.6678,-2.1439,0.297,-84.52,-1.22,0.46,15.0,-0.0486,0.074,0.0088,1.761,,,,,,,,
89.881,SCAN_HIGH,3.6637,-2.1408,0.297,-84.24,-1.57,-0.1,-0.0,-0.042,0.0746,0.0267,1.757,,,,,,,,
89.909,SCAN_HIGH,3.6617,-2.1391,0.295,-83.75,-1.96,-0.18,-0.0,-0.0287,0.069,0.0263,1.757,,,,,,,,
89.922,SCAN_HIGH,3.6592,-2.1374,0.297,-83.23,-1.57,-0.79,-0.0,-0.0183,0.0623,-0.0368,1.764,,,,,,,,
89.958,SCAN_HIGH,3.6584,-2.1356,0.291,-82.62,-0.79,-0.97,-0.0,-0.0102,0.0536,-0.1606,1.764,,,,,,,,
90.033,SCAN_HIGH,3.6588,-2.1341,0.279,-82.08,-0.46,-1.01,-0.0,-0.0039,0.0437,-0.2387,1.768,,,,,,,,
90.061,SCAN_HIGH,3.6584,-2.1331,0.266,-81.42,-0.62,-1.22,-0.0,-0.0005,0.0323,-0.2996,1.768,,1.939,,,,,,
90.126,SCAN_HIGH,3.6622,-2.1396,0.249,-80.83,-0.58,-1.48,-0.0,0.0125,-0.0014,-0.3293,1.768,,1.939,,,,,,
90.162,SCAN_HIGH,3.6604,-2.1387,0.238,-80.24,-0.59,-1.02,-0.0,0.0137,-0.0078,-0.3575,1.768,,,0.886,,,,,
90.226,SCAN_HIGH,3.6545,-2.1345,0.214,-79.74,-0.44,-0.29,-0.0,0.0017,-0.0023,-0.3385,1.77,,,0.886,,,,,
90.262,SCAN_HIGH,3.6493,-2.1322,0.198,-79.37,0.02,0.24,-0.0,-0.0122,0.0012,-0.3752,1.77,,,0.856,,,,,
90.308,SCAN_HIGH,3.6437,-2.1329,0.176,-79.31,-0.09,0.2,-0.0,-0.0286,-0.0032,-0.36,1.775,,,0.856,,,,,
90.397,SCAN_HIGH,3.6441,-2.126,0.167,-79.46,-0.76,0.13,-0.0,-0.016,0.0241,-0.3544,1.775,,,,,,,,
90.424,SCAN_HIGH,3.6448,-2.1219,0.147,-79.64,-0.61,0.32,-0.0,-0.0037,0.0398,-0.3065,1.767,,,,,,,,
90.459,SCAN_HIGH,3.6437,-2.1229,0.131,-79.67,-0.43,0.15,-0.0,-0.0046,0.0296,-0.3102,1.767,,1.88,0.444,,,,,
90.52,SCAN_HIGH,3.6504,-2.1295,0.11,-79.71,-0.59,-0.41,-0.0,0.0189,0.0024,-0.2793,1.764,0.354,1.88,0.444,,,,,
90.594,SCAN_LOW,3.6445,-2.1322,0.098,-79.54,-0.08,-0.11,-0.0,-0.0053,-0.0162,-0.265,1.764,0.354,,0.408,,,,,
90.608,SCAN_LOW,3.6379,-2.1333,0.087,-79.4,0.21,0.28,-0.0,-0.0346,-0.0229,-0.214,1.765,0.313,,0.408,,,,,
90.693,SCAN_LOW,3.6347,-2.1311,0.078,-79.39,0.02,0.52,15.0,-0.0443,-0.0051,-0.1815,1.765,0.313,,0.397,,,,,
90.725,SCAN_LOW,3.6308,-2.1326,0.074,-79.5,-0.04,0.55,15.0,-0.0568,-0.0084,-0.1492,1.759,0.316,,0.397,,,,,
90.775,SCAN_LOW,3.6272,-2.1326,0.063,-79.76,-0.29,0.61,15.0,-0.0644,-0.0007,-0.1272,1.759,0.316,1.866,0.391,,,,,
90.822,SCAN_LOW,3.6234,-2.1325,0.054,-80.13,-0.44,0.65,15.0,-0.072,0.0089,-0.1074,1.762,0.314,1.866,0.391,,,,,
90.874,SCAN_LOW,3.6192,-2.1324,0.05,-80.67,-0.81,0.15,15.0,-0.0794,0.0156,-0.089,1.762,0.314,1.887,0.383,,,,,
90.93,SCAN_LOW,3.6148,-2.1323,0.047,-81.15,-0.95,-0.02,15.0,-0.0895,0.0226,-0.0687,1.741,0.319,1.887,0.383,,,,,
90.98,SCAN_LOW,3.6104,-2.1315,0.043,-81.53,-1.07,-0.28,15.0,-0.087,0.0281,-0.0506,1.741,0.319,,0.378,,,,,
91.012,SCAN_LOW,3.6063,-2.1304,0.042,-81.71,-1.85,-0.58,15.0,-0.0829,0.0313,-0.0239,1.731,0.314,,0.378,,,,,
91.091,SCAN_LOW,3.602,-2.1299,0.045,-81.67,-2.19,-0.79,15.0,-0.0632,0.0382,-0.0094,1.731,0.314,,0.372,,,,,
91.179,SCAN_LOW,3.5987,-2.1289,0.044,-81.43,-2.11,-0.88,15.0,-0.0393,0.0389,0.002,1.724,0.311,,0.372,,,,,
91.232,SCAN_LOW,3.5958,-2.1293,0.047,-80.99,-1.99,-1.07,15.0,-0.0116,0.0431,0.0121,1.724,0.311,1.719,0.37,,,,,
91.275,SCAN_LOW,3.5949,-2.1285,0.053,-80.31,-2.1,-0.91,15.0,0.0129,0.0414,0.0249,1.729,0.309,1.719,0.37,,,,,
91.306,SCAN_LOW,3.5957,-2.1272,0.05,-79.56,-2.12,-1.05,15.0,0.036,0.0391,0.0319,1.729,0.309,,0.373,,,,,
91.363,SCAN_LOW,3.5964,-2.1281,0.052,-78.82,-2.04,-1.1,15.0,0.0655,0.041,0.0196,1.733,0.308,,0.373,,,,,
91.45,SCAN_LOW,3.5998,-2.1272,0.056,-78.12,-1.93,-0.88,15.0,0.0913,0.0373,0.021,1.733,0.308,,0.38,,,,,
91.539,SCAN_LOW,3.6048,-2.1263,0.054,-77.35,-1.35,-0.88,15.0,0.1143,0.0334,0.0244,1.76,0.312,,0.38,,,,,
91.552,SCAN_LOW,3.6108,-2.125,0.056,-76.66,-0.93,-0.91,15.0,0.1281,0.0286,0.0156,1.76,0.312,1.801,0.389,,,,,
91.589,SCAN_LOW,3.6172,-2.1245,0.058,-75.99,-0.5,-0.84,15.0,0.1399,0.0255,0.0102,1.757,0.305,1.801,0.389,,,,,
91.599,SCAN_LOW,3.6246,-2.1235,0.058,-75.33,-0.01,-0.88,15.0,0.1459,0.0172,0.013,1.757,0.305,,0.397,,,,,
91.654,SCAN_LOW,3.6319,-2.1226,0.059,-74.6,0.31,-0.65,15.0,0.1433,0.007,0.0068,1.764,0.304,,0.397,,,,,
91.705,SCAN_LOW,3.6389,-2.122,0.056,-73.79,0.41,-0.36,15.0,0.1361,0.0004,0.0094,1.764,0.304,1.839,0.407,,,,,
91.718,SCAN_LOW,3.6453,-2.1215,0.062,-72.75,0.67,-0.1,15.0,0.1271,-0.0038,-0.0015,1.791,0.306,1.839,0.407,,,,,
91.81,SCAN_LOW,3.6512,-2.1229,0.056,-71.63,0.99,0.15,15.0,0.1199,-0.01,0.006,1.791,0.306,1.838,0.415,,,,,
91.831,SCAN_LOW,3.6562,-2.1235,0.061,-70.49,1.2,0.37,15.0,0.1043,-0.0131,-0.0133,1.815,0.31,1.838,0.415,,,,,
91.889,SCAN_LOW,3.6607,-2.1236,0.058,-69.37,1.4,0.23,15.0,0.0876,-0.0129,0.0026,1.815,0.31,1.853,0.425,,,,,
91.921,SCAN_LOW,3.6637,-2.1237,0.06,-68.17,1.58,-0.0,15.0,0.0656,-0.0161,0.0063,1.832,0.321,1.853,0.425,,,,,
91.972,SCAN_LOW,3.6654,-2.1253,0.055,-67.1,1.69,0.25,15.0,0.0451,-0.0232,0.0065,1.832,0.321,,0.431,,,,,
92.015,SCAN_LOW,3.6656,-2.1268,0.063,-66.12,1.67,0.57,15.0,0.0194,-0.0269,-0.0037,1.858,0.335,,0.431,,,,,
92.061,SCAN_LOW,3.664,-2.1295,0.063,-65.3,1.56,0.68,15.0,-0.0065,-0.0306,0.0193,1.858,0.335,,0.435,,,,,
92.155,SCAN_LOW,3.6608,-2.1324,0.062,-64.57,1.55,0.86,15.0,-0.0333,-0.0328,0.012,1.88,0.353,,0.435,,,,,
92.183,SCAN_LOW,3.6575,-2.1329,0.062,-63.98,0.99,0.82,15.0,-0.0571,-0.0292,-0.0008,1.88,0.353,,0.438,,,,,
92.234,SCAN_LOW,3.6533,-2.1336,0.06,-63.34,0.58,0.67,15.0,-0.0738,-0.0245,0.0012,1.894,0.392,,0.438,,,,,
92.266,SCAN_LOW,3.6485,-2.1351,0.058,-62.72,0.28,0.46,15.0,-0.0839,-0.0215,-0.0084,1.894,0.392,,0.439,,,,,
92.315,SCAN_LOW,3.6438,-2.1354,0.06,-62.3,-0.36,-0.01,15.0,-0.0893,-0.018,-0.0105,1.891,0.479,,0.439,,,,,
92.363,SCAN_LOW,3.6382,-2.1379,0.056,-62.09,-0.97,-0.17,15.0,-0.0876,-0.0193,-0.0013,1.891,0.479,,0.434,,,,,
92.435,SCAN_LOW,3.6344,-2.1386,0.06,-61.73,-1.16,-0.51,15.0,-0.0777,-0.0169,-0.0076,1.889,0.869,,0.434,,,,,
92.493,SCAN_LOW,3.6321,-2.1392,0.058,-61.3,-1.22,-0.59,15.0,-0.0604,-0.0182,-0.0005,1.889,0.869,,0.436,,,,,
92.541,SCAN_LOW,3.6318,-2.1402,0.059,-60.72,-0.92,-0.4,15.0,-0.0411,-0.0233,-0.01,1.894,1.007,,0.436,,,,,
92.629,SCAN_LOW,3.6322,-2.1411,0.061,-60.16,-1.15,-0.24,15.0,-0.0239,-0.0258,-0.0062,1.894,1.007,,0.435,,,,,
92.694,SCAN_LOW,3.6342,-2.1419,0.056,-59.65,-1.3,0.3,15.0,-0.0045,-0.0263,0.0004,1.918,1.02,,0.435,,,,,
92.718,SCAN_LOW,3.6369,-2.1422,0.057,-59.13,-1.09,0.3,15.0,0.0128,-0.0206,-0.0141,1.918,1.02,,0.441,,,,,
92.737,SCAN_LOW,3.6398,-2.1422,0.059,-58.51,-1.17,0.19,15.0,0.0269,-0.0151,-0.0044,1.951,1.006,,0.441,,,,,
92.774,SCAN_LOW,3.6434,-2.142,0.059,-57.75,-1.05,0.46,15.0,0.041,-0.0095,-0.0025,1.951,1.006,,0.445,,,,,
92.846,SCAN_LOW,3.6467,-2.1417,0.059,-56.93,-1.0,0.71,15.0,0.0491,-0.0014,-0.0031,1.971,0.971,,0.445,,,,,
92.919,SCAN_LOW,3.6499,-2.1408,0.059,-55.99,-0.66,0.57,15.0,0.0559,0.0119,0.0002,1.971,0.971,,0.455,,,,,
92.986,SCAN_LOW,3.6538,-2.1387,0.057,-54.97,0.17,0.69,15.0,0.0607,0.0235,-0.0035,2.002,0.909,,0.455,,,,,
93.005,SCAN_LOW,3.6555,-2.1382,0.058,-54.03,0.76,0.85,15.0,0.0495,0.0255,-0.0071,2.002,0.909,,0.467,,,,,
93.033,SCAN_LOW,3.6569,-2.1371,0.059,-53.16,0.82,0.74,15.0,0.0361,0.0274,0.0025,2.02,0.842,,0.467,,,,,
93.063,SCAN_LOW,3.6568,-2.1367,0.062,-52.28,1.03,0.6,15.0,0.0203,0.0261,0.0043,2.02,0.842,,0.474,,,,,
93.196,SCAN_LOW,3.6555,-2.137,0.06,-51.46,1.08,0.54,15.0,0.0016,0.02,0.0107,2.061,0.778,,0.474,,,,,
93.2,SCAN_LOW,3.6526,-2.1381,0.063,-50.76,0.94,0.67,15.0,-0.0185,0.0132,0.004,2.061,0.778,,0.483,,,,,
93.29,SCAN_LOW,3.6489,-2.1392,0.062,-50.18,0.96,0.41,15.0,-0.0383,0.0072,0.0097,2.084,0.733,,0.483,,,,,
93.318,SCAN_LOW,3.6444,-2.1409,0.058,-49.65,0.72,0.26,15.0,-0.0552,-0.0016,0.0045,2.084,0.733,,0.48,,,,,
93.324,SCAN_LOW,3.64,-2.1436,0.057,-49.19,0.43,0.25,15.0,-0.0658,-0.0113,-0.0059,2.116,0.702,,0.48,,,,,
93.417,SCAN_LOW,3.6349,-2.1458,0.063,-48.8,0.03,0.16,15.0,-0.0757,-0.0169,-0.0082,2.116,0.702,,0.487,,,,,
93.507,SCAN_LOW,3.6301,-2.1484,0.064,-48.46,-0.31,0.06,15.0,-0.0788,-0.0214,0.0153,2.098,0.679,,0.487,,,,,
93.603,SCAN_LOW,3.6261,-2.1499,0.06,-48.09,-0.96,-0.16,15.0,-0.0748,-0.0203,0.0111,2.098,0.679,,0.488,,,,,
93.617,SCAN_LOW,3.623,-2.1517,0.062,-47.63,-1.37,-0.17,15.0,-0.0646,-0.0188,0.0011,2.11,0.663,,0.488,,,,,
93.674,SCAN_LOW,3.6217,-2.1524,0.066,-47.04,-1.72,-0.29,15.0,-0.0464,-0.0117,0.0063,2.11,0.663,,0.495,,,,,
93.739,SCAN_LOW,3.6207,-2.1526,0.062,-46.37,-1.98,-0.61,15.0,-0.0283,-0.0041,0.0045,2.087,0.639,,0.495,,,,,
93.806,SCAN_LOW,3.6225,-2.1514,0.064,-45.48,-2.08,-0.14,15.0,0.0001,0.0098,-0.004,2.087,0.639,,0.51,,,,,
93.901,SCAN_LOW,3.6252,-2.1496,0.065,-44.5,-2.12,-0.25,15.0,0.0245,0.0258,0.0086,2.141,0.612,,0.51,,,,,
93.914,SCAN_LOW,3.6309,-2.146,0.064,-43.38,-1.8,-0.36,15.0,0.0555,0.042,0.0043,2.141,0.612,,0.535,,,,,
93.931,SCAN_LOW,3.6362,-2.1425,0.063,-42.15,-1.47,-0.23,15.0,0.0789,0.0574,0.0028,2.172,0.592,,0.535,,,,,
93.973,SCAN_LOW,3.6429,-2.1383,0.065,-40.88,-0.96,0.24,15.0,0.0984,0.0701,0.0063,2.172,0.592,,0.568,,,,,
94.01,SCAN_LOW,3.6494,-2.1339,0.065,-39.63,-0.29,0.42,15.0,0.1066,0.0793,0.0028,2.136,0.573,,0.568,,,,,
94.054,SCAN_LOW,3.6552,-2.1293,0.066,-38.48,0.19,0.61,15.0,0.1067,0.0854,-0.0007,2.136,0.573,,0.632,,,,,
94.095,SCAN_LOW,3.6608,-2.1247,0.063,-37.44,0.44,0.55,15.0,0.103,0.0889,0.0037,,0.563,,0.632,,,,,
94.105,SCAN_LOW,3.6657,-2.12,0.065,-36.57,1.1,0.24,15.0,0.096,0.0874,0.0015,,0.563,,0.738,,,,,
94.111,SCAN_LOW,3.6702,-2.1161,0.065,-35.89,1.53,0.35,15.0,0.0868,0.0781,0.0074,,0.556,,0.738,,,,,
94.192,SCAN_LOW,3.6735,-2.1141,0.066,-35.24,1.75,0.69,15.0,0.0731,0.0632,-0.0008,,0.556,,0.884,,,,,
94.261,SCAN_LOW,3.6761,-2.1126,0.064,-34.58,2.06,1.0,15.0,0.0559,0.0495,-0.0021,,0.55,,0.884,,,,,
94.321,SCAN_LOW,3.6771,-2.1109,0.064,-33.81,1.98,1.14,15.0,0.0315,0.0352,-0.0073,,0.55,,,,,,,
94.325,SCAN_LOW,3.6764,-2.1107,0.066,-33.0,1.81,1.1,15.0,0.0057,0.021,-0.0098,,0.533,,,,,,,
94.413,SCAN_LOW,3.6746,-2.1087,0.064,-32.15,1.59,0.94,15.0,-0.0234,0.0091,-0.0034,,0.533,,,,,,,
94.423,SCAN_LOW,3.6715,-2.1096,0.066,-31.47,1.18,0.69,15.0,-0.0441,-0.0026,-0.0087,1.941,0.521,,,,,,,
94.524,SCAN_LOW,3.6674,-2.1102,0.065,-30.74,0.91,0.35,15.0,-0.0613,-0.0123,-0.0064,1.941,0.521,,1.079,,,,,
94.562,SCAN_LOW,3.6635,-2.1103,0.061,-29.96,0.62,0.13,15.0,-0.0725,-0.0176,-0.0009,1.818,0.509,,1.079,,,,,
94.593,SCAN_LOW,3.6595,-2.1112,0.064,-29.35,0.4,-0.65,15.0,-0.0753,-0.0233,-0.0059,1.818,0.509,,1.133,,,,,
94.622,SCAN_LOW,3.6556,-2.1121,0.064,-28.86,-0.14,-0.62,15.0,-0.0721,-0.0271,-0.0002,,0.493,,1.133,,,,,
94.682,SCAN_LOW,3.6526,-2.114,0.059,-28.41,-0.35,-0.49,15.0,-0.0637,-0.0277,0.0035,,0.493,0.36,,,,,,
94.742,SCAN_LOW,3.6504,-2.1158,0.063,-27.83,-0.63,-0.52,15.0,-0.0532,-0.0268,-0.0045,,0.485,0.36,,,,,,
94.831,SCAN_LOW,3.6488,-2.1164,0.065,-27.24,-0.75,-0.66,15.0,-0.0404,-0.0176,0.0072,,0.485,0.351,,,,,,
94.84,SCAN_LOW,3.647,-2.1167,0.064,-26.65,-0.83,-0.72,15.0,-0.0305,-0.0103,0.0091,,0.482,0.351,,,,,,
94.891,SCAN_LOW,3.6478,-2.1161,0.066,-26.13,-0.65,-0.87,15.0,-0.0081,0.0031,0.0122,,0.482,0.338,,,,,,
94.908,SCAN_LOW,3.6496,-2.1145,0.065,-25.67,-0.03,-0.66,15.0,0.0139,0.0174,0.0212,,0.478,0.338,,,,,,
94.989,SCAN_LOW,3.6512,-2.1131,0.063,-25.23,0.57,-0.26,15.0,0.0243,0.0223,0.0211,,0.478,0.333,,,,,,
95.015,SCAN_LOW,3.6526,-2.1121,0.064,-24.78,0.31,0.05,15.0,0.025,0.0186,0.0099,,0.474,0.333,,,,,,
95.107,SCAN_LOW,3.6542,-2.1111,0.066,-24.38,0.11,0.2,15.0,0.0272,0.0204,0.0096,,0.474,0.33,,,,,,
95.166,SCAN_LOW,3.6555,-2.1098,0.07,-23.75,-0.05,0.21,15.0,0.0253,0.0233,0.0122,2.04,0.471,0.33,,,,,,
95.209,SCAN_LOW,3.6558,-2.1075,0.069,-22.97,0.14,0.18,15.0,0.02,0.0302,0.0141,2.04,0.471,0.319,,,,,,
95.272,SCAN_LOW,3.6562,-2.1055,0.069,-22.0,0.38,-0.06,15.0,0.0164,0.0314,0.0069,,0.463,0.319,,,,,,
95.325,SCAN_LOW,3.6557,-2.1036,0.074,-20.86,0.59,0.04,15.0,0.0087,0.0299,0.0006,,0.463,0.313,,,,,,
95.332,SCAN_LOW,3.6557,-2.1016,0.073,-19.55,0.7,0.02,15.0,0.0043,0.0274,0.0085,,0.456,0.313,,,,,,
95.404,SCAN_LOW,3.6552,-2.0999,0.073,-18.11,0.83,0.05,15.0,-0.0013,0.0227,-0.0007,,0.456,0.307,,,,,,
95.498,SCAN_LOW,3.6546,-2.0983,0.074,-16.63,0.91,0.38,15.0,-0.008,0.0182,0.0009,,0.444,0.307,,,,,,
95.582,SCAN_LOW,3.6539,-2.0977,0.069,-15.24,0.75,0.38,15.0,-0.0145,0.0114,-0.0032,,0.444,0.302,,,,,,
95.622,SCAN_LOW,3.6509,-2.0955,0.067,-13.9,0.9,0.17,15.0,-0.0316,0.0088,-0.0183,,0.434,0.302,,,,,,
95.646,SCAN_LOW,3.649,-2.0952,0.064,-12.78,0.85,0.11,15.0,-0.036,0.0008,-0.0099,,0.434,0.296,,,,,,
95.689,SCAN_LOW,3.647,-2.0953,0.068,-11.83,1.1,-0.22,15.0,-0.0387,-0.0081,-0.0073,,0.428,0.296,,,,,,
95.751,SCAN_LOW,3.6451,-2.0962,0.069,-11.09,1.21,-0.38,15.0,-0.0372,-0.0207,0.0066,,0.428,0.295,,,,,,
95.838,SCAN_LOW,3.6434,-2.0989,0.067,-10.5,1.09,-0.21,15.0,-0.035,-0.0361,0.0117,,0.425,0.295,,,,,,
95.9,SCAN_LOW,3.6419,-2.1017,0.069,-9.96,0.94,-0.57,15.0,-0.0313,-0.0491,0.0061,,0.425,0.296,,,,,,
95.917,SCAN_LOW,3.6409,-2.1048,0.069,-9.44,1.05,-0.55,15.0,-0.0239,-0.0599,0.0144,,0.419,0.296,,,,,,
95.944,SCAN_LOW,3.6407,-2.1089,0.073,-9.0,0.57,-0.51,15.0,-0.0151,-0.0699,0.0095,,0.419,0.297,,,,,,
95.985,SCAN_LOW,3.6407,-2.113,0.072,-8.48,0.27,-0.54,15.0,-0.0063,-0.0738,0.0091,,0.422,0.297,,,,,,
96.019,SCAN_LOW,3.6413,-2.1168,0.076,-7.77,-0.1,-0.52,15.0,0.0039,-0.0734,-0.0018,,0.422,0.299,1.692,,,,,
96.026,SCAN_LOW,3.6432,-2.1207,0.072,-7.05,-0.12,-0.24,15.0,0.0153,-0.0727,0.0029,,0.414,0.299,1.692,,,,,
96.095,SCAN_LOW,3.6453,-2.1237,0.071,-6.17,-0.3,-0.31,15.0,0.0247,-0.0685,-0.0081,,0.414,0.301,1.711,,,,,
96.128,SCAN_LOW,3.6475,-2.1262,0.075,-5.16,-0.36,0.03,15.0,0.0312,-0.0614,-0.0024,,0.415,0.301,1.711,,,,,
96.175,SCAN_LOW,3.6497,-2.1283,0.073,-4.07,-0.56,0.24,15.0,0.0326,-0.0529,0.0112,,0.415,0.3,1.706,,,,,
96.255,SCAN_LOW,3.6515,-2.1305,0.069,-3.12,-0.57,-0.28,15.0,0.0341,-0.0467,0.0083,,0.415,0.3,1.706,,,,,
96.32,SCAN_LOW,3.6528,-2.1324,0.072,-2.29,-0.76,0.08,15.0,0.0343,-0.038,0.0015,,0.415,0.305,1.715,,,,,
96.335,SCAN_LOW,3.6566,-2.1322,0.074,-1.37,-0.71,0.06,15.0,0.0408,-0.0267,0.0081,,0.416,0.305,1.715,,,,,
96.43,SCAN_LOW,3.6601,-2.1315,0.076,-0.32,-0.97,0.19,15.0,0.0449,-0.014,0.0026,,0.416,0.307,1.724,,,,,
96.48,SCAN_LOW,3.6638,-2.1309,0.073,0.83,-0.87,0.66,15.0,0.0458,-0.0051,0.0047,,0.414,0.307,1.724,,,,,
96.571,SCAN_LOW,3.6663,-2.1302,0.073,2.02,-0.87,0.68,15.0,0.0402,0.0052,-0.0009,,0.414,0.304,1.716,,,,,
96.582,SCAN_LOW,3.6679,-2.1298,0.072,3.21,-0.42,0.56,15.0,0.0338,0.0113,-0.0027,,0.418,0.304,1.716,,,,,
96.643,SCAN_LOW,3.6703,-2.1281,0.074,4.45,0.16,1.0,15.0,0.0287,0.0139,-0.0019,,0.418,0.302,1.682,,,,,
96.658,SCAN_LOW,3.6713,-2.1279,0.074,5.63,0.33,1.23,15.0,0.0182,0.0087,0.0047,,0.42,0.302,1.682,,,,,
96.674,SCAN_LOW,3.6713,-2.128,0.077,6.66,0.44,1.0,15.0,0.0061,0.0036,0.0046,,0.42,0.305,1.642,,,,,
96.735,SCAN_LOW,3.6707,-2.129,0.073,7.43,0.36,1.0,15.0,-0.0046,-0.0034,0.0111,,0.421,0.305,1.642,,,,,
96.771,SCAN_LOW,3.6701,-2.1309,0.076,8.16,0.95,0.98,15.0,-0.0111,-0.0154,0.0009,,0.421,0.3,1.636,,,,,
96.835,SCAN_LOW,3.6691,-2.134,0.077,8.71,0.69,1.37,15.0,-0.0187,-0.0298,0.0041,1.817,0.421,0.3,1.636,,,,,
96.877,SCAN_LOW,3.6676,-2.1382,0.079,9.22,0.56,1.14,15.0,-0.0274,-0.0436,0.0,1.817,0.421,0.308,1.63,,,,,
96.947,SCAN_LOW,3.6646,-2.1449,0.079,9.68,0.07,1.03,15.0,-0.0378,-0.0602,0.0036,1.815,0.422,0.308,1.63,,,,,
97.046,SCAN_LOW,3.6625,-2.1497,0.076,10.18,-0.15,0.64,15.0,-0.0432,-0.0653,0.0009,1.815,0.422,0.309,1.709,,,,,
97.087,SCAN_LOW,3.6607,-2.1553,0.077,10.89,-0.38,0.28,15.0,-0.0422,-0.0705,-0.0078,1.777,0.422,0.309,1.709,,,,,
97.093,SCAN_LOW,3.6586,-2.1601,0.077,11.57,-0.65,-0.09,15.0,-0.0427,-0.0702,-0.005,1.777,0.422,0.315,1.71,,,,,
97.158,SCAN_LOW,3.6572,-2.1646,0.074,12.2,-0.99,-0.25,15.0,-0.0385,-0.0673,-0.0118,1.78,0.423,0.315,1.71,,,,,
97.233,SCAN_LOW,3.6564,-2.1687,0.075,12.69,-0.71,-0.2,15.0,-0.0338,-0.0659,-0.0183,1.78,0.423,0.317,1.727,,,,,
97.287,SCAN_LOW,3.6564,-2.1715,0.074,13.04,-0.74,-0.56,15.0,-0.0256,-0.0602,-0.0066,1.763,0.425,0.317,1.727,,,,,
97.313,SCAN_LOW,3.6565,-2.1744,0.075,13.33,-1.13,-0.55,15.0,-0.0182,-0.0552,-0.0035,1.763,0.425,0.328,1.733,,,,,
97.356,SCAN_LOW,3.6573,-2.1766,0.078,13.42,-1.46,-0.48,15.0,-0.0111,-0.0461,0.0059,1.798,0.425,0.328,1.733,,,,,
97.422,SCAN_LOW,3.6581,-2.1779,0.076,13.54,-2.0,-0.12,15.0,-0.0077,-0.0315,0.0057,1.798,0.425,0.328,1.747,,,,,
97.431,SCAN_LOW,3.6596,-2.1776,0.079,13.81,-2.31,0.15,15.0,-0.0068,-0.0113,-0.0,1.825,0.425,0.328,1.747,,,,,
97.479,SCAN_LOW,3.6597,-2.1771,0.077,14.11,-2.05,0.26,15.0,-0.0123,0.0084,0.0134,1.825,0.425,0.33,1.755,,,,,
97.511,SCAN_LOW,3.6583,-2.1766,0.077,14.65,-1.66,-0.05,15.0,-0.0184,0.0251,0.005,,0.426,0.33,1.755,,,,,
97.58,SCAN_LOW,3.6569,-2.1747,0.079,15.35,-1.43,-0.29,15.0,-0.0217,0.0423,0.0111,,0.426,0.335,1.731,,,,,
97.606,SCAN_LOW,3.6566,-2.1718,0.081,16.22,-0.85,-0.33,15.0,-0.0194,0.0519,0.0118,1.815,0.429,0.335,1.731,,,,,
97.671,SCAN_LOW,3.6549,-2.1698,0.078,17.23,-0.45,-0.2,15.0,-0.021,0.0558,0.0041,1.815,0.429,0.336,1.737,,,,,
97.719,SCAN_LOW,3.6542,-2.1669,0.079,18.21,-0.35,-0.11,15.0,-0.0198,0.0589,-0.0068,1.821,0.432,0.336,1.737,,,,,
97.812,SCAN_LOW,3.6535,-2.1644,0.078,18.96,-0.42,-0.11,15.0,-0.0197,0.059,-0.0012,1.821,0.432,0.346,1.736,,,,,
97.884,SCAN_LOW,3.6525,-2.1623,0.078,19.64,-0.18,-0.03,15.0,-0.0208,0.0559,-0.0063,1.847,0.435,0.346,1.736,,,,,
97.89,SCAN_LOW,3.6519,-2.1605,0.076,20.19,0.04,-0.06,15.0,-0.02,0.0487,-0.0019,1.847,0.435,0.347,,,,,,
97.945,SCAN_LOW,3.6514,-2.1584,0.076,20.74,0.05,-0.13,15.0,-0.0168,0.0466,-0.0091,1.846,0.435,0.347,,,,,,
98.0,SCAN_LOW,3.6511,-2.1572,0.078,21.44,-0.1,0.06,15.0,-0.0158,0.0392,-0.0133,1.846,0.435,0.354,1.748,,,,,
98.132,SCAN_LOW,3.651,-2.1565,0.072,22.3,0.11,-0.06,15.0,-0.0141,0.031,0.0002,1.892,0.438,0.354,1.748,,,,,
98.164,SCAN_LOW,3.6496,-2.1555,0.076,23.17,0.25,-0.31,15.0,-0.0176,0.0238,-0.0139,1.892,0.438,0.377,1.753,,,,,
98.176,SCAN_LOW,3.649,-2.1554,0.074,23.95,0.2,-0.34,15.0,-0.0148,0.0151,0.0019,,0.44,0.377,1.753,,,,,
98.247,SCAN_LOW,3.6489,-2.1556,0.076,24.59,-0.15,-0.15,15.0,-0.0115,0.0098,-0.0016,,0.44,0.409,1.79,,,,,
98.292,SCAN_LOW,3.6485,-2.1557,0.074,25.11,-0.12,-0.1,15.0,-0.0107,0.0076,-0.0014,,0.442,0.409,1.79,,,,,
98.398,SCAN_LOW,3.6485,-2.1568,0.075,25.57,-0.53,0.12,15.0,-0.0116,-0.0001,-0.0084,,0.442,0.435,1.8,,,,,
98.41,SCAN_LOW,3.6481,-2.1577,0.077,25.97,-0.7,0.41,15.0,-0.0161,-0.0014,-0.0021,,0.44,0.435,1.8,,,,,
98.477,SCAN_LOW,3.6468,-2.1578,0.079,26.37,-0.7,0.48,15.0,-0.0247,0.0014,0.0011,,0.44,0.46,1.827,,,,,
98.495,SCAN_LOW,3.645,-2.1577,0.074,26.86,-0.71,0.16,15.0,-0.0323,0.005,0.0073,,0.444,0.46,1.827,,,,,
98.547,SCAN_LOW,3.6431,-2.157,0.076,27.43,-0.56,-0.15,15.0,-0.0361,0.0108,-0.0059,,0.444,0.553,1.836,,,,,
98.6,SCAN_LOW,3.6412,-2.1566,0.073,28.11,-0.73,-0.34,15.0,-0.0369,0.0162,0.005,,0.444,0.553,1.836,,,,,
98.614,SCAN_LOW,3.6379,-2.1555,0.077,28.85,-0.65,-0.48,15.0,-0.0433,0.024,0.0012,,0.444,0.898,1.867,,,,,
98.624,SCAN_LOW,3.6362,-2.1538,0.074,29.74,-0.77,-0.91,15.0,-0.0386,0.0348,0.009,,0.45,0.898,1.867,,,,,
98.702,SCAN_LOW,3.6349,-2.151,0.075,30.72,-0.79,-1.04,15.0,-0.0323,0.0499,-0.0017,,0.45,1.013,1.875,,,,,
98.707,SCAN_LOW,3.6336,-2.1484,0.076,31.81,-0.63,-1.0,15.0,-0.027,0.06,0.0019,,0.452,1.013,1.875,,,,,
98.786,SCAN_LOW,3.6329,-2.1448,0.079,32.98,-0.41,-0.73,15.0,-0.0202,0.0697,0.0006,,0.452,1.036,1.909,,,,,
98.839,SCAN_LOW,3.6329,-2.1406,0.078,34.12,-0.02,-0.21,15.0,-0.0138,0.0752,0.0106,,0.459,1.036,1.909,,,,,
98.916,SCAN_LOW,3.6329,-2.1364,0.08,35.2,-0.03,0.09,15.0,-0.01,0.0773,0.0085,,0.459,1.007,1.941,,,,,
98.922,SCAN_LOW,3.6326,-2.1326,0.081,36.17,0.11,0.09,15.0,-0.0099,0.0764,0.0161,,0.468,1.007,1.941,,,,,
99.007,SCAN_LOW,3.6321,-2.1293,0.08,37.07,0.43,-0.16,15.0,-0.0081,0.0721,0.0105,,0.468,0.959,1.94,,,,,
99.077,SCAN_LOW,3.6322,-2.1265,0.08,38.07,0.62,-0.16,15.0,-0.0027,0.0646,-0.0006,,0.475,0.959,1.94,,,,,
99.203,SCAN_LOW,3.6324,-2.1237,0.077,39.25,0.73,0.07,15.0,0.0019,0.0569,-0.0043,,0.475,,1.924,,,,,
99.237,SCAN_LOW,3.6328,-2.1215,0.078,40.5,0.99,0.26,15.0,0.0067,0.0459,-0.0064,,0.493,,1.924,,,,,
99.281,SCAN_LOW,3.6334,-2.1196,0.079,41.58,0.88,0.63,15.0,0.0106,0.0363,-0.0011,,0.493,,1.84,,,,,
99.314,SCAN_LOW,3.6341,-2.1181,0.077,42.54,0.66,0.43,15.0,0.0111,0.0266,-0.0036,,0.503,,1.84,,,,,
99.387,SCAN_LOW,3.6347,-2.1172,0.076,43.25,0.51,0.2,15.0,0.0128,0.0191,-0.0011,,0.503,0.729,1.887,,,,,
99.422,SCAN_LOW,3.6356,-2.1168,0.079,43.83,0.44,0.53,15.0,0.015,0.0122,0.0031,,0.518,0.729,1.887,,,,,
99.446,SCAN_LOW,3.6365,-2.1167,0.079,44.32,0.31,0.37,15.0,0.0155,0.0063,0.0078,,0.518,0.687,,,,,,
99.482,SCAN_LOW,3.6372,-2.1166,0.078,44.76,0.42,0.47,15.0,0.0148,0.0001,0.004,,0.525,0.687,,,,,,
99.526,SCAN_LOW,3.638,-2.1173,0.08,45.11,0.2,0.5,15.0,0.0145,-0.0074,0.0027,,0.525,0.665,,,,,,
99.572,SCAN_LOW,3.6388,-2.1181,0.083,45.33,0.01,0.25,15.0,0.0133,-0.0111,0.0079,,0.533,0.665,,,,,,
99.625,SCAN_LOW,3.6394,-2.1187,0.08,45.51,0.13,0.31,15.0,0.0116,-0.0136,0.011,,0.533,0.654,,,,,,
99.653,SCAN_LOW,3.6398,-2.1187,0.082,45.62,0.27,0.25,15.0,0.0097,-0.0139,0.0025,,0.539,0.654,,,,,,
99.713,SCAN_LOW,3.6407,-2.1199,0.081,45.85,0.19,0.34,15.0,0.0123,-0.018,0.0068,,0.539,0.65,2.067,,,,,
99.728,SCAN_LOW,3.6413,-2.1191,0.081,46.13,-0.02,0.46,15.0,0.0099,-0.0146,0.002,,0.544,0.65,2.067,,,,,
99.809,SCAN_LOW,3.6417,-2.1197,0.082,46.6,0.1,0.14,15.0,0.0079,-0.0163,0.0004,,0.544,0.639,,,,,,
99.83,SCAN_LOW,3.6417,-2.1196,0.079,47.28,0.09,0.03,15.0,0.0063,-0.0146,0.0048,,0.562,0.639,,,,,,
99.905,SCAN_LOW,3.6434,-2.1211,0.079,47.94,0.08,-0.06,15.0,0.013,-0.0163,-0.0044,,0.562,0.62,,,,,,
99.93,SCAN_LOW,3.6447,-2.1199,0.08,48.61,-0.08,-0.05,15.0,0.0155,-0.0083,-0.0073,,0.584,0.62,,,,,,
99.997,SCAN_LOW,3.6462,-2.1196,0.083,49.28,0.14,-0.05,15.0,0.0188,-0.0053,0.0058,,0.584,0.601,1.965,,,,,
100.033,SCAN_LOW,3.6474,-2.1187,0.084,50.17,0.19,0.06,15.0,0.0211,-0.0015,0.008,,0.62,0.601,1.965,,,,,
100.084,SCAN_LOW,3.6486,-2.118,0.082,51.25,0.27,0.43,15.0,0.0212,-0.0017,0.0032,,0.62,0.576,1.875,,,,,
100.159,SCAN_LOW,3.6497,-2.1184,0.082,52.51,0.28,0.35,15.0,0.0214,-0.0068,-0.0099,,,0.576,1.875,,,,,
100.193,SCAN_LOW,3.6513,-2.1198,0.082,53.95,0.37,0.32,15.0,0.0245,-0.0143,-0.0133,,,0.556,,,,,,
100.224,SCAN_LOW,3.6531,-2.1208,0.085,55.45,0.07,0.67,15.0,0.0259,-0.0196,-0.0131,,1.114,0.556,,,,,,
100.295,SCAN_LOW,3.6549,-2.1221,0.084,56.99,-0.2,0.54,15.0,0.0253,-0.0247,-0.0087,,1.114,0.531,,,,,,
100.312,SCAN_LOW,3.6566,-2.1247,0.08,58.49,-0.42,0.17,15.0,0.0243,-0.0303,-0.0044,,1.254,0.531,,,,,,
100.366,SCAN_LOW,3.6578,-2.1266,0.08,59.87,-0.71,0.23,15.0,0.0198,-0.0306,-0.0176,,1.254,0.508,,,,,,
100.407,SCAN_LOW,3.6595,-2.128,0.078,60.91,-0.78,0.15,15.0,0.0179,-0.0284,-0.013,0.362,1.325,0.508,,,,,,
100.457,SCAN_LOW,3.6604,-2.13,0.076,61.85,-1.0,0.19,15.0,0.0109,-0.0284,-0.0128,0.362,1.325,0.491,1.722,,,,,
100.538,SCAN_LOW,3.6617,-2.1314,0.076,62.73,-1.06,0.18,15.0,0.007,-0.0266,-0.0089,0.353,,0.491,1.722,,,,,
100.57,SCAN_LOW,3.6615,-2.1324,0.075,63.43,-1.01,0.07,15.0,-0.0031,-0.0226,-0.0012,0.353,,0.483,,,,,,
100.621,SCAN_LOW,3.6602,-2.1341,0.074,63.96,-1.21,-0.27,15.0,-0.0153,-0.0193,-0.0008,0.346,1.613,0.483,,,,,,
100.679,SCAN_LOW,3.6588,-2.135,0.071,64.48,-1.04,-0.48,15.0,-0.0246,-0.0118,-0.0029,0.346,1.613,0.474,,,,,,
100.716,SCAN_LOW,3.6579,-2.134,0.078,65.04,-0.75,-0.16,15.0,-0.0299,-0.0011,-0.0103,0.344,1.789,0.474,,,,,,
100.813,SCAN_LOW,3.6562,-2.1334,0.08,65.56,-0.64,-0.15,15.0,-0.0359,0.0052,0.0178,0.344,1.789,0.47,,,,,,
100.829,SCAN_LOW,3.6546,-2.1311,0.077,66.13,-0.32,0.14,15.0,-0.039,0.0144,0.0173,0.342,1.839,0.47,,,,,,
100.878,SCAN_LOW,3.6524,-2.1295,0.082,66.7,-0.24,0.27,15.0,-0.0431,0.0174,0.0035,0.342,1.839,0.461,,,,,,
100.91,SCAN_LOW,3.6495,-2.1281,0.082,67.26,-0.37,0.0,15.0,-0.0493,0.02,0.0107,0.338,1.888,0.461,,,,,,
100.964,SCAN_LOW,3.648,-2.1267,0.076,67.86,-0.4,-0.13,15.0,-0.0477,0.0222,0.0006,0.338,1.888,0.457,,,,,,
101.05,SCAN_LOW,3.6462,-2.1244,0.076,68.5,-0.06,-0.11,15.0,-0.0466,0.0292,-0.011,0.331,1.908,0.457,,,,,,
101.056,SCAN_LOW,3.6437,-2.1226,0.078,69.23,0.23,0.33,15.0,-0.0468,0.0306,-0.0084,0.331,1.908,0.444,,,,,,
101.163,SCAN_LOW,3.6413,-2.1205,0.081,69.97,0.51,0.21,15.0,-0.0454,0.0308,0.0033,0.332,1.876,0.444,,,,,,
101.209,SCAN_LOW,3.6392,-2.1185,0.078,70.72,0.75,-0.07,15.0,-0.0393,0.0322,0.0105,0.332,1.876,0.439,,,,,,
101.303,SCAN_LOW,3.6377,-2.1172,0.078,71.43,0.56,0.61,15.0,-0.0321,0.0285,0.0008,0.32,1.854,0.439,,,,,,
101.325,SCAN_LOW,3.6363,-2.116,0.078,72.12,0.79,0.54,15.0,-0.0278,0.0212,0.0027,0.32,1.854,0.432,,,,,,
101.357,SCAN_LOW,3.635,-2.1149,0.077,72.69,0.85,0.65,15.0,-0.0221,0.0163,0.0016,0.32,,0.432,,,,,,
101.436,SCAN_LOW,3.6341,-2.1144,0.079,73.27,0.7,0.9,15.0,-0.0168,0.0089,-0.0066,0.32,,0.428,,,,,,
101.494,SCAN_LOW,3.6334,-2.1142,0.08,73.72,0.69,0.97,15.0,-0.0133,-0.0013,0.0054,0.321,1.803,0.428,,,,,,
101.505,SCAN_LOW,3.6332,-2.1151,0.083,74.14,0.51,1.0,15.0,-0.0102,-0.0169,0.013,0.321,1.803,0.424,,,,,,
101.519,SCAN_LOW,3.6337,-2.117,0.082,74.66,0.42,0.9,15.0,-0.0026,-0.027,0.0199,0.315,1.818,0.424,,,,,,
101.58,SCAN_LOW,3.634,-2.1193,0.085,75.38,0.22,0.56,15.0,0.0005,-0.0379,0.0059,0.315,1.818,0.417,,,,,,
101.615,SCAN_LOW,3.6338,-2.1209,0.083,76.24,0.16,0.07,15.0,-0.0004,-0.0394,0.0034,0.315,1.82,0.417,,,,,,
101.707,SCAN_LOW,3.6337,-2.1226,0.087,77.21,0.34,-0.34,15.0,0.0016,-0.038,-0.0049,0.315,1.82,0.41,,,,,,
101.73,SCAN_LOW,3.6342,-2.124,0.082,78.33,-0.03,-0.06,15.0,0.0061,-0.0319,0.0002,0.315,1.809,0.41,,,,,,
101.755,SCAN_LOW,3.6345,-2.1246,0.082,79.5,-0.1,-0.17,15.0,0.0058,-0.0257,-0.0157,0.315,1.809,0.403,,,,,,
101.818,SCAN_LOW,3.6348,-2.1257,0.082,80.63,-0.25,-0.34,15.0,0.0048,-0.0223,-0.01,0.309,1.801,0.403,,,,,,
101.897,SCAN_LOW,3.6344,-2.1259,0.076,81.73,-0.2,-0.34,15.0,0.0008,-0.0152,-0.0045,0.309,1.801,0.407,,,,,,
101.958,SCAN_LOW,3.6348,-2.1252,0.079,82.82,-0.05,-0.57,15.0,0.0016,-0.0054,-0.0148,0.307,1.8,0.407,,,,,,
102.042,SCAN_LOW,3.634,-2.1232,0.08,83.67,-0.12,-0.21,15.0,-0.0018,0.0088,0.0037,0.307,1.8,0.394,,,,,,
102.049,SCAN_LOW,3.6321,-2.1205,0.082,84.24,0.05,-0.09,15.0,-0.0086,0.0212,0.005,0.302,1.789,0.394,,,,,,
102.056,SCAN_LOW,3.6317,-2.1173,0.083,84.68,0.2,0.08,15.0,-0.0082,0.0306,0.0012,0.302,1.789,0.398,,,,,,
102.145,SCAN_LOW,3.6313,-2.1151,0.08,85.19,0.37,0.45,15.0,-0.0059,0.0316,0.0018,0.303,1.772,0.398,,,,,,
102.251,SCAN_LOW,3.6312,-2.1131,0.081,85.65,0.91,0.5,15.0,-0.0011,0.0296,-0.0036,0.303,1.772,0.396,,,,,,
102.344,SCAN_LOW,3.6322,-2.1107,0.081,86.09,1.0,1.1,15.0,0.0114,0.0289,-0.0033,0.299,1.767,0.396,,,,,,
102.423,SCAN_LOW,3.6338,-2.1099,0.082,86.5,1.15,1.32,15.0,0.0235,0.0165,-0.0031,0.299,1.767,0.399,,,,,,
102.489,SCAN_LOW,3.6359,-2.1095,0.081,86.9,1.08,1.38,15.0,0.0378,0.0063,-0.0057,0.301,1.759,0.399,,,,,,
102.567,SCAN_LOW,3.6387,-2.1101,0.079,87.42,0.52,1.14,15.0,0.0497,-0.005,-0.0085,0.301,1.759,0.399,,,,,,
102.689,SCAN_LOW,3.6416,-2.111,0.078,88.13,0.28,0.94,15.0,0.0551,-0.0158,-0.0126,0.298,1.764,0.399,,,,,,
102.724,SCAN_LOW,3.6446,-2.1124,0.078,88.89,-0.09,0.66,15.0,0.0569,-0.0244,-0.0137,0.298,1.764,0.399,,,,,,
102.743,SCAN_LOW,3.6476,-2.1137,0.078,89.73,-0.05,0.25,15.0,0.0568,-0.0277,-0.0104,0.297,1.762,0.399,,,,,,
102.8,SCAN_LOW,3.6506,-2.1154,0.078,90.77,-0.09,0.48,15.0,0.0581,-0.031,-0.0041,0.297,1.762,0.401,,,,,,
102.815,SCAN_LOW,3.654,-2.1171,0.077,91.79,-0.35,0.47,15.0,0.0595,-0.0346,-0.0034,0.306,1.766,0.401,,,,,,
102.825,SCAN_LOW,3.6573,-2.1186,0.079,92.68,-0.75,0.32,-0.0,0.0573,-0.0366,0.0002,0.306,1.766,0.4,,,,,,
102.871,SCAN_LOW,3.66,-2.1196,0.078,93.48,-0.72,0.19,-0.0,0.0498,-0.036,0.0061,0.301,1.768,0.4,,,,,,
102.881,SCAN_LOW,3.663,-2.1203,0.082,94.05,-0.89,-0.22,-0.0,0.0455,-0.0327,0.0022,0.301,1.768,0.407,1.846,,,,,
102.886,SCAN_LOW,3.6651,-2.1206,0.082,94.56,-0.95,-0.01,-0.0,0.036,-0.0275,0.0139,0.301,1.756,0.407,1.846,,,,,
102.891,SCAN_LOW,3.6671,-2.1199,0.082,94.96,-0.97,-0.11,-0.0,0.0275,-0.0223,-0.0014,0.301,1.756,0.405,,,,,,
102.925,SCAN_LOW,3.6685,-2.1193,0.079,95.21,-0.88,-0.73,-0.0,0.0183,-0.0146,-0.0075,0.307,1.762,0.405,,,,,,
102.976,SCAN_LOW,3.6697,-2.1182,0.082,95.4,-0.6,-0.58,-0.0,0.0112,-0.0048,-0.0143,0.307,1.762,0.407,,,,,,
103.005,SCAN_LOW,3.6704,-2.1166,0.079,95.64,-0.18,-0.25,-0.0,0.0062,0.0041,-0.0037,0.302,1.764,0.407,,,,,,
103.069,SCAN_LOW,3.672,-2.1146,0.081,95.96,-0.2,-0.05,-0.0,0.0092,0.0093,-0.0022,0.302,1.764,0.409,,,,,,
103.123,SCAN_LOW,3.6732,-2.1133,0.08,96.19,-0.55,-0.01,-0.0,0.0089,0.0109,0.0147,0.309,1.759,0.409,,,,,,
103.189,SCAN_LOW,3.6748,-2.1119,0.077,96.51,-0.84,0.02,-0.0,0.0079,0.0116,0.0144,0.309,1.759,0.41,,,,,,
103.214,SCAN_LOW,3.6756,-2.1111,0.083,96.8,-0.85,0.0,-0.0,0.0022,0.0112,0.0217,0.299,1.759,0.41,,,,,,
103.267,SCAN_LOW,3.6756,-2.1099,0.082,97.0,-0.81,-0.05,-0.0,-0.0053,0.0127,0.0505,0.299,1.759,0.408,,,,,,
103.318,SCAN_LOW,3.6747,-2.1105,0.086,97.11,-0.93,0.25,-0.0,-0.0134,0.007,0.0527,0.307,1.76,0.408,,,,,,
103.401,SCAN_LOW,3.6737,-2.108,0.086,96.94,-0.97,0.32,-0.0,-0.0239,0.0114,0.0616,0.307,1.76,0.411,,,,,,
103.415,SCAN_LOW,3.6725,-2.108,0.089,96.6,-0.3,0.64,-0.0,-0.0283,0.0051,0.0679,0.309,1.753,0.411,,,,,,
103.464,SCAN_LOW,3.6707,-2.1094,0.094,96.22,0.19,0.38,-0.0,-0.029,-0.0053,0.0805,0.309,1.753,0.413,,,,,,
103.518,SCAN_LOW,3.6696,-2.1096,0.101,95.99,0.6,-0.04,-0.0,-0.0245,-0.0061,0.0869,0.314,1.762,0.413,,,,,,
103.581,SCAN_LOW,3.6703,-2.112,0.101,95.82,0.65,-0.28,-0.0,-0.0108,-0.0138,0.0998,0.314,1.762,0.418,,,,,,
103.633,SCAN_LOW,3.6704,-2.1123,0.11,95.75,0.48,-0.34,-0.0,-0.0041,-0.0092,0.092,0.325,1.773,0.418,,,,,,
103.667,SCAN_LOW,3.6684,-2.1109,0.117,95.69,0.14,-0.11,-0.0,-0.0071,0.0081,0.1138,0.325,1.773,0.422,,,,,,
103.728,SCAN_LOW,3.6695,-2.1098,0.123,95.62,0.05,-0.04,-0.0,-0.0001,0.0109,0.114,0.35,1.771,0.422,,,,,,
103.79,SCAN_LOW,3.6722,-2.1095,0.126,95.56,-0.16,0.16,-0.0,0.0098,0.0065,0.1156,0.35,1.771,0.434,,,,,,
103.807,SCAN_LOW,3.6741,-2.1099,0.134,95.59,-0.32,0.31,-0.0,0.0136,-0.0005,0.1111,0.441,1.758,0.434,,,,,,
103.891,SCAN_LOW,3.6765,-2.1108,0.141,95.8,-0.37,0.41,-0.0,0.0175,-0.0085,0.1129,0.441,1.758,0.445,1.757,,,,,
103.931,SCAN_LOW,3.6781,-2.1126,0.144,96.19,-0.23,0.47,-0.0,0.018,-0.0186,0.1178,,1.766,0.445,1.757,,,,,
103.969,SCAN_LOW,3.6794,-2.115,0.151,96.76,-0.23,0.41,-0.0,0.0181,-0.0292,0.1163,,1.766,0.49,,,,,,
104.011,SCAN_LOW,3.6811,-2.1169,0.162,97.29,-0.32,0.08,-0.0,0.0194,-0.0335,0.1286,,1.763,0.49,,,,,,
104.086,SCAN_LOW,3.6833,-2.1204,0.168,97.73,-0.77,-0.54,-0.0,0.0202,-0.0399,0.1399,,1.763,0.583,,,,,,
104.113,SCAN_LOW,3.6844,-2.1226,0.176,98.01,-0.75,-0.89,-0.0,0.0135,-0.0364,0.1433,,1.756,0.583,,,,,,
104.168,SCAN_LOW,3.686,-2.1242,0.181,98.15,-0.65,-1.08,-0.0,0.0103,-0.0289,0.1461,,1.756,0.726,,,,,,
104.223,SCAN_LOW,3.6866,-2.1262,0.189,98.22,-0.71,-1.01,-0.0,0.0042,-0.0233,0.1405,,1.756,0.726,,,,,,
104.268,SCAN_LOW,3.6883,-2.1279,0.187,98.23,-0.61,-0.69,-0.0,0.0027,-0.0195,0.1446,,1.756,0.902,,,,,,
104.318,SCAN_LOW,3.6891,-2.1293,0.194,98.18,-0.75,-0.63,-0.0,-0.0009,-0.017,0.1279,,1.747,0.902,,,,,,
104.366,SCAN_LOW,3.6895,-2.1298,0.198,97.96,-0.84,-0.56,-0.0,-0.0068,-0.0126,0.1359,,1.747,0.93,1.816,,,,,
104.432,SCAN_LOW,3.6897,-2.1355,0.207,97.65,-0.7,-0.18,-0.0,-0.0106,-0.0249,0.1325,,1.747,0.93,1.816,,,,,
104.467,SCAN_LOW,3.6895,-2.1372,0.216,97.25,-0.64,-0.14,-0.0,-0.0151,-0.0255,0.1427,,1.747,0.962,,,,,,
104.519,SCAN_LOW,3.6898,-2.1379,0.226,96.8,-0.3,-0.08,-0.0,-0.0171,-0.0241,0.1563,,1.753,0.962,,,,,,
104.571,SCAN_LOW,3.6897,-2.139,0.236,96.34,0.1,-0.37,-0.0,-0.0161,-0.0227,0.1669,,1.753,0.996,,,,,,
104.631,SCAN_LOW,3.6892,-2.1455,0.249,95.92,0.5,-0.33,-0.0,-0.0115,-0.0313,0.1802,,1.745,0.996,,,,,,
104.668,SCAN_LOW,3.6891,-2.1461,0.254,95.66,1.01,-0.48,-0.0,-0.006,-0.0269,0.1911,,1.745,1.043,1.831,,,,,
104.749,SCAN_LOW,3.6887,-2.1468,0.264,95.57,0.62,-0.27,-0.0,-0.0,-0.0211,0.1732,,1.746,1.043,1.831,,,,,
104.77,SCAN_LOW,3.6921,-2.1465,0.271,95.64,0.33,-0.4,-0.0,0.0121,-0.0157,0.1717,,1.746,,,,,,,
104.833,SCAN_LOW,3.7081,-2.1354,0.279,95.84,0.17,-0.56,-0.0,0.0516,0.016,0.1535,,1.746,,,,,,,
104.862,SCAN_LOW,3.7132,-2.1352,0.285,95.99,-0.47,-0.17,-0.0,0.0561,0.0167,0.1461,,1.746,,,,,,,
104.908,SCAN_LOW,3.7176,-2.1359,0.294,96.06,-0.86,-0.05,-0.0,0.0548,0.0124,0.1281,,1.733,,,,,,,
104.977,SCAN_LOW,3.7212,-2.1356,0.3,95.96,-1.29,0.06,-0.0,0.0482,0.0108,0.1235,,1.733,,,,,,,
105.023,SCAN_LOW,3.7238,-2.1376,0.308,95.73,-1.39,0.28,-0.0,0.0383,0.0028,0.1162,,1.735,,,,,,,
105.082,SCAN_LOW,3.7253,-2.139,0.31,95.36,-1.46,0.52,-0.0,0.0265,-0.005,0.1077,,1.735,,,,,,,
105.123,SCAN_LOW,3.7263,-2.1394,0.321,94.93,-1.33,0.59,-0.0,0.0153,-0.0104,0.0869,,1.731,,,,,,,
105.218,ROTATION_SCAN,3.7274,-2.1425,0.326,94.51,-0.99,0.52,-0.0,0.0065,-0.0214,0.0959,,1.731,1.284,,,,,,
105.337,ROTATION_SCAN,3.7254,-2.1478,0.329,94.15,-0.44,0.42,-0.0,-0.004,-0.0343,0.0909,,1.728,1.284,,,,,,
105.354,ROTATION_SCAN,3.725,-2.152,0.333,93.94,-0.44,0.03,-0.0,-0.0075,-0.0414,0.0683,,1.728,1.369,,,,,,
105.431,ROTATION_SCAN,3.7247,-2.1579,0.333,93.9,-0.37,-0.26,-0.0,-0.0105,-0.0484,0.0633,,1.714,1.369,,,,,,
105.471,ROTATION_SCAN,3.7235,-2.1628,0.338,93.98,-0.31,-0.56,-0.0,-0.0147,-0.0506,0.0429,,1.714,,,,,,,
105.586,ROTATION_SCAN,3.7225,-2.1672,0.336,94.17,-0.27,-0.83,15.0,-0.0178,-0.0486,0.0391,,1.715,,,,,,,
105.635,ROTATION_SCAN,3.7224,-2.1736,0.337,94.52,-0.14,-0.93,15.0,-0.0189,-0.0479,0.0205,,1.715,1.036,,,,,,
105.644,ROTATION_SCAN,3.7196,-2.1779,0.336,95.13,0.1,-1.08,15.0,-0.0231,-0.0432,0.0161,,1.711,1.036,,,,,,
105.679,ROTATION_SCAN,3.7202,-2.1804,0.341,96.02,0.18,-1.24,15.0,-0.0196,-0.0363,0.0081,,1.711,0.951,,,,,,
105.723,ROTATION_SCAN,3.7203,-2.1838,0.341,96.94,0.3,-1.23,15.0,-0.0155,-0.0276,0.0145,,1.704,0.951,,,,,,
105.736,ROTATION_SCAN,3.7198,-2.1862,0.339,97.98,0.41,-1.28,15.0,-0.0143,-0.0182,0.0085,,1.704,0.897,,,,,,
105.745,ROTATION_SCAN,3.7186,-2.1886,0.342,99.04,0.5,-1.19,15.0,-0.0133,-0.0125,0.0019,,1.707,0.897,,,,,,
105.789,ROTATION_SCAN,3.7219,-2.1857,0.339,100.1,0.45,-1.01,15.0,-0.0038,0.0032,0.0044,,1.707,0.875,,,,,,
105.824,ROTATION_SCAN,3.7246,-2.1844,0.34,101.18,0.33,-0.96,15.0,0.0043,0.0149,-0.007,,1.707,0.875,,,,,,
105.896,ROTATION_SCAN,3.7288,-2.1825,0.341,102.1,0.07,-0.99,15.0,0.0104,0.023,-0.0059,,1.707,0.854,1.88,,,,,
105.927,ROTATION_SCAN,3.7317,-2.1801,0.34,102.92,0.12,-0.79,15.0,0.012,0.0347,-0.0027,,1.712,0.854,1.88,,,,,
106.026,ROTATION_SCAN,3.7327,-2.176,0.339,103.75,0.06,-0.5,15.0,0.0143,0.0439,-0.0067,,1.712,0.852,,,,,,
106.071,ROTATION_SCAN,3.7327,-2.1741,0.339,104.53,-0.21,-0.46,15.0,0.0113,0.0457,-0.0092,,1.718,0.852,,,,,,
106.131,ROTATION_SCAN,3.7369,-2.1713,0.342,105.2,-0.55,-0.26,15.0,0.014,0.0484,-0.0086,,1.718,0.854,1.858,,,,,
106.157,ROTATION_SCAN,3.7405,-2.1679,0.341,105.78,-0.73,-0.39,15.0,0.0137,0.051,-0.0032,,1.732,0.854,1.858,,,,,
106.163,ROTATION_SCAN,3.7398,-2.1659,0.343,106.38,-0.98,-0.31,15.0,0.0039,0.0511,-0.0081,,1.732,0.857,1.846,,,,,
106.245,ROTATION_SCAN,3.7392,-2.1624,0.341,106.98,-0.97,-0.42,15.0,-0.006,0.0533,-0.0071,,1.739,0.857,1.846,,,,,
106.397,ROTATION_SCAN,3.7392,-2.1591,0.339,107.6,-0.96,-0.36,15.0,-0.0139,0.0553,-0.0185,,1.739,0.859,1.852,,,,,
106.434,ROTATION_SCAN,3.7362,-2.1546,0.336,108.09,-1.07,-0.13,15.0,-0.0266,0.0582,-0.0211,1.157,1.756,0.859,1.852,,,,,
106.493,ROTATION_SCAN,3.7323,-2.1503,0.333,108.57,-0.89,-0.04,15.0,-0.0394,0.0586,-0.0293,1.157,1.756,0.857,1.828,,,,,
106.568,ROTATION_SCAN,3.729,-2.149,0.333,109.07,-0.7,0.16,15.0,-0.0482,0.0535,-0.0369,1.15,1.763,0.857,1.828,,,,,
106.679,ROTATION_SCAN,3.7255,-2.1482,0.33,109.54,-0.53,0.24,15.0,-0.0543,0.0467,-0.032,1.15,1.763,0.858,1.821,,,,,
106.754,ROTATION_SCAN,3.7242,-2.1464,0.332,109.85,-0.34,0.31,15.0,-0.0546,0.0423,-0.0392,1.139,1.772,0.858,1.821,,,,,
106.763,ROTATION_SCAN,3.7179,-2.1469,0.33,110.18,-0.04,0.66,15.0,-0.0617,0.0331,-0.0284,1.139,1.772,0.856,1.852,,,,,
106.787,ROTATION_SCAN,3.7139,-2.144,0.325,110.53,0.24,0.87,15.0,-0.061,0.0299,-0.028,1.133,1.782,0.856,1.852,,,,,
106.889,ROTATION_SCAN,3.71,-2.1437,0.324,110.95,0.36,0.87,15.0,-0.0577,0.0213,-0.0377,1.133,1.782,0.855,1.848,,,,,
106.927,ROTATION_SCAN,3.7062,-2.1426,0.325,111.37,0.57,0.75,15.0,-0.0539,0.0165,-0.0342,1.136,1.786,0.855,1.848,,,,,
107.036,ROTATION_SCAN,3.7036,-2.1417,0.32,111.79,0.7,0.75,15.0,-0.0468,0.0123,-0.0247,1.136,1.786,0.851,1.862,,,,,
107.086,ROTATION_SCAN,3.7005,-2.1427,0.32,112.35,0.88,0.55,15.0,-0.0405,0.0064,-0.0343,1.131,1.798,0.851,1.862,,,,,
107.112,ROTATION_SCAN,3.7002,-2.1435,0.32,113.0,0.94,0.48,15.0,-0.0286,0.0035,-0.0248,1.131,1.798,0.855,,,,,,
107.154,ROTATION_SCAN,3.7007,-2.1451,0.32,113.62,1.03,0.17,15.0,-0.0166,0.0003,-0.0211,1.134,1.811,0.855,,,,,,
107.17,ROTATION_SCAN,3.701,-2.1445,0.319,114.29,0.9,0.1,15.0,-0.0061,0.0041,-0.0163,1.134,1.811,0.859,,,,,,
107.286,ROTATION_SCAN,3.7022,-2.1446,0.318,114.94,0.92,-0.0,15.0,0.0036,0.0065,-0.0129,1.14,1.813,0.859,,,,,,
107.33,ROTATION_SCAN,3.7024,-2.1415,0.318,115.53,0.78,0.28,15.0,0.0111,0.0155,-0.0088,1.14,1.813,0.865,,,,,,
107.339,ROTATION_SCAN,3.703,-2.138,0.313,116.03,0.66,0.18,15.0,0.0175,0.0223,-0.0102,1.138,1.834,0.865,,,,,,
107.353,ROTATION_SCAN,3.7062,-2.1389,0.316,116.61,0.79,0.51,15.0,0.028,0.0185,-0.0204,1.138,1.834,0.869,,,,,,
107.37,ROTATION_SCAN,3.7099,-2.1417,0.313,117.17,0.74,0.52,15.0,0.0394,0.0083,-0.0084,1.14,1.843,0.869,,,,,,
107.427,ROTATION_SCAN,3.7081,-2.1341,0.314,117.74,0.54,0.36,15.0,0.039,0.024,-0.0152,1.14,1.843,0.885,,,,,,
107.434,ROTATION_SCAN,3.6988,-2.1151,0.312,118.41,0.39,0.21,15.0,0.0229,0.0636,-0.0082,1.142,1.864,0.885,,,,,,
107.444,ROTATION_SCAN,3.6995,-2.1123,0.312,119.2,0.33,0.4,15.0,0.0255,0.0622,-0.0086,1.142,1.864,0.904,,,,,,
107.451,ROTATION_SCAN,3.6999,-2.1094,0.316,120.08,0.05,0.67,15.0,0.0278,0.0587,-0.0073,1.154,1.891,0.904,,,,,,
107.456,ROTATION_SCAN,3.7025,-2.1078,0.312,121.12,-0.29,0.98,15.0,0.0327,0.0495,0.0033,1.154,1.891,0.922,,,,,,
107.537,ROTATION_SCAN,3.7046,-2.1043,0.315,122.09,-0.29,1.05,15.0,0.0365,0.0441,0.0002,1.163,1.92,0.922,,,,,,
107.602,ROTATION_SCAN,3.7074,-2.1022,0.313,123.01,-0.46,0.85,15.0,0.0404,0.0355,0.0075,1.163,1.92,0.956,,,,,,
107.65,ROTATION_SCAN,3.7106,-2.1019,0.317,124.04,-0.66,0.69,15.0,0.0427,0.0254,-0.003,1.179,1.951,0.956,,,,,,
107.703,ROTATION_SCAN,3.7142,-2.0999,0.315,125.1,-0.83,0.7,15.0,0.0438,0.0193,0.0043,1.179,1.951,0.99,,,,,,
107.796,ROTATION_SCAN,3.7154,-2.0999,0.317,126.14,-0.86,0.97,15.0,0.0398,0.0077,-0.0081,1.2,1.977,0.99,,,,,,
107.847,ROTATION_SCAN,3.7163,-2.1001,0.316,127.11,-0.77,0.99,15.0,0.0367,-0.0042,-0.0094,1.2,1.977,1.021,,,,,,
107.916,ROTATION_SCAN,3.7206,-2.1019,0.312,128.03,-0.72,1.07,15.0,0.0428,-0.0171,-0.0143,1.234,2.012,1.021,,,,,,
107.953,ROTATION_SCAN,3.7203,-2.1031,0.314,128.9,-0.43,1.09,15.0,0.0385,-0.0286,-0.0251,1.234,2.012,1.034,,,,,,
107.959,ROTATION_SCAN,3.7205,-2.1023,0.314,129.73,-0.27,0.97,15.0,0.0373,-0.0326,-0.0142,1.271,2.032,1.034,,,,,,
107.985,ROTATION_SCAN,3.7258,-2.1094,0.311,130.57,-0.22,1.13,15.0,0.0499,-0.0516,-0.012,1.271,2.032,1.032,,,,,,
108.028,ROTATION_SCAN,3.7291,-2.1119,0.31,131.57,-0.19,1.13,15.0,0.0568,-0.0592,-0.014,1.316,2.065,1.032,,,,,,
108.083,ROTATION_SCAN,3.732,-2.1139,0.313,132.68,-0.12,0.72,15.0,0.0609,-0.0642,-0.0087,1.316,2.065,1.035,,,,,,
108.117,ROTATION_SCAN,3.7344,-2.1155,0.311,133.93,-0.36,0.29,15.0,0.0617,-0.0648,-0.0004,1.403,2.124,1.035,,,,,,
108.205,ROTATION_SCAN,3.7379,-2.1175,0.313,135.14,-0.43,-0.41,15.0,0.0608,-0.0644,-0.0091,1.403,2.124,1.051,,,,,,
108.24,ROTATION_SCAN,3.7401,-2.1201,0.31,136.23,-0.49,-1.0,15.0,0.0528,-0.062,-0.0138,,2.185,1.051,,,,,,
108.258,ROTATION_SCAN,3.741,-2.1214,0.308,137.26,-0.61,-1.76,15.0,0.038,-0.0545,-0.0318,,2.185,1.076,,,,,,
108.329,ROTATION_SCAN,3.7437,-2.1235,0.303,138.22,-0.57,-1.73,15.0,0.026,-0.0468,-0.0314,1.965,2.227,1.076,,,,,,
108.388,ROTATION_SCAN,3.7411,-2.124,0.307,139.18,-0.47,-1.59,15.0,0.003,-0.0373,-0.04,1.965,2.227,1.106,,,,,,
108.461,ROTATION_SCAN,3.7406,-2.1226,0.304,140.2,-0.42,-1.55,15.0,-0.0115,-0.025,-0.0217,2.046,2.271,1.106,,,,,,
108.55,ROTATION_SCAN,3.74,-2.1225,0.302,141.06,-0.25,-0.92,15.0,-0.0221,-0.0174,-0.0183,2.046,2.271,1.141,,,,,,
108.589,ROTATION_SCAN,3.7369,-2.1237,0.3,141.77,-0.25,-0.35,15.0,-0.0322,-0.016,-0.0109,2.558,2.27,1.141,,,,,,
108.644,ROTATION_SCAN,3.7309,-2.1177,0.302,142.41,-0.05,-0.14,15.0,-0.0457,-0.002,-0.0142,2.558,2.27,1.166,,,,,,
108.653,ROTATION_SCAN,3.7294,-2.116,0.304,143.11,0.1,0.45,15.0,-0.0436,0.0015,-0.0034,,2.278,1.166,,,,,,
108.671,ROTATION_SCAN,3.7256,-2.1138,0.298,143.82,0.19,0.92,15.0,-0.0423,0.0036,0.0046,,2.278,1.19,,,,,,
108.76,ROTATION_SCAN,3.7247,-2.1127,0.3,144.56,-0.09,0.86,15.0,-0.0335,0.0022,-0.0118,,2.333,1.19,,,,,,
108.842,ROTATION_SCAN,3.7244,-2.111,0.3,145.26,-0.5,0.7,15.0,-0.0261,0.0002,-0.0021,,2.333,1.207,,,,,,
108.918,ROTATION_SCAN,3.7242,-2.109,0.3,146.0,-0.79,0.76,15.0,-0.0223,-0.0029,-0.0035,,2.376,1.207,,,,,,
108.965,ROTATION_SCAN,3.7224,-2.1101,0.299,146.82,-0.98,0.93,15.0,-0.0219,-0.0147,-0.0034,,2.376,1.249,,,,,,
109.012,ROTATION_SCAN,3.7194,-2.1077,0.304,147.59,-0.96,0.95,15.0,-0.0247,-0.0188,-0.0036,,2.389,1.249,,,,,,
109.028,ROTATION_SCAN,3.718,-2.1092,0.302,148.25,-0.74,0.74,15.0,-0.0229,-0.0294,0.0025,,2.389,1.296,,,,,,
109.039,ROTATION_SCAN,3.7174,-2.1122,0.298,148.89,-0.68,0.63,15.0,-0.0196,-0.0404,-0.003,,,1.296,,,,,,
109.054,ROTATION_SCAN,3.715,-2.1151,0.3,149.62,-0.57,0.53,15.0,-0.0216,-0.0498,-0.0102,,,1.316,,,,,,
109.131,ROTATION_SCAN,3.7136,-2.118,0.3,150.41,-0.27,0.43,15.0,-0.0206,-0.0558,0.0046,,,1.316,,,,,,
109.208,ROTATION_SCAN,3.7115,-2.1218,0.301,151.2,0.01,0.43,15.0,-0.021,-0.0609,0.0094,,,1.344,,,,,,
109.289,ROTATION_SCAN,3.7084,-2.1224,0.302,151.94,0.18,0.57,15.0,-0.0215,-0.057,0.0153,2.143,2.266,1.344,,,,,,
109.317,ROTATION_SCAN,3.7064,-2.1254,0.303,152.66,0.14,0.57,15.0,-0.0193,-0.0582,0.0162,2.143,2.266,1.427,,,,,,
109.357,ROTATION_SCAN,3.704,-2.1278,0.299,153.5,0.37,0.6,15.0,-0.0177,-0.0575,0.0139,,,1.427,,,,,,
109.41,ROTATION_SCAN,3.7017,-2.1281,0.302,154.46,0.34,0.66,15.0,-0.0151,-0.0508,0.0043,,,1.626,,,,,,
109.436,ROTATION_SCAN,3.7005,-2.13,0.301,155.5,0.13,0.7,15.0,-0.0101,-0.0491,0.0167,1.929,,1.626,,,,,,
109.495,ROTATION_SCAN,3.6994,-2.1312,0.302,156.54,0.07,0.87,15.0,-0.0056,-0.0479,0.0128,1.929,,1.817,,,,,,
109.548,ROTATION_SCAN,3.6936,-2.1326,0.304,157.45,-0.03,1.01,15.0,-0.0108,-0.0478,0.0138,1.867,,1.817,,,,,,
109.586,ROTATION_SCAN,3.6928,-2.1341,0.307,158.19,-0.19,0.84,15.0,-0.005,-0.0491,0.0179,1.867,,1.861,,,,,,
109.649,ROTATION_SCAN,3.6915,-2.1361,0.307,158.96,-0.19,1.01,15.0,-0.0009,-0.052,0.0238,1.831,,1.861,,,,,,
109.734,ROTATION_SCAN,3.6898,-2.1382,0.308,159.95,-0.08,0.98,15.0,0.0021,-0.0545,0.0146,1.831,,1.862,,,,,,
109.762,ROTATION_SCAN,3.6881,-2.1419,0.307,161.01,0.13,1.09,15.0,0.0056,-0.0598,0.0147,1.798,,1.862,,,,,,
109.806,ROTATION_SCAN,3.6872,-2.1457,0.308,162.08,-0.05,0.96,15.0,0.0113,-0.0635,0.0076,1.798,,1.832,,,,,,
109.852,ROTATION_SCAN,3.6878,-2.1489,0.313,162.96,-0.4,0.8,15.0,0.0175,-0.0673,0.0087,1.771,,1.832,,,,,,
109.97,ROTATION_SCAN,3.6871,-2.1523,0.309,163.63,-0.62,0.72,15.0,0.0187,-0.0733,0.0142,1.771,,1.813,,,,,,
109.992,ROTATION_SCAN,3.6852,-2.1582,0.309,164.3,-0.31,0.74,15.0,0.0165,-0.0842,-0.0032,1.749,,1.813,,,,,,
110.021,ROTATION_SCAN,3.6844,-2.1628,0.31,164.84,-0.02,0.76,15.0,0.0185,-0.0884,-0.0086,1.749,,1.789,,,,,,
110.067,ROTATION_SCAN,3.6847,-2.1682,0.31,165.4,0.46,1.0,15.0,0.0236,-0.0909,-0.003,1.738,,1.789,,,,,,
110.154,ROTATION_SCAN,3.6829,-2.1738,0.308,165.92,1.07,0.95,15.0,0.0265,-0.09,-0.0007,1.738,,1.775,,,,,,
110.246,ROTATION_SCAN,3.6827,-2.1776,0.31,166.38,1.42,0.84,15.0,0.0327,-0.0805,-0.0044,1.727,,1.775,,,,,,
110.384,ROTATION_SCAN,3.6832,-2.1803,0.311,166.94,2.03,0.67,15.0,0.0399,-0.0655,-0.0028,1.727,,1.765,,,,,,
110.392,ROTATION_SCAN,3.6844,-2.1824,0.308,167.59,2.29,0.41,15.0,0.0464,-0.0468,-0.006,1.719,,1.765,,,,,,
110.462,ROTATION_SCAN,3.6866,-2.1851,0.309,168.36,2.4,0.4,15.0,0.0533,-0.0297,-0.0154,1.719,,1.755,,,,,,
110.469,ROTATION_SCAN,3.6887,-2.1851,0.308,169.11,2.21,0.2,15.0,0.0584,-0.0081,-0.0153,1.704,,1.755,,,,,,
110.475,ROTATION_SCAN,3.6905,-2.1847,0.306,169.95,1.81,-0.02,15.0,0.0599,0.0103,-0.0233,1.704,,1.746,,,,,,
110.485,ROTATION_SCAN,3.6922,-2.1838,0.306,170.74,1.38,0.12,15.0,0.0598,0.0248,-0.0239,1.702,,1.746,,,,,,
110.49,ROTATION_SCAN,3.6947,-2.1811,0.305,171.47,1.2,0.34,15.0,0.0623,0.0386,-0.0153,1.702,,1.739,,,,,,
110.528,ROTATION_SCAN,3.6969,-2.1781,0.306,172.11,1.03,0.47,15.0,0.0652,0.0504,-0.0163,1.693,,1.739,,,,,,
110.574,ROTATION_SCAN,3.6999,-2.1742,0.305,172.7,0.96,0.32,15.0,0.069,0.0611,-0.0121,1.693,,1.732,,,,,,
110.62,ROTATION_SCAN,3.7032,-2.1697,0.304,173.2,1.01,0.2,15.0,0.0719,0.0723,-0.0094,1.689,,1.732,,,,,,
110.72,ROTATION_SCAN,3.7057,-2.1647,0.305,173.69,0.89,0.01,15.0,0.0717,0.0838,-0.0084,1.689,,1.732,,,,,,
110.726,ROTATION_SCAN,3.7077,-2.1607,0.304,174.13,0.58,-0.33,15.0,0.0681,0.0903,-0.0049,1.689,,1.732,,,,,,
110.78,ROTATION_SCAN,3.7099,-2.1584,0.301,174.68,0.18,-0.75,15.0,0.0618,0.0892,-0.0085,1.689,,1.726,,,,,,
110.87,ROTATION_SCAN,3.7113,-2.1532,0.302,175.31,-0.09,-1.17,15.0,0.0508,0.0926,-0.018,1.691,,1.726,,,,,,
110.926,ROTATION_SCAN,3.7134,-2.1475,0.299,175.96,-0.24,-1.07,15.0,0.0405,0.0945,-0.0134,1.691,,1.735,,,,,,
110.933,ROTATION_SCAN,3.7129,-2.1415,0.302,176.43,-0.23,-1.03,15.0,0.0264,0.0964,-0.0193,1.683,,1.735,,,,,,
110.966,ROTATION_SCAN,3.7109,-2.1393,0.301,176.7,-0.65,-0.64,15.0,0.0118,0.0886,-0.0125,1.683,,1.736,,,,,,
111.039,ROTATION_SCAN,3.7095,-2.1362,0.299,177.0,-0.85,-0.14,15.0,0.0039,0.0802,-0.0114,1.686,,1.736,,,,,,
111.061,ROTATION_SCAN,3.7081,-2.1337,0.299,177.34,-1.01,-0.02,15.0,-0.0002,0.0699,-0.0096,1.686,,1.728,,,,,,
111.126,ROTATION_SCAN,3.7075,-2.1315,0.297,177.69,-0.96,0.15,15.0,-0.0018,0.059,-0.0051,1.684,,1.728,,,,,,
111.201,ROTATION_SCAN,3.7069,-2.1284,0.3,177.93,-0.93,0.4,15.0,-0.0011,0.0518,-0.0087,1.684,,1.732,,,,,,
111.226,ROTATION_SCAN,3.7058,-2.1248,0.298,178.09,-1.2,0.53,15.0,-0.0003,0.0452,0.0011,1.683,,1.732,,,,,,
111.301,ROTATION_SCAN,3.7056,-2.1224,0.298,178.21,-1.29,0.56,15.0,0.0035,0.0356,-0.0057,1.683,,1.734,,,,,,
111.391,ROTATION_SCAN,3.7066,-2.1214,0.296,178.38,-1.18,0.63,15.0,0.0099,0.0234,-0.0025,1.679,,1.734,,,,,,
111.443,ROTATION_SCAN,3.7081,-2.1216,0.297,178.6,-0.97,0.4,15.0,0.0169,0.012,-0.0081,1.679,,1.739,,,,,,
111.493,NAV_TO_START,3.7104,-2.1216,0.296,178.92,-0.7,0.57,15.0,0.0241,0.0041,-0.0036,1.678,,1.739,,,,,,
111.572,NAV_TO_START,3.7127,-2.1222,0.295,179.31,-0.29,0.54,-0.0,0.0312,-0.0022,-0.0015,1.678,,1.733,,,,,,
111.629,NAV_TO_START,3.7188,-2.1237,0.3,179.8,-0.06,0.38,-0.0,0.0467,-0.0047,-0.0042,1.675,,1.733,,,,,,
111.713,NAV_TO_START,3.7216,-2.1236,0.298,-179.68,0.22,0.03,-0.0,0.0501,-0.0033,0.0121,1.675,,1.73,,,,,,
111.773,NAV_TO_START,3.7257,-2.1226,0.299,-179.24,0.31,-0.33,-0.0,0.0534,0.0022,0.0063,1.628,,1.73,,,,,,
111.826,NAV_TO_START,3.7305,-2.1216,0.3,-178.87,0.38,-0.65,-0.0,0.0547,0.0073,0.0042,1.628,,1.725,,,,,,
111.936,NAV_TO_START,3.734,-2.1205,0.299,-178.56,0.4,-0.91,-0.0,0.0504,0.0123,0.0066,1.613,,1.725,,,,,,
112.036,NAV_TO_START,3.739,-2.1191,0.298,-178.25,0.41,-0.98,-0.0,0.0485,0.0175,0.0019,1.613,,1.731,,,,,,
112.139,NAV_TO_START,3.7439,-2.1159,0.297,-177.88,0.23,-0.97,-0.0,0.0467,0.026,0.0031,1.572,,1.731,,,,,,
112.334,NAV_TO_START,3.7468,-2.1141,0.299,-177.37,-0.05,-0.9,-0.0,0.0402,0.0275,0.0048,1.572,,1.732,,,,,,
112.642,NAV_TO_START,3.7516,-2.1098,0.299,-176.81,-0.07,-1.06,-0.0,0.0393,0.0335,0.0051,,,1.732,,,,,,
112.773,NAV_TO_START,3.7549,-2.1071,0.299,-176.19,-0.08,-0.96,-0.0,0.0344,0.0351,0.0032,,,1.732,,,,,,
112.861,RET_WAYPOINT,3.7576,-2.1048,0.299,-175.6,-0.3,-1.02,0.0,0.0291,0.0343,-0.0016,,,1.732,,,3.0,-2.14,,
112.885,RET_WAYPOINT,3.7593,-2.1009,0.298,-175.02,-0.29,-0.93,0.0,0.0213,0.0355,0.0016,,,1.727,,,3.0,-2.14,,
112.891,RET_WAYPOINT,3.7599,-2.0982,0.299,-174.37,-0.31,-0.9,0.0,0.0134,0.0345,0.0016,1.014,,1.727,,,3.0,-2.14,,
112.896,RET_WAYPOINT,3.7606,-2.0966,0.3,-173.73,-0.37,-1.09,0.0,0.0058,0.0307,0.0111,1.014,,1.729,,,3.0,-2.14,,
112.9,RET_WAYPOINT,3.7604,-2.0949,0.302,-173.25,-0.26,-1.15,0.0,-0.0041,0.027,0.0166,0.982,,1.729,,,3.0,-2.14,,
112.911,RET_WAYPOINT,3.7599,-2.0936,0.298,-172.92,-0.01,-1.01,0.0,-0.0153,0.0287,0.0207,0.982,,1.731,,,3.0,-2.14,,
112.928,RET_WAYPOINT,3.7573,-2.0903,0.301,-172.76,0.16,-0.93,0.0,-0.0267,0.0282,0.0105,0.962,,1.731,,,3.0,-2.14,,
113.0,RET_WAYPOINT,3.7548,-2.088,0.305,-172.82,0.24,-0.61,0.0,-0.0367,0.0323,0.0195,0.962,,1.733,,,3.0,-2.14,,
113.049,RET_WAYPOINT,3.7526,-2.085,0.303,-173.04,0.51,-0.4,0.0,-0.0422,0.0357,0.0229,0.984,,1.733,,,3.0,-2.14,,
113.068,RET_WAYPOINT,3.7484,-2.0824,0.303,-173.24,0.8,-0.19,0.0,-0.0498,0.0403,0.0119,0.984,,1.743,,,3.0,-2.14,,
113.113,RET_WAYPOINT,3.7453,-2.0795,0.306,-173.42,0.67,0.13,0.0,-0.053,0.05,0.014,1.001,,1.743,,,3.0,-2.14,,
113.16,RET_WAYPOINT,3.7444,-2.0755,0.309,-173.62,0.53,0.3,0.0,-0.0472,0.0616,0.0201,1.001,,1.743,,,3.0,-2.14,,
113.211,RET_WAYPOINT,3.7436,-2.0711,0.308,-173.86,0.3,0.36,0.0,-0.0426,0.065,0.0156,1.042,1.96,1.743,,,3.0,-2.14,,
113.256,RET_WAYPOINT,3.742,-2.0639,0.308,-174.06,0.15,0.3,0.0,-0.0392,0.0778,0.0033,1.042,1.96,1.757,,,3.0,-2.14,,
113.276,RET_WAYPOINT,3.7418,-2.0575,0.305,-174.32,-0.19,0.28,0.0,-0.0335,0.0816,-0.0026,1.156,1.985,1.757,,,3.0,-2.14,,
113.314,RET_WAYPOINT,3.7413,-2.0536,0.307,-174.54,-0.26,0.5,0.0,-0.0273,0.0796,-0.0092,1.156,1.985,1.769,,,3.0,-2.14,,
113.386,RET_WAYPOINT,3.7404,-2.0482,0.307,-174.7,-0.21,0.31,0.0,-0.0225,0.081,-0.0068,1.536,,1.769,,,3.0,-2.14,,
113.468,RET_WAYPOINT,3.7406,-2.044,0.309,-174.72,-0.01,-0.0,0.0,-0.0178,0.0807,-0.0178,1.536,,1.773,,,3.0,-2.14,,
113.482,RET_WAYPOINT,3.7402,-2.0395,0.308,-174.54,-0.01,-0.01,0.0,-0.0166,0.0818,-0.0148,1.582,,1.773,,,3.0,-2.14,,
113.51,RET_WAYPOINT,3.7403,-2.0329,0.304,-174.21,0.07,0.1,-0.0,-0.0143,0.0892,-0.0216,1.582,,1.781,,,3.0,-2.14,,
113.576,RET_WAYPOINT,3.7396,-2.0282,0.304,-173.77,-0.28,-1.0,-0.0,-0.015,0.0887,-0.0276,1.575,,1.781,,,3.0,-2.14,,
113.617,RET_WAYPOINT,3.7411,-2.0241,0.304,-173.37,-1.0,-2.85,-0.0,-0.0242,0.081,-0.0193,1.575,,1.79,,,3.0,-2.14,,
113.647,RET_WAYPOINT,3.7396,-2.0205,0.305,-172.99,-1.43,-3.76,-0.0,-0.0501,0.0677,-0.0126,1.514,1.913,1.79,,,3.0,-2.14,,
113.694,RET_WAYPOINT,3.7358,-2.0142,0.299,-172.78,-1.8,-4.42,-0.0,-0.0843,0.0567,-0.0121,1.514,1.913,1.798,,,3.0,-2.14,,
113.793,RET_WAYPOINT,3.7311,-2.0115,0.302,-172.88,-1.84,-4.57,-0.0,-0.1196,0.0368,-0.0281,1.511,,1.798,,,3.0,-2.14,,
113.848,RET_WAYPOINT,3.724,-2.0101,0.298,-173.06,-1.62,-4.26,-0.0,-0.1567,0.0169,-0.0197,1.511,,1.803,,,3.0,-2.14,,
113.925,RET_WAYPOINT,3.715,-2.0099,0.299,-173.14,-1.25,-3.83,-0.0,-0.1906,-0.0002,-0.0281,1.585,1.932,1.803,,,3.0,-2.14,,
114.0,RET_WAYPOINT,3.7043,-2.0106,0.298,-172.98,-0.64,-3.1,-0.0,-0.2246,-0.0133,-0.0174,1.585,1.932,1.804,,,3.0,-2.14,,
114.042,RET_WAYPOINT,3.6922,-2.0117,0.293,-172.67,-0.51,-2.57,-0.0,-0.2456,-0.0217,-0.0167,1.546,,1.804,,,3.0,-2.14,,
114.073,RET_WAYPOINT,3.6794,-2.0132,0.297,-172.37,-0.56,-2.1,-0.0,-0.265,-0.0291,-0.022,1.546,,1.812,,,3.0,-2.14,,
114.132,RET_WAYPOINT,3.6639,-2.013,0.295,-172.15,-0.71,-1.72,-0.0,-0.2873,-0.0344,0.0027,1.496,1.891,1.812,,,3.0,-2.14,,
114.181,RET_WAYPOINT,3.6502,-2.0142,0.293,-171.94,-0.81,-1.32,-0.0,-0.2972,-0.0413,-0.0032,1.496,1.891,1.798,,,3.0,-2.14,,
114.218,RET_WAYPOINT,3.6361,-2.0166,0.29,-171.82,-0.86,-0.89,-0.0,-0.3033,-0.0494,0.0014,1.449,1.943,1.798,,,3.0,-2.14,,
114.227,RET_WAYPOINT,3.6223,-2.0172,0.294,-171.88,-0.74,-0.43,-0.0,-0.3088,-0.0539,0.008,1.449,1.943,1.8,,,3.0,-2.14,,
114.243,RET_WAYPOINT,3.6079,-2.0197,0.291,-172.13,-0.44,-0.06,-0.0,-0.3044,-0.0576,0.0119,1.456,2.014,1.8,,,3.0,-2.14,,
114.287,RET_WAYPOINT,3.5926,-2.0226,0.296,-172.34,-0.25,0.07,-0.0,-0.3025,-0.0593,0.0046,1.456,2.014,1.802,,,3.0,-2.14,,
114.296,RET_WAYPOINT,3.5798,-2.0248,0.295,-172.48,-0.21,0.2,-0.0,-0.2968,-0.0601,0.0195,1.498,,1.802,,,3.0,-2.14,,
114.301,RET_WAYPOINT,3.5668,-2.0265,0.298,-172.48,-0.05,0.33,-0.0,-0.2858,-0.0569,0.0173,1.498,,1.811,,,3.0,-2.14,,
114.307,RET_WAYPOINT,3.5551,-2.0294,0.299,-172.42,-0.27,0.15,-0.0,-0.2801,-0.0578,0.0167,1.489,2.045,1.811,,,3.0,-2.14,,
114.312,RET_WAYPOINT,3.5436,-2.0314,0.301,-172.33,-0.45,0.1,-0.0,-0.2743,-0.0573,0.0201,1.489,2.045,1.804,,,3.0,-2.14,,
114.323,RET_WAYPOINT,3.5315,-2.033,0.3,-172.33,-0.16,0.44,-0.0,-0.2658,-0.0571,0.0349,1.458,,1.804,,,3.0,-2.14,,
114.375,RET_WAYPOINT,3.5191,-2.0359,0.304,-172.37,-0.26,-0.06,-0.0,-0.2582,-0.0568,0.0352,1.458,,1.801,,,3.0,-2.14,,
114.389,RET_WAYPOINT,3.5092,-2.0379,0.308,-172.33,-0.71,-0.54,-0.0,-0.2545,-0.0593,0.0373,1.447,2.099,1.801,,,3.0,-2.14,,
114.406,RET_WAYPOINT,3.4977,-2.0406,0.306,-172.19,-0.66,-0.54,-0.0,-0.253,-0.0628,0.0389,1.447,2.099,1.795,,,3.0,-2.14,,
114.494,RET_WAYPOINT,3.4867,-2.0433,0.31,-172.06,-0.63,-0.76,-0.0,-0.254,-0.0685,0.0246,1.405,2.124,1.795,,,3.0,-2.14,,
114.521,RET_WAYPOINT,3.4769,-2.046,0.309,-171.98,-0.6,-0.97,-0.0,-0.2541,-0.0732,0.0268,1.405,2.124,1.788,,,3.0,-2.14,,
114.574,RET_WAYPOINT,3.4667,-2.0497,0.311,-171.94,0.05,-0.57,-0.0,-0.2527,-0.0762,0.0086,1.369,,1.788,,,3.0,-2.14,,
114.603,RET_WAYPOINT,3.4558,-2.0541,0.311,-172.11,0.2,0.13,-0.0,-0.2474,-0.0763,0.0166,1.369,,1.797,,,3.0,-2.14,,
114.629,RET_WAYPOINT,3.4467,-2.056,0.317,-172.6,0.03,-0.24,-0.0,-0.2411,-0.0704,0.0241,1.376,,1.797,,,3.0,-2.14,,
114.689,RET_WAYPOINT,3.4379,-2.0587,0.311,-173.33,0.19,-0.48,-0.0,-0.2362,-0.0684,0.0299,1.376,,1.79,,,3.0,-2.14,,
114.717,RET_WAYPOINT,3.4297,-2.0614,0.315,-174.11,0.52,-0.55,-0.0,-0.2311,-0.0648,0.0006,1.402,,1.79,,,3.0,-2.14,,
114.73,RET_WAYPOINT,3.421,-2.0645,0.316,-174.85,0.45,-0.73,-0.0,-0.2295,-0.0613,-0.0045,1.402,,1.788,,,3.0,-2.14,,
114.761,RET_WAYPOINT,3.4111,-2.0656,0.315,-175.55,0.69,-0.42,-0.0,-0.2307,-0.0522,-0.0142,1.402,,1.788,,,3.0,-2.14,,
114.802,RET_WAYPOINT,3.4034,-2.0663,0.316,-176.3,0.9,-0.11,-0.0,-0.2243,-0.0423,-0.0136,1.402,,1.789,,,3.0,-2.14,,
114.841,RET_WAYPOINT,3.3938,-2.0687,0.314,-176.95,0.81,-0.16,-0.0,-0.2222,-0.0358,-0.0031,1.372,,1.789,,,3.0,-2.14,,
114.888,RET_WAYPOINT,3.3853,-2.0686,0.313,-177.53,0.25,-0.16,-0.0,-0.2173,-0.0272,-0.0083,1.372,,1.774,,,3.0,-2.14,,
114.901,RET_WAYPOINT,3.379,-2.0675,0.311,-177.98,0.13,-0.63,-0.0,-0.2093,-0.0205,-0.0135,1.365,,1.774,,,3.0,-2.14,,
114.931,RET_WAYPOINT,3.3717,-2.0672,0.311,-178.12,0.27,-1.03,-0.0,-0.2089,-0.0167,-0.0204,1.365,,1.762,,,3.0,-2.14,,
115.014,RET_WAYPOINT,3.3627,-2.0667,0.311,-177.99,0.1,-1.31,-0.0,-0.2145,-0.012,-0.0216,1.353,,1.762,,,3.0,-2.14,,
115.077,RET_WAYPOINT,3.353,-2.0662,0.308,-177.58,0.04,-1.69,-0.0,-0.2242,-0.0096,-0.0234,1.353,,1.757,,,3.0,-2.14,,
115.114,RET_WAYPOINT,3.3434,-2.0651,0.309,-177.14,-0.25,-1.58,-0.0,-0.2341,-0.0076,-0.0232,1.337,,1.757,,,3.0,-2.14,,
115.144,RET_WAYPOINT,3.3347,-2.0648,0.308,-176.72,-0.36,-1.56,-0.0,-0.2399,-0.0094,-0.017,1.337,,1.762,,,3.0,-2.14,,
115.239,RET_WAYPOINT,3.3249,-2.0638,0.305,-176.39,-0.54,-1.47,-0.0,-0.247,-0.0106,-0.0213,1.32,,1.762,,,3.0,-2.14,,
115.33,RET_WAYPOINT,3.3147,-2.0632,0.301,-176.14,-1.02,-1.39,-0.0,-0.2537,-0.0152,-0.0246,1.32,,1.766,1.013,,3.0,-2.14,,
115.414,RET_WAYPOINT,3.305,-2.0623,0.309,-175.88,-1.21,-1.33,-0.0,-0.2571,-0.0212,-0.0288,1.298,,1.766,1.013,,3.0,-2.14,,
115.492,RET_WAYPOINT,3.2933,-2.0616,0.305,-175.72,-1.26,-1.54,-0.0,-0.265,-0.0281,-0.0061,1.298,,1.77,1.001,,3.0,-2.14,,
115.506,RET_WAYPOINT,3.2823,-2.0623,0.307,-175.6,-1.55,-1.32,-0.0,-0.2702,-0.0378,-0.0206,1.279,,1.77,1.001,,3.0,-2.14,,
115.515,RET_WAYPOINT,3.2706,-2.0628,0.305,-175.46,-1.45,-1.31,-0.0,-0.2751,-0.0478,-0.0134,1.279,,1.763,0.996,,3.0,-2.14,,
115.525,RET_WAYPOINT,3.2571,-2.0639,0.306,-175.34,-1.31,-1.37,-0.0,-0.2842,-0.0567,-0.0157,1.25,,1.763,0.996,,3.0,-2.14,,
115.534,RET_WAYPOINT,3.2425,-2.0667,0.3,-175.26,-1.24,-1.15,-0.0,-0.2943,-0.0674,-0.0146,1.25,,1.766,0.991,,3.0,-2.14,,
115.558,RET_WAYPOINT,3.2282,-2.0678,0.27,-175.3,-0.9,-0.99,-0.0,-0.3021,-0.0722,-0.0221,1.233,,1.766,0.991,,3.0,-2.14,,
115.602,RET_WAYPOINT,3.2178,-2.0709,0.215,-175.36,-0.9,-0.71,-0.0,-0.2973,-0.0784,-0.0722,1.233,,1.755,0.992,,3.0,-2.14,,
115.625,RET_WAYPOINT,3.2086,-2.0712,0.183,-175.47,-0.72,-0.46,-0.0,-0.2893,-0.0778,-0.1442,1.205,,1.755,0.992,,3.0,-2.14,,
115.675,RET_WAYPOINT,3.2035,-2.0709,0.188,-175.64,-0.59,-0.35,-0.0,-0.2699,-0.0735,-0.1195,1.205,,1.762,0.99,,3.0,-2.14,,
115.704,RET_WAYPOINT,3.2028,-2.0718,0.195,-175.81,-0.53,-0.24,-0.0,-0.2393,-0.0706,-0.0424,1.174,,1.762,0.99,,3.0,-2.14,,
115.756,RET_WAYPOINT,3.2067,-2.0695,0.218,-175.95,-0.52,-0.31,-0.0,-0.1994,-0.0587,0.0164,1.174,,1.766,0.995,,3.0,-2.14,,
115.805,RET_WAYPOINT,3.224,-2.0688,0.243,-176.01,-0.08,1.49,-0.0,-0.1225,-0.0498,0.1038,1.145,,1.766,0.995,,3.0,-2.14,,
115.86,RET_WAYPOINT,3.2189,-2.0715,0.258,-175.9,0.03,1.98,-0.0,-0.1063,-0.0499,0.1674,1.145,,1.79,1.002,,3.0,-2.14,,
115.914,RET_WAYPOINT,3.2046,-2.0739,0.286,-175.72,0.46,1.56,-0.0,-0.118,-0.0474,0.1911,1.121,,1.79,1.002,,3.0,-2.14,,
115.991,RET_WAYPOINT,3.1948,-2.076,0.311,-175.54,0.61,1.68,-0.0,-0.1177,-0.0418,0.2228,1.121,,1.791,1.006,,3.0,-2.14,,
116.02,RET_WAYPOINT,3.183,-2.0777,0.344,-175.39,0.7,1.7,-0.0,-0.1235,-0.0347,0.2307,1.1,,1.791,1.006,,3.0,-2.14,,
116.072,RET_WAYPOINT,3.1741,-2.0788,0.374,-175.22,0.52,1.71,-0.0,-0.121,-0.0272,0.2377,1.1,,1.782,1.007,,3.0,-2.14,,
116.123,RET_WAYPOINT,3.1666,-2.0805,0.402,-175.08,0.25,1.74,-0.0,-0.116,-0.0254,0.2288,1.064,,1.782,1.007,,3.0,-2.14,,
116.166,RET_WAYPOINT,3.1588,-2.0819,0.434,-174.99,0.21,1.9,-0.0,-0.1116,-0.0236,0.197,1.064,,1.784,1.011,,3.0,-2.14,,
116.237,RET_WAYPOINT,3.1514,-2.083,0.453,-174.93,0.08,1.87,-0.0,-0.1058,-0.0213,0.1731,1.045,,1.784,1.011,,3.0,-2.14,,
116.256,RET_WAYPOINT,3.1436,-2.084,0.471,-174.93,0.11,1.99,-0.0,-0.1015,-0.0193,0.1124,1.045,,1.772,1.008,,3.0,-2.14,,
116.333,RET_WAYPOINT,3.1358,-2.0854,0.465,-174.96,-0.02,1.88,-0.0,-0.0973,-0.0189,0.0524,1.033,,1.772,1.008,,3.0,-2.14,,
116.36,RET_WAYPOINT,3.1308,-2.0873,0.446,-174.95,-0.03,1.83,-0.0,-0.0869,-0.0211,-0.0473,1.033,,1.765,1.01,,3.0,-2.14,,
116.416,RET_WAYPOINT,3.1249,-2.0892,0.418,-175.04,-0.09,1.73,-0.0,-0.0791,-0.0225,-0.1543,1.014,,1.765,1.01,,3.0,-2.14,,
116.466,RET_WAYPOINT,3.1187,-2.0911,0.394,-175.16,0.05,1.74,-0.0,-0.0778,-0.0281,-0.2354,1.014,,1.758,1.011,,3.0,-2.14,,
116.535,RET_WAYPOINT,3.1101,-2.0942,0.361,-175.4,0.08,1.59,-0.0,-0.0699,-0.0268,-0.2745,0.987,,1.758,1.011,,3.0,-2.14,,
116.552,RET_WAYPOINT,3.0985,-2.0948,0.347,-175.7,0.25,1.57,-0.0,-0.0729,-0.0226,-0.3133,0.987,,1.753,1.01,,3.0,-2.14,,
116.612,RET_WAYPOINT,3.0944,-2.0957,0.322,-175.97,0.43,1.47,-0.0,-0.0611,-0.0171,-0.2807,0.972,,1.753,1.01,,3.0,-2.14,,
116.672,RET_WAYPOINT,3.0862,-2.1012,0.304,-176.2,0.18,1.1,-0.0,-0.0629,-0.0253,-0.2888,0.972,,1.739,1.008,,3.0,-2.14,,
116.71,RET_WAYPOINT,3.0776,-2.1007,0.287,-176.47,0.02,0.93,-0.0,-0.064,-0.0187,-0.2483,0.951,,1.739,1.008,,3.0,-2.14,,
116.773,RET_WAYPOINT,3.0682,-2.1007,0.275,-176.66,-0.11,0.83,-0.0,-0.0701,-0.0115,-0.2187,0.951,,1.708,1.014,,3.0,-2.14,,
116.823,RET_WAYPOINT,3.0592,-2.0987,0.262,-176.78,-0.16,0.82,-0.0,-0.0713,-0.0091,-0.173,0.947,,1.708,1.014,,3.0,-2.14,,
116.852,RET_WAYPOINT,3.0496,-2.0967,0.255,-176.8,-0.24,0.85,-0.0,-0.0724,-0.0015,-0.1456,0.947,,1.651,1.008,,3.0,-2.14,,
116.905,RET_WAYPOINT,3.0433,-2.0952,0.254,-176.73,-0.29,0.95,-0.0,-0.0724,-0.0017,-0.1031,0.933,,1.651,1.008,,3.0,-2.14,,
116.955,RET_WAYPOINT,3.0369,-2.095,0.255,-176.57,-0.39,1.2,-0.0,-0.0685,-0.003,-0.0683,0.933,,,1.006,,3.0,-2.14,,
117.021,RET_WAYPOINT,3.0295,-2.0945,0.25,-176.4,-0.17,1.26,-0.0,-0.0666,-0.0029,-0.0359,0.928,,,1.006,,3.0,-2.14,,
117.057,RET_WAYPOINT,3.0227,-2.0939,0.248,-176.24,-0.1,1.17,-0.0,-0.0674,-0.0009,-0.0242,0.928,,,1.003,,3.0,-2.14,,
117.122,RET_WAYPOINT,3.0158,-2.0939,0.25,-176.17,0.47,0.9,-0.0,-0.063,0.0001,-0.0067,0.914,,,1.003,,3.0,-2.14,,
117.162,RET_WAYPOINT,3.0111,-2.0937,0.25,-176.44,0.38,1.08,-0.0,-0.0589,0.005,0.0067,0.914,,,1.01,,3.0,-2.14,,
117.223,RET_WAYPOINT,3.005,-2.0922,0.247,-176.89,-0.01,1.19,-0.0,-0.0573,0.0109,0.0043,0.901,,,1.01,,3.0,-2.14,,
117.281,RET_WAYPOINT,3.001,-2.0911,0.252,-177.34,-0.18,0.82,-0.0,-0.0516,0.0117,-0.0055,0.901,,,0.997,,3.0,-2.14,,
117.324,RET_WAYPOINT,2.9964,-2.09,0.252,-177.76,-0.19,0.79,-0.0,-0.0501,0.0121,0.0095,0.889,,,0.997,,3.0,-2.14,,
117.361,RET_WAYPOINT,2.9916,-2.0881,0.25,-178.1,-0.12,0.75,-0.0,-0.0487,0.0144,-0.0014,0.889,,0.617,1.005,,3.0,-2.14,,
117.402,RET_WAYPOINT,2.9858,-2.0877,0.252,-178.38,-0.19,0.55,-0.0,-0.0528,0.013,-0.0124,0.885,,0.617,1.005,,3.0,-2.14,,
117.455,RET_WAYPOINT,2.9795,-2.0869,0.249,-178.54,-0.38,0.51,-0.0,-0.0578,0.0115,-0.0122,0.885,,0.584,0.992,,3.0,-2.14,,
117.507,RET_WAYPOINT,2.9735,-2.0873,0.249,-178.62,-0.33,0.42,-0.0,-0.0627,0.0061,-0.0257,0.876,,0.584,0.992,,3.0,-2.14,,
117.563,RET_WAYPOINT,2.9684,-2.0873,0.244,-178.58,-0.32,0.86,-0.0,-0.0634,0.003,-0.0389,0.876,,0.556,1.001,,3.0,-2.14,,
117.618,RET_WAYPOINT,2.9623,-2.088,0.242,-178.53,-0.42,1.63,-0.0,-0.0623,-0.0019,-0.0665,0.86,,0.556,1.001,,3.0,-2.14,,
117.667,RET_WAYPOINT,2.9569,-2.0878,0.238,-178.55,-0.2,1.55,-0.0,-0.0545,-0.0037,-0.0673,0.86,,0.525,1.003,,3.0,-2.14,,
117.721,RET_WAYPOINT,2.9529,-2.091,0.238,-178.75,0.18,1.12,-0.0,-0.0481,-0.0117,-0.0743,0.86,,0.525,1.003,,3.0,-2.14,,
117.767,RET_WAYPOINT,2.9485,-2.0906,0.235,-178.78,-0.07,1.7,-0.0,-0.0428,-0.0079,-0.0751,0.86,,0.486,1.006,,3.0,-2.14,,
117.809,RET_WAYPOINT,2.9459,-2.0907,0.23,-178.8,0.1,1.17,-0.0,-0.0318,-0.0072,-0.0686,0.851,,0.486,1.006,,3.0,-2.14,,
117.871,RET_WAYPOINT,2.9427,-2.0921,0.225,-178.78,0.03,1.13,-0.0,-0.028,-0.009,-0.0842,0.851,,0.462,1.006,,3.0,-2.14,,
117.921,RET_WAYPOINT,2.9404,-2.0933,0.221,-178.75,0.0,0.62,-0.0,-0.0225,-0.0112,-0.076,0.845,,0.462,1.006,,3.0,-2.14,,
117.952,RET_WAYPOINT,2.9385,-2.0948,0.218,-178.74,0.18,0.22,-0.0,-0.0213,-0.0133,-0.0779,0.845,,0.442,1.01,,3.0,-2.14,,
118.018,RET_WAYPOINT,2.9359,-2.0956,0.212,-178.6,0.07,0.28,-0.0,-0.0243,-0.0123,-0.0799,0.843,,0.442,1.01,,3.0,-2.14,,
118.052,RET_WAYPOINT,2.9312,-2.0965,0.209,-178.5,-0.2,0.12,-0.0,-0.0326,-0.0133,-0.0922,0.843,,0.425,1.008,,3.0,-2.14,,
118.111,RET_WAYPOINT,2.9287,-2.0997,0.201,-178.4,-0.62,0.55,-0.0,-0.0328,-0.023,-0.1037,0.838,,0.425,1.008,,3.0,-2.14,,
118.175,RET_WAYPOINT,2.9237,-2.1021,0.201,-178.3,-0.87,0.87,-0.0,-0.0364,-0.0326,-0.1203,0.838,,0.411,1.01,,3.0,-2.14,,
118.214,RET_WAYPOINT,2.9203,-2.1052,0.191,-178.13,-0.36,1.14,-0.0,-0.0334,-0.0418,-0.1099,0.841,,0.411,1.01,,3.0,-2.14,,
118.268,RET_WAYPOINT,2.918,-2.1101,0.185,-177.95,0.16,1.27,-0.0,-0.0252,-0.0507,-0.1292,0.841,,0.402,1.016,,3.0,-2.14,,
118.315,RET_WAYPOINT,2.9163,-2.1125,0.179,-177.63,0.43,1.48,-0.0,-0.0167,-0.0478,-0.1303,0.828,,0.402,1.016,,3.0,-2.14,,
118.352,RET_WAYPOINT,2.9152,-2.1168,0.174,-177.35,0.29,1.48,-0.0,-0.0056,-0.0503,-0.1324,0.828,,0.409,1.03,,3.0,-2.14,,
118.414,RET_WAYPOINT,2.9165,-2.1183,0.173,-177.16,0.52,1.25,-0.0,0.0106,-0.0436,-0.1168,0.832,,0.409,1.03,,3.0,-2.14,,
118.477,RET_WAYPOINT,2.9177,-2.1219,0.17,-176.95,0.92,1.2,-0.0,0.0219,-0.0414,-0.1085,0.832,,0.42,1.032,,3.0,-2.14,,
118.501,RET_WAYPOINT,2.9205,-2.1229,0.159,-176.82,0.72,0.96,-0.0,0.036,-0.0313,-0.1097,0.839,,0.42,1.032,,3.0,-2.14,,
118.569,RET_WAYPOINT,2.9243,-2.1252,0.155,-176.83,0.75,0.12,-0.0,0.0463,-0.0279,-0.1238,0.839,,0.442,1.031,,3.0,-2.14,,
118.625,RET_WAYPOINT,2.9264,-2.1268,0.146,-176.97,0.39,-0.2,-0.0,0.0452,-0.0238,-0.115,0.841,0.25,0.442,1.031,,3.0,-2.14,,
118.655,RET_WAYPOINT,2.9292,-2.128,0.14,-177.08,0.21,-0.68,-0.0,0.0444,-0.022,-0.1335,0.841,0.25,0.448,1.031,,3.0,-2.14,,
118.717,RET_WAYPOINT,2.9307,-2.1305,0.133,-177.09,-0.18,-0.97,-0.0,0.0355,-0.0265,-0.1294,0.849,0.219,0.448,1.031,,3.0,-2.14,,
118.756,RET_WAYPOINT,2.9317,-2.1317,0.125,-176.97,-0.34,-0.88,-0.0,0.0255,-0.0287,-0.1326,0.849,0.219,0.453,1.03,,3.0,-2.14,,
118.853,RET_WAYPOINT,2.9294,-2.1363,0.117,-176.88,-0.75,-1.01,-0.0,0.0088,-0.0456,-0.1289,0.848,0.206,0.453,1.03,,3.0,-2.14,,
118.867,RET_WAYPOINT,2.929,-2.1398,0.112,-176.63,-0.59,-0.97,-0.0,-0.0007,-0.0568,-0.1213,0.848,0.206,0.464,1.041,,3.0,-2.14,,
118.922,RET_WAYPOINT,2.9289,-2.1431,0.106,-176.36,-0.12,-0.42,-0.0,-0.0061,-0.0615,-0.1033,0.852,0.206,0.464,1.041,,3.0,-2.14,,
118.962,RET_WAYPOINT,2.9281,-2.1477,0.1,-176.23,0.25,-0.01,-0.0,-0.0057,-0.0681,-0.0987,0.852,0.206,0.472,1.032,,3.0,-2.14,,
119.048,RET_WAYPOINT,2.9281,-2.1509,0.095,-175.99,0.81,0.32,-0.0,-0.0034,-0.0634,-0.0914,0.861,0.203,0.472,1.032,,3.0,-2.14,,
119.065,RET_WAYPOINT,2.9284,-2.1545,0.096,-175.81,1.0,0.93,-0.0,0.0047,-0.0576,-0.0905,0.861,0.203,0.486,1.011,,3.0,-2.14,,
119.101,RET_WAYPOINT,2.9294,-2.1572,0.09,-175.65,1.37,0.97,-0.0,0.0172,-0.0481,-0.0554,0.868,0.204,0.486,1.011,,3.0,-2.14,,
119.163,RET_WAYPOINT,2.9316,-2.159,0.089,-175.38,1.68,1.03,-0.0,0.0313,-0.0333,-0.0628,0.868,0.204,0.499,1.005,,3.0,-2.14,,
119.211,RET_WAYPOINT,2.9352,-2.1595,0.082,-174.81,1.74,0.78,-0.0,0.0482,-0.014,-0.0533,0.872,0.202,0.499,1.005,,3.0,-2.14,,
119.315,RET_WAYPOINT,2.94,-2.1589,0.082,-174.08,1.34,0.31,-0.0,0.0625,0.0032,-0.0676,0.872,0.202,0.528,0.974,,3.0,-2.14,,
119.34,RET_WAYPOINT,2.9449,-2.1573,0.079,-173.45,1.13,-0.06,-0.0,0.0714,0.0204,-0.0559,,0.193,0.528,0.974,,3.0,-2.14,,
119.36,RET_WAYPOINT,2.9501,-2.1551,0.078,-172.91,0.56,-0.62,-0.0,0.0751,0.0328,-0.0391,,0.193,0.573,0.98,,3.0,-2.14,,
119.429,RET_WAYPOINT,2.9559,-2.152,0.077,-172.17,0.51,-0.32,-0.0,0.081,0.0444,-0.0288,0.896,0.19,0.573,0.98,,3.0,-2.14,,
119.472,RET_WAYPOINT,2.961,-2.149,0.076,-171.46,0.65,-0.81,-0.0,0.0814,0.053,-0.0359,0.896,0.19,0.645,,,3.0,-2.14,,
119.518,RET_WAYPOINT,2.9659,-2.1455,0.072,-170.84,0.26,-1.08,-0.0,0.0773,0.0602,-0.0342,,0.182,0.645,,,3.0,-2.14,,
119.567,RET_WAYPOINT,2.9704,-2.1413,0.072,-170.57,0.32,-1.17,-0.0,0.0691,0.0687,-0.0297,,0.182,,,,3.0,-2.14,,
119.618,RET_WAYPOINT,2.9735,-2.1373,0.067,-170.59,0.4,-1.25,-0.0,0.0541,0.0741,-0.0301,,0.187,,,,3.0,-2.14,,
119.668,RET_WAYPOINT,2.9769,-2.1316,0.063,-170.84,-0.15,-1.64,-0.0,0.039,0.0864,-0.0444,,0.187,1.604,,,3.0,-2.14,,
119.702,RET_WAYPOINT,2.9791,-2.1262,0.065,-171.19,-1.18,-1.19,-0.0,0.0225,0.086,-0.0469,,0.181,1.604,,,3.0,-2.14,,
119.767,RET_WAYPOINT,2.9798,-2.1217,0.06,-171.29,-1.39,-0.9,-0.0,0.0091,0.0748,-0.0408,,0.181,,,,3.0,-2.14,,
119.828,RET_WAYPOINT,2.98,-2.1182,0.055,-171.27,-1.29,-1.24,-0.0,-0.0008,0.0624,-0.0487,0.879,0.181,,,,3.0,-2.14,,
119.854,RET_WAYPOINT,2.98,-2.1147,0.052,-171.17,-1.57,-1.09,0.0,-0.0139,0.0511,-0.0647,0.879,0.181,,0.983,,3.0,-2.14,,
119.924,RET_WAYPOINT,2.9785,-2.1138,0.048,-171.19,-1.39,-0.93,0.0,-0.0207,0.0307,-0.1043,0.872,0.18,,0.983,,3.0,-2.14,,
119.955,RET_WAYPOINT,2.9766,-2.1136,0.035,-171.0,-1.03,-0.99,0.0,-0.0474,0.0064,-0.3606,0.872,0.18,,,,3.0,-2.14,,
120.018,RET_WAYPOINT,2.9699,-2.1262,0.005,-172.12,-0.52,-0.11,0.0,0.0225,-0.0304,-0.7004,,0.184,,,,3.0,-2.14,,
120.051,RET_WAYPOINT,2.9655,-2.153,0.0,-174.47,2.64,-6.09,0.0,0.0908,-0.1327,-0.1985,,0.184,,,,3.0,-2.14,,
120.113,RET_WAYPOINT,2.9774,-2.1645,0.002,-176.79,-1.39,-3.42,0.0,0.1817,-0.1347,-0.4961,0.167,0.189,,,,3.0,-2.14,,
120.151,RET_WAYPOINT,3.0054,-2.1617,0.014,-174.94,-0.3,2.55,0.0,0.2717,-0.1036,-0.309,0.167,0.189,0.598,,,3.0,-2.14,,
120.204,RET_WAYPOINT,3.0152,-2.1589,0.016,-173.63,-0.19,1.77,0.0,0.2149,-0.0756,-0.1224,0.562,0.185,0.598,,,3.0,-2.14,,
120.252,RET_WAYPOINT,3.023,-2.1609,0.015,-173.58,-0.09,1.49,0.0,0.1996,-0.0631,-0.0494,0.562,0.185,0.683,0.236,,3.0,-2.14,,
120.301,RET_WAYPOINT,3.0338,-2.1651,0.014,-173.63,-0.08,1.54,0.0,0.2176,-0.0645,-0.0092,,0.187,0.683,0.236,,3.0,-2.14,,
