time_s,state,x_m,y_m,z_down_m,yaw_deg,roll_deg,pitch_deg,yaw_ref_deg,vx_ms,vy_ms,vz_ms,range_front_m,range_back_m,range_left_m,range_right_m,range_up_m,target_x_m,target_y_m,frontier_x_m,frontier_y_m
0.26,,0.0,0.0,0.016,0.0,0.0,0.0,0.0,0.0,0.0,0.0,0.692,0.414,2.462,1.227,,,,,
0.263,,-0.0679,-0.0846,0.018,0.15,-0.26,0.42,0.0,-0.0045,-0.0135,-0.001,0.692,0.414,2.48,1.218,,,,,
0.266,,-0.068,-0.0834,0.015,0.15,-0.3,0.43,0.0,-0.0047,-0.0077,0.0013,0.693,0.421,2.48,1.218,,,,,
0.269,,-0.068,-0.0849,0.018,0.15,-0.26,0.42,0.0,-0.0049,-0.0143,-0.0041,0.693,0.421,,1.224,,,,,
0.285,,-0.068,-0.083,0.017,0.14,-0.32,0.42,0.0,-0.0041,-0.0062,-0.0007,0.691,0.409,,1.224,,,,,
0.354,,-0.068,-0.0838,0.016,0.14,-0.29,0.42,0.0,-0.0037,-0.0095,-0.0005,0.691,0.409,,1.224,,,,,
0.399,,-0.068,-0.0833,0.015,0.14,-0.31,0.41,0.0,-0.0037,-0.0068,-0.003,0.696,0.421,,1.224,,,,,
0.436,,-0.0681,-0.083,0.015,0.14,-0.32,0.41,0.0,-0.0043,-0.006,-0.0065,0.696,0.421,,1.231,,,,,
0.485,,-0.0681,-0.0821,0.018,0.14,-0.34,0.41,0.0,-0.0036,-0.0019,-0.0081,0.69,0.414,,1.231,,,,,
0.535,,-0.0681,-0.0833,0.017,0.15,-0.3,0.41,0.0,-0.0036,-0.0071,-0.0017,0.69,0.414,,1.23,,,,,
0.593,,-0.068,-0.0832,0.016,0.15,-0.3,0.4,0.0,-0.0032,-0.0067,-0.0002,0.692,0.42,,1.23,,,,,
0.642,,-0.068,-0.0832,0.017,0.15,-0.3,0.4,0.0,-0.0029,-0.0072,-0.0018,0.692,0.42,,1.23,,,,,
0.693,,-0.0681,-0.0829,0.016,0.15,-0.31,0.4,0.0,-0.003,-0.0063,-0.0002,0.694,0.415,,1.23,,,,,
0.747,,-0.0682,-0.0836,0.016,0.15,-0.29,0.41,0.0,-0.0033,-0.0091,-0.0023,0.694,0.415,2.476,1.234,,,,,
0.801,,-0.0682,-0.0833,0.017,0.15,-0.3,0.41,0.0,-0.0031,-0.0076,-0.0033,0.697,0.419,2.476,1.234,,,,,
0.835,,-0.0682,-0.0833,0.016,0.15,-0.3,0.41,0.0,-0.0032,-0.0078,-0.0015,0.697,0.419,,1.226,,,,,
0.886,,-0.0682,-0.0829,0.017,0.15,-0.32,0.41,0.0,-0.0036,-0.0057,-0.0028,0.692,0.414,,1.226,,,,,
0.95,,-0.0683,-0.0833,0.014,0.15,-0.3,0.41,0.0,-0.0036,-0.0077,-0.0013,0.692,0.414,,1.224,,,,,
1.004,,-0.0683,-0.083,0.016,0.15,-0.32,0.41,0.0,-0.0033,-0.0065,-0.0077,0.692,0.417,,1.224,,,,,
1.049,,-0.0682,-0.084,0.016,0.15,-0.29,0.4,0.0,-0.0026,-0.0107,-0.0063,0.692,0.417,,1.226,,,,,
1.085,,-0.0683,-0.0829,0.017,0.15,-0.32,0.4,0.0,-0.0022,-0.0057,-0.0049,0.694,0.414,,1.226,,,,,
1.162,,-0.0683,-0.0831,0.017,0.15,-0.32,0.4,0.0,-0.002,-0.0067,-0.0015,0.694,0.414,,1.217,,,,,
1.19,,-0.0683,-0.083,0.017,0.15,-0.32,0.41,0.0,-0.0023,-0.0062,0.0007,0.697,0.42,,1.217,,,,,
1.255,,-0.0684,-0.0833,0.017,0.15,-0.3,0.41,0.0,-0.0027,-0.0077,0.0011,0.697,0.42,,1.226,,,,,
1.285,,-0.0684,-0.0826,0.017,0.15,-0.33,0.4,0.0,-0.0021,-0.0047,0.0009,0.696,0.412,,1.226,,,,,
1.335,,-0.0684,-0.0837,0.015,0.16,-0.29,0.4,0.0,-0.0027,-0.0101,0.0005,0.696,0.412,,1.226,,,,,
1.416,,-0.0684,-0.0835,0.016,0.15,-0.31,0.41,0.0,-0.0027,-0.0088,-0.0044,0.693,0.418,,1.226,,,,,
1.466,,-0.0685,-0.084,0.016,0.15,-0.29,0.41,0.0,-0.0028,-0.0105,-0.0046,0.693,0.418,,1.218,,,,,
1.503,,-0.0686,-0.0833,0.017,0.15,-0.32,0.41,0.0,-0.0027,-0.0071,-0.0041,0.697,0.412,,1.218,,,,,
1.542,,-0.0686,-0.0837,0.016,0.15,-0.31,0.41,0.0,-0.0026,-0.0083,-0.0021,0.697,0.412,,1.216,,,,,
1.587,,-0.0686,-0.0836,0.016,0.15,-0.32,0.41,0.0,-0.0032,-0.0075,-0.003,0.695,0.42,,1.216,,,,,
1.635,,-0.0686,-0.084,0.016,0.15,-0.31,0.41,0.0,-0.0038,-0.0088,-0.0028,0.695,0.42,,1.223,,,,,
1.713,,-0.0686,-0.0836,0.016,0.15,-0.32,0.41,0.0,-0.0038,-0.0066,-0.0026,0.698,0.414,,1.223,,,,,
1.763,,-0.0687,-0.0846,0.016,0.15,-0.29,0.41,0.0,-0.0038,-0.0108,-0.0025,0.698,0.414,,1.225,,,,,
1.806,,-0.0688,-0.0836,0.019,0.15,-0.32,0.41,0.0,-0.0039,-0.0061,-0.0031,0.694,0.416,,1.225,,,,,
1.844,,-0.0689,-0.0845,0.017,0.16,-0.29,0.42,0.0,-0.004,-0.0098,0.003,0.694,0.416,,1.234,,,,,
1.886,,-0.069,-0.0839,0.016,0.16,-0.31,0.42,0.0,-0.0043,-0.0068,0.0019,0.695,0.413,,1.234,,,,,
1.936,,-0.069,-0.0838,0.015,0.16,-0.32,0.41,0.0,-0.0036,-0.0065,-0.0006,0.695,0.413,,1.222,,,,,
2.002,,-0.069,-0.0837,0.016,0.16,-0.32,0.41,0.0,-0.0031,-0.0061,-0.0044,0.693,0.419,,1.222,,,,,
2.037,,-0.0689,-0.0848,0.018,0.16,-0.28,0.41,0.0,-0.0029,-0.0103,-0.005,0.693,0.419,,1.223,,,,,
2.089,,-0.0689,-0.0836,0.017,0.16,-0.32,0.41,0.0,-0.0028,-0.0054,0.0,0.695,0.414,,1.223,,,,,
2.138,,-0.0689,-0.084,0.018,0.16,-0.31,0.41,0.0,-0.0029,-0.0074,-0.0001,0.695,0.414,2.481,1.224,,,,,
2.185,,-0.0691,-0.0838,0.019,0.16,-0.31,0.41,0.0,-0.0031,-0.0065,0.0021,0.693,0.419,2.481,1.224,,,,,
2.235,,-0.069,-0.0845,0.016,0.16,-0.29,0.41,0.0,-0.0031,-0.0091,0.0055,0.693,0.419,,1.219,,,,,
2.299,,-0.069,-0.0839,0.016,0.16,-0.31,0.41,0.0,-0.0027,-0.007,-0.0003,0.693,0.412,,1.219,,,,,
2.337,,-0.069,-0.084,0.018,0.16,-0.31,0.42,0.0,-0.0027,-0.0081,-0.0041,0.693,0.412,,1.232,,,,,
2.397,,-0.069,-0.084,0.015,0.16,-0.31,0.42,0.0,-0.0024,-0.0081,-0.0017,0.693,0.42,,1.232,,,,,
2.464,,-0.069,-0.0836,0.016,0.16,-0.33,0.41,0.0,-0.0031,-0.0064,-0.0071,0.693,0.42,,1.221,,,,,
2.485,,-0.069,-0.0836,0.018,0.16,-0.33,0.41,0.0,-0.0025,-0.006,-0.0062,0.697,0.415,,1.221,,,,,
2.535,,-0.069,-0.0836,0.018,0.16,-0.33,0.41,0.0,-0.0029,-0.0057,-0.0012,0.697,0.415,,1.222,,,,,
2.596,,-0.0691,-0.0842,0.016,0.16,-0.31,0.42,0.0,-0.0032,-0.0079,0.0014,0.696,0.419,,1.222,,,,,
2.657,,-0.0691,-0.085,0.017,0.17,-0.29,0.42,0.0,-0.0035,-0.0114,-0.0017,0.696,0.419,,1.226,,,,,
2.688,,-0.0691,-0.0843,0.018,0.17,-0.31,0.41,0.0,-0.0033,-0.0082,-0.0015,0.694,0.411,,1.226,,,,,
2.735,,-0.0693,-0.0848,0.016,0.17,-0.3,0.42,0.0,-0.0037,-0.01,0.0008,0.694,0.411,,1.226,,,,,
2.786,,-0.0694,-0.0844,0.016,0.17,-0.32,0.42,0.0,-0.0037,-0.0068,-0.0023,0.697,0.419,,1.226,,,,,
2.836,,-0.0694,-0.0845,0.018,0.17,-0.31,0.42,0.0,-0.0036,-0.0074,-0.0044,0.697,0.419,2.439,1.229,,,,,
2.893,,-0.0694,-0.0845,0.018,0.17,-0.31,0.41,0.0,-0.0031,-0.0076,-0.0006,0.695,0.415,2.439,1.229,,,,,
2.941,,-0.0694,-0.0851,0.015,0.17,-0.29,0.41,0.0,-0.0028,-0.01,0.0012,0.695,0.415,,1.233,,,,,
3.007,,-0.0694,-0.0844,0.017,0.17,-0.31,0.41,0.0,-0.0027,-0.0068,-0.0046,0.7,0.418,,1.233,,,,,
3.043,,-0.0695,-0.0841,0.016,0.17,-0.32,0.42,0.0,-0.003,-0.0051,-0.0034,0.7,0.418,,1.234,,,,,
3.098,,-0.0695,-0.0841,0.017,0.17,-0.31,0.42,0.0,-0.0034,-0.0049,-0.0039,0.692,0.411,,1.234,,,,,
3.151,,-0.0694,-0.0844,0.018,0.17,-0.3,0.41,0.0,-0.0034,-0.0063,-0.0024,0.692,0.411,,1.234,,,,,
3.217,,-0.0695,-0.0838,0.018,0.18,-0.32,0.42,0.0,-0.0038,-0.0038,0.0008,0.694,0.42,,1.234,,,,,
3.243,,-0.0695,-0.0843,0.016,0.18,-0.3,0.42,0.0,-0.0032,-0.006,0.0023,0.694,0.42,,1.235,,,,,
3.298,,-0.0695,-0.0845,0.016,0.18,-0.3,0.43,0.0,-0.0033,-0.0071,-0.0015,0.693,0.412,,1.235,,,,,
3.338,,-0.0696,-0.0846,0.017,0.18,-0.29,0.43,0.0,-0.0037,-0.0079,-0.004,0.693,0.412,,1.217,,,,,
3.385,,-0.0697,-0.0843,0.016,0.19,-0.3,0.43,0.0,-0.004,-0.0065,-0.0029,0.698,0.422,,1.217,,,,,
3.465,,-0.0697,-0.0847,0.017,0.19,-0.3,0.42,0.0,-0.0043,-0.0082,-0.0042,0.698,0.422,,1.235,,,,,
3.512,,-0.0697,-0.0847,0.016,0.18,-0.3,0.42,0.0,-0.0042,-0.0074,-0.0022,0.701,0.414,,1.235,,,,,
3.544,,-0.0698,-0.0848,0.018,0.19,-0.29,0.42,0.0,-0.0046,-0.0076,-0.0044,0.701,0.414,,1.215,,,,,
3.605,,-0.0698,-0.0848,0.015,0.19,-0.3,0.42,0.0,-0.0044,-0.0074,0.0,0.694,0.421,,1.215,,,,,
3.635,,-0.0697,-0.085,0.015,0.19,-0.29,0.41,0.0,-0.0038,-0.0076,-0.0046,0.694,0.421,,1.227,,,,,
3.685,,0.0,0.0,0.015,0.0,-0.03,0.01,0.0,0.0021,-0.001,-0.0007,0.698,0.413,,1.227,,,,,
3.765,,0.0001,-0.0003,0.015,0.01,0.01,0.04,0.0,0.0039,-0.0071,-0.0013,0.698,0.413,2.432,1.223,,,,,
3.797,,0.0003,-0.0002,0.016,0.01,-0.14,0.08,0.0,0.0049,-0.005,-0.0014,0.696,0.42,2.432,1.223,,,,,
3.841,,0.0004,-0.0005,0.019,0.01,-0.13,0.13,0.0,0.0051,-0.0079,0.0003,0.696,0.42,,1.228,,,,,
3.91,,0.0004,-0.0003,0.016,0.02,-0.26,0.18,0.0,0.0046,-0.0051,0.0083,0.69,0.411,,1.228,,,,,
3.941,,0.0004,-0.0003,0.018,0.02,-0.28,0.23,0.0,0.0041,-0.0053,0.0053,0.69,0.411,,1.231,,,,,
3.984,,0.0004,-0.0003,0.017,0.02,-0.32,0.26,0.0,0.0026,-0.0041,0.0072,0.693,0.422,,1.231,,,,,
4.056,,0.0003,-0.0005,0.017,0.02,-0.31,0.29,0.0,0.0017,-0.0058,0.0049,0.693,0.422,,1.214,,,,,
4.09,,0.0002,-0.0004,0.017,0.03,-0.34,0.31,0.0,0.001,-0.0054,0.003,0.692,0.414,,1.214,,,,,
4.157,,0.0002,-0.0001,0.017,0.03,-0.37,0.32,0.0,0.0006,-0.0034,0.0017,0.692,0.414,,1.226,,,,,
4.21,,0.0002,-0.0001,0.017,0.03,-0.37,0.33,0.0,0.0002,-0.0039,0.0,0.694,0.415,,1.226,,,,,
4.234,,0.0002,-0.0015,0.017,0.04,-0.28,0.34,0.0,0.0004,-0.0117,-0.0014,0.694,0.415,,1.234,,,,,
4.285,,0.0002,-0.0001,0.015,0.04,-0.37,0.35,0.0,0.0002,-0.0034,-0.0018,0.694,0.415,,1.234,,,,,
4.349,,0.0001,-0.0004,0.015,0.04,-0.35,0.35,0.0,0.0001,-0.0051,-0.0064,0.694,0.415,,1.225,,,,,
4.398,,0.0001,0.0,0.014,0.04,-0.37,0.36,0.0,-0.0002,-0.0037,-0.0084,0.696,0.415,,1.225,,,,,
4.447,,0.0001,-0.0006,0.018,0.05,-0.35,0.37,0.0,-0.0003,-0.0066,-0.0112,0.696,0.415,,1.225,,,,,
4.485,,0.0001,-0.0001,0.017,0.05,-0.37,0.38,0.0,-0.0008,-0.0043,-0.003,0.696,0.413,,1.225,,,,,
4.535,,0.0001,-0.0001,0.016,0.05,-0.36,0.38,0.0,-0.0015,-0.0046,-0.0007,0.696,0.413,2.418,1.222,,,,,
4.584,,0.0001,0.0001,0.016,0.05,-0.37,0.39,0.0,-0.0012,-0.0039,-0.0014,0.697,0.419,2.418,1.222,,,,,
4.645,,0.0001,-0.0006,0.014,0.05,-0.34,0.39,0.0,-0.0015,-0.0069,-0.0019,0.697,0.419,,1.221,,,,,
4.703,,0.0001,0.0001,0.016,0.06,-0.36,0.39,0.0,-0.0017,-0.0035,-0.007,0.694,0.412,,1.221,,,,,
4.738,,0.0001,-0.0003,0.017,0.06,-0.34,0.4,0.0,-0.0021,-0.0047,-0.0052,0.694,0.412,2.465,1.202,,,,,
4.784,,0.0,-0.0007,0.016,0.06,-0.33,0.41,0.0,-0.0024,-0.0069,-0.0011,0.695,0.421,2.465,1.202,,,,,
4.835,,-0.0001,-0.0011,0.016,0.06,-0.31,0.41,0.0,-0.0028,-0.0083,-0.0011,0.695,0.421,,1.227,,,,,
4.884,,-0.0001,-0.0005,0.015,0.06,-0.33,0.41,0.0,-0.0026,-0.0054,-0.0006,0.692,0.411,,1.227,,,,,
4.945,,-0.0002,-0.0008,0.016,0.06,-0.32,0.42,0.0,-0.0034,-0.0065,-0.0029,0.692,0.411,,1.22,,,,,
4.992,,-0.0001,-0.0,0.016,0.06,-0.34,0.41,0.0,-0.0032,-0.0033,-0.0021,0.697,0.418,,1.22,,,,,
5.037,,-0.0002,-0.0007,0.016,0.07,-0.32,0.41,0.0,-0.0036,-0.0061,-0.0017,0.697,0.418,,1.225,,,,,
5.086,,-0.0001,-0.0005,0.018,0.07,-0.32,0.42,0.0,-0.0035,-0.0059,-0.0022,0.692,0.415,,1.225,,,,,
5.152,,-0.0003,-0.0009,0.017,0.07,-0.31,0.42,0.0,-0.0047,-0.0073,0.0022,0.692,0.415,,1.217,,,,,
5.184,,-0.0001,-0.0005,0.017,0.07,-0.31,0.41,0.0,-0.0043,-0.0059,0.0025,0.694,0.42,,1.217,,,,,
5.254,,-0.0002,-0.0013,0.017,0.07,-0.29,0.41,0.0,-0.004,-0.0087,0.0014,0.694,0.42,,1.226,,,,,
5.292,,-0.0002,-0.0013,0.018,0.07,-0.28,0.41,0.0,-0.0038,-0.0088,0.0003,0.692,0.413,,1.226,,,,,
5.351,,-0.0003,-0.0007,0.016,0.08,-0.29,0.41,0.0,-0.0041,-0.0075,0.0018,0.692,0.413,,1.224,,,,,
5.385,,-0.0002,-0.0007,0.018,0.08,-0.29,0.41,0.0,-0.0039,-0.0076,-0.0024,0.69,0.416,,1.224,,,,,
5.434,,-0.0001,-0.0004,0.017,0.08,-0.29,0.41,0.0,-0.0035,-0.0068,-0.0009,0.69,0.416,,1.231,,,,,
5.485,,0.0,-0.0006,0.017,0.08,-0.29,0.41,0.0,-0.0032,-0.0083,-0.0013,0.696,0.413,,1.231,,,,,
5.549,,0.0002,-0.0006,0.015,0.08,-0.28,0.41,0.0,-0.0029,-0.0092,-0.002,0.696,0.413,,1.23,,,,,
5.589,,0.0002,-0.0003,0.016,0.08,-0.29,0.4,0.0,-0.0032,-0.0077,-0.0066,0.69,0.417,,1.23,,,,,
5.647,,0.0001,0.0001,0.013,0.09,-0.3,0.4,0.0,-0.003,-0.0065,-0.0071,0.69,0.417,,1.221,,,,,
5.688,,0.0002,0.0004,0.017,0.09,-0.3,0.4,0.0,-0.003,-0.0053,-0.0126,0.697,0.414,,1.221,,,,,
5.734,,0.0,-0.0002,0.017,0.09,-0.28,0.41,0.0,-0.0032,-0.0084,-0.0064,0.697,0.414,,1.216,,,,,
5.784,,0.0001,-0.0005,0.019,0.09,-0.28,0.4,0.0,-0.0034,-0.0097,-0.0024,0.696,0.418,,1.216,,,,,
5.844,,0.0001,-0.0005,0.019,0.09,-0.28,0.4,0.0,-0.0035,-0.0095,0.0033,0.696,0.418,,1.233,,,,,
5.901,,-0.0001,-0.0004,0.015,0.09,-0.28,0.4,0.0,-0.0038,-0.0095,0.007,0.692,0.412,,1.233,,,,,
5.935,,-0.0001,-0.0001,0.016,0.09,-0.3,0.4,0.0,-0.0039,-0.0078,0.0001,0.692,0.412,,1.223,,,,,
5.985,,-0.0001,-0.0001,0.016,0.1,-0.3,0.4,0.0,-0.0031,-0.0081,-0.0028,0.695,0.42,,1.223,,,,,
6.034,,0.0,-0.001,0.017,0.1,-0.27,0.4,0.0,-0.0028,-0.0121,-0.0046,0.695,0.42,,1.23,,,,,
6.084,,-0.0,-0.0004,0.016,0.1,-0.3,0.4,0.0,-0.0028,-0.009,-0.0026,0.689,0.413,,1.23,,,,,
6.143,,0.0,-0.0003,0.018,0.1,-0.3,0.4,0.0,-0.0027,-0.0077,-0.0042,0.689,0.413,,1.223,,,,,
6.202,,0.0,-0.0002,0.017,0.1,-0.31,0.4,0.0,-0.0029,-0.007,-0.0003,0.692,0.419,,1.223,,,,,
6.237,,0.0,-0.0006,0.015,0.1,-0.3,0.39,0.0,-0.0028,-0.0084,-0.001,0.692,0.419,,1.223,,,,,
6.284,,0.0,-0.0006,0.018,0.1,-0.3,0.39,0.0,-0.0026,-0.0082,-0.0058,0.696,0.412,,1.223,,,,,
6.333,,-0.0001,-0.0008,0.018,0.1,-0.29,0.39,0.0,-0.0029,-0.0087,-0.0019,0.696,0.412,,1.223,,,,,
6.384,,-0.0001,-0.0001,0.017,0.1,-0.32,0.4,0.0,-0.0033,-0.0056,0.0009,0.695,0.418,,1.223,,,,,
6.44,,-0.0001,-0.0005,0.016,0.1,-0.3,0.39,0.0,-0.003,-0.0069,-0.0002,0.695,0.418,,1.221,,,,,
6.504,,-0.0001,-0.0003,0.017,0.1,-0.31,0.39,0.0,-0.0027,-0.006,-0.0034,0.694,0.41,,1.221,,,,,
6.537,,-0.0001,-0.0,0.018,0.11,-0.32,0.39,0.0,-0.0025,-0.0046,-0.0033,0.694,0.41,,1.223,,,,,
6.591,,-0.0001,-0.0003,0.016,0.11,-0.31,0.39,0.0,-0.0023,-0.0066,-0.0009,0.693,0.418,,1.223,,,,,
6.634,,-0.0002,-0.0007,0.016,0.11,-0.3,0.39,0.0,-0.0024,-0.0088,-0.0039,0.693,0.418,2.456,1.215,,,,,
6.704,,-0.0002,-0.0006,0.018,0.11,-0.3,0.39,0.0,-0.0027,-0.0085,-0.0051,0.692,0.414,2.456,1.215,,,,,
6.734,,-0.0002,-0.0011,0.016,0.11,-0.29,0.39,0.0,-0.0025,-0.0104,-0.002,0.692,0.414,,1.224,,,,,
6.821,,-0.0002,-0.0008,0.018,0.11,-0.3,0.39,0.0,-0.0025,-0.0082,-0.0039,0.693,0.419,,1.224,,,,,
6.837,,-0.0003,-0.0012,0.015,0.11,-0.29,0.4,0.0,-0.0026,-0.0094,-0.0012,0.693,0.419,,1.222,,,,,
6.891,,-0.0002,-0.0004,0.016,0.11,-0.32,0.4,0.0,-0.0026,-0.0052,-0.006,0.698,0.415,,1.222,,,,,
6.934,,-0.0003,-0.001,0.019,0.11,-0.3,0.41,0.0,-0.0032,-0.0078,-0.0062,0.698,0.415,,1.227,,,,,
7.021,,-0.0004,-0.001,0.015,0.11,-0.31,0.41,0.0,-0.0029,-0.0077,0.0009,0.693,0.42,,1.227,,,,,
7.052,,-0.0003,-0.0006,0.016,0.11,-0.32,0.4,0.0,-0.0028,-0.0057,-0.0041,0.693,0.42,,1.233,,,,,
7.109,,-0.0003,-0.0009,0.018,0.11,-0.31,0.39,0.0,-0.0014,-0.007,-0.0051,0.695,0.414,,1.233,,,,,
7.143,,-0.0004,-0.0014,0.017,0.11,-0.29,0.4,0.0,-0.001,-0.0079,-0.0016,0.695,0.414,,1.231,,,,,
7.187,,-0.0003,-0.001,0.017,0.11,-0.3,0.4,0.0,-0.0007,-0.0057,-0.0013,0.695,0.419,,1.231,,,,,
7.233,,-0.0003,-0.0007,0.014,0.11,-0.31,0.4,0.0,-0.0001,-0.0042,-0.0017,0.695,0.419,,1.223,,,,,
7.315,,-0.0004,-0.0007,0.014,0.12,-0.31,0.4,0.0,0.0006,-0.0038,-0.0082,0.695,0.414,,1.223,,,,,
7.353,,-0.0004,-0.0013,0.013,0.12,-0.28,0.42,-0.0,-0.0002,-0.0058,-0.0118,0.695,0.414,,1.223,,,,,
7.385,,-0.0003,-0.001,0.014,0.12,-0.26,0.44,-0.0,-0.003,-0.0015,-0.0148,0.696,0.421,,1.223,,,,,
7.464,,-0.0004,-0.0011,0.012,0.11,-0.21,0.47,-0.0,-0.0064,0.0004,-0.0134,0.696,0.421,,1.221,,,,,
7.487,,-0.0003,-0.0004,0.015,0.09,-0.14,0.43,-0.0,-0.0081,0.005,-0.0127,0.696,0.412,,1.221,,,,,
7.533,,0.0044,-0.0009,0.012,0.01,-0.07,0.24,-0.0,0.0097,0.0028,-0.007,0.696,0.412,,1.207,,,,,
7.617,,0.0092,-0.0024,0.01,-0.03,0.2,-0.01,-0.0,0.0269,-0.004,-0.0031,0.692,0.421,,1.207,,,,,
7.658,,0.0099,-0.0027,0.0,-0.05,0.24,-0.18,-0.0,0.0252,-0.0061,0.0081,0.692,0.421,,1.179,,,,,
7.685,,0.0078,-0.0012,0.0,-0.07,0.06,0.5,-0.0,0.0107,0.0001,0.025,0.69,0.415,,1.179,,,,,
7.748,,0.0031,-0.0031,0.0,-0.08,0.1,0.47,-0.0,-0.0181,-0.0113,0.0665,0.69,0.415,2.471,1.378,,,,,
7.783,,0.0036,-0.003,0.001,-0.16,0.7,0.09,-0.0,-0.0148,-0.0128,0.0814,0.689,0.418,2.471,1.378,,,,,
7.834,,0.0067,0.0015,0.015,-0.29,0.53,-0.22,-0.0,0.0029,0.009,0.0999,0.689,0.418,2.463,1.38,,,,,
7.912,,0.0016,0.0024,0.031,-0.48,0.14,0.19,-0.0,-0.0223,0.0088,0.1471,0.687,0.435,2.463,1.38,,,,,
7.966,,0.0046,0.0028,0.044,-0.8,0.19,-0.08,-0.0,-0.0016,0.0074,0.1801,0.687,0.435,,1.385,,,,,
7.998,,0.0045,0.0092,0.063,-1.05,0.24,-0.11,-0.0,-0.0005,0.0323,0.2015,0.677,0.462,,1.385,,,,,
8.038,,0.0034,0.0051,0.076,-1.28,0.65,-0.12,-0.0,-0.0042,0.0016,0.2338,0.677,0.462,,1.387,,,,,
8.083,,0.004,0.0022,0.092,-1.53,0.43,-0.13,-0.0,0.0011,-0.0163,0.2361,0.669,,,1.387,,,,,
8.133,,0.0015,-0.003,0.101,-1.73,0.32,-0.14,-0.0,-0.0099,-0.0406,0.2491,0.669,,2.43,1.385,,,,,
8.226,,0.0035,-0.0084,0.116,-1.82,0.01,-0.39,-0.0,0.0054,-0.0585,0.2394,0.661,,2.43,1.385,,,,,
8.233,,0.0047,-0.0124,0.124,-1.83,-0.41,-0.52,-0.0,0.0137,-0.0623,0.2552,0.661,,2.413,1.384,,,,,
8.287,,0.0058,-0.0153,0.135,-1.79,-0.68,-0.36,-0.0,0.0194,-0.0573,0.2359,0.654,,2.413,1.384,,,,,
8.363,,0.0088,-0.0184,0.145,-1.76,-0.85,-0.23,-0.0,0.0318,-0.0524,0.2417,0.654,,,1.386,,,,,
8.39,,0.0125,-0.0216,0.15,-1.72,-1.03,0.04,-0.0,0.0424,-0.0483,0.2237,0.648,,,1.386,,,,,
8.47,,0.0163,-0.0236,0.162,-1.65,-1.04,0.28,-0.0,0.0489,-0.0387,0.2134,0.648,,,1.379,,,,,
8.489,,0.0185,-0.0244,0.173,-1.56,-0.96,0.66,-0.0,0.0448,-0.026,0.2106,0.64,,,1.379,,,,,
8.567,,0.0229,-0.0257,0.181,-1.45,-0.92,0.81,-0.0,0.0479,-0.018,0.2087,0.64,,,1.377,,,,,
8.585,,0.0273,-0.026,0.189,-1.34,-0.88,0.91,-0.0,0.0494,-0.0089,0.1943,0.635,,,1.377,,,,,
8.637,,0.0315,-0.0258,0.204,-1.17,-0.72,1.1,-0.0,0.0485,-0.0,0.195,0.635,,,1.372,,,,,
8.688,,0.033,-0.025,0.214,-0.96,-0.55,1.07,-0.0,0.0367,0.0084,0.1999,0.635,,,1.372,,,,,
8.735,,0.0357,-0.0251,0.221,-0.7,-0.22,0.98,-0.0,0.0319,0.0101,0.1931,0.635,,,1.378,,,,,
8.784,,0.0379,-0.0206,0.239,-0.37,-0.03,0.99,-0.0,0.0264,0.0238,0.1786,0.632,,,1.378,,,,,
8.871,,0.0398,-0.0193,0.244,-0.06,0.12,0.87,-0.0,0.021,0.024,0.1946,0.632,,2.412,1.382,,,,,
8.901,,0.0416,-0.0155,0.26,0.22,0.22,0.74,-0.0,0.0171,0.0311,0.1694,0.633,,2.412,1.382,,,,,
8.934,,0.0438,-0.0137,0.266,0.5,0.33,0.56,-0.0,0.0156,0.0292,0.1802,0.633,,2.399,1.384,,,,,
8.991,,0.0451,-0.0113,0.266,0.79,0.53,0.49,-0.0,0.0129,0.0289,0.159,0.636,,2.399,1.384,,,,,
9.033,,0.0449,-0.0085,0.271,1.05,0.54,0.42,-0.0,0.007,0.0283,0.1374,0.636,,2.39,1.395,,,,,
9.083,,0.0456,-0.0081,0.279,1.24,0.44,0.34,-0.0,0.0051,0.0215,0.1239,0.643,,2.39,1.395,,,,,
9.159,,0.0459,-0.0055,0.286,1.36,0.36,0.2,-0.0,0.0031,0.0225,0.1203,0.643,,2.376,1.39,,,,,
9.183,,0.0483,-0.0025,0.295,1.48,0.31,0.15,-0.0,0.0073,0.0244,0.1123,0.643,,2.376,1.39,,,,,
9.24,,0.0494,-0.0026,0.297,1.6,0.29,0.27,-0.0,0.0078,0.0192,0.113,0.643,,2.373,1.395,,,,,
9.3,,0.053,-0.002,0.304,1.73,0.26,0.29,-0.0,0.0131,0.0159,0.0892,0.646,,2.373,1.395,,,,,
9.333,,0.056,0.0008,0.308,1.79,0.1,0.2,-0.0,0.0163,0.0188,0.0991,0.646,,2.374,1.4,,,,,
9.383,,0.0576,0.001,0.316,1.82,0.09,0.22,-0.0,0.0166,0.0166,0.0872,0.65,,2.374,1.4,,,,,
9.458,,0.0618,0.0034,0.325,1.78,0.13,0.35,-0.0,0.0218,0.0193,0.0868,0.65,,2.366,1.392,,,,,
9.494,,0.0641,0.0045,0.333,1.78,0.14,0.43,-0.0,0.0213,0.0185,0.0891,0.647,,2.366,1.392,,,,,
9.534,,0.0681,0.0073,0.329,1.81,0.17,0.33,-0.0,0.0245,0.0212,0.0844,0.647,,2.376,1.399,,,,,
9.591,,0.0703,0.011,0.335,1.85,0.27,0.51,-0.0,0.0235,0.0251,0.0545,0.65,,2.376,1.399,,,,,
9.632,,0.0728,0.0115,0.335,1.79,0.25,0.44,-0.0,0.0226,0.0217,0.061,0.65,,2.364,1.405,,,,,
9.683,,0.0776,0.0144,0.337,1.76,0.35,0.47,-0.0,0.026,0.0226,0.0418,0.652,,2.364,1.405,,,,,
9.765,TAKEOFF,0.0794,0.0184,0.341,1.65,0.32,0.49,-0.0,0.0231,0.0253,0.0403,0.652,,2.354,1.406,,,,,
9.786,ROTATION_SCAN,0.0825,0.0244,0.348,1.52,0.27,0.45,-0.0,0.023,0.0318,0.0383,0.658,,2.354,1.406,,,,,
9.845,ROTATION_SCAN,0.0846,0.0262,0.349,1.45,0.36,0.5,15.0,0.021,0.0296,0.0434,0.658,,2.356,1.418,,,,,
9.888,ROTATION_SCAN,0.0896,0.0314,0.346,1.33,0.32,0.42,15.0,0.0247,0.0338,0.0321,0.657,,2.356,1.418,,,,,
9.933,ROTATION_SCAN,0.0921,0.0335,0.348,1.36,0.44,0.61,15.0,0.023,0.0316,0.02,0.657,,2.355,1.426,,,,,
9.982,ROTATION_SCAN,0.0974,0.0384,0.348,1.62,0.51,0.62,15.0,0.0255,0.0333,0.0182,0.676,,2.355,1.426,,,,,
10.037,ROTATION_SCAN,0.101,0.0461,0.35,1.98,0.55,0.74,15.0,0.0241,0.0397,0.0125,0.676,,2.351,1.426,,,,,
10.096,ROTATION_SCAN,0.1012,0.0469,0.351,2.51,0.78,0.94,15.0,0.0161,0.0322,0.0119,0.725,,2.351,1.426,,,,,
10.134,ROTATION_SCAN,0.1069,0.0524,0.351,3.16,0.94,0.97,15.0,0.0169,0.0318,0.0064,0.725,,2.317,1.434,,,,,
10.198,ROTATION_SCAN,0.1086,0.0556,0.353,3.9,1.08,1.12,15.0,0.0108,0.026,0.0055,,,2.317,1.434,,,,,
10.249,ROTATION_SCAN,0.1118,0.0614,0.352,4.66,1.28,1.14,15.0,0.0067,0.0236,0.0059,,,2.329,1.442,,,,,
10.282,ROTATION_SCAN,0.1155,0.0655,0.347,5.48,1.38,1.19,15.0,0.0042,0.0172,-0.001,1.986,,2.329,1.442,,,,,
10.349,ROTATION_SCAN,0.1182,0.0705,0.35,6.3,1.44,1.21,15.0,-0.0001,0.012,-0.0103,1.986,,2.331,1.451,3.732,,,,
10.382,ROTATION_SCAN,0.1203,0.0725,0.348,7.08,1.56,1.24,15.0,-0.005,0.0009,-0.0022,2.038,,2.331,1.451,3.732,,,,
10.441,ROTATION_SCAN,0.1232,0.0734,0.353,7.88,1.51,1.21,15.0,-0.0079,-0.0115,-0.0074,2.038,,2.335,1.461,,,,,
10.502,ROTATION_SCAN,0.1262,0.0733,0.352,8.62,1.54,1.32,15.0,-0.0104,-0.0245,0.0039,2.055,,2.335,1.461,,,,,
10.559,ROTATION_SCAN,0.1279,0.0737,0.353,9.4,1.43,1.36,15.0,-0.0152,-0.0353,-0.0023,2.055,,2.339,1.474,,,,,
10.597,ROTATION_SCAN,0.1291,0.0751,0.351,10.13,1.3,1.31,15.0,-0.0209,-0.0427,0.0001,2.043,,2.339,1.474,,,,,
10.655,ROTATION_SCAN,0.1342,0.0718,0.35,10.89,1.27,1.36,15.0,-0.0189,-0.0568,-0.0071,2.043,,2.339,1.489,,,,,
10.691,ROTATION_SCAN,0.1347,0.0707,0.353,11.63,1.04,1.35,15.0,-0.0256,-0.0658,-0.0077,,,2.339,1.489,,,,,
10.764,ROTATION_SCAN,0.1361,0.0727,0.351,12.35,0.77,1.3,15.0,-0.0301,-0.0663,-0.0051,,,2.352,1.496,,,,,
10.8,ROTATION_SCAN,0.1368,0.0681,0.353,13.07,0.65,1.26,15.0,-0.0348,-0.0761,-0.0115,,,2.352,1.496,,,,,
10.844,ROTATION_SCAN,0.1391,0.0677,0.352,13.77,0.35,1.07,15.0,-0.0366,-0.0769,-0.0049,,,2.38,1.518,,,,,
10.882,ROTATION_SCAN,0.1399,0.0646,0.353,14.51,0.23,1.05,15.0,-0.0399,-0.0798,-0.0091,,,2.38,1.518,,,,,
10.942,ROTATION_SCAN,0.1397,0.0623,0.352,15.28,0.23,1.07,15.0,-0.0444,-0.081,-0.0113,,,2.354,,,,,,
10.988,ROTATION_SCAN,0.1385,0.0613,0.348,16.03,0.13,1.08,15.0,-0.0511,-0.0798,-0.0135,,,2.354,,,,,,
11.062,ROTATION_SCAN,0.1396,0.0565,0.352,16.8,0.03,0.96,15.0,-0.0527,-0.0843,-0.0185,,,2.394,1.579,,,,,
11.133,ROTATION_SCAN,0.1381,0.0586,0.348,17.56,-0.07,0.89,15.0,-0.0584,-0.0757,-0.0056,,,2.394,1.579,,,,,
11.156,ROTATION_SCAN,0.1409,0.0654,0.35,18.33,-0.16,0.77,15.0,-0.0559,-0.059,-0.0185,,,2.397,,,,,,
11.209,ROTATION_SCAN,0.1415,0.0666,0.346,19.01,-0.22,0.78,15.0,-0.0569,-0.0525,-0.0102,,,2.397,,,,,,
11.239,ROTATION_SCAN,0.1424,0.0709,0.345,19.74,-0.15,0.73,15.0,-0.0569,-0.0414,-0.02,,,,,,,,,
11.284,ROTATION_SCAN,0.1398,0.0719,0.344,20.51,0.01,0.66,15.0,-0.0626,-0.0378,-0.0188,,,,,,,,,
11.36,ROTATION_SCAN,0.1397,0.0901,0.342,21.31,0.13,0.76,15.0,-0.0631,-0.0063,-0.0171,,,,,,,,,
11.389,ROTATION_SCAN,0.1416,0.0969,0.342,22.09,0.47,0.91,15.0,-0.0602,0.001,-0.021,,,,,,,,,
11.464,ROTATION_SCAN,0.1445,0.1041,0.343,22.83,0.79,1.1,15.0,-0.056,0.0054,-0.017,,,,,,,,,
11.537,ROTATION_SCAN,0.147,0.1109,0.347,23.64,1.09,1.24,15.0,-0.0535,0.0056,-0.0088,,,,,,,,,
11.545,ROTATION_SCAN,0.1485,0.1166,0.344,24.46,1.26,1.38,15.0,-0.0525,0.002,-0.0039,,,,,,,,,
11.613,ROTATION_SCAN,0.1484,0.1237,0.343,25.23,1.35,1.5,15.0,-0.0544,-0.0002,-0.0097,,,,,,,,,
11.636,ROTATION_SCAN,0.1455,0.1233,0.343,25.97,1.38,1.59,15.0,-0.0613,-0.0168,-0.0077,,,2.49,,,,,,
11.699,ROTATION_SCAN,0.1454,0.1279,0.344,26.71,1.28,1.56,15.0,-0.0628,-0.0228,-0.009,,,2.49,,,,,,
11.74,ROTATION_SCAN,0.1465,0.1335,0.344,27.43,1.24,1.51,15.0,-0.0622,-0.0257,-0.0076,,,2.511,,,,,,
11.817,ROTATION_SCAN,0.1437,0.1336,0.345,28.17,1.19,1.5,15.0,-0.0678,-0.0379,-0.0068,,,2.511,,,,,,
11.855,ROTATION_SCAN,0.1411,0.1335,0.342,28.94,1.14,1.29,15.0,-0.072,-0.0484,-0.0055,,,,,,,,,
11.898,ROTATION_SCAN,0.1374,0.1308,0.342,29.7,1.03,1.17,15.0,-0.0766,-0.0613,-0.0142,,,,,,,,,
11.932,ROTATION_SCAN,0.1345,0.1283,0.342,30.45,0.82,0.86,15.0,-0.0785,-0.0714,-0.0105,,,,,,,,,
12.013,ROTATION_SCAN,0.1365,0.1338,0.343,31.2,0.61,0.61,15.0,-0.0706,-0.0633,-0.0119,,,,,,,,,
12.038,ROTATION_SCAN,0.1446,0.1387,0.343,31.97,0.6,0.53,15.0,-0.0514,-0.0552,-0.0099,,,,,,,,,
12.086,ROTATION_SCAN,0.144,0.1347,0.341,32.72,0.48,0.63,15.0,-0.0494,-0.0638,-0.0094,,,,,,,,,
12.182,ROTATION_SCAN,0.1472,0.1395,0.34,33.45,0.4,0.73,15.0,-0.0421,-0.0552,-0.0151,,,,,,,,,
12.186,ROTATION_SCAN,0.1494,0.1396,0.339,34.19,0.23,0.8,15.0,-0.0384,-0.0562,-0.0137,,,,,,,,,
12.273,ROTATION_SCAN,0.1615,0.1482,0.341,34.92,0.17,0.85,15.0,-0.0188,-0.0411,-0.017,,,,,,,,,
12.287,ROTATION_SCAN,0.164,0.1525,0.341,35.62,0.12,1.13,15.0,-0.0185,-0.0351,-0.0113,,,,,,,,,
12.334,ROTATION_SCAN,0.1692,0.1574,0.338,36.38,0.17,1.45,15.0,-0.0156,-0.0299,-0.0138,,,,,,,,,
12.392,ROTATION_SCAN,0.1694,0.1603,0.34,37.14,0.11,1.5,15.0,-0.0226,-0.0304,-0.0175,,,,,,,,,
12.436,ROTATION_SCAN,0.1689,0.1625,0.337,37.94,0.29,1.68,15.0,-0.031,-0.0327,-0.011,,,,,,,,,
12.482,ROTATION_SCAN,0.1686,0.1643,0.339,38.75,0.31,1.7,15.0,-0.038,-0.0368,-0.0192,,,,,,,,,
12.558,ROTATION_SCAN,0.1671,0.1648,0.339,39.53,0.24,1.65,15.0,-0.0467,-0.0426,-0.0128,,,,0.844,,,,,
12.586,ROTATION_SCAN,0.1667,0.1668,0.335,40.33,0.27,1.49,15.0,-0.0515,-0.0448,-0.0131,,,,0.844,,,,,
12.646,ROTATION_SCAN,0.1668,0.1721,0.334,41.14,0.24,1.28,15.0,-0.0538,-0.0392,-0.0216,,,,0.836,,,,,
12.684,ROTATION_SCAN,0.1646,0.1709,0.332,41.94,0.24,1.14,15.0,-0.0589,-0.0456,-0.0215,,,,0.836,,,,,
12.739,ROTATION_SCAN,0.1621,0.1704,0.333,42.78,0.38,1.06,15.0,-0.0629,-0.0501,-0.0248,,,,0.826,,,,,
12.808,ROTATION_SCAN,0.1599,0.172,0.336,43.59,0.36,1.06,15.0,-0.0652,-0.0503,-0.017,,,,0.826,,,,,
12.855,ROTATION_SCAN,0.157,0.1693,0.331,44.44,0.27,0.89,15.0,-0.0684,-0.058,-0.012,,,,0.816,,,,,
12.896,ROTATION_SCAN,0.1532,0.1656,0.331,45.3,0.24,0.76,15.0,-0.0727,-0.066,-0.0212,,,,0.816,,,,,
12.952,ROTATION_SCAN,0.1491,0.1628,0.33,46.18,0.2,0.56,15.0,-0.0761,-0.0703,-0.0126,,,,0.806,,,,,
12.993,ROTATION_SCAN,0.1434,0.1621,0.329,47.06,0.11,0.34,15.0,-0.0815,-0.0682,-0.0137,,,,0.806,,,,,
13.038,ROTATION_SCAN,0.1402,0.1592,0.33,47.94,0.13,0.26,15.0,-0.0807,-0.0695,-0.0127,,,,0.797,,,,,
13.1,ROTATION_SCAN,0.1397,0.1629,0.327,48.81,0.01,0.05,15.0,-0.0741,-0.0566,-0.0095,,,,0.797,,,,,
13.147,ROTATION_SCAN,0.1427,0.1668,0.329,49.66,0.02,0.05,15.0,-0.0611,-0.0432,-0.0137,,,,0.785,,,,,
13.201,ROTATION_SCAN,0.1413,0.169,0.325,50.48,0.16,0.44,15.0,-0.058,-0.0361,-0.0075,,,,0.785,,,,,
13.24,ROTATION_SCAN,0.1389,0.1712,0.327,51.32,0.28,0.71,15.0,-0.0585,-0.0326,-0.0143,,,,0.766,,,,,
13.286,ROTATION_SCAN,0.1369,0.1756,0.326,52.13,0.21,0.81,15.0,-0.0586,-0.0269,-0.0068,,,,0.766,,,,,
13.332,ROTATION_SCAN,0.1383,0.1793,0.328,52.98,0.32,1.05,15.0,-0.0527,-0.0234,-0.0097,,,,0.745,3.751,,,,
13.39,ROTATION_SCAN,0.1389,0.1851,0.328,53.76,0.35,1.19,15.0,-0.049,-0.0179,-0.0051,,,,0.745,3.751,,,,
13.432,ROTATION_SCAN,0.1388,0.1883,0.328,54.56,0.38,1.44,15.0,-0.048,-0.0195,-0.0057,,,,0.728,,,,,
13.49,ROTATION_SCAN,0.1378,0.1903,0.329,55.29,0.33,1.65,15.0,-0.0498,-0.0254,-0.0049,,,,0.728,,,,,
13.56,ROTATION_SCAN,0.1372,0.1927,0.328,56.06,0.36,1.81,15.0,-0.0513,-0.0307,-0.0073,,,,0.715,,,,,
13.617,ROTATION_SCAN,0.135,0.1922,0.328,56.82,0.44,1.91,15.0,-0.0561,-0.0425,-0.01,,,,0.715,,,,,
13.645,ROTATION_SCAN,0.1334,0.1912,0.333,57.58,0.45,1.88,15.0,-0.0588,-0.0546,-0.0132,,,,0.71,,,,,
13.684,ROTATION_SCAN,0.1303,0.1932,0.324,58.35,0.38,1.75,15.0,-0.0641,-0.059,-0.003,,,,0.71,,,,,
13.743,ROTATION_SCAN,0.1286,0.1923,0.32,59.17,0.37,1.54,15.0,-0.0649,-0.0673,-0.0293,,,,0.701,,,,,
13.781,ROTATION_SCAN,0.1256,0.1907,0.322,59.94,0.4,1.41,15.0,-0.0678,-0.0756,-0.0303,,,,0.701,,,,,
13.86,ROTATION_SCAN,0.1218,0.1886,0.319,60.71,0.45,1.31,15.0,-0.0711,-0.0835,-0.0218,,,,0.696,,,,,
13.888,ROTATION_SCAN,0.1193,0.1882,0.319,61.51,0.5,1.18,15.0,-0.0704,-0.0858,-0.0282,,,,0.696,,,,,
13.966,ROTATION_SCAN,0.1138,0.1822,0.318,62.28,0.45,0.97,15.0,-0.0754,-0.0991,-0.0183,,,,0.686,,,,,
13.991,ROTATION_SCAN,0.1096,0.1818,0.313,63.05,0.47,0.62,15.0,-0.0762,-0.0968,-0.0146,,,,0.686,,,,,
14.036,ROTATION_SCAN,0.1075,0.181,0.316,63.79,0.55,0.52,15.0,-0.0707,-0.0937,-0.0212,,,,0.679,,,,,
14.1,ROTATION_SCAN,0.1041,0.1793,0.313,64.49,0.62,0.39,15.0,-0.0678,-0.0925,-0.0047,,,,0.679,,,,,
14.136,ROTATION_SCAN,0.1029,0.1791,0.311,65.18,0.57,0.26,15.0,-0.0596,-0.0872,-0.0114,,,,0.677,,,,,
14.184,ROTATION_SCAN,0.1003,0.1775,0.316,65.82,0.54,0.18,15.0,-0.0552,-0.0847,-0.0076,,,,0.677,,,,,
14.256,ROTATION_SCAN,0.0959,0.1749,0.318,66.42,0.53,0.15,15.0,-0.0554,-0.0838,0.0035,,,,0.669,,,,,
14.286,ROTATION_SCAN,0.0934,0.1777,0.319,67.11,0.48,0.05,15.0,-0.0517,-0.0706,0.005,,,,0.669,,,,,
14.342,ROTATION_SCAN,0.091,0.1777,0.319,67.75,0.42,0.0,15.0,-0.0477,-0.0642,0.0074,,,,0.667,,,,,
14.388,ROTATION_SCAN,0.0887,0.18,0.319,68.39,0.48,-0.03,15.0,-0.0443,-0.0531,0.0043,,,,0.667,,,,,
14.474,ROTATION_SCAN,0.0873,0.1834,0.318,68.94,0.49,0.12,15.0,-0.0389,-0.0412,0.0017,,,,0.666,,,,,
14.5,ROTATION_SCAN,0.0871,0.1857,0.324,69.57,0.62,0.37,15.0,-0.0315,-0.0347,-0.0015,,,,0.666,,,,,
14.535,ROTATION_SCAN,0.0863,0.1904,0.323,70.16,0.61,0.61,15.0,-0.0262,-0.0256,0.009,,,,0.657,,,,,
14.612,ROTATION_SCAN,0.0845,0.1936,0.325,70.8,0.63,0.81,15.0,-0.0243,-0.0224,-0.0025,,,,0.657,,,,,
14.682,ROTATION_SCAN,0.0833,0.1985,0.33,71.47,0.62,0.87,15.0,-0.0216,-0.017,-0.0002,,,,0.659,,,,,
14.738,ROTATION_SCAN,0.0829,0.2023,0.329,72.14,0.58,0.92,15.0,-0.0177,-0.0148,0.0079,,,,0.659,,,,,
14.761,ROTATION_SCAN,0.083,0.2044,0.327,72.9,0.6,1.08,15.0,-0.0135,-0.017,-0.0054,,,,0.658,,,,,
14.793,ROTATION_SCAN,0.0817,0.2083,0.328,73.59,0.65,1.14,15.0,-0.0125,-0.0163,-0.0119,,,,0.658,,,,,
14.862,ROTATION_SCAN,0.079,0.2133,0.329,74.35,0.6,1.18,15.0,-0.0145,-0.0132,-0.0137,,,,0.664,,,,,
14.89,ROTATION_SCAN,0.078,0.2144,0.327,75.11,0.68,1.13,15.0,-0.0127,-0.0193,-0.0137,,1.616,,0.664,,,,,
14.951,ROTATION_SCAN,0.0776,0.2165,0.325,75.82,0.76,1.18,15.0,-0.0089,-0.0224,-0.0215,,1.616,,0.679,,,,,
14.985,ROTATION_SCAN,0.0754,0.2186,0.326,76.55,0.78,1.31,15.0,-0.0091,-0.0263,-0.0248,2.329,1.604,,0.679,,,,,
15.059,ROTATION_SCAN,0.071,0.2209,0.327,77.25,0.72,1.25,15.0,-0.0146,-0.0292,-0.0191,2.329,1.604,,0.689,,,,,
15.097,ROTATION_SCAN,0.0706,0.2229,0.32,77.99,0.72,1.09,15.0,-0.01,-0.0318,-0.0193,,1.6,,0.689,,,,,
15.158,ROTATION_SCAN,0.0695,0.2236,0.322,78.74,0.93,1.15,15.0,-0.0069,-0.0366,-0.0341,,1.6,,0.702,,,,,
15.221,ROTATION_SCAN,0.0678,0.2254,0.317,79.43,0.93,1.17,15.0,-0.0043,-0.039,-0.0192,,1.588,,0.702,,,,,
15.257,ROTATION_SCAN,0.0654,0.2251,0.318,80.14,0.95,1.19,15.0,-0.0033,-0.0455,-0.0312,,1.588,,0.726,,,,,
15.295,ROTATION_SCAN,0.0652,0.2246,0.318,80.85,0.9,1.04,15.0,0.0024,-0.0519,-0.0217,2.239,1.593,,0.726,,,,,
15.368,ROTATION_SCAN,0.0623,0.2249,0.316,81.59,0.81,0.88,15.0,0.0008,-0.0534,-0.023,2.239,1.593,,0.767,,,,,
15.391,ROTATION_SCAN,0.0615,0.225,0.317,82.27,0.78,0.81,15.0,0.0044,-0.0549,-0.024,2.252,1.587,,0.767,,,,,
15.431,ROTATION_SCAN,0.0632,0.2242,0.313,83.0,0.69,0.7,15.0,0.0133,-0.0573,-0.0175,2.252,1.587,,0.83,,,,,
15.508,ROTATION_SCAN,0.0638,0.2275,0.315,83.69,0.66,0.67,15.0,0.0179,-0.0492,-0.0247,2.214,1.59,,0.83,,,,,
15.547,ROTATION_SCAN,0.0654,0.2255,0.314,84.42,0.55,0.7,15.0,0.0239,-0.0549,-0.016,2.214,1.59,,0.935,,,,,
15.586,ROTATION_SCAN,0.0661,0.2259,0.313,85.2,0.35,0.67,15.0,0.0263,-0.0537,-0.0163,2.204,1.585,,0.935,,,,,
15.651,ROTATION_SCAN,0.0675,0.2242,0.314,85.92,0.23,0.65,15.0,0.0286,-0.0566,-0.0223,2.204,1.585,,1.111,,,,,
15.696,ROTATION_SCAN,0.0687,0.2244,0.312,86.6,0.17,0.7,15.0,0.0293,-0.0557,-0.016,2.197,1.576,,1.111,,,,,
15.734,ROTATION_SCAN,0.0661,0.2215,0.312,87.32,0.05,0.83,15.0,0.0212,-0.0623,-0.0218,2.197,1.576,,1.729,,,,,
15.82,ROTATION_SCAN,0.0659,0.2232,0.314,88.05,-0.03,0.83,15.0,0.0186,-0.0588,-0.0165,2.204,1.58,,1.729,,,,,
15.855,ROTATION_SCAN,0.0639,0.2232,0.32,88.8,-0.04,0.85,15.0,0.0118,-0.0591,-0.0157,2.204,1.58,,1.996,,,,,
15.987,NAV_TO_LANDING,0.0652,0.2251,0.321,89.58,-0.02,0.73,15.0,0.0128,-0.0549,-0.0003,2.198,1.582,,1.996,,,,1.16,0.24
16.119,NAV_WAYPOINT,0.0614,0.2247,0.322,90.37,-0.06,0.64,-0.0,0.0033,-0.0549,-0.0089,2.198,1.582,,2.04,,0.56,0.22,1.16,0.24
16.15,NAV_WAYPOINT,0.0587,0.2228,0.323,91.09,0.01,0.3,-0.0,-0.0032,-0.0573,-0.0101,2.201,1.59,,2.04,,0.56,0.22,1.16,0.24
16.188,NAV_WAYPOINT,0.0486,0.2292,0.322,91.68,-0.03,-0.13,-0.0,-0.0245,-0.0387,-0.0136,2.201,1.59,,2.102,,0.56,0.22,1.16,0.24
16.207,NAV_WAYPOINT,0.0454,0.2334,0.322,92.1,0.19,-0.26,-0.0,-0.0284,-0.0243,-0.0211,2.184,1.598,,2.102,,0.56,0.22,1.16,0.24
16.238,NAV_WAYPOINT,0.0413,0.2376,0.329,92.47,0.32,-0.4,-0.0,-0.0322,-0.0099,-0.0248,2.184,1.598,,2.117,,0.56,0.22,1.16,0.24
16.272,NAV_WAYPOINT,0.037,0.2441,0.339,92.79,0.5,-0.27,-0.0,-0.0347,0.0083,-0.0149,2.186,1.603,,2.117,,0.56,0.22,1.16,0.24
16.287,NAV_WAYPOINT,0.0335,0.2505,0.33,92.95,1.35,-0.19,-0.0,-0.0339,0.0234,-0.0038,2.186,1.603,,2.11,,0.56,0.22,1.16,0.24
16.296,NAV_WAYPOINT,0.0291,0.2555,0.324,92.98,3.5,0.12,-0.0,-0.0226,0.033,-0.0361,2.165,1.612,,2.11,,0.56,0.22,1.16,0.24
16.378,NAV_WAYPOINT,0.0279,0.2607,0.314,92.83,4.63,0.38,-0.0,0.0097,0.0408,-0.0486,2.165,1.612,,2.116,,0.56,0.22,1.16,0.24
16.406,NAV_WAYPOINT,0.0276,0.266,0.304,92.53,5.39,0.71,-0.0,0.0487,0.0459,-0.0687,2.164,1.624,,2.116,,0.56,0.22,1.16,0.24
16.453,NAV_WAYPOINT,0.0298,0.2738,0.297,92.17,5.62,1.09,-0.0,0.0955,0.0527,-0.0742,2.164,1.624,,2.066,,0.56,0.22,1.16,0.24
16.483,NAV_WAYPOINT,0.0355,0.2799,0.288,91.78,5.43,1.28,-0.0,0.1456,0.053,-0.0709,2.156,1.629,,2.066,,0.56,0.22,1.16,0.24
16.55,NAV_WAYPOINT,0.0423,0.2851,0.28,91.39,4.95,1.42,-0.0,0.1899,0.0486,-0.0705,2.156,1.629,,,,0.56,0.22,1.16,0.24
16.592,NAV_WAYPOINT,0.0508,0.2903,0.278,91.06,4.39,1.7,-0.0,0.2293,0.0423,-0.0592,2.134,1.649,,,,0.56,0.22,1.16,0.24
16.632,NAV_WAYPOINT,0.0621,0.2943,0.272,90.77,3.58,1.91,-0.0,0.2641,0.0318,-0.0384,2.134,1.649,,2.064,,0.56,0.22,1.16,0.24
16.723,NAV_WAYPOINT,0.077,0.3005,0.272,90.47,2.85,1.92,-0.0,0.2966,0.0273,-0.0298,2.128,1.656,,2.064,,0.56,0.22,1.16,0.24
16.733,NAV_WAYPOINT,0.0889,0.3025,0.269,90.25,2.1,1.88,-0.0,0.3116,0.0126,-0.0078,2.128,1.656,,2.05,,0.56,0.22,1.16,0.24
16.849,NAV_WAYPOINT,0.1004,0.3059,0.272,90.05,1.45,1.82,-0.0,0.3172,0.004,0.0035,2.124,1.656,,2.05,,0.56,0.22,1.16,0.24
16.902,NAV_WAYPOINT,0.1132,0.3083,0.273,89.94,1.06,1.67,-0.0,0.3198,-0.0052,0.0234,2.124,1.656,,2.048,,0.56,0.22,1.16,0.24
16.962,NAV_WAYPOINT,0.1273,0.3098,0.276,89.86,0.67,1.67,-0.0,0.3218,-0.014,0.0323,2.12,1.663,,2.048,,0.56,0.22,1.16,0.24
16.98,NAV_WAYPOINT,0.1421,0.3111,0.28,89.8,0.37,1.59,-0.0,0.3227,-0.0225,0.0447,2.12,1.663,,2.025,,0.56,0.22,1.16,0.24
17.013,NAV_WAYPOINT,0.154,0.311,0.285,89.81,0.19,1.39,-0.0,0.3137,-0.0316,0.0506,2.119,1.659,,2.025,,0.56,0.22,1.16,0.24
17.048,NAV_WAYPOINT,0.1667,0.3116,0.287,89.82,0.1,1.14,-0.0,0.3065,-0.0354,0.0532,2.119,1.659,,1.998,,0.56,0.22,1.16,0.24
17.088,NAV_WAYPOINT,0.1783,0.3117,0.289,89.82,0.13,1.02,-0.0,0.297,-0.0387,0.0498,2.128,1.665,,1.998,,0.56,0.22,1.16,0.24
17.162,NAV_WAYPOINT,0.1899,0.3121,0.293,89.75,0.11,0.94,-0.0,0.2885,-0.0402,0.0458,2.128,1.665,,1.994,,0.56,0.22,1.16,0.24
17.2,NAV_WAYPOINT,0.2014,0.3116,0.291,89.64,0.17,0.99,-0.0,0.2811,-0.0431,0.042,2.134,1.668,,1.994,,0.56,0.22,1.16,0.24
17.262,NAV_WAYPOINT,0.213,0.3117,0.295,89.55,0.29,0.97,-0.0,0.2758,-0.0447,0.0308,2.134,1.668,,1.973,,0.56,0.22,1.16,0.24
17.314,NAV_WAYPOINT,0.2231,0.3115,0.298,89.57,0.4,0.98,-0.0,0.2682,-0.0466,0.0317,2.124,1.679,,1.973,,0.56,0.22,1.16,0.24
17.346,NAV_WAYPOINT,0.2337,0.3122,0.3,89.6,0.59,0.87,-0.0,0.2635,-0.0452,0.0303,2.124,1.679,,1.958,,0.56,0.22,1.16,0.24
17.387,NAV_WAYPOINT,0.2433,0.3109,0.3,89.72,0.79,0.89,-0.0,0.259,-0.0495,0.0243,2.127,1.671,,1.958,,0.56,0.22,1.16,0.24
17.453,NAV_WAYPOINT,0.2531,0.3103,0.299,89.84,0.94,0.91,-0.0,0.2567,-0.0514,0.0196,2.127,1.671,,1.934,,0.56,0.22,1.16,0.24
17.488,NAV_WAYPOINT,0.2636,0.3094,0.301,90.0,1.02,0.94,-0.0,0.2581,-0.0542,0.0131,2.127,1.669,,1.934,,0.56,0.22,1.16,0.24
17.537,NAV_WAYPOINT,0.2732,0.3085,0.301,90.17,0.99,1.04,-0.0,0.257,-0.0569,0.0137,2.127,1.669,,1.923,,0.56,0.22,1.16,0.24
17.623,NAV_WAYPOINT,0.2844,0.308,0.299,90.36,1.1,0.99,-0.0,0.2606,-0.0585,0.0086,2.136,1.678,,1.923,,0.56,0.22,1.16,0.24
17.648,NAV_WAYPOINT,0.2928,0.3064,0.306,90.55,1.07,1.0,-0.0,0.2567,-0.0627,0.0077,2.136,1.678,,1.903,,0.56,0.22,1.16,0.24
17.685,NAV_WAYPOINT,0.3035,0.305,0.307,90.73,1.01,1.06,-0.0,0.259,-0.0661,0.0219,2.14,1.674,,1.903,,0.56,0.22,1.16,0.24
17.755,NAV_WAYPOINT,0.3144,0.3036,0.311,90.92,0.89,1.02,-0.0,0.2607,-0.0687,0.0129,2.14,1.674,,1.884,,0.56,0.22,1.16,0.24
17.805,NAV_WAYPOINT,0.3247,0.3022,0.31,91.13,0.96,0.97,-0.0,0.2604,-0.071,0.0182,2.15,1.674,,1.884,,0.56,0.22,1.16,0.24
17.833,NAV_WAYPOINT,0.3353,0.3004,0.308,91.37,0.97,1.12,-0.0,0.2617,-0.0743,0.0104,2.15,1.674,,,,0.56,0.22,1.16,0.24
17.918,NAV_WAYPOINT,0.3459,0.2985,0.307,91.56,0.9,1.06,-0.0,0.2627,-0.0778,-0.0026,2.146,1.68,,,,0.56,0.22,1.16,0.24
17.932,NAV_WAYPOINT,0.3564,0.2957,0.308,91.69,0.81,0.95,-0.0,0.2628,-0.0827,-0.0026,2.146,1.68,,1.845,,0.56,0.22,1.16,0.24
17.991,NAV_WAYPOINT,0.3687,0.2928,0.309,91.8,0.72,0.88,-0.0,0.2669,-0.0866,-0.0065,2.168,1.68,,1.845,,0.56,0.22,1.16,0.24
18.05,NAV_WAYPOINT,0.3773,0.291,0.305,91.9,0.61,0.81,-0.0,0.2601,-0.0866,-0.0078,2.168,1.68,,1.815,,0.56,0.22,1.16,0.24
18.09,NAV_WAYPOINT,0.3871,0.2882,0.307,91.97,0.57,0.77,-0.0,0.2566,-0.089,-0.0161,2.197,1.677,,1.815,,0.56,0.22,1.16,0.24
18.168,NAV_WAYPOINT,0.3969,0.2857,0.31,92.03,0.62,0.78,-0.0,0.2536,-0.0901,-0.011,2.197,1.677,,1.817,,0.56,0.22,1.16,0.24
18.208,NAV_WAYPOINT,0.4069,0.283,0.306,92.13,0.69,0.69,-0.0,0.252,-0.0911,-0.0047,2.173,1.69,,1.817,,0.56,0.22,1.16,0.24
18.254,NAV_WAYPOINT,0.4176,0.2816,0.306,92.28,0.81,0.63,-0.0,0.253,-0.0885,-0.0191,2.173,1.69,,1.797,,0.56,0.22,1.16,0.24
18.282,NAV_WAYPOINT,0.4269,0.2788,0.304,92.46,0.87,0.64,-0.0,0.2517,-0.0888,-0.0157,2.212,1.688,,1.797,,0.56,0.22,1.16,0.24
18.329,NAV_WAYPOINT,0.4373,0.2766,0.299,92.66,0.86,0.61,-0.0,0.2534,-0.0879,-0.0188,2.212,1.688,,1.772,,0.56,0.22,1.16,0.24
18.418,NAV_WAYPOINT,0.4485,0.2742,0.3,92.82,0.92,0.71,-0.0,0.2566,-0.0875,-0.0274,2.21,1.691,,1.772,,0.56,0.22,1.16,0.24
18.438,NAV_WAYPOINT,0.4581,0.2734,0.299,92.99,0.82,0.73,-0.0,0.2561,-0.0844,-0.0169,2.21,1.691,,1.751,,0.56,0.22,1.16,0.24
18.492,NAV_WAYPOINT,0.4691,0.2714,0.301,93.09,0.74,0.83,-0.0,0.2582,-0.0846,-0.0162,,1.708,,1.751,,0.56,0.22,1.16,0.24
18.562,NAV_WAYPOINT,0.4777,0.2705,0.3,93.16,0.62,0.92,-0.0,0.2536,-0.083,-0.0114,,1.708,,1.73,,0.56,0.22,1.16,0.24
18.596,NAV_WAYPOINT,0.4873,0.2691,0.301,93.24,0.6,1.15,-0.0,0.2513,-0.084,-0.0082,,1.717,,1.73,,0.56,0.22,1.16,0.24
18.63,NAV_WAYPOINT,0.4978,0.2672,0.299,93.28,0.53,1.34,-0.0,0.2513,-0.0878,-0.0072,,1.717,,1.727,,0.56,0.22,1.16,0.24
18.702,NAV_WAYPOINT,0.5085,0.2653,0.299,93.24,0.4,1.44,-0.0,0.2511,-0.0927,-0.0108,2.315,,,1.727,,0.56,0.22,1.16,0.24
18.771,NAV_WAYPOINT,0.521,0.2633,0.297,93.17,0.13,1.54,-0.0,0.254,-0.0982,-0.0059,2.315,,,1.692,,0.56,0.22,1.16,0.24
18.836,NAV_WAYPOINT,0.5305,0.2606,0.302,93.09,-0.35,1.42,-0.0,0.2461,-0.1051,-0.0055,2.312,,,1.692,,0.56,0.22,1.16,0.24
18.852,NAV_WAYPOINT,0.5403,0.2576,0.306,93.01,-0.7,1.31,-0.0,0.2367,-0.111,0.0023,2.312,,,1.678,,0.56,0.22,1.16,0.24
18.891,NAV_WAYPOINT,0.55,0.2543,0.307,92.92,-1.09,1.16,-0.0,0.2252,-0.1161,0.0092,2.336,,,1.678,,0.56,0.22,1.16,0.24
18.937,NAV_WAYPOINT,0.5603,0.2508,0.305,92.83,-1.49,0.91,-0.0,0.2135,-0.1193,0.0027,2.336,,,1.662,,0.56,0.22,1.16,0.24
18.98,NAV_WAYPOINT,0.5685,0.247,0.307,92.78,-1.82,0.69,-0.0,0.195,-0.1212,-0.0029,,,,1.662,,0.56,0.22,1.16,0.24
19.069,NAV_WAYPOINT,0.5779,0.2429,0.306,92.73,-2.37,0.42,-0.0,0.178,-0.122,-0.0015,,,,1.643,,0.58,0.28,1.16,0.24
19.084,NAV_WAYPOINT,0.584,0.2399,0.3,92.69,-2.86,0.14,-0.0,0.1508,-0.1181,-0.0072,,,,1.643,,0.58,0.28,1.16,0.24
19.152,NAV_WAYPOINT,0.5901,0.2372,0.302,92.69,-2.94,-0.0,-0.0,0.1236,-0.1122,-0.0182,,,,1.634,,0.58,0.28,1.16,0.24
19.201,NAV_WAYPOINT,0.5933,0.2346,0.299,92.67,-2.87,-0.99,-0.0,0.0917,-0.1039,-0.0046,,,,1.634,,0.58,0.28,1.16,0.24
19.241,NAV_WAYPOINT,0.5952,0.2308,0.299,92.63,-2.46,-2.17,-0.0,0.0631,-0.0895,-0.0163,,,,1.626,,0.58,0.28,1.16,0.24
19.314,NAV_WAYPOINT,0.5955,0.2275,0.298,92.62,-2.19,-2.87,-0.0,0.0365,-0.0671,-0.0119,,,,1.626,,0.58,0.28,1.16,0.24
19.334,NAV_WAYPOINT,0.5958,0.2261,0.295,92.65,-1.82,-3.26,-0.0,0.015,-0.0389,-0.0109,,,,1.624,,0.58,0.28,1.16,0.24
19.415,NAV_WAYPOINT,0.5951,0.2266,0.297,92.65,-1.54,-3.42,-0.0,-0.0038,-0.0066,-0.0153,,1.729,,1.624,,0.58,0.28,1.16,0.24
19.442,NAV_WAYPOINT,0.5926,0.229,0.295,92.6,-1.23,-3.41,-0.0,-0.022,0.0271,-0.005,,1.729,,1.628,,0.58,0.28,1.16,0.24
19.505,NAV_WAYPOINT,0.5906,0.2345,0.3,92.48,-0.86,-3.1,-0.0,-0.0342,0.0627,-0.0089,,,,1.628,,0.58,0.28,1.16,0.24
19.539,NAV_WAYPOINT,0.5885,0.2425,0.299,92.35,-0.51,-2.67,-0.0,-0.0422,0.0973,0.0042,,,,1.636,,0.58,0.28,1.16,0.24
19.595,NAV_WAYPOINT,0.5857,0.2509,0.298,92.19,-0.19,-2.11,-0.0,-0.0478,0.1248,0.0023,,1.738,,1.636,,0.9,0.28,1.16,0.24
19.66,NAV_WAYPOINT,0.5837,0.2586,0.299,92.05,0.18,-1.38,-0.0,-0.0477,0.1428,0.0025,,1.738,,1.638,,0.9,0.28,1.16,0.24
19.696,NAV_WAYPOINT,0.5821,0.2679,0.302,91.86,0.62,-0.66,-0.0,-0.0438,0.1567,0.0093,,,,1.638,,0.9,0.28,1.16,0.24
19.761,NAV_WAYPOINT,0.5784,0.2779,0.299,91.64,3.14,0.84,-0.0,-0.0339,0.1623,0.0153,,,,1.647,,0.9,0.28,1.16,0.24
19.783,NAV_WAYPOINT,0.5768,0.2889,0.297,91.37,4.68,1.89,-0.0,-0.0029,0.1599,0.0006,,1.75,,1.647,,0.9,0.28,1.16,0.24
19.85,NAV_WAYPOINT,0.5777,0.2965,0.297,91.14,5.59,2.57,-0.0,0.0415,0.1422,0.002,,1.75,,1.639,,0.9,0.28,1.16,0.24
19.884,NAV_WAYPOINT,0.5809,0.3036,0.298,90.95,5.86,3.05,-0.0,0.0912,0.1207,-0.0001,,1.743,,1.639,,0.9,0.28,1.16,0.24
19.966,NAV_WAYPOINT,0.5857,0.3097,0.302,90.84,5.71,3.33,-0.0,0.1396,0.0956,0.0014,,1.743,,1.622,,0.9,0.28,1.16,0.24
20.034,NAV_WAYPOINT,0.5955,0.3133,0.299,90.78,5.23,3.34,-0.0,0.1911,0.0663,0.0096,,,,1.622,,0.9,0.28,1.16,0.24
20.058,NAV_WAYPOINT,0.6093,0.3155,0.3,90.77,4.53,3.16,-0.0,0.241,0.038,-0.003,,,,1.62,,0.9,0.28,1.16,0.24
20.106,NAV_WAYPOINT,0.6221,0.3165,0.299,90.83,3.72,2.83,-0.0,0.2778,0.0116,0.0048,2.994,1.721,,1.62,,0.9,0.28,1.16,0.24
20.139,NAV_WAYPOINT,0.6359,0.3164,0.3,90.95,2.86,2.4,-0.0,0.3051,-0.0109,0.0025,2.994,1.721,,1.61,,0.9,0.28,1.16,0.24
20.185,NAV_WAYPOINT,0.6511,0.3148,0.299,91.09,2.03,1.95,-0.0,0.3252,-0.0313,0.004,,,,1.61,,0.9,0.28,1.16,0.24
20.23,NAV_WAYPOINT,0.6658,0.3136,0.302,91.26,1.27,1.42,-0.0,0.3353,-0.0438,-0.001,,,,1.578,,0.9,0.28,1.16,0.24
20.29,NAV_WAYPOINT,0.6829,0.31,0.299,91.42,0.77,1.0,-0.0,0.3447,-0.0572,0.0078,,,,1.578,,0.9,0.28,1.16,0.24
20.345,NAV_WAYPOINT,0.6974,0.3077,0.301,91.55,0.3,0.54,-0.0,0.3427,-0.0624,-0.0006,,,,1.556,,0.9,0.28,1.16,0.24
20.402,NAV_WAYPOINT,0.7127,0.3054,0.301,91.7,0.03,0.34,-0.0,0.3396,-0.0641,0.0027,,,,1.556,,0.9,0.28,1.16,0.24
20.451,NAV_WAYPOINT,0.7264,0.3029,0.303,91.81,-0.19,0.06,-0.0,0.3311,-0.0645,-0.0003,,,,1.524,,0.9,0.28,1.16,0.24
20.5,NAV_WAYPOINT,0.7396,0.301,0.301,91.9,-0.27,-0.1,-0.0,0.3211,-0.0612,0.0049,,0.3,,1.524,,0.9,0.28,1.16,0.24
20.542,NAV_WAYPOINT,0.7542,0.2994,0.301,92.01,-0.23,-0.23,-0.0,0.3154,-0.0565,-0.0014,,0.3,,1.495,,0.9,0.28,1.16,0.24
20.615,NAV_WAYPOINT,0.7666,0.2988,0.302,92.08,-0.18,-0.29,-0.0,0.3051,-0.0491,-0.0009,,0.252,,1.495,,0.9,0.28,1.16,0.24
20.635,NAV_WAYPOINT,0.7781,0.2974,0.302,92.11,-0.07,-0.31,-0.0,0.2947,-0.0441,-0.0007,,0.252,,1.474,,0.9,0.28,1.16,0.24
20.68,NAV_WAYPOINT,0.7899,0.2961,0.304,92.09,0.08,-0.25,-0.0,0.2873,-0.0396,0.0001,,0.246,,1.474,,0.9,0.28,1.16,0.24
20.759,NAV_WAYPOINT,0.8017,0.296,0.306,92.06,0.27,-0.05,-0.0,0.2826,-0.0335,0.0036,,0.246,,1.446,,0.9,0.28,1.16,0.24
20.796,NAV_WAYPOINT,0.8147,0.2968,0.304,92.06,0.5,0.08,-0.0,0.2825,-0.0276,0.01,,0.252,,1.446,,0.9,0.28,1.16,0.24
20.841,NAV_WAYPOINT,0.8257,0.298,0.304,92.07,0.66,0.23,-0.0,0.2794,-0.0218,0.0025,,0.252,,1.424,,0.9,0.28,1.16,0.24
20.918,NAV_WAYPOINT,0.8367,0.2977,0.305,92.09,0.79,0.48,-0.0,0.2783,-0.0224,0.003,,0.259,,1.424,,0.9,0.28,1.16,0.24
20.948,NAV_WAYPOINT,0.8481,0.2999,0.308,92.06,0.55,0.59,-0.0,0.2782,-0.0183,0.0017,,0.259,,,,0.9,0.28,1.16,0.24
21.004,NAV_WAYPOINT,0.8603,0.3008,0.306,92.04,0.08,0.72,-0.0,0.2771,-0.0193,0.0103,,0.262,,,,0.9,0.28,1.16,0.24
21.038,NAV_WAYPOINT,0.8729,0.3025,0.308,92.0,-0.43,0.82,-0.0,0.2733,-0.0193,0.0006,,0.262,,1.388,,0.9,0.28,1.16,0.24
21.083,NAV_WAYPOINT,0.8839,0.3035,0.306,91.93,-1.13,0.88,-0.0,0.2621,-0.0213,0.0039,,0.267,,1.388,,0.9,0.28,1.16,0.24
21.147,NAV_WAYPOINT,0.8938,0.3047,0.307,91.93,-1.84,0.91,-0.0,0.2431,-0.0236,-0.0015,,0.267,,1.367,,0.9,0.26,1.16,0.24
21.207,NAV_WAYPOINT,0.902,0.3047,0.307,91.82,-2.49,0.99,-0.0,0.2164,-0.029,-0.0008,,0.27,,1.367,,0.9,0.26,1.16,0.24
21.235,NAV_WAYPOINT,0.9118,0.3065,0.307,91.8,-2.88,1.27,-0.0,0.1932,-0.0306,-0.0085,,0.27,,1.346,,0.9,0.26,1.16,0.24
21.286,NAV_WAYPOINT,0.9194,0.3071,0.309,91.78,-3.27,1.89,-0.0,0.1606,-0.0367,-0.0104,,0.276,,1.346,,0.9,0.26,1.16,0.24
21.33,NAV_WAYPOINT,0.9241,0.3079,0.307,91.82,-3.51,2.12,-0.0,0.1287,-0.0496,-0.0068,,0.276,,1.332,,0.9,0.26,1.16,0.24
21.398,NAV_WAYPOINT,0.9289,0.3064,0.304,91.99,-3.67,2.38,-0.0,0.097,-0.0662,-0.0151,,0.282,,1.332,,0.9,0.26,1.16,0.24
21.431,NAV_WAYPOINT,0.9318,0.3037,0.303,92.15,-3.74,2.32,-0.0,0.0629,-0.0851,-0.0203,,0.282,,1.332,,0.9,0.26,1.16,0.24
21.503,NAV_WAYPOINT,0.9312,0.2991,0.3,92.25,-3.6,2.15,-0.0,0.0246,-0.1059,-0.0177,,0.278,,1.332,,0.9,0.26,1.16,0.24
21.544,NAV_WAYPOINT,0.928,0.298,0.301,92.38,-3.26,1.93,-0.0,-0.0142,-0.1154,-0.019,,0.278,,1.33,,0.9,0.26,1.16,0.24
21.586,NAV_WAYPOINT,0.9229,0.2945,0.301,92.5,-2.78,1.5,-0.0,-0.0492,-0.1265,-0.0102,,0.268,,1.33,,0.9,0.26,1.16,0.24
21.631,NAV_WAYPOINT,0.9169,0.2905,0.3,92.64,-2.28,0.95,-0.0,-0.0781,-0.133,-0.0077,,0.268,,1.34,,0.9,0.26,1.16,0.24
21.708,NAV_WAYPOINT,0.9091,0.2881,0.3,92.78,-1.64,0.54,-0.0,-0.1036,-0.1318,-0.0081,,0.25,,1.34,,0.92,0.26,1.16,0.24
21.774,NAV_WAYPOINT,0.9023,0.2831,0.301,92.93,-0.76,0.3,-0.0,-0.1182,-0.1328,-0.0074,,0.25,,1.355,,0.92,0.24,1.16,0.24
21.799,NAV_WAYPOINT,0.8948,0.2808,0.303,93.09,0.15,-0.07,-0.0,-0.1248,-0.1251,-0.0013,,0.245,,1.355,,0.92,0.24,1.16,0.24
21.893,NAV_WAYPOINT,0.8864,0.2771,0.301,93.25,1.23,-0.24,-0.0,-0.1259,-0.1181,0.0041,,0.245,,1.37,,0.92,0.24,1.16,0.24
21.938,NAV_WAYPOINT,0.8794,0.2736,0.298,93.39,2.12,-0.53,-0.0,-0.1148,-0.1098,-0.0038,,0.235,,1.37,,0.92,0.24,1.16,0.24
21.973,NAV_WAYPOINT,0.8749,0.2722,0.301,93.45,2.85,-0.05,-0.0,-0.0931,-0.0961,-0.0087,,0.235,,1.376,,0.92,0.24,1.16,0.24
21.983,NAV_WAYPOINT,0.871,0.2698,0.299,93.42,3.13,0.37,-0.0,-0.0668,-0.0901,0.0026,,0.232,,1.376,,0.92,0.24,1.16,0.24
22.046,NAV_WAYPOINT,0.8689,0.2691,0.297,93.33,3.63,0.72,-0.0,-0.0376,-0.0838,-0.0093,,0.232,,1.401,,0.92,0.24,1.16,0.24
22.086,NAV_WAYPOINT,0.8673,0.2661,0.296,93.21,3.9,0.89,-0.0,-0.006,-0.0859,-0.0123,,0.226,,1.401,,0.92,0.24,1.16,0.24
22.138,NAV_WAYPOINT,0.8683,0.2623,0.299,93.11,4.03,0.99,-0.0,0.0295,-0.0905,-0.0125,,0.226,,1.388,,0.92,0.24,1.16,0.24
22.205,NAV_WAYPOINT,0.8721,0.259,0.299,93.04,4.0,0.99,-0.0,0.0679,-0.0937,-0.0125,,0.226,,1.388,,0.92,0.24,1.16,0.24
22.275,NAV_WAYPOINT,0.8785,0.2569,0.298,92.96,3.71,0.74,-0.0,0.1069,-0.0927,-0.0078,,0.226,,1.394,,0.92,0.24,1.16,0.24
22.31,NAV_WAYPOINT,0.8854,0.2543,0.298,92.82,3.22,0.45,-0.0,0.1395,-0.0909,-0.0068,,0.217,,1.394,,0.92,0.24,1.16,0.24
22.338,NAV_WAYPOINT,0.8967,0.2528,0.299,92.63,2.59,0.14,-0.0,0.174,-0.085,0.0021,,0.217,,1.373,,0.92,0.24,1.16,0.24
22.392,NAV_WAYPOINT,0.9062,0.2522,0.298,92.4,1.78,-0.21,-0.0,0.1946,-0.0746,0.0091,,0.22,,1.373,,1.16,0.24,1.16,0.24
22.438,NAV_WAYPOINT,0.9171,0.2504,0.296,92.26,1.08,-0.18,-0.0,0.2089,-0.0679,0.0028,,0.22,,1.358,,1.16,0.24,1.16,0.24
22.488,NAV_WAYPOINT,0.9277,0.2488,0.294,92.18,1.46,-0.28,-0.0,0.2187,-0.0615,0.0018,,0.227,,1.358,,1.16,0.24,1.16,0.24
22.536,NAV_WAYPOINT,0.9383,0.2478,0.298,92.18,1.74,-0.44,-0.0,0.231,-0.0527,-0.0005,,0.227,,1.338,,1.16,0.24,1.16,0.24
22.61,NAV_WAYPOINT,0.9519,0.2485,0.3,92.16,1.98,-0.48,-0.0,0.2465,-0.0393,0.0084,,0.252,,1.338,,1.16,0.24,1.16,0.24
22.688,NAV_WAYPOINT,0.9632,0.2484,0.299,92.08,1.99,-0.44,-0.0,0.2642,-0.0308,0.0087,,0.252,,1.309,,1.16,0.24,1.16,0.24
22.698,NAV_WAYPOINT,0.9771,0.2481,0.299,91.91,1.9,-0.34,-0.0,0.2819,-0.0241,0.0064,,0.241,,1.309,,1.16,0.24,1.16,0.24
22.777,NAV_WAYPOINT,0.9891,0.2481,0.3,91.65,1.55,-0.25,-0.0,0.2914,-0.0177,0.0094,,0.241,,1.29,,1.16,0.24,1.16,0.24
22.813,NAV_WAYPOINT,1.0034,0.2495,0.301,91.43,1.2,-0.03,-0.0,0.3022,-0.0102,0.0049,,0.212,,1.29,,1.16,0.24,1.16,0.24
22.871,NAV_WAYPOINT,1.0184,0.2501,0.302,91.28,0.72,0.35,-0.0,0.3101,-0.0083,-0.0001,,0.212,,1.272,,1.16,0.24,1.16,0.24
22.891,NAV_WAYPOINT,1.0327,0.2528,0.303,91.12,0.21,0.47,-0.0,0.3114,-0.0033,0.0015,,0.21,,1.272,,1.16,0.24,1.16,0.24
22.962,NAV_WAYPOINT,1.0457,0.2528,0.301,91.08,0.03,0.72,-0.0,0.3068,-0.0075,-0.0015,,0.21,,1.236,,1.16,0.24,1.16,0.24
22.992,NAV_WAYPOINT,1.0582,0.2537,0.298,91.08,-0.11,0.79,-0.0,0.2998,-0.0096,-0.0079,,0.214,,1.236,,1.16,0.24,1.16,0.24
23.033,NAV_WAYPOINT,1.0693,0.2541,0.299,91.2,-0.25,0.86,-0.0,0.2894,-0.0139,-0.0156,,0.214,,1.218,,1.16,0.24,1.16,0.24
23.131,NAV_WAYPOINT,1.0811,0.254,0.298,91.37,-0.27,0.88,-0.0,0.2811,-0.0194,-0.0107,3.347,0.216,,1.218,,1.16,0.24,1.16,0.24
23.144,NAV_WAYPOINT,1.0949,0.2544,0.296,91.48,-0.25,0.95,-0.0,0.2785,-0.0232,-0.0142,3.347,0.216,,1.189,,1.16,0.24,1.16,0.24
23.18,NAV_WAYPOINT,1.1046,0.2542,0.297,91.53,-0.56,0.99,-0.0,0.2659,-0.0282,-0.013,2.594,0.215,,1.189,,1.16,0.24,1.16,0.24
23.253,NAV_WAYPOINT,1.1139,0.254,0.299,91.58,-0.85,1.03,-0.0,0.2507,-0.0335,-0.0061,2.594,0.215,,1.172,,1.16,0.24,1.16,0.24
23.296,NAV_WAYPOINT,1.1241,0.2537,0.297,91.67,-0.89,0.99,-0.0,0.2374,-0.0386,-0.0026,,0.225,,1.172,,1.16,0.24,1.16,0.24
23.329,NAV_WAYPOINT,1.132,0.2512,0.298,91.75,-1.12,1.0,-0.0,0.2202,-0.0481,-0.0093,,0.225,,1.156,,1.16,0.24,1.16,0.24
23.402,ROTATION_SCAN,1.1413,0.2495,0.297,91.75,-1.63,0.78,-0.0,0.205,-0.0544,-0.0009,2.62,0.23,,1.156,,,,1.16,0.24
23.429,ROTATION_SCAN,1.1476,0.2478,0.292,91.81,-1.89,0.57,-0.0,0.1811,-0.0581,-0.0015,2.62,0.23,,1.144,,,,1.16,0.24
23.492,ROTATION_SCAN,1.1542,0.2449,0.293,91.87,-2.11,0.22,15.0,0.1579,-0.0623,-0.0107,2.752,0.256,,1.144,,,,1.16,0.24
23.581,ROTATION_SCAN,1.1586,0.243,0.294,92.01,-2.57,-0.3,15.0,0.1294,-0.0597,0.0017,2.752,0.256,,1.128,,,,1.16,0.24
23.602,ROTATION_SCAN,1.16,0.2408,0.296,92.22,-2.69,-0.72,15.0,0.0947,-0.0548,0.0046,2.637,0.249,,1.128,,,,1.16,0.24
23.637,ROTATION_SCAN,1.1624,0.2366,0.298,92.52,-2.59,-0.88,15.0,0.0671,-0.0529,0.0104,2.637,0.249,,1.124,,,,1.16,0.24
23.703,ROTATION_SCAN,1.1612,0.2354,0.297,92.96,-2.38,-1.01,15.0,0.0345,-0.0428,0.0134,2.616,0.245,,1.124,,,,1.16,0.24
23.729,ROTATION_SCAN,1.1595,0.2338,0.296,93.49,-1.92,-1.11,15.0,0.0076,-0.0341,0.0091,2.616,0.245,,1.124,,,,1.16,0.24
23.787,ROTATION_SCAN,1.1551,0.2344,0.296,94.13,-1.42,-1.24,15.0,-0.0194,-0.0199,0.0076,2.679,0.249,,1.124,,,,1.16,0.24
23.852,ROTATION_SCAN,1.1502,0.2332,0.299,94.95,-0.88,-1.17,15.0,-0.0399,-0.0108,0.011,2.679,0.249,,1.134,,,,1.16,0.24
23.925,ROTATION_SCAN,1.1458,0.2342,0.3,95.85,-0.38,-1.2,15.0,-0.0522,0.002,0.0143,2.615,0.252,,1.134,,,,1.16,0.24
23.939,ROTATION_SCAN,1.1392,0.2361,0.299,96.76,0.18,-0.98,15.0,-0.0645,0.0153,0.0106,2.615,0.252,,1.138,,,,1.16,0.24
24.004,ROTATION_SCAN,1.134,0.2388,0.3,97.6,0.67,-0.63,15.0,-0.0674,0.0274,0.0022,2.704,0.263,,1.138,,,,1.16,0.24
24.05,ROTATION_SCAN,1.1296,0.2429,0.299,98.38,0.99,-0.21,15.0,-0.0645,0.0387,0.0059,2.704,0.263,,1.154,,,,1.16,0.24
24.082,ROTATION_SCAN,1.1253,0.2474,0.301,98.99,1.11,0.04,15.0,-0.0604,0.0485,0.0066,2.77,0.26,,1.154,,,,1.16,0.24
24.13,ROTATION_SCAN,1.1213,0.2512,0.3,99.73,1.26,0.45,15.0,-0.0532,0.0516,0.0075,2.77,0.26,,1.165,,,,1.16,0.24
24.219,ROTATION_SCAN,1.1169,0.2561,0.303,100.52,1.48,0.88,15.0,-0.0452,0.0539,0.0045,2.758,0.269,,1.165,,,,1.16,0.24
24.238,ROTATION_SCAN,1.1139,0.2599,0.302,101.27,1.6,1.24,15.0,-0.0328,0.0504,0.0082,2.758,0.269,,1.178,,,,1.16,0.24
24.296,ROTATION_SCAN,1.1106,0.2637,0.301,101.99,1.64,1.46,15.0,-0.0216,0.0459,0.0039,,0.278,,1.178,,,,1.16,0.24
24.342,ROTATION_SCAN,1.1093,0.2664,0.301,102.69,1.47,1.69,15.0,-0.0071,0.0368,0.0016,,0.278,,1.192,,,,1.16,0.24
24.378,ROTATION_SCAN,1.1078,0.2703,0.302,103.34,1.27,1.79,15.0,0.004,0.0311,-0.0035,,0.284,,1.192,,,,1.16,0.24
24.453,ROTATION_SCAN,1.1068,0.2742,0.306,104.01,1.18,1.89,15.0,0.0145,0.0248,-0.0049,,0.284,,,,,,1.16,0.24
24.496,ROTATION_SCAN,1.1078,0.2756,0.303,104.69,0.98,1.99,15.0,0.0276,0.012,0.0061,,0.284,,,,,,1.16,0.24
24.533,ROTATION_SCAN,1.1085,0.2772,0.304,105.33,0.7,1.9,15.0,0.0364,0.001,-0.0052,,0.284,,,,,,1.16,0.24
24.597,ROTATION_SCAN,1.1105,0.2771,0.3,105.96,0.46,1.69,15.0,0.0453,-0.0123,-0.001,,0.274,,,,,,1.16,0.24
24.631,ROTATION_SCAN,1.114,0.2784,0.301,106.68,0.29,1.41,15.0,0.0549,-0.0182,-0.0088,,0.274,,,,,,1.16,0.24
24.716,ROTATION_SCAN,1.1161,0.2774,0.3,107.44,0.15,1.26,15.0,0.0582,-0.0283,-0.0063,2.514,0.274,,,,,,1.16,0.24
24.744,ROTATION_SCAN,1.1172,0.2757,0.3,108.2,-0.01,0.99,15.0,0.0568,-0.0373,-0.0103,2.514,0.274,,,,,,1.16,0.24
24.81,ROTATION_SCAN,1.1195,0.2743,0.302,108.87,-0.11,0.7,15.0,0.0576,-0.0426,-0.0117,,0.264,,,,,,1.16,0.24
24.843,ROTATION_SCAN,1.1219,0.2711,0.3,109.56,-0.09,0.63,15.0,0.0571,-0.0507,-0.0061,,0.264,,,,,,1.16,0.24
24.887,ROTATION_SCAN,1.1238,0.2703,0.302,110.23,-0.3,0.43,15.0,0.0547,-0.0511,-0.0118,2.448,0.259,,,,,,1.16,0.24
24.931,ROTATION_SCAN,1.119,0.274,0.299,110.99,-0.35,0.27,15.0,0.0359,-0.0404,-0.007,2.448,0.259,,,,,,1.16,0.24
25.01,ROTATION_SCAN,1.1164,0.2717,0.298,111.86,-0.2,0.09,15.0,0.0245,-0.043,-0.0109,,0.257,,,,,,1.16,0.24
25.039,ROTATION_SCAN,1.1147,0.2678,0.299,112.77,0.09,0.03,15.0,0.0178,-0.0478,-0.0097,,0.257,,,,,,1.16,0.24
25.113,ROTATION_SCAN,1.1101,0.2679,0.298,113.73,0.37,0.05,15.0,0.0076,-0.0422,-0.001,2.41,0.257,,,,,,1.16,0.24
25.15,ROTATION_SCAN,1.1068,0.2694,0.301,114.71,0.57,0.07,15.0,0.0035,-0.0329,-0.0026,2.41,0.257,,,,,,1.16,0.24
25.238,ROTATION_SCAN,1.1024,0.2714,0.299,115.62,0.73,0.15,15.0,-0.001,-0.0233,0.0077,,0.263,,,,,,1.16,0.24
25.263,ROTATION_SCAN,1.0976,0.2749,0.296,116.54,0.84,0.29,15.0,-0.005,-0.0119,-0.0004,,0.263,,,,,,1.16,0.24
25.279,ROTATION_SCAN,1.0945,0.2791,0.3,117.41,0.91,0.56,15.0,-0.003,-0.0012,-0.0034,,0.267,,,,,,1.16,0.24
25.379,ROTATION_SCAN,1.0905,0.283,0.301,118.22,0.88,0.79,15.0,-0.0022,0.0061,0.0067,,0.267,,,,,,1.16,0.24
25.407,ROTATION_SCAN,1.0891,0.2858,0.298,119.06,0.98,1.15,15.0,0.0057,0.0083,0.0055,,0.277,,,,,,1.16,0.24
25.454,ROTATION_SCAN,1.0859,0.2909,0.3,119.84,0.94,1.46,15.0,0.0104,0.0133,-0.0001,,0.277,,,,,,1.16,0.24
25.49,ROTATION_SCAN,1.083,0.2951,0.299,120.58,0.9,1.79,15.0,0.0163,0.0137,0.0053,,0.284,,,,,,1.16,0.24
25.547,ROTATION_SCAN,1.082,0.2976,0.301,121.3,0.88,1.94,15.0,0.0265,0.0085,0.0047,,0.284,,,,,,1.16,0.24
25.594,ROTATION_SCAN,1.0806,0.3007,0.299,122.01,0.82,2.08,15.0,0.0349,0.0042,0.0072,,0.298,,,,,,1.16,0.24
25.63,ROTATION_SCAN,1.0793,0.3043,0.304,122.7,0.63,2.13,15.0,0.0422,0.0005,0.0033,,0.298,,,,,,1.16,0.24
25.678,ROTATION_SCAN,1.0807,0.3052,0.301,123.41,0.51,2.17,15.0,0.0544,-0.0102,0.0147,,0.302,,,,,,1.16,0.24
25.763,ROTATION_SCAN,1.0819,0.307,0.303,124.15,0.39,2.11,15.0,0.0637,-0.0173,0.0027,,0.302,,,,,,1.16,0.24
25.815,ROTATION_SCAN,1.084,0.3078,0.302,124.9,0.3,1.94,15.0,0.073,-0.0256,0.0098,,0.312,,,,,,1.16,0.24
25.849,ROTATION_SCAN,1.0842,0.3077,0.303,125.65,0.11,1.72,15.0,0.0746,-0.0341,0.0028,,0.312,,,,,,1.16,0.24
25.882,ROTATION_SCAN,1.084,0.307,0.305,126.38,-0.03,1.43,15.0,0.0732,-0.0424,0.0049,,0.321,,,,,,1.16,0.24
25.928,ROTATION_SCAN,1.0866,0.305,0.305,127.08,-0.05,1.32,15.0,0.0774,-0.0516,0.0057,,0.321,,,,,,1.16,0.24
25.997,ROTATION_SCAN,1.0888,0.3057,0.306,127.79,-0.0,1.15,15.0,0.0796,-0.052,0.0033,,0.327,,,,,,1.16,0.24
26.074,ROTATION_SCAN,1.088,0.3025,0.305,128.58,0.08,1.09,15.0,0.0745,-0.0608,0.0043,,0.327,,,,,,1.16,0.24
26.085,ROTATION_SCAN,1.0933,0.2961,0.308,129.38,0.2,1.14,15.0,0.0851,-0.0751,-0.0005,,0.33,,,,,,1.16,0.24
26.14,ROTATION_SCAN,1.0956,0.2931,0.307,130.14,0.31,1.02,15.0,0.0878,-0.0788,0.0016,,0.33,,,,,,1.16,0.24
26.201,ROTATION_SCAN,1.0973,0.2907,0.307,130.89,0.33,0.85,15.0,0.0883,-0.0795,-0.0014,,0.336,,,,,,1.16,0.24
26.239,ROTATION_SCAN,1.099,0.2886,0.306,131.66,0.35,0.67,15.0,0.0882,-0.0784,0.0008,,0.336,,,,,,1.16,0.24
26.286,ROTATION_SCAN,1.0973,0.2877,0.305,132.44,0.34,0.44,15.0,0.0794,-0.0733,-0.0046,,0.348,,,,,,1.16,0.24
26.384,ROTATION_SCAN,1.0997,0.2855,0.309,133.21,0.38,0.27,15.0,0.0801,-0.0703,-0.004,,0.348,,,,,,1.16,0.24
26.404,ROTATION_SCAN,1.0998,0.2839,0.307,133.99,0.42,0.12,15.0,0.0751,-0.065,0.0041,,0.353,,,,,,1.16,0.24
26.428,ROTATION_SCAN,1.0968,0.2865,0.306,134.7,0.52,0.05,15.0,0.0632,-0.0504,-0.0029,,0.353,,,,,,1.16,0.24
26.53,ROTATION_SCAN,1.0952,0.2881,0.306,135.38,0.55,0.04,15.0,0.0562,-0.0383,-0.0007,,0.364,,,,,,1.16,0.24
26.554,ROTATION_SCAN,1.0951,0.2902,0.305,136.05,0.58,0.21,15.0,0.0538,-0.0273,-0.0013,,0.364,0.387,,,,,1.16,0.24
26.627,ROTATION_SCAN,1.0909,0.2962,0.305,136.7,0.52,0.3,15.0,0.0437,-0.0098,-0.0057,,0.38,0.387,,,,,1.16,0.24
26.645,ROTATION_SCAN,1.0903,0.3046,0.307,137.34,0.49,0.61,15.0,0.0434,0.0089,-0.0035,,0.38,0.373,,,,,1.16,0.24
26.738,ROTATION_SCAN,1.0869,0.3077,0.307,137.93,0.33,1.0,15.0,0.039,0.0122,-0.0014,,0.391,0.373,,,,,1.16,0.24
26.795,ROTATION_SCAN,1.0853,0.3113,0.31,138.51,0.26,1.39,15.0,0.0406,0.0133,-0.0023,,0.391,0.368,,,,,1.16,0.24
26.815,ROTATION_SCAN,1.081,0.3145,0.308,139.04,0.21,1.66,15.0,0.0382,0.0116,0.0047,,0.404,0.368,,,,,1.16,0.24
26.835,ROTATION_SCAN,1.0804,0.3179,0.31,139.6,0.16,1.96,15.0,0.0453,0.0089,-0.0006,,0.404,0.363,,,,,1.16,0.24
26.887,ROTATION_SCAN,1.0794,0.32,0.308,140.17,0.09,2.21,15.0,0.0524,0.0019,0.0046,,0.415,0.363,,,,,1.16,0.24
26.951,ROTATION_SCAN,1.0792,0.3216,0.307,140.82,0.05,2.3,15.0,0.0615,-0.0065,-0.001,,0.415,0.354,,,,,1.16,0.24
26.993,ROTATION_SCAN,1.081,0.3224,0.303,141.54,-0.01,2.26,15.0,0.0735,-0.0159,-0.0039,,0.416,0.354,,,,,1.16,0.24
27.032,ROTATION_SCAN,1.0821,0.3225,0.308,142.4,-0.12,2.11,15.0,0.0822,-0.0255,-0.0099,,0.416,0.347,,,,,1.16,0.24
27.082,ROTATION_SCAN,1.0836,0.3216,0.307,143.42,-0.17,1.83,15.0,0.0892,-0.0357,0.0043,,0.42,0.347,,,,,1.16,0.24
27.167,ROTATION_SCAN,1.0877,0.3195,0.307,144.51,-0.11,1.52,15.0,0.0985,-0.0452,-0.0024,,0.42,0.333,,,,,1.16,0.24
27.188,ROTATION_SCAN,1.0888,0.3149,0.306,145.75,-0.15,1.36,15.0,0.0996,-0.0581,0.0003,,0.43,0.333,,,,,1.16,0.24
27.236,ROTATION_SCAN,1.0885,0.3139,0.309,147.02,-0.19,1.11,15.0,0.096,-0.0611,-0.0021,,0.43,0.321,,,,,1.16,0.24
27.3,ROTATION_SCAN,1.0896,0.3121,0.308,148.3,-0.06,0.98,15.0,0.0946,-0.0638,0.0014,,0.449,0.321,,,,,1.16,0.24
27.374,ROTATION_SCAN,1.0945,0.309,0.309,149.57,0.0,0.96,15.0,0.102,-0.0677,-0.0024,,0.449,0.318,,,,,1.16,0.24
27.407,ROTATION_SCAN,1.0956,0.3091,0.307,150.76,0.04,0.73,15.0,0.0997,-0.0637,-0.0014,,0.48,0.318,,,,,1.16,0.24
27.428,ROTATION_SCAN,1.0976,0.3076,0.306,151.89,0.07,0.69,15.0,0.0987,-0.0626,-0.0071,,0.48,0.311,,,,,1.16,0.24
27.497,ROTATION_SCAN,1.1015,0.3043,0.306,152.94,-0.0,0.68,15.0,0.1017,-0.0653,-0.009,,0.549,0.311,,,,,1.16,0.24
27.541,ROTATION_SCAN,1.107,0.302,0.305,153.85,-0.06,0.56,15.0,0.1072,-0.066,-0.0094,,0.549,0.306,,,,,1.16,0.24
27.603,ROTATION_SCAN,1.1102,0.3009,0.307,154.7,-0.24,0.37,15.0,0.1054,-0.064,-0.011,,0.699,0.306,,,,,1.16,0.24
27.634,ROTATION_SCAN,1.1136,0.2994,0.306,155.49,-0.43,0.13,15.0,0.1015,-0.064,-0.0074,,0.699,0.308,,,,,1.16,0.24
27.695,ROTATION_SCAN,1.1189,0.2975,0.306,156.26,-0.48,0.05,15.0,0.1008,-0.0647,-0.0094,,1.209,0.308,,,,,1.16,0.24
27.737,ROTATION_SCAN,1.1207,0.2983,0.307,157.02,-0.57,-0.07,15.0,0.0915,-0.0597,-0.0096,,1.209,0.306,,,,,1.16,0.24
27.814,ROTATION_SCAN,1.1242,0.2937,0.301,157.82,-0.64,-0.12,15.0,0.0865,-0.0675,-0.0076,,1.29,0.306,,,,,1.16,0.24
27.843,ROTATION_SCAN,1.1257,0.2907,0.305,158.6,-0.6,-0.25,15.0,0.0764,-0.0711,-0.0192,,1.29,0.303,,,,,1.16,0.24
27.897,ROTATION_SCAN,1.1261,0.2875,0.303,159.33,-0.67,-0.38,15.0,0.0641,-0.0745,-0.0075,,1.313,0.303,,,,,1.16,0.24
27.929,ROTATION_SCAN,1.1261,0.2852,0.301,160.11,-0.5,-0.4,15.0,0.052,-0.0748,-0.014,,1.313,0.287,,,,,1.16,0.24
27.993,ROTATION_SCAN,1.1263,0.2778,0.3,160.82,-0.36,-0.43,15.0,0.0422,-0.0848,-0.0151,,1.3,0.287,,,,,1.16,0.24
28.044,ROTATION_SCAN,1.1234,0.2771,0.302,161.47,-0.11,-0.45,15.0,0.0267,-0.0777,-0.0127,,1.3,0.277,,,,,1.16,0.24
28.078,ROTATION_SCAN,1.1207,0.2744,0.299,162.11,0.14,-0.32,15.0,0.015,-0.074,-0.0099,,1.292,0.277,,,,,1.16,0.24
28.144,ROTATION_SCAN,1.115,0.2728,0.301,162.75,0.44,-0.22,15.0,-0.0008,-0.0664,-0.0138,,1.292,0.283,,,,,1.16,0.24
28.204,ROTATION_SCAN,1.1099,0.2705,0.302,163.33,0.61,-0.07,15.0,-0.0122,-0.0592,-0.0067,,1.29,0.283,,,,,1.16,0.24
28.274,ROTATION_SCAN,1.1042,0.2692,0.301,163.94,0.7,0.08,15.0,-0.0224,-0.0501,-0.0037,,1.29,0.278,,,,,1.16,0.24
28.317,ROTATION_SCAN,1.0981,0.2683,0.299,164.56,0.83,0.36,15.0,-0.0303,-0.0408,-0.006,,1.29,0.278,,,,,1.16,0.24
28.328,ROTATION_SCAN,1.0939,0.2667,0.299,165.25,0.9,0.91,15.0,-0.0292,-0.0342,-0.008,,1.29,0.274,,,,,1.16,0.24
28.391,ROTATION_SCAN,1.0882,0.2667,0.299,166.03,0.87,1.25,15.0,-0.0281,-0.0251,-0.0047,,1.281,0.274,,,,,1.16,0.24
28.434,ROTATION_SCAN,1.0819,0.2667,0.297,166.82,0.63,1.58,15.0,-0.0264,-0.0189,-0.0017,,1.281,0.274,,,,,1.16,0.24
28.516,ROTATION_SCAN,1.0777,0.2659,0.298,167.66,0.45,2.02,15.0,-0.0176,-0.0174,-0.0076,,1.288,0.274,,,,,1.16,0.24
28.546,ROTATION_SCAN,1.0736,0.2657,0.3,168.6,0.29,2.36,15.0,-0.0062,-0.0163,-0.0047,,1.288,0.273,,,,,1.16,0.24
28.634,ROTATION_SCAN,1.0703,0.264,0.299,169.5,0.17,2.4,15.0,0.0065,-0.0204,0.001,,1.277,0.273,,,,,1.16,0.24
28.684,ROTATION_SCAN,1.0674,0.2625,0.301,170.43,0.22,2.56,15.0,0.019,-0.0232,-0.0032,,1.277,0.264,,,,,1.16,0.24
28.701,ROTATION_SCAN,1.0672,0.2603,0.3,171.32,0.24,2.48,15.0,0.0369,-0.0269,0.0003,,1.271,0.264,,,,,1.16,0.24
28.737,ROTATION_SCAN,1.067,0.258,0.298,172.1,0.14,2.28,15.0,0.0509,-0.0305,-0.0037,,1.271,0.246,,,,,1.16,0.24
28.78,ROTATION_SCAN,1.069,0.2546,0.298,172.78,0.11,2.01,15.0,0.0673,-0.0365,-0.0088,,1.256,0.246,,,,,1.16,0.24
28.827,ROTATION_SCAN,1.0723,0.2521,0.297,173.37,0.14,1.62,15.0,0.0818,-0.0389,-0.0069,,1.256,0.233,,,,,1.16,0.24
28.891,ROTATION_SCAN,1.0726,0.2488,0.295,173.94,0.26,1.18,15.0,0.0836,-0.0418,-0.0104,,1.255,0.233,,,,,1.16,0.24
28.938,ROTATION_SCAN,1.0741,0.2451,0.298,174.53,0.5,0.97,15.0,0.0859,-0.0437,-0.0132,,1.255,0.221,,,,,1.16,0.24
29.024,ROTATION_SCAN,1.0763,0.2414,0.297,175.1,0.65,0.73,15.0,0.0876,-0.0433,-0.005,,1.25,0.221,,,,,1.16,0.24
29.068,ROTATION_SCAN,1.077,0.238,0.297,175.72,0.84,0.64,15.0,0.0843,-0.0406,-0.0113,,1.25,0.222,,,,,1.16,0.24
29.093,ROTATION_SCAN,1.0773,0.2355,0.296,176.38,0.86,0.54,15.0,0.0801,-0.0351,-0.0114,,1.239,0.222,,,,,1.16,0.24
29.143,ROTATION_SCAN,1.0784,0.233,0.296,177.11,0.85,0.5,15.0,0.077,-0.03,-0.0117,,1.239,0.201,,,,,1.16,0.24
29.186,ROTATION_SCAN,1.0793,0.2296,0.298,177.85,0.88,0.44,15.0,0.0738,-0.0276,-0.0069,,1.24,0.201,,,,,1.16,0.24
29.262,ROTATION_SCAN,1.0806,0.2264,0.296,178.64,1.0,0.45,15.0,0.0714,-0.0245,-0.0038,,1.24,0.194,,,,,1.16,0.24
29.292,ROTATION_SCAN,1.0816,0.2234,0.296,179.42,1.2,0.51,15.0,0.069,-0.0199,-0.0098,,1.235,0.194,,,,,1.16,0.24
29.358,ROTATION_SCAN,1.0825,0.2203,0.295,-179.81,1.22,0.49,15.0,0.0668,-0.0149,-0.0078,,1.235,0.193,,,,,1.16,0.24
29.403,ROTATION_SCAN,1.0815,0.2172,0.295,-179.05,1.16,0.6,15.0,0.0601,-0.0105,-0.0115,,1.232,0.193,,,,,1.16,0.24
29.503,ROTATION_SCAN,1.0806,0.2142,0.294,-178.27,1.18,0.71,15.0,0.0556,-0.0065,-0.0113,,1.232,0.19,,,,,2.18,-0.06
29.585,NAV_WAYPOINT,1.0807,0.2117,0.293,-177.52,1.27,0.83,-0.0,0.0549,-0.001,-0.0068,,1.232,0.19,,,1.08,0.24,2.18,-0.06
29.624,NAV_WAYPOINT,1.0826,0.2111,0.291,-176.84,1.26,0.58,-0.0,0.0582,0.009,-0.0048,,1.232,0.186,,,1.14,0.24,2.18,-0.06
29.638,NAV_WAYPOINT,1.0828,0.2099,0.293,-176.25,1.09,0.05,-0.0,0.053,0.0153,-0.0075,,1.234,0.186,,,1.14,0.24,2.18,-0.06
29.646,NAV_WAYPOINT,1.0798,0.2086,0.292,-175.75,0.89,-0.25,-0.0,0.0378,0.0191,0.0041,,1.234,0.186,,,1.14,0.24,2.18,-0.06
29.689,NAV_WAYPOINT,1.0817,0.2096,0.295,-175.34,0.77,-0.39,-0.0,0.0344,0.0257,0.0042,,1.232,0.186,,,1.14,0.24,2.18,-0.06
29.747,NAV_WAYPOINT,1.0746,0.2071,0.296,-175.1,1.05,0.48,-0.0,0.0135,0.0255,0.0152,,1.232,0.181,,,1.14,0.24,2.18,-0.06
29.785,NAV_WAYPOINT,1.0691,0.2049,0.295,-175.03,1.35,1.44,-0.0,0.0077,0.0294,0.0223,,1.243,0.181,,,1.14,0.24,2.18,-0.06
29.884,NAV_WAYPOINT,1.0641,0.2041,0.295,-175.08,1.62,2.28,-0.0,0.0102,0.0385,0.0148,,1.243,0.18,,,1.14,0.24,2.18,-0.06
29.89,NAV_WAYPOINT,1.0604,0.2024,0.297,-175.21,1.64,3.05,-0.0,0.0223,0.0461,0.0125,,1.246,0.18,,,1.14,0.24,2.18,-0.06
29.943,NAV_WAYPOINT,1.0568,0.2029,0.297,-175.36,1.57,3.6,-0.0,0.0385,0.0583,0.0127,,1.246,0.182,,,1.14,0.24,2.18,-0.06
29.982,NAV_WAYPOINT,1.0551,0.2039,0.296,-175.53,1.28,3.79,-0.0,0.0602,0.0683,0.0118,,1.249,0.182,,,1.14,0.24,2.18,-0.06
30.032,NAV_WAYPOINT,1.055,0.2061,0.299,-175.69,1.18,4.12,-0.0,0.0851,0.0782,0.0061,,1.249,0.182,,,1.14,0.24,2.18,-0.06
30.102,NAV_WAYPOINT,1.0571,0.2088,0.301,-175.87,0.91,4.18,-0.0,0.1139,0.0863,0.0118,,1.245,0.182,,,1.14,0.24,2.18,-0.06
30.13,NAV_WAYPOINT,1.0602,0.2116,0.299,-176.04,0.75,4.14,-0.0,0.1412,0.0916,0.0085,,1.245,0.186,,,1.14,0.24,2.18,-0.06
30.239,NAV_WAYPOINT,1.0656,0.2133,0.304,-176.33,0.44,3.7,-0.0,0.1684,0.0909,0.0039,,1.237,0.186,,,1.14,0.24,2.18,-0.06
30.252,NAV_WAYPOINT,1.0726,0.2162,0.305,-176.74,0.07,3.16,-0.0,0.1925,0.0901,0.0097,,1.237,0.19,,,1.14,0.24,2.18,-0.06
30.317,NAV_WAYPOINT,1.0809,0.2175,0.299,-177.12,-0.1,2.62,-0.0,0.2115,0.0824,0.0045,,1.223,0.19,,,1.14,0.24,2.18,-0.06
30.348,NAV_WAYPOINT,1.0873,0.2188,0.304,-177.57,-0.17,2.01,-0.0,0.2199,0.0748,-0.0111,,1.223,0.192,,,1.14,0.24,2.18,-0.06
30.393,NAV_WAYPOINT,1.0948,0.2198,0.301,-178.04,-0.13,1.55,-0.0,0.2256,0.0666,0.0056,,1.216,0.192,,,1.14,0.24,2.18,-0.06
30.431,NAV_WAYPOINT,1.1015,0.2212,0.298,-178.48,-0.08,1.21,-0.0,0.2255,0.0611,-0.0107,,1.216,0.191,,,1.14,0.24,2.18,-0.06
30.48,NAV_WAYPOINT,1.1118,0.2217,0.301,-178.9,-0.18,0.61,-0.0,0.2301,0.0534,-0.0138,,1.202,0.191,,,1.14,0.24,2.18,-0.06
30.552,NAV_WAYPOINT,1.1193,0.2224,0.298,-179.32,-0.14,-0.09,-0.0,0.2217,0.0469,-0.0042,,1.202,0.193,,,1.14,0.26,2.18,-0.06
30.586,NAV_WAYPOINT,1.1257,0.2223,0.299,-179.6,-0.0,-0.79,-0.0,0.2059,0.0396,-0.0127,,1.199,0.193,,,1.14,0.26,2.18,-0.06
30.641,NAV_WAYPOINT,1.1316,0.223,0.299,-179.75,0.09,-1.46,-0.0,0.1846,0.0364,-0.0068,,1.199,0.193,2.615,,1.14,0.26,2.18,-0.06
30.697,NAV_WAYPOINT,1.1367,0.2221,0.299,-179.84,0.45,-1.77,-0.0,0.1607,0.0313,-0.0092,,1.18,0.193,2.615,,1.14,0.26,2.18,-0.06
30.737,NAV_WAYPOINT,1.1403,0.22,0.299,-179.85,0.92,-1.95,-0.0,0.1341,0.0288,-0.0112,,1.18,0.19,2.618,,1.14,0.26,2.18,-0.06
30.781,NAV_WAYPOINT,1.143,0.2186,0.297,-179.77,1.23,-2.05,-0.0,0.1072,0.0311,-0.0088,,1.179,0.19,2.618,,1.14,0.26,2.18,-0.06
30.859,NAV_WAYPOINT,1.1458,0.2164,0.299,-179.65,1.48,-2.06,-0.0,0.084,0.0337,-0.0142,,1.179,0.185,2.612,,1.14,0.26,2.18,-0.06
30.902,NAV_WAYPOINT,1.1458,0.2159,0.3,-179.5,1.59,-1.97,-0.0,0.0572,0.0416,-0.0107,,1.179,0.185,2.612,,1.14,0.26,2.18,-0.06
30.975,NAV_WAYPOINT,1.144,0.2149,0.299,-179.36,1.72,-1.77,-0.0,0.0305,0.0484,-0.0094,,1.179,0.183,2.606,,1.14,0.26,2.18,-0.06
31.062,NAV_WAYPOINT,1.1399,0.2141,0.294,-179.13,1.72,-1.5,-0.0,0.0042,0.0556,-0.0122,,1.179,0.183,2.606,,1.14,0.26,2.18,-0.06
31.092,NAV_WAYPOINT,1.1338,0.2145,0.297,-178.83,1.74,-1.13,-0.0,-0.0221,0.0651,-0.0221,,1.179,0.182,2.594,,1.14,0.26,2.18,-0.06
31.109,NAV_WAYPOINT,1.1294,0.2157,0.292,-178.53,1.71,-0.65,-0.0,-0.0374,0.0752,-0.0118,,1.187,0.182,2.594,,1.14,0.26,2.18,-0.06
31.134,NAV_WAYPOINT,1.1236,0.2165,0.294,-178.29,1.56,-0.19,-0.0,-0.0501,0.0826,-0.0244,,1.187,0.19,2.601,,1.14,0.26,2.18,-0.06
31.21,NAV_WAYPOINT,1.117,0.2183,0.295,-178.12,1.45,0.2,-0.0,-0.0597,0.0908,-0.0088,,1.193,0.19,2.601,,1.14,0.26,2.18,-0.06
31.244,NAV_WAYPOINT,1.1111,0.2201,0.294,-178.0,1.18,0.75,-0.0,-0.0625,0.0957,-0.0074,,1.193,0.194,,,1.14,0.26,2.18,-0.06
31.277,NAV_WAYPOINT,1.1047,0.221,0.293,-177.92,1.08,1.28,-0.0,-0.0614,0.0971,-0.0044,,1.199,0.194,,,1.14,0.26,2.18,-0.06
31.389,NAV_WAYPOINT,1.0993,0.2232,0.292,-177.89,0.91,1.83,-0.0,-0.0547,0.1,-0.004,,1.199,0.198,,,1.14,0.26,2.18,-0.06
31.399,NAV_WAYPOINT,1.0955,0.2257,0.29,-177.83,0.74,2.37,-0.0,-0.0394,0.1016,-0.0013,,1.211,0.198,,,1.14,0.26,2.18,-0.06
31.437,NAV_WAYPOINT,1.0924,0.2285,0.293,-177.72,0.58,2.82,-0.0,-0.0199,0.1024,-0.0026,,1.211,0.203,,,1.14,0.26,2.18,-0.06
31.533,NAV_WAYPOINT,1.0893,0.2314,0.294,-177.62,0.52,3.0,-0.0,-0.0007,0.1029,0.0048,,1.217,0.203,,,1.14,0.26,2.18,-0.06
31.555,NAV_WAYPOINT,1.0883,0.2359,0.293,-177.59,0.48,3.17,-0.0,0.0221,0.1062,0.0059,,1.217,0.205,,,1.14,0.26,2.18,-0.06
31.578,NAV_WAYPOINT,1.0899,0.2413,0.293,-177.59,0.66,3.31,-0.0,0.05,0.1125,0.0085,,1.218,0.205,,,1.14,0.26,2.18,-0.06
31.643,NAV_WAYPOINT,1.091,0.2444,0.297,-177.65,0.44,3.11,-0.0,0.0728,0.1114,0.0101,,1.218,0.207,,,1.14,0.26,2.18,-0.06
31.685,NAV_WAYPOINT,1.0956,0.2474,0.298,-177.76,0.26,2.94,-0.0,0.0998,0.1083,0.0197,,1.21,0.207,,,1.14,0.26,2.18,-0.06
31.771,NAV_WAYPOINT,1.1012,0.251,0.298,-177.87,-0.03,2.69,-0.0,0.1238,0.1051,0.0163,,1.21,0.214,,,1.14,0.26,2.18,-0.06
31.799,NAV_WAYPOINT,1.1054,0.251,0.295,-177.98,-0.39,2.18,-0.0,0.1383,0.0898,0.0177,,1.209,0.214,,,1.14,0.26,2.18,-0.06
31.847,NAV_WAYPOINT,1.1107,0.2517,0.297,-178.15,-0.39,1.72,-0.0,0.1499,0.0769,0.0116,,1.209,0.214,,,1.14,0.26,2.18,-0.06
31.891,NAV_WAYPOINT,1.1162,0.2517,0.298,-178.34,-0.43,1.37,-0.0,0.1574,0.0635,0.0126,,1.194,0.214,,,1.14,0.26,2.18,-0.06
31.951,NAV_WAYPOINT,1.1218,0.2519,0.299,-178.64,-0.48,0.93,-0.0,0.1609,0.0521,0.0102,,1.194,0.213,,,1.6,0.26,2.18,-0.06
32.008,NAV_WAYPOINT,1.127,0.2502,0.301,-178.97,-0.29,0.27,-0.0,0.1582,0.0378,0.0133,,1.185,0.213,,,1.6,0.26,2.18,-0.06
32.039,NAV_WAYPOINT,1.1332,0.2494,0.3,-179.28,-0.17,-0.13,-0.0,0.1542,0.029,0.0138,,1.185,0.208,2.58,,1.6,0.26,2.18,-0.06
32.096,NAV_WAYPOINT,1.1407,0.2476,0.3,-179.47,-0.19,0.03,-0.0,0.1523,0.0199,0.0047,,1.174,0.208,2.58,,1.6,0.26,2.18,-0.06
32.139,NAV_WAYPOINT,1.1442,0.2461,0.301,-179.65,-0.21,1.31,-0.0,0.1492,0.0114,0.0013,,1.174,0.201,,,1.6,0.26,2.18,-0.06
32.18,NAV_WAYPOINT,1.1491,0.243,0.303,-179.82,-0.09,2.14,-0.0,0.158,0.0009,-0.0015,,1.169,0.201,,,1.6,0.26,2.18,-0.06
32.265,NAV_WAYPOINT,1.1551,0.24,0.301,-179.97,0.1,2.77,-0.0,0.1747,-0.0062,0.0037,,1.169,0.2,,,1.6,0.26,2.18,-0.06
32.301,NAV_WAYPOINT,1.161,0.237,0.299,179.95,0.55,3.17,-0.0,0.1927,-0.0107,-0.0017,,1.163,0.2,,,1.6,0.26,2.18,-0.06
32.349,NAV_WAYPOINT,1.1676,0.2346,0.302,-180.0,0.72,3.2,-0.0,0.2118,-0.0098,-0.0052,,1.163,0.196,,,1.6,0.26,2.18,-0.06
32.389,NAV_WAYPOINT,1.177,0.2307,0.301,-179.92,0.84,3.14,-0.0,0.235,-0.0122,0.0007,,1.147,0.196,,,1.6,0.26,2.18,-0.06
32.431,NAV_WAYPOINT,1.1903,0.2293,0.301,-179.73,1.05,2.96,-0.0,0.258,-0.0066,-0.0037,,1.147,0.21,2.583,,1.6,0.26,2.18,-0.06
32.5,NAV_WAYPOINT,1.1997,0.2274,0.3,-179.44,1.19,2.62,-0.0,0.2726,-0.0019,-0.004,,1.125,0.21,2.583,,1.6,0.26,2.18,-0.06
32.533,NAV_WAYPOINT,1.211,0.227,0.303,-179.21,1.36,2.26,-0.0,0.2867,0.0077,-0.0042,,1.125,0.241,2.596,,1.6,0.26,2.18,-0.06
32.602,NAV_WAYPOINT,1.2246,0.2254,0.301,-179.11,1.29,1.82,-0.0,0.3014,0.0132,0.0016,,1.101,0.241,2.596,,1.6,0.26,2.18,-0.06
32.633,NAV_WAYPOINT,1.2396,0.224,0.305,-179.03,1.16,1.56,-0.0,0.3146,0.018,-0.0045,,1.101,0.179,2.582,,1.6,0.26,2.18,-0.06
32.692,NAV_WAYPOINT,1.2525,0.2245,0.304,-179.04,1.14,1.16,-0.0,0.3191,0.0264,0.0057,,1.073,0.179,2.582,,1.6,0.26,2.18,-0.06
32.743,NAV_WAYPOINT,1.2651,0.2237,0.304,-179.01,0.74,0.84,-0.0,0.3191,0.0289,-0.0066,,1.073,0.173,2.529,,1.6,0.26,2.18,-0.06
32.783,NAV_WAYPOINT,1.279,0.2246,0.305,-178.9,0.75,0.62,-0.0,0.32,0.0337,-0.0034,,1.05,0.173,2.529,,1.6,0.26,2.18,-0.06
32.839,NAV_WAYPOINT,1.2932,0.2254,0.303,-178.76,0.68,0.53,-0.0,0.32,0.0373,-0.0017,,1.05,0.177,2.575,,1.6,0.26,2.18,-0.06
32.89,NAV_WAYPOINT,1.3054,0.2259,0.299,-178.67,0.68,0.48,-0.0,0.3153,0.0398,-0.0063,,1.025,0.177,2.575,,1.6,0.26,2.18,-0.06
32.931,NAV_WAYPOINT,1.3195,0.2272,0.301,-178.48,0.41,0.56,-0.0,0.3148,0.043,-0.0155,,1.025,0.183,,,1.6,0.26,2.18,-0.06
32.983,NAV_WAYPOINT,1.3313,0.2279,0.302,-178.1,0.34,0.39,-0.0,0.3097,0.0426,-0.0076,,0.998,0.183,,,1.6,0.26,2.18,-0.06
33.058,NAV_WAYPOINT,1.3443,0.2281,0.3,-177.69,0.12,0.21,-0.0,0.3063,0.04,-0.0119,,0.998,,,,1.6,0.26,2.18,-0.06
33.085,NAV_WAYPOINT,1.356,0.229,0.299,-177.29,0.1,0.06,-0.0,0.2986,0.0385,-0.0122,,0.975,,,,1.6,0.26,2.18,-0.06
33.137,NAV_WAYPOINT,1.3664,0.2288,0.3,-176.93,0.35,-0.11,-0.0,0.2873,0.0351,-0.0072,,0.975,0.173,,,1.6,0.26,2.18,-0.06
33.204,NAV_WAYPOINT,1.3788,0.2292,0.299,-176.71,0.63,-0.03,-0.0,0.2816,0.0354,-0.0009,,0.951,0.173,,,1.6,0.26,2.18,-0.06
33.226,NAV_WAYPOINT,1.3893,0.2306,0.301,-176.6,0.78,0.06,-0.0,0.2721,0.0403,0.0025,,0.951,0.25,,,1.6,0.26,2.18,-0.06
33.29,NAV_WAYPOINT,1.4005,0.2304,0.299,-176.47,1.03,0.33,-0.0,0.267,0.0423,0.0094,,0.93,0.25,,,1.6,0.26,2.18,-0.06
33.367,NAV_WAYPOINT,1.4119,0.2325,0.302,-176.48,0.98,0.56,-0.0,0.2653,0.0509,0.002,,0.93,0.198,,,1.6,0.26,2.18,-0.06
33.4,NAV_WAYPOINT,1.4232,0.2346,0.304,-176.62,0.93,0.81,-0.0,0.2651,0.0582,0.0095,,0.909,0.198,,,1.6,0.26,2.18,-0.06
33.436,NAV_WAYPOINT,1.435,0.2367,0.302,-176.79,0.94,1.08,-0.0,0.2683,0.0643,0.0083,,0.909,0.175,,,1.6,0.26,2.18,-0.06
33.479,NAV_WAYPOINT,1.4451,0.2408,0.306,-177.11,0.56,1.07,-0.0,0.2685,0.0731,-0.0036,,0.893,0.175,,,1.6,0.26,2.18,-0.06
33.528,NAV_WAYPOINT,1.455,0.2447,0.305,-177.54,0.16,1.29,-0.0,0.2692,0.0773,0.0006,,0.893,0.178,,,1.6,0.26,2.18,-0.06
33.597,NAV_WAYPOINT,1.4673,0.2475,0.303,-177.96,-0.37,1.3,-0.0,0.2765,0.0749,-0.01,,0.868,0.178,,,1.6,0.26,2.18,-0.06
33.628,NAV_WAYPOINT,1.4788,0.2527,0.302,-178.19,-0.51,1.32,-0.0,0.2814,0.0753,-0.0128,,0.868,0.189,,,1.6,0.26,2.18,-0.06
33.696,NAV_WAYPOINT,1.488,0.255,0.3,-178.23,-0.75,1.32,-0.0,0.2868,0.0683,-0.0142,,0.848,0.189,,,1.6,0.26,2.18,-0.06
33.749,NAV_WAYPOINT,1.5011,0.2582,0.299,-178.04,-0.84,1.15,-0.0,0.2936,0.0614,-0.0162,,0.848,0.191,,,1.6,0.26,2.18,-0.06
33.782,NAV_WAYPOINT,1.5135,0.261,0.298,-177.77,-0.78,1.17,-0.0,0.2979,0.0543,-0.0113,,0.825,0.191,,,1.6,0.26,2.18,-0.06
33.834,NAV_WAYPOINT,1.5268,0.2655,0.299,-177.55,-0.71,1.05,-0.0,0.3031,0.0528,-0.0113,,0.825,0.194,,,1.6,0.26,2.18,-0.06
33.909,NAV_WAYPOINT,1.5394,0.2677,0.298,-177.54,-0.49,0.87,-0.0,0.3039,0.0472,-0.0046,,0.804,0.194,,,1.6,0.26,2.18,-0.06
33.938,NAV_WAYPOINT,1.5506,0.2692,0.3,-177.79,-0.77,0.61,-0.0,0.2997,0.0388,-0.0051,,0.804,0.198,,,1.6,0.26,2.18,-0.06
33.986,NAV_WAYPOINT,1.5661,0.2726,0.299,-177.97,-1.03,-0.16,-0.0,0.3027,0.0353,-0.0045,,0.775,0.198,,,1.6,0.26,2.18,-0.06
34.028,NAV_WAYPOINT,1.5777,0.2756,0.298,-178.16,-0.76,-0.74,-0.0,0.2898,0.0311,-0.0029,,0.775,0.217,,,1.6,0.26,2.18,-0.06
34.09,NAV_WAYPOINT,1.5888,0.2774,0.3,-178.45,-0.78,-0.9,-0.0,0.2741,0.0244,-0.0027,,0.752,0.217,,,1.6,0.24,2.18,-0.06
34.132,NAV_WAYPOINT,1.601,0.2802,0.3,-178.75,-0.83,-1.61,-0.0,0.2606,0.0213,0.0033,,0.752,0.273,,,1.6,0.24,2.18,-0.06
34.184,NAV_WAYPOINT,1.6103,0.2808,0.298,-179.05,-0.91,-2.27,-0.0,0.236,0.012,-0.0005,1.781,0.733,0.273,,,1.6,0.24,2.18,-0.06
34.258,NAV_WAYPOINT,1.6188,0.2817,0.301,-179.35,-1.58,-2.66,-0.0,0.2075,0.0019,-0.0032,1.781,0.733,0.476,,,1.6,0.24,2.18,-0.06
34.299,NAV_WAYPOINT,1.6284,0.2827,0.299,-179.63,-2.04,-2.99,-0.0,0.1829,-0.0109,0.0056,,0.717,0.476,,,1.6,0.24,2.18,-0.06
34.348,NAV_WAYPOINT,1.6338,0.2826,0.299,-179.82,-2.25,-3.32,-0.0,0.1425,-0.0308,-0.0114,,0.717,0.624,,,1.6,0.24,2.18,-0.06
34.381,NAV_WAYPOINT,1.639,0.2811,0.3,-179.95,-2.19,-3.32,-0.0,0.1157,-0.0473,-0.0085,,0.709,0.624,,,1.6,0.24,2.18,-0.06
34.432,NAV_WAYPOINT,1.6426,0.2777,0.296,179.93,-2.17,-3.46,-0.0,0.0771,-0.0721,-0.0117,,0.709,0.686,,,1.6,0.24,2.18,-0.06
34.495,NAV_WAYPOINT,1.6449,0.2709,0.297,179.79,-1.99,-3.46,-0.0,0.0509,-0.0918,-0.0227,,0.704,0.686,,,1.6,0.24,2.18,-0.06
34.53,NAV_WAYPOINT,1.6445,0.2631,0.298,179.71,-1.65,-3.25,-0.0,0.0152,-0.1148,-0.0078,,0.704,0.692,,,1.6,0.24,2.18,-0.06
34.583,NAV_WAYPOINT,1.6437,0.2559,0.293,179.72,-0.97,-2.84,-0.0,-0.0136,-0.1291,-0.0036,,0.702,0.692,,,1.6,0.24,2.18,-0.06
34.667,NAV_WAYPOINT,1.641,0.25,0.296,179.79,-0.35,-2.47,-0.0,-0.0449,-0.1352,-0.0099,,0.702,0.68,,,1.6,0.24,2.18,-0.06
34.719,NAV_WAYPOINT,1.6364,0.241,0.295,179.98,0.46,-1.96,-0.0,-0.0661,-0.1394,0.0067,,0.709,0.68,,,1.6,0.24,2.18,-0.06
34.81,NAV_WAYPOINT,1.632,0.2331,0.293,-179.76,1.37,-1.53,-0.0,-0.0858,-0.1324,0.0015,,0.709,0.647,,,1.6,0.24,2.18,-0.06
34.837,NAV_WAYPOINT,1.6277,0.2256,0.295,-179.58,2.07,-1.05,-0.0,-0.0962,-0.1193,-0.0007,,0.713,0.647,,,1.6,0.24,2.18,-0.06
34.857,NAV_WAYPOINT,1.6227,0.2198,0.292,-179.56,2.13,-0.6,-0.0,-0.1031,-0.1006,0.0055,,0.713,0.591,,,1.6,0.24,2.18,-0.06
34.882,NAV_WAYPOINT,1.6182,0.2168,0.293,-179.59,2.01,-0.4,-0.0,-0.1053,-0.0793,-0.002,,0.722,0.591,,,1.6,0.24,2.18,-0.06
34.949,NAV_WAYPOINT,1.613,0.2125,0.295,-179.68,2.02,-0.01,-0.0,-0.1068,-0.0631,0.0033,,0.722,,,,1.6,0.24,2.18,-0.06
34.977,NAV_WAYPOINT,1.6086,0.2097,0.295,-179.85,1.98,0.28,-0.0,-0.1032,-0.0463,0.0094,,0.737,,,,1.6,0.24,2.18,-0.06
35.035,NAV_WAYPOINT,1.604,0.2063,0.292,180.0,2.39,0.82,-0.0,-0.0966,-0.0303,0.011,,0.737,0.335,,,1.6,0.24,2.18,-0.06
35.109,NAV_WAYPOINT,1.6002,0.2034,0.296,179.94,2.88,1.25,-0.0,-0.0851,-0.0117,0.0072,,0.745,0.335,,,1.6,0.24,2.18,-0.06
35.157,NAV_WAYPOINT,1.5948,0.2015,0.299,179.89,3.0,1.49,-0.0,-0.0759,0.0107,0.0155,,0.745,0.247,,,1.6,0.24,2.18,-0.06
35.21,NAV_WAYPOINT,1.591,0.202,0.301,179.92,3.0,1.68,-0.0,-0.0626,0.0354,0.0194,,0.75,0.247,,,1.6,0.24,2.18,-0.06
35.274,NAV_WAYPOINT,1.587,0.2037,0.303,179.99,3.01,1.77,-0.0,-0.0509,0.0598,0.0194,,0.75,0.201,,,1.6,0.24,2.18,-0.06
35.3,NAV_WAYPOINT,1.5867,0.2077,0.303,-179.84,2.49,1.75,-0.0,-0.0309,0.0831,0.0192,,0.754,0.201,,,1.6,0.24,2.18,-0.06
35.364,NAV_WAYPOINT,1.5878,0.2127,0.301,-179.61,1.9,1.6,-0.0,-0.0113,0.1011,0.0135,,0.754,0.201,,,1.6,0.24,2.18,-0.06
35.399,NAV_WAYPOINT,1.5903,0.2191,0.303,-179.39,1.37,1.41,-0.0,0.0082,0.1161,0.0057,,0.745,0.201,,,1.62,0.24,2.18,-0.06
35.464,NAV_WAYPOINT,1.5929,0.2231,0.302,-179.17,0.93,1.48,-0.0,0.0251,0.1183,0.0066,,0.745,0.228,,,1.62,0.24,2.18,-0.06
35.499,NAV_WAYPOINT,1.5964,0.2274,0.302,-179.0,0.32,1.2,-0.0,0.0413,0.117,0.0009,,0.741,0.228,,,1.62,0.24,2.18,-0.06
35.57,NAV_WAYPOINT,1.5985,0.232,0.305,-178.89,-0.57,1.06,-0.0,0.0499,0.1111,0.0015,,0.741,0.283,,,1.62,0.24,2.18,-0.06
35.603,NAV_WAYPOINT,1.6027,0.2378,0.308,-178.81,-0.66,1.22,-0.0,0.0637,0.106,0.0068,,0.736,0.283,,,1.62,0.18,2.18,-0.06
35.631,NAV_WAYPOINT,1.6071,0.2401,0.308,-178.69,-0.83,1.19,-0.0,0.0764,0.0907,0.0115,,0.736,0.379,,,1.62,0.18,2.18,-0.06
35.707,NAV_WAYPOINT,1.6128,0.2426,0.309,-178.63,-0.94,0.99,-0.0,0.0896,0.0773,0.0042,,0.733,0.379,,,1.62,0.18,2.18,-0.06
35.781,NAV_WAYPOINT,1.6175,0.2423,0.306,-178.68,-1.75,0.41,-0.0,0.0951,0.0546,0.0038,,0.733,0.504,,,1.62,0.18,2.18,-0.06
35.799,NAV_WAYPOINT,1.6207,0.2428,0.304,-178.76,-2.9,0.15,-0.0,0.0935,0.0279,-0.0061,,0.723,0.504,,,1.62,0.18,2.18,-0.06
35.866,NAV_WAYPOINT,1.6242,0.2415,0.303,-178.89,-3.53,-0.24,-0.0,0.0905,-0.0071,-0.0113,,0.723,0.603,,,1.62,0.18,2.18,-0.06
35.908,NAV_WAYPOINT,1.6309,0.2374,0.306,-179.02,-3.85,-0.55,-0.0,0.0923,-0.0481,-0.012,,0.71,0.603,,,1.62,0.18,2.18,-0.06
35.984,NAV_WAYPOINT,1.6363,0.2313,0.306,-179.11,-3.64,-0.86,-0.0,0.0886,-0.0894,-0.0048,,0.71,0.659,,,1.62,0.18,2.18,-0.06
36.046,NAV_WAYPOINT,1.6389,0.2226,0.306,-179.22,-3.09,-1.14,-0.0,0.0759,-0.1285,-0.0073,,0.708,0.659,,,1.62,0.18,2.18,-0.06
36.072,NAV_WAYPOINT,1.6427,0.2127,0.303,-179.36,-2.38,-1.34,-0.0,0.0655,-0.159,-0.0057,,0.708,0.674,,,1.62,0.18,2.18,-0.06
36.094,NAV_WAYPOINT,1.645,0.2017,0.3,-179.49,-1.73,-1.55,-0.0,0.0516,-0.1836,-0.0149,,0.714,0.674,,,1.62,0.18,2.18,-0.06
36.128,NAV_WAYPOINT,1.6476,0.1875,0.3,-179.56,-1.1,-1.58,-0.0,0.0385,-0.2071,-0.0145,,0.714,0.651,,,1.62,0.18,2.18,-0.06
36.214,NAV_WAYPOINT,1.6476,0.1751,0.3,-179.61,-0.16,-1.65,-0.0,0.0202,-0.2176,-0.011,,0.714,0.651,,,1.64,-0.06,2.18,-0.06
36.272,NAV_WAYPOINT,1.647,0.1632,0.299,-179.59,0.89,-1.6,-0.0,0.0025,-0.2173,-0.008,,0.714,0.63,,,1.64,-0.06,2.18,-0.06
36.308,NAV_WAYPOINT,1.6461,0.151,0.302,-179.5,1.93,-1.48,-0.0,-0.0126,-0.2078,-0.0075,1.831,0.719,0.63,,,1.64,-0.06,2.18,-0.06
36.331,NAV_WAYPOINT,1.6449,0.1386,0.3,-179.45,2.54,-0.84,-0.0,-0.0234,-0.1922,-0.001,1.831,0.719,0.604,,,1.64,-0.06,2.18,-0.06
36.411,NAV_WAYPOINT,1.6408,0.1283,0.299,-179.41,1.02,-0.27,-0.0,-0.0347,-0.181,-0.0018,,0.723,0.604,,,1.64,-0.06,2.18,-0.06
36.463,NAV_WAYPOINT,1.6375,0.12,0.301,-179.3,0.03,0.15,-0.0,-0.0388,-0.176,-0.004,,0.723,0.587,,,1.64,-0.06,2.18,-0.06
36.501,NAV_WAYPOINT,1.6382,0.1134,0.301,-178.52,0.25,2.17,-0.0,-0.0251,-0.1724,-0.0074,,0.727,0.587,,,1.64,-0.06,2.18,-0.06
36.552,NAV_WAYPOINT,1.6443,0.1098,0.301,-177.54,-0.37,2.51,-0.0,0.0173,-0.1569,0.0053,,0.727,0.572,,,1.64,-0.06,2.18,-0.06
36.586,NAV_WAYPOINT,1.6551,0.1087,0.302,-177.13,-1.74,1.14,-0.0,0.0556,-0.1494,0.004,,0.708,0.572,,,1.64,-0.06,2.18,-0.06
36.629,NAV_WAYPOINT,1.6633,0.1052,0.306,-177.08,-2.37,0.37,-0.0,0.0754,-0.1558,0.0011,,0.708,,,,1.64,-0.06,2.18,-0.06
36.697,NAV_WAYPOINT,1.6748,0.0986,0.3,-177.22,-2.75,-0.31,-0.0,0.0954,-0.1725,0.0057,0.304,0.692,,,,1.64,-0.06,2.18,-0.06
36.732,NAV_WAYPOINT,1.6843,0.0913,0.302,-177.46,-3.03,-1.13,-0.0,0.1021,-0.1921,-0.0103,0.304,0.692,,,,1.64,-0.06,2.18,-0.06
36.786,NAV_WAYPOINT,1.6922,0.0822,0.303,-177.77,-2.98,-1.93,-0.0,0.0966,-0.2155,-0.0072,,0.68,,,,1.64,-0.06,2.18,-0.06
36.881,NAV_WAYPOINT,1.6979,0.0714,0.3,-178.09,-2.58,-2.37,-0.0,0.0812,-0.2383,-0.0079,,0.68,,,,1.64,-0.06,2.18,-0.06
36.953,NAV_WAYPOINT,1.7033,0.0595,0.302,-178.42,-2.17,-2.7,-0.0,0.0642,-0.2574,-0.0124,0.064,0.664,,,,1.64,-0.06,2.18,-0.06
36.972,NAV_WAYPOINT,1.7059,0.0462,0.299,-178.75,-1.69,-3.04,-0.0,0.0389,-0.2746,-0.0053,0.064,0.664,,,,1.64,-0.06,2.18,-0.06
36.988,NAV_WAYPOINT,1.7083,0.0291,0.299,-179.08,-1.09,-2.94,-0.0,0.0154,-0.2932,-0.0085,0.105,0.66,,,,1.64,-0.06,2.18,-0.06
37.043,NAV_WAYPOINT,1.7081,0.0127,0.299,-179.31,-0.33,-2.6,-0.0,-0.0102,-0.3029,0.002,0.105,0.66,,,,1.64,-0.06,2.18,-0.06
37.112,NAV_WAYPOINT,1.7056,-0.0026,0.299,-179.49,0.18,-2.37,-0.0,-0.0346,-0.3036,-0.0031,0.103,0.669,,,,1.64,-0.06,2.18,-0.06
37.125,NAV_WAYPOINT,1.7026,-0.0173,0.299,-179.62,0.38,-2.25,-0.0,-0.0573,-0.3005,-0.001,0.103,0.669,,,,1.64,-0.06,2.18,-0.06
37.182,NAV_WAYPOINT,1.699,-0.0331,0.296,-179.62,2.56,-0.94,-0.0,-0.0719,-0.2892,0.0038,0.096,0.68,,,,1.64,-0.06,2.18,-0.06
37.241,NAV_WAYPOINT,1.6913,-0.0543,0.299,-179.66,3.94,-0.01,-0.0,-0.0845,-0.2751,-0.0113,0.096,0.68,,,,1.64,-0.06,2.18,-0.06
37.321,NAV_WAYPOINT,1.686,-0.0673,0.295,-179.69,4.68,0.47,-0.0,-0.0848,-0.236,-0.0045,0.079,0.693,,,,1.64,-0.06,2.18,-0.06
37.355,NAV_WAYPOINT,1.68,-0.0792,0.297,-179.72,4.86,0.97,-0.0,-0.0825,-0.1961,-0.0137,0.079,0.693,,,,,,2.18,-0.06
37.461,ROTATION_SCAN,1.6753,-0.0897,0.298,-179.77,4.71,1.28,-0.0,-0.0744,-0.1569,-0.0068,0.098,0.703,,,,,,2.26,-2.4
37.534,ROTATION_SCAN,1.6703,-0.0989,0.294,-179.9,4.36,1.67,-0.0,-0.0644,-0.1217,-0.0035,0.098,0.703,,,,,,2.26,-2.4
37.562,ROTATION_SCAN,1.6651,-0.1064,0.296,-179.86,3.88,1.8,-0.0,-0.0549,-0.0901,-0.0112,,0.715,,,,,,2.26,-2.4
37.619,ROTATION_SCAN,1.6586,-0.114,0.295,-179.67,3.27,1.78,15.0,-0.0485,-0.0655,-0.0027,,0.715,,,,,,2.26,-2.4
37.643,ROTATION_SCAN,1.6573,-0.1191,0.299,177.7,3.08,2.12,15.0,-0.0297,-0.0459,-0.001,,0.721,,,,,,2.26,-2.4
37.686,ROTATION_SCAN,1.6572,-0.1215,0.299,175.66,2.09,1.84,15.0,-0.0075,-0.0279,0.0405,,0.721,0.371,,,,,2.26,-2.4
37.707,ROTATION_SCAN,1.6557,-0.1258,0.299,175.08,2.11,1.2,15.0,0.0032,-0.019,0.0293,0.211,0.732,0.371,,,,,2.26,-2.4
37.732,ROTATION_SCAN,1.6576,-0.1277,0.3,175.45,1.86,0.74,15.0,0.0154,-0.0078,0.0243,0.211,0.732,0.347,,,,,2.26,-2.4
37.792,ROTATION_SCAN,1.6594,-0.1305,0.304,176.35,1.7,0.64,15.0,0.0237,-0.0021,0.0208,0.252,0.729,0.347,,,,,2.26,-2.4
37.836,ROTATION_SCAN,1.6593,-0.1335,0.303,177.53,1.57,0.39,15.0,0.0252,0.0039,0.0201,0.252,0.729,0.351,,,,,2.26,-2.4
37.9,ROTATION_SCAN,1.6593,-0.1368,0.307,178.92,1.53,0.27,15.0,0.0251,0.0073,0.0088,0.388,0.722,0.351,,,,,2.26,-2.4
37.941,ROTATION_SCAN,1.6605,-0.1385,0.307,-179.62,1.37,0.23,15.0,0.0263,0.013,0.0146,0.388,0.722,0.368,,,,,2.26,-2.4
37.987,ROTATION_SCAN,1.661,-0.1404,0.306,-178.17,1.37,0.18,15.0,0.0257,0.0175,0.0025,0.535,0.716,0.368,,,,,2.26,-2.4
38.034,ROTATION_SCAN,1.6605,-0.1432,0.31,-176.77,1.3,0.18,15.0,0.0224,0.0196,-0.0041,0.535,0.716,,,,,,2.26,-2.4
38.119,ROTATION_SCAN,1.6591,-0.1438,0.304,-175.42,1.32,0.11,15.0,0.0168,0.0276,-0.0009,0.578,0.721,,,,,,2.26,-2.4
38.147,ROTATION_SCAN,1.6579,-0.1506,0.304,-174.15,1.33,0.22,15.0,0.0119,0.0183,-0.0173,0.578,0.721,,,,,,2.26,-2.4
38.214,ROTATION_SCAN,1.6562,-0.153,0.306,-173.03,1.33,0.27,15.0,0.0074,0.0221,-0.015,0.582,0.727,,,,,,2.26,-2.4
38.23,ROTATION_SCAN,1.6518,-0.1561,0.302,-172.02,1.48,0.29,15.0,-0.0025,0.0252,-0.0132,0.582,0.727,,,,,,2.26,-2.4
38.282,ROTATION_SCAN,1.6484,-0.1601,0.305,-171.09,1.52,0.52,15.0,-0.0084,0.0262,-0.0221,0.578,0.734,,,,,,2.26,-2.4
38.346,ROTATION_SCAN,1.6435,-0.1634,0.301,-170.28,1.49,0.72,15.0,-0.0155,0.0291,-0.01,0.578,0.734,,,,,,2.26,-2.4
38.381,ROTATION_SCAN,1.6397,-0.1643,0.303,-169.54,1.55,0.91,15.0,-0.0178,0.0375,-0.0209,0.576,0.743,,,,,,2.26,-2.4
38.435,ROTATION_SCAN,1.6345,-0.1665,0.302,-168.83,1.44,1.24,15.0,-0.0207,0.0429,-0.0117,0.576,0.743,,,,,,2.26,-2.4
38.511,ROTATION_SCAN,1.6305,-0.1669,0.301,-168.09,1.35,1.35,15.0,-0.0189,0.0509,-0.0139,0.577,0.75,,,,,,2.26,-2.4
38.545,ROTATION_SCAN,1.6253,-0.167,0.299,-167.4,1.23,1.64,15.0,-0.0182,0.0584,-0.0126,0.577,0.75,,0.188,,,,2.26,-2.4
38.616,ROTATION_SCAN,1.6219,-0.1678,0.302,-166.71,1.12,1.86,15.0,-0.0121,0.0624,-0.0142,0.574,0.758,,0.188,,,,2.26,-2.4
38.635,ROTATION_SCAN,1.6187,-0.168,0.299,-166.07,1.0,1.96,15.0,-0.0044,0.0667,-0.0054,0.574,0.758,,0.137,,,,2.26,-2.4
38.717,ROTATION_SCAN,1.6148,-0.167,0.3,-165.44,0.93,1.9,15.0,0.0005,0.0727,-0.0119,0.573,0.761,,0.137,,,,2.26,-2.4
38.739,ROTATION_SCAN,1.6118,-0.165,0.299,-164.8,0.88,1.87,15.0,0.0069,0.0807,-0.0056,0.573,0.761,,0.11,,,,2.26,-2.4
38.804,ROTATION_SCAN,1.6104,-0.1628,0.299,-164.16,0.7,2.06,15.0,0.0168,0.0866,-0.0078,0.575,0.768,,0.11,,,,2.26,-2.4
38.83,ROTATION_SCAN,1.6082,-0.1596,0.299,-163.47,0.48,1.85,15.0,0.024,0.0926,-0.0049,0.575,0.768,,0.091,,,,2.26,-2.4
38.881,ROTATION_SCAN,1.6083,-0.1577,0.299,-162.7,0.34,1.55,15.0,0.0336,0.0928,-0.0037,0.578,0.774,,0.091,,,,2.26,-2.4
38.947,ROTATION_SCAN,1.609,-0.1535,0.3,-161.9,0.3,1.32,15.0,0.0418,0.0977,0.0001,0.578,0.774,,0.08,,,,2.26,-2.4
38.983,ROTATION_SCAN,1.6093,-0.1539,0.296,-161.03,0.24,1.14,15.0,0.046,0.0889,0.0003,0.581,0.784,,0.08,,,,2.26,-2.4
39.048,ROTATION_SCAN,1.6139,-0.156,0.296,-160.12,0.28,1.01,15.0,0.0579,0.0775,-0.0091,0.581,0.784,,0.073,,,,2.26,-2.4
39.106,ROTATION_SCAN,1.6115,-0.157,0.299,-159.21,0.38,0.89,15.0,0.0522,0.0703,-0.0075,0.588,0.795,,0.073,,,,2.26,-2.4
39.138,ROTATION_SCAN,1.6124,-0.1546,0.297,-158.27,0.45,0.86,15.0,0.0537,0.0733,-0.0006,0.588,0.795,1.0,0.078,,,,2.26,-2.4
39.187,ROTATION_SCAN,1.607,-0.1571,0.297,-157.24,0.45,0.79,15.0,0.0402,0.0636,-0.0037,0.592,0.802,1.0,0.078,,,,2.26,-2.4
39.225,ROTATION_SCAN,1.603,-0.1555,0.297,-156.22,0.4,0.73,15.0,0.0314,0.0646,-0.001,0.592,0.802,0.972,0.066,,,,2.26,-2.4
39.279,ROTATION_SCAN,1.6005,-0.1561,0.302,-155.24,0.37,0.91,15.0,0.0275,0.0612,0.0012,0.593,0.815,0.972,0.066,,,,2.26,-2.4
39.362,ROTATION_SCAN,1.6009,-0.1539,0.3,-154.29,0.42,1.02,15.0,0.0315,0.0655,0.0089,0.593,0.815,0.951,0.059,,,,2.26,-2.4
39.387,ROTATION_SCAN,1.6029,-0.1537,0.302,-153.35,0.55,1.18,15.0,0.0385,0.0664,0.0015,0.603,0.828,0.951,0.059,,,,2.26,-2.4
39.46,ROTATION_SCAN,1.6008,-0.1563,0.302,-152.42,0.6,1.17,15.0,0.0362,0.0613,0.0052,0.603,0.828,0.95,0.064,,,,2.26,-2.4
39.531,ROTATION_SCAN,1.5925,-0.1585,0.299,-151.53,0.61,1.15,15.0,0.0212,0.0575,-0.0008,0.606,0.836,0.95,0.064,,,,2.26,-2.4
39.563,ROTATION_SCAN,1.5902,-0.1566,0.296,-150.64,0.55,1.43,15.0,0.0212,0.0645,-0.0042,0.606,0.836,0.941,0.062,,,,2.26,-2.4
39.633,ROTATION_SCAN,1.5887,-0.1554,0.298,-149.71,0.41,1.64,15.0,0.0254,0.0697,-0.009,0.609,0.843,0.941,0.062,,,,2.26,-2.4
39.657,ROTATION_SCAN,1.5894,-0.1545,0.298,-148.75,0.41,1.8,15.0,0.0349,0.0745,-0.003,0.609,0.843,0.929,0.065,,,,2.26,-2.4
39.704,ROTATION_SCAN,1.5913,-0.1506,0.299,-147.8,0.36,1.76,15.0,0.046,0.0852,-0.0047,0.616,0.855,0.929,0.065,,,,2.26,-2.4
39.75,ROTATION_SCAN,1.5891,-0.1482,0.299,-146.86,0.28,1.73,15.0,0.048,0.0908,-0.0004,0.616,0.855,0.928,0.065,,,,2.26,-2.4
39.856,ROTATION_SCAN,1.5882,-0.1533,0.295,-145.94,0.02,1.48,15.0,0.0516,0.0787,-0.0028,0.606,0.865,0.928,0.065,,,,2.26,-2.4
39.889,ROTATION_SCAN,1.5877,-0.1543,0.299,-145.0,0.01,1.41,15.0,0.0555,0.0754,-0.0144,0.606,0.865,0.943,0.073,,,,2.26,-2.4
39.904,ROTATION_SCAN,1.5883,-0.1528,0.297,-144.13,0.03,1.38,15.0,0.0605,0.0773,-0.0027,0.598,0.877,0.943,0.073,,,,2.26,-2.4
39.956,ROTATION_SCAN,1.591,-0.1561,0.299,-143.29,-0.0,1.24,15.0,0.0826,0.065,-0.0104,0.598,0.877,0.961,0.07,,,,2.26,-2.4
39.976,ROTATION_SCAN,1.5947,-0.1591,0.296,-142.49,0.09,1.18,15.0,0.0771,0.0627,-0.0037,0.58,0.886,0.961,0.07,,,,2.26,-2.4
40.05,ROTATION_SCAN,1.591,-0.1593,0.295,-141.72,0.25,1.05,15.0,0.0694,0.062,-0.0149,0.58,0.886,,0.079,,,,2.26,-2.4
40.131,ROTATION_SCAN,1.5913,-0.1594,0.295,-140.99,0.33,1.06,15.0,0.0683,0.0627,-0.012,0.567,0.893,,0.079,,,,2.26,-2.4
40.146,ROTATION_SCAN,1.5884,-0.1587,0.291,-140.28,0.46,1.07,15.0,0.061,0.0652,-0.0107,0.567,0.893,,0.081,,,,2.26,-2.4
40.234,ROTATION_SCAN,1.5803,-0.1677,0.294,-139.5,0.51,1.13,15.0,0.0434,0.0482,-0.0153,0.543,0.897,,0.081,,,,2.26,-2.4
40.275,ROTATION_SCAN,1.5968,-0.1633,0.294,-138.81,0.45,1.33,15.0,0.0777,0.064,-0.0067,0.543,0.897,,0.082,,,,2.26,-2.4
40.357,ROTATION_SCAN,1.5982,-0.1641,0.296,-138.04,0.45,1.27,15.0,0.0783,0.0657,-0.0065,0.526,0.906,,0.082,,,,2.26,-2.4
40.386,ROTATION_SCAN,1.5993,-0.164,0.295,-137.31,0.58,0.96,15.0,0.0765,0.0677,-0.0006,0.526,0.906,2.168,0.08,,,,2.26,-2.4
40.426,ROTATION_SCAN,1.6029,-0.1634,0.293,-136.57,0.66,0.97,15.0,0.078,0.071,-0.0002,0.505,0.9,2.168,0.08,,,,2.26,-2.4
40.475,ROTATION_SCAN,1.6047,-0.1623,0.294,-135.87,0.7,0.9,15.0,0.0753,0.0751,0.0002,0.505,0.9,,0.084,,,,2.26,-2.4
40.489,ROTATION_SCAN,1.6073,-0.1622,0.296,-135.21,0.7,0.89,15.0,0.074,0.0764,0.0026,0.491,0.905,,0.084,,,,2.26,-2.4
40.551,ROTATION_SCAN,1.61,-0.1603,0.295,-134.53,0.71,0.8,15.0,0.0724,0.0809,0.0075,0.491,0.905,,0.082,,,,2.26,-2.4
40.578,ROTATION_SCAN,1.6137,-0.1579,0.293,-133.86,0.65,0.6,15.0,0.0725,0.0853,0.0061,0.481,,,0.082,,,,2.26,-2.4
40.644,ROTATION_SCAN,1.6158,-0.155,0.294,-133.19,0.57,0.45,15.0,0.0684,0.0887,0.0032,0.481,,,0.083,,,,2.26,-2.4
40.714,ROTATION_SCAN,1.6175,-0.1524,0.298,-132.52,0.43,0.46,15.0,0.0638,0.0904,0.0084,0.467,,,0.083,,,,2.26,-2.4
40.745,ROTATION_SCAN,1.6199,-0.1477,0.299,-131.92,0.36,0.5,15.0,0.0625,0.0957,0.0174,0.467,,,0.085,,,,2.26,-2.4
40.797,ROTATION_SCAN,1.6231,-0.1428,0.3,-131.28,0.28,0.54,15.0,0.0635,0.1008,0.0172,0.458,,,0.085,,,,2.26,-2.4
40.828,ROTATION_SCAN,1.6243,-0.1388,0.297,-130.62,0.19,0.5,15.0,0.0604,0.1027,0.0168,0.458,,,0.084,,,,2.26,-2.4
40.88,ROTATION_SCAN,1.6256,-0.1375,0.298,-129.95,0.08,0.43,15.0,0.0583,0.0974,0.0075,0.447,,,0.084,,,,2.26,-2.4
40.949,ROTATION_SCAN,1.6277,-0.139,0.3,-129.24,-0.12,0.42,15.0,0.0591,0.0857,0.0097,0.447,,,0.088,,,,2.26,-2.4
40.974,ROTATION_SCAN,1.6284,-0.1408,0.299,-128.45,-0.08,0.5,15.0,0.0574,0.0748,0.011,0.429,,,0.088,,,,2.26,-2.4
41.056,ROTATION_SCAN,1.6181,-0.142,0.3,-127.62,0.08,0.47,15.0,0.031,0.0653,0.0052,0.429,,,0.1,,,,2.26,-2.4
41.108,ROTATION_SCAN,1.6185,-0.144,0.3,-126.74,-0.01,0.7,15.0,0.0312,0.0582,0.0066,0.409,,,0.1,,,,2.26,-2.4
41.159,ROTATION_SCAN,1.6225,-0.1482,0.299,-125.89,-0.21,0.91,15.0,0.0413,0.0482,0.0057,0.409,,,0.109,,,,2.26,-2.4
41.206,ROTATION_SCAN,1.6161,-0.1499,0.299,-125.01,-0.23,1.04,15.0,0.0286,0.0437,0.0028,0.391,,,0.109,,,,2.26,-2.4
41.255,ROTATION_SCAN,1.6174,-0.1565,0.299,-124.14,-0.24,1.24,15.0,0.0352,0.0315,0.0017,0.391,,,0.12,,,,2.26,-2.4
41.284,ROTATION_SCAN,1.6181,-0.1606,0.305,-123.23,-0.23,1.57,15.0,0.0412,0.0278,0.0016,0.377,,,0.12,,,,2.26,-2.4
41.338,ROTATION_SCAN,1.6184,-0.1644,0.301,-122.32,-0.15,1.81,15.0,0.0463,0.0272,0.0097,0.377,,,0.139,,,,2.26,-2.4
41.382,ROTATION_SCAN,1.6199,-0.1668,0.302,-121.43,-0.13,1.94,15.0,0.0532,0.0309,-0.0024,0.362,,,0.139,,,,2.26,-2.4
41.428,ROTATION_SCAN,1.6228,-0.1688,0.306,-120.54,-0.02,1.98,15.0,0.0625,0.0364,-0.001,0.362,,,0.138,,,,2.26,-2.4
41.482,ROTATION_SCAN,1.6284,-0.17,0.302,-119.64,0.02,1.99,15.0,0.0761,0.0435,0.0033,0.349,,,0.138,,,,2.26,-2.4
41.554,ROTATION_SCAN,1.6307,-0.1719,0.3,-118.77,0.19,1.96,15.0,0.0799,0.0483,-0.0075,0.349,,,0.149,,,,2.26,-2.4
41.59,ROTATION_SCAN,1.6347,-0.1727,0.301,-117.96,0.31,1.71,15.0,0.0851,0.0548,-0.0105,0.343,,,0.149,,,,2.26,-2.4
41.634,ROTATION_SCAN,1.6396,-0.1723,0.303,-117.2,0.36,1.45,15.0,0.09,0.0618,-0.0071,0.343,,,0.157,,,,2.26,-2.4
41.676,ROTATION_SCAN,1.6423,-0.172,0.299,-116.49,0.52,1.24,15.0,0.0873,0.0669,-0.0035,0.334,,,0.157,,,,2.26,-2.4
41.73,ROTATION_SCAN,1.6463,-0.1711,0.304,-115.81,0.73,0.94,15.0,0.0855,0.0711,-0.0089,0.334,,,0.169,,,,2.26,-2.4
41.808,ROTATION_SCAN,1.6503,-0.1696,0.302,-115.06,0.8,0.7,15.0,0.0817,0.075,0.0053,0.327,,,0.169,,,,2.26,-2.4
41.837,ROTATION_SCAN,1.6543,-0.1695,0.301,-114.42,0.96,0.52,15.0,0.0767,0.074,-0.0018,0.327,,1.424,0.172,,,,2.26,-2.4
41.915,ROTATION_SCAN,1.6578,-0.1685,0.304,-113.67,1.11,0.49,15.0,0.0696,0.0751,0.0006,0.321,,1.424,0.172,,,,2.26,-2.4
41.928,ROTATION_SCAN,1.661,-0.168,0.305,-112.9,1.26,0.41,15.0,0.0612,0.0747,0.0041,0.321,,1.359,0.183,,,,2.26,-2.4
41.979,ROTATION_SCAN,1.6636,-0.1659,0.304,-112.11,1.12,0.27,15.0,0.0522,0.0767,0.0037,0.317,,1.359,0.183,,,,2.26,-2.4
42.064,ROTATION_SCAN,1.6671,-0.1648,0.302,-111.29,1.07,0.35,15.0,0.0473,0.0762,0.0009,0.317,,,0.194,,,,2.26,-2.4
42.092,ROTATION_SCAN,1.6711,-0.1634,0.302,-110.5,1.02,0.37,15.0,0.0444,0.0765,-0.0045,0.319,,,0.194,,,,2.26,-2.4
42.155,ROTATION_SCAN,1.6728,-0.1626,0.305,-109.68,1.1,0.41,15.0,0.036,0.0761,-0.0047,0.319,,,0.207,,,,2.26,-2.4
42.179,ROTATION_SCAN,1.6758,-0.1604,0.303,-108.84,1.07,0.48,15.0,0.0317,0.0787,-0.0014,0.318,,,0.207,,,,2.26,-2.4
42.257,ROTATION_SCAN,1.6773,-0.1564,0.3,-108.05,0.95,0.5,15.0,0.0249,0.0852,-0.0067,0.318,,0.851,0.223,,,,2.26,-2.4
42.336,ROTATION_SCAN,1.6756,-0.1567,0.303,-107.29,0.82,0.48,15.0,0.0131,0.0796,-0.009,0.319,,0.851,0.223,,,,2.26,-2.4
42.357,ROTATION_SCAN,1.674,-0.1605,0.304,-106.48,0.8,0.49,15.0,0.0016,0.0696,0.0041,0.319,,0.804,0.235,,,,2.26,-2.4
42.426,ROTATION_SCAN,1.6742,-0.1592,0.305,-105.6,0.8,0.62,15.0,-0.0024,0.07,0.0041,0.322,,0.804,0.235,,,,2.26,-2.4
42.496,ROTATION_SCAN,1.6685,-0.1576,0.307,-104.76,0.76,0.64,15.0,-0.0203,0.072,0.0049,0.322,,0.776,0.257,,,,2.26,-2.4
42.528,ROTATION_SCAN,1.6634,-0.1669,0.305,-103.99,0.51,0.61,15.0,-0.0341,0.0502,0.0077,0.316,,0.776,0.257,,,,2.26,-2.4
42.562,ROTATION_SCAN,1.6635,-0.1694,0.305,-103.19,0.4,0.87,15.0,-0.0322,0.046,-0.0004,0.316,,0.751,0.279,,,,2.26,-2.4
42.611,ROTATION_SCAN,1.6609,-0.1723,0.303,-102.37,0.28,1.22,15.0,-0.0354,0.0436,0.0006,0.316,,0.751,0.279,,,,2.26,-2.4
42.635,ROTATION_SCAN,1.6607,-0.1738,0.306,-101.51,0.08,1.46,15.0,-0.0312,0.0465,-0.0039,0.316,,0.739,0.299,,,,2.26,-2.4
42.693,ROTATION_SCAN,1.6612,-0.1759,0.304,-100.66,-0.06,1.5,15.0,-0.0242,0.0488,0.0047,0.323,,0.739,0.299,,,,2.26,-2.4
42.736,ROTATION_SCAN,1.6591,-0.1755,0.303,-99.81,-0.2,1.47,15.0,-0.0231,0.0559,-0.0058,0.323,,0.722,0.326,,,,2.26,-2.4
42.805,ROTATION_SCAN,1.6598,-0.1768,0.304,-98.89,-0.25,1.45,15.0,-0.0151,0.0581,-0.0049,0.341,,0.722,0.326,,,,2.26,-2.4
42.832,ROTATION_SCAN,1.6604,-0.1746,0.303,-97.99,-0.3,1.39,15.0,-0.0083,0.0678,-0.0042,0.341,,0.712,0.357,,,,2.26,-2.4
42.9,ROTATION_SCAN,1.6625,-0.1721,0.304,-97.13,-0.3,1.32,15.0,0.0012,0.0761,-0.0056,0.361,,0.712,0.357,,,,2.26,-2.4
42.943,ROTATION_SCAN,1.6642,-0.1714,0.303,-96.24,-0.26,1.22,15.0,0.0083,0.0794,-0.0001,0.361,,0.699,0.395,,,,2.26,-2.4
43.006,ROTATION_SCAN,1.671,-0.1695,0.306,-95.34,-0.23,1.06,15.0,0.0252,0.0835,-0.0022,,0.927,0.699,0.395,,,,2.26,-2.4
43.064,ROTATION_SCAN,1.6757,-0.1707,0.302,-94.43,-0.03,0.82,15.0,0.0348,0.0787,0.0047,,0.927,0.691,0.461,,,,2.26,-2.4
43.124,ROTATION_SCAN,1.6779,-0.1693,0.306,-93.55,0.18,0.6,15.0,0.0358,0.0785,-0.0087,,0.912,0.691,0.461,,,,2.26,-2.4
43.168,ROTATION_SCAN,1.683,-0.1706,0.305,-92.74,0.32,0.47,15.0,0.0412,0.071,0.0047,,0.912,0.682,0.529,,,,2.26,-2.4
43.181,ROTATION_SCAN,1.6857,-0.1725,0.304,-91.99,0.52,0.46,15.0,0.0393,0.0623,-0.0017,,0.922,0.682,0.529,,,,2.26,-2.4
43.237,ROTATION_SCAN,1.6893,-0.1727,0.307,-91.27,0.8,0.54,15.0,0.038,0.0589,-0.0072,,0.922,0.678,0.582,,,,2.26,-2.4
43.306,ROTATION_SCAN,1.6929,-0.175,0.303,-90.52,1.01,0.75,15.0,0.0345,0.0521,0.005,3.284,0.917,0.678,0.582,,,,2.26,-2.4
43.327,ROTATION_SCAN,1.6956,-0.1763,0.304,-89.85,1.21,0.82,15.0,0.0281,0.0492,-0.009,3.284,0.917,0.67,0.613,,,,2.26,-2.4
43.39,ROTATION_SCAN,1.6981,-0.176,0.305,-89.23,1.29,1.01,15.0,0.0205,0.0516,-0.0065,3.288,0.935,0.67,0.613,,,,2.26,-2.4
43.431,ROTATION_SCAN,1.6998,-0.1779,0.301,-88.59,1.25,1.0,15.0,0.0118,0.0495,-0.0062,3.288,0.935,0.665,0.627,,,,2.26,-2.4
43.533,ROTATION_SCAN,1.7021,-0.1798,0.303,-87.92,1.28,1.12,15.0,0.0052,0.0478,-0.0161,,0.959,0.665,0.627,,,,2.26,-2.4
43.667,ROTATION_SCAN,1.7022,-0.1786,0.3,-87.18,1.27,1.24,-0.0,-0.0059,0.0544,-0.0037,,0.959,0.656,0.64,,,,2.5,-0.54
43.724,NAV_WAYPOINT,1.701,-0.1768,0.301,-86.45,1.15,1.11,-0.0,-0.0185,0.0615,-0.012,3.244,0.996,0.656,0.64,,1.8,-0.18,2.5,-0.54
43.741,NAV_WAYPOINT,1.6982,-0.175,0.3,-85.76,0.87,0.6,-0.0,-0.0318,0.0653,-0.0054,3.244,0.996,0.652,0.644,,1.8,-0.18,2.5,-0.54
43.777,NAV_WAYPOINT,1.6966,-0.1731,0.301,-85.2,0.56,0.2,-0.0,-0.0377,0.0653,-0.0063,3.222,,0.652,0.644,,1.8,-0.18,2.5,-0.54
43.822,NAV_WAYPOINT,1.6938,-0.1731,0.301,-84.72,0.31,-0.14,-0.0,-0.0437,0.0587,-0.0024,3.222,,0.651,0.645,,1.8,-0.18,2.5,-0.54
43.848,NAV_WAYPOINT,1.6865,-0.1714,0.302,-84.33,0.16,-0.35,-0.0,-0.0572,0.0538,-0.0002,3.104,,0.651,0.645,,1.8,-0.18,2.5,-0.54
43.914,NAV_WAYPOINT,1.6846,-0.171,0.303,-84.08,-0.36,-0.55,-0.0,-0.0547,0.0455,-0.0009,3.104,,0.654,0.642,,1.8,-0.18,2.5,-0.54
43.93,NAV_WAYPOINT,1.6835,-0.1738,0.303,-83.88,-2.65,-0.82,-0.0,-0.0402,0.0301,0.0026,3.078,,0.654,0.642,,1.8,-0.18,2.5,-0.54
43.985,NAV_WAYPOINT,1.6847,-0.1761,0.301,-83.76,-4.05,-0.87,-0.0,-0.0064,0.0178,-0.001,3.078,,0.651,0.645,,1.8,-0.18,2.5,-0.54
44.006,NAV_WAYPOINT,1.687,-0.1801,0.302,-83.63,-4.81,-0.83,-0.0,0.0353,0.0037,-0.0076,,,0.651,0.645,,1.8,-0.18,2.5,-0.54
44.024,NAV_WAYPOINT,1.692,-0.1835,0.3,-83.55,-5.1,-0.6,-0.0,0.0835,-0.0065,-0.0017,,,0.646,0.652,,1.8,-0.18,2.5,-0.54
44.096,NAV_WAYPOINT,1.7006,-0.1869,0.302,-83.51,-4.98,-0.55,-0.0,0.1346,-0.0146,-0.0104,,1.055,0.646,0.652,,1.8,-0.18,2.5,-0.54
44.146,NAV_WAYPOINT,1.7109,-0.1917,0.303,-83.43,-4.45,-0.28,-0.0,0.1813,-0.0247,-0.0042,,1.055,0.633,0.67,,1.8,-0.18,2.5,-0.54
44.228,NAV_WAYPOINT,1.7241,-0.1941,0.299,-83.38,-3.76,0.14,-0.0,0.2238,-0.0253,-0.003,,,0.633,0.67,,1.8,-0.18,2.5,-0.54
44.263,NAV_WAYPOINT,1.7385,-0.1957,0.3,-83.45,-3.07,0.5,-0.0,0.2584,-0.0204,-0.014,,,0.615,0.689,,1.8,-0.18,2.5,-0.54
44.375,NAV_WAYPOINT,1.7565,-0.1996,0.3,-83.51,-2.34,0.74,-0.0,0.2918,-0.0222,-0.0043,,,0.615,0.689,,1.8,-0.18,2.5,-0.54
44.413,NAV_WAYPOINT,1.772,-0.2011,0.297,-83.62,-1.52,1.06,-0.0,0.3094,-0.0151,-0.0059,,,0.59,0.717,,1.8,-0.18,2.5,-0.54
44.444,NAV_WAYPOINT,1.789,-0.203,0.298,-83.75,-0.48,1.39,-0.0,0.3214,-0.0089,-0.0135,,,0.59,0.717,,1.8,-0.18,2.5,-0.54
44.473,NAV_WAYPOINT,1.805,-0.2034,0.294,-83.94,0.54,1.79,-0.0,0.32,0.0035,-0.0093,,,0.559,0.75,,1.8,-0.18,2.5,-0.54
44.569,NAV_WAYPOINT,1.8205,-0.2037,0.295,-84.18,1.77,2.19,-0.0,0.309,0.0168,-0.0177,,,0.559,0.75,,1.82,-0.26,2.5,-0.54
44.596,NAV_WAYPOINT,1.8352,-0.203,0.295,-84.48,2.74,2.37,-0.0,0.2873,0.0329,-0.0093,,,0.532,0.78,,1.82,-0.26,2.5,-0.54
44.638,NAV_WAYPOINT,1.8524,-0.2008,0.296,-84.74,3.4,2.28,-0.0,0.2679,0.0503,-0.0083,0.815,,0.532,0.78,,1.82,-0.26,2.5,-0.54
44.68,NAV_WAYPOINT,1.8637,-0.1985,0.293,-84.97,4.02,1.83,-0.0,0.2322,0.0648,-0.0018,0.815,,0.512,0.806,,1.82,-0.26,2.5,-0.54
44.699,NAV_WAYPOINT,1.8732,-0.1963,0.297,-85.12,4.54,1.03,-0.0,0.1915,0.0716,-0.0061,0.8,,0.512,0.806,,1.82,-0.26,2.5,-0.54
44.727,NAV_WAYPOINT,1.8811,-0.1938,0.297,-85.19,4.75,-0.33,-0.0,0.1491,0.071,0.0049,0.8,,0.489,0.832,,1.82,-0.26,2.5,-0.54
44.832,NAV_WAYPOINT,1.8867,-0.1905,0.299,-85.28,4.66,-1.72,-0.0,0.1076,0.0597,0.0045,0.789,1.114,0.489,0.832,,1.82,-0.26,2.5,-0.54
44.88,NAV_WAYPOINT,1.8919,-0.1881,0.299,-85.35,5.08,-2.68,-0.0,0.0701,0.0382,0.0059,0.789,1.114,0.477,0.842,,1.82,-0.26,2.5,-0.54
44.885,NAV_WAYPOINT,1.8949,-0.1892,0.297,-85.43,5.25,-3.19,-0.0,0.0302,0.0059,0.0042,0.79,1.109,0.477,0.842,,1.82,-0.26,2.5,-0.54
44.957,NAV_WAYPOINT,1.8959,-0.1884,0.298,-85.4,5.45,-3.48,-0.0,-0.0118,-0.0233,-0.0028,0.79,1.109,0.473,0.849,,1.82,-0.26,2.5,-0.54
45.058,NAV_WAYPOINT,1.8955,-0.1928,0.299,-85.45,5.22,-3.53,-0.0,-0.0519,-0.0611,-0.001,0.779,1.111,0.473,0.849,,1.82,-0.26,2.5,-0.54
45.095,NAV_WAYPOINT,1.8932,-0.1996,0.299,-85.52,4.74,-3.33,-0.0,-0.0889,-0.0982,0.0006,0.779,1.111,0.471,0.85,,1.82,-0.26,2.5,-0.54
45.136,NAV_WAYPOINT,1.8888,-0.2091,0.297,-85.63,4.19,-2.88,-0.0,-0.122,-0.1335,-0.0034,0.775,1.126,0.471,0.85,,1.82,-0.26,2.5,-0.54
45.148,NAV_WAYPOINT,1.883,-0.2209,0.292,-85.76,3.65,-2.29,-0.0,-0.1515,-0.1652,-0.0063,0.775,1.126,0.481,0.843,,1.82,-0.26,2.5,-0.54
45.174,NAV_WAYPOINT,1.878,-0.2318,0.295,-85.9,3.14,-1.68,-0.0,-0.1712,-0.1865,-0.0147,0.767,1.148,0.481,0.843,,1.82,-0.26,2.5,-0.54
45.229,NAV_WAYPOINT,1.8709,-0.2453,0.293,-86.09,2.56,-1.04,-0.0,-0.1898,-0.2054,-0.0082,0.767,1.148,0.497,0.835,,1.82,-0.26,2.5,-0.54
45.314,NAV_WAYPOINT,1.8631,-0.2561,0.296,-86.24,1.92,-0.07,-0.0,-0.2035,-0.2117,-0.0139,0.772,1.169,0.497,0.835,,1.82,-0.26,2.5,-0.54
45.345,NAV_WAYPOINT,1.856,-0.2691,0.292,-86.44,1.29,0.82,-0.0,-0.2086,-0.2124,-0.0054,0.772,1.169,0.505,0.819,,1.82,-0.26,2.5,-0.54
45.415,NAV_WAYPOINT,1.8482,-0.2843,0.293,-86.66,0.53,2.0,-0.0,-0.2098,-0.2085,-0.0095,,1.208,0.505,0.819,,1.82,-0.26,2.5,-0.54
45.437,NAV_WAYPOINT,1.841,-0.2962,0.293,-86.84,0.07,2.89,-0.0,-0.2051,-0.1907,-0.0023,,1.208,0.514,0.802,,1.82,-0.26,2.5,-0.54
45.485,NAV_WAYPOINT,1.836,-0.3051,0.298,-86.92,-0.31,3.36,-0.0,-0.1915,-0.1629,-0.0006,,1.232,0.514,0.802,,1.82,-0.26,2.5,-0.54
45.555,NAV_WAYPOINT,1.8304,-0.3117,0.299,-86.92,-0.65,3.87,-0.0,-0.1794,-0.131,0.0073,,1.232,0.522,0.787,,1.82,-0.26,2.5,-0.54
45.573,NAV_WAYPOINT,1.8247,-0.3175,0.297,-86.88,-1.03,4.36,-0.0,-0.1656,-0.097,0.0082,,1.241,0.522,0.787,,1.82,-0.26,2.5,-0.54
45.646,NAV_WAYPOINT,1.8205,-0.322,0.299,-86.81,-1.53,4.75,-0.0,-0.1472,-0.0605,0.0026,,1.241,0.532,0.775,,1.82,-0.26,2.5,-0.54
45.704,NAV_WAYPOINT,1.8167,-0.3232,0.299,-86.66,-1.81,4.85,-0.0,-0.127,-0.0183,0.0101,,1.244,0.532,0.775,,1.82,-0.26,2.5,-0.54
45.765,NAV_WAYPOINT,1.813,-0.3226,0.298,-86.55,-1.96,4.51,-0.0,-0.1077,0.0223,0.0087,,1.244,0.535,0.773,,1.82,-0.26,2.5,-0.54
45.8,NAV_WAYPOINT,1.8115,-0.3189,0.299,-86.33,-2.11,4.31,-0.0,-0.0838,0.0631,0.0086,,,0.535,0.773,,1.82,-0.26,2.5,-0.54
45.831,NAV_WAYPOINT,1.8108,-0.3141,0.299,-86.08,-2.06,3.88,-0.0,-0.0604,0.0985,0.0109,,,0.54,0.767,,1.82,-0.26,2.5,-0.54
45.88,NAV_WAYPOINT,1.8115,-0.3071,0.295,-85.84,-1.85,3.33,-0.0,-0.0373,0.1301,0.0062,,,0.54,0.767,,1.82,-0.26,2.5,-0.54
45.922,NAV_WAYPOINT,1.8142,-0.2981,0.297,-85.64,-1.55,2.74,-0.0,-0.0141,0.1584,0.0008,,,0.543,0.771,,1.82,-0.26,2.5,-0.54
46.037,NAV_WAYPOINT,1.8165,-0.288,0.298,-85.41,-1.21,1.99,-0.0,0.0032,0.1827,0.0067,,,0.543,0.771,,1.82,-0.26,2.5,-0.54
46.097,NAV_WAYPOINT,1.8191,-0.2788,0.298,-85.13,-0.76,1.14,-0.0,0.016,0.1933,0.008,,,0.54,0.777,,1.84,-0.32,2.5,-0.54
46.116,NAV_WAYPOINT,1.8234,-0.2683,0.298,-84.86,-0.25,0.43,-0.0,0.0287,0.1991,0.009,,,0.54,0.777,,1.84,-0.32,2.5,-0.54
46.179,NAV_WAYPOINT,1.8274,-0.2596,0.298,-84.71,0.13,-0.38,-0.0,0.0355,0.1926,0.0082,,,0.537,0.786,,1.84,-0.32,2.5,-0.54
46.229,NAV_WAYPOINT,1.8315,-0.2498,0.304,-84.66,0.7,-1.03,-0.0,0.0387,0.1867,0.0055,0.8,,0.537,0.786,,1.84,-0.32,2.5,-0.54
46.325,NAV_WAYPOINT,1.835,-0.2419,0.303,-84.68,1.0,-2.23,-0.0,0.0363,0.1689,0.0151,0.8,,0.528,0.793,,1.84,-0.32,2.5,-0.54
46.366,NAV_WAYPOINT,1.8375,-0.2365,0.306,-84.77,0.9,-3.65,-0.0,0.0321,0.1361,0.0084,0.791,,0.528,0.793,,1.84,-0.32,2.5,-0.54
46.388,NAV_WAYPOINT,1.8404,-0.2319,0.305,-84.96,0.92,-4.6,-0.0,0.0312,0.0968,0.0123,0.791,,0.524,0.796,,1.84,-0.32,2.5,-0.54
46.432,NAV_WAYPOINT,1.8421,-0.2293,0.306,-85.15,0.93,-5.05,-0.0,0.0276,0.0525,0.0033,,1.135,0.524,0.796,,1.84,-0.32,2.5,-0.54
46.459,NAV_WAYPOINT,1.8445,-0.2296,0.309,-85.41,1.05,-5.02,-0.0,0.0257,0.004,0.0022,,1.135,0.519,0.806,,1.84,-0.32,2.5,-0.54
46.488,NAV_WAYPOINT,1.8475,-0.2346,0.305,-85.67,1.22,-4.93,-0.0,0.0241,-0.0494,0.0058,,,0.519,0.806,,1.84,-0.32,2.5,-0.54
46.549,NAV_WAYPOINT,1.8496,-0.2403,0.309,-85.94,1.45,-4.63,-0.0,0.0186,-0.0966,-0.0071,,,0.51,0.809,,1.84,-0.32,2.5,-0.54
46.587,NAV_WAYPOINT,1.8508,-0.2483,0.309,-86.11,1.51,-4.19,-0.0,0.0101,-0.1411,0.0038,,1.15,0.51,0.809,,1.84,-0.32,2.5,-0.54
46.645,NAV_WAYPOINT,1.8512,-0.2583,0.305,-86.17,1.56,-3.56,-0.0,-0.0003,-0.1804,-0.0044,,1.15,0.509,0.812,,1.84,-0.32,2.5,-0.54
46.676,NAV_WAYPOINT,1.851,-0.2699,0.3,-86.21,1.53,-2.78,-0.0,-0.0114,-0.2134,-0.0175,,1.186,0.509,0.812,,1.84,-0.32,2.5,-0.54
46.755,NAV_WAYPOINT,1.8516,-0.2856,0.299,-86.23,1.35,-2.05,-0.0,-0.0191,-0.2456,-0.024,,1.186,0.501,0.812,,1.84,-0.32,2.5,-0.54
46.82,NAV_WAYPOINT,1.8503,-0.2966,0.3,-86.16,1.17,-1.06,-0.0,-0.0298,-0.2571,-0.0197,,1.216,0.501,0.812,,1.84,-0.32,2.5,-0.54
46.869,NAV_WAYPOINT,1.851,-0.3123,0.298,-86.04,0.96,0.13,-0.0,-0.0328,-0.2673,-0.0132,,1.216,0.501,0.809,,1.86,-0.38,2.5,-0.54
46.918,NAV_WAYPOINT,1.8494,-0.3261,0.301,-85.85,0.72,1.7,-0.0,-0.0401,-0.2622,-0.0149,,,0.501,0.809,,1.86,-0.38,2.5,-0.54
46.964,NAV_WAYPOINT,1.8486,-0.3385,0.304,-85.63,0.42,2.67,-0.0,-0.0434,-0.2423,-0.0054,,,0.5,0.802,,1.86,-0.38,2.5,-0.54
46.982,NAV_WAYPOINT,1.8472,-0.3491,0.3,-85.36,-0.05,3.79,-0.0,-0.0453,-0.2128,0.0054,,,0.5,0.802,,1.86,-0.38,2.5,-0.54
47.058,NAV_WAYPOINT,1.8432,-0.3597,0.3,-84.97,-0.33,3.67,-0.0,-0.0509,-0.1815,-0.002,,,0.516,0.796,,1.88,-0.38,2.5,-0.54
47.096,NAV_WAYPOINT,1.842,-0.3667,0.301,-84.75,-0.94,2.51,-0.0,-0.0455,-0.1506,0.0014,,1.301,0.516,0.796,,1.88,-0.38,2.5,-0.54
47.167,NAV_WAYPOINT,1.8409,-0.3723,0.299,-84.56,-1.27,2.14,-0.0,-0.0354,-0.1263,0.0028,,1.301,0.53,0.784,,1.88,-0.38,2.5,-0.54
47.206,NAV_WAYPOINT,1.8401,-0.3773,0.3,-84.47,-1.41,2.05,-0.0,-0.0239,-0.1061,-0.0028,,1.308,0.53,0.784,,1.88,-0.38,2.5,-0.54
47.227,NAV_WAYPOINT,1.8393,-0.3833,0.299,-84.42,-1.86,2.05,-0.0,-0.0119,-0.0896,0.0014,,1.308,0.529,0.773,,1.88,-0.38,2.5,-0.54
47.291,NAV_WAYPOINT,1.8404,-0.3877,0.3,-84.42,-2.2,1.67,-0.0,0.0067,-0.0733,-0.0024,,,0.529,0.773,,1.88,-0.38,2.5,-0.54
47.363,NAV_WAYPOINT,1.8431,-0.39,0.302,-84.45,-2.27,1.52,-0.0,0.0293,-0.0559,0.0021,,,0.535,0.769,,1.88,-0.38,2.5,-0.54
47.393,NAV_WAYPOINT,1.8471,-0.3929,0.302,-84.56,-2.19,1.27,-0.0,0.0518,-0.0441,0.0025,,,0.535,0.769,,1.88,-0.38,2.5,-0.54
47.453,NAV_WAYPOINT,1.8524,-0.3944,0.301,-84.69,-2.06,1.3,-0.0,0.0741,-0.0315,-0.0024,,,0.537,0.773,,1.88,-0.38,2.5,-0.54
47.524,NAV_WAYPOINT,1.8588,-0.395,0.299,-84.86,-1.82,1.34,-0.0,0.0952,-0.018,-0.0007,0.633,1.329,0.537,0.773,,1.88,-0.38,2.5,-0.54
47.62,NAV_WAYPOINT,1.8675,-0.3952,0.302,-85.02,-1.41,1.4,-0.0,0.1153,-0.0056,-0.0062,0.633,1.329,0.533,0.78,,1.88,-0.54,2.5,-0.54
47.646,NAV_WAYPOINT,1.8764,-0.3953,0.302,-85.2,-0.87,1.45,-0.0,0.1322,0.005,0.0012,0.612,,0.533,0.78,,1.88,-0.54,2.5,-0.54
47.66,NAV_WAYPOINT,1.8845,-0.3951,0.302,-85.35,-0.14,1.51,-0.0,0.1395,0.0161,0.0007,0.612,,0.528,0.791,,1.88,-0.54,2.5,-0.54
47.699,NAV_WAYPOINT,1.8917,-0.3949,0.3,-85.51,0.47,1.54,-0.0,0.1377,0.0263,-0.0019,0.592,1.326,0.528,0.791,,1.88,-0.54,2.5,-0.54
47.755,NAV_WAYPOINT,1.9007,-0.395,0.299,-85.61,1.42,0.71,-0.0,0.1352,0.0318,-0.0024,0.592,1.326,0.516,0.805,,1.88,-0.54,2.5,-0.54
47.802,NAV_WAYPOINT,1.9083,-0.3926,0.301,-85.72,2.13,-1.75,-0.0,0.1232,0.0295,-0.007,0.573,1.312,0.516,0.805,,1.88,-0.54,2.5,-0.54
47.854,NAV_WAYPOINT,1.9159,-0.3909,0.301,-85.87,2.64,-3.27,-0.0,0.1092,0.0084,-0.0007,0.573,1.312,0.514,0.834,,1.88,-0.54,2.5,-0.54
47.899,NAV_WAYPOINT,1.9206,-0.3923,0.303,-86.05,3.06,-4.28,-0.0,0.0867,-0.0274,-0.0033,0.565,1.307,0.514,0.834,,1.88,-0.54,2.5,-0.54
47.98,NAV_WAYPOINT,1.9254,-0.3969,0.3,-86.26,3.37,-4.74,-0.0,0.0645,-0.0729,0.0014,0.565,1.307,0.524,0.849,,1.88,-0.54,2.5,-0.54
48.008,NAV_WAYPOINT,1.928,-0.4039,0.3,-86.47,3.37,-4.83,-0.0,0.0385,-0.1204,-0.0074,0.549,1.316,0.524,0.849,,1.88,-0.54,2.5,-0.54
48.023,NAV_WAYPOINT,1.9294,-0.4143,0.301,-86.67,3.26,-4.42,-0.0,0.0127,-0.1692,-0.0059,0.549,1.316,0.585,0.816,,1.88,-0.54,2.5,-0.54
48.106,NAV_WAYPOINT,1.9305,-0.4294,0.301,-86.8,3.03,-3.88,-0.0,-0.0094,-0.218,-0.0043,0.532,1.34,0.585,0.816,,1.88,-0.54,2.5,-0.54
48.157,NAV_WAYPOINT,1.9314,-0.4457,0.299,-86.95,2.72,-3.13,-0.0,-0.0273,-0.2578,-0.0075,0.532,1.34,,,,1.88,-0.54,2.5,-0.54
48.225,NAV_WAYPOINT,1.9297,-0.4615,0.299,-87.03,2.46,-2.28,-0.0,-0.0474,-0.287,-0.0113,0.501,1.366,,,,1.88,-0.54,2.5,-0.54
48.256,NAV_WAYPOINT,1.9284,-0.4797,0.299,-87.1,2.24,-1.29,-0.0,-0.0627,-0.3094,-0.0115,0.501,1.366,1.023,0.358,,1.88,-0.54,2.5,-0.54
48.325,NAV_WAYPOINT,1.9263,-0.4984,0.299,-87.14,2.07,-0.41,-0.0,-0.077,-0.3231,-0.0139,0.479,1.415,1.023,0.358,,1.88,-0.54,2.5,-0.54
48.373,NAV_WAYPOINT,1.9244,-0.5173,0.295,-87.17,1.8,0.35,-0.0,-0.0874,-0.3283,-0.0109,0.479,1.415,1.038,0.323,,1.88,-0.54,2.5,-0.54
48.406,NAV_WAYPOINT,1.9211,-0.5377,0.297,-87.16,1.62,1.08,-0.0,-0.0984,-0.331,-0.015,0.454,1.452,1.038,0.323,,1.88,-0.54,2.5,-0.54
48.441,NAV_WAYPOINT,1.9188,-0.5553,0.297,-87.18,1.36,1.8,-0.0,-0.1048,-0.3213,-0.0013,0.454,1.452,1.049,0.32,,1.88,-0.54,2.5,-0.54
48.495,NAV_WAYPOINT,1.9151,-0.5707,0.301,-87.14,1.0,2.83,-0.0,-0.1116,-0.3018,0.0033,0.427,,1.049,0.32,,1.88,-0.54,2.5,-0.54
48.527,NAV_WAYPOINT,1.9136,-0.5845,0.305,-87.12,0.64,3.73,-0.0,-0.1097,-0.2732,0.0148,0.427,,1.054,0.305,,1.88,-0.54,2.5,-0.54
48.606,NAV_WAYPOINT,1.9104,-0.5967,0.301,-87.05,0.31,4.87,-0.0,-0.1096,-0.2364,0.023,0.419,,1.054,0.305,,1.88,-0.54,2.5,-0.54
48.654,NAV_WAYPOINT,1.9084,-0.6117,0.3,-87.0,0.02,5.96,-0.0,-0.1043,-0.2019,0.0086,0.419,,1.066,0.306,,1.88,-0.54,2.5,-0.54
48.721,NAV_WAYPOINT,1.9074,-0.6179,0.301,-86.91,-0.09,6.62,-0.0,-0.0973,-0.1446,0.0057,0.415,,1.066,0.306,,1.88,-0.54,2.5,-0.54
48.751,NAV_WAYPOINT,1.907,-0.6217,0.305,-86.89,-0.2,7.08,-0.0,-0.0891,-0.084,0.0065,0.415,,1.063,0.31,,1.88,-0.54,2.5,-0.54
48.788,NAV_WAYPOINT,1.9044,-0.6245,0.303,-87.05,-0.12,7.11,-0.0,-0.0865,-0.0245,0.015,0.422,1.551,1.063,0.31,,1.88,-0.54,2.5,-0.54
48.836,NAV_WAYPOINT,1.9049,-0.6224,0.305,-87.31,0.15,6.93,-0.0,-0.0785,0.0342,-0.0006,0.422,1.551,1.065,0.307,,1.88,-0.54,2.5,-0.54
48.892,NAV_WAYPOINT,1.9076,-0.6143,0.305,-87.65,0.21,6.38,-0.0,-0.0685,0.0963,0.0034,0.443,,1.065,0.307,,1.88,-0.54,2.5,-0.54
48.925,NAV_WAYPOINT,1.9081,-0.6044,0.302,-88.06,0.3,5.52,-0.0,-0.0643,0.1518,-0.0036,0.443,,1.068,0.299,,1.88,-0.54,2.5,-0.54
49.016,NAV_WAYPOINT,1.9091,-0.5944,0.301,-88.4,0.31,4.72,-0.0,-0.0592,0.1941,-0.0134,,1.526,1.068,0.299,,1.88,-0.54,2.5,-0.54
49.036,NAV_WAYPOINT,1.9102,-0.5828,0.301,-88.73,0.47,3.43,-0.0,-0.0548,0.2279,-0.0132,,1.526,1.063,0.299,,1.88,-0.54,2.5,-0.54
49.115,NAV_WAYPOINT,1.9114,-0.5687,0.3,-88.93,0.53,2.31,-0.0,-0.0514,0.2537,-0.0101,,,1.063,0.299,,1.88,-0.54,2.5,-0.54
49.156,NAV_WAYPOINT,1.9137,-0.5544,0.299,-89.04,0.51,1.23,-0.0,-0.0456,0.2671,-0.0067,,,1.062,0.309,,1.88,-0.54,2.5,-0.54
49.211,NAV_WAYPOINT,1.9163,-0.5379,0.297,-89.07,0.65,0.13,-0.0,-0.0403,0.2764,-0.006,,,1.062,0.309,,1.88,-0.54,2.5,-0.54
49.227,NAV_WAYPOINT,1.9186,-0.5245,0.299,-89.1,0.92,-0.85,-0.0,-0.0372,0.2692,-0.0074,,,1.059,0.311,,1.88,-0.54,2.5,-0.54
49.306,NAV_WAYPOINT,1.9198,-0.5121,0.301,-89.09,1.18,-1.85,-0.0,-0.0387,0.2545,-0.001,0.514,1.443,1.059,0.311,,1.88,-0.54,2.5,-0.54
49.353,NAV_WAYPOINT,1.9202,-0.5013,0.298,-89.01,1.55,-2.85,-0.0,-0.0438,0.231,0.0011,0.514,1.443,1.056,0.32,,1.88,-0.54,2.5,-0.54
49.38,NAV_WAYPOINT,1.9207,-0.4928,0.299,-88.94,1.93,-3.73,-0.0,-0.0506,0.1966,-0.0082,0.526,,1.056,0.32,,1.88,-0.54,2.5,-0.54
49.44,NAV_WAYPOINT,1.9208,-0.485,0.299,-88.9,1.99,-4.57,-0.0,-0.0597,0.1582,-0.0047,0.526,,1.057,0.337,,1.88,-0.54,2.5,-0.54
49.53,NAV_WAYPOINT,1.9201,-0.4816,0.299,-88.89,1.98,-5.01,-0.0,-0.0691,0.11,-0.0069,,1.392,1.057,0.337,,1.88,-0.54,2.5,-0.54
49.638,NAV_WAYPOINT,1.9175,-0.48,0.297,-88.86,1.79,-5.11,-0.0,-0.081,0.0606,-0.0079,,1.392,1.053,0.334,,1.88,-0.54,2.5,-0.54
49.713,NAV_WAYPOINT,1.9138,-0.4807,0.299,-88.84,1.72,-5.09,-0.0,-0.0934,0.0111,-0.0127,0.55,1.396,1.053,0.334,,1.88,-0.54,2.5,-0.54
49.753,NAV_WAYPOINT,1.9106,-0.4856,0.299,-88.88,1.6,-4.74,-0.0,-0.1022,-0.0406,-0.0041,0.55,1.396,1.06,0.326,,1.88,-0.54,2.5,-0.54
49.77,NAV_WAYPOINT,1.9072,-0.4929,0.298,-88.94,1.48,-4.15,-0.0,-0.1088,-0.0861,-0.0059,,1.408,1.06,0.326,,1.88,-0.54,2.5,-0.54
49.836,NAV_WAYPOINT,1.9014,-0.5037,0.296,-88.94,1.3,-3.3,-0.0,-0.1203,-0.1323,-0.0063,,1.408,1.066,0.308,,1.88,-0.54,2.5,-0.54
49.863,NAV_WAYPOINT,1.8965,-0.5152,0.297,-88.99,1.07,-2.59,-0.0,-0.1266,-0.1668,-0.0047,,,1.066,0.308,,1.88,-0.54,2.5,-0.54
49.895,NAV_WAYPOINT,1.892,-0.527,0.297,-89.08,0.8,-1.77,-0.0,-0.1287,-0.1909,-0.0031,,,1.081,0.295,,1.88,-0.54,2.5,-0.54
49.96,NAV_WAYPOINT,1.8859,-0.5383,0.299,-89.22,0.54,-1.03,-0.0,-0.1331,-0.2061,-0.002,,1.453,1.081,0.295,,2.5,-0.54,2.5,-0.54
49.996,NAV_WAYPOINT,1.8818,-0.5507,0.296,-89.52,0.19,-0.34,-0.0,-0.1292,-0.2142,0.0058,,1.453,1.09,0.284,,2.5,-0.54,2.5,-0.54
50.02,NAV_WAYPOINT,1.8764,-0.5648,0.295,-89.78,-0.09,0.79,-0.0,-0.1268,-0.2207,-0.0025,,,1.09,0.284,,2.5,-0.54,2.5,-0.54
50.029,NAV_WAYPOINT,1.8715,-0.5756,0.297,-90.04,-0.36,1.65,-0.0,-0.121,-0.2095,0.0016,,,1.093,0.273,,2.5,-0.54,2.5,-0.54
50.078,NAV_WAYPOINT,1.8685,-0.5865,0.299,-90.3,-0.69,2.65,-0.0,-0.1097,-0.1927,0.0033,,,1.093,0.273,,2.5,-0.54,2.5,-0.54
50.129,NAV_WAYPOINT,1.8642,-0.5951,0.299,-90.56,-3.03,3.7,-0.0,-0.0937,-0.1645,0.0063,,,1.106,0.262,,2.5,-0.54,2.5,-0.54
50.215,NAV_WAYPOINT,1.8614,-0.6025,0.302,-90.77,-4.57,4.34,-0.0,-0.0583,-0.1307,0.0041,2.862,1.55,1.106,0.262,,2.5,-0.54,2.5,-0.54
50.253,NAV_WAYPOINT,1.8614,-0.6078,0.299,-91.01,-5.58,4.53,-0.0,-0.0097,-0.0928,0.0077,2.862,1.55,1.109,0.259,,2.5,-0.54,2.5,-0.54
50.304,NAV_WAYPOINT,1.8633,-0.6117,0.302,-91.16,-5.98,4.34,-0.0,0.0428,-0.0566,-0.0032,2.88,,1.109,0.259,,2.5,-0.54,2.5,-0.54
50.331,NAV_WAYPOINT,1.8695,-0.6123,0.299,-91.33,-5.93,3.84,-0.0,0.1028,-0.0176,0.0054,2.88,,1.111,0.268,,2.5,-0.54,2.5,-0.54
50.381,NAV_WAYPOINT,1.879,-0.6119,0.299,-91.39,-5.47,3.17,-0.0,0.1604,0.0119,-0.0054,2.851,1.546,1.111,0.268,,2.5,-0.54,2.5,-0.54
50.424,NAV_WAYPOINT,1.8898,-0.6099,0.302,-91.37,-4.8,2.4,-0.0,0.2104,0.0375,-0.0034,2.851,1.546,1.094,0.285,,2.5,-0.54,2.5,-0.54
50.472,NAV_WAYPOINT,1.9034,-0.6076,0.296,-91.2,-3.96,1.75,-0.0,0.2538,0.0533,0.005,2.772,,1.094,0.285,,2.5,-0.54,2.5,-0.54
50.576,NAV_WAYPOINT,1.9223,-0.6035,0.299,-90.95,-3.07,1.12,-0.0,0.2976,0.0661,-0.0112,2.772,,1.066,0.307,,2.5,-0.54,2.5,-0.54
50.602,NAV_WAYPOINT,1.9389,-0.5996,0.298,-90.69,-2.07,0.7,-0.0,0.3237,0.0748,0.0009,,,1.066,0.307,,2.5,-0.54,2.5,-0.54
50.68,NAV_WAYPOINT,1.956,-0.5966,0.296,-90.38,-1.18,0.3,-0.0,0.3392,0.0754,-0.0032,,,1.036,0.339,,2.5,-0.54,2.5,-0.54
50.71,NAV_WAYPOINT,1.9731,-0.5937,0.296,-90.07,-0.41,0.08,-0.0,0.3462,0.0736,-0.0071,0.359,,1.036,0.339,,2.5,-0.54,2.5,-0.54
50.762,NAV_WAYPOINT,1.9887,-0.5896,0.297,-89.8,0.22,-0.18,-0.0,0.3431,0.0759,0.0002,0.359,,1.007,0.369,,2.5,-0.54,2.5,-0.54
50.785,NAV_WAYPOINT,2.009,-0.5863,0.297,-89.52,0.61,-0.28,-0.0,0.3471,0.0712,0.0042,0.353,,1.007,0.369,,2.5,-0.54,2.5,-0.54
50.843,NAV_WAYPOINT,2.025,-0.5843,0.298,-89.29,0.88,-0.36,-0.0,0.3379,0.0638,0.0046,0.353,,0.978,0.4,,2.5,-0.54,2.5,-0.54
50.901,NAV_WAYPOINT,2.041,-0.5814,0.297,-89.1,1.01,-0.34,-0.0,0.3281,0.0599,0.0113,0.365,,0.978,0.4,,2.5,-0.54,2.5,-0.54
50.926,NAV_WAYPOINT,2.0546,-0.5801,0.299,-88.89,1.12,-0.26,-0.0,0.3126,0.0531,0.0095,0.365,,0.946,0.429,,2.5,-0.54,2.5,-0.54
50.989,NAV_WAYPOINT,2.0683,-0.5777,0.299,-88.64,1.24,-0.25,-0.0,0.298,0.05,0.0192,0.363,,0.946,0.429,,2.5,-0.54,2.5,-0.54
51.086,NAV_WAYPOINT,2.0817,-0.5757,0.303,-88.36,1.18,-0.19,-0.0,0.284,0.0467,0.0168,0.363,,0.916,0.46,,2.5,-0.54,2.5,-0.54
51.124,NAV_WAYPOINT,2.0964,-0.5748,0.302,-88.12,0.99,-0.23,-0.0,0.2767,0.0414,0.024,0.366,,0.916,0.46,,2.5,-0.54,2.5,-0.54
51.131,NAV_WAYPOINT,2.1071,-0.5738,0.301,-87.93,0.9,-0.07,-0.0,0.2612,0.0367,0.0146,0.366,,0.891,0.478,,2.5,-0.54,2.5,-0.54
51.207,NAV_WAYPOINT,2.1187,-0.5738,0.299,-87.8,0.61,-0.03,-0.0,0.2513,0.0315,0.0081,0.371,,0.891,0.478,,2.5,-0.54,2.5,-0.54
51.252,NAV_WAYPOINT,2.1286,-0.5736,0.303,-87.72,0.38,0.23,-0.0,0.2405,0.0282,0.0032,0.371,,0.87,0.499,,2.5,-0.54,2.5,-0.54
51.34,NAV_WAYPOINT,2.1395,-0.575,0.307,-87.68,0.1,0.23,-0.0,0.2358,0.0235,0.0087,0.395,,0.87,0.499,,2.5,-0.54,2.5,-0.54
51.4,NAV_WAYPOINT,2.1501,-0.5747,0.306,-87.68,-0.07,0.42,-0.0,0.2324,0.0241,0.0101,0.395,,0.849,0.522,,2.5,-0.54,2.5,-0.54
51.427,NAV_WAYPOINT,2.1602,-0.575,0.305,-87.68,-0.26,0.52,-0.0,0.2297,0.0243,0.0027,0.452,,0.849,0.522,,2.5,-0.54,2.5,-0.54
51.502,NAV_WAYPOINT,2.1709,-0.575,0.302,-87.72,-0.57,0.57,-0.0,0.2305,0.0259,-0.0004,0.452,,0.826,0.543,,2.5,-0.54,2.5,-0.54
51.53,NAV_WAYPOINT,2.1816,-0.575,0.301,-87.78,-0.68,0.6,-0.0,0.2332,0.0276,-0.0091,0.615,,0.826,0.543,,2.5,-0.54,2.5,-0.54
51.595,NAV_WAYPOINT,2.1922,-0.5756,0.304,-87.86,-0.81,0.67,-0.0,0.2367,0.0284,-0.0063,0.615,,0.809,0.562,,2.5,-0.54,2.5,-0.54
51.614,NAV_WAYPOINT,2.2046,-0.5759,0.302,-87.97,-0.91,0.63,-0.0,0.245,0.03,-0.0023,0.755,,0.809,0.562,,2.5,-0.54,2.5,-0.54
51.628,NAV_WAYPOINT,2.2166,-0.5759,0.306,-88.05,-0.8,0.63,-0.0,0.2512,0.0317,-0.0072,0.755,,0.784,0.588,,2.5,-0.54,2.5,-0.54
51.698,NAV_WAYPOINT,2.2286,-0.5755,0.306,-88.07,-0.78,0.63,-0.0,0.2559,0.0345,0.0038,0.961,,0.784,0.588,,2.5,-0.54,2.5,-0.54
51.727,NAV_WAYPOINT,2.2422,-0.5749,0.306,-88.09,-0.73,0.61,-0.0,0.2639,0.0367,-0.0009,0.961,,0.763,0.61,,2.5,-0.54,2.5,-0.54
51.793,NAV_WAYPOINT,2.2552,-0.5749,0.3,-88.11,-0.68,0.5,-0.0,0.2687,0.0374,-0.0037,1.407,,0.763,0.61,,2.5,-0.54,2.5,-0.54
51.848,NAV_WAYPOINT,2.2683,-0.5745,0.303,-88.15,-0.68,0.51,-0.0,0.2732,0.0381,-0.0151,1.407,,0.734,0.639,,2.5,-0.54,2.5,-0.54
51.894,NAV_WAYPOINT,2.2843,-0.5734,0.3,-88.2,-0.64,0.48,-0.0,0.2837,0.0404,-0.0063,1.776,,0.734,0.639,,2.5,-0.54,2.5,-0.54
51.956,NAV_WAYPOINT,2.2982,-0.574,0.304,-88.21,-0.46,0.39,-0.0,0.2879,0.038,-0.0142,1.776,,0.707,0.667,,2.5,-0.54,2.5,-0.54
52.014,NAV_WAYPOINT,2.3139,-0.5735,0.302,-88.23,-0.32,0.41,-0.0,0.2943,0.0381,-0.003,1.849,,0.707,0.667,,2.5,-0.54,2.5,-0.54
52.122,NAV_WAYPOINT,2.3283,-0.5732,0.3,-88.28,-0.18,0.47,-0.0,0.2954,0.0373,-0.0093,1.849,,0.677,0.697,,2.5,-0.54,2.5,-0.54
52.154,NAV_WAYPOINT,2.3444,-0.5733,0.302,-88.31,-0.13,0.51,-0.0,0.2998,0.0367,-0.0124,1.904,,0.677,0.697,,2.5,-0.54,2.5,-0.54
52.183,NAV_WAYPOINT,2.3623,-0.5728,0.302,-88.31,-0.14,0.49,-0.0,0.3081,0.0375,-0.0046,1.904,,0.651,0.73,,2.5,-0.54,2.5,-0.54
52.222,NAV_WAYPOINT,2.3783,-0.5716,0.302,-88.31,-0.08,0.51,-0.0,0.3102,0.04,-0.0063,1.878,,0.651,0.73,,2.5,-0.54,2.5,-0.54
52.239,NAV_WAYPOINT,2.3946,-0.5707,0.302,-88.31,0.01,0.54,-0.0,0.3125,0.0416,-0.0061,1.878,,0.623,0.762,,2.5,-0.54,2.5,-0.54
52.274,NAV_WAYPOINT,2.4116,-0.5699,0.304,-88.32,0.09,0.62,-0.0,0.3156,0.0434,-0.0057,1.885,0.176,0.623,0.762,,2.5,-0.54,2.5,-0.54
52.348,NAV_WAYPOINT,2.4275,-0.5689,0.301,-88.32,0.3,0.81,-0.0,0.3144,0.0463,-0.0035,1.885,0.176,0.59,0.792,,2.5,-0.54,2.5,-0.54
52.399,NAV_WAYPOINT,2.4422,-0.5682,0.299,-88.3,0.49,0.98,-0.0,0.3083,0.0496,-0.0117,1.857,0.18,0.59,0.792,,2.5,-0.54,2.5,-0.54
52.458,NAV_WAYPOINT,2.4629,-0.5676,0.302,-88.3,0.79,1.18,-0.0,0.3166,0.0534,-0.0122,1.857,0.18,0.557,0.829,,2.5,-0.54,2.5,-0.54
52.497,NAV_WAYPOINT,2.4798,-0.5665,0.3,-88.26,1.26,1.31,-0.0,0.3108,0.0598,-0.0046,1.843,0.19,0.557,0.829,,2.5,-0.54,2.5,-0.54
52.554,NAV_WAYPOINT,2.495,-0.5645,0.3,-88.18,1.98,1.48,-0.0,0.2976,0.068,-0.0106,1.843,0.19,0.528,0.869,,2.5,-0.54,2.5,-0.54
52.609,ROTATION_SCAN,2.512,-0.5618,0.296,-88.15,2.37,1.51,-0.0,0.2849,0.0777,-0.0074,1.821,0.191,0.528,0.869,,,,2.5,-0.54
52.653,ROTATION_SCAN,2.5251,-0.5601,0.296,-88.18,3.0,1.35,-0.0,0.2606,0.0845,-0.015,1.821,0.191,0.495,0.907,,,,2.5,-0.54
52.732,ROTATION_SCAN,2.5428,-0.5556,0.299,-88.2,3.84,0.85,-0.0,0.2445,0.0935,-0.0062,1.794,0.19,0.495,0.907,,,,2.5,-0.54
52.765,ROTATION_SCAN,2.5565,-0.5519,0.3,-88.34,4.86,0.01,15.0,0.2132,0.094,0.0009,1.794,0.19,0.466,0.94,,,,2.5,-0.54
52.778,ROTATION_SCAN,2.5675,-0.5504,0.3,-88.6,5.19,-0.37,15.0,0.175,0.0858,-0.0033,1.781,0.205,0.466,0.94,,,,2.5,-0.54
52.861,ROTATION_SCAN,2.5764,-0.5491,0.302,-88.8,5.32,-0.77,15.0,0.1338,0.0753,-0.0057,1.781,0.205,0.445,0.967,,,,2.5,-0.54
52.894,ROTATION_SCAN,2.5845,-0.5486,0.302,-88.88,5.44,-1.13,15.0,0.0949,0.0618,-0.0033,1.777,,0.445,0.967,,,,2.5,-0.54
52.952,ROTATION_SCAN,2.5901,-0.5498,0.299,-88.86,5.24,-1.39,15.0,0.0549,0.0439,-0.0064,1.777,,0.432,0.99,,,,2.5,-0.54
53.002,ROTATION_SCAN,2.5928,-0.5523,0.297,-88.94,4.78,-1.27,15.0,0.0151,0.0253,-0.0136,1.761,0.324,0.432,0.99,,,,2.5,-0.54
53.067,ROTATION_SCAN,2.5943,-0.5593,0.297,-88.99,4.19,-1.3,15.0,-0.019,0.0021,-0.01,1.761,0.324,0.422,0.995,,,,2.5,-0.54
53.073,ROTATION_SCAN,2.5932,-0.5633,0.295,-88.87,3.41,-0.96,15.0,-0.0502,-0.014,-0.0086,1.736,,0.422,0.995,,,,2.5,-0.54
53.206,ROTATION_SCAN,2.5936,-0.5702,0.295,-88.69,2.6,-0.57,15.0,-0.0672,-0.0296,-0.0105,1.736,,0.416,1.001,,,,2.5,-0.54
53.269,ROTATION_SCAN,2.5927,-0.5804,0.297,-88.25,1.75,-0.25,15.0,-0.0781,-0.046,-0.0028,1.711,,0.416,1.001,,,,2.5,-0.54
53.324,ROTATION_SCAN,2.5921,-0.5866,0.294,-87.49,1.12,-0.03,15.0,-0.0816,-0.0532,0.0037,1.711,,0.416,0.986,,,,2.5,-0.54
53.335,ROTATION_SCAN,2.5923,-0.5964,0.295,-86.64,0.79,0.44,15.0,-0.0782,-0.0628,-0.004,1.629,0.305,0.416,0.986,,,,2.5,-0.54
53.367,ROTATION_SCAN,2.5926,-0.6023,0.296,-85.58,0.39,1.04,15.0,-0.0732,-0.0616,0.0018,1.629,0.305,0.414,0.98,,,,2.5,-0.54
53.397,ROTATION_SCAN,2.5949,-0.6102,0.296,-84.46,0.11,1.48,15.0,-0.0616,-0.0591,0.0026,1.527,0.266,0.414,0.98,,,,2.5,-0.54
53.435,ROTATION_SCAN,2.5968,-0.6147,0.294,-83.21,-0.03,1.72,15.0,-0.0512,-0.0485,0.0048,1.527,0.266,0.408,0.995,,,,2.5,-0.54
53.511,ROTATION_SCAN,2.6007,-0.6182,0.297,-81.92,-0.05,1.94,15.0,-0.0374,-0.0357,-0.0013,1.432,0.262,0.408,0.995,,,,2.5,-0.54
53.552,ROTATION_SCAN,2.6045,-0.6231,0.296,-80.7,0.0,2.26,15.0,-0.026,-0.0256,0.005,1.432,0.262,0.405,1.067,,,,2.5,-0.54
53.581,ROTATION_SCAN,2.609,-0.6258,0.298,-79.47,0.11,2.5,15.0,-0.0155,-0.0108,-0.0008,1.374,0.27,0.405,1.067,,,,2.5,-0.54
53.635,ROTATION_SCAN,2.6142,-0.6268,0.299,-78.28,0.46,2.63,15.0,-0.0077,0.0066,0.0029,1.374,0.27,0.398,,,,,2.5,-0.54
53.708,ROTATION_SCAN,2.6203,-0.6257,0.298,-77.14,0.57,2.4,15.0,-0.0009,0.0252,0.0043,1.353,0.271,0.398,,,,,2.5,-0.54
53.765,ROTATION_SCAN,2.6264,-0.6235,0.299,-76.03,0.74,2.39,15.0,0.0041,0.0426,0.0004,1.353,0.271,0.387,,,,,2.5,-0.54
53.771,ROTATION_SCAN,2.6337,-0.6204,0.299,-75.0,1.05,2.24,15.0,0.0092,0.0576,0.0064,1.358,0.276,0.387,,,,,2.5,-0.54
53.863,ROTATION_SCAN,2.6393,-0.6161,0.298,-74.0,1.37,2.04,15.0,0.0073,0.0725,0.0055,1.358,0.276,0.378,,,,,2.5,-0.54
53.944,ROTATION_SCAN,2.6445,-0.6122,0.299,-73.09,1.64,1.8,15.0,0.0024,0.0821,0.0021,1.37,0.285,0.378,,,,,2.5,-0.54
54.006,ROTATION_SCAN,2.6498,-0.6081,0.299,-72.24,1.75,1.57,15.0,-0.0028,0.0884,0.006,1.37,0.285,0.372,,,,,2.5,-0.54
54.074,ROTATION_SCAN,2.6533,-0.6032,0.299,-71.42,1.91,1.38,15.0,-0.0121,0.0944,0.0032,1.415,0.285,0.372,,,,,2.5,-0.54
54.121,ROTATION_SCAN,2.6552,-0.5971,0.299,-70.62,1.91,1.08,15.0,-0.0242,0.101,0.0004,1.415,0.285,0.363,,,,,2.5,-0.54
54.182,ROTATION_SCAN,2.6577,-0.5916,0.299,-69.89,1.8,0.83,15.0,-0.0324,0.1028,0.0018,,0.292,0.363,,,,,2.5,-0.54
54.198,ROTATION_SCAN,2.6584,-0.585,0.299,-69.22,1.7,0.65,15.0,-0.0423,0.1059,-0.0004,,0.292,0.358,,,,,2.5,-0.54
54.261,ROTATION_SCAN,2.6605,-0.58,0.304,-68.51,1.52,0.5,15.0,-0.0465,0.1035,-0.0012,,0.287,0.358,,,,,2.5,-0.54
54.285,ROTATION_SCAN,2.6616,-0.576,0.299,-67.74,1.39,0.41,15.0,-0.0508,0.0988,0.0079,,0.287,0.359,,,,,2.5,-0.54
54.299,ROTATION_SCAN,2.6614,-0.5718,0.299,-66.93,1.33,0.23,15.0,-0.0563,0.0948,-0.0076,,0.278,0.359,,,,,2.5,-0.54
54.334,ROTATION_SCAN,2.6642,-0.5675,0.299,-66.09,1.35,0.11,15.0,-0.0539,0.0899,-0.0051,,0.278,0.355,,,,,2.5,-0.54
54.373,ROTATION_SCAN,2.6649,-0.5645,0.299,-65.29,1.47,-0.18,15.0,-0.0561,0.081,-0.0047,,0.272,0.355,,,,,2.5,-0.54
54.421,ROTATION_SCAN,2.6667,-0.5627,0.299,-64.51,1.5,-0.43,15.0,-0.0549,0.068,-0.0042,,0.272,0.354,,,,,2.5,-0.54
54.562,ROTATION_SCAN,2.6689,-0.5617,0.3,-63.69,1.57,-0.61,15.0,-0.0529,0.0534,-0.0026,,0.262,0.354,,,,,2.5,-0.54
54.588,ROTATION_SCAN,2.6695,-0.5594,0.3,-62.85,1.73,-0.56,15.0,-0.0548,0.0426,-0.0013,,0.262,0.349,,,,,2.5,-0.54
54.635,ROTATION_SCAN,2.6704,-0.5602,0.296,-62.02,1.74,-0.62,15.0,-0.0567,0.0251,0.0001,,0.257,0.349,,,,,2.5,-0.54
54.667,ROTATION_SCAN,2.6699,-0.561,0.299,-61.2,1.75,-0.41,15.0,-0.0619,0.0098,-0.0073,,0.257,0.35,,,,,2.5,-0.54
54.681,ROTATION_SCAN,2.6738,-0.5656,0.299,-60.41,1.64,-0.15,15.0,-0.0571,-0.0101,0.0064,,0.256,0.35,,,,,2.5,-0.54
54.751,ROTATION_SCAN,2.6738,-0.5696,0.301,-59.59,1.55,0.14,15.0,-0.0616,-0.0243,0.001,,0.256,0.349,,,,,2.5,-0.54
54.778,ROTATION_SCAN,2.6757,-0.5753,0.3,-58.81,1.33,0.41,15.0,-0.0614,-0.038,0.0061,,0.245,0.349,,,,,2.5,-0.54
54.866,ROTATION_SCAN,2.676,-0.5791,0.301,-58.02,1.19,0.74,15.0,-0.0649,-0.0432,0.0019,,0.245,0.35,,,,,2.5,-0.54
54.885,ROTATION_SCAN,2.6763,-0.5859,0.301,-57.26,0.98,1.01,15.0,-0.0681,-0.0528,0.0034,,0.239,0.35,,,,,2.5,-0.54
54.951,ROTATION_SCAN,2.6752,-0.5901,0.299,-56.47,0.73,1.24,15.0,-0.0737,-0.0522,0.0028,,0.239,0.357,,,,,2.5,-0.54
54.971,ROTATION_SCAN,2.6756,-0.5917,0.299,-55.66,0.52,1.57,15.0,-0.0757,-0.043,-0.0032,,0.239,0.357,,,,,2.5,-0.54
55.092,ROTATION_SCAN,2.6731,-0.5957,0.296,-54.83,0.25,1.64,15.0,-0.0829,-0.0386,-0.004,,0.239,0.361,0.684,,,,2.5,-0.54
55.097,ROTATION_SCAN,2.6707,-0.5979,0.3,-54.0,-0.05,1.52,15.0,-0.0877,-0.0292,-0.0091,3.396,0.235,0.361,0.684,,,,2.5,-0.54
55.162,ROTATION_SCAN,2.6695,-0.5987,0.301,-53.11,-0.25,1.65,15.0,-0.0872,-0.0168,0.0034,3.396,0.235,0.37,0.675,,,,2.5,-0.54
55.201,ROTATION_SCAN,2.6685,-0.597,0.301,-52.17,-0.28,1.59,15.0,-0.086,0.0003,0.0009,,0.238,0.37,0.675,,,,2.5,-0.54
55.309,ROTATION_SCAN,2.6644,-0.596,0.299,-51.15,-0.13,1.68,15.0,-0.0924,0.0137,-0.0039,,0.238,0.379,0.678,,,,2.5,-0.54
55.333,ROTATION_SCAN,2.662,-0.5946,0.301,-50.14,0.01,1.53,15.0,-0.0957,0.0258,-0.0067,,0.239,0.379,0.678,,,,2.5,-0.54
55.392,ROTATION_SCAN,2.661,-0.5917,0.3,-49.2,-0.05,1.28,15.0,-0.0955,0.0372,-0.003,,0.239,0.397,0.68,,,,2.5,-0.54
55.41,ROTATION_SCAN,2.6578,-0.586,0.299,-48.31,-0.08,1.02,15.0,-0.098,0.053,-0.006,,0.239,0.397,0.68,,,,2.5,-0.54
55.49,ROTATION_SCAN,2.6579,-0.5812,0.299,-47.37,0.06,0.7,15.0,-0.0923,0.0624,-0.0077,,0.239,,0.686,,,,2.5,-0.54
55.508,ROTATION_SCAN,2.6564,-0.5753,0.301,-46.47,0.22,0.33,15.0,-0.0899,0.0706,-0.0075,,0.236,,0.686,,,,2.5,-0.54
55.587,ROTATION_SCAN,2.6579,-0.5713,0.301,-45.64,0.41,0.05,15.0,-0.0805,0.0701,-0.0028,,0.236,,0.696,,,,2.5,-0.54
55.608,ROTATION_SCAN,2.6605,-0.5651,0.3,-44.86,0.65,-0.06,15.0,-0.0698,0.0724,-0.0051,,0.237,,0.696,,,,2.5,-0.54
55.625,ROTATION_SCAN,2.6636,-0.5616,0.299,-44.07,0.9,-0.12,15.0,-0.06,0.0666,-0.0075,,0.237,,0.704,,,,2.5,-0.54
55.695,ROTATION_SCAN,2.664,-0.5591,0.298,-43.27,1.06,-0.16,15.0,-0.0575,0.0577,-0.0043,,0.235,,0.704,,,,2.5,-0.54
55.819,ROTATION_SCAN,2.6673,-0.5576,0.301,-42.44,1.26,-0.17,15.0,-0.0503,0.0464,-0.0078,,0.235,,0.719,,,,2.5,-0.54
55.824,ROTATION_SCAN,2.6695,-0.5562,0.296,-41.65,1.39,-0.07,15.0,-0.047,0.0354,0.0019,,0.231,,0.719,,,,2.5,-0.54
55.83,ROTATION_SCAN,2.6727,-0.5569,0.297,-40.87,1.59,0.03,15.0,-0.0428,0.0207,-0.0064,,0.231,,0.739,,,,2.5,-0.54
55.931,ROTATION_SCAN,2.6722,-0.5567,0.295,-40.13,1.74,0.26,15.0,-0.0489,0.0091,-0.0014,,0.239,,0.739,,,,2.5,-0.54
56.007,ROTATION_SCAN,2.6787,-0.5611,0.295,-39.37,1.76,0.31,15.0,-0.0408,-0.0111,-0.0054,,0.239,,0.762,,,,2.5,-0.54
56.072,ROTATION_SCAN,2.6804,-0.564,0.299,-38.64,1.77,0.52,15.0,-0.0444,-0.0257,0.0019,,0.245,,0.762,,,,2.5,-0.54
56.097,ROTATION_SCAN,2.678,-0.566,0.299,-37.94,1.63,0.85,15.0,-0.0578,-0.0348,0.0103,,0.245,,0.777,,,,2.5,-0.54
56.118,ROTATION_SCAN,2.6788,-0.5691,0.299,-37.29,1.42,1.09,15.0,-0.0636,-0.0424,0.0086,,0.258,,0.777,,,,2.5,-0.54
56.151,ROTATION_SCAN,2.6801,-0.5744,0.299,-36.7,1.14,1.07,15.0,-0.0675,-0.0518,0.0085,,0.258,,0.794,,,,2.5,-0.54
56.196,ROTATION_SCAN,2.6765,-0.5797,0.299,-36.11,0.74,1.2,15.0,-0.0802,-0.0587,0.0043,,0.272,,0.794,,,,2.5,-0.54
56.254,ROTATION_SCAN,2.6747,-0.5837,0.301,-35.62,0.24,1.19,15.0,-0.0858,-0.0589,0.0019,,0.272,,0.803,,,,2.5,-0.54
56.302,ROTATION_SCAN,2.6729,-0.5866,0.301,-35.14,-0.31,1.2,15.0,-0.0884,-0.0531,0.0009,,0.277,,0.803,,,,2.5,-0.54
56.347,ROTATION_SCAN,2.6708,-0.5907,0.301,-34.54,-0.68,1.22,15.0,-0.0893,-0.0477,-0.0028,,0.277,,0.812,,,,2.5,-0.54
56.407,ROTATION_SCAN,2.6668,-0.5941,0.299,-33.79,-0.73,1.24,15.0,-0.0931,-0.0396,-0.0018,,0.289,,0.812,,,,2.5,-0.54
56.453,ROTATION_SCAN,2.6628,-0.5975,0.299,-32.98,-0.74,1.18,15.0,-0.0967,-0.0324,-0.0049,,0.289,,0.83,,,,2.5,-0.54
56.474,ROTATION_SCAN,2.6581,-0.6004,0.303,-32.11,-0.8,1.18,15.0,-0.1013,-0.0248,-0.0014,,0.324,,0.83,,,,2.5,-0.54
56.534,ROTATION_SCAN,2.6566,-0.6003,0.299,-31.23,-0.99,1.0,15.0,-0.0975,-0.0119,0.0058,,0.324,,0.851,,,,2.5,-0.54
56.625,ROTATION_SCAN,2.6521,-0.6002,0.301,-30.34,-1.04,0.86,15.0,-0.0987,0.0005,-0.0063,,,,0.851,,,,2.5,-0.54
56.629,ROTATION_SCAN,2.6475,-0.5991,0.3,-29.46,-0.88,0.76,15.0,-0.1,0.013,-0.0015,,,,0.874,,,,2.5,-0.54
56.71,ROTATION_SCAN,2.6442,-0.5956,0.297,-28.53,-0.78,0.69,15.0,-0.098,0.0277,-0.003,0.423,1.199,,0.874,,,,2.5,-0.54
56.763,ROTATION_SCAN,2.644,-0.5916,0.299,-27.65,-0.77,0.48,15.0,-0.0889,0.0403,-0.0121,0.423,1.199,,0.912,,,,2.5,-0.54
56.854,ROTATION_SCAN,2.6452,-0.5873,0.3,-26.71,-0.45,0.54,15.0,-0.0779,0.0509,-0.001,0.414,1.214,,0.912,,,,2.5,-0.54
56.885,ROTATION_SCAN,2.6476,-0.5846,0.3,-25.78,-0.06,0.56,15.0,-0.0674,0.0534,0.0022,0.414,1.214,,0.951,,,,2.5,-0.54
56.933,ROTATION_SCAN,2.6494,-0.581,0.299,-24.98,0.34,0.59,15.0,-0.061,0.0553,-0.0013,0.402,1.219,,0.951,,,,2.5,-0.54
56.95,ROTATION_SCAN,2.6506,-0.5775,0.299,-24.25,0.59,0.63,15.0,-0.0578,0.0548,-0.0003,0.402,1.219,,0.981,,,,2.5,-0.54
57.042,ROTATION_SCAN,2.649,-0.5744,0.3,-23.6,0.69,0.69,15.0,-0.0621,0.0527,-0.0013,0.399,1.222,,0.981,,,,2.5,-0.54
57.067,ROTATION_SCAN,2.648,-0.5696,0.299,-22.94,0.8,0.75,15.0,-0.0653,0.0543,-0.0015,0.399,1.222,,1.015,,,,2.5,-0.54
57.136,ROTATION_SCAN,2.648,-0.5662,0.301,-22.29,0.97,0.85,15.0,-0.0669,0.0511,-0.0045,0.401,1.226,,1.015,,,,2.5,-0.54
57.169,ROTATION_SCAN,2.6483,-0.5637,0.296,-21.66,0.99,0.84,15.0,-0.068,0.0456,-0.0056,0.401,1.226,,1.042,,,,2.5,-0.54
57.184,ROTATION_SCAN,2.6469,-0.5625,0.299,-20.99,1.02,0.72,15.0,-0.0726,0.0378,-0.0175,0.397,1.224,,1.042,,,,2.5,-0.54
57.272,ROTATION_SCAN,2.6435,-0.5604,0.3,-20.37,1.04,0.8,15.0,-0.0807,0.0325,-0.003,0.397,1.224,,1.062,,,,2.5,-0.54
57.288,ROTATION_SCAN,2.6408,-0.5593,0.3,-19.79,1.15,0.76,15.0,-0.086,0.0253,-0.0026,0.397,1.239,,1.062,,,,2.5,-0.54
57.365,ROTATION_SCAN,2.6378,-0.5581,0.294,-19.13,1.08,0.74,15.0,-0.0918,0.0186,-0.0033,0.397,1.239,,1.095,,,,2.5,-0.54
57.371,ROTATION_SCAN,2.6348,-0.5577,0.301,-18.35,1.05,0.57,15.0,-0.096,0.0112,-0.015,0.403,1.27,,1.095,,,,2.5,-0.54
57.474,ROTATION_SCAN,2.6314,-0.5583,0.298,-17.62,1.04,0.38,15.0,-0.0989,0.0015,0.0061,0.403,1.27,,,,,,2.5,-0.54
57.48,ROTATION_SCAN,2.6298,-0.5584,0.298,-16.89,0.83,0.02,15.0,-0.0954,-0.0053,-0.0067,0.404,1.303,,,,,,2.5,-0.54
57.554,ROTATION_SCAN,2.6267,-0.559,0.299,-16.14,0.94,-0.04,15.0,-0.0934,-0.0128,0.0018,0.404,1.303,,1.148,,,,2.5,-0.54
57.605,ROTATION_SCAN,2.6241,-0.5612,0.298,-15.42,0.86,0.05,15.0,-0.0904,-0.0235,0.0078,0.399,1.361,,1.148,,,,2.5,-0.54
57.633,ROTATION_SCAN,2.621,-0.5639,0.299,-14.67,0.69,0.0,15.0,-0.0891,-0.033,0.008,0.399,1.361,,,,,,2.5,-0.54
57.671,ROTATION_SCAN,2.6193,-0.566,0.297,-13.88,0.61,0.12,15.0,-0.0844,-0.039,0.0126,0.401,1.438,,,,,,2.5,-0.54
57.741,ROTATION_SCAN,2.6213,-0.5711,0.3,-13.12,0.43,0.2,15.0,-0.0726,-0.0496,0.0057,0.401,1.438,,,,,,2.5,-0.54
57.797,ROTATION_SCAN,2.6206,-0.5731,0.301,-12.4,0.17,0.31,15.0,-0.0679,-0.05,0.0171,0.399,1.497,,,,,,2.5,-0.54
57.832,ROTATION_SCAN,2.6206,-0.5774,0.3,-11.69,-0.04,0.35,15.0,-0.0626,-0.054,0.0144,0.399,1.497,,,,,,2.5,-0.54
57.907,ROTATION_SCAN,2.6214,-0.581,0.303,-10.9,-0.19,0.55,15.0,-0.0567,-0.0543,0.008,0.395,1.521,,,,,,2.5,-0.54
57.942,ROTATION_SCAN,2.6204,-0.584,0.302,-10.11,-0.38,0.74,15.0,-0.0571,-0.0517,0.0135,0.395,1.521,,,,,,2.5,-0.54
57.975,ROTATION_SCAN,2.6211,-0.5857,0.303,-9.36,-0.57,0.79,15.0,-0.0545,-0.0449,0.0055,0.392,1.522,,,,,,2.5,-0.54
58.038,ROTATION_SCAN,2.6235,-0.5856,0.302,-8.62,-0.7,0.97,15.0,-0.0491,-0.0335,0.0083,0.392,1.522,,,,,,2.5,-0.54
58.109,ROTATION_SCAN,2.6263,-0.5853,0.303,-7.94,-0.65,0.94,15.0,-0.0445,-0.0224,0.0067,0.384,1.499,,,,,,2.5,-0.54
58.124,ROTATION_SCAN,2.6302,-0.5823,0.303,-7.32,-0.47,1.07,15.0,-0.0378,-0.0077,0.0114,0.384,1.499,,,,,,2.5,-0.54
58.228,ROTATION_SCAN,2.6316,-0.5789,0.304,-6.69,-0.49,1.24,15.0,-0.0392,0.0057,0.0087,0.377,1.45,,,,,,2.5,-0.54
58.261,ROTATION_SCAN,2.6322,-0.5749,0.303,-5.99,-0.29,1.39,15.0,-0.0436,0.0181,0.0062,0.377,1.45,,1.936,,,,2.5,-0.54
58.363,ROTATION_SCAN,2.6311,-0.5714,0.305,-5.15,-0.05,1.44,15.0,-0.0524,0.0262,0.001,0.381,1.378,,1.936,,,,2.5,-0.54
58.428,ROTATION_SCAN,2.6313,-0.5687,0.308,-4.17,0.21,1.39,15.0,-0.0574,0.0297,0.0054,0.381,1.378,,1.907,,,,2.5,-0.54
58.466,ROTATION_SCAN,2.6307,-0.5653,0.305,-3.24,0.38,1.27,15.0,-0.0632,0.0322,0.0115,0.374,1.252,,1.907,,,,2.5,-0.54
58.482,ROTATION_SCAN,2.6305,-0.5608,0.304,-2.29,0.68,1.14,15.0,-0.0664,0.0344,0.0017,0.374,1.252,,,,,,2.5,-0.54
58.564,ROTATION_SCAN,2.6288,-0.558,0.303,-1.36,1.03,1.2,15.0,-0.0726,0.0301,0.0002,0.375,1.154,,,,,,2.5,-0.54
58.582,ROTATION_SCAN,2.6276,-0.5554,0.302,-0.49,1.21,1.18,15.0,-0.077,0.0235,-0.0027,0.375,1.154,,1.837,,,,2.5,-0.54
58.596,ROTATION_SCAN,2.6244,-0.5536,0.304,0.31,1.19,1.15,15.0,-0.0847,0.0152,-0.0058,0.37,1.102,,1.837,,,,2.5,-0.54
58.681,ROTATION_SCAN,2.6215,-0.5523,0.304,1.09,1.07,1.02,15.0,-0.0907,0.0071,-0.0,0.37,1.102,1.366,1.785,,,,2.5,-0.54
58.732,LANDING_REGION_SCAN,2.6166,-0.5521,0.305,1.78,0.99,0.84,-0.0,-0.0987,-0.0016,-0.0075,0.374,1.075,1.366,1.785,,,,,
58.812,LANDING_REGION_SCAN,2.6132,-0.5533,0.301,2.43,0.88,0.52,-0.0,-0.1004,-0.012,-0.0047,0.374,1.075,1.356,1.731,,,,3.7,-1.36
58.974,SCAN_NAV_WAYPOINT,2.6123,-0.5534,0.3,3.08,0.64,-0.2,-0.0,-0.0926,-0.0168,-0.0153,0.375,1.047,1.356,1.731,,2.6,-1.36,3.7,-1.36
58.99,SCAN_NAV_WAYPOINT,2.6098,-0.5541,0.304,3.59,0.6,-0.61,-0.0,-0.0842,-0.0213,-0.0093,0.375,1.047,1.346,1.683,,2.6,-1.36,3.7,-1.36
59.002,SCAN_NAV_WAYPOINT,2.6075,-0.5547,0.303,3.94,0.65,-0.97,-0.0,-0.0735,-0.0249,0.0069,0.378,1.034,1.346,1.683,,2.6,-1.36,3.7,-1.36
59.05,SCAN_NAV_WAYPOINT,2.605,-0.5575,0.305,4.07,0.48,-1.18,-0.0,-0.0621,-0.0329,-0.0013,0.378,1.034,,1.658,,2.6,-1.36,3.7,-1.36
59.055,SCAN_NAV_WAYPOINT,2.6045,-0.5597,0.304,4.04,0.31,-1.18,-0.0,-0.0463,-0.0367,0.0081,0.375,1.028,,1.658,,2.6,-1.36,3.7,-1.36
59.062,SCAN_NAV_WAYPOINT,2.6071,-0.5624,0.305,3.91,0.1,-1.05,-0.0,-0.0258,-0.0398,0.0023,0.375,1.028,,1.638,,2.6,-1.36,3.7,-1.36
59.07,SCAN_NAV_WAYPOINT,2.6112,-0.5633,0.304,3.65,1.16,-0.68,-0.0,-0.0058,-0.0385,0.0078,0.373,1.036,,1.638,,2.6,-1.36,3.7,-1.36
59.193,SCAN_NAV_WAYPOINT,2.616,-0.5619,0.304,3.33,2.77,-0.17,-0.0,0.0103,-0.0455,0.0013,0.373,1.036,1.34,1.64,,2.6,-1.36,3.7,-1.36
59.199,SCAN_NAV_WAYPOINT,2.6212,-0.5633,0.306,3.03,3.76,0.21,-0.0,0.0223,-0.0687,-0.0022,0.37,1.045,1.34,1.64,,2.6,-1.36,3.7,-1.36
59.219,SCAN_NAV_WAYPOINT,2.6242,-0.5653,0.302,2.78,4.31,0.67,-0.0,0.0249,-0.0974,-0.0019,0.37,1.045,1.34,1.63,,2.6,-1.36,3.7,-1.36
59.328,SCAN_NAV_WAYPOINT,2.629,-0.572,0.302,2.64,4.59,0.97,-0.0,0.0281,-0.1359,-0.0188,0.363,1.051,1.34,1.63,,2.6,-1.36,3.7,-1.36
59.441,SCAN_NAV_WAYPOINT,2.6327,-0.5787,0.301,2.55,4.53,1.09,-0.0,0.0266,-0.1728,-0.0135,0.363,1.051,,1.603,,2.6,-1.36,3.7,-1.36
59.461,SCAN_NAV_WAYPOINT,2.6353,-0.588,0.301,2.46,4.23,1.42,-0.0,0.021,-0.2098,-0.0144,0.36,1.056,,1.603,,2.6,-1.36,3.7,-1.36
59.535,SCAN_NAV_WAYPOINT,2.6374,-0.599,0.299,2.43,3.77,1.58,-0.0,0.0129,-0.2434,-0.0143,0.36,1.056,1.373,,,2.6,-1.36,3.7,-1.36
59.595,SCAN_NAV_WAYPOINT,2.6383,-0.6136,0.299,2.41,3.16,1.64,-0.0,0.0016,-0.2777,-0.0169,0.358,1.047,1.373,,,2.6,-1.36,3.7,-1.36
59.639,SCAN_NAV_WAYPOINT,2.6396,-0.6263,0.3,2.35,2.66,1.37,-0.0,-0.0068,-0.2985,-0.0113,0.358,1.047,1.391,1.585,,2.6,-1.36,3.7,-1.36
59.706,SCAN_NAV_WAYPOINT,2.6391,-0.6403,0.296,2.38,2.09,1.4,-0.0,-0.0176,-0.3167,-0.0026,0.364,1.043,1.391,1.585,,2.6,-1.36,3.7,-1.36
59.722,SCAN_NAV_WAYPOINT,2.6381,-0.654,0.297,2.46,1.75,1.21,-0.0,-0.028,-0.3278,-0.0069,0.364,1.043,1.418,1.582,,2.6,-1.36,3.7,-1.36
59.779,SCAN_NAV_WAYPOINT,2.6389,-0.6683,0.299,2.48,1.34,1.0,-0.0,-0.0312,-0.3351,0.0079,0.363,1.038,1.418,1.582,,2.6,-1.36,3.7,-1.36
59.829,SCAN_NAV_WAYPOINT,2.6389,-0.6859,0.299,2.58,1.02,0.75,-0.0,-0.0341,-0.3459,0.0096,0.363,1.038,,1.563,,2.6,-1.36,3.7,-1.36
59.846,SCAN_NAV_WAYPOINT,2.6381,-0.6995,0.299,2.76,0.74,0.64,-0.0,-0.0375,-0.3447,0.0085,0.37,1.04,,1.563,,2.6,-1.36,3.7,-1.36
59.853,SCAN_NAV_WAYPOINT,2.6382,-0.7135,0.302,2.99,0.47,0.43,-0.0,-0.0366,-0.3416,0.0081,0.37,1.04,1.463,1.549,,2.6,-1.36,3.7,-1.36
59.903,SCAN_NAV_WAYPOINT,2.6379,-0.7274,0.303,3.12,0.2,0.23,-0.0,-0.0351,-0.3364,0.0121,0.374,1.056,1.463,1.549,,2.6,-1.36,3.7,-1.36
59.943,SCAN_NAV_WAYPOINT,2.6381,-0.7416,0.303,3.2,0.03,0.15,-0.0,-0.0316,-0.3302,0.0107,0.374,1.056,1.499,1.521,,2.6,-1.36,3.7,-1.36
60.042,SCAN_NAV_WAYPOINT,2.6385,-0.7544,0.302,3.2,-0.01,0.26,-0.0,-0.0279,-0.3207,0.0043,0.372,1.1,1.499,1.521,,2.6,-1.36,3.7,-1.36
60.048,SCAN_NAV_WAYPOINT,2.6386,-0.7682,0.302,3.13,0.1,0.35,-0.0,-0.0266,-0.3157,-0.0007,0.372,1.1,1.511,1.495,,2.6,-1.36,3.7,-1.36
60.132,SCAN_NAV_WAYPOINT,2.6392,-0.782,0.303,3.0,0.07,0.34,-0.0,-0.0246,-0.3119,-0.0016,0.374,,1.511,1.495,,2.6,-1.36,3.7,-1.36
60.16,SCAN_NAV_WAYPOINT,2.6394,-0.7943,0.301,2.9,-0.03,0.28,-0.0,-0.0237,-0.304,-0.0002,0.374,,1.533,1.472,,2.6,-1.36,3.7,-1.36
60.26,SCAN_NAV_WAYPOINT,2.6401,-0.8059,0.304,2.87,0.01,0.35,-0.0,-0.0211,-0.2951,-0.0059,0.377,1.201,1.533,1.472,,2.6,-1.36,3.7,-1.36
60.293,SCAN_NAV_WAYPOINT,2.6403,-0.8172,0.303,2.86,0.02,0.41,-0.0,-0.021,-0.2864,-0.0018,0.377,1.201,,1.462,,2.6,-1.36,3.7,-1.36
60.311,SCAN_NAV_WAYPOINT,2.6416,-0.8307,0.303,2.85,0.13,0.48,-0.0,-0.0185,-0.2856,-0.0057,0.378,,,1.462,,2.6,-1.36,3.7,-1.36
60.359,SCAN_NAV_WAYPOINT,2.6421,-0.8417,0.299,2.88,0.23,0.57,-0.0,-0.019,-0.2789,-0.0067,0.378,,1.582,1.443,,2.6,-1.36,3.7,-1.36
60.382,SCAN_NAV_WAYPOINT,2.6432,-0.8517,0.3,2.93,0.36,0.67,-0.0,-0.0186,-0.2719,-0.0163,0.385,,1.582,1.443,,2.6,-1.36,3.7,-1.36
60.458,SCAN_NAV_WAYPOINT,2.6437,-0.8625,0.298,2.93,0.4,0.7,-0.0,-0.0205,-0.2683,-0.0107,0.385,,,1.423,,2.6,-1.36,3.7,-1.36
60.477,SCAN_NAV_WAYPOINT,2.6437,-0.8722,0.299,2.94,0.55,0.66,-0.0,-0.0232,-0.263,-0.0113,0.395,,,1.423,,2.6,-1.36,3.7,-1.36
60.577,SCAN_NAV_WAYPOINT,2.6443,-0.884,0.296,2.96,0.69,0.63,-0.0,-0.0236,-0.265,-0.0047,0.395,,1.604,1.393,,2.6,-1.36,3.7,-1.36
60.596,SCAN_NAV_WAYPOINT,2.6455,-0.8934,0.295,2.93,0.77,0.63,-0.0,-0.0224,-0.2621,-0.01,,,1.604,1.393,,2.6,-1.36,3.7,-1.36
60.62,SCAN_NAV_WAYPOINT,2.6462,-0.9029,0.295,2.84,0.79,0.71,-0.0,-0.023,-0.2598,-0.008,,,1.603,1.386,,2.6,-1.36,3.7,-1.36
60.684,SCAN_NAV_WAYPOINT,2.6469,-0.9142,0.296,2.75,0.83,0.61,-0.0,-0.0245,-0.2608,-0.0057,,,1.603,1.386,,2.6,-1.36,3.7,-1.36
60.773,SCAN_NAV_WAYPOINT,2.646,-0.9248,0.296,2.58,0.8,0.66,-0.0,-0.0278,-0.263,-0.0009,,,1.621,1.382,,2.6,-1.36,3.7,-1.36
60.793,SCAN_NAV_WAYPOINT,2.6465,-0.935,0.298,2.41,0.96,0.62,-0.0,-0.0281,-0.263,0.0026,,,1.621,1.382,,2.6,-1.36,3.7,-1.36
60.849,SCAN_NAV_WAYPOINT,2.6457,-0.9466,0.299,2.3,0.92,0.61,-0.0,-0.031,-0.2671,0.0059,,,1.667,1.391,,2.6,-1.36,3.7,-1.36
60.89,SCAN_NAV_WAYPOINT,2.6465,-0.9576,0.296,2.15,0.97,0.48,-0.0,-0.0291,-0.2691,0.0066,,,1.667,1.391,,2.6,-1.36,3.7,-1.36
60.966,SCAN_NAV_WAYPOINT,2.6458,-0.9676,0.298,2.06,1.05,0.58,-0.0,-0.0311,-0.2686,0.0,,,1.673,1.39,,2.6,-1.36,3.7,-1.36
61.035,SCAN_NAV_WAYPOINT,2.6464,-0.9782,0.301,1.97,1.15,0.53,-0.0,-0.0301,-0.2707,0.0059,,,1.673,1.39,,2.6,-1.36,3.7,-1.36
61.059,SCAN_NAV_WAYPOINT,2.646,-0.9889,0.299,1.82,0.98,0.55,-0.0,-0.0314,-0.2722,0.0084,,,1.712,1.384,,2.6,-1.36,3.7,-1.36
61.083,SCAN_NAV_WAYPOINT,2.6466,-1.0009,0.299,1.7,0.98,0.47,-0.0,-0.0299,-0.2765,-0.0003,,0.527,1.712,1.384,,2.6,-1.36,3.7,-1.36
61.125,SCAN_NAV_WAYPOINT,2.6464,-1.0118,0.299,1.59,1.01,0.55,-0.0,-0.0305,-0.2774,0.0043,,0.527,,1.374,,2.6,-1.36,3.7,-1.36
61.184,SCAN_NAV_WAYPOINT,2.646,-1.0236,0.301,1.39,0.94,0.54,-0.0,-0.0317,-0.2801,0.0034,,0.509,,1.374,,2.6,-1.36,3.7,-1.36
61.236,SCAN_NAV_WAYPOINT,2.6459,-1.0346,0.297,1.24,0.92,0.56,-0.0,-0.0324,-0.28,0.0072,,0.509,1.748,1.365,,2.6,-1.36,3.7,-1.36
61.335,SCAN_NAV_WAYPOINT,2.6448,-1.0463,0.299,1.11,0.9,0.46,-0.0,-0.0349,-0.2814,-0.0033,,0.495,1.748,1.365,,2.6,-1.36,3.7,-1.36
61.345,SCAN_NAV_WAYPOINT,2.6437,-1.058,0.298,0.99,0.84,0.38,-0.0,-0.0368,-0.2822,0.0028,,0.495,1.761,1.362,,2.6,-1.36,3.7,-1.36
61.372,SCAN_NAV_WAYPOINT,2.6434,-1.071,0.299,0.85,0.82,0.54,-0.0,-0.0363,-0.2861,-0.0012,,0.485,1.761,1.362,,2.6,-1.36,3.7,-1.36
61.435,SCAN_NAV_WAYPOINT,2.6433,-1.0818,0.302,0.72,0.79,0.55,-0.0,-0.0363,-0.2839,0.0041,,0.485,1.79,1.351,,2.6,-1.36,3.7,-1.36
61.485,SCAN_NAV_WAYPOINT,2.6429,-1.0929,0.301,0.61,0.73,0.58,-0.0,-0.0372,-0.2821,0.0123,,0.481,1.79,1.351,,2.6,-1.36,3.7,-1.36
61.544,SCAN_NAV_WAYPOINT,2.643,-1.1049,0.303,0.53,0.71,0.52,-0.0,-0.0366,-0.2826,0.0059,,0.481,1.803,1.344,,2.6,-1.36,3.7,-1.36
61.6,SCAN_NAV_WAYPOINT,2.6419,-1.1162,0.301,0.56,0.75,0.6,-0.0,-0.0394,-0.2814,0.0076,,0.477,1.803,1.344,,2.6,-1.36,3.7,-1.36
61.659,SCAN_NAV_WAYPOINT,2.6416,-1.1293,0.303,0.55,0.72,0.65,-0.0,-0.04,-0.2848,0.0002,,0.477,,1.319,,2.6,-1.36,3.7,-1.36
61.681,SCAN_NAV_WAYPOINT,2.6409,-1.141,0.302,0.66,0.74,0.67,-0.0,-0.0421,-0.2846,0.0019,,0.48,,1.319,,2.6,-1.36,3.7,-1.36
61.756,SCAN_NAV_WAYPOINT,2.6405,-1.1517,0.305,0.84,0.79,0.61,-0.0,-0.0429,-0.2818,-0.003,,0.48,1.83,1.298,,2.6,-1.36,3.7,-1.36
61.84,SCAN_NAV_WAYPOINT,2.6404,-1.1641,0.304,1.04,0.8,0.61,-0.0,-0.0427,-0.2841,0.0015,,0.481,1.83,1.298,,2.6,-1.36,3.7,-1.36
61.891,SCAN_NAV_WAYPOINT,2.6388,-1.1763,0.303,1.27,0.88,0.7,-0.0,-0.0464,-0.2859,-0.0016,,0.481,,1.279,,2.6,-1.36,3.7,-1.36
61.944,SCAN_NAV_WAYPOINT,2.6391,-1.1882,0.3,1.53,0.86,0.66,-0.0,-0.0452,-0.2871,-0.0051,,0.483,,1.279,,2.6,-1.36,3.7,-1.36
61.956,SCAN_NAV_WAYPOINT,2.638,-1.2012,0.303,1.75,0.83,0.67,-0.0,-0.047,-0.2909,-0.0103,,0.483,1.55,1.253,,2.6,-1.36,3.7,-1.36
62.011,SCAN_NAV_WAYPOINT,2.6362,-1.2134,0.304,1.96,0.68,0.72,-0.0,-0.0495,-0.2875,-0.002,,0.475,1.55,1.253,,2.6,-1.36,3.7,-1.36
62.054,SCAN_NAV_WAYPOINT,2.6362,-1.2245,0.304,2.12,0.68,0.74,-0.0,-0.0506,-0.2889,-0.0007,,0.475,,1.221,,2.6,-1.36,3.7,-1.36
62.113,SCAN_NAV_WAYPOINT,2.6361,-1.2365,0.302,2.24,0.63,0.69,-0.0,-0.0503,-0.2885,-0.0026,,0.468,,1.221,,2.6,-1.36,3.7,-1.36
62.127,SCAN_NAV_WAYPOINT,2.6337,-1.2494,0.303,2.3,0.64,0.76,-0.0,-0.0555,-0.2899,-0.0046,,0.468,,1.207,,2.6,-1.36,3.7,-1.36
62.209,SCAN_NAV_WAYPOINT,2.6326,-1.2639,0.299,2.27,0.61,0.79,-0.0,-0.0558,-0.2921,-0.005,,0.464,,1.207,,2.6,-1.36,3.7,-1.36
62.232,SCAN_NAV_WAYPOINT,2.6325,-1.2753,0.299,2.2,0.5,0.88,-0.0,-0.0572,-0.292,-0.0113,,0.464,,1.19,,2.6,-1.36,3.7,-1.36
62.306,SCAN_NAV_WAYPOINT,2.6322,-1.2871,0.297,2.12,0.4,0.98,-0.0,-0.057,-0.2854,-0.0081,,0.457,,1.19,,2.6,-1.36,3.7,-1.36
62.344,SCAN_NAV_WAYPOINT,2.6314,-1.2978,0.298,2.05,0.3,1.08,-0.0,-0.0615,-0.2839,-0.009,,0.457,,1.169,,2.6,-1.36,3.7,-1.36
62.375,SCAN_NAV_WAYPOINT,2.6311,-1.3078,0.299,1.9,0.21,1.3,-0.0,-0.0626,-0.2788,-0.0026,,0.453,,1.169,,2.6,-1.36,3.7,-1.36
62.442,SCAN_NAV_WAYPOINT,2.6301,-1.3186,0.301,1.7,0.11,1.33,-0.0,-0.0701,-0.271,-0.0034,,0.453,,1.151,,2.6,-1.36,3.7,-1.36
62.52,SCAN_NAV_WAYPOINT,2.6286,-1.3315,0.299,1.55,-0.26,1.41,-0.0,-0.0752,-0.2676,0.0064,,0.447,,1.151,,2.6,-1.36,3.7,-1.36
62.58,SCAN_NAV_WAYPOINT,2.6265,-1.341,0.299,1.4,-0.5,1.4,-0.0,-0.0843,-0.2584,-0.0036,,0.447,,1.129,,2.6,-1.36,3.7,-1.36
62.587,SCAN_NAV_WAYPOINT,2.6251,-1.3511,0.298,1.22,-1.01,1.34,-0.0,-0.0891,-0.2471,-0.0047,,0.441,,1.129,,2.6,-1.36,3.7,-1.36
62.657,SCAN_NAV_WAYPOINT,2.623,-1.3605,0.298,1.06,-1.66,1.13,-0.0,-0.0947,-0.2304,-0.0025,,0.441,,1.111,,2.6,-1.36,3.7,-1.36
62.807,SCAN_NAV_WAYPOINT,2.621,-1.3702,0.298,0.99,-1.9,0.87,-0.0,-0.0969,-0.211,-0.0021,,0.439,,1.111,,3.7,-1.36,3.7,-1.36
62.832,SCAN_NAV_WAYPOINT,2.6181,-1.377,0.294,0.92,-2.19,0.59,-0.0,-0.0996,-0.1878,-0.0018,,0.439,,1.094,,3.7,-1.36,3.7,-1.36
62.886,SCAN_NAV_WAYPOINT,2.6161,-1.3827,0.297,0.89,-2.07,0.49,-0.0,-0.0966,-0.162,-0.008,,0.434,,1.094,,3.7,-1.36,3.7,-1.36
62.91,SCAN_NAV_WAYPOINT,2.6145,-1.3872,0.298,0.84,-2.03,0.12,-0.0,-0.0951,-0.1392,-0.0013,,0.434,,1.085,,3.7,-1.36,3.7,-1.36
62.956,SCAN_NAV_WAYPOINT,2.6106,-1.3924,0.298,0.71,-2.43,-0.64,-0.0,-0.0917,-0.1176,0.0016,,0.432,,1.085,,3.7,-1.36,3.7,-1.36
63.008,SCAN_NAV_WAYPOINT,2.6076,-1.3963,0.3,0.5,-2.47,-2.31,-0.0,-0.0801,-0.0938,-0.0001,,0.432,,1.079,,3.7,-1.36,3.7,-1.36
63.021,SCAN_NAV_WAYPOINT,2.6039,-1.3977,0.299,0.29,-2.29,-4.44,-0.0,-0.0541,-0.0652,-0.0007,,0.425,,1.079,,3.7,-1.36,3.7,-1.36
63.1,SCAN_NAV_WAYPOINT,2.602,-1.3983,0.295,0.15,-1.88,-5.52,-0.0,-0.0105,-0.0415,-0.0007,,0.425,,1.076,,3.7,-1.36,3.7,-1.36
63.117,SCAN_NAV_WAYPOINT,2.6049,-1.3966,0.299,0.07,-1.37,-5.81,-0.0,0.0438,-0.0183,-0.0115,,0.429,,1.076,,3.7,-1.36,3.7,-1.36
63.17,SCAN_NAV_WAYPOINT,2.6125,-1.3946,0.3,-0.05,-0.95,-5.69,-0.0,0.1039,-0.002,0.0003,,0.429,,1.077,,3.7,-1.36,3.7,-1.36
63.21,SCAN_NAV_WAYPOINT,2.621,-1.3928,0.3,-0.21,-0.5,-5.07,-0.0,0.1559,0.0086,0.0011,,0.442,,1.077,,3.7,-1.36,3.7,-1.36
63.229,SCAN_NAV_WAYPOINT,2.6324,-1.3912,0.295,-0.35,-0.07,-4.3,-0.0,0.202,0.0131,-0.0013,,0.442,1.885,1.079,,3.7,-1.36,3.7,-1.36
63.298,SCAN_NAV_WAYPOINT,2.6468,-1.3888,0.298,-0.57,0.34,-3.44,-0.0,0.2445,0.0166,-0.0084,,0.466,1.885,1.079,,3.7,-1.36,3.7,-1.36
63.34,SCAN_NAV_WAYPOINT,2.6604,-1.3878,0.293,-0.85,0.59,-2.55,-0.0,0.2729,0.0128,0.0037,,0.466,2.079,1.08,,3.7,-1.36,3.7,-1.36
63.431,SCAN_NAV_WAYPOINT,2.6733,-1.3865,0.294,-1.14,0.6,-1.79,-0.0,0.291,0.0105,-0.0082,,0.486,2.079,1.08,,3.7,-1.36,3.7,-1.36
63.437,SCAN_NAV_WAYPOINT,2.6888,-1.3856,0.295,-1.41,0.86,-1.08,-0.0,0.3061,0.0061,-0.0018,,0.486,,1.08,,3.7,-1.36,3.7,-1.36
63.494,SCAN_NAV_WAYPOINT,2.703,-1.3854,0.299,-1.68,0.87,-0.24,-0.0,0.3093,-0.0011,0.0001,,0.515,,1.08,,3.7,-1.36,3.7,-1.36
63.566,SCAN_NAV_WAYPOINT,2.7189,-1.3849,0.298,-1.89,0.74,0.18,-0.0,0.3107,-0.0059,0.0046,,0.515,,1.073,,3.7,-1.36,3.7,-1.36
63.622,SCAN_NAV_WAYPOINT,2.7349,-1.3837,0.298,-2.02,0.61,0.43,-0.0,0.3104,-0.0063,-0.004,,0.543,,1.073,,3.7,-1.36,3.7,-1.36
63.676,SCAN_NAV_WAYPOINT,2.7486,-1.3842,0.295,-2.1,0.61,0.7,-0.0,0.3016,-0.0112,-0.0053,,0.543,,1.018,,3.7,-1.36,3.7,-1.36
63.733,SCAN_NAV_WAYPOINT,2.7603,-1.384,0.294,-2.2,0.56,0.9,-0.0,0.2876,-0.0134,-0.0115,,0.57,,1.018,,3.7,-1.36,3.7,-1.36
63.77,SCAN_NAV_WAYPOINT,2.7724,-1.3835,0.295,-2.28,0.46,0.82,-0.0,0.275,-0.0144,-0.0075,,0.57,,0.9,,3.7,-1.36,3.7,-1.36
63.831,SCAN_NAV_WAYPOINT,2.7841,-1.3842,0.293,-2.24,0.48,0.71,-0.0,0.263,-0.0179,-0.004,,0.591,,0.9,,3.7,-1.36,3.7,-1.36
63.88,SCAN_NAV_WAYPOINT,2.7966,-1.3853,0.298,-2.18,0.48,0.36,-0.0,0.2572,-0.0221,-0.0109,,0.591,,0.763,,3.7,-1.36,3.7,-1.36
63.896,SCAN_NAV_WAYPOINT,2.8054,-1.386,0.301,-2.19,0.46,0.18,-0.0,0.2442,-0.0249,0.0012,,0.618,,0.763,,3.7,-1.36,3.7,-1.36
63.972,SCAN_NAV_WAYPOINT,2.8161,-1.3863,0.299,-2.2,0.45,-0.16,-0.0,0.2402,-0.0266,0.0016,,0.618,,0.69,,3.7,-1.36,3.7,-1.36
63.996,SCAN_NAV_WAYPOINT,2.8271,-1.3883,0.297,-2.14,0.34,-0.33,-0.0,0.2392,-0.0313,-0.0016,,0.633,,0.69,,3.7,-1.36,3.7,-1.36
64.057,SCAN_NAV_WAYPOINT,2.8371,-1.3894,0.299,-2.04,0.38,-0.33,-0.0,0.2366,-0.034,-0.0003,,0.633,,0.656,,3.7,-1.36,3.7,-1.36
64.109,SCAN_NAV_WAYPOINT,2.8482,-1.3917,0.295,-1.98,0.41,-0.32,-0.0,0.237,-0.0388,0.0072,,0.657,,0.656,,3.7,-1.36,3.7,-1.36
64.127,SCAN_NAV_WAYPOINT,2.8597,-1.3933,0.292,-1.87,0.54,-0.4,-0.0,0.2386,-0.042,-0.0012,,0.657,,0.625,,3.7,-1.36,3.7,-1.36
64.185,SCAN_NAV_WAYPOINT,2.8695,-1.3959,0.294,-1.66,0.34,-0.52,-0.0,0.2368,-0.0474,0.0005,,0.675,,0.625,,3.7,-1.36,3.7,-1.36
64.252,SCAN_NAV_WAYPOINT,2.8816,-1.3996,0.293,-1.5,0.19,-0.54,-0.0,0.2423,-0.053,0.01,,0.675,,0.597,,3.7,-1.36,3.7,-1.36
64.325,SCAN_NAV_WAYPOINT,2.893,-1.4017,0.292,-1.32,-0.15,-0.55,-0.0,0.2443,-0.0522,0.0109,,0.694,,0.597,,3.7,-1.36,3.7,-1.36
64.33,SCAN_NAV_WAYPOINT,2.9041,-1.405,0.295,-1.15,-0.32,-0.81,-0.0,0.2469,-0.0525,0.0087,,0.694,,0.585,,3.7,-1.36,3.7,-1.36
64.385,SCAN_NAV_WAYPOINT,2.917,-1.4093,0.295,-1.06,-0.31,-0.81,-0.0,0.2544,-0.0534,0.0141,,0.715,,0.585,,3.7,-1.36,3.7,-1.36
64.466,SCAN_NAV_WAYPOINT,2.9291,-1.4115,0.298,-1.02,-0.24,-0.77,-0.0,0.2594,-0.0507,0.0105,,0.715,,0.575,,3.7,-1.36,3.7,-1.36
64.556,SCAN_NAV_WAYPOINT,2.9429,-1.4156,0.3,-0.93,-0.22,-0.73,-0.0,0.2674,-0.0526,0.0128,,0.735,,0.575,,3.7,-1.36,3.7,-1.36
64.619,SCAN_NAV_WAYPOINT,2.9541,-1.4189,0.296,-0.84,-0.4,-0.79,-0.0,0.2677,-0.0522,0.0113,,0.735,0.667,0.565,,3.7,-1.36,3.7,-1.36
64.635,SCAN_NAV_WAYPOINT,2.9678,-1.4223,0.301,-0.77,-0.58,-0.81,-0.0,0.275,-0.0508,-0.0017,,0.758,0.667,0.565,,3.7,-1.36,3.7,-1.36
64.651,SCAN_NAV_WAYPOINT,2.9799,-1.4261,0.303,-0.71,-0.6,-0.6,-0.0,0.277,-0.0487,0.0137,,0.758,0.626,0.554,,3.7,-1.36,3.7,-1.36
64.721,SCAN_NAV_WAYPOINT,2.9947,-1.4302,0.301,-0.57,-0.64,-0.44,-0.0,0.2837,-0.0482,0.0167,,0.784,0.626,0.554,,3.7,-1.36,3.7,-1.36
64.765,SCAN_NAV_WAYPOINT,3.0072,-1.4331,0.304,-0.41,-0.57,-0.19,-0.0,0.2823,-0.0443,0.0081,,0.784,0.607,0.545,,3.7,-1.36,3.7,-1.36
64.84,SCAN_NAV_WAYPOINT,3.0207,-1.4361,0.306,-0.22,-0.6,0.04,-0.0,0.2814,-0.0416,0.0168,,0.809,0.607,0.545,,3.7,-1.36,3.7,-1.36
64.87,SCAN_NAV_WAYPOINT,3.0331,-1.4374,0.306,0.11,-0.73,0.23,-0.0,0.2767,-0.0346,0.0122,,0.809,0.596,0.541,,3.7,-1.36,3.7,-1.36
64.885,SCAN_NAV_WAYPOINT,3.045,-1.4405,0.306,0.46,-0.72,0.52,-0.0,0.2692,-0.0317,0.0057,,0.828,0.596,0.541,,3.7,-1.36,3.7,-1.36
64.981,SCAN_NAV_WAYPOINT,3.0595,-1.4427,0.304,1.0,-0.55,0.74,-0.0,0.2667,-0.0283,0.0075,,0.828,0.59,0.543,,3.7,-1.36,3.7,-1.36
65.003,SCAN_NAV_WAYPOINT,3.0702,-1.4448,0.305,1.81,-0.84,0.87,-0.0,0.2539,-0.0245,0.0177,,0.846,0.59,0.543,,3.7,-1.36,3.7,-1.36
65.029,SCAN_NAV_WAYPOINT,3.0803,-1.447,0.305,2.68,-1.26,0.57,-0.0,0.241,-0.0183,0.0238,,0.846,0.596,0.559,,3.7,-1.36,3.7,-1.36
65.107,SCAN_NAV_WAYPOINT,3.0921,-1.4495,0.306,3.47,-1.19,0.01,-0.0,0.2374,-0.0116,0.0209,,0.861,0.596,0.559,,3.7,-1.36,3.7,-1.36
65.174,SCAN_NAV_WAYPOINT,3.1027,-1.4485,0.309,4.16,-1.39,-0.45,-0.0,0.235,0.0024,0.017,,0.861,0.594,0.607,,3.7,-1.36,3.7,-1.36
65.215,SCAN_NAV_WAYPOINT,3.1108,-1.4481,0.31,4.61,-1.62,-0.7,-0.0,0.2303,0.0154,0.0115,,0.881,0.594,0.607,,3.7,-1.36,3.7,-1.36
65.221,SCAN_NAV_WAYPOINT,3.1217,-1.4494,0.312,4.73,-1.7,-0.47,-0.0,0.2325,0.0248,0.001,,0.881,0.593,0.791,,3.7,-1.36,3.7,-1.36
65.325,SCAN_NAV_WAYPOINT,3.13,-1.4482,0.311,4.59,-1.49,-0.59,-0.0,0.228,0.0388,0.0028,,0.897,0.593,0.791,,3.7,-1.36,3.7,-1.36
65.398,SCAN_NAV_WAYPOINT,3.1382,-1.4464,0.309,4.24,-1.06,-0.86,-0.0,0.226,0.0507,-0.0026,,0.897,0.586,0.94,,3.7,-1.36,3.7,-1.36
65.446,SCAN_NAV_WAYPOINT,3.1483,-1.4418,0.304,3.85,-0.25,-0.73,-0.0,0.2294,0.0625,-0.0118,,0.915,0.586,0.94,,3.7,-1.36,3.7,-1.36
65.518,SCAN_NAV_WAYPOINT,3.1591,-1.4385,0.308,3.59,0.19,-0.58,-0.0,0.2329,0.0637,-0.0221,,0.915,0.584,0.996,,3.7,-1.36,3.7,-1.36
65.53,SCAN_NAV_WAYPOINT,3.1728,-1.433,0.303,3.48,0.62,-0.99,-0.0,0.2441,0.0664,-0.0138,,0.933,0.584,0.996,,3.7,-1.36,3.7,-1.36
65.556,SCAN_NAV_WAYPOINT,3.182,-1.4312,0.3,3.34,1.02,-0.93,-0.0,0.2455,0.0575,-0.0282,,0.933,0.58,1.044,,3.7,-1.36,3.7,-1.36
65.602,SCAN_NAV_WAYPOINT,3.193,-1.4282,0.299,3.19,0.87,-1.23,-0.0,0.2522,0.051,-0.0283,,0.959,0.58,1.044,,3.7,-1.36,3.7,-1.36
65.639,SCAN_NAV_WAYPOINT,3.2033,-1.4263,0.299,3.24,0.58,-1.03,-0.0,0.2565,0.0442,-0.0276,,0.959,0.583,1.089,,3.7,-1.36,3.7,-1.36
65.684,SCAN_NAV_WAYPOINT,3.2168,-1.4244,0.299,3.41,0.49,-0.91,-0.0,0.2662,0.0397,-0.0213,,0.982,0.583,1.089,,3.7,-1.36,3.7,-1.36
65.722,SCAN_NAV_WAYPOINT,3.2287,-1.4224,0.298,3.61,0.28,-1.03,-0.0,0.2703,0.0366,-0.022,,0.982,0.581,1.183,,3.7,-1.36,3.7,-1.36
65.774,SCAN_NAV_WAYPOINT,3.2435,-1.4197,0.298,3.81,0.18,-0.93,-0.0,0.2817,0.0376,-0.0204,,1.008,0.581,1.183,,3.7,-1.36,3.7,-1.36
65.859,SCAN_NAV_WAYPOINT,3.2581,-1.4171,0.298,3.94,0.0,-1.03,-0.0,0.2911,0.0393,-0.0142,,1.008,0.579,,,3.7,-1.36,3.7,-1.36
65.888,SCAN_NAV_WAYPOINT,3.2738,-1.4154,0.278,3.96,-0.11,-0.95,-0.0,0.3021,0.0399,-0.0101,,1.038,0.579,,,3.7,-1.36,3.7,-1.36
65.936,SCAN_NAV_WAYPOINT,3.2871,-1.4118,0.213,3.89,-0.09,-0.65,-0.0,0.3044,0.0447,-0.0475,,1.038,0.58,,,3.7,-1.36,3.7,-1.36
65.991,SCAN_NAV_WAYPOINT,3.2976,-1.4064,0.17,3.89,0.13,-0.28,-0.0,0.2962,0.05,-0.1734,,1.068,0.58,,,3.7,-1.36,3.7,-1.36
66.024,SCAN_NAV_WAYPOINT,3.3083,-1.4036,0.167,3.91,0.25,-0.23,-0.0,0.2884,0.0466,-0.1838,,1.068,0.576,1.413,,3.7,-1.36,3.7,-1.36
66.091,SCAN_NAV_WAYPOINT,3.315,-1.4012,0.185,3.94,0.34,-0.14,-0.0,0.2711,0.0423,-0.1157,,1.101,0.576,1.413,,3.7,-1.36,3.7,-1.36
66.13,SCAN_NAV_WAYPOINT,3.2983,-1.4021,0.199,4.0,0.44,0.04,-0.0,0.1876,0.0224,-0.0081,,1.101,0.573,1.401,,3.7,-1.36,3.7,-1.36
66.237,SCAN_NAV_WAYPOINT,3.2956,-1.4023,0.233,3.99,0.51,-0.39,-0.0,0.1522,0.0101,0.0831,,1.134,0.573,1.401,,3.7,-1.36,3.7,-1.36
66.279,SCAN_NAV_WAYPOINT,3.3023,-1.4028,0.243,3.95,0.34,-1.39,-0.0,0.1534,0.003,0.1674,,1.134,0.567,1.389,,3.7,-1.36,3.7,-1.36
66.33,SCAN_NAV_WAYPOINT,3.3076,-1.4004,0.276,3.84,0.15,-1.95,-0.0,0.158,0.0067,0.1943,,1.18,0.567,1.389,,3.7,-1.36,3.7,-1.36
66.342,SCAN_NAV_WAYPOINT,3.3084,-1.3963,0.311,3.71,0.1,-2.12,-0.0,0.1501,0.0157,0.2436,,1.18,0.565,1.388,,3.7,-1.36,3.7,-1.36
66.449,SCAN_NAV_WAYPOINT,3.324,-1.3952,0.353,3.48,0.19,-2.61,-0.0,0.1937,0.0216,0.2765,,1.223,0.565,1.388,,3.7,-1.36,3.7,-1.36
66.467,SCAN_NAV_WAYPOINT,3.3402,-1.3937,0.396,3.26,0.19,-2.68,-0.0,0.2346,0.0268,0.3022,,1.223,0.556,1.417,,3.7,-1.36,3.7,-1.36
66.477,SCAN_NAV_WAYPOINT,3.3572,-1.3921,0.467,3.08,0.18,-2.29,-0.0,0.2693,0.0304,0.32,,1.279,0.556,1.417,,3.7,-1.36,3.7,-1.36
66.546,SCAN_NAV_WAYPOINT,3.3779,-1.3905,0.476,2.94,0.42,-1.62,-0.0,0.3059,0.0331,0.369,,1.279,0.565,1.461,,3.7,-1.36,3.7,-1.36
66.593,SCAN_NAV_WAYPOINT,3.3998,-1.3884,0.47,2.77,0.43,-1.09,-0.0,0.3353,0.0352,0.2798,,1.324,0.565,1.461,,3.7,-1.36,3.7,-1.36
66.645,SCAN_NAV_WAYPOINT,3.4203,-1.3858,0.461,2.57,0.53,-0.43,-0.0,0.3533,0.0383,0.1397,,1.324,0.578,1.477,,3.7,-1.36,3.7,-1.36
66.69,SCAN_NAV_WAYPOINT,3.4426,-1.3829,0.437,2.33,0.61,0.18,-0.0,0.3705,0.0412,-0.006,,1.391,0.578,1.477,,3.7,-1.36,3.7,-1.36
66.718,SCAN_NAV_WAYPOINT,3.4661,-1.3797,0.419,2.08,0.73,0.8,-0.0,0.3839,0.0437,-0.1227,,1.391,,1.515,,3.7,-1.36,3.7,-1.36
66.792,SCAN_NAV_WAYPOINT,3.4903,-1.3759,0.391,1.74,0.57,1.44,-0.0,0.3915,0.0456,-0.1992,,1.44,,1.515,,3.7,-1.36,3.7,-1.36
66.871,SCAN_NAV_WAYPOINT,3.518,-1.3709,0.368,1.4,0.38,1.86,-0.0,0.4012,0.0529,-0.2588,,1.44,,,,3.7,-1.36,3.7,-1.36
66.929,SCAN_NAV_WAYPOINT,3.5508,-1.3616,0.286,1.07,0.28,2.1,-0.0,0.419,0.0698,-0.2831,,1.496,,,,3.7,-1.36,3.7,-1.36
66.935,SCAN_NAV_WAYPOINT,3.5813,-1.3514,0.243,0.84,0.4,2.42,-0.0,0.4229,0.0828,-0.4081,,1.496,,,,3.7,-1.36,3.7,-1.36
67.027,SCAN_NAV_WAYPOINT,3.6125,-1.3371,0.219,0.74,0.76,2.82,-0.0,0.4197,0.0976,-0.4341,,1.545,,,,3.7,-1.36,3.7,-1.36
67.116,SCAN_NAV_WAYPOINT,3.6422,-1.3272,0.222,0.58,1.22,3.07,-0.0,0.4082,0.0984,-0.3682,,1.545,,2.058,,3.7,-1.36,3.7,-1.36
67.142,SCAN_NAV_WAYPOINT,3.6661,-1.3196,0.226,0.35,1.68,2.87,-0.0,0.3848,0.0891,-0.2328,,1.592,,2.058,,3.7,-1.36,3.7,-1.36
67.218,SCAN_NAV_WAYPOINT,3.6901,-1.3102,0.233,0.15,1.98,2.52,-0.0,0.3694,0.082,-0.143,,1.592,,2.132,,3.7,-1.36,3.7,-1.36
67.252,SCAN_NAV_WAYPOINT,3.7101,-1.3029,0.243,0.01,2.12,1.99,-0.0,0.3501,0.0676,-0.0334,,1.631,,2.132,,3.7,-1.36,3.7,-1.36
67.314,SCAN_NAV_WAYPOINT,3.7282,-1.2998,0.25,-0.08,2.55,1.66,-0.0,0.3344,0.0464,0.0265,,1.631,,2.181,,3.7,-1.36,3.7,-1.36
67.342,SCAN_NAV_WAYPOINT,3.7464,-1.2948,0.263,-0.01,2.96,1.46,-0.0,0.3223,0.0263,0.075,,1.668,,2.181,,3.7,-1.36,3.7,-1.36
67.352,SCAN_NAV_WAYPOINT,3.7643,-1.2926,0.273,0.06,3.31,1.66,-0.0,0.3131,0.0015,0.107,,1.668,,2.221,,3.7,-1.36,3.7,-1.36
67.395,SCAN_NAV_WAYPOINT,3.7847,-1.2922,0.284,0.17,3.42,2.53,-0.0,0.3099,-0.0227,0.1163,,1.693,,2.221,,3.7,-1.36,3.7,-1.36
67.464,SCAN_NAV_WAYPOINT,3.8007,-1.2941,0.292,0.31,3.34,3.6,-0.0,0.2894,-0.0513,0.123,,1.693,,2.259,,3.7,-1.36,3.7,-1.36
67.514,SCAN_NAV_WAYPOINT,3.8152,-1.2944,0.299,0.44,3.35,5.32,-0.0,0.2554,-0.0742,0.1116,,1.721,,2.259,,3.7,-1.36,3.7,-1.36
67.529,SCAN_NAV_WAYPOINT,3.8269,-1.2993,0.303,0.51,3.23,7.05,-0.0,0.2083,-0.1026,0.0964,,1.721,,2.261,,3.7,-1.36,3.7,-1.36
67.616,SCAN_NAV_WAYPOINT,3.8352,-1.3011,0.311,0.63,2.85,8.16,-0.0,0.1419,-0.1246,0.0712,,1.747,,2.261,,3.7,-1.36,3.7,-1.36
67.637,SCAN_NAV_WAYPOINT,3.8409,-1.3062,0.313,0.74,2.31,8.46,-0.0,0.0734,-0.1457,0.0617,,1.747,,2.256,,3.7,-1.36,3.7,-1.36
67.744,SCAN_NAV_WAYPOINT,3.8429,-1.3154,0.316,0.81,1.78,8.21,-0.0,0.0064,-0.1649,0.0372,,1.765,,2.256,,3.7,-1.36,3.7,-1.36
67.75,SCAN_NAV_WAYPOINT,3.8433,-1.3198,0.316,0.99,1.26,7.58,-0.0,-0.0575,-0.1741,0.0244,,1.765,,2.242,,3.7,-1.36,3.7,-1.36
67.818,SCAN_NAV_WAYPOINT,3.8412,-1.3271,0.314,1.09,0.46,6.7,-0.0,-0.1122,-0.1801,0.0052,,1.756,,2.242,,3.7,-1.36,3.7,-1.36
67.855,SCAN_NAV_WAYPOINT,3.8374,-1.332,0.31,1.19,-0.05,5.71,-0.0,-0.1602,-0.1774,-0.0063,,1.756,,2.236,,3.7,-1.36,3.7,-1.36
67.972,SCAN_NAV_WAYPOINT,3.8317,-1.3351,0.308,1.33,-0.47,4.73,-0.0,-0.2002,-0.1699,-0.0229,,1.738,,2.236,,3.7,-1.36,3.7,-1.36
68.032,SCAN_NAV_WAYPOINT,3.8216,-1.342,0.31,1.34,-0.75,3.76,-0.0,-0.2363,-0.1638,-0.0271,,1.738,,2.223,,3.7,-1.36,3.7,-1.36
68.116,SCAN_NAV_WAYPOINT,3.8113,-1.3439,0.306,1.43,-1.02,2.97,-0.0,-0.2646,-0.15,-0.0214,,1.722,,2.223,,3.7,-1.36,3.7,-1.36
68.131,SCAN_NAV_WAYPOINT,3.8001,-1.346,0.306,1.43,-1.32,2.23,-0.0,-0.2844,-0.1344,-0.0306,,1.722,,2.215,,3.7,-1.36,3.7,-1.36
68.2,SCAN_NAV_WAYPOINT,3.7906,-1.346,0.302,1.38,-1.33,1.64,-0.0,-0.2928,-0.1147,-0.0223,,1.699,,2.215,,3.7,-1.36,3.7,-1.36
68.241,SCAN_NAV_WAYPOINT,3.7824,-1.3449,0.304,1.28,-1.23,1.13,-0.0,-0.2928,-0.0962,-0.029,,1.699,,2.2,,3.7,-1.36,3.7,-1.36
68.258,SCAN_NAV_WAYPOINT,3.7715,-1.3436,0.305,1.15,-1.07,0.78,-0.0,-0.2947,-0.0784,-0.0193,,1.684,,2.2,,3.7,-1.36,3.7,-1.36
68.343,SCAN_NAV_WAYPOINT,3.7609,-1.341,0.304,1.03,-0.82,0.63,-0.0,-0.2939,-0.0609,-0.0147,,1.684,,2.199,,3.7,-1.36,3.7,-1.36
68.374,SCAN_NAV_WAYPOINT,3.7513,-1.34,0.306,0.88,-0.61,0.5,-0.0,-0.2884,-0.05,-0.0151,,1.66,,2.199,,3.7,-1.36,3.7,-1.36
68.383,SCAN_NAV_WAYPOINT,3.7425,-1.338,0.304,0.77,-0.33,0.5,-0.0,-0.2813,-0.0397,-0.0106,,1.66,,2.169,,3.7,-1.36,3.7,-1.36
68.419,SCAN_NAV_WAYPOINT,3.7348,-1.3345,0.303,0.69,-0.18,0.31,-0.0,-0.2718,-0.0295,-0.0136,,1.638,,2.169,,3.7,-1.36,3.7,-1.36
68.459,SCAN_NAV_WAYPOINT,3.7265,-1.3319,0.301,0.65,0.15,0.32,-0.0,-0.2633,-0.0228,-0.0129,,1.638,,2.136,,3.7,-1.36,3.7,-1.36
68.515,SCAN_NAV_WAYPOINT,3.7161,-1.3299,0.303,0.6,0.58,-0.12,-0.0,-0.2594,-0.0199,-0.0179,,1.634,,2.136,,3.7,-1.36,3.7,-1.36
68.55,SCAN_NAV_WAYPOINT,3.7097,-1.3257,0.299,0.54,0.82,-0.63,-0.0,-0.2426,-0.0151,-0.0105,,1.634,,2.107,,3.7,-1.36,3.7,-1.36
68.609,SCAN_NAV_WAYPOINT,3.7026,-1.3242,0.3,0.51,1.11,-1.36,-0.0,-0.2238,-0.0189,-0.0213,,1.613,,2.107,,3.7,-1.36,3.7,-1.36
68.624,SCAN_NAV_WAYPOINT,3.6947,-1.3229,0.295,0.44,1.45,-1.76,-0.0,-0.2035,-0.0233,-0.0146,,1.613,,2.062,,3.7,-1.36,3.7,-1.36
68.694,SCAN_NAV_WAYPOINT,3.6906,-1.3226,0.296,0.41,1.73,-2.22,-0.0,-0.1736,-0.0338,-0.0259,,1.611,,2.062,,3.7,-1.36,3.7,-1.36
68.727,SCAN_NAV_WAYPOINT,3.6846,-1.3228,0.297,0.33,1.82,-2.37,-0.0,-0.1474,-0.0427,-0.0164,,1.611,,1.986,,3.7,-1.36,3.7,-1.36
68.804,SCAN_NAV_WAYPOINT,3.6798,-1.3251,0.298,0.25,1.85,-2.28,-0.0,-0.1222,-0.0574,-0.0117,,1.607,,1.986,,3.7,-1.36,3.7,-1.36
68.839,SCAN_NAV_WAYPOINT,3.6754,-1.3283,0.295,0.22,1.84,-2.12,-0.0,-0.1002,-0.0725,-0.0094,,1.607,,1.954,,3.7,-1.36,3.7,-1.36
68.905,SCAN_NAV_WAYPOINT,3.6743,-1.3316,0.29,0.13,1.72,-2.13,-0.0,-0.0729,-0.0845,-0.0129,,1.603,,1.954,,3.7,-1.36,3.7,-1.36
68.95,SCAN_NAV_WAYPOINT,3.6764,-1.3353,0.292,0.08,1.51,-2.01,-0.0,-0.0416,-0.0943,-0.0172,,1.603,,,,3.7,-1.36,3.7,-1.36
68.972,SCAN_NAV_WAYPOINT,3.6807,-1.3411,0.289,0.12,1.31,-2.06,-0.0,-0.0114,-0.1111,-0.0093,,1.6,,,,3.7,-1.36,3.7,-1.36
69.05,SCAN_NAV_WAYPOINT,3.6859,-1.3457,0.293,0.04,1.01,-1.8,-0.0,0.0209,-0.1124,-0.0137,,1.6,,1.954,,3.7,-1.36,3.7,-1.36
69.084,ROTATION_SCAN,3.6901,-1.3507,0.292,0.02,0.75,-1.4,-0.0,0.044,-0.1143,0.0034,,1.609,,1.954,,,,3.7,-1.36
69.214,ROTATION_SCAN,3.6954,-1.3549,0.296,-0.01,0.48,-1.01,-0.0,0.0651,-0.1084,-0.0018,,1.609,,2.023,,,,3.7,-1.36
69.219,ROTATION_SCAN,3.6985,-1.3588,0.292,-0.05,-0.03,-0.38,-0.0,0.0751,-0.1013,0.0084,,1.616,,2.023,,,,3.7,-1.36
69.291,ROTATION_SCAN,3.7053,-1.3628,0.295,-0.01,-0.69,0.58,-0.0,0.0836,-0.0927,-0.0017,,1.616,,2.065,,,,3.7,-1.36
69.393,ROTATION_SCAN,3.7124,-1.3663,0.295,0.04,-0.9,1.27,15.0,0.0842,-0.0816,0.0076,,1.631,,2.065,,,,3.7,-1.36
69.477,ROTATION_SCAN,3.72,-1.3689,0.296,0.1,-1.07,1.68,15.0,0.0811,-0.0693,0.0007,,1.631,,2.109,,,,3.7,-1.36
69.537,ROTATION_SCAN,3.7258,-1.371,0.299,0.3,-1.21,2.05,15.0,0.0704,-0.0561,0.004,,1.642,,2.109,,,,3.7,-1.36
69.594,ROTATION_SCAN,3.7322,-1.3713,0.296,0.64,-1.24,2.29,15.0,0.0601,-0.0404,0.0065,,1.642,,2.133,,,,3.7,-1.36
69.651,ROTATION_SCAN,3.7371,-1.3713,0.297,1.09,-1.18,2.48,15.0,0.0456,-0.0263,-0.0041,,1.645,,2.133,,,,3.7,-1.36
69.675,ROTATION_SCAN,3.7396,-1.3691,0.298,1.65,-1.0,2.5,15.0,0.0265,-0.0087,-0.001,,1.645,,2.153,,,,3.7,-1.36
69.726,ROTATION_SCAN,3.7405,-1.3669,0.294,2.28,-0.86,2.43,15.0,0.0057,0.005,0.0005,,1.648,,2.153,,,,3.7,-1.36
69.782,ROTATION_SCAN,3.741,-1.3635,0.293,3.0,-0.73,2.26,15.0,-0.0132,0.0179,-0.0092,,1.648,,2.196,,,,3.7,-1.36
69.811,ROTATION_SCAN,3.7386,-1.3594,0.293,3.74,-0.6,2.08,15.0,-0.035,0.0302,-0.0068,,1.644,,2.196,,,,3.7,-1.36
69.846,ROTATION_SCAN,3.7364,-1.3549,0.293,4.57,-0.33,1.86,15.0,-0.0523,0.04,-0.0038,,1.644,,2.197,,,,3.7,-1.36
69.852,ROTATION_SCAN,3.7325,-1.348,0.289,5.37,-0.14,1.66,15.0,-0.0696,0.052,-0.0028,,1.631,,2.197,,,,3.7,-1.36
69.859,ROTATION_SCAN,3.7281,-1.3421,0.294,6.15,0.06,1.36,15.0,-0.0841,0.0584,-0.0093,,1.631,,2.206,,,,3.7,-1.36
69.898,ROTATION_SCAN,3.7262,-1.3379,0.294,6.94,0.33,1.03,15.0,-0.0894,0.0577,0.0078,,1.62,,2.206,,,,3.7,-1.36
69.931,ROTATION_SCAN,3.7217,-1.3311,0.295,7.77,0.52,0.71,15.0,-0.0966,0.0616,0.0082,,1.62,,2.221,,,,3.7,-1.36
69.973,ROTATION_SCAN,3.7187,-1.3256,0.298,8.65,0.76,0.39,15.0,-0.0968,0.0606,0.0147,,1.622,,2.221,,,,3.7,-1.36
70.038,ROTATION_SCAN,3.7157,-1.3224,0.296,9.53,1.03,0.25,15.0,-0.0943,0.0529,0.0144,,1.622,,2.223,,,,3.7,-1.36
70.082,ROTATION_SCAN,3.7132,-1.3169,0.297,10.39,1.28,0.15,15.0,-0.09,0.0493,0.0086,,1.612,,2.223,,,,3.7,-1.36
70.137,ROTATION_SCAN,3.7121,-1.3125,0.297,11.27,1.39,0.05,15.0,-0.0815,0.0425,0.0103,,1.612,,2.23,,,,3.7,-1.36
70.181,ROTATION_SCAN,3.713,-1.3101,0.298,12.19,1.65,0.09,15.0,-0.0682,0.0314,0.0078,,1.611,,2.23,,,,3.7,-1.36
70.244,ROTATION_SCAN,3.7067,-1.3057,0.299,13.08,1.86,0.28,15.0,-0.0729,0.024,0.0072,,1.611,,2.236,,,,3.7,-1.36
70.297,ROTATION_SCAN,3.7057,-1.303,0.298,13.9,1.86,0.37,15.0,-0.0656,0.0128,0.0074,,1.609,,2.236,,,,3.7,-1.36
70.351,ROTATION_SCAN,3.7046,-1.301,0.299,14.74,1.72,0.39,15.0,-0.0592,0.0016,0.0051,,1.609,,2.246,,,,3.7,-1.36
70.38,ROTATION_SCAN,3.7013,-1.3006,0.3,15.54,1.58,0.39,15.0,-0.0595,-0.0115,0.0096,,1.608,,2.246,,,,3.7,-1.36
70.451,ROTATION_SCAN,3.7026,-1.3031,0.298,16.39,1.47,0.39,15.0,-0.0481,-0.0276,0.0099,,1.608,,2.258,,,,3.7,-1.36
70.471,ROTATION_SCAN,3.6989,-1.3032,0.302,17.3,1.34,0.35,15.0,-0.0508,-0.0367,0.0063,,1.614,,2.258,,,,3.7,-1.36
70.539,ROTATION_SCAN,3.6999,-1.3041,0.302,18.17,1.38,0.38,15.0,-0.0414,-0.0446,0.0147,,1.614,,2.27,,,,3.7,-1.36
70.567,ROTATION_SCAN,3.7017,-1.3047,0.301,19.07,1.29,0.31,15.0,-0.0305,-0.0505,0.0101,,1.629,,2.27,,,,3.7,-1.36
70.661,ROTATION_SCAN,3.6839,-1.2935,0.3,19.98,1.03,0.45,15.0,-0.0666,-0.0325,0.006,,1.629,,2.274,,,,3.7,-1.36
70.678,ROTATION_SCAN,3.6819,-1.2939,0.304,20.84,1.14,0.18,15.0,-0.0629,-0.0382,0.0021,,1.625,,2.274,,,,3.7,-1.36
70.752,ROTATION_SCAN,3.6818,-1.2936,0.3,21.71,1.21,0.12,15.0,-0.053,-0.0411,0.0097,,1.625,,2.29,,,,3.7,-1.36
70.871,ROTATION_SCAN,3.6849,-1.2953,0.307,22.54,1.24,0.0,15.0,-0.0365,-0.048,-0.0023,,1.627,,2.29,,,,3.7,-1.36
70.943,ROTATION_SCAN,3.6859,-1.2955,0.307,23.36,1.37,-0.12,15.0,-0.0255,-0.0519,0.0151,,1.627,,2.29,,,,3.7,-1.36
71.009,ROTATION_SCAN,3.6965,-1.2972,0.304,24.16,1.35,-0.22,15.0,0.0065,-0.0562,0.0079,,1.647,,2.29,,,,3.7,-1.36
71.041,ROTATION_SCAN,3.7005,-1.2971,0.308,24.94,1.22,-0.09,15.0,0.0206,-0.058,0.0006,,1.647,,2.312,,,,3.7,-1.36
71.104,ROTATION_SCAN,3.7084,-1.297,0.305,25.63,1.09,0.15,15.0,0.0397,-0.0584,0.0085,,1.646,,2.312,,,,3.7,-1.36
71.143,ROTATION_SCAN,3.7155,-1.2965,0.303,26.3,0.91,0.41,15.0,0.0532,-0.058,0.0003,,1.646,,2.33,,,,3.7,-1.36
71.197,ROTATION_SCAN,3.7215,-1.2963,0.303,26.99,0.74,0.76,15.0,0.0598,-0.0587,-0.007,,1.654,,2.33,,,,3.7,-1.36
71.264,ROTATION_SCAN,3.7254,-1.296,0.304,27.71,0.63,1.11,15.0,0.0577,-0.06,-0.006,,1.654,,2.342,,,,3.7,-1.36
71.281,ROTATION_SCAN,3.7304,-1.2956,0.305,28.5,0.54,1.31,15.0,0.0559,-0.0615,-0.0034,,1.658,,2.342,,,,3.7,-1.36
71.31,ROTATION_SCAN,3.7345,-1.295,0.303,29.33,0.4,1.46,15.0,0.0512,-0.0625,-0.0061,,1.658,,2.368,,,,3.7,-1.36
71.355,ROTATION_SCAN,3.7391,-1.2953,0.307,30.18,0.34,1.72,15.0,0.0461,-0.0654,-0.0132,,,,2.368,,,,3.7,-1.36
71.367,ROTATION_SCAN,3.7426,-1.2965,0.304,31.06,0.38,1.85,15.0,0.0373,-0.0709,-0.0058,,,,2.385,,,,3.7,-1.36
71.372,ROTATION_SCAN,3.7472,-1.297,0.302,31.94,0.26,1.8,15.0,0.032,-0.0743,-0.0169,,,,2.385,,,,3.7,-1.36
71.468,ROTATION_SCAN,3.7522,-1.3009,0.301,32.73,0.05,1.86,15.0,0.0276,-0.0832,-0.0179,,,,2.418,,,,3.7,-1.36
71.474,ROTATION_SCAN,3.7548,-1.3027,0.301,33.55,-0.13,1.99,15.0,0.0171,-0.087,-0.02,,,,2.418,,,,3.7,-1.36
71.546,ROTATION_SCAN,3.7569,-1.3051,0.302,34.35,-0.38,2.09,15.0,0.0043,-0.091,-0.0148,,,0.732,2.442,,,,3.7,-1.36
71.619,ROTATION_SCAN,3.7586,-1.3067,0.301,35.13,-0.53,1.85,15.0,-0.0086,-0.0918,-0.0072,,,0.732,2.442,,,,3.7,-1.36
71.733,ROTATION_SCAN,3.7587,-1.3085,0.3,35.91,-0.79,1.62,15.0,-0.0225,-0.0908,-0.0076,,,0.715,2.439,,,,3.7,-1.36
71.747,ROTATION_SCAN,3.7566,-1.3097,0.301,36.78,-0.88,1.48,15.0,-0.0396,-0.0865,-0.0052,,1.111,0.715,2.439,,,,3.7,-1.36
71.799,ROTATION_SCAN,3.7531,-1.3132,0.304,37.71,-0.92,1.26,15.0,-0.0563,-0.0861,-0.0001,,1.111,0.694,2.486,,,,3.7,-1.36
71.839,ROTATION_SCAN,3.7492,-1.3124,0.299,38.82,-0.9,0.88,15.0,-0.0718,-0.0762,0.0081,,,0.694,2.486,,,,3.7,-1.36
71.9,ROTATION_SCAN,3.7476,-1.3117,0.299,39.95,-0.63,0.68,15.0,-0.0775,-0.0672,-0.0051,,,0.682,2.516,,,,3.7,-1.36
71.949,ROTATION_SCAN,3.7448,-1.3059,0.299,41.17,-0.31,0.44,15.0,-0.0837,-0.0501,0.0009,,1.088,0.682,2.516,,,,3.7,-1.36
72.004,ROTATION_SCAN,3.742,-1.3052,0.299,42.37,0.02,0.48,15.0,-0.0851,-0.0455,0.0,,1.088,0.67,2.568,,,,3.7,-1.36
72.057,ROTATION_SCAN,3.7402,-1.3013,0.301,43.59,0.3,0.5,15.0,-0.0834,-0.0369,0.002,,1.082,0.67,2.568,,,,3.7,-1.36
72.072,ROTATION_SCAN,3.7381,-1.2996,0.299,44.72,0.56,0.6,15.0,-0.0801,-0.0358,0.0027,,1.082,0.666,2.607,,,,3.7,-1.36
72.081,ROTATION_SCAN,3.7386,-1.2964,0.303,45.77,0.79,0.64,15.0,-0.0707,-0.0334,-0.0057,,1.081,0.666,2.607,,,,3.7,-1.36
72.158,ROTATION_SCAN,3.7354,-1.2932,0.3,46.8,0.94,0.74,15.0,-0.0693,-0.0321,0.0043,,1.081,0.667,,,,,3.7,-1.36
72.214,ROTATION_SCAN,3.7341,-1.2899,0.299,47.51,0.91,0.86,15.0,-0.0654,-0.0322,-0.0074,,1.077,0.667,,,,,3.7,-1.36
72.29,ROTATION_SCAN,3.7322,-1.2888,0.299,48.29,0.98,0.97,15.0,-0.0619,-0.0372,-0.0059,,1.077,0.676,2.66,,,,3.7,-1.36
72.296,ROTATION_SCAN,3.7329,-1.2867,0.303,48.93,1.1,1.06,15.0,-0.0529,-0.0408,-0.0051,,1.09,0.676,2.66,,,,3.7,-1.36
72.337,ROTATION_SCAN,3.7359,-1.2845,0.3,49.52,1.22,1.24,15.0,-0.0389,-0.0446,-0.0038,,1.09,0.685,2.713,,,,3.7,-1.36
72.43,ROTATION_SCAN,3.7354,-1.2849,0.3,50.05,1.21,1.43,15.0,-0.0349,-0.0556,-0.0109,,1.089,0.685,2.713,,,,3.7,-1.36
72.535,ROTATION_SCAN,3.7384,-1.2845,0.299,50.56,1.1,1.64,15.0,-0.0253,-0.0641,-0.0095,,1.089,0.697,,,,,3.7,-1.36
72.609,ROTATION_SCAN,3.7418,-1.2852,0.3,51.11,0.95,1.7,15.0,-0.0167,-0.0746,-0.0093,,1.106,0.697,,,,,3.7,-1.36
72.662,ROTATION_SCAN,3.7443,-1.2881,0.3,51.58,0.6,1.62,15.0,-0.0126,-0.0872,-0.0036,,1.106,0.711,,,,,3.7,-1.36
72.681,ROTATION_SCAN,3.7462,-1.2924,0.301,52.0,0.18,1.71,15.0,-0.0133,-0.0994,-0.0043,,1.122,0.711,,,,,3.7,-1.36
72.735,ROTATION_SCAN,3.7478,-1.2953,0.297,52.41,0.01,1.65,15.0,-0.016,-0.1059,-0.0056,,1.122,0.721,,,,,3.7,-1.36
72.79,ROTATION_SCAN,3.7466,-1.2984,0.299,52.85,-0.33,1.49,15.0,-0.0264,-0.1102,-0.0109,,1.129,0.721,,,,,3.7,-1.36
72.804,ROTATION_SCAN,3.7442,-1.3036,0.298,53.25,-0.57,1.39,15.0,-0.0391,-0.117,-0.0029,,1.129,0.735,,,,,3.7,-1.36
72.892,ROTATION_SCAN,3.7431,-1.3059,0.297,53.73,-0.62,1.15,15.0,-0.0477,-0.1146,-0.0052,,1.145,0.735,,,,,3.7,-1.36
72.91,ROTATION_SCAN,3.7385,-1.31,0.294,54.3,-0.72,0.94,15.0,-0.0626,-0.115,-0.0047,,1.145,0.748,,,,,3.7,-1.36
72.937,ROTATION_SCAN,3.7367,-1.3121,0.295,54.99,-0.71,0.74,15.0,-0.0685,-0.1093,-0.0096,,1.166,0.748,,,,,3.7,-1.36
73.007,ROTATION_SCAN,3.7312,-1.3164,0.296,55.73,-0.57,0.69,15.0,-0.0814,-0.1085,-0.0059,,1.166,0.765,,,,,3.7,-1.36
73.025,ROTATION_SCAN,3.7239,-1.3166,0.297,56.54,-0.48,0.62,15.0,-0.0957,-0.0995,-0.0038,,1.177,0.765,,,,,3.7,-1.36
73.043,ROTATION_SCAN,3.7218,-1.32,0.298,57.36,-0.28,0.33,15.0,-0.0944,-0.0979,-0.0004,,1.177,0.789,,,,,3.7,-1.36
73.108,ROTATION_SCAN,3.716,-1.3197,0.295,58.24,-0.12,0.19,15.0,-0.0997,-0.087,0.005,,1.215,0.789,,,,,3.7,-1.36
73.116,ROTATION_SCAN,3.7092,-1.32,0.296,59.1,-0.05,0.04,15.0,-0.1051,-0.0777,-0.0027,,1.215,0.815,,,,,3.7,-1.36
73.221,ROTATION_SCAN,3.7064,-1.3212,0.297,60.07,0.15,-0.11,15.0,-0.0992,-0.0719,0.0056,,1.249,0.815,,,,,3.7,-1.36
73.226,ROTATION_SCAN,3.702,-1.3209,0.299,61.01,0.5,-0.13,15.0,-0.0952,-0.0634,0.0044,,1.249,0.842,,,,,3.7,-1.36
73.33,ROTATION_SCAN,3.6978,-1.3228,0.298,61.92,0.87,-0.18,15.0,-0.0876,-0.0618,0.0066,,1.287,0.842,,,,,3.7,-1.36
73.407,ROTATION_SCAN,3.6916,-1.3245,0.298,62.73,1.04,-0.15,15.0,-0.0839,-0.0604,0.0059,,1.287,0.891,,,,,3.7,-1.36
73.474,ROTATION_SCAN,3.6881,-1.3249,0.299,63.5,1.17,-0.14,15.0,-0.0734,-0.0567,0.0062,,1.326,0.891,,,,,3.7,-1.36
73.503,ROTATION_SCAN,3.684,-1.3266,0.301,64.21,1.25,-0.18,15.0,-0.0641,-0.0562,0.0055,,1.326,0.978,,,,,3.7,-1.36
73.512,ROTATION_SCAN,3.6798,-1.3284,0.3,64.88,1.34,-0.04,15.0,-0.0561,-0.0567,0.0075,,1.357,0.978,,,,,3.7,-1.36
73.584,ROTATION_SCAN,3.6777,-1.3304,0.299,65.55,1.36,-0.01,15.0,-0.0441,-0.059,0.004,,1.357,,,,,,3.7,-1.36
73.597,ROTATION_SCAN,3.6737,-1.3335,0.299,66.28,1.36,0.11,15.0,-0.0385,-0.064,-0.0019,,1.385,,,,,,3.7,-1.36
73.655,ROTATION_SCAN,3.6702,-1.3365,0.302,66.97,1.32,-0.07,15.0,-0.032,-0.0672,-0.0002,,1.385,,,,,,3.7,-1.36
73.708,ROTATION_SCAN,3.6703,-1.3389,0.3,67.68,1.39,-0.14,15.0,-0.0168,-0.0684,0.0093,,1.394,,,,,,3.7,-1.36
73.724,ROTATION_SCAN,3.6707,-1.3415,0.3,68.4,1.44,-0.29,15.0,-0.002,-0.0685,0.0012,,1.394,,,,,,3.7,-1.36
73.798,ROTATION_SCAN,3.6703,-1.3442,0.298,69.1,1.36,-0.25,15.0,0.0093,-0.0685,0.0007,,,,,,,,3.7,-1.36
73.83,ROTATION_SCAN,3.6705,-1.3459,0.297,69.74,0.95,-0.23,15.0,0.019,-0.0643,-0.0087,,,2.483,,,,,3.7,-1.36
73.865,ROTATION_SCAN,3.6737,-1.3478,0.299,70.35,0.87,-0.3,15.0,0.0325,-0.0608,-0.0114,,1.429,2.483,,,,,3.7,-1.36
73.942,ROTATION_SCAN,3.6764,-1.35,0.301,70.99,0.79,-0.23,15.0,0.0421,-0.0587,-0.0082,,1.429,2.522,,,,,3.7,-1.36
74.021,ROTATION_SCAN,3.6782,-1.3519,0.301,71.6,0.53,-0.36,15.0,0.0476,-0.0548,-0.0031,,1.471,2.522,,,,,3.7,-1.36
74.052,ROTATION_SCAN,3.6818,-1.3538,0.299,72.19,0.43,-0.32,15.0,0.0553,-0.0511,-0.0049,,1.471,2.545,,,,,3.7,-1.36
74.069,ROTATION_SCAN,3.6851,-1.355,0.298,72.75,0.22,-0.29,15.0,0.0602,-0.0458,-0.0096,,1.472,2.545,,,,,3.7,-1.36
74.162,ROTATION_SCAN,3.6882,-1.3571,0.299,73.26,-0.1,-0.3,15.0,0.0614,-0.0429,-0.0064,,1.472,2.508,,,,,3.7,-1.36
74.234,ROTATION_SCAN,3.6934,-1.3562,0.3,73.76,-0.35,-0.34,15.0,0.0653,-0.0321,-0.0049,,1.479,2.508,,,,,3.7,-1.36
74.312,ROTATION_SCAN,3.6951,-1.3563,0.297,74.34,-0.51,-0.26,15.0,0.0594,-0.0245,-0.006,,1.479,2.539,,,,,3.7,-1.36
74.376,ROTATION_SCAN,3.6968,-1.3558,0.295,74.95,-0.46,-0.29,15.0,0.0535,-0.0167,-0.0097,,1.483,2.539,,,,,3.7,-1.36
74.419,ROTATION_SCAN,3.6977,-1.3555,0.299,75.56,-0.56,-0.19,15.0,0.0463,-0.0108,-0.0084,,1.483,2.472,,,,,3.7,-1.36
74.437,ROTATION_SCAN,3.6981,-1.3504,0.299,76.17,-0.48,-0.23,15.0,0.0389,0.0061,0.0034,,1.46,2.472,,,,,3.7,-1.36
74.502,ROTATION_SCAN,3.6991,-1.3476,0.298,76.83,-0.55,-0.05,15.0,0.033,0.0139,-0.0003,,1.46,2.36,,,,,3.7,-1.36
74.554,ROTATION_SCAN,3.6963,-1.3463,0.299,77.46,-0.62,0.17,15.0,0.0187,0.0169,0.0024,,1.468,2.36,,,,,3.7,-1.36
74.608,ROTATION_SCAN,3.6966,-1.3432,0.297,78.15,-0.41,0.28,15.0,0.0129,0.0206,0.0059,,1.468,,,,,,3.7,-1.36
74.662,ROTATION_SCAN,3.6947,-1.3379,0.299,78.8,-0.38,0.51,15.0,0.0035,0.0277,-0.0001,,1.476,,,,,,3.7,-1.36
74.676,ROTATION_SCAN,3.6922,-1.3342,0.299,79.54,-0.5,0.61,15.0,-0.0066,0.0288,0.001,,1.476,2.16,,,,,3.7,-1.36
74.742,ROTATION_SCAN,3.6906,-1.3292,0.299,80.43,-0.37,0.75,15.0,-0.0142,0.0318,0.001,,1.466,2.16,,,,,3.7,-1.36
74.782,ROTATION_SCAN,3.6865,-1.3258,0.299,81.43,-0.21,0.98,15.0,-0.0252,0.0289,-0.0008,,1.466,,,,,,3.7,-1.36
74.798,ROTATION_SCAN,3.6835,-1.3199,0.298,82.47,0.0,1.08,15.0,-0.0316,0.0298,0.0003,,1.479,,,,,,3.7,-1.36
74.816,ROTATION_SCAN,3.6808,-1.3178,0.299,83.56,0.15,1.15,15.0,-0.0347,0.0216,-0.0001,,1.479,,,,,,3.7,-1.36
74.883,ROTATION_SCAN,3.6766,-1.3162,0.297,84.66,0.43,1.26,15.0,-0.039,0.0124,0.0047,,1.496,,,,,,3.7,-1.36
74.961,ROTATION_SCAN,3.6733,-1.3138,0.297,85.71,0.82,1.35,15.0,-0.0376,0.0047,-0.0008,,1.496,1.665,,,,,3.7,-1.36
75.011,ROTATION_SCAN,3.6683,-1.3124,0.296,86.69,0.98,1.35,15.0,-0.0383,-0.0048,-0.0017,,1.529,1.665,,,,,3.7,-1.36
75.017,ROTATION_SCAN,3.6654,-1.3112,0.298,87.53,1.13,1.35,15.0,-0.0324,-0.0138,-0.0021,,1.529,1.622,,,,,3.7,-1.36
75.106,ROTATION_SCAN,3.6634,-1.3111,0.299,88.29,1.27,1.34,15.0,-0.0239,-0.0236,0.0032,,1.578,1.622,,,,,3.7,-1.36
75.162,ROTATION_SCAN,3.661,-1.312,0.299,89.04,1.3,1.28,15.0,-0.0168,-0.0342,0.0054,,1.578,1.6,,,,,3.7,-1.36
75.325,ROTATION_SCAN,3.6589,-1.3127,0.298,89.75,1.33,1.08,15.0,-0.009,-0.042,0.0023,,,1.6,,,,,3.7,-1.36
75.406,SCAN_NAV_WAYPOINT,3.6589,-1.3146,0.299,90.42,1.31,0.95,15.0,0.0037,-0.0497,0.004,,,1.576,,,3.7,-1.3127,3.7,-1.36
75.437,SCAN_NAV_WAYPOINT,3.6573,-1.3159,0.302,91.12,1.23,0.78,15.0,0.0094,-0.0539,0.0056,,2.0,1.576,,,3.7,-1.3127,3.7,-1.36
75.516,SCAN_NAV_WAYPOINT,3.6575,-1.3196,0.301,91.79,1.06,0.69,-0.0,0.018,-0.0622,0.0085,,2.0,1.568,,,3.7,-1.3127,3.7,-1.36
75.549,SCAN_NAV_WAYPOINT,3.6587,-1.3231,0.298,92.36,0.73,0.23,-0.0,0.0259,-0.0667,0.0041,,2.102,1.568,,,3.7,-1.3127,3.7,-1.36
75.564,SCAN_NAV_WAYPOINT,3.6591,-1.3266,0.299,92.8,0.34,-0.19,-0.0,0.0276,-0.0669,-0.0023,,2.102,1.566,,,3.7,-1.3127,3.7,-1.36
75.626,SCAN_NAV_WAYPOINT,3.6616,-1.3305,0.299,93.12,0.08,-0.44,-0.0,0.0317,-0.0649,0.0009,,2.148,1.566,,,3.7,-1.3127,3.7,-1.36
75.675,SCAN_NAV_WAYPOINT,3.6632,-1.333,0.299,93.37,0.07,-0.59,-0.0,0.0314,-0.0587,0.0022,,2.148,1.562,,,3.7,-1.3127,3.7,-1.36
75.728,SCAN_NAV_WAYPOINT,3.6607,-1.3349,0.3,93.53,0.97,-0.58,-0.0,0.0268,-0.0513,0.0002,,2.155,1.562,,,3.7,-1.3127,3.7,-1.36
75.784,SCAN_NAV_WAYPOINT,3.6596,-1.3357,0.302,93.51,1.54,-0.66,-0.0,0.0316,-0.0413,0.0016,,2.155,1.565,,,3.7,-1.3127,3.7,-1.36
75.798,SCAN_NAV_WAYPOINT,3.6584,-1.3354,0.302,93.43,1.97,-0.68,-0.0,0.0402,-0.0292,0.0058,,2.157,1.565,,,3.7,-1.3127,3.7,-1.36
75.809,SCAN_NAV_WAYPOINT,3.6599,-1.3348,0.302,93.36,2.26,-0.63,-0.0,0.0568,-0.0178,0.0013,,2.157,1.557,,,3.7,-1.3127,3.7,-1.36
75.814,SCAN_NAV_WAYPOINT,3.6621,-1.3332,0.299,93.3,2.43,-0.63,-0.0,0.075,-0.0048,0.0022,,2.163,1.557,,,3.7,-1.3127,3.7,-1.36
75.876,SCAN_NAV_WAYPOINT,3.664,-1.3313,0.301,93.28,2.38,-0.53,-0.0,0.0912,0.0066,-0.0053,,2.163,1.567,,,3.7,-1.3127,3.7,-1.36
75.893,SCAN_NAV_WAYPOINT,3.6637,-1.3264,0.299,93.19,2.23,-0.44,-0.0,0.1014,0.0241,-0.0007,,2.164,1.567,,,3.7,-1.3127,3.7,-1.36
75.988,SCAN_NAV_WAYPOINT,3.6719,-1.3242,0.299,93.22,1.89,-0.43,-0.0,0.1244,0.0308,-0.008,,2.164,1.568,,,3.7,-1.3127,3.7,-1.36
76.011,SCAN_NAV_WAYPOINT,3.6777,-1.3214,0.303,93.29,1.53,-0.4,-0.0,0.1374,0.0387,-0.0067,,2.182,1.568,,,3.7,-1.3127,3.7,-1.36
76.018,SCAN_NAV_WAYPOINT,3.6821,-1.3188,0.301,93.32,1.05,-0.33,-0.0,0.1423,0.0445,-0.0015,,2.182,1.582,,,3.7,-1.3127,3.7,-1.36
76.09,SCAN_NAV_WAYPOINT,3.6901,-1.3149,0.301,93.38,0.63,-0.25,-0.0,0.151,0.0511,-0.0081,,2.197,1.582,,,3.7,-1.3127,3.7,-1.36
76.175,LANDING_REGION_SCAN,3.6939,-1.3101,0.299,93.32,0.14,-0.16,-0.0,0.1462,0.0595,-0.006,,2.197,1.595,,,3.7,-2.1,,
76.215,LANDING_REGION_SCAN,3.6984,-1.3056,0.298,93.32,-0.17,0.18,-0.0,0.1399,0.0637,-0.0118,,2.212,1.595,,,3.7,-2.1,,
76.306,LANDING_REGION_SCAN,3.7051,-1.3024,0.298,93.33,-0.73,0.48,-0.0,0.1358,0.0606,-0.0114,,2.212,1.594,,,3.7,-2.1,,
76.412,LANDING_REGION_SCAN,3.7099,-1.298,0.3,93.37,-1.45,1.83,-0.0,0.1218,0.0546,-0.0054,,2.221,1.594,,,3.7,-2.1,,
76.438,LANDING_REGION_SCAN,3.7136,-1.2918,0.298,93.46,-1.85,4.03,-0.0,0.1033,0.0343,0.0003,,2.221,1.614,,,3.7,-2.1,,
76.483,LANDING_REGION_SCAN,3.7164,-1.2873,0.3,93.55,-1.81,5.3,-0.0,0.0844,-0.0011,-0.0034,,2.22,1.614,,,3.7,-2.1,,
76.526,LANDING_REGION_SCAN,3.7197,-1.287,0.301,93.59,-1.87,6.06,-0.0,0.069,-0.0502,0.0,,2.22,1.613,,,3.7,-2.1,,
76.579,LANDING_REGION_SCAN,3.7222,-1.2897,0.303,93.7,-1.78,6.15,-0.0,0.054,-0.1034,0.0011,2.144,2.217,1.613,,,3.7,-2.1,,
76.59,LANDING_REGION_SCAN,3.7233,-1.2936,0.301,93.97,-1.36,5.85,-0.0,0.038,-0.1543,0.0087,2.144,2.217,1.615,,,3.7,-2.1,,
76.6,LANDING_REGION_SCAN,3.7236,-1.3013,0.301,94.24,-0.9,5.36,-0.0,0.0269,-0.203,0.0021,2.204,2.211,1.615,,,3.7,-2.1,,
76.615,LANDING_REGION_SCAN,3.7233,-1.3149,0.299,94.31,-0.66,4.53,-0.0,0.0197,-0.2525,0.0044,2.204,2.211,1.616,,,3.7,-2.1,,
76.761,LANDING_REGION_SCAN,3.7232,-1.3262,0.297,94.21,-0.62,3.66,-0.0,0.0118,-0.2859,-0.0062,,2.206,1.616,,,3.7,-2.1,,
76.775,LANDING_REGION_SCAN,3.7228,-1.3362,0.298,94.13,-0.44,2.82,-0.0,0.0027,-0.3075,-0.0096,,2.206,1.606,,,3.7,-2.1,,
76.816,LANDING_REGION_SCAN,3.7238,-1.3527,0.3,93.92,-0.26,1.93,-0.0,0.0051,-0.3272,-0.0019,,2.177,1.606,,,3.7,-2.1,,
76.894,LANDING_REGION_SCAN,3.7233,-1.3655,0.298,93.76,-0.29,1.18,-0.0,-0.0009,-0.3343,-0.0014,,2.177,1.611,,,3.7,-2.1,,
76.954,LANDING_REGION_SCAN,3.7228,-1.3789,0.299,93.67,-0.24,0.53,-0.0,-0.0062,-0.3354,-0.0002,,2.149,1.611,,,3.7,-2.1,,
77.051,LANDING_REGION_SCAN,3.7214,-1.3932,0.299,93.73,-0.06,0.11,-0.0,-0.012,-0.3343,0.0024,,2.149,1.6,,,3.7,-2.1,,
77.162,LANDING_REGION_SCAN,3.7202,-1.4071,0.301,93.93,0.1,-0.19,-0.0,-0.0146,-0.3287,0.0025,,2.128,1.6,,,3.7,-2.1,,
77.179,LANDING_REGION_SCAN,3.72,-1.4179,0.303,94.27,0.26,-0.34,-0.0,-0.0136,-0.3142,0.0065,,2.128,1.602,,,3.7,-2.1,,
77.205,LANDING_REGION_SCAN,3.7185,-1.428,0.308,94.65,0.36,-0.12,-0.0,-0.0153,-0.3003,0.0049,,2.12,1.602,,,3.7,-2.1,,
77.232,LANDING_REGION_SCAN,3.7177,-1.4389,0.313,95.06,0.29,0.13,-0.0,-0.0138,-0.2908,0.0113,,2.12,1.584,,,3.7,-2.1,,
77.266,LANDING_REGION_SCAN,3.7174,-1.4512,0.323,95.45,0.25,0.48,-0.0,-0.0106,-0.2882,0.0183,,2.093,1.584,,,3.7,-2.1,,
77.336,LANDING_REGION_SCAN,3.7167,-1.463,0.332,95.75,0.25,0.74,-0.0,-0.0087,-0.2865,0.023,,2.093,1.586,,,3.7,-2.1,,
77.381,LANDING_REGION_SCAN,3.7157,-1.475,0.342,96.07,0.28,0.87,-0.0,-0.0078,-0.2866,0.0263,,2.078,1.586,,,3.7,-2.1,,
77.395,LANDING_REGION_SCAN,3.7141,-1.4873,0.354,96.38,0.23,0.93,-0.0,-0.008,-0.288,0.0255,,2.078,1.576,,,3.7,-2.1,,
77.46,LANDING_REGION_SCAN,3.7138,-1.5,0.369,96.66,0.29,0.88,-0.0,-0.0049,-0.2901,0.0317,,2.057,1.576,,,3.7,-2.1,,
77.505,LANDING_REGION_SCAN,3.7134,-1.5131,0.37,96.94,0.34,0.91,-0.0,-0.0021,-0.2925,0.0281,,2.057,1.573,,,3.7,-2.1,,
77.519,LANDING_REGION_SCAN,3.7128,-1.5282,0.361,97.22,0.39,0.82,-0.0,0.0002,-0.2995,0.0052,,2.025,1.573,,,3.7,-2.1,,
77.53,LANDING_REGION_SCAN,3.7115,-1.5403,0.351,97.28,0.47,0.7,-0.0,0.0009,-0.2974,-0.0337,,2.025,1.561,,,3.7,-2.1,,
77.604,LANDING_REGION_SCAN,3.713,-1.5529,0.339,97.16,0.52,0.77,-0.0,0.0087,-0.2976,-0.0766,,2.01,1.561,,,3.7,-2.1,,
77.676,LANDING_REGION_SCAN,3.7119,-1.5644,0.324,96.98,0.16,0.79,-0.0,0.0086,-0.295,-0.1097,,2.01,1.567,,,3.7,-2.1,,
77.696,LANDING_REGION_SCAN,3.7122,-1.5758,0.309,96.83,-0.07,0.83,-0.0,0.009,-0.2936,-0.1393,,1.988,1.567,,,3.7,-2.1,,
77.779,LANDING_REGION_SCAN,3.7116,-1.5887,0.297,96.69,-0.18,0.98,-0.0,0.0066,-0.2971,-0.1489,,1.988,1.553,,,3.7,-2.1,,
77.85,LANDING_REGION_SCAN,3.7104,-1.6033,0.283,96.49,0.0,1.23,-0.0,0.0037,-0.3062,-0.1469,,1.966,1.553,,,3.7,-2.1,,
77.887,LANDING_REGION_SCAN,3.7075,-1.6148,0.27,96.12,0.09,1.1,-0.0,-0.0009,-0.3067,-0.1395,,1.966,1.553,,,3.7,-2.1,,
77.935,LANDING_REGION_SCAN,3.706,-1.6274,0.26,95.61,0.08,1.04,-0.0,-0.0022,-0.3096,-0.1245,,1.941,1.553,,,3.7,-2.1,,
77.977,LANDING_REGION_SCAN,3.7056,-1.6395,0.254,95.06,0.16,0.98,-0.0,-0.0008,-0.3107,-0.102,,1.941,1.543,,,3.7,-2.1,,
78.009,LANDING_REGION_SCAN,3.7043,-1.6519,0.254,94.59,0.05,0.69,-0.0,-0.0023,-0.3102,-0.0735,,1.902,1.543,,,3.7,-2.1,,
78.033,LANDING_REGION_SCAN,3.7037,-1.6663,0.25,94.3,-0.05,0.56,-0.0,-0.0029,-0.3127,-0.0479,,1.902,1.539,,,3.7,-2.1,,
78.093,LANDING_REGION_SCAN,3.7026,-1.6797,0.25,94.12,-0.11,0.45,-0.0,-0.0053,-0.3117,-0.0274,,1.883,1.539,,,3.7,-2.1,,
78.124,LANDING_REGION_SCAN,3.7017,-1.692,0.252,93.94,0.04,0.46,-0.0,-0.0073,-0.3071,-0.0031,,1.883,1.542,,,3.7,-2.1,,
78.193,LANDING_REGION_SCAN,3.7007,-1.7054,0.249,93.74,0.24,0.48,-0.0,-0.007,-0.3057,0.0176,,1.848,1.542,,,3.7,-2.1,,
78.272,LANDING_REGION_SCAN,3.6986,-1.7184,0.254,93.49,0.46,0.54,-0.0,-0.0076,-0.3039,0.0259,,1.848,1.533,,,3.7,-2.1,,
78.317,LANDING_REGION_SCAN,3.6984,-1.7326,0.256,93.14,0.8,0.54,-0.0,-0.0009,-0.305,0.0498,,1.802,1.533,,,3.7,-2.1,,
78.322,LANDING_REGION_SCAN,3.6976,-1.7493,0.258,92.75,1.08,0.56,-0.0,0.0058,-0.3126,0.0553,,1.802,1.535,,,3.7,-2.1,,
78.435,LANDING_REGION_SCAN,3.6957,-1.7645,0.264,92.43,0.78,0.41,-0.0,0.0089,-0.3145,0.055,,1.757,1.535,,,3.7,-2.1,,
78.449,LANDING_REGION_SCAN,3.6958,-1.782,0.264,91.95,0.14,0.19,-0.0,0.012,-0.3126,0.0584,,1.757,1.525,,,3.7,-2.1,,
78.497,LANDING_REGION_SCAN,3.6961,-1.7936,0.267,91.51,-0.02,0.14,-0.0,0.0118,-0.3109,0.049,,1.688,1.525,,,3.7,-2.1,,
78.534,LANDING_REGION_SCAN,3.696,-1.8118,0.265,90.77,-0.32,0.1,-0.0,0.0083,-0.3103,0.0533,,1.688,1.529,,,3.7,-2.1,,
78.587,LANDING_REGION_SCAN,3.6962,-1.825,0.272,90.42,-0.28,0.22,-0.0,0.0057,-0.3138,0.0427,,1.585,1.529,,,3.7,-2.1,,
78.618,LANDING_REGION_SCAN,3.695,-1.8435,0.276,90.18,-0.07,0.16,-0.0,0.0002,-0.3139,0.0608,,1.585,1.53,,,3.7,-2.1,,
78.73,LANDING_REGION_SCAN,3.693,-1.856,0.281,90.24,0.28,0.02,-0.0,-0.0039,-0.3139,0.0575,,1.565,1.53,,,3.7,-2.1,,
78.747,LANDING_REGION_SCAN,3.6919,-1.8738,0.281,90.5,0.44,0.17,-0.0,-0.0034,-0.311,0.0558,,1.565,1.535,,,3.7,-2.1,,
78.8,LANDING_REGION_SCAN,3.6902,-1.8864,0.284,90.71,0.96,0.13,-0.0,-0.0011,-0.3116,0.0566,,1.568,1.535,,,3.7,-2.1,,
78.846,LANDING_REGION_SCAN,3.6891,-1.9062,0.285,90.88,1.13,0.03,-0.0,0.0043,-0.315,0.055,,1.568,1.526,,,3.7,-2.1,,
78.928,LANDING_REGION_SCAN,3.6894,-1.9183,0.289,90.84,1.48,-0.09,-0.0,0.015,-0.3133,0.0458,,1.579,1.526,,,3.7,-2.1,,
79.023,LANDING_REGION_SCAN,3.6894,-1.9365,0.292,90.63,1.53,0.13,-0.0,0.0268,-0.3115,0.0463,,1.579,1.518,,,3.7,-2.1,,
79.092,LANDING_REGION_SCAN,3.6917,-1.9472,0.296,90.53,1.07,0.12,-0.0,0.0411,-0.3071,0.037,,1.552,1.518,,,3.7,-2.1,,
79.12,LANDING_REGION_SCAN,3.6947,-1.9656,0.296,90.34,0.33,0.19,-0.0,0.0475,-0.3078,0.0307,,1.552,,,,3.7,-2.1,,
79.19,LANDING_REGION_SCAN,3.697,-1.9769,0.299,90.24,0.05,0.41,-0.0,0.0504,-0.3071,0.0237,,1.525,,,,3.7,-2.1,,
79.231,LANDING_REGION_SCAN,3.7026,-1.9969,0.299,90.29,-0.17,0.28,-0.0,0.0544,-0.3159,0.0264,,1.525,,,,3.7,-2.1,,
79.244,LANDING_REGION_SCAN,3.7039,-2.0083,0.299,90.28,-0.24,0.19,-0.0,0.0514,-0.3135,0.0204,,1.529,,,,3.7,-2.1,,
79.33,LANDING_REGION_SCAN,3.7068,-2.0265,0.299,90.27,-0.57,0.22,-0.0,0.0473,-0.3135,0.0151,,1.529,0.787,,,3.7,-2.1,,
79.348,LANDING_REGION_SCAN,3.7079,-2.0398,0.297,90.25,-0.57,0.18,-0.0,0.0406,-0.317,0.0142,,1.519,0.787,,,3.7,-2.1,,
79.405,LANDING_REGION_SCAN,3.7095,-2.0571,0.301,90.26,-0.28,0.3,-0.0,0.0356,-0.3137,0.0148,,1.519,0.74,,,3.7,-2.1,,
79.461,LANDING_REGION_SCAN,3.7101,-2.0708,0.301,90.27,-0.25,0.3,-0.0,0.0314,-0.3191,0.0194,,1.507,0.74,,,3.7,-2.1,,
79.476,LANDING_REGION_SCAN,3.7105,-2.0898,0.303,90.29,-0.24,0.33,-0.0,0.0261,-0.3211,0.0132,,1.507,0.706,,,3.7,-2.1,,
79.486,LANDING_REGION_SCAN,3.7097,-2.1015,0.301,90.32,-0.59,0.03,-0.0,0.0182,-0.3197,0.0126,,1.49,0.706,,,3.7,-2.1,,
79.563,LANDING_REGION_SCAN,3.711,-2.1189,0.305,90.52,-0.8,-0.78,-0.0,0.0125,-0.3129,0.006,,1.49,0.683,,,,,,
79.635,SCAN_HIGH,3.7105,-2.1297,0.303,90.7,-0.74,-1.43,-0.0,0.0034,-0.2999,0.0108,,1.477,0.683,,,,,,
79.715,SCAN_HIGH,3.7092,-2.1445,0.308,90.85,-0.57,-2.33,-0.0,-0.0057,-0.2812,0.0012,,1.477,0.667,,,,,,
79.72,SCAN_HIGH,3.7059,-2.1603,0.303,90.88,-0.54,-2.85,-0.0,-0.0161,-0.263,0.0103,,1.455,0.667,,,,,,
79.744,SCAN_HIGH,3.7019,-2.1731,0.306,91.02,-0.3,-3.78,-0.0,-0.0262,-0.2334,-0.0098,,1.455,0.658,,,,,,
79.834,SCAN_HIGH,3.6981,-2.1838,0.306,91.17,-0.35,-3.97,15.0,-0.0343,-0.1979,-0.0099,,1.439,0.658,,,,,,
79.922,SCAN_HIGH,3.6939,-2.1925,0.303,91.17,0.2,-3.89,15.0,-0.0404,-0.1605,-0.0035,,1.439,0.647,,,,,,
79.975,SCAN_HIGH,3.6888,-2.2001,0.307,91.13,1.11,-3.87,15.0,-0.0396,-0.125,-0.0046,,1.417,0.647,,,,,,
79.982,SCAN_HIGH,3.6804,-2.2066,0.301,91.02,1.77,-3.53,15.0,-0.0377,-0.09,0.0074,,1.417,0.639,,,,,,
80.026,SCAN_HIGH,3.677,-2.211,0.305,90.95,1.87,-3.41,15.0,-0.0252,-0.0606,-0.008,,1.408,0.639,,,,,,
80.052,SCAN_HIGH,3.6714,-2.2147,0.306,90.94,2.11,-3.24,15.0,-0.0146,-0.0301,0.0081,,1.408,0.629,,,,,,
80.064,SCAN_HIGH,3.6678,-2.2157,0.303,90.96,1.92,-2.73,15.0,-0.0027,-0.0016,0.0077,,1.397,0.629,,,,,,
80.122,SCAN_HIGH,3.6654,-2.2154,0.301,90.98,1.92,-2.13,15.0,0.0098,0.0205,0.0025,,1.397,0.625,,,,,,
80.205,SCAN_HIGH,3.6625,-2.2149,0.305,91.15,1.88,-1.51,15.0,0.0207,0.0369,0.0001,,1.388,0.625,,,,,,
80.234,SCAN_HIGH,3.6619,-2.2117,0.303,91.37,1.58,-0.88,15.0,0.0328,0.0513,0.01,,1.388,0.622,,,,,,
80.311,SCAN_HIGH,3.661,-2.2092,0.304,91.78,1.43,-0.71,15.0,0.041,0.0595,0.0056,,1.402,0.622,,,,,,
80.331,SCAN_HIGH,3.6632,-2.206,0.307,92.43,1.24,-0.6,15.0,0.0523,0.066,0.0071,,1.402,0.622,,,,,,
80.387,SCAN_HIGH,3.6643,-2.2027,0.307,93.36,1.03,-0.41,15.0,0.0584,0.0715,0.0114,,1.413,0.622,,,,,,
80.441,SCAN_HIGH,3.667,-2.1983,0.309,94.47,0.85,-0.23,15.0,0.0655,0.0769,0.0065,,1.413,0.618,,,,,,
80.509,SCAN_HIGH,3.6655,-2.1938,0.308,95.62,0.8,-0.03,15.0,0.0637,0.082,0.0082,,1.414,0.618,,,,,,
80.565,SCAN_HIGH,3.6641,-2.1925,0.31,96.79,0.89,0.38,15.0,0.0608,0.0748,0.0092,,1.414,0.617,,,,,,
80.608,SCAN_HIGH,3.6633,-2.1883,0.306,97.99,1.16,0.44,15.0,0.0623,0.0745,0.0127,1.439,1.417,0.617,,,,,,
80.628,SCAN_HIGH,3.6658,-2.184,0.309,99.13,1.12,0.45,15.0,0.0709,0.074,0.0028,1.439,1.417,0.617,,,,,,
80.715,SCAN_HIGH,3.6693,-2.1795,0.31,100.25,1.04,0.49,15.0,0.0813,0.0737,0.0129,1.423,1.418,0.617,,,,,,
80.736,SCAN_HIGH,3.6727,-2.1771,0.311,101.38,0.66,0.37,15.0,0.0864,0.0686,0.0067,1.423,1.418,0.617,,,,,,
80.813,SCAN_HIGH,3.6763,-2.1746,0.312,102.46,0.11,0.28,15.0,0.0872,0.0636,-0.0016,1.39,1.425,0.617,,,,,,
80.862,SCAN_HIGH,3.6781,-2.1722,0.309,103.37,0.05,0.36,15.0,0.0813,0.0588,-0.001,1.39,1.425,0.619,,,,,,
80.868,SCAN_HIGH,3.6813,-2.1693,0.308,104.19,-0.1,0.38,15.0,0.0796,0.0553,-0.0108,1.381,1.427,0.619,,,,,,
80.931,SCAN_HIGH,3.6848,-2.1665,0.308,105.08,-0.18,0.13,15.0,0.0775,0.0534,-0.0152,1.381,1.427,0.624,,,,,,
80.98,SCAN_HIGH,3.6874,-2.1644,0.311,106.0,0.03,0.18,15.0,0.0736,0.0498,-0.0074,1.38,1.433,0.624,,,,,,
81.061,SCAN_HIGH,3.6884,-2.1631,0.308,107.02,0.14,0.04,15.0,0.0677,0.0458,-0.0043,1.38,1.433,0.638,,,,,,
81.119,SCAN_HIGH,3.6864,-2.1632,0.309,108.02,0.42,-0.09,15.0,0.0555,0.0394,-0.0074,1.373,1.439,0.638,,,,,,
81.135,SCAN_HIGH,3.6872,-2.1636,0.31,108.92,0.38,-0.06,15.0,0.0532,0.0351,-0.0037,1.373,1.439,0.649,,,,,,
81.193,SCAN_HIGH,3.6874,-2.1622,0.308,109.75,0.56,-0.09,15.0,0.0504,0.0355,-0.0024,1.378,1.447,0.649,,,,,,
81.214,SCAN_HIGH,3.6882,-2.1616,0.309,110.4,0.78,-0.24,15.0,0.0512,0.0358,-0.0063,1.378,1.447,0.663,,,,,,
81.31,SCAN_HIGH,3.684,-2.1577,0.305,110.93,0.94,-0.47,15.0,0.0402,0.0433,-0.0061,1.373,1.462,0.663,,,,,,
81.336,SCAN_HIGH,3.6761,-2.1523,0.304,111.34,0.8,-0.41,15.0,0.021,0.0529,-0.0121,1.373,1.462,0.677,,,,,,
81.415,SCAN_HIGH,3.674,-2.1459,0.307,111.77,0.69,-0.39,15.0,0.0177,0.0652,-0.0086,1.368,1.469,0.677,,,,,,
81.455,SCAN_HIGH,3.6748,-2.14,0.302,112.38,0.85,-0.07,15.0,0.023,0.0748,0.004,1.368,1.469,0.678,,,,,,
81.465,SCAN_HIGH,3.6742,-2.134,0.307,113.07,0.78,0.17,15.0,0.0253,0.081,-0.0114,1.362,1.484,0.678,,,,,,
81.546,SCAN_HIGH,3.6736,-2.1283,0.306,113.88,1.12,0.57,15.0,0.0299,0.084,0.0049,1.362,1.484,0.694,,,,,,
81.613,SCAN_HIGH,3.6738,-2.1204,0.305,114.68,1.02,0.63,15.0,0.037,0.0904,-0.001,1.362,1.506,0.694,,,,,,
81.679,SCAN_HIGH,3.6743,-2.1128,0.306,115.54,0.91,0.63,15.0,0.0434,0.0955,-0.0054,1.362,1.506,0.72,,,,,,
81.684,SCAN_HIGH,3.6763,-2.1066,0.306,116.42,0.45,0.81,15.0,0.0506,0.0956,-0.0048,1.36,1.526,0.72,,,,,,
81.757,SCAN_HIGH,3.6782,-2.0996,0.299,117.22,0.09,1.07,15.0,0.0542,0.0944,-0.0071,1.36,1.526,0.737,,,,,,
81.8,SCAN_HIGH,3.6788,-2.0922,0.305,117.89,-0.3,1.29,15.0,0.0524,0.0901,-0.0214,1.367,1.549,0.737,,,,,,
81.898,SCAN_HIGH,3.6811,-2.0871,0.303,118.32,-0.43,1.55,15.0,0.0543,0.0786,-0.0077,1.367,1.549,0.742,,,,,,
81.95,SCAN_HIGH,3.6825,-2.079,0.305,118.69,-0.53,1.87,15.0,0.053,0.0727,-0.0112,1.366,1.569,0.742,,,,,,
82.037,SCAN_HIGH,3.685,-2.075,0.305,119.14,-0.4,2.28,15.0,0.0577,0.056,0.0017,1.366,1.569,0.751,,,,,,
82.052,SCAN_HIGH,3.6869,-2.0711,0.306,119.73,-0.37,2.24,15.0,0.061,0.0395,0.0069,1.361,1.579,0.751,,,,,,
82.12,SCAN_HIGH,3.689,-2.0678,0.3,120.51,-0.47,2.04,15.0,0.063,0.0246,0.004,1.361,1.579,0.756,,,,,,
82.159,SCAN_HIGH,3.6912,-2.0641,0.305,121.52,-0.66,1.94,15.0,0.0629,0.0126,-0.012,1.386,1.605,0.756,,,,,,
82.178,SCAN_HIGH,3.6944,-2.0631,0.305,122.53,-0.77,1.57,15.0,0.0661,-0.0021,-0.0057,1.386,1.605,0.755,,,,,,
82.19,SCAN_HIGH,3.697,-2.0619,0.301,123.55,-0.78,1.13,15.0,0.0632,-0.0125,-0.015,1.432,1.627,0.755,,,,,,
82.282,SCAN_HIGH,3.6994,-2.0615,0.302,124.63,-1.16,0.95,15.0,0.0578,-0.0225,-0.0253,1.432,1.627,0.738,,,,,,
82.31,SCAN_HIGH,3.7026,-2.0617,0.297,125.69,-1.33,0.86,15.0,0.0547,-0.0322,-0.0189,1.494,1.65,0.738,,,,,,
82.384,SCAN_HIGH,3.7045,-2.0605,0.297,126.8,-1.64,1.11,15.0,0.046,-0.0416,-0.0266,1.494,1.65,0.728,,,,,,
82.419,SCAN_HIGH,3.7056,-2.0618,0.294,127.71,-1.36,1.26,15.0,0.0358,-0.0573,-0.0186,1.761,1.672,0.728,,,,,,
82.435,SCAN_HIGH,3.7043,-2.0618,0.296,128.39,-1.09,0.99,15.0,0.0201,-0.0696,-0.0266,1.761,1.672,0.723,,,,,,
82.521,SCAN_HIGH,3.7035,-2.0642,0.295,128.96,-0.73,0.86,15.0,0.011,-0.0799,-0.0202,1.963,1.688,0.723,,,,,,
82.545,SCAN_HIGH,3.7021,-2.0659,0.298,129.4,-0.64,0.93,15.0,0.0027,-0.0867,-0.0147,1.963,1.688,0.716,,,,,,
82.647,SCAN_HIGH,3.7014,-2.0678,0.294,129.85,-0.26,0.68,15.0,-0.0003,-0.09,-0.0025,2.033,1.695,0.716,,,,,,
82.652,SCAN_HIGH,3.6994,-2.0707,0.295,130.44,0.43,0.37,15.0,-0.0048,-0.0906,-0.0044,2.033,1.695,0.711,,,,,,
82.683,SCAN_HIGH,3.697,-2.0744,0.292,131.14,0.75,0.43,15.0,-0.0062,-0.089,0.0031,2.071,1.707,0.711,,,,,,
82.759,SCAN_HIGH,3.695,-2.0776,0.294,132.09,0.75,0.45,15.0,-0.0048,-0.0861,-0.0053,2.071,1.707,0.708,,,,,,
82.775,SCAN_HIGH,3.6941,-2.0807,0.291,133.2,0.81,0.53,15.0,0.0003,-0.0823,0.0022,,1.73,0.708,,,,,,
82.826,SCAN_HIGH,3.6922,-2.0826,0.291,134.31,0.82,0.61,15.0,0.0025,-0.0766,-0.0017,,1.73,0.714,,,,,,
82.901,SCAN_HIGH,3.6893,-2.0829,0.295,135.36,0.79,0.76,15.0,0.0029,-0.0684,0.0004,,1.761,0.714,,,,,,
82.915,SCAN_HIGH,3.6888,-2.0848,0.295,136.32,0.88,0.83,15.0,0.0106,-0.0645,0.0116,,1.761,0.722,,,,,,
82.999,SCAN_HIGH,3.6869,-2.0854,0.297,137.32,1.37,0.93,15.0,0.0166,-0.0563,0.019,,1.8,0.722,,,,,,
83.026,SCAN_HIGH,3.6879,-2.0874,0.299,138.22,1.13,1.05,15.0,0.0299,-0.0519,0.0207,,1.8,0.734,,,,,,
83.103,SCAN_HIGH,3.6902,-2.0884,0.297,139.05,0.92,1.2,15.0,0.0445,-0.0481,0.0252,,1.831,0.734,,,,,,
83.118,SCAN_HIGH,3.6909,-2.0877,0.299,139.92,0.54,1.19,15.0,0.053,-0.0421,0.0162,,1.831,0.749,,,,,,
83.175,SCAN_HIGH,3.6936,-2.089,0.299,140.77,0.4,1.0,15.0,0.0622,-0.0427,0.0147,,1.875,0.749,,,,,,
83.247,SCAN_HIGH,3.7168,-2.0981,0.301,141.71,0.33,0.94,15.0,0.1149,-0.0643,0.0107,,1.875,0.753,,,,,,
83.285,SCAN_HIGH,3.719,-2.0997,0.299,142.77,0.17,0.56,15.0,0.1133,-0.0621,0.0151,,1.906,0.753,,,,,,
83.353,SCAN_HIGH,3.7191,-2.0999,0.3,143.83,0.22,-0.11,15.0,0.1034,-0.0545,0.0046,,1.906,0.75,,,,,,
83.431,SCAN_HIGH,3.719,-2.1013,0.303,144.98,0.31,-0.4,15.0,0.0921,-0.0478,0.008,2.502,1.968,0.75,,,,,,
83.476,SCAN_HIGH,3.7192,-2.1027,0.302,146.17,0.35,-1.34,15.0,0.0775,-0.038,0.0015,2.502,1.968,0.741,,,,,,
83.483,SCAN_HIGH,3.7188,-2.1025,0.303,147.46,0.12,-1.5,15.0,0.0595,-0.0247,-0.0026,,2.045,0.741,,,,,,
83.539,SCAN_HIGH,3.7153,-2.1009,0.303,148.83,-0.3,-1.25,15.0,0.0352,-0.0124,-0.0068,,2.045,0.72,,,,,,
83.592,SCAN_HIGH,3.7109,-2.1006,0.299,150.09,-0.56,-0.71,15.0,0.0139,-0.0089,-0.0116,1.864,2.123,0.72,,,,,,
83.681,SCAN_HIGH,3.7074,-2.0982,0.303,151.11,-0.81,-0.14,15.0,-0.0005,-0.006,-0.0163,1.864,2.123,0.702,,,,,,
83.726,SCAN_HIGH,3.7043,-2.0978,0.3,151.98,-0.93,-0.11,15.0,-0.0118,-0.0103,-0.007,1.789,2.195,0.702,,,,,,
83.74,SCAN_HIGH,3.6999,-2.097,0.299,152.69,-1.28,0.04,15.0,-0.0243,-0.0155,-0.013,1.789,2.195,0.703,,,,,,
83.766,SCAN_HIGH,3.6943,-2.0968,0.294,153.3,-1.12,0.16,15.0,-0.0383,-0.0228,-0.0113,1.753,2.209,0.703,,,,,,
83.821,SCAN_HIGH,3.6891,-2.0992,0.299,153.76,-0.68,0.43,15.0,-0.0457,-0.0328,-0.0195,1.753,2.209,0.688,,,,,,
83.888,SCAN_HIGH,3.6855,-2.0997,0.299,154.2,-0.01,0.98,15.0,-0.0448,-0.0357,-0.0009,1.716,2.2,0.688,,,,,,
83.93,SCAN_HIGH,3.6806,-2.1021,0.295,154.73,0.54,0.97,15.0,-0.0419,-0.0377,-0.0123,1.716,2.2,0.693,,,,,,
83.993,SCAN_HIGH,3.6774,-2.1041,0.298,155.23,0.85,1.28,15.0,-0.0333,-0.0365,-0.016,1.687,2.259,0.693,,,,,,
84.04,SCAN_HIGH,3.6737,-2.1056,0.299,155.83,1.06,1.6,15.0,-0.0229,-0.0331,-0.0039,1.687,2.259,0.696,,,,,,
84.067,SCAN_HIGH,3.6714,-2.1072,0.297,156.45,0.93,1.73,15.0,-0.0092,-0.0309,-0.0065,1.667,2.284,0.696,,,,,,
84.154,SCAN_HIGH,3.6698,-2.1083,0.296,157.0,0.83,1.59,15.0,0.0033,-0.0288,-0.0097,1.667,2.284,0.694,,,,,,
84.211,SCAN_HIGH,3.6702,-2.1097,0.294,157.52,0.68,1.54,15.0,0.0178,-0.028,-0.0101,1.652,2.305,0.694,,,,,,
84.274,SCAN_HIGH,3.6663,-2.1103,0.297,157.94,0.55,1.84,15.0,0.023,-0.0257,-0.0093,1.652,2.305,0.676,,,,,,
84.293,SCAN_HIGH,3.6664,-2.1109,0.296,158.31,0.63,1.48,15.0,0.0351,-0.0248,-0.0073,1.633,2.341,0.676,,,,,,
84.339,SCAN_HIGH,3.6656,-2.1121,0.297,158.66,0.67,1.14,15.0,0.0413,-0.0228,-0.0069,1.633,2.341,0.667,,,,,,
84.406,SCAN_HIGH,3.667,-2.1144,0.293,159.09,0.63,1.0,15.0,0.0492,-0.0241,-0.0059,1.619,2.327,0.667,,,,,,
84.496,SCAN_HIGH,3.6718,-2.1157,0.292,159.55,0.55,0.91,15.0,0.063,-0.0226,-0.0107,1.619,2.327,0.665,,,,,,
84.595,SCAN_HIGH,3.6749,-2.1163,0.294,160.09,0.48,0.92,15.0,0.0715,-0.0203,-0.008,1.607,,0.665,,,,,,
84.665,SCAN_HIGH,3.6744,-2.1185,0.293,160.67,0.67,0.85,15.0,0.071,-0.0206,-0.0082,1.607,,0.653,,,,,,
84.698,SCAN_HIGH,3.6784,-2.1202,0.291,161.42,0.83,0.85,15.0,0.0804,-0.0185,-0.0067,1.591,2.341,0.653,,,,,,
84.788,SCAN_HIGH,3.6799,-2.1217,0.292,162.27,0.85,0.57,15.0,0.0826,-0.0149,-0.0108,1.591,2.341,0.644,,,,,,
84.803,SCAN_HIGH,3.6825,-2.1222,0.291,163.27,0.8,-0.03,15.0,0.0827,-0.0081,-0.0035,1.561,,0.644,,,,,,
84.822,SCAN_HIGH,3.6851,-2.1221,0.289,164.37,0.86,-0.19,15.0,0.0808,0.0009,-0.0039,1.561,,0.642,,,,,,
84.918,SCAN_HIGH,3.686,-2.1221,0.294,165.54,0.58,-0.25,15.0,0.0742,0.0075,-0.0025,1.443,,0.642,,,,,,
84.936,SCAN_HIGH,3.6893,-2.121,0.291,166.83,0.56,-0.32,15.0,0.0719,0.0143,0.0129,1.443,,0.633,,,,,,
84.948,SCAN_HIGH,3.6891,-2.1186,0.293,168.12,0.52,-0.26,15.0,0.063,0.0236,0.0075,,,0.633,,,,,,
85.036,SCAN_HIGH,3.6873,-2.1179,0.293,169.36,0.31,-0.13,15.0,0.0521,0.0267,0.0162,,,0.621,,,,,,
85.064,SCAN_HIGH,3.6876,-2.1156,0.292,170.63,0.28,0.3,15.0,0.0489,0.0317,0.0164,0.692,,0.621,,,,,,
85.077,SCAN_HIGH,3.6834,-2.1114,0.297,171.77,0.02,0.29,15.0,0.0379,0.0389,0.0152,0.692,,0.619,,,,,,
85.087,SCAN_HIGH,3.6837,-2.1089,0.299,172.78,-0.28,0.42,15.0,0.0378,0.0387,0.0227,0.653,,0.619,,,,,,
85.147,SCAN_HIGH,3.6822,-2.1081,0.296,173.64,-0.53,0.29,15.0,0.0334,0.0325,0.0161,0.653,,0.619,,,,,,
85.192,SCAN_HIGH,3.6826,-2.1069,0.3,174.42,-0.54,0.28,15.0,0.0328,0.0267,0.003,0.634,,0.619,,,,,,
85.29,SCAN_HIGH,3.6825,-2.1081,0.299,175.16,-0.41,0.14,15.0,0.0306,0.0179,0.0074,0.634,,0.624,,,,,,
85.3,SCAN_HIGH,3.6816,-2.1108,0.301,175.89,-0.35,0.11,15.0,0.0263,0.0071,0.0009,0.625,,0.624,,,,,,
85.334,SCAN_HIGH,3.6808,-2.1153,0.296,176.58,-0.53,-0.2,15.0,0.0215,-0.0067,-0.0081,0.625,,0.63,,,,,,
85.434,SCAN_HIGH,3.6758,-2.1179,0.299,177.18,-0.59,-0.18,15.0,0.0063,-0.0165,-0.0221,0.615,,0.63,,,,,,
85.446,SCAN_HIGH,3.672,-2.1176,0.297,177.66,-0.62,0.3,15.0,-0.0031,-0.0194,-0.0061,0.615,,0.635,,,,,,
85.479,SCAN_HIGH,3.6695,-2.1203,0.299,178.09,-0.44,1.02,15.0,-0.0021,-0.0279,-0.0022,0.605,,0.635,,,,,,
85.536,SCAN_HIGH,3.6655,-2.1264,0.295,178.43,-0.34,1.67,15.0,0.0015,-0.0415,0.0115,0.605,,0.641,,,,,,
85.59,SCAN_HIGH,3.6641,-2.1309,0.294,178.64,-0.05,1.89,15.0,0.0132,-0.049,-0.0035,0.601,,0.641,,,,,,
85.64,SCAN_HIGH,3.6631,-2.1356,0.297,178.84,0.62,1.64,15.0,0.0238,-0.0514,-0.0079,0.601,,0.639,,,,,,
85.729,SCAN_HIGH,3.6635,-2.1422,0.297,179.06,0.98,1.65,15.0,0.0355,-0.0534,0.0001,0.599,,0.639,,,,,,
85.74,SCAN_HIGH,3.6631,-2.1472,0.297,179.39,1.18,1.64,15.0,0.0438,-0.0501,0.0006,0.599,,0.646,,,,,,
85.764,SCAN_HIGH,3.6648,-2.1507,0.295,179.99,1.57,1.39,15.0,0.0547,-0.0408,0.0012,0.6,,0.646,,,,,,
85.828,SCAN_HIGH,3.6684,-2.1545,0.297,-179.29,1.78,1.28,15.0,0.0669,-0.0311,-0.0025,0.6,,0.683,,,,,,
85.927,SCAN_HIGH,3.672,-2.1577,0.299,-178.47,2.07,0.93,15.0,0.0752,-0.0192,-0.0005,0.597,,0.683,,,,,,
86.012,SCAN_HIGH,3.6749,-2.1609,0.294,-177.55,2.07,0.97,15.0,0.0802,-0.0066,0.0047,0.597,,,,,,,,
86.037,SCAN_HIGH,3.6779,-2.1627,0.297,-176.46,2.08,0.68,15.0,0.0834,0.0072,-0.0027,0.6,,,,,,,,
86.049,SCAN_HIGH,3.6815,-2.1634,0.298,-175.27,2.09,0.32,15.0,0.0847,0.022,0.0024,0.6,,1.348,,,,,,
86.097,SCAN_HIGH,3.6832,-2.1644,0.299,-174.13,1.83,0.18,15.0,0.0797,0.0342,0.0043,0.598,,1.348,,,,,,
86.128,SCAN_HIGH,3.6842,-2.1636,0.299,-173.0,1.47,0.2,15.0,0.074,0.0467,0.0074,0.598,,1.414,,,,,,
86.183,SCAN_HIGH,3.6838,-2.1624,0.301,-171.83,1.37,0.01,15.0,0.0654,0.0571,0.0067,0.597,,1.414,,,,,,
86.241,SCAN_HIGH,3.6824,-2.1597,0.297,-170.72,1.24,-0.06,15.0,0.0546,0.0692,0.0078,0.597,,1.423,,,,,,
86.267,SCAN_HIGH,3.6821,-2.1579,0.299,-169.66,1.06,-0.06,15.0,0.0464,0.0755,-0.0016,0.593,,1.423,,,,,,
86.387,SCAN_HIGH,3.6795,-2.1568,0.299,-168.66,0.98,0.01,15.0,0.0355,0.0795,0.003,0.593,,1.422,1.398,,,,,
86.419,SCAN_HIGH,3.6768,-2.1551,0.299,-167.73,0.89,0.1,15.0,0.0257,0.0836,-0.0003,0.594,,1.422,1.398,,,,,
86.427,SCAN_HIGH,3.6735,-2.1529,0.301,-166.85,0.6,0.24,15.0,0.0166,0.0866,-0.0033,0.594,,1.424,,,,,,
86.477,SCAN_HIGH,3.6701,-2.1514,0.303,-166.13,0.15,0.58,15.0,0.0111,0.0848,-0.0002,0.594,,1.424,,,,,,
86.519,SCAN_HIGH,3.6667,-2.1481,0.299,-165.45,-0.06,0.81,15.0,0.0084,0.085,-0.0001,0.594,,1.429,1.365,,,,,
86.595,SCAN_HIGH,3.6651,-2.1459,0.3,-164.72,-0.2,1.04,15.0,0.0117,0.0814,-0.0154,0.591,,1.429,1.365,,,,,
86.616,SCAN_HIGH,3.6625,-2.145,0.295,-164.03,-0.47,1.04,15.0,0.0137,0.0736,-0.0099,0.591,,1.434,1.362,,,,,
86.704,SCAN_HIGH,3.6613,-2.1423,0.297,-163.31,-0.16,1.12,15.0,0.0183,0.0714,-0.0251,0.596,,1.434,1.362,,,,,
86.766,SCAN_HIGH,3.66,-2.1404,0.297,-162.62,-0.36,1.25,15.0,0.0229,0.0679,-0.0113,0.596,,1.44,1.366,,,,,
86.831,SCAN_HIGH,3.6581,-2.1384,0.298,-161.96,-0.55,1.7,15.0,0.0279,0.064,-0.0011,0.602,,1.44,1.366,,,,,
86.837,SCAN_HIGH,3.6572,-2.1355,0.298,-161.53,-0.57,1.88,15.0,0.0376,0.0632,0.0067,0.602,,1.449,1.353,,,,,
86.908,SCAN_HIGH,3.6594,-2.1322,0.298,-161.15,-0.59,1.63,15.0,0.0538,0.0635,0.0066,0.614,,1.449,1.353,,,,,
86.959,SCAN_HIGH,3.6612,-2.1299,0.295,-160.87,-0.39,1.28,15.0,0.0633,0.0606,0.0012,0.614,,1.448,1.357,,,,,
87.035,SCAN_HIGH,3.6651,-2.1293,0.296,-160.43,-0.38,0.9,15.0,0.0727,0.0538,-0.0131,0.625,,1.448,1.357,,,,,
87.118,SCAN_HIGH,3.6687,-2.1268,0.299,-159.87,-0.52,1.08,15.0,0.082,0.0523,0.0012,0.625,,1.455,1.356,,,,,
87.188,SCAN_HIGH,3.6731,-2.1247,0.296,-159.32,-0.46,1.06,15.0,0.0924,0.0505,0.0149,0.647,,1.455,1.356,,,,,
87.211,SCAN_HIGH,3.6782,-2.1233,0.299,-158.66,-0.45,0.99,15.0,0.1024,0.0465,0.0101,0.647,,1.464,1.36,,,,,
87.27,SCAN_HIGH,3.6824,-2.1238,0.298,-157.94,-0.45,0.8,15.0,0.106,0.0367,0.0175,0.677,,1.464,1.36,,,,,
87.319,SCAN_HIGH,3.6875,-2.123,0.301,-157.05,-0.43,0.29,15.0,0.1097,0.0319,0.0048,0.677,,1.461,1.364,,,,,
87.338,SCAN_HIGH,3.6936,-2.1227,0.302,-155.99,-0.32,-0.12,15.0,0.1125,0.0255,0.0134,0.715,,1.461,1.364,,,,,
87.363,SCAN_HIGH,3.6982,-2.1233,0.301,-154.81,-0.09,-0.43,15.0,0.1072,0.0173,0.0091,0.715,,1.473,1.371,,,,,
87.445,SCAN_HIGH,3.7048,-2.1242,0.302,-153.57,0.01,-0.71,15.0,0.1061,0.0105,0.0069,0.69,,1.473,1.371,,,,,
87.469,SCAN_HIGH,3.7085,-2.1267,0.299,-152.28,0.25,-0.7,15.0,0.0952,0.0005,0.0138,0.69,,1.483,1.383,,,,,
87.574,SCAN_HIGH,3.7116,-2.1281,0.299,-150.97,0.78,-0.71,15.0,0.083,-0.0025,0.0024,0.676,,1.483,1.383,,,,,
87.59,SCAN_HIGH,3.7139,-2.1306,0.304,-149.74,1.23,-0.53,15.0,0.0691,-0.0037,0.0043,0.676,,1.495,1.412,,,,,
87.603,SCAN_HIGH,3.7164,-2.1327,0.303,-148.55,1.33,-0.3,15.0,0.0585,-0.0001,0.0173,0.674,,1.495,1.412,,,,,
87.612,SCAN_HIGH,3.7191,-2.1354,0.303,-147.43,1.28,-0.26,15.0,0.0517,0.0021,0.0118,0.674,,1.513,1.445,,,,,
87.695,SCAN_HIGH,3.719,-2.136,0.3,-146.4,1.08,-0.2,15.0,0.0374,0.0071,0.0145,0.672,,1.513,1.445,,,,,
87.762,SCAN_HIGH,3.7186,-2.1385,0.308,-145.65,1.05,-0.35,15.0,0.0264,0.0063,0.0049,0.672,,1.53,1.53,,,,,
87.812,SCAN_HIGH,3.7227,-2.1476,0.307,-144.98,0.96,-0.44,15.0,0.0302,-0.0076,0.0152,0.676,,1.53,1.53,,,,,
87.832,SCAN_HIGH,3.7207,-2.1491,0.306,-144.34,0.95,-0.47,15.0,0.0148,-0.0061,0.0084,0.676,,1.54,1.587,,,,,
87.922,SCAN_HIGH,3.7201,-2.1494,0.307,-143.78,0.85,-0.49,15.0,0.004,-0.0024,0.008,0.68,,1.54,1.587,,,,,
87.962,SCAN_HIGH,3.7137,-2.1517,0.307,-143.21,0.88,-0.53,15.0,-0.0187,-0.0042,0.0082,0.68,,1.551,,,,,,
88.017,SCAN_HIGH,3.7093,-2.1528,0.304,-142.83,1.06,-0.24,15.0,-0.0338,-0.0015,0.0007,0.674,,1.551,,,,,,
88.025,SCAN_HIGH,3.7046,-2.1553,0.305,-142.48,1.06,0.29,15.0,-0.0447,0.0015,-0.0066,0.674,,1.566,,,,,,
88.092,SCAN_HIGH,3.7015,-2.1568,0.309,-142.15,1.02,1.1,15.0,-0.0461,0.0093,-0.0018,0.669,,1.566,,,,,,
88.128,SCAN_HIGH,3.6967,-2.1569,0.305,-141.8,0.74,1.51,15.0,-0.0467,0.021,0.0023,0.669,,1.576,,,,,,
88.192,SCAN_HIGH,3.6913,-2.1547,0.305,-141.34,0.67,1.52,15.0,-0.0471,0.0359,-0.0067,0.672,,1.576,,,,,,
88.239,SCAN_HIGH,3.689,-2.153,0.304,-140.78,0.65,1.49,15.0,-0.0411,0.0479,-0.0062,0.672,,1.585,,,,,,
88.286,SCAN_HIGH,3.6842,-2.15,0.304,-140.12,0.16,1.49,15.0,-0.0387,0.0598,-0.0039,0.677,,1.585,,,,,,
88.344,SCAN_HIGH,3.6814,-2.1475,0.305,-139.34,-0.18,1.42,15.0,-0.0312,0.0666,-0.0035,0.677,,1.606,2.064,,,,,
88.413,SCAN_HIGH,3.6788,-2.1446,0.305,-138.52,-0.51,1.21,15.0,-0.0227,0.0701,-0.0042,0.679,,1.606,2.064,,,,,
88.554,SCAN_HIGH,3.6798,-2.14,0.305,-137.65,-0.24,0.98,15.0,-0.01,0.0758,-0.0165,0.679,,1.642,,,,,,
88.586,SCAN_HIGH,3.679,-2.1375,0.305,-136.8,-0.59,1.19,15.0,-0.0019,0.0763,-0.0049,0.689,,1.642,,,,,,
88.649,SCAN_HIGH,3.678,-2.1329,0.306,-135.92,-0.7,1.04,15.0,0.0075,0.0814,-0.0045,0.689,,1.676,,,,,,
88.664,SCAN_HIGH,3.6788,-2.128,0.303,-134.99,-0.79,0.7,15.0,0.0177,0.0836,-0.0007,0.706,,1.676,,,,,,
88.763,SCAN_HIGH,3.6807,-2.1246,0.303,-133.99,-0.9,0.49,15.0,0.0282,0.08,-0.0064,0.706,,1.701,,,,,,
88.779,SCAN_HIGH,3.6841,-2.1206,0.303,-133.02,-0.86,0.43,15.0,0.0412,0.0779,-0.0054,0.719,,1.701,,,,,,
88.834,SCAN_HIGH,3.6874,-2.1176,0.304,-132.02,-0.79,0.23,15.0,0.0502,0.0731,-0.0076,0.719,,1.745,,,,,,
88.889,SCAN_HIGH,3.6914,-2.1143,0.299,-131.08,-0.72,0.14,15.0,0.0594,0.0693,-0.0094,0.721,,1.745,,,,,,
88.902,SCAN_HIGH,3.6945,-2.1132,0.299,-130.16,-0.52,-0.13,15.0,0.0626,0.0593,-0.0259,0.721,,1.785,,,,,,
88.928,SCAN_HIGH,3.6985,-2.1115,0.302,-129.23,-0.31,-0.44,15.0,0.0655,0.0527,-0.0298,0.695,,1.785,,,,,,
88.94,SCAN_HIGH,3.7024,-2.111,0.299,-128.45,-0.01,-0.59,15.0,0.0652,0.0428,-0.0262,0.695,,1.821,,,,,,
88.984,SCAN_HIGH,3.7079,-2.1119,0.299,-127.82,0.41,-0.36,15.0,0.0671,0.0332,-0.0351,0.681,,1.821,,,,,,
89.011,SCAN_HIGH,3.7109,-2.112,0.295,-127.25,0.27,-0.22,15.0,0.0621,0.0293,-0.02,0.681,,1.863,,,,,,
89.091,SCAN_HIGH,3.7158,-2.1132,0.292,-126.63,0.34,-0.42,15.0,0.0626,0.0218,-0.0234,0.672,,1.863,,,,,,
89.141,SCAN_HIGH,3.7188,-2.1142,0.296,-125.9,0.63,-0.66,15.0,0.0563,0.0147,-0.0159,0.672,,1.88,,,,,,
89.24,SCAN_HIGH,3.721,-2.1153,0.294,-125.16,0.77,-0.84,15.0,0.0477,0.0091,-0.0007,0.661,,1.88,,,,,,
89.34,SCAN_HIGH,3.7227,-2.1172,0.293,-124.47,0.7,-0.76,15.0,0.0356,0.001,-0.0058,0.661,,1.924,,,,,,
89.389,SCAN_HIGH,3.7246,-2.1213,0.296,-123.9,0.73,-0.79,15.0,0.03,-0.0104,-0.0045,0.662,,1.924,,,,,,
89.432,SCAN_HIGH,3.7248,-2.1243,0.294,-123.41,0.82,-0.31,15.0,0.0175,-0.0165,0.0048,0.662,,1.94,,,,,,
89.503,SCAN_HIGH,3.7234,-2.1297,0.289,-122.92,0.81,-0.08,15.0,0.0065,-0.0245,-0.0043,0.664,,1.94,,,,,,
89.531,SCAN_HIGH,3.7222,-2.1332,0.29,-122.43,0.64,0.02,15.0,-0.0021,-0.027,-0.0096,0.664,,1.958,,,,,,
89.615,SCAN_HIGH,3.7209,-2.1381,0.291,-121.86,0.6,0.25,15.0,-0.0079,-0.0314,-0.0095,0.667,,1.958,,,,,,
89.682,SCAN_HIGH,3.72,-2.1422,0.289,-121.08,0.47,0.43,15.0,-0.0112,-0.0321,-0.0033,0.667,,1.98,,,,,,
89.706,SCAN_HIGH,3.7165,-2.1489,0.292,-120.22,0.42,0.49,15.0,-0.0183,-0.0387,-0.0029,0.66,,1.98,,,,,,
89.808,SCAN_HIGH,3.7147,-2.1538,0.293,-119.31,0.6,0.23,15.0,-0.0226,-0.0412,0.0039,0.66,,2.017,,,,,,
89.825,SCAN_HIGH,3.713,-2.1584,0.293,-118.46,0.57,0.34,15.0,-0.0266,-0.0426,0.0077,0.646,,2.017,,,,,,
89.839,SCAN_HIGH,3.7111,-2.1627,0.296,-117.69,0.36,0.67,15.0,-0.0287,-0.0418,0.0179,0.646,,2.075,1.819,,,,,
89.847,SCAN_HIGH,3.7082,-2.1684,0.291,-117.04,0.21,0.7,15.0,-0.0308,-0.0442,0.0287,0.634,,2.075,1.819,,,,,
89.853,SCAN_HIGH,3.7067,-2.1754,0.297,-116.58,0.16,0.84,15.0,-0.0287,-0.0493,0.0172,0.634,,2.102,1.792,,,,,
89.875,SCAN_HIGH,3.7046,-2.1798,0.292,-116.16,-0.26,0.89,15.0,-0.026,-0.048,0.0262,0.617,,2.102,1.792,,,,,
89.935,SCAN_HIGH,3.7041,-2.1851,0.298,-115.59,-0.23,0.96,15.0,-0.0188,-0.0497,0.0084,0.617,,2.132,1.769,,,,,
90.012,SCAN_HIGH,3.7046,-2.1903,0.298,-114.97,0.23,1.59,15.0,-0.0109,-0.0463,0.025,0.609,,2.132,1.769,,,,,
90.064,SCAN_HIGH,3.7073,-2.1945,0.295,-114.27,0.87,1.63,15.0,-0.0028,-0.0374,0.0216,0.609,,2.172,1.757,,,,,
90.069,SCAN_HIGH,3.709,-2.199,0.295,-113.61,1.3,2.06,15.0,-0.0014,-0.0268,0.0171,0.588,,2.172,1.757,,,,,
90.143,SCAN_HIGH,3.7117,-2.2038,0.298,-113.04,1.65,2.39,15.0,0.0003,-0.0143,0.0198,0.588,,2.19,1.726,,,,,
90.219,SCAN_HIGH,3.713,-2.2061,0.299,-112.46,1.76,2.58,15.0,-0.0023,0.0053,0.0168,0.575,,2.19,1.726,,,,,
90.29,SCAN_HIGH,3.7141,-2.2068,0.3,-111.94,1.76,2.36,15.0,-0.0058,0.0256,0.0095,0.575,,2.214,1.706,,,,,
90.318,SCAN_HIGH,3.7147,-2.2062,0.3,-111.51,1.64,2.14,15.0,-0.0102,0.0454,0.0076,0.57,,2.214,1.706,,,,,
90.325,SCAN_HIGH,3.7144,-2.204,0.302,-110.94,1.37,2.08,15.0,-0.0148,0.0656,0.0062,0.57,,2.233,1.682,,,,,
90.388,SCAN_HIGH,3.7149,-2.203,0.303,-110.21,1.06,1.81,15.0,-0.016,0.077,0.0078,0.561,,2.233,1.682,,,,,
90.444,SCAN_HIGH,3.7164,-2.1992,0.304,-109.56,0.79,1.6,15.0,-0.0137,0.0908,-0.0022,0.561,,2.289,1.625,,,,,
90.471,SCAN_HIGH,3.7177,-2.1965,0.303,-109.03,0.99,1.59,15.0,-0.0131,0.0996,-0.005,0.559,,2.289,1.625,,,,,
90.515,SCAN_HIGH,3.7173,-2.1942,0.301,-108.35,0.71,1.36,15.0,-0.015,0.1066,-0.0089,0.559,,2.306,1.541,,,,,
90.625,SCAN_HIGH,3.7173,-2.1853,0.3,-107.58,0.64,1.22,15.0,-0.0159,0.1261,-0.0151,0.556,,2.306,1.541,,,,,
90.643,SCAN_HIGH,3.719,-2.185,0.302,-106.76,0.57,0.84,15.0,-0.0134,0.1202,-0.0164,0.556,,2.313,,,,,,
90.664,SCAN_HIGH,3.7196,-2.1801,0.298,-105.94,0.51,0.68,15.0,-0.0132,0.1238,-0.0139,0.552,,2.313,,,,,,
90.752,SCAN_HIGH,3.7206,-2.1772,0.299,-105.17,0.58,0.44,15.0,-0.0131,0.1208,-0.024,0.552,,,,,,,,
90.88,SCAN_HIGH,3.7222,-2.175,0.299,-104.47,0.77,0.06,15.0,-0.0137,0.1146,-0.0175,0.555,,,,,,,,
90.886,SCAN_HIGH,3.7237,-2.1717,0.299,-103.77,0.93,-0.16,15.0,-0.0165,0.1095,-0.0206,0.555,,,0.79,,,,,
90.893,SCAN_HIGH,3.7238,-2.1683,0.298,-103.06,1.1,-0.03,15.0,-0.023,0.1057,-0.0178,0.563,,,0.79,,,,,
90.962,SCAN_HIGH,3.7235,-2.1675,0.295,-102.16,1.07,-0.0,15.0,-0.0299,0.0981,-0.0152,0.563,,,0.749,,,,,
91.035,SCAN_HIGH,3.7219,-2.1673,0.298,-101.17,0.84,-0.16,15.0,-0.0374,0.0885,-0.0169,0.567,,,0.749,,,,,
91.101,SCAN_HIGH,3.718,-2.1703,0.292,-100.16,0.66,-0.09,15.0,-0.0473,0.0732,-0.0087,0.567,,,0.714,,,,,
91.177,SCAN_HIGH,3.7183,-2.1726,0.294,-99.22,0.8,0.21,15.0,-0.047,0.0618,-0.0195,0.584,,,0.714,,,,,
91.26,SCAN_HIGH,3.7183,-2.1742,0.292,-98.34,0.85,0.74,15.0,-0.0472,0.0576,-0.0143,0.584,,,0.689,,,,,
91.274,SCAN_HIGH,3.7114,-2.1734,0.292,-97.47,0.87,1.04,15.0,-0.0628,0.0611,-0.0228,0.595,,,0.689,,,,,
91.33,SCAN_HIGH,3.7083,-2.1749,0.289,-96.56,0.72,1.35,15.0,-0.0677,0.0624,-0.0225,0.595,,,0.667,,,,,
91.389,SCAN_HIGH,3.7043,-2.1763,0.291,-95.61,0.37,1.65,15.0,-0.0716,0.0656,-0.0235,0.626,,,0.667,,,,,
91.467,SCAN_HIGH,3.7009,-2.1764,0.287,-94.62,0.1,1.84,15.0,-0.0718,0.0733,-0.0181,0.626,,,0.653,,,,,
91.508,SCAN_HIGH,3.6949,-2.1748,0.289,-93.72,-0.11,1.67,15.0,-0.0754,0.0831,-0.0269,0.676,,,0.653,,,,,
91.587,SCAN_HIGH,3.6925,-2.1723,0.287,-92.89,-0.34,1.39,15.0,-0.0703,0.0916,-0.0191,0.676,,,0.64,,,,,
91.634,SCAN_HIGH,3.6904,-2.1693,0.286,-92.09,-0.33,1.14,15.0,-0.0642,0.0979,-0.0192,,,,0.64,,,,,
91.652,SCAN_HIGH,3.687,-2.1662,0.285,-91.29,-0.74,0.85,15.0,-0.0601,0.1013,-0.0163,,,,0.636,,,,,
91.658,SCAN_HIGH,3.6863,-2.1623,0.284,-90.53,-1.06,0.53,15.0,-0.047,0.1036,-0.01,1.227,,,0.636,,,,,
91.663,SCAN_HIGH,3.6857,-2.1595,0.284,-89.75,-1.18,0.1,15.0,-0.0344,0.0999,-0.0043,1.227,,,0.626,,,,,
91.681,SCAN_HIGH,3.6862,-2.1557,0.284,-89.09,-0.99,-0.29,15.0,-0.0205,0.0953,0.0014,1.324,,,0.626,,,,,
91.744,SCAN_HIGH,3.6874,-2.1532,0.283,-88.58,-0.67,-0.24,-0.0,-0.0097,0.0865,0.0011,1.324,,,0.627,,,,,
91.793,SCAN_HIGH,3.6895,-2.1516,0.282,-88.23,-0.42,-0.26,-0.0,-0.0007,0.0768,0.0051,1.37,,,0.627,,,,,
91.836,SCAN_HIGH,3.692,-2.1508,0.284,-88.06,-0.03,-0.66,-0.0,0.0057,0.0643,0.0023,1.37,,,0.627,,,,,
91.866,SCAN_HIGH,3.6942,-2.1486,0.282,-88.26,0.2,-0.95,-0.0,0.0096,0.0558,-0.0569,1.377,,,0.627,,,,,
91.93,SCAN_HIGH,3.6962,-2.1479,0.278,-88.61,0.07,-0.91,-0.0,0.0118,0.0437,-0.1533,1.377,,,0.63,,,,,
91.962,SCAN_HIGH,3.699,-2.1486,0.269,-88.95,0.22,-1.09,-0.0,0.0159,0.0295,-0.2094,1.356,,,0.63,,,,,
92.026,SCAN_HIGH,3.702,-2.1499,0.258,-89.37,0.25,-1.05,-0.0,0.0194,0.0149,-0.254,1.356,,,0.638,,,,,
92.065,SCAN_HIGH,3.7079,-2.1536,0.243,-89.86,0.42,-0.71,-0.0,0.0319,0.0002,-0.2854,1.302,,,0.638,,,,,
92.111,SCAN_HIGH,3.711,-2.1559,0.228,-90.32,0.76,-0.41,-0.0,0.0314,-0.009,-0.3098,1.302,,,0.645,,,,,
92.161,SCAN_HIGH,3.7149,-2.1588,0.209,-90.75,0.87,-0.11,-0.0,0.0323,-0.0156,-0.3252,1.227,,,0.645,,,,,
92.222,SCAN_HIGH,3.7183,-2.1651,0.192,-91.0,0.84,-0.03,-0.0,0.0303,-0.0293,-0.3336,1.227,,,0.65,,,,,
92.285,SCAN_HIGH,3.7206,-2.171,0.177,-91.04,0.84,0.43,-0.0,0.0261,-0.039,-0.3373,1.206,,,0.65,,,,,
92.32,SCAN_HIGH,3.7253,-2.1757,0.164,-91.01,0.82,0.78,-0.0,0.0319,-0.0375,-0.3299,1.206,,,0.636,,,,,
92.374,SCAN_HIGH,3.7263,-2.1801,0.144,-90.83,0.93,0.97,-0.0,0.0227,-0.0365,-0.3136,1.268,,,0.636,,,,,
92.422,SCAN_HIGH,3.7225,-2.1984,0.132,-90.51,1.27,0.58,-0.0,-0.001,-0.08,-0.3031,1.268,,,,,,,,
92.462,SCAN_HIGH,3.7162,-2.2101,0.114,-90.01,1.4,0.8,-0.0,-0.0326,-0.0994,-0.2791,1.345,0.724,,,,,,,
92.544,SCAN_LOW,3.7191,-2.208,0.1,-89.19,0.84,1.28,-0.0,-0.0281,-0.0681,-0.2617,1.345,0.724,,0.23,,,,,
92.597,SCAN_LOW,3.7226,-2.2098,0.087,-88.32,0.41,1.53,-0.0,-0.016,-0.0489,-0.2369,1.39,0.71,,0.23,,,,,
92.625,SCAN_LOW,3.7231,-2.2077,0.08,-87.41,0.44,1.74,-0.0,-0.0196,-0.016,-0.2069,1.39,0.71,,0.215,,,,,
92.702,SCAN_LOW,3.7299,-2.2052,0.064,-86.54,0.18,1.6,15.0,0.0066,0.0025,-0.1621,1.396,0.69,,0.215,,,,,
92.767,SCAN_LOW,3.7254,-2.2051,0.06,-85.9,0.44,1.47,15.0,-0.0193,0.035,-0.1369,1.396,0.69,,0.218,,,,,
92.902,SCAN_LOW,3.7197,-2.2053,0.051,-85.31,0.57,1.35,15.0,-0.0471,0.059,-0.1049,1.398,0.693,,0.218,,,,,
92.949,SCAN_LOW,3.7123,-2.2055,0.044,-84.65,0.42,1.16,15.0,-0.0771,0.0801,-0.0794,1.398,0.693,,0.205,,,,,
92.983,SCAN_LOW,3.7046,-2.2043,0.041,-83.95,0.25,0.78,15.0,-0.1032,0.101,-0.0578,1.384,0.694,,0.205,,,,,
93.002,SCAN_LOW,3.6976,-2.2011,0.043,-83.22,0.0,0.15,15.0,-0.1176,0.1069,-0.0317,1.384,0.694,,0.196,,,,,
93.072,SCAN_LOW,3.6907,-2.1965,0.042,-82.47,-0.22,-0.37,15.0,-0.1265,0.1072,-0.0034,1.361,0.749,,0.196,,,,,
93.081,SCAN_LOW,3.6842,-2.1914,0.043,-81.75,-0.49,-0.99,15.0,-0.1304,0.1019,0.0121,1.361,0.749,,0.19,,,,,
93.113,SCAN_LOW,3.6777,-2.1862,0.048,-81.1,-1.04,-1.31,15.0,-0.1185,0.0882,0.0225,1.331,0.901,,0.19,,,,,
93.165,SCAN_LOW,3.6723,-2.1813,0.048,-80.41,-1.17,-1.5,15.0,-0.1076,0.0735,0.0358,1.331,0.901,,0.189,,,,,
93.193,SCAN_LOW,3.6676,-2.1779,0.051,-79.78,-1.27,-1.54,15.0,-0.0825,0.0518,0.0328,1.337,1.317,,0.189,,,,,
93.252,SCAN_LOW,3.6641,-2.1756,0.053,-79.16,-1.15,-1.48,15.0,-0.0606,0.0322,0.0355,1.337,1.317,,0.184,,,,,
93.263,SCAN_LOW,3.6629,-2.1739,0.057,-78.54,-1.14,-1.09,15.0,-0.0361,0.008,0.0285,1.357,1.362,,0.184,,,,,
93.349,SCAN_LOW,3.6627,-2.1737,0.058,-77.84,-1.15,-0.81,15.0,-0.0142,-0.0095,0.024,1.357,1.362,,0.182,,,,,
93.401,SCAN_LOW,3.663,-2.1747,0.058,-77.16,-1.26,-0.79,15.0,0.0059,-0.0219,0.0206,1.389,,,0.182,,,,,
93.482,SCAN_LOW,3.6665,-2.1751,0.06,-76.43,-1.42,-0.82,15.0,0.0291,-0.0413,0.0114,1.389,,,0.185,,,,,
93.495,SCAN_LOW,3.6682,-2.1786,0.06,-75.88,-1.01,-0.6,15.0,0.0546,-0.0496,0.0094,1.383,1.365,,0.185,,,,,
93.564,SCAN_LOW,3.6723,-2.1812,0.057,-75.34,-0.57,-0.32,15.0,0.0693,-0.058,0.0044,1.383,1.365,,0.193,,,,,
