time_s,state,x_m,y_m,z_down_m,yaw_deg,roll_deg,pitch_deg,yaw_ref_deg,vx_ms,vy_ms,vz_ms,range_front_m,range_back_m,range_left_m,range_right_m,range_up_m,target_x_m,target_y_m,frontier_x_m,frontier_y_m
0.244,,0.0,0.0,0.013,0.0,0.0,0.0,0.0,0.0,0.0,0.0,0.67,0.422,,1.261,,,,,
0.247,,0.0007,0.0009,0.014,0.9,-0.33,0.51,0.0,-0.0048,0.0003,-0.0021,0.67,0.422,,1.257,,,,,
0.251,,0.0007,0.0003,0.014,0.9,-0.3,0.5,0.0,-0.004,-0.003,-0.0003,0.668,0.425,,1.257,,,,,
0.254,,0.0009,0.0013,0.013,0.9,-0.34,0.49,0.0,-0.0024,0.0024,-0.0042,0.668,0.425,,1.261,,,,,
0.318,,0.0017,0.0013,0.013,0.9,-0.34,0.45,0.0,0.0021,0.0022,-0.004,0.665,0.425,,1.261,,,,,
0.337,,0.0004,0.0002,0.014,0.9,-0.28,0.51,0.0,-0.0056,-0.0044,-0.0009,0.665,0.425,,1.256,,,,,
0.388,,-0.0001,0.0005,0.014,0.9,-0.3,0.53,0.0,-0.0078,-0.0022,0.0016,0.666,0.424,,1.256,,,,,
0.436,,0.0005,0.002,0.014,0.9,-0.37,0.5,0.0,-0.0038,0.0069,0.0004,0.666,0.424,,1.26,,,,,
0.486,,0.0017,0.0012,0.014,0.9,-0.33,0.46,0.0,0.0026,0.0015,0.0023,0.665,0.426,,1.26,,,,,
0.542,,0.0017,0.0009,0.013,0.9,-0.32,0.46,0.0,0.0022,0.0006,0.0013,0.665,0.426,,1.26,,,,,
0.594,,0.0018,0.002,0.013,0.9,-0.36,0.45,0.0,0.0033,0.0059,0.0006,0.669,0.421,2.468,1.26,,,,,
0.647,,-0.0002,0.0003,0.016,0.9,-0.28,0.54,0.0,-0.0084,-0.0042,0.0003,0.669,0.421,2.468,1.262,,,,,
0.689,,0.0012,0.0003,0.016,0.9,-0.28,0.47,0.0,0.0001,-0.0043,0.0074,0.664,0.427,,1.262,,,,,
0.754,,0.0014,0.0014,0.015,0.89,-0.32,0.47,0.0,0.0008,0.001,0.0109,0.664,0.427,,1.254,,,,,
0.785,,0.0008,0.0003,0.015,0.89,-0.28,0.49,0.0,-0.0025,-0.0051,0.0093,0.671,0.425,,1.254,,,,,
0.838,,0.0012,0.0005,0.011,0.89,-0.28,0.47,0.0,0.0004,-0.0041,0.0078,0.671,0.425,,1.254,,,,,
0.887,,0.0007,0.002,0.011,0.89,-0.36,0.48,0.0,-0.0018,0.0048,-0.0026,0.669,0.425,,1.254,,,,,
0.936,,-0.0003,0.0005,0.015,0.89,-0.29,0.53,0.0,-0.0076,-0.0037,-0.0039,0.669,0.425,,1.253,,,,,
0.985,,0.0012,0.001,0.015,0.89,-0.31,0.46,0.0,0.0011,-0.0012,0.0009,0.665,0.424,,1.253,,,,,
1.072,,0.0012,0.0006,0.013,0.89,-0.29,0.47,0.0,0.0013,-0.0034,-0.0011,0.665,0.424,,1.263,,,,,
1.102,,0.0011,0.002,0.013,0.89,-0.35,0.47,0.0,0.0009,0.0043,-0.0018,0.67,0.426,2.437,1.263,,,,,
1.144,,0.0014,0.0006,0.014,0.89,-0.28,0.47,0.0,0.0017,-0.0046,-0.0019,0.67,0.426,2.437,1.249,,,,,
1.202,,0.0018,0.0006,0.014,0.89,-0.28,0.46,0.0,0.0043,-0.0052,-0.0001,0.67,0.425,,1.249,,,,,
1.235,,0.0012,0.0003,0.012,0.89,-0.26,0.49,0.0,0.0004,-0.0068,-0.001,0.67,0.425,,1.261,,,,,
1.285,,0.0018,0.0003,0.012,0.89,-0.27,0.47,0.0,0.0036,-0.0062,-0.003,0.665,0.427,,1.261,,,,,
1.365,,0.0012,0.0003,0.013,0.89,-0.28,0.5,0.0,-0.0009,-0.0053,0.0006,0.665,0.427,,1.259,,,,,
1.411,,0.0005,0.0014,0.013,0.89,-0.32,0.53,0.0,-0.0047,0.0009,0.0,0.666,0.424,,1.259,,,,,
1.441,,0.0005,0.0011,0.015,0.89,-0.32,0.53,0.0,-0.0045,-0.0004,0.0018,0.666,0.424,,1.249,,,,,
1.497,,0.0013,0.0004,0.015,0.89,-0.28,0.49,0.0,0.0001,-0.0054,0.0052,0.672,0.426,2.464,1.249,,,,,
1.535,,0.0013,0.0003,0.013,0.89,-0.29,0.49,0.0,-0.0004,-0.005,0.0005,0.672,0.426,2.464,1.251,,,,,
1.586,,0.0009,0.0012,0.013,0.89,-0.33,0.51,0.0,-0.0031,-0.0003,0.0003,0.665,0.42,,1.251,,,,,
1.66,,0.0022,0.0003,0.015,0.89,-0.3,0.45,0.0,0.0039,-0.0043,0.0039,0.665,0.42,,1.258,,,,,
1.69,,0.0017,0.002,0.015,0.9,-0.38,0.47,0.0,0.001,0.0055,0.0062,0.663,0.425,,1.258,,,,,
1.752,,0.0019,0.0014,0.014,0.9,-0.34,0.46,0.0,0.0022,0.0013,0.0007,0.663,0.425,,1.25,,,,,
1.789,,0.0018,0.0004,0.014,0.9,-0.29,0.47,0.0,0.0011,-0.0049,0.0017,0.666,0.426,,1.25,,,,,
1.836,,0.0015,0.0012,0.015,0.89,-0.33,0.48,0.0,0.0005,-0.0003,-0.0002,0.666,0.426,,1.252,,,,,
1.885,,0.0009,0.002,0.015,0.89,-0.36,0.51,0.0,-0.003,0.0036,0.0031,0.669,0.427,,1.252,,,,,
1.949,,0.0017,0.002,0.014,0.89,-0.36,0.46,0.0,0.0018,0.004,0.0056,0.669,0.427,,1.261,,,,,
1.996,,0.0017,0.0004,0.014,0.89,-0.29,0.46,0.0,0.0021,-0.0054,0.0039,0.668,0.422,,1.261,,,,,
2.054,,0.0011,0.0003,0.015,0.9,-0.29,0.48,0.0,-0.0017,-0.0039,0.0028,0.668,0.422,,1.254,,,,,
2.087,,0.0009,0.0003,0.015,0.9,-0.29,0.49,0.0,-0.0024,-0.0034,0.0041,0.668,0.424,,1.254,,,,,
2.135,,0.0009,0.0006,0.013,0.9,-0.31,0.49,0.0,-0.0019,-0.0024,0.0018,0.668,0.424,,1.255,,,,,
2.185,,0.001,0.002,0.013,0.9,-0.37,0.47,0.0,-0.0009,0.0052,-0.002,0.67,0.425,2.471,1.255,,,,,
2.251,,0.0011,0.0004,0.011,0.9,-0.29,0.47,0.0,-0.0006,-0.0046,-0.0012,0.67,0.425,2.471,1.251,,,,,
2.29,,0.0019,0.0014,0.011,0.9,-0.33,0.44,0.0,0.0039,0.0014,-0.0067,0.669,0.426,,1.251,,,,,
2.344,,-0.0,0.0005,0.013,0.9,-0.3,0.53,0.0,-0.0074,-0.0034,-0.0058,0.669,0.426,,1.26,,,,,
2.388,,0.0002,0.0005,0.013,0.9,-0.3,0.51,0.0,-0.0059,-0.0038,-0.0037,0.664,0.426,,1.26,,,,,
2.435,,0.0008,0.0003,0.014,0.9,-0.29,0.48,0.0,-0.0023,-0.0039,-0.0041,0.664,0.426,,1.253,,,,,
2.485,,0.0006,0.002,0.014,0.9,-0.36,0.49,0.0,-0.0034,0.0054,0.0007,0.666,0.423,,1.253,,,,,
2.544,,-0.0,0.0005,0.016,0.9,-0.29,0.52,0.0,-0.0067,-0.0038,0.0041,0.666,0.423,,1.25,,,,,
2.606,,0.0014,0.0021,0.016,0.9,-0.36,0.44,0.0,0.0024,0.0045,0.0098,0.664,0.424,,1.25,,,,,
2.637,,0.001,0.0003,0.013,0.9,-0.29,0.46,0.0,-0.0002,-0.0052,0.0052,0.664,0.424,,1.253,,,,,
2.685,,0.0001,0.0005,0.013,0.9,-0.3,0.51,0.0,-0.0047,-0.0029,0.0018,0.67,0.423,2.439,1.253,,,,,
2.736,,0.0012,0.0003,0.013,0.9,-0.3,0.46,0.0,0.0015,-0.0036,-0.0048,0.67,0.423,2.439,1.258,,,,,
2.785,,-0.0,-0.0,0.013,0.0,0.0,0.0,0.0,-0.004,-0.0039,0.0002,0.668,0.421,,1.258,,,,,
2.844,,0.0002,-0.0002,0.014,0.0,-0.0,0.05,0.0,0.0052,-0.0047,0.0007,0.668,0.421,,1.254,,,,,
2.885,,0.0002,-0.0002,0.014,0.01,-0.04,0.23,0.0,0.0039,-0.0049,0.0026,0.668,0.422,,1.254,,,,,
2.941,,0.0011,-0.0001,0.015,0.01,-0.11,0.06,0.0,0.0136,-0.0028,0.002,0.668,0.422,,1.246,,,,,
2.986,,0.0002,0.0007,0.015,0.02,-0.34,0.42,0.0,0.0011,0.0051,0.0064,0.671,0.423,,1.246,,,,,
3.036,,0.0004,-0.0008,0.012,0.02,-0.02,0.42,0.0,0.0015,-0.0097,0.0008,0.671,0.423,,1.251,,,,,
3.086,,0.0003,-0.0002,0.012,0.02,-0.17,0.44,0.0,0.0008,-0.0039,-0.0024,0.666,0.423,,1.251,,,,,
3.14,,-0.0006,-0.0008,0.013,0.02,-0.12,0.57,0.0,-0.0068,-0.0079,0.0042,0.666,0.423,,1.247,,,,,
3.19,,0.0001,0.0009,0.013,0.03,-0.32,0.47,0.0,-0.0004,0.0042,0.0028,0.666,0.424,2.459,1.247,,,,,
3.245,,0.0001,-0.001,0.013,0.03,-0.14,0.48,0.0,-0.0009,-0.0095,0.0039,0.666,0.424,2.459,1.257,,,,,
3.287,,-0.0003,-0.0002,0.013,0.04,-0.24,0.52,0.0,-0.003,-0.0027,0.0018,0.664,0.425,,1.257,,,,,
3.336,,0.0006,-0.001,0.014,0.04,-0.2,0.43,0.0,0.0031,-0.007,-0.0015,0.664,0.425,,1.251,,,,,
3.427,,0.0006,-0.0011,0.014,0.05,-0.2,0.44,0.0,0.0027,-0.0079,0.002,0.666,0.426,,1.251,,,,,
3.459,,0.0014,0.0,0.013,0.05,-0.3,0.4,0.0,0.0069,-0.0002,0.0008,0.666,0.426,,1.26,,,,,
3.495,,0.0005,0.0011,0.013,0.06,-0.36,0.47,0.0,0.0008,0.0052,0.0005,0.668,0.424,,1.26,,,,,
3.552,,0.0003,-0.0008,0.015,0.06,-0.26,0.49,0.0,-0.0013,-0.0051,0.003,0.668,0.424,,1.25,,,,,
3.585,,-0.0008,-0.0007,0.015,0.06,-0.26,0.55,0.0,-0.0068,-0.0053,0.0069,0.667,0.425,,1.25,,,,,
3.634,,0.0005,0.0001,0.017,0.07,-0.31,0.47,0.0,0.001,-0.0005,0.0086,0.667,0.425,,1.262,,,,,
3.728,,0.0005,-0.0007,0.017,0.08,-0.27,0.47,0.0,0.0006,-0.0048,0.014,0.668,0.425,,1.262,,,,,
3.761,,0.0007,0.0001,0.012,0.08,-0.32,0.47,0.0,0.0018,0.0003,0.0039,0.668,0.425,,1.253,,,,,
3.792,,0.0005,0.0011,0.012,0.09,-0.37,0.48,0.0,-0.0004,0.0055,-0.0043,0.667,0.425,,1.253,,,,,
3.851,,-0.0002,-0.0006,0.015,0.09,-0.28,0.5,0.0,-0.0044,-0.005,-0.0054,0.667,0.425,,1.253,,,,,
3.884,,-0.0005,-0.0001,0.015,0.09,-0.31,0.52,0.0,-0.0062,-0.0023,0.0005,0.671,0.426,,1.253,,,,,
3.934,,-0.0002,-0.0008,0.012,0.1,-0.28,0.51,0.0,-0.0039,-0.0059,-0.0093,0.671,0.426,,1.26,,,,,
4.017,,0.0003,0.0001,0.012,0.11,-0.33,0.49,0.0,-0.0018,0.0007,-0.0078,0.668,0.424,,1.26,,,,,
4.049,,0.0003,-0.0001,0.013,0.11,-0.32,0.48,0.0,-0.0016,-0.0005,0.0001,0.668,0.424,,1.25,,,,,
4.105,,0.0014,0.001,0.013,0.12,-0.37,0.42,0.0,0.0054,0.0065,0.0017,0.669,0.425,,1.25,,,,,
4.145,,0.0007,-0.0008,0.013,0.12,-0.28,0.46,0.0,0.001,-0.0047,0.0079,0.669,0.425,,1.247,,,,,
4.185,,-0.0005,-0.0006,0.013,0.12,-0.29,0.52,0.0,-0.0061,-0.0034,0.0046,0.669,0.425,,1.247,,,,,
4.235,,0.0002,-0.0008,0.014,0.13,-0.29,0.47,0.0,-0.0013,-0.0046,0.0023,0.669,0.425,,1.257,,,,,
4.316,,0.0007,-0.0006,0.014,0.13,-0.3,0.44,0.0,0.0018,-0.0028,0.0037,0.667,0.426,2.471,1.257,,,,,
4.352,,0.0002,-0.0006,0.013,0.13,-0.31,0.48,0.0,-0.0013,-0.0022,0.0041,0.667,0.426,2.471,1.259,,,,,
4.402,,0.0011,0.0011,0.013,0.14,-0.39,0.43,0.0,0.0038,0.0068,0.002,0.669,0.424,2.473,1.259,,,,,
4.44,,-0.0002,0.0001,0.014,0.14,-0.33,0.5,0.0,-0.0043,-0.0,0.0003,0.669,0.424,2.473,1.253,,,,,
4.485,,0.0002,-0.0006,0.014,0.15,-0.29,0.47,0.0,-0.001,-0.0043,0.0024,0.664,0.422,,1.253,,,,,
4.535,,0.0004,-0.0005,0.012,0.15,-0.3,0.46,0.0,0.0007,-0.0043,0.0062,0.664,0.422,,1.255,,,,,
4.612,,0.0011,-0.0006,0.012,0.16,-0.3,0.43,0.0,0.0043,-0.0043,-0.0002,0.666,0.425,2.442,1.255,,,,,
4.647,,0.0002,0.001,0.015,0.16,-0.38,0.48,0.0,-0.0018,0.0057,-0.0006,0.666,0.425,2.442,1.247,,,,,
4.688,,0.0004,-0.0007,0.015,0.16,-0.29,0.47,0.0,-0.0004,-0.0052,0.0046,0.67,0.423,,1.247,,,,,
4.742,,-0.0004,-0.0007,0.013,0.17,-0.29,0.5,0.0,-0.0055,-0.0048,0.0098,0.67,0.423,,1.26,,,,,
4.784,,-0.0004,0.001,0.013,0.17,-0.38,0.5,0.0,-0.0051,0.0062,0.0048,0.667,0.425,,1.26,,,,,
4.835,,0.0004,-0.0007,0.013,0.18,-0.29,0.45,0.0,0.0012,-0.0054,0.0036,0.667,0.425,,1.254,,,,,
4.908,,0.0002,-0.0005,0.013,0.18,-0.3,0.46,0.0,-0.0003,-0.0047,0.0001,0.669,0.425,,1.254,,,,,
4.942,,-0.0009,-0.0001,0.015,0.18,-0.32,0.51,0.0,-0.0073,-0.0023,-0.0014,0.669,0.425,,1.258,,,,,
4.997,,-0.0002,-0.0005,0.015,0.19,-0.3,0.48,0.0,-0.003,-0.0042,0.0028,0.667,0.425,2.428,1.258,,,,,
5.038,,0.0002,-0.0007,0.014,0.19,-0.3,0.47,0.0,-0.0006,-0.0048,-0.0,0.667,0.425,2.428,1.261,,,,,
5.085,,0.0007,0.0004,0.014,0.2,-0.36,0.44,0.0,0.0024,0.0023,0.0013,0.668,0.422,,1.261,,,,,
5.134,,0.0009,0.0011,0.015,0.2,-0.39,0.44,0.0,0.0032,0.0066,0.0048,0.668,0.422,,1.25,,,,,
5.214,,0.001,0.0002,0.015,0.21,-0.34,0.44,0.0,0.0041,0.001,0.0061,0.669,0.424,,1.25,,,,,
5.241,,-0.0009,-0.0005,0.015,0.21,-0.3,0.53,0.0,-0.008,-0.0038,0.006,0.669,0.424,,1.265,,,,,
5.305,,0.0004,0.0004,0.015,0.21,-0.34,0.47,0.0,-0.0001,0.0018,0.0058,0.668,0.426,,1.265,,,,,
5.34,,0.0002,-0.0007,0.015,0.22,-0.29,0.48,0.0,-0.0011,-0.0051,0.0046,0.668,0.426,,1.246,,,,,
5.387,,0.0002,0.0002,0.015,0.22,-0.34,0.48,0.0,-0.001,0.0014,0.004,0.668,0.421,,1.246,,,,,
5.434,,-0.0003,-0.0008,0.014,0.23,-0.3,0.51,0.0,-0.0046,-0.0049,0.0056,0.668,0.421,,1.261,,,,,
5.505,,0.0006,0.0011,0.014,0.23,-0.4,0.46,0.0,0.0015,0.0074,0.0006,0.665,0.424,,1.261,,,,,
5.551,,0.0008,-0.0007,0.014,0.24,-0.31,0.45,0.0,0.0025,-0.0039,-0.0021,0.665,0.424,,1.258,,,,,
5.588,,0.0004,0.0011,0.014,0.24,-0.39,0.47,0.0,-0.0003,0.0072,-0.0027,0.667,0.423,,1.258,,,,,
5.648,,0.0004,0.0011,0.014,0.24,-0.38,0.47,0.0,0.0039,-0.0046,-0.0027,0.667,0.423,,1.25,,,,,
5.684,,0.0013,-0.0,0.014,0.25,-0.32,0.42,0.0,0.0051,-0.0006,-0.002,0.668,0.424,,1.25,,,,,
5.734,,0.0001,-0.0005,0.011,0.25,-0.3,0.48,0.0,-0.0017,-0.0033,0.0034,0.668,0.424,,1.255,,,,,
5.821,,0.0008,0.0011,0.011,0.26,-0.39,0.44,0.0,0.0025,0.0065,-0.0069,0.669,0.425,,1.255,,,,,
5.872,,0.001,-0.0006,0.014,0.26,-0.29,0.43,0.0,0.0044,-0.0039,-0.0036,0.669,0.425,,1.266,,,,,
5.896,,-0.0001,0.0011,0.014,0.27,-0.38,0.48,0.0,-0.0022,0.006,-0.002,0.666,0.426,,1.266,,,,,
5.939,,0.0003,-0.0007,0.015,0.27,-0.27,0.46,0.0,0.0008,-0.0045,-0.0026,0.666,0.426,,1.258,,,,,
5.996,,-0.0001,-0.0007,0.015,0.28,-0.28,0.49,0.0,-0.0025,-0.0052,0.0013,0.668,0.425,,1.258,,,,,
6.034,,0.0008,0.0011,0.017,0.28,-0.37,0.44,0.0,0.0024,0.0047,-0.0006,0.668,0.425,,1.252,,,,,
6.11,,0.0003,-0.0006,0.017,0.28,-0.28,0.47,0.0,-0.0001,-0.0051,0.0069,0.666,0.421,2.462,1.252,,,,,
6.152,,0.0007,0.0002,0.013,0.29,-0.33,0.44,0.0,0.0021,0.0001,0.0063,0.666,0.421,2.462,1.251,,,,,
6.186,,0.001,-0.0007,0.013,0.29,-0.29,0.43,0.0,0.0037,-0.0045,0.0017,0.667,0.425,,1.251,,,,,
6.251,,-0.0006,-0.0007,0.014,0.29,-0.29,0.5,0.0,-0.0047,-0.0043,0.001,0.667,0.425,,1.258,,,,,
6.284,,0.0001,-0.0007,0.014,0.29,-0.29,0.48,0.0,0.0003,-0.0037,-0.0,0.668,0.425,,1.258,,,,,
6.334,,0.0006,-0.0002,0.013,0.3,-0.31,0.46,0.0,0.0035,-0.0007,-0.0044,0.668,0.425,,1.254,,,,,
6.421,,0.0001,0.0012,0.013,0.3,-0.36,0.48,0.0,0.0016,0.0062,-0.0042,0.666,0.422,,1.254,,,,,
6.457,,0.0003,0.0,0.013,0.3,-0.31,0.48,0.0,0.0028,-0.0008,-0.0004,0.666,0.422,,1.261,,,,,
6.494,,0.0003,-0.0006,0.013,0.3,-0.28,0.5,-0.0,0.0023,-0.0044,-0.0007,0.664,0.425,,1.261,,,,,
6.537,,-0.0005,-0.0006,0.012,0.31,-0.29,0.52,-0.0,-0.0048,-0.0024,0.0064,0.664,0.425,,1.259,,,,,
6.584,,0.0006,-0.0002,0.012,0.27,-0.35,0.45,-0.0,-0.0019,0.0014,-0.0007,0.665,0.423,,1.259,,,,,
6.634,,0.0001,0.0016,0.015,0.25,-0.38,0.5,-0.0,-0.0077,0.0123,-0.0024,0.665,0.423,,1.257,,,,,
6.714,,0.0008,0.0017,0.015,0.24,-0.38,0.42,-0.0,-0.0059,0.013,0.0037,0.668,0.426,,1.257,,,,,
6.739,,-0.0018,-0.0002,0.01,0.16,-0.28,0.54,-0.0,-0.0208,0.0028,-0.0022,0.668,0.426,,1.258,,,,,
6.804,,-0.0006,0.0002,0.01,0.02,0.03,0.23,-0.0,-0.015,0.0043,-0.0031,0.665,0.424,,1.258,,,,,
6.838,,-0.0008,-0.0015,0.0,-0.06,0.54,-0.02,-0.0,-0.0137,-0.0071,-0.0027,0.665,0.424,,,,,,,
6.885,,-0.0106,-0.006,0.0,-0.08,0.11,-0.25,-0.0,-0.0538,-0.0294,0.0062,0.661,0.427,,,,,,,
6.934,,-0.0119,-0.0067,0.0,-0.01,-0.15,-0.85,-0.0,-0.0418,-0.0258,0.0409,0.661,0.427,,1.34,,,,,
7.013,,-0.0191,-0.0034,0.0,0.03,-0.46,-1.06,-0.0,-0.057,-0.0038,0.0655,0.665,0.433,,1.34,,,,,
7.051,,-0.0187,-0.0076,0.018,0.03,0.1,-0.68,-0.0,-0.0346,-0.0219,0.0959,0.665,0.433,,1.381,,,,,
7.083,,-0.0119,-0.0123,0.018,-0.01,-0.03,-1.23,-0.0,0.0128,-0.0393,0.1355,0.658,0.443,2.446,1.381,,,,,
7.173,,-0.0116,-0.0206,0.05,-0.03,0.02,-0.83,-0.0,0.0196,-0.0705,0.1725,0.658,0.443,2.446,1.386,,,,,
7.186,,-0.0097,-0.0165,0.05,-0.11,-0.6,-0.47,-0.0,0.0294,-0.0318,0.2237,0.656,0.465,2.447,1.386,,,,,
7.235,,-0.0101,-0.0185,0.082,-0.18,-0.66,-0.31,-0.0,0.0243,-0.0315,0.2377,0.656,0.465,2.447,1.392,,,,,
7.308,,-0.0044,-0.0171,0.082,-0.29,-0.72,-0.14,-0.0,0.0475,-0.0116,0.2528,0.645,,,1.392,,,,,
7.335,,0.0013,-0.0181,0.104,-0.4,-0.63,0.1,-0.0,0.0636,-0.0086,0.2628,0.645,,,1.393,,,,,
7.398,,0.0065,-0.0167,0.104,-0.53,-0.66,0.55,-0.0,0.07,0.0048,0.2571,0.64,,,1.393,,,,,
7.438,,0.0132,-0.0157,0.131,-0.64,-0.5,0.56,-0.0,0.0812,0.0132,0.2517,0.64,,,1.395,,,,,
7.483,,0.018,-0.0144,0.131,-0.76,-0.2,0.73,-0.0,0.0803,0.0188,0.2615,0.625,,,1.395,,,,,
7.534,,0.0233,-0.013,0.147,-0.9,-0.03,1.03,-0.0,0.079,0.0222,0.2363,0.625,,,1.402,,,,,
7.606,,0.0272,-0.012,0.147,-1.06,0.07,1.14,-0.0,0.0715,0.0217,0.2261,0.618,,,1.402,,,,,
7.653,,0.0307,-0.0107,0.162,-1.16,0.2,1.35,-0.0,0.0615,0.0216,0.1997,0.618,,,1.398,,,,,
7.71,,0.0339,-0.0092,0.162,-1.17,0.31,1.37,-0.0,0.0517,0.0221,0.2049,0.614,,2.401,1.398,,,,,
7.748,,0.0382,-0.0089,0.183,-1.17,0.49,1.25,-0.0,0.048,0.0161,0.1974,0.614,,2.401,1.402,,,,,
7.787,,0.041,-0.0081,0.183,-1.13,0.5,1.13,-0.0,0.0403,0.0122,0.2077,0.61,,,1.402,,,,,
7.833,,0.043,-0.0078,0.208,-1.1,0.53,0.97,-0.0,0.0316,0.0072,0.2176,0.61,,,1.407,,,,,
7.905,,0.0447,-0.0082,0.208,-1.05,0.43,0.8,-0.0,0.0251,0.0011,0.2198,0.6,,2.402,1.407,,,,,
7.941,,0.0493,-0.0075,0.231,-0.96,0.34,0.67,-0.0,0.0308,0.0002,0.2101,0.6,,2.402,1.415,,,,,
8.002,,0.0514,-0.0089,0.231,-0.88,0.34,0.67,-0.0,0.0273,-0.0068,0.2107,0.602,,2.411,1.415,,,,,
8.037,,0.0559,-0.0092,0.249,-0.76,0.37,0.58,-0.0,0.0324,-0.0096,0.1916,0.602,,2.411,1.407,,,,,
8.083,,0.0575,-0.011,0.249,-0.61,0.32,0.58,-0.0,0.0278,-0.0163,0.1852,0.597,,2.359,1.407,,,,,
8.134,,0.0595,-0.0114,0.261,-0.47,0.07,0.57,-0.0,0.0252,-0.0167,0.1777,0.597,,2.359,1.404,,,,,
8.2,,0.0653,-0.0067,0.261,-0.36,-0.07,0.41,-0.0,0.0346,-0.0008,0.1555,0.59,,2.364,1.404,,,,,
8.254,,0.0678,-0.0074,0.279,-0.27,0.01,0.54,-0.0,0.0328,-0.0024,0.1501,0.59,,2.364,1.408,,,,,
8.306,,0.0698,-0.0086,0.279,-0.2,0.03,0.67,-0.0,0.0293,-0.0053,0.145,0.59,,2.351,1.408,,,,,
8.336,,0.0741,-0.0093,0.288,-0.15,-0.09,0.68,-0.0,0.0311,-0.0066,0.1216,0.59,,2.351,1.404,,,,,
8.393,,0.0761,-0.0102,0.288,-0.07,-0.17,0.72,-0.0,0.0268,-0.007,0.1106,0.584,,,1.404,,,,,
8.433,,0.078,-0.0121,0.302,0.06,-0.27,0.68,-0.0,0.0224,-0.0085,0.0952,0.584,,,1.397,,,,,
8.496,,0.0784,-0.013,0.302,0.23,-0.22,0.63,-0.0,0.0155,-0.0076,0.1016,0.581,,2.347,1.397,,,,,
8.549,,0.0798,-0.0133,0.318,0.43,-0.22,0.52,-0.0,0.0123,-0.0058,0.0996,0.581,,2.347,1.408,,,,,
8.6,,0.0815,-0.014,0.318,0.6,-0.24,0.44,-0.0,0.0109,-0.0046,0.1045,0.582,,2.364,1.408,,,,,
8.636,,0.0864,-0.0131,0.328,0.81,-0.24,0.37,-0.0,0.017,-0.0004,0.0856,0.582,,2.364,1.398,,,,,
8.683,,0.078,-0.0262,0.328,0.96,-0.07,0.43,-0.0,-0.0055,-0.0264,0.0847,0.58,,2.367,1.398,,,,,
8.733,,0.0799,-0.0273,0.334,1.18,-0.26,0.21,-0.0,-0.0038,-0.0249,0.0706,0.58,,2.367,1.397,,,,,
8.788,,0.0814,-0.0287,0.334,1.36,-0.3,0.06,-0.0,-0.0014,-0.0226,0.0646,0.578,,2.355,1.397,,,,,
8.857,,0.0824,-0.0275,0.339,1.47,-0.34,0.05,-0.0,0.0003,-0.0158,0.0496,0.578,,2.355,1.401,,,,,
8.903,,0.0847,-0.0243,0.339,1.56,-0.35,0.0,-0.0,0.0044,-0.0051,0.047,0.579,,2.377,1.401,,,,,
8.943,TAKEOFF,0.0877,-0.0256,0.337,1.68,-0.4,0.01,-0.0,0.0096,-0.004,0.0306,0.579,,2.377,1.405,,,,,
8.983,ROTATION_SCAN,0.0906,-0.0219,0.337,1.8,-0.29,0.08,-0.0,0.0139,0.0061,0.0236,0.579,,2.364,1.405,,,,,
9.044,ROTATION_SCAN,0.097,-0.0199,0.339,1.86,-0.18,0.23,15.0,0.0229,0.0113,0.0313,0.579,,2.364,1.405,,,,,
9.125,ROTATION_SCAN,0.1002,-0.0156,0.339,1.92,-0.14,0.38,15.0,0.0243,0.0193,0.0192,0.575,,2.361,1.405,,,,,
9.158,ROTATION_SCAN,0.105,-0.0145,0.343,2.12,0.01,0.5,15.0,0.0276,0.0201,0.0159,0.575,,2.361,1.407,,,,,
9.208,ROTATION_SCAN,0.1073,-0.0125,0.343,2.39,0.2,0.76,15.0,0.024,0.0212,0.0211,0.577,,2.349,1.407,,,,,
9.243,ROTATION_SCAN,0.1125,-0.0117,0.346,2.76,0.37,1.02,15.0,0.0239,0.0182,0.0227,0.577,,2.349,1.415,,,,,
9.288,ROTATION_SCAN,0.1141,-0.0115,0.346,3.23,0.66,1.24,15.0,0.0159,0.0124,0.0181,0.583,,2.362,1.415,,,,,
9.352,ROTATION_SCAN,0.1163,-0.0101,0.351,3.77,0.61,1.26,15.0,0.0085,0.0078,0.0183,0.583,,2.362,1.412,,,,,
9.393,ROTATION_SCAN,0.1173,-0.0091,0.351,4.42,0.6,1.31,15.0,-0.0005,0.003,0.0221,0.608,,2.351,1.412,,,,,
9.454,ROTATION_SCAN,0.1179,-0.0096,0.351,5.16,0.66,1.34,15.0,-0.01,-0.0041,0.0197,0.608,,2.351,1.418,,,,,
9.512,ROTATION_SCAN,0.1179,-0.0108,0.351,5.99,0.59,1.18,15.0,-0.0187,-0.0121,0.0103,0.639,,2.362,1.418,,,,,
9.551,ROTATION_SCAN,0.1187,-0.0136,0.345,6.93,0.52,0.99,15.0,-0.0241,-0.0213,-0.0057,0.639,,2.362,1.413,,,,,
9.591,ROTATION_SCAN,0.1213,-0.0175,0.345,7.9,0.47,0.8,15.0,-0.0244,-0.0314,-0.0112,0.76,,2.356,1.413,,,,,
9.641,ROTATION_SCAN,0.116,-0.0208,0.347,8.87,0.37,0.69,15.0,-0.0369,-0.0388,-0.0009,0.76,,2.356,1.416,,,,,
9.711,ROTATION_SCAN,0.1194,-0.0204,0.347,9.77,0.19,0.51,15.0,-0.0329,-0.0385,0.0015,1.872,,2.356,1.416,,,,,
9.741,ROTATION_SCAN,0.1222,-0.0322,0.348,10.65,0.16,0.43,15.0,-0.0286,-0.0574,-0.0043,1.872,,2.356,1.425,,,,,
9.802,ROTATION_SCAN,0.1198,-0.0356,0.348,11.45,-0.12,0.3,15.0,-0.0332,-0.0593,0.0024,2.005,,2.377,1.425,,,,,
9.848,ROTATION_SCAN,0.1206,-0.0403,0.344,12.23,-0.41,0.2,15.0,-0.0314,-0.0608,-0.0027,2.005,,2.377,1.431,,,,,
9.905,ROTATION_SCAN,0.1213,-0.0447,0.344,12.97,-0.64,0.11,15.0,-0.0299,-0.0592,-0.0061,2.028,,2.402,1.431,,,,,
9.935,ROTATION_SCAN,0.1199,-0.0482,0.342,13.77,-0.91,0.25,15.0,-0.0326,-0.0543,0.007,2.028,,2.402,1.439,,,,,
9.983,ROTATION_SCAN,0.1212,-0.0502,0.342,14.52,-1.04,0.26,15.0,-0.0315,-0.0462,-0.0012,2.049,,,1.439,,,,,
10.039,ROTATION_SCAN,0.1179,-0.0536,0.342,15.23,-1.22,0.15,15.0,-0.0386,-0.0395,0.0029,2.049,,,1.45,,,,,
10.112,ROTATION_SCAN,0.1183,-0.0557,0.342,15.97,-1.21,0.05,15.0,-0.0385,-0.0305,-0.0006,,,,1.45,,,,,
10.176,ROTATION_SCAN,0.1162,-0.0586,0.346,16.68,-1.25,0.01,15.0,-0.0416,-0.0233,0.0035,,,,1.454,,,,,
10.186,ROTATION_SCAN,0.1138,-0.0565,0.346,17.42,-1.25,0.02,15.0,-0.0456,-0.0077,0.0132,,,,1.454,,,,,
10.241,ROTATION_SCAN,0.1132,-0.0529,0.348,18.14,-1.29,-0.06,15.0,-0.0458,0.0091,0.0115,,,,1.493,,,,,
10.285,ROTATION_SCAN,0.1116,-0.0495,0.348,18.91,-1.18,-0.08,15.0,-0.0476,0.0242,0.0144,,,,1.493,,,,,
10.334,ROTATION_SCAN,0.1093,-0.0454,0.35,19.62,-0.97,-0.01,15.0,-0.05,0.0379,0.0136,,,,,,,,,
10.396,ROTATION_SCAN,0.1052,-0.0386,0.35,20.27,-0.78,-0.07,15.0,-0.0536,0.0529,0.0144,,,,,,,,,
10.471,ROTATION_SCAN,0.1051,-0.0326,0.352,20.94,-0.41,0.05,15.0,-0.052,0.0647,0.0162,,,,,,,,,
10.499,ROTATION_SCAN,0.1038,-0.0301,0.352,21.6,0.12,0.17,15.0,-0.0512,0.0644,0.0143,,,,,,,,,
10.539,ROTATION_SCAN,0.1043,-0.0263,0.353,22.26,0.49,0.14,15.0,-0.0461,0.0627,0.005,,,,,,,,,
10.601,ROTATION_SCAN,0.1033,-0.022,0.353,22.98,0.74,0.12,15.0,-0.0428,0.0598,0.0087,,,,,,,,,
10.633,ROTATION_SCAN,0.1032,-0.0187,0.351,23.73,0.97,0.28,15.0,-0.0378,0.0535,0.0113,,,,,,,,,
10.693,ROTATION_SCAN,0.1031,-0.0171,0.351,24.47,1.13,0.35,15.0,-0.0334,0.0428,0.0046,,,,,,,,,
10.757,ROTATION_SCAN,0.1034,-0.0127,0.355,25.2,1.05,0.39,15.0,-0.029,0.0377,0.0091,,,,,,,,,
10.834,ROTATION_SCAN,0.1035,-0.0135,0.355,25.86,0.96,0.49,15.0,-0.0255,0.024,0.0112,,,,,,,,,
10.853,ROTATION_SCAN,0.1032,-0.0139,0.357,26.49,0.94,0.55,15.0,-0.0242,0.0122,0.0039,,,,,,,,,
10.887,ROTATION_SCAN,0.1042,-0.0151,0.357,27.09,0.9,0.66,15.0,-0.0216,0.0001,0.008,,,,,,,,,
10.953,ROTATION_SCAN,0.108,-0.0187,0.357,27.69,0.75,0.6,15.0,-0.014,-0.0147,-0.0012,,,,,,,,,
10.989,ROTATION_SCAN,0.1054,-0.0232,0.357,28.35,0.59,0.59,15.0,-0.0191,-0.0288,-0.0009,,,,,,,,,
11.033,ROTATION_SCAN,0.1097,-0.0243,0.353,29.01,0.23,0.46,15.0,-0.012,-0.033,-0.0088,,,,,,,,,
11.147,ROTATION_SCAN,0.1086,-0.036,0.353,29.67,-0.01,0.41,15.0,-0.0152,-0.0533,-0.0154,,,,,,,,,
11.176,ROTATION_SCAN,0.1096,-0.0364,0.353,30.26,-0.47,0.26,15.0,-0.0158,-0.0492,-0.0096,,,,,,,,,
11.21,ROTATION_SCAN,0.1111,-0.0401,0.353,30.82,-0.8,0.21,15.0,-0.0157,-0.0479,-0.0165,,,,,,,,,
11.243,ROTATION_SCAN,0.1126,-0.0414,0.351,31.42,-1.0,0.01,15.0,-0.0165,-0.0405,-0.0202,,,,,,,,,
11.29,ROTATION_SCAN,0.1128,-0.0432,0.351,32.03,-1.15,-0.1,15.0,-0.0191,-0.0325,-0.0164,,,,,,,,,
11.338,ROTATION_SCAN,0.1116,-0.0449,0.352,32.65,-1.24,-0.26,15.0,-0.0237,-0.0235,-0.0106,,,,,,,,,
11.388,ROTATION_SCAN,0.1127,-0.0427,0.352,33.27,-1.39,-0.3,15.0,-0.0237,-0.0072,-0.0116,,,,,,,,,
11.47,ROTATION_SCAN,0.1116,-0.0384,0.351,33.97,-1.32,-0.17,15.0,-0.0275,0.0116,-0.0247,,,,,,,,,
11.483,ROTATION_SCAN,0.1111,-0.0329,0.351,34.65,-1.05,0.01,15.0,-0.0314,0.0293,-0.0164,,,,,,,,,
11.569,ROTATION_SCAN,0.1082,-0.0264,0.346,35.34,-0.9,0.12,15.0,-0.039,0.0447,-0.0153,,,,,,,,,
11.589,ROTATION_SCAN,0.1096,-0.0194,0.346,36.07,-0.77,0.23,15.0,-0.0378,0.0582,-0.0277,,,,,,,,,
11.653,ROTATION_SCAN,0.1077,-0.0132,0.342,36.77,-0.59,0.37,15.0,-0.0432,0.0676,-0.0261,,,,,,,,,
11.686,ROTATION_SCAN,0.1079,-0.0047,0.342,37.53,-0.16,0.64,15.0,-0.0441,0.0774,-0.0304,,,,,,,,,
11.773,ROTATION_SCAN,0.1067,0.0007,0.34,38.34,0.29,0.72,15.0,-0.0467,0.0768,-0.0239,,,,,,,,,
11.808,ROTATION_SCAN,0.106,0.0086,0.34,39.19,0.81,0.91,15.0,-0.0461,0.077,-0.0251,,,,,,,,,
11.851,ROTATION_SCAN,0.1035,0.0152,0.337,40.02,1.18,1.07,15.0,-0.0477,0.0709,-0.0316,,,,,,,,,
11.897,ROTATION_SCAN,0.104,0.0204,0.337,40.8,1.39,1.21,15.0,-0.0422,0.0602,-0.0245,,,,,,,,,
11.941,ROTATION_SCAN,0.1046,0.0258,0.335,41.6,1.51,1.17,15.0,-0.0363,0.0497,-0.0187,,,,,,,,,
11.995,ROTATION_SCAN,0.1031,0.0301,0.335,42.39,1.68,1.29,15.0,-0.0345,0.0374,-0.0199,,,,,,,,,
12.033,ROTATION_SCAN,0.1023,0.0315,0.336,43.15,1.81,1.35,15.0,-0.0307,0.0188,-0.0176,,,,0.838,,,,,
12.108,ROTATION_SCAN,0.1018,0.0338,0.336,43.87,1.73,1.41,15.0,-0.0266,0.003,-0.009,,,,0.838,,,,,
12.139,ROTATION_SCAN,0.1024,0.0335,0.334,44.58,1.61,1.33,15.0,-0.021,-0.0159,-0.0067,,,,0.816,,,,,
12.193,ROTATION_SCAN,0.1036,0.0321,0.334,45.24,1.55,1.11,15.0,-0.0143,-0.0329,-0.0075,,,,0.816,,,,,
12.29,ROTATION_SCAN,0.1046,0.0336,0.332,45.86,1.41,0.92,15.0,-0.008,-0.0407,-0.0058,,,,0.803,,,,,
12.329,ROTATION_SCAN,0.1077,0.0316,0.332,46.58,1.14,0.95,15.0,0.002,-0.0536,-0.0087,,,,0.803,,,,,
12.353,ROTATION_SCAN,0.1097,0.0295,0.33,47.43,0.79,1.04,15.0,0.0067,-0.0638,-0.0021,,,,0.787,,,,,
12.418,ROTATION_SCAN,0.1126,0.027,0.33,48.37,0.42,0.84,15.0,0.0111,-0.0721,-0.0094,,,,0.787,,,,,
12.435,ROTATION_SCAN,0.1167,0.022,0.335,49.37,0.09,0.9,15.0,0.0161,-0.0822,-0.0069,,,,0.771,,,,,
12.485,ROTATION_SCAN,0.1195,0.0195,0.335,50.36,-0.25,0.87,15.0,0.0152,-0.0834,-0.0008,,,,0.771,,,,,
12.555,ROTATION_SCAN,0.1202,0.0161,0.332,51.45,-0.35,0.85,15.0,0.0089,-0.0857,-0.0114,,,,0.757,,,,,
12.625,ROTATION_SCAN,0.1213,0.0134,0.332,52.43,-0.44,0.74,15.0,0.0039,-0.0855,-0.0074,,,,0.757,,,,,
12.644,ROTATION_SCAN,0.1235,0.0114,0.328,53.26,-0.66,0.57,15.0,0.0021,-0.0821,-0.0243,,,,0.744,,,,,
12.707,ROTATION_SCAN,0.1238,0.0107,0.328,54.06,-0.89,0.39,15.0,-0.0052,-0.0744,-0.0125,,,,0.744,,,,,
12.747,ROTATION_SCAN,0.1229,0.0066,0.324,54.85,-0.86,0.31,15.0,-0.014,-0.0727,-0.01,,,,0.731,,,,,
12.789,ROTATION_SCAN,0.1209,0.006,0.324,55.66,-0.69,0.34,15.0,-0.0239,-0.0646,-0.0141,,,,0.731,,,,,
12.832,ROTATION_SCAN,0.1188,0.0048,0.322,56.43,-0.7,0.28,15.0,-0.032,-0.0591,0.0018,,,,0.718,,,,,
12.934,ROTATION_SCAN,0.1157,0.0052,0.322,57.27,-0.61,0.35,15.0,-0.0411,-0.0504,-0.0101,,,,0.718,,,,,
12.941,ROTATION_SCAN,0.1116,0.0016,0.321,58.04,-0.38,0.31,15.0,-0.0509,-0.0527,-0.0197,,,,0.704,,,,,
12.987,ROTATION_SCAN,0.1087,0.0018,0.321,58.81,-0.18,0.26,15.0,-0.0549,-0.0473,-0.0073,,,,0.704,,,,,
13.057,ROTATION_SCAN,0.1043,0.0016,0.322,59.61,-0.06,0.21,15.0,-0.0606,-0.0436,-0.0018,,,,0.693,,,,,
13.117,ROTATION_SCAN,0.1029,0.0031,0.322,60.4,0.18,0.09,15.0,-0.0571,-0.0366,-0.0016,,,,0.693,,,,,
13.14,ROTATION_SCAN,0.1006,0.0048,0.322,61.22,0.44,0.09,15.0,-0.0539,-0.0301,-0.0026,,,,0.681,,,,,
13.2,ROTATION_SCAN,0.096,0.0057,0.322,62.04,0.6,0.12,15.0,-0.0549,-0.0275,-0.0013,,,,0.681,,,,,
13.238,ROTATION_SCAN,0.0932,0.0058,0.321,62.84,0.73,0.06,15.0,-0.0505,-0.0269,-0.01,,,,0.672,,,,,
13.308,ROTATION_SCAN,0.092,0.008,0.321,63.66,0.94,0.04,15.0,-0.0417,-0.0221,-0.0062,,,,0.672,,,,,
13.35,ROTATION_SCAN,0.0897,0.0079,0.322,64.43,1.11,0.1,15.0,-0.0348,-0.0239,0.0037,,,,0.664,,,,,
13.409,ROTATION_SCAN,0.0906,0.0095,0.322,65.07,1.0,0.12,15.0,-0.0217,-0.0219,-0.0054,,,,0.664,,,,,
13.432,ROTATION_SCAN,0.0921,0.009,0.321,65.72,0.98,0.18,15.0,-0.0089,-0.0249,-0.0092,,,,0.658,,,,,
13.496,ROTATION_SCAN,0.0946,0.0093,0.321,66.32,0.96,0.07,15.0,0.0042,-0.0257,-0.0075,,,,0.658,,,,,
13.557,ROTATION_SCAN,0.0976,0.0125,0.321,66.89,0.89,0.09,15.0,0.0175,-0.0196,-0.0099,,,,0.65,,,,,
13.582,ROTATION_SCAN,0.1013,0.0169,0.321,67.38,0.76,0.05,15.0,0.0298,-0.0112,-0.0082,,,,0.65,,,,,
13.639,ROTATION_SCAN,0.1044,0.0163,0.314,67.86,0.44,0.29,15.0,0.0378,-0.0143,-0.0131,,,,0.638,,,,,
13.707,ROTATION_SCAN,0.1089,0.0191,0.314,68.38,-0.09,0.4,15.0,0.0441,-0.0098,-0.0288,,,,0.638,,,,,
13.737,ROTATION_SCAN,0.1127,0.0199,0.318,68.97,-0.35,0.65,15.0,0.0448,-0.0101,-0.0305,,,,0.626,,,,,
13.798,ROTATION_SCAN,0.1172,0.0216,0.318,69.62,-0.57,0.95,15.0,0.0437,-0.01,-0.0064,,,,0.626,,,,,
13.842,ROTATION_SCAN,0.1217,0.0239,0.321,70.34,-0.69,1.2,15.0,0.0415,-0.0104,-0.003,,,,0.611,,,,,
13.894,ROTATION_SCAN,0.125,0.0267,0.321,71.16,-0.84,1.33,15.0,0.0355,-0.0107,0.0008,,,,0.611,,,,,
13.963,ROTATION_SCAN,0.1276,0.0271,0.32,71.93,-1.05,1.43,15.0,0.0265,-0.0167,0.0084,,,,0.597,,,,,
13.989,ROTATION_SCAN,0.129,0.0289,0.32,72.69,-1.23,1.48,15.0,0.0149,-0.0188,-0.0029,,1.549,,0.597,,,,,
14.032,ROTATION_SCAN,0.1322,0.0299,0.317,73.48,-1.18,1.43,15.0,0.0079,-0.0228,-0.0209,,1.549,,0.586,,,,,
14.105,ROTATION_SCAN,0.1332,0.0316,0.317,74.26,-1.13,1.31,15.0,-0.0031,-0.0247,-0.0108,,,,0.586,,,,,
14.172,ROTATION_SCAN,0.1322,0.0321,0.314,75.08,-1.05,1.28,15.0,-0.0164,-0.0285,-0.0073,,,,0.575,,,,,
14.192,ROTATION_SCAN,0.1308,0.0326,0.314,75.94,-1.0,1.29,15.0,-0.0283,-0.0321,-0.0133,,1.519,,0.575,,,,,
14.235,ROTATION_SCAN,0.1288,0.0317,0.309,76.71,-0.91,1.31,15.0,-0.0394,-0.0389,-0.0139,,1.519,,0.57,,,,,
14.286,ROTATION_SCAN,0.1257,0.0311,0.309,77.44,-0.76,1.3,15.0,-0.0512,-0.0445,-0.0206,,1.51,,0.57,3.766,,,,
14.355,ROTATION_SCAN,0.122,0.0331,0.306,78.24,-0.53,1.22,15.0,-0.0626,-0.0413,-0.0222,,1.51,,0.567,3.766,,,,
14.391,ROTATION_SCAN,0.1176,0.0343,0.306,79.06,-0.3,1.13,15.0,-0.0697,-0.0456,-0.017,,1.506,,0.567,,,,,
14.45,ROTATION_SCAN,0.1127,0.0341,0.3,79.78,-0.07,1.12,15.0,-0.0762,-0.0499,-0.0064,,1.506,,0.569,,,,,
14.494,ROTATION_SCAN,0.1079,0.0346,0.3,80.47,0.04,1.14,15.0,-0.08,-0.0521,-0.0204,,1.498,,0.569,,,,,
14.535,ROTATION_SCAN,0.1053,0.0324,0.305,81.17,0.19,1.06,15.0,-0.0778,-0.0605,-0.0125,,1.498,,0.572,,,,,
14.584,ROTATION_SCAN,0.1023,0.0315,0.305,81.93,0.29,0.97,15.0,-0.075,-0.0645,0.0022,,1.489,,0.572,,,,,
14.652,ROTATION_SCAN,0.0991,0.0317,0.306,82.73,0.57,0.83,15.0,-0.0716,-0.0652,0.0067,,1.489,,0.578,,,,,
14.682,ROTATION_SCAN,0.0949,0.0292,0.306,83.63,0.63,0.83,15.0,-0.0689,-0.0707,0.0077,,1.487,,0.578,,,,,
14.751,ROTATION_SCAN,0.0939,0.0296,0.307,84.57,0.8,0.78,15.0,-0.0586,-0.0694,0.0136,,1.487,,0.578,,,,,
14.787,ROTATION_SCAN,0.0922,0.0274,0.307,85.51,0.79,0.76,15.0,-0.0499,-0.0733,0.0093,2.352,1.471,,0.578,,,,,
14.834,ROTATION_SCAN,0.0911,0.0251,0.31,86.47,0.76,0.79,15.0,-0.0411,-0.0773,0.0072,2.352,1.471,,0.589,,,,,
14.895,ROTATION_SCAN,0.0928,0.0255,0.31,87.41,0.82,0.69,15.0,-0.0271,-0.075,0.0149,2.324,1.469,,0.589,,,,,
14.937,ROTATION_SCAN,0.0979,0.031,0.313,88.24,0.77,0.58,15.0,-0.0072,-0.0608,0.0116,2.324,1.469,,0.595,,,,,
15.019,ROTATION_SCAN,0.0974,0.0283,0.313,88.98,0.62,0.49,15.0,-0.0019,-0.065,0.0153,2.31,1.463,,0.595,,,,,
15.106,NAV_TO_LANDING,0.0987,0.0325,0.313,89.67,0.29,0.66,15.0,0.0045,-0.0542,0.0059,2.31,1.463,,0.606,,,,,
15.42,NAV_WAYPOINT,0.1061,0.0388,0.313,90.48,0.08,0.67,15.0,0.021,-0.041,0.0095,2.31,1.453,,0.606,,0.08,-1.3,1.18,-1.38
15.446,NAV_WAYPOINT,0.1074,0.0396,0.31,91.37,-0.18,0.76,-0.0,0.0213,-0.0408,0.0025,2.31,1.453,,0.62,,0.08,-1.3,1.18,-1.38
15.487,NAV_WAYPOINT,0.1086,0.0389,0.31,92.22,-0.28,0.33,-0.0,0.0198,-0.043,-0.002,2.31,1.451,,0.62,,0.08,-1.3,1.18,-1.38
15.509,NAV_WAYPOINT,0.1094,0.0367,0.315,92.97,-0.5,-0.01,-0.0,0.0164,-0.0448,0.0039,2.31,1.451,,0.649,,0.08,-1.3,1.18,-1.38
15.526,NAV_WAYPOINT,0.1106,0.0347,0.315,93.57,-0.57,-0.23,-0.0,0.0129,-0.0435,0.0071,2.31,1.452,,0.649,,0.08,-1.3,1.18,-1.38
15.553,NAV_WAYPOINT,0.1115,0.0351,0.311,93.97,-0.66,-0.42,-0.0,0.0083,-0.0361,-0.0039,2.31,1.452,,0.686,,0.08,-1.3,1.18,-1.38
15.564,NAV_WAYPOINT,0.1087,0.0327,0.311,94.29,-0.71,-0.4,-0.0,-0.0042,-0.0344,-0.0072,2.327,1.448,,0.686,,0.08,-1.3,1.18,-1.38
15.593,NAV_WAYPOINT,0.107,0.0347,0.306,94.58,-0.48,-0.34,-0.0,-0.0126,-0.0234,-0.0081,2.327,1.448,,0.735,,0.08,-1.3,1.18,-1.38
15.599,NAV_WAYPOINT,0.1032,0.0352,0.306,94.84,-0.27,-0.18,-0.0,-0.023,-0.0182,-0.0212,2.321,1.455,,0.735,,0.08,-1.3,1.18,-1.38
15.631,NAV_WAYPOINT,0.0996,0.0403,0.311,95.14,-0.21,0.97,-0.0,-0.0305,-0.0055,-0.0098,2.321,1.455,,,,0.08,-1.3,1.18,-1.38
15.639,NAV_WAYPOINT,0.0947,0.0445,0.311,95.41,-0.04,2.93,-0.0,-0.0378,-0.0108,-0.0058,2.312,1.457,,,,0.08,-1.3,1.18,-1.38
15.646,NAV_WAYPOINT,0.0928,0.0449,0.31,95.6,-0.0,4.09,-0.0,-0.0353,-0.0358,-0.0177,2.312,1.457,,,,0.08,-1.3,1.18,-1.38
15.712,NAV_WAYPOINT,0.0896,0.0446,0.31,95.73,-0.01,4.79,-0.0,-0.0351,-0.068,-0.0126,2.308,1.456,,,,0.08,-1.3,1.18,-1.38
15.743,NAV_WAYPOINT,0.0855,0.0414,0.307,95.81,0.01,5.08,-0.0,-0.0365,-0.1071,-0.0134,2.308,1.456,,,,0.08,-1.3,1.18,-1.38
15.812,NAV_WAYPOINT,0.0844,0.0374,0.307,95.76,0.2,4.94,-0.0,-0.0301,-0.1438,-0.0211,2.308,1.452,,,,0.08,-1.3,1.18,-1.38
15.853,NAV_WAYPOINT,0.0811,0.0279,0.303,95.68,0.27,4.6,-0.0,-0.0286,-0.1879,-0.0237,2.308,1.452,,,,0.08,-1.3,1.18,-1.38
15.884,NAV_WAYPOINT,0.079,0.0197,0.303,95.57,0.43,4.11,-0.0,-0.0238,-0.2208,-0.0229,2.33,1.443,,,,0.08,-1.3,1.18,-1.38
15.934,NAV_WAYPOINT,0.0757,0.007,0.301,95.4,0.57,3.45,-0.0,-0.0217,-0.2553,-0.0176,2.33,1.443,,,,0.08,-1.3,1.18,-1.38
16.01,NAV_WAYPOINT,0.0731,-0.0023,0.301,95.2,0.57,2.61,-0.0,-0.0181,-0.2722,-0.0144,2.347,1.419,,,,0.08,-1.3,1.18,-1.38
16.051,NAV_WAYPOINT,0.0739,-0.0148,0.303,94.95,0.62,1.85,-0.0,-0.0078,-0.2876,-0.0002,2.347,1.419,,0.66,,0.08,-1.3,1.18,-1.38
16.125,NAV_WAYPOINT,0.0733,-0.0273,0.303,94.68,0.44,1.13,-0.0,-0.0027,-0.2949,0.0048,2.371,1.4,,0.66,,0.08,-1.3,1.18,-1.38
16.161,NAV_WAYPOINT,0.073,-0.039,0.299,94.38,0.43,0.67,-0.0,0.001,-0.2946,0.0022,2.371,1.4,,0.627,,0.08,-1.3,1.18,-1.38
16.197,NAV_WAYPOINT,0.0725,-0.0495,0.299,94.02,0.29,0.41,-0.0,0.0032,-0.2889,-0.0012,2.38,1.376,,0.627,,0.08,-1.3,1.18,-1.38
16.237,NAV_WAYPOINT,0.0701,-0.0612,0.299,93.63,0.28,0.32,-0.0,-0.0004,-0.2845,0.0049,2.38,1.376,,0.609,,0.08,-1.3,1.18,-1.38
16.3,NAV_WAYPOINT,0.0703,-0.0725,0.299,93.26,0.17,0.41,-0.0,0.0021,-0.2796,0.0056,2.419,1.352,,0.609,,0.08,-1.3,1.18,-1.38
16.344,NAV_WAYPOINT,0.0706,-0.0869,0.305,92.89,0.07,0.49,-0.0,0.0039,-0.2845,0.0124,2.419,1.352,,0.607,,0.08,-1.3,1.18,-1.38
16.391,NAV_WAYPOINT,0.0706,-0.0963,0.305,92.59,0.03,0.61,-0.0,0.0045,-0.2765,0.0173,2.425,1.335,,0.607,,0.08,-1.3,1.18,-1.38
16.436,NAV_WAYPOINT,0.0687,-0.1111,0.305,92.3,0.02,0.75,-0.0,-0.0004,-0.2847,0.0108,2.425,1.335,,0.604,,0.08,-1.3,1.18,-1.38
16.513,NAV_WAYPOINT,0.0672,-0.122,0.305,92.05,-0.03,0.83,-0.0,-0.0042,-0.2827,0.0099,2.45,1.318,,0.604,,0.08,-1.3,1.18,-1.38
16.542,NAV_WAYPOINT,0.0653,-0.1324,0.301,91.86,-0.12,0.78,-0.0,-0.0087,-0.2789,-0.0005,2.45,1.318,,0.61,,0.08,-1.3,1.18,-1.38
16.6,NAV_WAYPOINT,0.0633,-0.1448,0.301,91.79,-0.19,0.78,-0.0,-0.0135,-0.2818,-0.0057,2.46,1.302,,0.61,,0.08,-1.3,1.18,-1.38
16.654,NAV_WAYPOINT,0.061,-0.1575,0.306,91.74,-0.11,0.76,-0.0,-0.0188,-0.2844,-0.0065,2.46,1.302,,0.62,,0.08,-1.3,1.18,-1.38
16.715,NAV_WAYPOINT,0.0589,-0.1673,0.306,91.77,-0.07,0.73,-0.0,-0.0222,-0.2794,0.0072,2.496,1.281,,0.62,,0.08,-1.3,1.18,-1.38
16.745,NAV_WAYPOINT,0.0583,-0.1782,0.319,91.78,0.01,0.58,-0.0,-0.021,-0.2778,0.0211,2.496,1.281,,0.625,,0.08,-1.3,1.18,-1.38
16.797,NAV_WAYPOINT,0.0573,-0.1887,0.319,91.85,0.02,0.51,-0.0,-0.0203,-0.2726,0.0318,2.525,1.256,,0.625,,0.08,-1.3,1.18,-1.38
16.838,NAV_WAYPOINT,0.0561,-0.1979,0.334,91.91,-0.04,0.47,-0.0,-0.0208,-0.2661,0.0401,2.525,1.256,,0.629,,0.08,-1.3,1.18,-1.38
16.886,NAV_WAYPOINT,0.0544,-0.2105,0.334,91.99,0.07,0.57,-0.0,-0.0223,-0.2669,0.0462,2.53,1.233,,0.629,,0.08,-1.3,1.18,-1.38
16.961,NAV_WAYPOINT,0.052,-0.2218,0.354,92.06,0.08,0.67,-0.0,-0.0251,-0.2679,0.0525,2.53,1.233,,0.631,,0.08,-1.3,1.18,-1.38
16.991,NAV_WAYPOINT,0.0502,-0.2349,0.354,92.15,0.15,0.84,-0.0,-0.0254,-0.2708,0.0604,2.543,1.213,,0.631,,0.08,-1.3,1.18,-1.38
17.035,NAV_WAYPOINT,0.0473,-0.2473,0.372,92.37,0.11,1.0,-0.0,-0.0286,-0.2761,0.0746,2.543,1.213,,0.636,,0.08,-1.3,1.18,-1.38
17.111,NAV_WAYPOINT,0.0462,-0.2611,0.372,92.65,0.44,0.92,-0.0,-0.0257,-0.2809,0.0548,2.561,1.186,,0.636,,0.08,-1.3,1.18,-1.38
17.131,NAV_WAYPOINT,0.044,-0.2735,0.345,92.86,0.6,0.86,-0.0,-0.0245,-0.2823,-0.0144,2.561,1.186,,0.643,,0.08,-1.3,1.18,-1.38
17.212,NAV_WAYPOINT,0.042,-0.287,0.345,93.0,0.62,0.82,-0.0,-0.0216,-0.2869,-0.0931,2.584,1.166,,0.643,,0.08,-1.3,1.18,-1.38
17.276,NAV_WAYPOINT,0.0395,-0.3013,0.322,92.99,0.52,0.72,-0.0,-0.0201,-0.2922,-0.1125,2.584,1.166,,0.647,,0.08,-1.3,1.18,-1.38
17.283,NAV_WAYPOINT,0.0372,-0.3151,0.322,92.83,0.38,0.68,-0.0,-0.0195,-0.2962,-0.148,2.624,1.142,,0.647,,0.08,-1.3,1.18,-1.38
17.361,NAV_WAYPOINT,0.0344,-0.3282,0.292,92.53,0.25,0.46,-0.0,-0.0218,-0.2945,-0.184,2.624,1.142,,0.655,,0.08,-1.3,1.18,-1.38
17.43,NAV_WAYPOINT,0.0315,-0.3391,0.292,92.05,0.24,0.32,-0.0,-0.0238,-0.2902,-0.1754,,1.116,,0.655,,0.08,-1.3,1.18,-1.38
17.465,NAV_WAYPOINT,0.0293,-0.3561,0.269,91.46,0.36,0.45,-0.0,-0.0236,-0.2981,-0.164,,1.116,,0.668,,0.08,-1.3,1.18,-1.38
17.483,NAV_WAYPOINT,0.0252,-0.3675,0.269,90.79,0.56,0.45,-0.0,-0.0268,-0.295,-0.1453,,1.09,,0.668,,0.08,-1.3,1.18,-1.38
17.545,NAV_WAYPOINT,0.0211,-0.3805,0.261,90.13,0.73,0.78,-0.0,-0.0286,-0.2945,-0.1134,,1.09,,0.672,,0.08,-1.3,1.18,-1.38
17.595,NAV_WAYPOINT,0.0192,-0.3909,0.261,89.5,0.98,0.67,-0.0,-0.022,-0.2912,-0.0655,,1.067,,0.672,,0.08,-1.3,1.18,-1.38
17.667,NAV_WAYPOINT,0.0173,-0.4042,0.261,88.9,1.11,0.6,-0.0,-0.0157,-0.2937,-0.0319,,1.067,,0.679,,0.08,-1.3,1.18,-1.38
17.686,NAV_WAYPOINT,0.0161,-0.4192,0.261,88.36,1.17,0.34,-0.0,-0.0074,-0.299,0.0015,,1.044,,0.679,,0.08,-1.3,1.18,-1.38
17.743,NAV_WAYPOINT,0.0153,-0.4322,0.262,87.99,1.12,0.37,-0.0,0.0011,-0.2971,0.0255,,1.044,,0.679,,0.08,-1.3,1.18,-1.38
17.804,NAV_WAYPOINT,0.0153,-0.4436,0.262,87.78,1.09,0.52,-0.0,0.0099,-0.2916,0.0406,,1.024,,0.679,,0.08,-1.3,1.18,-1.38
17.861,NAV_WAYPOINT,0.0167,-0.4573,0.268,87.76,0.99,0.5,-0.0,0.0209,-0.2939,0.0581,,1.024,,0.68,,0.08,-1.3,1.18,-1.38
17.897,NAV_WAYPOINT,0.0178,-0.4725,0.268,87.92,0.76,0.47,-0.0,0.0282,-0.2984,0.0593,,0.997,,0.68,,0.08,-1.3,1.18,-1.38
17.97,NAV_WAYPOINT,0.0182,-0.4857,0.27,88.37,0.4,0.63,-0.0,0.03,-0.2973,0.0535,,0.997,,0.682,,0.08,-1.3,1.18,-1.38
17.986,NAV_WAYPOINT,0.0201,-0.5011,0.27,89.11,0.31,0.52,-0.0,0.0342,-0.3042,0.0478,,0.962,,0.682,,0.08,-1.3,1.18,-1.38
18.059,NAV_WAYPOINT,0.021,-0.5143,0.277,89.95,0.47,0.43,-0.0,0.0347,-0.302,0.06,,0.962,,0.678,,0.08,-1.3,1.18,-1.38
18.088,NAV_WAYPOINT,0.0222,-0.5284,0.277,90.84,0.75,0.32,-0.0,0.0373,-0.3024,0.0581,,0.931,,0.678,,0.08,-1.3,1.18,-1.38
18.13,NAV_WAYPOINT,0.0233,-0.542,0.286,91.76,1.07,0.25,-0.0,0.0418,-0.2991,0.0577,,0.931,,0.678,,0.08,-1.3,1.18,-1.38
18.188,NAV_WAYPOINT,0.0251,-0.5554,0.286,92.54,1.1,0.31,-0.0,0.05,-0.2963,0.0663,,0.903,,0.678,,0.08,-1.3,1.18,-1.38
18.272,NAV_WAYPOINT,0.0284,-0.5699,0.292,93.17,0.76,0.35,-0.0,0.0602,-0.2972,0.0572,,0.903,,0.675,,0.08,-1.3,1.18,-1.38
18.311,NAV_WAYPOINT,0.0324,-0.5835,0.292,93.72,0.46,0.18,-0.0,0.0686,-0.2957,0.0547,,0.88,,0.675,,0.08,-1.3,1.18,-1.38
18.342,NAV_WAYPOINT,0.0357,-0.5959,0.295,94.31,0.12,0.14,-0.0,0.0707,-0.2888,0.0373,,0.88,,0.67,,0.08,-1.3,1.18,-1.38
18.385,NAV_WAYPOINT,0.0404,-0.6098,0.295,94.94,-0.09,0.19,-0.0,0.0745,-0.2888,0.0381,,0.855,,0.67,,0.08,-1.3,1.18,-1.38
18.432,NAV_WAYPOINT,0.0451,-0.623,0.299,95.63,-0.09,0.35,-0.0,0.0767,-0.2869,0.0438,,0.855,,0.663,,0.08,-1.3,1.18,-1.38
18.499,NAV_WAYPOINT,0.0493,-0.6351,0.299,96.09,-0.43,0.49,-0.0,0.0765,-0.2834,0.0396,,0.824,,0.663,,0.08,-1.3,1.18,-1.38
18.541,NAV_WAYPOINT,0.0549,-0.6504,0.305,96.32,-0.78,0.56,-0.0,0.0777,-0.2908,0.0328,,0.824,,0.653,,0.08,-1.3,1.18,-1.38
18.633,NAV_WAYPOINT,0.0588,-0.6646,0.305,96.38,-1.38,0.45,-0.0,0.0703,-0.2952,0.0333,2.949,0.797,,0.653,,0.08,-1.3,1.18,-1.38
18.65,NAV_WAYPOINT,0.0633,-0.6783,0.304,96.34,-1.62,0.5,-0.0,0.0616,-0.2971,0.0257,2.949,0.797,,0.64,,0.08,-1.3,1.18,-1.38
18.698,NAV_WAYPOINT,0.0672,-0.692,0.304,96.21,-1.47,0.6,-0.0,0.0521,-0.2994,0.015,,0.772,,0.64,,0.08,-1.3,1.18,-1.38
18.743,NAV_WAYPOINT,0.0705,-0.7061,0.308,96.01,-1.43,0.65,-0.0,0.0431,-0.303,0.0144,,0.772,,0.629,,0.08,-1.3,1.18,-1.38
18.784,NAV_WAYPOINT,0.0735,-0.7218,0.308,95.74,-1.38,0.51,-0.0,0.0345,-0.3102,0.0112,3.016,0.745,,0.629,,0.08,-1.3,1.18,-1.38
18.848,NAV_WAYPOINT,0.0754,-0.7372,0.305,95.4,-1.14,0.43,-0.0,0.0255,-0.3145,-0.0005,3.016,0.745,,0.631,,0.08,-1.3,1.18,-1.38
18.886,NAV_WAYPOINT,0.0765,-0.7509,0.305,95.05,-0.95,0.18,-0.0,0.0165,-0.3129,-0.0066,,0.716,,0.631,,0.08,-1.3,1.18,-1.38
18.955,NAV_WAYPOINT,0.0778,-0.768,0.303,94.71,-0.59,-0.01,-0.0,0.0116,-0.3181,-0.0065,,0.716,,0.641,,0.08,-1.3,1.18,-1.38
19.02,NAV_WAYPOINT,0.0781,-0.7801,0.303,94.43,-0.36,-0.29,-0.0,0.0066,-0.3072,-0.0178,,0.686,,0.641,,0.08,-1.3,1.18,-1.38
19.035,NAV_WAYPOINT,0.0785,-0.7974,0.3,94.13,-0.28,-0.48,-0.0,0.0043,-0.3089,-0.0222,,0.686,,0.663,,0.08,-1.3,1.18,-1.38
19.113,NAV_WAYPOINT,0.0789,-0.8103,0.3,93.84,-0.39,-0.52,-0.0,0.0015,-0.2991,-0.0186,,0.658,,0.663,,0.08,-1.3,1.18,-1.38
19.133,NAV_WAYPOINT,0.0797,-0.8245,0.301,93.6,-0.49,-0.44,-0.0,-0.0003,-0.2936,-0.0092,,0.658,,0.734,,0.08,-1.3,1.18,-1.38
19.207,NAV_WAYPOINT,0.0808,-0.8371,0.301,93.43,-0.44,-0.23,-0.0,-0.0016,-0.2852,-0.0098,,0.628,,0.734,,0.08,-1.3,1.18,-1.38
19.238,NAV_WAYPOINT,0.0818,-0.8496,0.299,93.25,-0.5,-0.0,-0.0,-0.0031,-0.2795,-0.0082,,0.628,,,,0.08,-1.3,1.18,-1.38
19.282,NAV_WAYPOINT,0.0826,-0.8608,0.299,93.17,-0.48,0.12,-0.0,-0.0048,-0.2729,-0.0084,,0.605,,,,0.08,-1.3,1.18,-1.38
19.356,NAV_WAYPOINT,0.0825,-0.876,0.298,93.18,-0.48,0.46,-0.0,-0.0079,-0.2791,-0.0058,,0.605,,,,0.08,-1.3,1.18,-1.38
19.48,NAV_WAYPOINT,0.0832,-0.8886,0.298,93.19,-0.39,0.5,-0.0,-0.0086,-0.2799,-0.0015,,0.579,,,,0.08,-1.3,1.18,-1.38
19.501,NAV_WAYPOINT,0.0814,-0.9023,0.299,93.21,-0.17,0.61,-0.0,-0.0143,-0.2839,0.0044,,0.579,,2.494,,0.08,-1.3,1.18,-1.38
19.549,NAV_WAYPOINT,0.0812,-0.9159,0.299,93.2,0.0,0.62,-0.0,-0.0136,-0.2878,0.0073,,0.552,,2.494,,0.08,-1.3,1.18,-1.38
19.569,NAV_WAYPOINT,0.0801,-0.9305,0.297,93.22,0.31,0.75,-0.0,-0.0135,-0.2935,0.0067,,0.552,,2.565,,0.08,-1.3,1.18,-1.38
19.585,NAV_WAYPOINT,0.0805,-0.947,0.297,93.21,0.68,0.72,-0.0,-0.0068,-0.3039,0.0089,,0.521,,2.565,,0.08,-1.3,1.18,-1.38
19.643,NAV_WAYPOINT,0.0797,-0.9608,0.299,93.18,0.74,0.6,-0.0,-0.0016,-0.3059,0.0183,,0.521,,2.501,,0.08,-1.3,1.18,-1.38
19.745,NAV_WAYPOINT,0.0802,-0.9761,0.299,93.09,0.67,0.55,-0.0,0.0058,-0.3102,0.0185,,0.496,,2.501,,0.08,-1.3,1.18,-1.38
19.759,NAV_WAYPOINT,0.0815,-0.9897,0.303,92.93,0.31,0.51,-0.0,0.013,-0.3097,0.023,,0.496,,,,0.08,-1.3,1.18,-1.38
19.794,NAV_WAYPOINT,0.0813,-1.0047,0.303,92.8,0.13,0.47,-0.0,0.013,-0.3122,0.0208,,0.471,,,,0.08,-1.3,1.18,-1.38
19.831,NAV_WAYPOINT,0.0825,-1.0211,0.302,92.71,0.09,0.36,-0.0,0.0154,-0.3171,0.0146,,0.471,,,,0.08,-1.3,1.18,-1.38
19.921,NAV_WAYPOINT,0.0835,-1.0354,0.302,92.57,-0.05,0.23,-0.0,0.0165,-0.316,0.0122,,0.441,,,,0.08,-1.3,1.18,-1.38
19.929,NAV_WAYPOINT,0.0843,-1.052,0.307,92.4,-0.16,0.16,-0.0,0.0156,-0.3197,0.0112,,0.441,,,,0.08,-1.3,1.18,-1.38
19.999,NAV_WAYPOINT,0.0849,-1.0661,0.307,92.17,-0.36,0.05,-0.0,0.0133,-0.3159,0.0181,,0.412,,,,0.08,-1.3,1.18,-1.38
20.065,NAV_WAYPOINT,0.0857,-1.0807,0.307,91.95,-0.55,-0.05,-0.0,0.0099,-0.313,0.0163,,0.412,,1.76,,0.08,-1.3,1.18,-1.38
20.089,NAV_WAYPOINT,0.0855,-1.0973,0.307,91.78,-0.71,-0.04,-0.0,0.0036,-0.3151,0.0106,,0.383,,1.76,,0.08,-1.3,1.18,-1.38
20.137,NAV_WAYPOINT,0.084,-1.1122,0.305,91.62,-0.75,-0.04,-0.0,-0.0069,-0.3125,0.0076,,0.383,,1.733,,0.08,-1.3,1.18,-1.38
20.196,NAV_WAYPOINT,0.0838,-1.127,0.305,91.47,-0.75,0.02,-0.0,-0.0124,-0.3107,0.0001,,0.353,,1.733,,0.08,-1.3,1.18,-1.38
20.277,NAV_WAYPOINT,0.082,-1.1408,0.302,91.34,-0.54,0.06,-0.0,-0.0206,-0.3065,0.0035,,0.353,,1.722,,0.08,-1.3,1.18,-1.38
20.3,NAV_WAYPOINT,0.0803,-1.1556,0.302,91.22,-0.46,0.12,-0.0,-0.0263,-0.3061,-0.0068,,0.333,,1.722,,0.08,-1.3,1.18,-1.38
20.337,NAV_WAYPOINT,0.0783,-1.1702,0.282,91.13,-0.28,0.34,-0.0,-0.031,-0.3058,-0.0078,,0.333,,1.709,,0.08,-1.3,1.18,-1.38
20.401,NAV_WAYPOINT,0.0752,-1.1847,0.282,91.02,-0.14,0.41,-0.0,-0.0366,-0.3073,-0.0479,,0.3,,1.709,,0.08,-1.3,1.18,-1.38
20.441,NAV_WAYPOINT,0.073,-1.1985,0.307,90.91,-0.02,0.45,-0.0,-0.0388,-0.3089,0.0198,,0.3,,1.697,,0.08,-1.3,1.18,-1.38
20.502,NAV_WAYPOINT,0.0689,-1.2142,0.307,90.7,0.26,0.49,-0.0,-0.0428,-0.3112,0.0404,,0.274,,1.697,,0.08,-1.3,1.18,-1.38
20.53,NAV_WAYPOINT,0.0662,-1.2283,0.311,90.61,0.45,0.48,-0.0,-0.0415,-0.3115,0.0194,,0.274,,1.706,,0.08,-1.3,1.18,-1.38
20.596,NAV_WAYPOINT,0.0638,-1.2446,0.311,90.52,0.55,0.48,-0.0,-0.0381,-0.3165,0.0203,,0.245,,1.706,,0.08,-1.3,1.18,-1.38
20.636,NAV_WAYPOINT,0.0602,-1.2602,0.308,90.44,0.76,0.16,-0.0,-0.0374,-0.3188,0.0145,,0.245,,1.703,,0.08,-1.3,1.18,-1.38
20.713,NAV_WAYPOINT,0.0569,-1.2778,0.308,90.41,1.03,-0.47,-0.0,-0.0346,-0.3226,-0.006,,0.216,,1.703,,0.08,-1.3,1.18,-1.38
20.751,NAV_WAYPOINT,0.0552,-1.293,0.306,90.41,1.38,-1.47,-0.0,-0.025,-0.3126,-0.0206,,0.216,,1.702,,0.08,-1.3,1.18,-1.38
20.797,NAV_WAYPOINT,0.0537,-1.3061,0.306,90.31,1.77,-2.48,-0.0,-0.013,-0.2912,-0.0146,,0.186,,1.702,,0.7,-1.3,1.18,-1.38
20.842,NAV_WAYPOINT,0.0504,-1.3192,0.309,90.15,1.82,-3.11,-0.0,-0.005,-0.2649,-0.0405,,0.186,,1.711,,0.7,-1.3,1.18,-1.38
20.886,NAV_WAYPOINT,0.0495,-1.3339,0.309,89.86,2.0,-3.72,-0.0,0.0096,-0.2412,-0.0058,,0.16,,1.711,,0.7,-1.3,1.18,-1.38
20.953,NAV_WAYPOINT,0.0496,-1.3436,0.316,89.31,2.7,-4.19,-0.0,0.0265,-0.2035,0.0313,,0.16,,1.711,,0.7,-1.3,1.18,-1.38
20.979,NAV_WAYPOINT,0.0501,-1.3522,0.316,88.63,4.21,-4.42,-0.0,0.0512,-0.1678,0.0158,,0.144,,1.711,,0.7,-1.3,1.18,-1.38
21.037,NAV_WAYPOINT,0.0516,-1.359,0.31,88.01,4.86,-4.32,-0.0,0.0855,-0.1304,0.0047,,0.144,,1.717,,0.7,-1.3,1.18,-1.38
21.116,NAV_WAYPOINT,0.0544,-1.3644,0.31,87.3,4.82,-3.78,-0.0,0.1226,-0.0971,-0.0155,,0.13,,1.717,,0.7,-1.3,1.18,-1.38
21.139,NAV_WAYPOINT,0.0597,-1.3681,0.306,86.78,4.29,-3.06,-0.0,0.1594,-0.0689,-0.0234,,0.13,,1.711,,0.7,-1.3,1.18,-1.38
21.187,NAV_WAYPOINT,0.0699,-1.3706,0.306,86.4,4.24,-2.72,-0.0,0.2004,-0.0452,-0.025,,0.114,,1.711,,0.7,-1.3,1.18,-1.38
21.25,NAV_WAYPOINT,0.0785,-1.3739,0.299,86.18,3.6,-2.2,-0.0,0.2304,-0.0299,-0.0337,,0.114,,1.693,,0.7,-1.3,1.18,-1.38
21.285,NAV_WAYPOINT,0.0876,-1.3758,0.299,86.13,3.08,-1.88,-0.0,0.2551,-0.0152,-0.027,,0.112,,1.693,,0.7,-1.3,1.18,-1.38
21.335,NAV_WAYPOINT,0.0979,-1.3791,0.297,86.21,2.41,-1.69,-0.0,0.2731,-0.008,-0.0214,,0.112,,1.667,,0.7,-1.3,1.18,-1.38
21.411,NAV_WAYPOINT,0.1095,-1.3815,0.297,86.38,1.69,-1.37,-0.0,0.286,-0.0013,-0.0151,,0.109,,1.667,,0.7,-1.3,1.18,-1.38
21.44,NAV_WAYPOINT,0.124,-1.3833,0.296,86.64,1.19,-1.2,-0.0,0.2983,0.0044,-0.0082,,0.109,,1.659,,0.7,-1.3,1.18,-1.38
21.487,NAV_WAYPOINT,0.1338,-1.3853,0.296,86.94,0.79,-0.79,-0.0,0.2952,0.0068,-0.0076,,0.101,,1.659,,0.7,-1.3,1.18,-1.38
21.558,NAV_WAYPOINT,0.1444,-1.3859,0.297,87.16,0.38,-0.65,-0.0,0.2908,0.0099,-0.0102,,0.101,,1.643,,0.7,-1.3,1.18,-1.38
21.579,NAV_WAYPOINT,0.1539,-1.3882,0.297,87.39,-0.04,-0.44,-0.0,0.2816,0.0076,0.003,,0.09,,1.643,,0.7,-1.3,1.18,-1.38
21.637,NAV_WAYPOINT,0.1629,-1.3887,0.295,87.67,-0.41,-0.31,-0.0,0.2682,0.0082,0.0006,,0.09,,1.631,,0.7,-1.3,1.18,-1.38
21.724,NAV_WAYPOINT,0.1729,-1.3911,0.295,88.11,-0.46,-0.27,-0.0,0.2567,0.0041,-0.0013,,0.128,,1.631,,0.7,-1.3,1.18,-1.38
21.747,NAV_WAYPOINT,0.1814,-1.3921,0.3,88.64,-0.37,-0.46,-0.0,0.243,0.0038,0.0087,,0.128,,1.603,,0.7,-1.3,1.18,-1.38
21.786,NAV_WAYPOINT,0.1906,-1.3946,0.3,89.22,-0.04,-0.7,-0.0,0.234,0.0013,0.0157,,,,1.603,,0.7,-1.3,1.18,-1.38
21.855,NAV_WAYPOINT,0.1996,-1.3965,0.298,89.7,0.15,-0.7,-0.0,0.2279,0.002,0.0021,,,,1.587,,0.7,-1.3,1.18,-1.38
21.879,NAV_WAYPOINT,0.2088,-1.3999,0.298,90.06,0.48,-0.8,-0.0,0.2253,-0.001,0.0061,,0.047,,1.587,,0.7,-1.3,1.18,-1.38
21.938,NAV_WAYPOINT,0.2173,-1.3999,0.302,90.34,0.79,-1.13,-0.0,0.2235,0.0067,0.0151,,0.047,,1.578,,0.7,-1.3,1.18,-1.38
22.024,NAV_WAYPOINT,0.2266,-1.4024,0.302,90.59,1.0,-1.18,-0.0,0.2263,0.0088,0.0168,,0.07,,1.578,,0.7,-1.3,1.18,-1.38
22.043,NAV_WAYPOINT,0.2347,-1.4035,0.302,90.79,1.2,-1.14,-0.0,0.2271,0.0144,0.0111,,0.07,,1.549,,0.7,-1.3,1.18,-1.38
22.091,NAV_WAYPOINT,0.2441,-1.405,0.302,90.86,1.39,-1.14,-0.0,0.2328,0.0184,0.0088,,0.081,,1.549,,0.7,-1.3,1.18,-1.38
22.152,NAV_WAYPOINT,0.2559,-1.4065,0.302,90.87,1.61,-1.22,-0.0,0.2455,0.0218,0.0068,,0.081,,1.532,,0.7,-1.3,1.18,-1.38
22.186,NAV_WAYPOINT,0.2655,-1.4071,0.302,90.9,1.62,-1.11,-0.0,0.2517,0.0277,0.0059,,0.078,,1.532,,0.7,-1.3,1.18,-1.38
22.277,NAV_WAYPOINT,0.2769,-1.4071,0.3,90.94,1.53,-1.07,-0.0,0.261,0.0333,-0.0013,,0.078,,1.523,,0.7,-1.3,1.18,-1.38
22.287,NAV_WAYPOINT,0.2885,-1.4061,0.3,90.96,1.39,-0.97,-0.0,0.2697,0.0402,-0.0017,,0.072,,1.523,,0.7,-1.3,1.18,-1.38
22.331,NAV_WAYPOINT,0.2994,-1.4062,0.3,90.95,1.18,-0.8,-0.0,0.2743,0.0426,0.0031,,0.072,,1.498,,0.7,-1.3,1.18,-1.38
22.395,NAV_WAYPOINT,0.3104,-1.4055,0.3,90.97,0.98,-0.63,-0.0,0.2763,0.0449,-0.0004,,0.077,,1.498,,0.7,-1.3,1.18,-1.38
22.437,NAV_WAYPOINT,0.3218,-1.4047,0.301,91.05,0.77,-0.49,-0.0,0.2775,0.046,0.0003,,0.077,,1.477,,0.7,-1.3,1.18,-1.38
22.498,NAV_WAYPOINT,0.3346,-1.4041,0.301,91.14,0.64,-0.41,-0.0,0.2801,0.0456,-0.001,,0.077,,1.477,,0.7,-1.3,1.18,-1.38
22.573,NAV_WAYPOINT,0.348,-1.4036,0.298,91.18,0.69,-0.28,-0.0,0.284,0.0443,-0.0017,,0.077,,1.45,,0.7,-1.3,1.18,-1.38
22.604,NAV_WAYPOINT,0.3607,-1.4029,0.298,91.23,0.58,-0.24,-0.0,0.2854,0.043,-0.0108,,,,1.45,,0.7,-1.3,1.18,-1.38
22.657,NAV_WAYPOINT,0.3736,-1.4018,0.3,91.28,0.56,-0.48,-0.0,0.2866,0.043,-0.003,,,,1.427,,0.7,-1.3,1.18,-1.38
22.682,NAV_WAYPOINT,0.3868,-1.4022,0.3,91.28,0.45,-0.59,-0.0,0.288,0.0411,-0.0052,,,,1.427,,0.7,-1.3,1.18,-1.38
22.752,NAV_WAYPOINT,0.3997,-1.4017,0.297,91.33,0.26,-0.52,-0.0,0.2872,0.0418,-0.0076,,,,1.4,,0.7,-1.3,1.18,-1.38
22.783,NAV_WAYPOINT,0.4141,-1.4003,0.297,91.35,0.29,-0.62,-0.0,0.2894,0.0446,-0.0103,,0.001,,1.4,,0.7,-1.3,1.18,-1.38
22.862,NAV_WAYPOINT,0.4268,-1.3985,0.298,91.44,0.31,-0.64,-0.0,0.2875,0.0488,-0.0048,,0.001,,1.378,,0.7,-1.3,1.18,-1.38
22.913,NAV_WAYPOINT,0.4386,-1.3978,0.298,91.56,0.51,-0.85,-0.0,0.2842,0.0505,-0.0013,,0.065,,1.378,,0.7,-1.3,1.18,-1.38
22.937,NAV_WAYPOINT,0.4512,-1.3964,0.297,91.74,0.55,-0.95,-0.0,0.2844,0.0552,0.0007,,0.065,,1.354,,0.7,-1.3,1.18,-1.38
22.987,NAV_WAYPOINT,0.4639,-1.3942,0.297,91.97,0.48,-0.94,-0.0,0.2843,0.0615,0.0002,,0.081,,1.354,,0.7,-1.3,1.18,-1.38
23.071,NAV_WAYPOINT,0.4799,-1.3916,0.298,92.17,0.51,-0.97,-0.0,0.2928,0.0682,0.0002,,0.081,,1.331,,0.7,-1.3,1.18,-1.38
23.102,NAV_WAYPOINT,0.4941,-1.3888,0.298,92.45,0.51,-0.91,-0.0,0.2957,0.0744,0.0032,,0.09,,1.331,,0.7,-1.3,1.18,-1.38
23.176,NAV_WAYPOINT,0.5068,-1.3845,0.296,92.72,0.45,-0.79,-0.0,0.2939,0.083,-0.0022,,0.09,,1.304,,0.7,-1.3,1.18,-1.38
23.195,NAV_WAYPOINT,0.5193,-1.3817,0.296,92.99,0.38,-0.7,-0.0,0.2917,0.0858,-0.0053,,0.088,,1.304,,0.7,-1.3,1.18,-1.38
23.245,NAV_WAYPOINT,0.5327,-1.3766,0.298,93.32,0.38,-0.61,-0.0,0.2913,0.0933,-0.0032,,0.088,,1.284,,0.7,-1.3,1.18,-1.38
23.335,NAV_WAYPOINT,0.5455,-1.3723,0.298,93.64,0.38,-0.68,-0.0,0.2895,0.0976,0.0005,,0.104,,1.284,,0.7,-1.3,1.18,-1.38
23.342,NAV_WAYPOINT,0.5613,-1.367,0.298,93.96,0.44,-0.78,-0.0,0.2954,0.1045,-0.0063,,0.104,,1.258,,0.7,-1.3,1.18,-1.38
23.379,NAV_WAYPOINT,0.575,-1.3624,0.298,94.26,0.41,-0.81,-0.0,0.2961,0.1101,0.0036,,,,1.258,,0.7,-1.3,1.18,-1.38
23.489,NAV_WAYPOINT,0.5882,-1.3562,0.299,94.48,0.27,-0.86,-0.0,0.2939,0.1187,0.0036,,,,1.224,,0.7,-1.3,1.18,-1.38
23.541,NAV_WAYPOINT,0.6026,-1.3485,0.299,94.7,0.29,-0.81,-0.0,0.2947,0.1298,0.0066,,2.476,,1.224,,0.7,-1.3,1.18,-1.38
23.558,NAV_WAYPOINT,0.6165,-1.3419,0.303,94.86,0.3,-0.68,-0.0,0.2945,0.1367,0.0183,,2.476,,1.199,,0.7,-1.3,1.18,-1.38
23.611,NAV_WAYPOINT,0.6337,-1.3327,0.303,95.05,0.28,-0.48,-0.0,0.3021,0.1474,0.0179,,2.456,,1.199,,0.7,-1.3,1.18,-1.38
23.643,NAV_WAYPOINT,0.6484,-1.3236,0.299,95.24,0.13,-0.32,-0.0,0.3027,0.155,0.0078,,2.456,,1.165,,0.7,-1.3,1.18,-1.38
23.695,NAV_WAYPOINT,0.6633,-1.3146,0.299,95.42,-0.01,-0.17,-0.0,0.3024,0.1605,0.0009,,2.462,,1.165,,0.7,-1.3,1.18,-1.38
23.794,NAV_WAYPOINT,0.6779,-1.305,0.294,95.56,-0.38,0.14,-0.0,0.2991,0.1646,-0.0145,,2.462,,1.143,,1.18,-1.3,1.18,-1.38
23.818,NAV_WAYPOINT,0.6925,-1.2977,0.294,95.7,-1.02,0.65,-0.0,0.2939,0.1593,-0.0116,,2.457,,1.143,,1.18,-1.3,1.18,-1.38
23.84,NAV_WAYPOINT,0.7099,-1.2866,0.299,95.76,-1.88,1.15,-0.0,0.2908,0.1592,0.01,,2.457,,1.113,,1.18,-1.3,1.18,-1.38
23.892,NAV_WAYPOINT,0.7233,-1.2786,0.299,95.82,-2.56,1.64,-0.0,0.2712,0.1465,0.0132,,2.45,,1.113,,1.18,-1.3,1.18,-1.38
23.996,NAV_WAYPOINT,0.7352,-1.2716,0.298,95.93,-2.07,2.17,-0.0,0.248,0.129,0.0075,,2.45,,1.088,,1.18,-1.3,1.18,-1.38
24.001,NAV_WAYPOINT,0.7456,-1.2657,0.298,95.99,-1.03,2.54,-0.0,0.2324,0.1074,0.0022,,2.43,,1.088,,1.18,-1.3,1.18,-1.38
24.065,NAV_WAYPOINT,0.7564,-1.2596,0.297,96.01,-0.21,2.75,-0.0,0.2262,0.087,-0.0022,,2.43,,1.069,,1.18,-1.3,1.18,-1.38
24.092,NAV_WAYPOINT,0.7667,-1.2549,0.297,96.07,0.4,2.65,-0.0,0.226,0.0656,-0.0023,0.545,2.428,,1.069,,1.18,-1.3,1.18,-1.38
24.178,NAV_WAYPOINT,0.7807,-1.2509,0.298,96.14,0.76,2.46,-0.0,0.24,0.0475,0.0032,0.545,2.428,,1.05,,1.18,-1.3,1.18,-1.38
24.196,NAV_WAYPOINT,0.7952,-1.2485,0.298,96.2,0.95,2.19,-0.0,0.2563,0.0301,0.0037,0.507,2.415,,1.05,,1.18,-1.3,1.18,-1.38
24.243,NAV_WAYPOINT,0.8085,-1.2467,0.3,96.27,1.03,1.99,-0.0,0.2673,0.0147,0.0077,0.507,2.415,,1.027,,1.18,-1.3,1.18,-1.38
24.322,NAV_WAYPOINT,0.8213,-1.2449,0.3,96.39,0.96,1.78,-0.0,0.2752,0.0027,0.0123,0.488,2.396,,1.027,,1.18,-1.3,1.18,-1.38
24.35,NAV_WAYPOINT,0.8354,-1.2433,0.301,96.5,0.83,1.49,-0.0,0.2851,-0.0063,0.0177,0.488,2.396,,1.006,,1.18,-1.3,1.18,-1.38
24.378,NAV_WAYPOINT,0.8518,-1.242,0.301,96.58,0.69,1.17,-0.0,0.2982,-0.012,0.0131,0.486,2.39,,1.006,,1.18,-1.3,1.18,-1.38
24.445,NAV_WAYPOINT,0.8673,-1.2412,0.299,96.66,0.47,0.97,-0.0,0.3057,-0.0164,0.0071,0.486,2.39,,0.979,,1.18,-1.3,1.18,-1.38
24.487,NAV_WAYPOINT,0.8829,-1.2408,0.299,96.75,0.27,0.72,-0.0,0.3108,-0.0199,-0.0022,0.481,2.379,,0.979,,1.18,-1.3,1.18,-1.38
24.56,NAV_WAYPOINT,0.8985,-1.2401,0.299,96.83,0.01,0.64,-0.0,0.3125,-0.021,-0.0039,0.481,2.379,,0.946,,1.18,-1.3,1.18,-1.38
24.594,NAV_WAYPOINT,0.9142,-1.238,0.299,96.85,-0.11,0.69,-0.0,0.3134,-0.019,0.0,0.482,2.35,,0.946,,1.18,-1.3,1.18,-1.38
24.639,NAV_WAYPOINT,0.9322,-1.2362,0.3,96.8,-0.25,0.67,-0.0,0.3193,-0.0176,0.0149,0.482,2.35,,0.913,,1.18,-1.3,1.18,-1.38
24.681,NAV_WAYPOINT,0.9484,-1.235,0.3,96.72,-0.36,0.77,-0.0,0.3185,-0.0186,0.012,0.488,2.319,,0.913,,1.18,-1.3,1.18,-1.38
24.774,NAV_WAYPOINT,0.9638,-1.234,0.299,96.58,-0.53,0.9,-0.0,0.3147,-0.0209,0.0122,0.488,2.319,,0.878,,1.18,-1.3,1.18,-1.38
24.802,NAV_WAYPOINT,0.9797,-1.2325,0.299,96.42,-0.71,1.0,-0.0,0.3106,-0.0225,0.0079,0.496,2.329,,0.878,,1.18,-1.3,1.18,-1.38
24.852,NAV_WAYPOINT,0.9944,-1.2299,0.302,96.18,-0.78,1.0,-0.0,0.3032,-0.0225,0.0072,0.496,2.329,,0.847,,1.18,-1.3,1.18,-1.38
24.885,NAV_WAYPOINT,1.0086,-1.2286,0.302,95.93,-0.82,1.13,-0.0,0.2951,-0.026,0.0085,0.495,2.313,,0.847,,1.18,-1.3,1.18,-1.38
24.931,NAV_WAYPOINT,1.0251,-1.227,0.3,95.64,-0.84,1.07,-0.0,0.2939,-0.0284,0.009,0.495,2.313,,0.818,,1.18,-1.3,1.18,-1.38
24.999,NAV_WAYPOINT,1.0387,-1.2253,0.3,95.33,-0.76,1.22,-0.0,0.2852,-0.0306,0.0011,0.495,2.323,,0.818,,1.18,-1.3,1.18,-1.38
25.036,NAV_WAYPOINT,1.0526,-1.224,0.303,95.0,-0.74,1.3,-0.0,0.2788,-0.0344,-0.0069,0.495,2.323,,0.79,,1.18,-1.3,1.18,-1.38
25.101,NAV_WAYPOINT,1.066,-1.2225,0.303,94.65,-0.7,1.43,-0.0,0.2721,-0.0386,0.0022,0.483,2.31,,0.79,,1.18,-1.3,1.18,-1.38
25.138,NAV_WAYPOINT,1.079,-1.2225,0.304,94.24,-0.63,1.59,-0.0,0.2658,-0.0466,0.0003,0.483,2.31,,0.758,,1.18,-1.3,1.18,-1.38
25.196,NAV_WAYPOINT,1.0927,-1.2212,0.304,93.84,-0.51,1.7,-0.0,0.2627,-0.0516,0.0015,0.485,2.313,,0.758,,1.18,-1.3,1.18,-1.38
25.27,NAV_WAYPOINT,1.1056,-1.2199,0.299,93.44,-0.55,1.92,-0.0,0.2583,-0.057,-0.0066,0.485,2.313,,0.734,,1.18,-1.3,1.18,-1.38
25.309,NAV_WAYPOINT,1.1171,-1.2199,0.299,93.04,-0.48,2.21,-0.0,0.2516,-0.0673,-0.013,0.491,2.307,,0.734,,1.18,-1.3,1.18,-1.38
25.353,NAV_WAYPOINT,1.1284,-1.2199,0.3,92.67,-0.64,2.44,-0.0,0.2444,-0.0789,0.0027,0.491,2.307,,0.713,,1.18,-1.3,1.18,-1.38
25.4,NAV_WAYPOINT,1.14,-1.2208,0.3,92.37,-0.69,2.66,-0.0,0.2381,-0.0923,0.0008,0.505,2.303,,0.713,,1.18,-1.3,1.18,-1.38
25.483,NAV_WAYPOINT,1.1511,-1.2219,0.302,92.04,-0.76,2.81,-0.0,0.2306,-0.1068,0.0076,0.505,2.303,,0.685,,1.18,-1.3,1.18,-1.38
25.494,NAV_WAYPOINT,1.1645,-1.2245,0.302,91.78,-1.04,2.96,-0.0,0.2286,-0.1236,0.0099,0.516,2.303,,0.685,,1.18,-1.3,1.18,-1.38
25.6,NAV_WAYPOINT,1.175,-1.2303,0.304,91.52,-1.42,2.89,-0.0,0.2175,-0.1461,0.0022,0.516,2.303,,0.666,,1.18,-1.3,1.18,-1.38
25.625,NAV_WAYPOINT,1.1852,-1.2354,0.304,91.26,-1.66,2.69,-0.0,0.2038,-0.1645,0.0114,0.509,2.286,,0.666,,1.18,-1.3,1.18,-1.38
25.651,NAV_WAYPOINT,1.1947,-1.2422,0.307,90.99,-2.04,2.45,-0.0,0.1874,-0.1822,0.0114,0.509,2.286,,0.646,,1.18,-1.3,1.18,-1.38
25.684,NAV_WAYPOINT,1.2036,-1.2497,0.307,90.77,-2.18,2.07,-0.0,0.1693,-0.1971,0.013,0.524,2.286,,0.646,,1.18,-1.3,1.18,-1.38
25.767,NAV_WAYPOINT,1.2119,-1.2599,0.301,90.59,-2.5,1.72,-0.0,0.1507,-0.2137,0.0111,0.524,2.286,,0.632,,1.18,-1.3,1.18,-1.38
25.816,NAV_WAYPOINT,1.2186,-1.2697,0.301,90.55,-2.84,1.2,-0.0,0.1273,-0.2242,-0.0025,0.53,2.257,,0.632,,1.18,-1.3,1.18,-1.38
25.855,NAV_WAYPOINT,1.224,-1.2785,0.304,90.64,-3.15,0.52,-0.0,0.1003,-0.2268,0.0059,0.53,2.257,,0.611,,1.18,-1.3,1.18,-1.38
25.891,NAV_WAYPOINT,1.2274,-1.2876,0.304,90.81,-3.19,0.08,-0.0,0.0698,-0.2248,0.0077,0.545,2.259,,0.611,,1.18,-1.3,1.18,-1.38
25.937,NAV_WAYPOINT,1.2308,-1.296,0.303,91.04,-3.34,-0.55,-0.0,0.0432,-0.2177,-0.0043,0.545,2.259,,0.597,,1.18,-1.3,1.18,-1.38
26.003,NAV_WAYPOINT,1.2316,-1.3048,0.303,91.29,-3.49,-1.23,-0.0,0.0116,-0.2074,-0.001,0.563,2.245,,0.597,,1.18,-1.3,1.18,-1.38
26.083,NAV_WAYPOINT,1.2329,-1.3132,0.305,91.61,-3.4,-1.89,-0.0,-0.0153,-0.1918,-0.0002,0.563,2.245,,0.598,,1.18,-1.3,1.18,-1.38
26.094,NAV_WAYPOINT,1.2316,-1.3186,0.305,91.97,-3.26,-2.4,-0.0,-0.0453,-0.167,0.0011,0.578,2.219,,0.598,,1.18,-1.3,1.18,-1.38
26.136,NAV_WAYPOINT,1.2287,-1.3251,0.303,92.4,-3.01,-2.76,-0.0,-0.0739,-0.1433,0.009,0.578,2.219,,0.601,,1.18,-1.3,1.18,-1.38
26.209,NAV_WAYPOINT,1.2258,-1.3286,0.303,92.91,-2.57,-3.02,-0.0,-0.0966,-0.1137,-0.003,0.595,2.197,,0.601,,1.18,-1.3,1.18,-1.38
26.26,NAV_WAYPOINT,1.2213,-1.3308,0.303,93.39,-2.18,-3.09,-0.0,-0.1175,-0.083,-0.0044,0.595,2.197,,0.606,,1.18,-1.3,1.18,-1.38
26.291,NAV_WAYPOINT,1.216,-1.3309,0.303,93.92,-1.72,-2.96,-0.0,-0.1352,-0.0512,-0.0024,0.601,2.188,,0.606,,1.18,-1.3,1.18,-1.38
26.334,NAV_WAYPOINT,1.211,-1.329,0.305,94.38,-1.17,-2.92,-0.0,-0.1465,-0.0188,-0.0025,0.601,2.188,,0.615,,1.18,-1.3,1.18,-1.38
26.407,NAV_WAYPOINT,1.2053,-1.3265,0.305,94.79,-0.52,-2.54,-0.0,-0.1534,0.0098,0.0022,0.603,2.172,,0.615,,1.18,-1.3,1.18,-1.38
26.445,NAV_WAYPOINT,1.1997,-1.3223,0.304,95.16,-0.06,-2.13,-0.0,-0.1542,0.0362,0.0038,0.603,2.172,,0.623,,1.18,-1.3,1.18,-1.38
26.509,NAV_WAYPOINT,1.1943,-1.3175,0.304,95.48,0.36,-1.79,-0.0,-0.1505,0.0584,0.0031,0.598,2.176,,0.623,,1.18,-1.38,1.18,-1.38
26.551,NAV_WAYPOINT,1.1881,-1.3115,0.303,95.75,0.8,-1.29,-0.0,-0.1452,0.0778,0.001,0.598,2.176,,0.642,,1.18,-1.38,1.18,-1.38
26.606,NAV_WAYPOINT,1.1833,-1.3068,0.303,95.91,1.07,-0.7,-0.0,-0.1342,0.0885,-0.0018,0.585,2.177,,0.642,,1.18,-1.38,1.18,-1.38
26.643,NAV_WAYPOINT,1.1805,-1.2992,0.302,95.95,1.29,1.31,-0.0,-0.117,0.0961,-0.0034,0.585,2.177,,0.65,,1.18,-1.38,1.18,-1.38
26.682,NAV_WAYPOINT,1.1779,-1.293,0.302,95.92,1.57,3.39,-0.0,-0.0971,0.0821,-0.0056,0.582,2.168,,0.65,,1.18,-1.38,1.18,-1.38
26.756,NAV_WAYPOINT,1.176,-1.2882,0.305,95.81,1.63,4.72,-0.0,-0.0746,0.0528,-0.0004,0.582,2.168,,0.66,,1.18,-1.38,1.18,-1.38
26.823,NAV_WAYPOINT,1.1747,-1.2861,0.305,95.67,1.63,5.64,-0.0,-0.0516,0.0117,0.0013,0.573,2.164,,0.66,,1.18,-1.38,1.18,-1.38
26.851,NAV_WAYPOINT,1.1742,-1.2852,0.303,95.5,1.28,5.91,-0.0,-0.0297,-0.0316,-0.0114,0.573,2.164,,0.662,,1.18,-1.38,1.18,-1.38
26.906,NAV_WAYPOINT,1.1759,-1.2895,0.303,95.27,1.03,5.9,-0.0,-0.0086,-0.0851,-0.0108,0.577,2.139,,0.662,,1.18,-1.38,1.18,-1.38
26.93,NAV_WAYPOINT,1.1791,-1.2966,0.3,95.05,0.7,5.48,-0.0,0.0113,-0.1371,-0.0139,0.577,2.139,,0.661,,1.18,-1.38,1.18,-1.38
26.982,NAV_WAYPOINT,1.1812,-1.3045,0.3,94.84,0.54,4.82,-0.0,0.0239,-0.1804,-0.0183,0.585,2.13,,0.661,,1.18,-1.38,1.18,-1.38
27.053,NAV_WAYPOINT,1.185,-1.3162,0.3,94.72,0.39,4.01,-0.0,0.0373,-0.2231,-0.0057,0.585,2.13,,0.652,,1.18,-1.38,1.18,-1.38
27.078,NAV_WAYPOINT,1.1898,-1.331,0.3,94.67,0.24,3.03,-0.0,0.0493,-0.2604,-0.0052,0.596,2.138,,0.652,,1.18,-1.38,1.18,-1.38
27.141,NAV_WAYPOINT,1.1935,-1.3445,0.298,94.58,-0.02,1.76,-0.0,0.0556,-0.2809,-0.0063,0.596,2.138,,0.646,,1.18,-1.38,1.18,-1.38
27.226,NAV_WAYPOINT,1.1968,-1.3581,0.298,94.44,-0.25,0.66,-0.0,0.0573,-0.2903,-0.0081,0.625,2.118,,0.646,,,,1.18,-1.38
27.311,ROTATION_SCAN,1.2008,-1.372,0.298,94.26,-0.4,-0.48,-0.0,0.0587,-0.2894,-0.0039,0.625,2.118,,0.643,,,,1.18,-1.38
27.351,ROTATION_SCAN,1.2057,-1.3862,0.298,94.1,-0.66,-1.79,-0.0,0.0594,-0.2801,-0.0002,0.651,2.127,,0.643,,,,1.18,-1.38
27.391,ROTATION_SCAN,1.2109,-1.3996,0.299,93.92,-0.68,-2.86,-0.0,0.0582,-0.2606,0.0,0.651,2.127,,0.641,,,,1.18,-1.38
27.417,ROTATION_SCAN,1.2145,-1.41,0.299,93.74,-0.49,-4.01,15.0,0.0541,-0.2273,0.0074,0.673,2.131,,0.641,,,,1.18,-1.38
27.44,ROTATION_SCAN,1.2185,-1.4183,0.293,93.5,-0.48,-4.45,15.0,0.0514,-0.1854,-0.002,0.673,2.131,,0.635,,,,1.18,-1.38
27.512,ROTATION_SCAN,1.2213,-1.4239,0.293,93.35,-0.46,-4.54,15.0,0.0467,-0.1408,-0.0126,0.686,2.129,,0.635,,,,1.18,-1.38
27.553,ROTATION_SCAN,1.2246,-1.4269,0.298,93.33,-0.51,-4.26,15.0,0.0433,-0.0948,-0.0001,0.686,2.129,,0.63,,,,1.18,-1.38
27.606,ROTATION_SCAN,1.23,-1.4285,0.298,93.49,-0.71,-3.96,15.0,0.0433,-0.0546,0.0084,0.698,2.11,,0.63,,,,1.18,-1.38
27.633,ROTATION_SCAN,1.2343,-1.4274,0.297,93.74,-0.87,-3.45,15.0,0.0396,-0.0168,0.0004,0.698,2.11,,0.624,,,,1.18,-1.38
27.684,ROTATION_SCAN,1.237,-1.425,0.297,94.08,-1.02,-2.94,15.0,0.0318,0.0164,0.0005,0.696,2.09,0.641,0.624,,,,1.18,-1.38
27.759,ROTATION_SCAN,1.2388,-1.4211,0.295,94.54,-1.18,-2.49,15.0,0.0216,0.0456,0.0103,0.696,2.09,0.641,0.62,,,,1.18,-1.38
27.78,ROTATION_SCAN,1.241,-1.4171,0.295,95.11,-1.32,-1.9,15.0,0.0122,0.0663,0.0005,0.689,2.069,0.643,0.62,,,,1.18,-1.38
27.846,ROTATION_SCAN,1.2417,-1.4111,0.293,95.79,-1.41,-1.4,15.0,0.0001,0.085,-0.0021,0.689,2.069,0.643,0.612,,,,1.18,-1.38
27.89,ROTATION_SCAN,1.2422,-1.4044,0.293,96.52,-1.3,-0.79,15.0,-0.0112,0.0987,-0.0061,0.687,2.058,0.65,0.612,,,,1.18,-1.38
27.933,ROTATION_SCAN,1.2424,-1.3983,0.294,97.33,-1.27,-0.17,15.0,-0.0207,0.1043,-0.0026,0.687,2.058,0.65,0.608,,,,1.18,-1.38
28.005,ROTATION_SCAN,1.2417,-1.3928,0.294,98.19,-1.14,0.4,15.0,-0.0299,0.103,-0.0002,0.676,2.057,0.65,0.608,,,,1.18,-1.38
28.043,ROTATION_SCAN,1.2402,-1.3873,0.296,99.06,-1.04,0.84,15.0,-0.0381,0.098,0.0038,0.676,2.057,0.65,0.605,,,,1.18,-1.38
28.093,ROTATION_SCAN,1.2384,-1.3822,0.296,100.0,-0.9,1.23,15.0,-0.0444,0.089,0.0075,0.669,2.071,0.648,0.605,,,,1.18,-1.38
28.163,ROTATION_SCAN,1.2374,-1.3782,0.301,100.97,-0.82,1.48,15.0,-0.0463,0.0757,0.0041,0.669,2.071,0.648,0.604,,,,1.18,-1.38
28.203,ROTATION_SCAN,1.2345,-1.3739,0.301,101.94,-0.75,1.61,15.0,-0.0515,0.0635,0.0134,0.663,2.116,0.638,0.604,,,,1.18,-1.38
28.256,ROTATION_SCAN,1.2328,-1.3719,0.293,102.92,-0.66,1.71,15.0,-0.052,0.0467,0.0045,0.663,2.116,0.638,0.615,,,,1.18,-1.38
28.293,ROTATION_SCAN,1.2311,-1.3699,0.293,103.89,-0.49,1.65,15.0,-0.0509,0.032,-0.0119,0.661,2.138,0.638,0.615,,,,1.18,-1.38
28.335,ROTATION_SCAN,1.2286,-1.3687,0.293,104.74,-0.53,1.42,15.0,-0.0518,0.0173,-0.0067,0.661,2.138,0.638,0.622,,,,1.18,-1.38
28.43,ROTATION_SCAN,1.2262,-1.3676,0.293,105.65,-0.54,1.33,15.0,-0.0526,0.0061,-0.0032,0.652,2.188,0.628,0.622,,,,1.18,-1.38
28.451,ROTATION_SCAN,1.2227,-1.3675,0.296,106.57,-0.41,1.12,15.0,-0.0559,-0.0053,-0.0014,0.652,2.188,0.628,0.628,,,,1.18,-1.38
28.478,ROTATION_SCAN,1.2198,-1.369,0.296,107.53,-0.15,1.05,15.0,-0.0562,-0.0174,0.0065,0.656,2.228,0.62,0.628,,,,1.18,-1.38
28.583,ROTATION_SCAN,1.2164,-1.37,0.295,108.44,0.03,0.86,15.0,-0.0557,-0.0254,0.0147,0.656,2.228,0.62,0.637,,,,1.18,-1.38
28.596,ROTATION_SCAN,1.2136,-1.3714,0.295,109.29,0.31,0.79,15.0,-0.0525,-0.0317,0.0108,0.662,2.283,0.611,0.637,,,,1.18,-1.38
28.641,ROTATION_SCAN,1.2116,-1.3737,0.297,110.1,0.43,0.55,15.0,-0.0462,-0.0378,0.0123,0.662,2.283,0.611,0.646,,,,1.18,-1.38
28.719,ROTATION_SCAN,1.2096,-1.3749,0.297,110.89,0.46,0.32,15.0,-0.0409,-0.0384,0.0129,0.672,2.308,0.606,0.646,,,,1.18,-1.38
28.747,ROTATION_SCAN,1.2081,-1.3769,0.297,111.6,0.49,0.21,15.0,-0.0351,-0.0393,0.0074,0.672,2.308,0.606,0.653,,,,1.18,-1.38
28.781,ROTATION_SCAN,1.206,-1.379,0.297,112.3,0.45,0.15,15.0,-0.0318,-0.0395,0.0037,0.679,2.301,0.602,0.653,,,,1.18,-1.38
28.83,ROTATION_SCAN,1.2046,-1.3811,0.296,113.0,0.42,0.01,15.0,-0.0277,-0.0393,0.0028,0.679,2.301,0.602,0.656,,,,1.18,-1.38
28.889,ROTATION_SCAN,1.2036,-1.3833,0.296,113.69,0.39,-0.04,15.0,-0.0239,-0.0385,-0.0007,0.689,2.319,0.605,0.656,,,,1.18,-1.38
28.939,ROTATION_SCAN,1.2016,-1.3854,0.299,114.39,0.36,-0.16,15.0,-0.0231,-0.0373,0.0097,0.689,2.319,0.605,0.664,,,,1.18,-1.38
28.996,ROTATION_SCAN,1.2008,-1.3864,0.299,115.11,0.44,-0.3,15.0,-0.02,-0.032,0.0128,0.691,2.29,0.607,0.664,,,,1.18,-1.38
29.065,ROTATION_SCAN,1.1977,-1.3874,0.299,115.85,0.49,-0.36,15.0,-0.0224,-0.0271,0.0057,0.691,2.29,0.607,0.667,,,,1.18,-1.38
29.079,ROTATION_SCAN,1.1961,-1.3878,0.299,116.55,0.46,-0.36,15.0,-0.0215,-0.0202,0.0051,0.7,2.287,0.613,0.667,,,,1.18,-1.38
29.162,ROTATION_SCAN,1.1938,-1.3893,0.299,117.3,0.47,-0.38,15.0,-0.0219,-0.0168,0.0047,0.7,2.287,0.613,0.674,,,,1.18,-1.38
29.215,ROTATION_SCAN,1.1917,-1.3879,0.299,118.08,0.46,-0.42,15.0,-0.0222,-0.0076,0.0028,0.701,,0.617,0.674,,,,1.18,-1.38
29.287,ROTATION_SCAN,1.1921,-1.3871,0.296,118.9,0.44,-0.33,15.0,-0.0172,-0.0003,-0.0035,0.701,,0.617,0.676,,,,1.18,-1.38
29.326,ROTATION_SCAN,1.1915,-1.3849,0.296,119.72,0.37,-0.5,15.0,-0.0155,0.0091,-0.0052,0.695,2.146,0.62,0.676,,,,1.18,-1.38
29.349,ROTATION_SCAN,1.1915,-1.3843,0.295,120.58,0.28,-0.42,15.0,-0.0136,0.0142,0.0086,0.695,2.146,0.62,0.683,,,,1.18,-1.38
29.404,ROTATION_SCAN,1.1909,-1.3806,0.295,121.36,0.22,-0.47,15.0,-0.0132,0.0245,0.0015,0.696,2.099,0.63,0.683,,,,1.18,-1.38
29.435,ROTATION_SCAN,1.1884,-1.3759,0.3,122.11,0.07,-0.24,15.0,-0.0176,0.0348,0.0061,0.696,2.099,0.63,0.709,,,,1.18,-1.38
29.513,ROTATION_SCAN,1.1874,-1.3737,0.3,122.86,0.11,0.05,15.0,-0.0178,0.0372,0.018,0.691,2.076,,0.709,,,,1.18,-1.38
29.54,ROTATION_SCAN,1.1846,-1.3692,0.299,123.59,0.12,0.33,15.0,-0.0201,0.0422,0.0166,0.691,2.076,,0.761,,,,1.18,-1.38
29.595,ROTATION_SCAN,1.1823,-1.3662,0.299,124.3,0.09,0.59,15.0,-0.0197,0.0416,0.0128,0.695,2.063,,0.761,,,,1.18,-1.38
29.631,ROTATION_SCAN,1.1803,-1.3654,0.299,124.95,0.1,0.8,15.0,-0.0182,0.0348,0.014,0.695,2.063,,0.842,,,,1.18,-1.38
29.683,ROTATION_SCAN,1.1779,-1.362,0.299,125.59,-0.0,0.86,15.0,-0.0166,0.0326,0.0084,0.696,2.022,,0.842,,,,1.18,-1.38
29.762,ROTATION_SCAN,1.175,-1.3598,0.299,126.18,-0.05,0.95,15.0,-0.0167,0.0277,0.0041,0.696,2.022,,,,,,1.18,-1.38
29.784,ROTATION_SCAN,1.1734,-1.3599,0.299,126.73,0.02,1.08,15.0,-0.0136,0.0176,0.0047,0.702,1.992,,,,,,1.18,-1.38
29.836,ROTATION_SCAN,1.1713,-1.3615,0.301,127.26,0.1,1.15,15.0,-0.0105,0.0055,0.0099,0.702,1.992,,1.422,,,,1.18,-1.38
29.879,ROTATION_SCAN,1.1686,-1.363,0.301,127.78,0.25,1.26,15.0,-0.0082,-0.0051,0.0077,0.719,1.929,,1.422,,,,1.18,-1.38
29.928,ROTATION_SCAN,1.1672,-1.3657,0.301,128.31,0.38,1.25,15.0,-0.0022,-0.0165,0.0028,0.719,1.929,,,,,,1.18,-1.38
30.0,ROTATION_SCAN,1.1665,-1.3695,0.301,128.82,0.54,1.13,15.0,0.0059,-0.0282,0.0077,0.728,1.873,,,,,,1.18,-1.38
30.03,ROTATION_SCAN,1.1656,-1.372,0.301,129.33,0.54,0.93,15.0,0.012,-0.0344,0.0037,0.728,1.873,,1.461,,,,1.18,-1.38
30.106,ROTATION_SCAN,1.1668,-1.3748,0.301,129.89,0.67,0.7,15.0,0.0211,-0.0387,0.0036,,1.808,,1.461,,,,1.18,-1.38
30.153,ROTATION_SCAN,1.1676,-1.3793,0.299,130.52,0.87,0.52,15.0,0.0285,-0.0439,0.0117,,1.808,,1.476,,,,1.18,-1.38
30.216,ROTATION_SCAN,1.1688,-1.3808,0.299,131.21,0.94,0.23,15.0,0.0357,-0.0402,0.0009,,,,1.476,,,,1.18,-1.38
30.249,ROTATION_SCAN,1.1707,-1.3846,0.298,131.92,1.04,0.02,15.0,0.0426,-0.0396,0.0004,,,,,,,,1.18,-1.38
30.317,ROTATION_SCAN,1.1719,-1.3865,0.298,132.66,1.01,-0.32,15.0,0.0462,-0.0333,-0.0024,,,,,,,,1.18,-1.38
30.335,ROTATION_SCAN,1.174,-1.3886,0.299,133.43,0.96,-0.42,15.0,0.0496,-0.0263,0.01,,,,1.494,,,,1.18,-1.38
30.398,ROTATION_SCAN,1.1781,-1.3893,0.299,134.23,0.86,-0.52,15.0,0.0557,-0.0172,0.0042,,1.657,,1.494,,,,1.18,-1.38
30.455,ROTATION_SCAN,1.1789,-1.3883,0.304,134.98,0.74,-0.56,15.0,0.0534,-0.0056,0.0082,,1.657,,,,,,1.18,-1.38
30.478,ROTATION_SCAN,1.1809,-1.3871,0.304,135.68,0.61,-0.57,15.0,0.0526,0.0049,0.0143,,1.633,,,,,,1.18,-1.38
30.553,ROTATION_SCAN,1.1788,-1.3845,0.302,136.4,0.46,-0.57,15.0,0.0428,0.0163,0.0015,,1.633,,1.505,,,,1.18,-1.38
30.628,ROTATION_SCAN,1.1809,-1.3809,0.302,137.11,0.34,-0.5,15.0,0.0416,0.0275,-0.001,,1.578,,1.505,,,,1.18,-1.38
30.632,ROTATION_SCAN,1.1813,-1.3769,0.301,137.85,0.21,-0.43,15.0,0.0367,0.0372,-0.0043,,1.578,,1.517,,,,1.18,-1.38
30.704,ROTATION_SCAN,1.18,-1.3731,0.301,138.61,0.07,-0.24,15.0,0.0292,0.0445,-0.0035,,,,1.517,,,,1.18,-1.38
30.741,ROTATION_SCAN,1.1778,-1.37,0.298,139.36,-0.13,-0.05,15.0,0.0207,0.0472,-0.002,,,,1.531,,,,1.18,-1.38
30.778,ROTATION_SCAN,1.1755,-1.3674,0.298,140.17,-0.29,0.26,15.0,0.0133,0.0461,-0.0069,,,,1.531,,,,1.18,-1.38
30.843,ROTATION_SCAN,1.1734,-1.3642,0.299,140.96,-0.42,0.56,15.0,0.008,0.044,0.0063,,,,1.556,,,,1.18,-1.38
30.877,ROTATION_SCAN,1.171,-1.3604,0.299,141.75,-0.45,0.78,15.0,0.0038,0.0412,0.0017,,,,1.556,,,,1.18,-1.38
30.944,ROTATION_SCAN,1.1675,-1.3587,0.3,142.55,-0.42,1.1,15.0,-0.0004,0.033,-0.0018,,,,1.603,,,,1.18,-1.38
30.997,ROTATION_SCAN,1.1653,-1.3578,0.3,143.4,-0.44,1.35,15.0,0.0004,0.0228,0.0021,,0.922,,1.603,,,,1.18,-1.38
31.03,ROTATION_SCAN,1.1633,-1.3571,0.299,144.23,-0.34,1.51,15.0,0.0033,0.0122,-0.0016,,0.922,,1.645,,,,1.18,-1.38
31.087,ROTATION_SCAN,1.1619,-1.356,0.299,145.06,-0.24,1.59,15.0,0.0085,0.0037,0.0001,,0.892,,1.645,,,,1.18,-1.38
31.161,ROTATION_SCAN,1.1621,-1.3573,0.3,145.86,-0.11,1.5,15.0,0.0176,-0.008,0.0064,,0.892,,1.68,,,,1.18,-1.38
31.194,ROTATION_SCAN,1.1624,-1.3622,0.3,146.67,-0.02,1.36,15.0,0.0256,-0.0254,0.0056,,0.859,3.091,1.68,,,,1.18,-1.38
31.256,ROTATION_SCAN,1.1617,-1.3642,0.302,147.49,0.04,1.14,15.0,0.0294,-0.0326,0.0046,,0.859,3.091,1.714,,,,1.18,-1.38
31.28,ROTATION_SCAN,1.1618,-1.3673,0.302,148.32,0.16,0.79,15.0,0.0334,-0.04,0.0084,,0.838,,1.714,,,,1.18,-1.38
31.344,ROTATION_SCAN,1.1636,-1.3703,0.301,149.16,0.26,0.53,15.0,0.0394,-0.0438,0.004,,0.838,,,,,,1.18,-1.38
31.392,ROTATION_SCAN,1.1659,-1.3732,0.301,149.99,0.43,0.35,15.0,0.0445,-0.0447,0.0021,,0.816,,,,,,1.18,-1.38
31.427,ROTATION_SCAN,1.1664,-1.3748,0.3,150.76,0.58,0.15,15.0,0.0444,-0.0407,0.0057,,0.816,,1.765,,,,1.18,-1.38
31.481,ROTATION_SCAN,1.1681,-1.3767,0.3,151.6,0.75,0.24,15.0,0.0469,-0.0367,-0.0019,,0.794,2.931,1.765,,,,1.18,-1.38
31.571,ROTATION_SCAN,1.1687,-1.3773,0.3,152.44,0.85,0.27,15.0,0.0478,-0.029,0.0059,,0.794,2.931,1.762,,,,1.18,-1.38
31.589,ROTATION_SCAN,1.1683,-1.3773,0.3,153.33,0.95,0.25,15.0,0.0469,-0.0203,0.0008,,0.779,2.883,1.762,,,,1.18,-1.38
31.667,ROTATION_SCAN,1.1693,-1.3769,0.302,154.29,0.88,0.35,15.0,0.0493,-0.0118,-0.0081,,0.779,2.883,,,,,1.18,-1.38
31.692,ROTATION_SCAN,1.1718,-1.3776,0.302,155.2,0.78,0.22,15.0,0.0545,-0.0067,-0.0014,,0.765,2.853,,,,,1.18,-1.38
31.738,ROTATION_SCAN,1.1758,-1.376,0.302,156.11,0.57,0.2,15.0,0.0616,0.002,0.0018,,0.765,2.853,,,,,1.18,-1.38
31.812,ROTATION_SCAN,1.1778,-1.374,0.302,157.04,0.38,0.11,15.0,0.0617,0.0098,0.0004,,0.747,2.799,,,,,1.18,-1.38
31.84,ROTATION_SCAN,1.1809,-1.3719,0.296,157.92,0.21,-0.01,15.0,0.0631,0.0155,-0.0067,,0.747,2.799,0.746,,,,1.18,-1.38
31.917,ROTATION_SCAN,1.1809,-1.3684,0.296,158.73,-0.05,-0.13,15.0,0.0556,0.0228,-0.0173,,0.743,2.767,0.746,,,,1.18,-1.38
31.934,ROTATION_SCAN,1.18,-1.3676,0.296,159.42,-0.27,-0.2,15.0,0.0465,0.0216,-0.0031,,0.743,2.767,0.712,,,,1.18,-1.38
31.981,ROTATION_SCAN,1.1806,-1.3634,0.296,160.21,-0.42,-0.14,15.0,0.0397,0.0265,-0.0024,,0.73,2.716,0.712,,,,1.18,-1.38
32.057,ROTATION_SCAN,1.1793,-1.3609,0.299,160.93,-0.62,-0.07,15.0,0.0296,0.0255,-0.0101,,0.73,2.716,0.691,,,,1.18,-1.38
32.076,ROTATION_SCAN,1.1779,-1.36,0.299,161.64,-0.69,0.07,15.0,0.0207,0.0191,0.0088,,0.723,2.676,0.691,,,,1.18,-1.38
32.139,ROTATION_SCAN,1.1756,-1.3578,0.297,162.37,-0.81,0.22,15.0,0.0119,0.0155,0.0151,,0.723,2.676,0.682,,,,1.18,-1.38
32.216,ROTATION_SCAN,1.1739,-1.3563,0.297,163.1,-0.77,0.38,15.0,0.0065,0.0102,0.0032,,0.713,2.662,0.682,,,,1.18,-1.38
32.247,ROTATION_SCAN,1.1708,-1.3554,0.299,163.8,-0.7,0.58,15.0,-0.0001,0.0042,0.0094,,0.713,2.662,0.676,,,,1.18,-1.38
32.287,ROTATION_SCAN,1.1678,-1.3556,0.299,164.46,-0.66,0.79,15.0,-0.0036,-0.0039,0.0081,,0.712,2.636,0.676,,,,1.18,-1.38
32.33,ROTATION_SCAN,1.1665,-1.3561,0.299,165.14,-0.56,0.88,15.0,-0.0012,-0.0113,0.0124,,0.712,2.636,0.67,,,,1.18,-1.38
32.383,ROTATION_SCAN,1.1628,-1.357,0.299,165.85,-0.43,0.93,15.0,-0.0043,-0.0182,0.0063,,0.708,2.605,0.67,,,,1.18,-1.38
32.443,ROTATION_SCAN,1.1609,-1.3584,0.3,166.56,-0.3,0.98,15.0,-0.0018,-0.0243,0.0019,,0.708,2.605,0.671,,,,1.18,-1.38
32.482,ROTATION_SCAN,1.1598,-1.3598,0.3,167.28,-0.15,1.06,15.0,0.0034,-0.0284,0.0011,,0.702,2.599,0.671,,,,1.18,-1.38
32.578,ROTATION_SCAN,1.158,-1.3616,0.296,168.05,0.04,1.28,15.0,0.0079,-0.0319,-0.0046,,0.702,2.599,0.672,,,,1.18,-1.38
32.607,ROTATION_SCAN,1.1574,-1.3638,0.296,168.86,0.16,1.38,15.0,0.0163,-0.0349,-0.0102,,0.695,2.567,0.672,,,,1.18,-1.38
32.633,ROTATION_SCAN,1.1567,-1.3664,0.298,169.64,0.25,1.39,15.0,0.024,-0.0375,-0.0101,,0.695,2.567,0.667,,,,1.18,-1.38
32.683,ROTATION_SCAN,1.1564,-1.3682,0.298,170.42,0.4,1.25,15.0,0.0316,-0.0364,-0.0017,,0.688,2.542,0.667,,,,1.18,-1.38
32.73,ROTATION_SCAN,1.1571,-1.3713,0.297,171.29,0.47,1.13,15.0,0.0396,-0.0379,0.0032,,0.688,2.542,0.666,,,,1.18,-1.38
32.802,ROTATION_SCAN,1.1579,-1.3735,0.297,172.1,0.6,1.0,15.0,0.0455,-0.0354,-0.0012,,0.681,2.514,0.666,,,,1.18,-1.38
32.831,ROTATION_SCAN,1.1603,-1.3759,0.298,172.83,0.64,0.83,15.0,0.0538,-0.033,0.0008,,0.681,2.514,0.66,,,,1.18,-1.38
32.906,ROTATION_SCAN,1.1623,-1.3768,0.298,173.58,0.73,0.76,15.0,0.0598,-0.0261,0.008,,0.677,2.479,0.66,,,,1.18,-1.38
32.952,ROTATION_SCAN,1.1649,-1.3774,0.299,174.29,0.74,0.65,15.0,0.0648,-0.0189,0.0092,,0.677,2.479,0.658,,,,1.18,-1.38
33.021,ROTATION_SCAN,1.1682,-1.3787,0.299,175.03,0.7,0.54,15.0,0.0703,-0.0143,0.0096,,0.667,2.465,0.658,,,,1.18,-1.38
33.039,ROTATION_SCAN,1.1721,-1.3789,0.3,175.74,0.69,0.38,15.0,0.075,-0.008,-0.001,,0.667,2.465,0.652,,,,1.18,-1.38
33.077,ROTATION_SCAN,1.1726,-1.3777,0.3,176.46,0.6,0.08,15.0,0.0698,0.0014,0.0025,,0.657,2.42,0.652,,,,1.18,-1.38
33.186,ROTATION_SCAN,1.1745,-1.3763,0.299,177.23,0.46,0.04,15.0,0.0667,0.0086,0.0019,,0.657,2.42,0.649,,,,1.18,-1.38
33.209,ROTATION_SCAN,1.1754,-1.3748,0.299,178.04,0.31,-0.09,15.0,0.061,0.0143,0.0008,,0.657,2.393,0.649,,,,1.18,-1.38
33.301,ROTATION_SCAN,1.1745,-1.3738,0.299,178.87,0.12,-0.16,15.0,0.0511,0.0169,0.0061,,0.657,2.393,0.639,,,,1.18,-1.38
33.342,ROTATION_SCAN,1.1753,-1.3692,0.299,179.67,-0.08,-0.15,15.0,0.0456,0.0252,0.0056,,0.652,2.353,0.639,,,,1.18,-1.38
33.412,ROTATION_SCAN,1.1752,-1.3674,0.299,-179.53,-0.21,-0.11,15.0,0.0392,0.0253,0.0013,,0.652,2.353,0.643,,,,1.18,-1.38
33.5,ROTATION_SCAN,1.173,-1.3661,0.299,-178.78,-0.39,-0.09,15.0,0.0295,0.0228,0.0049,,0.657,2.289,0.643,,,,2.26,-0.94
33.593,NAV_WAYPOINT,1.1712,-1.3657,0.299,-178.02,-0.48,-0.01,15.0,0.0217,0.0174,0.0062,,0.657,2.289,0.642,,1.16,-0.94,2.26,-0.94
33.614,NAV_WAYPOINT,1.1669,-1.3655,0.299,-177.34,-0.61,0.07,-0.0,0.0099,0.0112,0.0054,,0.654,2.241,0.642,,1.16,-0.94,2.26,-0.94
33.622,NAV_WAYPOINT,1.1634,-1.3657,0.303,-176.7,-0.6,0.04,-0.0,0.0018,0.0045,0.0086,,0.654,2.241,0.644,,1.16,-0.94,2.26,-0.94
33.652,NAV_WAYPOINT,1.1606,-1.3682,0.303,-176.24,-0.61,-0.02,-0.0,-0.0043,-0.007,0.0157,,0.66,2.184,0.644,,1.16,-0.94,2.26,-0.94
33.667,NAV_WAYPOINT,1.157,-1.3709,0.298,-175.89,-0.54,-0.01,-0.0,-0.0117,-0.0169,0.0068,,0.66,2.184,0.639,,1.16,-0.94,2.26,-0.94
33.692,NAV_WAYPOINT,1.1537,-1.3731,0.298,-175.59,-0.14,0.2,-0.0,-0.0166,-0.0227,0.0065,,0.663,2.181,0.639,,1.16,-0.94,2.26,-0.94
33.739,NAV_WAYPOINT,1.1518,-1.3772,0.299,-175.41,2.15,0.34,-0.0,-0.0178,-0.0192,0.0106,,0.663,2.181,0.653,,1.16,-0.94,2.26,-0.94
33.781,NAV_WAYPOINT,1.1492,-1.3811,0.299,-175.32,3.97,0.69,-0.0,-0.0191,0.0022,0.0077,,0.668,2.227,0.653,,1.16,-0.94,2.26,-0.94
33.857,NAV_WAYPOINT,1.1451,-1.3824,0.304,-175.35,5.1,0.95,-0.0,-0.022,0.0385,0.0144,,0.668,2.227,0.655,,1.16,-0.94,2.26,-0.94
33.898,NAV_WAYPOINT,1.1414,-1.3817,0.304,-175.37,5.56,1.17,-0.0,-0.0222,0.0816,0.0193,,0.672,2.254,0.655,,1.16,-0.94,2.26,-0.94
33.931,NAV_WAYPOINT,1.1372,-1.3768,0.305,-175.46,5.59,1.17,-0.0,-0.0228,0.1309,0.015,,0.672,2.254,0.66,,1.16,-0.94,2.26,-0.94
33.978,NAV_WAYPOINT,1.1339,-1.3695,0.305,-175.62,5.03,1.2,-0.0,-0.0207,0.1773,0.0137,,0.675,2.256,0.66,,1.16,-0.94,2.26,-0.94
34.031,NAV_WAYPOINT,1.1312,-1.3601,0.303,-175.8,4.39,1.12,-0.0,-0.0175,0.2176,0.0038,,0.675,2.256,0.645,,1.16,-0.94,2.26,-0.94
34.104,NAV_WAYPOINT,1.1285,-1.3503,0.303,-175.98,3.51,1.05,-0.0,-0.0144,0.2485,0.0016,,0.677,2.294,0.645,,1.16,-0.94,2.26,-0.94
34.143,NAV_WAYPOINT,1.1256,-1.3394,0.303,-176.12,2.73,0.97,-0.0,-0.0123,0.2709,0.0004,,0.677,2.294,0.623,,1.16,-0.94,2.26,-0.94
34.187,NAV_WAYPOINT,1.1228,-1.3255,0.303,-176.25,2.0,0.94,-0.0,-0.01,0.2922,-0.0002,,0.677,2.308,0.623,,1.16,-0.94,2.26,-0.94
34.232,NAV_WAYPOINT,1.1198,-1.3145,0.304,-176.39,1.32,0.78,-0.0,-0.009,0.2978,0.0,,0.677,2.308,0.602,,1.16,-0.94,2.26,-0.94
34.281,NAV_WAYPOINT,1.1174,-1.3018,0.304,-176.51,0.81,0.8,-0.0,-0.0069,0.3016,0.0039,,0.677,2.322,0.602,,1.16,-0.94,2.26,-0.94
34.342,NAV_WAYPOINT,1.1151,-1.2904,0.305,-176.58,0.4,0.69,-0.0,-0.0056,0.298,0.0125,,0.677,2.322,0.577,,1.16,-0.94,2.26,-0.94
34.393,NAV_WAYPOINT,1.1148,-1.2773,0.305,-176.61,0.2,0.77,-0.0,0.0001,0.2955,0.0048,,0.675,2.353,0.577,,1.16,-0.94,2.26,-0.94
34.472,NAV_WAYPOINT,1.1128,-1.2638,0.304,-176.63,0.08,0.79,-0.0,0.0016,0.2936,0.004,,0.675,2.353,0.552,,1.16,-0.94,2.26,-0.94
34.488,NAV_WAYPOINT,1.1106,-1.2534,0.304,-176.64,-0.01,0.85,-0.0,0.0027,0.2835,0.0003,,0.682,2.391,0.552,,1.16,-0.94,2.26,-0.94
34.549,NAV_WAYPOINT,1.1089,-1.2384,0.303,-176.64,0.06,0.8,-0.0,0.005,0.2863,-0.0018,,0.682,2.391,0.532,,1.16,-0.94,2.26,-0.94
34.61,NAV_WAYPOINT,1.107,-1.2281,0.303,-176.59,0.32,0.89,-0.0,0.0063,0.2781,-0.0067,,0.684,2.417,0.532,,1.16,-0.94,2.26,-0.94
34.626,NAV_WAYPOINT,1.1065,-1.2162,0.304,-176.62,0.4,0.94,-0.0,0.0117,0.2762,0.0013,,0.684,2.417,0.51,,1.16,-0.94,2.26,-0.94
34.725,NAV_WAYPOINT,1.1047,-1.205,0.304,-176.61,0.44,0.87,-0.0,0.0122,0.2729,-0.0034,,0.688,2.44,0.51,,1.16,-0.94,2.26,-0.94
34.745,NAV_WAYPOINT,1.103,-1.1918,0.302,-176.55,0.53,0.78,-0.0,0.0124,0.2759,-0.0073,,0.688,2.44,0.49,,1.16,-0.94,2.26,-0.94
34.775,NAV_WAYPOINT,1.1017,-1.1804,0.302,-176.49,0.65,0.68,-0.0,0.0127,0.2751,-0.0103,,0.688,2.451,0.49,,1.16,-0.94,2.26,-0.94
34.833,NAV_WAYPOINT,1.101,-1.1685,0.302,-176.45,0.72,0.77,-0.0,0.015,0.2762,-0.0128,,0.688,2.451,0.471,,1.16,-0.94,2.26,-0.94
34.877,NAV_WAYPOINT,1.0993,-1.1568,0.302,-176.44,0.89,0.95,-0.0,0.0151,0.2777,-0.0094,,0.686,2.499,0.471,,1.16,-0.94,2.26,-0.94
34.97,NAV_WAYPOINT,1.0978,-1.1445,0.301,-176.48,0.82,1.11,-0.0,0.017,0.2811,-0.0047,,0.686,2.499,0.446,,1.16,-0.94,2.26,-0.94
34.99,NAV_WAYPOINT,1.0967,-1.13,0.301,-176.62,0.85,1.18,-0.0,0.0206,0.2894,-0.0056,,0.69,2.509,0.446,,1.16,-0.94,2.26,-0.94
35.063,NAV_WAYPOINT,1.0957,-1.1164,0.299,-176.69,0.88,1.32,-0.0,0.0254,0.2948,-0.0083,,0.69,2.509,0.423,,1.16,-0.94,2.26,-0.94
35.138,NAV_WAYPOINT,1.0953,-1.1034,0.299,-176.79,0.81,1.31,-0.0,0.0313,0.2982,-0.0078,,0.686,2.572,0.423,,1.16,-0.94,2.26,-0.94
35.195,NAV_WAYPOINT,1.0941,-1.09,0.297,-176.85,0.56,1.39,-0.0,0.0347,0.2999,-0.0019,,0.686,2.572,0.406,,1.16,-0.94,2.26,-0.94
35.228,NAV_WAYPOINT,1.0924,-1.0767,0.297,-176.88,0.44,1.36,-0.0,0.0361,0.2995,-0.005,,0.691,2.584,0.406,,1.16,-0.94,2.26,-0.94
35.272,NAV_WAYPOINT,1.0919,-1.0615,0.297,-176.93,0.38,1.59,-0.0,0.042,0.3036,-0.0019,,0.691,2.584,0.378,,1.16,-0.94,2.26,-0.94
35.326,NAV_WAYPOINT,1.0918,-1.0456,0.297,-177.06,0.33,1.72,-0.0,0.0497,0.3093,-0.0041,,0.697,2.613,0.378,,1.16,-0.94,2.26,-0.94
35.365,NAV_WAYPOINT,1.0919,-1.031,0.299,-177.33,0.06,1.82,-0.0,0.058,0.3084,0.0058,,0.697,2.613,0.353,,1.16,-0.94,2.26,-0.94
35.385,NAV_WAYPOINT,1.0923,-1.0157,0.299,-177.59,-0.15,1.72,-0.0,0.0654,0.3077,0.0057,,0.704,2.646,0.353,,1.16,-0.94,2.26,-0.94
35.463,NAV_WAYPOINT,1.0923,-1.0014,0.299,-177.79,-0.33,1.72,-0.0,0.0707,0.3029,0.004,,0.704,2.646,0.335,,1.16,-0.94,2.26,-0.94
35.485,NAV_WAYPOINT,1.0937,-0.9869,0.299,-178.04,-0.47,1.73,-0.0,0.0788,0.2976,0.0006,,0.717,2.678,0.335,,1.16,-0.94,2.26,-0.94
35.562,NAV_WAYPOINT,1.0954,-0.9709,0.299,-178.31,-0.61,1.87,-0.0,0.0873,0.2958,-0.0102,,0.717,2.678,0.316,,1.16,-0.94,2.26,-0.94
35.584,NAV_WAYPOINT,1.0974,-0.9568,0.299,-178.59,-0.88,1.91,-0.0,0.0962,0.2881,-0.0094,,0.734,2.73,0.316,,1.16,-0.94,2.26,-0.94
35.637,NAV_WAYPOINT,1.0999,-0.9423,0.299,-178.85,-1.36,2.15,-0.0,0.107,0.2785,-0.004,,0.734,2.73,0.285,,1.16,-0.94,2.26,-0.94
35.702,NAV_WAYPOINT,1.1025,-0.9292,0.299,-179.13,-2.05,2.14,-0.0,0.117,0.2611,-0.0052,,0.773,2.757,0.285,,1.16,-0.94,2.26,-0.94
35.752,NAV_WAYPOINT,1.1058,-0.9169,0.294,-179.38,-2.96,2.08,-0.0,0.1265,0.2361,-0.0135,,0.773,2.757,0.241,,1.16,-0.94,2.26,-0.94
35.808,NAV_WAYPOINT,1.1106,-0.9062,0.294,-179.51,-3.74,1.92,-0.0,0.1386,0.2037,-0.0153,,0.828,2.756,0.241,,1.16,-0.94,2.26,-0.94
35.898,NAV_WAYPOINT,1.115,-0.895,0.294,-179.6,-4.15,1.71,-0.0,0.1474,0.1719,0.0052,,0.828,2.756,0.201,,1.16,-0.94,2.26,-0.94
35.921,NAV_WAYPOINT,1.1205,-0.8885,0.294,-179.67,-4.3,1.45,-0.0,0.1536,0.1293,-0.0001,,0.958,2.781,0.201,,1.16,-0.94,2.26,-0.94
35.98,NAV_WAYPOINT,1.1265,-0.8831,0.294,-179.73,-4.39,1.23,-0.0,0.1593,0.0899,-0.0022,,0.958,2.781,0.176,,1.16,-0.94,2.26,-0.94
36.007,NAV_WAYPOINT,1.133,-0.8793,0.294,-179.82,-4.45,0.84,-0.0,0.163,0.049,0.0057,,,2.771,0.176,,1.16,-0.94,2.26,-0.94
36.032,NAV_WAYPOINT,1.1395,-0.8778,0.298,-179.87,-4.31,0.47,-0.0,0.163,0.0093,0.0067,,,2.771,0.164,,1.16,-0.94,2.26,-0.94
36.105,NAV_WAYPOINT,1.1462,-0.8781,0.298,-179.84,-3.97,0.1,-0.0,0.1607,-0.0283,0.016,,,2.745,0.164,,1.16,-0.94,2.26,-0.94
36.129,NAV_WAYPOINT,1.1517,-0.8794,0.299,-179.77,-3.64,-0.32,-0.0,0.1516,-0.0611,0.0167,,,2.745,0.164,,1.16,-0.94,2.26,-0.94
36.199,NAV_WAYPOINT,1.1577,-0.8828,0.299,-179.73,-3.25,-0.65,-0.0,0.1423,-0.0918,0.0201,,,2.763,0.164,,1.16,-0.94,2.26,-0.94
36.225,NAV_WAYPOINT,1.1637,-0.8865,0.298,-179.74,-2.89,-0.93,-0.0,0.1325,-0.1158,0.021,,,2.763,0.176,,1.16,-0.94,2.26,-0.94
36.288,NAV_WAYPOINT,1.1676,-0.8906,0.298,-179.77,-2.38,-1.31,-0.0,0.1144,-0.1349,0.0146,,,2.788,0.176,,1.16,-0.94,2.26,-0.94
36.367,NAV_WAYPOINT,1.1708,-0.8975,0.299,-179.79,-1.74,-1.56,-0.0,0.0948,-0.1534,0.0114,,,2.788,0.188,,1.16,-0.94,2.26,-0.94
36.386,NAV_WAYPOINT,1.1731,-0.9025,0.299,-179.8,-1.16,-1.58,-0.0,0.0743,-0.1606,0.0121,,0.741,2.79,0.188,,1.16,-0.94,2.26,-0.94
36.441,NAV_WAYPOINT,1.1749,-0.9093,0.299,-179.78,-0.54,-1.58,-0.0,0.0557,-0.165,0.013,,0.741,2.79,0.2,,1.16,-0.94,2.26,-0.94
36.48,NAV_WAYPOINT,1.1756,-0.9145,0.299,-179.76,0.07,-1.53,-0.0,0.0368,-0.1607,0.0097,,0.695,2.779,0.2,,1.16,-0.94,2.26,-0.94
36.533,NAV_WAYPOINT,1.1755,-0.9194,0.305,-179.75,0.24,-1.17,-0.0,0.02,-0.153,0.0174,,0.695,2.779,0.212,,2.26,-0.94,2.26,-0.94
36.61,NAV_WAYPOINT,1.1752,-0.9272,0.305,-179.8,0.69,-1.03,-0.0,0.0076,-0.1493,0.0238,,0.677,2.786,0.212,,2.26,-0.94,2.26,-0.94
36.657,NAV_WAYPOINT,1.1732,-0.9332,0.305,-179.85,1.19,-0.71,-0.0,-0.0062,-0.1392,0.0183,,0.677,2.786,0.224,,2.26,-0.94,2.26,-0.94
36.787,NAV_WAYPOINT,1.1707,-0.9368,0.305,179.97,2.02,1.72,-0.0,-0.007,-0.1173,0.0133,,0.665,2.8,0.224,,2.26,-0.94,2.26,-0.94
36.847,NAV_WAYPOINT,1.169,-0.9392,0.306,179.88,2.22,3.71,-0.0,0.014,-0.0918,0.0088,,0.665,2.8,0.233,,2.26,-0.94,2.26,-0.94
36.868,NAV_WAYPOINT,1.1686,-0.9426,0.306,179.87,2.25,4.81,-0.0,0.0476,-0.0706,0.0053,,0.664,2.799,0.233,,2.26,-0.94,2.26,-0.94
36.917,NAV_WAYPOINT,1.171,-0.9437,0.307,179.87,2.06,5.51,-0.0,0.0915,-0.0469,0.0108,,0.664,2.799,0.237,,2.26,-0.94,2.26,-0.94
36.952,NAV_WAYPOINT,1.1767,-0.9421,0.307,179.89,1.59,5.63,-0.0,0.1406,-0.0225,0.0086,,0.654,2.785,0.237,,2.26,-0.94,2.26,-0.94
36.996,NAV_WAYPOINT,1.1837,-0.9403,0.304,-180.0,1.25,5.55,-0.0,0.187,-0.0034,0.0073,,0.654,2.785,0.242,,2.26,-0.94,2.26,-0.94
37.009,NAV_WAYPOINT,1.1943,-0.9394,0.304,-179.71,0.83,5.01,-0.0,0.2327,0.0078,-0.0063,,0.646,2.757,0.242,,2.26,-0.94,2.26,-0.94
37.032,NAV_WAYPOINT,1.2067,-0.9364,0.305,-179.35,0.44,4.3,-0.0,0.2734,0.0199,-0.0034,,0.646,2.757,0.235,,2.26,-0.94,2.26,-0.94
37.085,NAV_WAYPOINT,1.2202,-0.9339,0.305,-178.98,0.26,3.33,-0.0,0.304,0.0274,-0.0053,,0.639,2.705,0.235,,2.26,-0.94,2.26,-0.94
37.129,NAV_WAYPOINT,1.2361,-0.9319,0.3,-178.54,0.16,2.31,-0.0,0.3277,0.0314,-0.0092,,0.639,2.705,0.236,,2.26,-0.94,2.26,-0.94
37.203,NAV_WAYPOINT,1.2552,-0.9281,0.3,-178.15,0.02,1.44,-0.0,0.3491,0.0379,-0.019,,0.65,2.638,0.236,,2.26,-0.94,2.26,-0.94
37.236,NAV_WAYPOINT,1.2708,-0.926,0.299,-177.8,-0.08,0.62,-0.0,0.3527,0.0392,-0.019,,0.65,2.638,0.241,,2.26,-0.94,2.26,-0.94
37.285,NAV_WAYPOINT,1.2851,-0.9242,0.299,-177.53,-0.17,-0.05,-0.0,0.3472,0.0387,-0.0147,,0.721,2.602,0.241,,2.26,-0.94,2.26,-0.94
37.328,NAV_WAYPOINT,1.3,-0.9217,0.3,-177.36,-0.18,-0.47,-0.0,0.339,0.0394,-0.0091,,0.721,2.602,0.255,,2.26,-0.94,2.26,-0.94
37.38,NAV_WAYPOINT,1.3153,-0.92,0.3,-177.29,-0.39,-0.81,-0.0,0.3296,0.0363,-0.0021,,,,0.255,,2.26,-0.94,2.26,-0.94
37.461,NAV_WAYPOINT,1.3302,-0.9164,0.298,-177.24,-0.53,-0.99,-0.0,0.3184,0.0366,-0.0025,,,,0.24,,2.26,-0.94,2.26,-0.94
37.492,NAV_WAYPOINT,1.3436,-0.9149,0.298,-177.21,-0.65,-0.9,-0.0,0.3055,0.0312,-0.0014,,1.394,2.555,0.24,,2.26,-0.94,2.26,-0.94
37.564,NAV_WAYPOINT,1.3558,-0.9136,0.3,-177.16,-0.81,-0.62,-0.0,0.2925,0.0244,0.0073,,1.394,2.555,0.231,,2.26,-0.94,2.26,-0.94
37.58,NAV_WAYPOINT,1.3671,-0.9117,0.3,-177.03,-0.89,-0.42,-0.0,0.2808,0.0191,0.0073,,1.433,2.556,0.231,,2.26,-0.94,2.26,-0.94
37.632,NAV_WAYPOINT,1.3774,-0.9109,0.302,-176.87,-0.85,-0.02,-0.0,0.271,0.0118,0.0121,,1.433,2.556,0.237,,2.26,-0.94,2.26,-0.94
37.707,NAV_WAYPOINT,1.3882,-0.9107,0.302,-176.68,-0.79,0.33,-0.0,0.2662,0.0045,0.0139,,1.454,2.527,0.237,,2.26,-0.94,2.26,-0.94
37.728,NAV_WAYPOINT,1.3995,-0.9104,0.3,-176.42,-0.66,0.62,-0.0,0.2658,-0.001,0.0094,,1.454,2.527,0.242,,2.26,-0.94,2.26,-0.94
37.804,NAV_WAYPOINT,1.4093,-0.9109,0.3,-176.12,-0.51,0.75,-0.0,0.2638,-0.006,0.0015,,1.483,2.527,0.242,,2.26,-0.94,2.26,-0.94
37.836,NAV_WAYPOINT,1.4202,-0.9109,0.301,-175.77,-0.3,1.0,-0.0,0.2659,-0.0076,-0.0025,,1.483,2.527,0.245,,2.26,-0.94,2.26,-0.94
37.935,NAV_WAYPOINT,1.4297,-0.9107,0.301,-175.4,-0.05,1.16,-0.0,0.2661,-0.007,-0.0006,,1.455,2.519,0.245,,2.26,-0.94,2.26,-0.94
37.95,NAV_WAYPOINT,1.4419,-0.9104,0.3,-175.07,0.15,1.27,-0.0,0.2732,-0.004,0.0012,,1.455,2.519,0.24,,2.26,-0.94,2.26,-0.94
38.001,NAV_WAYPOINT,1.4544,-0.9101,0.3,-174.78,0.29,1.36,-0.0,0.2812,0.0005,-0.0014,,1.424,2.539,0.24,,2.26,-0.94,2.26,-0.94
38.033,NAV_WAYPOINT,1.4665,-0.9104,0.302,-174.62,0.33,1.25,-0.0,0.2874,0.0031,-0.0001,,1.424,2.539,0.245,,2.26,-0.94,2.26,-0.94
38.081,NAV_WAYPOINT,1.4779,-0.9098,0.302,-174.59,0.46,1.28,-0.0,0.2903,0.0085,-0.0017,,1.404,2.513,0.245,,2.26,-0.94,2.26,-0.94
38.173,NAV_WAYPOINT,1.4896,-0.9103,0.299,-174.8,0.5,1.19,-0.0,0.2933,0.0118,-0.006,,1.404,2.513,0.286,,2.26,-0.94,2.26,-0.94
38.183,NAV_WAYPOINT,1.5027,-0.9086,0.299,-175.16,0.32,1.02,-0.0,0.2983,0.0189,-0.0106,,1.388,2.53,0.286,,2.26,-0.94,2.26,-0.94
38.281,NAV_WAYPOINT,1.5148,-0.9077,0.301,-175.63,0.03,0.72,-0.0,0.2981,0.0208,-0.0116,,1.388,2.53,,,2.26,-0.94,2.26,-0.94
38.312,NAV_WAYPOINT,1.529,-0.9053,0.301,-176.08,-0.19,0.49,-0.0,0.3015,0.0235,-0.0035,,1.358,2.53,,,2.26,-0.94,2.26,-0.94
38.349,NAV_WAYPOINT,1.5417,-0.9036,0.299,-176.5,-0.45,0.36,-0.0,0.2996,0.0221,0.0012,,1.358,2.53,,,2.26,-0.94,2.26,-0.94
38.387,NAV_WAYPOINT,1.5551,-0.9019,0.299,-176.9,-0.45,0.3,-0.0,0.2985,0.0204,-0.0061,,,2.523,,,2.26,-0.94,2.26,-0.94
38.436,NAV_WAYPOINT,1.568,-0.9012,0.3,-177.33,-0.53,0.28,-0.0,0.2962,0.0157,0.0002,,,2.523,,,2.26,-0.94,2.26,-0.94
38.512,NAV_WAYPOINT,1.5809,-0.8991,0.3,-177.76,-0.74,0.24,-0.0,0.2937,0.0132,0.0027,,,2.545,,,2.26,-0.94,2.26,-0.94
38.524,NAV_WAYPOINT,1.5963,-0.897,0.297,-178.12,-0.79,0.29,-0.0,0.2972,0.0105,-0.0038,,,2.545,,,2.26,-0.94,2.26,-0.94
38.617,NAV_WAYPOINT,1.6088,-0.8971,0.297,-178.46,-0.75,0.26,-0.0,0.2946,0.0027,-0.0061,,,2.535,,,2.26,-0.94,2.26,-0.94
38.64,NAV_WAYPOINT,1.6214,-0.897,0.299,-178.8,-0.8,0.24,-0.0,0.2915,-0.004,0.0002,,,2.535,,,2.26,-0.94,2.26,-0.94
38.703,NAV_WAYPOINT,1.6341,-0.8966,0.299,-179.07,-0.83,0.35,-0.0,0.2895,-0.0097,0.0054,,,2.536,,,2.26,-0.94,2.26,-0.94
38.741,NAV_WAYPOINT,1.6469,-0.897,0.297,-179.23,-0.7,0.34,-0.0,0.2916,-0.016,-0.0008,,,2.536,,,2.26,-0.94,2.26,-0.94
38.819,NAV_WAYPOINT,1.6607,-0.898,0.297,-179.35,-0.59,0.33,-0.0,0.289,-0.0213,-0.0013,,,2.518,,,2.26,-0.94,2.26,-0.94
38.85,NAV_WAYPOINT,1.6751,-0.8992,0.298,-179.44,-0.4,0.36,-0.0,0.2921,-0.0257,0.0084,,,2.518,,,2.26,-0.94,2.26,-0.94
38.919,NAV_WAYPOINT,1.6882,-0.8999,0.298,-179.6,-0.28,0.41,-0.0,0.2915,-0.027,0.0062,,,2.525,,,2.26,-0.94,2.26,-0.94
38.957,NAV_WAYPOINT,1.7021,-0.9005,0.297,-179.75,-0.19,0.4,-0.0,0.2925,-0.0271,-0.0018,,,2.525,,,2.26,-0.94,2.26,-0.94
38.977,NAV_WAYPOINT,1.7154,-0.9015,0.297,-179.93,-0.09,0.37,-0.0,0.2926,-0.0277,0.004,,,2.518,,,2.26,-0.94,2.26,-0.94
39.041,NAV_WAYPOINT,1.7291,-0.9029,0.299,179.94,-0.04,0.41,-0.0,0.2934,-0.0277,0.0091,,,2.518,,,2.26,-0.94,2.26,-0.94
39.131,NAV_WAYPOINT,1.7453,-0.9046,0.299,179.78,-0.02,0.48,-0.0,0.3012,-0.0289,0.0142,,,2.526,,,2.26,-0.94,2.26,-0.94
39.139,NAV_WAYPOINT,1.7601,-0.9059,0.3,179.61,0.12,0.51,-0.0,0.3045,-0.0283,0.0144,,,2.526,,,2.26,-0.94,2.26,-0.94
39.206,NAV_WAYPOINT,1.7746,-0.9063,0.3,179.41,0.17,0.44,-0.0,0.3066,-0.0248,0.0165,,,2.521,,,2.26,-0.94,2.26,-0.94
39.256,NAV_WAYPOINT,1.7895,-0.9085,0.299,179.28,-0.02,0.48,-0.0,0.3093,-0.026,0.0156,,,2.521,,,2.26,-0.94,2.26,-0.94
39.311,NAV_WAYPOINT,1.8052,-0.9098,0.299,179.16,0.0,0.44,-0.0,0.3137,-0.0265,0.0121,,,2.52,,,2.26,-0.94,2.26,-0.94
39.339,NAV_WAYPOINT,1.8208,-0.9109,0.299,179.11,-0.18,0.32,-0.0,0.3167,-0.0268,0.0225,,,2.52,,,2.26,-0.94,2.26,-0.94
39.396,NAV_WAYPOINT,1.8375,-0.9123,0.299,179.07,-0.19,0.37,-0.0,0.3216,-0.0285,0.0107,,,2.5,,,2.26,-0.94,2.26,-0.94
39.442,NAV_WAYPOINT,1.8512,-0.9107,0.304,-178.5,0.32,0.52,-0.0,0.3197,-0.0181,0.0168,,,2.5,,,2.26,-0.94,2.26,-0.94
39.474,NAV_WAYPOINT,1.8659,-0.9071,0.304,-177.56,-0.15,0.59,-0.0,0.3164,-0.0078,0.022,,,0.0,,,2.26,-0.94,2.26,-0.94
39.542,NAV_WAYPOINT,1.879,-0.904,0.304,-177.24,-0.25,0.71,-0.0,0.319,-0.0007,0.0151,,,0.0,,,2.26,-0.94,2.26,-0.94
39.59,NAV_WAYPOINT,1.8949,-0.9024,0.304,-177.28,-0.67,0.74,-0.0,0.3249,-0.0003,0.0043,,,0.039,,,2.26,-0.94,2.26,-0.94
39.654,NAV_WAYPOINT,1.9119,-0.9005,0.304,-177.44,-0.99,0.69,-0.0,0.333,-0.0023,-0.0004,,,0.039,,,2.26,-0.94,2.26,-0.94
39.705,NAV_WAYPOINT,1.9279,-0.8998,0.304,-177.53,-1.33,0.54,-0.0,0.3367,-0.01,-0.0108,,,0.049,,,2.26,-0.94,2.26,-0.94
39.747,NAV_WAYPOINT,1.9408,-0.8983,0.304,-175.78,-1.31,0.16,-0.0,0.3303,-0.0146,-0.0025,,,0.049,,,2.26,-0.94,2.26,-0.94
39.794,NAV_WAYPOINT,1.9555,-0.8957,0.304,-174.94,-1.71,-0.26,-0.0,0.3255,-0.0204,-0.0009,,,0.051,,,2.26,-0.94,2.26,-0.94
39.83,NAV_WAYPOINT,1.9701,-0.8958,0.305,-174.27,-1.6,-0.47,-0.0,0.319,-0.0324,-0.0067,,,0.051,,,2.26,-0.94,2.26,-0.94
39.946,NAV_WAYPOINT,1.9838,-0.8953,0.305,-173.88,-1.15,-0.61,-0.0,0.3102,-0.0392,-0.0061,,,0.037,,,2.26,-0.94,2.26,-0.94
39.951,NAV_WAYPOINT,2.0005,-0.8965,0.302,-177.59,-0.44,-0.96,-0.0,0.3049,-0.0422,-0.0008,,,0.037,,,2.26,-0.94,2.26,-0.94
40.026,NAV_WAYPOINT,2.0127,-0.8949,0.302,-178.7,-0.65,-0.58,-0.0,0.2917,-0.0397,0.001,,,,,,2.26,-0.94,2.26,-0.94
40.049,NAV_WAYPOINT,2.0262,-0.8946,0.305,179.37,-0.23,-0.85,-0.0,0.2827,-0.0381,0.014,,,,,,2.26,-0.94,2.26,-0.94
40.129,NAV_WAYPOINT,2.0369,-0.8949,0.305,178.77,-0.54,-0.48,-0.0,0.268,-0.0378,0.0185,,,0.164,,,2.26,-0.94,2.26,-0.94
40.208,NAV_WAYPOINT,2.0491,-0.8948,0.307,178.96,-0.53,-0.16,-0.0,0.262,-0.0381,0.0103,,,0.164,,,2.26,-0.94,2.26,-0.94
40.25,NAV_WAYPOINT,2.0643,-0.8954,0.307,179.72,-0.45,0.2,-0.0,0.2605,-0.0385,0.0085,,,0.257,,,2.26,-0.94,2.26,-0.94
40.274,NAV_WAYPOINT,2.0727,-0.8957,0.308,-179.43,-0.37,0.51,-0.0,0.2579,-0.0394,0.0048,,,0.257,,,2.26,-0.94,2.26,-0.94
40.32,NAV_WAYPOINT,2.0883,-0.8981,0.308,-178.54,-0.2,0.78,-0.0,0.2634,-0.0418,0.0032,,,0.407,,,2.26,-0.94,2.26,-0.94
40.349,NAV_WAYPOINT,2.1016,-0.8998,0.305,-177.72,-0.04,0.97,-0.0,0.2705,-0.0419,-0.0048,,,0.407,,,2.26,-0.94,2.26,-0.94
40.422,NAV_WAYPOINT,2.1136,-0.9028,0.305,-177.03,0.09,1.01,-0.0,0.2748,-0.0437,-0.0118,,,0.561,,,2.26,-0.94,2.26,-0.94
40.44,NAV_WAYPOINT,2.1298,-0.9071,0.306,-176.47,0.18,1.17,-0.0,0.2891,-0.0465,-0.012,,,0.561,,,2.26,-0.94,2.26,-0.94
40.501,NAV_WAYPOINT,2.1456,-0.9103,0.306,-176.02,0.2,1.14,-0.0,0.3022,-0.0466,-0.0086,,,0.826,,,2.26,-0.94,2.26,-0.94
40.531,NAV_WAYPOINT,2.1604,-0.9124,0.303,-175.72,0.27,1.05,-0.0,0.3106,-0.0436,-0.0025,,,0.826,,,2.26,-0.94,2.26,-0.94
40.59,NAV_WAYPOINT,2.1772,-0.9149,0.303,-175.52,0.25,0.86,-0.0,0.3211,-0.0418,-0.0073,,,1.64,,,2.26,-0.94,2.26,-0.94
40.63,NAV_WAYPOINT,2.1942,-0.9185,0.301,-175.44,0.09,0.56,-0.0,0.3291,-0.0436,-0.0036,,,1.64,,,2.26,-0.94,2.26,-0.94
40.689,NAV_WAYPOINT,2.2112,-0.922,0.301,-175.4,-0.0,0.27,-0.0,0.3366,-0.0486,-0.0104,,,1.861,,,2.26,-0.94,2.26,-0.94
40.755,NAV_WAYPOINT,2.2296,-0.9271,0.299,-175.43,0.01,-0.23,-0.0,0.3378,-0.0531,-0.0132,,,1.861,,,2.26,-0.94,2.26,-0.94
40.804,NAV_WAYPOINT,2.2457,-0.9306,0.299,-175.57,0.15,-0.96,-0.0,0.3326,-0.0551,-0.013,0.191,,,,,2.26,-0.94,2.26,-0.94
40.869,ROTATION_SCAN,2.2614,-0.935,0.3,-175.79,0.29,-1.96,-0.0,0.3189,-0.058,-0.0092,0.191,,,,,,,2.26,-0.94
40.916,ROTATION_SCAN,2.2761,-0.9401,0.3,-176.07,0.4,-2.89,-0.0,0.2972,-0.0617,-0.0066,0.221,,1.697,,,,,2.26,-0.94
40.929,ROTATION_SCAN,2.29,-0.9446,0.3,-176.37,0.55,-3.4,-0.0,0.2692,-0.0626,-0.0109,0.221,,1.697,0.581,,,,2.26,-0.94
40.978,ROTATION_SCAN,2.3046,-0.9503,0.3,-176.6,1.06,-4.15,15.0,0.2422,-0.064,-0.0082,0.248,,,0.581,,,,2.26,-0.94
41.051,ROTATION_SCAN,2.3145,-0.9547,0.299,-176.76,1.37,-4.54,15.0,0.202,-0.0585,-0.0007,0.248,,,0.574,,,,2.26,-0.94
41.081,ROTATION_SCAN,2.3229,-0.9601,0.299,-176.82,1.56,-4.73,15.0,0.1612,-0.0534,-0.0072,0.267,,,0.574,,,,2.26,-0.94
41.132,ROTATION_SCAN,2.3296,-0.9649,0.297,-176.76,1.72,-4.79,15.0,0.1196,-0.0461,-0.0133,0.267,,,0.578,,,,2.26,-0.94
41.201,ROTATION_SCAN,2.3336,-0.9689,0.297,-176.53,1.77,-4.46,15.0,0.077,-0.0366,-0.0147,0.278,,1.555,0.578,,,,2.26,-0.94
41.237,ROTATION_SCAN,2.3367,-0.9746,0.295,-176.17,1.84,-3.94,15.0,0.0407,-0.0304,-0.0182,0.278,,1.555,0.583,,,,2.26,-0.94
41.296,ROTATION_SCAN,2.3356,-0.9809,0.295,-175.73,1.85,-3.29,15.0,0.0037,-0.024,-0.0165,0.283,,1.51,0.583,,,,2.26,-0.94
41.325,ROTATION_SCAN,2.3343,-0.9831,0.29,-175.14,1.8,-2.55,15.0,-0.0249,-0.0123,-0.0188,0.283,,1.51,0.587,,,,2.26,-0.94
41.407,ROTATION_SCAN,2.3314,-0.9856,0.29,-174.38,1.7,-1.9,15.0,-0.0484,-0.002,-0.0189,0.279,,1.466,0.587,,,,2.26,-0.94
41.447,ROTATION_SCAN,2.3271,-0.9868,0.289,-173.5,1.65,-1.39,15.0,-0.0683,0.0095,0.0023,0.279,,1.466,0.592,,,,2.26,-0.94
41.514,ROTATION_SCAN,2.3239,-0.9897,0.289,-172.77,1.46,-0.91,15.0,-0.0793,0.0153,-0.0051,0.277,,1.428,0.592,,,,2.26,-0.94
41.554,ROTATION_SCAN,2.3201,-0.9919,0.292,-171.76,1.32,-0.41,15.0,-0.0849,0.0207,0.003,0.277,,1.428,0.605,,,,2.26,-0.94
41.597,ROTATION_SCAN,2.3163,-0.9921,0.292,-170.69,1.28,0.03,15.0,-0.0865,0.0285,0.0086,0.277,,1.411,0.605,,,,2.26,-0.94
41.634,ROTATION_SCAN,2.3122,-0.9924,0.29,-169.65,1.28,0.36,15.0,-0.0853,0.0356,0.0064,0.277,,1.411,0.621,,,,2.26,-0.94
41.683,ROTATION_SCAN,2.308,-0.992,0.29,-168.6,1.21,0.67,15.0,-0.0826,0.0438,0.0023,0.274,,1.398,0.621,,,,2.26,-0.94
41.795,ROTATION_SCAN,2.3041,-0.9887,0.293,-167.57,1.04,0.64,15.0,-0.0788,0.0564,0.0056,0.274,,1.398,,,,,2.26,-0.94
41.817,ROTATION_SCAN,2.3016,-0.9871,0.293,-166.5,0.83,0.61,15.0,-0.0719,0.0617,0.0099,0.27,,1.374,,,,,2.26,-0.94
41.825,ROTATION_SCAN,2.3002,-0.9833,0.291,-165.49,0.69,0.66,15.0,-0.0629,0.0694,0.0047,0.27,,1.374,,,,,2.26,-0.94
41.909,ROTATION_SCAN,2.2989,-0.9813,0.291,-164.55,0.48,0.61,15.0,-0.0547,0.0711,0.0023,0.267,,1.343,,,,,2.26,-0.94
41.983,ROTATION_SCAN,2.2975,-0.9785,0.293,-163.62,0.35,0.44,15.0,-0.0488,0.0729,0.0116,0.267,,1.343,,,,,2.26,-0.94
42.043,ROTATION_SCAN,2.2958,-0.9759,0.293,-162.73,0.22,0.18,15.0,-0.0453,0.0728,0.0099,0.267,,1.309,,,,,2.26,-0.94
42.078,ROTATION_SCAN,2.2935,-0.9718,0.29,-161.87,0.17,0.01,15.0,-0.0453,0.0756,0.0031,0.267,,1.309,,,,,2.26,-0.94
42.09,ROTATION_SCAN,2.2909,-0.9672,0.29,-160.96,0.19,-0.01,15.0,-0.0465,0.0791,0.0014,0.27,0.68,1.247,,,,,2.26,-0.94
42.146,ROTATION_SCAN,2.2887,-0.9662,0.295,-160.11,0.09,-0.05,15.0,-0.0472,0.0723,0.0174,0.27,0.68,1.247,,,,,2.26,-0.94
42.225,ROTATION_SCAN,2.2856,-0.965,0.295,-159.37,-0.05,-0.07,15.0,-0.0494,0.0659,0.0206,0.268,0.673,1.199,,,,,2.26,-0.94
42.245,ROTATION_SCAN,2.2838,-0.9617,0.297,-158.63,-0.17,-0.1,15.0,-0.0481,0.0645,0.0133,0.268,0.673,1.199,,,,,2.26,-0.94
42.328,ROTATION_SCAN,2.2787,-0.9634,0.297,-157.86,-0.4,-0.16,15.0,-0.0548,0.0489,0.0175,0.267,0.673,1.143,,,,,2.26,-0.94
42.347,ROTATION_SCAN,2.2761,-0.9644,0.296,-157.07,-0.47,-0.09,15.0,-0.0542,0.0365,0.0146,0.267,0.673,1.143,,,,,2.26,-0.94
42.374,ROTATION_SCAN,2.2742,-0.9699,0.296,-156.26,-0.4,0.09,15.0,-0.0513,0.0145,0.0106,0.273,0.674,1.106,,,,,2.26,-0.94
42.426,ROTATION_SCAN,2.2744,-0.9738,0.3,-155.48,-0.32,0.29,15.0,-0.0427,0.0007,0.0148,0.273,0.674,1.106,,,,,2.26,-0.94
42.494,ROTATION_SCAN,2.2715,-0.9766,0.3,-154.68,-0.19,0.47,15.0,-0.0406,-0.007,0.0175,0.275,0.679,1.069,,,,,2.26,-0.94
42.524,ROTATION_SCAN,2.2708,-0.9805,0.298,-153.91,-0.04,0.62,15.0,-0.0337,-0.015,0.0116,0.275,0.679,1.069,,,,,2.26,-0.94
42.602,ROTATION_SCAN,2.271,-0.9856,0.298,-153.05,0.22,0.79,15.0,-0.0248,-0.0225,0.0054,0.28,0.683,1.044,,,,,2.26,-0.94
42.641,ROTATION_SCAN,2.2709,-0.991,0.299,-152.19,0.52,0.97,15.0,-0.0177,-0.0275,0.0044,0.28,0.683,1.044,,,,,2.26,-0.94
42.683,ROTATION_SCAN,2.2706,-0.9944,0.299,-151.3,0.83,1.02,15.0,-0.0124,-0.024,0.0064,0.277,0.686,1.016,,,,,2.26,-0.94
42.743,ROTATION_SCAN,2.271,-0.9971,0.299,-150.41,1.03,0.94,15.0,-0.007,-0.0174,0.0027,0.277,0.686,1.016,,,,,2.26,-0.94
42.821,ROTATION_SCAN,2.2718,-1.0004,0.299,-149.51,1.26,0.94,15.0,-0.0027,-0.0118,0.0037,0.279,0.686,1.003,,,,,2.26,-0.94
42.842,ROTATION_SCAN,2.271,-1.0029,0.299,-148.68,1.36,0.95,15.0,-0.0035,-0.0036,0.0039,0.279,0.686,1.003,,,,,2.26,-0.94
42.891,ROTATION_SCAN,2.2708,-1.0045,0.299,-147.95,1.41,1.0,15.0,-0.0032,0.0065,0.0011,0.274,0.692,1.003,,,,,2.26,-0.94
42.924,ROTATION_SCAN,2.2715,-1.0053,0.301,-147.22,1.37,0.91,15.0,-0.0011,0.0169,0.003,0.274,0.692,1.003,,,,,2.26,-0.94
43.016,ROTATION_SCAN,2.2722,-1.0059,0.301,-146.45,1.36,0.79,15.0,0.0,0.0258,0.0043,0.271,0.698,1.007,,,,,2.26,-0.94
43.031,ROTATION_SCAN,2.2722,-1.0033,0.298,-145.7,1.28,0.66,15.0,-0.0011,0.0417,0.0015,0.271,0.698,1.007,,,,,2.26,-0.94
43.115,ROTATION_SCAN,2.2694,-1.0033,0.298,-144.97,1.23,0.59,15.0,-0.0092,0.0484,-0.0048,0.273,0.702,1.016,,,,,2.26,-0.94
43.173,ROTATION_SCAN,2.2677,-1.0024,0.299,-144.21,1.08,0.5,15.0,-0.0138,0.0552,-0.0023,0.273,0.702,1.016,,,,,2.26,-0.94
43.236,ROTATION_SCAN,2.2675,-1.0026,0.299,-143.39,0.9,0.37,15.0,-0.015,0.0562,0.0,0.269,0.716,1.026,,,,,2.26,-0.94
43.256,ROTATION_SCAN,2.2712,-1.0068,0.298,-142.55,0.58,0.21,15.0,-0.008,0.0437,0.0063,0.269,0.716,1.026,,,,,2.26,-0.94
43.306,ROTATION_SCAN,2.2714,-1.0045,0.298,-141.77,0.5,0.26,15.0,-0.0076,0.0482,-0.0,0.271,0.727,1.04,,,,,2.26,-0.94
43.327,ROTATION_SCAN,2.271,-1.0067,0.298,-140.98,0.41,0.26,15.0,-0.0084,0.0404,-0.0021,0.271,0.727,1.04,,,,,2.26,-0.94
43.389,ROTATION_SCAN,2.2617,-1.0089,0.298,-140.16,0.37,0.24,15.0,-0.0287,0.0348,0.0007,0.271,0.749,1.06,,,,,2.26,-0.94
43.447,ROTATION_SCAN,2.259,-1.0091,0.299,-139.3,0.44,0.39,15.0,-0.032,0.0345,0.0055,0.271,0.749,1.06,,,,,2.26,-0.94
43.486,ROTATION_SCAN,2.2532,-1.0097,0.299,-138.46,0.53,0.7,15.0,-0.0406,0.0353,0.0052,0.266,0.764,1.093,,,,,2.26,-0.94
43.548,ROTATION_SCAN,2.2497,-1.0097,0.3,-137.67,0.4,0.98,15.0,-0.0414,0.0386,0.0113,0.266,0.764,1.093,,,,,2.26,-0.94
43.575,ROTATION_SCAN,2.2455,-1.0084,0.3,-136.94,0.31,1.23,15.0,-0.0414,0.0452,0.0068,0.267,0.778,,,,,,2.26,-0.94
43.636,ROTATION_SCAN,2.2416,-1.0091,0.299,-136.23,0.21,1.42,15.0,-0.039,0.0469,-0.0004,0.267,0.778,,1.279,,,,2.26,-0.94
43.716,ROTATION_SCAN,2.2373,-1.0062,0.299,-135.54,0.16,1.49,15.0,-0.0368,0.0583,-0.0017,0.267,0.788,,1.279,,,,2.26,-0.94
43.752,ROTATION_SCAN,2.2333,-1.0049,0.297,-134.86,0.01,1.61,15.0,-0.0331,0.0638,0.0005,0.267,0.788,,1.279,,,,2.26,-0.94
43.787,ROTATION_SCAN,2.2312,-1.0022,0.297,-134.22,-0.28,1.59,15.0,-0.0239,0.0713,-0.0043,0.264,0.804,,1.279,,,,2.26,-0.94
43.851,ROTATION_SCAN,2.2283,-0.9986,0.299,-133.62,-0.35,1.58,15.0,-0.0167,0.0793,0.0011,0.264,0.804,,1.274,,,,2.26,-0.94
43.877,ROTATION_SCAN,2.2274,-0.9964,0.299,-132.99,-0.45,1.55,15.0,-0.0053,0.0816,0.0073,0.266,0.814,,1.274,,,,2.26,-0.94
43.989,ROTATION_SCAN,2.227,-0.9934,0.3,-132.34,-0.4,1.49,15.0,0.0053,0.085,0.0055,0.266,0.814,,1.288,,,,2.26,-0.94
44.018,ROTATION_SCAN,2.2272,-0.9915,0.3,-131.71,-0.49,1.3,15.0,0.015,0.0846,0.0085,0.269,0.82,,1.288,,,,2.26,-0.94
44.025,ROTATION_SCAN,2.2276,-0.9889,0.298,-131.05,-0.47,1.09,15.0,0.0234,0.0845,0.0075,0.269,0.82,,1.286,,,,2.26,-0.94
44.113,ROTATION_SCAN,2.228,-0.9862,0.298,-130.38,-0.44,0.91,15.0,0.0301,0.0842,0.0048,0.28,0.827,,1.286,,,,2.26,-0.94
44.165,ROTATION_SCAN,2.2305,-0.9846,0.298,-129.71,-0.4,0.72,15.0,0.0391,0.0798,0.0144,0.28,0.827,,1.296,,,,2.26,-0.94
44.22,ROTATION_SCAN,2.2335,-0.9823,0.298,-129.04,-0.3,0.58,15.0,0.0467,0.0773,0.0022,0.295,0.837,,1.296,,,,2.26,-0.94
44.262,ROTATION_SCAN,2.237,-0.9793,0.297,-128.38,-0.11,0.45,15.0,0.0529,0.0774,-0.0034,0.295,0.837,,1.312,,,,2.26,-0.94
44.294,ROTATION_SCAN,2.2398,-0.9777,0.297,-127.68,0.1,0.28,15.0,0.0548,0.0738,-0.0003,0.306,0.852,,1.312,,,,2.26,-0.94
44.341,ROTATION_SCAN,2.2409,-0.9771,0.3,-126.92,0.32,0.12,15.0,0.0505,0.0677,0.0023,0.306,0.852,,1.323,,,,2.26,-0.94
44.388,ROTATION_SCAN,2.2434,-0.976,0.3,-126.13,0.45,0.17,15.0,0.048,0.0646,0.0065,0.318,,,1.323,,,,2.26,-0.94
44.448,ROTATION_SCAN,2.2454,-0.9731,0.298,-125.32,0.47,0.11,15.0,0.0449,0.067,0.0073,0.318,,,1.3,,,,2.26,-0.94
44.481,ROTATION_SCAN,2.2442,-0.9741,0.298,-124.4,0.51,0.14,15.0,0.0341,0.059,0.0024,0.331,,,1.3,,,,2.26,-0.94
44.554,ROTATION_SCAN,2.2442,-0.9731,0.301,-123.52,0.44,0.18,15.0,0.0275,0.0576,0.0125,0.331,,,1.249,,,,2.26,-0.94
44.576,ROTATION_SCAN,2.2411,-0.9742,0.301,-122.59,0.52,0.22,15.0,0.0146,0.0514,0.015,0.342,,,1.249,,,,2.26,-0.94
44.646,ROTATION_SCAN,2.2407,-0.976,0.299,-121.66,0.45,0.17,15.0,0.0092,0.0444,0.0094,0.342,,,,,,,2.26,-0.94
44.707,ROTATION_SCAN,2.2346,-0.9776,0.299,-120.68,0.41,0.3,15.0,-0.0066,0.0387,0.0069,0.356,,,,,,,2.26,-0.94
44.763,ROTATION_SCAN,2.2535,-0.9799,0.304,-119.77,0.08,0.79,15.0,0.0365,0.0371,0.0108,0.356,,,,,,,2.26,-0.94
44.817,ROTATION_SCAN,2.2537,-0.9794,0.304,-118.89,0.29,0.96,15.0,0.0353,0.0417,0.0204,0.363,,,,,,,2.26,-0.94
44.885,ROTATION_SCAN,2.251,-0.9792,0.301,-118.05,0.4,0.98,15.0,0.027,0.0456,0.0161,0.363,,,0.948,,,,2.26,-0.94
44.975,ROTATION_SCAN,2.2479,-0.9772,0.301,-117.28,0.32,0.89,15.0,0.0178,0.0527,0.006,0.372,,,0.948,,,,2.26,-0.94
44.984,ROTATION_SCAN,2.2442,-0.9743,0.302,-116.54,0.28,0.91,15.0,0.0089,0.0607,0.0135,0.372,,,0.91,,,,2.26,-0.94
45.018,ROTATION_SCAN,2.2411,-0.9751,0.302,-115.81,0.14,0.74,15.0,0.0028,0.0594,0.0087,0.382,,,0.91,,,,2.26,-0.94
45.045,ROTATION_SCAN,2.2392,-0.9744,0.308,-115.19,0.1,0.59,15.0,-0.0004,0.059,0.0057,0.382,,,0.89,,,,2.26,-0.94
45.084,ROTATION_SCAN,2.2341,-0.9723,0.308,-114.62,-0.04,0.58,15.0,-0.0096,0.0616,0.0197,0.39,,,0.89,,,,2.26,-0.94
45.156,ROTATION_SCAN,2.2314,-0.971,0.304,-114.01,-0.19,0.74,15.0,-0.0113,0.0621,0.0128,0.39,,,0.88,,,,2.26,-0.94
45.193,ROTATION_SCAN,2.2287,-0.9705,0.304,-113.39,-0.3,0.79,15.0,-0.0114,0.0612,-0.0,0.395,,,0.88,,,,2.26,-0.94
45.231,ROTATION_SCAN,2.2257,-0.97,0.307,-112.8,-0.42,0.79,15.0,-0.0113,0.0601,0.0023,0.395,,,0.874,,,,2.26,-0.94
45.293,ROTATION_SCAN,2.2235,-0.97,0.307,-112.19,-0.38,0.79,15.0,-0.0095,0.0579,0.0018,0.405,,,0.874,,,,2.26,-0.94
45.386,ROTATION_SCAN,2.2218,-0.9687,0.305,-111.58,-0.51,0.77,15.0,-0.0063,0.0588,-0.0038,0.405,,,0.877,,,,2.26,-0.94
45.45,ROTATION_SCAN,2.2199,-0.9675,0.305,-110.89,-0.65,0.73,15.0,-0.0028,0.059,-0.0028,0.418,,,0.877,,,,2.26,-0.94
45.488,ROTATION_SCAN,2.2192,-0.9653,0.302,-110.14,-0.71,0.72,15.0,0.0034,0.0611,0.0014,0.418,,,0.875,,,,2.26,-0.94
45.515,ROTATION_SCAN,2.2188,-0.9631,0.302,-109.39,-0.74,0.64,15.0,0.01,0.0622,-0.0069,0.43,,,0.875,,,,2.26,-0.94
45.546,ROTATION_SCAN,2.22,-0.9612,0.305,-108.62,-0.71,0.57,15.0,0.0188,0.0622,-0.0056,0.43,,,0.883,,,,2.26,-0.94
45.587,ROTATION_SCAN,2.2211,-0.9581,0.305,-107.79,-0.72,0.46,15.0,0.0258,0.0648,0.0009,0.452,,,0.883,,,,2.26,-0.94
45.654,ROTATION_SCAN,2.2227,-0.9571,0.305,-107.04,-0.76,0.22,15.0,0.0332,0.0604,0.0018,0.452,,,0.898,,,,2.26,-0.94
45.699,ROTATION_SCAN,2.2274,-0.9621,0.305,-106.29,-0.85,0.05,15.0,0.046,0.0417,-0.0014,0.476,0.63,,0.898,,,,2.26,-0.94
45.723,ROTATION_SCAN,2.2202,-0.9625,0.299,-105.56,-0.81,-0.08,15.0,0.0326,0.0327,-0.0059,0.476,0.63,,0.925,,,,2.26,-0.94
45.803,ROTATION_SCAN,2.2237,-0.9673,0.299,-104.84,-0.67,-0.02,15.0,0.0421,0.0173,-0.0163,0.508,0.621,,0.925,,,,2.26,-0.94
45.843,ROTATION_SCAN,2.2213,-0.975,0.299,-104.04,-0.44,0.18,15.0,0.0371,-0.003,-0.0147,0.508,0.621,,0.961,,,,2.26,-0.94
45.92,ROTATION_SCAN,2.2247,-0.9771,0.299,-103.21,-0.21,0.49,15.0,0.0434,-0.0046,-0.0119,0.537,0.617,,0.961,,,,2.26,-0.94
45.938,ROTATION_SCAN,2.2276,-0.9808,0.305,-102.4,-0.14,0.86,15.0,0.0474,-0.0063,-0.008,0.537,0.617,,1.001,,,,2.26,-0.94
45.993,ROTATION_SCAN,2.2316,-0.9817,0.305,-101.6,-0.16,1.2,15.0,0.054,0.0013,0.0107,0.575,0.613,,1.001,,,,2.26,-0.94
46.023,ROTATION_SCAN,2.2348,-0.9829,0.299,-100.86,-0.06,1.34,15.0,0.0581,0.0086,0.0019,0.575,0.613,,1.047,,,,2.26,-0.94
46.09,ROTATION_SCAN,2.2394,-0.9837,0.299,-100.13,0.21,1.43,15.0,0.063,0.0176,-0.0051,0.617,0.608,,1.047,,,,2.26,-0.94
46.147,ROTATION_SCAN,2.2442,-0.9837,0.3,-99.42,0.48,1.56,15.0,0.0654,0.0284,-0.0011,0.617,0.608,,1.083,,,,2.26,-0.94
46.22,ROTATION_SCAN,2.2477,-0.9822,0.3,-98.69,0.62,1.56,15.0,0.0631,0.0423,-0.0017,0.667,0.608,,1.083,,,,2.26,-0.94
46.249,ROTATION_SCAN,2.253,-0.98,0.298,-97.97,0.68,1.43,15.0,0.0642,0.0555,-0.0011,0.667,0.608,,,,,,2.26,-0.94
46.318,ROTATION_SCAN,2.2574,-0.9783,0.298,-97.24,0.71,1.31,15.0,0.0627,0.0649,-0.0036,0.726,0.597,,,,,,2.26,-0.94
46.336,ROTATION_SCAN,2.2613,-0.9754,0.299,-96.49,0.79,1.13,15.0,0.0592,0.0745,-0.0089,0.726,0.597,,,,,,2.26,-0.94
46.385,ROTATION_SCAN,2.2648,-0.9725,0.299,-95.74,0.92,0.83,15.0,0.0541,0.0813,0.0005,0.823,0.588,,,,,,2.26,-0.94
46.462,ROTATION_SCAN,2.2677,-0.9693,0.296,-95.0,0.87,0.61,15.0,0.0477,0.086,0.0082,0.823,0.588,,,,,,2.26,-0.94
46.476,ROTATION_SCAN,2.2704,-0.9651,0.296,-94.35,0.95,0.34,15.0,0.0411,0.0898,-0.0033,,0.577,,,,,,2.26,-0.94
46.554,ROTATION_SCAN,2.272,-0.9614,0.297,-93.76,0.99,0.14,15.0,0.0324,0.0907,0.0045,,0.577,,,,,,2.26,-0.94
46.587,ROTATION_SCAN,2.2727,-0.9596,0.297,-93.17,0.98,-0.03,15.0,0.0222,0.0857,0.0017,2.325,0.571,,,,,,2.26,-0.94
46.658,ROTATION_SCAN,2.2746,-0.9548,0.301,-92.54,0.97,-0.12,15.0,0.0158,0.0861,0.005,2.325,0.571,,,,,,2.26,-0.94
46.698,ROTATION_SCAN,2.276,-0.9527,0.301,-91.88,0.93,-0.36,15.0,0.0097,0.0796,0.0112,2.44,0.565,,,,,,2.26,-0.94
46.725,ROTATION_SCAN,2.2764,-0.9496,0.296,-91.2,0.87,-0.5,15.0,0.0022,0.0743,0.0095,2.44,0.565,,,,,,2.26,-0.94
46.795,ROTATION_SCAN,2.2767,-0.947,0.296,-90.5,0.86,-0.64,15.0,-0.0047,0.0672,-0.0066,2.362,0.566,,,,,,2.26,-0.94
46.824,ROTATION_SCAN,2.2761,-0.9446,0.296,-89.79,0.79,-0.7,15.0,-0.0122,0.0593,-0.0048,2.362,0.566,,,,,,2.26,-0.94
46.881,ROTATION_SCAN,2.2745,-0.9429,0.296,-89.09,0.79,-0.6,15.0,-0.0213,0.0509,-0.0079,,0.567,,,,,,2.26,-0.94
46.957,ROTATION_SCAN,2.272,-0.941,0.299,-88.32,0.75,-0.56,15.0,-0.031,0.0445,-0.0026,,0.567,,0.276,,,,2.26,-0.94
47.025,ROTATION_SCAN,2.2708,-0.9423,0.299,-87.59,0.68,-0.56,15.0,-0.0356,0.0321,0.0008,,0.568,,0.276,,,,2.26,-0.94
47.106,ROTATION_SCAN,2.2638,-0.9439,0.295,-86.85,0.46,-0.55,-0.0,-0.0528,0.0193,-0.0113,,0.568,,0.256,,,,2.26,-0.94
47.169,NAV_WAYPOINT,2.2608,-0.9465,0.295,-86.21,0.22,-0.53,-0.0,-0.0562,0.007,-0.0139,1.591,0.571,,0.256,,2.5,-0.96,2.5,-0.98
47.205,NAV_WAYPOINT,2.2595,-0.9508,0.293,-85.78,-0.21,-0.42,-0.0,-0.0516,-0.0061,-0.0072,1.591,0.571,,0.248,,2.5,-0.96,2.5,-0.98
47.238,NAV_WAYPOINT,2.2575,-0.952,0.293,-85.47,-0.58,-0.26,-0.0,-0.0464,-0.0104,-0.0064,,0.577,,0.248,,2.5,-0.96,2.5,-0.98
47.27,NAV_WAYPOINT,2.2573,-0.9557,0.294,-85.22,-0.75,-0.05,-0.0,-0.0358,-0.017,0.0063,,0.577,,0.244,,2.5,-0.96,2.5,-0.98
47.355,NAV_WAYPOINT,2.2601,-0.9581,0.294,-84.99,-1.19,0.14,-0.0,-0.0212,-0.0222,0.0025,1.519,0.579,,0.244,,2.5,-0.96,2.5,-0.98
47.382,NAV_WAYPOINT,2.2585,-0.962,0.295,-84.81,-3.17,-0.07,-0.0,0.0006,-0.0231,0.0047,1.519,0.579,,0.243,,2.5,-0.96,2.5,-0.98
47.458,NAV_WAYPOINT,2.2597,-0.9646,0.295,-84.7,-4.27,-0.06,-0.0,0.0356,-0.0243,0.0064,,0.583,,0.243,,2.5,-0.96,2.5,-0.98
47.476,NAV_WAYPOINT,2.2631,-0.9665,0.299,-84.63,-4.85,-0.08,-0.0,0.0778,-0.0229,0.0057,,0.583,,0.249,,2.5,-0.96,2.5,-0.98
47.49,NAV_WAYPOINT,2.2702,-0.969,0.299,-84.65,-4.91,-0.0,-0.0,0.1258,-0.0228,0.0114,1.489,0.59,,0.249,,2.5,-0.96,2.5,-0.98
47.548,NAV_WAYPOINT,2.2798,-0.9712,0.298,-84.71,-4.68,0.25,-0.0,0.1731,-0.0207,0.0098,1.489,0.59,,0.258,,2.5,-0.96,2.5,-0.98
47.639,NAV_WAYPOINT,2.2933,-0.9728,0.298,-84.78,-4.12,0.53,-0.0,0.2199,-0.016,0.0085,1.465,0.586,,0.258,,2.5,-0.96,2.5,-0.98
47.644,NAV_WAYPOINT,2.306,-0.9733,0.299,-84.94,-3.44,0.69,-0.0,0.2548,-0.0072,0.0154,1.465,0.586,,0.276,,2.5,-0.96,2.5,-0.98
47.72,NAV_WAYPOINT,2.3198,-0.973,0.299,-85.11,-2.66,0.9,-0.0,0.2809,0.004,0.0108,1.444,0.582,,0.276,,2.5,-0.96,2.5,-0.98
47.788,NAV_WAYPOINT,2.3345,-0.9725,0.297,-85.36,-1.78,0.88,-0.0,0.2995,0.0136,0.0075,1.444,0.582,,0.301,,2.5,-0.96,2.5,-0.98
47.848,NAV_WAYPOINT,2.3497,-0.9717,0.297,-85.66,-1.05,0.75,-0.0,0.3105,0.0209,0.0055,1.434,0.583,,0.301,,2.5,-0.96,2.5,-0.98
47.888,NAV_WAYPOINT,2.3661,-0.9703,0.3,-85.96,-0.44,0.7,-0.0,0.3175,0.0284,0.0107,1.434,0.583,,0.327,,2.5,-0.96,2.5,-0.98
47.916,NAV_WAYPOINT,2.3841,-0.9689,0.3,-86.23,-0.05,0.68,-0.0,0.3239,0.0337,0.0125,1.429,0.589,,0.327,,2.5,-0.96,2.5,-0.98
47.989,NAV_WAYPOINT,2.3977,-0.966,0.299,-86.47,0.27,0.7,-0.0,0.3161,0.0441,0.0092,1.429,0.589,,0.356,,2.5,-0.96,2.5,-0.98
48.007,NAV_WAYPOINT,2.4121,-0.9636,0.299,-86.65,0.42,0.52,-0.0,0.3094,0.0495,0.0067,1.417,0.593,,0.356,,2.5,-0.96,2.5,-0.98
48.024,NAV_WAYPOINT,2.4259,-0.961,0.304,-86.74,0.43,0.36,-0.0,0.3016,0.0536,0.0051,1.417,0.593,,0.388,,2.5,-0.96,2.5,-0.98
48.093,NAV_WAYPOINT,2.4394,-0.9583,0.304,-86.77,0.44,0.17,-0.0,0.2936,0.0557,0.0122,1.404,0.599,,0.388,,2.5,-0.96,2.5,-0.98
48.159,NAV_WAYPOINT,2.4545,-0.9549,0.302,-86.75,0.27,-0.02,-0.0,0.292,0.0574,0.0055,1.404,0.599,,0.416,,2.5,-0.96,2.5,-0.98
48.197,NAV_WAYPOINT,2.4665,-0.9527,0.302,-86.72,0.09,-0.12,-0.0,0.2843,0.0554,-0.0007,1.404,0.619,,0.416,,2.5,-0.96,2.5,-0.98
48.223,NAV_WAYPOINT,2.4791,-0.9486,0.301,-86.74,0.71,-0.36,-0.0,0.2767,0.0562,-0.0039,1.404,0.619,,0.443,,2.5,-0.96,2.5,-0.98
48.287,NAV_WAYPOINT,2.4921,-0.9455,0.301,-86.79,1.18,-0.5,-0.0,0.2667,0.0531,-0.0013,1.382,,,0.443,,2.5,-0.98,2.5,-0.98
48.382,NAV_WAYPOINT,2.5038,-0.9426,0.302,-86.87,1.73,-0.53,-0.0,0.2499,0.0484,0.0018,1.382,,,0.473,,2.5,-0.98,2.5,-0.98
48.388,NAV_WAYPOINT,2.5172,-0.9394,0.302,-86.97,2.1,-0.64,-0.0,0.2365,0.0444,0.0068,1.368,,,0.473,,2.5,-0.98,2.5,-0.98
48.468,NAV_WAYPOINT,2.5272,-0.9366,0.302,-87.0,3.17,-1.2,-0.0,0.2096,0.0367,0.0131,1.368,,,0.498,,2.5,-0.98,2.5,-0.98
48.485,NAV_WAYPOINT,2.5367,-0.934,0.302,-87.05,3.73,-1.58,-0.0,0.1788,0.0248,0.0063,1.335,,,0.498,,2.5,-0.98,2.5,-0.98
48.587,NAV_WAYPOINT,2.5435,-0.9326,0.303,-87.1,4.12,-1.87,-0.0,0.1412,0.0082,0.0042,1.335,,,0.524,,2.5,-0.98,2.5,-0.98
48.63,NAV_WAYPOINT,2.5509,-0.9323,0.303,-87.15,4.19,-1.98,-0.0,0.1086,-0.0097,0.0018,1.308,,,0.524,,2.5,-0.98,2.5,-0.98
48.671,NAV_WAYPOINT,2.5555,-0.9311,0.303,-87.27,4.29,-2.17,-0.0,0.0718,-0.0263,0.0013,1.308,,,0.541,,2.5,-0.98,2.5,-0.98
48.687,NAV_WAYPOINT,2.559,-0.9326,0.303,-87.45,3.98,-2.15,-0.0,0.0383,-0.0461,0.001,1.293,,,0.541,,2.5,-0.98,2.5,-0.98
48.752,NAV_WAYPOINT,2.5604,-0.9378,0.302,-87.72,3.9,-2.24,-0.0,0.006,-0.0704,0.0021,1.293,,,0.55,,2.5,-0.98,2.5,-0.98
48.78,NAV_WAYPOINT,2.5587,-0.9385,0.302,-87.88,3.7,-2.13,-0.0,-0.0301,-0.0863,-0.001,1.303,,,0.55,,2.5,-0.98,2.5,-0.98
48.853,NAV_WAYPOINT,2.5556,-0.9462,0.3,-88.14,3.33,-1.83,-0.0,-0.0611,-0.1077,0.0005,1.303,,,0.548,,2.5,-0.98,2.5,-0.98
48.882,NAV_WAYPOINT,2.5532,-0.9494,0.3,-88.25,3.22,-1.46,-0.0,-0.0881,-0.1208,-0.001,1.33,,,0.548,,2.5,-0.98,2.5,-0.98
48.963,NAV_WAYPOINT,2.5494,-0.9541,0.299,-88.29,2.83,-1.02,-0.0,-0.1112,-0.1292,-0.0001,1.33,,,0.537,,2.5,-0.98,2.5,-0.98
48.98,NAV_WAYPOINT,2.544,-0.9599,0.299,-88.3,2.43,-0.65,-0.0,-0.1324,-0.1355,-0.0005,1.346,,,0.537,,2.5,-0.98,2.5,-0.98
49.043,NAV_WAYPOINT,2.5393,-0.9661,0.299,-88.22,1.99,-0.28,-0.0,-0.1458,-0.1374,0.0062,1.346,,,0.517,,2.5,-0.98,2.5,-0.98
49.124,NAV_WAYPOINT,2.5313,-0.9731,0.299,-87.98,1.42,0.11,-0.0,-0.1582,-0.1365,0.0081,1.346,,,0.517,,2.5,-0.98,2.5,-0.98
49.153,NAV_WAYPOINT,2.5265,-0.9769,0.301,-87.79,1.06,0.35,-0.0,-0.1647,-0.1317,0.0125,1.346,,,0.498,,2.5,-0.98,2.5,-0.98
49.219,NAV_WAYPOINT,2.5183,-0.982,0.301,-87.48,0.41,0.82,-0.0,-0.1673,-0.1221,0.0149,1.345,,,0.498,,2.5,-0.98,2.5,-0.98
49.267,NAV_WAYPOINT,2.5112,-0.9874,0.304,-87.31,-0.13,1.29,-0.0,-0.1661,-0.1122,0.0206,1.345,,,0.478,,,,2.5,-0.98
49.405,LANDING_REGION_SCAN,2.5039,-0.991,0.304,-87.21,-0.65,1.68,-0.0,-0.1618,-0.0965,0.0213,1.341,,,0.478,,,,,
49.502,LANDING_REGION_SCAN,2.4993,-0.9949,0.306,-87.18,-0.96,1.9,-0.0,-0.1474,-0.0799,0.0106,1.341,,,0.467,,,,,
49.604,LANDING_REGION_SCAN,2.4956,-0.9977,0.306,-87.25,-1.81,2.07,-0.0,-0.1292,-0.0614,0.0147,1.344,,,0.467,,,,,
49.677,SCAN_NAV_WAYPOINT,2.4921,-0.9993,0.303,-87.41,-1.99,1.91,-0.0,-0.1075,-0.0423,0.0041,1.344,,,0.457,,3.6,-1.0,3.6,-1.0
49.761,SCAN_NAV_WAYPOINT,2.488,-1.0003,0.303,-87.63,-2.02,1.6,-0.0,-0.0891,-0.0248,-0.003,1.357,,,0.457,,3.6,-1.0,3.6,-1.0
49.773,SCAN_NAV_WAYPOINT,2.4849,-1.0004,0.302,-87.87,-1.91,1.39,-0.0,-0.0703,-0.0096,0.0066,1.357,,,0.457,,3.6,-1.0,3.6,-1.0
49.801,SCAN_NAV_WAYPOINT,2.4849,-0.9984,0.302,-88.08,-1.7,1.03,-0.0,-0.0476,0.0056,-0.0046,1.364,,,0.457,,3.6,-1.0,3.6,-1.0
49.812,SCAN_NAV_WAYPOINT,2.4866,-0.9961,0.304,-88.21,-1.45,0.63,-0.0,-0.0258,0.0161,-0.0062,1.364,,,0.457,,3.6,-1.0,3.6,-1.0
49.863,SCAN_NAV_WAYPOINT,2.4883,-0.994,0.304,-88.29,-1.13,0.4,-0.0,-0.0083,0.0226,-0.0045,1.361,,,0.457,,3.6,-1.0,3.6,-1.0
49.871,SCAN_NAV_WAYPOINT,2.4924,-0.993,0.301,-88.27,-0.86,0.18,-0.0,0.0093,0.022,-0.0007,1.361,,,0.459,,3.6,-1.0,3.6,-1.0
49.878,SCAN_NAV_WAYPOINT,2.4959,-0.9922,0.301,-88.17,-0.63,0.13,-0.0,0.0226,0.0214,-0.0095,1.365,,,0.459,,3.6,-1.0,3.6,-1.0
49.883,SCAN_NAV_WAYPOINT,2.4975,-0.9909,0.302,-88.03,-1.58,-0.06,-0.0,0.032,0.0221,-0.0034,1.365,,,0.462,,3.6,-1.0,3.6,-1.0
49.895,SCAN_NAV_WAYPOINT,2.4984,-0.991,0.302,-87.79,-3.01,-0.15,-0.0,0.0514,0.0188,-0.0018,1.352,,,0.462,,3.6,-1.0,3.6,-1.0
49.955,SCAN_NAV_WAYPOINT,2.5029,-0.9908,0.302,-87.47,-3.87,-0.21,-0.0,0.0845,0.0156,-0.0011,1.352,,,0.468,,3.6,-1.0,3.6,-1.0
49.99,SCAN_NAV_WAYPOINT,2.509,-0.9908,0.302,-87.13,-4.35,-0.3,-0.0,0.1237,0.0118,-0.0027,1.334,,,0.468,,3.6,-1.0,3.6,-1.0
50.045,SCAN_NAV_WAYPOINT,2.5187,-0.9908,0.3,-86.78,-4.44,-0.33,-0.0,0.1678,0.0073,-0.0101,1.334,,,0.478,,3.6,-1.0,3.6,-1.0
50.087,SCAN_NAV_WAYPOINT,2.5283,-0.9918,0.3,-86.41,-4.22,-0.24,-0.0,0.2066,0.0014,-0.0108,1.299,,,0.478,,3.6,-1.0,3.6,-1.0
50.131,SCAN_NAV_WAYPOINT,2.5416,-0.9918,0.297,-86.07,-3.74,-0.13,-0.0,0.2465,0.0006,-0.0052,1.299,,,0.49,,3.6,-1.0,3.6,-1.0
50.177,SCAN_NAV_WAYPOINT,2.5552,-0.9922,0.297,-85.81,-3.12,-0.12,-0.0,0.2768,-0.0008,-0.0126,1.229,,,0.49,,3.6,-1.0,3.6,-1.0
50.251,SCAN_NAV_WAYPOINT,2.5692,-0.9931,0.299,-85.62,-2.29,-0.03,-0.0,0.2979,-0.0037,-0.0163,1.229,,,0.514,,3.6,-1.0,3.6,-1.0
50.294,SCAN_NAV_WAYPOINT,2.5834,-0.9942,0.299,-85.57,-1.6,0.12,-0.0,0.3119,-0.0063,-0.0026,1.134,,,0.514,,3.6,-1.0,3.6,-1.0
50.334,SCAN_NAV_WAYPOINT,2.6014,-0.9956,0.298,-85.58,-1.08,0.17,-0.0,0.3274,-0.0095,0.0005,1.134,,,0.533,,3.6,-1.0,3.6,-1.0
50.406,SCAN_NAV_WAYPOINT,2.6165,-0.997,0.298,-85.72,-0.6,0.14,-0.0,0.3305,-0.0115,-0.0031,1.042,,,0.533,,3.6,-1.0,3.6,-1.0
50.452,SCAN_NAV_WAYPOINT,2.6311,-0.9983,0.295,-85.92,-0.29,0.14,-0.0,0.3292,-0.0124,-0.0078,1.042,,,0.563,,3.6,-1.0,3.6,-1.0
50.532,SCAN_NAV_WAYPOINT,2.6462,-0.9992,0.295,-86.08,-0.01,0.18,-0.0,0.3272,-0.012,-0.0066,0.984,,,0.563,,3.6,-1.0,3.6,-1.0
50.556,SCAN_NAV_WAYPOINT,2.6613,-1.001,0.305,-86.29,0.11,0.42,-0.0,0.3237,-0.0131,0.0106,0.984,,,0.595,,3.6,-1.0,3.6,-1.0
50.601,SCAN_NAV_WAYPOINT,2.678,-1.0018,0.305,-86.62,0.19,0.47,-0.0,0.3228,-0.0098,0.0232,0.938,,,0.595,,3.6,-1.0,3.6,-1.0
50.641,SCAN_NAV_WAYPOINT,2.6931,-1.0037,0.299,-87.05,0.47,0.49,-0.0,0.3169,-0.0103,0.0054,0.938,,,0.618,,3.6,-1.0,3.6,-1.0
50.699,SCAN_NAV_WAYPOINT,2.7055,-1.0054,0.299,-87.55,0.63,0.5,-0.0,0.304,-0.0097,0.0009,0.909,,,0.618,,3.6,-1.0,3.6,-1.0
50.758,SCAN_NAV_WAYPOINT,2.7188,-1.0066,0.297,-88.05,0.7,0.37,-0.0,0.2929,-0.0081,-0.0025,0.909,,,0.646,,3.6,-1.0,3.6,-1.0
50.799,SCAN_NAV_WAYPOINT,2.7362,-1.01,0.297,-88.55,0.42,0.44,-0.0,0.2955,-0.0126,-0.0019,0.892,,,0.646,,3.6,-1.0,3.6,-1.0
50.823,SCAN_NAV_WAYPOINT,2.7475,-1.0127,0.298,-88.97,0.32,0.33,-0.0,0.2833,-0.0145,0.0016,0.892,,,0.676,,3.6,-1.0,3.6,-1.0
50.881,SCAN_NAV_WAYPOINT,2.7617,-1.0143,0.298,-89.24,0.19,0.23,-0.0,0.2817,-0.0143,0.0067,0.877,,,0.676,,3.6,-1.0,3.6,-1.0
50.986,SCAN_NAV_WAYPOINT,2.773,-1.0175,0.299,-89.41,0.04,0.17,-0.0,0.2738,-0.0182,0.0086,0.877,,,0.698,,3.6,-1.0,3.6,-1.0
50.992,SCAN_NAV_WAYPOINT,2.7836,-1.0213,0.299,-89.42,-0.16,0.15,-0.0,0.2664,-0.0236,0.0068,0.851,,,0.698,,3.6,-1.0,3.6,-1.0
51.094,SCAN_NAV_WAYPOINT,2.7948,-1.0248,0.297,-89.28,-0.22,0.29,-0.0,0.2626,-0.0272,0.0045,0.851,,,0.719,,3.6,-1.0,3.6,-1.0
51.116,SCAN_NAV_WAYPOINT,2.8061,-1.028,0.297,-88.96,-0.37,0.44,-0.0,0.2604,-0.0282,-0.0035,0.836,,,0.719,,3.6,-1.0,3.6,-1.0
51.208,SCAN_NAV_WAYPOINT,2.8173,-1.0301,0.301,-88.6,-0.34,0.54,-0.0,0.2583,-0.0258,0.0002,0.836,,,0.742,,3.6,-1.0,3.6,-1.0
51.294,SCAN_NAV_WAYPOINT,2.829,-1.0325,0.301,-88.22,-0.32,0.53,-0.0,0.2578,-0.0233,0.0128,0.816,,,0.742,,3.6,-1.0,3.6,-1.0
51.311,SCAN_NAV_WAYPOINT,2.841,-1.0345,0.3,-87.93,-0.32,0.55,-0.0,0.2579,-0.0209,0.0114,0.816,,,0.763,,3.6,-1.0,3.6,-1.0
51.396,SCAN_NAV_WAYPOINT,2.8521,-1.0363,0.3,-87.68,-0.37,0.48,-0.0,0.2561,-0.0182,0.0123,0.81,,,0.763,,3.6,-1.0,3.6,-1.0
51.415,SCAN_NAV_WAYPOINT,2.8624,-1.0384,0.303,-87.44,-0.35,0.76,-0.0,0.2522,-0.0156,0.0193,0.81,,,0.783,,3.6,-1.0,3.6,-1.0
51.494,SCAN_NAV_WAYPOINT,2.8732,-1.0405,0.303,-87.41,-0.64,0.69,-0.0,0.2512,-0.0121,0.0211,0.8,,,0.783,,3.6,-1.0,3.6,-1.0
51.499,SCAN_NAV_WAYPOINT,2.8852,-1.0436,0.303,-87.45,-0.86,0.43,-0.0,0.2561,-0.0133,0.0147,0.8,,,0.803,,3.6,-1.0,3.6,-1.0
51.525,SCAN_NAV_WAYPOINT,2.8959,-1.045,0.303,-87.42,-1.02,0.57,-0.0,0.2586,-0.0102,0.0147,0.797,0.389,,0.803,,3.6,-1.0,3.6,-1.0
51.609,SCAN_NAV_WAYPOINT,2.9071,-1.046,0.306,-87.38,-0.78,0.67,-0.0,0.2608,-0.0056,0.0172,0.797,0.389,,0.825,,3.6,-1.0,3.6,-1.0
51.632,SCAN_NAV_WAYPOINT,2.9185,-1.0484,0.306,-87.33,-0.57,0.78,-0.0,0.2614,-0.0045,0.012,0.803,0.344,,0.825,,3.6,-1.0,3.6,-1.0
51.65,SCAN_NAV_WAYPOINT,2.9302,-1.0506,0.304,-87.21,-0.53,0.77,-0.0,0.2617,-0.0025,0.0117,0.803,0.344,,0.848,,3.6,-1.0,3.6,-1.0
51.717,SCAN_NAV_WAYPOINT,2.9429,-1.0514,0.304,-87.17,-0.54,0.79,-0.0,0.2646,0.0023,-0.001,0.807,0.332,,0.848,,3.6,-1.0,3.6,-1.0
51.723,SCAN_NAV_WAYPOINT,2.9531,-1.0528,0.305,-87.18,-0.43,0.67,-0.0,0.2603,0.0049,-0.0008,0.807,0.332,,0.866,,3.6,-1.0,3.6,-1.0
51.825,SCAN_NAV_WAYPOINT,2.9629,-1.0546,0.305,-87.18,-0.54,0.47,-0.0,0.2562,0.0051,0.0049,0.813,0.334,,0.866,,3.6,-1.0,3.6,-1.0
51.831,SCAN_NAV_WAYPOINT,2.9735,-1.0552,0.309,-87.24,-0.76,0.77,-0.0,0.2557,0.0087,0.0129,0.813,0.334,,0.889,,3.6,-1.0,3.6,-1.0
51.931,SCAN_NAV_WAYPOINT,2.9843,-1.0559,0.309,-87.32,-1.21,0.6,-0.0,0.2582,0.0122,0.0128,0.828,0.341,,0.889,,3.6,-1.0,3.6,-1.0
51.999,SCAN_NAV_WAYPOINT,2.9936,-1.0555,0.306,-87.46,-1.32,0.55,-0.0,0.2587,0.0169,-0.0038,0.828,0.341,,0.908,,3.6,-1.0,3.6,-1.0
52.063,SCAN_NAV_WAYPOINT,3.0074,-1.0562,0.306,-87.46,-1.62,0.48,-0.0,0.2732,0.0181,-0.0119,0.848,0.352,,0.908,,3.6,-1.0,3.6,-1.0
52.104,SCAN_NAV_WAYPOINT,3.0181,-1.0545,0.305,-87.43,-1.63,0.37,-0.0,0.279,0.0243,-0.0139,0.848,0.352,,0.928,,3.6,-1.0,3.6,-1.0
52.156,SCAN_NAV_WAYPOINT,3.0302,-1.0542,0.305,-87.28,-1.57,0.9,-0.0,0.2869,0.0282,-0.0251,0.886,0.353,,0.928,,3.6,-1.0,3.6,-1.0
52.205,SCAN_NAV_WAYPOINT,3.0433,-1.0533,0.3,-87.11,-1.24,1.2,-0.0,0.2948,0.037,-0.019,0.886,0.353,,0.952,,3.6,-1.0,3.6,-1.0
52.238,SCAN_NAV_WAYPOINT,3.0554,-1.0521,0.3,-86.98,-0.99,1.02,-0.0,0.296,0.045,-0.0313,0.988,0.352,,0.952,,3.6,-1.0,3.6,-1.0
52.277,SCAN_NAV_WAYPOINT,3.0703,-1.0483,0.299,-86.8,-0.99,0.42,-0.0,0.3044,0.0555,-0.0162,0.988,0.352,,0.974,,3.6,-1.0,3.6,-1.0
52.333,SCAN_NAV_WAYPOINT,3.0852,-1.0452,0.299,-86.62,-1.09,0.21,-0.0,0.3125,0.0591,-0.0166,1.169,0.358,,0.974,,3.6,-1.0,3.6,-1.0
52.354,SCAN_NAV_WAYPOINT,3.0983,-1.0426,0.3,-86.39,-0.98,0.33,-0.0,0.3143,0.0615,-0.0167,1.169,0.358,,0.999,,3.6,-1.0,3.6,-1.0
52.429,SCAN_NAV_WAYPOINT,3.1144,-1.0399,0.3,-86.22,-0.87,0.15,-0.0,0.3227,0.0624,-0.0058,1.366,0.355,,0.999,,3.6,-1.0,3.6,-1.0
52.458,SCAN_NAV_WAYPOINT,3.1326,-1.0354,0.206,-86.11,-0.85,-0.03,-0.0,0.3345,0.0667,-0.0196,1.366,0.355,,1.033,,3.6,-1.0,3.6,-1.0
52.474,SCAN_NAV_WAYPOINT,3.147,-1.0368,0.206,-86.11,-0.59,-0.16,-0.0,0.3366,0.0593,-0.1981,,0.353,,1.033,,3.6,-1.0,3.6,-1.0
52.548,SCAN_NAV_WAYPOINT,3.1679,-1.0328,0.174,-86.11,-0.2,-0.14,-0.0,0.3387,0.059,-0.2693,,0.353,,1.06,,3.6,-1.0,3.6,-1.0
52.616,SCAN_NAV_WAYPOINT,3.1702,-1.0354,0.174,-86.25,0.16,-0.18,-0.0,0.3153,0.05,-0.2174,2.21,0.353,,1.06,,3.6,-1.0,3.6,-1.0
52.642,SCAN_NAV_WAYPOINT,3.1804,-1.032,0.21,-86.4,0.35,0.01,-0.0,0.2982,0.0501,-0.0555,2.21,0.353,,1.096,,3.6,-1.0,3.6,-1.0
52.729,SCAN_NAV_WAYPOINT,3.1919,-1.0274,0.21,-86.49,0.41,0.11,-0.0,0.2846,0.0552,0.0528,2.327,0.353,,1.096,,3.6,-1.0,3.6,-1.0
52.732,SCAN_NAV_WAYPOINT,3.2028,-1.0244,0.245,-86.56,0.18,-0.03,-0.0,0.2802,0.056,0.1393,2.327,0.353,,1.129,,3.6,-1.0,3.6,-1.0
52.819,SCAN_NAV_WAYPOINT,3.2181,-1.021,0.245,-86.61,-0.07,-0.13,-0.0,0.2752,0.0557,0.2058,2.39,0.36,,1.129,,3.6,-1.0,3.6,-1.0
52.869,SCAN_NAV_WAYPOINT,3.2324,-1.0192,0.32,-86.71,-0.2,-0.23,-0.0,0.2841,0.053,0.2471,2.39,0.36,,1.167,,3.6,-1.0,3.6,-1.0
52.887,SCAN_NAV_WAYPOINT,3.2484,-1.0158,0.32,-86.72,-0.23,-0.28,-0.0,0.2835,0.0519,0.3331,2.409,0.359,,1.167,,3.6,-1.0,3.6,-1.0
52.926,SCAN_NAV_WAYPOINT,3.2638,-1.0143,0.401,-86.73,-0.15,-0.34,-0.0,0.2942,0.0485,0.3544,2.409,0.359,,1.188,,3.6,-1.0,3.6,-1.0
52.996,SCAN_NAV_WAYPOINT,3.2814,-1.0117,0.401,-86.75,-0.13,-0.35,-0.0,0.2993,0.0453,0.3983,2.428,0.361,,1.188,,3.6,-1.0,3.6,-1.0
53.022,SCAN_NAV_WAYPOINT,3.2959,-1.0091,0.467,-86.73,0.02,-0.38,-0.0,0.3002,0.044,0.3601,2.428,0.361,,1.233,,3.6,-1.0,3.6,-1.0
53.099,SCAN_NAV_WAYPOINT,3.3139,-1.0073,0.467,-86.73,-0.01,-0.42,-0.0,0.3087,0.0408,0.3337,2.433,0.367,,1.233,,3.6,-1.0,3.6,-1.0
53.122,SCAN_NAV_WAYPOINT,3.33,-1.0058,0.451,-86.66,-0.06,-0.32,-0.0,0.3116,0.0379,0.1936,2.433,0.367,,1.268,,3.6,-1.0,3.6,-1.0
53.182,SCAN_NAV_WAYPOINT,3.3472,-1.0046,0.451,-86.55,-0.06,-0.41,-0.0,0.3169,0.0349,0.0406,2.422,0.373,,1.268,,3.6,-1.0,3.6,-1.0
53.22,SCAN_NAV_WAYPOINT,3.3642,-1.0034,0.409,-86.47,0.04,-0.34,-0.0,0.3208,0.0318,-0.0909,2.422,0.373,,1.303,,3.6,-1.0,3.6,-1.0
53.281,SCAN_NAV_WAYPOINT,3.3843,-1.0034,0.409,-86.45,0.1,-0.44,-0.0,0.3311,0.0274,-0.2102,2.425,0.395,,1.303,,3.6,-1.0,3.6,-1.0
53.373,SCAN_NAV_WAYPOINT,3.4045,-1.003,0.361,-86.48,0.28,-0.47,-0.0,0.3392,0.0231,-0.2635,2.425,0.395,,1.34,,3.6,-1.0,3.6,-1.0
53.41,SCAN_NAV_WAYPOINT,3.4243,-1.0025,0.361,-86.61,0.42,-0.53,-0.0,0.3442,0.0191,-0.3214,2.418,,,1.34,,3.6,-1.0,3.6,-1.0
53.422,SCAN_NAV_WAYPOINT,3.4444,-1.0029,0.326,-86.69,0.55,-0.36,-0.0,0.3468,0.0133,-0.2906,2.418,,,1.368,,3.6,-1.0,3.6,-1.0
53.48,SCAN_NAV_WAYPOINT,3.463,-1.0025,0.326,-86.82,0.7,-0.34,-0.0,0.3451,0.0105,-0.3025,2.42,,,1.368,,3.6,-1.0,3.6,-1.0
53.55,SCAN_NAV_WAYPOINT,3.4823,-1.0025,0.293,-86.95,0.89,-0.3,-0.0,0.3418,0.0069,-0.2655,2.42,,,1.407,,3.6,-1.0,3.6,-1.0
53.606,SCAN_NAV_WAYPOINT,3.5046,-1.0047,0.293,-87.0,0.85,-0.22,-0.0,0.3476,0.001,-0.2475,2.403,,,1.407,,3.6,-1.0,3.6,-1.0
53.647,SCAN_NAV_WAYPOINT,3.5237,-1.0055,0.273,-86.93,0.81,-0.02,-0.0,0.344,-0.0014,-0.1926,2.403,,,1.448,,3.6,-1.0,3.6,-1.0
53.671,SCAN_NAV_WAYPOINT,3.5416,-1.0056,0.273,-86.77,0.74,0.06,-0.0,0.3391,-0.0013,-0.1657,2.384,,,1.448,,3.6,-1.0,3.6,-1.0
53.727,SCAN_NAV_WAYPOINT,3.5609,-1.0067,0.227,-86.52,0.79,0.03,-0.0,0.3375,-0.0027,-0.129,2.384,,,1.479,,3.6,-1.0,3.6,-1.0
53.801,SCAN_NAV_WAYPOINT,3.5785,-1.0082,0.227,-86.2,0.91,-0.04,-0.0,0.3328,-0.0064,-0.1663,2.389,,,1.479,,3.6,-1.0,3.6,-1.0
53.865,SCAN_NAV_WAYPOINT,3.5972,-1.0102,0.154,-85.96,1.08,-0.0,-0.0,0.3194,-0.0101,-0.2257,2.389,,,1.506,,,,3.6,-1.0
53.928,SCAN_NAV_WAYPOINT,3.6131,-1.0154,0.154,-85.69,2.22,0.24,-0.0,0.3115,-0.02,-0.2428,2.387,,,1.506,,3.7,-1.0154,3.6,-1.0
53.939,SCAN_NAV_WAYPOINT,3.6264,-1.022,0.173,-85.39,2.91,0.58,-0.0,0.2724,-0.027,-0.1219,2.387,,,1.529,,3.7,-1.0154,3.6,-1.0
54.003,SCAN_NAV_WAYPOINT,3.6359,-1.0283,0.173,-85.16,3.72,0.91,-0.0,0.2336,-0.0305,-0.0133,2.383,,,1.529,,3.7,-1.0154,3.6,-1.0
54.086,SCAN_NAV_WAYPOINT,3.6461,-1.0337,0.213,-84.97,4.07,1.02,-0.0,0.1956,-0.0309,0.1006,2.383,,,1.554,,3.7,-1.0154,3.6,-1.0
54.156,SCAN_NAV_WAYPOINT,3.6571,-1.0363,0.213,-84.94,2.29,1.09,-0.0,0.1665,-0.024,0.1881,2.373,,,1.554,,3.7,-1.0154,3.6,-1.0
54.197,SCAN_NAV_WAYPOINT,3.6522,-1.0391,0.257,-85.11,0.82,1.21,-0.0,0.1204,-0.0155,0.2252,2.373,,,1.582,,3.7,-1.0154,3.6,-1.0
54.233,SCAN_NAV_WAYPOINT,3.6504,-1.0399,0.257,-85.44,-0.03,1.51,-0.0,0.0912,0.0005,0.2758,2.371,,,1.582,,3.7,-1.0154,3.6,-1.0
54.255,SCAN_NAV_WAYPOINT,3.6559,-1.0409,0.284,-85.83,-0.51,1.64,-0.0,0.0958,0.0104,0.2434,2.371,,,1.593,,3.7,-1.0154,3.6,-1.0
54.33,SCAN_NAV_WAYPOINT,3.6594,-1.0375,0.284,-86.13,-1.03,1.51,-0.0,0.0982,0.0305,0.2411,2.367,,,1.593,,3.7,-1.0154,3.6,-1.0
54.349,SCAN_NAV_WAYPOINT,3.6628,-1.0367,0.308,-86.46,-1.21,1.4,-0.0,0.1007,0.0427,0.2028,2.367,,,1.607,,3.7,-1.0154,3.6,-1.0
54.414,SCAN_NAV_WAYPOINT,3.6723,-1.0311,0.308,-86.67,-1.33,1.27,-0.0,0.1243,0.0554,0.1826,2.371,,,1.607,,3.7,-1.0154,3.6,-1.0
54.462,SCAN_NAV_WAYPOINT,3.6824,-1.027,0.325,-86.92,-1.11,1.17,-0.0,0.1448,0.0632,0.1491,2.371,,,1.63,,3.7,-1.0154,3.6,-1.0
54.514,SCAN_NAV_WAYPOINT,3.6936,-1.0209,0.325,-87.06,-0.71,1.07,-0.0,0.1633,0.0739,0.1234,2.369,,,1.63,,3.7,-1.0154,3.6,-1.0
54.612,LANDING_REGION_SCAN,3.7054,-1.0157,0.328,-87.17,-0.15,0.78,-0.0,0.1765,0.08,0.0859,2.369,,,1.689,,,,,
54.688,SCAN_HIGH,3.7189,-1.0104,0.328,-87.23,0.5,0.41,-0.0,0.1881,0.0812,0.0518,2.372,,,1.689,,,,,
54.695,SCAN_HIGH,3.731,-1.0055,0.333,-87.32,1.1,0.16,-0.0,0.1886,0.0818,0.0284,2.372,,,1.697,,,,,
54.701,SCAN_HIGH,3.747,-1.0001,0.333,-87.38,1.55,-0.06,-0.0,0.1963,0.0782,0.0112,2.38,,,1.697,,,,,
54.796,SCAN_HIGH,3.7606,-0.9955,0.329,-87.42,2.55,-0.44,-0.0,0.1895,0.0739,-0.0083,2.38,,,1.736,,,,,
54.832,SCAN_HIGH,3.7731,-0.9917,0.329,-87.44,3.12,-0.61,15.0,0.1746,0.067,-0.0265,2.38,,,1.736,,,,,
54.869,SCAN_HIGH,3.7833,-0.9887,0.335,-87.33,3.52,-0.83,15.0,0.1514,0.0584,-0.0234,2.38,,,1.775,,,,,
54.923,SCAN_HIGH,3.7913,-0.9859,0.335,-87.1,3.73,-1.03,15.0,0.1229,0.0483,-0.017,2.377,,,1.775,,,,,
55.021,SCAN_HIGH,3.8014,-0.9844,0.335,-86.77,3.7,-1.1,15.0,0.1036,0.0361,-0.0227,2.377,,,1.786,,,,,
55.068,SCAN_HIGH,3.8091,-0.9855,0.335,-86.34,4.0,-1.08,15.0,0.0799,0.0207,-0.023,2.377,,,1.786,,,,,
55.108,SCAN_HIGH,3.815,-0.9836,0.333,-85.83,4.05,-1.01,15.0,0.0522,0.0117,-0.0189,2.377,,,1.799,,,,,
55.145,SCAN_HIGH,3.8201,-0.985,0.333,-85.31,3.73,-0.94,15.0,0.0282,-0.0008,-0.031,2.37,,,1.799,,,,,
55.16,SCAN_HIGH,3.8221,-0.9865,0.325,-84.78,3.41,-0.88,15.0,0.0018,-0.0128,-0.0377,2.37,,,1.794,,,,,
55.232,SCAN_HIGH,3.824,-0.9896,0.325,-84.17,2.96,-0.8,15.0,-0.0182,-0.0249,-0.0579,2.364,,,1.794,,,,,
55.258,SCAN_HIGH,3.8238,-0.9906,0.31,-83.5,2.64,-0.67,15.0,-0.0378,-0.0325,-0.0772,2.364,,,1.801,,,,,
55.279,SCAN_HIGH,3.824,-0.9893,0.31,-82.79,2.19,-0.43,15.0,-0.053,-0.0346,-0.085,2.352,,,1.801,,,,,
55.347,SCAN_HIGH,3.8213,-0.9865,0.292,-82.08,1.77,-0.19,15.0,-0.069,-0.0326,-0.081,2.352,,,1.794,,,,,
55.387,SCAN_HIGH,3.8246,-0.9937,0.292,-81.45,1.25,-0.08,15.0,-0.0665,-0.042,-0.0901,2.342,,,1.794,,,,,
55.451,SCAN_HIGH,3.8237,-0.995,0.289,-80.71,0.82,-0.01,15.0,-0.0694,-0.0421,-0.0662,2.342,,,1.802,,,,,
55.477,SCAN_HIGH,3.8259,-1.0002,0.289,-80.0,0.55,0.08,15.0,-0.063,-0.0464,-0.0513,2.341,,,1.802,,,,,
55.537,SCAN_HIGH,3.8264,-1.0065,0.286,-79.24,0.48,0.22,15.0,-0.0593,-0.0515,-0.036,2.341,,,1.795,,,,,
55.615,SCAN_HIGH,3.8264,-1.0109,0.286,-78.45,0.32,0.39,15.0,-0.0544,-0.0554,-0.021,2.332,,,1.795,,,,,
55.655,SCAN_HIGH,3.8285,-1.0172,0.289,-77.58,0.44,0.53,15.0,-0.0502,-0.0547,-0.0018,2.332,,,1.793,,,,,
55.691,SCAN_HIGH,3.8313,-1.0208,0.289,-76.68,0.59,0.76,15.0,-0.0444,-0.0516,0.0108,2.331,,,1.793,,,,,
55.769,SCAN_HIGH,3.8343,-1.025,0.297,-75.75,0.68,0.95,15.0,-0.0408,-0.0488,0.0271,2.331,,,1.805,,,,,
55.801,SCAN_HIGH,3.8335,-1.028,0.297,-74.87,0.88,1.07,15.0,-0.0467,-0.0437,0.0355,2.327,,,1.805,,,,,
55.903,SCAN_HIGH,3.8336,-1.0306,0.297,-74.0,1.05,1.3,15.0,-0.0519,-0.0374,0.0171,2.327,,,1.786,,,,,
55.968,SCAN_HIGH,3.8339,-1.0331,0.297,-73.07,1.06,1.33,15.0,-0.0574,-0.0314,0.019,2.322,,,1.786,,,,,
56.005,SCAN_HIGH,3.8344,-1.0377,0.294,-72.15,0.94,1.41,15.0,-0.0615,-0.0303,0.014,2.322,,,1.809,,,,,
56.019,SCAN_HIGH,3.833,-1.0407,0.294,-71.29,0.83,1.35,15.0,-0.0689,-0.0252,0.0056,2.341,,,1.809,,,,,
56.083,SCAN_HIGH,3.8298,-1.0401,0.294,-70.39,0.66,1.39,15.0,-0.0776,-0.0126,-0.0036,2.341,,,1.814,,,,,
56.112,SCAN_HIGH,3.8288,-1.0388,0.294,-69.46,0.56,1.28,15.0,-0.0806,-0.0007,0.0058,2.346,,,1.814,,,,,
56.136,SCAN_HIGH,3.8246,-1.0391,0.291,-68.5,0.51,1.15,15.0,-0.0887,0.0067,0.0093,2.346,,,1.812,,,,,
56.185,SCAN_HIGH,3.8199,-1.0387,0.291,-67.52,0.4,0.91,15.0,-0.0957,0.0131,0.0034,2.354,,,1.812,,,,,
56.223,SCAN_HIGH,3.8189,-1.0376,0.292,-66.6,0.19,0.75,15.0,-0.0927,0.0173,0.0007,2.354,,,1.818,,,,,
56.303,SCAN_HIGH,3.8183,-1.034,0.292,-65.74,0.04,0.79,15.0,-0.0874,0.0223,0.005,2.369,,,1.818,,,,,
56.344,SCAN_HIGH,3.8181,-1.0329,0.295,-64.88,-0.07,0.7,15.0,-0.0819,0.0301,0.01,2.369,,,1.824,,,,,
56.4,SCAN_HIGH,3.8154,-1.0303,0.295,-64.04,-0.01,0.59,15.0,-0.0809,0.0365,0.0162,2.386,,,1.824,,,,,
56.439,SCAN_HIGH,3.8153,-1.0267,0.291,-63.18,0.23,0.36,15.0,-0.0752,0.0416,0.01,2.386,,,1.835,,,,,
56.471,SCAN_HIGH,3.8118,-1.0238,0.291,-62.33,0.26,0.17,15.0,-0.0775,0.0443,0.0048,2.418,,,1.835,,,,,
56.525,SCAN_HIGH,3.8103,-1.0188,0.297,-61.54,0.38,0.16,15.0,-0.076,0.0505,0.0162,2.418,,,1.831,,,,,
56.594,SCAN_HIGH,3.8083,-1.0172,0.297,-60.74,0.42,0.07,15.0,-0.0756,0.0464,0.0204,2.443,,,1.831,,,,,
56.627,SCAN_HIGH,3.8071,-1.0145,0.298,-59.94,0.46,-0.1,15.0,-0.0731,0.0445,0.0163,2.443,,,1.828,,,,,
56.702,SCAN_HIGH,3.8044,-1.0113,0.298,-59.11,0.71,-0.18,15.0,-0.0747,0.0432,0.016,2.463,,,1.828,,,,,
56.76,SCAN_HIGH,3.8,-1.0093,0.303,-58.32,0.71,-0.24,15.0,-0.0801,0.0382,0.0185,2.463,,,,,,,,
56.841,SCAN_HIGH,3.7987,-1.0084,0.303,-57.48,0.66,-0.43,15.0,-0.0778,0.0293,0.0208,2.508,,,,,,,,
56.893,SCAN_HIGH,3.7957,-1.009,0.303,-56.64,0.81,-0.58,15.0,-0.0786,0.017,0.0054,2.508,,,,,,,,
56.922,SCAN_HIGH,3.7922,-1.0084,0.303,-55.74,0.78,-0.56,15.0,-0.0807,0.0083,0.0088,2.526,,,,,,,,
56.946,SCAN_HIGH,3.7896,-1.0113,0.299,-54.91,0.71,-0.52,15.0,-0.0801,-0.0078,0.0075,2.526,,,,,,,,
56.988,SCAN_HIGH,3.788,-1.0144,0.299,-54.05,0.63,-0.41,15.0,-0.077,-0.0218,-0.0029,2.564,,,,,,,,
57.029,SCAN_HIGH,3.7837,-1.017,0.299,-53.15,0.6,-0.19,15.0,-0.0808,-0.0307,-0.0007,2.564,,,,,,,,
57.113,SCAN_HIGH,3.7829,-1.0203,0.299,-52.31,0.39,0.04,15.0,-0.0776,-0.0382,-0.0018,2.59,,,,,,,,
57.128,SCAN_HIGH,3.7795,-1.0232,0.303,-51.48,0.19,0.21,15.0,-0.0785,-0.0412,0.0047,2.59,,,,,,,,
57.185,SCAN_HIGH,3.7762,-1.0273,0.303,-50.67,0.07,0.38,15.0,-0.0791,-0.0455,0.0088,2.61,0.836,,,,,,,
57.27,SCAN_HIGH,3.7737,-1.0304,0.302,-49.8,-0.12,0.55,15.0,-0.0785,-0.0443,0.0109,2.61,0.836,,,,,,,
57.299,SCAN_HIGH,3.7715,-1.0342,0.302,-48.98,-0.16,0.65,15.0,-0.0769,-0.0443,0.0053,2.639,0.793,,,,,,,
57.371,SCAN_HIGH,3.7692,-1.0363,0.301,-48.19,-0.34,0.74,15.0,-0.0757,-0.0386,0.0059,2.639,0.793,,,,,,,
57.409,SCAN_HIGH,3.7662,-1.0389,0.301,-47.46,-0.42,0.83,15.0,-0.0757,-0.0336,-0.0006,2.649,0.775,,,,,,,
57.439,SCAN_HIGH,3.7636,-1.0414,0.303,-46.72,-0.58,0.92,15.0,-0.0752,-0.0279,0.0018,2.649,0.775,,,,,,,
57.474,SCAN_HIGH,3.7616,-1.042,0.303,-46.03,-0.59,0.94,15.0,-0.0729,-0.0177,0.003,2.674,0.745,,,,,,,
57.53,SCAN_HIGH,3.7599,-1.0433,0.303,-45.29,-0.56,1.08,15.0,-0.071,-0.0107,-0.0004,2.674,0.745,,1.206,,,,,
57.581,SCAN_HIGH,3.7562,-1.0432,0.303,-44.57,-0.58,1.05,15.0,-0.0742,0.0006,0.0001,2.699,0.717,,1.206,,,,,
57.622,SCAN_HIGH,3.7528,-1.0435,0.304,-43.8,-0.55,0.97,15.0,-0.076,0.0088,-0.0034,2.699,0.717,,1.215,,,,,
57.692,SCAN_HIGH,3.7489,-1.0446,0.304,-42.97,-0.44,0.91,15.0,-0.0794,0.0126,0.001,2.731,0.694,,1.215,,,,,
57.782,SCAN_HIGH,3.7451,-1.0437,0.301,-42.13,-0.48,0.82,15.0,-0.0816,0.0206,0.0029,2.731,0.694,,1.214,,,,,
57.802,SCAN_HIGH,3.7418,-1.0416,0.301,-41.31,-0.44,0.76,15.0,-0.0823,0.03,-0.0064,2.761,0.669,,1.214,,,,,
57.848,SCAN_HIGH,3.7361,-1.0398,0.3,-40.48,-0.58,0.65,15.0,-0.0876,0.0389,-0.0009,2.761,0.669,,1.218,,,,,
57.873,SCAN_HIGH,3.7298,-1.0383,0.3,-39.65,-0.53,0.31,15.0,-0.0924,0.0445,-0.0051,2.769,0.652,,1.218,,,,,
57.929,SCAN_HIGH,3.7275,-1.0344,0.301,-38.77,-0.53,0.06,15.0,-0.0849,0.052,-0.005,2.769,0.652,,1.211,,,,,
58.009,SCAN_HIGH,3.7226,-1.0319,0.301,-37.91,-0.44,-0.22,15.0,-0.0835,0.0545,-0.0011,2.877,0.639,,1.211,,,,,
58.039,SCAN_HIGH,3.7207,-1.0297,0.3,-37.07,-0.39,-0.48,15.0,-0.0731,0.0527,-0.0037,2.877,0.639,,1.222,,,,,
58.118,SCAN_HIGH,3.7194,-1.0278,0.3,-36.3,-0.4,-0.62,15.0,-0.0616,0.0489,-0.0007,2.878,0.632,,1.222,,,,,
58.143,SCAN_HIGH,3.7175,-1.0256,0.302,-35.57,-0.29,-0.6,15.0,-0.0531,0.0468,0.0022,2.878,0.632,,1.236,,,,,
58.183,SCAN_HIGH,3.7181,-1.023,0.302,-34.81,-0.19,-0.6,15.0,-0.0399,0.0455,0.0042,2.919,0.626,,1.236,,,,,
58.268,SCAN_HIGH,3.717,-1.0213,0.298,-34.06,-0.07,-0.52,15.0,-0.0335,0.0416,0.0058,2.919,0.626,,1.256,,,,,
58.318,SCAN_HIGH,3.7184,-1.0188,0.298,-33.29,0.06,-0.47,15.0,-0.0226,0.0404,-0.0062,,0.633,,1.256,,,,,
58.33,SCAN_HIGH,3.7213,-1.0179,0.296,-32.51,0.17,-0.32,15.0,-0.0108,0.0339,-0.0055,,0.633,,1.28,,,,,
58.406,SCAN_HIGH,3.724,-1.0163,0.296,-31.77,0.27,-0.14,15.0,-0.0025,0.0308,-0.0083,,0.64,,1.28,,,,,
58.431,SCAN_HIGH,3.7265,-1.0164,0.299,-31.01,0.33,0.04,15.0,0.0023,0.024,-0.0067,,0.64,,1.321,,,,,
58.508,SCAN_HIGH,3.7289,-1.0164,0.299,-30.25,0.37,0.15,15.0,0.0056,0.0185,0.0018,,0.65,,1.321,,,,,
58.526,SCAN_HIGH,3.7318,-1.0164,0.297,-29.46,0.49,0.36,15.0,0.0078,0.0141,0.0043,,0.65,,1.357,,,,,
58.609,SCAN_HIGH,3.7362,-1.0193,0.297,-28.7,0.67,0.56,15.0,0.0111,0.0029,-0.0007,,0.666,,1.357,,,,,
58.63,SCAN_HIGH,3.7393,-1.0209,0.297,-27.95,0.7,0.87,15.0,0.0088,-0.0034,0.0001,,0.666,,1.408,,,,,
58.737,SCAN_HIGH,3.7404,-1.0234,0.297,-27.23,0.65,1.05,15.0,0.0005,-0.0101,0.0022,,0.69,,1.408,,,,,
58.744,SCAN_HIGH,3.7404,-1.0255,0.299,-26.48,0.53,1.18,15.0,-0.0102,-0.014,0.0079,,0.69,,1.454,,,,,
58.82,SCAN_HIGH,3.7409,-1.0276,0.299,-25.75,0.41,1.22,15.0,-0.018,-0.0159,0.0083,,0.714,,1.454,,,,,
58.854,SCAN_HIGH,3.738,-1.0306,0.299,-24.98,0.35,1.24,15.0,-0.0328,-0.0194,0.0019,,0.714,,1.497,,,,,
58.957,SCAN_HIGH,3.737,-1.0335,0.299,-24.2,0.3,1.21,15.0,-0.0422,-0.0217,0.0046,,0.732,,1.497,,,,,
59.005,SCAN_HIGH,3.7336,-1.0384,0.296,-23.43,0.05,1.08,15.0,-0.0542,-0.0269,0.0033,,0.732,,1.529,,,,,
59.052,SCAN_HIGH,3.7313,-1.0402,0.296,-22.63,-0.25,0.92,15.0,-0.0601,-0.0237,-0.0033,,0.757,,1.529,,,,,
59.066,SCAN_HIGH,3.7279,-1.0421,0.298,-21.8,-0.38,0.81,15.0,-0.0664,-0.0196,0.0044,,0.757,,1.583,,,,,
59.128,SCAN_HIGH,3.7213,-1.0431,0.298,-20.98,-0.53,0.68,15.0,-0.0781,-0.0137,0.0055,,0.772,,1.583,,,,,
59.171,SCAN_HIGH,3.7196,-1.0416,0.298,-20.16,-0.7,0.49,15.0,-0.076,-0.0031,0.0049,,0.772,,1.623,,,,,
59.184,SCAN_HIGH,3.7162,-1.0413,0.298,-19.36,-0.73,0.33,15.0,-0.0762,0.0046,0.0038,,0.803,,1.623,,,,,
59.24,SCAN_HIGH,3.713,-1.0412,0.299,-18.51,-0.69,0.28,15.0,-0.0754,0.0109,0.0122,,0.803,,1.697,,,,,
59.274,SCAN_HIGH,3.7085,-1.04,0.299,-17.71,-0.69,0.11,15.0,-0.0767,0.0181,0.0038,,,,1.697,,,,,
59.324,SCAN_HIGH,3.7061,-1.0386,0.298,-16.98,-0.75,-0.13,15.0,-0.0713,0.0245,-0.0093,,,,,,,,,
59.415,SCAN_HIGH,3.7059,-1.0352,0.298,-16.28,-0.74,-0.35,15.0,-0.0597,0.0345,-0.0009,,0.881,,,,,,,
59.435,SCAN_HIGH,3.703,-1.0327,0.295,-15.57,-0.55,-0.45,15.0,-0.0546,0.0405,0.0058,,0.881,,,,,,,
59.507,SCAN_HIGH,3.7012,-1.0297,0.295,-14.89,-0.29,-0.62,15.0,-0.0471,0.0446,-0.0061,,,,,,,,,
59.531,SCAN_HIGH,3.7003,-1.0267,0.297,-14.2,-0.1,-0.68,15.0,-0.0383,0.0461,0.003,,,,2.081,,,,,
59.597,SCAN_HIGH,3.7013,-1.025,0.297,-13.54,0.19,-0.61,15.0,-0.0267,0.042,0.0029,,,,2.081,,,,,
59.625,SCAN_HIGH,3.7054,-1.0232,0.299,-12.87,0.39,-0.5,15.0,-0.0106,0.0372,0.0025,,,,2.166,,,,,
59.702,SCAN_HIGH,3.7076,-1.0222,0.299,-12.18,0.49,-0.35,15.0,-0.0016,0.0304,0.0051,,,,2.166,,,,,
59.722,SCAN_HIGH,3.7112,-1.0226,0.296,-11.47,0.51,-0.21,15.0,0.0079,0.021,-0.0132,,,,2.26,,,,,
59.808,SCAN_HIGH,3.7151,-1.0219,0.296,-10.75,0.47,-0.02,15.0,0.0158,0.0161,-0.0087,,,,2.26,,,,,
59.835,SCAN_HIGH,3.7197,-1.0222,0.295,-9.98,0.5,0.32,15.0,0.0222,0.0096,-0.0032,,,,2.275,,,,,
59.904,SCAN_HIGH,3.7252,-1.0239,0.295,-9.18,0.64,0.52,15.0,0.0274,0.0007,-0.0063,,,,2.275,,,,,
59.96,SCAN_HIGH,3.7283,-1.0252,0.293,-8.38,0.63,0.71,15.0,0.0251,-0.0065,-0.0058,,,,2.341,,,,,
60.014,SCAN_HIGH,3.7315,-1.0256,0.293,-7.56,0.4,0.88,15.0,0.0225,-0.0096,-0.0057,,,,2.341,,,,,
60.021,SCAN_HIGH,3.7342,-1.0273,0.296,-6.7,0.26,1.02,15.0,0.0176,-0.0135,0.0124,,,,2.408,,,,,
60.102,SCAN_HIGH,3.7375,-1.0296,0.296,-5.78,0.13,1.1,15.0,0.014,-0.0173,0.0121,,2.409,,2.408,,,,,
60.222,SCAN_HIGH,3.7383,-1.0326,0.296,-4.86,0.06,1.17,15.0,0.0051,-0.022,0.0072,,2.409,,2.408,,,,,
60.274,SCAN_HIGH,3.7431,-1.0354,0.296,-4.03,-0.19,1.04,15.0,0.0061,-0.0237,0.0085,,2.217,,2.408,,,,,
60.306,SCAN_HIGH,3.7439,-1.0385,0.298,-3.26,-0.34,1.27,15.0,-0.0021,-0.0245,0.0013,,2.217,,2.405,,,,,
60.345,SCAN_HIGH,3.7454,-1.0382,0.298,-2.52,-0.52,1.36,15.0,-0.0094,-0.0169,0.0111,,1.965,,2.405,,,,,
60.375,SCAN_HIGH,3.7452,-1.0402,0.296,-1.83,-0.56,1.43,15.0,-0.0202,-0.0144,0.0113,,1.965,,2.395,,,,,
60.452,SCAN_HIGH,3.7433,-1.0425,0.296,-1.2,-0.67,1.27,15.0,-0.0333,-0.0118,0.007,,,,2.395,,,,,
60.472,SCAN_HIGH,3.7415,-1.0416,0.297,-0.54,-0.74,1.01,15.0,-0.0428,-0.003,0.0125,,,,2.395,,,,,
60.519,SCAN_HIGH,3.7415,-1.04,0.297,0.13,-0.65,0.77,15.0,-0.0451,0.006,0.0093,,1.793,,2.395,,,,,
60.573,SCAN_HIGH,3.7351,-1.0386,0.297,0.8,-0.61,0.74,15.0,-0.0608,0.0142,0.012,,1.793,,2.363,,,,,
60.6,SCAN_HIGH,3.7316,-1.0353,0.297,1.47,-0.52,0.63,15.0,-0.0678,0.0237,0.0085,,1.754,,2.363,,,,,
60.678,SCAN_HIGH,3.7297,-1.0345,0.299,2.18,-0.36,0.43,15.0,-0.0688,0.0261,0.0044,,1.754,,2.364,,,,,
60.695,SCAN_HIGH,3.7271,-1.0339,0.299,2.86,-0.22,0.21,15.0,-0.0695,0.0269,0.0108,,1.748,,2.364,,,,,
60.718,SCAN_HIGH,3.7259,-1.0277,0.302,3.52,-0.16,0.03,15.0,-0.0656,0.0383,0.0174,,1.748,,2.37,,,,,
60.784,SCAN_HIGH,3.7222,-1.0247,0.302,4.13,0.01,0.06,15.0,-0.0667,0.041,0.0167,,1.725,,2.37,,,,,
60.856,SCAN_HIGH,3.7213,-1.0223,0.299,4.68,0.17,-0.03,15.0,-0.0616,0.0406,0.0117,,1.725,,2.348,,,,,
60.888,SCAN_HIGH,3.7197,-1.0206,0.299,5.24,0.25,-0.08,15.0,-0.0575,0.038,0.0041,,1.7,,2.348,,,,,
60.97,SCAN_HIGH,3.719,-1.0176,0.299,5.84,0.37,-0.24,15.0,-0.051,0.0376,0.0056,,1.7,,2.357,,,,,
61.047,SCAN_HIGH,3.7178,-1.0152,0.299,6.45,0.41,-0.29,15.0,-0.0454,0.036,0.0015,,1.7,,2.357,,,,,
61.102,SCAN_HIGH,3.7182,-1.0133,0.301,7.08,0.44,-0.26,15.0,-0.0368,0.033,0.0116,,1.7,,2.352,,,,,
61.181,SCAN_HIGH,3.7211,-1.0132,0.301,7.8,0.49,-0.26,15.0,-0.0234,0.0257,0.0101,,1.694,,2.352,,,,,
61.229,SCAN_HIGH,3.7212,-1.0113,0.302,8.52,0.58,-0.16,15.0,-0.0182,0.023,0.0021,,1.694,,2.349,,,,,
61.291,SCAN_HIGH,3.7242,-1.0097,0.302,9.24,0.57,-0.08,15.0,-0.008,0.0199,0.0077,,1.692,,2.349,,,,,
61.333,SCAN_HIGH,3.7285,-1.0101,0.303,9.97,0.57,0.07,15.0,0.0032,0.0122,0.0121,,1.692,,2.346,,,,,
61.351,SCAN_HIGH,3.7326,-1.0089,0.303,10.69,0.61,0.18,15.0,0.0116,0.0093,0.0083,,1.703,,2.346,,,,,
61.399,SCAN_HIGH,3.7355,-1.01,0.303,11.44,0.58,0.38,15.0,0.0152,0.001,0.0098,,1.703,,2.333,,,,,
61.447,SCAN_HIGH,3.7407,-1.01,0.303,12.26,0.41,0.55,15.0,0.0216,-0.0032,0.0058,,1.698,,2.333,,,,,
61.464,SCAN_HIGH,3.7427,-1.011,0.3,13.11,0.3,0.69,15.0,0.0192,-0.0089,0.0086,,1.698,,2.334,,,,,
61.539,SCAN_HIGH,3.7472,-1.0113,0.3,13.95,0.22,0.77,15.0,0.0212,-0.0114,-0.002,,1.704,,2.334,,,,,
61.552,SCAN_HIGH,3.7516,-1.012,0.304,14.82,0.08,0.89,15.0,0.0218,-0.014,0.0091,,1.704,,2.341,,,,,
61.576,SCAN_HIGH,3.7553,-1.0122,0.304,15.65,-0.12,1.14,15.0,0.0196,-0.0145,0.006,,1.711,,2.341,,,,,
61.638,SCAN_HIGH,3.7562,-1.0117,0.301,16.46,-0.25,1.34,15.0,0.0089,-0.0133,-0.0009,,1.711,,2.36,,,,,
61.67,SCAN_HIGH,3.7563,-1.0108,0.301,17.31,-0.35,1.56,15.0,-0.0045,-0.0111,-0.0049,,1.717,,2.36,,,,,
61.733,SCAN_HIGH,3.7557,-1.0099,0.299,18.13,-0.44,1.67,15.0,-0.0194,-0.009,0.0037,,1.717,,2.345,,,,,
61.775,SCAN_HIGH,3.7544,-1.0084,0.299,18.97,-0.61,1.7,15.0,-0.0346,-0.0056,-0.0096,,1.711,,2.345,,,,,
61.832,SCAN_HIGH,3.752,-1.0046,0.299,19.81,-0.68,1.62,15.0,-0.0508,0.0027,-0.011,,1.711,,2.358,,,,,
61.89,SCAN_HIGH,3.7449,-1.0042,0.299,20.63,-0.63,1.49,15.0,-0.0745,0.0036,-0.0076,,1.715,,2.358,,,,,
61.929,SCAN_HIGH,3.7363,-0.9978,0.3,21.44,-0.63,1.17,15.0,-0.0966,0.0158,-0.0056,,1.715,,2.379,,,,,
62.013,SCAN_HIGH,3.7327,-0.9952,0.3,22.22,-0.46,0.8,15.0,-0.1031,0.0201,-0.0073,,1.713,,2.379,,,,,
62.029,SCAN_HIGH,3.7299,-0.9896,0.3,23.02,-0.18,0.56,15.0,-0.1043,0.0286,-0.0083,,1.713,,2.375,,,,,
62.069,SCAN_HIGH,3.7242,-0.9847,0.3,23.92,0.17,0.29,15.0,-0.1078,0.0334,-0.0056,,1.714,,2.375,,,,,
62.135,SCAN_HIGH,3.72,-0.9812,0.307,24.79,0.4,-0.02,15.0,-0.1051,0.0343,-0.0009,,1.714,,2.396,,,,,
62.211,SCAN_HIGH,3.7163,-0.9784,0.307,25.68,0.86,-0.21,15.0,-0.0982,0.0318,0.0146,,1.713,,2.396,,,,,
62.264,SCAN_HIGH,3.7108,-0.9745,0.309,26.54,1.26,-0.16,15.0,-0.0944,0.0293,0.0085,,1.713,,2.412,,,,,
62.272,SCAN_HIGH,3.7098,-0.9712,0.309,27.38,1.72,-0.14,15.0,-0.0793,0.0229,0.0115,,1.721,,2.412,,,,,
62.355,SCAN_HIGH,3.7061,-0.9699,0.305,28.16,1.86,-0.13,15.0,-0.0707,0.011,0.0045,,1.721,,2.423,,,,,
62.426,SCAN_HIGH,3.7051,-0.9677,0.305,28.91,1.99,0.11,15.0,-0.0574,0.0017,-0.0059,,1.702,,2.423,,,,,
62.519,SCAN_HIGH,3.7022,-0.9681,0.302,29.67,1.94,0.22,15.0,-0.0505,-0.0146,0.0006,,1.702,,2.433,,,,,
62.579,SCAN_HIGH,3.6994,-0.969,0.302,30.37,1.84,0.29,15.0,-0.0453,-0.0298,-0.0096,,1.719,,2.433,,,,,
62.597,SCAN_HIGH,3.6966,-0.9702,0.299,31.16,1.67,0.28,15.0,-0.0413,-0.0429,-0.0167,,1.719,,2.462,,,,,
62.632,SCAN_HIGH,3.6977,-0.9713,0.299,31.95,1.54,0.26,15.0,-0.0291,-0.0517,-0.0146,,1.714,,2.462,,,,,
62.693,SCAN_HIGH,3.699,-0.9721,0.294,32.76,1.46,0.37,15.0,-0.0188,-0.0575,-0.0205,,1.714,,2.482,,,,,
62.71,SCAN_HIGH,3.7036,-0.9747,0.294,33.65,1.36,0.48,15.0,-0.0027,-0.0661,-0.0176,,1.729,,2.482,,,,,
62.779,SCAN_HIGH,3.7068,-0.9775,0.291,34.54,1.21,0.4,15.0,0.0084,-0.0734,-0.0109,,1.729,,,,,,,
62.813,SCAN_HIGH,3.7111,-0.9822,0.291,35.38,0.97,0.23,15.0,0.0211,-0.0828,-0.0125,,1.734,,,,,,,
62.829,SCAN_HIGH,3.713,-0.9856,0.285,36.19,0.71,0.22,15.0,0.0258,-0.0869,-0.0137,,1.734,,2.538,,,,,
62.928,SCAN_HIGH,3.7157,-0.988,0.285,36.98,0.43,0.24,15.0,0.0301,-0.0858,-0.0134,,,,2.538,,,,,
62.949,SCAN_HIGH,3.718,-0.9901,0.284,37.77,0.13,0.23,15.0,0.0316,-0.0826,-0.0078,,,,,,,,,
62.97,SCAN_HIGH,3.7206,-0.9918,0.284,38.52,-0.11,0.24,15.0,0.0323,-0.0774,0.0014,,,,,,,,,
63.033,SCAN_HIGH,3.7226,-0.9921,0.291,39.31,-0.28,0.37,15.0,0.0298,-0.0685,0.0211,,,,,,,,,
63.099,SCAN_HIGH,3.7239,-0.993,0.291,40.09,-0.35,0.51,15.0,0.0247,-0.063,0.0308,,,0.721,,,,,,
63.133,SCAN_HIGH,3.7266,-0.995,0.293,40.85,-0.45,0.57,15.0,0.0225,-0.0604,0.0266,,,0.721,,,,,,
63.174,SCAN_HIGH,3.7279,-0.9976,0.293,41.55,-0.53,0.59,-0.0,0.0165,-0.0595,0.031,,,0.702,,,,,,
63.236,SCAN_HIGH,3.7312,-0.9988,0.299,42.09,-0.51,0.37,-0.0,0.0165,-0.0554,0.0402,,,0.702,2.685,,,,,
63.273,SCAN_HIGH,3.7338,-1.0007,0.299,42.43,-0.62,0.06,-0.0,0.0167,-0.0511,0.0373,,,0.69,2.685,,,,,
63.317,SCAN_HIGH,3.7353,-1.0021,0.302,42.52,-0.84,-0.05,-0.0,0.0141,-0.0441,0.0315,,,0.69,2.691,,,,,
63.401,SCAN_HIGH,3.7363,-1.0028,0.302,42.52,-0.92,-0.1,-0.0,0.0106,-0.035,0.0287,,,0.689,2.691,,,,,
63.431,SCAN_HIGH,3.737,-1.0014,0.304,42.42,-0.96,-0.11,-0.0,0.0064,-0.0217,0.0275,,,0.689,2.702,,,,,
63.485,SCAN_HIGH,3.7398,-0.9969,0.304,42.3,-0.97,-0.02,-0.0,0.007,-0.0043,0.0209,,,0.697,2.702,,,,,
63.53,SCAN_HIGH,3.7397,-0.9931,0.306,42.11,-0.92,0.16,-0.0,0.0001,0.0094,0.0155,,,0.697,,,,,,
63.591,SCAN_HIGH,3.7405,-0.9897,0.306,41.9,-0.82,0.36,-0.0,-0.0046,0.0193,0.0162,,,0.707,,,,,,
63.626,SCAN_HIGH,3.7416,-0.9834,0.313,41.76,-0.51,0.52,-0.0,-0.0079,0.031,0.0248,,,0.707,2.704,,,,,
63.692,SCAN_HIGH,3.7416,-0.9795,0.313,41.65,-0.25,0.71,-0.0,-0.013,0.0342,0.0239,,,0.708,2.704,,,,,
63.731,SCAN_HIGH,3.7419,-0.977,0.32,41.63,-0.11,0.87,-0.0,-0.017,0.0322,0.0258,,,0.708,,,,,,
63.803,SCAN_HIGH,3.7411,-0.9724,0.32,41.69,0.29,1.02,-0.0,-0.0217,0.0323,0.0202,,,0.72,,,,,,
63.856,SCAN_HIGH,3.7404,-0.9681,0.326,41.7,0.64,1.09,-0.0,-0.0249,0.0287,0.0092,,,0.72,,,,,,
63.877,SCAN_HIGH,3.7408,-0.964,0.326,41.67,0.79,1.2,-0.0,-0.024,0.0233,0.0119,,,0.715,,,,,,
63.931,SCAN_HIGH,3.7401,-0.9617,0.327,41.54,1.02,1.29,-0.0,-0.0256,0.0133,0.0159,,,0.715,2.691,,,,,
63.972,SCAN_HIGH,3.7389,-0.9593,0.327,41.42,1.17,1.44,-0.0,-0.0274,0.0032,-0.0022,,,0.718,2.691,,,,,
64.03,SCAN_HIGH,3.7376,-0.9584,0.318,41.25,1.2,1.5,-0.0,-0.0302,-0.0102,-0.0197,,,0.718,,,,,,
64.096,SCAN_HIGH,3.7361,-0.959,0.318,41.06,1.27,1.42,-0.0,-0.0326,-0.0261,-0.0386,,,0.725,,,,,,
64.124,SCAN_HIGH,3.7377,-0.9617,0.3,40.82,1.28,1.08,-0.0,-0.0256,-0.0426,-0.06,,,0.725,,,,,,
64.19,SCAN_HIGH,3.7441,-0.9646,0.3,40.49,1.17,0.82,-0.0,-0.0071,-0.0555,-0.0759,,,0.738,,,,,,
64.225,SCAN_HIGH,3.7439,-0.9665,0.285,40.17,0.88,0.73,-0.0,-0.0059,-0.0645,-0.0626,,,0.738,2.641,,,,,
64.269,SCAN_HIGH,3.7549,-0.9677,0.285,39.81,0.73,0.59,-0.0,0.0199,-0.0659,-0.0639,,,0.755,2.641,,,,,
64.34,SCAN_HIGH,3.7585,-0.9715,0.275,39.47,0.23,0.71,-0.0,0.0242,-0.0724,-0.0568,,,0.755,2.678,,,,,
64.369,SCAN_HIGH,3.7624,-0.9744,0.275,39.15,-0.37,1.04,-0.0,0.0232,-0.0748,-0.0449,,,0.76,2.678,,,,,
64.433,SCAN_HIGH,3.7633,-0.9741,0.272,38.88,-0.95,1.3,-0.0,0.0104,-0.068,-0.0197,,,0.76,,,,,,
64.47,SCAN_HIGH,3.7645,-0.9781,0.272,38.75,-1.3,1.42,-0.0,-0.0038,-0.0683,-0.0126,,,,,,,,,
64.539,SCAN_HIGH,3.7636,-0.9807,0.281,38.67,-1.36,1.49,-0.0,-0.0223,-0.066,0.0064,,,,2.642,,,,,
64.567,SCAN_HIGH,3.7619,-0.983,0.281,38.69,-1.42,1.44,-0.0,-0.0407,-0.0625,0.023,,,,2.642,,,,,
64.643,SCAN_HIGH,3.7606,-0.9826,0.286,38.82,-1.5,1.19,-0.0,-0.0547,-0.0535,0.0212,,,,2.643,,,,,
64.708,SCAN_HIGH,3.7548,-0.9818,0.286,38.99,-1.44,0.85,-0.0,-0.0757,-0.0424,0.0282,,,,2.643,,,,,
64.759,SCAN_HIGH,3.7508,-0.9801,0.297,39.23,-1.12,0.57,-0.0,-0.0869,-0.0308,0.019,,,,2.638,,,,,
64.799,SCAN_HIGH,3.7464,-0.979,0.297,39.47,-0.75,0.34,-0.0,-0.0943,-0.0226,0.0335,,,0.738,2.638,,,,,
64.82,SCAN_HIGH,3.741,-0.9768,0.303,39.66,-0.35,0.05,-0.0,-0.1002,-0.0141,0.0269,,,0.738,2.67,,,,,
64.893,SCAN_HIGH,3.7368,-0.9742,0.303,39.82,0.06,-0.19,-0.0,-0.0976,-0.0066,0.0158,,,0.729,2.67,,,,,
64.925,SCAN_HIGH,3.7334,-0.9703,0.303,39.92,0.39,-0.27,-0.0,-0.0919,0.0015,-0.0061,,,0.729,2.675,,,,,
64.999,SCAN_HIGH,3.7289,-0.9693,0.303,40.02,0.68,-0.29,-0.0,-0.087,0.002,-0.0243,,,0.702,2.675,,,,,
65.036,SCAN_HIGH,3.7232,-0.9682,0.306,40.13,1.02,-0.45,-0.0,-0.0835,0.001,-0.0311,,,0.702,,,,,,
65.079,SCAN_HIGH,3.721,-0.9651,0.306,40.23,1.46,-0.54,-0.0,-0.0691,0.0036,-0.0483,,,0.697,,,,,,
65.129,SCAN_HIGH,3.7164,-0.964,0.296,40.31,1.86,-0.57,-0.0,-0.0599,-0.001,-0.0713,,,0.697,,,,,,
65.169,SCAN_HIGH,3.717,-0.9615,0.296,40.31,2.06,-0.57,-0.0,-0.0378,-0.0024,-0.0975,,,0.683,,,,,,
65.217,SCAN_HIGH,3.7145,-0.9615,0.281,40.26,2.1,-0.53,-0.0,-0.0249,-0.0117,-0.1077,,,0.683,,,,,,
65.302,SCAN_HIGH,3.716,-0.96,0.281,40.25,2.01,-0.54,-0.0,-0.0032,-0.0136,-0.1322,,,0.686,,,,,,
65.333,SCAN_HIGH,3.7168,-0.9611,0.255,40.23,1.91,-0.47,-0.0,0.0131,-0.0235,-0.1549,,,0.686,,,,,,
65.387,SCAN_HIGH,3.7347,-0.9622,0.255,40.22,1.74,-0.45,-0.0,0.0735,-0.0266,-0.1766,,,0.684,,,,,,
65.426,SCAN_HIGH,3.7346,-0.9627,0.232,40.31,1.33,0.07,-0.0,0.0727,-0.0331,-0.1653,,,0.684,,,,,,
65.474,SCAN_HIGH,3.7393,-0.9637,0.232,40.31,0.83,0.72,-0.0,0.0793,-0.0387,-0.1789,,,0.687,,,,,,
65.523,SCAN_HIGH,3.7402,-0.9642,0.209,40.3,0.22,1.25,-0.0,0.0666,-0.0421,-0.1626,,,0.687,,,,,,
65.595,SCAN_HIGH,3.7418,-0.9673,0.209,40.26,-0.1,1.68,-0.0,0.0521,-0.0547,-0.1763,,,0.692,,,,,,
65.623,SCAN_HIGH,3.741,-0.9696,0.188,40.16,-0.65,1.84,-0.0,0.0279,-0.0612,-0.1651,,,0.692,2.661,,,,,
65.687,SCAN_HIGH,3.7365,-0.9732,0.188,40.01,-0.8,1.85,-0.0,-0.0059,-0.0708,-0.1565,,,0.699,2.661,,,,,
65.722,SCAN_HIGH,3.7339,-0.9748,0.175,39.82,-0.87,1.75,-0.0,-0.0296,-0.0698,-0.1321,,,0.699,2.651,,,,,
65.777,SCAN_HIGH,3.7294,-0.9775,0.175,39.66,-0.78,1.51,-0.0,-0.0542,-0.0722,-0.1153,,,0.693,2.651,,,,,
65.818,SCAN_HIGH,3.7252,-0.9801,0.173,39.51,-0.65,1.11,-0.0,-0.0714,-0.0721,-0.0866,,,0.693,2.651,,,,,
65.908,SCAN_HIGH,3.72,-0.9818,0.173,39.44,-0.5,0.62,-0.0,-0.0844,-0.0676,-0.0664,,,0.681,2.651,,,,,
65.958,SCAN_HIGH,3.7139,-0.9849,0.17,39.35,-0.29,0.02,-0.0,-0.0958,-0.066,-0.0506,,,0.681,,,,,,
66.018,SCAN_HIGH,3.7083,-0.9874,0.17,39.37,0.01,-0.37,-0.0,-0.0973,-0.061,-0.045,,,0.667,,,,,,
66.035,SCAN_HIGH,3.7043,-0.9888,0.172,39.41,0.23,-0.79,-0.0,-0.0898,-0.0543,-0.0383,,,0.667,,,,,,
66.069,SCAN_HIGH,3.6988,-0.9913,0.172,39.54,0.29,-1.0,-0.0,-0.086,-0.0483,-0.0365,,,0.64,,,,,,
66.128,SCAN_HIGH,3.6944,-0.9939,0.167,39.7,0.42,-1.33,-0.0,-0.0774,-0.0457,-0.0436,,,0.64,,,,,,
66.173,SCAN_HIGH,3.6904,-0.996,0.167,39.93,0.66,-1.57,-0.0,-0.0655,-0.0388,-0.0533,,,0.622,,,,,,
66.221,SCAN_HIGH,3.687,-0.998,0.161,40.18,0.86,-1.72,-0.0,-0.0522,-0.0337,-0.0625,,,0.622,,,,,,
66.299,SCAN_HIGH,3.6841,-1.0002,0.161,40.36,0.99,-1.71,-0.0,-0.0392,-0.0335,-0.0737,,,0.603,,,,,,
66.32,SCAN_HIGH,3.6824,-1.0018,0.153,40.44,1.02,-1.76,-0.0,-0.0221,-0.0293,-0.0743,,,0.603,,,,,,
66.378,SCAN_HIGH,3.6812,-1.0034,0.153,40.44,0.94,-1.75,-0.0,-0.0086,-0.0291,-0.089,,,0.592,,,,,,
66.418,SCAN_HIGH,3.6813,-1.0045,0.15,40.44,0.93,-1.81,-0.0,0.0097,-0.0286,-0.0968,,,0.592,,,,,,
66.481,SCAN_HIGH,3.6826,-1.0053,0.15,40.4,0.76,-1.88,-0.0,0.029,-0.0253,-0.0883,,,0.6,,,,,,
66.526,SCAN_HIGH,3.6844,-1.0065,0.132,40.34,0.54,-1.88,-0.0,0.0452,-0.0173,-0.1052,,,0.6,,,,,,
66.604,SCAN_HIGH,3.6865,-1.0074,0.132,40.33,0.33,-1.73,-0.0,0.0577,-0.0112,-0.1217,,,0.609,,,,,,
66.622,SCAN_HIGH,3.6911,-1.0068,0.122,40.4,0.19,-1.61,-0.0,0.0793,-0.0024,-0.1085,,,0.609,,,,,,
66.686,SCAN_HIGH,3.695,-1.0071,0.122,40.42,0.01,-1.21,-0.0,0.0879,0.0085,-0.1216,,,0.62,,,,,,
66.724,SCAN_HIGH,3.6988,-1.0071,0.113,40.44,-0.17,-0.73,-0.0,0.0901,0.0152,-0.1129,,,0.62,,,,,,
66.767,SCAN_HIGH,3.7043,-1.0055,0.113,40.43,-0.34,-0.41,-0.0,0.0966,0.0235,-0.1144,,,0.634,,,,,,
66.827,SCAN_HIGH,3.7086,-1.0045,0.1,40.41,-0.54,0.01,-0.0,0.0929,0.0285,-0.1188,,,0.634,,,,,,
66.891,SCAN_HIGH,3.7128,-1.0036,0.1,40.37,-0.5,0.47,-0.0,0.0855,0.0279,-0.119,,,0.651,,,,,,
66.919,SCAN_HIGH,3.717,-1.0023,0.085,40.23,-0.51,0.85,-0.0,0.0777,0.027,-0.1131,,,0.651,2.596,,,,,
66.98,SCAN_HIGH,3.7201,-1.0017,0.085,39.99,-0.5,1.06,-0.0,0.0644,0.0225,-0.1199,,,0.669,2.596,,,,,
67.021,SCAN_HIGH,3.7242,-1.0012,0.074,39.76,-0.47,1.2,-0.0,0.0641,0.018,-0.1087,,,0.669,,,,,,
67.068,SCAN_HIGH,3.7267,-1.0007,0.074,39.51,-0.47,1.13,-0.0,0.049,0.0135,-0.1089,,,0.684,,,,,,
67.139,SCAN_HIGH,3.7295,-0.9994,0.058,39.31,-0.5,1.1,-0.0,0.0423,0.0125,-0.1059,,,0.684,,,,,,
67.168,SCAN_HIGH,3.7315,-0.9978,0.058,39.15,-0.64,1.22,-0.0,0.0302,0.0122,-0.1097,,0.544,0.695,,,,,,
67.232,SCAN_HIGH,3.7323,-0.9966,0.047,39.08,-0.64,1.1,-0.0,0.0124,0.0104,-0.0892,,0.544,0.695,,,,,,
67.27,SCAN_HIGH,3.7325,-0.9957,0.047,39.08,-0.63,1.04,-0.0,-0.001,0.0092,-0.0943,,0.531,0.698,,,,,,
67.32,SCAN_HIGH,3.7296,-0.994,0.041,39.18,-0.57,1.13,-0.0,-0.0332,0.0055,-0.0761,,0.531,0.698,,,,,,
67.37,SCAN_HIGH,3.7263,-0.9943,0.041,39.25,-0.44,1.04,-0.0,-0.055,-0.0007,-0.0714,,0.52,0.693,,,,,,
67.439,SCAN_HIGH,3.7219,-0.9955,0.035,39.37,-0.4,0.77,0.0,-0.0747,-0.0073,-0.0661,,0.52,0.693,,,,,,
67.468,SCAN_HIGH,3.7169,-0.9923,0.035,39.52,-0.32,0.34,0.0,-0.0899,-0.0013,-0.1628,,0.524,0.679,,,,,,
67.521,SCAN_HIGH,3.7138,-0.9878,0.002,39.34,-1.14,-0.25,0.0,-0.0831,0.0125,-0.4407,,0.524,0.679,2.506,,,,,
67.569,SCAN_HIGH,3.7028,-1.0146,0.002,38.45,-1.47,-0.88,0.0,-0.1254,-0.022,0.2249,,0.499,0.686,2.506,,,,,
67.622,SCAN_HIGH,3.6881,-0.9949,0.0,38.32,-5.16,-0.25,0.0,-0.1968,0.0924,-0.0123,,0.499,0.686,,,,,,
67.667,SCAN_HIGH,3.6797,-0.9516,0.0,38.62,-7.98,-0.68,0.0,-0.2295,0.2145,-0.2966,,0.486,0.679,,,,,,
67.752,SCAN_HIGH,3.6692,-0.9241,0.016,31.59,-12.23,-6.33,0.0,-0.2616,0.3513,-0.0807,,0.486,0.679,,,,,,
67.783,SCAN_HIGH,3.6542,-0.8868,0.016,20.34,-30.27,-16.65,0.0,-0.2544,0.5711,-0.0785,,,,,,,,,
67.845,SCAN_HIGH,3.6954,-0.5702,0.027,16.14,-47.49,-23.63,0.0,-0.143,0.6335,-0.2672,,,,,,,,,
67.876,SCAN_HIGH,3.689,-0.4983,0.027,4.15,-71.41,-14.24,0.0,-0.1367,0.7611,-0.7099,0.006,,0.057,,,,,,
