time_s,state,x_m,y_m,z_down_m,yaw_deg,roll_deg,pitch_deg,yaw_ref_deg,vx_ms,vy_ms,vz_ms,range_front_m,range_back_m,range_left_m,range_right_m,range_up_m,target_x_m,target_y_m,frontier_x_m,frontier_y_m
0.177,,0.0,0.0,0.012,0.0,0.0,0.0,0.0,0.0,0.0,0.0,0.727,0.4,,1.38,,,,,
0.178,,0.0,0.0,0.012,0.0,0.0,0.0,0.0,0.0,0.0,0.0,0.727,0.4,,1.38,,,,,
0.179,,0.0,0.0,0.012,0.0,0.0,0.0,0.0,0.0,0.0,0.0,0.728,0.4,,1.376,,,,,
0.229,,0.0,0.0,0.012,0.0,0.0,0.0,0.0,0.0,0.0,0.0,0.728,0.4,,1.376,,,,,
0.267,,-0.007,0.003,0.01,-0.3,-0.6,0.31,0.0,-0.0029,-0.0001,-0.0003,0.725,0.389,,1.372,,,,,
0.318,,-0.0063,0.0035,0.012,-0.3,-0.62,0.28,0.0,0.0006,0.0018,-0.0059,0.725,0.389,,1.372,,,,,
0.368,,-0.0063,0.0019,0.012,-0.29,-0.56,0.28,0.0,0.0009,-0.0065,-0.0036,0.732,0.401,,1.38,,,,,
0.419,,-0.0065,0.0035,0.012,-0.3,-0.62,0.29,0.0,-0.0005,-0.002,-0.0017,0.732,0.401,,1.38,,,,,
0.468,,-0.0061,0.0035,0.012,-0.3,-0.62,0.27,0.0,0.0018,0.002,-0.0013,0.727,0.399,,1.374,,,,,
0.527,,-0.006,0.0035,0.011,-0.3,-0.62,0.27,0.0,0.0018,0.0015,-0.001,0.727,0.399,,1.374,,,,,
0.578,,-0.0065,0.0025,0.013,-0.29,-0.58,0.29,0.0,-0.0012,-0.004,-0.0027,0.725,0.4,,1.377,,,,,
0.626,,-0.0063,0.0035,0.01,-0.3,-0.61,0.28,0.0,-0.0003,0.0006,0.0011,0.725,0.4,,1.377,,,,,
0.667,,-0.0061,0.0028,0.012,-0.29,-0.58,0.27,0.0,0.0012,-0.0029,-0.0033,0.729,0.39,,1.384,,,,,
0.717,,-0.007,0.0025,0.012,-0.29,-0.57,0.31,0.0,-0.0041,-0.0042,-0.0013,0.729,0.39,,1.384,,,,,
0.767,,-0.0066,0.0035,0.012,-0.3,-0.61,0.29,0.0,-0.0014,0.0011,-0.0004,0.729,0.399,,1.385,,,,,
0.816,,-0.0065,0.0028,0.011,-0.29,-0.58,0.29,0.0,-0.0013,-0.003,0.0002,0.729,0.399,,1.385,,,,,
0.867,,-0.0061,0.0028,0.009,-0.29,-0.58,0.27,0.0,0.0011,-0.0029,-0.002,0.73,0.398,,1.374,,,,,
0.925,,-0.0058,0.0015,0.011,-0.29,-0.54,0.27,0.0,0.0022,-0.0087,-0.0074,0.73,0.398,,1.374,,,,,
0.967,,-0.0071,0.0035,0.011,-0.29,-0.62,0.32,0.0,-0.0039,0.0014,-0.0061,0.726,0.399,,1.377,,,,,
1.018,,-0.0063,0.0035,0.011,-0.29,-0.62,0.28,0.0,0.0001,0.0019,-0.0046,0.726,0.399,,1.377,,,,,
1.066,,-0.0066,0.0035,0.01,-0.29,-0.62,0.29,0.0,-0.0009,0.0013,-0.0036,0.727,0.401,,1.381,,,,,
1.116,,-0.0061,0.0025,0.011,-0.29,-0.57,0.27,0.0,0.0016,0.001,-0.0054,0.727,0.401,,1.381,,,,,
1.181,,-0.0058,0.0028,0.012,-0.3,-0.59,0.26,0.0,0.003,-0.0027,-0.0042,0.732,0.389,,1.379,,,,,
1.233,,-0.0066,0.0035,0.012,-0.29,-0.62,0.29,0.0,-0.001,0.0017,-0.0004,0.732,0.389,,1.379,,,,,
1.28,,-0.0063,0.0028,0.012,-0.29,-0.59,0.28,0.0,-0.0,-0.0025,0.001,0.732,0.398,,1.381,,,,,
1.316,,-0.0061,0.0035,0.014,-0.29,-0.63,0.27,0.0,0.0013,0.0013,0.0017,0.732,0.398,,1.381,,,,,
1.367,,-0.0064,0.0028,0.011,-0.29,-0.59,0.28,0.0,0.0001,-0.0023,0.006,0.733,0.39,,1.383,,,,,
1.417,,-0.0064,0.0025,0.013,-0.29,-0.59,0.29,0.0,-0.0001,-0.0037,0.0006,0.733,0.39,,1.383,,,,,
1.476,,-0.0064,0.0018,0.011,-0.29,-0.56,0.28,0.0,-0.0003,-0.0067,0.0015,0.727,0.397,,1.381,,,,,
1.528,,-0.0064,0.0028,0.011,-0.29,-0.6,0.28,0.0,0.0002,-0.0017,-0.0024,0.727,0.397,,1.381,,,,,
1.566,,-0.0072,0.0033,0.011,-0.29,-0.62,0.31,0.0,-0.0036,0.0004,-0.0047,0.73,0.398,,1.379,,,,,
1.617,,-0.0067,0.0036,0.014,-0.29,-0.63,0.3,0.0,-0.0012,0.0019,-0.0059,0.73,0.398,,1.379,,,,,
1.667,,-0.0067,0.0015,0.011,-0.29,-0.55,0.3,0.0,-0.0015,-0.0091,0.0004,0.726,0.387,,1.384,,,,,
1.724,,-0.007,0.0036,0.014,-0.29,-0.63,0.31,0.0,-0.0029,0.0022,-0.0022,0.726,0.387,,1.384,,,,,
1.773,,-0.0064,0.0036,0.011,-0.29,-0.63,0.29,0.0,-0.0001,0.0019,0.0024,0.736,0.399,,1.377,,,,,
1.829,,-0.0061,0.0027,0.011,-0.28,-0.6,0.29,0.0,0.0011,-0.0024,-0.0019,0.736,0.399,,1.377,,,,,
1.866,,-0.0062,0.0027,0.012,-0.28,-0.59,0.29,0.0,0.0012,-0.0025,-0.0037,0.725,0.389,,1.386,,,,,
1.916,,-0.0065,0.0028,0.01,-0.28,-0.6,0.3,0.0,-0.0,-0.002,-0.0025,0.725,0.389,,1.386,,,,,
1.967,,0.0,-0.0001,0.011,-0.0,0.01,-0.0,0.0,0.004,-0.006,-0.0002,0.727,0.398,,1.38,,,,,
2.021,,0.0002,-0.0004,0.013,-0.0,0.03,-0.04,0.0,0.0002,-0.0045,0.0003,0.727,0.398,,1.38,,,,,
2.069,,0.0002,-0.0004,0.011,-0.01,-0.12,0.01,0.0,0.0041,-0.0075,0.0015,0.731,0.388,,1.383,,,,,
2.117,,0.0,-0.0011,0.011,-0.01,-0.08,0.12,0.0,0.0021,-0.0153,-0.0001,0.731,0.388,,1.383,,,,,
2.167,,0.0003,-0.0013,0.012,-0.01,-0.19,0.11,0.0,0.0044,-0.0141,-0.0013,0.728,0.4,,1.376,,,,,
2.217,,0.0013,-0.0004,0.013,-0.01,-0.47,-0.03,0.0,0.0031,-0.0033,0.0011,0.728,0.4,,1.376,,,,,
2.269,,0.002,-0.0011,0.012,-0.01,-0.41,-0.06,0.0,0.0171,-0.0081,0.0033,0.733,0.39,,1.384,,,,,
2.319,,0.0004,-0.0002,0.014,-0.01,-0.54,0.21,0.0,0.0013,-0.0011,0.0015,0.733,0.39,,1.384,,,,,
2.37,,0.0003,-0.0009,0.014,-0.01,-0.49,0.23,0.0,0.0028,-0.0055,0.004,0.728,0.395,,1.384,,,,,
2.416,,0.0003,-0.0014,0.013,-0.01,-0.48,0.25,0.0,0.0072,0.0009,0.006,0.728,0.395,,1.384,,,,,
2.466,,0.0001,-0.0009,0.013,-0.01,-0.54,0.28,0.0,0.0006,-0.004,0.0042,0.725,0.387,,1.378,,,,,
2.541,,0.0003,-0.0011,0.012,-0.01,-0.53,0.26,0.0,0.0002,0.0012,0.0017,0.725,0.387,,1.378,,,,,
2.572,,0.0001,-0.0001,0.011,-0.01,-0.61,0.28,0.0,0.0004,0.0016,-0.0024,0.732,0.398,,1.379,,,,,
2.621,,0.0004,-0.0009,0.01,-0.02,-0.55,0.26,0.0,0.0006,0.0011,-0.0061,0.732,0.398,,1.379,,,,,
2.666,,0.0007,-0.0001,0.012,-0.02,-0.6,0.25,0.0,0.0007,0.0006,-0.0101,0.725,0.398,,1.38,,,,,
2.716,,0.0004,-0.0009,0.013,-0.02,-0.56,0.26,0.0,-0.0006,-0.0102,-0.0071,0.725,0.398,,1.38,,,,,
2.766,,0.0006,-0.0019,0.013,-0.02,-0.52,0.26,0.0,-0.0001,-0.0084,-0.0035,0.728,0.389,,1.378,,,,,
2.822,,0.0006,0.0,0.012,-0.02,-0.62,0.26,0.0,0.0009,0.0017,-0.0005,0.728,0.389,,1.378,,,,,
2.87,,0.0003,0.0,0.014,-0.02,-0.61,0.28,0.0,0.0033,0.0014,-0.0012,0.726,0.4,,1.379,,,,,
2.922,,0.0003,-0.0,0.012,-0.02,-0.6,0.28,0.0,-0.0002,0.0008,0.0027,0.726,0.4,,1.379,,,,,
2.967,,0.0003,0.0,0.013,-0.02,-0.6,0.28,0.0,0.005,-0.002,-0.0,0.727,0.4,,1.378,,,,,
3.016,,0.0003,-0.0008,0.012,-0.03,-0.57,0.29,0.0,-0.0008,0.0004,0.0003,0.727,0.4,,1.378,,,,,
3.066,,0.0003,-0.0019,0.013,-0.03,-0.53,0.29,0.0,0.0033,-0.0033,-0.0019,0.728,0.388,,1.377,,,,,
3.119,,0.0,-0.0,0.011,-0.02,-0.61,0.31,0.0,0.0006,0.0012,-0.0008,0.728,0.388,,1.377,,,,,
3.169,,-0.0008,-0.0008,0.012,-0.03,-0.57,0.33,0.0,0.0006,-0.0076,-0.0044,0.732,0.399,,1.383,,,,,
3.216,,0.0003,-0.0018,0.012,-0.03,-0.54,0.29,0.0,0.0001,-0.0036,-0.0041,0.732,0.399,,1.383,,,,,
3.266,,0.0003,0.0,0.013,-0.03,-0.61,0.29,0.0,-0.0001,0.0013,-0.0042,0.727,0.389,,1.377,,,,,
3.316,,0.0003,-0.001,0.013,-0.03,-0.57,0.29,0.0,-0.0,0.0011,-0.0012,0.727,0.389,,1.377,,,,,
3.376,,0.0005,-0.0017,0.011,-0.03,-0.54,0.27,0.0,0.0024,0.0007,0.0007,0.729,0.401,,1.377,,,,,
3.424,,0.0,-0.0007,0.012,-0.03,-0.58,0.3,0.0,-0.0025,0.0006,-0.0033,0.729,0.401,,1.377,,,,,
3.474,,-0.0005,-0.0007,0.011,-0.03,-0.58,0.32,0.0,0.0035,0.0003,-0.0036,0.727,0.387,,1.378,,,,,
3.516,,0.0002,-0.0007,0.011,-0.03,-0.58,0.29,0.0,-0.0003,0.0007,-0.0054,0.727,0.387,,1.378,,,,,
3.566,,0.0007,-0.0011,0.01,-0.03,-0.57,0.27,0.0,0.0006,0.0014,-0.0062,0.729,0.401,,1.374,,,,,
3.616,,0.0002,-0.0,0.014,-0.03,-0.61,0.29,0.0,-0.0009,0.0016,-0.0087,0.729,0.401,,1.374,,,,,
3.67,,0.0004,-0.0,0.011,-0.03,-0.61,0.28,0.0,-0.0008,0.001,-0.0006,0.732,0.4,,1.38,,,,,
3.722,,0.0004,-0.0,0.012,-0.04,-0.61,0.29,0.0,-0.0013,0.0011,-0.0022,0.732,0.4,,1.38,,,,,
3.767,,0.0004,0.0,0.014,-0.04,-0.6,0.28,0.0,0.0026,0.0009,-0.0008,0.731,0.401,,1.378,,,,,
3.816,,0.0006,-0.0007,0.012,-0.04,-0.57,0.27,0.0,-0.0023,0.0013,0.0044,0.731,0.401,,1.378,,,,,
3.866,,0.0006,-0.0015,0.01,-0.04,-0.53,0.28,0.0,-0.0009,0.0016,0.0024,0.73,0.401,,1.375,,,,,
3.934,,-0.0001,-0.0007,0.011,-0.04,-0.57,0.3,0.0,-0.0007,-0.0029,-0.0042,0.73,0.401,,1.375,,,,,
3.968,,-0.0003,0.0,0.01,-0.04,-0.6,0.31,0.0,0.0009,0.0007,-0.0051,0.729,0.4,,1.378,,,,,
4.02,,-0.0006,-0.0008,0.014,-0.04,-0.57,0.32,0.0,-0.0035,0.0008,-0.0074,0.729,0.4,,1.378,,,,,
4.066,,-0.0001,0.0,0.013,-0.05,-0.6,0.3,0.0,0.0005,0.001,0.0,0.731,0.403,,1.376,,,,,
4.117,,0.0004,-0.0007,0.01,-0.05,-0.57,0.28,0.0,-0.001,0.0011,0.0022,0.731,0.403,,1.376,,,,,
4.186,,0.0007,0.0,0.012,-0.05,-0.6,0.27,0.0,-0.0009,0.0005,-0.0036,0.728,0.403,,1.386,,,,,
4.231,,-0.0005,-0.0007,0.012,-0.05,-0.58,0.32,0.0,-0.0022,0.0005,-0.0023,0.728,0.403,,1.386,,,,,
4.269,,0.0002,0.0,0.011,-0.05,-0.61,0.28,0.0,0.0008,0.0003,-0.0019,0.729,0.403,,1.376,,,,,
4.316,,0.0002,-0.0007,0.012,-0.05,-0.58,0.27,0.0,-0.0007,-0.0029,-0.0038,0.729,0.403,,1.376,,,,,
4.366,,-0.0005,-0.0019,0.01,-0.06,-0.52,0.3,0.0,-0.0032,-0.0083,-0.0025,0.732,0.404,,1.386,,,,,
4.416,,-0.0001,-0.0007,0.013,-0.06,-0.58,0.29,0.0,-0.0034,-0.0003,-0.0055,0.732,0.404,,1.386,,,,,
4.48,,-0.0001,0.0,0.015,-0.06,-0.61,0.28,0.0,-0.0002,0.0025,-0.0011,0.726,0.405,,1.385,,,,,
4.529,,-0.0001,0.0001,0.011,-0.06,-0.6,0.28,0.0,-0.004,0.0023,0.0062,0.726,0.405,,1.385,,,,,
4.568,,-0.0001,0.0001,0.011,-0.06,-0.59,0.27,0.0,-0.0038,0.0017,0.0015,0.723,0.403,,1.379,,,,,
4.616,,0.0002,-0.0012,0.012,-0.06,-0.55,0.26,0.0,-0.0027,0.002,-0.0019,0.723,0.403,,1.379,,,,,
4.667,,-0.0001,0.0,0.013,-0.05,-0.6,0.27,0.0,-0.0006,0.0016,-0.0021,0.73,0.403,,1.376,,,,,
4.726,,0.0004,-0.0007,0.012,-0.06,-0.57,0.25,0.0,-0.0009,-0.0015,0.0002,0.73,0.403,,1.376,,,,,
4.769,,0.0003,-0.0015,0.012,-0.06,-0.53,0.25,0.0,0.0022,-0.0062,-0.0004,0.733,0.403,,1.374,,,,,
4.823,,0.0001,0.0,0.011,-0.06,-0.6,0.27,0.0,-0.0015,0.0014,-0.0013,0.733,0.403,,1.374,,,,,
4.866,,0.0007,0.0001,0.01,-0.06,-0.6,0.24,0.0,-0.0041,0.0014,-0.0036,0.729,0.405,,1.383,,,,,
4.917,,-0.0003,0.0,0.013,-0.06,-0.6,0.28,0.0,-0.0037,0.0013,-0.0067,0.729,0.405,,1.383,,,,,
4.967,,-0.0001,-0.0007,0.011,-0.06,-0.57,0.27,0.0,-0.0033,-0.0023,-0.0021,0.728,0.405,,1.386,,,,,
5.02,,-0.0001,0.0001,0.012,-0.06,-0.6,0.27,0.0,-0.0024,-0.0028,-0.0029,0.728,0.405,,1.386,,,,,
5.07,,-0.0003,0.0001,0.014,-0.06,-0.6,0.28,0.0,-0.001,0.0011,-0.0014,0.73,0.406,,1.38,,,,,
5.116,,-0.0004,-0.0006,0.012,-0.06,-0.57,0.28,0.0,-0.001,0.0014,0.0041,0.73,0.406,,1.38,,,,,
5.166,,0.0001,0.0001,0.01,-0.06,-0.6,0.27,0.0,-0.0013,0.0011,0.0023,0.726,0.407,,1.374,,,,,
5.215,,-0.0004,0.0001,0.013,-0.06,-0.59,0.28,0.0,-0.0014,0.0014,-0.004,0.726,0.407,,1.374,,,,,
5.281,,-0.0004,-0.0007,0.011,-0.07,-0.57,0.29,0.0,0.0001,0.0012,-0.0014,0.729,0.404,,1.38,,,,,
5.333,,0.0001,-0.0017,0.01,-0.07,-0.53,0.27,0.0,-0.0008,0.0011,-0.0038,0.729,0.404,,1.38,,,,,
5.369,,0.0001,0.0001,0.012,-0.07,-0.59,0.28,0.0,-0.0008,0.0006,-0.0074,0.73,0.407,,1.38,,,,,
5.417,,-0.0009,-0.0009,0.013,-0.07,-0.56,0.33,0.0,-0.0028,0.001,-0.0042,0.73,0.407,,1.38,,,,,
5.466,,-0.0006,-0.0009,0.011,-0.07,-0.54,0.3,0.0,-0.0004,-0.0022,-0.0005,0.731,0.408,,1.377,,,,,
5.531,,0.0003,-0.0009,0.011,-0.07,-0.55,0.29,0.0,0.0008,0.0023,-0.0032,0.731,0.408,,1.377,,,,,
5.576,,0.0001,0.0001,0.013,-0.07,-0.59,0.3,0.0,0.0057,0.0018,-0.0044,0.725,0.403,,1.381,,,,,
5.632,,-0.0002,0.0001,0.012,-0.07,-0.59,0.31,0.0,0.0027,-0.0026,0.0002,0.725,0.403,,1.381,,,,,
5.666,,-0.0004,0.0001,0.012,-0.08,-0.6,0.34,-0.0,0.002,0.0029,0.0016,0.729,0.405,,1.381,,,,,
5.716,,0.0001,-0.0,0.01,-0.05,-0.52,0.41,-0.0,-0.0001,0.0047,0.0009,0.729,0.405,,1.381,,,,,
5.766,,-0.0,-0.0005,0.006,-0.13,-0.25,0.21,-0.0,0.0004,0.0048,-0.0019,0.734,0.406,,1.374,,,,,
5.83,,-0.0005,-0.0004,0.006,-0.16,-0.03,0.1,-0.0,-0.0051,0.0062,-0.0124,0.734,0.406,,1.374,,,,,
5.882,,-0.001,0.0035,0.0,-0.16,-0.14,-0.21,-0.0,-0.005,0.0174,0.0122,0.727,0.416,,1.368,,,,,
5.919,,0.0033,0.0052,0.0,-0.13,-0.41,-0.24,-0.0,0.009,0.0293,0.021,0.727,0.416,,1.368,,,,,
5.966,,0.0025,0.0082,0.0,0.04,0.35,0.51,-0.0,0.0039,0.0112,0.043,0.722,0.427,,1.391,,,,,
6.016,,0.001,0.0041,0.005,0.06,0.7,0.72,-0.0,-0.0172,0.0212,0.0812,0.722,0.427,,1.391,,,,,
6.079,,0.0035,0.0079,0.016,0.01,0.59,0.27,-0.0,-0.0115,0.0304,0.1097,0.729,0.432,,1.385,,,,,
6.131,,0.0001,0.0066,0.036,-0.02,0.58,0.35,-0.0,-0.0114,-0.0014,0.1507,0.729,0.432,,1.385,,,,,
6.185,,-0.0019,-0.0005,0.047,-0.13,0.88,0.22,-0.0,-0.0188,-0.0538,0.1976,0.723,0.451,,1.379,,,,,
6.216,,-0.002,-0.0094,0.064,-0.29,0.37,-0.05,-0.0,-0.0157,-0.0783,0.212,0.723,0.451,,1.379,,,,,
6.266,,-0.0019,-0.0143,0.075,-0.39,-0.18,-0.46,-0.0,-0.011,-0.0823,0.2414,0.718,0.475,,1.384,,,,,
6.315,,-0.0025,-0.0186,0.093,-0.42,-0.67,-0.27,-0.0,-0.0083,-0.0769,0.2416,0.718,0.475,,1.384,,,,,
6.369,,-0.0016,-0.0213,0.105,-0.44,-1.12,-0.23,-0.0,-0.0,-0.0684,0.2569,0.707,0.572,,1.384,,,,,
6.425,,-0.0009,-0.0242,0.116,-0.58,-1.4,-0.45,-0.0,0.0059,-0.0546,0.2522,0.707,0.572,,1.384,,,,,
6.479,,-0.0006,-0.0254,0.129,-0.74,-1.39,-0.32,-0.0,0.0156,-0.0438,0.2454,0.702,1.22,,1.38,,,,,
6.516,,0.0028,-0.0319,0.136,-0.88,-0.85,-0.39,-0.0,0.0297,-0.051,0.2461,0.702,1.22,,1.38,,,,,
6.565,,0.0045,-0.0326,0.141,-1.03,-0.67,-0.14,-0.0,0.0287,-0.0379,0.2398,0.695,1.268,,1.375,,,,,
6.618,,0.0076,-0.0341,0.15,-1.21,-0.74,-0.02,-0.0,0.0378,-0.031,0.2198,0.695,1.268,,1.375,,,,,
6.669,,0.0103,-0.0352,0.162,-1.36,-0.82,0.06,-0.0,0.0391,-0.021,0.2261,0.689,1.282,,1.381,,,,,
6.719,,0.0139,-0.0364,0.175,-1.51,-0.73,0.22,-0.0,0.0467,-0.017,0.2251,0.689,1.282,,1.381,,,,,
6.766,,0.0166,-0.0363,0.185,-1.59,-0.64,0.35,-0.0,0.0467,-0.0066,0.2316,0.689,1.286,,1.384,,,,,
6.815,,0.0146,-0.039,0.2,-1.68,-0.35,0.73,-0.0,0.0609,0.0164,0.2231,0.689,1.286,,1.384,,,,,
6.886,,0.0256,-0.0304,0.207,-1.75,-0.42,0.55,-0.0,0.054,0.0249,0.232,0.69,1.288,2.399,1.389,,,,,
6.93,,0.0275,-0.0297,0.224,-1.79,-0.04,0.76,-0.0,0.0543,0.0345,0.2116,0.69,1.288,2.399,1.389,,,,,
6.966,,0.0322,-0.0242,0.232,-1.78,0.03,0.8,-0.0,0.0473,0.0383,0.2235,0.687,1.286,,1.391,,,,,
7.015,,0.0343,-0.0213,0.25,-1.85,0.38,1.05,-0.0,0.0406,0.0409,0.2019,0.687,1.286,,1.391,,,,,
7.065,,0.0356,-0.0193,0.259,-1.87,0.62,0.85,-0.0,0.0314,0.0374,0.2129,0.698,1.281,2.37,1.4,,,,,
7.116,,0.0379,-0.0156,0.267,-2.02,0.66,0.69,-0.0,0.0285,0.04,0.1972,0.698,1.281,2.37,1.4,,,,,
7.165,,0.0396,-0.0119,0.263,-2.12,0.65,0.51,-0.0,0.023,0.0392,0.1753,0.694,1.276,2.379,1.409,,,,,
7.218,,0.0408,-0.0101,0.274,-2.25,0.58,0.39,-0.0,0.0201,0.0339,0.1261,0.694,1.276,2.379,1.409,,,,,
7.268,,0.0418,-0.0085,0.284,-2.37,0.57,0.24,-0.0,0.0145,0.0281,0.1386,0.698,1.274,2.366,1.403,,,,,
7.316,,0.0449,-0.0004,0.293,-2.67,0.28,-0.06,-0.0,0.0217,0.0436,0.1416,0.698,1.274,2.366,1.403,,,,,
7.365,,0.0456,0.0001,0.299,-2.9,0.25,-0.07,-0.0,0.0234,0.0339,0.1346,0.691,1.258,2.378,1.406,3.801,,,,
7.436,,0.0481,0.0023,0.308,-3.02,0.18,0.08,-0.0,0.0236,0.0322,0.123,0.691,1.258,2.378,1.406,3.801,,,,
7.481,,0.0481,0.0027,0.311,-3.04,0.38,0.15,-0.0,0.023,0.0311,0.1206,0.684,1.258,2.348,1.408,,,,,
7.517,,0.0515,0.0034,0.316,-3.05,0.5,0.41,-0.0,0.0267,0.0243,0.0985,0.684,1.258,2.348,1.408,,,,,
7.565,,0.0511,-0.0005,0.322,-2.97,0.55,0.46,-0.0,0.0354,0.0372,0.0936,0.691,1.253,2.363,1.413,,,,,
7.615,,0.0599,0.0133,0.323,-2.88,0.35,0.33,-0.0,0.0303,0.032,0.0887,0.691,1.253,2.363,1.413,,,,,
7.665,,0.0626,0.0137,0.326,-2.7,0.39,0.59,-0.0,0.0306,0.0299,0.0677,0.689,1.25,2.352,1.417,,,,,
7.723,,0.0635,0.0158,0.332,-2.46,0.44,0.57,-0.0,0.0238,0.0282,0.0544,0.689,1.25,2.352,1.417,,,,,
7.777,,0.0645,0.0171,0.334,-2.28,0.37,0.66,-0.0,0.0177,0.0223,0.058,0.697,1.254,2.354,1.419,,,,,
7.816,,0.0658,0.0186,0.338,-2.18,0.32,0.62,-0.0,0.0168,0.0213,0.0508,0.697,1.254,2.354,1.419,,,,,
7.865,,0.0653,0.0126,0.347,-2.09,0.46,0.44,-0.0,0.0067,0.0168,0.049,0.71,1.243,2.354,1.412,,,,,
7.915,,0.0638,0.0125,0.345,-2.07,0.45,0.57,-0.0,-0.0095,-0.0058,0.0583,0.71,1.243,2.354,1.412,,,,,
7.979,,0.0654,0.0185,0.347,-2.2,0.26,0.34,-0.0,-0.0056,0.004,0.0358,0.71,1.244,2.336,1.419,,,,,
8.024,,0.0633,0.0126,0.348,-2.35,0.13,0.4,-0.0,-0.0079,-0.004,0.0253,0.71,1.244,2.336,1.419,,,,,
8.071,ROTATION_SCAN,0.0575,0.0113,0.346,-2.58,0.04,0.24,-0.0,-0.0171,0.0005,0.0173,0.708,1.248,2.356,1.414,,,,,
8.115,ROTATION_SCAN,0.0615,0.0198,0.353,-2.91,-0.12,-0.03,-0.0,-0.0105,0.0155,-0.0015,0.708,1.248,2.356,1.414,,,,,
8.165,ROTATION_SCAN,0.0612,0.0217,0.349,-3.23,-0.08,-0.09,15.0,-0.0137,0.015,0.015,0.696,1.242,2.338,1.421,3.707,,,,
8.214,ROTATION_SCAN,0.0616,0.0244,0.349,-3.5,-0.1,-0.26,15.0,-0.01,0.0147,0.0012,0.696,1.242,2.338,1.421,3.707,,,,
8.27,ROTATION_SCAN,0.0582,0.0237,0.348,-3.51,0.12,-0.21,15.0,-0.0118,0.0156,-0.0081,0.691,1.238,2.35,1.422,3.721,,,,
8.339,ROTATION_SCAN,0.0594,0.032,0.347,-3.29,0.23,-0.18,15.0,-0.0047,0.0319,-0.009,0.691,1.238,2.35,1.422,3.721,,,,
8.37,ROTATION_SCAN,0.0612,0.0363,0.348,-2.89,0.4,-0.36,15.0,-0.001,0.0316,-0.013,0.697,1.235,2.343,1.414,,,,,
8.433,ROTATION_SCAN,0.0628,0.0392,0.349,-2.35,0.59,-0.33,15.0,0.0052,0.0298,-0.0102,0.697,1.235,2.343,1.414,,,,,
8.47,ROTATION_SCAN,0.0651,0.044,0.35,-1.64,0.81,0.03,15.0,0.0117,0.0308,-0.0054,0.728,1.238,2.337,1.43,,,,,
8.524,ROTATION_SCAN,0.0664,0.0463,0.347,-0.82,1.13,0.1,15.0,0.0108,0.0255,-0.0051,0.728,1.238,2.337,1.43,,,,,
8.586,ROTATION_SCAN,0.0671,0.0506,0.344,0.17,1.43,0.28,15.0,0.0108,0.0217,-0.0177,0.837,1.241,2.329,1.436,,,,,
8.633,ROTATION_SCAN,0.067,0.0545,0.348,1.22,1.62,0.25,15.0,0.0082,0.0125,-0.0268,0.837,1.241,2.329,1.436,,,,,
8.682,ROTATION_SCAN,0.0688,0.0559,0.342,2.24,1.54,0.5,15.0,0.0073,0.0016,-0.0141,,1.253,2.321,1.44,,,,,
8.717,ROTATION_SCAN,0.0696,0.0555,0.343,3.31,1.61,0.67,15.0,0.0041,-0.0123,-0.0266,,1.253,2.321,1.44,,,,,
8.769,ROTATION_SCAN,0.071,0.0556,0.34,4.41,1.54,0.7,15.0,0.0015,-0.0243,-0.0203,2.092,1.255,2.335,1.451,,,,,
8.853,ROTATION_SCAN,0.0729,0.0521,0.341,5.44,1.64,0.61,15.0,0.0006,-0.042,-0.0181,2.092,1.255,2.335,1.451,,,,,
8.881,ROTATION_SCAN,0.0855,0.0581,0.344,6.47,1.36,0.49,15.0,0.0216,-0.0395,-0.0142,2.119,,2.356,1.455,,,,,
8.921,ROTATION_SCAN,0.0871,0.054,0.344,7.44,1.11,0.74,15.0,0.0189,-0.0545,-0.0012,2.119,,2.356,1.455,,,,,
8.978,ROTATION_SCAN,0.0877,0.0477,0.344,8.35,0.94,0.99,15.0,0.0113,-0.07,-0.0063,2.132,1.257,2.36,1.463,,,,,
9.039,ROTATION_SCAN,0.0872,0.0459,0.342,9.28,0.61,1.0,15.0,0.0029,-0.0748,-0.0038,2.132,1.257,2.36,1.463,,,,,
9.065,ROTATION_SCAN,0.0859,0.0408,0.341,10.16,0.46,1.16,15.0,-0.0115,-0.0791,-0.0124,,,2.38,1.471,,,,,
9.137,ROTATION_SCAN,0.0836,0.0396,0.34,10.99,-0.08,1.18,15.0,-0.0189,-0.0793,-0.0136,,,2.38,1.471,,,,,
9.17,ROTATION_SCAN,0.0795,0.0362,0.339,11.87,-0.37,1.14,15.0,-0.0352,-0.0802,-0.0174,,,2.404,1.478,,,,,
9.225,ROTATION_SCAN,0.0772,0.0323,0.337,12.81,-0.46,0.76,15.0,-0.0514,-0.0772,-0.0172,,,2.404,1.478,,,,,
9.265,ROTATION_SCAN,0.0726,0.0323,0.335,13.82,-0.77,0.48,15.0,-0.0553,-0.0655,-0.0196,,,2.426,,,,,,
9.322,ROTATION_SCAN,0.0673,0.0311,0.337,14.88,-0.69,0.15,15.0,-0.062,-0.0556,-0.0195,,,2.426,,,,,,
9.364,ROTATION_SCAN,0.0631,0.0328,0.337,15.98,-0.49,-0.32,15.0,-0.0683,-0.0441,-0.0101,,,,,,,,,
9.428,ROTATION_SCAN,0.0588,0.0328,0.337,17.02,-0.33,-0.57,15.0,-0.0663,-0.0311,-0.0065,,,,,,,,,
9.494,ROTATION_SCAN,0.0578,0.0364,0.338,18.04,-0.06,-0.8,15.0,-0.0563,-0.0201,-0.0037,,,,,3.76,,,,
9.524,ROTATION_SCAN,0.055,0.0385,0.336,19.08,0.42,-0.9,15.0,-0.0509,-0.0102,0.0034,,,,,3.76,,,,
9.577,ROTATION_SCAN,0.0566,0.0436,0.337,20.06,0.56,-0.99,15.0,-0.0313,-0.0026,-0.0017,,,,,,,,,
9.615,ROTATION_SCAN,0.0587,0.0477,0.336,21.02,0.63,-0.82,15.0,-0.0186,0.0056,-0.0006,,,,,,,,,
9.669,ROTATION_SCAN,0.0605,0.051,0.337,22.01,0.85,-0.55,15.0,-0.0031,0.006,-0.0022,,,,,,,,,
9.726,ROTATION_SCAN,0.0644,0.0537,0.341,23.05,1.15,-0.26,15.0,0.0127,0.007,-0.0016,,,,,,,,,
9.773,ROTATION_SCAN,0.0681,0.057,0.339,24.11,1.15,0.09,15.0,0.0249,0.0064,0.0053,,,,,,,,,
9.829,ROTATION_SCAN,0.071,0.0578,0.338,25.17,1.24,0.2,15.0,0.0322,-0.0007,0.0002,,,,,,,,,
9.867,ROTATION_SCAN,0.0796,0.062,0.339,26.2,1.18,0.55,15.0,0.0512,-0.0006,-0.0043,,,,,,,,,
9.918,ROTATION_SCAN,0.0853,0.0628,0.338,27.23,1.34,0.99,15.0,0.0542,-0.015,-0.0031,,,,,,,,,
9.966,ROTATION_SCAN,0.09,0.0612,0.337,28.19,1.19,1.54,15.0,0.0544,-0.0297,-0.0067,,,,,,,,,
10.027,ROTATION_SCAN,0.0945,0.0611,0.337,29.07,0.84,1.73,15.0,0.051,-0.0428,-0.0087,,,,,,,,,
10.071,ROTATION_SCAN,0.0985,0.0553,0.335,29.85,0.56,2.08,15.0,0.0442,-0.0593,-0.0092,,,,,,,,,
10.123,ROTATION_SCAN,0.1017,0.0545,0.338,30.62,0.23,2.17,15.0,0.0314,-0.0666,-0.0116,,,,,,,,,
10.188,ROTATION_SCAN,0.1047,0.0494,0.332,31.43,-0.08,2.15,15.0,0.0235,-0.0785,-0.0046,,,,,,,,,
10.22,ROTATION_SCAN,0.1072,0.0449,0.34,32.13,-0.44,2.04,15.0,0.0084,-0.091,-0.0166,,,,,,,,,
10.292,ROTATION_SCAN,0.1074,0.0416,0.338,32.86,-0.82,1.88,15.0,-0.0073,-0.0962,0.0009,,,,,,,,,
10.325,ROTATION_SCAN,0.1083,0.0358,0.335,33.6,-1.05,1.51,15.0,-0.0195,-0.0983,-0.0013,,,,,,,,,
10.386,ROTATION_SCAN,0.1072,0.0305,0.332,34.35,-1.31,1.12,15.0,-0.0339,-0.0925,-0.0137,,,,,,,,,
10.419,ROTATION_SCAN,0.107,0.0258,0.334,35.12,-1.38,0.76,15.0,-0.0423,-0.0886,-0.0184,,,,,,,,,
10.474,ROTATION_SCAN,0.1042,0.0196,0.334,35.92,-1.39,0.48,15.0,-0.0558,-0.0875,-0.0127,,,,,,,,,
10.514,ROTATION_SCAN,0.1014,0.0147,0.336,36.66,-1.32,0.19,15.0,-0.0649,-0.0795,-0.0114,,,,,,,,,
10.583,ROTATION_SCAN,0.0962,0.0104,0.33,37.4,-1.3,0.05,15.0,-0.0744,-0.0738,-0.0061,,,,,,,,,
10.65,ROTATION_SCAN,0.096,0.0083,0.33,38.17,-1.17,-0.43,15.0,-0.0721,-0.0583,-0.0176,,,,,,,,,
10.674,ROTATION_SCAN,0.0929,0.0075,0.332,39.01,-0.98,-0.56,15.0,-0.0701,-0.0459,-0.0156,,,,,,,,,
10.731,ROTATION_SCAN,0.0904,0.006,0.335,39.86,-0.82,-0.6,15.0,-0.0722,-0.037,-0.0088,,,,,,,,,
10.771,ROTATION_SCAN,0.0872,0.0048,0.334,40.71,-0.65,-0.66,15.0,-0.0704,-0.0292,0.0001,,,,0.866,,,,,
10.813,ROTATION_SCAN,0.0843,0.0049,0.335,41.6,-0.59,-0.56,15.0,-0.0693,-0.0174,-0.0044,,,,0.866,,,,,
10.868,ROTATION_SCAN,0.0824,0.0056,0.332,42.48,-0.32,-0.61,15.0,-0.0649,-0.0079,-0.0047,,,,0.853,,,,,
10.931,ROTATION_SCAN,0.0836,0.0088,0.329,43.39,-0.13,-0.58,15.0,-0.0521,0.0053,-0.0125,,,,0.853,,,,,
10.968,ROTATION_SCAN,0.0805,0.0119,0.327,44.25,-0.01,-0.71,15.0,-0.0463,0.0131,-0.017,,,,0.828,,,,,
11.017,ROTATION_SCAN,0.0865,0.0157,0.331,45.0,0.1,-0.48,15.0,-0.0259,0.0268,-0.0185,,,,0.828,,,,,
11.065,ROTATION_SCAN,0.0898,0.0184,0.33,45.69,0.32,-0.11,15.0,-0.0127,0.0341,-0.0072,,,,0.811,,,,,
11.12,ROTATION_SCAN,0.0931,0.023,0.331,46.33,0.55,0.28,15.0,-0.0004,0.0363,-0.0083,,,,0.811,,,,,
11.184,ROTATION_SCAN,0.0965,0.0261,0.33,46.87,0.48,0.85,15.0,0.0125,0.0318,-0.0067,,,,0.791,,,,,
11.223,ROTATION_SCAN,0.1034,0.0285,0.333,47.34,0.37,1.2,15.0,0.0171,0.0264,-0.0095,,,,0.791,,,,,
11.271,ROTATION_SCAN,0.1067,0.0295,0.327,47.78,0.12,1.41,15.0,0.0172,0.014,-0.0053,,,,0.78,,,,,
11.33,ROTATION_SCAN,0.1116,0.0312,0.328,48.27,-0.12,1.61,15.0,0.0201,0.0064,-0.0227,,,,0.78,,,,,
11.364,ROTATION_SCAN,0.1163,0.0297,0.327,48.85,-0.41,1.65,15.0,0.0166,-0.0046,-0.0209,,,,0.768,,,,,
11.414,ROTATION_SCAN,0.1199,0.0283,0.325,49.5,-0.83,1.6,15.0,0.0107,-0.0119,-0.0243,,,,0.768,,,,,
11.477,ROTATION_SCAN,0.1215,0.0279,0.325,50.29,-1.1,1.53,15.0,0.0007,-0.0178,-0.0297,,,,0.761,,,,,
11.531,ROTATION_SCAN,0.1226,0.0238,0.321,51.16,-1.27,1.37,15.0,-0.0127,-0.0312,-0.0279,,,,0.761,,,,,
11.569,ROTATION_SCAN,0.1235,0.021,0.323,52.05,-1.29,1.14,15.0,-0.0245,-0.0328,-0.0321,,,,0.746,,,,,
11.624,ROTATION_SCAN,0.1225,0.0191,0.324,52.99,-1.21,1.04,15.0,-0.0377,-0.0341,-0.0194,,,,0.746,,,,,
11.663,ROTATION_SCAN,0.1168,0.0157,0.321,53.95,-1.05,0.92,15.0,-0.0599,-0.0428,-0.014,,,,0.736,,,,,
11.729,ROTATION_SCAN,0.1125,0.012,0.32,54.89,-1.16,0.66,15.0,-0.0722,-0.043,-0.0226,,,,0.736,,,,,
11.796,ROTATION_SCAN,0.1099,0.008,0.314,55.75,-1.09,0.31,15.0,-0.0783,-0.0453,-0.0222,,,,0.723,,,,,
11.826,ROTATION_SCAN,0.107,0.0054,0.315,56.69,-0.95,0.02,15.0,-0.0898,-0.0452,-0.0334,,,,0.723,,,,,
11.885,ROTATION_SCAN,0.1038,0.0049,0.314,57.62,-0.67,-0.26,15.0,-0.0904,-0.0337,-0.0239,,,,0.711,,,,,
11.919,ROTATION_SCAN,0.0992,0.0033,0.314,58.56,-0.63,-0.58,15.0,-0.0915,-0.0275,-0.0203,,,,0.711,,,,,
11.964,ROTATION_SCAN,0.0944,0.0025,0.316,59.45,-0.43,-0.67,15.0,-0.0937,-0.0205,-0.0156,,,,0.706,,,,,
12.021,ROTATION_SCAN,0.0909,0.0042,0.314,60.31,-0.09,-0.76,15.0,-0.0921,-0.0081,-0.0018,,,,0.706,,,,,
12.094,ROTATION_SCAN,0.0893,0.0045,0.317,61.08,0.51,-0.75,15.0,-0.0801,0.001,-0.0033,,,,0.697,,,,,
12.113,ROTATION_SCAN,0.0862,0.0058,0.314,61.75,0.63,-0.71,15.0,-0.0689,0.0055,0.0033,,,,0.697,,,,,
12.164,ROTATION_SCAN,0.0836,0.0087,0.316,62.35,0.92,-0.54,15.0,-0.0608,0.0117,-0.0029,,,,0.69,,,,,
12.215,ROTATION_SCAN,0.0813,0.0114,0.316,62.83,0.95,-0.27,15.0,-0.0489,0.0166,0.0005,,,,0.69,,,,,
12.276,ROTATION_SCAN,0.0826,0.0149,0.315,63.26,1.11,-0.06,15.0,-0.0314,0.0221,0.0001,,,,0.691,,,,,
12.314,ROTATION_SCAN,0.0823,0.0184,0.315,63.67,1.17,0.21,15.0,-0.0194,0.0265,-0.0045,,,,0.691,,,,,
12.376,ROTATION_SCAN,0.0857,0.0212,0.316,64.16,1.11,0.62,15.0,-0.004,0.0206,-0.0049,,,,0.684,,,,,
12.417,ROTATION_SCAN,0.0871,0.0244,0.315,64.7,0.94,0.81,15.0,0.0052,0.0158,-0.0052,,,,0.684,,,,,
12.471,ROTATION_SCAN,0.0912,0.0264,0.312,65.29,0.6,0.92,15.0,0.0162,0.0123,-0.0091,,,,0.673,,,,,
12.515,ROTATION_SCAN,0.0947,0.0267,0.314,65.88,0.33,0.99,15.0,0.0278,0.0011,-0.0147,,,,0.673,,,,,
12.565,ROTATION_SCAN,0.0987,0.0279,0.311,66.49,-0.18,1.01,15.0,0.0307,-0.0062,-0.0099,,,,0.661,,,,,
12.634,ROTATION_SCAN,0.1046,0.0271,0.312,67.08,-0.48,0.97,15.0,0.0351,-0.0118,-0.0152,,,,0.661,,,,,
12.693,ROTATION_SCAN,0.1085,0.0278,0.312,67.76,-0.87,0.97,15.0,0.0325,-0.0158,-0.0113,,,,0.653,,,,,
12.736,ROTATION_SCAN,0.113,0.0268,0.314,68.42,-1.14,0.92,15.0,0.0278,-0.0198,-0.0081,,,,0.653,,,,,
12.776,ROTATION_SCAN,0.1158,0.0286,0.312,69.16,-1.5,1.05,15.0,0.019,-0.0165,-0.0071,,,,0.639,,,,,
12.816,ROTATION_SCAN,0.1194,0.0283,0.312,69.98,-1.56,0.86,15.0,0.0087,-0.0169,-0.0073,,,,0.639,,,,,
12.867,ROTATION_SCAN,0.1185,0.028,0.314,70.88,-1.73,0.93,15.0,-0.0024,-0.0206,-0.0105,,1.476,,0.628,,,,,
12.939,ROTATION_SCAN,0.1222,0.0269,0.312,71.84,-1.85,0.7,15.0,-0.011,-0.021,-0.0061,,1.476,,0.628,,,,,
12.982,ROTATION_SCAN,0.1228,0.0264,0.31,72.83,-2.04,0.6,15.0,-0.0263,-0.0207,-0.0104,,1.471,,0.621,,,,,
13.029,ROTATION_SCAN,0.1191,0.0261,0.311,73.91,-2.0,0.56,15.0,-0.0482,-0.0148,-0.0156,,1.471,,0.621,,,,,
13.067,ROTATION_SCAN,0.1203,0.0277,0.31,74.98,-1.77,0.47,15.0,-0.0622,-0.0108,-0.0101,2.418,1.452,,0.622,,,,,
13.118,ROTATION_SCAN,0.1152,0.0306,0.307,76.05,-1.53,0.43,15.0,-0.0763,-0.0031,-0.0127,2.418,1.452,,0.622,,,,,
13.194,ROTATION_SCAN,0.1128,0.0314,0.311,77.12,-1.22,0.54,15.0,-0.0849,-0.0033,-0.0182,,1.444,,0.621,,,,,
13.225,ROTATION_SCAN,0.1095,0.0331,0.307,78.18,-0.97,0.52,15.0,-0.0904,-0.0025,-0.0036,,1.444,,0.621,,,,,
13.279,ROTATION_SCAN,0.1066,0.0356,0.308,79.25,-0.55,0.51,15.0,-0.0942,0.0007,-0.0079,2.369,1.438,,0.622,,,,,
13.321,ROTATION_SCAN,0.1039,0.0376,0.306,80.16,-0.34,0.75,15.0,-0.0995,0.0042,-0.0068,2.369,1.438,,0.622,,,,,
13.38,ROTATION_SCAN,0.0976,0.0395,0.308,81.03,-0.32,0.79,15.0,-0.1026,-0.0003,-0.0076,2.369,1.433,1.125,0.629,,,,,
13.414,ROTATION_SCAN,0.0914,0.0416,0.305,81.88,-0.17,0.82,15.0,-0.1058,0.0003,-0.0028,2.369,1.433,1.125,0.629,,,,,
13.482,ROTATION_SCAN,0.0873,0.0425,0.307,82.73,0.15,0.91,15.0,-0.1082,-0.0075,-0.0067,2.334,1.429,1.107,0.645,,,,,
13.514,ROTATION_SCAN,0.0823,0.0429,0.308,83.58,0.29,0.83,15.0,-0.1046,-0.0119,-0.0006,2.334,1.429,1.107,0.645,,,,,
13.571,ROTATION_SCAN,0.0779,0.0438,0.307,84.46,0.5,0.75,15.0,-0.1,-0.0166,0.0034,2.335,1.426,1.106,0.66,,,,,
13.671,ROTATION_SCAN,0.0769,0.0452,0.309,85.36,0.79,0.92,15.0,-0.0896,-0.0217,0.0031,2.335,1.426,1.106,0.66,,,,,
13.677,ROTATION_SCAN,0.0716,0.0418,0.313,86.27,0.84,0.88,15.0,-0.0812,-0.0282,0.0087,2.344,1.424,1.089,0.682,,,,,
13.713,ROTATION_SCAN,0.0681,0.0394,0.313,87.11,1.02,0.89,15.0,-0.0742,-0.0402,0.0163,2.344,1.424,1.089,0.682,,,,,
13.787,ROTATION_SCAN,0.0644,0.0366,0.31,87.87,0.93,0.77,15.0,-0.0666,-0.0497,0.0114,2.341,1.425,1.078,0.71,,,,,
13.813,ROTATION_SCAN,0.0613,0.034,0.312,88.6,0.85,0.66,15.0,-0.0592,-0.056,0.0019,2.341,1.425,1.078,0.71,,,,,
13.879,ROTATION_SCAN,0.0585,0.0311,0.31,89.28,0.89,0.49,15.0,-0.0502,-0.06,0.0056,2.349,1.423,1.08,0.737,,,,,
13.917,ROTATION_SCAN,0.0559,0.026,0.311,89.9,0.85,0.1,15.0,-0.0416,-0.0699,0.001,2.349,1.423,1.08,0.737,,,,,
13.971,ROTATION_SCAN,0.0575,0.0236,0.312,90.41,0.89,-0.0,15.0,-0.0295,-0.0667,0.003,2.347,1.42,1.078,,,,,,
14.013,ROTATION_SCAN,0.0563,0.0224,0.312,90.95,0.89,-0.24,15.0,-0.0215,-0.061,0.0053,2.347,1.42,1.078,,,,,,
14.074,ROTATION_SCAN,0.057,0.0183,0.309,91.54,0.86,-0.28,15.0,-0.0093,-0.059,0.0034,2.357,1.419,1.08,,,,,,
14.159,NAV_TO_LANDING,0.0592,0.0172,0.31,92.12,0.62,-0.46,15.0,0.0045,-0.0457,-0.0048,2.357,1.419,1.08,,,,,1.14,-1.24
14.333,NAV_TO_LANDING,0.0639,0.0182,0.312,92.65,0.44,-0.49,-0.0,0.0186,-0.0301,-0.0004,2.354,1.422,1.08,,,,,1.14,-1.24
14.395,NAV_WAYPOINT,0.0677,0.0247,0.313,93.18,0.3,-0.46,-0.0,0.0253,-0.0197,0.0046,2.354,1.422,1.08,,,0.04,-1.24,1.14,-1.24
14.419,NAV_WAYPOINT,0.0699,0.0248,0.312,93.58,-0.05,-0.31,-0.0,0.0287,-0.0138,0.0029,2.366,1.428,1.087,1.947,,0.04,-1.24,1.14,-1.24
14.426,NAV_WAYPOINT,0.073,0.0265,0.314,93.83,-0.35,-0.2,-0.0,0.029,-0.0046,-0.0014,2.366,1.428,1.087,1.947,,0.04,-1.24,1.14,-1.24
14.454,NAV_WAYPOINT,0.0738,0.0296,0.314,93.98,-0.62,-0.07,-0.0,0.0254,0.001,-0.0005,2.364,1.431,1.096,2.02,,0.04,-1.24,1.14,-1.24
14.464,NAV_WAYPOINT,0.0753,0.0307,0.313,94.08,-0.74,-0.06,-0.0,0.0233,0.0029,-0.0039,2.364,1.431,1.096,2.02,,0.04,-1.24,1.14,-1.24
14.488,NAV_WAYPOINT,0.0792,0.0329,0.311,94.07,-0.75,0.13,-0.0,0.0204,0.0072,-0.0093,2.376,1.434,1.099,,,0.04,-1.24,1.14,-1.24
14.516,NAV_WAYPOINT,0.0788,0.0341,0.314,94.03,-0.78,1.89,-0.0,0.0096,0.0025,-0.0109,2.376,1.434,1.099,,,0.04,-1.24,1.14,-1.24
14.582,NAV_WAYPOINT,0.076,0.0367,0.314,93.9,-0.63,3.77,-0.0,-0.0014,-0.0133,-0.0071,2.362,1.436,1.095,2.043,,0.04,-1.24,1.14,-1.24
14.633,NAV_WAYPOINT,0.0749,0.038,0.311,93.76,-0.69,4.84,-0.0,-0.0066,-0.0463,-0.0073,2.362,1.436,1.095,2.043,,0.04,-1.24,1.14,-1.24
14.678,NAV_WAYPOINT,0.0732,0.0341,0.311,93.68,-0.42,5.22,-0.0,-0.0092,-0.0877,-0.0163,2.367,1.435,1.102,1.988,,0.04,-1.24,1.14,-1.24
14.715,NAV_WAYPOINT,0.0724,0.0307,0.31,93.54,-0.22,5.27,-0.0,-0.0132,-0.1324,-0.0152,2.367,1.435,1.102,1.988,,0.04,-1.24,1.14,-1.24
14.772,NAV_WAYPOINT,0.0705,0.0206,0.31,93.44,0.06,4.99,-0.0,-0.0097,-0.1787,-0.0173,2.381,1.433,1.094,,,0.04,-1.24,1.14,-1.24
14.845,NAV_WAYPOINT,0.072,0.0096,0.303,93.29,0.18,4.36,-0.0,-0.0041,-0.2215,-0.0155,2.381,1.433,1.094,,,0.04,-1.24,1.14,-1.24
14.873,NAV_WAYPOINT,0.0725,-0.003,0.304,93.09,0.14,3.44,-0.0,-0.0053,-0.2528,-0.0299,2.396,1.414,1.095,,,0.04,-1.24,1.14,-1.24
14.931,NAV_WAYPOINT,0.0713,-0.0178,0.304,92.83,-0.05,2.6,-0.0,0.0003,-0.2902,-0.0231,2.396,1.414,1.095,,,0.04,-1.24,1.14,-1.24
14.975,NAV_WAYPOINT,0.0737,-0.0319,0.302,92.53,-0.09,1.71,-0.0,0.0059,-0.309,-0.0163,2.421,1.379,1.09,,,0.04,-1.24,1.14,-1.24
15.033,NAV_WAYPOINT,0.0761,-0.0499,0.304,92.25,-0.16,0.97,-0.0,0.0126,-0.3192,-0.0182,2.421,1.379,1.09,,,0.04,-1.24,1.14,-1.24
15.063,NAV_WAYPOINT,0.0779,-0.0651,0.303,91.93,-0.41,0.61,-0.0,0.0105,-0.3233,-0.01,2.438,1.349,1.094,0.652,,0.04,-1.24,1.14,-1.24
15.133,NAV_WAYPOINT,0.0778,-0.0788,0.3,91.67,-0.4,0.1,-0.0,0.0056,-0.3205,-0.0102,2.438,1.349,1.094,0.652,,0.04,-1.24,1.14,-1.24
15.168,NAV_WAYPOINT,0.0755,-0.0942,0.297,91.38,-0.53,-0.26,-0.0,-0.0015,-0.323,-0.0162,2.465,1.324,1.092,0.639,,0.04,-1.24,1.14,-1.24
15.228,NAV_WAYPOINT,0.0757,-0.1069,0.3,91.13,-0.56,-0.44,-0.0,-0.0064,-0.3123,-0.0204,2.465,1.324,1.092,0.639,,0.04,-1.24,1.14,-1.24
15.266,NAV_WAYPOINT,0.0748,-0.1216,0.304,90.9,-0.56,-0.45,-0.0,-0.0125,-0.3009,-0.0124,2.485,1.29,1.093,0.634,,0.04,-1.24,1.14,-1.24
15.324,NAV_WAYPOINT,0.0753,-0.1332,0.316,90.7,-0.64,-0.44,-0.0,-0.0131,-0.2903,-0.001,2.485,1.29,1.093,0.634,,0.04,-1.24,1.14,-1.24
15.363,NAV_WAYPOINT,0.0748,-0.1449,0.323,90.62,-0.61,-0.42,-0.0,-0.0205,-0.2804,0.0211,2.504,1.268,1.094,0.638,,0.04,-1.24,1.14,-1.24
15.428,NAV_WAYPOINT,0.0727,-0.1563,0.332,90.65,-0.54,-0.13,-0.0,-0.0289,-0.2737,0.0344,2.504,1.268,1.094,0.638,,0.04,-1.24,1.14,-1.24
15.507,NAV_WAYPOINT,0.0698,-0.1699,0.337,90.82,-0.4,0.16,-0.0,-0.0343,-0.2721,0.0397,2.544,1.245,1.102,0.641,,0.04,-1.24,1.14,-1.24
15.525,NAV_WAYPOINT,0.0671,-0.1828,0.353,91.05,-0.11,0.32,-0.0,-0.0374,-0.2708,0.0364,2.544,1.245,1.102,0.641,,0.04,-1.24,1.14,-1.24
15.563,NAV_WAYPOINT,0.0646,-0.1957,0.366,91.33,0.06,0.48,-0.0,-0.0382,-0.2722,0.0494,2.567,1.217,1.096,0.647,,0.04,-1.24,1.14,-1.24
15.619,NAV_WAYPOINT,0.0618,-0.2082,0.375,91.67,0.47,0.57,-0.0,-0.0391,-0.2728,0.0561,2.567,1.217,1.096,0.647,,0.04,-1.24,1.14,-1.24
15.668,NAV_WAYPOINT,0.0605,-0.2214,0.367,91.86,0.6,0.66,-0.0,-0.0349,-0.2766,0.0403,2.594,1.197,,0.649,,0.04,-1.24,1.14,-1.24
15.74,NAV_WAYPOINT,0.059,-0.2326,0.35,92.0,0.64,0.7,-0.0,-0.0287,-0.2766,-0.0116,2.594,1.197,,0.649,,0.04,-1.24,1.14,-1.24
15.787,NAV_WAYPOINT,0.0568,-0.2448,0.345,92.09,0.63,0.79,-0.0,-0.0228,-0.2798,-0.0799,2.601,1.175,,0.654,,0.04,-1.24,1.14,-1.24
15.842,NAV_WAYPOINT,0.057,-0.2586,0.324,92.08,0.38,0.95,-0.0,-0.0185,-0.2808,-0.1028,2.601,1.175,,0.654,,0.04,-1.24,1.14,-1.24
15.877,NAV_WAYPOINT,0.0558,-0.272,0.311,92.17,0.2,0.76,-0.0,-0.0178,-0.2866,-0.1467,2.632,1.148,,0.654,,0.04,-1.24,1.14,-1.24
15.917,NAV_WAYPOINT,0.0538,-0.2843,0.298,92.27,0.0,0.5,-0.0,-0.0215,-0.2867,-0.1568,2.632,1.148,,0.654,,0.04,-1.24,1.14,-1.24
15.962,NAV_WAYPOINT,0.0517,-0.296,0.283,92.38,-0.09,0.42,-0.0,-0.0212,-0.2891,-0.1552,,1.127,,0.656,,0.04,-1.24,1.14,-1.24
16.047,NAV_WAYPOINT,0.0514,-0.3075,0.271,92.49,0.09,0.43,-0.0,-0.0231,-0.2859,-0.1547,,1.127,,0.656,,0.04,-1.24,1.14,-1.24
16.073,NAV_WAYPOINT,0.0487,-0.3206,0.263,92.65,0.18,0.46,-0.0,-0.0209,-0.2797,-0.1424,,1.102,,0.651,,0.04,-1.24,1.14,-1.24
16.129,NAV_WAYPOINT,0.0469,-0.332,0.257,92.81,0.24,0.43,-0.0,-0.0205,-0.2765,-0.1146,,1.102,,0.651,,0.04,-1.24,1.14,-1.24
16.174,NAV_WAYPOINT,0.0469,-0.3427,0.256,93.04,0.33,0.47,-0.0,-0.0169,-0.2727,-0.0916,2.712,1.08,,0.655,,0.04,-1.24,1.14,-1.24
16.237,NAV_WAYPOINT,0.0461,-0.3525,0.252,93.28,0.38,0.5,-0.0,-0.0128,-0.2764,-0.0578,2.712,1.08,,0.655,,0.04,-1.24,1.14,-1.24
16.263,NAV_WAYPOINT,0.0454,-0.3642,0.252,93.52,0.37,0.58,-0.0,-0.0082,-0.2753,-0.035,,1.06,,0.658,,0.04,-1.24,1.14,-1.24
16.336,NAV_WAYPOINT,0.0456,-0.3768,0.25,93.66,0.58,0.8,-0.0,-0.0029,-0.2744,-0.0027,,1.06,,0.658,,0.04,-1.24,1.14,-1.24
16.396,NAV_WAYPOINT,0.0456,-0.3894,0.256,93.71,0.65,1.11,-0.0,0.0026,-0.2756,0.0102,,1.038,,0.659,,0.04,-1.24,1.14,-1.24
16.428,NAV_WAYPOINT,0.0471,-0.401,0.257,93.6,0.45,1.12,-0.0,0.011,-0.2762,0.0376,,1.038,,0.659,,0.04,-1.24,1.14,-1.24
16.467,NAV_WAYPOINT,0.0479,-0.4136,0.256,93.61,0.34,0.72,-0.0,0.0151,-0.283,0.0461,,1.011,,0.655,,0.04,-1.24,1.14,-1.24
16.524,NAV_WAYPOINT,0.0488,-0.4257,0.264,93.52,0.17,0.71,-0.0,0.0189,-0.2867,0.0482,,1.011,,0.655,,0.04,-1.24,1.14,-1.24
16.563,NAV_WAYPOINT,0.0498,-0.4386,0.267,93.41,0.12,0.77,-0.0,0.022,-0.2873,0.0719,2.809,0.984,,0.652,,0.04,-1.24,1.14,-1.24
16.623,NAV_WAYPOINT,0.0519,-0.4524,0.269,93.33,0.21,0.91,-0.0,0.0262,-0.2912,0.0745,2.809,0.984,,0.652,,0.04,-1.24,1.14,-1.24
16.691,NAV_WAYPOINT,0.0538,-0.4654,0.278,93.08,0.01,0.91,-0.0,0.027,-0.2936,0.0702,2.836,0.963,,0.64,,0.04,-1.24,1.14,-1.24
16.724,NAV_WAYPOINT,0.0558,-0.4796,0.276,92.84,-0.27,0.95,-0.0,0.0283,-0.2989,0.0791,2.836,0.963,,0.64,,0.04,-1.24,1.14,-1.24
16.783,NAV_WAYPOINT,0.0574,-0.4936,0.277,92.77,-0.4,0.71,-0.0,0.0274,-0.3085,0.0626,,0.939,,0.63,,0.04,-1.24,1.14,-1.24
16.821,NAV_WAYPOINT,0.0582,-0.5083,0.28,92.66,-0.48,0.66,-0.0,0.0243,-0.3097,0.0506,,0.939,,0.63,,0.04,-1.24,1.14,-1.24
16.862,NAV_WAYPOINT,0.0595,-0.5227,0.282,92.65,-0.57,0.58,-0.0,0.0194,-0.3119,0.0512,,0.909,,0.628,,0.04,-1.24,1.14,-1.24
16.92,NAV_WAYPOINT,0.0606,-0.5391,0.286,92.7,-0.58,0.52,-0.0,0.0155,-0.3157,0.045,,0.909,,0.628,,0.04,-1.24,1.14,-1.24
16.984,NAV_WAYPOINT,0.0612,-0.5541,0.288,92.71,-0.57,0.39,-0.0,0.0107,-0.316,0.0453,,0.88,,0.631,,0.04,-1.24,1.14,-1.24
17.017,NAV_WAYPOINT,0.0614,-0.5691,0.294,92.74,-0.54,0.1,-0.0,0.0045,-0.3168,0.0431,,0.88,,0.631,,0.04,-1.24,1.14,-1.24
17.072,NAV_WAYPOINT,0.061,-0.5845,0.293,92.72,-0.43,0.09,-0.0,-0.0011,-0.3195,0.0455,,0.849,,0.628,,0.04,-1.24,1.14,-1.24
17.118,NAV_WAYPOINT,0.0599,-0.5981,0.296,92.68,-0.08,-0.03,-0.0,-0.0057,-0.3152,0.0353,,0.849,,0.628,,0.04,-1.24,1.14,-1.24
17.171,NAV_WAYPOINT,0.0601,-0.6148,0.298,92.54,0.29,0.17,-0.0,-0.0041,-0.3127,0.0351,,0.818,,0.625,,0.04,-1.24,1.14,-1.24
17.238,NAV_WAYPOINT,0.0597,-0.6307,0.3,92.41,0.26,-0.01,-0.0,-0.0025,-0.3155,0.031,,0.818,,0.625,,0.04,-1.24,1.14,-1.24
17.286,NAV_WAYPOINT,0.0603,-0.6454,0.3,92.22,-0.07,-0.37,-0.0,0.0004,-0.3103,0.0246,,0.79,,0.618,,0.04,-1.24,1.14,-1.24
17.314,NAV_WAYPOINT,0.0609,-0.6593,0.304,92.11,-0.17,-0.38,-0.0,0.0015,-0.3075,0.0167,,0.79,,0.618,,0.04,-1.24,1.14,-1.24
17.366,NAV_WAYPOINT,0.0609,-0.6734,0.304,92.16,-0.27,-0.38,-0.0,0.0009,-0.2992,0.0168,3.025,0.76,,0.609,,0.04,-1.24,1.14,-1.24
17.412,NAV_WAYPOINT,0.0616,-0.6888,0.302,92.22,-0.21,-0.29,-0.0,-0.0007,-0.2967,0.0152,3.025,0.76,,0.609,,0.04,-1.24,1.14,-1.24
17.493,NAV_WAYPOINT,0.0619,-0.7032,0.305,92.21,-0.03,0.02,-0.0,-0.0008,-0.2906,0.0092,,0.734,,0.61,,0.04,-1.24,1.14,-1.24
17.529,NAV_WAYPOINT,0.0617,-0.718,0.305,92.28,0.08,0.32,-0.0,-0.0009,-0.2922,0.0134,,0.734,,0.61,,0.04,-1.24,1.14,-1.24
17.585,NAV_WAYPOINT,0.0632,-0.7313,0.307,92.36,0.29,0.53,-0.0,0.006,-0.2978,0.0111,,0.706,,0.615,,0.04,-1.24,1.14,-1.24
17.63,NAV_WAYPOINT,0.0645,-0.7462,0.303,92.3,0.35,0.62,-0.0,0.0112,-0.3021,0.0153,,0.706,,0.615,,0.04,-1.24,1.14,-1.24
17.668,NAV_WAYPOINT,0.068,-0.7626,0.308,92.06,0.22,0.72,-0.0,0.0188,-0.3055,0.0041,,0.676,,0.626,,0.04,-1.24,1.14,-1.24
17.712,NAV_WAYPOINT,0.0701,-0.7783,0.309,91.72,-0.04,0.7,-0.0,0.024,-0.3117,0.0109,,0.676,,0.626,,0.04,-1.24,1.14,-1.24
17.788,NAV_WAYPOINT,0.0732,-0.7931,0.308,91.37,-0.31,0.46,-0.0,0.0277,-0.319,0.0066,,0.646,,0.655,,0.04,-1.24,1.14,-1.24
17.825,NAV_WAYPOINT,0.0759,-0.8101,0.309,91.02,-0.68,0.31,-0.0,0.0294,-0.3261,-0.0019,,0.646,,0.655,,0.04,-1.24,1.14,-1.24
17.874,NAV_WAYPOINT,0.0787,-0.826,0.308,90.71,-0.75,0.03,-0.0,0.0256,-0.3306,-0.0009,,0.615,,0.79,,0.04,-1.24,1.14,-1.24
17.926,NAV_WAYPOINT,0.0819,-0.8428,0.306,90.48,-0.75,-0.03,-0.0,0.0229,-0.3316,-0.0053,,0.615,,0.79,,0.04,-1.24,1.14,-1.24
17.968,NAV_WAYPOINT,0.0841,-0.8619,0.311,90.35,-0.93,-0.13,-0.0,0.0189,-0.326,-0.0097,,0.583,,,,0.04,-1.24,1.14,-1.24
18.012,NAV_WAYPOINT,0.0859,-0.8771,0.31,90.26,-0.95,-0.37,-0.0,0.0163,-0.3252,0.0018,,0.583,,,,0.04,-1.24,1.14,-1.24
18.086,NAV_WAYPOINT,0.0886,-0.8928,0.307,90.01,-0.89,-0.42,-0.0,0.0105,-0.3192,-0.0005,,0.553,,,,0.04,-1.24,1.14,-1.24
18.113,NAV_WAYPOINT,0.0885,-0.908,0.307,89.64,-1.16,-0.57,-0.0,0.0041,-0.3188,-0.0115,,0.553,,,,0.04,-1.24,1.14,-1.24
18.179,NAV_WAYPOINT,0.0902,-0.9222,0.309,89.13,-1.26,-0.53,-0.0,-0.0031,-0.3107,-0.0064,,0.525,,2.537,,0.04,-1.24,1.14,-1.24
18.221,NAV_WAYPOINT,0.0911,-0.9376,0.31,88.6,-1.27,-0.62,-0.0,-0.0103,-0.2983,0.0012,,0.525,,2.537,,0.04,-1.24,1.14,-1.24
18.282,NAV_WAYPOINT,0.0926,-0.9509,0.307,88.12,-1.25,-0.39,-0.0,-0.017,-0.2905,0.0007,,0.497,,,,0.04,-1.24,1.14,-1.24
18.312,NAV_WAYPOINT,0.093,-0.9638,0.308,87.64,-1.23,0.0,-0.0,-0.0243,-0.2853,-0.0027,,0.497,,,,0.04,-1.24,1.14,-1.24
18.374,NAV_WAYPOINT,0.0905,-0.9763,0.306,87.27,-1.14,0.18,-0.0,-0.0382,-0.2856,-0.0012,,0.474,,,,0.04,-1.24,1.14,-1.24
18.437,NAV_WAYPOINT,0.0897,-0.9893,0.305,86.91,-1.06,0.22,-0.0,-0.0451,-0.2855,-0.0041,,0.474,,,,0.04,-1.24,1.14,-1.24
18.475,NAV_WAYPOINT,0.0879,-1.0028,0.305,86.71,-1.0,0.17,-0.0,-0.0521,-0.2833,-0.0079,,0.443,,,,0.04,-1.24,1.14,-1.24
18.534,NAV_WAYPOINT,0.0843,-1.0173,0.308,86.64,-0.81,0.15,-0.0,-0.0629,-0.2792,-0.007,,0.443,,,,0.04,-1.24,1.14,-1.24
18.567,NAV_WAYPOINT,0.0811,-1.0279,0.306,86.58,-0.59,0.12,-0.0,-0.0667,-0.277,0.0004,,0.425,,,,0.04,-1.24,1.14,-1.24
18.612,NAV_WAYPOINT,0.0787,-1.041,0.307,86.62,-0.41,0.08,-0.0,-0.0699,-0.2739,-0.0035,,0.425,,,,0.04,-1.24,1.14,-1.24
18.671,NAV_WAYPOINT,0.0761,-1.0535,0.309,86.75,-0.29,0.03,-0.0,-0.0705,-0.2748,-0.0013,,0.399,,1.713,,0.04,-1.24,1.14,-1.24
18.737,NAV_WAYPOINT,0.0732,-1.0661,0.307,86.94,-0.1,0.14,-0.0,-0.0728,-0.2691,0.0041,,0.399,,1.713,,0.04,-1.24,1.14,-1.24
18.767,NAV_WAYPOINT,0.0688,-1.0793,0.306,87.14,-0.06,0.14,-0.0,-0.0721,-0.2671,-0.0034,,0.373,,1.723,,0.04,-1.24,1.14,-1.24
18.83,NAV_WAYPOINT,0.0657,-1.0907,0.305,87.33,0.02,0.27,-0.0,-0.0725,-0.2657,-0.0077,,0.373,,1.723,,0.04,-1.24,1.14,-1.24
18.868,NAV_WAYPOINT,0.0636,-1.103,0.305,87.54,0.1,0.38,-0.0,-0.0691,-0.2672,-0.01,,0.347,,,,0.04,-1.24,1.14,-1.24
18.925,NAV_WAYPOINT,0.0622,-1.1162,0.305,87.75,0.19,0.62,-0.0,-0.0645,-0.2741,-0.0077,,0.347,,,,0.04,-1.24,1.14,-1.24
18.963,NAV_WAYPOINT,0.0592,-1.1294,0.307,87.97,0.27,0.75,-0.0,-0.0613,-0.2756,-0.0084,,0.324,,,,0.04,-1.24,1.14,-1.24
19.028,NAV_WAYPOINT,0.057,-1.1415,0.309,88.19,0.3,0.81,-0.0,-0.0558,-0.276,-0.0004,,0.324,,,,0.04,-1.24,1.14,-1.24
19.066,NAV_WAYPOINT,0.0545,-1.154,0.307,88.39,0.38,0.85,-0.0,-0.056,-0.2803,0.0049,,0.301,,1.694,,0.04,-1.24,1.14,-1.24
19.125,NAV_WAYPOINT,0.052,-1.166,0.303,88.52,0.24,0.72,-0.0,-0.0505,-0.2805,-0.0056,,0.301,,1.694,,0.04,-1.24,1.14,-1.24
19.165,NAV_WAYPOINT,0.0495,-1.1781,0.304,88.62,0.18,0.64,-0.0,-0.0465,-0.288,-0.0154,,0.277,,1.688,,0.04,-1.24,1.14,-1.24
19.218,NAV_WAYPOINT,0.0488,-1.1913,0.302,88.56,0.26,0.18,-0.0,-0.0439,-0.2877,-0.0103,,0.277,,1.688,,0.04,-1.24,1.14,-1.24
19.261,NAV_WAYPOINT,0.0475,-1.2032,0.306,88.36,0.23,-0.42,-0.0,-0.0381,-0.28,-0.014,,0.25,,1.683,,0.04,-1.24,1.14,-1.24
19.333,NAV_WAYPOINT,0.0458,-1.2173,0.301,88.11,0.2,-1.11,-0.0,-0.035,-0.2709,-0.0036,,0.25,,1.683,,1.14,-1.24,1.14,-1.24
19.365,NAV_WAYPOINT,0.044,-1.2284,0.304,87.72,0.31,-1.75,-0.0,-0.0325,-0.2512,-0.0125,,0.224,,1.651,,1.14,-1.24,1.14,-1.24
19.424,NAV_WAYPOINT,0.0428,-1.2391,0.304,87.34,0.38,-2.34,-0.0,-0.0277,-0.2307,-0.004,,0.224,,1.651,,1.14,-1.24,1.14,-1.24
19.467,NAV_WAYPOINT,0.0414,-1.2481,0.303,86.78,1.06,-2.98,-0.0,-0.0239,-0.2094,-0.0063,,0.2,,1.634,,1.14,-1.24,1.14,-1.24
19.522,NAV_WAYPOINT,0.0398,-1.2536,0.301,86.25,3.02,-3.72,-0.0,-0.0071,-0.1726,-0.0096,,0.2,,1.634,,1.14,-1.24,1.14,-1.24
19.58,NAV_WAYPOINT,0.0382,-1.2617,0.298,85.76,4.08,-3.69,-0.0,0.0207,-0.1431,-0.0163,,0.179,,1.625,,1.14,-1.24,1.14,-1.24
19.632,NAV_WAYPOINT,0.0387,-1.2686,0.3,85.29,4.63,-3.38,-0.0,0.0582,-0.1166,-0.0187,,0.179,,1.625,,1.14,-1.24,1.14,-1.24
19.681,NAV_WAYPOINT,0.0431,-1.2724,0.301,84.94,5.01,-3.1,-0.0,0.1013,-0.0883,-0.0144,,0.176,,1.613,,1.14,-1.24,1.14,-1.24
19.714,NAV_WAYPOINT,0.0488,-1.2751,0.3,84.59,4.9,-2.83,-0.0,0.144,-0.0637,-0.0097,,0.176,,1.613,,1.14,-1.24,1.14,-1.24
19.762,NAV_WAYPOINT,0.0574,-1.2756,0.3,84.34,4.3,-2.27,-0.0,0.1896,-0.0403,-0.0135,,0.183,,1.605,,1.14,-1.24,1.14,-1.24
19.817,NAV_WAYPOINT,0.0677,-1.2765,0.302,84.29,3.73,-1.82,-0.0,0.2268,-0.0242,-0.0086,,0.183,,1.605,,1.14,-1.24,1.14,-1.24
19.877,NAV_WAYPOINT,0.0788,-1.2767,0.296,84.17,3.22,-1.54,-0.0,0.2565,-0.0108,0.0016,,0.222,,1.585,,1.14,-1.24,1.14,-1.24
19.923,NAV_WAYPOINT,0.092,-1.2763,0.299,84.12,2.55,-1.16,-0.0,0.2784,-0.0008,-0.0063,,0.222,,1.585,,1.14,-1.24,1.14,-1.24
19.973,NAV_WAYPOINT,0.1055,-1.2772,0.303,84.22,1.88,-1.0,-0.0,0.2971,0.0066,-0.0034,,0.17,,1.564,,1.14,-1.24,1.14,-1.24
20.015,NAV_WAYPOINT,0.1172,-1.2745,0.301,84.33,0.93,-0.48,-0.0,0.3099,0.0149,0.006,,0.17,,1.564,,1.14,-1.24,1.14,-1.24
20.067,NAV_WAYPOINT,0.1324,-1.2734,0.3,84.69,0.46,-0.44,-0.0,0.3124,0.0188,-0.0052,,0.169,,1.54,,1.14,-1.24,1.14,-1.24
20.137,NAV_WAYPOINT,0.144,-1.2735,0.301,85.13,0.41,-0.43,-0.0,0.3079,0.0202,-0.0072,,0.169,,1.54,,1.14,-1.24,1.14,-1.24
20.166,NAV_WAYPOINT,0.158,-1.2724,0.301,85.51,-0.04,-0.09,-0.0,0.3061,0.0223,-0.0032,,0.18,,1.516,,1.14,-1.24,1.14,-1.24
20.225,NAV_WAYPOINT,0.1705,-1.2705,0.301,85.91,-0.37,-0.06,-0.0,0.2925,0.0235,-0.002,,0.18,,1.516,,1.14,-1.24,1.14,-1.24
20.278,NAV_WAYPOINT,0.1822,-1.2704,0.298,86.33,-0.19,-0.02,-0.0,0.288,0.0226,0.003,,0.193,,1.5,,1.14,-1.24,1.14,-1.24
20.327,NAV_WAYPOINT,0.1921,-1.2706,0.3,86.71,-0.34,0.25,-0.0,0.2741,0.0187,-0.0082,,0.193,,1.5,,1.14,-1.24,1.14,-1.24
20.362,NAV_WAYPOINT,0.2048,-1.2698,0.299,87.14,-0.11,0.13,-0.0,0.2712,0.0164,-0.0001,,0.196,,1.478,,1.14,-1.24,1.14,-1.24
20.426,NAV_WAYPOINT,0.2137,-1.2698,0.296,87.38,0.16,0.18,-0.0,0.26,0.0135,-0.0029,,0.196,,1.478,,1.14,-1.24,1.14,-1.24
20.495,NAV_WAYPOINT,0.2228,-1.2694,0.299,87.66,0.15,0.42,-0.0,0.2515,0.0107,-0.0109,,0.187,,1.478,,1.14,-1.24,1.14,-1.24
20.527,NAV_WAYPOINT,0.2339,-1.2686,0.299,87.91,0.29,0.57,-0.0,0.2445,0.0087,-0.0041,,0.187,,1.478,,1.14,-1.24,1.14,-1.24
20.566,NAV_WAYPOINT,0.2434,-1.2677,0.297,88.11,0.5,0.33,-0.0,0.2445,0.0047,-0.0009,,0.194,,1.45,,1.14,-1.24,1.14,-1.24
20.628,NAV_WAYPOINT,0.2528,-1.2683,0.298,88.26,0.64,0.29,-0.0,0.2421,0.0003,-0.0078,,0.194,,1.45,,1.14,-1.24,1.14,-1.24
20.661,NAV_WAYPOINT,0.2625,-1.2681,0.297,88.45,0.7,0.09,-0.0,0.2407,-0.0012,-0.0031,,0.22,,1.433,,1.14,-1.24,1.14,-1.24
20.742,NAV_WAYPOINT,0.2707,-1.2679,0.298,88.58,0.92,0.05,-0.0,0.2376,-0.0013,0.0001,,0.22,,1.433,,1.14,-1.24,1.14,-1.24
20.767,NAV_WAYPOINT,0.2804,-1.2672,0.297,88.7,0.85,-0.02,-0.0,0.2393,0.0001,0.001,,0.208,,1.425,,1.14,-1.24,1.14,-1.24
20.833,NAV_WAYPOINT,0.2901,-1.2667,0.299,88.76,0.9,-0.18,-0.0,0.2406,0.0017,-0.0035,,0.208,,1.425,,1.14,-1.24,1.14,-1.24
20.87,NAV_WAYPOINT,0.2997,-1.2664,0.297,88.81,0.9,0.0,-0.0,0.2416,0.0028,0.0035,,0.195,,1.409,,1.14,-1.24,1.14,-1.24
20.93,NAV_WAYPOINT,0.3095,-1.2658,0.299,88.86,0.81,0.09,-0.0,0.2423,0.0035,0.0011,,0.195,,1.409,,1.14,-1.24,1.14,-1.24
20.961,NAV_WAYPOINT,0.3221,-1.2644,0.299,88.94,0.81,-0.11,-0.0,0.2497,0.0064,0.0071,,0.201,,1.389,,1.14,-1.24,1.14,-1.24
21.033,NAV_WAYPOINT,0.3319,-1.2622,0.297,89.05,0.82,-0.09,-0.0,0.2461,0.0122,0.0061,,0.201,,1.389,,1.14,-1.24,1.14,-1.24
21.068,NAV_WAYPOINT,0.342,-1.2616,0.299,89.3,0.82,0.14,-0.0,0.2495,0.012,-0.0025,,0.208,,1.369,,1.14,-1.24,1.14,-1.24
21.136,NAV_WAYPOINT,0.3528,-1.261,0.299,89.54,0.96,0.23,-0.0,0.2525,0.0101,-0.0003,,0.208,,1.369,,1.14,-1.24,1.14,-1.24
21.168,NAV_WAYPOINT,0.3631,-1.2597,0.299,89.76,0.95,0.11,-0.0,0.2538,0.0109,-0.0003,,0.211,,1.364,,1.14,-1.24,1.14,-1.24
21.212,NAV_WAYPOINT,0.3752,-1.2584,0.299,90.0,1.1,-0.04,-0.0,0.2578,0.0117,-0.0016,,0.211,,1.364,,1.14,-1.24,1.14,-1.24
21.267,NAV_WAYPOINT,0.3872,-1.2568,0.301,90.25,0.75,0.16,-0.0,0.2628,0.0142,-0.002,,0.215,,1.357,,1.14,-1.24,1.14,-1.24
21.329,NAV_WAYPOINT,0.3985,-1.2545,0.299,90.53,0.7,0.09,-0.0,0.2627,0.0149,0.0061,,0.215,,1.357,,1.14,-1.24,1.14,-1.24
21.4,NAV_WAYPOINT,0.409,-1.254,0.299,90.74,0.64,0.25,-0.0,0.2679,0.0155,0.0014,,0.22,,1.33,,1.14,-1.24,1.14,-1.24
21.436,NAV_WAYPOINT,0.4203,-1.2533,0.299,91.05,0.5,0.17,-0.0,0.265,0.0136,0.0054,,0.22,,1.33,,1.14,-1.24,1.14,-1.24
21.479,NAV_WAYPOINT,0.4321,-1.2522,0.299,91.39,0.56,-0.01,-0.0,0.2657,0.0133,0.0033,,0.233,,1.334,,1.14,-1.24,1.14,-1.24
21.533,NAV_WAYPOINT,0.4441,-1.2515,0.302,91.74,0.57,0.13,-0.0,0.2656,0.0127,0.0014,,0.233,,1.334,,1.14,-1.24,1.14,-1.24
21.561,NAV_WAYPOINT,0.4559,-1.2506,0.302,92.11,0.75,0.11,-0.0,0.2671,0.0129,0.0102,,,,,,1.14,-1.24,1.14,-1.24
21.622,NAV_WAYPOINT,0.4678,-1.2497,0.299,92.45,0.96,0.14,-0.0,0.2682,0.0128,0.0061,,,,,,1.14,-1.24,1.14,-1.24
21.7,NAV_WAYPOINT,0.4802,-1.2482,0.299,92.75,1.05,0.32,-0.0,0.2757,0.0139,-0.0016,,2.441,,1.314,,1.14,-1.24,1.14,-1.24
21.733,NAV_WAYPOINT,0.4922,-1.2471,0.308,93.1,1.06,0.22,-0.0,0.2815,0.0134,0.0018,,2.441,,1.314,,1.14,-1.24,1.14,-1.24
21.77,NAV_WAYPOINT,0.5061,-1.2464,0.304,93.4,1.12,0.21,-0.0,0.2851,0.0115,0.0218,,2.418,,1.274,,1.14,-1.24,1.14,-1.24
21.834,NAV_WAYPOINT,0.5192,-1.2458,0.307,93.66,1.05,0.34,-0.0,0.2918,0.0122,0.0126,,2.418,,1.274,,1.14,-1.24,1.14,-1.24
21.861,NAV_WAYPOINT,0.5342,-1.2446,0.306,93.94,0.87,0.26,-0.0,0.2984,0.0111,0.0157,,2.392,,1.265,,1.14,-1.24,1.14,-1.24
21.924,NAV_WAYPOINT,0.5481,-1.2437,0.302,94.22,0.61,0.18,-0.0,0.3081,0.0102,0.0164,,2.392,,1.265,,1.14,-1.24,1.14,-1.24
22.0,NAV_WAYPOINT,0.5618,-1.2436,0.303,94.53,0.43,0.25,-0.0,0.3098,0.0076,0.0041,,2.389,,,,1.14,-1.24,1.14,-1.24
22.028,NAV_WAYPOINT,0.576,-1.2434,0.304,94.75,0.25,0.35,-0.0,0.307,0.007,0.0061,,2.389,,,,1.14,-1.24,1.14,-1.24
22.077,NAV_WAYPOINT,0.5916,-1.2424,0.308,95.02,0.11,0.28,-0.0,0.3064,0.0048,0.0091,,2.361,,,,1.14,-1.24,1.14,-1.24
22.114,NAV_WAYPOINT,0.607,-1.2409,0.307,95.26,0.01,0.1,-0.0,0.3039,0.0055,0.0163,,2.361,,,,1.14,-1.24,1.14,-1.24
22.161,NAV_WAYPOINT,0.6202,-1.2392,0.304,95.43,-0.09,0.11,-0.0,0.3051,0.0083,0.011,,2.355,,1.233,,1.14,-1.24,1.14,-1.24
22.223,NAV_WAYPOINT,0.6335,-1.238,0.307,95.6,-0.11,-0.02,-0.0,0.3024,0.0103,0.0017,,2.355,,1.233,,1.14,-1.24,1.14,-1.24
22.306,NAV_WAYPOINT,0.6473,-1.2373,0.31,95.67,-0.16,-0.02,-0.0,0.2973,0.0104,0.0095,,2.345,,,,1.14,-1.24,1.14,-1.24
22.387,NAV_WAYPOINT,0.663,-1.2349,0.312,95.75,-0.17,0.05,-0.0,0.2919,0.0154,0.0094,,2.345,,,,1.14,-1.24,1.14,-1.24
22.405,NAV_WAYPOINT,0.6757,-1.2327,0.307,95.79,-0.12,0.19,-0.0,0.2841,0.0177,0.0047,,2.348,,,,1.14,-1.24,1.14,-1.24
22.413,NAV_WAYPOINT,0.6898,-1.2303,0.308,95.69,-0.1,0.31,-0.0,0.2831,0.0178,-0.0135,,2.348,,,,1.14,-1.24,1.14,-1.24
22.476,NAV_WAYPOINT,0.7015,-1.2286,0.31,95.49,0.0,0.42,-0.0,0.282,0.0188,-0.0128,,2.328,1.157,,,1.14,-1.24,1.14,-1.24
22.522,NAV_WAYPOINT,0.7146,-1.2269,0.312,95.26,-0.05,0.66,-0.0,0.2805,0.0167,-0.01,,2.328,1.157,,,1.14,-1.24,1.14,-1.24
22.582,NAV_WAYPOINT,0.7273,-1.2257,0.308,95.06,0.12,0.75,-0.0,0.2781,0.0105,-0.0113,,2.332,1.17,,,1.14,-1.24,1.14,-1.24
22.615,NAV_WAYPOINT,0.7414,-1.2242,0.304,94.86,0.27,0.91,-0.0,0.2748,0.0059,-0.0224,,2.332,1.17,,,1.14,-1.24,1.14,-1.24
22.662,NAV_WAYPOINT,0.7534,-1.224,0.305,94.67,0.46,0.93,-0.0,0.2742,-0.0008,-0.0334,0.435,2.335,1.184,,,1.14,-1.24,1.14,-1.24
22.717,NAV_WAYPOINT,0.7664,-1.2228,0.304,94.47,0.5,0.89,-0.0,0.2745,-0.0044,-0.0259,0.435,2.335,1.184,,,1.14,-1.24,1.14,-1.24
22.761,NAV_WAYPOINT,0.779,-1.2216,0.301,94.4,0.6,0.71,-0.0,0.2808,-0.0079,-0.0258,0.416,2.327,1.2,1.055,,1.14,-1.24,1.14,-1.24
22.835,NAV_WAYPOINT,0.7919,-1.2212,0.299,94.27,0.42,0.48,-0.0,0.2839,-0.0094,-0.027,0.416,2.327,1.2,1.055,,1.14,-1.24,1.14,-1.24
22.866,NAV_WAYPOINT,0.8061,-1.2204,0.299,94.19,0.52,0.29,-0.0,0.2828,-0.0097,-0.0261,0.411,2.317,1.225,,,1.14,-1.24,1.14,-1.24
22.928,NAV_WAYPOINT,0.8191,-1.2203,0.299,94.13,0.49,0.19,-0.0,0.2836,-0.0094,-0.0189,0.411,2.317,1.225,,,1.14,-1.24,1.14,-1.24
22.981,NAV_WAYPOINT,0.8329,-1.2191,0.296,94.11,0.55,0.18,-0.0,0.2867,-0.0073,-0.017,0.408,2.316,1.235,,,1.14,-1.24,1.14,-1.24
23.013,NAV_WAYPOINT,0.8466,-1.218,0.295,94.0,0.58,0.15,-0.0,0.2956,-0.0024,-0.0222,0.408,2.316,1.235,,,1.14,-1.24,1.14,-1.24
23.061,NAV_WAYPOINT,0.8607,-1.2162,0.293,93.9,0.45,0.2,-0.0,0.2988,-0.0003,-0.0218,0.412,2.332,1.257,,,1.14,-1.24,1.14,-1.24
23.136,NAV_WAYPOINT,0.8742,-1.2151,0.292,93.82,0.47,0.28,-0.0,0.2965,0.0003,-0.0185,0.412,2.332,1.257,,,1.14,-1.24,1.14,-1.24
23.171,NAV_WAYPOINT,0.8887,-1.2151,0.294,93.68,0.46,0.47,-0.0,0.2967,-0.0019,-0.0169,0.418,2.328,1.268,0.937,,1.14,-1.24,1.14,-1.24
23.233,NAV_WAYPOINT,0.9028,-1.2134,0.293,93.52,0.36,0.44,-0.0,0.2984,-0.0012,-0.0066,0.418,2.328,1.268,0.937,,1.14,-1.24,1.14,-1.24
23.272,NAV_WAYPOINT,0.9177,-1.2118,0.292,93.35,0.44,0.53,-0.0,0.2997,-0.0007,-0.0072,0.423,2.312,1.295,0.894,,1.14,-1.24,1.14,-1.24
23.313,NAV_WAYPOINT,0.9318,-1.2108,0.295,93.12,0.34,0.68,-0.0,0.3086,-0.0017,-0.0052,0.423,2.312,1.295,0.894,,1.14,-1.24,1.14,-1.24
23.363,NAV_WAYPOINT,0.9459,-1.2105,0.294,92.92,0.19,0.76,-0.0,0.3103,-0.0085,0.0057,0.426,2.311,1.305,0.858,,1.14,-1.24,1.14,-1.24
23.432,NAV_WAYPOINT,0.9637,-1.2112,0.293,92.72,0.23,0.79,-0.0,0.3079,-0.0117,0.005,0.426,2.311,1.305,0.858,,1.14,-1.24,1.14,-1.24
23.466,NAV_WAYPOINT,0.9782,-1.2103,0.292,92.45,0.09,0.74,-0.0,0.3091,-0.0149,0.001,0.416,2.313,1.322,0.812,,1.14,-1.24,1.14,-1.24
23.52,NAV_WAYPOINT,0.9933,-1.2087,0.291,92.25,0.1,0.53,-0.0,0.3085,-0.014,-0.0033,0.416,2.313,1.322,0.812,,1.14,-1.24,1.14,-1.24
23.567,NAV_WAYPOINT,1.0088,-1.2086,0.293,92.02,-0.05,0.59,-0.0,0.3121,-0.0166,-0.0031,0.401,2.327,1.333,0.777,,1.14,-1.24,1.14,-1.24
23.638,NAV_WAYPOINT,1.0228,-1.2083,0.293,91.74,-0.19,0.59,-0.0,0.3091,-0.018,0.0054,0.401,2.327,1.333,0.777,,1.14,-1.24,1.14,-1.24
23.661,NAV_WAYPOINT,1.0378,-1.208,0.293,91.46,-0.23,0.58,-0.0,0.3063,-0.0194,0.0055,0.395,2.318,1.324,0.743,,1.14,-1.24,1.14,-1.24
23.724,NAV_WAYPOINT,1.0541,-1.2084,0.294,91.1,-0.36,0.7,-0.0,0.3025,-0.0239,0.0068,0.395,2.318,1.324,0.743,,1.14,-1.24,1.14,-1.24
23.807,NAV_WAYPOINT,1.0679,-1.2086,0.294,90.82,-0.41,0.89,-0.0,0.294,-0.0267,0.0103,0.396,2.329,1.292,0.704,,1.14,-1.24,1.14,-1.24
23.823,NAV_WAYPOINT,1.0816,-1.2085,0.296,90.58,-0.5,0.91,-0.0,0.2938,-0.0306,0.01,0.396,2.329,1.292,0.704,,1.14,-1.24,1.14,-1.24
23.866,NAV_WAYPOINT,1.096,-1.2082,0.296,90.38,-0.68,1.16,-0.0,0.2876,-0.0322,0.0156,0.413,2.313,1.265,0.671,,1.14,-1.24,1.14,-1.24
23.927,NAV_WAYPOINT,1.1095,-1.2076,0.297,90.24,-0.82,1.13,-0.0,0.2791,-0.0367,0.0164,0.413,2.313,1.265,0.671,,1.14,-1.24,1.14,-1.24
23.96,NAV_WAYPOINT,1.124,-1.2086,0.298,90.13,-1.07,1.19,-0.0,0.2678,-0.0431,0.0172,0.415,2.331,1.261,0.635,,1.14,-1.24,1.14,-1.24
24.016,NAV_WAYPOINT,1.1361,-1.2093,0.3,90.02,-1.61,1.19,-0.0,0.2536,-0.0487,0.018,0.415,2.331,1.261,0.635,,1.14,-1.24,1.14,-1.24
24.086,NAV_WAYPOINT,1.1481,-1.2105,0.301,89.92,-2.17,1.06,-0.0,0.2375,-0.0547,0.0186,0.407,2.319,1.289,0.605,,1.14,-1.24,1.14,-1.24
24.117,NAV_WAYPOINT,1.159,-1.2121,0.305,89.75,-2.62,1.09,-0.0,0.2235,-0.0612,0.0166,0.407,2.319,1.289,0.605,,1.14,-1.24,1.14,-1.24
24.16,NAV_WAYPOINT,1.1692,-1.2138,0.303,89.59,-3.17,0.93,-0.0,0.1971,-0.0665,0.0214,0.399,2.307,1.309,0.58,,1.14,-1.24,1.14,-1.24
24.219,NAV_WAYPOINT,1.1794,-1.2159,0.304,89.47,-3.46,0.81,-0.0,0.1647,-0.0698,0.0088,0.399,2.307,1.309,0.58,,1.14,-1.24,1.14,-1.24
24.264,NAV_WAYPOINT,1.1875,-1.2186,0.303,89.34,-3.94,0.67,-0.0,0.136,-0.0709,0.0044,0.388,2.319,1.322,0.561,,1.14,-1.24,1.14,-1.24
24.311,NAV_WAYPOINT,1.1938,-1.2198,0.304,89.32,-4.3,0.51,-0.0,0.103,-0.0724,-0.0007,0.388,2.319,1.322,0.561,,1.14,-1.24,1.14,-1.24
24.384,NAV_WAYPOINT,1.1992,-1.2238,0.3,89.26,-4.48,0.37,-0.0,0.0688,-0.0746,-0.0042,0.392,2.331,1.326,0.548,,1.14,-1.24,1.14,-1.24
24.415,NAV_WAYPOINT,1.2018,-1.2244,0.303,89.25,-4.44,0.16,-0.0,0.0298,-0.0723,-0.0111,0.392,2.331,1.326,0.548,,1.14,-1.24,1.14,-1.24
24.475,NAV_WAYPOINT,1.2027,-1.2271,0.307,89.28,-4.15,0.03,-0.0,-0.0076,-0.0694,-0.004,0.392,2.326,1.326,0.542,,1.14,-1.24,1.14,-1.24
24.518,NAV_WAYPOINT,1.2002,-1.2295,0.304,89.29,-3.89,0.01,-0.0,-0.0457,-0.0645,0.0067,0.392,2.326,1.326,0.542,,1.14,-1.24,1.14,-1.24
24.582,NAV_WAYPOINT,1.1974,-1.2309,0.303,89.29,-3.58,-0.26,-0.0,-0.0772,-0.0612,-0.0036,0.402,2.323,1.311,0.543,,1.14,-1.24,1.14,-1.24
24.627,NAV_WAYPOINT,1.1928,-1.2323,0.303,89.33,-3.06,-0.3,-0.0,-0.1043,-0.0535,-0.0064,0.402,2.323,1.311,0.543,,1.14,-1.24,1.14,-1.24
24.673,NAV_WAYPOINT,1.1888,-1.2326,0.304,89.37,-2.56,-0.41,-0.0,-0.1313,-0.0451,-0.0078,0.4,2.314,1.279,0.551,,1.14,-1.24,1.14,-1.24
24.731,NAV_WAYPOINT,1.1818,-1.2333,0.299,89.35,-2.01,-0.46,-0.0,-0.1533,-0.0388,-0.0024,0.4,2.314,1.279,0.551,,1.14,-1.24,1.14,-1.24
24.772,NAV_WAYPOINT,1.1709,-1.2342,0.301,89.25,-1.52,-0.36,-0.0,-0.1687,-0.0333,-0.0144,0.41,2.305,1.243,0.56,,1.14,-1.24,1.14,-1.24
24.841,ROTATION_SCAN,1.1649,-1.2341,0.301,89.2,-0.92,-0.28,-0.0,-0.1766,-0.026,-0.0062,0.41,2.305,1.243,0.56,,,,1.14,-1.24
24.863,ROTATION_SCAN,1.1579,-1.2342,0.299,89.14,-0.29,-0.34,-0.0,-0.1746,-0.0202,-0.0037,0.413,2.318,1.195,0.574,,,,1.14,-1.24
24.927,ROTATION_SCAN,1.1523,-1.2327,0.3,89.09,0.34,-0.21,15.0,-0.1735,-0.014,-0.0046,0.413,2.318,1.195,0.574,,,,1.14,-1.24
24.99,ROTATION_SCAN,1.1457,-1.2322,0.302,89.08,1.53,-0.24,15.0,-0.163,-0.0094,0.0012,0.422,2.301,1.168,0.592,,,,1.14,-1.24
25.025,ROTATION_SCAN,1.1376,-1.2325,0.303,89.24,2.21,-0.17,15.0,-0.1445,-0.0064,0.0077,0.422,2.301,1.168,0.592,,,,1.14,-1.24
25.067,ROTATION_SCAN,1.1322,-1.2311,0.301,89.54,2.69,-0.16,15.0,-0.1186,-0.0029,0.0089,0.423,2.306,1.15,0.597,,,,1.14,-1.24
25.124,ROTATION_SCAN,1.1278,-1.2314,0.301,89.91,2.81,-0.04,15.0,-0.0945,-0.0015,0.002,0.423,2.306,1.15,0.597,,,,1.14,-1.24
25.162,ROTATION_SCAN,1.1271,-1.2297,0.302,90.42,2.91,0.14,15.0,-0.0626,0.0019,0.0022,0.426,2.308,1.147,0.607,,,,1.14,-1.24
25.227,ROTATION_SCAN,1.1254,-1.2298,0.303,91.05,2.8,0.22,15.0,-0.0335,0.0,0.0027,0.426,2.308,1.147,0.607,,,,1.14,-1.24
25.264,ROTATION_SCAN,1.127,-1.2291,0.301,91.7,2.63,0.33,15.0,-0.0027,-0.0001,0.0047,0.431,2.31,1.159,0.618,,,,1.14,-1.24
25.335,ROTATION_SCAN,1.1311,-1.2282,0.306,92.47,2.29,0.39,15.0,0.0265,-0.0016,-0.0012,0.431,2.31,1.159,0.618,,,,1.14,-1.24
25.363,ROTATION_SCAN,1.1366,-1.2279,0.305,93.31,1.77,0.42,15.0,0.0532,-0.0036,0.0102,0.441,2.324,1.191,0.624,,,,1.14,-1.24
25.41,ROTATION_SCAN,1.1418,-1.2282,0.306,94.15,1.39,0.45,15.0,0.0711,-0.0048,0.0062,0.441,2.324,1.191,0.624,,,,1.14,-1.24
25.465,ROTATION_SCAN,1.1478,-1.2283,0.303,94.9,0.78,0.48,15.0,0.0889,-0.0091,0.0057,0.443,2.385,1.205,0.63,,,,1.14,-1.24
25.527,ROTATION_SCAN,1.1537,-1.2293,0.303,95.7,0.26,0.39,15.0,0.0968,-0.0141,-0.0021,0.443,2.385,1.205,0.63,,,,1.14,-1.24
25.571,ROTATION_SCAN,1.1596,-1.23,0.306,96.47,-0.3,0.18,15.0,0.0995,-0.013,-0.0045,0.45,2.465,1.216,0.647,,,,1.14,-1.24
25.634,ROTATION_SCAN,1.1659,-1.2307,0.307,97.25,-0.71,0.18,15.0,0.0947,-0.0193,0.0013,0.45,2.465,1.216,0.647,,,,1.14,-1.24
25.684,ROTATION_SCAN,1.1709,-1.2328,0.306,97.96,-1.02,0.11,15.0,0.0902,-0.0221,0.0011,0.454,2.527,,0.688,,,,1.14,-1.24
25.71,ROTATION_SCAN,1.1743,-1.2343,0.306,98.67,-1.24,-0.07,15.0,0.0798,-0.0239,-0.0023,0.454,2.527,,0.688,,,,1.14,-1.24
25.761,ROTATION_SCAN,1.1781,-1.2351,0.306,99.43,-1.38,-0.2,15.0,0.0677,-0.0234,-0.0046,0.457,2.616,1.17,0.799,,,,1.14,-1.24
25.838,ROTATION_SCAN,1.1813,-1.236,0.304,100.2,-1.42,-0.2,15.0,0.0565,-0.0227,-0.0037,0.457,2.616,1.17,0.799,,,,1.14,-1.24
25.866,ROTATION_SCAN,1.1837,-1.2389,0.303,101.01,-1.34,-0.26,15.0,0.0427,-0.0266,-0.0083,0.463,2.653,,1.491,,,,1.14,-1.24
25.92,ROTATION_SCAN,1.185,-1.2399,0.302,101.82,-1.26,-0.26,15.0,0.031,-0.0277,-0.0098,0.463,2.653,,1.491,,,,1.14,-1.24
25.99,ROTATION_SCAN,1.1863,-1.2416,0.303,102.59,-1.2,-0.24,15.0,0.0182,-0.028,-0.0093,0.465,2.696,,1.599,,,,1.14,-1.24
26.024,ROTATION_SCAN,1.1829,-1.2415,0.301,103.45,-1.08,-0.42,15.0,-0.0009,-0.0241,-0.005,0.465,2.696,,1.599,,,,1.14,-1.24
26.068,ROTATION_SCAN,1.1806,-1.2429,0.3,104.32,-0.91,-0.42,15.0,-0.0126,-0.0297,-0.0085,0.461,2.7,0.939,1.655,,,,1.14,-1.24
26.135,ROTATION_SCAN,1.1801,-1.2427,0.3,105.23,-0.7,-0.43,15.0,-0.0242,-0.0203,-0.0083,0.461,2.7,0.939,1.655,,,,1.14,-1.24
26.162,ROTATION_SCAN,1.1755,-1.2427,0.299,106.12,-0.46,-0.35,15.0,-0.0333,-0.0054,-0.0063,0.454,2.708,0.877,1.672,,,,1.14,-1.24
26.223,ROTATION_SCAN,1.1762,-1.2433,0.3,106.98,-0.16,-0.27,15.0,-0.0339,-0.0122,-0.0041,0.454,2.708,0.877,1.672,,,,1.14,-1.24
26.275,ROTATION_SCAN,1.1719,-1.2423,0.301,107.88,-0.03,-0.22,15.0,-0.0391,-0.0037,-0.0023,0.446,2.684,0.846,1.659,,,,1.14,-1.24
26.333,ROTATION_SCAN,1.1685,-1.2405,0.3,108.83,0.09,-0.1,15.0,-0.0483,-0.0027,0.0037,0.446,2.684,0.846,1.659,,,,1.14,-1.24
26.359,ROTATION_SCAN,1.1628,-1.239,0.303,109.79,0.34,-0.03,15.0,-0.0509,0.005,0.0006,0.455,2.658,0.819,,,,,1.14,-1.24
26.421,ROTATION_SCAN,1.1572,-1.2383,0.302,110.77,0.46,0.1,15.0,-0.0521,0.0051,0.007,0.455,2.658,0.819,,,,,1.14,-1.24
26.506,ROTATION_SCAN,1.1542,-1.2364,0.303,111.76,0.77,0.34,15.0,-0.0467,0.0096,0.002,0.459,,0.788,,,,,1.14,-1.24
26.518,ROTATION_SCAN,1.1509,-1.234,0.298,112.72,0.83,0.42,15.0,-0.0415,0.0137,0.0023,0.459,,0.788,,,,,1.14,-1.24
26.564,ROTATION_SCAN,1.1479,-1.2305,0.3,113.68,0.88,0.53,15.0,-0.0365,0.0183,-0.0116,0.468,,0.77,1.291,,,,1.14,-1.24
26.621,ROTATION_SCAN,1.1459,-1.2283,0.302,114.59,0.77,0.56,15.0,-0.0314,0.0221,-0.0056,0.468,,0.77,1.291,,,,1.14,-1.24
26.659,ROTATION_SCAN,1.1427,-1.2256,0.3,115.42,0.75,0.69,15.0,-0.0247,0.022,0.0022,0.473,1.852,0.753,1.282,,,,1.14,-1.24
26.711,ROTATION_SCAN,1.1409,-1.2229,0.3,116.16,0.88,0.81,15.0,-0.0201,0.0245,-0.0026,0.473,1.852,0.753,1.282,,,,1.14,-1.24
26.788,ROTATION_SCAN,1.1397,-1.2218,0.302,116.87,0.78,1.13,15.0,-0.0093,0.02,-0.0025,0.482,,0.748,1.276,,,,1.14,-1.24
26.813,ROTATION_SCAN,1.1405,-1.2195,0.303,117.52,0.76,1.12,15.0,0.0041,0.0167,0.0045,0.482,,0.748,1.276,,,,1.14,-1.24
26.87,ROTATION_SCAN,1.142,-1.2178,0.304,118.13,0.68,1.19,15.0,0.0177,0.0129,0.005,0.49,,0.741,1.282,,,,1.14,-1.24
26.911,ROTATION_SCAN,1.1433,-1.2179,0.302,118.84,0.52,1.28,15.0,0.0272,0.0063,0.005,0.49,,0.741,1.282,,,,1.14,-1.24
26.964,ROTATION_SCAN,1.145,-1.2174,0.303,119.54,0.38,1.11,15.0,0.0354,-0.0014,-0.0028,0.493,1.404,0.739,1.293,,,,1.14,-1.24
27.027,ROTATION_SCAN,1.1502,-1.2184,0.301,120.27,0.05,0.96,15.0,0.0486,-0.0093,-0.0015,0.493,1.404,0.739,1.293,,,,1.14,-1.24
27.085,ROTATION_SCAN,1.1526,-1.2186,0.301,120.98,-0.17,0.68,15.0,0.0502,-0.0157,-0.0059,0.507,,0.739,1.304,,,,1.14,-1.24
27.123,ROTATION_SCAN,1.1554,-1.22,0.301,121.73,-0.3,0.61,15.0,0.0522,-0.0224,-0.0048,0.507,,0.739,1.304,,,,1.14,-1.24
27.162,ROTATION_SCAN,1.1564,-1.2216,0.299,122.39,-0.37,0.51,15.0,0.0484,-0.028,-0.0035,0.512,1.024,0.746,1.31,,,,1.14,-1.24
27.212,ROTATION_SCAN,1.1581,-1.2241,0.301,123.1,-0.42,0.26,15.0,0.0471,-0.0349,-0.0074,0.512,1.024,0.746,1.31,,,,1.14,-1.24
27.285,ROTATION_SCAN,1.1593,-1.2263,0.302,123.75,-0.52,-0.03,15.0,0.0417,-0.0392,-0.0017,0.515,0.983,0.759,1.321,,,,1.14,-1.24
27.313,ROTATION_SCAN,1.1606,-1.2292,0.301,124.38,-0.48,-0.41,15.0,0.0367,-0.0437,0.0048,0.515,0.983,0.759,1.321,,,,1.14,-1.24
27.375,ROTATION_SCAN,1.1598,-1.2311,0.303,125.02,-0.35,-0.61,15.0,0.0241,-0.0403,-0.0016,0.523,0.955,0.761,1.334,,,,1.14,-1.24
27.42,ROTATION_SCAN,1.1585,-1.2332,0.301,125.71,-0.1,-0.47,15.0,0.0126,-0.0371,0.003,0.523,0.955,0.761,1.334,,,,1.14,-1.24
27.461,ROTATION_SCAN,1.1564,-1.2344,0.301,126.43,0.03,-0.39,15.0,0.0047,-0.0351,-0.0032,0.526,0.928,,1.36,,,,1.14,-1.24
27.509,ROTATION_SCAN,1.1531,-1.2366,0.303,127.21,0.25,-0.46,15.0,-0.0024,-0.0321,-0.0035,0.526,0.928,,1.36,,,,1.14,-1.24
27.575,ROTATION_SCAN,1.1504,-1.2341,0.299,127.99,0.41,-0.29,15.0,-0.0083,-0.0195,0.0006,0.531,0.908,,1.395,,,,1.14,-1.24
27.658,ROTATION_SCAN,1.1484,-1.2363,0.3,128.81,0.69,-0.2,15.0,-0.0099,-0.0188,-0.0095,0.531,0.908,,1.395,,,,1.14,-1.24
27.672,ROTATION_SCAN,1.1435,-1.2346,0.299,129.67,0.81,0.07,15.0,-0.0166,-0.0073,-0.0073,0.531,0.89,,1.448,,,,1.14,-1.24
27.715,ROTATION_SCAN,1.1411,-1.2338,0.301,130.49,0.99,0.26,15.0,-0.0144,-0.0011,-0.0099,0.531,0.89,,1.448,,,,1.14,-1.24
27.778,ROTATION_SCAN,1.1378,-1.2314,0.3,131.29,0.84,0.35,15.0,-0.012,0.0093,-0.003,0.54,0.873,,1.475,,,,1.14,-1.24
27.809,ROTATION_SCAN,1.1359,-1.2295,0.298,132.09,0.77,0.52,15.0,-0.0069,0.0129,-0.003,0.54,0.873,,1.475,,,,1.14,-1.24
27.867,ROTATION_SCAN,1.134,-1.2274,0.299,132.92,0.61,0.63,15.0,-0.0028,0.0182,-0.0072,0.548,0.858,,1.507,,,,1.14,-1.24
27.935,ROTATION_SCAN,1.1318,-1.2237,0.298,133.84,0.47,0.74,15.0,-0.0028,0.0238,-0.0033,0.548,0.858,,1.507,,,,1.14,-1.24
27.968,ROTATION_SCAN,1.1297,-1.2208,0.299,134.81,0.23,0.84,15.0,0.0015,0.0244,-0.0061,0.56,0.841,,1.541,,,,1.14,-1.24
28.016,ROTATION_SCAN,1.1289,-1.2173,0.298,135.74,0.1,0.88,15.0,0.0057,0.0259,-0.0018,0.56,0.841,,1.541,,,,1.14,-1.24
28.071,ROTATION_SCAN,1.1273,-1.2154,0.3,136.7,-0.09,1.02,15.0,0.007,0.0235,-0.0042,0.576,0.816,,1.548,,,,1.14,-1.24
28.109,ROTATION_SCAN,1.128,-1.2135,0.301,137.61,-0.25,1.04,15.0,0.016,0.0187,0.0001,0.576,0.816,,1.548,,,,1.14,-1.24
28.166,ROTATION_SCAN,1.1281,-1.2103,0.301,138.53,-0.32,1.37,15.0,0.0176,0.0148,0.0001,,0.795,,,,,,1.14,-1.24
28.239,ROTATION_SCAN,1.1295,-1.2092,0.3,139.37,-0.36,1.26,15.0,0.0249,0.0065,-0.0017,,0.795,,,,,,1.14,-1.24
28.269,ROTATION_SCAN,1.1309,-1.2091,0.299,140.18,-0.4,1.35,15.0,0.031,-0.003,-0.0057,,0.779,,,,,,1.14,-1.24
28.326,ROTATION_SCAN,1.1333,-1.2093,0.299,140.9,-0.45,1.22,15.0,0.0391,-0.0121,-0.008,,0.779,,,,,,1.14,-1.24
28.367,ROTATION_SCAN,1.1335,-1.2109,0.301,141.57,-0.48,1.28,15.0,0.0385,-0.0279,-0.005,,0.761,,0.522,,,,1.14,-1.24
28.412,ROTATION_SCAN,1.1338,-1.215,0.297,142.25,-0.31,1.04,15.0,0.0422,-0.0392,-0.0002,,0.761,,0.522,,,,1.14,-1.24
28.46,ROTATION_SCAN,1.1342,-1.2173,0.299,142.92,-0.09,0.87,15.0,0.0385,-0.0462,-0.0093,,0.75,,0.499,,,,1.14,-1.24
28.545,ROTATION_SCAN,1.1309,-1.2235,0.298,143.68,0.14,0.64,15.0,0.0357,-0.0588,-0.0038,,0.75,,0.499,,,,1.14,-1.24
28.578,ROTATION_SCAN,1.13,-1.226,0.298,144.44,0.42,0.56,15.0,0.0363,-0.0574,-0.0066,,0.736,3.164,0.487,,,,1.14,-1.24
28.625,ROTATION_SCAN,1.1321,-1.2278,0.294,145.23,0.67,0.41,15.0,0.0419,-0.0558,-0.0065,,0.736,3.164,0.487,,,,1.14,-1.24
28.665,ROTATION_SCAN,1.1321,-1.2294,0.292,146.06,0.93,0.29,15.0,0.0433,-0.0497,-0.0148,,0.725,,0.475,,,,1.14,-1.24
28.715,ROTATION_SCAN,1.1341,-1.2316,0.292,146.89,0.95,0.08,15.0,0.0515,-0.0451,-0.0145,,0.725,,0.475,,,,1.14,-1.24
28.79,ROTATION_SCAN,1.1375,-1.2341,0.297,147.76,0.93,-0.04,15.0,0.0547,-0.0354,-0.0095,,0.709,3.07,0.468,,,,1.14,-1.24
28.838,ROTATION_SCAN,1.139,-1.2321,0.299,148.65,0.89,-0.11,15.0,0.0542,-0.0203,0.0052,,0.709,3.07,0.468,,,,1.14,-1.24
28.863,ROTATION_SCAN,1.14,-1.2295,0.297,149.53,0.89,-0.22,15.0,0.0544,-0.0082,0.0093,,0.691,3.018,0.458,,,,1.14,-1.24
28.919,ROTATION_SCAN,1.143,-1.2268,0.297,150.46,0.79,-0.18,15.0,0.0556,0.0064,0.0025,,0.691,3.018,0.458,,,,1.14,-1.24
28.963,ROTATION_SCAN,1.1435,-1.2229,0.299,151.37,0.58,-0.21,15.0,0.0536,0.0187,0.0021,,0.676,2.98,0.448,,,,1.14,-1.24
29.036,ROTATION_SCAN,1.1444,-1.2176,0.297,152.34,0.24,-0.08,15.0,0.0508,0.0333,0.008,,0.676,2.98,0.448,,,,1.14,-1.24
29.076,ROTATION_SCAN,1.1442,-1.2118,0.295,153.28,-0.09,-0.09,15.0,0.0448,0.0416,0.0015,,0.662,2.908,0.441,,,,1.14,-1.24
29.122,ROTATION_SCAN,1.1434,-1.2077,0.297,154.13,-0.48,0.17,15.0,0.0374,0.0443,-0.0056,,0.662,2.908,0.441,,,,1.14,-1.24
29.246,ROTATION_SCAN,1.1436,-1.2016,0.297,154.94,-0.67,0.34,15.0,0.0295,0.0465,-0.0,,0.652,2.899,0.435,,,,1.14,-1.24
29.271,ROTATION_SCAN,1.1413,-1.1981,0.3,155.71,-0.97,0.5,15.0,0.0255,0.0424,0.0019,,0.652,2.899,0.435,,,,1.14,-1.24
29.294,ROTATION_SCAN,1.1381,-1.1951,0.298,156.46,-1.01,0.58,15.0,0.0151,0.0362,0.0067,,0.646,2.82,0.43,,,,1.14,-1.24
29.31,ROTATION_SCAN,1.1351,-1.192,0.297,157.16,-1.12,0.73,15.0,0.0081,0.027,0.0023,,0.646,2.82,0.43,,,,1.14,-1.24
29.369,ROTATION_SCAN,1.1329,-1.1898,0.299,157.91,-1.13,0.89,15.0,0.0056,0.0185,-0.0011,,0.645,2.823,0.419,,,,1.14,-1.24
29.473,ROTATION_SCAN,1.1305,-1.1884,0.299,158.59,-1.08,1.0,15.0,0.0022,0.0103,0.0044,,0.645,2.823,0.419,,,,1.14,-1.24
29.494,ROTATION_SCAN,1.1281,-1.186,0.297,159.3,-1.16,1.16,15.0,0.0018,0.0013,0.0036,,0.644,2.764,0.418,,,,1.14,-1.24
29.51,ROTATION_SCAN,1.1259,-1.1849,0.3,160.07,-1.09,1.28,15.0,-0.0009,-0.0088,-0.0023,,0.644,2.764,0.418,,,,1.14,-1.24
29.573,ROTATION_SCAN,1.1225,-1.1844,0.299,160.78,-1.04,1.47,15.0,0.0004,-0.0178,0.0041,,0.642,2.735,0.409,,,,1.14,-1.24
29.616,ROTATION_SCAN,1.1202,-1.1856,0.299,161.51,-0.86,1.62,15.0,0.0048,-0.0312,0.0019,,0.642,2.735,0.409,,,,1.14,-1.24
29.686,ROTATION_SCAN,1.1181,-1.1874,0.298,162.22,-0.68,1.66,15.0,0.0092,-0.0423,-0.0003,,0.646,2.699,0.406,,,,1.14,-1.24
29.714,ROTATION_SCAN,1.1174,-1.1902,0.297,162.85,-0.54,1.74,15.0,0.0179,-0.0528,-0.0033,,0.646,2.699,0.406,,,,1.14,-1.24
29.784,ROTATION_SCAN,1.1157,-1.1922,0.298,163.54,-0.46,1.78,15.0,0.024,-0.0598,-0.0031,1.079,0.643,2.701,0.406,,,,1.14,-1.24
29.819,ROTATION_SCAN,1.1144,-1.1953,0.299,164.26,-0.17,1.61,15.0,0.0302,-0.0669,0.0031,1.079,0.643,2.701,0.406,,,,1.14,-1.24
29.874,ROTATION_SCAN,1.1132,-1.1983,0.299,164.98,0.07,1.63,15.0,0.0357,-0.0705,0.0075,1.08,0.638,2.663,0.404,,,,1.14,-1.24
29.908,ROTATION_SCAN,1.1134,-1.2015,0.301,165.72,0.18,1.38,15.0,0.0436,-0.0722,0.0086,1.08,0.638,2.663,0.404,,,,1.14,-1.24
29.969,ROTATION_SCAN,1.1148,-1.2052,0.3,166.52,0.41,1.29,15.0,0.0526,-0.073,0.0112,1.08,0.64,2.634,0.406,,,,1.14,-1.24
30.009,ROTATION_SCAN,1.1151,-1.2078,0.301,167.26,0.46,1.09,15.0,0.0567,-0.0692,0.0092,1.08,0.64,2.634,0.406,,,,1.14,-1.24
30.081,ROTATION_SCAN,1.1158,-1.2107,0.3,168.15,0.48,1.06,15.0,0.0608,-0.0662,0.0099,1.087,0.635,2.593,0.406,,,,1.14,-1.24
30.134,ROTATION_SCAN,1.1179,-1.2149,0.3,169.05,0.63,0.92,15.0,0.067,-0.0658,0.0043,1.087,0.635,2.593,0.406,,,,1.14,-1.24
30.166,ROTATION_SCAN,1.1206,-1.22,0.301,170.03,0.51,0.9,15.0,0.0733,-0.067,0.0038,1.094,0.632,2.543,0.404,,,,1.14,-1.24
30.217,ROTATION_SCAN,1.1219,-1.2219,0.302,171.03,0.68,0.72,15.0,0.0751,-0.0599,0.0058,1.094,0.632,2.543,0.404,,,,1.14,-1.24
30.278,ROTATION_SCAN,1.124,-1.2242,0.302,171.99,0.6,0.6,15.0,0.0773,-0.0538,0.005,1.092,0.625,2.503,0.407,,,,1.14,-1.24
30.314,ROTATION_SCAN,1.126,-1.2262,0.305,172.89,0.64,0.47,15.0,0.078,-0.0478,0.0016,1.092,0.625,2.503,0.407,,,,1.14,-1.24
30.386,ROTATION_SCAN,1.1304,-1.228,0.305,173.72,0.56,0.28,15.0,0.0826,-0.0419,0.0045,1.099,0.618,2.447,0.406,,,,1.14,-1.24
30.417,ROTATION_SCAN,1.1278,-1.227,0.302,174.48,0.42,0.02,15.0,0.0698,-0.0306,0.0027,1.099,0.618,2.447,0.406,,,,1.14,-1.24
30.46,ROTATION_SCAN,1.1244,-1.2283,0.303,175.25,0.27,0.03,15.0,0.0547,-0.0274,-0.0088,1.111,0.614,2.404,0.408,,,,1.14,-1.24
30.509,ROTATION_SCAN,1.1197,-1.2193,0.299,176.01,0.11,-0.11,15.0,0.0384,-0.0022,-0.0034,1.111,0.614,2.404,0.408,,,,1.14,-1.24
30.576,ROTATION_SCAN,1.1151,-1.2361,0.302,176.84,-0.29,0.12,15.0,0.0259,-0.0078,-0.011,1.118,0.616,2.377,0.419,,,,1.14,-1.24
30.651,ROTATION_SCAN,1.1069,-1.231,0.302,177.6,-0.41,0.24,15.0,0.0052,-0.027,-0.0035,1.118,0.616,2.377,0.419,,,,1.14,-1.24
30.677,ROTATION_SCAN,1.1025,-1.2307,0.302,178.39,-0.45,0.64,15.0,-0.0042,-0.0262,-0.0016,1.119,0.622,2.357,0.425,,,,1.14,-1.24
30.724,ROTATION_SCAN,1.0988,-1.2295,0.303,179.19,-0.22,0.89,15.0,-0.0032,-0.0245,-0.0017,1.119,0.622,2.357,0.425,,,,1.14,-1.24
30.785,ROTATION_SCAN,1.0942,-1.2304,0.304,179.99,-0.11,1.34,15.0,-0.0049,-0.026,0.0006,1.11,0.629,2.337,0.433,,,,1.14,-1.24
30.809,ROTATION_SCAN,1.0912,-1.2319,0.301,-179.21,-0.08,1.51,15.0,0.0013,-0.0264,0.0047,1.11,0.629,2.337,0.433,,,,1.14,-1.24
30.926,ROTATION_SCAN,1.0888,-1.2318,0.303,-178.37,0.09,1.74,15.0,0.0055,-0.0221,-0.0027,1.109,0.641,2.338,0.438,,,,2.18,-0.98
30.998,NAV_WAYPOINT,1.0865,-1.2334,0.304,-177.52,0.11,1.83,-0.0,0.0174,-0.0224,0.0012,1.109,0.641,2.338,0.438,,1.08,-0.98,2.18,-0.98
31.023,NAV_WAYPOINT,1.0839,-1.2344,0.302,-176.69,0.21,1.4,-0.0,0.0244,-0.0194,0.0012,1.116,0.649,2.321,0.434,,1.08,-0.98,2.18,-0.98
31.06,NAV_WAYPOINT,1.0861,-1.2336,0.301,-175.92,0.36,0.9,-0.0,0.0354,-0.0138,-0.0043,1.116,0.649,2.321,0.434,,1.08,-0.98,2.18,-0.98
31.095,NAV_WAYPOINT,1.0881,-1.2336,0.301,-175.22,0.37,0.43,-0.0,0.0391,-0.0108,-0.0057,1.129,0.668,2.361,0.437,,1.08,-0.98,2.18,-0.98
31.133,NAV_WAYPOINT,1.0935,-1.2375,0.303,-174.55,1.14,-0.03,-0.0,0.0506,-0.0124,-0.0005,1.129,0.668,2.361,0.437,,1.08,-0.98,2.18,-0.98
31.165,NAV_WAYPOINT,1.0936,-1.2374,0.307,-174.04,3.22,-0.15,-0.0,0.0389,0.0005,0.0012,1.152,0.679,2.41,0.435,,1.08,-0.98,2.18,-0.98
31.213,NAV_WAYPOINT,1.0908,-1.2389,0.303,-173.67,4.32,-0.33,-0.0,0.0273,0.0318,0.0093,1.152,0.679,2.41,0.435,,1.08,-0.98,2.18,-0.98
31.278,NAV_WAYPOINT,1.0891,-1.2372,0.304,-173.39,4.97,-0.36,-0.0,0.0096,0.0675,-0.0042,1.142,0.705,2.461,0.428,,1.08,-0.98,2.18,-0.98
31.36,NAV_WAYPOINT,1.0827,-1.232,0.302,-173.44,5.08,-0.25,-0.0,-0.0075,0.1135,-0.0057,1.142,0.705,2.461,0.428,,1.08,-0.98,2.18,-0.98
31.377,NAV_WAYPOINT,1.0777,-1.2239,0.301,-173.52,4.97,-0.07,-0.0,-0.0235,0.157,-0.0131,1.141,0.735,2.461,0.414,,1.08,-0.98,2.18,-0.98
31.419,NAV_WAYPOINT,1.0727,-1.2157,0.301,-173.83,4.29,0.2,-0.0,-0.0341,0.1992,-0.0167,1.141,0.735,2.461,0.414,,1.08,-0.98,2.18,-0.98
31.483,NAV_WAYPOINT,1.0669,-1.2051,0.3,-174.23,3.58,0.46,-0.0,-0.0435,0.2377,-0.0134,1.132,0.778,2.479,0.395,,1.08,-0.98,2.18,-0.98
31.509,NAV_WAYPOINT,1.0627,-1.1939,0.299,-174.7,2.85,0.79,-0.0,-0.0441,0.2605,-0.014,1.132,0.778,2.479,0.395,,1.08,-0.98,2.18,-0.98
31.568,NAV_WAYPOINT,1.0562,-1.1786,0.3,-175.18,2.26,1.18,-0.0,-0.0483,0.2848,-0.0149,1.108,0.854,2.426,0.366,,1.08,-0.98,2.18,-0.98
31.631,NAV_WAYPOINT,1.0511,-1.1657,0.302,-175.55,1.66,1.36,-0.0,-0.0425,0.3026,-0.0118,1.108,0.854,2.426,0.366,,1.08,-0.98,2.18,-0.98
31.67,NAV_WAYPOINT,1.0473,-1.154,0.297,-175.91,1.03,1.56,-0.0,-0.0341,0.304,-0.0082,1.078,1.534,2.434,0.34,,1.08,-0.98,2.18,-0.98
31.722,NAV_WAYPOINT,1.0435,-1.141,0.299,-176.21,0.6,1.58,-0.0,-0.0269,0.3099,-0.0176,1.078,1.534,2.434,0.34,,1.08,-0.98,2.18,-0.98
31.782,NAV_WAYPOINT,1.0402,-1.1282,0.298,-176.51,0.29,1.74,-0.0,-0.0178,0.3118,-0.0096,1.059,1.709,2.439,0.316,,1.08,-0.98,2.18,-0.98
31.812,NAV_WAYPOINT,1.0394,-1.1143,0.299,-176.77,0.14,1.75,-0.0,-0.0038,0.3076,-0.0102,1.059,1.709,2.439,0.316,,1.08,-0.98,2.18,-0.98
31.862,NAV_WAYPOINT,1.0375,-1.102,0.3,-177.06,0.02,1.87,-0.0,0.0068,0.299,-0.0062,1.049,1.753,2.475,0.293,,1.08,-0.98,2.18,-0.98
31.94,NAV_WAYPOINT,1.037,-1.0909,0.299,-177.33,-0.02,1.81,-0.0,0.0192,0.2925,-0.0037,1.049,1.753,2.475,0.293,,1.08,-0.98,2.18,-0.98
31.972,NAV_WAYPOINT,1.0362,-1.0793,0.297,-177.57,0.04,1.87,-0.0,0.0283,0.2827,-0.0101,1.042,1.751,2.494,0.268,,1.08,-0.98,2.18,-0.98
32.016,NAV_WAYPOINT,1.0364,-1.0689,0.297,-177.82,0.06,1.9,-0.0,0.0405,0.2762,-0.0122,1.042,1.751,2.494,0.268,,1.08,-0.98,2.18,-0.98
32.082,NAV_WAYPOINT,1.0383,-1.0574,0.298,-177.95,0.08,1.8,-0.0,0.0526,0.2733,-0.0134,1.038,1.745,2.501,0.245,,1.08,-0.98,2.18,-0.98
32.115,NAV_WAYPOINT,1.039,-1.0448,0.297,-178.16,0.1,1.75,-0.0,0.0634,0.2692,-0.0062,1.038,1.745,2.501,0.245,,1.08,-0.98,2.18,-0.98
32.165,NAV_WAYPOINT,1.0428,-1.0339,0.294,-178.4,-0.06,1.68,-0.0,0.0764,0.2603,-0.0075,1.04,1.749,2.531,0.22,,1.08,-0.98,2.18,-0.98
32.232,NAV_WAYPOINT,1.046,-1.0226,0.295,-178.72,-0.3,1.34,-0.0,0.0893,0.2568,-0.0105,1.04,1.749,2.531,0.22,,1.08,-0.98,2.18,-0.98
32.266,NAV_WAYPOINT,1.0507,-1.0128,0.296,-179.0,-0.64,1.05,-0.0,0.0995,0.2457,-0.0005,1.044,1.74,2.553,0.205,,1.08,-0.98,2.18,-0.98
32.314,NAV_WAYPOINT,1.0547,-1.0021,0.296,-179.27,-0.89,0.85,-0.0,0.1041,0.234,0.0027,1.044,1.74,2.553,0.205,,1.08,-0.98,2.18,-0.98
32.393,NAV_WAYPOINT,1.0603,-0.992,0.296,-179.5,-1.34,0.75,-0.0,0.1108,0.2173,0.002,1.049,1.738,2.576,0.201,,2.18,-0.98,2.18,-0.98
32.41,NAV_WAYPOINT,1.0649,-0.9846,0.297,-179.62,-1.82,0.31,-0.0,0.1133,0.1987,0.0034,1.049,1.738,2.576,0.201,,2.18,-0.98,2.18,-0.98
32.474,NAV_WAYPOINT,1.0698,-0.9767,0.297,-179.52,-2.36,0.02,-0.0,0.1133,0.1724,0.0064,1.058,1.715,2.584,0.216,,2.18,-0.98,2.18,-0.98
32.567,NAV_WAYPOINT,1.0755,-0.9716,0.299,-179.25,-2.78,0.87,-0.0,0.1119,0.1469,0.0076,1.058,1.715,2.584,0.216,,2.18,-0.98,2.18,-0.98
32.581,NAV_WAYPOINT,1.0802,-0.9647,0.297,-178.75,-2.89,2.06,-0.0,0.1216,0.1208,0.0099,1.061,1.714,2.596,0.247,,2.18,-0.98,2.18,-0.98
32.613,NAV_WAYPOINT,1.0857,-0.9597,0.299,-178.31,-2.67,2.85,-0.0,0.1379,0.0957,0.0007,1.061,1.714,2.596,0.247,,2.18,-0.98,2.18,-0.98
32.663,NAV_WAYPOINT,1.0908,-0.9567,0.299,-177.93,-2.45,3.19,-0.0,0.158,0.0678,0.0042,1.071,1.698,2.592,0.379,,2.18,-0.98,2.18,-0.98
32.711,NAV_WAYPOINT,1.0984,-0.9555,0.295,-177.59,-2.13,3.37,-0.0,0.184,0.0459,0.0008,1.071,1.698,2.592,0.379,,2.18,-0.98,2.18,-0.98
32.786,NAV_WAYPOINT,1.1077,-0.955,0.295,-177.39,-1.58,3.58,-0.0,0.2091,0.0268,-0.01,1.085,1.681,2.591,,,2.18,-0.98,2.18,-0.98
32.818,NAV_WAYPOINT,1.1183,-0.9546,0.298,-177.22,-1.27,3.38,-0.0,0.2412,0.0121,-0.0065,1.085,1.681,2.591,,,2.18,-0.98,2.18,-0.98
32.88,NAV_WAYPOINT,1.1304,-0.9548,0.298,-177.0,-0.89,2.99,-0.0,0.2682,0.0035,0.0017,1.099,1.665,2.623,0.142,,2.18,-0.98,2.18,-0.98
32.922,NAV_WAYPOINT,1.1442,-0.955,0.297,-176.71,-0.6,2.62,-0.0,0.2864,-0.0019,0.0065,1.099,1.665,2.623,0.142,,2.18,-0.98,2.18,-0.98
32.966,NAV_WAYPOINT,1.1581,-0.9546,0.297,-176.44,-0.23,2.27,-0.0,0.3056,-0.0049,0.0041,1.117,1.652,2.651,0.135,,2.18,-0.98,2.18,-0.98
33.012,NAV_WAYPOINT,1.1729,-0.954,0.299,-176.16,0.17,1.72,-0.0,0.3182,-0.0019,0.0062,1.117,1.652,2.651,0.135,,2.18,-0.98,2.18,-0.98
33.088,NAV_WAYPOINT,1.1882,-0.9537,0.301,-175.84,0.44,1.27,-0.0,0.3376,0.0033,0.0118,1.138,1.63,2.691,0.149,,2.18,-0.98,2.18,-0.98
33.116,NAV_WAYPOINT,1.2031,-0.9524,0.299,-175.59,0.49,0.75,-0.0,0.3407,0.0104,0.0208,1.138,1.63,2.691,0.149,,2.18,-0.98,2.18,-0.98
33.18,NAV_WAYPOINT,1.2187,-0.9504,0.298,-175.43,0.78,0.42,-0.0,0.3407,0.0185,0.0124,1.152,1.602,2.736,0.142,,2.18,-0.98,2.18,-0.98
33.234,NAV_WAYPOINT,1.2357,-0.9494,0.304,-175.5,0.76,0.12,-0.0,0.3351,0.0276,0.0072,1.152,1.602,2.736,0.142,,2.18,-0.98,2.18,-0.98
33.268,NAV_WAYPOINT,1.25,-0.9461,0.307,-175.73,0.61,-0.3,-0.0,0.3263,0.0363,0.0197,1.159,1.572,2.772,0.139,,2.18,-0.98,2.18,-0.98
33.312,NAV_WAYPOINT,1.2648,-0.9428,0.307,-176.13,0.11,-0.51,-0.0,0.3189,0.0415,0.0242,1.159,1.572,2.772,0.139,,2.18,-0.98,2.18,-0.98
33.388,NAV_WAYPOINT,1.2787,-0.9391,0.309,-176.66,-0.18,-0.63,-0.0,0.3142,0.0494,0.0179,1.162,1.544,2.744,0.145,,2.18,-0.98,2.18,-0.98
33.416,NAV_WAYPOINT,1.2911,-0.9355,0.305,-177.3,-0.55,-0.54,-0.0,0.3041,0.0474,0.0175,1.162,1.544,2.744,0.145,,2.18,-0.98,2.18,-0.98
33.473,NAV_WAYPOINT,1.3064,-0.9316,0.304,-178.03,-0.5,-0.47,-0.0,0.2932,0.0461,-0.0055,1.173,1.525,2.724,0.134,,2.18,-0.98,2.18,-0.98
33.512,NAV_WAYPOINT,1.3188,-0.9295,0.304,-178.84,-0.76,-0.37,-0.0,0.2828,0.0425,-0.011,1.173,1.525,2.724,0.134,,2.18,-0.98,2.18,-0.98
33.559,NAV_WAYPOINT,1.3302,-0.9256,0.306,-179.76,-0.92,-0.08,-0.0,0.2751,0.038,-0.0137,1.212,1.499,2.682,0.115,,2.18,-0.98,2.18,-0.98
33.627,NAV_WAYPOINT,1.3412,-0.9234,0.302,179.27,-1.09,0.09,-0.0,0.2729,0.0326,-0.0104,1.212,1.499,2.682,0.115,,2.18,-0.98,2.18,-0.98
33.692,NAV_WAYPOINT,1.3536,-0.9215,0.299,178.35,-1.13,-0.04,-0.0,0.2676,0.0248,-0.0158,1.231,1.477,2.666,0.108,,2.18,-0.98,2.18,-0.98
33.71,NAV_WAYPOINT,1.3663,-0.9186,0.298,177.61,-1.27,0.18,-0.0,0.2617,0.0187,-0.0195,1.231,1.477,2.666,0.108,,2.18,-0.98,2.18,-0.98
33.788,NAV_WAYPOINT,1.3772,-0.9155,0.301,177.12,-1.4,0.4,-0.0,0.2583,0.0105,-0.0132,,1.452,2.664,0.107,,2.18,-0.98,2.18,-0.98
33.82,NAV_WAYPOINT,1.3882,-0.915,0.303,176.83,-1.23,0.66,-0.0,0.2547,-0.0005,-0.0008,,1.452,2.664,0.107,,2.18,-0.98,2.18,-0.98
33.872,NAV_WAYPOINT,1.3998,-0.9142,0.3,176.67,-0.7,0.57,-0.0,0.2579,-0.0067,0.0026,1.245,1.434,2.684,0.106,,2.18,-0.98,2.18,-0.98
33.918,NAV_WAYPOINT,1.4115,-0.9143,0.301,176.66,-0.49,0.75,-0.0,0.2632,-0.0121,-0.0025,1.245,1.434,2.684,0.106,,2.18,-0.98,2.18,-0.98
33.972,NAV_WAYPOINT,1.4252,-0.9154,0.303,176.72,-0.37,1.16,-0.0,0.273,-0.017,0.0028,,1.412,2.702,0.101,,2.18,-0.98,2.18,-0.98
34.03,NAV_WAYPOINT,1.4394,-0.9153,0.304,176.85,-0.22,1.07,-0.0,0.278,-0.0174,0.0059,,1.412,2.702,0.101,,2.18,-0.98,2.18,-0.98
34.059,NAV_WAYPOINT,1.453,-0.9166,0.303,177.05,-0.33,1.07,-0.0,0.2849,-0.0207,0.0026,1.217,1.392,2.695,0.189,,2.18,-0.98,2.18,-0.98
34.113,NAV_WAYPOINT,1.4665,-0.9173,0.299,177.46,-0.37,1.1,-0.0,0.2894,-0.0235,-0.0025,1.217,1.392,2.695,0.189,,2.18,-0.98,2.18,-0.98
34.211,NAV_WAYPOINT,1.4797,-0.9176,0.3,178.01,-0.34,0.86,-0.0,0.301,-0.0245,-0.0107,1.193,1.365,2.743,0.64,,2.18,-0.98,2.18,-0.98
34.251,NAV_WAYPOINT,1.4938,-0.9188,0.302,178.64,-0.27,0.94,-0.0,0.3072,-0.0266,-0.002,1.193,1.365,2.743,0.64,,2.18,-0.98,2.18,-0.98
34.269,NAV_WAYPOINT,1.5107,-0.9203,0.303,179.25,0.01,0.94,-0.0,0.3112,-0.0275,0.0016,1.178,1.344,2.789,0.653,,2.18,-0.98,2.18,-0.98
34.341,NAV_WAYPOINT,1.5253,-0.9217,0.301,179.77,0.19,0.72,-0.0,0.3172,-0.0277,0.0033,1.178,1.344,2.789,0.653,,2.18,-0.98,2.18,-0.98
34.357,NAV_WAYPOINT,1.5415,-0.9215,0.3,-179.75,0.23,0.58,-0.0,0.3225,-0.0243,-0.0017,1.166,1.308,2.846,0.662,,2.18,-0.98,2.18,-0.98
34.435,NAV_WAYPOINT,1.5556,-0.9223,0.299,-179.43,0.18,0.15,-0.0,0.3235,-0.0221,-0.0025,1.166,1.308,2.846,0.662,,2.18,-0.98,2.18,-0.98
34.47,NAV_WAYPOINT,1.5708,-0.9231,0.3,-179.3,0.1,0.09,-0.0,0.3209,-0.0182,-0.0004,1.146,1.274,2.868,,,2.18,-0.98,2.18,-0.98
34.546,NAV_WAYPOINT,1.5852,-0.9233,0.301,-179.33,0.15,0.1,-0.0,0.3189,-0.0161,0.005,1.146,1.274,2.868,,,2.18,-0.98,2.18,-0.98
34.561,NAV_WAYPOINT,1.6017,-0.9238,0.303,-179.52,0.13,0.02,-0.0,0.3179,-0.0122,0.0094,1.128,1.249,2.849,,,2.18,-0.98,2.18,-0.98
34.618,NAV_WAYPOINT,1.6158,-0.923,0.305,-179.83,0.27,-0.18,-0.0,0.3133,-0.0083,0.0118,1.128,1.249,2.849,,,2.18,-0.98,2.18,-0.98
34.666,NAV_WAYPOINT,1.6302,-0.9235,0.302,179.79,0.29,-0.23,-0.0,0.307,-0.0068,0.0147,1.092,1.221,2.798,,,2.18,-0.98,2.18,-0.98
34.709,NAV_WAYPOINT,1.6455,-0.9227,0.304,179.31,0.11,-0.06,-0.0,0.3115,-0.0017,0.0028,1.092,1.221,2.798,,,2.18,-0.98,2.18,-0.98
34.788,NAV_WAYPOINT,1.6589,-0.9222,0.302,178.79,-0.2,-0.06,-0.0,0.3084,-0.0013,0.0057,1.05,1.198,2.743,,,2.18,-0.98,2.18,-0.98
34.82,NAV_WAYPOINT,1.6748,-0.9219,0.305,178.34,-0.44,-0.01,-0.0,0.3028,-0.0001,0.0003,1.05,1.198,2.743,,,2.18,-0.98,2.18,-0.98
34.883,NAV_WAYPOINT,1.6893,-0.9202,0.302,177.97,-0.73,0.11,-0.0,0.2998,-0.0038,0.002,1.046,1.169,2.687,,,2.18,-0.98,2.18,-0.98
34.912,NAV_WAYPOINT,1.703,-0.9201,0.301,177.63,-0.77,0.21,-0.0,0.3004,-0.008,-0.0037,1.046,1.169,2.687,,,2.18,-0.98,2.18,-0.98
34.959,NAV_WAYPOINT,1.7178,-0.9209,0.302,177.38,-0.83,0.39,-0.0,0.3055,-0.0156,-0.0088,1.031,1.139,,,,2.18,-0.98,2.18,-0.98
35.024,NAV_WAYPOINT,1.7325,-0.9217,0.305,177.2,-0.94,0.42,-0.0,0.3061,-0.0229,-0.0038,1.031,1.139,,,,2.18,-0.98,2.18,-0.98
35.103,NAV_WAYPOINT,1.7466,-0.9223,0.305,177.15,-0.88,0.23,-0.0,0.3078,-0.0284,0.0017,1.024,1.112,,,,2.18,-0.98,2.18,-0.98
35.129,NAV_WAYPOINT,1.764,-0.9241,0.303,177.2,-0.85,0.11,-0.0,0.3068,-0.0358,-0.0024,1.024,1.112,,,,2.18,-0.98,2.18,-0.98
35.216,NAV_WAYPOINT,1.7792,-0.9258,0.302,177.33,-0.65,0.15,-0.0,0.3071,-0.0417,-0.009,1.02,1.082,,,,2.18,-0.98,2.18,-0.98
35.234,NAV_WAYPOINT,1.7942,-0.9287,0.302,177.48,-0.59,0.19,-0.0,0.3054,-0.0481,-0.013,1.02,1.082,,,,2.18,-0.98,2.18,-0.98
35.28,NAV_WAYPOINT,1.8085,-0.9306,0.304,177.67,-0.47,0.02,-0.0,0.3106,-0.0544,-0.0115,1.031,1.055,0.231,,,2.18,-0.98,2.18,-0.98
35.312,NAV_WAYPOINT,1.8236,-0.9349,0.302,177.81,-0.31,-0.14,-0.0,0.3087,-0.0577,-0.0046,1.031,1.055,0.231,,,2.18,-0.98,2.18,-0.98
35.373,NAV_WAYPOINT,1.8393,-0.9392,0.301,177.98,-0.18,0.01,-0.0,0.3052,-0.0631,-0.0106,1.041,1.026,0.217,,,2.18,-0.98,2.18,-0.98
35.42,NAV_WAYPOINT,1.8535,-0.9423,0.301,178.27,0.03,-0.01,-0.0,0.3014,-0.0666,-0.0114,1.041,1.026,0.217,,,2.18,-0.98,2.18,-0.98
35.46,NAV_WAYPOINT,1.8664,-0.9473,0.302,178.54,0.24,0.13,-0.0,0.2972,-0.0664,-0.0113,1.055,0.996,0.225,,,2.18,-0.98,2.18,-0.98
35.529,NAV_WAYPOINT,1.881,-0.951,0.299,178.88,0.4,0.26,-0.0,0.3005,-0.0662,-0.0084,1.055,0.996,0.225,,,2.18,-0.98,2.18,-0.98
35.581,NAV_WAYPOINT,1.8944,-0.9543,0.302,179.19,0.4,0.18,-0.0,0.3014,-0.0647,-0.0145,1.07,0.971,0.22,,,2.18,-0.98,2.18,-0.98
35.608,NAV_WAYPOINT,1.9091,-0.9583,0.3,179.55,0.36,0.27,-0.0,0.2999,-0.0636,-0.0098,1.07,0.971,0.22,,,2.18,-0.98,2.18,-0.98
35.673,NAV_WAYPOINT,1.9248,-0.9625,0.301,-179.99,0.38,0.41,-0.0,0.3021,-0.0601,-0.0123,1.09,0.942,0.211,,,2.18,-0.98,2.18,-0.98
35.722,NAV_WAYPOINT,1.939,-0.9655,0.299,-179.44,0.39,0.37,-0.0,0.3005,-0.058,-0.01,1.09,0.942,0.211,,,2.18,-0.98,2.18,-0.98
35.8,NAV_WAYPOINT,1.9536,-0.9704,0.298,-178.7,0.74,0.45,-0.0,0.3034,-0.0561,-0.0108,1.097,0.917,0.219,,,2.18,-0.98,2.18,-0.98
35.827,NAV_WAYPOINT,1.9678,-0.9739,0.298,-177.93,0.91,0.33,-0.0,0.3081,-0.0519,-0.0087,1.097,0.917,0.219,,,2.18,-0.98,2.18,-0.98
35.892,NAV_WAYPOINT,1.9822,-0.9762,0.298,-177.21,1.12,0.14,-0.0,0.3101,-0.046,-0.0016,1.08,0.891,,,,2.18,-0.98,2.18,-0.98
35.912,NAV_WAYPOINT,1.9997,-0.9792,0.299,-176.63,1.48,0.52,-0.0,0.3087,-0.0341,0.0044,1.08,0.891,,,,2.18,-0.98,2.18,-0.98
35.961,NAV_WAYPOINT,2.0133,-0.9804,0.295,-176.37,1.59,0.64,-0.0,0.3093,-0.0213,0.0063,1.077,0.861,1.725,,,2.18,-0.98,2.18,-0.98
36.027,NAV_WAYPOINT,2.0271,-0.9812,0.297,-176.23,1.3,0.68,-0.0,0.3107,-0.0082,-0.0052,1.077,0.861,1.725,,,2.18,-0.98,2.18,-0.98
36.058,NAV_WAYPOINT,2.0419,-0.9807,0.295,-176.32,0.84,0.42,-0.0,0.3171,0.0037,-0.0043,1.083,0.839,1.759,,,2.18,-0.98,2.18,-0.98
36.117,NAV_WAYPOINT,2.0565,-0.9812,0.298,-176.52,0.27,0.17,-0.0,0.3174,0.0072,-0.0059,1.083,0.839,1.759,,,2.18,-0.98,2.18,-0.98
36.195,NAV_WAYPOINT,2.07,-0.9818,0.298,-176.76,0.05,0.02,-0.0,0.3141,0.0085,0.0,1.089,0.806,1.755,,,2.18,-0.98,2.18,-0.98
36.234,NAV_WAYPOINT,2.0866,-0.981,0.298,-177.0,-0.11,-0.1,-0.0,0.3108,0.0074,0.0001,1.089,0.806,1.755,,,2.18,-0.98,2.18,-0.98
36.282,NAV_WAYPOINT,2.1008,-0.9806,0.299,-177.2,-0.11,-0.06,-0.0,0.3018,0.0053,-0.0001,1.095,0.781,1.755,,,2.18,-0.98,2.18,-0.98
36.312,NAV_WAYPOINT,2.1137,-0.9814,0.297,-177.38,0.0,0.01,-0.0,0.2979,0.0031,0.0009,1.095,0.781,1.755,,,2.18,-0.98,2.18,-0.98
36.365,NAV_WAYPOINT,2.1268,-0.9819,0.299,-177.55,0.05,0.14,-0.0,0.3011,0.0028,-0.0043,1.107,0.753,1.743,,,2.18,-0.98,2.18,-0.98
36.436,NAV_WAYPOINT,2.141,-0.9819,0.296,-177.75,-0.07,-0.16,-0.0,0.2972,0.0015,0.0034,1.107,0.753,1.743,,,2.18,-0.98,2.18,-0.98
36.481,NAV_WAYPOINT,2.1563,-0.9821,0.295,-177.89,-0.08,-0.49,-0.0,0.2924,0.0016,-0.0023,1.114,0.727,1.727,,,2.18,-0.98,2.18,-0.98
36.541,NAV_WAYPOINT,2.1688,-0.9829,0.296,-178.14,-0.06,-1.29,-0.0,0.28,-0.001,-0.0046,1.114,0.727,1.727,,,2.18,-0.98,2.18,-0.98
36.61,ROTATION_SCAN,2.18,-0.9843,0.294,-178.38,0.1,-1.62,-0.0,0.2644,-0.0035,-0.0024,1.11,0.702,1.724,,,,,2.18,-0.98
36.619,ROTATION_SCAN,2.1921,-0.984,0.297,-178.65,0.31,-1.99,-0.0,0.2483,-0.0016,-0.0051,1.11,0.702,1.724,,,,,2.18,-0.98
36.681,ROTATION_SCAN,2.2028,-0.9843,0.296,-178.84,0.44,-2.17,-0.0,0.2268,0.0003,0.0015,1.102,0.68,1.727,,,,,2.18,-0.98
36.711,ROTATION_SCAN,2.211,-0.9849,0.295,-179.0,0.54,-2.88,15.0,0.2012,0.0022,0.0015,1.102,0.68,1.727,,,,,2.18,-0.98
36.785,ROTATION_SCAN,2.2214,-0.9845,0.297,-179.02,0.44,-3.42,15.0,0.1744,0.0063,-0.0011,1.098,0.666,1.709,,,,,2.18,-0.98
36.825,ROTATION_SCAN,2.2284,-0.9848,0.298,-178.92,0.39,-3.79,15.0,0.1411,0.0083,0.0035,1.098,0.666,1.709,,,,,2.18,-0.98
36.884,ROTATION_SCAN,2.2336,-0.9831,0.299,-178.69,0.45,-3.97,15.0,0.1064,0.0133,0.0058,1.072,0.647,1.7,,,,,2.18,-0.98
36.911,ROTATION_SCAN,2.2387,-0.983,0.299,-178.3,0.41,-3.93,15.0,0.0733,0.0146,0.0069,1.072,0.647,1.7,,,,,2.18,-0.98
36.972,ROTATION_SCAN,2.241,-0.9816,0.299,-177.75,0.39,-3.88,15.0,0.0389,0.0211,0.0052,1.031,0.64,1.691,,,,,2.18,-0.98
37.007,ROTATION_SCAN,2.2407,-0.9804,0.299,-177.1,0.22,-3.4,15.0,0.0047,0.0204,0.0013,1.031,0.64,1.691,,,,,2.18,-0.98
37.078,ROTATION_SCAN,2.239,-0.979,0.299,-176.31,0.07,-2.83,15.0,-0.0261,0.0227,-0.0001,0.973,0.641,1.653,,,,,2.18,-0.98
37.12,ROTATION_SCAN,2.2368,-0.9763,0.297,-175.46,-0.06,-2.18,15.0,-0.0481,0.0239,-0.0013,0.973,0.641,1.653,,,,,2.18,-0.98
37.177,ROTATION_SCAN,2.2334,-0.9741,0.295,-174.52,-0.2,-1.52,15.0,-0.0673,0.0201,-0.0067,0.949,0.645,1.616,,,,,2.18,-0.98
37.227,ROTATION_SCAN,2.2312,-0.9742,0.298,-173.5,-0.33,-1.0,15.0,-0.0775,0.0153,-0.0112,0.949,0.645,1.616,,,,,2.18,-0.98
37.269,ROTATION_SCAN,2.2258,-0.9742,0.296,-172.51,-0.42,-0.59,15.0,-0.0838,0.0099,-0.0043,0.943,0.659,1.578,,,,,2.18,-0.98
37.307,ROTATION_SCAN,2.2216,-0.9748,0.294,-171.49,-0.63,-0.23,15.0,-0.0857,0.0034,-0.0062,0.943,0.659,1.578,,,,,2.18,-0.98
37.369,ROTATION_SCAN,2.2176,-0.9756,0.298,-170.47,-0.71,-0.07,15.0,-0.0864,-0.0029,-0.0087,0.942,0.668,1.522,,,,,2.18,-0.98
37.409,ROTATION_SCAN,2.2123,-0.976,0.295,-169.43,-0.64,0.16,15.0,-0.0864,-0.0089,0.0036,0.942,0.668,1.522,,,,,2.18,-0.98
37.476,ROTATION_SCAN,2.2071,-0.9775,0.296,-168.37,-0.56,0.27,15.0,-0.0915,-0.0197,-0.0016,0.955,0.677,1.445,,,,,2.18,-0.98
37.511,ROTATION_SCAN,2.2011,-0.98,0.293,-167.34,-0.4,0.38,15.0,-0.0837,-0.0237,-0.0022,0.955,0.677,1.445,,,,,2.18,-0.98
37.561,ROTATION_SCAN,2.1984,-0.9828,0.295,-166.35,-0.37,0.49,15.0,-0.0783,-0.0282,-0.0053,0.994,0.685,1.402,,,,,2.18,-0.98
37.626,ROTATION_SCAN,2.1947,-0.9848,0.293,-165.42,-0.29,0.57,15.0,-0.0714,-0.0324,-0.001,0.994,0.685,1.402,,,,,2.18,-0.98
37.661,ROTATION_SCAN,2.1933,-0.9859,0.294,-164.48,-0.18,0.7,15.0,-0.063,-0.0312,-0.0026,1.021,0.69,1.357,,,,,2.18,-0.98
37.727,ROTATION_SCAN,2.1909,-0.9876,0.296,-163.59,-0.06,0.76,15.0,-0.0551,-0.0308,0.0005,1.021,0.69,1.357,,,,,2.18,-0.98
37.778,ROTATION_SCAN,2.1906,-0.9901,0.299,-162.69,0.04,0.85,15.0,-0.0432,-0.0315,0.0085,1.041,0.698,1.332,,,,,2.18,-0.98
37.813,ROTATION_SCAN,2.1878,-0.9917,0.298,-161.83,0.15,0.73,15.0,-0.0389,-0.0292,0.0142,1.041,0.698,1.332,,,,,2.18,-0.98
37.872,ROTATION_SCAN,2.1868,-0.9934,0.297,-161.03,0.23,0.69,15.0,-0.0317,-0.0267,0.0102,1.07,0.705,1.325,,,,,2.18,-0.98
37.925,ROTATION_SCAN,2.1864,-0.9952,0.297,-160.29,0.28,0.62,15.0,-0.0246,-0.0245,0.0052,1.07,0.705,1.325,,,,,2.18,-0.98
37.959,ROTATION_SCAN,2.1866,-0.9969,0.298,-159.56,0.4,0.61,15.0,-0.0178,-0.0216,0.0034,,0.712,1.322,,,,,2.18,-0.98
38.04,ROTATION_SCAN,2.1857,-0.9969,0.297,-158.88,0.61,0.62,15.0,-0.0145,-0.0132,0.0035,,0.712,1.322,,,,,2.18,-0.98
38.088,ROTATION_SCAN,2.1872,-0.9967,0.3,-158.28,0.58,0.59,15.0,-0.0066,-0.0048,0.0005,,0.715,1.332,,,,,2.18,-0.98
38.118,ROTATION_SCAN,2.1899,-0.9955,0.297,-157.64,0.56,0.46,15.0,0.0029,0.0046,0.0054,,0.715,1.332,,,,,2.18,-0.98
38.165,ROTATION_SCAN,2.1893,-0.996,0.295,-156.93,0.56,0.13,15.0,0.0018,0.0083,-0.0001,,0.723,1.346,,,,,2.18,-0.98
38.206,ROTATION_SCAN,2.1916,-0.9935,0.299,-156.29,0.48,-0.08,15.0,0.0055,0.017,-0.0049,,0.723,1.346,,,,,2.18,-0.98
38.271,ROTATION_SCAN,2.194,-0.9906,0.299,-155.73,0.45,-0.14,15.0,0.008,0.025,0.0037,0.437,0.73,1.367,,,,,2.18,-0.98
38.314,ROTATION_SCAN,2.1955,-0.9889,0.297,-155.09,0.49,-0.33,15.0,0.007,0.0287,0.0035,0.437,0.73,1.367,,,,,2.18,-0.98
38.397,ROTATION_SCAN,2.1936,-0.9878,0.301,-154.43,0.44,-0.63,15.0,-0.0028,0.0301,-0.0026,0.414,0.738,1.409,,,,,2.18,-0.98
38.412,ROTATION_SCAN,2.1922,-0.9854,0.299,-153.83,0.34,-0.74,15.0,-0.0118,0.0328,0.0064,0.414,0.738,1.409,,,,,2.18,-0.98
38.486,ROTATION_SCAN,2.1908,-0.9825,0.3,-153.19,0.19,-0.71,15.0,-0.0196,0.035,0.0027,0.391,,,,,,,2.18,-0.98
38.534,ROTATION_SCAN,2.1872,-0.9805,0.302,-152.53,0.1,-0.72,15.0,-0.0311,0.0345,0.0034,0.391,,,,,,,2.18,-0.98
38.556,ROTATION_SCAN,2.1828,-0.9793,0.3,-151.91,-0.07,-0.59,15.0,-0.0426,0.0288,0.0082,0.376,,1.539,,,,,2.18,-0.98
38.617,ROTATION_SCAN,2.1803,-0.9802,0.299,-151.28,-0.29,-0.21,15.0,-0.0506,0.0198,0.0029,0.376,,1.539,,,,,2.18,-0.98
38.691,ROTATION_SCAN,2.1748,-0.9829,0.3,-150.69,-0.48,0.06,15.0,-0.0511,0.0117,0.0011,0.359,,1.721,,,,,2.18,-0.98
38.723,ROTATION_SCAN,2.1717,-0.9841,0.303,-150.06,-0.45,0.36,15.0,-0.0482,0.0045,0.0059,0.359,,1.721,,,,,2.18,-0.98
38.767,ROTATION_SCAN,2.1672,-0.9859,0.303,-149.48,-0.49,0.62,15.0,-0.0471,-0.0017,0.0107,0.343,,,,,,,2.18,-0.98
38.842,ROTATION_SCAN,2.1642,-0.9877,0.3,-148.92,-0.48,0.84,15.0,-0.0422,-0.0054,0.009,0.343,,,,,,,2.18,-0.98
38.857,ROTATION_SCAN,2.1636,-0.9892,0.301,-148.32,-0.37,0.95,15.0,-0.0341,-0.0118,0.0018,0.34,,,,,,,2.18,-0.98
38.936,ROTATION_SCAN,2.159,-0.9932,0.3,-147.75,-0.43,1.16,15.0,-0.0288,-0.0141,0.0046,0.34,,,,,,,2.18,-0.98
39.006,ROTATION_SCAN,2.1598,-0.9947,0.301,-147.11,-0.3,1.18,15.0,-0.013,-0.0142,0.0024,0.327,,3.284,,,,,2.18,-0.98
39.044,ROTATION_SCAN,2.1601,-0.9963,0.302,-146.56,-0.29,1.24,15.0,-0.0015,-0.0135,0.0037,0.327,,3.284,,,,,2.18,-0.98
39.089,ROTATION_SCAN,2.1615,-0.9993,0.302,-145.94,-0.2,1.12,15.0,0.01,-0.015,0.0075,0.321,,,,,,,2.18,-0.98
39.119,ROTATION_SCAN,2.1631,-1.0015,0.303,-145.37,-0.11,1.11,15.0,0.0207,-0.0165,0.0046,0.321,,,,,,,2.18,-0.98
39.171,ROTATION_SCAN,2.1647,-1.003,0.301,-144.74,0.1,0.95,15.0,0.0284,-0.0135,0.0066,0.31,,,,,,,2.18,-0.98
39.217,ROTATION_SCAN,2.1677,-1.0055,0.301,-144.07,0.24,0.77,15.0,0.0375,-0.0148,0.001,0.31,,,,,,,2.18,-0.98
39.286,ROTATION_SCAN,2.1714,-1.0085,0.306,-143.3,0.51,0.6,15.0,0.0429,-0.0087,0.0008,0.306,,,1.015,,,,2.18,-0.98
39.314,ROTATION_SCAN,2.1733,-1.0098,0.304,-142.57,0.68,0.33,15.0,0.0416,-0.0054,0.0125,0.306,,,1.015,,,,2.18,-0.98
39.367,ROTATION_SCAN,2.1756,-1.0111,0.303,-141.79,0.98,0.18,15.0,0.0421,-0.0069,0.0053,0.304,,,,,,,2.18,-0.98
39.416,ROTATION_SCAN,2.1782,-1.0127,0.307,-141.0,1.11,0.04,15.0,0.0366,-0.0004,-0.0039,0.304,,,,,,,2.18,-0.98
39.468,ROTATION_SCAN,2.1791,-1.015,0.307,-140.17,1.25,-0.04,15.0,0.0289,0.0029,0.0068,0.301,,,1.032,,,,2.18,-0.98
39.506,ROTATION_SCAN,2.1804,-1.0146,0.305,-139.4,1.24,0.02,15.0,0.0191,0.0091,0.0067,0.301,,,1.032,,,,2.18,-0.98
39.57,ROTATION_SCAN,2.1787,-1.0159,0.304,-138.67,1.24,0.02,15.0,0.008,0.012,-0.0031,0.302,,,1.046,,,,2.18,-0.98
39.613,ROTATION_SCAN,2.1761,-1.0183,0.303,-137.92,1.23,0.15,15.0,-0.0045,0.0142,-0.006,0.302,,,1.046,,,,2.18,-0.98
39.676,ROTATION_SCAN,2.1735,-1.0165,0.303,-137.18,1.12,0.35,15.0,-0.024,0.0144,-0.0088,0.304,,,1.054,,,,2.18,-0.98
39.713,ROTATION_SCAN,2.1674,-1.0208,0.306,-136.39,0.9,0.37,15.0,-0.0305,0.0224,-0.0075,0.304,,,1.054,,,,2.18,-0.98
39.765,ROTATION_SCAN,2.1645,-1.0202,0.303,-135.62,0.57,0.62,15.0,-0.0342,0.0255,0.0003,0.301,,,1.051,,,,2.18,-0.98
39.807,ROTATION_SCAN,2.1604,-1.02,0.303,-134.84,0.39,0.77,15.0,-0.04,0.0309,-0.0095,0.301,,,1.051,,,,2.18,-0.98
39.864,ROTATION_SCAN,2.1556,-1.0209,0.304,-134.09,0.19,0.8,15.0,-0.0412,0.0346,-0.0104,0.3,,,1.073,,,,2.18,-0.98
39.924,ROTATION_SCAN,2.1537,-1.0196,0.305,-133.41,0.02,1.02,15.0,-0.0376,0.0406,-0.0026,0.3,,,1.073,,,,2.18,-0.98
39.983,ROTATION_SCAN,2.1492,-1.0182,0.306,-132.78,-0.09,1.1,15.0,-0.0362,0.045,-0.0007,0.303,0.425,,1.08,,,,2.18,-0.98
40.011,ROTATION_SCAN,2.1465,-1.0162,0.305,-132.16,-0.25,1.1,15.0,-0.0316,0.0499,-0.0005,0.303,0.425,,1.08,,,,2.18,-0.98
40.062,ROTATION_SCAN,2.1449,-1.0145,0.305,-131.5,-0.44,1.12,15.0,-0.0235,0.0527,-0.0032,0.303,0.408,,1.09,,,,2.18,-0.98
40.106,ROTATION_SCAN,2.1425,-1.0123,0.302,-130.87,-0.54,0.91,15.0,-0.0189,0.0576,-0.0056,0.303,0.408,,1.09,,,,2.18,-0.98
40.163,ROTATION_SCAN,2.1414,-1.0096,0.302,-130.27,-0.65,0.73,15.0,-0.0095,0.0561,-0.0138,0.311,0.397,,1.117,,,,2.18,-0.98
40.207,ROTATION_SCAN,2.1413,-1.0082,0.304,-129.75,-0.74,0.42,15.0,-0.0014,0.0537,-0.0087,0.311,0.397,,1.117,,,,2.18,-0.98
40.268,ROTATION_SCAN,2.1417,-1.0056,0.301,-129.27,-0.54,0.37,15.0,0.0063,0.0497,-0.0016,0.318,0.389,,1.139,,,,2.18,-0.98
40.31,ROTATION_SCAN,2.1439,-1.006,0.298,-128.74,-0.38,0.42,15.0,0.0145,0.0455,-0.0103,0.318,0.389,,1.139,,,,2.18,-0.98
40.358,ROTATION_SCAN,2.1465,-1.0068,0.299,-128.12,-0.3,0.44,15.0,0.0228,0.0387,-0.0152,0.324,0.385,,1.178,,,,2.18,-0.98
40.421,ROTATION_SCAN,2.1473,-1.0061,0.3,-127.49,-0.16,0.33,15.0,0.0249,0.0351,-0.006,0.324,0.385,,1.178,,,,2.18,-0.98
40.459,ROTATION_SCAN,2.1486,-1.0062,0.299,-126.83,-0.08,0.28,15.0,0.0301,0.038,-0.0022,0.337,0.379,,1.211,,,,2.18,-0.98
40.512,ROTATION_SCAN,2.1492,-1.0038,0.299,-126.08,0.03,0.18,15.0,0.0277,0.0371,-0.0041,0.337,0.379,,1.211,,,,2.18,-0.98
40.568,ROTATION_SCAN,2.155,-1.0085,0.298,-125.35,0.14,0.11,15.0,0.0376,0.022,-0.0045,0.353,0.376,,1.243,,,,2.18,-0.98
40.614,ROTATION_SCAN,2.1559,-1.0102,0.299,-124.6,0.4,0.18,15.0,0.0341,0.019,-0.0037,0.353,0.376,,1.243,,,,2.18,-0.98
40.674,ROTATION_SCAN,2.155,-1.0113,0.299,-123.81,0.6,0.24,15.0,0.0264,0.0166,-0.0022,0.367,0.375,,1.244,,,,2.18,-0.98
40.71,ROTATION_SCAN,2.1555,-1.0121,0.301,-122.97,0.79,0.33,15.0,0.0189,0.0176,-0.0005,0.367,0.375,,1.244,,,,2.18,-0.98
40.761,ROTATION_SCAN,2.1533,-1.0117,0.299,-121.97,0.73,0.44,15.0,0.0104,0.024,0.005,0.385,0.37,,1.195,,,,2.18,-0.98
40.854,ROTATION_SCAN,2.1522,-1.0113,0.3,-120.95,0.57,0.55,15.0,0.0011,0.0306,-0.0031,0.385,0.37,,1.195,,,,2.18,-0.98
40.883,ROTATION_SCAN,2.1469,-1.0072,0.299,-119.84,0.37,0.64,15.0,-0.0092,0.0392,-0.0013,0.402,0.368,,,,,,2.18,-0.98
40.943,ROTATION_SCAN,2.1414,-1.0068,0.3,-118.8,0.12,0.7,15.0,-0.0214,0.0508,-0.002,0.402,0.368,,,,,,2.18,-0.98
40.978,ROTATION_SCAN,2.1368,-1.0031,0.299,-117.77,-0.17,0.58,15.0,-0.0239,0.0504,-0.0014,0.423,0.364,,0.817,,,,2.18,-0.98
41.024,ROTATION_SCAN,2.1329,-1.0021,0.301,-116.78,-0.46,0.52,15.0,-0.0279,0.0504,-0.0055,0.423,0.364,,0.817,,,,2.18,-0.98
41.058,ROTATION_SCAN,2.1299,-1.001,0.303,-115.82,-0.65,0.49,15.0,-0.0242,0.0471,-0.0023,0.446,0.367,,0.758,,,,2.18,-0.98
41.107,ROTATION_SCAN,2.1258,-0.9979,0.3,-114.88,-0.75,0.48,15.0,-0.0233,0.0511,0.0055,0.446,0.367,,0.758,,,,2.18,-0.98
41.18,ROTATION_SCAN,2.1224,-0.9971,0.301,-113.98,-0.99,0.5,15.0,-0.0225,0.0477,-0.0055,0.462,0.372,,0.723,,,,2.18,-0.98
41.207,ROTATION_SCAN,2.1197,-0.9958,0.298,-113.06,-1.09,0.42,15.0,-0.0151,0.0456,-0.0004,0.462,0.372,,0.723,,,,2.18,-0.98
41.279,ROTATION_SCAN,2.118,-0.9944,0.3,-112.23,-1.29,0.57,15.0,-0.0063,0.0398,-0.0073,0.487,0.386,,0.704,,,,2.18,-0.98
41.309,ROTATION_SCAN,2.1158,-0.9947,0.299,-111.34,-1.53,0.48,15.0,0.0009,0.0372,-0.0006,0.487,0.386,,0.704,,,,2.18,-0.98
41.359,ROTATION_SCAN,2.1152,-0.9965,0.296,-110.5,-1.68,0.43,15.0,0.0128,0.0272,-0.0013,0.505,0.404,,0.697,,,,2.18,-0.98
41.406,ROTATION_SCAN,2.1157,-0.9969,0.301,-109.67,-1.71,0.5,15.0,0.0264,0.0215,-0.0122,0.505,0.404,,0.697,,,,2.18,-0.98
41.473,ROTATION_SCAN,2.1197,-0.9975,0.299,-108.84,-1.59,0.62,15.0,0.0464,0.0176,0.0037,0.543,0.422,,0.697,,,,2.18,-0.98
41.568,ROTATION_SCAN,2.1236,-0.9978,0.299,-108.08,-1.32,0.58,15.0,0.0612,0.0146,-0.0,0.543,0.422,,0.697,,,,2.18,-0.98
41.583,ROTATION_SCAN,2.1261,-0.9988,0.297,-107.3,-0.98,0.48,15.0,0.0701,0.0115,-0.0051,0.588,0.441,,0.704,,,,2.18,-0.98
41.608,ROTATION_SCAN,2.1311,-0.9998,0.299,-106.5,-0.75,0.41,15.0,0.0873,0.0092,-0.0052,0.588,0.441,,0.704,,,,2.18,-0.98
41.671,ROTATION_SCAN,2.1356,-1.0006,0.299,-105.68,-0.47,0.36,15.0,0.0901,0.0053,-0.0003,0.644,0.462,,0.716,,,,2.18,-0.98
41.72,ROTATION_SCAN,2.14,-1.0031,0.301,-104.8,-0.07,0.38,15.0,0.0914,0.0022,0.0003,0.644,0.462,,0.716,,,,2.18,-0.98
41.772,ROTATION_SCAN,2.1439,-1.0051,0.298,-103.89,0.26,0.48,15.0,0.0886,0.0009,0.0043,0.702,0.494,,0.733,,,,2.18,-0.98
41.841,ROTATION_SCAN,2.1463,-1.0087,0.301,-102.95,0.56,0.47,15.0,0.0836,-0.0035,-0.0024,0.702,0.494,,0.733,,,,2.18,-0.98
41.871,ROTATION_SCAN,2.1486,-1.011,0.299,-102.0,0.78,0.7,15.0,0.0743,-0.0025,0.0017,0.802,0.548,0.718,0.76,,,,2.18,-0.98
41.926,ROTATION_SCAN,2.1506,-1.0129,0.296,-101.05,0.77,0.77,15.0,0.066,-0.0,-0.0029,0.802,0.548,0.718,0.76,,,,2.18,-0.98
41.972,ROTATION_SCAN,2.1509,-1.0171,0.299,-100.11,0.91,0.86,15.0,0.0517,-0.003,-0.0139,0.935,0.591,0.709,0.789,,,,2.18,-0.98
42.022,ROTATION_SCAN,2.1496,-1.0195,0.297,-99.22,0.78,1.03,15.0,0.0385,0.0014,-0.0049,0.935,0.591,0.709,0.789,,,,2.18,-0.98
42.088,ROTATION_SCAN,2.1498,-1.0216,0.296,-98.35,0.8,1.12,15.0,0.0284,0.0041,-0.0069,1.538,0.636,0.703,0.798,,,,2.18,-0.98
42.137,ROTATION_SCAN,2.1471,-1.024,0.296,-97.55,0.67,1.24,15.0,0.0137,0.009,-0.0116,1.538,0.636,0.703,0.798,,,,2.18,-0.98
42.164,ROTATION_SCAN,2.1442,-1.026,0.297,-96.74,0.36,1.26,15.0,0.0018,0.014,-0.0069,,0.706,0.701,0.791,,,,2.18,-0.98
42.276,ROTATION_SCAN,2.1401,-1.0274,0.296,-96.0,0.17,1.27,15.0,-0.0079,0.0202,-0.0026,,0.706,0.701,0.791,,,,2.18,-0.98
42.289,ROTATION_SCAN,2.1365,-1.0285,0.295,-95.28,-0.07,1.3,15.0,-0.0139,0.0282,-0.0031,1.826,0.801,0.703,0.777,,,,2.18,-0.98
42.316,ROTATION_SCAN,2.1336,-1.0283,0.296,-94.55,-0.28,1.28,15.0,-0.0171,0.0349,-0.0053,1.826,0.801,0.703,0.777,,,,2.18,-0.98
42.358,ROTATION_SCAN,2.1296,-1.0284,0.298,-93.86,-0.36,1.26,15.0,-0.0203,0.0428,0.0,1.803,,0.703,0.764,,,,2.18,-0.98
42.436,ROTATION_SCAN,2.1279,-1.0284,0.299,-93.17,-0.72,1.34,15.0,-0.0214,0.0487,0.0039,1.803,,0.703,0.764,,,,2.18,-0.98
42.472,ROTATION_SCAN,2.124,-1.0259,0.297,-92.45,-0.99,1.13,15.0,-0.0207,0.0593,0.0053,1.769,,0.701,0.753,,,,2.18,-0.98
42.519,ROTATION_SCAN,2.1225,-1.0239,0.296,-91.7,-1.23,1.03,15.0,-0.0118,0.063,-0.0008,1.769,,0.701,0.753,,,,2.18,-0.98
42.578,ROTATION_SCAN,2.12,-1.0219,0.295,-90.98,-1.38,0.97,15.0,-0.0026,0.0705,-0.0041,1.749,,0.704,0.751,,,,2.18,-0.98
42.62,ROTATION_SCAN,2.1194,-1.02,0.297,-90.2,-1.51,0.76,15.0,0.0055,0.0739,-0.0031,1.749,,0.704,0.751,,,,2.18,-0.98
42.694,ROTATION_SCAN,2.119,-1.0162,0.299,-89.38,-1.57,0.46,15.0,0.0195,0.0776,0.0016,1.714,,0.707,0.757,,,,2.18,-0.98
42.82,NAV_WAYPOINT,2.1219,-1.0155,0.294,-88.51,-1.5,0.39,-0.0,0.0352,0.0756,0.0073,1.714,,0.707,0.757,,2.5,-1.02,2.5,-0.98
42.839,NAV_WAYPOINT,2.1248,-1.0142,0.295,-87.7,-1.04,0.09,-0.0,0.0504,0.0718,-0.0039,1.693,,0.705,0.773,,2.5,-1.02,2.5,-0.98
42.867,NAV_WAYPOINT,2.1286,-1.0129,0.295,-87.0,-0.43,-0.35,-0.0,0.0561,0.0628,-0.0008,1.693,,0.705,0.773,,2.5,-1.02,2.5,-0.98
42.912,NAV_WAYPOINT,2.1319,-1.0133,0.296,-86.37,0.15,-0.66,-0.0,0.0604,0.0493,0.0006,1.678,,0.702,0.788,,2.5,-1.02,2.5,-0.98
42.947,NAV_WAYPOINT,2.1358,-1.0136,0.295,-85.85,0.58,-0.65,-0.0,0.0626,0.0375,0.0043,1.678,,0.702,0.788,,2.5,-1.02,2.5,-0.98
42.962,NAV_WAYPOINT,2.1403,-1.0134,0.299,-85.45,-0.59,-0.63,-0.0,0.0589,0.0272,0.0083,1.652,,0.699,0.796,,2.5,-1.02,2.5,-0.98
43.007,NAV_WAYPOINT,2.1397,-1.0156,0.297,-85.13,-2.07,-0.65,-0.0,0.0647,0.015,0.0221,1.652,,0.699,0.796,,2.5,-1.02,2.5,-0.98
43.075,NAV_WAYPOINT,2.142,-1.0175,0.3,-84.92,-3.02,-0.47,-0.0,0.081,0.0054,0.0161,1.628,,0.694,0.799,,2.5,-1.02,2.5,-0.98
43.106,NAV_WAYPOINT,2.1458,-1.0194,0.304,-84.76,-3.69,-0.47,-0.0,0.106,-0.0041,0.0193,1.628,,0.694,0.799,,2.5,-1.02,2.5,-0.98
43.161,NAV_WAYPOINT,2.1519,-1.0214,0.304,-84.57,-4.07,-0.48,-0.0,0.1386,-0.0098,0.0267,1.603,,0.689,0.804,,2.5,-1.02,2.5,-0.98
43.226,NAV_WAYPOINT,2.1598,-1.0242,0.299,-84.4,-3.95,-0.3,-0.0,0.1735,-0.0156,0.0183,1.603,,0.689,0.804,,2.5,-1.02,2.5,-0.98
43.265,NAV_WAYPOINT,2.1684,-1.0259,0.304,-84.23,-3.62,0.08,-0.0,0.2043,-0.017,0.0034,1.575,,0.674,0.82,,2.5,-1.02,2.5,-0.98
43.322,NAV_WAYPOINT,2.1804,-1.0283,0.302,-84.11,-3.23,0.22,-0.0,0.2334,-0.0171,0.0129,1.575,,0.674,0.82,,2.5,-1.02,2.5,-0.98
43.373,NAV_WAYPOINT,2.192,-1.0301,0.303,-84.05,-2.69,0.5,-0.0,0.2571,-0.0155,0.0054,1.531,,0.657,0.842,,2.5,-1.02,2.5,-0.98
43.406,NAV_WAYPOINT,2.205,-1.0314,0.305,-84.13,-2.1,0.71,-0.0,0.2742,-0.0102,0.0045,1.531,,0.657,0.842,,2.5,-1.02,2.5,-0.98
43.476,NAV_WAYPOINT,2.2182,-1.0325,0.306,-84.26,-1.51,0.91,-0.0,0.2915,-0.0074,0.0071,1.495,,0.63,0.872,,2.5,-1.02,2.5,-0.98
43.506,NAV_WAYPOINT,2.2331,-1.0331,0.305,-84.43,-0.96,0.89,-0.0,0.3004,0.0013,0.0033,1.495,,0.63,0.872,,2.5,-1.02,2.5,-0.98
43.576,NAV_WAYPOINT,2.2446,-1.0335,0.308,-84.66,-0.59,0.96,-0.0,0.2984,0.0077,0.001,1.465,,0.61,0.898,,2.5,-1.02,2.5,-0.98
43.62,NAV_WAYPOINT,2.2597,-1.033,0.305,-84.94,-0.31,0.9,-0.0,0.2973,0.0147,0.0042,1.465,,0.61,0.898,,2.5,-1.02,2.5,-0.98
43.668,NAV_WAYPOINT,2.2715,-1.033,0.306,-85.22,-0.09,0.66,-0.0,0.2906,0.0206,-0.0045,1.44,,0.584,0.924,,2.5,-1.02,2.5,-0.98
43.735,NAV_WAYPOINT,2.2854,-1.0313,0.303,-85.6,-0.11,0.43,-0.0,0.2866,0.025,-0.0027,1.44,,0.584,0.924,,2.5,-1.02,2.5,-0.98
43.756,NAV_WAYPOINT,2.2981,-1.0307,0.307,-86.03,-0.12,0.25,-0.0,0.2892,0.0268,-0.0115,1.428,0.346,0.557,0.943,,2.5,-1.02,2.5,-0.98
43.821,NAV_WAYPOINT,2.3103,-1.0294,0.306,-86.44,-0.1,0.26,-0.0,0.2833,0.0291,-0.0029,1.428,0.346,0.557,0.943,,2.5,-1.02,2.5,-0.98
43.887,NAV_WAYPOINT,2.3231,-1.0289,0.304,-86.78,-0.07,0.16,-0.0,0.2773,0.0275,-0.0033,1.423,0.325,0.537,0.959,,2.5,-1.02,2.5,-0.98
43.921,NAV_WAYPOINT,2.335,-1.0282,0.304,-87.12,-0.12,0.02,-0.0,0.2726,0.0268,-0.0105,1.423,0.325,0.537,0.959,,2.5,-1.02,2.5,-0.98
43.978,NAV_WAYPOINT,2.346,-1.027,0.305,-87.43,-0.34,0.05,-0.0,0.2707,0.0252,-0.0095,1.402,0.329,0.515,0.971,,2.5,-1.02,2.5,-0.98
44.013,NAV_WAYPOINT,2.359,-1.0268,0.303,-87.65,-0.41,-0.18,-0.0,0.2718,0.025,-0.0049,1.402,0.329,0.515,0.971,,2.5,-1.02,2.5,-0.98
44.063,NAV_WAYPOINT,2.37,-1.0249,0.304,-87.94,-0.54,-0.23,-0.0,0.2724,0.0229,-0.0098,1.388,0.337,0.488,0.976,,2.5,-1.02,2.5,-0.98
44.133,NAV_WAYPOINT,2.382,-1.0253,0.304,-88.12,-0.58,-0.27,-0.0,0.2743,0.0197,-0.0025,1.388,0.337,0.488,0.976,,2.5,-1.02,2.5,-0.98
44.157,NAV_WAYPOINT,2.3952,-1.0244,0.305,-88.31,-0.69,-0.19,-0.0,0.2737,0.0165,-0.0049,1.361,0.333,0.468,0.981,,2.5,-1.02,2.5,-0.98
44.255,NAV_WAYPOINT,2.4081,-1.0238,0.302,-88.46,-0.82,-0.05,-0.0,0.2744,0.0137,-0.0039,1.361,0.333,0.468,0.981,,2.5,-1.02,2.5,-0.98
44.289,NAV_WAYPOINT,2.4212,-1.0236,0.304,-88.65,-0.89,-0.04,-0.0,0.2818,0.0135,-0.011,1.338,0.335,0.444,0.979,,2.5,-1.02,2.5,-0.98
44.347,NAV_WAYPOINT,2.4341,-1.0232,0.301,-88.78,-0.8,0.07,-0.0,0.2889,0.0124,-0.0073,1.338,0.335,0.444,0.979,,2.5,-1.02,2.5,-0.98
44.361,NAV_WAYPOINT,2.4489,-1.024,0.303,-88.93,-0.65,0.13,-0.0,0.2938,0.0099,-0.0119,1.314,0.345,0.415,0.971,,2.5,-1.02,2.5,-0.98
44.424,NAV_WAYPOINT,2.463,-1.0237,0.301,-89.04,-0.26,0.19,-0.0,0.2958,0.0106,-0.0054,1.314,0.345,0.415,0.971,,2.5,-1.02,2.5,-0.98
44.458,NAV_WAYPOINT,2.4779,-1.0235,0.301,-89.14,0.0,0.38,-0.0,0.2931,0.0118,-0.0087,1.287,0.373,0.39,0.959,,2.5,-1.02,2.5,-0.98
44.524,NAV_WAYPOINT,2.4908,-1.0241,0.302,-89.15,0.7,0.31,-0.0,0.2901,0.012,-0.008,1.287,0.373,0.39,0.959,,2.5,-0.98,2.5,-0.98
44.559,NAV_WAYPOINT,2.5063,-1.0232,0.301,-89.1,1.54,0.47,-0.0,0.2875,0.0149,-0.0029,1.27,0.46,0.36,0.955,,2.5,-0.98,2.5,-0.98
44.634,NAV_WAYPOINT,2.5218,-1.0236,0.3,-89.08,2.31,0.38,-0.0,0.2731,0.0162,-0.007,1.27,0.46,0.36,0.955,,2.5,-0.98,2.5,-0.98
44.67,NAV_WAYPOINT,2.5333,-1.0224,0.299,-89.07,3.21,1.07,-0.0,0.2477,0.0189,-0.0124,1.254,0.588,0.336,0.964,,2.5,-0.98,2.5,-0.98
44.724,NAV_WAYPOINT,2.5462,-1.0241,0.3,-89.11,3.58,1.78,-0.0,0.2205,0.027,-0.0118,1.254,0.588,0.336,0.964,,2.5,-0.98,2.5,-0.98
44.776,NAV_WAYPOINT,2.5575,-1.0239,0.3,-89.18,4.28,2.14,-0.0,0.1866,0.0395,-0.0106,1.254,,0.319,0.964,,2.5,-0.98,2.5,-0.98
44.81,NAV_WAYPOINT,2.5655,-1.0239,0.299,-89.23,4.99,2.08,-0.0,0.1498,0.054,-0.0053,1.254,,0.319,0.964,,2.5,-0.98,2.5,-0.98
44.863,NAV_WAYPOINT,2.5742,-1.0202,0.3,-89.27,5.57,2.05,-0.0,0.1102,0.0717,-0.0068,1.251,,0.305,0.973,,2.5,-0.98,2.5,-0.98
44.948,NAV_WAYPOINT,2.5784,-1.0191,0.302,-89.35,5.73,1.92,-0.0,0.0631,0.0846,-0.0031,1.251,,0.305,0.973,,2.5,-0.98,2.5,-0.98
44.968,NAV_WAYPOINT,2.5813,-1.014,0.306,-89.33,5.67,1.65,-0.0,0.0152,0.0994,-0.0002,1.258,,0.297,0.986,,2.5,-0.98,2.5,-0.98
45.017,NAV_WAYPOINT,2.5807,-1.0073,0.301,-89.35,5.56,1.45,-0.0,-0.033,0.1118,0.0058,1.258,,0.297,0.986,,2.5,-0.98,2.5,-0.98
45.077,NAV_WAYPOINT,2.5791,-1.0036,0.299,-89.39,5.17,1.12,-0.0,-0.0756,0.1214,-0.0064,1.266,,0.297,0.982,,2.5,-0.98,2.5,-0.98
45.106,NAV_WAYPOINT,2.5752,-1.0004,0.298,-89.38,4.62,0.78,-0.0,-0.1198,0.1298,-0.0155,1.266,,0.297,0.982,,2.5,-0.98,2.5,-0.98
45.178,NAV_WAYPOINT,2.5684,-0.9926,0.293,-89.3,4.04,0.34,-0.0,-0.1533,0.1317,-0.0139,1.279,,0.301,0.982,,2.5,-0.98,2.5,-0.98
45.205,NAV_WAYPOINT,2.5607,-0.9868,0.296,-89.27,3.35,0.0,-0.0,-0.1848,0.1319,-0.0229,1.279,,0.301,0.982,,2.5,-0.98,2.5,-0.98
45.273,NAV_WAYPOINT,2.5511,-0.9818,0.294,-89.23,2.69,-0.27,-0.0,-0.2094,0.1278,-0.0131,1.282,,0.315,0.968,,2.5,-0.98,2.5,-0.98
45.332,NAV_WAYPOINT,2.5425,-0.979,0.297,-89.19,1.86,-0.65,-0.0,-0.2228,0.1187,-0.0076,1.282,,0.315,0.968,,2.5,-0.98,2.5,-0.98
45.356,NAV_WAYPOINT,2.5309,-0.974,0.297,-89.15,1.08,-0.99,-0.0,-0.2364,0.1105,-0.0017,1.296,,0.331,0.959,,2.5,-0.98,2.5,-0.98
45.431,NAV_WAYPOINT,2.5206,-0.9707,0.296,-89.11,0.05,-1.42,-0.0,-0.2375,0.0977,0.0033,1.296,,0.331,0.959,,,,2.5,-0.98
45.522,LANDING_REGION_SCAN,2.5125,-0.9677,0.296,-89.09,-0.75,-1.81,-0.0,-0.2253,0.0819,0.0013,1.318,,0.353,0.953,,,,,
45.641,SCAN_NAV_WAYPOINT,2.5044,-0.9652,0.294,-89.04,-1.58,-1.75,-0.0,-0.2083,0.0651,0.0035,1.318,,0.353,0.953,,2.52,-1.34,3.62,-1.12
45.66,SCAN_NAV_WAYPOINT,2.4963,-0.9614,0.3,-88.96,-2.77,-1.7,-0.0,-0.1854,0.0526,0.0017,1.327,0.477,0.366,0.94,,2.52,-1.34,3.62,-1.12
45.665,SCAN_NAV_WAYPOINT,2.4927,-0.9596,0.299,-88.93,-3.36,-1.58,-0.0,-0.1456,0.0398,0.0161,1.327,0.477,0.366,0.94,,2.52,-1.34,3.62,-1.12
45.677,SCAN_NAV_WAYPOINT,2.4875,-0.958,0.298,-88.92,-3.43,-1.34,-0.0,-0.1128,0.0286,0.0113,1.332,0.44,0.37,0.939,,2.52,-1.34,3.62,-1.12
45.719,SCAN_NAV_WAYPOINT,2.4851,-0.9584,0.297,-88.89,-3.2,-1.05,-0.0,-0.0777,0.016,0.0053,1.332,0.44,0.37,0.939,,2.52,-1.34,3.62,-1.12
45.762,SCAN_NAV_WAYPOINT,2.4845,-0.9591,0.299,-88.88,-2.83,-0.98,-0.0,-0.044,0.0065,0.0064,1.344,0.419,0.372,0.936,,2.52,-1.34,3.62,-1.12
45.838,SCAN_NAV_WAYPOINT,2.4882,-0.9597,0.3,-89.05,-2.25,-2.88,-0.0,-0.0075,-0.0045,0.0152,1.344,0.419,0.372,0.936,,2.52,-1.34,3.62,-1.12
45.886,SCAN_NAV_WAYPOINT,2.491,-0.9611,0.299,-89.05,-1.67,-4.06,-0.0,0.0172,-0.0314,0.0108,1.342,0.437,0.368,0.943,,2.52,-1.34,3.62,-1.12
45.916,SCAN_NAV_WAYPOINT,2.4951,-0.9635,0.3,-88.98,-1.21,-4.72,-0.0,0.0383,-0.064,0.0071,1.342,0.437,0.368,0.943,,2.52,-1.34,3.62,-1.12
45.965,SCAN_NAV_WAYPOINT,2.4988,-0.968,0.303,-88.83,-0.61,-4.86,-0.0,0.0517,-0.1031,0.007,1.336,0.462,0.363,0.938,,2.52,-1.34,3.62,-1.12
46.042,SCAN_NAV_WAYPOINT,2.5043,-0.976,0.304,-88.64,-0.12,-4.59,-0.0,0.0647,-0.1456,0.0113,1.336,0.462,0.363,0.938,,2.52,-1.34,3.62,-1.12
46.069,SCAN_NAV_WAYPOINT,2.511,-0.9877,0.302,-88.46,0.42,-4.05,-0.0,0.0718,-0.1894,0.0082,1.315,0.487,0.358,0.925,,2.52,-1.34,3.62,-1.12
46.117,SCAN_NAV_WAYPOINT,2.5156,-0.9988,0.303,-88.32,0.72,-3.41,-0.0,0.0702,-0.2195,-0.0023,1.315,0.487,0.358,0.925,,2.52,-1.34,3.62,-1.12
46.157,SCAN_NAV_WAYPOINT,2.5191,-1.0108,0.301,-88.11,0.97,-2.78,-0.0,0.0661,-0.2467,-0.0011,1.295,0.522,0.348,0.917,,2.52,-1.34,3.62,-1.12
46.219,SCAN_NAV_WAYPOINT,2.5229,-1.0239,0.301,-87.98,1.11,-2.03,-0.0,0.0591,-0.266,-0.0083,1.295,0.522,0.348,0.917,,2.52,-1.34,3.62,-1.12
46.275,SCAN_NAV_WAYPOINT,2.5268,-1.0375,0.298,-87.87,0.99,-1.29,-0.0,0.0532,-0.287,-0.0077,1.263,0.559,0.337,0.908,,2.52,-1.34,3.62,-1.12
46.352,SCAN_NAV_WAYPOINT,2.5285,-1.0516,0.299,-87.64,1.02,-0.79,-0.0,0.0431,-0.2937,-0.0127,1.263,0.559,0.337,0.908,,2.52,-1.34,3.62,-1.12
46.377,SCAN_NAV_WAYPOINT,2.5304,-1.0663,0.299,-87.49,0.77,-0.42,-0.0,0.0353,-0.2937,-0.0109,1.232,0.588,0.33,0.9,,2.52,-1.34,3.62,-1.12
46.447,SCAN_NAV_WAYPOINT,2.5315,-1.0798,0.298,-87.29,0.64,-0.16,-0.0,0.0278,-0.2933,-0.0029,1.232,0.588,0.33,0.9,,2.52,-1.34,3.62,-1.12
46.459,SCAN_NAV_WAYPOINT,2.5332,-1.0927,0.299,-87.13,0.47,0.04,-0.0,0.025,-0.2902,-0.0079,1.205,0.619,0.324,0.886,,2.52,-1.34,3.62,-1.12
46.511,SCAN_NAV_WAYPOINT,2.5347,-1.1064,0.299,-87.04,0.32,0.19,-0.0,0.0237,-0.2904,-0.0041,1.205,0.619,0.324,0.886,,2.52,-1.34,3.62,-1.12
46.567,SCAN_NAV_WAYPOINT,2.5361,-1.1201,0.3,-86.94,0.26,0.31,-0.0,0.0205,-0.2838,-0.0017,1.178,0.637,0.314,0.84,,2.52,-1.34,3.62,-1.12
46.612,SCAN_NAV_WAYPOINT,2.5383,-1.1347,0.3,-86.89,0.22,0.11,-0.0,0.0205,-0.2782,0.001,1.178,0.637,0.314,0.84,,2.52,-1.34,3.62,-1.12
46.666,SCAN_NAV_WAYPOINT,2.5401,-1.1443,0.299,-86.87,0.38,0.15,-0.0,0.0218,-0.272,0.0014,1.148,0.659,0.309,0.753,,2.52,-1.34,3.62,-1.12
46.759,SCAN_NAV_WAYPOINT,2.543,-1.1573,0.299,-86.96,0.43,-0.07,-0.0,0.0226,-0.2718,-0.0041,1.148,0.659,0.309,0.753,,2.52,-1.34,3.62,-1.12
46.78,SCAN_NAV_WAYPOINT,2.5451,-1.1709,0.297,-87.11,0.46,-0.2,-0.0,0.0204,-0.2756,-0.002,1.122,0.696,0.308,0.689,,2.52,-1.34,3.62,-1.12
46.82,SCAN_NAV_WAYPOINT,2.5471,-1.1835,0.299,-87.34,0.75,-0.17,-0.0,0.0206,-0.2739,-0.0056,1.122,0.696,0.308,0.689,,2.52,-1.34,3.62,-1.12
46.857,SCAN_NAV_WAYPOINT,2.5493,-1.1961,0.299,-87.67,0.9,-0.2,-0.0,0.0153,-0.2746,-0.001,1.098,,0.328,0.658,,2.52,-1.34,3.62,-1.12
46.908,SCAN_NAV_WAYPOINT,2.5504,-1.2101,0.299,-88.08,1.1,-0.2,-0.0,0.0085,-0.2742,0.0029,1.098,,0.328,0.658,,2.52,-1.34,3.62,-1.12
46.983,SCAN_NAV_WAYPOINT,2.552,-1.2232,0.301,-88.57,1.31,-0.17,-0.0,0.0018,-0.273,0.0049,1.072,,0.381,0.642,,2.52,-1.34,3.62,-1.12
47.012,SCAN_NAV_WAYPOINT,2.5512,-1.2351,0.299,-88.98,1.5,-0.27,-0.0,-0.0108,-0.2741,0.0122,1.072,,0.381,0.642,,2.52,-1.34,3.62,-1.12
47.076,SCAN_NAV_WAYPOINT,2.5522,-1.2475,0.303,-89.3,1.34,-0.45,-0.0,-0.0198,-0.2737,0.003,1.044,,,0.625,,2.52,-1.34,3.62,-1.12
47.141,SCAN_NAV_WAYPOINT,2.5509,-1.2605,0.305,-89.65,1.42,-0.44,-0.0,-0.0299,-0.2809,0.0099,1.044,,,0.625,,2.52,-1.34,3.62,-1.12
47.166,SCAN_NAV_WAYPOINT,2.5498,-1.2758,0.303,-89.99,1.49,-0.45,-0.0,-0.0416,-0.2813,0.0168,1.016,,,0.61,,2.52,-1.34,3.62,-1.12
47.217,SCAN_NAV_WAYPOINT,2.5481,-1.2886,0.303,-90.23,1.44,-0.29,-0.0,-0.0501,-0.2835,0.0026,1.016,,,0.61,,2.52,-1.34,3.62,-1.12
47.293,SCAN_NAV_WAYPOINT,2.5464,-1.3027,0.299,-90.39,1.27,-0.17,-0.0,-0.062,-0.2825,-0.0003,0.991,,,0.593,,2.52,-1.34,3.62,-1.12
47.321,SCAN_NAV_WAYPOINT,2.5442,-1.3158,0.304,-90.61,0.96,0.25,-0.0,-0.0695,-0.2842,-0.0122,0.991,,,0.593,,2.52,-1.34,3.62,-1.12
47.392,SCAN_NAV_WAYPOINT,2.5415,-1.3302,0.302,-90.89,0.82,0.96,-0.0,-0.0753,-0.2838,0.0018,0.965,,,0.589,,3.62,-1.34,3.62,-1.12
47.427,SCAN_NAV_WAYPOINT,2.5378,-1.344,0.299,-91.28,0.73,1.63,-0.0,-0.0774,-0.2724,0.0003,0.965,,,0.589,,3.62,-1.34,3.62,-1.12
47.458,SCAN_NAV_WAYPOINT,2.5343,-1.36,0.299,-91.67,0.7,2.18,-0.0,-0.0841,-0.2535,-0.0096,0.942,,,0.584,,3.62,-1.34,3.62,-1.12
47.506,SCAN_NAV_WAYPOINT,2.5315,-1.3722,0.304,-91.99,0.41,2.99,-0.0,-0.0816,-0.2349,-0.0038,0.942,,,0.584,,3.62,-1.34,3.62,-1.12
47.558,SCAN_NAV_WAYPOINT,2.5279,-1.3831,0.302,-92.41,-1.95,3.78,-0.0,-0.0753,-0.2053,0.0087,0.919,,,0.574,,3.62,-1.34,3.62,-1.12
47.621,SCAN_NAV_WAYPOINT,2.524,-1.3945,0.306,-92.82,-3.95,4.49,-0.0,-0.0579,-0.182,0.0091,0.919,,,0.574,,3.62,-1.34,3.62,-1.12
47.656,SCAN_NAV_WAYPOINT,2.5225,-1.4024,0.304,-93.16,-4.89,4.56,-0.0,-0.0137,-0.1442,0.012,0.908,,,0.576,,3.62,-1.34,3.62,-1.12
47.725,SCAN_NAV_WAYPOINT,2.5215,-1.4113,0.305,-93.44,-5.26,4.45,-0.0,0.0276,-0.1134,0.0029,0.908,,,0.576,,3.62,-1.34,3.62,-1.12
47.766,SCAN_NAV_WAYPOINT,2.5259,-1.4151,0.305,-93.61,-5.36,4.21,-0.0,0.0777,-0.0792,0.0005,0.894,,,0.581,,3.62,-1.34,3.62,-1.12
47.818,SCAN_NAV_WAYPOINT,2.5324,-1.4183,0.306,-93.64,-4.98,3.97,-0.0,0.1265,-0.0495,0.0006,0.894,,,0.581,,3.62,-1.34,3.62,-1.12
47.857,SCAN_NAV_WAYPOINT,2.5388,-1.4201,0.306,-93.7,-4.32,3.29,-0.0,0.1731,-0.0204,-0.0023,0.886,,,0.594,,3.62,-1.34,3.62,-1.12
47.928,SCAN_NAV_WAYPOINT,2.5502,-1.421,0.302,-93.58,-3.68,2.55,-0.0,0.2149,-0.001,-0.0055,0.886,,,0.594,,3.62,-1.34,3.62,-1.12
47.972,SCAN_NAV_WAYPOINT,2.5607,-1.421,0.301,-93.42,-3.09,1.89,-0.0,0.2431,0.0147,-0.0162,0.872,,,0.607,,3.62,-1.34,3.62,-1.12
48.028,SCAN_NAV_WAYPOINT,2.5773,-1.4194,0.308,-93.09,-2.35,1.3,-0.0,0.2674,0.0204,-0.0176,0.872,,,0.607,,3.62,-1.34,3.62,-1.12
48.06,SCAN_NAV_WAYPOINT,2.5928,-1.4181,0.309,-92.77,-1.78,0.9,-0.0,0.2862,0.0266,0.0015,0.857,,,0.633,,3.62,-1.34,3.62,-1.12
48.126,SCAN_NAV_WAYPOINT,2.607,-1.4178,0.306,-92.53,-1.31,0.6,-0.0,0.2951,0.0278,0.0068,0.857,,,0.633,,3.62,-1.34,3.62,-1.12
48.158,SCAN_NAV_WAYPOINT,2.6206,-1.4187,0.3,-92.19,-0.68,0.33,-0.0,0.3116,0.0226,-0.0049,0.853,,,0.657,,3.62,-1.34,3.62,-1.12
48.227,SCAN_NAV_WAYPOINT,2.6336,-1.4192,0.303,-91.97,-0.23,0.12,-0.0,0.308,0.0221,-0.0221,0.853,,,0.657,,3.62,-1.34,3.62,-1.12
48.291,SCAN_NAV_WAYPOINT,2.6497,-1.4191,0.3,-91.67,-0.01,0.16,-0.0,0.3023,0.019,-0.0111,0.855,,,0.678,,3.62,-1.34,3.62,-1.12
48.325,SCAN_NAV_WAYPOINT,2.6608,-1.4208,0.303,-91.39,0.36,0.14,-0.0,0.2917,0.0137,-0.0119,0.855,,,0.678,,3.62,-1.34,3.62,-1.12
48.372,SCAN_NAV_WAYPOINT,2.6726,-1.4224,0.302,-91.09,0.45,0.1,-0.0,0.2804,0.0088,-0.0073,0.855,,,0.699,,3.62,-1.34,3.62,-1.12
48.407,SCAN_NAV_WAYPOINT,2.683,-1.4241,0.301,-90.86,0.51,0.2,-0.0,0.2686,0.0021,-0.004,0.855,,,0.699,,3.62,-1.34,3.62,-1.12
48.455,SCAN_NAV_WAYPOINT,2.6932,-1.4267,0.304,-90.7,0.55,0.23,-0.0,0.2588,-0.0,-0.0071,0.859,,,0.721,,3.62,-1.34,3.62,-1.12
48.523,SCAN_NAV_WAYPOINT,2.7032,-1.4293,0.304,-90.52,0.47,0.41,-0.0,0.2429,-0.0073,0.0002,0.859,,,0.721,,3.62,-1.34,3.62,-1.12
48.561,SCAN_NAV_WAYPOINT,2.7129,-1.4325,0.304,-90.41,0.2,0.55,-0.0,0.2335,-0.0072,0.0009,0.863,,,0.738,,3.62,-1.34,3.62,-1.12
48.609,SCAN_NAV_WAYPOINT,2.72,-1.4354,0.302,-90.21,0.01,0.57,-0.0,0.222,-0.0089,-0.0021,0.863,,,0.738,,3.62,-1.34,3.62,-1.12
48.677,SCAN_NAV_WAYPOINT,2.7262,-1.4372,0.305,-89.89,-0.31,0.75,-0.0,0.2123,-0.0082,-0.0041,0.875,,,0.753,,3.62,-1.34,3.62,-1.12
48.767,SCAN_NAV_WAYPOINT,2.733,-1.4396,0.303,-89.53,-0.56,1.23,-0.0,0.2052,-0.0055,0.0036,0.875,,,0.753,,3.62,-1.34,3.62,-1.12
48.778,SCAN_NAV_WAYPOINT,2.739,-1.442,0.304,-89.27,-0.9,1.51,-0.0,0.201,0.0002,-0.001,0.898,,,0.759,,3.62,-1.34,3.62,-1.12
48.826,SCAN_NAV_WAYPOINT,2.7464,-1.4438,0.304,-89.0,-1.18,1.25,-0.0,0.1995,0.0086,-0.0052,0.898,,,0.759,,3.62,-1.34,3.62,-1.12
48.856,SCAN_NAV_WAYPOINT,2.7517,-1.4438,0.305,-88.68,-1.31,0.93,-0.0,0.2003,0.0158,-0.0054,0.92,,,0.775,,3.62,-1.34,3.62,-1.12
48.928,SCAN_NAV_WAYPOINT,2.7583,-1.4443,0.302,-88.33,-1.54,0.81,-0.0,0.2017,0.0201,-0.0073,0.92,,,0.775,,3.62,-1.34,3.62,-1.12
48.959,SCAN_NAV_WAYPOINT,2.7671,-1.4436,0.303,-88.1,-1.94,0.79,-0.0,0.2158,0.0234,-0.0086,0.968,,,0.788,,3.62,-1.34,3.62,-1.12
49.031,SCAN_NAV_WAYPOINT,2.7752,-1.4451,0.307,-87.9,-1.55,0.57,-0.0,0.2201,0.0269,0.0013,0.968,,,0.788,,3.62,-1.34,3.62,-1.12
49.089,SCAN_NAV_WAYPOINT,2.7833,-1.4442,0.301,-87.76,-1.21,0.47,-0.0,0.2235,0.0292,0.0085,1.102,,,0.799,,3.62,-1.34,3.62,-1.12
49.12,SCAN_NAV_WAYPOINT,2.7908,-1.444,0.306,-87.63,-1.17,0.61,-0.0,0.2241,0.0289,-0.0094,1.102,,,0.799,,3.62,-1.34,3.62,-1.12
49.171,SCAN_NAV_WAYPOINT,2.7984,-1.444,0.304,-87.56,-1.22,0.34,-0.0,0.2238,0.0304,-0.0004,,,,0.814,,3.62,-1.34,3.62,-1.12
49.204,SCAN_NAV_WAYPOINT,2.8055,-1.4434,0.308,-87.7,-1.4,0.63,-0.0,0.223,0.0295,0.0014,,,,0.814,,3.62,-1.34,3.62,-1.12
49.26,SCAN_NAV_WAYPOINT,2.8145,-1.4433,0.303,-87.98,-1.7,0.79,-0.0,0.2318,0.0299,0.0018,1.94,,,0.831,,3.62,-1.34,3.62,-1.12
49.355,SCAN_NAV_WAYPOINT,2.8229,-1.4438,0.302,-88.35,-2.12,0.57,-0.0,0.2363,0.0333,-0.0171,1.94,,,0.831,,3.62,-1.34,3.62,-1.12
49.373,SCAN_NAV_WAYPOINT,2.8318,-1.4429,0.3,-88.81,-2.33,0.63,-0.0,0.2492,0.0357,-0.0151,2.056,,,0.849,,3.62,-1.34,3.62,-1.12
49.423,SCAN_NAV_WAYPOINT,2.843,-1.4432,0.3,-89.27,-2.16,0.57,-0.0,0.262,0.0333,-0.0143,2.056,,,0.849,,3.62,-1.34,3.62,-1.12
49.462,SCAN_NAV_WAYPOINT,2.8548,-1.4423,0.302,-89.59,-1.99,0.29,-0.0,0.272,0.0346,-0.0166,2.116,,,0.871,,3.62,-1.34,3.62,-1.12
49.52,SCAN_NAV_WAYPOINT,2.8648,-1.4423,0.303,-89.74,-1.85,0.14,-0.0,0.2871,0.0329,-0.0076,2.116,,,0.871,,3.62,-1.34,3.62,-1.12
49.554,SCAN_NAV_WAYPOINT,2.8777,-1.4416,0.299,-89.83,-1.73,0.18,-0.0,0.2989,0.0278,-0.0066,,,,0.894,,3.62,-1.34,3.62,-1.12
49.621,SCAN_NAV_WAYPOINT,2.8916,-1.4414,0.302,-89.87,-1.64,0.34,-0.0,0.3053,0.0272,-0.0142,,,,0.894,,3.62,-1.34,3.62,-1.12
49.67,SCAN_NAV_WAYPOINT,2.9079,-1.4417,0.299,-89.86,-1.44,0.52,-0.0,0.3157,0.0249,-0.0015,2.37,0.257,,0.92,,3.62,-1.34,3.62,-1.12
49.73,SCAN_NAV_WAYPOINT,2.9225,-1.442,0.3,-89.74,-0.87,0.45,-0.0,0.3236,0.0245,-0.0079,2.37,0.257,,0.92,,3.62,-1.34,3.62,-1.12
49.777,SCAN_NAV_WAYPOINT,2.9377,-1.4425,0.299,-89.57,-0.63,0.48,-0.0,0.3272,0.0224,-0.0082,2.426,0.257,,0.948,,3.62,-1.34,3.62,-1.12
49.805,SCAN_NAV_WAYPOINT,2.9534,-1.4425,0.299,-89.28,-0.39,0.61,-0.0,0.3343,0.0238,-0.0064,2.426,0.257,,0.948,,3.62,-1.34,3.62,-1.12
49.858,SCAN_NAV_WAYPOINT,2.969,-1.4429,0.299,-88.98,-0.24,0.9,-0.0,0.3318,0.0263,-0.0075,2.47,0.264,,0.975,,3.62,-1.34,3.62,-1.12
49.95,SCAN_NAV_WAYPOINT,2.9866,-1.4428,0.299,-88.7,-0.11,0.77,-0.0,0.3329,0.0317,-0.0087,2.47,0.264,,0.975,,3.62,-1.34,3.62,-1.12
49.981,SCAN_NAV_WAYPOINT,3.0012,-1.4405,0.301,-88.39,-0.0,0.86,-0.0,0.3282,0.0384,-0.0092,2.507,0.264,,0.997,,3.62,-1.34,3.62,-1.12
50.033,SCAN_NAV_WAYPOINT,3.017,-1.4382,0.299,-88.05,-0.04,1.08,-0.0,0.3264,0.0476,-0.0017,2.507,0.264,,0.997,,3.62,-1.34,3.62,-1.12
50.078,SCAN_NAV_WAYPOINT,3.0341,-1.4354,0.26,-87.77,0.07,1.03,-0.0,0.3368,0.0561,-0.009,2.535,0.262,,1.031,,3.62,-1.34,3.62,-1.12
50.133,SCAN_NAV_WAYPOINT,3.0483,-1.4323,0.192,-87.49,0.21,1.07,-0.0,0.3365,0.0656,-0.0973,2.535,0.262,,1.031,,3.62,-1.34,3.62,-1.12
50.161,SCAN_NAV_WAYPOINT,3.0675,-1.4292,0.175,-87.23,0.12,0.89,-0.0,0.3261,0.0683,-0.2256,2.539,0.258,,1.062,,3.62,-1.34,3.62,-1.12
50.216,SCAN_NAV_WAYPOINT,3.0792,-1.4265,0.183,-87.11,0.26,0.77,-0.0,0.3146,0.0743,-0.1702,2.539,0.258,,1.062,,3.62,-1.34,3.62,-1.12
50.298,SCAN_NAV_WAYPOINT,3.0876,-1.4243,0.198,-87.12,0.29,0.58,-0.0,0.2932,0.0787,-0.1013,2.557,0.245,,1.092,,3.62,-1.34,3.62,-1.12
50.326,SCAN_NAV_WAYPOINT,3.1027,-1.4206,0.222,-87.27,0.1,0.43,-0.0,0.2859,0.0846,0.0218,2.557,0.245,,1.092,,3.62,-1.34,3.62,-1.12
50.397,SCAN_NAV_WAYPOINT,3.1087,-1.4175,0.234,-87.48,0.1,-0.09,-0.0,0.2708,0.0803,0.1055,2.576,0.232,,1.119,,3.62,-1.34,3.62,-1.12
50.414,SCAN_NAV_WAYPOINT,3.1342,-1.4159,0.263,-87.85,-0.63,-0.5,-0.0,0.3002,0.0756,0.1486,2.576,0.232,,1.119,,3.62,-1.34,3.62,-1.12
50.462,SCAN_NAV_WAYPOINT,3.1495,-1.4085,0.283,-88.18,-0.76,-0.6,-0.0,0.3017,0.0735,0.221,2.579,0.216,,1.146,,3.62,-1.34,3.62,-1.12
50.551,SCAN_NAV_WAYPOINT,3.1647,-1.4043,0.319,-88.59,-0.65,-0.72,-0.0,0.305,0.0701,0.2303,2.579,0.216,,1.146,,3.62,-1.34,3.62,-1.12
50.562,SCAN_NAV_WAYPOINT,3.1816,-1.3983,0.343,-88.79,-0.72,-0.51,-0.0,0.3115,0.0653,0.2788,2.584,0.204,,1.174,,3.62,-1.34,3.62,-1.12
50.626,SCAN_NAV_WAYPOINT,3.1973,-1.3928,0.39,-88.96,-0.55,-0.4,-0.0,0.3178,0.0664,0.2622,2.584,0.204,,1.174,,3.62,-1.34,3.62,-1.12
50.666,SCAN_NAV_WAYPOINT,3.214,-1.3874,0.412,-88.98,-0.43,-0.35,-0.0,0.3274,0.0639,0.2991,2.597,0.195,,1.214,,3.62,-1.34,3.62,-1.12
50.711,SCAN_NAV_WAYPOINT,3.2318,-1.3843,0.448,-88.85,-0.07,-0.51,-0.0,0.331,0.062,0.2515,2.597,0.195,,1.214,,3.62,-1.34,3.62,-1.12
50.761,SCAN_NAV_WAYPOINT,3.2509,-1.3812,0.469,-88.54,0.24,-0.46,-0.0,0.335,0.0587,0.2417,2.615,0.187,,1.246,,3.62,-1.34,3.62,-1.12
50.821,SCAN_NAV_WAYPOINT,3.2688,-1.3787,0.462,-88.17,0.27,-0.4,-0.0,0.3403,0.0561,0.1777,2.615,0.187,,1.246,,3.62,-1.34,3.62,-1.12
50.868,SCAN_NAV_WAYPOINT,3.2861,-1.3759,0.445,-87.65,0.27,-0.76,-0.0,0.3368,0.0541,0.0731,2.618,0.174,,1.277,,3.62,-1.34,3.62,-1.12
50.904,SCAN_NAV_WAYPOINT,3.3046,-1.3726,0.419,-87.1,0.22,-0.76,-0.0,0.3468,0.0511,-0.0823,2.618,0.174,,1.277,,3.62,-1.34,3.62,-1.12
50.974,SCAN_NAV_WAYPOINT,3.3225,-1.3693,0.394,-86.65,0.6,-0.47,-0.0,0.3468,0.0501,-0.192,2.629,0.174,,1.313,,3.62,-1.34,3.62,-1.12
51.02,SCAN_NAV_WAYPOINT,3.3442,-1.3672,0.365,-86.48,1.25,-0.01,-0.0,0.3448,0.0476,-0.2486,2.629,0.174,,1.313,,3.62,-1.34,3.62,-1.12
51.084,SCAN_NAV_WAYPOINT,3.363,-1.3628,0.343,-86.59,1.79,0.42,-0.0,0.3355,0.0509,-0.3103,2.647,,,1.347,,3.62,-1.34,3.62,-1.12
51.124,SCAN_NAV_WAYPOINT,3.383,-1.3593,0.322,-86.88,1.72,0.29,-0.0,0.3271,0.055,-0.2981,2.647,,,1.347,,3.62,-1.34,3.62,-1.12
51.174,SCAN_NAV_WAYPOINT,3.3991,-1.3547,0.308,-87.42,1.35,0.1,-0.0,0.3175,0.0603,-0.3049,2.648,,,1.374,,3.62,-1.34,3.62,-1.12
51.207,SCAN_NAV_WAYPOINT,3.4168,-1.3517,0.291,-88.03,1.04,-0.3,-0.0,0.3132,0.0594,-0.251,2.648,,,1.374,,3.62,-1.34,3.62,-1.12
51.284,SCAN_NAV_WAYPOINT,3.4362,-1.3489,0.284,-88.76,0.89,-0.8,-0.0,0.3045,0.0529,-0.2384,2.65,,,1.377,,3.62,-1.34,3.62,-1.12
51.33,SCAN_NAV_WAYPOINT,3.4511,-1.3459,0.272,-89.32,0.68,-0.86,-0.0,0.2963,0.0483,-0.1789,2.65,,,1.377,,3.62,-1.34,3.62,-1.12
51.375,SCAN_NAV_WAYPOINT,3.4654,-1.3441,0.264,-89.8,0.54,-0.8,-0.0,0.2886,0.0392,-0.1505,2.654,,,1.369,,3.62,-1.34,3.62,-1.12
51.415,SCAN_NAV_WAYPOINT,3.479,-1.3428,0.264,-90.09,0.43,-0.87,-0.0,0.2835,0.0299,-0.1145,2.654,,,1.369,,3.62,-1.34,3.62,-1.12
51.487,SCAN_NAV_WAYPOINT,3.4927,-1.3417,0.262,-90.18,0.06,-0.78,-0.0,0.2855,0.0224,-0.0695,2.666,,,1.347,,3.62,-1.34,3.62,-1.12
51.52,SCAN_NAV_WAYPOINT,3.5067,-1.3409,0.26,-90.19,-0.17,-0.71,-0.0,0.2894,0.0125,-0.0417,2.666,,,1.347,,3.62,-1.34,3.62,-1.12
51.57,SCAN_NAV_WAYPOINT,3.5235,-1.3417,0.258,-90.03,-0.23,-0.49,-0.0,0.2887,0.0057,-0.0218,2.658,,,1.255,,3.62,-1.34,3.62,-1.12
51.619,SCAN_NAV_WAYPOINT,3.5379,-1.3402,0.256,-89.71,-0.42,-0.25,-0.0,0.2891,0.0065,-0.0077,2.658,,,1.255,,3.62,-1.34,3.62,-1.12
51.678,SCAN_NAV_WAYPOINT,3.5516,-1.3394,0.246,-89.36,-0.54,-0.05,-0.0,0.2925,0.0056,0.0007,2.667,,,1.256,,3.62,-1.34,3.62,-1.12
51.726,SCAN_NAV_WAYPOINT,3.5653,-1.3387,0.25,-89.01,-0.52,0.14,-0.0,0.3003,0.006,-0.0099,2.667,,,1.256,,3.62,-1.34,3.62,-1.12
51.76,SCAN_NAV_WAYPOINT,3.5792,-1.3372,0.262,-88.65,-0.21,0.28,-0.0,0.3021,0.0091,0.0123,2.678,,,1.224,,3.62,-1.34,3.62,-1.12
51.809,SCAN_NAV_WAYPOINT,3.5926,-1.3373,0.262,-88.45,0.17,0.24,-0.0,0.2999,0.0113,0.0552,2.678,,,1.224,,3.62,-1.34,3.62,-1.12
51.881,SCAN_NAV_WAYPOINT,3.6097,-1.3369,0.269,-88.34,0.85,0.28,-0.0,0.2956,0.0136,0.0574,2.684,,,1.168,,3.62,-1.12,3.62,-1.12
51.932,SCAN_NAV_WAYPOINT,3.6235,-1.3353,0.275,-88.2,1.57,0.19,-0.0,0.2848,0.0171,0.0639,2.684,,,1.168,,3.62,-1.12,3.62,-1.12
51.974,SCAN_NAV_WAYPOINT,3.6372,-1.3351,0.277,-88.12,2.13,0.08,-0.0,0.2688,0.0168,0.0785,2.678,,,1.14,,3.62,-1.12,3.62,-1.12
52.015,SCAN_NAV_WAYPOINT,3.6499,-1.3339,0.279,-88.09,2.86,0.24,-0.0,0.2484,0.0167,0.0689,2.678,,,1.14,,3.62,-1.12,3.62,-1.12
52.062,SCAN_NAV_WAYPOINT,3.6618,-1.3341,0.28,-88.2,3.37,2.7,-0.0,0.2218,0.0235,0.0643,2.68,,,1.154,,3.62,-1.12,3.62,-1.12
52.134,SCAN_NAV_WAYPOINT,3.6736,-1.3326,0.286,-88.3,3.63,4.16,-0.0,0.196,0.0495,0.0486,2.68,,,1.154,,3.62,-1.12,3.62,-1.12
52.163,SCAN_NAV_WAYPOINT,3.6819,-1.3287,0.284,-88.34,3.97,4.79,-0.0,0.161,0.0877,0.0476,2.709,,,1.155,,3.62,-1.12,3.62,-1.12
52.221,SCAN_NAV_WAYPOINT,3.6883,-1.3222,0.288,-88.44,3.97,4.96,-0.0,0.1254,0.1279,0.0332,2.709,,,1.155,,3.62,-1.12,3.62,-1.12
52.272,SCAN_NAV_WAYPOINT,3.6939,-1.3135,0.287,-88.41,3.82,4.79,-0.0,0.0898,0.1723,0.0311,2.724,,,1.164,,3.62,-1.12,3.62,-1.12
52.316,SCAN_NAV_WAYPOINT,3.6989,-1.3012,0.29,-88.35,3.65,4.37,-0.0,0.0588,0.2138,0.0252,2.724,,,1.164,,3.62,-1.12,3.62,-1.12
52.371,SCAN_NAV_WAYPOINT,3.7018,-1.286,0.288,-88.27,3.43,3.79,-0.0,0.0285,0.2529,0.0231,2.735,,,1.158,,3.62,-1.12,3.62,-1.12
52.406,SCAN_NAV_WAYPOINT,3.7049,-1.2661,0.291,-88.09,3.01,3.07,-0.0,0.0037,0.2891,0.0146,2.735,,,1.158,,3.62,-1.12,3.62,-1.12
52.457,SCAN_NAV_WAYPOINT,3.7054,-1.2512,0.291,-87.92,2.75,2.31,-0.0,-0.02,0.3109,0.0179,2.749,,,1.127,,3.62,-1.12,3.62,-1.12
52.522,SCAN_NAV_WAYPOINT,3.7066,-1.2331,0.291,-87.71,2.33,1.63,-0.0,-0.0355,0.3246,0.0196,2.749,,,1.127,,3.62,-1.12,3.62,-1.12
52.554,SCAN_NAV_WAYPOINT,3.7065,-1.2133,0.293,-87.37,2.14,0.82,-0.0,-0.0516,0.3401,0.0178,2.775,,,,,3.62,-1.12,3.62,-1.12
52.608,SCAN_NAV_WAYPOINT,3.7053,-1.1972,0.298,-87.02,2.14,0.07,-0.0,-0.0653,0.3436,0.0198,2.775,,,,,3.62,-1.12,3.62,-1.12
52.686,SCAN_NAV_WAYPOINT,3.7044,-1.1764,0.296,-86.64,2.3,-0.45,-0.0,-0.0765,0.3382,0.0274,2.793,,,0.359,,3.62,-1.12,3.62,-1.12
52.715,SCAN_NAV_WAYPOINT,3.7032,-1.161,0.298,-86.3,2.34,-0.75,-0.0,-0.0853,0.3275,0.0199,2.793,,,0.359,,3.62,-1.12,3.62,-1.12
52.772,SCAN_NAV_WAYPOINT,3.7021,-1.146,0.299,-86.03,2.82,-1.09,-0.0,-0.099,0.3129,0.0193,2.837,,,0.314,,3.62,-1.12,3.62,-1.12
52.824,SCAN_NAV_WAYPOINT,3.6991,-1.1326,0.304,-85.89,3.1,-1.43,-0.0,-0.1146,0.297,0.0173,2.837,,,0.314,,3.62,-1.12,3.62,-1.12
52.854,SCAN_NAV_WAYPOINT,3.6966,-1.1207,0.301,-85.84,3.32,-1.59,-0.0,-0.134,0.2846,0.02,2.866,,,0.301,,3.62,-1.12,3.62,-1.12
52.929,SCAN_NAV_WAYPOINT,3.6922,-1.109,0.303,-85.75,3.39,-2.34,-0.0,-0.1519,0.262,0.0059,2.866,,,0.301,,3.62,-1.12,3.62,-1.12
52.96,SCAN_NAV_WAYPOINT,3.6856,-1.0958,0.299,-85.71,3.17,-2.97,-0.0,-0.1713,0.2337,0.0017,2.886,,,0.298,,3.62,-1.12,3.62,-1.12
53.026,SCAN_NAV_WAYPOINT,3.6794,-1.0888,0.298,-85.7,2.84,-3.4,-0.0,-0.1873,0.2021,-0.0125,2.886,,,0.298,,3.62,-1.12,3.62,-1.12
53.087,SCAN_NAV_WAYPOINT,3.6716,-1.0819,0.299,-85.7,2.42,-3.75,-0.0,-0.2014,0.168,-0.0201,2.9,,,0.282,,3.62,-1.12,3.62,-1.12
53.115,SCAN_NAV_WAYPOINT,3.663,-1.0758,0.297,-85.77,1.97,-3.94,-0.0,-0.2156,0.1333,-0.0109,2.9,,,0.282,,3.62,-1.12,3.62,-1.12
53.171,SCAN_NAV_WAYPOINT,3.6541,-1.0731,0.298,-85.87,1.38,-4.09,-0.0,-0.2258,0.0957,-0.0167,2.899,,,0.266,,3.62,-1.12,3.62,-1.12
53.249,SCAN_NAV_WAYPOINT,3.6439,-1.0725,0.299,-85.99,0.72,-4.28,-0.0,-0.2293,0.0545,-0.0109,2.899,,,0.266,,3.62,-1.12,3.62,-1.12
53.277,SCAN_NAV_WAYPOINT,3.6307,-1.0705,0.295,-86.09,0.23,-3.94,-0.0,-0.2294,0.0172,-0.0052,2.908,,,0.247,,3.62,-1.12,3.62,-1.12
53.341,SCAN_NAV_WAYPOINT,3.621,-1.0724,0.292,-86.25,-0.64,-3.87,-0.0,-0.2233,-0.0153,-0.0146,2.908,,,0.247,,3.62,-1.12,3.62,-1.12
53.368,SCAN_NAV_WAYPOINT,3.6124,-1.0768,0.297,-86.51,-1.39,-3.47,-0.0,-0.2035,-0.0465,-0.0185,2.907,,,0.234,,3.62,-1.12,3.62,-1.12
53.428,SCAN_NAV_WAYPOINT,3.6046,-1.082,0.296,-86.75,-1.96,-3.05,-0.0,-0.1847,-0.0765,0.0013,2.907,,,0.234,,3.62,-1.12,3.62,-1.12
53.46,SCAN_NAV_WAYPOINT,3.5983,-1.0889,0.291,-87.08,-2.32,-2.52,-0.0,-0.1603,-0.1019,0.0016,2.921,,,0.221,,3.62,-1.12,3.62,-1.12
53.524,SCAN_NAV_WAYPOINT,3.5929,-1.0977,0.295,-87.41,-2.65,-1.85,-0.0,-0.1288,-0.1194,-0.0126,2.921,,,0.221,,3.62,-1.12,3.62,-1.12
53.614,SCAN_NAV_WAYPOINT,3.5896,-1.1066,0.295,-87.85,-2.78,-1.15,-0.0,-0.0967,-0.1314,-0.0041,,,,0.211,,3.62,-1.12,3.62,-1.12
53.634,SCAN_NAV_WAYPOINT,3.5896,-1.1172,0.293,-88.37,-3.05,-0.35,-0.0,-0.0643,-0.1387,0.0017,,,,0.211,,3.62,-1.12,3.62,-1.12
53.712,SCAN_NAV_WAYPOINT,3.588,-1.1247,0.297,-88.8,-3.24,0.47,-0.0,-0.0319,-0.1395,-0.0033,2.891,,,0.21,,3.62,-1.12,3.62,-1.12
53.75,SCAN_NAV_WAYPOINT,3.5882,-1.1319,0.295,-89.24,-3.18,1.12,-0.0,-0.0011,-0.1288,0.0092,2.891,,,0.21,,3.62,-1.12,3.62,-1.12
53.761,SCAN_NAV_WAYPOINT,3.5891,-1.138,0.295,-89.64,-2.81,1.66,-0.0,0.0288,-0.1077,0.0048,2.888,,,0.211,,3.62,-1.12,3.62,-1.12
53.829,SCAN_NAV_WAYPOINT,3.5934,-1.1437,0.294,-89.97,-2.33,1.82,-0.0,0.0544,-0.0927,0.0019,2.888,,,0.211,,3.62,-1.12,3.62,-1.12
53.857,SCAN_NAV_WAYPOINT,3.5978,-1.1479,0.297,-90.25,-1.52,2.17,-0.0,0.0753,-0.0657,-0.0005,2.883,,,0.22,,3.62,-1.12,3.62,-1.12
53.909,SCAN_NAV_WAYPOINT,3.6036,-1.1506,0.293,-90.28,-0.98,2.45,-0.0,0.091,-0.0437,0.0063,2.883,,,0.22,,3.62,-1.12,3.62,-1.12
53.953,SCAN_NAV_WAYPOINT,3.6081,-1.1521,0.296,-90.18,-0.37,2.34,-0.0,0.1005,-0.0176,0.0004,2.872,,,0.228,,3.62,-1.12,3.62,-1.12
54.005,SCAN_NAV_WAYPOINT,3.6136,-1.1519,0.296,-89.92,0.22,2.59,-0.0,0.1007,0.0083,0.0087,2.872,,,0.228,,3.62,-1.12,3.62,-1.12
54.09,SCAN_NAV_WAYPOINT,3.6174,-1.1509,0.295,-89.58,0.63,2.61,-0.0,0.0957,0.0372,0.0097,2.875,,,0.234,,3.62,-1.12,3.62,-1.12
54.117,SCAN_NAV_WAYPOINT,3.6218,-1.1478,0.296,-89.12,0.9,2.23,-0.0,0.0875,0.0621,0.0032,2.875,,,0.234,,3.62,-1.12,3.62,-1.12
54.172,SCAN_NAV_WAYPOINT,3.6241,-1.1435,0.297,-88.68,1.28,1.76,-0.0,0.0744,0.0861,0.0073,2.882,,,0.241,,,,3.62,-1.12
54.243,SCAN_NAV_WAYPOINT,3.6246,-1.1385,0.298,-88.11,1.67,1.57,-0.0,0.0539,0.1065,0.0087,2.882,,,0.241,,3.7,-1.1385,3.62,-1.12
54.266,SCAN_NAV_WAYPOINT,3.6255,-1.132,0.3,-87.46,1.98,1.35,-0.0,0.0368,0.1248,0.0073,2.9,,,0.244,,3.7,-1.1385,3.62,-1.12
54.345,SCAN_NAV_WAYPOINT,3.6255,-1.1253,0.299,-86.81,2.21,0.55,-0.0,0.0149,0.1397,0.0099,2.9,,,0.244,,3.7,-1.1385,3.62,-1.12
54.372,SCAN_NAV_WAYPOINT,3.625,-1.1172,0.299,-86.28,1.26,-0.25,-0.0,-0.002,0.1403,0.0063,2.915,,,0.245,,3.7,-1.1385,3.62,-1.12
54.428,SCAN_NAV_WAYPOINT,3.621,-1.1113,0.299,-85.9,-0.69,-1.29,-0.0,-0.016,0.137,0.0073,2.915,,,0.245,,3.7,-1.1385,3.62,-1.12
54.456,SCAN_NAV_WAYPOINT,3.6164,-1.1057,0.304,-85.75,-2.02,-1.99,-0.0,-0.0113,0.1251,0.0035,2.931,,,0.241,,3.7,-1.1385,3.62,-1.12
54.506,SCAN_NAV_WAYPOINT,3.6159,-1.0996,0.305,-85.84,-2.81,-2.61,-0.0,0.0032,0.1102,0.0115,2.931,,,0.241,,3.7,-1.1385,3.62,-1.12
54.574,SCAN_NAV_WAYPOINT,3.6169,-1.0955,0.302,-86.11,-3.5,-3.24,-0.0,0.0318,0.0831,0.0125,2.93,,,0.235,,3.7,-1.1385,3.62,-1.12
54.606,SCAN_NAV_WAYPOINT,3.6182,-1.0918,0.302,-86.53,-3.89,-3.82,-0.0,0.062,0.0575,-0.0041,2.93,,,0.235,,3.7,-1.1385,3.62,-1.12
54.664,SCAN_NAV_WAYPOINT,3.6204,-1.0894,0.301,-87.01,-3.97,-3.99,-0.0,0.0945,0.0257,-0.0051,2.932,,,0.242,,3.7,-1.1385,3.62,-1.12
54.74,SCAN_NAV_WAYPOINT,3.627,-1.0893,0.301,-87.48,-3.82,-3.91,-0.0,0.1288,-0.0074,-0.0095,2.932,,,0.242,,3.7,-1.1385,3.62,-1.12
54.769,SCAN_NAV_WAYPOINT,3.6324,-1.0899,0.3,-87.82,-3.38,-3.79,-0.0,0.1601,-0.0373,-0.0077,2.931,,,0.252,,3.7,-1.1385,3.62,-1.12
54.826,SCAN_NAV_WAYPOINT,3.6415,-1.0932,0.299,-88.16,-2.93,-3.6,-0.0,0.1923,-0.0714,-0.0064,2.931,,,0.252,,3.7,-1.1385,3.62,-1.12
54.867,SCAN_NAV_WAYPOINT,3.65,-1.0966,0.299,-88.4,-2.36,-3.27,-0.0,0.2146,-0.103,-0.0055,2.914,,,0.261,,3.7,-1.1385,3.62,-1.12
54.924,SCAN_NAV_WAYPOINT,3.6625,-1.1039,0.299,-88.72,-1.73,-2.79,-0.0,0.2294,-0.1282,-0.0042,2.914,,,0.261,,3.7,-1.1385,3.62,-1.12
54.971,SCAN_NAV_WAYPOINT,3.6722,-1.1097,0.301,-89.08,-1.04,-2.11,-0.0,0.2396,-0.1547,-0.0028,2.908,,,0.281,,3.7,-1.1385,3.62,-1.12
55.03,LANDING_REGION_SCAN,3.683,-1.1173,0.299,-89.38,-0.29,-1.39,-0.0,0.2404,-0.1687,0.005,2.908,,,0.281,,3.7,-1.0,,
55.064,LANDING_REGION_SCAN,3.694,-1.1253,0.299,-89.71,0.7,-0.73,-0.0,0.2407,-0.1831,-0.0033,2.903,,,0.299,,3.7,-1.0,,
55.157,LANDING_REGION_SCAN,3.7043,-1.1339,0.297,-90.0,1.26,-0.04,-0.0,0.226,-0.1874,-0.0001,2.903,,,0.299,,3.7,-1.0,,
55.177,LANDING_REGION_SCAN,3.7131,-1.1419,0.3,-90.42,2.31,2.62,-0.0,0.2085,-0.182,0.0008,2.899,,,0.32,,3.7,-1.0,,
55.228,LANDING_REGION_SCAN,3.7215,-1.1544,0.301,-90.89,2.39,5.29,-0.0,0.181,-0.1524,0.012,2.899,,,0.32,,3.7,-1.0,,
55.263,LANDING_REGION_SCAN,3.728,-1.1601,0.303,-91.33,2.98,6.86,-0.0,0.1542,-0.0995,0.0148,2.897,,,0.334,,3.7,-1.0,,
55.322,LANDING_REGION_SCAN,3.7335,-1.1628,0.305,-91.65,3.39,7.36,-0.0,0.1267,-0.0344,0.0143,2.897,,,0.334,,3.7,-1.0,,
55.402,LANDING_REGION_SCAN,3.7372,-1.1632,0.305,-91.91,3.65,7.48,-0.0,0.096,0.033,0.0153,2.902,,,0.348,,3.7,-1.0,,
55.41,LANDING_REGION_SCAN,3.74,-1.1587,0.308,-92.06,3.7,6.99,-0.0,0.061,0.0999,0.0106,2.902,,,0.348,,3.7,-1.0,,
55.499,LANDING_REGION_SCAN,3.7403,-1.1495,0.3,-92.12,3.59,6.29,-0.0,0.0278,0.1642,0.0134,2.897,,,0.35,,3.7,-1.0,,
55.528,LANDING_REGION_SCAN,3.7379,-1.1425,0.304,-92.12,3.25,5.17,-0.0,-0.0068,0.2148,-0.0092,2.897,,,0.35,,3.7,-1.0,,
55.585,LANDING_REGION_SCAN,3.736,-1.1304,0.303,-91.97,2.83,4.13,-0.0,-0.0331,0.2583,-0.0013,2.906,,,0.343,,3.7,-1.0,,
55.62,LANDING_REGION_SCAN,3.7311,-1.1201,0.302,-91.95,2.2,3.13,-0.0,-0.0619,0.2987,0.0003,2.906,,,0.343,,3.7,-1.0,,
55.669,LANDING_REGION_SCAN,3.7261,-1.1062,0.301,-91.79,1.67,1.98,-0.0,-0.0803,0.3199,-0.0046,2.926,,,0.335,,3.7,-1.0,,
55.707,LANDING_REGION_SCAN,3.7222,-1.092,0.299,-91.63,1.04,1.09,-0.0,-0.0941,0.3303,-0.0071,2.926,,,0.335,,3.7,-1.0,,
55.762,LANDING_REGION_SCAN,3.7164,-1.0759,0.301,-91.39,0.6,0.33,-0.0,-0.0997,0.3316,-0.0151,2.955,,,0.327,,3.7,-1.0,,
55.829,LANDING_REGION_SCAN,3.7109,-1.0623,0.301,-91.17,0.15,-0.22,-0.0,-0.1,0.328,-0.005,2.955,,,0.327,,3.7,-1.0,,
55.876,LANDING_REGION_SCAN,3.7071,-1.0479,0.303,-90.88,-0.28,-0.35,-0.0,-0.0965,0.3188,-0.0048,2.971,,,0.316,,3.7,-1.0,,
55.912,LANDING_REGION_SCAN,3.7025,-1.0341,0.304,-90.51,-0.6,-0.57,-0.0,-0.096,0.316,0.0008,2.971,,,0.316,,3.7,-1.0,,
55.955,LANDING_REGION_SCAN,3.6979,-1.0214,0.304,-90.18,-0.8,-0.57,-0.0,-0.0882,0.3069,0.0011,3.012,,,0.305,,3.7,-1.0,,
56.03,SCAN_HIGH,3.6946,-1.0085,0.307,-89.89,-1.11,-1.25,-0.0,-0.0786,0.2955,0.0019,3.012,,,0.305,,,,,
56.087,SCAN_HIGH,3.6911,-0.9918,0.305,-89.56,-1.3,-2.04,-0.0,-0.0696,0.2815,0.0057,3.02,,,0.297,,,,,
56.109,SCAN_HIGH,3.689,-0.9797,0.303,-89.28,-1.41,-2.81,-0.0,-0.0563,0.2567,-0.0018,3.02,,,0.297,,,,,
56.166,SCAN_HIGH,3.6871,-0.97,0.3,-89.08,-1.4,-3.92,15.0,-0.0381,0.2264,-0.0085,3.049,,,0.293,,,,,
56.236,SCAN_HIGH,3.6877,-0.9621,0.3,-88.84,-1.44,-4.5,15.0,-0.0216,0.1857,-0.0151,3.049,,,0.293,,,,,
56.272,SCAN_HIGH,3.688,-0.9565,0.303,-88.53,-1.2,-4.72,15.0,-0.0057,0.14,-0.0149,3.057,,,0.297,,,,,
56.322,SCAN_HIGH,3.6897,-0.9525,0.301,-88.14,-1.04,-4.53,15.0,0.0088,0.0967,-0.0041,3.057,,,0.297,,,,,
56.354,SCAN_HIGH,3.6928,-0.9524,0.299,-87.63,-0.69,-4.33,15.0,0.0258,0.053,-0.0056,3.055,,,0.298,,,,,
56.406,SCAN_HIGH,3.6946,-0.9536,0.301,-87.04,-0.25,-3.83,15.0,0.0332,0.0074,-0.01,3.055,,,0.298,,,,,
56.487,SCAN_HIGH,3.6977,-0.9572,0.298,-86.49,0.04,-3.21,15.0,0.0394,-0.0318,-0.0045,3.082,,,0.299,,,,,
56.519,SCAN_HIGH,3.7002,-0.9616,0.299,-85.98,0.38,-2.63,15.0,0.0405,-0.0619,-0.0087,3.082,,,0.299,,,,,
56.577,SCAN_HIGH,3.7028,-0.9668,0.299,-85.48,0.64,-1.79,15.0,0.0369,-0.0875,-0.005,3.071,,,0.303,,,,,
56.606,SCAN_HIGH,3.7042,-0.9749,0.296,-84.89,0.75,-1.02,15.0,0.0325,-0.106,0.0028,3.071,,,0.303,,,,,
56.661,SCAN_HIGH,3.7055,-0.9808,0.297,-84.25,0.81,-0.17,15.0,0.0264,-0.1133,-0.0014,3.071,,,0.309,,,,,
56.734,SCAN_HIGH,3.7069,-0.9876,0.298,-83.57,0.78,0.45,15.0,0.0187,-0.1129,0.0041,3.071,,,0.309,,,,,
56.753,SCAN_HIGH,3.7084,-0.9951,0.301,-82.85,0.64,0.83,15.0,0.0141,-0.1144,0.0098,3.075,,,0.314,,,,,
56.822,SCAN_HIGH,3.708,-1.0023,0.299,-82.13,0.54,1.17,15.0,0.0077,-0.1139,0.0149,3.075,,,0.314,,,,,
56.878,SCAN_HIGH,3.7095,-1.0091,0.299,-81.38,0.43,1.62,15.0,0.0013,-0.1014,0.0108,3.093,,,0.319,,,,,
56.923,SCAN_HIGH,3.7114,-1.0139,0.3,-80.55,0.29,1.72,15.0,0.002,-0.0881,0.0063,3.093,,,0.319,,,,,
56.982,SCAN_HIGH,3.7086,-1.0161,0.304,-79.66,0.17,1.96,15.0,-0.0063,-0.0718,0.0068,3.099,,,0.322,,,,,
57.021,SCAN_HIGH,3.7091,-1.0202,0.302,-78.71,0.07,1.79,15.0,-0.0111,-0.0563,0.0147,3.099,,,0.322,,,,,
57.074,SCAN_HIGH,3.7101,-1.0198,0.3,-77.8,-0.05,1.55,15.0,-0.0115,-0.0363,0.0062,3.124,,,0.324,,,,,
57.106,SCAN_HIGH,3.7091,-1.0194,0.302,-76.88,-0.13,1.35,15.0,-0.0135,-0.0197,-0.0027,3.124,,,0.324,,,,,
57.156,SCAN_HIGH,3.7101,-1.018,0.303,-75.9,-0.16,1.21,15.0,-0.0084,-0.0049,-0.0003,3.141,,,0.33,,,,,
57.246,SCAN_HIGH,3.7124,-1.0152,0.303,-74.98,-0.13,1.1,15.0,-0.0062,0.0129,0.0006,3.141,,,0.33,,,,,
57.266,SCAN_HIGH,3.7118,-1.0128,0.305,-74.06,-0.14,0.94,15.0,-0.0082,0.0237,0.003,3.156,,2.977,0.34,,,,,
57.329,SCAN_HIGH,3.7169,-1.0099,0.302,-73.15,-0.11,0.47,15.0,0.0067,0.0335,0.0064,3.156,,2.977,0.34,,,,,
57.367,SCAN_HIGH,3.7174,-1.0069,0.305,-72.28,-0.01,0.44,15.0,0.0044,0.0388,0.0002,,,2.87,0.341,,,,,
57.417,SCAN_HIGH,3.7204,-1.0029,0.302,-71.39,0.12,0.18,15.0,0.0134,0.044,0.0051,,,2.87,0.341,,,,,
57.457,SCAN_HIGH,3.7252,-0.9988,0.301,-70.51,0.42,-0.04,15.0,0.0158,0.0474,0.0003,,,2.776,0.35,,,,,
57.511,SCAN_HIGH,3.7281,-0.9939,0.301,-69.75,0.69,-0.19,15.0,0.0174,0.0478,-0.0029,,,2.776,0.35,,,,,
57.565,SCAN_HIGH,3.733,-0.9923,0.3,-69.01,0.92,-0.56,15.0,0.0203,0.0421,-0.0006,3.229,,2.737,0.353,,,,,
57.617,SCAN_HIGH,3.7352,-0.9913,0.306,-68.35,1.12,-0.69,15.0,0.0169,0.0316,-0.0002,3.229,,2.737,0.353,,,,,
57.669,SCAN_HIGH,3.7373,-0.9889,0.301,-67.75,1.39,-0.58,15.0,0.0122,0.0246,0.0116,,,2.654,0.358,,,,,
57.705,SCAN_HIGH,3.7386,-0.9895,0.303,-67.22,1.42,-0.39,15.0,0.0049,0.0129,-0.0018,,,2.654,0.358,,,,,
57.775,SCAN_HIGH,3.7407,-0.9887,0.304,-66.66,1.56,-0.29,15.0,-0.0009,0.0056,0.0022,,,2.659,0.363,,,,,
57.834,SCAN_HIGH,3.7403,-0.9899,0.307,-66.19,1.74,0.02,15.0,-0.0132,-0.0039,0.0055,,,2.659,0.363,,,,,
57.875,SCAN_HIGH,3.7394,-0.9919,0.302,-65.63,1.75,0.14,15.0,-0.0311,-0.0112,0.0097,,,,0.363,,,,,
57.913,SCAN_HIGH,3.7377,-0.9928,0.303,-64.99,1.81,0.3,15.0,-0.042,-0.0177,-0.0044,,,,0.363,,,,,
57.972,SCAN_HIGH,3.7332,-0.9944,0.304,-64.23,1.67,0.43,15.0,-0.0555,-0.0257,-0.0067,,,,0.366,,,,,
58.023,SCAN_HIGH,3.7273,-0.9991,0.304,-63.35,1.42,0.4,15.0,-0.0798,-0.0321,0.0003,,,,0.366,,,,,
58.052,SCAN_HIGH,3.7222,-1.0002,0.303,-62.44,1.0,0.44,15.0,-0.0925,-0.033,-0.001,3.371,,,0.354,,,,,
58.108,SCAN_HIGH,3.7154,-1.0022,0.303,-61.35,0.54,0.43,15.0,-0.1045,-0.0337,-0.0037,3.371,,,0.354,,,,,
58.167,SCAN_HIGH,3.7087,-1.0034,0.304,-60.22,0.1,0.25,15.0,-0.1116,-0.0328,-0.0056,,,,0.358,,,,,
58.217,SCAN_HIGH,3.7056,-1.0055,0.302,-59.03,-0.33,0.27,15.0,-0.1082,-0.0305,-0.0002,,,,0.358,,,,,
58.266,SCAN_HIGH,3.7017,-1.007,0.299,-57.76,-0.59,0.06,15.0,-0.1,-0.0263,-0.0049,,,,0.358,,,,,
58.315,SCAN_HIGH,3.6974,-1.0086,0.299,-56.56,-0.78,-0.11,15.0,-0.0937,-0.0253,-0.0095,,,,0.358,,,,,
58.369,SCAN_HIGH,3.6935,-1.0091,0.3,-55.35,-0.84,-0.13,15.0,-0.0849,-0.022,-0.0122,,,,0.365,,,,,
58.42,SCAN_HIGH,3.6908,-1.0116,0.303,-54.18,-0.87,-0.13,15.0,-0.0773,-0.0205,-0.0064,,,,0.365,,,,,
58.456,SCAN_HIGH,3.6868,-1.0162,0.299,-53.07,-0.87,0.01,15.0,-0.0716,-0.025,0.0012,,,,0.377,,,,,
58.504,SCAN_HIGH,3.6858,-1.0175,0.3,-51.95,-1.03,-0.05,15.0,-0.0615,-0.0234,-0.0048,,,,0.377,,,,,
58.562,SCAN_HIGH,3.6825,-1.0209,0.305,-51.07,-1.3,-0.05,15.0,-0.0528,-0.0211,0.0008,,,,0.401,,,,,
58.646,SCAN_HIGH,3.6804,-1.0228,0.302,-50.24,-1.34,-0.07,15.0,-0.0416,-0.0182,0.0155,,,,0.401,,,,,
58.686,SCAN_HIGH,3.6811,-1.0247,0.3,-49.55,-1.53,-0.07,15.0,-0.0277,-0.0133,0.0125,,,,0.458,,,,,
58.713,SCAN_HIGH,3.6816,-1.0254,0.304,-48.88,-1.53,-0.05,15.0,-0.0126,-0.0075,0.005,,,,0.458,,,,,
58.765,SCAN_HIGH,3.6836,-1.0271,0.302,-48.27,-1.45,-0.04,15.0,0.0046,-0.0025,0.0113,,,,1.138,,,,,
58.845,SCAN_HIGH,3.6888,-1.0275,0.3,-47.67,-1.17,-0.05,15.0,0.021,0.0015,0.0041,,,,1.138,,,,,
58.907,SCAN_HIGH,3.6932,-1.0267,0.303,-47.12,-0.91,-0.04,15.0,0.0347,0.0068,-0.0015,,,,1.369,,,,,
58.926,SCAN_HIGH,3.6987,-1.0253,0.302,-46.51,-0.73,0.25,15.0,0.0474,0.0132,0.0099,,,,1.369,,,,,
58.975,SCAN_HIGH,3.7036,-1.0242,0.305,-45.85,-0.38,0.46,15.0,0.0546,0.0186,0.0057,,1.535,,1.446,,,,,
59.011,SCAN_HIGH,3.7098,-1.023,0.304,-45.22,-0.09,0.73,15.0,0.0605,0.0225,0.0103,,1.535,,1.446,,,,,
59.082,SCAN_HIGH,3.7142,-1.0207,0.306,-44.59,0.12,0.94,15.0,0.0588,0.0295,0.0088,,,,1.526,,,,,
59.11,SCAN_HIGH,3.7193,-1.018,0.304,-43.96,0.37,1.09,15.0,0.0569,0.036,0.0089,,,,1.526,,,,,
59.181,SCAN_HIGH,3.7219,-1.0179,0.299,-43.38,0.58,1.2,15.0,0.0472,0.0354,0.0038,,1.523,,1.599,,,,,
59.235,SCAN_HIGH,3.7257,-1.0158,0.304,-42.79,0.95,1.32,15.0,0.0396,0.0381,-0.0139,,1.523,,1.599,,,,,
59.274,SCAN_HIGH,3.7283,-1.0126,0.307,-42.26,1.22,1.37,15.0,0.0267,0.0415,-0.0065,,1.525,,1.64,,,,,
59.321,SCAN_HIGH,3.7297,-1.0108,0.306,-41.71,1.26,1.46,15.0,0.0134,0.0434,0.0014,,1.525,,1.64,,,,,
59.356,SCAN_HIGH,3.7298,-1.0077,0.302,-41.19,1.12,1.28,15.0,-0.0042,0.0402,-0.0052,,1.505,,1.658,,,,,
59.401,SCAN_HIGH,3.7285,-1.0066,0.302,-40.58,1.11,1.09,15.0,-0.0193,0.0408,-0.0177,,1.505,,1.658,,,,,
59.473,SCAN_HIGH,3.7269,-1.0039,0.301,-39.95,1.05,0.75,15.0,-0.0325,0.0406,-0.0149,,1.489,,1.69,,,,,
59.51,SCAN_HIGH,3.7244,-1.001,0.303,-39.39,0.98,0.57,15.0,-0.0437,0.0392,-0.0138,,1.489,,1.69,,,,,
59.566,SCAN_HIGH,3.7224,-1.0005,0.301,-38.84,1.09,0.3,15.0,-0.0524,0.0329,-0.0086,,1.474,,,,,,,
59.614,SCAN_HIGH,3.7188,-0.9995,0.302,-38.32,1.07,0.12,15.0,-0.0595,0.0252,-0.0122,,1.474,,,,,,,
59.664,SCAN_HIGH,3.7157,-0.9993,0.301,-37.69,0.99,0.02,15.0,-0.0662,0.0165,-0.011,,1.442,,1.708,,,,,
59.702,SCAN_HIGH,3.7117,-1.0005,0.299,-36.96,0.74,-0.01,15.0,-0.0729,0.0081,-0.0153,,1.442,,1.708,,,,,
59.752,SCAN_HIGH,3.7076,-1.0029,0.3,-36.09,0.6,-0.07,15.0,-0.0761,-0.0031,-0.0203,,1.389,,,,,,,
59.818,SCAN_HIGH,3.7043,-1.0036,0.298,-35.19,0.39,-0.13,15.0,-0.0753,-0.0089,-0.0148,,1.389,,,,,,,
59.912,SCAN_HIGH,3.7026,-1.0064,0.292,-34.28,-0.01,-0.3,15.0,-0.0754,-0.0169,-0.0204,,,,1.73,,,,,
59.932,SCAN_HIGH,3.6981,-1.008,0.294,-33.32,-0.12,-0.36,15.0,-0.0703,-0.0184,-0.0316,,,,1.73,,,,,
59.98,SCAN_HIGH,3.6951,-1.0107,0.293,-32.36,-0.27,-0.39,15.0,-0.0652,-0.023,-0.0258,,0.411,,1.721,,,,,
60.04,SCAN_HIGH,3.6942,-1.0125,0.293,-31.43,-0.24,-0.24,15.0,-0.0575,-0.0231,-0.0197,,0.411,,1.721,,,,,
60.077,SCAN_HIGH,3.6924,-1.0143,0.292,-30.59,-0.33,-0.28,15.0,-0.0521,-0.0237,-0.0171,,0.367,,1.72,,,,,
60.106,SCAN_HIGH,3.692,-1.0175,0.292,-29.74,-0.29,-0.21,15.0,-0.043,-0.0277,-0.0149,,0.367,,1.72,,,,,
60.177,SCAN_HIGH,3.6904,-1.0195,0.29,-29.08,-0.35,-0.31,15.0,-0.0392,-0.0272,-0.0102,,0.348,,1.721,,,,,
60.203,SCAN_HIGH,3.6901,-1.0229,0.292,-28.56,-0.41,-0.42,15.0,-0.0319,-0.0307,-0.011,,0.348,,1.721,,,,,
60.284,SCAN_HIGH,3.6881,-1.0272,0.289,-28.14,-0.46,-0.43,15.0,-0.0293,-0.0357,-0.0045,,0.34,,1.767,,,,,
60.315,SCAN_HIGH,3.6889,-1.0292,0.287,-27.8,-0.76,0.04,15.0,-0.0189,-0.0339,-0.0109,,0.34,,1.767,,,,,
60.395,SCAN_HIGH,3.689,-1.0317,0.288,-27.38,-0.92,0.06,15.0,-0.0106,-0.0295,-0.0121,,0.34,,1.82,,,,,
60.408,SCAN_HIGH,3.6933,-1.0347,0.291,-26.89,-1.02,0.18,15.0,0.0009,-0.0265,-0.0037,,0.34,,1.82,,,,,
60.467,SCAN_HIGH,3.6952,-1.0364,0.289,-26.34,-1.06,0.13,15.0,0.0078,-0.0199,0.004,,0.337,,1.846,,,,,
60.504,SCAN_HIGH,3.6982,-1.0377,0.291,-25.75,-1.11,0.21,15.0,0.017,-0.0133,0.0007,,0.337,,1.846,,,,,
60.553,SCAN_HIGH,3.7032,-1.0394,0.288,-25.02,-1.1,0.22,15.0,0.0283,-0.0077,0.0099,,0.334,,,,,,,
60.639,SCAN_HIGH,3.7067,-1.0393,0.289,-24.26,-0.98,0.37,15.0,0.038,0.0021,0.0012,,0.334,,,,,,,
60.672,SCAN_HIGH,3.7119,-1.0386,0.292,-23.44,-0.95,0.59,15.0,0.043,0.0095,0.0067,,0.335,,,,,,,
60.74,SCAN_HIGH,3.7164,-1.0388,0.292,-22.61,-0.74,0.79,15.0,0.0464,0.0189,0.0227,,0.335,,,,,,,
60.77,SCAN_HIGH,3.7186,-1.0358,0.293,-21.84,-0.54,0.99,15.0,0.0431,0.0285,0.0209,,0.337,,,,,,,
60.815,SCAN_HIGH,3.722,-1.0343,0.294,-21.01,-0.31,0.99,15.0,0.0376,0.037,0.0227,,0.337,,,,,,,
60.857,SCAN_HIGH,3.7243,-1.0324,0.293,-20.21,-0.1,0.93,15.0,0.0313,0.0408,0.027,,0.346,,2.309,,,,,
60.917,SCAN_HIGH,3.7275,-1.0292,0.297,-19.4,-0.02,0.93,15.0,0.0302,0.0431,0.0223,,0.346,,2.309,,,,,
60.961,SCAN_HIGH,3.7294,-1.0262,0.297,-18.57,0.2,0.95,15.0,0.0236,0.0506,0.0315,,0.349,,,,,,,
61.016,SCAN_HIGH,3.7327,-1.0224,0.299,-17.74,0.39,0.85,15.0,0.0207,0.0536,0.0278,,0.349,,,,,,,
61.085,SCAN_HIGH,3.7331,-1.0187,0.298,-16.91,0.43,0.98,15.0,0.0098,0.0537,0.0256,,0.346,,,,,,,
61.136,SCAN_HIGH,3.7353,-1.0148,0.304,-16.04,0.61,0.9,15.0,0.0065,0.0544,0.0196,,0.346,,,,,,,
61.174,SCAN_HIGH,3.7358,-1.0109,0.304,-15.13,0.61,1.02,15.0,-0.0018,0.054,0.0281,,0.348,,,,,,,
61.22,SCAN_HIGH,3.7371,-1.0087,0.307,-14.17,0.65,1.02,15.0,-0.0069,0.0502,0.0238,,0.348,,,,,,,
61.278,SCAN_HIGH,3.7377,-1.0063,0.304,-13.14,0.6,1.12,15.0,-0.0138,0.0482,0.0218,,0.346,,,,,,,
61.301,SCAN_HIGH,3.7375,-1.0033,0.306,-11.99,0.62,1.16,15.0,-0.0213,0.049,0.0065,,0.346,,,,,,,
61.371,SCAN_HIGH,3.739,-0.9978,0.304,-10.76,0.71,1.12,15.0,-0.0266,0.0494,-0.0003,,0.34,,,,,,,
61.401,SCAN_HIGH,3.7388,-0.9948,0.301,-9.48,0.86,1.01,15.0,-0.0338,0.046,-0.0015,,0.34,,,,,,,
61.477,SCAN_HIGH,3.7377,-0.9924,0.306,-8.22,0.85,0.83,15.0,-0.0403,0.0403,-0.0104,,0.339,,3.026,,,,,
61.511,SCAN_HIGH,3.7355,-0.9908,0.306,-7.07,0.9,0.85,15.0,-0.0483,0.0321,0.0055,,0.339,,3.026,,,,,
61.564,SCAN_HIGH,3.7342,-0.9924,0.307,-5.91,0.99,0.66,15.0,-0.047,0.0342,0.0073,,0.334,,,,,,,
61.621,SCAN_HIGH,3.7349,-0.9846,0.303,-4.7,0.91,0.52,15.0,-0.0511,0.0276,0.0071,,0.334,,,,,,,
61.667,SCAN_HIGH,3.7327,-0.9832,0.305,-3.45,1.21,0.69,15.0,-0.0537,0.0204,-0.0028,,0.33,,,,,,,
61.708,SCAN_HIGH,3.7326,-0.9829,0.306,-2.34,1.18,0.86,15.0,-0.0535,0.0073,0.0031,,0.33,,,,,,,
61.775,SCAN_HIGH,3.7312,-0.9877,0.309,-1.31,1.17,0.82,15.0,-0.0599,-0.0146,0.0076,,0.329,,,,,,,
61.819,SCAN_HIGH,3.73,-0.9889,0.309,-0.4,1.05,0.8,15.0,-0.0523,-0.0196,0.0131,,0.329,,,,,,,
61.852,SCAN_HIGH,3.7387,-0.9811,0.309,0.35,0.72,0.63,15.0,-0.0601,-0.0247,0.0119,,0.328,,3.035,,,,,
61.907,SCAN_HIGH,3.7313,-1.0094,0.309,1.06,0.94,0.5,15.0,-0.0574,-0.0666,0.0049,,0.328,,3.035,,,,,
61.958,SCAN_HIGH,3.7309,-1.0139,0.307,1.66,0.35,0.42,15.0,-0.0531,-0.0773,0.0033,,0.326,,3.039,,,,,
62.048,SCAN_HIGH,3.7299,-1.0187,0.306,2.23,-0.13,0.28,15.0,-0.0527,-0.0811,-0.0026,,0.326,,3.039,,,,,
62.068,SCAN_HIGH,3.7285,-1.0226,0.303,2.78,-0.55,0.36,15.0,-0.0519,-0.0773,-0.0127,,0.325,,3.043,,,,,
62.148,SCAN_HIGH,3.7297,-1.0257,0.306,3.39,-1.18,0.18,15.0,-0.0464,-0.0708,-0.0169,,0.325,,3.043,,,,,
62.172,SCAN_HIGH,3.7294,-1.0308,0.305,4.24,-1.43,0.22,15.0,-0.0455,-0.0618,-0.0059,,0.322,,3.038,,,,,
62.243,SCAN_HIGH,3.7292,-1.032,0.302,5.17,-1.67,0.15,15.0,-0.0425,-0.0484,-0.0076,,0.322,,3.038,,,,,
62.254,SCAN_HIGH,3.7296,-1.0333,0.303,6.09,-1.54,0.25,15.0,-0.0376,-0.0305,-0.0151,,0.324,,,,,,,
62.327,SCAN_HIGH,3.7294,-1.0331,0.304,7.03,-1.4,0.38,15.0,-0.0421,-0.0146,-0.0068,,0.324,,,,,,,
62.351,SCAN_HIGH,3.7276,-1.0336,0.307,7.87,-1.06,0.56,15.0,-0.0411,0.0042,-0.0074,,0.322,,,,,,,
62.426,SCAN_HIGH,3.7264,-1.026,0.305,8.6,-0.93,0.56,15.0,-0.0483,0.0182,-0.0044,,0.322,,,,,,,
62.457,SCAN_HIGH,3.7253,-1.028,0.305,9.26,-0.5,0.57,15.0,-0.0448,0.0241,-0.0061,,0.322,,3.083,,,,,
62.534,SCAN_HIGH,3.7255,-1.0174,0.301,9.92,-0.33,0.6,15.0,-0.0486,0.0382,-0.0082,,0.322,,3.083,,,,,
62.561,SCAN_HIGH,3.722,-1.0138,0.3,10.64,0.2,0.57,15.0,-0.0561,0.042,-0.0184,,0.324,,,,,,,
62.614,SCAN_HIGH,3.7239,-1.0122,0.301,11.34,0.62,0.63,15.0,-0.0498,0.0367,-0.0182,,0.324,,,,,,,
62.651,SCAN_HIGH,3.7212,-1.0103,0.304,12.08,0.77,0.46,15.0,-0.0551,0.0301,-0.0106,,0.319,,,,,,,
62.725,SCAN_HIGH,3.7183,-1.0102,0.3,12.86,0.78,0.39,15.0,-0.0572,0.0192,0.0021,,0.319,,,,,,,
62.773,SCAN_HIGH,3.7157,-1.0097,0.298,13.66,0.76,0.22,15.0,-0.058,0.0123,-0.0053,,0.32,,3.102,,,,,
62.807,SCAN_HIGH,3.7134,-1.0121,0.299,14.35,0.77,-0.03,15.0,-0.0558,-0.0006,-0.008,,0.32,,3.102,,,,,
62.853,SCAN_HIGH,3.7129,-1.0126,0.299,15.03,0.57,-0.15,15.0,-0.0518,-0.0091,-0.0006,2.95,0.321,,3.104,,,,,
62.916,SCAN_HIGH,3.7124,-1.0139,0.299,15.77,0.28,-0.48,15.0,-0.0394,-0.0125,-0.0008,2.95,0.321,,3.104,,,,,
62.966,SCAN_HIGH,3.7142,-1.0154,0.3,16.41,0.16,-0.42,15.0,-0.0287,-0.0149,0.0043,,0.322,,,,,,,
63.024,SCAN_HIGH,3.7149,-1.0174,0.3,17.02,-0.08,-0.25,15.0,-0.021,-0.0178,0.0131,,0.322,,,,,,,
63.061,SCAN_HIGH,3.7166,-1.0198,0.3,17.68,-0.2,-0.3,15.0,-0.0132,-0.0198,0.014,2.84,0.328,,,,,,,
63.141,SCAN_HIGH,3.7184,-1.0199,0.302,18.23,-0.34,-0.21,15.0,-0.0058,-0.0162,0.0076,2.84,0.328,,,,,,,
63.17,SCAN_HIGH,3.7205,-1.021,0.306,18.72,-0.44,-0.2,15.0,0.0011,-0.0118,0.0105,2.769,0.331,,,,,,,
63.208,SCAN_HIGH,3.7229,-1.0195,0.306,19.18,-0.58,0.16,15.0,0.0065,-0.0027,0.0177,2.769,0.331,,,,,,,
63.265,SCAN_HIGH,3.727,-1.0176,0.308,19.69,-0.64,0.37,15.0,0.0097,0.0028,0.0145,2.762,0.337,,3.189,,,,,
63.303,SCAN_HIGH,3.7282,-1.0174,0.306,20.23,-0.73,0.45,15.0,0.0092,0.0085,0.0125,2.762,0.337,,3.189,,,,,
63.379,SCAN_HIGH,3.7349,-1.0144,0.302,20.8,-0.39,0.79,15.0,0.0145,0.0169,0.0077,2.647,0.344,,,,,,,
63.435,SCAN_HIGH,3.7347,-1.0127,0.305,21.48,-0.24,1.14,15.0,0.0067,0.018,-0.0077,2.647,0.344,,,,,,,
63.492,SCAN_HIGH,3.7368,-1.0094,0.305,22.14,-0.24,1.21,15.0,0.0051,0.023,-0.0016,,0.354,,,,,,,
63.529,SCAN_HIGH,3.7408,-1.0073,0.308,22.98,-0.08,1.39,15.0,-0.0023,0.0215,-0.0023,,0.354,,,,,,,
63.557,SCAN_HIGH,3.7392,-1.0046,0.305,23.78,-0.02,1.53,15.0,-0.0147,0.0213,-0.0056,,0.355,,,,,,,
63.615,SCAN_HIGH,3.7391,-1.0013,0.305,24.67,0.16,1.63,15.0,-0.026,0.0223,-0.0132,,0.355,,,,,,,
63.671,SCAN_HIGH,3.7373,-0.9995,0.302,25.51,0.14,1.48,15.0,-0.0374,0.0152,-0.0108,,0.362,,,,,,,
63.7,SCAN_HIGH,3.7369,-0.9969,0.302,26.38,0.37,1.47,15.0,-0.0436,0.0129,-0.0187,,0.362,,,,,,,
63.764,SCAN_HIGH,3.7351,-0.9951,0.299,27.25,0.39,1.28,15.0,-0.0537,0.0048,-0.0159,2.293,0.355,,,,,,,
63.838,SCAN_HIGH,3.7314,-0.9965,0.299,28.07,0.31,0.98,15.0,-0.0622,-0.0046,-0.0163,2.293,0.355,,,,,,,
63.883,SCAN_HIGH,3.7269,-0.9981,0.299,28.91,0.37,0.7,15.0,-0.07,-0.013,-0.0197,2.128,0.356,,,,,,,
63.922,SCAN_HIGH,3.7243,-0.9985,0.299,29.66,0.4,0.4,15.0,-0.0718,-0.0166,-0.013,2.128,0.356,,,,,,,
63.967,SCAN_HIGH,3.7206,-0.9982,0.299,30.49,0.49,0.08,15.0,-0.0714,-0.018,-0.0077,,0.355,,,,,,,
64.028,SCAN_HIGH,3.7173,-0.9987,0.297,31.26,0.53,0.07,15.0,-0.0669,-0.022,-0.0027,,0.355,,,,,,,
64.05,SCAN_HIGH,3.716,-0.9994,0.297,31.95,0.47,-0.18,15.0,-0.0609,-0.0235,-0.0028,2.141,0.358,,,,,,,
64.147,SCAN_HIGH,3.716,-0.9998,0.299,32.55,0.4,-0.15,15.0,-0.0514,-0.0242,-0.0015,2.141,0.358,,,,,,,
64.176,SCAN_HIGH,3.7135,-1.0011,0.299,33.14,0.43,-0.01,15.0,-0.0489,-0.0267,0.0022,,0.361,,,,,,,
64.258,SCAN_HIGH,3.7136,-1.0024,0.298,33.67,0.4,-0.04,15.0,-0.0381,-0.0298,0.0029,,0.361,,,,,,,
64.272,SCAN_HIGH,3.7169,-1.0045,0.3,34.12,0.17,-0.04,15.0,-0.024,-0.0286,0.0071,,0.369,,,,,,,
64.302,SCAN_HIGH,3.7197,-1.0044,0.301,34.67,0.19,0.05,15.0,-0.0187,-0.0292,0.0096,,0.369,,,,,,,
64.359,SCAN_HIGH,3.7218,-1.0044,0.303,35.35,0.07,0.19,15.0,-0.0057,-0.0284,0.0134,,0.378,,,,,,,
64.415,SCAN_HIGH,3.7298,-1.0044,0.301,36.24,0.18,0.27,15.0,0.0052,-0.0264,0.0208,,0.378,,,,,,,
64.487,SCAN_HIGH,3.7341,-1.0047,0.3,37.14,0.14,0.59,15.0,0.0111,-0.0264,0.0171,,0.392,,,,,,,
64.523,SCAN_HIGH,3.737,-1.0061,0.303,37.96,-0.2,0.73,15.0,0.0128,-0.0277,0.008,,0.392,,,,,,,
64.594,SCAN_HIGH,3.7395,-1.0073,0.302,38.79,-0.52,0.7,15.0,0.0117,-0.0319,0.0158,,0.414,,,,,,,
64.608,SCAN_HIGH,3.7421,-1.0074,0.304,39.56,-0.75,0.85,15.0,0.006,-0.0272,0.0105,,0.414,,,,,,,
64.657,SCAN_HIGH,3.7446,-1.0076,0.302,40.27,-1.06,0.82,15.0,0.0003,-0.024,0.0114,,0.465,,,,,,,
64.726,SCAN_HIGH,3.746,-1.0091,0.305,40.87,-1.08,0.98,15.0,-0.0078,-0.0227,0.0083,,0.465,,,,,,,
64.756,SCAN_HIGH,3.7481,-1.01,0.301,41.42,-1.1,1.06,15.0,-0.0147,-0.0214,0.0057,,,,,,,,,
64.811,SCAN_HIGH,3.7474,-1.0109,0.302,41.9,-1.26,0.93,15.0,-0.027,-0.0197,-0.0047,,,,,,,,,
64.872,SCAN_HIGH,3.747,-1.0098,0.305,42.32,-1.17,0.92,15.0,-0.0367,-0.0117,-0.0073,,1.355,,,,,,,
64.92,SCAN_HIGH,3.7431,-1.007,0.301,42.72,-1.03,0.94,15.0,-0.053,-0.0052,-0.0009,,1.355,,,,,,,
64.967,SCAN_HIGH,3.7432,-1.0075,0.301,43.05,-0.88,0.78,15.0,-0.058,-0.005,-0.0113,,1.435,,,,,,,
65.017,SCAN_HIGH,3.7408,-1.0077,0.3,43.4,-0.62,0.53,15.0,-0.0654,-0.0042,-0.0087,,1.435,,,,,,,
65.054,SCAN_HIGH,3.7379,-1.0039,0.3,43.84,-0.55,0.43,15.0,-0.0708,0.0041,-0.0102,,1.449,,,,,,,
65.129,SCAN_HIGH,3.7375,-1.0054,0.299,44.36,-0.17,0.27,15.0,-0.0638,0.0003,-0.0105,,1.449,,,,,,,
65.16,SCAN_HIGH,3.7321,-1.0022,0.299,45.01,-0.06,0.39,15.0,-0.0747,0.0059,-0.0073,,1.454,1.52,,,,,,
65.234,SCAN_HIGH,3.7304,-1.002,0.298,45.69,0.2,0.15,15.0,-0.0724,0.004,-0.0061,,1.454,1.52,,,,,,
65.265,SCAN_HIGH,3.7266,-1.0011,0.298,46.41,0.48,0.24,15.0,-0.0721,0.0027,-0.0067,,1.494,,,,,,,
65.303,SCAN_HIGH,3.7245,-1.0012,0.299,47.21,0.76,0.43,15.0,-0.0673,-0.0034,-0.001,,1.494,,,,,,,
65.369,SCAN_HIGH,3.721,-1.0016,0.295,48.04,0.89,0.45,15.0,-0.065,-0.0108,0.0006,,1.542,1.49,,,,,,
65.406,SCAN_HIGH,3.7193,-1.0027,0.297,48.89,1.19,0.31,15.0,-0.0577,-0.0201,0.0003,,1.542,1.49,,,,,,
65.468,SCAN_HIGH,3.7189,-1.0041,0.3,49.67,1.13,0.35,15.0,-0.0465,-0.0296,0.0109,,1.591,1.475,,,,,,
65.51,SCAN_HIGH,3.7214,-1.0084,0.301,50.41,1.02,0.15,15.0,-0.0308,-0.0433,0.0189,,1.591,1.475,,,,,,
65.578,SCAN_HIGH,3.7232,-1.011,0.299,51.15,0.76,0.02,15.0,-0.018,-0.0496,0.018,,1.659,1.463,,,,,,
65.609,SCAN_HIGH,3.7247,-1.0157,0.302,51.82,0.3,-0.19,15.0,-0.0089,-0.0569,0.0151,,1.659,1.463,,,,,,
65.658,SCAN_HIGH,3.7298,-1.0214,0.3,52.43,-0.07,-0.23,15.0,0.0051,-0.0628,0.0179,,1.703,1.427,,,,,,
65.699,SCAN_HIGH,3.7354,-1.0249,0.301,53.02,-0.56,-0.24,15.0,0.0162,-0.0607,0.0058,,1.703,1.427,,,,,,
65.764,SCAN_HIGH,3.7392,-1.0271,0.305,53.56,-0.96,-0.3,15.0,0.0194,-0.0535,0.0096,,1.713,,,,,,,
65.815,SCAN_HIGH,3.7445,-1.029,0.303,54.17,-1.66,-0.28,15.0,0.0221,-0.0443,0.0154,,1.713,,,,,,,
65.883,SCAN_HIGH,3.7483,-1.0294,0.304,54.79,-2.15,-0.31,15.0,0.0176,-0.0301,0.0074,,1.711,,,,,,,
65.916,SCAN_HIGH,3.7502,-1.0294,0.306,55.42,-2.65,-0.38,15.0,0.0056,-0.0113,0.0115,,1.711,,,,,,,
65.987,SCAN_HIGH,3.7518,-1.0275,0.307,56.14,-2.84,-0.3,15.0,-0.0069,0.009,0.0097,,1.701,,,,,,,
66.008,SCAN_HIGH,3.7524,-1.0219,0.31,56.89,-2.86,-0.16,15.0,-0.0207,0.0336,0.0069,,1.701,,,,,,,
66.067,SCAN_HIGH,3.7536,-1.0144,0.304,57.7,-2.62,0.17,15.0,-0.0403,0.0542,0.0102,,1.694,0.46,,,,,,
66.105,SCAN_HIGH,3.7491,-1.0088,0.308,58.42,-2.19,0.41,15.0,-0.0586,0.0702,-0.0071,,1.694,0.46,,,,,,
66.162,SCAN_HIGH,3.7446,-1.0025,0.304,59.16,-1.59,0.79,15.0,-0.0814,0.0829,0.0003,,1.689,0.426,,,,,,
66.2,SCAN_HIGH,3.7411,-0.9963,0.306,59.93,-0.93,1.0,15.0,-0.0962,0.0898,-0.0039,,1.689,0.426,,,,,,
66.257,SCAN_HIGH,3.7361,-0.989,0.303,60.79,-0.39,1.28,15.0,-0.1048,0.0878,-0.0009,,,0.399,,,,,,
66.324,SCAN_HIGH,3.7309,-0.9816,0.306,61.72,0.14,1.54,15.0,-0.1112,0.0816,-0.0047,,,0.399,,,,,,
66.353,SCAN_HIGH,3.725,-0.9757,0.306,62.63,0.53,1.84,15.0,-0.1133,0.0713,0.0033,,,0.364,,,,,,
66.409,SCAN_HIGH,3.7186,-0.9714,0.304,63.51,0.85,1.93,15.0,-0.1144,0.0594,0.0013,,,0.364,,,,,,
66.481,SCAN_HIGH,3.7146,-0.9676,0.303,64.35,1.37,2.1,15.0,-0.1131,0.0442,-0.0055,,1.656,0.337,,,,,,
66.503,SCAN_HIGH,3.7087,-0.9637,0.308,65.17,1.68,2.28,15.0,-0.1092,0.0262,-0.0079,,1.656,0.337,,,,,,
66.572,SCAN_HIGH,3.7032,-0.9611,0.304,66.07,1.9,2.23,15.0,-0.105,0.0052,0.0003,,1.662,0.306,,,,,,
66.608,SCAN_HIGH,3.6988,-0.9606,0.304,66.95,2.22,2.13,15.0,-0.0935,-0.014,-0.0122,,1.662,0.306,,,,,,
66.661,SCAN_HIGH,3.6945,-0.9612,0.306,67.77,2.21,1.81,15.0,-0.0812,-0.0359,-0.0211,,1.695,0.291,,,,,,
66.734,SCAN_HIGH,3.6915,-0.9639,0.301,68.45,2.31,1.39,15.0,-0.0672,-0.0583,-0.0074,,1.695,0.291,,,,,,
66.749,SCAN_HIGH,3.6894,-0.9667,0.306,68.98,2.45,1.22,15.0,-0.0489,-0.071,-0.0185,,1.833,0.278,,,,,,
66.826,SCAN_HIGH,3.6887,-0.9709,0.303,69.41,1.96,0.66,15.0,-0.0297,-0.0867,-0.0092,,1.833,0.278,,,,,,
66.857,SCAN_HIGH,3.6901,-0.9767,0.301,69.83,1.47,0.43,15.0,-0.0136,-0.0982,-0.0147,,1.943,0.281,,,,,,
66.939,SCAN_HIGH,3.6897,-0.9815,0.302,70.22,1.26,0.3,15.0,-0.0023,-0.1009,-0.0233,,1.943,0.281,,,,,,
66.962,SCAN_HIGH,3.6934,-0.9877,0.301,70.57,0.94,0.19,15.0,0.0169,-0.1077,-0.0187,,,0.283,,,,,,
67.012,SCAN_HIGH,3.6948,-0.9927,0.3,70.89,0.73,-0.03,15.0,0.0242,-0.1086,-0.0195,,,0.283,,,,,,
67.069,SCAN_HIGH,3.6977,-0.9964,0.299,71.17,0.47,-0.2,15.0,0.0386,-0.1074,-0.0187,,2.124,0.284,,,,,,
67.104,SCAN_HIGH,3.7021,-1.002,0.298,71.53,0.13,-0.38,15.0,0.0418,-0.1016,-0.0174,,2.124,0.284,,,,,,
67.206,SCAN_HIGH,3.7047,-1.0066,0.296,71.96,-0.31,-0.38,15.0,0.0456,-0.0956,-0.0172,,2.236,0.286,,,,,,
67.24,SCAN_HIGH,3.7067,-1.0101,0.296,72.48,-0.52,-0.45,15.0,0.0443,-0.087,-0.0212,,2.236,0.286,,,,,,
67.269,SCAN_HIGH,3.7105,-1.0135,0.292,73.14,-0.87,-0.49,15.0,0.042,-0.0776,-0.0183,,,0.289,,,,,,
67.349,SCAN_HIGH,3.7127,-1.0161,0.294,73.79,-0.91,-0.44,15.0,0.0365,-0.0679,-0.0221,,,0.289,,,,,,
67.366,SCAN_HIGH,3.7133,-1.0186,0.292,74.36,-0.91,-0.5,15.0,0.0308,-0.0605,-0.0114,,2.717,0.291,,,,,,
67.44,SCAN_HIGH,3.7164,-1.0208,0.292,75.11,-0.93,-0.57,15.0,0.0223,-0.0502,-0.0148,,2.717,0.291,,,,,,
67.454,SCAN_HIGH,3.7146,-1.0204,0.291,75.92,-1.08,-0.71,15.0,0.0134,-0.0336,-0.0074,,,0.29,,,,,,
67.519,SCAN_HIGH,3.7139,-1.0182,0.293,76.82,-1.13,-0.68,15.0,0.002,-0.0145,-0.0083,,,0.29,,,,,,
67.565,SCAN_HIGH,3.714,-1.0158,0.293,77.7,-0.99,-0.52,15.0,-0.0054,-0.0013,-0.0005,,,0.284,,,,,,
67.622,SCAN_HIGH,3.7138,-1.0094,0.291,78.78,-0.91,-0.41,15.0,-0.0118,0.0183,0.0007,,,0.284,,,,,,
67.659,SCAN_HIGH,3.7106,-1.0049,0.289,79.54,-1.03,-0.11,15.0,-0.0252,0.0307,-0.0075,,3.012,0.278,,,,,,
67.714,SCAN_HIGH,3.7086,-0.9989,0.29,80.71,-0.8,0.2,15.0,-0.0356,0.0398,-0.0083,,3.012,0.278,,,,,,
67.773,SCAN_HIGH,3.7046,-0.9967,0.288,81.57,-0.6,0.42,15.0,-0.0433,0.0443,-0.0011,,3.014,0.271,,,,,,
67.808,SCAN_HIGH,3.702,-0.9907,0.288,82.61,-0.38,0.65,15.0,-0.0548,0.0479,-0.0027,,3.014,0.271,,,,,,
67.876,SCAN_HIGH,3.6987,-0.9878,0.29,83.63,-0.3,0.88,15.0,-0.0581,0.0462,-0.0031,,2.975,0.265,,,,,,
67.922,SCAN_HIGH,3.6951,-0.9845,0.291,84.48,-0.23,1.07,15.0,-0.0626,0.0377,0.0032,,2.975,0.265,,,,,,
67.976,SCAN_HIGH,3.6918,-0.9828,0.292,85.21,0.06,1.26,15.0,-0.0644,0.0302,0.0024,,2.996,0.267,,,,,,
68.023,SCAN_HIGH,3.6874,-0.9813,0.297,85.9,0.31,1.09,15.0,-0.0657,0.0164,0.009,,2.996,0.267,,,,,,
68.058,SCAN_HIGH,3.6843,-0.9818,0.294,86.68,0.39,1.04,15.0,-0.0633,0.0085,0.0189,,2.993,0.257,,,,,,
68.132,SCAN_HIGH,3.679,-0.9803,0.291,87.55,0.49,0.96,15.0,-0.0673,0.0,0.0046,,2.993,0.257,,,,,,
68.166,SCAN_HIGH,3.6758,-0.9814,0.293,88.4,0.76,0.8,15.0,-0.0637,-0.0087,-0.0021,,2.972,0.247,,,,,,
68.214,SCAN_HIGH,3.6706,-0.9813,0.294,89.19,1.15,0.82,-0.0,-0.0591,-0.0145,0.0028,,2.972,0.247,,,,,,
68.271,SCAN_HIGH,3.6675,-0.9822,0.293,89.91,1.12,0.43,-0.0,-0.0524,-0.0208,-0.0619,,,0.248,,,,,,
68.324,SCAN_HIGH,3.6643,-0.9841,0.282,90.58,0.86,-0.24,-0.0,-0.0465,-0.0189,-0.1682,,,0.248,,,,,,
68.369,SCAN_HIGH,3.6614,-0.9862,0.273,91.1,0.66,-0.66,-0.0,-0.042,-0.0239,-0.2452,,3.018,0.242,,,,,,
68.418,SCAN_HIGH,3.658,-0.9864,0.252,91.29,0.49,-0.89,-0.0,-0.0426,-0.0115,-0.2901,,3.018,0.242,,,,,,
68.464,SCAN_HIGH,3.6506,-0.9833,0.243,91.3,0.58,-0.48,-0.0,-0.0511,0.004,-0.3369,,3.002,0.237,,,,,,
68.503,SCAN_HIGH,3.6478,-0.9802,0.22,91.31,0.7,-0.16,-0.0,-0.0444,0.0167,-0.339,,3.002,0.237,,,,,,
68.559,SCAN_HIGH,3.645,-0.9758,0.202,91.26,0.94,0.13,-0.0,-0.0419,0.0244,-0.3605,,,0.235,,,,,,
68.607,SCAN_HIGH,3.6451,-0.9698,0.18,91.05,1.0,0.38,-0.0,-0.0273,0.0337,-0.3618,,,0.235,,,,,,
68.664,SCAN_HIGH,3.6417,-0.968,0.174,90.82,0.78,0.66,-0.0,-0.0271,0.0423,-0.3631,,,0.231,,,,,,
68.706,SCAN_HIGH,3.6395,-0.9621,0.152,90.68,0.75,0.85,-0.0,-0.0244,0.0404,-0.3224,,,0.231,,,,,,
68.772,SCAN_HIGH,3.6367,-0.956,0.137,90.68,0.51,1.09,-0.0,-0.0203,0.0443,-0.3229,,0.695,0.23,,,,,,
68.8,SCAN_HIGH,3.6332,-0.9472,0.118,90.77,0.38,0.89,-0.0,-0.0189,0.0608,-0.303,,0.695,0.23,,,,,,
68.861,SCAN_LOW,3.6344,-0.9453,0.107,91.03,0.34,1.12,-0.0,0.0212,0.0831,-0.2862,,0.672,0.23,,,,,,
68.911,SCAN_LOW,3.6408,-0.9377,0.09,91.23,0.25,0.96,-0.0,-0.0003,0.0642,-0.2477,,0.672,0.23,,,,,,
68.959,SCAN_LOW,3.6439,-0.9434,0.083,91.48,-0.19,1.35,-0.0,0.0118,0.0141,-0.2299,,0.657,0.229,,,,,,
69.006,SCAN_LOW,3.6389,-0.9414,0.072,91.69,-0.7,1.01,15.0,-0.0156,-0.0009,-0.1783,,0.657,0.229,,,,,,
69.086,SCAN_LOW,3.6329,-0.9379,0.063,92.05,-0.87,0.68,15.0,-0.0583,-0.0089,-0.154,,0.648,0.229,,,,,,
69.111,SCAN_LOW,3.6285,-0.9388,0.054,92.36,-0.34,0.71,15.0,-0.0738,-0.0212,-0.1228,,0.648,0.229,,,,,,
69.164,SCAN_LOW,3.6244,-0.9399,0.047,92.74,0.12,0.64,15.0,-0.0803,-0.029,-0.1033,,0.634,0.221,,,,,,
69.226,SCAN_LOW,3.6205,-0.9412,0.041,93.28,0.45,0.36,15.0,-0.0783,-0.0343,-0.0774,,0.634,0.221,,,,,,
69.251,SCAN_LOW,3.6169,-0.943,0.039,93.93,0.95,0.18,15.0,-0.0733,-0.0332,-0.0579,,0.629,0.216,,,,,,
69.317,SCAN_LOW,3.6137,-0.9445,0.042,94.61,1.25,0.11,15.0,-0.0557,-0.0303,-0.0296,,0.629,0.216,,,,,,
69.372,SCAN_LOW,3.6113,-0.946,0.041,95.37,1.6,0.01,15.0,-0.0351,-0.0266,-0.004,,0.631,0.216,,,,,,
69.418,SCAN_LOW,3.6099,-0.9476,0.047,96.14,1.71,-0.07,15.0,-0.0149,-0.0208,0.0119,,0.631,0.216,,,,,,
69.465,SCAN_LOW,3.6097,-0.9489,0.051,96.9,1.61,-0.07,15.0,0.0018,-0.0108,0.0366,,0.635,0.217,,,,,,
69.517,SCAN_LOW,3.6111,-0.9497,0.053,97.73,1.6,-0.07,15.0,0.05,0.0244,0.0497,,0.635,0.217,,,,,,
69.562,SCAN_LOW,3.6143,-0.9484,0.059,98.63,1.14,0.39,15.0,0.07,0.0334,0.0462,,0.644,0.222,,,,,,
69.635,SCAN_LOW,3.6183,-0.9471,0.061,99.59,0.47,0.46,15.0,0.0815,0.0377,0.051,,0.644,0.222,,,,,,
69.678,SCAN_LOW,3.6223,-0.9459,0.064,100.57,0.04,0.54,15.0,0.0825,0.0381,0.0445,,0.646,0.226,,,,,,
69.739,SCAN_LOW,3.6263,-0.9442,0.065,101.54,-0.33,0.66,15.0,0.0832,0.0377,0.0332,,0.646,0.226,,,,,,
69.75,SCAN_LOW,3.6301,-0.9425,0.06,102.52,-0.66,0.63,15.0,0.0759,0.0331,0.0297,,0.648,0.236,,,,,,
69.805,SCAN_LOW,3.6328,-0.9408,0.064,103.45,-0.97,0.62,15.0,0.0581,0.0287,0.0051,,0.648,0.236,,,,,,
69.874,SCAN_LOW,3.6351,-0.9379,0.064,104.3,-1.14,0.57,15.0,0.0463,0.0273,0.0086,,0.651,0.239,,,,,,
69.905,SCAN_LOW,3.6365,-0.9365,0.06,105.18,-1.22,0.57,15.0,0.0282,0.0237,0.0059,,0.651,0.239,,,,,,
69.981,SCAN_LOW,3.6368,-0.9332,0.061,106.05,-1.33,0.57,15.0,0.0108,0.0193,-0.01,,0.655,0.239,,,,,,
70.014,SCAN_LOW,3.6358,-0.9315,0.059,106.77,-1.19,0.58,15.0,-0.0165,0.0151,-0.0049,,0.655,0.239,,,,,,
70.067,SCAN_LOW,3.6335,-0.9296,0.06,107.6,-1.03,0.67,15.0,-0.0336,0.0069,-0.005,,0.66,0.239,,,,,,
70.11,SCAN_LOW,3.6301,-0.9279,0.062,108.32,-0.56,0.76,15.0,-0.0491,-0.0005,-0.0025,,0.66,0.239,,,,,,
70.159,SCAN_LOW,3.6259,-0.9275,0.059,108.99,-0.27,0.8,15.0,-0.0615,-0.009,0.0029,,0.658,0.235,,,,,,
70.22,SCAN_LOW,3.6221,-0.9277,0.063,109.65,0.26,1.04,15.0,-0.067,-0.0156,-0.0049,,0.658,0.235,,,,,,
70.248,SCAN_LOW,3.6188,-0.9275,0.06,110.27,0.63,1.17,15.0,-0.0642,-0.0191,0.0067,,0.657,0.233,,,,,,
70.315,SCAN_LOW,3.6151,-0.9282,0.062,110.89,1.06,1.21,15.0,-0.061,-0.0271,-0.0039,,0.657,0.233,,,,,,
70.376,SCAN_LOW,3.6124,-0.9298,0.06,111.45,1.23,1.12,15.0,-0.0436,-0.0349,-0.0024,,0.652,0.233,,,,,,
70.403,SCAN_LOW,3.611,-0.9318,0.06,112.0,1.57,1.21,15.0,-0.0277,-0.0398,-0.0042,,0.652,0.233,,,,,,
70.479,SCAN_LOW,3.611,-0.9341,0.059,112.53,1.89,1.12,15.0,-0.0034,-0.0412,-0.0046,,0.656,0.234,,,,,,
70.51,SCAN_LOW,3.6132,-0.9364,0.059,113.05,1.83,0.96,15.0,0.025,-0.0424,-0.0024,,0.656,0.234,,,,,,
70.566,SCAN_LOW,3.6165,-0.9387,0.06,113.74,1.73,0.7,15.0,0.0586,-0.0425,0.0069,,0.654,0.237,,,,,,
70.6,SCAN_LOW,3.6218,-0.9407,0.06,114.55,1.57,0.47,15.0,0.0855,-0.038,0.0042,,0.654,0.237,,,,,,
70.65,SCAN_LOW,3.6292,-0.9418,0.064,115.49,0.91,0.08,15.0,0.1074,-0.031,0.0052,,0.66,0.245,,,,,,
70.716,SCAN_LOW,3.6362,-0.9427,0.065,116.56,0.2,-0.33,15.0,0.1195,-0.0216,0.0128,,0.66,0.245,,,,,,
70.783,SCAN_LOW,3.6416,-0.9438,0.063,117.54,-0.51,-0.74,15.0,0.1136,-0.0148,0.0108,,,0.252,,,,,,
70.804,SCAN_LOW,3.6467,-0.9441,0.066,118.52,-1.01,-0.61,15.0,0.1071,-0.0066,0.0018,,,0.252,,,,,,
70.873,SCAN_LOW,3.651,-0.9443,0.065,119.51,-1.36,-0.61,15.0,0.0901,-0.0048,0.0081,,,0.266,,,,,,
70.902,SCAN_LOW,3.654,-0.9436,0.066,120.48,-1.56,-0.66,15.0,0.0685,-0.0012,0.0014,,,0.266,,,,,,
70.965,SCAN_LOW,3.6554,-0.9433,0.065,121.42,-1.58,-0.74,15.0,0.0434,-0.0013,-0.0005,,,0.278,,,,,,
71.013,SCAN_LOW,3.6549,-0.9431,0.061,122.3,-1.66,-0.76,15.0,0.0181,-0.001,-0.0038,,,0.278,,,,,,
71.051,SCAN_LOW,3.6521,-0.9436,0.064,123.15,-1.46,-0.61,15.0,-0.0142,0.0003,-0.009,,,0.284,,,,,,
71.118,SCAN_LOW,3.6474,-0.9435,0.062,123.97,-1.15,-0.39,15.0,-0.0466,-0.0017,-0.0045,,,0.284,,,,,,
71.15,SCAN_LOW,3.642,-0.9439,0.062,124.71,-0.9,-0.31,15.0,-0.0709,-0.003,-0.0112,,,0.287,,,,,,
71.211,SCAN_LOW,3.6348,-0.945,0.058,125.34,-0.36,0.15,15.0,-0.0888,-0.0062,-0.0135,,,0.287,,,,,,
71.264,SCAN_LOW,3.6303,-0.9458,0.062,125.93,0.32,0.57,15.0,-0.0894,-0.0121,-0.0194,,,0.281,,,,,,
71.345,SCAN_LOW,3.6249,-0.9475,0.056,126.47,0.67,0.59,15.0,-0.0844,-0.0149,-0.0083,,,0.281,,,,,,
71.366,SCAN_LOW,3.6215,-0.9484,0.054,127.02,0.9,0.75,15.0,-0.0746,-0.0185,-0.0196,,,0.28,,,,,,
71.407,SCAN_LOW,3.6188,-0.9498,0.054,127.51,1.25,0.88,15.0,-0.0621,-0.0181,-0.012,,,0.28,,,,,,
71.466,SCAN_LOW,3.6175,-0.9506,0.057,128.0,1.5,1.04,15.0,-0.0376,-0.0191,-0.0046,,,0.281,,,,,,
71.501,SCAN_LOW,3.6178,-0.9513,0.056,128.52,1.62,1.11,15.0,-0.0122,-0.0171,0.0078,,,0.281,,,,,,
71.552,SCAN_LOW,3.6212,-0.9511,0.06,129.1,1.59,1.14,15.0,0.0201,-0.016,0.0044,,,0.286,,,,,,
71.621,SCAN_LOW,3.6253,-0.9513,0.061,129.65,1.49,1.05,15.0,0.0504,-0.0107,0.0123,,,0.286,,,,,,
71.679,SCAN_LOW,3.6308,-0.9513,0.062,130.31,1.32,0.6,15.0,0.0795,-0.0044,0.0222,,,0.296,,,,,,
71.704,SCAN_LOW,3.6368,-0.9511,0.061,130.98,0.87,0.45,15.0,0.1012,0.0009,0.0228,,,0.296,,,,,,
71.793,SCAN_LOW,3.6446,-0.9503,0.064,131.77,0.49,-0.03,15.0,0.1149,0.0034,0.0171,,,0.309,,,,,,
71.804,SCAN_LOW,3.6507,-0.9498,0.064,132.49,0.13,-0.45,15.0,0.1178,0.0096,0.0211,,,0.309,,,,,,
71.877,SCAN_LOW,3.6564,-0.9488,0.066,133.27,-0.26,-1.05,15.0,0.1134,0.0175,0.0167,1.424,,0.331,,,,,,
71.943,SCAN_LOW,3.6609,-0.9473,0.069,134.1,-0.78,-1.39,15.0,0.0986,0.0272,0.0193,1.424,,0.331,,,,,,
71.952,SCAN_LOW,3.6639,-0.9458,0.067,134.97,-1.21,-1.53,15.0,0.0769,0.0329,0.0191,1.405,,0.356,,,,,,
72.025,SCAN_LOW,3.6662,-0.9427,0.067,135.9,-1.38,-1.5,15.0,0.0514,0.0396,0.0106,1.405,,0.356,,,,,,
72.048,SCAN_LOW,3.6658,-0.9401,0.07,136.8,-1.66,-1.32,15.0,0.0235,0.0414,0.0067,1.398,,0.384,,,,,,
72.105,SCAN_LOW,3.6634,-0.9363,0.069,137.81,-1.67,-0.95,15.0,-0.0096,0.0409,0.0073,1.398,,0.384,,,,,,
72.191,SCAN_LOW,3.6602,-0.9339,0.067,138.79,-1.64,-0.71,15.0,-0.0357,0.037,0.0026,1.403,,0.41,,,,,,
72.247,SCAN_LOW,3.6555,-0.9316,0.066,139.75,-1.55,-0.47,15.0,-0.0615,0.0302,-0.0053,1.403,,0.41,,,,,,
72.285,SCAN_LOW,3.6502,-0.9299,0.064,140.67,-1.2,-0.06,15.0,-0.0811,0.0216,-0.007,1.37,,0.426,,,,,,
72.316,SCAN_LOW,3.6429,-0.9274,0.064,141.51,-0.91,0.33,15.0,-0.1016,0.0141,-0.0133,1.37,,0.426,,,,,,
72.396,SCAN_LOW,3.6375,-0.9267,0.064,142.25,-0.52,0.86,15.0,-0.1043,0.0056,-0.0083,1.349,,0.453,,,,,,
72.41,SCAN_LOW,3.6323,-0.9277,0.068,142.9,-0.37,1.43,15.0,-0.0993,-0.006,-0.0094,1.349,,0.453,,,,,,
72.464,SCAN_LOW,3.6275,-0.9298,0.069,143.47,-0.2,1.53,15.0,-0.0899,-0.021,-0.001,,,0.462,,,,,,
72.499,SCAN_LOW,3.6234,-0.9324,0.067,143.96,-0.1,1.52,15.0,-0.0815,-0.0393,0.0051,,,0.462,,,,,,
72.564,SCAN_LOW,3.6197,-0.9353,0.066,144.48,0.06,1.81,15.0,-0.0668,-0.0482,-0.0025,0.341,,0.503,,,,,,
72.619,SCAN_LOW,3.6174,-0.9386,0.067,145.06,0.29,1.59,15.0,-0.048,-0.0606,-0.0099,0.341,,0.503,,,,,,
72.651,SCAN_LOW,3.6167,-0.9428,0.065,145.7,0.64,1.19,15.0,-0.0301,-0.0685,-0.003,0.278,,0.578,,,,,,
72.723,SCAN_LOW,3.6167,-0.9468,0.061,146.43,0.73,1.32,15.0,-0.0116,-0.076,-0.0009,0.278,,0.578,,,,,,
72.763,SCAN_LOW,3.6174,-0.9507,0.066,147.23,1.35,1.39,15.0,0.008,-0.0734,-0.0073,0.259,,0.683,,,,,,
72.826,SCAN_LOW,3.6201,-0.9544,0.065,148.12,1.52,0.73,15.0,0.0313,-0.0733,0.006,0.259,,0.683,,,,,,
72.887,SCAN_LOW,3.6242,-0.9572,0.065,148.95,1.56,0.32,15.0,0.0541,-0.0636,0.0038,0.252,,0.741,,,,,,
72.909,SCAN_LOW,3.6286,-0.9595,0.064,149.68,1.6,0.33,15.0,0.0681,-0.0456,0.0047,0.252,,0.741,,,,,,
72.966,SCAN_LOW,3.6329,-0.9611,0.068,150.44,1.49,0.01,15.0,0.0805,-0.0274,0.0051,0.252,,0.775,,,,,,
72.998,SCAN_LOW,3.6377,-0.9615,0.065,151.29,1.4,-0.77,15.0,0.0933,-0.0075,0.0129,0.252,,0.775,,,,,,
73.061,SCAN_LOW,3.6427,-0.9604,0.068,152.18,1.13,-0.74,15.0,0.0908,0.0191,0.0041,0.255,,0.812,,,,,,
73.129,SCAN_LOW,3.6469,-0.9576,0.067,152.98,0.82,-0.8,15.0,0.0873,0.0409,0.0106,0.255,,0.812,,,,,,
73.179,SCAN_LOW,3.6501,-0.9546,0.069,153.83,0.48,-0.84,15.0,0.0781,0.0603,0.0066,0.256,,0.854,,,,,,
73.228,SCAN_LOW,3.6528,-0.9499,0.068,154.63,-0.08,-0.89,15.0,0.0664,0.0763,0.0092,0.256,,0.854,,,,,,
73.258,SCAN_LOW,3.6548,-0.9452,0.072,155.53,-0.44,-0.86,15.0,0.0568,0.0887,0.0077,0.255,,0.863,,,,,,
73.332,SCAN_LOW,3.6562,-0.9392,0.069,156.36,-0.77,-0.82,15.0,0.0376,0.0961,0.0102,0.255,,0.863,,,,,,
73.351,SCAN_LOW,3.6556,-0.9343,0.066,157.0,-1.02,-0.82,15.0,0.0202,0.0944,0.0049,0.25,,,,,,,,
73.403,SCAN_LOW,3.654,-0.9267,0.067,157.94,-1.23,-0.31,15.0,-0.0025,0.0924,-0.0055,0.25,,,,,,,,
73.475,SCAN_LOW,3.6522,-0.9234,0.068,158.55,-1.55,-0.18,15.0,-0.0172,0.08,0.0007,0.25,,,,,,,,
73.5,SCAN_LOW,3.6498,-0.9189,0.069,159.35,-1.81,0.01,15.0,-0.032,0.062,0.0085,0.25,,,,,,,,
73.552,SCAN_LOW,3.6466,-0.9163,0.07,160.11,-1.97,0.4,15.0,-0.05,0.0444,0.0068,0.239,,,,,,,,
73.644,SCAN_LOW,3.643,-0.9129,0.068,160.86,-2.08,0.51,15.0,-0.0576,0.0212,0.0117,0.239,,,,,,,,
73.666,SCAN_LOW,3.6386,-0.9123,0.07,161.58,-1.85,0.69,15.0,-0.0665,0.0003,0.0049,0.24,,,,,,,,
73.717,SCAN_LOW,3.6343,-0.9125,0.067,162.26,-1.64,1.01,15.0,-0.0657,-0.0219,0.0087,0.24,,,,,,,,
73.767,SCAN_LOW,3.631,-0.9142,0.072,162.88,-1.2,1.35,15.0,-0.0647,-0.0401,-0.0041,0.237,,,,,,,,
73.8,SCAN_LOW,3.6273,-0.9167,0.071,163.51,-1.1,1.42,15.0,-0.0577,-0.0592,0.0112,0.237,,,,,,,,
73.864,SCAN_LOW,3.6253,-0.9208,0.069,164.16,-0.59,1.53,15.0,-0.0464,-0.0739,0.0064,0.231,,,,,,,,
73.897,SCAN_LOW,3.623,-0.9245,0.076,164.92,-0.05,1.56,15.0,-0.0314,-0.083,-0.0045,0.231,,,,,,,,
73.959,SCAN_LOW,3.6218,-0.9294,0.079,165.67,0.09,1.34,15.0,-0.0204,-0.0885,0.0149,0.225,,,,,,,,
74.041,SCAN_LOW,3.6208,-0.9348,0.071,166.62,0.53,1.26,15.0,-0.0079,-0.0842,0.02,0.225,,,,,,,,
74.078,SCAN_LOW,3.6203,-0.938,0.072,167.27,0.89,0.75,15.0,0.0019,-0.0788,-0.0078,0.22,,,,,,,,
74.129,SCAN_LOW,3.6213,-0.9424,0.074,168.13,1.04,0.66,15.0,0.0098,-0.0717,-0.0025,0.22,,,,,,,,
74.161,SCAN_LOW,3.6216,-0.9459,0.074,168.87,1.13,0.42,15.0,0.0159,-0.0633,-0.0006,0.223,,,,,,,,
74.234,SCAN_LOW,3.6223,-0.9485,0.068,169.56,1.06,0.25,15.0,0.0197,-0.0454,-0.0007,0.223,,,,,,,,
74.249,SCAN_LOW,3.6229,-0.9505,0.069,170.24,0.96,0.24,15.0,0.0214,-0.034,-0.0112,0.221,,,,,,,,
74.3,SCAN_LOW,3.6239,-0.9513,0.07,170.89,0.73,0.27,15.0,0.0236,-0.0181,-0.006,0.221,,,,,,,,
74.361,SCAN_LOW,3.6247,-0.9513,0.067,171.52,0.71,0.2,15.0,0.0251,-0.009,0.0007,0.22,,,,,,,,
74.42,SCAN_LOW,3.6252,-0.9514,0.069,172.22,0.67,0.04,15.0,0.0234,0.0011,-0.0068,0.22,,,,,,,,
74.45,SCAN_LOW,3.6254,-0.95,0.073,172.96,0.58,-0.11,15.0,0.0189,0.0196,0.0013,0.221,,,,,,,,
74.533,SCAN_LOW,3.6244,-0.9489,0.073,173.7,0.4,-0.13,15.0,0.0102,0.0257,0.0106,0.221,,,,,,,,
74.563,SCAN_LOW,3.6235,-0.9469,0.074,174.51,0.1,-0.05,15.0,0.0028,0.0312,0.0066,0.221,,,,,,,,
74.613,SCAN_LOW,3.6226,-0.9455,0.074,175.26,-0.12,0.1,15.0,-0.0038,0.0329,0.0093,0.221,,,,,,,,
74.668,SCAN_LOW,3.6197,-0.9462,0.075,176.04,-0.52,0.44,15.0,-0.0129,0.0264,0.0043,0.218,,0.689,,,,,,
74.745,SCAN_LOW,3.6185,-0.9451,0.074,176.84,-0.52,0.54,15.0,-0.0157,0.0206,0.0009,0.218,,0.689,,,,,,
74.756,SCAN_LOW,3.6171,-0.9444,0.074,177.64,-0.48,0.81,15.0,-0.0106,0.0141,-0.0042,0.213,,0.673,,,,,,
74.824,SCAN_LOW,3.6147,-0.9444,0.074,178.5,-0.49,1.01,15.0,-0.0141,0.0067,-0.0043,0.213,,0.673,,,,,,
74.853,SCAN_LOW,3.6128,-0.9442,0.073,179.35,-0.08,1.16,15.0,-0.0113,-0.0006,-0.0011,0.209,,0.677,,,,,,
74.92,SCAN_LOW,3.6123,-0.9449,0.073,-179.79,-0.07,1.16,15.0,-0.0079,-0.0028,-0.0029,0.209,,0.677,,,,,,
74.974,SCAN_LOW,3.6117,-0.9448,0.073,-178.85,-0.12,1.14,15.0,0.0045,-0.0036,0.0001,0.207,,0.67,,,,,,
75.023,SCAN_LOW,3.6124,-0.9452,0.07,-178.03,-0.01,1.0,15.0,0.0129,-0.0025,0.0022,0.207,,0.67,,,,,,
75.056,SCAN_LOW,3.6124,-0.9449,0.071,-177.15,0.06,0.88,15.0,0.0163,-0.0007,-0.0061,0.212,,0.668,2.788,,,,,
75.143,SCAN_LOW,3.6136,-0.9451,0.072,-176.34,-0.27,0.82,15.0,0.0161,0.0034,0.0046,0.212,,0.668,2.788,,,,,
75.17,SCAN_LOW,3.6139,-0.9451,0.071,-175.56,-0.45,0.81,15.0,0.0287,-0.0064,0.0056,0.208,,0.662,,,,,,
75.219,SCAN_LOW,3.6149,-0.9456,0.071,-174.88,-0.45,0.49,15.0,0.0272,-0.0052,0.0083,0.208,,0.662,,,,,,
75.25,SCAN_LOW,3.6189,-0.9463,0.072,-174.34,-0.34,0.37,15.0,0.0429,-0.0122,0.0078,0.208,,0.66,,,,,,
75.307,SCAN_LOW,3.6194,-0.9466,0.078,-173.87,-0.14,0.29,15.0,0.0366,-0.0137,0.0125,0.208,,0.66,,,,,,
75.371,SCAN_LOW,3.6198,-0.9482,0.073,-173.46,0.05,0.29,15.0,0.0333,-0.022,0.0214,0.213,,0.664,,,,,,
75.402,SCAN_LOW,3.6215,-0.95,0.077,-173.0,-0.01,0.31,15.0,0.0375,-0.0244,0.0048,0.213,,0.664,,,,,,
75.484,SCAN_LOW,3.6218,-0.9521,0.077,-172.4,0.3,0.08,15.0,0.0321,-0.0275,0.0104,0.215,,0.667,,,,,,
75.505,SCAN_LOW,3.6223,-0.9537,0.074,-171.81,0.65,0.1,15.0,0.0259,-0.0274,0.0001,0.215,,0.667,,,,,,
75.555,SCAN_LOW,3.6219,-0.9551,0.076,-171.2,0.74,0.31,15.0,0.0161,-0.0195,-0.0103,0.213,,0.665,,,,,,
75.64,SCAN_LOW,3.6217,-0.9569,0.076,-170.5,0.78,0.3,15.0,0.0152,-0.016,-0.0051,0.213,,0.665,,,,,,
75.649,SCAN_LOW,3.6214,-0.9577,0.077,-169.65,0.98,0.59,15.0,0.0109,-0.0072,-0.0072,0.215,,0.672,,,,,,
75.717,SCAN_LOW,3.6212,-0.9577,0.075,-168.79,1.09,0.57,15.0,0.0122,0.0034,-0.0032,0.215,,0.672,,,,,,
75.748,SCAN_LOW,3.62,-0.9577,0.075,-167.89,0.94,0.63,15.0,0.0037,0.0171,-0.0071,0.217,,0.675,,,,,,
75.821,SCAN_LOW,3.6198,-0.9559,0.075,-166.87,0.92,0.68,15.0,-0.0004,0.0287,-0.0114,0.217,,0.675,,,,,,
75.87,SCAN_LOW,3.6173,-0.9545,0.072,-165.98,0.55,0.48,15.0,-0.0017,0.0393,-0.0094,0.215,,0.679,,,,,,
75.908,SCAN_LOW,3.617,-0.9519,0.071,-165.03,0.31,0.79,15.0,-0.001,0.0501,-0.0039,0.215,,0.679,,,,,,
75.952,SCAN_LOW,3.6155,-0.9498,0.073,-164.14,0.25,0.92,15.0,0.0,0.053,-0.0044,0.223,,0.68,,,,,,
76.034,SCAN_LOW,3.6152,-0.9465,0.071,-163.29,-0.06,0.68,15.0,0.0034,0.0613,0.0049,0.223,,0.68,,,,,,
76.063,SCAN_LOW,3.6149,-0.9439,0.072,-162.48,-0.25,0.47,15.0,0.006,0.0607,-0.0001,0.223,,0.689,,,,,,
76.119,SCAN_LOW,3.615,-0.9411,0.072,-161.75,-0.66,0.26,15.0,0.0081,0.0572,0.0052,0.223,,0.689,,,,,,
76.153,SCAN_LOW,3.615,-0.9382,0.077,-161.01,-0.87,0.1,15.0,0.0105,0.051,0.0074,0.22,,0.689,,,,,,
76.223,SCAN_LOW,3.6155,-0.9369,0.077,-160.29,-1.1,0.08,15.0,0.0133,0.0377,0.0175,0.22,,0.689,,,,,,
76.259,SCAN_LOW,3.6162,-0.9355,0.076,-159.58,-1.13,0.2,15.0,0.0157,0.0273,0.0153,0.225,,0.699,,,,,,
76.31,SCAN_LOW,3.616,-0.9345,0.082,-158.9,-1.17,0.0,15.0,0.016,0.0119,0.0107,0.225,,0.699,,,,,,
76.371,SCAN_LOW,3.6168,-0.935,0.08,-158.22,-1.17,0.12,15.0,0.019,-0.0015,0.0239,0.231,,,,,,,,
76.403,SCAN_LOW,3.6178,-0.9369,0.079,-157.54,-1.04,0.24,15.0,0.0206,-0.0163,0.0141,0.231,,,,,,,,
76.497,SCAN_LOW,3.6188,-0.939,0.078,-156.84,-0.94,0.4,15.0,0.0281,-0.031,0.0075,0.232,,,,,,,,
76.523,SCAN_LOW,3.6202,-0.9415,0.082,-155.99,-0.53,0.58,15.0,0.0308,-0.0406,0.0092,0.232,,,,,,,,
76.546,SCAN_LOW,3.621,-0.9439,0.08,-155.11,-0.27,0.44,15.0,0.0366,-0.0525,0.0111,0.238,,,,,,,,
76.602,SCAN_LOW,3.623,-0.9475,0.082,-154.12,0.0,0.44,15.0,0.0392,-0.0541,0.0086,0.238,,,,,,,,
76.676,SCAN_LOW,3.6257,-0.9522,0.081,-153.23,0.22,0.5,15.0,0.0436,-0.0599,0.0127,0.245,,,,,,,,
76.702,SCAN_LOW,3.6271,-0.9554,0.081,-152.5,0.43,0.64,15.0,0.0423,-0.0563,0.0054,0.245,,,,,,,,
76.755,SCAN_LOW,3.6287,-0.9579,0.082,-151.81,0.81,0.68,15.0,0.0421,-0.0488,-0.0005,0.256,,,,,,,,
76.817,SCAN_LOW,3.6303,-0.9598,0.081,-151.21,1.29,0.84,15.0,0.0408,-0.0372,0.0035,0.256,,,,,,,,
76.86,SCAN_LOW,3.6319,-0.961,0.082,-150.67,1.56,0.72,15.0,0.0397,-0.0216,-0.0005,0.254,,,,,,,,
76.984,SCAN_LOW,3.6331,-0.962,0.082,-150.19,1.6,0.71,15.0,0.0347,-0.0052,0.0038,0.254,,,,,,,,
77.013,SCAN_LOW,3.6346,-0.9607,0.078,-149.64,1.41,0.68,15.0,0.0319,0.0135,0.0005,0.262,,,,,,,,
77.028,SCAN_LOW,3.6358,-0.9597,0.083,-149.06,1.5,0.37,15.0,0.0291,0.0294,-0.0091,0.262,,,,,,,,
77.071,SCAN_LOW,3.6366,-0.9575,0.082,-148.49,1.29,0.35,15.0,0.0226,0.0437,-0.0001,0.265,,,,,,,,
77.104,SCAN_LOW,3.6365,-0.955,0.083,-147.91,0.99,0.12,15.0,0.0141,0.0586,-0.0047,0.265,,,,,,,,
77.157,SCAN_LOW,3.6363,-0.952,0.08,-147.34,0.68,0.04,15.0,0.0058,0.0672,-0.0009,0.27,,,,,,,,
77.229,SCAN_LOW,3.6354,-0.9484,0.083,-146.75,0.43,-0.15,15.0,-0.0009,0.0722,-0.0095,0.27,,,,,,,,
77.258,SCAN_LOW,3.6347,-0.9453,0.08,-146.13,0.48,-0.25,15.0,-0.0083,0.0724,-0.007,0.276,,,,,,,,
77.35,SCAN_LOW,3.6334,-0.943,0.082,-145.4,0.12,-0.41,15.0,-0.0144,0.0686,-0.0157,0.276,,,,,,,,
77.36,SCAN_LOW,3.6316,-0.94,0.078,-144.71,-0.31,-0.31,15.0,-0.0231,0.0689,-0.0081,0.28,,,,,,,,
77.423,SCAN_LOW,3.6304,-0.9377,0.077,-144.01,-0.51,-0.69,15.0,-0.0224,0.0605,-0.0117,0.28,,,,,,,,
77.471,SCAN_LOW,3.6289,-0.935,0.079,-143.3,-0.78,-0.58,15.0,-0.0248,0.0492,-0.014,0.279,,,,,,,,
77.512,SCAN_LOW,3.627,-0.9334,0.076,-142.48,-0.95,-0.48,15.0,-0.028,0.0371,-0.0041,0.279,,,,,,,,
77.567,SCAN_LOW,3.6254,-0.9332,0.079,-141.68,-0.99,-0.25,15.0,-0.0285,0.0224,-0.0026,0.285,,,,,,,,
77.597,SCAN_LOW,3.6232,-0.9326,0.075,-140.75,-0.97,0.01,15.0,-0.0277,0.0082,0.0059,0.285,,,,,,,,
77.659,SCAN_LOW,3.6218,-0.9333,0.081,-139.86,-0.81,0.26,15.0,-0.0242,-0.003,-0.0022,0.287,,,,,,,,
77.733,SCAN_LOW,3.6199,-0.9333,0.081,-139.06,-0.68,0.43,15.0,-0.0201,-0.0136,0.0112,0.287,,,,,,,,
77.781,SCAN_LOW,3.6191,-0.9345,0.078,-138.33,-0.22,0.52,15.0,-0.0156,-0.0143,0.0103,0.293,,,1.41,,,,,
77.821,SCAN_LOW,3.6181,-0.9354,0.081,-137.52,-0.31,0.72,15.0,-0.0133,-0.0152,-0.0012,0.293,,,1.41,,,,,
77.847,SCAN_LOW,3.6169,-0.9357,0.078,-136.63,-0.18,0.91,15.0,-0.0089,-0.0123,0.0045,0.303,,,,,,,,
77.926,SCAN_LOW,3.6166,-0.9365,0.079,-135.77,-0.14,0.9,15.0,-0.0035,-0.0116,-0.0063,0.303,,,,,,,,
77.948,SCAN_LOW,3.6162,-0.9366,0.077,-134.92,-0.47,0.87,15.0,0.0017,-0.0047,-0.0041,0.316,,,1.379,,,,,
77.997,SCAN_LOW,3.6165,-0.9368,0.079,-134.13,-0.68,0.89,15.0,0.009,0.0006,-0.0044,0.316,,,1.379,,,,,
78.067,SCAN_LOW,3.617,-0.9363,0.079,-133.22,-0.75,0.84,15.0,0.0195,0.0034,0.0045,0.329,,,1.382,,,,,
78.132,SCAN_LOW,3.6181,-0.9369,0.079,-132.25,-0.76,0.5,15.0,0.0264,-0.0028,0.0108,0.329,,,1.382,,,,,
78.169,SCAN_LOW,3.6202,-0.9364,0.082,-131.29,-0.56,0.34,15.0,0.0389,-0.004,0.0112,0.353,,,1.375,,,,,
78.213,SCAN_LOW,3.6228,-0.937,0.081,-130.35,-0.4,0.13,15.0,0.0441,-0.004,0.0142,0.353,,,1.375,,,,,
78.257,SCAN_LOW,3.6244,-0.9379,0.083,-129.42,-0.46,0.03,15.0,0.0445,-0.0111,0.0057,0.406,,,,,,,,
78.342,SCAN_LOW,3.6268,-0.9397,0.085,-128.53,-0.31,-0.09,15.0,0.047,-0.0199,0.0058,0.406,,,,,,,,
78.369,SCAN_LOW,3.6278,-0.941,0.082,-127.58,-0.19,-0.13,15.0,0.0426,-0.0249,0.0097,0.481,,,,,,,,
78.42,SCAN_LOW,3.6287,-0.9426,0.087,-126.63,-0.1,-0.21,15.0,0.0373,-0.0296,-0.0025,0.481,,,,,,,,
78.448,SCAN_LOW,3.6302,-0.9447,0.084,-125.61,0.06,-0.18,15.0,0.0344,-0.0339,0.0067,0.613,,,0.321,,,,,
78.503,SCAN_LOW,3.6304,-0.947,0.083,-124.57,-0.01,0.39,15.0,0.0279,-0.0372,0.0001,0.613,,,0.321,,,,,
78.576,SCAN_LOW,3.6308,-0.9503,0.082,-123.59,0.26,0.48,15.0,0.0245,-0.0395,-0.0072,0.73,,,0.274,,,,,
78.604,SCAN_LOW,3.6319,-0.9517,0.082,-122.62,0.29,0.67,15.0,0.0244,-0.0326,-0.0089,0.73,,,0.274,,,,,
78.68,SCAN_LOW,3.6327,-0.9525,0.082,-121.66,0.44,0.77,15.0,0.0229,-0.0232,-0.0085,0.79,,,0.262,,,,,
78.712,SCAN_LOW,3.6325,-0.9556,0.081,-120.86,0.45,0.84,15.0,0.0176,-0.0223,-0.0064,0.79,,,0.262,,,,,
78.792,SCAN_LOW,3.6335,-0.9556,0.082,-120.07,0.5,0.87,15.0,0.0178,-0.0106,-0.0059,0.863,,,0.257,,,,,
78.829,SCAN_LOW,3.6342,-0.9551,0.082,-119.42,0.57,0.74,15.0,0.0171,0.0009,-0.0007,0.863,,,0.257,,,,,
78.855,SCAN_LOW,3.635,-0.9538,0.079,-118.86,0.57,0.69,15.0,0.015,0.0126,-0.0045,0.891,,,0.252,,,,,
78.908,SCAN_LOW,3.6337,-0.9537,0.082,-118.36,0.44,0.91,15.0,0.0063,0.0214,-0.0082,0.891,,,0.252,,,,,
78.976,SCAN_LOW,3.6334,-0.952,0.082,-117.85,0.41,0.54,15.0,0.0038,0.0314,0.0052,0.918,,,0.252,,,,,
79.007,SCAN_LOW,3.6325,-0.9501,0.082,-117.4,0.39,0.5,15.0,-0.0019,0.0388,0.0039,0.918,,,0.252,,,,,
79.055,SCAN_LOW,3.6315,-0.9492,0.081,-116.97,0.33,0.21,15.0,-0.0066,0.0406,-0.0014,0.927,,,0.247,,,,,
79.118,SCAN_LOW,3.6307,-0.9463,0.082,-116.47,0.13,0.36,15.0,-0.0097,0.0469,-0.0058,0.927,,,0.247,,,,,
79.169,SCAN_LOW,3.6289,-0.9437,0.082,-115.99,-0.03,0.15,15.0,-0.0146,0.0509,-0.0065,0.935,,,0.245,,,,,
79.236,SCAN_LOW,3.6275,-0.9413,0.079,-115.51,-0.34,0.03,15.0,-0.0154,0.0502,-0.0018,0.935,,,0.245,,,,,
79.249,SCAN_LOW,3.6271,-0.9394,0.082,-114.98,-0.33,-0.09,15.0,-0.0144,0.0482,-0.0117,0.951,,,0.242,,,,,
79.301,SCAN_LOW,3.6261,-0.9378,0.078,-114.42,-0.61,-0.26,15.0,-0.0098,0.0403,-0.0026,0.951,,,0.242,,,,,
79.37,SCAN_LOW,3.626,-0.9365,0.079,-113.86,-0.67,-0.46,15.0,-0.005,0.0351,-0.0144,0.96,,,0.24,,,,,
79.416,SCAN_LOW,3.6263,-0.935,0.08,-113.24,-0.94,-0.68,15.0,0.0007,0.0271,-0.01,0.96,,,0.24,,,,,
79.446,SCAN_LOW,3.6267,-0.934,0.08,-112.52,-0.99,-0.53,15.0,0.0101,0.0167,-0.0056,,,,0.236,,,,,
79.541,SCAN_LOW,3.6277,-0.9349,0.078,-111.66,-0.99,-0.47,15.0,0.014,-0.0022,-0.0033,,,,0.236,,,,,
79.556,SCAN_LOW,3.6291,-0.937,0.078,-110.71,-0.78,-0.43,15.0,0.0243,-0.0138,-0.0103,,,,0.235,,,,,
79.624,SCAN_LOW,3.6302,-0.9383,0.077,-109.76,-0.48,-0.2,15.0,0.0263,-0.0239,-0.0099,,,,0.235,,,,,
79.667,SCAN_LOW,3.6318,-0.9403,0.078,-108.83,-0.1,0.07,15.0,0.0293,-0.0317,-0.0128,1.19,,,0.235,,,,,
79.722,SCAN_LOW,3.6324,-0.9421,0.081,-108.07,-0.08,0.17,15.0,0.0268,-0.0337,-0.0052,1.19,,,0.235,,,,,
79.755,SCAN_LOW,3.6339,-0.945,0.076,-107.19,0.17,0.36,15.0,0.0256,-0.0394,0.0024,,,,0.24,,,,,
79.81,SCAN_LOW,3.6343,-0.9464,0.076,-106.29,0.4,0.58,15.0,0.0222,-0.0363,-0.0111,,,,0.24,,,,,
79.877,SCAN_LOW,3.6344,-0.948,0.073,-105.37,0.26,0.65,15.0,0.015,-0.0284,-0.0067,2.068,,,0.231,,,,,
79.914,SCAN_LOW,3.6346,-0.9492,0.08,-104.49,0.13,0.63,15.0,0.0107,-0.0234,-0.0061,2.068,,,0.231,,,,,
79.991,SCAN_LOW,3.635,-0.9509,0.078,-103.67,0.08,0.76,15.0,0.0115,-0.0196,0.0078,,,,0.238,,,,,
80.004,SCAN_LOW,3.6353,-0.952,0.082,-102.95,0.16,1.11,15.0,0.0111,-0.0137,0.0038,,,,0.238,,,,,
80.09,SCAN_LOW,3.6356,-0.9526,0.082,-102.29,0.24,1.38,15.0,0.011,-0.0036,0.0118,2.426,,,0.235,,,,,
80.117,SCAN_LOW,3.6363,-0.952,0.082,-101.63,0.22,1.22,15.0,0.0123,0.0103,0.0093,2.426,,,0.235,,,,,
80.173,SCAN_LOW,3.6376,-0.9509,0.078,-100.99,0.11,0.99,15.0,0.0159,0.0236,0.0063,,,,0.236,,,,,
80.2,SCAN_LOW,3.6392,-0.9479,0.075,-100.33,0.16,0.72,15.0,0.0188,0.0319,-0.0039,,,,0.236,,,,,
80.256,SCAN_LOW,3.6399,-0.9472,0.076,-99.69,0.16,0.4,15.0,0.0179,0.0348,-0.0095,,,,0.238,,,,,
80.32,SCAN_LOW,3.6409,-0.9456,0.078,-99.01,0.03,0.2,15.0,0.0181,0.0341,0.0015,,,,0.238,,,,,
80.35,SCAN_LOW,3.6419,-0.9438,0.082,-98.38,0.3,-0.25,15.0,0.0195,0.0381,0.0064,,,,0.238,,,,,
80.428,SCAN_LOW,3.6434,-0.9429,0.082,-97.67,0.48,-0.26,15.0,0.018,0.0275,0.0184,,,,0.238,,,,,
80.449,SCAN_LOW,3.6447,-0.9425,0.085,-96.98,0.41,-0.42,15.0,0.0154,0.0209,0.0152,,,,0.238,,,,,
80.512,SCAN_LOW,3.6457,-0.9433,0.082,-96.25,0.4,-0.3,15.0,0.0141,0.0135,0.0153,,,,0.238,,,,,
80.576,SCAN_LOW,3.6461,-0.9449,0.082,-95.52,0.46,-0.25,15.0,0.0103,0.0016,0.0045,0.693,,,0.238,,,,,
80.61,SCAN_LOW,3.6463,-0.9477,0.082,-94.69,0.58,-0.03,15.0,0.0033,-0.0122,0.0008,0.693,,,0.238,,,,,
80.662,SCAN_LOW,3.6457,-0.9503,0.077,-93.79,0.78,0.25,15.0,-0.0054,-0.0207,0.0001,0.682,,,0.234,,,,,
80.711,SCAN_LOW,3.6446,-0.9521,0.082,-92.81,0.85,0.62,15.0,-0.0152,-0.0183,-0.0126,0.682,,,0.234,,,,,
80.765,SCAN_LOW,3.6419,-0.954,0.082,-91.89,0.6,0.6,15.0,-0.0281,-0.0149,-0.0028,0.681,,,0.234,,,,,
80.812,SCAN_LOW,3.6397,-0.9553,0.084,-90.99,0.37,0.95,15.0,-0.0364,-0.0104,0.0058,0.681,,,0.234,,,,,
80.862,SCAN_LOW,3.6372,-0.9558,0.088,-90.13,0.17,0.83,15.0,-0.0411,-0.0038,0.0029,0.68,,,0.224,,,,,
80.902,SCAN_LOW,3.6346,-0.9556,0.084,-89.25,-0.09,0.59,15.0,-0.0465,0.003,0.0048,0.68,,,0.224,,,,,
80.994,SCAN_LOW,3.6326,-0.9554,0.087,-88.45,-0.32,0.51,15.0,-0.0427,0.0071,-0.0035,0.675,,,0.223,,,,,
81.056,SCAN_LOW,3.6294,-0.9556,0.083,-87.69,-0.45,0.56,15.0,-0.0425,0.0104,-0.0014,0.675,,,0.223,,,,,
81.072,SCAN_LOW,3.6273,-0.9551,0.083,-86.89,-0.83,0.27,-0.0,-0.0381,0.0127,-0.0111,0.676,,,0.22,,,,,
81.099,SCAN_LOW,3.626,-0.9546,0.082,-86.25,-1.01,-0.08,-0.0,-0.0277,0.0108,-0.0135,0.676,,,0.22,,,,,
81.151,SCAN_LOW,3.6247,-0.9543,0.079,-85.72,-0.86,-0.38,-0.0,-0.0203,0.0063,-0.027,0.669,,,0.218,,,,,
81.196,SCAN_LOW,3.6247,-0.9545,0.08,-85.35,-0.94,-0.13,-0.0,-0.0103,-0.0027,-0.0345,0.669,,,0.218,,,,,
81.248,SCAN_LOW,3.6257,-0.955,0.077,-85.0,-0.72,-0.01,-0.0,0.0024,-0.0077,-0.0256,0.668,,,0.219,,,,,
81.311,SCAN_LOW,3.6265,-0.9557,0.076,-84.79,-0.61,0.07,-0.0,0.0107,-0.0095,-0.0213,0.668,,,0.219,,,,,
81.346,SCAN_LOW,3.6281,-0.9566,0.075,-84.59,-0.47,0.27,-0.0,0.0197,-0.0104,-0.0138,0.665,,,0.221,,,,,
81.408,SCAN_LOW,3.6298,-0.9573,0.074,-84.51,-0.14,0.34,-0.0,0.026,-0.0094,-0.0004,0.665,,,0.221,,,,,
81.48,SCAN_LOW,3.6317,-0.958,0.079,-84.44,0.12,0.64,-0.0,0.0292,-0.0099,0.0088,0.665,,,0.223,,,,,
81.517,SCAN_LOW,3.6332,-0.9586,0.08,-84.41,0.25,0.73,-0.0,0.0278,-0.0045,0.031,0.665,,,0.223,,,,,
81.55,SCAN_LOW,3.6346,-0.9588,0.08,-84.37,0.27,0.63,-0.0,0.0246,-0.0002,0.0428,0.669,,,0.226,,,,,
81.599,SCAN_LOW,3.635,-0.9588,0.086,-84.33,0.46,0.41,-0.0,0.0175,0.0046,0.0469,0.669,,,0.226,,,,,
81.664,SCAN_LOW,3.6373,-0.958,0.091,-84.32,0.49,0.45,-0.0,0.0189,0.0079,0.0662,0.67,,,0.225,,,,,
81.721,SCAN_LOW,3.6367,-0.9585,0.096,-84.24,0.51,0.64,-0.0,0.0057,0.0096,0.0813,0.67,,,0.225,,,,,
81.767,SCAN_LOW,3.6368,-0.9586,0.093,-84.16,0.21,0.67,-0.0,-0.0022,0.0107,0.0916,0.677,,,0.225,,,,,
81.82,SCAN_LOW,3.6367,-0.9571,0.094,-83.99,-0.05,0.43,-0.0,0.0016,0.0202,0.0769,0.677,,,0.225,,,,,
81.866,SCAN_LOW,3.6342,-0.9554,0.102,-83.86,0.2,0.34,-0.0,-0.0098,0.0264,0.0794,0.679,,,0.225,,,,,
81.916,SCAN_LOW,3.6337,-0.9565,0.106,-83.77,0.06,-0.06,-0.0,-0.0083,0.0178,0.0976,0.679,,,0.225,,,,,
81.958,SCAN_LOW,3.6306,-0.9562,0.112,-83.71,0.12,-0.36,-0.0,-0.0237,0.015,0.1017,0.687,,,0.226,,,,,
82.014,SCAN_LOW,3.6299,-0.9572,0.12,-83.66,0.14,-0.34,-0.0,-0.0225,0.0057,0.1071,0.687,,,0.226,,,,,
82.066,SCAN_LOW,3.629,-0.9577,0.126,-83.63,0.1,-0.23,-0.0,-0.0251,-0.0088,0.1236,0.703,,,0.223,,,,,
82.096,SCAN_LOW,3.6274,-0.9616,0.132,-83.61,-0.1,-0.12,-0.0,-0.0238,-0.0165,0.127,0.703,,,0.223,,,,,
82.159,SCAN_LOW,3.6266,-0.9637,0.137,-83.69,-0.14,0.07,-0.0,-0.0212,-0.0208,0.1352,0.748,,,0.224,,,,,
82.242,SCAN_LOW,3.6225,-0.9644,0.148,-83.79,0.2,0.13,-0.0,-0.0322,-0.0217,0.1292,0.748,,,0.224,,,,,
82.256,SCAN_LOW,3.6218,-0.9667,0.154,-84.0,0.04,0.25,-0.0,-0.0296,-0.0221,0.1426,,,,0.224,,,,,
82.33,SCAN_LOW,3.6207,-0.9675,0.164,-84.09,0.12,0.24,-0.0,-0.0296,-0.0207,0.1409,,,,0.224,,,,,
82.353,SCAN_LOW,3.6177,-0.9704,0.169,-84.24,-0.16,0.23,-0.0,-0.0378,-0.0271,0.1473,,,,0.219,,,,,
82.395,SCAN_LOW,3.6149,-0.9722,0.179,-84.36,-0.54,0.18,-0.0,-0.0372,-0.0283,0.1427,,,,0.219,,,,,
82.457,SCAN_LOW,3.6139,-0.9741,0.184,-84.59,-0.74,0.39,-0.0,-0.0275,-0.0261,0.1529,3.003,,,0.218,,,,,
82.512,SCAN_LOW,3.6127,-0.9762,0.185,-84.74,-1.15,0.36,-0.0,-0.0186,-0.0274,0.1451,3.003,,,0.218,,,,,
82.562,SCAN_LOW,3.6133,-0.9786,0.19,-84.87,-1.26,0.43,-0.0,-0.0066,-0.0262,0.1369,3.027,,,0.218,,,,,
82.612,SCAN_LOW,3.6141,-0.9803,0.199,-84.98,-1.19,0.74,-0.0,0.0113,-0.0239,0.1336,3.027,,,0.218,,,,,
82.697,SCAN_LOW,3.617,-0.9831,0.206,-85.15,-1.1,0.68,-0.0,0.0231,-0.0222,0.1488,3.037,,,0.22,,,,,
82.725,SCAN_LOW,3.6203,-0.9844,0.217,-85.39,-0.88,0.55,-0.0,0.0398,-0.0192,0.1562,3.037,,,0.22,,,,,
82.763,SCAN_LOW,3.6242,-0.9851,0.224,-85.66,-0.55,0.5,-0.0,0.0492,-0.0144,0.1645,3.032,,,0.229,,,,,
82.836,SCAN_LOW,3.6276,-0.9861,0.24,-85.83,0.12,0.45,-0.0,0.0547,-0.0115,0.1604,3.032,,,0.229,,,,,
82.848,SCAN_LOW,3.6313,-0.9871,0.243,-85.94,0.67,0.6,-0.0,0.0535,-0.0101,0.1811,3.034,,,0.234,,,,,
82.896,SCAN_LOW,3.6352,-0.9882,0.254,-85.92,1.05,0.59,-0.0,0.0496,-0.0064,0.1651,3.034,,,0.234,,,,,
82.945,SCAN_LOW,3.6379,-0.9889,0.267,-85.96,1.01,0.67,-0.0,0.0416,-0.0038,0.1696,3.028,,,0.237,,,,,
83.016,SCAN_LOW,3.64,-0.9894,0.272,-86.07,0.86,0.53,-0.0,0.0346,-0.0009,0.1801,3.028,,,0.237,,,,,
83.062,SCAN_LOW,3.6423,-0.9898,0.277,-86.06,0.65,0.33,-0.0,0.0288,-0.0028,0.1625,3.024,,,0.241,,,,,
83.11,SCAN_LOW,3.6429,-0.9915,0.289,-85.97,0.61,0.42,-0.0,0.0216,-0.0016,0.14,3.024,,,0.241,,,,,
83.166,SCAN_LOW,3.6447,-0.9938,0.292,-85.88,0.41,0.43,-0.0,0.0192,0.0017,0.1405,3.034,,,0.245,,,,,
83.209,SCAN_LOW,3.6463,-0.9993,0.3,-85.73,0.14,0.22,-0.0,0.0182,-0.0121,0.1234,3.034,,,0.245,,,,,
83.262,SCAN_LOW,3.6473,-0.9999,0.304,-85.54,-0.04,0.36,-0.0,0.0178,-0.011,0.1165,3.016,,,0.248,,,,,
83.303,SCAN_LOW,3.65,-1.0023,0.312,-85.37,0.12,0.57,-0.0,0.0204,-0.0114,0.1017,3.016,,,0.248,,,,,
83.353,SCAN_LOW,3.6511,-1.004,0.316,-85.21,0.39,0.81,-0.0,0.0238,-0.0095,0.0941,3.024,,,0.249,,,,,
83.405,SCAN_LOW,3.6556,-1.005,0.318,-85.06,0.47,0.69,-0.0,0.0233,-0.0036,0.0827,3.024,,,0.249,,,,,
83.481,LAND_X_ALIGN,3.6566,-1.0064,0.323,-85.06,0.31,0.68,-0.0,0.0194,-0.0014,0.0649,3.022,,,0.25,,3.72,-1.0064,,
83.547,LAND_X_ALIGN,3.6587,-1.007,0.328,-85.22,0.29,0.75,-0.0,0.0204,0.0021,0.0625,3.022,,,0.25,,3.72,-1.0064,,
83.567,LAND_X_ALIGN,3.6606,-1.0072,0.329,-85.28,0.29,0.53,-0.0,0.0176,0.006,0.0585,3.01,,,0.256,,3.72,-1.0064,,
83.615,LAND_X_ALIGN,3.6627,-1.0092,0.333,-85.3,0.47,0.73,-0.0,0.0173,0.0077,0.0473,3.01,,,0.256,,3.72,-1.0064,,
83.681,LAND_X_ALIGN,3.6644,-1.009,0.334,-85.29,-0.08,0.55,-0.0,0.0166,0.0139,0.0397,3.031,,,0.257,,3.72,-1.0064,,
83.697,LAND_X_ALIGN,3.6654,-1.0064,0.335,-85.25,-0.93,0.21,-0.0,0.0113,0.0186,0.025,3.031,,,0.257,,3.72,-1.0064,,
83.748,LAND_X_ALIGN,3.6613,-1.0073,0.335,-85.19,-1.59,0.02,-0.0,0.0194,0.0188,0.0203,3.022,,,0.264,,3.72,-1.0064,,
83.816,LAND_X_ALIGN,3.6631,-1.0086,0.34,-85.06,-1.97,0.04,-0.0,0.0351,0.0157,0.0122,3.022,,,0.264,,3.72,-1.0064,,
83.856,LAND_X_ALIGN,3.6706,-1.0109,0.339,-84.98,-2.24,0.02,-0.0,0.0626,0.012,0.0161,3.015,,,0.267,,3.72,-1.0064,,
83.903,LAND_X_ALIGN,3.6755,-1.0114,0.34,-84.8,-2.12,0.15,-0.0,0.0933,0.0112,0.0104,3.015,,,0.267,,3.72,-1.0064,,
83.973,LAND_X_ALIGN,3.6875,-1.0113,0.339,-84.67,-1.96,0.25,-0.0,0.118,0.0106,0.0011,3.02,,,0.276,,3.72,-1.0064,,
83.998,LAND_X_ALIGN,3.6958,-1.0131,0.336,-84.66,-1.54,0.28,-0.0,0.1322,0.0109,-0.0094,3.02,,,0.276,,3.72,-1.0064,,
84.054,LAND_X_ALIGN,3.7023,-1.0137,0.338,-84.66,-1.11,0.24,-0.0,0.143,0.0132,-0.0213,3.011,,,0.291,,3.72,-1.0064,,
84.12,LAND_X_ALIGN,3.7126,-1.0147,0.335,-84.68,-0.4,0.75,-0.0,0.1532,0.0117,-0.007,3.011,,,0.291,,3.72,-1.0064,,
84.181,LAND_X_ALIGN,3.7211,-1.0159,0.333,-84.76,0.24,0.91,-0.0,0.1608,0.0176,-0.0102,3.011,,,0.306,,3.72,-1.0064,,
84.213,LAND_X_ALIGN,3.7308,-1.0163,0.334,-84.93,1.38,0.59,-0.0,0.1571,0.0208,-0.0117,3.011,,,0.306,,3.72,-1.0064,,
84.264,LAND_X_ALIGN,3.7402,-1.0164,0.336,-85.12,2.14,0.8,-0.0,0.1448,0.0194,-0.0044,3.02,,,0.322,,3.72,-1.0064,,
84.312,LAND_X_ALIGN,3.7495,-1.0161,0.336,-85.31,2.57,0.62,-0.0,0.1249,0.022,0.0024,3.02,,,0.322,,3.72,-1.0064,,
84.364,LAND_X_ALIGN,3.7551,-1.0161,0.337,-85.47,2.8,0.45,-0.0,0.1036,0.0246,-0.0025,3.024,,,0.332,,3.72,-1.0064,,
84.41,LAND_X_ALIGN,3.7605,-1.014,0.333,-85.72,2.62,0.34,-0.0,0.0818,0.0282,-0.0027,3.024,,,0.332,,3.72,-1.0064,,
84.454,LAND_X_ALIGN,3.7649,-1.0128,0.331,-85.86,2.3,0.31,-0.0,0.0633,0.0279,-0.0136,3.026,,,0.345,,3.72,-1.0064,,
84.497,LAND_X_ALIGN,3.7677,-1.0108,0.333,-86.0,1.95,0.02,-0.0,0.0464,0.0302,-0.015,3.026,,,0.345,,3.72,-1.0064,,
84.566,LAND_X_ALIGN,3.7726,-1.0087,0.332,-86.15,1.76,0.06,-0.0,0.0329,0.0307,-0.0073,3.008,,,0.35,,3.72,-1.0064,,
84.626,LAND_X_ALIGN,3.7743,-1.0069,0.333,-86.31,1.46,-0.23,-0.0,0.0196,0.0299,-0.0084,3.008,,,0.35,,3.72,-1.0064,,
84.653,LAND_X_ALIGN,3.7756,-1.0036,0.332,-86.43,1.08,-0.3,-0.0,0.0097,0.0298,-0.0047,3.018,,,0.352,,3.72,-1.0064,,
84.708,LAND_X_ALIGN,3.7761,-1.0008,0.332,-86.61,0.68,-0.28,-0.0,0.0026,0.0289,-0.0097,3.018,,,0.352,,3.72,-1.0064,,
84.751,LAND_X_ALIGN,3.7779,-0.9985,0.332,-86.85,0.49,-0.23,-0.0,0.0008,0.0277,-0.0114,3.009,,,0.357,,3.72,-1.0064,,
84.813,LAND_X_ALIGN,3.7803,-0.9996,0.33,-87.09,0.26,-0.06,-0.0,0.0022,0.0228,-0.0093,3.009,,,0.357,,3.72,-1.0064,,
84.845,LAND_X_ALIGN,3.783,-0.998,0.333,-87.28,0.13,-0.18,-0.0,0.0054,0.0229,-0.0179,3.019,,,0.36,,3.72,-1.0064,,
84.911,LAND_X_ALIGN,3.7882,-0.9988,0.328,-87.49,0.2,-0.08,-0.0,0.0133,0.019,-0.0086,3.019,,,0.36,,3.72,-1.0064,,
84.945,LAND_X_ALIGN,3.7928,-0.9989,0.328,-87.64,0.37,-0.02,-0.0,0.0184,0.0172,-0.0185,3.008,,,0.367,,3.72,-1.0064,,
84.998,LAND_X_ALIGN,3.7979,-1.0014,0.329,-87.66,0.61,-0.24,-0.0,0.022,0.0111,-0.0135,3.008,,,0.367,,3.72,-1.0064,,
85.067,LAND_X_ALIGN,3.8031,-0.9999,0.328,-87.66,0.74,0.12,-0.0,0.0242,0.0119,-0.0056,3.017,,,0.369,,3.72,-1.0064,,
85.133,LAND_APPROACH,3.807,-1.0014,0.328,-87.73,0.89,0.14,-0.0,0.0223,0.01,-0.0072,3.017,,,0.369,,3.72,-1.62,,
85.176,LAND_APPROACH,3.8096,-1.0005,0.323,-87.78,0.78,0.03,-0.0,0.0181,0.0111,-0.008,3.005,,,0.373,,3.72,-1.62,,
85.227,LAND_APPROACH,3.8116,-0.999,0.325,-87.88,0.95,0.03,-0.0,0.0133,0.0125,-0.0166,3.005,,,0.373,,3.72,-1.62,,
85.255,LAND_APPROACH,3.8155,-0.9994,0.326,-87.89,0.97,-0.45,-0.0,0.0113,0.0106,-0.0081,3.027,,,0.375,,3.72,-1.62,,
85.317,LAND_APPROACH,3.8165,-0.9987,0.325,-87.76,1.28,-2.4,-0.0,0.0047,0.0019,-0.0007,3.027,,,0.375,,3.72,-1.62,,
85.349,LAND_APPROACH,3.8174,-0.9976,0.326,-87.67,1.41,-3.31,-0.0,-0.005,-0.0212,-0.01,3.008,,,0.383,,3.72,-1.62,,
85.428,LAND_APPROACH,3.8175,-0.9983,0.326,-87.53,1.61,-3.84,-0.0,-0.0144,-0.0487,-0.0065,3.008,,,0.383,,3.72,-1.62,,
85.471,LAND_APPROACH,3.8175,-1.0011,0.325,-87.25,1.8,-3.93,-0.0,-0.0264,-0.0824,-0.0094,3.009,,,0.377,,3.72,-1.62,,
85.504,LAND_APPROACH,3.8163,-1.0078,0.328,-87.04,1.67,-3.83,-0.0,-0.0399,-0.1202,-0.0161,3.009,,,0.377,,3.72,-1.62,,
85.575,LAND_APPROACH,3.814,-1.0144,0.324,-86.92,1.26,-3.51,-0.0,-0.0495,-0.1549,-0.0098,2.988,,,0.373,,3.72,-1.62,,
85.631,LAND_APPROACH,3.8135,-1.0254,0.321,-86.83,1.05,-2.98,-0.0,-0.0549,-0.1889,-0.019,2.988,,,0.373,,3.72,-1.62,,
85.671,LAND_APPROACH,3.8091,-1.0383,0.321,-86.8,0.92,-2.41,-0.0,-0.0655,-0.2092,-0.0285,2.974,,,0.371,,3.72,-1.62,,
85.715,LAND_APPROACH,3.8069,-1.05,0.319,-86.93,0.77,-1.66,-0.0,-0.0652,-0.2292,-0.0215,2.974,,,0.371,,3.72,-1.62,,
85.744,LAND_APPROACH,3.8046,-1.0615,0.317,-87.1,0.46,-1.12,-0.0,-0.0677,-0.24,-0.0212,2.964,,,0.366,,3.72,-1.62,,
85.811,LAND_APPROACH,3.802,-1.0732,0.316,-87.28,0.21,-0.68,-0.0,-0.0713,-0.2508,-0.0248,2.964,,,0.366,,3.72,-1.62,,
85.875,LAND_APPROACH,3.8009,-1.0864,0.316,-87.59,-0.09,-0.36,-0.0,-0.0663,-0.2539,-0.022,2.94,,,0.362,,3.72,-1.62,,
85.918,LAND_APPROACH,3.7986,-1.0988,0.318,-87.86,-0.24,-0.19,-0.0,-0.0626,-0.2516,-0.0188,2.94,,,0.362,,3.72,-1.62,,
85.961,LAND_APPROACH,3.7971,-1.1088,0.314,-88.05,-0.25,-0.02,-0.0,-0.0571,-0.2489,-0.0152,2.924,,,0.361,,3.72,-1.62,,
86.015,LAND_APPROACH,3.7958,-1.1205,0.317,-88.12,-0.17,0.11,-0.0,-0.0518,-0.2458,-0.0208,2.924,,,0.361,,3.72,-1.62,,
86.055,LAND_APPROACH,3.7942,-1.1316,0.312,-88.2,-0.32,0.19,-0.0,-0.0478,-0.2406,-0.0107,2.906,,,0.358,,3.72,-1.62,,
86.141,LAND_APPROACH,3.7928,-1.1409,0.31,-88.29,-0.35,0.22,-0.0,-0.0419,-0.2341,-0.016,2.906,,,0.358,,3.72,-1.62,,
86.167,LAND_APPROACH,3.7913,-1.1525,0.31,-88.35,-0.06,0.14,-0.0,-0.0396,-0.233,-0.0218,2.883,,,0.356,,3.72,-1.62,,
86.22,LAND_APPROACH,3.7908,-1.1662,0.311,-88.41,0.18,0.05,-0.0,-0.0354,-0.2296,-0.0171,2.883,,,0.356,,3.72,-1.62,,
86.257,LAND_APPROACH,3.7908,-1.1751,0.311,-88.29,0.24,0.05,-0.0,-0.0326,-0.2243,-0.0139,2.862,,,0.353,,3.72,-1.62,,
86.312,LAND_APPROACH,3.7911,-1.1846,0.31,-88.0,0.24,0.13,-0.0,-0.0318,-0.2169,-0.0049,2.862,,,0.353,,3.72,-1.62,,
86.345,LAND_APPROACH,3.7904,-1.1934,0.31,-87.81,0.29,0.11,-0.0,-0.0309,-0.2155,-0.0069,2.847,,,0.355,,3.72,-1.62,,
86.425,LAND_APPROACH,3.789,-1.202,0.311,-87.85,0.24,-0.01,-0.0,-0.0313,-0.2087,-0.0051,2.847,,,0.355,,3.72,-1.62,,
86.444,LAND_APPROACH,3.788,-1.2112,0.308,-87.98,0.31,-0.27,-0.0,-0.032,-0.2011,-0.0029,2.824,,,0.356,,3.72,-1.62,,
86.513,LAND_APPROACH,3.7871,-1.2198,0.307,-88.14,0.4,-0.4,-0.0,-0.0324,-0.2014,-0.0121,2.824,,,0.356,,3.72,-1.62,,
86.56,LAND_APPROACH,3.7869,-1.228,0.307,-88.37,0.47,-0.46,-0.0,-0.0322,-0.2,-0.0096,2.799,,,0.366,,3.72,-1.62,,
86.617,LAND_APPROACH,3.787,-1.2381,0.307,-88.5,0.4,-0.74,-0.0,-0.0306,-0.2072,-0.0074,2.799,,,0.366,,3.72,-1.62,,
86.657,LAND_APPROACH,3.7859,-1.2469,0.305,-88.56,0.4,-0.92,-0.0,-0.0323,-0.2105,-0.0089,2.808,,,0.384,,3.72,-1.62,,
86.728,LAND_APPROACH,3.7861,-1.2551,0.304,-88.5,0.36,-0.85,-0.0,-0.03,-0.213,-0.016,2.808,,,0.384,,3.72,-1.62,,
86.763,LAND_APPROACH,3.7847,-1.2652,0.303,-88.34,0.42,-0.86,-0.0,-0.0326,-0.2152,-0.017,2.778,,,0.425,,3.72,-1.62,,
86.798,LAND_APPROACH,3.7846,-1.2753,0.307,-88.16,0.23,-0.86,-0.0,-0.031,-0.218,-0.0179,2.778,,,0.425,,3.72,-1.62,,
86.852,LAND_APPROACH,3.7833,-1.2852,0.303,-87.96,0.32,-0.81,-0.0,-0.0322,-0.222,-0.0094,2.759,,,,,3.72,-1.62,,
86.907,LAND_APPROACH,3.7823,-1.2951,0.304,-87.78,0.2,-0.49,-0.0,-0.0331,-0.2286,-0.0114,2.759,,,,,3.72,-1.62,,
86.952,LAND_APPROACH,3.7803,-1.3052,0.304,-87.71,0.04,-0.67,-0.0,-0.034,-0.2257,-0.0051,2.741,,,1.679,,3.72,-1.62,,
87.051,LAND_APPROACH,3.7796,-1.3165,0.302,-87.79,0.33,-0.65,-0.0,-0.0314,-0.2309,-0.0021,2.741,,,1.679,,3.72,-1.62,,
87.08,LAND_APPROACH,3.7789,-1.3279,0.302,-88.05,0.73,-0.68,-0.0,-0.0333,-0.2345,-0.0066,2.727,,,1.697,,3.72,-1.62,,
87.143,LAND_APPROACH,3.7778,-1.3386,0.302,-88.51,0.74,-0.5,-0.0,-0.0376,-0.2376,-0.0042,2.727,,,1.697,,3.72,-1.62,,
87.182,LAND_APPROACH,3.7759,-1.3505,0.305,-88.88,1.05,-0.47,-0.0,-0.0437,-0.246,-0.0035,2.69,,,1.685,,3.72,-1.62,,
87.237,LAND_APPROACH,3.7746,-1.3615,0.304,-88.86,1.36,-0.24,-0.0,-0.0516,-0.246,0.0058,2.69,,,1.685,,3.72,-1.62,,
87.246,LAND_APPROACH,3.772,-1.3761,0.302,-88.75,0.82,0.05,-0.0,-0.061,-0.2474,0.0085,2.675,,,1.689,,3.72,-1.62,,
87.325,LAND_APPROACH,3.7698,-1.3875,0.305,-88.66,0.36,0.19,-0.0,-0.0654,-0.2435,0.0098,2.675,,,1.689,,3.72,-1.62,,
87.352,LAND_APPROACH,3.7667,-1.3984,0.305,-88.59,0.13,0.26,-0.0,-0.0669,-0.2418,0.0189,2.65,,,1.684,,3.72,-1.62,,
87.429,LAND_APPROACH,3.7628,-1.4091,0.306,-88.55,0.22,-0.03,-0.0,-0.0681,-0.2386,0.0155,2.65,,,1.684,,3.72,-1.62,,
87.484,LAND_APPROACH,3.7602,-1.42,0.307,-88.51,0.16,0.09,-0.0,-0.0683,-0.2365,0.0156,2.64,,,1.675,,3.72,-1.62,,
87.529,LAND_APPROACH,3.7575,-1.4306,0.31,-88.37,0.12,0.29,-0.0,-0.0685,-0.2338,0.0152,2.64,,,1.675,,3.72,-1.62,,
87.57,LAND_APPROACH,3.7536,-1.4432,0.311,-88.19,0.08,0.26,-0.0,-0.0677,-0.2295,0.0215,2.618,,,1.67,,3.72,-1.62,,
87.643,LAND_APPROACH,3.7508,-1.4549,0.313,-87.97,-0.04,0.32,-0.0,-0.0699,-0.2266,0.0235,2.618,,,1.67,,3.72,-1.62,,
87.698,LAND_APPROACH,3.7471,-1.4647,0.311,-87.94,-0.28,0.17,-0.0,-0.0673,-0.2206,0.029,2.585,,,1.662,,3.72,-1.62,,
87.733,LAND_APPROACH,3.7435,-1.4744,0.315,-88.16,-0.48,0.01,-0.0,-0.0671,-0.2208,0.0201,2.585,,,1.662,,3.72,-1.62,,
87.766,LAND_APPROACH,3.7396,-1.485,0.314,-88.54,-0.19,-0.46,-0.0,-0.0628,-0.2176,0.0194,2.564,,,1.66,,3.72,-1.62,,
87.845,LAND_APPROACH,3.7361,-1.4961,0.316,-88.86,0.0,-0.42,-0.0,-0.0624,-0.2205,0.005,2.564,,,1.66,,3.72,-1.62,,
87.861,LAND_APPROACH,3.733,-1.5067,0.315,-89.12,0.14,-0.45,-0.0,-0.0633,-0.2213,0.0016,2.546,,,1.661,,3.72,-1.62,,
87.913,LAND_APPROACH,3.7309,-1.5165,0.317,-89.22,0.17,-0.51,-0.0,-0.0644,-0.2221,-0.0011,2.546,,,1.661,,3.72,-1.62,,
87.985,LAND_APPROACH,3.7267,-1.5276,0.316,-89.28,0.14,-0.17,-0.0,-0.0687,-0.2259,0.003,2.534,,,1.648,,3.72,-1.62,,
88.025,LAND_APPROACH,3.723,-1.5371,0.313,-89.3,-0.11,-0.08,-0.0,-0.0668,-0.2245,-0.0047,2.534,,,1.648,,3.72,-1.62,,
88.045,LAND_APPROACH,3.7198,-1.5476,0.313,-89.22,-0.36,-0.54,-0.0,-0.0671,-0.221,-0.0243,2.503,,,1.639,,3.72,-1.62,,
88.102,LAND_APPROACH,3.7156,-1.5585,0.312,-89.1,-0.85,-0.59,-0.0,-0.0619,-0.2245,-0.0207,2.503,,,1.639,,3.72,-1.62,,
88.177,LAND_APPROACH,3.7123,-1.5697,0.312,-89.02,-1.14,-0.86,-0.0,-0.0536,-0.2292,-0.0252,2.496,,,1.638,,3.72,-1.62,,
88.227,LAND_APPROACH,3.7102,-1.5806,0.308,-89.1,-1.22,-1.03,-0.0,-0.0422,-0.2342,-0.0213,2.496,,,1.638,,3.72,-1.62,,
88.276,LAND_APPROACH,3.7082,-1.5922,0.307,-89.22,-1.41,-0.92,-0.0,-0.0315,-0.247,-0.0303,2.461,,,1.627,,3.72,-1.62,,
88.34,LAND_APPROACH,3.7072,-1.6047,0.306,-89.17,-1.29,-0.75,-0.0,-0.0203,-0.2522,-0.0333,2.461,,,1.627,,3.72,-1.62,,
88.372,LAND_APPROACH,3.7089,-1.6196,0.304,-89.0,-1.16,-0.42,-0.0,-0.0059,-0.2619,-0.0335,2.442,,,1.628,,3.72,-1.62,,
88.406,LAND_APPROACH,3.7083,-1.6331,0.277,-88.77,-0.98,-0.26,-0.0,0.0035,-0.2664,-0.0351,2.442,,,1.628,,3.72,-1.62,,
88.467,LAND_APPROACH,3.7088,-1.6473,0.239,-88.47,-0.77,-0.08,-0.0,0.0123,-0.2723,-0.0861,2.427,,,1.625,,3.72,-1.62,,
88.503,LAND_APPROACH,3.709,-1.6609,0.214,-88.17,-0.59,-0.02,-0.0,0.0163,-0.2815,-0.1465,2.427,,,1.625,,3.72,-1.62,,
88.585,LAND_APPROACH,3.7091,-1.6743,0.205,-87.96,-0.43,0.87,-0.0,0.0189,-0.2818,-0.1401,2.403,,,1.568,,3.72,-1.62,,
88.617,LAND_APPROACH,3.7091,-1.694,0.218,-87.77,-0.08,2.66,-0.0,0.0173,-0.266,-0.1043,2.403,,,1.568,,3.72,-1.62,,
88.658,LAND_APPROACH,3.7081,-1.7083,0.237,-87.61,0.17,3.53,-0.0,0.0117,-0.2434,-0.0173,2.385,,,,,3.72,-1.62,,
88.719,LAND_APPROACH,3.7064,-1.7226,0.257,-87.39,0.2,4.23,-0.0,0.0014,-0.2168,0.0645,2.385,,,,,3.72,-1.62,,
88.747,LAND_APPROACH,3.705,-1.7362,0.266,-87.18,0.02,4.47,-0.0,-0.0088,-0.1989,0.1237,2.372,,,1.11,,3.72,-1.62,,
88.808,LAND_APPROACH,3.7042,-1.7478,0.286,-87.06,0.03,4.56,-0.0,-0.0081,-0.1611,0.1482,2.372,,,1.11,,3.72,-1.62,,
88.867,LAND_APPROACH,3.7044,-1.7541,0.299,-86.98,-0.24,4.23,-0.0,-0.0085,-0.1244,0.1748,2.354,,,1.044,,3.72,-1.62,,
88.909,LAND_APPROACH,3.7041,-1.7594,0.316,-86.96,-0.33,3.8,-0.0,-0.008,-0.0916,0.1753,2.354,,,1.044,,3.72,-1.62,,
88.947,LAND_APPROACH,3.7087,-1.7621,0.323,-86.86,-0.39,3.31,-0.0,-0.0099,-0.0604,0.173,2.338,,,1.015,,3.72,-1.62,,
89.022,LAND_APPROACH,3.6778,-1.772,0.339,-87.45,-0.07,2.67,-0.0,-0.0534,-0.0193,0.1451,2.338,,,1.015,,3.72,-1.62,,
89.061,LAND_APPROACH,3.6786,-1.7707,0.344,-87.31,-0.28,1.81,0.0,-0.0525,0.0012,0.1347,2.326,,,1.008,,3.72,-1.62,,
89.124,LAND_APPROACH,3.6755,-1.7694,0.35,-87.32,-0.23,1.09,0.0,-0.0481,0.0166,0.1017,2.326,,,1.008,,3.72,-1.62,,
89.149,LAND_APPROACH,3.6747,-1.7662,0.349,-87.24,-0.1,0.58,0.0,-0.0435,0.0262,0.069,2.326,,,0.992,,3.72,-1.62,,
89.22,LAND_APPROACH,3.6729,-1.7637,0.351,-87.21,-0.23,0.19,0.0,-0.0427,0.031,0.0284,2.326,,,0.992,,3.72,-1.62,,
89.256,LAND_APPROACH,3.6739,-1.7625,0.353,-87.25,-0.07,0.01,0.0,-0.0326,0.0273,0.0036,2.317,,,1.003,,3.72,-1.62,,
89.297,LAND_APPROACH,3.6733,-1.7609,0.35,-87.32,-0.16,-0.06,0.0,-0.0317,0.0273,-0.0143,2.317,,,1.003,,3.72,-1.62,,
89.372,LAND_APPROACH,3.6718,-1.7596,0.347,-87.41,-0.16,-0.22,0.0,-0.0303,0.0265,-0.0403,2.318,,,1.006,,3.72,-1.62,,
89.393,LAND_APPROACH,3.6733,-1.7627,0.341,-87.55,-0.11,-0.32,0.0,-0.0228,0.012,-0.0575,2.318,,,1.006,,3.72,-1.62,,
89.472,LAND_YAW_ALIGN,3.6761,-1.7648,0.339,-87.69,-0.1,-0.38,0.0,-0.0157,-0.0007,-0.0747,2.309,,,1.01,,3.72,-1.62,,
89.515,LAND_YAW_ALIGN,3.6809,-1.7696,0.335,-87.82,-0.05,-0.33,0.0,-0.0021,-0.0147,-0.0781,2.309,,,1.01,,3.72,-1.62,,
89.57,LAND_YAW_ALIGN,3.6851,-1.7724,0.328,-87.89,-0.12,-0.11,0.0,0.0062,-0.0291,-0.0856,2.305,,,1.011,,3.72,-1.62,,
89.608,LAND_YAW_ALIGN,3.6876,-1.781,0.324,-87.87,-0.17,-0.12,15.0,0.0127,-0.0426,-0.0893,2.305,,,1.011,,3.72,-1.62,,
89.664,LAND_YAW_ALIGN,3.6903,-1.7897,0.322,-87.68,-0.05,0.36,15.0,0.0244,-0.055,-0.0884,2.301,,,1.02,,3.72,-1.62,,
89.729,LAND_YAW_ALIGN,3.6928,-1.7965,0.313,-87.36,-0.05,0.7,15.0,0.0269,-0.0604,-0.0753,2.301,,,1.02,,3.72,-1.62,,
89.759,LAND_YAW_ALIGN,3.6975,-1.8033,0.312,-86.88,0.26,0.91,15.0,0.0265,-0.0606,-0.0826,2.294,,,1.018,,3.72,-1.62,,
89.794,LAND_YAW_ALIGN,3.6992,-1.8098,0.31,-86.44,0.23,1.43,15.0,0.0282,-0.061,-0.065,2.294,,,1.018,,3.72,-1.62,,
89.875,LAND_YAW_ALIGN,3.7014,-1.8156,0.304,-86.05,0.16,1.75,15.0,0.0303,-0.0565,-0.0501,2.287,,,1.019,,3.72,-1.62,,
89.898,LAND_YAW_ALIGN,3.7028,-1.8218,0.303,-85.67,0.42,1.95,15.0,0.0235,-0.0418,-0.0507,2.287,,,1.019,,3.72,-1.62,,
89.952,LAND_YAW_ALIGN,3.7075,-1.8257,0.306,-85.27,0.42,2.14,15.0,0.0262,-0.0305,-0.0383,2.287,,,1.008,,3.72,-1.62,,
90.021,LAND_YAW_ALIGN,3.71,-1.8297,0.301,-84.79,0.56,2.23,15.0,0.0211,-0.0184,-0.0185,2.287,,,1.008,,3.72,-1.62,,
90.048,LAND_YAW_ALIGN,3.7145,-1.8338,0.3,-84.12,0.62,2.57,15.0,0.0225,-0.0053,-0.0251,2.287,,,0.989,,3.72,-1.62,,
90.156,LAND_YAW_ALIGN,3.7164,-1.8358,0.3,-83.19,0.79,2.64,15.0,0.0164,0.0075,-0.0185,2.287,,,0.989,,3.72,-1.62,,
90.169,LAND_YAW_ALIGN,3.7182,-1.8364,0.302,-82.14,0.85,2.64,15.0,0.0092,0.0297,-0.0148,2.284,,,0.96,,3.72,-1.62,,
90.222,LAND_YAW_ALIGN,3.7195,-1.8349,0.301,-81.05,1.05,2.51,15.0,0.0012,0.0485,-0.004,2.284,,,0.96,,3.72,-1.62,,
90.255,LAND_YAW_ALIGN,3.7222,-1.8336,0.303,-79.93,1.25,2.35,15.0,-0.0067,0.0656,-0.0064,2.31,,,0.938,,3.72,-1.62,,
90.308,LAND_YAW_ALIGN,3.7212,-1.8283,0.3,-79.0,1.2,2.11,15.0,-0.0214,0.0836,-0.0002,2.31,,,0.938,,3.72,-1.62,,
90.395,LAND_YAW_ALIGN,3.7202,-1.8252,0.299,-78.15,1.33,1.71,15.0,-0.0341,0.0961,-0.0087,2.316,,,0.928,,3.72,-1.62,,
90.405,LAND_YAW_ALIGN,3.7202,-1.8219,0.299,-77.32,1.33,1.57,15.0,-0.0462,0.1044,-0.0084,2.316,,,0.928,,3.72,-1.62,,
90.49,LAND_YAW_ALIGN,3.7193,-1.8139,0.299,-76.48,1.2,1.41,15.0,-0.0561,0.1143,-0.0066,2.347,,,0.932,,3.72,-1.62,,
90.52,LAND_YAW_ALIGN,3.7151,-1.8104,0.297,-75.64,1.23,0.99,15.0,-0.0689,0.1216,-0.0057,2.347,,,0.932,,3.72,-1.62,,
90.581,LAND_YAW_ALIGN,3.7121,-1.8042,0.299,-74.75,1.18,0.65,15.0,-0.079,0.1247,-0.0107,2.365,,,0.923,,3.72,-1.62,,
90.624,LAND_YAW_ALIGN,3.7093,-1.8002,0.297,-73.88,0.98,0.34,15.0,-0.0861,0.1233,-0.0021,2.365,,,0.923,,3.72,-1.62,,
90.677,LAND_YAW_ALIGN,3.7058,-1.7981,0.294,-73.06,0.81,0.01,15.0,-0.0898,0.1156,-0.0067,2.384,,,0.914,,3.72,-1.62,,
90.713,LAND_YAW_ALIGN,3.7037,-1.7967,0.299,-72.19,0.82,-0.12,15.0,-0.0912,0.1031,-0.0136,2.384,,,0.914,,3.72,-1.62,,
90.777,LAND_YAW_ALIGN,3.7015,-1.796,0.299,-71.25,0.42,-0.3,15.0,-0.089,0.0918,-0.0001,2.42,,,0.904,,3.72,-1.62,,
90.805,LAND_YAW_ALIGN,3.6984,-1.7945,0.298,-70.27,0.04,-0.34,15.0,-0.087,0.0813,0.0008,2.42,,,0.904,,3.72,-1.62,,
90.867,LAND_YAW_ALIGN,3.693,-1.7934,0.297,-69.39,-0.02,-0.35,15.0,-0.0877,0.0733,-0.0084,2.445,,,0.892,,3.72,-1.62,,
90.931,LAND_YAW_ALIGN,3.6892,-1.7931,0.296,-68.65,-0.18,-0.27,15.0,-0.0824,0.0654,-0.0084,2.445,,,0.892,,3.72,-1.62,,
90.964,LAND_YAW_ALIGN,3.6866,-1.7915,0.295,-68.03,-0.48,-0.26,15.0,-0.077,0.059,-0.0059,2.481,,,0.887,,3.72,-1.62,,
90.997,LAND_YAW_ALIGN,3.6829,-1.7886,0.293,-67.44,-0.5,-0.22,15.0,-0.072,0.0585,-0.006,2.481,,,0.887,,3.72,-1.62,,
91.051,LAND_YAW_ALIGN,3.6812,-1.7876,0.297,-66.83,-0.67,0.04,15.0,-0.0628,0.0554,-0.0048,2.495,0.715,,0.893,,3.72,-1.62,,
91.123,LAND_YAW_ALIGN,3.681,-1.7861,0.293,-66.14,-0.55,0.08,15.0,-0.0477,0.0505,0.0062,2.495,0.715,,0.893,,3.72,-1.62,,
91.165,LAND_YAW_ALIGN,3.6817,-1.7862,0.298,-65.33,-0.4,0.05,15.0,-0.0394,0.0523,-0.0033,2.514,0.693,,0.913,,3.72,-1.62,,
91.219,LAND_YAW_ALIGN,3.6808,-1.7847,0.298,-64.42,-0.4,0.16,15.0,-0.0197,0.0454,0.0115,2.514,0.693,,0.913,,3.72,-1.62,,
91.279,LAND_YAW_ALIGN,3.679,-1.7839,0.295,-63.49,-0.12,0.33,15.0,-0.0345,0.0502,0.0099,2.553,0.668,,0.951,,3.72,-1.62,,
91.316,LAND_YAW_ALIGN,3.6664,-1.7757,0.299,-62.54,0.3,0.51,15.0,-0.0596,0.0594,0.0017,2.553,0.668,,0.951,,3.72,-1.62,,
91.402,LAND_YAW_ALIGN,3.668,-1.7761,0.296,-61.74,0.09,0.09,15.0,-0.0545,0.0582,0.0121,2.593,0.659,,1.005,,3.72,-1.62,,
91.437,LAND_YAW_ALIGN,3.6688,-1.774,0.298,-61.08,-0.0,-0.02,15.0,-0.0469,0.0574,-0.0,2.593,0.659,,1.005,,3.72,-1.62,,
91.486,LAND_YAW_ALIGN,3.6709,-1.7753,0.296,-60.38,0.06,-0.13,15.0,-0.0368,0.0481,0.0034,2.628,0.651,,1.044,,3.72,-1.62,,
91.501,LAND_YAW_ALIGN,3.6742,-1.7762,0.299,-59.76,0.01,-0.14,15.0,-0.0247,0.0411,-0.0012,2.628,0.651,,1.044,,3.72,-1.62,,
91.593,LAND_YAW_ALIGN,3.6761,-1.7753,0.299,-59.16,0.01,-0.2,15.0,-0.0169,0.0382,0.0064,2.649,0.643,,1.095,,3.72,-1.62,,
91.623,LAND_YAW_ALIGN,3.6804,-1.7772,0.3,-58.68,0.09,-0.19,15.0,-0.005,0.0291,0.0081,2.649,0.643,,1.095,,3.72,-1.62,,
91.701,LAND_YAW_ALIGN,3.6828,-1.7777,0.297,-58.21,0.19,-0.17,15.0,0.0009,0.0234,0.0061,2.687,0.644,,1.107,,3.72,-1.62,,
91.752,LAND_YAW_ALIGN,3.6872,-1.781,0.298,-57.71,0.16,-0.21,15.0,0.0106,0.0126,0.0011,2.687,0.644,,1.107,,3.72,-1.62,,
91.797,LAND_YAW_ALIGN,3.6913,-1.783,0.3,-57.21,0.41,-0.01,15.0,0.0165,-0.0014,0.0001,2.695,0.64,,1.129,,3.72,-1.62,,
91.82,LAND_YAW_ALIGN,3.6952,-1.7879,0.3,-56.76,0.43,0.15,15.0,0.019,-0.0081,0.0096,2.695,0.64,,1.129,,3.72,-1.62,,
91.847,LAND_YAW_ALIGN,3.6959,-1.7911,0.296,-56.26,0.42,0.39,15.0,0.0154,-0.0141,0.0069,2.725,0.64,,1.137,,3.72,-1.62,,
91.894,LAND_YAW_ALIGN,3.6971,-1.7936,0.3,-55.68,0.51,0.59,15.0,0.0108,-0.0184,0.0011,2.725,0.64,,1.137,,3.72,-1.62,,
91.948,LAND_YAW_ALIGN,3.6982,-1.7964,0.302,-55.04,0.73,0.87,15.0,0.0035,-0.021,0.0111,2.752,0.644,,1.145,,3.72,-1.62,,
91.998,LAND_YAW_ALIGN,3.6993,-1.7982,0.301,-54.34,0.62,1.27,15.0,-0.0054,-0.0194,0.0161,2.752,0.644,,1.145,,3.72,-1.62,,
92.08,LAND_YAW_ALIGN,3.6971,-1.7999,0.305,-53.59,0.51,1.48,15.0,-0.0184,-0.016,0.0055,2.785,0.647,,1.149,,3.72,-1.62,,
92.105,LAND_YAW_ALIGN,3.6963,-1.8031,0.303,-52.85,0.32,1.49,15.0,-0.0293,-0.0133,0.0123,2.785,0.647,,1.149,,3.72,-1.62,,
92.16,LAND_YAW_ALIGN,3.6912,-1.8051,0.304,-52.11,0.07,1.91,15.0,-0.0446,-0.0049,0.0016,2.827,0.645,,1.149,,3.72,-1.62,,
92.208,LAND_YAW_ALIGN,3.6878,-1.8062,0.302,-51.31,-0.24,1.85,15.0,-0.0568,0.0029,0.0014,2.827,0.645,,1.149,,3.72,-1.62,,
92.246,LAND_YAW_ALIGN,3.6829,-1.804,0.305,-50.61,-0.48,1.75,15.0,-0.0693,0.0208,-0.0053,2.871,0.646,,1.147,,3.72,-1.62,,
92.328,LAND_YAW_ALIGN,3.6758,-1.8028,0.304,-49.91,-0.94,1.77,15.0,-0.0826,0.038,-0.0006,2.871,0.646,,1.147,,3.72,-1.62,,
92.355,LAND_YAW_ALIGN,3.6716,-1.8008,0.302,-49.23,-1.14,1.18,15.0,-0.089,0.053,-0.0034,2.914,0.65,,1.137,,3.72,-1.62,,
92.43,LAND_YAW_ALIGN,3.6658,-1.7997,0.302,-48.49,-1.3,0.63,15.0,-0.083,0.063,-0.0057,2.914,0.65,,1.137,,3.72,-1.62,,
92.477,LAND_YAW_ALIGN,3.6809,-1.8052,0.303,-47.64,-1.67,0.05,15.0,-0.0389,0.0491,-0.0083,,0.658,,1.148,,3.72,-1.62,,
92.511,LAND_YAW_ALIGN,3.6799,-1.801,0.302,-46.75,-1.65,0.14,15.0,-0.0268,0.0638,-0.0038,,0.658,,1.148,,3.72,-1.62,,
92.544,LAND_YAW_ALIGN,3.6766,-1.7968,0.301,-45.8,-1.58,0.1,15.0,-0.0233,0.0813,-0.0053,,0.665,,1.169,,3.72,-1.62,,
92.612,LAND_YAW_ALIGN,3.6772,-1.7928,0.306,-44.72,-1.28,-0.14,15.0,-0.0063,0.0858,-0.0045,,0.665,,1.169,,3.72,-1.62,,
92.685,LAND_YAW_ALIGN,3.6784,-1.7873,0.301,-43.54,-1.07,-0.09,15.0,-0.0015,0.0935,0.0043,,0.677,,1.215,,3.72,-1.62,,
92.693,LAND_YAW_ALIGN,3.6785,-1.7823,0.303,-42.45,-0.57,0.07,15.0,0.0076,0.0972,-0.0092,,0.677,,1.215,,3.72,-1.62,,
92.747,LAND_YAW_ALIGN,3.6789,-1.7781,0.301,-41.33,-0.13,0.07,15.0,0.0101,0.1016,-0.0039,,0.688,,1.27,,3.72,-1.62,,
92.805,LAND_YAW_ALIGN,3.6818,-1.7727,0.299,-40.22,0.19,-0.11,15.0,0.0124,0.1004,-0.0091,,0.688,,1.27,,3.72,-1.62,,
92.854,LAND_YAW_ALIGN,3.6829,-1.7682,0.298,-39.14,0.61,-0.09,15.0,0.0133,0.0973,-0.0142,,0.701,,1.335,,3.72,-1.62,,
92.896,LAND_YAW_ALIGN,3.6848,-1.7631,0.299,-38.13,1.03,-0.09,15.0,0.0123,0.0905,-0.0136,,0.701,,1.335,,3.72,-1.62,,
92.945,LAND_YAW_ALIGN,3.6853,-1.7589,0.299,-37.21,1.19,0.08,15.0,0.0086,0.0818,-0.0095,,0.713,,1.404,,3.72,-1.62,,
93.025,LAND_YAW_ALIGN,3.6851,-1.757,0.3,-36.3,1.28,-0.17,15.0,0.0018,0.0685,-0.0019,,0.713,,1.404,,3.72,-1.62,,
93.065,LAND_YAW_ALIGN,3.6862,-1.7542,0.298,-35.44,1.1,-0.16,15.0,-0.0015,0.0589,0.001,,0.727,,1.453,,3.72,-1.62,,
93.119,LAND_YAW_ALIGN,3.687,-1.751,0.301,-34.6,1.09,-0.18,15.0,-0.003,0.0518,0.0012,,0.727,,1.453,,3.72,-1.62,,
93.153,LAND_YAW_ALIGN,3.6867,-1.7487,0.3,-33.69,1.05,-0.04,15.0,-0.0046,0.046,0.0095,,0.754,,1.505,,3.72,-1.62,,
93.203,LAND_YAW_ALIGN,3.6888,-1.7464,0.297,-32.86,1.18,0.06,15.0,-0.0053,0.0372,0.0041,,0.754,,1.505,,3.72,-1.62,,
93.274,LAND_YAW_ALIGN,3.6891,-1.7462,0.299,-32.03,1.39,0.11,15.0,-0.0074,0.0218,-0.0082,,0.783,,1.557,,3.72,-1.62,,
93.316,LAND_YAW_ALIGN,3.6919,-1.748,0.298,-31.27,1.45,0.08,15.0,-0.009,0.0077,-0.0032,,0.783,,1.557,,3.72,-1.62,,
93.357,LAND_YAW_ALIGN,3.6893,-1.7516,0.3,-30.43,1.46,0.17,15.0,-0.0204,-0.0103,-0.0091,,0.826,,1.616,,3.72,-1.62,,
93.405,LAND_YAW_ALIGN,3.689,-1.7539,0.299,-29.67,1.43,0.18,15.0,-0.0264,-0.0263,-0.007,,0.826,,1.616,,3.72,-1.62,,
93.459,LAND_YAW_ALIGN,3.6867,-1.7591,0.295,-28.95,1.38,0.25,15.0,-0.031,-0.0416,-0.0074,,,,,,3.72,-1.62,,
93.498,LAND_YAW_ALIGN,3.6858,-1.7629,0.299,-28.25,1.05,0.25,15.0,-0.0394,-0.0541,-0.0163,,,,,,3.72,-1.62,,
93.557,LAND_YAW_ALIGN,3.6854,-1.77,0.299,-27.57,0.78,0.34,15.0,-0.0412,-0.0684,-0.003,,,,1.811,,3.72,-1.62,,
93.613,LAND_YAW_ALIGN,3.6839,-1.7754,0.298,-26.95,0.35,0.4,15.0,-0.0454,-0.0774,0.0,,,,1.811,,3.72,-1.62,,
93.668,LAND_YAW_ALIGN,3.6826,-1.7804,0.299,-26.3,-0.04,0.35,15.0,-0.0441,-0.0803,-0.003,,,,,,3.72,-1.62,,
93.711,LAND_YAW_ALIGN,3.6816,-1.7883,0.299,-25.73,-0.4,0.28,15.0,-0.0393,-0.0819,0.0028,,,,,,3.72,-1.62,,
93.748,LAND_YAW_ALIGN,3.682,-1.794,0.298,-25.25,-0.79,0.35,15.0,-0.0366,-0.0803,0.003,,2.544,,2.052,,3.72,-1.62,,
93.832,LAND_YAW_ALIGN,3.679,-1.7982,0.299,-24.77,-1.14,0.31,15.0,-0.0382,-0.0751,0.0008,,2.544,,2.052,,3.72,-1.62,,
93.85,LAND_YAW_ALIGN,3.6785,-1.8023,0.294,-24.21,-1.47,0.52,15.0,-0.0334,-0.0655,0.0036,,,,2.15,,3.72,-1.62,,
93.918,LAND_YAW_ALIGN,3.6789,-1.8062,0.297,-23.63,-1.76,0.59,15.0,-0.0302,-0.0562,-0.0085,,,,2.15,,3.72,-1.62,,
93.956,LAND_YAW_ALIGN,3.6771,-1.811,0.298,-22.94,-1.77,0.62,15.0,-0.0292,-0.0446,0.0004,,2.503,,2.255,,3.72,-1.62,,
94.02,LAND_YAW_ALIGN,3.675,-1.8145,0.299,-22.25,-1.81,0.56,15.0,-0.029,-0.0306,0.0053,,2.503,,2.255,,3.72,-1.62,,
94.049,LAND_YAW_ALIGN,3.6741,-1.8166,0.296,-21.54,-1.76,0.4,15.0,-0.0259,-0.0177,0.0046,,2.391,,2.28,,3.72,-1.62,,
94.101,LAND_YAW_ALIGN,3.675,-1.8171,0.296,-20.8,-1.89,0.41,15.0,-0.0187,-0.0025,-0.0013,,2.391,,2.28,,3.72,-1.62,,
94.183,LAND_YAW_ALIGN,3.6761,-1.8168,0.295,-20.11,-1.69,0.33,15.0,-0.0106,0.0107,-0.0007,,,,2.295,,3.72,-1.62,,
94.213,LAND_YAW_ALIGN,3.6766,-1.8158,0.3,-19.42,-1.75,0.39,15.0,-0.0081,0.0269,-0.0023,,,,2.295,,3.72,-1.62,,
94.267,LAND_YAW_ALIGN,3.6782,-1.8114,0.299,-18.65,-1.71,0.4,15.0,-0.0012,0.0481,0.0101,,2.128,,2.33,,3.72,-1.62,,
94.298,LAND_YAW_ALIGN,3.6846,-1.8113,0.299,-17.8,-1.41,0.44,15.0,0.0043,0.0524,0.0075,,2.128,,2.33,,3.72,-1.62,,
94.38,LAND_YAW_ALIGN,3.6799,-1.8042,0.299,-17.04,-1.23,0.69,15.0,0.0009,0.0772,0.0055,,1.945,,2.335,,3.72,-1.62,,
94.413,LAND_YAW_ALIGN,3.6829,-1.7999,0.299,-16.17,-0.92,0.75,15.0,0.0047,0.0872,0.0054,,1.945,,2.335,,3.72,-1.62,,
94.442,LAND_YAW_ALIGN,3.6858,-1.7971,0.299,-15.39,-0.57,0.73,15.0,0.0078,0.0913,0.004,,1.817,,2.343,,3.72,-1.62,,
94.525,LAND_YAW_ALIGN,3.6883,-1.7933,0.3,-14.61,-0.17,0.79,15.0,0.0072,0.0921,0.002,,1.817,,2.343,,3.72,-1.62,,
94.557,LAND_YAW_ALIGN,3.6915,-1.7893,0.299,-13.84,0.04,0.83,15.0,0.0044,0.0924,0.005,,1.774,,2.357,,3.72,-1.62,,
94.609,LAND_YAW_ALIGN,3.6934,-1.7853,0.3,-13.08,0.13,0.76,15.0,-0.0007,0.0885,0.0045,,1.774,,2.357,,3.72,-1.62,,
94.646,LAND_YAW_ALIGN,3.6946,-1.7826,0.301,-12.34,0.2,0.7,15.0,-0.002,0.0851,0.0075,,,,2.351,,3.72,-1.62,,
94.699,LAND_YAW_ALIGN,3.696,-1.7806,0.301,-11.56,0.46,0.6,15.0,-0.0064,0.0793,0.0095,,,,2.351,,3.72,-1.62,,
94.772,LAND_YAW_ALIGN,3.6948,-1.7792,0.302,-10.9,0.52,0.69,15.0,-0.0125,0.0719,0.0076,,1.71,,2.349,,3.72,-1.62,,
94.798,LAND_YAW_ALIGN,3.6959,-1.7757,0.301,-10.26,0.54,0.67,15.0,-0.0131,0.0682,0.0095,,1.71,,2.349,,3.72,-1.62,,
94.874,LAND_YAW_ALIGN,3.6964,-1.7714,0.301,-9.61,0.63,0.76,15.0,-0.0161,0.0638,0.0046,,1.691,,2.339,,3.72,-1.62,,
94.909,LAND_YAW_ALIGN,3.6965,-1.7691,0.305,-8.99,0.48,0.81,15.0,-0.0236,0.0601,0.0052,,1.691,,2.339,,3.72,-1.62,,
94.986,LAND_YAW_ALIGN,3.6943,-1.7679,0.304,-8.42,0.51,0.62,15.0,-0.0322,0.0529,0.0143,,1.676,,2.326,,3.72,-1.62,,
95.02,LAND_YAW_ALIGN,3.6945,-1.7662,0.302,-7.87,0.6,0.73,15.0,-0.0336,0.0474,0.0097,,1.676,,2.326,,3.72,-1.62,,
95.104,LAND_YAW_ALIGN,3.6935,-1.7658,0.302,-7.33,0.5,0.53,15.0,-0.0374,0.0398,0.004,,1.665,,2.336,,3.72,-1.62,,
95.136,LAND_YAW_ALIGN,3.6927,-1.7652,0.303,-6.71,0.51,0.33,15.0,-0.0392,0.0331,0.0034,,1.665,,2.336,,3.72,-1.62,,
95.186,LAND_YAW_ALIGN,3.6912,-1.7634,0.302,-6.03,0.49,0.37,15.0,-0.0402,0.026,0.0035,,1.664,,2.316,,3.72,-1.62,,
95.217,LAND_YAW_ALIGN,3.6915,-1.7655,0.304,-5.29,0.47,0.16,15.0,-0.0357,0.0138,0.0018,,1.664,,2.316,,3.72,-1.62,,
95.279,LAND_YAW_ALIGN,3.6837,-1.7638,0.3,-4.48,0.39,0.11,15.0,-0.0529,0.016,0.0063,,1.654,,2.326,,3.72,-1.62,,
95.3,LAND_YAW_ALIGN,3.6806,-1.7637,0.304,-3.67,0.35,-0.01,15.0,-0.0529,0.0058,-0.0042,,1.654,,2.326,,3.72,-1.62,,
95.355,LAND_YAW_ALIGN,3.6792,-1.7649,0.305,-2.72,0.36,-0.13,15.0,-0.0515,0.0053,0.0044,,1.635,,2.324,,3.72,-1.62,,
95.405,LAND_YAW_ALIGN,3.6814,-1.7683,0.303,-1.72,0.32,-0.2,15.0,-0.0437,0.0017,0.0077,,1.635,,2.324,,3.72,-1.62,,
95.448,LAND_YAW_ALIGN,3.6819,-1.767,0.301,-0.62,0.21,-0.33,-0.0,-0.0337,-0.0033,-0.0012,,1.57,,2.317,,3.72,-1.62,,
95.497,LAND_YAW_ALIGN,3.6791,-1.7669,0.304,0.47,0.19,-0.34,-0.0,-0.0535,0.0049,-0.008,,1.57,,2.317,,3.72,-1.62,,
95.555,LAND_YAW_ALIGN,3.6686,-1.7617,0.301,1.43,-0.01,-0.3,-0.0,-0.0453,0.0021,-0.0016,,,,2.317,,3.72,-1.62,,
95.618,LAND_YAW_ALIGN,3.6744,-1.7656,0.304,2.15,0.11,-0.59,-0.0,-0.0239,-0.0035,-0.009,,,,2.317,,3.72,-1.62,,
95.65,LAND_YAW_ALIGN,3.6786,-1.7657,0.302,2.74,0.06,-0.38,-0.0,-0.0093,-0.0021,-0.0015,,1.2,,2.313,,3.72,-1.62,,
95.716,LAND_YAW_ALIGN,3.6888,-1.7689,0.303,3.13,0.11,-0.27,-0.0,0.0134,-0.0086,-0.0076,,1.2,,2.313,,3.72,-1.62,,
95.744,LAND_YAW_ALIGN,3.6947,-1.7704,0.304,3.47,-0.05,0.11,-0.0,0.0314,-0.0134,-0.0079,,,,2.316,,3.72,-1.62,,
95.809,LAND_YAW_ALIGN,3.7016,-1.7727,0.301,3.71,-0.07,0.51,-0.0,0.0427,-0.0142,-0.0058,,,,2.316,,3.72,-1.62,,
95.845,LAND_YAW_ALIGN,3.7098,-1.7752,0.299,3.79,-0.14,0.86,-0.0,0.0438,-0.0193,-0.0134,,1.139,,2.319,,3.72,-1.62,,
95.905,LAND_YAW_ALIGN,3.7163,-1.7785,0.298,3.86,-0.21,1.02,-0.0,0.0441,-0.0187,-0.0152,,1.139,,2.319,,3.72,-1.62,,
95.943,LAND_YAW_ALIGN,3.7188,-1.7785,0.299,3.84,-0.27,1.28,0.0,0.0348,-0.0163,-0.0132,,1.159,,2.315,,3.72,-1.62,,
95.993,LAND_YAW_ALIGN,3.7247,-1.7816,0.299,3.69,-0.23,1.15,-0.0,0.0304,-0.019,-0.0095,,1.159,,2.315,,3.72,-1.62,,
96.043,LAND_YAW_ALIGN,3.7265,-1.7804,0.301,3.59,-0.42,1.27,-0.0,0.0263,-0.0156,-0.0076,,1.169,,2.321,,3.72,-1.62,,
96.105,LAND_YAW_ALIGN,3.7296,-1.7822,0.302,3.44,-0.6,1.47,-0.0,0.0163,-0.012,-0.0014,,1.169,,2.321,,3.72,-1.62,,
96.155,LAND_YAW_ALIGN,3.7313,-1.7844,0.299,3.22,-0.68,1.72,-0.0,0.0054,-0.011,-0.0031,,1.196,,2.31,,3.72,-1.62,,
96.203,LAND_YAW_ALIGN,3.7317,-1.7848,0.299,3.03,-0.76,1.67,-0.0,-0.0112,-0.0032,-0.0083,,1.196,,2.31,,3.72,-1.62,,
96.257,LAND_YAW_ALIGN,3.7273,-1.7837,0.298,2.9,-0.8,1.55,-0.0,-0.0305,0.0022,-0.0081,,1.209,,2.301,,3.72,-1.62,,
96.304,LAND_YAW_ALIGN,3.7259,-1.7799,0.298,2.8,-0.71,1.39,-0.0,-0.0425,0.0151,-0.0099,,1.209,,2.301,,3.72,-1.62,,
96.355,LAND_YAW_ALIGN,3.7179,-1.7786,0.299,2.75,-0.71,1.16,-0.0,-0.0687,0.0246,-0.0096,,1.225,,2.322,,3.72,-1.62,,
96.402,LAND_YAW_ALIGN,3.7115,-1.7759,0.297,2.74,-0.5,0.64,-0.0,-0.0825,0.0343,-0.0056,,1.225,,2.322,,3.72,-1.62,,
96.458,LAND_YAW_ALIGN,3.7061,-1.7714,0.297,2.73,-0.27,0.2,-0.0,-0.0836,0.0386,-0.0068,,1.207,,2.312,,3.72,-1.62,,
96.492,LAND_YAW_ALIGN,3.7021,-1.7687,0.299,2.71,0.02,-0.24,-0.0,-0.0854,0.0413,-0.0066,,1.207,,2.312,,3.72,-1.62,,
96.541,LAND_YAW_ALIGN,3.6981,-1.7672,0.294,2.64,0.28,-0.74,-0.0,-0.0839,0.0413,-0.003,,1.211,,2.317,,3.72,-1.62,,
96.604,LAND_YAW_ALIGN,3.6917,-1.7637,0.295,2.49,0.44,-1.05,-0.0,-0.0781,0.0402,-0.0149,,1.211,,2.317,,3.72,-1.62,,
96.682,LAND_YAW_ALIGN,3.689,-1.7608,0.293,2.4,0.6,-1.22,-0.0,-0.069,0.0383,-0.0089,,1.241,,2.314,,3.72,-1.62,,
96.699,LAND_YAW_ALIGN,3.6865,-1.7565,0.294,2.32,0.76,-1.43,-0.0,-0.0545,0.0391,-0.0112,,1.241,,2.314,,3.72,-1.62,,
96.772,LAND_YAW_ALIGN,3.6849,-1.7522,0.296,2.26,0.88,-1.5,-0.0,-0.0409,0.0385,-0.0084,,1.221,,2.329,,3.72,-1.62,,
96.796,LAND_YAW_ALIGN,3.6837,-1.7498,0.292,2.2,1.08,-1.43,-0.0,-0.0263,0.0328,0.0025,,1.221,,2.329,,3.72,-1.62,,
96.869,LAND_YAW_ALIGN,3.6836,-1.748,0.296,2.22,1.25,-1.47,-0.0,-0.0118,0.0248,-0.0082,,1.262,,2.326,,3.72,-1.62,,
96.9,LAND_YAW_ALIGN,3.6855,-1.7478,0.295,2.31,1.44,-1.29,-0.0,0.004,0.0146,0.0065,,1.262,,2.326,,3.72,-1.62,,
96.972,LAND_YAW_ALIGN,3.6892,-1.7466,0.294,2.36,1.41,-1.04,-0.0,0.0297,0.002,0.0011,,1.281,,2.328,,3.72,-1.62,,
97.002,LAND_YAW_ALIGN,3.6945,-1.7473,0.295,2.51,1.37,-0.77,-0.0,0.0424,-0.0096,-0.0003,,1.281,,2.328,,3.72,-1.62,,
97.043,LAND_YAW_ALIGN,3.7007,-1.7496,0.293,2.72,1.32,-0.46,-0.0,0.057,-0.0218,-0.0007,,1.267,,2.327,,3.72,-1.62,,
97.106,LAND_YAW_ALIGN,3.7064,-1.7505,0.294,2.98,1.11,-0.09,-0.0,0.0673,-0.0323,-0.0132,,1.267,,2.327,,3.72,-1.62,,
97.178,LAND_YAW_ALIGN,3.7097,-1.753,0.297,3.27,1.05,0.27,-0.0,0.0699,-0.0398,-0.014,,1.228,,2.33,,3.72,-1.62,,
97.213,LAND_YAW_ALIGN,3.7168,-1.7547,0.288,3.42,0.82,0.87,-0.0,0.0765,-0.0459,-0.0136,,1.228,,2.33,,3.72,-1.62,,
97.256,LAND_YAW_ALIGN,3.7207,-1.7569,0.293,3.56,0.47,1.26,-0.0,0.0689,-0.0515,-0.0397,,1.233,,2.331,,3.72,-1.62,,
97.291,LAND_YAW_ALIGN,3.7268,-1.7574,0.288,3.68,0.24,1.42,-0.0,0.064,-0.0498,-0.0287,,1.233,,2.331,,3.72,-1.62,,
97.357,LAND_YAW_ALIGN,3.7309,-1.7604,0.289,3.74,0.01,1.68,-0.0,0.0553,-0.0515,-0.042,,1.234,,2.327,,3.72,-1.62,,
97.413,LAND_YAW_ALIGN,3.7348,-1.7628,0.287,3.82,-0.13,1.63,-0.0,0.0449,-0.0512,-0.0417,,1.234,,2.327,,3.72,-1.62,,
97.471,LAND_YAW_ALIGN,3.7376,-1.7643,0.283,3.9,-0.28,1.82,-0.0,0.0328,-0.0477,-0.0494,,,,2.324,,3.72,-1.62,,
97.495,LAND_YAW_ALIGN,3.7408,-1.7668,0.275,3.94,-0.33,1.74,-0.0,0.0228,-0.0463,-0.0619,,,,2.324,,3.72,-1.62,,
97.577,LAND_YAW_ALIGN,3.741,-1.7674,0.275,3.94,-0.45,1.94,-0.0,0.0058,-0.0406,-0.0819,,1.217,,2.326,,3.72,-1.62,,
97.61,LAND_YAW_ALIGN,3.7407,-1.7682,0.269,3.94,-0.47,1.77,-0.0,-0.0118,-0.035,-0.0754,,1.217,,2.326,,3.72,-1.62,,
97.641,LAND_YAW_ALIGN,3.74,-1.7662,0.265,3.91,-0.49,1.63,-0.0,-0.0264,-0.0239,-0.0886,,1.213,,2.32,,3.72,-1.62,,
97.699,LAND_YAW_ALIGN,3.7381,-1.7648,0.262,3.86,-0.41,1.4,-0.0,-0.041,-0.0151,-0.0902,,1.213,,2.32,,3.72,-1.62,,
97.757,LAND_YAW_ALIGN,3.735,-1.7664,0.261,3.76,-0.31,1.16,-0.0,-0.0541,-0.0146,-0.0914,,1.219,,2.327,,3.72,-1.62,,
97.815,LAND_YAW_ALIGN,3.7354,-1.765,0.254,3.64,-0.04,0.98,-0.0,-0.0557,-0.0096,-0.0835,,1.219,,2.327,,3.72,-1.62,,
97.85,LAND_YAW_ALIGN,3.7311,-1.7627,0.249,3.54,0.12,0.72,-0.0,-0.0672,-0.0039,-0.096,,1.224,,2.313,,3.72,-1.62,,
97.95,LAND_YAW_ALIGN,3.73,-1.7599,0.244,3.41,0.14,0.39,-0.0,-0.0667,0.0014,-0.0987,,1.224,,2.313,,3.72,-1.62,,
97.978,LAND_YAW_ALIGN,3.7269,-1.7582,0.246,3.19,0.35,0.22,-0.0,-0.0686,0.0027,-0.105,,1.246,,2.321,,3.72,-1.62,,
98.01,LAND_YAW_ALIGN,3.7225,-1.7544,0.239,3.04,0.4,0.14,-0.0,-0.0729,0.0084,-0.0877,,1.246,,2.321,,3.72,-1.62,,
98.047,LAND_YAW_ALIGN,3.7227,-1.7543,0.233,2.82,0.6,-0.23,-0.0,-0.0625,0.0036,-0.0992,,1.266,,2.326,,3.72,-1.62,,
98.107,LAND_YAW_ALIGN,3.7176,-1.7498,0.224,2.67,0.65,-0.0,-0.0,-0.0671,0.0093,-0.1047,,1.266,,2.326,,3.72,-1.62,,
98.146,LAND_YAW_ALIGN,3.7147,-1.748,0.214,2.49,0.85,-0.3,-0.0,-0.0649,0.0073,-0.1186,,1.302,,2.325,,3.72,-1.62,,
98.191,LAND_YAW_ALIGN,3.712,-1.7477,0.207,2.33,1.01,-0.4,-0.0,-0.0603,-0.0003,-0.1277,,1.302,,2.325,,3.72,-1.62,,
98.27,LAND_YAW_ALIGN,3.7102,-1.747,0.207,2.17,1.05,-0.38,-0.0,-0.0535,-0.0064,-0.1271,,1.329,,2.312,,3.72,-1.62,,
98.303,LAND_YAW_ALIGN,3.7066,-1.7476,0.204,1.98,1.23,-0.37,-0.0,-0.0475,-0.016,-0.1074,,1.329,,2.312,,3.72,-1.62,,
98.346,LAND_YAW_ALIGN,3.7039,-1.7461,0.196,1.77,1.22,-0.45,-0.0,-0.0494,-0.0195,-0.1017,,1.382,,2.314,,3.72,-1.62,,
98.426,LAND_YAW_ALIGN,3.7043,-1.7493,0.19,1.6,1.24,-0.51,-0.0,-0.0374,-0.0348,-0.1038,,1.382,,2.314,,3.72,-1.62,,
98.445,LAND_YAW_ALIGN,3.7064,-1.7561,0.183,1.4,1.21,-0.74,-0.0,-0.0216,-0.0589,-0.1074,,1.428,,2.308,,3.72,-1.62,,
98.514,LAND_YAW_ALIGN,3.7091,-1.7586,0.175,1.16,0.96,-0.72,-0.0,-0.0031,-0.0619,-0.1057,,1.428,,2.308,,3.72,-1.62,,
98.546,LAND_YAW_ALIGN,3.7125,-1.763,0.174,0.96,0.57,-0.47,-0.0,0.0113,-0.0731,-0.1127,,1.441,,2.298,,3.72,-1.62,,
98.619,LAND_YAW_ALIGN,3.7141,-1.7671,0.165,0.83,0.24,-0.14,-0.0,0.0222,-0.0733,-0.0953,,1.441,,2.298,,3.72,-1.62,,
98.641,LAND_YAW_ALIGN,3.7169,-1.7698,0.164,0.71,-0.09,0.07,-0.0,0.024,-0.0744,-0.1031,,1.468,,2.303,,3.72,-1.62,,
98.707,LAND_YAW_ALIGN,3.7197,-1.7737,0.158,0.68,-0.42,0.34,-0.0,0.0255,-0.0737,-0.0913,,1.468,,2.303,,3.72,-1.62,,
98.743,LAND_YAW_ALIGN,3.7214,-1.7757,0.158,0.62,-0.66,0.67,-0.0,0.0255,-0.0629,-0.0929,,1.399,,2.303,,3.72,-1.62,,
98.795,LAND_YAW_ALIGN,3.7227,-1.779,0.152,0.68,-0.78,0.88,-0.0,0.0208,-0.0548,-0.0803,,1.399,,2.303,,3.72,-1.62,,
98.846,LAND_YAW_ALIGN,3.7234,-1.781,0.147,0.71,-0.85,0.91,-0.0,0.0113,-0.048,-0.0895,,1.303,,2.283,,3.72,-1.62,,
98.91,LAND_YAW_ALIGN,3.7236,-1.7818,0.14,0.8,-0.91,1.07,-0.0,0.0038,-0.0356,-0.0906,,1.303,,2.283,,3.72,-1.62,,
98.964,LAND_YAW_ALIGN,3.7238,-1.7841,0.137,0.95,-0.94,1.05,-0.0,-0.0055,-0.0302,-0.0995,,,,2.304,,3.72,-1.62,,
99.008,LAND_YAW_ALIGN,3.7219,-1.7846,0.134,1.1,-0.97,1.01,-0.0,-0.0193,-0.0107,-0.0927,,,,2.304,,3.72,-1.62,,
99.086,LAND_YAW_ALIGN,3.722,-1.7821,0.132,1.26,-0.84,0.79,-0.0,-0.0245,0.002,-0.0933,,,,2.285,,3.72,-1.62,,
99.127,LAND_YAW_ALIGN,3.7214,-1.7778,0.122,1.4,-0.75,0.67,-0.0,-0.0291,0.0252,-0.0875,,,,2.285,,3.72,-1.62,,
99.16,LAND_YAW_ALIGN,3.7187,-1.7773,0.118,1.48,-0.39,0.49,-0.0,-0.0389,0.0274,-0.1018,,1.006,,2.303,,3.72,-1.62,,
99.2,LAND_YAW_ALIGN,3.7158,-1.7778,0.11,1.56,-0.07,0.33,-0.0,-0.0489,0.0246,-0.0995,,1.006,,2.303,,3.72,-1.62,,
99.26,LAND_YAW_ALIGN,3.7126,-1.7772,0.113,1.56,0.01,0.16,-0.0,-0.0516,0.0206,-0.1062,,,,2.296,,3.72,-1.62,,
99.315,LAND_YAW_ALIGN,3.7096,-1.7762,0.104,1.61,0.02,-0.0,-0.0,-0.0513,0.0246,-0.0883,,,,2.296,,3.72,-1.62,,
99.347,LAND_YAW_ALIGN,3.7078,-1.7748,0.099,1.73,0.12,-0.38,-0.0,-0.0492,0.02,-0.0981,,,,2.285,,3.72,-1.62,,
99.409,LAND_YAW_ALIGN,3.7055,-1.7739,0.091,1.94,0.25,-0.31,-0.0,-0.045,0.0161,-0.1005,,,,2.285,,3.72,-1.62,,
99.442,LAND_YAW_ALIGN,3.7028,-1.7734,0.09,2.11,0.38,-0.43,-0.0,-0.0474,0.0135,-0.1029,,,,2.291,,3.72,-1.62,,
99.516,LAND_YAW_ALIGN,3.7005,-1.7727,0.082,2.19,0.45,-0.4,-0.0,-0.0457,0.0083,-0.0862,,,,2.291,,3.72,-1.62,,
99.561,LAND_YAW_ALIGN,3.698,-1.7722,0.082,2.21,0.58,-0.58,-0.0,-0.0476,-0.0015,-0.0938,,0.629,,2.294,,3.72,-1.62,,
99.593,LAND_YAW_ALIGN,3.6959,-1.7724,0.075,2.06,0.62,-1.03,-0.0,-0.0344,-0.005,-0.075,,0.629,,2.294,,3.72,-1.62,,
99.664,LAND_YAW_ALIGN,3.6949,-1.773,0.071,1.88,0.68,-1.04,-0.0,-0.021,0.0,-0.0749,,0.617,,2.283,,3.72,-1.62,,
99.693,LAND_YAW_ALIGN,3.6944,-1.774,0.064,1.58,0.67,-1.03,-0.0,0.0007,-0.0137,-0.0704,,0.617,,2.283,,3.72,-1.62,,
99.753,LAND_YAW_ALIGN,3.6954,-1.7744,0.064,1.51,0.69,-0.94,-0.0,0.0133,-0.0305,-0.0719,,0.568,,2.286,,3.72,-1.62,,
99.791,LAND_YAW_ALIGN,3.6972,-1.7771,0.058,1.32,0.76,-0.57,-0.0,0.0294,-0.0353,-0.0602,,0.568,,2.286,,3.72,-1.62,,
99.851,LAND_YAW_ALIGN,3.6991,-1.7793,0.056,1.19,0.36,-0.37,-0.0,0.039,-0.0375,-0.0613,,0.54,,2.275,,3.72,-1.62,,
99.892,LAND_YAW_ALIGN,3.7026,-1.7824,0.055,1.25,0.24,-0.25,-0.0,0.0593,-0.0397,-0.0553,,0.54,,2.275,,3.72,-1.62,,
99.969,LAND_YAW_ALIGN,3.7054,-1.7842,0.054,1.39,0.09,-0.1,-0.0,0.0677,-0.0431,-0.0488,,0.523,,2.27,,3.72,-1.62,,
100.001,LAND_YAW_ALIGN,3.7101,-1.7871,0.052,1.61,-0.08,0.28,0.0,0.073,-0.0411,-0.0459,,0.523,,2.27,,3.72,-1.62,,
100.043,LAND_YAW_ALIGN,3.7149,-1.7899,0.046,1.8,-0.14,0.83,0.0,0.0796,-0.0478,-0.1385,,0.518,,2.283,,3.72,-1.62,,
100.117,LAND_YAW_ALIGN,3.7168,-1.7951,0.012,1.89,0.09,1.91,0.0,0.0694,-0.0627,-0.4254,,0.518,,2.283,,3.72,-1.62,,
100.152,LAND_YAW_ALIGN,3.7223,-1.8026,0.003,1.94,0.23,2.2,0.0,0.1511,-0.0776,-0.7072,,0.491,,2.269,,3.72,-1.62,,
100.206,LAND_YAW_ALIGN,3.7404,-1.8172,0.0,-0.64,3.67,2.52,0.0,0.23,-0.1496,-0.0138,,0.491,,2.269,,3.72,-1.62,,
100.266,LAND_YAW_ALIGN,3.754,-1.8115,0.0,-2.91,1.44,-1.95,0.0,0.1553,-0.1256,0.1142,,,,,,3.72,-1.62,,
100.305,LAND_YAW_ALIGN,3.7538,-1.8193,0.006,-3.05,1.14,-0.61,0.0,0.1289,-0.1752,0.0328,,,,,,3.72,-1.62,,
100.363,LAND_YAW_ALIGN,3.7602,-1.8191,0.006,-2.88,1.15,-0.84,0.0,0.1191,-0.1404,0.0436,,0.449,,,,3.72,-1.62,,
100.406,LAND_YAW_ALIGN,3.7639,-1.8194,0.006,-2.73,0.73,-0.4,0.0,0.0934,-0.1221,0.047,,0.449,,,,3.72,-1.62,,
100.461,LAND_YAW_ALIGN,3.767,-1.8202,0.006,-2.68,0.66,-0.43,0.0,0.0765,-0.099,0.0408,,0.439,,,,3.72,-1.62,,
100.491,LAND_YAW_ALIGN,3.7676,-1.8197,0.007,-2.59,0.4,-0.12,0.0,0.0605,-0.0814,0.032,,0.439,,,,3.72,-1.62,,
100.547,LAND_YAW_ALIGN,3.7699,-1.8216,0.008,-2.6,0.32,-0.15,0.0,0.0484,-0.0664,0.0247,,0.44,,,,3.72,-1.62,,
100.596,LAND_YAW_ALIGN,3.7686,-1.8208,0.008,-2.58,0.13,0.04,0.0,0.037,-0.0427,0.0213,,0.44,,,,3.72,-1.62,,
100.658,LAND_YAW_ALIGN,3.7685,-1.8217,0.008,-2.58,0.07,0.09,0.0,0.0148,-0.0397,0.0154,,0.44,,,,3.72,-1.62,,
100.715,LAND_YAW_ALIGN,3.7683,-1.8219,0.007,-2.58,0.0,0.11,0.0,0.0115,-0.0258,0.011,,0.44,,,,3.72,-1.62,,
100.749,LAND_YAW_ALIGN,3.7695,-1.8218,0.008,-2.57,-0.07,0.08,0.0,0.0029,-0.0135,0.0046,,0.44,,,,3.72,-1.62,,
100.831,LAND_YAW_ALIGN,3.7685,-1.8221,0.008,-2.57,-0.1,0.12,0.0,-0.006,-0.0133,0.0028,,0.44,,,,3.72,-1.62,,
100.845,LAND_YAW_ALIGN,3.769,-1.8217,0.006,-2.54,-0.13,0.09,0.0,-0.0104,-0.0069,0.0011,,0.442,,,,3.72,-1.62,,
100.924,LAND_YAW_ALIGN,3.7682,-1.8215,0.007,-2.54,-0.15,0.1,0.0,-0.0033,0.0065,-0.0041,,0.442,,,,3.72,-1.62,,
100.945,LAND_YAW_ALIGN,3.7681,-1.8222,0.006,-2.52,-0.11,0.08,0.0,-0.0103,0.0041,-0.0044,,0.442,,,,3.72,-1.62,,
101.013,LAND_YAW_ALIGN,3.7684,-1.821,0.007,-2.49,-0.14,0.05,0.0,-0.0178,0.0004,-0.0067,,0.442,,,,3.72,-1.62,,
101.042,LAND_YAW_ALIGN,3.7698,-1.8206,0.01,-2.44,-0.13,-0.04,0.0,-0.0147,0.0059,-0.0049,,0.441,,,,3.72,-1.62,,
101.092,LAND_YAW_ALIGN,3.7687,-1.8203,0.009,-2.43,-0.13,-0.03,0.0,-0.0144,0.008,0.0035,,0.441,,,,3.72,-1.62,,
101.154,LAND_YAW_ALIGN,3.7695,-1.8195,0.008,-2.39,-0.12,-0.08,0.0,-0.0194,0.0074,0.0054,,0.443,,,,3.72,-1.62,,
101.205,LAND_YAW_ALIGN,3.7692,-1.8197,0.007,-2.37,-0.09,-0.1,0.0,-0.0146,0.0099,0.0036,,0.443,,,,3.72,-1.62,,
101.258,LAND_YAW_ALIGN,3.7695,-1.82,0.009,-2.33,-0.04,-0.15,0.0,-0.0118,0.0067,0.0006,,0.443,,,,3.72,-1.62,,
101.304,LAND_YAW_ALIGN,3.7695,-1.8186,0.008,-2.31,-0.08,-0.18,0.0,-0.0128,0.0095,0.003,,0.443,,,,3.72,-1.62,,
101.354,LAND_YAW_ALIGN,3.7718,-1.8171,0.007,-2.26,-0.11,-0.29,0.0,-0.0186,0.0051,0.0025,,0.443,,,,3.72,-1.62,,
101.401,LAND_YAW_ALIGN,3.7703,-1.8183,0.011,-2.25,-0.04,-0.26,0.0,-0.014,0.0086,-0.001,,0.443,,,,3.72,-1.62,,
101.456,LAND_YAW_ALIGN,3.7698,-1.8187,0.006,-2.23,0.01,-0.27,0.0,-0.0112,0.0065,0.0064,,0.443,,,,3.72,-1.62,,
101.5,LAND_YAW_ALIGN,3.77,-1.8177,0.008,-2.22,-0.01,-0.31,0.0,-0.0171,0.005,-0.0007,,0.443,,,,3.72,-1.62,,
101.562,LAND_YAW_ALIGN,3.7701,-1.8182,0.009,-2.19,0.04,-0.33,0.0,-0.0102,0.011,-0.0003,,0.44,,,,3.72,-1.62,,
101.595,LAND_YAW_ALIGN,3.77,-1.817,0.009,-2.18,0.0,-0.35,0.0,-0.0083,0.0079,0.0021,,0.44,,,,3.72,-1.62,,
101.649,LAND_YAW_ALIGN,3.7697,-1.8177,0.007,-2.15,0.06,-0.35,0.0,-0.017,0.0052,0.0033,,0.442,,,,3.72,-1.62,,
101.713,LAND_YAW_ALIGN,3.7699,-1.8176,0.009,-2.14,0.07,-0.38,0.0,-0.0088,0.0054,0.0002,,0.442,,,,3.72,-1.62,,
101.74,LAND_YAW_ALIGN,3.7721,-1.8155,0.009,-2.13,-0.0,-0.49,0.0,-0.0026,0.0152,0.0024,,0.441,,,,3.72,-1.62,,
101.807,LAND_YAW_ALIGN,3.7722,-1.816,0.01,-2.11,0.04,-0.5,0.0,-0.0109,0.0053,0.0027,,0.441,,,,3.72,-1.62,,
101.841,LAND_YAW_ALIGN,3.77,-1.8166,0.008,-2.09,0.07,-0.43,0.0,-0.0119,0.0025,0.0047,,0.438,,,,3.72,-1.62,,
101.895,LAND_YAW_ALIGN,3.7699,-1.8166,0.008,-2.08,0.08,-0.45,0.0,-0.0098,0.0027,0.0019,,0.438,,,,3.72,-1.62,,
101.96,LAND_YAW_ALIGN,3.7703,-1.8171,0.009,-2.06,0.12,-0.47,0.0,-0.0038,0.0113,-0.0001,,0.442,,,,3.72,-1.62,,
102.002,LAND_YAW_ALIGN,3.7704,-1.817,0.006,-2.05,0.13,-0.48,0.0,-0.0084,0.0026,0.0012,,0.442,,,,3.72,-1.62,,
102.07,LAND_YAW_ALIGN,3.7702,-1.817,0.01,-2.04,0.13,-0.48,0.0,-0.0026,0.0061,-0.0048,,0.443,,,,3.72,-1.62,,
102.098,LAND_YAW_ALIGN,3.7704,-1.8169,0.007,-2.02,0.14,-0.5,0.0,-0.0021,0.0022,0.001,,0.443,,,,3.72,-1.62,,
102.156,LAND_YAW_ALIGN,3.7702,-1.8169,0.01,-2.01,0.14,-0.49,0.0,-0.0017,0.0067,-0.0023,,0.44,,,,3.72,-1.62,,
102.206,LAND_YAW_ALIGN,3.7705,-1.8161,0.009,-2.01,0.11,-0.51,0.0,-0.0063,0.0006,0.003,,0.44,,,,3.72,-1.62,,
102.242,LAND_YAW_ALIGN,3.7703,-1.8168,0.009,-2.0,0.15,-0.52,0.0,-0.0072,0.0014,0.0031,,0.441,,,,3.72,-1.62,,
102.307,LAND_YAW_ALIGN,3.7702,-1.8161,0.01,-2.0,0.11,-0.53,0.0,-0.0002,0.0054,0.0032,,0.441,,,,3.72,-1.62,,
102.344,LAND_YAW_ALIGN,3.7703,-1.8168,0.009,-1.98,0.15,-0.53,0.0,-0.0014,0.0065,0.0051,,0.444,,0.411,,3.72,-1.62,,
102.401,LAND_YAW_ALIGN,3.7708,-1.8154,0.009,-1.98,0.1,-0.57,0.0,0.0064,0.0051,0.0035,,0.444,,0.411,,3.72,-1.62,,
102.46,LAND_YAW_ALIGN,3.7704,-1.8161,0.008,-1.97,0.14,-0.54,0.0,-0.0029,0.0024,0.0023,,0.441,,,,3.72,-1.62,,
102.512,LAND_YAW_ALIGN,3.7705,-1.8167,0.009,-1.95,0.17,-0.55,0.0,0.0011,0.0044,-0.0008,,0.441,,,,3.72,-1.62,,
102.551,LAND_YAW_ALIGN,3.7714,-1.816,0.009,-1.95,0.13,-0.59,0.0,-0.0051,0.0006,-0.0004,,0.441,,0.343,,3.72,-1.62,,
102.608,LAND_YAW_ALIGN,3.7704,-1.8159,0.008,-1.94,0.14,-0.55,0.0,0.0001,0.0033,-0.0002,,0.441,,0.343,,3.72,-1.62,,
102.642,LAND_YAW_ALIGN,3.7724,-1.8157,0.009,-1.94,0.13,-0.63,0.0,0.0014,0.0045,-0.0026,,0.442,,0.645,,3.72,-1.62,,
102.692,LAND_YAW_ALIGN,3.7703,-1.816,0.008,-1.92,0.15,-0.54,0.0,0.0056,-0.001,-0.0009,,0.442,,0.645,,3.72,-1.62,,
102.768,LAND_YAW_ALIGN,3.7714,-1.8161,0.007,-1.92,0.15,-0.58,0.0,-0.0064,-0.0004,-0.0025,,0.442,,,,3.72,-1.62,,
102.822,LAND_YAW_ALIGN,3.7704,-1.8163,0.01,-1.91,0.16,-0.54,0.0,-0.0059,-0.0014,-0.0052,,0.442,,,,3.72,-1.62,,
102.842,LAND_YAW_ALIGN,3.7724,-1.8169,0.01,-1.9,0.18,-0.63,0.0,-0.0047,-0.0008,0.0009,,0.44,,,,3.72,-1.62,,
102.91,LAND_YAW_ALIGN,3.7701,-1.8162,0.009,-1.89,0.16,-0.54,0.0,-0.0022,0.0019,0.0048,,0.44,,,,3.72,-1.62,,
102.943,LAND_YAW_ALIGN,3.7701,-1.8162,0.009,-1.88,0.16,-0.54,0.0,-0.0064,-0.0001,0.0037,,0.443,,,,3.72,-1.62,,
103.004,LAND_YAW_ALIGN,3.7701,-1.816,0.01,-1.88,0.15,-0.55,0.0,0.0017,0.0042,0.0029,,0.443,,,,3.72,-1.62,,
103.039,LAND_YAW_ALIGN,3.7718,-1.8161,0.009,-1.87,0.15,-0.61,0.0,0.0011,0.0027,0.0044,,0.444,,,,3.72,-1.62,,
103.112,LAND_YAW_ALIGN,3.7707,-1.8156,0.01,-1.86,0.13,-0.57,0.0,0.0046,0.0093,0.0024,,0.444,,,,3.72,-1.62,,
103.141,LAND_YAW_ALIGN,3.7716,-1.8159,0.011,-1.85,0.14,-0.61,0.0,0.0009,0.0045,0.0032,,0.442,,,,3.72,-1.62,,
103.208,LAND_YAW_ALIGN,3.7702,-1.816,0.008,-1.84,0.16,-0.55,0.0,0.0,0.0021,0.0062,,0.442,,,,3.72,-1.62,,
103.27,LAND_YAW_ALIGN,3.7704,-1.8162,0.009,-1.83,0.17,-0.56,0.0,-0.0013,0.0022,0.0011,,0.448,,,,3.72,-1.62,,
103.299,LAND_YAW_ALIGN,3.7701,-1.8167,0.009,-1.82,0.19,-0.55,0.0,0.0002,0.0025,-0.0001,,0.448,,,,3.72,-1.62,,
103.353,LAND_YAW_ALIGN,3.7718,-1.8158,0.011,-1.82,0.16,-0.61,0.0,0.0012,0.0028,-0.0006,,0.441,,,,3.72,-1.62,,
103.396,LAND_YAW_ALIGN,3.7702,-1.8167,0.008,-1.81,0.19,-0.54,0.0,-0.0021,0.0029,0.0033,,0.441,,,,3.72,-1.62,,
103.468,LAND_YAW_ALIGN,3.7713,-1.8156,0.007,-1.8,0.15,-0.59,0.0,-0.0043,-0.0018,-0.0007,,0.444,,,,3.72,-1.62,,
103.493,LAND_YAW_ALIGN,3.7709,-1.8156,0.007,-1.8,0.15,-0.57,0.0,0.0014,0.0002,-0.0052,,0.444,,,,3.72,-1.62,,
103.559,LAND_YAW_ALIGN,3.7705,-1.816,0.009,-1.79,0.17,-0.56,0.0,0.0011,0.0005,-0.0074,,0.441,,,,3.72,-1.62,,
103.589,LAND_YAW_ALIGN,3.7704,-1.816,0.01,-1.78,0.17,-0.56,0.0,0.0025,-0.002,-0.0034,,0.441,,,,3.72,-1.62,,
103.662,LAND_YAW_ALIGN,3.7715,-1.8158,0.007,-1.78,0.16,-0.6,0.0,-0.0006,0.0034,0.002,,0.44,,,,3.72,-1.62,,
103.694,LAND_YAW_ALIGN,3.7704,-1.8155,0.007,-1.77,0.14,-0.55,0.0,0.0011,0.0024,-0.0016,,0.44,,,,3.72,-1.62,,
103.761,LAND_YAW_ALIGN,3.7703,-1.8167,0.011,-1.76,0.19,-0.56,0.0,0.0001,0.0034,-0.0033,,0.439,,,,3.72,-1.62,,
103.791,LAND_YAW_ALIGN,3.7701,-1.8162,0.009,-1.75,0.17,-0.56,0.0,0.0003,0.0007,0.0051,,0.439,,,,3.72,-1.62,,
103.862,LAND_YAW_ALIGN,3.7701,-1.8167,0.012,-1.75,0.19,-0.56,0.0,-0.0069,-0.0024,0.0047,,0.439,,,,3.72,-1.62,,
103.893,LAND_YAW_ALIGN,3.7714,-1.8146,0.009,-1.74,0.11,-0.61,0.0,0.0001,0.0085,0.0106,,0.439,,,,3.72,-1.62,,
103.97,LAND_YAW_ALIGN,3.7716,-1.8158,0.011,-1.73,0.17,-0.61,0.0,0.0006,0.0016,0.0061,,0.443,,,,3.72,-1.62,,
104.012,LAND_YAW_ALIGN,3.7702,-1.8158,0.009,-1.72,0.17,-0.55,0.0,-0.0069,0.0013,0.0076,,0.443,,,,3.72,-1.62,,
104.07,LAND_YAW_ALIGN,3.7713,-1.8158,0.009,-1.71,0.16,-0.61,0.0,-0.0006,0.0015,0.0033,,0.441,,,,3.72,-1.62,,
104.095,LAND_YAW_ALIGN,3.7711,-1.8158,0.009,-1.71,0.16,-0.59,0.0,-0.0019,0.002,0.001,,0.441,,,,3.72,-1.62,,
104.166,LAND_YAW_ALIGN,3.7713,-1.816,0.01,-1.7,0.16,-0.6,0.0,-0.0056,-0.0026,-0.0009,,0.439,,,,3.72,-1.62,,
104.2,LAND_YAW_ALIGN,3.7704,-1.8153,0.01,-1.69,0.14,-0.56,0.0,-0.0052,0.0047,0.0004,,0.439,,,,3.72,-1.62,,
104.243,LAND_YAW_ALIGN,3.7713,-1.8157,0.01,-1.68,0.16,-0.6,0.0,-0.0006,0.002,0.0013,,0.443,,,,3.72,-1.62,,
104.316,LAND_YAW_ALIGN,3.77,-1.816,0.007,-1.68,0.17,-0.55,0.0,-0.007,0.0008,0.0016,,0.443,,,,3.72,-1.62,,
104.34,LAND_YAW_ALIGN,3.7712,-1.816,0.01,-1.67,0.17,-0.6,0.0,-0.0014,-0.0002,-0.0053,,0.44,,,,3.72,-1.62,,
104.412,LAND_YAW_ALIGN,3.7702,-1.8167,0.007,-1.66,0.2,-0.56,0.0,-0.0063,-0.0037,-0.0018,,0.44,,,,3.72,-1.62,,
104.448,LAND_YAW_ALIGN,3.7722,-1.8146,0.01,-1.65,0.11,-0.63,0.0,-0.0006,0.0006,-0.0061,,0.439,,,,3.72,-1.62,,
104.489,LAND_YAW_ALIGN,3.7703,-1.8155,0.007,-1.64,0.16,-0.56,0.0,-0.0069,-0.0039,-0.0007,,0.439,,,,3.72,-1.62,,
104.562,LAND_YAW_ALIGN,3.7703,-1.8167,0.009,-1.64,0.2,-0.57,0.0,-0.003,0.0002,-0.0037,,0.44,,,,3.72,-1.62,,
104.597,LAND_YAW_ALIGN,3.7703,-1.8155,0.009,-1.63,0.15,-0.57,0.0,-0.0052,-0.0036,-0.0009,,0.44,,,,3.72,-1.62,,
104.675,LAND_YAW_ALIGN,3.7702,-1.8157,0.009,-1.62,0.16,-0.58,0.0,0.0032,0.0015,0.0008,0.827,0.44,,,,3.72,-1.62,,
104.707,LAND_YAW_ALIGN,3.7702,-1.8162,0.007,-1.61,0.18,-0.58,0.0,-0.0004,0.0004,0.0014,0.827,0.44,,,,3.72,-1.62,,
104.745,LAND_YAW_ALIGN,3.7701,-1.8167,0.009,-1.61,0.19,-0.58,0.0,-0.004,-0.0031,-0.0025,,0.442,,,,3.72,-1.62,,
104.808,LAND_YAW_ALIGN,3.7702,-1.8151,0.007,-1.6,0.12,-0.58,0.0,0.0072,0.0084,0.0003,,0.442,,,,3.72,-1.62,,
104.857,LAND_YAW_ALIGN,3.7715,-1.8154,0.008,-1.59,0.14,-0.62,0.0,0.0026,0.003,-0.002,0.818,0.443,,,,3.72,-1.62,,
104.917,LAND_YAW_ALIGN,3.7702,-1.8159,0.008,-1.58,0.16,-0.57,0.0,0.0005,0.0005,-0.0015,0.818,0.443,,,,3.72,-1.62,,
104.94,LAND_YAW_ALIGN,3.7702,-1.8167,0.008,-1.58,0.19,-0.58,0.0,0.0008,0.003,-0.0005,0.814,0.443,,,,3.72,-1.62,,
104.996,LAND_YAW_ALIGN,3.7699,-1.8167,0.008,-1.57,0.19,-0.57,0.0,0.0021,0.0002,-0.0001,0.814,0.443,,,,3.72,-1.62,,
105.064,LAND_YAW_ALIGN,3.7702,-1.8159,0.009,-1.56,0.15,-0.57,0.0,-0.0039,-0.0028,0.0002,0.819,0.443,,,,3.72,-1.62,,
105.096,LAND_YAW_ALIGN,3.7699,-1.8157,0.01,-1.55,0.14,-0.56,0.0,-0.0042,-0.0027,0.0023,0.819,0.443,,,,3.72,-1.62,,
105.167,LAND_YAW_ALIGN,3.7712,-1.8157,0.009,-1.55,0.14,-0.61,0.0,0.0048,0.0015,0.0061,0.86,0.444,,,,3.72,-1.62,,
105.205,LAND_YAW_ALIGN,3.7703,-1.8157,0.008,-1.54,0.15,-0.57,0.0,-0.0012,0.0013,0.0052,0.86,0.444,,,,3.72,-1.62,,
105.259,LAND_YAW_ALIGN,3.7699,-1.8166,0.01,-1.53,0.18,-0.56,0.0,0.0002,-0.0011,0.003,0.868,0.44,,,,3.72,-1.62,,
105.291,LAND_YAW_ALIGN,3.77,-1.8166,0.009,-1.53,0.18,-0.57,0.0,0.0003,-0.0011,0.0054,0.868,0.44,,,,3.72,-1.62,,
105.349,LAND_YAW_ALIGN,3.7714,-1.8159,0.008,-1.52,0.15,-0.62,0.0,0.0009,0.0026,0.0036,0.852,0.442,,,,3.72,-1.62,,
105.424,LAND_YAW_ALIGN,3.7703,-1.8155,0.011,-1.51,0.13,-0.57,0.0,0.0005,0.001,0.0002,0.852,0.442,,,,3.72,-1.62,,
105.443,LAND_YAW_ALIGN,3.7714,-1.8157,0.009,-1.51,0.14,-0.62,0.0,0.0018,0.0029,0.005,0.845,0.441,,,,3.72,-1.62,,
105.494,LAND_YAW_ALIGN,3.7702,-1.8159,0.008,-1.5,0.15,-0.57,0.0,0.0056,0.0018,0.0025,0.845,0.441,,,,3.72,-1.62,,
105.543,LAND_YAW_ALIGN,3.7703,-1.8161,0.011,-1.49,0.16,-0.56,0.0,0.0049,0.0015,-0.0007,0.846,0.441,,,,3.72,-1.62,,
105.601,LAND_YAW_ALIGN,3.7702,-1.8154,0.009,-1.49,0.13,-0.55,0.0,-0.0017,0.002,0.0052,0.846,0.441,,,,3.72,-1.62,,
105.654,LAND_YAW_ALIGN,3.7713,-1.8164,0.01,-1.48,0.17,-0.61,0.0,0.0011,-0.0014,0.0027,0.842,0.441,,,,3.72,-1.62,,
105.708,LAND_YAW_ALIGN,3.7701,-1.8163,0.009,-1.47,0.16,-0.56,0.0,-0.0048,-0.0014,0.0035,0.842,0.441,,,,3.72,-1.62,,
105.757,LAND_YAW_ALIGN,3.7699,-1.8166,0.009,-1.47,0.17,-0.55,0.0,-0.0064,-0.0011,0.0014,0.845,0.443,,,,3.72,-1.62,,
105.798,LAND_YAW_ALIGN,3.7698,-1.8166,0.011,-1.46,0.17,-0.54,0.0,0.0007,0.0044,0.0001,0.845,0.443,,,,3.72,-1.62,,
105.855,LAND_YAW_ALIGN,3.7711,-1.8156,0.007,-1.45,0.14,-0.6,0.0,-0.0001,0.0037,0.0045,0.842,0.441,,,,3.72,-1.62,,
105.916,LAND_YAW_ALIGN,3.7701,-1.8161,0.009,-1.45,0.15,-0.56,0.0,-0.0047,-0.0019,-0.0031,0.842,0.441,,,,3.72,-1.62,,
105.944,LAND_YAW_ALIGN,3.7708,-1.8158,0.011,-1.44,0.14,-0.6,0.0,-0.0014,0.0023,-0.0023,0.844,0.441,,,,3.72,-1.62,,
106.001,LAND_YAW_ALIGN,3.77,-1.8163,0.008,-1.43,0.15,-0.56,0.0,-0.0054,0.0002,0.0036,0.844,0.441,,,,3.72,-1.62,,
106.054,LAND_YAW_ALIGN,3.7699,-1.8166,0.009,-1.43,0.16,-0.57,0.0,-0.0055,-0.0015,-0.0009,0.845,0.442,,,,3.72,-1.62,,
106.104,LAND_YAW_ALIGN,3.7697,-1.8166,0.009,-1.43,0.17,-0.57,0.0,0.002,0.003,-0.0005,0.845,0.442,,,,3.72,-1.62,,
106.151,LAND_YAW_ALIGN,3.77,-1.8166,0.009,-1.42,0.17,-0.56,0.0,-0.0053,-0.0006,-0.0003,0.849,0.443,,,,3.72,-1.62,,
106.194,LAND_YAW_ALIGN,3.7698,-1.8161,0.011,-1.41,0.15,-0.56,0.0,0.0018,0.0028,0.0003,0.849,0.443,,,,3.72,-1.62,,
106.264,LAND_YAW_ALIGN,3.7708,-1.8156,0.011,-1.41,0.13,-0.59,0.0,-0.0011,0.0043,0.0042,0.85,0.444,,,,3.72,-1.62,,
106.29,LAND_YAW_ALIGN,3.7701,-1.8153,0.005,-1.4,0.12,-0.57,0.0,-0.0047,-0.0014,0.0068,0.85,0.444,,,,3.72,-1.62,,
106.351,LAND_YAW_ALIGN,3.77,-1.8166,0.009,-1.4,0.18,-0.57,0.0,-0.0045,-0.0015,-0.0059,0.852,0.444,,,,3.72,-1.62,,
106.408,LAND_YAW_ALIGN,3.77,-1.8165,0.01,-1.39,0.18,-0.56,0.0,0.0023,0.0017,-0.0036,0.852,0.444,,,,3.72,-1.62,,
106.456,LAND_YAW_ALIGN,3.771,-1.8153,0.012,-1.38,0.13,-0.6,0.0,0.0005,0.0046,0.0004,0.847,0.445,,,,3.72,-1.62,,
106.49,LAND_YAW_ALIGN,3.77,-1.816,0.008,-1.38,0.16,-0.57,0.0,0.0011,0.0019,0.0078,0.847,0.445,,,,3.72,-1.62,,
106.55,LAND_YAW_ALIGN,3.771,-1.8158,0.008,-1.37,0.15,-0.61,0.0,0.0017,0.002,0.0018,0.851,0.441,,,,3.72,-1.62,,
106.61,LAND_YAW_ALIGN,3.7699,-1.816,0.007,-1.36,0.15,-0.56,0.0,-0.0038,-0.0014,-0.001,0.851,0.441,,,,3.72,-1.62,,
106.639,LAND_YAW_ALIGN,3.7699,-1.8155,0.008,-1.36,0.13,-0.56,0.0,-0.0043,0.0042,-0.0053,0.848,0.441,,,,3.72,-1.62,,
106.701,LAND_YAW_ALIGN,3.7698,-1.8166,0.008,-1.35,0.18,-0.56,0.0,0.0015,-0.0007,-0.005,0.848,0.441,,,,3.72,-1.62,,
106.739,LAND_YAW_ALIGN,3.7712,-1.8166,0.011,-1.35,0.17,-0.61,0.0,0.0023,-0.0021,-0.0043,0.852,0.439,,,,3.72,-1.62,,
106.799,LAND_YAW_ALIGN,3.7697,-1.8157,0.008,-1.34,0.14,-0.54,0.0,-0.006,-0.0018,0.0041,0.852,0.439,,,,3.72,-1.62,,
106.866,LAND_YAW_ALIGN,3.771,-1.8155,0.007,-1.33,0.13,-0.6,0.0,0.0007,0.0033,0.0012,0.848,0.442,,,,3.72,-1.62,,
106.897,LAND_YAW_ALIGN,3.7697,-1.8166,0.009,-1.33,0.18,-0.54,0.0,0.004,0.0007,-0.0028,0.848,0.442,,,,3.72,-1.62,,
106.978,LAND_YAW_ALIGN,3.7699,-1.8157,0.01,-1.32,0.14,-0.55,0.0,-0.0049,0.0029,0.0001,0.849,0.441,,,,3.72,-1.62,,
106.993,LAND_YAW_ALIGN,3.7697,-1.816,0.009,-1.32,0.14,-0.54,0.0,0.0027,0.0023,0.0042,0.849,0.441,,,,3.72,-1.62,,
107.049,LAND_YAW_ALIGN,3.7712,-1.8153,0.009,-1.31,0.13,-0.59,0.0,-0.0041,-0.0016,0.004,0.852,0.44,,,,3.72,-1.62,,
107.099,LAND_YAW_ALIGN,3.7697,-1.8161,0.01,-1.31,0.16,-0.55,0.0,0.0021,0.0013,0.0036,0.852,0.44,,,,3.72,-1.62,,
107.156,LAND_YAW_ALIGN,3.7705,-1.816,0.01,-1.3,0.12,-0.63,0.0,0.0071,0.0039,0.0052,0.849,0.441,,,,3.72,-1.62,,
107.199,LAND_YAW_ALIGN,3.7698,-1.816,0.008,-1.3,0.15,-0.54,0.0,-0.0032,-0.0015,0.0051,0.849,0.441,,,,3.72,-1.62,,
107.26,LAND_YAW_ALIGN,3.7699,-1.8165,0.008,-1.3,0.17,-0.54,0.0,0.0002,-0.0,0.0007,0.85,0.443,,,,3.72,-1.62,,
107.295,LAND_YAW_ALIGN,3.7697,-1.816,0.007,-1.29,0.16,-0.52,-0.0,-0.0017,-0.0014,-0.0015,0.85,0.443,,,,3.72,-1.62,,
107.355,LAND_YAW_ALIGN,3.7723,-1.814,0.005,-1.29,-0.02,-0.59,-0.0,0.0136,0.0089,-0.0071,0.85,0.443,,,,3.72,-1.62,,
107.409,LAND_YAW_ALIGN,3.7694,-1.8138,0.002,-1.35,-0.1,-0.31,-0.0,0.0097,-0.0042,-0.0058,0.85,0.443,,,,3.72,-1.62,,
107.456,LAND_YAW_ALIGN,3.7721,-1.8141,0.002,-1.38,-0.09,-0.35,-0.0,0.0144,0.0072,-0.0205,0.85,0.435,,,,3.72,-1.62,,
107.506,LAND_YAW_ALIGN,3.7712,-1.8203,0.0,-1.44,0.29,0.06,-0.0,0.0138,-0.0199,-0.0068,0.85,0.435,,,,3.72,-1.62,,
107.538,LAND_YAW_ALIGN,3.7736,-1.8254,0.0,-1.58,0.08,0.41,-0.0,0.0176,-0.0388,0.0058,0.846,0.426,,,,3.72,-1.62,,
107.606,LAND_YAW_ALIGN,3.7717,-1.8287,0.0,-1.63,0.08,0.69,-0.0,0.0268,-0.0125,0.044,0.846,0.426,,,,3.72,-1.62,,
107.667,LAND_YAW_ALIGN,3.7777,-1.816,0.0,-1.37,-1.23,1.08,-0.0,0.007,0.0105,0.0558,0.846,0.45,,2.257,,3.72,-1.62,,
107.696,LAND_YAW_ALIGN,3.7702,-1.8185,0.009,-1.51,-0.77,0.99,-0.0,-0.0338,0.0424,0.0817,0.846,0.45,,2.257,,3.72,-1.62,,
107.758,LAND_YAW_ALIGN,3.7777,-1.7931,0.02,-0.99,-1.07,0.3,-0.0,-0.0273,0.0908,0.1217,0.843,0.497,,2.268,,3.72,-1.62,,
107.791,LAND_YAW_ALIGN,3.7766,-1.7895,0.035,-1.2,0.03,-0.21,-0.0,-0.0204,0.0872,0.1581,0.843,0.497,,2.268,,3.72,-1.62,,
107.865,LAND_YAW_ALIGN,3.7771,-1.7823,0.049,-1.35,0.53,-0.41,-0.0,-0.0153,0.097,0.193,0.838,0.508,,2.249,,3.72,-1.62,,
107.899,LAND_YAW_ALIGN,3.7736,-1.7798,0.068,-1.58,1.17,-0.59,-0.0,-0.0223,0.0638,0.2193,0.838,0.508,,2.249,,3.72,-1.62,,
107.951,LAND_YAW_ALIGN,3.7717,-1.7793,0.078,-1.83,1.52,-0.54,-0.0,-0.0189,0.0586,0.2456,0.839,0.531,,2.252,,3.72,-1.62,,
107.999,LAND_YAW_ALIGN,3.7685,-1.7796,0.087,-1.96,1.85,-0.28,-0.0,-0.0298,0.0222,0.2427,0.839,0.531,,2.252,,3.72,-1.62,,
108.052,LAND_YAW_ALIGN,3.7663,-1.7867,0.099,-2.09,1.81,-0.21,-0.0,-0.0315,-0.0265,0.2358,0.822,0.567,,2.235,,3.72,-1.62,,
108.094,LAND_YAW_ALIGN,3.7646,-1.7921,0.109,-2.16,1.34,-0.44,-0.0,-0.0288,-0.0653,0.2312,0.822,0.567,,2.235,,3.72,-1.62,,
108.146,LAND_YAW_ALIGN,3.7637,-1.8004,0.12,-2.27,0.65,-0.45,-0.0,-0.0213,-0.0876,0.2346,0.814,0.735,,2.247,,3.72,-1.62,,
108.208,LAND_YAW_ALIGN,3.7628,-1.8061,0.131,-2.31,-0.14,-0.56,-0.0,-0.0176,-0.1045,0.234,0.814,0.735,,2.247,,3.72,-1.62,,
108.243,LAND_YAW_ALIGN,3.7625,-1.8149,0.136,-2.32,-0.61,-0.56,-0.0,-0.0099,-0.1123,0.2401,0.807,1.642,,2.235,,3.72,-1.62,,
108.3,LAND_YAW_ALIGN,3.763,-1.8217,0.146,-2.37,-1.24,-0.38,-0.0,-0.0008,-0.116,0.2257,0.807,1.642,,2.235,,3.72,-1.62,,
108.373,LAND_YAW_ALIGN,3.7633,-1.8294,0.156,-2.36,-1.61,-0.27,-0.0,0.0022,-0.1121,0.2193,0.8,1.673,,2.238,,3.72,-1.62,,
108.392,LAND_YAW_ALIGN,3.7636,-1.8347,0.174,-2.37,-1.97,-0.03,-0.0,0.0061,-0.0994,0.2293,0.8,1.673,,2.238,,3.72,-1.62,,
108.456,LAND_YAW_ALIGN,3.7645,-1.8385,0.182,-2.41,-2.13,0.15,-0.0,0.0074,-0.0767,0.2443,0.796,1.685,,2.225,,3.72,-1.62,,
108.497,LAND_YAW_ALIGN,3.7653,-1.8434,0.194,-2.42,-2.06,0.22,-0.0,0.0082,-0.068,0.2305,0.796,1.685,,2.225,,3.72,-1.62,,
108.569,LAND_YAW_ALIGN,3.7658,-1.8471,0.201,-2.39,-1.83,0.32,-0.0,0.0065,-0.0523,0.2278,0.787,1.685,,2.228,,3.72,-1.62,,
108.59,LAND_YAW_ALIGN,3.7666,-1.8493,0.219,-2.37,-1.61,0.31,-0.0,0.0058,-0.038,0.2116,0.787,1.685,,2.228,,3.72,-1.62,,
108.657,LAND_YAW_ALIGN,3.7663,-1.8513,0.228,-2.35,-1.32,0.36,-0.0,0.002,-0.0257,0.2219,0.785,1.686,,2.22,,3.72,-1.62,,
108.691,LAND_YAW_ALIGN,3.7636,-1.8537,0.242,-2.39,-1.0,0.29,-0.0,-0.0053,-0.0161,0.2108,0.785,1.686,,2.22,,3.72,-1.62,,
108.75,LAND_YAW_ALIGN,3.7648,-1.8434,0.249,-2.23,-0.99,0.24,-0.0,-0.0063,0.0235,0.208,0.784,1.7,,2.214,,3.72,-1.62,,
108.799,LAND_YAW_ALIGN,3.7643,-1.8412,0.255,-2.08,-0.52,0.14,-0.0,-0.008,0.033,0.1905,0.784,1.7,,2.214,,3.72,-1.62,,
108.841,LAND_YAW_ALIGN,3.7625,-1.8401,0.261,-1.92,-0.06,0.11,-0.0,-0.0122,0.035,0.1692,0.777,1.695,,2.226,,3.72,-1.62,,
108.938,LAND_YAW_ALIGN,3.7629,-1.8381,0.27,-1.77,0.27,-0.02,-0.0,-0.0102,0.0345,0.154,0.777,1.695,,2.226,,3.72,-1.62,,
108.953,LAND_YAW_ALIGN,3.7611,-1.837,0.281,-1.59,0.48,0.02,-0.0,-0.0136,0.0304,0.1476,0.772,1.688,,2.216,,3.72,-1.62,,
109.012,LAND_YAW_ALIGN,3.7632,-1.8361,0.29,-1.44,0.7,-0.11,-0.0,-0.0041,0.0219,0.1476,0.772,1.688,,2.216,,3.72,-1.62,,
109.059,LAND_YAW_ALIGN,3.7626,-1.8354,0.298,-1.28,0.7,-0.07,-0.0,-0.0068,0.0166,0.1425,0.766,1.689,,2.215,,3.72,-1.62,,
109.11,LAND_YAW_ALIGN,3.7653,-1.8391,0.305,-1.22,0.72,-0.31,-0.0,0.0032,-0.0016,0.1303,0.766,1.689,,2.215,,3.72,-1.62,,
109.155,LAND_YAW_ALIGN,3.7714,-1.8416,0.308,-1.15,0.59,-0.27,-0.0,0.0182,-0.0124,0.1234,0.773,1.694,,2.207,,3.72,-1.62,,
109.193,LAND_YAW_ALIGN,3.7727,-1.8437,0.314,-1.12,0.42,-0.16,-0.0,0.0231,-0.022,0.1025,0.773,1.694,,2.207,,3.72,-1.62,,
109.259,LAND_YAW_ALIGN,3.7724,-1.8471,0.318,-1.07,0.27,0.11,-0.0,0.0184,-0.0282,0.0929,0.772,1.697,,2.222,,3.72,-1.62,,
109.292,LAND_YAW_ALIGN,3.773,-1.8481,0.323,-1.01,0.04,0.32,-0.0,0.0136,-0.0291,0.0838,0.772,1.697,,2.222,,3.72,-1.62,,
109.364,LAND_YAW_ALIGN,3.7733,-1.8511,0.329,-0.94,-0.11,0.39,-0.0,0.0111,-0.0321,0.0749,0.769,1.694,,2.212,,3.72,-1.62,,
109.405,LAND_YAW_ALIGN,3.7726,-1.8534,0.331,-0.94,-0.28,0.34,-0.0,0.006,-0.0319,0.0722,0.769,1.694,,2.212,,3.72,-1.62,,
109.446,LAND_YAW_ALIGN,3.7727,-1.8572,0.334,-0.92,-0.47,0.27,-0.0,0.0032,-0.0334,0.0638,0.767,1.689,,2.21,,3.72,-1.62,,
109.515,LAND_YAW_ALIGN,3.7715,-1.8592,0.337,-0.85,-0.62,0.2,-0.0,0.0,-0.0291,0.0513,0.767,1.689,,2.21,,3.72,-1.62,,
109.558,LAND_YAW_ALIGN,3.7721,-1.861,0.342,-0.79,-0.66,0.22,-0.0,-0.0017,-0.0254,0.0459,0.764,1.692,,2.195,,3.72,-1.62,,
109.595,LAND_YAW_ALIGN,3.7717,-1.8625,0.34,-0.73,-0.61,0.23,-0.0,-0.0023,-0.0201,0.048,0.764,1.692,,2.195,,3.72,-1.62,,
109.715,ROTATION_SCAN,3.7731,-1.8635,0.345,-0.66,-0.56,0.12,-0.0,-0.0026,-0.0159,0.0334,0.771,1.685,,2.205,,,,,
109.741,ROTATION_SCAN,3.7726,-1.8638,0.347,-0.65,-0.52,0.01,-0.0,-0.0044,-0.0105,0.031,0.771,1.685,,2.205,,,,,
109.767,ROTATION_SCAN,3.773,-1.864,0.348,-0.65,-0.53,-0.03,-0.0,-0.0081,-0.0035,0.0305,0.767,1.685,,2.205,,,,,
109.821,ROTATION_SCAN,3.7682,-1.8614,0.348,-0.68,-0.37,-0.13,15.0,-0.0079,0.0026,0.0202,0.767,1.685,,2.205,,,,,
109.84,ROTATION_SCAN,3.7694,-1.8617,0.346,-0.66,-0.25,-0.25,15.0,-0.0062,0.0051,0.0136,0.767,1.683,,2.202,,,,,
109.896,ROTATION_SCAN,3.7683,-1.8593,0.351,-0.57,-0.18,-0.4,15.0,-0.0054,0.0105,0.0028,0.767,1.683,,2.202,,,,,
109.96,ROTATION_SCAN,3.7697,-1.8554,0.349,-0.36,-0.08,-0.31,15.0,0.0011,0.0187,0.0091,0.767,1.685,,2.207,,,,,
110.006,ROTATION_SCAN,3.7699,-1.8534,0.347,-0.07,0.14,-0.28,15.0,0.0036,0.0234,0.0036,0.767,1.685,,2.207,,,,,
110.038,ROTATION_SCAN,3.7715,-1.8524,0.346,0.38,0.27,-0.29,15.0,0.011,0.0166,-0.0062,0.764,1.689,,2.203,,,,,
110.103,ROTATION_SCAN,3.7727,-1.8503,0.346,0.92,0.45,-0.34,15.0,0.0111,0.0186,-0.007,0.764,1.689,,2.203,,,,,
110.174,ROTATION_SCAN,3.7755,-1.852,0.347,1.59,0.64,-0.2,15.0,0.0203,0.0074,-0.0089,0.777,1.691,,2.203,,,,,
110.21,ROTATION_SCAN,3.7802,-1.8552,0.348,2.23,0.64,-0.15,15.0,0.0268,-0.003,-0.0047,0.777,1.691,,2.203,,,,,
110.268,ROTATION_SCAN,3.7821,-1.8563,0.349,2.99,0.57,0.12,15.0,0.0238,-0.007,-0.0008,0.78,1.697,,2.203,,,,,
110.297,ROTATION_SCAN,3.7906,-1.8578,0.344,3.79,0.53,0.2,15.0,0.0406,-0.0184,-0.0001,0.78,1.697,,2.203,,,,,
110.343,ROTATION_SCAN,3.7925,-1.8613,0.345,4.65,0.42,0.31,15.0,0.0377,-0.0223,-0.01,0.788,1.694,,2.208,,,,,
110.409,ROTATION_SCAN,3.7994,-1.8642,0.348,5.53,0.22,0.56,15.0,0.0431,-0.0278,-0.0092,0.788,1.694,,2.208,,,,,
110.468,ROTATION_SCAN,3.7986,-1.8685,0.346,6.44,-0.05,1.0,15.0,0.0322,-0.0363,-0.0007,0.797,1.702,,2.201,,,,,
110.516,ROTATION_SCAN,3.8024,-1.8699,0.346,7.4,-0.34,1.15,15.0,0.0291,-0.0347,-0.0025,0.797,1.702,,2.201,,,,,
110.537,ROTATION_SCAN,3.8025,-1.8726,0.343,8.29,-0.79,1.24,15.0,0.0144,-0.034,-0.0021,0.806,1.715,,2.204,,,,,
110.591,ROTATION_SCAN,3.8033,-1.874,0.346,9.11,-1.02,1.29,15.0,0.0032,-0.028,-0.0063,0.806,1.715,,2.204,,,,,
110.64,ROTATION_SCAN,3.8039,-1.8757,0.344,9.86,-1.09,1.39,15.0,-0.0083,-0.0217,0.0032,0.824,1.707,,2.22,,,,,
110.704,ROTATION_SCAN,3.8021,-1.8764,0.351,10.63,-1.12,1.3,15.0,-0.02,-0.0157,0.0042,0.824,1.707,,2.22,,,,,
110.761,ROTATION_SCAN,3.8014,-1.8749,0.345,11.42,-1.2,1.01,15.0,-0.0345,-0.0031,0.0158,0.838,1.709,,2.229,,,,,
110.802,ROTATION_SCAN,3.8003,-1.8737,0.35,12.21,-1.13,0.77,15.0,-0.0424,0.0069,0.0044,0.838,1.709,,2.229,,,,,
110.865,ROTATION_SCAN,3.7919,-1.8709,0.348,12.97,-0.98,0.55,15.0,-0.061,0.0182,0.0078,0.856,1.707,,2.245,,,,,
110.899,ROTATION_SCAN,3.7911,-1.869,0.348,13.76,-0.75,0.23,15.0,-0.0624,0.0262,0.0048,0.856,1.707,,2.245,,,,,
110.957,ROTATION_SCAN,3.7875,-1.8648,0.348,14.52,-0.4,0.01,15.0,-0.0659,0.0354,-0.003,0.868,1.703,,2.256,,,,,
111.002,ROTATION_SCAN,3.7867,-1.8604,0.35,15.24,-0.17,-0.05,15.0,-0.0622,0.0424,-0.0012,0.868,1.703,,2.256,,,,,
111.051,ROTATION_SCAN,3.785,-1.8574,0.348,15.98,0.13,-0.35,15.0,-0.0587,0.0445,-0.001,0.875,1.713,,2.261,,,,,
111.087,ROTATION_SCAN,3.7833,-1.8532,0.347,16.71,0.33,-0.44,15.0,-0.0536,0.0474,-0.0083,0.875,1.713,,2.261,,,,,
111.158,ROTATION_SCAN,3.7832,-1.8497,0.344,17.43,0.64,-0.52,15.0,-0.0437,0.0468,-0.0113,0.872,1.714,,2.278,,,,,
111.215,ROTATION_SCAN,3.7853,-1.845,0.342,18.14,0.73,-0.44,15.0,-0.0305,0.0472,-0.0165,0.872,1.714,,2.278,,,,,
111.253,ROTATION_SCAN,3.7855,-1.8441,0.345,18.82,1.0,-0.26,15.0,-0.0221,0.0391,-0.0245,0.87,,,2.297,,,,,
111.299,ROTATION_SCAN,3.7889,-1.8419,0.347,19.53,1.15,0.08,15.0,-0.0099,0.0315,-0.0076,0.87,,,2.297,,,,,
111.347,ROTATION_SCAN,3.7908,-1.8407,0.347,20.27,1.23,0.3,15.0,-0.0027,0.0213,-0.0011,,1.69,,2.332,,,,,
111.41,ROTATION_SCAN,3.7944,-1.8403,0.348,21.06,1.19,0.56,15.0,0.005,0.0101,-0.0033,,1.69,,2.332,,,,,
111.448,ROTATION_SCAN,3.7963,-1.8418,0.346,21.88,0.99,0.68,15.0,0.0069,-0.0039,-0.0004,,,,2.336,,,,,
111.509,ROTATION_SCAN,3.802,-1.8418,0.348,22.78,0.87,0.85,15.0,0.0149,-0.0122,-0.0077,,,,2.336,,,,,
111.541,ROTATION_SCAN,3.8027,-1.8423,0.344,23.66,0.67,0.95,15.0,0.0108,-0.0205,-0.0047,,,,2.367,,,,,
111.604,ROTATION_SCAN,3.8066,-1.8434,0.344,24.47,0.51,1.12,15.0,0.0122,-0.0277,-0.015,,,,2.367,,,,,
111.638,ROTATION_SCAN,3.8102,-1.846,0.343,25.31,0.22,1.0,15.0,0.012,-0.0365,-0.0166,,,0.86,2.384,,,,,
111.694,ROTATION_SCAN,3.812,-1.8499,0.34,26.11,-0.14,0.9,15.0,0.0075,-0.0441,-0.0171,,,0.86,2.384,,,,,
111.759,ROTATION_SCAN,3.8143,-1.8533,0.341,26.9,-0.4,0.86,15.0,0.0046,-0.0474,-0.0233,,,,2.418,,,,,
111.792,ROTATION_SCAN,3.8175,-1.8543,0.34,27.71,-0.62,0.84,15.0,0.0007,-0.0435,-0.014,,,,2.418,,,,,
111.85,ROTATION_SCAN,3.8193,-1.858,0.339,28.59,-0.73,0.77,15.0,-0.004,-0.0444,-0.0157,,1.141,0.807,2.443,,,,,
111.891,ROTATION_SCAN,3.821,-1.8603,0.339,29.43,-0.97,0.78,15.0,-0.0092,-0.0411,-0.0161,,1.141,0.807,2.443,,,,,
111.952,ROTATION_SCAN,3.8222,-1.8616,0.336,30.33,-1.08,0.73,15.0,-0.0155,-0.035,-0.0142,,1.139,0.785,2.487,,,,,
112.031,ROTATION_SCAN,3.8231,-1.8618,0.337,31.23,-1.15,0.74,15.0,-0.0191,-0.0252,-0.0186,,1.139,0.785,2.487,,,,,
112.056,ROTATION_SCAN,3.8235,-1.8607,0.337,32.08,-1.14,0.71,15.0,-0.0295,-0.0174,-0.0164,,1.137,0.77,2.507,,,,,
112.099,ROTATION_SCAN,3.8228,-1.8597,0.335,32.94,-1.17,0.79,15.0,-0.0384,-0.0089,-0.013,,1.137,0.77,2.507,,,,,
112.171,ROTATION_SCAN,3.8265,-1.8604,0.335,33.8,-1.01,0.63,15.0,-0.0389,-0.0007,-0.0173,,1.132,0.758,2.545,,,,,
112.197,ROTATION_SCAN,3.8257,-1.861,0.333,34.6,-0.89,0.64,15.0,-0.0432,-0.003,-0.0153,,1.132,0.758,2.545,,,,,
112.26,ROTATION_SCAN,3.8219,-1.8511,0.333,35.5,-0.86,0.59,15.0,-0.0514,0.0198,-0.017,,1.139,0.737,,,,,,
112.291,ROTATION_SCAN,3.8347,-1.8698,0.332,36.27,-0.56,0.48,15.0,-0.0302,-0.0163,-0.0145,,1.139,0.737,,,,,,
112.354,ROTATION_SCAN,3.8353,-1.8637,0.333,37.14,-0.64,0.59,15.0,-0.0334,-0.0022,-0.0139,,1.151,0.731,2.579,,,,,
112.422,ROTATION_SCAN,3.8363,-1.8614,0.332,37.99,-0.66,0.73,15.0,-0.0381,0.0065,-0.0074,,1.151,0.731,2.579,,,,,
112.449,ROTATION_SCAN,3.8395,-1.8587,0.333,38.91,-0.75,0.67,15.0,-0.0359,0.0133,-0.0087,,1.15,0.725,2.654,,,,,
112.487,ROTATION_SCAN,3.8367,-1.8508,0.334,39.66,-0.88,0.67,15.0,-0.0452,0.0287,-0.0026,,1.15,0.725,2.654,,,,,
112.549,ROTATION_SCAN,3.835,-1.8445,0.331,40.45,-0.7,0.88,15.0,-0.0519,0.0381,0.0002,,1.155,0.714,,,,,,
112.591,ROTATION_SCAN,3.8341,-1.8401,0.334,41.21,-0.41,1.01,15.0,-0.0539,0.0387,-0.0086,,1.155,0.714,,,,,,
112.649,ROTATION_SCAN,3.8337,-1.8348,0.332,41.97,-0.06,1.09,15.0,-0.0611,0.0419,-0.0024,,1.164,0.713,,,,,,
112.695,ROTATION_SCAN,3.833,-1.8312,0.333,42.63,0.3,1.18,15.0,-0.0615,0.0398,-0.0054,,1.164,0.713,,,,,,
112.76,ROTATION_SCAN,3.8306,-1.8277,0.33,43.3,0.51,1.25,15.0,-0.0663,0.0322,-0.0065,2.657,1.182,0.707,,,,,,
112.794,ROTATION_SCAN,3.8296,-1.8234,0.332,43.92,0.78,1.28,15.0,-0.0674,0.0299,-0.0128,2.657,1.182,0.707,,,,,,
112.852,ROTATION_SCAN,3.8253,-1.8213,0.328,44.5,0.97,1.44,15.0,-0.0692,0.0192,-0.0073,,1.199,0.709,,,,,,
112.916,ROTATION_SCAN,3.8225,-1.8196,0.326,45.12,1.17,1.4,15.0,-0.0704,0.0051,-0.0163,,1.199,0.709,,,,,,
112.953,ROTATION_SCAN,3.819,-1.8179,0.329,45.71,1.17,1.44,15.0,-0.0725,-0.0103,-0.0218,,1.215,0.719,,,,,,
113.001,ROTATION_SCAN,3.8165,-1.8211,0.33,46.38,1.2,1.32,15.0,-0.0704,-0.0288,-0.009,,1.215,0.719,,,,,,
113.11,ROTATION_SCAN,3.8114,-1.8221,0.327,47.09,1.04,1.25,15.0,-0.0746,-0.0415,-0.0037,,1.242,0.733,,,,,,
113.125,ROTATION_SCAN,3.8081,-1.8272,0.327,47.86,0.89,0.99,15.0,-0.0741,-0.0606,-0.0132,,1.242,0.733,,,,,,
113.155,ROTATION_SCAN,3.8091,-1.8317,0.328,48.61,0.69,0.71,15.0,-0.0611,-0.0701,-0.0119,,1.279,0.745,,,,,,
113.202,ROTATION_SCAN,3.8084,-1.8341,0.328,49.43,0.46,0.44,15.0,-0.0519,-0.0748,-0.007,,1.279,0.745,,,,,,
113.254,ROTATION_SCAN,3.8093,-1.8398,0.327,50.24,0.3,0.35,15.0,-0.0476,-0.0851,-0.0071,,1.326,0.771,,,,,,
113.296,ROTATION_SCAN,3.809,-1.8443,0.325,51.03,0.05,0.14,15.0,-0.0378,-0.0922,-0.0094,,1.326,0.771,,,,,,
113.338,ROTATION_SCAN,3.8112,-1.8504,0.326,51.79,-0.18,-0.08,15.0,-0.0313,-0.0878,-0.0136,,1.375,0.795,,,,,,
113.408,ROTATION_SCAN,3.8119,-1.851,0.325,52.57,-0.48,-0.35,15.0,-0.0268,-0.0797,-0.0086,,1.375,0.795,,,,,,
113.438,ROTATION_SCAN,3.8125,-1.8558,0.324,53.33,-0.65,-0.38,15.0,-0.0261,-0.0752,-0.0123,,1.418,0.821,,,,,,
113.504,ROTATION_SCAN,3.8127,-1.8574,0.327,53.99,-0.82,-0.39,15.0,-0.023,-0.0663,-0.0133,,1.418,0.821,,,,,,
113.549,ROTATION_SCAN,3.8139,-1.8611,0.323,54.64,-0.93,-0.44,15.0,-0.0241,-0.0585,-0.0069,,1.443,0.844,,,,,,
113.612,ROTATION_SCAN,3.8136,-1.8629,0.324,55.2,-1.1,-0.43,15.0,-0.0242,-0.0485,-0.0145,,1.443,0.844,,,,,,
113.649,ROTATION_SCAN,3.814,-1.8637,0.323,55.74,-1.12,-0.36,15.0,-0.0283,-0.0371,-0.0142,,,0.867,,,,,,
113.69,ROTATION_SCAN,3.8118,-1.8629,0.32,56.26,-1.17,-0.32,15.0,-0.036,-0.0234,-0.014,,,0.867,,,,,,
113.771,ROTATION_SCAN,3.8124,-1.8594,0.319,56.74,-1.06,-0.19,15.0,-0.0371,-0.0065,-0.0203,,1.481,0.877,,,,,,
113.805,ROTATION_SCAN,3.8079,-1.8551,0.316,57.15,-1.04,-0.12,15.0,-0.0492,0.0101,-0.0179,,1.481,0.877,,,,,,
113.851,ROTATION_SCAN,3.8078,-1.853,0.317,57.59,-0.85,-0.04,15.0,-0.0501,0.0183,-0.0214,,1.495,0.886,,,,,,
113.905,ROTATION_SCAN,3.8015,-1.8478,0.315,58.06,-0.69,0.07,15.0,-0.0607,0.0345,-0.0144,,1.495,0.886,,,,,,
113.937,ROTATION_SCAN,3.7991,-1.8423,0.318,58.58,-0.42,0.23,15.0,-0.0695,0.0425,-0.0147,,1.522,,,,,,,
113.998,ROTATION_SCAN,3.7989,-1.8387,0.318,59.1,-0.05,0.37,15.0,-0.0623,0.0429,-0.0048,,1.522,,,,,,,
114.042,ROTATION_SCAN,3.7967,-1.8345,0.314,59.66,0.29,0.5,15.0,-0.0585,0.044,-0.001,,1.551,0.917,,,,,,
114.115,ROTATION_SCAN,3.7981,-1.8315,0.313,60.39,0.62,0.61,15.0,-0.053,0.0427,-0.0129,,1.551,0.917,,,,,,
114.164,ROTATION_SCAN,3.7967,-1.8274,0.312,61.12,0.74,0.89,15.0,-0.0478,0.0374,-0.0122,,1.589,0.957,,,,,,
114.187,ROTATION_SCAN,3.7952,-1.8244,0.314,61.94,0.8,1.19,15.0,-0.0434,0.0315,-0.011,,1.589,0.957,,,,,,
114.259,ROTATION_SCAN,3.7953,-1.8211,0.315,62.84,0.83,1.21,15.0,-0.0348,0.0201,-0.006,,1.663,,,,,,,
114.287,ROTATION_SCAN,3.7971,-1.8191,0.315,63.76,0.8,1.3,15.0,-0.024,0.0139,-0.0018,,1.663,,,,,,,
114.37,ROTATION_SCAN,3.7975,-1.8181,0.313,64.74,0.75,1.38,15.0,-0.0235,0.0033,-0.0023,,1.803,,,,,,,
114.408,ROTATION_SCAN,3.7987,-1.8167,0.314,65.7,0.66,1.28,15.0,-0.0164,-0.0082,-0.0086,,1.803,,,,,,,
114.452,ROTATION_SCAN,3.7986,-1.8183,0.314,66.67,0.58,1.35,15.0,-0.0098,-0.0229,-0.0086,,1.914,,,,,,,
114.513,ROTATION_SCAN,3.8002,-1.8179,0.314,67.58,0.42,1.09,15.0,-0.0089,-0.0298,-0.0068,,1.914,,,,,,,
114.539,ROTATION_SCAN,3.7997,-1.8205,0.309,68.46,0.23,0.98,15.0,0.0035,-0.0491,-0.0073,,2.09,,,,,,,
114.605,ROTATION_SCAN,3.8053,-1.8271,0.311,69.28,0.2,0.89,15.0,0.0079,-0.0577,-0.0171,,2.09,,,,,,,
114.642,ROTATION_SCAN,3.8091,-1.8307,0.311,70.07,-0.14,0.63,15.0,0.0106,-0.0621,-0.0142,,2.169,2.576,,,,,,
114.711,ROTATION_SCAN,3.815,-1.8324,0.31,70.78,-0.3,0.45,15.0,0.0186,-0.0653,-0.0055,,2.169,2.576,,,,,,
114.751,ROTATION_SCAN,3.8159,-1.8316,0.312,71.5,-0.57,0.37,15.0,0.018,-0.0574,-0.0094,,2.26,2.452,,,,,,
114.793,ROTATION_SCAN,3.8189,-1.8306,0.309,72.1,-0.87,0.38,15.0,0.0167,-0.0503,-0.0024,,2.26,2.452,,,,,,
114.84,ROTATION_SCAN,3.8215,-1.8306,0.308,72.83,-0.97,0.36,15.0,0.0101,-0.0454,-0.0066,,2.296,2.369,,,,,,
114.925,ROTATION_SCAN,3.8237,-1.829,0.309,73.67,-1.09,0.36,15.0,0.0049,-0.0326,-0.0077,,2.296,2.369,,,,,,
114.95,ROTATION_SCAN,3.8251,-1.8272,0.309,74.57,-1.17,0.5,15.0,-0.0016,-0.0276,-0.0032,,2.306,2.204,,,,,,
115.019,ROTATION_SCAN,3.8256,-1.8247,0.306,75.41,-1.23,0.64,15.0,-0.0117,-0.0233,0.0005,,2.306,2.204,,,,,,
115.066,ROTATION_SCAN,3.8293,-1.8212,0.309,76.31,-1.25,0.8,15.0,-0.0136,-0.0163,-0.0049,,2.304,,,,,,,
115.094,ROTATION_SCAN,3.8296,-1.8184,0.309,77.16,-1.21,1.05,15.0,-0.0241,-0.0139,0.0032,,2.304,,,,,,,
115.168,ROTATION_SCAN,3.8276,-1.8169,0.309,77.94,-1.07,1.27,15.0,-0.0353,-0.011,0.0037,,2.316,,0.762,,,,,
115.186,ROTATION_SCAN,3.8272,-1.813,0.308,78.66,-0.85,1.39,15.0,-0.0436,-0.0157,0.0013,,2.316,,0.762,,,,,
115.241,ROTATION_SCAN,3.8251,-1.8108,0.31,79.21,-0.8,1.52,15.0,-0.0529,-0.0197,0.0015,,2.325,,0.75,,,,,
115.307,ROTATION_SCAN,3.8229,-1.8093,0.311,79.8,-0.7,1.63,15.0,-0.0607,-0.0259,0.0063,,2.325,,0.75,,,,,
115.354,ROTATION_SCAN,3.8183,-1.8085,0.312,80.28,-0.56,1.56,15.0,-0.0703,-0.0344,0.0084,,2.319,1.771,0.749,,,,,
115.42,ROTATION_SCAN,3.8135,-1.8081,0.311,80.75,-0.42,1.49,15.0,-0.0805,-0.0393,0.0108,,2.319,1.771,0.749,,,,,
115.446,ROTATION_SCAN,3.8105,-1.8086,0.314,81.26,-0.29,1.38,15.0,-0.0841,-0.0488,0.0053,,2.301,1.745,0.752,,,,,
115.516,ROTATION_SCAN,3.8075,-1.8126,0.31,81.8,-0.17,1.36,15.0,-0.0855,-0.057,0.0085,,2.301,1.745,0.752,,,,,
115.547,ROTATION_SCAN,3.8046,-1.81,0.31,82.43,-0.05,1.13,15.0,-0.0857,-0.0611,-0.003,,2.305,1.72,0.757,,,,,
115.615,ROTATION_SCAN,3.8013,-1.8127,0.311,83.11,0.15,1.07,15.0,-0.0831,-0.0681,-0.0071,,2.305,1.72,0.757,,,,,
115.644,ROTATION_SCAN,3.7966,-1.8137,0.31,83.91,0.25,0.9,15.0,-0.0829,-0.0702,-0.0036,,2.288,1.692,0.759,,,,,
115.719,ROTATION_SCAN,3.7941,-1.8147,0.309,84.62,0.39,0.72,15.0,-0.0784,-0.072,-0.0053,,2.288,1.692,0.759,,,,,
115.764,ROTATION_SCAN,3.7935,-1.8172,0.312,85.41,0.5,0.6,15.0,-0.0654,-0.0776,-0.0087,,2.269,1.687,0.77,,,,,
115.876,ROTATION_SCAN,3.7902,-1.8205,0.311,86.26,0.5,0.45,15.0,-0.0619,-0.0779,-0.001,,2.269,1.687,0.77,,,,2.68,-1.18
115.925,RET_WAYPOINT,3.7907,-1.8239,0.312,87.15,0.54,0.32,-0.0,-0.0533,-0.0783,-0.002,,2.256,1.679,0.788,,2.66,-1.82,2.68,-1.18
115.935,RET_WAYPOINT,3.7905,-1.8273,0.307,87.97,0.61,-0.37,-0.0,-0.0415,-0.0771,-0.0047,,2.256,1.679,0.788,,2.66,-1.82,2.68,-1.18
115.94,RET_WAYPOINT,3.7903,-1.8302,0.311,88.68,0.69,-0.91,-0.0,-0.0322,-0.073,-0.0176,,2.245,1.669,0.791,,2.66,-1.82,2.68,-1.18
115.992,RET_WAYPOINT,3.788,-1.8328,0.309,89.31,0.6,-1.15,-0.0,-0.0271,-0.062,-0.0099,,2.245,1.669,0.791,,2.66,-1.82,2.68,-1.18
116.051,RET_WAYPOINT,3.7895,-1.8353,0.309,89.84,0.28,-1.19,-0.0,-0.0171,-0.0501,-0.0131,,2.255,1.668,0.799,,2.66,-1.82,2.68,-1.18
116.092,RET_WAYPOINT,3.7924,-1.8348,0.309,90.22,-2.02,-0.97,-0.0,-0.0154,-0.0329,-0.0123,,2.255,1.668,0.799,,2.66,-1.82,2.68,-1.18
116.172,RET_WAYPOINT,3.7936,-1.8359,0.31,90.53,-3.42,-0.96,-0.0,-0.0312,-0.0265,-0.0122,,2.245,1.66,0.801,,2.66,-1.82,2.68,-1.18
116.213,RET_WAYPOINT,3.7932,-1.8326,0.308,90.71,-4.46,-0.91,-0.0,-0.0591,-0.0093,-0.0102,,2.245,1.66,0.801,,2.66,-1.82,2.68,-1.18
116.262,RET_WAYPOINT,3.7898,-1.8322,0.31,90.85,-4.83,-0.84,-0.0,-0.1033,0.0023,-0.0145,,2.245,1.663,0.81,,2.66,-1.82,2.68,-1.18
116.319,RET_WAYPOINT,3.7784,-1.8297,0.308,90.9,-4.92,-0.69,-0.0,-0.1487,0.0118,-0.0087,,2.245,1.663,0.81,,2.66,-1.82,2.68,-1.18
116.345,RET_WAYPOINT,3.7696,-1.8259,0.308,90.97,-4.55,-0.25,-0.0,-0.1895,0.0205,-0.0097,,2.249,1.651,0.818,,2.66,-1.82,2.68,-1.18
116.42,RET_WAYPOINT,3.7599,-1.8254,0.304,90.97,-3.97,0.22,-0.0,-0.225,0.0219,-0.0104,,2.249,1.651,0.818,,2.66,-1.82,2.68,-1.18
116.466,RET_WAYPOINT,3.7464,-1.8238,0.303,90.97,-3.29,0.47,-0.0,-0.2638,0.0169,-0.0199,,2.249,1.626,0.837,,2.66,-1.82,2.68,-1.18
116.488,RET_WAYPOINT,3.7348,-1.8213,0.3,90.93,-2.58,0.68,-0.0,-0.2924,0.0166,-0.0167,,2.249,1.626,0.837,,2.66,-1.82,2.68,-1.18
116.574,RET_WAYPOINT,3.7204,-1.821,0.299,90.82,-1.92,0.7,-0.0,-0.3081,0.0084,-0.0218,,2.252,1.611,0.862,,2.66,-1.82,2.68,-1.18
116.61,RET_WAYPOINT,3.7029,-1.8201,0.3,90.68,-1.34,0.61,-0.0,-0.321,0.0042,-0.0162,,2.252,1.611,0.862,,2.66,-1.82,2.68,-1.18
116.636,RET_WAYPOINT,3.6886,-1.8193,0.299,90.52,-0.78,0.61,-0.0,-0.3254,-0.003,-0.008,,2.247,1.583,0.889,,2.66,-1.82,2.68,-1.18
116.687,RET_WAYPOINT,3.6726,-1.8225,0.299,90.28,-0.29,0.4,-0.0,-0.3282,-0.0102,-0.0083,,2.247,1.583,0.889,,2.66,-1.82,2.68,-1.18
116.743,RET_WAYPOINT,3.6591,-1.8217,0.302,90.08,0.16,0.24,-0.0,-0.3311,-0.0105,-0.005,,2.255,1.552,0.919,,2.66,-1.82,2.68,-1.18
116.797,RET_WAYPOINT,3.6454,-1.82,0.309,89.91,0.42,0.1,-0.0,-0.3189,-0.01,0.0021,,2.255,1.552,0.919,,2.66,-1.82,2.68,-1.18
116.864,RET_WAYPOINT,3.6297,-1.8187,0.32,89.74,0.47,-0.1,-0.0,-0.3106,-0.0036,0.0196,,2.259,1.52,0.944,,2.66,-1.82,2.68,-1.18
116.905,RET_WAYPOINT,3.6167,-1.8184,0.33,89.62,0.54,-0.24,-0.0,-0.3027,-0.0018,0.0407,,2.259,1.52,0.944,,2.66,-1.82,2.68,-1.18
116.941,RET_WAYPOINT,3.6042,-1.8183,0.343,89.58,0.43,-0.18,-0.0,-0.2886,0.001,0.0571,,2.264,1.495,0.951,,2.66,-1.82,2.68,-1.18
117.008,RET_WAYPOINT,3.5914,-1.817,0.357,89.56,0.32,-0.04,-0.0,-0.288,0.0032,0.0623,,2.264,1.495,0.951,,2.66,-1.82,2.68,-1.18
117.039,RET_WAYPOINT,3.5778,-1.8158,0.372,89.59,0.21,0.08,-0.0,-0.2857,0.0064,0.0772,,2.273,1.466,0.963,,2.66,-1.82,2.68,-1.18
117.105,RET_WAYPOINT,3.5616,-1.8148,0.379,89.59,0.18,0.22,-0.0,-0.2816,0.0077,0.073,,2.273,1.466,0.963,,2.66,-1.82,2.68,-1.18
117.138,RET_WAYPOINT,3.5491,-1.8139,0.374,89.56,-0.05,0.11,-0.0,-0.2801,0.0062,0.0608,,2.271,1.444,0.976,,2.66,-1.82,2.68,-1.18
117.211,RET_WAYPOINT,3.5348,-1.8118,0.359,89.56,-0.18,-0.05,-0.0,-0.2827,0.0109,-0.0002,,2.271,1.444,0.976,,2.66,-1.82,2.68,-1.18
117.239,RET_WAYPOINT,3.5177,-1.8106,0.348,89.44,-0.56,-0.09,-0.0,-0.2954,0.0164,-0.0674,,2.28,1.425,0.991,,2.66,-1.82,2.68,-1.18
117.303,RET_WAYPOINT,3.5032,-1.8076,0.334,89.18,-0.29,-0.01,-0.0,-0.2971,0.0196,-0.1049,,2.28,1.425,0.991,,2.66,-1.82,2.68,-1.18
117.351,RET_WAYPOINT,3.4905,-1.8048,0.322,88.9,0.12,-0.01,-0.0,-0.2925,0.0265,-0.1325,,2.283,1.4,1.0,,2.66,-1.82,2.68,-1.18
117.404,RET_WAYPOINT,3.4766,-1.8008,0.303,88.7,0.24,0.36,-0.0,-0.2824,0.0331,-0.1264,,2.283,1.4,1.0,,2.66,-1.82,2.68,-1.18
117.464,RET_WAYPOINT,3.4669,-1.7977,0.293,88.39,0.56,0.08,-0.0,-0.2712,0.0323,-0.1678,,2.284,1.386,1.01,,2.66,-1.82,2.68,-1.18
117.489,RET_WAYPOINT,3.456,-1.7933,0.279,88.17,0.39,0.4,-0.0,-0.2601,0.0367,-0.1456,,2.284,1.386,1.01,,2.66,-1.82,2.68,-1.18
117.537,RET_WAYPOINT,3.4469,-1.7886,0.275,87.97,0.37,0.51,-0.0,-0.2501,0.0411,-0.1456,,2.289,1.372,1.02,,2.66,-1.82,2.68,-1.18
117.607,RET_WAYPOINT,3.4377,-1.7852,0.267,87.97,-0.15,0.5,-0.0,-0.2407,0.0425,-0.1107,,2.289,1.372,1.02,,2.66,-1.82,2.68,-1.18
117.645,RET_WAYPOINT,3.4296,-1.782,0.262,88.11,-0.74,0.41,-0.0,-0.2314,0.04,-0.0908,,2.274,1.357,1.021,,2.66,-1.82,2.68,-1.18
117.706,RET_WAYPOINT,3.4231,-1.7778,0.261,88.29,-1.25,1.0,-0.0,-0.2297,0.0393,-0.0577,,2.274,1.357,1.021,,2.66,-1.82,2.68,-1.18
117.749,RET_WAYPOINT,3.4148,-1.7751,0.258,88.49,-1.33,1.6,-0.0,-0.2329,0.0304,-0.0355,0.493,2.261,1.335,1.016,,2.66,-1.82,2.68,-1.18
117.793,RET_WAYPOINT,3.4072,-1.7734,0.261,88.7,-1.5,1.76,-0.0,-0.235,0.0172,-0.0131,0.493,2.261,1.335,1.016,,2.66,-1.82,2.68,-1.18
117.836,RET_WAYPOINT,3.3976,-1.7719,0.261,88.96,-1.59,1.15,-0.0,-0.2422,0.0061,0.0144,0.472,2.249,1.321,1.016,,2.66,-1.82,2.68,-1.18
117.896,RET_WAYPOINT,3.3881,-1.772,0.264,89.05,-1.79,0.78,-0.0,-0.2493,-0.0022,0.0292,0.472,2.249,1.321,1.016,,2.66,-1.82,2.68,-1.18
117.96,RET_WAYPOINT,3.3768,-1.7709,0.26,89.25,-1.72,0.44,-0.0,-0.2603,-0.0037,0.0378,0.457,2.267,1.3,1.018,,2.66,-1.82,2.68,-1.18
117.993,RET_WAYPOINT,3.3653,-1.7708,0.271,89.57,-1.64,0.16,-0.0,-0.2701,-0.0053,0.0327,0.457,2.267,1.3,1.018,,2.66,-1.82,2.68,-1.18
118.056,RET_WAYPOINT,3.3522,-1.7708,0.27,89.76,-1.4,0.52,-0.0,-0.2817,-0.0071,0.0568,0.456,2.267,1.27,1.026,,2.66,-1.82,2.68,-1.18
118.096,RET_WAYPOINT,3.3398,-1.7699,0.269,89.78,-1.22,0.44,-0.0,-0.2871,-0.0079,0.0521,0.456,2.267,1.27,1.026,,2.66,-1.82,2.68,-1.18
118.207,RET_WAYPOINT,3.3263,-1.7695,0.274,89.83,-0.77,0.32,-0.0,-0.2931,-0.0086,0.0384,0.455,2.286,1.251,1.027,,2.66,-1.82,2.68,-1.18
118.23,RET_WAYPOINT,3.3114,-1.7679,0.278,89.9,-0.64,0.69,-0.0,-0.2994,-0.007,0.0545,0.455,2.286,1.251,1.027,,2.66,-1.82,2.68,-1.18
118.242,RET_WAYPOINT,3.2984,-1.7676,0.284,89.98,-0.74,0.74,-0.0,-0.3,-0.0113,0.0654,0.454,2.258,1.219,1.034,,2.66,-1.82,2.68,-1.18
118.31,RET_WAYPOINT,3.2831,-1.7671,0.26,90.08,-0.64,0.93,-0.0,-0.3067,-0.015,0.0705,0.454,2.258,1.219,1.034,,2.66,-1.82,2.68,-1.18
118.351,RET_WAYPOINT,3.2695,-1.7644,0.198,90.11,-0.42,0.78,-0.0,-0.3072,-0.0125,0.0106,0.459,2.221,1.192,1.042,,2.66,-1.82,2.68,-1.18
118.395,RET_WAYPOINT,3.2566,-1.7645,0.165,90.24,-0.33,0.58,-0.0,-0.3026,-0.0165,-0.1244,0.459,2.221,1.192,1.042,,2.66,-1.82,2.68,-1.18
118.453,RET_WAYPOINT,3.2479,-1.7634,0.175,90.32,-0.22,0.49,-0.0,-0.2901,-0.0116,-0.1697,0.454,2.23,1.163,,,2.66,-1.82,2.68,-1.18
118.499,RET_WAYPOINT,3.2414,-1.7596,0.195,90.35,-0.2,0.43,-0.0,-0.2655,-0.0099,-0.0306,0.454,2.23,1.163,,,2.66,-1.82,2.68,-1.18
118.557,RET_WAYPOINT,3.2343,-1.7604,0.213,90.31,-0.17,0.62,-0.0,-0.2515,-0.0148,0.0366,0.453,2.257,1.134,1.066,,2.66,-1.82,2.68,-1.18
118.614,RET_WAYPOINT,3.2326,-1.7683,0.242,90.26,-0.46,0.78,-0.0,-0.2175,-0.0397,0.1303,0.453,2.257,1.134,1.066,,2.66,-1.82,2.68,-1.18
118.652,RET_WAYPOINT,3.2258,-1.7691,0.263,90.24,-0.93,0.46,-0.0,-0.1854,-0.0419,0.2074,0.454,2.261,1.103,1.057,,2.66,-1.82,2.68,-1.18
118.719,RET_WAYPOINT,3.2081,-1.7609,0.294,90.24,-1.44,0.04,-0.0,-0.239,-0.0136,0.2368,0.454,2.261,1.103,1.057,,2.66,-1.82,2.68,-1.18
118.742,RET_WAYPOINT,3.194,-1.7609,0.327,90.32,-1.58,0.12,-0.0,-0.2606,-0.0118,0.2895,0.451,2.255,1.068,1.066,,2.66,-1.82,2.68,-1.18
118.789,RET_WAYPOINT,3.1802,-1.7619,0.362,90.41,-1.42,0.23,-0.0,-0.2733,-0.0141,0.3002,0.451,2.255,1.068,1.066,,2.66,-1.82,2.68,-1.18
118.868,RET_WAYPOINT,3.1638,-1.7632,0.406,90.56,-1.33,0.29,-0.0,-0.2939,-0.0176,0.3263,0.45,2.237,1.037,1.075,,2.66,-1.82,2.68,-1.18
118.907,RET_WAYPOINT,3.1469,-1.7644,0.441,90.72,-1.01,0.32,-0.0,-0.3194,-0.0211,0.3243,0.45,2.237,1.037,1.075,,2.66,-1.82,2.68,-1.18
118.961,RET_WAYPOINT,3.1271,-1.7657,0.471,90.86,-0.86,0.44,-0.0,-0.3335,-0.0241,0.3226,0.452,,0.993,1.075,,2.66,-1.82,2.68,-1.18
119.001,RET_WAYPOINT,3.1077,-1.7669,0.488,91.0,-0.52,0.48,-0.0,-0.3428,-0.0272,0.252,0.452,,0.993,1.075,,2.66,-1.82,2.68,-1.18
119.048,RET_WAYPOINT,3.0875,-1.7682,0.477,91.07,-0.19,0.43,-0.0,-0.3503,-0.0288,0.1823,0.45,,0.947,1.052,,2.66,-1.82,2.68,-1.18
119.089,RET_WAYPOINT,3.0679,-1.7691,0.454,91.09,0.14,0.34,-0.0,-0.3582,-0.0303,0.0238,0.45,,0.947,1.052,,2.66,-1.82,2.68,-1.18
119.146,RET_WAYPOINT,3.0474,-1.7706,0.435,91.18,0.42,0.22,-0.0,-0.3639,-0.0306,-0.1201,0.454,,0.908,,,2.66,-1.82,2.68,-1.18
119.209,RET_WAYPOINT,3.027,-1.7721,0.404,91.21,0.72,0.22,-0.0,-0.3716,-0.0315,-0.2047,0.454,,0.908,,,2.66,-1.82,2.68,-1.18
119.249,RET_WAYPOINT,3.0042,-1.773,0.381,91.22,1.08,0.4,-0.0,-0.3756,-0.0302,-0.2979,0.467,,0.868,,,2.66,-1.82,2.68,-1.18
119.289,RET_WAYPOINT,2.9785,-1.7731,0.353,91.27,1.05,0.62,-0.0,-0.3766,-0.033,-0.3183,0.467,,0.868,,,2.66,-1.82,2.68,-1.18
119.348,RET_WAYPOINT,2.9556,-1.773,0.338,91.38,1.27,0.61,-0.0,-0.3776,-0.0341,-0.3576,0.51,0.742,0.825,,,2.66,-1.82,2.68,-1.18
119.397,RET_WAYPOINT,2.9332,-1.7742,0.313,91.46,1.42,0.71,-0.0,-0.375,-0.0384,-0.309,0.51,0.742,0.825,,,2.66,-1.82,2.68,-1.18
119.446,RET_WAYPOINT,2.9094,-1.7753,0.302,91.57,1.64,0.85,-0.0,-0.3805,-0.0415,-0.3197,,0.684,0.791,,,2.66,-1.82,2.68,-1.18
119.487,RET_WAYPOINT,2.8898,-1.7748,0.289,91.63,1.73,0.8,-0.0,-0.3673,-0.0433,-0.249,,0.684,0.791,,,2.66,-1.82,2.68,-1.18
119.567,RET_WAYPOINT,2.8706,-1.7748,0.279,91.77,1.74,0.85,-0.0,-0.3488,-0.0442,-0.2226,,0.666,0.754,,,2.66,-1.82,2.68,-1.18
119.611,RET_WAYPOINT,2.8491,-1.7756,0.27,91.92,1.49,0.75,-0.0,-0.3394,-0.0463,-0.1719,,0.666,0.754,,,2.66,-1.82,2.68,-1.18
119.656,RET_WAYPOINT,2.834,-1.7773,0.266,91.98,1.13,0.62,-0.0,-0.3229,-0.0517,-0.1403,,0.65,0.723,,,2.66,-1.82,2.68,-1.18
119.715,RET_WAYPOINT,2.8159,-1.7786,0.26,91.98,0.83,0.61,-0.0,-0.312,-0.0528,-0.0972,,0.65,0.723,,,2.66,-1.82,2.68,-1.18
119.746,RET_WAYPOINT,2.8015,-1.7818,0.259,91.99,0.65,0.7,-0.0,-0.3137,-0.0599,-0.0702,,0.644,0.693,,,2.66,-1.82,2.68,-1.18
119.794,RET_WAYPOINT,2.7864,-1.7849,0.26,92.0,0.38,0.67,-0.0,-0.3066,-0.0677,-0.0392,,0.644,0.693,,,2.66,-1.82,2.68,-1.18
119.851,RET_WAYPOINT,2.7708,-1.7882,0.256,92.03,0.26,0.67,-0.0,-0.2997,-0.0707,-0.0082,,0.644,0.665,,,2.66,-1.82,2.68,-1.18
119.914,RET_WAYPOINT,2.7546,-1.7922,0.261,92.09,0.18,0.81,-0.0,-0.2997,-0.0771,-0.0071,,0.644,0.665,,,2.66,-1.82,2.68,-1.18
119.95,RET_WAYPOINT,2.7397,-1.7956,0.266,92.03,-0.0,0.78,-0.0,-0.2946,-0.0828,0.0188,,0.636,0.636,,,2.66,-1.82,2.68,-1.18
120.0,RET_WAYPOINT,2.7258,-1.7996,0.265,91.95,-0.09,0.59,-0.0,-0.3062,-0.0893,0.0421,,0.636,0.636,,,2.66,-1.82,2.68,-1.18
120.055,RET_WAYPOINT,2.7107,-1.8049,0.262,91.84,0.02,0.73,-0.0,-0.3065,-0.0992,0.0428,,0.631,0.605,,,2.66,-1.82,2.68,-1.18
120.098,RET_WAYPOINT,2.6928,-1.8113,0.263,91.64,0.19,0.47,-0.0,-0.3039,-0.1051,0.0299,,0.631,0.605,,,2.66,-1.82,2.68,-1.18
120.161,RET_WAYPOINT,2.678,-1.8172,0.263,91.4,0.59,0.03,-0.0,-0.3,-0.1073,0.0332,,0.622,0.577,,,2.66,-1.82,2.68,-1.18
120.213,RET_WAYPOINT,2.6639,-1.8225,0.268,91.14,0.93,-0.34,-0.0,-0.289,-0.1058,0.0351,,0.622,0.577,,,2.66,-1.18,2.68,-1.18
120.247,RET_WAYPOINT,2.6496,-1.8268,0.271,90.9,1.87,-0.76,-0.0,-0.2854,-0.104,0.0454,,0.639,0.551,,,2.66,-1.18,2.68,-1.18
120.319,RET_WAYPOINT,2.6366,-1.8318,0.276,90.73,2.83,-1.92,-0.0,-0.2657,-0.0964,0.0552,,0.639,0.551,,,2.66,-1.18,2.68,-1.18
120.346,RET_WAYPOINT,2.6243,-1.8367,0.282,90.79,3.96,-4.39,-0.0,-0.2371,-0.0683,0.0603,,0.672,0.519,,,2.66,-1.18,2.68,-1.18
120.385,RET_WAYPOINT,2.6115,-1.8413,0.284,90.81,4.37,-5.81,-0.0,-0.2032,-0.0298,0.0596,,0.672,0.519,,,2.66,-1.18,2.68,-1.18
120.442,RET_WAYPOINT,2.6019,-1.8406,0.288,90.78,4.53,-6.5,-0.0,-0.1666,0.0231,0.0534,0.994,0.73,0.498,,,2.66,-1.18,2.68,-1.18
120.51,RET_WAYPOINT,2.5945,-1.8389,0.29,90.77,4.5,-6.4,-0.0,-0.1315,0.0769,0.0463,0.994,0.73,0.498,,,2.66,-1.18,2.68,-1.18
120.537,RET_WAYPOINT,2.5892,-1.832,0.289,90.7,4.26,-6.04,-0.0,-0.0943,0.1395,0.0428,0.981,0.799,0.486,,,2.66,-1.18,2.68,-1.18
120.608,RET_WAYPOINT,2.5843,-1.823,0.293,90.64,3.84,-5.36,-0.0,-0.0602,0.1881,0.0266,0.981,0.799,0.486,,,2.66,-1.18,2.68,-1.18
120.651,RET_WAYPOINT,2.581,-1.8097,0.29,90.48,3.19,-4.5,-0.0,-0.0308,0.2346,0.0292,0.958,0.848,0.475,,,2.66,-1.18,2.68,-1.18
120.7,RET_WAYPOINT,2.5772,-1.7956,0.295,90.25,2.59,-3.47,-0.0,-0.0088,0.2689,0.0192,0.958,0.848,0.475,,,2.66,-1.18,2.68,-1.18
120.756,RET_WAYPOINT,2.5759,-1.7815,0.292,90.05,2.0,-2.54,-0.0,0.0096,0.2937,0.023,0.925,0.9,0.48,,,2.66,-1.18,2.68,-1.18
120.815,RET_WAYPOINT,2.5762,-1.7681,0.295,89.82,1.49,-1.59,-0.0,0.0213,0.3136,0.0135,0.925,0.9,0.48,,,2.66,-1.18,2.68,-1.18
120.863,RET_WAYPOINT,2.5767,-1.7539,0.295,89.44,1.02,-0.82,-0.0,0.0288,0.3207,0.0189,0.897,0.958,0.479,,,2.66,-1.18,2.68,-1.18
120.912,RET_WAYPOINT,2.5766,-1.7393,0.299,88.94,0.7,-0.18,-0.0,0.033,0.3209,0.021,0.897,0.958,0.479,,,2.66,-1.18,2.68,-1.18
120.936,RET_WAYPOINT,2.5748,-1.7196,0.301,88.34,0.54,0.2,-0.0,0.0329,0.3222,0.0213,0.872,1.021,0.472,,,2.66,-1.18,2.68,-1.18
121.0,RET_WAYPOINT,2.5728,-1.7049,0.301,87.88,0.46,0.52,-0.0,0.0274,0.3165,0.0226,0.872,1.021,0.472,,,2.66,-1.18,2.68,-1.18
121.06,RET_WAYPOINT,2.5711,-1.691,0.303,87.47,0.34,0.7,-0.0,0.025,0.3058,0.0155,0.85,1.077,0.47,,,2.66,-1.18,2.68,-1.18
121.094,RET_WAYPOINT,2.5692,-1.6763,0.3,87.17,0.43,0.72,-0.0,0.0181,0.302,0.0162,0.85,1.077,0.47,,,2.66,-1.18,2.68,-1.18
121.163,RET_WAYPOINT,2.5672,-1.6635,0.299,86.99,0.6,0.61,-0.0,0.0144,0.2891,0.005,,1.133,0.475,,,2.66,-1.18,2.68,-1.18
121.2,RET_WAYPOINT,2.5637,-1.6482,0.301,86.95,0.66,0.32,-0.0,0.0112,0.2805,0.0003,,1.133,0.475,,,2.66,-1.18,2.68,-1.18
121.235,RET_WAYPOINT,2.5624,-1.6369,0.302,86.95,0.85,0.16,-0.0,0.0102,0.2715,0.0022,0.809,1.176,0.48,,,2.66,-1.18,2.68,-1.18
121.328,RET_WAYPOINT,2.5607,-1.6244,0.3,86.97,0.93,-0.04,-0.0,0.0101,0.2691,0.0032,0.809,1.176,0.48,,,2.66,-1.18,2.68,-1.18
121.35,RET_WAYPOINT,2.5589,-1.6125,0.304,87.12,1.12,-0.27,-0.0,0.0136,0.2692,-0.0028,,1.207,0.479,,,2.66,-1.18,2.68,-1.18
121.418,RET_WAYPOINT,2.5575,-1.5996,0.304,87.26,1.13,-0.43,-0.0,0.0182,0.2691,0.0033,,1.207,0.479,,,2.66,-1.18,2.68,-1.18
121.448,RET_WAYPOINT,2.5563,-1.5882,0.304,87.42,1.22,-0.51,-0.0,0.0207,0.2704,0.0027,,1.226,0.472,,,2.66,-1.18,2.68,-1.18
121.489,RET_WAYPOINT,2.5562,-1.5727,0.304,87.67,1.21,-0.66,-0.0,0.0276,0.2768,-0.003,,1.226,0.472,,,2.66,-1.18,2.68,-1.18
121.548,RET_WAYPOINT,2.5559,-1.5583,0.303,87.88,1.11,-0.67,-0.0,0.0328,0.2793,-0.0036,0.719,1.24,0.463,,,2.66,-1.18,2.68,-1.18
121.592,RET_WAYPOINT,2.5561,-1.5438,0.303,88.11,1.15,-0.45,-0.0,0.0377,0.2871,-0.0071,0.719,1.24,0.463,,,2.66,-1.18,2.68,-1.18
121.652,RET_WAYPOINT,2.556,-1.5296,0.298,88.31,1.12,-0.21,-0.0,0.0418,0.294,-0.0071,0.685,1.252,0.461,,,2.66,-1.18,2.68,-1.18
121.712,RET_WAYPOINT,2.5562,-1.5154,0.301,88.53,1.03,-0.07,-0.0,0.0467,0.2942,-0.018,0.685,1.252,0.461,,,2.66,-1.18,2.68,-1.18
121.749,RET_WAYPOINT,2.5578,-1.5004,0.303,88.73,1.02,0.02,-0.0,0.0514,0.2926,-0.0108,0.659,1.265,0.462,,,2.66,-1.18,2.68,-1.18
121.809,RET_WAYPOINT,2.5584,-1.4866,0.303,88.85,0.91,0.06,-0.0,0.0555,0.2885,-0.0018,0.659,1.265,0.462,,,2.66,-1.18,2.68,-1.18
121.836,RET_WAYPOINT,2.5604,-1.4737,0.301,88.94,0.85,0.09,-0.0,0.0587,0.2857,-0.0022,0.636,1.273,0.467,,,2.66,-1.18,2.68,-1.18
121.904,RET_WAYPOINT,2.5619,-1.459,0.299,89.05,0.8,0.16,-0.0,0.0627,0.2877,-0.0073,0.636,1.273,0.467,,,2.66,-1.18,2.68,-1.18
121.938,RET_WAYPOINT,2.5645,-1.4458,0.299,89.09,0.67,0.18,-0.0,0.0673,0.2888,-0.0112,0.617,1.286,0.477,,,2.66,-1.18,2.68,-1.18
122.007,RET_WAYPOINT,2.5671,-1.429,0.3,89.18,0.62,0.12,-0.0,0.0685,0.2861,-0.0091,0.617,1.286,0.477,,,2.66,-1.18,2.68,-1.18
122.045,RET_WAYPOINT,2.57,-1.4145,0.3,89.23,0.53,0.06,-0.0,0.0745,0.287,-0.0064,0.595,1.305,0.485,,,2.66,-1.18,2.68,-1.18
122.12,RET_WAYPOINT,2.5732,-1.4004,0.299,89.24,0.38,0.1,-0.0,0.0744,0.2869,-0.0044,0.595,1.305,0.485,,,2.66,-1.18,2.68,-1.18
122.148,RET_WAYPOINT,2.5757,-1.3857,0.299,89.24,0.42,0.16,-0.0,0.0769,0.2875,-0.0051,0.587,1.317,0.508,,,2.66,-1.18,2.68,-1.18
122.211,RET_WAYPOINT,2.5788,-1.3728,0.299,89.19,0.38,0.21,-0.0,0.0756,0.2891,-0.0049,0.587,1.317,0.508,,,2.66,-1.18,2.68,-1.18
122.249,RET_WAYPOINT,2.5821,-1.3582,0.299,89.18,0.58,0.22,-0.0,0.0778,0.285,-0.0038,0.585,1.338,0.573,,,2.66,-1.18,2.68,-1.18
122.311,RET_WAYPOINT,2.5847,-1.3425,0.299,89.27,0.62,0.23,-0.0,0.0788,0.2833,-0.0037,0.585,1.338,0.573,,,2.66,-1.18,2.68,-1.18
122.339,RET_WAYPOINT,2.5872,-1.328,0.3,89.48,0.8,0.14,-0.0,0.0817,0.282,-0.0044,0.584,1.349,,,,2.66,-1.18,2.68,-1.18
122.409,RET_WAYPOINT,2.591,-1.3137,0.298,89.72,0.87,0.23,-0.0,0.0854,0.2787,-0.0016,0.584,1.349,,,,2.66,-1.18,2.68,-1.18
122.453,RET_WAYPOINT,2.5938,-1.3004,0.302,89.93,0.88,0.21,-0.0,0.0914,0.282,-0.0055,,1.343,,0.398,,2.66,-1.18,2.68,-1.18
122.51,RET_WAYPOINT,2.5977,-1.2867,0.301,90.13,0.89,0.1,-0.0,0.0954,0.2797,0.0037,,1.343,,0.398,,2.66,-1.18,2.68,-1.18
122.553,RET_WAYPOINT,2.6023,-1.2701,0.301,90.26,0.82,0.22,-0.0,0.1007,0.2823,0.0035,,1.338,,0.366,,2.66,-1.18,2.68,-1.18
122.602,RET_WAYPOINT,2.6067,-1.255,0.3,90.35,0.55,0.16,-0.0,0.1048,0.2843,0.0033,,1.338,,0.366,,2.66,-1.18,2.68,-1.18
122.663,RET_WAYPOINT,2.6097,-1.2401,0.302,90.39,0.51,0.13,-0.0,0.1051,0.2833,0.0009,,1.347,,0.35,,2.66,-1.18,2.68,-1.18
122.712,RET_WAYPOINT,2.6138,-1.2242,0.299,90.26,0.44,0.14,-0.0,0.109,0.2926,0.0051,,1.347,,0.35,,2.66,-1.18,2.68,-1.18
122.737,RET_WAYPOINT,2.619,-1.2093,0.299,90.04,0.49,0.33,-0.0,0.1063,0.2958,-0.0017,,1.374,,0.348,,2.66,-1.18,2.68,-1.18
122.799,RET_WAYPOINT,2.6233,-1.1933,0.298,89.74,0.54,0.84,-0.0,0.1077,0.2914,-0.0041,,1.374,,0.348,,2.66,-1.18,2.68,-1.18
122.855,RET_WAYPOINT,2.6266,-1.1758,0.299,89.39,0.66,1.43,-0.0,0.1067,0.2832,-0.0042,,1.418,,0.351,,2.66,-1.18,2.68,-1.18
122.899,RET_WAYPOINT,2.6297,-1.1618,0.299,88.94,0.68,2.19,-0.0,0.1076,0.2735,-0.0035,,1.418,,0.351,,2.66,-1.18,2.68,-1.18
122.939,RET_WAYPOINT,2.633,-1.147,0.3,88.52,0.79,3.22,-0.0,0.1069,0.2538,-0.0038,,1.453,1.082,0.341,,2.66,-1.18,2.68,-1.18
123.002,RET_WAYPOINT,2.6358,-1.1353,0.3,88.18,0.63,4.09,-0.0,0.1066,0.2268,0.0002,,1.453,1.082,0.341,,2.66,-1.18,2.68,-1.18
123.046,RET_WAYPOINT,2.6402,-1.1248,0.299,87.87,0.57,4.61,-0.0,0.1095,0.1905,-0.0013,,1.472,1.068,0.332,,2.66,-1.18,2.68,-1.18
123.091,RET_WAYPOINT,2.6442,-1.1159,0.3,87.63,0.34,5.3,-0.0,0.1047,0.1505,-0.0039,,1.472,1.068,0.332,,2.66,-1.18,2.68,-1.18
123.156,RET_WAYPOINT,2.6488,-1.1074,0.298,87.53,0.2,5.54,-0.0,0.103,0.1072,-0.0024,,1.474,1.071,0.327,,2.66,-1.18,2.68,-1.18
123.215,RET_WAYPOINT,2.6527,-1.1035,0.297,87.46,0.03,5.59,-0.0,0.0991,0.0603,-0.0077,,1.474,1.071,0.327,,2.66,-1.18,2.68,-1.18
123.236,RET_WAYPOINT,2.656,-1.1008,0.297,87.43,-0.19,5.57,-0.0,0.0937,0.0155,-0.0098,,1.477,1.083,0.319,,2.66,-1.18,2.68,-1.18
123.315,RET_WAYPOINT,2.661,-1.1014,0.3,87.37,-0.32,5.57,-0.0,0.0913,-0.0317,-0.0073,,1.477,1.083,0.319,,2.66,-1.18,2.68,-1.18
123.336,RET_WAYPOINT,2.6656,-1.102,0.299,87.33,-0.48,5.22,-0.0,0.0845,-0.0763,-0.0024,,1.485,1.088,0.314,,2.66,-1.18,2.68,-1.18
123.393,RET_WAYPOINT,2.6679,-1.1084,0.299,87.39,-0.74,4.76,-0.0,0.0741,-0.1199,-0.0004,,1.485,1.088,0.314,,2.66,-1.18,2.68,-1.18
123.451,RET_WAYPOINT,2.6705,-1.1149,0.301,87.45,-1.08,4.13,-0.0,0.0616,-0.1575,-0.001,,1.473,1.098,0.311,,2.66,-1.18,2.68,-1.18
123.492,RET_WAYPOINT,2.6718,-1.1231,0.299,87.52,-1.46,3.3,-0.0,0.0451,-0.1842,0.0053,,1.473,1.098,0.311,,2.66,-1.18,2.68,-1.18
123.565,RET_WAYPOINT,2.6726,-1.1309,0.299,87.5,-1.52,2.43,-0.0,0.0293,-0.2069,0.0007,,1.477,1.097,0.311,,2.66,-1.18,2.68,-1.18
123.591,RET_WAYPOINT,2.6719,-1.1398,0.296,87.54,-1.35,1.53,-0.0,0.0114,-0.2189,-0.0054,,1.477,1.097,0.311,,2.66,-1.18,2.68,-1.18
123.648,RET_WAYPOINT,2.6713,-1.1508,0.296,87.48,-1.29,0.72,-0.0,-0.0014,-0.2226,-0.0085,,1.484,1.102,0.31,,2.66,-1.18,2.68,-1.18
123.7,RET_WAYPOINT,2.6698,-1.1597,0.296,87.52,-1.05,-0.02,-0.0,-0.0159,-0.2208,-0.0065,,1.484,1.102,0.31,,2.66,-1.18,2.68,-1.18
123.755,ROTATION_SCAN,2.6681,-1.168,0.297,87.62,-0.96,-0.68,-0.0,-0.0274,-0.21,-0.0046,,1.496,1.101,0.316,,,,2.68,-1.18
123.8,ROTATION_SCAN,2.6657,-1.1763,0.296,87.78,-0.6,-1.5,15.0,-0.0353,-0.1973,0.0026,,1.496,1.101,0.316,,,,2.68,-1.18
123.85,ROTATION_SCAN,2.6636,-1.1817,0.297,87.97,-0.39,-2.28,15.0,-0.0407,-0.1736,0.001,,1.482,1.099,0.321,,,,2.68,-1.18
123.923,ROTATION_SCAN,2.6611,-1.1877,0.299,88.37,0.14,-2.98,15.0,-0.0418,-0.1429,0.0038,,1.482,1.099,0.321,,,,2.68,-1.18
123.938,ROTATION_SCAN,2.6592,-1.1922,0.299,88.83,0.19,-3.23,15.0,-0.0392,-0.1113,0.0113,,1.461,1.101,0.324,,,,2.68,-1.18
124.003,ROTATION_SCAN,2.6568,-1.1953,0.298,89.42,0.43,-3.26,15.0,-0.0392,-0.0779,0.0069,,1.461,1.101,0.324,,,,2.68,-1.18
124.064,ROTATION_SCAN,2.6543,-1.1957,0.299,90.05,0.67,-3.03,15.0,-0.0348,-0.0453,0.0013,,1.425,1.121,0.328,,,,2.68,-1.18
124.098,ROTATION_SCAN,2.6509,-1.1929,0.3,90.73,0.92,-2.6,15.0,-0.0312,-0.0066,0.0016,,1.425,1.121,0.328,,,,2.68,-1.18
124.165,ROTATION_SCAN,2.6507,-1.1892,0.3,91.51,1.09,-2.1,15.0,-0.0213,0.022,0.0053,,1.392,1.135,0.327,,,,2.68,-1.18
124.242,ROTATION_SCAN,2.6514,-1.1836,0.302,92.33,1.14,-1.61,15.0,-0.0097,0.045,-0.0008,,1.392,1.135,0.327,,,,2.68,-1.18
124.264,ROTATION_SCAN,2.6517,-1.1784,0.298,93.11,0.99,-1.03,15.0,0.0034,0.0642,0.0032,,1.35,1.147,0.325,,,,2.68,-1.18
124.297,ROTATION_SCAN,2.6535,-1.1729,0.298,93.94,0.94,-0.45,15.0,0.0115,0.0772,-0.0082,,1.35,1.147,0.325,,,,2.68,-1.18
124.347,ROTATION_SCAN,2.6551,-1.1679,0.301,94.77,0.78,0.14,15.0,0.0246,0.0854,-0.0065,,1.322,1.186,0.323,,,,2.68,-1.18
124.441,ROTATION_SCAN,2.6575,-1.1624,0.299,95.54,0.59,0.65,15.0,0.0311,0.085,0.0046,,1.322,1.186,0.323,,,,2.68,-1.18
124.46,ROTATION_SCAN,2.6598,-1.1565,0.301,96.36,0.31,1.1,15.0,0.0376,0.0818,-0.0,,1.305,,0.319,,,,2.68,-1.18
124.516,ROTATION_SCAN,2.6647,-1.1516,0.299,97.23,0.07,1.28,15.0,0.046,0.0748,0.0027,,1.305,,0.319,,,,2.68,-1.18
124.549,ROTATION_SCAN,2.6665,-1.1475,0.299,98.0,-0.18,1.4,15.0,0.0457,0.0648,0.0002,0.666,1.294,,0.316,,,,2.68,-1.18
124.61,ROTATION_SCAN,2.6699,-1.1435,0.302,98.86,-0.25,1.56,15.0,0.0495,0.0569,-0.002,0.666,1.294,,0.316,,,,2.68,-1.18
124.634,ROTATION_SCAN,2.6739,-1.1397,0.302,99.74,-0.47,1.48,15.0,0.0548,0.0479,0.0056,0.613,1.264,,0.309,,,,2.68,-1.18
124.69,ROTATION_SCAN,2.6785,-1.1361,0.304,100.68,-0.9,1.42,15.0,0.0542,0.0354,0.0051,0.613,1.264,,0.309,,,,2.68,-1.18
124.754,ROTATION_SCAN,2.6827,-1.1347,0.304,101.65,-1.11,1.34,15.0,0.0511,0.0227,0.009,0.576,1.206,,0.303,,,,2.68,-1.18
124.795,ROTATION_SCAN,2.6847,-1.1336,0.304,102.61,-1.35,1.33,15.0,0.0427,0.0101,0.0039,0.576,1.206,,0.303,,,,2.68,-1.18
124.868,ROTATION_SCAN,2.6884,-1.1333,0.304,103.59,-1.43,1.16,15.0,0.0378,-0.0026,0.0011,0.541,,,0.299,,,,2.68,-1.18
124.895,ROTATION_SCAN,2.6912,-1.133,0.302,104.48,-1.54,1.05,15.0,0.0306,-0.0132,0.0024,0.541,,,0.299,,,,2.68,-1.18
124.943,ROTATION_SCAN,2.6921,-1.1339,0.303,105.31,-1.57,0.94,15.0,0.0187,-0.0249,-0.0024,0.51,0.975,,0.299,,,,2.68,-1.18
125.0,ROTATION_SCAN,2.6921,-1.1348,0.303,106.14,-1.52,0.71,15.0,0.0063,-0.0343,-0.0008,0.51,0.975,,0.299,,,,2.68,-1.18
125.046,ROTATION_SCAN,2.69,-1.1359,0.299,107.02,-1.33,0.51,15.0,-0.0088,-0.0409,-0.0016,0.485,0.912,,0.304,,,,2.68,-1.18
125.104,ROTATION_SCAN,2.6903,-1.1435,0.3,107.9,-1.11,0.37,15.0,-0.0154,-0.0581,-0.0088,0.485,0.912,,0.304,,,,2.68,-1.18
125.15,ROTATION_SCAN,2.6872,-1.1446,0.301,108.77,-0.83,0.03,15.0,-0.0274,-0.0605,-0.0063,0.45,0.871,,0.311,,,,2.68,-1.18
125.189,ROTATION_SCAN,2.6854,-1.1462,0.298,109.62,-0.38,-0.16,15.0,-0.0369,-0.0577,0.0014,0.45,0.871,,0.311,,,,2.68,-1.18
125.233,ROTATION_SCAN,2.6826,-1.1468,0.299,110.37,-0.05,-0.25,15.0,-0.0385,-0.0521,-0.0072,0.416,0.85,,0.316,,,,2.68,-1.18
125.29,ROTATION_SCAN,2.6799,-1.1475,0.3,111.09,0.11,-0.4,15.0,-0.0414,-0.0455,0.0046,0.416,0.85,,0.316,,,,2.68,-1.18
125.349,ROTATION_SCAN,2.6769,-1.148,0.303,111.71,0.28,-0.43,15.0,-0.0436,-0.0358,0.005,0.379,0.841,0.717,0.319,,,,2.68,-1.18
125.384,ROTATION_SCAN,2.6752,-1.1474,0.302,112.3,0.57,-0.25,15.0,-0.0405,-0.0282,0.0107,0.379,0.841,0.717,0.319,,,,2.68,-1.18
125.451,ROTATION_SCAN,2.6729,-1.1472,0.301,112.89,0.72,-0.04,15.0,-0.037,-0.0215,0.0066,0.356,0.833,0.702,0.329,,,,2.68,-1.18
125.493,ROTATION_SCAN,2.6708,-1.144,0.3,113.54,0.77,-0.02,15.0,-0.0323,-0.0078,0.0048,0.356,0.833,0.702,0.329,,,,2.68,-1.18
125.568,ROTATION_SCAN,2.6696,-1.1396,0.303,114.17,0.7,0.13,15.0,-0.0261,0.0038,0.0022,0.336,0.842,0.69,0.333,,,,2.68,-1.18
125.594,ROTATION_SCAN,2.6686,-1.1384,0.303,114.81,0.74,0.35,15.0,-0.021,0.0103,0.0082,0.336,0.842,0.69,0.333,,,,2.68,-1.18
125.638,ROTATION_SCAN,2.6686,-1.1355,0.305,115.54,0.52,0.51,15.0,-0.009,0.0116,0.0084,0.323,0.848,0.679,0.339,,,,2.68,-1.18
125.698,ROTATION_SCAN,2.6692,-1.1316,0.302,116.29,0.36,0.47,15.0,-0.0028,0.0161,0.0101,0.323,0.848,0.679,0.339,,,,2.68,-1.18
125.745,ROTATION_SCAN,2.6703,-1.1296,0.304,117.04,-0.04,0.66,15.0,0.0011,0.0182,0.0043,0.314,0.859,0.674,0.343,,,,2.68,-1.18
125.791,ROTATION_SCAN,2.6714,-1.1276,0.303,117.83,-0.22,0.76,15.0,0.0075,0.0132,0.007,0.314,0.859,0.674,0.343,,,,2.68,-1.18
125.833,ROTATION_SCAN,2.6752,-1.1231,0.302,118.69,-0.36,0.82,15.0,0.0144,0.0162,0.0039,0.305,0.877,0.67,0.343,,,,2.68,-1.18
125.886,ROTATION_SCAN,2.6761,-1.1217,0.304,119.51,-0.53,0.79,15.0,0.016,0.0093,-0.001,0.305,0.877,0.67,0.343,,,,2.68,-1.18
125.947,ROTATION_SCAN,2.6781,-1.1205,0.306,120.43,-0.56,0.75,15.0,0.0179,0.0032,0.0016,0.301,0.9,0.667,0.345,,,,2.68,-1.18
125.993,ROTATION_SCAN,2.6773,-1.1194,0.303,121.36,-0.64,0.83,15.0,0.0134,-0.0027,0.003,0.301,0.9,0.667,0.345,,,,2.68,-1.18
126.067,ROTATION_SCAN,2.6789,-1.1194,0.307,122.26,-0.77,0.84,15.0,0.0139,-0.0108,-0.0052,0.296,0.938,0.664,0.345,,,,2.68,-1.18
126.094,ROTATION_SCAN,2.678,-1.1206,0.305,123.11,-0.89,0.93,15.0,0.0087,-0.022,0.0023,0.296,0.938,0.664,0.345,,,,2.68,-1.18
126.138,ROTATION_SCAN,2.6791,-1.1226,0.305,123.87,-0.83,0.89,15.0,0.005,-0.0512,-0.0054,0.296,0.994,0.669,0.353,,,,2.68,-1.18
126.204,ROTATION_SCAN,2.6761,-1.1292,0.302,124.62,-0.87,0.75,15.0,-0.0002,-0.0535,-0.0063,0.296,0.994,0.669,0.353,,,,2.68,-1.18
126.241,ROTATION_SCAN,2.6755,-1.136,0.303,125.46,-0.72,0.43,15.0,-0.0037,-0.0698,-0.0125,0.3,1.018,0.67,0.353,,,,2.68,-1.18
126.311,ROTATION_SCAN,2.6751,-1.14,0.305,126.38,-0.36,0.25,15.0,-0.0083,-0.0769,-0.0101,0.3,1.018,0.67,0.353,,,,2.68,-1.18
126.364,ROTATION_SCAN,2.6727,-1.1414,0.304,127.31,-0.12,0.03,15.0,-0.0113,-0.0755,-0.0027,0.31,,0.674,0.362,,,,2.68,-1.18
126.4,ROTATION_SCAN,2.6691,-1.1434,0.305,128.23,0.25,-0.23,15.0,-0.0188,-0.0667,-0.0067,0.31,,0.674,0.362,,,,2.68,-1.18
126.44,ROTATION_SCAN,2.6657,-1.1427,0.303,129.13,0.39,-0.34,15.0,-0.0229,-0.0571,-0.0006,0.319,1.032,0.688,0.368,,,,2.68,-1.18
126.506,ROTATION_SCAN,2.6642,-1.1429,0.301,130.0,0.55,-0.21,15.0,-0.0222,-0.0481,-0.0043,0.319,1.032,0.688,0.368,,,,2.68,-1.18
126.535,ROTATION_SCAN,2.662,-1.1435,0.299,130.94,0.71,0.08,15.0,-0.0211,-0.0405,-0.0099,0.324,,0.698,0.38,,,,2.68,-1.18
126.609,ROTATION_SCAN,2.6589,-1.1422,0.303,131.83,0.79,0.36,15.0,-0.023,-0.0249,-0.0124,0.324,,0.698,0.38,,,,2.68,-1.18
126.649,ROTATION_SCAN,2.6556,-1.1374,0.302,132.77,0.79,0.46,15.0,-0.0169,-0.0127,-0.0038,0.329,1.035,0.715,0.394,,,,2.68,-1.18
126.698,ROTATION_SCAN,2.6548,-1.1349,0.302,133.72,0.66,0.68,15.0,-0.0109,-0.0055,-0.0047,0.329,1.035,0.715,0.394,,,,2.68,-1.18
126.752,ROTATION_SCAN,2.6538,-1.1314,0.299,134.63,0.54,0.69,15.0,-0.0025,-0.0025,-0.0045,0.326,1.031,0.732,,,,,2.68,-1.18
126.795,ROTATION_SCAN,2.6533,-1.128,0.298,135.5,0.13,0.89,15.0,0.0042,0.0098,-0.0096,0.326,1.031,0.732,,,,,2.68,-1.18
126.86,ROTATION_SCAN,2.6548,-1.1242,0.299,136.44,-0.04,1.02,15.0,0.0119,0.0091,-0.009,0.33,,0.753,,,,,2.68,-1.18
126.918,ROTATION_SCAN,2.6557,-1.1221,0.3,137.29,-0.16,1.04,15.0,0.0155,0.0086,-0.006,0.33,,0.753,,,,,2.68,-1.18
126.939,ROTATION_SCAN,2.6562,-1.1193,0.299,138.09,-0.36,1.17,15.0,0.0219,0.0034,-0.0026,0.337,,0.77,,,,,2.68,-1.18
127.007,ROTATION_SCAN,2.6571,-1.1171,0.299,138.87,-0.48,1.21,15.0,0.0267,-0.0011,-0.0011,0.337,,0.77,,,,,2.68,-1.18
127.036,ROTATION_SCAN,2.659,-1.1168,0.299,139.57,-0.64,1.16,15.0,0.0322,-0.01,0.0006,0.342,,0.79,,,,,2.68,-1.18
127.102,ROTATION_SCAN,2.6598,-1.1166,0.298,140.2,-0.76,1.16,15.0,0.0336,-0.0168,0.0043,0.342,,0.79,,,,,2.68,-1.18
127.14,ROTATION_SCAN,2.6617,-1.117,0.296,140.78,-0.89,0.98,15.0,0.0373,-0.0284,0.0038,0.352,,0.803,,,,,2.68,-1.18
127.209,ROTATION_SCAN,2.6612,-1.119,0.299,141.32,-0.87,0.84,15.0,0.033,-0.0398,-0.0021,0.352,,0.803,,,,,2.68,-1.18
127.238,ROTATION_SCAN,2.6648,-1.1221,0.302,141.85,-0.75,0.74,15.0,0.0368,-0.0511,0.0059,0.378,,0.814,,,,,2.68,-1.18
127.299,ROTATION_SCAN,2.6666,-1.1263,0.302,142.43,-0.72,0.73,15.0,0.0388,-0.0618,0.015,0.378,,0.814,,,,,2.68,-1.18
127.351,ROTATION_SCAN,2.6654,-1.1283,0.303,143.1,-0.66,0.25,15.0,0.0309,-0.0681,0.0155,0.431,,0.83,,,,,2.68,-1.18
127.42,ROTATION_SCAN,2.6645,-1.1308,0.306,143.84,-0.5,0.08,15.0,0.0259,-0.0718,0.011,0.431,,0.83,,,,,2.68,-1.18
127.5,ROTATION_SCAN,2.6619,-1.1346,0.306,144.57,-0.24,-0.06,15.0,0.0139,-0.0739,0.0138,,,0.854,,,,,2.68,-1.18
127.533,ROTATION_SCAN,2.66,-1.1367,0.304,145.27,-0.01,-0.02,15.0,0.0084,-0.0696,0.0103,,,0.854,,,,,2.68,-1.18
127.572,ROTATION_SCAN,2.6584,-1.1387,0.304,146.04,0.21,0.04,15.0,0.0024,-0.0669,0.0014,1.251,,0.875,,,,,2.68,-1.18
127.602,ROTATION_SCAN,2.656,-1.1408,0.299,146.78,0.33,0.18,15.0,-0.0016,-0.0621,-0.0004,1.251,,0.875,,,,,2.68,-1.18
127.662,ROTATION_SCAN,2.6539,-1.1432,0.304,147.55,0.42,0.32,15.0,-0.0046,-0.0572,-0.0154,1.263,,0.903,,,,,2.68,-1.18
127.684,ROTATION_SCAN,2.6513,-1.145,0.304,148.31,0.45,0.26,15.0,-0.0049,-0.0554,0.0003,1.263,,0.903,,,,,2.68,-1.18
127.742,ROTATION_SCAN,2.6484,-1.1463,0.305,149.15,0.42,0.24,15.0,-0.0074,-0.0499,0.0018,1.277,,0.926,,,,,2.68,-1.18
127.783,ROTATION_SCAN,2.6447,-1.1483,0.3,150.02,0.59,0.29,15.0,-0.0115,-0.0462,0.0048,1.277,,0.926,,,,,2.68,-1.18
127.854,ROTATION_SCAN,2.6432,-1.1487,0.304,150.91,0.66,0.33,15.0,-0.0101,-0.037,-0.0075,1.291,,0.95,,,,,2.68,-1.18
127.908,ROTATION_SCAN,2.641,-1.1486,0.302,151.78,0.63,0.32,15.0,-0.008,-0.031,0.0058,1.291,,0.95,,,,,2.68,-1.18
127.951,ROTATION_SCAN,2.6364,-1.1448,0.304,152.56,0.6,0.44,15.0,-0.0183,-0.0117,0.0007,1.304,,0.981,,,,,2.68,-1.18
127.992,ROTATION_SCAN,2.6349,-1.1403,0.306,153.11,0.68,0.9,15.0,-0.0089,0.0013,0.005,1.304,,0.981,,,,,2.68,-1.18
128.065,ROTATION_SCAN,2.6323,-1.1376,0.308,153.53,0.44,0.99,15.0,-0.0056,0.0099,0.0075,1.321,,0.999,,,,,2.68,-1.18
128.095,ROTATION_SCAN,2.6317,-1.132,0.306,153.82,0.25,1.25,15.0,0.0039,0.0157,0.0063,1.321,,0.999,,,,,2.68,-1.18
128.155,ROTATION_SCAN,2.6298,-1.1297,0.302,154.05,0.09,1.53,15.0,0.0112,0.0169,0.0019,1.33,0.42,1.018,,,,,2.68,-1.18
128.207,ROTATION_SCAN,2.6292,-1.1265,0.303,154.28,-0.05,1.68,15.0,0.0195,0.0184,-0.0135,1.33,0.42,1.018,,,,,2.68,-1.18
128.262,ROTATION_SCAN,2.629,-1.1238,0.307,154.58,-0.35,1.69,15.0,0.0286,0.0129,-0.009,1.335,0.411,1.016,,,,,2.68,-1.18
128.286,ROTATION_SCAN,2.6321,-1.1205,0.304,154.89,-0.72,1.84,15.0,0.0434,0.0114,0.0059,1.335,0.411,1.016,,,,,2.68,-1.18
128.346,ROTATION_SCAN,2.6338,-1.1176,0.304,155.3,-0.99,1.77,15.0,0.0528,0.0028,-0.0033,1.347,0.399,1.038,,,,,2.68,-1.18
128.395,ROTATION_SCAN,2.6363,-1.1186,0.304,155.78,-1.14,1.68,15.0,0.0619,-0.0134,-0.0055,1.347,0.399,1.038,,,,,2.68,-1.18
128.439,ROTATION_SCAN,2.6396,-1.1205,0.303,156.33,-1.1,1.45,15.0,0.0687,-0.0296,-0.0048,1.38,0.385,1.065,,,,,2.68,-1.18
128.509,ROTATION_SCAN,2.6427,-1.1243,0.304,157.02,-1.22,0.95,15.0,0.0765,-0.0519,-0.0072,1.38,0.385,1.065,,,,,2.68,-1.18
128.536,ROTATION_SCAN,2.649,-1.131,0.304,157.8,-1.31,0.63,15.0,0.0832,-0.0692,-0.0063,1.433,0.372,1.105,,,,,2.68,-1.18
128.611,ROTATION_SCAN,2.6517,-1.137,0.302,158.7,-1.19,0.24,15.0,0.0785,-0.0861,-0.0063,1.433,0.372,1.105,,,,,2.68,-1.18
128.649,ROTATION_SCAN,2.6532,-1.1463,0.304,159.69,-0.68,-0.06,15.0,0.0676,-0.1034,-0.0098,1.495,0.363,,,,,,2.68,-1.18
128.683,ROTATION_SCAN,2.6509,-1.1516,0.305,160.63,-0.23,-0.49,15.0,0.0524,-0.1091,-0.0022,1.495,0.363,,,,,,2.68,-1.18
128.751,ROTATION_SCAN,2.6506,-1.1572,0.299,161.51,0.1,-0.65,15.0,0.0401,-0.1085,0.002,1.558,0.357,,,,,,2.68,-1.18
128.797,ROTATION_SCAN,2.6498,-1.163,0.302,162.35,0.46,-0.64,15.0,0.0295,-0.106,-0.0153,1.558,0.357,,,,,,2.68,-1.18
128.844,ROTATION_SCAN,2.6496,-1.1684,0.3,163.13,0.8,-0.51,15.0,0.0223,-0.096,-0.007,1.551,0.354,,,,,,2.68,-1.18
128.883,ROTATION_SCAN,2.6475,-1.1736,0.302,163.87,1.3,-0.31,15.0,0.0141,-0.087,-0.0066,1.551,0.354,,,,,,2.68,-1.18
128.939,ROTATION_SCAN,2.6453,-1.1803,0.298,164.68,1.49,-0.27,15.0,0.009,-0.0844,-0.0043,1.452,0.354,,,,,,2.68,-1.18
129.006,ROTATION_SCAN,2.6441,-1.1832,0.303,165.64,1.88,-0.06,15.0,0.0042,-0.0686,-0.0091,1.452,0.354,,,,,,2.68,-1.18
129.043,ROTATION_SCAN,2.6416,-1.1864,0.299,166.64,2.0,0.15,15.0,0.0028,-0.0519,0.001,1.27,0.357,2.788,,,,,2.68,-1.18
129.109,ROTATION_SCAN,2.6393,-1.1872,0.301,167.82,2.2,0.19,15.0,0.0039,-0.0323,-0.0051,1.27,0.357,2.788,,,,,2.68,-1.18
129.151,ROTATION_SCAN,2.6376,-1.1879,0.301,169.0,2.0,0.17,15.0,0.0024,-0.0134,-0.0024,1.164,0.354,2.678,,,,,2.68,-1.18
129.196,ROTATION_SCAN,2.635,-1.1875,0.3,170.23,1.91,0.25,15.0,0.0022,0.0035,-0.0046,1.164,0.354,2.678,,,,,2.68,-1.18
129.258,ROTATION_SCAN,2.6292,-1.1854,0.302,171.44,1.68,0.34,15.0,-0.009,0.026,-0.0113,1.108,0.355,,,,,,2.68,-1.18
129.299,ROTATION_SCAN,2.6266,-1.1801,0.299,172.65,1.59,0.75,15.0,-0.0158,0.0467,-0.0084,1.108,0.355,,,,,,2.68,-1.18
129.351,ROTATION_SCAN,2.6196,-1.1751,0.301,173.77,1.4,1.11,15.0,-0.0106,0.063,-0.0117,1.078,0.358,1.798,,,,,2.68,-1.18
129.413,ROTATION_SCAN,2.6179,-1.1687,0.299,174.77,0.95,1.32,15.0,-0.0037,0.0775,-0.0035,1.078,0.358,1.798,,,,,2.68,-1.18
129.447,ROTATION_SCAN,2.6156,-1.1625,0.299,175.7,0.6,1.65,15.0,0.0032,0.0879,-0.0052,1.057,0.367,1.735,,,,,2.68,-1.18
129.488,ROTATION_SCAN,2.6137,-1.1553,0.298,176.52,0.08,2.06,15.0,0.0109,0.0988,-0.0037,1.057,0.367,1.735,,,,,2.68,-1.18
129.555,ROTATION_SCAN,2.6119,-1.1497,0.298,177.24,-0.57,2.09,15.0,0.0251,0.0973,-0.0029,1.051,0.37,1.69,,,,,2.68,-1.18
129.603,ROTATION_SCAN,2.6111,-1.1436,0.297,177.96,-0.67,2.02,15.0,0.0356,0.0907,-0.0049,1.051,0.37,1.69,,,,,2.68,-1.18
129.649,ROTATION_SCAN,2.6108,-1.1383,0.299,178.7,-1.1,1.68,15.0,0.0466,0.0849,-0.0065,1.053,0.371,1.649,,,,,2.68,-1.18
129.691,ROTATION_SCAN,2.6106,-1.134,0.293,179.57,-1.38,1.2,15.0,0.0528,0.0755,0.0008,1.053,0.371,1.649,,,,,2.68,-1.18
129.752,ROTATION_SCAN,2.6122,-1.1316,0.297,-179.56,-1.75,0.89,15.0,0.0576,0.0632,-0.0111,1.05,0.366,1.571,,,,,2.68,-1.18
129.848,ROTATION_SCAN,2.6139,-1.1272,0.297,-178.81,-1.88,0.7,15.0,0.0629,0.0478,0.0031,1.05,0.366,1.571,,,,,1.5,-0.94
129.985,RET_WAYPOINT,2.6162,-1.1254,0.295,-178.2,-1.87,0.6,-0.0,0.0647,0.0322,0.0032,1.062,0.361,1.515,,,1.74,-1.14,1.5,-0.94
130.021,RET_WAYPOINT,2.6175,-1.1261,0.293,-177.77,-1.4,-0.09,-0.0,0.0612,0.0131,-0.0019,1.062,0.361,1.515,,,1.74,-1.14,1.5,-0.94
130.041,RET_WAYPOINT,2.6192,-1.127,0.291,-177.58,-1.04,-0.47,-0.0,0.0586,-0.0028,-0.0072,1.064,0.36,1.475,,,1.74,-1.14,1.5,-0.94
130.08,RET_WAYPOINT,2.6197,-1.1286,0.293,-177.53,-0.73,-0.76,-0.0,0.0483,-0.0112,-0.0079,1.064,0.36,1.475,,,1.74,-1.14,1.5,-0.94
130.094,RET_WAYPOINT,2.6207,-1.1329,0.298,-177.59,-0.38,-0.85,-0.0,0.0341,-0.0274,-0.0043,1.069,0.357,1.476,,,1.74,-1.14,1.5,-0.94
130.116,RET_WAYPOINT,2.6192,-1.1356,0.297,-177.62,0.01,-0.64,-0.0,0.0212,-0.0335,0.0126,1.069,0.357,1.476,,,1.74,-1.14,1.5,-0.94
130.171,RET_WAYPOINT,2.6167,-1.1398,0.296,-177.58,0.33,-2.26,-0.0,0.0013,-0.0357,0.01,1.076,0.358,1.484,,,1.74,-1.14,1.5,-0.94
130.204,RET_WAYPOINT,2.6148,-1.1424,0.299,-177.49,0.6,-3.7,-0.0,-0.0225,-0.0332,0.0011,1.076,0.358,1.484,,,1.74,-1.14,1.5,-0.94
130.242,RET_WAYPOINT,2.6122,-1.1438,0.299,-177.43,0.85,-4.53,-0.0,-0.0614,-0.029,0.0039,1.077,0.365,1.495,,,1.74,-1.14,1.5,-0.94
130.301,RET_WAYPOINT,2.6059,-1.145,0.297,-177.3,0.92,-4.81,-0.0,-0.1078,-0.0233,-0.0014,1.077,0.365,1.495,,,1.74,-1.14,1.5,-0.94
130.332,RET_WAYPOINT,2.5976,-1.1462,0.294,-177.23,1.02,-4.74,-0.0,-0.1554,-0.0175,-0.0089,1.067,0.377,1.518,,,1.74,-1.14,1.5,-0.94
130.385,RET_WAYPOINT,2.5846,-1.1464,0.293,-177.21,1.13,-4.32,-0.0,-0.2011,-0.0106,-0.0169,1.067,0.377,1.518,,,1.74,-1.14,1.5,-0.94
130.449,RET_WAYPOINT,2.5715,-1.1472,0.294,-177.36,0.96,-3.93,-0.0,-0.2424,-0.0034,-0.018,1.057,0.399,1.551,,,1.74,-1.14,1.5,-0.94
130.495,RET_WAYPOINT,2.556,-1.1465,0.291,-177.57,0.87,-3.27,-0.0,-0.2796,0.005,-0.0091,1.057,0.399,1.551,,,1.74,-1.14,1.5,-0.94
130.568,RET_WAYPOINT,2.541,-1.1466,0.289,-177.91,0.66,-2.28,-0.0,-0.3141,0.0103,-0.015,1.021,0.429,1.618,0.284,,1.74,-1.14,1.5,-0.94
130.598,RET_WAYPOINT,2.5233,-1.1454,0.295,-178.25,0.44,-1.52,-0.0,-0.3344,0.0165,-0.0125,1.021,0.429,1.618,0.284,,1.74,-1.14,1.5,-0.94
130.64,RET_WAYPOINT,2.5065,-1.144,0.291,-178.51,0.35,-0.73,-0.0,-0.3457,0.0212,0.0029,0.972,0.453,1.689,0.235,,1.74,-1.14,1.5,-0.94
130.712,RET_WAYPOINT,2.4858,-1.1433,0.289,-178.84,0.2,-0.06,-0.0,-0.3543,0.0223,-0.0006,0.972,0.453,1.689,0.235,,1.74,-1.14,1.5,-0.94
130.79,RET_WAYPOINT,2.468,-1.1422,0.292,-179.21,0.01,0.32,-0.0,-0.352,0.0218,-0.0052,0.939,0.486,1.755,0.238,,1.74,-1.14,1.5,-0.94
130.846,RET_WAYPOINT,2.4507,-1.1407,0.293,-179.48,-0.12,0.84,-0.0,-0.3437,0.0231,0.01,0.939,0.486,1.755,0.238,,1.74,-1.14,1.5,-0.94
130.907,RET_WAYPOINT,2.4345,-1.1397,0.293,-179.71,-0.11,1.11,-0.0,-0.3391,0.0214,0.0125,0.895,0.518,1.808,0.24,,1.74,-1.14,1.5,-0.94
130.925,RET_WAYPOINT,2.4186,-1.1394,0.295,-179.88,-0.19,1.08,-0.0,-0.3293,0.0183,0.0137,0.895,0.518,1.808,0.24,,1.74,-1.14,1.5,-0.94
130.968,RET_WAYPOINT,2.4018,-1.139,0.298,-179.97,-0.25,0.96,-0.0,-0.3177,0.0153,0.0182,0.859,0.553,1.831,0.237,,1.74,-1.14,1.5,-0.94
131.016,RET_WAYPOINT,2.3873,-1.1392,0.295,-179.99,-0.2,1.04,-0.0,-0.3069,0.0112,0.0209,0.859,0.553,1.831,0.237,,1.74,-1.14,1.5,-0.94
131.062,RET_WAYPOINT,2.3723,-1.139,0.294,179.91,-0.3,0.83,-0.0,-0.2983,0.0083,0.0126,0.833,0.584,1.875,0.244,,1.74,-1.14,1.5,-0.94
131.082,RET_WAYPOINT,2.3582,-1.14,0.296,179.74,-0.4,0.64,-0.0,-0.2899,0.0018,0.0093,0.833,0.584,1.875,0.244,,1.74,-1.14,1.5,-0.94
131.135,RET_WAYPOINT,2.3438,-1.1414,0.298,179.51,-0.42,0.19,-0.0,-0.2865,-0.0049,0.0115,0.801,0.609,,0.267,,1.74,-1.14,1.5,-0.94
131.203,RET_WAYPOINT,2.3305,-1.1426,0.299,179.25,-0.23,0.17,-0.0,-0.2824,-0.0104,0.0159,0.801,0.609,,0.267,,1.74,-1.14,1.5,-0.94
131.239,RET_WAYPOINT,2.3163,-1.1448,0.297,179.06,-0.01,0.17,-0.0,-0.2812,-0.0156,0.0149,0.771,0.639,1.921,0.406,,1.74,-1.14,1.5,-0.94
131.313,RET_WAYPOINT,2.303,-1.1468,0.299,178.94,0.16,0.04,-0.0,-0.2783,-0.0184,0.0062,0.771,0.639,1.921,0.406,,1.74,-1.14,1.5,-0.94
131.357,RET_WAYPOINT,2.2894,-1.1476,0.297,178.9,0.22,-0.07,-0.0,-0.2777,-0.0165,0.0084,0.747,0.662,,0.559,,1.74,-1.14,1.5,-0.94
131.395,RET_WAYPOINT,2.2762,-1.1485,0.301,178.84,0.33,-0.21,-0.0,-0.2768,-0.0146,0.0024,0.747,0.662,,0.559,,1.74,-1.14,1.5,-0.94
131.447,RET_WAYPOINT,2.2629,-1.1501,0.301,178.82,0.33,-0.22,-0.0,-0.2769,-0.0138,0.0099,0.717,0.685,,0.665,,1.74,-1.14,1.5,-0.94
131.488,RET_WAYPOINT,2.2476,-1.1509,0.302,178.83,0.47,-0.32,-0.0,-0.2826,-0.0109,0.0101,0.717,0.685,,0.665,,1.74,-1.14,1.5,-0.94
131.565,RET_WAYPOINT,2.2338,-1.1518,0.301,178.79,0.34,-0.32,-0.0,-0.2845,-0.0081,0.0079,0.703,0.711,,,,1.74,-1.14,1.5,-0.94
131.592,RET_WAYPOINT,2.2198,-1.1531,0.307,178.81,0.28,-0.37,-0.0,-0.2866,-0.0076,0.0053,0.703,0.711,,,,1.74,-1.14,1.5,-0.94
131.654,RET_WAYPOINT,2.2061,-1.1531,0.304,178.8,0.24,-0.44,-0.0,-0.2881,-0.0044,0.0162,0.678,0.735,,,,1.74,-1.14,1.5,-0.94
131.702,RET_WAYPOINT,2.1919,-1.1535,0.302,178.76,0.23,-0.36,-0.0,-0.2956,-0.0045,0.0063,0.678,0.735,,,,1.74,-1.14,1.5,-0.94
131.733,RET_WAYPOINT,2.174,-1.1544,0.302,178.76,0.19,-0.3,-0.0,-0.3018,-0.0031,-0.0001,0.651,0.764,,,,1.74,-1.14,1.5,-0.94
131.785,RET_WAYPOINT,2.1596,-1.1551,0.305,178.75,0.12,-0.15,-0.0,-0.3007,-0.0044,-0.0014,0.651,0.764,,,,1.74,-1.14,1.5,-0.94
131.847,RET_WAYPOINT,2.1457,-1.1573,0.305,178.68,0.1,-0.15,-0.0,-0.2976,-0.0071,0.0011,0.629,0.794,,,,1.74,-1.14,1.5,-0.94
131.883,RET_WAYPOINT,2.1314,-1.1575,0.305,178.51,0.11,-0.01,-0.0,-0.3029,-0.0057,-0.001,0.629,0.794,,,,1.74,-1.14,1.5,-0.94
131.955,RET_WAYPOINT,2.1158,-1.158,0.302,178.33,0.17,0.01,-0.0,-0.3015,-0.0065,-0.0031,0.605,0.824,,,,1.74,-1.14,1.5,-0.94
132.004,RET_WAYPOINT,2.1026,-1.1592,0.302,178.17,0.36,0.14,-0.0,-0.2991,-0.0047,-0.0102,0.605,0.824,,,,1.74,-1.14,1.5,-0.94
132.034,RET_WAYPOINT,2.0858,-1.1593,0.3,177.97,0.46,0.17,-0.0,-0.2963,-0.0026,-0.008,0.574,0.853,0.295,,,1.74,-1.14,1.5,-0.94
132.104,RET_WAYPOINT,2.0722,-1.1599,0.303,177.79,0.64,0.08,-0.0,-0.2938,0.0013,-0.009,0.574,0.853,0.295,,,1.74,-1.14,1.5,-0.94
132.136,RET_WAYPOINT,2.057,-1.1605,0.303,177.52,0.53,0.1,-0.0,-0.291,0.0043,-0.0017,0.547,0.881,0.255,,,1.74,-1.14,1.5,-0.94
132.213,RET_WAYPOINT,2.0426,-1.1603,0.305,177.29,0.55,-0.0,-0.0,-0.2939,0.0073,0.002,0.547,0.881,0.255,,,1.74,-1.14,1.5,-0.94
132.234,RET_WAYPOINT,2.0277,-1.1606,0.305,177.15,0.59,-0.02,-0.0,-0.2967,0.0103,0.0061,0.514,0.909,0.265,,,1.74,-1.14,1.5,-0.94
132.285,RET_WAYPOINT,2.0104,-1.1609,0.303,177.05,0.68,-0.18,-0.0,-0.2998,0.0145,0.0057,0.514,0.909,0.265,,,1.74,-1.14,1.5,-0.94
132.367,RET_WAYPOINT,1.9956,-1.1604,0.301,176.9,0.66,-0.03,-0.0,-0.3016,0.0186,-0.0002,0.491,0.942,0.266,,,1.74,-1.14,1.5,-0.94
132.386,RET_WAYPOINT,1.9787,-1.1595,0.304,176.73,0.49,0.06,-0.0,-0.3022,0.0234,-0.0044,0.491,0.942,0.266,,,1.74,-1.14,1.5,-0.94
132.451,RET_WAYPOINT,1.9634,-1.1585,0.302,176.56,0.39,0.13,-0.0,-0.308,0.0282,0.0043,0.462,0.971,0.268,,,1.74,-1.14,1.5,-0.94
132.507,RET_WAYPOINT,1.9478,-1.1561,0.307,176.37,0.54,0.37,-0.0,-0.306,0.0327,0.0045,0.462,0.971,0.268,,,1.74,-1.14,1.5,-0.94
132.552,RET_WAYPOINT,1.932,-1.1548,0.303,176.15,0.48,0.44,-0.0,-0.303,0.0388,0.0114,0.427,1.001,0.288,,,1.74,-1.14,1.5,-0.94
132.591,RET_WAYPOINT,1.9157,-1.1513,0.306,175.86,0.53,0.45,-0.0,-0.2971,0.0428,0.0077,0.427,1.001,0.288,,,1.74,-1.14,1.5,-0.94
132.648,RET_WAYPOINT,1.902,-1.1489,0.309,175.67,0.56,0.35,-0.0,-0.29,0.0509,0.0131,0.391,1.033,0.33,,,1.74,-1.14,1.5,-0.94
132.698,RET_WAYPOINT,1.8873,-1.1455,0.308,175.52,0.41,0.21,-0.0,-0.2873,0.0565,0.0189,0.391,1.033,0.33,,,1.74,-1.14,1.5,-0.94
132.76,RET_WAYPOINT,1.8747,-1.1408,0.306,175.51,0.18,0.18,-0.0,-0.2862,0.0632,0.0047,0.357,1.06,2.779,,,1.74,-1.14,1.5,-0.94
132.8,RET_WAYPOINT,1.8623,-1.1353,0.307,175.65,-0.06,-0.0,-0.0,-0.2823,0.068,-0.0012,0.357,1.06,2.779,,,1.74,-1.14,1.5,-0.94
132.842,RET_WAYPOINT,1.8464,-1.13,0.305,175.89,-0.36,-0.1,-0.0,-0.2806,0.0719,-0.0004,0.325,1.092,2.791,,,1.74,-1.14,1.5,-0.94
132.889,RET_WAYPOINT,1.8323,-1.125,0.306,176.13,-0.61,-0.15,-0.0,-0.2839,0.0722,-0.0069,0.325,1.092,2.791,,,1.74,-1.14,1.5,-0.94
132.958,RET_WAYPOINT,1.8193,-1.1195,0.306,176.44,-0.7,-0.38,-0.0,-0.2828,0.0698,-0.0011,0.291,1.11,2.802,,,1.74,-1.14,1.5,-0.94
132.987,RET_WAYPOINT,1.8057,-1.1137,0.307,176.73,-1.17,-0.41,-0.0,-0.2889,0.0716,-0.0045,0.291,1.11,2.802,,,1.74,-1.14,1.5,-0.94
133.043,RET_WAYPOINT,1.7925,-1.1089,0.309,177.14,-1.47,-0.28,-0.0,-0.2887,0.0634,-0.0027,0.255,1.132,2.808,,,1.74,-1.14,1.5,-0.94
133.101,RET_WAYPOINT,1.775,-1.1032,0.306,177.6,-1.76,-0.12,-0.0,-0.2922,0.0552,0.0003,0.255,1.132,2.808,,,1.74,-1.14,1.5,-0.94
133.164,RET_WAYPOINT,1.7602,-1.1,0.307,178.06,-2.09,0.6,-0.0,-0.2927,0.0443,-0.0121,0.226,1.144,2.812,,,1.74,-1.14,1.5,-0.94
133.181,RET_WAYPOINT,1.7452,-1.0962,0.307,178.55,-2.36,1.7,-0.0,-0.2879,0.0273,-0.0081,0.226,1.144,2.812,,,1.74,-1.14,1.5,-0.94
133.273,RET_WAYPOINT,1.7309,-1.0934,0.307,179.03,-2.63,2.55,-0.0,-0.2769,0.0144,-0.0084,0.193,1.087,2.823,,,1.74,-1.14,1.5,-0.94
133.291,RET_WAYPOINT,1.7182,-1.0913,0.308,179.5,-2.81,3.36,-0.0,-0.2522,-0.0052,-0.0117,0.193,1.087,2.823,,,1.74,-1.14,1.5,-0.94
133.365,RET_WAYPOINT,1.7061,-1.0903,0.304,179.89,-2.91,3.93,-0.0,-0.2205,-0.0251,-0.0117,0.166,1.033,2.828,,,1.74,-1.14,1.5,-0.94
133.404,RET_WAYPOINT,1.694,-1.0903,0.306,-179.71,-3.01,4.53,-0.0,-0.1877,-0.0454,-0.0233,0.166,1.033,2.828,,,1.74,-1.14,1.5,-0.94
133.445,RET_WAYPOINT,1.6841,-1.0915,0.304,-179.36,-2.97,4.9,-0.0,-0.149,-0.066,-0.0194,0.151,1.048,2.827,,,1.74,-1.14,1.5,-0.94
133.506,RET_WAYPOINT,1.6776,-1.094,0.303,-179.12,-2.89,5.28,-0.0,-0.1061,-0.0882,-0.0167,0.151,1.048,2.827,,,1.74,-1.14,1.5,-0.94
133.565,RET_WAYPOINT,1.6735,-1.0961,0.301,-178.8,-2.66,5.56,-0.0,-0.0639,-0.1096,-0.0163,0.14,1.044,2.832,,,1.74,-1.14,1.5,-0.94
133.598,RET_WAYPOINT,1.669,-1.102,0.301,-178.46,-2.32,5.57,-0.0,-0.0175,-0.1293,-0.0136,0.14,1.044,2.832,,,1.74,-1.14,1.5,-0.94
133.64,RET_WAYPOINT,1.6692,-1.1095,0.3,-178.3,-1.8,5.38,-0.0,0.0279,-0.1414,-0.0117,0.195,1.032,2.802,,,1.74,-1.14,1.5,-0.94
133.712,RET_WAYPOINT,1.6708,-1.114,0.298,-178.34,-1.27,4.91,-0.0,0.0709,-0.1477,-0.0153,0.195,1.032,2.802,,,1.74,-1.14,1.5,-0.94
133.737,RET_WAYPOINT,1.674,-1.1184,0.297,-178.42,-0.68,4.32,-0.0,0.1074,-0.1544,-0.0187,0.27,1.003,2.825,,,1.74,-1.14,1.5,-0.94
133.81,RET_WAYPOINT,1.6775,-1.125,0.296,-178.4,0.04,3.79,-0.0,0.1378,-0.1557,-0.017,0.27,1.003,2.825,,,1.74,-1.14,1.5,-0.94
133.855,RET_WAYPOINT,1.6831,-1.1323,0.296,-178.5,0.68,3.15,-0.0,0.1641,-0.1483,-0.0169,0.314,0.965,2.831,,,1.74,-1.14,1.5,-0.94
133.901,RET_WAYPOINT,1.6895,-1.1344,0.298,-178.67,0.99,2.37,-0.0,0.1848,-0.1339,-0.0082,0.314,0.965,2.831,,,1.74,-1.14,1.5,-0.94
133.941,RET_WAYPOINT,1.6988,-1.1405,0.298,-178.7,1.44,1.61,-0.0,0.1953,-0.1191,0.0011,0.356,0.928,2.806,,,1.74,-1.14,1.5,-0.94
134.026,RET_WAYPOINT,1.7059,-1.1415,0.297,-178.78,1.68,0.83,-0.0,0.1995,-0.0992,0.0034,0.356,0.928,2.806,,,1.74,-1.14,1.5,-0.94
134.043,RET_WAYPOINT,1.7129,-1.1436,0.298,-178.83,1.8,0.36,-0.0,0.1981,-0.0793,0.001,0.408,0.892,2.818,,,1.74,-1.14,1.5,-0.94
134.135,RET_WAYPOINT,1.7203,-1.1451,0.298,-178.86,1.84,-0.36,-0.0,0.1943,-0.0609,0.0012,0.408,0.892,2.818,,,1.74,-0.88,1.5,-0.94
134.152,RET_WAYPOINT,1.7284,-1.1462,0.295,-178.87,1.7,-0.77,-0.0,0.186,-0.0404,-0.001,0.438,0.866,2.818,,,1.74,-0.88,1.5,-0.94
134.212,RET_WAYPOINT,1.7349,-1.1448,0.295,-178.91,1.55,-1.13,-0.0,0.1713,-0.0229,-0.0101,0.438,0.866,2.818,,,1.74,-0.88,1.5,-0.94
134.252,RET_WAYPOINT,1.7445,-1.1451,0.298,-178.89,1.36,-1.1,-0.0,0.1599,-0.0057,-0.0077,0.447,0.845,2.796,,,1.74,-0.88,1.5,-0.94
134.309,RET_WAYPOINT,1.7471,-1.1424,0.299,-178.98,3.04,-1.69,-0.0,0.1377,0.0136,0.0071,0.447,0.845,2.796,,,1.74,-0.88,1.5,-0.94
134.332,RET_WAYPOINT,1.7505,-1.141,0.299,-179.06,4.24,-2.08,-0.0,0.1162,0.0398,0.0048,0.439,0.841,2.832,,,1.74,-0.88,1.5,-0.94
134.407,RET_WAYPOINT,1.755,-1.1377,0.299,-179.16,4.77,-2.11,-0.0,0.0925,0.0824,0.0031,0.439,0.841,2.832,,,1.74,-0.88,1.5,-0.94
134.445,RET_WAYPOINT,1.7553,-1.1282,0.3,-179.3,4.99,-2.2,-0.0,0.0637,0.1291,0.0024,0.406,0.836,2.834,,,1.74,-0.88,1.5,-0.94
134.509,RET_WAYPOINT,1.7509,-1.1164,0.299,-179.5,4.8,-2.05,-0.0,0.033,0.1747,0.0019,0.406,0.836,2.834,,,1.74,-0.88,1.5,-0.94
134.543,RET_WAYPOINT,1.7474,-1.104,0.301,-179.68,4.25,-1.72,-0.0,0.0055,0.2158,-0.0008,0.341,0.85,2.863,,,1.74,-0.88,1.5,-0.94
134.625,RET_WAYPOINT,1.7409,-1.088,0.3,-179.87,3.56,-1.42,-0.0,-0.0246,0.257,0.0052,0.341,0.85,2.863,,,1.74,-0.88,1.5,-0.94
134.637,RET_WAYPOINT,1.7354,-1.0729,0.296,-179.99,2.94,-1.0,-0.0,-0.043,0.2876,0.0011,0.197,0.871,2.876,,,1.74,-0.88,1.5,-0.94
134.707,RET_WAYPOINT,1.7295,-1.0569,0.3,179.84,2.08,-0.44,-0.0,-0.0586,0.3076,-0.0086,0.197,0.871,2.876,,,1.74,-0.88,1.5,-0.94
134.747,RET_WAYPOINT,1.7221,-1.0384,0.298,179.74,1.38,0.01,-0.0,-0.0661,0.3187,0.0029,0.153,0.915,2.883,,,1.74,-0.88,1.5,-0.94
134.824,RET_WAYPOINT,1.716,-1.0219,0.299,179.63,0.67,0.59,-0.0,-0.0714,0.3249,-0.0028,0.153,0.915,2.883,,,1.74,-0.88,1.5,-0.94
134.851,RET_WAYPOINT,1.7101,-1.0058,0.3,179.57,0.14,1.15,-0.0,-0.0662,0.3228,-0.0022,0.144,0.988,2.902,,,1.74,-0.88,1.5,-0.94
134.896,RET_WAYPOINT,1.706,-0.9907,0.299,179.59,-0.24,1.57,-0.0,-0.0589,0.32,0.0027,0.144,0.988,2.902,,,1.74,-0.88,1.5,-0.94
134.97,RET_WAYPOINT,1.7034,-0.9778,0.299,179.55,-0.47,1.99,-0.0,-0.0444,0.3108,-0.002,0.148,1.083,2.893,,,1.74,-0.88,1.5,-0.94
134.982,RET_WAYPOINT,1.7009,-0.963,0.3,179.54,-0.64,2.18,-0.0,-0.0293,0.2995,-0.003,0.148,1.083,2.893,,,1.74,-0.88,1.5,-0.94
135.043,RET_WAYPOINT,1.6986,-0.9502,0.298,179.5,-0.93,2.41,-0.0,-0.0103,0.2855,0.0005,0.144,1.15,2.93,,,1.74,-0.88,1.5,-0.94
135.093,RET_WAYPOINT,1.6983,-0.9384,0.298,179.43,-1.0,2.56,-0.0,0.0079,0.2707,-0.0052,0.144,1.15,2.93,,,1.74,-0.88,1.5,-0.94
135.14,RET_WAYPOINT,1.6984,-0.9255,0.299,179.31,-0.89,2.78,-0.0,0.0283,0.2633,-0.0027,0.144,1.168,2.935,,,1.74,-0.88,1.5,-0.94
135.187,RET_WAYPOINT,1.6997,-0.9157,0.299,179.14,-1.15,2.84,-0.0,0.0508,0.2478,0.0022,0.144,1.168,2.935,,,1.74,-0.88,1.5,-0.94
135.257,RET_WAYPOINT,1.7018,-0.9061,0.298,178.98,-1.4,2.69,-0.0,0.0752,0.2281,0.0015,0.163,1.133,,,,1.74,-0.88,1.5,-0.94
135.293,RET_WAYPOINT,1.7077,-0.8973,0.3,178.85,-1.83,2.36,-0.0,0.0968,0.2077,-0.0032,0.163,1.133,,,,1.74,-0.88,1.5,-0.94
135.339,RET_WAYPOINT,1.7126,-0.8914,0.298,178.81,-2.16,1.94,-0.0,0.1147,0.1831,0.0021,0.224,1.073,,,,1.74,-0.88,1.5,-0.94
135.384,RET_WAYPOINT,1.7188,-0.8861,0.299,178.81,-2.13,1.32,-0.0,0.127,0.1575,-0.0032,0.224,1.073,,,,1.5,-0.88,1.5,-0.94
135.472,RET_WAYPOINT,1.7242,-0.8818,0.295,178.95,-2.01,1.02,-0.0,0.1393,0.1343,-0.0053,0.573,0.976,2.963,,,1.5,-0.88,1.5,-0.94
135.504,RET_WAYPOINT,1.73,-0.8791,0.299,179.09,-2.29,-0.7,-0.0,0.1437,0.1097,-0.0079,0.573,0.976,2.963,,,1.5,-0.88,1.5,-0.94
135.533,RET_WAYPOINT,1.7408,-0.8752,0.3,179.15,-2.37,-3.62,-0.0,0.1292,0.0811,0.0052,0.653,0.883,,,,1.5,-0.88,1.5,-0.94
135.605,RET_WAYPOINT,1.7462,-0.8737,0.299,179.33,-2.32,-5.55,-0.0,0.0896,0.0583,0.006,0.653,0.883,,,,1.5,-0.88,1.5,-0.94
135.638,RET_WAYPOINT,1.7483,-0.8727,0.3,179.52,-2.09,-6.56,-0.0,0.0362,0.0361,0.0029,0.679,0.811,3.034,,,1.5,-0.88,1.5,-0.94
135.708,RET_WAYPOINT,1.7471,-0.8732,0.302,179.71,-1.7,-6.87,-0.0,-0.0261,0.0142,0.0074,0.679,0.811,3.034,,,1.5,-0.88,1.5,-0.94
135.743,RET_WAYPOINT,1.7425,-0.8746,0.299,179.93,-1.2,-6.4,-0.0,-0.0919,-0.0067,0.0123,0.665,0.781,3.014,,,1.5,-0.88,1.5,-0.94
135.789,RET_WAYPOINT,1.7319,-0.878,0.3,-179.92,-0.81,-5.95,-0.0,-0.1508,-0.0168,0.0002,0.665,0.781,3.014,,,1.5,-0.88,1.5,-0.94
135.885,RET_WAYPOINT,1.722,-0.8797,0.3,-179.85,-0.34,-4.96,-0.0,-0.2066,-0.0258,0.0022,0.637,0.789,3.018,,,1.5,-0.88,1.5,-0.94
135.899,RET_WAYPOINT,1.7093,-0.8815,0.301,-179.69,0.15,-3.79,-0.0,-0.2432,-0.027,0.0079,0.637,0.789,3.018,,,1.5,-0.88,1.5,-0.94
135.949,RET_WAYPOINT,1.6943,-0.8836,0.299,-179.44,0.5,-2.73,-0.0,-0.2854,-0.0282,0.01,0.598,0.821,3.028,,,1.5,-0.88,1.5,-0.94
135.986,RET_WAYPOINT,1.6799,-0.8851,0.305,-179.14,0.67,-1.79,-0.0,-0.3062,-0.0238,0.0068,0.598,0.821,3.028,,,1.5,-0.88,1.5,-0.94
136.032,RET_WAYPOINT,1.6645,-0.8858,0.3,-178.61,0.8,-0.81,-0.0,-0.315,-0.0158,0.0232,0.536,0.821,3.05,,,1.5,-0.88,1.5,-0.94
136.11,RET_WAYPOINT,1.6472,-0.8867,0.302,-178.15,0.92,-0.14,-0.0,-0.317,-0.0088,0.0115,0.536,0.821,3.05,,,1.5,-0.88,1.5,-0.94
136.135,RET_WAYPOINT,1.6343,-0.8863,0.301,-177.69,1.13,0.34,-0.0,-0.3123,-0.0,0.0122,0.472,0.804,3.051,,,1.5,-0.88,1.5,-0.94
136.205,RET_WAYPOINT,1.6204,-0.8863,0.305,-177.4,1.13,0.19,-0.0,-0.3036,0.0094,0.0106,0.472,0.804,3.051,,,1.5,-0.88,1.5,-0.94
136.247,RET_WAYPOINT,1.6069,-0.8858,0.304,-177.35,1.15,0.33,-0.0,-0.3025,0.0199,0.0102,0.426,0.803,3.04,,,1.5,-0.88,1.5,-0.94
136.28,RET_WAYPOINT,1.5989,-0.8824,0.306,-170.92,0.05,2.25,-0.0,-0.2841,0.0365,-0.0138,0.426,0.803,3.04,,,1.5,-0.88,1.5,-0.94
136.345,RET_WAYPOINT,1.594,-0.88,0.306,-163.57,3.1,4.76,-0.0,-0.2225,0.0556,0.0366,,0.75,,0.348,,1.5,-0.88,1.5,-0.94
136.416,RET_WAYPOINT,1.5916,-0.879,0.312,-161.09,3.12,4.69,-0.0,-0.1703,0.0969,0.0803,,0.75,,0.348,,1.5,-0.88,1.5,-0.94
136.457,RET_WAYPOINT,1.5955,-0.8707,0.315,-160.98,-0.27,0.8,-0.0,-0.124,0.1324,0.0744,0.092,0.772,,0.346,,1.5,-0.88,1.5,-0.94
136.492,RET_WAYPOINT,1.5992,-0.8606,0.321,-162.48,-2.26,-2.35,-0.0,-0.0972,0.14,0.0557,0.092,0.772,,0.346,,1.5,-0.88,1.5,-0.94
136.536,RET_WAYPOINT,1.6004,-0.8527,0.32,-164.8,-2.36,-3.17,-0.0,-0.0985,0.1188,0.0389,0.184,0.758,0.981,0.334,,1.5,-0.88,1.5,-0.94
136.622,RET_WAYPOINT,1.5989,-0.848,0.325,-167.51,-2.76,-4.17,-0.0,-0.1126,0.0945,0.0087,0.184,0.758,0.981,0.334,,1.5,-0.88,1.5,-0.94
136.638,RET_WAYPOINT,1.5974,-0.8412,0.325,-170.32,-3.1,-4.52,-0.0,-0.132,0.0623,0.0022,0.326,0.736,1.595,0.325,,1.5,-0.88,1.5,-0.94
136.717,RET_WAYPOINT,1.5918,-0.8368,0.321,-172.75,-3.15,-2.33,-0.0,-0.1546,0.0375,-0.0087,0.326,0.736,1.595,0.325,,1.5,-0.88,1.5,-0.94
136.732,RET_WAYPOINT,1.5841,-0.8363,0.317,-175.04,-2.98,-0.78,-0.0,-0.1699,0.0068,-0.0336,0.519,0.743,3.083,0.334,,1.5,-0.88,1.5,-0.94
136.804,RET_WAYPOINT,1.5765,-0.8366,0.315,-177.04,-2.61,0.3,-0.0,-0.1695,-0.0159,-0.0479,0.519,0.743,3.083,0.334,,1.5,-0.88,1.5,-0.94
136.844,RET_WAYPOINT,1.5672,-0.8383,0.311,-178.62,-1.95,1.14,-0.0,-0.1647,-0.037,-0.0541,0.556,0.789,,0.337,,,,1.5,-0.94
136.888,ROTATION_SCAN,1.5589,-0.841,0.305,-179.82,-1.42,1.78,-0.0,-0.1495,-0.0486,-0.0591,0.556,0.789,,0.337,,,,,
136.952,ROTATION_SCAN,1.551,-0.8431,0.306,178.61,-0.22,2.23,-0.0,-0.1344,-0.0557,-0.0651,0.542,0.852,,0.342,,,,,
137.001,ROTATION_SCAN,1.5465,-0.8431,0.305,177.18,-0.08,2.26,15.0,-0.1148,-0.0518,-0.0481,0.542,0.852,,0.342,,,,,
137.054,ROTATION_SCAN,1.5405,-0.8441,0.301,176.62,0.17,2.22,15.0,-0.0996,-0.0523,-0.0437,0.535,1.003,0.066,,,,,,
137.082,ROTATION_SCAN,1.5315,-0.8479,0.299,176.81,0.37,2.12,15.0,-0.0875,-0.0505,-0.0495,0.535,1.003,0.066,,,,,,
137.152,ROTATION_SCAN,1.5272,-0.848,0.295,177.3,0.36,1.96,15.0,-0.0683,-0.0437,-0.0473,0.524,1.039,0.022,0.325,,,,,
137.21,ROTATION_SCAN,1.5233,-0.8514,0.294,177.57,0.8,1.99,15.0,-0.054,-0.0398,-0.0456,0.524,1.039,0.022,0.325,,,,,
137.251,ROTATION_SCAN,1.5206,-0.8485,0.294,178.26,0.58,2.03,15.0,-0.0409,-0.0272,-0.0411,0.516,1.013,0.036,0.311,,,,,
137.297,ROTATION_SCAN,1.5168,-0.8485,0.287,179.34,0.66,2.0,15.0,-0.0268,-0.0209,-0.0341,0.516,1.013,0.036,0.311,,,,,
137.382,ROTATION_SCAN,1.5138,-0.8477,0.29,-179.42,0.58,2.04,15.0,-0.0146,-0.0053,-0.0449,0.51,0.925,0.047,0.301,,,,,
137.419,ROTATION_SCAN,1.5088,-0.8448,0.287,-178.11,0.54,1.86,15.0,-0.0085,-0.0017,-0.0244,0.51,0.925,0.047,0.301,,,,,
137.466,ROTATION_SCAN,1.5074,-0.8421,0.288,-176.81,0.34,1.79,15.0,0.0014,0.0068,-0.0264,0.508,0.863,0.045,0.3,,,,,
137.498,ROTATION_SCAN,1.5067,-0.8414,0.287,-175.5,0.14,1.65,15.0,0.0131,0.0123,-0.0193,0.508,0.863,0.045,0.3,,,,,
137.545,ROTATION_SCAN,1.5043,-0.8391,0.286,-174.24,-0.01,1.51,15.0,0.0198,0.0208,-0.0126,0.507,0.828,,0.298,,,,,
137.58,ROTATION_SCAN,1.5053,-0.8311,0.283,-173.13,-0.17,1.35,15.0,0.0327,0.0278,-0.0125,0.507,0.828,,0.298,,,,,
137.703,ROTATION_SCAN,1.5051,-0.8296,0.287,-172.0,-0.4,1.19,15.0,0.0395,0.027,-0.0107,0.491,0.812,0.059,0.301,,,,,
137.762,ROTATION_SCAN,1.5069,-0.8277,0.284,-170.91,-0.55,1.01,15.0,0.0487,0.0256,0.0039,0.491,0.812,0.059,0.301,,,,,
137.814,ROTATION_SCAN,1.5074,-0.8258,0.284,-169.84,-0.71,0.91,15.0,0.0528,0.0229,0.0019,0.461,0.809,0.075,0.3,,,,,
137.84,ROTATION_SCAN,1.5065,-0.8252,0.284,-168.87,-0.83,0.66,15.0,0.0527,0.0171,0.0036,0.461,0.809,0.075,0.3,,,,,
137.906,ROTATION_SCAN,1.5088,-0.8208,0.285,-168.31,-0.76,0.59,15.0,0.0583,0.0173,0.0051,0.416,0.815,,0.302,,,,,
137.922,ROTATION_SCAN,1.5109,-0.8199,0.287,-168.46,-0.87,0.59,15.0,0.0621,0.012,0.0085,0.416,0.815,,0.302,,,,,
137.963,ROTATION_SCAN,1.5089,-0.8211,0.287,-168.26,-0.77,0.49,15.0,0.0569,0.0034,0.0113,0.408,0.819,0.082,0.302,,,,,
138.013,ROTATION_SCAN,1.5075,-0.8218,0.287,-168.16,-0.8,0.55,15.0,0.0527,-0.0035,0.0087,0.408,0.819,0.082,0.302,,,,,
138.043,ROTATION_SCAN,1.5068,-0.8218,0.288,-168.11,-0.66,0.59,15.0,0.051,-0.0077,0.0109,0.4,0.82,0.051,0.305,,,,,
138.118,ROTATION_SCAN,1.5064,-0.8222,0.289,-167.93,-0.66,0.74,15.0,0.0507,-0.0118,0.0077,0.4,0.82,0.051,0.305,,,,,
138.145,ROTATION_SCAN,1.5022,-0.8221,0.291,-167.61,-0.57,0.71,15.0,0.0431,-0.0138,0.0083,0.397,0.819,0.05,0.305,,,,,
138.191,ROTATION_SCAN,1.4972,-0.8221,0.291,-167.04,-0.52,0.77,15.0,0.0349,-0.0149,0.0124,0.397,0.819,0.05,0.305,,,,,
138.25,ROTATION_SCAN,1.4961,-0.823,0.288,-166.36,-0.48,0.8,15.0,0.0357,-0.0174,0.009,0.374,0.826,0.064,0.305,,,,,
138.281,ROTATION_SCAN,1.4924,-0.8217,0.288,-165.53,-0.4,0.89,15.0,0.0313,-0.015,-0.002,0.374,0.826,0.064,0.305,,,,,
138.342,ROTATION_SCAN,1.4901,-0.8203,0.29,-164.63,-0.42,1.15,15.0,0.0317,-0.0119,0.0001,0.343,0.838,0.068,0.301,,,,,
138.4,ROTATION_SCAN,1.487,-0.8194,0.289,-163.66,-0.35,1.27,15.0,0.03,-0.0098,0.0048,0.343,0.838,0.068,0.301,,,,,
138.45,ROTATION_SCAN,1.4846,-0.8195,0.287,-162.67,-0.43,1.39,15.0,0.0332,-0.0067,0.0008,0.306,0.842,0.078,0.309,,,,,
138.494,ROTATION_SCAN,1.4841,-0.8172,0.288,-161.71,-0.52,1.32,15.0,0.0416,-0.0034,-0.0026,0.306,0.842,0.078,0.309,,,,,
138.533,ROTATION_SCAN,1.4854,-0.8164,0.289,-160.79,-0.63,1.27,15.0,0.0478,-0.0024,0.0021,0.283,0.852,,0.313,,,,,
138.582,ROTATION_SCAN,1.4865,-0.8165,0.292,-159.92,-0.62,1.14,15.0,0.0595,-0.0038,0.0056,0.283,0.852,,0.313,,,,,
138.661,ROTATION_SCAN,1.4892,-0.8153,0.292,-159.11,-0.55,1.03,15.0,0.0686,-0.0026,0.0094,0.261,0.856,,0.32,,,,,
138.696,ROTATION_SCAN,1.4926,-0.8141,0.29,-158.3,-0.59,0.86,15.0,0.0692,-0.0031,0.0086,0.261,0.856,,0.32,,,,,
138.75,ROTATION_SCAN,1.4907,-0.8141,0.291,-157.42,-0.54,0.66,15.0,0.0732,-0.0029,0.0031,0.247,0.866,,0.328,,,,,
138.824,ROTATION_SCAN,1.4871,-0.8157,0.295,-156.6,-0.53,0.45,15.0,0.0615,-0.005,0.0051,0.247,0.866,,0.328,,,,,
138.839,ROTATION_SCAN,1.4878,-0.8143,0.292,-155.8,-0.61,0.26,15.0,0.0553,-0.0099,0.013,0.231,0.872,0.947,0.328,,,,,
138.891,ROTATION_SCAN,1.4853,-0.8048,0.293,-155.01,-0.64,0.36,15.0,0.0536,0.0101,0.0039,0.231,0.872,0.947,0.328,,,,,
138.955,ROTATION_SCAN,1.4847,-0.8033,0.297,-154.26,-0.67,0.37,15.0,0.0504,0.0086,0.008,0.203,0.891,0.889,0.336,,,,,
138.98,ROTATION_SCAN,1.4822,-0.8036,0.297,-153.61,-0.84,0.5,15.0,0.0466,0.0035,0.0157,0.203,0.891,0.889,0.336,,,,,
139.038,ROTATION_SCAN,1.4823,-0.8027,0.296,-152.98,-0.95,0.38,15.0,0.0507,-0.0008,0.0116,0.188,0.903,0.849,0.344,,,,,
139.103,ROTATION_SCAN,1.484,-0.8018,0.293,-152.38,-1.01,0.37,15.0,0.055,-0.0046,0.0046,0.188,0.903,0.849,0.344,,,,,
139.154,ROTATION_SCAN,1.4848,-0.8012,0.298,-151.76,-0.98,0.31,15.0,0.0519,-0.0086,-0.0034,0.184,0.909,0.817,0.346,,,,,
139.182,ROTATION_SCAN,1.4851,-0.8019,0.297,-151.14,-0.87,0.19,15.0,0.0576,-0.0146,0.0096,0.184,0.909,0.817,0.346,,,,,
139.251,ROTATION_SCAN,1.4881,-0.8028,0.298,-150.5,-0.87,0.16,15.0,0.0626,-0.0202,0.0047,0.173,0.918,0.796,0.353,,,,,
139.306,ROTATION_SCAN,1.4879,-0.8054,0.296,-149.77,-0.68,0.09,15.0,0.0617,-0.0233,0.0053,0.173,0.918,0.796,0.353,,,,,
139.365,ROTATION_SCAN,1.4751,-0.8092,0.295,-148.92,-0.55,0.09,15.0,0.0287,-0.0314,0.0017,0.164,0.93,0.773,0.347,,,,,
139.393,ROTATION_SCAN,1.4707,-0.8089,0.298,-148.06,-0.49,0.27,15.0,0.0223,-0.034,-0.0016,0.164,0.93,0.773,0.347,,,,,
139.463,ROTATION_SCAN,1.4691,-0.8093,0.299,-147.11,-0.53,0.43,15.0,0.0165,-0.0322,0.0079,0.155,0.945,0.752,0.347,,,,,
139.503,ROTATION_SCAN,1.465,-0.8069,0.301,-146.05,-0.65,0.73,15.0,0.0139,-0.0271,0.0087,0.155,0.945,0.752,0.347,,,,,
139.554,ROTATION_SCAN,1.4623,-0.8097,0.299,-144.97,-0.69,0.89,15.0,0.0166,-0.0286,0.0105,0.151,0.965,0.736,0.349,,,,,
139.613,ROTATION_SCAN,1.46,-0.8112,0.296,-143.88,-0.64,1.06,15.0,0.0173,-0.0316,0.0047,0.151,0.965,0.736,0.349,,,,,
139.647,ROTATION_SCAN,1.4578,-0.8104,0.299,-142.82,-0.72,1.25,15.0,0.0227,-0.0243,-0.002,0.142,0.988,0.721,0.351,,,,,
139.714,ROTATION_SCAN,1.4577,-0.8121,0.302,-141.88,-0.78,1.18,15.0,0.035,-0.0231,0.0107,0.142,0.988,0.721,0.351,,,,,
139.739,ROTATION_SCAN,1.4598,-0.8132,0.302,-141.04,-0.7,1.2,15.0,0.0469,-0.0218,0.0154,0.131,1.007,0.711,0.36,,,,,
139.81,ROTATION_SCAN,1.4624,-0.8143,0.301,-140.27,-0.7,1.16,15.0,0.0558,-0.0224,0.0112,0.131,1.007,0.711,0.36,,,,,
139.854,ROTATION_SCAN,1.4636,-0.8188,0.3,-139.54,-0.62,0.83,15.0,0.0677,-0.0222,0.0065,0.144,1.024,0.699,0.371,,,,,
139.914,ROTATION_SCAN,1.4658,-0.8133,0.302,-138.84,-0.44,0.79,15.0,0.063,-0.0143,0.0056,0.144,1.024,0.699,0.371,,,,,
139.941,ROTATION_SCAN,1.4631,-0.8156,0.303,-138.13,-0.39,0.64,15.0,0.0642,-0.0107,0.0093,0.14,1.026,0.705,0.376,,,,,
140.017,ROTATION_SCAN,1.4683,-0.8257,0.303,-137.45,-0.27,0.6,15.0,0.0754,-0.0304,0.0106,0.14,1.026,0.705,0.376,,,,,
140.054,ROTATION_SCAN,1.4704,-0.8246,0.304,-136.73,-0.11,0.72,15.0,0.0743,-0.0241,0.0094,0.128,1.024,0.705,0.393,,,,,
140.103,ROTATION_SCAN,1.4719,-0.8243,0.305,-136.03,-0.0,0.43,15.0,0.0752,-0.0144,0.0106,0.128,1.024,0.705,0.393,,,,,
140.145,ROTATION_SCAN,1.4736,-0.8226,0.306,-135.17,0.06,0.43,15.0,0.07,-0.0108,0.01,0.118,1.042,0.712,0.4,,,,,
140.195,ROTATION_SCAN,1.4716,-0.8227,0.305,-134.24,0.2,0.42,15.0,0.0656,-0.0061,0.0109,0.118,1.042,0.712,0.4,,,,,
140.275,ROTATION_SCAN,1.4724,-0.8229,0.307,-133.26,0.06,0.44,15.0,0.0619,-0.0028,0.0059,0.109,1.062,0.727,0.411,,,,,
140.3,ROTATION_SCAN,1.4704,-0.8245,0.307,-132.21,-0.14,0.53,15.0,0.0546,-0.0024,0.0103,0.109,1.062,0.727,0.411,,,,,
140.346,ROTATION_SCAN,1.4685,-0.8265,0.309,-131.2,-0.27,0.51,15.0,0.0497,-0.0054,0.0071,0.1,1.084,,0.422,,,,,
140.396,ROTATION_SCAN,1.4662,-0.8306,0.307,-130.14,-0.34,0.59,15.0,0.0453,-0.0099,0.0073,0.1,1.084,,0.422,,,,,
140.442,ROTATION_SCAN,1.4715,-0.8347,0.309,-129.19,-0.65,0.63,15.0,0.0459,-0.0167,0.0009,0.097,1.111,,0.445,,,,,
140.485,ROTATION_SCAN,1.4719,-0.8041,0.307,-128.23,-0.53,0.81,15.0,0.0594,0.0477,0.0011,0.097,1.111,,0.445,,,,,
140.558,ROTATION_SCAN,1.4736,-0.8015,0.309,-127.33,-0.67,0.63,15.0,0.063,0.0482,-0.0023,0.093,,,0.458,,,,,
140.589,ROTATION_SCAN,1.475,-0.7999,0.309,-126.46,-0.88,0.2,15.0,0.0626,0.0451,0.0014,0.093,,,0.458,,,,,
140.662,ROTATION_SCAN,1.4749,-0.8004,0.308,-125.62,-0.91,-0.03,15.0,0.0663,0.0372,-0.001,0.088,,,0.479,,,,,
140.698,ROTATION_SCAN,1.4752,-0.8015,0.306,-124.76,-1.06,-0.25,15.0,0.0667,0.0261,-0.0054,0.088,,,0.479,,,,,
140.742,ROTATION_SCAN,1.4793,-0.8033,0.309,-123.83,-1.19,-0.51,15.0,0.0742,0.0119,-0.0102,0.088,,,0.496,,,,,
140.823,ROTATION_SCAN,1.4824,-0.8043,0.308,-122.87,-1.22,-0.7,15.0,0.0774,-0.0018,-0.0048,0.088,,,0.496,,,,,
140.852,ROTATION_SCAN,1.4831,-0.8031,0.309,-121.92,-1.05,-0.72,15.0,0.074,-0.0159,-0.0093,0.082,,,0.525,,,,,
140.898,ROTATION_SCAN,1.4888,-0.8098,0.311,-120.76,-1.0,-0.65,15.0,0.0838,-0.0297,-0.0089,0.082,,,0.525,,,,,
140.944,ROTATION_SCAN,1.4884,-0.8123,0.309,-119.46,-0.73,-0.38,15.0,0.0803,-0.0395,-0.0017,0.076,,,0.55,,,,,
140.981,ROTATION_SCAN,1.487,-0.8138,0.306,-118.15,-0.49,-0.12,15.0,0.0703,-0.0425,-0.0096,0.076,,,0.55,,,,,
141.045,ROTATION_SCAN,1.4892,-0.8177,0.305,-116.91,-0.38,0.12,15.0,0.0705,-0.0474,-0.0131,0.067,,1.057,0.572,,,,,
141.112,ROTATION_SCAN,1.4903,-0.8202,0.306,-115.63,-0.25,0.47,15.0,0.0671,-0.0464,-0.0123,0.067,,1.057,0.572,,,,,
141.145,ROTATION_SCAN,1.4928,-0.8249,0.306,-114.26,-0.28,0.58,15.0,0.0692,-0.0511,-0.008,0.059,,1.035,0.579,,,,,
141.189,ROTATION_SCAN,1.4925,-0.829,0.306,-112.95,-0.29,0.76,15.0,0.0664,-0.0489,-0.0003,0.059,,1.035,0.579,,,,,
141.251,ROTATION_SCAN,1.4942,-0.831,0.308,-111.89,-0.31,0.87,15.0,0.0657,-0.0423,0.0037,0.056,,1.026,0.579,,,,,
141.293,ROTATION_SCAN,1.4963,-0.8335,0.307,-111.22,-0.42,0.82,15.0,0.0734,-0.0388,0.0082,0.056,,1.026,0.579,,,,,
141.359,ROTATION_SCAN,1.5005,-0.8385,0.308,-110.71,-0.44,0.75,15.0,0.0802,-0.0416,0.0022,0.047,,1.013,0.581,,,,,
141.38,ROTATION_SCAN,1.5028,-0.8414,0.306,-111.32,-0.17,0.87,15.0,0.0824,-0.0392,-0.0033,0.047,,1.013,0.581,,,,,
141.458,ROTATION_SCAN,1.5083,-0.8434,0.306,-114.29,-0.4,1.03,15.0,0.0862,-0.0252,0.0048,0.023,,1.006,0.598,,,,,
141.502,ROTATION_SCAN,1.5124,-0.8428,0.304,-115.29,-0.11,0.58,15.0,0.0906,-0.0192,0.0082,0.023,,1.006,0.598,,,,,
141.534,ROTATION_SCAN,1.5186,-0.8431,0.302,-115.85,0.04,0.32,15.0,0.0961,-0.0145,-0.0061,0.027,,1.008,0.607,,,,,
141.613,ROTATION_SCAN,1.523,-0.8439,0.305,-116.93,-0.08,0.24,15.0,0.0974,-0.0126,0.0029,0.027,,1.008,0.607,,,,,
141.63,ROTATION_SCAN,1.5269,-0.8443,0.307,-117.78,0.04,0.09,15.0,0.0977,-0.0135,0.0135,0.046,,1.019,0.607,,,,,
141.69,ROTATION_SCAN,1.5325,-0.8449,0.305,-118.25,0.12,0.09,15.0,0.0962,-0.01,0.0191,0.046,,1.019,0.607,,,,,
141.754,ROTATION_SCAN,1.5361,-0.8443,0.31,-118.33,0.25,0.18,15.0,0.0926,-0.0061,0.0163,0.064,,1.006,0.609,,,,,
141.807,ROTATION_SCAN,1.5392,-0.8451,0.312,-118.1,0.38,0.17,15.0,0.0874,-0.0039,0.0241,0.064,,1.006,0.609,,,,,
141.834,ROTATION_SCAN,1.5423,-0.8452,0.31,-117.44,0.47,0.12,15.0,0.0822,-0.002,0.0228,0.081,,1.003,0.612,,,,,
141.909,ROTATION_SCAN,1.5469,-0.8456,0.312,-116.21,0.42,0.13,15.0,0.0814,0.002,0.0055,0.081,,1.003,0.612,,,,,
141.94,ROTATION_SCAN,1.5506,-0.8451,0.313,-114.88,0.52,0.05,15.0,0.0783,0.0061,0.0039,0.082,,0.984,0.624,,,,,
142.007,ROTATION_SCAN,1.5553,-0.8456,0.314,-113.62,0.52,0.15,15.0,0.0755,0.0032,0.0041,0.082,,0.984,0.624,,,,,
142.055,ROTATION_SCAN,1.5592,-0.8441,0.309,-112.27,0.52,0.27,15.0,0.0714,0.0113,-0.0017,0.098,,0.975,0.625,,,,,
142.122,ROTATION_SCAN,1.5618,-0.8442,0.311,-110.81,0.53,0.23,15.0,0.0673,0.0119,-0.0186,0.098,,0.975,0.625,,,,,
142.145,ROTATION_SCAN,1.5646,-0.843,0.309,-109.38,0.46,0.26,15.0,0.0626,0.0167,-0.015,0.12,,0.962,0.621,,,,,
142.18,ROTATION_SCAN,1.5666,-0.8423,0.309,-107.84,0.55,0.26,15.0,0.057,0.0193,-0.0221,0.12,,0.962,0.621,,,,,
142.248,ROTATION_SCAN,1.5678,-0.8413,0.308,-106.23,0.51,0.19,15.0,0.0493,0.0221,-0.0251,0.133,,0.962,0.613,,,,,
142.284,ROTATION_SCAN,1.5763,-0.8342,0.306,-104.61,0.46,0.3,15.0,0.0602,0.0411,-0.0222,0.133,,0.962,0.613,,,,,
142.329,ROTATION_SCAN,1.5792,-0.8333,0.306,-103.11,0.42,0.19,15.0,0.0571,0.041,-0.0277,0.152,,0.975,0.613,,,,,
142.392,ROTATION_SCAN,1.5817,-0.8337,0.305,-101.56,0.46,-0.13,15.0,0.052,0.0383,-0.0274,0.152,,0.975,0.613,,,,,
142.466,ROTATION_SCAN,1.5828,-0.8347,0.3,-100.19,0.46,-0.08,15.0,0.0433,0.0224,-0.0245,,,1.011,0.6,,,,,
142.514,ROTATION_SCAN,1.5815,-0.8389,0.302,-98.85,0.65,-0.29,15.0,0.0414,-0.0078,-0.0349,,,1.011,0.6,,,,,
142.54,ROTATION_SCAN,1.586,-0.8502,0.3,-97.53,0.73,-0.18,15.0,0.0355,-0.0166,-0.0257,,,1.064,0.596,,,,,
142.606,ROTATION_SCAN,1.5877,-0.8535,0.295,-96.16,0.81,0.03,15.0,0.0272,-0.0242,-0.0263,,,1.064,0.596,,,,,
142.65,ROTATION_SCAN,1.5878,-0.8597,0.298,-94.77,0.88,0.27,15.0,0.0176,-0.0321,-0.0329,,,1.113,0.586,,,,,
142.724,ROTATION_SCAN,1.5897,-0.8664,0.299,-93.4,0.83,0.57,15.0,0.0117,-0.0422,-0.0158,,,1.113,0.586,,,,,
142.74,ROTATION_SCAN,1.5884,-0.8696,0.296,-92.15,0.92,0.94,15.0,0.0018,-0.0405,-0.0142,2.99,,1.079,0.582,,,,,
142.786,ROTATION_SCAN,1.5886,-0.8768,0.296,-90.97,0.82,1.23,15.0,-0.0045,-0.042,-0.0177,2.99,,1.079,0.582,,,,,
142.867,ROTATION_SCAN,1.5886,-0.8811,0.296,-89.87,0.65,1.43,15.0,-0.0101,-0.038,-0.0119,3.006,,1.008,0.56,,,,,
142.906,ROTATION_SCAN,1.589,-0.887,0.294,-88.88,0.59,1.71,15.0,-0.0124,-0.0344,-0.0087,3.006,,1.008,0.56,,,,,
142.975,ROTATION_SCAN,1.5889,-0.8918,0.294,-87.9,0.44,1.99,15.0,-0.0178,-0.0284,-0.0106,3.058,,0.886,0.469,,,,,
143.02,RET_RECOVER_Y,1.5868,-0.8953,0.294,-86.97,0.33,2.03,-0.0,-0.0231,-0.0184,-0.007,3.058,,0.886,0.469,,1.5889,-1.0918,,
143.035,RET_RECOVER_Y,1.5858,-0.8979,0.295,-86.14,0.06,1.8,-0.0,-0.0262,-0.006,-0.0026,3.108,,0.827,,,1.5889,-1.0918,,
143.104,RET_RECOVER_Y,1.5823,-0.8983,0.292,-85.54,-0.28,1.26,-0.0,-0.0283,0.0055,0.0006,3.108,,0.827,,,1.5889,-1.0918,,
143.152,RET_RECOVER_Y,1.582,-0.9,0.295,-85.2,-0.35,0.44,-0.0,-0.0298,0.0046,-0.0042,3.123,0.411,0.804,0.072,,1.5889,-1.0918,,
143.203,RET_RECOVER_Y,1.579,-0.9029,0.291,-85.1,-0.5,-2.15,-0.0,-0.0256,-0.005,0.0069,3.123,0.411,0.804,0.072,,1.5889,-1.0918,,
143.247,RET_RECOVER_Y,1.5796,-0.9043,0.293,-85.24,-0.54,-3.74,-0.0,-0.0148,-0.03,-0.006,3.084,0.408,0.812,0.027,,1.5889,-1.0918,,
143.305,RET_RECOVER_Y,1.5798,-0.9077,0.292,-85.52,-0.44,-4.62,-0.0,-0.007,-0.0709,-0.0017,3.084,0.408,0.812,0.027,,1.5889,-1.0918,,
143.333,RET_RECOVER_Y,1.5834,-0.9209,0.295,-85.98,-0.31,-5.02,-0.0,0.0061,-0.1261,-0.0061,,0.42,0.857,0.037,,1.5889,-1.0918,,
143.41,RET_RECOVER_Y,1.584,-0.9342,0.293,-86.46,-0.08,-4.89,-0.0,0.0154,-0.1829,0.0023,,0.42,0.857,0.037,,1.5889,-1.0918,,
143.438,RET_RECOVER_Y,1.5861,-0.9483,0.293,-86.9,0.17,-4.17,-0.0,0.016,-0.2303,-0.0025,2.994,0.45,1.066,0.044,,1.5889,-1.0918,,
143.485,RET_RECOVER_Y,1.5879,-0.9662,0.29,-87.23,0.47,-3.34,-0.0,0.0183,-0.2847,-0.0007,2.994,0.45,1.066,0.044,,1.5889,-1.0918,,
143.55,RET_RECOVER_Y,1.5878,-0.9855,0.29,-87.34,0.65,-2.29,-0.0,0.0132,-0.3177,-0.0043,2.978,,1.133,0.05,,1.5889,-1.0918,,
143.595,RET_RECOVER_Y,1.5893,-1.0069,0.289,-87.29,0.68,-1.44,-0.0,0.0103,-0.3389,-0.0019,2.978,,1.133,0.05,,1.5889,-1.0918,,
143.664,RET_RECOVER_Y,1.5885,-1.0255,0.292,-86.99,0.5,-0.54,-0.0,0.0027,-0.3451,-0.0008,2.984,,1.112,0.05,,1.5889,-1.0918,,
143.681,RET_RECOVER_Y,1.5868,-1.044,0.292,-86.49,0.42,0.34,-0.0,-0.0057,-0.35,0.0101,2.984,,1.112,0.05,,1.5889,-1.0918,,
143.745,RET_RECOVER_Y,1.5873,-1.0632,0.293,-87.08,-0.21,1.02,-0.0,-0.005,-0.3543,0.0146,2.991,0.546,1.057,0.06,,,,,
143.796,ROTATION_SCAN,1.5873,-1.0797,0.295,-87.06,-0.37,1.83,-0.0,-0.0013,-0.3451,0.0178,2.991,0.546,1.057,0.06,,,,,
143.848,ROTATION_SCAN,1.5886,-1.1002,0.295,-86.94,-0.66,2.66,-0.0,0.0048,-0.3266,0.02,2.95,0.578,1.01,,,,,,
143.908,ROTATION_SCAN,1.5903,-1.1137,0.295,-86.83,-0.74,4.37,15.0,0.0121,-0.2962,0.0162,2.95,0.578,1.01,,,,,,
143.956,ROTATION_SCAN,1.5914,-1.1279,0.299,-86.7,-0.73,5.24,15.0,0.0173,-0.2569,0.0142,2.949,0.623,0.982,0.564,,,,,
144.002,ROTATION_SCAN,1.5947,-1.1402,0.299,-86.51,-0.53,5.61,15.0,0.0284,-0.2126,0.0147,2.949,0.623,0.982,0.564,,,,,
144.049,ROTATION_SCAN,1.5986,-1.1503,0.297,-86.15,-0.39,5.81,15.0,0.0332,-0.1627,0.01,2.94,0.65,0.957,,,,,,
144.079,ROTATION_SCAN,1.6015,-1.1572,0.299,-85.76,-0.19,5.68,15.0,0.035,-0.1126,0.0004,2.94,0.65,0.957,,,,,,
144.145,ROTATION_SCAN,1.6059,-1.1631,0.296,-85.21,0.03,5.31,15.0,0.0387,-0.0657,0.0034,2.941,0.669,0.949,,,,,,
144.202,ROTATION_SCAN,1.6095,-1.1652,0.299,-84.68,0.13,4.78,15.0,0.0386,-0.02,-0.0059,2.941,0.669,0.949,,,,,,
144.296,ROTATION_SCAN,1.6132,-1.1666,0.299,-84.06,0.34,3.95,15.0,0.0372,0.0168,-0.0011,2.956,0.668,0.938,,,,,,
144.322,ROTATION_SCAN,1.6166,-1.1663,0.298,-83.38,0.59,3.25,15.0,0.0337,0.0462,0.0015,2.956,0.668,0.938,,,,,,
144.33,ROTATION_SCAN,1.6193,-1.1628,0.296,-82.65,0.78,2.42,15.0,0.0278,0.0727,-0.002,2.929,0.658,0.93,,,,,,
144.406,ROTATION_SCAN,1.6225,-1.1594,0.296,-81.88,1.01,1.76,15.0,0.0227,0.0906,-0.0064,2.929,0.658,0.93,,,,,,
144.456,ROTATION_SCAN,1.6234,-1.156,0.298,-81.12,1.19,1.19,15.0,0.0116,0.0987,-0.0057,2.892,0.641,0.941,,,,,,
144.479,ROTATION_SCAN,1.6258,-1.1532,0.299,-80.28,1.3,0.69,15.0,0.0049,0.1013,0.0013,2.892,0.641,0.941,,,,,,
144.531,ROTATION_SCAN,1.6252,-1.1485,0.299,-79.52,1.37,0.44,15.0,-0.0085,0.1023,0.0016,,0.632,0.961,,,,,,
144.602,ROTATION_SCAN,1.6246,-1.1442,0.298,-78.72,1.43,0.16,15.0,-0.0206,0.1006,-0.0001,,0.632,0.961,,,,,,
144.64,ROTATION_SCAN,1.624,-1.1404,0.297,-77.93,1.27,-0.03,15.0,-0.0302,0.0962,-0.0024,,0.618,1.016,,,,,,
144.713,ROTATION_SCAN,1.6215,-1.1383,0.298,-77.17,1.15,-0.05,15.0,-0.0421,0.0858,-0.0025,,0.618,1.016,,,,,,
144.772,ROTATION_SCAN,1.6181,-1.1339,0.301,-76.38,1.03,-0.03,15.0,-0.0538,0.0836,-0.0021,,0.613,1.064,,,,,,
144.818,ROTATION_SCAN,1.616,-1.1325,0.3,-75.68,0.76,-0.01,15.0,-0.0594,0.0739,0.006,,0.613,1.064,,,,,,
144.851,ROTATION_SCAN,1.6109,-1.1319,0.299,-74.95,0.57,0.12,15.0,-0.0698,0.0642,0.0026,,0.607,,,,,,,
144.906,ROTATION_SCAN,1.6072,-1.131,0.299,-74.26,0.31,0.23,15.0,-0.0742,0.0582,-0.0038,,0.607,,,,,,,
144.954,ROTATION_SCAN,1.603,-1.1331,0.301,-73.56,0.08,0.29,15.0,-0.0775,0.0467,-0.0013,0.886,0.61,1.011,,,,,,
144.986,ROTATION_SCAN,1.5992,-1.1339,0.299,-72.84,-0.22,0.41,15.0,-0.0781,0.0417,0.0016,0.886,0.61,1.011,,,,,,
145.055,ROTATION_SCAN,1.5956,-1.1355,0.296,-72.13,-0.49,0.51,15.0,-0.0761,0.0368,-0.0048,0.847,0.598,,,,,,,
145.106,ROTATION_SCAN,1.5927,-1.1362,0.3,-71.42,-0.82,0.63,15.0,-0.0689,0.0316,-0.0108,0.847,0.598,,,,,,,
145.152,ROTATION_SCAN,1.5903,-1.1388,0.297,-70.74,-0.98,0.64,15.0,-0.062,0.0311,0.0012,0.803,0.541,0.837,,,,,,
145.199,ROTATION_SCAN,1.5877,-1.1404,0.296,-70.02,-1.08,0.86,15.0,-0.056,0.0326,-0.0051,0.803,0.541,0.837,,,,,,
145.232,ROTATION_SCAN,1.5864,-1.1419,0.295,-69.36,-1.08,0.88,15.0,-0.045,0.0343,-0.007,0.774,0.432,0.811,,,,,,
145.279,ROTATION_SCAN,1.5855,-1.1428,0.295,-68.65,-1.11,1.0,15.0,-0.038,0.0411,-0.0046,0.774,0.432,0.811,,,,,,
145.341,ROTATION_SCAN,1.5832,-1.1417,0.297,-67.98,-0.98,0.92,15.0,-0.0323,0.0457,-0.0045,0.732,0.322,0.793,,,,,,
145.384,ROTATION_SCAN,1.5825,-1.1409,0.296,-67.3,-1.03,0.89,15.0,-0.0273,0.0564,0.0049,0.732,0.322,0.793,,,,,,
145.445,ROTATION_SCAN,1.5811,-1.1384,0.296,-66.66,-0.97,0.79,15.0,-0.0224,0.0651,0.0013,0.686,0.259,0.781,,,,,,
145.51,ROTATION_SCAN,1.5826,-1.1359,0.297,-66.01,-0.89,0.65,15.0,-0.0121,0.072,0.0008,0.686,0.259,0.781,,,,,,
145.543,ROTATION_SCAN,1.5831,-1.1356,0.296,-65.35,-0.71,0.53,15.0,-0.012,0.069,0.0053,0.649,0.233,0.78,,,,,,
145.601,ROTATION_SCAN,1.5841,-1.1392,0.298,-64.65,-0.52,0.41,15.0,0.0022,0.0682,0.0025,0.649,0.233,0.78,,,,,,
145.63,ROTATION_SCAN,1.5833,-1.1365,0.299,-63.96,-0.31,0.45,15.0,0.007,0.0605,0.0078,0.619,0.212,0.779,,,,,,
145.703,ROTATION_SCAN,1.587,-1.1402,0.298,-63.3,-0.23,0.51,15.0,0.0087,0.0549,0.0097,0.619,0.212,0.779,,,,,,
145.74,ROTATION_SCAN,1.5896,-1.1412,0.299,-62.68,-0.21,0.61,15.0,0.0071,0.0516,0.0079,0.588,0.2,0.779,,,,,,
145.794,ROTATION_SCAN,1.5866,-1.1425,0.299,-62.03,-0.09,0.76,15.0,0.0034,0.0504,0.008,0.588,0.2,0.779,,,,,,
145.867,ROTATION_SCAN,1.5885,-1.1443,0.299,-61.39,-0.23,0.67,15.0,0.0046,0.0504,0.0064,0.557,0.191,0.781,1.404,,,,,
145.883,ROTATION_SCAN,1.5878,-1.146,0.299,-60.71,-0.23,0.72,15.0,-0.0195,0.0462,0.0064,0.557,0.191,0.781,1.404,,,,,
145.952,ROTATION_SCAN,1.5952,-1.1358,0.299,-60.02,-0.39,0.83,15.0,0.0166,0.0698,0.0037,0.533,0.191,0.783,1.384,,,,,
145.996,ROTATION_SCAN,1.5975,-1.1341,0.302,-59.27,-0.18,0.8,15.0,0.0193,0.071,0.0036,0.533,0.191,0.783,1.384,,,,,
146.076,ROTATION_SCAN,1.5992,-1.1319,0.304,-58.54,-0.03,0.9,15.0,0.0182,0.0745,0.0111,0.507,0.186,0.789,1.347,,,,,
146.097,ROTATION_SCAN,1.6008,-1.1322,0.303,-57.75,0.21,0.86,15.0,0.0149,0.0739,0.013,0.507,0.186,0.789,1.347,,,,,
146.153,ROTATION_SCAN,1.6046,-1.128,0.301,-57.02,0.29,0.94,15.0,0.0174,0.078,0.0079,0.482,0.174,0.802,1.334,,,,,
146.187,ROTATION_SCAN,1.6064,-1.1259,0.3,-56.28,0.44,0.91,15.0,0.0128,0.0775,0.0,0.482,0.174,0.802,1.334,,,,,
146.264,ROTATION_SCAN,1.6057,-1.1242,0.301,-55.55,0.56,0.92,15.0,0.0012,0.0794,-0.0016,0.461,0.169,0.809,1.319,,,,,
146.306,ROTATION_SCAN,1.6049,-1.1213,0.303,-54.86,0.66,0.83,15.0,-0.0085,0.0803,0.0028,0.461,0.169,0.809,1.319,,,,,
146.348,ROTATION_SCAN,1.604,-1.1191,0.305,-54.19,0.62,0.85,15.0,-0.0177,0.079,0.0052,0.447,0.157,0.824,1.307,,,,,
146.42,ROTATION_SCAN,1.6023,-1.1156,0.3,-53.49,0.56,0.69,15.0,-0.027,0.0804,0.0096,0.447,0.157,0.824,1.307,,,,,
146.436,ROTATION_SCAN,1.5962,-1.1143,0.303,-52.77,0.48,0.47,15.0,-0.0435,0.0744,-0.0053,0.439,0.154,0.844,,,,,,
146.506,ROTATION_SCAN,1.5926,-1.1157,0.303,-52.09,0.24,0.24,15.0,-0.0498,0.0622,0.004,0.439,0.154,0.844,,,,,,
146.565,ROTATION_SCAN,1.5891,-1.1167,0.301,-51.37,0.05,0.15,15.0,-0.0545,0.0576,0.0015,0.425,0.143,0.853,,,,,,
146.579,ROTATION_SCAN,1.5857,-1.1201,0.304,-50.56,-0.1,0.03,15.0,-0.0527,0.0474,-0.0041,0.425,0.143,0.853,,,,,,
146.645,ROTATION_SCAN,1.5826,-1.1206,0.307,-49.76,-0.37,-0.04,15.0,-0.0542,0.0381,0.003,0.417,0.131,0.881,,,,,,
146.727,ROTATION_SCAN,1.5847,-1.1231,0.305,-48.96,-0.67,-0.02,15.0,-0.0416,0.0312,0.0089,0.417,0.131,0.881,,,,,,
146.752,ROTATION_SCAN,1.584,-1.1248,0.305,-48.05,-0.84,-0.01,15.0,-0.0325,0.0281,0.0022,0.408,0.129,0.898,,,,,,
146.796,ROTATION_SCAN,1.5834,-1.1244,0.306,-47.21,-0.96,0.11,15.0,-0.0248,0.0315,0.0023,0.408,0.129,0.898,,,,,,
146.852,ROTATION_SCAN,1.5856,-1.1273,0.306,-46.33,-1.0,0.15,15.0,-0.0155,0.0344,0.0034,0.398,0.123,0.917,,,,,,
146.884,ROTATION_SCAN,1.5913,-1.1305,0.303,-45.47,-1.05,0.2,15.0,0.0055,0.0248,-0.0014,0.398,0.123,0.917,,,,,,
146.957,ROTATION_SCAN,1.5947,-1.1294,0.306,-44.65,-1.0,0.4,15.0,0.0159,0.0314,-0.0079,0.392,0.123,0.932,,,,,,
146.993,ROTATION_SCAN,1.597,-1.1336,0.302,-43.77,-0.82,0.54,15.0,0.0255,0.0323,0.0003,0.392,0.123,0.932,,,,,,
147.075,ROTATION_SCAN,1.6035,-1.1299,0.305,-42.97,-0.71,0.69,15.0,0.032,0.0395,-0.0111,0.388,0.127,0.947,,,,,,
147.105,ROTATION_SCAN,1.6081,-1.1298,0.3,-42.14,-0.45,0.86,15.0,0.037,0.0461,-0.0015,0.388,0.127,0.947,,,,,,
147.155,ROTATION_SCAN,1.6121,-1.1281,0.302,-41.32,-0.09,1.09,15.0,0.0384,0.0525,-0.0146,0.39,0.13,0.964,,,,,,
147.191,ROTATION_SCAN,1.6156,-1.1275,0.299,-40.49,0.28,1.37,15.0,0.0352,0.0519,-0.0086,0.39,0.13,0.964,,,,,,
147.24,ROTATION_SCAN,1.6196,-1.1262,0.305,-39.62,0.55,1.51,15.0,0.0295,0.0537,-0.013,0.394,0.134,0.989,,,,,,
147.315,ROTATION_SCAN,1.622,-1.1258,0.299,-38.8,0.72,1.62,15.0,0.018,0.0545,0.0012,0.394,0.134,0.989,,,,,,
147.343,ROTATION_SCAN,1.6245,-1.1227,0.303,-37.96,0.82,1.71,15.0,0.0094,0.0598,-0.0118,0.409,0.136,1.016,,,,,,
147.409,ROTATION_SCAN,1.6267,-1.1185,0.303,-37.19,0.98,1.76,15.0,-0.0041,0.0644,-0.0014,0.409,0.136,1.016,,,,,,
147.467,ROTATION_SCAN,1.627,-1.1159,0.303,-36.41,0.97,1.66,15.0,-0.0213,0.0648,-0.0019,0.415,0.132,1.033,,,,,,
147.511,ROTATION_SCAN,1.6252,-1.1143,0.302,-35.72,1.01,1.54,15.0,-0.0356,0.0619,-0.004,0.415,0.132,1.033,,,,,,
147.56,ROTATION_SCAN,1.622,-1.1125,0.302,-35.05,0.95,1.35,15.0,-0.0547,0.0574,-0.0064,0.423,0.136,1.058,,,,,,
147.593,ROTATION_SCAN,1.6181,-1.1115,0.304,-34.41,0.79,1.16,15.0,-0.0687,0.0517,-0.0055,0.423,0.136,1.058,,,,,,
147.66,ROTATION_SCAN,1.6156,-1.1119,0.304,-33.79,0.63,0.93,15.0,-0.0766,0.0459,-0.0005,0.439,0.127,1.076,,,,,,
147.681,ROTATION_SCAN,1.6107,-1.1104,0.298,-33.12,0.46,0.67,15.0,-0.0872,0.0434,-0.0013,0.439,0.127,1.076,,,,,,
147.815,ROTATION_SCAN,1.6081,-1.1104,0.303,-32.48,0.14,0.4,15.0,-0.0865,0.0369,-0.0145,0.454,0.12,1.107,,,,,,
147.843,ROTATION_SCAN,1.6039,-1.1092,0.298,-31.77,-0.1,0.12,15.0,-0.0905,0.0355,0.0026,0.454,0.12,1.107,,,,,,
147.877,ROTATION_SCAN,1.6004,-1.1097,0.301,-31.11,-0.48,-0.06,15.0,-0.0848,0.0316,-0.0093,0.469,0.112,1.132,,,,,,
147.908,ROTATION_SCAN,1.597,-1.1105,0.3,-30.41,-0.57,-0.39,15.0,-0.0785,0.0301,0.0025,0.469,0.112,1.132,,,,,,
147.971,ROTATION_SCAN,1.594,-1.11,0.299,-29.74,-0.83,-0.46,15.0,-0.0722,0.0304,0.0005,0.491,0.108,1.149,,,,,,
147.989,ROTATION_SCAN,1.5911,-1.1097,0.301,-29.02,-0.85,-0.46,15.0,-0.064,0.0316,-0.0025,0.491,0.108,1.149,,,,,,
148.045,ROTATION_SCAN,1.5888,-1.1075,0.301,-28.31,-0.8,-0.37,15.0,-0.0549,0.0348,0.0042,0.5,0.115,1.184,,,,,,
148.084,ROTATION_SCAN,1.5864,-1.1066,0.301,-27.63,-0.87,-0.33,15.0,-0.0468,0.0403,0.0025,0.5,0.115,1.184,,,,,,
148.158,ROTATION_SCAN,1.5853,-1.1057,0.303,-26.92,-0.83,-0.41,15.0,-0.0403,0.0418,0.0019,,0.12,,,,,,,
148.203,ROTATION_SCAN,1.5852,-1.1037,0.301,-26.2,-0.79,-0.42,15.0,-0.0275,0.0426,0.0063,,0.12,,,,,,,
148.255,ROTATION_SCAN,1.5866,-1.1054,0.3,-25.39,-0.55,-0.38,15.0,-0.0162,0.0424,0.0002,,0.122,,,,,,,
148.293,ROTATION_SCAN,1.5871,-1.101,0.299,-24.67,-0.42,-0.23,15.0,-0.0094,0.0501,-0.0038,,0.122,,,,,,,
148.361,ROTATION_SCAN,1.5902,-1.1027,0.299,-23.91,-0.27,-0.29,15.0,-0.0054,0.0423,-0.005,,0.124,,,,,,,
148.379,ROTATION_SCAN,1.5892,-1.103,0.3,-23.15,-0.13,-0.08,15.0,-0.0082,0.0391,-0.004,,0.124,,,,,,,
148.457,ROTATION_SCAN,1.5923,-1.1033,0.301,-22.4,-0.08,0.1,15.0,0.0013,0.0312,-0.0029,,0.123,,,,,,,
148.485,ROTATION_SCAN,1.5924,-1.1025,0.301,-21.63,-0.15,0.16,15.0,0.0063,0.0306,0.0012,,0.123,,,,,,,
148.534,ROTATION_SCAN,1.5907,-1.1037,0.299,-20.88,-0.18,0.35,15.0,0.0023,0.0316,-0.0007,0.709,0.127,,,,,,,
148.614,ROTATION_SCAN,1.6007,-1.1049,0.3,-20.11,-0.23,0.31,15.0,0.0253,0.025,-0.0068,0.709,0.127,,,,,,,
148.627,ROTATION_SCAN,1.6041,-1.1039,0.303,-19.37,-0.17,0.55,15.0,0.0276,0.0278,-0.0028,0.688,0.134,,,,,,,
148.697,ROTATION_SCAN,1.6094,-1.1042,0.301,-18.58,-0.24,0.73,15.0,0.0291,0.0295,0.0034,0.688,0.134,,,,,,,
148.76,ROTATION_SCAN,1.6113,-1.1021,0.301,-17.79,-0.28,1.07,15.0,0.0273,0.0308,-0.0054,0.67,0.143,,,,,,,
148.793,ROTATION_SCAN,1.6154,-1.1019,0.3,-16.96,-0.26,1.15,15.0,0.0268,0.0357,-0.0039,0.67,0.143,,,,,,,
148.843,ROTATION_SCAN,1.6195,-1.0996,0.298,-16.15,-0.2,1.31,15.0,0.0209,0.0405,-0.0062,0.662,0.144,,,,,,,
148.899,ROTATION_SCAN,1.6218,-1.0965,0.3,-15.32,-0.05,1.46,15.0,0.0151,0.0466,-0.0121,0.662,0.144,,,,,,,
148.944,ROTATION_SCAN,1.6242,-1.0943,0.299,-14.51,0.11,1.45,15.0,0.0061,0.0491,-0.0053,0.662,0.15,,,,,,,
149.013,ROTATION_SCAN,1.6251,-1.0925,0.299,-13.71,0.26,1.55,15.0,-0.0045,0.05,-0.007,0.662,0.15,,,,,,,
149.028,ROTATION_SCAN,1.6268,-1.0904,0.298,-12.9,0.39,1.41,15.0,-0.0101,0.0523,-0.0069,0.667,0.148,,2.916,,,,,
149.107,ROTATION_SCAN,1.6267,-1.0863,0.299,-12.1,0.38,1.37,15.0,-0.0213,0.0524,-0.0053,0.667,0.148,,2.916,,,,,
149.135,ROTATION_SCAN,1.6274,-1.0835,0.3,-11.28,0.55,1.29,15.0,-0.0278,0.0512,-0.0018,0.678,0.153,,,,,,,
149.206,ROTATION_SCAN,1.6276,-1.0813,0.299,-10.41,0.7,1.25,15.0,-0.0346,0.0488,0.0009,0.678,0.153,,,,,,,
149.262,ROTATION_SCAN,1.6266,-1.0786,0.298,-9.54,0.78,1.18,15.0,-0.0434,0.0444,-0.0026,0.69,0.145,,2.826,,,,,
149.278,ROTATION_SCAN,1.6249,-1.0764,0.3,-8.64,0.7,1.04,15.0,-0.0531,0.0383,-0.0031,0.69,0.145,,2.826,,,,,
149.36,ROTATION_SCAN,1.6219,-1.074,0.299,-7.81,0.7,0.78,15.0,-0.0624,0.0364,0.0014,0.703,0.17,,2.782,,,,,
149.386,ROTATION_SCAN,1.6195,-1.0718,0.297,-6.95,0.69,0.79,15.0,-0.0667,0.0318,-0.0031,0.703,0.17,,2.782,,,,,
149.437,ROTATION_SCAN,1.6161,-1.0702,0.295,-6.13,0.77,0.55,15.0,-0.0752,0.0264,-0.0073,0.711,0.176,,2.754,,,,,
149.507,ROTATION_SCAN,1.6105,-1.068,0.298,-5.36,0.74,0.37,15.0,-0.0816,0.0233,-0.0095,0.711,0.176,,2.754,,,,,
149.55,ROTATION_SCAN,1.6094,-1.0685,0.297,-4.62,0.75,0.02,15.0,-0.0785,0.0135,0.0008,0.728,0.203,,2.742,,,,,
149.6,ROTATION_SCAN,1.6092,-1.0698,0.298,-3.85,0.8,-0.23,15.0,-0.0698,0.0015,0.0019,0.728,0.203,,2.742,,,,,
149.641,ROTATION_SCAN,1.6068,-1.0708,0.297,-3.06,0.85,-0.19,15.0,-0.0625,-0.0094,0.0047,0.742,0.229,,,,,,,
149.692,ROTATION_SCAN,1.6058,-1.0723,0.297,-2.27,0.63,-0.28,15.0,-0.0569,-0.0189,0.0045,0.742,0.229,,,,,,,
149.775,ROTATION_SCAN,1.6073,-1.0781,0.298,-1.53,0.47,-0.37,15.0,-0.0454,-0.036,0.0039,0.757,0.25,,2.734,,,,,
149.794,ROTATION_SCAN,1.6079,-1.0816,0.299,-0.78,0.25,-0.22,15.0,-0.0353,-0.0392,0.0085,0.757,0.25,,2.734,,,,,
149.853,ROTATION_SCAN,1.6113,-1.0835,0.299,-0.07,-0.02,-0.2,15.0,-0.0229,-0.0471,0.009,0.776,0.288,,2.789,,,,,
149.935,ROTATION_SCAN,1.6124,-1.086,0.299,0.63,-0.24,0.01,15.0,-0.017,-0.043,0.0101,0.776,0.288,,2.789,,,,,
149.992,RET_RECOVER_X,1.6151,-1.091,0.301,1.36,-0.37,0.11,-0.0,-0.0091,-0.045,0.0088,0.784,0.332,,,,1.4113,-1.0835,,
150.0,RET_RECOVER_X,1.6186,-1.0926,0.302,1.96,-0.6,0.03,-0.0,-0.003,-0.0421,0.0112,0.784,0.332,,,,1.4113,-1.0835,,
150.039,RET_RECOVER_X,1.6202,-1.0949,0.3,2.45,-0.63,-0.01,-0.0,0.0025,-0.0381,0.0146,0.792,0.422,,2.851,,1.4113,-1.0835,,
150.101,RET_RECOVER_X,1.625,-1.0952,0.302,2.82,-0.75,0.44,-0.0,0.0153,-0.0307,0.0094,0.792,0.422,,2.851,,1.4113,-1.0835,,
150.148,RET_RECOVER_X,1.6289,-1.0978,0.304,3.13,-0.85,2.76,-0.0,0.0148,-0.0241,0.0133,0.78,0.503,,2.849,,1.4113,-1.0835,,
150.185,RET_RECOVER_X,1.6332,-1.0979,0.304,3.45,-0.91,4.33,-0.0,-0.0107,-0.016,0.0115,0.78,0.503,,2.849,,1.4113,-1.0835,,
150.233,RET_RECOVER_X,1.6352,-1.0981,0.306,3.64,-1.01,5.19,-0.0,-0.0404,-0.0109,0.007,0.752,0.573,,2.897,,1.4113,-1.0835,,
150.301,RET_RECOVER_X,1.6359,-1.0989,0.306,3.68,-1.03,5.64,-0.0,-0.0822,-0.0044,0.0092,0.752,0.573,,2.897,,1.4113,-1.0835,,
150.327,RET_RECOVER_X,1.631,-1.0993,0.303,3.59,-0.88,5.63,-0.0,-0.1277,0.0014,0.0048,0.748,0.61,,2.868,,1.4113,-1.0835,,
150.42,RET_RECOVER_X,1.6251,-1.0985,0.305,3.41,-0.76,5.27,-0.0,-0.1734,0.0077,-0.0038,0.748,0.61,,2.868,,1.4113,-1.0835,,
150.436,RET_RECOVER_X,1.6165,-1.0978,0.301,3.12,-0.65,4.69,-0.0,-0.217,0.0107,-0.0002,0.756,,,2.822,,1.4113,-1.0835,,
150.526,RET_RECOVER_X,1.6034,-1.0966,0.3,2.82,-0.51,4.03,-0.0,-0.2557,0.0166,-0.0079,0.756,,,2.822,,1.4113,-1.0835,,
150.579,RET_RECOVER_X,1.5904,-1.0955,0.303,2.54,-0.36,3.29,-0.0,-0.2867,0.0198,-0.0099,0.781,,,2.817,,1.4113,-1.0835,,
150.597,RET_RECOVER_X,1.579,-1.0945,0.302,2.25,-0.24,2.54,-0.0,-0.3041,0.0226,0.0,0.781,,,2.817,,1.4113,-1.0835,,
150.676,RET_RECOVER_X,1.565,-1.0939,0.301,1.98,-0.17,1.83,-0.0,-0.3193,0.0222,-0.0024,0.813,,,2.804,,1.4113,-1.0835,,
150.704,RET_RECOVER_X,1.5579,-1.0962,0.3,0.09,-0.06,0.36,-0.0,-0.3095,0.013,-0.0419,0.813,,,2.804,,1.4113,-1.0835,,
150.738,RET_RECOVER_X,1.5546,-1.1019,0.302,-2.34,1.31,-1.27,-0.0,-0.2744,-0.0147,0.0127,0.834,,,2.725,,1.4113,-1.0835,,
150.784,RET_RECOVER_X,1.5574,-1.1121,0.304,-3.31,-0.18,-0.12,-0.0,-0.2276,-0.0499,0.0208,0.834,,,2.725,,1.4113,-1.0835,,
150.847,RET_RECOVER_X,1.5619,-1.1219,0.303,-3.39,-1.07,0.81,-0.0,-0.1916,-0.0655,0.0176,0.772,0.366,,2.728,,1.4113,-1.0835,,
150.901,RET_RECOVER_X,1.5655,-1.1318,0.306,-3.08,-1.41,1.41,-0.0,-0.1673,-0.0731,0.0168,0.772,0.366,,2.728,,1.4113,-1.0835,,
150.931,RET_RECOVER_X,1.5669,-1.1401,0.308,-2.46,-2.06,2.16,-0.0,-0.1563,-0.0704,0.0116,0.753,0.458,,2.745,,1.4113,-1.0835,,
151.012,RET_RECOVER_X,1.5679,-1.1472,0.312,-1.68,-2.68,2.76,-0.0,-0.1534,-0.0611,0.0103,0.753,0.458,,2.745,,1.4113,-1.0835,,
151.033,RET_RECOVER_X,1.5674,-1.1539,0.311,-0.87,-2.98,3.12,-0.0,-0.1584,-0.043,0.0104,0.751,0.586,,2.72,,1.4113,-1.0835,,
151.093,RET_RECOVER_X,1.5639,-1.1583,0.311,-0.08,-3.08,3.5,-0.0,-0.1729,-0.0223,0.0015,0.751,0.586,,2.72,,1.4113,-1.0835,,
151.161,RET_RECOVER_X,1.558,-1.16,0.308,0.64,-2.98,3.4,-0.0,-0.1936,0.0023,-0.0055,0.761,,,2.74,,1.4113,-1.0835,,
151.195,RET_RECOVER_X,1.5504,-1.1606,0.308,1.22,-2.97,3.3,-0.0,-0.2123,0.024,-0.0164,0.761,,,2.74,,1.4113,-1.0835,,
151.228,RET_RECOVER_X,1.5448,-1.16,0.303,1.72,-2.78,2.82,-0.0,-0.2299,0.0522,-0.0159,0.775,,,2.779,,1.4113,-1.0835,,
151.295,RET_RECOVER_X,1.5348,-1.1561,0.301,2.02,-2.54,2.37,-0.0,-0.2442,0.077,-0.0268,0.775,,,2.779,,1.4113,-1.0835,,
151.378,RET_RECOVER_X,1.5241,-1.1515,0.299,2.18,-2.03,1.98,-0.0,-0.2557,0.0992,-0.0243,0.803,,,2.781,,1.4113,-1.0835,,
151.389,RET_RECOVER_X,1.5147,-1.1465,0.299,2.26,-1.58,1.69,-0.0,-0.2656,0.117,-0.0228,0.803,,,2.781,,1.4113,-1.0835,,
151.448,RET_RECOVER_X,1.5039,-1.141,0.295,2.15,-1.33,1.33,-0.0,-0.275,0.1308,-0.0219,0.836,,,,,1.4113,-1.0835,,
151.507,RET_RECOVER_X,1.4908,-1.1348,0.298,1.91,-1.05,1.11,-0.0,-0.2854,0.1422,-0.0233,0.836,,,,,1.4113,-1.0835,,
151.537,RET_RECOVER_X,1.4776,-1.1254,0.296,1.64,-0.89,0.74,-0.0,-0.2878,0.1535,-0.0138,0.864,,,2.756,,1.4113,-1.0835,,
151.629,RET_RECOVER_X,1.4659,-1.122,0.299,5.03,0.69,0.98,-0.0,-0.284,0.1447,-0.0322,0.864,,,2.756,,1.4113,-1.0835,,
151.658,RET_RECOVER_X,1.4578,-1.125,0.299,8.5,1.12,1.42,-0.0,-0.2833,0.1164,0.02,0.908,,0.002,,,1.4113,-1.0835,,
151.728,RET_RECOVER_X,1.4457,-1.1279,0.301,9.66,-0.17,0.33,-0.0,-0.2907,0.0832,0.0233,0.908,,0.002,,,1.4113,-1.0835,,
151.762,RET_RECOVER_X,1.4318,-1.1329,0.302,9.51,-0.61,-0.26,-0.0,-0.282,0.0669,0.0187,1.003,,0.053,2.932,,1.4113,-1.0835,,
151.794,RET_RECOVER_X,1.4193,-1.1358,0.3,8.68,-0.64,-0.61,-0.0,-0.2779,0.0622,0.0123,1.003,,0.053,2.932,,1.4113,-1.0835,,
151.843,RET_RECOVER_X,1.4049,-1.1379,0.301,7.59,-0.57,-1.54,-0.0,-0.2666,0.0575,-0.0017,1.005,,0.057,2.877,,1.4113,-1.0835,,
151.881,RET_RECOVER_X,1.3926,-1.1383,0.303,6.39,-0.24,-2.86,-0.0,-0.2476,0.0578,-0.0053,1.005,,0.057,2.877,,1.4113,-1.0835,,
151.952,RET_RECOVER_X,1.3815,-1.136,0.305,5.23,0.1,-3.56,-0.0,-0.2216,0.0581,-0.0023,1.014,,0.051,2.773,,1.4113,-1.0835,,
151.986,RET_RECOVER_X,1.3723,-1.1347,0.306,4.2,0.26,-3.87,-0.0,-0.1896,0.0602,-0.0037,1.014,,0.051,2.773,,1.4113,-1.0835,,
152.068,RET_RECOVER_X,1.3634,-1.1357,0.304,3.33,1.06,-3.77,-0.0,-0.1567,0.0481,-0.0123,0.996,,0.046,2.737,,,,,
152.162,ROTATION_SCAN,1.355,-1.1399,0.303,2.7,0.73,-3.68,-0.0,-0.1275,0.0298,-0.0077,0.996,,0.046,2.737,,,,,
152.218,ROTATION_SCAN,1.3483,-1.1425,0.3,2.11,0.64,-3.25,-0.0,-0.1009,0.0215,-0.016,0.947,0.446,0.046,2.726,,,,,
152.228,ROTATION_SCAN,1.3429,-1.1426,0.299,1.71,0.92,-2.88,-0.0,-0.074,0.015,-0.0169,0.947,0.446,0.046,2.726,,,,,
152.286,ROTATION_SCAN,1.341,-1.1437,0.299,1.68,0.53,-2.29,-0.0,-0.05,0.0014,-0.0171,0.895,0.429,0.049,2.688,,,,,
152.352,ROTATION_SCAN,1.3394,-1.1485,0.297,1.6,0.17,-1.71,15.0,-0.031,-0.0051,-0.0108,0.895,0.429,0.049,2.688,,,,,
152.391,ROTATION_SCAN,1.3381,-1.1489,0.296,1.43,-0.11,-1.22,15.0,-0.0181,-0.006,-0.013,0.84,0.438,0.047,2.757,,,,,
152.401,ROTATION_SCAN,1.3374,-1.1513,0.299,1.75,-0.15,-0.72,15.0,-0.0097,-0.0069,-0.0123,0.84,0.438,0.047,2.757,,,,,
152.455,ROTATION_SCAN,1.3373,-1.1521,0.299,2.65,-0.31,-0.5,15.0,-0.0033,-0.0059,0.0051,0.79,0.437,0.047,2.729,,,,,
152.487,ROTATION_SCAN,1.3362,-1.1536,0.298,3.74,-0.33,-0.29,15.0,-0.0037,-0.0021,0.0038,0.79,0.437,0.047,2.729,,,,,
152.569,ROTATION_SCAN,1.3322,-1.1535,0.3,4.96,-0.44,-0.19,15.0,-0.0103,0.0001,0.0021,0.728,0.503,0.051,2.745,,,,,
152.616,ROTATION_SCAN,1.3311,-1.1545,0.299,6.32,-0.5,-0.18,15.0,-0.0104,0.0031,0.0131,0.728,0.503,0.051,2.745,,,,,
152.635,ROTATION_SCAN,1.3281,-1.1578,0.305,6.15,-0.53,-0.35,15.0,-0.0142,0.0016,0.0065,0.672,1.555,0.061,2.761,,,,,
152.705,ROTATION_SCAN,1.3214,-1.1583,0.304,6.42,-0.6,-0.26,15.0,-0.0274,0.0053,0.0186,0.672,1.555,0.061,2.761,,,,,
152.749,ROTATION_SCAN,1.3184,-1.1596,0.304,6.58,-0.48,-0.49,15.0,-0.0282,0.0083,0.0087,0.662,,0.082,2.769,,,,,
152.822,ROTATION_SCAN,1.3135,-1.1625,0.302,6.74,-0.5,-0.68,15.0,-0.0317,0.0079,0.0034,0.662,,0.082,2.769,,,,,
152.866,ROTATION_SCAN,1.3091,-1.1622,0.302,6.75,-0.39,-0.8,15.0,-0.0379,0.0107,-0.0073,0.657,,,2.758,,,,,
152.92,ROTATION_SCAN,1.3049,-1.1639,0.298,6.79,-0.26,-1.04,15.0,-0.0316,0.0123,-0.0065,0.657,,,2.758,,,,,
152.936,ROTATION_SCAN,1.3017,-1.1639,0.301,6.8,-0.18,-1.22,15.0,-0.0256,0.0146,-0.017,0.655,,0.201,2.754,,,,,
153.025,ROTATION_SCAN,1.2984,-1.1633,0.299,6.85,-0.26,-1.47,15.0,-0.0166,0.0163,-0.0065,0.655,,0.201,2.754,,,,,
153.04,ROTATION_SCAN,1.2992,-1.1625,0.299,6.85,-0.32,-1.35,15.0,-0.0044,0.0205,-0.0073,0.651,,0.205,2.751,,,,,
153.113,ROTATION_SCAN,1.2984,-1.1625,0.302,6.92,-0.24,-1.45,15.0,0.0052,0.0225,-0.0029,0.651,,0.205,2.751,,,,,
153.217,ROTATION_SCAN,1.299,-1.1613,0.302,6.84,-0.19,-1.5,15.0,0.018,0.0258,0.007,0.646,,0.207,2.785,,,,,
153.227,ROTATION_SCAN,1.3002,-1.1599,0.301,6.9,-0.29,-1.39,15.0,0.0299,0.0292,0.0083,0.646,,0.207,2.785,,,,,
153.237,ROTATION_SCAN,1.3042,-1.1594,0.304,6.87,-0.29,-1.23,15.0,0.0452,0.031,0.0031,0.644,,0.205,2.745,,,,,
153.312,ROTATION_SCAN,1.3068,-1.1611,0.301,6.84,-0.32,-1.02,15.0,0.0567,0.0292,0.0122,0.644,,0.205,2.745,,,,,
153.342,ROTATION_SCAN,1.3087,-1.1608,0.303,6.9,-0.43,-0.74,15.0,0.06,0.0285,0.0054,0.641,,0.197,2.759,,,,,
153.395,ROTATION_SCAN,1.3083,-1.1636,0.303,6.88,-0.43,-0.45,15.0,0.0583,0.0282,0.0115,0.641,,0.197,2.759,,,,,
153.434,ROTATION_SCAN,1.3079,-1.1647,0.308,6.9,-0.39,-0.35,15.0,0.0548,0.0277,0.0144,0.638,1.6,0.191,2.776,,,,,
153.488,ROTATION_SCAN,1.3108,-1.1632,0.308,6.92,-0.31,-0.42,15.0,0.0578,0.0313,0.0243,0.638,1.6,0.191,2.776,,,,,
153.576,ROTATION_SCAN,1.3138,-1.1615,0.311,6.96,-0.35,-0.3,15.0,0.0607,0.0344,0.0225,0.639,1.592,0.195,2.782,,,,,
153.601,ROTATION_SCAN,1.3136,-1.1608,0.309,6.98,-0.37,-0.24,15.0,0.0548,0.0273,0.0279,0.639,1.592,0.195,2.782,,,,,
153.683,ROTATION_SCAN,1.3116,-1.1634,0.312,7.04,-0.35,-0.25,15.0,0.041,0.03,0.0207,0.637,,0.201,2.765,,,,,
153.698,ROTATION_SCAN,1.3074,-1.1644,0.314,7.13,-0.35,-0.26,15.0,0.0349,0.0291,0.0229,0.637,,0.201,2.765,,,,,
153.753,ROTATION_SCAN,1.3002,-1.1687,0.314,7.22,-0.3,-0.27,15.0,0.0247,0.0234,0.0277,0.643,,0.202,2.756,,,,,
153.809,ROTATION_SCAN,1.2989,-1.1716,0.315,7.45,-0.35,-0.41,15.0,0.0168,0.0175,0.0253,0.643,,0.202,2.756,,,,,
153.844,ROTATION_SCAN,1.2923,-1.1738,0.317,7.8,-0.27,-0.65,15.0,0.0105,0.0155,0.0224,0.645,,0.155,2.799,,,,,
153.876,ROTATION_SCAN,1.2882,-1.1737,0.318,8.22,-0.39,-0.82,15.0,0.0108,0.0144,0.0237,0.645,,0.155,2.799,,,,,
153.965,ROTATION_SCAN,1.2864,-1.1762,0.322,8.73,-0.45,-1.03,15.0,0.0116,0.0173,0.022,0.646,,0.091,,,,,,
153.977,ROTATION_SCAN,1.2831,-1.179,0.324,9.38,-0.47,-1.15,15.0,0.0136,0.0159,0.0257,0.646,,0.091,,,,,,
154.043,ROTATION_SCAN,1.281,-1.1791,0.324,10.1,-0.46,-1.22,15.0,0.0188,0.0189,0.0231,0.634,,0.085,2.859,,,,,
154.091,ROTATION_SCAN,1.2786,-1.1842,0.322,10.93,-0.38,-1.17,15.0,0.0203,0.0141,0.0153,0.634,,0.085,2.859,,,,,
154.168,ROTATION_SCAN,1.2813,-1.1843,0.323,11.91,-0.48,-1.18,15.0,0.032,0.0177,0.0055,0.638,,0.078,,,,,,
154.196,ROTATION_SCAN,1.283,-1.1874,0.324,13.08,-0.53,-1.05,15.0,0.0385,0.0139,0.0023,0.638,,0.078,,,,,,
154.247,ROTATION_SCAN,1.2858,-1.1875,0.324,14.39,-0.56,-0.99,15.0,0.0487,0.0214,-0.0014,0.646,,0.063,2.987,,,,,
154.293,ROTATION_SCAN,1.2858,-1.1941,0.326,15.89,-0.53,-0.79,15.0,0.0469,0.0148,-0.0081,0.646,,0.063,2.987,,,,,
154.354,ROTATION_SCAN,1.2929,-1.1879,0.32,17.5,-0.57,-0.72,15.0,0.0629,0.0293,-0.0113,0.666,,0.058,3.038,,,,,
154.411,ROTATION_SCAN,1.295,-1.1893,0.323,19.24,-0.62,-0.55,15.0,0.0665,0.0285,-0.0297,0.666,,0.058,3.038,,,,,
154.449,ROTATION_SCAN,1.2989,-1.1895,0.321,21.01,-0.71,-0.38,15.0,0.0712,0.0324,-0.0262,0.734,,0.055,2.964,,,,,
154.486,ROTATION_SCAN,1.3039,-1.1898,0.321,22.75,-0.7,-0.22,15.0,0.0698,0.0315,-0.029,0.734,,0.055,2.964,,,,,
154.568,ROTATION_SCAN,1.3077,-1.1919,0.319,24.51,-0.81,-0.1,15.0,0.0703,0.0347,-0.0323,0.877,,0.054,,,,,,
154.586,ROTATION_SCAN,1.3136,-1.1904,0.315,26.24,-0.69,-0.08,15.0,0.0728,0.0405,-0.0342,0.877,,0.054,,,,,,
154.644,ROTATION_SCAN,1.3154,-1.1898,0.313,28.0,-0.61,-0.08,15.0,0.0679,0.0426,-0.0443,0.99,,0.06,,,,,,
154.701,ROTATION_SCAN,1.3187,-1.1907,0.312,29.69,-0.61,-0.04,15.0,0.0654,0.0386,-0.0449,0.99,,0.06,,,,,,
154.738,ROTATION_SCAN,1.3215,-1.1917,0.311,31.43,-0.71,0.0,15.0,0.062,0.039,-0.0461,,1.398,0.061,1.013,,,,,
154.823,ROTATION_SCAN,1.3229,-1.1913,0.306,33.11,-0.64,-0.04,15.0,0.0597,0.0418,-0.0405,,1.398,0.061,1.013,,,,,
154.85,ROTATION_SCAN,1.3273,-1.1999,0.307,34.71,-0.55,-0.04,15.0,0.0565,0.0205,-0.0542,0.175,1.315,0.067,,,,,,
154.903,ROTATION_SCAN,1.3317,-1.2011,0.303,36.31,-0.68,-0.21,15.0,0.0574,0.0198,-0.0444,0.175,1.315,0.067,,,,,,
154.942,ROTATION_SCAN,1.3337,-1.1998,0.301,37.73,-0.84,-0.23,15.0,0.0534,0.0266,-0.0476,0.134,1.232,0.07,0.856,,,,,
154.999,ROTATION_SCAN,1.3348,-1.1999,0.299,39.14,-0.77,-0.27,15.0,0.0475,0.0287,-0.045,0.134,1.232,0.07,0.856,,,,,
155.063,ROTATION_SCAN,1.3338,-1.1992,0.298,40.46,-0.91,-0.23,15.0,0.0325,0.0318,-0.0472,0.121,1.175,0.076,0.789,,,,,
155.095,ROTATION_SCAN,1.3329,-1.2009,0.295,41.7,-0.95,-0.21,15.0,0.0261,0.0332,-0.0361,0.121,1.175,0.076,0.789,,,,,
155.131,ROTATION_SCAN,1.3288,-1.206,0.293,42.92,-0.88,-0.28,15.0,0.018,0.0376,-0.0413,0.113,1.14,0.075,0.741,,,,,
155.21,ROTATION_SCAN,1.3349,-1.2091,0.292,44.23,-0.73,-0.44,15.0,0.0214,0.0204,-0.0422,0.113,1.14,0.075,0.741,,,,,
155.226,ROTATION_SCAN,1.3367,-1.2089,0.291,45.51,-0.86,-0.58,15.0,0.0232,0.0235,-0.0376,0.102,1.107,0.078,0.695,0.439,,,,
155.322,ROTATION_SCAN,1.3394,-1.2081,0.288,46.89,-0.87,-0.57,15.0,0.0234,0.0328,-0.0311,0.102,1.107,0.078,0.695,0.439,,,,
155.408,ROTATION_SCAN,1.3415,-1.2063,0.287,48.31,-0.73,-0.65,15.0,0.024,0.0414,-0.0387,0.11,1.097,0.082,0.653,,,,,
155.415,ROTATION_SCAN,1.3422,-1.2065,0.286,49.78,-0.89,-0.65,15.0,0.0296,0.0421,-0.0344,0.11,1.097,0.082,0.653,,,,,
155.446,ROTATION_SCAN,1.3506,-1.2015,0.282,51.31,-0.86,-0.61,15.0,0.0354,0.0575,-0.0327,0.098,,0.086,0.609,,,,,
155.513,ROTATION_SCAN,1.3532,-1.2012,0.283,52.81,-0.91,-0.45,15.0,0.0366,0.0557,-0.0377,0.098,,0.086,0.609,,,,,
155.542,ROTATION_SCAN,1.3558,-1.2006,0.283,54.31,-0.9,-0.29,15.0,0.0368,0.0601,-0.0278,0.091,,0.093,0.576,,,,,
155.596,ROTATION_SCAN,1.3603,-1.1996,0.28,55.86,-0.99,-0.25,15.0,0.0358,0.0629,-0.0243,0.091,,0.093,0.576,,,,,
155.676,ROTATION_SCAN,1.363,-1.1997,0.279,57.35,-1.04,-0.08,15.0,0.0303,0.0612,-0.0287,0.085,,0.104,0.555,,,,,
155.704,ROTATION_SCAN,1.3653,-1.1963,0.273,58.78,-1.15,-0.08,15.0,0.0278,0.063,-0.0234,0.085,,0.104,0.555,,,,,
155.757,ROTATION_SCAN,1.3684,-1.1968,0.28,60.19,-1.34,-0.21,15.0,0.0211,0.0617,-0.0308,0.088,,0.111,0.543,,,,,
155.799,ROTATION_SCAN,1.372,-1.1949,0.28,61.59,-1.38,-0.21,15.0,0.0184,0.0626,-0.0092,0.088,,0.111,0.543,,,,,
155.851,ROTATION_SCAN,1.3745,-1.1941,0.279,63.1,-1.44,-0.28,15.0,0.0126,0.0655,-0.0049,0.079,,0.126,0.533,,,,,
155.908,ROTATION_SCAN,1.375,-1.1908,0.281,64.58,-1.44,-0.39,15.0,0.0031,0.0727,-0.0046,0.079,,0.126,0.533,,,,,
155.941,ROTATION_SCAN,1.3757,-1.1904,0.278,66.16,-1.56,-0.41,15.0,0.0106,0.0665,0.0047,0.079,,0.12,0.54,,,,,
156.008,ROTATION_SCAN,1.3834,-1.1894,0.279,67.85,-1.61,-0.67,15.0,0.0048,0.0698,0.0016,0.079,,0.12,0.54,,,,,
156.049,ROTATION_SCAN,1.3848,-1.1883,0.282,69.31,-1.79,-0.84,15.0,-0.0051,0.0724,0.0018,0.071,,0.135,0.572,,,,,
156.083,ROTATION_SCAN,1.385,-1.1865,0.283,70.66,-1.89,-1.02,15.0,-0.0145,0.0817,0.0073,0.071,,0.135,0.572,,,,,
156.142,ROTATION_SCAN,1.384,-1.182,0.282,72.01,-1.82,-1.15,15.0,-0.0249,0.0938,0.0097,0.067,3.254,0.146,0.626,0.405,,,,
156.178,ROTATION_SCAN,1.3831,-1.1808,0.283,73.22,-1.76,-1.15,15.0,-0.0372,0.0982,0.0069,0.067,3.254,0.146,0.626,0.405,,,,
156.226,ROTATION_SCAN,1.3851,-1.1787,0.285,74.5,-1.43,-0.95,15.0,-0.029,0.142,0.0079,0.074,,0.166,,,,,,
156.306,ROTATION_SCAN,1.3886,-1.166,0.288,75.93,-1.27,-0.78,15.0,-0.0291,0.1298,0.0168,0.074,,0.166,,,,,,
156.326,ROTATION_SCAN,1.389,-1.1621,0.286,77.25,-1.1,-0.35,15.0,-0.0345,0.1299,0.0208,0.072,3.122,0.179,,,,,,
156.388,ROTATION_SCAN,1.3911,-1.1615,0.29,78.46,-1.11,-0.09,15.0,-0.0338,0.1191,0.0106,0.072,3.122,0.179,,,,,,
156.442,ROTATION_SCAN,1.3926,-1.162,0.289,79.58,-1.01,0.24,15.0,-0.0362,0.1055,0.0214,0.066,,0.201,,,,,,
156.483,ROTATION_SCAN,1.3934,-1.1577,0.29,80.73,-0.8,0.57,-0.0,-0.0371,0.0974,0.0142,0.066,,0.201,,,,,,
156.56,ROTATION_SCAN,1.3926,-1.157,0.293,81.73,-0.38,1.0,-0.0,-0.04,0.0868,0.0183,0.065,,0.226,,,,,,
156.593,ROTATION_SCAN,1.3914,-1.1526,0.293,82.65,-0.01,1.35,-0.0,-0.0395,0.074,0.0287,0.065,,0.226,,,,,,
156.634,ROTATION_SCAN,1.3921,-1.1512,0.295,83.43,0.3,1.67,-0.0,-0.0357,0.0575,0.0302,0.06,2.905,0.252,,,,,,
156.694,ROTATION_SCAN,1.3912,-1.1488,0.299,84.1,0.45,1.79,-0.0,-0.032,0.0419,0.0324,0.06,2.905,0.252,,,,,,
156.727,ROTATION_SCAN,1.391,-1.1473,0.299,84.58,0.53,1.69,-0.0,-0.0262,0.0254,0.0433,0.061,2.831,0.257,,,,,,
156.79,ROTATION_SCAN,1.3925,-1.1465,0.304,85.03,0.37,1.45,-0.0,-0.014,0.0099,0.0367,0.061,2.831,0.257,,,,,,
156.831,ROTATION_SCAN,1.3947,-1.1468,0.305,85.43,0.35,1.29,-0.0,-0.0078,-0.0049,0.0456,0.061,2.822,0.269,,,,,,
156.881,ROTATION_SCAN,1.3991,-1.1448,0.311,85.79,0.32,1.28,-0.0,0.0054,-0.0126,0.0445,0.061,2.822,0.269,,,,,,
156.926,ROTATION_SCAN,1.4029,-1.1444,0.313,86.1,0.19,1.1,-0.0,0.0154,-0.022,0.051,0.059,2.822,0.284,,,,,,
156.984,ROTATION_SCAN,1.4043,-1.1448,0.315,86.54,-0.45,0.51,-0.0,0.0162,-0.0272,0.0472,0.059,2.822,0.284,,,,,,
157.046,ROTATION_SCAN,1.4072,-1.1443,0.318,87.03,-0.81,0.32,-0.0,0.0152,-0.028,0.0438,0.055,2.835,0.3,0.744,,,,,
157.089,ROTATION_SCAN,1.4085,-1.1454,0.32,87.49,-1.25,-0.04,-0.0,0.0113,-0.0293,0.0369,0.055,2.835,0.3,0.744,,,,,
157.165,ROTATION_SCAN,1.4116,-1.1466,0.324,87.8,-1.65,-0.46,-0.0,0.0028,-0.0272,0.0387,0.055,2.807,0.308,0.7,,,,,
157.199,ROTATION_SCAN,1.4133,-1.1468,0.323,88.07,-1.9,-0.78,-0.0,-0.0074,-0.0201,0.0353,0.055,2.807,0.308,0.7,,,,,
157.236,ROTATION_SCAN,1.414,-1.1476,0.323,88.24,-1.95,-0.82,-0.0,-0.021,-0.0127,0.0263,0.044,2.82,0.316,0.685,0.384,,,,
157.284,ROTATION_SCAN,1.413,-1.148,0.326,88.27,-1.89,-0.67,-0.0,-0.0358,-0.0053,0.0131,0.044,2.82,0.316,0.685,0.384,,,,
157.326,ROTATION_SCAN,1.4113,-1.1492,0.327,88.04,-1.98,-0.95,-0.0,-0.0509,0.0002,0.0111,0.054,2.786,0.318,0.682,,,,,
157.384,ROTATION_SCAN,1.4077,-1.1506,0.329,87.81,-1.77,-0.7,-0.0,-0.0691,0.0048,0.0165,0.054,2.786,0.318,0.682,,,,,
157.442,ROTATION_SCAN,1.405,-1.1511,0.328,87.48,-0.94,0.03,-0.0,-0.0787,0.0069,0.014,0.044,2.801,0.307,0.679,0.395,,,,
157.492,ROTATION_SCAN,1.4011,-1.1503,0.326,86.81,-0.0,0.75,-0.0,-0.0836,0.0059,0.0029,0.044,2.801,0.307,0.679,0.395,,,,
157.526,ROTATION_SCAN,1.4001,-1.1515,0.331,85.99,0.87,1.44,-0.0,-0.0746,-0.0065,-0.0014,0.054,2.775,0.288,0.703,,,,,
157.591,ROTATION_SCAN,1.3969,-1.1512,0.329,84.98,1.41,1.76,-0.0,-0.0657,-0.0197,0.0104,0.054,2.775,0.288,0.703,,,,,
157.652,ROTATION_SCAN,1.3969,-1.1515,0.329,83.85,2.09,2.22,-0.0,-0.0469,-0.0344,-0.0032,0.057,,0.264,0.777,,,,,
157.682,ROTATION_SCAN,1.3949,-1.1511,0.327,82.53,2.52,2.57,-0.0,-0.0308,-0.0508,-0.0108,0.057,,0.264,0.777,,,,,
157.736,ROTATION_SCAN,1.395,-1.1524,0.329,81.1,2.59,2.56,-0.0,-0.0099,-0.0728,-0.0265,0.061,,0.232,,,,,,
157.78,ROTATION_SCAN,1.3971,-1.1555,0.331,79.48,2.54,2.47,-0.0,0.0127,-0.0961,-0.0263,0.061,,0.232,,,,,,
157.842,ROTATION_SCAN,1.4011,-1.1553,0.335,77.87,2.25,2.25,-0.0,0.0357,-0.1059,-0.0315,0.068,,0.207,,,,,,
157.879,ROTATION_SCAN,1.4075,-1.1527,0.328,76.25,1.69,1.74,-0.0,0.0564,-0.1171,-0.029,0.068,,0.207,,,,,,
157.929,ROTATION_SCAN,1.4103,-1.1516,0.327,74.76,0.91,1.33,-0.0,0.0647,-0.1208,-0.0601,0.069,,0.172,,,,,,
158.005,ROTATION_SCAN,1.417,-1.151,0.325,73.42,0.46,1.23,-0.0,0.0707,-0.1197,-0.0677,0.069,,0.172,,,,,,
158.049,ROTATION_SCAN,1.4215,-1.1495,0.321,72.37,-0.12,1.16,-0.0,0.0698,-0.1147,-0.0778,0.074,3.16,0.157,,,,,,
158.085,ROTATION_SCAN,1.4252,-1.1485,0.311,71.4,-0.63,1.2,-0.0,0.0645,-0.1138,-0.0886,0.074,3.16,0.157,,,,,,
158.125,ROTATION_SCAN,1.427,-1.1481,0.308,70.59,-0.92,1.43,-0.0,0.0565,-0.1078,-0.1091,0.077,,0.146,,,,,,
158.19,ROTATION_SCAN,1.4293,-1.1469,0.301,69.6,-1.31,1.19,-0.0,0.0422,-0.1075,-0.1133,0.077,,0.146,,,,,,
158.263,ROTATION_SCAN,1.4286,-1.1471,0.297,68.66,-1.65,1.12,-0.0,0.0208,-0.1019,-0.1264,0.081,,0.142,,,,,,
158.297,ROTATION_SCAN,1.4242,-1.1504,0.292,67.69,-1.54,1.25,-0.0,-0.0041,-0.0962,-0.1266,0.081,,0.142,,,,,,
158.356,ROTATION_SCAN,1.4225,-1.158,0.283,66.6,-1.54,1.13,-0.0,-0.0244,-0.1094,-0.1329,0.083,,0.131,,0.436,,,,
158.381,ROTATION_SCAN,1.4178,-1.1565,0.274,65.39,-1.5,0.67,-0.0,-0.0456,-0.096,-0.1422,0.083,,0.131,,0.436,,,,
158.461,ROTATION_SCAN,1.4112,-1.1561,0.271,64.17,-1.08,0.55,-0.0,-0.0697,-0.0785,-0.1529,0.087,,0.12,0.535,,,,,
158.496,ROTATION_SCAN,1.408,-1.1536,0.263,62.92,-1.05,-0.05,-0.0,-0.0791,-0.0639,-0.1469,0.087,,0.12,0.535,,,,,
158.538,ROTATION_SCAN,1.3978,-1.1544,0.256,61.8,-0.9,-0.47,-0.0,-0.0949,-0.0555,-0.1591,0.091,,0.111,0.523,,,,,
158.6,ROTATION_SCAN,1.3923,-1.1539,0.247,60.73,-0.21,-0.34,-0.0,-0.0955,-0.0421,-0.1534,0.091,,0.111,0.523,,,,,
158.626,ROTATION_SCAN,1.3896,-1.1522,0.243,59.75,0.29,-0.41,-0.0,-0.0905,-0.0284,-0.1553,0.084,,0.106,0.525,,,,,
158.693,ROTATION_SCAN,1.3874,-1.1511,0.234,58.87,0.71,-0.8,-0.0,-0.0826,-0.0189,-0.1478,0.084,,0.106,0.525,,,,,
158.751,ROTATION_SCAN,1.3828,-1.1477,0.228,58.19,0.86,-1.0,-0.0,-0.0739,-0.0089,-0.151,0.086,,0.113,0.535,,,,,
158.775,ROTATION_SCAN,1.3813,-1.1494,0.219,57.75,1.14,-0.89,-0.0,-0.0587,-0.0084,-0.1426,0.086,,0.113,0.535,,,,,
158.842,ROTATION_SCAN,1.3786,-1.1475,0.211,57.41,1.38,-0.7,-0.0,-0.0436,-0.0024,-0.1401,0.083,,0.11,0.538,,,,,
158.905,ROTATION_SCAN,1.3786,-1.1455,0.202,57.18,1.5,-0.46,-0.0,-0.0261,0.0012,-0.1397,0.083,,0.11,0.538,,,,,
158.933,ROTATION_SCAN,1.3788,-1.1457,0.198,57.09,1.53,-0.1,-0.0,-0.0112,-0.0027,-0.1361,0.086,,0.11,0.543,,,,,
158.989,ROTATION_SCAN,1.3811,-1.1425,0.192,57.02,1.26,-0.03,-0.0,0.0087,0.0006,-0.1246,0.086,,0.11,0.543,,,,,
159.039,ROTATION_SCAN,1.3833,-1.1429,0.19,57.16,0.88,-0.13,-0.0,0.022,-0.0048,-0.1185,0.086,,0.105,0.54,,,,,
159.085,ROTATION_SCAN,1.3851,-1.1426,0.181,57.35,0.44,0.02,-0.0,0.0304,-0.0056,-0.1062,0.086,,0.105,0.54,,,,,
159.128,ROTATION_SCAN,1.3885,-1.1416,0.188,57.64,0.27,0.26,-0.0,0.0353,-0.0067,-0.1105,0.081,,0.112,0.536,,,,,
159.199,ROTATION_SCAN,1.3896,-1.1413,0.178,57.84,0.0,0.35,-0.0,0.0327,-0.008,-0.0768,0.081,,0.112,0.536,,,,,
159.228,ROTATION_SCAN,1.3923,-1.1377,0.174,58.1,-0.09,0.37,-0.0,0.0332,0.0037,-0.0928,0.083,,0.112,0.536,,,,,
159.291,ROTATION_SCAN,1.3929,-1.1371,0.166,58.24,-0.18,0.74,-0.0,0.0281,0.0027,-0.09,0.083,,0.112,0.536,,,,,
159.326,ROTATION_SCAN,1.3931,-1.1362,0.163,58.41,-0.27,0.81,-0.0,0.0145,0.0014,-0.0977,0.082,,0.115,0.532,,,,,
159.402,ROTATION_SCAN,1.3931,-1.1334,0.152,58.46,-0.24,0.92,-0.0,0.0091,0.0052,-0.0948,0.082,,0.115,0.532,,,,,
159.455,ROTATION_SCAN,1.3933,-1.1328,0.149,58.42,-0.37,0.71,-0.0,0.0007,0.0024,-0.1162,0.082,,0.114,0.528,,,,,
159.501,ROTATION_SCAN,1.3923,-1.132,0.141,58.27,-0.49,0.65,-0.0,-0.0097,-0.0004,-0.1037,0.082,,0.114,0.528,,,,,
159.544,ROTATION_SCAN,1.3902,-1.13,0.135,58.07,-0.48,0.79,-0.0,-0.0215,0.0127,-0.1051,0.082,,0.117,0.53,,,,,
159.58,ROTATION_SCAN,1.3888,-1.1293,0.132,57.72,-0.16,0.85,-0.0,-0.0302,0.0086,-0.1094,0.082,,0.117,0.53,,,,,
159.662,ROTATION_SCAN,1.3863,-1.1286,0.125,57.33,-0.05,0.71,-0.0,-0.0401,0.0065,-0.1021,0.083,,0.114,0.535,,,,,
159.695,ROTATION_SCAN,1.3846,-1.1284,0.119,57.02,0.23,0.55,-0.0,-0.0412,0.0044,-0.1,0.083,,0.114,0.535,,,,,
159.74,ROTATION_SCAN,1.383,-1.1281,0.117,56.72,0.54,0.61,-0.0,-0.0364,0.001,-0.0995,0.084,,0.11,0.54,,,,,
159.783,ROTATION_SCAN,1.3815,-1.1278,0.109,56.43,0.73,0.2,-0.0,-0.0315,-0.0051,-0.0895,0.084,,0.11,0.54,,,,,
159.84,ROTATION_SCAN,1.3803,-1.1281,0.106,56.2,0.76,0.16,-0.0,-0.0265,-0.0044,-0.0938,0.085,,0.11,0.541,,,,,
159.896,ROTATION_SCAN,1.3792,-1.128,0.101,56.04,0.87,0.27,-0.0,-0.0214,-0.0094,-0.0868,0.085,,0.11,0.541,,,,,
159.93,ROTATION_SCAN,1.3785,-1.1275,0.098,55.97,0.96,0.24,-0.0,-0.0123,-0.0072,-0.0866,0.088,,0.111,0.543,,,,,
159.99,ROTATION_SCAN,1.3783,-1.1274,0.097,56.01,0.9,0.42,-0.0,-0.0046,-0.0109,-0.0719,0.088,,0.111,0.543,,,,,
160.044,ROTATION_SCAN,1.3786,-1.1272,0.101,56.21,0.9,0.26,-0.0,0.0042,-0.0135,-0.0639,0.089,2.199,0.107,0.544,,,,,
160.099,ROTATION_SCAN,1.376,-1.1275,0.095,56.43,0.58,0.31,-0.0,-0.0185,-0.0094,-0.0476,0.089,2.199,0.107,0.544,,,,,
160.159,ROTATION_SCAN,1.3764,-1.1265,0.092,56.65,0.7,0.18,-0.0,-0.0069,-0.0085,-0.0555,0.086,,0.107,0.539,0.457,,,,
160.219,ROTATION_SCAN,1.3769,-1.1262,0.089,56.9,0.77,0.27,-0.0,0.0016,-0.0136,-0.051,0.086,,0.107,0.539,0.457,,,,
160.235,ROTATION_SCAN,1.3758,-1.1261,0.085,57.11,0.66,0.41,-0.0,0.0183,-0.0101,-0.0561,0.085,,0.111,0.54,,,,,
160.295,ROTATION_SCAN,1.3793,-1.1252,0.083,57.24,0.71,0.46,-0.0,0.0244,-0.0099,-0.0555,0.085,,0.111,0.54,,,,,
160.338,ROTATION_SCAN,1.3814,-1.1249,0.082,57.52,0.61,0.44,-0.0,0.0353,-0.0115,-0.0513,0.082,,0.116,0.533,,,,,
160.4,ROTATION_SCAN,1.3837,-1.1242,0.079,57.81,0.59,0.73,-0.0,0.0405,-0.0095,-0.0429,0.082,,0.116,0.533,,,,,
160.429,ROTATION_SCAN,1.3862,-1.1238,0.078,58.03,0.23,1.02,-0.0,0.041,-0.0099,-0.0377,0.082,,0.118,0.53,,,,,
160.509,ROTATION_SCAN,1.3885,-1.1236,0.072,58.33,0.33,1.09,-0.0,0.0434,-0.0132,-0.0334,0.082,,0.118,0.53,,,,,
160.54,ROTATION_SCAN,1.3909,-1.1235,0.071,58.57,0.0,1.1,-0.0,0.04,-0.016,-0.0437,0.078,,0.119,0.527,,,,,
160.582,ROTATION_SCAN,1.3928,-1.1242,0.065,58.7,-0.09,1.15,-0.0,0.0384,-0.0187,-0.0372,0.078,,0.119,0.527,,,,,
160.635,ROTATION_SCAN,1.3944,-1.125,0.065,58.98,-0.16,1.41,-0.0,0.0277,-0.0197,-0.0474,0.08,,0.119,0.523,,,,,
160.691,ROTATION_SCAN,1.3961,-1.1257,0.063,59.07,-0.19,1.03,-0.0,0.0251,-0.0189,-0.043,0.08,,0.119,0.523,,,,,
160.749,ROTATION_SCAN,1.3965,-1.127,0.062,59.22,-0.15,1.1,-0.0,0.0156,-0.0188,-0.0466,0.079,,0.12,0.522,,,,,
160.78,ROTATION_SCAN,1.397,-1.1282,0.058,59.27,-0.24,1.24,-0.0,0.0075,-0.0196,-0.0395,0.079,,0.12,0.522,,,,,
160.858,ROTATION_SCAN,1.3962,-1.1297,0.053,59.25,-0.23,1.55,-0.0,0.0043,-0.02,-0.0464,0.079,,0.131,0.526,,,,,
160.876,ROTATION_SCAN,1.3929,-1.132,0.052,59.12,-0.34,1.67,-0.0,-0.0324,-0.0165,-0.0537,0.079,,0.131,0.526,,,,,
160.932,ROTATION_SCAN,1.3914,-1.133,0.051,58.74,-0.13,1.28,0.0,-0.0379,-0.0202,-0.0528,0.078,,0.124,0.523,,,,,
160.992,ROTATION_SCAN,1.3875,-1.135,0.036,58.55,-0.21,1.54,0.0,-0.0539,-0.0098,-0.2028,0.078,,0.124,0.523,,,,,
161.032,ROTATION_SCAN,1.3856,-1.135,0.007,58.36,0.07,2.15,0.0,-0.0746,0.0063,-0.533,0.083,,0.118,0.523,,,,,
161.075,ROTATION_SCAN,1.3578,-1.1468,0.002,58.31,-1.08,6.07,0.0,-0.2343,-0.1562,0.0725,0.083,,0.118,0.523,,,,,
161.124,ROTATION_SCAN,1.348,-1.155,0.001,58.62,-2.37,10.81,0.0,-0.2248,-0.1334,-0.2884,0.081,,0.121,0.527,,,,,
161.184,ROTATION_SCAN,1.3365,-1.1746,0.002,59.94,0.99,2.03,0.0,-0.2205,-0.1331,-0.079,0.081,,0.121,0.527,,,,,
161.226,ROTATION_SCAN,1.3357,-1.1582,0.008,58.67,1.86,1.85,0.0,-0.1714,-0.1399,-0.0362,0.08,,0.121,0.499,,,,,
161.309,ROTATION_SCAN,1.3355,-1.1487,0.011,58.12,1.19,2.06,0.0,-0.1269,-0.1255,-0.0265,0.08,,0.121,0.499,,,,,
161.339,ROTATION_SCAN,1.3331,-1.1479,0.01,58.02,1.23,1.74,0.0,-0.1055,-0.1222,0.0118,0.082,0.191,0.122,0.491,,,,,
161.389,ROTATION_SCAN,1.3289,-1.1523,0.011,57.99,1.25,1.66,0.0,-0.098,-0.1332,0.0239,0.082,0.191,0.122,0.491,,,,,
