time_s,state,x_m,y_m,z_down_m,yaw_deg,roll_deg,pitch_deg,yaw_ref_deg,vx_ms,vy_ms,vz_ms,range_front_m,range_back_m,range_left_m,range_right_m,range_up_m,target_x_m,target_y_m,frontier_x_m,frontier_y_m
0.22,,0.0,0.0,0.014,0.0,0.0,0.0,0.0,0.0,0.0,0.0,0.72,0.419,2.447,,,,,,
0.262,,-0.013,0.001,0.015,0.68,-0.41,0.49,0.0,-0.0067,0.0016,-0.0019,0.719,0.418,2.447,,,,,,
0.312,,-0.0116,0.001,0.012,0.68,-0.42,0.43,0.0,0.0018,0.0015,-0.0016,0.719,0.418,,,,,,,
0.362,,-0.0122,0.0002,0.014,0.68,-0.38,0.47,0.0,-0.0022,-0.0033,-0.0086,0.721,0.419,,,,,,,
0.41,,-0.0131,0.0001,0.012,0.68,-0.38,0.5,0.0,-0.0073,-0.0031,-0.0076,0.721,0.419,,,,,,,
0.46,,-0.0121,0.0004,0.014,0.68,-0.39,0.46,0.0,-0.0015,-0.0018,-0.0104,0.72,0.419,,,,,,,
0.514,,-0.0131,-0.0001,0.013,0.68,-0.37,0.5,0.0,-0.0066,-0.0042,-0.0063,0.72,0.419,,,,,,,
0.561,,-0.0121,0.0001,0.015,0.68,-0.39,0.45,0.0,-0.0006,-0.0024,-0.0062,0.721,0.418,,,,,,,
0.612,,-0.0125,0.0009,0.015,0.67,-0.42,0.46,0.0,-0.0023,0.0021,-0.0017,0.721,0.418,2.451,0.613,,,,,
0.668,,-0.0129,-0.0003,0.012,0.68,-0.37,0.49,0.0,-0.0051,-0.0047,0.0018,0.718,0.418,2.451,0.613,,,,,
0.722,,-0.0113,-0.0003,0.012,0.67,-0.37,0.41,0.0,0.0038,-0.0042,-0.0032,0.718,0.418,,0.69,,,,,
0.763,,-0.0123,0.0003,0.015,0.68,-0.4,0.46,0.0,-0.0019,-0.0015,-0.0057,0.722,0.415,,0.69,,,,,
0.811,,-0.0129,0.0001,0.013,0.68,-0.38,0.48,0.0,-0.0051,-0.0026,-0.0009,0.722,0.415,,0.819,,,,,
0.879,,-0.0131,0.0001,0.016,0.68,-0.39,0.48,0.0,-0.0063,-0.0022,-0.002,0.72,0.416,,0.819,,,,,
0.926,,-0.0123,0.0009,0.013,0.67,-0.42,0.45,0.0,-0.0016,0.0022,0.004,0.72,0.416,,,,,,,
0.964,,-0.0131,0.0003,0.012,0.67,-0.4,0.49,0.0,-0.0062,-0.0007,0.0007,0.718,0.421,,,,,,,
1.011,,-0.0131,-0.0007,0.016,0.68,-0.35,0.49,0.0,-0.0064,-0.0068,-0.0038,0.718,0.421,,,,,,,
1.06,,-0.013,0.0009,0.015,0.67,-0.42,0.47,0.0,-0.0051,0.0031,0.0027,0.72,0.421,,,,,,,
1.111,,-0.0132,0.0003,0.014,0.67,-0.39,0.48,0.0,-0.0058,-0.0005,0.0042,0.72,0.421,,,,,,,
1.169,,-0.0122,-0.0003,0.013,0.68,-0.36,0.43,0.0,0.0001,-0.0043,0.002,0.724,0.419,,,,,,,
1.22,,-0.0133,-0.0008,0.014,0.68,-0.33,0.48,0.0,-0.0061,-0.0071,-0.0009,0.724,0.419,,,,,,,
1.264,,-0.0133,0.0005,0.014,0.68,-0.4,0.47,0.0,-0.0056,0.0005,-0.0008,0.72,0.419,,,,,,,
1.31,,-0.0129,0.0007,0.014,0.68,-0.41,0.45,0.0,-0.0028,0.0012,-0.0009,0.72,0.419,,,,,,,
1.36,,-0.0127,-0.0001,0.013,0.68,-0.37,0.44,0.0,-0.0009,-0.0036,-0.0007,0.723,0.419,,,,,,,
1.424,,-0.0127,0.0003,0.016,0.68,-0.39,0.44,0.0,-0.0011,-0.0011,-0.0028,0.723,0.419,,0.731,,,,,
1.479,,-0.0133,0.0001,0.014,0.68,-0.37,0.47,0.0,-0.0045,-0.0023,0.0024,0.717,0.418,,0.731,,,,,
1.512,,-0.0132,0.0003,0.016,0.68,-0.38,0.46,0.0,-0.0032,-0.0017,0.0011,0.717,0.418,2.469,,,,,,
1.56,,-0.0134,-0.0007,0.011,0.68,-0.33,0.47,0.0,-0.0048,-0.0079,0.0046,0.723,0.417,2.469,,,,,,
1.61,,-0.0125,0.0001,0.013,0.68,-0.37,0.43,0.0,0.0002,-0.0033,-0.0048,0.723,0.417,,,,,,,
1.66,,-0.0134,0.0009,0.015,0.68,-0.4,0.46,0.0,-0.0047,0.0016,-0.0062,0.722,0.418,,,,,,,
1.716,,-0.0117,0.0012,0.014,0.68,-0.41,0.39,0.0,0.0053,0.0028,-0.0023,0.722,0.418,,,,,,,
1.765,,-0.0134,0.0001,0.015,0.68,-0.36,0.47,0.0,-0.0047,-0.0037,-0.0014,0.724,0.418,,,,,,,
1.81,,-0.0128,0.0003,0.015,0.68,-0.38,0.44,0.0,-0.001,-0.002,0.0012,0.724,0.418,,,,,,,
1.86,,-0.0115,0.0008,0.015,0.68,-0.4,0.38,0.0,0.0062,0.001,0.0029,0.724,0.416,,,,,,,
1.911,,-0.0126,0.0005,0.014,0.68,-0.39,0.43,0.0,-0.0002,-0.0005,0.0033,0.724,0.416,,,,,,,
1.985,,-0.013,0.0001,0.017,0.68,-0.37,0.45,0.0,-0.0029,-0.003,0.0006,0.725,0.419,,,,,,,
2.015,,-0.0126,0.0004,0.013,0.68,-0.38,0.44,0.0,-0.0013,-0.0017,0.0051,0.725,0.419,,,,,,,
2.068,,-0.0124,0.0003,0.013,0.68,-0.38,0.43,0.0,0.0003,-0.0015,-0.0014,0.719,0.419,,,,,,,
2.11,,-0.0128,0.001,0.014,0.68,-0.42,0.45,0.0,-0.0021,0.002,-0.0047,0.719,0.419,,,,,,,
2.16,,0.0,0.0,0.013,0.0,0.0,0.0,0.0,0.0001,-0.0001,-0.0,0.719,0.419,,,,,,,
2.21,,0.0003,-0.0001,0.014,0.0,0.01,-0.12,0.0,0.0114,-0.0053,-0.0005,0.719,0.419,,,,,,,
2.263,,0.0003,-0.0004,0.013,0.0,-0.01,0.15,0.0,0.0049,-0.008,0.0,0.724,0.42,,,,,,,
2.317,,0.0003,-0.0004,0.013,0.01,-0.14,0.25,0.0,0.0043,-0.0063,-0.0004,0.724,0.42,,,,,,,
2.36,,0.0,-0.0005,0.015,0.01,-0.2,0.38,0.0,-0.0001,-0.0061,-0.0014,0.719,0.419,,,,,,,
2.411,,0.0004,-0.0003,0.014,0.02,-0.32,0.33,0.0,0.0029,-0.0019,0.0019,0.719,0.419,,,,,,,
2.46,,0.0006,-0.0007,0.013,0.02,-0.27,0.31,0.0,0.0044,-0.0058,0.002,0.717,0.42,,,,,,,
2.534,,0.0004,0.0,0.013,0.03,-0.41,0.38,0.0,0.0012,0.0011,-0.0005,0.717,0.42,,0.718,,,,,
2.566,,0.0001,0.0,0.015,0.03,-0.41,0.42,0.0,-0.0014,0.0014,-0.0028,0.722,0.419,,0.718,,,,,
2.62,,0.0001,-0.0009,0.015,0.03,-0.32,0.41,0.0,-0.0011,-0.0052,0.0009,0.722,0.419,,,,,,,
2.66,,0.0008,-0.0006,0.016,0.03,-0.35,0.36,0.0,0.004,-0.0029,0.0026,0.722,0.421,,,,,,,
2.71,,0.0,0.0004,0.014,0.04,-0.43,0.43,0.0,-0.0025,0.0038,0.0063,0.722,0.421,,,,,,,
2.761,,0.0008,0.0001,0.013,0.04,-0.41,0.39,0.0,0.0022,0.0011,0.002,0.717,0.42,,,,,,,
2.822,,-0.0002,-0.0004,0.015,0.04,-0.38,0.46,0.0,-0.0043,-0.0017,-0.0031,0.717,0.42,,,,,,,
2.87,,0.0005,-0.0004,0.014,0.05,-0.39,0.4,0.0,0.0006,-0.0014,-0.0001,0.719,0.419,,,,,,,
2.912,,0.0005,-0.0001,0.013,0.05,-0.4,0.39,0.0,0.0015,0.0002,-0.0015,0.719,0.419,,,,,,,
2.96,,0.0005,-0.0009,0.013,0.05,-0.36,0.39,0.0,0.0018,-0.0051,-0.005,0.717,0.42,,,,,,,
3.011,,0.0005,0.0001,0.012,0.06,-0.42,0.39,0.0,0.0022,0.0012,-0.0065,0.717,0.42,,,,,,,
3.075,,-0.0007,-0.0006,0.016,0.06,-0.38,0.46,0.0,-0.0048,-0.0028,-0.0091,0.718,0.42,,,,,,,
3.124,,-0.0003,-0.0006,0.015,0.06,-0.39,0.44,0.0,-0.0021,-0.003,-0.0002,0.718,0.42,,,,,,,
3.17,,0.0013,-0.0003,0.015,0.07,-0.4,0.37,0.0,0.0067,-0.0013,0.0028,0.719,0.417,,,,,,,
3.21,,0.0002,0.0001,0.012,0.07,-0.42,0.43,0.0,0.0001,0.0015,0.0036,0.719,0.417,,,,,,,
3.261,,0.0013,0.0001,0.013,0.08,-0.42,0.38,0.0,0.0056,0.0017,-0.0036,0.72,0.418,,,,,,,
3.309,,0.0002,-0.0003,0.014,0.08,-0.39,0.44,0.0,-0.0014,-0.0008,-0.0047,0.72,0.418,,,,,,,
3.368,,0.0002,-0.0003,0.013,0.08,-0.4,0.45,0.0,-0.0019,-0.0008,-0.0019,0.717,0.421,,,,,,,
3.424,,0.0004,-0.0003,0.014,0.08,-0.39,0.44,0.0,-0.0013,-0.0009,-0.0029,0.717,0.421,,,,,,,
3.459,,0.0012,0.0001,0.013,0.09,-0.42,0.4,0.0,0.0036,0.0014,-0.0003,0.719,0.422,,,,,,,
3.51,,0.0001,-0.0003,0.015,0.09,-0.39,0.45,0.0,-0.0026,-0.0016,-0.0015,0.719,0.422,,,,,,,
3.56,,-0.0003,0.0001,0.013,0.1,-0.41,0.47,0.0,-0.0049,0.0013,0.0023,0.723,0.421,,,,,,,
3.628,,-0.0007,0.0001,0.014,0.1,-0.41,0.48,0.0,-0.0069,0.001,-0.0003,0.723,0.421,,,,,,,
3.673,,-0.0001,-0.0005,0.013,0.1,-0.38,0.45,0.0,-0.0029,-0.0026,0.0006,0.724,0.418,,,,,,,
3.724,,0.0012,-0.0007,0.012,0.11,-0.37,0.39,0.0,0.0038,-0.0041,-0.0015,0.724,0.418,,,,,,,
3.759,,-0.0002,0.0001,0.014,0.11,-0.42,0.46,0.0,-0.0038,0.0018,-0.0049,0.722,0.42,,,,,,,
3.809,,-0.0002,-0.0001,0.015,0.11,-0.41,0.45,0.0,-0.0032,0.0005,-0.0025,0.722,0.42,,,,,,,
3.859,,0.0002,-0.0003,0.013,0.12,-0.4,0.42,0.0,0.0007,-0.0007,0.0018,0.722,0.421,,,,,,,
3.916,,-0.0008,-0.0003,0.014,0.12,-0.4,0.48,0.0,-0.0058,-0.0008,-0.0012,0.722,0.421,,,,,,,
3.97,,-0.0002,-0.0009,0.014,0.12,-0.38,0.44,0.0,-0.0016,-0.0041,-0.0011,0.718,0.421,,,,,,,
4.009,,0.0002,0.0001,0.014,0.12,-0.43,0.42,0.0,0.0011,0.0019,-0.0008,0.718,0.421,,,,,,,
4.059,,0.0002,0.0001,0.014,0.12,-0.42,0.42,0.0,0.0012,0.0021,-0.0003,0.722,0.419,,,,,,,
4.109,,-0.0,0.0001,0.013,0.12,-0.42,0.44,0.0,-0.0002,0.0017,0.0,0.722,0.419,2.435,,,,,,
4.17,,0.0002,-0.0008,0.014,0.13,-0.38,0.43,0.0,0.0009,-0.0037,-0.0026,0.721,0.42,2.435,,,,,,
4.215,,-0.0012,-0.0001,0.012,0.13,-0.42,0.5,0.0,-0.007,0.0009,-0.0017,0.721,0.42,,,,,,,
4.267,,-0.0003,0.0001,0.012,0.13,-0.43,0.45,0.0,-0.0017,0.0017,-0.0054,0.723,0.416,,,,,,,
4.309,,-0.0,-0.0003,0.013,0.13,-0.41,0.44,0.0,-0.0007,-0.0009,-0.0074,0.723,0.416,,,,,,,
4.359,,0.0002,-0.0001,0.015,0.14,-0.42,0.43,0.0,0.0003,0.0003,-0.0052,0.716,0.415,,,,,,,
4.409,,-0.0003,0.0001,0.014,0.14,-0.43,0.45,0.0,-0.0026,0.0012,0.0003,0.716,0.415,,,,,,,
4.461,,-0.0003,0.0001,0.015,0.14,-0.42,0.45,0.0,-0.0026,0.0008,0.0016,0.721,0.42,,,,,,,
4.513,,-0.0003,0.0001,0.014,0.14,-0.42,0.45,0.0,-0.0024,0.0013,0.0046,0.721,0.42,,0.704,,,,,
4.56,,0.001,0.0001,0.015,0.15,-0.42,0.39,0.0,0.005,0.0014,0.0028,0.717,0.419,,0.704,,,,,
4.609,,0.0001,0.0002,0.012,0.15,-0.42,0.43,0.0,-0.0002,0.0014,0.0045,0.717,0.419,2.427,,,,,,
4.66,,-0.0004,0.0001,0.015,0.15,-0.41,0.46,0.0,-0.0024,0.0013,-0.002,0.723,0.419,2.427,,,,,,
4.72,,-0.0002,-0.0005,0.016,0.15,-0.39,0.45,0.0,-0.001,-0.0022,0.0008,0.723,0.419,,,,,,,
4.769,,0.0003,-0.0005,0.011,0.15,-0.39,0.43,0.0,0.0011,-0.0021,0.0048,0.717,0.419,,,,,,,
4.822,,0.0001,0.0001,0.017,0.16,-0.42,0.44,0.0,-0.0004,0.0018,-0.004,0.717,0.419,,,,,,,
4.859,,-0.0002,-0.0007,0.015,0.16,-0.38,0.45,0.0,-0.0018,-0.0029,0.0046,0.722,0.42,,,,,,,
4.909,,0.0,-0.0001,0.014,0.17,-0.41,0.44,0.0,-0.001,0.0012,0.0043,0.722,0.42,,,,,,,
4.959,,0.0008,0.0001,0.014,0.17,-0.41,0.4,0.0,0.0037,0.0019,0.0013,0.722,0.42,,,,,,,
5.015,,-0.0011,0.0001,0.014,0.17,-0.41,0.5,0.0,-0.0073,0.0016,-0.0003,0.722,0.42,2.474,,,,,,
5.063,,0.0009,0.0001,0.014,0.17,-0.41,0.41,0.0,0.004,0.002,-0.0011,0.721,0.418,2.474,,,,,,
5.109,,-0.0011,0.0001,0.017,0.17,-0.41,0.5,0.0,-0.0075,0.0017,-0.0022,0.721,0.418,,,,,,,
5.159,,-0.0007,-0.0016,0.014,0.17,-0.33,0.48,0.0,-0.0042,-0.008,0.0041,0.722,0.417,,,,,,,
5.21,,-0.0011,0.0001,0.017,0.18,-0.4,0.49,0.0,-0.0066,0.0024,0.0008,0.722,0.417,,,,,,,
5.259,,-0.0003,-0.0005,0.016,0.18,-0.37,0.45,0.0,-0.0015,-0.0021,0.0047,0.717,0.423,,,,,,,
5.311,,-0.0001,-0.0003,0.015,0.18,-0.38,0.44,0.0,-0.0003,-0.0013,0.0047,0.717,0.423,,,,,,,
5.363,,-0.001,0.0001,0.015,0.19,-0.4,0.48,0.0,-0.0053,0.001,0.0012,0.72,0.422,,,,,,,
5.409,,-0.0008,-0.0003,0.015,0.19,-0.38,0.48,0.0,-0.0041,-0.0018,-0.0006,0.72,0.422,,,,,,,
5.459,,-0.0001,-0.0003,0.015,0.19,-0.38,0.44,0.0,0.0003,-0.0011,-0.0014,0.714,0.416,,,,,,,
5.53,,0.0001,0.0001,0.012,0.19,-0.4,0.43,0.0,0.0014,0.0015,-0.0018,0.714,0.416,,,,,,,
5.573,,-0.0008,-0.0007,0.014,0.2,-0.37,0.48,0.0,-0.0032,-0.0028,-0.0089,0.721,0.422,,,,,,,
5.609,,-0.0004,0.0001,0.013,0.2,-0.41,0.47,0.0,-0.0001,0.0023,-0.0079,0.721,0.422,2.473,,,,,,
5.659,,-0.001,-0.0007,0.014,0.2,-0.37,0.5,0.0,-0.0023,-0.0023,-0.0081,0.726,0.417,2.473,,,,,,
5.709,,-0.0002,-0.0003,0.015,0.2,-0.39,0.47,0.0,0.0032,-0.0003,-0.006,0.726,0.417,,,,,,,
5.758,,-0.0012,0.0001,0.013,0.2,-0.42,0.52,0.0,-0.001,0.002,-0.0013,0.72,0.418,,,,,,,
5.819,,-0.0003,-0.0001,0.013,0.2,-0.4,0.48,-0.0,0.0045,0.0006,-0.0034,0.72,0.418,,,,,,,
5.872,,0.0005,0.0,0.014,0.21,-0.4,0.47,-0.0,0.0059,0.0035,-0.0033,0.722,0.418,,,,,,,
5.911,,-0.0003,-0.0007,0.013,0.16,-0.3,0.52,-0.0,-0.0028,0.0017,-0.0021,0.722,0.418,,,,,,,
5.958,,-0.0007,0.0,0.01,0.06,-0.24,0.57,-0.0,-0.0084,0.0067,-0.0036,0.718,0.423,,,,,,,
6.008,,-0.0008,-0.0001,0.008,0.01,0.02,0.63,-0.0,-0.0109,0.0048,-0.0008,0.718,0.423,,,,,,,
6.072,,0.005,0.0015,0.0,-0.02,-0.27,0.51,-0.0,0.0174,0.0126,0.0194,0.716,0.42,,,,,,,
6.124,,0.0062,0.0046,0.0,0.05,-0.37,-0.12,-0.0,0.015,0.0284,0.0298,0.716,0.42,,1.343,,,,,
6.175,,-0.0003,0.0056,0.0,0.05,0.33,0.46,-0.0,-0.0225,0.0262,0.0781,0.715,0.424,,1.343,,,,,
6.209,,-0.0007,0.0065,0.005,0.07,0.13,0.16,-0.0,-0.0247,0.0223,0.1025,0.715,0.424,,1.376,,,,,
6.258,,-0.0018,0.0131,0.023,-0.03,0.16,-0.13,-0.0,-0.0218,0.0466,0.1186,0.717,0.428,,1.376,,,,,
6.309,,0.0018,0.0099,0.04,-0.16,0.68,-0.46,-0.0,0.0033,0.0152,0.179,0.717,0.428,2.446,1.377,,,,,
6.361,,0.0039,0.0124,0.06,-0.31,0.72,-0.68,-0.0,0.0183,0.0178,0.2133,0.707,0.459,2.446,1.377,,,,,
6.411,,0.003,0.0109,0.074,-0.33,0.84,-0.4,-0.0,0.013,0.0015,0.2479,0.707,0.459,,1.379,,,,,
6.467,,0.0039,0.012,0.088,-0.27,0.6,-0.1,-0.0,0.0167,-0.0008,0.2544,0.702,,,1.379,,,,,
6.509,,0.0062,0.0109,0.102,-0.19,0.48,-0.12,-0.0,0.0238,-0.0104,0.26,0.702,,,1.386,,,,,
6.558,,0.0115,0.008,0.113,-0.14,0.58,-0.09,-0.0,0.045,-0.0257,0.2531,0.694,,,1.386,,,,,
6.62,,0.014,0.0049,0.125,-0.11,0.38,0.3,-0.0,0.0463,-0.0381,0.2528,0.694,,2.422,1.386,,,,,
6.668,,0.017,0.0019,0.135,-0.08,0.09,0.64,-0.0,0.046,-0.0458,0.2469,0.68,,2.422,1.386,,,,,
6.721,,0.0203,-0.001,0.142,-0.11,-0.15,0.86,-0.0,0.0451,-0.0483,0.2502,0.68,,2.414,1.381,,,,,
6.758,,0.0237,-0.0042,0.154,-0.15,-0.47,0.96,-0.0,0.0432,-0.0501,0.2369,0.672,,2.414,1.381,,,,,
6.809,,0.0262,-0.0075,0.165,-0.22,-0.64,1.06,-0.0,0.0367,-0.049,0.2456,0.672,,2.418,1.381,,,,,
6.858,,0.0283,-0.0108,0.176,-0.29,-0.6,1.09,-0.0,0.0299,-0.0481,0.2345,0.663,,2.418,1.381,,,,,
6.91,,0.0299,-0.0128,0.186,-0.32,-0.7,1.04,-0.0,0.022,-0.0416,0.2348,0.663,,2.41,1.377,,,,,
6.964,,0.0333,-0.0131,0.2,-0.36,-0.87,1.02,-0.0,0.0232,-0.0285,0.2229,0.656,,2.41,1.377,,,,,
7.009,,0.033,-0.0144,0.208,-0.53,-0.85,0.93,-0.0,0.0104,-0.0212,0.228,0.656,,2.414,1.371,,,,,
7.058,,0.033,-0.0156,0.225,-0.71,-0.79,1.07,-0.0,0.0008,-0.0152,0.2086,0.653,,2.414,1.371,,,,,
7.109,,0.0345,-0.0195,0.236,-0.84,-0.6,0.81,-0.0,-0.0018,-0.0202,0.2205,0.653,,2.428,1.369,,,,,
7.161,,0.0337,-0.0201,0.247,-1.02,-0.56,0.49,-0.0,-0.0094,-0.0147,0.2061,0.655,,2.428,1.369,,,,,
7.212,,0.0298,-0.0207,0.25,-1.12,-0.58,0.35,-0.0,-0.0233,-0.0099,0.1969,0.655,,2.409,1.37,,,,,
7.265,,0.0277,-0.0199,0.267,-1.2,-0.42,0.1,-0.0,-0.028,-0.0018,0.1681,0.654,,2.409,1.37,,,,,
7.308,,0.0243,-0.0188,0.266,-1.17,-0.44,-0.11,-0.0,-0.0337,0.0048,0.1789,0.654,,2.393,1.372,,,,,
7.358,,0.0206,-0.018,0.279,-1.14,-0.3,-0.29,-0.0,-0.0383,0.0093,0.1403,0.665,,2.393,1.372,,,,,
7.431,,0.0191,-0.0159,0.283,-1.06,-0.31,-0.5,-0.0,-0.0337,0.0162,0.1479,0.665,,2.397,1.378,,,,,
7.46,,0.0163,-0.0148,0.29,-0.93,-0.22,-0.78,-0.0,-0.0319,0.0191,0.1266,0.668,,2.397,1.378,,,,,
7.51,,0.0162,-0.0131,0.299,-0.73,-0.07,-1.03,-0.0,-0.0213,0.022,0.1162,0.668,,2.387,1.388,,,,,
7.559,,0.0168,-0.0087,0.304,-0.44,-0.05,-0.99,-0.0,-0.0086,0.0306,0.1141,0.682,,2.387,1.388,,,,,
7.608,,0.0173,-0.005,0.308,-0.13,0.13,-1.03,-0.0,0.0014,0.0356,0.1043,0.682,,2.37,1.385,,,,,
7.658,,0.02,0.0,0.316,0.18,0.09,-0.77,-0.0,0.015,0.0425,0.0872,0.699,,2.37,1.385,,,,,
7.718,,0.0216,0.003,0.322,0.43,0.25,-0.59,-0.0,0.0228,0.0433,0.0881,0.699,,2.36,1.395,,,,,
7.775,,0.0222,0.0066,0.323,0.64,0.35,-0.42,-0.0,0.0257,0.0444,0.0811,0.716,,2.36,1.395,,,,,
7.809,,0.0258,0.0108,0.328,0.86,0.72,-0.11,-0.0,0.0329,0.0446,0.0651,0.716,,2.348,1.397,,,,,
7.86,,0.0286,0.0138,0.331,1.03,0.76,0.14,-0.0,0.0354,0.0405,0.0612,0.737,,2.348,1.397,,,,,
7.91,,0.0314,0.0177,0.33,1.2,0.84,0.4,-0.0,0.0359,0.0379,0.0554,0.737,,2.37,1.405,,,,,
7.966,,0.0345,0.019,0.336,1.33,0.93,0.58,-0.0,0.0348,0.0294,0.0401,0.761,,2.37,1.405,,,,,
8.013,,0.0365,0.0205,0.339,1.41,0.86,0.79,-0.0,0.0304,0.0223,0.0465,0.761,,2.369,1.407,,,,,
8.068,,0.0389,0.0211,0.344,1.5,0.72,0.75,-0.0,0.0262,0.0144,0.0422,,,2.369,1.407,,,,,
8.109,,0.041,0.0214,0.345,1.55,0.5,0.71,-0.0,0.022,0.0084,0.0404,,,2.36,1.419,3.721,,,,
8.158,,0.0422,0.0205,0.347,1.59,0.36,0.72,-0.0,0.0165,0.0018,0.0314,,,2.36,1.419,3.721,,,,
8.223,ROTATION_SCAN,0.0438,0.0201,0.347,1.58,0.09,0.58,-0.0,0.013,-0.001,0.0247,,,2.355,1.422,,,,,
8.258,ROTATION_SCAN,0.0444,0.02,0.346,1.56,-0.03,0.46,-0.0,0.0084,-0.0015,0.0162,,,2.355,1.422,,,,,
8.328,ROTATION_SCAN,0.0451,0.0193,0.346,1.58,-0.12,0.32,15.0,0.0056,-0.0022,0.0067,,,2.343,1.423,,,,,
8.363,ROTATION_SCAN,0.0456,0.0204,0.346,1.67,-0.11,0.2,15.0,0.0041,0.001,0.0041,,,2.343,1.423,,,,,
8.422,ROTATION_SCAN,0.0487,0.0217,0.351,1.91,-0.05,0.18,15.0,0.0076,0.004,0.0015,,,2.347,1.425,,,,,
8.463,ROTATION_SCAN,0.0483,0.0249,0.348,2.27,-0.16,0.12,15.0,0.0054,0.0102,0.0106,,,2.347,1.425,,,,,
8.517,ROTATION_SCAN,0.0496,0.0255,0.347,2.71,-0.09,0.11,15.0,0.0058,0.0114,-0.0005,,,2.348,1.425,3.735,,,,
8.581,ROTATION_SCAN,0.0526,0.0296,0.348,3.24,-0.13,0.15,15.0,0.0094,0.0183,-0.0048,1.937,1.199,2.348,1.425,3.735,,,,
8.614,ROTATION_SCAN,0.0572,0.0311,0.347,3.9,0.14,0.04,15.0,0.0159,0.0194,-0.0033,1.937,1.199,2.354,1.427,,,,,
8.677,ROTATION_SCAN,0.0613,0.034,0.346,4.64,0.32,0.14,15.0,0.0211,0.021,-0.0071,2.06,1.204,2.354,1.427,,,,,
8.711,ROTATION_SCAN,0.0647,0.0358,0.351,5.44,0.43,0.29,15.0,0.0235,0.0191,-0.0095,2.06,1.204,2.366,1.43,,,,,
8.76,ROTATION_SCAN,0.0697,0.0374,0.347,6.24,0.5,0.47,15.0,0.0274,0.0161,0.0018,2.1,1.199,2.366,1.43,,,,,
8.841,ROTATION_SCAN,0.0772,0.039,0.346,7.07,0.64,0.56,15.0,0.0342,0.0128,-0.0091,2.1,1.199,2.355,1.443,,,,,
8.867,ROTATION_SCAN,0.0782,0.0407,0.346,7.84,0.75,0.89,15.0,0.0282,0.0083,-0.0147,2.112,1.204,2.355,1.443,,,,,
8.923,ROTATION_SCAN,0.0863,0.0416,0.347,8.6,0.82,1.04,15.0,0.0324,0.0015,-0.0133,2.112,1.204,2.38,1.452,,,,,
8.966,ROTATION_SCAN,0.0913,0.0411,0.345,9.28,0.67,1.24,15.0,0.03,-0.0072,-0.0098,,1.201,2.38,1.452,,,,,
9.021,ROTATION_SCAN,0.093,0.0371,0.342,9.86,0.55,1.4,15.0,0.0207,-0.02,-0.0133,,1.201,,1.471,,,,,
9.058,ROTATION_SCAN,0.095,0.0363,0.345,10.41,0.25,1.65,15.0,0.0106,-0.0254,-0.0149,,1.207,,1.471,,,,,
9.134,ROTATION_SCAN,0.0996,0.0335,0.345,11.0,0.17,1.74,15.0,0.0042,-0.0321,-0.0068,,1.207,2.39,1.465,,,,,
9.166,ROTATION_SCAN,0.0999,0.0282,0.342,11.59,0.13,1.83,15.0,-0.0096,-0.0424,-0.007,,1.2,2.39,1.465,,,,,
9.227,ROTATION_SCAN,0.0963,0.0271,0.342,12.14,0.05,1.87,15.0,-0.0294,-0.0449,-0.0162,,1.2,2.403,,,,,,
9.264,ROTATION_SCAN,0.094,0.0244,0.34,12.7,-0.16,1.79,15.0,-0.0459,-0.0484,-0.0143,,1.203,2.403,,,,,,
9.353,ROTATION_SCAN,0.0886,0.0223,0.337,13.3,-0.3,1.44,15.0,-0.0646,-0.0493,-0.0185,,1.203,2.403,,,,,,
9.371,ROTATION_SCAN,0.0872,0.0203,0.339,13.9,-0.54,0.97,15.0,-0.0726,-0.0475,-0.0248,,1.192,2.403,,,,,,
9.426,ROTATION_SCAN,0.0803,0.0162,0.341,14.55,-0.6,0.57,15.0,-0.0856,-0.0476,-0.0179,,1.192,,1.497,,,,,
9.504,ROTATION_SCAN,0.0782,0.0157,0.341,15.26,-0.66,0.25,15.0,-0.0865,-0.0402,-0.0109,,1.183,,1.497,,,,,
9.517,ROTATION_SCAN,0.0764,0.0158,0.34,16.02,-0.46,-0.14,15.0,-0.0843,-0.0322,-0.014,,1.183,,,,,,,
9.574,ROTATION_SCAN,0.0742,0.0152,0.335,16.78,-0.53,-0.42,15.0,-0.0795,-0.0261,-0.0182,,1.185,,,,,,,
9.609,ROTATION_SCAN,0.0718,0.0132,0.335,17.49,-0.51,-0.67,15.0,-0.0738,-0.0217,-0.0263,,1.185,2.481,,,,,,
9.661,ROTATION_SCAN,0.0677,0.0138,0.333,18.2,-0.47,-0.64,15.0,-0.0707,-0.013,-0.0233,,1.178,2.481,,,,,,
9.708,ROTATION_SCAN,0.0639,0.0138,0.331,18.92,-0.27,-0.65,15.0,-0.0671,-0.0071,-0.0264,,1.178,2.497,,,,,,
9.775,ROTATION_SCAN,0.0607,0.0154,0.334,19.63,-0.21,-0.55,15.0,-0.0631,0.0,-0.0242,,1.159,2.497,,,,,,
9.825,ROTATION_SCAN,0.0578,0.0171,0.33,20.32,-0.17,-0.51,15.0,-0.0588,0.0062,-0.0121,,1.159,,,,,,,
9.86,ROTATION_SCAN,0.0579,0.0191,0.326,21.03,-0.14,-0.61,15.0,-0.0496,0.0123,-0.0192,,1.165,,,,,,,
9.908,ROTATION_SCAN,0.0614,0.0242,0.33,21.82,-0.03,-0.56,15.0,-0.0337,0.0236,-0.0256,,1.165,,,,,,,
9.96,ROTATION_SCAN,0.064,0.0266,0.326,22.62,0.24,-0.41,15.0,-0.0214,0.0272,-0.0087,,1.167,,,,,,,
10.021,ROTATION_SCAN,0.0675,0.03,0.331,23.43,0.4,-0.09,15.0,-0.0093,0.0299,-0.0158,,1.167,2.558,,,,,,
10.083,ROTATION_SCAN,0.073,0.0305,0.328,24.23,0.52,0.13,15.0,0.0039,0.0244,-0.0024,,1.181,2.558,,,,,,
10.112,ROTATION_SCAN,0.0769,0.0329,0.329,25.02,0.43,0.43,15.0,0.0108,0.0223,-0.0072,,1.181,,,,,,,
10.175,ROTATION_SCAN,0.0819,0.0353,0.326,25.89,0.46,0.76,15.0,0.017,0.0197,-0.0042,,,,,,,,,
10.208,ROTATION_SCAN,0.084,0.0363,0.329,26.82,0.43,1.16,15.0,0.0143,0.0131,-0.0105,,,,,,,,,
10.279,ROTATION_SCAN,0.0886,0.0357,0.325,27.73,0.34,1.43,15.0,0.0145,0.003,-0.0028,,,,,,,,,
10.312,ROTATION_SCAN,0.0921,0.0366,0.324,28.66,0.31,1.65,15.0,0.0107,-0.0036,-0.0123,,,,,,,,,
10.372,ROTATION_SCAN,0.0948,0.035,0.326,29.53,0.19,1.75,15.0,0.0039,-0.0148,-0.0136,,,,,,,,,
10.426,ROTATION_SCAN,0.0908,0.0319,0.326,30.38,-0.1,1.84,15.0,-0.0172,-0.028,-0.0067,,,,,,,,,
10.461,ROTATION_SCAN,0.0925,0.0309,0.324,31.22,-0.41,1.48,15.0,-0.0246,-0.0327,-0.0062,,,,,,,,,
10.508,ROTATION_SCAN,0.0889,0.027,0.327,32.04,-0.62,1.11,15.0,-0.0409,-0.0395,-0.0083,,,,,,,,,
10.585,ROTATION_SCAN,0.0831,0.024,0.323,32.84,-0.72,0.87,15.0,-0.0588,-0.042,-0.0004,,,,,,,,,
10.621,ROTATION_SCAN,0.0798,0.0225,0.325,33.64,-0.74,0.55,15.0,-0.068,-0.0389,-0.0103,,,,,,,,,
10.684,ROTATION_SCAN,0.0743,0.0229,0.325,34.44,-0.78,0.17,15.0,-0.0785,-0.0309,-0.0042,,,,,,,,,
10.714,ROTATION_SCAN,0.0704,0.0215,0.325,35.23,-0.65,-0.13,15.0,-0.0825,-0.0259,-0.0012,,,,,,,,,
10.769,ROTATION_SCAN,0.0663,0.0221,0.327,36.1,-0.51,-0.53,15.0,-0.0832,-0.0168,-0.0022,,,,,,,,,
10.807,ROTATION_SCAN,0.0632,0.0239,0.325,36.97,-0.35,-0.78,15.0,-0.0791,-0.0052,0.0014,,,,,,,,,
10.879,ROTATION_SCAN,0.0602,0.0275,0.326,37.92,-0.05,-0.87,15.0,-0.0728,0.0089,-0.0034,,,,,,,,,
10.939,ROTATION_SCAN,0.058,0.0304,0.324,38.92,0.25,-0.8,15.0,-0.0638,0.0179,-0.0037,,,,,,,,,
10.966,ROTATION_SCAN,0.0572,0.0348,0.324,39.89,0.54,-0.56,15.0,-0.0526,0.0268,-0.0061,,,,,,,,,
11.023,ROTATION_SCAN,0.0589,0.0388,0.322,40.85,0.82,-0.19,15.0,-0.0371,0.0306,-0.0041,,,,,,,,,
11.064,ROTATION_SCAN,0.0594,0.0417,0.322,41.76,0.89,0.14,15.0,-0.0269,0.0286,-0.0089,,,,,,,,,
11.112,ROTATION_SCAN,0.0597,0.0466,0.325,42.63,0.83,0.37,15.0,-0.0197,0.0297,-0.0067,,,,0.897,,,,,
11.168,ROTATION_SCAN,0.0626,0.0478,0.324,43.53,0.87,0.63,15.0,-0.0092,0.0214,0.0002,,,,0.897,,,,,
11.231,ROTATION_SCAN,0.0627,0.0494,0.322,44.43,0.91,0.96,15.0,-0.0076,0.0134,-0.0034,,,,,,,,,
11.261,ROTATION_SCAN,0.064,0.051,0.323,45.34,0.91,1.25,15.0,-0.0047,0.0041,-0.0065,,,,,,,,,
11.314,ROTATION_SCAN,0.0656,0.0506,0.324,46.19,0.79,1.29,15.0,-0.0025,-0.01,-0.0041,,,,0.853,,,,,
11.358,ROTATION_SCAN,0.0674,0.0492,0.321,47.03,0.52,1.25,15.0,-0.0014,-0.0231,-0.0016,,,,0.853,,,,,
11.408,ROTATION_SCAN,0.0694,0.0469,0.322,47.85,0.32,1.22,15.0,-0.0007,-0.0354,-0.0104,,,,0.834,,,,,
11.479,ROTATION_SCAN,0.0695,0.0434,0.321,48.64,0.06,1.12,15.0,-0.0053,-0.0479,-0.0076,,,,0.834,,,,,
11.525,ROTATION_SCAN,0.0694,0.0404,0.321,49.39,-0.13,1.09,15.0,-0.011,-0.0557,-0.0091,,,,0.821,,,,,
11.566,ROTATION_SCAN,0.0676,0.033,0.322,50.11,-0.41,0.8,15.0,-0.0207,-0.0715,-0.0059,,,,0.821,,,,,
11.609,ROTATION_SCAN,0.0667,0.0304,0.319,50.76,-0.51,0.44,15.0,-0.0265,-0.0707,-0.0035,,,,0.809,,,,,
11.657,ROTATION_SCAN,0.0638,0.0244,0.319,51.46,-0.5,0.24,15.0,-0.0354,-0.0761,-0.0094,,,,0.809,,,,,
11.714,ROTATION_SCAN,0.0614,0.0231,0.324,52.14,-0.42,0.02,15.0,-0.0407,-0.0689,-0.0045,,,,0.804,,,,,
11.777,ROTATION_SCAN,0.0592,0.0177,0.322,52.89,-0.51,-0.28,15.0,-0.0434,-0.0702,0.008,,,,0.804,,,,,
11.839,ROTATION_SCAN,0.0578,0.0162,0.323,53.68,-0.5,-0.64,15.0,-0.0428,-0.0605,-0.0019,,,,0.801,3.793,,,,
11.86,ROTATION_SCAN,0.0551,0.0157,0.325,54.43,-0.5,-0.86,15.0,-0.0439,-0.0477,-0.0003,,,,0.801,3.793,,,,
11.909,ROTATION_SCAN,0.0497,0.0142,0.322,55.14,-0.48,-0.86,15.0,-0.0501,-0.0374,0.0049,,,,0.793,,,,,
11.964,ROTATION_SCAN,0.0498,0.0182,0.324,55.84,-0.29,-0.96,15.0,-0.0432,-0.0167,-0.0061,,,,0.793,,,,,
12.037,ROTATION_SCAN,0.0496,0.0221,0.322,56.53,-0.13,-0.83,15.0,-0.0359,0.0012,-0.0013,,,,0.781,,,,,
12.064,ROTATION_SCAN,0.0498,0.0284,0.319,57.24,0.21,-0.65,15.0,-0.0281,0.0197,-0.0084,,,,0.781,,,,,
12.127,ROTATION_SCAN,0.0509,0.032,0.321,57.92,0.38,-0.32,15.0,-0.0183,0.0278,-0.0152,,,,0.768,,,,,
12.163,ROTATION_SCAN,0.0501,0.0364,0.317,58.64,0.54,0.01,15.0,-0.0138,0.0336,-0.0041,,,,0.768,,,,,
12.224,ROTATION_SCAN,0.0525,0.0406,0.319,59.41,0.55,0.32,15.0,-0.004,0.0361,-0.0101,,,,0.754,,,,,
12.256,ROTATION_SCAN,0.0542,0.0464,0.318,60.17,0.51,0.49,15.0,0.0029,0.0401,-0.0013,,,,0.754,,,,,
12.321,ROTATION_SCAN,0.0554,0.0508,0.322,60.97,0.41,0.82,15.0,0.006,0.0391,-0.003,,,,0.737,,,,,
12.39,ROTATION_SCAN,0.0588,0.056,0.318,61.73,0.32,1.0,15.0,0.0122,0.0389,0.0082,,,,0.737,,,,,
12.415,ROTATION_SCAN,0.0599,0.0578,0.321,62.51,0.22,1.39,15.0,0.011,0.0295,-0.0033,,,,0.724,,,,,
12.47,ROTATION_SCAN,0.0612,0.0615,0.321,63.25,0.2,1.52,15.0,0.0088,0.0232,0.0043,,,,0.724,,,,,
12.51,ROTATION_SCAN,0.0614,0.064,0.321,64.05,0.19,1.82,15.0,0.0041,0.0136,0.0017,,,,0.718,,,,,
12.557,ROTATION_SCAN,0.0614,0.0651,0.32,64.81,0.11,1.91,15.0,-0.0019,0.0009,-0.0014,,,,0.718,,,,,
12.629,ROTATION_SCAN,0.0595,0.0637,0.318,65.56,0.08,1.85,15.0,-0.0116,-0.0169,-0.0027,,,,0.709,,,,,
12.663,ROTATION_SCAN,0.0586,0.0643,0.321,66.31,0.04,1.6,15.0,-0.0177,-0.0269,-0.008,,,,0.709,,,,,
12.728,ROTATION_SCAN,0.0574,0.0646,0.321,67.03,-0.04,1.43,15.0,-0.0234,-0.0349,-0.0019,,,,0.701,,,,,
12.762,ROTATION_SCAN,0.0571,0.0622,0.317,67.78,0.18,1.23,15.0,-0.0252,-0.0464,-0.0033,,,,0.701,,,,,
12.819,ROTATION_SCAN,0.0476,0.0598,0.317,68.54,0.21,0.98,15.0,-0.0457,-0.055,-0.0164,,,,0.702,,,,,
12.856,ROTATION_SCAN,0.0451,0.0569,0.319,69.32,0.41,0.69,15.0,-0.0467,-0.0625,-0.0121,,,,0.702,,,,,
12.922,ROTATION_SCAN,0.0407,0.0508,0.315,70.13,0.62,0.45,15.0,-0.0493,-0.0752,-0.0077,,,,0.697,,,,,
12.997,ROTATION_SCAN,0.0375,0.0467,0.317,70.91,0.74,0.28,15.0,-0.0469,-0.0806,-0.0152,,,,0.697,,,,,
13.012,ROTATION_SCAN,0.0355,0.0444,0.316,71.67,0.84,-0.07,15.0,-0.0403,-0.0797,-0.0123,,,,0.689,,,,,
13.068,ROTATION_SCAN,0.0318,0.0389,0.316,72.46,0.84,-0.23,15.0,-0.0373,-0.0841,-0.0121,,1.489,,0.689,,,,,
13.107,ROTATION_SCAN,0.0335,0.0385,0.315,73.3,0.96,-0.51,15.0,-0.0216,-0.0754,-0.0146,,1.489,,0.687,,,,,
13.157,ROTATION_SCAN,0.0316,0.0361,0.317,74.15,0.99,-0.8,15.0,-0.0123,-0.0689,-0.0132,,1.47,,0.687,,,,,
13.208,ROTATION_SCAN,0.0324,0.0323,0.315,75.03,0.82,-0.9,15.0,-0.002,-0.0658,-0.0093,,1.47,,0.679,,,,,
13.284,ROTATION_SCAN,0.0347,0.0342,0.313,75.85,0.65,-1.19,15.0,0.0127,-0.0461,-0.0143,,1.455,,0.679,,,,,
13.327,ROTATION_SCAN,0.0364,0.0354,0.313,76.65,0.34,-1.17,15.0,0.0211,-0.0295,-0.0154,,1.455,,0.676,,,,,
13.36,ROTATION_SCAN,0.0388,0.0375,0.311,77.49,0.28,-0.88,15.0,0.0282,-0.0139,-0.014,2.41,1.454,,0.676,,,,,
13.408,ROTATION_SCAN,0.042,0.0408,0.314,78.29,0.22,-0.53,15.0,0.0355,-0.0002,-0.0193,2.41,1.454,,0.666,,,,,
13.463,ROTATION_SCAN,0.0462,0.045,0.31,78.96,0.05,-0.14,15.0,0.0423,0.0113,-0.0064,2.359,1.458,,0.666,,,,,
13.525,ROTATION_SCAN,0.048,0.0502,0.309,79.62,-0.21,0.2,15.0,0.0409,0.0218,-0.0119,2.359,1.458,,0.665,,,,,
13.578,ROTATION_SCAN,0.0488,0.0539,0.311,80.21,-0.46,0.48,15.0,0.0346,0.0251,-0.0086,2.332,1.451,,0.665,,,,,
13.619,ROTATION_SCAN,0.0517,0.0585,0.31,80.86,-0.5,0.68,15.0,0.0325,0.028,0.0001,2.332,1.451,,0.66,,,,,
13.673,ROTATION_SCAN,0.0546,0.0635,0.315,81.52,-0.75,0.85,15.0,0.0292,0.0313,-0.0022,2.33,1.457,,0.66,,,,,
13.706,ROTATION_SCAN,0.0546,0.0681,0.312,82.13,-0.77,0.99,15.0,0.0184,0.0316,0.007,2.33,1.457,,0.674,,,,,
13.776,ROTATION_SCAN,0.0553,0.0725,0.308,82.71,-0.75,1.34,15.0,0.0107,0.0293,-0.0005,2.319,1.461,,0.674,,,,,
13.81,ROTATION_SCAN,0.0557,0.0766,0.309,83.31,-0.58,1.78,15.0,0.0031,0.0228,-0.0107,2.319,1.461,,0.679,,,,,
13.87,ROTATION_SCAN,0.0549,0.0789,0.309,83.87,-0.49,2.1,15.0,-0.005,0.0096,-0.0068,2.333,1.461,,0.679,,,,,
13.922,ROTATION_SCAN,0.0532,0.0789,0.311,84.46,-0.56,2.2,15.0,-0.0148,-0.0093,-0.0039,2.333,1.461,,0.693,,,,,
13.96,ROTATION_SCAN,0.0506,0.0792,0.311,85.14,-0.4,2.0,15.0,-0.0246,-0.0245,0.003,2.317,1.455,,0.693,,,,,
14.006,ROTATION_SCAN,0.0458,0.0766,0.308,85.88,-0.31,1.64,15.0,-0.037,-0.0418,0.0017,2.317,1.455,,0.71,,,,,
14.072,ROTATION_SCAN,0.0432,0.0729,0.313,86.58,-0.08,1.4,15.0,-0.0412,-0.0581,-0.0052,2.304,1.449,,0.71,,,,,
14.134,ROTATION_SCAN,0.0377,0.0684,0.309,87.35,0.21,1.17,15.0,-0.0491,-0.0723,0.0081,2.304,1.449,,0.734,,,,,
14.163,ROTATION_SCAN,0.0336,0.0616,0.307,88.22,0.49,0.81,15.0,-0.0502,-0.0879,-0.0052,2.316,1.446,,0.734,,,,,
14.224,ROTATION_SCAN,0.0269,0.055,0.306,89.01,0.6,0.47,15.0,-0.0553,-0.0981,-0.0087,2.316,1.446,,0.77,,,,,
14.262,NAV_TO_LANDING,0.0237,0.0476,0.308,89.81,0.91,0.12,15.0,-0.05,-0.1063,-0.0081,2.333,1.44,,0.77,,,,,
14.383,NAV_TO_LANDING,0.0219,0.0453,0.307,90.6,1.09,-0.3,-0.0,-0.0399,-0.0982,-0.0042,2.333,1.44,,,,,,1.12,-1.12
14.492,NAV_WAYPOINT,0.0171,0.0369,0.31,91.4,1.42,-0.54,-0.0,-0.0357,-0.1022,-0.0045,2.34,1.432,,,,0.02,-1.12,1.12,-1.12
14.498,NAV_WAYPOINT,0.0185,0.0335,0.31,92.1,1.29,-1.04,-0.0,-0.0173,-0.0913,0.0007,2.34,1.432,,,,0.02,-1.12,1.12,-1.12
14.503,NAV_WAYPOINT,0.0205,0.0293,0.306,92.61,1.06,-1.51,-0.0,-0.0036,-0.0813,0.0026,2.33,1.436,,,,0.02,-1.12,1.12,-1.12
14.525,NAV_WAYPOINT,0.0217,0.0287,0.307,93.02,0.82,-1.59,-0.0,0.0069,-0.0604,-0.0096,2.33,1.436,,,,0.02,-1.12,1.12,-1.12
14.557,NAV_WAYPOINT,0.0227,0.0291,0.303,93.23,0.7,-1.55,-0.0,0.0138,-0.0392,-0.0061,2.345,1.433,,,,0.02,-1.12,1.12,-1.12
14.625,NAV_WAYPOINT,0.0258,0.0282,0.31,93.39,0.37,-0.4,-0.0,0.0239,-0.026,-0.0128,2.345,1.433,,,,0.02,-1.12,1.12,-1.12
14.659,NAV_WAYPOINT,0.0255,0.0361,0.308,93.43,0.17,1.91,-0.0,0.0229,-0.0104,0.0116,2.352,1.44,,,,0.02,-1.12,1.12,-1.12
14.713,NAV_WAYPOINT,0.0265,0.0419,0.31,93.48,-0.14,3.36,-0.0,0.0242,-0.0156,-0.0003,2.352,1.44,,1.905,,0.02,-1.12,1.12,-1.12
14.759,NAV_WAYPOINT,0.0274,0.0418,0.309,93.46,-0.36,4.48,-0.0,0.0235,-0.0464,0.004,2.343,1.437,,1.905,,0.02,-1.12,1.12,-1.12
14.81,NAV_WAYPOINT,0.029,0.0394,0.31,93.4,-0.53,5.03,-0.0,0.0234,-0.084,-0.0058,2.343,1.437,,1.907,,0.02,-1.12,1.12,-1.12
14.881,NAV_WAYPOINT,0.0303,0.0332,0.309,93.31,-0.68,5.19,-0.0,0.0215,-0.1304,-0.0047,2.358,1.433,,1.907,,0.02,-1.12,1.12,-1.12
14.926,NAV_WAYPOINT,0.0302,0.026,0.307,93.31,-0.66,4.95,-0.0,0.0157,-0.1728,-0.0123,2.358,1.433,,,,0.02,-1.12,1.12,-1.12
14.956,NAV_WAYPOINT,0.0296,0.0132,0.304,93.3,-0.65,4.37,-0.0,0.0092,-0.2211,-0.0183,2.372,1.42,,,,0.02,-1.12,1.12,-1.12
15.012,NAV_WAYPOINT,0.0308,0.0016,0.304,93.37,-0.48,3.72,-0.0,0.0081,-0.256,-0.027,2.372,1.42,1.139,,,0.02,-1.12,1.12,-1.12
15.057,NAV_WAYPOINT,0.0287,-0.0131,0.301,93.42,-0.51,3.01,-0.0,0.0,-0.2887,-0.0223,2.386,1.389,1.139,,,0.02,-1.12,1.12,-1.12
15.14,NAV_WAYPOINT,0.0303,-0.0259,0.3,93.53,-0.28,2.14,-0.0,0.0017,-0.3064,-0.0261,2.386,1.389,1.129,0.722,,0.02,-1.12,1.12,-1.12
15.168,NAV_WAYPOINT,0.0313,-0.0404,0.299,93.68,-0.02,1.49,-0.0,0.0037,-0.3195,-0.0278,2.423,1.357,1.129,0.722,,0.02,-1.12,1.12,-1.12
15.22,NAV_WAYPOINT,0.0324,-0.0568,0.3,93.79,0.08,0.83,-0.0,0.0065,-0.3299,-0.0241,2.423,1.357,1.134,0.69,,0.02,-1.12,1.12,-1.12
15.267,NAV_WAYPOINT,0.0335,-0.0718,0.299,93.96,0.1,0.2,-0.0,0.0097,-0.3309,-0.0176,2.453,1.337,1.134,0.69,,0.02,-1.12,1.12,-1.12
15.326,NAV_WAYPOINT,0.0329,-0.0857,0.299,94.14,0.12,-0.13,-0.0,0.0077,-0.325,-0.0193,2.453,1.337,1.124,0.673,,0.02,-1.12,1.12,-1.12
15.357,NAV_WAYPOINT,0.0349,-0.0996,0.297,94.19,0.21,-0.33,-0.0,0.0132,-0.3173,-0.0166,2.462,1.305,1.124,0.673,,0.02,-1.12,1.12,-1.12
15.431,NAV_WAYPOINT,0.0351,-0.1111,0.296,94.22,-0.04,-0.43,-0.0,0.013,-0.3034,-0.0186,2.462,1.305,1.114,0.665,,0.02,-1.12,1.12,-1.12
15.467,NAV_WAYPOINT,0.0355,-0.1221,0.295,94.23,-0.12,-0.47,-0.0,0.0114,-0.2889,-0.0166,2.489,1.285,1.114,0.665,,0.02,-1.12,1.12,-1.12
15.515,NAV_WAYPOINT,0.0333,-0.1366,0.299,94.3,-0.14,-0.22,-0.0,0.0031,-0.2862,-0.018,2.489,1.285,1.115,0.658,,0.02,-1.12,1.12,-1.12
15.564,NAV_WAYPOINT,0.0336,-0.147,0.307,94.34,-0.25,-0.05,-0.0,0.0018,-0.2752,-0.0038,2.51,1.264,1.115,0.658,,0.02,-1.12,1.12,-1.12
15.621,NAV_WAYPOINT,0.0335,-0.1575,0.313,94.45,-0.32,0.1,-0.0,-0.0008,-0.2666,0.0113,2.51,1.264,1.107,0.659,,0.02,-1.12,1.12,-1.12
15.656,NAV_WAYPOINT,0.0338,-0.1674,0.318,94.57,-0.08,0.32,-0.0,-0.0018,-0.2592,0.0163,2.547,1.251,1.107,0.659,,0.02,-1.12,1.12,-1.12
15.725,NAV_WAYPOINT,0.0338,-0.1781,0.323,94.61,-0.08,0.61,-0.0,-0.0017,-0.2566,0.0172,2.547,1.251,1.112,0.659,,0.02,-1.12,1.12,-1.12
15.789,NAV_WAYPOINT,0.035,-0.1902,0.336,94.55,-0.24,0.69,-0.0,0.001,-0.2599,0.0173,,1.229,1.112,0.659,,0.02,-1.12,1.12,-1.12
15.819,NAV_WAYPOINT,0.0353,-0.2004,0.347,94.43,-0.27,0.71,-0.0,0.0002,-0.2578,0.0297,,1.229,1.11,0.665,,0.02,-1.12,1.12,-1.12
15.86,NAV_WAYPOINT,0.0345,-0.213,0.357,94.24,-0.37,0.9,-0.0,-0.0038,-0.2631,0.0346,2.577,1.207,1.11,0.665,,0.02,-1.12,1.12,-1.12
15.914,NAV_WAYPOINT,0.0341,-0.2264,0.358,94.1,-0.23,0.94,-0.0,-0.006,-0.2705,0.0285,2.577,1.207,1.114,0.666,,0.02,-1.12,1.12,-1.12
15.956,NAV_WAYPOINT,0.0334,-0.2382,0.344,93.97,-0.12,1.02,-0.0,-0.0078,-0.2729,-0.0011,2.597,1.18,1.114,0.666,,0.02,-1.12,1.12,-1.12
16.038,NAV_WAYPOINT,0.0337,-0.2521,0.337,93.9,-0.14,1.19,-0.0,-0.0069,-0.2817,-0.0539,2.597,1.18,1.122,0.665,,0.02,-1.12,1.12,-1.12
16.073,NAV_WAYPOINT,0.0342,-0.2637,0.323,93.84,-0.14,1.02,-0.0,-0.0052,-0.2843,-0.0729,2.643,1.16,1.122,0.665,,0.02,-1.12,1.12,-1.12
16.127,NAV_WAYPOINT,0.0338,-0.2752,0.304,93.8,-0.11,0.99,-0.0,-0.006,-0.2855,-0.1005,2.643,1.16,1.128,0.662,,0.02,-1.12,1.12,-1.12
16.163,NAV_WAYPOINT,0.0341,-0.2886,0.291,93.68,0.03,0.95,-0.0,-0.0041,-0.2918,-0.1252,,1.133,1.128,0.662,,0.02,-1.12,1.12,-1.12
16.222,NAV_WAYPOINT,0.0339,-0.3009,0.282,93.57,0.17,0.9,-0.0,-0.0029,-0.2944,-0.1199,,1.133,1.131,0.658,,0.02,-1.12,1.12,-1.12
16.26,NAV_WAYPOINT,0.0336,-0.3116,0.271,93.42,0.23,0.7,-0.0,-0.0011,-0.2915,-0.1006,,1.11,1.131,0.658,,0.02,-1.12,1.12,-1.12
16.306,NAV_WAYPOINT,0.0353,-0.3259,0.267,93.31,0.36,0.54,-0.0,0.0059,-0.2961,-0.0866,,1.11,1.138,0.651,,0.02,-1.12,1.12,-1.12
16.393,NAV_WAYPOINT,0.037,-0.3384,0.265,93.22,0.5,0.45,-0.0,0.0134,-0.2947,-0.055,,1.087,1.138,0.651,,0.02,-1.12,1.12,-1.12
16.419,NAV_WAYPOINT,0.038,-0.3488,0.264,93.17,0.36,0.37,-0.0,0.0184,-0.2873,-0.0265,,1.087,1.146,0.653,,0.02,-1.12,1.12,-1.12
16.469,NAV_WAYPOINT,0.0411,-0.361,0.261,93.19,0.24,0.46,-0.0,0.0269,-0.2848,-0.0058,,1.066,1.146,0.653,,0.02,-1.12,1.12,-1.12
16.513,NAV_WAYPOINT,0.0434,-0.3738,0.26,93.2,0.09,0.35,-0.0,0.0308,-0.2845,0.009,,1.066,1.146,0.648,,0.02,-1.12,1.12,-1.12
16.571,NAV_WAYPOINT,0.0477,-0.3877,0.263,93.34,-0.14,0.36,-0.0,0.0383,-0.2864,0.0228,,1.043,1.146,0.648,,0.02,-1.12,1.12,-1.12
16.606,NAV_WAYPOINT,0.051,-0.3987,0.269,93.59,-0.19,0.4,-0.0,0.0408,-0.2809,0.0427,,1.043,1.166,0.645,,0.02,-1.12,1.12,-1.12
16.665,NAV_WAYPOINT,0.0536,-0.4117,0.274,93.91,-0.25,0.56,-0.0,0.0408,-0.2819,0.0699,,1.016,1.166,0.645,,0.02,-1.12,1.12,-1.12
16.758,NAV_WAYPOINT,0.0564,-0.4231,0.279,94.16,-0.19,0.66,-0.0,0.0411,-0.2797,0.083,,1.016,1.17,0.637,,0.02,-1.12,1.12,-1.12
16.774,NAV_WAYPOINT,0.0597,-0.4357,0.282,94.26,-0.37,0.69,-0.0,0.0428,-0.2809,0.0837,,0.995,1.17,0.637,,0.02,-1.12,1.12,-1.12
16.82,NAV_WAYPOINT,0.0635,-0.4498,0.288,94.26,-0.48,0.92,-0.0,0.0445,-0.2871,0.0746,,0.995,1.177,0.63,,0.02,-1.12,1.12,-1.12
16.859,NAV_WAYPOINT,0.067,-0.4623,0.295,94.16,-0.74,0.62,-0.0,0.0438,-0.2889,0.0778,,0.966,1.177,0.63,,0.02,-1.12,1.12,-1.12
16.912,NAV_WAYPOINT,0.071,-0.4752,0.296,94.15,-0.65,0.67,-0.0,0.0435,-0.2902,0.076,,0.966,1.186,0.622,,0.02,-1.12,1.12,-1.12
16.984,NAV_WAYPOINT,0.0736,-0.4874,0.297,94.08,-0.54,0.42,-0.0,0.0402,-0.2884,0.0613,2.842,0.947,1.186,0.622,,0.02,-1.12,1.12,-1.12
17.011,NAV_WAYPOINT,0.0765,-0.5024,0.299,93.87,-0.47,0.47,-0.0,0.0392,-0.2931,0.0522,2.842,0.947,1.182,0.606,,0.02,-1.12,1.12,-1.12
17.076,NAV_WAYPOINT,0.0802,-0.515,0.303,93.56,-0.43,0.43,-0.0,0.0405,-0.2913,0.045,2.861,0.921,1.182,0.606,,0.02,-1.12,1.12,-1.12
17.111,NAV_WAYPOINT,0.0835,-0.5303,0.305,93.25,-0.49,0.57,-0.0,0.0408,-0.2978,0.0362,2.861,0.921,1.175,0.593,,0.02,-1.12,1.12,-1.12
17.17,NAV_WAYPOINT,0.0877,-0.543,0.304,92.74,-0.32,0.4,-0.0,0.0433,-0.2956,0.0316,2.895,0.89,1.175,0.593,,0.02,-1.12,1.12,-1.12
17.206,NAV_WAYPOINT,0.092,-0.5564,0.306,92.11,-0.44,0.3,-0.0,0.0466,-0.295,0.0173,2.895,0.89,1.151,0.588,,0.02,-1.12,1.12,-1.12
17.278,NAV_WAYPOINT,0.0964,-0.5693,0.305,91.26,-0.76,0.17,-0.0,0.0473,-0.292,0.0113,2.886,0.863,1.151,0.588,,0.02,-1.12,1.12,-1.12
17.317,NAV_WAYPOINT,0.1007,-0.5822,0.305,90.38,-1.12,0.24,-0.0,0.0451,-0.2886,0.0097,2.886,0.863,1.109,0.579,,0.02,-1.12,1.12,-1.12
17.384,NAV_WAYPOINT,0.1059,-0.5962,0.311,89.51,-1.36,0.29,-0.0,0.0429,-0.2898,0.0025,,0.839,1.109,0.579,,0.02,-1.12,1.12,-1.12
17.41,NAV_WAYPOINT,0.1085,-0.6083,0.308,88.77,-1.59,0.21,-0.0,0.0326,-0.2852,0.0079,,0.839,1.067,0.57,,0.02,-1.12,1.12,-1.12
17.466,NAV_WAYPOINT,0.113,-0.6212,0.311,88.07,-1.83,0.18,-0.0,0.0264,-0.2829,-0.006,,0.821,1.067,0.57,,0.02,-1.12,1.12,-1.12
17.512,NAV_WAYPOINT,0.1151,-0.6334,0.315,87.46,-2.03,0.38,-0.0,0.0129,-0.2789,0.0003,,0.821,1.06,0.547,,0.02,-1.12,1.12,-1.12
17.576,NAV_WAYPOINT,0.116,-0.6465,0.311,86.92,-2.09,0.58,-0.0,-0.0033,-0.2795,0.0059,,0.79,1.06,0.547,,0.02,-1.12,1.12,-1.12
17.616,NAV_WAYPOINT,0.1176,-0.662,0.309,86.47,-1.82,0.49,-0.0,-0.0147,-0.2869,-0.0081,,0.79,1.088,0.545,,0.02,-1.12,1.12,-1.12
17.669,NAV_WAYPOINT,0.1171,-0.6746,0.309,86.13,-1.59,0.41,-0.0,-0.028,-0.2855,-0.0093,,0.764,1.088,0.545,,0.02,-1.12,1.12,-1.12
17.711,NAV_WAYPOINT,0.1163,-0.6874,0.308,85.77,-1.52,0.28,-0.0,-0.0394,-0.2841,-0.0119,,0.764,1.13,0.551,,0.02,-1.12,1.12,-1.12
17.77,NAV_WAYPOINT,0.1149,-0.7007,0.308,85.39,-1.59,0.38,-0.0,-0.0504,-0.2834,-0.0161,,0.738,1.13,0.551,,0.02,-1.12,1.12,-1.12
17.805,NAV_WAYPOINT,0.1125,-0.7145,0.303,85.15,-1.55,0.4,-0.0,-0.0633,-0.2849,-0.0107,,0.738,1.168,0.566,,0.02,-1.12,1.12,-1.12
17.866,NAV_WAYPOINT,0.1102,-0.7277,0.305,85.0,-1.42,0.16,-0.0,-0.0735,-0.2834,-0.0218,,0.714,1.168,0.566,,0.02,-1.12,1.12,-1.12
17.934,NAV_WAYPOINT,0.1069,-0.7421,0.303,85.06,-1.34,0.04,-0.0,-0.084,-0.2839,-0.0148,,0.714,1.181,0.608,,0.02,-1.12,1.12,-1.12
17.964,NAV_WAYPOINT,0.1026,-0.7552,0.302,85.24,-0.98,0.04,-0.0,-0.0937,-0.2808,-0.0156,,0.684,1.181,0.608,,0.02,-1.12,1.12,-1.12
18.03,NAV_WAYPOINT,0.0979,-0.7675,0.303,85.55,-0.75,0.14,-0.0,-0.1012,-0.2766,-0.018,,0.684,1.172,0.743,,0.02,-1.12,1.12,-1.12
18.057,NAV_WAYPOINT,0.0917,-0.7796,0.301,85.87,-0.57,0.15,-0.0,-0.1095,-0.2732,-0.0125,,0.663,1.172,0.743,,0.02,-1.12,1.12,-1.12
18.106,NAV_WAYPOINT,0.0855,-0.7917,0.305,86.2,-0.52,0.38,-0.0,-0.116,-0.2707,-0.014,,0.663,1.153,,,0.02,-1.12,1.12,-1.12
18.161,NAV_WAYPOINT,0.0789,-0.8046,0.301,86.56,-0.18,0.5,-0.0,-0.1211,-0.2728,-0.0032,,0.636,1.153,,,0.02,-1.12,1.12,-1.12
18.242,NAV_WAYPOINT,0.0721,-0.817,0.303,86.96,0.07,0.77,-0.0,-0.1239,-0.2746,-0.0162,,0.636,1.124,1.817,,0.02,-1.12,1.12,-1.12
18.26,NAV_WAYPOINT,0.0655,-0.8288,0.303,87.32,0.22,0.81,-0.0,-0.1242,-0.2765,-0.0111,,0.611,1.124,1.817,,0.02,-1.12,1.12,-1.12
18.318,NAV_WAYPOINT,0.0584,-0.8435,0.307,87.7,0.3,0.78,-0.0,-0.1244,-0.2848,-0.0144,,0.611,1.103,,,0.02,-1.12,1.12,-1.12
18.359,NAV_WAYPOINT,0.0514,-0.8566,0.301,88.17,0.4,0.54,-0.0,-0.1236,-0.2877,-0.0062,,0.584,1.103,,,0.02,-1.12,1.12,-1.12
18.42,NAV_WAYPOINT,0.0437,-0.8715,0.299,88.65,0.54,0.21,-0.0,-0.1237,-0.2921,-0.022,,0.584,1.079,2.402,,0.02,-1.12,1.12,-1.12
18.457,NAV_WAYPOINT,0.0374,-0.884,0.298,89.16,0.78,0.25,-0.0,-0.1189,-0.2892,-0.0199,,0.555,1.079,2.402,,0.02,-1.12,1.12,-1.12
18.534,NAV_WAYPOINT,0.0318,-0.8972,0.295,89.64,1.04,0.27,-0.0,-0.1109,-0.2885,-0.0181,,0.555,1.06,,,0.02,-1.12,1.12,-1.12
18.56,NAV_WAYPOINT,0.0262,-0.9112,0.294,90.01,1.36,0.5,-0.0,-0.1017,-0.2902,-0.022,,0.527,1.06,,,0.02,-1.12,1.12,-1.12
18.618,NAV_WAYPOINT,0.0212,-0.9242,0.295,90.26,1.59,0.56,-0.0,-0.0893,-0.291,-0.0162,,0.527,1.067,,,0.02,-1.12,1.12,-1.12
18.657,NAV_WAYPOINT,0.0157,-0.9377,0.295,90.34,1.69,0.52,-0.0,-0.0782,-0.2922,-0.0097,,0.503,1.067,,,0.02,-1.12,1.12,-1.12
18.709,NAV_WAYPOINT,0.0116,-0.9529,0.295,90.28,1.67,0.53,-0.0,-0.0652,-0.2982,-0.008,,0.503,1.088,2.506,,0.02,-1.12,1.12,-1.12
18.776,NAV_WAYPOINT,0.0066,-0.9659,0.294,90.09,1.53,0.53,-0.0,-0.0558,-0.2977,-0.0055,,0.473,1.088,2.506,,0.02,-1.12,1.12,-1.12
18.836,NAV_WAYPOINT,0.0041,-0.9797,0.295,89.78,1.6,0.57,-0.0,-0.0427,-0.2993,-0.0064,,0.473,1.09,,,0.02,-1.12,1.12,-1.12
18.855,NAV_WAYPOINT,0.0007,-0.9937,0.293,89.45,1.69,0.66,-0.0,-0.0321,-0.3018,0.0026,,0.447,1.09,,,0.02,-1.12,1.12,-1.12
18.915,NAV_WAYPOINT,-0.0014,-1.0074,0.297,89.03,1.82,0.72,-0.0,-0.019,-0.3042,-0.0003,,0.447,1.071,,,0.02,-1.12,1.12,-1.12
18.957,NAV_WAYPOINT,-0.0032,-1.0242,0.3,88.72,1.7,0.83,-0.0,-0.0072,-0.3142,0.011,,0.42,1.071,,,0.02,-1.12,1.12,-1.12
19.019,NAV_WAYPOINT,-0.0049,-1.0398,0.298,88.43,1.61,0.7,-0.0,0.0022,-0.3205,0.0146,,0.42,1.07,,,0.02,-1.12,1.12,-1.12
19.06,NAV_WAYPOINT,-0.0053,-1.054,0.295,88.19,1.49,0.34,-0.0,0.0136,-0.3212,0.0046,,0.391,1.07,,,0.02,-1.12,1.12,-1.12
19.126,NAV_WAYPOINT,-0.0053,-1.0688,0.299,87.95,1.37,-0.01,-0.0,0.0239,-0.3199,-0.0028,,0.391,1.066,,,0.02,-1.12,1.12,-1.12
19.158,NAV_WAYPOINT,-0.0044,-1.0839,0.299,87.82,1.29,-0.58,-0.0,0.0343,-0.3163,0.0072,,0.361,1.066,,,0.02,-1.12,1.12,-1.12
19.236,NAV_WAYPOINT,-0.003,-1.1009,0.299,87.81,1.14,-1.33,-0.0,0.0432,-0.3127,0.0053,,0.361,1.072,1.757,,1.12,-1.12,1.12,-1.12
19.259,NAV_WAYPOINT,-0.0029,-1.1137,0.295,87.92,0.95,-2.3,-0.0,0.048,-0.2926,0.0066,,0.343,1.072,1.757,,1.12,-1.12,1.12,-1.12
19.31,NAV_WAYPOINT,-0.0021,-1.1254,0.297,88.11,0.87,-3.05,-0.0,0.0528,-0.2647,-0.0029,,0.343,1.072,1.747,,1.12,-1.12,1.12,-1.12
19.355,NAV_WAYPOINT,-0.0004,-1.1359,0.292,88.26,2.01,-3.76,-0.0,0.0612,-0.2309,0.0074,,0.316,1.072,1.747,,1.12,-1.12,1.12,-1.12
19.435,NAV_WAYPOINT,0.0004,-1.1456,0.294,88.45,3.34,-4.5,-0.0,0.0789,-0.194,-0.0056,,0.316,1.072,1.726,,1.12,-1.12,1.12,-1.12
19.477,NAV_WAYPOINT,0.0019,-1.1532,0.291,88.57,3.85,-4.47,-0.0,0.1043,-0.1522,0.004,,0.3,1.072,1.726,,1.12,-1.12,1.12,-1.12
19.514,NAV_WAYPOINT,0.0057,-1.1573,0.296,88.62,3.98,-4.29,-0.0,0.1345,-0.1088,-0.0025,,0.3,1.072,1.699,,1.12,-1.12,1.12,-1.12
19.559,NAV_WAYPOINT,0.0125,-1.1612,0.299,88.67,4.15,-3.69,-0.0,0.1694,-0.0724,0.0126,,0.29,1.072,1.699,,1.12,-1.12,1.12,-1.12
19.613,NAV_WAYPOINT,0.02,-1.1627,0.299,88.73,3.85,-2.88,-0.0,0.2014,-0.0415,0.0188,,0.29,1.08,1.709,,1.12,-1.12,1.12,-1.12
19.675,NAV_WAYPOINT,0.0307,-1.1633,0.305,88.74,3.39,-2.35,-0.0,0.2328,-0.0177,0.0136,,0.289,1.08,1.709,,1.12,-1.12,1.12,-1.12
19.72,NAV_WAYPOINT,0.0427,-1.162,0.308,88.91,2.87,-1.85,-0.0,0.26,0.0037,0.0248,,0.289,1.103,,,1.12,-1.12,1.12,-1.12
19.771,NAV_WAYPOINT,0.0554,-1.16,0.311,89.11,2.26,-1.49,-0.0,0.2809,0.0213,0.0217,,0.303,1.103,,,1.12,-1.12,1.12,-1.12
19.812,NAV_WAYPOINT,0.0676,-1.1564,0.313,89.29,1.44,-0.91,-0.0,0.2929,0.0367,0.0195,,0.303,1.123,1.671,,1.12,-1.12,1.12,-1.12
19.855,NAV_WAYPOINT,0.0799,-1.1547,0.309,89.5,1.03,-0.37,-0.0,0.2976,0.0417,0.0144,,0.315,1.123,1.671,,1.12,-1.12,1.12,-1.12
19.936,NAV_WAYPOINT,0.0941,-1.152,0.308,89.69,0.61,-0.08,-0.0,0.3033,0.045,-0.0027,,0.315,1.145,1.655,,1.12,-1.12,1.12,-1.12
19.962,NAV_WAYPOINT,0.1052,-1.1492,0.305,89.9,0.16,0.2,-0.0,0.2977,0.046,-0.0046,,0.307,1.145,1.655,,1.12,-1.12,1.12,-1.12
20.019,NAV_WAYPOINT,0.1209,-1.1484,0.307,90.17,0.14,0.27,-0.0,0.3007,0.0401,-0.0128,,0.307,1.156,1.661,,1.12,-1.12,1.12,-1.12
20.066,NAV_WAYPOINT,0.1333,-1.1474,0.304,90.32,0.15,0.19,-0.0,0.2956,0.0362,-0.0059,,0.3,1.156,1.661,,1.12,-1.12,1.12,-1.12
20.125,NAV_WAYPOINT,0.146,-1.1461,0.301,90.47,0.19,0.24,-0.0,0.2924,0.0331,-0.0138,,0.3,1.163,,,1.12,-1.12,1.12,-1.12
20.154,NAV_WAYPOINT,0.158,-1.1447,0.299,90.56,0.1,0.21,-0.0,0.2877,0.0304,-0.0181,,0.312,1.163,,,1.12,-1.12,1.12,-1.12
20.23,NAV_WAYPOINT,0.1686,-1.1443,0.3,90.55,0.1,0.15,-0.0,0.2795,0.0265,-0.0144,,0.312,1.165,,,1.12,-1.12,1.12,-1.12
20.266,NAV_WAYPOINT,0.1821,-1.1419,0.302,90.5,0.31,0.19,-0.0,0.2797,0.0281,-0.0052,,0.317,1.165,,,1.12,-1.12,1.12,-1.12
20.334,NAV_WAYPOINT,0.1926,-1.1397,0.303,90.45,0.48,0.24,-0.0,0.2742,0.0284,0.0009,,0.317,1.156,1.596,,1.12,-1.12,1.12,-1.12
20.368,NAV_WAYPOINT,0.2041,-1.1391,0.299,90.44,0.6,0.37,-0.0,0.2734,0.0242,0.0048,,0.319,1.156,1.596,,1.12,-1.12,1.12,-1.12
20.407,NAV_WAYPOINT,0.2142,-1.138,0.303,90.39,0.7,0.39,-0.0,0.27,0.0209,-0.0025,,0.319,1.146,1.584,,1.12,-1.12,1.12,-1.12
20.459,NAV_WAYPOINT,0.2267,-1.1371,0.299,90.4,0.63,0.47,-0.0,0.2732,0.0167,0.0101,,0.326,1.146,1.584,,1.12,-1.12,1.12,-1.12
20.527,NAV_WAYPOINT,0.2371,-1.1363,0.299,90.43,0.77,0.33,-0.0,0.2704,0.0133,0.0007,,0.326,1.144,1.565,,1.12,-1.12,1.12,-1.12
20.554,NAV_WAYPOINT,0.2529,-1.135,0.304,90.49,0.81,0.45,-0.0,0.2828,0.0118,0.0034,,0.339,1.144,1.565,,1.12,-1.12,1.12,-1.12
20.613,NAV_WAYPOINT,0.2666,-1.1343,0.303,90.54,0.95,0.47,-0.0,0.2886,0.0084,0.0155,,0.339,1.144,1.559,,1.12,-1.12,1.12,-1.12
20.661,NAV_WAYPOINT,0.2796,-1.1337,0.305,90.66,0.79,0.51,-0.0,0.2923,0.0051,0.0117,,0.344,1.144,1.559,,1.12,-1.12,1.12,-1.12
20.724,NAV_WAYPOINT,0.2905,-1.1332,0.305,90.78,0.6,0.55,-0.0,0.2885,0.0013,0.0103,,0.344,1.152,,,1.12,-1.12,1.12,-1.12
20.758,NAV_WAYPOINT,0.3046,-1.1327,0.305,91.0,0.38,0.49,-0.0,0.2916,-0.0019,0.0068,,0.341,1.152,,,1.12,-1.12,1.12,-1.12
20.826,NAV_WAYPOINT,0.3169,-1.1329,0.307,91.31,0.23,0.46,-0.0,0.2884,-0.0063,0.0058,,0.341,1.169,,,1.12,-1.12,1.12,-1.12
20.861,NAV_WAYPOINT,0.3282,-1.1319,0.306,91.66,0.12,0.35,-0.0,0.2817,-0.0065,0.005,,0.33,1.169,,,1.12,-1.12,1.12,-1.12
20.921,NAV_WAYPOINT,0.34,-1.1329,0.304,91.93,-0.01,0.23,-0.0,0.2765,-0.0104,0.0006,,0.33,1.182,,,1.12,-1.12,1.12,-1.12
20.958,NAV_WAYPOINT,0.3511,-1.1321,0.303,92.16,0.1,0.2,-0.0,0.2695,-0.0094,-0.004,,0.338,1.182,,,1.12,-1.12,1.12,-1.12
21.021,NAV_WAYPOINT,0.363,-1.1316,0.304,92.38,0.16,0.15,-0.0,0.2663,-0.0082,-0.0041,,0.338,1.196,,,1.12,-1.12,1.12,-1.12
21.055,NAV_WAYPOINT,0.375,-1.1311,0.306,92.57,0.35,0.17,-0.0,0.2648,-0.0074,0.0025,,0.339,1.196,,,1.12,-1.12,1.12,-1.12
21.121,NAV_WAYPOINT,0.3858,-1.1297,0.307,92.74,0.43,0.22,-0.0,0.2619,-0.0047,0.0041,,0.339,1.183,,,1.12,-1.12,1.12,-1.12
21.207,NAV_WAYPOINT,0.3963,-1.1292,0.308,92.76,0.53,0.26,-0.0,0.2588,-0.0046,0.0045,,0.339,1.183,,,1.12,-1.12,1.12,-1.12
21.228,NAV_WAYPOINT,0.4079,-1.129,0.307,92.77,0.72,0.31,-0.0,0.2601,-0.0058,0.005,,0.339,1.177,1.495,,1.12,-1.12,1.12,-1.12
21.268,NAV_WAYPOINT,0.4217,-1.1293,0.305,92.79,0.82,0.35,-0.0,0.2685,-0.0079,0.0002,,0.347,1.177,1.495,,1.12,-1.12,1.12,-1.12
21.326,NAV_WAYPOINT,0.4346,-1.1287,0.303,92.75,0.87,0.37,-0.0,0.2739,-0.0083,-0.0073,,0.347,1.167,,,1.12,-1.12,1.12,-1.12
21.355,NAV_WAYPOINT,0.446,-1.1284,0.304,92.76,0.75,0.16,-0.0,0.275,-0.0084,-0.0134,,0.349,1.167,,,1.12,-1.12,1.12,-1.12
21.413,NAV_WAYPOINT,0.4587,-1.1277,0.303,92.77,0.59,0.05,-0.0,0.2778,-0.0066,-0.0084,,0.349,1.164,,,1.12,-1.12,1.12,-1.12
21.489,NAV_WAYPOINT,0.4707,-1.1269,0.306,92.8,0.6,0.03,-0.0,0.2781,-0.0043,-0.0111,,0.372,1.164,,,1.12,-1.12,1.12,-1.12
21.515,NAV_WAYPOINT,0.4832,-1.1265,0.304,92.77,0.42,0.06,-0.0,0.2787,-0.003,-0.0063,,0.372,1.142,,,1.12,-1.12,1.12,-1.12
21.559,NAV_WAYPOINT,0.4943,-1.1254,0.301,92.73,0.42,0.2,-0.0,0.2747,-0.0009,-0.0116,,,1.142,,,1.12,-1.12,1.12,-1.12
21.618,NAV_WAYPOINT,0.5072,-1.1237,0.302,92.72,0.41,0.22,-0.0,0.2761,0.0018,-0.0159,,,1.132,,,1.12,-1.12,1.12,-1.12
21.654,NAV_WAYPOINT,0.5188,-1.1229,0.302,92.74,0.45,0.18,-0.0,0.2745,0.0018,-0.0091,,2.551,1.132,,,1.12,-1.12,1.12,-1.12
21.706,NAV_WAYPOINT,0.5312,-1.1216,0.305,92.84,0.41,0.21,-0.0,0.2745,0.0031,-0.0075,,2.551,1.123,,,1.12,-1.12,1.12,-1.12
21.772,NAV_WAYPOINT,0.5441,-1.1205,0.307,92.91,0.33,0.13,-0.0,0.2756,0.0038,0.0003,,2.564,1.123,,,1.12,-1.12,1.12,-1.12
21.808,NAV_WAYPOINT,0.5565,-1.1216,0.305,92.96,0.19,0.2,-0.0,0.2745,-0.0003,0.0042,,2.564,1.134,,,1.12,-1.12,1.12,-1.12
21.865,NAV_WAYPOINT,0.5701,-1.1202,0.302,92.98,0.24,0.3,-0.0,0.2758,0.001,-0.0033,,2.562,1.134,,,1.12,-1.12,1.12,-1.12
21.909,NAV_WAYPOINT,0.5821,-1.119,0.298,92.98,0.22,0.28,-0.0,0.2732,0.0016,-0.0096,,2.562,1.139,,,1.12,-1.12,1.12,-1.12
21.965,NAV_WAYPOINT,0.593,-1.1181,0.295,92.91,0.27,0.34,-0.0,0.2684,0.0012,-0.0163,,2.558,1.139,,,1.12,-1.12,1.12,-1.12
22.035,NAV_WAYPOINT,0.6054,-1.1165,0.297,92.71,0.33,0.45,-0.0,0.2684,0.0015,-0.0185,,2.558,1.151,,,1.12,-1.12,1.12,-1.12
22.068,NAV_WAYPOINT,0.6153,-1.1159,0.298,92.42,0.41,0.44,-0.0,0.2627,-0.0008,-0.0072,,2.544,1.151,,,1.12,-1.12,1.12,-1.12
22.133,NAV_WAYPOINT,0.6285,-1.1155,0.299,92.15,0.46,0.58,-0.0,0.2664,-0.0037,-0.0034,,2.544,1.169,,,1.12,-1.12,1.12,-1.12
22.169,NAV_WAYPOINT,0.6398,-1.1148,0.297,91.87,0.59,0.46,-0.0,0.2656,-0.0061,-0.0012,,2.565,1.169,,,1.12,-1.12,1.12,-1.12
22.205,NAV_WAYPOINT,0.6525,-1.115,0.295,91.64,0.55,0.46,-0.0,0.2691,-0.0094,-0.0054,,2.565,1.175,,,1.12,-1.12,1.12,-1.12
22.272,NAV_WAYPOINT,0.6635,-1.115,0.296,91.42,0.51,0.18,-0.0,0.2673,-0.0111,-0.0061,,2.566,1.175,,,1.12,-1.12,1.12,-1.12
22.322,NAV_WAYPOINT,0.6754,-1.1157,0.296,91.33,0.52,0.08,-0.0,0.2678,-0.0124,-0.0012,,2.566,1.185,,,1.12,-1.12,1.12,-1.12
22.365,NAV_WAYPOINT,0.6878,-1.1159,0.298,91.31,0.59,-0.07,-0.0,0.2691,-0.0113,-0.0008,,2.553,1.185,,,1.12,-1.12,1.12,-1.12
22.404,NAV_WAYPOINT,0.7014,-1.1159,0.297,91.38,0.76,-0.13,-0.0,0.2752,-0.0092,0.0012,,2.553,1.188,1.166,,1.12,-1.12,1.12,-1.12
22.47,NAV_WAYPOINT,0.7137,-1.1157,0.299,91.51,0.82,-0.13,-0.0,0.2775,-0.006,0.0017,,2.539,1.188,1.166,,1.12,-1.12,1.12,-1.12
22.513,NAV_WAYPOINT,0.7264,-1.1151,0.299,91.71,1.02,-0.18,-0.0,0.282,-0.0023,0.0081,,2.539,1.187,1.163,,1.12,-1.12,1.12,-1.12
22.587,NAV_WAYPOINT,0.7396,-1.1135,0.298,91.92,0.92,-0.21,-0.0,0.2874,0.0038,0.0053,0.338,2.527,1.187,1.163,,1.12,-1.12,1.12,-1.12
22.627,NAV_WAYPOINT,0.7522,-1.1119,0.299,92.04,0.88,-0.23,-0.0,0.2906,0.0095,0.0021,0.338,2.527,1.179,,,1.12,-1.12,1.12,-1.12
22.68,NAV_WAYPOINT,0.7674,-1.1107,0.303,92.16,0.62,-0.11,-0.0,0.2982,0.0131,0.0057,0.323,2.506,1.179,,,1.12,-1.12,1.12,-1.12
22.766,NAV_WAYPOINT,0.7806,-1.1088,0.302,92.17,0.43,-0.16,-0.0,0.2982,0.0175,0.0106,0.323,2.506,1.169,,,1.12,-1.12,1.12,-1.12
22.786,NAV_WAYPOINT,0.7935,-1.1062,0.303,92.06,0.28,-0.03,-0.0,0.2963,0.0229,0.0058,0.314,2.511,1.169,,,1.12,-1.12,1.12,-1.12
22.824,NAV_WAYPOINT,0.8068,-1.1032,0.303,91.94,0.27,0.15,-0.0,0.2944,0.0273,0.0045,0.314,2.511,1.184,,,1.12,-1.12,1.12,-1.12
22.857,NAV_WAYPOINT,0.8199,-1.1005,0.305,91.78,0.33,0.38,-0.0,0.2927,0.029,-0.0005,0.313,2.5,1.184,,,1.12,-1.12,1.12,-1.12
22.924,NAV_WAYPOINT,0.8359,-1.0962,0.301,91.62,0.29,0.42,-0.0,0.2987,0.033,-0.0003,0.313,2.5,1.201,,,1.12,-1.12,1.12,-1.12
22.968,NAV_WAYPOINT,0.8483,-1.0923,0.299,91.42,0.26,0.5,-0.0,0.2947,0.0356,-0.0136,0.304,2.494,1.201,,,1.12,-1.12,1.12,-1.12
23.025,NAV_WAYPOINT,0.8627,-1.089,0.303,91.23,0.25,0.72,-0.0,0.296,0.0351,-0.0184,0.304,2.494,1.206,,,1.12,-1.12,1.12,-1.12
23.072,NAV_WAYPOINT,0.8774,-1.0859,0.3,91.1,0.31,0.89,-0.0,0.2969,0.032,-0.0064,0.296,2.497,1.206,,,1.12,-1.12,1.12,-1.12
23.118,NAV_WAYPOINT,0.8901,-1.0834,0.299,91.02,0.2,0.94,-0.0,0.2932,0.0268,-0.0167,0.296,2.497,1.217,1.174,,1.12,-1.12,1.12,-1.12
23.162,NAV_WAYPOINT,0.9013,-1.081,0.298,91.03,0.17,0.92,-0.0,0.2933,0.0229,-0.0162,0.31,2.503,1.217,1.174,,1.12,-1.12,1.12,-1.12
23.238,NAV_WAYPOINT,0.9199,-1.0775,0.299,91.01,0.11,0.88,-0.0,0.2971,0.0215,-0.0189,0.31,2.503,1.192,1.621,,1.12,-1.12,1.12,-1.12
23.265,NAV_WAYPOINT,0.9305,-1.0749,0.298,90.98,0.07,1.05,-0.0,0.2947,0.0182,-0.0139,0.318,2.493,1.192,1.621,,1.12,-1.12,1.12,-1.12
23.326,NAV_WAYPOINT,0.9435,-1.0727,0.298,90.95,0.1,1.13,-0.0,0.2908,0.0124,-0.0147,0.318,2.493,,1.714,,1.12,-1.12,1.12,-1.12
23.377,NAV_WAYPOINT,0.9567,-1.0707,0.294,90.85,0.21,1.4,-0.0,0.2883,0.0058,-0.0125,0.301,2.485,,1.714,,1.12,-1.12,1.12,-1.12
23.417,NAV_WAYPOINT,0.9687,-1.0691,0.298,90.8,0.37,1.7,-0.0,0.2843,-0.0042,-0.0179,0.301,2.485,1.087,1.708,,1.12,-1.12,1.12,-1.12
23.46,NAV_WAYPOINT,0.9841,-1.068,0.297,90.73,0.47,1.75,-0.0,0.2915,-0.0152,-0.0023,0.279,2.485,1.087,1.708,,1.12,-1.12,1.12,-1.12
23.533,NAV_WAYPOINT,0.9976,-1.0672,0.294,90.75,0.31,1.73,-0.0,0.292,-0.0252,-0.0048,0.279,2.485,1.07,1.692,,1.12,-1.12,1.12,-1.12
23.563,NAV_WAYPOINT,1.0109,-1.0674,0.293,90.73,0.27,1.71,-0.0,0.291,-0.0368,-0.0075,0.277,2.46,1.07,1.692,,1.12,-1.12,1.12,-1.12
23.625,NAV_WAYPOINT,1.0247,-1.0681,0.295,90.7,0.18,1.74,-0.0,0.2909,-0.048,-0.006,0.277,2.46,1.101,1.658,,1.12,-1.12,1.12,-1.12
23.682,NAV_WAYPOINT,1.0378,-1.0691,0.293,90.65,-0.02,1.75,-0.0,0.2875,-0.0589,-0.0009,0.279,2.466,1.101,1.658,,1.12,-1.12,1.12,-1.12
23.716,NAV_WAYPOINT,1.0515,-1.0704,0.292,90.61,-0.17,1.78,-0.0,0.2844,-0.0692,-0.0029,0.279,2.466,1.138,1.619,,1.12,-1.12,1.12,-1.12
23.759,NAV_WAYPOINT,1.0663,-1.0729,0.292,90.59,-0.09,1.88,-0.0,0.2853,-0.082,-0.0012,0.285,2.459,1.138,1.619,,1.12,-1.12,1.12,-1.12
23.833,NAV_WAYPOINT,1.0799,-1.0759,0.294,90.51,-0.32,1.87,-0.0,0.2819,-0.0945,-0.0025,0.285,2.459,1.173,1.57,,1.12,-1.12,1.12,-1.12
23.863,NAV_WAYPOINT,1.0927,-1.0788,0.294,90.4,-0.7,1.82,-0.0,0.2738,-0.1052,0.0006,0.301,2.46,1.173,1.57,,1.12,-1.12,1.12,-1.12
23.927,NAV_WAYPOINT,1.1055,-1.0835,0.295,90.31,-1.19,1.55,-0.0,0.263,-0.1173,-0.0011,0.301,2.46,1.184,1.241,,1.12,-1.12,1.12,-1.12
23.979,NAV_WAYPOINT,1.1182,-1.088,0.298,90.18,-1.53,1.38,-0.0,0.2504,-0.1259,0.0012,0.343,2.439,1.184,1.241,,1.12,-1.12,1.12,-1.12
24.008,NAV_WAYPOINT,1.1314,-1.0935,0.294,90.09,-2.01,1.12,-0.0,0.237,-0.1337,0.0099,0.343,2.439,1.185,,,1.12,-1.12,1.12,-1.12
24.056,NAV_WAYPOINT,1.1426,-1.0989,0.293,90.01,-2.53,0.65,-0.0,0.2167,-0.1374,-0.0029,0.333,2.436,1.185,,,1.12,-1.12,1.12,-1.12
24.127,NAV_WAYPOINT,1.1516,-1.1034,0.295,89.95,-3.16,0.26,-0.0,0.1868,-0.1354,-0.0035,0.333,2.436,1.19,,,1.12,-1.12,1.12,-1.12
24.175,NAV_WAYPOINT,1.1601,-1.1072,0.293,89.92,-3.7,-0.23,-0.0,0.1545,-0.1276,0.0044,0.322,2.455,1.19,,,1.12,-1.12,1.12,-1.12
24.222,NAV_WAYPOINT,1.1665,-1.1109,0.294,89.92,-4.15,-0.81,-0.0,0.1176,-0.1167,-0.0029,0.322,2.455,1.197,0.698,,1.12,-1.12,1.12,-1.12
24.26,NAV_WAYPOINT,1.1725,-1.1156,0.293,89.9,-4.29,-0.93,-0.0,0.0821,-0.1063,0.002,0.323,2.432,1.197,0.698,,1.12,-1.12,1.12,-1.12
24.325,NAV_WAYPOINT,1.1754,-1.1187,0.293,89.86,-4.23,-0.99,-0.0,0.0432,-0.0933,-0.0007,0.323,2.432,1.2,0.665,,1.12,-1.12,1.12,-1.12
24.354,NAV_WAYPOINT,1.1773,-1.1228,0.293,89.84,-4.12,-1.05,-0.0,0.0082,-0.0831,-0.0008,0.325,2.418,1.2,0.665,,1.12,-1.12,1.12,-1.12
24.417,NAV_WAYPOINT,1.1764,-1.1263,0.295,89.81,-4.0,-1.19,-0.0,-0.0291,-0.0721,-0.0007,0.325,2.418,1.194,0.648,,1.12,-1.12,1.12,-1.12
24.479,NAV_WAYPOINT,1.1746,-1.1264,0.295,89.8,-3.67,-1.32,-0.0,-0.0629,-0.0535,0.0063,0.33,2.416,1.194,0.648,,1.12,-1.12,1.12,-1.12
24.511,NAV_WAYPOINT,1.171,-1.1265,0.295,89.74,-3.17,-1.27,-0.0,-0.0923,-0.0371,0.0024,0.33,2.416,1.181,0.65,,1.12,-1.12,1.12,-1.12
24.558,NAV_WAYPOINT,1.1647,-1.1254,0.295,89.64,-2.7,-1.25,-0.0,-0.121,-0.0203,0.0012,0.334,2.424,1.181,0.65,,1.12,-1.12,1.12,-1.12
24.62,NAV_WAYPOINT,1.1599,-1.1243,0.291,89.52,-2.05,-1.1,-0.0,-0.1379,-0.0057,0.0024,0.334,2.424,1.145,0.656,,1.12,-1.12,1.12,-1.12
24.653,NAV_WAYPOINT,1.1553,-1.1216,0.297,89.37,-1.45,-0.96,-0.0,-0.1475,0.0089,-0.0056,0.342,2.443,1.145,0.656,,1.12,-1.12,1.12,-1.12
24.732,ROTATION_SCAN,1.1493,-1.1195,0.296,89.24,-0.84,-0.45,-0.0,-0.1537,0.0178,0.0133,0.342,2.443,1.108,0.663,,,,1.12,-1.12
24.765,ROTATION_SCAN,1.142,-1.1162,0.297,89.14,-0.25,-0.22,-0.0,-0.1575,0.0257,0.0113,0.344,2.428,1.108,0.663,,,,1.12,-1.12
24.825,ROTATION_SCAN,1.1356,-1.1131,0.293,89.06,0.38,0.03,15.0,-0.1533,0.0303,0.0123,0.344,2.428,1.065,0.678,,,,1.12,-1.12
24.873,ROTATION_SCAN,1.1302,-1.1096,0.296,89.07,1.45,0.3,15.0,-0.1405,0.0325,0.0028,0.35,2.43,1.065,0.678,,,,1.12,-1.12
24.907,ROTATION_SCAN,1.1267,-1.1074,0.299,89.19,2.22,0.56,15.0,-0.1156,0.0295,0.0105,0.35,2.43,1.028,0.701,,,,1.12,-1.12
24.953,ROTATION_SCAN,1.1223,-1.106,0.296,89.37,2.66,1.04,15.0,-0.0917,0.0218,0.0163,0.354,2.434,1.028,0.701,,,,1.12,-1.12
25.011,ROTATION_SCAN,1.1202,-1.1038,0.298,89.76,2.83,1.27,15.0,-0.0632,0.0145,0.0068,0.354,2.434,1.003,0.733,,,,1.12,-1.12
25.108,ROTATION_SCAN,1.118,-1.1021,0.3,90.32,2.71,1.29,15.0,-0.0377,0.0066,0.0096,0.348,2.43,1.003,0.733,,,,1.12,-1.12
25.134,ROTATION_SCAN,1.1194,-1.1003,0.298,90.99,2.54,1.3,15.0,-0.0078,-0.0003,0.0106,0.348,2.43,0.989,0.794,,,,1.12,-1.12
25.163,ROTATION_SCAN,1.1238,-1.1013,0.301,91.81,2.28,1.3,15.0,0.0234,-0.0133,0.0021,0.344,2.419,0.989,0.794,,,,1.12,-1.12
25.206,ROTATION_SCAN,1.1282,-1.1019,0.299,92.67,1.84,1.1,15.0,0.0485,-0.0219,0.0079,0.344,2.419,0.977,,,,,1.12,-1.12
25.254,ROTATION_SCAN,1.132,-1.1029,0.301,93.62,1.4,0.96,15.0,0.0653,-0.0291,-0.0015,0.348,2.418,0.977,,,,,1.12,-1.12
25.312,ROTATION_SCAN,1.1376,-1.1037,0.301,94.59,0.82,0.6,15.0,0.0802,-0.0328,0.0015,0.348,2.418,0.973,1.628,,,,1.12,-1.12
25.385,ROTATION_SCAN,1.1435,-1.1067,0.302,95.61,0.23,0.38,15.0,0.0883,-0.0398,0.0028,0.348,2.452,0.973,1.628,,,,1.12,-1.12
25.406,ROTATION_SCAN,1.1491,-1.109,0.303,96.53,-0.19,-0.04,15.0,0.0908,-0.0417,0.0033,0.348,2.452,0.972,1.689,,,,1.12,-1.12
25.468,ROTATION_SCAN,1.1553,-1.1099,0.301,97.38,-0.71,-0.16,15.0,0.0911,-0.038,0.0051,0.353,2.535,0.972,1.689,,,,1.12,-1.12
25.511,ROTATION_SCAN,1.1604,-1.1115,0.302,98.18,-1.06,-0.21,15.0,0.0845,-0.0368,0.0017,0.353,2.535,0.971,1.689,,,,1.12,-1.12
25.557,ROTATION_SCAN,1.1653,-1.112,0.307,98.9,-1.17,-0.31,15.0,0.0765,-0.0323,0.004,0.353,2.594,0.971,1.689,,,,1.12,-1.12
25.603,ROTATION_SCAN,1.1688,-1.1121,0.304,99.69,-1.35,-0.33,15.0,0.0652,-0.0276,0.0133,0.353,2.594,0.97,1.694,,,,1.12,-1.12
25.67,ROTATION_SCAN,1.1718,-1.113,0.304,100.46,-1.3,-0.38,15.0,0.0536,-0.0255,0.0045,0.353,2.692,0.97,1.694,,,,1.12,-1.12
25.709,ROTATION_SCAN,1.1748,-1.1138,0.303,101.28,-1.41,-0.33,15.0,0.0431,-0.0237,0.005,0.353,2.692,0.974,1.697,,,,1.12,-1.12
25.77,ROTATION_SCAN,1.1758,-1.1131,0.305,102.05,-1.63,-0.43,15.0,0.0272,-0.0188,0.0018,0.352,2.739,0.974,1.697,,,,1.12,-1.12
25.809,ROTATION_SCAN,1.1767,-1.1127,0.302,102.83,-1.66,-0.25,15.0,0.0126,-0.016,0.0067,0.352,2.739,0.991,1.695,,,,1.12,-1.12
25.856,ROTATION_SCAN,1.1732,-1.112,0.3,103.64,-1.54,-0.18,15.0,-0.0103,-0.014,-0.0011,0.342,2.791,0.991,1.695,,,,1.12,-1.12
25.925,ROTATION_SCAN,1.1719,-1.1116,0.303,104.49,-1.17,-0.12,15.0,-0.0231,-0.0129,-0.0053,0.342,2.791,1.014,1.686,,,,1.12,-1.12
25.969,ROTATION_SCAN,1.1668,-1.1113,0.303,105.38,-0.89,0.1,15.0,-0.0397,-0.0134,0.0045,0.338,2.796,1.014,1.686,,,,1.12,-1.12
26.004,ROTATION_SCAN,1.1634,-1.1117,0.306,106.27,-0.53,0.07,15.0,-0.0477,-0.0149,0.0017,0.338,2.796,1.039,1.656,,,,1.12,-1.12
26.064,ROTATION_SCAN,1.16,-1.1106,0.302,107.21,-0.36,0.21,15.0,-0.0529,-0.0131,0.0091,0.335,2.801,1.039,1.656,,,,1.12,-1.12
26.105,ROTATION_SCAN,1.1553,-1.1104,0.302,108.2,-0.07,0.2,15.0,-0.0584,-0.0138,-0.0012,0.335,2.801,1.047,,,,,1.12,-1.12
26.186,ROTATION_SCAN,1.1517,-1.1107,0.304,109.25,0.28,0.36,15.0,-0.0578,-0.0147,-0.0019,0.338,2.787,1.047,,,,,1.12,-1.12
26.215,ROTATION_SCAN,1.1485,-1.1102,0.304,110.27,0.5,0.53,15.0,-0.0538,-0.0144,0.0043,0.338,2.787,1.05,,,,,1.12,-1.12
26.275,ROTATION_SCAN,1.1454,-1.1096,0.303,111.31,0.74,0.5,15.0,-0.0483,-0.0136,0.0032,0.345,2.749,1.05,,,,,1.12,-1.12
26.329,ROTATION_SCAN,1.1429,-1.1107,0.305,112.33,0.89,0.54,15.0,-0.0404,-0.0157,0.0002,0.345,2.749,1.006,1.291,,,,1.12,-1.12
26.358,ROTATION_SCAN,1.1425,-1.111,0.308,113.24,0.77,0.46,15.0,-0.029,-0.0158,0.0038,0.351,2.645,1.006,1.291,,,,1.12,-1.12
26.406,ROTATION_SCAN,1.1432,-1.1105,0.308,114.1,0.79,0.52,15.0,-0.0163,-0.0139,0.006,0.351,2.645,,1.269,,,,1.12,-1.12
26.48,ROTATION_SCAN,1.1449,-1.1098,0.305,114.93,0.92,0.51,15.0,-0.0028,-0.0116,0.0029,0.362,,,1.269,,,,1.12,-1.12
26.508,ROTATION_SCAN,1.1444,-1.1112,0.305,115.74,0.69,0.53,15.0,0.0043,-0.0143,-0.0077,0.362,,0.912,1.268,,,,1.12,-1.12
26.576,ROTATION_SCAN,1.1438,-1.1176,0.305,116.52,0.46,0.46,15.0,0.0077,-0.029,-0.0082,0.371,,0.912,1.268,,,,1.12,-1.12
26.618,ROTATION_SCAN,1.1609,-1.1059,0.303,117.28,0.44,0.24,15.0,0.0481,-0.0009,-0.0127,0.371,,0.867,1.276,,,,1.12,-1.12
26.659,ROTATION_SCAN,1.1633,-1.1068,0.306,118.0,0.2,0.21,15.0,0.051,-0.0032,-0.0158,0.376,,0.867,1.276,,,,1.12,-1.12
26.706,ROTATION_SCAN,1.1656,-1.1071,0.304,118.73,-0.35,-0.02,15.0,0.0501,-0.0045,-0.0097,0.376,,0.837,1.285,,,,1.12,-1.12
26.776,ROTATION_SCAN,1.1682,-1.1068,0.306,119.47,-0.67,-0.18,15.0,0.0455,-0.0048,-0.0133,0.379,,0.837,1.285,,,,1.12,-1.12
26.819,ROTATION_SCAN,1.1721,-1.1067,0.301,120.23,-0.94,-0.16,15.0,0.0423,-0.0062,-0.0111,0.379,,0.817,1.287,,,,1.12,-1.12
26.872,ROTATION_SCAN,1.1747,-1.1059,0.302,120.94,-1.23,-0.24,15.0,0.0348,-0.0072,-0.0205,0.389,,0.817,1.287,,,,1.12,-1.12
26.914,ROTATION_SCAN,1.1763,-1.1063,0.303,121.68,-1.34,-0.21,15.0,0.0243,-0.0114,-0.0149,0.389,,0.805,1.303,,,,1.12,-1.12
26.976,ROTATION_SCAN,1.1731,-1.1082,0.299,122.41,-1.42,-0.11,15.0,0.0041,-0.0193,-0.0082,0.399,,0.805,1.303,,,,1.12,-1.12
27.004,ROTATION_SCAN,1.1723,-1.1086,0.3,123.13,-1.18,-0.16,15.0,-0.0074,-0.0228,-0.0148,0.399,,0.785,1.329,,,,1.12,-1.12
27.069,ROTATION_SCAN,1.168,-1.1106,0.3,123.85,-1.14,-0.18,15.0,-0.0246,-0.029,-0.0094,0.407,,0.785,1.329,,,,1.12,-1.12
27.118,ROTATION_SCAN,1.167,-1.11,0.298,124.54,-0.79,-0.32,15.0,-0.0323,-0.0273,-0.0075,0.407,,0.771,1.345,,,,1.12,-1.12
27.177,ROTATION_SCAN,1.1585,-1.114,0.299,125.24,-0.5,-0.16,15.0,-0.0512,-0.0339,-0.01,0.414,1.079,0.771,1.345,,,,1.12,-1.12
27.217,ROTATION_SCAN,1.1524,-1.1146,0.3,126.06,-0.16,-0.1,15.0,-0.0611,-0.0326,-0.0029,0.414,1.079,0.756,1.379,,,,1.12,-1.12
27.256,ROTATION_SCAN,1.1481,-1.1152,0.297,126.88,0.16,0.02,15.0,-0.0637,-0.0299,0.0025,0.414,1.055,0.756,1.379,,,,1.12,-1.12
27.303,ROTATION_SCAN,1.1437,-1.1154,0.296,127.76,0.3,0.26,15.0,-0.0637,-0.0273,-0.003,0.414,1.055,0.738,1.421,,,,1.12,-1.12
27.371,ROTATION_SCAN,1.1383,-1.1155,0.299,128.64,0.66,0.42,15.0,-0.0637,-0.0243,-0.0032,0.414,1.025,0.738,1.421,,,,1.12,-1.12
27.446,ROTATION_SCAN,1.1342,-1.116,0.301,129.51,0.88,0.57,15.0,-0.0578,-0.0218,0.0053,0.414,1.025,0.729,1.402,,,,1.12,-1.12
27.473,ROTATION_SCAN,1.1287,-1.1161,0.301,130.43,1.04,0.72,15.0,-0.0533,-0.0186,0.0094,0.418,0.998,0.729,1.402,,,,1.12,-1.12
27.51,ROTATION_SCAN,1.1241,-1.1157,0.303,131.25,1.06,0.8,15.0,-0.0474,-0.0147,0.0068,0.418,0.998,0.722,,,,,1.12,-1.12
27.575,ROTATION_SCAN,1.1214,-1.1153,0.304,131.98,1.21,1.0,15.0,-0.0358,-0.0114,0.0088,0.427,0.983,0.722,,,,,1.12,-1.12
27.603,ROTATION_SCAN,1.1186,-1.115,0.301,132.75,1.18,1.02,15.0,-0.0251,-0.009,0.0057,0.427,0.983,0.724,0.53,,,,1.12,-1.12
27.663,ROTATION_SCAN,1.1154,-1.1136,0.301,133.53,1.22,1.25,15.0,-0.0156,-0.0047,-0.0034,0.433,0.965,0.724,0.53,,,,1.12,-1.12
27.754,ROTATION_SCAN,1.1148,-1.1138,0.299,134.23,1.25,1.26,15.0,-0.0002,-0.005,-0.0032,0.433,0.965,0.732,0.487,,,,1.12,-1.12
27.769,ROTATION_SCAN,1.114,-1.1129,0.299,134.96,0.97,1.25,15.0,0.0121,-0.0033,-0.0081,0.44,0.948,0.732,0.487,,,,1.12,-1.12
27.806,ROTATION_SCAN,1.1132,-1.1098,0.3,135.71,0.79,1.06,15.0,0.0208,0.0031,-0.0061,0.44,0.948,,0.462,,,,1.12,-1.12
27.88,ROTATION_SCAN,1.1203,-1.1108,0.301,136.53,0.74,1.05,15.0,0.0448,-0.0012,-0.0014,0.453,0.923,,0.462,,,,1.12,-1.12
27.902,ROTATION_SCAN,1.1193,-1.1107,0.299,137.37,0.4,0.9,15.0,0.0463,-0.0031,0.0004,0.453,0.923,,0.444,,,,1.12,-1.12
27.962,ROTATION_SCAN,1.1269,-1.1066,0.301,138.11,0.12,0.8,15.0,0.0642,0.0037,-0.0025,0.463,0.896,,0.444,,,,1.12,-1.12
28.039,ROTATION_SCAN,1.1296,-1.1054,0.302,138.73,-0.14,0.66,15.0,0.0679,0.0015,0.0024,0.463,0.896,,0.431,,,,1.12,-1.12
28.066,ROTATION_SCAN,1.134,-1.1063,0.302,139.41,-0.36,0.38,15.0,0.0713,-0.0049,0.0056,0.48,0.877,,0.431,,,,1.12,-1.12
28.113,ROTATION_SCAN,1.1368,-1.1063,0.303,140.15,-0.5,0.24,15.0,0.0692,-0.0089,0.0042,0.48,0.877,,0.419,,,,1.12,-1.12
28.173,ROTATION_SCAN,1.1393,-1.1074,0.304,140.93,-0.58,0.12,15.0,0.065,-0.0149,0.0033,0.501,0.854,,0.419,,,,1.12,-1.12
28.209,ROTATION_SCAN,1.1398,-1.1086,0.303,141.79,-0.68,0.01,15.0,0.0558,-0.0203,0.003,0.501,0.854,,0.418,,,,1.12,-1.12
28.264,ROTATION_SCAN,1.1404,-1.1104,0.302,142.64,-0.67,-0.3,15.0,0.0461,-0.0258,0.0002,,0.838,,0.418,,,,1.12,-1.12
28.34,ROTATION_SCAN,1.1393,-1.1123,0.306,143.45,-0.55,-0.31,15.0,0.0332,-0.0291,-0.0017,,0.838,,0.411,,,,1.12,-1.12
28.368,ROTATION_SCAN,1.1377,-1.1131,0.305,144.22,-0.36,-0.19,15.0,0.0222,-0.0298,0.0085,,0.824,,0.411,,,,1.12,-1.12
28.413,ROTATION_SCAN,1.1326,-1.1165,0.304,145.02,-0.5,-0.1,15.0,0.0055,-0.0366,0.003,,0.824,,0.411,,,,1.12,-1.12
28.484,ROTATION_SCAN,1.1291,-1.1192,0.302,145.76,-0.31,-0.11,15.0,-0.006,-0.0409,-0.0013,,0.812,,0.411,,,,1.12,-1.12
28.503,ROTATION_SCAN,1.1253,-1.1208,0.302,146.48,0.25,0.1,15.0,-0.0132,-0.0398,-0.0055,,0.812,,0.413,,,,1.12,-1.12
28.567,ROTATION_SCAN,1.1203,-1.1223,0.303,147.2,0.43,0.24,15.0,-0.0196,-0.0369,-0.0035,,0.809,,0.413,,,,1.12,-1.12
28.65,ROTATION_SCAN,1.1174,-1.1247,0.301,147.88,0.6,0.26,15.0,-0.0199,-0.0355,-0.0021,,0.809,3.224,0.411,,,,1.12,-1.12
28.676,ROTATION_SCAN,1.1134,-1.1257,0.299,148.49,0.79,0.52,15.0,-0.0209,-0.0303,-0.0082,,0.8,3.224,0.411,,,,1.12,-1.12
28.718,ROTATION_SCAN,1.1097,-1.1276,0.303,149.05,0.91,0.79,15.0,-0.0182,-0.0279,-0.0118,,0.8,,0.409,,,,1.12,-1.12
28.754,ROTATION_SCAN,1.1069,-1.1288,0.303,149.53,1.02,1.03,15.0,-0.0112,-0.0245,0.0,,0.796,,0.409,,,,1.12,-1.12
28.805,ROTATION_SCAN,1.1042,-1.131,0.304,150.02,1.09,1.11,15.0,-0.0038,-0.0234,-0.0016,,0.796,3.132,0.406,,,,1.12,-1.12
28.868,ROTATION_SCAN,1.1023,-1.1325,0.3,150.69,1.08,1.17,15.0,0.0048,-0.0211,0.002,,0.79,3.132,0.406,,,,1.12,-1.12
28.904,ROTATION_SCAN,1.0999,-1.1338,0.304,151.31,1.42,1.23,15.0,0.0123,-0.0175,-0.0093,,0.79,,0.407,,,,1.12,-1.12
28.973,ROTATION_SCAN,1.1003,-1.1349,0.305,152.06,1.41,1.15,15.0,0.0262,-0.0125,0.0012,,0.779,,0.407,,,,1.12,-1.12
29.023,ROTATION_SCAN,1.1032,-1.136,0.304,152.85,1.42,0.99,15.0,0.0423,-0.0075,0.0009,,0.779,,0.4,,,,1.12,-1.12
29.058,ROTATION_SCAN,1.1044,-1.1358,0.304,153.63,1.35,0.83,15.0,0.0521,0.0005,-0.0061,,0.767,,0.4,,,,1.12,-1.12
29.107,ROTATION_SCAN,1.1056,-1.1351,0.3,154.46,1.15,0.73,15.0,0.0593,0.0088,-0.0075,,0.767,3.036,0.394,,,,1.12,-1.12
29.182,ROTATION_SCAN,1.1094,-1.1336,0.301,155.31,1.08,0.49,15.0,0.0699,0.0173,-0.019,,0.754,3.036,0.394,,,,1.12,-1.12
29.212,ROTATION_SCAN,1.1137,-1.133,0.3,156.19,0.9,0.31,15.0,0.078,0.0228,-0.0132,,0.754,2.985,0.38,,,,1.12,-1.12
29.264,ROTATION_SCAN,1.1148,-1.1318,0.301,157.11,0.66,0.09,15.0,0.0763,0.0282,-0.0138,,0.74,2.985,0.38,,,,1.12,-1.12
29.334,ROTATION_SCAN,1.1166,-1.1277,0.299,157.97,0.44,-0.1,15.0,0.0738,0.0388,-0.0099,,0.74,,0.37,,,,1.12,-1.12
29.369,ROTATION_SCAN,1.1173,-1.125,0.299,158.78,0.19,-0.12,15.0,0.0677,0.0434,-0.0103,,0.731,,0.37,,,,1.12,-1.12
29.415,ROTATION_SCAN,1.1166,-1.1241,0.299,159.5,-0.18,-0.14,15.0,0.0581,0.0413,-0.0086,,0.731,2.918,0.361,,,,1.12,-1.12
29.492,ROTATION_SCAN,1.116,-1.1219,0.298,160.24,-0.37,-0.08,15.0,0.0489,0.0401,-0.0059,,0.723,2.918,0.361,,,,1.12,-1.12
29.522,ROTATION_SCAN,1.1138,-1.1197,0.299,161.06,-0.34,0.03,15.0,0.0376,0.0379,-0.0072,,0.723,2.854,0.351,,,,1.12,-1.12
29.597,ROTATION_SCAN,1.1118,-1.1177,0.299,161.87,-0.26,0.04,15.0,0.0288,0.0356,-0.0028,,0.716,2.854,0.351,,,,1.12,-1.12
29.625,ROTATION_SCAN,1.1108,-1.1155,0.299,162.64,-0.32,0.18,15.0,0.0233,0.0342,-0.0039,,0.716,2.849,0.348,,,,1.12,-1.12
29.675,ROTATION_SCAN,1.1066,-1.114,0.299,163.39,-0.32,0.38,15.0,0.0128,0.0306,-0.0025,,0.712,2.849,0.348,,,,1.12,-1.12
29.71,ROTATION_SCAN,1.1031,-1.1131,0.299,164.01,-0.21,0.52,15.0,0.0068,0.0266,-0.0022,,0.712,2.803,0.34,,,,1.12,-1.12
29.756,ROTATION_SCAN,1.1004,-1.1117,0.299,164.86,-0.14,0.77,15.0,0.0049,0.0238,0.0,,0.711,2.803,0.34,,,,1.12,-1.12
29.867,ROTATION_SCAN,1.0956,-1.1099,0.298,165.67,-0.12,0.96,15.0,0.0004,0.0222,-0.0007,,0.711,2.799,0.341,,,,1.12,-1.12
29.899,ROTATION_SCAN,1.0929,-1.1097,0.299,166.47,-0.06,1.17,15.0,0.0023,0.017,-0.005,,0.706,2.799,0.341,,,,1.12,-1.12
29.908,ROTATION_SCAN,1.0892,-1.1092,0.295,167.28,-0.1,1.38,15.0,0.0014,0.0137,-0.0007,,0.706,2.755,0.345,,,,1.12,-1.12
29.978,ROTATION_SCAN,1.0882,-1.1084,0.299,168.06,-0.09,1.34,15.0,0.0117,0.01,-0.0119,0.943,0.703,2.755,0.345,,,,1.12,-1.12
30.003,ROTATION_SCAN,1.0882,-1.1068,0.299,168.81,-0.15,1.46,15.0,0.019,0.0101,0.0012,0.943,0.703,2.734,0.35,,,,1.12,-1.12
30.069,ROTATION_SCAN,1.0884,-1.1064,0.299,169.7,-0.18,1.52,15.0,0.0315,0.0051,0.0016,0.939,0.696,2.734,0.35,,,,1.12,-1.12
30.111,ROTATION_SCAN,1.0897,-1.1073,0.297,170.63,-0.13,1.38,15.0,0.0399,-0.0003,0.002,0.939,0.696,2.714,0.351,,,,1.12,-1.12
30.186,ROTATION_SCAN,1.0924,-1.1063,0.296,171.52,-0.16,1.28,15.0,0.0542,-0.0012,-0.0014,0.941,0.684,2.714,0.351,,,,1.12,-1.12
30.213,ROTATION_SCAN,1.092,-1.1073,0.296,172.33,-0.18,1.23,15.0,0.0549,-0.0056,-0.0046,0.941,0.684,2.657,0.358,,,,1.12,-1.12
30.278,ROTATION_SCAN,1.0945,-1.108,0.299,173.0,-0.15,0.95,15.0,0.0647,-0.0097,-0.0052,0.948,0.679,2.657,0.358,,,,1.12,-1.12
30.33,ROTATION_SCAN,1.0967,-1.1088,0.297,173.62,0.01,0.92,15.0,0.0683,-0.0114,0.0018,0.948,0.679,2.627,0.365,,,,1.12,-1.12
30.362,ROTATION_SCAN,1.0982,-1.1099,0.298,174.17,0.1,0.55,15.0,0.071,-0.0131,-0.0049,0.947,0.675,2.627,0.365,,,,1.12,-1.12
30.406,ROTATION_SCAN,1.101,-1.1106,0.298,174.67,0.3,0.5,15.0,0.0727,-0.0121,-0.0015,0.947,0.675,2.59,0.364,,,,1.12,-1.12
30.48,ROTATION_SCAN,1.1057,-1.1118,0.297,175.2,0.39,0.44,15.0,0.0799,-0.0104,-0.0003,0.945,0.676,2.59,0.364,,,,1.12,-1.12
30.509,ROTATION_SCAN,1.1088,-1.1126,0.299,175.72,0.36,0.29,15.0,0.0803,-0.0087,-0.0016,0.945,0.676,2.584,0.36,,,,1.12,-1.12
30.571,ROTATION_SCAN,1.112,-1.1119,0.3,176.21,0.36,0.25,15.0,0.0811,-0.0029,0.0051,0.947,0.675,2.584,0.36,,,,1.12,-1.12
30.617,ROTATION_SCAN,1.1141,-1.1111,0.299,176.68,0.39,0.24,15.0,0.0785,0.0016,0.0068,0.947,0.675,2.563,0.362,,,,1.12,-1.12
30.655,ROTATION_SCAN,1.1176,-1.1099,0.296,177.3,0.18,0.2,15.0,0.0797,0.007,0.0004,0.945,0.675,2.563,0.362,,,,1.12,-1.12
30.703,ROTATION_SCAN,1.1215,-1.1069,0.299,177.92,-0.08,0.07,15.0,0.0804,0.013,-0.0057,0.945,0.675,2.509,0.364,,,,1.12,-1.12
30.793,ROTATION_SCAN,1.1256,-1.1058,0.299,178.65,-0.11,0.01,15.0,0.0811,0.0131,0.0036,0.936,0.681,2.509,0.364,,,,1.12,-1.12
30.896,ROTATION_SCAN,1.1261,-1.1047,0.297,179.44,-0.17,-0.13,15.0,0.0729,0.0133,0.0032,0.936,0.681,2.498,0.364,,,,2.22,-0.98
30.925,NAV_WAYPOINT,1.1267,-1.103,0.298,-179.76,-0.22,-0.33,-0.0,0.0638,0.0133,-0.0012,0.93,0.694,2.498,0.364,,1.12,-0.94,2.22,-0.98
30.952,NAV_WAYPOINT,1.129,-1.1029,0.298,-179.13,-0.23,-0.78,-0.0,0.0581,0.0105,0.001,0.93,0.694,2.466,0.357,,1.12,-0.94,2.22,-0.98
30.999,NAV_WAYPOINT,1.131,-1.1013,0.301,-178.64,-0.18,-0.77,-0.0,0.0483,0.0108,0.0024,0.925,0.715,2.466,0.357,,1.12,-0.94,2.22,-0.98
31.024,NAV_WAYPOINT,1.1313,-1.1014,0.299,-178.26,-0.1,-0.79,-0.0,0.0386,0.0085,0.0067,0.925,0.715,2.462,0.353,,1.12,-0.94,2.22,-0.98
31.065,NAV_WAYPOINT,1.1278,-1.1029,0.299,-177.92,1.65,-0.83,-0.0,0.0186,0.0099,0.0073,0.927,0.733,2.462,0.353,,1.12,-0.94,2.22,-0.98
31.108,NAV_WAYPOINT,1.1242,-1.1047,0.299,-177.7,3.56,-0.7,-0.0,0.0032,0.0228,0.0013,0.927,0.733,2.464,0.348,,1.12,-0.94,2.22,-0.98
31.152,NAV_WAYPOINT,1.119,-1.1039,0.299,-177.57,4.53,-0.51,-0.0,-0.0156,0.0624,0.0012,0.915,0.758,2.464,0.348,,1.12,-0.94,2.22,-0.98
31.21,NAV_WAYPOINT,1.1155,-1.1016,0.302,-177.46,5.0,-0.16,-0.0,-0.0247,0.0924,-0.0017,0.915,0.758,2.473,0.336,,1.12,-0.94,2.22,-0.98
31.272,NAV_WAYPOINT,1.1092,-1.0932,0.3,-177.38,5.0,0.12,-0.0,-0.0376,0.1417,0.0047,0.91,0.807,2.473,0.336,,1.12,-0.94,2.22,-0.98
31.314,NAV_WAYPOINT,1.1053,-1.0864,0.302,-177.42,4.55,0.4,-0.0,-0.0414,0.1806,-0.0012,0.91,0.807,2.479,0.318,,1.12,-0.94,2.22,-0.98
31.355,NAV_WAYPOINT,1.1002,-1.0764,0.3,-177.45,4.07,0.72,-0.0,-0.0448,0.2186,0.0009,0.907,,2.479,0.318,,1.12,-0.94,2.22,-0.98
31.419,NAV_WAYPOINT,1.0959,-1.0646,0.3,-177.44,3.49,1.07,-0.0,-0.0435,0.2522,-0.0071,0.907,,2.51,0.293,,1.12,-0.94,2.22,-0.98
31.457,NAV_WAYPOINT,1.0921,-1.0506,0.302,-177.46,2.82,1.26,-0.0,-0.0384,0.282,-0.0085,0.907,1.72,2.51,0.293,,1.12,-0.94,2.22,-0.98
31.502,NAV_WAYPOINT,1.0856,-1.0346,0.3,-177.55,2.05,1.58,-0.0,-0.0376,0.3084,-0.0037,0.907,1.72,2.513,0.264,,1.12,-0.94,2.22,-0.98
31.574,NAV_WAYPOINT,1.0829,-1.0188,0.3,-177.64,1.44,1.79,-0.0,-0.0263,0.3246,-0.0109,0.908,1.768,2.513,0.264,,1.12,-0.94,2.22,-0.98
31.604,NAV_WAYPOINT,1.0803,-1.0032,0.298,-177.63,0.81,1.98,-0.0,-0.0142,0.3338,-0.0112,0.908,1.768,2.547,0.233,,1.12,-0.94,2.22,-0.98
31.668,NAV_WAYPOINT,1.0777,-0.9878,0.297,-177.71,0.08,1.93,-0.0,-0.0024,0.3362,-0.0129,0.917,1.762,2.547,0.233,,1.12,-0.94,2.22,-0.98
31.71,NAV_WAYPOINT,1.0763,-0.9726,0.297,-177.92,-0.89,1.99,-0.0,0.0103,0.3305,-0.0107,0.917,1.762,2.581,0.203,,1.12,-0.94,2.22,-0.98
31.798,NAV_WAYPOINT,1.0758,-0.9592,0.299,-178.14,-1.81,2.04,-0.0,0.0245,0.3128,-0.0033,0.918,1.762,2.581,0.203,,1.12,-0.94,2.22,-0.98
31.818,NAV_WAYPOINT,1.0767,-0.9422,0.296,-178.36,-3.12,1.88,-0.0,0.0407,0.2977,0.0073,0.918,1.762,2.591,0.174,,1.12,-0.94,2.22,-0.98
31.873,NAV_WAYPOINT,1.0784,-0.9313,0.296,-178.6,-3.95,1.61,-0.0,0.0542,0.2596,0.0005,0.922,1.766,2.591,0.174,,1.12,-0.94,2.22,-0.98
31.913,NAV_WAYPOINT,1.0797,-0.9218,0.299,-178.75,-4.4,1.78,-0.0,0.0641,0.2157,0.0084,0.922,1.766,2.628,0.15,,1.12,-0.94,2.22,-0.98
31.96,NAV_WAYPOINT,1.0821,-0.9136,0.299,-179.0,-4.49,1.76,-0.0,0.0762,0.1721,0.016,0.925,1.758,2.628,0.15,,1.12,-0.94,2.22,-0.98
32.029,NAV_WAYPOINT,1.0854,-0.9075,0.299,-179.21,-4.37,1.52,-0.0,0.0879,0.13,0.0096,0.925,1.758,2.648,0.149,,1.12,-0.94,2.22,-0.98
32.052,NAV_WAYPOINT,1.0892,-0.9039,0.299,-179.35,-4.4,1.31,-0.0,0.0973,0.0862,0.0084,0.939,1.756,2.648,0.149,,1.12,-0.94,2.22,-0.98
32.111,NAV_WAYPOINT,1.0937,-0.9021,0.299,-179.49,-4.12,1.4,-0.0,0.1064,0.0445,0.0068,0.939,1.756,2.625,0.146,,1.12,-0.94,2.22,-0.98
32.179,NAV_WAYPOINT,1.0985,-0.9037,0.299,-179.62,-3.79,1.08,-0.0,0.1145,0.0003,0.0046,0.948,1.745,2.625,0.146,,1.12,-0.94,2.22,-0.98
32.216,NAV_WAYPOINT,1.1047,-0.907,0.299,-179.67,-3.26,0.82,-0.0,0.1229,-0.0379,0.0043,0.948,1.745,2.636,0.14,,1.12,-0.94,2.22,-0.98
32.267,NAV_WAYPOINT,1.1096,-0.9093,0.297,-179.65,-2.61,0.35,-0.0,0.1238,-0.0643,0.0033,0.958,1.743,2.636,0.14,,1.12,-0.94,2.22,-0.98
32.322,NAV_WAYPOINT,1.1144,-0.9144,0.299,-179.55,-1.93,-0.01,-0.0,0.1202,-0.0895,-0.0026,0.958,1.743,2.636,0.165,,1.12,-0.94,2.22,-0.98
32.359,NAV_WAYPOINT,1.1198,-0.9207,0.299,-179.47,-1.2,-0.19,-0.0,0.1174,-0.1084,0.0037,0.976,1.728,2.636,0.165,,1.68,-0.94,2.22,-0.98
32.438,NAV_WAYPOINT,1.1243,-0.927,0.3,-179.37,-0.42,-0.71,-0.0,0.11,-0.1192,0.0029,0.976,1.728,2.657,0.213,,1.68,-0.94,2.22,-0.98
32.469,NAV_WAYPOINT,1.1283,-0.9325,0.299,-179.27,0.37,-0.66,-0.0,0.0988,-0.1194,0.0068,0.981,1.721,2.657,0.213,,1.68,-0.94,2.22,-0.98
32.529,NAV_WAYPOINT,1.1299,-0.9383,0.3,-179.2,1.17,1.33,-0.0,0.0896,-0.1151,0.0036,0.981,1.721,2.653,0.239,,1.68,-0.94,2.22,-0.98
32.555,NAV_WAYPOINT,1.1324,-0.9434,0.3,-179.06,1.63,2.61,-0.0,0.0986,-0.1027,0.0058,0.969,1.727,2.653,0.239,,1.68,-0.94,2.22,-0.98
32.606,NAV_WAYPOINT,1.1354,-0.9476,0.303,-178.94,2.01,3.39,-0.0,0.1162,-0.0861,0.0046,0.969,1.727,2.648,0.257,,1.68,-0.94,2.22,-0.98
32.674,NAV_WAYPOINT,1.1401,-0.951,0.302,-178.8,1.92,3.76,-0.0,0.1412,-0.0671,0.0117,0.974,1.719,2.648,0.257,,1.68,-0.94,2.22,-0.98
32.706,NAV_WAYPOINT,1.1469,-0.9529,0.303,-178.67,1.77,3.72,-0.0,0.1706,-0.048,0.0078,0.974,1.719,2.621,0.33,,1.68,-0.94,2.22,-0.98
32.781,NAV_WAYPOINT,1.1544,-0.9544,0.304,-178.55,1.48,3.64,-0.0,0.1967,-0.0315,0.01,0.979,1.706,2.621,0.33,,1.68,-0.94,2.22,-0.98
32.845,NAV_WAYPOINT,1.164,-0.9558,0.303,-178.39,1.18,3.23,-0.0,0.224,-0.0194,0.0111,0.979,1.706,2.628,0.231,,1.68,-0.94,2.22,-0.98
32.873,NAV_WAYPOINT,1.1753,-0.955,0.301,-178.23,0.96,2.89,-0.0,0.249,-0.0049,0.0079,0.992,1.685,2.628,0.231,,1.68,-0.94,2.22,-0.98
32.928,NAV_WAYPOINT,1.186,-0.9552,0.303,-178.07,0.78,2.43,-0.0,0.2662,0.0033,0.0013,0.992,1.685,2.616,0.181,,1.68,-0.94,2.22,-0.98
32.957,NAV_WAYPOINT,1.1978,-0.9543,0.304,-177.91,0.58,1.99,-0.0,0.2806,0.0122,0.0038,1.015,1.662,2.616,0.181,,1.68,-0.94,2.22,-0.98
33.005,NAV_WAYPOINT,1.2102,-0.9533,0.306,-177.88,0.31,1.52,-0.0,0.2911,0.0179,0.0046,1.015,1.662,2.597,0.169,,1.68,-0.94,2.22,-0.98
33.078,NAV_WAYPOINT,1.2235,-0.9523,0.307,-177.88,0.17,0.9,-0.0,0.2978,0.021,0.0082,1.038,1.641,2.597,0.169,,1.68,-0.94,2.22,-0.98
33.108,NAV_WAYPOINT,1.2357,-0.9512,0.308,-177.87,-0.05,0.58,-0.0,0.2969,0.0222,0.0079,1.038,1.641,2.594,0.171,,1.68,-0.94,2.22,-0.98
33.171,NAV_WAYPOINT,1.2507,-0.9494,0.307,-177.92,-0.21,0.42,-0.0,0.3011,0.023,0.0081,1.05,1.62,2.594,0.171,,1.68,-0.94,2.22,-0.98
33.209,NAV_WAYPOINT,1.2628,-0.9477,0.307,-177.99,-0.14,0.52,-0.0,0.2977,0.0238,0.0008,1.05,1.62,2.604,0.169,,1.68,-0.94,2.22,-0.98
33.253,NAV_WAYPOINT,1.2748,-0.947,0.305,-178.07,-0.21,0.36,-0.0,0.2942,0.0221,-0.0051,1.049,1.596,2.604,0.169,,1.68,-0.94,2.22,-0.98
33.305,NAV_WAYPOINT,1.2873,-0.9453,0.309,-178.24,-0.45,0.42,-0.0,0.2918,0.0215,-0.0077,1.049,1.596,2.588,0.182,,1.68,-0.94,2.22,-0.98
33.379,NAV_WAYPOINT,1.3001,-0.9433,0.311,-178.48,-0.37,0.36,-0.0,0.2905,0.0207,0.0017,1.021,1.572,2.588,0.182,,1.68,-0.94,2.22,-0.98
33.407,NAV_WAYPOINT,1.3146,-0.942,0.305,-178.84,-0.22,0.37,-0.0,0.2929,0.0188,-0.0002,1.021,1.572,2.606,0.167,,1.68,-0.94,2.22,-0.98
33.477,NAV_WAYPOINT,1.3273,-0.9413,0.308,-179.35,-0.25,0.39,-0.0,0.2914,0.0169,-0.0163,0.983,1.546,2.606,0.167,,1.68,-0.94,2.22,-0.98
33.534,NAV_WAYPOINT,1.3394,-0.9403,0.305,-179.95,-0.41,0.54,-0.0,0.2889,0.0148,-0.0018,0.983,1.546,2.596,0.194,,1.68,-0.94,2.22,-0.98
33.563,NAV_WAYPOINT,1.3509,-0.9393,0.307,179.36,-0.56,0.6,-0.0,0.2863,0.0115,-0.0059,0.958,1.531,2.596,0.194,,1.68,-0.94,2.22,-0.98
33.611,NAV_WAYPOINT,1.3635,-0.9381,0.304,178.88,-0.61,0.57,-0.0,0.2862,0.0078,0.0049,0.958,1.531,2.604,0.158,,1.68,-0.94,2.22,-0.98
33.693,NAV_WAYPOINT,1.3755,-0.9367,0.304,178.64,-0.57,0.54,-0.0,0.2847,0.0056,-0.0037,0.928,1.511,2.604,0.158,,1.68,-0.94,2.22,-0.98
33.722,NAV_WAYPOINT,1.3889,-0.9361,0.302,178.72,-0.34,0.5,-0.0,0.2868,0.0022,-0.0034,0.928,1.511,2.631,0.16,,1.68,-0.94,2.22,-0.98
33.788,NAV_WAYPOINT,1.4012,-0.9377,0.301,178.89,0.04,0.32,-0.0,0.2853,-0.0031,-0.0095,0.891,1.48,2.631,0.16,,1.68,-0.94,2.22,-0.98
33.807,NAV_WAYPOINT,1.4126,-0.9384,0.304,179.15,0.34,0.32,-0.0,0.2807,-0.0032,-0.0119,0.891,1.48,2.616,0.178,,1.68,-0.94,2.22,-0.98
33.857,NAV_WAYPOINT,1.4247,-0.9389,0.304,179.44,0.13,0.26,-0.0,0.2782,-0.0018,-0.0011,0.866,1.459,2.616,0.178,,1.68,-0.94,2.22,-0.98
33.927,NAV_WAYPOINT,1.4371,-0.9394,0.306,179.68,0.39,0.3,-0.0,0.2766,-0.0012,-0.0048,0.866,1.459,2.616,0.164,,1.68,-0.94,2.22,-0.98
33.952,NAV_WAYPOINT,1.4524,-0.9396,0.303,179.94,0.22,0.37,-0.0,0.2823,0.0016,-0.0001,0.863,1.44,2.616,0.164,,1.68,-0.94,2.22,-0.98
34.012,NAV_WAYPOINT,1.463,-0.9399,0.306,-179.84,-0.23,0.7,-0.0,0.278,0.0013,-0.0016,0.863,1.44,2.635,0.18,,1.68,-0.94,2.22,-0.98
34.074,NAV_WAYPOINT,1.4741,-0.9403,0.307,-179.57,-0.37,0.82,-0.0,0.2776,-0.0024,0.0069,0.849,1.413,2.635,0.18,,1.68,-0.94,2.22,-0.98
34.11,NAV_WAYPOINT,1.486,-0.9424,0.306,-179.16,-0.21,0.69,-0.0,0.2792,-0.0094,-0.0007,0.849,1.413,2.654,0.165,,1.68,-0.94,2.22,-0.98
34.16,NAV_WAYPOINT,1.4962,-0.9442,0.303,-178.8,-0.11,0.81,-0.0,0.2757,-0.0136,-0.0058,0.856,1.393,2.654,0.165,,1.68,-0.94,2.22,-0.98
34.227,NAV_WAYPOINT,1.5073,-0.9466,0.302,-178.52,-0.03,0.67,-0.0,0.2754,-0.0181,-0.0123,0.856,1.393,2.67,0.188,,1.68,-0.94,2.22,-0.98
34.258,NAV_WAYPOINT,1.5188,-0.9498,0.303,-178.41,-0.12,0.62,-0.0,0.2752,-0.0236,-0.0137,0.868,1.365,2.67,0.188,,1.68,-0.94,2.22,-0.98
34.311,NAV_WAYPOINT,1.5305,-0.9519,0.302,-178.42,0.22,0.7,-0.0,0.2756,-0.0255,-0.0065,0.868,1.365,2.694,0.3,,1.68,-0.94,2.22,-0.98
34.376,NAV_WAYPOINT,1.541,-0.9554,0.301,-178.4,0.49,0.65,-0.0,0.2732,-0.0278,-0.0067,0.881,1.349,2.694,0.3,,1.68,-0.94,2.22,-0.98
34.423,NAV_WAYPOINT,1.5522,-0.9582,0.302,-178.3,0.81,0.35,-0.0,0.2715,-0.0261,-0.0116,0.881,1.349,2.705,0.696,,1.68,-0.94,2.22,-0.98
34.459,NAV_WAYPOINT,1.5621,-0.9621,0.3,-178.17,1.25,0.35,-0.0,0.2652,-0.0237,-0.0101,0.9,1.328,2.705,0.696,,1.68,-0.94,2.22,-0.98
34.516,NAV_WAYPOINT,1.5745,-0.9658,0.301,-178.1,1.24,0.49,-0.0,0.2662,-0.0189,-0.0123,0.9,1.328,2.752,0.744,,1.68,-0.94,2.22,-0.98
34.551,NAV_WAYPOINT,1.585,-0.9686,0.299,-178.25,1.26,0.7,-0.0,0.2642,-0.0127,-0.0062,0.916,1.31,2.752,0.744,,1.68,-0.94,2.22,-0.98
34.626,NAV_WAYPOINT,1.5959,-0.97,0.299,-178.5,1.37,0.91,-0.0,0.2648,-0.0037,-0.0105,0.916,1.31,2.758,0.761,,1.68,-0.94,2.22,-0.98
34.667,NAV_WAYPOINT,1.606,-0.9705,0.301,-178.68,1.49,1.04,-0.0,0.265,0.0076,-0.0073,0.927,1.29,2.758,0.761,,1.68,-0.94,2.22,-0.98
34.702,NAV_WAYPOINT,1.6182,-0.9716,0.296,-178.79,1.35,1.06,-0.0,0.2709,0.0163,-0.0039,0.927,1.29,2.751,,,1.68,-0.94,2.22,-0.98
34.751,NAV_WAYPOINT,1.6296,-0.9726,0.299,-178.88,1.52,0.78,-0.0,0.2731,0.0239,-0.015,0.946,1.264,2.751,,,1.68,-0.94,2.22,-0.98
34.814,NAV_WAYPOINT,1.643,-0.9733,0.296,-178.87,1.6,0.52,-0.0,0.2779,0.0322,-0.0047,0.946,1.264,2.758,,,1.68,-0.94,2.22,-0.98
34.852,NAV_WAYPOINT,1.6561,-0.9724,0.294,-178.77,1.34,-0.01,-0.0,0.2792,0.0427,-0.0096,0.965,1.246,2.758,,,1.68,-0.94,2.22,-0.98
34.918,NAV_WAYPOINT,1.6668,-0.971,0.294,-178.58,1.52,-0.75,-0.0,0.2684,0.053,-0.0099,0.965,1.246,2.781,,,1.68,-0.94,2.22,-0.98
34.973,NAV_WAYPOINT,1.6791,-0.9699,0.294,-178.26,1.46,-1.38,-0.0,0.2576,0.062,-0.0071,0.987,1.216,2.781,,,2.22,-0.94,2.22,-0.98
35.021,NAV_WAYPOINT,1.6907,-0.9683,0.294,-177.99,1.34,-2.23,-0.0,0.2403,0.0695,-0.0032,0.987,1.216,2.779,,,2.22,-0.94,2.22,-0.98
35.054,NAV_WAYPOINT,1.7036,-0.9661,0.294,-177.8,1.19,-2.62,-0.0,0.2223,0.0762,-0.0027,1.005,1.197,2.779,,,2.22,-0.94,2.22,-0.98
35.107,NAV_WAYPOINT,1.7128,-0.9629,0.295,-177.7,0.39,-1.43,-0.0,0.1988,0.0816,0.0012,1.005,1.197,2.749,,,2.22,-0.94,2.22,-0.98
35.155,NAV_WAYPOINT,1.7191,-0.9616,0.295,-177.68,-0.23,0.05,-0.0,0.1845,0.077,0.0043,0.982,1.177,2.749,,,2.22,-0.94,2.22,-0.98
35.229,NAV_WAYPOINT,1.7282,-0.958,0.294,-177.63,-0.49,1.02,-0.0,0.1882,0.0738,0.0019,0.982,1.177,2.64,,,2.22,-0.94,2.22,-0.98
35.271,NAV_WAYPOINT,1.7364,-0.9561,0.292,-177.6,-0.83,1.68,-0.0,0.1963,0.0656,-0.0027,0.966,1.167,2.64,,,2.22,-0.94,2.22,-0.98
35.315,NAV_WAYPOINT,1.7479,-0.9537,0.296,-177.57,-0.89,2.14,-0.0,0.2161,0.057,-0.0058,0.966,1.167,,,,2.22,-0.94,2.22,-0.98
35.354,NAV_WAYPOINT,1.7594,-0.9534,0.296,-177.61,-0.88,2.21,-0.0,0.2362,0.0444,0.0042,0.968,1.145,,,,2.22,-0.94,2.22,-0.98
35.412,NAV_WAYPOINT,1.7718,-0.9519,0.296,-177.68,-1.0,1.95,-0.0,0.255,0.0358,0.0028,0.968,1.145,,,,2.22,-0.94,2.22,-0.98
35.452,NAV_WAYPOINT,1.7848,-0.9519,0.294,-177.78,-0.77,1.83,-0.0,0.2708,0.0246,0.0009,0.984,1.117,,,,2.22,-0.94,2.22,-0.98
35.517,NAV_WAYPOINT,1.7985,-0.9524,0.291,-177.89,-0.65,1.58,-0.0,0.2853,0.0149,-0.0029,0.984,1.117,,,,2.22,-0.94,2.22,-0.98
35.559,NAV_WAYPOINT,1.8139,-0.9535,0.295,-177.94,-0.42,1.28,-0.0,0.2998,0.0062,-0.0089,0.987,1.091,,,,2.22,-0.94,2.22,-0.98
35.615,NAV_WAYPOINT,1.8314,-0.9542,0.296,-177.99,-0.17,1.0,-0.0,0.316,0.0017,0.0026,0.987,1.091,,,,2.22,-0.94,2.22,-0.98
35.663,NAV_WAYPOINT,1.8472,-0.9554,0.296,-178.01,-0.05,0.56,-0.0,0.3235,-0.0022,0.004,0.994,1.06,,,,2.22,-0.94,2.22,-0.98
35.709,NAV_WAYPOINT,1.8632,-0.9564,0.297,-177.98,0.09,0.31,-0.0,0.3264,-0.0041,0.0042,0.994,1.06,0.142,,,2.22,-0.94,2.22,-0.98
35.751,NAV_WAYPOINT,1.8794,-0.957,0.298,-177.99,0.34,0.03,-0.0,0.3273,-0.0031,0.0039,0.99,1.031,0.142,,,2.22,-0.94,2.22,-0.98
35.811,NAV_WAYPOINT,1.8956,-0.9574,0.298,-177.98,0.4,0.06,-0.0,0.3269,-0.0004,0.0048,0.99,1.031,0.141,,,2.22,-0.94,2.22,-0.98
35.852,NAV_WAYPOINT,1.9135,-0.9578,0.297,-177.94,0.43,-0.03,-0.0,0.3306,0.0021,0.0018,1.003,0.996,0.141,,,2.22,-0.94,2.22,-0.98
35.909,NAV_WAYPOINT,1.9285,-0.9578,0.296,-177.83,0.43,-0.09,-0.0,0.3262,0.0052,-0.0028,1.003,0.996,0.162,,,2.22,-0.94,2.22,-0.98
35.959,NAV_WAYPOINT,1.9445,-0.9583,0.298,-177.63,0.52,-0.14,-0.0,0.3247,0.007,-0.0055,1.007,0.961,0.162,,,2.22,-0.94,2.22,-0.98
36.009,NAV_WAYPOINT,1.9604,-0.9574,0.296,-177.31,0.46,-0.16,-0.0,0.3221,0.0125,-0.0012,1.007,0.961,0.17,,,2.22,-0.94,2.22,-0.98
36.055,NAV_WAYPOINT,1.9754,-0.9569,0.296,-176.95,0.77,-0.04,-0.0,0.3185,0.0173,-0.002,1.018,0.935,0.17,,,2.22,-0.94,2.22,-0.98
36.117,NAV_WAYPOINT,1.9904,-0.9562,0.298,-176.69,0.73,0.08,-0.0,0.3156,0.0234,-0.0008,1.018,0.935,0.173,,,2.22,-0.94,2.22,-0.98
36.16,NAV_WAYPOINT,2.0074,-0.9543,0.297,-176.45,0.94,0.45,-0.0,0.3192,0.0306,0.0078,1.021,0.907,0.173,,,2.22,-0.94,2.22,-0.98
36.219,NAV_WAYPOINT,2.0227,-0.9529,0.298,-176.38,0.75,0.43,-0.0,0.321,0.0379,0.0047,1.021,0.907,0.195,,,2.22,-0.94,2.22,-0.98
36.263,NAV_WAYPOINT,2.0383,-0.9512,0.297,-176.48,0.66,0.24,-0.0,0.3223,0.0432,0.0055,1.044,0.877,0.195,,,2.22,-0.94,2.22,-0.98
36.309,NAV_WAYPOINT,2.0519,-0.9488,0.298,-176.63,0.51,0.04,-0.0,0.3165,0.0488,0.0036,1.044,0.877,,,,2.22,-0.94,2.22,-0.98
36.351,NAV_WAYPOINT,2.0667,-0.945,0.296,-176.75,0.22,-0.01,-0.0,0.3133,0.0554,0.0045,1.068,0.847,,,,2.22,-0.94,2.22,-0.98
36.414,NAV_WAYPOINT,2.0853,-0.9398,0.298,-176.87,-0.22,-0.22,-0.0,0.3194,0.0614,-0.0011,1.068,0.847,1.534,,,2.22,-0.94,2.22,-0.98
36.457,NAV_WAYPOINT,2.1002,-0.9363,0.298,-176.99,-0.43,-0.23,-0.0,0.3151,0.0599,0.0069,1.086,0.819,1.534,,,2.22,-0.94,2.22,-0.98
36.537,NAV_WAYPOINT,2.115,-0.9327,0.296,-177.05,-0.68,-0.22,-0.0,0.3109,0.0573,0.0064,1.086,0.819,1.706,,,2.22,-0.94,2.22,-0.98
36.566,NAV_WAYPOINT,2.1302,-0.9295,0.3,-177.13,-0.8,-0.21,-0.0,0.3085,0.0523,0.0011,1.095,0.789,1.706,,,2.22,-0.94,2.22,-0.98
36.608,NAV_WAYPOINT,2.1438,-0.9267,0.3,-177.21,-0.95,-0.14,-0.0,0.3026,0.0452,0.0146,1.095,0.789,,,,2.22,-0.94,2.22,-0.98
36.652,NAV_WAYPOINT,2.159,-0.9236,0.3,-177.32,-1.06,0.04,-0.0,0.3024,0.0392,0.0137,1.091,0.761,,,,2.22,-0.94,2.22,-0.98
36.721,NAV_WAYPOINT,2.1721,-0.922,0.301,-177.51,-1.17,0.09,-0.0,0.2984,0.0291,0.0106,1.091,0.761,1.772,,,2.22,-0.94,2.22,-0.98
36.767,NAV_WAYPOINT,2.1875,-0.9212,0.304,-177.71,-1.1,-0.25,-0.0,0.2996,0.0185,0.0107,1.088,0.734,1.772,,,2.22,-0.94,2.22,-0.98
36.837,NAV_WAYPOINT,2.2018,-0.9194,0.305,-178.0,-1.29,-0.94,-0.0,0.2941,0.0104,0.0161,1.088,0.734,1.781,,,2.22,-0.98,2.22,-0.98
36.868,NAV_WAYPOINT,2.215,-0.9196,0.302,-178.26,-1.1,-1.79,-0.0,0.2796,-0.0018,0.0152,1.092,0.711,1.781,,,2.22,-0.98,2.22,-0.98
36.902,NAV_WAYPOINT,2.2273,-0.9196,0.304,-178.38,-1.08,-2.35,-0.0,0.2591,-0.0111,0.0046,1.092,0.711,1.771,,,2.22,-0.98,2.22,-0.98
36.953,NAV_WAYPOINT,2.2418,-0.9202,0.304,-178.61,-0.99,-2.8,-0.0,0.2429,-0.0197,0.0068,1.061,0.685,1.771,,,2.22,-0.98,2.22,-0.98
37.019,NAV_WAYPOINT,2.2522,-0.9235,0.306,-178.79,-1.76,-3.23,-0.0,0.2151,-0.0352,0.002,1.061,0.685,1.752,,,2.22,-0.98,2.22,-0.98
37.12,NAV_WAYPOINT,2.2604,-0.9236,0.304,-178.91,-2.37,-3.43,-0.0,0.1826,-0.0496,0.003,1.019,0.668,1.752,,,2.22,-0.98,2.22,-0.98
37.147,NAV_WAYPOINT,2.2683,-0.9261,0.309,-179.02,-2.38,-4.22,-0.0,0.1493,-0.07,-0.005,1.019,0.668,1.736,,,2.22,-0.98,2.22,-0.98
37.211,NAV_WAYPOINT,2.2738,-0.9296,0.304,-179.08,-2.37,-4.56,-0.0,0.1089,-0.0908,0.005,1.014,0.656,1.736,,,2.22,-0.98,2.22,-0.98
37.229,NAV_WAYPOINT,2.2791,-0.9361,0.305,-179.12,-2.11,-4.46,-0.0,0.0736,-0.1125,-0.0118,1.014,0.656,1.726,,,2.22,-0.98,2.22,-0.98
37.269,NAV_WAYPOINT,2.282,-0.942,0.303,-179.08,-2.05,-4.35,-0.0,0.0364,-0.1306,-0.0122,1.011,0.651,1.726,,,2.22,-0.98,2.22,-0.98
37.304,NAV_WAYPOINT,2.2822,-0.9496,0.3,-179.09,-1.56,-4.11,-0.0,-0.0014,-0.1489,-0.0176,1.011,0.651,1.71,,,2.22,-0.98,2.22,-0.98
37.353,NAV_WAYPOINT,2.2812,-0.9583,0.299,-179.2,-1.02,-4.05,-0.0,-0.0367,-0.1624,-0.0215,1.007,0.644,1.71,,,2.22,-0.98,2.22,-0.98
37.419,NAV_WAYPOINT,2.2783,-0.9656,0.299,-179.33,-0.37,-3.72,-0.0,-0.0712,-0.1678,-0.0198,1.007,0.644,1.712,,,2.22,-0.98,2.22,-0.98
37.483,NAV_WAYPOINT,2.2731,-0.9783,0.294,-179.53,0.27,-3.31,-0.0,-0.1034,-0.1765,-0.0134,1.002,0.652,1.712,,,2.22,-0.98,2.22,-0.98
37.514,NAV_WAYPOINT,2.2687,-0.9855,0.295,-179.62,1.11,-2.65,-0.0,-0.1265,-0.1686,-0.0205,1.002,0.652,1.717,,,2.22,-0.98,2.22,-0.98
37.566,NAV_WAYPOINT,2.2633,-0.9923,0.296,-179.71,1.78,-2.12,-0.0,-0.1447,-0.1538,-0.0088,0.985,0.662,1.717,,,2.22,-0.98,2.22,-0.98
37.605,NAV_WAYPOINT,2.257,-0.9975,0.299,-179.83,2.25,-1.45,-0.0,-0.1578,-0.1331,-0.0036,0.985,0.662,1.714,,,2.22,-0.98,2.22,-0.98
37.652,NAV_WAYPOINT,2.25,-1.003,0.299,-179.92,2.67,-0.87,-0.0,-0.1652,-0.1109,0.0069,0.96,0.677,1.714,,,2.22,-0.98,2.22,-0.98
37.723,NAV_WAYPOINT,2.2417,-1.0072,0.297,-179.99,3.04,-0.08,-0.0,-0.1699,-0.0857,0.0068,0.96,0.677,1.731,,,2.22,-0.98,2.22,-0.98
37.75,NAV_WAYPOINT,2.236,-1.0076,0.298,-179.97,3.34,0.48,-0.0,-0.1625,-0.0531,0.0007,0.942,0.688,1.731,,,2.22,-0.98,2.22,-0.98
37.815,NAV_WAYPOINT,2.2301,-1.0096,0.298,-179.94,3.11,0.93,-0.0,-0.1518,-0.0259,0.0018,0.942,0.688,1.754,,,2.22,-0.98,2.22,-0.98
37.875,NAV_WAYPOINT,2.2254,-1.0086,0.298,-179.89,2.86,1.51,-0.0,-0.1357,0.0023,0.0048,0.93,0.704,1.754,,,,,2.22,-0.98
37.942,ROTATION_SCAN,2.2192,-1.0066,0.299,-179.81,2.57,1.7,-0.0,-0.1213,0.0289,0.0039,0.93,0.704,1.741,,,,,2.22,-0.98
37.955,ROTATION_SCAN,2.2174,-1.0029,0.298,-179.69,2.12,1.95,-0.0,-0.0974,0.0507,0.0054,0.921,0.71,1.741,,,,,2.22,-0.98
38.014,ROTATION_SCAN,2.2161,-0.9978,0.298,-179.61,1.44,1.96,15.0,-0.0737,0.0704,0.0042,0.921,0.71,,,,,,2.22,-0.98
38.093,ROTATION_SCAN,2.2149,-0.9929,0.299,-179.45,0.19,2.14,15.0,-0.0512,0.0805,0.0049,0.914,0.711,,,,,,2.22,-0.98
38.122,ROTATION_SCAN,2.2145,-0.9885,0.302,-179.24,-0.62,1.96,15.0,-0.0294,0.0789,0.0077,0.914,0.711,1.752,,,,,2.22,-0.98
38.185,ROTATION_SCAN,2.2152,-0.9851,0.302,-178.88,-1.08,1.74,15.0,-0.0094,0.0694,0.0148,0.915,0.708,1.752,,,,,2.22,-0.98
38.203,ROTATION_SCAN,2.2177,-0.981,0.305,-178.43,-1.55,1.45,15.0,0.0109,0.0605,0.0114,0.915,0.708,,,,,,2.22,-0.98
38.267,ROTATION_SCAN,2.2216,-0.9791,0.302,-177.83,-1.73,1.09,15.0,0.0295,0.0426,0.0156,0.918,0.702,,,,,,2.22,-0.98
38.314,ROTATION_SCAN,2.2259,-0.9779,0.3,-177.09,-1.92,0.74,15.0,0.0439,0.0247,0.0038,0.918,0.702,,,,,,2.22,-0.98
38.376,ROTATION_SCAN,2.229,-0.9774,0.304,-176.34,-2.01,0.3,15.0,0.0516,0.0065,-0.0044,0.933,0.694,,,,,,2.22,-0.98
38.413,ROTATION_SCAN,2.2337,-0.9799,0.305,-175.52,-1.85,-0.27,15.0,0.0575,-0.0189,0.003,0.933,0.694,1.666,,,,,2.22,-0.98
38.476,ROTATION_SCAN,2.237,-0.9823,0.303,-174.64,-1.62,-0.63,15.0,0.0557,-0.0378,0.0039,0.955,0.691,1.666,,,,,2.22,-0.98
38.518,ROTATION_SCAN,2.2413,-0.9865,0.303,-173.67,-1.2,-0.88,15.0,0.0546,-0.0569,-0.0024,0.955,0.691,1.641,,,,,2.22,-0.98
38.561,ROTATION_SCAN,2.2433,-0.9917,0.306,-172.75,-0.74,-1.25,15.0,0.0447,-0.0741,-0.0038,0.996,0.689,1.641,,,,,2.22,-0.98
38.608,ROTATION_SCAN,2.2451,-0.9983,0.302,-171.88,-0.4,-1.33,15.0,0.0336,-0.089,0.0005,0.996,0.689,1.596,,,,,2.22,-0.98
38.679,ROTATION_SCAN,2.2467,-1.0047,0.3,-171.03,0.22,-1.31,15.0,0.023,-0.0975,-0.0096,1.026,0.69,1.596,,,,,2.22,-0.98
38.706,ROTATION_SCAN,2.2475,-1.0099,0.298,-170.19,0.73,-1.15,15.0,0.0115,-0.097,-0.0147,1.026,0.69,1.557,,,,,2.22,-0.98
38.779,ROTATION_SCAN,2.2457,-1.0168,0.3,-169.41,1.3,-0.95,15.0,-0.0041,-0.0967,-0.0145,,0.699,1.557,,,,,2.22,-0.98
38.814,ROTATION_SCAN,2.2431,-1.0237,0.301,-168.58,1.69,-0.78,15.0,-0.0196,-0.0921,-0.0113,,0.699,1.512,,,,,2.22,-0.98
38.857,ROTATION_SCAN,2.2407,-1.028,0.3,-167.74,1.7,-0.55,15.0,-0.0312,-0.079,-0.0053,,0.703,1.512,,,,,2.22,-0.98
38.927,ROTATION_SCAN,2.236,-1.0336,0.299,-166.84,2.0,-0.13,15.0,-0.0449,-0.0695,-0.0083,,0.703,1.47,,,,,2.22,-0.98
38.953,ROTATION_SCAN,2.2321,-1.0381,0.297,-165.97,2.13,0.02,15.0,-0.0534,-0.0557,-0.0079,0.307,0.714,1.47,,,,,2.22,-0.98
39.002,ROTATION_SCAN,2.2281,-1.0411,0.3,-165.11,1.94,0.38,15.0,-0.0595,-0.0396,-0.0106,0.307,0.714,1.421,,,,,2.22,-0.98
39.082,ROTATION_SCAN,2.2236,-1.0435,0.299,-164.26,1.85,0.68,15.0,-0.0631,-0.0242,-0.0016,0.259,0.725,1.421,,,,,2.22,-0.98
39.103,ROTATION_SCAN,2.2185,-1.0457,0.299,-163.42,1.63,0.83,15.0,-0.0658,-0.0109,-0.0042,0.259,0.725,1.363,,,,,2.22,-0.98
39.154,ROTATION_SCAN,2.2149,-1.0458,0.296,-162.59,1.57,1.11,15.0,-0.0631,0.0048,-0.0023,0.234,0.739,1.363,,,,,2.22,-0.98
39.22,ROTATION_SCAN,2.2102,-1.0472,0.298,-161.77,1.41,1.28,15.0,-0.0613,0.0158,-0.0099,0.234,0.739,1.313,,,,,2.22,-0.98
39.296,ROTATION_SCAN,2.207,-1.0454,0.299,-160.98,0.96,1.43,15.0,-0.0543,0.0312,-0.0029,0.216,0.756,1.313,,,,,2.22,-0.98
39.323,ROTATION_SCAN,2.2014,-1.0442,0.297,-160.24,0.86,1.43,15.0,-0.0523,0.0424,0.0006,0.216,0.756,1.279,,,,,2.22,-0.98
39.379,ROTATION_SCAN,2.1985,-1.0424,0.297,-159.49,0.7,1.43,15.0,-0.0446,0.0517,-0.0045,0.214,0.769,1.279,,,,,2.22,-0.98
39.4,ROTATION_SCAN,2.1953,-1.0396,0.299,-158.8,0.35,1.44,15.0,-0.0373,0.061,-0.0013,0.214,0.769,1.254,,,,,2.22,-0.98
39.452,ROTATION_SCAN,2.1909,-1.0374,0.299,-158.08,0.14,1.37,15.0,-0.0329,0.0663,0.0058,0.211,0.774,1.254,,,,,2.22,-0.98
39.513,ROTATION_SCAN,2.1881,-1.0343,0.299,-157.35,0.01,1.42,15.0,-0.0258,0.0711,0.0038,0.211,0.774,1.247,,,,,2.22,-0.98
39.57,ROTATION_SCAN,2.1858,-1.0328,0.3,-156.64,-0.36,1.47,15.0,-0.0174,0.0689,0.0028,0.218,0.788,1.247,,,,,2.22,-0.98
39.601,ROTATION_SCAN,2.1839,-1.0307,0.298,-155.89,-0.42,1.48,15.0,-0.0078,0.0671,0.0061,0.218,0.788,1.228,,,,,2.22,-0.98
39.666,ROTATION_SCAN,2.1827,-1.0288,0.299,-155.17,-0.75,1.38,15.0,0.0022,0.0638,-0.0015,0.214,0.788,1.228,,,,,2.22,-0.98
39.703,ROTATION_SCAN,2.1821,-1.0255,0.3,-154.47,-0.79,1.34,15.0,0.0135,0.0633,0.0008,0.214,0.788,1.23,,,,,2.22,-0.98
39.771,ROTATION_SCAN,2.1832,-1.0221,0.3,-153.78,-0.77,1.18,15.0,0.0264,0.0626,0.0045,0.204,0.795,1.23,,,,,2.22,-0.98
39.804,ROTATION_SCAN,2.1843,-1.0192,0.298,-153.22,-0.74,1.1,15.0,0.0368,0.0607,0.0042,0.204,0.795,1.222,,,,,2.22,-0.98
39.876,ROTATION_SCAN,2.1865,-1.0177,0.301,-152.6,-0.68,0.93,15.0,0.0474,0.0547,-0.0004,0.198,0.8,1.222,,,,,2.22,-0.98
39.918,ROTATION_SCAN,2.1889,-1.0175,0.299,-152.0,-0.7,0.76,15.0,0.0554,0.0454,0.006,0.198,0.8,1.232,,,,,2.22,-0.98
39.967,ROTATION_SCAN,2.1923,-1.017,0.3,-151.45,-0.67,0.68,15.0,0.0646,0.0385,-0.001,0.193,0.801,1.232,,,,,2.22,-0.98
40.02,ROTATION_SCAN,2.1926,-1.0179,0.299,-150.83,-0.46,0.21,15.0,0.0631,0.0278,0.0042,0.193,0.801,1.233,,,,,2.22,-0.98
40.066,ROTATION_SCAN,2.1957,-1.0198,0.301,-150.16,-0.26,0.1,15.0,0.065,0.0169,0.0029,0.183,0.805,1.233,,,,,2.22,-0.98
40.105,ROTATION_SCAN,2.1979,-1.0208,0.299,-149.5,-0.16,-0.12,15.0,0.0635,0.0106,0.0064,0.183,0.805,1.242,,,,,2.22,-0.98
40.171,ROTATION_SCAN,2.1973,-1.0239,0.3,-148.78,0.11,-0.24,15.0,0.0532,-0.0003,0.0024,0.187,0.81,1.242,,,,,2.22,-0.98
40.213,ROTATION_SCAN,2.2002,-1.0272,0.299,-148.0,0.28,-0.2,15.0,0.0513,-0.0083,0.0041,0.187,0.81,1.264,,,,,2.22,-0.98
40.269,ROTATION_SCAN,2.1993,-1.032,0.301,-147.27,0.56,-0.22,15.0,0.0402,-0.0177,0.0028,0.183,0.823,1.264,,,,,2.22,-0.98
40.318,ROTATION_SCAN,2.199,-1.035,0.298,-146.56,0.77,-0.02,15.0,0.0309,-0.0193,0.0049,0.183,0.823,1.284,,,,,2.22,-0.98
40.37,ROTATION_SCAN,2.1976,-1.0378,0.3,-145.91,0.9,0.22,15.0,0.0212,-0.0176,-0.0037,0.183,0.834,1.284,,,,,2.22,-0.98
40.405,ROTATION_SCAN,2.1955,-1.0403,0.3,-145.23,1.07,0.39,15.0,0.0115,-0.0136,0.0022,0.183,0.834,,,,,,2.22,-0.98
40.474,ROTATION_SCAN,2.1937,-1.0413,0.302,-144.59,1.08,0.72,15.0,0.0047,-0.0048,0.0017,0.186,0.864,,,,,,2.22,-0.98
40.516,ROTATION_SCAN,2.1908,-1.0427,0.303,-144.0,1.15,0.77,15.0,-0.0024,0.0032,0.0036,0.186,0.864,1.347,,,,,2.22,-0.98
40.578,ROTATION_SCAN,2.1876,-1.0447,0.303,-143.43,0.97,1.06,15.0,-0.0089,0.0097,0.0055,0.179,0.881,1.347,,,,,2.22,-0.98
40.605,ROTATION_SCAN,2.1854,-1.0445,0.302,-142.83,0.76,1.26,15.0,-0.0094,0.0207,0.0048,0.179,0.881,,1.088,,,,2.22,-0.98
40.662,ROTATION_SCAN,2.1798,-1.0449,0.303,-142.17,0.61,1.31,15.0,-0.0158,0.0283,-0.0044,0.181,,,1.088,,,,2.22,-0.98
40.7,ROTATION_SCAN,2.1772,-1.0433,0.304,-141.5,0.54,1.45,15.0,-0.0139,0.0395,-0.0027,0.181,,,1.088,,,,2.22,-0.98
40.777,ROTATION_SCAN,2.1748,-1.0412,0.302,-140.84,0.34,1.46,15.0,-0.0113,0.05,-0.0034,0.177,,,1.088,,,,2.22,-0.98
40.828,ROTATION_SCAN,2.1714,-1.0387,0.299,-140.17,-0.12,1.5,15.0,-0.009,0.0585,-0.0085,0.177,,,1.09,,,,2.22,-0.98
40.877,ROTATION_SCAN,2.1699,-1.037,0.304,-139.49,-0.25,1.44,15.0,-0.0011,0.0623,-0.0129,0.187,,,1.09,,,,2.22,-0.98
40.91,ROTATION_SCAN,2.169,-1.0331,0.298,-138.83,-0.51,1.36,15.0,0.0074,0.0693,-0.0033,0.187,,,1.1,,,,2.22,-0.98
40.98,ROTATION_SCAN,2.1697,-1.0312,0.301,-138.1,-0.65,1.36,15.0,0.0194,0.0699,-0.0148,0.19,,,1.1,,,,2.22,-0.98
41.014,ROTATION_SCAN,2.1706,-1.0294,0.3,-137.27,-0.89,1.13,15.0,0.0311,0.0683,-0.0061,0.19,,,1.106,,,,2.22,-0.98
41.057,ROTATION_SCAN,2.1706,-1.0272,0.299,-136.55,-0.92,0.96,15.0,0.0391,0.0659,-0.0044,0.197,,,1.106,,,,2.22,-0.98
41.122,ROTATION_SCAN,2.1719,-1.0262,0.298,-135.79,-1.04,0.77,15.0,0.048,0.0597,-0.0075,0.197,,,1.117,,,,2.22,-0.98
41.169,ROTATION_SCAN,2.1765,-1.0243,0.299,-134.91,-0.91,0.56,15.0,0.0626,0.0553,-0.006,0.205,,,1.117,,,,2.22,-0.98
41.212,ROTATION_SCAN,2.1797,-1.0231,0.298,-133.99,-0.65,0.32,15.0,0.0699,0.0494,-0.0028,0.205,,,1.136,,,,2.22,-0.98
41.269,ROTATION_SCAN,2.1839,-1.0232,0.299,-132.99,-0.6,0.15,15.0,0.0764,0.0414,-0.0053,0.222,,,1.136,,,,2.22,-0.98
41.304,ROTATION_SCAN,2.1885,-1.023,0.297,-132.0,-0.49,0.07,15.0,0.0822,0.0342,0.0005,0.222,,,1.161,,,,2.22,-0.98
41.365,ROTATION_SCAN,2.191,-1.0235,0.299,-130.98,-0.33,-0.01,15.0,0.0811,0.0266,-0.005,0.245,,,1.161,,,,2.22,-0.98
41.431,ROTATION_SCAN,2.1943,-1.0257,0.3,-129.98,-0.02,-0.06,15.0,0.0805,0.0166,0.0018,0.245,,,1.203,,,,2.22,-0.98
41.466,ROTATION_SCAN,2.1984,-1.0259,0.3,-129.01,0.21,-0.18,15.0,0.0795,0.014,0.0039,0.273,,,1.203,,,,2.22,-0.98
41.538,ROTATION_SCAN,2.202,-1.0276,0.297,-128.09,0.42,-0.17,15.0,0.0758,0.0083,0.0031,0.273,,,1.22,,,,2.22,-0.98
41.567,ROTATION_SCAN,2.2063,-1.031,0.296,-127.12,0.73,-0.05,15.0,0.0732,0.0017,-0.0049,0.297,,,1.22,,,,2.22,-0.98
41.621,ROTATION_SCAN,2.2109,-1.0324,0.3,-126.21,0.86,0.09,15.0,0.0699,0.0023,-0.0071,0.297,,,1.18,,,,2.22,-0.98
41.654,ROTATION_SCAN,2.2125,-1.0343,0.299,-125.33,0.81,0.28,15.0,0.061,0.0029,0.0047,0.317,,,1.18,,,,2.22,-0.98
41.702,ROTATION_SCAN,2.2138,-1.0358,0.299,-124.53,1.13,0.31,15.0,0.0523,0.0051,-0.0015,0.317,,,,,,,2.22,-0.98
41.77,ROTATION_SCAN,2.2157,-1.036,0.299,-123.66,1.19,0.36,15.0,0.0444,0.0117,-0.0032,0.338,0.532,,,,,,2.22,-0.98
41.803,ROTATION_SCAN,2.2177,-1.0349,0.296,-122.87,1.21,0.49,15.0,0.0374,0.0209,-0.0055,0.338,0.532,,0.891,,,,2.22,-0.98
41.87,ROTATION_SCAN,2.2173,-1.0339,0.297,-122.08,1.04,0.47,15.0,0.0267,0.0291,-0.011,0.35,0.516,,0.891,,,,2.22,-0.98
41.935,ROTATION_SCAN,2.2163,-1.0319,0.298,-121.29,1.01,0.43,15.0,0.016,0.0378,-0.0038,0.35,0.516,,0.845,,,,2.22,-0.98
41.97,ROTATION_SCAN,2.2134,-1.031,0.297,-120.58,0.86,0.43,15.0,0.003,0.0422,0.0034,0.353,0.501,,0.845,,,,2.22,-0.98
42.021,ROTATION_SCAN,2.2136,-1.029,0.298,-119.87,0.62,0.41,15.0,-0.0007,0.0482,0.001,0.353,0.501,,0.805,,,,2.22,-0.98
42.088,ROTATION_SCAN,2.2073,-1.0252,0.295,-119.16,0.35,0.29,15.0,-0.0168,0.0555,0.0053,0.366,0.493,,0.805,,,,2.22,-0.98
42.108,ROTATION_SCAN,2.2058,-1.0236,0.299,-118.53,0.16,0.23,15.0,-0.0189,0.0557,-0.0003,0.366,0.493,,0.783,,,,2.22,-0.98
42.182,ROTATION_SCAN,2.2045,-1.022,0.299,-117.88,-0.07,0.21,15.0,-0.0192,0.0553,0.0108,0.375,0.48,,0.783,,,,2.22,-0.98
42.216,ROTATION_SCAN,2.2016,-1.0184,0.299,-117.23,-0.2,0.14,15.0,-0.0218,0.0576,0.0082,0.375,0.48,,0.767,,,,2.22,-0.98
42.275,ROTATION_SCAN,2.1996,-1.0167,0.3,-116.62,-0.45,0.23,15.0,-0.0211,0.055,0.0063,0.384,0.48,,0.767,,,,2.22,-0.98
42.305,ROTATION_SCAN,2.1988,-1.0147,0.301,-115.99,-0.74,0.31,15.0,-0.0149,0.0531,0.0093,0.384,0.48,,0.758,,,,2.22,-0.98
42.36,ROTATION_SCAN,2.1984,-1.012,0.303,-115.29,-0.81,0.14,15.0,-0.0075,0.0525,0.0084,0.399,0.474,,0.758,,,,2.22,-0.98
42.42,ROTATION_SCAN,2.1999,-1.0097,0.303,-114.48,-0.83,0.01,15.0,0.0031,0.0497,0.0129,0.399,0.474,,0.757,,,,2.22,-0.98
42.462,ROTATION_SCAN,2.2014,-1.0081,0.302,-113.62,-0.82,-0.25,15.0,0.0119,0.045,0.007,0.418,0.47,,0.757,,,,2.22,-0.98
42.527,ROTATION_SCAN,2.2046,-1.0088,0.305,-112.68,-0.78,-0.26,15.0,0.0227,0.0343,0.0016,0.418,0.47,,0.756,,,,2.22,-0.98
42.561,ROTATION_SCAN,2.2088,-1.0125,0.302,-111.81,-0.66,-0.23,15.0,0.0343,0.0189,0.0076,0.458,0.47,,0.756,,,,2.22,-0.98
42.611,ROTATION_SCAN,2.2095,-1.0084,0.299,-110.87,-0.35,-0.15,15.0,0.0357,0.0228,-0.004,0.458,0.47,,0.771,,,,2.22,-0.98
42.649,ROTATION_SCAN,2.2192,-1.0179,0.303,-109.9,-0.17,-0.09,15.0,0.0541,-0.0001,-0.0097,0.488,0.472,,0.771,,,,2.22,-0.98
42.715,ROTATION_SCAN,2.221,-1.0216,0.299,-108.91,0.17,-0.15,15.0,0.0518,-0.0087,0.0028,0.488,0.472,,0.791,,,,2.22,-0.98
42.771,ROTATION_SCAN,2.2236,-1.0264,0.297,-107.99,0.57,-0.05,15.0,0.049,-0.0182,-0.0066,0.528,0.476,,0.791,,,,2.22,-0.98
42.818,ROTATION_SCAN,2.2235,-1.0306,0.302,-107.13,0.86,0.19,15.0,0.0386,-0.0238,-0.0064,0.528,0.476,,0.825,,,,2.22,-0.98
42.862,ROTATION_SCAN,2.2235,-1.0358,0.302,-106.21,1.05,0.38,15.0,0.0276,-0.0282,0.0097,0.565,0.485,,0.825,,,,2.22,-0.98
42.907,ROTATION_SCAN,2.223,-1.04,0.302,-105.32,1.12,0.6,15.0,0.0166,-0.0281,0.0065,0.565,0.485,,0.872,,,,2.22,-0.98
42.949,ROTATION_SCAN,2.2234,-1.0447,0.303,-104.28,1.14,0.85,15.0,0.0082,-0.0273,0.0047,0.617,0.495,,0.872,,,,2.22,-0.98
43.016,ROTATION_SCAN,2.2228,-1.0484,0.305,-103.22,1.11,1.18,15.0,-0.0008,-0.0222,0.005,0.617,0.495,,0.906,,,,2.22,-0.98
43.06,ROTATION_SCAN,2.2202,-1.0518,0.305,-102.14,1.02,1.53,15.0,-0.0126,-0.0144,0.0085,0.68,0.505,,0.906,,,,2.22,-0.98
43.109,ROTATION_SCAN,2.2185,-1.0531,0.302,-101.04,0.86,1.77,15.0,-0.02,-0.001,0.0045,0.68,0.505,,0.92,,,,2.22,-0.98
43.166,ROTATION_SCAN,2.215,-1.055,0.303,-99.95,0.59,1.67,15.0,-0.0291,0.0103,-0.006,0.739,0.529,,0.92,,,,2.22,-0.98
43.211,ROTATION_SCAN,2.2121,-1.0536,0.305,-98.83,0.37,1.73,15.0,-0.0341,0.0265,-0.0023,0.739,0.529,,0.926,,,,2.22,-0.98
43.249,ROTATION_SCAN,2.2095,-1.0539,0.307,-97.77,0.08,1.51,15.0,-0.036,0.0365,0.0002,0.865,0.557,,0.926,,,,2.22,-0.98
43.314,ROTATION_SCAN,2.2066,-1.0529,0.303,-96.79,-0.18,1.43,15.0,-0.0373,0.0465,0.001,0.865,0.557,,0.916,,,,2.22,-0.98
43.367,ROTATION_SCAN,2.204,-1.0535,0.301,-95.86,-0.59,1.15,15.0,-0.0347,0.0503,-0.0104,,0.628,,0.916,,,,2.22,-0.98
43.432,ROTATION_SCAN,2.2027,-1.0523,0.301,-95.02,-0.69,0.91,15.0,-0.0278,0.0549,-0.0124,,0.628,,0.915,,,,2.22,-0.98
43.503,ROTATION_SCAN,2.2015,-1.0505,0.304,-94.2,-0.92,0.75,15.0,-0.0207,0.059,-0.012,1.724,0.757,,0.915,,,,2.22,-0.98
43.515,ROTATION_SCAN,2.2011,-1.0468,0.302,-93.4,-1.13,0.6,15.0,-0.0108,0.0661,-0.0057,1.724,0.757,,0.914,,,,2.22,-0.98
43.577,ROTATION_SCAN,2.2014,-1.0438,0.305,-92.69,-1.17,0.33,15.0,0.0006,0.0682,-0.01,,,,0.914,,,,2.22,-0.98
43.604,ROTATION_SCAN,2.2031,-1.041,0.304,-91.92,-1.06,0.36,15.0,0.0138,0.0687,-0.0008,,,,0.91,,,,2.22,-0.98
43.658,ROTATION_SCAN,2.2057,-1.0395,0.301,-91.2,-0.79,0.14,15.0,0.0259,0.065,-0.0074,1.687,,,0.91,,,,2.22,-0.98
43.746,ROTATION_SCAN,2.2082,-1.0366,0.302,-90.57,-0.55,0.18,15.0,0.0345,0.0651,-0.012,1.687,,,0.924,,,,2.22,-0.98
43.759,ROTATION_SCAN,2.2134,-1.0362,0.299,-89.95,-0.28,0.22,15.0,0.0459,0.0585,-0.0086,1.659,,,0.924,,,,2.22,-0.98
43.808,ROTATION_SCAN,2.2171,-1.0362,0.3,-89.43,0.13,0.15,15.0,0.0501,0.0524,-0.0138,1.659,,0.728,0.935,,,,2.22,-0.98
43.867,ROTATION_SCAN,2.2208,-1.0343,0.3,-88.89,0.25,0.23,15.0,0.0513,0.0517,-0.0081,1.627,,0.728,0.935,,,,2.22,-0.98
43.905,ROTATION_SCAN,2.2239,-1.0332,0.3,-88.42,0.32,0.24,15.0,0.0504,0.0496,-0.0043,1.627,,0.716,0.945,,,,2.22,-0.98
43.983,ROTATION_SCAN,2.2285,-1.0326,0.301,-87.92,0.73,0.28,15.0,0.0513,0.0466,-0.0039,1.605,,0.716,0.945,,,,2.22,-0.98
44.061,NAV_WAYPOINT,2.2309,-1.0319,0.301,-87.4,0.85,0.42,-0.0,0.0444,0.0448,-0.001,1.605,,0.705,0.96,,2.5,-1.04,2.5,-0.98
44.083,NAV_WAYPOINT,2.2338,-1.031,0.301,-86.96,0.95,0.32,-0.0,0.0387,0.0447,-0.0013,1.593,,0.705,0.96,,2.5,-1.04,2.5,-0.98
44.11,NAV_WAYPOINT,2.2355,-1.03,0.301,-86.56,1.07,0.03,-0.0,0.0298,0.0429,-0.0021,1.593,,0.699,0.972,,2.5,-1.04,2.5,-0.98
44.173,NAV_WAYPOINT,2.2374,-1.0288,0.299,-86.24,0.96,-0.14,-0.0,0.0227,0.0398,-0.0022,1.577,,0.699,0.972,,2.5,-1.04,2.5,-0.98
44.209,NAV_WAYPOINT,2.2387,-1.0298,0.301,-85.98,-0.1,-0.43,-0.0,0.0171,0.0307,-0.0067,1.577,,0.7,0.978,,2.5,-1.04,2.5,-0.98
44.259,NAV_WAYPOINT,2.2352,-1.0304,0.299,-85.78,-2.25,-0.51,-0.0,0.0156,0.0219,0.002,1.582,,0.7,0.978,,2.5,-1.04,2.5,-0.98
44.31,NAV_WAYPOINT,2.2346,-1.0326,0.299,-85.72,-3.53,-0.86,-0.0,0.0351,0.0106,-0.0071,1.582,,0.694,0.956,,2.5,-1.04,2.5,-0.98
44.389,NAV_WAYPOINT,2.2365,-1.0338,0.304,-85.67,-4.33,-0.75,-0.0,0.0672,0.0012,-0.0063,1.572,,0.694,0.956,,2.5,-1.04,2.5,-0.98
44.415,NAV_WAYPOINT,2.2402,-1.0357,0.302,-85.69,-4.76,-0.58,-0.0,0.1046,-0.007,0.0022,1.572,,0.691,0.954,,2.5,-1.04,2.5,-0.98
44.47,NAV_WAYPOINT,2.2481,-1.0373,0.299,-85.68,-4.79,-0.47,-0.0,0.1488,-0.0121,-0.0056,1.559,,0.691,0.954,,2.5,-1.04,2.5,-0.98
44.503,NAV_WAYPOINT,2.2575,-1.0393,0.3,-85.68,-4.48,-0.25,-0.0,0.1914,-0.0168,-0.0102,1.559,,0.685,0.963,,2.5,-1.04,2.5,-0.98
44.551,NAV_WAYPOINT,2.2675,-1.0404,0.298,-85.79,-3.77,-0.07,-0.0,0.2265,-0.0172,-0.0047,1.549,,0.685,0.963,,2.5,-1.04,2.5,-0.98
44.62,NAV_WAYPOINT,2.2798,-1.0423,0.3,-85.91,-3.32,0.03,-0.0,0.2571,-0.0189,-0.0071,1.549,,0.666,0.973,,2.5,-1.04,2.5,-0.98
44.656,NAV_WAYPOINT,2.2962,-1.0451,0.299,-85.93,-2.73,0.19,-0.0,0.2902,-0.023,0.0017,1.54,,0.666,0.973,,2.5,-1.04,2.5,-0.98
44.706,NAV_WAYPOINT,2.3115,-1.0459,0.299,-85.93,-1.73,0.23,-0.0,0.3105,-0.0187,-0.003,1.54,,0.649,0.969,,2.5,-1.04,2.5,-0.98
44.822,NAV_WAYPOINT,2.3276,-1.0477,0.298,-85.87,-1.19,0.49,-0.0,0.3235,-0.0186,-0.0022,1.519,0.516,0.649,0.969,,2.5,-1.04,2.5,-0.98
44.87,NAV_WAYPOINT,2.3433,-1.0497,0.299,-85.83,-0.58,0.58,-0.0,0.3292,-0.0178,-0.0037,1.519,0.516,0.616,0.94,,2.5,-1.04,2.5,-0.98
44.892,NAV_WAYPOINT,2.3592,-1.051,0.299,-85.82,-0.08,0.78,-0.0,0.3297,-0.0137,-0.0011,1.49,0.476,0.616,0.94,,2.5,-1.04,2.5,-0.98
44.906,NAV_WAYPOINT,2.376,-1.0532,0.301,-85.83,0.32,0.92,-0.0,0.3288,-0.0122,-0.0013,1.49,0.476,0.59,,,2.5,-1.04,2.5,-0.98
44.972,NAV_WAYPOINT,2.3918,-1.0544,0.297,-85.82,0.49,0.95,-0.0,0.3234,-0.0067,0.0024,1.457,0.469,0.59,,,2.5,-1.04,2.5,-0.98
45.004,NAV_WAYPOINT,2.4057,-1.0548,0.302,-85.84,0.6,1.12,-0.0,0.3127,0.0008,-0.0061,1.457,0.469,0.571,0.455,,2.5,-1.04,2.5,-0.98
45.079,NAV_WAYPOINT,2.4202,-1.0561,0.299,-85.85,0.53,1.16,-0.0,0.3045,0.0063,0.006,1.412,0.472,0.571,0.455,,2.5,-1.04,2.5,-0.98
45.123,NAV_WAYPOINT,2.4331,-1.0568,0.3,-85.82,0.51,1.18,-0.0,0.2938,0.0125,-0.0026,1.412,0.472,0.55,0.456,,2.5,-1.04,2.5,-0.98
45.171,NAV_WAYPOINT,2.448,-1.0569,0.3,-85.7,0.5,1.19,-0.0,0.2899,0.0199,0.0023,1.349,0.477,0.55,0.456,,2.5,-1.04,2.5,-0.98
45.211,NAV_WAYPOINT,2.4601,-1.058,0.3,-85.6,0.88,1.15,-0.0,0.2781,0.0241,0.0015,1.349,0.477,0.525,0.464,,2.5,-1.04,2.5,-0.98
45.285,NAV_WAYPOINT,2.4722,-1.0574,0.299,-85.53,1.17,1.36,-0.0,0.2651,0.0324,0.0009,1.284,0.479,0.525,0.464,,2.5,-1.04,2.5,-0.98
45.313,NAV_WAYPOINT,2.4838,-1.058,0.299,-85.47,1.4,1.16,-0.0,0.2497,0.0373,-0.0001,1.284,0.479,0.509,0.479,,2.5,-1.04,2.5,-0.98
45.372,NAV_WAYPOINT,2.4942,-1.0562,0.3,-85.36,1.67,1.16,-0.0,0.2316,0.0461,0.0002,1.24,0.481,0.509,0.479,,2.5,-0.98,2.5,-0.98
45.413,NAV_WAYPOINT,2.5042,-1.0548,0.301,-85.34,2.24,1.09,-0.0,0.212,0.0524,0.0017,1.24,0.481,0.483,0.495,,2.5,-0.98,2.5,-0.98
45.46,NAV_WAYPOINT,2.5138,-1.0525,0.299,-85.29,2.62,1.05,-0.0,0.189,0.059,0.0048,1.21,0.483,0.483,0.495,,2.5,-0.98,2.5,-0.98
45.514,NAV_WAYPOINT,2.5215,-1.0522,0.301,-85.4,2.88,1.65,-0.0,0.1626,0.0617,0.0019,1.21,0.483,0.466,0.522,,2.5,-0.98,2.5,-0.98
45.564,NAV_WAYPOINT,2.527,-1.0508,0.301,-85.53,3.16,2.62,-0.0,0.1312,0.0742,0.0048,1.192,0.486,0.466,0.522,,2.5,-0.98,2.5,-0.98
45.612,NAV_WAYPOINT,2.532,-1.0494,0.3,-85.6,3.44,3.0,-0.0,0.0995,0.0909,0.0024,1.192,0.486,0.453,0.562,,2.5,-0.98,2.5,-0.98
45.65,NAV_WAYPOINT,2.5348,-1.047,0.302,-85.65,3.33,3.14,-0.0,0.0653,0.1107,-0.0007,1.192,0.479,0.453,0.562,,2.5,-0.98,2.5,-0.98
45.725,NAV_WAYPOINT,2.537,-1.039,0.301,-85.66,3.17,3.31,-0.0,0.0341,0.1395,0.0042,1.192,0.479,0.435,0.624,,2.5,-0.98,2.5,-0.98
45.77,NAV_WAYPOINT,2.5379,-1.0312,0.299,-85.6,2.96,3.03,-0.0,0.0052,0.1652,-0.0,1.195,0.471,0.435,0.624,,2.5,-0.98,2.5,-0.98
45.821,NAV_WAYPOINT,2.5361,-1.0227,0.299,-85.51,2.57,2.55,-0.0,-0.0239,0.1879,-0.0035,1.195,0.471,0.422,0.796,,2.5,-0.98,2.5,-0.98
45.861,NAV_WAYPOINT,2.534,-1.0171,0.301,-85.39,2.63,1.76,-0.0,-0.0476,0.1984,-0.0005,1.199,0.458,0.422,0.796,,2.5,-0.98,2.5,-0.98
45.931,NAV_WAYPOINT,2.5315,-1.0086,0.301,-85.3,2.52,1.03,-0.0,-0.0696,0.2063,0.0011,1.199,0.458,0.415,0.987,,2.5,-0.98,2.5,-0.98
45.959,NAV_WAYPOINT,2.5274,-0.9977,0.3,-85.25,1.96,0.26,-0.0,-0.09,0.2116,0.0015,1.218,0.437,0.415,0.987,,2.5,-0.98,2.5,-0.98
46.049,LANDING_REGION_SCAN,2.5223,-0.9905,0.301,-85.32,1.56,-0.42,-0.0,-0.1052,0.2045,-0.0006,1.218,0.437,0.417,1.041,,,,,
46.109,LANDING_REGION_SCAN,2.5183,-0.9845,0.302,-85.42,1.12,-0.92,-0.0,-0.1121,0.1913,0.0015,1.242,0.414,0.417,1.041,,,,,
46.192,LANDING_REGION_SCAN,2.5126,-0.9782,0.305,-85.49,0.62,-1.35,-0.0,-0.1183,0.1757,0.0038,1.242,0.414,0.419,1.05,,,,3.62,-0.98
46.27,SCAN_NAV_WAYPOINT,2.508,-0.9732,0.304,-85.59,-0.4,-2.11,-0.0,-0.1155,0.1553,0.008,1.272,0.4,0.419,1.05,,2.52,-1.28,3.62,-0.98
46.309,SCAN_NAV_WAYPOINT,2.5024,-0.9683,0.306,-85.64,-1.22,-2.47,-0.0,-0.1069,0.1317,0.0038,1.272,0.4,0.434,1.048,,2.52,-1.28,3.62,-0.98
46.346,SCAN_NAV_WAYPOINT,2.4981,-0.9654,0.305,-85.61,-1.41,-2.5,-0.0,-0.092,0.1051,0.0042,1.293,0.397,0.434,1.048,,2.52,-1.28,3.62,-0.98
46.385,SCAN_NAV_WAYPOINT,2.4948,-0.9626,0.302,-85.45,-1.68,-2.38,-0.0,-0.0749,0.0812,-0.0016,1.293,0.397,0.435,1.041,,2.52,-1.28,3.62,-0.98
46.411,SCAN_NAV_WAYPOINT,2.492,-0.9615,0.303,-85.28,-1.82,-2.22,-0.0,-0.0567,0.057,-0.0091,1.287,0.39,0.435,1.041,,2.52,-1.28,3.62,-0.98
46.418,SCAN_NAV_WAYPOINT,2.4916,-0.9637,0.3,-85.14,-1.56,-3.08,-0.0,-0.0349,0.0279,-0.0024,1.287,0.39,0.442,1.036,,2.52,-1.28,3.62,-0.98
46.459,SCAN_NAV_WAYPOINT,2.4929,-0.9637,0.306,-85.11,-1.52,-4.66,-0.0,-0.0119,-0.0033,-0.0086,1.28,0.394,0.442,1.036,,2.52,-1.28,3.62,-0.98
46.499,SCAN_NAV_WAYPOINT,2.4963,-0.968,0.304,-85.22,-1.26,-5.21,-0.0,0.0135,-0.0484,0.002,1.28,0.394,0.436,1.036,,2.52,-1.28,3.62,-0.98
46.57,SCAN_NAV_WAYPOINT,2.5003,-0.9748,0.301,-85.34,-0.98,-5.26,-0.0,0.0347,-0.097,-0.0057,1.266,0.406,0.436,1.036,,2.52,-1.28,3.62,-0.98
46.613,SCAN_NAV_WAYPOINT,2.5055,-0.984,0.304,-85.55,-0.52,-4.93,-0.0,0.0535,-0.1437,-0.0147,1.266,0.406,0.431,1.046,,2.52,-1.28,3.62,-0.98
46.663,SCAN_NAV_WAYPOINT,2.5101,-0.9955,0.302,-85.76,-0.18,-4.37,-0.0,0.0641,-0.1909,-0.0073,1.251,0.429,0.431,1.046,,2.52,-1.28,3.62,-0.98
46.704,SCAN_NAV_WAYPOINT,2.5153,-1.0079,0.303,-86.04,0.09,-3.77,-0.0,0.0724,-0.2278,-0.0103,1.251,0.429,0.425,1.044,,2.52,-1.28,3.62,-0.98
46.777,SCAN_NAV_WAYPOINT,2.5216,-1.0259,0.3,-86.33,0.65,-3.02,-0.0,0.0782,-0.2706,-0.006,1.227,0.452,0.425,1.044,,2.52,-1.28,3.62,-0.98
46.802,SCAN_NAV_WAYPOINT,2.5277,-1.0414,0.3,-86.72,0.74,-2.17,-0.0,0.0799,-0.2928,-0.0115,1.227,0.452,0.43,,,2.52,-1.28,3.62,-0.98
46.85,SCAN_NAV_WAYPOINT,2.534,-1.0583,0.3,-87.14,1.09,-1.45,-0.0,0.08,-0.3093,-0.0083,1.198,0.495,0.43,,,2.52,-1.28,3.62,-0.98
46.931,SCAN_NAV_WAYPOINT,2.5402,-1.076,0.301,-87.52,1.49,-0.83,-0.0,0.076,-0.3216,-0.0076,1.198,0.495,0.445,,,2.52,-1.28,3.62,-0.98
46.976,SCAN_NAV_WAYPOINT,2.545,-1.0919,0.297,-87.89,1.58,-0.27,-0.0,0.0668,-0.3242,-0.0017,1.173,0.537,0.445,,,2.52,-1.28,3.62,-0.98
47.01,SCAN_NAV_WAYPOINT,2.5496,-1.1126,0.299,-88.22,1.96,0.06,-0.0,0.0567,-0.3352,-0.0086,1.173,0.537,,0.558,,2.52,-1.28,3.62,-0.98
47.063,SCAN_NAV_WAYPOINT,2.5523,-1.1276,0.297,-88.52,2.18,0.37,-0.0,0.0396,-0.3298,-0.0014,1.154,0.578,,0.558,,2.52,-1.28,3.62,-0.98
47.117,SCAN_NAV_WAYPOINT,2.5548,-1.143,0.297,-88.75,2.02,0.69,-0.0,0.0237,-0.3226,-0.0051,1.154,0.578,,0.526,,2.52,-1.28,3.62,-0.98
47.172,SCAN_NAV_WAYPOINT,2.5567,-1.158,0.299,-88.83,2.06,0.86,-0.0,0.0091,-0.3135,-0.0039,1.124,0.615,,0.526,,2.52,-1.28,3.62,-0.98
47.199,SCAN_NAV_WAYPOINT,2.5575,-1.1716,0.299,-88.91,2.09,0.78,-0.0,-0.0068,-0.3021,0.0017,1.124,0.615,,0.505,,2.52,-1.28,3.62,-0.98
47.282,SCAN_NAV_WAYPOINT,2.5582,-1.1856,0.297,-88.84,2.11,0.64,-0.0,-0.0211,-0.2937,-0.0009,1.095,0.645,,0.505,,2.52,-1.28,3.62,-0.98
47.322,SCAN_NAV_WAYPOINT,2.5576,-1.1976,0.295,-88.69,2.11,0.58,-0.0,-0.0371,-0.2836,-0.0065,1.095,0.645,,0.492,,2.52,-1.28,3.62,-0.98
47.359,SCAN_NAV_WAYPOINT,2.5561,-1.21,0.296,-88.46,1.8,0.44,-0.0,-0.0527,-0.2757,-0.0114,1.058,0.655,,0.492,,2.52,-1.28,3.62,-0.98
47.406,SCAN_NAV_WAYPOINT,2.5546,-1.2196,0.297,-88.26,1.54,0.29,-0.0,-0.0638,-0.2644,-0.0063,1.058,0.655,,0.489,,2.52,-1.28,3.62,-0.98
47.448,SCAN_NAV_WAYPOINT,2.5512,-1.2333,0.299,-88.14,1.37,0.33,-0.0,-0.0763,-0.2632,-0.0035,1.035,0.668,,0.489,,2.52,-1.28,3.62,-0.98
47.516,SCAN_NAV_WAYPOINT,2.5487,-1.2429,0.297,-87.93,1.19,0.38,-0.0,-0.0836,-0.2538,0.0007,1.035,0.668,,0.487,,2.52,-1.28,3.62,-0.98
47.56,SCAN_NAV_WAYPOINT,2.5444,-1.2565,0.296,-87.72,0.71,0.91,-0.0,-0.092,-0.2513,-0.006,1.016,0.688,,0.487,,2.52,-1.28,3.62,-0.98
47.617,SCAN_NAV_WAYPOINT,2.5421,-1.2668,0.296,-87.42,0.36,1.33,-0.0,-0.0914,-0.2389,-0.0066,1.016,0.688,,0.487,,2.52,-1.28,3.62,-0.98
47.666,SCAN_NAV_WAYPOINT,2.5396,-1.2767,0.296,-87.08,0.27,1.64,-0.0,-0.0899,-0.2234,-0.0066,0.992,0.703,,0.487,,3.62,-1.28,3.62,-0.98
47.7,SCAN_NAV_WAYPOINT,2.5356,-1.288,0.295,-86.79,-0.17,2.22,-0.0,-0.0901,-0.2091,-0.0059,0.992,0.703,,0.48,,3.62,-1.28,3.62,-0.98
47.765,SCAN_NAV_WAYPOINT,2.5338,-1.2966,0.297,-86.56,-0.75,2.71,-0.0,-0.0823,-0.1869,-0.0075,0.968,0.714,,0.48,,3.62,-1.28,3.62,-0.98
47.817,SCAN_NAV_WAYPOINT,2.5266,-1.3075,0.297,-86.54,-3.35,3.35,-0.0,-0.0768,-0.1628,0.0005,0.968,0.714,,0.472,,3.62,-1.28,3.62,-0.98
47.858,SCAN_NAV_WAYPOINT,2.5223,-1.3166,0.299,-86.48,-5.11,3.33,-0.0,-0.0462,-0.1354,0.0003,0.945,0.733,,0.472,,3.62,-1.28,3.62,-0.98
47.909,SCAN_NAV_WAYPOINT,2.525,-1.3204,0.297,-86.4,-6.18,3.17,-0.0,0.0087,-0.1024,0.0025,0.945,0.733,,0.462,,3.62,-1.28,3.62,-0.98
47.992,SCAN_NAV_WAYPOINT,2.5278,-1.3245,0.297,-86.39,-6.27,2.9,-0.0,0.0627,-0.074,-0.0041,0.923,0.74,,0.462,,3.62,-1.28,3.62,-0.98
48.003,SCAN_NAV_WAYPOINT,2.5348,-1.3273,0.296,-86.36,-6.03,2.52,-0.0,0.1193,-0.0511,-0.0067,0.923,0.74,,0.467,,3.62,-1.28,3.62,-0.98
48.074,SCAN_NAV_WAYPOINT,2.5468,-1.3275,0.295,-86.37,-5.57,2.01,-0.0,0.1787,-0.03,-0.0068,0.893,0.759,,0.467,,3.62,-1.28,3.62,-0.98
48.103,SCAN_NAV_WAYPOINT,2.5601,-1.327,0.298,-86.53,-4.78,1.66,-0.0,0.2306,-0.0107,-0.0068,0.893,0.759,,0.487,,3.62,-1.28,3.62,-0.98
48.147,SCAN_NAV_WAYPOINT,2.5734,-1.3274,0.295,-86.69,-3.7,1.49,-0.0,0.2684,0.0026,0.0037,0.86,0.779,,0.487,,3.62,-1.28,3.62,-0.98
48.215,SCAN_NAV_WAYPOINT,2.5913,-1.3258,0.294,-86.79,-2.75,1.22,-0.0,0.3036,0.0121,-0.0057,0.86,0.779,,0.505,,3.62,-1.28,3.62,-0.98
48.297,SCAN_NAV_WAYPOINT,2.6081,-1.3252,0.297,-86.97,-1.68,1.03,-0.0,0.3243,0.0196,-0.0066,0.831,0.81,,0.505,,3.62,-1.28,3.62,-0.98
48.324,SCAN_NAV_WAYPOINT,2.6295,-1.3223,0.295,-87.06,-0.7,0.82,-0.0,0.3457,0.0275,0.004,0.831,0.81,,0.54,,3.62,-1.28,3.62,-0.98
48.351,SCAN_NAV_WAYPOINT,2.6477,-1.321,0.293,-87.16,-0.12,0.57,-0.0,0.3511,0.0309,-0.0019,0.815,,,0.54,,3.62,-1.28,3.62,-0.98
48.402,SCAN_NAV_WAYPOINT,2.6639,-1.3204,0.293,-87.33,0.4,0.4,-0.0,0.3466,0.0323,-0.0056,0.815,,,0.574,,3.62,-1.28,3.62,-0.98
48.454,SCAN_NAV_WAYPOINT,2.6765,-1.3214,0.297,-87.53,0.84,0.39,-0.0,0.3298,0.0296,-0.0045,0.804,,,0.574,,3.62,-1.28,3.62,-0.98
48.526,SCAN_NAV_WAYPOINT,2.6932,-1.3205,0.299,-87.67,0.9,0.31,-0.0,0.3224,0.0291,0.0055,0.804,,,0.604,,3.62,-1.28,3.62,-0.98
48.557,SCAN_NAV_WAYPOINT,2.7092,-1.3202,0.299,-87.81,0.84,0.23,-0.0,0.3147,0.0269,0.0074,0.797,,,0.604,,3.62,-1.28,3.62,-0.98
48.623,SCAN_NAV_WAYPOINT,2.7269,-1.3191,0.298,-87.94,0.87,0.18,-0.0,0.3128,0.0262,0.0025,0.797,,,0.632,,3.62,-1.28,3.62,-0.98
48.665,SCAN_NAV_WAYPOINT,2.7395,-1.3192,0.293,-88.01,0.77,0.13,-0.0,0.2987,0.0242,-0.0025,0.796,,,0.632,,3.62,-1.28,3.62,-0.98
48.705,SCAN_NAV_WAYPOINT,2.7535,-1.3195,0.29,-88.12,0.78,-0.16,-0.0,0.2902,0.0202,-0.0132,0.796,,,0.657,,3.62,-1.28,3.62,-0.98
48.763,SCAN_NAV_WAYPOINT,2.7667,-1.3193,0.29,-88.2,0.71,-0.37,-0.0,0.2811,0.0162,-0.0137,0.793,,,0.657,,3.62,-1.28,3.62,-0.98
48.799,SCAN_NAV_WAYPOINT,2.7792,-1.3196,0.294,-88.36,0.66,-0.41,-0.0,0.2714,0.0094,-0.0055,0.793,,,0.686,,3.62,-1.28,3.62,-0.98
48.868,SCAN_NAV_WAYPOINT,2.7907,-1.3198,0.296,-88.55,0.45,-0.26,-0.0,0.2613,0.005,0.0083,0.792,,,0.686,,3.62,-1.28,3.62,-0.98
48.897,SCAN_NAV_WAYPOINT,2.8023,-1.3205,0.296,-88.86,0.13,-0.22,-0.0,0.2551,0.0006,0.0109,0.792,,,0.708,,3.62,-1.28,3.62,-0.98
48.974,SCAN_NAV_WAYPOINT,2.8126,-1.3214,0.296,-89.11,0.06,-0.14,-0.0,0.2481,-0.0035,0.0133,0.789,,,0.708,,3.62,-1.28,3.62,-0.98
49.015,SCAN_NAV_WAYPOINT,2.8225,-1.3238,0.298,-89.42,-0.03,0.06,-0.0,0.2412,-0.0095,0.0147,0.789,,,0.727,,3.62,-1.28,3.62,-0.98
49.067,SCAN_NAV_WAYPOINT,2.832,-1.3254,0.298,-89.57,-0.04,0.39,-0.0,0.235,-0.0112,0.0187,0.784,,,0.727,,3.62,-1.28,3.62,-0.98
49.122,SCAN_NAV_WAYPOINT,2.8432,-1.3273,0.3,-89.66,-0.17,0.49,-0.0,0.2344,-0.0108,0.013,0.784,,,0.747,,3.62,-1.28,3.62,-0.98
49.149,SCAN_NAV_WAYPOINT,2.8521,-1.329,0.299,-89.75,-0.15,0.62,-0.0,0.2281,-0.0096,0.0165,0.792,,,0.747,,3.62,-1.28,3.62,-0.98
49.207,SCAN_NAV_WAYPOINT,2.863,-1.33,0.299,-89.79,-0.1,0.77,-0.0,0.2282,-0.0057,0.0069,0.792,,,0.766,,3.62,-1.28,3.62,-0.98
49.269,SCAN_NAV_WAYPOINT,2.8708,-1.3327,0.301,-89.86,0.04,1.06,-0.0,0.2192,-0.0043,0.012,0.796,,,0.766,,3.62,-1.28,3.62,-0.98
49.309,SCAN_NAV_WAYPOINT,2.8814,-1.3353,0.302,-89.96,0.16,1.04,-0.0,0.2175,-0.0011,0.0158,0.796,,,0.785,,3.62,-1.28,3.62,-0.98
49.366,SCAN_NAV_WAYPOINT,2.8892,-1.3365,0.302,-90.11,0.02,1.03,-0.0,0.209,0.0045,0.0166,0.804,,,0.785,,3.62,-1.28,3.62,-0.98
49.412,SCAN_NAV_WAYPOINT,2.8991,-1.338,0.301,-90.14,0.29,1.0,-0.0,0.2067,0.009,0.019,0.804,,,0.805,,3.62,-1.28,3.62,-0.98
49.45,SCAN_NAV_WAYPOINT,2.9073,-1.3393,0.305,-90.16,0.41,0.73,-0.0,0.1989,0.012,0.0149,0.811,,,0.805,,3.62,-1.28,3.62,-0.98
49.523,SCAN_NAV_WAYPOINT,2.9147,-1.3395,0.304,-90.21,-0.08,0.38,-0.0,0.1905,0.0151,0.0193,0.811,,,0.82,,3.62,-1.28,3.62,-0.98
49.553,SCAN_NAV_WAYPOINT,2.9226,-1.3396,0.309,-90.47,-0.38,0.23,-0.0,0.1881,0.0153,0.0232,0.82,,,0.82,,3.62,-1.28,3.62,-0.98
49.625,SCAN_NAV_WAYPOINT,2.9305,-1.3412,0.307,-90.84,-0.59,0.05,-0.0,0.1884,0.0112,0.0326,0.82,,,0.836,,3.62,-1.28,3.62,-0.98
49.662,SCAN_NAV_WAYPOINT,2.9393,-1.3424,0.312,-91.08,-1.16,0.01,-0.0,0.193,0.0077,0.0154,0.825,0.398,,0.836,,3.62,-1.28,3.62,-0.98
49.712,SCAN_NAV_WAYPOINT,2.9472,-1.3441,0.312,-91.15,-1.38,-0.06,-0.0,0.1985,0.0021,0.0157,0.825,0.398,,0.849,,3.62,-1.28,3.62,-0.98
49.769,SCAN_NAV_WAYPOINT,2.9535,-1.3463,0.309,-91.14,-1.55,0.1,-0.0,0.201,-0.004,0.0166,0.832,0.368,,0.849,,3.62,-1.28,3.62,-0.98
49.83,SCAN_NAV_WAYPOINT,2.959,-1.3479,0.312,-90.92,-1.72,0.46,-0.0,0.2031,-0.0067,0.0145,0.832,0.368,,0.865,,3.62,-1.28,3.62,-0.98
49.848,SCAN_NAV_WAYPOINT,2.9663,-1.3509,0.312,-90.58,-2.2,0.69,-0.0,0.2113,-0.0094,0.0143,0.864,0.356,,0.865,,3.62,-1.28,3.62,-0.98
49.942,SCAN_NAV_WAYPOINT,2.9747,-1.3524,0.312,-90.12,-2.31,0.92,-0.0,0.2241,-0.0062,0.0021,0.864,0.356,,0.875,,3.62,-1.28,3.62,-0.98
49.959,SCAN_NAV_WAYPOINT,2.9841,-1.3543,0.317,-89.55,-1.99,0.96,-0.0,0.2373,-0.0031,0.0015,0.983,0.354,,0.875,,3.62,-1.28,3.62,-0.98
50.027,SCAN_NAV_WAYPOINT,2.9939,-1.3552,0.313,-89.27,-2.24,0.98,-0.0,0.249,0.0028,0.0233,0.983,0.354,,0.894,,3.62,-1.28,3.62,-0.98
50.062,SCAN_NAV_WAYPOINT,3.0025,-1.3563,0.315,-89.23,-2.26,0.9,-0.0,0.2578,0.0064,0.0036,1.323,0.349,,0.894,,3.62,-1.28,3.62,-0.98
50.097,SCAN_NAV_WAYPOINT,3.0131,-1.3565,0.314,-89.22,-1.95,0.67,-0.0,0.2686,0.0116,-0.0008,1.323,0.349,,0.912,,3.62,-1.28,3.62,-0.98
50.172,SCAN_NAV_WAYPOINT,3.023,-1.3573,0.314,-89.24,-1.89,0.44,-0.0,0.275,0.0125,-0.0087,2.005,0.353,,0.912,,3.62,-1.28,3.62,-0.98
50.201,SCAN_NAV_WAYPOINT,3.0357,-1.3563,0.316,-89.42,-2.3,0.55,-0.0,0.2892,0.0166,-0.0088,2.005,0.353,,0.93,,3.62,-1.28,3.62,-0.98
50.275,SCAN_NAV_WAYPOINT,3.0478,-1.3569,0.314,-89.49,-2.18,0.84,-0.0,0.3015,0.0185,-0.0114,2.228,0.356,,0.93,,3.62,-1.28,3.62,-0.98
50.298,SCAN_NAV_WAYPOINT,3.0605,-1.3562,0.315,-89.6,-1.82,0.59,-0.0,0.3115,0.0237,-0.0239,2.228,0.356,,0.952,,3.62,-1.28,3.62,-0.98
50.35,SCAN_NAV_WAYPOINT,3.074,-1.356,0.315,-89.62,-1.71,0.4,-0.0,0.3206,0.0246,-0.0199,2.295,0.366,,0.952,,3.62,-1.28,3.62,-0.98
50.418,SCAN_NAV_WAYPOINT,3.0893,-1.3544,0.312,-89.54,-1.53,0.44,-0.0,0.3318,0.0297,-0.0181,2.295,0.366,,0.979,,3.62,-1.28,3.62,-0.98
50.451,SCAN_NAV_WAYPOINT,3.1063,-1.3543,0.308,-89.48,-1.53,0.45,-0.0,0.3448,0.0284,-0.029,2.343,0.364,,0.979,,3.62,-1.28,3.62,-0.98
50.51,SCAN_NAV_WAYPOINT,3.1212,-1.353,0.306,-89.42,-1.35,1.0,-0.0,0.3513,0.0338,-0.0392,2.343,0.364,,1.01,,3.62,-1.28,3.62,-0.98
50.582,SCAN_NAV_WAYPOINT,3.1391,-1.3527,0.304,-89.36,-1.14,1.28,-0.0,0.362,0.0387,-0.0448,2.387,0.362,,1.01,,3.62,-1.28,3.62,-0.98
50.62,SCAN_NAV_WAYPOINT,3.1558,-1.3513,0.257,-89.26,-0.85,1.03,-0.0,0.3671,0.0475,-0.0395,2.387,0.362,,1.039,,3.62,-1.28,3.62,-0.98
50.65,SCAN_NAV_WAYPOINT,3.1745,-1.3482,0.187,-89.21,-0.41,0.55,-0.0,0.3734,0.0536,-0.1304,2.408,0.36,,1.039,,3.62,-1.28,3.62,-0.98
50.702,SCAN_NAV_WAYPOINT,3.1826,-1.3473,0.171,-89.22,-0.18,0.41,-0.0,0.353,0.0514,-0.1876,2.408,0.36,,1.068,,3.62,-1.28,3.62,-0.98
50.754,SCAN_NAV_WAYPOINT,3.1927,-1.3476,0.188,-89.31,-0.21,0.24,-0.0,0.3384,0.0483,-0.1531,2.429,0.356,,1.068,,3.62,-1.28,3.62,-0.98
50.831,SCAN_NAV_WAYPOINT,3.2073,-1.3458,0.201,-89.38,-0.36,0.22,-0.0,0.3363,0.0488,-0.0446,2.429,0.356,,1.113,,3.62,-1.28,3.62,-0.98
50.859,SCAN_NAV_WAYPOINT,3.2224,-1.3417,0.229,-89.31,-0.41,0.11,-0.0,0.3354,0.0544,0.0419,2.43,0.351,,1.113,,3.62,-1.28,3.62,-0.98
50.928,SCAN_NAV_WAYPOINT,3.2417,-1.3401,0.242,-89.28,-0.38,0.11,-0.0,0.3431,0.0508,0.1205,2.43,0.351,,1.149,,3.62,-1.28,3.62,-0.98
50.948,SCAN_NAV_WAYPOINT,3.2615,-1.3371,0.282,-89.29,0.03,0.24,-0.0,0.3497,0.0521,0.1639,2.437,0.349,,1.149,,3.62,-1.28,3.62,-0.98
51.012,SCAN_NAV_WAYPOINT,3.2826,-1.3339,0.336,-89.33,0.53,0.36,-0.0,0.3546,0.0542,0.2299,2.437,0.349,,1.184,,3.62,-1.28,3.62,-0.98
51.066,SCAN_NAV_WAYPOINT,3.3033,-1.3321,0.386,-89.34,0.64,0.08,-0.0,0.3556,0.0526,0.3171,2.438,0.344,,1.184,,3.62,-1.28,3.62,-0.98
51.097,SCAN_NAV_WAYPOINT,3.3256,-1.3285,0.432,-89.37,0.94,0.04,-0.0,0.3618,0.0551,0.3508,2.438,0.344,,1.234,,3.62,-1.28,3.62,-0.98
51.157,SCAN_NAV_WAYPOINT,3.3455,-1.3261,0.459,-89.42,1.19,0.1,-0.0,0.3601,0.0541,0.35,2.445,0.34,,1.234,,3.62,-1.28,3.62,-0.98
51.232,SCAN_NAV_WAYPOINT,3.3662,-1.3238,0.455,-89.42,1.42,0.1,-0.0,0.3611,0.0542,0.2903,2.445,0.34,,1.28,,3.62,-1.28,3.62,-0.98
51.271,SCAN_NAV_WAYPOINT,3.387,-1.3215,0.444,-89.38,1.45,0.06,-0.0,0.3622,0.0547,0.1283,2.448,0.353,,1.28,,3.62,-1.28,3.62,-0.98
51.304,SCAN_NAV_WAYPOINT,3.406,-1.3203,0.429,-89.41,1.43,-0.13,-0.0,0.356,0.0521,-0.006,2.448,0.353,,1.321,,3.62,-1.28,3.62,-0.98
51.349,SCAN_NAV_WAYPOINT,3.4272,-1.3192,0.406,-89.5,1.57,-0.14,-0.0,0.3552,0.0487,-0.1183,2.453,0.369,,1.321,,3.62,-1.28,3.62,-0.98
51.42,SCAN_NAV_WAYPOINT,3.4463,-1.3177,0.387,-89.6,1.64,0.03,-0.0,0.3458,0.0467,-0.1936,2.453,0.369,,1.355,,3.62,-1.28,3.62,-0.98
51.456,SCAN_NAV_WAYPOINT,3.4669,-1.3151,0.364,-89.81,1.49,0.21,-0.0,0.3411,0.0486,-0.2393,2.455,,,1.355,,3.62,-1.28,3.62,-0.98
51.534,SCAN_NAV_WAYPOINT,3.4869,-1.3159,0.353,-90.05,1.27,0.44,-0.0,0.3372,0.0463,-0.2697,2.455,,,1.404,,3.62,-1.28,3.62,-0.98
51.561,SCAN_NAV_WAYPOINT,3.5075,-1.3132,0.328,-90.29,1.11,0.56,-0.0,0.3358,0.0518,-0.2524,2.452,,,1.404,,3.62,-1.28,3.62,-0.98
51.612,SCAN_NAV_WAYPOINT,3.5254,-1.3133,0.315,-90.37,0.89,0.47,-0.0,0.3305,0.0519,-0.2658,2.452,,,1.432,,3.62,-1.28,3.62,-0.98
51.669,SCAN_NAV_WAYPOINT,3.5449,-1.3124,0.298,-90.37,0.73,0.65,-0.0,0.3304,0.0543,-0.2304,2.447,,,1.432,,3.62,-1.28,3.62,-0.98
51.701,SCAN_NAV_WAYPOINT,3.5626,-1.3112,0.286,-90.24,0.8,0.68,-0.0,0.3273,0.0574,-0.2194,2.447,,,1.466,,3.62,-1.28,3.62,-0.98
51.775,SCAN_NAV_WAYPOINT,3.5846,-1.3112,0.274,-90.12,0.84,0.76,-0.0,0.3343,0.0592,-0.1807,2.455,,,1.466,,3.62,-1.28,3.62,-0.98
51.866,SCAN_NAV_WAYPOINT,3.6033,-1.311,0.275,-90.06,1.42,0.87,-0.0,0.33,0.0621,-0.1561,2.455,,,1.502,,3.62,-1.28,3.62,-0.98
51.917,SCAN_NAV_WAYPOINT,3.6206,-1.3113,0.263,-90.04,2.07,1.02,-0.0,0.3184,0.0647,-0.0958,2.459,,,1.502,,3.62,-1.28,3.62,-0.98
51.946,SCAN_NAV_WAYPOINT,3.6366,-1.3123,0.262,-90.05,3.18,0.78,-0.0,0.2979,0.0656,-0.0918,2.459,,,1.524,,3.62,-1.28,3.62,-0.98
51.976,SCAN_NAV_WAYPOINT,3.65,-1.3144,0.261,-90.0,3.53,0.78,-0.0,0.266,0.064,-0.051,2.461,,,1.524,,3.62,-1.28,3.62,-0.98
52.0,SCAN_NAV_WAYPOINT,3.6617,-1.3159,0.26,-89.99,4.18,0.69,-0.0,0.2311,0.0634,-0.0287,2.461,,,1.543,,3.62,-1.28,3.62,-0.98
52.052,SCAN_NAV_WAYPOINT,3.6752,-1.3168,0.258,-89.99,4.45,0.64,-0.0,0.2007,0.0624,-0.0139,2.448,,,1.543,,3.62,-1.28,3.62,-0.98
52.124,SCAN_NAV_WAYPOINT,3.6833,-1.3171,0.26,-89.88,4.93,0.87,-0.0,0.1586,0.0641,-0.0044,2.448,,,1.567,,3.62,-1.28,3.62,-0.98
52.162,SCAN_NAV_WAYPOINT,3.6888,-1.3154,0.26,-89.66,5.31,1.01,-0.0,0.1117,0.0694,0.0113,2.461,,,1.567,,3.62,-1.28,3.62,-0.98
52.214,SCAN_NAV_WAYPOINT,3.6927,-1.3158,0.26,-89.35,5.79,1.16,-0.0,0.063,0.0732,0.0164,2.461,,,1.552,,3.62,-1.28,3.62,-0.98
52.25,SCAN_NAV_WAYPOINT,3.6954,-1.3146,0.263,-88.97,5.6,1.56,-0.0,0.0154,0.0802,0.0234,2.473,,,1.552,,3.62,-1.28,3.62,-0.98
52.299,SCAN_NAV_WAYPOINT,3.6946,-1.3109,0.264,-88.46,5.38,1.6,-0.0,-0.0337,0.0921,0.0307,2.473,,,1.555,,3.62,-1.28,3.62,-0.98
52.373,SCAN_NAV_WAYPOINT,3.6913,-1.3092,0.267,-87.98,4.8,1.66,-0.0,-0.0791,0.1014,0.0366,2.473,,,1.555,,3.62,-1.28,3.62,-0.98
52.401,SCAN_NAV_WAYPOINT,3.6866,-1.3036,0.269,-87.46,4.21,1.33,-0.0,-0.1179,0.113,0.0409,2.473,,,1.584,,3.62,-1.28,3.62,-0.98
52.489,SCAN_NAV_WAYPOINT,3.6798,-1.3025,0.273,-87.18,3.45,1.07,-0.0,-0.1509,0.1162,0.0414,2.486,,,1.584,,3.62,-1.28,3.62,-0.98
52.531,SCAN_NAV_WAYPOINT,3.6738,-1.298,0.275,-87.05,2.84,0.85,-0.0,-0.1724,0.1206,0.0483,2.486,,,1.582,,3.62,-1.28,3.62,-0.98
52.574,SCAN_NAV_WAYPOINT,3.6645,-1.2944,0.273,-87.08,1.96,0.55,-0.0,-0.1938,0.1224,0.0465,2.493,,,1.582,,3.62,-1.28,3.62,-0.98
52.616,SCAN_NAV_WAYPOINT,3.656,-1.2908,0.278,-87.04,1.0,0.05,-0.0,-0.2031,0.1214,0.0399,2.493,,,1.568,,3.62,-1.28,3.62,-0.98
52.652,SCAN_NAV_WAYPOINT,3.6482,-1.288,0.279,-87.2,0.49,-0.17,-0.0,-0.2022,0.1151,0.0474,2.501,,,1.568,,3.62,-1.28,3.62,-0.98
52.715,SCAN_NAV_WAYPOINT,3.6402,-1.2834,0.281,-87.5,0.4,-0.35,-0.0,-0.2005,0.1109,0.0394,2.501,,,1.562,,3.62,-0.98,3.62,-0.98
52.751,SCAN_NAV_WAYPOINT,3.6332,-1.2796,0.284,-87.84,-0.2,-0.77,-0.0,-0.1936,0.103,0.0372,2.496,,,1.562,,3.62,-0.98,3.62,-0.98
52.803,SCAN_NAV_WAYPOINT,3.6253,-1.2746,0.282,-88.35,-0.69,-0.94,-0.0,-0.1856,0.0954,0.0363,2.496,,,1.546,,3.62,-0.98,3.62,-0.98
52.882,SCAN_NAV_WAYPOINT,3.6192,-1.2712,0.286,-88.89,-1.66,0.75,-0.0,-0.1687,0.0893,0.0264,2.509,,,1.546,,3.62,-0.98,3.62,-0.98
52.931,SCAN_NAV_WAYPOINT,3.6137,-1.2681,0.287,-89.31,-2.3,2.49,-0.0,-0.1451,0.0986,0.0318,2.509,,,1.537,,3.62,-0.98,3.62,-0.98
52.973,SCAN_NAV_WAYPOINT,3.6089,-1.2628,0.291,-89.78,-2.2,3.24,-0.0,-0.1208,0.1221,0.0256,2.535,,,1.537,,3.62,-0.98,3.62,-0.98
52.998,SCAN_NAV_WAYPOINT,3.6047,-1.2543,0.293,-90.36,-2.14,3.71,-0.0,-0.0981,0.1577,0.031,2.535,,,1.523,,3.62,-0.98,3.62,-0.98
53.057,SCAN_NAV_WAYPOINT,3.6045,-1.244,0.29,-90.86,-2.08,3.94,-0.0,-0.069,0.193,0.0296,2.552,,,1.523,,3.62,-0.98,3.62,-0.98
53.096,SCAN_NAV_WAYPOINT,3.6057,-1.233,0.29,-91.09,-2.07,3.86,-0.0,-0.04,0.2238,0.0222,2.552,,,1.511,,3.62,-0.98,3.62,-0.98
53.168,SCAN_NAV_WAYPOINT,3.6098,-1.2195,0.292,-91.3,-1.88,3.43,-0.0,-0.0085,0.2546,0.0173,2.575,,,1.511,,3.62,-0.98,3.62,-0.98
53.221,SCAN_NAV_WAYPOINT,3.6137,-1.2046,0.274,-91.28,-1.46,2.7,-0.0,0.0162,0.2799,0.025,2.575,,,1.505,,3.62,-0.98,3.62,-0.98
53.279,SCAN_NAV_WAYPOINT,3.6173,-1.1907,0.291,-90.98,-0.96,1.91,-0.0,0.0334,0.2933,-0.0174,2.597,,,1.505,,3.62,-0.98,3.62,-0.98
53.312,SCAN_NAV_WAYPOINT,3.6217,-1.1745,0.286,-90.31,-0.47,1.41,-0.0,0.0459,0.3057,0.031,2.597,,,1.503,,3.62,-0.98,3.62,-0.98
53.356,SCAN_NAV_WAYPOINT,3.6279,-1.1577,0.307,-89.44,0.24,0.47,-0.0,0.056,0.3127,0.0064,2.604,,,1.503,,3.62,-0.98,3.62,-0.98
53.418,SCAN_NAV_WAYPOINT,3.6336,-1.1415,0.303,-88.53,0.59,0.25,-0.0,0.059,0.3121,0.0481,2.604,,,1.513,,3.62,-0.98,3.62,-0.98
53.453,SCAN_NAV_WAYPOINT,3.6385,-1.1268,0.307,-87.57,0.92,-0.21,-0.0,0.0574,0.3033,0.0313,2.641,,,1.513,,3.62,-0.98,3.62,-0.98
53.534,SCAN_NAV_WAYPOINT,3.6432,-1.1122,0.309,-86.73,1.08,-0.52,-0.0,0.0538,0.296,0.0256,2.641,,,1.521,,3.62,-0.98,3.62,-0.98
53.598,SCAN_NAV_WAYPOINT,3.6464,-1.0988,0.311,-85.96,1.25,-0.55,-0.0,0.0462,0.2847,0.0181,2.658,,,1.521,,3.62,-0.98,3.62,-0.98
53.641,SCAN_NAV_WAYPOINT,3.6504,-1.0856,0.311,-85.38,1.49,-0.15,-0.0,0.0401,0.2762,0.0166,2.658,,,1.508,,3.62,-0.98,3.62,-0.98
53.698,SCAN_NAV_WAYPOINT,3.6529,-1.0727,0.31,-84.92,1.8,0.35,-0.0,0.0281,0.2725,0.0084,2.686,,,1.508,,3.62,-0.98,3.62,-0.98
53.707,SCAN_NAV_WAYPOINT,3.6552,-1.0607,0.309,-84.55,1.75,0.56,-0.0,0.0155,0.2691,-0.0004,2.686,,,1.429,,3.62,-0.98,3.62,-0.98
53.777,SCAN_NAV_WAYPOINT,3.6568,-1.0482,0.31,-84.28,1.94,0.94,-0.0,0.0023,0.2698,-0.0004,2.707,,,1.429,,3.62,-0.98,3.62,-0.98
53.815,SCAN_NAV_WAYPOINT,3.6581,-1.0363,0.307,-84.14,1.93,0.96,-0.0,-0.0112,0.2717,-0.0017,2.707,,,1.35,,3.62,-0.98,3.62,-0.98
53.861,SCAN_NAV_WAYPOINT,3.657,-1.0234,0.309,-84.11,2.01,0.95,-0.0,-0.0292,0.2752,-0.0076,2.737,,,1.35,,3.62,-0.98,3.62,-0.98
53.903,SCAN_NAV_WAYPOINT,3.6558,-1.0091,0.308,-84.3,2.15,0.73,-0.0,-0.046,0.2818,-0.0011,2.737,,,,,3.62,-0.98,3.62,-0.98
53.957,SCAN_NAV_WAYPOINT,3.6539,-0.9962,0.306,-84.53,2.02,0.15,-0.0,-0.0621,0.2812,-0.0073,2.754,,,,,3.62,-0.98,3.62,-0.98
53.997,SCAN_NAV_WAYPOINT,3.6498,-0.9845,0.303,-84.86,2.01,-0.8,-0.0,-0.0807,0.2721,-0.0127,2.754,,,,,3.62,-0.98,3.62,-0.98
54.053,SCAN_NAV_WAYPOINT,3.6458,-0.9732,0.306,-85.15,1.48,-1.58,-0.0,-0.0941,0.2561,-0.0151,2.782,,,,,3.62,-0.98,3.62,-0.98
54.14,SCAN_NAV_WAYPOINT,3.6423,-0.9655,0.301,-85.38,1.12,-2.47,-0.0,-0.1026,0.2318,-0.0059,2.782,,,0.262,,,,3.62,-0.98
54.19,SCAN_NAV_WAYPOINT,3.6351,-0.9543,0.303,-85.66,0.94,-3.08,-0.0,-0.114,0.2054,-0.018,2.799,,,0.262,,3.7,-0.9655,3.62,-0.98
54.214,SCAN_NAV_WAYPOINT,3.6286,-0.9467,0.302,-85.92,0.64,-3.51,-0.0,-0.1209,0.1701,-0.0107,2.799,,,0.208,,3.7,-0.9655,3.62,-0.98
54.264,SCAN_NAV_WAYPOINT,3.6229,-0.9417,0.302,-86.11,-0.13,-3.76,-0.0,-0.1199,0.1317,-0.0111,2.804,,,0.208,,3.7,-0.9655,3.62,-0.98
54.33,SCAN_NAV_WAYPOINT,3.6173,-0.9381,0.301,-86.33,-1.43,-3.73,-0.0,-0.1099,0.0941,-0.0134,2.804,,,0.195,,3.7,-0.9655,3.62,-0.98
54.349,SCAN_NAV_WAYPOINT,3.6106,-0.9354,0.303,-86.46,-3.02,-3.49,-0.0,-0.0907,0.0581,-0.0124,2.817,,,0.195,,3.7,-0.9655,3.62,-0.98
54.431,SCAN_NAV_WAYPOINT,3.6047,-0.9322,0.298,-86.59,-4.32,-3.42,-0.0,-0.0609,0.0287,-0.0088,2.817,,,0.188,,3.7,-0.9655,3.62,-0.98
54.454,SCAN_NAV_WAYPOINT,3.6033,-0.9326,0.301,-86.78,-4.96,-3.26,-0.0,-0.0164,0.0005,-0.0238,2.816,,,0.188,,3.7,-0.9655,3.62,-0.98
54.505,SCAN_NAV_WAYPOINT,3.6011,-0.9323,0.3,-86.84,-5.32,-2.91,-0.0,0.025,-0.029,-0.0134,2.816,,,0.185,,3.7,-0.9655,3.62,-0.98
54.562,SCAN_NAV_WAYPOINT,3.6042,-0.9349,0.299,-87.07,-5.19,-2.36,-0.0,0.0738,-0.0486,-0.016,2.81,,,0.185,,3.7,-0.9655,3.62,-0.98
54.596,SCAN_NAV_WAYPOINT,3.61,-0.9388,0.3,-87.3,-5.07,-1.9,-0.0,0.1217,-0.0662,-0.0202,2.81,,,0.189,,3.7,-0.9655,3.62,-0.98
54.667,SCAN_NAV_WAYPOINT,3.6169,-0.9425,0.297,-87.53,-4.67,-1.49,-0.0,0.1644,-0.0776,-0.0153,2.805,,,0.189,,3.7,-0.9655,3.62,-0.98
54.76,SCAN_NAV_WAYPOINT,3.6269,-0.9475,0.294,-87.66,-4.14,-1.08,-0.0,0.205,-0.0916,-0.0213,2.805,,,0.206,,3.7,-0.9655,3.62,-0.98
54.773,SCAN_NAV_WAYPOINT,3.6398,-0.9534,0.294,-87.87,-3.5,-0.59,-0.0,0.2436,-0.0952,-0.0217,2.796,,,0.206,,3.7,-0.9655,3.62,-0.98
54.799,SCAN_NAV_WAYPOINT,3.6511,-0.9575,0.293,-87.98,-2.6,-0.24,-0.0,0.2666,-0.0984,-0.0157,2.796,,,0.231,,3.7,-0.9655,3.62,-0.98
54.855,SCAN_NAV_WAYPOINT,3.6641,-0.9621,0.292,-88.1,-1.63,0.15,-0.0,0.2827,-0.0948,-0.0117,2.793,,,0.231,,3.7,-0.9655,3.62,-0.98
54.896,SCAN_NAV_WAYPOINT,3.677,-0.9662,0.296,-88.26,-0.58,0.6,-0.0,0.2876,-0.0877,-0.0086,2.793,,,0.261,,3.7,-0.9655,3.62,-0.98
54.964,LANDING_REGION_SCAN,3.6891,-0.9696,0.292,-88.32,0.29,0.9,-0.0,0.2816,-0.0748,0.0081,2.791,,,0.261,,3.7,-1.0,,
55.034,LANDING_REGION_SCAN,3.7054,-0.9735,0.292,-88.28,1.83,1.39,-0.0,0.277,-0.0655,0.0017,2.791,,,0.301,,,,,
55.084,SCAN_HIGH,3.7161,-0.9761,0.295,-88.14,3.07,1.68,-0.0,0.2472,-0.0506,0.0067,2.782,,,0.301,,,,,
55.142,SCAN_HIGH,3.7272,-0.9778,0.296,-87.79,4.13,1.29,-0.0,0.2121,-0.0368,0.0128,2.782,,,0.329,,,,,
55.159,SCAN_HIGH,3.734,-0.9782,0.297,-87.38,4.26,1.03,-0.0,0.1673,-0.0248,0.012,2.783,,,0.329,,,,,
55.204,SCAN_HIGH,3.7417,-0.979,0.297,-87.0,4.28,1.08,15.0,0.1296,-0.0168,0.0163,2.783,,,0.353,,,,,
55.273,SCAN_HIGH,3.7457,-0.9786,0.298,-86.6,4.03,1.19,15.0,0.0889,-0.0061,0.0131,2.784,,,0.353,,,,,
55.296,SCAN_HIGH,3.7489,-0.9771,0.297,-86.12,3.69,1.17,15.0,0.0535,0.0053,0.0138,2.784,,,0.369,,,,,
55.359,SCAN_HIGH,3.7473,-0.9747,0.299,-85.47,3.41,1.1,15.0,0.0132,0.0177,0.0055,2.788,,,0.369,,,,,
55.428,SCAN_HIGH,3.7455,-0.9705,0.298,-84.71,2.83,0.87,15.0,-0.0192,0.0295,0.0107,2.788,,,0.381,,,,,
55.464,SCAN_HIGH,3.7416,-0.9683,0.297,-83.98,2.1,0.47,15.0,-0.0464,0.0351,0.0069,2.788,,,0.381,,,,,
55.517,SCAN_HIGH,3.7358,-0.965,0.298,-83.18,1.47,0.2,15.0,-0.0694,0.04,0.0012,2.788,,,0.397,,,,,
55.547,SCAN_HIGH,3.7318,-0.9621,0.299,-82.34,0.86,-0.09,15.0,-0.0797,0.0407,0.0031,2.804,,,0.397,,,,,
55.599,SCAN_HIGH,3.7269,-0.9596,0.3,-81.54,0.31,-0.34,15.0,-0.0859,0.0391,0.004,2.804,,,0.42,,,,,
55.677,SCAN_HIGH,3.7223,-0.9572,0.301,-80.77,-0.29,-0.66,15.0,-0.0856,0.0354,0.0051,2.807,,,0.42,,,,,
55.705,SCAN_HIGH,3.7174,-0.9566,0.3,-80.07,-0.68,-0.84,15.0,-0.0817,0.0281,0.0014,2.807,,,0.467,,,,,
55.782,SCAN_HIGH,3.7142,-0.9538,0.301,-79.4,-0.81,-0.99,15.0,-0.0719,0.024,-0.0042,2.82,,,0.467,,,,,
55.814,SCAN_HIGH,3.7101,-0.951,0.299,-78.75,-0.85,-1.06,15.0,-0.0648,0.0202,-0.0066,2.82,,,,,,,,
55.859,SCAN_HIGH,3.7073,-0.9499,0.299,-78.18,-0.86,-1.04,15.0,-0.055,0.013,-0.0094,2.831,,,,,,,,
55.916,SCAN_HIGH,3.7052,-0.9501,0.295,-77.68,-0.73,-0.84,15.0,-0.0453,0.0049,-0.0062,2.831,,,1.089,,,,,
55.996,SCAN_HIGH,3.7044,-0.9509,0.299,-77.2,-0.58,-0.62,15.0,-0.0355,-0.0019,-0.016,2.838,,,1.089,,,,,
56.016,SCAN_HIGH,3.7045,-0.9512,0.297,-76.73,-0.62,-0.71,15.0,-0.0247,-0.0072,-0.0055,2.838,,,1.214,,,,,
56.083,SCAN_HIGH,3.7059,-0.9505,0.301,-76.11,-0.64,-0.69,15.0,-0.0122,-0.009,-0.011,2.838,,,1.214,,,,,
56.112,SCAN_HIGH,3.7056,-0.9517,0.299,-75.48,-0.84,-0.65,15.0,-0.0038,-0.0146,0.0004,2.838,,,1.302,,,,,
56.164,SCAN_HIGH,3.7083,-0.9528,0.3,-74.79,-0.8,-0.57,15.0,0.0108,-0.0188,-0.003,2.867,,,1.302,,,,,
56.2,SCAN_HIGH,3.7102,-0.9546,0.298,-74.27,-0.79,-0.46,15.0,0.0214,-0.0229,0.0057,2.867,,,1.346,,,,,
56.259,SCAN_HIGH,3.7163,-0.9558,0.299,-73.83,-0.66,-0.42,15.0,0.0394,-0.0252,0.0017,2.864,,,1.346,,,,,
56.328,SCAN_HIGH,3.7227,-0.9552,0.299,-73.35,-0.38,-0.37,15.0,0.0545,-0.0227,0.0014,2.864,,,1.351,,,,,
56.351,SCAN_HIGH,3.7253,-0.9575,0.298,-72.9,0.11,-0.36,15.0,0.0558,-0.0282,0.0027,2.865,,,1.351,,,,,
56.442,SCAN_HIGH,3.7292,-0.9577,0.299,-72.42,0.33,-0.21,15.0,0.0566,-0.0279,0.003,2.865,,,1.362,,,,,
56.465,SCAN_HIGH,3.7344,-0.9601,0.299,-71.95,0.65,-0.07,15.0,0.0581,-0.0333,0.0064,2.88,,,1.362,,,,,
56.513,SCAN_HIGH,3.7398,-0.9638,0.299,-71.42,1.04,0.11,15.0,0.0567,-0.0396,0.0006,2.88,,,1.392,,,,,
56.551,SCAN_HIGH,3.7444,-0.9659,0.3,-70.78,1.4,0.28,15.0,0.0502,-0.0418,-0.0025,2.882,,,1.392,,,,,
56.604,SCAN_HIGH,3.7473,-0.9685,0.302,-69.96,1.52,0.55,15.0,0.0382,-0.0434,0.0001,2.882,,,1.475,,,,,
56.683,SCAN_HIGH,3.7515,-0.9726,0.303,-69.12,1.6,0.67,15.0,0.0294,-0.0478,0.0029,2.901,,,1.475,,,,,
56.711,SCAN_HIGH,3.7541,-0.9766,0.299,-68.2,1.44,0.89,15.0,0.018,-0.0494,-0.0021,2.901,,,1.607,,,,,
56.787,SCAN_HIGH,3.7553,-0.9799,0.298,-67.31,1.13,1.08,15.0,0.0059,-0.0477,-0.0086,2.927,,,1.607,,,,,
56.805,SCAN_HIGH,3.7575,-0.9846,0.298,-66.36,1.05,1.57,15.0,-0.0027,-0.0451,-0.0029,2.927,,,1.724,,,,,
56.861,SCAN_HIGH,3.7579,-0.9884,0.299,-65.4,0.84,1.81,15.0,-0.0148,-0.0384,0.0007,2.954,,,1.724,,,,,
56.912,SCAN_HIGH,3.7575,-0.9907,0.299,-64.47,0.44,1.79,15.0,-0.025,-0.0273,0.0041,2.954,,,1.771,,,,,
56.948,SCAN_HIGH,3.7561,-0.993,0.3,-63.53,0.26,1.63,15.0,-0.0338,-0.0177,0.0029,,,,1.771,,,,,
57.021,SCAN_HIGH,3.7558,-0.9922,0.301,-62.6,0.09,1.54,15.0,-0.0376,-0.004,0.0031,,,,1.774,,,,,
57.05,SCAN_HIGH,3.7539,-0.9929,0.299,-61.78,-0.01,1.25,15.0,-0.0432,0.0046,0.0023,3.0,,,1.774,,,,,
57.125,SCAN_HIGH,3.7512,-0.9949,0.301,-60.99,-0.01,1.12,15.0,-0.049,0.0092,-0.0019,3.0,,,1.758,,,,,
57.183,SCAN_HIGH,3.7502,-0.9931,0.303,-60.27,-0.05,1.1,15.0,-0.05,0.0192,0.0029,3.046,,,1.758,,,,,
57.213,SCAN_HIGH,3.7495,-0.9894,0.3,-59.53,0.02,0.9,15.0,-0.0502,0.0306,0.0024,3.046,,,1.712,,,,,
57.27,SCAN_HIGH,3.7497,-0.9871,0.297,-58.78,-0.04,0.58,15.0,-0.0476,0.0359,-0.008,3.049,,,1.712,,,,,
57.301,SCAN_HIGH,3.7488,-0.9846,0.299,-58.1,0.02,0.39,15.0,-0.0462,0.0402,-0.0096,3.049,,,1.595,,,,,
57.361,SCAN_HIGH,3.7492,-0.9831,0.299,-57.46,0.02,0.27,15.0,-0.042,0.04,-0.0024,,,,1.595,,,,,
57.448,SCAN_HIGH,3.7509,-0.9776,0.301,-56.86,0.2,0.18,15.0,-0.0354,0.0466,-0.0079,,,,,,,,,
57.473,SCAN_HIGH,3.7555,-0.9764,0.298,-56.37,0.48,0.19,15.0,-0.0254,0.0417,-0.0018,3.111,,,,,,,,
57.524,SCAN_HIGH,3.7582,-0.9767,0.299,-55.81,0.66,0.15,15.0,-0.0216,0.0342,-0.008,3.111,,,1.556,,,,,
57.558,SCAN_HIGH,3.7609,-0.9758,0.299,-55.11,1.0,0.42,15.0,-0.0212,0.0296,-0.0046,3.133,,,1.556,,,,,
57.612,SCAN_HIGH,3.7635,-0.9751,0.3,-54.31,1.19,0.48,15.0,-0.0235,0.0253,-0.0043,3.133,,,1.637,,,,,
57.693,SCAN_HIGH,3.7658,-0.9759,0.298,-53.53,1.11,0.6,15.0,-0.0263,0.0183,0.0029,,,,1.637,,,,,
57.709,SCAN_HIGH,3.7655,-0.9775,0.298,-52.82,1.24,0.77,15.0,-0.0354,0.0123,-0.0003,,,,,,,,,
57.786,SCAN_HIGH,3.7659,-0.9771,0.297,-52.12,1.28,0.67,15.0,-0.043,0.0099,-0.006,,,,,,,,,
57.813,SCAN_HIGH,3.764,-0.9781,0.297,-51.36,1.08,0.59,15.0,-0.0532,0.005,-0.0049,,,,,,,,,
57.865,SCAN_HIGH,3.7632,-0.9781,0.299,-50.54,1.05,0.54,15.0,-0.0594,0.0025,-0.0038,,0.542,,,,,,,
57.897,SCAN_HIGH,3.7608,-0.9821,0.3,-49.82,0.74,0.4,15.0,-0.0659,-0.0072,-0.0058,,0.542,,,,,,,
57.948,SCAN_HIGH,3.7619,-0.9829,0.297,-49.15,0.44,0.41,15.0,-0.0625,-0.0087,0.0002,,0.526,,,,,,,
58.025,SCAN_HIGH,3.771,-0.9938,0.298,-48.52,0.32,0.42,15.0,-0.0414,-0.0283,-0.0071,,0.526,,,,,,,
58.05,SCAN_HIGH,3.7712,-0.9959,0.299,-47.82,0.2,0.67,15.0,-0.0415,-0.0277,0.0006,,0.514,,,,,,,
58.121,SCAN_HIGH,3.7718,-0.9989,0.298,-47.11,0.01,0.95,15.0,-0.0414,-0.0262,0.0024,,0.514,,,,,,,
58.16,SCAN_HIGH,3.7693,-1.0017,0.296,-46.28,-0.18,1.13,15.0,-0.0472,-0.0223,0.0021,,0.504,,,,,,,
58.211,SCAN_HIGH,3.7721,-1.0035,0.301,-45.61,-0.05,1.39,15.0,-0.0433,-0.0155,-0.0007,,0.504,,,,,,,
58.261,SCAN_HIGH,3.7723,-1.0032,0.299,-44.99,0.11,1.58,15.0,-0.0476,-0.0053,0.0048,,0.494,,,,,,,
58.315,SCAN_HIGH,3.77,-1.0043,0.303,-44.4,0.05,1.71,15.0,-0.0576,0.0023,-0.0018,,0.494,,,,,,,
58.35,SCAN_HIGH,3.7681,-1.0019,0.3,-43.77,-0.0,1.47,15.0,-0.0653,0.0154,0.0098,,0.482,,,,,,,
58.425,SCAN_HIGH,3.7661,-1.003,0.298,-43.13,-0.22,1.25,15.0,-0.0701,0.02,0.0024,,0.482,,,,,,,
58.455,SCAN_HIGH,3.7614,-0.9954,0.296,-42.5,-0.16,0.81,15.0,-0.0771,0.04,-0.0025,,0.471,,,,,,,
58.507,SCAN_HIGH,3.76,-0.9936,0.296,-41.84,-0.2,0.55,15.0,-0.0749,0.0438,0.0032,,0.471,,,,,,,
58.583,SCAN_HIGH,3.7578,-0.9887,0.299,-41.22,-0.2,0.29,15.0,-0.0731,0.0521,0.0053,,0.46,,,,,,,
58.596,SCAN_HIGH,3.7572,-0.9856,0.297,-40.56,-0.15,0.32,15.0,-0.0676,0.0553,0.0131,,0.46,,1.491,,,,,
58.692,SCAN_HIGH,3.7586,-0.9822,0.3,-39.78,0.26,0.08,15.0,-0.0596,0.056,0.0096,,0.454,,1.491,,,,,
58.716,SCAN_HIGH,3.7607,-0.9768,0.3,-38.93,0.5,0.01,15.0,-0.0514,0.0584,0.0168,,0.454,,,,,,,
58.79,SCAN_HIGH,3.7618,-0.975,0.302,-37.99,0.81,-0.16,15.0,-0.0465,0.0507,0.0155,,0.444,,,,,,,
58.804,SCAN_HIGH,3.7639,-0.9719,0.303,-36.98,1.01,-0.34,15.0,-0.0399,0.0444,0.0136,,0.444,,,,,,,
58.853,SCAN_HIGH,3.7637,-0.9687,0.305,-36.01,1.09,-0.43,15.0,-0.0382,0.0379,0.0103,,0.437,,,,,,,
58.924,SCAN_HIGH,3.764,-0.9676,0.308,-34.97,1.23,-0.2,15.0,-0.0373,0.0269,0.0119,,0.437,,1.516,,,,,
59.177,SCAN_HIGH,3.7673,-0.9662,0.306,-33.94,1.18,-0.01,15.0,-0.0307,0.0191,0.0171,,0.426,,1.516,,,,,
59.184,SCAN_HIGH,3.7673,-0.9662,0.306,-32.89,1.38,0.44,15.0,-0.0349,0.0095,0.0055,,0.426,,1.521,,,,,
59.188,SCAN_HIGH,3.7691,-0.9656,0.306,-31.86,1.4,0.57,15.0,-0.0376,0.0029,-0.0025,,0.415,,1.521,,,,,
59.193,SCAN_HIGH,3.7688,-0.9673,0.307,-30.85,1.12,0.8,15.0,-0.0443,-0.0067,-0.0067,,0.415,,1.521,,,,,
59.202,SCAN_HIGH,3.7697,-0.9693,0.304,-29.84,1.04,0.98,15.0,-0.0486,-0.0131,-0.0026,,0.408,,1.521,,,,,
59.225,SCAN_HIGH,3.7689,-0.9703,0.305,-28.89,1.08,0.99,15.0,-0.0563,-0.0173,-0.0132,,0.408,,1.527,,,,,
59.246,SCAN_HIGH,3.7678,-0.9726,0.302,-28.1,0.83,0.92,15.0,-0.0631,-0.0227,-0.0104,,0.395,,1.527,,,,,
59.302,SCAN_HIGH,3.764,-0.9761,0.305,-27.51,0.83,1.1,15.0,-0.0751,-0.0299,-0.0163,,0.395,,1.556,,,,,
59.365,SCAN_HIGH,3.7605,-0.9814,0.301,-27.02,0.63,0.88,15.0,-0.0847,-0.0393,-0.0095,,0.387,,1.556,,,,,
59.408,SCAN_HIGH,3.7583,-0.9826,0.303,-26.57,0.16,0.56,15.0,-0.0866,-0.0375,-0.0206,,0.387,,1.57,,,,,
59.464,SCAN_HIGH,3.7565,-0.9846,0.302,-26.09,-0.1,0.33,15.0,-0.0844,-0.0355,-0.0144,,0.379,,1.57,,,,,
59.515,SCAN_HIGH,3.7537,-0.9872,0.301,-25.42,-0.41,0.19,15.0,-0.082,-0.0344,-0.0144,,0.379,,,,,,,
59.546,SCAN_HIGH,3.749,-0.9897,0.299,-24.8,-0.63,0.19,15.0,-0.0825,-0.0322,-0.0117,,0.373,,,,,,,
59.621,SCAN_HIGH,3.7464,-0.989,0.3,-24.18,-0.82,0.12,15.0,-0.0782,-0.0214,-0.0146,,0.373,,1.671,,,,,
59.648,SCAN_HIGH,3.7438,-0.9928,0.3,-23.62,-0.94,0.08,15.0,-0.0732,-0.0208,-0.0051,,0.364,,1.671,,,,,
59.721,SCAN_HIGH,3.7404,-0.9917,0.299,-23.1,-0.93,-0.02,15.0,-0.0695,-0.0089,-0.0019,,0.364,,1.712,,,,,
59.757,SCAN_HIGH,3.7441,-0.9886,0.301,-22.52,-0.84,-0.12,15.0,-0.0515,0.005,-0.0053,,0.356,,1.712,,,,,
59.811,SCAN_HIGH,3.7444,-0.9857,0.302,-21.95,-0.85,-0.04,15.0,-0.042,0.0167,0.0024,,0.356,,1.775,,,,,
59.885,SCAN_HIGH,3.7471,-0.9827,0.301,-21.36,-0.73,-0.26,15.0,-0.0287,0.0265,0.0057,,0.353,,1.775,,,,,
59.907,SCAN_HIGH,3.7508,-0.9756,0.304,-20.75,-0.8,-0.24,15.0,-0.0137,0.0443,0.0033,,0.353,,1.829,,,,,
59.976,SCAN_HIGH,3.7546,-0.9729,0.301,-20.18,-0.37,0.08,15.0,-0.0015,0.0491,0.0097,,0.357,,1.829,,,,,
59.995,SCAN_HIGH,3.7596,-0.9665,0.301,-19.55,-0.03,0.18,15.0,0.0082,0.0593,-0.0038,,0.357,,,,,,,
60.093,SCAN_HIGH,3.7641,-0.9623,0.3,-18.87,0.15,0.18,15.0,0.0156,0.062,-0.0026,,0.357,,,,,,,
60.108,SCAN_HIGH,3.767,-0.9583,0.302,-18.28,0.9,0.49,15.0,0.017,0.061,-0.005,,0.357,,,,,,,
60.161,SCAN_HIGH,3.7718,-0.9551,0.299,-17.85,1.32,1.0,15.0,0.0172,0.0543,-0.0028,,0.364,,,,,,,
60.206,SCAN_HIGH,3.7752,-0.9515,0.3,-17.45,1.63,1.22,15.0,0.011,0.0481,-0.0098,,0.364,,,,,,,
60.244,SCAN_HIGH,3.7773,-0.9486,0.298,-17.0,1.69,1.45,15.0,0.0,0.0391,-0.0056,,0.368,,,,,,,
60.316,SCAN_HIGH,3.7781,-0.947,0.297,-16.52,1.85,1.4,15.0,-0.0136,0.0285,-0.0111,,0.368,,,,,,,
60.345,SCAN_HIGH,3.7772,-0.9447,0.299,-16.01,1.98,1.19,15.0,-0.0286,0.0178,-0.0014,,0.36,,,,,,,
60.419,SCAN_HIGH,3.7745,-0.9437,0.3,-15.5,1.9,1.13,15.0,-0.0453,0.005,0.0146,,0.36,,,,,,,
60.463,SCAN_HIGH,3.772,-0.9431,0.3,-14.91,1.75,1.18,15.0,-0.058,-0.006,0.0173,,0.355,,,,,,,
60.505,SCAN_HIGH,3.7691,-0.9424,0.299,-14.21,1.77,1.15,15.0,-0.072,-0.0155,0.0209,,0.355,,,,,,,
60.56,SCAN_HIGH,3.7665,-0.9398,0.304,-13.58,1.7,0.85,15.0,-0.081,-0.0203,0.0261,,0.358,,,,,,,
60.63,SCAN_HIGH,3.7636,-0.9406,0.307,-12.85,1.66,0.74,15.0,-0.0878,-0.031,0.0338,,0.358,,,,,,,
60.647,SCAN_HIGH,3.7594,-0.9403,0.305,-12.12,1.77,0.62,15.0,-0.0955,-0.039,0.0284,,0.346,,,,,,,
60.711,SCAN_HIGH,3.7549,-0.9426,0.308,-11.38,1.7,0.35,15.0,-0.1017,-0.052,0.0098,,0.346,,,,,,,
60.755,SCAN_HIGH,3.7499,-0.9446,0.307,-10.53,1.77,0.04,15.0,-0.106,-0.0642,0.0075,,0.334,,,,,,,
60.829,SCAN_HIGH,3.7448,-0.9474,0.309,-9.56,1.39,-0.12,15.0,-0.1077,-0.0762,-0.0012,,0.334,,,,,,,
60.856,SCAN_HIGH,3.7414,-0.9518,0.305,-8.54,1.05,-0.11,15.0,-0.1037,-0.0864,0.0044,,0.323,,,,,,,
60.896,SCAN_HIGH,3.7363,-0.9567,0.306,-7.41,0.6,-0.47,15.0,-0.1025,-0.0951,-0.005,,0.323,,,,,,,
60.981,SCAN_HIGH,3.7337,-0.9601,0.307,-6.16,0.24,-0.67,15.0,-0.0924,-0.0949,-0.0021,,0.308,,,,,,,
61.011,SCAN_HIGH,3.7315,-0.9645,0.306,-4.95,-0.12,-0.93,15.0,-0.0803,-0.0945,-0.0047,,0.308,,,,,,,
61.089,SCAN_HIGH,3.7293,-0.9684,0.305,-3.74,-0.58,-1.03,15.0,-0.0675,-0.0898,-0.0048,,0.305,,,,,,,
61.102,SCAN_HIGH,3.7275,-0.9725,0.308,-2.6,-0.87,-0.96,15.0,-0.0552,-0.0831,-0.0037,,0.305,,2.768,,,,,
61.163,SCAN_HIGH,3.7262,-0.9774,0.303,-1.43,-0.75,-0.98,15.0,-0.0438,-0.0786,0.0006,,0.299,,2.768,,,,,
61.214,SCAN_HIGH,3.7259,-0.9809,0.305,-0.29,-0.81,-1.02,15.0,-0.0307,-0.0717,-0.0122,,0.299,,,,,,,
61.244,SCAN_HIGH,3.7277,-0.9834,0.31,0.78,-0.92,-0.92,15.0,-0.014,-0.0619,-0.0022,,0.31,,,,,,,
61.325,SCAN_HIGH,3.7302,-0.9863,0.306,1.78,-0.8,-0.69,15.0,0.0008,-0.0555,0.0078,,0.31,,2.758,,,,,
61.359,SCAN_HIGH,3.7336,-0.9863,0.305,2.68,-0.99,-0.16,15.0,0.0128,-0.0414,-0.0024,,0.315,,2.758,,,,,
61.431,SCAN_HIGH,3.7376,-0.9868,0.306,3.61,-0.9,0.07,15.0,0.0212,-0.0305,-0.004,,0.315,,,,,,,
61.448,SCAN_HIGH,3.7406,-0.986,0.306,4.45,-0.89,0.47,15.0,0.0237,-0.0178,-0.002,,0.334,,,,,,,
61.519,SCAN_HIGH,3.7431,-0.9855,0.307,5.41,-0.78,0.64,15.0,0.022,-0.0079,-0.0014,,0.334,,2.78,,,,,
61.548,SCAN_HIGH,3.7463,-0.9832,0.306,6.34,-0.58,1.06,15.0,0.0207,0.0027,-0.0032,,0.376,,2.78,,,,,
61.6,SCAN_HIGH,3.7481,-0.9815,0.306,7.21,-0.33,1.26,15.0,0.0128,0.0092,-0.0107,,0.376,,2.763,,,,,
61.658,SCAN_HIGH,3.7479,-0.9805,0.303,7.94,-0.09,1.55,15.0,-0.0,0.0109,-0.011,,0.453,,2.763,,,,,
61.723,SCAN_HIGH,3.7503,-0.9773,0.306,8.64,-0.05,1.8,15.0,-0.0075,0.0152,-0.018,,0.453,,2.769,,,,,
61.768,SCAN_HIGH,3.7493,-0.9756,0.304,9.29,0.21,1.8,15.0,-0.0232,0.0147,-0.0089,,1.468,,2.769,,,,,
61.824,SCAN_HIGH,3.7477,-0.9735,0.303,9.89,0.2,1.6,15.0,-0.0377,0.0139,-0.0159,,1.468,,2.78,,,,,
61.849,SCAN_HIGH,3.746,-0.9725,0.301,10.52,0.41,1.26,15.0,-0.0481,0.0103,-0.0188,,1.596,,2.78,,,,,
61.909,SCAN_HIGH,3.7414,-0.9735,0.3,11.1,0.36,0.99,15.0,-0.0617,0.0025,-0.018,,1.596,,2.774,,,,,
61.987,SCAN_HIGH,3.7386,-0.9728,0.3,11.7,0.5,0.71,15.0,-0.0676,-0.0011,-0.0172,,1.632,,2.774,,,,,
62.015,SCAN_HIGH,3.7354,-0.9728,0.299,12.36,0.47,0.28,15.0,-0.0706,-0.0061,-0.0121,,1.632,,2.788,,,,,
62.084,SCAN_HIGH,3.7329,-0.9732,0.296,13.1,0.52,0.01,15.0,-0.0684,-0.0105,-0.0084,,1.619,,2.788,,,,,
62.099,SCAN_HIGH,3.7308,-0.9738,0.298,13.98,0.57,-0.2,15.0,-0.0638,-0.0149,-0.0105,,1.619,,2.811,,,,,
62.152,SCAN_HIGH,3.7273,-0.9738,0.299,14.95,0.42,-0.29,15.0,-0.0613,-0.0165,-0.0018,,1.589,,2.811,,,,,
62.228,SCAN_HIGH,3.7267,-0.9767,0.299,16.11,0.46,-0.31,15.0,-0.0522,-0.0247,-0.0004,,1.589,,,,,,,
62.244,SCAN_HIGH,3.7247,-0.9788,0.299,17.31,0.42,-0.25,15.0,-0.0473,-0.0293,-0.0008,,1.524,,,,,,,
62.316,SCAN_HIGH,3.724,-0.9803,0.299,18.57,0.39,-0.33,15.0,-0.0402,-0.0321,-0.0022,,1.524,,,,,,,
62.351,SCAN_HIGH,3.7242,-0.9858,0.298,19.93,0.28,-0.47,15.0,-0.0312,-0.043,-0.0016,,1.433,,,,,,,
62.438,SCAN_HIGH,3.726,-0.9885,0.299,21.33,0.13,-0.46,15.0,-0.019,-0.0452,-0.0051,,1.433,,2.853,,,,,
62.456,SCAN_HIGH,3.7281,-0.9923,0.296,22.66,-0.28,-0.63,15.0,-0.0082,-0.0474,-0.0023,3.211,1.377,,2.853,,,,,
62.514,SCAN_HIGH,3.7296,-0.9943,0.299,23.83,-0.5,-0.5,15.0,-0.0003,-0.042,-0.0076,3.211,1.377,,,,,,,
62.553,SCAN_HIGH,3.7322,-0.9959,0.298,24.9,-0.96,-0.45,15.0,0.0067,-0.0347,0.0007,3.103,1.344,,,,,,,
62.616,SCAN_HIGH,3.7349,-0.9981,0.299,25.96,-1.2,-0.15,15.0,0.0113,-0.0272,-0.0046,3.103,1.344,,,,,,,
62.646,SCAN_HIGH,3.7402,-0.9992,0.299,26.91,-1.41,0.03,15.0,0.0182,-0.0188,-0.0039,,1.329,,,,,,,
62.709,SCAN_HIGH,3.7424,-0.9991,0.299,27.75,-1.95,0.22,15.0,0.0143,-0.0055,0.0004,,1.329,,2.953,,,,,
62.792,SCAN_HIGH,3.746,-0.9969,0.299,28.44,-2.14,0.44,15.0,0.0107,0.0127,0.0075,,1.329,,2.953,,,,,
62.811,SCAN_HIGH,3.7477,-0.9956,0.299,28.97,-2.02,0.68,15.0,0.0017,0.0263,0.0049,,1.329,,,,,,,
62.871,SCAN_HIGH,3.7495,-0.9928,0.299,29.46,-1.57,0.79,15.0,-0.0065,0.0392,0.0041,,1.335,,,,,,,
62.912,SCAN_HIGH,3.7505,-0.9884,0.299,30.01,-0.81,0.9,15.0,-0.0143,0.0489,-0.0008,,1.335,,,,,,,
62.962,SCAN_HIGH,3.7505,-0.984,0.299,30.42,-0.18,1.03,15.0,-0.0214,0.0528,-0.0039,,1.334,,,,,,,
62.996,SCAN_HIGH,3.7498,-0.9783,0.299,30.79,0.38,1.15,15.0,-0.0276,0.0547,-0.0083,,1.334,,,,,,,
63.053,SCAN_HIGH,3.749,-0.9746,0.296,31.04,0.79,1.29,15.0,-0.0323,0.0474,-0.0108,2.835,1.343,,,,,,,
63.145,SCAN_HIGH,3.7478,-0.9716,0.3,31.11,1.0,1.31,15.0,-0.0364,0.0373,-0.0168,2.835,1.343,,,,,,,
63.164,SCAN_HIGH,3.7458,-0.9701,0.295,31.09,0.93,1.24,15.0,-0.0417,0.0242,-0.0065,,1.341,,,,,,,
63.226,SCAN_HIGH,3.7441,-0.9692,0.296,31.14,0.77,1.0,15.0,-0.045,0.013,-0.0144,,1.341,,,,,,,
63.247,SCAN_HIGH,3.7431,-0.9708,0.296,31.39,0.57,0.85,15.0,-0.0456,-0.0006,-0.0065,2.844,1.342,,,,,,,
63.321,SCAN_HIGH,3.7405,-0.9714,0.296,31.76,0.54,0.84,15.0,-0.0495,-0.0093,-0.0084,2.844,1.342,,,,,,,
63.351,SCAN_HIGH,3.7388,-0.9741,0.297,32.28,0.34,0.7,15.0,-0.0511,-0.0209,-0.0047,,1.346,,,,,,,
63.417,SCAN_HIGH,3.7383,-0.976,0.295,32.92,0.24,0.45,15.0,-0.0491,-0.027,-0.0006,,1.346,,,,,,,
63.449,SCAN_HIGH,3.7354,-0.9782,0.298,33.56,0.15,0.22,15.0,-0.0521,-0.0321,-0.0076,,1.355,,,,,,,
63.528,SCAN_HIGH,3.7339,-0.981,0.294,34.22,0.03,-0.17,15.0,-0.0494,-0.0353,0.0061,,1.355,,,,,,,
63.553,SCAN_HIGH,3.7319,-0.983,0.295,34.96,0.18,-0.12,15.0,-0.0469,-0.0359,-0.0009,2.786,1.373,,,,,,,
63.6,SCAN_HIGH,3.7307,-0.9839,0.294,35.86,-0.01,-0.38,15.0,-0.0422,-0.0335,0.0019,2.786,1.373,,,,,,,
63.673,SCAN_HIGH,3.7292,-0.9856,0.295,36.73,0.04,-0.5,15.0,-0.0381,-0.0312,0.0014,,,,,,,,,
63.701,SCAN_HIGH,3.7288,-0.9875,0.295,37.63,0.07,-0.51,15.0,-0.0308,-0.0297,0.0034,,,,,,,,,
63.751,SCAN_HIGH,3.7302,-0.9888,0.293,38.45,0.05,-0.6,15.0,-0.0211,-0.0268,0.0065,,1.433,,,,,,,
63.831,SCAN_HIGH,3.7293,-0.9901,0.295,39.26,0.16,-0.64,15.0,-0.016,-0.0238,0.005,,1.433,0.499,,,,,,
63.863,SCAN_HIGH,3.7365,-0.9878,0.298,39.97,0.05,-0.6,15.0,0.0057,-0.0134,0.0114,,,0.499,,,,,,
63.913,SCAN_HIGH,3.7389,-0.9897,0.3,40.61,-0.14,-0.64,15.0,0.0139,-0.013,0.0193,,,0.492,,,,,,
63.946,SCAN_HIGH,3.7407,-0.9916,0.299,41.21,-0.4,-0.43,15.0,0.0184,-0.0114,0.0237,,,0.492,,,,,,
63.998,SCAN_HIGH,3.7443,-0.9903,0.3,41.67,-0.36,-0.19,15.0,0.0237,-0.0031,0.0139,,,0.489,,,,,,
64.064,SCAN_HIGH,3.7479,-0.9893,0.3,42.12,-0.47,-0.05,15.0,0.0275,0.0029,0.0162,,,0.489,,,,,,
64.103,SCAN_HIGH,3.75,-0.9874,0.301,42.68,-0.7,0.19,15.0,0.0258,0.0099,0.012,,,0.487,,,,,,
64.169,SCAN_HIGH,3.7534,-0.9856,0.302,43.35,-0.8,0.58,15.0,0.0236,0.0147,0.0062,,,0.487,,,,,,
64.23,SCAN_HIGH,3.7564,-0.9843,0.306,44.19,-0.93,0.71,15.0,0.019,0.0175,0.0053,,,0.481,,,,,,
64.257,SCAN_HIGH,3.7594,-0.9803,0.303,45.08,-0.93,1.05,15.0,0.0129,0.0242,0.0097,,,0.481,,,,,,
64.311,SCAN_HIGH,3.7596,-0.9772,0.304,45.9,-0.89,1.31,15.0,0.0002,0.0267,-0.0045,,,0.466,,,,,,
64.346,SCAN_HIGH,3.7595,-0.975,0.305,46.78,-0.85,1.38,15.0,-0.0128,0.0252,-0.0023,,,0.466,,,,,,
64.427,SCAN_HIGH,3.7569,-0.9745,0.302,47.72,-0.86,1.46,15.0,-0.0326,0.0194,-0.0023,,,0.453,,,,,,
64.475,SCAN_HIGH,3.753,-0.9733,0.299,48.73,-0.82,1.44,15.0,-0.0476,0.0164,-0.012,,,0.453,,,,,,
64.51,SCAN_HIGH,3.7481,-0.9713,0.3,49.71,-0.7,1.44,15.0,-0.0651,0.0139,-0.0172,,,0.438,,,,,,
64.558,SCAN_HIGH,3.7439,-0.9701,0.301,50.72,-0.58,1.28,15.0,-0.0782,0.0094,-0.0111,,1.502,0.438,,,,,,
64.594,SCAN_HIGH,3.7395,-0.9717,0.295,51.7,-0.53,0.82,15.0,-0.0888,0.0017,-0.0066,,1.502,0.427,,,,,,
64.647,SCAN_HIGH,3.7371,-0.972,0.298,52.59,-0.41,0.37,15.0,-0.0916,-0.001,-0.0111,,1.502,0.427,,,,,,
64.715,SCAN_HIGH,3.7318,-0.9717,0.299,53.39,-0.37,0.14,15.0,-0.0972,0.0004,0.0037,,1.502,0.406,,,,,,
64.752,SCAN_HIGH,3.7272,-0.97,0.3,54.19,-0.01,0.04,15.0,-0.098,0.0036,-0.0001,,1.496,0.406,,,,,,
64.813,SCAN_HIGH,3.723,-0.9703,0.299,55.06,0.15,0.05,15.0,-0.0963,0.0022,-0.0035,,1.496,0.389,,,,,,
64.85,SCAN_HIGH,3.7161,-0.9682,0.299,56.1,0.48,0.02,15.0,-0.0985,0.0042,-0.0039,,1.489,0.389,,,,,,
64.912,SCAN_HIGH,3.7108,-0.965,0.299,57.06,0.71,0.13,15.0,-0.0951,0.0071,-0.0022,,1.489,0.365,,,,,,
64.968,SCAN_HIGH,3.7045,-0.9628,0.3,57.92,0.98,0.15,15.0,-0.0932,0.0063,-0.0033,,1.497,0.365,,,,,,
65.001,SCAN_HIGH,3.7011,-0.9608,0.299,58.7,1.26,0.2,15.0,-0.0829,0.0043,-0.0004,,1.497,0.345,,,,,,
65.045,SCAN_HIGH,3.6987,-0.9584,0.298,59.5,1.3,0.05,15.0,-0.0701,0.0036,0.0061,,1.508,0.345,,,,,,
65.127,SCAN_HIGH,3.6957,-0.9572,0.299,60.31,1.63,-0.03,15.0,-0.0603,0.0017,0.0062,,1.508,0.328,,,,,,
65.165,SCAN_HIGH,3.6922,-0.9558,0.299,61.01,1.77,-0.02,15.0,-0.0492,-0.0012,0.0036,,1.512,0.328,,,,,,
65.214,SCAN_HIGH,3.6897,-0.9545,0.301,61.82,1.89,0.18,15.0,-0.0368,-0.0046,0.004,,1.512,0.315,,,,,,
65.243,SCAN_HIGH,3.6878,-0.9535,0.303,62.71,1.91,-0.06,15.0,-0.0236,-0.0084,0.0127,,1.511,0.315,,,,,,
65.304,SCAN_HIGH,3.6871,-0.9525,0.301,63.68,1.76,-0.04,15.0,-0.0085,-0.0095,0.0109,,1.511,0.305,,,,,,
65.343,SCAN_HIGH,3.6879,-0.9528,0.307,64.81,1.44,-0.24,15.0,0.0065,-0.0128,0.0025,,1.534,0.305,,,,,,
65.411,SCAN_HIGH,3.6885,-0.9529,0.305,65.93,1.28,-0.22,15.0,0.0184,-0.014,0.0162,,1.534,0.299,,,,,,
65.459,SCAN_HIGH,3.692,-0.9485,0.305,66.98,0.96,-0.25,15.0,0.034,0.0032,0.0033,,1.589,0.299,,,,,,
65.507,SCAN_HIGH,3.6931,-0.9466,0.301,68.05,0.81,-0.01,15.0,0.0399,0.0075,0.0008,,1.589,0.302,,,,,,
65.546,SCAN_HIGH,3.6946,-0.9428,0.304,69.08,0.75,0.25,15.0,0.0448,0.016,-0.0023,,1.665,0.302,,,,,,
65.605,SCAN_HIGH,3.6974,-0.9403,0.302,69.99,0.7,0.89,15.0,0.0504,0.0158,0.0109,,1.665,0.298,,,,,,
65.659,SCAN_HIGH,3.6987,-0.9357,0.304,70.91,0.43,1.4,15.0,0.0491,0.0171,0.0063,,1.757,0.298,,,,,,
65.708,SCAN_HIGH,3.7013,-0.933,0.302,71.74,0.15,1.68,15.0,0.0479,0.0106,0.0124,,1.757,0.294,,,,,,
65.746,SCAN_HIGH,3.7034,-0.9313,0.303,72.51,-0.0,1.73,15.0,0.0438,0.0006,0.0038,,1.812,0.294,,,,,,
65.805,SCAN_HIGH,3.7045,-0.93,0.305,73.3,-0.25,1.69,15.0,0.0362,-0.009,0.0109,,1.812,0.299,,,,,,
65.877,SCAN_HIGH,3.706,-0.9291,0.306,74.15,-0.16,1.64,15.0,0.0297,-0.0179,0.0115,,1.923,0.299,,,,,,
65.899,SCAN_HIGH,3.7046,-0.9276,0.313,74.87,0.06,1.43,15.0,0.0187,-0.0248,0.009,,1.923,0.295,,,,,,
65.973,SCAN_HIGH,3.7035,-0.9284,0.308,75.56,0.11,1.28,15.0,0.0117,-0.0351,0.0235,,2.105,0.295,,,,,,
66.001,SCAN_HIGH,3.7023,-0.9249,0.31,76.18,0.26,1.34,15.0,0.0062,-0.0327,0.0047,,2.105,0.29,,,,,,
66.053,SCAN_HIGH,3.7023,-0.9229,0.31,76.65,0.49,1.39,15.0,0.0057,-0.0357,-0.001,,,0.29,,,,,,
66.119,SCAN_HIGH,3.7014,-0.9226,0.31,77.19,0.52,1.37,15.0,0.004,-0.0426,-0.0074,,,0.287,,,,,,
66.169,SCAN_HIGH,3.6999,-0.9234,0.309,77.73,0.55,1.36,15.0,0.0017,-0.0516,-0.0141,,,0.287,,,,,,
66.217,SCAN_HIGH,3.7009,-0.9244,0.309,78.27,0.57,1.09,15.0,0.0061,-0.0586,-0.017,,,0.282,,,,,,
66.248,SCAN_HIGH,3.7007,-0.9251,0.305,78.87,1.08,1.21,15.0,0.0092,-0.0639,-0.0189,,2.728,0.282,,,,,,
66.306,SCAN_HIGH,3.701,-0.9287,0.301,79.43,0.98,1.09,15.0,0.0155,-0.0759,-0.0298,,2.728,0.282,,,,,,
66.344,SCAN_HIGH,3.7023,-0.9307,0.304,80.02,0.96,0.91,15.0,0.0231,-0.081,-0.033,,2.758,0.282,,,,,,
66.418,SCAN_HIGH,3.7036,-0.9333,0.301,80.65,0.9,0.76,15.0,0.03,-0.0862,-0.0234,,2.758,0.285,,,,,,
66.472,SCAN_HIGH,3.7063,-0.9347,0.3,81.33,0.36,0.3,15.0,0.0375,-0.0852,-0.0225,,,0.285,,,,,,
66.509,SCAN_HIGH,3.7093,-0.9383,0.299,82.07,0.29,0.19,15.0,0.042,-0.0853,-0.018,,,0.286,,,,,,
66.569,SCAN_HIGH,3.7137,-0.9409,0.299,82.69,0.11,0.07,15.0,0.0486,-0.0825,-0.0169,,2.806,0.286,,,,,,
66.597,SCAN_HIGH,3.7186,-0.9428,0.296,83.18,0.05,0.07,15.0,0.0548,-0.0784,-0.015,,2.806,0.286,,,,,,
66.652,SCAN_HIGH,3.7218,-0.945,0.299,83.58,-0.21,0.03,15.0,0.0555,-0.0747,-0.0199,,,0.286,,,,,,
66.693,SCAN_HIGH,3.7265,-0.9478,0.298,84.04,-0.34,-0.0,15.0,0.0574,-0.0728,-0.01,,,0.29,,,,,,
66.768,SCAN_HIGH,3.7302,-0.9485,0.3,84.33,-0.26,-0.17,15.0,0.0566,-0.0658,-0.0126,,2.818,0.29,,,,,,
66.825,SCAN_HIGH,3.733,-0.9495,0.299,84.53,-0.31,-0.11,15.0,0.0545,-0.0591,-0.0074,,2.818,0.295,,,,,,
66.864,SCAN_HIGH,3.7364,-0.9496,0.296,84.7,-0.43,-0.07,15.0,0.0532,-0.0522,-0.0069,,2.816,0.295,,,,,,
66.921,SCAN_HIGH,3.7396,-0.9509,0.296,85.08,-0.9,0.06,15.0,0.049,-0.0491,-0.0063,,2.816,0.299,,,,,,
66.949,SCAN_HIGH,3.7429,-0.952,0.295,85.66,-0.83,0.17,15.0,0.0435,-0.047,-0.0009,,,0.299,,,,,,
67.011,SCAN_HIGH,3.7463,-0.9536,0.293,86.45,-0.76,0.08,15.0,0.0399,-0.0465,0.0009,,,0.302,,,,,,
67.062,SCAN_HIGH,3.7492,-0.9548,0.295,87.61,-0.92,0.21,15.0,0.0354,-0.045,-0.0039,,2.815,0.302,,,,,,
67.094,SCAN_HIGH,3.7512,-0.9547,0.295,88.98,-0.9,0.28,15.0,0.0281,-0.0422,-0.0032,,2.815,0.3,,,,,,
67.157,SCAN_HIGH,3.7532,-0.9547,0.295,90.38,-1.02,0.1,15.0,0.0221,-0.0401,-0.002,,2.799,0.3,,,,,,
67.228,SCAN_HIGH,3.7541,-0.9566,0.295,91.79,-1.29,-0.05,15.0,0.0126,-0.0404,-0.004,,2.799,0.302,,,,,,
67.251,SCAN_HIGH,3.7553,-0.9546,0.292,93.02,-1.25,-0.23,-0.0,0.0033,-0.0323,-0.012,,2.79,0.302,,,,,,
67.365,SCAN_HIGH,3.7568,-0.9516,0.291,94.12,-0.76,-0.41,-0.0,-0.0009,-0.0229,-0.1165,,2.79,0.308,,,,,,
67.376,SCAN_HIGH,3.7514,-0.9531,0.279,94.95,-0.49,-0.58,-0.0,-0.0173,-0.0194,-0.2013,,2.788,0.308,,,,,,
67.403,SCAN_HIGH,3.7612,-0.9618,0.268,95.55,0.02,-0.51,-0.0,0.0035,-0.0326,-0.2697,,2.788,0.306,,,,,,
67.45,SCAN_HIGH,3.759,-0.9613,0.247,95.97,0.31,-0.24,-0.0,-0.001,-0.0248,-0.2988,,2.799,0.306,,,,,,
67.506,SCAN_HIGH,3.7746,-0.9502,0.239,96.37,0.55,-0.35,-0.0,0.0369,-0.0028,-0.3455,,2.799,0.306,,,,,,
67.563,SCAN_HIGH,3.7747,-0.9472,0.215,96.47,0.37,-0.1,-0.0,0.0366,0.007,-0.3325,,2.78,0.306,,,,,,
67.6,SCAN_HIGH,3.7821,-0.9471,0.2,96.68,0.14,0.22,-0.0,0.0516,0.0044,-0.3666,,2.78,0.305,,,,,,
67.658,SCAN_HIGH,3.7841,-0.9493,0.179,96.59,-0.15,0.31,-0.0,0.0505,-0.0029,-0.3453,,,0.305,,,,,,
67.7,SCAN_HIGH,3.7638,-0.9563,0.166,96.33,-0.84,0.74,-0.0,-0.0067,-0.0144,-0.3576,,,0.305,,,,,,
67.748,SCAN_HIGH,3.7587,-0.9466,0.149,96.03,-0.51,0.68,-0.0,-0.0243,0.0046,-0.3288,,,0.305,,,,,,
67.821,SCAN_HIGH,3.7584,-0.9391,0.137,95.9,-0.28,0.83,-0.0,-0.0252,0.0161,-0.3272,,,0.301,,,,,,
67.872,SCAN_HIGH,3.7504,-0.9386,0.113,95.79,-0.18,0.93,-0.0,-0.0467,0.0089,-0.2925,,0.413,0.301,,,,,,
67.893,SCAN_HIGH,3.7518,-0.9277,0.102,95.8,0.21,0.91,-0.0,-0.0337,0.0395,-0.294,,0.413,0.299,,,,,,
67.99,SCAN_LOW,3.7516,-0.9304,0.083,95.59,0.57,1.17,-0.0,-0.0232,0.0132,-0.2473,,0.397,0.299,,,,,,
68.021,SCAN_LOW,3.7445,-0.9302,0.078,95.38,0.45,1.45,-0.0,-0.0482,-0.0099,-0.2337,,0.397,0.303,,,,,,
68.051,SCAN_LOW,3.7443,-0.9336,0.064,95.1,1.05,1.44,-0.0,-0.0255,-0.0439,-0.1698,,0.388,0.303,,,,,,
68.1,SCAN_LOW,3.744,-0.9363,0.056,94.94,1.25,1.23,15.0,-0.0084,-0.0721,-0.1569,,0.388,0.298,,,,,,
68.169,SCAN_LOW,3.7449,-0.9403,0.047,94.76,1.19,0.43,15.0,0.0206,-0.0966,-0.1126,,0.383,0.298,,,,,,
68.201,SCAN_LOW,3.7465,-0.9439,0.043,94.75,1.13,-0.09,15.0,0.0474,-0.1098,-0.0838,,0.383,0.302,,,,,,
68.273,SCAN_LOW,3.7491,-0.9488,0.041,94.89,0.72,-0.64,15.0,0.0663,-0.1092,-0.0551,,0.374,0.302,,,,,,
68.315,SCAN_LOW,3.7526,-0.9524,0.041,95.09,0.44,-1.2,15.0,0.0864,-0.1062,-0.0257,,0.374,0.314,,,,,,
68.378,SCAN_LOW,3.757,-0.9568,0.045,95.23,0.01,-1.34,15.0,0.0992,-0.0925,0.0049,,0.369,0.314,,,,,,
68.407,SCAN_LOW,3.7621,-0.9604,0.048,95.35,-0.31,-1.63,15.0,0.1057,-0.0756,0.0253,,0.369,0.326,,,,,,
68.463,SCAN_LOW,3.7674,-0.963,0.053,95.42,-0.84,-1.97,15.0,0.1052,-0.0559,0.0333,,0.369,0.326,,,,,,
68.497,SCAN_LOW,3.7724,-0.9678,0.056,95.5,-1.46,-2.34,15.0,0.0854,-0.029,0.0472,,0.369,0.34,,,,,,
68.557,SCAN_LOW,3.7762,-0.971,0.055,95.76,-1.76,-2.38,15.0,0.0602,-0.0005,0.0519,,0.373,0.34,,,,,,
68.593,SCAN_LOW,3.7782,-0.9731,0.059,96.33,-1.87,-2.31,15.0,0.0295,0.0291,0.0367,,0.373,0.342,,,,,,
68.652,SCAN_LOW,3.7782,-0.9755,0.06,97.05,-1.8,-1.96,15.0,-0.0073,0.0574,0.0282,,0.376,0.342,,,,,,
68.704,SCAN_LOW,3.7765,-0.975,0.06,97.87,-1.59,-1.33,15.0,-0.0417,0.0821,0.0191,,0.376,0.341,,,,,,
68.761,SCAN_LOW,3.773,-0.9734,0.059,98.72,-1.34,-0.68,15.0,-0.0726,0.0978,0.0119,,0.38,0.341,,,,,,
68.808,SCAN_LOW,3.7681,-0.9711,0.062,99.64,-1.16,-0.1,15.0,-0.0973,0.1022,0.0081,,0.38,0.342,,,,,,
68.877,SCAN_LOW,3.7619,-0.9685,0.061,100.62,-0.48,0.43,15.0,-0.1174,0.0985,0.0161,,0.386,0.342,,,,,,
68.915,SCAN_LOW,3.755,-0.966,0.062,101.67,-0.15,0.66,15.0,-0.1293,0.0884,0.0149,,0.386,0.361,,,,,,
68.968,SCAN_LOW,3.7482,-0.9638,0.065,102.69,0.28,0.97,15.0,-0.1309,0.0727,0.0125,,0.391,0.361,,,,,,
68.997,SCAN_LOW,3.7413,-0.9612,0.064,103.71,0.89,1.05,15.0,-0.1288,0.0576,0.0131,,0.391,0.424,,,,,,
69.05,SCAN_LOW,3.7355,-0.9591,0.063,104.66,1.27,1.0,15.0,-0.1157,0.0433,0.008,,0.398,0.424,,,,,,
69.12,SCAN_LOW,3.7308,-0.9577,0.061,105.64,1.71,1.07,15.0,-0.0956,0.0301,0.0068,,0.398,1.505,,,,,,
69.154,SCAN_LOW,3.7271,-0.9563,0.059,106.59,1.9,0.99,15.0,-0.0745,0.0204,0.0027,,0.403,1.505,,,,,,
69.221,SCAN_LOW,3.7251,-0.955,0.063,107.42,2.05,0.79,15.0,-0.0481,0.0086,0.0023,,0.403,1.498,,,,,,
69.29,SCAN_LOW,3.7248,-0.9549,0.064,108.1,1.97,0.94,15.0,-0.0176,0.0016,0.0088,,0.402,1.498,,,,,,
69.299,SCAN_LOW,3.7258,-0.9546,0.065,108.79,1.93,0.78,15.0,0.0094,-0.0065,0.0077,,0.402,,,,,,,
69.4,SCAN_LOW,3.7281,-0.9545,0.066,109.43,1.72,0.39,15.0,0.0347,-0.0117,0.0075,,0.404,,,,,,,
69.414,SCAN_LOW,3.7316,-0.9553,0.061,110.13,1.42,0.09,15.0,0.057,-0.0112,0.0046,,0.404,,,,,,,
69.469,SCAN_LOW,3.7355,-0.9558,0.065,110.86,1.26,0.03,15.0,0.0727,-0.0091,-0.0116,,0.407,,,,,,,
69.496,SCAN_LOW,3.7396,-0.9561,0.062,111.64,0.56,-0.27,15.0,0.0817,-0.006,-0.0032,,0.407,0.577,,,,,,
69.568,SCAN_LOW,3.7443,-0.9564,0.066,112.51,0.0,-0.37,15.0,0.0862,-0.0021,-0.0097,,0.41,0.577,,,,,,
69.608,SCAN_LOW,3.7482,-0.9564,0.066,113.4,-0.42,-0.64,15.0,0.0817,0.0075,-0.004,,0.41,0.527,,,,,,
69.656,SCAN_LOW,3.7514,-0.9556,0.059,114.39,-0.71,-0.7,15.0,0.0705,0.0138,-0.0043,,0.409,0.527,,,,,,
69.727,SCAN_LOW,3.7531,-0.955,0.059,115.38,-0.67,-0.69,15.0,0.0535,0.0166,-0.0212,,0.409,0.501,,,,,,
69.745,SCAN_LOW,3.7537,-0.9526,0.058,116.29,-0.7,-0.6,15.0,0.0353,0.0254,-0.0143,,0.413,0.501,,,,,,
69.837,SCAN_LOW,3.7529,-0.9502,0.056,117.1,-0.74,-0.49,15.0,0.0141,0.0308,-0.0093,,0.413,0.494,,,,,,
69.853,SCAN_LOW,3.7511,-0.9475,0.059,117.8,-0.54,-0.68,15.0,-0.0063,0.036,-0.0108,,0.418,0.494,,,,,,
69.91,SCAN_LOW,3.7488,-0.9438,0.06,118.45,-0.49,-0.54,15.0,-0.0236,0.0443,0.0041,,0.418,0.488,,,,,,
69.945,SCAN_LOW,3.745,-0.9395,0.062,119.02,-0.21,-0.24,15.0,-0.0416,0.0517,0.007,,0.425,0.488,,,,,,
70.014,SCAN_LOW,3.7413,-0.9351,0.062,119.55,0.02,-0.09,15.0,-0.0522,0.0578,0.0058,,0.425,0.483,,,,,,
70.07,SCAN_LOW,3.7367,-0.9305,0.057,120.02,0.64,0.49,15.0,-0.0605,0.063,0.006,,0.431,0.483,,,,,,
70.101,SCAN_LOW,3.7328,-0.9262,0.062,120.43,0.68,1.13,15.0,-0.0582,0.0649,-0.0055,,0.431,0.489,,,,,,
70.173,SCAN_LOW,3.7295,-0.9222,0.063,120.87,0.92,1.66,15.0,-0.0496,0.0613,0.0121,,0.437,0.489,,,,,,
70.192,SCAN_LOW,3.728,-0.9196,0.06,121.28,0.9,1.99,15.0,-0.032,0.0519,0.0121,,0.437,0.492,,,,,,
70.272,SCAN_LOW,3.7273,-0.918,0.059,121.83,0.82,1.97,15.0,-0.0137,0.0396,-0.003,,0.449,0.492,,,,,,
70.304,SCAN_LOW,3.7273,-0.9166,0.06,122.48,0.42,1.87,15.0,0.0008,0.023,-0.0057,,0.449,0.488,,,,,,
70.356,SCAN_LOW,3.7286,-0.9167,0.062,123.16,0.33,1.66,15.0,0.0172,0.0072,-0.0004,,0.462,0.488,,,,,,
70.392,SCAN_LOW,3.7304,-0.9173,0.065,123.92,0.52,1.08,15.0,0.0305,-0.0032,0.0078,,0.462,0.484,,,,,,
70.455,SCAN_LOW,3.7324,-0.918,0.062,124.82,0.53,0.89,15.0,0.0397,-0.0162,0.0189,,,0.484,,,,,,
70.509,SCAN_LOW,3.7347,-0.9191,0.062,125.69,0.44,0.72,15.0,0.0476,-0.0252,0.0116,,,0.487,,,,,,
70.557,SCAN_LOW,3.7364,-0.9198,0.066,126.47,0.2,0.28,15.0,0.0483,-0.0276,0.0071,,,0.487,,,,,,
70.624,SCAN_LOW,3.7386,-0.9208,0.066,127.07,-0.09,-0.43,15.0,0.047,-0.0248,0.0162,,,0.484,,,,,,
70.651,SCAN_LOW,3.7392,-0.9205,0.066,127.58,0.09,-0.81,15.0,0.0357,-0.0145,0.0103,0.492,,0.484,,,,,,
70.74,SCAN_LOW,3.7396,-0.9201,0.064,128.04,0.02,-0.51,15.0,0.025,-0.0044,0.0033,0.492,,0.492,,,,,,
70.746,SCAN_LOW,3.7396,-0.9191,0.066,128.47,-0.18,0.09,15.0,0.0172,0.0019,0.0017,0.476,,0.492,,,,,,
70.807,SCAN_LOW,3.7391,-0.9161,0.062,129.02,0.04,0.43,15.0,0.0104,0.0119,0.0086,0.476,,0.491,,,,,,
70.842,SCAN_LOW,3.7383,-0.9141,0.067,129.66,0.22,0.67,15.0,0.0068,0.015,-0.0044,0.462,,0.491,,,,,,
70.909,SCAN_LOW,3.7383,-0.9124,0.069,130.43,0.36,0.75,15.0,0.0103,0.0159,0.0062,0.462,,0.5,,,,,,
70.963,SCAN_LOW,3.7383,-0.9112,0.068,131.25,0.43,0.83,15.0,0.0136,0.0153,0.0054,0.445,,0.5,,,,,,
70.993,SCAN_LOW,3.7394,-0.9084,0.072,132.14,0.56,0.62,15.0,0.022,0.0241,-0.0011,0.445,,0.51,,,,,,
71.068,SCAN_LOW,3.7408,-0.906,0.064,133.07,0.46,0.55,15.0,0.0296,0.0296,0.0084,0.437,,0.51,,,,,,
71.129,SCAN_LOW,3.742,-0.9045,0.066,133.91,0.17,0.82,15.0,0.0336,0.0284,-0.0165,0.437,,0.516,,,,,,
71.181,SCAN_LOW,3.7434,-0.9021,0.066,134.73,0.02,0.72,15.0,0.0365,0.0287,-0.008,0.426,,0.516,,,,,,
71.22,SCAN_LOW,3.7452,-0.9001,0.065,135.45,0.02,0.97,15.0,0.0408,0.0283,-0.0121,0.426,,0.536,,,,,,
71.246,SCAN_LOW,3.747,-0.8983,0.066,136.1,-0.45,1.25,15.0,0.0451,0.0233,-0.0113,0.418,,0.536,,,,,,
71.299,SCAN_LOW,3.7493,-0.8978,0.063,136.95,-0.78,1.14,15.0,0.0489,0.0107,-0.0065,0.418,,0.544,,,,,,
71.368,SCAN_LOW,3.7515,-0.8974,0.065,137.9,-0.64,0.76,15.0,0.0493,-0.0001,-0.0123,0.416,,0.544,,,,,,
71.4,SCAN_LOW,3.7538,-0.8975,0.067,138.96,-0.75,0.57,15.0,0.0487,-0.0083,-0.0074,0.416,,0.566,,,,,,
71.479,SCAN_LOW,3.7559,-0.8979,0.067,140.0,-0.99,0.68,15.0,0.0463,-0.0171,-0.002,0.407,,0.566,,,,,,
71.506,SCAN_LOW,3.7575,-0.8989,0.065,141.12,-1.32,0.58,15.0,0.0413,-0.0294,0.0018,0.407,,0.593,,,,,,
71.561,SCAN_LOW,3.759,-0.9006,0.063,142.24,-1.48,0.21,15.0,0.0342,-0.0423,-0.0035,0.403,,0.593,,,,,,
71.622,SCAN_LOW,3.7584,-0.9013,0.064,143.42,-1.22,-0.05,15.0,0.0158,-0.0524,0.0001,0.403,,0.618,,,,,,
71.651,SCAN_LOW,3.7572,-0.9024,0.063,144.58,-0.99,-0.08,15.0,0.0006,-0.0587,0.0056,0.39,,0.618,,,,,,
71.709,SCAN_LOW,3.7553,-0.903,0.065,145.67,-0.53,-0.25,15.0,-0.0149,-0.0601,0.0059,0.39,,0.655,,,,,,
71.746,SCAN_LOW,3.7533,-0.9058,0.064,146.51,-0.17,-0.37,15.0,-0.0254,-0.0616,0.0105,0.38,,0.655,,,,,,
71.81,SCAN_LOW,3.7504,-0.9074,0.063,147.27,-0.11,-0.33,15.0,-0.037,-0.0576,0.0046,0.38,,0.681,,,,,,
71.867,SCAN_LOW,3.748,-0.9071,0.063,148.03,-0.01,-0.02,15.0,-0.0422,-0.0474,0.0016,0.367,,0.681,,,,,,
71.895,SCAN_LOW,3.7446,-0.9074,0.064,148.72,0.02,0.17,15.0,-0.0488,-0.0411,0.0042,0.367,,0.709,,,,,,
71.971,SCAN_LOW,3.7419,-0.908,0.066,149.44,0.3,0.56,15.0,-0.0476,-0.0359,0.0039,0.358,,0.709,,,,,,
71.992,SCAN_LOW,3.7385,-0.9081,0.071,150.12,0.43,0.8,15.0,-0.0467,-0.0279,0.0054,0.358,,0.734,,,,,,
72.059,SCAN_LOW,3.7359,-0.9083,0.068,150.76,0.48,1.04,15.0,-0.0404,-0.0213,0.015,0.347,,0.734,,,,,,
72.134,SCAN_LOW,3.7328,-0.9091,0.069,151.39,0.49,1.11,15.0,-0.037,-0.0173,0.0049,0.347,,0.761,,,,,,
72.16,SCAN_LOW,3.7303,-0.91,0.068,152.01,0.36,1.4,15.0,-0.0304,-0.0165,0.0082,0.344,,0.761,,,,,,
72.217,SCAN_LOW,3.7283,-0.911,0.067,152.67,0.17,1.51,15.0,-0.0217,-0.0179,0.0073,0.344,,0.778,,,,,,
72.247,SCAN_LOW,3.7276,-0.9119,0.07,153.31,-0.15,1.43,15.0,-0.0103,-0.0219,0.0024,0.338,,0.778,,,,,,
72.32,SCAN_LOW,3.7271,-0.9133,0.068,153.96,-0.39,1.44,15.0,-0.0008,-0.0307,0.005,0.338,,0.795,,,,,,
72.361,SCAN_LOW,3.7269,-0.9152,0.068,154.49,-0.52,1.45,15.0,0.0062,-0.0421,-0.0007,0.328,,0.795,,,,,,
72.45,SCAN_LOW,3.7269,-0.9176,0.066,155.04,-0.33,1.28,15.0,0.0127,-0.0539,0.0007,0.328,,0.806,,,,,,
72.479,SCAN_LOW,3.7275,-0.9207,0.07,155.62,-0.14,0.98,15.0,0.019,-0.0647,-0.0066,0.322,,0.806,,,,,,
72.511,SCAN_LOW,3.728,-0.9242,0.067,156.25,0.18,0.6,15.0,0.0224,-0.0705,0.0024,0.322,,0.842,,,,,,
72.581,SCAN_LOW,3.7285,-0.9279,0.067,157.01,0.33,0.48,15.0,0.0233,-0.0725,-0.0055,0.317,,0.842,,,,,,
72.595,SCAN_LOW,3.7288,-0.9312,0.067,157.8,0.33,0.69,15.0,0.0243,-0.0691,-0.0049,0.317,,0.867,,,,,,
72.643,SCAN_LOW,3.7292,-0.9348,0.067,158.64,0.42,0.86,15.0,0.0269,-0.0688,-0.0002,0.313,,0.867,,,,,,
72.698,SCAN_LOW,3.7297,-0.9388,0.068,159.5,0.92,0.66,15.0,0.0298,-0.0685,0.0043,0.313,,0.926,,,,,,
72.743,SCAN_LOW,3.7312,-0.9424,0.071,160.41,0.94,0.6,15.0,0.0366,-0.0642,0.0068,0.31,,0.926,,,,,,
72.798,SCAN_LOW,3.7329,-0.9465,0.07,161.32,1.11,0.41,15.0,0.0421,-0.063,0.0121,0.31,,,,,,,,
72.864,SCAN_LOW,3.7352,-0.949,0.068,162.12,1.33,0.08,15.0,0.0476,-0.0516,0.0082,0.309,,,,,,,,
72.911,SCAN_LOW,3.7368,-0.9513,0.068,162.81,1.46,-0.42,15.0,0.0464,-0.0371,-0.0021,0.309,,,,,,,,
72.942,SCAN_LOW,3.7381,-0.9534,0.069,163.41,1.52,-0.51,15.0,0.0419,-0.0223,-0.0002,0.305,,,,,,,,
73.016,SCAN_LOW,3.74,-0.9544,0.073,163.92,1.74,-0.55,15.0,0.0405,-0.0077,0.0037,0.305,,,,,,,,
73.075,SCAN_LOW,3.741,-0.9557,0.075,164.38,1.51,-0.4,15.0,0.0357,0.0079,0.0125,0.307,,,,,,,,
73.104,SCAN_LOW,3.7419,-0.954,0.074,164.84,1.13,-0.36,15.0,0.0316,0.0268,0.0118,0.307,,,,,,,,
73.149,SCAN_LOW,3.7417,-0.9533,0.073,165.31,0.83,-0.52,15.0,0.0235,0.039,0.0033,0.305,,,,,,,,
73.208,SCAN_LOW,3.7406,-0.9531,0.075,165.81,0.65,-0.46,15.0,0.0113,0.0467,0.0023,0.305,,,,,,,,
73.252,SCAN_LOW,3.7385,-0.9534,0.072,166.43,0.43,-0.23,15.0,-0.0017,0.0503,0.0053,0.299,,,,,,,,
73.321,SCAN_LOW,3.7363,-0.9531,0.07,167.07,0.13,0.12,15.0,-0.011,0.0504,-0.0012,0.299,,,,,,,,
73.343,SCAN_LOW,3.7334,-0.9525,0.068,167.84,-0.03,0.31,15.0,-0.0193,0.0472,-0.0049,0.298,,,,,,,,
73.437,SCAN_LOW,3.7312,-0.9512,0.066,168.66,0.44,0.27,15.0,-0.0229,0.0454,-0.0069,0.298,,0.451,,,,,,
73.452,SCAN_LOW,3.7292,-0.9498,0.073,169.48,0.14,0.77,15.0,-0.0233,0.0453,-0.0077,0.288,2.736,0.451,,,,,,
73.499,SCAN_LOW,3.727,-0.9485,0.073,170.19,-0.04,1.32,15.0,-0.0199,0.0395,0.0102,0.288,2.736,0.43,,,,,,
73.541,SCAN_LOW,3.7264,-0.9469,0.072,170.91,0.2,1.41,15.0,-0.0075,0.0363,0.0086,0.284,,0.43,,,,,,
73.6,SCAN_LOW,3.7266,-0.9457,0.072,171.6,0.36,1.34,15.0,0.0052,0.0326,0.0076,0.284,,0.419,,,,,,
73.652,SCAN_LOW,3.7275,-0.9441,0.073,172.33,0.45,1.17,15.0,0.0185,0.0361,0.003,0.287,,0.419,,,,,,
73.717,SCAN_LOW,3.7289,-0.9428,0.074,173.16,0.45,0.64,15.0,0.0282,0.0339,0.0012,0.287,,0.413,,,,,,
73.759,SCAN_LOW,3.7311,-0.9415,0.076,173.9,0.29,0.59,15.0,0.0367,0.0337,0.0038,0.284,,0.413,,,,,,
73.791,SCAN_LOW,3.7331,-0.9398,0.074,174.76,0.2,0.7,15.0,0.042,0.0352,0.0009,0.284,,0.407,,,,,,
73.864,SCAN_LOW,3.7349,-0.938,0.07,175.71,-0.07,0.53,15.0,0.0454,0.0333,-0.0048,0.289,,0.407,,,,,,
73.909,SCAN_LOW,3.7374,-0.9366,0.073,176.75,-0.1,0.52,15.0,0.05,0.031,-0.0093,0.289,,0.398,,,,,,
73.957,SCAN_LOW,3.7395,-0.9354,0.071,177.85,-0.17,0.66,15.0,0.0524,0.0256,0.0016,0.287,2.613,0.398,,,,,,
74.008,SCAN_LOW,3.7427,-0.9346,0.075,178.87,-0.09,0.64,15.0,0.0603,0.0235,-0.0024,0.287,2.613,0.398,,,,,,
74.064,SCAN_LOW,3.7456,-0.9336,0.074,179.98,-0.1,0.49,15.0,0.0643,0.0207,0.007,0.291,,0.398,,,,,,
74.112,SCAN_LOW,3.7482,-0.9329,0.071,-178.94,0.14,0.13,15.0,0.0632,0.0161,0.003,0.291,,0.399,,,,,,
74.184,SCAN_LOW,3.7511,-0.9328,0.077,-177.92,0.22,-0.23,15.0,0.0617,0.0135,-0.0006,0.295,,0.399,,,,,,
74.202,SCAN_LOW,3.7534,-0.9322,0.075,-176.97,0.15,-0.37,15.0,0.0555,0.0135,0.0095,0.295,,0.401,,,,,,
74.267,SCAN_LOW,3.7556,-0.9315,0.077,-176.11,0.25,-0.67,15.0,0.0489,0.0141,0.0036,0.301,,0.401,,,,,,
74.369,SCAN_LOW,3.757,-0.9317,0.075,-175.46,0.29,-0.71,15.0,0.0379,0.012,0.0051,0.301,,0.402,,,,,,
74.382,SCAN_LOW,3.7575,-0.9315,0.075,-174.85,0.29,-0.64,15.0,0.0259,0.0116,-0.0009,0.31,,0.402,,,,,,
74.404,SCAN_LOW,3.7566,-0.9306,0.078,-174.33,0.32,-0.76,15.0,0.009,0.0133,-0.0007,0.31,,0.396,,,,,,
74.456,SCAN_LOW,3.7561,-0.9303,0.073,-173.82,0.16,-0.81,15.0,-0.0019,0.0133,0.0105,0.313,,0.396,,,,,,
74.529,SCAN_LOW,3.7544,-0.9304,0.072,-173.28,0.17,-0.66,15.0,-0.0157,0.0111,-0.0035,0.313,,0.399,,,,,,
74.56,SCAN_LOW,3.7519,-0.9306,0.076,-172.51,0.19,-0.1,15.0,-0.0269,0.0099,0.0008,0.307,,0.399,,,,,,
74.619,SCAN_LOW,3.7495,-0.9302,0.076,-171.67,0.39,0.23,15.0,-0.0312,0.0116,0.0093,0.307,,0.4,,,,,,
74.661,SCAN_LOW,3.747,-0.9289,0.075,-170.81,0.16,0.57,15.0,-0.0331,0.0163,0.0062,0.319,,0.4,,,,,,
74.708,SCAN_LOW,3.7445,-0.9277,0.079,-169.91,-0.16,0.72,15.0,-0.0321,0.0189,0.0005,0.319,,0.401,,,,,,
74.776,SCAN_LOW,3.7431,-0.9268,0.074,-168.91,-0.37,0.83,15.0,-0.0247,0.0178,0.0094,0.333,,0.401,,,,,,
74.821,SCAN_LOW,3.7418,-0.9255,0.077,-167.92,-0.17,0.69,15.0,-0.0192,0.0187,-0.0045,0.333,,0.401,,,,,,
74.85,SCAN_LOW,3.7402,-0.925,0.08,-166.99,-0.32,0.57,15.0,-0.017,0.0151,0.0029,0.369,,0.401,,,,,,
74.899,SCAN_LOW,3.7391,-0.9244,0.076,-166.01,-0.36,0.59,15.0,-0.013,0.0121,0.0085,0.369,,0.407,,,,,,
74.969,SCAN_LOW,3.7386,-0.924,0.079,-165.01,-0.26,0.49,15.0,-0.0085,0.0094,-0.0023,,,0.407,,,,,,
75.001,SCAN_LOW,3.7381,-0.9237,0.075,-164.05,-0.42,0.6,15.0,-0.0037,0.0069,0.008,,,0.406,,,,,,
75.051,SCAN_LOW,3.7388,-0.9238,0.074,-163.13,-0.42,0.74,15.0,0.0058,0.0025,-0.0003,1.454,,0.406,,,,,,
75.106,SCAN_LOW,3.7384,-0.9242,0.075,-162.2,-0.29,0.82,15.0,0.0096,-0.0025,-0.0008,1.454,,0.407,,,,,,
75.158,SCAN_LOW,3.7395,-0.9249,0.08,-161.23,-0.14,0.92,15.0,0.0187,-0.0053,0.0003,,,0.407,,,,,,
75.208,SCAN_LOW,3.7411,-0.9261,0.075,-160.39,-0.01,0.74,15.0,0.0279,-0.0093,0.0054,,,0.408,,,,,,
75.243,SCAN_LOW,3.7422,-0.9265,0.075,-159.6,0.28,0.59,15.0,0.0312,-0.0071,-0.007,,,0.408,,,,,,
75.314,SCAN_LOW,3.7436,-0.927,0.075,-158.82,0.32,0.64,15.0,0.034,-0.0044,-0.0089,,,0.416,,,,,,
75.345,SCAN_LOW,3.7448,-0.9269,0.077,-158.11,0.31,0.78,15.0,0.0362,0.0015,-0.0102,0.557,2.991,0.416,,,,,,
75.407,SCAN_LOW,3.7467,-0.9268,0.082,-157.42,0.19,0.59,15.0,0.0408,0.0058,-0.0038,0.557,2.991,0.413,,,,,,
75.467,SCAN_LOW,3.7487,-0.926,0.079,-156.71,0.37,0.34,15.0,0.043,0.0118,0.0033,0.526,,0.413,,,,,,
75.511,SCAN_LOW,3.7501,-0.9258,0.078,-155.98,0.57,-0.06,15.0,0.0397,0.0144,-0.0048,0.526,,0.416,,,,,,
75.56,SCAN_LOW,3.7509,-0.9245,0.075,-155.29,0.59,-0.28,15.0,0.0314,0.0213,-0.0066,0.509,,0.416,,,,,,
75.591,SCAN_LOW,3.7509,-0.9233,0.076,-154.55,0.28,-0.29,15.0,0.0209,0.0249,-0.0124,0.509,,0.418,,,,,,
75.667,SCAN_LOW,3.7499,-0.9222,0.077,-153.78,0.02,-0.39,15.0,0.0091,0.0256,-0.0106,0.497,,0.418,,,,,,
75.705,SCAN_LOW,3.7489,-0.921,0.074,-152.93,-0.26,-0.65,15.0,-0.0006,0.0225,-0.0061,0.497,,0.416,,,,,,
75.75,SCAN_LOW,3.7464,-0.9221,0.073,-152.05,-0.2,-0.51,15.0,-0.0157,0.0101,-0.0115,0.486,,0.416,,,,,,
75.828,SCAN_LOW,3.7439,-0.9234,0.071,-151.03,-0.2,-0.33,15.0,-0.0262,0.0,-0.0049,0.486,,0.425,,,,,,
75.862,SCAN_LOW,3.741,-0.9246,0.067,-149.99,-0.39,-0.03,15.0,-0.0345,-0.0087,-0.006,0.48,,0.425,,,,,,
75.913,SCAN_LOW,3.7388,-0.9264,0.072,-148.93,-0.54,0.25,15.0,-0.0341,-0.0173,-0.0072,0.48,,0.431,,,,,,
75.96,SCAN_LOW,3.7371,-0.9289,0.073,-147.88,-0.43,0.68,15.0,-0.0296,-0.0255,0.0089,0.479,2.593,0.431,,,,,,
76.002,SCAN_LOW,3.7359,-0.9311,0.077,-146.84,-0.39,1.18,15.0,-0.0196,-0.0281,0.0101,0.479,2.593,0.438,,,,,,
76.076,SCAN_LOW,3.7349,-0.9337,0.075,-146.04,-0.43,1.09,15.0,-0.0113,-0.0336,0.0184,0.483,,0.438,,,,,,
76.116,SCAN_LOW,3.7345,-0.9357,0.076,-145.31,-0.71,1.04,15.0,-0.0017,-0.0359,0.0126,0.483,,,,,,,,
76.152,SCAN_LOW,3.7354,-0.9378,0.078,-144.57,-0.54,1.33,15.0,0.0125,-0.0382,0.0116,0.49,,,,,,,,
76.21,SCAN_LOW,3.7367,-0.9398,0.079,-143.85,-0.33,1.54,15.0,0.0266,-0.0365,0.0138,0.49,,,,,,,,
76.255,SCAN_LOW,3.7388,-0.9415,0.081,-143.08,0.01,1.21,15.0,0.0396,-0.0315,0.0083,0.494,,,,,,,,
76.294,SCAN_LOW,3.7417,-0.943,0.082,-142.26,-0.06,0.95,15.0,0.0507,-0.0312,0.0112,0.494,,,,,,,,
76.351,SCAN_LOW,3.7444,-0.9444,0.079,-141.4,0.56,0.87,15.0,0.0556,-0.0242,0.0122,0.501,,,,,,,,
76.419,SCAN_LOW,3.7469,-0.9456,0.082,-140.61,0.6,0.64,15.0,0.0564,-0.0174,-0.0013,0.501,,,,,,,,
76.459,SCAN_LOW,3.7492,-0.9465,0.082,-139.83,0.95,0.24,15.0,0.0526,-0.0092,0.0088,0.515,,,,,,,,
76.525,SCAN_LOW,3.7519,-0.9474,0.077,-139.08,0.92,-0.07,15.0,0.0478,-0.0056,-0.0023,0.515,,,0.492,,,,,
76.593,SCAN_LOW,3.7535,-0.9477,0.077,-138.38,1.03,-0.04,15.0,0.0383,0.0003,-0.0113,0.527,,,0.492,,,,,
76.625,SCAN_LOW,3.7546,-0.949,0.08,-137.71,1.27,0.11,15.0,0.0286,0.0031,-0.0049,0.527,,,0.478,,,,,
76.643,SCAN_LOW,3.7542,-0.9493,0.077,-137.19,1.13,-0.07,15.0,0.0138,0.0111,0.0004,0.532,,,0.478,,,,,
76.695,SCAN_LOW,3.7531,-0.9491,0.078,-136.8,1.15,-0.24,15.0,-0.0022,0.0178,-0.0009,0.532,,,0.471,,,,,
76.741,SCAN_LOW,3.7504,-0.9503,0.077,-136.44,1.16,0.06,15.0,-0.0205,0.0203,0.0043,0.535,,,0.471,,,,,
76.805,SCAN_LOW,3.7479,-0.9496,0.079,-136.02,0.9,0.26,15.0,-0.0322,0.0278,-0.0023,0.535,,,0.46,,,,,
76.861,SCAN_LOW,3.7442,-0.9488,0.078,-135.53,0.49,0.01,15.0,-0.0444,0.033,0.006,0.542,,,0.46,,,,,
76.893,SCAN_LOW,3.7409,-0.9485,0.08,-135.0,0.35,0.25,15.0,-0.0521,0.0326,0.0089,0.542,,,0.445,,,,,
76.966,SCAN_LOW,3.7377,-0.948,0.081,-134.46,0.23,0.61,15.0,-0.0539,0.0333,0.0043,0.546,,,0.445,,,,,
77.011,SCAN_LOW,3.7346,-0.9463,0.079,-133.78,-0.35,0.72,15.0,-0.0519,0.0372,0.0026,0.546,,,0.431,,,,,
77.071,SCAN_LOW,3.7322,-0.9443,0.082,-133.19,-0.45,0.84,15.0,-0.0448,0.0396,0.0055,0.556,,,0.431,,,,,
77.106,SCAN_LOW,3.7305,-0.9425,0.081,-132.77,-0.76,1.03,15.0,-0.0341,0.0407,0.0122,0.556,,,0.418,,,,,
77.157,SCAN_LOW,3.7284,-0.9404,0.082,-132.41,-0.88,1.04,15.0,-0.0261,0.0417,0.0094,0.566,,,0.418,,,,,
77.192,SCAN_LOW,3.7279,-0.9384,0.082,-132.11,-0.81,0.83,15.0,-0.0125,0.0423,0.0085,0.566,,,0.411,,,,,
77.272,SCAN_LOW,3.7282,-0.9363,0.083,-131.9,-0.62,0.73,15.0,0.0004,0.0448,0.0014,0.568,,,0.411,,,,,
77.317,SCAN_LOW,3.729,-0.9344,0.082,-131.62,-0.8,0.57,15.0,0.0108,0.0414,0.0006,0.568,,,0.409,,,,,
77.366,SCAN_LOW,3.7299,-0.9324,0.083,-131.3,-0.86,0.43,15.0,0.0195,0.0384,-0.0014,0.573,,,0.409,,,,,
77.414,SCAN_LOW,3.7312,-0.9308,0.082,-130.92,-0.8,0.41,15.0,0.0277,0.0333,0.0015,0.573,,,0.413,,,,,
77.448,SCAN_LOW,3.733,-0.9294,0.08,-130.45,-0.87,0.42,15.0,0.0368,0.0289,-0.0027,0.585,,,0.413,,,,,
77.533,SCAN_LOW,3.7348,-0.928,0.087,-129.78,-0.46,0.08,15.0,0.0422,0.0253,-0.0042,0.585,,,0.41,,,,,
77.544,SCAN_LOW,3.7373,-0.9272,0.082,-128.9,-0.42,0.05,15.0,0.046,0.0204,0.0105,0.605,,,0.41,,,,,
77.594,SCAN_LOW,3.7386,-0.9261,0.076,-128.12,-0.3,-0.14,15.0,0.0434,0.0143,-0.0004,0.605,,,0.405,,,,,
77.666,SCAN_LOW,3.741,-0.9261,0.083,-127.38,-0.05,-0.21,15.0,0.0447,0.0088,-0.0162,0.631,,,0.405,,,,,
77.697,SCAN_LOW,3.7428,-0.926,0.081,-126.62,-0.05,-0.26,15.0,0.0415,0.004,0.0065,0.631,,,0.4,,,,,
77.751,SCAN_LOW,3.7444,-0.9266,0.076,-126.01,-0.03,-0.18,15.0,0.0386,-0.0021,-0.0022,0.66,,,0.4,,,,,
77.819,SCAN_LOW,3.7456,-0.9269,0.083,-125.34,0.26,-0.3,15.0,0.0337,-0.0057,-0.0129,0.66,,,0.401,,,,,
77.866,SCAN_LOW,3.7463,-0.9277,0.078,-124.56,0.51,-0.23,15.0,0.0247,-0.0098,0.0072,0.683,,,0.401,,,,,
77.897,SCAN_LOW,3.7467,-0.9289,0.083,-123.67,0.57,-0.02,15.0,0.0169,-0.011,-0.011,0.683,,,0.391,,,,,
77.975,SCAN_LOW,3.7469,-0.9311,0.083,-122.71,0.24,0.28,15.0,0.0108,-0.0147,-0.002,0.721,,,0.391,,,,,
77.99,SCAN_LOW,3.7468,-0.9329,0.082,-121.71,-0.18,0.79,15.0,0.0093,-0.015,-0.0044,0.721,,,0.382,,,,,
78.047,SCAN_LOW,3.7475,-0.934,0.083,-120.67,-0.32,0.83,15.0,0.0157,-0.0117,-0.0065,0.783,,,0.382,,,,,
78.109,SCAN_LOW,3.7489,-0.9353,0.084,-119.55,-0.38,0.83,15.0,0.0243,-0.0114,-0.0063,0.783,,,0.368,,,,,
78.151,SCAN_LOW,3.751,-0.9359,0.08,-118.41,-0.01,0.63,15.0,0.0333,-0.0081,-0.0025,0.829,,,0.368,,,,,
78.211,SCAN_LOW,3.7541,-0.9361,0.083,-117.08,-0.06,0.64,15.0,0.0426,-0.0052,-0.013,0.829,,,0.362,,,,,
78.241,SCAN_LOW,3.7573,-0.9366,0.083,-115.83,0.01,0.58,15.0,0.0505,-0.0044,-0.0057,0.873,,,0.362,,,,,
78.321,SCAN_LOW,3.7606,-0.9368,0.078,-114.62,0.09,0.62,15.0,0.0563,-0.0009,-0.0044,0.873,,,0.356,,,,,
78.344,SCAN_LOW,3.7639,-0.9367,0.078,-113.52,0.4,0.32,15.0,0.0586,0.0032,-0.0104,0.926,,,0.356,,,,,
78.42,SCAN_LOW,3.7669,-0.937,0.079,-112.43,0.72,0.21,15.0,0.0561,0.0042,-0.0062,0.926,,,0.35,,,,,
78.474,SCAN_LOW,3.7704,-0.937,0.079,-111.39,1.14,0.33,15.0,0.0532,0.007,-0.0003,,,,0.35,,,,,
78.499,SCAN_LOW,3.773,-0.9372,0.078,-110.45,1.37,0.11,15.0,0.0453,0.0107,0.0028,,,,0.35,,,,,
78.571,SCAN_LOW,3.7755,-0.9361,0.081,-109.64,1.58,-0.41,15.0,0.0353,0.0147,-0.0055,,,,0.35,,,,,
78.59,SCAN_LOW,3.7764,-0.9366,0.077,-109.0,1.33,-0.09,15.0,0.0197,0.0135,0.0042,,,,0.35,,,,,
78.658,SCAN_LOW,3.7768,-0.9379,0.077,-108.39,1.31,0.0,15.0,0.0074,0.0117,0.0015,0.505,,,0.35,,,,,
78.691,SCAN_LOW,3.776,-0.9397,0.08,-107.81,1.01,-0.03,15.0,-0.0059,0.0093,0.0026,0.505,,,0.346,,,,,
78.75,SCAN_LOW,3.7748,-0.9406,0.077,-107.07,0.83,0.19,15.0,-0.0165,0.0088,0.0116,0.467,,,0.346,,,,,
78.836,SCAN_LOW,3.7734,-0.941,0.082,-106.18,0.66,-0.16,15.0,-0.0245,0.0093,-0.0007,0.467,,,0.342,,,,,
78.843,SCAN_LOW,3.7713,-0.9433,0.081,-105.32,0.74,-0.12,15.0,-0.0339,0.0016,0.0055,0.437,,,0.342,,,,,
78.946,SCAN_LOW,3.7695,-0.9464,0.08,-104.5,0.72,0.07,15.0,-0.0391,-0.0057,0.0013,0.437,,,0.334,,,,,
78.956,SCAN_LOW,3.7686,-0.9497,0.081,-103.7,0.57,0.41,15.0,-0.0384,-0.0118,0.0011,0.418,,,0.334,,,,,
79.025,SCAN_LOW,3.7669,-0.9517,0.083,-102.9,0.4,0.58,15.0,-0.0402,-0.0113,0.0037,0.418,,,0.331,,,,,
79.041,SCAN_LOW,3.7645,-0.954,0.08,-102.14,0.23,0.67,15.0,-0.043,-0.0124,0.0024,0.403,,,0.331,,,,,
79.11,SCAN_LOW,3.7628,-0.9556,0.083,-101.38,0.18,0.59,15.0,-0.0412,-0.0118,-0.0104,0.403,,,0.327,,,,,
79.158,SCAN_LOW,3.7609,-0.957,0.082,-100.71,-0.02,0.76,15.0,-0.04,-0.0113,-0.0038,0.394,,,0.327,,,,,
79.209,SCAN_LOW,3.76,-0.958,0.083,-100.19,-0.41,1.28,15.0,-0.0321,-0.0095,-0.0077,0.394,,,0.327,,,,,
79.256,SCAN_LOW,3.7589,-0.9583,0.082,-99.69,-0.17,1.51,15.0,-0.0256,0.0007,-0.0027,0.402,,,0.327,,,,,
79.289,SCAN_LOW,3.7591,-0.9576,0.08,-99.11,0.11,1.34,15.0,-0.0167,0.0096,-0.009,0.402,,,0.32,,,,,
79.36,SCAN_LOW,3.7593,-0.9564,0.08,-98.52,0.39,0.86,15.0,-0.0124,0.0186,-0.0156,0.391,,,0.32,,,,,
79.399,SCAN_LOW,3.7598,-0.9548,0.081,-97.91,0.33,0.95,15.0,-0.0098,0.0259,-0.015,0.391,,,0.321,,,,,
79.444,SCAN_LOW,3.7593,-0.9536,0.079,-97.2,0.24,1.14,15.0,-0.0113,0.0321,-0.0053,0.39,,,0.321,,,,,
79.497,SCAN_LOW,3.7582,-0.9519,0.074,-96.44,0.16,1.0,15.0,-0.014,0.0432,-0.0083,0.39,,,0.313,,,,,
79.552,SCAN_LOW,3.7575,-0.9496,0.078,-95.62,0.12,0.91,15.0,-0.0149,0.0502,-0.0161,0.388,,,0.313,,,,,
79.6,SCAN_LOW,3.7569,-0.9472,0.077,-94.74,0.09,0.76,15.0,-0.0145,0.0553,-0.0027,0.388,,,0.31,,,,,
79.669,SCAN_LOW,3.7565,-0.9446,0.076,-93.81,-0.02,0.58,15.0,-0.0135,0.0586,-0.0027,0.392,,,0.31,,,,,
79.705,SCAN_LOW,3.7564,-0.9413,0.077,-92.89,0.01,0.2,15.0,-0.0101,0.0628,-0.0048,0.392,,,0.309,,,,,
79.772,SCAN_LOW,3.7559,-0.9388,0.076,-92.05,0.24,-0.26,15.0,-0.0113,0.0585,-0.0012,0.39,,,0.309,,,,,
79.797,SCAN_LOW,3.755,-0.9364,0.076,-91.26,0.38,-0.23,15.0,-0.0155,0.0535,-0.0048,0.39,,,0.306,,,,,
79.84,SCAN_LOW,3.7541,-0.9342,0.075,-90.59,0.46,-0.34,15.0,-0.0192,0.0485,0.0014,0.392,,,0.306,,,,,
79.895,SCAN_LOW,3.7523,-0.9332,0.077,-89.98,0.54,-0.6,15.0,-0.0275,0.036,0.0022,0.392,,,0.302,,,,,
79.963,SCAN_LOW,3.7503,-0.9335,0.08,-89.47,0.36,-0.65,15.0,-0.0339,0.0189,0.007,0.387,,,0.302,,,,,
79.994,SCAN_LOW,3.7473,-0.9342,0.078,-88.96,0.32,-0.71,15.0,-0.0426,0.0027,0.0109,0.387,,,0.301,,,,,
80.054,SCAN_LOW,3.7448,-0.9354,0.078,-88.43,0.23,-0.49,15.0,-0.0463,-0.0099,0.0011,0.384,,,0.301,,,,,
80.105,SCAN_LOW,3.7433,-0.9383,0.076,-87.81,0.04,-0.21,-0.0,-0.0441,-0.0209,0.0034,0.384,,,0.298,,,,,
80.139,SCAN_LOW,3.7405,-0.9407,0.077,-87.16,-0.17,0.11,-0.0,-0.0461,-0.0306,-0.0026,0.387,,,0.298,,,,,
80.203,SCAN_LOW,3.7383,-0.9436,0.077,-86.74,-0.47,0.16,-0.0,-0.0436,-0.0371,-0.0131,0.387,,,0.299,,,,,
80.254,SCAN_LOW,3.7364,-0.9461,0.073,-86.51,-0.46,0.2,-0.0,-0.0384,-0.0386,-0.0115,0.382,,,0.299,,,,,
80.309,SCAN_LOW,3.7348,-0.9488,0.075,-86.38,-0.59,0.02,-0.0,-0.0336,-0.0433,-0.0187,0.382,,,0.295,,,,,
80.356,SCAN_LOW,3.7335,-0.9515,0.079,-86.27,-0.72,0.32,-0.0,-0.0266,-0.0459,-0.0016,0.383,,,0.295,,,,,
80.417,SCAN_LOW,3.7323,-0.954,0.073,-86.16,-0.69,0.78,-0.0,-0.0204,-0.0454,0.0145,0.383,,,0.295,,,,,
80.448,SCAN_LOW,3.7314,-0.9561,0.078,-86.05,-0.59,0.93,-0.0,-0.0157,-0.0377,0.0076,0.383,,,0.295,,,,,
80.546,SCAN_LOW,3.7313,-0.9575,0.078,-85.99,-0.64,1.15,-0.0,-0.0081,-0.0277,0.0276,0.383,,,0.302,,,,,
80.572,SCAN_LOW,3.7309,-0.9589,0.079,-85.91,-0.59,1.3,-0.0,-0.0041,-0.0195,0.0313,0.379,,,0.302,,,,,
80.606,SCAN_LOW,3.7314,-0.9593,0.079,-85.85,-0.37,1.11,-0.0,0.0024,-0.0089,0.036,0.379,,,0.304,,,,,
80.653,SCAN_LOW,3.7321,-0.9592,0.084,-85.75,-0.21,0.87,-0.0,0.0069,0.0005,0.0482,0.378,,,0.304,,,,,
80.69,SCAN_LOW,3.7327,-0.9588,0.09,-85.73,0.11,0.73,-0.0,0.0088,0.0076,0.0617,0.378,,,0.301,,,,,
80.743,SCAN_LOW,3.7339,-0.9581,0.091,-85.67,0.32,0.46,-0.0,0.0098,0.0114,0.0756,0.384,,,0.301,,,,,
80.81,SCAN_LOW,3.7342,-0.9571,0.091,-85.67,0.39,0.39,-0.0,0.0059,0.0169,0.0785,0.384,,,0.303,,,,,
80.866,SCAN_LOW,3.733,-0.9579,0.099,-85.64,0.35,0.25,-0.0,-0.0039,0.0137,0.0812,0.389,,,0.303,,,,,
80.904,SCAN_LOW,3.7287,-0.9598,0.104,-85.53,0.33,0.08,-0.0,-0.0263,0.0074,0.1007,0.389,,,0.3,,,,,
80.959,SCAN_LOW,3.728,-0.9598,0.107,-85.42,0.06,0.02,-0.0,-0.0251,0.0054,0.1032,0.399,,,0.3,,,,,
81.007,SCAN_LOW,3.7278,-0.9581,0.111,-85.4,-0.04,0.19,-0.0,-0.0203,0.0121,0.1057,0.399,,,0.304,,,,,
81.049,SCAN_LOW,3.721,-0.9664,0.121,-85.48,-0.05,0.09,-0.0,-0.045,-0.0226,0.1093,0.435,,,0.304,,,,,
81.099,SCAN_LOW,3.7192,-0.967,0.117,-85.52,-0.36,0.39,-0.0,-0.0417,-0.0187,0.1224,0.435,,,0.303,,,,,
81.152,SCAN_LOW,3.7153,-0.9668,0.128,-85.6,-0.68,0.51,-0.0,-0.0467,-0.0108,0.1031,0.607,,,0.303,,,,,
81.209,SCAN_LOW,3.7144,-0.9679,0.132,-85.78,-0.89,0.71,-0.0,-0.0349,-0.0081,0.1227,0.607,,,0.299,,,,,
81.24,SCAN_LOW,3.7158,-0.9667,0.142,-86.08,-0.99,0.76,-0.0,-0.0147,0.0053,0.1217,2.708,,,0.299,,,,,
81.316,SCAN_LOW,3.7129,-0.9714,0.148,-86.29,-0.86,0.7,-0.0,-0.0156,-0.0105,0.1435,2.708,,,0.298,,,,,
81.354,SCAN_LOW,3.713,-0.9711,0.157,-86.45,-0.66,1.0,-0.0,-0.0066,0.0002,0.1487,2.751,,,0.298,,,,,
81.414,SCAN_LOW,3.7118,-0.9702,0.167,-86.4,-0.44,0.89,-0.0,-0.0059,0.0126,0.1572,2.751,,,0.297,,,,,
81.439,SCAN_LOW,3.7141,-0.9667,0.18,-86.3,-0.42,0.73,-0.0,0.0069,0.0305,0.1698,2.779,,,0.297,,,,,
81.512,SCAN_LOW,3.7169,-0.9643,0.183,-86.06,0.19,0.55,-0.0,0.0166,0.0383,0.1853,2.779,,,0.303,,,,,
81.559,SCAN_LOW,3.7184,-0.9632,0.19,-85.78,0.37,0.16,-0.0,0.0163,0.0373,0.1736,2.791,,,0.303,,,,,
81.595,SCAN_LOW,3.72,-0.9601,0.193,-85.52,0.57,-0.0,-0.0,0.0152,0.0419,0.1738,2.791,,,0.306,,,,,
81.65,SCAN_LOW,3.7212,-0.9581,0.206,-85.33,0.56,-0.21,-0.0,0.0126,0.0401,0.1661,2.782,,,0.306,,,,,
81.71,SCAN_LOW,3.7214,-0.9554,0.211,-85.23,0.59,-0.37,-0.0,0.0065,0.04,0.1794,2.782,,,0.306,,,,,
81.792,SCAN_LOW,3.7223,-0.9538,0.227,-85.1,0.48,-0.54,-0.0,0.0044,0.0352,0.1707,2.782,,,0.306,,,,,
81.812,SCAN_LOW,3.7229,-0.953,0.228,-85.04,0.49,-0.65,-0.0,0.0022,0.0271,0.1892,2.782,,,0.312,,,,,
81.856,SCAN_LOW,3.7209,-0.9541,0.245,-84.96,0.39,-0.64,-0.0,-0.008,0.0142,0.1624,2.793,,,0.312,,,,,
81.903,SCAN_LOW,3.7199,-0.9534,0.25,-85.12,0.23,-0.33,-0.0,-0.0121,0.0091,0.1837,2.793,,,0.312,,,,,
81.947,SCAN_LOW,3.7156,-0.954,0.264,-85.27,0.11,0.22,-0.0,-0.025,0.0031,0.1734,2.787,,,0.312,,,,,
81.996,SCAN_LOW,3.7151,-0.9529,0.271,-85.6,-0.14,0.18,-0.0,-0.0227,0.0075,0.1847,2.787,,,0.316,,,,,
82.041,SCAN_LOW,3.7162,-0.9506,0.278,-85.99,-0.02,0.42,-0.0,-0.0157,0.0155,0.1695,2.801,,,0.316,,,,,
82.108,SCAN_LOW,3.7109,-0.9502,0.289,-86.31,0.11,0.27,-0.0,-0.0291,0.016,0.1592,2.801,,,0.311,,,,,
82.148,SCAN_LOW,3.7216,-0.9434,0.294,-86.62,0.07,0.18,-0.0,0.0032,0.0361,0.1569,2.798,,,0.311,,,,,
82.225,SCAN_LOW,3.723,-0.9394,0.3,-86.82,0.41,-0.1,-0.0,0.0046,0.0425,0.1409,2.798,,,0.313,,,,,
82.247,SCAN_LOW,3.7227,-0.9357,0.31,-86.85,0.53,-0.2,-0.0,-0.0005,0.0446,0.1248,2.799,,,0.313,,,,,
82.295,SCAN_LOW,3.7228,-0.9331,0.313,-86.76,0.6,-0.47,-0.0,-0.0044,0.0429,0.1258,2.799,,,0.314,,,,,
82.366,SCAN_LOW,3.722,-0.9276,0.319,-86.61,0.48,-0.56,-0.0,-0.0103,0.046,0.093,2.807,,,0.314,,,,,
82.407,SCAN_LOW,3.7212,-0.9242,0.325,-86.38,0.38,-0.65,-0.0,-0.0139,0.0435,0.0807,2.807,,,0.315,,,,,
82.46,SCAN_LOW,3.7192,-0.9204,0.332,-86.03,0.2,-0.79,-0.0,-0.0188,0.0415,0.0645,2.817,,,0.315,,,,,
82.521,LAND_X_ALIGN,3.7178,-0.918,0.332,-85.78,0.25,-0.91,-0.0,-0.021,0.0353,0.0537,2.817,,,0.318,,3.82,-0.918,,
82.545,LAND_X_ALIGN,3.716,-0.9167,0.334,-85.63,0.35,-0.97,-0.0,-0.0243,0.0267,0.0302,2.815,,,0.318,,3.82,-0.918,,
82.601,LAND_X_ALIGN,3.713,-0.915,0.337,-85.6,0.39,-0.66,-0.0,-0.0305,0.0198,0.0243,2.815,,,0.316,,3.82,-0.918,,
82.645,LAND_X_ALIGN,3.7102,-0.9167,0.337,-85.73,0.25,-0.47,-0.0,-0.0359,0.0093,0.0198,2.823,,,0.316,,3.82,-0.918,,
82.711,LAND_X_ALIGN,3.7065,-0.9184,0.338,-85.97,-0.82,-0.17,-0.0,-0.0382,0.0019,0.0108,2.823,,,0.311,,3.82,-0.918,,
82.747,LAND_X_ALIGN,3.7028,-0.9197,0.336,-86.3,-1.58,-0.06,-0.0,-0.0323,-0.0014,0.0042,2.812,,,0.311,,3.82,-0.918,,
82.802,LAND_X_ALIGN,3.7015,-0.9212,0.339,-86.61,-2.22,-0.01,-0.0,-0.0173,-0.0036,-0.0073,2.812,,,0.304,,3.82,-0.918,,
82.84,LAND_X_ALIGN,3.6989,-0.9242,0.34,-86.97,-2.63,0.09,-0.0,-0.0012,-0.0084,-0.0063,2.799,,,0.304,,3.82,-0.918,,
82.901,LAND_X_ALIGN,3.6987,-0.9273,0.335,-87.42,-2.86,0.24,-0.0,0.0202,-0.012,-0.0121,2.799,,,0.303,,3.82,-0.918,,
82.997,LAND_X_ALIGN,3.7019,-0.9284,0.337,-87.88,-2.79,0.32,-0.0,0.0472,-0.0097,-0.029,2.816,,,0.303,,3.82,-0.918,,
83.009,LAND_X_ALIGN,3.7069,-0.9313,0.333,-88.26,-2.83,0.34,-0.0,0.0748,-0.0113,-0.0234,2.816,,,0.305,,3.82,-0.918,,
83.059,LAND_X_ALIGN,3.7119,-0.9324,0.333,-88.64,-2.47,0.51,-0.0,0.0993,-0.0087,-0.0318,2.826,,,0.305,,3.82,-0.918,,
83.107,LAND_X_ALIGN,3.7161,-0.934,0.327,-88.93,-2.07,0.53,-0.0,0.1168,-0.0065,-0.0287,2.826,,,0.315,,3.82,-0.918,,
83.144,LAND_X_ALIGN,3.7246,-0.9364,0.326,-89.16,-1.63,0.59,-0.0,0.1369,-0.0068,-0.0349,2.809,,,0.315,,3.82,-0.918,,
83.215,LAND_X_ALIGN,3.7343,-0.9354,0.323,-89.34,-1.29,0.75,-0.0,0.1548,0.0018,-0.0294,2.809,,,0.322,,3.82,-0.918,,
83.257,LAND_X_ALIGN,3.7398,-0.9373,0.326,-89.44,-0.93,0.67,-0.0,0.1599,0.0031,-0.026,2.822,,,0.322,,3.82,-0.918,,
83.312,LAND_X_ALIGN,3.7444,-0.938,0.325,-89.46,-0.61,0.7,-0.0,0.1603,0.0073,-0.0113,2.822,,,0.338,,3.82,-0.918,,
83.339,LAND_X_ALIGN,3.7499,-0.9379,0.325,-89.48,-0.36,0.63,-0.0,0.1597,0.0123,-0.0127,2.809,,,0.338,,3.82,-0.918,,
83.411,LAND_X_ALIGN,3.7551,-0.9385,0.324,-89.4,-0.18,0.63,-0.0,0.1564,0.0151,-0.0132,2.809,,,0.347,,3.82,-0.918,,
83.445,LAND_X_ALIGN,3.7621,-0.9387,0.326,-89.33,-0.18,0.56,-0.0,0.1563,0.018,-0.013,2.807,,,0.347,,3.82,-0.918,,
83.491,LAND_X_ALIGN,3.7669,-0.9383,0.323,-89.32,-0.06,0.54,-0.0,0.1516,0.0218,-0.0083,2.807,,,0.357,,3.82,-0.918,,
83.571,LAND_X_ALIGN,3.7722,-0.9383,0.324,-89.28,-0.0,0.48,-0.0,0.1475,0.0241,-0.0158,2.808,,,0.357,,3.82,-0.918,,
83.603,LAND_X_ALIGN,3.7758,-0.9388,0.322,-89.26,0.06,0.57,-0.0,0.1401,0.0252,-0.0092,2.808,,,0.364,,3.82,-0.918,,
83.665,LAND_X_ALIGN,3.7806,-0.939,0.323,-89.31,0.12,0.82,-0.0,0.1349,0.028,-0.0115,2.812,,,0.364,,3.82,-0.918,,
83.692,LAND_X_ALIGN,3.7889,-0.9387,0.321,-89.31,-0.23,0.98,-0.0,0.1378,0.0332,-0.0066,2.812,,,0.373,,3.82,-0.918,,
83.77,LAND_X_ALIGN,3.7936,-0.9374,0.321,-89.37,-0.13,0.89,-0.0,0.1354,0.0403,-0.0105,2.819,,,0.373,,3.82,-0.918,,
83.815,LAND_X_ALIGN,3.7993,-0.9363,0.324,-89.41,-0.11,0.8,-0.0,0.1338,0.0459,-0.0098,2.819,,,0.386,,3.82,-0.918,,
83.851,LAND_X_ALIGN,3.8042,-0.9363,0.318,-89.53,-0.11,0.66,-0.0,0.131,0.0478,-0.0032,2.809,,,0.386,,3.82,-0.918,,
83.913,LAND_X_ALIGN,3.8087,-0.9358,0.32,-89.73,0.08,0.62,-0.0,0.1272,0.0499,-0.0174,2.809,,,0.395,,3.82,-0.918,,
83.945,LAND_X_ALIGN,3.8133,-0.9353,0.322,-89.87,0.41,0.34,-0.0,0.1218,0.0507,-0.0079,2.81,,,0.395,,3.82,-0.918,,
84.001,LAND_X_ALIGN,3.8192,-0.9361,0.32,-90.06,1.24,-0.23,-0.0,0.1158,0.0451,-0.0017,2.81,,,0.403,,3.82,-0.918,,
84.052,LAND_X_ALIGN,3.8237,-0.9345,0.319,-90.18,1.85,-0.7,-0.0,0.1007,0.0404,-0.0066,2.81,,,0.403,,3.82,-0.918,,
84.088,LAND_X_ALIGN,3.827,-0.9355,0.318,-90.26,1.95,-0.91,-0.0,0.0814,0.0285,-0.0048,2.81,,,0.412,,3.82,-0.918,,
84.148,LAND_X_ALIGN,3.8307,-0.9368,0.317,-90.3,1.95,-0.86,-0.0,0.0644,0.0163,-0.0012,2.8,,,0.412,,3.82,-0.918,,
84.207,LAND_X_ALIGN,3.8325,-0.9392,0.319,-90.25,1.78,-0.77,-0.0,0.0458,0.0039,-0.0016,2.8,,,0.42,,3.82,-0.918,,
84.258,LAND_X_ALIGN,3.8339,-0.9444,0.318,-90.16,1.65,-0.41,-0.0,0.0299,-0.0108,0.0027,2.817,,,0.42,,3.82,-0.918,,
84.303,LAND_X_ALIGN,3.8337,-0.9472,0.321,-90.01,1.53,-0.08,-0.0,0.0131,-0.0166,-0.0,2.817,,,0.421,,3.82,-0.918,,
84.353,LAND_X_ALIGN,3.8334,-0.9513,0.32,-89.82,1.12,0.29,-0.0,-0.0003,-0.0217,0.0041,2.799,,,0.421,,3.82,-0.918,,
84.396,LAND_X_ALIGN,3.8331,-0.9561,0.322,-89.63,0.79,0.66,-0.0,-0.0088,-0.0242,-0.0035,2.799,,,0.416,,3.82,-0.918,,
84.449,LAND_X_ALIGN,3.8312,-0.9585,0.319,-89.34,0.25,0.89,-0.0,-0.0165,-0.0201,0.001,2.805,,,0.416,,3.82,-0.918,,
84.493,LAND_X_ALIGN,3.83,-0.9629,0.32,-88.97,0.11,1.11,-0.0,-0.0191,-0.0179,-0.0065,2.805,,,0.42,,3.82,-0.918,,
84.541,LAND_X_ALIGN,3.8285,-0.9649,0.323,-88.64,-0.17,1.15,-0.0,-0.0205,-0.011,-0.0063,2.801,,,0.42,,3.82,-0.918,,
84.606,LAND_X_ALIGN,3.8279,-0.9667,0.322,-88.37,-0.36,1.24,-0.0,-0.0177,-0.0035,-0.0021,2.801,,,0.419,,3.82,-0.918,,
84.667,LAND_X_ALIGN,3.8265,-0.9669,0.322,-88.15,-0.45,1.04,-0.0,-0.0159,0.006,-0.0082,2.783,,,0.419,,3.82,-0.918,,
84.699,LAND_X_ALIGN,3.8265,-0.9669,0.321,-87.89,-0.52,0.93,-0.0,-0.0105,0.0136,-0.0086,2.783,,,0.417,,3.82,-0.918,,
84.766,LAND_X_ALIGN,3.8277,-0.966,0.32,-87.69,-0.45,0.73,-0.0,-0.003,0.0209,-0.0116,2.786,,,0.417,,3.82,-0.918,,
84.794,LAND_X_ALIGN,3.8291,-0.9638,0.321,-87.57,-0.49,0.65,-0.0,0.0042,0.0288,-0.0147,2.786,,,0.421,,3.82,-0.918,,
84.86,LAND_X_ALIGN,3.832,-0.9647,0.319,-87.5,-0.35,0.36,-0.0,0.0134,0.0279,-0.0151,2.775,,,0.421,,3.82,-0.918,,
84.93,LAND_APPROACH,3.8364,-0.9628,0.315,-87.45,-0.08,0.18,-0.0,0.0234,0.0307,-0.022,2.775,,,0.424,,3.82,-1.34,,
84.939,LAND_APPROACH,3.8389,-0.9599,0.314,-87.49,-0.06,-0.11,-0.0,0.0266,0.0336,-0.0276,2.771,,,0.424,,3.82,-1.34,,
85.043,LAND_APPROACH,3.8442,-0.9598,0.314,-87.62,0.09,-0.27,-0.0,0.0352,0.0283,-0.023,2.771,,,0.428,,3.82,-1.34,,
85.051,LAND_APPROACH,3.8465,-0.9641,0.313,-87.83,0.4,-1.09,-0.0,0.035,0.0128,-0.0191,2.77,,,0.428,,3.82,-1.34,,
85.124,LAND_APPROACH,3.8527,-0.9595,0.314,-88.02,0.95,-2.9,-0.0,0.0397,0.0052,-0.017,2.77,,,0.431,,3.82,-1.34,,
85.169,LAND_APPROACH,3.855,-0.9625,0.315,-88.15,1.26,-3.74,-0.0,0.0324,-0.0283,-0.0125,2.763,,,0.431,,3.82,-1.34,,
85.225,LAND_APPROACH,3.8562,-0.9671,0.314,-88.24,1.48,-4.11,-0.0,0.0215,-0.0671,-0.0123,2.763,,,0.436,,3.82,-1.34,,
85.251,LAND_APPROACH,3.8596,-0.9744,0.313,-88.36,1.68,-4.05,-0.0,0.0146,-0.1074,-0.0149,2.754,,,0.436,,3.82,-1.34,,
85.335,LAND_APPROACH,3.8593,-0.9831,0.309,-88.43,1.76,-3.64,-0.0,-0.0006,-0.146,-0.0167,2.754,,,0.445,,3.82,-1.34,,
85.361,LAND_APPROACH,3.8598,-0.9976,0.307,-88.57,1.64,-3.24,-0.0,-0.0126,-0.1879,-0.0248,2.736,,,0.445,,3.82,-1.34,,
85.427,LAND_APPROACH,3.8594,-1.0097,0.313,-88.74,1.64,-2.65,-0.0,-0.025,-0.2182,-0.0228,2.736,,,0.459,,3.82,-1.34,,
85.449,LAND_APPROACH,3.8589,-1.0239,0.31,-88.88,1.33,-1.92,-0.0,-0.0358,-0.2428,-0.0043,2.711,,,0.459,,3.82,-1.34,,
85.548,LAND_APPROACH,3.856,-1.0358,0.31,-89.02,0.95,-1.08,-0.0,-0.0475,-0.2554,-0.0163,2.711,,,0.481,,3.82,-1.34,,
85.561,LAND_APPROACH,3.8532,-1.049,0.307,-89.04,0.54,-0.55,-0.0,-0.0545,-0.2635,-0.0144,2.701,,,0.481,,3.82,-1.34,,
85.613,LAND_APPROACH,3.8503,-1.0609,0.307,-89.05,0.16,-0.16,-0.0,-0.0577,-0.2644,-0.0198,2.701,,,0.577,,3.82,-1.34,,
85.658,LAND_APPROACH,3.8474,-1.0762,0.305,-89.1,-0.16,0.22,-0.0,-0.058,-0.2691,-0.0131,2.684,,,0.577,,3.82,-1.34,,
85.695,LAND_APPROACH,3.8445,-1.0881,0.305,-89.24,-0.34,0.97,-0.0,-0.0557,-0.2615,-0.0049,2.684,,,,,3.82,-1.34,,
85.771,LAND_APPROACH,3.8429,-1.0995,0.305,-89.42,-0.33,1.02,-0.0,-0.0505,-0.2489,-0.0034,2.66,,,,,3.82,-1.34,,
85.798,LAND_APPROACH,3.8402,-1.1114,0.306,-89.66,-0.52,1.26,-0.0,-0.0472,-0.2388,0.0064,2.66,,,,,3.82,-1.34,,
85.876,LAND_APPROACH,3.839,-1.122,0.31,-90.01,-0.54,1.24,-0.0,-0.0402,-0.2245,0.0126,2.651,,,,,3.82,-1.34,,
85.921,LAND_APPROACH,3.8374,-1.1339,0.308,-90.26,-0.17,0.96,-0.0,-0.0359,-0.2169,0.02,2.651,,,,,3.82,-1.34,,
85.971,LAND_APPROACH,3.8362,-1.1418,0.309,-90.55,0.07,0.69,-0.0,-0.0339,-0.2029,0.007,2.63,,,,,3.82,-1.34,,
86.009,LAND_APPROACH,3.8342,-1.15,0.307,-90.83,0.41,0.36,-0.0,-0.0363,-0.1934,0.0054,2.63,,,1.648,,3.82,-1.34,,
86.038,LAND_APPROACH,3.8329,-1.1584,0.306,-90.97,0.52,0.16,-0.0,-0.0386,-0.1875,-0.0011,2.622,,,1.648,,3.82,-1.34,,
86.12,LAND_APPROACH,3.831,-1.1658,0.309,-90.83,0.75,-0.31,-0.0,-0.0436,-0.1829,-0.0131,2.622,,,1.711,,3.82,-1.34,,
86.154,LAND_APPROACH,3.8281,-1.174,0.306,-90.42,0.61,-0.55,-0.0,-0.0511,-0.1831,-0.0111,2.595,,,1.711,,3.82,-1.34,,
86.208,LAND_APPROACH,3.8256,-1.1818,0.305,-90.04,0.51,-0.7,-0.0,-0.0557,-0.1846,-0.0169,2.595,,,1.779,,3.82,-1.34,,
86.257,LAND_APPROACH,3.8219,-1.19,0.307,-89.78,-0.15,-0.67,-0.0,-0.0594,-0.1876,-0.0079,2.58,,,1.779,,3.82,-1.34,,
86.288,LAND_APPROACH,3.8178,-1.1976,0.308,-89.46,0.16,-1.09,-0.0,-0.0619,-0.1895,-0.0055,2.58,,,1.788,,3.82,-1.34,,
86.36,LAND_APPROACH,3.8154,-1.2046,0.307,-89.11,-0.06,-0.77,-0.0,-0.0606,-0.1911,0.0087,2.561,,,1.788,,3.82,-1.34,,
86.389,LAND_APPROACH,3.8114,-1.2138,0.308,-88.76,-0.76,-0.29,-0.0,-0.0606,-0.1945,0.0096,2.561,,,1.764,,3.82,-1.34,,
86.449,LAND_APPROACH,3.8093,-1.2233,0.308,-88.42,-1.21,-0.34,-0.0,-0.05,-0.196,0.0139,2.541,,,1.764,,3.82,-1.34,,
86.523,LAND_APPROACH,3.8063,-1.2331,0.309,-88.19,-1.42,-0.32,-0.0,-0.0406,-0.1986,0.0127,2.541,,,1.728,,3.82,-1.34,,
86.581,LAND_APPROACH,3.8044,-1.2421,0.309,-88.1,-1.05,-0.71,-0.0,-0.0295,-0.1989,0.0153,2.524,,,1.728,,3.82,-1.34,,
86.589,LAND_APPROACH,3.8045,-1.251,0.307,-87.96,-0.98,-0.9,-0.0,-0.0178,-0.2019,0.0085,2.524,,,1.715,,3.82,-1.34,,
86.655,LAND_APPROACH,3.804,-1.2603,0.308,-87.78,-1.33,-1.01,-0.0,-0.0073,-0.2064,0.0009,2.511,,,1.715,,3.82,-1.34,,
86.703,LAND_APPROACH,3.8038,-1.2706,0.309,-87.64,-1.38,-1.23,-0.0,0.0045,-0.2142,0.0009,2.511,,,1.687,,3.82,-1.34,,
86.759,LAND_APPROACH,3.8054,-1.2815,0.31,-87.47,-1.13,-1.13,-0.0,0.0186,-0.2236,0.0005,2.498,,,1.687,,3.82,-1.34,,
86.805,LAND_APPROACH,3.8068,-1.2926,0.312,-87.2,-1.07,-1.13,-0.0,0.0291,-0.2316,-0.0018,2.498,,,1.656,,3.82,-1.34,,
86.844,LAND_APPROACH,3.8096,-1.3048,0.309,-86.86,-0.9,-1.16,-0.0,0.0407,-0.2417,-0.0025,2.472,,,1.656,,3.82,-1.34,,
86.938,LAND_APPROACH,3.811,-1.3173,0.305,-86.57,-0.64,-0.98,-0.0,0.046,-0.2519,-0.0113,2.472,,,1.612,,3.82,-1.34,,
86.974,LAND_APPROACH,3.8141,-1.3303,0.305,-86.16,-0.36,-0.77,-0.0,0.0526,-0.2597,-0.0189,2.45,,,1.612,,3.82,-1.34,,
87.021,LAND_APPROACH,3.8186,-1.3446,0.3,-85.76,-0.18,-0.73,-0.0,0.06,-0.2694,-0.0138,2.45,,,1.557,,3.82,-1.34,,
87.054,LAND_APPROACH,3.8213,-1.3598,0.252,-85.5,-0.12,-0.58,-0.0,0.0611,-0.2799,-0.0196,2.419,,,1.557,,3.82,-1.34,,
87.11,LAND_APPROACH,3.8253,-1.3762,0.232,-85.44,-0.08,-0.64,-0.0,0.0653,-0.2902,-0.1063,2.419,,,1.506,,3.82,-1.34,,
87.143,LAND_APPROACH,3.8279,-1.3932,0.212,-85.47,0.28,0.53,-0.0,0.0645,-0.2996,-0.0931,2.39,,,1.506,,3.82,-1.34,,
87.195,LAND_APPROACH,3.8305,-1.41,0.219,-85.54,0.61,2.39,-0.0,0.058,-0.29,-0.0955,2.39,,,1.476,,3.82,-1.34,,
87.255,LAND_APPROACH,3.8347,-1.4317,0.242,-85.54,0.69,3.77,-0.0,0.0519,-0.2807,-0.0129,2.371,,,1.476,,3.82,-1.34,,
87.316,LAND_APPROACH,3.8364,-1.4459,0.26,-85.63,0.86,4.8,-0.0,0.0406,-0.2459,0.0555,2.371,,,1.424,,3.82,-1.34,,
87.345,LAND_APPROACH,3.8359,-1.4588,0.273,-85.67,0.82,5.26,-0.0,0.0234,-0.2044,0.1145,2.362,,,1.424,,3.82,-1.34,,
87.415,LAND_APPROACH,3.8361,-1.4671,0.291,-85.66,0.54,5.23,-0.0,0.0123,-0.1583,0.1456,2.362,,,1.395,,3.82,-1.34,,
87.444,LAND_APPROACH,3.8349,-1.4733,0.306,-85.62,0.4,4.85,-0.0,0.001,-0.1131,0.17,2.346,,,1.395,,3.82,-1.34,,
87.51,LAND_APPROACH,3.8353,-1.4783,0.317,-85.57,-0.08,4.1,-0.0,-0.0023,-0.0786,0.1798,2.346,,,1.362,,3.82,-1.34,,
87.54,LAND_APPROACH,3.8343,-1.4786,0.332,-85.53,-0.23,3.3,-0.0,-0.0057,-0.0408,0.1553,2.325,,,1.362,,3.82,-1.34,,
87.599,LAND_APPROACH,3.84,-1.4762,0.338,-85.3,-0.39,2.61,-0.0,0.0084,-0.0175,0.1501,2.325,,,1.358,,3.82,-1.34,,
87.638,LAND_APPROACH,3.8475,-1.4729,0.348,-85.07,-0.41,1.76,0.0,0.0268,-0.0036,0.1093,2.325,,,1.358,,3.82,-1.34,,
87.703,LAND_APPROACH,3.8501,-1.4708,0.353,-85.15,-0.4,1.09,0.0,0.0316,0.0113,0.0852,2.325,,,1.351,,3.82,-1.34,,
87.758,LAND_APPROACH,3.8557,-1.4685,0.352,-85.18,-0.47,0.65,0.0,0.0434,0.0167,0.057,2.318,,,1.351,,3.82,-1.34,,
87.816,LAND_APPROACH,3.8591,-1.4653,0.353,-85.3,-0.48,0.3,0.0,0.0495,0.0252,0.0189,2.318,,,1.367,,3.82,-1.34,,
87.846,LAND_APPROACH,3.8649,-1.4619,0.354,-85.4,-0.33,0.17,0.0,0.06,0.0286,-0.0091,2.318,,,1.367,,3.82,-1.34,,
87.92,LAND_APPROACH,3.8692,-1.46,0.352,-85.53,-0.5,-0.02,0.0,0.0661,0.0298,-0.0231,2.318,,,1.389,,3.82,-1.34,,
87.951,LAND_APPROACH,3.8772,-1.4574,0.345,-85.59,-0.35,-0.11,0.0,0.0803,0.0283,-0.0417,2.322,,,1.389,,3.82,-1.34,,
88.008,LAND_APPROACH,3.8819,-1.4567,0.346,-85.64,-0.19,-0.1,0.0,0.0839,0.0259,-0.065,2.322,,,1.405,,3.82,-1.34,,
88.075,LAND_YAW_ALIGN,3.8913,-1.4546,0.341,-85.82,-0.08,-0.12,0.0,0.0972,0.0238,-0.0567,2.309,,,1.405,,3.82,-1.34,,
88.11,LAND_YAW_ALIGN,3.8986,-1.4524,0.337,-86.0,0.05,0.01,0.0,0.1034,0.025,-0.0689,2.309,,,1.416,,3.82,-1.34,,
88.189,LAND_YAW_ALIGN,3.9064,-1.453,0.336,-86.15,0.13,-0.03,0.0,0.1091,0.0194,-0.0697,2.311,,,1.416,,3.82,-1.34,,
88.198,LAND_YAW_ALIGN,3.913,-1.4539,0.337,-86.33,0.37,0.04,15.0,0.1106,0.0146,-0.0647,2.311,,,1.46,,3.82,-1.34,,
88.268,LAND_YAW_ALIGN,3.9221,-1.4556,0.339,-86.29,1.25,-0.03,15.0,0.1127,0.0076,-0.0544,2.308,,,1.46,,3.82,-1.34,,
88.301,LAND_YAW_ALIGN,3.9276,-1.4571,0.342,-86.08,1.86,-0.09,15.0,0.1007,0.0021,-0.0501,2.308,,,1.478,,3.82,-1.34,,
88.37,LAND_YAW_ALIGN,3.9361,-1.4606,0.348,-85.68,2.5,0.01,15.0,0.092,-0.0071,-0.0403,2.299,,,1.478,,3.82,-1.34,,
88.398,LAND_YAW_ALIGN,3.9396,-1.4623,0.35,-85.17,2.87,0.2,15.0,0.0689,-0.011,-0.0303,2.299,,,1.486,,3.82,-1.34,,
88.456,LAND_YAW_ALIGN,3.9448,-1.4643,0.351,-84.5,3.12,0.28,15.0,0.0503,-0.0137,-0.0295,2.292,,,1.486,,3.82,-1.34,,
88.49,LAND_YAW_ALIGN,3.946,-1.4662,0.347,-83.67,3.2,0.51,15.0,0.0231,-0.016,-0.0395,2.292,,,1.474,,3.82,-1.34,,
88.543,LAND_YAW_ALIGN,3.9467,-1.4694,0.334,-82.83,3.27,0.7,15.0,-0.003,-0.0187,-0.0553,2.292,,,1.474,,3.82,-1.34,,
88.615,LAND_YAW_ALIGN,3.9464,-1.4774,0.325,-81.94,2.94,0.87,15.0,-0.0275,-0.0279,-0.0845,2.292,,,1.463,,3.82,-1.34,,
88.646,LAND_YAW_ALIGN,3.9455,-1.4788,0.306,-80.94,2.53,1.03,15.0,-0.05,-0.024,-0.0961,2.29,,,1.463,,3.82,-1.34,,
88.715,LAND_YAW_ALIGN,3.9413,-1.4816,0.293,-79.88,2.08,1.31,15.0,-0.0743,-0.0205,-0.1214,2.29,,,1.467,,3.82,-1.34,,
88.757,LAND_YAW_ALIGN,3.939,-1.4832,0.277,-78.82,1.4,1.58,15.0,-0.0892,-0.0124,-0.1172,2.287,,,1.467,,3.82,-1.34,,
88.825,LAND_YAW_ALIGN,3.9366,-1.4856,0.266,-77.75,0.85,1.73,15.0,-0.0972,-0.0026,-0.1159,2.287,,,1.482,,3.82,-1.34,,
88.842,LAND_YAW_ALIGN,3.9344,-1.4887,0.261,-76.72,0.5,1.73,15.0,-0.1006,0.0064,-0.0973,2.298,,,1.482,,3.82,-1.34,,
88.892,LAND_YAW_ALIGN,3.9307,-1.4897,0.256,-75.77,0.04,1.58,15.0,-0.1034,0.0182,-0.0735,2.298,,,1.48,,3.82,-1.34,,
88.94,LAND_YAW_ALIGN,3.9277,-1.4896,0.254,-74.93,-0.29,1.45,15.0,-0.1011,0.0297,-0.0431,2.306,,,1.48,,3.82,-1.34,,
89.017,LAND_YAW_ALIGN,3.9248,-1.4904,0.256,-74.13,-0.5,1.28,15.0,-0.0962,0.0375,-0.0195,2.306,,,1.515,,3.82,-1.34,,
89.067,LAND_YAW_ALIGN,3.9211,-1.4876,0.262,-73.33,-0.72,1.02,15.0,-0.0919,0.0503,0.013,2.314,,,1.515,,3.82,-1.34,,
89.113,LAND_YAW_ALIGN,3.9175,-1.4838,0.267,-72.58,-0.78,0.86,15.0,-0.0861,0.0617,0.0395,2.314,,,1.519,,3.82,-1.34,,
89.152,LAND_YAW_ALIGN,3.9161,-1.4811,0.274,-71.87,-0.64,0.7,15.0,-0.0759,0.0681,0.0571,2.335,,,1.519,,3.82,-1.34,,
89.218,LAND_YAW_ALIGN,3.9151,-1.4775,0.278,-71.13,-0.41,0.66,15.0,-0.067,0.0745,0.0725,2.335,,,1.573,,3.82,-1.34,,
89.262,LAND_YAW_ALIGN,3.9129,-1.4705,0.29,-70.41,-0.23,0.39,15.0,-0.0633,0.0875,0.0689,2.346,,,1.573,,3.82,-1.34,,
89.304,LAND_YAW_ALIGN,3.9129,-1.4649,0.295,-69.7,-0.1,0.0,15.0,-0.0553,0.0922,0.0817,2.346,,,1.619,,3.82,-1.34,,
89.352,LAND_YAW_ALIGN,3.913,-1.4586,0.304,-68.91,0.15,-0.17,15.0,-0.0475,0.0959,0.0782,2.365,,,1.619,,3.82,-1.34,,
89.4,LAND_YAW_ALIGN,3.9147,-1.4549,0.308,-68.06,0.56,-0.39,15.0,-0.0395,0.0895,0.0776,2.365,,,1.722,,3.82,-1.34,,
89.471,LAND_YAW_ALIGN,3.9145,-1.4515,0.31,-67.2,0.82,-0.73,15.0,-0.0385,0.0813,0.0603,2.379,,,1.722,,3.82,-1.34,,
89.512,LAND_YAW_ALIGN,3.9141,-1.4486,0.315,-66.39,0.95,-1.11,15.0,-0.0383,0.0694,0.0477,2.379,,,1.78,,3.82,-1.34,,
89.537,LAND_YAW_ALIGN,3.9134,-1.4448,0.314,-65.57,1.04,-1.22,15.0,-0.0385,0.0599,0.0376,2.396,,,1.78,,3.82,-1.34,,
89.596,LAND_YAW_ALIGN,3.9129,-1.4448,0.314,-64.72,1.36,-1.09,15.0,-0.0395,0.04,0.0204,2.396,,,,,3.82,-1.34,,
89.691,LAND_YAW_ALIGN,3.9141,-1.4462,0.311,-64.0,1.36,-0.98,15.0,-0.0382,0.02,0.0058,2.426,,,,,3.82,-1.34,,
89.762,LAND_YAW_ALIGN,3.9137,-1.4508,0.306,-63.39,1.46,-0.77,15.0,-0.0419,-0.0056,-0.0081,2.426,,,,,3.82,-1.34,,
89.799,LAND_YAW_ALIGN,3.9129,-1.4509,0.307,-62.79,1.24,-0.55,15.0,-0.0459,-0.0144,-0.0251,2.432,,,,,3.82,-1.34,,
89.829,LAND_YAW_ALIGN,3.9117,-1.4608,0.305,-62.19,1.12,-0.21,15.0,-0.051,-0.0445,-0.0189,2.432,,,,,3.82,-1.34,,
89.877,LAND_YAW_ALIGN,3.9097,-1.4664,0.299,-61.63,0.92,0.18,15.0,-0.0572,-0.0567,-0.0206,2.436,,,,,3.82,-1.34,,
89.895,LAND_YAW_ALIGN,3.9064,-1.4725,0.301,-61.13,0.47,0.47,15.0,-0.0648,-0.0654,-0.0322,2.436,,,,,3.82,-1.34,,
89.953,LAND_YAW_ALIGN,3.9036,-1.48,0.298,-60.67,0.02,0.73,15.0,-0.0684,-0.0725,-0.0177,2.445,,,,,3.82,-1.34,,
90.014,LAND_YAW_ALIGN,3.9005,-1.4821,0.297,-60.13,-0.33,0.77,15.0,-0.0697,-0.0632,-0.0229,2.445,,,,,3.82,-1.34,,
90.052,LAND_YAW_ALIGN,3.8988,-1.4861,0.298,-59.52,-0.61,1.04,15.0,-0.0658,-0.0569,-0.0227,2.461,,,,,3.82,-1.34,,
90.133,LAND_YAW_ALIGN,3.8953,-1.489,0.299,-58.81,-0.95,1.26,15.0,-0.0657,-0.0462,-0.0166,2.461,,,,,3.82,-1.34,,
90.155,LAND_YAW_ALIGN,3.8932,-1.4931,0.295,-58.03,-1.31,1.44,15.0,-0.0612,-0.0366,-0.0062,2.49,,,,,3.82,-1.34,,
90.225,LAND_YAW_ALIGN,3.8899,-1.496,0.299,-57.27,-1.43,1.53,15.0,-0.059,-0.0237,-0.0114,2.49,,,,,3.82,-1.34,,
90.258,LAND_YAW_ALIGN,3.888,-1.4981,0.295,-56.61,-1.47,1.61,15.0,-0.0538,-0.0093,0.0003,2.512,,,,,3.82,-1.34,,
90.32,LAND_YAW_ALIGN,3.8867,-1.4986,0.298,-56.0,-1.38,1.64,15.0,-0.0485,0.0077,-0.0079,2.512,,,1.212,,3.82,-1.34,,
90.349,LAND_YAW_ALIGN,3.8852,-1.4989,0.299,-55.48,-1.35,1.56,15.0,-0.045,0.0222,0.0019,2.522,0.869,,1.212,,3.82,-1.34,,
90.401,LAND_YAW_ALIGN,3.8841,-1.4958,0.3,-55.05,-1.37,1.42,15.0,-0.0401,0.0427,0.0019,2.522,0.869,,,,3.82,-1.34,,
90.467,LAND_YAW_ALIGN,3.883,-1.4926,0.3,-54.69,-1.21,1.29,15.0,-0.0359,0.0599,-0.0,2.562,0.856,,,,3.82,-1.34,,
90.517,LAND_YAW_ALIGN,3.8845,-1.4868,0.299,-54.37,-1.04,1.02,15.0,-0.0267,0.0789,-0.0025,2.562,0.856,,,,3.82,-1.34,,
90.553,LAND_YAW_ALIGN,3.8822,-1.4836,0.3,-54.07,-0.73,0.75,15.0,-0.0273,0.088,-0.005,2.564,,,,,3.82,-1.34,,
90.617,LAND_YAW_ALIGN,3.8847,-1.4798,0.298,-53.72,-0.49,0.47,15.0,-0.0186,0.0916,-0.0021,2.564,,,1.217,,3.82,-1.34,,
90.651,LAND_YAW_ALIGN,3.8849,-1.4757,0.298,-53.33,-0.09,0.28,15.0,-0.0161,0.094,-0.0071,2.582,0.833,,1.217,,3.82,-1.34,,
90.713,LAND_YAW_ALIGN,3.8858,-1.4711,0.299,-52.93,0.09,-0.02,15.0,-0.0132,0.0939,-0.0077,2.582,0.833,,1.212,,3.82,-1.34,,
90.748,LAND_YAW_ALIGN,3.8835,-1.4627,0.294,-52.6,0.35,-0.24,15.0,-0.017,0.1025,-0.0036,2.593,0.821,,1.212,,3.82,-1.34,,
90.799,LAND_YAW_ALIGN,3.8827,-1.4588,0.297,-52.18,0.64,-0.52,15.0,-0.0181,0.0945,-0.0104,2.593,0.821,,1.225,,3.82,-1.34,,
90.888,LAND_YAW_ALIGN,3.8814,-1.4558,0.298,-51.73,0.91,-0.84,15.0,-0.021,0.0826,-0.0001,2.615,0.809,,1.225,,3.82,-1.34,,
90.918,LAND_YAW_ALIGN,3.8801,-1.4513,0.297,-51.27,0.94,-1.04,15.0,-0.0227,0.073,-0.0002,2.615,0.809,,1.231,,3.82,-1.34,,
90.974,LAND_YAW_ALIGN,3.8779,-1.4494,0.298,-50.73,1.06,-1.08,15.0,-0.0259,0.057,-0.0,2.625,0.788,,1.231,,3.82,-1.34,,
91.016,LAND_YAW_ALIGN,3.8759,-1.4471,0.3,-50.04,1.0,-1.21,15.0,-0.0283,0.0432,0.0059,2.625,0.788,,1.228,,3.82,-1.34,,
91.064,LAND_YAW_ALIGN,3.8734,-1.447,0.298,-49.32,0.99,-1.13,15.0,-0.031,0.025,0.0087,2.66,0.778,,1.228,,3.82,-1.34,,
91.087,LAND_YAW_ALIGN,3.873,-1.4498,0.299,-48.6,0.73,-0.99,15.0,-0.0282,0.0046,-0.0004,2.66,0.778,,1.227,,3.82,-1.34,,
91.166,LAND_YAW_ALIGN,3.8723,-1.4544,0.298,-47.8,0.45,-0.95,15.0,-0.0256,-0.0159,0.0025,2.682,0.754,,1.227,,3.82,-1.34,,
91.229,LAND_YAW_ALIGN,3.8716,-1.4589,0.301,-47.01,0.15,-0.74,15.0,-0.0217,-0.0315,-0.0036,2.682,0.754,,1.229,,3.82,-1.34,,
91.266,LAND_YAW_ALIGN,3.8693,-1.4642,0.296,-46.18,-0.39,-0.59,15.0,-0.0207,-0.0448,0.0068,2.695,0.737,,1.229,,3.82,-1.34,,
91.32,LAND_YAW_ALIGN,3.8702,-1.4705,0.299,-45.4,-1.03,-0.43,15.0,-0.0095,-0.0534,-0.0011,2.695,0.737,,1.231,,3.82,-1.34,,
91.358,LAND_YAW_ALIGN,3.8691,-1.4719,0.3,-44.64,-1.4,-0.21,15.0,-0.0019,-0.0458,0.0051,2.745,0.731,,1.231,,3.82,-1.34,,
91.415,LAND_YAW_ALIGN,3.8708,-1.4757,0.301,-43.86,-1.4,0.06,15.0,0.0104,-0.0417,0.0038,2.745,0.731,,1.233,,3.82,-1.34,,
91.445,LAND_YAW_ALIGN,3.8732,-1.4793,0.302,-43.07,-1.53,0.37,15.0,0.0216,-0.0357,0.0014,2.787,0.723,,1.233,,3.82,-1.34,,
91.518,LAND_YAW_ALIGN,3.8752,-1.4818,0.3,-42.34,-1.55,0.7,15.0,0.0288,-0.0255,0.0009,2.787,0.723,,1.244,,3.82,-1.34,,
91.54,LAND_YAW_ALIGN,3.8791,-1.4839,0.302,-41.61,-1.43,0.91,15.0,0.0374,-0.0144,-0.0078,2.833,0.724,,1.244,,3.82,-1.34,,
91.595,LAND_YAW_ALIGN,3.8838,-1.485,0.299,-40.72,-1.24,1.12,15.0,0.0446,-0.002,-0.0061,2.833,0.724,,1.276,,3.82,-1.34,,
91.657,LAND_YAW_ALIGN,3.8858,-1.4854,0.3,-39.82,-0.96,1.23,15.0,0.0427,0.0099,-0.0158,,0.729,,1.276,,3.82,-1.34,,
91.691,LAND_YAW_ALIGN,3.8876,-1.4833,0.299,-38.95,-0.68,1.24,15.0,0.0386,0.0251,-0.0129,,0.729,,1.317,,3.82,-1.34,,
91.781,LAND_YAW_ALIGN,3.891,-1.4822,0.299,-38.06,-0.42,1.37,15.0,0.0365,0.0348,-0.0128,,0.73,,1.317,,3.82,-1.34,,
91.813,LAND_YAW_ALIGN,3.894,-1.4788,0.299,-37.07,-0.26,1.31,15.0,0.0318,0.0472,-0.0126,,0.73,,1.371,,3.82,-1.34,,
91.861,LAND_YAW_ALIGN,3.8955,-1.4766,0.297,-36.06,0.02,1.31,15.0,0.024,0.0541,-0.0113,,0.735,,1.371,,3.82,-1.34,,
91.895,LAND_YAW_ALIGN,3.8965,-1.4744,0.297,-35.0,0.27,1.19,15.0,0.0146,0.058,-0.0136,,0.735,,1.424,,3.82,-1.34,,
91.97,LAND_YAW_ALIGN,3.8969,-1.4718,0.294,-34.0,0.35,0.95,15.0,0.0052,0.0605,-0.0121,,0.746,,1.424,,3.82,-1.34,,
92.036,LAND_YAW_ALIGN,3.8975,-1.4695,0.294,-33.01,0.52,0.66,15.0,-0.0014,0.0596,-0.0171,,0.746,,1.489,,3.82,-1.34,,
92.066,LAND_YAW_ALIGN,3.8959,-1.4663,0.288,-32.07,0.58,0.41,15.0,-0.0111,0.059,-0.0123,,0.756,,1.489,,3.82,-1.34,,
92.135,LAND_YAW_ALIGN,3.8944,-1.4639,0.288,-31.2,0.79,0.21,15.0,-0.0182,0.0546,-0.0214,,0.756,,1.525,,3.82,-1.34,,
92.161,LAND_YAW_ALIGN,3.892,-1.4613,0.289,-30.35,0.72,0.12,15.0,-0.0259,0.0495,-0.0125,,0.772,,1.525,,3.82,-1.34,,
92.216,LAND_YAW_ALIGN,3.8907,-1.4588,0.289,-29.48,0.63,-0.06,15.0,-0.029,0.0449,-0.007,,0.772,,1.554,,3.82,-1.34,,
92.26,LAND_YAW_ALIGN,3.8881,-1.4594,0.293,-28.71,0.55,-0.01,15.0,-0.0337,0.0344,0.0008,,0.794,,1.554,,3.82,-1.34,,
92.306,LAND_YAW_ALIGN,3.8858,-1.4584,0.293,-27.94,0.54,-0.11,15.0,-0.0369,0.0283,0.0099,,0.794,,1.595,,3.82,-1.34,,
92.345,LAND_YAW_ALIGN,3.8844,-1.459,0.296,-27.21,0.41,-0.24,15.0,-0.0364,0.0197,0.0094,,0.811,,1.595,,3.82,-1.34,,
92.403,LAND_YAW_ALIGN,3.8829,-1.4597,0.295,-26.35,0.27,-0.41,15.0,-0.0347,0.0124,0.0153,,0.811,,1.63,,3.82,-1.34,,
92.437,LAND_YAW_ALIGN,3.8813,-1.4631,0.291,-25.44,0.37,-0.45,15.0,-0.0323,-0.0001,0.0092,,0.834,,1.63,,3.82,-1.34,,
92.487,LAND_YAW_ALIGN,3.88,-1.4653,0.296,-24.47,0.08,-0.57,15.0,-0.0286,-0.0088,0.0018,,0.834,,1.693,,3.82,-1.34,,
92.569,LAND_YAW_ALIGN,3.8793,-1.4675,0.292,-23.49,-0.24,-0.75,15.0,-0.0222,-0.0143,0.0172,,0.877,,1.693,,3.82,-1.34,,
92.587,LAND_YAW_ALIGN,3.8798,-1.4712,0.296,-22.56,-0.51,-0.65,15.0,-0.0117,-0.0209,0.0052,,0.877,,1.851,,3.82,-1.34,,
92.652,LAND_YAW_ALIGN,3.8792,-1.4744,0.295,-21.62,-0.79,-0.42,15.0,-0.0055,-0.0228,0.017,,0.935,,1.851,,3.82,-1.34,,
92.709,LAND_YAW_ALIGN,3.8831,-1.4779,0.297,-20.69,-1.05,-0.23,15.0,0.0095,-0.0221,0.015,,0.935,,,,3.82,-1.34,,
92.762,LAND_YAW_ALIGN,3.8847,-1.4799,0.296,-19.73,-1.13,0.01,15.0,0.0157,-0.0162,0.0188,,,,,,3.82,-1.34,,
92.816,LAND_YAW_ALIGN,3.8868,-1.4818,0.3,-18.81,-1.24,0.18,15.0,0.021,-0.0098,0.0162,,,,2.319,,3.82,-1.34,,
92.876,LAND_YAW_ALIGN,3.8891,-1.4832,0.302,-17.89,-1.24,0.21,15.0,0.0255,-0.0017,0.0228,,,,2.319,,3.82,-1.34,,
92.911,LAND_YAW_ALIGN,3.8934,-1.4824,0.303,-17.18,-1.28,0.3,15.0,0.0343,0.0107,0.024,,,,2.359,,3.82,-1.34,,
92.944,LAND_YAW_ALIGN,3.8969,-1.483,0.303,-16.31,-1.33,0.48,15.0,0.0381,0.0189,0.0215,,2.259,,2.359,,3.82,-1.34,,
93.025,LAND_YAW_ALIGN,3.9013,-1.4811,0.308,-15.49,-1.22,0.77,15.0,0.0415,0.0325,0.0174,,2.259,,2.4,,3.82,-1.34,,
93.038,LAND_YAW_ALIGN,3.9046,-1.4792,0.314,-14.69,-1.1,0.93,15.0,0.0398,0.0436,0.0239,,2.501,,2.4,,3.82,-1.34,,
93.098,LAND_YAW_ALIGN,3.9079,-1.4735,0.309,-13.88,-0.9,1.07,15.0,0.0368,0.0619,0.0259,,2.501,,2.41,,3.82,-1.34,,
93.16,LAND_YAW_ALIGN,3.91,-1.4709,0.314,-13.17,-0.54,1.3,15.0,0.0291,0.0683,0.0016,,2.597,,2.41,,3.82,-1.34,,
93.193,LAND_YAW_ALIGN,3.9121,-1.4665,0.311,-12.5,-0.32,1.45,15.0,0.0199,0.0762,0.0124,,2.597,,2.409,,3.82,-1.34,,
93.283,LAND_YAW_ALIGN,3.9143,-1.4614,0.314,-11.84,0.01,1.41,15.0,0.0117,0.0825,-0.0058,,2.535,,2.409,,3.82,-1.34,,
93.32,LAND_YAW_ALIGN,3.914,-1.4566,0.309,-11.14,0.38,1.39,15.0,-0.0019,0.0842,-0.0042,,2.535,,2.403,,3.82,-1.34,,
93.337,LAND_YAW_ALIGN,3.9152,-1.4536,0.309,-10.38,0.69,1.33,15.0,-0.0103,0.0787,-0.0219,,,,2.403,,3.82,-1.34,,
93.402,LAND_YAW_ALIGN,3.9147,-1.4474,0.308,-9.58,0.85,1.25,15.0,-0.0221,0.0787,-0.0175,,,,2.387,,3.82,-1.34,,
93.455,LAND_YAW_ALIGN,3.9145,-1.4437,0.308,-8.78,1.06,1.1,15.0,-0.0308,0.0717,-0.0193,,,,2.387,,3.82,-1.34,,
93.546,LAND_YAW_ALIGN,3.9135,-1.4394,0.307,-7.95,1.2,0.95,15.0,-0.0391,0.0651,-0.0169,,,,2.394,,3.82,-1.34,,
93.561,LAND_YAW_ALIGN,3.9122,-1.4357,0.299,-7.1,1.18,0.64,15.0,-0.0451,0.057,-0.0172,,2.13,,2.394,,3.82,-1.34,,
93.616,LAND_YAW_ALIGN,3.9095,-1.4348,0.298,-6.25,1.27,0.41,15.0,-0.0511,0.0433,-0.0301,,2.13,,2.368,,3.82,-1.34,,
93.654,LAND_YAW_ALIGN,3.9079,-1.433,0.297,-5.36,1.35,0.39,15.0,-0.0532,0.0319,-0.0213,,1.988,,2.368,,3.82,-1.34,,
93.71,LAND_YAW_ALIGN,3.9062,-1.4333,0.297,-4.48,1.38,0.32,15.0,-0.0544,0.0166,-0.0174,,1.988,,2.361,,3.82,-1.34,,
93.75,LAND_YAW_ALIGN,3.9046,-1.4355,0.299,-3.68,1.38,0.17,15.0,-0.0542,-0.0007,-0.0097,,1.875,,2.361,,3.82,-1.34,,
93.796,LAND_YAW_ALIGN,3.9047,-1.4381,0.298,-2.82,1.26,0.02,15.0,-0.0491,-0.0162,-0.0008,,1.875,,2.346,,3.82,-1.34,,
93.878,LAND_YAW_ALIGN,3.9041,-1.4468,0.296,-1.89,1.28,0.01,15.0,-0.0448,-0.0425,0.0031,,,,2.346,,3.82,-1.34,,
93.904,LAND_YAW_ALIGN,3.9059,-1.4514,0.299,-0.96,1.09,-0.12,15.0,-0.035,-0.0564,0.0009,,,,2.328,,3.82,-1.34,,
93.965,LAND_YAW_ALIGN,3.9065,-1.456,0.299,0.05,0.65,-0.19,15.0,-0.0282,-0.0661,0.0141,,1.621,,2.328,,3.82,-1.34,,
94.009,LAND_YAW_ALIGN,3.9084,-1.4616,0.3,1.08,0.34,0.04,15.0,-0.0202,-0.0736,0.0121,,1.621,,2.318,,3.82,-1.34,,
94.074,LAND_YAW_ALIGN,3.9101,-1.4664,0.305,2.0,-0.16,0.06,15.0,-0.0144,-0.0754,0.0135,,1.537,,2.318,,3.82,-1.34,,
94.1,LAND_YAW_ALIGN,3.9126,-1.4696,0.303,2.96,-0.63,0.23,15.0,-0.0084,-0.0697,0.0224,,1.537,,2.31,,3.82,-1.34,,
94.137,LAND_YAW_ALIGN,3.9127,-1.4718,0.305,3.88,-0.98,0.18,-0.0,-0.0094,-0.06,0.0122,,1.467,,2.31,,3.82,-1.34,,
94.2,LAND_YAW_ALIGN,3.9159,-1.4758,0.304,4.75,-1.03,0.31,-0.0,-0.0042,-0.0537,0.0169,,1.467,,2.307,,3.82,-1.34,,
94.268,LAND_YAW_ALIGN,3.916,-1.4785,0.305,5.46,-1.04,0.12,-0.0,-0.0058,-0.0455,0.01,,1.434,,2.307,,3.82,-1.34,,
94.299,LAND_YAW_ALIGN,3.9168,-1.4798,0.311,5.96,-1.18,-0.0,-0.0,-0.0048,-0.0339,0.0097,,1.434,,2.297,,3.82,-1.34,,
94.36,LAND_YAW_ALIGN,3.9178,-1.4808,0.309,6.34,-1.11,-0.14,-0.0,-0.0025,-0.023,0.0218,,1.412,,2.297,,3.82,-1.34,,
94.408,LAND_YAW_ALIGN,3.917,-1.4783,0.313,6.61,-0.98,-0.01,-0.0,-0.0044,-0.0063,0.0079,,1.412,,2.292,,3.82,-1.34,,
94.464,LAND_YAW_ALIGN,3.9273,-1.4758,0.315,6.74,-0.67,0.03,-0.0,0.0173,0.005,0.0099,,1.413,,2.292,,3.82,-1.34,,
94.49,LAND_YAW_ALIGN,3.9303,-1.472,0.32,6.71,-0.39,0.2,-0.0,0.02,0.0165,0.0067,,1.413,,2.298,,3.82,-1.34,,
94.563,LAND_YAW_ALIGN,3.9364,-1.4666,0.323,6.64,-0.2,0.3,-0.0,0.0283,0.0275,0.01,,1.433,,2.298,,3.82,-1.34,,
94.587,LAND_YAW_ALIGN,3.9382,-1.4646,0.325,6.59,0.09,0.39,-0.0,0.0262,0.0289,0.0042,,1.433,,2.282,,3.82,-1.34,,
94.665,LAND_YAW_ALIGN,3.943,-1.4608,0.329,6.46,0.3,0.63,-0.0,0.0293,0.0315,0.0006,,1.452,,2.282,,3.82,-1.34,,
94.686,LAND_YAW_ALIGN,3.9451,-1.4552,0.328,6.3,0.43,0.73,-0.0,0.0256,0.0362,0.0009,,1.452,,2.298,,3.82,-1.34,,
94.737,LAND_YAW_ALIGN,3.9469,-1.453,0.336,6.07,0.7,0.92,-0.0,0.0202,0.0316,-0.009,,1.481,,2.298,,3.82,-1.34,,
94.79,LAND_YAW_ALIGN,3.9519,-1.4476,0.334,5.84,0.71,0.91,-0.0,0.0218,0.0329,-0.007,,1.481,,2.31,,3.82,-1.34,,
94.855,LAND_YAW_ALIGN,3.9541,-1.4455,0.338,5.61,0.84,0.87,-0.0,0.0177,0.0272,-0.0213,,1.498,,2.31,,3.82,-1.34,,
94.907,LAND_YAW_ALIGN,3.9594,-1.4449,0.34,5.38,0.95,0.95,-0.0,0.0212,0.0179,-0.0233,,1.498,,2.299,,3.82,-1.34,,
94.953,LAND_YAW_ALIGN,3.9595,-1.4382,0.341,5.24,1.11,1.11,-0.0,0.0115,0.0212,-0.0248,,1.531,,2.299,,3.82,-1.34,,
95.004,LAND_YAW_ALIGN,3.9608,-1.4366,0.344,5.11,1.31,1.14,-0.0,0.0051,0.0117,-0.0326,,1.531,,2.319,,3.82,-1.34,,
95.048,LAND_YAW_ALIGN,3.9621,-1.4336,0.339,5.06,1.22,1.23,-0.0,-0.0015,0.0062,-0.0298,,1.542,,2.319,,3.82,-1.34,,
95.107,LAND_YAW_ALIGN,3.9618,-1.4329,0.332,5.05,1.32,1.24,-0.0,-0.0106,-0.0041,-0.0506,,1.542,,2.314,,3.82,-1.34,,
95.148,LAND_YAW_ALIGN,3.9582,-1.4283,0.319,5.0,1.21,1.23,-0.0,-0.0269,-0.0059,-0.0712,,1.553,,2.314,,3.82,-1.34,,
95.19,LAND_YAW_ALIGN,3.9589,-1.4304,0.312,4.92,1.32,1.24,-0.0,-0.0316,-0.0209,-0.091,,1.553,,2.309,,3.82,-1.34,,
95.236,LAND_YAW_ALIGN,3.9565,-1.4312,0.3,4.93,1.38,1.16,-0.0,-0.0423,-0.0328,-0.0933,,1.563,,2.309,,3.82,-1.34,,
95.288,LAND_YAW_ALIGN,3.9544,-1.4288,0.293,4.9,1.23,0.9,-0.0,-0.0502,-0.0367,-0.1031,,1.563,,2.296,,3.82,-1.34,,
95.359,LAND_YAW_ALIGN,3.9629,-1.4428,0.282,4.74,1.32,0.72,-0.0,-0.0316,-0.0693,-0.0888,,1.561,,2.296,,3.82,-1.34,,
95.389,LAND_YAW_ALIGN,3.9624,-1.4471,0.279,4.65,0.96,0.66,-0.0,-0.0343,-0.0808,-0.0881,,1.561,,2.293,,3.82,-1.34,,
95.464,LAND_YAW_ALIGN,3.9632,-1.4505,0.272,4.51,0.69,0.45,-0.0,-0.0328,-0.0861,-0.0659,,1.549,,2.293,,3.82,-1.34,,
95.497,LAND_YAW_ALIGN,3.9628,-1.4576,0.266,4.45,0.16,0.31,-0.0,-0.033,-0.0947,-0.0576,,1.549,,2.289,,3.82,-1.34,,
95.562,LAND_YAW_ALIGN,3.9623,-1.4627,0.26,4.35,-0.37,0.25,-0.0,-0.0325,-0.0938,-0.0424,,1.539,,2.289,,3.82,-1.34,,
95.606,LAND_YAW_ALIGN,3.9625,-1.4674,0.261,4.21,-0.72,0.23,-0.0,-0.0306,-0.0885,-0.0342,,1.539,,2.292,,3.82,-1.34,,
95.646,LAND_YAW_ALIGN,3.9617,-1.4708,0.257,4.09,-1.03,0.35,-0.0,-0.0324,-0.0784,-0.0113,,1.537,,2.292,,3.82,-1.34,,
95.69,LAND_YAW_ALIGN,3.9616,-1.4747,0.252,3.97,-1.26,0.28,-0.0,-0.0323,-0.0684,-0.0059,,1.537,,2.296,,3.82,-1.34,,
95.759,LAND_YAW_ALIGN,3.9602,-1.478,0.247,3.82,-1.52,0.2,-0.0,-0.0342,-0.0565,-0.0186,,1.553,,2.296,,3.82,-1.34,,
95.803,LAND_YAW_ALIGN,3.9592,-1.4807,0.249,3.61,-1.54,0.26,-0.0,-0.0353,-0.0436,-0.0335,,1.553,,2.296,,3.82,-1.34,,
95.837,LAND_YAW_ALIGN,3.9587,-1.482,0.255,3.4,-1.54,0.44,-0.0,-0.036,-0.0291,-0.0268,,1.56,,2.296,,3.82,-1.34,,
95.902,LAND_YAW_ALIGN,3.958,-1.4817,0.255,3.25,-1.48,0.5,-0.0,-0.0383,-0.0135,-0.019,,1.56,,2.292,,3.82,-1.34,,
95.961,LAND_YAW_ALIGN,3.9573,-1.4769,0.257,3.14,-1.47,0.53,-0.0,-0.0405,0.0114,-0.0196,,1.558,,2.292,,3.82,-1.34,,
96.003,LAND_YAW_ALIGN,3.957,-1.4708,0.255,3.03,-1.12,0.48,-0.0,-0.0411,0.0342,-0.0257,,1.558,,2.302,,3.82,-1.34,,
96.037,LAND_YAW_ALIGN,3.9569,-1.4651,0.258,2.99,-0.71,0.52,-0.0,-0.0411,0.0492,-0.0359,,1.573,,2.302,,3.82,-1.34,,
96.107,LAND_YAW_ALIGN,3.9575,-1.4577,0.259,2.84,-0.4,0.51,-0.0,-0.0389,0.0637,-0.0355,,1.573,,2.293,,3.82,-1.34,,
96.146,LAND_YAW_ALIGN,3.958,-1.4509,0.264,2.67,0.07,0.66,-0.0,-0.0383,0.0721,-0.0386,,1.591,,2.293,,3.82,-1.34,,
96.189,LAND_YAW_ALIGN,3.9575,-1.4464,0.262,2.51,0.35,0.57,-0.0,-0.0401,0.0714,-0.0393,,1.591,,2.313,,3.82,-1.34,,
96.261,LAND_YAW_ALIGN,3.9573,-1.4409,0.26,2.4,0.86,0.45,-0.0,-0.0394,0.0704,-0.0497,,1.605,,2.313,,3.82,-1.34,,
96.309,LAND_YAW_ALIGN,3.9568,-1.4351,0.256,2.3,1.36,0.56,-0.0,-0.0394,0.0666,-0.0648,,1.605,,2.313,,3.82,-1.34,,
96.336,LAND_YAW_ALIGN,3.9538,-1.4309,0.248,2.16,1.71,0.51,-0.0,-0.0455,0.0563,-0.079,,1.615,,2.313,,3.82,-1.34,,
96.405,LAND_YAW_ALIGN,3.9516,-1.4279,0.244,2.1,2.06,0.62,-0.0,-0.0493,0.0411,-0.1035,,1.615,,2.311,,3.82,-1.34,,
96.439,LAND_YAW_ALIGN,3.951,-1.4286,0.236,1.99,2.23,0.65,-0.0,-0.049,0.0163,-0.1079,,,,2.311,,3.82,-1.34,,
96.504,LAND_YAW_ALIGN,3.9517,-1.4303,0.227,2.01,2.14,0.51,-0.0,-0.0444,-0.0074,-0.1243,,,,2.317,,3.82,-1.34,,
96.535,LAND_YAW_ALIGN,3.9437,-1.4315,0.217,2.09,2.0,0.44,-0.0,-0.0641,-0.0299,-0.1329,,1.425,,2.317,,3.82,-1.34,,
96.596,LAND_YAW_ALIGN,3.9401,-1.4339,0.205,2.21,1.77,0.33,-0.0,-0.0682,-0.0487,-0.1422,,1.425,,2.301,,3.82,-1.34,,
96.656,LAND_YAW_ALIGN,3.9371,-1.4373,0.181,2.32,1.52,0.08,-0.0,-0.0679,-0.0645,-0.1486,,1.321,,2.301,,3.82,-1.34,,
96.688,LAND_YAW_ALIGN,3.9367,-1.4415,0.186,2.36,0.96,-0.32,-0.0,-0.0575,-0.0759,-0.1728,,1.321,,2.291,,3.82,-1.34,,
96.795,LAND_YAW_ALIGN,3.9365,-1.4465,0.175,2.36,0.54,-0.58,-0.0,-0.0442,-0.0826,-0.1236,,1.234,,2.291,,3.82,-1.34,,
96.82,LAND_YAW_ALIGN,3.9371,-1.4528,0.165,2.5,0.04,-0.8,-0.0,-0.0293,-0.0888,-0.1339,,1.234,,2.298,,3.82,-1.34,,
96.843,LAND_YAW_ALIGN,3.9374,-1.458,0.171,2.58,-0.22,-0.81,-0.0,-0.0167,-0.0891,-0.1252,,,,2.298,,3.82,-1.34,,
96.897,LAND_YAW_ALIGN,3.9402,-1.4635,0.175,2.7,-0.56,-0.61,-0.0,0.0011,-0.0877,-0.0909,,,,2.291,,3.82,-1.34,,
96.953,LAND_YAW_ALIGN,3.941,-1.467,0.187,2.9,-0.81,-0.46,-0.0,0.0078,-0.0768,-0.0647,,,,2.291,,3.82,-1.34,,
97.011,LAND_YAW_ALIGN,3.9432,-1.4695,0.19,3.07,-1.14,-0.1,-0.0,0.0163,-0.0614,-0.0382,,,,2.296,,3.82,-1.34,,
97.06,LAND_YAW_ALIGN,3.9445,-1.4709,0.191,3.11,-1.31,0.01,-0.0,0.0184,-0.0435,-0.0294,,0.771,,2.296,,3.82,-1.34,,
97.091,LAND_YAW_ALIGN,3.945,-1.4721,0.185,3.1,-1.43,0.44,-0.0,0.0144,-0.0278,-0.0433,,0.771,,2.288,,3.82,-1.34,,
97.16,LAND_YAW_ALIGN,3.9465,-1.4717,0.173,3.08,-1.32,0.75,-0.0,0.0118,-0.01,-0.0683,,0.705,,2.288,,3.82,-1.34,,
97.192,LAND_YAW_ALIGN,3.9459,-1.4725,0.168,2.99,-1.08,0.96,-0.0,0.0005,-0.0008,-0.0996,,0.705,,2.275,,3.82,-1.34,,
97.262,LAND_YAW_ALIGN,3.9418,-1.4694,0.157,2.78,-1.0,1.18,-0.0,-0.0232,0.0288,-0.1045,,0.672,,2.275,,3.82,-1.34,,
97.295,LAND_YAW_ALIGN,3.9397,-1.4665,0.147,2.54,-0.68,0.98,-0.0,-0.0357,0.0435,-0.1183,,0.672,,2.274,,3.82,-1.34,,
97.351,LAND_YAW_ALIGN,3.9385,-1.4656,0.137,2.25,-0.13,1.03,-0.0,-0.0415,0.0402,-0.1271,,0.637,,2.274,,3.82,-1.34,,
97.404,LAND_YAW_ALIGN,3.935,-1.4643,0.137,1.97,0.27,0.81,-0.0,-0.0544,0.0381,-0.1229,,0.637,,2.273,,3.82,-1.34,,
97.45,LAND_YAW_ALIGN,3.9322,-1.4626,0.132,1.63,0.41,0.2,-0.0,-0.0574,0.0341,-0.0922,,0.603,,2.273,,3.82,-1.34,,
97.494,LAND_YAW_ALIGN,3.9299,-1.4611,0.129,1.33,0.49,-0.19,-0.0,-0.0539,0.0296,-0.0865,,0.603,,,,3.82,-1.34,,
97.544,LAND_YAW_ALIGN,3.9271,-1.4589,0.124,0.99,0.56,-0.57,-0.0,-0.05,0.0289,-0.0683,,0.558,,,,3.82,-1.34,,
97.587,LAND_YAW_ALIGN,3.9248,-1.4575,0.117,0.76,1.62,-2.09,-0.0,-0.0369,0.0215,-0.006,,0.558,,,,3.82,-1.34,,
97.649,LAND_YAW_ALIGN,3.925,-1.4569,0.118,0.48,1.4,-4.45,-0.0,0.0073,0.0064,0.0078,,0.653,,,,3.82,-1.34,,
97.707,LAND_YAW_ALIGN,3.9264,-1.4575,0.116,0.12,1.46,-4.77,-0.0,0.0529,-0.0076,0.0058,,0.653,,0.162,,3.82,-1.34,,
97.757,LAND_YAW_ALIGN,3.9314,-1.4604,0.119,-0.48,1.09,-4.3,-0.0,0.1099,-0.0164,0.0048,,0.658,,0.162,,3.82,-1.34,,
97.793,LAND_YAW_ALIGN,3.9377,-1.4646,0.11,-1.3,0.62,-3.51,-0.0,0.1554,-0.0177,0.0017,,0.658,,0.178,,3.82,-1.34,,
97.855,LAND_YAW_ALIGN,3.9452,-1.4646,0.11,-2.01,-1.49,-1.52,-0.0,0.1711,-0.0156,-0.0314,,,,0.178,,3.82,-1.34,,
97.888,LAND_YAW_ALIGN,3.9518,-1.4653,0.111,-2.78,-2.58,0.34,-0.0,0.1637,0.01,-0.0257,,,,,,3.82,-1.34,,
97.961,LAND_YAW_ALIGN,3.9587,-1.4667,0.11,-2.97,-0.78,2.58,-0.0,0.1521,0.0342,-0.0757,,,,,,3.82,-1.34,,
98.0,LAND_YAW_ALIGN,3.9662,-1.4647,0.108,-2.69,0.24,4.08,-0.0,0.1264,0.0431,-0.1189,,,,,,3.82,-1.34,,
98.043,LAND_YAW_ALIGN,3.9717,-1.462,0.101,-2.32,0.3,4.14,-0.0,0.0856,0.046,-0.0994,,0.103,,,,3.82,-1.34,,
98.104,LAND_YAW_ALIGN,3.9733,-1.4611,0.094,-1.16,-1.23,1.14,-0.0,0.0492,0.0528,-0.0828,,0.103,,,,3.82,-1.34,,
98.155,LAND_YAW_ALIGN,3.9755,-1.4582,0.092,0.39,-1.63,-0.63,-0.0,0.0472,0.0653,-0.0739,,0.103,,,,3.82,-1.34,,
98.185,LAND_YAW_ALIGN,3.9786,-1.4541,0.09,2.18,-1.55,-1.16,-0.0,0.06,0.0813,-0.0681,,0.103,,2.252,,3.82,-1.34,,
98.251,LAND_YAW_ALIGN,3.9862,-1.4425,0.087,3.99,0.49,1.57,-0.0,0.0833,0.0993,-0.1076,,0.026,,2.252,,3.82,-1.34,,
98.311,LAND_YAW_ALIGN,3.9915,-1.4359,0.083,4.59,2.75,4.48,-0.0,0.0654,0.0839,-0.1267,,0.026,,,,3.82,-1.34,,
98.341,LAND_YAW_ALIGN,3.9946,-1.4336,0.07,4.58,3.2,5.07,-0.0,0.0341,0.0522,-0.1444,,0.058,,,,3.82,-1.34,,
98.401,LAND_YAW_ALIGN,3.9937,-1.439,0.067,4.0,3.89,5.85,0.0,-0.0086,0.008,-0.1897,,0.058,,,,3.82,-1.34,,
98.435,LAND_YAW_ALIGN,3.9909,-1.4417,0.045,3.38,5.14,7.63,0.0,-0.0488,-0.024,-0.3988,,0.059,,,,3.82,-1.34,,
98.494,LAND_YAW_ALIGN,3.9932,-1.4053,0.011,4.53,5.98,10.3,0.0,-0.129,-0.0367,-0.7631,,0.059,,,,3.82,-1.34,,
98.563,LAND_YAW_ALIGN,4.0263,-1.2911,0.0,8.52,2.34,-1.51,0.0,-0.0513,0.156,-0.0028,,0.055,,,,3.82,-1.34,,
98.591,LAND_YAW_ALIGN,4.036,-1.2508,0.0,11.3,-4.16,-5.02,0.0,-0.011,0.233,-0.1126,,0.055,,0.156,,3.82,-1.34,,
98.655,LAND_YAW_ALIGN,4.0327,-1.253,0.001,13.53,-2.88,-1.54,0.0,0.0045,0.2048,-0.0044,,0.055,,0.156,,3.82,-1.34,,
98.688,LAND_YAW_ALIGN,4.0454,-1.2502,0.008,15.69,-0.55,-1.98,0.0,0.1221,0.216,-0.0274,,0.055,,,,3.82,-1.34,,
98.74,LAND_YAW_ALIGN,4.059,-1.2457,0.012,15.78,0.14,-1.72,0.0,0.1796,0.1646,0.0121,,0.061,,,,3.82,-1.34,,
98.794,LAND_YAW_ALIGN,4.0667,-1.2378,0.012,15.8,0.02,-1.74,0.0,0.1806,0.1599,0.0393,,0.061,,,,3.82,-1.34,,
98.853,LAND_YAW_ALIGN,4.0726,-1.232,0.008,15.85,0.05,-1.57,0.0,0.1687,0.1423,0.0512,,0.059,,,,3.82,-1.34,,
98.903,LAND_YAW_ALIGN,4.0731,-1.2303,0.012,15.95,0.27,-1.06,0.0,0.1252,0.1001,0.0518,,0.059,,,,3.82,-1.34,,
98.949,LAND_YAW_ALIGN,4.0761,-1.2273,0.011,16.03,0.42,-0.79,0.0,0.1095,0.078,0.0451,,0.06,,,,3.82,-1.34,,
99.001,LAND_YAW_ALIGN,4.0757,-1.2271,0.012,15.99,0.59,-0.4,0.0,0.0803,0.0538,0.0336,,0.06,,,,3.82,-1.34,,
99.044,LAND_YAW_ALIGN,4.0764,-1.2264,0.011,15.95,0.78,-0.08,0.0,0.0624,0.0335,0.0244,,0.06,,,,3.82,-1.34,,
99.105,LAND_YAW_ALIGN,4.0771,-1.226,0.01,15.89,0.95,0.18,0.0,0.0508,0.0199,0.0168,,0.06,,,,3.82,-1.34,,
99.137,LAND_YAW_ALIGN,4.0775,-1.2258,0.011,15.81,0.85,0.18,0.0,0.0413,0.0122,0.0048,,0.059,,,,3.82,-1.34,,
99.197,LAND_YAW_ALIGN,4.0779,-1.2259,0.011,15.73,0.77,0.17,0.0,0.0335,0.0031,0.0005,,0.059,,0.227,,3.82,-1.34,,
99.234,LAND_YAW_ALIGN,4.0772,-1.2263,0.011,15.64,0.74,0.26,0.0,0.0199,-0.0033,-0.002,,0.063,,0.227,,3.82,-1.34,,
99.307,LAND_YAW_ALIGN,4.0779,-1.2266,0.013,15.55,0.8,0.34,0.0,0.0167,-0.0103,-0.0035,,0.063,,,,3.82,-1.34,,
99.343,LAND_YAW_ALIGN,4.0772,-1.2271,0.01,15.46,0.85,0.48,0.0,0.0078,-0.0142,0.0011,,0.063,,,,3.82,-1.34,,
99.404,LAND_YAW_ALIGN,4.0775,-1.2273,0.009,15.38,0.73,0.39,0.0,0.0057,-0.0161,-0.0037,,0.063,,0.214,,3.82,-1.34,,
99.438,LAND_YAW_ALIGN,4.0769,-1.2275,0.011,15.3,0.67,0.39,0.0,-0.0011,-0.0186,-0.0084,,0.06,,0.214,,3.82,-1.34,,
99.533,LAND_YAW_ALIGN,4.0768,-1.2281,0.011,15.22,0.69,0.43,0.0,-0.0047,-0.0219,-0.0062,,0.06,,,,3.82,-1.34,,
99.561,LAND_YAW_ALIGN,4.0766,-1.2288,0.012,15.14,0.71,0.47,0.0,-0.0076,-0.0238,-0.0039,,0.06,,,,3.82,-1.34,,
99.597,LAND_YAW_ALIGN,4.0761,-1.2302,0.011,15.08,0.67,0.44,0.0,-0.0111,-0.0304,0.0001,,0.06,,,,3.82,-1.34,,
99.646,LAND_YAW_ALIGN,4.0764,-1.2303,0.01,15.0,0.65,0.43,0.0,-0.0104,-0.0298,0.0006,,0.057,,,,3.82,-1.34,,
99.693,LAND_YAW_ALIGN,4.0767,-1.2293,0.009,14.93,0.56,0.37,0.0,-0.009,-0.0232,-0.0016,,0.057,,0.22,,3.82,-1.34,,
99.748,LAND_YAW_ALIGN,4.0764,-1.2293,0.012,14.86,0.53,0.36,0.0,-0.0115,-0.0223,-0.0044,,0.061,,0.22,,3.82,-1.34,,
99.786,LAND_YAW_ALIGN,4.0767,-1.2291,0.01,14.79,0.5,0.34,0.0,-0.0106,-0.0208,0.0007,,0.061,,,,3.82,-1.34,,
99.845,LAND_YAW_ALIGN,4.0771,-1.2283,0.008,14.72,0.45,0.3,0.0,-0.0097,-0.0173,-0.0007,,0.058,,,,3.82,-1.34,,
99.904,LAND_YAW_ALIGN,4.078,-1.2278,0.008,14.66,0.42,0.26,0.0,-0.0066,-0.0158,-0.0059,,0.058,,,,3.82,-1.34,,
99.962,LAND_YAW_ALIGN,4.0779,-1.2276,0.009,14.59,0.39,0.25,0.0,-0.0073,-0.0144,-0.0075,,0.059,,,,3.82,-1.34,,
99.991,LAND_YAW_ALIGN,4.078,-1.2277,0.01,14.52,0.38,0.22,0.0,-0.0072,-0.0143,-0.0062,,0.059,,0.22,,3.82,-1.34,,
100.071,LAND_YAW_ALIGN,4.0768,-1.228,0.009,14.45,0.35,0.24,0.0,-0.0126,-0.0146,-0.0018,,0.059,,0.22,,3.82,-1.34,,
100.089,LAND_YAW_ALIGN,4.0779,-1.2277,0.012,14.39,0.34,0.18,0.0,-0.0073,-0.0131,-0.0017,,0.059,,,,3.82,-1.34,,
100.162,LAND_YAW_ALIGN,4.0777,-1.2279,0.011,14.33,0.32,0.16,0.0,-0.0078,-0.013,0.0059,,0.059,,,,3.82,-1.34,,
100.196,LAND_YAW_ALIGN,4.077,-1.2276,0.011,14.26,0.29,0.16,0.0,-0.0112,-0.01,0.0074,,0.059,,0.219,,3.82,-1.34,,
100.238,LAND_YAW_ALIGN,4.0776,-1.2276,0.01,14.2,0.29,0.12,0.0,-0.0079,-0.0094,0.0074,,0.059,,0.219,,3.82,-1.34,,
100.31,LAND_YAW_ALIGN,4.0779,-1.2273,0.009,14.14,0.28,0.09,0.0,-0.0054,-0.0077,0.0048,,0.059,,,,3.82,-1.34,,
100.334,LAND_YAW_ALIGN,4.0779,-1.2273,0.01,14.07,0.27,0.08,0.0,-0.0054,-0.0071,0.0004,,0.059,,,,3.82,-1.34,,
100.396,LAND_YAW_ALIGN,4.077,-1.2274,0.011,14.0,0.25,0.09,0.0,-0.0094,-0.0057,0.0004,,0.059,,,,3.82,-1.34,,
100.443,LAND_YAW_ALIGN,4.078,-1.2271,0.011,13.95,0.25,0.05,0.0,-0.0045,-0.0054,0.0024,,0.06,,,,3.82,-1.34,,
100.485,LAND_YAW_ALIGN,4.077,-1.2273,0.009,13.88,0.23,0.08,0.0,-0.0088,-0.0046,0.003,,0.06,,,,3.82,-1.34,,
100.558,LAND_YAW_ALIGN,4.0778,-1.2271,0.011,13.82,0.24,0.04,0.0,-0.0043,-0.0046,-0.0007,,0.06,,,,3.82,-1.34,,
100.6,LAND_YAW_ALIGN,4.0777,-1.2272,0.009,13.76,0.23,0.04,0.0,-0.0047,-0.0047,0.0009,,0.06,,0.218,,3.82,-1.34,,
100.654,LAND_YAW_ALIGN,4.0771,-1.2274,0.011,13.69,0.23,0.05,0.0,-0.007,-0.005,-0.0023,,0.061,,0.218,,3.82,-1.34,,
100.687,LAND_YAW_ALIGN,4.0778,-1.227,0.01,13.63,0.22,0.01,0.0,-0.0034,-0.0036,0.001,,0.061,,0.219,,3.82,-1.34,,
100.748,LAND_YAW_ALIGN,4.0765,-1.2273,0.013,13.56,0.2,0.05,0.0,-0.0087,-0.0032,0.0009,,0.059,,0.219,,3.82,-1.34,,
100.802,LAND_YAW_ALIGN,4.0778,-1.227,0.01,13.51,0.21,-0.01,0.0,-0.0023,-0.0032,0.007,,0.059,,0.266,,3.82,-1.34,,
100.85,LAND_YAW_ALIGN,4.0772,-1.2269,0.01,13.44,0.19,0.01,0.0,-0.005,-0.0018,0.0034,,0.061,,0.266,,3.82,-1.34,,
100.884,LAND_YAW_ALIGN,4.0781,-1.2265,0.012,13.38,0.19,-0.03,0.0,-0.0005,-0.001,0.0012,,0.061,,0.26,,3.82,-1.34,,
100.942,LAND_YAW_ALIGN,4.0772,-1.2268,0.008,13.32,0.18,-0.0,0.0,-0.0045,-0.0014,0.0045,,0.059,,0.26,,3.82,-1.34,,
100.991,LAND_YAW_ALIGN,4.0768,-1.2269,0.008,13.25,0.18,0.0,0.0,-0.0067,-0.001,-0.0022,,0.059,,0.267,,3.82,-1.34,,
101.052,LAND_YAW_ALIGN,4.0772,-1.227,0.012,13.19,0.19,-0.02,0.0,-0.0048,-0.0022,-0.0068,,0.06,,0.267,,3.82,-1.34,,
101.103,LAND_YAW_ALIGN,4.0771,-1.2267,0.009,13.13,0.18,-0.02,0.0,-0.0044,-0.0005,-0.0007,,0.06,,0.265,,3.82,-1.34,,
101.144,LAND_YAW_ALIGN,4.0778,-1.2267,0.01,13.07,0.19,-0.04,0.0,-0.0012,-0.0018,-0.0031,,0.058,,0.265,,3.82,-1.34,,
101.202,LAND_YAW_ALIGN,4.077,-1.2267,0.008,13.01,0.17,-0.01,0.0,-0.0044,-0.0009,-0.0018,,0.058,,0.265,,3.82,-1.34,,
101.236,LAND_YAW_ALIGN,4.0769,-1.227,0.008,12.95,0.18,-0.01,0.0,-0.0048,-0.0024,-0.0055,,0.061,,0.265,,3.82,-1.34,,
101.295,LAND_YAW_ALIGN,4.077,-1.2266,0.009,12.89,0.17,-0.01,0.0,-0.0044,-0.0004,-0.0068,,0.061,,0.265,,3.82,-1.34,,
101.361,LAND_YAW_ALIGN,4.077,-1.2266,0.01,12.83,0.16,-0.01,0.0,-0.005,-0.0002,-0.0045,,0.063,,0.265,,3.82,-1.34,,
101.388,LAND_YAW_ALIGN,4.0778,-1.2267,0.01,12.77,0.17,-0.04,0.0,-0.0008,-0.001,0.0001,,0.063,,0.266,,3.82,-1.34,,
101.444,LAND_YAW_ALIGN,4.0766,-1.2267,0.008,12.71,0.16,-0.0,0.0,-0.006,-0.0004,0.0026,,0.059,,0.266,,3.82,-1.34,,
101.497,LAND_YAW_ALIGN,4.0765,-1.2267,0.01,12.64,0.16,-0.01,0.0,-0.0063,0.0,-0.0004,,0.059,,0.262,,3.82,-1.34,,
101.534,LAND_YAW_ALIGN,4.0777,-1.2267,0.012,12.59,0.17,-0.05,0.0,-0.0009,-0.0004,0.002,,0.06,,0.262,,3.82,-1.34,,
101.618,LAND_YAW_ALIGN,4.0777,-1.2267,0.01,12.53,0.17,-0.05,0.0,-0.0008,-0.0,0.0075,,0.06,,,,3.82,-1.34,,
101.649,LAND_YAW_ALIGN,4.0777,-1.2263,0.008,12.48,0.16,-0.06,0.0,-0.0006,0.0016,0.0058,,0.059,,,,3.82,-1.34,,
101.699,LAND_YAW_ALIGN,4.0774,-1.2267,0.012,12.42,0.17,-0.05,0.0,-0.0014,-0.0001,0.0,,0.059,,0.22,,3.82,-1.34,,
101.74,LAND_YAW_ALIGN,4.0767,-1.2266,0.009,12.36,0.16,-0.03,0.0,-0.0044,0.001,0.0044,0.173,0.06,,0.22,,3.82,-1.34,,
101.788,LAND_YAW_ALIGN,4.0777,-1.2263,0.009,12.3,0.16,-0.07,0.0,0.0004,0.0018,0.0007,0.173,0.06,,0.219,,3.82,-1.34,,
101.86,LAND_YAW_ALIGN,4.0767,-1.2266,0.01,12.24,0.16,-0.03,0.0,-0.0041,0.0012,-0.0021,0.309,0.062,,0.219,,3.82,-1.34,,
101.887,LAND_YAW_ALIGN,4.0771,-1.2268,0.011,12.19,0.18,-0.04,0.0,-0.0021,0.0002,-0.0012,0.309,0.062,,0.219,,3.82,-1.34,,
101.943,LAND_YAW_ALIGN,4.0776,-1.2263,0.009,12.13,0.16,-0.06,0.0,0.0003,0.0018,0.0016,0.3,0.059,,0.219,,3.82,-1.34,,
101.99,LAND_YAW_ALIGN,4.0766,-1.2265,0.01,12.07,0.16,-0.01,0.0,-0.0044,0.0005,-0.001,0.3,0.059,,0.216,,3.82,-1.34,,
102.049,LAND_YAW_ALIGN,4.0776,-1.2263,0.01,12.02,0.16,-0.05,0.0,-0.0001,0.001,-0.0005,0.336,0.062,,0.216,,3.82,-1.34,,
102.096,LAND_YAW_ALIGN,4.077,-1.2264,0.009,11.96,0.16,-0.03,0.0,-0.003,0.0006,0.0,0.336,0.062,,0.219,,3.82,-1.34,,
102.141,LAND_YAW_ALIGN,4.0771,-1.2264,0.01,11.91,0.16,-0.03,0.0,-0.003,0.0001,-0.0019,0.292,0.061,,0.219,,3.82,-1.34,,
102.227,LAND_YAW_ALIGN,4.0766,-1.2265,0.011,11.85,0.16,-0.02,0.0,-0.0049,0.0004,-0.0,0.292,0.061,,0.22,,3.82,-1.34,,
102.24,LAND_YAW_ALIGN,4.0777,-1.2265,0.011,11.79,0.16,-0.05,0.0,-0.0002,-0.0001,0.0025,0.29,0.061,,0.22,,3.82,-1.34,,
102.304,LAND_YAW_ALIGN,4.0769,-1.2263,0.009,11.74,0.15,-0.03,0.0,-0.0039,0.0015,0.0041,0.29,0.061,,,,3.82,-1.34,,
102.336,LAND_YAW_ALIGN,4.0763,-1.2264,0.011,11.68,0.15,-0.01,0.0,-0.0061,0.0014,-0.0001,0.291,0.059,,,,3.82,-1.34,,
102.393,LAND_YAW_ALIGN,4.0768,-1.2263,0.011,11.63,0.16,-0.04,0.0,-0.0038,0.0015,0.0024,0.291,0.059,,,,3.82,-1.34,,
102.434,LAND_YAW_ALIGN,4.0774,-1.2266,0.009,11.57,0.17,-0.06,0.0,-0.0013,0.0006,0.0033,0.285,0.06,,,,3.82,-1.34,,
102.498,LAND_YAW_ALIGN,4.077,-1.2264,0.009,11.52,0.16,-0.05,0.0,-0.0022,0.0014,-0.0007,0.285,0.06,,,,3.82,-1.34,,
102.556,LAND_YAW_ALIGN,4.0773,-1.2263,0.009,11.46,0.16,-0.06,0.0,-0.0013,0.0016,-0.0029,0.293,0.059,,,,3.82,-1.34,,
102.599,LAND_YAW_ALIGN,4.0768,-1.2265,0.01,11.41,0.16,-0.04,0.0,-0.0045,0.0013,-0.0041,0.293,0.059,,0.22,,3.82,-1.34,,
102.645,LAND_YAW_ALIGN,4.077,-1.2264,0.01,11.35,0.16,-0.05,0.0,-0.0034,0.002,-0.0019,,0.06,,0.22,,3.82,-1.34,,
102.71,LAND_YAW_ALIGN,4.0767,-1.2264,0.01,11.3,0.17,-0.04,0.0,-0.0043,0.0012,-0.0005,,0.06,,0.221,,3.82,-1.34,,
102.736,LAND_YAW_ALIGN,4.0775,-1.2263,0.01,11.25,0.17,-0.07,0.0,0.0001,0.0017,0.0003,,0.058,,0.221,,3.82,-1.34,,
102.801,LAND_YAW_ALIGN,4.0775,-1.2263,0.011,11.2,0.17,-0.07,0.0,0.0001,0.0015,0.001,,0.058,,,,3.82,-1.34,,
102.835,LAND_YAW_ALIGN,4.0776,-1.2265,0.01,11.14,0.18,-0.07,0.0,0.0003,0.0003,0.0032,,0.06,,,,3.82,-1.34,,
102.907,LAND_YAW_ALIGN,4.077,-1.2264,0.009,11.09,0.17,-0.05,0.0,-0.0023,0.0013,0.0023,,0.06,,,,3.82,-1.34,,
102.933,LAND_YAW_ALIGN,4.077,-1.2263,0.01,11.04,0.17,-0.05,0.0,-0.003,0.0012,-0.0016,,0.061,,,,3.82,-1.34,,
102.984,LAND_YAW_ALIGN,4.0766,-1.2264,0.01,10.99,0.17,-0.04,0.0,-0.0045,0.0012,-0.0003,,0.061,,,,3.82,-1.34,,
103.064,LAND_YAW_ALIGN,4.0775,-1.2265,0.011,10.94,0.19,-0.07,0.0,0.0002,0.0002,0.0002,,0.059,,,,3.82,-1.34,,
103.089,LAND_YAW_ALIGN,4.0765,-1.226,0.011,10.89,0.16,-0.04,0.0,-0.0048,0.0023,0.0026,,0.059,,0.218,,3.82,-1.34,,
103.148,LAND_YAW_ALIGN,4.0775,-1.2262,0.011,10.84,0.18,-0.07,0.0,0.0009,0.0014,0.004,,0.056,,0.218,,3.82,-1.34,,
103.189,LAND_YAW_ALIGN,4.0765,-1.2263,0.01,10.79,0.18,-0.05,0.0,-0.0037,0.001,0.0047,,0.056,,0.223,,3.82,-1.34,,
103.238,LAND_YAW_ALIGN,4.0769,-1.2263,0.012,10.74,0.18,-0.06,0.0,-0.0022,0.0011,0.0019,,0.06,,0.223,,3.82,-1.34,,
103.286,LAND_YAW_ALIGN,4.0766,-1.2263,0.009,10.69,0.18,-0.04,0.0,-0.0039,0.0008,0.005,,0.06,0.411,0.216,,3.82,-1.34,,
103.35,LAND_YAW_ALIGN,4.0767,-1.2264,0.011,10.64,0.18,-0.05,0.0,-0.0034,0.0007,-0.0007,,0.06,0.411,0.216,,3.82,-1.34,,
103.401,LAND_YAW_ALIGN,4.0766,-1.2263,0.008,10.58,0.18,-0.04,0.0,-0.0038,0.0011,0.0003,,0.06,0.403,0.219,,3.82,-1.34,,
103.464,LAND_YAW_ALIGN,4.0765,-1.2263,0.011,10.54,0.18,-0.04,0.0,-0.004,0.0011,-0.0057,,0.059,0.403,0.219,,3.82,-1.34,,
103.488,LAND_YAW_ALIGN,4.0775,-1.2264,0.009,10.49,0.19,-0.07,0.0,0.0011,0.0007,-0.0026,,0.059,,,,3.82,-1.34,,
103.552,LAND_YAW_ALIGN,4.0765,-1.2263,0.008,10.44,0.18,-0.04,0.0,-0.0044,0.0013,-0.0045,,0.061,,,,3.82,-1.34,,
103.584,LAND_YAW_ALIGN,4.0764,-1.2263,0.009,10.39,0.18,-0.04,0.0,-0.0047,0.0014,-0.0071,,0.061,,0.216,,3.82,-1.34,,
103.656,LAND_YAW_ALIGN,4.0764,-1.2263,0.011,10.35,0.18,-0.04,0.0,-0.0042,0.0015,-0.0053,,0.061,,0.216,,3.82,-1.34,,
103.689,LAND_YAW_ALIGN,4.0767,-1.2262,0.009,10.3,0.18,-0.05,0.0,-0.0029,0.0016,-0.0002,,0.061,,0.217,,3.82,-1.34,,
103.752,LAND_YAW_ALIGN,4.0762,-1.2262,0.008,10.25,0.18,-0.04,0.0,-0.0042,0.0013,-0.001,,0.059,,0.217,,3.82,-1.34,,
103.799,LAND_YAW_ALIGN,4.076,-1.2261,0.012,10.2,0.18,-0.04,0.0,-0.005,0.0017,-0.0032,,0.059,,0.223,,3.82,-1.34,,
103.841,LAND_YAW_ALIGN,4.0765,-1.2261,0.011,10.16,0.18,-0.06,0.0,-0.0021,0.0021,0.0055,,0.059,,0.223,,3.82,-1.34,,
103.911,LAND_YAW_ALIGN,4.0775,-1.2259,0.01,10.11,0.18,-0.08,0.0,0.0018,0.0022,0.0067,,0.059,,0.219,,3.82,-1.34,,
103.968,LAND_YAW_ALIGN,4.0766,-1.2262,0.01,10.06,0.19,-0.05,0.0,-0.0018,0.0016,0.0049,,0.06,,0.219,,3.82,-1.34,,
103.985,LAND_YAW_ALIGN,4.0775,-1.2265,0.012,10.02,0.2,-0.07,0.0,0.0016,0.0002,0.0031,,0.06,,,0.75,3.82,-1.34,,
104.046,LAND_YAW_ALIGN,4.0762,-1.2263,0.009,9.97,0.19,-0.03,0.0,-0.0033,0.0012,0.0062,,0.06,,,0.75,3.82,-1.34,,
104.085,LAND_YAW_ALIGN,4.0766,-1.2262,0.01,9.93,0.18,-0.03,0.0,-0.0018,0.0014,0.001,,0.06,,,0.662,3.82,-1.34,,
104.156,LAND_YAW_ALIGN,4.0763,-1.2263,0.009,9.89,0.19,-0.02,0.0,-0.0031,0.0006,-0.0005,,0.06,,,0.662,3.82,-1.34,,
104.214,LAND_YAW_ALIGN,4.0539,-1.2347,0.007,10.86,0.42,1.02,0.0,-0.199,-0.0657,-0.0065,,0.06,,,0.593,3.82,-1.34,,
104.239,LAND_YAW_ALIGN,4.023,-1.2336,0.0,11.51,0.3,3.84,0.0,-0.1486,0.0387,-0.0492,,0.055,,,0.593,3.82,-1.34,,
104.298,LAND_YAW_ALIGN,4.0182,-1.2307,0.001,10.34,1.03,9.81,0.0,0.0139,0.1246,0.1113,,0.055,,0.232,0.569,3.82,-1.34,,
104.348,LAND_YAW_ALIGN,4.0013,-1.3009,0.033,6.03,7.26,24.28,0.0,0.2008,0.0021,0.3163,0.081,0.088,,0.232,0.569,3.82,-1.34,,
104.389,LAND_YAW_ALIGN,3.968,-1.3782,0.088,3.9,14.23,32.92,0.0,0.0469,-0.2914,0.9332,0.081,0.088,,0.203,,3.82,-1.34,,
104.465,LAND_YAW_ALIGN,3.9694,-1.4094,0.174,6.51,7.39,31.11,0.0,-0.0919,-0.4328,1.3656,,0.151,,0.203,,3.82,-1.34,,
104.491,LAND_YAW_ALIGN,3.9643,-1.4597,0.232,2.95,2.06,27.59,0.0,-0.2043,-0.5083,1.5169,,0.151,,,,3.82,-1.34,,
104.558,LAND_YAW_ALIGN,3.9613,-1.4657,0.332,0.76,0.19,26.63,0.0,-0.2674,-0.6566,1.5197,,,,,,3.82,-1.34,,
104.583,LAND_YAW_ALIGN,3.9541,-1.4857,0.399,2.41,-0.49,24.19,0.0,-0.3401,-0.8426,1.6868,,,,2.312,,3.82,-1.34,,
104.657,LAND_YAW_ALIGN,3.9417,-1.5156,0.48,6.36,-1.43,16.84,0.0,-0.4267,-0.8576,1.7619,,,,2.312,,3.82,-1.34,,
104.688,LAND_YAW_ALIGN,3.9231,-1.5406,0.542,6.91,0.05,10.3,0.0,-0.5017,-0.7647,1.7102,,,0.429,2.27,,3.82,-1.34,,
104.756,LAND_YAW_ALIGN,3.907,-1.5623,0.626,6.18,0.73,6.28,0.0,-0.5001,-0.6284,1.4829,0.08,1.974,0.429,2.27,,3.82,-1.34,,
104.813,LAND_YAW_ALIGN,3.8864,-1.5785,0.69,3.13,0.5,2.35,0.0,-0.5215,-0.447,1.3587,0.08,1.974,0.426,2.224,0.513,3.82,-1.34,,
104.833,LAND_YAW_ALIGN,3.8668,-1.5801,0.761,-3.31,-2.79,-1.14,0.0,-0.5264,-0.2692,1.2322,0.073,1.961,0.426,2.224,0.513,3.82,-1.34,,
104.906,LAND_YAW_ALIGN,3.8406,-1.5892,0.81,-12.57,-11.01,-2.39,0.0,-0.5128,-0.0857,1.1203,0.073,1.961,0.417,2.282,0.498,3.82,-1.34,,
104.944,LAND_YAW_ALIGN,3.8222,-1.5819,0.911,-22.47,-18.9,-2.22,0.0,-0.5125,0.0495,0.9083,,,0.417,2.282,0.498,3.82,-1.34,,
104.986,LAND_YAW_ALIGN,3.7895,-1.5835,0.97,-30.27,-23.95,-4.09,0.0,-0.5836,0.1005,0.8324,,,0.375,,0.464,3.82,-1.34,,
105.058,LAND_YAW_ALIGN,3.7615,-1.5709,1.066,-34.49,-27.21,-8.05,0.0,-0.6919,0.1985,0.6813,,0.807,0.375,,0.464,3.82,-1.34,,
105.091,LAND_YAW_ALIGN,3.7386,-1.5305,1.142,-37.44,-29.75,-10.97,0.0,-0.7709,0.4333,0.5694,,0.807,0.37,,0.474,3.82,-1.34,,
105.169,LAND_YAW_ALIGN,3.7194,-1.4607,1.17,-41.94,-31.53,-11.52,0.0,-0.7954,0.675,0.4527,,0.808,0.37,,0.474,3.82,-1.34,,
105.198,LAND_YAW_ALIGN,3.6938,-1.3999,1.166,-47.56,-32.69,-9.86,0.0,-0.7679,0.8465,0.3109,,0.808,0.363,,0.467,3.82,-1.34,,
105.24,LAND_YAW_ALIGN,3.6447,-1.3639,1.141,-54.82,-32.24,-8.31,0.0,-0.7097,1.0332,0.1339,,,0.363,,0.467,3.82,-1.34,,
105.301,LAND_YAW_ALIGN,3.5934,-1.3342,1.126,-62.33,-30.34,-7.96,0.0,-0.6391,1.2144,-0.0352,,,0.334,,0.47,3.82,-1.34,,
105.368,LAND_YAW_ALIGN,3.5566,-1.271,1.075,-68.94,-27.72,-7.6,0.0,-0.5453,1.3798,-0.1548,,,0.334,,0.47,3.82,-1.34,,
105.4,LAND_YAW_ALIGN,3.5149,-1.2124,1.014,-77.75,-24.71,-5.2,0.0,-0.4436,1.4363,-0.2223,,,0.301,,0.495,3.82,-1.34,,
105.455,LAND_YAW_ALIGN,3.4751,-1.1472,1.0,-84.84,-21.11,-3.11,0.0,-0.4454,1.3683,-0.1822,2.9,,0.301,,0.495,3.82,-1.34,,
105.483,LAND_YAW_ALIGN,3.4524,-1.0723,0.98,-86.47,-16.52,-2.99,0.0,-0.4803,1.2469,0.0389,2.9,,0.27,0.495,0.52,3.82,-1.34,,
105.572,LAND_YAW_ALIGN,3.4355,-0.9895,0.971,-87.63,-13.47,-5.13,0.0,-0.4179,1.1309,0.189,,,0.27,0.495,0.52,3.82,-1.34,,
105.586,LAND_YAW_ALIGN,3.4181,-0.9155,0.99,-91.03,-13.34,-6.72,0.0,-0.3953,1.0057,0.2298,,,0.243,0.491,,3.82,-1.34,,
105.666,LAND_YAW_ALIGN,3.4089,-0.8505,1.016,-96.45,-15.03,-9.01,-0.0,-0.4359,0.8362,0.1333,,,0.243,0.491,,3.82,-1.34,,
105.7,LAND_YAW_ALIGN,3.3915,-0.8051,1.043,-101.7,-17.73,-12.17,-0.0,-0.4594,0.7176,-0.0444,,,0.228,,,3.82,-1.34,,
105.739,LAND_YAW_ALIGN,3.37,-0.7628,1.053,-106.35,-18.45,-13.68,-0.0,-0.3722,0.6846,-0.2223,,,0.228,,,3.82,-1.34,,
105.811,LAND_YAW_ALIGN,3.3498,-0.7275,1.036,-109.88,-17.5,-12.83,-0.0,-0.2769,0.615,-0.3141,,,0.22,,,3.82,-1.34,,
105.833,LAND_YAW_ALIGN,3.3342,-0.6969,1.01,-113.01,-16.17,-10.96,-0.0,-0.1734,0.509,-0.2898,2.077,0.225,0.22,,,3.82,-1.34,,
105.91,LAND_YAW_ALIGN,3.3176,-0.6676,0.996,-114.3,-14.76,-9.55,-0.0,-0.0894,0.396,-0.2753,2.077,0.225,0.207,,,3.82,-1.34,,
105.94,LAND_YAW_ALIGN,3.284,-0.6444,0.954,-114.81,-10.5,-5.12,-0.0,-0.0423,0.3222,-0.2275,,,0.207,,,3.82,-1.34,,
105.984,LAND_YAW_ALIGN,3.2862,-0.6232,0.955,-115.99,-7.62,2.95,-0.0,0.0394,0.2661,-0.0698,,,0.181,,,3.82,-1.34,,
106.058,LAND_YAW_ALIGN,3.244,-0.617,0.998,-118.18,-13.85,6.31,-0.0,0.1891,0.2945,0.3408,,,0.181,,,3.82,-1.34,,
106.091,LAND_YAW_ALIGN,3.2367,-0.5929,1.008,-122.34,-9.8,-4.28,-0.0,0.2632,0.298,0.3353,,,0.127,,0.404,3.82,-1.34,,
106.158,LAND_YAW_ALIGN,3.2272,-0.5655,1.035,-133.19,-12.05,-3.01,-0.0,0.2681,0.2766,0.1812,0.527,0.179,0.127,,0.404,3.82,-1.34,,
106.189,LAND_YAW_ALIGN,3.1932,-0.5638,1.038,-134.86,-10.5,-1.59,-0.0,0.269,0.21,0.2061,0.527,0.179,0.136,,,3.82,-1.34,,
106.258,LAND_YAW_ALIGN,3.1743,-0.5578,1.046,-132.21,-6.82,-4.94,-0.0,0.2584,0.1678,0.1154,0.577,,0.136,,,3.82,-1.34,,
106.287,LAND_YAW_ALIGN,3.1742,-0.5389,1.043,-132.35,-4.18,-3.76,-0.0,0.2503,0.1436,0.0087,0.577,,0.125,,,3.82,-1.34,,
106.368,LAND_YAW_ALIGN,3.136,-0.5385,1.067,-135.66,-8.82,2.15,-0.0,0.2181,0.1182,0.0231,0.662,,0.125,,,3.82,-1.34,,
106.385,LAND_YAW_ALIGN,3.1164,-0.5376,1.075,-133.79,-10.15,0.48,-0.0,0.2434,0.0854,0.0459,0.662,,0.151,,,3.82,-1.34,,
106.449,LAND_YAW_ALIGN,3.0936,-0.531,1.098,-132.74,-13.22,3.58,-0.0,0.2723,0.0558,0.0202,0.677,,0.151,,,3.82,-1.34,,
106.503,LAND_YAW_ALIGN,3.0728,-0.5285,1.106,-129.98,-14.26,4.73,-0.0,0.3367,0.0266,0.0422,0.677,,0.176,,0.39,3.82,-1.34,,
106.539,LAND_YAW_ALIGN,3.0515,-0.5404,1.1,-125.41,-13.59,4.88,-0.0,0.3863,-0.0045,-0.0121,0.662,,0.176,,0.39,3.82,-1.34,,
106.595,LAND_YAW_ALIGN,3.0501,-0.5409,1.083,-123.09,-11.56,4.22,-0.0,0.4475,-0.0171,-0.1093,0.662,,0.161,,0.382,3.82,-1.34,,
106.649,LAND_YAW_ALIGN,3.0452,-0.5435,1.053,-121.29,-7.42,5.58,-0.0,0.4947,-0.0183,-0.1765,0.664,0.255,0.161,,0.382,3.82,-1.34,,
106.685,LAND_YAW_ALIGN,3.041,-0.5431,1.054,-121.17,-4.91,12.33,-0.0,0.5327,0.0199,-0.2575,0.664,0.255,0.157,,,3.82,-1.34,,
106.74,LAND_YAW_ALIGN,3.0101,-0.5502,1.11,-122.86,-4.03,23.77,-0.0,0.5829,0.1306,-0.3186,,0.209,0.157,,,3.82,-1.34,,
106.799,LAND_YAW_ALIGN,3.0141,-0.5614,1.142,-119.54,1.08,28.28,-0.0,0.6848,0.3301,-0.2432,,0.209,0.176,,0.391,3.82,-1.34,,
106.832,LAND_YAW_ALIGN,3.0267,-0.585,1.155,-113.94,0.19,30.89,-0.0,0.7323,0.498,-0.2851,,0.226,0.176,,0.391,3.82,-1.34,,
106.892,LAND_YAW_ALIGN,3.0609,-0.5903,1.157,-111.82,-0.44,31.26,-0.0,0.7841,0.6596,-0.3781,,0.226,0.167,,,3.82,-1.34,,
106.954,LAND_YAW_ALIGN,3.0897,-0.6131,1.171,-112.0,-1.1,30.91,-0.0,0.8334,0.8326,-0.4017,,0.248,0.167,,,3.82,-1.34,,
107.03,LAND_YAW_ALIGN,3.128,-0.6348,1.185,-113.5,-3.86,31.58,-0.0,0.9094,1.0054,-0.3835,,0.248,0.192,0.928,,3.82,-1.34,,
107.05,LAND_YAW_ALIGN,3.2127,-0.6537,1.189,-114.09,-6.01,29.29,-0.0,1.0263,1.1315,-0.3339,,,0.192,0.928,,3.82,-1.34,,
107.1,LAND_YAW_ALIGN,3.2772,-0.6681,1.148,-115.95,-6.58,25.2,-0.0,1.1327,1.2319,-0.3009,,,0.186,,0.422,3.82,-1.34,,
107.135,LAND_YAW_ALIGN,3.3564,-0.64,1.086,-118.52,-5.72,18.31,-0.0,1.2565,1.3315,-0.2238,,0.2,0.186,,0.422,3.82,-1.34,,
107.195,LAND_YAW_ALIGN,3.3812,-0.6615,1.059,-122.3,-5.24,9.98,-0.0,1.3001,1.3435,-0.1965,,0.2,0.182,,0.396,3.82,-1.34,,
107.251,LAND_YAW_ALIGN,3.3883,-0.694,1.057,-128.09,-7.94,2.79,-0.0,1.2987,1.2824,-0.1517,0.777,0.211,0.182,,0.396,3.82,-1.34,,
107.293,LAND_YAW_ALIGN,3.3951,-0.707,1.067,-136.06,-10.5,-5.56,-0.0,1.2727,1.1775,-0.1813,0.777,0.211,0.174,,,3.82,-1.34,,
107.345,LAND_YAW_ALIGN,3.4265,-0.6926,1.056,-146.5,-10.6,-8.97,-0.0,1.2437,1.0546,-0.2576,,,0.174,,,3.82,-1.34,,
107.397,LAND_YAW_ALIGN,3.4331,-0.7459,1.046,-155.25,-10.13,-1.66,-0.0,1.1683,0.8537,-0.2481,,,,,,3.82,-1.34,,
107.435,LAND_YAW_ALIGN,3.4383,-0.7745,1.158,-154.98,-9.12,14.21,-0.0,1.1852,0.7315,-0.2172,,,,,,3.82,-1.34,,
107.495,LAND_YAW_ALIGN,3.4516,-0.7032,1.262,-150.57,-10.38,26.07,-0.0,1.3082,0.7466,-0.2341,,,,,,3.82,-1.34,,
107.554,LAND_YAW_ALIGN,3.5029,-0.5333,1.25,-148.1,-10.4,23.69,-0.0,1.5792,0.8684,-0.0134,,0.107,,,,3.82,-1.34,,
107.615,LAND_YAW_ALIGN,3.5552,-0.4403,1.307,-145.09,-16.65,23.2,-0.0,1.7553,0.9205,0.0198,,0.107,0.089,,0.146,3.82,-1.34,,
107.667,LAND_YAW_ALIGN,3.5892,-0.4025,1.197,-141.16,-34.19,30.82,-0.0,1.9034,0.8949,-0.1681,,0.166,0.089,,0.146,3.82,-1.34,,
107.705,LAND_YAW_ALIGN,3.96,-0.8582,1.209,-149.66,-56.1,43.91,-0.0,2.0352,0.3442,-1.3548,,0.166,0.08,,0.045,3.82,-1.34,,
107.774,LAND_YAW_ALIGN,3.8666,-0.8232,0.077,-145.25,-89.75,50.95,-0.0,2.1263,0.3626,-1.5314,,,0.08,,0.045,3.82,-1.34,,
107.814,LAND_YAW_ALIGN,3.9911,-0.7516,0.05,-139.81,-89.43,73.79,-0.0,1.7727,0.9662,-2.1154,,,0.006,,0.008,3.82,-1.34,,
107.851,LAND_YAW_ALIGN,4.0519,-0.738,1.564,-1.98,147.09,71.63,-0.0,1.8547,0.8775,-2.6902,0.0,,0.006,,0.008,3.82,-1.34,,
107.894,LAND_YAW_ALIGN,4.1455,-0.6981,1.527,29.69,118.95,52.24,0.0,1.7766,0.9542,-3.1419,0.0,,0.009,,0.0,3.82,-1.34,,
107.952,LAND_YAW_ALIGN,4.2185,-0.6608,1.285,50.23,101.49,30.52,0.0,1.7785,0.9333,-3.6478,,,0.009,,0.0,3.82,-1.34,,
108.004,LAND_YAW_ALIGN,4.2906,-0.5722,1.375,66.63,96.26,7.88,0.0,1.7542,0.9532,-4.1456,,,0.098,,0.03,3.82,-1.34,,
108.063,LAND_YAW_ALIGN,4.2867,0.1173,0.92,85.41,107.97,-4.92,0.0,1.7715,1.172,-4.407,,0.054,0.098,,0.03,3.82,-1.34,,
108.086,LAND_YAW_ALIGN,4.4624,1.0998,0.997,107.6,123.09,-19.47,0.0,1.991,1.7512,-4.4008,,0.054,,0.741,0.063,3.82,-1.34,,
108.142,LAND_YAW_ALIGN,5.0774,1.2603,1.652,129.7,143.34,-32.79,0.0,2.464,1.6949,-4.5813,,0.054,,0.741,0.063,3.82,-1.34,,
108.21,LAND_YAW_ALIGN,3.9169,0.4283,1.869,169.78,173.55,-58.45,0.0,0.3125,2.2546,-4.6079,,0.238,,1.016,,3.82,-1.34,,
108.25,LAND_YAW_ALIGN,0.5629,6.3534,0.535,169.36,149.66,1.73,0.0,-0.9806,2.6504,-2.5061,,,,1.016,,3.82,-1.34,,
108.299,LAND_YAW_ALIGN,-1.6359,10.1819,0.9,171.29,136.54,38.91,0.0,-1.4609,3.0115,-1.122,,,0.019,0.097,,3.82,-1.34,,
108.342,LAND_YAW_ALIGN,-2.7149,11.2844,0.505,166.3,151.32,37.01,0.0,-1.6427,3.0495,-0.826,0.848,,0.019,0.097,,3.82,-1.34,,
108.398,LAND_YAW_ALIGN,-4.6262,12.1402,0.712,169.37,161.68,27.7,0.0,-2.0646,3.3016,1.0905,0.848,,,,0.073,3.82,-1.34,,
108.463,LAND_YAW_ALIGN,-4.9747,12.3279,1.588,169.76,173.76,16.48,0.0,-2.0185,3.1917,1.0197,,,,,0.073,3.82,-1.34,,
108.489,LAND_YAW_ALIGN,-5.2788,12.6363,0.736,-177.68,147.6,33.77,0.0,-1.6673,2.8591,0.9828,,,,,0.089,3.82,-1.34,,
108.553,LAND_YAW_ALIGN,-5.3733,12.8185,0.294,-170.22,131.65,36.95,0.0,-1.4097,2.4016,1.0926,,,,,0.089,3.82,-1.34,,
108.584,LAND_YAW_ALIGN,-5.4308,12.9366,0.086,-175.68,144.43,31.2,0.0,-1.1667,1.9292,0.9923,,,0.058,,0.0,3.82,-1.34,,
108.636,LAND_YAW_ALIGN,-5.4812,13.047,0.272,-169.28,135.62,36.48,0.0,-1.0423,1.7332,0.6043,,,0.058,,0.0,3.82,-1.34,,
108.686,LAND_YAW_ALIGN,-5.5381,13.1439,0.49,-170.97,129.59,37.0,0.0,-0.6417,1.1629,0.5892,,,0.037,,0.0,3.82,-1.34,,
108.748,LAND_YAW_ALIGN,-5.5652,13.2025,1.016,-172.89,132.09,38.28,0.0,-0.4491,0.8064,0.3274,0.0,0.037,0.037,,0.0,3.82,-1.34,,
108.797,LAND_YAW_ALIGN,-5.5833,13.2385,0.921,-172.89,132.54,38.76,0.0,-0.2661,0.4933,0.0822,0.0,0.037,0.011,0.042,,3.82,-1.34,,
108.843,LAND_YAW_ALIGN,-5.5893,13.256,0.914,-172.69,132.72,39.13,0.0,-0.0083,0.1552,-0.1621,0.012,0.051,0.011,0.042,,3.82,-1.34,,
108.895,LAND_YAW_ALIGN,-5.584,13.2503,0.855,-172.73,133.33,39.38,0.0,0.239,-0.1714,-0.3749,0.012,0.051,0.028,0.049,0.012,3.82,-1.34,,
108.938,LAND_YAW_ALIGN,-5.5699,13.2228,0.799,-172.38,133.04,39.76,0.0,0.4886,-0.5057,-0.5872,0.012,0.06,0.028,0.049,0.012,3.82,-1.34,,
108.996,LAND_YAW_ALIGN,-5.5459,13.1694,0.749,-172.12,133.03,39.93,0.0,0.7257,-0.8289,-0.7824,0.012,0.06,0.022,0.072,0.015,3.82,-1.34,,
109.052,LAND_YAW_ALIGN,-5.5146,13.1019,0.684,-171.89,133.1,40.09,0.0,0.9637,-1.1425,-0.9712,0.011,0.058,0.022,0.072,0.015,3.82,-1.34,,
109.09,LAND_YAW_ALIGN,-5.4772,13.0108,0.638,-171.63,133.15,40.14,0.0,1.1922,-1.4497,-1.1388,0.011,0.058,0.025,0.053,0.012,3.82,-1.34,,
109.149,LAND_YAW_ALIGN,-5.4503,12.8806,0.593,-171.44,133.4,39.81,0.0,1.3883,-1.7372,-1.2258,0.012,0.057,0.025,0.053,0.012,3.82,-1.34,,
109.201,LAND_YAW_ALIGN,-5.4094,12.7516,0.576,-171.27,133.63,39.7,0.0,1.6057,-2.0263,-1.3435,0.012,0.057,0.026,0.053,0.013,3.82,-1.34,,
109.236,LAND_YAW_ALIGN,-5.3643,12.603,0.553,-171.16,133.98,39.51,0.0,1.8166,-2.3049,-1.4365,0.015,0.057,0.026,0.053,0.013,3.82,-1.34,,
109.301,LAND_YAW_ALIGN,-5.311,12.4442,0.534,-171.09,134.4,39.36,0.0,2.0311,-2.5758,-1.5246,0.015,0.057,0.023,0.052,0.012,3.82,-1.34,,
109.336,LAND_YAW_ALIGN,-5.2555,12.2624,0.495,-170.68,134.68,38.84,0.0,2.2669,-2.854,-1.6232,0.018,0.059,0.023,0.052,0.012,3.82,-1.34,,
109.402,LAND_YAW_ALIGN,-5.1781,12.0781,0.486,-169.15,134.26,37.65,0.0,2.45,-3.0739,-1.6263,0.018,0.059,0.024,0.058,0.011,3.82,-1.34,,
109.435,LAND_YAW_ALIGN,-5.0933,11.8764,0.533,-168.09,134.22,37.51,0.0,2.7298,-3.4091,-1.7152,0.021,0.059,0.024,0.058,0.011,3.82,-1.34,,
109.511,LAND_YAW_ALIGN,-4.9936,11.6477,0.596,-163.72,136.47,39.03,0.0,3.0275,-3.7806,-1.6534,0.021,0.059,0.039,0.323,0.009,3.82,-1.34,,
109.534,LAND_YAW_ALIGN,-4.8983,11.391,0.551,-163.24,150.04,34.88,0.0,3.39,-4.1987,-1.4337,,0.225,0.039,0.323,0.009,3.82,-1.34,,
109.611,LAND_YAW_ALIGN,-4.8263,11.1429,0.605,-161.51,163.0,25.91,0.0,3.5879,-4.4963,-1.021,,0.225,0.072,0.372,0.022,3.82,-1.34,,
109.633,LAND_YAW_ALIGN,-4.747,10.8853,1.09,-154.27,161.7,11.56,0.0,3.8681,-4.7142,-0.6528,,,0.072,0.372,0.022,3.82,-1.34,,
109.693,LAND_YAW_ALIGN,-4.6558,10.643,1.109,-141.84,170.49,-17.95,0.0,4.1122,-4.7189,-0.2835,,,0.231,0.332,,3.82,-1.34,,
109.742,LAND_YAW_ALIGN,-4.5165,10.4179,1.232,-121.15,-170.38,-43.67,0.0,4.2745,-4.7996,0.123,,,0.231,0.332,,3.82,-1.34,,
109.803,LAND_YAW_ALIGN,-4.3243,10.16,1.551,-95.36,-143.58,-64.4,0.0,4.4817,-5.0689,0.2969,,,0.323,,,3.82,-1.34,,
109.836,LAND_YAW_ALIGN,-4.0992,9.8966,1.155,-42.54,-87.34,-79.47,0.0,4.6833,-5.3986,0.2373,0.419,,0.323,,,3.82,-1.34,,
109.896,LAND_YAW_ALIGN,-3.8598,9.6137,1.157,27.65,-18.42,-74.7,0.0,4.8804,-5.7424,0.0656,0.419,,,0.399,,3.82,-1.34,,
109.945,LAND_YAW_ALIGN,-4.332,10.1697,1.29,55.49,14.33,-58.04,0.0,4.462,-5.6374,-1.6058,1.16,,,0.399,,3.82,-1.34,,
109.985,LAND_YAW_ALIGN,-3.5319,9.2756,1.315,46.17,-2.33,-46.12,0.0,4.3225,-5.1369,0.5947,1.16,,,0.34,,3.82,-1.34,,
110.043,LAND_YAW_ALIGN,-1.7122,7.9053,1.016,51.6,-6.18,-38.9,0.0,5.747,-4.5757,2.9805,,,,0.34,,3.82,-1.34,,
110.108,LAND_YAW_ALIGN,-2.3215,8.46,0.964,53.2,7.69,-30.84,0.0,5.0549,-4.4824,1.3815,,,,0.308,,3.82,-1.34,,
110.136,LAND_YAW_ALIGN,-2.6908,8.8012,0.584,50.35,13.47,-28.63,0.0,4.5329,-4.2374,0.2837,,,,0.308,,3.82,-1.34,,
110.194,LAND_YAW_ALIGN,-3.6951,9.6419,0.156,44.49,15.68,-31.83,0.0,3.2986,-3.5531,-1.5342,,,,0.287,,3.82,-1.34,,
110.243,LAND_YAW_ALIGN,-5.3278,10.3656,0.078,36.77,9.66,-31.49,0.0,1.2408,-2.7164,-3.6493,,,,0.287,,3.82,-1.34,,
110.303,LAND_YAW_ALIGN,-6.3356,10.5459,0.062,36.47,11.14,-25.72,0.0,0.4664,-2.2491,-3.5933,,,,0.259,,3.82,-1.34,,
110.375,LAND_YAW_ALIGN,-5.4454,10.5283,0.073,40.62,24.86,-24.7,0.0,2.3226,-2.3764,-2.3507,,,,0.259,,3.82,-1.34,,
110.393,LAND_YAW_ALIGN,-5.3703,10.7195,0.027,36.3,27.59,-18.6,0.0,2.9794,-2.3404,-1.3513,,,,0.239,,3.82,-1.34,,
110.433,LAND_YAW_ALIGN,-5.9011,11.1139,0.059,29.94,27.15,-12.81,0.0,2.4679,-2.0033,-0.6609,,0.388,,0.239,,3.82,-1.34,,
110.493,LAND_YAW_ALIGN,-6.3881,11.4381,0.047,24.27,26.15,-7.06,0.0,1.9606,-1.709,-0.2852,,0.388,,0.245,,3.82,-1.34,,
110.564,LAND_YAW_ALIGN,-6.8876,11.699,1.089,21.4,27.14,0.4,0.0,1.3973,-1.3601,-0.2122,,0.408,,0.245,,3.82,-1.34,,
110.595,LAND_YAW_ALIGN,-4.536,10.963,1.203,26.2,43.18,6.56,0.0,4.4388,-3.491,1.3636,,0.408,,0.26,,3.82,-1.34,,
110.632,LAND_YAW_ALIGN,-3.2098,10.758,1.194,37.0,41.15,5.95,0.0,5.3958,-3.7725,2.8459,,0.695,,0.26,,3.82,-1.34,,
110.693,LAND_YAW_ALIGN,-2.7144,10.6437,1.164,44.63,35.65,0.59,0.0,5.3468,-3.6863,3.3798,,0.695,,0.213,,3.82,-1.34,,
110.732,LAND_YAW_ALIGN,-2.5162,10.4411,1.141,47.29,34.03,-2.79,0.0,5.4398,-3.9895,3.1796,,,,0.213,,3.82,-1.34,,
110.809,LAND_YAW_ALIGN,-2.2786,10.1939,1.153,52.08,36.38,-5.51,0.0,5.82,-4.5554,2.7268,,,,0.205,0.365,3.82,-1.34,,
110.841,LAND_YAW_ALIGN,-1.8124,9.8898,1.194,59.53,45.01,-5.69,0.0,6.5929,-5.3951,1.6711,,,,0.205,0.365,3.82,-1.34,,
110.895,LAND_YAW_ALIGN,-1.1536,9.5107,1.233,66.73,53.44,-2.37,0.0,7.3224,-6.1928,0.2279,,,,0.19,0.376,3.82,-1.34,,
110.954,LAND_YAW_ALIGN,-0.3901,9.0527,1.246,69.88,57.16,2.44,0.0,8.1015,-6.9603,-1.3093,0.108,,,0.19,0.376,3.82,-1.34,,
110.99,LAND_YAW_ALIGN,0.1043,8.6652,1.246,73.04,56.31,4.18,0.0,8.4823,-7.2761,-1.9562,0.108,,,0.203,0.374,3.82,-1.34,,
111.057,LAND_YAW_ALIGN,0.3531,8.4514,1.275,78.8,55.01,5.0,0.0,8.4457,-7.019,-1.7571,0.061,,,0.203,0.374,3.82,-1.34,,
111.108,LAND_YAW_ALIGN,0.6296,8.2556,1.224,73.19,52.41,7.15,0.0,8.495,-6.8275,-1.4258,0.061,,,,,3.82,-1.34,,
111.154,LAND_YAW_ALIGN,1.0092,8.0924,1.199,75.33,49.09,8.03,0.0,8.9158,-6.729,-0.8666,0.071,,,,,3.82,-1.34,,
111.19,LAND_YAW_ALIGN,1.4718,7.9022,1.167,84.75,47.95,7.39,0.0,9.3006,-6.6359,-0.5133,0.071,,,0.154,0.364,3.82,-1.34,,
111.268,LAND_YAW_ALIGN,1.9538,7.6458,1.197,86.78,49.8,7.9,0.0,9.585,-6.5695,-0.3512,,,,0.154,0.364,3.82,-1.34,,
111.301,LAND_YAW_ALIGN,2.4677,7.3845,1.179,88.51,47.79,5.16,0.0,10.0042,-6.5276,-0.1312,,,,0.18,0.354,3.82,-1.34,,
111.337,LAND_YAW_ALIGN,2.9606,7.1064,1.224,91.66,49.37,2.14,0.0,10.4314,-6.4619,-0.0214,,,,0.18,0.354,3.82,-1.34,,
111.403,LAND_YAW_ALIGN,3.447,6.8154,1.082,92.65,50.1,-0.75,0.0,10.6466,-6.4869,0.0403,,,,0.205,,3.82,-1.34,,
111.438,LAND_YAW_ALIGN,3.8979,6.667,1.254,85.45,50.4,-0.08,0.0,10.868,-6.4473,-0.5288,,,,0.205,,3.82,-1.34,,
111.481,LAND_YAW_ALIGN,4.337,6.285,1.249,86.09,51.59,-3.09,0.0,11.1853,-6.7336,-0.2893,,,,0.177,,3.82,-1.34,,
111.541,LAND_YAW_ALIGN,4.7965,5.9597,0.016,92.88,52.79,-5.31,0.0,11.2257,-6.7746,-0.4163,,,,0.177,,3.82,-1.34,,
111.608,LAND_YAW_ALIGN,5.7642,7.2305,0.022,102.75,64.29,1.4,0.0,11.1647,-5.0548,-3.7972,,,,0.233,,3.82,-1.34,,
111.66,LAND_YAW_ALIGN,5.2683,7.4772,0.007,104.37,63.14,2.73,0.0,10.4875,-4.926,-3.6279,,,,0.233,,3.82,-1.34,,
111.693,LAND_YAW_ALIGN,5.0405,7.7513,0.007,109.96,64.2,0.62,0.0,10.2737,-4.5329,-3.0505,,,,0.239,,3.82,-1.34,,
111.735,LAND_YAW_ALIGN,4.7316,7.6955,0.008,113.93,63.82,-3.03,0.0,10.1603,-4.4986,-2.4717,0.052,,,0.239,,3.82,-1.34,,
111.796,LAND_YAW_ALIGN,4.9368,7.8952,0.016,117.26,59.94,-4.11,0.0,10.0826,-4.3551,-2.8323,0.052,,,0.239,,3.82,-1.34,,
111.85,LAND_YAW_ALIGN,5.0905,7.0609,0.006,113.73,57.38,-10.05,0.0,10.5625,-4.967,-1.4752,0.08,,,0.239,,3.82,-1.34,,
111.894,LAND_YAW_ALIGN,4.7841,6.9711,1.483,110.4,52.98,-12.17,0.0,10.1469,-4.9909,-1.0208,0.08,,,0.245,,3.82,-1.34,,
111.934,LAND_YAW_ALIGN,8.1092,5.3665,1.217,108.17,48.2,-16.6,0.0,13.8977,-5.48,1.0474,,,,0.245,,3.82,-1.34,,
111.997,LAND_YAW_ALIGN,-0.0057,-0.0004,1.263,4.73,-0.59,2.58,0.0,-0.2585,-0.0205,-0.1408,,,,0.256,,3.82,-1.34,,
112.058,LAND_YAW_ALIGN,-0.0253,0.0027,0.966,9.48,-0.78,4.56,0.0,-0.4505,0.1185,-0.2989,,,,0.256,,3.82,-1.34,,
112.1,LAND_YAW_ALIGN,-0.0532,0.0116,0.103,15.04,3.95,10.17,0.0,-0.6692,0.2322,-0.6345,,,,0.25,,3.82,-1.34,,
112.158,LAND_YAW_ALIGN,-0.099,0.0357,0.003,23.99,-8.41,27.98,0.0,-0.5218,0.3486,-2.7526,0.058,,,0.25,,3.82,-1.34,,
112.187,LAND_YAW_ALIGN,-0.0881,0.0493,0.029,28.54,-20.72,30.0,0.0,-0.1639,0.4086,-4.0877,0.058,,,0.25,,3.82,-1.34,,
112.27,LAND_YAW_ALIGN,-0.1322,0.0699,0.014,24.76,-0.43,14.8,0.0,-1.0242,0.6402,-3.5502,0.056,,,0.25,,3.82,-1.34,,
112.287,LAND_YAW_ALIGN,-0.2446,0.1147,0.019,23.02,7.37,4.52,0.0,-1.4212,0.8712,-3.194,0.056,,,0.236,,3.82,-1.34,,
112.35,LAND_YAW_ALIGN,-0.454,0.2008,0.025,21.19,11.42,8.78,0.0,-1.9603,0.8382,-2.0452,0.058,,,0.236,,3.82,-1.34,,
112.382,LAND_YAW_ALIGN,-0.7163,0.3026,0.028,15.48,17.0,10.4,0.0,-2.3819,0.9639,-0.9749,0.058,,,0.226,,3.82,-1.34,,
112.467,LAND_YAW_ALIGN,-0.9334,0.4196,0.03,6.73,23.13,6.91,0.0,-2.3281,1.0142,-0.0301,0.062,,,0.226,,3.82,-1.34,,
112.496,LAND_YAW_ALIGN,-1.0537,0.529,0.016,1.38,29.75,1.16,0.0,-1.9198,1.0626,0.4869,0.062,,,0.236,,3.82,-1.34,,
112.533,LAND_YAW_ALIGN,-1.0659,0.5902,0.012,0.81,30.67,-6.48,0.0,-1.2562,1.0675,0.1763,0.028,,,0.236,,3.82,-1.34,,
112.585,LAND_YAW_ALIGN,-1.0453,0.6216,0.014,2.91,29.96,-11.22,0.0,-0.8358,0.935,-0.1918,0.028,,,0.256,0.322,3.82,-1.34,,
112.642,LAND_YAW_ALIGN,-1.0306,0.627,0.012,6.42,33.64,-13.56,0.0,-0.5299,0.6918,-0.3466,0.053,0.771,,0.256,0.322,3.82,-1.34,,
112.706,LAND_YAW_ALIGN,-1.0252,0.65,0.009,10.82,37.13,-18.1,0.0,-0.3059,0.6526,-0.4552,0.053,0.771,,0.255,0.295,3.82,-1.34,,
112.739,LAND_YAW_ALIGN,-1.0461,0.6504,0.01,17.42,42.11,-20.55,0.0,-0.2276,0.5819,-0.4407,0.036,0.848,,0.255,0.295,3.82,-1.34,,
112.817,LAND_YAW_ALIGN,-1.0794,0.6564,0.008,23.12,44.48,-20.61,0.0,-0.2456,0.6321,-0.3657,0.036,0.848,,0.244,0.334,3.82,-1.34,,
112.835,LAND_YAW_ALIGN,-1.099,0.6589,0.011,27.65,43.19,-21.2,0.0,-0.1795,0.5905,-0.2117,0.045,,,0.244,0.334,3.82,-1.34,,
112.898,LAND_YAW_ALIGN,-1.1114,0.66,0.011,31.46,40.68,-21.27,0.0,-0.1807,0.4792,-0.0545,0.045,,,0.229,,3.82,-1.34,,
112.931,LAND_YAW_ALIGN,-1.1184,0.6575,0.012,34.6,38.12,-21.17,0.0,-0.0954,0.4448,-0.0265,0.045,,,0.229,,3.82,-1.34,,
113.024,LAND_YAW_ALIGN,-1.1107,0.6617,0.016,38.47,36.54,-23.0,0.0,0.0122,0.386,0.0355,0.045,,,0.228,0.313,3.82,-1.34,,
113.033,LAND_YAW_ALIGN,-1.1216,0.6372,0.022,42.7,34.09,-22.74,0.0,0.006,0.2395,0.0004,0.064,,,0.228,0.313,3.82,-1.34,,
113.086,LAND_YAW_ALIGN,-1.137,0.6103,0.021,46.5,32.16,-21.02,0.0,0.081,0.1208,0.0268,0.064,,,0.225,,3.82,-1.34,,
113.145,LAND_YAW_ALIGN,-1.1503,0.5853,0.035,53.06,33.84,-19.14,0.0,0.1334,0.0132,-0.0054,0.07,,,0.225,,3.82,-1.34,,
113.206,LAND_YAW_ALIGN,-1.1483,0.5808,0.037,55.66,34.71,-18.26,0.0,0.1281,0.1326,-0.0658,0.07,,,0.236,,3.82,-1.34,,
113.272,LAND_YAW_ALIGN,-1.1487,0.5752,0.028,56.3,34.03,-18.13,0.0,0.1606,0.1236,-0.1176,0.058,,,0.236,,3.82,-1.34,,
113.291,LAND_YAW_ALIGN,-1.1474,0.5719,0.023,57.29,35.45,-17.27,0.0,0.2549,0.0494,-0.0118,0.058,,,0.225,,3.82,-1.34,,
113.359,LAND_YAW_ALIGN,-1.1507,0.5592,0.028,58.49,36.68,-17.02,0.0,0.2702,-0.0257,0.0419,0.042,,,0.225,,3.82,-1.34,,
113.402,LAND_YAW_ALIGN,-1.1595,0.5309,0.041,60.8,35.69,-16.26,0.0,0.2872,-0.1736,0.0866,0.042,,,0.219,,3.82,-1.34,,
113.463,LAND_YAW_ALIGN,-1.1603,0.5198,0.049,60.66,36.29,-19.04,0.0,0.3191,-0.0849,0.1497,0.052,,,0.219,,3.82,-1.34,,
113.483,LAND_YAW_ALIGN,-1.1505,0.5152,0.05,62.18,37.89,-21.2,0.0,0.3778,-0.1689,0.209,0.052,,,0.21,,3.82,-1.34,,
113.567,LAND_YAW_ALIGN,-1.1394,0.511,0.052,66.41,39.78,-22.89,0.0,0.342,-0.163,0.123,0.04,,,0.21,,3.82,-1.34,,
113.597,LAND_YAW_ALIGN,-1.1291,0.5297,0.047,65.3,36.87,-24.42,0.0,0.2349,0.0686,0.008,0.04,,,0.216,,3.82,-1.34,,
113.635,LAND_YAW_ALIGN,-1.1203,0.5521,0.05,64.24,34.12,-25.83,0.0,0.2846,0.0255,-0.0075,0.047,,,0.216,,3.82,-1.34,,
