time_s,state,x_m,y_m,z_down_m,edge_event,edge_x_m,edge_y_m,yaw_deg,roll_deg,pitch_deg,yaw_ref_deg,vx_ms,vy_ms,vz_ms,range_front_m,range_back_m,range_left_m,range_right_m,range_up_m,target_x_m,target_y_m,local_x_min_m,local_x_max_m,local_y_min_m,local_y_max_m
0.292,,0.0,0.0,0.014,,,,0.0,0.0,0.0,0.0,0.0,0.0,0.0,0.662,0.405,0.794,0.244,,,,,,,
0.296,,20.0634,-24.1778,0.013,,,,19.67,-1.24,0.15,0.0,0.0036,-0.0018,-0.0032,0.662,0.405,0.799,0.252,,,,,,,
0.299,,20.0625,-24.1778,0.015,,,,19.57,-1.25,0.18,0.0,-0.0011,-0.0018,-0.0041,0.661,0.415,0.799,0.252,,,,,,,
0.302,,20.0626,-24.178,0.015,,,,19.47,-1.24,0.18,0.0,-0.0003,-0.003,-0.0003,0.661,0.415,0.8,0.242,,,,,,,
0.306,,20.0631,-24.1772,0.013,,,,19.37,-1.26,0.15,0.0,0.0028,0.0012,0.002,0.661,0.405,0.8,0.242,,,,,,,
0.347,,20.0636,-24.1784,0.016,,,,19.26,-1.2,0.15,0.0,0.0049,-0.0056,-0.0011,0.661,0.405,0.81,0.245,,,,,,,
0.373,,20.0632,-24.1772,0.013,,,,19.16,-1.26,0.14,0.0,0.0029,0.0011,0.0039,0.663,0.409,0.81,0.245,,,,,,,
0.423,,20.0614,-24.1779,0.013,,,,19.07,-1.25,0.23,0.0,-0.0073,-0.004,-0.0,0.663,0.409,0.818,0.244,,,,,,,
0.473,,20.0631,-24.1775,0.013,,,,18.97,-1.25,0.15,0.0,0.0022,-0.001,-0.0039,0.663,0.402,0.818,0.244,,,,,,,
0.538,,20.0633,-24.1782,0.014,,,,18.87,-1.22,0.14,0.0,0.0035,-0.0046,-0.0056,0.663,0.402,0.826,0.243,,,,,,,
0.582,,20.0632,-24.1781,0.014,,,,18.77,-1.22,0.13,0.0,0.0031,-0.0043,-0.0038,0.662,0.413,0.826,0.243,,,,,,,
0.646,,20.0635,-24.1783,0.014,,,,18.67,-1.21,0.12,0.0,0.0041,-0.0048,-0.0028,0.662,0.413,0.83,0.238,,,,,,,
0.673,,20.0632,-24.1775,0.014,,,,18.58,-1.24,0.12,0.0,0.0031,0.0003,-0.0015,0.663,0.405,0.83,0.238,,,,,,,
0.723,,20.0631,-24.1773,0.012,,,,18.48,-1.25,0.13,0.0,0.0024,0.0007,-0.0009,0.663,0.405,0.854,0.243,,,,,,,
0.773,,20.0633,-24.1777,0.014,,,,18.38,-1.23,0.13,0.0,0.0036,-0.002,-0.0049,0.66,0.41,0.854,0.243,,,,,,,
0.823,,20.0624,-24.1785,0.016,,,,18.28,-1.21,0.18,0.0,-0.0018,-0.006,-0.0024,0.66,0.41,0.899,0.241,,,,,,,
0.873,,20.0633,-24.1777,0.014,,,,18.19,-1.23,0.13,0.0,0.0031,-0.0021,0.0037,0.662,0.403,0.899,0.241,,,,,,,
0.939,,20.0617,-24.1781,0.011,,,,18.09,-1.24,0.21,0.0,-0.0066,-0.0051,0.0024,0.662,0.403,0.98,0.244,,,,,,,
0.99,,20.0623,-24.1782,0.013,,,,18.0,-1.23,0.18,0.0,-0.003,-0.0049,-0.0059,0.664,0.411,0.98,0.244,,,,,,,
1.027,,20.0631,-24.1774,0.014,,,,17.9,-1.26,0.13,0.0,0.0017,0.0005,-0.006,0.664,0.411,1.034,0.241,,,,,,,
1.074,,20.0625,-24.1775,0.012,,,,17.81,-1.26,0.15,0.0,-0.001,-0.0002,-0.003,0.662,0.405,1.034,0.241,,,,,,,
1.123,,20.0615,-24.1778,0.014,,,,17.71,-1.26,0.2,0.0,-0.0067,-0.0021,-0.0056,0.662,0.405,,0.249,,,,,,,
1.172,,20.0624,-24.1778,0.015,,,,17.62,-1.24,0.16,0.0,-0.002,-0.0017,-0.0016,0.662,0.413,,0.249,,,,,,,
1.267,,20.0633,-24.1779,0.015,,,,17.53,-1.23,0.12,0.0,0.0031,-0.0022,0.0023,0.662,0.413,,0.247,,,,,,,
1.281,,20.0627,-24.1789,0.016,,,,17.43,-1.2,0.16,0.0,-0.0007,-0.008,0.0043,0.663,0.404,,0.247,,,,,,,
1.324,,20.0632,-24.1776,0.013,,,,17.34,-1.24,0.12,0.0,0.0029,-0.0005,0.0073,0.663,0.404,,0.245,,,,,,,
1.374,,20.0632,-24.1774,0.015,,,,17.25,-1.25,0.12,0.0,0.0027,0.0005,0.0014,0.664,0.408,,0.245,,,,,,,
1.424,,20.0633,-24.1777,0.012,,,,17.16,-1.24,0.13,0.0,0.0027,-0.0013,0.0017,0.664,0.408,,,,,,,,,
1.484,,20.0625,-24.1776,0.015,,,,17.07,-1.25,0.17,0.0,-0.0017,-0.0013,-0.005,0.667,0.407,,,,,,,,,
1.525,,20.0634,-24.178,0.013,,,,16.98,-1.23,0.13,0.0,0.0038,-0.0027,-0.0018,0.667,0.407,,0.245,,,,,,,
1.574,,20.0636,-24.1789,0.014,,,,16.89,-1.19,0.14,0.0,0.0045,-0.0075,-0.0043,0.667,0.41,,0.245,,,,,,,
1.622,,20.0633,-24.1777,0.014,,,,16.8,-1.25,0.14,0.0,0.0021,-0.0016,-0.0037,0.667,0.41,,0.243,,,,,,,
1.673,,20.0632,-24.1774,0.013,,,,16.72,-1.26,0.13,0.0,0.0018,-0.0004,-0.0031,0.663,0.404,,0.243,,,,,,,
1.725,,20.063,-24.1777,0.015,,,,16.63,-1.25,0.14,0.0,0.0009,-0.0015,-0.0043,0.663,0.404,1.081,0.236,,,,,,,
1.81,,20.0628,-24.1785,0.013,,,,16.54,-1.23,0.16,0.0,-0.0005,-0.0053,-0.0001,0.662,0.409,1.081,0.236,,,,,,,
1.845,,20.0627,-24.1783,0.014,,,,16.45,-1.24,0.17,0.0,-0.0007,-0.0042,-0.0023,0.662,0.409,,0.24,,,,,,,
1.872,,20.0634,-24.1783,0.014,,,,16.36,-1.23,0.14,0.0,0.003,-0.0047,-0.0015,0.661,0.404,,0.24,,,,,,,
1.922,,20.0631,-24.1775,0.014,,,,16.28,-1.28,0.14,0.0,0.0017,0.0009,-0.001,0.661,0.404,,0.239,,,,,,,
1.974,,20.0633,-24.1781,0.015,,,,16.2,-1.25,0.14,0.0,0.0025,-0.0022,-0.0005,0.665,0.413,,0.239,,,,,,,
2.031,,20.0633,-24.1779,0.013,,,,16.11,-1.25,0.14,0.0,0.0021,-0.0012,0.0013,0.665,0.413,,0.245,,,,,,,
2.09,,20.0635,-24.1788,0.015,,,,16.02,-1.22,0.14,0.0,0.0036,-0.0061,-0.0026,0.665,0.408,,0.245,,,,,,,
2.13,,20.0633,-24.1779,0.013,,,,15.94,-1.26,0.14,0.0,0.0021,-0.0017,-0.0005,0.665,0.408,,0.245,,,,,,,
2.173,,20.0632,-24.1777,0.012,,,,15.85,-1.27,0.14,0.0,0.0019,-0.0003,-0.0036,0.661,0.411,,0.245,,,,,,,
2.223,,20.0613,-24.178,0.014,,,,15.77,-1.28,0.22,0.0,-0.0084,-0.0018,-0.0072,0.661,0.411,,0.245,,,,,,,
2.273,,20.0626,-24.1786,0.014,,,,15.69,-1.24,0.16,0.0,-0.0014,-0.0043,-0.0043,0.661,0.406,,0.245,,,,,,,
2.349,,20.0626,-24.1779,0.013,,,,15.61,-1.28,0.16,0.0,-0.0018,-0.0007,-0.0026,0.661,0.406,,,,,,,,,
2.392,,20.0634,-24.1786,0.015,,,,15.52,-1.24,0.13,0.0,0.0027,-0.0038,-0.0037,0.664,0.408,,,,,,,,,
2.422,,20.0625,-24.1784,0.015,,,,15.44,-1.26,0.17,0.0,-0.0025,-0.0027,0.0004,0.664,0.408,,0.245,,,,,,,
2.473,,20.0627,-24.1785,0.015,,,,15.36,-1.26,0.16,0.0,-0.0006,-0.0035,0.0024,0.665,0.405,,0.245,,,,,,,
2.522,,20.0622,-24.1782,0.016,,,,15.28,-1.28,0.17,0.0,-0.0033,-0.0022,0.003,0.665,0.405,1.095,0.243,,,,,,,
2.576,,0.0,-0.0,0.016,,,,-0.0,0.01,-0.0,0.0,0.0025,-0.0024,-0.0002,0.667,0.41,1.095,0.243,,,,,,,
2.634,,-0.0001,-0.0001,0.014,,,,-0.01,-0.11,0.1,0.0,-0.0014,-0.0084,-0.0008,0.667,0.41,,0.241,,,,,,,
2.693,,0.0001,-0.0008,0.014,,,,-0.01,-0.08,-0.01,0.0,0.0025,-0.0191,-0.0029,0.665,0.405,,0.241,,,,,,,
2.721,,-0.0004,-0.0004,0.012,,,,-0.02,-0.51,0.19,0.0,-0.0036,-0.0124,-0.004,0.665,0.405,1.089,0.244,,,,,,,
2.772,,0.0005,-0.0013,0.013,,,,-0.02,-0.49,-0.02,0.0,0.005,-0.0205,-0.0097,0.663,0.41,1.089,0.244,,,,,,,
2.843,,-0.0003,-0.0008,0.015,,,,-0.03,-0.78,0.14,0.0,-0.0016,-0.0136,-0.009,0.663,0.41,,0.245,,,,,,,
2.894,,0.0006,-0.001,0.013,,,,-0.03,-0.85,0.0,0.0,0.0052,-0.0144,-0.0039,0.664,0.405,,0.245,,,,,,,
2.946,,-0.0011,-0.0006,0.017,,,,-0.03,-0.99,0.21,0.0,-0.0066,-0.0104,-0.0053,0.664,0.405,,0.242,,,,,,,
2.972,,0.0007,-0.0008,0.015,,,,-0.03,-1.02,0.0,0.0,0.0066,-0.0106,0.0042,0.666,0.409,,0.242,,,,,,,
3.022,,0.0006,-0.0007,0.015,,,,-0.04,-1.08,0.03,0.0,0.0052,-0.0092,0.0036,0.666,0.409,1.085,0.236,,,,,,,
3.072,,0.0007,-0.0005,0.013,,,,-0.05,-1.13,0.04,0.0,0.0054,-0.0066,0.0027,0.661,0.403,1.085,0.236,,,,,,,
3.122,,-0.002,0.0003,0.015,,,,-0.05,-1.2,0.25,0.0,-0.011,-0.0021,-0.0021,0.661,0.403,,0.239,,,,,,,
3.196,,-0.0006,-0.0006,0.015,,,,-0.06,-1.15,0.14,0.0,-0.0019,-0.0069,-0.0002,0.665,0.413,,0.239,,,,,,,
3.222,,0.0006,-0.0014,0.016,,,,-0.06,-1.12,0.07,0.0,0.0042,-0.0114,-0.0002,0.665,0.413,,0.242,,,,,,,
3.272,,-0.0003,0.0005,0.013,,,,-0.07,-1.24,0.13,0.0,-0.0009,-0.0012,0.0023,0.661,0.405,,0.242,,,,,,,
3.322,,0.0005,-0.0003,0.015,,,,-0.07,-1.21,0.09,0.0,0.0027,-0.0051,-0.003,0.661,0.405,,0.242,,,,,,,
3.393,,0.0006,-0.0001,0.014,,,,-0.08,-1.22,0.09,0.0,0.003,-0.0044,-0.0018,0.665,0.413,,0.242,,,,,,,
3.435,,-0.0013,0.0002,0.011,,,,-0.09,-1.24,0.18,0.0,-0.0059,-0.003,-0.0036,0.665,0.413,,0.239,,,,,,,
3.483,,-0.0018,0.0008,0.014,,,,-0.09,-1.27,0.2,0.0,-0.0079,-0.0004,-0.0121,0.66,0.407,,0.239,,,,,,,
3.522,,0.0005,-0.0002,0.012,,,,-0.09,-1.23,0.1,0.0,0.0035,-0.0054,-0.0087,0.66,0.407,,0.245,,,,,,,
3.573,,-0.0006,0.0003,0.014,,,,-0.1,-1.26,0.15,0.0,-0.0018,-0.002,-0.0106,0.663,0.413,,0.245,,,,,,,
3.622,,0.0005,0.0006,0.014,,,,-0.1,-1.27,0.11,0.0,0.0025,-0.0003,-0.0066,0.663,0.413,1.078,0.239,,,,,,,
3.678,,0.0004,-0.0002,0.014,,,,-0.11,-1.24,0.11,0.0,0.0023,-0.0039,-0.0034,0.662,0.406,1.078,0.239,,,,,,,
3.728,,-0.0018,0.0006,0.013,,,,-0.11,-1.27,0.2,0.0,-0.0084,0.0002,-0.0016,0.662,0.406,,0.245,,,,,,,
3.773,,-0.0003,0.0006,0.013,,,,-0.12,-1.27,0.14,0.0,-0.0008,-0.0001,-0.0026,0.663,0.409,,0.245,,,,,,,
3.822,,0.0004,0.0004,0.015,,,,-0.12,-1.25,0.11,0.0,0.0032,-0.001,-0.0028,0.663,0.409,1.088,0.241,,,,,,,
3.872,,-0.0003,-0.0001,0.015,,,,-0.12,-1.24,0.14,0.0,-0.0007,-0.0039,0.0018,0.662,0.404,1.088,0.241,,,,,,,
3.945,,-0.0001,-0.0,0.015,,,,-0.13,-1.23,0.13,0.0,0.0,-0.0039,0.0044,0.662,0.404,,0.245,,,,,,,
3.993,,-0.0014,0.0009,0.014,,,,-0.14,-1.27,0.19,0.0,-0.0071,0.001,0.0045,0.666,0.408,,0.245,,,,,,,
4.046,,-0.0007,0.0002,0.016,,,,-0.14,-1.24,0.16,0.0,-0.003,-0.0028,0.0023,0.666,0.408,1.091,0.244,,,,,,,
4.071,,0.0004,-0.0011,0.011,,,,-0.14,-1.19,0.11,0.0,0.0027,-0.0094,0.0044,0.664,0.406,1.091,0.244,,,,,,,
4.123,,0.0004,0.0008,0.014,,,,-0.15,-1.28,0.11,0.0,0.003,0.0008,-0.0051,0.664,0.406,,0.239,,,,,,,
4.172,,0.0003,0.0008,0.014,,,,-0.16,-1.28,0.12,0.0,0.003,0.0006,-0.0038,0.663,0.41,,0.239,,,,,,,
4.223,,-0.0005,0.0002,0.014,,,,-0.16,-1.25,0.15,0.0,-0.0015,-0.0034,-0.0026,0.663,0.41,,0.242,,,,,,,
4.28,,0.0003,-0.0005,0.015,,,,-0.16,-1.22,0.12,0.0,0.0031,-0.0066,-0.0019,0.661,0.403,,0.242,,,,,,,
4.322,,-0.0007,-0.0,0.014,,,,-0.17,-1.24,0.17,0.0,-0.003,-0.0037,0.0004,0.661,0.403,1.086,0.243,,,,,,,
4.372,,0.0001,0.0008,0.014,,,,-0.17,-1.28,0.13,0.0,0.0023,0.001,-0.0006,0.66,0.411,1.086,0.243,,,,,,,
4.422,,0.0003,0.0006,0.013,,,,-0.18,-1.27,0.13,0.0,0.0025,-0.0006,-0.0008,0.66,0.411,,0.244,,,,,,,
4.49,,-0.0006,-0.0002,0.013,,,,-0.18,-1.23,0.18,0.0,-0.0031,-0.0042,-0.003,0.659,0.405,,0.244,,,,,,,
4.534,,0.0003,0.0006,0.015,,,,-0.18,-1.26,0.14,0.0,0.0015,-0.0003,-0.004,0.659,0.405,,0.243,,,,,,,
4.575,,-0.0008,-0.0001,0.011,,,,-0.18,-1.25,0.19,0.0,-0.0049,-0.0034,0.0009,0.663,0.412,,0.243,,,,,,,
4.622,,0.0003,0.0005,0.014,,,,-0.19,-1.28,0.15,0.0,0.0014,0.0007,-0.0054,0.663,0.412,1.083,0.241,,,,,,,
4.673,,0.0003,0.0008,0.013,,,,-0.19,-1.28,0.15,0.0,0.001,0.0016,-0.0025,0.66,0.407,1.083,0.241,,,,,,,
4.722,,0.0003,-0.0014,0.015,,,,-0.19,-1.19,0.15,0.0,0.0009,-0.0092,-0.0023,0.66,0.407,,,,,,,,,
4.805,,0.0001,0.0004,0.014,,,,-0.2,-1.26,0.15,0.0,-0.0001,0.0001,0.0023,0.664,0.412,,,,,,,,,
4.846,,-0.0006,0.0004,0.012,,,,-0.2,-1.26,0.18,0.0,-0.0032,-0.0007,0.0021,0.664,0.412,,0.24,,,,,,,
4.872,,0.0003,0.0003,0.015,,,,-0.2,-1.25,0.14,0.0,0.0013,-0.0012,-0.0034,0.663,0.405,,0.24,,,,,,,
4.921,,0.0002,-0.0005,0.014,,,,-0.21,-1.22,0.14,0.0,0.0014,-0.0049,0.0004,0.663,0.405,1.094,0.242,,,,,,,
4.971,,0.0003,0.0008,0.015,,,,-0.21,-1.27,0.13,0.0,0.0016,0.0021,0.001,0.662,0.409,1.094,0.242,,,,,,,
5.033,,0.0002,0.0008,0.014,,,,-0.21,-1.27,0.13,0.0,0.0017,0.0016,0.003,0.662,0.409,,0.243,,,,,,,
5.083,,0.0002,0.0007,0.013,,,,-0.22,-1.26,0.13,0.0,0.0014,0.0013,0.0013,0.664,0.401,,0.243,,,,,,,
5.15,,-0.0006,-0.0003,0.013,,,,-0.22,-1.22,0.17,0.0,-0.0033,-0.0043,-0.002,0.664,0.401,1.092,0.245,,,,,,,
5.171,,0.0002,0.0001,0.011,,,,-0.22,-1.24,0.13,0.0,0.0016,-0.0022,-0.004,0.663,0.413,1.092,0.245,,,,,,,
5.222,,-0.0016,0.0007,0.015,,,,-0.22,-1.26,0.21,0.0,-0.0084,0.0009,-0.0088,0.663,0.413,,0.243,,,,,,,
5.272,,0.0002,-0.0003,0.014,,,,-0.23,-1.21,0.13,0.0,0.0017,-0.0047,-0.0016,0.665,0.407,,0.243,,,,,,,
5.349,,-0.0,0.0005,0.017,,,,-0.23,-1.26,0.14,0.0,0.0003,0.0002,0.0004,0.665,0.407,,0.242,,,,,,,
5.38,,-0.0,-0.0007,0.014,,,,-0.23,-1.2,0.15,0.0,0.0006,-0.0067,0.0083,0.665,0.412,,0.242,,,,,,,
5.422,,0.0002,-0.0001,0.013,,,,-0.24,-1.23,0.14,0.0,0.0012,-0.003,0.0055,0.665,0.412,1.102,0.241,,,,,,,
5.472,,0.0001,-0.0011,0.012,,,,-0.24,-1.19,0.13,0.0,0.0015,-0.0094,0.0002,0.664,0.405,1.102,0.241,,,,,,,
5.522,,-0.0005,-0.0001,0.012,,,,-0.24,-1.24,0.16,0.0,-0.0018,-0.0039,-0.005,0.664,0.405,,0.245,,,,,,,
5.579,,0.0002,-0.0004,0.014,,,,-0.24,-1.23,0.13,0.0,0.0017,-0.0051,-0.0079,0.663,0.41,,0.245,,,,,,,
5.621,,-0.0007,-0.0004,0.014,,,,-0.24,-1.23,0.16,0.0,-0.0034,-0.0042,-0.0043,0.663,0.41,,0.244,,,,,,,
5.671,,-0.0001,-0.0008,0.017,,,,-0.25,-1.21,0.14,0.0,0.0002,-0.0063,-0.0019,0.661,0.405,,0.244,,,,,,,
5.722,,-0.0005,-0.0001,0.011,,,,-0.25,-1.24,0.15,0.0,-0.0023,-0.0029,0.0064,0.661,0.405,,0.241,,,,,,,
5.771,,-0.0009,-0.0002,0.013,,,,-0.25,-1.24,0.16,0.0,-0.0047,-0.0035,-0.0035,0.662,0.408,,0.241,,,,,,,
5.822,,0.0001,0.0003,0.014,,,,-0.26,-1.26,0.12,0.0,0.0013,-0.0014,-0.0043,0.662,0.408,1.091,0.241,,,,,,,
5.894,,0.0001,-0.0012,0.017,,,,-0.26,-1.19,0.12,0.0,0.0012,-0.0092,-0.0022,0.666,0.407,1.091,0.241,,,,,,,
5.929,,-0.0003,0.0001,0.014,,,,-0.26,-1.25,0.14,0.0,-0.0011,-0.0016,0.0056,0.666,0.407,1.097,0.237,,,,,,,
5.97,,0.0001,0.0003,0.013,,,,-0.27,-1.25,0.12,0.0,0.0018,-0.0004,0.0024,0.665,0.409,1.097,0.237,,,,,,,
6.021,,0.0001,0.0007,0.014,,,,-0.27,-1.27,0.12,0.0,0.0033,0.0027,-0.0023,0.665,0.409,,0.249,,,,,,,
6.071,,0.0001,0.0005,0.016,,,,-0.27,-1.26,0.12,0.0,0.0042,0.0021,-0.0027,0.662,0.405,,0.249,,,,,,,
6.124,,-0.0001,0.0005,0.013,,,,-0.28,-1.25,0.14,0.0,0.0032,0.0025,0.0014,0.662,0.405,1.103,0.244,,,,,,,
6.173,,0.0001,0.0,0.015,,,,-0.28,-1.23,0.14,0.0,0.0043,0.0003,-0.0024,0.664,0.409,1.103,0.244,,,,,,,
6.238,,-0.0005,0.0003,0.014,,,,-0.28,-1.23,0.17,-0.0,0.0012,0.0015,-0.0001,0.664,0.409,,0.245,,,,,,,
6.274,,0.0,-0.0004,0.013,,,,-0.27,-1.18,0.21,-0.0,0.0033,0.0022,0.0,0.663,0.398,,0.245,,,,,,,
6.326,,-0.0018,0.0005,0.016,,,,-0.31,-1.21,0.28,-0.0,-0.0088,0.0155,-0.0032,0.663,0.398,,0.245,,,,,,,
6.407,,-0.0025,0.0029,0.016,,,,-0.4,-1.28,0.24,-0.0,-0.0128,0.0334,0.0005,0.662,0.408,,0.245,,,,,,,
6.453,,-0.0039,0.009,0.013,,,,-0.46,-0.8,0.24,-0.0,-0.018,0.0648,0.0246,0.662,0.408,,0.239,,,,,,,
6.493,,-0.0041,0.0202,0.0,,,,-0.5,-0.09,0.73,-0.0,-0.0171,0.1084,0.0383,0.678,0.408,,0.239,,,,,,,
6.538,,-0.015,0.0171,0.0,,,,-0.51,0.81,0.67,-0.0,-0.0724,0.0654,0.0433,0.678,0.408,,0.187,,,,,,,
6.571,,-0.0195,0.0055,0.0,,,,-0.52,1.89,0.31,-0.0,-0.0797,-0.0197,0.0895,0.685,0.414,,0.187,,,,,,,
6.621,,-0.0219,0.0038,0.005,,,,-0.55,1.46,-0.33,-0.0,-0.0699,-0.035,0.1129,0.685,0.414,1.17,,,,,,,,
6.698,,-0.0223,-0.0046,0.023,entry,-0.0219,0.0038,-0.62,1.11,-0.81,-0.0,-0.0513,-0.0788,0.1288,0.683,0.418,1.17,,,,,,,,
6.748,,-0.0295,-0.0066,0.039,,,,-0.65,0.46,-0.9,-0.0,-0.067,-0.0745,0.1758,0.683,0.418,,1.387,,,,,,,
6.78,,-0.0304,-0.0124,0.059,,,,-0.79,0.05,-1.22,-0.0,-0.0456,-0.0864,0.2058,0.683,,,1.387,,,,,,,
6.82,,-0.0316,-0.0179,0.071,,,,-0.91,-0.2,-1.53,-0.0,-0.0286,-0.0917,0.229,0.683,,1.171,1.387,,,,,,,
6.871,,-0.0301,-0.0229,0.087,,,,-1.05,-0.62,-1.4,-0.0,-0.0035,-0.0907,0.222,0.677,,1.171,1.387,,,,,,,
6.921,,-0.0265,-0.0275,0.101,,,,-1.21,-0.82,-1.09,-0.0,0.0244,-0.0849,0.2194,0.677,,1.18,1.391,,,,,,,
6.975,,-0.0218,-0.0296,0.109,,,,-1.36,-1.11,-0.9,-0.0,0.0485,-0.0681,0.2009,0.669,,1.18,1.391,,,,,,,
7.033,,-0.018,-0.0319,0.118,,,,-1.41,-1.25,-0.44,-0.0,0.0606,-0.0543,0.1786,0.669,,,1.386,,,,,,,
7.08,,-0.012,-0.0349,0.128,,,,-1.37,-1.23,0.25,-0.0,0.076,-0.0465,0.1533,0.661,,,1.386,,,,,,,
7.121,,-0.0075,-0.0369,0.131,,,,-1.28,-0.94,0.55,-0.0,0.0764,-0.0363,0.1451,0.661,,,1.379,,,,,,,
7.171,,-0.0018,-0.0387,0.133,,,,-1.17,-0.67,0.77,-0.0,0.0806,-0.0308,0.1135,0.647,,,1.379,,,,,,,
7.246,,0.0017,-0.0399,0.136,,,,-1.04,-0.69,1.14,-0.0,0.0719,-0.024,0.0974,0.647,,,1.385,,,,,,,
7.31,,0.0075,-0.0413,0.137,,,,-0.94,-0.41,1.31,-0.0,0.0718,-0.0201,0.0816,0.638,,,1.385,,,,,,,
7.332,,0.0102,-0.0425,0.141,,,,-0.86,-0.36,1.29,-0.0,0.0581,-0.0177,0.0732,0.638,,,1.382,,,,,,,
7.393,,0.0139,-0.0437,0.142,,,,-0.78,-0.4,1.33,-0.0,0.0513,-0.0154,0.0711,0.63,,,1.382,,,,,,,
7.423,,0.018,-0.0455,0.144,,,,-0.69,-0.42,1.29,-0.0,0.0472,-0.0165,0.0654,0.63,,,1.378,,,,,,,
7.471,,0.0204,-0.0467,0.152,,,,-0.57,-0.37,1.24,-0.0,0.0371,-0.0145,0.0602,0.625,,,1.378,,,,,,,
7.529,,0.0233,-0.0486,0.151,,,,-0.5,-0.19,1.05,-0.0,0.0319,-0.0163,0.0726,0.625,,,1.374,,,,,,,
7.588,,0.0253,-0.0498,0.16,,,,-0.51,-0.19,0.92,-0.0,0.0261,-0.0166,0.0591,0.626,,,1.374,,,,,,,
7.654,,0.0261,-0.0516,0.161,,,,-0.63,-0.21,0.83,-0.0,0.0174,-0.0184,0.0778,0.626,,,1.375,,,,,,,
7.683,,0.0264,-0.0532,0.164,,,,-0.74,-0.25,0.7,-0.0,0.0093,-0.0188,0.0703,0.622,,,1.375,,,,,,,
7.721,,0.0262,-0.055,0.166,,,,-0.85,-0.33,0.45,-0.0,0.0024,-0.0193,0.0701,0.622,,,1.369,,,,,,,
7.77,,0.0259,-0.0561,0.174,,,,-0.99,-0.33,0.19,-0.0,-0.0012,-0.0171,0.0663,0.62,,,1.369,,,,,,,
7.861,,0.025,-0.057,0.176,,,,-1.09,-0.42,0.09,-0.0,-0.0051,-0.0146,0.077,0.62,,,1.37,,,,,,,
7.882,,0.0292,-0.0592,0.181,,,,-1.28,-0.41,-0.11,-0.0,0.0086,-0.0159,0.0699,0.616,,,1.37,,,,,,,
7.935,,0.0295,-0.0616,0.185,,,,-1.47,-0.46,-0.04,-0.0,0.0094,-0.0174,0.0741,0.616,,,1.372,,,,,,,
7.97,,0.0306,-0.0622,0.19,,,,-1.66,-0.53,-0.05,-0.0,0.0117,-0.0125,0.0723,0.615,,,1.372,,,,,,,
8.021,,0.0355,-0.0628,0.19,,,,-1.79,-0.41,-0.05,-0.0,0.0251,-0.0086,0.0734,0.615,,,1.369,,,,,,,
8.086,,0.0382,-0.0624,0.195,,,,-1.8,-0.59,0.06,-0.0,0.0291,-0.0028,0.0539,0.608,,,1.369,,,,,,,
8.152,,0.0409,-0.0621,0.202,,,,-1.7,-0.46,0.21,-0.0,0.0315,0.0033,0.059,0.608,,,1.365,,,,,,,
8.188,,0.0449,-0.0597,0.203,,,,-1.55,-0.22,0.18,-0.0,0.0362,0.012,0.0636,0.61,,,1.365,,,,,,,
8.22,,0.0471,-0.0591,0.207,,,,-1.41,-0.02,0.33,-0.0,0.0354,0.0128,0.0507,0.61,,,1.373,,,,,,,
8.271,ROTATION_SCAN,0.0497,-0.058,0.21,,,,-1.3,0.06,0.52,-0.0,0.0345,0.0143,0.0485,0.606,,,1.373,,,,,,,
8.32,ROTATION_SCAN,0.0528,-0.0567,0.21,,,,-1.22,0.24,0.61,15.0,0.0336,0.0147,0.0416,0.606,,,1.373,,,,,,,
8.41,ROTATION_SCAN,0.0545,-0.0563,0.211,,,,-1.08,0.26,0.63,15.0,0.0287,0.0118,0.032,0.606,,,1.373,,,,,,,
8.438,ROTATION_SCAN,0.0563,-0.0553,0.216,,,,-0.9,0.22,0.64,15.0,0.0244,0.0107,0.0315,0.606,,,1.371,,,,,,,
8.475,ROTATION_SCAN,0.0562,-0.0568,0.216,,,,-0.74,0.22,0.79,15.0,0.0155,0.0043,0.0365,0.604,,,1.371,,,,,,,
8.526,ROTATION_SCAN,0.055,-0.0581,0.221,,,,-0.44,0.26,0.58,15.0,0.0051,-0.0009,0.0279,0.604,,,1.368,,,,,,,
8.571,ROTATION_SCAN,0.0517,-0.0603,0.219,,,,-0.02,0.19,0.47,15.0,-0.0072,-0.0081,0.0308,0.612,,,1.368,,,,,,,
8.621,ROTATION_SCAN,0.0501,-0.0599,0.22,,,,0.49,0.11,0.28,15.0,-0.013,-0.0072,0.021,0.612,,1.33,1.367,,,,,,,
8.676,ROTATION_SCAN,0.0504,-0.0614,0.219,,,,1.14,-0.03,0.01,15.0,-0.012,-0.0099,0.0203,0.61,,1.33,1.367,,,,,,,
8.73,ROTATION_SCAN,0.0511,-0.0625,0.219,,,,1.93,-0.09,-0.29,15.0,-0.0081,-0.0111,0.0148,0.61,,,1.365,,,,,,,
8.778,ROTATION_SCAN,0.0442,-0.0651,0.222,,,,2.91,-0.07,-0.32,15.0,-0.0202,-0.0146,0.0079,0.617,,,1.365,,,,,,,
8.821,ROTATION_SCAN,0.0466,-0.065,0.221,,,,4.09,-0.13,-0.38,15.0,-0.0095,-0.0119,0.0123,0.617,,,1.367,,,,,,,
8.87,ROTATION_SCAN,0.0497,-0.0657,0.224,,,,5.36,-0.25,-0.29,15.0,0.0007,-0.0106,0.007,0.626,,,1.367,,,,,,,
8.92,ROTATION_SCAN,0.0518,-0.0667,0.224,,,,6.56,-0.5,-0.2,15.0,0.0071,-0.0084,0.0112,0.626,,1.244,1.374,,,,,,,
8.97,ROTATION_SCAN,0.0554,-0.065,0.226,,,,7.73,-0.65,-0.09,15.0,0.0148,0.001,0.0081,0.642,,1.244,1.374,,,,,,,
9.045,ROTATION_SCAN,0.0598,-0.0638,0.225,,,,8.87,-0.74,0.14,15.0,0.0221,0.0089,0.0085,0.642,,1.218,1.373,,,,,,,
9.072,ROTATION_SCAN,0.0661,-0.0622,0.227,,,,9.92,-0.76,0.27,15.0,0.0312,0.0176,0.0034,0.695,,1.218,1.373,,,,,,,
9.135,ROTATION_SCAN,0.068,-0.0602,0.227,,,,10.94,-0.63,0.59,15.0,0.0277,0.025,0.0065,0.695,,1.206,1.383,,,,,,,
9.17,ROTATION_SCAN,0.072,-0.0569,0.224,,,,11.89,-0.6,0.82,15.0,0.027,0.0331,0.005,,,1.206,1.383,,,,,,,
9.22,ROTATION_SCAN,0.078,-0.0544,0.228,,,,12.79,-0.58,1.02,15.0,0.0297,0.0382,-0.0006,,,1.198,1.388,,,,,,,
9.271,ROTATION_SCAN,0.0801,-0.0504,0.225,,,,13.65,-0.63,1.41,15.0,0.0206,0.0454,0.0104,,,1.198,1.388,,,,,,,
9.364,ROTATION_SCAN,0.082,-0.0477,0.225,,,,14.46,-0.3,1.78,15.0,0.0095,0.0475,0.002,,,1.204,1.42,,,,,,,
9.37,ROTATION_SCAN,0.0812,-0.0429,0.231,,,,15.22,-0.0,2.2,15.0,-0.0095,0.0506,0.0041,,,1.204,1.42,,,,,,,
9.433,ROTATION_SCAN,0.0806,-0.0394,0.231,,,,15.93,0.17,2.06,15.0,-0.0265,0.0479,0.0152,,,1.192,1.421,,,,,,,
9.494,ROTATION_SCAN,0.0778,-0.0352,0.229,,,,16.62,0.44,2.03,15.0,-0.045,0.0458,0.0105,,,1.192,1.421,,,,,,,
9.52,ROTATION_SCAN,0.0759,-0.0305,0.233,,,,17.23,0.67,1.85,15.0,-0.0579,0.0433,0.0035,,,1.187,,,,,,,,
9.57,ROTATION_SCAN,0.0736,-0.0271,0.231,,,,17.75,0.72,1.58,15.0,-0.0682,0.0372,0.0109,,,1.187,,,,,,,,
9.628,ROTATION_SCAN,0.0695,-0.0239,0.229,,,,18.36,0.99,1.34,15.0,-0.0791,0.0306,0.0015,,,1.183,,,,,,,,
9.684,ROTATION_SCAN,0.0672,-0.0224,0.23,,,,19.03,1.16,1.13,15.0,-0.0815,0.0193,-0.0041,,,1.183,,,,,,,,
9.725,ROTATION_SCAN,0.0621,-0.0198,0.227,,,,19.75,1.23,0.72,15.0,-0.0886,0.0121,-0.0029,,,1.175,,,,,,,,
9.773,ROTATION_SCAN,0.0553,-0.0181,0.232,,,,20.52,1.41,0.44,15.0,-0.096,0.0039,-0.0109,,,1.175,,,,,,,,
9.821,ROTATION_SCAN,0.0507,-0.0178,0.227,,,,21.36,1.46,0.14,15.0,-0.0938,-0.0074,0.0023,,,1.174,,,,,,,,
9.871,ROTATION_SCAN,0.0478,-0.0166,0.227,,,,22.23,1.49,-0.31,15.0,-0.0842,-0.014,-0.0068,,,1.174,,,,,,,,
9.92,ROTATION_SCAN,0.0448,-0.0164,0.234,,,,23.02,1.45,-0.59,15.0,-0.0729,-0.0209,-0.0037,,,,,,,,,,,
10.006,ROTATION_SCAN,0.0399,-0.0172,0.229,,,,23.84,1.43,-0.48,15.0,-0.0679,-0.0288,0.0107,,,,,,,,,,,
10.02,ROTATION_SCAN,0.0377,-0.0181,0.226,,,,24.69,1.42,-0.51,15.0,-0.0568,-0.0361,-0.0038,,,,,,,,,,,
10.075,ROTATION_SCAN,0.0363,-0.018,0.23,,,,25.55,1.44,-0.8,15.0,-0.0432,-0.0391,-0.0071,,,,,,,,,,,
10.12,ROTATION_SCAN,0.0359,-0.02,0.227,,,,26.38,1.36,-0.8,15.0,-0.0275,-0.0463,0.0024,,,,,,,,,,,
10.171,ROTATION_SCAN,0.0359,-0.022,0.231,,,,27.13,1.29,-0.74,15.0,-0.0136,-0.0523,-0.0061,,,,,,,,,,,
10.22,ROTATION_SCAN,0.0373,-0.0222,0.23,,,,27.74,1.05,-0.78,15.0,0.0018,-0.0517,0.0036,,,,,,,,,,,
10.271,ROTATION_SCAN,0.0426,-0.0225,0.229,,,,28.29,0.88,-0.78,15.0,0.0246,-0.0496,-0.0018,,,,,,,,,,,
10.326,ROTATION_SCAN,0.0469,-0.024,0.227,,,,28.73,0.66,-0.62,15.0,0.0408,-0.0498,-0.0065,,,,,,,,,,,
10.386,ROTATION_SCAN,0.0504,-0.0212,0.232,,,,29.14,0.48,-0.33,15.0,0.0503,-0.038,-0.0111,,,,,,,,,,,
10.42,ROTATION_SCAN,0.0554,-0.0205,0.23,,,,29.51,0.5,0.13,15.0,0.0597,-0.0338,0.0004,,,,,,,,,,,
10.47,ROTATION_SCAN,0.0584,-0.019,0.227,,,,29.89,0.56,0.58,15.0,0.0597,-0.0304,-0.0043,,,,,,,,,,,
10.52,ROTATION_SCAN,0.0624,-0.0181,0.231,,,,30.32,0.53,0.87,15.0,0.0597,-0.0311,-0.0088,,,,,,,,,,,
10.575,ROTATION_SCAN,0.0659,-0.0177,0.229,,,,30.77,0.48,1.22,15.0,0.0561,-0.0339,0.0033,,,,,,,,,,,
10.642,ROTATION_SCAN,0.0684,-0.0167,0.23,,,,31.2,0.38,1.42,15.0,0.0484,-0.0348,-0.0043,,,,,,,,,,,
10.669,ROTATION_SCAN,0.0707,-0.0179,0.229,,,,31.62,0.3,1.67,15.0,0.0388,-0.0419,0.0023,,,,,,,,,,,
10.721,ROTATION_SCAN,0.0723,-0.0177,0.229,,,,31.98,0.24,1.81,15.0,0.0274,-0.045,0.0001,,,,,,,,,,,
10.771,ROTATION_SCAN,0.0747,-0.0185,0.228,,,,32.47,0.21,1.86,15.0,0.0186,-0.0503,0.0001,,,,,,,,,,,
10.82,ROTATION_SCAN,0.0759,-0.0194,0.227,,,,33.02,0.2,1.81,15.0,0.0077,-0.0554,0.0006,,,,,,,,,,,
10.87,ROTATION_SCAN,0.0765,-0.0213,0.227,,,,33.65,0.18,1.73,15.0,-0.003,-0.0622,-0.0016,,,,,,,,,,,
10.94,ROTATION_SCAN,0.076,-0.0237,0.23,,,,34.41,0.15,1.6,15.0,-0.0143,-0.0691,0.0005,,,,,,,,,,,
10.969,ROTATION_SCAN,0.0732,-0.0257,0.234,,,,35.16,-0.01,1.38,15.0,-0.0295,-0.0727,0.0063,,,,,,,,,,,
11.023,ROTATION_SCAN,0.0718,-0.0279,0.234,,,,35.86,0.02,1.13,15.0,-0.0374,-0.0747,0.0092,,,,,,,,,,,
11.073,ROTATION_SCAN,0.0668,-0.0327,0.234,,,,36.55,0.04,0.8,15.0,-0.0518,-0.0823,0.0036,,,,,,,,,,,
11.12,ROTATION_SCAN,0.065,-0.0352,0.23,,,,37.23,0.05,0.4,15.0,-0.0539,-0.0812,0.0023,,,,,,,,,,,
11.169,ROTATION_SCAN,0.0625,-0.0374,0.233,,,,37.87,-0.05,0.01,15.0,-0.0546,-0.0775,-0.0122,,,,,,,,,,,
11.228,ROTATION_SCAN,0.0602,-0.0408,0.229,,,,38.5,0.07,-0.28,15.0,-0.0528,-0.0755,-0.0078,,,,,,,,,,,
11.28,ROTATION_SCAN,0.0581,-0.0424,0.228,,,,39.1,0.1,-0.53,15.0,-0.0486,-0.0685,-0.021,,,,,,,,,,,
11.337,ROTATION_SCAN,0.0552,-0.044,0.23,,,,39.75,0.19,-0.63,15.0,-0.0454,-0.0611,-0.0217,,,,,,,,,,,
11.369,ROTATION_SCAN,0.0542,-0.0456,0.228,,,,40.34,0.24,-0.67,15.0,-0.0368,-0.0549,-0.0166,,,,,,,,,,,
11.42,ROTATION_SCAN,0.0525,-0.0483,0.228,,,,40.91,0.15,-0.59,15.0,-0.0317,-0.0526,-0.022,,,,,,,,,,,
11.47,ROTATION_SCAN,0.051,-0.0504,0.229,,,,41.59,0.15,-0.56,15.0,-0.0274,-0.0491,-0.0191,,,,,,,,,,,
11.52,ROTATION_SCAN,0.0515,-0.0509,0.223,,,,42.33,0.17,-0.61,15.0,-0.0181,-0.0416,-0.0185,,,,,,,,,,,
11.603,ROTATION_SCAN,0.0531,-0.0509,0.222,,,,43.13,0.16,-0.72,15.0,-0.0067,-0.0333,-0.0306,,,,,,,,,,,
11.622,ROTATION_SCAN,0.0554,-0.0484,0.223,,,,44.0,0.17,-0.65,15.0,0.005,-0.0198,-0.0244,,,,,,,,,,,
11.689,ROTATION_SCAN,0.0578,-0.0443,0.22,,,,44.76,0.14,-0.39,15.0,0.0148,-0.0045,-0.0186,,,,,,,,,,,
11.733,ROTATION_SCAN,0.0596,-0.0417,0.219,,,,45.52,0.26,-0.1,15.0,0.0201,0.0033,-0.0194,,,,,,,,,,,
11.769,ROTATION_SCAN,0.0628,-0.0393,0.218,,,,46.35,0.38,0.29,15.0,0.0272,0.0065,-0.0173,,,,,,,,,,,
11.82,ROTATION_SCAN,0.0657,-0.0368,0.218,,,,47.2,0.48,0.63,15.0,0.0313,0.0071,-0.0132,,,,0.816,,,,,,,
11.874,ROTATION_SCAN,0.0696,-0.0359,0.221,,,,48.11,0.45,1.01,15.0,0.0356,0.0008,-0.0099,,,,0.816,,,,,,,
11.926,ROTATION_SCAN,0.0717,-0.0337,0.216,,,,49.04,0.17,1.34,15.0,0.0323,-0.0022,-0.004,,,,0.799,,,,,,,
11.978,ROTATION_SCAN,0.0766,-0.0336,0.222,,,,50.05,-0.05,1.37,15.0,0.0344,-0.0102,-0.0145,,,,0.799,,,,,,,
12.024,ROTATION_SCAN,0.0788,-0.0336,0.219,,,,51.02,-0.16,1.42,15.0,0.0278,-0.017,0.0034,,,,0.771,,,,,,,
12.07,ROTATION_SCAN,0.084,-0.0356,0.218,,,,51.98,-0.33,1.44,15.0,0.0299,-0.0282,-0.0068,,,,0.771,,,,,,,
12.12,ROTATION_SCAN,0.0872,-0.0362,0.218,,,,53.03,-0.79,1.33,15.0,0.0243,-0.0326,-0.0037,,,,0.751,,,,,,,
12.17,ROTATION_SCAN,0.0903,-0.0374,0.218,,,,54.07,-0.92,1.26,15.0,0.0179,-0.0356,-0.0007,,,,0.751,,,,,,,
12.238,ROTATION_SCAN,0.0916,-0.0392,0.217,,,,55.21,-1.16,1.26,15.0,0.0066,-0.0394,-0.0046,,,,0.731,,,,,,,
12.271,ROTATION_SCAN,0.0921,-0.0418,0.216,,,,56.28,-1.22,1.1,15.0,-0.0063,-0.0433,-0.0034,,,,0.731,,,,,,,
12.32,ROTATION_SCAN,0.0934,-0.0443,0.215,,,,57.38,-1.21,0.93,15.0,-0.0141,-0.0462,-0.0033,,,,0.72,,,,,,,
12.369,ROTATION_SCAN,0.0916,-0.0468,0.218,,,,58.41,-1.26,0.78,15.0,-0.0293,-0.0469,-0.0034,,,,0.72,,,,,,,
12.419,ROTATION_SCAN,0.0878,-0.0454,0.217,,,,59.45,-1.33,0.48,15.0,-0.0472,-0.0363,-0.001,,,,0.699,,,,,,,
12.47,ROTATION_SCAN,0.0862,-0.0464,0.218,,,,60.49,-1.16,0.29,15.0,-0.0551,-0.0318,-0.0075,,,,0.699,,,,,,,
12.564,ROTATION_SCAN,0.0818,-0.0442,0.217,,,,61.5,-1.04,0.27,15.0,-0.0687,-0.0188,-0.0059,,,,0.688,,,,,,,
12.574,ROTATION_SCAN,0.0781,-0.0431,0.216,,,,62.39,-0.8,0.25,15.0,-0.0771,-0.0112,-0.0077,,,,0.688,,,,,,,
12.636,ROTATION_SCAN,0.0753,-0.0411,0.216,,,,63.26,-0.52,0.29,15.0,-0.0795,-0.0036,-0.0091,,,,0.679,,,,,,,
12.668,ROTATION_SCAN,0.0718,-0.0364,0.214,,,,63.98,-0.06,0.38,15.0,-0.0816,0.0085,-0.0047,,,,0.679,,,,,,,
12.719,ROTATION_SCAN,0.0669,-0.0332,0.213,,,,64.66,0.29,0.44,15.0,-0.0847,0.0133,-0.0076,,,,0.674,,,,,,,
12.769,ROTATION_SCAN,0.0614,-0.0301,0.215,,,,65.37,0.64,0.59,15.0,-0.0865,0.0149,-0.0063,,,,0.674,,,,,,,
12.832,ROTATION_SCAN,0.0588,-0.0275,0.215,,,,66.11,0.95,0.75,15.0,-0.0787,0.0132,-0.005,,,,0.671,,,,,,,
12.892,ROTATION_SCAN,0.0565,-0.0258,0.215,,,,66.87,1.2,0.78,15.0,-0.0683,0.0073,-0.0044,,,,0.671,,,,,,,
12.923,ROTATION_SCAN,0.0543,-0.0236,0.215,,,,67.6,1.32,0.87,15.0,-0.0577,0.003,-0.0025,,,,0.665,,,,,,,
12.984,ROTATION_SCAN,0.052,-0.0218,0.212,,,,68.29,1.32,0.91,15.0,-0.0489,-0.0023,-0.0071,,,,0.665,,,,,,,
13.052,ROTATION_SCAN,0.0506,-0.0207,0.213,,,,69.03,1.36,0.98,15.0,-0.0385,-0.0094,-0.0109,,,,0.659,,,,,,,
13.075,ROTATION_SCAN,0.0506,-0.021,0.211,,,,69.79,1.25,1.04,15.0,-0.0257,-0.02,-0.0055,,,,0.659,,,,,,,
13.12,ROTATION_SCAN,0.0518,-0.0219,0.211,,,,70.57,1.21,1.07,15.0,-0.0118,-0.0308,-0.0102,,,,0.66,,,,,,,
13.202,ROTATION_SCAN,0.0541,-0.0218,0.214,,,,71.39,0.98,1.07,15.0,0.0023,-0.0366,-0.0086,,,,0.66,,,,,,,
13.219,ROTATION_SCAN,0.0567,-0.0231,0.211,,,,72.25,0.75,1.02,15.0,0.0139,-0.0453,-0.0024,,,,0.651,,,,,,,
13.274,ROTATION_SCAN,0.0599,-0.0243,0.211,,,,73.14,0.5,0.98,15.0,0.0236,-0.0514,-0.0084,,1.484,,0.651,,,,,,,
13.319,ROTATION_SCAN,0.0637,-0.0267,0.214,,,,74.04,0.21,1.01,15.0,0.0322,-0.0593,-0.0077,,1.484,,0.644,,,,,,,
13.37,ROTATION_SCAN,0.0656,-0.0285,0.209,,,,74.91,-0.19,0.9,15.0,0.0309,-0.0634,-0.0014,,,,0.644,,,,,,,
13.419,ROTATION_SCAN,0.0696,-0.0295,0.212,,,,75.75,-0.56,0.82,15.0,0.0335,-0.0635,-0.0142,,,,0.636,,,,,,,
13.47,ROTATION_SCAN,0.0703,-0.0304,0.211,,,,76.56,-0.81,0.68,15.0,0.0239,-0.0615,-0.0039,1.948,1.455,,0.636,,,,,,,
13.528,ROTATION_SCAN,0.0719,-0.0325,0.211,,,,77.32,-1.05,0.55,15.0,0.0169,-0.0621,-0.0096,1.948,1.455,,0.623,,,,,,,
13.587,ROTATION_SCAN,0.0717,-0.0346,0.21,,,,78.09,-1.06,0.47,15.0,0.0049,-0.0615,-0.0119,1.997,1.454,,0.623,,,,,,,
13.627,ROTATION_SCAN,0.0717,-0.0378,0.207,,,,78.78,-1.12,0.35,15.0,-0.005,-0.0631,-0.0112,1.997,1.454,,0.622,,,,,,,
13.668,ROTATION_SCAN,0.0695,-0.0384,0.209,,,,79.49,-1.09,0.28,15.0,-0.0196,-0.0568,-0.0152,2.036,1.437,,0.622,,,,,,,
13.72,ROTATION_SCAN,0.0662,-0.0395,0.206,,,,80.14,-1.07,0.27,15.0,-0.0352,-0.0521,-0.0083,2.036,1.437,,0.621,,,,,,,
13.769,ROTATION_SCAN,0.0623,-0.0379,0.208,,,,80.9,-0.93,0.16,15.0,-0.0496,-0.0409,-0.0097,2.101,1.432,,0.621,,,,,,,
13.856,ROTATION_SCAN,0.0573,-0.0362,0.207,,,,81.66,-0.57,0.09,15.0,-0.0631,-0.0306,-0.0049,2.101,1.432,,0.623,,,,,,,
13.873,ROTATION_SCAN,0.0528,-0.0345,0.208,,,,82.47,-0.09,0.11,15.0,-0.0698,-0.0217,-0.0063,2.137,1.426,,0.623,,,,,,,
13.934,ROTATION_SCAN,0.0493,-0.0316,0.207,,,,83.31,0.36,0.13,15.0,-0.0695,-0.0112,-0.0014,2.137,1.426,,0.623,,,,,,,
13.991,ROTATION_SCAN,0.0448,-0.0291,0.206,,,,84.19,0.78,0.15,15.0,-0.0682,-0.0042,-0.0034,2.002,1.431,,0.623,,,,,,,
14.019,ROTATION_SCAN,0.0427,-0.0274,0.206,,,,85.08,1.34,0.33,15.0,-0.0567,-0.001,-0.0076,2.002,1.431,,0.623,,,,,,,
14.068,ROTATION_SCAN,0.0389,-0.0249,0.205,,,,85.99,1.36,0.42,15.0,-0.0491,0.0031,-0.0092,,1.419,,0.623,,,,,,,
14.119,ROTATION_SCAN,0.0376,-0.022,0.205,,,,86.87,1.45,0.67,15.0,-0.0347,0.0058,-0.0086,,1.419,,0.628,,,,,,,
14.194,ROTATION_SCAN,0.0366,-0.0192,0.203,,,,87.79,1.56,0.93,15.0,-0.0206,0.0063,-0.0058,,1.425,,0.628,,,,,,,
14.221,ROTATION_SCAN,0.0362,-0.0153,0.203,,,,88.7,1.45,1.09,15.0,-0.0065,0.0089,-0.0111,,1.425,,0.64,,,,,,,
14.279,YAW_ALIGN,0.036,-0.0121,0.205,,,,89.53,1.33,1.27,15.0,0.0051,0.0077,-0.0049,,1.419,,0.64,,,,,,,
14.357,YAW_ALIGN,0.0369,-0.0098,0.203,,,,90.25,1.14,1.52,-20.0,0.0171,0.0029,-0.0006,,1.419,,0.648,,,,,,,
14.373,YAW_ALIGN,0.039,-0.0078,0.203,,,,90.96,0.66,1.45,-20.0,0.0286,-0.0037,-0.0078,1.176,1.43,,0.648,,,,,,,
14.419,YAW_ALIGN,0.0407,-0.0064,0.203,,,,91.35,0.38,0.84,-20.0,0.0339,-0.0083,-0.0055,1.176,1.43,,0.655,,,,,,,
14.497,YAW_ALIGN,0.0429,-0.005,0.206,,,,91.37,0.01,0.47,-20.0,0.0372,-0.0079,-0.0101,1.165,1.432,,0.655,,,,,,,
14.522,YAW_ALIGN,0.0468,-0.0039,0.207,,,,91.11,-0.3,0.33,-20.0,0.0427,-0.0065,-0.005,1.165,1.432,,0.664,,,,,,,
14.571,YAW_ALIGN,0.0468,-0.002,0.208,,,,90.58,-0.67,0.17,-20.0,0.0325,-0.0015,-0.0024,1.161,1.434,,0.664,,,,,,,
14.618,YAW_ALIGN,0.0465,0.0007,0.201,,,,89.83,-0.82,0.1,-20.0,0.0207,0.0063,-0.0026,1.161,1.434,,0.657,,,,,,,
14.669,YAW_ALIGN,0.0468,0.0034,0.203,,,,88.99,-0.73,0.13,-20.0,0.0123,0.013,-0.0188,1.17,1.439,,0.657,3.878,,,,,,
14.719,YAW_ALIGN,0.0455,0.0067,0.201,,,,88.04,-0.66,0.18,-20.0,0.0006,0.0204,-0.0081,1.17,1.439,,0.65,3.878,,,,,,
14.79,YAW_ALIGN,0.0437,0.0102,0.201,,,,86.98,-0.42,0.17,-20.0,-0.0097,0.0271,-0.012,1.195,1.445,,0.65,,,,,,,
14.819,YAW_ALIGN,0.042,0.0143,0.203,,,,85.93,-0.18,0.21,-20.0,-0.0163,0.0343,-0.0094,1.195,1.445,,0.648,,,,,,,
14.901,YAW_ALIGN,0.04,0.0184,0.197,,,,84.86,0.09,0.35,-20.0,-0.0207,0.0402,-0.0017,,1.457,,0.648,,,,,,,
14.923,YAW_ALIGN,0.0373,0.0217,0.2,,,,83.76,0.38,0.46,-20.0,-0.0249,0.0409,-0.0126,,1.457,,0.646,,,,,,,
14.969,YAW_ALIGN,0.0358,0.0259,0.203,,,,82.7,0.62,0.62,-20.0,-0.0223,0.0433,0.0019,1.909,1.475,,0.646,,,,,,,
15.019,YAW_ALIGN,0.0327,0.0303,0.203,,,,81.62,0.86,0.74,-20.0,-0.0236,0.0444,0.0066,1.909,1.475,,0.651,,,,,,,
15.08,YAW_ALIGN,0.0302,0.0348,0.201,,,,80.58,0.9,0.92,-20.0,-0.0218,0.0446,0.0066,2.073,1.48,,0.651,,,,,,,
15.132,YAW_ALIGN,0.0288,0.0387,0.204,,,,79.52,0.98,1.0,-20.0,-0.0174,0.0415,0.0064,2.073,1.48,,0.658,,,,,,,
15.171,YAW_ALIGN,0.0276,0.0414,0.201,,,,78.49,0.99,0.92,-20.0,-0.0122,0.0349,0.0117,2.055,1.505,,0.658,,,,,,,
15.222,YAW_ALIGN,0.0263,0.0439,0.201,,,,77.44,0.94,0.94,-20.0,-0.0084,0.0284,0.0017,2.055,1.505,,0.662,,,,,,,
15.269,YAW_ALIGN,0.0259,0.0476,0.205,,,,76.4,0.84,0.89,-20.0,-0.0034,0.027,0.0055,1.969,1.521,,0.662,,,,,,,
15.319,YAW_ALIGN,0.025,0.0495,0.204,,,,75.35,0.62,0.84,-20.0,-0.0016,0.0209,0.0142,1.969,1.521,,0.668,,,,,,,
15.369,YAW_ALIGN,0.025,0.0506,0.201,,,,74.38,0.43,0.75,-20.0,0.0011,0.0135,0.0059,1.903,,,0.668,,,,,,,
15.457,YAW_ALIGN,0.0244,0.0521,0.207,,,,73.47,0.28,0.67,-20.0,0.0,0.0098,0.0036,1.903,,,0.678,,,,,,,
15.471,YAW_ALIGN,0.0225,0.053,0.205,,,,72.46,0.02,0.48,-20.0,-0.0058,0.0063,0.0172,1.905,,,0.678,,,,,,,
15.554,YAW_ALIGN,0.0217,0.0529,0.207,,,,71.44,0.03,0.33,-20.0,-0.0082,0.0018,0.0044,1.905,,,0.687,,,,,,,
15.568,YAW_ALIGN,0.0215,0.0529,0.209,,,,70.42,-0.03,0.23,-20.0,-0.0084,-0.0006,0.0069,1.878,,,0.687,,,,,,,
15.62,YAW_ALIGN,0.0234,0.0576,0.206,,,,69.37,0.07,0.09,-20.0,-0.0015,0.0118,0.0055,1.878,,,0.699,,,,,,,
15.668,YAW_ALIGN,0.014,0.0494,0.206,,,,68.4,-0.03,0.27,-20.0,-0.0274,-0.013,-0.0051,,,,0.699,,,,,,,
15.719,YAW_ALIGN,0.0114,0.0503,0.209,,,,67.47,-0.08,0.07,-20.0,-0.0319,-0.0098,-0.0028,,,,0.712,,,,,,,
15.772,YAW_ALIGN,0.0106,0.0498,0.208,,,,66.54,0.14,-0.12,-20.0,-0.0297,-0.01,-0.0015,,,,0.712,,,,,,,
15.825,YAW_ALIGN,0.006,0.0524,0.204,,,,65.66,0.18,-0.08,-20.0,-0.0362,-0.0016,-0.0076,,,,0.73,,,,,,,
15.871,YAW_ALIGN,0.0034,0.0534,0.206,,,,64.76,0.24,-0.03,-20.0,-0.0364,0.0012,-0.0121,,,,0.73,,,,,,,
15.918,YAW_ALIGN,0.0026,0.0542,0.208,,,,63.78,0.3,-0.02,-20.0,-0.032,0.002,-0.0097,,,,0.741,,,,,,,
15.968,YAW_ALIGN,0.0028,0.0546,0.206,,,,62.74,0.43,0.0,-20.0,-0.0242,0.0016,-0.0061,,,,0.741,,,,,,,
16.03,YAW_ALIGN,-0.0021,0.0563,0.204,,,,61.72,0.32,0.02,-20.0,-0.0307,0.0039,-0.0113,,,,0.748,,,,,,,
16.093,YAW_ALIGN,-0.0029,0.0571,0.204,,,,60.67,0.32,0.01,-20.0,-0.0266,0.0041,-0.0145,,,,0.748,,,,,,,
16.128,YAW_ALIGN,-0.0045,0.0568,0.202,,,,59.59,0.23,0.02,-20.0,-0.0261,0.0022,-0.011,,,,0.758,,,,,,,
16.175,YAW_ALIGN,-0.0011,0.0545,0.202,,,,58.49,0.3,0.01,-20.0,-0.012,-0.0053,-0.0187,,,,0.758,,,,,,,
16.219,YAW_ALIGN,-0.003,0.0533,0.202,,,,57.33,0.22,0.02,-20.0,-0.0135,-0.0091,-0.0144,,,,0.781,,,,,,,
16.268,YAW_ALIGN,-0.0064,0.0485,0.203,,,,56.15,0.12,0.18,-20.0,-0.0199,-0.0218,-0.0103,,,,0.781,,,,,,,
16.318,YAW_ALIGN,-0.0066,0.0462,0.201,,,,54.98,0.13,-0.05,-20.0,-0.0176,-0.026,-0.0098,,,,0.806,,,,,,,
16.379,YAW_ALIGN,-0.007,0.0448,0.201,,,,53.88,0.06,-0.28,-20.0,-0.0146,-0.0259,-0.0083,,,,0.806,,,,,,,
16.42,YAW_ALIGN,-0.0084,0.0422,0.2,,,,52.79,0.01,-0.34,-20.0,-0.0147,-0.0275,-0.0056,,,,0.836,,,,,,,
16.474,YAW_ALIGN,-0.009,0.0407,0.201,,,,51.63,-0.0,-0.43,-20.0,-0.0121,-0.0253,-0.0062,,,,0.836,,,,,,,
16.521,YAW_ALIGN,-0.0094,0.0394,0.204,,,,50.48,-0.13,-0.45,-20.0,-0.0098,-0.0227,-0.0005,,,,0.853,,,,,,,
16.568,YAW_ALIGN,-0.0102,0.0383,0.201,,,,49.27,-0.33,-0.46,-20.0,-0.0098,-0.0185,0.0046,,,,0.853,,,,,,,
16.619,YAW_ALIGN,-0.0108,0.0365,0.199,,,,48.12,-0.24,-0.41,-20.0,-0.0097,-0.0169,-0.0029,,,,0.869,,,,,,,
16.679,YAW_ALIGN,-0.0127,0.0348,0.202,,,,46.94,-0.32,-0.32,-20.0,-0.0131,-0.0155,-0.0054,,,,0.869,,,,,,,
16.745,YAW_ALIGN,-0.0141,0.0326,0.204,,,,45.72,-0.37,-0.24,-20.0,-0.0157,-0.0159,0.0027,,,,0.897,,,,,,,
16.773,YAW_ALIGN,-0.0155,0.0315,0.201,,,,44.55,-0.4,-0.19,-20.0,-0.0182,-0.0134,0.0055,,,,0.897,,,,,,,
16.826,YAW_ALIGN,-0.0177,0.0319,0.2,,,,43.43,-0.37,-0.26,-20.0,-0.0226,-0.0068,-0.0011,,,,0.934,,,,,,,
16.874,YAW_ALIGN,-0.0186,0.0302,0.202,,,,42.35,-0.23,-0.16,-20.0,-0.0226,-0.0071,-0.0026,,,,0.934,,,,,,,
16.927,YAW_ALIGN,-0.0203,0.0306,0.199,,,,41.37,-0.21,-0.12,-20.0,-0.0243,-0.0032,0.0026,,,,,,,,,,,
16.967,YAW_ALIGN,-0.0213,0.0325,0.199,,,,40.39,-0.07,-0.13,-20.0,-0.0239,0.0037,-0.0032,,,,,,,,,,,
17.025,YAW_ALIGN,-0.0251,0.034,0.2,,,,39.46,-0.03,-0.09,-20.0,-0.0302,0.0084,0.0001,,,,,,,,,,,
17.093,YAW_ALIGN,-0.0275,0.0352,0.201,,,,38.58,0.05,-0.05,-20.0,-0.032,0.0109,0.0038,,,,,,,,,,,
17.119,YAW_ALIGN,-0.0301,0.0343,0.202,,,,37.72,0.19,-0.06,-20.0,-0.0338,0.0065,0.0047,,,,,,,,,,,
17.206,YAW_ALIGN,-0.033,0.0326,0.204,,,,36.84,0.32,0.01,-20.0,-0.0359,-0.0005,0.0093,,,,,,,,,,,
17.23,YAW_ALIGN,-0.0381,0.0313,0.198,,,,35.91,0.3,-0.04,-20.0,-0.0431,-0.0058,0.0087,,,,,,,,,,,
17.268,YAW_ALIGN,-0.0412,0.0308,0.202,,,,34.88,0.28,-0.2,-20.0,-0.0434,-0.0073,-0.0054,,,,,,,,,,,
17.318,YAW_ALIGN,-0.0429,0.0294,0.203,,,,33.78,0.35,-0.25,-20.0,-0.0391,-0.011,0.0091,,,,,,,,,,,
17.408,YAW_ALIGN,-0.0452,0.0287,0.206,,,,32.65,0.46,-0.4,-20.0,-0.0365,-0.0127,0.007,,,,,,,,,,,
17.421,YAW_ALIGN,-0.0487,0.0273,0.206,,,,31.47,0.52,-0.45,-20.0,-0.0359,-0.0161,0.0108,,,,,,,,,,,
17.479,YAW_ALIGN,-0.0508,0.0252,0.207,,,,30.18,0.45,-0.5,-20.0,-0.0319,-0.0212,0.0094,,,,,,,,,,,
17.518,YAW_ALIGN,-0.052,0.0233,0.205,,,,28.8,0.39,-0.54,-20.0,-0.0255,-0.0244,0.0087,,,,,,,,,,,
17.568,YAW_ALIGN,-0.0541,0.0216,0.204,,,,27.52,0.29,-0.62,-20.0,-0.0226,-0.026,0.0025,,,,,,,,,,,
17.618,YAW_ALIGN,-0.0556,0.0186,0.206,,,,26.35,0.2,-0.69,-20.0,-0.0182,-0.0305,-0.0012,,,2.529,,,,,,,,
17.67,YAW_ALIGN,-0.0577,0.0173,0.206,,,,25.15,0.03,-0.69,-20.0,-0.0163,-0.0286,0.0041,,,2.529,,,,,,,,
17.739,YAW_ALIGN,-0.0575,0.013,0.208,,,,23.99,-0.23,-0.67,-20.0,-0.0089,-0.0338,0.0013,,,2.383,,,,,,,,
17.783,YAW_ALIGN,-0.0591,0.0113,0.206,,,,22.87,-0.38,-0.54,-20.0,-0.0086,-0.0302,0.0082,,,2.383,,,,,,,,
17.847,YAW_ALIGN,-0.0591,0.009,0.207,,,,21.7,-0.56,-0.44,-20.0,-0.0052,-0.0273,0.0022,,,,,,,,,,,
17.871,YAW_ALIGN,-0.0595,0.0063,0.207,,,,20.66,-0.7,-0.32,-20.0,-0.0045,-0.0258,0.0017,,,,,,,,,,,
17.918,YAW_ALIGN,-0.0614,0.0055,0.208,,,,19.6,-0.74,-0.11,-20.0,-0.0099,-0.0183,-0.0001,,,,,,,,,,,
17.968,YAW_ALIGN,-0.0614,0.0038,0.206,,,,18.59,-0.76,-0.09,-20.0,-0.0096,-0.0149,-0.0017,,,,,,,,,,,
18.052,YAW_ALIGN,-0.0643,0.0031,0.208,,,,17.62,-0.67,0.01,-20.0,-0.0184,-0.0091,-0.0039,,,,1.504,,,,,,,
18.068,YAW_ALIGN,-0.0675,0.0025,0.208,,,,16.68,-0.55,-0.02,-20.0,-0.0266,-0.0051,-0.0016,,,,1.504,,,,,,,
18.126,YAW_ALIGN,-0.0702,0.0032,0.205,,,,15.72,-0.34,-0.21,-20.0,-0.0312,0.0014,-0.005,,,1.1,,,,,,,,
18.171,YAW_ALIGN,-0.076,0.005,0.206,,,,14.79,-0.19,-0.16,-20.0,-0.0428,0.009,-0.013,,,1.1,,,,,,,,
18.218,YAW_ALIGN,-0.0789,0.0055,0.204,,,,13.86,0.04,-0.3,-20.0,-0.0436,0.0103,-0.0088,,,1.109,1.491,,,,,,,
18.267,YAW_ALIGN,-0.0816,0.0059,0.205,,,,12.89,0.32,-0.37,-20.0,-0.0423,0.0094,-0.0148,,,1.109,1.491,,,,,,,
18.317,YAW_ALIGN,-0.0848,0.0065,0.202,,,,11.92,0.48,-0.42,-20.0,-0.0418,0.0072,-0.01,,,1.116,1.474,,,,,,,
18.369,YAW_ALIGN,-0.0876,0.007,0.204,,,,10.9,0.47,-0.41,-19.83,-0.0397,0.0046,-0.016,,,1.116,1.474,,,,,,,
18.426,YAW_ALIGN,-0.0906,0.006,0.203,,,,9.88,0.48,-0.46,-18.3,-0.039,-0.0021,-0.0082,,,1.107,1.475,,,,,,,
18.467,YAW_ALIGN,-0.0945,0.0052,0.203,,,,8.85,0.32,-0.51,-16.77,-0.0402,-0.0067,-0.0089,2.177,,1.107,1.475,,,,,,,
18.518,YAW_ALIGN,-0.0945,0.0034,0.202,,,,7.9,0.19,-0.74,-13.81,-0.0294,-0.0123,-0.0068,2.177,,1.111,1.466,,,,,,,
18.568,YAW_ALIGN,-0.0949,0.0018,0.202,,,,6.95,0.12,-0.9,-12.39,-0.0199,-0.0154,-0.0092,2.154,,1.111,1.466,,,,,,,
18.63,YAW_ALIGN,-0.0962,-0.0008,0.203,,,,6.16,-0.05,-0.84,-11.19,-0.0141,-0.0204,-0.0067,2.154,,1.105,1.462,,,,,,,
18.692,YAW_ALIGN,-0.0962,-0.0031,0.199,,,,5.37,-0.05,-0.78,-11.19,-0.0056,-0.023,-0.0008,,,1.105,1.462,,,,,,,
18.721,YAW_ALIGN,-0.095,-0.004,0.199,,,,4.52,-0.18,-0.58,-11.19,0.0042,-0.0208,-0.0109,,,1.113,1.456,,,,,,,
18.78,YAW_ALIGN,-0.0938,-0.0056,0.203,,,,3.76,-0.29,-0.4,-10.01,0.0108,-0.0203,-0.0062,,,1.113,1.456,,,,,,,
18.838,YAW_ALIGN,-0.0913,-0.0069,0.204,,,,3.06,-0.32,-0.12,-7.59,0.0183,-0.0185,0.0014,,,1.119,1.448,,,,,,,
18.87,YAW_ALIGN,-0.0877,-0.0076,0.205,,,,2.42,-0.27,0.03,-7.59,0.0263,-0.0152,0.0046,,,1.119,1.448,,,,,,,
18.918,YAW_ALIGN,-0.0859,-0.0079,0.2,,,,1.86,-0.24,0.31,-6.55,0.0265,-0.0119,0.0024,,,1.126,1.45,,,,,,,
18.996,YAW_ALIGN,-0.0848,-0.0079,0.201,,,,1.32,-0.09,0.5,-4.74,0.0223,-0.009,-0.0097,,,1.126,1.45,,,,,,,
19.023,YAW_ALIGN,-0.0828,-0.008,0.201,,,,0.86,-0.15,0.56,-0.0,0.0205,-0.0076,-0.0053,,,1.145,1.453,,,,,,,
19.089,YAW_ALIGN,-0.0837,-0.006,0.2,,,,0.43,-0.1,0.58,-0.0,0.0105,0.0,-0.0045,0.775,,1.145,1.453,,,,,,,
19.149,YAW_ALIGN,-0.0843,-0.0054,0.201,,,,0.13,-0.07,0.54,-0.0,0.0029,0.0024,-0.0075,0.775,,1.141,1.455,,,,,,,
19.172,YAW_ALIGN,-0.0848,-0.0042,0.198,,,,-0.05,0.08,0.52,-0.0,-0.0034,0.0054,-0.004,0.765,,1.141,1.455,,,,,,,
19.218,YAW_ALIGN,-0.0853,-0.0031,0.198,,,,-0.19,0.12,0.35,-0.0,-0.0077,0.007,-0.0096,0.765,,1.132,1.452,,,,,,,
19.281,NAV_TO_LANDING,-0.0904,-0.0008,0.2,,,,-0.3,0.18,0.29,-0.0,-0.0222,0.0108,-0.0088,0.767,,1.132,1.452,,,,,,,
19.374,NAV_TO_LANDING,-0.0921,-0.0001,0.201,,,,-0.37,0.29,0.1,-0.0,-0.0254,0.0094,-0.0031,0.767,,1.139,1.456,,,,,,,
19.432,NAV_TO_LANDING,-0.0946,0.0005,0.196,,,,-0.39,0.2,0.14,-0.0,-0.0292,0.0077,-0.0028,0.763,,1.139,1.456,,0.54,0.04,,,,
19.438,NAV_TO_LANDING,-0.0949,0.0014,0.196,,,,-0.29,0.23,-0.11,-0.0,-0.0266,0.0073,-0.0088,0.763,,1.145,1.451,,0.54,0.04,,,,
19.473,NAV_TO_LANDING,-0.097,0.0019,0.197,,,,-0.13,0.29,-0.16,0.0,-0.0276,0.0052,-0.0062,0.772,,1.145,1.451,,0.54,0.04,,,,
19.523,NAV_TO_LANDING,-0.0973,0.0021,0.195,,,,-0.01,0.11,-0.49,0.0,-0.023,0.0032,-0.0017,0.772,,1.133,1.457,,0.54,0.04,,,,
19.568,NAV_TO_LANDING,-0.1004,0.0024,0.199,,,,0.1,-0.02,-2.74,0.0,-0.017,0.0033,-0.0036,0.779,,1.133,1.457,,0.54,0.04,,,,
19.617,NAV_TO_LANDING,-0.102,0.0034,0.199,,,,0.25,-0.12,-4.08,0.0,0.0085,0.0058,0.007,0.779,,1.128,1.459,,0.54,0.04,,,,
19.667,NAV_TO_LANDING,-0.0999,0.0036,0.2,,,,0.38,-0.2,-4.78,0.0,0.0478,0.0073,0.0067,0.785,,1.128,1.459,,0.54,0.04,,,,
19.748,NAV_TO_LANDING,-0.0944,0.0047,0.201,,,,0.5,-0.14,-5.11,0.0,0.0955,0.0108,0.0064,0.785,,1.135,1.456,,0.54,0.04,,,,
19.767,NAV_TO_LANDING,-0.0872,0.0052,0.202,,,,0.66,-0.12,-4.97,0.0,0.1417,0.012,0.0032,0.788,,1.135,1.456,,0.54,0.04,,,,
19.84,NAV_TO_LANDING,-0.0737,0.0061,0.202,,,,0.73,-0.04,-4.63,0.0,0.1978,0.0142,0.0018,0.788,,1.13,1.458,,0.54,0.04,,,,
19.869,NAV_TO_LANDING,-0.0621,0.0081,0.205,,,,0.76,-0.0,-3.92,0.0,0.2373,0.0182,-0.0038,0.777,,1.13,1.458,,0.54,0.04,,,,
19.918,NAV_TO_LANDING,-0.0493,0.0088,0.197,,,,0.74,0.03,-3.12,0.0,0.2683,0.0179,0.0035,0.777,,1.137,1.462,,0.54,0.04,,,,
19.967,NAV_TO_LANDING,-0.0351,0.0099,0.201,,,,0.79,0.1,-2.31,0.0,0.2925,0.0181,-0.0138,,,1.137,1.462,,0.54,0.04,,,,
20.019,NAV_TO_LANDING,-0.0197,0.011,0.195,,,,0.91,0.17,-1.58,0.0,0.311,0.0181,0.0008,,,1.15,1.465,,0.54,0.04,,,,
20.084,NAV_TO_LANDING,-0.0025,0.0119,0.196,,,,0.95,0.33,-1.05,0.0,0.3271,0.0166,-0.0174,0.76,,1.15,1.465,,0.54,0.04,,,,
20.122,NAV_TO_LANDING,0.0116,0.0113,0.196,,,,1.04,0.28,-0.41,0.0,0.327,0.0095,-0.0074,0.76,,,1.465,,0.54,0.04,,,,
20.172,NAV_TO_LANDING,0.0267,0.0112,0.196,,,,1.11,0.35,-0.02,0.0,0.3251,0.0055,-0.0058,0.736,,,1.465,,0.54,0.04,,,,
20.217,NAV_TO_LANDING,0.0409,0.0105,0.194,,,,1.17,0.51,0.17,0.0,0.3182,-0.0012,-0.0062,0.736,,,1.457,,0.54,0.04,,,,
20.268,NAV_TO_LANDING,0.055,0.0089,0.195,,,,1.14,0.38,0.33,0.0,0.3103,-0.0097,-0.0062,,,,1.457,,0.54,0.04,,,,
20.317,NAV_TO_LANDING,0.0689,0.0077,0.194,,,,1.08,0.29,0.47,0.0,0.3016,-0.0154,-0.0007,,,,1.461,,0.54,0.04,,,,
20.389,NAV_TO_LANDING,0.0834,0.0058,0.196,,,,1.01,0.11,0.43,0.0,0.296,-0.0206,-0.0025,0.675,,,1.461,,0.54,0.04,,,,
20.422,NAV_TO_LANDING,0.0975,0.0037,0.202,,,,0.94,0.01,0.27,0.0,0.2909,-0.0249,0.0052,0.675,,,1.453,,0.54,0.04,,,,
20.509,NAV_TO_LANDING,0.1085,0.0015,0.218,,,,0.88,-0.09,0.21,0.0,0.2768,-0.028,0.0186,0.626,,,1.453,,0.54,0.04,,,,
20.524,NAV_TO_LANDING,0.1207,-0.0011,0.225,,,,0.78,-0.12,0.16,0.0,0.269,-0.0311,0.038,0.626,,,1.45,,0.54,0.04,,,,
20.568,NAV_TO_LANDING,0.1325,-0.0034,0.273,,,,0.73,-0.32,-0.02,0.0,0.2628,-0.0324,0.0399,0.591,,,1.45,,0.54,0.04,,,,
20.617,NAV_TO_LANDING,0.1472,-0.0069,0.289,,,,0.63,-0.41,-0.21,0.0,0.2683,-0.0357,0.1023,0.591,,2.093,1.442,,0.54,0.04,,,,
20.707,NAV_TO_LANDING,0.1617,-0.0082,0.281,,,,0.63,-0.64,-0.36,0.0,0.2744,-0.0307,0.1018,0.546,,2.093,1.442,,0.54,0.04,,,,
20.717,NAV_TO_LANDING,0.1747,-0.0103,0.267,exit,0.1617,-0.0082,0.63,-0.78,-0.41,0.0,0.2743,-0.0282,0.0274,0.546,,2.242,1.439,,0.54,0.04,,,,
20.768,NAV_TO_LANDING,0.1873,-0.0124,0.252,,,,0.63,-0.83,-0.45,0.0,0.2734,-0.0245,-0.0437,0.509,,2.242,1.439,,0.54,0.04,,,,
20.817,NAV_TO_LANDING,0.2015,-0.0137,0.239,,,,0.55,-0.82,-0.51,0.0,0.2789,-0.0184,-0.0823,0.509,,2.285,1.428,,0.54,0.04,,,,
20.867,NAV_TO_LANDING,0.2145,-0.0159,0.22,,,,0.36,-0.85,-0.51,0.0,0.2801,-0.0155,-0.1274,0.473,,2.285,1.428,,0.54,0.04,,,,
20.917,NAV_TO_LANDING,0.2287,-0.0178,0.207,,,,0.24,-0.87,-0.44,0.0,0.2845,-0.0116,-0.1447,0.473,,2.28,1.423,,0.54,0.04,,,,
20.97,NAV_TO_LANDING,0.2442,-0.0195,0.19,,,,-0.01,-1.0,-0.19,0.0,0.2917,-0.0071,-0.1449,0.438,,2.28,1.423,,0.54,0.04,,,,
21.037,NAV_TO_LANDING,0.2585,-0.0209,0.182,,,,-0.12,-0.89,-0.23,0.0,0.2927,-0.0016,-0.1436,0.438,,,1.417,,0.54,0.04,,,,
21.067,NAV_TO_LANDING,0.2718,-0.0217,0.178,,,,-0.27,-0.88,-0.19,0.0,0.2905,0.0037,-0.1126,0.405,0.738,,1.417,,0.54,0.04,,,,
21.128,NAV_TO_LANDING,0.2858,-0.0221,0.171,,,,-0.32,-0.88,-0.34,0.0,0.2916,0.0095,-0.0888,0.405,0.738,2.11,1.421,,0.54,0.04,,,,
21.18,NAV_TO_LANDING,0.3017,-0.0234,0.162,,,,-0.23,-0.91,-0.48,0.0,0.2999,0.0121,-0.0714,0.376,0.751,2.11,1.421,,0.54,0.04,,,,
21.217,NAV_TO_LANDING,0.315,-0.0244,0.164,,,,-0.01,-1.3,-0.38,0.0,0.2988,0.0153,-0.0612,0.376,0.751,2.071,1.419,,0.54,0.04,,,,
21.266,NAV_TO_LANDING,0.3291,-0.0251,0.159,,,,0.3,-1.47,-0.37,0.0,0.2995,0.0227,-0.0214,0.355,0.762,2.071,1.419,,0.54,0.04,,,,
21.349,NAV_TO_LANDING,0.3439,-0.024,0.158,,,,0.72,-1.64,-0.6,0.0,0.2996,0.0343,-0.0088,0.355,0.762,,1.428,,0.54,0.04,,,,
21.367,NAV_TO_LANDING,0.3581,-0.0231,0.161,,,,1.42,-1.59,-0.32,0.0,0.3016,0.0449,0.0106,0.351,,,1.428,,0.54,0.04,,,,
21.449,NAV_TO_LANDING,0.3738,-0.0213,0.165,,,,1.97,-1.54,0.37,0.0,0.3026,0.0561,0.0185,0.351,,1.979,1.438,,0.54,0.04,,,,
21.469,NAV_TO_LANDING,0.3889,-0.0182,0.164,,,,2.41,-1.18,0.47,0.0,0.3048,0.0693,0.0305,0.41,0.791,1.979,1.438,,0.54,0.04,,,,
21.516,NAV_TO_LANDING,0.4034,-0.015,0.167,,,,2.72,-1.09,0.69,0.0,0.2991,0.0767,0.0313,0.41,0.791,2.035,1.465,,0.54,0.04,,,,
21.567,NAV_TO_LANDING,0.4183,-0.0112,0.168,,,,2.99,-0.93,0.72,0.0,0.2858,0.0827,0.0347,0.572,0.822,2.035,1.465,,0.54,0.04,,,,
21.617,NAV_TO_LANDING,0.4317,-0.0077,0.171,,,,3.16,-0.79,0.53,0.0,0.2752,0.0869,0.0376,0.572,0.822,2.022,1.481,,0.54,0.04,,,,
21.683,NAV_TO_LANDING,0.4446,-0.0043,0.172,,,,3.25,-0.69,0.36,0.0,0.2672,0.0905,0.0473,0.713,0.86,2.022,1.481,,0.54,0.04,,,,
21.729,NAV_TO_LANDING,0.4574,0.0001,0.174,,,,3.39,-0.93,0.33,0.0,0.2704,0.0974,0.0436,0.713,0.86,,1.522,,0.54,0.04,,,,
21.775,NAV_TO_LANDING,0.4703,0.0045,0.179,,,,3.61,-0.87,0.19,0.0,0.2614,0.0997,0.0419,1.509,,,1.522,,0.54,0.04,,,,
21.816,NAV_TO_LANDING,0.4842,0.0094,0.176,,,,3.89,-0.74,0.1,0.0,0.2589,0.1053,0.0459,1.509,,2.004,,,0.54,0.04,,,,
21.866,NAV_TO_LANDING,0.4956,0.0142,0.182,,,,4.05,-0.62,0.46,0.0,0.2501,0.1078,0.0318,1.59,,2.004,,,0.54,0.04,,,,
21.924,NAV_TO_LANDING,0.508,0.0188,0.184,,,,4.08,-0.46,0.72,0.0,0.247,0.1092,0.0443,1.59,,1.985,,,0.54,0.04,,,,
21.976,NAV_TO_LANDING,0.5199,0.0238,0.183,,,,4.1,-0.2,1.36,0.0,0.237,0.1088,0.0417,1.604,0.908,1.985,,,0.56,0.06,,,,
22.052,NAV_TO_LANDING,0.5318,0.0286,0.186,,,,4.23,-0.17,2.13,0.0,0.2278,0.1103,0.0365,1.604,0.908,,,,0.56,0.06,,,,
22.066,NAV_TO_LANDING,0.5426,0.0334,0.186,,,,4.38,0.09,2.56,0.0,0.2068,0.1058,0.0389,1.599,,,,,0.56,0.06,,,,
22.132,NAV_TO_LANDING,0.5529,0.0389,0.189,,,,4.57,-0.14,2.6,0.0,0.182,0.1031,0.0347,1.599,,,,,0.58,0.08,,,,
22.173,NAV_TO_LANDING,0.5606,0.044,0.194,,,,4.84,-0.27,2.44,0.0,0.1595,0.101,0.04,1.589,0.936,,,,0.58,0.08,,,,
22.217,NAV_TO_LANDING,0.5679,0.0485,0.195,,,,5.22,-0.45,2.46,0.0,0.1365,0.1027,0.0455,1.589,0.936,1.952,,,0.58,0.08,,,,
22.269,NAV_TO_LANDING,0.5739,0.0533,0.198,,,,5.59,-0.82,2.12,0.0,0.1178,0.107,0.0377,1.578,,1.952,,,0.6,0.08,,,,
22.317,NAV_TO_LANDING,0.5787,0.0586,0.198,,,,6.0,-0.64,2.22,0.0,0.0989,0.1119,0.0349,1.578,,1.92,,,0.6,0.08,,,,
22.378,NAV_TO_LANDING,0.5836,0.0657,0.201,,,,6.46,-0.25,2.02,0.0,0.0776,0.1146,0.0278,1.567,,1.92,,,0.62,0.08,,,,
22.433,NAV_TO_LANDING,0.5866,0.0718,0.202,,,,6.86,-0.25,1.47,0.0,0.0604,0.1177,0.0275,1.567,,1.929,,,0.62,0.08,,,,
22.499,NAV_TO_LANDING,0.59,0.0785,0.204,,,,7.27,0.01,0.93,0.0,0.0523,0.118,0.0239,1.565,,1.929,,,0.62,0.08,,,,
22.519,NAV_TO_LANDING,0.5922,0.0857,0.205,,,,7.58,0.44,0.28,0.0,0.0459,0.1227,0.0199,1.565,,,0.468,,0.62,0.08,,,,
22.566,NAV_TO_LANDING,0.5939,0.0917,0.207,,,,7.81,0.9,-0.14,0.0,0.047,0.1216,0.016,1.555,,,0.468,,0.64,0.1,,,,
22.617,NAV_TO_LANDING,0.5974,0.099,0.206,,,,7.97,1.34,-0.47,0.0,0.0526,0.1166,0.0116,1.555,,,0.429,,0.64,0.1,,,,
22.697,NAV_TO_LANDING,0.6008,0.1058,0.204,,,,8.05,1.69,-0.87,0.0,0.0607,0.1052,0.0049,1.55,,,0.429,,0.64,0.1,,,,
22.722,NAV_TO_LANDING,0.6052,0.1109,0.205,,,,7.97,1.9,-1.23,0.0,0.0735,0.0913,-0.0032,1.55,,,0.383,,0.64,0.1,,,,
22.778,NAV_TO_LANDING,0.6106,0.1149,0.207,,,,7.78,2.18,-1.09,0.0,0.0916,0.076,-0.0075,1.534,,,0.383,,0.64,0.1,,,,
22.816,NAV_TO_LANDING,0.618,0.1196,0.206,,,,7.55,1.96,-1.06,0.0,0.1109,0.0639,-0.006,1.534,,1.881,0.354,,0.66,0.1,,,,
22.867,NAV_TO_LANDING,0.6259,0.123,0.204,,,,7.24,1.74,-0.9,0.0,0.1284,0.0523,-0.008,1.522,,1.881,0.354,,0.66,0.1,,,,
22.917,NAV_TO_LANDING,0.634,0.1259,0.207,,,,6.92,1.68,-0.46,0.0,0.1408,0.0407,-0.0083,1.522,,,0.316,,0.66,0.1,,,,
22.973,NAV_TO_LANDING,0.6422,0.129,0.206,,,,6.62,1.59,-0.31,0.0,0.1494,0.0323,0.0007,1.511,,,0.316,,0.66,0.1,,,,
23.02,NAV_TO_LANDING,0.6512,0.1309,0.205,,,,6.38,1.61,0.28,0.0,0.1559,0.0218,-0.0055,1.511,,1.806,0.238,,0.66,0.1,,,,
23.073,NAV_TO_LANDING,0.6613,0.1334,0.205,,,,6.16,1.74,0.66,-0.0,0.1608,0.0134,-0.0085,1.494,,1.806,0.238,,0.66,0.1,,,,
23.116,NAV_TO_LANDING,0.6701,0.1346,0.206,,,,5.96,1.25,1.5,-0.0,0.1572,0.0021,-0.0079,1.494,,1.771,0.168,,0.66,0.1,,,,
23.166,NAV_TO_LANDING,0.6779,0.1353,0.204,,,,5.8,0.85,2.31,-0.0,0.1432,-0.0057,-0.0083,1.479,1.09,1.771,0.168,,0.66,0.1,,,,
23.217,NAV_TO_LANDING,0.6853,0.1358,0.205,,,,5.6,0.43,2.74,-0.0,0.1248,-0.0103,-0.0135,1.479,1.09,1.826,0.157,,0.66,0.1,,,,
23.279,NAV_TO_LANDING,0.6917,0.137,0.2,,,,5.4,0.12,2.93,-0.0,0.1031,-0.0098,-0.0116,1.461,1.083,1.826,0.157,,0.7894,0.2508,,,,
23.35,NAV_TO_LANDING,0.6974,0.1375,0.199,,,,5.2,-0.06,2.85,-0.0,0.0821,-0.0092,-0.0217,1.461,1.083,1.798,0.156,,0.7894,0.2508,,,,
23.368,NAV_TO_LANDING,0.7014,0.1381,0.199,,,,5.01,-0.11,2.68,0.0,0.0593,-0.0076,-0.0199,1.454,1.085,1.798,0.156,,0.7894,0.2508,,,,
23.447,NAV_TO_LANDING,0.7041,0.1383,0.199,,,,4.84,-0.56,2.43,0.0,0.0379,-0.0053,-0.0196,1.454,1.085,,0.157,,0.7894,0.2508,,,,
23.469,NAV_TO_LANDING,0.706,0.1385,0.196,,,,4.65,-1.0,2.07,0.0,0.0193,0.0004,-0.017,1.45,1.112,,0.157,,0.7894,0.2508,,,,
23.516,NAV_TO_LANDING,0.7067,0.1397,0.196,,,,4.49,-1.28,1.52,0.0,0.0034,0.0117,-0.0204,1.45,1.112,1.804,0.162,,0.7894,0.2508,,,,
23.567,NAV_TO_LANDING,0.7066,0.1435,0.198,,,,4.35,-1.31,1.18,0.0,-0.009,0.0299,-0.0132,1.445,1.11,1.804,0.162,,0.7894,0.2508,,,,
23.617,NAV_TO_LANDING,0.7062,0.1471,0.194,,,,4.06,-1.22,0.8,0.0,-0.0175,0.0457,-0.0098,1.445,1.11,,0.165,,0.7894,0.2508,,,,
23.668,NAV_TO_LANDING,0.7069,0.1508,0.198,,,,3.79,-1.15,0.49,0.0,-0.0189,0.0583,-0.0127,1.442,,,0.165,,0.7894,0.2508,,,,
23.729,NAV_TO_LANDING,0.706,0.1559,0.193,,,,3.58,-0.84,0.19,0.0,-0.0221,0.0726,0.0015,1.442,,1.752,0.17,,0.7894,0.2508,,,,
23.766,NAV_TO_LANDING,0.7066,0.1605,0.193,,,,3.39,-0.58,0.01,0.0,-0.0183,0.0808,-0.0104,1.439,,1.752,0.17,,0.7894,0.2508,,,,
23.816,NAV_TO_LANDING,0.7069,0.1655,0.194,,,,3.16,-0.38,-0.15,0.0,-0.0145,0.0876,-0.0021,1.439,,,0.182,,0.7894,0.2508,,,,
23.867,NAV_TO_LANDING,0.7073,0.1711,0.195,,,,3.03,-0.28,-0.19,0.0,-0.0098,0.0934,0.0037,1.446,1.14,,0.182,,0.7894,0.2508,,,,
23.927,NAV_TO_LANDING,0.7079,0.1781,0.192,,,,2.92,-0.17,-0.35,0.0,-0.0046,0.1023,0.008,1.446,1.14,,0.19,,0.7894,0.2508,,,,
23.983,NAV_TO_LANDING,0.7086,0.1828,0.193,,,,2.79,-0.08,-0.19,-0.0,0.0006,0.1024,0.0041,1.441,1.125,,0.19,,0.7894,0.2508,,,,
24.029,NAV_TO_LANDING,0.7104,0.1887,0.194,,,,2.59,0.23,-0.0,-0.0,0.0072,0.1043,0.014,1.441,1.125,,0.2,,0.7894,0.2508,,,,
24.093,NAV_TO_LANDING,0.7125,0.1945,0.194,,,,2.41,0.88,0.16,-0.0,0.0117,0.1022,0.0151,1.436,,,0.2,,1.92,0.1,,,,
24.139,NAV_TO_LANDING,0.7146,0.1997,0.196,,,,2.23,1.37,0.18,0.0,0.0155,0.0933,0.0141,1.436,,1.754,0.213,,1.92,0.1,,,,
24.167,NAV_TO_LANDING,0.7168,0.2046,0.199,,,,2.0,1.45,0.19,0.0,0.0187,0.0828,0.0196,1.439,1.149,1.754,0.213,,1.92,0.1,,,,
24.217,NAV_TO_LANDING,0.7185,0.2086,0.199,,,,1.76,0.94,0.25,0.0,0.0201,0.0721,0.0242,1.439,1.149,1.771,0.222,,1.92,0.1,,,,
24.288,NAV_TO_LANDING,0.7203,0.2118,0.201,,,,1.59,0.68,0.3,0.0,0.0208,0.0642,0.0198,1.43,,1.771,0.222,,1.92,0.1,,,,
24.321,NAV_TO_LANDING,0.7224,0.2153,0.203,,,,1.4,0.24,0.24,0.0,0.0219,0.0615,0.0214,1.43,,1.767,0.231,,1.92,0.1,,,,
24.368,NAV_TO_LANDING,0.7246,0.2179,0.2,,,,1.26,0.1,0.26,0.0,0.0237,0.0589,0.0228,1.427,,1.767,0.231,,1.92,0.1,,,,
24.417,NAV_TO_LANDING,0.7272,0.2215,0.203,,,,1.17,0.07,0.42,0.0,0.026,0.0601,0.0113,1.427,,,0.239,,1.92,0.1,,,,
24.467,NAV_TO_LANDING,0.7295,0.2258,0.206,,,,1.08,-0.02,0.54,0.0,0.0256,0.0643,0.0172,1.424,,,0.239,,1.92,0.1,,,,
24.516,NAV_TO_LANDING,0.7316,0.2299,0.207,,,,1.03,-0.01,0.53,0.0,0.0241,0.0676,0.017,1.424,,1.756,0.243,,1.92,0.1,,,,
24.592,NAV_TO_LANDING,0.7341,0.2339,0.203,,,,0.95,-0.08,0.41,0.0,0.0251,0.0697,0.0121,1.422,,1.756,0.243,,1.92,0.1,,,,
24.626,NAV_TO_LANDING,0.7356,0.2379,0.204,,,,0.82,-0.07,0.56,0.0,0.022,0.0721,0.0005,1.422,,1.752,0.252,,1.92,0.1,,,,
24.675,NAV_TO_LANDING,0.7379,0.2428,0.205,,,,0.7,-0.03,0.59,0.0,0.0214,0.0766,0.0062,1.421,,1.752,0.252,,1.92,0.1,,,,
24.724,NAV_TO_LANDING,0.7403,0.2476,0.205,,,,0.6,0.11,0.61,0.0,0.0208,0.0798,0.0048,1.421,,1.714,0.259,,1.92,0.1,,,,
24.767,NAV_TO_LANDING,0.7424,0.2527,0.206,,,,0.54,0.16,0.55,-0.0,0.0201,0.0823,0.0022,1.414,,1.714,0.259,,1.92,0.1,,,,
24.816,NAV_TO_LANDING,0.7436,0.2568,0.204,,,,0.46,0.53,0.52,-0.0,0.0166,0.0808,0.0056,1.414,,,0.268,,0.5949,0.2766,,,,
24.866,NAV_TO_LANDING,0.7453,0.2608,0.209,,,,0.36,1.03,0.54,0.0,0.0153,0.0744,-0.0037,1.41,,,0.268,,0.5949,0.2766,,,,
24.942,NAV_TO_LANDING,0.7465,0.264,0.205,,,,0.22,1.27,0.91,0.0,0.0122,0.0637,0.0098,1.41,,,0.275,,0.5949,0.2766,,,,
24.969,NAV_TO_LANDING,0.7485,0.267,0.206,,,,0.1,1.29,1.44,0.0,0.0076,0.053,-0.0061,1.406,,,0.275,,0.5949,0.2766,,,,
25.018,NAV_TO_LANDING,0.75,0.2693,0.207,,,,-0.02,1.35,1.73,0.0,-0.0011,0.0418,-0.0011,1.406,,1.686,0.281,,0.5949,0.2766,,,,
25.066,NAV_TO_LANDING,0.7493,0.2715,0.209,,,,-0.16,1.31,2.0,0.0,-0.0176,0.0316,0.0018,1.411,,1.686,0.281,,0.5949,0.2766,,,,
25.116,NAV_TO_LANDING,0.7487,0.2738,0.21,,,,-0.33,1.27,1.97,0.0,-0.0322,0.0241,0.0017,1.411,,1.729,0.283,,0.5949,0.2766,,,,
25.166,NAV_TO_LANDING,0.7455,0.2739,0.207,,,,-0.52,1.08,1.84,0.0,-0.0523,0.0115,0.001,1.408,,1.729,0.283,,0.5949,0.2766,,,,
25.266,NAV_TO_LANDING,0.7433,0.274,0.205,,,,-0.81,0.9,1.58,0.0,-0.0645,0.0022,-0.0079,1.408,,1.731,0.283,,0.5949,0.2766,,,,
25.277,NAV_TO_LANDING,0.7397,0.2733,0.204,,,,-1.06,0.64,1.43,0.0,-0.078,-0.0064,-0.0131,1.408,,1.731,0.283,,0.5949,0.2766,,,,
25.32,NAV_TO_LANDING,0.7374,0.2734,0.203,,,,-1.25,0.45,1.12,0.0,-0.0837,-0.0095,-0.0096,1.408,,1.748,0.282,,0.5949,0.2766,,,,
25.368,NAV_TO_LANDING,0.7331,0.2739,0.206,,,,-1.36,0.38,0.8,0.0,-0.0918,-0.0095,-0.0125,1.425,,1.748,0.282,,0.5949,0.2766,,,,
25.415,NAV_TO_LANDING,0.7298,0.273,0.205,,,,-1.47,0.17,0.5,0.0,-0.0927,-0.0131,-0.0046,1.425,,1.719,0.283,,0.5949,0.2766,,,,
25.466,NAV_TO_LANDING,0.7262,0.273,0.204,,,,-1.58,-0.07,0.36,0.0,-0.0929,-0.0111,-0.0107,1.424,,1.719,0.283,,0.5949,0.2766,,,,
25.516,NAV_TO_LANDING,0.7221,0.2728,0.201,,,,-1.61,-0.29,0.27,0.0,-0.0939,-0.0085,-0.0105,1.424,,,0.285,,0.5949,0.2766,,,,
25.597,NAV_TO_LANDING,0.7183,0.273,0.201,,,,-1.57,-0.2,0.19,0.0,-0.0928,-0.0045,-0.0136,1.43,,,0.285,,0.5949,0.2766,,,,
25.623,NAV_TO_LANDING,0.7149,0.2735,0.204,,,,-1.45,-0.21,0.12,0.0,-0.0901,-0.0006,-0.0078,1.43,,1.752,0.283,,0.5949,0.2766,,,,
25.704,NAV_TO_LANDING,0.7119,0.2739,0.202,,,,-1.38,-0.17,-0.01,0.0,-0.0858,0.0022,0.0018,1.433,,1.752,0.283,,0.5949,0.2766,,,,
25.719,NAV_TO_LANDING,0.7076,0.2746,0.203,,,,-1.3,-0.27,0.17,0.0,-0.0859,0.0058,-0.0053,1.433,,,0.29,,0.5949,0.2766,,,,
25.766,NAV_TO_LANDING,0.7045,0.2759,0.2,,,,-1.2,-0.14,0.38,0.0,-0.0842,0.0107,-0.003,1.44,,,0.29,,0.5949,0.2766,,,,
25.815,NAV_TO_LANDING,0.7021,0.278,0.202,,,,-1.06,0.1,0.56,0.0,-0.082,0.0162,-0.008,1.44,,,0.289,,0.5949,0.2766,,,,
25.865,NAV_TO_LANDING,0.6999,0.2799,0.202,,,,-0.9,0.33,0.65,0.0,-0.0809,0.0181,-0.0028,1.446,,,0.289,,0.5949,0.2766,,,,
25.919,NAV_TO_LANDING,0.6969,0.2806,0.202,,,,-0.8,0.42,0.7,0.0,-0.0827,0.0146,-0.0068,1.446,,,0.293,,0.5949,0.2766,,,,
25.983,NAV_TO_LANDING,0.6944,0.2814,0.202,,,,-0.63,0.39,0.69,0.0,-0.0834,0.0116,-0.0019,1.451,,,0.293,,0.5949,0.2766,,,,
26.016,NAV_TO_LANDING,0.6906,0.2829,0.204,,,,-0.5,0.5,0.71,0.0,-0.0878,0.0111,-0.003,1.451,,,0.295,,0.5949,0.2766,,,,
26.066,NAV_TO_LANDING,0.6859,0.2847,0.205,,,,-0.38,0.56,0.58,0.0,-0.0944,0.0106,0.0026,1.454,,,0.295,,0.5949,0.2766,,,,
26.115,NAV_TO_LANDING,0.6816,0.2853,0.2,,,,-0.29,0.51,0.49,0.0,-0.097,0.0066,0.0007,1.454,,,0.299,,0.5949,0.2766,,,,
26.177,NAV_TO_LANDING,0.6789,0.2862,0.202,,,,-0.26,0.41,0.31,0.0,-0.094,0.0046,-0.0086,1.458,,,0.299,,0.5949,0.2766,,,,
26.228,NAV_TO_LANDING,0.6755,0.2867,0.204,,,,-0.19,0.39,0.43,0.0,-0.0927,0.0024,-0.0005,1.458,,,0.303,,0.5949,0.2766,,,,
26.285,NAV_TO_LANDING,0.6706,0.2874,0.199,,,,-0.09,0.44,0.31,0.0,-0.0966,0.0013,0.0009,1.47,,,0.303,,0.5949,0.2766,,,,
26.315,NAV_TO_LANDING,0.6676,0.2877,0.201,,,,0.03,0.39,0.23,0.0,-0.0929,-0.0014,-0.0118,1.47,,,0.312,,0.5949,0.2766,,,,
26.365,NAV_TO_LANDING,0.6641,0.2876,0.199,,,,0.07,0.41,0.16,0.0,-0.0912,-0.0044,-0.0021,1.473,,,0.312,,0.5949,0.2766,,,,
26.416,NAV_TO_LANDING,0.6602,0.288,0.2,,,,0.06,0.42,0.22,0.0,-0.0905,-0.0059,-0.0084,1.473,,,0.317,,0.5949,0.2766,,,,
26.466,NAV_TO_LANDING,0.6565,0.288,0.203,,,,-0.0,0.4,0.26,0.0,-0.0898,-0.0083,-0.0057,1.486,,,0.317,,0.5949,0.2766,,,,
26.54,NAV_TO_LANDING,0.6529,0.2874,0.2,,,,-0.05,0.28,0.41,0.0,-0.0897,-0.0116,-0.0021,1.486,,,0.317,,0.5949,0.2766,,,,
26.576,NAV_TO_LANDING,0.6505,0.2871,0.199,,,,-0.11,0.36,0.39,0.0,-0.0869,-0.0131,-0.0081,1.488,,,0.317,,0.5949,0.2766,,,,
26.635,NAV_TO_LANDING,0.6486,0.2873,0.197,,,,-0.25,0.3,0.48,0.0,-0.083,-0.0134,-0.009,1.488,,2.252,0.328,,0.5949,0.2766,,,,
26.67,NAV_TO_LANDING,0.6463,0.2868,0.197,,,,-0.49,0.2,0.48,0.0,-0.0821,-0.015,-0.0116,1.484,,2.252,0.328,,0.5949,0.2766,,,,
26.715,NAV_TO_LANDING,0.6434,0.2864,0.2,,,,-0.69,-0.1,0.43,0.0,-0.0821,-0.0144,-0.0068,1.484,,,0.337,,0.5949,0.2766,,,,
26.767,NAV_TO_LANDING,0.6419,0.2862,0.197,,,,-0.81,-0.3,0.35,0.0,-0.0779,-0.0117,0.0023,1.486,,,0.337,,0.5949,0.2766,,,,
26.855,NAV_TO_LANDING,0.6406,0.2871,0.197,,,,-0.85,-0.2,0.4,0.0,-0.0735,-0.0051,-0.0071,1.486,,,0.359,,0.5949,0.2766,,,,
26.866,NAV_TO_LANDING,0.639,0.2879,0.2,,,,-0.8,-0.14,0.56,0.0,-0.071,-0.0005,-0.0005,1.497,,,0.359,,0.5949,0.2766,,,,
26.922,NAV_TO_LANDING,0.6357,0.2898,0.198,,,,-0.76,-0.06,0.61,0.0,-0.075,0.0058,0.0054,1.497,,,0.383,,0.5949,0.2766,,,,
26.965,NAV_TO_LANDING,0.6326,0.2914,0.197,,,,-0.7,0.02,0.73,0.0,-0.0787,0.0098,0.0009,1.495,,,0.383,,0.5949,0.2766,,,,
27.015,NAV_TO_LANDING,0.6304,0.2929,0.199,,,,-0.57,0.12,0.74,0.0,-0.0794,0.0124,0.0036,1.495,,,0.413,,0.5949,0.2766,,,,
27.065,NAV_TO_LANDING,0.6277,0.2945,0.199,,,,-0.45,0.16,0.66,0.0,-0.0817,0.0141,0.0091,1.502,,,0.413,,0.5949,0.2766,,,,
27.118,NAV_TO_LANDING,0.625,0.2958,0.2,,,,-0.2,0.51,0.5,0.0,-0.0824,0.0133,0.0085,1.502,,,0.445,,0.5949,0.2766,,,,
27.179,NAV_TO_LANDING,0.6222,0.2975,0.199,,,,0.11,0.68,0.28,0.0,-0.0817,0.0118,0.0093,1.503,,,0.445,,0.5949,0.2766,,,,
27.218,NAV_TO_LANDING,0.619,0.2983,0.201,,,,0.36,0.82,0.11,0.0,-0.0807,0.0065,0.008,1.503,,,0.467,,0.5949,0.2766,,,,
27.265,NAV_TO_LANDING,0.615,0.2989,0.2,,,,0.52,0.89,0.2,0.0,-0.0818,0.0006,0.011,1.511,,,0.467,,0.5949,0.2766,,,,
27.381,NAV_TO_LANDING,0.6124,0.2998,0.201,,,,0.62,1.02,0.24,0.0,-0.079,-0.0042,0.0066,1.511,,,0.505,,,,,,,
27.434,NAV_TO_LANDING,0.6095,0.2999,0.203,,,,0.69,1.24,0.11,-0.0,-0.077,-0.0121,0.0072,1.516,,,0.505,,1.98,0.3,,,,
27.444,NAV_TO_LANDING,0.6067,0.2993,0.199,,,,0.74,0.99,-0.38,-0.0,-0.0732,-0.0214,0.0092,1.516,,,,,1.98,0.3,,,,
27.479,NAV_TO_LANDING,0.6037,0.2978,0.199,,,,0.76,0.57,-0.74,0.0,-0.0668,-0.0292,-0.0002,1.512,,,,,1.98,0.3,,,,
27.523,NAV_TO_LANDING,0.6014,0.2967,0.201,,,,0.74,0.28,-1.34,0.0,-0.0565,-0.0314,0.002,1.512,,2.422,,,1.98,0.3,,,,
27.591,NAV_TO_LANDING,0.5984,0.2954,0.207,,,,0.66,0.11,-3.61,0.0,-0.0388,-0.0319,0.0088,1.519,,2.422,,,1.98,0.3,,,,
27.616,NAV_TO_LANDING,0.5973,0.294,0.207,,,,0.49,-0.03,-4.84,0.0,-0.0037,-0.0314,0.013,1.519,,,,,1.98,0.3,,,,
27.665,NAV_TO_LANDING,0.5983,0.2919,0.203,,,,0.33,-0.22,-5.38,0.0,0.0396,-0.0317,0.0075,1.512,,,,,1.98,0.3,,,,
27.716,NAV_TO_LANDING,0.6042,0.2906,0.206,,,,0.11,-0.33,-5.64,0.0,0.0952,-0.0285,-0.0041,1.512,,,,,1.98,0.3,,,,
27.813,NAV_TO_LANDING,0.6117,0.2909,0.204,,,,-0.13,-0.39,-5.39,0.0,0.1476,-0.0196,-0.0027,1.498,,,,,1.98,0.3,,,,
27.818,NAV_TO_LANDING,0.6217,0.2913,0.204,,,,-0.4,-0.35,-4.66,0.0,0.196,-0.012,-0.0095,1.498,,,,,1.98,0.3,,,,
27.875,NAV_TO_LANDING,0.6337,0.2919,0.202,,,,-0.58,-0.43,-3.81,0.0,0.237,-0.0047,-0.0099,1.49,,,,,1.98,0.3,,,,
27.918,NAV_TO_LANDING,0.6471,0.2923,0.206,,,,-0.66,-0.34,-2.78,0.0,0.2682,-0.0,-0.012,1.49,,,0.357,,1.98,0.3,,,,
27.964,NAV_TO_LANDING,0.6636,0.2935,0.201,,,,-0.6,-0.26,-1.93,0.0,0.297,0.0069,-0.0043,1.472,,,0.357,,1.98,0.3,,,,
28.015,NAV_TO_LANDING,0.6787,0.2944,0.204,,,,-0.43,-0.1,-1.22,0.0,0.3109,0.0102,-0.0128,1.472,,,0.305,,1.98,0.3,,,,
28.075,NAV_TO_LANDING,0.6928,0.2951,0.203,,,,-0.25,0.13,-0.64,0.0,0.3142,0.0108,-0.0045,1.445,,,0.305,,1.98,0.3,,,,
28.124,NAV_TO_LANDING,0.7085,0.2959,0.204,,,,-0.08,0.13,-0.06,0.0,0.3172,0.0105,-0.0068,1.445,,,0.302,,1.98,0.3,,,,
28.17,NAV_TO_LANDING,0.7231,0.2975,0.205,,,,0.12,0.28,0.2,0.0,0.3121,0.0129,-0.0021,1.416,,,0.302,,1.98,0.3,,,,
28.215,NAV_TO_LANDING,0.7384,0.2983,0.204,,,,0.27,0.4,0.35,0.0,0.3087,0.011,-0.0042,1.416,,,0.31,,1.98,0.3,,,,
28.265,NAV_TO_LANDING,0.754,0.2994,0.202,,,,0.37,0.48,0.42,0.0,0.3059,0.0091,-0.0076,1.385,,,0.31,,1.98,0.3,,,,
28.316,NAV_TO_LANDING,0.7672,0.3004,0.204,,,,0.41,0.45,0.48,0.0,0.296,0.0072,-0.0106,1.385,,,0.316,,1.98,0.3,,,,
28.364,NAV_TO_LANDING,0.7804,0.3006,0.2,,,,0.48,0.38,0.52,0.0,0.2869,0.0035,-0.0042,1.354,1.21,,0.316,,1.98,0.3,,,,
28.442,NAV_TO_LANDING,0.793,0.3009,0.204,,,,0.56,0.37,0.44,0.0,0.2774,0.0007,-0.0146,1.354,1.21,,0.319,,1.98,0.3,,,,
28.474,NAV_TO_LANDING,0.805,0.3016,0.201,,,,0.66,0.31,0.23,0.0,0.2682,-0.0001,-0.0018,1.336,,,0.319,,1.98,0.3,,,,
28.517,NAV_TO_LANDING,0.8186,0.3023,0.201,,,,0.77,0.28,0.02,0.0,0.2679,-0.0001,-0.0084,1.336,,1.61,0.336,,1.98,0.3,,,,
28.565,NAV_TO_LANDING,0.8303,0.3018,0.202,,,,0.89,0.23,-0.18,0.0,0.263,-0.0038,-0.0063,1.311,,1.61,0.336,,1.98,0.3,,,,
28.615,NAV_TO_LANDING,0.842,0.3018,0.2,,,,1.0,0.18,-0.39,0.0,0.2608,-0.0047,-0.0033,1.311,,,0.332,,1.98,0.3,,,,
28.666,NAV_TO_LANDING,0.8538,0.3019,0.2,,,,1.1,0.21,-0.51,0.0,0.2603,-0.005,-0.0072,1.285,,,0.332,,1.98,0.3,,,,
28.73,NAV_TO_LANDING,0.8655,0.3009,0.198,,,,1.2,0.15,-0.65,0.0,0.2608,-0.009,-0.0062,1.285,,1.615,0.32,,1.98,0.3,,,,
28.772,NAV_TO_LANDING,0.8778,0.3004,0.199,,,,1.33,0.03,-0.74,0.0,0.2635,-0.0099,-0.0083,1.263,,1.615,0.32,,1.98,0.3,,,,
28.825,NAV_TO_LANDING,0.8917,0.2999,0.199,,,,1.49,0.02,-0.75,0.0,0.2721,-0.0097,-0.0058,1.263,,,0.307,,1.98,0.3,,,,
28.87,NAV_TO_LANDING,0.9047,0.2995,0.2,,,,1.65,0.01,-0.69,0.0,0.2762,-0.0095,-0.0049,1.248,,,0.307,,1.98,0.3,,,,
28.914,NAV_TO_LANDING,0.9181,0.2986,0.201,,,,1.83,0.14,-0.44,0.0,0.2794,-0.0113,-0.0048,1.248,,1.628,0.307,,1.98,0.3,,,,
28.964,NAV_TO_LANDING,0.9304,0.2977,0.2,,,,1.98,0.2,-0.22,0.0,0.2766,-0.0136,-0.002,1.214,,1.628,0.307,,1.98,0.3,,,,
29.015,NAV_TO_LANDING,0.9445,0.298,0.199,,,,2.1,0.21,-0.27,0.0,0.2791,-0.0121,-0.0055,1.214,,1.628,0.307,,1.98,0.3,,,,
29.095,NAV_TO_LANDING,0.9587,0.2967,0.2,,,,2.25,0.08,-0.29,0.0,0.282,-0.0156,-0.009,1.19,,1.628,0.307,,1.98,0.3,,,,
29.114,NAV_TO_LANDING,0.9717,0.2954,0.199,,,,2.38,-0.02,-0.3,0.0,0.2809,-0.0175,-0.0051,1.19,,1.634,0.308,,1.98,0.3,,,,
29.172,NAV_TO_LANDING,0.9856,0.2945,0.197,,,,2.53,-0.05,-0.23,0.0,0.2827,-0.0172,-0.0083,1.172,,1.634,0.308,,1.98,0.3,,,,
29.219,NAV_TO_LANDING,0.9976,0.293,0.194,,,,2.63,-0.19,-0.32,0.0,0.2777,-0.0179,-0.0096,1.172,,,0.325,,1.98,0.3,,,,
29.264,NAV_TO_LANDING,1.011,0.2923,0.195,,,,2.79,-0.27,-0.23,0.0,0.278,-0.0154,-0.0124,1.138,,,0.325,,1.98,0.3,,,,
29.315,NAV_TO_LANDING,1.0247,0.2914,0.195,,,,2.93,-0.28,-0.3,0.0,0.2788,-0.0136,-0.0092,1.138,,,0.327,,1.98,0.3,,,,
29.376,NAV_TO_LANDING,1.0397,0.2905,0.195,,,,3.1,-0.26,-0.23,0.0,0.2842,-0.0119,-0.0056,1.116,,,0.327,,1.98,0.3,,,,
29.417,NAV_TO_LANDING,1.053,0.2896,0.198,,,,3.26,-0.27,-0.18,0.0,0.2828,-0.0108,-0.0015,1.116,,,0.308,,1.98,0.3,,,,
29.47,NAV_TO_LANDING,1.0666,0.2894,0.196,,,,3.37,-0.37,-0.15,0.0,0.282,-0.0073,0.0061,1.092,1.464,,0.308,,1.98,0.3,,,,
29.521,NAV_TO_LANDING,1.0804,0.2894,0.196,,,,3.49,-0.47,-0.26,0.0,0.2822,-0.003,0.0045,1.092,1.464,,0.299,,1.98,0.3,,,,
29.564,NAV_TO_LANDING,1.094,0.2893,0.195,,,,3.6,-0.5,-0.3,0.0,0.2822,0.0015,0.0074,1.064,1.484,,0.299,,1.98,0.3,,,,
29.615,NAV_TO_LANDING,1.1101,0.2895,0.195,,,,3.66,-0.49,-0.38,0.0,0.2913,0.0057,0.0048,1.064,1.484,,0.304,,1.98,0.3,,,,
29.675,NAV_TO_LANDING,1.1236,0.2902,0.199,,,,3.72,-0.34,-0.32,0.0,0.291,0.0107,0.0061,1.04,,,0.304,,1.98,0.3,,,,
29.743,NAV_TO_LANDING,1.1375,0.2911,0.199,,,,3.72,-0.33,-0.31,0.0,0.2907,0.0146,0.0133,1.04,,,0.302,,1.98,0.3,,,,
29.773,NAV_TO_LANDING,1.1519,0.2916,0.199,,,,3.68,-0.21,-0.31,0.0,0.2926,0.0164,0.0095,1.008,,,0.302,,1.98,0.3,,,,
29.819,NAV_TO_LANDING,1.1668,0.2933,0.199,,,,3.58,-0.19,-0.26,0.0,0.2956,0.0208,0.0074,1.008,,,0.316,,1.98,0.3,,,,
29.864,NAV_TO_LANDING,1.1806,0.2942,0.202,,,,3.45,-0.08,-0.15,0.0,0.2936,0.0217,0.0071,0.985,,,0.316,,1.98,0.3,,,,
29.915,NAV_TO_LANDING,1.1974,0.296,0.201,,,,3.32,0.05,-0.11,0.0,0.3016,0.0239,0.0058,0.985,,1.609,0.338,,1.98,0.3,,,,
29.965,NAV_TO_LANDING,1.2123,0.2981,0.199,,,,3.2,0.16,-0.12,0.0,0.3023,0.0259,0.0012,0.955,,1.609,0.338,,1.98,0.3,,,,
30.05,NAV_TO_LANDING,1.2268,0.3003,0.199,,,,3.04,0.19,-0.14,0.0,0.3014,0.0277,-0.0023,0.955,,1.614,0.338,,1.98,0.3,,,,
30.067,NAV_TO_LANDING,1.2412,0.302,0.196,,,,2.87,0.24,-0.04,0.0,0.3002,0.0272,-0.0053,0.926,,1.614,0.338,,1.98,0.3,,,,
30.128,NAV_TO_LANDING,1.255,0.3045,0.201,,,,2.72,0.25,0.04,0.0,0.2962,0.0287,-0.0117,0.926,,1.639,0.319,,1.98,0.3,,,,
30.164,NAV_TO_LANDING,1.2723,0.3063,0.199,,,,2.62,0.45,0.14,0.0,0.3034,0.0269,0.002,0.9,,1.639,0.319,,1.98,0.3,,,,
30.215,NAV_TO_LANDING,1.2866,0.3078,0.196,,,,2.49,0.51,0.25,0.0,0.2997,0.0238,-0.0058,0.9,,,0.318,,1.98,0.3,,,,
30.264,NAV_TO_LANDING,1.3004,0.3096,0.198,,,,2.34,0.53,0.31,0.0,0.2936,0.0213,-0.0077,0.872,,,0.318,,1.98,0.3,,,,
30.325,NAV_TO_LANDING,1.315,0.3115,0.2,,,,2.21,0.52,0.24,0.0,0.2913,0.0192,0.0014,0.872,,,0.322,,1.98,0.3,,,,
30.375,NAV_TO_LANDING,1.3283,0.3131,0.199,,,,2.1,0.55,0.19,0.0,0.2853,0.0169,0.0047,0.842,,,0.322,,1.98,0.3,,,,
30.434,NAV_TO_LANDING,1.3425,0.3144,0.197,,,,2.02,0.55,0.04,0.0,0.284,0.014,0.0026,0.842,,,0.321,,1.98,0.3,,,,
30.465,NAV_TO_LANDING,1.3567,0.3164,0.198,,,,1.96,0.61,-0.12,0.0,0.2849,0.0133,-0.0017,0.819,,,0.321,,1.98,0.3,,,,
30.514,NAV_TO_LANDING,1.3712,0.3175,0.2,,,,1.87,0.65,-0.16,0.0,0.287,0.0099,0.0038,0.819,,,0.324,,1.98,0.3,,,,
30.564,NAV_TO_LANDING,1.3846,0.3183,0.199,,,,1.85,0.81,-0.19,0.0,0.2856,0.0051,0.004,0.789,,,0.324,,1.98,0.3,,,,
30.614,NAV_TO_LANDING,1.3982,0.3191,0.2,,,,1.84,0.62,-0.2,0.0,0.2854,0.0009,-0.0005,0.789,,,0.336,,1.98,0.3,,,,
30.692,NAV_TO_LANDING,1.411,0.3196,0.201,,,,1.82,0.54,-0.07,0.0,0.2815,-0.0026,0.0014,0.764,,,0.336,,1.98,0.3,,,,
30.721,NAV_TO_LANDING,1.4281,0.32,0.2,,,,1.72,0.23,-0.12,0.0,0.292,-0.0036,0.0006,0.764,,,0.371,,1.98,0.3,,,,
30.772,NAV_TO_LANDING,1.442,0.3197,0.2,,,,1.69,0.19,-0.04,0.0,0.2907,-0.0056,-0.0014,0.733,,,0.371,,1.98,0.3,,,,
30.814,NAV_TO_LANDING,1.4556,0.3202,0.2,,,,1.62,0.17,0.03,0.0,0.2876,-0.0048,-0.0002,0.733,,,,,1.98,0.3,,,,
30.864,NAV_TO_LANDING,1.47,0.3198,0.203,,,,1.49,0.1,0.04,0.0,0.2874,-0.0061,0.0015,0.706,,,,,1.98,0.3,,,,
30.914,NAV_TO_LANDING,1.4842,0.3194,0.201,,,,1.34,0.28,-0.03,0.0,0.2868,-0.0075,0.0055,0.706,,,,,1.98,0.3,,,,
30.964,NAV_TO_LANDING,1.5003,0.3207,0.2,,,,1.16,0.35,-0.09,0.0,0.2929,-0.0047,0.0022,0.678,,,,,1.98,0.3,,,,
31.025,NAV_TO_LANDING,1.5147,0.3212,0.2,,,,0.88,0.25,-0.06,0.0,0.2931,-0.0049,0.0029,0.678,,,,,1.98,0.3,,,,
31.073,NAV_TO_LANDING,1.5281,0.3211,0.201,,,,0.59,0.3,-0.11,0.0,0.29,-0.0064,0.0015,0.648,,,,,1.98,0.3,,,,
31.129,NAV_TO_LANDING,1.5411,0.3212,0.198,,,,0.33,0.19,-0.19,0.0,0.2863,-0.0072,0.0065,0.648,,,,,1.98,0.3,,,,
31.164,NAV_TO_LANDING,1.5555,0.3218,0.202,,,,0.09,0.23,-0.22,0.0,0.2882,-0.0055,-0.0008,0.623,,,,,1.98,0.3,,,,
31.215,NAV_TO_LANDING,1.5682,0.3216,0.203,,,,-0.14,0.26,-0.35,0.0,0.285,-0.0073,0.0094,0.623,,,,,1.98,0.3,,,,
31.264,NAV_TO_LANDING,1.5849,0.3223,0.203,,,,-0.33,0.3,-0.43,0.0,0.2956,-0.0063,0.0084,0.592,,,,,1.98,0.3,,,,
31.341,NAV_TO_LANDING,1.5989,0.3217,0.199,,,,-0.48,0.3,-0.46,0.0,0.2968,-0.0095,0.0047,0.592,,,,,1.98,0.3,,,,
31.366,NAV_TO_LANDING,1.614,0.3221,0.203,,,,-0.61,0.4,-0.4,0.0,0.3012,-0.0095,-0.0024,0.568,,,,,1.98,0.3,,,,
31.417,NAV_TO_LANDING,1.6284,0.3216,0.202,,,,-0.67,0.44,-0.24,0.0,0.3022,-0.0126,0.0078,0.568,,2.819,,,1.98,0.3,,,,
31.473,NAV_TO_LANDING,1.6426,0.3223,0.203,,,,-0.67,0.4,-0.17,0.0,0.3005,-0.0118,0.0012,0.537,,2.819,,,1.98,0.3,,,,
31.513,NAV_TO_LANDING,1.6566,0.3215,0.204,,,,-0.6,0.37,-0.08,0.0,0.2981,-0.0158,0.0042,0.537,,,,,1.98,0.3,,,,
31.564,NAV_TO_LANDING,1.6743,0.3206,0.206,,,,-0.46,0.33,-0.14,0.0,0.3077,-0.0186,0.0051,0.513,,,,,1.98,0.3,,,,
31.64,NAV_TO_LANDING,1.6897,0.3199,0.204,,,,-0.3,0.28,-0.11,0.0,0.3086,-0.0206,0.0065,0.513,,,,,1.98,0.3,,,,
31.67,NAV_TO_LANDING,1.7038,0.3197,0.204,,,,-0.06,0.27,-0.02,0.0,0.305,-0.0199,0.0018,0.483,,,,,1.98,0.3,,,,
31.721,NAV_TO_LANDING,1.7197,0.3191,0.204,,,,0.23,0.31,0.05,0.0,0.3067,-0.021,-0.0018,0.483,,,,,1.98,0.3,,,,
31.8,NAV_TO_LANDING,1.7342,0.3188,0.203,,,,0.48,0.16,0.01,0.0,0.3039,-0.0206,-0.0042,0.456,,,,,1.98,0.3,,,,
31.815,NAV_TO_LANDING,1.7497,0.3185,0.2,,,,0.7,0.07,0.04,0.0,0.3109,-0.0196,-0.007,0.456,,,,,1.98,0.3,,,,
31.865,NAV_TO_LANDING,1.7645,0.3175,0.203,,,,0.92,0.21,0.07,0.0,0.3077,-0.0212,-0.0112,0.427,,,,,1.98,0.3,,,,
31.921,NAV_TO_LANDING,1.7822,0.317,0.204,,,,1.05,0.22,0.05,0.0,0.3076,-0.0201,-0.0041,0.427,,,,,1.98,0.3,,,,
31.989,NAV_TO_LANDING,1.7976,0.3163,0.203,,,,1.14,0.24,0.1,0.0,0.3048,-0.0218,-0.0027,0.399,,,,,1.98,0.3,,,,
32.015,NAV_TO_LANDING,1.8122,0.315,0.2,,,,1.18,0.2,0.06,0.0,0.3032,-0.0228,-0.0065,0.399,,2.718,,,1.98,0.3,,,,
32.078,NAV_TO_LANDING,1.8273,0.3146,0.201,,,,1.24,0.17,0.0,0.0,0.3038,-0.0236,-0.0107,0.367,,2.718,,,1.98,0.3,,,,
32.114,NAV_TO_LANDING,1.8425,0.3132,0.202,,,,1.32,0.16,-0.02,0.0,0.3105,-0.0252,-0.0063,0.367,,,,,1.98,0.3,,,,
32.164,NAV_TO_LANDING,1.8575,0.3122,0.203,,,,1.34,0.2,0.05,0.0,0.309,-0.0259,-0.0023,0.338,,,,,1.98,0.3,,,,
32.214,NAV_TO_LANDING,1.8754,0.311,0.199,,,,1.41,0.16,0.02,0.0,0.3071,-0.0271,-0.0011,0.338,,,,,1.98,0.3,,,,
32.3,NAV_TO_LANDING,1.8896,0.3095,0.199,,,,1.49,0.25,0.12,-0.0,0.3044,-0.0295,-0.0092,0.306,,,,,1.98,0.3,,,,
32.317,NAV_TO_LANDING,1.9045,0.3081,0.202,,,,1.56,0.13,1.34,-0.0,0.297,-0.0301,-0.003,0.306,,,,,1.98,0.3,,,,
32.367,NAV_TO_LANDING,1.9195,0.3064,0.202,,,,1.62,-0.24,3.42,-0.0,0.2913,-0.0304,0.0016,0.282,,,,,1.98,0.3,,,,
32.415,NAV_TO_LANDING,1.9348,0.3056,0.203,,,,1.63,-0.45,4.33,-0.0,0.2623,-0.0288,-0.0027,0.282,,,1.464,,1.98,0.3,,,,
32.464,NAV_TO_LANDING,1.9487,0.3038,0.202,,,,1.6,-0.56,4.93,-0.0,0.2206,-0.0246,-0.0022,0.252,,,1.464,,1.98,0.3,,,,
32.515,NAV_TO_LANDING,1.9581,0.3025,0.202,,,,1.59,-0.61,4.94,-0.0,0.1784,-0.0209,-0.0044,0.252,,,,,1.809,0.3195,,,,
32.566,NAV_TO_LANDING,1.9658,0.3018,0.2,,,,1.62,-0.57,4.73,0.0,0.1354,-0.0168,-0.006,0.231,,,,,1.809,0.3195,,,,
32.626,NAV_TO_LANDING,1.9718,0.3013,0.199,,,,1.63,-0.54,4.36,0.0,0.0989,-0.0128,-0.0086,0.231,,,,,1.809,0.3195,,,,
32.67,NAV_TO_LANDING,1.9768,0.3008,0.202,,,,1.73,-0.58,4.52,0.0,0.0645,-0.0091,-0.0089,0.223,,,,,1.809,0.3195,,,,
32.734,NAV_TO_LANDING,1.9801,0.2995,0.2,,,,1.77,-0.52,4.01,0.0,0.0307,-0.0065,-0.0018,0.223,,,,,1.809,0.3195,,,,
32.77,NAV_TO_LANDING,1.9811,0.2998,0.2,,,,1.85,-0.37,3.45,0.0,-0.0022,-0.004,-0.0056,0.218,,,,,1.809,0.3195,,,,
32.814,NAV_TO_LANDING,1.9806,0.2997,0.2,,,,1.91,-0.28,2.83,0.0,-0.0288,-0.0022,-0.0032,0.218,,,,,1.809,0.3195,,,,
32.864,NAV_TO_LANDING,1.98,0.2982,0.2,,,,1.92,-0.16,2.17,0.0,-0.0466,-0.0038,-0.0037,0.218,,,,,1.809,0.3195,,,,
32.954,NAV_TO_LANDING,1.9772,0.2984,0.2,,,,1.86,-0.2,1.64,0.0,-0.0631,-0.0021,-0.0018,0.218,,,,,1.809,0.3195,,,,
32.964,NAV_TO_LANDING,1.9755,0.298,0.198,,,,1.76,-0.15,1.18,0.0,-0.0702,-0.0019,-0.0018,0.217,,,,,1.809,0.3195,,,,
33.026,NAV_TO_LANDING,1.9731,0.2983,0.199,,,,1.64,-0.09,0.94,0.0,-0.0752,-0.0007,-0.0067,0.217,,,,,1.809,0.3195,,,,
33.106,NAV_TO_LANDING,1.9698,0.2981,0.2,,,,1.48,-0.02,0.71,0.0,-0.0809,-0.0009,-0.0018,0.218,,,,,1.809,0.3195,,,,
33.13,NAV_TO_LANDING,1.9661,0.2977,0.201,,,,1.38,0.06,0.52,0.0,-0.0845,-0.002,-0.0005,0.218,,,,,1.809,0.3195,,,,
33.164,NAV_TO_LANDING,1.9649,0.2981,0.196,,,,1.38,0.12,0.34,0.0,-0.0793,-0.002,0.0011,0.221,,,,,1.809,0.3195,,,,
33.221,NAV_TO_LANDING,1.9625,0.2985,0.199,,,,1.29,0.23,0.19,0.0,-0.077,-0.0022,-0.0086,0.221,,,,,1.809,0.3195,,,,
33.287,NAV_TO_LANDING,1.9617,0.2977,0.199,,,,1.18,0.0,0.25,0.0,-0.07,-0.0055,-0.0003,0.219,,,,,1.809,0.3195,,,,
33.316,NAV_TO_LANDING,1.9609,0.2969,0.2,,,,1.12,0.01,0.27,0.0,-0.0642,-0.007,0.0005,0.219,,,,,1.809,0.3195,,,,
33.363,NAV_TO_LANDING,1.9595,0.2967,0.198,,,,1.13,0.03,0.29,-0.0,-0.0614,-0.0072,0.003,0.226,,,,,1.809,0.3195,,,,
33.413,NAV_TO_LANDING,1.9581,0.2961,0.197,,,,1.16,-0.01,-0.24,-0.0,-0.0581,-0.008,-0.0014,0.226,,,,,2.02,0.32,,,,
33.464,NAV_TO_LANDING,1.9568,0.2955,0.196,,,,1.11,-0.1,-0.65,0.0,-0.0499,-0.0083,-0.0039,0.22,,,,,2.02,0.32,,,,
33.514,NAV_TO_LANDING,1.9593,0.2952,0.198,,,,1.07,-0.16,-0.25,0.0,-0.0326,-0.0069,-0.0031,0.22,,,1.498,,2.02,0.32,,,,
33.603,NAV_TO_LANDING,1.9631,0.2949,0.199,,,,1.07,-0.04,0.02,0.0,-0.0172,-0.0061,-0.0007,0.222,,,1.498,,2.02,0.32,,,,
33.614,NAV_TO_LANDING,1.9663,0.2954,0.201,,,,1.08,-0.12,0.34,0.0,-0.0077,-0.0031,-0.0025,0.222,,,,,2.02,0.32,,,,
33.685,NAV_TO_LANDING,1.9687,0.2957,0.199,,,,1.07,-0.19,0.64,0.0,-0.0038,-0.0005,0.0006,0.218,,,,,2.02,0.32,,,,
33.744,NAV_TO_LANDING,1.9717,0.2955,0.2,,,,1.17,-0.19,1.04,0.0,-0.0017,0.0004,-0.0027,0.218,,,,,2.02,0.32,,,,
33.764,NAV_TO_LANDING,1.974,0.2957,0.199,,,,1.31,-0.08,1.24,0.0,-0.0043,0.0015,-0.0001,0.217,,,,,2.02,0.32,,,,
33.814,NAV_TO_LANDING,1.9757,0.2959,0.199,,,,1.48,0.09,1.49,0.0,-0.01,0.002,-0.002,0.217,,,,,2.02,0.32,,,,
33.871,NAV_TO_LANDING,1.9755,0.2964,0.202,,,,1.64,0.07,1.63,0.0,-0.021,0.0021,-0.0052,0.212,,,,,2.02,0.32,,,,
33.925,NAV_TO_LANDING,1.9742,0.2964,0.2,,,,1.83,0.18,1.59,0.0,-0.0349,0.0005,-0.0029,0.212,,,1.543,,2.02,0.32,,,,
33.982,NAV_TO_LANDING,1.9729,0.296,0.196,,,,1.88,0.13,1.5,0.0,-0.0471,-0.0027,-0.0098,0.214,,,1.543,,2.02,0.32,,,,
34.013,NAV_TO_LANDING,1.9721,0.2962,0.198,,,,1.93,0.09,1.38,0.0,-0.0542,-0.0028,-0.0126,0.214,,,,,2.02,0.32,,,,
34.064,NAV_TO_LANDING,1.9696,0.2955,0.198,,,,1.95,-0.02,1.27,0.0,-0.0645,-0.0051,-0.0064,0.216,,,,,2.02,0.32,,,,
34.113,NAV_TO_LANDING,1.9657,0.2953,0.196,,,,2.01,0.11,1.14,-0.0,-0.0765,-0.0059,-0.0076,0.216,,1.703,,,2.02,0.32,,,,
34.164,NAV_TO_LANDING,1.9643,0.2955,0.195,,,,1.95,0.06,0.53,-0.0,-0.0763,-0.005,-0.0083,0.219,,1.703,,,1.8269,0.2353,,,,
34.243,NAV_TO_LANDING,1.9612,0.2954,0.2,,,,1.87,-0.06,-0.14,0.0,-0.0745,-0.0045,-0.0073,0.219,,,,,1.8269,0.2353,,,,
34.273,NAV_TO_LANDING,1.9582,0.2953,0.199,,,,1.73,-0.1,-0.22,0.0,-0.0701,-0.0031,0.0081,0.223,,,,,1.8269,0.2353,,,,
34.33,NAV_TO_LANDING,1.955,0.2946,0.198,,,,1.61,-0.06,-0.02,0.0,-0.0686,-0.0042,0.0014,0.223,,,,,1.8269,0.2353,,,,
34.367,NAV_TO_LANDING,1.9527,0.2942,0.195,,,,1.5,-0.16,0.04,0.0,-0.0654,-0.0039,0.0009,0.227,,,,,1.8269,0.2353,,,,
34.413,NAV_TO_LANDING,1.9509,0.2945,0.196,,,,1.38,-0.11,0.12,0.0,-0.062,-0.0014,-0.0052,0.227,,,,,1.8269,0.2353,,,,
34.464,NAV_TO_LANDING,1.9481,0.2948,0.196,,,,1.24,-0.08,0.27,0.0,-0.0626,0.0009,-0.0024,0.232,,,,,1.8269,0.2353,,,,
34.513,NAV_TO_LANDING,1.9459,0.2962,0.194,,,,1.14,0.04,0.27,0.0,-0.0621,0.0053,-0.0051,0.232,,,,,1.8269,0.2353,,,,
34.567,NAV_TO_LANDING,1.9451,0.2977,0.195,,,,1.06,0.15,0.42,0.0,-0.0581,0.0087,-0.0076,0.232,,,,,1.8269,0.2353,,,,
34.625,NAV_TO_LANDING,1.9423,0.2985,0.195,,,,0.98,0.23,0.39,0.0,-0.0609,0.0084,-0.0032,0.232,,,,,1.8269,0.2353,,,,
34.703,NAV_TO_LANDING,1.9395,0.2985,0.193,,,,0.91,0.14,0.54,0.0,-0.0646,0.0055,0.0019,0.235,,,,,1.8269,0.2353,,,,
34.72,NAV_TO_LANDING,1.9378,0.2993,0.199,,,,0.91,0.19,0.55,0.0,-0.0647,0.0059,-0.0007,0.235,,1.635,,,1.8269,0.2353,,,,
34.764,NAV_TO_LANDING,1.9347,0.2995,0.197,,,,1.02,0.26,0.55,0.0,-0.0684,0.0037,0.0117,0.238,,1.635,,,1.8269,0.2353,,,,
34.826,NAV_TO_LANDING,1.9332,0.3001,0.199,,,,1.14,0.45,0.54,-0.0,-0.0668,0.0025,0.0027,0.238,,,1.48,,1.8269,0.2353,,,,
34.92,NAV_TO_LANDING,1.9299,0.301,0.2,,,,1.28,0.46,0.45,-0.0,-0.0706,0.0012,0.0095,0.243,,,1.48,,,,,,,
35.076,NAV_TO_LANDING,1.9262,0.3017,0.196,,,,1.45,0.47,0.07,-0.0,-0.0733,-0.0006,0.0077,0.243,,,1.472,,,,,,,
35.099,NAV_TO_LANDING,1.9223,0.3012,0.196,,,,1.58,0.43,-0.32,-0.0,-0.0722,-0.0057,-0.0019,0.252,,,1.472,,2.26,-1.78,,,,
35.111,NAV_TO_LANDING,1.9198,0.3016,0.196,,,,1.72,0.4,-0.7,-0.0,-0.0642,-0.0063,0.0008,0.252,,,,,2.26,-1.78,,,,
35.115,NAV_TO_LANDING,1.9169,0.3014,0.199,,,,1.81,0.34,-0.97,-0.0,-0.0558,-0.0086,-0.0007,0.245,,,,,2.26,-1.78,,,,
35.132,NAV_TO_LANDING,1.9149,0.3022,0.197,,,,1.85,0.39,-1.11,-0.0,-0.0448,-0.0072,0.0043,0.245,,,,,2.26,-1.78,,,,
35.205,NAV_TO_LANDING,1.9129,0.3014,0.198,,,,1.8,0.27,-1.04,0.0,-0.0347,-0.0112,0.0034,0.25,,,,,2.26,-1.78,,,,
35.223,NAV_TO_LANDING,1.9145,0.3014,0.2,,,,1.69,0.14,-0.72,0.0,-0.0177,-0.0103,0.0067,0.25,,,,,2.26,-1.78,,,,
35.277,NAV_TO_LANDING,1.9157,0.3015,0.197,,,,1.57,0.05,0.13,0.0,-0.0097,-0.0084,0.012,0.25,,,,,2.26,-1.78,,,,
35.338,NAV_TO_LANDING,1.916,0.3008,0.199,,,,1.43,-0.12,0.74,0.0,-0.0114,-0.0088,0.0048,0.25,,,,,2.26,-1.78,,,,
35.368,NAV_TO_LANDING,1.9172,0.3006,0.2,,,,1.29,-0.09,1.06,0.0,-0.0142,-0.0072,0.0086,0.25,,,,,2.26,-1.78,,,,
35.418,NAV_TO_LANDING,1.916,0.3008,0.201,,,,1.18,-0.03,1.26,0.0,-0.0255,-0.0052,0.0067,0.25,,1.609,1.465,,2.26,-1.78,,,,
35.463,NAV_TO_LANDING,1.9137,0.3016,0.198,,,,1.08,0.1,1.41,0.0,-0.0393,-0.0026,0.008,0.255,,1.609,1.465,,2.26,-1.78,,,,
35.513,NAV_TO_LANDING,1.9117,0.3016,0.199,,,,0.99,0.16,1.38,0.0,-0.0508,-0.0036,0.0013,0.255,,,1.456,,2.26,-1.78,,,,
35.563,NAV_TO_LANDING,1.9075,0.3015,0.2,,,,0.87,0.13,1.25,0.0,-0.0664,-0.0046,0.0027,0.259,,,1.456,,2.26,-1.78,,,,
35.645,NAV_TO_LANDING,1.9047,0.3019,0.201,,,,0.75,0.14,0.98,0.0,-0.0739,-0.004,0.0022,0.259,,1.596,1.446,,2.26,-1.78,,,,
35.669,NAV_TO_LANDING,1.9004,0.3019,0.204,,,,0.69,0.19,0.62,0.0,-0.0817,-0.005,-0.0003,0.264,,1.596,1.446,,2.26,-1.78,,,,
35.733,NAV_TO_LANDING,1.8971,0.3019,0.201,,,,0.74,0.18,0.38,0.0,-0.0835,-0.0057,0.0021,0.264,,1.591,,,2.26,-1.78,,,,
35.762,NAV_TO_LANDING,1.894,0.3008,0.199,,,,0.78,0.18,0.16,0.0,-0.0822,-0.0094,-0.0067,0.272,,1.591,,,2.26,-1.78,,,,
35.813,NAV_TO_LANDING,1.8906,0.3015,0.204,,,,0.87,0.11,0.17,-0.0,-0.0811,-0.0072,-0.0069,0.272,,,1.448,,2.26,-1.78,,,,
35.863,NAV_TO_LANDING,1.8861,0.3007,0.197,,,,0.91,0.09,0.18,-0.0,-0.0839,-0.0093,0.0031,0.276,,,1.448,,2.26,-1.78,,,,
35.919,NAV_TO_LANDING,1.8829,0.3004,0.2,,,,0.96,0.03,-0.38,0.0,-0.0798,-0.0088,-0.0103,0.276,,,,,1.8562,0.4,,,,
35.993,NAV_TO_LANDING,1.8779,0.2998,0.199,,,,0.97,-0.01,-0.69,0.0,-0.0777,-0.0094,0.0018,0.281,,,,,1.8562,0.4,,,,
36.015,NAV_TO_LANDING,1.8755,0.2987,0.199,,,,1.0,-0.69,-0.74,0.0,-0.0675,-0.0082,-0.0008,0.281,,,,,1.8562,0.4,,,,
36.066,NAV_TO_LANDING,1.8739,0.2984,0.2,,,,1.03,-1.17,-0.67,0.0,-0.0562,0.0004,0.0024,0.287,,,,,1.8562,0.4,,,,
36.112,NAV_TO_LANDING,1.8708,0.2986,0.201,,,,1.06,-1.44,-0.66,0.0,-0.0519,0.0122,0.0028,0.287,,1.601,,,1.8562,0.4,,,,
36.162,NAV_TO_LANDING,1.8688,0.2988,0.202,,,,1.11,-1.7,-0.62,0.0,-0.0449,0.0237,0.0056,0.292,,1.601,,,1.8562,0.4,,,,
36.213,NAV_TO_LANDING,1.8671,0.3005,0.201,,,,1.18,-1.79,-0.56,0.0,-0.0387,0.0396,0.0059,0.292,,,,,1.8562,0.4,,,,
36.308,NAV_TO_LANDING,1.8659,0.3034,0.199,,,,1.28,-1.72,-0.52,0.0,-0.0322,0.0569,0.0026,0.293,,,,,1.8562,0.4,,,,
36.326,NAV_TO_LANDING,1.8648,0.307,0.203,,,,1.31,-1.53,-0.48,0.0,-0.027,0.0722,0.0004,0.293,,1.579,1.449,,1.8562,0.4,,,,
36.377,NAV_TO_LANDING,1.8643,0.3115,0.205,,,,1.28,-1.36,-0.2,0.0,-0.0217,0.0867,0.0103,0.296,,1.579,1.449,,1.8562,0.4,,,,
36.418,NAV_TO_LANDING,1.8641,0.316,0.205,,,,1.26,-1.07,0.0,0.0,-0.0187,0.0961,0.0111,0.296,,,,,1.8562,0.4,,,,
36.463,NAV_TO_LANDING,1.8636,0.3206,0.206,,,,1.22,-0.79,0.01,0.0,-0.0179,0.1021,0.0097,0.3,,,,,1.8562,0.4,,,,
36.513,NAV_TO_LANDING,1.8631,0.3269,0.204,,,,1.2,-0.61,0.09,0.0,-0.0169,0.1111,0.0071,0.3,,,,,1.8562,0.4,,,,
36.563,NAV_TO_LANDING,1.8633,0.3321,0.202,,,,1.17,-0.26,0.14,0.0,-0.0148,0.1127,0.0017,0.309,,,,,1.8562,0.4,,,,
36.646,NAV_TO_LANDING,1.8625,0.3385,0.204,,,,1.12,-0.12,0.19,0.0,-0.0162,0.1169,-0.0032,0.309,,1.56,,,1.8562,0.4,,,,
36.663,NAV_TO_LANDING,1.8619,0.3438,0.203,,,,1.03,0.17,0.12,0.0,-0.0167,0.1142,-0.0026,0.31,,1.56,,,1.8562,0.4,,,,
36.715,NAV_TO_LANDING,1.8615,0.3489,0.204,,,,0.95,0.21,0.12,0.0,-0.0163,0.1106,-0.0063,0.31,,,1.464,,1.8562,0.4,,,,
36.764,NAV_TO_LANDING,1.8607,0.3538,0.205,,,,0.92,0.28,-0.02,0.0,-0.0165,0.1064,-0.0056,0.316,,,1.464,,1.8562,0.4,,,,
36.813,NAV_TO_LANDING,1.8592,0.3591,0.204,,,,0.93,0.22,-0.02,0.0,-0.018,0.1045,-0.0038,0.316,,,,,1.8562,0.4,,,,
36.863,NAV_TO_LANDING,1.8584,0.3633,0.204,,,,1.0,0.12,0.08,0.0,-0.0182,0.1,-0.0044,0.325,,,,,1.8562,0.4,,,,
36.913,NAV_TO_LANDING,1.8577,0.3685,0.204,,,,1.07,0.1,0.01,0.0,-0.0177,0.0997,-0.0051,0.325,,1.517,,,1.8562,0.4,,,,
37.034,NAV_TO_LANDING,1.8566,0.3733,0.202,,,,1.14,0.06,0.02,0.0,-0.0184,0.0983,-0.0059,0.337,,1.517,,,,,,,,
37.073,NAV_TO_LANDING,1.8562,0.3786,0.205,,,,1.14,0.05,0.09,-0.0,-0.0174,0.0991,-0.0088,0.337,,,1.489,,2.5,-2.3,,,,
37.084,NAV_TO_LANDING,1.8555,0.3838,0.204,,,,1.14,0.06,0.19,-0.0,-0.0185,0.0995,0.0013,,,,1.489,,2.5,-2.3,,,,
37.127,NAV_TO_LANDING,1.8549,0.3899,0.206,,,,1.16,0.6,0.16,0.0,-0.0185,0.1006,-0.0019,,,,1.502,,2.5,-2.3,,,,
37.189,NAV_TO_LANDING,1.8546,0.3949,0.204,,,,1.17,1.4,0.04,0.0,-0.0171,0.0923,0.0065,,,,1.502,,2.5,-2.3,,,,
37.217,NAV_TO_LANDING,1.8534,0.3998,0.203,,,,1.19,3.89,-0.47,0.0,-0.0163,0.0702,0.0,,,,,,2.5,-2.3,,,,
37.291,NAV_TO_LANDING,1.8526,0.4032,0.202,,,,1.18,5.38,-0.81,0.0,-0.0095,0.0296,-0.0059,,,,,,2.5,-2.3,,,,
37.328,NAV_TO_LANDING,1.8527,0.4046,0.202,,,,1.14,6.08,-0.97,0.0,0.0007,-0.0177,-0.0088,,,,,,2.5,-2.3,,,,
37.369,NAV_TO_LANDING,1.8528,0.4019,0.202,,,,1.15,6.17,-1.01,0.0,0.0103,-0.0746,-0.008,,,,,,2.5,-2.3,,,,
37.413,NAV_TO_LANDING,1.8539,0.3974,0.201,,,,1.22,5.87,-1.06,0.0,0.0218,-0.125,-0.0079,,,1.476,,,2.5,-2.3,,,,
37.463,NAV_TO_LANDING,1.8558,0.3893,0.202,,,,1.31,5.28,-1.03,0.0,0.034,-0.1747,-0.0085,,,1.476,,,2.5,-2.3,,,,
37.513,NAV_TO_LANDING,1.8575,0.3807,0.201,,,,1.41,4.4,-0.85,0.0,0.0425,-0.2128,-0.0036,,,,,,2.5,-2.3,,,,
37.563,NAV_TO_LANDING,1.8593,0.3711,0.2,,,,1.54,3.55,-0.67,0.0,0.0483,-0.2412,-0.0042,,,,,,2.5,-2.3,,,,
37.635,NAV_TO_LANDING,1.8627,0.3568,0.2,,,,1.67,2.79,-0.53,0.0,0.057,-0.272,-0.0044,,,,,,2.5,-2.3,,,,
37.673,NAV_TO_LANDING,1.8655,0.3451,0.202,,,,1.78,2.03,-0.5,0.0,0.0614,-0.2846,-0.0065,0.305,,,,,2.5,-2.3,,,,
37.713,NAV_TO_LANDING,1.8695,0.3313,0.198,,,,1.79,1.43,-0.49,0.0,0.068,-0.295,-0.0042,0.305,,1.537,,,2.5,-2.3,,,,
37.762,NAV_TO_LANDING,1.8733,0.3185,0.198,,,,1.8,0.87,-0.47,0.0,0.0735,-0.2964,-0.0129,0.281,,1.537,,,2.5,-2.3,,,,
37.813,NAV_TO_LANDING,1.8766,0.3064,0.2,,,,1.84,0.5,-0.4,0.0,0.076,-0.2928,-0.01,0.281,,,,,2.5,-2.3,,,,
37.863,NAV_TO_LANDING,1.8814,0.2937,0.199,,,,1.89,0.25,-0.46,0.0,0.0824,-0.2874,-0.0069,0.275,,,,,2.5,-2.3,,,,
37.954,NAV_TO_LANDING,1.8867,0.2792,0.198,,,,1.92,0.19,-0.41,0.0,0.0898,-0.2884,-0.009,0.275,,1.572,,,2.5,-2.3,,,,
37.965,NAV_TO_LANDING,1.8913,0.2675,0.194,,,,1.92,0.08,-0.23,0.0,0.0929,-0.2806,-0.0076,0.264,,1.572,,,2.5,-2.3,,,,
38.024,NAV_TO_LANDING,1.8962,0.2568,0.201,,,,1.89,0.04,0.07,0.0,0.0946,-0.2701,-0.0084,0.264,,,,,2.5,-2.3,,,,
38.063,NAV_TO_LANDING,1.9007,0.245,0.196,,,,1.85,0.31,0.43,0.0,0.0915,-0.2654,0.0125,0.261,,,,,2.5,-2.3,,,,
38.112,NAV_TO_LANDING,1.9064,0.2331,0.196,,,,1.82,0.66,0.75,0.0,0.0901,-0.2656,0.0003,0.261,,,,,2.5,-2.3,,,,
38.168,NAV_TO_LANDING,1.9113,0.2226,0.199,,,,1.83,0.84,0.88,0.0,0.0845,-0.2638,0.0041,0.248,,,,,2.5,-2.3,,,,
38.221,NAV_TO_LANDING,1.9163,0.2093,0.201,,,,1.85,0.95,1.02,0.0,0.079,-0.2721,0.0096,0.248,,,,,2.5,-2.3,,,,
38.288,NAV_TO_LANDING,1.9203,0.1975,0.201,,,,1.94,0.97,1.03,0.0,0.0711,-0.2754,0.0128,0.238,,,,,2.5,-2.3,,,,
38.316,NAV_TO_LANDING,1.925,0.1859,0.198,,,,2.05,-0.38,1.4,0.0,0.0655,-0.273,0.0109,0.238,,,,,2.5,-2.3,,,,
38.363,NAV_TO_LANDING,1.9289,0.1728,0.2,,,,2.11,-2.52,2.28,0.0,0.0504,-0.2572,0.0073,0.24,,,,,2.5,-2.3,,,,
38.412,NAV_TO_LANDING,1.9306,0.1617,0.203,,,,2.26,-3.54,2.43,0.0,0.027,-0.2269,0.0092,0.24,,,,,2.5,-2.3,,,,
38.462,NAV_TO_LANDING,1.9321,0.1503,0.201,,,,2.42,-4.02,2.4,0.0,0.0066,-0.1964,0.012,0.245,,,,,2.5,-2.3,,,,
38.512,NAV_TO_LANDING,1.9319,0.1427,0.202,,,,2.55,-4.18,2.1,0.0,-0.0144,-0.1581,0.0033,0.245,,,,,2.5,-2.3,,,,
38.598,NAV_TO_LANDING,1.9317,0.1369,0.201,,,,2.75,-4.03,1.84,0.0,-0.0304,-0.1204,0.0048,0.233,1.647,,,,2.5,-2.3,,,,
38.613,NAV_TO_LANDING,1.9306,0.1325,0.202,,,,2.93,-3.57,1.65,0.0,-0.0448,-0.0872,0.0025,0.233,1.647,,,,2.5,-2.3,,,,
38.67,NAV_TO_LANDING,1.9293,0.1307,0.202,,,,3.06,-3.15,1.16,0.0,-0.0545,-0.0556,0.0048,0.226,,,,,2.5,-2.3,,,,
38.713,NAV_TO_LANDING,1.9273,0.1288,0.201,,,,3.11,-2.66,0.93,0.0,-0.062,-0.032,0.0017,0.226,,1.79,,,2.5,-2.3,,,,
38.762,NAV_TO_LANDING,1.9252,0.129,0.202,,,,3.05,-2.21,0.62,0.0,-0.0664,-0.0099,-0.0023,0.227,1.578,1.79,,,2.5,-2.3,,,,
38.813,NAV_TO_LANDING,1.9221,0.1293,0.204,,,,2.9,-1.7,0.41,0.0,-0.0703,0.0071,0.0006,0.227,1.578,,,,2.5,-2.3,,,,
38.868,NAV_TO_LANDING,1.9209,0.1309,0.203,,,,2.74,-1.22,0.21,-0.0,-0.0661,0.0182,0.0022,0.238,,,,,2.5,-2.3,,,,
38.919,NAV_TO_LANDING,1.9176,0.1321,0.203,,,,2.53,-0.68,0.11,-0.0,-0.0678,0.0263,-0.0024,0.238,,,,,1.8827,0.278,,,,
38.988,NAV_TO_LANDING,1.9152,0.1332,0.203,,,,2.33,-0.24,-0.43,0.0,-0.0631,0.0281,-0.0019,0.241,,,,,1.8827,0.278,,,,
39.012,NAV_TO_LANDING,1.9139,0.1342,0.203,,,,2.14,0.12,-0.83,0.0,-0.0514,0.0255,-0.0041,0.241,,,,,1.8827,0.278,,,,
39.062,NAV_TO_LANDING,1.9128,0.1355,0.203,,,,1.95,0.3,-0.48,0.0,-0.0416,0.0223,-0.0067,0.241,,,,,1.8827,0.278,,,,
39.112,NAV_TO_LANDING,1.9131,0.1361,0.203,,,,1.85,0.46,-0.13,0.0,-0.032,0.0158,-0.006,0.241,,,,,1.8827,0.278,,,,
39.162,NAV_TO_LANDING,1.9145,0.1369,0.201,,,,1.79,0.55,0.2,0.0,-0.0238,0.0095,-0.0067,0.24,,,,,1.8827,0.278,,,,
39.247,NAV_TO_LANDING,1.9152,0.1358,0.203,,,,1.81,0.46,0.47,0.0,-0.0213,-0.0002,-0.0117,0.24,,,,,1.8827,0.278,,,,
39.263,NAV_TO_LANDING,1.9163,0.1349,0.203,,,,1.87,0.43,0.7,0.0,-0.02,-0.0076,-0.0074,0.239,1.716,,,,1.8827,0.278,,,,
39.331,NAV_TO_LANDING,1.9165,0.1327,0.2,,,,1.85,0.48,0.95,0.0,-0.0233,-0.017,-0.0067,0.239,1.716,,,,1.8827,0.278,,,,
39.367,NAV_TO_LANDING,1.9177,0.13,0.2,,,,1.81,0.26,1.27,0.0,-0.0258,-0.0257,-0.012,0.237,,,,,1.8827,0.278,,,,
39.413,NAV_TO_LANDING,1.9175,0.1283,0.198,,,,1.72,0.14,1.29,0.0,-0.0333,-0.0287,-0.0087,0.237,,,,,1.8827,0.278,,,,
39.462,NAV_TO_LANDING,1.9171,0.1247,0.2,,,,1.6,-0.1,1.33,0.0,-0.0406,-0.035,-0.0122,0.241,,,,,1.8827,0.278,,,,
39.515,NAV_TO_LANDING,1.916,0.1223,0.2,,,,1.5,-0.28,1.3,0.0,-0.0485,-0.0354,-0.0053,0.241,,,,,1.8827,0.278,,,,
39.567,NAV_TO_LANDING,1.9136,0.1191,0.198,,,,1.45,-0.47,1.15,0.0,-0.0587,-0.0363,-0.0069,0.243,,,,,1.8827,0.278,,,,
39.626,NAV_TO_LANDING,1.9114,0.1169,0.201,,,,1.39,-0.56,1.05,-0.0,-0.0656,-0.033,-0.0086,0.243,,,,,1.8827,0.278,,,,
39.756,NAV_TO_LANDING,1.9092,0.1152,0.197,,,,1.36,-0.65,0.77,-0.0,-0.0699,-0.028,0.0014,0.247,,,,,,,,,,
39.825,NAV_TO_LANDING,1.9058,0.1135,0.197,,,,1.28,-0.6,0.09,-0.0,-0.0725,-0.0235,-0.0068,0.247,,,,,,,,,,
39.844,NAV_TO_LANDING,1.9028,0.1119,0.198,,,,1.26,-0.51,-0.36,-0.0,-0.0695,-0.0203,-0.0045,0.25,,,,,2.5,-2.3,,,,
39.852,NAV_TO_LANDING,1.9012,0.1109,0.2,,,,1.32,-0.47,-0.65,-0.0,-0.0594,-0.0164,0.0011,0.25,,,,,2.5,-2.3,,,,
39.865,NAV_TO_LANDING,1.8989,0.1104,0.2,,,,1.3,-0.36,-0.87,-0.0,-0.0509,-0.012,0.0027,0.258,,,,,2.5,-2.3,,,,
39.919,NAV_TO_LANDING,1.8961,0.1093,0.196,,,,1.33,-0.31,-0.97,0.0,-0.0443,-0.0109,0.0004,0.258,,,,,2.5,-2.3,,,,
39.978,NAV_TO_LANDING,1.8942,0.1092,0.2,,,,1.26,-0.4,-0.73,0.0,-0.0347,-0.0063,-0.0062,0.26,,,,,2.5,-2.3,,,,
40.012,NAV_TO_LANDING,1.8941,0.1085,0.196,,,,1.18,-0.33,-0.12,0.0,-0.0267,-0.0044,0.002,0.26,,1.791,,,2.5,-2.3,,,,
40.061,NAV_TO_LANDING,1.8946,0.108,0.2,,,,1.08,-0.27,0.42,0.0,-0.0225,-0.0033,-0.0064,0.262,,1.791,,,2.5,-2.3,,,,
40.111,NAV_TO_LANDING,1.8945,0.1078,0.197,,,,1.02,-0.2,0.71,0.0,-0.0258,-0.0015,0.0026,0.262,,,,,2.5,-2.3,,,,
40.163,NAV_TO_LANDING,1.8948,0.1075,0.198,,,,1.04,-0.01,1.11,0.0,-0.0285,-0.0005,-0.0037,0.264,,,,,2.5,-2.3,,,,
40.216,NAV_TO_LANDING,1.8931,0.1078,0.199,,,,1.06,0.05,1.25,0.0,-0.0407,-0.0012,0.0007,0.264,,,,,2.5,-2.3,,,,
40.276,NAV_TO_LANDING,1.8905,0.1088,0.201,,,,1.06,0.07,1.53,0.0,-0.0537,0.0015,0.003,0.265,,,,,2.5,-2.3,,,,
40.312,NAV_TO_LANDING,1.8878,0.1092,0.199,,,,1.04,0.09,1.3,0.0,-0.0649,0.0021,0.0035,0.265,,,,,2.5,-2.3,,,,
40.361,NAV_TO_LANDING,1.8839,0.1097,0.199,,,,1.03,-0.03,1.1,0.0,-0.0734,0.0009,0.0001,0.27,1.667,,,,2.5,-2.3,,,,
40.412,NAV_TO_LANDING,1.8803,0.11,0.198,,,,1.17,-0.02,0.74,0.0,-0.0828,0.0015,0.0004,0.27,1.667,1.785,,,2.5,-2.3,,,,
40.472,NAV_TO_LANDING,1.8757,0.1095,0.199,,,,1.25,-0.04,0.52,0.0,-0.088,0.0032,-0.0012,0.279,1.648,1.785,,,2.5,-2.3,,,,
40.542,NAV_TO_LANDING,1.8717,0.1101,0.194,,,,1.34,-0.07,0.37,0.0,-0.093,0.0021,0.0021,0.279,1.648,,1.244,,2.5,-2.3,,,,
40.562,NAV_TO_LANDING,1.866,0.1101,0.195,,,,1.48,0.02,0.3,-0.0,-0.0943,0.0022,-0.0076,0.283,1.61,,1.244,,2.5,-2.3,,,,
40.642,NAV_TO_LANDING,1.8613,0.1099,0.199,,,,1.6,0.11,-0.32,-0.0,-0.0946,0.0012,0.0028,0.283,1.61,,1.249,,1.8229,0.2549,,,,
40.665,NAV_TO_LANDING,1.8585,0.1099,0.199,,,,1.66,0.21,-0.89,0.0,-0.0844,0.0016,0.0084,0.283,,,1.249,,1.8229,0.2549,,,,
40.712,NAV_TO_LANDING,1.8553,0.1108,0.199,,,,1.7,-0.27,-1.24,0.0,-0.0708,0.0017,0.0028,0.283,,1.777,,,1.8229,0.2549,,,,
40.762,NAV_TO_LANDING,1.8533,0.1101,0.202,,,,1.73,-0.7,-1.21,0.0,-0.0587,0.0056,0.0031,0.293,1.603,1.777,,,1.8229,0.2549,,,,
40.848,NAV_TO_LANDING,1.8506,0.1103,0.2,,,,1.79,-0.94,-1.01,0.0,-0.0493,0.0125,0.0059,0.293,1.603,,,,1.8229,0.2549,,,,
40.871,NAV_TO_LANDING,1.8489,0.1114,0.201,,,,1.75,-1.19,-0.99,0.0,-0.0392,0.0232,-0.0019,0.295,,,,,1.8229,0.2549,,,,
40.922,NAV_TO_LANDING,1.8468,0.112,0.2,,,,1.7,-1.33,-0.83,0.0,-0.0328,0.0319,-0.0016,0.295,,,1.251,,1.8229,0.2549,,,,
40.978,NAV_TO_LANDING,1.8457,0.1147,0.199,,,,1.63,-1.35,-0.77,0.0,-0.024,0.0483,-0.0062,0.298,1.677,,1.251,,1.8229,0.2549,,,,
41.011,NAV_TO_LANDING,1.8455,0.1186,0.201,,,,1.53,-1.3,-0.71,0.0,-0.0155,0.0638,-0.0105,0.298,1.677,,1.243,,1.8229,0.2549,,,,
41.062,NAV_TO_LANDING,1.8455,0.1229,0.202,,,,1.4,-1.15,-0.52,0.0,-0.0083,0.0746,-0.0057,0.299,,,1.243,,1.8229,0.2549,,,,
41.111,NAV_TO_LANDING,1.8459,0.1264,0.199,,,,1.26,-1.07,-0.31,0.0,-0.0023,0.0813,-0.0052,0.299,,,1.24,,1.8229,0.2549,,,,
41.197,NAV_TO_LANDING,1.8459,0.1313,0.198,,,,1.02,-0.81,0.16,0.0,-0.002,0.0919,-0.0077,0.298,,,1.24,,1.8229,0.2549,,,,
41.211,NAV_TO_LANDING,1.8469,0.1355,0.195,,,,0.83,-0.61,0.49,0.0,-0.0015,0.0963,-0.006,0.298,,,,,1.8229,0.2549,,,,
41.267,NAV_TO_LANDING,1.8471,0.1406,0.198,,,,0.71,-0.35,0.68,0.0,-0.0054,0.1013,-0.0087,0.299,,,,,1.8229,0.2549,,,,
41.312,NAV_TO_LANDING,1.8469,0.1448,0.198,,,,0.6,-0.23,0.61,0.0,-0.0103,0.1008,0.0012,0.299,,1.766,,,1.8229,0.2549,,,,
41.362,NAV_TO_LANDING,1.846,0.1492,0.199,,,,0.57,-0.22,0.71,0.0,-0.0163,0.1008,0.0022,0.299,,1.766,,,1.8229,0.2549,,,,
41.412,NAV_TO_LANDING,1.8448,0.1546,0.197,,,,0.64,-0.01,0.72,0.0,-0.0235,0.103,0.0061,0.299,,,1.258,,1.8229,0.2549,,,,
41.462,NAV_TO_LANDING,1.8435,0.1592,0.197,,,,0.78,0.12,0.75,0.0,-0.0298,0.1002,-0.0018,0.309,,,1.258,,1.8229,0.2549,,,,
41.525,NAV_TO_LANDING,1.8414,0.1636,0.197,,,,0.93,0.04,0.56,0.0,-0.0372,0.0975,0.0022,0.309,,,,,1.8229,0.2549,,,,
41.562,NAV_TO_LANDING,1.8388,0.1673,0.197,,,,1.04,0.09,0.45,0.0,-0.0434,0.0938,0.0038,0.319,,,,,1.8229,0.2549,,,,
41.613,NAV_TO_LANDING,1.8362,0.1719,0.202,,,,1.09,0.07,0.32,0.0,-0.0481,0.0927,0.0047,0.319,,,,,1.8229,0.2549,,,,
41.661,NAV_TO_LANDING,1.8336,0.1768,0.198,,,,1.13,0.12,0.17,0.0,-0.051,0.0928,0.0154,0.324,,,,,1.8229,0.2549,,,,
41.712,NAV_TO_LANDING,1.8305,0.1806,0.203,,,,1.18,0.1,-0.01,0.0,-0.0532,0.0891,0.0046,0.324,,,,,1.8229,0.2549,,,,
41.762,NAV_TO_LANDING,1.8275,0.1832,0.203,,,,1.2,0.1,-0.22,0.0,-0.0552,0.0848,0.0139,0.335,,,,,1.8229,0.2549,,,,
41.841,NAV_TO_LANDING,1.825,0.1872,0.202,,,,1.24,-0.1,-0.43,0.0,-0.0513,0.0839,0.0071,0.335,,,1.295,,1.8229,0.2549,,,,
41.867,NAV_TO_LANDING,1.8227,0.1906,0.206,,,,1.34,-0.13,-0.63,0.0,-0.0461,0.0823,0.002,0.335,,,1.295,,1.8229,0.2549,,,,
41.913,NAV_TO_LANDING,1.8201,0.1939,0.204,,,,1.42,-0.14,-0.8,0.0,-0.0411,0.0805,0.0058,0.335,,,,,1.8229,0.2549,,,,
41.961,NAV_TO_LANDING,1.8187,0.1982,0.201,,,,1.47,-0.27,-0.87,0.0,-0.0322,0.0838,-0.0042,0.334,,,,,1.8229,0.2549,,,,
42.012,NAV_TO_LANDING,1.817,0.2014,0.199,,,,1.55,-0.17,-0.94,0.0,-0.0249,0.0817,-0.011,0.334,,,,,1.8229,0.2549,,,,
42.061,NAV_TO_LANDING,1.8162,0.2048,0.2,,,,1.57,-0.26,-0.98,0.0,-0.0157,0.0809,-0.0171,0.331,,,,,1.8229,0.2549,,,,
42.112,NAV_TO_LANDING,1.8161,0.2079,0.2,,,,1.63,-0.2,-0.97,0.0,-0.0053,0.0796,-0.0124,0.331,,,,,1.8229,0.2549,,,,
42.161,NAV_TO_LANDING,1.8158,0.2122,0.2,,,,1.74,-0.29,-0.72,0.0,0.0011,0.0829,-0.0095,0.329,,,,,1.8229,0.2549,,,,
42.217,NAV_TO_LANDING,1.8167,0.2152,0.2,,,,1.79,-0.24,-0.64,0.0,0.0091,0.081,-0.0101,0.329,,,,,1.8229,0.2549,,,,
42.261,NAV_TO_LANDING,1.8174,0.2193,0.2,,,,1.85,-0.39,-0.36,0.0,0.0138,0.0839,-0.0072,0.326,,,,,1.8229,0.2549,,,,
42.312,NAV_TO_LANDING,1.8186,0.2229,0.196,,,,1.86,-0.44,-0.16,0.0,0.0169,0.0851,-0.0054,0.326,,,,,1.8229,0.2549,,,,
42.415,NAV_TO_LANDING,1.819,0.2276,0.198,,,,1.83,-0.54,-0.04,0.0,0.0163,0.0912,-0.0127,0.325,,,,,2.5,-2.3,,,,
42.437,NAV_TO_LANDING,1.8197,0.2314,0.197,,,,1.8,-0.5,0.09,-0.0,0.0154,0.0931,0.0005,0.325,,,,,2.5,-2.3,,,,
42.471,NAV_TO_LANDING,1.8205,0.2355,0.197,,,,1.77,0.08,0.26,0.0,0.0143,0.093,-0.0002,0.318,,,,,2.5,-2.3,,,,
42.527,NAV_TO_LANDING,1.8205,0.2402,0.198,,,,1.69,1.05,0.43,0.0,0.0089,0.0877,0.0071,0.318,,,,,2.5,-2.3,,,,
42.565,NAV_TO_LANDING,1.8204,0.245,0.2,,,,1.69,3.54,-0.01,0.0,0.0061,0.0681,0.0111,0.32,,,,,2.5,-2.3,,,,
42.611,NAV_TO_LANDING,1.8204,0.2488,0.197,,,,1.73,5.23,-0.36,0.0,0.0078,0.0315,0.0072,0.32,,,,,2.5,-2.3,,,,
42.661,NAV_TO_LANDING,1.8213,0.2492,0.199,,,,1.72,6.03,-0.66,0.0,0.0153,-0.0182,-0.0022,0.316,,,,,2.5,-2.3,,,,
42.711,NAV_TO_LANDING,1.821,0.2466,0.197,,,,1.69,6.17,-0.81,0.0,0.0197,-0.076,0.0043,0.316,,,,,2.5,-2.3,,,,
42.779,NAV_TO_LANDING,1.8218,0.2416,0.198,,,,1.65,5.95,-0.92,0.0,0.0278,-0.1297,-0.0025,0.318,,,,,2.5,-2.3,,,,
42.816,NAV_TO_LANDING,1.8236,0.2338,0.199,,,,1.62,5.3,-0.95,0.0,0.0382,-0.1789,0.0024,0.318,,1.644,,,2.5,-2.3,,,,
42.861,NAV_TO_LANDING,1.826,0.2241,0.199,,,,1.52,4.54,-0.77,0.0,0.0476,-0.2201,0.0062,0.319,,1.644,,,2.5,-2.3,,,,
42.911,NAV_TO_LANDING,1.8298,0.2104,0.2,,,,1.3,3.79,-0.58,0.0,0.0581,-0.26,0.002,0.319,,1.682,,,2.5,-2.3,,,,
42.961,NAV_TO_LANDING,1.8325,0.1979,0.2,,,,1.16,2.89,-0.54,0.0,0.0626,-0.2853,0.0039,0.32,,1.682,,,2.5,-2.3,,,,
43.012,NAV_TO_LANDING,1.8349,0.1855,0.198,,,,1.09,2.09,-0.42,0.0,0.0643,-0.2993,0.0023,0.32,,1.703,1.279,,2.5,-2.3,,,,
43.096,NAV_TO_LANDING,1.8388,0.1715,0.199,,,,1.04,1.33,-0.39,0.0,0.0705,-0.3077,-0.0019,0.315,,1.703,1.279,,2.5,-2.3,,,,
43.112,NAV_TO_LANDING,1.8433,0.157,0.202,,,,1.03,0.82,-0.26,0.0,0.0764,-0.3113,0.0048,0.315,,1.714,,,2.5,-2.3,,,,
43.17,NAV_TO_LANDING,1.848,0.1417,0.197,,,,1.02,0.49,-0.17,0.0,0.081,-0.314,0.0112,0.302,,1.714,,,2.5,-2.3,,,,
43.214,NAV_TO_LANDING,1.8532,0.1289,0.202,,,,1.03,0.19,-0.3,0.0,0.087,-0.3064,0.0014,0.302,,,1.241,,2.5,-2.3,,,,
43.262,NAV_TO_LANDING,1.8579,0.1165,0.202,,,,1.08,0.07,-0.08,0.0,0.0898,-0.2969,0.0174,0.282,,,1.241,,2.5,-2.3,,,,
43.31,NAV_TO_LANDING,1.8628,0.1034,0.203,,,,1.2,-0.01,0.06,0.0,0.0907,-0.2909,0.0122,0.282,,,,,2.5,-2.3,,,,
43.366,NAV_TO_LANDING,1.8681,0.0915,0.205,,,,1.39,0.03,0.21,0.0,0.0919,-0.2821,0.0081,0.274,,,,,2.5,-2.3,,,,
43.429,NAV_TO_LANDING,1.8731,0.0794,0.203,,,,1.58,0.03,0.23,0.0,0.0916,-0.2754,0.0105,0.274,,,1.213,,2.5,-2.3,,,,
43.462,NAV_TO_LANDING,1.8794,0.0655,0.202,,,,1.8,0.18,0.32,0.0,0.0947,-0.2776,0.0007,0.271,,,1.213,,2.5,-2.3,,,,
43.516,NAV_TO_LANDING,1.884,0.0543,0.201,,,,2.02,0.28,0.42,0.0,0.0913,-0.2712,-0.0001,0.271,,1.857,1.217,,2.5,-2.3,,,,
43.561,NAV_TO_LANDING,1.889,0.0421,0.203,,,,2.17,0.34,0.56,0.0,0.0888,-0.2697,-0.0053,0.252,,1.857,1.217,,2.5,-2.3,,,,
43.612,NAV_TO_LANDING,1.8942,0.0307,0.202,,,,2.26,0.34,0.51,0.0,0.0869,-0.267,-0.0031,0.252,,1.879,,,2.5,-2.3,,,,
43.661,NAV_TO_LANDING,1.8991,0.0193,0.204,,,,2.25,0.3,0.54,0.0,0.0845,-0.2639,-0.0088,0.245,0.56,1.879,,,2.5,-2.3,,,,
43.744,NAV_TO_LANDING,1.9031,0.0054,0.202,,,,2.14,0.32,0.58,0.0,0.079,-0.2685,-0.0075,0.245,0.56,1.904,,,2.5,-2.3,,,,
43.76,NAV_TO_LANDING,1.9081,-0.0059,0.201,,,,2.03,0.28,0.5,0.0,0.0783,-0.2656,-0.0116,0.269,0.546,1.904,,,2.5,-2.3,,,,
43.815,NAV_TO_LANDING,1.9124,-0.0179,0.2,,,,1.89,-1.15,1.05,0.0,0.0734,-0.2597,-0.0041,0.269,0.546,,,,2.5,-2.3,,,,
43.86,NAV_TO_LANDING,1.9159,-0.03,0.205,,,,1.79,-2.81,2.03,0.0,0.0581,-0.2387,-0.0008,0.241,0.54,,,,2.5,-2.3,,,,
43.911,NAV_TO_LANDING,1.9195,-0.0398,0.203,,,,1.71,-3.71,2.34,0.0,0.0411,-0.2064,0.0016,0.241,0.54,,,,2.5,-2.3,,,,
43.961,NAV_TO_LANDING,1.9218,-0.0464,0.205,,,,1.63,-4.14,2.51,0.0,0.0209,-0.1652,-0.0077,0.224,0.54,,,,2.5,-2.3,,,,
44.011,NAV_TO_LANDING,1.9235,-0.0534,0.204,,,,1.52,-4.07,2.35,0.0,0.0024,-0.1299,-0.0094,0.224,0.54,,,,2.5,-2.3,,,,
44.061,NAV_TO_LANDING,1.9241,-0.0562,0.202,,,,1.55,-3.83,2.23,0.0,-0.0162,-0.0894,-0.0118,0.219,0.541,,,,2.5,-2.3,,,,
44.123,NAV_TO_LANDING,1.9227,-0.0596,0.199,,,,1.55,-3.29,2.01,0.0,-0.0361,-0.0579,-0.0155,0.219,0.541,,1.204,,2.5,-2.3,,,,
44.192,NAV_TO_LANDING,1.9211,-0.0597,0.198,,,,1.5,-2.83,1.67,0.0,-0.0512,-0.027,-0.0209,0.217,0.539,,1.204,,2.5,-2.3,,,,
44.221,NAV_TO_LANDING,1.9188,-0.0582,0.2,,,,1.5,-2.31,1.27,0.0,-0.0633,0.0005,-0.0172,0.217,0.539,,,,2.5,-2.3,,,,
44.261,NAV_TO_LANDING,1.9152,-0.0547,0.196,,,,1.54,-1.53,1.03,0.0,-0.0744,0.0246,-0.0083,0.223,0.533,,,,2.5,-2.3,,,,
44.322,NAV_TO_LANDING,1.9134,-0.0516,0.197,,,,1.73,-0.9,0.86,0.0,-0.0775,0.0366,-0.0146,0.223,0.533,1.986,,,2.5,-2.3,,,,
44.371,NAV_TO_LANDING,1.9111,-0.0486,0.196,,,,1.93,-0.24,0.71,0.0,-0.08,0.0421,-0.0067,0.231,0.527,1.986,,,2.5,-2.3,,,,
44.422,NAV_TO_LANDING,1.9085,-0.0455,0.196,,,,2.14,0.39,0.47,-0.0,-0.0808,0.0418,-0.0088,0.231,0.527,,,,2.5,-2.3,,,,
44.461,NAV_TO_LANDING,1.905,-0.0451,0.194,,,,2.3,0.7,-0.11,-0.0,-0.0801,0.0321,-0.0075,0.236,0.521,,,,1.8705,0.0996,,,,
44.511,NAV_TO_LANDING,1.9014,-0.0436,0.196,,,,2.47,0.83,-0.51,0.0,-0.0752,0.0248,-0.0055,0.236,0.521,1.976,,,1.8705,0.0996,,,,
44.561,NAV_TO_LANDING,1.8974,-0.0425,0.198,,,,2.54,0.74,-0.28,0.0,-0.0722,0.0184,0.001,0.245,0.516,1.976,,,1.8705,0.0996,,,,
44.612,NAV_TO_LANDING,1.8948,-0.0423,0.196,,,,2.61,0.66,-0.07,0.0,-0.0678,0.0106,0.0014,0.245,0.516,,,,1.8705,0.0996,,,,
44.694,NAV_TO_LANDING,1.8917,-0.0419,0.196,,,,2.62,0.53,0.07,0.0,-0.0667,0.0054,-0.0013,0.244,0.513,,,,1.8705,0.0996,,,,
44.711,NAV_TO_LANDING,1.8896,-0.043,0.197,,,,2.61,0.33,0.19,0.0,-0.0641,-0.0022,0.0005,0.244,0.513,1.967,,,1.8705,0.0996,,,,
44.768,NAV_TO_LANDING,1.8866,-0.0435,0.198,,,,2.52,0.32,0.13,0.0,-0.0647,-0.0061,-0.0025,0.25,0.505,1.967,,,1.8705,0.0996,,,,
44.811,NAV_TO_LANDING,1.884,-0.0446,0.198,,,,2.39,0.22,0.28,0.0,-0.0641,-0.0111,0.0015,0.25,0.505,1.953,,,1.8705,0.0996,,,,
44.862,NAV_TO_LANDING,1.8802,-0.0449,0.197,,,,2.25,0.03,0.29,0.0,-0.0683,-0.0112,0.0004,0.257,0.503,1.953,,,1.8705,0.0996,,,,
44.913,NAV_TO_LANDING,1.8766,-0.0458,0.194,,,,2.08,-0.06,0.23,0.0,-0.0708,-0.0123,-0.0012,0.257,0.503,,,,1.8705,0.0996,,,,
44.973,NAV_TO_LANDING,1.8732,-0.0468,0.193,,,,1.86,-0.12,0.47,0.0,-0.0736,-0.0128,-0.0001,0.262,0.495,,,,1.8705,0.0996,,,,
45.024,NAV_TO_LANDING,1.8699,-0.0474,0.194,,,,1.62,-0.18,0.69,0.0,-0.0775,-0.0113,0.005,0.262,0.495,,,,1.8705,0.0996,,,,
45.061,NAV_TO_LANDING,1.8654,-0.0483,0.198,,,,1.36,-0.14,0.76,0.0,-0.0855,-0.0112,0.0078,0.271,0.487,,,,1.8705,0.0996,,,,
45.147,NAV_TO_LANDING,1.861,-0.0489,0.196,,,,1.05,-0.06,0.72,-0.0,-0.0919,-0.011,0.0144,0.271,0.487,1.91,1.064,,1.8705,0.0996,,,,
45.176,NAV_TO_LANDING,1.8567,-0.0484,0.197,,,,0.78,-0.13,0.66,-0.0,-0.0968,-0.0068,0.0114,0.276,0.482,1.91,1.064,,,,,,,
45.313,NAV_TO_LANDING,1.8524,-0.0486,0.199,,,,0.59,-0.21,-0.05,-0.0,-0.0971,-0.0049,0.0154,0.276,0.482,1.929,,,2.5,-2.3,,,,
45.321,NAV_TO_LANDING,1.8474,-0.0487,0.2,,,,0.54,-0.27,-0.72,-0.0,-0.0939,-0.0025,0.0142,0.28,0.474,1.929,,,2.5,-2.3,,,,
45.334,NAV_TO_LANDING,1.8428,-0.049,0.197,,,,0.63,-0.36,-1.27,-0.0,-0.0847,-0.0001,0.0122,0.28,0.474,,1.043,,2.5,-2.3,,,,
45.386,NAV_TO_LANDING,1.8385,-0.0485,0.2,,,,0.75,-0.3,-1.62,0.0,-0.0725,0.0042,0.0049,0.293,0.471,,1.043,,2.5,-2.3,,,,
45.411,NAV_TO_LANDING,1.8356,-0.0482,0.203,,,,0.85,-0.04,-1.62,0.0,-0.0564,0.0065,0.0187,0.293,0.471,,1.046,,2.5,-2.3,,,,
45.469,NAV_TO_LANDING,1.8333,-0.047,0.201,,,,1.03,2.2,-2.1,0.0,-0.0391,0.0005,0.0222,0.295,0.461,,1.046,,2.5,-2.3,,,,
45.51,NAV_TO_LANDING,1.8327,-0.0468,0.202,,,,1.28,3.75,-2.4,0.0,-0.0156,-0.0234,0.0063,0.295,0.461,,,,2.5,-2.3,,,,
45.56,NAV_TO_LANDING,1.8325,-0.0477,0.203,,,,1.54,4.57,-2.48,0.0,0.0078,-0.0558,0.0037,0.297,0.462,,,,2.5,-2.3,,,,
45.611,NAV_TO_LANDING,1.8354,-0.0514,0.203,,,,1.72,4.85,-2.22,0.0,0.036,-0.0945,-0.0005,0.297,0.462,,1.036,,2.5,-2.3,,,,
45.702,NAV_TO_LANDING,1.8379,-0.0584,0.203,,,,1.9,4.98,-2.04,0.0,0.0562,-0.1419,-0.0088,0.292,0.468,,1.036,,2.5,-2.3,,,,
45.713,NAV_TO_LANDING,1.8417,-0.0665,0.203,,,,1.93,4.5,-1.83,0.0,0.0771,-0.1816,-0.0101,0.292,0.468,,1.034,,2.5,-2.3,,,,
45.787,NAV_TO_LANDING,1.8457,-0.0768,0.202,,,,1.94,4.05,-1.23,0.0,0.09,-0.2213,-0.0095,0.287,0.472,,1.034,,2.5,-2.3,,,,
45.813,NAV_TO_LANDING,1.8505,-0.0885,0.202,,,,1.87,3.4,-0.76,0.0,0.0996,-0.2524,-0.0101,0.287,0.472,,1.027,,2.5,-2.3,,,,
45.861,NAV_TO_LANDING,1.8559,-0.1007,0.201,,,,1.77,2.71,-0.38,0.0,0.106,-0.2737,-0.0104,0.276,0.485,,1.027,,2.5,-2.3,,,,
45.911,NAV_TO_LANDING,1.8614,-0.1159,0.201,,,,1.64,1.95,-0.04,0.0,0.1086,-0.2975,-0.0108,0.276,0.485,1.958,1.016,,2.5,-2.3,,,,
45.968,NAV_TO_LANDING,1.8673,-0.1303,0.199,,,,1.4,1.43,0.27,0.0,0.1097,-0.3079,-0.0042,0.267,0.505,1.958,1.016,,2.5,-2.3,,,,
46.013,NAV_TO_LANDING,1.8718,-0.1434,0.196,,,,1.22,1.09,0.27,0.0,0.1048,-0.3107,-0.0151,0.267,0.505,,1.002,,2.5,-2.3,,,,
46.074,NAV_TO_LANDING,1.8768,-0.1569,0.2,,,,1.04,0.6,0.32,0.0,0.1022,-0.3101,-0.0159,0.255,0.522,,1.002,,2.5,-2.3,,,,
46.11,NAV_TO_LANDING,1.8818,-0.1719,0.199,,,,0.8,0.2,0.62,0.0,0.0975,-0.3114,0.0023,0.255,0.522,,,,2.5,-2.3,,,,
46.16,NAV_TO_LANDING,1.8869,-0.1868,0.198,,,,0.48,-0.0,0.85,0.0,0.0919,-0.3095,0.0027,0.261,0.552,,,,2.5,-2.3,,,,
46.211,NAV_TO_LANDING,1.8908,-0.2013,0.199,,,,0.22,-0.07,0.94,0.0,0.0823,-0.3068,0.0003,0.261,0.552,,0.953,,2.5,-2.3,,,,
46.274,NAV_TO_LANDING,1.8941,-0.2149,0.196,,,,0.0,-0.08,0.71,0.0,0.0731,-0.3014,0.0044,0.254,0.591,,0.953,,2.5,-2.3,,,,
46.343,NAV_TO_LANDING,1.8969,-0.2276,0.197,,,,-0.11,-0.14,0.6,0.0,0.0652,-0.2937,0.0006,0.254,0.591,,,,2.5,-2.3,,,,
46.362,NAV_TO_LANDING,1.8994,-0.2398,0.196,,,,-0.15,-0.17,0.51,0.0,0.0578,-0.2851,0.0077,0.235,0.687,,,,2.5,-2.3,,,,
46.42,NAV_TO_LANDING,1.902,-0.2515,0.195,,,,-0.07,-0.14,0.47,0.0,0.0529,-0.2763,0.0062,0.235,0.687,,0.926,,2.5,-2.3,,,,
46.46,NAV_TO_LANDING,1.9051,-0.2647,0.199,,,,0.07,-0.02,0.24,0.0,0.0509,-0.2741,0.0025,0.23,0.956,,0.926,,2.5,-2.3,,,,
46.51,NAV_TO_LANDING,1.9068,-0.2767,0.201,,,,0.16,-1.27,0.71,0.0,0.0453,-0.2648,0.0157,0.23,0.956,,,,2.5,-2.3,,,,
46.56,NAV_TO_LANDING,1.9098,-0.2885,0.202,,,,0.33,-3.01,1.58,0.0,0.0363,-0.2413,0.0185,0.226,1.049,,,,2.5,-2.3,,,,
46.611,NAV_TO_LANDING,1.9103,-0.2985,0.202,,,,0.51,-3.7,1.75,0.0,0.0183,-0.2072,0.0114,0.226,1.049,,,,2.5,-2.3,,,,
46.665,NAV_TO_LANDING,1.9114,-0.3065,0.208,,,,0.7,-4.16,1.84,0.0,0.0033,-0.1687,0.006,0.223,1.078,,,,2.5,-2.3,,,,
46.723,NAV_TO_LANDING,1.9108,-0.3132,0.202,,,,0.83,-4.13,1.71,0.0,-0.014,-0.1298,0.0122,0.223,1.078,,,,2.5,-2.3,,,,
46.762,NAV_TO_LANDING,1.9104,-0.3162,0.2,,,,0.83,-3.92,1.57,0.0,-0.0274,-0.0887,-0.0066,0.225,1.089,,,,2.5,-2.3,,,,
46.811,NAV_TO_LANDING,1.9072,-0.3203,0.199,,,,0.7,-3.37,1.6,0.0,-0.0458,-0.0559,-0.0043,0.225,1.089,,,,2.5,-2.3,,,,
46.86,NAV_TO_LANDING,1.9057,-0.3205,0.199,,,,0.58,-2.83,1.58,0.0,-0.0583,-0.0246,-0.0015,0.224,1.085,,,,2.5,-2.3,,,,
46.921,NAV_TO_LANDING,1.903,-0.3196,0.2,,,,0.46,-2.16,1.24,0.0,-0.0696,0.0006,-0.0026,0.224,1.085,,,,2.5,-2.3,,,,
46.983,NAV_TO_LANDING,1.9005,-0.3178,0.2,,,,0.41,-1.34,0.99,0.0,-0.0765,0.0178,0.001,0.23,1.078,,,,2.5,-2.3,,,,
47.01,NAV_TO_LANDING,1.8975,-0.314,0.2,,,,0.39,-0.86,0.87,0.0,-0.0826,0.0326,0.0022,0.23,1.078,,,,2.5,-2.3,,,,
47.073,NAV_TO_LANDING,1.8945,-0.3121,0.201,,,,0.38,-0.31,0.62,0.0,-0.0861,0.0367,0.0011,0.239,1.069,,,,2.5,-2.3,,,,
47.115,NAV_TO_LANDING,1.8926,-0.3087,0.202,,,,0.43,0.19,0.38,-0.0,-0.084,0.0389,0.0035,0.239,1.069,,,,2.5,-2.3,,,,
47.16,NAV_TO_LANDING,1.8898,-0.3062,0.202,,,,0.53,0.52,-0.36,-0.0,-0.0801,0.0363,0.0056,0.242,1.061,,,,1.8489,-0.1652,,,,
47.21,NAV_TO_LANDING,1.8856,-0.3038,0.201,,,,0.67,0.93,-0.9,0.0,-0.0747,0.032,0.0033,0.242,1.061,,,,1.8489,-0.1652,,,,
47.275,NAV_TO_LANDING,1.883,-0.3019,0.202,,,,0.78,1.0,-0.56,0.0,-0.0652,0.0243,0.0022,0.248,1.061,,,,1.8489,-0.1652,,,,
47.311,NAV_TO_LANDING,1.8805,-0.3008,0.204,,,,0.75,0.97,-0.26,0.0,-0.06,0.013,0.0021,0.248,1.061,,,,1.8489,-0.1652,,,,
47.374,NAV_TO_LANDING,1.8772,-0.3011,0.201,,,,0.66,0.86,-0.21,0.0,-0.0592,0.005,0.0002,0.255,1.056,,,,1.8489,-0.1652,,,,
47.41,NAV_TO_LANDING,1.8752,-0.3027,0.2,,,,0.66,0.72,-0.11,0.0,-0.0553,-0.007,-0.0066,0.255,1.056,,0.833,,1.8489,-0.1652,,,,
47.46,NAV_TO_LANDING,1.8742,-0.3046,0.202,,,,0.67,0.44,0.09,0.0,-0.0488,-0.017,-0.0044,0.255,1.056,,0.833,,1.8489,-0.1652,,,,
47.51,NAV_TO_LANDING,1.8733,-0.3071,0.198,,,,0.69,0.28,0.29,0.0,-0.0455,-0.0245,0.0003,0.255,1.056,,0.832,,1.8489,-0.1652,,,,
47.57,NAV_TO_LANDING,1.8729,-0.3095,0.198,,,,0.68,0.21,0.34,0.0,-0.0413,-0.029,-0.0085,0.256,1.059,,0.832,,1.8489,-0.1652,,,,
47.628,NAV_TO_LANDING,1.8727,-0.3121,0.199,,,,0.68,0.04,0.55,0.0,-0.0407,-0.0328,-0.0027,0.256,1.059,,0.828,,1.8489,-0.1652,,,,
47.681,NAV_TO_LANDING,1.8714,-0.3147,0.201,,,,0.59,-0.04,0.68,0.0,-0.0436,-0.0361,0.0015,0.252,1.056,,0.828,,1.8489,-0.1652,,,,
47.71,NAV_TO_LANDING,1.8713,-0.3176,0.2,,,,0.53,-0.17,0.66,0.0,-0.046,-0.0357,0.0073,0.252,1.056,,0.824,,1.8489,-0.1652,,,,
47.76,NAV_TO_LANDING,1.8701,-0.3203,0.203,,,,0.48,-0.41,0.85,0.0,-0.0485,-0.0372,0.0043,0.257,1.057,,0.824,,1.8489,-0.1652,,,,
47.811,NAV_TO_LANDING,1.8702,-0.3219,0.201,,,,0.42,-0.57,0.8,-0.0,-0.0476,-0.0318,0.0049,0.257,1.057,,0.816,,1.8489,-0.1652,,,,
47.898,NAV_TO_LANDING,1.8686,-0.3227,0.203,,,,0.4,-0.79,0.51,-0.0,-0.0516,-0.0242,0.0007,0.257,1.049,,0.816,,,,,,,
47.953,NAV_TO_LANDING,1.868,-0.3228,0.203,,,,0.39,-0.74,-0.2,-0.0,-0.0483,-0.0141,0.0057,0.257,1.049,,0.811,,2.5,-2.3,,,,
48.002,NAV_TO_LANDING,1.8652,-0.3227,0.201,,,,0.36,-0.74,-0.52,-0.0,-0.0442,-0.0066,0.0042,0.261,1.05,,0.811,,2.5,-2.3,,,,
48.011,NAV_TO_LANDING,1.8652,-0.3217,0.205,,,,0.32,-0.61,-0.68,0.0,-0.0332,0.0028,-0.0013,0.261,1.05,,0.808,,2.5,-2.3,,,,
48.072,NAV_TO_LANDING,1.866,-0.3206,0.202,,,,0.31,0.6,-0.84,0.0,-0.0205,0.0063,0.0109,0.263,1.052,,0.808,,2.5,-2.3,,,,
48.134,NAV_TO_LANDING,1.8677,-0.3177,0.205,,,,0.27,2.75,-1.53,0.0,-0.0023,-0.0023,-0.002,0.263,1.052,,0.809,,2.5,-2.3,,,,
48.161,NAV_TO_LANDING,1.8683,-0.3174,0.201,,,,0.31,3.8,-1.4,0.0,0.0125,-0.0291,0.0053,0.258,1.051,,0.809,,2.5,-2.3,,,,
48.211,NAV_TO_LANDING,1.8709,-0.3187,0.204,,,,0.29,4.56,-1.41,0.0,0.0301,-0.0621,-0.0071,0.258,1.051,,0.812,,2.5,-2.3,,,,
48.261,NAV_TO_LANDING,1.8739,-0.3222,0.201,,,,0.23,4.96,-1.37,0.0,0.0464,-0.1024,-0.0029,0.25,1.063,,0.812,,2.5,-2.3,,,,
48.317,NAV_TO_LANDING,1.8775,-0.3291,0.201,,,,0.07,4.8,-1.17,0.0,0.0608,-0.1462,-0.0117,0.25,1.063,,0.808,,2.5,-2.3,,,,
48.378,NAV_TO_LANDING,1.8814,-0.3381,0.199,,,,-0.02,4.49,-0.83,0.0,0.0713,-0.1891,-0.0114,0.245,1.07,,0.808,,2.5,-2.3,,,,
48.409,NAV_TO_LANDING,1.8856,-0.3477,0.2,,,,-0.19,3.94,-0.66,0.0,0.0804,-0.223,-0.0092,0.245,1.07,,0.808,,2.5,-2.3,,,,
48.459,NAV_TO_LANDING,1.8903,-0.3595,0.2,,,,-0.34,3.22,-0.45,0.0,0.0874,-0.2525,-0.0037,0.245,1.082,,0.808,,2.5,-2.3,,,,
48.51,NAV_TO_LANDING,1.894,-0.3719,0.203,,,,-0.48,2.63,-0.28,0.0,0.0873,-0.2767,-0.004,0.245,1.082,,,,2.5,-2.3,,,,
48.56,NAV_TO_LANDING,1.8984,-0.3859,0.203,,,,-0.66,0.1,0.9,0.0,0.0846,-0.2869,0.0069,0.256,1.097,,,,2.5,-2.3,,,,
48.626,NAV_TO_LANDING,1.9028,-0.3997,0.201,,,,-0.82,-2.29,2.21,0.0,0.0708,-0.2722,0.005,0.256,1.097,,0.784,,2.5,-2.3,,,,
48.679,NAV_TO_LANDING,1.9067,-0.4147,0.202,,,,-1.0,-3.47,2.73,0.0,0.0519,-0.2508,-0.0027,0.227,1.1,,0.784,,2.5,-2.3,,,,
48.709,NAV_TO_LANDING,1.9089,-0.4238,0.203,,,,-1.21,-4.25,2.97,0.0,0.0275,-0.2077,-0.0025,0.227,1.1,,,,2.5,-2.3,,,,
48.76,NAV_TO_LANDING,1.9094,-0.4312,0.204,,,,-1.47,-4.63,3.14,0.0,0.0001,-0.161,0.0035,0.214,1.105,,,,2.5,-2.3,,,,
48.81,NAV_TO_LANDING,1.9086,-0.4357,0.198,,,,-1.69,-4.55,2.99,0.0,-0.0268,-0.1126,0.0008,0.214,1.105,,,,2.5,-2.3,,,,
48.86,NAV_TO_LANDING,1.9062,-0.4395,0.203,,,,-1.82,-4.07,2.49,0.0,-0.0517,-0.0699,-0.0114,0.217,1.1,,,,2.5,-2.3,,,,
48.932,NAV_TO_LANDING,1.9024,-0.4406,0.205,,,,-1.81,-3.51,2.13,0.0,-0.0739,-0.0312,0.0002,0.217,1.1,,0.718,,2.5,-2.3,,,,
48.96,NAV_TO_LANDING,1.8969,-0.4405,0.198,,,,-1.72,-2.74,1.79,0.0,-0.0942,0.0002,0.0034,0.226,1.098,,0.718,,2.5,-2.3,,,,
49.011,NAV_TO_LANDING,1.8926,-0.4374,0.196,,,,-1.47,-1.84,1.12,0.0,-0.1049,0.0272,-0.0121,0.226,1.098,,0.71,,2.5,-2.3,,,,
49.06,NAV_TO_LANDING,1.8874,-0.434,0.198,,,,-1.09,-1.18,0.68,0.0,-0.1125,0.0454,-0.0086,0.234,1.085,,0.71,,2.5,-2.3,,,,
49.11,NAV_TO_LANDING,1.8814,-0.4314,0.201,,,,-0.71,-0.56,0.23,-0.0,-0.1169,0.0536,-0.0005,0.234,1.085,,0.707,,2.5,-2.3,,,,
49.159,NAV_TO_LANDING,1.877,-0.428,0.197,,,,-0.17,-0.19,-0.21,-0.0,-0.1121,0.0569,0.0073,0.247,1.075,,0.707,,1.8297,-0.2857,,,,
49.209,NAV_TO_LANDING,1.8704,-0.4241,0.201,,,,0.35,0.33,-0.97,0.0,-0.1098,0.0603,-0.0014,0.247,1.075,,0.717,,1.8297,-0.2857,,,,
49.266,NAV_TO_LANDING,1.8655,-0.4209,0.199,,,,0.87,0.73,-1.3,0.0,-0.0974,0.0562,0.0104,0.263,1.061,,0.717,,1.8297,-0.2857,,,,
49.324,NAV_TO_LANDING,1.8614,-0.4176,0.199,,,,1.32,0.96,-0.88,0.0,-0.0863,0.0509,0.0025,0.263,1.061,,0.731,,1.8297,-0.2857,,,,
49.359,NAV_TO_LANDING,1.8587,-0.4147,0.201,,,,1.79,1.15,-0.59,0.0,-0.0755,0.0427,0.0016,0.276,1.058,,0.731,,1.8297,-0.2857,,,,
49.41,NAV_TO_LANDING,1.8568,-0.4124,0.2,,,,2.15,1.25,-0.25,0.0,-0.0658,0.0332,0.009,0.276,1.058,,0.744,,1.8297,-0.2857,,,,
49.459,NAV_TO_LANDING,1.8539,-0.4103,0.205,,,,2.45,1.3,0.01,0.0,-0.0635,0.0247,0.0022,0.287,1.052,,0.744,,1.8297,-0.2857,,,,
49.509,NAV_TO_LANDING,1.8514,-0.4088,0.2,,,,2.69,1.35,0.13,0.0,-0.0609,0.0156,0.0073,0.287,1.052,,0.748,,1.8297,-0.2857,,,,
49.576,NAV_TO_LANDING,1.8496,-0.4084,0.199,,,,2.9,1.09,0.25,0.0,-0.0571,0.0045,-0.0059,0.286,1.043,,0.748,,1.8297,-0.2857,,,,
49.617,NAV_TO_LANDING,1.8461,-0.408,0.202,,,,3.08,0.78,0.5,0.0,-0.0626,-0.0025,-0.004,0.286,1.043,,,,1.8297,-0.2857,,,,
49.692,NAV_TO_LANDING,1.8434,-0.4087,0.2,,,,3.15,0.45,0.5,0.0,-0.065,-0.009,0.0008,0.292,1.044,,,,1.8297,-0.2857,,,,
49.716,NAV_TO_LANDING,1.8408,-0.4094,0.201,,,,3.22,0.17,0.46,0.0,-0.066,-0.0117,-0.0049,0.292,1.044,,,,1.8297,-0.2857,,,,
49.76,NAV_TO_LANDING,1.838,-0.4093,0.203,,,,3.31,0.27,0.55,0.0,-0.0681,-0.0108,-0.0028,0.297,1.036,,,,1.8297,-0.2857,,,,
49.809,NAV_TO_LANDING,1.8357,-0.409,0.201,,,,3.45,0.31,0.53,0.0,-0.0681,-0.0103,0.0004,0.297,1.036,,0.751,,1.8297,-0.2857,,,,
49.886,NAV_TO_LANDING,1.8328,-0.4099,0.2,,,,3.64,0.33,0.66,-0.0,-0.0713,-0.0141,-0.0044,0.301,1.03,,0.751,,1.8297,-0.2857,,,,
50.03,NAV_TO_LANDING,1.83,-0.4096,0.198,,,,3.79,0.31,0.27,-0.0,-0.0722,-0.0134,-0.0074,0.301,1.03,,,,,,,,,
50.041,NAV_TO_LANDING,1.8275,-0.41,0.201,,,,3.95,0.22,-0.28,-0.0,-0.0673,-0.0141,-0.0073,0.304,1.029,,,,2.5,-2.3,,,,
50.051,NAV_TO_LANDING,1.8255,-0.4102,0.201,,,,4.08,0.11,-0.59,-0.0,-0.0587,-0.0134,0.001,0.304,1.029,,0.755,,2.5,-2.3,,,,
50.067,NAV_TO_LANDING,1.8231,-0.4107,0.202,,,,4.17,0.15,-0.79,-0.0,-0.051,-0.0131,0.0009,0.308,1.024,,0.755,,2.5,-2.3,,,,
50.152,NAV_TO_LANDING,1.8206,-0.4115,0.201,,,,4.17,0.2,-0.72,0.0,-0.0446,-0.0147,0.004,0.308,1.024,,0.74,,2.5,-2.3,,,,
50.172,NAV_TO_LANDING,1.8212,-0.4117,0.202,,,,4.09,1.61,-1.06,0.0,-0.0279,-0.0192,0.0091,0.307,1.024,,0.74,,2.5,-2.3,,,,
50.228,NAV_TO_LANDING,1.8201,-0.4102,0.202,,,,3.99,3.23,-1.45,0.0,-0.0141,-0.0319,0.0023,0.307,1.024,,0.748,,2.5,-2.3,,,,
50.282,NAV_TO_LANDING,1.8196,-0.4122,0.203,,,,3.86,3.98,-1.64,0.0,0.0011,-0.0623,-0.0021,0.31,1.023,,0.748,,2.5,-2.3,,,,
50.339,NAV_TO_LANDING,1.8222,-0.4164,0.202,,,,3.61,4.24,-1.87,0.0,0.0264,-0.098,-0.0021,0.31,1.023,,0.732,,2.5,-2.3,,,,
50.361,NAV_TO_LANDING,1.8247,-0.4227,0.201,,,,3.27,4.27,-1.94,0.0,0.0475,-0.1357,-0.0055,0.298,1.027,,0.732,,2.5,-2.3,,,,
50.41,NAV_TO_LANDING,1.8294,-0.4305,0.2,,,,2.88,4.08,-1.84,0.0,0.0727,-0.1703,-0.0107,0.298,1.027,,0.718,,2.5,-2.3,,,,
50.46,NAV_TO_LANDING,1.8333,-0.4401,0.199,,,,2.53,3.86,-1.46,0.0,0.088,-0.2056,-0.0107,0.284,1.032,,0.718,,2.5,-2.3,,,,
50.556,NAV_TO_LANDING,1.8384,-0.4499,0.198,,,,2.16,3.45,-0.87,0.0,0.1012,-0.2323,-0.0128,0.284,1.032,,0.7,,2.5,-2.3,,,,
50.561,NAV_TO_LANDING,1.8458,-0.4651,0.201,,,,1.93,3.05,-0.4,0.0,0.1143,-0.2683,-0.016,0.26,1.039,,0.7,,2.5,-2.3,,,,
50.624,NAV_TO_LANDING,1.8511,-0.4784,0.201,,,,1.73,2.45,-0.17,0.0,0.1155,-0.2906,-0.0074,0.26,1.039,,0.695,,2.5,-2.3,,,,
50.659,NAV_TO_LANDING,1.8566,-0.4921,0.198,,,,1.54,2.04,0.0,0.0,0.1159,-0.3058,-0.0021,0.26,1.037,,0.695,,2.5,-2.3,,,,
50.709,NAV_TO_LANDING,1.862,-0.5057,0.196,,,,1.28,1.5,0.26,0.0,0.1143,-0.315,-0.0067,0.26,1.037,,0.696,,2.5,-2.3,,,,
50.76,NAV_TO_LANDING,1.867,-0.5196,0.196,,,,1.11,0.92,0.55,0.0,0.1085,-0.3191,0.0008,0.245,1.0,,0.696,,2.5,-2.3,,,,
50.819,NAV_TO_LANDING,1.8712,-0.535,0.198,,,,0.98,0.51,0.8,0.0,0.0984,-0.3229,0.0102,0.245,1.0,,,,2.5,-2.3,,,,
50.873,NAV_TO_LANDING,1.8756,-0.5517,0.2,,,,0.93,0.35,0.73,0.0,0.0906,-0.3285,0.0118,0.24,,,,,2.5,-2.3,,,,
50.914,NAV_TO_LANDING,1.8794,-0.5659,0.2,,,,0.79,-0.96,1.2,0.0,0.0808,-0.3203,0.0149,0.24,,,,,2.5,-2.3,,,,
50.965,NAV_TO_LANDING,1.8823,-0.5814,0.201,,,,0.69,-3.15,2.37,0.0,0.061,-0.2996,0.014,0.279,0.636,,,,2.5,-2.3,,,,
51.01,NAV_TO_LANDING,1.8822,-0.5941,0.204,,,,0.62,-4.33,2.82,0.0,0.0293,-0.2603,0.0129,0.279,0.636,,,,2.5,-2.3,,,,
51.06,NAV_TO_LANDING,1.8825,-0.6051,0.2,,,,0.55,-5.02,3.12,0.0,0.0007,-0.2153,0.0148,,0.59,,,,2.5,-2.3,,,,
51.11,NAV_TO_LANDING,1.8798,-0.6149,0.2,,,,0.41,-5.08,2.97,0.0,-0.032,-0.1693,0.0035,,0.59,,,,2.5,-2.3,,,,
51.222,NAV_TO_LANDING,1.8748,-0.6225,0.202,,,,0.33,-4.66,2.35,0.0,-0.0625,-0.1246,0.0004,0.811,0.57,,,,2.5,-2.3,,,,
51.23,NAV_TO_LANDING,1.8703,-0.6261,0.201,,,,0.31,-4.1,1.68,0.0,-0.0825,-0.0809,0.0027,0.811,0.57,,,,2.5,-2.3,,,,
51.266,NAV_TO_LANDING,1.8647,-0.6287,0.202,,,,0.39,-3.47,1.24,0.0,-0.0983,-0.0449,0.0005,0.82,0.556,,,,2.5,-2.3,,,,
51.31,NAV_TO_LANDING,1.8596,-0.63,0.198,,,,0.58,-2.94,0.9,0.0,-0.1076,-0.0163,0.0029,0.82,0.556,,,,2.5,-2.3,,,,
51.359,NAV_TO_LANDING,1.8539,-0.6291,0.199,,,,0.93,-2.17,0.48,0.0,-0.1149,0.0092,-0.0017,0.829,0.536,,,,2.5,-2.3,,,,
51.409,NAV_TO_LANDING,1.8466,-0.6273,0.2,,,,1.44,-1.32,0.07,0.0,-0.1212,0.028,0.0033,0.829,0.536,,0.583,,2.5,-2.3,,,,
51.459,NAV_TO_LANDING,1.8413,-0.6254,0.2,,,,2.05,-0.64,-0.28,0.0,-0.1188,0.0362,0.0021,0.826,0.517,,0.583,,2.5,-2.3,,,,
51.546,NAV_TO_LANDING,1.8369,-0.6236,0.199,,,,2.72,-0.06,-0.49,-0.0,-0.1117,0.037,0.0045,0.826,0.517,,0.576,,1.7818,-0.4841,,,,
51.559,NAV_TO_LANDING,1.8316,-0.6219,0.203,,,,3.29,0.35,-0.96,-0.0,-0.1046,0.0354,0.003,,0.504,,0.576,,1.7818,-0.4841,,,,
51.617,NAV_TO_LANDING,1.827,-0.6203,0.2,,,,3.72,0.53,-1.53,0.0,-0.0917,0.0312,0.0087,,0.504,,,,1.7818,-0.4841,,,,
51.674,NAV_TO_LANDING,1.8228,-0.6187,0.203,,,,3.95,0.36,-1.63,0.0,-0.0771,0.0282,0.0015,0.481,0.497,,,,1.7818,-0.4841,,,,
51.709,NAV_TO_LANDING,1.8193,-0.618,0.202,,,,4.12,-0.15,-1.45,0.0,-0.0638,0.0263,0.0102,0.481,0.497,,0.574,,1.7818,-0.4841,,,,
51.759,NAV_TO_LANDING,1.8176,-0.6172,0.204,,,,4.22,-0.45,-1.29,0.0,-0.0488,0.0278,0.0074,0.419,0.495,,0.574,,1.7818,-0.4841,,,,
51.809,NAV_TO_LANDING,1.8155,-0.6155,0.202,,,,4.15,-0.8,-1.12,0.0,-0.0387,0.0351,0.0057,0.419,0.495,,0.564,,1.7818,-0.4841,,,,
51.876,NAV_TO_LANDING,1.8166,-0.6134,0.201,,,,4.08,-0.94,-0.9,0.0,-0.0224,0.0433,0.0011,0.395,0.493,,0.564,,1.7818,-0.4841,,,,
51.91,NAV_TO_LANDING,1.8171,-0.6111,0.201,,,,3.95,-1.0,-0.58,0.0,-0.0125,0.0517,0.0029,0.395,0.493,,0.556,,1.7818,-0.4841,,,,
51.976,NAV_TO_LANDING,1.8193,-0.6079,0.206,,,,3.77,-0.95,-0.17,0.0,-0.0027,0.0614,0.0006,0.374,0.503,,0.556,,1.7818,-0.4841,,,,
52.009,NAV_TO_LANDING,1.8215,-0.6051,0.204,,,,3.67,-0.78,0.14,0.0,0.0032,0.0668,0.0096,0.374,0.503,,0.563,,1.7818,-0.4841,,,,
52.059,NAV_TO_LANDING,1.8219,-0.6021,0.205,,,,3.63,-0.7,0.28,0.0,0.0013,0.0716,0.0005,0.354,0.508,,0.563,,1.7818,-0.4841,,,,
52.109,NAV_TO_LANDING,1.823,-0.5986,0.204,,,,3.61,-0.59,0.41,0.0,0.0011,0.0757,0.0019,0.354,0.508,,,,1.7818,-0.4841,,,,
52.196,NAV_TO_LANDING,1.8242,-0.5952,0.205,,,,3.56,-0.46,0.43,0.0,0.0004,0.0786,-0.0042,0.329,0.512,,,,1.7818,-0.4841,,,,
52.216,NAV_TO_LANDING,1.825,-0.5925,0.205,,,,3.45,-0.51,0.46,0.0,-0.0014,0.0785,-0.0042,0.329,0.512,,0.58,,1.7818,-0.4841,,,,
52.272,NAV_TO_LANDING,1.8257,-0.5878,0.204,,,,3.29,-0.37,0.51,0.0,-0.0031,0.0838,-0.0061,0.311,0.518,,0.58,,1.7818,-0.4841,,,,
52.315,NAV_TO_LANDING,1.8261,-0.5849,0.203,,,,3.12,-0.21,0.63,0.0,-0.0063,0.0819,-0.0101,0.311,0.518,,0.587,,1.7818,-0.4841,,,,
52.358,NAV_TO_LANDING,1.8263,-0.5808,0.202,,,,2.94,-0.08,0.55,0.0,-0.0097,0.0828,-0.0163,0.302,0.539,,0.587,,1.7818,-0.4841,,,,
52.409,NAV_TO_LANDING,1.8268,-0.5772,0.203,,,,2.7,0.03,0.44,0.0,-0.0106,0.0812,-0.0197,0.302,0.539,,0.579,,1.7818,-0.4841,,,,
52.46,NAV_TO_LANDING,1.8269,-0.5732,0.2,,,,2.43,-0.06,0.48,0.0,-0.0123,0.081,-0.0149,0.299,0.559,,0.579,,1.7818,-0.4841,,,,
52.524,NAV_TO_LANDING,1.8266,-0.5695,0.2,,,,2.24,-0.06,0.52,0.0,-0.0153,0.0803,-0.018,0.299,0.559,,0.572,,1.7818,-0.4841,,,,
52.559,NAV_TO_LANDING,1.8259,-0.5666,0.2,,,,2.05,-0.05,0.54,0.0,-0.0192,0.0772,-0.0127,0.296,0.579,,0.572,,1.7818,-0.4841,,,,
52.613,NAV_TO_LANDING,1.8255,-0.5622,0.198,,,,1.9,-0.1,0.48,0.0,-0.0216,0.0796,-0.0129,0.296,0.579,,0.573,,1.7818,-0.4841,,,,
52.658,NAV_TO_LANDING,1.8255,-0.5592,0.198,,,,1.82,-0.04,0.45,0.0,-0.022,0.0773,-0.0146,0.293,0.604,,0.573,,1.7818,-0.4841,,,,
52.708,NAV_TO_LANDING,1.8242,-0.5549,0.196,,,,1.84,-0.15,0.48,0.0,-0.0264,0.0791,-0.0112,0.293,0.604,,0.575,,1.7818,-0.4841,,,,
52.758,NAV_TO_LANDING,1.8231,-0.5525,0.196,,,,1.83,-0.19,0.49,0.0,-0.0293,0.0759,-0.0104,0.288,0.626,,0.575,,1.7818,-0.4841,,,,
52.848,NAV_TO_LANDING,1.8228,-0.5492,0.196,,,,1.87,-0.19,0.66,0.0,-0.0303,0.0764,-0.0081,0.288,0.626,,0.574,,1.7818,-0.4841,,,,
52.863,NAV_TO_LANDING,1.8222,-0.5466,0.198,,,,1.92,-0.13,0.7,0.0,-0.0329,0.0741,-0.0057,0.285,0.643,,0.574,,1.7818,-0.4841,,,,
52.915,NAV_TO_LANDING,1.821,-0.5427,0.197,,,,1.89,-0.19,0.75,0.0,-0.0376,0.0758,-0.0013,0.285,0.643,,0.576,,1.7818,-0.4841,,,,
52.958,NAV_TO_LANDING,1.8186,-0.539,0.195,,,,1.89,-0.4,0.74,0.0,-0.0457,0.0778,-0.0021,0.281,0.68,,0.576,,1.7818,-0.4841,,,,
53.008,NAV_TO_LANDING,1.8176,-0.5365,0.196,,,,1.83,-0.38,0.62,0.0,-0.0468,0.0772,-0.0046,0.281,0.68,,0.581,,1.7818,-0.4841,,,,
53.059,NAV_TO_LANDING,1.8149,-0.5334,0.196,,,,1.75,-0.36,0.65,0.0,-0.053,0.0776,-0.0027,0.288,0.768,,0.581,,1.7818,-0.4841,,,,
53.11,NAV_TO_LANDING,1.8131,-0.5292,0.193,,,,1.62,-0.34,0.41,0.0,-0.0548,0.0816,-0.0011,0.288,0.768,,0.585,,1.7818,-0.4841,,,,
53.168,NAV_TO_LANDING,1.811,-0.5255,0.194,,,,1.52,-0.28,0.28,0.0,-0.0554,0.0833,-0.0058,0.285,0.874,,0.585,,1.7818,-0.4841,,,,
53.222,NAV_TO_LANDING,1.8091,-0.5219,0.193,,,,1.45,-0.25,0.16,0.0,-0.054,0.0838,0.0004,0.285,0.874,,0.582,,1.7818,-0.4841,,,,
53.258,NAV_TO_LANDING,1.808,-0.5185,0.195,,,,1.45,-0.09,0.05,0.0,-0.0496,0.0827,-0.0026,0.292,0.936,,0.582,,1.7818,-0.4841,,,,
53.308,NAV_TO_LANDING,1.8063,-0.5142,0.192,,,,1.46,0.08,0.1,0.0,-0.0475,0.083,0.0003,0.292,0.936,,0.59,,1.7818,-0.4841,,,,
53.358,NAV_TO_LANDING,1.8042,-0.5097,0.195,,,,1.49,-0.03,0.12,0.0,-0.0477,0.0839,-0.0028,0.291,0.961,,0.59,,1.7818,-0.4841,,,,
53.458,NAV_TO_LANDING,1.8027,-0.5051,0.196,,,,1.49,0.06,0.11,0.0,-0.0453,0.0851,0.0063,0.291,0.961,,0.595,,,,,,,
53.494,NAV_TO_LANDING,1.8013,-0.5008,0.195,,,,1.51,0.11,0.22,-0.0,-0.0438,0.085,0.0068,0.296,0.971,,0.595,,2.02,-1.06,,,,
53.512,NAV_TO_LANDING,1.8001,-0.4976,0.196,,,,1.5,0.37,0.16,-0.0,-0.0417,0.0797,0.0021,0.296,0.971,,0.601,,2.02,-1.06,,,,
53.576,NAV_TO_LANDING,1.7988,-0.4929,0.195,,,,1.48,0.95,-0.26,0.0,-0.038,0.076,0.0054,0.298,0.993,,0.601,,2.02,-1.06,,,,
53.615,NAV_TO_LANDING,1.7962,-0.4871,0.194,,,,1.37,2.64,-0.84,0.0,-0.0357,0.068,0.007,0.298,0.993,,0.605,,2.02,-1.06,,,,
53.658,NAV_TO_LANDING,1.7959,-0.4848,0.194,,,,1.32,4.5,-1.71,0.0,-0.0184,0.0342,-0.0003,0.299,0.993,,0.605,,2.02,-1.06,,,,
53.707,NAV_TO_LANDING,1.7957,-0.4831,0.198,,,,1.28,5.37,-2.05,0.0,0.0018,-0.0062,0.0001,0.299,0.993,,0.607,,2.02,-1.06,,,,
53.771,NAV_TO_LANDING,1.7964,-0.4843,0.195,,,,1.26,5.7,-2.12,0.0,0.0223,-0.0543,0.007,0.299,0.996,,0.607,,2.02,-1.06,,,,
53.838,NAV_TO_LANDING,1.7984,-0.4879,0.195,,,,1.23,5.74,-2.06,0.0,0.0437,-0.1022,-0.0031,0.299,0.996,,0.612,,2.02,-1.06,,,,
53.864,NAV_TO_LANDING,1.8016,-0.4948,0.198,,,,1.2,5.33,-1.82,0.0,0.0644,-0.1524,0.0022,0.299,0.99,,0.612,,2.02,-1.06,,,,
53.918,NAV_TO_LANDING,1.8063,-0.5053,0.2,,,,1.15,4.76,-1.58,0.0,0.0845,-0.2011,0.006,0.299,0.99,,0.605,,2.02,-1.06,,,,
53.965,NAV_TO_LANDING,1.8111,-0.5164,0.194,,,,1.11,3.88,-1.21,0.0,0.099,-0.2381,0.0091,0.286,0.959,,0.605,,2.02,-1.06,,,,
54.008,NAV_TO_LANDING,1.8156,-0.5271,0.195,,,,1.15,3.14,-0.74,0.0,0.1063,-0.262,0.0007,0.286,0.959,,0.593,,2.02,-1.06,,,,
54.058,NAV_TO_LANDING,1.821,-0.54,0.195,,,,1.17,2.42,-0.28,0.0,0.1111,-0.2832,0.0076,0.282,,,0.593,,2.02,-1.06,,,,
54.123,NAV_TO_LANDING,1.8265,-0.5533,0.195,,,,1.19,1.77,0.13,0.0,0.1123,-0.2962,0.0077,0.282,,,0.587,,2.02,-1.06,,,,
54.157,NAV_TO_LANDING,1.8318,-0.5667,0.199,,,,1.28,1.09,0.27,0.0,0.11,-0.3019,0.0121,0.285,0.608,,0.587,,2.02,-1.06,,,,
54.215,NAV_TO_LANDING,1.8381,-0.5825,0.198,,,,1.34,0.68,0.41,0.0,0.1103,-0.3101,0.0204,0.285,0.608,,0.588,,2.02,-1.06,,,,
54.258,NAV_TO_LANDING,1.8429,-0.5961,0.2,,,,1.43,0.31,0.34,0.0,0.105,-0.3081,0.0168,0.406,0.557,,0.588,,2.02,-1.06,,,,
54.308,NAV_TO_LANDING,1.8478,-0.6092,0.196,,,,1.52,0.06,0.34,0.0,0.1015,-0.302,0.0198,0.406,0.557,,0.628,,2.02,-1.06,,,,
54.358,NAV_TO_LANDING,1.8521,-0.6226,0.204,,,,1.57,-0.14,0.26,0.0,0.0966,-0.2964,0.0097,0.809,0.538,,0.628,,2.02,-1.06,,,,
54.41,NAV_TO_LANDING,1.857,-0.6358,0.203,,,,1.57,-0.18,0.22,0.0,0.0944,-0.2893,0.0238,0.809,0.538,,,,2.02,-1.06,,,,
54.472,NAV_TO_LANDING,1.8626,-0.6486,0.206,,,,1.52,-0.16,0.1,0.0,0.0975,-0.2848,0.0144,0.813,0.535,,,,2.02,-1.06,,,,
54.508,NAV_TO_LANDING,1.8676,-0.6613,0.207,,,,1.55,-0.1,-0.0,0.0,0.0981,-0.2795,0.0175,0.813,0.535,,1.007,,2.02,-1.06,,,,
54.589,NAV_TO_LANDING,1.8721,-0.6736,0.207,,,,1.57,0.0,-0.15,0.0,0.0975,-0.2755,0.0128,0.804,0.54,,1.007,,2.02,-1.06,,,,
54.613,NAV_TO_LANDING,1.8783,-0.6867,0.205,,,,1.68,-0.0,-0.24,0.0,0.1015,-0.2677,0.0063,0.804,0.54,,1.288,,2.02,-1.06,,,,
54.658,NAV_TO_LANDING,1.8829,-0.6989,0.206,,,,1.8,0.11,-0.21,0.0,0.1012,-0.2627,-0.002,0.793,0.542,,1.288,,2.02,-1.06,,,,
54.709,NAV_TO_LANDING,1.8875,-0.7095,0.206,,,,1.91,0.14,-0.02,0.0,0.1034,-0.26,-0.0004,0.793,0.542,,,,2.02,-1.06,,,,
54.788,NAV_TO_LANDING,1.8933,-0.7217,0.206,,,,1.96,0.41,0.03,0.0,0.108,-0.2626,-0.0039,0.78,0.555,,,,2.02,-1.06,,,,
54.809,NAV_TO_LANDING,1.8997,-0.7332,0.206,,,,2.0,0.44,0.22,0.0,0.1044,-0.2615,-0.0046,0.78,0.555,,1.798,,2.02,-1.06,,,,
54.869,NAV_TO_LANDING,1.9056,-0.7453,0.207,,,,1.93,0.5,0.15,0.0,0.1051,-0.2606,-0.0065,0.777,0.574,,1.798,,2.02,-1.06,,,,
54.934,NAV_TO_LANDING,1.911,-0.7574,0.205,,,,1.88,0.38,0.3,0.0,0.1036,-0.2611,-0.0046,0.777,0.574,,1.808,,2.02,-1.06,,,,
54.958,NAV_TO_LANDING,1.9162,-0.7695,0.2,,,,1.82,0.47,0.32,0.0,0.1007,-0.262,-0.0091,0.769,0.597,,1.808,,2.02,-1.06,,,,
55.008,NAV_TO_LANDING,1.9219,-0.783,0.203,,,,1.82,0.52,0.32,0.0,0.1005,-0.2677,-0.0173,0.769,0.597,,1.779,,2.02,-1.06,,,,
55.063,NAV_TO_LANDING,1.9265,-0.7945,0.205,,,,1.76,0.61,0.26,0.0,0.0967,-0.2672,-0.0078,0.764,0.642,,1.779,,2.02,-1.06,,,,
55.13,NAV_TO_LANDING,1.9311,-0.8071,0.201,,,,1.65,0.48,0.22,0.0,0.0943,-0.2694,-0.0063,0.764,0.642,,1.797,,2.02,-1.06,,,,
55.158,NAV_TO_LANDING,1.9367,-0.8196,0.2,,,,1.58,0.34,0.22,0.0,0.0946,-0.2698,-0.0103,0.75,0.718,,1.797,,2.02,-1.06,,,,
55.214,NAV_TO_LANDING,1.9416,-0.8314,0.201,,,,1.61,0.37,0.15,0.0,0.0933,-0.2679,-0.0081,0.75,0.718,,1.782,,2.02,-1.06,,,,
55.258,NAV_TO_LANDING,1.9458,-0.8433,0.203,,,,1.65,0.34,0.28,0.0,0.0898,-0.2661,-0.0034,0.743,,,1.782,,2.02,-1.06,,,,
55.308,NAV_TO_LANDING,1.9505,-0.8589,0.2,,,,1.64,0.41,0.25,0.0,0.0888,-0.2758,-0.0008,0.743,,,1.774,,2.02,-1.06,,,,
55.358,NAV_TO_LANDING,1.9547,-0.8709,0.201,,,,1.57,0.32,0.21,0.0,0.0862,-0.2738,-0.0049,0.737,,,1.774,,2.02,-1.06,,,,
55.452,NAV_TO_LANDING,1.9599,-0.8834,0.199,,,,1.55,0.33,0.09,0.0,0.0876,-0.2729,0.0017,0.737,,,1.769,,2.02,-1.06,,,,
55.462,NAV_TO_LANDING,1.9638,-0.8956,0.199,,,,1.52,0.29,-0.03,0.0,0.086,-0.2713,-0.0043,0.728,,,1.769,,2.02,-1.06,,,,
55.518,NAV_TO_LANDING,1.9686,-0.9078,0.199,,,,1.55,0.36,-0.05,0.0,0.0875,-0.2696,-0.0007,0.728,,,1.745,,2.02,-1.06,,,,
55.565,NAV_TO_LANDING,1.9727,-0.9219,0.198,,,,1.53,0.43,-0.14,0.0,0.088,-0.2747,0.0006,0.72,,,1.745,,2.02,-1.06,,,,
55.607,NAV_TO_LANDING,1.9776,-0.9336,0.203,,,,1.47,0.52,-0.09,0.0,0.0902,-0.2727,-0.0043,0.72,,,1.724,,2.02,-1.06,,,,
55.658,NAV_TO_LANDING,1.9814,-0.947,0.203,,,,1.41,0.44,-0.13,0.0,0.0892,-0.275,0.0071,0.711,,,1.724,,2.02,-1.06,,,,
55.719,NAV_TO_LANDING,1.9858,-0.9608,0.203,,,,1.4,0.32,-0.04,0.0,0.0896,-0.278,0.0003,0.711,,,1.702,,2.02,-1.06,,,,
55.776,NAV_TO_LANDING,1.9901,-0.9746,0.202,,,,1.42,0.31,0.03,0.0,0.0892,-0.28,0.0009,0.707,,,1.702,,2.02,-1.06,,,,
55.816,NAV_TO_LANDING,1.9943,-0.9877,0.2,,,,1.43,0.32,-0.01,0.0,0.0886,-0.2793,-0.0004,0.707,,,1.649,,2.02,-1.06,,,,
55.864,NAV_TO_LANDING,1.9982,-1.0023,0.201,,,,1.4,0.3,0.04,0.0,0.0867,-0.2836,-0.0067,0.7,,,1.649,,2.02,-1.06,,,,
55.923,NAV_TO_LANDING,2.0016,-1.0166,0.202,,,,1.39,0.07,0.12,0.0,0.0832,-0.2857,-0.0031,0.7,,,1.621,,2.02,-1.06,,,,
55.958,NAV_TO_LANDING,2.0054,-1.0308,0.202,,,,1.36,-0.57,0.22,0.0,0.0806,-0.2831,-0.0023,0.696,,,1.621,,2.02,-1.06,,,,
56.007,NAV_TO_LANDING,2.0075,-1.0445,0.2,,,,1.33,-1.22,0.4,0.0,0.072,-0.2734,0.0,0.696,,,1.607,,2.04,-1.08,,,,
56.095,NAV_TO_LANDING,2.01,-1.0572,0.203,,,,1.29,-2.21,0.55,0.0,0.0652,-0.259,-0.0055,0.703,,,1.607,,2.04,-1.08,,,,
56.108,NAV_TO_LANDING,2.0129,-1.0711,0.198,,,,1.26,-2.76,0.3,0.0,0.0596,-0.2423,0.0045,0.703,,,1.587,,2.04,-1.08,,,,
56.166,NAV_TO_LANDING,2.0149,-1.0814,0.198,,,,1.21,-3.02,-0.09,0.0,0.0558,-0.2139,-0.0103,0.716,,,1.587,,2.04,-1.1,,,,
56.214,NAV_TO_LANDING,2.0174,-1.0914,0.201,,,,1.22,-3.14,-0.28,0.0,0.056,-0.1867,-0.0033,0.716,,,1.571,,2.04,-1.12,,,,
56.259,NAV_TO_LANDING,2.0198,-1.099,0.2,,,,1.16,-3.14,-0.34,0.0,0.0574,-0.1557,0.0035,0.743,,,1.571,,2.04,-1.14,,,,
56.308,NAV_TO_LANDING,2.0216,-1.1061,0.199,,,,1.08,-2.88,-0.22,0.0,0.0568,-0.1283,-0.0006,0.743,,,1.553,,2.04,-1.14,,,,
56.362,NAV_TO_LANDING,2.0243,-1.1111,0.199,,,,0.96,-2.29,-0.14,0.0,0.0574,-0.1026,-0.0033,,0.228,,1.553,,2.04,-1.14,,,,
56.433,NAV_TO_LANDING,2.029,-1.1155,0.199,,,,0.92,-1.38,-0.12,0.0,0.062,-0.0862,-0.0005,,0.228,,1.529,,2.04,-1.16,,,,
56.463,NAV_TO_LANDING,2.0314,-1.1199,0.202,,,,0.82,-0.77,0.02,0.0,0.0611,-0.0778,-0.0027,,0.227,,1.529,,2.04,-1.16,,,,
56.52,NAV_TO_LANDING,2.0344,-1.1237,0.2,,,,0.72,-0.43,0.2,0.0,0.0599,-0.0728,0.0038,,0.227,,1.502,,2.04,-1.16,,,,
56.562,NAV_TO_LANDING,2.0367,-1.1278,0.202,,,,0.64,-0.75,0.09,0.0,0.0566,-0.0699,-0.0025,,0.227,,1.502,,2.04,-1.16,,,,
56.607,NAV_TO_LANDING,2.0397,-1.1318,0.2,,,,0.66,-0.87,-0.2,0.0,0.0572,-0.065,0.003,,0.227,,1.507,,2.04,-1.16,,,,
56.658,NAV_TO_LANDING,2.0412,-1.1361,0.198,,,,0.62,-0.91,-0.32,0.0,0.0557,-0.0614,-0.004,,0.239,,1.507,,2.04,-1.16,,,,
56.743,NAV_TO_LANDING,2.0437,-1.1397,0.202,,,,0.61,-0.98,-0.44,0.0,0.0576,-0.0554,-0.0085,,0.239,,1.498,,2.04,-1.16,,,,
56.757,NAV_TO_LANDING,2.0475,-1.1425,0.201,,,,0.59,-0.96,-0.48,0.0,0.0642,-0.0482,0.0017,,0.24,,1.498,,2.04,-1.16,,,,
56.815,NAV_TO_LANDING,2.0511,-1.1452,0.201,,,,0.56,-0.86,-0.46,0.0,0.069,-0.0422,-0.0026,,0.24,0.64,1.486,,2.04,-1.16,,,,
56.857,NAV_TO_LANDING,2.0543,-1.1477,0.199,,,,0.51,-0.91,-0.45,0.0,0.072,-0.0361,-0.0013,,0.243,0.64,1.486,,2.04,-1.16,,,,
56.907,NAV_TO_LANDING,2.058,-1.1504,0.196,,,,0.48,-0.8,-0.42,0.0,0.0755,-0.0324,-0.0062,,0.243,0.619,1.49,,2.04,-1.16,,,,
56.957,NAV_TO_LANDING,2.0626,-1.1526,0.202,,,,0.48,-0.63,-0.34,0.0,0.081,-0.0287,-0.0121,,0.248,0.619,1.49,,2.04,-1.16,,,,
57.01,NAV_TO_LANDING,2.0664,-1.1542,0.201,,,,0.46,-0.56,-0.22,0.0,0.0825,-0.0246,0.0065,,0.248,0.604,1.47,,2.04,-1.16,,,,
57.067,NAV_TO_LANDING,2.0706,-1.1563,0.201,,,,0.36,-0.56,-0.08,0.0,0.0834,-0.0232,-0.0006,,0.256,0.604,1.47,,2.04,-1.16,,,,
57.116,NAV_TO_LANDING,2.0749,-1.1578,0.203,,,,0.26,-0.57,-0.01,0.0,0.0844,-0.0204,0.0017,,0.256,0.592,1.465,,2.04,-1.16,,,,
57.166,NAV_TO_LANDING,2.0794,-1.1593,0.2,,,,0.16,-0.42,0.06,-0.0,0.0846,-0.0178,0.0078,,0.262,0.592,1.465,,2.04,-1.16,,,,
57.208,NAV_TO_LANDING,2.0822,-1.1601,0.199,,,,0.16,-0.23,0.49,-0.0,0.0783,-0.0153,-0.0014,,0.262,0.581,1.453,,2.2322,-1.1606,,,,
57.257,NAV_TO_LANDING,2.0874,-1.1618,0.205,,,,0.19,-0.26,1.04,0.0,0.0765,-0.0162,-0.0019,,0.275,0.581,1.453,,2.2322,-1.1606,,,,
57.307,NAV_TO_LANDING,2.0914,-1.1627,0.203,,,,0.27,-0.15,0.7,0.0,0.0694,-0.0148,0.0128,,0.275,0.579,1.451,,2.2322,-1.1606,,,,
57.391,NAV_TO_LANDING,2.0948,-1.1642,0.202,,,,0.24,0.09,0.26,0.0,0.0657,-0.0167,-0.001,,0.278,0.579,1.451,,2.2322,-1.1606,,,,
57.408,NAV_TO_LANDING,2.098,-1.1662,0.203,,,,0.27,-0.05,-0.01,0.0,0.0648,-0.0206,-0.0036,,0.278,0.576,1.453,,2.2322,-1.1606,,,,
57.479,NAV_TO_LANDING,2.1007,-1.1678,0.2,,,,0.24,-0.2,-0.21,0.0,0.0638,-0.0216,-0.0013,,0.282,0.576,1.453,,2.2322,-1.1606,,,,
57.507,NAV_TO_LANDING,2.1045,-1.1695,0.201,,,,0.25,-0.22,-0.24,0.0,0.0683,-0.0215,-0.008,,0.282,0.572,1.452,,2.2322,-1.1606,,,,
57.559,NAV_TO_LANDING,2.1081,-1.1707,0.201,,,,0.31,-0.15,-0.41,0.0,0.0714,-0.0203,-0.0003,,0.285,0.572,1.452,,2.2322,-1.1606,,,,
57.607,NAV_TO_LANDING,2.1119,-1.1716,0.198,,,,0.34,-0.13,-0.55,0.0,0.0758,-0.0187,-0.0041,,0.285,0.571,1.441,,2.2322,-1.1606,,,,
57.657,NAV_TO_LANDING,2.1159,-1.1723,0.198,,,,0.37,-0.28,-0.56,0.0,0.0811,-0.0162,-0.0097,,0.298,0.571,1.441,,2.2322,-1.1606,,,,
57.708,NAV_TO_LANDING,2.1207,-1.1734,0.2,,,,0.41,-0.35,-0.56,0.0,0.0879,-0.0144,-0.0043,,0.298,0.566,1.436,,2.2322,-1.1606,,,,
57.771,NAV_TO_LANDING,2.126,-1.1737,0.2,,,,0.43,-0.31,-0.44,0.0,0.0953,-0.0101,-0.0004,,0.304,0.566,1.436,,2.2322,-1.1606,,,,
57.839,NAV_TO_LANDING,2.1304,-1.1743,0.2,,,,0.46,-0.35,-0.42,0.0,0.0975,-0.008,-0.0032,,0.304,0.566,1.428,,2.2322,-1.1606,,,,
57.862,NAV_TO_LANDING,2.136,-1.1745,0.201,,,,0.44,-0.4,-0.32,0.0,0.1031,-0.0043,0.0007,,0.316,0.566,1.428,,2.2322,-1.1606,,,,
57.908,NAV_TO_LANDING,2.1414,-1.1746,0.202,,,,0.39,-0.41,-0.03,0.0,0.1051,-0.0006,0.0066,,0.316,0.564,1.432,,2.2322,-1.1606,,,,
57.968,NAV_TO_LANDING,2.1467,-1.1746,0.2,,,,0.32,-0.35,0.14,0.0,0.105,0.0023,0.0084,,0.326,0.564,1.432,,2.2322,-1.1606,,,,
58.027,NAV_TO_LANDING,2.1519,-1.174,0.199,,,,0.21,-0.27,0.28,0.0,0.1033,0.0064,-0.0022,,0.326,0.561,1.42,,2.2322,-1.1606,,,,
58.057,NAV_TO_LANDING,2.1576,-1.1737,0.201,,,,0.1,-0.24,0.09,0.0,0.1037,0.0089,0.0018,,0.341,0.561,1.42,,2.2322,-1.1606,,,,
58.113,NAV_TO_LANDING,2.1625,-1.1728,0.199,,,,-0.08,-0.01,0.01,0.0,0.1021,0.0112,0.0052,,0.341,0.556,1.431,,2.2322,-1.1606,,,,
58.157,NAV_TO_LANDING,2.168,-1.1722,0.201,,,,-0.29,0.06,-0.04,0.0,0.1036,0.0113,-0.0019,,0.352,0.556,1.431,,2.2322,-1.1606,,,,
58.208,NAV_TO_LANDING,2.1742,-1.1716,0.202,,,,-0.47,0.13,-0.17,0.0,0.1079,0.0111,0.0035,,0.352,0.555,1.424,,2.2322,-1.1606,,,,
58.257,NAV_TO_LANDING,2.1798,-1.1709,0.204,,,,-0.62,0.16,-0.14,0.0,0.1097,0.0105,0.0067,,0.355,0.555,1.424,,2.2322,-1.1606,,,,
58.345,NAV_TO_LANDING,2.1875,-1.1717,0.204,,,,-0.75,0.18,-0.11,0.0,0.1184,0.0056,0.0043,,0.355,0.552,1.418,,2.2322,-1.1606,,,,
58.362,NAV_TO_LANDING,2.1934,-1.1714,0.2,,,,-0.83,0.07,-0.02,0.0,0.119,0.0046,0.0059,,0.369,0.552,1.418,,2.2322,-1.1606,,,,
58.418,NAV_TO_LANDING,2.1988,-1.1712,0.203,,,,-0.87,0.03,0.17,0.0,0.1166,0.004,-0.0048,,0.369,0.553,1.418,,2.2322,-1.1606,,,,
58.492,NAV_TO_LANDING,2.2046,-1.1717,0.2,,,,-0.85,0.02,0.2,0.0,0.115,0.0019,0.0018,,0.382,0.553,1.418,,,,,,,
58.556,NAV_TO_LANDING,2.2111,-1.1716,0.2,,,,-0.94,-0.02,0.23,-0.0,0.1164,0.0021,-0.0069,,0.382,0.556,1.405,,2.5,-1.0,,,,
58.561,NAV_TO_LANDING,2.2168,-1.1716,0.201,,,,-0.98,-0.12,0.54,-0.0,0.1131,0.0025,-0.0044,,0.394,0.556,1.405,,2.5,-1.0,,,,
58.613,NAV_TO_LANDING,2.2235,-1.1723,0.202,,,,-1.0,0.0,1.23,0.0,0.1106,0.0009,-0.0027,,0.394,0.558,1.39,,2.5,-1.0,,,,
58.668,NAV_TO_LANDING,2.2291,-1.1714,0.203,,,,-1.0,-0.31,1.08,0.0,0.0995,0.0037,-0.0011,,0.402,0.558,1.39,,2.5,-1.0,,,,
58.706,NAV_TO_LANDING,2.2332,-1.1726,0.204,,,,-0.99,-1.12,-0.47,0.0,0.0944,0.0051,0.0005,,0.402,0.56,1.371,,2.5,-1.0,,,,
58.756,NAV_TO_LANDING,2.2376,-1.1733,0.202,,,,-0.96,-1.67,-1.38,0.0,0.1006,0.0129,0.0015,,0.415,0.56,1.371,,2.5,-1.0,,,,
58.807,NAV_TO_LANDING,2.2435,-1.173,0.202,,,,-0.83,-2.12,-2.04,0.0,0.1165,0.0261,-0.0062,,0.415,0.562,1.35,,2.5,-1.0,,,,
58.857,NAV_TO_LANDING,2.2522,-1.1707,0.197,,,,-0.59,-2.21,-2.26,0.0,0.1419,0.0457,-0.0076,,0.426,0.562,1.35,,2.5,-1.0,,,,
58.907,NAV_TO_LANDING,2.2605,-1.1674,0.198,,,,-0.37,-2.31,-2.35,0.0,0.164,0.0659,-0.0194,,0.426,0.56,1.308,,2.5,-1.0,,,,
58.989,NAV_TO_LANDING,2.271,-1.1637,0.2,,,,-0.12,-2.33,-2.17,0.0,0.1888,0.0853,-0.0121,,0.448,0.56,1.308,,2.5,-1.0,,,,
59.01,NAV_TO_LANDING,2.2828,-1.1592,0.201,,,,0.18,-2.16,-1.81,0.0,0.2106,0.1023,-0.0075,,0.448,0.558,1.234,,2.5,-1.0,,,,
59.073,NAV_TO_LANDING,2.2946,-1.1542,0.203,,,,0.52,-1.81,-1.33,0.0,0.2259,0.1175,-0.0026,,0.468,0.558,1.234,,2.5,-1.0,,,,
59.126,NAV_TO_LANDING,2.3072,-1.1486,0.2,,,,0.9,-1.47,-0.99,0.0,0.2374,0.1284,-0.0016,,0.468,0.557,1.156,,2.5,-1.0,,,,
59.156,NAV_TO_LANDING,2.3227,-1.1406,0.2,,,,1.29,-1.29,-0.66,0.0,0.2534,0.1425,-0.0083,2.59,0.488,0.557,1.156,,2.5,-1.0,,,,
59.207,NAV_TO_LANDING,2.3364,-1.1336,0.198,,,,1.72,-1.24,-0.36,0.0,0.2599,0.1515,-0.0083,2.59,0.488,0.568,1.106,,2.5,-1.0,,,,
59.256,NAV_TO_LANDING,2.3504,-1.1257,0.2,,,,2.14,-1.07,0.05,0.0,0.2637,0.161,-0.0119,2.574,0.518,0.568,1.106,,2.5,-1.0,,,,
59.31,NAV_TO_LANDING,2.3636,-1.1179,0.195,,,,2.47,-0.98,0.39,0.0,0.2616,0.1681,-0.0048,2.574,0.518,0.593,1.079,,2.5,-1.0,,,,
59.383,NAV_TO_LANDING,2.3781,-1.1099,0.193,,,,2.77,-0.86,0.46,0.0,0.2615,0.1732,-0.0151,,0.547,0.593,1.079,,2.5,-1.0,,,,
59.413,NAV_TO_LANDING,2.3937,-1.1008,0.195,,,,3.11,-0.74,0.54,0.0,0.2642,0.18,-0.0137,,0.547,,1.062,,2.5,-1.0,,,,
59.457,NAV_TO_LANDING,2.4065,-1.0934,0.197,,,,3.36,-0.59,0.64,0.0,0.2585,0.1805,-0.0031,,0.576,,1.062,,2.5,-1.0,,,,
59.507,NAV_TO_LANDING,2.4197,-1.0849,0.195,,,,3.61,-0.5,0.72,0.0,0.2538,0.1823,0.0004,,0.576,,1.064,,2.5,-1.0,,,,
59.569,NAV_TO_LANDING,2.4333,-1.077,0.194,,,,3.83,-0.39,0.81,0.0,0.2504,0.1818,-0.0011,,0.609,,1.064,,2.5,-1.0,,,,
59.628,NAV_TO_LANDING,2.4455,-1.0697,0.197,,,,3.99,-0.48,1.1,0.0,0.2424,0.1793,0.0011,,0.609,,1.078,,2.5,-1.0,,,,
59.658,NAV_TO_LANDING,2.457,-1.0608,0.199,,,,4.12,-0.77,1.27,0.0,0.2308,0.1829,0.0099,0.298,0.635,,1.078,,2.5,-1.0,,,,
59.707,NAV_TO_LANDING,2.4702,-1.0525,0.2,,,,4.2,-1.15,1.22,0.0,0.2263,0.1873,0.0124,0.298,0.635,,1.09,,2.5,-1.0,,,,
59.758,NAV_TO_LANDING,2.481,-1.0445,0.196,,,,4.2,-1.04,1.39,-0.0,0.215,0.192,0.0122,0.256,0.669,,1.09,,2.5,-1.0,,,,
59.807,NAV_TO_LANDING,2.4906,-1.0356,0.194,,,,4.16,-0.11,1.98,-0.0,0.1999,0.1959,0.0003,0.256,0.669,,1.115,,2.5,-1.0,,,,
59.857,NAV_TO_LANDING,2.5007,-1.0266,0.197,,,,4.12,1.07,2.98,-0.0,0.1811,0.1887,-0.0056,0.224,0.716,,1.115,,2.5,-1.0,,,,
59.934,NAV_TO_LANDING,2.509,-1.0188,0.195,,,,4.09,1.87,3.48,-0.0,0.156,0.1717,0.0004,0.224,0.716,,1.135,,2.5,-1.0,,,,
59.957,NAV_TO_LANDING,2.5172,-1.0088,0.2,,,,4.16,2.47,3.73,-0.0,0.1284,0.1559,-0.0033,0.205,,,1.135,,2.5,-1.0,,,,
60.01,NAV_TO_LANDING,2.5227,-1.0014,0.197,,,,4.18,2.39,3.41,-0.0,0.098,0.1327,0.0077,0.205,,,1.157,,2.6725,-1.0103,,,,
60.057,NAV_TO_LANDING,2.5268,-0.9968,0.197,,,,4.23,2.47,3.12,0.0,0.073,0.1076,-0.0002,0.197,,,1.157,,2.6725,-1.0103,,,,
60.107,NAV_TO_LANDING,2.5297,-0.9913,0.195,,,,4.38,2.27,2.75,0.0,0.0481,0.0862,0.0033,0.197,,,1.17,,2.6725,-1.0103,,,,
60.156,NAV_TO_LANDING,2.5326,-0.9874,0.198,,,,4.46,1.86,2.93,0.0,0.0301,0.0678,-0.0014,0.196,,,1.17,,2.6725,-1.0103,,,,
60.223,NAV_TO_LANDING,2.5346,-0.9839,0.199,,,,4.65,1.66,2.89,0.0,0.0102,0.0531,0.0079,0.196,,,1.188,,2.6725,-1.0103,,,,
60.261,NAV_TO_LANDING,2.5355,-0.9791,0.199,,,,4.86,1.42,2.67,0.0,-0.0115,0.0435,0.0089,0.189,,,1.188,,2.6725,-1.0103,,,,
60.321,NAV_TO_LANDING,2.535,-0.9766,0.2,,,,5.0,1.21,2.4,0.0,-0.0302,0.0326,0.0092,0.189,,,1.196,,2.6725,-1.0103,,,,
60.357,NAV_TO_LANDING,2.5338,-0.9744,0.202,,,,5.16,0.88,2.0,0.0,-0.0467,0.024,0.0133,0.202,,,1.196,,2.6725,-1.0103,,,,
60.407,NAV_TO_LANDING,2.5321,-0.9725,0.2,,,,5.17,0.88,1.3,0.0,-0.0573,0.0182,0.0135,0.202,,,1.206,,2.6725,-1.0103,,,,
60.457,NAV_TO_LANDING,2.5296,-0.9703,0.198,,,,5.13,0.72,1.0,0.0,-0.0657,0.0135,0.0056,0.19,,,1.206,,2.6725,-1.0103,,,,
60.519,NAV_TO_LANDING,2.5277,-0.9685,0.198,,,,4.97,0.5,0.88,0.0,-0.0678,0.0117,0.001,0.19,,,1.204,,2.6725,-1.0103,,,,
60.573,NAV_TO_LANDING,2.5263,-0.967,0.202,,,,4.8,0.39,0.61,0.0,-0.0665,0.0118,0.0019,0.192,,,1.204,,2.6725,-1.0103,,,,
60.61,NAV_TO_LANDING,2.5249,-0.9659,0.201,,,,4.76,0.29,0.43,0.0,-0.0637,0.0116,0.0063,0.192,,,1.208,,2.6725,-1.0103,,,,
60.665,NAV_TO_LANDING,2.5222,-0.9638,0.2,,,,4.82,0.14,0.23,0.0,-0.0648,0.0136,0.0043,0.213,,,1.208,,2.6725,-1.0103,,,,
60.706,NAV_TO_LANDING,2.5211,-0.9605,0.199,,,,4.82,0.0,0.13,-0.0,-0.0597,0.0214,0.0047,0.213,,,1.205,,2.6725,-1.0103,,,,
60.757,NAV_TO_LANDING,2.5198,-0.9581,0.204,,,,4.87,-0.08,-0.31,-0.0,-0.0507,0.0282,0.0012,0.196,,,1.205,,2.5,-1.0,,,,
60.807,NAV_TO_LANDING,2.5199,-0.954,0.206,,,,4.88,0.03,-0.74,0.0,-0.0403,0.0403,0.0106,0.196,,,1.223,,2.5,-1.0,,,,
60.9,NAV_TO_LANDING,2.52,-0.9502,0.202,,,,4.98,0.26,-0.4,0.0,-0.0256,0.0454,0.0121,0.196,,,1.223,,2.5,-1.0,,,,
60.91,NAV_TO_LANDING,2.5221,-0.9465,0.203,,,,5.0,0.58,0.22,0.0,-0.0149,0.0462,0.0009,0.196,,,1.226,,2.5,-1.0,,,,
60.959,NAV_TO_LANDING,2.5257,-0.9432,0.205,,,,5.06,0.72,0.48,0.0,-0.0062,0.0424,-0.0025,0.192,,,1.226,,2.5,-1.0,,,,
61.006,NAV_TO_LANDING,2.5275,-0.941,0.203,,,,5.13,0.83,0.81,0.0,-0.0023,0.0362,0.003,0.192,,,1.235,,2.5,-1.0,,,,
61.057,NAV_TO_LANDING,2.5302,-0.9384,0.199,,,,5.16,1.05,1.06,0.0,-0.0023,0.0329,-0.0022,0.207,,,1.235,,2.5,-1.0,,,,
61.106,NAV_TO_LANDING,2.5327,-0.9364,0.203,,,,5.14,0.98,1.18,0.0,-0.0014,0.0249,-0.0128,0.207,,,1.244,,2.5,-1.0,,,,
61.163,NAV_TO_LANDING,2.5339,-0.9347,0.202,,,,5.06,1.04,1.47,0.0,-0.003,0.0182,0.0019,0.186,,,1.244,,2.5,-1.0,,,,
61.223,NAV_TO_LANDING,2.5368,-0.9329,0.198,,,,4.97,1.01,1.67,0.0,-0.0095,0.0128,-0.0049,0.186,,,1.241,,2.5,-1.0,,,,
61.272,NAV_TO_LANDING,2.5375,-0.9321,0.201,,,,4.88,0.9,1.81,0.0,-0.0154,0.004,-0.0086,0.197,,,1.241,,2.5,-1.0,,,,
61.328,NAV_TO_LANDING,2.5375,-0.9315,0.202,,,,4.72,0.78,1.73,0.0,-0.0299,-0.0027,0.0022,0.197,,,1.245,,2.5,-1.0,,,,
61.356,NAV_TO_LANDING,2.5357,-0.9318,0.202,,,,4.54,0.48,1.63,0.0,-0.0455,-0.0088,0.0035,0.181,,,1.245,,2.5,-1.0,,,,
61.406,NAV_TO_LANDING,2.5332,-0.9317,0.204,,,,4.22,0.32,1.31,0.0,-0.0548,-0.0115,0.0015,0.181,,,1.258,,2.5,-1.0,,,,
61.457,NAV_TO_LANDING,2.5317,-0.9311,0.2,,,,3.87,0.28,1.12,-0.0,-0.0568,-0.011,0.0031,0.194,,,1.258,,2.5,-1.0,,,,
61.542,NAV_TO_LANDING,2.5341,-0.9298,0.203,,,,3.5,0.29,0.53,-0.0,-0.0525,-0.0079,-0.0088,0.194,,,1.244,,2.5997,-0.7949,,,,
61.56,NAV_TO_LANDING,2.5332,-0.9286,0.203,,,,3.27,0.28,-0.07,0.0,-0.0498,-0.0072,-0.0001,0.198,,,1.244,,2.5997,-0.7949,,,,
61.609,NAV_TO_LANDING,2.5335,-0.927,0.201,,,,3.14,0.42,0.07,0.0,-0.0425,-0.005,0.0008,0.198,,,1.234,,2.5997,-0.7949,,,,
61.657,NAV_TO_LANDING,2.5333,-0.9259,0.198,,,,3.06,0.54,0.46,0.0,-0.0369,-0.0051,-0.0067,0.18,,,1.234,,2.5997,-0.7949,,,,
61.706,NAV_TO_LANDING,2.5355,-0.925,0.198,,,,3.06,0.38,0.76,0.0,-0.0332,-0.0063,-0.0063,0.18,,,1.233,,2.5997,-0.7949,,,,
61.756,NAV_TO_LANDING,2.5359,-0.9254,0.202,,,,3.02,0.14,1.33,0.0,-0.0345,-0.0083,0.0012,0.197,,,1.233,,2.5997,-0.7949,,,,
61.807,NAV_TO_LANDING,2.5363,-0.924,0.2,,,,2.93,0.24,1.3,0.0,-0.0419,-0.0057,0.0044,0.197,,,1.243,,2.5997,-0.7949,,,,
61.863,NAV_TO_LANDING,2.534,-0.9239,0.202,,,,2.87,0.2,1.24,0.0,-0.0524,-0.0073,-0.0002,0.181,,,1.243,,2.5997,-0.7949,,,,
61.919,NAV_TO_LANDING,2.5331,-0.9237,0.2,,,,2.82,-0.12,1.19,0.0,-0.058,-0.0066,0.0047,0.181,,,1.245,,2.5997,-0.7949,,,,
61.963,NAV_TO_LANDING,2.5305,-0.9237,0.2,,,,2.73,-0.17,1.28,0.0,-0.0644,-0.0009,-0.0025,0.2,,,1.245,,2.5997,-0.7949,,,,
62.006,NAV_TO_LANDING,2.5312,-0.9205,0.202,,,,2.58,-0.29,1.14,0.0,-0.0666,0.0055,0.0002,0.2,,,1.243,,2.5997,-0.7949,,,,
62.057,NAV_TO_LANDING,2.5274,-0.9188,0.202,,,,2.44,-0.2,1.08,0.0,-0.0771,0.0111,0.0022,0.186,,,1.243,,2.5997,-0.7949,,,,
62.106,NAV_TO_LANDING,2.5256,-0.9172,0.206,,,,2.31,-0.05,0.9,0.0,-0.0798,0.0138,-0.0062,0.186,,2.682,1.236,,2.5997,-0.7949,,,,
62.171,NAV_TO_LANDING,2.5231,-0.9159,0.201,,,,2.09,0.15,0.91,0.0,-0.0823,0.015,0.0025,0.204,,2.682,1.236,,2.5997,-0.7949,,,,
62.226,LANDING_REGION_SCAN,2.5218,-0.9147,0.2,,,,1.8,0.27,0.75,-0.0,-0.083,0.0127,-0.0121,0.204,,,1.233,,3.5,-2.0,,,,
62.256,LANDING_REGION_SCAN,2.5182,-0.9137,0.199,,,,1.53,0.16,0.04,-0.0,-0.0849,0.0109,-0.0103,0.191,,,1.233,,3.5,-2.0,,,,
62.307,LANDING_REGION_SCAN,2.514,-0.9133,0.198,,,,1.34,0.2,-0.45,-4.66,-0.0823,0.01,-0.0099,0.191,,,1.232,,3.5,-2.0,,,,
62.356,LANDING_REGION_SCAN,2.5107,-0.9123,0.199,,,,1.19,0.1,-0.31,0.0,-0.0767,0.01,-0.0141,0.198,,,1.232,,3.5,-2.0,,,,
62.406,LANDING_REGION_SCAN,2.5069,-0.9118,0.202,,,,1.15,-0.03,0.09,0.0,-0.0757,0.0097,-0.0096,0.198,,,1.232,,3.5,-2.0,,,,
62.481,LANDING_REGION_SCAN,2.5052,-0.9104,0.196,,,,1.29,-0.05,0.32,0.0,-0.0691,0.0136,0.0008,0.207,,,1.232,,3.5,-2.0,,,,
62.511,LANDING_REGION_SCAN,2.5051,-0.9083,0.198,,,,1.53,-0.08,0.48,0.0,-0.0646,0.017,-0.0112,0.207,,,1.239,,3.5,-2.0,,,,
62.561,LANDING_REGION_SCAN,2.5019,-0.907,0.198,,,,1.76,-0.31,0.81,0.0,-0.068,0.0192,0.0018,0.203,,,1.239,,3.5,-2.0,,,,
62.606,LANDING_REGION_SCAN,2.5,-0.9047,0.198,,,,2.03,-0.46,0.72,-4.59,-0.0711,0.0264,0.002,0.203,,,1.238,,3.5,-2.0,,,,
62.656,LANDING_REGION_SCAN,2.4978,-0.903,0.203,,,,2.25,-0.26,0.76,-5.0,-0.0743,0.0307,0.0097,0.211,,,1.238,,3.5,-2.0,,,,
62.707,LANDING_REGION_SCAN,2.495,-0.8997,0.201,,,,2.53,-0.03,0.63,-5.33,-0.0764,0.0365,0.0165,0.211,,,1.245,,3.5,-2.0,,,,
62.791,LANDING_REGION_SCAN,2.4922,-0.8966,0.202,,,,2.82,0.35,0.78,-5.75,-0.0826,0.0414,0.0104,0.218,,,1.245,,3.5,-2.0,,,,
62.814,LANDING_REGION_SCAN,2.4875,-0.893,0.202,,,,2.92,0.44,0.71,-6.19,-0.0863,0.0409,0.0126,0.218,,,1.25,,3.5,-2.0,,,,
62.863,LANDING_REGION_SCAN,2.4829,-0.8892,0.201,,,,2.84,0.7,0.54,-6.19,-0.0896,0.0389,0.0068,0.223,,,1.25,,3.5,-2.0,,,,
62.907,LANDING_REGION_SCAN,2.4802,-0.8873,0.2,,,,2.64,1.15,0.56,-0.0,-0.09,0.0343,0.0016,0.223,,,1.253,,3.5,-2.0,,,,
62.958,ROTATION_SCAN,2.4765,-0.8855,0.198,,,,2.31,1.34,0.2,-0.0,-0.0907,0.0247,-0.0079,0.232,,,1.253,,,,,,,
63.005,ROTATION_SCAN,2.4709,-0.8843,0.207,,,,1.98,1.21,-0.36,0.0,-0.0931,0.0141,-0.0082,0.232,,,1.255,,,,,,,
63.069,ROTATION_SCAN,2.4673,-0.8835,0.201,,,,1.62,1.21,-0.71,0.0,-0.0844,0.0057,0.0112,0.235,,,1.255,,,,,,,
63.124,ROTATION_SCAN,2.4629,-0.8828,0.203,,,,1.23,1.35,-0.39,0.0,-0.0801,-0.0024,-0.0028,0.235,,,1.258,,,,,,,
63.161,ROTATION_SCAN,2.4598,-0.883,0.203,,,,0.91,1.16,-0.32,0.0,-0.0737,-0.0124,0.0014,0.245,,,1.258,,,,,,,
63.216,ROTATION_SCAN,2.4558,-0.8844,0.205,,,,0.59,0.89,-0.32,0.0,-0.0726,-0.0233,-0.0043,0.245,,,1.264,,,,,,,
63.256,ROTATION_SCAN,2.4518,-0.8869,0.205,,,,0.34,0.63,-0.25,0.0,-0.0722,-0.035,-0.0041,0.252,,,1.264,,,,,,,
63.306,ROTATION_SCAN,2.4486,-0.8884,0.205,,,,0.02,0.49,-0.34,0.0,-0.0686,-0.038,-0.0086,0.252,,,1.258,,,,,,,
63.355,ROTATION_SCAN,2.4452,-0.8915,0.202,,,,-0.24,0.34,-0.18,0.0,-0.0667,-0.046,-0.0107,0.261,1.212,,1.258,,,,,,,
63.444,ROTATION_SCAN,2.4429,-0.8939,0.203,,,,-0.6,0.04,0.07,0.0,-0.0625,-0.0478,-0.0172,0.261,1.212,,1.261,,,,,,,
63.458,ROTATION_SCAN,2.4407,-0.8965,0.198,,,,-0.93,-0.13,0.2,0.0,-0.0607,-0.0485,-0.0129,0.261,,,1.261,,,,,,,
63.529,ROTATION_SCAN,2.4377,-0.8999,0.197,,,,-1.32,-0.19,0.42,0.0,-0.0627,-0.0504,-0.0244,0.261,,,1.267,,,,,,,
63.563,ROTATION_SCAN,2.4341,-0.903,0.196,,,,-1.69,-0.41,0.46,0.0,-0.0682,-0.0502,-0.0193,0.271,,,1.267,,,,,,,
63.605,ROTATION_SCAN,2.4308,-0.9049,0.194,,,,-2.13,-0.6,0.32,0.0,-0.0707,-0.0439,-0.019,0.271,,,1.28,,,,,,,
63.656,ROTATION_SCAN,2.4272,-0.907,0.197,,,,-2.47,-0.7,0.18,0.0,-0.0729,-0.0383,-0.0193,0.275,1.16,,1.28,,,,,,,
63.709,ROTATION_SCAN,2.4237,-0.9085,0.193,,,,-2.7,-0.7,0.12,-0.0,-0.0734,-0.0314,-0.0077,0.275,1.16,,1.286,,,,,,,
63.761,ROTATION_SCAN,2.4194,-0.9097,0.19,,,,-2.88,-0.69,-0.33,-0.0,-0.0749,-0.0246,-0.0106,0.281,1.151,,1.286,,,,,,,
63.82,ROTATION_SCAN,2.4157,-0.9111,0.192,,,,-3.04,-0.64,-0.78,15.0,-0.0699,-0.0199,-0.0097,0.281,1.151,,1.297,,,,,,,
63.855,ROTATION_SCAN,2.413,-0.9123,0.19,,,,-3.11,-0.65,-0.9,15.0,-0.0608,-0.0163,0.0006,0.291,1.145,,1.297,,,,,,,
63.906,ROTATION_SCAN,2.4105,-0.9127,0.189,,,,-3.06,-0.6,-0.96,15.0,-0.0512,-0.0101,0.0007,0.291,1.145,,1.306,,,,,,,
63.956,ROTATION_SCAN,2.4086,-0.913,0.189,,,,-2.88,-0.63,-0.91,15.0,-0.0412,-0.0052,0.0071,0.295,1.155,,1.306,,,,,,,
64.006,ROTATION_SCAN,2.4068,-0.9124,0.191,,,,-2.51,-0.67,-1.0,15.0,-0.0324,0.0031,0.011,0.295,1.155,,1.303,,,,,,,
64.075,ROTATION_SCAN,2.4055,-0.9117,0.192,,,,-1.94,-0.37,-1.02,15.0,-0.0233,0.0091,0.0145,0.292,1.17,,1.303,,,,,,,
64.11,ROTATION_SCAN,2.4046,-0.9109,0.198,,,,-1.19,-0.2,-1.01,15.0,-0.014,0.0124,0.017,0.292,1.17,,1.288,,,,,,,
64.155,ROTATION_SCAN,2.4056,-0.9102,0.196,,,,-0.25,-0.06,-0.79,15.0,-0.0021,0.0131,0.0295,0.293,1.206,,1.288,,,,,,,
64.206,ROTATION_SCAN,2.406,-0.9091,0.198,,,,0.86,0.24,-0.86,15.0,0.0058,0.014,0.0148,0.293,1.206,,1.255,,,,,,,
64.255,ROTATION_SCAN,2.4074,-0.9083,0.2,,,,2.01,0.34,-0.74,15.0,0.0157,0.012,0.0143,0.286,,,1.255,,,,,,,
64.306,ROTATION_SCAN,2.4089,-0.9075,0.204,,,,3.22,0.48,-0.61,15.0,0.0234,0.0099,0.0136,0.286,,,1.239,,,,,,,
64.406,ROTATION_SCAN,2.4101,-0.908,0.207,,,,4.53,0.5,-0.42,15.0,0.0273,0.0025,0.0144,0.293,,,1.239,,,,,,,
64.414,ROTATION_SCAN,2.4136,-0.9079,0.206,,,,5.78,0.37,-0.15,15.0,0.0364,-0.0005,0.015,0.293,,,1.233,,,,,,,
64.469,ROTATION_SCAN,2.4156,-0.9083,0.207,,,,6.94,0.45,0.18,15.0,0.0375,-0.0052,0.0052,0.285,,,1.233,,,,,,,
64.519,ROTATION_SCAN,2.419,-0.9098,0.205,,,,8.0,0.29,0.45,15.0,0.0397,-0.0121,0.0024,0.285,,,1.241,,,,,,,
64.555,ROTATION_SCAN,2.4212,-0.91,0.207,,,,8.92,0.18,0.54,15.0,0.0366,-0.0137,-0.0071,0.291,,,1.241,,,,,,,
64.605,ROTATION_SCAN,2.4219,-0.9116,0.203,,,,9.73,0.04,0.71,15.0,0.0287,-0.0183,-0.0081,0.291,,,1.262,,,,,,,
64.666,ROTATION_SCAN,2.4228,-0.9125,0.2,,,,10.49,-0.19,0.67,15.0,0.022,-0.0187,-0.0187,0.282,,,1.262,,,,,,,
64.726,ROTATION_SCAN,2.4233,-0.9136,0.202,,,,11.25,-0.36,0.71,15.0,0.0143,-0.0185,-0.0197,0.282,,0.646,1.285,,,,,,,
64.765,ROTATION_SCAN,2.4221,-0.9155,0.2,,,,12.0,-0.42,0.68,15.0,0.0032,-0.0189,-0.0128,0.29,,0.646,1.285,,,,,,,
64.81,ROTATION_SCAN,2.4208,-0.9165,0.197,,,,12.73,-0.41,0.55,15.0,-0.0063,-0.0169,-0.0173,0.29,,0.605,1.336,,,,,,,
64.855,ROTATION_SCAN,2.4198,-0.9151,0.196,,,,13.53,-0.47,0.48,15.0,-0.0133,-0.0087,-0.0188,0.287,0.698,0.605,1.336,,,,,,,
64.906,ROTATION_SCAN,2.413,-0.9178,0.195,,,,14.33,-0.42,0.51,15.0,-0.0334,-0.0118,-0.0157,0.287,0.698,0.566,,,,,,,,
64.955,ROTATION_SCAN,2.4124,-0.916,0.194,,,,15.14,-0.44,0.18,15.0,-0.0354,-0.0034,-0.0121,0.29,0.675,0.566,,,,,,,,
65.04,ROTATION_SCAN,2.4102,-0.915,0.195,,,,15.93,-0.28,-0.29,15.0,-0.0373,0.0024,-0.0093,0.29,0.675,0.516,1.59,,,,,,,
65.058,ROTATION_SCAN,2.4104,-0.9137,0.193,,,,16.78,-0.25,-0.75,15.0,-0.0291,0.0086,-0.0053,0.296,0.669,0.516,1.59,,,,,,,
65.11,ROTATION_SCAN,2.409,-0.9119,0.194,,,,17.6,-0.11,-0.89,15.0,-0.0233,0.0153,-0.0087,0.296,0.669,0.463,2.678,,,,,,,
65.172,ROTATION_SCAN,2.409,-0.9086,0.193,,,,18.39,0.06,-0.69,15.0,-0.0142,0.0243,0.0011,0.3,0.668,0.463,2.678,,,,,,,
65.205,ROTATION_SCAN,2.4099,-0.9067,0.193,,,,19.13,0.24,-0.58,15.0,-0.0047,0.0267,-0.0005,0.3,0.668,0.432,,,,,,,,
65.255,ROTATION_SCAN,2.4116,-0.9037,0.194,,,,19.84,0.33,-0.4,15.0,0.005,0.0303,0.001,0.297,0.665,0.432,,,,,,,,
65.305,ROTATION_SCAN,2.4138,-0.9006,0.194,,,,20.6,0.59,-0.3,15.0,0.0141,0.0324,0.0062,0.297,0.665,0.411,,,,,,,,
65.366,ROTATION_SCAN,2.4167,-0.9001,0.198,,,,21.38,0.94,-0.06,15.0,0.024,0.0242,0.007,0.302,0.668,0.411,,,,,,,,
65.444,ROTATION_SCAN,2.4191,-0.8969,0.199,,,,22.19,1.01,0.18,15.0,0.0304,0.0229,0.0122,0.302,0.668,0.399,,,,,,,,
65.465,ROTATION_SCAN,2.4223,-0.8948,0.202,,,,22.97,1.07,0.41,15.0,0.0372,0.0177,0.0108,0.299,0.674,0.399,,,,,,,,
65.505,ROTATION_SCAN,2.4244,-0.8937,0.203,,,,23.77,0.97,0.57,15.0,0.0379,0.0098,0.0144,0.299,0.674,0.39,,,,,,,,
65.556,ROTATION_SCAN,2.4275,-0.8924,0.2,,,,24.7,0.81,0.5,15.0,0.0411,0.0045,0.0092,0.294,0.674,0.39,,,,,,,,
65.606,ROTATION_SCAN,2.4298,-0.8918,0.205,,,,25.69,0.4,0.74,15.0,0.04,-0.0004,0.0004,0.294,0.674,0.382,,,,,,,,
65.686,ROTATION_SCAN,2.433,-0.8927,0.203,,,,26.59,0.19,0.9,15.0,0.0398,-0.0076,0.0082,0.299,0.683,0.382,,,,,,,,
65.705,ROTATION_SCAN,2.4353,-0.8914,0.2,,,,27.39,-0.02,1.08,15.0,0.0345,-0.0065,-0.0048,0.299,0.683,0.379,,,,,,,,
65.761,ROTATION_SCAN,2.4384,-0.8915,0.202,,,,28.18,-0.33,1.28,15.0,0.0306,-0.0085,-0.0077,0.297,0.696,0.379,,,,,,,,
65.805,ROTATION_SCAN,2.4402,-0.8914,0.198,,,,29.08,-0.25,1.34,15.0,0.0209,-0.0098,0.0001,0.297,0.696,0.373,,,,,,,,
65.855,ROTATION_SCAN,2.4427,-0.8906,0.198,,,,30.03,-0.36,1.24,15.0,0.0154,-0.0087,-0.0115,0.299,0.707,0.373,,,,,,,,
65.906,ROTATION_SCAN,2.4444,-0.8894,0.198,,,,30.95,-0.37,1.4,15.0,0.0077,-0.0067,-0.0067,0.299,0.707,0.367,,,,,,,,
65.955,ROTATION_SCAN,2.4459,-0.8893,0.195,,,,31.79,-0.45,1.59,15.0,-0.0003,-0.0086,-0.0046,0.298,0.723,0.367,,,,,,,,
66.015,ROTATION_SCAN,2.447,-0.8896,0.196,,,,32.57,-0.5,1.71,15.0,-0.0094,-0.0121,-0.0062,0.298,0.723,0.361,,,,,,,,
66.065,ROTATION_SCAN,2.4459,-0.8884,0.197,,,,33.38,-0.63,1.67,15.0,-0.0265,-0.0108,-0.0006,0.31,0.741,0.361,,,,,,,,
66.127,ROTATION_SCAN,2.4443,-0.8872,0.194,,,,34.14,-0.32,1.51,15.0,-0.0411,-0.0105,0.0026,0.31,0.741,0.353,,,,,,,,
66.154,ROTATION_SCAN,2.4422,-0.8891,0.195,,,,34.79,0.01,1.4,15.0,-0.0509,-0.0192,-0.0055,0.317,0.753,0.353,,,,,,,,
66.205,ROTATION_SCAN,2.4403,-0.8839,0.195,,,,35.56,0.19,1.23,15.0,-0.0605,-0.0105,0.0027,0.317,0.753,0.356,,,,,,,,
66.256,ROTATION_SCAN,2.4398,-0.8829,0.195,,,,36.18,0.45,0.77,15.0,-0.0584,-0.0129,-0.0022,0.322,0.766,0.356,,,,,,,,
66.327,ROTATION_SCAN,2.4384,-0.8826,0.196,,,,36.77,0.54,0.56,15.0,-0.0559,-0.0169,0.0005,0.322,0.766,0.354,,,,,,,,
66.357,ROTATION_SCAN,2.4367,-0.8826,0.194,,,,37.27,0.71,0.6,15.0,-0.0534,-0.021,0.0072,0.328,0.777,0.354,,,,,,,,
66.408,ROTATION_SCAN,2.4351,-0.8825,0.195,,,,37.76,0.87,0.68,15.0,-0.0505,-0.0259,0.0032,0.328,0.777,0.355,,,,,,,,
66.455,ROTATION_SCAN,2.4338,-0.8842,0.2,,,,38.21,0.87,0.57,15.0,-0.0463,-0.0356,0.0071,0.336,0.786,0.355,,,,,,,,
66.504,ROTATION_SCAN,2.4329,-0.8865,0.199,,,,38.66,0.9,0.56,15.0,-0.0407,-0.0446,0.0159,0.336,0.786,0.361,,,,,,,,
66.555,ROTATION_SCAN,2.432,-0.8896,0.199,,,,39.17,0.92,0.45,15.0,-0.0355,-0.0554,0.0096,0.338,0.792,0.361,,,,,,,,
66.664,ROTATION_SCAN,2.431,-0.8919,0.202,,,,39.9,0.59,0.23,15.0,-0.0314,-0.0609,0.0059,0.338,0.792,0.364,,,,,,,,
66.669,ROTATION_SCAN,2.4322,-0.8946,0.197,,,,40.67,0.19,0.16,15.0,-0.0215,-0.0629,0.0119,0.34,0.805,0.364,,,,,,,,
66.711,ROTATION_SCAN,2.4329,-0.8957,0.2,,,,41.48,-0.08,0.18,15.0,-0.0168,-0.0577,0.004,0.34,0.805,0.377,,,,,,,,
66.785,ROTATION_SCAN,2.4349,-0.8972,0.203,,,,42.31,-0.0,0.18,15.0,-0.0097,-0.0543,0.0155,0.341,0.828,0.377,,,,,,,,
66.805,ROTATION_SCAN,2.4364,-0.8989,0.201,,,,43.22,-0.23,0.13,15.0,-0.0053,-0.0512,0.0173,0.341,0.828,0.381,,,,,,,,
66.857,ROTATION_SCAN,2.4383,-0.8989,0.201,,,,44.09,-0.28,0.02,15.0,-0.0006,-0.0429,0.0101,0.348,0.845,0.381,,,,,,,,
66.905,ROTATION_SCAN,2.4389,-0.8995,0.204,,,,45.05,-0.46,0.07,15.0,-0.001,-0.0367,0.0089,0.348,0.845,0.384,,,,,,,,
66.971,ROTATION_SCAN,2.4415,-0.8997,0.201,,,,46.14,-0.67,0.12,15.0,0.0025,-0.0297,0.0116,0.353,0.881,0.384,,,,,,,,
67.047,ROTATION_SCAN,2.4426,-0.8982,0.201,,,,47.29,-0.75,0.18,15.0,0.0004,-0.0183,-0.0009,0.353,0.881,0.397,,,,,,,,
67.082,ROTATION_SCAN,2.4433,-0.8953,0.204,,,,48.5,-0.69,0.43,15.0,-0.0041,-0.0059,0.0003,0.362,0.918,0.397,,,,,,,,
67.105,ROTATION_SCAN,2.4445,-0.8913,0.204,,,,49.82,-0.66,0.66,15.0,-0.0073,0.0062,0.0046,0.362,0.918,0.415,,,,,,,,
67.155,ROTATION_SCAN,2.444,-0.8903,0.202,,,,51.03,-0.51,0.88,15.0,-0.0149,0.0068,0.0036,0.381,0.962,0.415,,,,,,,,
67.204,ROTATION_SCAN,2.4449,-0.8861,0.203,,,,52.16,-0.21,1.1,15.0,-0.0202,0.0134,-0.0038,0.381,0.962,0.464,,,,,,,,
67.286,ROTATION_SCAN,2.4434,-0.8835,0.203,,,,53.04,-0.01,1.17,15.0,-0.0262,0.0115,-0.0021,,0.99,0.464,,,,,,,,
67.309,ROTATION_SCAN,2.4412,-0.8822,0.202,,,,53.7,0.15,1.27,15.0,-0.0342,0.0056,-0.0032,,0.99,0.594,,,,,,,,
67.357,ROTATION_SCAN,2.4389,-0.8811,0.202,,,,54.2,0.27,1.38,15.0,-0.0407,-0.0015,-0.0062,,1.008,0.594,,,,,,,,
67.405,ROTATION_SCAN,2.4371,-0.8798,0.203,,,,54.52,0.53,1.53,15.0,-0.0439,-0.0079,-0.0033,,1.008,1.193,,,,,,,,
67.455,ROTATION_SCAN,2.4348,-0.8796,0.203,,,,54.7,0.67,1.49,15.0,-0.05,-0.0188,-0.0004,,1.016,1.193,,,,,,,,
67.506,ROTATION_SCAN,2.4317,-0.8815,0.202,,,,54.79,0.84,1.54,15.0,-0.0524,-0.0358,0.0008,,1.016,1.285,,,,,,,,
67.554,ROTATION_SCAN,2.4299,-0.8831,0.203,,,,54.76,1.01,1.03,15.0,-0.05,-0.0484,-0.0015,,1.015,1.285,,,,,,,,
67.604,ROTATION_SCAN,2.4281,-0.8854,0.199,,,,54.8,0.96,0.79,15.0,-0.0443,-0.0568,-0.0,,1.015,1.306,,,,,,,,
67.661,ROTATION_SCAN,2.4277,-0.8872,0.2,,,,55.03,1.03,0.29,15.0,-0.0362,-0.0633,-0.0108,,1.015,1.306,,,,,,,,
67.705,ROTATION_SCAN,2.4279,-0.8903,0.201,,,,55.41,0.79,-0.01,15.0,-0.024,-0.0699,-0.0043,,1.015,1.348,,,,,,,,
67.754,ROTATION_SCAN,2.4288,-0.8942,0.199,,,,55.86,0.54,-0.07,15.0,-0.0131,-0.0717,0.001,,1.029,1.348,,,,,,,,
67.806,ROTATION_SCAN,2.4292,-0.8962,0.2,,,,56.41,0.36,-0.13,15.0,-0.0064,-0.0682,0.0011,,1.029,1.352,,,,,,,,
67.867,ROTATION_SCAN,2.4296,-0.8988,0.202,,,,57.1,0.18,-0.09,15.0,0.0005,-0.0648,0.0057,,1.051,1.352,,,,,,,,
67.923,ROTATION_SCAN,2.4314,-0.9019,0.203,,,,57.86,-0.15,-0.13,15.0,0.0047,-0.0647,0.004,,1.051,1.351,,,,,,,,
67.964,ROTATION_SCAN,2.4334,-0.9031,0.202,,,,58.74,-0.51,-0.12,15.0,0.0088,-0.0561,0.0098,,1.087,1.351,,,,,,,,
68.005,ROTATION_SCAN,2.4346,-0.9048,0.205,,,,59.7,-0.74,0.02,15.0,0.0074,-0.0503,0.0064,,1.087,1.378,,,,,,,,
68.055,ROTATION_SCAN,2.4355,-0.9061,0.206,,,,60.7,-1.16,-0.03,15.0,0.0025,-0.0429,0.0143,,1.137,1.378,,,,,,,,
68.105,ROTATION_SCAN,2.4368,-0.9044,0.208,,,,61.88,-1.04,-0.05,15.0,-0.0016,-0.0265,0.012,,1.137,1.407,,,,,,,,
68.155,ROTATION_SCAN,2.4359,-0.9045,0.21,,,,63.19,-1.0,-0.1,15.0,-0.0106,-0.0184,0.011,,1.201,1.407,,,,,,,,
68.235,ROTATION_SCAN,2.4346,-0.8981,0.209,,,,64.44,-0.95,-0.15,15.0,-0.0198,0.0085,0.0088,,1.201,1.459,,,,,,,,
68.257,ROTATION_SCAN,2.433,-0.8968,0.208,,,,65.46,-0.98,-0.13,15.0,-0.0279,0.0159,-0.0034,,,1.459,,,,,,,,
68.306,ROTATION_SCAN,2.4305,-0.8952,0.205,,,,66.17,-0.67,0.2,15.0,-0.0371,0.0212,-0.0102,,,1.527,0.326,,,,,,,
68.354,ROTATION_SCAN,2.4289,-0.891,0.202,,,,66.74,-0.39,0.4,15.0,-0.0417,0.0301,-0.0163,,,1.527,0.326,,,,,,,
68.405,ROTATION_SCAN,2.4255,-0.8903,0.201,,,,67.22,-0.09,0.65,15.0,-0.0485,0.0252,-0.0202,,,1.571,0.309,,,,,,,
68.455,ROTATION_SCAN,2.4232,-0.8879,0.199,,,,67.79,0.42,0.99,15.0,-0.0502,0.0221,-0.0183,,,1.571,0.309,,,,,,,
68.505,ROTATION_SCAN,2.4195,-0.885,0.2,,,,68.51,0.74,1.05,15.0,-0.0524,0.0183,-0.0194,,,1.59,0.304,,,,,,,
68.556,ROTATION_SCAN,2.4177,-0.8848,0.199,,,,69.3,0.97,1.23,15.0,-0.0469,0.0054,-0.0123,,,1.59,0.304,,,,,,,
68.619,ROTATION_SCAN,2.4151,-0.883,0.194,,,,70.16,1.19,1.32,15.0,-0.0432,-0.0023,-0.0124,,,1.582,0.299,,,,,,,
68.654,ROTATION_SCAN,2.4131,-0.883,0.193,,,,71.01,1.16,1.3,15.0,-0.0376,-0.0146,-0.0207,,,1.582,0.299,,,,,,,
68.704,ROTATION_SCAN,2.4114,-0.8837,0.195,,,,71.87,1.24,1.31,15.0,-0.031,-0.0274,-0.0142,,,1.552,0.302,,,,,,,
68.755,ROTATION_SCAN,2.4103,-0.8857,0.194,,,,72.85,1.24,1.33,15.0,-0.0229,-0.0426,-0.0032,,,1.552,0.302,,,,,,,
68.815,ROTATION_SCAN,2.4087,-0.8904,0.199,,,,73.88,1.26,1.13,15.0,-0.0185,-0.064,-0.0022,,,,0.299,,,,,,,
68.875,ROTATION_SCAN,2.4076,-0.8932,0.195,,,,75.02,1.15,0.68,15.0,-0.0114,-0.0725,0.0139,,,,0.299,,,,,,,
68.913,ROTATION_SCAN,2.4073,-0.8961,0.197,,,,76.17,1.11,0.22,15.0,-0.0025,-0.0756,0.0018,,,,0.299,,,,,,,
68.97,ROTATION_SCAN,2.4079,-0.8986,0.202,,,,77.19,0.8,-0.04,15.0,0.0084,-0.0729,0.013,,,,0.299,,,,,,,
69.004,ROTATION_SCAN,2.4083,-0.9017,0.202,,,,78.15,0.65,-0.17,15.0,0.0143,-0.0715,0.0181,,,1.187,0.297,,,,,,,
69.055,ROTATION_SCAN,2.4096,-0.904,0.201,,,,79.02,0.46,-0.35,15.0,0.0216,-0.0655,0.0111,,1.71,1.187,0.297,,,,,,,
69.105,ROTATION_SCAN,2.4103,-0.9077,0.203,,,,79.72,0.37,-0.51,15.0,0.0239,-0.0645,0.0012,,1.71,1.153,0.299,,,,,,,
69.189,ROTATION_SCAN,2.4122,-0.9088,0.205,,,,80.31,0.15,-0.55,15.0,0.03,-0.0532,0.007,,1.649,1.153,0.299,,,,,,,
69.204,ROTATION_SCAN,2.4137,-0.909,0.203,,,,80.69,-0.18,-0.7,15.0,0.0317,-0.0396,0.0086,,1.649,1.143,0.296,,,,,,,
69.264,ROTATION_SCAN,2.4141,-0.908,0.203,,,,81.03,-0.37,-0.72,15.0,0.0279,-0.0236,-0.0004,,1.604,1.143,0.296,,,,,,,
69.304,ROTATION_SCAN,2.4151,-0.906,0.205,,,,81.4,-0.44,-0.67,15.0,0.025,-0.0073,0.0007,,1.604,1.139,0.293,,,,,,,
69.355,ROTATION_SCAN,2.4148,-0.9028,0.205,,,,81.79,-0.59,-0.6,15.0,0.0175,0.0102,0.0029,,1.584,1.139,0.293,,,,,,,
69.403,ROTATION_SCAN,2.4152,-0.8989,0.203,,,,82.23,-0.46,-0.45,15.0,0.0127,0.0254,-0.0029,,1.584,1.132,0.294,,,,,,,
69.456,ROTATION_SCAN,2.4126,-0.8954,0.201,,,,82.64,-0.51,-0.11,15.0,0.0002,0.0359,-0.0046,,1.535,1.132,0.294,,,,,,,
69.506,ROTATION_SCAN,2.4116,-0.8906,0.202,,,,83.13,-0.25,0.27,15.0,-0.006,0.0453,-0.0069,,1.535,1.122,0.299,,,,,,,
69.588,ROTATION_SCAN,2.4093,-0.8861,0.203,,,,83.51,0.14,0.59,15.0,-0.013,0.0492,-0.0021,,1.489,1.122,0.299,,,,,,,
69.607,ROTATION_SCAN,2.407,-0.882,0.202,,,,83.94,0.45,0.94,15.0,-0.0165,0.0484,0.0002,,1.489,1.114,0.3,,,,,,,
69.654,ROTATION_SCAN,2.4057,-0.8783,0.203,,,,84.48,0.56,1.33,15.0,-0.0147,0.044,0.0012,,1.453,1.114,0.3,,,,,,,
69.705,ROTATION_SCAN,2.4035,-0.8754,0.203,,,,85.27,0.65,1.48,15.0,-0.0159,0.0346,0.0082,,1.453,1.107,0.3,,,,,,,
69.768,ROTATION_SCAN,2.4024,-0.8732,0.203,,,,86.15,0.78,1.64,15.0,-0.012,0.0234,0.0049,,1.41,1.107,0.3,,,,,,,
69.835,ROTATION_SCAN,2.4014,-0.8716,0.205,,,,87.09,0.84,1.8,15.0,-0.0078,0.0112,-0.0017,,1.41,1.098,0.305,,,,,,,
69.862,ROTATION_SCAN,2.4014,-0.87,0.206,,,,88.08,0.81,2.01,15.0,-0.0005,-0.0006,-0.0006,,1.366,1.098,0.305,,,,,,,
69.94,ROTATION_SCAN,2.4011,-0.8706,0.205,,,,89.12,0.75,2.05,15.0,0.0042,-0.0185,0.0024,,1.366,1.112,0.303,,,,,,,
69.965,ROTATION_SCAN,2.3985,-0.871,0.205,,,,90.25,0.69,2.11,15.0,-0.0013,-0.0346,-0.0004,,1.324,1.112,0.303,,,,,,,
70.004,ROTATION_SCAN,2.3968,-0.8713,0.202,,,,91.47,0.67,2.14,15.0,-0.0024,-0.0479,-0.0042,,1.324,1.119,0.306,,,,,,,
70.055,ROTATION_SCAN,2.3966,-0.8723,0.208,,,,92.63,0.74,1.7,15.0,0.0034,-0.0585,-0.0112,,1.295,1.119,0.306,,,,,,,
70.13,ROTATION_SCAN,2.3971,-0.8758,0.202,,,,93.75,0.74,1.68,15.0,0.011,-0.0732,0.0024,,1.295,1.177,0.306,,,,,,,
70.158,ROTATION_SCAN,2.3964,-0.878,0.204,,,,94.81,0.77,1.47,15.0,0.0132,-0.0816,-0.016,,1.276,1.177,0.306,,,,,,,
70.218,ROTATION_SCAN,2.3965,-0.8818,0.2,,,,95.78,0.74,1.33,15.0,0.0178,-0.0919,-0.0058,,1.276,,0.307,,,,,,,
70.254,ROTATION_SCAN,2.3963,-0.884,0.203,,,,96.66,0.85,1.02,15.0,0.0214,-0.0934,-0.0155,0.631,1.267,,0.307,,,,,,,
70.304,ROTATION_SCAN,2.3971,-0.8882,0.2,,,,97.55,0.74,0.71,15.0,0.0277,-0.0981,-0.0067,0.631,1.267,,0.309,,,,,,,
70.355,ROTATION_SCAN,2.397,-0.8913,0.199,,,,98.43,0.7,0.39,15.0,0.0287,-0.0964,-0.0108,0.57,1.265,,0.309,,,,,,,
70.404,ROTATION_SCAN,2.398,-0.8952,0.202,,,,99.29,0.62,0.06,15.0,0.0328,-0.0946,-0.0125,0.57,1.265,,0.306,,,,,,,
70.472,ROTATION_SCAN,2.3992,-0.8994,0.196,,,,100.24,0.72,-0.04,15.0,0.0364,-0.0919,-0.0091,0.53,1.277,,0.306,,,,,,,
70.514,ROTATION_SCAN,2.4,-0.9017,0.198,,,,101.21,0.75,-0.34,15.0,0.0388,-0.0826,-0.0197,0.53,1.277,,0.309,,,,,,,
70.561,ROTATION_SCAN,2.4018,-0.9046,0.196,,,,102.12,0.69,-0.59,15.0,0.0436,-0.0741,-0.0128,0.494,1.311,,0.309,,,,,,,
70.604,ROTATION_SCAN,2.4042,-0.9062,0.198,,,,103.0,0.58,-0.75,15.0,0.0481,-0.0615,-0.0176,0.494,1.311,,0.305,,,,,,,
70.654,ROTATION_SCAN,2.4059,-0.9081,0.2,,,,103.87,0.35,-0.91,15.0,0.0486,-0.0506,-0.0106,0.454,1.361,,0.305,,,,,,,
70.704,ROTATION_SCAN,2.4075,-0.9072,0.196,,,,104.79,0.12,-1.05,15.0,0.0461,-0.0318,-0.0066,0.454,1.361,,0.304,,,,,,,
70.79,ROTATION_SCAN,2.4082,-0.9048,0.195,,,,105.71,-0.12,-1.15,15.0,0.0397,-0.0109,-0.0125,0.424,1.657,,0.304,,,,,,,
70.805,ROTATION_SCAN,2.4089,-0.9034,0.191,,,,106.6,-0.27,-0.95,15.0,0.0317,0.0036,-0.005,0.424,1.657,,0.304,,,,,,,
70.86,ROTATION_SCAN,2.4086,-0.8993,0.195,,,,107.47,-0.3,-0.59,15.0,0.0218,0.0213,-0.0096,0.392,,,0.304,,,,,,,
70.907,ROTATION_SCAN,2.4093,-0.8957,0.193,,,,108.21,-0.44,-0.2,15.0,0.0164,0.0311,0.0076,0.392,,0.685,0.31,,,,,,,
70.954,ROTATION_SCAN,2.4082,-0.8895,0.196,,,,108.78,-0.35,0.11,15.0,0.0059,0.045,0.0021,0.372,2.949,0.685,0.31,,,,,,,
71.004,ROTATION_SCAN,2.4072,-0.8846,0.195,,,,109.2,-0.07,0.71,15.0,0.0008,0.0498,0.0058,0.372,2.949,0.679,0.314,,,,,,,
71.055,ROTATION_SCAN,2.4059,-0.8802,0.197,,,,109.48,0.09,1.24,15.0,-0.0016,0.0492,-0.0039,0.354,2.956,0.679,0.314,,,,,,,
71.121,ROTATION_SCAN,2.404,-0.8762,0.197,,,,109.77,0.16,1.73,15.0,-0.0025,0.0436,0.0011,0.354,2.956,0.686,0.317,,,,,,,
71.154,ROTATION_SCAN,2.4035,-0.8739,0.199,,,,110.07,0.22,2.21,15.0,0.0022,0.0307,-0.0024,0.346,,0.686,0.317,,,,,,,
71.212,ROTATION_SCAN,2.4034,-0.8711,0.197,,,,110.4,0.23,2.3,15.0,0.0092,0.0182,-0.002,0.346,,0.691,0.318,,,,,,,
71.254,ROTATION_SCAN,2.4034,-0.8708,0.194,,,,110.81,0.26,2.46,15.0,0.0157,-0.0003,-0.0061,0.335,,0.691,0.318,,,,,,,
71.305,ROTATION_SCAN,2.4038,-0.8706,0.194,,,,111.23,0.25,2.3,15.0,0.0229,-0.0172,-0.0117,0.335,,0.681,0.317,,,,,,,
71.353,ROTATION_SCAN,2.405,-0.8718,0.193,,,,111.73,0.06,2.11,15.0,0.0315,-0.0342,-0.0081,0.334,,0.681,0.317,,,,,,,
71.439,ROTATION_SCAN,2.4057,-0.8739,0.192,,,,112.33,-0.18,1.77,15.0,0.0332,-0.0509,-0.0077,0.334,,0.671,0.321,,,,,,,
71.454,ROTATION_SCAN,2.4074,-0.8775,0.194,,,,113.15,-0.17,1.4,15.0,0.0365,-0.0663,-0.0045,0.33,,0.671,0.321,,,,,,,
71.506,ROTATION_SCAN,2.4083,-0.8822,0.193,,,,114.12,-0.12,1.16,15.0,0.0359,-0.0814,-0.0014,0.33,,0.666,0.324,,,,,,,
71.553,ROTATION_SCAN,2.4103,-0.8891,0.191,,,,115.19,-0.09,0.85,15.0,0.0392,-0.0978,-0.0041,0.333,2.665,0.666,0.324,,,,,,,
71.605,ROTATION_SCAN,2.4118,-0.8931,0.191,,,,116.18,-0.02,0.24,15.0,0.0389,-0.0999,-0.0023,0.333,2.665,0.65,0.327,,,,,,,
71.654,ROTATION_SCAN,2.4123,-0.8965,0.191,,,,117.19,0.09,-0.13,15.0,0.0347,-0.0961,0.0024,0.34,,0.65,0.327,,,,,,,
71.703,ROTATION_SCAN,2.4128,-0.8999,0.192,,,,118.18,0.27,-0.41,15.0,0.0302,-0.0902,0.004,0.34,,0.654,0.329,,,,,,,
71.756,ROTATION_SCAN,2.4138,-0.9026,0.192,,,,119.13,0.48,-0.76,15.0,0.0287,-0.079,0.0078,0.346,2.899,0.654,0.329,,,,,,,
71.816,ROTATION_SCAN,2.4153,-0.9083,0.198,,,,120.04,0.75,-0.81,15.0,0.0303,-0.0765,0.0089,0.346,2.899,0.664,0.337,,,,,,,
71.854,ROTATION_SCAN,2.4156,-0.91,0.197,,,,120.94,0.96,-1.02,15.0,0.0286,-0.0604,0.0236,0.354,,0.664,0.337,,,,,,,
71.904,ROTATION_SCAN,2.4173,-0.912,0.196,,,,121.72,1.08,-1.09,15.0,0.0315,-0.046,0.0169,0.354,,0.671,0.339,,,,,,,
71.954,ROTATION_SCAN,2.4176,-0.9132,0.197,,,,122.52,1.21,-1.1,15.0,0.0314,-0.0304,0.0107,0.358,,0.671,0.339,,,,,,,
72.012,ROTATION_SCAN,2.4201,-0.9137,0.198,,,,123.32,1.03,-1.0,15.0,0.0364,-0.0157,0.0157,0.358,,0.685,0.345,,,,,,,
72.09,ROTATION_SCAN,2.4216,-0.9113,0.201,,,,124.09,0.82,-0.83,15.0,0.0375,0.0044,0.017,0.362,,0.685,0.345,,,,,,,
72.103,ROTATION_SCAN,2.4229,-0.9081,0.198,,,,124.85,0.37,-0.79,15.0,0.0363,0.0217,0.0173,0.362,,0.699,0.345,,,,,,,
72.156,ROTATION_SCAN,2.4242,-0.9046,0.199,,,,125.59,-0.06,-0.5,15.0,0.033,0.0344,0.008,0.36,,0.699,0.345,,,,,,,
72.208,ROTATION_SCAN,2.4243,-0.8997,0.202,,,,126.29,-0.49,-0.23,15.0,0.0252,0.046,0.0129,0.36,,0.716,0.348,,,,,,,
72.254,ROTATION_SCAN,2.4236,-0.8966,0.202,,,,127.06,-0.54,0.04,15.0,0.0159,0.0473,0.0098,0.353,,0.716,0.348,,,,,,,
72.303,ROTATION_SCAN,2.4233,-0.893,0.199,,,,127.92,-0.7,0.32,15.0,0.0094,0.0473,-0.0026,0.353,,0.733,0.348,,,,,,,
72.354,ROTATION_SCAN,2.4217,-0.8894,0.2,,,,128.77,-0.96,0.37,15.0,0.0005,0.0453,-0.009,0.351,,0.733,0.348,,,,,,,
72.415,ROTATION_SCAN,2.4196,-0.8867,0.197,,,,129.69,-1.21,0.59,15.0,-0.0101,0.0383,-0.0044,0.351,,0.745,0.353,,,,,,,
72.475,ROTATION_SCAN,2.4182,-0.8844,0.199,,,,130.6,-1.14,0.95,15.0,-0.0168,0.0292,-0.0113,0.353,,0.745,0.353,,,,,,,
72.504,ROTATION_SCAN,2.4164,-0.882,0.197,,,,131.5,-1.06,1.17,15.0,-0.0214,0.019,-0.0001,0.353,,0.761,0.361,,,,,,,
72.555,ROTATION_SCAN,2.4136,-0.881,0.197,,,,132.48,-1.21,1.55,15.0,-0.0267,0.0048,-0.003,0.355,,0.761,0.361,,,,,,,
72.603,ROTATION_SCAN,2.4111,-0.8806,0.2,,,,133.35,-0.99,1.66,15.0,-0.0288,-0.0107,0.0009,0.355,,0.775,0.378,,,,,,,
72.654,ROTATION_SCAN,2.4075,-0.8812,0.202,,,,134.21,-0.68,1.9,15.0,-0.0323,-0.0272,0.0139,0.368,,0.775,0.378,,,,,,,
72.732,ROTATION_SCAN,2.4053,-0.8824,0.201,,,,135.1,-0.21,1.83,15.0,-0.0276,-0.0405,0.0116,0.368,,0.791,0.394,,,,,,,
72.757,ROTATION_SCAN,2.4036,-0.8848,0.203,,,,136.1,0.09,1.77,15.0,-0.0191,-0.0527,0.0111,0.386,,0.791,0.394,,,,,,,
72.804,ROTATION_SCAN,2.4023,-0.8876,0.199,,,,137.15,0.22,1.52,15.0,-0.0105,-0.0618,0.0165,0.386,,0.804,0.419,,,,,,,
72.854,ROTATION_SCAN,2.4015,-0.8898,0.201,,,,138.21,0.46,1.2,15.0,-0.002,-0.0647,0.0032,0.532,,0.804,0.419,,,,,,,
72.904,ROTATION_SCAN,2.4005,-0.8938,0.204,,,,139.18,0.86,1.02,15.0,0.0041,-0.0705,0.008,0.532,,0.828,,,,,,,,
72.954,ROTATION_SCAN,2.4009,-0.897,0.202,,,,140.08,1.15,0.86,15.0,0.0154,-0.068,0.0143,1.272,,0.828,,,,,,,,
73.044,ROTATION_SCAN,2.4,-0.8993,0.203,,,,140.94,1.46,0.71,15.0,0.0213,-0.061,0.0038,1.272,,0.862,,,,,,,,
73.054,ROTATION_SCAN,2.4017,-0.9025,0.203,,,,141.74,1.17,0.48,15.0,0.0337,-0.0562,0.0098,1.287,,0.862,,,,,,,,
73.113,ROTATION_SCAN,2.4035,-0.9044,0.203,,,,142.55,1.18,0.22,15.0,0.0424,-0.0479,0.0071,1.287,,0.893,,,,,,,,
73.154,ROTATION_SCAN,2.4059,-0.9066,0.206,,,,143.26,0.96,-0.02,15.0,0.0491,-0.0408,0.005,1.308,,0.893,,,,,,,,
73.203,ROTATION_SCAN,2.4084,-0.9074,0.203,,,,143.93,0.85,-0.3,15.0,0.0531,-0.0299,0.0082,1.308,,0.923,,,,,,,,
73.253,ROTATION_SCAN,2.411,-0.908,0.203,,,,144.6,0.8,-0.38,15.0,0.0544,-0.02,0.0012,1.32,,0.923,,,,,,,,
73.312,ROTATION_SCAN,2.4134,-0.909,0.205,,,,145.2,0.78,-0.49,15.0,0.0543,-0.0128,0.0009,1.32,,0.944,,,,,,,,
73.368,ROTATION_SCAN,2.415,-0.9078,0.204,,,,145.87,0.72,-0.54,15.0,0.0515,0.0005,0.002,1.333,,0.944,,,,,,,,
73.404,ROTATION_SCAN,2.4177,-0.9072,0.206,,,,146.53,0.57,-0.43,15.0,0.0514,0.0092,-0.0017,1.333,,0.962,,,,,,,,
73.461,ROTATION_SCAN,2.4171,-0.9051,0.202,,,,147.18,0.25,-0.38,15.0,0.0426,0.0197,0.0037,1.341,,0.962,,,,,,,,
73.503,ROTATION_SCAN,2.4163,-0.904,0.203,,,,147.81,-0.22,-0.43,15.0,0.033,0.0229,-0.0037,1.341,,0.99,,,,,,,,
73.553,ROTATION_SCAN,2.413,-0.9032,0.203,,,,148.44,-0.61,-0.11,15.0,0.0164,0.0217,0.0035,1.36,,0.99,,,,,,,,
73.603,ROTATION_SCAN,2.4105,-0.8992,0.207,,,,149.01,-0.84,0.1,15.0,0.0045,0.0253,0.0039,1.36,,1.006,,,,,,,,
73.682,ROTATION_SCAN,2.408,-0.8974,0.203,,,,149.61,-0.99,0.26,15.0,-0.0055,0.0201,0.0078,1.368,,1.006,,,,,,,,
73.708,ROTATION_SCAN,2.4058,-0.8961,0.202,,,,150.22,-0.88,0.63,15.0,-0.0183,0.0101,-0.0029,1.368,,1.024,,,,,,,,
73.755,ROTATION_SCAN,2.4001,-0.8959,0.203,,,,150.81,-0.85,0.77,15.0,-0.0245,0.0028,-0.008,1.395,,1.024,,,,,,,,
73.802,ROTATION_SCAN,2.3971,-0.896,0.204,,,,151.33,-0.75,0.95,15.0,-0.0265,-0.006,-0.0047,1.395,,1.048,,,,,,,,
73.853,ROTATION_SCAN,2.3927,-0.8977,0.202,,,,151.81,-0.61,1.31,15.0,-0.0314,-0.0204,-0.0018,1.424,,1.048,,,,,,,,
73.903,ROTATION_SCAN,2.3899,-0.8998,0.202,,,,152.26,-0.3,1.45,15.0,-0.0289,-0.0304,-0.0079,1.424,,1.059,,,,,,,,
73.953,ROTATION_SCAN,2.3865,-0.902,0.202,,,,152.72,-0.02,1.58,15.0,-0.0239,-0.0415,-0.0074,1.462,,1.059,,,,,,,,
74.018,ROTATION_SCAN,2.3846,-0.9037,0.205,,,,153.22,0.42,1.54,15.0,-0.0165,-0.0478,-0.0066,1.462,,1.069,,,,,,,,
74.054,ROTATION_SCAN,2.3823,-0.9081,0.201,,,,153.76,0.7,1.57,15.0,-0.0076,-0.0535,-0.0006,1.502,,1.069,,,,,,,,
74.104,ROTATION_SCAN,2.3803,-0.9118,0.203,,,,154.32,1.02,1.66,15.0,0.0001,-0.0565,-0.0091,1.502,,1.083,,,,,,,,
74.153,ROTATION_SCAN,2.3789,-0.9144,0.205,,,,154.84,1.35,1.72,15.0,0.0125,-0.0539,0.0002,1.559,,1.083,,,,,,,,
74.204,ROTATION_SCAN,2.3796,-0.9174,0.206,,,,155.34,1.67,1.64,15.0,0.0278,-0.0488,-0.0013,1.559,,,,,,,,,,
74.253,ROTATION_SCAN,2.3806,-0.9207,0.203,,,,155.83,1.79,1.46,15.0,0.0444,-0.0457,-0.0012,1.563,,,,,,,,,,
74.348,ROTATION_SCAN,2.3829,-0.9224,0.201,,,,156.32,1.88,1.34,15.0,0.0597,-0.0371,-0.0067,1.563,,,,,,,,,,
74.354,ROTATION_SCAN,2.3849,-0.9247,0.203,,,,156.88,1.98,0.93,15.0,0.0725,-0.0266,-0.0124,1.564,,,,,,,,,,
74.426,ROTATION_SCAN,2.3892,-0.9258,0.199,,,,157.52,1.78,0.57,15.0,0.0823,-0.0124,-0.0044,1.564,,,,,,,,,,
74.453,ROTATION_SCAN,2.3918,-0.9259,0.201,,,,158.19,1.48,0.31,15.0,0.0879,-0.0007,-0.0108,1.541,,,,,,,,,,
74.504,ROTATION_SCAN,2.3944,-0.926,0.2,,,,158.87,1.11,0.02,15.0,0.0915,0.0094,-0.0014,1.541,,,,,,,,,,
74.553,ROTATION_SCAN,2.3968,-0.9256,0.203,,,,159.58,0.96,-0.26,15.0,0.086,0.0196,-0.0063,1.463,0.366,,,,,,,,,
74.607,ROTATION_SCAN,2.4,-0.9244,0.201,,,,160.29,0.71,-0.45,15.0,0.0822,0.026,-0.0034,1.463,0.366,,,,,,,,,
74.663,ROTATION_SCAN,2.4013,-0.9232,0.2,,,,161.03,0.65,-0.56,15.0,0.0744,0.0332,-0.0076,1.331,0.347,,,,,,,,,
74.724,ROTATION_SCAN,2.4031,-0.9208,0.2,,,,161.78,0.25,-0.56,15.0,0.0659,0.0413,-0.0043,1.331,0.347,,,,,,,,,
74.752,ROTATION_SCAN,2.4045,-0.9186,0.196,,,,162.48,0.12,-0.51,15.0,0.0574,0.0453,-0.0006,1.24,0.33,,,,,,,,,
74.803,ROTATION_SCAN,2.405,-0.916,0.2,,,,163.18,-0.24,-0.34,15.0,0.047,0.0477,-0.0042,1.24,0.33,,,,,,,,,
74.853,ROTATION_SCAN,2.4056,-0.9143,0.201,,,,163.84,-0.49,-0.25,15.0,0.0389,0.0441,0.0078,1.199,0.326,,,,,,,,,
74.903,ROTATION_SCAN,2.4062,-0.9106,0.199,,,,164.55,-0.55,-0.08,15.0,0.0317,0.0449,0.0079,1.199,0.326,,,,,,,,,
74.984,ROTATION_SCAN,2.4066,-0.9092,0.199,,,,165.23,-0.54,0.1,15.0,0.0271,0.0384,0.0018,1.169,0.323,,,,,,,,,
75.003,ROTATION_SCAN,2.4065,-0.9081,0.203,,,,165.94,-0.5,0.23,15.0,0.0229,0.0319,0.0038,1.169,0.323,2.225,,,,,,,,
75.065,ROTATION_SCAN,2.407,-0.9064,0.202,,,,166.62,-0.4,0.31,15.0,0.022,0.0278,0.0096,1.146,0.322,2.225,,,,,,,,
75.105,ROTATION_SCAN,2.4061,-0.9059,0.203,,,,167.34,-0.51,0.38,15.0,0.0173,0.021,0.0045,1.146,0.322,,,,,,,,,
75.152,ROTATION_SCAN,2.4054,-0.9022,0.199,,,,168.17,-0.41,0.47,15.0,0.0138,0.0236,0.0054,1.122,0.318,,,,,,,,,
75.203,ROTATION_SCAN,2.4047,-0.9016,0.203,,,,168.93,-0.2,0.72,15.0,0.0133,0.0185,-0.0038,1.122,0.318,1.811,,,,,,,,
75.29,ROTATION_SCAN,2.4049,-0.9003,0.2,,,,169.72,-0.22,0.96,15.0,0.0178,0.0163,0.0059,1.115,0.325,1.811,,,,,,,,
75.312,ROTATION_SCAN,2.4064,-0.9,0.198,,,,170.47,-0.3,0.95,15.0,0.0272,0.012,-0.0058,1.115,0.325,,,,,,,,,
75.362,ROTATION_SCAN,2.4087,-0.9012,0.201,,,,171.15,-0.52,0.87,15.0,0.0368,0.0024,-0.0077,1.108,0.322,,,,,,,,,
75.408,ROTATION_SCAN,2.4083,-0.9025,0.202,,,,171.63,-0.52,0.85,15.0,0.0373,-0.0079,0.0007,1.108,0.322,1.693,,,,,,,,
75.452,ROTATION_SCAN,2.4119,-0.9053,0.202,,,,172.15,-0.41,0.6,15.0,0.0482,-0.0187,0.0006,1.1,0.317,1.693,,,,,,,,
75.502,ROTATION_SCAN,2.4137,-0.9063,0.2,,,,172.64,-0.2,0.38,15.0,0.0496,-0.022,-0.0042,1.1,0.317,1.629,,,,,,,,
75.552,ROTATION_SCAN,2.4145,-0.9077,0.2,,,,173.15,-0.04,0.01,15.0,0.0453,-0.0239,-0.0096,1.097,0.312,1.629,,,,,,,,
75.628,ROTATION_SCAN,2.4182,-0.9109,0.201,,,,173.7,-0.0,-0.21,15.0,0.0488,-0.0294,-0.0069,1.097,0.312,1.56,,,,,,,,
75.658,ROTATION_SCAN,2.42,-0.9125,0.2,,,,174.31,0.36,-0.28,15.0,0.0452,-0.0279,-0.0051,1.112,0.311,1.56,,,,,,,,
75.709,ROTATION_SCAN,2.4212,-0.9153,0.198,,,,174.98,0.49,-0.53,15.0,0.0387,-0.0282,-0.0057,1.112,0.311,1.502,,,,,,,,
75.752,ROTATION_SCAN,2.4221,-0.9165,0.198,,,,175.75,0.67,-0.65,15.0,0.031,-0.0225,-0.0081,1.123,0.306,1.502,,,,,,,,
75.803,ROTATION_SCAN,2.4226,-0.9176,0.199,,,,176.5,0.75,-0.76,15.0,0.0224,-0.0161,-0.0054,1.123,0.306,1.418,,,,,,,,
75.852,ROTATION_SCAN,2.4231,-0.919,0.197,,,,177.28,0.72,-0.8,15.0,0.0148,-0.011,0.0013,1.145,0.302,1.418,,,,,,,,
75.944,ROTATION_SCAN,2.4239,-0.918,0.201,,,,178.05,0.73,-0.71,15.0,0.0085,-0.0004,-0.0017,1.145,0.302,1.37,,,,,,,,
75.955,ROTATION_SCAN,2.4222,-0.9171,0.196,,,,178.89,0.66,-0.55,15.0,-0.003,0.0077,0.0092,,0.303,1.37,,,,,,,,
76.015,ROTATION_SCAN,2.4197,-0.9169,0.199,,,,179.85,0.62,-0.55,15.0,-0.0139,0.0127,-0.0042,,0.303,1.321,,,,,,,,
76.053,ROTATION_SCAN,2.4181,-0.9157,0.201,,,,-179.13,0.57,-0.3,15.0,-0.0199,0.0189,0.007,,0.305,1.321,,,,,,,,
76.103,ROTATION_SCAN,2.4132,-0.9134,0.197,,,,-178.12,0.42,-0.0,15.0,-0.032,0.0269,0.0073,,0.305,1.284,,,,,,,,
76.152,ROTATION_SCAN,2.4096,-0.9116,0.198,,,,-177.12,0.18,0.31,15.0,-0.0358,0.0305,-0.004,,0.307,1.284,,,,,,,,
76.207,ROTATION_SCAN,2.4084,-0.9095,0.2,,,,-176.03,-0.12,0.67,15.0,-0.0301,0.0325,0.0055,,0.307,1.264,,,,,,,,
76.27,ROTATION_SCAN,2.4064,-0.9087,0.2,,,,-174.97,-0.37,0.88,15.0,-0.0242,0.0284,0.0077,,0.306,1.264,,,,,,,,
76.302,ROTATION_SCAN,2.4056,-0.9071,0.203,,,,-173.84,-0.48,1.17,15.0,-0.014,0.0264,0.0079,,0.306,1.255,,,,,,,,
76.355,ROTATION_SCAN,2.4044,-0.9049,0.201,,,,-172.65,-0.55,1.24,15.0,-0.0049,0.0258,0.0131,,0.311,1.255,,,,,,,,
76.402,ROTATION_SCAN,2.4033,-0.9061,0.198,,,,-171.43,-0.51,1.31,15.0,0.0034,0.0162,0.0004,,0.311,1.252,,,,,,,,
76.452,ROTATION_SCAN,2.4049,-0.9058,0.197,,,,-170.16,-0.79,1.17,15.0,0.0183,0.0111,-0.0052,,0.306,1.252,,,,,,,,
76.503,ROTATION_SCAN,2.4061,-0.9066,0.198,,,,-168.9,-0.72,1.03,15.0,0.0289,0.002,-0.0009,,0.306,1.275,0.56,,,,,,,
76.587,ROTATION_SCAN,2.4108,-0.9075,0.198,,,,-167.62,-0.61,0.89,15.0,0.047,-0.0038,-0.0017,,0.307,1.275,0.56,,,,,,,
76.601,ROTATION_SCAN,2.4126,-0.9087,0.199,,,,-166.5,-0.48,0.44,15.0,0.0507,-0.0101,-0.0013,,0.307,1.315,0.513,,,,,,,
76.654,ROTATION_SCAN,2.4165,-0.9115,0.2,,,,-165.46,-0.34,0.05,15.0,0.0565,-0.0199,0.0001,,0.302,1.315,0.513,,,,,,,
76.703,ROTATION_SCAN,2.4182,-0.9124,0.2,,,,-164.62,-0.11,-0.08,15.0,0.0533,-0.022,0.0008,,0.302,,0.479,,,,,,,
76.752,ROTATION_SCAN,2.4214,-0.9161,0.199,,,,-163.8,0.36,-0.26,15.0,0.0528,-0.0286,-0.0016,0.665,0.302,,0.479,,,,,,,
76.803,ROTATION_SCAN,2.4227,-0.9193,0.2,,,,-163.01,0.61,-0.47,15.0,0.0444,-0.0313,-0.0042,0.665,0.302,1.821,0.45,,,,,,,
76.855,ROTATION_SCAN,2.4248,-0.921,0.2,,,,-162.29,0.83,-0.58,15.0,0.038,-0.0274,-0.0026,0.658,0.3,1.821,0.45,,,,,,,
76.92,ROTATION_SCAN,2.4257,-0.924,0.199,,,,-161.62,1.21,-0.46,15.0,0.0281,-0.025,-0.0008,0.658,0.3,2.852,0.425,,,,,,,
76.952,ROTATION_SCAN,2.4255,-0.926,0.199,,,,-161.0,1.45,-0.27,15.0,0.0174,-0.0176,-0.0026,0.65,0.307,2.852,0.425,,,,,,,
77.007,ROTATION_SCAN,2.4261,-0.9276,0.2,,,,-160.36,1.59,-0.11,15.0,0.0112,-0.0078,-0.0025,0.65,0.307,,0.407,,,,,,,
77.052,ROTATION_SCAN,2.4249,-0.9272,0.2,,,,-159.78,1.45,-0.23,15.0,0.0001,0.006,0.0004,0.65,0.305,,0.407,,,,,,,
77.103,ROTATION_SCAN,2.4228,-0.9266,0.199,,,,-159.23,1.09,-0.18,15.0,-0.0109,0.016,0.003,0.65,0.305,3.017,0.396,,,,,,,
77.153,ROTATION_SCAN,2.4204,-0.9283,0.2,,,,-158.66,1.03,-0.06,15.0,-0.0192,0.017,-0.0008,0.649,0.31,3.017,0.396,,,,,,,
77.238,ROTATION_SCAN,2.4183,-0.9281,0.196,,,,-158.09,0.82,0.19,15.0,-0.0241,0.0224,0.0049,0.649,0.31,3.036,0.379,,,,,,,
77.253,ROTATION_SCAN,2.4165,-0.9274,0.2,,,,-157.48,0.79,0.48,15.0,-0.0254,0.0284,-0.0068,0.645,0.315,3.036,0.379,,,,,,,
77.31,ROTATION_SCAN,2.4133,-0.9284,0.2,,,,-156.9,0.53,0.65,15.0,-0.0275,0.029,0.0062,0.645,0.315,,0.365,,,,,,,
77.367,ROTATION_SCAN,2.4121,-0.9266,0.203,,,,-156.26,0.29,0.81,15.0,-0.023,0.0354,0.0057,0.649,0.32,,0.365,,,,,,,
77.401,ROTATION_SCAN,2.4098,-0.9245,0.204,,,,-155.63,0.08,0.89,15.0,-0.0201,0.0403,0.0108,0.649,0.32,,0.359,,,,,,,
77.453,ROTATION_SCAN,2.409,-0.9215,0.203,,,,-155.03,-0.1,1.03,15.0,-0.0125,0.0466,0.0105,0.647,0.328,,0.359,,,,,,,
77.505,ROTATION_SCAN,2.4082,-0.9196,0.203,,,,-154.39,-0.21,1.11,15.0,-0.0043,0.0477,0.0051,0.647,0.328,3.046,0.349,,,,,,,
77.556,ROTATION_SCAN,2.4087,-0.9176,0.201,,,,-153.81,-0.33,1.06,15.0,0.0066,0.0483,0.0025,0.653,0.329,3.046,0.349,,,,,,,
77.615,ROTATION_SCAN,2.4104,-0.9151,0.203,,,,-153.22,-0.33,1.07,15.0,0.0198,0.0499,-0.0034,0.653,0.329,3.074,0.342,,,,,,,
77.652,ROTATION_SCAN,2.413,-0.9138,0.201,,,,-152.65,-0.5,0.79,15.0,0.0322,0.0464,0.0021,0.66,0.334,3.074,0.342,,,,,,,
77.703,ROTATION_SCAN,2.4151,-0.9138,0.2,,,,-152.06,-0.46,0.58,15.0,0.0396,0.0383,-0.0059,0.66,0.334,3.053,0.346,,,,,,,
77.753,ROTATION_SCAN,2.4184,-0.9139,0.201,,,,-151.38,-0.41,0.39,15.0,0.0478,0.0309,-0.0064,0.67,0.327,3.053,0.346,,,,,,,
77.814,ROTATION_SCAN,2.4216,-0.9148,0.2,,,,-150.76,-0.15,-0.02,15.0,0.0516,0.0221,-0.0055,0.67,0.327,,0.347,,,,,,,
77.891,ROTATION_SCAN,2.4239,-0.9146,0.2,,,,-150.1,0.07,-0.32,15.0,0.049,0.0187,-0.0107,0.681,0.327,,0.347,,,,,,,
77.916,ROTATION_SCAN,2.4267,-0.9149,0.197,,,,-149.42,0.22,-0.6,15.0,0.0455,0.0141,-0.0057,0.681,0.327,,0.349,,,,,,,
77.981,ROTATION_SCAN,2.4293,-0.9164,0.201,,,,-148.75,0.26,-0.69,15.0,0.0407,0.0066,-0.0095,0.696,0.331,,0.349,,,,,,,
78.004,ROTATION_SCAN,2.4312,-0.9171,0.201,,,,-148.08,0.5,-0.58,15.0,0.0342,0.0035,-0.0003,0.696,0.331,3.176,0.355,,,,,,,
78.051,ROTATION_SCAN,2.4337,-0.921,0.199,,,,-147.37,0.71,-0.53,15.0,0.0304,-0.0056,-0.0022,0.712,0.336,3.176,0.355,,,,,,,
78.102,ROTATION_SCAN,2.434,-0.9217,0.202,,,,-146.63,0.93,-0.5,15.0,0.0192,-0.0034,-0.0053,0.712,0.336,,0.361,,,,,,,
78.152,ROTATION_SCAN,2.4349,-0.9231,0.198,,,,-145.89,1.05,-0.49,15.0,0.0114,-0.0021,0.006,0.725,0.341,,0.361,,,,,,,
78.204,ROTATION_SCAN,2.4334,-0.9228,0.2,,,,-145.03,1.08,-0.5,15.0,-0.003,0.0038,0.0008,0.725,0.341,,0.36,,,,,,,
78.263,ROTATION_SCAN,2.4323,-0.9241,0.199,,,,-144.1,1.09,-0.36,15.0,-0.0138,0.0054,0.008,0.742,0.348,,0.36,,,,,,,
78.301,ROTATION_SCAN,2.4287,-0.9266,0.199,,,,-143.16,0.98,-0.24,15.0,-0.0279,0.0038,0.0049,0.742,0.348,,0.365,,,,,,,
78.352,ROTATION_SCAN,2.4262,-0.9273,0.198,,,,-142.21,0.83,-0.04,15.0,-0.0362,0.0067,0.0042,0.763,0.353,,0.365,,,,,,,
78.403,ROTATION_SCAN,2.4244,-0.9262,0.197,,,,-141.33,0.74,0.15,15.0,-0.0396,0.0144,0.0016,0.763,0.353,,0.364,,,,,,,
78.465,ROTATION_SCAN,2.4213,-0.9267,0.196,,,,-140.52,0.34,0.28,15.0,-0.0435,0.0154,0.0003,0.77,0.36,,0.364,,,,,,,
78.531,ROTATION_SCAN,2.4186,-0.9272,0.199,,,,-139.78,0.19,0.52,15.0,-0.0434,0.016,0.0024,0.77,0.36,,0.375,,,,,,,
78.554,ROTATION_SCAN,2.4154,-0.9267,0.202,,,,-139.03,-0.11,0.64,15.0,-0.0427,0.0184,0.0108,0.781,0.366,,0.375,,,,,,,
78.605,ROTATION_SCAN,2.413,-0.9264,0.199,,,,-138.31,-0.17,0.7,15.0,-0.0384,0.0192,0.0125,0.781,0.366,,0.381,,,,,,,
78.652,ROTATION_SCAN,2.4106,-0.9267,0.198,,,,-137.57,-0.16,0.82,15.0,-0.0342,0.0187,0.0054,0.795,0.376,,0.381,,,,,,,
78.702,ROTATION_SCAN,2.4086,-0.9264,0.2,,,,-136.81,-0.22,0.91,15.0,-0.0287,0.0203,0.0048,0.795,0.376,,0.39,,,,,,,
78.752,ROTATION_SCAN,2.406,-0.9269,0.202,,,,-136.02,-0.07,0.99,15.0,-0.0258,0.0203,0.0059,0.811,0.383,,0.39,,,,,,,
78.807,ROTATION_SCAN,2.4048,-0.9268,0.206,,,,-135.18,-0.07,1.19,15.0,-0.0189,0.0233,0.0032,0.811,0.383,,0.4,,,,,,,
78.856,ROTATION_SCAN,2.4021,-0.9261,0.202,,,,-134.4,-0.07,1.12,15.0,-0.0177,0.0282,0.0088,0.827,0.395,,0.4,,,,,,,
78.905,ROTATION_SCAN,2.4013,-0.9246,0.205,,,,-133.66,-0.33,1.24,15.0,-0.0093,0.034,-0.0005,0.827,0.395,,,,,,,,,
78.951,ROTATION_SCAN,2.4018,-0.9235,0.201,,,,-133.0,-0.51,1.02,15.0,0.0019,0.0366,0.0047,0.849,0.397,,,,,,,,,
79.002,ROTATION_SCAN,2.4027,-0.9215,0.205,,,,-132.35,-0.71,0.87,15.0,0.0135,0.0388,-0.0084,0.849,0.397,,,,,,,,,
79.052,ROTATION_SCAN,2.4062,-0.9229,0.205,,,,-131.64,-0.75,0.72,15.0,0.0284,0.0288,0.0015,0.877,0.408,,,,,,,,,
79.107,ROTATION_SCAN,2.4075,-0.9212,0.203,,,,-130.9,-0.68,0.6,15.0,0.0364,0.0299,-0.0052,0.877,0.408,,,,,,,,,
79.155,ROTATION_SCAN,2.4126,-0.9303,0.199,,,,-130.03,-0.3,0.4,15.0,0.0459,-0.0033,-0.012,0.908,0.419,,,,,,,,,
79.214,ROTATION_SCAN,2.4149,-0.9322,0.201,,,,-129.25,0.08,0.19,15.0,0.0472,-0.0069,-0.0155,0.908,0.419,,1.3,,,,,,,
79.251,ROTATION_SCAN,2.4177,-0.9345,0.201,,,,-128.46,0.54,0.34,15.0,0.0468,-0.009,-0.0095,0.937,,,1.3,,,,,,,
79.301,ROTATION_SCAN,2.4202,-0.9358,0.2,,,,-127.7,0.91,0.48,15.0,0.0443,-0.0051,-0.0124,0.937,,,1.308,,,,,,,
79.352,ROTATION_SCAN,2.4228,-0.9371,0.199,,,,-126.99,1.24,0.53,15.0,0.0402,0.0006,-0.0143,0.971,,,1.308,,,,,,,
79.407,ROTATION_SCAN,2.4243,-0.9376,0.195,,,,-126.27,1.49,0.57,15.0,0.0321,0.0101,-0.0136,0.971,,,1.321,,,,,,,
79.484,ROTATION_SCAN,2.4256,-0.9385,0.2,,,,-125.54,1.63,0.52,15.0,0.0232,0.0174,-0.0196,0.994,,,1.321,,,,,,,
79.502,ROTATION_SCAN,2.4269,-0.9374,0.196,,,,-124.78,1.56,0.41,15.0,0.0151,0.0287,-0.0051,0.994,,,1.332,,,,,,,
79.561,ROTATION_SCAN,2.4254,-0.9371,0.198,,,,-124.05,1.42,0.42,15.0,0.0013,0.0358,-0.0125,1.025,,,1.332,,,,,,,
79.604,ROTATION_SCAN,2.4241,-0.9354,0.196,,,,-123.3,1.3,0.35,15.0,-0.0099,0.0442,-0.0025,1.025,,,1.343,,,,,,,
79.652,ROTATION_SCAN,2.4212,-0.9341,0.195,,,,-122.58,1.0,0.37,15.0,-0.022,0.05,-0.0079,1.041,,,1.343,,,,,,,
79.701,ROTATION_SCAN,2.4182,-0.9319,0.194,,,,-121.92,0.82,0.28,15.0,-0.0316,0.0558,-0.006,1.041,,,1.359,,,,,,,
79.752,ROTATION_SCAN,2.4149,-0.9305,0.193,,,,-121.33,0.64,0.33,15.0,-0.0396,0.0576,-0.0055,1.062,,,1.359,,,,,,,
79.803,ROTATION_SCAN,2.4124,-0.9288,0.198,,,,-120.73,0.36,0.31,15.0,-0.0429,0.0591,-0.0048,1.062,,,1.382,,,,,,,
79.86,ROTATION_SCAN,2.4093,-0.929,0.198,,,,-120.11,-0.02,0.22,15.0,-0.0446,0.0527,0.0095,1.081,,,1.382,,,,,,,
79.906,ROTATION_SCAN,2.4064,-0.9276,0.198,,,,-119.49,-0.23,0.3,15.0,-0.044,0.0503,0.0054,1.081,,,1.382,,,,,,,
79.952,ROTATION_SCAN,2.4042,-0.9268,0.196,,,,-118.78,-0.43,0.33,15.0,-0.0402,0.0464,0.007,1.107,,,1.382,,,,,,,
80.001,ROTATION_SCAN,2.4018,-0.9263,0.199,,,,-118.01,-0.55,0.55,15.0,-0.036,0.0428,0.0022,1.107,,,1.41,,,,,,,
80.066,ROTATION_SCAN,2.4,-0.9265,0.198,,,,-117.2,-0.72,0.71,15.0,-0.03,0.0352,0.0085,1.139,,,1.41,,,,,,,
80.129,ROTATION_SCAN,2.398,-0.9261,0.198,,,,-116.36,-0.68,0.88,15.0,-0.0223,0.0341,0.0006,1.139,,,1.453,,,,,,,
80.151,ROTATION_SCAN,2.397,-0.926,0.199,,,,-115.5,-0.88,0.84,15.0,-0.0135,0.0348,0.0006,,,,1.453,,,,,,,
80.206,ROTATION_SCAN,2.3964,-0.9245,0.199,,,,-114.73,-0.9,0.78,15.0,-0.0042,0.0303,0.0028,,,,1.534,,,,,,,
80.252,ROTATION_SCAN,2.3962,-0.9248,0.197,,,,-113.9,-1.0,0.81,15.0,0.0063,0.031,0.0006,,,,1.534,,,,,,,
80.302,ROTATION_SCAN,2.397,-0.9252,0.194,,,,-113.11,-0.91,0.86,15.0,0.0148,0.0232,-0.0009,,,,1.574,,,,,,,
80.351,ROTATION_SCAN,2.3973,-0.9247,0.198,,,,-112.3,-0.77,0.83,15.0,0.0224,0.0294,-0.0064,,,,1.574,,,,,,,
80.402,ROTATION_SCAN,2.4002,-0.928,0.195,,,,-111.46,-0.65,0.69,15.0,0.0329,0.0153,0.0047,,,,1.587,,,,,,,
80.461,ROTATION_SCAN,2.402,-0.9293,0.2,,,,-110.7,-0.47,0.77,15.0,0.0385,0.0128,-0.0025,,,,1.587,,,,,,,
80.51,ROTATION_SCAN,2.4046,-0.9293,0.199,,,,-110.04,-0.25,0.75,15.0,0.0473,0.0138,0.01,,,0.338,1.552,,,,,,,
80.573,ROTATION_SCAN,2.4072,-0.9308,0.197,,,,-109.43,-0.06,0.88,15.0,0.0483,0.0121,0.0042,2.939,,0.338,1.552,,,,,,,
80.601,ROTATION_SCAN,2.4095,-0.9311,0.198,,,,-108.8,0.14,0.75,15.0,0.0504,0.0147,0.0035,2.939,,0.326,1.483,,,,,,,
80.652,ROTATION_SCAN,2.4129,-0.9322,0.2,,,,-108.12,0.42,0.79,15.0,0.0505,0.0171,0.0064,2.878,,0.326,1.483,,,,,,,
80.701,ROTATION_SCAN,2.4155,-0.9323,0.198,,,,-107.3,0.57,0.73,15.0,0.0481,0.0212,0.008,2.878,,0.314,1.309,,,,,,,
80.787,ROTATION_SCAN,2.4183,-0.9325,0.194,,,,-106.44,0.72,0.61,15.0,0.0455,0.0236,0.001,,,0.314,1.309,,,,,,,
80.801,ROTATION_SCAN,2.4206,-0.9331,0.196,,,,-105.57,0.8,0.56,15.0,0.0406,0.0243,-0.0018,,,0.305,,,,,,,,
80.861,ROTATION_SCAN,2.4219,-0.9328,0.2,,,,-104.75,0.88,0.58,15.0,0.0329,0.0276,0.0037,1.823,,0.305,,,,,,,,
80.904,ROTATION_SCAN,2.4245,-0.9326,0.201,,,,-103.97,1.02,0.58,15.0,0.0295,0.0308,0.0064,1.823,,0.299,1.185,,,,,,,
80.95,ROTATION_SCAN,2.426,-0.9312,0.199,,,,-103.16,0.92,0.46,15.0,0.0229,0.036,0.0099,1.777,,0.299,1.185,,,,,,,
81.001,ROTATION_SCAN,2.427,-0.929,0.195,,,,-102.4,0.79,0.36,15.0,0.0165,0.042,0.0062,1.777,,0.296,,,,,,,,
81.052,ROTATION_SCAN,2.4275,-0.9271,0.198,,,,-101.72,0.77,0.23,15.0,0.0095,0.0451,-0.002,1.704,,0.296,,,,,,,,
81.105,ROTATION_SCAN,2.4271,-0.9254,0.199,,,,-101.0,0.76,0.16,15.0,0.0011,0.0461,0.0085,1.704,,0.293,1.152,,,,,,,
81.168,ROTATION_SCAN,2.4256,-0.9249,0.201,,,,-100.24,0.7,0.06,15.0,-0.0084,0.0432,0.0098,1.657,,0.293,1.152,,,,,,,
81.201,ROTATION_SCAN,2.4232,-0.9259,0.2,,,,-99.45,0.54,0.1,15.0,-0.0183,0.0365,0.0077,1.657,,0.3,1.147,,,,,,,
81.251,ROTATION_SCAN,2.422,-0.9255,0.202,,,,-98.73,0.24,0.04,15.0,-0.0216,0.0338,0.0048,1.565,,0.3,1.147,,,,,,,
81.301,ROTATION_SCAN,2.4163,-0.9263,0.202,,,,-97.96,0.03,0.1,15.0,-0.0346,0.028,0.0119,1.565,,0.301,1.137,,,,,,,
81.356,ROTATION_SCAN,2.4159,-0.9286,0.203,,,,-97.11,-0.16,0.22,15.0,-0.0292,0.02,0.0088,1.468,,0.301,1.137,,,,,,,
81.422,ROTATION_SCAN,2.4142,-0.9291,0.204,,,,-96.19,-0.27,0.36,15.0,-0.0277,0.0186,0.0079,1.468,,0.296,1.12,,,,,,,
81.451,ROTATION_SCAN,2.4124,-0.9312,0.204,,,,-95.4,-0.59,0.22,15.0,-0.0247,0.0126,0.009,1.394,,0.296,1.12,,,,,,,
81.513,ROTATION_SCAN,2.4131,-0.9332,0.203,,,,-94.71,-0.67,0.43,15.0,-0.0134,0.0077,0.0091,1.394,,0.294,1.126,,,,,,,
81.552,ROTATION_SCAN,2.4149,-0.9349,0.203,,,,-94.1,-0.57,0.7,15.0,-0.0011,0.0065,-0.0009,1.345,,0.294,1.126,,,,,,,
81.601,ROTATION_SCAN,2.4156,-0.9367,0.206,,,,-93.54,-0.56,0.85,15.0,0.006,0.007,-0.0017,1.345,,0.293,1.136,,,,,,,
81.651,ROTATION_SCAN,2.4185,-0.9378,0.206,,,,-93.03,-0.46,0.96,15.0,0.0177,0.01,0.0006,1.302,,0.293,1.136,,,,,,,
81.74,ROTATION_SCAN,2.4218,-0.9387,0.2,,,,-92.56,-0.01,1.23,15.0,0.0263,0.0151,-0.0061,1.302,,0.292,,,,,,,,
81.754,ROTATION_SCAN,2.4245,-0.9385,0.201,,,,-92.17,0.39,1.29,15.0,0.0288,0.0235,-0.0212,1.287,,0.292,,,,,,,,
81.812,ROTATION_SCAN,2.4266,-0.9381,0.2,,,,-91.67,0.47,1.18,15.0,0.027,0.0317,-0.0112,1.287,,0.288,1.159,,,,,,,
81.854,ROTATION_SCAN,2.4287,-0.9381,0.202,,,,-91.12,0.62,1.0,15.0,0.0248,0.0353,-0.0136,1.272,,0.288,1.159,,,,,,,
81.901,ROTATION_SCAN,2.4311,-0.9358,0.202,,,,-90.5,0.76,0.91,15.0,0.0225,0.0445,-0.0077,1.272,,0.285,,,,,,,,
81.95,ROTATION_SCAN,2.4326,-0.9345,0.2,,,,-89.9,0.93,0.76,15.0,0.0167,0.0481,-0.0045,1.262,,0.285,,,,,,,,
82.004,ROTATION_SCAN,2.4328,-0.9325,0.203,,,,-89.33,0.96,0.75,15.0,0.0071,0.0532,-0.0087,1.262,,0.282,1.201,,,,,,,
82.058,ROTATION_SCAN,2.4339,-0.9295,0.2,,,,-88.72,1.05,0.7,15.0,0.0009,0.0597,0.002,1.256,,0.282,1.201,,,,,,,
82.119,ROTATION_SCAN,2.4337,-0.9268,0.198,,,,-88.07,1.01,0.6,15.0,-0.0089,0.0643,-0.0064,1.256,,0.285,,,,,,,,
82.151,ROTATION_SCAN,2.4326,-0.9237,0.2,,,,-87.37,0.93,0.35,15.0,-0.019,0.0675,-0.0082,1.247,,0.285,,,,,,,,
82.202,ROTATION_SCAN,2.4311,-0.9218,0.2,,,,-86.69,0.85,0.11,15.0,-0.0277,0.0646,0.0015,1.247,,0.281,,,,,,,,
82.251,ROTATION_SCAN,2.4299,-0.9194,0.197,,,,-86.07,0.7,-0.19,15.0,-0.0332,0.0611,0.0036,1.255,,0.281,,,,,,,,
82.301,ROTATION_SCAN,2.4269,-0.9166,0.196,,,,-85.43,0.49,-0.13,15.0,-0.0419,0.0587,-0.0002,1.255,,0.281,,,,,,,,
82.379,ROTATION_SCAN,2.4236,-0.9148,0.194,,,,-84.78,0.14,-0.21,15.0,-0.0478,0.0534,-0.0001,1.262,,0.281,,,,,,,,
82.404,ROTATION_SCAN,2.4218,-0.9123,0.197,,,,-84.07,-0.02,-0.44,15.0,-0.0459,0.0501,0.0033,1.262,,0.288,,,,,,,,
82.452,ROTATION_SCAN,2.4191,-0.9111,0.196,,,,-83.3,-0.21,-0.46,15.0,-0.0452,0.0421,0.0109,1.268,,0.288,,,,,,,,
82.5,ROTATION_SCAN,2.4184,-0.9094,0.2,,,,-82.38,-0.46,-0.47,15.0,-0.0366,0.0381,0.0098,1.268,,0.288,,,,,,,,
82.55,ROTATION_SCAN,2.417,-0.9076,0.199,,,,-81.34,-0.47,-0.5,15.0,-0.0308,0.0344,0.0187,1.283,,0.288,,,,,,,,
82.602,ROTATION_SCAN,2.4159,-0.908,0.201,,,,-80.31,-0.54,-0.54,15.0,-0.0245,0.0242,0.0098,1.283,,0.287,,,,,,,,
82.694,ROTATION_SCAN,2.4158,-0.9092,0.204,,,,-79.25,-0.57,-0.62,15.0,-0.0157,0.0125,0.013,1.324,0.62,0.287,,,,,,,,
82.702,ROTATION_SCAN,2.4171,-0.9095,0.201,,,,-78.2,-0.53,-0.6,15.0,-0.0033,0.006,0.0155,1.324,0.62,0.287,,,,,,,,
82.787,ROTATION_SCAN,2.4198,-0.911,0.205,,,,-77.19,-0.55,-0.41,15.0,0.0109,-0.0018,0.0043,1.382,0.572,0.287,,,,,,,,
82.805,ROTATION_SCAN,2.4216,-0.9147,0.205,,,,-76.25,-0.34,-0.32,15.0,0.0188,-0.0146,0.0157,1.382,0.572,0.288,,,,,,,,
82.851,ROTATION_SCAN,2.4234,-0.9159,0.206,,,,-75.46,-0.13,0.01,15.0,0.0234,-0.0163,0.01,,0.547,0.288,,,,,,,,
82.901,ROTATION_SCAN,2.4257,-0.9197,0.206,,,,-74.7,0.13,0.22,15.0,0.0257,-0.0242,0.009,,0.547,0.287,,,,,,,,
82.96,ROTATION_SCAN,2.4291,-0.9223,0.209,,,,-74.06,0.47,0.59,15.0,0.0284,-0.0255,0.005,,0.526,0.287,,,,,,,,
83.011,ROTATION_SCAN,2.4319,-0.9225,0.212,,,,-73.47,0.59,0.9,15.0,0.0268,-0.017,0.0042,,0.526,0.286,,,,,,,,
83.058,ROTATION_SCAN,2.4347,-0.927,0.212,,,,-72.87,0.78,1.17,15.0,0.0233,-0.0209,0.0088,2.928,0.514,0.286,,,,,,,,
83.106,ROTATION_SCAN,2.4367,-0.9271,0.21,,,,-72.21,0.94,1.28,15.0,0.0158,-0.0108,0.002,2.928,0.514,0.281,0.7,,,,,,,
83.151,ROTATION_SCAN,2.438,-0.9265,0.211,,,,-71.54,0.98,1.52,15.0,0.0062,0.0009,-0.0064,2.984,0.488,0.281,0.7,,,,,,,
83.202,ROTATION_SCAN,2.4392,-0.9261,0.21,,,,-70.89,1.01,1.53,15.0,-0.0034,0.011,-0.0065,2.984,0.488,0.285,0.689,,,,,,,
83.251,ROTATION_SCAN,2.4388,-0.9254,0.206,,,,-70.27,0.92,1.47,15.0,-0.0152,0.0202,-0.0122,,0.462,0.285,0.689,,,,,,,
83.355,ROTATION_SCAN,2.4373,-0.9212,0.201,,,,-69.63,1.06,1.45,15.0,-0.0301,0.0373,-0.0208,,0.462,0.282,0.685,,,,,,,
83.389,ROTATION_SCAN,2.4358,-0.9205,0.2,,,,-68.96,0.96,1.31,15.0,-0.042,0.0421,-0.0275,3.016,0.427,0.282,0.685,,,,,,,
83.401,ROTATION_SCAN,2.4327,-0.917,0.199,,,,-68.26,0.86,1.05,15.0,-0.0556,0.0521,-0.0197,3.016,0.427,0.286,0.681,,,,,,,
83.479,ROTATION_SCAN,2.4296,-0.9114,0.201,,,,-67.58,0.8,0.69,15.0,-0.0659,0.0637,-0.02,,0.4,0.286,0.681,,,,,,,
83.501,ROTATION_SCAN,2.4276,-0.9108,0.196,,,,-67.0,0.64,0.17,15.0,-0.0685,0.0578,-0.0109,,0.4,0.293,0.681,,,,,,,
83.551,ROTATION_SCAN,2.4231,-0.9061,0.194,,,,-66.4,0.5,-0.34,15.0,-0.0758,0.0595,-0.0186,2.745,0.381,0.293,0.681,,,,,,,
83.6,ROTATION_SCAN,2.422,-0.9049,0.194,,,,-65.81,0.22,-0.8,15.0,-0.0686,0.0488,-0.0116,2.745,0.381,0.301,0.678,,,,,,,
83.651,ROTATION_SCAN,2.42,-0.9049,0.195,,,,-65.26,-0.0,-1.03,15.0,-0.0614,0.035,-0.0069,,0.363,0.301,0.678,,,,,,,
83.715,ROTATION_SCAN,2.4179,-0.9036,0.192,,,,-64.64,-0.0,-1.18,15.0,-0.0545,0.0253,-0.0023,,0.363,0.309,0.677,,,,,,,
83.771,ROTATION_SCAN,2.4163,-0.9043,0.198,,,,-63.96,-0.22,-1.13,15.0,-0.0461,0.0112,-0.0063,,0.35,0.309,0.677,,,,,,,
83.82,ROTATION_SCAN,2.4142,-0.9049,0.197,,,,-63.25,-0.32,-1.0,15.0,-0.0394,0.0009,0.0121,,0.35,0.315,0.675,,,,,,,
83.851,ROTATION_SCAN,2.4136,-0.9072,0.198,,,,-62.49,-0.43,-0.81,15.0,-0.0294,-0.0109,0.0079,,0.336,0.315,0.675,,,,,,,
83.901,ROTATION_SCAN,2.413,-0.908,0.2,,,,-61.61,-0.48,-0.64,15.0,-0.0204,-0.015,0.0097,,0.336,0.32,0.671,,,,,,,
83.95,ROTATION_SCAN,2.4139,-0.9114,0.2,,,,-60.67,-0.56,-0.51,15.0,-0.009,-0.0251,0.011,,0.331,0.32,0.671,,,,,,,
84.044,ROTATION_SCAN,2.4149,-0.9128,0.2,,,,-59.65,-0.49,-0.23,15.0,0.0009,-0.0253,0.0082,,0.331,0.324,0.677,,,,,,,
84.05,ROTATION_SCAN,2.4172,-0.9165,0.202,,,,-58.54,-0.31,0.12,15.0,0.0096,-0.0316,0.0061,,0.331,0.324,0.677,,,,,,,
84.11,ROTATION_SCAN,2.4195,-0.9188,0.202,,,,-57.48,-0.27,0.23,15.0,0.0166,-0.0316,0.0066,,0.331,0.324,0.687,,,,,,,
84.155,ROTATION_SCAN,2.422,-0.9213,0.202,,,,-56.38,-0.35,0.48,15.0,0.022,-0.0305,0.0053,,0.34,0.324,0.687,,,,,,,
84.2,ROTATION_SCAN,2.4245,-0.9242,0.203,,,,-55.27,-0.26,0.7,15.0,0.025,-0.0298,0.0044,,0.34,0.332,0.711,,,,,,,
84.25,ROTATION_SCAN,2.4262,-0.9263,0.202,,,,-54.29,-0.32,0.87,15.0,0.0245,-0.0252,0.0047,,0.35,0.332,0.711,,,,,,,
84.305,ROTATION_SCAN,2.4283,-0.9278,0.204,,,,-53.28,-0.21,1.18,15.0,0.0237,-0.0177,0.0014,,0.35,0.334,0.737,,,,,,,
84.362,ROTATION_SCAN,2.4304,-0.9289,0.206,,,,-52.28,-0.05,1.42,15.0,0.0205,-0.0093,0.0036,,0.357,0.334,0.737,,,,,,,
84.404,ROTATION_SCAN,2.433,-0.9299,0.204,,,,-51.28,0.12,1.51,15.0,0.0173,-0.0024,0.0062,,0.357,0.337,0.766,,,,,,,
84.46,ROTATION_SCAN,2.4359,-0.9298,0.206,,,,-50.37,0.22,1.55,15.0,0.0141,0.0062,0.0034,,0.363,0.337,0.766,,,,,,,
84.5,ROTATION_SCAN,2.4366,-0.9296,0.21,,,,-49.49,0.22,1.67,15.0,0.0038,0.0146,0.0047,,0.363,0.341,0.784,,,,,,,
84.55,ROTATION_SCAN,2.4361,-0.9283,0.208,,,,-48.61,0.24,1.55,15.0,-0.0082,0.0251,0.0082,,0.365,0.341,0.784,,,,,,,
84.6,ROTATION_SCAN,2.4349,-0.926,0.208,,,,-47.78,0.18,1.34,15.0,-0.0197,0.0354,-0.0041,,0.365,0.344,0.806,,,,,,,
84.679,ROTATION_SCAN,2.4338,-0.9252,0.203,,,,-46.93,0.08,1.24,15.0,-0.0273,0.04,-0.0033,,0.374,0.344,0.806,,,,,,,
84.705,ROTATION_SCAN,2.4324,-0.9232,0.204,,,,-45.99,0.34,1.13,15.0,-0.0356,0.0458,-0.011,,0.374,0.347,0.82,,,,,,,
84.755,ROTATION_SCAN,2.4341,-0.9238,0.2,,,,-45.0,0.31,0.85,15.0,-0.034,0.0408,-0.0089,,0.374,0.347,0.82,,,,,,,
84.801,ROTATION_SCAN,2.4312,-0.9265,0.203,,,,-44.07,0.41,0.6,15.0,-0.0427,0.0305,-0.0152,,0.374,0.356,0.843,,,,,,,
84.851,ROTATION_SCAN,2.4249,-0.9267,0.199,,,,-43.2,0.34,0.48,15.0,-0.0583,0.0274,-0.0067,,0.382,0.356,0.843,,,,,,,
84.9,ROTATION_SCAN,2.4235,-0.9254,0.196,,,,-42.29,-0.05,0.25,15.0,-0.057,0.0281,-0.0129,,0.382,0.366,0.866,,,,,,,
84.993,ROTATION_SCAN,2.4204,-0.9248,0.195,,,,-41.41,-0.38,0.27,15.0,-0.0583,0.029,-0.0166,,0.397,0.366,0.866,,,,,,,
85.008,ROTATION_SCAN,2.419,-0.9231,0.196,,,,-40.54,-0.44,0.09,15.0,-0.0531,0.0334,-0.0138,,0.397,0.378,0.892,,,,,,,
85.058,ROTATION_SCAN,2.4163,-0.9214,0.197,,,,-39.69,-0.46,-0.01,15.0,-0.0508,0.0364,-0.0097,,0.427,0.378,0.892,,,,,,,
85.15,ROTATION_SCAN,2.4179,-0.9212,0.193,,,,-38.91,-0.56,-0.34,15.0,-0.036,0.0337,-0.0062,,0.427,0.407,0.926,,,,,,,
85.165,ROTATION_SCAN,2.4183,-0.9196,0.195,,,,-38.09,-0.51,-0.43,15.0,-0.0253,0.0345,-0.0096,,0.499,0.407,0.926,,,,,,,
85.199,ROTATION_SCAN,2.4197,-0.9212,0.198,,,,-37.22,-0.44,-0.32,15.0,-0.0135,0.026,0.0015,,0.499,,0.956,,,,,,,
85.25,ROTATION_SCAN,2.4255,-0.918,0.2,,,,-36.33,-0.31,-0.12,15.0,0.0064,0.0321,0.0094,,1.186,,0.956,,,,,,,
85.325,ROTATION_SCAN,2.4293,-0.9176,0.201,,,,-35.34,-0.22,0.2,15.0,0.0164,0.0305,0.0076,,1.186,,0.991,,,,,,,
85.354,ROTATION_SCAN,2.4323,-0.9173,0.201,,,,-34.4,0.08,0.35,15.0,0.0198,0.0288,0.0108,,1.316,,0.991,,,,,,,
85.407,ROTATION_SCAN,2.4342,-0.9173,0.203,,,,-33.37,0.24,0.4,15.0,0.0187,0.0251,0.0097,,1.316,,1.016,,,,,,,
85.45,ROTATION_SCAN,2.4375,-0.9155,0.204,,,,-32.32,0.47,0.55,15.0,0.0205,0.0261,0.0111,,1.337,,1.016,,,,,,,
85.5,ROTATION_SCAN,2.4399,-0.9148,0.205,,,,-31.28,0.48,0.69,15.0,0.0178,0.0236,0.0029,,1.337,,1.061,,,,,,,
85.55,ROTATION_SCAN,2.442,-0.9149,0.202,,,,-30.34,0.48,0.84,15.0,0.0138,0.0199,0.0042,,1.353,,1.061,,,,,,,
85.631,ROTATION_SCAN,2.4445,-0.9101,0.202,,,,-29.51,0.66,1.06,15.0,0.01,0.0309,-0.0035,,1.353,,1.1,,,,,,,
85.654,ROTATION_SCAN,2.4453,-0.9103,0.198,,,,-28.77,0.91,1.15,15.0,-0.0006,0.0245,-0.0033,0.31,1.377,,1.1,,,,,,,
85.704,ROTATION_SCAN,2.4462,-0.9096,0.198,,,,-28.15,1.09,1.24,15.0,-0.0101,0.0205,-0.012,0.31,1.377,,1.145,,,,,,,
85.75,ROTATION_SCAN,2.4469,-0.909,0.198,,,,-27.54,1.31,1.5,15.0,-0.0216,0.0162,-0.0097,0.301,1.386,,1.145,,,,,,,
85.8,ROTATION_SCAN,2.446,-0.9109,0.195,,,,-26.88,1.15,1.38,15.0,-0.0356,0.0053,-0.0065,0.301,1.386,,1.176,,,,,,,
85.85,ROTATION_SCAN,2.4434,-0.9093,0.195,,,,-26.15,1.06,1.19,15.0,-0.0518,0.0054,-0.0124,0.299,1.419,,1.176,,,,,,,
85.9,ROTATION_SCAN,2.4401,-0.9143,0.195,,,,-25.52,1.04,1.18,15.0,-0.0649,-0.0118,-0.0058,0.299,1.419,,,,,,,,,
85.961,ROTATION_SCAN,2.4363,-0.9202,0.196,,,,-24.9,0.85,0.97,15.0,-0.0766,-0.0291,0.0005,0.299,1.451,,,,,,,,,
86.017,ROTATION_SCAN,2.4343,-0.92,0.197,,,,-24.27,0.39,0.75,15.0,-0.0798,-0.026,0.0044,0.299,1.451,,,,,,,,,
86.061,ROTATION_SCAN,2.4302,-0.9215,0.195,,,,-23.67,-0.08,0.52,15.0,-0.0849,-0.0249,0.007,0.301,1.51,,,,,,,,,
86.099,ROTATION_SCAN,2.4271,-0.9252,0.194,,,,-23.06,-0.44,0.29,15.0,-0.0829,-0.0275,0.006,0.301,1.51,,,,,,,,,
86.149,ROTATION_SCAN,2.4239,-0.9264,0.192,,,,-22.48,-0.67,0.02,15.0,-0.079,-0.0225,0.0057,0.307,1.541,,,,,,,,,
86.199,ROTATION_SCAN,2.4205,-0.9284,0.192,,,,-21.94,-0.9,-0.22,15.0,-0.0738,-0.0192,0.0025,0.307,1.541,,,,,,,,,
86.289,ROTATION_SCAN,2.4178,-0.9278,0.194,,,,-21.41,-1.15,-0.2,15.0,-0.0659,-0.0072,0.0036,0.306,1.578,,,,,,,,,
86.303,ROTATION_SCAN,2.4163,-0.9287,0.195,,,,-20.85,-1.23,-0.41,15.0,-0.0545,-0.0008,0.0086,0.306,1.578,,,,,,,,,
86.381,ROTATION_SCAN,2.4157,-0.9276,0.2,,,,-20.26,-1.1,-0.51,15.0,-0.0413,0.0099,0.0106,0.304,1.595,,,,,,,,,
86.401,ROTATION_SCAN,2.4156,-0.9277,0.2,,,,-19.66,-0.85,-0.64,15.0,-0.029,0.0133,0.0186,0.304,1.595,,,,,,,,,
86.45,ROTATION_SCAN,2.4183,-0.9246,0.202,,,,-19.07,-0.57,-0.75,15.0,-0.0091,0.023,0.0136,0.299,1.585,,,,,,,,,
86.5,ROTATION_SCAN,2.4204,-0.9228,0.202,,,,-18.54,-0.24,-0.81,15.0,0.0056,0.0258,0.0165,0.299,1.585,,,,,,,,,
86.554,ROTATION_SCAN,2.4235,-0.9213,0.207,,,,-18.01,0.04,-0.65,15.0,0.0209,0.0236,0.013,0.3,1.557,,,,,,,,,
86.614,ROTATION_SCAN,2.4274,-0.9211,0.204,,,,-17.42,0.19,-0.25,15.0,0.034,0.0172,0.0152,0.3,1.557,,,,,,,,,
86.655,ROTATION_SCAN,2.4311,-0.9202,0.207,,,,-16.9,0.15,0.09,15.0,0.0383,0.015,0.0014,0.292,1.536,,,,,,,,,
86.703,ROTATION_SCAN,2.4356,-0.9212,0.211,,,,-16.42,0.29,0.43,15.0,0.0431,0.0116,0.0027,0.292,1.536,,,,,,,,,
86.749,ROTATION_SCAN,2.4404,-0.921,0.211,,,,-16.0,0.4,0.63,15.0,0.0427,0.0058,0.0059,0.283,1.499,,,,,,,,,
86.8,ROTATION_SCAN,2.4435,-0.9202,0.208,,,,-15.61,0.41,0.8,15.0,0.0401,0.0057,-0.0009,0.283,1.499,,1.914,,,,,,,
86.849,ROTATION_SCAN,2.4468,-0.9213,0.205,,,,-15.16,0.38,1.09,15.0,0.0363,0.0016,-0.0103,0.278,1.459,,1.914,,,,,,,
86.938,ROTATION_SCAN,2.4499,-0.9213,0.205,,,,-14.66,0.35,1.52,15.0,0.0272,0.0003,-0.011,0.278,1.459,,,,,,,,,
86.959,ROTATION_SCAN,2.4532,-0.9214,0.205,,,,-14.12,0.4,1.84,15.0,0.0192,0.001,-0.014,0.269,1.343,,,,,,,,,
87.008,ROTATION_SCAN,2.4556,-0.9217,0.203,,,,-13.57,0.42,2.0,15.0,0.0075,0.0001,-0.0163,0.269,1.343,,,,3.5,0.0,,,,
87.07,ROTATION_SCAN,2.4563,-0.9226,0.203,,,,-12.95,0.24,2.01,-0.0,-0.0075,-0.0012,-0.0183,0.27,1.266,,,,3.5,0.0,,,,
87.1,ROTATION_SCAN,2.4563,-0.9231,0.2,,,,-12.29,0.17,1.82,-0.0,-0.0223,-0.0005,-0.016,0.27,1.266,,1.749,,3.5,0.0,,,,
87.15,ROTATION_SCAN,2.4541,-0.9239,0.2,,,,-11.66,0.19,1.13,-0.0,-0.0371,-0.0015,-0.0204,0.272,1.237,,1.749,,3.5,0.0,,,,
87.2,ROTATION_SCAN,2.4525,-0.9228,0.201,,,,-11.08,0.03,0.68,-0.0,-0.0439,0.0021,-0.0179,0.272,1.237,,1.698,,3.5,0.0,,,,
87.251,ROTATION_SCAN,2.4506,-0.9227,0.196,,,,-10.59,-0.04,0.27,-0.0,-0.0464,0.0028,-0.0175,0.269,1.215,,1.698,,3.5,0.0,,,,
87.313,ROTATION_SCAN,2.4494,-0.9221,0.194,,,,-10.21,-0.16,-0.19,-0.0,-0.0429,0.0049,-0.026,0.269,1.215,,,,,,,,,
87.349,ROTATION_SCAN,2.4494,-0.9217,0.19,,,,-9.94,-0.12,-0.3,15.0,-0.0341,0.006,-0.0267,0.271,1.211,,,,,,,,,
87.4,ROTATION_SCAN,2.4482,-0.9211,0.193,,,,-9.76,-0.06,-0.42,15.0,-0.0296,0.007,-0.0276,0.271,1.211,,1.607,,,,,,,
87.45,ROTATION_SCAN,2.4507,-0.9206,0.193,,,,-9.71,-0.02,-0.41,15.0,-0.0148,0.0072,-0.0153,0.267,1.206,,1.607,,,,,,,
87.509,ROTATION_SCAN,2.4534,-0.9194,0.194,,,,-9.67,0.16,-0.24,15.0,-0.0026,0.0083,-0.0116,0.267,1.206,,1.586,,,,,,,
87.57,ROTATION_SCAN,2.4566,-0.9186,0.194,,,,-9.63,0.36,-0.05,15.0,0.0077,0.0072,-0.0003,0.263,1.206,,1.586,,,,,,,
87.6,ROTATION_SCAN,2.4599,-0.9182,0.192,,,,-9.55,0.43,0.19,15.0,0.0143,0.004,0.0002,0.263,1.206,,1.573,,,,,,,
87.666,ROTATION_SCAN,2.4627,-0.919,0.193,,,,-9.32,0.41,0.48,15.0,0.0167,-0.0013,-0.0023,0.262,1.205,,1.573,,,,,,,
87.699,ROTATION_SCAN,2.4659,-0.9192,0.192,,,,-8.91,0.47,0.68,15.0,0.0179,-0.0044,0.0032,0.262,1.205,,1.52,,,,,,,
87.75,ROTATION_SCAN,2.4681,-0.9205,0.192,,,,-8.45,0.44,0.87,15.0,0.0143,-0.0103,0.0031,0.255,1.194,,1.52,,,,,,,
87.799,ROTATION_SCAN,2.4708,-0.9208,0.192,,,,-7.89,0.38,1.1,15.0,0.0114,-0.0117,0.0067,0.255,1.194,,,,,,,,,
87.877,ROTATION_SCAN,2.4712,-0.9216,0.191,,,,-7.29,0.37,1.24,15.0,0.0011,-0.0144,0.0116,0.252,1.184,,,,,,,,,
87.916,ROTATION_SCAN,2.4714,-0.9224,0.19,,,,-6.65,0.15,1.42,15.0,-0.0098,-0.015,0.0101,0.252,1.184,,1.408,,,,,,,
87.955,ROTATION_SCAN,2.4713,-0.9235,0.188,,,,-5.88,0.03,1.33,15.0,-0.02,-0.0158,0.0102,0.252,1.172,,1.408,,,,,,,
88.001,ROTATION_SCAN,2.4694,-0.9259,0.194,,,,-5.11,-0.19,1.3,15.0,-0.0332,-0.0182,0.0068,0.252,1.172,,1.375,,,,,,,
88.049,ROTATION_SCAN,2.466,-0.9267,0.195,,,,-4.32,-0.39,1.19,15.0,-0.0466,-0.0156,0.0242,0.252,1.169,,1.375,,,,,,,
88.098,ROTATION_SCAN,2.4635,-0.928,0.197,,,,-3.48,-0.57,0.95,15.0,-0.0555,-0.0125,0.0207,0.252,1.169,,1.345,,,,,,,
88.148,ROTATION_SCAN,2.4611,-0.927,0.202,,,,-2.56,-0.66,0.54,15.0,-0.0609,-0.0027,0.0215,0.257,1.16,,1.345,,,,,,,
88.226,ROTATION_SCAN,2.4595,-0.925,0.201,,,,-1.57,-0.44,0.24,15.0,-0.0602,0.0077,0.0326,0.257,1.16,,1.326,,,,,,,
88.25,ROTATION_SCAN,2.457,-0.9219,0.199,,,,-0.52,-0.24,0.02,15.0,-0.06,0.0183,0.0191,0.259,1.152,,1.326,,,,,,,
88.307,ROTATION_SCAN,2.4567,-0.9191,0.2,,,,0.61,0.08,-0.05,15.0,-0.0523,0.0248,0.0132,0.259,1.152,,1.3,,,,,,,
88.361,ROTATION_SCAN,2.4563,-0.9169,0.197,,,,1.75,0.2,-0.15,15.0,-0.0449,0.0266,0.0119,0.259,1.176,,1.3,,,,,,,
88.398,ROTATION_SCAN,2.4553,-0.9148,0.204,,,,2.84,0.53,-0.19,15.0,-0.0397,0.0265,0.0032,0.259,1.176,,1.288,,,,,,,
88.449,ROTATION_SCAN,2.4546,-0.9125,0.201,,,,3.91,0.74,-0.06,15.0,-0.0343,0.0246,0.0195,0.263,,,1.288,,,,,,,
88.543,ROTATION_SCAN,2.455,-0.9107,0.204,,,,5.01,0.85,0.01,15.0,-0.0267,0.0208,0.0071,0.263,,,1.284,,,,,,,
88.553,ROTATION_SCAN,2.4542,-0.9082,0.204,,,,6.13,0.88,0.17,15.0,-0.0244,0.0186,0.0115,0.254,,,1.284,,,,,,,
88.619,ROTATION_SCAN,2.4544,-0.9062,0.203,,,,7.22,0.98,0.23,15.0,-0.0201,0.0149,0.0097,0.254,,,1.291,,,,,,,
88.652,ROTATION_SCAN,2.4548,-0.9047,0.204,,,,8.32,1.0,0.28,15.0,-0.0163,0.0101,0.0033,0.254,,,1.291,,,,,,,
88.699,ROTATION_SCAN,2.4546,-0.9052,0.205,,,,9.38,1.02,0.4,15.0,-0.0155,-0.0013,0.0062,0.254,,,1.318,,,,,,,
88.75,ROTATION_SCAN,2.4554,-0.9049,0.204,,,,10.37,1.12,0.37,15.0,-0.0123,-0.0091,0.0074,0.257,,,1.318,,,,,,,
88.811,ROTATION_SCAN,2.4559,-0.9061,0.203,,,,11.3,0.98,0.34,15.0,-0.0099,-0.0197,-0.0002,0.257,,,1.351,,,,,,,
88.872,ROTATION_SCAN,2.4599,-0.9076,0.206,,,,12.17,0.84,0.29,15.0,0.0036,-0.0272,-0.0034,0.26,,,1.351,,,,,,,
88.903,ROTATION_SCAN,2.4604,-0.9071,0.207,,,,13.12,0.45,0.35,15.0,0.0041,-0.0271,0.0018,0.26,,,,,,,,,,
88.958,ROTATION_SCAN,2.4617,-0.909,0.203,,,,14.1,0.28,0.5,15.0,0.0051,-0.0322,0.0004,0.259,,,,,,,,,,
88.998,ROTATION_SCAN,2.4629,-0.9115,0.208,,,,15.14,-0.08,0.51,15.0,0.0045,-0.0366,-0.0125,0.259,,0.657,,,,,,,,
89.049,ROTATION_SCAN,2.4639,-0.914,0.207,,,,16.17,-0.21,0.56,15.0,0.0023,-0.0388,0.0021,0.26,,0.657,,,,,,,,
89.1,ROTATION_SCAN,2.465,-0.9176,0.204,,,,17.24,-0.52,0.64,15.0,0.0001,-0.043,-0.0092,0.26,,0.597,,,,,,,,
89.181,ROTATION_SCAN,2.4649,-0.9205,0.204,,,,18.2,-0.73,0.67,15.0,-0.0063,-0.042,-0.0171,0.266,,0.597,,,,,,,,
89.237,ROTATION_SCAN,2.4651,-0.9221,0.203,,,,19.16,-1.0,0.64,15.0,-0.0124,-0.0357,-0.009,0.266,,0.555,2.875,,,,,,,
89.25,ROTATION_SCAN,2.4635,-0.9229,0.203,,,,20.1,-1.14,0.7,15.0,-0.0229,-0.0267,-0.0109,0.271,0.726,0.555,2.875,,,,,,,
89.316,ROTATION_SCAN,2.4626,-0.9221,0.2,,,,21.01,-1.17,0.56,-0.0,-0.0306,-0.014,-0.0097,0.271,0.726,0.513,,,,,,,,
89.356,ROTATION_SCAN,2.4604,-0.9192,0.205,,,,21.84,-1.07,0.37,-0.0,-0.04,0.0031,-0.0155,0.273,0.714,0.513,,,,,,,,
89.399,ROTATION_SCAN,2.4555,-0.9203,0.2,,,,22.49,-0.72,0.3,-0.0,-0.0527,0.0058,-0.0088,0.273,0.714,0.469,,,,,,,,
89.449,ROTATION_SCAN,2.4543,-0.9173,0.196,,,,23.02,-0.34,0.21,-0.0,-0.053,0.0161,-0.0257,0.276,0.707,0.469,,,,,,,,
89.503,ROTATION_SCAN,2.4522,-0.9166,0.193,,,,23.27,0.01,0.16,-0.0,-0.0535,0.0165,-0.0373,0.276,0.707,0.434,,,,,,,,
89.558,ROTATION_SCAN,2.4509,-0.9139,0.196,,,,23.37,0.37,0.17,-0.0,-0.0507,0.0195,-0.0496,0.282,0.702,0.434,,,,,,,,
89.622,ROTATION_SCAN,2.4471,-0.9114,0.19,,,,23.21,0.58,0.07,-0.0,-0.0538,0.0203,-0.0519,0.282,0.702,0.42,,,,,,,,
89.648,ROTATION_SCAN,2.4456,-0.9114,0.191,,,,22.93,0.72,-0.0,-0.0,-0.0487,0.0128,-0.0751,0.287,0.698,0.42,,,,,,,,
89.699,ROTATION_SCAN,2.4426,-0.9091,0.187,,,,22.6,0.86,-0.06,-0.0,-0.0479,0.0128,-0.0817,0.287,0.698,0.422,,,,,,,,
89.75,ROTATION_SCAN,2.4408,-0.9079,0.18,,,,22.31,0.75,-0.23,-0.0,-0.0429,0.0087,-0.097,0.286,0.702,0.422,,,,,,,,
89.799,ROTATION_SCAN,2.4383,-0.9084,0.173,,,,21.96,0.96,-0.35,-0.0,-0.0395,0.0008,-0.1218,0.286,0.702,0.422,,,,,,,,
89.874,ROTATION_SCAN,2.4361,-0.9089,0.165,,,,21.58,1.02,-0.43,-0.0,-0.0349,-0.0069,-0.1377,0.29,0.702,0.422,,,,,,,,
89.906,ROTATION_SCAN,2.4335,-0.9117,0.161,,,,21.28,0.95,-0.59,-0.0,-0.0319,-0.0214,-0.1588,0.29,0.702,0.427,,,,,,,,
89.973,ROTATION_SCAN,2.4306,-0.9115,0.151,,,,20.96,0.9,-0.66,-0.0,-0.0284,-0.0228,-0.1568,0.288,0.707,0.427,,,,,,,,
89.999,ROTATION_SCAN,2.4301,-0.9132,0.141,,,,20.7,0.69,-0.82,-0.0,-0.0184,-0.0283,-0.1766,0.288,0.707,0.434,,,,,,,,
90.05,ROTATION_SCAN,2.4264,-0.9168,0.141,,,,20.53,0.54,-0.75,-0.0,-0.0222,-0.0407,-0.1855,0.284,0.703,0.434,,,,,,,,
